"ID","西暦","年号","年","月","発生時間","災害状況","業種（大分類）コード","業種（大分類）分類名","業種（中分類）コード","業種（中分類）分類名","業種（小分類）コード","業種（小分類）分類名","事業場規模","起因物（大分類）コード","起因物（大分類）分類名","起因物（中分類）コード","起因物（中分類）分類名","起因物（小分類）コード","起因物（小分類）分類名","事故の型コード","事故の型分類名"
"1","1995","平成","7","1","21~22","高速道路入口の閉鎖を解除するため、街路接続部でラバーコーン等を撤去中、一般街路より進入してきた乗用車に轢かれた。","17","その他の事業","","","","","100~299","2","物上げ装置、運搬機械","23","乗物","","","17","交通事故（道路）"
"2","1995","平成","7","1","9~10","モーテルの管理人室において、湯を沸かしたままにしておいたため、一酸化炭素中毒になった。","14","接客娯楽業","","","","","1~9","5","物質、材料","51","危険物、有害物等","","","12","有害物等との接触"
"3","1995","平成","7","1","7~8","同僚を迎えに行く途中、スリップして反対車線にはみ出し、対向車と衝突した。","3","建設業","303","その他の建設業","","","30~49","2","物上げ装置、運搬機械","23","乗物","","","17","交通事故（道路）"
"4","1995","平成","7","1","9~10","トラックで走行中、カーブで運転を誤り、ガードレールに接触し橋の欄干に衝突した。","1","製造業","101","食料品製造業","","","30~49","2","物上げ装置、運搬機械","22","動力運搬機","","","17","交通事故（道路）"
"5","1995","平成","7","1","0~1","事業場内小径自動脱型装置を稼働させたまま点検作業中、深さ1.6mのピットに転落した。","1","製造業","109","窯業土石製品製造業","","","50~99","1","動力機械","16","一般動力機械","","","1","墜落、転落"
"6","1995","平成","7","1","4~5","厩舎近くで朝の引運動中、暴れ出した馬に腹部を蹴られた。","14","接客娯楽業","","","","","1~9","7","環境等","71","環境等","","","6","激突され"
"7","1995","平成","7","1","7~8","同僚が軽トラックを後進させたところ、自分の車と接触したため動転してアクセルとブレーキを踏み間違え急後進したところ、後方にいた被災者が軽トラックと倉庫の壁の間に挟まれた。","17","その他の事業","","","","","10~29","2","物上げ装置、運搬機械","22","動力運搬機","","","7","はさまれ、巻き込まれ"
"8","1995","平成","7","1","10~11","ホッパー上方のベルトコンベヤーのローラー部に給油するため、休止しているベルトコンベヤーの屋根上を移動中、約5m下のホッパー内に転落した。","2","鉱業","203","その他の鉱業","","","10~29","2","物上げ装置、運搬機械","22","動力運搬機","","","1","墜落、転落"
"9","1995","平成","7","1","10~11","ブロック積み護岸工事において、オペレーターの操作ミスにより、ドラグ・ショベル下方にいた被災者が、バケットとブロック積み法面の間に挟まれた。","3","建設業","301","土木工事業","","","1~9","1","動力機械","14","建設機械等","","","6","激突され"
"10","1995","平成","7","1","10~11","ブロック積み護岸工事において、オペレーターの操作ミスにより、ドラグ・ショベル下方にいた被災者が、バケットとブロック積み法面の間に挟まれた。","3","建設業","301","土木工事業","","","1~9","1","動力機械","14","建設機械等","","","6","激突され"
"11","1995","平成","7","1","16~17","岩盤に火薬を装填する作業中、土砂崩れが起きた。","2","鉱業","202","土石採取業","","","10~29","7","環境等","71","環境等","","","5","崩壊、倒壊"
"12","1995","平成","7","1","16~17","岩盤に火薬を装填する作業中、土砂崩れが起きた。","2","鉱業","202","土石採取業","","","10~29","7","環境等","71","環境等","","","5","崩壊、倒壊"
"13","1995","平成","7","1","19~20","ライトバンのエンジンを乗車しないで掛けたところ、ギアが入っていたため前方車両に衝突し、そのドアとライトバンの間に挟まれた。","4","運輸交通業","403","道路貨物運送業","","","30~49","2","物上げ装置、運搬機械","23","乗物","","","7","はさまれ、巻き込まれ"
"14","1995","平成","7","1","2~3","大型トレーラーで国道を走行中、大型ダンプカーに追突した。","4","運輸交通業","403","道路貨物運送業","","","100~299","2","物上げ装置、運搬機械","22","動力運搬機","","","17","交通事故（道路）"
"15","1995","平成","7","1","10~11","水道管埋設工事において、掘削溝(幅1.3m、長さ9.2m、深さ1.8m)内で作業中、法面が約8mに渡って崩壊した。","3","建設業","301","土木工事業","","","1~9","7","環境等","71","環境等","","","5","崩壊、倒壊"
"16","1995","平成","7","1","9~10","トレーラーから荷(鋳鉄管14本)を卸す作業中、横付けしたトラックから荷台へ飛び移った際に荷が崩れ、荷と共に1.5mの高さから墜落した。","4","運輸交通業","403","道路貨物運送業","","","100~299","6","荷","61","荷","","","1","墜落、転落"
"17","1995","平成","7","1","15~16","アウトリガー付4tトラックに小型ドラグ・ショベルを積み込む作業中、操作レバー側のアウトリガーが稼働しなかったためトラックが傾き、隣に駐車してあった軽トラックとの間に挟まれた。","3","建設業","301","土木工事業","","","30~49","2","物上げ装置、運搬機械","22","動力運搬機","","","7","はさまれ、巻き込まれ"
"18","1995","平成","7","1","23~24","荷を運送中、高速道路でトラックに追突した。","4","運輸交通業","403","道路貨物運送業","","","10~29","2","物上げ装置、運搬機械","22","動力運搬機","","","17","交通事故（道路）"
"19","1995","平成","7","1","8~9","ビル8階フロアにおいて清掃作業中、吹き抜け部分の手摺に身を乗り出した際、約40m下の地下2階床に墜落した。","15","清掃・と畜業","","","","","500~999","4","仮設物、建築物、構築物等","41","仮設物、建築物、構築物等","","","1","墜落、転落"
"20","1995","平成","7","1","8~9","高速道路で起きた玉突事故に巻き込まれた。","4","運輸交通業","402","道路旅客運送業","","","100~299","2","物上げ装置、運搬機械","23","乗物","","","17","交通事故（道路）"
"21","1995","平成","7","1","10~11","クローラクレーンで鉄筋カゴの建込み作業中、同カゴを主巻フックから補巻フックに吊り変える際、降下防止のための角パイプを引き抜いたところ、カゴが降下して身体が引き込まれた。","3","建設業","301","土木工事業","","","1~9","2","物上げ装置、運搬機械","21","動力クレーン等","","","7","はさまれ、巻き込まれ"
"22","1995","平成","7","1","11~12","変電室内で断路器等の埃をはたきで払っていたところ、高圧充電電路(6600V)に接触した。","15","清掃・と畜業","","","","","300~499","3","その他の装置等","35","電気設備","","","13","感電"
"23","1995","平成","7","1","11~12","鉄骨造4階建建築現場で屋根の取付作業中、脇の足場作業床(枠組足場7段目、高さ14.4m)上から材を屈で取り出していたところ、手摺の間より地上に墜落した。","3","建設業","302","建築工事業","","","1~9","4","仮設物、建築物、構築物等","41","仮設物、建築物、構築物等","","","1","墜落、転落"
"24","1995","平成","7","1","14~15","外壁塗装工事のための足場を設置する際、高さ3.93mの鉄鋼桁から墜落した。","3","建設業","302","建築工事業","","","1~9","4","仮設物、建築物、構築物等","41","仮設物、建築物、構築物等","","","1","墜落、転落"
"25","1995","平成","7","1","15~16","バックホウで伐倒木の直引き出し作業中、伐倒木が急に抜け、その反動でバックホウが転倒した。","3","建設業","301","土木工事業","","","10~29","1","動力機械","14","建設機械等","","","2","転倒"
"26","1995","平成","7","1","16~17","木造2階建家屋の古い屋根瓦を撤去し、屋根にシートを掛けて桟を打つ作業中、屋根から墜落した。","3","建設業","302","建築工事業","","","1~9","4","仮設物、建築物、構築物等","41","仮設物、建築物、構築物等","","","1","墜落、転落"
"27","1995","平成","7","1","20~21","2tトラックで高速道路を走行中、積雪のため玉突衝突に巻き込まれた。","8","商業","","","","","10~29","2","物上げ装置、運搬機械","22","動力運搬機","","","17","交通事故（道路）"
"28","1995","平成","7","1","20~21","4tトラックで高速道路を走行中、スリップしたライトバンにトラックが衝突したところへ、被災者の車が衝突した。","4","運輸交通業","403","道路貨物運送業","","","10~29","2","物上げ装置、運搬機械","22","動力運搬機","","","17","交通事故（道路）"
"29","1995","平成","7","1","1~2","トラックで走行中、カーブでセンターラインをはみ出し、対向してきたトラックと衝突した。","8","商業","","","","","10~29","2","物上げ装置、運搬機械","22","動力運搬機","","","17","交通事故（道路）"
"30","1995","平成","7","1","8~9","貯木場において、丸太18本を束ねていたワイヤロープを外したところ、丸太の山が崩壊した。","1","製造業","104","木材・木製品製造業","","","10~29","5","物質、材料","52","材料","","","5","崩壊、倒壊"
"31","1995","平成","7","1","8~9","作業前に廃材を集めて焚き火中、同僚が火勢を強くするためガソリンをかけたところ、火が大きくなり被災者が火傷した。","3","建設業","301","土木工事業","","","10~29","5","物質、材料","51","危険物、有害物等","","","11","高温・低温の物との接触"
"32","1995","平成","7","1","8~9","工事現場の門扉を開けるため車を停め、道路を横断した際、走行してきたトラックにはねられた。","3","建設業","303","その他の建設業","","","1~9","2","物上げ装置、運搬機械","22","動力運搬機","","","17","交通事故（道路）"
"33","1995","平成","7","1","10~11","トラックから荷卸し作業中、荷台から転落した被災者の上に、荷(樹脂入りドラム缶)が落下してきた。","4","運輸交通業","403","道路貨物運送業","","","10~29","6","荷","61","荷","","","4","飛来、落下"
"34","1995","平成","7","1","11~12","自社敷地内において、法面の途中に構台を設け、その上に小型ドラグ・ショベルを載せて法面を掘削中、ドラグ・ショベルと共に転落した。","3","建設業","301","土木工事業","","","1~9","1","動力機械","14","建設機械等","","","1","墜落、転落"
"35","1995","平成","7","1","13~14","ビル6階ベランダのガラス製手摺の外側でガラスを清掃中、24.6m下に墜落した。","15","清掃・と畜業","","","","","1~9","4","仮設物、建築物、構築物等","41","仮設物、建築物、構築物等","","","1","墜落、転落"
"36","1995","平成","7","1","15~16","トラックで帰社途中、国道を右折する際、直進してきた大型トラックと衝突した。","4","運輸交通業","403","道路貨物運送業","","","1~9","2","物上げ装置、運搬機械","22","動力運搬機","","","17","交通事故（道路）"
"37","1995","平成","7","1","19~20","バンを車庫に入れる際、側壁に衝突したため降車したところ、車が動き出し、ドアと車体の間に挟まれた。","8","商業","","","","","1~9","2","物上げ装置、運搬機械","23","乗物","","","7","はさまれ、巻き込まれ"
"38","1995","平成","7","1","22~23","4tトラックで国道を走行中、センターラインをはみ出し、対向してきた大型トラックと正面衝突した。","4","運輸交通業","403","道路貨物運送業","","","10~29","2","物上げ装置、運搬機械","22","動力運搬機","","","17","交通事故（道路）"
"39","1995","平成","7","1","3~4","別店舗に向かう途中、停車中のトラックに追突した。","8","商業","","","","","1~9","2","物上げ装置、運搬機械","23","乗物","","","17","交通事故（道路）"
"40","1995","平成","7","1","5~6","2tトラックで走行中、交差点で衝突事故を起こして跳ね飛ばされた車と衝突した。","4","運輸交通業","403","道路貨物運送業","","","10~29","2","物上げ装置、運搬機械","22","動力運搬機","","","17","交通事故（道路）"
"41","1995","平成","7","1","8~9","建築用コンパネを倉庫内の棚に仮置きするため、コンパネ30枚と被災者を載せたフォークリフトのフォークを高さ約2mに上げたところ、被災者がバランスを崩して墜落した。","8","商業","","","","","30~49","2","物上げ装置、運搬機械","22","動力運搬機","","","1","墜落、転落"
"42","1995","平成","7","1","10~11","ドラグ・ショベルのバケットに溶接したフックに鋼製矢板(250キログラム)を吊り上げ旋回したところ、吊りクランプのワイヤがフックから外れて矢板が落下し、被災者に当たった。","3","建設業","301","土木工事業","","","1~9","3","その他の装置等","37","用具","","","4","飛来、落下"
"43","1995","平成","7","1","12~13","木造家屋の2階屋根上で温水システム機器の保守、点検作業中、足を滑らせ約9m下の水路に墜落した。","3","建設業","303","その他の建設業","","","10~29","4","仮設物、建築物、構築物等","41","仮設物、建築物、構築物等","","","1","墜落、転落"
"44","1995","平成","7","1","9~10","ドラグ・ショベルで作業箇所へ向かう途中、路肩から約4m下の下水路に転落した。","3","建設業","301","土木工事業","","","10~29","1","動力機械","14","建設機械等","","","1","墜落、転落"
"45","1995","平成","7","1","14~15","工事現場内において、建設機械の旋回範囲内に立ち入ったところ、カウンターウエイトに激突され、構台の手摺(高さ1.14m)を越え掘削面(深さ11.75m)に墜落した。","17","その他の事業","","","","","50~99","1","動力機械","14","建設機械等","","","1","墜落、転落"
"46","1995","平成","7","1","14~15","軽ワゴン車で電化製品の補修業務先へ向かう途中、雪でスリップしてセンターラインを越え、対向してきた大型トラックと衝突した。","1","製造業","117","その他の製造業","","","30~49","2","物上げ装置、運搬機械","23","乗物","","","17","交通事故（道路）"
"47","1995","平成","7","1","16~17","窓の取付予定箇所に墨付を行った後、道具の一部を忘れたことに気付き、柱をよじ登って取りに行き、戻る途中で足を踏み外し墜落した。","3","建設業","302","建築工事業","","","1~9","4","仮設物、建築物、構築物等","41","仮設物、建築物、構築物等","","","1","墜落、転落"
"48","1995","平成","7","1","1~2","梅園造成現場で雑木林の伐採後の集材作業工程において、バックホウで引いていた松の木が切株に引っ掛かった状態になり、そのまま引き続けたため松の木が跳ね上がり、近くで玉掛作業をしていた被災者の首を直撃した。","4","運輸交通業","401","鉄道・軌道・水運・航空業","","","10~29","6","荷","61","荷","","","6","激突され"
"49","1995","平成","7","1","8~9","ジョレンを使って土砂の均し作業中、後進してきたパワー・ショベルに轢かれた。","3","建設業","301","土木工事業","","","10~29","1","動力機械","14","建設機械等","","","7","はさまれ、巻き込まれ"
"50","1995","平成","7","1","10~11","タンクローリーで帰社途中、登り勾配で停車し後側に回り込んだところ、突然車が滑り出し、車体とガードレールの間に挟まれた。","4","運輸交通業","403","道路貨物運送業","","","10~29","2","物上げ装置、運搬機械","22","動力運搬機","","","7","はさまれ、巻き込まれ"
"51","1995","平成","7","1","11~12","高さ30mの箇所でジョイント取付作業中、ジョイントボルトを入れる際、地上に墜落した。","3","建設業","303","その他の建設業","","","10~29","4","仮設物、建築物、構築物等","41","仮設物、建築物、構築物等","","","1","墜落、転落"
"52","1995","平成","7","1","11~12","港湾工事に伴う防波堤上部工事において、型枠内に生コンクリートを打設中、コンクリートポンプ車の補助作業をしていた被災者が海に落ちた。","3","建設業","301","土木工事業","","","1~9","4","仮設物、建築物、構築物等","41","仮設物、建築物、構築物等","","","1","墜落、転落"
"53","1995","平成","7","1","13~14","汚水管布設工事現場で警備作業中、ドラグ・ショベルの回転範囲内に入ったため、カウンターウエイトと土止用部材の間に挟まれた。","17","その他の事業","","","","","1~9","1","動力機械","14","建設機械等","","","7","はさまれ、巻き込まれ"
"54","1995","平成","7","1","14~15","工場敷地内で植木の剪定作業中、脚立から降りる際、石垣と通路面の段差(約30センチメートル)を踏み外し転倒した。","1","製造業","113","一般機械器具製造業","","","100~299","4","仮設物、建築物、構築物等","41","仮設物、建築物、構築物等","","","1","墜落、転落"
"55","1995","平成","7","1","10~11","自動ラインの棒鋼を切断する工程において、400tシャーの棒鋼を押さえるクランプとテーブルに挟まれた。","1","製造業","110","鉄鋼業","","","100~299","1","動力機械","16","一般動力機械","","","7","はさまれ、巻き込まれ"
"56","1995","平成","7","1","11~12","配電線接近樹木を伐採中、伐倒木が控えロープを持っていた被災者側に倒れた。","6","農林業","601","農業","","","1~9","7","環境等","71","環境等","","","6","激突され"
"57","1995","平成","7","1","11~12","同僚が運転する大型トラックの運転席後部のベットで仮眠中、高速道路で渋滞により停車中の大型トラックに追突した際、頭部を打撲した。","4","運輸交通業","403","道路貨物運送業","","","50~99","2","物上げ装置、運搬機械","22","動力運搬機","","","17","交通事故（道路）"
"58","1995","平成","7","1","11~12","高速道路下のパネルを組み合わせた吊り足場上で足場を解体中、取り外すべきパネルが隣のパネルに引っかかったため、隣のパネルに乗りそのパネルを吊っているチェーンを緩めたところ、吊り金具からチェーンが外れ、約10m下の地上に墜落した。","3","建設業","301","土木工事業","","","1~9","4","仮設物、建築物、構築物等","41","仮設物、建築物、構築物等","","","1","墜落、転落"
"59","1995","平成","7","1","3~4","4tトラックで国道を走行中、対向してきた大型トレーラーと正面衝突した。","8","商業","","","","","30~49","2","物上げ装置、運搬機械","22","動力運搬機","","","17","交通事故（道路）"
"60","1995","平成","7","1","6~7","バイクで新聞配達中、地震により切れて垂れ下がった電線に首を引っかけ転倒後、ワゴン車に轢かれた。","8","商業","","","","","10~29","2","物上げ装置、運搬機械","23","乗物","","","17","交通事故（道路）"
"61","1995","平成","7","1","8~9","不整地運搬車で砂防ダム建設現場の取付道路を走行中、約5m転落した。","3","建設業","301","土木工事業","","","10~29","2","物上げ装置、運搬機械","22","動力運搬機","","","1","墜落、転落"
"62","1995","平成","7","1","13~14","作業を終えて帰社途中、交差点で対向車と衝突した。","3","建設業","302","建築工事業","","","30~49","2","物上げ装置、運搬機械","23","乗物","","","17","交通事故（道路）"
"63","1995","平成","7","1","16~17","鉄筋コンクリート2階建の屋根の下張り作業中、足場4段目から墜落した。","3","建設業","302","建築工事業","","","1~9","4","仮設物、建築物、構築物等","41","仮設物、建築物、構築物等","","","1","墜落、転落"
"64","1995","平成","7","1","16~17","地下ピットの湧水用水中ポンプを水中から引き出して修理後、再度水中の所定位置に据え付けようとしたところ、漏電していた同ポンプにより感電した。","1","製造業","109","窯業土石製品製造業","","","10~29","1","動力機械","16","一般動力機械","","","13","感電"
"65","1995","平成","7","1","16~17","谷の水路建設工事中、水路(深さ1.5m)沿いに天端近くを歩いていたところ、積雪に足を取られ、水路に転落した。","3","建設業","301","土木工事業","","","1~9","4","仮設物、建築物、構築物等","41","仮設物、建築物、構築物等","","","1","墜落、転落"
"66","1995","平成","7","1","4~5","車で機関誌を配達中、国道でスリップして反対車線にはみ出し、対向してきた大型車と衝突した。","17","その他の事業","","","","","1~9","2","物上げ装置、運搬機械","23","乗物","","","17","交通事故（道路）"
"67","1995","平成","7","1","6~7","追突事故を起こし、相手方を確認した後、トラックに乗ろうとした時、後方から来たトラックに接触された。","4","運輸交通業","403","道路貨物運送業","","","10~29","2","物上げ装置、運搬機械","22","動力運搬機","","","17","交通事故（道路）"
"68","1995","平成","7","1","6~7","構内において、荷(1.09×1.09×1.7m)を積んだフォークリフトの運転手が被災者に気付かず、接触し1m程引きずった。","4","運輸交通業","403","道路貨物運送業","","","30~49","2","物上げ装置、運搬機械","22","動力運搬機","","","7","はさまれ、巻き込まれ"
"69","1995","平成","7","1","8~9","事業場内で2.8tクレーンを操作中、吊り荷が落下してきた。","1","製造業","110","鉄鋼業","","","10~29","2","物上げ装置、運搬機械","21","動力クレーン等","","","4","飛来、落下"
"70","1995","平成","7","1","10~11","空気圧縮機により送気を受けて海中に潜水し、鉄筋を水中溶接するための準備作業中、空気圧縮機のエンジン排気ガスが送気され、一酸化炭素中毒により意識を失い溺死した。","3","建設業","301","土木工事業","","","10~29","3","その他の装置等","31","圧力容器","","","12","有害物等との接触"
"71","1995","平成","7","1","10~11","空気圧縮機により送気を受けて海中に潜水し、鉄筋を水中溶接するための準備作業中、空気圧縮機のエンジン排気ガスが送気され、一酸化炭素中毒により意識を失い溺死した。","3","建設業","301","土木工事業","","","10~29","3","その他の装置等","31","圧力容器","","","12","有害物等との接触"
"72","1995","平成","7","1","10~11","鉄骨組立作業中、H型鋼上を移動していたところ、6.6m下の地面に墜落した。","3","建設業","302","建築工事業","","","1~9","4","仮設物、建築物、構築物等","41","仮設物、建築物、構築物等","","","1","墜落、転落"
"73","1995","平成","7","1","12~13","下水管布設工事において、掘削箇所(幅約1.2m、深さ約1.8m)に入ったところ、既設コンクリート製側溝の側壁が倒れてきた。","3","建設業","301","土木工事業","","","10~29","4","仮設物、建築物、構築物等","41","仮設物、建築物、構築物等","","","5","崩壊、倒壊"
"74","1995","平成","7","1","12~13","トラックに同乗し国道を走行中、道路左側に駐車中の2tトラックに追突した。","4","運輸交通業","403","道路貨物運送業","","","1~9","2","物上げ装置、運搬機械","22","動力運搬機","","","17","交通事故（道路）"
"75","1995","平成","7","1","16~17","木造家屋建築工事において、型枠組立のため釘打ち中、2階床端部から足を踏み外し3.4m下に墜落した。","3","建設業","302","建築工事業","","","10~29","4","仮設物、建築物、構築物等","41","仮設物、建築物、構築物等","","","1","墜落、転落"
"76","1995","平成","7","1","21~22","新聞の拡販業務を終え自転車で戻る途中、交差点を右折する際、対向車にはねられた。","8","商業","","","","","10~29","2","物上げ装置、運搬機械","23","乗物","","","17","交通事故（道路）"
"77","1995","平成","7","1","9~10","荷掛作業をしていた被災者が、急斜面(勾配約40度)に転落していた。","6","農林業","601","農業","","","1~9","7","環境等","71","環境等","","","1","墜落、転落"
"78","1995","平成","7","1","10~11","中2階の丸巻き職場において、反物を丸巻きに変える加工機へ運ぼうとしたところ、2.6m下の1階コンクリート床面に墜落した。","1","製造業","102","繊維工業","","","10~29","4","仮設物、建築物、構築物等","41","仮設物、建築物、構築物等","","","1","墜落、転落"
"79","1995","平成","7","1","10~11","橋梁下部工事における支保工解体作業中、35tクローラクレーンで吊り上げられたH型鋼(1.2t)とコンクリート壁の間に挟まれた。","3","建設業","301","土木工事業","","","1~9","2","物上げ装置、運搬機械","21","動力クレーン等","","","7","はさまれ、巻き込まれ"
"80","1995","平成","7","1","11~12","ドラグ・ショベルでコンクリートホッパーを吊り、コンクリート打設作業中、ドラグ・ショベルが滑り、下方でホッパーを受け取っていた被災者にホッパーが激突した。","3","建設業","301","土木工事業","","","1~9","1","動力機械","14","建設機械等","","","6","激突され"
"81","1995","平成","7","1","13~14","屋根の除雪作業中、屋上から12.1m下のアスファルト地面に墜落した。","17","その他の事業","","","","","1~9","4","仮設物、建築物、構築物等","41","仮設物、建築物、構築物等","","","1","墜落、転落"
"82","1995","平成","7","1","13~14","高所作業車に乗り配線作業中、作業床上の被災者が、作業床を操作し後退させたところ、躯体コンクリート壁と作業床の手摺の間に頭部を挟まれた。","3","建設業","303","その他の建設業","","","30~49","1","動力機械","14","建設機械等","","","7","はさまれ、巻き込まれ"
"83","1995","平成","7","1","15~16","パワー・ショベルで吊り上げた塩化ビニール製曲管(20キログラム)を設置していたところ、バケットと側溝の間に挟まれた。","3","建設業","301","土木工事業","","","10~29","1","動力機械","14","建設機械等","","","7","はさまれ、巻き込まれ"
"84","1995","平成","7","1","16~17","トラックで県道を走行中、カーブを曲がりきれずにセンターラインを越え、対向車と衝突した。","4","運輸交通業","403","道路貨物運送業","","","50~99","2","物上げ装置、運搬機械","22","動力運搬機","","","17","交通事故（道路）"
"85","1995","平成","7","1","17~18","木造2階建家屋の2階既設部分と増築部分の境界で、屋根の一部を壊した箇所に防水シートを貼っていたところ、足を滑らせ墜落した。","3","建設業","302","建築工事業","","","1~9","4","仮設物、建築物、構築物等","41","仮設物、建築物、構築物等","","","1","墜落、転落"
"86","1995","平成","7","1","18~19","バイクで新聞配達中、一時停止していたところ、乗用車に追突された。","8","商業","","","","","30~49","2","物上げ装置、運搬機械","23","乗物","","","17","交通事故（道路）"
"87","1995","平成","7","1","11~12","ライトバンで営業先に向かう途中、対向車線にはみ出し、大型トラックと正面衝突した。","8","商業","","","","","1~9","2","物上げ装置、運搬機械","23","乗物","","","17","交通事故（道路）"
"88","1995","平成","7","1","11~12","外部足場最上部の資材取組口で、ウインチにより材を地上に降ろそうとしていたところ、作業床端(高さ15.63m)より墜落した。","3","建設業","302","建築工事業","","","1~9","4","仮設物、建築物、構築物等","41","仮設物、建築物、構築物等","","","1","墜落、転落"
"89","1995","平成","7","1","12~13","ホッパーの架台(H型鋼製)を製作中、片面を溶接後、天井クレーンで表裏を反転させていたところ、玉掛用ワイヤロープがフックから外れ、架台が当たった。","8","商業","","","","","1~9","2","物上げ装置、運搬機械","21","動力クレーン等","","","6","激突され"
"90","1995","平成","7","1","14~15","制御盤の出荷検査作業中、検査用仮設電気(三相交流400V)の露出部分に接触した。","1","製造業","114","電気機械器具製造業","","","1~9","3","その他の装置等","35","電気設備","","","13","感電"
"91","1995","平成","7","1","15~16","タンデムローラーで農道の舗装工事中、後進しようとしたところ、道路沿いの川に転落した。","3","建設業","301","土木工事業","","","10~29","1","動力機械","14","建設機械等","","","1","墜落、転落"
"92","1995","平成","7","1","8~9","造成の下工事として山林内で伐木作業中、伐倒木の枝打ちをしていたところ、もたれ木となっていた木が倒れてきた。","3","建設業","301","土木工事業","","","10~29","7","環境等","71","環境等","","","5","崩壊、倒壊"
"93","1995","平成","7","1","10~11","ビル地下3階の電気室内において、高圧線(6600V)に電力量計を取付中、充電部分に接触した。","3","建設業","303","その他の建設業","","","1~9","3","その他の装置等","35","電気設備","","","13","感電"
"94","1995","平成","7","1","8~9","パワー・ショベルで排水溝を掘削中、ショベルのバケットを上げたところ、法面より後方にショベルもろとも転落した。","3","建設業","301","土木工事業","","","1~9","1","動力機械","14","建設機械等","","","1","墜落、転落"
"95","1995","平成","7","1","8~9","林道開設工事のため新設道路上にかかる立木を伐採中、伐倒木の下敷きになった。","3","建設業","301","土木工事業","","","1~9","7","環境等","71","環境等","","","4","飛来、落下"
"96","1995","平成","7","1","9~10","下水道設備工事のためポンプ室の開口部近くで作業中、深さ7.2mのピットに墜落した。","3","建設業","302","建築工事業","","","300~499","4","仮設物、建築物、構築物等","41","仮設物、建築物、構築物等","","","1","墜落、転落"
"97","1995","平成","7","1","10~11","鉱山構内において、トロッコと積込シュート口の間に挟まれた。","2","鉱業","202","土石採取業","","","10~29","2","物上げ装置、運搬機械","22","動力運搬機","","","7","はさまれ、巻き込まれ"
"98","1995","平成","7","1","10~11","電線巻取用木製ドラム側板7枚(90キログラム)を移動中、被災者が転倒した弾みで、側板6枚が倒壊した。","1","製造業","104","木材・木製品製造業","","","50~99","5","物質、材料","52","材料","","","5","崩壊、倒壊"
"99","1995","平成","7","1","15~16","トラックで国道を走行中、前車を追い越そうとしてセンターラインを越えたところ、対向してきたトラックと衝突した。","8","商業","","","","","10~29","2","物上げ装置、運搬機械","22","動力運搬機","","","17","交通事故（道路）"
"100","1995","平成","7","1","16~17","地盤の緩んだ法面の崩壊防止対策として岩盤を破砕するための準備作業中、作業箇所真上の法面が崩壊し、土砂に押し流された。","3","建設業","301","土木工事業","","","30~49","7","環境等","71","環境等","","","5","崩壊、倒壊"
"101","1995","平成","7","1","17~18","金属製品製造工場内の洗浄室において、トリクレン洗浄槽(60×180×132センチメートル)の残留トリクレンを布で拭き取る作業中、急性中毒になった。","1","製造業","112","金属製品製造業","","","30~49","5","物質、材料","51","危険物、有害物等","","","12","有害物等との接触"
"102","1995","平成","7","1","13~14","チェーンソーで伐倒木の枝打ちをする際、バランスを崩し約3.8m下の舗装道路に墜落した。","3","建設業","303","その他の建設業","","","50~99","7","環境等","71","環境等","","","1","墜落、転落"
"103","1995","平成","7","1","14~15","屋根を取り付けるスミ木を取りに行こうとしたところ、もやの上で滑り約3.7m下のコンクリート床面に墜落した。","3","建設業","302","建築工事業","","","1~9","4","仮設物、建築物、構築物等","41","仮設物、建築物、構築物等","","","1","墜落、転落"
"104","1995","平成","7","1","15~16","金型保管棚から金型を移動させようと、棚板を手前に引いたところ、棚が倒れた反動で跳ね飛ばされ、頭部を床に強打した。","1","製造業","105","家具・装備品製造業","","","300~499","4","仮設物、建築物、構築物等","41","仮設物、建築物、構築物等","","","5","崩壊、倒壊"
"105","1995","平成","7","1","18~19","タクシーで目的地に到着後、運転席から降り、後続のタクシーを誘導していたところ、乗用車に轢かれた。","4","運輸交通業","402","道路旅客運送業","","","100~299","2","物上げ装置、運搬機械","23","乗物","","","17","交通事故（道路）"
"106","1995","平成","7","1","15~16","バイクで走行中、信号のない交差点で大型トラックと出会い頭に衝突した。","1","製造業","108","化学工業","","","不明","2","物上げ装置、運搬機械","23","乗物","","","17","交通事故（道路）"
"107","1995","平成","7","1","16~17","下水処理設備工事現場において、移動中に最初沈殿池(深さ8.6m)に墜落した。","3","建設業","302","建築工事業","","","1~9","4","仮設物、建築物、構築物等","41","仮設物、建築物、構築物等","","","1","墜落、転落"
"108","1995","平成","7","1","0~1","構内駐車場でブル・ドーザーのエンジンを修理中、移動式クレーン(つり上げ荷重4.8t)で吊っていたバケットが突然降下し、アームと機体フレームの間に頭部を挟まれた。","1","製造業","117","その他の製造業","","","1~9","2","物上げ装置、運搬機械","21","動力クレーン等","","","7","はさまれ、巻き込まれ"
"109","1995","平成","7","1","3~4","大型トラックで国道を走行中、凍結路面で対向車線に飛び出し、大型トラックと正面衝突した。","4","運輸交通業","403","道路貨物運送業","","","50~99","2","物上げ装置、運搬機械","22","動力運搬機","","","17","交通事故（道路）"
"110","1995","平成","7","1","9~10","地震で破損した体育館内倉庫の棚の補強作業において、体育館の天井裏に材を取りに行った際、天井の部材である相板の状況確認をしようとしたところ、相板を踏み抜き15m下に墜落した。","17","その他の事業","","","","","1~9","4","仮設物、建築物、構築物等","41","仮設物、建築物、構築物等","","","1","墜落、転落"
"111","1995","平成","7","1","9~10","積載型トラッククレーン荷台上で、積み込んだ木材をトビを使って整理していたところ、高さ1.7mから墜落した。","1","製造業","104","木材・木製品製造業","","","1~9","2","物上げ装置、運搬機械","22","動力運搬機","","","1","墜落、転落"
"112","1995","平成","7","1","9~10","軽自動車で配達業務中、信号の無い交差点を右折する際、4tトラックと衝突した。","11","通信業","","","","","10~29","2","物上げ装置、運搬機械","22","動力運搬機","","","17","交通事故（道路）"
"113","1995","平成","7","1","14~15","工場内において、故障したシポミキサー(生コン車にレールを付けたもの)の上に乗り、同ミキサーを稼働させながら点検中、工場天井に取り付けてあったセメント投入口との間に挟まれた。","1","製造業","109","窯業土石製品製造業","","","100~299","2","物上げ装置、運搬機械","22","動力運搬機","","","7","はさまれ、巻き込まれ"
"114","1995","平成","7","1","16~17","鉄骨2階建工場より出火し、逃げ遅れた。","1","製造業","105","家具・装備品製造業","","","100~299","3","その他の装置等","35","電気設備","","","16","火災"
"115","1995","平成","7","1","9~10","整地工事現場のぬかるみに入ったトラックを牽引中、トラックが前進したため激突された。","3","建設業","301","土木工事業","","","10~29","2","物上げ装置、運搬機械","22","動力運搬機","","","6","激突され"
"116","1995","平成","7","1","9~10","道路補修工事現場において、後進してきた2tダンプカーに轢かれた。","3","建設業","301","土木工事業","","","1~9","2","物上げ装置、運搬機械","22","動力運搬機","","","7","はさまれ、巻き込まれ"
"117","1995","平成","7","1","9~10","天井クレーンで角パイプ(30.8キログラム)40本を運搬中、荷が落下し、近くにいた被災者が下敷きになった。","8","商業","","","","","1~9","5","物質、材料","52","材料","","","4","飛来、落下"
"118","1995","平成","7","1","13~14","段ボール製造ラインが自動停止した後、紙を通すため切換スイッチを「運転」から「通紙」にしたが、キャプスタンロールとダンサロールの間に頭部を挟まれた。","1","製造業","106","パルプ・紙・紙加工品製造業","","","50~99","1","動力機械","16","一般動力機械","","","7","はさまれ、巻き込まれ"
"119","1995","平成","7","1","13~14","集材線の架設作業中、ワイヤロープから脱線した滑車を直すため支柱に登ったところ、誤って約10m下に墜落した。","6","農林業","601","農業","","","1~9","7","環境等","71","環境等","","","1","墜落、転落"
"120","1995","平成","7","1","16~17","農業用トラクターで林道を走行中、路肩より斜面を転落した。","6","農林業","601","農業","","","1~9","1","動力機械","16","一般動力機械","","","1","墜落、転落"
"121","1995","平成","7","1","8~9","既設流雪溝から水が車道にあふれていたため、確認しようと梯子に乗って見ていたところ、鉄砲水に流された。","3","建設業","301","土木工事業","","","30~49","7","環境等","71","環境等","","","10","おぼれ"
"122","1995","平成","7","1","8~9","トラックから角材(48キログラム)を担いで工場へ運搬中、凍結していた屋外通路で転倒した。","3","建設業","302","建築工事業","","","50~99","7","環境等","71","環境等","","","2","転倒"
"123","1995","平成","7","1","15~16","木造3階建住宅の間柱を建てる作業中、開口部より1階土間に墜落した。","3","建設業","302","建築工事業","","","1~9","4","仮設物、建築物、構築物等","41","仮設物、建築物、構築物等","","","1","墜落、転落"
"124","1995","平成","7","1","16~17","コンクリート平板製造プラントにおいて、コンクリート注入作業中、突然背後から製品送り装置(スタッカー)が作動し、挟まれた。","1","製造業","109","窯業土石製品製造業","","","10~29","1","動力機械","16","一般動力機械","","","7","はさまれ、巻き込まれ"
"125","1995","平成","7","1","20~21","タクシー乗務中、国道でセンターラインを越えてきた乗用車と正面衝突した。","4","運輸交通業","402","道路旅客運送業","","","50~99","2","物上げ装置、運搬機械","23","乗物","","","17","交通事故（道路）"
"126","1995","平成","7","1","22~23","客を乗せて走行中、センターラインを越えてきた乗用車と正面衝突した。","4","運輸交通業","402","道路旅客運送業","","","10~29","2","物上げ装置、運搬機械","23","乗物","","","17","交通事故（道路）"
"127","1995","平成","7","1","22~23","乗用車で走行中、カーブを曲がりきれず縁石に激突し、その反動でセンターラインを越え、トラックと正面衝突した。","14","接客娯楽業","","","","","50~99","2","物上げ装置、運搬機械","23","乗物","","","17","交通事故（道路）"
"128","1995","平成","7","1","15~16","砂糖キビ畑で作業中、後進してきたハーベスタに轢かれた。","6","農林業","602","林業","","","100~299","1","動力機械","16","一般動力機械","","","7","はさまれ、巻き込まれ"
"129","1995","平成","7","1","9~10","杭打ち作業用回転式ケーシングドライバーで穴開け作業中、同ドライバーにグリースを差していたところ、回転中のバンド(爪)と支柱の間に挟まれた。","3","建設業","303","その他の建設業","","","1~9","1","動力機械","14","建設機械等","","","7","はさまれ、巻き込まれ"
"130","1995","平成","7","1","10~11","染色工場において、染色機械マイヤーから噴き出した染色液を全身に浴びた。","1","製造業","102","繊維工業","","","1~9","3","その他の装置等","39","その他の装置、設備","","","11","高温・低温の物との接触"
"131","1995","平成","7","1","10~11","軽トラックで国道を走行中、センターラインを越えてきた対向車に激突された。","1","製造業","112","金属製品製造業","","","1~9","2","物上げ装置、運搬機械","22","動力運搬機","","","17","交通事故（道路）"
"132","1995","平成","7","1","12~13","11tトラックで高速道路を走行中、積雪に乗り上げて動けなくなり、後続車両に引き出してもらうため下車して作業していたところ、大型トレーラーが突っ込んできた。","4","運輸交通業","403","道路貨物運送業","","","100~299","2","物上げ装置、運搬機械","22","動力運搬機","","","17","交通事故（道路）"
"133","1995","平成","7","1","13~14","4階建住宅の屋上で防水工事中、11.5m下の地上に墜落した。","3","建設業","302","建築工事業","","","1~9","4","仮設物、建築物、構築物等","41","仮設物、建築物、構築物等","","","1","墜落、転落"
"134","1995","平成","7","1","14~15","2階梁上を移動中、足を滑らせ3.9m下に墜落した。","3","建設業","302","建築工事業","","","1~9","4","仮設物、建築物、構築物等","41","仮設物、建築物、構築物等","","","1","墜落、転落"
"135","1995","平成","7","1","15~16","伐倒木搬出土場において、フォークローダーのフォークに玉切り材を載せた際、そのうち1本がフォークに引っかかったため落とそうと肩で担いだところ、材が落下した。","6","農林業","601","農業","","","50~99","2","物上げ装置、運搬機械","22","動力運搬機","","","6","激突され"
"136","1995","平成","7","1","17~18","ドラグ・ショベルで鋼矢板の打ち込み作業中、鋼矢板がくの字に変形し、保持していた被災者が、矢板とクリングスの鉄柱に頭部を挟まれた。","3","建設業","301","土木工事業","","","1~9","1","動力機械","14","建設機械等","","","7","はさまれ、巻き込まれ"
"137","1995","平成","7","1","17~18","フォークリフトで構内の下り坂(勾配4~5度)を走行中、段差に乗り上げ転倒した。","1","製造業","111","非鉄金属製造業","","","300~499","2","物上げ装置、運搬機械","22","動力運搬機","","","2","転倒"
"138","1995","平成","7","1","18~19","トリクロルエチレン洗浄装置内で製品の入ったカゴが詰まったため、装置内で修正中、被災した。","1","製造業","112","金属製品製造業","","","10~29","5","物質、材料","51","危険物、有害物等","","","12","有害物等との接触"
"139","1995","平成","7","1","0~1","フォークリフトのエンジンをかけたまま降車し、床に落とした手袋を拾おうとしたところ、フォークリフトが後進してきたため構内の柱との間に挟まれた。","5","貨物取扱業","501","陸上貨物取扱業","","","10~29","2","物上げ装置、運搬機械","22","動力運搬機","","","7","はさまれ、巻き込まれ"
"140","1995","平成","7","1","1~2","大型トラックで高速道路を走行中、凍結路面でスリップした車に巻き込まれ、大型トラックに衝突した。","4","運輸交通業","403","道路貨物運送業","","","30~49","2","物上げ装置、運搬機械","22","動力運搬機","","","17","交通事故（道路）"
"141","1995","平成","7","1","1~2","トラックで高速道路を走行中、多重追突事故に巻き込まれた。","4","運輸交通業","403","道路貨物運送業","","","100~299","2","物上げ装置、運搬機械","22","動力運搬機","","","17","交通事故（道路）"
"142","1995","平成","7","1","3~4","隧道建設工事現場でPC削孔機のセット作業中、重機運転者が誤って急発進したため、重機前にいた被災者が、側壁との間に挟まれた。","3","建設業","301","土木工事業","","","1~9","1","動力機械","14","建設機械等","","","7","はさまれ、巻き込まれ"
"143","1995","平成","7","1","4~5","バイクで新聞配達中、側溝に落ちた。","8","商業","","","","","30~49","2","物上げ装置、運搬機械","23","乗物","","","17","交通事故（道路）"
"144","1995","平成","7","1","8~9","マンション新築工事現場において、地下ピット排水ポンプの配線工事を行うため梯子で地下へ降りる途中、墜落した。","3","建設業","302","建築工事業","","","1~9","4","仮設物、建築物、構築物等","41","仮設物、建築物、構築物等","","","1","墜落、転落"
"145","1995","平成","7","1","8~9","製粉室で粉砕機を回転させながら製品を取り出し中、原料袋の開封作業をしていた被災者が、粉砕機と取り出しカバーの間に巻き込まれた。","1","製造業","101","食料品製造業","","","50~99","1","動力機械","16","一般動力機械","","","7","はさまれ、巻き込まれ"
"146","1995","平成","7","1","9~10","ドラグ・ショベルのバケットのフックにワイヤを掛け、トラック荷台上のジェットヒーター用灯油タンクを吊り上げたところ、タンクからワイヤが外れて落下した。","3","建設業","301","土木工事業","","","10~29","3","その他の装置等","37","用具","","","4","飛来、落下"
"147","1995","平成","7","1","10~11","レールのポイント切換作業において、仮設の木柱にロープを取り付けて下部を鋸で切断し、ロープを引っ張って木柱を倒したところ、被災者に当たった。","3","建設業","301","土木工事業","","","1~9","4","仮設物、建築物、構築物等","41","仮設物、建築物、構築物等","","","5","崩壊、倒壊"
"148","1995","平成","7","1","11~12","脚立に乗って竹を伐倒中、墜落し頭部を強打した。","6","農林業","602","林業","","","10~29","3","その他の装置等","37","用具","","","1","墜落、転落"
"149","1995","平成","7","1","11~12","原付バイクで事務所へ向かう途中、脇道から幹線道路に出る際、大型タンクローリーと接触した。","17","その他の事業","","","","","1~9","2","物上げ装置、運搬機械","22","動力運搬機","","","17","交通事故（道路）"
"150","1995","平成","7","1","12~13","漁船のエンジンの取替作業の前準備として、船の位置を修正するため支持棒をハンマーで叩いて取り外したところ、船体が傾き隣の小舟との間に挟まれた。","1","製造業","117","その他の製造業","","","1~9","2","物上げ装置、運搬機械","23","乗物","","","5","崩壊、倒壊"
"151","1995","平成","7","1","12~13","3.5tトラックで高速道路を走行中、凍結路面でスリップし、トラックに追突した。","1","製造業","117","その他の製造業","","","1~9","2","物上げ装置、運搬機械","22","動力運搬機","","","17","交通事故（道路）"
"152","1995","平成","7","1","14~15","加硫促進剤製造工程において、製造プラント洗浄ラインのバルブを開放したままラインのパイプを外したところ、中間タンクに滞留していた硫化水素が逆流して漏れ出し、硫化水素中毒になった。","1","製造業","108","化学工業","","","100~299","5","物質、材料","51","危険物、有害物等","","","12","有害物等との接触"
"153","1995","平成","7","1","14~15","面土(瓦の材料)を載せた台車と共に荷物専用エレベーターに乗ったところ、搬器と2階床の間に挟まれ、1階床に墜落した。","1","製造業","109","窯業土石製品製造業","","","1~9","2","物上げ装置、運搬機械","21","動力クレーン等","","","7","はさまれ、巻き込まれ"
"154","1995","平成","7","1","15~16","地下で柱の鉄筋足場を組立中、資材置場に単管を取りに行き、戻る途中で土止め支保工上から3.3m下の地下1階基礎コンクリート面に墜落した。","3","建設業","302","建築工事業","","","1~9","4","仮設物、建築物、構築物等","41","仮設物、建築物、構築物等","","","1","墜落、転落"
"155","1995","平成","7","2","5~6","バイクで新聞配達中、国道で車線変更する際、バランスを崩し転倒した。","8","商業","","","","","10~29","2","物上げ装置、運搬機械","23","乗物","","","17","交通事故（道路）"
"156","1995","平成","7","2","6~7","大型トラックで高速道路を走行中、中央分離帯に接触した前方の車を避けようとして路肩防護柵を突き破り、路外へ落ちた。","4","運輸交通業","403","道路貨物運送業","","","30~49","2","物上げ装置、運搬機械","22","動力運搬機","","","17","交通事故（道路）"
"157","1995","平成","7","2","8~9","荷を運送中、高速道路上の事故車を避けようとして、停まっていた大型トラックに追突した。","1","製造業","113","一般機械器具製造業","","","10~29","7","環境等","71","環境等","","","17","交通事故（道路）"
"158","1995","平成","7","2","8~9","作業場所へ向かう途中、後進してきたダブルキャブ(貨客兼用車)に轢かれた。","3","建設業","301","土木工事業","","","10~29","2","物上げ装置、運搬機械","22","動力運搬機","","","7","はさまれ、巻き込まれ"
"159","1995","平成","7","2","10~11","乗用車で検体の集荷作業中、高速道路でスピンし対向車と衝突した。","13","保健・衛生業","","","","","10~29","2","物上げ装置、運搬機械","23","乗物","","","17","交通事故（道路）"
"160","1995","平成","7","2","11~12","マンション外壁修繕工事において、7階階段踊り場で脚立(高さ85センチメートル)に乗って塗装作業中、バランスを崩して手摺を越え、約18.4m下のコンクリート床面に墜落した。","3","建設業","302","建築工事業","","","1~9","3","その他の装置等","37","用具","","","1","墜落、転落"
"161","1995","平成","7","2","13~14","店舗2階で家具の搬入作業中、1階にいる同僚が荷物用エレベーターの搬器を降ろそうとスイッチを押したところ、被災者が2階床の開口部と搬器のアングルに挟まれた。","8","商業","","","","","1~9","2","物上げ装置、運搬機械","21","動力クレーン等","","","7","はさまれ、巻き込まれ"
"162","1995","平成","7","2","14~15","外部枠組足場4層目作業床上で、ウインチを使いモルタル入りバケツを上げる作業中、墜落した。","3","建設業","302","建築工事業","","","1~9","4","仮設物、建築物、構築物等","41","仮設物、建築物、構築物等","","","1","墜落、転落"
"163","1995","平成","7","2","15~16","小型移動式クレーンで、ハッカー付ワイヤロープで玉掛した鉄製ガス管10本の積込作業中、ハッカーが外れ、落下した荷の下敷きになった。","3","建設業","303","その他の建設業","","","50~99","3","その他の装置等","37","用具","","","4","飛来、落下"
"164","1995","平成","7","2","17~18","冷凍機の解体作業中、台車に載せた冷凍機(1.5t)を運び出していたところ、障害物に乗り上げた際に冷凍機が傾き、隣に設置済の解体物との間に挟まれた。","3","建設業","303","その他の建設業","","","1~9","6","荷","61","荷","","","7","はさまれ、巻き込まれ"
"165","1995","平成","7","2","6~7","自転車で新聞配達中、県道の横断歩道でライトバンにはねられた。","8","商業","","","","","50~99","2","物上げ装置、運搬機械","23","乗物","","","17","交通事故（道路）"
"166","1995","平成","7","2","8~9","タワークレーンで石こうボード(12.5キログラム)23枚を吊り上げ移動中、作業構台の単管パイプに当たり、ボードが落下した。","3","建設業","302","建築工事業","","","1~9","2","物上げ装置、運搬機械","21","動力クレーン等","","","4","飛来、落下"
"167","1995","平成","7","2","9~10","土石採取プラント敷地内にあった穴に、移動式クレーンで吊り上げた建築廃材を捨てようとしたところ、路肩が崩れてクレーンが穴に転倒した。","2","鉱業","202","土石採取業","","","10~29","2","物上げ装置、運搬機械","21","動力クレーン等","","","2","転倒"
"168","1995","平成","7","2","13~14","煙突(高さ40m)工事において、地上33mの型枠工事で使っていた吊り足場の盛り替え作業中、墜落した。","3","建設業","302","建築工事業","","","1~9","4","仮設物、建築物、構築物等","41","仮設物、建築物、構築物等","","","1","墜落、転落"
"169","1995","平成","7","2","15~16","伐採現場において、先端部を切断した転倒木の上に立ったところ、切り残っていた根株側の転倒木が跳ね上がり、頭部に当たった。","6","農林業","601","農業","","","1~9","7","環境等","71","環境等","","","6","激突され"
"170","1995","平成","7","2","16~17","溝内(幅1m、深さ2m)で下水管の埋設作業中、側壁が崩れて土砂に埋まった。","3","建設業","301","土木工事業","","","10~29","7","環境等","71","環境等","","","5","崩壊、倒壊"
"171","1995","平成","7","2","20~21","ボトムフェルトの幅を調整中、ロールとボトムフェルトの間に挟まれた。","1","製造業","117","その他の製造業","","","300~499","1","動力機械","16","一般動力機械","","","7","はさまれ、巻き込まれ"
"172","1995","平成","7","2","21~22","坑内において、トロッコ牽引用ウエイト車で移動中に転落し、当該ウエイト車に轢かれた。","2","鉱業","203","その他の鉱業","","","30~49","2","物上げ装置、運搬機械","22","動力運搬機","","","7","はさまれ、巻き込まれ"
"173","1995","平成","7","2","0~1","保線作業中、電車にはねられた。","4","運輸交通業","401","鉄道・軌道・水運・航空業","","","100~299","2","物上げ装置、運搬機械","23","乗物","","","18","交通事故（その他）"
"174","1995","平成","7","2","4~5","4tトラックで走行中、交差点で停車中の大型トラックに追突した。","4","運輸交通業","403","道路貨物運送業","","","50~99","2","物上げ装置、運搬機械","22","動力運搬機","","","17","交通事故（道路）"
"175","1995","平成","7","2","5~6","地下鉄建設現場において、道路にはみ出した鉄板に玉掛作業中、立坑内のセメントミルクに落下した。","3","建設業","301","土木工事業","","","1~9","4","仮設物、建築物、構築物等","41","仮設物、建築物、構築物等","","","10","おぼれ"
"176","1995","平成","7","2","10~11","ドラグ・ショベルで土砂の積み込み作業中、傾斜地に落ち、バケット内の土砂が運転室内に落下した。","3","建設業","301","土木工事業","","","10~29","1","動力機械","14","建設機械等","","","4","飛来、落下"
"177","1995","平成","7","2","11~12","炭材伐採現場において、集材機で引き上げた伐倒木が切株に引っ掛かり、その状態で集材機の運転を続けたところ、控索のワイヤロープが切れて集材装置の支柱が倒れ、被災者に当たった。","6","農林業","601","農業","","","1~9","2","物上げ装置、運搬機械","21","動力クレーン等","","","5","崩壊、倒壊"
"178","1995","平成","7","2","11~12","4t車で帰社途中、高速道路の渋滞で停止していたところ、10t車に追突された。","4","運輸交通業","403","道路貨物運送業","","","50~99","2","物上げ装置、運搬機械","22","動力運搬機","","","17","交通事故（道路）"
"179","1995","平成","7","2","13~14","車輌系建設機械で地山を掘削中、バケットを高く上げた時に横転し、運転室の下敷きになった。","3","建設業","301","土木工事業","","","1~9","1","動力機械","14","建設機械等","","","2","転倒"
"180","1995","平成","7","2","2~3","タイヤショベルを道路に誘導中、乗用車が突っ込んできた。","3","建設業","301","土木工事業","","","10~29","2","物上げ装置、運搬機械","23","乗物","","","17","交通事故（道路）"
"181","1995","平成","7","2","7~8","資材置場で焚き火中、火をおこそうとして廃油をかけたため、火が燃え上がった。","3","建設業","301","土木工事業","","","30~49","5","物質、材料","51","危険物、有害物等","","","11","高温・低温の物との接触"
"182","1995","平成","7","2","7~8","20tトレーラー荷台よりコンクリート製電柱を歩み板を使って荷卸し中、下に降ろした電柱を鉄棒で移動させた時、荷台の電柱が転がってきて頭部に当たった。","4","運輸交通業","403","道路貨物運送業","","","10~29","6","荷","61","荷","","","7","はさまれ、巻き込まれ"
"183","1995","平成","7","2","8~9","1階階段部分の開口部より2.5m下の地下1階床に墜落した。","3","建設業","302","建築工事業","","","10~29","4","仮設物、建築物、構築物等","41","仮設物、建築物、構築物等","","","1","墜落、転落"
"184","1995","平成","7","2","9~10","屋根から屋根土を落としていたところ、約3.5m下の地面に墜落した。","3","建設業","302","建築工事業","","","1~9","4","仮設物、建築物、構築物等","41","仮設物、建築物、構築物等","","","1","墜落、転落"
"185","1995","平成","7","2","10~11","木造家屋の建方工事中、脚立から桁に登った際バランスを崩し、3.5m下のコンクリート面に墜落した。","3","建設業","302","建築工事業","","","1~9","4","仮設物、建築物、構築物等","41","仮設物、建築物、構築物等","","","1","墜落、転落"
"186","1995","平成","7","2","11~12","鉄塔の防錆工事中、休憩で降りる際、高さ15mのステージから墜落した。","3","建設業","303","その他の建設業","","","1~9","4","仮設物、建築物、構築物等","41","仮設物、建築物、構築物等","","","1","墜落、転落"
"187","1995","平成","7","2","11~12","荷物用エレベーターから荷卸中、搬器と倉庫3階床面の間から1階ピットに墜落した。","8","商業","","","","","10~29","2","物上げ装置、運搬機械","21","動力クレーン等","","","1","墜落、転落"
"188","1995","平成","7","2","16~17","傾斜地の補強工事を行うに当たり、表土を取り除いて一部岩盤を掘削し、露出した岩肌を穿孔していたところ、上部の土石が崩壊した。","3","建設業","301","土木工事業","","","10~29","7","環境等","71","環境等","","","5","崩壊、倒壊"
"189","1995","平成","7","2","16~17","整地作業をしていたドラグ・ショベルから降りる際、着衣の紐を旋回レバーに引っ掛けたため機体が旋回し、アームとクローラの間に挟まれた。","3","建設業","301","土木工事業","","","1~9","1","動力機械","14","建設機械等","","","7","はさまれ、巻き込まれ"
"190","1995","平成","7","2","17~18","50ccバイクで帰社途中、転倒して側溝に落ちた。","3","建設業","302","建築工事業","","","1~9","2","物上げ装置、運搬機械","23","乗物","","","17","交通事故（道路）"
"191","1995","平成","7","2","20~21","営業先へ向かう途中、雨で車がスリップし、車道脇の崖下(約4m)に墜落した。","9","金融・広告業","","","","","10~29","2","物上げ装置、運搬機械","23","乗物","","","17","交通事故（道路）"
"192","1995","平成","7","2","21~22","ワインダー機による紙の巻取り作業において、ロール状の巻取り紙を運び出すテーブルリフターをオペレーターが起動させたところ、その間にいた被災者が挟まれた。","1","製造業","106","パルプ・紙・紙加工品製造業","","","300~499","1","動力機械","16","一般動力機械","","","7","はさまれ、巻き込まれ"
"193","1995","平成","7","2","4~5","タクシーで洗車場へ向かう途中、凍結路面でスリップし、対向車と衝突した。","4","運輸交通業","402","道路旅客運送業","","","100~299","2","物上げ装置、運搬機械","23","乗物","","","17","交通事故（道路）"
"194","1995","平成","7","2","8~9","グラビア印刷機の紙送り位置を調整するため、印刷機と給紙機の間で試し刷りをしていたところ、横送り用シャフトに右腕を巻き込まれた。","1","製造業","107","印刷・製本業","","","10~29","1","動力機械","16","一般動力機械","","","7","はさまれ、巻き込まれ"
"195","1995","平成","7","2","8~9","自社資材置場において、積まれた材木の上に登って作業中、地上へ墜落した。","3","建設業","302","建築工事業","","","30~49","6","荷","61","荷","","","1","墜落、転落"
"196","1995","平成","7","2","9~10","走行してきたロードカッター(アスファルトを削り取る機械)に轢かれた。","3","建設業","301","土木工事業","","","10~29","1","動力機械","14","建設機械等","","","7","はさまれ、巻き込まれ"
"197","1995","平成","7","2","11~12","10tトラックで走行中、センターラインを越えてきた対向車と正面衝突した。","4","運輸交通業","403","道路貨物運送業","","","100~299","2","物上げ装置、運搬機械","22","動力運搬機","","","17","交通事故（道路）"
"198","1995","平成","7","2","11~12","国道を走行中、大型トラックと正面衝突した。","8","商業","","","","","30~49","2","物上げ装置、運搬機械","22","動力運搬機","","","17","交通事故（道路）"
"199","1995","平成","7","2","15~16","道路建設現場において伐倒木の集積作業中、バックホウに取り付けたストレンジャバケットで伐倒木を掴み旋回しようとしたところ、木が折れ近くにいた被災者に当たった。","3","建設業","301","土木工事業","","","1~9","7","環境等","71","環境等","","","6","激突され"
"200","1995","平成","7","2","16~17","駅舎解体現場において、単管手摺の建地の下にパッキン(ベニヤ板)をかます作業中、足を滑らせ9.2m下のプラットホームに転落した。","3","建設業","302","建築工事業","","","1~9","4","仮設物、建築物、構築物等","41","仮設物、建築物、構築物等","","","1","墜落、転落"
"201","1995","平成","7","2","22~23","トラックを道路左端に止めて積荷を点検後、運転席に戻ろうとしたところ、走行してきた乗用車にはねられた。","4","運輸交通業","403","道路貨物運送業","","","30~49","2","物上げ装置、運搬機械","23","乗物","","","17","交通事故（道路）"
"202","1995","平成","7","2","7~8","ハイヤー乗務中、交差点で軽乗用車と衝突した。","4","運輸交通業","402","道路旅客運送業","","","10~29","2","物上げ装置、運搬機械","23","乗物","","","17","交通事故（道路）"
"203","1995","平成","7","2","11~12","クロームなめし工程において、作業台(高さ90.5センチメートル)上からなめし材をなめしタイコに投入中、転落し頭部を強打した。","1","製造業","108","化学工業","","","300~499","3","その他の装置等","37","用具","","","1","墜落、転落"
"204","1995","平成","7","2","12~13","異物が混入して停止した粉砕機の中に入り、刃の上部にある部品(35キログラム)を取り外す作業中、同僚が裏からハンマーで叩いていたところ、突然部品が外れ、被災者に当たった。","1","製造業","108","化学工業","","","1~9","1","動力機械","16","一般動力機械","","","6","激突され"
"205","1995","平成","7","2","14~15","倉庫2階屋外通路の壁面にアース線布設作業中、梯子から足を滑らせ地上に墜落した。","3","建設業","303","その他の建設業","","","1~9","3","その他の装置等","37","用具","","","1","墜落、転落"
"206","1995","平成","7","2","23~24","大型トラックで走行中、交差点で信号待ち中の大型トラックに追突した。","4","運輸交通業","403","道路貨物運送業","","","30~49","2","物上げ装置、運搬機械","22","動力運搬機","","","17","交通事故（道路）"
"207","1995","平成","7","2","4~5","商品配送中、国道のカーブでガードレールに衝突した。","8","商業","","","","","10~29","2","物上げ装置、運搬機械","23","乗物","","","17","交通事故（道路）"
"208","1995","平成","7","2","11~12","コンクリート養生中の防火水槽内の練炭を取り替えるため、中に入ったところ、一酸化炭素中毒になった。","3","建設業","301","土木工事業","","","50~99","5","物質、材料","51","危険物、有害物等","","","12","有害物等との接触"
"209","1995","平成","7","2","12~13","乗用車で走行中、スリップして反対車線にはみ出し、対向車と衝突した。","3","建設業","301","土木工事業","","","10~29","2","物上げ装置、運搬機械","23","乗物","","","17","交通事故（道路）"
"210","1995","平成","7","2","16~17","作業現場より作業車に同乗して帰社途中、路上に停車していたダンプカーに追突した。","3","建設業","303","その他の建設業","","","50~99","2","物上げ装置、運搬機械","22","動力運搬機","","","17","交通事故（道路）"
"211","1995","平成","7","2","3~4","木造2階建住宅屋根の瓦の撤収作業中、6.8m下の地上に墜落した。","3","建設業","302","建築工事業","","","1~9","4","仮設物、建築物、構築物等","41","仮設物、建築物、構築物等","","","1","墜落、転落"
"212","1995","平成","7","2","8~9","後進してきたフォークリフトに激突された。","5","貨物取扱業","502","港湾運送業","","","100~299","2","物上げ装置、運搬機械","22","動力運搬機","","","6","激突され"
"213","1995","平成","7","2","12~13","オーガーで掘削した穴の深さを確認していたところ、他の穴に転落し、注入されていたモルタルに埋まった。","3","建設業","301","土木工事業","","","10~29","4","仮設物、建築物、構築物等","41","仮設物、建築物、構築物等","","","1","墜落、転落"
"214","1995","平成","7","2","14~15","作業場内で古紙の仕分け作業中、フォークリフトが脱輪し、バケットと壁の間に挟まれた。","8","商業","","","","","10~29","2","物上げ装置、運搬機械","22","動力運搬機","","","7","はさまれ、巻き込まれ"
"215","1995","平成","7","2","不明","トラクター・ショベルを堆肥運搬車として使用中、側面から乗降できない構造のため、前方のショベルを乗り越えて降りようとしたところ、誤って起伏ペダルを踏み、アームで頭部等を挟まれた。","7","畜産・水産業","","","","","1~9","1","動力機械","14","建設機械等","","","7","はさまれ、巻き込まれ"
"216","1995","平成","7","2","0~1","国道上でトレーラーにチェーンを装着中、付近で事故を起こしたトラックにはねられた。","4","運輸交通業","403","道路貨物運送業","","","10~29","2","物上げ装置、運搬機械","22","動力運搬機","","","17","交通事故（道路）"
"217","1995","平成","7","2","5~6","大型トラックで国道を走行中、信号待ち中の大型トレーラーに追突した。","4","運輸交通業","403","道路貨物運送業","","","30~49","2","物上げ装置、運搬機械","22","動力運搬機","","","17","交通事故（道路）"
"218","1995","平成","7","2","9~10","ゴミ収集車後部ステップに乗って移動中、振り落とされた。","15","清掃・と畜業","","","","","30~49","2","物上げ装置、運搬機械","22","動力運搬機","","","1","墜落、転落"
"219","1995","平成","7","2","15~16","木造2階建住宅の2階根太を取付中、足を滑らせ4.7m下のコンクリート土間に墜落した。","3","建設業","302","建築工事業","","","10~29","4","仮設物、建築物、構築物等","41","仮設物、建築物、構築物等","","","1","墜落、転落"
"220","1995","平成","7","2","18~19","出向先のオーストラリアにおいて乗用車で移動中、交差点で乗用車と衝突した。","17","その他の事業","","","","","1000~9999","2","物上げ装置、運搬機械","23","乗物","","","17","交通事故（道路）"
"221","1995","平成","7","2","1~2","10tトラックで国道を走行中、前方の車が急停車したため、前車の10tトラックに追突した。","4","運輸交通業","403","道路貨物運送業","","","50~99","2","物上げ装置、運搬機械","22","動力運搬機","","","17","交通事故（道路）"
"222","1995","平成","7","2","9~10","立坑内で梯子の延長作業中、落石防止用の板を設置していたところ、墜落した。","2","鉱業","203","その他の鉱業","","","1~9","4","仮設物、建築物、構築物等","41","仮設物、建築物、構築物等","","","1","墜落、転落"
"223","1995","平成","7","2","9~10","滞水池上部水路の水取り作業中、水路から88.5センチメートル下のビティ足場に飛び移った時、足場上部(高さ7m)より墜落した。","3","建設業","301","土木工事業","","","1~9","4","仮設物、建築物、構築物等","41","仮設物、建築物、構築物等","","","1","墜落、転落"
"224","1995","平成","7","2","11~12","スレート屋根の葺替作業中、スレートを踏み抜き8.9m下に墜落した。","3","建設業","302","建築工事業","","","1~9","4","仮設物、建築物、構築物等","41","仮設物、建築物、構築物等","","","1","墜落、転落"
"225","1995","平成","7","2","14~15","擁壁下部になる部分を床堀中、地下より蒸気が噴出して土砂が大量に吹き上げ、土砂崩れが起きた。","3","建設業","301","土木工事業","","","1~9","7","環境等","71","環境等","","","11","高温・低温の物との接触"
"226","1995","平成","7","2","14~15","擁壁下部になる部分を床堀中、地下より蒸気が噴出して土砂が大量に吹き上げ、土砂崩れが起きた。","3","建設業","301","土木工事業","","","300~499","7","環境等","71","環境等","","","11","高温・低温の物との接触"
"227","1995","平成","7","2","14~15","擁壁下部になる部分を床堀中、地下より蒸気が噴出して土砂が大量に吹き上げ、土砂崩れが起きた。","3","建設業","301","土木工事業","","","300~499","7","環境等","71","環境等","","","11","高温・低温の物との接触"
"228","1995","平成","7","2","14~15","擁壁下部になる部分を床堀中、地下より蒸気が噴出して土砂が大量に吹き上げ、土砂崩れが起きた。","3","建設業","301","土木工事業","","","1~9","7","環境等","71","環境等","","","11","高温・低温の物との接触"
"229","1995","平成","7","2","15~16","製紙工場内のコンベヤー上で番線の片付け作業中、2段積みの古紙が崩壊してきた。","1","製造業","106","パルプ・紙・紙加工品製造業","","","30~49","6","荷","61","荷","","","5","崩壊、倒壊"
"230","1995","平成","7","2","16~17","地下3階の廃液タンク内に入ったところ、アルゴンガスが底部に滞留しており、酸欠になった。","3","建設業","303","その他の建設業","","","30~49","7","環境等","71","環境等","","","12","有害物等との接触"
"231","1995","平成","7","2","19~20","トラック荷台から塩ビ管(長さ4m)を降ろしていたところ、塩ビ管で足を滑らし、荷台から転落した。","3","建設業","302","建築工事業","","","10~29","5","物質、材料","52","材料","","","1","墜落、転落"
"232","1995","平成","7","2","10~11","駐車場で配送準備中、トラックの運転席とドアの間にいたところ、急にトラックが動き出したためドアが隣の車両に押され、ドアと運転席の間に挟まれた。","8","商業","","","","","10~29","2","物上げ装置、運搬機械","22","動力運搬機","","","7","はさまれ、巻き込まれ"
"233","1995","平成","7","2","7~8","浮桟橋をプライマー塗装するための準備作業として、雨で濡れていた桟橋をアセチレン溶断用ガスバーナーで乾燥させていたところ、桟橋内部に滞留していた有機溶剤が爆発した。","1","製造業","115","輸送用機械等製造業","","","1~9","5","物質、材料","51","危険物、有害物等","","","14","爆発"
"234","1995","平成","7","2","7~8","浮桟橋をプライマー塗装するための準備作業として、雨で濡れていた桟橋をアセチレン溶断用ガスバーナーで乾燥させていたところ、桟橋内部に滞留していた有機溶剤が爆発した。","1","製造業","115","輸送用機械等製造業","","","1~9","5","物質、材料","51","危険物、有害物等","","","14","爆発"
"235","1995","平成","7","2","7~8","乗用車で打合せ場所に向かう途中、轍にハンドルを取られて反対車線にはみ出し、対向車と衝突した。","17","その他の事業","","","","","100~299","2","物上げ装置、運搬機械","23","乗物","","","17","交通事故（道路）"
"236","1995","平成","7","2","9~10","病院の駐車場を歩行中、後進してきた軽自動車と接触した。","13","保健・衛生業","","","","","100~299","2","物上げ装置、運搬機械","23","乗物","","","6","激突され"
"237","1995","平成","7","2","10~11","捨石を取りに行くためタグボートで台船を移動中、約500m沖でタグボートがバランスを崩し、転覆した。","3","建設業","301","土木工事業","","","10~29","2","物上げ装置、運搬機械","23","乗物","","","10","おぼれ"
"238","1995","平成","7","2","11~12","10tトラックで林道を走行中、杉林に転落した。","3","建設業","301","土木工事業","","","1~9","2","物上げ装置、運搬機械","22","動力運搬機","","","17","交通事故（道路）"
"239","1995","平成","7","2","13~14","屋根にコンパネを敷いていたところ、足を滑らせ4.8m下の地面に墜落した。","3","建設業","302","建築工事業","","","1~9","4","仮設物、建築物、構築物等","41","仮設物、建築物、構築物等","","","1","墜落、転落"
"240","1995","平成","7","2","14~15","フォークリフトに半端材を積み、傾斜(勾配5度)した道路を走行中、フォークリフトが転倒した。","3","建設業","302","建築工事業","","","1~9","2","物上げ装置、運搬機械","22","動力運搬機","","","2","転倒"
"241","1995","平成","7","2","15~16","パワー・ショベルで道路谷側へ降りる仮設道の傾斜面を下っていたところ、6m下に転落した。","3","建設業","301","土木工事業","","","50~99","1","動力機械","14","建設機械等","","","1","墜落、転落"
"242","1995","平成","7","2","16~17","道路舗装工事現場で作業中、床盤を転圧していたロードローラーに轢かれた。","3","建設業","301","土木工事業","","","10~29","1","動力機械","14","建設機械等","","","7","はさまれ、巻き込まれ"
"243","1995","平成","7","2","16~17","トラックで原石を運搬中、交差点を一時停止せずに直進したところ、右側から来たトラックと衝突した。","2","鉱業","202","土石採取業","","","10~29","2","物上げ装置、運搬機械","22","動力運搬機","","","17","交通事故（道路）"
"244","1995","平成","7","2","1~2","トラックで高速道路を走行中、退避所の外壁に激突した。","3","建設業","303","その他の建設業","","","50~99","2","物上げ装置、運搬機械","22","動力運搬機","","","17","交通事故（道路）"
"245","1995","平成","7","2","2~3","大型トラックで走行中、県道交差点で信号柱に衝突し、更に民家に突っ込んだ。","4","運輸交通業","403","道路貨物運送業","","","30~49","2","物上げ装置、運搬機械","22","動力運搬機","","","17","交通事故（道路）"
"246","1995","平成","7","2","5~6","印刷機保守業務に就いていた被災者が、自宅で就寝中に循環器系障害により死亡した(過労死)。","17","その他の事業","","","","","30~49","9","その他","99","分類不能","","","99","分類不能"
"247","1995","平成","7","2","5~6","原付バイクで新聞配達中、交差点で車と出会い頭に衝突した。","17","その他の事業","","","","","10~29","2","物上げ装置、運搬機械","23","乗物","","","17","交通事故（道路）"
"248","1995","平成","7","2","8~9","浮きドック内ケーソン製作現場において枠組足場を組立中、4層目布枠上から約8m下の甲板に墜落した。","3","建設業","301","土木工事業","","","10~29","4","仮設物、建築物、構築物等","41","仮設物、建築物、構築物等","","","1","墜落、転落"
"249","1995","平成","7","2","13~14","ワゴン車内で練炭コンロにより暖を取っていたところ、一酸化炭素中毒になった。","3","建設業","301","土木工事業","","","10~29","5","物質、材料","51","危険物、有害物等","","","12","有害物等との接触"
"250","1995","平成","7","2","13~14","ワゴン車内で練炭コンロにより暖を取っていたところ、一酸化炭素中毒になった。","3","建設業","301","土木工事業","","","10~29","5","物質、材料","51","危険物、有害物等","","","12","有害物等との接触"
"251","1995","平成","7","2","13~14","ワゴン車内で練炭コンロにより暖を取っていたところ、一酸化炭素中毒になった。","3","建設業","301","土木工事業","","","10~29","5","物質、材料","51","危険物、有害物等","","","12","有害物等との接触"
"252","1995","平成","7","2","0~1","18tトレーラーで国道を走行中、カーブを曲がりきれず、35m下の谷底に墜落した。","4","運輸交通業","403","道路貨物運送業","","","10~29","2","物上げ装置、運搬機械","22","動力運搬機","","","17","交通事故（道路）"
"253","1995","平成","7","2","4~5","数値制御切断機で鋼材にマーキング作業中、壁と同切断機の間に頭部を挟まれた。","1","製造業","115","輸送用機械等製造業","","","1000~9999","1","動力機械","16","一般動力機械","","","7","はさまれ、巻き込まれ"
"254","1995","平成","7","2","5~6","トラックで高速道路を走行中、車線変更をする際、トレーラーに追突した。","4","運輸交通業","403","道路貨物運送業","","","10~29","2","物上げ装置、運搬機械","22","動力運搬機","","","17","交通事故（道路）"
"255","1995","平成","7","2","7~8","サイロ上に設けられたベルトコンベヤーの回転軸に巻き込まれた。","1","製造業","109","窯業土石製品製造業","","","30~49","2","物上げ装置、運搬機械","22","動力運搬機","","","7","はさまれ、巻き込まれ"
"256","1995","平成","7","2","8~9","外壁のモルタル工事中、足場から地上に墜落した。","3","建設業","302","建築工事業","","","1~9","4","仮設物、建築物、構築物等","41","仮設物、建築物、構築物等","","","1","墜落、転落"
"257","1995","平成","7","2","9~10","軽トラックで工事用材を運搬中、信号交差点で出会い頭にトラックと衝突した。","3","建設業","303","その他の建設業","","","1~9","2","物上げ装置、運搬機械","22","動力運搬機","","","17","交通事故（道路）"
"258","1995","平成","7","2","9~10","2階建新築住宅の2階床面より身を乗り出して階段を取り付けていたところ、墜落した。","3","建設業","302","建築工事業","","","1~9","4","仮設物、建築物、構築物等","41","仮設物、建築物、構築物等","","","1","墜落、転落"
"259","1995","平成","7","2","13~14","埋め戻し作業において鋼矢板を途中から溶断中、土圧で鋼矢板が溝側に傾くように地山が移動したため、この上に仮置きしてあった履工板3枚が落下した。","3","建設業","301","土木工事業","","","1~9","5","物質、材料","52","材料","","","4","飛来、落下"
"260","1995","平成","7","2","13~14","4tトラックで町道を走行中、20m下の川に転落した。","3","建設業","301","土木工事業","","","1~9","2","物上げ装置、運搬機械","22","動力運搬機","","","17","交通事故（道路）"
"261","1995","平成","7","2","14~15","山状に堆積した製品の上で、ベルトコンベヤーのトップドラム付近のガイドローラーに付着した土をハンマーで除去中、ガイドローラーに巻き込まれた。","2","鉱業","202","土石採取業","","","1~9","2","物上げ装置、運搬機械","22","動力運搬機","","","7","はさまれ、巻き込まれ"
"262","1995","平成","7","2","7~8","軽トラックで走行中、凍結路面でスリップして反対車線にはみ出し、対向車と正面衝突した。","6","農林業","601","農業","","","1~9","2","物上げ装置、運搬機械","22","動力運搬機","","","17","交通事故（道路）"
"263","1995","平成","7","2","9~10","廃熱ボイラーの煙突建設工事において、ゴンドラに固定した鋼製足場に乗り内部足場を解体中、約46m下に墜落した。","3","建設業","303","その他の建設業","","","1~9","4","仮設物、建築物、構築物等","41","仮設物、建築物、構築物等","","","1","墜落、転落"
"264","1995","平成","7","2","10~11","米の貯蔵庫において、積み重ねられた米袋の温度を測定するため木製梯子(長さ3m)に登っていたところ、梯子が倒れコンクリート床に墜落した。","17","その他の事業","","","","","100~299","3","その他の装置等","37","用具","","","1","墜落、転落"
"265","1995","平成","7","2","11~12","工場内で製材した木材を結束作業中、後進してきたフォークリフトに轢かれた。","1","製造業","104","木材・木製品製造業","","","30~49","2","物上げ装置、運搬機械","22","動力運搬機","","","6","激突され"
"266","1995","平成","7","2","12~13","軽トラックで現場へ向かう途中、国道でセンターラインをはみ出し、対向してきた4tトラックと衝突した。","3","建設業","302","建築工事業","","","1~9","2","物上げ装置、運搬機械","23","乗物","","","17","交通事故（道路）"
"267","1995","平成","7","2","14~15","丸太をトラックに積み込む作業中、目落し積みで積んであった丸太が転がり落ち、付近で玉掛作業をしていた被災者に激突した。","1","製造業","104","木材・木製品製造業","","","10~29","5","物質、材料","52","材料","","","5","崩壊、倒壊"
"268","1995","平成","7","2","17~18","ダムの堰堤に設置したクローラクレーンに搬器を吊り下げ、川底から約50m地点で作業を終えた7人が搬器に乗ったところ、突然クレーンが傾いてダムの堰堤にぶつかり、4人が投げ出された。","3","建設業","301","土木工事業","","","1~9","2","物上げ装置、運搬機械","21","動力クレーン等","","","1","墜落、転落"
"269","1995","平成","7","2","9~10","バックホウのバケットに付いたフックでベトン袋(100キログラム×2)を吊上げ運搬中、バックホウが路肩より5m下に転落した。","3","建設業","301","土木工事業","","","10~29","1","動力機械","14","建設機械等","","","1","墜落、転落"
"270","1995","平成","7","2","13~14","荷崩れした木材束を移動するための段取り中、4段、4段、5段積みの状態で3列に並べられた木材束の端をフォークリフトで取ったところ、反対側の束が崩壊した。","5","貨物取扱業","502","港湾運送業","","","10~29","6","荷","61","荷","","","5","崩壊、倒壊"
"271","1995","平成","7","2","15~16","トラック(小型クレーン搭載型)で資材を運搬中、カーブを曲がりきれず4.5m下の川に転落した。","3","建設業","302","建築工事業","","","10~29","2","物上げ装置、運搬機械","22","動力運搬機","","","17","交通事故（道路）"
"272","1995","平成","7","2","16~17","塗装工事の工程管理のための写真撮影中、足場から3.5m下の地上に墜落した。","3","建設業","302","建築工事業","","","10~29","4","仮設物、建築物、構築物等","41","仮設物、建築物、構築物等","","","1","墜落、転落"
"273","1995","平成","7","2","17~18","タンクローリーで走行中、事故のため停車し、同車のホース等の片付けをしていたところ、後方から来た乗用車にはねられた。","4","運輸交通業","403","道路貨物運送業","","","30~49","2","物上げ装置、運搬機械","23","乗物","","","17","交通事故（道路）"
"274","1995","平成","7","2","20~21","店内の絨毯を貼る作業中、揮発性接着剤にストーブの火が引火し、火災が発生した。(外)","14","接客娯楽業","","","","","1~9","5","物質、材料","51","危険物、有害物等","","","16","火災"
"275","1995","平成","7","2","4~5","荷を運搬中、対向車線から飛び出してきたトラックと激突した。","4","運輸交通業","403","道路貨物運送業","","","100~299","2","物上げ装置、運搬機械","22","動力運搬機","","","17","交通事故（道路）"
"276","1995","平成","7","2","9~10","チェーンソーで枝下ろし作業中、胴綱を結びつけた枝が切断し、墜落した。","6","農林業","601","農業","","","1~9","7","環境等","71","環境等","","","1","墜落、転落"
"277","1995","平成","7","2","10~11","道路舗装工事現場において、竹ぼうきでアスファルト屑を清掃中、後進してきたロードローラーに轢かれた。","3","建設業","301","土木工事業","","","10~29","1","動力機械","14","建設機械等","","","6","激突され"
"278","1995","平成","7","2","10~11","除雪機を車庫に入れるため後進させていたところ、除雪機と車庫の壁に挟まれた。","15","清掃・と畜業","","","","","100~299","1","動力機械","16","一般動力機械","","","7","はさまれ、巻き込まれ"
"279","1995","平成","7","2","11~12","土捨て場において、土砂を捨てるためダンプカーを後進させていたところ、約17m下に転落した。","2","鉱業","202","土石採取業","","","10~29","2","物上げ装置、運搬機械","22","動力運搬機","","","1","墜落、転落"
"280","1995","平成","7","2","12~13","交通監視カメラの点検作業現場で車両誘導中、タクシーにはねられた。","17","その他の事業","","","","","50~99","2","物上げ装置、運搬機械","23","乗物","","","17","交通事故（道路）"
"281","1995","平成","7","2","13~14","林道の水路改修工事現場において、ドラグ・ショベルでU字溝を吊っていたところ、路肩から約16m下に転落した。","3","建設業","301","土木工事業","","","1~9","1","動力機械","14","建設機械等","","","1","墜落、転落"
"282","1995","平成","7","2","13~14","窒素酸化物低減装置のミキシングユニット用ステージの設置作業中、吊り足場上から6.8m下のコンクリート床に墜落した。","3","建設業","303","その他の建設業","","","1~9","4","仮設物、建築物、構築物等","41","仮設物、建築物、構築物等","","","1","墜落、転落"
"283","1995","平成","7","2","14~15","帰社途中、県道左側斜面に乗り上げ横転した。","4","運輸交通業","403","道路貨物運送業","","","50~99","2","物上げ装置、運搬機械","23","乗物","","","17","交通事故（道路）"
"284","1995","平成","7","2","14~15","かかり木を処理するためかかられた松を伐倒したところ、退避方向に倒れ、かかり木の下敷きになった。","6","農林業","601","農業","","","1~9","7","環境等","71","環境等","","","4","飛来、落下"
"285","1995","平成","7","2","16~17","木造平屋新築現場の高さ7mの梁上で小屋梁を取り付ける作業中、墜落した。","3","建設業","302","建築工事業","","","1~9","4","仮設物、建築物、構築物等","41","仮設物、建築物、構築物等","","","1","墜落、転落"
"286","1995","平成","7","2","17~18","伐採作業中、倒木(径14センチメートル、長さ約7m)の下敷きになった。","17","その他の事業","","","","","10~29","7","環境等","71","環境等","","","4","飛来、落下"
"287","1995","平成","7","2","8~9","6600Vの高圧受電設備の作動検査中、携帯用試験器のリード線を繋ごうとした際、左肩が高圧線に接触した。","17","その他の事業","","","","","50~99","3","その他の装置等","35","電気設備","","","13","感電"
"288","1995","平成","7","2","16~17","FRP製屋根の取付作業中、仮置き状態の屋根に乗り、墜落した。","3","建設業","303","その他の建設業","","","1~9","4","仮設物、建築物、構築物等","41","仮設物、建築物、構築物等","","","1","墜落、転落"
"289","1995","平成","7","2","22~23","駅構内で線路の切替工事中、分岐器に施錠するための金具を取り付けていたところ、入替車両に轢かれた。","3","建設業","301","土木工事業","","","1~9","2","物上げ装置、運搬機械","23","乗物","","","18","交通事故（その他）"
"290","1995","平成","7","2","7~8","鉄道橋桁修繕工事において、軌道内で工事の下見中、電車にはねられた。","3","建設業","301","土木工事業","","","10~29","2","物上げ装置、運搬機械","23","乗物","","","18","交通事故（その他）"
"291","1995","平成","7","2","9~10","水路工事現場において型枠を外す準備作業中、隣接する高さ約2.5mの地山が崩壊した。","3","建設業","301","土木工事業","","","1~9","7","環境等","71","環境等","","","5","崩壊、倒壊"
"292","1995","平成","7","2","10~11","軽トラックで走行中、市道交差点で右折する際、乗用車に側面衝突された。","3","建設業","301","土木工事業","","","10~29","2","物上げ装置、運搬機械","22","動力運搬機","","","17","交通事故（道路）"
"293","1995","平成","7","2","11~12","新入社員の帰りが遅いため事業場の門付近で待っていたところ、走行してきた車に激突された。","2","鉱業","203","その他の鉱業","","","1~9","2","物上げ装置、運搬機械","22","動力運搬機","","","17","交通事故（道路）"
"294","1995","平成","7","2","12~13","バイクで出前先に向かう途中、信号のない交差点で車と衝突した。","14","接客娯楽業","","","","","1~9","2","物上げ装置、運搬機械","23","乗物","","","17","交通事故（道路）"
"295","1995","平成","7","2","13~14","スレート屋根塗装工事において高水圧ガンで清掃中、スレートを踏み抜き約9.2m下に墜落した。","3","建設業","302","建築工事業","","","1~9","4","仮設物、建築物、構築物等","41","仮設物、建築物、構築物等","","","1","墜落、転落"
"296","1995","平成","7","2","13~14","1階屋根に登り、2階屋根に登る梯子へ移ろうとしたところ、約3.3m下に墜落した。","3","建設業","302","建築工事業","","","1~9","4","仮設物、建築物、構築物等","41","仮設物、建築物、構築物等","","","1","墜落、転落"
"297","1995","平成","7","2","14~15","仮設道路を走行中のドラグ・ショベルの右側を通り抜けようとしたところ、転倒しキャタピラに轢かれた。","3","建設業","301","土木工事業","","","10~29","1","動力機械","14","建設機械等","","","7","はさまれ、巻き込まれ"
"298","1995","平成","7","2","16~17","既設井戸を深く掘削する工事において、給水用ゴムパイプを木に掛け、擁壁(高さ1.2m)上から降りようとした際、つまずいて墜落した。","3","建設業","301","土木工事業","","","1~9","4","仮設物、建築物、構築物等","41","仮設物、建築物、構築物等","","","1","墜落、転落"
"299","1995","平成","7","2","8~9","エキスパンドメタル製造工場において製品集荷中、稼働中のスイングリフターと集積機の間に挟まれた。","1","製造業","112","金属製品製造業","","","50~99","2","物上げ装置、運搬機械","22","動力運搬機","","","7","はさまれ、巻き込まれ"
"300","1995","平成","7","2","13~14","壁塗り作業中、2階のコンクリートパネル作業床端からに墜落した。","3","建設業","302","建築工事業","","","1~9","4","仮設物、建築物、構築物等","41","仮設物、建築物、構築物等","","","1","墜落、転落"
"301","1995","平成","7","2","15~16","副堤設置個所の穴(4×6.5×深さ3m)の中で床均し作業中、上方の法面が約10m3 崩壊した。","3","建設業","301","土木工事業","","","30~49","7","環境等","71","環境等","","","5","崩壊、倒壊"
"302","1995","平成","7","2","5~6","タクシー乗務中、乗客に刺された。","4","運輸交通業","402","道路旅客運送業","","","50~99","9","その他","92","起因物なし","","","90","その他"
"303","1995","平成","7","2","11~12","1階屋根の野地板取付工事を終え、アルミ製移動梯子を降りる途中、約70センチメートル下の地面に転落した。","3","建設業","302","建築工事業","","","1~9","3","その他の装置等","37","用具","","","1","墜落、転落"
"304","1995","平成","7","2","12~13","谷止工コンクリート擁壁(幅1.5m)を通行中、約5m下に墜落した。","3","建設業","301","土木工事業","","","10~29","4","仮設物、建築物、構築物等","41","仮設物、建築物、構築物等","","","1","墜落、転落"
"305","1995","平成","7","2","12~13","堤防上で不整地運搬車を後進させたところ、法面を6m転落した。","3","建設業","301","土木工事業","","","10~29","2","物上げ装置、運搬機械","22","動力運搬機","","","1","墜落、転落"
"306","1995","平成","7","2","13~14","旧家屋の廃材を積み込んだトラック荷台上で均し作業中、道路に墜落した。","3","建設業","302","建築工事業","","","1~9","2","物上げ装置、運搬機械","22","動力運搬機","","","1","墜落、転落"
"307","1995","平成","7","2","18~19","トラックで走行中、交差点で右折する際、走行してきたトラックと衝突した。","4","運輸交通業","403","道路貨物運送業","","","10~29","2","物上げ装置、運搬機械","22","動力運搬機","","","17","交通事故（道路）"
"308","1995","平成","7","2","0~1","トラックで国道を走行中、駐車帯に駐車中のトラックに追突した。","4","運輸交通業","403","道路貨物運送業","","","30~49","2","物上げ装置、運搬機械","22","動力運搬機","","","17","交通事故（道路）"
"309","1995","平成","7","2","8~9","社有車で現場の新設中の道路を走行中、停車していた11tトラックに追突した。","3","建設業","301","土木工事業","","","1~9","2","物上げ装置、運搬機械","23","乗物","","","17","交通事故（道路）"
"310","1995","平成","7","2","16~17","和室内造作工事において、唐松を切断中、携帯用丸鋸で大腿部を切った。","3","建設業","302","建築工事業","","","1~9","1","動力機械","13","木材加工用機械","","","8","切れ、こすれ"
"311","1995","平成","7","2","6~7","原付バイクで新聞配達中、側道を走行して本道に出た際、対向してきた乗用車と衝突した。","8","商業","","","","","100~299","2","物上げ装置、運搬機械","23","乗物","","","17","交通事故（道路）"
"312","1995","平成","7","2","8~9","ホイスト式天井クレーンの滑車の一部が外れ、それを直そうとしてガーター上から約7.2m墜落した。","1","製造業","112","金属製品製造業","","","10~29","2","物上げ装置、運搬機械","21","動力クレーン等","","","1","墜落、転落"
"313","1995","平成","7","2","9~10","地下鉄工事の坑内において、台車上のC形鋼(250キログラム)に玉掛し、クレーンで吊り上げたところ、C形鋼が台車と接触し、その弾みで約3m下に墜落した。","3","建設業","301","土木工事業","","","1~9","2","物上げ装置、運搬機械","21","動力クレーン等","","","1","墜落、転落"
"314","1995","平成","7","2","10~11","排雪場において、雪で動かなくなった被災者の4tトラックを他社のトラックで牽引中、トラックの間に挟まれた。","3","建設業","301","土木工事業","","","10~29","2","物上げ装置、運搬機械","22","動力運搬機","","","6","激突され"
"315","1995","平成","7","2","12~13","木造平屋の外壁をバール付ハンマーで解体中、高さ約1.8mの脚立上から地面に墜落した。","3","建設業","302","建築工事業","","","10~29","3","その他の装置等","37","用具","","","1","墜落、転落"
"316","1995","平成","7","2","13~14","2階建アパートの屋根上で、下地のルーフィング(ロール状シート)を軒と平行に貼る作業中、墜落した。","3","建設業","302","建築工事業","","","1~9","4","仮設物、建築物、構築物等","41","仮設物、建築物、構築物等","","","1","墜落、転落"
"317","1995","平成","7","2","13~14","かかり木になった伐倒木(胸高直径35センチメートル、長さ約25m)の処理をしたところ、被災者側に倒れてきた。","6","農林業","601","農業","","","10~29","7","環境等","71","環境等","","","5","崩壊、倒壊"
"318","1995","平成","7","2","16~17","ボード貼り作業後の片付けの際、1階建設用リフトのステージから5.9m下の地下2階コンクリート床面に墜落した。","3","建設業","302","建築工事業","","","10~29","4","仮設物、建築物、構築物等","41","仮設物、建築物、構築物等","","","1","墜落、転落"
"319","1995","平成","7","2","17~18","ドラグ・ショベルを仮置場に移動中、駐車中のトラックのサイドミラーに接触しそうになったため運転席から右側に身を乗り出してサイドミラーを押したところ、身体の一部が操作レバーに触れ、背後のアームが倒れて運転席の柱との間に挟まれた。","3","建設業","303","その他の建設業","","","1~9","1","動力機械","14","建設機械等","","","7","はさまれ、巻き込まれ"
"320","1995","平成","7","2","0~1","道路構造物補修現場において、立入禁止のために設置されたカラーコーンを乗り越えたところ、走行してきたタクシーにはねられた。","3","建設業","301","土木工事業","","","1~9","2","物上げ装置、運搬機械","23","乗物","","","17","交通事故（道路）"
"321","1995","平成","7","2","12~13","半地下式の焼却炉に木屑を入れる際、投入口(高さ30センチメートル)から足で押し込もうとしたところ、火のついている炉内に転落した。","1","製造業","104","木材・木製品製造業","","","10~29","3","その他の装置等","39","その他の装置、設備","","","11","高温・低温の物との接触"
"322","1995","平成","7","2","14~15","クローラ式不整地運搬車の荷台に生コン入りバケットを載せ、被災者が同乗して下り坂を後進中、バケットが荷台後方に移動し、被災者がテールゲートとの間に挟まれた。","3","建設業","301","土木工事業","","","50~99","2","物上げ装置、運搬機械","22","動力運搬機","","","7","はさまれ、巻き込まれ"
"323","1995","平成","7","2","16~17","外壁張替工事のため枠組足場3層目で組立作業中、墜落した。","3","建設業","302","建築工事業","","","10~29","4","仮設物、建築物、構築物等","41","仮設物、建築物、構築物等","","","1","墜落、転落"
"324","1995","平成","7","2","23~24","スキー場内をスノーモービルで走行中、立木に激突した。","14","接客娯楽業","","","","","100~299","2","物上げ装置、運搬機械","23","乗物","","","3","激突"
"325","1995","平成","7","2","7~8","道路舗装工事終了後、路肩に駐車したトラックに向かう途中、走行してきた乗用車にはねられた。","3","建設業","303","その他の建設業","","","10~29","2","物上げ装置、運搬機械","23","乗物","","","17","交通事故（道路）"
"326","1995","平成","7","2","2~3","トラックで国道を走行中、信号待ち中の大型トラックに追突した。","4","運輸交通業","403","道路貨物運送業","","","30~49","2","物上げ装置、運搬機械","22","動力運搬機","","","17","交通事故（道路）"
"327","1995","平成","7","2","6~7","バイクで新聞配達中、道路を横切る際、直進してきたライトバンと衝突した。","8","商業","","","","","50~99","2","物上げ装置、運搬機械","23","乗物","","","17","交通事故（道路）"
"328","1995","平成","7","2","9~10","駅構内でコンテナ列車の誘導作業中、後進してきたフォークリフトに轢かれた。","4","運輸交通業","401","鉄道・軌道・水運・航空業","","","50~99","2","物上げ装置、運搬機械","22","動力運搬機","","","7","はさまれ、巻き込まれ"
"329","1995","平成","7","2","10~11","道路工事現場において、モーターグレーダーの運転席から降りて打合せを始めようとしたところ、路面が傾斜していたためモーターグレーダーが動き出し、それを止めようとして轢かれた。","3","建設業","301","土木工事業","","","10~29","1","動力機械","14","建設機械等","","","7","はさまれ、巻き込まれ"
"330","1995","平成","7","2","10~11","橋梁上の軌道敷を巡回点検中、列車にはねられた。","4","運輸交通業","401","鉄道・軌道・水運・航空業","","","30~49","2","物上げ装置、運搬機械","23","乗物","","","6","激突され"
"331","1995","平成","7","2","10~11","道路の舗装を剥がすため墨出し作業中、走行してきたロードカッター(アスファルトをはぎ取る装置)に轢かれた。","3","建設業","301","土木工事業","","","50~99","1","動力機械","14","建設機械等","","","7","はさまれ、巻き込まれ"
"332","1995","平成","7","2","14~15","4tトラック荷台に建築用鋼材を積み込む作業中、荷台の鋼材上部から1.8m下の地面に墜落した。","1","製造業","112","金属製品製造業","","","1~9","2","物上げ装置、運搬機械","22","動力運搬機","","","1","墜落、転落"
"333","1995","平成","7","2","14~15","水路内昇降階段の設置替えのため、中段切梁にかけた足場板から単管パイプのクランプを外していたところ、バランスを崩し2.5m下のコンクリート水路に墜落した。","3","建設業","301","土木工事業","","","1~9","4","仮設物、建築物、構築物等","41","仮設物、建築物、構築物等","","","1","墜落、転落"
"334","1995","平成","7","2","15~16","ブラケット一側足場の解体作業中、高さ4mから墜落した。","3","建設業","302","建築工事業","","","1~9","4","仮設物、建築物、構築物等","41","仮設物、建築物、構築物等","","","1","墜落、転落"
"335","1995","平成","7","2","16~17","裁断コイル置場で玉掛の準備作業中、帯鋼コイル(径1.9m、幅19センチメートル、3t)が転倒した。","1","製造業","112","金属製品製造業","","","100~299","5","物質、材料","52","材料","","","5","崩壊、倒壊"
"336","1995","平成","7","2","3~4","仮排水路トンネル工事現場でロッカーショベルを運転中、同ショベルがガントリージャンボ(穿孔機)の油圧金具に接触したため油圧ホースが破裂し、落下してきたアームが当たった。","3","建設業","301","土木工事業","","","10~29","1","動力機械","14","建設機械等","","","4","飛来、落下"
"337","1995","平成","7","2","4~5","バイパスの中央分離帯に乗り上げ、ガードレールに衝突した。","1","製造業","101","食料品製造業","","","1~9","2","物上げ装置、運搬機械","23","乗物","","","17","交通事故（道路）"
"338","1995","平成","7","2","10~11","ゴミ焼却場の煙道内を清掃中、煙道端部より約13m下の焼却路に墜落した。","15","清掃・と畜業","","","","","10~29","4","仮設物、建築物、構築物等","41","仮設物、建築物、構築物等","","","1","墜落、転落"
"339","1995","平成","7","2","14~15","法面を登っていたところ、約4m下の基礎コンクリート上に墜落した。","3","建設業","301","土木工事業","","","1~9","7","環境等","71","環境等","","","1","墜落、転落"
"340","1995","平成","7","2","14~15","2tダンプカーで残土を運搬中、運転を誤り2.7m下の川に転落した。","3","建設業","302","建築工事業","","","1~9","2","物上げ装置、運搬機械","22","動力運搬機","","","17","交通事故（道路）"
"341","1995","平成","7","2","14~15","ミキサー車のミキサードラムを洗浄中、同車の昇降ステップ最上段から転落した。","4","運輸交通業","403","道路貨物運送業","","","30~49","2","物上げ装置、運搬機械","22","動力運搬機","","","1","墜落、転落"
"342","1995","平成","7","2","15~16","木造2階建家屋解体工事において屋根瓦を撤去中、塩化ビニル製屋根を踏み抜き、2.75m下に墜落した。","3","建設業","302","建築工事業","","","1~9","4","仮設物、建築物、構築物等","41","仮設物、建築物、構築物等","","","9","踏み抜き"
"343","1995","平成","7","2","16~17","チップ払い出し用ベルトコンベヤー周辺を清掃中、ベルトコンベヤーに右腕を巻き込まれた。","1","製造業","106","パルプ・紙・紙加工品製造業","","","100~299","2","物上げ装置、運搬機械","22","動力運搬機","","","7","はさまれ、巻き込まれ"
"344","1995","平成","7","2","16~17","資材置場で鉄筋を移動式クレーンで吊り上げた際、荷が落下しそうになり、逃げようとして転倒した。","3","建設業","301","土木工事業","","","10~29","4","仮設物、建築物、構築物等","41","仮設物、建築物、構築物等","","","2","転倒"
"345","1995","平成","7","3","5~6","4tトラックで高速道路を走行中、渋滞で停止していた大型トラックに追突した。","4","運輸交通業","403","道路貨物運送業","","","10~29","2","物上げ装置、運搬機械","22","動力運搬機","","","17","交通事故（道路）"
"346","1995","平成","7","3","11~12","砂防堰堤上で作業中、足を踏み外し、約6.5m下の川床へ墜落した。","3","建設業","301","土木工事業","","","10~29","4","仮設物、建築物、構築物等","41","仮設物、建築物、構築物等","","","1","墜落、転落"
"347","1995","平成","7","3","13~14","中国へ出張中、レストランで食事をしていたところ、突然倒れた。","9","金融・広告業","","","","","30~49","9","その他","99","分類不能","","","99","分類不能"
"348","1995","平成","7","3","13~14","自動メッキ装置の脱脂槽(75×300×135センチメートル)のラック降下防止用ピンを外そうとして槽内に墜落し、有害物(リン酸塩、ケイ酸塩、苛性ソーダ)と接触した。","1","製造業","115","輸送用機械等製造業","","","500~999","5","物質、材料","51","危険物、有害物等","","","12","有害物等との接触"
"349","1995","平成","7","3","14~15","バイクで取引先に向かう途中、交差点で対向車と衝突した。","9","金融・広告業","","","","","10~29","2","物上げ装置、運搬機械","23","乗物","","","17","交通事故（道路）"
"350","1995","平成","7","3","14~15","下水道管を埋設後、ハンドローラーで後進、転圧作業中、後進してきたダンプカーと接触し、ダンプカーのあおりとローラーのハンドルの間に挟まれた。","3","建設業","301","土木工事業","","","1~9","2","物上げ装置、運搬機械","22","動力運搬機","","","7","はさまれ、巻き込まれ"
"351","1995","平成","7","3","23~24","ワゴン車に同乗し工事現場に向かう途中、車線変更しようとしたところ、後続車に追突された。","3","建設業","301","土木工事業","","","1~9","2","物上げ装置、運搬機械","23","乗物","","","17","交通事故（道路）"
"352","1995","平成","7","3","12~13","下水管布設作業中、土圧で上水管が破損し、幅4.2m、長さ2.7mに渡り地山が崩壊した。","3","建設業","301","土木工事業","","","1~9","7","環境等","71","環境等","","","5","崩壊、倒壊"
"353","1995","平成","7","3","15~16","フォークリフトのフォークに乗り、倉庫内保管棚の商品の抜き出し作業中、約4m下の通路に墜落した。","4","運輸交通業","403","道路貨物運送業","","","50~99","2","物上げ装置、運搬機械","22","動力運搬機","","","1","墜落、転落"
"354","1995","平成","7","3","16~17","山林内で間伐作業中、伐倒木がかかり木となったため、作業を中断し別の木を切り倒し始めたところ、かかり木が倒れてきた。","6","農林業","601","農業","","","1~9","7","環境等","71","環境等","","","5","崩壊、倒壊"
"355","1995","平成","7","3","16~17","床堀作業中(深さ1.6m、幅0.85m、長さ4.5m)、土砂(1.6m3)が崩壊した。","3","建設業","301","土木工事業","","","1~9","7","環境等","71","環境等","","","5","崩壊、倒壊"
"356","1995","平成","7","3","16~17","再利用水タンク内部の仮設足場を解体中、足場(高さ約10m)より墜落した。","3","建設業","303","その他の建設業","","","1~9","4","仮設物、建築物、構築物等","41","仮設物、建築物、構築物等","","","1","墜落、転落"
"357","1995","平成","7","3","18~19","ガレージの壁に立て掛けてあったベニヤ板を移動させようとしたところ、足を滑らせ転倒し、頭部を強打した。","12","教育・研究業","","","","","50~99","5","物質、材料","52","材料","","","2","転倒"
"358","1995","平成","7","3","4~5","高速道路を走行中、タンクローリーに追突した。","4","運輸交通業","403","道路貨物運送業","","","10~29","2","物上げ装置、運搬機械","22","動力運搬機","","","17","交通事故（道路）"
"359","1995","平成","7","3","9~10","下水管布設工事現場において、土止め支保工を設置するための準備作業中、掘削面が崩壊した。","3","建設業","301","土木工事業","","","10~29","7","環境等","71","環境等","","","5","崩壊、倒壊"
"360","1995","平成","7","3","11~12","ボイラー室の梁(高さ2m)に乗り、木片投入ピットのゴミ避け用木板を解体中、墜落した。","14","接客娯楽業","","","","","1~9","4","仮設物、建築物、構築物等","41","仮設物、建築物、構築物等","","","1","墜落、転落"
"361","1995","平成","7","3","11~12","ダンプカーで国道を走行中、雪のため左カーブを曲がりきれず、対向車と衝突した。","3","建設業","301","土木工事業","","","1~9","2","物上げ装置、運搬機械","22","動力運搬機","","","17","交通事故（道路）"
"362","1995","平成","7","3","13~14","10tトラックより強化プラスチックパイプ3本(1本529キログラム)を降ろすため、ワイヤと荷締機を外したところ、パイプが落下してきた。","1","製造業","108","化学工業","","","1~9","5","物質、材料","52","材料","","","4","飛来、落下"
"363","1995","平成","7","3","15~16","水道管制水弁室の深さ3.57mの所で解体作業中、背後の法面が崩壊した。","3","建設業","301","土木工事業","","","10~29","7","環境等","71","環境等","","","5","崩壊、倒壊"
"364","1995","平成","7","3","6~7","トレーラー荷台上から原木を降ろすため、荷崩れ防止のための支柱を取り外していたところ、荷が落下した。","4","運輸交通業","403","道路貨物運送業","","","10~29","6","荷","61","荷","","","4","飛来、落下"
"365","1995","平成","7","3","9~10","工事発注説明会で工事予定箇所を見学中、トンネル内の傾斜鉄管路に墜落した","3","建設業","301","土木工事業","","","50~99","4","仮設物、建築物、構築物等","41","仮設物、建築物、構築物等","","","1","墜落、転落"
"366","1995","平成","7","3","12~13","軽トラックで工事現場へ向かう途中、踏切で列車と衝突した。","3","建設業","301","土木工事業","","","1~9","2","物上げ装置、運搬機械","22","動力運搬機","","","17","交通事故（道路）"
"367","1995","平成","7","3","17~18","トラック荷台上から原木を降ろすため、ワイヤを外し、荷崩れ防止のための支柱を外していたところ、荷が落下した。","4","運輸交通業","403","道路貨物運送業","","","10~29","6","荷","61","荷","","","4","飛来、落下"
"368","1995","平成","7","3","19~20","新造船の海上公試運転終了後、新造船の舷梯より通船に乗り移ろうとしたところ、海中に転落した。","1","製造業","113","一般機械器具製造業","","","300~499","2","物上げ装置、運搬機械","23","乗物","","","10","おぼれ"
"369","1995","平成","7","3","23~24","製鉄所の撹拌槽内において、スラブの樋への付着状況を点検中、約5m下の水砕スラブの中に墜落した。","1","製造業","109","窯業土石製品製造業","","","300~499","4","仮設物、建築物、構築物等","41","仮設物、建築物、構築物等","","","1","墜落、転落"
"370","1995","平成","7","3","11~12","庇に乗り4階の窓を清掃中、安全帯を付けていたブラインドの羽根が外れ、21m下のコンクリート上に墜落した。","15","清掃・と畜業","","","","","30~49","4","仮設物、建築物、構築物等","41","仮設物、建築物、構築物等","","","1","墜落、転落"
"371","1995","平成","7","3","13~14","林内作業車で玉切り材を運搬中、下り坂(勾配約10度)の林道を逸走し、法面下に転落した。","6","農林業","601","農業","","","50~99","2","物上げ装置、運搬機械","22","動力運搬機","","","1","墜落、転落"
"372","1995","平成","7","3","15~16","ビル内のエレベーター解体作業中、1階に止めてあった搬器の屋根から約4.8m下のピットに墜落した。","3","建設業","303","その他の建設業","","","1~9","2","物上げ装置、運搬機械","21","動力クレーン等","","","1","墜落、転落"
"373","1995","平成","7","3","21~22","高速道路上で接触事故を起こし、その事故の処理中に足を踏み外して約20m下の地面に墜落した。","4","運輸交通業","403","道路貨物運送業","","","10~29","9","その他","99","分類不能","","","17","交通事故（道路）"
"374","1995","平成","7","3","22~23","トラックで国道を走行中、カーブを曲がりきれず直進し、ガードレールを越えて約13m下の崖下に転落した。","4","運輸交通業","403","道路貨物運送業","","","50~99","2","物上げ装置、運搬機械","22","動力運搬機","","","17","交通事故（道路）"
"375","1995","平成","7","3","8~9","小型漁船でヒラメ刺し網を引き上げ作業中、船首方向から大波を受けて転覆し、海に投げ出された。","7","畜産・水産業","","","","","1~9","2","物上げ装置、運搬機械","23","乗物","","","10","おぼれ"
"376","1995","平成","7","3","8~9","小型漁船でヒラメ刺し網を引き上げ作業中、船首方向から大波を受けて転覆し、海に投げ出された。","7","畜産・水産業","","","","","1~9","2","物上げ装置、運搬機械","23","乗物","","","10","おぼれ"
"377","1995","平成","7","3","8~9","エプロン・ショットブラストを稼働中、バケット作動用ワイヤロープの止め金具が外れ、バケットが落下した。","1","製造業","110","鉄鋼業","","","30~49","3","その他の装置等","39","その他の装置、設備","","","4","飛来、落下"
"378","1995","平成","7","3","9~10","足場3段目(高さ5.4m)上を建枠を持って歩行中、墜落した。","3","建設業","301","土木工事業","","","1~9","4","仮設物、建築物、構築物等","41","仮設物、建築物、構築物等","","","1","墜落、転落"
"379","1995","平成","7","3","10~11","ビル5階の窓枠に立って窓ガラスを清掃中、足を滑らせ転落した。","15","清掃・と畜業","","","","","30~49","4","仮設物、建築物、構築物等","41","仮設物、建築物、構築物等","","","1","墜落、転落"
"380","1995","平成","7","3","10~11","電着塗装ラインの鋼製枠(2.75m×3m×厚さ5センチメートル)を補修する際、中に入っている水を抜くため反転させようとしたところ、倒れてきた。","1","製造業","115","輸送用機械等製造業","","","1~9","2","物上げ装置、運搬機械","22","動力運搬機","","","5","崩壊、倒壊"
"381","1995","平成","7","3","11~12","RC造6階建住宅屋上の作業床端でサンダーかけ作業中、墜落した。","3","建設業","302","建築工事業","","","1~9","4","仮設物、建築物、構築物等","41","仮設物、建築物、構築物等","","","1","墜落、転落"
"382","1995","平成","7","3","16~17","砂防堰堤内で作業中、ケーブルクレーンのバケットの玉掛ワイヤがフックから外れ、落ちてきたバケットが当たった。(外)","3","建設業","301","土木工事業","","","1~9","2","物上げ装置、運搬機械","21","動力クレーン等","","","4","飛来、落下"
"383","1995","平成","7","3","17~18","タンク(高さ2.73m)に木製梯子を掛けてタンク外周を洗浄中、墜落した。","1","製造業","101","食料品製造業","","","10~29","3","その他の装置等","37","用具","","","1","墜落、転落"
"384","1995","平成","7","3","21~22","2tトラックで走行中、スリップして対向車に衝突した。","4","運輸交通業","403","道路貨物運送業","","","30~49","2","物上げ装置、運搬機械","22","動力運搬機","","","17","交通事故（道路）"
"385","1995","平成","7","3","21~22","自家用車で出勤し、事業場前の駐車場に停めようと後進したところ、運転を誤り1.5m下の小川に転落した。","1","製造業","106","パルプ・紙・紙加工品製造業","","","不明","2","物上げ装置、運搬機械","23","乗物","","","1","墜落、転落"
"386","1995","平成","7","3","21~22","ゴルフ場の排水管取替工事において、溝内(幅3.7m、深さ3.4m)で作業中、法面上部が崩壊した。","3","建設業","301","土木工事業","","","1~9","7","環境等","71","環境等","","","5","崩壊、倒壊"
"387","1995","平成","7","3","23~24","3tトラックで高速道路を走行中、ハンドル操作を誤りガードレール支柱に激突、横転した。","4","運輸交通業","403","道路貨物運送業","","","10~29","2","物上げ装置、運搬機械","22","動力運搬機","","","17","交通事故（道路）"
"388","1995","平成","7","3","3~4","バイクで新聞配達中、県道で乗用車にはねられた。","8","商業","","","","","1~9","2","物上げ装置、運搬機械","23","乗物","","","17","交通事故（道路）"
"389","1995","平成","7","3","9~10","PC桁吊り込み位置の調整作業中、地盤が崩壊したため移動式クレーンが転倒し、その弾みでクレーン後部フロアに載せてあった鉄板2枚が落下し、近くで指揮をしていた被災者が下敷きになった。","3","建設業","301","土木工事業","","","1~9","2","物上げ装置、運搬機械","21","動力クレーン等","","","2","転倒"
"390","1995","平成","7","3","10~11","工場屋根裏の歩廊取付工事において、梁上にまたがりクランプを取付中、墜落した。(外)","3","建設業","301","土木工事業","","","30~49","4","仮設物、建築物、構築物等","41","仮設物、建築物、構築物等","","","1","墜落、転落"
"391","1995","平成","7","3","13~14","住宅2階床の金具締め作業中、床梁の隙間から約3.5m下の作業床に墜落した。","3","建設業","302","建築工事業","","","1~9","4","仮設物、建築物、構築物等","41","仮設物、建築物、構築物等","","","1","墜落、転落"
"392","1995","平成","7","3","14~15","鉄骨2階建新築工事において、C形胴縁を取り付けていた被災者が、休憩のため胴縁を伝い降りていたところ、手を滑らせ墜落した。","3","建設業","302","建築工事業","","","1~9","4","仮設物、建築物、構築物等","41","仮設物、建築物、構築物等","","","1","墜落、転落"
"393","1995","平成","7","3","14~15","下水道布設工事にあたり、掘削溝(長さ10m、幅約90センチメートル、深さ約1.5~1.8m)内で既設水道管を迂回処理するため位置を調査中、長さ4~5m、幅約40センチメートルに渡って土砂が崩壊した。","3","建設業","301","土木工事業","","","10~29","7","環境等","71","環境等","","","5","崩壊、倒壊"
"394","1995","平成","7","3","14~15","店舗内通用扉上部の通風口にネズミ侵入防止用金網を取り付ける際、通用扉側面の冷蔵庫(高さ1.14m)に乗って行っていたところ、コンクリート床に墜落した。","8","商業","","","","","1~9","3","その他の装置等","39","その他の装置、設備","","","1","墜落、転落"
"395","1995","平成","7","3","15~16","林業架線の支障木の伐倒作業中、伐倒した支障木が準備作業をしていた被災者を直撃した。","6","農林業","601","農業","","","1~9","7","環境等","71","環境等","","","6","激突され"
"396","1995","平成","7","3","16~17","河川拡張工事に伴う水道管の移設作業中、掘削箇所(5×4×深さ3m)内でH型鋼にボルト穴を開けていたところ、土砂が崩壊した。","3","建設業","301","土木工事業","","","30~49","7","環境等","71","環境等","","","5","崩壊、倒壊"
"397","1995","平成","7","3","23~24","大型トラックで国道を走行中、交差点で停車中の車に追突した。","4","運輸交通業","403","道路貨物運送業","","","30~49","2","物上げ装置、運搬機械","22","動力運搬機","","","17","交通事故（道路）"
"398","1995","平成","7","3","3~4","10tトラックで高速道路を走行中、前車のトラックの積荷(鋼材)に追突した。","4","運輸交通業","403","道路貨物運送業","","","30~49","2","物上げ装置、運搬機械","22","動力運搬機","","","17","交通事故（道路）"
"399","1995","平成","7","3","5~6","4tトラックで走行中、工事のため一車線を交互通行している現場の手前で停車していたトラックに追突した。","4","運輸交通業","403","道路貨物運送業","","","10~29","2","物上げ装置、運搬機械","22","動力運搬機","","","17","交通事故（道路）"
"400","1995","平成","7","3","13~14","客先より帰社する途中、県道の三叉路でセンターラインを越えてきたトレーラーと正面衝突した。","9","金融・広告業","","","","","10~29","2","物上げ装置、運搬機械","22","動力運搬機","","","17","交通事故（道路）"
"401","1995","平成","7","3","14~15","木造牛舎の修理作業において、屋根の棟部分のボルト締め作業中、3.5m下のコンクリート床に墜落した。","7","畜産・水産業","","","","","1~9","4","仮設物、建築物、構築物等","41","仮設物、建築物、構築物等","","","1","墜落、転落"
"402","1995","平成","7","3","15~16","木造モルタル2階建アパートの屋根上で、野地板に付いた土をかき落とす作業中、野地板を踏み抜き約6.1m下のアスファルト道路上に墜落した。","3","建設業","302","建築工事業","","","1~9","4","仮設物、建築物、構築物等","41","仮設物、建築物、構築物等","","","1","墜落、転落"
"403","1995","平成","7","3","17~18","プラスチック成型機(押出機)の調整のため、ベルトの囲いを取り外して作業を始めようとしたところ、ベルトに巻き込まれた。","1","製造業","108","化学工業","","","100~299","1","動力機械","12","動力伝導機構","","","7","はさまれ、巻き込まれ"
"404","1995","平成","7","3","18~19","新築中のビルに設置したエレベーターの負荷試験中、データを取り終え、搬器を降ろしたところ、地下1階のエレベーターピットにいた被災者が挟まれた。","17","その他の事業","","","","","30~49","2","物上げ装置、運搬機械","21","動力クレーン等","","","7","はさまれ、巻き込まれ"
"405","1995","平成","7","3","10~11","物置の解体作業中、物置北側の道路を歩いていたところ、倒れてきたブロック塀の下敷きになった。","3","建設業","302","建築工事業","","","1~9","4","仮設物、建築物、構築物等","41","仮設物、建築物、構築物等","","","5","崩壊、倒壊"
"406","1995","平成","7","3","11~12","バケットエレベータの解体工事中、開口部から2.45m下のピットに墜落した。","3","建設業","303","その他の建設業","","","10~29","4","仮設物、建築物、構築物等","41","仮設物、建築物、構築物等","","","1","墜落、転落"
"407","1995","平成","7","3","16~17","掘削溝(幅1.2m、深さ2.1m)内で水道管の接続作業中、溝の脇に積み上げた土砂が崩壊した。","3","建設業","301","土木工事業","","","10~29","7","環境等","71","環境等","","","5","崩壊、倒壊"
"408","1995","平成","7","3","8~9","不整地運搬車を運転中、県道から農道へ入った直後、約2.5m下の小川に転落した。","3","建設業","301","土木工事業","","","10~29","2","物上げ装置、運搬機械","22","動力運搬機","","","17","交通事故（道路）"
"409","1995","平成","7","3","10~11","砂利選別機排出口に詰まった砕石を取り除く作業中、起動した選別機に挟まれた。","2","鉱業","202","土石採取業","","","1~9","1","動力機械","16","一般動力機械","","","7","はさまれ、巻き込まれ"
"410","1995","平成","7","3","10~11","製品を箱詰めするために必要な段ボール箱を、高さ3mに積まれた段ボール上で探していたところ、墜落した。","1","製造業","108","化学工業","","","300~499","6","荷","61","荷","","","1","墜落、転落"
"411","1995","平成","7","3","11~12","自動瓦上げ機で2階屋根に瓦を上げていたところ、同機のワイヤロープが切れ、落下した台座に直撃された。","3","建設業","302","建築工事業","","","1~9","2","物上げ装置、運搬機械","21","動力クレーン等","","","6","激突され"
"412","1995","平成","7","3","13~14","木造家屋2階の床を移動中、床面上のコンパネ材に足を載せたところ、材が不安定な状態で置かれていたため3.26m下の地上に墜落した。","3","建設業","302","建築工事業","","","1~9","5","物質、材料","52","材料","","","1","墜落、転落"
"413","1995","平成","7","3","17~18","トラックの積荷をフォークリフトで降ろす作業中、荷台に乗っていた被災者がフォークリフトのフォーク上に墜落し、その上に荷が落下した。","4","運輸交通業","403","道路貨物運送業","","","50~99","6","荷","61","荷","","","4","飛来、落下"
"414","1995","平成","7","3","21~22","高架橋の修繕工事のために設置した作業用足場を撤去中、作業床端から約13m下の道路上に墜落した。","3","建設業","303","その他の建設業","","","1~9","4","仮設物、建築物、構築物等","41","仮設物、建築物、構築物等","","","1","墜落、転落"
"415","1995","平成","7","3","10~11","砕石場において、ダンプカーの横に立っていた被災者が、後進してきたトラクター・ショベルとの間に挟まれた。","3","建設業","301","土木工事業","","","10~29","1","動力機械","14","建設機械等","","","7","はさまれ、巻き込まれ"
"416","1995","平成","7","3","11~12","RC造5階建住宅建築現場の3階作業構台上でベニヤ板を運搬中、突風を受けてバランスを崩し、地面に墜落した。","3","建設業","302","建築工事業","","","30~49","4","仮設物、建築物、構築物等","41","仮設物、建築物、構築物等","","","1","墜落、転落"
"417","1995","平成","7","3","14~15","自社工場敷地予定地の草刈、立木伐採作業中、チェーンソーで伐倒中の立木が倒れてきた。","1","製造業","101","食料品製造業","","","10~29","7","環境等","71","環境等","","","5","崩壊、倒壊"
"418","1995","平成","7","3","19~20","集金業務を終え、バイクで帰社途中、道路を右折しようとして対向車と正面衝突した。","8","商業","","","","","50~99","2","物上げ装置、運搬機械","23","乗物","","","17","交通事故（道路）"
"419","1995","平成","7","3","0~1","トラックで国道を走行中、前車(トラック)が減速したのに気付くのが遅れ、追突した。","4","運輸交通業","403","道路貨物運送業","","","50~99","2","物上げ装置、運搬機械","22","動力運搬機","","","17","交通事故（道路）"
"420","1995","平成","7","3","3~4","徒歩で新聞配達中、県道で乗用車にはねられた。","8","商業","","","","","50~99","2","物上げ装置、運搬機械","23","乗物","","","17","交通事故（道路）"
"421","1995","平成","7","3","9~10","木造2階建住宅建築工事において、一側ブラケット足場(約2.6m)の作業床上でラス板を張る作業中、足を踏み外して墜落した。","3","建設業","302","建築工事業","","","1~9","4","仮設物、建築物、構築物等","41","仮設物、建築物、構築物等","","","1","墜落、転落"
"422","1995","平成","7","3","20~21","スーパーのゴミ集積場でゴミの収集作業中、収集車が緩斜面を後退し、ブロック塀との間に挟まれた。","15","清掃・と畜業","","","","","1~9","2","物上げ装置、運搬機械","22","動力運搬機","","","7","はさまれ、巻き込まれ"
"423","1995","平成","7","3","2~3","ダンプカーで国道を走行中、交差点で乗用車と衝突した。","8","商業","","","","","10~29","2","物上げ装置、運搬機械","22","動力運搬機","","","17","交通事故（道路）"
"424","1995","平成","7","3","3~4","寄宿舎が全焼した。","3","建設業","301","土木工事業","","","10~29","9","その他","99","分類不能","","","16","火災"
"425","1995","平成","7","3","9~10","湖の浚渫工事現場において、岸から交通船で浚渫船まで渡り、作業を行っていたところ、浚渫船に繋いであった交通船が流されたため泳いで交通船まで行った後、浚渫船に戻る途中で倒れた。","3","建設業","301","土木工事業","","","1~9","7","環境等","71","環境等","","","11","高温・低温の物との接触"
"426","1995","平成","7","3","10~11","営業所構内において、モップを洗っていた流し台と構内路面の間の段差で足を踏み外し、転倒した。","4","運輸交通業","402","道路旅客運送業","","","100~299","4","仮設物、建築物、構築物等","41","仮設物、建築物、構築物等","","","2","転倒"
"427","1995","平成","7","3","11~12","倉庫のスレート屋根上で作業中、スレートを踏み抜き、5m下の床に墜落した。","3","建設業","302","建築工事業","","","10~29","4","仮設物、建築物、構築物等","41","仮設物、建築物、構築物等","","","1","墜落、転落"
"428","1995","平成","7","3","14~15","河川浚渫工事現場において仮桟橋を組立中、桟橋上から約5m下のコンクリート床に墜落した。","3","建設業","301","土木工事業","","","30~49","4","仮設物、建築物、構築物等","41","仮設物、建築物、構築物等","","","1","墜落、転落"
"429","1995","平成","7","3","15~16","現場内を歩行中、後進してきたローラーに轢かれた。","3","建設業","302","建築工事業","","","1~9","1","動力機械","14","建設機械等","","","3","激突"
"430","1995","平成","7","3","5~6","自動車登録のため陸運局へ向かう途中、カーブを曲がりきれず、ガードレールに激突した。","8","商業","","","","","1~9","2","物上げ装置、運搬機械","23","乗物","","","17","交通事故（道路）"
"431","1995","平成","7","3","6~7","中央市場の駐車場内を歩行中、後進してきた2tトラックに轢かれた。","8","商業","","","","","1~9","2","物上げ装置、運搬機械","22","動力運搬機","","","17","交通事故（道路）"
"432","1995","平成","7","3","9~10","トラックで国道を走行中、ガードレールを突き破り7m下の畑に転落した。","4","運輸交通業","403","道路貨物運送業","","","10~29","2","物上げ装置、運搬機械","22","動力運搬機","","","17","交通事故（道路）"
"433","1995","平成","7","3","9~10","断熱材製造過程において、作業床下の混合機へ原料を投入中、転落して回転羽根に巻き込まれた。","1","製造業","109","窯業土石製品製造業","","","1~9","4","仮設物、建築物、構築物等","41","仮設物、建築物、構築物等","","","1","墜落、転落"
"434","1995","平成","7","3","10~11","盤台上で玉切り作業中、集材機で運ばれてきた伐木2本に激突された。","6","農林業","601","農業","","","1~9","2","物上げ装置、運搬機械","21","動力クレーン等","","","6","激突され"
"435","1995","平成","7","3","11~12","街路樹に登って枝切り作業中、約7m下の道路に墜落した。","3","建設業","301","土木工事業","","","1~9","7","環境等","71","環境等","","","1","墜落、転落"
"436","1995","平成","7","3","13~14","工場建屋天井板(石膏ボード)に上がり、エアー配管の漏れ確認作業中、天井板を踏み抜き3.5m下に墜落した。","3","建設業","303","その他の建設業","","","1~9","4","仮設物、建築物、構築物等","41","仮設物、建築物、構築物等","","","1","墜落、転落"
"437","1995","平成","7","3","15~16","屋上(10階建、高さ30m)で排水溝を清掃中、地上に墜落した。","15","清掃・と畜業","","","","","1~9","4","仮設物、建築物、構築物等","41","仮設物、建築物、構築物等","","","1","墜落、転落"
"438","1995","平成","7","3","9~10","建築工事現場において、33tトレーラーの荷台からコンクリート杭(長さ8~9m、1.1~1.4t)20本の荷卸し作業中、荷台に残っていた内の1本が落下してきた。","5","貨物取扱業","501","陸上貨物取扱業","","","30~49","6","荷","61","荷","","","4","飛来、落下"
"439","1995","平成","7","3","10~11","ロッドミルのボルトの交替作業中、同僚が被災者に気付かずミルを起動させたため、ロッドミルの鉄製ロールとゴムタイヤローラーの間に挟まれた。","1","製造業","109","窯業土石製品製造業","","","10~29","1","動力機械","16","一般動力機械","","","7","はさまれ、巻き込まれ"
"440","1995","平成","7","3","11~12","擁壁工事完了に伴い、親綱を取り外すため擁壁に登っていたところ、約8m下の林道に転落した。","3","建設業","301","土木工事業","","","1~9","4","仮設物、建築物、構築物等","41","仮設物、建築物、構築物等","","","1","墜落、転落"
"441","1995","平成","7","3","15~16","原料をホッパーへ入れる作業中、ホッパー口で足を滑らせ転落し、回転中のスクリューコンベヤーに巻き込まれた。","1","製造業","117","その他の製造業","","","10~29","2","物上げ装置、運搬機械","22","動力運搬機","","","7","はさまれ、巻き込まれ"
"442","1995","平成","7","3","15~16","掘削溝に簡易土止めを布設するため、溝内で待機していたところ、土砂が崩落した。","3","建設業","301","土木工事業","","","1~9","7","環境等","71","環境等","","","5","崩壊、倒壊"
"443","1995","平成","7","3","4~5","トラックで国道を走行中、前車が停止しようとしたため追突を避けようと左側によけたところ、道路標識に激突した。","4","運輸交通業","403","道路貨物運送業","","","10~29","2","物上げ装置、運搬機械","22","動力運搬機","","","17","交通事故（道路）"
"444","1995","平成","7","3","5~6","大型トラックで国道を走行中、センターラインを越えてきた大型トラックと衝突した。","4","運輸交通業","403","道路貨物運送業","","","10~29","2","物上げ装置、運搬機械","22","動力運搬機","","","17","交通事故（道路）"
"445","1995","平成","7","3","5~6","軽ライトバンで国道を走行中、センターラインを越えてきた対向車と衝突した。","3","建設業","302","建築工事業","","","30~49","2","物上げ装置、運搬機械","22","動力運搬機","","","17","交通事故（道路）"
"446","1995","平成","7","3","5~6","自転車で事業場から倉庫に向かう途中、乗用車にはねられた。","3","建設業","302","建築工事業","","","1~9","2","物上げ装置、運搬機械","23","乗物","","","17","交通事故（道路）"
"447","1995","平成","7","3","9~10","電話線を引き込むためポールに梯子を立て掛け作業中、高さ約3.1mから墜落した。","3","建設業","303","その他の建設業","","","1~9","4","仮設物、建築物、構築物等","41","仮設物、建築物、構築物等","","","1","墜落、転落"
"448","1995","平成","7","3","9~10","砂防工事現場上流の堤防上を歩行中、足を滑らせ約3m下の川底に墜落した。","3","建設業","301","土木工事業","","","1~9","4","仮設物、建築物、構築物等","41","仮設物、建築物、構築物等","","","1","墜落、転落"
"449","1995","平成","7","3","10~11","レストランの屋根を塗り替え中、高さ3.5mから墜落した。","3","建設業","302","建築工事業","","","1~9","4","仮設物、建築物、構築物等","41","仮設物、建築物、構築物等","","","1","墜落、転落"
"450","1995","平成","7","3","11~12","ダンプカーで村道を走行中、路肩を踏み外し約45m転落した。","4","運輸交通業","403","道路貨物運送業","","","1~9","2","物上げ装置、運搬機械","22","動力運搬機","","","17","交通事故（道路）"
"451","1995","平成","7","3","12~13","橋脚上(高さ6m)鉄筋組み作業後、下に降りるため足場に乗り移った際、手摺の間から墜落した。","3","建設業","301","土木工事業","","","10~29","4","仮設物、建築物、構築物等","41","仮設物、建築物、構築物等","","","1","墜落、転落"
"452","1995","平成","7","3","12~13","工場内製造ラインにおいて、ロックマシンのフィルターを最上部に上げ、電源を入れたままその下で清掃作業中、リフター下降用リミッターに接触したため、降下してきたリフターの下敷きになった。","1","製造業","109","窯業土石製品製造業","","","1~9","1","動力機械","16","一般動力機械","","","7","はさまれ、巻き込まれ"
"453","1995","平成","7","3","12~13","積載型トラッククレーンの荷台に並べられた荷(仮設ハウス)をロープで固定しようとしたところ、荷が強風にあおられ、倒れてきた。","8","商業","","","","","1~9","6","荷","61","荷","","","5","崩壊、倒壊"
"454","1995","平成","7","3","14~15","カゴ枠(植生シート付)を法面に設置する作業中、落石が当たった。","3","建設業","301","土木工事業","","","1~9","7","環境等","71","環境等","","","4","飛来、落下"
"455","1995","平成","7","3","15~16","河川揚水口の下流に堰を設置する工事において、ドラグ・ショベルのバケットの爪で鋼矢板を入れ直そうとしたところ、板が跳ねて被災者に当たった。","3","建設業","301","土木工事業","","","1~9","1","動力機械","14","建設機械等","","","6","激突され"
"456","1995","平成","7","3","8~9","自社資材置場において、移動式クレーンを用いて塗装する作業用台船を反転する作業の準備中、ブームを伸ばし補巻フックを降下させたところ、錆落とし作業中の被災者にフックが激突した。","3","建設業","301","土木工事業","","","10~29","2","物上げ装置、運搬機械","21","動力クレーン等","","","6","激突され"
"457","1995","平成","7","3","9~10","国道災害防除工事現場で雪崩に巻き込まれた。","3","建設業","301","土木工事業","","","1~9","7","環境等","71","環境等","","","5","崩壊、倒壊"
"458","1995","平成","7","3","9~10","梁に墜落防止用養生ネットを張るため高所作業車上で作業中、梁とバケットの間に胸を挟まれた。","3","建設業","302","建築工事業","","","1~9","1","動力機械","14","建設機械等","","","7","はさまれ、巻き込まれ"
"459","1995","平成","7","3","12~13","建物2階で作業中、梁に渡したコンパネの上から足を踏み外し、3m下に転落した。","3","建設業","302","建築工事業","","","1~9","4","仮設物、建築物、構築物等","41","仮設物、建築物、構築物等","","","1","墜落、転落"
"460","1995","平成","7","3","13~14","高所作業車の作業用バケットに乗り、作業床の位置を調整しながら横断歩道標識を清掃中、標識を支えているポールの横に曲がった部分とバケット後部の間に挟まれた。","3","建設業","303","その他の建設業","","","30~49","1","動力機械","14","建設機械等","","","7","はさまれ、巻き込まれ"
"461","1995","平成","7","3","15~16","フォークリフトでトラックに廃材を積み込む作業中、トラック荷台上で指揮をしていた被災者が、バランスを崩して地上に飛び降りたところ、転倒した。","3","建設業","302","建築工事業","","","1~9","2","物上げ装置、運搬機械","22","動力運搬機","","","2","転倒"
"462","1995","平成","7","3","23~24","トラックで高速道路を走行中、玉突衝突に巻き込まれた。","4","運輸交通業","403","道路貨物運送業","","","100~299","2","物上げ装置、運搬機械","22","動力運搬機","","","17","交通事故（道路）"
"463","1995","平成","7","3","9~10","ブル・ドーザーのリース前点検中、ブル・ドーザー上から後方に転落し、後進してきたブル・ドーザーに巻き込まれた。","8","商業","","","","","1~9","1","動力機械","14","建設機械等","","","7","はさまれ、巻き込まれ"
"464","1995","平成","7","3","9~10","自社倉庫内において、後進してきたフォークリフトに轢かれた。","8","商業","","","","","10~29","2","物上げ装置、運搬機械","22","動力運搬機","","","7","はさまれ、巻き込まれ"
"465","1995","平成","7","3","10~11","立坑の土止め部材上に乗って配線撤去作業中、6.7m下の立坑底に転落した。","3","建設業","301","土木工事業","","","1~9","4","仮設物、建築物、構築物等","41","仮設物、建築物、構築物等","","","1","墜落、転落"
"466","1995","平成","7","3","11~12","倉庫の屋根を修理中、スレートを踏み抜き6.5m下の床面に墜落した。","3","建設業","303","その他の建設業","","","50~99","4","仮設物、建築物、構築物等","41","仮設物、建築物、構築物等","","","1","墜落、転落"
"467","1995","平成","7","3","14~15","道路向側の倉庫に向かう途中、タンクローリーにはねられた。","3","建設業","303","その他の建設業","","","10~29","2","物上げ装置、運搬機械","22","動力運搬機","","","17","交通事故（道路）"
"468","1995","平成","7","3","14~15","杭打ち機のクランプでH型鋼(2t)を吊り上げ旋回中、H型鋼がクランプから外れ、合図をしていた被災者に当たった。","3","建設業","301","土木工事業","","","1~9","1","動力機械","14","建設機械等","","","4","飛来、落下"
"469","1995","平成","7","3","15~16","鉄筋コンクリート3階建住宅の3階の壁を床に倒して小割作業中、残していた西側のモルタル壁が倒れてきた。","3","建設業","302","建築工事業","","","1~9","4","仮設物、建築物、構築物等","41","仮設物、建築物、構築物等","","","5","崩壊、倒壊"
"470","1995","平成","7","3","15~16","脚立に乗り1階庇周りを清掃中、墜落した。","15","清掃・と畜業","","","","","1~9","3","その他の装置等","37","用具","","","1","墜落、転落"
"471","1995","平成","7","3","16~17","スキー場のリフト運転作業を終え、麓の事務所へ帰るため下り線リフトに乗ったところ、上手く座席に座ることができず、高さ約9mから地上に墜落した。","14","接客娯楽業","","","","","100~299","2","物上げ装置、運搬機械","21","動力クレーン等","","","1","墜落、転落"
"472","1995","平成","7","3","11~12","国道補修工事現場で交通整理中、乗用車に衝突された。","3","建設業","301","土木工事業","","","1~9","2","物上げ装置、運搬機械","23","乗物","","","17","交通事故（道路）"
"473","1995","平成","7","3","23~24","スケソウ刺網漁を終えた後、僚船が操業を終えるのを待つため停泊中、海中に転落した。","7","畜産・水産業","","","","","1~9","2","物上げ装置、運搬機械","23","乗物","","","10","おぼれ"
"474","1995","平成","7","3","6~7","変電所内のアスファルトの舗装工事中、移動中のダンプカーに轢かれた。","3","建設業","301","土木工事業","","","10~29","2","物上げ装置、運搬機械","22","動力運搬機","","","6","激突され"
"475","1995","平成","7","3","8~9","盤台(高さ約3.3m)近くで丸太を玉掛中、盤台上の丸太(600キログラム)が落下してきた。","1","製造業","104","木材・木製品製造業","","","10~29","5","物質、材料","52","材料","","","4","飛来、落下"
"476","1995","平成","7","3","9~10","乗用車で工事現場へ向かう途中、市道のセンターラインをはみ出し、対向してきた大型ダンプカーに衝突した。","3","建設業","302","建築工事業","","","10~29","2","物上げ装置、運搬機械","23","乗物","","","17","交通事故（道路）"
"477","1995","平成","7","3","9~10","フォークリフト(最大荷重700キログラム)のフォーク先端にドラム缶(470キログラム)を吊り下げ走行中、右折した際、フォークリフトが転倒した。","1","製造業","117","その他の製造業","","","30~49","2","物上げ装置、運搬機械","22","動力運搬機","","","2","転倒"
"478","1995","平成","7","3","9~10","乗用車で工事現場へ向かう途中、市道のセンターラインをはみ出し、対向してきた大型ダンプカーに衝突した。","3","建設業","302","建築工事業","","","10~29","2","物上げ装置、運搬機械","23","乗物","","","17","交通事故（道路）"
"479","1995","平成","7","3","9~10","乗用車で工事現場へ向かう途中、市道のセンターラインをはみ出し、対向してきた大型ダンプカーに衝突した。","3","建設業","302","建築工事業","","","10~29","2","物上げ装置、運搬機械","23","乗物","","","17","交通事故（道路）"
"480","1995","平成","7","3","11~12","後進してきた4tトラックのアオリに頭をぶつけた。","8","商業","","","","","1~9","2","物上げ装置、運搬機械","22","動力運搬機","","","6","激突され"
"481","1995","平成","7","3","12~13","トラックで町道を走行中、信号のない交差点で乗用車と衝突した。","8","商業","","","","","30~49","2","物上げ装置、運搬機械","22","動力運搬機","","","17","交通事故（道路）"
"482","1995","平成","7","3","14~15","ローラーコンベヤーの下に落ちていた部品を拾おうとしたところ、着けていたスカーフがチェーン送り用シャフトに巻き込まれ、首が絞められた。","1","製造業","104","木材・木製品製造業","","","10~29","2","物上げ装置、運搬機械","22","動力運搬機","","","7","はさまれ、巻き込まれ"
"483","1995","平成","7","3","14~15","用水路を敷設後、プレートランマーで転圧していたところ、後進してきたトラクター・ショベルに轢かれた。","3","建設業","301","土木工事業","","","1~9","1","動力機械","14","建設機械等","","","7","はさまれ、巻き込まれ"
"484","1995","平成","7","3","14~15","工場内で溶接作業中、資材搬出のため後進してきたトレーラーが、仮置きしてあった鉄板を引っかけたため、倒壊した鉄板の下敷きになった。","1","製造業","112","金属製品製造業","","","10~29","5","物質、材料","52","材料","","","5","崩壊、倒壊"
"485","1995","平成","7","3","15~16","ワイヤロープで結んだ伐採木をフォークリフトで引っ張ったところ、バランスを崩して転倒し、ヘッドガードに挟まれた。","6","農林業","601","農業","","","1~9","2","物上げ装置、運搬機械","22","動力運搬機","","","2","転倒"
"486","1995","平成","7","3","15~16","伐木作業中、足を滑らせ墜落した。","6","農林業","601","農業","","","1~9","7","環境等","71","環境等","","","1","墜落、転落"
"487","1995","平成","7","3","4~5","ユニッククレーンで御影石(600キログラム)を吊り上げ旋回したところ、石が吊具のベルトから抜けたため抱き抱えようとしたところ、下敷きになった。","3","建設業","301","土木工事業","","","1~9","2","物上げ装置、運搬機械","21","動力クレーン等","","","4","飛来、落下"
"488","1995","平成","7","3","10~11","スケソウ刺網漁の投網作業中、瀬縄が首に掛かり、海中に転落した。","7","畜産・水産業","","","","","1~9","3","その他の装置等","37","用具","","","10","おぼれ"
"489","1995","平成","7","3","10~11","トレーニングセンター内で馬の引き運動中、馬が突然暴れだし、頭部、顔面を叩かれた。","7","畜産・水産業","","","","","10~29","7","環境等","71","環境等","","","6","激突され"
"490","1995","平成","7","3","11~12","コンクリート壁の型わく解体中、壁の向側の地山が崩壊した。","3","建設業","302","建築工事業","","","1~9","7","環境等","71","環境等","","","5","崩壊、倒壊"
"491","1995","平成","7","3","15~16","鉄骨梁をガス溶断中、ガストーチに点火した際、使用中のガスボンベから漏れていたLPガスに引火した。","3","建設業","302","建築工事業","","","1~9","5","物質、材料","51","危険物、有害物等","","","11","高温・低温の物との接触"
"492","1995","平成","7","3","21~22","国道のパーキングエリアで、トレーラーの荷のワイヤロープを締め直していたところ、荷台から転落した。","4","運輸交通業","403","道路貨物運送業","","","10~29","2","物上げ装置、運搬機械","22","動力運搬機","","","1","墜落、転落"
"493","1995","平成","7","3","2~3","4tトラックで走行中、追突事故を起こした。","4","運輸交通業","403","道路貨物運送業","","","30~49","2","物上げ装置、運搬機械","22","動力運搬機","","","17","交通事故（道路）"
"494","1995","平成","7","3","7~8","高速道路を走行中、ガードレールに衝突したため車外に出た際、大型トラックにはねられた。","8","商業","","","","","10~29","2","物上げ装置、運搬機械","22","動力運搬機","","","17","交通事故（道路）"
"495","1995","平成","7","3","9~10","山林内において、積み込み盤の台上でチェーンソーの目立て作業中、2.4m下の斜面に墜落した。","6","農林業","601","農業","","","1~9","4","仮設物、建築物、構築物等","41","仮設物、建築物、構築物等","","","1","墜落、転落"
"496","1995","平成","7","3","11~12","フォークリフトでパレットを運搬中、縁石に乗り上げ横転した。","5","貨物取扱業","501","陸上貨物取扱業","","","100~299","2","物上げ装置、運搬機械","22","動力運搬機","","","2","転倒"
"497","1995","平成","7","3","13~14","階段上において、同僚と共にウェス(20キログラム)を手渡しで運んでいたところ、手摺の間から2.6m下に墜落した。","8","商業","","","","","1~9","4","仮設物、建築物、構築物等","41","仮設物、建築物、構築物等","","","1","墜落、転落"
"498","1995","平成","7","3","14~15","自動車修理工場の屋根上で作業中、スレートを踏み抜き6.8m下に墜落した。","3","建設業","303","その他の建設業","","","10~29","4","仮設物、建築物、構築物等","41","仮設物、建築物、構築物等","","","1","墜落、転落"
"499","1995","平成","7","3","5~6","新聞配達中、カーブを曲がりきれず、道路脇の電柱を支えるワイヤに引っかかり転倒した。","8","商業","","","","","10~29","2","物上げ装置、運搬機械","23","乗物","","","17","交通事故（道路）"
"500","1995","平成","7","3","9~10","倉庫内において、はい積みされた丸鋼材(高さ約2m)上を歩いていたところ、材が崩れた。","8","商業","","","","","10~29","5","物質、材料","52","材料","","","5","崩壊、倒壊"
"501","1995","平成","7","3","10~11","木造平屋建物置の建前中、梁上(高さ3m)から脚立で降りようとしたところ、墜落した。","3","建設業","302","建築工事業","","","1~9","4","仮設物、建築物、構築物等","41","仮設物、建築物、構築物等","","","1","墜落、転落"
"502","1995","平成","7","3","10~11","道路舗装工事現場において、タイヤローラー後方で清掃作業中、同ローラーに轢かれた。","3","建設業","301","土木工事業","","","1~9","1","動力機械","14","建設機械等","","","7","はさまれ、巻き込まれ"
"503","1995","平成","7","3","11~12","巻立用セントルの検査窓から顔を出していたところ、セントルが動き出し、コンクリート端部と検査窓の間に頭部を挟まれた。","3","建設業","301","土木工事業","","","100~299","4","仮設物、建築物、構築物等","41","仮設物、建築物、構築物等","","","7","はさまれ、巻き込まれ"
"504","1995","平成","7","3","14~15","盤台設置作業中、桁(丸太、長さ10m)を架け渡す際、支柱が倒れたため桁が天秤状態になり、跳ね上がった支柱があごに当たった。","6","農林業","601","農業","","","1~9","5","物質、材料","52","材料","","","6","激突され"
"505","1995","平成","7","3","14~15","コンベヤー設備の架台となる鉄骨枠(385キログラム)を、フォークリフトのツメに立てて搬送し仮置きしたところ、倒れた。","3","建設業","303","その他の建設業","","","1~9","5","物質、材料","52","材料","","","5","崩壊、倒壊"
"506","1995","平成","7","3","15~16","バックホウでコンクリート製側溝を吊り上げ走行中、被災者に激突した。","3","建設業","301","土木工事業","","","10~29","1","動力機械","14","建設機械等","","","6","激突され"
"507","1995","平成","7","3","16~17","トラックで走行中、対向してきたトラックと衝突した。","4","運輸交通業","403","道路貨物運送業","","","10~29","2","物上げ装置、運搬機械","22","動力運搬機","","","17","交通事故（道路）"
"508","1995","平成","7","3","19~20","軽自動車に同乗し国道を走行中、センターラインをはみ出し、対向してきた乗用車と衝突した。","8","商業","","","","","1~9","2","物上げ装置、運搬機械","23","乗物","","","17","交通事故（道路）"
"509","1995","平成","7","3","4~5","美容室2階から出火し、住み込み従業員が死亡した。","8","商業","","","","","1~9","9","その他","99","分類不能","","","16","火災"
"510","1995","平成","7","3","10~11","トラックで国道を走行中、センターラインをはみ出し、対向してきたバスと正面衝突した。","8","商業","","","","","10~29","2","物上げ装置、運搬機械","23","乗物","","","17","交通事故（道路）"
"511","1995","平成","7","3","11~12","積載型トラッククレーン(つり上げ荷重2.9t)で型わく材(約0.9t)の荷卸し中、クレーンが横転し、車体と手摺の間に挟まれた。","3","建設業","301","土木工事業","","","10~29","2","物上げ装置、運搬機械","21","動力クレーン等","","","2","転倒"
"512","1995","平成","7","3","12~13","残土の船積場の作業箇所へ向かう途中、トラクター・ショベルに轢かれた。","17","その他の事業","","","","","10~29","1","動力機械","14","建設機械等","","","7","はさまれ、巻き込まれ"
"513","1995","平成","7","3","13~14","2tダンプカーに残土を積み込んだ後、急に車両が動き出したため運転室に飛び乗ろうとしたところ、車両と法面の間に挟まれた。","3","建設業","301","土木工事業","","","10~29","2","物上げ装置、運搬機械","22","動力運搬機","","","7","はさまれ、巻き込まれ"
"514","1995","平成","7","3","13~14","ダム建設予定地で測量を行い、山道を戻る途中、沢に転落した。","17","その他の事業","","","","","10~29","7","環境等","71","環境等","","","1","墜落、転落"
"515","1995","平成","7","3","15~16","トレーラーで国道を走行中、センターラインを越えてきた対向車と正面衝突した。","4","運輸交通業","403","道路貨物運送業","","","100~299","2","物上げ装置、運搬機械","23","乗物","","","17","交通事故（道路）"
"516","1995","平成","7","3","3~4","2tトラックで走行中、センターラインを越えてきた9.5tトラックと正面衝突した。","4","運輸交通業","403","道路貨物運送業","","","50~99","2","物上げ装置、運搬機械","22","動力運搬機","","","17","交通事故（道路）"
"517","1995","平成","7","3","8~9","工場内で製造していた機械を床上操作式クレーンで吊り上げたところ、重心の急激な移動で機械が跳ね上がり、その端部が頭に当たった。","1","製造業","112","金属製品製造業","","","10~29","2","物上げ装置、運搬機械","21","動力クレーン等","","","6","激突され"
"518","1995","平成","7","3","8~9","小型トラックで工事現場に向かう途中、対向車線にはみ出し、大型トレーラーと正面衝突した。","3","建設業","302","建築工事業","","","1~9","2","物上げ装置、運搬機械","22","動力運搬機","","","17","交通事故（道路）"
"519","1995","平成","7","3","9~10","既設電柱上でケーブルを取り外す作業を終え、安全帯のフックを外して移動する際、6m下に墜落した。","3","建設業","303","その他の建設業","","","10~29","3","その他の装置等","35","電気設備","","","1","墜落、転落"
"520","1995","平成","7","3","16~17","駐車場内において、ダンプカーが急発進したため、その前を歩いていた被災者が、駐車していたトラックとの間に挟まれた。","3","建設業","301","土木工事業","","","1~9","2","物上げ装置、運搬機械","22","動力運搬機","","","7","はさまれ、巻き込まれ"
"521","1995","平成","7","3","5~6","掘削溝内に塩ビ下水管を布設するための床均し作業中、地山(約8m3)が崩壊した。","3","建設業","302","建築工事業","","","1~9","7","環境等","71","環境等","","","5","崩壊、倒壊"
"522","1995","平成","7","3","8~9","砂杭を造成する建設機械の砂投入用バケット(1.2×1.4×高さ2.2m、1.2t)を地上で整備中、バケット下部の可動投入口をフォークリフトで持ち上げた際、持ち上がりすぎてバケットが転倒し、その下敷きになった。","1","製造業","117","その他の製造業","","","10~29","1","動力機械","14","建設機械等","","","5","崩壊、倒壊"
"523","1995","平成","7","3","9~10","型ブロック(4t)を移動式クレーン(つり上げ荷重35t)で吊り上げ作業中、地切りした際に荷が振れ、玉掛作業をしていた被災者が、横に置かれたブロックとの間に挟まれた。","3","建設業","301","土木工事業","","","1~9","2","物上げ装置、運搬機械","21","動力クレーン等","","","6","激突され"
"524","1995","平成","7","3","9~10","小型振動ローラーで路面転圧作業中、後方に大型ロードローラーが停車しているのに気付かずに後進したため、小型ローラーのハンドルと大型ローラーの間に挟まれた。","3","建設業","301","土木工事業","","","30~49","1","動力機械","14","建設機械等","","","7","はさまれ、巻き込まれ"
"525","1995","平成","7","3","10~11","ビルの階段を清掃中、転落した。","15","清掃・と畜業","","","","","100~299","4","仮設物、建築物、構築物等","41","仮設物、建築物、構築物等","","","1","墜落、転落"
"526","1995","平成","7","3","10~11","バイクで郵便配達中、道路側溝に転落した。","11","通信業","","","","","10~29","2","物上げ装置、運搬機械","23","乗物","","","17","交通事故（道路）"
"527","1995","平成","7","3","14~15","浄化槽の清掃作業中、槽内に墜落した。","3","建設業","303","その他の建設業","","","1~9","4","仮設物、建築物、構築物等","41","仮設物、建築物、構築物等","","","1","墜落、転落"
"528","1995","平成","7","3","16~17","産業廃棄物処理施設プラントのベルトコンベヤーを修理中、同コンベヤーに巻き込まれた。","15","清掃・と畜業","","","","","1~9","2","物上げ装置、運搬機械","22","動力運搬機","","","7","はさまれ、巻き込まれ"
"529","1995","平成","7","3","20~21","事業場で残業中、弁当を買いに行き戻る途中、車にはねられた。","1","製造業","109","窯業土石製品製造業","","","10~29","2","物上げ装置、運搬機械","23","乗物","","","17","交通事故（道路）"
"530","1995","平成","7","3","9~10","カケヤを使って梁を納める作業中、梁丸太上を移動していたところ、バランスを崩し6.15m下のコンクリート床に墜落した。","3","建設業","302","建築工事業","","","50~99","4","仮設物、建築物、構築物等","41","仮設物、建築物、構築物等","","","1","墜落、転落"
"531","1995","平成","7","3","9~10","小型移動式クレーンで護岸工事用コンクリートブロックを荷台から県道端に降ろす作業中、ジブを旋回したところクレーンが横転し、激突された。","1","製造業","109","窯業土石製品製造業","","","100~299","2","物上げ装置、運搬機械","21","動力クレーン等","","","6","激突され"
"532","1995","平成","7","3","9~10","スクラップ(1.6×4×2m、4t)をガス溶断中、予期しない溶断部分の断裂があったため、スクラップがバランスを失って横倒しになり、その下敷きになった。","1","製造業","110","鉄鋼業","","","1~9","5","物質、材料","52","材料","","","5","崩壊、倒壊"
"533","1995","平成","7","3","15~16","倉庫前で10tトラックに荷積み作業中、荷台より墜落した。","4","運輸交通業","403","道路貨物運送業","","","不明","2","物上げ装置、運搬機械","22","動力運搬機","","","1","墜落、転落"
"534","1995","平成","7","3","15~16","住宅2階屋根上でゴミの片付け作業中、足を滑らせ5.7m下の地上に墜落した。","3","建設業","302","建築工事業","","","1~9","4","仮設物、建築物、構築物等","41","仮設物、建築物、構築物等","","","1","墜落、転落"
"535","1995","平成","7","3","17~18","傾いたスカイキャリーの中間支柱を直すため支柱に昇り、台付ワイヤを掛けていたところ、支柱が倒れて墜落した。","6","農林業","601","農業","","","1~9","2","物上げ装置、運搬機械","21","動力クレーン等","","","1","墜落、転落"
"536","1995","平成","7","3","1~2","トラックで高速道路を走行中、渋滞で停止していたトラックに追突した。","4","運輸交通業","403","道路貨物運送業","","","300~499","2","物上げ装置、運搬機械","22","動力運搬機","","","17","交通事故（道路）"
"537","1995","平成","7","3","2~3","高速道路で追突事故を起こしたため、乗っていたトラックを路肩に寄せ、追突した軽トラックを移動させていたところ、走行してきたトラックにはねられた。","4","運輸交通業","403","道路貨物運送業","","","100~299","2","物上げ装置、運搬機械","22","動力運搬機","","","17","交通事故（道路）"
"538","1995","平成","7","3","2~3","高速道路を走行中、前車が中央分離帯に衝突して積荷が散乱したため、荷にハンドルを取られて横向きに停車した際、後続車に追突された。","4","運輸交通業","403","道路貨物運送業","","","50~99","2","物上げ装置、運搬機械","22","動力運搬機","","","17","交通事故（道路）"
"539","1995","平成","7","3","5~6","トラックに追突した後、後続のトラックに追突された。","4","運輸交通業","403","道路貨物運送業","","","50~99","2","物上げ装置、運搬機械","22","動力運搬機","","","17","交通事故（道路）"
"540","1995","平成","7","3","7~8","事業場構内の原料道路を乗用車で走行中、センターラインをはみ出し、工場のベルトコンベヤーに激突した。","1","製造業","110","鉄鋼業","","","1000~9999","2","物上げ装置、運搬機械","23","乗物","","","3","激突"
"541","1995","平成","7","3","8~9","ユニック車で敷鉄板(6×1.5m、1.6t)の荷積み作業中、荷台に鉄板を載せ倒そうとしたところ、吊具から鉄板が外れ、操作をしていた被災者に当たった。","3","建設業","301","土木工事業","","","1~9","3","その他の装置等","37","用具","","","6","激突され"
"542","1995","平成","7","3","9~10","50ccバイクを運転し、工事に使うマーキングスプレーを買いに行ったところ、信号のない交差点で軽自動車と衝突した。","3","建設業","301","土木工事業","","","50~99","2","物上げ装置、運搬機械","23","乗物","","","17","交通事故（道路）"
"543","1995","平成","7","3","10~11","親企業構内において、橋型クレーンでばら積み貨物船のハッチコーミングを吊り上げ走行中、荷振れにより近くの工作物と吊り荷の間に挟まれた。","1","製造業","112","金属製品製造業","","","10~29","2","物上げ装置、運搬機械","21","動力クレーン等","","","7","はさまれ、巻き込まれ"
"544","1995","平成","7","3","11~12","脚立に乗りエアコンの配管カバーを取付中、バランスを崩し1.6m下の地面に墜落した。","3","建設業","303","その他の建設業","","","1~9","9","その他","91","その他の起因物","","","90","その他"
"545","1995","平成","7","3","14~15","水力発電所の水車発電機の点検を終え、放水口ゲートを開くため開閉用モーターに手動ハンドルを差し込み、調整していたところ、誤ってモーターのボタンを押し、飛び出したハンドルが頭に当たった。","1","製造業","116","電気・ガス・水道業","","","30~49","1","動力機械","11","原動機（電動機を除く）","","","4","飛来、落下"
"546","1995","平成","7","3","16~17","2階屋根上で屋根下地板を取付中、軒先から6m下の地面に墜落した。","3","建設業","302","建築工事業","","","10~29","4","仮設物、建築物、構築物等","41","仮設物、建築物、構築物等","","","1","墜落、転落"
"547","1995","平成","7","3","12~13","乗用車で取引先に向かう途中、車線を越えてきた乗用車と衝突した。","1","製造業","115","輸送用機械等製造業","","","1000~9999","2","物上げ装置、運搬機械","23","乗物","","","17","交通事故（道路）"
"548","1995","平成","7","3","19~20","軽自動車で国道を走行中、中央分離帯を越えてきた2tトラックと正面衝突した。","17","その他の事業","","","","","100~299","2","物上げ装置、運搬機械","22","動力運搬機","","","17","交通事故（道路）"
"549","1995","平成","7","3","7~8","事業場の駐車場において、ドアを開けて顔を出し、後方確認しながら後進中、脱輪して車が傾いた際、ドアとガードレールの間に頭部を挟まれた。","4","運輸交通業","403","道路貨物運送業","","","1~9","2","物上げ装置、運搬機械","23","乗物","","","7","はさまれ、巻き込まれ"
"550","1995","平成","7","3","10~11","現場2階部分のエレベーターピット付近を通行中、1階に転落した。","3","建設業","302","建築工事業","","","10~29","4","仮設物、建築物、構築物等","41","仮設物、建築物、構築物等","","","1","墜落、転落"
"551","1995","平成","7","3","10~11","屋根上の作業箇所に向かう途中、機械室デッキ部付近から約30m下のコンクリート床に墜落した。","3","建設業","303","その他の建設業","","","1~9","4","仮設物、建築物、構築物等","41","仮設物、建築物、構築物等","","","1","墜落、転落"
"552","1995","平成","7","3","11~12","営業車で走行中、Uターンしようとしたところ、直進してきた乗用車と衝突した。","4","運輸交通業","402","道路旅客運送業","","","50~99","2","物上げ装置、運搬機械","23","乗物","","","17","交通事故（道路）"
"553","1995","平成","7","3","11~12","倉庫内において、棚卸し検査の準備作業として積み上げられた米袋(高さ3.5m)上で検数を行い、作業後梯子を降りる際、土間コンクリートに墜落した。","1","製造業","106","パルプ・紙・紙加工品製造業","","","30~49","3","その他の装置等","37","用具","","","1","墜落、転落"
"554","1995","平成","7","3","12~13","事業場構内において、フォークリフトのフォーク上に乗り、建屋2階の庇を掃除中、墜落した。","1","製造業","101","食料品製造業","","","1~9","2","物上げ装置、運搬機械","22","動力運搬機","","","1","墜落、転落"
"555","1995","平成","7","3","12~13","L型擁壁の埋め戻し作業中、ドラグ・ショベルのバケットに挟まれた。","3","建設業","301","土木工事業","","","1~9","1","動力機械","14","建設機械等","","","7","はさまれ、巻き込まれ"
"556","1995","平成","7","3","13~14","造林作業現場において刈払機で伐木作業中、刈払機の先端が木に接触した反動で跳ね返り、左大腿部に接触した。","6","農林業","601","農業","","","1~9","1","動力機械","16","一般動力機械","","","8","切れ、こすれ"
"557","1995","平成","7","3","13~14","鋼材倉庫内において、天井クレーンで鋼材束(約3t)を搬入中、積置箇所付近で作業していた被災者が、材と建屋柱の間に挟まれた。","8","商業","","","","","100~299","2","物上げ装置、運搬機械","21","動力クレーン等","","","7","はさまれ、巻き込まれ"
"558","1995","平成","7","3","14~15","加熱炉の前で待機中、着衣が燃えだした。","1","製造業","110","鉄鋼業","","","10~29","3","その他の装置等","34","炉窯等","","","11","高温・低温の物との接触"
"559","1995","平成","7","3","23~24","ドラグ・ショベルで掘削作業中、コンクリート側壁(高さ2.63m、長さ7.7m、幅11.5センチメートル)が崩壊した。","3","建設業","301","土木工事業","","","1~9","4","仮設物、建築物、構築物等","41","仮設物、建築物、構築物等","","","5","崩壊、倒壊"
"560","1995","平成","7","4","8~9","トラック荷台上で丸太をイビで整木中、バランスを崩し2.5m下に転落した。","1","製造業","104","木材・木製品製造業","","","1~9","5","物質、材料","52","材料","","","1","墜落、転落"
"561","1995","平成","7","4","9~10","6階の湯沸室床を洗浄中、ドアが開かなくなったため下の階から降りようと、点検孔から配管ピットに入り、配管を伝って降りていたところ、地下1階まで墜落した。","15","清掃・と畜業","","","","","30~49","4","仮設物、建築物、構築物等","41","仮設物、建築物、構築物等","","","1","墜落、転落"
"562","1995","平成","7","4","9~10","土木工事現場において、坂道に止めてあった生コン車が動き出し、工事中のL型水路と生コン車の間に挟まれた。","8","商業","","","","","1~9","2","物上げ装置、運搬機械","22","動力運搬機","","","7","はさまれ、巻き込まれ"
"563","1995","平成","7","4","11~12","棟上げ作業中、桁上にいた被災者が、地上から材木を受け取った直後にバランスを崩し、約3.5m下のコンクリート土間に墜落した。","3","建設業","302","建築工事業","","","30~49","4","仮設物、建築物、構築物等","41","仮設物、建築物、構築物等","","","1","墜落、転落"
"564","1995","平成","7","4","17~18","作業終了後、ワゴン車で作業員を自宅へ送る途中、交差点でトラックと衝突した。","3","建設業","301","土木工事業","","","10~29","2","物上げ装置、運搬機械","23","乗物","","","17","交通事故（道路）"
"565","1995","平成","7","4","19~20","廃材処理現場において、ドラグ・ショベルと骨材サイロの間を歩行中、同ショベルが旋回したため、サイロとの間に挟まれた。","1","製造業","109","窯業土石製品製造業","","","10~29","1","動力機械","14","建設機械等","","","7","はさまれ、巻き込まれ"
"566","1995","平成","7","4","7~8","国道に停車させたトラックの荷台上で荷卸し作業中、乗用車がトラックに追突し、その衝撃で荷台から転落した。","4","運輸交通業","403","道路貨物運送業","","","1~9","2","物上げ装置、運搬機械","23","乗物","","","1","墜落、転落"
"567","1995","平成","7","4","11~12","原木を集材機で運搬中、ブロックを固定している台付ワイヤが切れ、引き寄せワイヤに直撃された。","6","農林業","601","農業","","","1~9","2","物上げ装置、運搬機械","21","動力クレーン等","","","6","激突され"
"568","1995","平成","7","4","14~15","資材置場の棚からアングル材を取ろうとしたところ、脚立から転落した。","1","製造業","112","金属製品製造業","","","1~9","3","その他の装置等","37","用具","","","1","墜落、転落"
"569","1995","平成","7","4","17~18","工場岸壁付近の資材置場を点検に行った被災者が、岸壁から海中に転落した。","3","建設業","302","建築工事業","","","1~9","4","仮設物、建築物、構築物等","41","仮設物、建築物、構築物等","","","10","おぼれ"
"570","1995","平成","7","4","5~6","電気炉の蓋の排気ダクト内のスラグを除去中、蓋の内側に付着していた地金(1.1t)が剥がれ落ちてきた。","1","製造業","110","鉄鋼業","","","300~499","3","その他の装置等","34","炉窯等","","","4","飛来、落下"
"571","1995","平成","7","4","5~6","電気炉の蓋の排気ダクト内のスラグを除去中、蓋の内側に付着していた地金(1.1t)が剥がれ落ちてきた。","1","製造業","110","鉄鋼業","","","300~499","3","その他の装置等","34","炉窯等","","","4","飛来、落下"
"572","1995","平成","7","4","6~7","乗用車で作業現場に向かう途中、トラックと衝突した。","17","その他の事業","","","","","10~29","2","物上げ装置、運搬機械","22","動力運搬機","","","17","交通事故（道路）"
"573","1995","平成","7","4","10~11","ブル・ドーザーで集材作業中、同僚が伐採していた木が被災者を直撃した。","6","農林業","601","農業","","","30~49","7","環境等","71","環境等","","","6","激突され"
"574","1995","平成","7","4","11~12","伐採現場で集材作業中、先山にいた被災者がホールバックラインに身体をすくわれ、跳ね上げられた。","6","農林業","601","農業","","","1~9","2","物上げ装置、運搬機械","21","動力クレーン等","","","6","激突され"
"575","1995","平成","7","4","13~14","法面上部(高さ6m)で丁張の位置の変更を終え、斜面を歩いていたところ、足を滑らせ転落した。","3","建設業","301","土木工事業","","","1~9","7","環境等","71","環境等","","","1","墜落、転落"
"576","1995","平成","7","4","13~14","建設現場に隣接する道路上の残土を清掃中、後進してきたパワー・ショベルに巻き込まれた。","3","建設業","302","建築工事業","","","1~9","1","動力機械","14","建設機械等","","","7","はさまれ、巻き込まれ"
"577","1995","平成","7","4","13~14","プラットホーム上で車止めの錆落とし作業中、フォークリフトに接触され、1.1m下の床に転落した。","1","製造業","101","食料品製造業","","","50~99","4","仮設物、建築物、構築物等","41","仮設物、建築物、構築物等","","","1","墜落、転落"
"578","1995","平成","7","4","14~15","保存用冷蔵庫内において、フォークリフトで球根(10箱)の出庫作業中、ヘッドガードの柱とマストの間に頭を挟まれた。","8","商業","","","","","1~9","2","物上げ装置、運搬機械","22","動力運搬機","","","7","はさまれ、巻き込まれ"
"579","1995","平成","7","4","15~16","駐車場入口のガードパイプ建方中、仮溶接していたガードパイプが外れ、頭上に落下してきた。","3","建設業","302","建築工事業","","","1~9","5","物質、材料","52","材料","","","4","飛来、落下"
"580","1995","平成","7","4","15~16","サイディング廃材を2tトラックに積み込む作業中、後部バンパー(地上44センチメートル)に緊結した足場板から転落した。","3","建設業","302","建築工事業","","","1~9","4","仮設物、建築物、構築物等","41","仮設物、建築物、構築物等","","","1","墜落、転落"
"581","1995","平成","7","4","15~16","資材置場において、ドラグ・ショベルのフックにワイヤを掛け、コンパネ材をトラックに積み込もうとしたところ、ワイヤが外れ、材の下敷きになった。","3","建設業","301","土木工事業","","","10~29","1","動力機械","14","建設機械等","","","4","飛来、落下"
"582","1995","平成","7","4","16~17","SRC造5階建ビルの3階部分の枠組足場上において、巻上機で一輪車を降ろそうとしたところ、墜落した。","3","建設業","302","建築工事業","","","1~9","4","仮設物、建築物、構築物等","41","仮設物、建築物、構築物等","","","1","墜落、転落"
"583","1995","平成","7","4","16~17","庭木の剪定作業中、乗っていた枝が折れ、5.9m下に墜落した。","6","農林業","602","林業","","","1~9","7","環境等","71","環境等","","","1","墜落、転落"
"584","1995","平成","7","4","4~5","50ccバイクで新聞配達中、交差点で11tトラックと衝突した。","8","商業","","","","","1~9","2","物上げ装置、運搬機械","23","乗物","","","17","交通事故（道路）"
"585","1995","平成","7","4","5~6","高速道路のトンネル手前で事故渋滞中、大型トラックに追突した。","4","運輸交通業","403","道路貨物運送業","","","1~9","2","物上げ装置、運搬機械","22","動力運搬機","","","17","交通事故（道路）"
"586","1995","平成","7","4","8~9","ライトバンで現場へ向かう途中、交差点で対向車と衝突した。","17","その他の事業","","","","","50~99","2","物上げ装置、運搬機械","23","乗物","","","17","交通事故（道路）"
"587","1995","平成","7","4","9~10","工場内の煮沸槽から木材を取り出す作業中、バランスを崩し槽内に転落した。","1","製造業","104","木材・木製品製造業","","","1~9","3","その他の装置等","34","炉窯等","","","11","高温・低温の物との接触"
"588","1995","平成","7","4","10~11","移動式クレーン(つり上げ荷重2.9t)でトラクター・ショベルを河床に降ろす作業中、クレーンが転倒し、ガードフェンスとの間に挟まれた。","3","建設業","301","土木工事業","","","1~9","2","物上げ装置、運搬機械","21","動力クレーン等","","","2","転倒"
"589","1995","平成","7","4","12~13","農道舗装工事現場において、昼休みに2tトラック前方で寝ていたところ、運転手が被災者に気づかず発進させたため、轢かれた。","3","建設業","301","土木工事業","","","1~9","2","物上げ装置、運搬機械","22","動力運搬機","","","7","はさまれ、巻き込まれ"
"590","1995","平成","7","4","14~15","乗用車で走行中、センターラインをはみ出し、対向してきた大型トラックと衝突した。","17","その他の事業","","","","","1~9","2","物上げ装置、運搬機械","23","乗物","","","17","交通事故（道路）"
"591","1995","平成","7","4","16~17","移動式クレーンで吊り上げたダンプカーのアオリを溶接中、アオリを吊り上げていた繊維ロープが切れ、落下したアオリが当たった。","4","運輸交通業","403","道路貨物運送業","","","10~29","3","その他の装置等","37","用具","","","6","激突され"
"592","1995","平成","7","4","17~18","屋根の下地作業を終え、2階から降りようとしたところ、3.7m下に墜落した。","3","建設業","302","建築工事業","","","1~9","4","仮設物、建築物、構築物等","41","仮設物、建築物、構築物等","","","1","墜落、転落"
"593","1995","平成","7","4","19~20","バイクで帰社途中、駐車していた2tトラックに追突した。","3","建設業","301","土木工事業","","","1~9","2","物上げ装置、運搬機械","23","乗物","","","17","交通事故（道路）"
"594","1995","平成","7","4","13~14","構内を歩行中、後進してきた4tトラックにはねられた。","4","運輸交通業","403","道路貨物運送業","","","不明","2","物上げ装置、運搬機械","22","動力運搬機","","","6","激突され"
"595","1995","平成","7","4","15~16","大型トラックで県道を走行中、反対車線を走行中のトレーラーが横転し、衝突した。","4","運輸交通業","403","道路貨物運送業","","","1~9","2","物上げ装置、運搬機械","22","動力運搬機","","","17","交通事故（道路）"
"596","1995","平成","7","4","17~18","2階窓から身を乗り出して外壁にある屋内配線を整理する際、約4.4m下の道路に墜落した。","3","建設業","303","その他の建設業","","","1~9","4","仮設物、建築物、構築物等","41","仮設物、建築物、構築物等","","","1","墜落、転落"
"597","1995","平成","7","4","1~2","市道上の地下道工事現場で交通整理中、ワゴン車にはねられた。","17","その他の事業","","","","","30~49","2","物上げ装置、運搬機械","23","乗物","","","17","交通事故（道路）"
"598","1995","平成","7","4","1~2","10tトラックで国道を走行中、大型トラックに追突した。","4","運輸交通業","403","道路貨物運送業","","","10~29","2","物上げ装置、運搬機械","22","動力運搬機","","","17","交通事故（道路）"
"599","1995","平成","7","4","9~10","法面のコンクリート吹付作業の準備中、法面上(高さ15m)から転落した。","3","建設業","301","土木工事業","","","10~29","7","環境等","71","環境等","","","1","墜落、転落"
"600","1995","平成","7","4","11~12","鉄骨2階建住宅新築工事において、屋上の床端部(高さ7.12m)から1階コンクリート床に墜落した。","3","建設業","302","建築工事業","","","1~9","4","仮設物、建築物、構築物等","41","仮設物、建築物、構築物等","","","1","墜落、転落"
"601","1995","平成","7","4","14~15","納品先より帰る途中、交差点でダンプカーに衝突された。","17","その他の事業","","","","","300~499","2","物上げ装置、運搬機械","22","動力運搬機","","","17","交通事故（道路）"
"602","1995","平成","7","4","14~15","調査現場より普通乗用車で帰社途中、交差点で大型ダンプカーと衝突した。","3","建設業","303","その他の建設業","","","30~49","2","物上げ装置、運搬機械","22","動力運搬機","","","17","交通事故（道路）"
"603","1995","平成","7","4","23~24","乗用車で出張先から帰社途中、大型トラックと正面衝突した。","17","その他の事業","","","","","1~9","2","物上げ装置、運搬機械","23","乗物","","","17","交通事故（道路）"
"604","1995","平成","7","4","7~8","高速道路を走行中、濃霧による視界不良のため停止していた車に追突した。","4","運輸交通業","403","道路貨物運送業","","","10~29","2","物上げ装置、運搬機械","22","動力運搬機","","","17","交通事故（道路）"
"605","1995","平成","7","4","9~10","4段目のビティー足場上で上部足場の解体作業中、解体した足場をクレーンで吊り上げたところ、荷が横揺れして接触し、その反動で墜落した。","3","建設業","302","建築工事業","","","1~9","4","仮設物、建築物、構築物等","41","仮設物、建築物、構築物等","","","1","墜落、転落"
"606","1995","平成","7","4","11~12","ジプチ共和国へ出張中、乗っていたジープがパンクし横転した。","17","その他の事業","","","","","500~999","2","物上げ装置、運搬機械","23","乗物","","","17","交通事故（道路）"
"607","1995","平成","7","4","15~16","建設現場のぬかるみにはまった移動式クレーンを、バックホウのフックに掛けたワイヤで引き出したところ、クレーン後部とバックホウのバケットの間に挟まれた。","3","建設業","301","土木工事業","","","1~9","1","動力機械","14","建設機械等","","","7","はさまれ、巻き込まれ"
"608","1995","平成","7","4","15~16","道路拡幅工事現場で交通整理中、走行してきた乗用車にはねられた。","17","その他の事業","","","","","100~299","2","物上げ装置、運搬機械","23","乗物","","","17","交通事故（道路）"
"609","1995","平成","7","4","15~16","2階建木造住宅の2階屋根に登っていたところ、墜落した。","3","建設業","302","建築工事業","","","1~9","4","仮設物、建築物、構築物等","41","仮設物、建築物、構築物等","","","1","墜落、転落"
"610","1995","平成","7","4","3~4","事業場2階の樋を補修するため、2段のスライド製梯子を昇ったところ、2段目が下降し、墜落した。","3","建設業","302","建築工事業","","","1~9","3","その他の装置等","37","用具","","","1","墜落、転落"
"611","1995","平成","7","4","5~6","砂貯蔵施設の排出口から砂を排出させる作業を砂の上で行っていたところ、下部の砂が崩壊した。","1","製造業","109","窯業土石製品製造業","","","10~29","5","物質、材料","52","材料","","","1","墜落、転落"
"612","1995","平成","7","4","9~10","貨物積込準備作業中、フォークリフトに轢かれた。","5","貨物取扱業","502","港湾運送業","","","30~49","2","物上げ装置、運搬機械","22","動力運搬機","","","7","はさまれ、巻き込まれ"
"613","1995","平成","7","4","9~10","木造2階建住宅1階柱の建方中、転倒し土台で頭を強打した。","3","建設業","302","建築工事業","","","1~9","4","仮設物、建築物、構築物等","41","仮設物、建築物、構築物等","","","2","転倒"
"614","1995","平成","7","4","10~11","トンネル工事の濁水処理プラント内の通路をドラグ・ショベルで造成中、断崖(高さ約1.5m)を掘削していたところ、ドラグ・ショベルが転倒した。","3","建設業","301","土木工事業","","","30~49","1","動力機械","14","建設機械等","","","2","転倒"
"615","1995","平成","7","4","11~12","取引先より軽トラックで帰社途中、高速道路で追突事故を起こした。","1","製造業","117","その他の製造業","","","50~99","2","物上げ装置、運搬機械","22","動力運搬機","","","17","交通事故（道路）"
"616","1995","平成","7","4","13~14","ドラグ・ショベルでワイヤを掛けたL型擁壁を吊り上げたところ、擁壁が落下し、吊具を押さえていた被災者が下敷きになった。","3","建設業","301","土木工事業","","","1~9","1","動力機械","14","建設機械等","","","4","飛来、落下"
"617","1995","平成","7","4","15~16","砂貯蔵施設の排出口から砂を排出させる作業を砂の上で行っていたところ、下部の砂が崩壊した。","1","製造業","109","窯業土石製品製造業","","","10~29","5","物質、材料","52","材料","","","1","墜落、転落"
"618","1995","平成","7","4","17~18","クローラクレーンでブロックの転置作業中、補巻きによって地切りし、ジブを起こそうとした際、主巻用ワイヤロープが切れ、フックブロックが落下した。","3","建設業","301","土木工事業","","","50~99","2","物上げ装置、運搬機械","21","動力クレーン等","","","4","飛来、落下"
"619","1995","平成","7","4","6~7","軽自動車で国道を走行中、道路左側に停車中のトラックに追突した。","8","商業","","","","","50~99","2","物上げ装置、運搬機械","22","動力運搬機","","","17","交通事故（道路）"
"620","1995","平成","7","4","9~10","引っ越し作業で使用していた簡易昇降機が途中で止まったため、ベランダから身を乗り出して原因調査をしていたところ、バランスを崩し約10m下に墜落した。","5","貨物取扱業","501","陸上貨物取扱業","","","300~499","4","仮設物、建築物、構築物等","41","仮設物、建築物、構築物等","","","1","墜落、転落"
"621","1995","平成","7","4","11~12","商店の2階事務所から釣銭箱を持って階段を下りる途中、転落した。","8","商業","","","","","30~49","4","仮設物、建築物、構築物等","41","仮設物、建築物、構築物等","","","1","墜落、転落"
"622","1995","平成","7","4","8~9","トラック荷台上のドラグ・ショベルを運転し、荷台から降りる際、ドラグ・ショベルが横転した。","3","建設業","302","建築工事業","","","10~29","1","動力機械","14","建設機械等","","","2","転倒"
"623","1995","平成","7","4","8~9","工場内において、床上操作式天井走行クレーンで鉄パイプ(275キログラム)を吊り上げた際、玉掛用具にしていたVベルトが切断し、吊り荷が落下した。","1","製造業","112","金属製品製造業","","","10~29","3","その他の装置等","37","用具","","","4","飛来、落下"
"624","1995","平成","7","4","13~14","畳製造機で畳のヘリを加工中、製造機のミシン・カッター部分と棚の支柱の間に挟まれた。","1","製造業","117","その他の製造業","","","1~9","1","動力機械","16","一般動力機械","","","7","はさまれ、巻き込まれ"
"625","1995","平成","7","4","15~16","バイクで除草剤等を買いに行く途中、8tトラックと出会い頭に衝突した。","8","商業","","","","","50~99","2","物上げ装置、運搬機械","23","乗物","","","17","交通事故（道路）"
"626","1995","平成","7","4","16~17","屋根のタルキを足場にして、広子舞を取り付ける作業中、バランスを崩し3.41m下のコンクリート上に墜落した。","3","建設業","302","建築工事業","","","1~9","4","仮設物、建築物、構築物等","41","仮設物、建築物、構築物等","","","1","墜落、転落"
"627","1995","平成","7","4","17~18","クラッシャーの作動状況を点検中、ホッパー内に転落した。","2","鉱業","203","その他の鉱業","","","1~9","4","仮設物、建築物、構築物等","41","仮設物、建築物、構築物等","","","1","墜落、転落"
"628","1995","平成","7","4","2~3","大型トラックで国道を走行中、前方で事故を起こした大型ダンプカーに追突した。","4","運輸交通業","403","道路貨物運送業","","","30~49","2","物上げ装置、運搬機械","22","動力運搬機","","","17","交通事故（道路）"
"629","1995","平成","7","4","4~5","4tトラックで走行中、カーブで運転を誤り、対向車と接触し横転した。","4","運輸交通業","403","道路貨物運送業","","","10~29","2","物上げ装置、運搬機械","22","動力運搬機","","","17","交通事故（道路）"
"630","1995","平成","7","4","9~10","鉄骨造倉庫解体作業において、梁上でガス溶断中、4.17m下のコンクリート土間に墜落した。","3","建設業","302","建築工事業","","","10~29","4","仮設物、建築物、構築物等","41","仮設物、建築物、構築物等","","","1","墜落、転落"
"631","1995","平成","7","4","9~10","真空成形機(プラスチック成形機)の木型取付・段取り作業中、木型を取り付けたモーターテーブルが上昇し、クランプ枠(材料を固定するための鋼製アングル)との間に挟まれた。","1","製造業","108","化学工業","","","30~49","1","動力機械","16","一般動力機械","","","7","はさまれ、巻き込まれ"
"632","1995","平成","7","4","12~13","乗用車で県道を走行中、センターラインをはみ出し、対向してきたダンプカーと正面衝突した。","3","建設業","302","建築工事業","","","100~299","2","物上げ装置、運搬機械","23","乗物","","","17","交通事故（道路）"
"633","1995","平成","7","4","13~14","伐木作業中、かかり木が掛かった木を伐倒したところ、かかり木が落下した。","3","建設業","301","土木工事業","","","1~9","7","環境等","71","環境等","","","4","飛来、落下"
"634","1995","平成","7","4","13~14","外壁塗装工事の外部足場を組立中、単管ブラケット足場の5層目(高さ約9m)に乗り、6層目の足場板を取り付けようとしたところ、クランプのボルトを締め付けていなかったため単管手摺の片方が建地から外れ、墜落した。","3","建設業","302","建築工事業","","","10~29","4","仮設物、建築物、構築物等","41","仮設物、建築物、構築物等","","","1","墜落、転落"
"635","1995","平成","7","4","13~14","移動式クレーンで6段重ねの石灯篭の組立作業中、被災者が灯篭の5段目に乗って監視していたところ、灯篭が倒れ下敷きになった。(外)","8","商業","","","","","1~9","5","物質、材料","52","材料","","","5","崩壊、倒壊"
"636","1995","平成","7","4","14~15","塩を運搬してきた9.5tダンプカーの荷台に残っていた塩をかき出すため、荷台を傾斜させてアオリをフォークリフトのフォークで固定し、荷台の外から作業していたところ、荷台が下がったためフォークからアオリが外れ、荷台とアオリの間に頭部を挟まれた。","1","製造業","108","化学工業","","","10~29","2","物上げ装置、運搬機械","22","動力運搬機","","","6","激突され"
"637","1995","平成","7","4","15~16","傾斜のある道路上に駐車していたトラックが動き出して下方のトラックに激突し、激突されたトラックとその前方のダンプカーの間で作業中の被災者が挟まれた。","3","建設業","301","土木工事業","","","10~29","2","物上げ装置、運搬機械","22","動力運搬機","","","6","激突され"
"638","1995","平成","7","4","17~18","ビル4階エレベーター入口開口部において、脚立足場に乗り、電動ピックでコンクリートたれ壁はつり作業中、バランスを崩し10.3m下のエレベーターピットに墜落した。","3","建設業","302","建築工事業","","","10~29","4","仮設物、建築物、構築物等","41","仮設物、建築物、構築物等","","","1","墜落、転落"
"639","1995","平成","7","4","18~19","道路用交通信号機点検作業を終え、高所作業車に同乗し高速道路を走行中、大型トレーラーに追突した。","3","建設業","303","その他の建設業","","","1~9","1","動力機械","14","建設機械等","","","17","交通事故（道路）"
"640","1995","平成","7","4","13~14","擁壁下で飛散物を片付け中、擁壁上の道路に置いてあったカナパイプが突風のため落下し、被災者に当たった。","3","建設業","301","土木工事業","","","1~9","5","物質、材料","52","材料","","","4","飛来、落下"
"641","1995","平成","7","4","14~15","アンモニア配管を解体中、アンモニア臭がしたためエアラインマスクを空気配管に接続する際、誤って窒素配管に接続し、酸欠症になった。","3","建設業","303","その他の建設業","","","1~9","5","物質、材料","51","危険物、有害物等","","","12","有害物等との接触"
"642","1995","平成","7","4","2~3","20tトレーラーで走行中、ガードレールに接触し横転した。","4","運輸交通業","403","道路貨物運送業","","","30~49","2","物上げ装置、運搬機械","22","動力運搬機","","","17","交通事故（道路）"
"643","1995","平成","7","4","4~5","4tトラックで県道を走行中、センターラインをはみ出し、対向してきた10tトラックと正面衝突した。","4","運輸交通業","403","道路貨物運送業","","","10~29","2","物上げ装置、運搬機械","22","動力運搬機","","","17","交通事故（道路）"
"644","1995","平成","7","4","5~6","自転車で新聞配達中、市道でバイクにはねられた。","8","商業","","","","","100~299","2","物上げ装置、運搬機械","23","乗物","","","17","交通事故（道路）"
"645","1995","平成","7","4","9~10","ゴルフ場クラブハウス地下機械室内において、浴場消毒用の次亜塩素酸ソーダを専用タンクに投入する際、間違えてポリ塩化アルミニウムを入れたため塩素ガスが発生した。","14","接客娯楽業","","","","","100~299","5","物質、材料","51","危険物、有害物等","","","12","有害物等との接触"
"646","1995","平成","7","4","10~11","鉄骨の建方作業中、仮置きしてあったデッキプレート上(高さ8.13m)から墜落した。","3","建設業","302","建築工事業","","","1~9","6","荷","61","荷","","","1","墜落、転落"
"647","1995","平成","7","4","11~12","伐倒した立木(胸高直径約40センチメートル、長さ約18m)に激突された。","6","農林業","601","農業","","","1~9","7","環境等","71","環境等","","","6","激突され"
"648","1995","平成","7","4","14~15","移動式クレーンで角材を地上へ降ろす作業中、材を束ねていたチェーンが切れ、落ちてきた角材が当たった。","3","建設業","302","建築工事業","","","10~29","2","物上げ装置、運搬機械","21","動力クレーン等","","","4","飛来、落下"
"649","1995","平成","7","4","15~16","バイクで走行中、道路に飛び出してきた子供と接触し、転倒した。","14","接客娯楽業","","","","","10~29","2","物上げ装置、運搬機械","23","乗物","","","17","交通事故（道路）"
"650","1995","平成","7","4","16~17","エンジンをかけたままトラックから降り、車体下部を覗き込んでいたところ、トラックが動き出し、止めるため運転席に乗り込む際、タイヤに巻き込まれた。","8","商業","","","","","1~9","2","物上げ装置、運搬機械","22","動力運搬機","","","7","はさまれ、巻き込まれ"
"651","1995","平成","7","4","17~18","コンテナからドラム缶を荷卸しするため、コンテナのドアを開けようとしたところ、ドラム缶がドアにもたれ掛かっていたため急にドアが開き、はね飛ばされた。","4","運輸交通業","403","道路貨物運送業","","","30~49","2","物上げ装置、運搬機械","22","動力運搬機","","","6","激突され"
"652","1995","平成","7","4","2~3","トラック荷台よりチェーンブロックでストレーナー(230キログラム)を荷卸し中、荷台(高さ106センチメートル)から転落した。","1","製造業","110","鉄鋼業","","","不明","2","物上げ装置、運搬機械","22","動力運搬機","","","1","墜落、転落"
"653","1995","平成","7","4","9~10","トラックを後進させたところ、道路が傾斜していたため横転した。","1","製造業","116","電気・ガス・水道業","","","30~49","2","物上げ装置、運搬機械","22","動力運搬機","","","17","交通事故（道路）"
"654","1995","平成","7","4","10~11","工事現場で2tダンプカーの後進誘導中、当該車両に轢かれた。","17","その他の事業","","","","","1~9","2","物上げ装置、運搬機械","22","動力運搬機","","","6","激突され"
"655","1995","平成","7","4","10~11","3階の機材を地下倉庫に運ぶため、自動車用エレベーターに積み込んでいたところ、壁との隙間(約33センチメートル)から約15m下の地下2階コンクリート床に墜落した。","11","通信業","","","","","50~99","4","仮設物、建築物、構築物等","41","仮設物、建築物、構築物等","","","1","墜落、転落"
"656","1995","平成","7","4","11~12","家屋解体工事が完了し、敷地端で清掃作業中、震災により半壊状態にあった隣の家屋(木造2階建)が突然倒壊した。","3","建設業","303","その他の建設業","","","1~9","4","仮設物、建築物、構築物等","41","仮設物、建築物、構築物等","","","5","崩壊、倒壊"
"657","1995","平成","7","4","12~13","ドラグ・ショベルを移動させる際、隣の4tトラックがその振動で動き出したため、被災者が飛び乗ろうとしたところ、横転したトラックの下敷きになった。","3","建設業","301","土木工事業","","","1~9","2","物上げ装置、運搬機械","22","動力運搬機","","","7","はさまれ、巻き込まれ"
"658","1995","平成","7","4","12~13","クライミングクレーンを使い、送電線鉄塔(高さ22m)上で部材のボルト締め作業中、部材を吊っていたナイロンスリングを外して巻き上げていたところ、スリング先端に下がっていたシャックルが部材に引っ掛かり、そのまま巻き上げたため外れ、胸部に当たった。","3","建設業","303","その他の建設業","","","10~29","2","物上げ装置、運搬機械","21","動力クレーン等","","","6","激突され"
"659","1995","平成","7","4","19~20","工事現場からマイクロバスで宿舎に帰る途中、対向してきたトレーラーが突っ込んできた。","3","建設業","302","建築工事業","","","1~9","2","物上げ装置、運搬機械","22","動力運搬機","","","17","交通事故（道路）"
"660","1995","平成","7","4","19~20","営業を終え同僚を迎えに行く途中、交差点で大型トラックに衝突した。","8","商業","","","","","10~29","2","物上げ装置、運搬機械","23","乗物","","","17","交通事故（道路）"
"661","1995","平成","7","4","23~24","乗用車で出張先から帰る途中、国道の壁に激突した。","1","製造業","113","一般機械器具製造業","","","1000~9999","2","物上げ装置、運搬機械","23","乗物","","","17","交通事故（道路）"
"662","1995","平成","7","4","2~3","原木手入れ機のチェーンコンベヤー先端に原木(ラワン材、84×93×長さ200センチメートル)を置いたまま、その下の床面を清掃中、木が落下してきた。","1","製造業","104","木材・木製品製造業","","","100~299","5","物質、材料","52","材料","","","4","飛来、落下"
"663","1995","平成","7","4","8~9","ヒューム管製造工場内において、生コンを送るシュート口に付いたコンクリートのはつり作業中、走行してきたホッパーとシュート口を固定しているH型鋼の間に挟まれた。","1","製造業","109","窯業土石製品製造業","","","50~99","2","物上げ装置、運搬機械","22","動力運搬機","","","7","はさまれ、巻き込まれ"
"664","1995","平成","7","4","9~10","個人住宅の下水排水工事において、溝内で掘削作業中、隣接の石垣に立っていた門柱が倒れてきた。","3","建設業","301","土木工事業","","","1~9","4","仮設物、建築物、構築物等","41","仮設物、建築物、構築物等","","","5","崩壊、倒壊"
"665","1995","平成","7","4","10~11","軽量鉄骨造2階建の間仕切り壁、外壁の改修工事において、1階入口外側で作業準備中、タイル貼りの外壁(長さ5.5m、高さ1m、700キログラム)が脱落し、被災者に激突した。","3","建設業","302","建築工事業","","","10~29","4","仮設物、建築物、構築物等","41","仮設物、建築物、構築物等","","","5","崩壊、倒壊"
"666","1995","平成","7","4","10~11","工場構内の溶接ラインにおいて、テーブルリフターの油圧シリンダーのパッキンを取替中、クレーンで吊り上げたテーブルの下でリフターの油を拭き取っていたところ、落下防止用盤木が外れ、テーブルが落下した。","1","製造業","113","一般機械器具製造業","","","1~9","2","物上げ装置、運搬機械","21","動力クレーン等","","","7","はさまれ、巻き込まれ"
"667","1995","平成","7","4","11~12","土取り作業中、ドラグ・ショベルの脇を通ろうとしたところ、旋回してきたカウンターウェイトと地山の法面の間に挟まれた。","3","建設業","301","土木工事業","","","1~9","1","動力機械","14","建設機械等","","","7","はさまれ、巻き込まれ"
"668","1995","平成","7","4","13~14","2階建住宅の上棟作業中、2階梁上から3.7m下の床に墜落した。","3","建設業","302","建築工事業","","","1~9","4","仮設物、建築物、構築物等","41","仮設物、建築物、構築物等","","","1","墜落、転落"
"669","1995","平成","7","4","16~17","造成工事現場で伐木作業中、伐採途中の木(胸高直径約15センチメートル、高さ約12m)が倒れ、近くでチェーンソーを修理していた被災者を直撃した。","3","建設業","301","土木工事業","","","1~9","7","環境等","71","環境等","","","5","崩壊、倒壊"
"670","1995","平成","7","4","18~19","抄紙機裏側で枠替え作業中、ポープリール部シリンダーロールと巻取りロールの間に巻き込まれた。","1","製造業","106","パルプ・紙・紙加工品製造業","","","500~999","1","動力機械","16","一般動力機械","","","7","はさまれ、巻き込まれ"
"671","1995","平成","7","4","不明","エレベーターピット内に堆積した土砂をドラグ・ショベルのバケットに入れた後、アームを上昇させたところ、足元の土砂が崩れて機械が前のめりになり、バケットとピットの壁の間に頭部を挟まれた。","3","建設業","302","建築工事業","","","1~9","1","動力機械","14","建設機械等","","","7","はさまれ、巻き込まれ"
"672","1995","平成","7","4","9~10","重機(バックホウのバケットを挟む型に取り替えたもの)で鉄塔(高さ14m)を解体中、鉄塔が倒壊した。","3","建設業","302","建築工事業","","","1~9","4","仮設物、建築物、構築物等","41","仮設物、建築物、構築物等","","","5","崩壊、倒壊"
"673","1995","平成","7","4","16~17","市営温水プール裏の機械室の監視盤を確認するため、水槽のあるピットと外部フェンスの間を通行中、ピット内に墜落した。","17","その他の事業","","","","","1~9","4","仮設物、建築物、構築物等","41","仮設物、建築物、構築物等","","","1","墜落、転落"
"674","1995","平成","7","4","1~2","真空成形機の修理のため、圧縮空気のバルブを閉じて内部に入ったところ、上型(圧縮空気の圧力により上死点で保持されている)が自重により下降し、成形機の枠との間に挟まれた。","1","製造業","108","化学工業","","","100~299","1","動力機械","16","一般動力機械","","","7","はさまれ、巻き込まれ"
"675","1995","平成","7","4","8~9","走行中、カーブでガードレールに接触して反対車線に飛び出し、2tトラックと正面衝突した。","12","教育・研究業","","","","","1~9","2","物上げ装置、運搬機械","23","乗物","","","17","交通事故（道路）"
"676","1995","平成","7","4","14~15","山林内の斜面上方で玉切りされていた倒木が落下し、下方で作業中の被災者に当たった。","6","農林業","601","農業","","","30~49","7","環境等","71","環境等","","","4","飛来、落下"
"677","1995","平成","7","4","14~15","ALC板取込用ステージを広げる作業中、足場間の繋ぎパイプを取り付けていたところ、床材未設置箇所から5m下に墜落した。","3","建設業","302","建築工事業","","","1~9","4","仮設物、建築物、構築物等","41","仮設物、建築物、構築物等","","","1","墜落、転落"
"678","1995","平成","7","4","16~17","山林内で伐木作業中、木が途中で裂けて倒壊した。","6","農林業","601","農業","","","30~49","7","環境等","71","環境等","","","6","激突され"
"679","1995","平成","7","4","17~18","瓦製造工場内の塗装及び乾燥工程ラインにおいて、コンベヤー上の瓦を別のコンベヤーに載せる装置のアームと、コンベヤーを支えるスラーの間に挟まれた。","1","製造業","109","窯業土石製品製造業","","","30~49","1","動力機械","16","一般動力機械","","","7","はさまれ、巻き込まれ"
"680","1995","平成","7","4","19~20","ガソリンスタンドの電気工事において、建屋屋上より梯子を降りる際、約6m下の地面に転落した。","3","建設業","302","建築工事業","","","1~9","3","その他の装置等","37","用具","","","1","墜落、転落"
"681","1995","平成","7","4","8~9","32tダンプカーで原石を運搬中、カーブを曲がりきれず30m下に墜落した。","2","鉱業","202","土石採取業","","","10~29","2","物上げ装置、運搬機械","22","動力運搬機","","","1","墜落、転落"
"682","1995","平成","7","4","8~9","ドラグ・ショベル前部が建物と接触したため、機体の損傷状況を確認しようと運転席から身を乗り出したところ、運転レバーが身体に触れたため機体が旋回し始め、建物と運転席フレームの間に頭部を挟まれた。","3","建設業","302","建築工事業","","","1~9","1","動力機械","14","建設機械等","","","7","はさまれ、巻き込まれ"
"683","1995","平成","7","4","10~11","梁上で鉄骨組立作業中、7m下のコンクリート土間に墜落した。","3","建設業","302","建築工事業","","","1~9","4","仮設物、建築物、構築物等","41","仮設物、建築物、構築物等","","","1","墜落、転落"
"684","1995","平成","7","4","14~15","木造平屋新築工事において、桁上(高さ4.3m)で火打材の打ち付け作業中、コンクリート床に墜落した。","3","建設業","302","建築工事業","","","10~29","4","仮設物、建築物、構築物等","41","仮設物、建築物、構築物等","","","1","墜落、転落"
"685","1995","平成","7","4","17~18","ドラグ・ショベルを1tトラックに積込中、道板がずれたためドラグ・ショベルが転落し、トラック脇で片付け作業をしていた被災者が下敷きになった。","3","建設業","302","建築工事業","","","10~29","1","動力機械","14","建設機械等","","","4","飛来、落下"
"686","1995","平成","7","4","5~6","バイクで新聞配達中、乗用車にはねられた。","8","商業","","","","","10~29","2","物上げ装置、運搬機械","23","乗物","","","17","交通事故（道路）"
"687","1995","平成","7","4","6~7","トラックで国道を走行中、センターラインを越えてきた車両と正面衝突した。","4","運輸交通業","403","道路貨物運送業","","","30~49","2","物上げ装置、運搬機械","22","動力運搬機","","","17","交通事故（道路）"
"688","1995","平成","7","4","11~12","テーブルリフター(せり上げ高さ70センチメートル)の油漏れを補修中、油圧ホースのジョイントを外したところ、油圧が下がったためテーブルが下降し、テーブルと脚部連結棒との間に挟まれた。","1","製造業","102","繊維工業","","","500~999","2","物上げ装置、運搬機械","21","動力クレーン等","","","7","はさまれ、巻き込まれ"
"689","1995","平成","7","4","11~12","足場盛替作業中、足場から11.2m下のコンクリート床に墜落した。","3","建設業","302","建築工事業","","","1~9","4","仮設物、建築物、構築物等","41","仮設物、建築物、構築物等","","","1","墜落、転落"
"690","1995","平成","7","4","16~17","資材の入った鉄カゴ(約60キログラム)4段の最上部にいたところ、材が崩壊した。","8","商業","","","","","10~29","6","荷","61","荷","","","5","崩壊、倒壊"
"691","1995","平成","7","4","22~23","深さ2.1mの箇所で土止め支保工を設置中、地山が崩壊した。","3","建設業","301","土木工事業","","","10~29","7","環境等","71","環境等","","","5","崩壊、倒壊"
"692","1995","平成","7","4","4~5","山砂利採取現場において、ポンプ室のスイッチを入れるため車外に出たところ、トラックが動き出し、溝との間に挟まれた。","2","鉱業","202","土石採取業","","","10~29","2","物上げ装置、運搬機械","22","動力運搬機","","","7","はさまれ、巻き込まれ"
"693","1995","平成","7","4","4~5","現場内でコンクリート廃材を小割りにする作業中、後進してきたドラグ・ショベルに轢かれた。","3","建設業","301","土木工事業","","","10~29","1","動力機械","14","建設機械等","","","7","はさまれ、巻き込まれ"
"694","1995","平成","7","4","6~7","旋回式浮きクレーンで浚渫作業中、クレーン下部のウインチの囲いにペンキを塗り始めたところ、旋回体と囲いの間に挟まれた。","3","建設業","301","土木工事業","","","10~29","2","物上げ装置、運搬機械","21","動力クレーン等","","","7","はさまれ、巻き込まれ"
"695","1995","平成","7","4","7~8","2tトラックに積み込んだコンクリートパネル(12枚)上でロープ掛け作業中、地上に墜落した。","3","建設業","301","土木工事業","","","10~29","2","物上げ装置、運搬機械","22","動力運搬機","","","1","墜落、転落"
"696","1995","平成","7","4","10~11","鉄骨平屋建車庫を解体中、脚立上で梁のボルトを外していたところ、梁の一方が落下し、その弾みで脚立から墜落した。","3","建設業","301","土木工事業","","","1~9","4","仮設物、建築物、構築物等","41","仮設物、建築物、構築物等","","","1","墜落、転落"
"697","1995","平成","7","4","13~14","法面ブロック積み作業において、専用金具を付けた車輌系建設機械で生コンクリート運搬用ホッパーを吊り上げ旋回したところ、ワイヤロープの編み込み部分が解け、被災者に当たった。","3","建設業","301","土木工事業","","","1~9","3","その他の装置等","37","用具","","","4","飛来、落下"
"698","1995","平成","7","4","13~14","停止中の全自動クロムメッキラインのフレームに乗っていた被災者が、試運転のため同僚に起動スイッチを操作させたところ、ラインが動き出してフレームが上昇し、上部のクランクで頭を強打した。","1","製造業","112","金属製品製造業","","","10~29","2","物上げ装置、運搬機械","22","動力運搬機","","","6","激突され"
"699","1995","平成","7","4","13~14","汚水集水槽(7.55×4×深さ3.52m)の上面鉄板蓋に乗った際、蓋を支えるL字鋼が腐蝕していたため折れ、水槽内に墜落した。","17","その他の事業","","","","","10~29","3","その他の装置等","39","その他の装置、設備","","","10","おぼれ"
"700","1995","平成","7","4","15~16","2tトラックで走行中、信号のない町道交差点で乗用車に衝突された。","3","建設業","303","その他の建設業","","","1~9","2","物上げ装置、運搬機械","22","動力運搬機","","","17","交通事故（道路）"
"701","1995","平成","7","4","15~16","トラッククレーン(つり上げ荷重4.9t)でコンパネ23枚を荷揚げステージに吊り上げる作業中、玉掛用ベルトスリングから荷が外れ、近くにいた被災者に当たった。","3","建設業","302","建築工事業","","","1~9","3","その他の装置等","37","用具","","","4","飛来、落下"
"702","1995","平成","7","4","15~16","配達先の斜面に軽自動車を停め、後部より商品を取り出していたところ、車が後進してきてバンパーと石垣の間に挟まれた。","8","商業","","","","","1~9","2","物上げ装置、運搬機械","23","乗物","","","7","はさまれ、巻き込まれ"
"703","1995","平成","7","4","16~17","コンクリート二次製品製造型枠工程において、生コンを詰めた型枠を搬送するため自動台車作動ボタンを押し、その軌道内に入ったところ、進行してきた台車と型枠の間に挟まれた。","1","製造業","109","窯業土石製品製造業","","","不明","2","物上げ装置、運搬機械","22","動力運搬機","","","7","はさまれ、巻き込まれ"
"704","1995","平成","7","4","16~17","32tダンプカーのサスペンション調整作業中、ショックアブリーバー内の窒素ガスが抜け、フェンダーと車輪の間に頭部を挟まれた。","1","製造業","117","その他の製造業","","","10~29","2","物上げ装置、運搬機械","22","動力運搬機","","","7","はさまれ、巻き込まれ"
"705","1995","平成","7","4","7~8","停電の原因を調査中、感電した。","1","製造業","114","電気機械器具製造業","","","50~99","3","その他の装置等","35","電気設備","","","13","感電"
"706","1995","平成","7","4","10~11","遠心鋳造機の端部フタ板をセットする作業中、上手く出来ないため玉掛ワイヤを掛け替えていたところ、フタ板が外れ落ちてきた。","1","製造業","115","輸送用機械等製造業","","","不明","1","動力機械","16","一般動力機械","","","4","飛来、落下"
"707","1995","平成","7","4","11~12","資材置場において、ドラグ・ショベルを運転し、ダンプカー荷台に掛けた道板を上がっていく途中、道板が外れ転落した。","3","建設業","301","土木工事業","","","1~9","1","動力機械","14","建設機械等","","","1","墜落、転落"
"708","1995","平成","7","4","13~14","玉切り材を運搬中、同僚が伐倒した木(胸高直径27センチメートル、長さ20m)に激突された。","3","建設業","301","土木工事業","","","1~9","7","環境等","71","環境等","","","6","激突され"
"709","1995","平成","7","4","14~15","門型クレーンで鉄板(約2t)を吊上げた際に突風が吹き、クレーンの支柱近くにいた被災者が、鉄板と支柱の間に挟まれた。","1","製造業","115","輸送用機械等製造業","","","30~49","5","物質、材料","52","材料","","","5","崩壊、倒壊"
"710","1995","平成","7","4","14~15","構内を通行中、荷卸し作業をしていたフォークリフトに轢かれた。","4","運輸交通業","403","道路貨物運送業","","","1~9","2","物上げ装置、運搬機械","22","動力運搬機","","","7","はさまれ、巻き込まれ"
"711","1995","平成","7","4","15~16","農耕用トラクターでクローラトラクターを載せた台車を牽引して帰社する途中、下り勾配でハンドルが効かなくなり、ブレーキを掛けたところ、トラクターが横転した。","17","その他の事業","","","","","1~9","1","動力機械","16","一般動力機械","","","17","交通事故（道路）"
"712","1995","平成","7","4","17~18","旅館で料理を配膳中、床に置いてあった台車(高さ21センチメートル)につまずき、転倒した。","14","接客娯楽業","","","","","30~49","3","その他の装置等","36","人力機械工具等","","","2","転倒"
"713","1995","平成","7","4","21~22","高速道路を走行中、2tトラックに追突した。","4","運輸交通業","403","道路貨物運送業","","","10~29","2","物上げ装置、運搬機械","22","動力運搬機","","","17","交通事故（道路）"
"714","1995","平成","7","4","6~7","動力船で無動力船を合成繊維ロープで曳航中、ロープが切れ、被災者の脇腹に当たった。","7","畜産・水産業","","","","","50~99","3","その他の装置等","37","用具","","","4","飛来、落下"
"715","1995","平成","7","4","9~10","足場上で型枠引張用チェーンを同僚に手渡していたところ、約2.9m下のスラブに墜落した。","3","建設業","301","土木工事業","","","1~9","4","仮設物、建築物、構築物等","41","仮設物、建築物、構築物等","","","1","墜落、転落"
"716","1995","平成","7","4","11~12","新入社員にガス切断の実習中、近くにあった鉄製箱(マグネシウム切削屑入)がくすぶり始め、消火中に火傷した。","1","製造業","110","鉄鋼業","","","不明","5","物質、材料","51","危険物、有害物等","","","16","火災"
"717","1995","平成","7","4","14~15","既設管ジョイント部から塩化ビニル管を引き抜く際、同管端部に真上から穴を開けてバールを差し込み、バールにロープを掛けてドラグ・ショベルで引っ張ったところ、同管先端が割れ、飛んできたバールの取っ手が顎に当たった。","3","建設業","301","土木工事業","","","10~29","1","動力機械","14","建設機械等","","","4","飛来、落下"
"718","1995","平成","7","4","18~19","2段積コンテナに荷を積み込む作業中、フォークリフトがフォークを高さ2.5mに上昇させたまま前進したところ、荷と共にパレット上に乗っていた被災者が墜落した。","5","貨物取扱業","501","陸上貨物取扱業","","","50~99","2","物上げ装置、運搬機械","22","動力運搬機","","","1","墜落、転落"
"719","1995","平成","7","4","10~11","運転席前面の安全ガラスを外したドラグ・ショベルで木造2階建家屋を解体中、梁を掴んだフォークを手前(運転席方向)に引っ張ったところ、被災者に激突した。","3","建設業","302","建築工事業","","","1~9","1","動力機械","14","建設機械等","","","6","激突され"
"720","1995","平成","7","4","9~10","橋梁上部工事で使う門構送り出し台車が落下し、下部で護岸工事をしていた被災者に当たった。","3","建設業","301","土木工事業","","","1~9","2","物上げ装置、運搬機械","21","動力クレーン等","","","4","飛来、落下"
"721","1995","平成","7","4","11~12","自動車修理場で車のオイル交換中、ライターを使用した際、オイルが付いていた着衣に引火した。","1","製造業","117","その他の製造業","","","1~9","5","物質、材料","51","危険物、有害物等","","","11","高温・低温の物との接触"
"722","1995","平成","7","4","11~12","砂を運ぶベルトコンベヤーのラインを監視していた被災者が、ベルトコンベヤーに巻き込まれていた。","1","製造業","109","窯業土石製品製造業","","","1~9","2","物上げ装置、運搬機械","22","動力運搬機","","","7","はさまれ、巻き込まれ"
"723","1995","平成","7","4","14~15","トラッククレーン(つり上げ荷重150t)のジブ組立中、マストが突然落下し、下部ジブとの間に挟まれた。","3","建設業","301","土木工事業","","","1~9","2","物上げ装置、運搬機械","21","動力クレーン等","","","7","はさまれ、巻き込まれ"
"724","1995","平成","7","4","14~15","トラッククレーン(つり上げ荷重150t)のジブ組立中、マストが突然落下し、下部ジブとの間に挟まれた。","3","建設業","301","土木工事業","","","1~9","2","物上げ装置、運搬機械","21","動力クレーン等","","","7","はさまれ、巻き込まれ"
"725","1995","平成","7","4","16~17","空荷でマグネットを巻き上げながら走行してきた天井クレーンの巻き上げ用ワイヤロープが切断し、下方で作業していた被災者の上にマストが落下した。","1","製造業","110","鉄鋼業","","","300~499","2","物上げ装置、運搬機械","21","動力クレーン等","","","4","飛来、落下"
"726","1995","平成","7","4","23~24","11tトラックで高速道路を走行中、玉突衝突に巻き込まれた。","4","運輸交通業","403","道路貨物運送業","","","10~29","2","物上げ装置、運搬機械","22","動力運搬機","","","17","交通事故（道路）"
"727","1995","平成","7","4","13~14","電車の土盛軌道の石積斜面及びその下の歩道上の石積部分の補強工事において、鉄板(約500キログラム)2枚を斜面に立てて固定する作業中、歩道に倒れた。","3","建設業","301","土木工事業","","","1~9","5","物質、材料","52","材料","","","5","崩壊、倒壊"
"728","1995","平成","7","4","16~17","肥料袋のはい(高さ約3.2m)にシートを掛けていたところ、はいが崩れた。","5","貨物取扱業","501","陸上貨物取扱業","","","300~499","6","荷","61","荷","","","5","崩壊、倒壊"
"729","1995","平成","7","4","16~17","2階に停止していたエレベーターを階下に降ろすため、搬器内部に頭部を入れたまま操作したところ、搬器が降下して2階床面との間に挟まれた。","1","製造業","117","その他の製造業","","","30~49","2","物上げ装置、運搬機械","21","動力クレーン等","","","7","はさまれ、巻き込まれ"
"730","1995","平成","7","4","17~18","銀行に行く途中、横断歩道でマイクロバスにはねられた。","17","その他の事業","","","","","300~499","2","物上げ装置、運搬機械","23","乗物","","","17","交通事故（道路）"
"731","1995","平成","7","4","10~11","瓦礫回収作業を終え、3.7tダンプカーを方向転換させるため誘導中、ダンプカーと電柱の間に挟まれた。","3","建設業","301","土木工事業","","","1~9","2","物上げ装置、運搬機械","22","動力運搬機","","","17","交通事故（道路）"
"732","1995","平成","7","4","13~14","黒松(高さ約4m)の高さ3.25mの枝上において、別の枝に胴綱を縛り最上部の枝葉を剪定中、胴綱を取り付けていた枝が折れ、地上に墜落した。","6","農林業","602","林業","","","1~9","7","環境等","71","環境等","","","1","墜落、転落"
"733","1995","平成","7","4","15~16","ワゴン車で顧客先へ向かう途中、運転を誤り電柱に衝突した。","1","製造業","117","その他の製造業","","","50~99","2","物上げ装置、運搬機械","23","乗物","","","17","交通事故（道路）"
"734","1995","平成","7","4","15~16","送電線用鉄塔の基礎工事において、縦穴(径3.2m、深さ14m)内の配筋工事を終え、工具類をジブクレーンで吊り上げていたところ、地上でクレーンに合図をしていた被災者が穴に墜落した。","3","建設業","301","土木工事業","","","10~29","4","仮設物、建築物、構築物等","41","仮設物、建築物、構築物等","","","1","墜落、転落"
"735","1995","平成","7","4","15~16","鉄骨組立作業中、移動式クレーンで吊り上げたH型鋼が4階の鉄骨梁に当たり、その衝撃でフックから玉掛ワイヤが外れ、H型鋼が落下した。","3","建設業","302","建築工事業","","","10~29","2","物上げ装置、運搬機械","21","動力クレーン等","","","4","飛来、落下"
"736","1995","平成","7","4","16~17","伐木作業中、同僚が伐倒した木が強風にあおられ、被災者を直撃した。","6","農林業","601","農業","","","1~9","7","環境等","71","環境等","","","6","激突され"
"737","1995","平成","7","4","0~1","接触事故を起こしたため路肩で話し合い中、別のトラックが事故車のトラックに追突し、その弾みでトラックとガードレールの間に挟まれた。","4","運輸交通業","403","道路貨物運送業","","","30~49","2","物上げ装置、運搬機械","22","動力運搬機","","","17","交通事故（道路）"
"738","1995","平成","7","4","13~14","精米機の据付作業中、2階開口部(2m四方)から4.2m下のコンクリート床に墜落した。","3","建設業","303","その他の建設業","","","1~9","4","仮設物、建築物、構築物等","41","仮設物、建築物、構築物等","","","1","墜落、転落"
"739","1995","平成","7","4","14~15","既設水平材に緊結された登山用ロープで吊り下げた作業床に乗り、外壁を清掃中、ロープが解け2階ベランダまで墜落した。","15","清掃・と畜業","","","","","1~9","4","仮設物、建築物、構築物等","41","仮設物、建築物、構築物等","","","1","墜落、転落"
"740","1995","平成","7","4","14~15","抄紙機のペーパーロールを清掃中、ペーパーロールとフェルトロールの間に挟まれた。","1","製造業","106","パルプ・紙・紙加工品製造業","","","100~299","1","動力機械","16","一般動力機械","","","7","はさまれ、巻き込まれ"
"741","1995","平成","7","4","17~18","市道に駐車した高所作業車が勾配のある路面を下り始めたため、これを止めようとして飛び乗ったところ、作業車が横転し、地面との間に挟まれた。","3","建設業","303","その他の建設業","","","1~9","1","動力機械","14","建設機械等","","","7","はさまれ、巻き込まれ"
"742","1995","平成","7","4","23~24","大型トラックで高速道路を走行中、減速した前車に気付くのが遅れ、追突した。","4","運輸交通業","403","道路貨物運送業","","","50~99","2","物上げ装置、運搬機械","22","動力運搬機","","","17","交通事故（道路）"
"743","1995","平成","7","4","9~10","ツインオートリッパーで材を切断中、材が止まったため鋸が停止したものと思い、枝を押さえていたロールを上げたところ、材が反発し腹部に激突した。","1","製造業","104","木材・木製品製造業","","","10~29","1","動力機械","13","木材加工用機械","","","6","激突され"
"744","1995","平成","7","4","11~12","木造家屋の屋根の下地になる野地板に防水紙(アスファルトルーフィング)を貼り付けていたところ、明かり取り用開口部に被された防水紙を踏み抜き、約7m下のコンクリート床に墜落した。","3","建設業","302","建築工事業","","","1~9","4","仮設物、建築物、構築物等","41","仮設物、建築物、構築物等","","","1","墜落、転落"
"745","1995","平成","7","4","11~12","河川床に水中ポンプを設置中、左岸(丸石積み)が長さ6.6mに渡って崩壊した。","3","建設業","301","土木工事業","","","1~9","7","環境等","71","環境等","","","5","崩壊、倒壊"
"746","1995","平成","7","4","11~12","10tトラック荷台上で積み込んだ木材を整理中、転落した。","4","運輸交通業","403","道路貨物運送業","","","1~9","2","物上げ装置、運搬機械","22","動力運搬機","","","1","墜落、転落"
"747","1995","平成","7","4","12~13","4tトラックで走行中、高速道路で渋滞停車中の大型トラックに追突した。","3","建設業","303","その他の建設業","","","1~9","2","物上げ装置、運搬機械","22","動力運搬機","","","17","交通事故（道路）"
"748","1995","平成","7","4","13~14","スレート屋根の補修工事中、スレートを踏み抜き、14m下の地上に墜落した。","3","建設業","302","建築工事業","","","1~9","4","仮設物、建築物、構築物等","41","仮設物、建築物、構築物等","","","1","墜落、転落"
"749","1995","平成","7","4","13~14","木造家屋解体現場において、ドラグ・ショベルで玄関の壁を解体中、付近に設置されていた避雷針が倒壊し、近くで廃材の整理作業をしていた被災者に当たった。","3","建設業","302","建築工事業","","","10~29","1","動力機械","14","建設機械等","","","5","崩壊、倒壊"
"750","1995","平成","7","4","15~16","アルミ板の切断工程において、第2パイラのエンドストッパーを取り替える際、エンドストッパーが停止しないまま取り替えたため、本体の鉄骨とエンドストッパー固定の鉄骨の間に挟まれた。","1","製造業","112","金属製品製造業","","","10~29","1","動力機械","16","一般動力機械","","","7","はさまれ、巻き込まれ"
"751","1995","平成","7","4","18~19","パルプ製造混合機のデッキ上で、開口部(82センチメートル四方)より古紙を投入中、混合機槽内に墜落した。","1","製造業","106","パルプ・紙・紙加工品製造業","","","50~99","4","仮設物、建築物、構築物等","41","仮設物、建築物、構築物等","","","1","墜落、転落"
"752","1995","平成","7","4","18~19","20t天井クレーンにハッカーを使って鋼板の一部を吊り上げ、その鋼板の下に輪木を置いたところ、ハッカーから鋼板が外れて落下した。","1","製造業","112","金属製品製造業","","","30~49","6","荷","61","荷","","","4","飛来、落下"
"753","1995","平成","7","4","14~15","門型クレーンでH型鋼(1t)4本を吊り上げたところ、鋼材が倒れた。","1","製造業","112","金属製品製造業","","","1~9","6","荷","61","荷","","","4","飛来、落下"
"754","1995","平成","7","4","17~18","橋脚最上部付近でキャスター付枠組足場を解体する際、同足場のブレスに乗りジャッキベースを緩めていたところ、偏荷重がかかり、足場が転倒した。","3","建設業","301","土木工事業","","","30~49","4","仮設物、建築物、構築物等","41","仮設物、建築物、構築物等","","","5","崩壊、倒壊"
"755","1995","平成","7","4","4~5","バイクで新聞配達中、左折する際に乗用車と衝突した。","8","商業","","","","","10~29","2","物上げ装置、運搬機械","23","乗物","","","17","交通事故（道路）"
"756","1995","平成","7","5","7~8","運送先でフォークリフトのパレットに荷(缶飲料100ケース)を載せ、プラットホーム(高さ90センチメートル)を走行中、転落した。","4","運輸交通業","403","道路貨物運送業","","","10~29","2","物上げ装置、運搬機械","22","動力運搬機","","","1","墜落、転落"
"757","1995","平成","7","5","9~10","通し柱の取替作業中、2階梁上で転倒し、腹部を強打した。","3","建設業","302","建築工事業","","","1~9","4","仮設物、建築物、構築物等","41","仮設物、建築物、構築物等","","","2","転倒"
"758","1995","平成","7","5","14~15","キャタピラー付薬剤散布機で薬剤を散布中、斜面(勾配15~20度)を上っていたところ、散布機が転倒した。","7","畜産・水産業","","","","","10~29","1","動力機械","16","一般動力機械","","","1","墜落、転落"
"759","1995","平成","7","5","16~17","石油備蓄基地に停泊するミキサー船内で夕食準備中、気分が悪くなったため休憩していたところ、1時間後に海上に浮いている被災者が発見された。","1","製造業","109","窯業土石製品製造業","","","1~9","9","その他","99","分類不能","","","10","おぼれ"
"760","1995","平成","7","5","16~17","社屋地下のスロープで転倒し、11日後に敗血症で死亡した。","8","商業","","","","","100~299","4","仮設物、建築物、構築物等","41","仮設物、建築物、構築物等","","","2","転倒"
"761","1995","平成","7","5","6~7","トレーラートラックのトラックとトレーラー部分を連結し、ブレーキ用エアホースを接続した際、トレーラーのブレーキが解除されて前方に動き出し、それを止めようと運転室に乗り込もうとしたところ、隣のトレーラーと接触し、自車のドアと泥除けカバーの間に挟まれた。","4","運輸交通業","403","道路貨物運送業","","","1~9","2","物上げ装置、運搬機械","22","動力運搬機","","","7","はさまれ、巻き込まれ"
"762","1995","平成","7","5","9~10","斜面で浮石を除去する作業中、斜面下で交通整理をしながらスコップで側溝の岩石をすくっていた被災者に、落石が当たった。","3","建設業","301","土木工事業","","","10~29","7","環境等","71","環境等","","","4","飛来、落下"
"763","1995","平成","7","5","11~12","天井走行クレーンの給電線の点検作業中、クレーンガーター上から墜落した。","1","製造業","117","その他の製造業","","","100~299","2","物上げ装置、運搬機械","21","動力クレーン等","","","1","墜落、転落"
"764","1995","平成","7","5","13~14","乗用車で国道を走行中、センターラインをはみ出し、対向してきたバスと正面衝突した。","4","運輸交通業","401","鉄道・軌道・水運・航空業","","","1~9","2","物上げ装置、運搬機械","23","乗物","","","17","交通事故（道路）"
"765","1995","平成","7","5","13~14","地下2階床の空調設備機器据付工事の搬入用開口部で、墜落防止用足場の板材を外す作業中、地下3階床に墜落した。","3","建設業","302","建築工事業","","","不明","4","仮設物、建築物、構築物等","41","仮設物、建築物、構築物等","","","1","墜落、転落"
"766","1995","平成","7","5","15~16","国道を走行中、前方のトラックが停車したのに気付くのが遅れ、追突した。","4","運輸交通業","403","道路貨物運送業","","","10~29","2","物上げ装置、運搬機械","22","動力運搬機","","","17","交通事故（道路）"
"767","1995","平成","7","5","16~17","下水道処理センターの終沈池(深さ約4.5m)において、樋の内壁に付着した藻をモップで除去中、池に落ちた。","15","清掃・と畜業","","","","","100~299","7","環境等","71","環境等","","","1","墜落、転落"
"768","1995","平成","7","5","9~10","窓拭き作業中、5階の窓から身を乗り出してガラスを拭いていたところ、15.9m下の駐車場に墜落した。","15","清掃・と畜業","","","","","10~29","4","仮設物、建築物、構築物等","41","仮設物、建築物、構築物等","","","1","墜落、転落"
"769","1995","平成","7","5","9~10","新聞配達中、国道で軽ワゴン車にはねられた。","8","商業","","","","","10~29","2","物上げ装置、運搬機械","23","乗物","","","17","交通事故（道路）"
"770","1995","平成","7","5","14~15","川の護岸ブロック付近で土羽均し作業中、約1.5m下の川原に転落した。","3","建設業","301","土木工事業","","","10~29","4","仮設物、建築物、構築物等","41","仮設物、建築物、構築物等","","","1","墜落、転落"
"771","1995","平成","7","5","8~9","9.25tトラックの荷台上(高さ1.2m)でシートを外していたところ、バランスを崩し地面に墜落した。","1","製造業","109","窯業土石製品製造業","","","1~9","2","物上げ装置、運搬機械","22","動力運搬機","","","1","墜落、転落"
"772","1995","平成","7","5","13~14","事務所2階屋根上のソーラー設備を解体し、地上に投げ降ろす作業中、7.8m下のアスファルト面に墜落した。","3","建設業","303","その他の建設業","","","10~29","4","仮設物、建築物、構築物等","41","仮設物、建築物、構築物等","","","1","墜落、転落"
"773","1995","平成","7","5","15~16","カーレースのコース要員として競技を監視中、走路に落ちていたオーバーフェンダーを拾おうとしてセーフティゾーンに出たところ、コントロールを失って直走してきた車にはねられた。","17","その他の事業","","","","","10~29","2","物上げ装置、運搬機械","23","乗物","","","6","激突され"
"774","1995","平成","7","5","15~16","屋根のトタン葺き作業中、2階屋根の継ぎ目から6.8m下の地面に墜落した。","3","建設業","302","建築工事業","","","1~9","4","仮設物、建築物、構築物等","41","仮設物、建築物、構築物等","","","1","墜落、転落"
"775","1995","平成","7","5","17~18","船のハッチで作業中、降雨のため作業中止となり全員下船したところ、海面に浮いている被災者を発見した。","5","貨物取扱業","502","港湾運送業","","","100~299","4","仮設物、建築物、構築物等","41","仮設物、建築物、構築物等","","","10","おぼれ"
"776","1995","平成","7","5","5~6","4tトラックで走行中、反対車線にはみ出し、ガードレールに激突した。","4","運輸交通業","403","道路貨物運送業","","","10~29","2","物上げ装置、運搬機械","22","動力運搬機","","","17","交通事故（道路）"
"777","1995","平成","7","5","6~7","馬を運動に連れていくため、調教助手が手綱を引き、被災者が馬に乗ったところ、突然馬が立ち上がって後ずさりし、倒れた馬の下敷きになった。","7","畜産・水産業","","","","","1~9","7","環境等","71","環境等","","","2","転倒"
"778","1995","平成","7","5","6~7","自転車で新聞配達中、国道交差点で乗用車に轢かれた。","8","商業","","","","","10~29","2","物上げ装置、運搬機械","23","乗物","","","17","交通事故（道路）"
"779","1995","平成","7","5","9~10","組立足場にネットを張る作業中、6600Vの開閉器付近で感電した。","3","建設業","302","建築工事業","","","1~9","4","仮設物、建築物、構築物等","41","仮設物、建築物、構築物等","","","13","感電"
"780","1995","平成","7","5","11~12","軽トラックで林道を走行中、カーブを曲がりきれず崖下(約33m)に転落した。","8","商業","","","","","1~9","2","物上げ装置、運搬機械","22","動力運搬機","","","17","交通事故（道路）"
"781","1995","平成","7","5","17~18","工場内材木置場において、はい積(高さ3.3m)してある木材にワイヤを掛けていたところ、荷崩れを起こし、その下敷きになった。","1","製造業","104","木材・木製品製造業","","","10~29","5","物質、材料","52","材料","","","5","崩壊、倒壊"
"782","1995","平成","7","5","11~12","機械集材装置でスリングに掛けた伐木3本を横吊りする際、中間支柱に取り付けられた主索支持金具が破損し、外れた主索に直撃された。","6","農林業","601","農業","","","1~9","2","物上げ装置、運搬機械","21","動力クレーン等","","","6","激突され"
"783","1995","平成","7","5","8~9","2階床上(高さ3.28m)で床工事の段取り作業中、開口部から墜落した。","3","建設業","302","建築工事業","","","1~9","4","仮設物、建築物、構築物等","41","仮設物、建築物、構築物等","","","1","墜落、転落"
"784","1995","平成","7","5","9~10","ゴム処理ホッパーの部品のコンベヤー架台(1.5×5.5m、730キログラム)を玉掛中、クレーンフックからベルトスリングが外れ、架台が倒れてきた。","1","製造業","113","一般機械器具製造業","","","30~49","3","その他の装置等","37","用具","","","4","飛来、落下"
"785","1995","平成","7","5","11~12","木造2階建家屋の外壁工事中、屋根上(高さ約5m)から足場に降りようとしたところ、墜落した。","3","建設業","302","建築工事業","","","1~9","4","仮設物、建築物、構築物等","41","仮設物、建築物、構築物等","","","1","墜落、転落"
"786","1995","平成","7","5","11~12","乗用車で走行中、道路脇の用水池に転落した。","8","商業","","","","","10~29","2","物上げ装置、運搬機械","23","乗物","","","17","交通事故（道路）"
"787","1995","平成","7","5","14~15","ドラグ・ショベルで生コンホッパーを吊り上げ打設箇所に降ろそうとした際、玉掛ワイヤのアイの差し込みが抜け、落下したホッパーが当たった。","3","建設業","301","土木工事業","","","10~29","3","その他の装置等","37","用具","","","4","飛来、落下"
"788","1995","平成","7","5","16~17","クレーンで解体したクレーンをトラックに積み込んでいたところ、吊具が荷に引っかかり、荷が崩れた。","8","商業","","","","","1~9","2","物上げ装置、運搬機械","21","動力クレーン等","","","5","崩壊、倒壊"
"789","1995","平成","7","5","16~17","2tトラックでゴルフ場内の管理道路を走行中、路肩から約36m下に転落した。","14","接客娯楽業","","","","","50~99","2","物上げ装置、運搬機械","22","動力運搬機","","","1","墜落、転落"
"790","1995","平成","7","5","21~22","ボルト製造工程において、メッキのドブ浸けの篭(壷状、深さ70センチメートル、最大径45センチメートル)の口と、これにボルトを投入するシュート(60×50×24センチメートルのバケット)の間に頭部を挟まれた。","1","製造業","112","金属製品製造業","","","100~299","1","動力機械","16","一般動力機械","","","7","はさまれ、巻き込まれ"
"791","1995","平成","7","5","1~2","マンホール構築前の支保工及び覆工板の取付作業中、後進してきたドラグ・ショベルに轢かれた。","3","建設業","301","土木工事業","","","10~29","1","動力機械","14","建設機械等","","","7","はさまれ、巻き込まれ"
"792","1995","平成","7","5","6~7","4tトラックで走行中、交差点で信号待ち中の大型トラックに追突した。","4","運輸交通業","403","道路貨物運送業","","","10~29","2","物上げ装置、運搬機械","22","動力運搬機","","","17","交通事故（道路）"
"793","1995","平成","7","5","10~11","伐採木3本を玉掛後、退避しようとしたところ、伐倒していた木が何らかの弾みで滑り、伐採木と岩の間に頭部を挟まれた。","6","農林業","601","農業","","","30~49","7","環境等","71","環境等","","","7","はさまれ、巻き込まれ"
"794","1995","平成","7","5","10~11","弁当配達中、市道交差点でトラックと出会い頭に衝突した。","1","製造業","101","食料品製造業","","","30~49","2","物上げ装置、運搬機械","22","動力運搬機","","","17","交通事故（道路）"
"795","1995","平成","7","5","11~12","納入先において、フォークリフトでトラックから荷卸し中、門柱にカウンターウェイトが当たり、横倒しになった。","4","運輸交通業","403","道路貨物運送業","","","30~49","2","物上げ装置、運搬機械","22","動力運搬機","","","2","転倒"
"796","1995","平成","7","5","12~13","配達先へ向かう途中、カーブで反対車線にはみ出し、対向してきたトラックと正面衝突した。","8","商業","","","","","50~99","2","物上げ装置、運搬機械","22","動力運搬機","","","17","交通事故（道路）"
"797","1995","平成","7","5","12~13","2tトラックで配送中、信号待ち中の保冷車に追突した。","8","商業","","","","","1~9","2","物上げ装置、運搬機械","22","動力運搬機","","","17","交通事故（道路）"
"798","1995","平成","7","5","14~15","抄紙機等の廃液ピットに浮いたゴミを確認中、ピットに転落した。","1","製造業","106","パルプ・紙・紙加工品製造業","","","10~29","3","その他の装置等","39","その他の装置、設備","","","10","おぼれ"
"799","1995","平成","7","5","14~15","屋根板(幅50センチメートル、長さ32m)の設置作業中、鉄骨梁上より5.6m下の床面に墜落した。","3","建設業","302","建築工事業","","","1~9","4","仮設物、建築物、構築物等","41","仮設物、建築物、構築物等","","","1","墜落、転落"
"800","1995","平成","7","5","16~17","工場内の中央通路製品仮置場において、傾斜している床面にパレット3段積みしたプラスチック製下水管継手(総重量521キログラム)が崩壊した。","1","製造業","117","その他の製造業","","","50~99","6","荷","61","荷","","","5","崩壊、倒壊"
"801","1995","平成","7","5","5~6","国道を走行中、信号を無視して交差点へ進入したため、走行してきたダンプカーと衝突した。","4","運輸交通業","403","道路貨物運送業","","","30~49","2","物上げ装置、運搬機械","22","動力運搬機","","","17","交通事故（道路）"
"802","1995","平成","7","5","10~11","杉林内で伐採作業中、同僚が伐倒した木の先端が、枝打ち作業中の被災者を直撃した。","6","農林業","601","農業","","","10~29","7","環境等","71","環境等","","","6","激突され"
"803","1995","平成","7","5","10~11","フォークリフトで10tトラックの積荷を降ろしていたところ、フォークに差されたパレット上から墜落した。","4","運輸交通業","403","道路貨物運送業","","","10~29","2","物上げ装置、運搬機械","22","動力運搬機","","","1","墜落、転落"
"804","1995","平成","7","5","11~12","ミニバックホウで2tトラック荷台に置いた道板を登っていく途中、転落した。","3","建設業","301","土木工事業","","","1~9","1","動力機械","14","建設機械等","","","1","墜落、転落"
"805","1995","平成","7","5","11~12","木造2階建家屋の下屋根のタルキを取付中、足をかけていたタルキ上より3.78m下の地面に墜落した。","3","建設業","302","建築工事業","","","1~9","4","仮設物、建築物、構築物等","41","仮設物、建築物、構築物等","","","1","墜落、転落"
"806","1995","平成","7","5","13~14","建前作業中、桁上から3.5m下の地上に墜落した。","3","建設業","302","建築工事業","","","1~9","4","仮設物、建築物、構築物等","41","仮設物、建築物、構築物等","","","1","墜落、転落"
"807","1995","平成","7","5","13~14","駐車場内の段差(67センチメートル)の上段において立木の枝打ち作業中、足を滑らせ、コンクリート面に墜落した。","8","商業","","","","","1~9","7","環境等","71","環境等","","","1","墜落、転落"
"808","1995","平成","7","5","16~17","排気用開口部を開けるため電気のこぎりを使用中、蛍光灯電線を切断し、接触した。","3","建設業","303","その他の建設業","","","1~9","3","その他の装置等","35","電気設備","","","13","感電"
"809","1995","平成","7","5","20~21","鉄道貨物石油基地構内において、停車中の石油タンク列車の石油放出管口のキャップを点検中、動き出した列車に轢かれた。","5","貨物取扱業","501","陸上貨物取扱業","","","30~49","2","物上げ装置、運搬機械","22","動力運搬機","","","7","はさまれ、巻き込まれ"
"810","1995","平成","7","5","9~10","選挙事務所用建物等の外装下地取付作業中、丸太抱足場1段目(高さ1.96m)から足を滑らせ墜落した。","3","建設業","302","建築工事業","","","1~9","4","仮設物、建築物、構築物等","41","仮設物、建築物、構築物等","","","1","墜落、転落"
"811","1995","平成","7","5","10~11","軽自動車で点検業務先へ向かう途中、4tトラックに追突されて反対車線にはみ出し、対向してきた乗用車と正面衝突した。","17","その他の事業","","","","","1~9","2","物上げ装置、運搬機械","23","乗物","","","17","交通事故（道路）"
"812","1995","平成","7","5","14~15","社用車で国道を走行中、対向車線にはみ出し、大型ダンプカーと正面衝突した。","3","建設業","303","その他の建設業","","","10~29","2","物上げ装置、運搬機械","23","乗物","","","17","交通事故（道路）"
"813","1995","平成","7","5","15~16","建築廃材の投棄を終え事業場へ戻る途中、交差点で停止していた車に気付くのが遅れ、急ハンドルを切ったところスリップし、転倒した。","3","建設業","302","建築工事業","","","10~29","2","物上げ装置、運搬機械","22","動力運搬機","","","17","交通事故（道路）"
"814","1995","平成","7","5","16~17","不整地運搬車で工事用道路を走行中、路肩から転落した。","3","建設業","301","土木工事業","","","1~9","2","物上げ装置、運搬機械","22","動力運搬機","","","1","墜落、転落"
"815","1995","平成","7","5","18~19","土木工事現場からホイールクレーン(つり上げ荷重25t)で帰社途中、下り坂のカーブでバランスを崩し、300m下方の河川敷に転落した。","8","商業","","","","","1~9","2","物上げ装置、運搬機械","21","動力クレーン等","","","17","交通事故（道路）"
"816","1995","平成","7","5","23~24","ワゴン車で高速道路を走行中、雨でスリップし、ガードロープに衝突した。","3","建設業","302","建築工事業","","","1~9","2","物上げ装置、運搬機械","23","乗物","","","17","交通事故（道路）"
"817","1995","平成","7","5","1~2","運転代行業務中、カーブを曲がりきれず民家のブロック塀に激突した。","4","運輸交通業","404","その他の運輸交通業","","","1~9","2","物上げ装置、運搬機械","23","乗物","","","17","交通事故（道路）"
"818","1995","平成","7","5","3~4","道床(レール基礎)砕石の締め固め作業中、作業を指揮していた被災者が、踏切付近で列車に接触した。","4","運輸交通業","401","鉄道・軌道・水運・航空業","","","100~299","2","物上げ装置、運搬機械","23","乗物","","","18","交通事故（その他）"
"819","1995","平成","7","5","9~10","高さ7mに積み上げられた砕石の山から、ドラグ・ショベルと共に転落した。","2","鉱業","202","土石採取業","","","10~29","1","動力機械","14","建設機械等","","","1","墜落、転落"
"820","1995","平成","7","5","10~11","フォークリフトで農道を走行中、雨でスリップした際に振り落とされ、同車両に轢かれた。","1","製造業","112","金属製品製造業","","","不明","2","物上げ装置、運搬機械","22","動力運搬機","","","17","交通事故（道路）"
"821","1995","平成","7","5","14~15","坑口コンクリートの外部型枠支保工の解体作業中、支保工3本が倒れてきた。","3","建設業","301","土木工事業","","","50~99","4","仮設物、建築物、構築物等","41","仮設物、建築物、構築物等","","","5","崩壊、倒壊"
"822","1995","平成","7","5","15~16","砕石袋(約1t)を吊り上げたドラグ・ショベルを運転中、ショベルが吊り荷により不安定になり横転した。","3","建設業","301","土木工事業","","","1~9","1","動力機械","14","建設機械等","","","2","転倒"
"823","1995","平成","7","5","19~20","冷暖房設備の点検先より帰社途中、県道でバンドル操作を誤り、対向車と衝突した。","17","その他の事業","","","","","1~9","2","物上げ装置、運搬機械","23","乗物","","","17","交通事故（道路）"
"824","1995","平成","7","5","21~22","50ccバイクでピザを配達中、道路脇に駐車中の4tトラックに追突した。","8","商業","","","","","10~29","2","物上げ装置、運搬機械","23","乗物","","","17","交通事故（道路）"
"825","1995","平成","7","5","8~9","木造住宅の建前作業中、桁上から3.2m下のコンクリート床に墜落した。","3","建設業","302","建築工事業","","","1~9","4","仮設物、建築物、構築物等","41","仮設物、建築物、構築物等","","","1","墜落、転落"
"826","1995","平成","7","5","9~10","10tミキサー車で県道を走行中、カーブで横転した。","1","製造業","109","窯業土石製品製造業","","","10~29","2","物上げ装置、運搬機械","22","動力運搬機","","","17","交通事故（道路）"
"827","1995","平成","7","5","9~10","町道土砂崩壊現場において、土止め用の杭を作るため現場付近の立木を切り出す作業中、法面(勾配45~51度)を昇っていたところ、足を滑らせ墜落した。","3","建設業","301","土木工事業","","","1~9","7","環境等","71","環境等","","","1","墜落、転落"
"828","1995","平成","7","5","9~10","90ccバイクで郵便配達中、信号のない交差点で普通乗用車と衝突した。","11","通信業","","","","","50~99","2","物上げ装置、運搬機械","23","乗物","","","17","交通事故（道路）"
"829","1995","平成","7","5","11~12","土砂侵食防止の土止め工事中、5m上方の地肌がむき出しになっていた所の木(径15センチメートル、長さ10m)が、岩肌から剥がれ落ちてきた。","3","建設業","301","土木工事業","","","10~29","7","環境等","71","環境等","","","4","飛来、落下"
"830","1995","平成","7","5","11~12","自社工場内で施盤からアルミ鋳物品(13キログラム)を外し、手で持ち運搬しようとしたところ転倒し、アルミ鋳物完成品で頭部を強打した。","1","製造業","111","非鉄金属製造業","","","10~29","4","仮設物、建築物、構築物等","41","仮設物、建築物、構築物等","","","2","転倒"
"831","1995","平成","7","5","13~14","コンクリート擁壁(1.5×6×0.6m、8.1t)の解体作業中、擁壁が突然倒れてきた。","3","建設業","301","土木工事業","","","10~29","1","動力機械","14","建設機械等","","","5","崩壊、倒壊"
"832","1995","平成","7","5","14~15","鉄骨造平屋のスレート屋根を撤去中、スレートを踏み抜き5.6m下のコンクリート床に墜落した。","3","建設業","302","建築工事業","","","1~9","4","仮設物、建築物、構築物等","41","仮設物、建築物、構築物等","","","1","墜落、転落"
"833","1995","平成","7","5","15~16","天井走行クレーン解体撤去工事において、移動式クレーンで撤去するクレーンのガーターを吊り、チェーンブロックでバランスを調整中、チェーンブロックのワイヤが切断し、ガーター上にいた被災者が墜落した。","3","建設業","303","その他の建設業","","","50~99","3","その他の装置等","37","用具","","","1","墜落、転落"
"834","1995","平成","7","5","16~17","大学施設内の2次変電所において、トランスモニターで電気量の測定をした後、装置を外そうとしたところ、高圧充電部に接触した。","15","清掃・と畜業","","","","","300~499","3","その他の装置等","35","電気設備","","","13","感電"
"835","1995","平成","7","5","23~24","軽自動車で走行中、交差点で普通乗用車に追突された。","17","その他の事業","","","","","10~29","2","物上げ装置、運搬機械","23","乗物","","","17","交通事故（道路）"
"836","1995","平成","7","5","8~9","トラックで町道を走行中に積荷が落下したため、降車して拾おうとしたところ、後進してきた自車に轢かれた。","1","製造業","101","食料品製造業","","","1~9","2","物上げ装置、運搬機械","22","動力運搬機","","","17","交通事故（道路）"
"837","1995","平成","7","5","17~18","製鋼工場の精錬設備の真空装置を点検中、伸縮継手のフランジに頭部を挟まれた。","17","その他の事業","","","","","30~49","3","その他の装置等","39","その他の装置、設備","","","7","はさまれ、巻き込まれ"
"838","1995","平成","7","5","21~22","木材港駐車場において出発前の始業点検中、車が岸壁から60センチメートルの所にあったため、何らかの反動で海に落ちた。","4","運輸交通業","403","道路貨物運送業","","","10~29","4","仮設物、建築物、構築物等","41","仮設物、建築物、構築物等","","","1","墜落、転落"
"839","1995","平成","7","5","8~9","トラックに同乗し得意先に向かう途中、停車中のトラックに追突した。","3","建設業","303","その他の建設業","","","1~9","2","物上げ装置、運搬機械","22","動力運搬機","","","17","交通事故（道路）"
"840","1995","平成","7","5","11~12","H型鋼梁上をアングル(6枚)を持って移動中、4.74m下の地下1階コンクリート床に墜落した。","3","建設業","302","建築工事業","","","1~9","4","仮設物、建築物、構築物等","41","仮設物、建築物、構築物等","","","1","墜落、転落"
"841","1995","平成","7","5","14~15","車で顧客先へ向かう途中、国道で中央分離帯を越えてきたダンプカーと衝突した。","3","建設業","302","建築工事業","","","100~299","2","物上げ装置、運搬機械","22","動力運搬機","","","17","交通事故（道路）"
"842","1995","平成","7","5","16~17","ボーリングマシンで測量作業中、マシンのロッドに着衣が巻き込まれた。","17","その他の事業","","","","","1~9","1","動力機械","14","建設機械等","","","7","はさまれ、巻き込まれ"
"843","1995","平成","7","5","0~1","トラックに同乗し高速道路を走行中、追突され斜面に激突した。","17","その他の事業","","","","","1000~9999","2","物上げ装置、運搬機械","22","動力運搬機","","","17","交通事故（道路）"
"844","1995","平成","7","5","10~11","道路脇のU字溝のモルタル補修作業中、後進してきた不整地運搬車に轢かれた。","3","建設業","301","土木工事業","","","10~29","2","物上げ装置、運搬機械","22","動力運搬機","","","7","はさまれ、巻き込まれ"
"845","1995","平成","7","5","10~11","地震で被災した木造2階建家屋を解体中、天井が崩れてきた。","3","建設業","302","建築工事業","","","1~9","4","仮設物、建築物、構築物等","41","仮設物、建築物、構築物等","","","5","崩壊、倒壊"
"846","1995","平成","7","5","12~13","国道を走行中、信号待ち中の4tトラックに追突した。","4","運輸交通業","403","道路貨物運送業","","","1~9","2","物上げ装置、運搬機械","22","動力運搬機","","","17","交通事故（道路）"
"847","1995","平成","7","5","9~10","厚み計プロテクター(ダクト状で一部が可動)内部に落とした鉄片を取りに入った際、ダクト可動部と固定部の間に頭部を挟まれた。","3","建設業","303","その他の建設業","","","10~29","1","動力機械","16","一般動力機械","","","7","はさまれ、巻き込まれ"
"848","1995","平成","7","5","10~11","石積み作業中、ドラグ・ショベルのバケットのフックに玉掛した石(約0.2m3)のワイヤを掛け、吊り上げ旋回した際、振れた石が当たった。","3","建設業","301","土木工事業","","","10~29","1","動力機械","14","建設機械等","","","6","激突され"
"849","1995","平成","7","5","10~11","ゴルフ場内において、芝刈機で斜面を刈り込み中、転倒した。","14","接客娯楽業","","","","","10~29","1","動力機械","16","一般動力機械","","","2","転倒"
"850","1995","平成","7","5","14~15","倉庫の屋根を補修中、塩化ビニール製波板を踏み抜き、約4m下に墜落した。","1","製造業","112","金属製品製造業","","","10~29","4","仮設物、建築物、構築物等","41","仮設物、建築物、構築物等","","","1","墜落、転落"
"851","1995","平成","7","5","16~17","乗用車で配達中、国道でセンターラインをはみ出し、対向してきた3.5tダンプカーに衝突した。","1","製造業","117","その他の製造業","","","1~9","2","物上げ装置、運搬機械","23","乗物","","","17","交通事故（道路）"
"852","1995","平成","7","5","1~2","ホテルの部屋を清掃中、誤って扉をロックしてしまい、出られなくなったため窓から降りようとして、約3.5m下のアスファルト面に墜落した。","14","接客娯楽業","","","","","10~29","4","仮設物、建築物、構築物等","41","仮設物、建築物、構築物等","","","1","墜落、転落"
"853","1995","平成","7","5","8~9","道路工事現場内の材料引き揚げ作業中、後進してきた2tトラックの積荷(足場板)が激突した。","3","建設業","301","土木工事業","","","10~29","2","物上げ装置、運搬機械","22","動力運搬機","","","6","激突され"
"854","1995","平成","7","5","9~10","屋根部分の鉄骨組立中、約13m下のコンクリート床に墜落した。","3","建設業","302","建築工事業","","","1~9","4","仮設物、建築物、構築物等","41","仮設物、建築物、構築物等","","","1","墜落、転落"
"855","1995","平成","7","5","9~10","河川内のポンプ室側壁の型枠を解体中、堰堤と平行するコンクリート壁(高さ2.4m、幅1.9m、厚さ30センチメートル)が堰堤側に倒れ、中で作業していた被災者が挟まれた。","3","建設業","301","土木工事業","","","1~9","4","仮設物、建築物、構築物等","41","仮設物、建築物、構築物等","","","5","崩壊、倒壊"
"856","1995","平成","7","5","9~10","移動式クレーンで木製作業床を枠組足場9段目から降ろす作業中、吊り荷が振れ、建物屋上で合図をしていた被災者に当たった。","3","建設業","302","建築工事業","","","10~29","2","物上げ装置、運搬機械","21","動力クレーン等","","","1","墜落、転落"
"857","1995","平成","7","5","13~14","事業場横の川の土手(勾配約20度)で草刈中、川に転落した。","14","接客娯楽業","","","","","50~99","7","環境等","71","環境等","","","10","おぼれ"
"858","1995","平成","7","5","14~15","坑(深さ2.8m)内で切り張りの取付作業中、側壁が崩壊した。","3","建設業","301","土木工事業","","","1~9","7","環境等","71","環境等","","","5","崩壊、倒壊"
"859","1995","平成","7","5","15~16","発砲成型機を掃除中に切断した配線を結線していたところ、感電し2.7m下の床に墜落した。","1","製造業","108","化学工業","","","50~99","3","その他の装置等","39","その他の装置、設備","","","13","感電"
"860","1995","平成","7","5","16~17","フォークリフト運転席前面より体を乗り出して荷の状態を直そうとしたところ、左足が操作レバーに触れ、ヘッドガードとマストの間に挟まれた。","1","製造業","107","印刷・製本業","","","1~9","2","物上げ装置、運搬機械","22","動力運搬機","","","7","はさまれ、巻き込まれ"
"861","1995","平成","7","5","9~10","船の積荷を運び出す作業中、トラックの後進を誘導していたところ、轢かれた。","5","貨物取扱業","502","港湾運送業","","","1~9","2","物上げ装置、運搬機械","22","動力運搬機","","","7","はさまれ、巻き込まれ"
"862","1995","平成","7","5","10~11","古い瓦を落とした後、屋根の土を落としていたところ、軒先の腐っていた野地板を踏み抜き、墜落した。","3","建設業","302","建築工事業","","","10~29","4","仮設物、建築物、構築物等","41","仮設物、建築物、構築物等","","","1","墜落、転落"
"863","1995","平成","7","5","10~11","小型掃除機で階段を清掃中、踊り場(高さ1.98m)から転落した。","15","清掃・と畜業","","","","","500~999","4","仮設物、建築物、構築物等","41","仮設物、建築物、構築物等","","","1","墜落、転落"
"864","1995","平成","7","5","10~11","油圧ショベルで砂山を掘り、小用をたしていたところ、砂山が崩壊した。","2","鉱業","202","土石採取業","","","1~9","1","動力機械","14","建設機械等","","","5","崩壊、倒壊"
"865","1995","平成","7","5","11~12","木造2階建住宅を解体中、2階屋根上から6.85m下の地上に墜落した。","3","建設業","302","建築工事業","","","1~9","4","仮設物、建築物、構築物等","41","仮設物、建築物、構築物等","","","1","墜落、転落"
"866","1995","平成","7","5","11~12","乗用車で取引先に向かう途中、湖に転落した。","8","商業","","","","","10~29","2","物上げ装置、運搬機械","23","乗物","","","17","交通事故（道路）"
"867","1995","平成","7","5","13~14","ドラグ・ショベルで地山斜面を下っていたところ、ドラグ・ショベルが横転した。","3","建設業","301","土木工事業","","","10~29","1","動力機械","14","建設機械等","","","2","転倒"
"868","1995","平成","7","5","8~9","移動式クレーンの解体作業中、後部ハイガントリの支えを切断したところ、ハイガントリと車体の間に挟まれた。","8","商業","","","","","1~9","2","物上げ装置、運搬機械","21","動力クレーン等","","","7","はさまれ、巻き込まれ"
"869","1995","平成","7","5","8~9","足場の解体作業中、足場最上部で水平継クランプを外そうとしたところ、バランスを崩し11m下の地面に墜落した。","3","建設業","302","建築工事業","","","50~99","4","仮設物、建築物、構築物等","41","仮設物、建築物、構築物等","","","1","墜落、転落"
"870","1995","平成","7","5","14~15","砕石プラントの監視をしていた被災者が、コンクリート階段部で転倒し、頭部を強打した。","2","鉱業","202","土石採取業","","","1~9","4","仮設物、建築物、構築物等","41","仮設物、建築物、構築物等","","","2","転倒"
"871","1995","平成","7","5","23~24","タクシー乗務中、信号機のない交差点で乗用車と衝突した。","4","運輸交通業","402","道路旅客運送業","","","50~99","2","物上げ装置、運搬機械","23","乗物","","","17","交通事故（道路）"
"872","1995","平成","7","5","6~7","4tトラックで国道を走行中、センターラインをはみ出し、対向してきた大型トラックと正面衝突した。","1","製造業","108","化学工業","","","10~29","2","物上げ装置、運搬機械","22","動力運搬機","","","17","交通事故（道路）"
"873","1995","平成","7","5","8~9","工場屋根の葺替工事中、明かり窓用の塩化ビニール板を踏み抜き、約5.5m下のコンクリート床に墜落した。","3","建設業","302","建築工事業","","","1~9","4","仮設物、建築物、構築物等","41","仮設物、建築物、構築物等","","","1","墜落、転落"
"874","1995","平成","7","5","22~23","立坑(径約1.7m、深さ約8.4m)内に入ったところ、酸欠空気を吸入した。","3","建設業","301","土木工事業","","","10~29","7","環境等","71","環境等","","","12","有害物等との接触"
"875","1995","平成","7","5","9~10","解体現場南側でドラグ・ショベルの移動作業中、突然壁が崩壊してきた。","3","建設業","302","建築工事業","","","1~9","4","仮設物、建築物、構築物等","41","仮設物、建築物、構築物等","","","5","崩壊、倒壊"
"876","1995","平成","7","5","10~11","大型タンクローリーで国道を走行中、反対車線にはみ出し、対向してきた大型タンクローリーと正面衝突した。","4","運輸交通業","403","道路貨物運送業","","","10~29","2","物上げ装置、運搬機械","22","動力運搬機","","","17","交通事故（道路）"
"877","1995","平成","7","5","11~12","ドラグ・ショベルをトラック荷台に積み込む作業中、道板からショベルごと転倒した。","3","建設業","301","土木工事業","","","10~29","1","動力機械","14","建設機械等","","","2","転倒"
"878","1995","平成","7","5","11~12","トラックで市道を走行中、カーブで対向してきたトレーラーの積荷(コンクリート製、15t)が落下し、激突した。","1","製造業","105","家具・装備品製造業","","","30~49","2","物上げ装置、運搬機械","22","動力運搬機","","","17","交通事故（道路）"
"879","1995","平成","7","5","13~14","ジャッキアップした廃車の下に潜り込み、部品を外していたところ、車体が揺れてジャッキが外れ、車体フレームと地面の間に挟まれた。","8","商業","","","","","10~29","2","物上げ装置、運搬機械","23","乗物","","","7","はさまれ、巻き込まれ"
"880","1995","平成","7","5","13~14","メンテナンス依託されたエレベーターが停止したため状況確認に出入口を開けたところ、バランスを失いエレベーターピットに墜落した。","17","その他の事業","","","","","100~299","2","物上げ装置、運搬機械","21","動力クレーン等","","","1","墜落、転落"
"881","1995","平成","7","5","15~16","ベルトコンベヤー下部に堆積した土の除去作業中、コンベヤーに巻き込まれた。","1","製造業","109","窯業土石製品製造業","","","10~29","2","物上げ装置、運搬機械","22","動力運搬機","","","7","はさまれ、巻き込まれ"
"882","1995","平成","7","5","16~17","ホイスト式天井クレーンで板状の石材加工製品を吊り上げようとしたところ、同製品が倒れ他の石材との間に挟まれた。","1","製造業","109","窯業土石製品製造業","","","30~49","2","物上げ装置、運搬機械","21","動力クレーン等","","","6","激突され"
"883","1995","平成","7","5","5~6","傾斜地(勾配45度)の立木を伐倒した際、隣接する立木が続いて倒れ、崩落した根株の土に埋まった。","3","建設業","301","土木工事業","","","1~9","7","環境等","71","環境等","","","5","崩壊、倒壊"
"884","1995","平成","7","5","6~7","2tトラックで走行中、センターラインをはみ出し、対向してきた4tトラックに衝突した。","4","運輸交通業","403","道路貨物運送業","","","10~29","2","物上げ装置、運搬機械","22","動力運搬機","","","17","交通事故（道路）"
"885","1995","平成","7","5","13~14","出張先の倉庫中2階の資材置場において、建築用資材を運搬中、約3m下の1階コンクリート床に墜落した。","4","運輸交通業","403","道路貨物運送業","","","1~9","4","仮設物、建築物、構築物等","41","仮設物、建築物、構築物等","","","1","墜落、転落"
"886","1995","平成","7","5","15~16","ホイールクレーンで国道を走行中、ガードレールを突き破り5m下に転落した。","3","建設業","301","土木工事業","","","1~9","2","物上げ装置、運搬機械","21","動力クレーン等","","","17","交通事故（道路）"
"887","1995","平成","7","5","16~17","現場の障害木を伐採中、近くの立木(他の伐倒木と蔓で絡み合っていたため弓なり状態だった)が折れ、折れた部分(14.5m)が被災者に激突した。","3","建設業","301","土木工事業","","","1~9","7","環境等","71","環境等","","","4","飛来、落下"
"888","1995","平成","7","5","4~5","国道を走行中、対向車線を越えてきた4tトラック接触し、塀に衝突した。","4","運輸交通業","403","道路貨物運送業","","","30~49","2","物上げ装置、運搬機械","22","動力運搬機","","","17","交通事故（道路）"
"889","1995","平成","7","5","13~14","石灰石山で測量作業中、チェーンソーを持って斜面を移動していたところ、足を滑らせ転倒した。","3","建設業","301","土木工事業","","","30~49","7","環境等","71","環境等","","","2","転倒"
"890","1995","平成","7","5","13~14","住宅新築工事現場横の市道上に、4tミキサー車をエンジンを切らずにサイドブレーキで停止させ、車外で待機していたところ、ミキサー車が後退し始めたため車に乗り込もうとした際、道路脇のバックホウとの間に挟まれた。","1","製造業","109","窯業土石製品製造業","","","10~29","2","物上げ装置、運搬機械","22","動力運搬機","","","17","交通事故（道路）"
"891","1995","平成","7","5","16~17","営業先からワゴン車で帰社途中、センターラインをはみ出し、対向してきた大型ダンプカーと正面衝突した。","8","商業","","","","","10~29","2","物上げ装置、運搬機械","23","乗物","","","17","交通事故（道路）"
"892","1995","平成","7","5","18~19","排水処理水を貯めておくタンク(内径1.41m、高さ1.68m、水深1.38m)内に流れ込んできた水処理用吸着材を回収するため、タンク上に腹這いになりマンホールから上半身を入れて作業中、タンク内に落ちた。","1","製造業","101","食料品製造業","","","100~299","4","仮設物、建築物、構築物等","41","仮設物、建築物、構築物等","","","10","おぼれ"
"893","1995","平成","7","5","8~9","建方作業中、移動式クレーンで吊り上げて建てた鉄骨に登り、吊り上げ用クランプを外して降りようとしたところ、鉄骨が倒れた。(外)","3","建設業","302","建築工事業","","","10~29","5","物質、材料","52","材料","","","5","崩壊、倒壊"
"894","1995","平成","7","5","10~11","足場組立作業中、7段目の布枠を取り付けていたところ、約10.2m下の地面に墜落した。","3","建設業","302","建築工事業","","","1~9","4","仮設物、建築物、構築物等","41","仮設物、建築物、構築物等","","","1","墜落、転落"
"895","1995","平成","7","5","11~12","隔壁天端上で作業中、足を滑らせ4.8m下のコンクリート床に墜落した。","3","建設業","302","建築工事業","","","1~9","4","仮設物、建築物、構築物等","41","仮設物、建築物、構築物等","","","1","墜落、転落"
"896","1995","平成","7","5","13~14","砂利採取場で作業中、ジョークラッシャーの中に転落し、破砕部に挟まれた。","2","鉱業","202","土石採取業","","","1~9","1","動力機械","16","一般動力機械","","","1","墜落、転落"
"897","1995","平成","7","5","16~17","鉄工工場の資材置場において、鋼管パイプ(径60センチメートル)上を歩行中、足元が滑り、パイプの横に置かれたH型鋼上に転倒した。","1","製造業","112","金属製品製造業","","","1~9","5","物質、材料","52","材料","","","1","墜落、転落"
"898","1995","平成","7","5","16~17","ホイストクレーン(つり上げ荷重1t)で産業用クーラーの鉄骨枠(約700キログラム)を吊り上げ、その下に入って塗装作業中、吊具のチェーンがフックから外れ、落ちてきた鉄骨枠の下敷きになった。","1","製造業","112","金属製品製造業","","","10~29","3","その他の装置等","37","用具","","","4","飛来、落下"
"899","1995","平成","7","5","8~9","高圧碍子仕上げラインの捺印機を調整中、インデックステーブルが回転し、搬送コンベヤーのアングルに頭部を挟まれた。","1","製造業","109","窯業土石製品製造業","","","500~999","1","動力機械","16","一般動力機械","","","7","はさまれ、巻き込まれ"
"900","1995","平成","7","5","12~13","既設排水管の埋設箇所を確認する際、チェーンを使いバックホウでコンクリート蓋を吊り上げ、水路を覗き込んでいたところ、チェーンがフックから外れ、蓋が落下した。","3","建設業","303","その他の建設業","","","1~9","3","その他の装置等","37","用具","","","4","飛来、落下"
"901","1995","平成","7","5","13~14","出張先より自家用車で帰宅する途中、交差点の信号機に激突した。","12","教育・研究業","","","","","500~999","2","物上げ装置、運搬機械","23","乗物","","","17","交通事故（道路）"
"902","1995","平成","7","5","21~22","大型トレーラーで国道を走行中、カーブで横転した。","4","運輸交通業","403","道路貨物運送業","","","10~29","2","物上げ装置、運搬機械","22","動力運搬機","","","17","交通事故（道路）"
"903","1995","平成","7","5","9~10","屋根上で安全ネットをもや伝いに広げていたところ、スレートを踏み抜き、約12m下の通路に墜落した。","3","建設業","302","建築工事業","","","1~9","4","仮設物、建築物、構築物等","41","仮設物、建築物、構築物等","","","1","墜落、転落"
"904","1995","平成","7","5","11~12","国道に停車中のトラックに保冷車が衝突し、トラックの前でライン引き作業の打ち合わせをしていた被災者が、反動で押し出されたトラックに轢かれた。","3","建設業","301","土木工事業","","","10~29","2","物上げ装置、運搬機械","22","動力運搬機","","","17","交通事故（道路）"
"905","1995","平成","7","5","11~12","木造家屋新築現場でタルキの墨付け作業中、小屋梁上(高さ6.29m)から墜落した。","3","建設業","302","建築工事業","","","1~9","4","仮設物、建築物、構築物等","41","仮設物、建築物、構築物等","","","1","墜落、転落"
"906","1995","平成","7","5","12~13","アルミ系スクラップを溶解炉に投入後、待機所に向かう途中、鋼鉄製バケット内のスクラップを確認するためその中に入り、金属塊に触れたところ、爆発した。","1","製造業","111","非鉄金属製造業","","","1000~9999","5","物質、材料","52","材料","","","14","爆発"
"907","1995","平成","7","5","16~17","アースオーガーの泥除け用カバーの滑車が外れていたため直そうとしたところ、安全帯が当該機械の回転軸に引っかかり、巻き込まれた。","3","建設業","301","土木工事業","","","1~9","1","動力機械","14","建設機械等","","","7","はさまれ、巻き込まれ"
"908","1995","平成","7","5","18~19","ピザを配達中、信号機のない交差点でワゴン車と衝突した。","8","商業","","","","","10~29","2","物上げ装置、運搬機械","23","乗物","","","17","交通事故（道路）"
"909","1995","平成","7","5","23~24","国道を走行中、大型トラックに追突した。","4","運輸交通業","403","道路貨物運送業","","","30~49","2","物上げ装置、運搬機械","22","動力運搬機","","","17","交通事故（道路）"
"910","1995","平成","7","5","0~1","木造2階建住宅の外壁タイルのはつり作業中、単管抱き足場上から約4.3m下のアスファルト面に墜落した。","3","建設業","302","建築工事業","","","1~9","4","仮設物、建築物、構築物等","41","仮設物、建築物、構築物等","","","1","墜落、転落"
"911","1995","平成","7","5","4~5","保冷車で走行中、カーブでセンターラインをはみ出し、対向車線の路肩に停車中の10tトラックに衝突した。","1","製造業","101","食料品製造業","","","100~299","2","物上げ装置、運搬機械","22","動力運搬機","","","17","交通事故（道路）"
"912","1995","平成","7","5","6~7","ワゴン車で工事現場へ向かう途中、雨のためスリップし横転した。","3","建設業","302","建築工事業","","","1~9","2","物上げ装置、運搬機械","23","乗物","","","17","交通事故（道路）"
"913","1995","平成","7","5","11~12","調整機械用の点検歩廊を撤去するためローリングタワー上で吊り材を溶断中、吊り材が横振れした際、振れ止め用の介錯ロープがローリングタワーに当たり、その反動で墜落した。","3","建設業","303","その他の建設業","","","10~29","4","仮設物、建築物、構築物等","41","仮設物、建築物、構築物等","","","1","墜落、転落"
"914","1995","平成","7","5","13~14","ケーソン堤上部工事において、型枠にコンクリートの打設中、側枠が外れ、側枠の足場上にいた被災者が海中に墜落した。","3","建設業","301","土木工事業","","","1~9","4","仮設物、建築物、構築物等","41","仮設物、建築物、構築物等","","","5","崩壊、倒壊"
"915","1995","平成","7","5","14~15","2階床の根太の上に断熱材を敷き、更に根太を打ち付ける作業中、断熱材を踏み抜き、約2.8m下の1階床に墜落した。","3","建設業","302","建築工事業","","","10~29","4","仮設物、建築物、構築物等","41","仮設物、建築物、構築物等","","","1","墜落、転落"
"916","1995","平成","7","5","15~16","銅板の屋根張り作業中、雨で濡れていた屋根板で足を滑らせ、約5.2m下の地面に墜落した。","3","建設業","302","建築工事業","","","1~9","4","仮設物、建築物、構築物等","41","仮設物、建築物、構築物等","","","1","墜落、転落"
"917","1995","平成","7","5","17~18","乗用車で帰宅途中、国道でセンターラインを越えてきた普通車と衝突した。","1","製造業","101","食料品製造業","","","10~29","2","物上げ装置、運搬機械","23","乗物","","","17","交通事故（道路）"
"918","1995","平成","7","5","2~3","大型トラックで国道を走行中、大型乗用車に追突し、更に電柱に激突した。","4","運輸交通業","403","道路貨物運送業","","","10~29","2","物上げ装置、運搬機械","22","動力運搬機","","","17","交通事故（道路）"
"919","1995","平成","7","5","6~7","ホッパー下の排出口からチップをトラックに積み込んでいた被災者が、ホッパー内部でチップに埋まっていた。","4","運輸交通業","403","道路貨物運送業","","","10~29","4","仮設物、建築物、構築物等","41","仮設物、建築物、構築物等","","","1","墜落、転落"
"920","1995","平成","7","5","8~9","ドラグ・ショベルでワイヤロープを掛けた鉄骨(約500キログラム)を吊り上げ移動中、ワイヤが鉄骨から外れ、被災者に激突した。","3","建設業","302","建築工事業","","","1~9","3","その他の装置等","37","用具","","","6","激突され"
"921","1995","平成","7","5","9~10","脱硫装置の定修工事中、装置から漏れた硫化水素を吸入した。","3","建設業","303","その他の建設業","","","1~9","5","物質、材料","51","危険物、有害物等","","","12","有害物等との接触"
"922","1995","平成","7","5","9~10","脱硫装置の定修工事中、装置から漏れた硫化水素を吸入した。","3","建設業","303","その他の建設業","","","1~9","5","物質、材料","51","危険物、有害物等","","","12","有害物等との接触"
"923","1995","平成","7","5","9~10","脱硫装置の定修工事中、装置から漏れた硫化水素を吸入した。","3","建設業","303","その他の建設業","","","1~9","5","物質、材料","51","危険物、有害物等","","","12","有害物等との接触"
"924","1995","平成","7","5","11~12","ボイラーを支える垂直バックステージ組立作業の準備中、木製台座に仮置きしたバックステージがずり落ち、その下敷きになった。","3","建設業","302","建築工事業","","","1~9","5","物質、材料","52","材料","","","5","崩壊、倒壊"
"925","1995","平成","7","5","14~15","サイロ下部を溶断中、落下したサイロ下部が足場を支えていた梁に当たり、その弾みでバランスを崩して約3m下に墜落した。","3","建設業","302","建築工事業","","","1~9","4","仮設物、建築物、構築物等","41","仮設物、建築物、構築物等","","","1","墜落、転落"
"926","1995","平成","7","5","15~16","国道で幅員測量中、大型トラックが交通規制車(4tトラック)に追突し、その弾みで押し飛ばされた規制車にはねられた。","3","建設業","301","土木工事業","","","不明","2","物上げ装置、運搬機械","22","動力運搬機","","","17","交通事故（道路）"
"927","1995","平成","7","5","15~16","ロックボルト穿孔用ホイールジャンボのロッド繋ぎ合わせ作業中、回転中のロッドに巻き込まれた。","3","建設業","301","土木工事業","","","100~299","1","動力機械","14","建設機械等","","","7","はさまれ、巻き込まれ"
"928","1995","平成","7","5","12~13","使用済み金型の錆の除去剤を、ポリ容器から200リットルドラム缶に移し換えていたところ、突然ドラム缶が破裂した。","1","製造業","114","電気機械器具製造業","","","100~299","5","物質、材料","51","危険物、有害物等","","","15","破裂"
"929","1995","平成","7","5","12~13","軽トラックで走行中、前の乗用車が停車したのに気付かず、追突した。","3","建設業","303","その他の建設業","","","10~29","2","物上げ装置、運搬機械","22","動力運搬機","","","17","交通事故（道路）"
"930","1995","平成","7","5","13~14","煙突内部のライニング工事中、垂直梯子から踊り場に墜落した。","3","建設業","302","建築工事業","","","1~9","4","仮設物、建築物、構築物等","41","仮設物、建築物、構築物等","","","1","墜落、転落"
"931","1995","平成","7","5","16~17","鎌を使って崖の草刈作業中、移動梯子(高さ5.37m)上から墜落した。","15","清掃・と畜業","","","","","50~99","3","その他の装置等","37","用具","","","1","墜落、転落"
"932","1995","平成","7","5","16~17","トラックで高速道路を走行中、キャビンより失火したため、パーキングエリアに入ったところ、駐車中のトラックに衝突し、炎上した。","4","運輸交通業","403","道路貨物運送業","","","30~49","2","物上げ装置、運搬機械","22","動力運搬機","","","16","火災"
"933","1995","平成","7","6","2~3","トラックで国道を走行中、道路脇の民家に突っ込んだ。","4","運輸交通業","403","道路貨物運送業","","","10~29","2","物上げ装置、運搬機械","22","動力運搬機","","","17","交通事故（道路）"
"934","1995","平成","7","6","9~10","ビル屋上の外壁にチェア型ゴンドラを取付中、パラペット近くに立ちライフラインを地上にたらすよう送り出しを行っていたところ、パラペットに足を取られて墜落した。","3","建設業","302","建築工事業","","","1~9","4","仮設物、建築物、構築物等","41","仮設物、建築物、構築物等","","","1","墜落、転落"
"935","1995","平成","7","6","10~11","配電盤(235×190×60センチメートル、1.5t)の据付作業中、コロを使って横移動させていたところ、倒れてきた。","3","建設業","303","その他の建設業","","","10~29","6","荷","61","荷","","","5","崩壊、倒壊"
"936","1995","平成","7","6","11~12","工場構内で、走行してきたフォークリフトに激突された。","4","運輸交通業","403","道路貨物運送業","","","50~99","2","物上げ装置、運搬機械","22","動力運搬機","","","6","激突され"
"937","1995","平成","7","6","11~12","休憩時間中に雨が降り出しそうだったため、作業箇所に道具を取りに行く際、足場板より5.3m下のピットに転落した。","3","建設業","302","建築工事業","","","1~9","4","仮設物、建築物、構築物等","41","仮設物、建築物、構築物等","","","1","墜落、転落"
"938","1995","平成","7","6","12~13","軽自動車で走行中、運転を誤り、街灯に激突した。","14","接客娯楽業","","","","","10~29","2","物上げ装置、運搬機械","23","乗物","","","17","交通事故（道路）"
"939","1995","平成","7","6","16~17","トラック荷台上において、ワイヤロープでタンク2個を緊結中、荷台から墜落した。","4","運輸交通業","403","道路貨物運送業","","","10~29","2","物上げ装置、運搬機械","22","動力運搬機","","","1","墜落、転落"
"940","1995","平成","7","6","16~17","造園工事中、庭石(約2t)の根元付近の植木を取り除こうとしたところ、庭石が倒れてきた。","3","建設業","301","土木工事業","","","1~9","7","環境等","71","環境等","","","5","崩壊、倒壊"
"941","1995","平成","7","6","16~17","地下1階において、クローラ式小型移動式クレーンで型枠資材(約1t)を地下3階へ荷卸し中、クレーンが転倒し、その弾みで運転していた被災者が投げ出され、約11m下の作業構台に墜落した。","3","建設業","302","建築工事業","","","10~29","2","物上げ装置、運搬機械","21","動力クレーン等","","","1","墜落、転落"
"942","1995","平成","7","6","17~18","地下浄化槽内部に降ろしていた梯子の位置を変えていたところ、ピット端から4m下の床に墜落した。","3","建設業","302","建築工事業","","","1~9","4","仮設物、建築物、構築物等","41","仮設物、建築物、構築物等","","","1","墜落、転落"
"943","1995","平成","7","6","11~12","部材置場へ行く途中、工事現場に隣接する水路に転落した。","3","建設業","302","建築工事業","","","1~9","4","仮設物、建築物、構築物等","41","仮設物、建築物、構築物等","","","1","墜落、転落"
"944","1995","平成","7","6","13~14","ビル2階壁面のネオンの蛍光灯を交換するため庇(高さ約4.4m)に乗り、ネオンの看板を取り外した直後、突風に吹かれ歩道上に墜落した。","3","建設業","302","建築工事業","","","1~9","4","仮設物、建築物、構築物等","41","仮設物、建築物、構築物等","","","1","墜落、転落"
"945","1995","平成","7","6","14~15","鉄スクラップ加工ラインにおいて、計量器のガイドローラーに巻き込まれた。","1","製造業","110","鉄鋼業","","","10~29","2","物上げ装置、運搬機械","22","動力運搬機","","","7","はさまれ、巻き込まれ"
"946","1995","平成","7","6","14~15","橋型クレーンでショットブラスト用ショット入り袋(1t×3)を吊り上げたところ、玉掛用繊維ロープが破断し、付近を通りかかった被災者に当たった。","1","製造業","115","輸送用機械等製造業","","","500~999","3","その他の装置等","37","用具","","","4","飛来、落下"
"947","1995","平成","7","6","15~16","ビルのエレベーターを清掃中、昇降路セパレータービーム(梁)を清掃する際、下降してきた搬器とセパレータービームの間に挟まれた。","8","商業","","","","","50~99","2","物上げ装置、運搬機械","21","動力クレーン等","","","7","はさまれ、巻き込まれ"
"948","1995","平成","7","6","8~9","海中に砂を降ろす作業中、台船を固定していたアンカーロープ2本の内1本が外れたため、ロープ伝いに泳いでいたところ、溺れた。","3","建設業","301","土木工事業","","","10~29","7","環境等","71","環境等","","","10","おぼれ"
"949","1995","平成","7","6","9~10","トラックで国道を走行中、前車を追い越したところ、対向してきたトラックと正面衝突した。","4","運輸交通業","403","道路貨物運送業","","","100~299","2","物上げ装置、運搬機械","22","動力運搬機","","","17","交通事故（道路）"
"950","1995","平成","7","6","11~12","簡易リフト(積載荷重200キログラム)で1階から2階へ料理を上げようとしたところ、先にリフトが動き始めたため、搬器床と1階入口の間に挟まれた。","13","保健・衛生業","","","","","10~29","2","物上げ装置、運搬機械","21","動力クレーン等","","","7","はさまれ、巻き込まれ"
"951","1995","平成","7","6","12~13","砂防ダム建設のための測量をしていた被災者が、移動する際に川を渡ろうとして転倒し、頭部を強打した。","17","その他の事業","","","","","30~49","7","環境等","71","環境等","","","2","転倒"
"952","1995","平成","7","6","12~13","社有車で国道を走行中、センターラインをはみ出し、対向してきたトラックに衝突した。","3","建設業","301","土木工事業","","","30~49","2","物上げ装置、運搬機械","23","乗物","","","17","交通事故（道路）"
"953","1995","平成","7","6","14~15","4tトラックで走行中、道路の側壁に衝突した。","4","運輸交通業","403","道路貨物運送業","","","10~29","2","物上げ装置、運搬機械","22","動力運搬機","","","17","交通事故（道路）"
"954","1995","平成","7","6","0~1","23tセミトレーラーで走行中、4tトラックの側面に接触した後、ガードレールに激突した。","4","運輸交通業","403","道路貨物運送業","","","10~29","2","物上げ装置、運搬機械","22","動力運搬機","","","17","交通事故（道路）"
"955","1995","平成","7","6","10~11","木造平屋店舗の建方作業中、梁(高さ約3m)上で小梁を取り付けていたところ、墜落した。","3","建設業","302","建築工事業","","","1~9","4","仮設物、建築物、構築物等","41","仮設物、建築物、構築物等","","","1","墜落、転落"
"956","1995","平成","7","6","11~12","水路の擁壁(幅20センチメートル、高さ60センチメートル)上において、構築中のブロック塀の仕上がり具合を点検しようとしたところ、足を滑らせ水路に転倒した。","3","建設業","302","建築工事業","","","1~9","4","仮設物、建築物、構築物等","41","仮設物、建築物、構築物等","","","2","転倒"
"957","1995","平成","7","6","16~17","急傾斜地斜面保全作業において、斜面にロックボルトを打ち込むため単管足場を組立中、高さ3.66mの足場から墜落した。","3","建設業","301","土木工事業","","","1~9","4","仮設物、建築物、構築物等","41","仮設物、建築物、構築物等","","","1","墜落、転落"
"958","1995","平成","7","6","19~20","高速道路を走行中、前車を追い越そうとしてスリップし、ガードロープに激突した。","17","その他の事業","","","","","1~9","2","物上げ装置、運搬機械","23","乗物","","","17","交通事故（道路）"
"959","1995","平成","7","6","13~14","45tクローラクレーンで足場用資材を降ろす作業中、吊り荷のバランスが崩れて落下した。","3","建設業","301","土木工事業","","","50~99","2","物上げ装置、運搬機械","21","動力クレーン等","","","4","飛来、落下"
"960","1995","平成","7","6","16~17","配達を終え帰社途中、高速道路で雨のためスリップし、中央分離帯に衝突した。","8","商業","","","","","10~29","2","物上げ装置、運搬機械","23","乗物","","","17","交通事故（道路）"
"961","1995","平成","7","6","8~9","振動ローラーで仮設道路を走行中、路肩に寄り過ぎたためローラーが傾き、法面に転落した。","3","建設業","301","土木工事業","","","1~9","1","動力機械","14","建設機械等","","","1","墜落、転落"
"962","1995","平成","7","6","9~10","1階屋根庇上において、雨漏り防止シートを敷き桟木を釘止めしていたところ、2.84m下の土場に墜落した。","3","建設業","302","建築工事業","","","1~9","4","仮設物、建築物、構築物等","41","仮設物、建築物、構築物等","","","1","墜落、転落"
"963","1995","平成","7","6","10~11","床に落ちて割れた瓦の掃除をする際、瓦検品用の「段ばらし機」と呼ばれる産業用ロボットのマニプレーターの可動範囲に入ったため、激突された。","1","製造業","109","窯業土石製品製造業","","","1~9","1","動力機械","16","一般動力機械","","","6","激突され"
"964","1995","平成","7","6","10~11","掘削深さを検尺中、掘削中のドラグ・ショベルが地盤が崩れたためずり落ち、ドラグ・ショベルのアームと土止めH型鋼の間に挟まれた。","3","建設業","302","建築工事業","","","1~9","1","動力機械","14","建設機械等","","","6","激突され"
"965","1995","平成","7","6","11~12","鉄塔解体に使うクライミングクレーンを組立中、緩衝装置を取り付ける際に仮設サポート(ジブを固定するマット)を外したため、ジブとフレームの間に挟まれた。","3","建設業","303","その他の建設業","","","30~49","2","物上げ装置、運搬機械","21","動力クレーン等","","","7","はさまれ、巻き込まれ"
"966","1995","平成","7","6","13~14","ワゴン車で走行中、センターラインをはみ出し、対向してきたトラックに衝突した。","1","製造業","103","衣服その他の繊維製品製造業","","","30~49","2","物上げ装置、運搬機械","23","乗物","","","17","交通事故（道路）"
"967","1995","平成","7","6","15~16","軽ライトバンで配達中、警報機のない踏切で電車と衝突した。","8","商業","","","","","10~29","2","物上げ装置、運搬機械","23","乗物","","","17","交通事故（道路）"
"968","1995","平成","7","6","17~18","ミキサー車を洗浄中、車上より墜落した。","1","製造業","109","窯業土石製品製造業","","","10~29","2","物上げ装置、運搬機械","22","動力運搬機","","","1","墜落、転落"
"969","1995","平成","7","6","19~20","タクシー乗務中、Uターンする際、乗用車に追突された。","4","運輸交通業","402","道路旅客運送業","","","10~29","2","物上げ装置、運搬機械","23","乗物","","","17","交通事故（道路）"
"970","1995","平成","7","6","14~15","天井クレーン2基で鉄骨を吊り上げ移動中、近くに置かれた3段積みの鉄骨に当たり、最上段の1本(長さ約6.3m、約1t)が転げ落ち、クレーン操作をしていた被災者に当たった。","1","製造業","112","金属製品製造業","","","1~9","2","物上げ装置、運搬機械","21","動力クレーン等","","","4","飛来、落下"
"971","1995","平成","7","6","16~17","電柱上で新しい引き込み線の接続作業を終え、下へ降りる途中、トランスの一次側(6600V)のリード線に触れた。","3","建設業","303","その他の建設業","","","30~49","3","その他の装置等","35","電気設備","","","13","感電"
"972","1995","平成","7","6","17~18","国道を走行中、降雨のためスピンして反対車線に飛び出し、対向してきたライトバンと衝突した。","8","商業","","","","","300~499","2","物上げ装置、運搬機械","23","乗物","","","17","交通事故（道路）"
"973","1995","平成","7","6","17~18","一斗缶の空き缶処理(蓋の切り落とし)作業中、切断鋭角部で小指を切傷し、その後通院していたが、発熱により意識不明になった。","1","製造業","108","化学工業","","","10~29","9","その他","91","その他の起因物","","","90","その他"
"974","1995","平成","7","6","5~6","大型トラックで高速道路を走行中、大型トレーラーに追突した。","4","運輸交通業","403","道路貨物運送業","","","30~49","2","物上げ装置、運搬機械","22","動力運搬機","","","17","交通事故（道路）"
"975","1995","平成","7","6","8~9","トラックで作業現場へ向かう途中、カーブを曲がりきれず、ガードレールを突き破り約8m下に転落した。","3","建設業","302","建築工事業","","","50~99","2","物上げ装置、運搬機械","23","乗物","","","17","交通事故（道路）"
"976","1995","平成","7","6","8~9","氷(26.2×55.1×98.4センチメートル)をアイスカッターで切断し、ストッパーの掛かっていない台車に足を掛けたところ、台車が動いたため下のピットに落ちて倒れ、同カッターで左足を切断した。","1","製造業","101","食料品製造業","","","1~9","1","動力機械","16","一般動力機械","","","8","切れ、こすれ"
"977","1995","平成","7","6","9~10","大型タンクローリーで走行中、大型トラックに追突した。","4","運輸交通業","403","道路貨物運送業","","","30~49","2","物上げ装置、運搬機械","22","動力運搬機","","","17","交通事故（道路）"
"978","1995","平成","7","6","14~15","ガードレールの清掃作業中、大型トラックが誘導標識車に追突し、押し飛ばされた標識車とガードレール清掃車の間に挟まれた。","15","清掃・と畜業","","","","","100~299","2","物上げ装置、運搬機械","22","動力運搬機","","","17","交通事故（道路）"
"979","1995","平成","7","6","14~15","倉庫屋根に取り付けられた看板を取り外す作業中、スレートを踏み抜き、約4.7m下のコンクリート床に墜落した。","3","建設業","301","土木工事業","","","10~29","4","仮設物、建築物、構築物等","41","仮設物、建築物、構築物等","","","1","墜落、転落"
"980","1995","平成","7","6","14~15","機械集材装置を解体中、復索のワイヤロープを巻き取っていたところ、木製支柱が倒れてきた。","6","農林業","601","農業","","","1~9","2","物上げ装置、運搬機械","21","動力クレーン等","","","6","激突され"
"981","1995","平成","7","6","16~17","2tダンプカーで帰社途中、中央分離帯を越えてきた11tダンプカーに衝突された。","3","建設業","301","土木工事業","","","10~29","2","物上げ装置、運搬機械","22","動力運搬機","","","17","交通事故（道路）"
"982","1995","平成","7","6","23~24","10tトラックで国道を走行中、センターラインを越えてきた4tトラックと正面衝突した。","4","運輸交通業","403","道路貨物運送業","","","10~29","2","物上げ装置、運搬機械","22","動力運搬機","","","17","交通事故（道路）"
"983","1995","平成","7","6","23~24","4tトラックで国道を走行中、センターラインをはみ出し、対向してきた10tトラックと正面衝突した。","1","製造業","104","木材・木製品製造業","","","1~9","2","物上げ装置、運搬機械","22","動力運搬機","","","17","交通事故（道路）"
"984","1995","平成","7","6","4~5","納品先より帰社途中、高速道路で運転を誤り、ガードレールに衝突した。","1","製造業","113","一般機械器具製造業","","","10~29","2","物上げ装置、運搬機械","22","動力運搬機","","","17","交通事故（道路）"
"985","1995","平成","7","6","16~17","20tトレーラーにチップ用原木(長さ2m)を積込中、鳶口で原木を平均に並べていたところ、バランスを崩し約3m下の地上に転落した。","4","運輸交通業","403","道路貨物運送業","","","1~9","2","物上げ装置、運搬機械","22","動力運搬機","","","1","墜落、転落"
"986","1995","平成","7","6","16~17","4階ベランダから段ボール紙等を投下中、約11m下の地面に墜落した。","3","建設業","302","建築工事業","","","30~49","4","仮設物、建築物、構築物等","41","仮設物、建築物、構築物等","","","1","墜落、転落"
"987","1995","平成","7","6","5~6","走行中、カーブで横転し、防雪柵に衝突した。","4","運輸交通業","403","道路貨物運送業","","","10~29","2","物上げ装置、運搬機械","22","動力運搬機","","","17","交通事故（道路）"
"988","1995","平成","7","6","15~16","電気室の高圧受電盤(6600V)を点検中、通電中のヒューズを素手で外そうとして感電した。","15","清掃・と畜業","","","","","10~29","3","その他の装置等","35","電気設備","","","13","感電"
"989","1995","平成","7","6","17~18","荷を台車ごとエレベーターに乗せ、2階から1階に下降させたところ、搬器上部枠と2階床の間に頚部を挟まれた。","1","製造業","101","食料品製造業","","","1~9","2","物上げ装置、運搬機械","21","動力クレーン等","","","7","はさまれ、巻き込まれ"
"990","1995","平成","7","6","4~5","ミニバイクで新聞配達中、県道交差点で出会い頭に軽トラックと衝突した。","8","商業","","","","","10~29","2","物上げ装置、運搬機械","23","乗物","","","17","交通事故（道路）"
"991","1995","平成","7","6","10~11","自社資材置場において、移動式クレーン(つり上げ荷重2.52t)で鉄板(100キログラム)4枚を吊り上げたところ、クレーンが転倒した。","3","建設業","302","建築工事業","","","10~29","2","物上げ装置、運搬機械","21","動力クレーン等","","","2","転倒"
"992","1995","平成","7","6","3~4","大型トラックで国道を走行中、センターラインを越えてきた大型トラックに正面衝突された。","4","運輸交通業","403","道路貨物運送業","","","10~29","2","物上げ装置、運搬機械","22","動力運搬機","","","17","交通事故（道路）"
"993","1995","平成","7","6","3~4","11tトラックで走行中、センターラインをはみ出し、対向してきた11.5tトラックと正面衝突した。","4","運輸交通業","403","道路貨物運送業","","","10~29","2","物上げ装置、運搬機械","22","動力運搬機","","","17","交通事故（道路）"
"994","1995","平成","7","6","8~9","10tトラック荷台上で、荷崩れをおこした鋳物製品(120キログラム)を直そうとしたところ、同製品と共に墜落した。","4","運輸交通業","403","道路貨物運送業","","","10~29","6","荷","61","荷","","","1","墜落、転落"
"995","1995","平成","7","6","9~10","2tトラックで空缶、空瓶の回収作業中、次の集積所に移動する際、荷台から路上に転落した。","4","運輸交通業","403","道路貨物運送業","","","10~29","2","物上げ装置、運搬機械","22","動力運搬機","","","17","交通事故（道路）"
"996","1995","平成","7","6","9~10","杭打ち機のドリルに登り、連結ピンを取り外し中、オペレーターが被災者上方の振れ止めを巻き上げたところ、そのワイヤが破断し、落下した振り止めが被災者に接触したはずみで墜落した。","3","建設業","302","建築工事業","","","1~9","1","動力機械","14","建設機械等","","","1","墜落、転落"
"997","1995","平成","7","6","11~12","発電用ボイラー製造工場において、ボイラーの胴に配管を仮溶接中、架台に置かれた円柱形の胴を固定しなかったため胴が回転し、配管と床の間に挟まれた。","1","製造業","113","一般機械器具製造業","","","1000~9999","5","物質、材料","52","材料","","","7","はさまれ、巻き込まれ"
"998","1995","平成","7","6","11~12","11tダンプカーで走行中、道路案内標識の鉄製ポールに激突した。","4","運輸交通業","403","道路貨物運送業","","","10~29","2","物上げ装置、運搬機械","22","動力運搬機","","","17","交通事故（道路）"
"999","1995","平成","7","6","13~14","原付バイクで得意先回りの途中、右折する際にトラックと衝突した。","9","金融・広告業","","","","","10~29","2","物上げ装置、運搬機械","23","乗物","","","17","交通事故（道路）"
"1000","1995","平成","7","6","14~15","生コン製造工場において、骨材搬送ベルトコンベヤーの点検作業中、コンベヤーのプーリーの軸に巻き込まれた。","1","製造業","109","窯業土石製品製造業","","","1~9","2","物上げ装置、運搬機械","22","動力運搬機","","","7","はさまれ、巻き込まれ"
"1001","1995","平成","7","6","15~16","建方作業完了後、小屋梁上(高さ約6.5m)で屋根材を固定しようとロープを掛けていたところ、墜落した。","3","建設業","302","建築工事業","","","1~9","4","仮設物、建築物、構築物等","41","仮設物、建築物、構築物等","","","1","墜落、転落"
"1002","1995","平成","7","6","15~16","フォークリフトで段ボールを棚上に載せる作業中、フォークリフトのマストとベッドガードの間に首を挟まれた。","8","商業","","","","","10~29","2","物上げ装置、運搬機械","22","動力運搬機","","","7","はさまれ、巻き込まれ"
"1003","1995","平成","7","6","21~22","ライトバンで国道を走行中、信号機の電柱に激突した。","1","製造業","117","その他の製造業","","","10~29","2","物上げ装置、運搬機械","22","動力運搬機","","","17","交通事故（道路）"
"1004","1995","平成","7","6","8~9","4tトラックで高速道路を走行中、車線変更した際にスリップし、法面に衝突した。","3","建設業","302","建築工事業","","","1~9","2","物上げ装置、運搬機械","22","動力運搬機","","","17","交通事故（道路）"
"1005","1995","平成","7","6","9~10","2階梁に架設された作業床上で胴縁取付ボルトを差し込み中、5m下の地面に墜落した。","3","建設業","302","建築工事業","","","10~29","4","仮設物、建築物、構築物等","41","仮設物、建築物、構築物等","","","1","墜落、転落"
"1006","1995","平成","7","6","14~15","壁に梯子を掛け、高さ約3mの位置でプロパンガスの配管コーキング作業中、梯子が横ずれしてバランスを崩し、床上に墜落した。","8","商業","","","","","1~9","3","その他の装置等","37","用具","","","1","墜落、転落"
"1007","1995","平成","7","6","16~17","汚水処理施設工事現場において、合板パネルを運んでいたところ、開口部から5.3m下の地下に墜落した。","3","建設業","302","建築工事業","","","1~9","4","仮設物、建築物、構築物等","41","仮設物、建築物、構築物等","","","1","墜落、転落"
"1008","1995","平成","7","6","16~17","クローラクレーンで鋼矢板6枚(約10t)を巻き上げていたところ、自動ブレーキが解除されていたためブレーキが効かず、荷が落下した。","3","建設業","301","土木工事業","","","1~9","2","物上げ装置、運搬機械","21","動力クレーン等","","","4","飛来、落下"
"1009","1995","平成","7","6","23~24","国道で電線用管路の埋設工事中、ドラグ・ショベルで掘削後に手掘で掘削していたところ、掘削面が幅1.6m、長さ4mに渡って崩壊した。","3","建設業","303","その他の建設業","","","10~29","7","環境等","71","環境等","","","5","崩壊、倒壊"
"1010","1995","平成","7","6","1~2","大型トラックで国道を走行中、交差点で軽自動車と出会い頭に衝突して横転し、更に別のトラックに追突された。","4","運輸交通業","403","道路貨物運送業","","","10~29","2","物上げ装置、運搬機械","22","動力運搬機","","","17","交通事故（道路）"
"1011","1995","平成","7","6","6~7","4tトラックに同乗し国道を走行中、交差点で大型ダンプカーに衝突した。","4","運輸交通業","403","道路貨物運送業","","","30~49","2","物上げ装置、運搬機械","22","動力運搬機","","","17","交通事故（道路）"
"1012","1995","平成","7","6","9~10","ライトバンで走行中、車線を越えてきた4tトラックと正面衝突した。","8","商業","","","","","30~49","2","物上げ装置、運搬機械","22","動力運搬機","","","17","交通事故（道路）"
"1013","1995","平成","7","6","12~13","家屋解体工事現場において、移動式クレーン(つり上げ荷重2.93t)で掘削土砂を吊り上げていたところ、クレーンが転倒した。","3","建設業","302","建築工事業","","","1~9","2","物上げ装置、運搬機械","21","動力クレーン等","","","2","転倒"
"1014","1995","平成","7","6","15~16","自社駐車場内において遊具(ブランコ等)設置作業中、小型ショベルローダーを操作していた被災者が、乗用車との間に挟まれた。","3","建設業","301","土木工事業","","","50~99","1","動力機械","14","建設機械等","","","7","はさまれ、巻き込まれ"
"1015","1995","平成","7","6","17~18","ベンジルアルコールとホスゲンを反応させたベンジルクロロホーメートを生成中、何らかの原因で反応釜の圧力が増大し、釜が破裂した。","1","製造業","108","化学工業","","","10~29","3","その他の装置等","32","化学設備","","","15","破裂"
"1016","1995","平成","7","6","2~3","送電線補修のため電路支持物上に登ったところ、隣接する高圧線に接触した。","3","建設業","303","その他の建設業","","","30~49","3","その他の装置等","35","電気設備","","","13","感電"
"1017","1995","平成","7","6","8~9","天井クレーンでH型鋼の搬送作業中、先に搬送したH型鋼の上に積み上げたところ、上部2本が崩れ落ちてきた。","1","製造業","112","金属製品製造業","","","10~29","2","物上げ装置、運搬機械","21","動力クレーン等","","","4","飛来、落下"
"1018","1995","平成","7","6","8~9","工場の屋根上で屋根葺替用の波鉄板を運搬中、明かり取り用の塩ビ波板を踏み抜き、約5.2m下に墜落した。","3","建設業","302","建築工事業","","","1~9","4","仮設物、建築物、構築物等","41","仮設物、建築物、構築物等","","","9","踏み抜き"
"1019","1995","平成","7","6","8~9","施工工事現場に向かう途中、センターラインをはみ出し、対向車と衝突した。","3","建設業","302","建築工事業","","","30~49","2","物上げ装置、運搬機械","23","乗物","","","17","交通事故（道路）"
"1020","1995","平成","7","6","11~12","坂道にエンジンを掛けたまま停車させておいたトラックが逸走し、トラック前部とコンクリートブロック壁の間に挟まれた。","15","清掃・と畜業","","","","","30~49","2","物上げ装置、運搬機械","22","動力運搬機","","","7","はさまれ、巻き込まれ"
"1021","1995","平成","7","6","13~14","2.8tホイストクレーンで10tトラック荷台へ鉄骨を積込中、鉄骨と共に荷台から墜落した。","1","製造業","112","金属製品製造業","","","10~29","6","荷","61","荷","","","1","墜落、転落"
"1022","1995","平成","7","6","14~15","高架橋脚の基礎杭打作業の準備作業として杭打機を組立場所に移動中、作業場に敷いた鉄板上で杭打機を旋回させたところ、クローラの間に鉄板が挟まって跳ね上がり、落ちてきた鉄板の下敷きになった。","3","建設業","301","土木工事業","","","1~9","2","物上げ装置、運搬機械","21","動力クレーン等","","","4","飛来、落下"
"1023","1995","平成","7","6","1~2","ダンプカーが道路から軌道内に後進で入るのを誘導中、轢かれた。","3","建設業","301","土木工事業","","","50~99","2","物上げ装置、運搬機械","22","動力運搬機","","","17","交通事故（道路）"
"1024","1995","平成","7","6","11~12","工事現場でタイヤショベルを後進させていたところ、道路下4mの沢に転落した。","3","建設業","301","土木工事業","","","1~9","1","動力機械","14","建設機械等","","","7","はさまれ、巻き込まれ"
"1025","1995","平成","7","6","12~13","冷凍車で高速道路を走行中、中央分離帯を突き破り、対向してきたトラックに衝突した。","4","運輸交通業","403","道路貨物運送業","","","10~29","2","物上げ装置、運搬機械","22","動力運搬機","","","17","交通事故（道路）"
"1026","1995","平成","7","6","12~13","大型トラックで高速道路を走行中、中央分離帯を越えてきた大型トラックと正面衝突した。","4","運輸交通業","403","道路貨物運送業","","","10~29","2","物上げ装置、運搬機械","22","動力運搬機","","","17","交通事故（道路）"
"1027","1995","平成","7","6","14~15","自社廃土捨て場において、ブル・ドーザーのバッテリーが上がったため近くのドラグ・ショベルのバッテリーと接続し、同僚がブル・ドーザーのスイッチを入れたところ、ギアがバックに入っていたためブル・ドーザーが後進し、被災者が2台の間に挟まれた。","3","建設業","303","その他の建設業","","","1~9","1","動力機械","14","建設機械等","","","7","はさまれ、巻き込まれ"
"1028","1995","平成","7","6","11~12","倉庫用クレーン(つり上げ荷重1.7t)の部品(駆動用チェーン)を分解したところ、搬器(約700キログラム)が落下してきた。","1","製造業","113","一般機械器具製造業","","","300~499","2","物上げ装置、運搬機械","21","動力クレーン等","","","4","飛来、落下"
"1029","1995","平成","7","6","3~4","高速道路を走行中、前方で事故が発生し、事故車両を避けきれず衝突した。","4","運輸交通業","403","道路貨物運送業","","","10~29","2","物上げ装置、運搬機械","22","動力運搬機","","","17","交通事故（道路）"
"1030","1995","平成","7","6","10~11","町道街路樹の剪定作業中、坂道(勾配約6度)に停めてあった積載型トラッククレーンが急に動き出し、約80m下方にいた被災者が轢かれた。","3","建設業","301","土木工事業","","","1~9","2","物上げ装置、運搬機械","21","動力クレーン等","","","17","交通事故（道路）"
"1031","1995","平成","7","6","12~13","ハッカーを使った天井クレーンで建築用柱材(約500キログラム)を運搬中、荷が何かに当たった際にハッカーが外れ、落下した荷の下敷きになった。","1","製造業","112","金属製品製造業","","","100~299","3","その他の装置等","37","用具","","","4","飛来、落下"
"1032","1995","平成","7","6","13~14","乗用車で帰社途中、対向車線にはみ出し、大型トラックに衝突した。","1","製造業","104","木材・木製品製造業","","","10~29","2","物上げ装置、運搬機械","23","乗物","","","17","交通事故（道路）"
"1033","1995","平成","7","6","14~15","軽トラックで周辺町村の診療所に向かう途中、県道のカーブで対向車線にはみ出し、大型トラックと正面衝突した。","13","保健・衛生業","","","","","100~299","2","物上げ装置、運搬機械","23","乗物","","","17","交通事故（道路）"
"1034","1995","平成","7","6","15~16","鉄骨造4階建建築工事において、吊り足場を掛けるため3層目の梁上を歩いていたところ、足を踏み外し7.47m下の1階コンクリート床に墜落した。","3","建設業","302","建築工事業","","","1~9","4","仮設物、建築物、構築物等","41","仮設物、建築物、構築物等","","","1","墜落、転落"
"1035","1995","平成","7","6","9~10","製鉄所構内排水溝に架けていた工事用通路を解体中、突然床が崩れ落ち、通路上で作業していた被災者が排水溝へ転落し流された。","3","建設業","301","土木工事業","","","1~9","4","仮設物、建築物、構築物等","41","仮設物、建築物、構築物等","","","5","崩壊、倒壊"
"1036","1995","平成","7","6","9~10","プレスが停止したためクランク棒でクランク部を調整中、急にプレスが動き出し、回転したクランク棒が頭部に当たった。","1","製造業","113","一般機械器具製造業","","","1000~9999","1","動力機械","16","一般動力機械","","","6","激突され"
"1037","1995","平成","7","6","10~11","ミキサー車で県道を走行中、カーブを曲がりきれず、2m下の畑に転落した。","8","商業","","","","","10~29","2","物上げ装置、運搬機械","22","動力運搬機","","","17","交通事故（道路）"
"1038","1995","平成","7","6","13~14","木造家屋の2階床にコンパネを敷こうとしたところ、開口部から3.2m下のコンクリート上に墜落した。","3","建設業","302","建築工事業","","","1~9","4","仮設物、建築物、構築物等","41","仮設物、建築物、構築物等","","","1","墜落、転落"
"1039","1995","平成","7","6","13~14","道路拡幅工事の最終仕上げ作業として、舗装路面の歪み修理のためのガムテープ貼りをしていたところ、3tダンプカーにはねられた。","3","建設業","301","土木工事業","","","1~9","2","物上げ装置、運搬機械","22","動力運搬機","","","17","交通事故（道路）"
"1040","1995","平成","7","6","14~15","道路新設工事に伴う伐開作業中、伐倒した木が近くの立木に接触し、折れた部分に頭部を直撃された。","3","建設業","301","土木工事業","","","30~49","7","環境等","71","環境等","","","6","激突され"
"1041","1995","平成","7","6","15~16","顧客宅にカーテンを取り付けるための準備作業中、屋外に出ようとした際、ドア横のはめ込みガラス板(2×0.8m)に気付かず激突した。","8","商業","","","","","10~29","4","仮設物、建築物、構築物等","41","仮設物、建築物、構築物等","","","3","激突"
"1042","1995","平成","7","6","23~24","4tトラックで国道を走行中、交差点で信号待ち中のトレーラーに追突した。","4","運輸交通業","403","道路貨物運送業","","","30~49","2","物上げ装置、運搬機械","22","動力運搬機","","","17","交通事故（道路）"
"1043","1995","平成","7","6","4~5","4tトラックで国道を走行中、運転を誤り崖を約8m転落した。","4","運輸交通業","403","道路貨物運送業","","","30~49","2","物上げ装置、運搬機械","22","動力運搬機","","","17","交通事故（道路）"
"1044","1995","平成","7","6","9~10","倉庫移転作業中、2階でパレットに積んだ段ボールに紐を掛けていたところ、約2.5m下の1階床面に墜落した。","5","貨物取扱業","501","陸上貨物取扱業","","","100~299","4","仮設物、建築物、構築物等","41","仮設物、建築物、構築物等","","","1","墜落、転落"
"1045","1995","平成","7","6","10~11","自社の生コンプラント塗装作業に使った足場を解体中、高さ約8mの足場上から墜落した。","1","製造業","109","窯業土石製品製造業","","","10~29","4","仮設物、建築物、構築物等","41","仮設物、建築物、構築物等","","","1","墜落、転落"
"1046","1995","平成","7","6","13~14","工場敷地内の通路において、ハンドミキサーの羽根を外していた被災者が立ち上がったところ、後ろ向きに転倒した。","1","製造業","102","繊維工業","","","50~99","9","その他","92","起因物なし","","","2","転倒"
"1047","1995","平成","7","6","15~16","足場上(高さ約8m)で橋桁を上下調整するための油圧ジャッキを操作中、ジャッキが外れた反動で墜落した。","3","建設業","301","土木工事業","","","10~29","4","仮設物、建築物、構築物等","41","仮設物、建築物、構築物等","","","1","墜落、転落"
"1048","1995","平成","7","6","15~16","下刈作業中、体のバランスを崩し、刈払機で左下腿を切断した。","6","農林業","601","農業","","","50~99","1","動力機械","16","一般動力機械","","","8","切れ、こすれ"
"1049","1995","平成","7","6","16~17","工事現場から現場事務所へ戻る途中、架設通路の手摺の間から5m下に墜落した。","3","建設業","302","建築工事業","","","30~49","4","仮設物、建築物、構築物等","41","仮設物、建築物、構築物等","","","1","墜落、転落"
"1050","1995","平成","7","6","20~21","製鋼工場内の天井クレーンを点検中、墜落した。","1","製造業","110","鉄鋼業","","","1000~9999","2","物上げ装置、運搬機械","21","動力クレーン等","","","1","墜落、転落"
"1051","1995","平成","7","6","10~11","U字溝布設作業において、逆さまに置かれたU字溝(約500キログラム)を反転させるため、側壁の孔にシャックルを挿入し車輌系建設機械で吊り上げたところ、シャックルが外れU字溝が落下した。","3","建設業","301","土木工事業","","","10~29","1","動力機械","14","建設機械等","","","4","飛来、落下"
"1052","1995","平成","7","6","10~11","営業車で得意先廻り中、渋滞で停止していたところ、後方から来たトレーラーが急停車したため積荷(鋼材)が前に飛び出し、被災者の車の上に落下した。、","15","清掃・と畜業","","","","","10~29","2","物上げ装置、運搬機械","22","動力運搬機","","","17","交通事故（道路）"
"1053","1995","平成","7","6","10~11","製品に異状があったため、スラッシュ成形機を稼働状態で点検中、搬送器と支柱の間に挟まれた。","1","製造業","115","輸送用機械等製造業","","","100~299","1","動力機械","16","一般動力機械","","","7","はさまれ、巻き込まれ"
"1054","1995","平成","7","6","11~12","4tダンプカーで7.5tの資材を運搬中、工事用道路の路肩が崩壊し50m転落した。","3","建設業","301","土木工事業","","","100~299","7","環境等","71","環境等","","","1","墜落、転落"
"1055","1995","平成","7","6","13~14","移動式クレーン(つり上げ荷重30t)にジブを継ぎ足すため、ジブを倒し、継ぎ目下部のピンをハンマーで抜いたところ、ジブが落下した。","4","運輸交通業","403","道路貨物運送業","","","1~9","2","物上げ装置、運搬機械","21","動力クレーン等","","","4","飛来、落下"
"1056","1995","平成","7","6","16~17","産業廃棄物処分場のコンクリートガラ再生処理場において、鉄筋を選別収集中、近くで作業中の小割破砕機のカウンターウェイトに激突された。","15","清掃・と畜業","","","","","10~29","1","動力機械","14","建設機械等","","","6","激突され"
"1057","1995","平成","7","6","16~17","トレーラーから廃材の荷卸しを終え、フォークリフトのフォークでトレーラーのブリッジ(道板)を上げたところ、ブリッジが頭部に激突した。","3","建設業","301","土木工事業","","","1~9","9","その他","99","分類不能","","","1","墜落、転落"
"1058","1995","平成","7","6","17~18","道路改修工事現場でタイヤローラーを運転中、路肩から転落した。","3","建設業","301","土木工事業","","","10~29","1","動力機械","14","建設機械等","","","1","墜落、転落"
"1059","1995","平成","7","6","18~19","工場仕上げ室内でフューチャーレール取付用金具を取付中、ローリングタワー(高さ4.9m)上から墜落した。","3","建設業","303","その他の建設業","","","30~49","4","仮設物、建築物、構築物等","41","仮設物、建築物、構築物等","","","1","墜落、転落"
"1060","1995","平成","7","6","3~4","4tトラックで高速道路を走行中、前車の10tトラックが中央分離帯に衝突横転したところに激突した。","4","運輸交通業","403","道路貨物運送業","","","10~29","2","物上げ装置、運搬機械","22","動力運搬機","","","17","交通事故（道路）"
"1061","1995","平成","7","6","9~10","伐倒作業中、伐倒木(胸高直径16.9センチメートル、長さ約18m)に直撃された。","6","農林業","601","農業","","","1~9","7","環境等","71","環境等","","","6","激突され"
"1062","1995","平成","7","6","12~13","トラックで国道を走行中、対向車線にはみ出し、トラックと衝突した。","4","運輸交通業","403","道路貨物運送業","","","10~29","2","物上げ装置、運搬機械","22","動力運搬機","","","17","交通事故（道路）"
"1063","1995","平成","7","6","13~14","駐車場に乗用車を停めようとしたところ、後方に急発進し、70センチメートル下の道路上に転落した。","14","接客娯楽業","","","","","30~49","2","物上げ装置、運搬機械","23","乗物","","","17","交通事故（道路）"
"1064","1995","平成","7","6","14~15","足場の仮設工事中、未固定の足場板上に置かれた番線をとるため足場板に乗ったところ、板がずれ墜落した。","3","建設業","302","建築工事業","","","1~9","4","仮設物、建築物、構築物等","41","仮設物、建築物、構築物等","","","1","墜落、転落"
"1065","1995","平成","7","6","14~15","坑口から約330mの先行上半掘削箇所において、アーチ支保工の建込作業中、上部の粘土状土砂が約0.5m3 崩壊した。","3","建設業","301","土木工事業","","","30~49","7","環境等","71","環境等","","","5","崩壊、倒壊"
"1066","1995","平成","7","6","15~16","法面の吹き付け作業中、法面上部を登っていた測量作業者が手掛かりとしていた岩(約60キログラム)が落下してきた。","3","建設業","301","土木工事業","","","1~9","7","環境等","71","環境等","","","4","飛来、落下"
"1067","1995","平成","7","6","5~6","乗用車に同乗し高速道路を走行中、センターラインを越えてきたトラックと正面衝突した。","8","商業","","","","","50~99","2","物上げ装置、運搬機械","22","動力運搬機","","","17","交通事故（道路）"
"1068","1995","平成","7","6","5~6","軽トラックで走行中、緩いカーブを曲がりきれず路外に飛び出した。","4","運輸交通業","403","道路貨物運送業","","","1~9","2","物上げ装置、運搬機械","22","動力運搬機","","","17","交通事故（道路）"
"1069","1995","平成","7","6","12~13","国道をタンクローリーで走行中、車線変更して前に入ってきたダンプカーに追突した。","8","商業","","","","","10~29","2","物上げ装置、運搬機械","22","動力運搬機","","","17","交通事故（道路）"
"1070","1995","平成","7","6","14~15","1階屋根上を道具を持って移動中、足を滑らせ約4m下の地上に転落した。","3","建設業","302","建築工事業","","","1~9","4","仮設物、建築物、構築物等","41","仮設物、建築物、構築物等","","","1","墜落、転落"
"1071","1995","平成","7","6","14~15","増築現場2階に荷物を運んでいたところ、高さ約3.5mから転落した。","3","建設業","302","建築工事業","","","1~9","4","仮設物、建築物、構築物等","41","仮設物、建築物、構築物等","","","1","墜落、転落"
"1072","1995","平成","7","6","15~16","原付バイクで新聞配達中、センターラインを越えてきた普通乗用車と衝突した。","8","商業","","","","","10~29","2","物上げ装置、運搬機械","23","乗物","","","17","交通事故（道路）"
"1073","1995","平成","7","6","16~17","張り出し足場上(高さ4.26m)で屋根の野地板を取付中、足場板が外れ、墜落した。","3","建設業","302","建築工事業","","","1~9","4","仮設物、建築物、構築物等","41","仮設物、建築物、構築物等","","","1","墜落、転落"
"1074","1995","平成","7","6","16~17","1階エレベーター付近で後片付け中、3階に止まっていた搬器がホイストのフックから外れ落下した。","1","製造業","117","その他の製造業","","","10~29","2","物上げ装置、運搬機械","21","動力クレーン等","","","4","飛来、落下"
"1075","1995","平成","7","6","9~10","線路上に倒れ掛かった木に列車が衝突した。","4","運輸交通業","401","鉄道・軌道・水運・航空業","","","100~299","2","物上げ装置、運搬機械","23","乗物","","","18","交通事故（その他）"
"1076","1995","平成","7","6","14~15","自社敷地内において、電柱廃材で車庫を建築中、突然倒壊した。","4","運輸交通業","403","道路貨物運送業","","","10~29","4","仮設物、建築物、構築物等","41","仮設物、建築物、構築物等","","","5","崩壊、倒壊"
"1077","1995","平成","7","6","21~22","乗用車で走行中、カーブを曲がりきれず路肩に転落した。","17","その他の事業","","","","","10~29","2","物上げ装置、運搬機械","23","乗物","","","17","交通事故（道路）"
"1078","1995","平成","7","6","6~7","マイクロバスで出勤途中、国道でセンターラインを越えてきたトラックと正面衝突した。","1","製造業","115","輸送用機械等製造業","","","30~49","2","物上げ装置、運搬機械","22","動力運搬機","","","17","交通事故（道路）"
"1079","1995","平成","7","6","6~7","マイクロバスで出勤途中、国道でセンターラインを越えてきたトラックと正面衝突した。","1","製造業","115","輸送用機械等製造業","","","50~99","2","物上げ装置、運搬機械","22","動力運搬機","","","17","交通事故（道路）"
"1080","1995","平成","7","6","6~7","マイクロバスで出勤途中、国道でセンターラインを越えてきたトラックと正面衝突した。","1","製造業","115","輸送用機械等製造業","","","30~49","2","物上げ装置、運搬機械","22","動力運搬機","","","17","交通事故（道路）"
"1081","1995","平成","7","6","6~7","バイクで新聞配達中、交差点で軽自動車と出会い頭に衝突した。","8","商業","","","","","1~9","2","物上げ装置、運搬機械","23","乗物","","","17","交通事故（道路）"
"1082","1995","平成","7","6","8~9","10tトラックよりロール紙(700キログラム)を卸していたところ、荷と共にトラック荷台から転落した。","4","運輸交通業","403","道路貨物運送業","","","30~49","6","荷","61","荷","","","1","墜落、転落"
"1083","1995","平成","7","6","8~9","移動式クレーンで鉄板をダンプカー荷台に積込中、鉄板の穴(径8センチメートル)に掛けていた吊りチェーンのフックが外れ、荷台上にいた被災者が鉄板の下敷きになった。","3","建設業","301","土木工事業","","","10~29","3","その他の装置等","37","用具","","","4","飛来、落下"
"1084","1995","平成","7","6","9~10","2.75tトラックで高速道路を走行中、玉突事故に巻き込まれた。","4","運輸交通業","403","道路貨物運送業","","","10~29","2","物上げ装置、運搬機械","22","動力運搬機","","","17","交通事故（道路）"
"1085","1995","平成","7","6","9~10","2.75tトラックで高速道路を走行中、玉突事故に巻き込まれた。","4","運輸交通業","403","道路貨物運送業","","","10~29","2","物上げ装置、運搬機械","22","動力運搬機","","","17","交通事故（道路）"
"1086","1995","平成","7","6","15~16","トラック荷台上で廃材を整理中、荷台が揺れた際にバランスを崩し、転落した。(外)","3","建設業","302","建築工事業","","","1~9","2","物上げ装置、運搬機械","22","動力運搬機","","","1","墜落、転落"
"1087","1995","平成","7","6","16~17","屋根上でコンパネ材を敷く作業中、足を滑らせ墜落した。","3","建設業","302","建築工事業","","","1~9","4","仮設物、建築物、構築物等","41","仮設物、建築物、構築物等","","","1","墜落、転落"
"1088","1995","平成","7","6","16~17","社用車(乗用車)で高速道路を走行中、雨でスリップし、ガードレールに激突した。","1","製造業","101","食料品製造業","","","50~99","2","物上げ装置、運搬機械","23","乗物","","","17","交通事故（道路）"
"1089","1995","平成","7","6","21~22","トラックで高速道路を走行中、玉突衝突事故に巻き込まれた。","4","運輸交通業","403","道路貨物運送業","","","10~29","2","物上げ装置、運搬機械","22","動力運搬機","","","17","交通事故（道路）"
"1090","1995","平成","7","6","1~2","タンクローリーで高速道路を走行中、渋滞で停車中の大型保冷車に追突した。","1","製造業","108","化学工業","","","30~49","2","物上げ装置、運搬機械","22","動力運搬機","","","17","交通事故（道路）"
"1091","1995","平成","7","6","9~10","下水処理場建設現場を巡視中、1階フロア開口部から7.3m下の地階に墜落した。","3","建設業","302","建築工事業","","","10~29","4","仮設物、建築物、構築物等","41","仮設物、建築物、構築物等","","","1","墜落、転落"
"1092","1995","平成","7","6","9~10","工場内において、天井クレーン(つり上げ荷重2.8t)で棚の2段目に置かれた水中ポンプを吊り降ろしていたところ、フックが3段目の棚枠に引っ掛かり、鉄製枠とポンプが落下した。","3","建設業","301","土木工事業","","","100~299","2","物上げ装置、運搬機械","21","動力クレーン等","","","4","飛来、落下"
"1093","1995","平成","7","6","9~10","路外転落事故を起こした関連会社の事故処理のため現場で待機中、大型トラックにひかれた。","4","運輸交通業","403","道路貨物運送業","","","1~9","2","物上げ装置、運搬機械","22","動力運搬機","","","17","交通事故（道路）"
"1094","1995","平成","7","6","14~15","プラントの塗装工事中、電路管に足を掛けて移動していたところ、電路管が外れ墜落した。","3","建設業","303","その他の建設業","","","1~9","4","仮設物、建築物、構築物等","41","仮設物、建築物、構築物等","","","1","墜落、転落"
"1095","1995","平成","7","6","14~15","工場内型枠置場の鉄製型枠(約1t)をクレーンで吊り、作業場へ運んでいたところ、専用吊具から荷が外れて落下した。","1","製造業","109","窯業土石製品製造業","","","50~99","3","その他の装置等","37","用具","","","4","飛来、落下"
"1096","1995","平成","7","6","16~17","振動ローラーで整地中、ローラーと共に1.9m下の隣地に墜落した。","3","建設業","301","土木工事業","","","10~29","7","環境等","71","環境等","","","1","墜落、転落"
"1097","1995","平成","7","6","12~13","機械部品(丸棒)表面の錆取り作業において、部品の一端を旋盤チャック部に固定して旋盤を作動させ、サンドペーパーで研磨していたところ、部品が曲がり被災者の胸部に当たった。","1","製造業","113","一般機械器具製造業","","","10~29","1","動力機械","16","一般動力機械","","","6","激突され"
"1098","1995","平成","7","6","14~15","バイクで帰社途中、道路沿いの店から道路に出ようとした乗用車と衝突した。","3","建設業","301","土木工事業","","","10~29","2","物上げ装置、運搬機械","23","乗物","","","17","交通事故（道路）"
"1099","1995","平成","7","6","15~16","スクラップ置場において、3段重ねの車の最上段から部品を取るため2段目に昇ったところ、最上段の車がずれ、2段目と3段目の車の間に挟まった。","1","製造業","117","その他の製造業","","","1~9","5","物質、材料","52","材料","","","5","崩壊、倒壊"
"1100","1995","平成","7","6","15~16","製麺用ミキサーを掃除中、撹拌棒に右腕を巻き込まれ、その突起部分に喉を圧迫された。","1","製造業","101","食料品製造業","","","30~49","1","動力機械","16","一般動力機械","","","7","はさまれ、巻き込まれ"
"1101","1995","平成","7","6","14~15","私有林内で伐採搬出作業中、土場から約50m離れたところで伐倒された木(胸高直径36センチメートル、長さ23m)が切株に挟まれたため、集材装置の引寄索で移動していたところ、合図をしていた被災者を直撃した。","6","農林業","601","農業","","","50~99","7","環境等","71","環境等","","","6","激突され"
"1102","1995","平成","7","6","17~18","道路上で電柱の移設工事中、被災者が乗っていた高所作業車に3tトラックが接触し、そのはずみで10m下の路上に墜落した。","3","建設業","303","その他の建設業","","","1~9","1","動力機械","14","建設機械等","","","1","墜落、転落"
"1103","1995","平成","7","6","4~5","高速道路を走行中、大型トレーラーに追突した。","4","運輸交通業","403","道路貨物運送業","","","50~99","2","物上げ装置、運搬機械","22","動力運搬機","","","17","交通事故（道路）"
"1104","1995","平成","7","6","11~12","擁壁の型枠を組立中、地山が高さ22m、幅17mに渡って崩壊した。","3","建設業","301","土木工事業","","","10~29","7","環境等","71","環境等","","","5","崩壊、倒壊"
"1105","1995","平成","7","6","11~12","ガス管引込工事現場で交通整理中、ダンプの誘導のためドラグ・ショベルの後方へ回ったところ、後進してきたドラグ・ショベルにひかれた。","17","その他の事業","","","","","10~29","1","動力機械","14","建設機械等","","","7","はさまれ、巻き込まれ"
"1106","1995","平成","7","6","11~12","2tトラックで国道を走行中、荷(ベニヤ板)が落下し、車から降りて拾いに行ったところ、走行してきたワゴン車にはねられた。","3","建設業","302","建築工事業","","","1~9","2","物上げ装置、運搬機械","23","乗物","","","17","交通事故（道路）"
"1107","1995","平成","7","6","11~12","高速道路の路面清掃作業中、作業車から降り追越車線に落ちているゴミを回収するため本線を横断した際、走行してきた乗用車にはねられた。","3","建設業","303","その他の建設業","","","1~9","2","物上げ装置、運搬機械","23","乗物","","","17","交通事故（道路）"
"1108","1995","平成","7","6","13~14","法枠ブロックを小型移動式クレーンに積み込み、次の作業のためクレーンのジブを旋回したところ、玉掛ワイヤ1本がブロックから外されていなかったため、ブロックが引きずられて荷台から落下し、その下敷きになった。","1","製造業","109","窯業土石製品製造業","","","10~29","2","物上げ装置、運搬機械","21","動力クレーン等","","","4","飛来、落下"
"1109","1995","平成","7","6","14~15","整地作業中、熱射病で倒れた。","3","建設業","302","建築工事業","","","1~9","7","環境等","71","環境等","","","11","高温・低温の物との接触"
"1110","1995","平成","7","6","20~21","屋外水槽を点検中、約50°Cの温水が入った濾過槽(深さ3.52m)に転落した。","1","製造業","117","その他の製造業","","","1~9","3","その他の装置等","39","その他の装置、設備","","","11","高温・低温の物との接触"
"1111","1995","平成","7","6","23~24","タクシー乗務中、国道交差点で信号無視してきた乗用車に衝突された。","4","運輸交通業","402","道路旅客運送業","","","50~99","2","物上げ装置、運搬機械","23","乗物","","","17","交通事故（道路）"
"1112","1995","平成","7","7","11~12","電柱上で高圧本線被覆のはぎ取り作業を終え、無線機で地上と連絡を取った後、高圧線の充電露出部分に接触した。","3","建設業","303","その他の建設業","","","10~29","3","その他の装置等","35","電気設備","","","13","感電"
"1113","1995","平成","7","7","13~14","現場から私有車で帰る途中、4tトラックと正面衝突した。","3","建設業","301","土木工事業","","","1~9","2","物上げ装置、運搬機械","23","乗物","","","17","交通事故（道路）"
"1114","1995","平成","7","7","15~16","均質機の電源表示灯の電球を取り替えていたところ、均質機内に落としたため拾おうとして充電部分に接触した。","1","製造業","101","食料品製造業","","","100~299","1","動力機械","16","一般動力機械","","","13","感電"
"1115","1995","平成","7","7","1~2","10tトラックで高速道路を走行中、15tトレーラーに追突した。","4","運輸交通業","403","道路貨物運送業","","","50~99","2","物上げ装置、運搬機械","22","動力運搬機","","","17","交通事故（道路）"
"1116","1995","平成","7","7","9~10","社用車で高速道路を走行中、雨でスリップしガードレールに衝突した。","8","商業","","","","","10~29","2","物上げ装置、運搬機械","23","乗物","","","17","交通事故（道路）"
"1117","1995","平成","7","7","13~14","梯子の踏み棧(上から2段目)と2階廊下の手摺に足場板を掛け渡し、その上で窓枠のヤスリ掛け作業中、2.5m下に転落した。","3","建設業","302","建築工事業","","","1~9","4","仮設物、建築物、構築物等","41","仮設物、建築物、構築物等","","","1","墜落、転落"
"1118","1995","平成","7","7","5~6","10tトラックで国道を走行中、カーブでスリップし、ガードレールに衝突した。","4","運輸交通業","403","道路貨物運送業","","","30~49","2","物上げ装置、運搬機械","22","動力運搬機","","","17","交通事故（道路）"
"1119","1995","平成","7","7","7~8","45tトレーラー荷台への昇降時に、足を滑らせ墜落した。","4","運輸交通業","403","道路貨物運送業","","","50~99","2","物上げ装置、運搬機械","22","動力運搬機","","","1","墜落、転落"
"1120","1995","平成","7","7","10~11","林道拡幅工事現場において、既設林道谷側約20m下に土砂流出防止用のジャカゴを設置中、同林道の路肩部分が長さ14mに渡って崩落した。","3","建設業","301","土木工事業","","","30~49","7","環境等","71","環境等","","","5","崩壊、倒壊"
"1121","1995","平成","7","7","10~11","林道拡幅工事現場において、既設林道谷側約20m下に土砂流出防止用のジャカゴを設置中、同林道の路肩部分が長さ14mに渡って崩落した。","3","建設業","301","土木工事業","","","30~49","7","環境等","71","環境等","","","5","崩壊、倒壊"
"1122","1995","平成","7","7","11~12","下水管内のシールドマシンの解体作業中、豪雨により管内に雨水が入り込んだため避難したが間に合わず、雨水に押し流された。","3","建設業","301","土木工事業","","","1~9","7","環境等","71","環境等","","","10","おぼれ"
"1123","1995","平成","7","7","11~12","ブロック積みのための床堀作業中、土砂が崩壊した。","3","建設業","301","土木工事業","","","1~9","7","環境等","71","環境等","","","5","崩壊、倒壊"
"1124","1995","平成","7","7","11~12","乗用車で走行中、センターラインをはみ出し、対向してきたタンクローリーと衝突した。","17","その他の事業","","","","","100~299","2","物上げ装置、運搬機械","23","乗物","","","17","交通事故（道路）"
"1125","1995","平成","7","7","11~12","塗装前処理設備の清掃業務受注のための現場確認中、部品を処理槽に浸す装置(トラバーサ)と建屋H型鋼の間に挟まれた。","15","清掃・と畜業","","","","","10~29","1","動力機械","16","一般動力機械","","","7","はさまれ、巻き込まれ"
"1126","1995","平成","7","7","11~12","ブロック積みのための床堀作業中、土砂が崩壊した。","3","建設業","301","土木工事業","","","1~9","7","環境等","71","環境等","","","5","崩壊、倒壊"
"1127","1995","平成","7","7","13~14","宅地造成現場でバックホウをトラックに積み込む作業中、バックホウが転倒し、その下敷きになった。","3","建設業","301","土木工事業","","","10~29","1","動力機械","14","建設機械等","","","2","転倒"
"1128","1995","平成","7","7","15~16","エアハンマーで鍛造作業中、ハンマーが当て金に当たって当て金を跳ね上げ、付近で加工状況を見ていた被災者に当たった。","1","製造業","110","鉄鋼業","","","1~9","1","動力機械","16","一般動力機械","","","6","激突され"
"1129","1995","平成","7","7","16~17","2tダンプカーで現場に向かう途中、ガードレールに激突した。","3","建設業","301","土木工事業","","","1~9","2","物上げ装置、運搬機械","22","動力運搬機","","","17","交通事故（道路）"
"1130","1995","平成","7","7","3~4","10tトラックで帰社途中、高速道路でトレーラーに追突した。","4","運輸交通業","403","道路貨物運送業","","","30~49","2","物上げ装置、運搬機械","22","動力運搬機","","","17","交通事故（道路）"
"1131","1995","平成","7","7","4~5","14.5tトレーラーで国道を走行中、中央分離帯を越え、対向してきた4tトラックに激突した。","4","運輸交通業","403","道路貨物運送業","","","10~29","2","物上げ装置、運搬機械","22","動力運搬機","","","17","交通事故（道路）"
"1132","1995","平成","7","7","5~6","大型トラックで国道を走行中、交差点で信号待ち中のトラックに追突した。","4","運輸交通業","403","道路貨物運送業","","","30~49","2","物上げ装置、運搬機械","22","動力運搬機","","","17","交通事故（道路）"
"1133","1995","平成","7","7","8~9","20t天井走行クレーンで円形鋼材を吊り上げ移動中、ワイヤロープが切れ、落下した鋼材に挟まれた。","8","商業","","","","","10~29","3","その他の装置等","37","用具","","","4","飛来、落下"
"1134","1995","平成","7","7","8~9","ホイールクレーン(つり上げ荷重4.9t)で内装材66枚(約1.6t)を2階床へ運搬中、荷が落下し、荷受けのため待機していた被災者を直撃した。","3","建設業","302","建築工事業","","","1~9","6","荷","61","荷","","","4","飛来、落下"
"1135","1995","平成","7","7","9~10","天井クレーンでシールド工事用セグメントを吊り上げ移動中、セグメントが落下した。","3","建設業","301","土木工事業","","","10~29","6","荷","61","荷","","","4","飛来、落下"
"1136","1995","平成","7","7","9~10","25t移動式クレーンで鋼製足場板を4階スラブ上に荷揚げ中、荷崩れをおこし、同スラブ上で作業中の被災者に激突した。","3","建設業","302","建築工事業","","","1~9","3","その他の装置等","37","用具","","","4","飛来、落下"
"1137","1995","平成","7","7","10~11","軽トラックに積まれたゴミ袋をパッカー車のホッパーの中に入れていたところ、足を滑らせてホッパーに入ってしまい、回転板に巻き込まれた。","15","清掃・と畜業","","","","","1~9","2","物上げ装置、運搬機械","22","動力運搬機","","","7","はさまれ、巻き込まれ"
"1138","1995","平成","7","7","13~14","4tトラック荷台上の資材をバックホウで降ろそうとしたが、鉄板のため手で降ろすことにしたところ、運転手がバケットを反対方向に旋回させたため、被災者が運転席後部あおりとバケットの間に挟まれた。","8","商業","","","","","10~29","1","動力機械","14","建設機械等","","","6","激突され"
"1139","1995","平成","7","7","14~15","開口部に横付けしたトラックの積荷(鉄筋)を橋型クレーンで開口部下に降ろす作業中、鉄筋束をレバーブロックで締め直そうとトラック荷台から開口部養生枠へ片足を掛けたところ、足を滑らせ10m下に墜落した。","3","建設業","301","土木工事業","","","10~29","4","仮設物、建築物、構築物等","41","仮設物、建築物、構築物等","","","1","墜落、転落"
"1140","1995","平成","7","7","14~15","バイクで公道を走行中、2tトラックと正面衝突した。","9","金融・広告業","","","","","10~29","2","物上げ装置、運搬機械","23","乗物","","","17","交通事故（道路）"
"1141","1995","平成","7","7","14~15","2.5tトラックに荷積み作業中、荷台より墜落した。","4","運輸交通業","403","道路貨物運送業","","","30~49","2","物上げ装置、運搬機械","22","動力運搬機","","","1","墜落、転落"
"1142","1995","平成","7","7","4~5","軽乗用車で各配達拠点に配達中、国道交差点で乗用車と出会い頭に衝突した。","8","商業","","","","","30~49","2","物上げ装置、運搬機械","23","乗物","","","17","交通事故（道路）"
"1143","1995","平成","7","7","6~7","4tトラックで走行中、橋の欄干に衝突し、その際欄干に後輪部分が引っかかったため、降車して撤去していたところ、数m下の川に転落した。","4","運輸交通業","403","道路貨物運送業","","","30~49","4","仮設物、建築物、構築物等","41","仮設物、建築物、構築物等","","","1","墜落、転落"
"1144","1995","平成","7","7","10~11","シールド工事においてセグメントの組立作業中、組立用機械(ナットランナー及びエレクター)の間に挟まれた。","3","建設業","301","土木工事業","","","1~9","1","動力機械","14","建設機械等","","","7","はさまれ、巻き込まれ"
"1145","1995","平成","7","7","12~13","トラック荷台上に乗り現場事務所に向かう途中、トラックが斜面に転落した。","3","建設業","301","土木工事業","","","50~99","2","物上げ装置、運搬機械","23","乗物","","","17","交通事故（道路）"
"1146","1995","平成","7","7","12~13","乗用車で帰社途中、交差点で右折する際、車と衝突した。","8","商業","","","","","1~9","2","物上げ装置、運搬機械","23","乗物","","","17","交通事故（道路）"
"1147","1995","平成","7","7","13~14","営業車で営業先に向かう途中、県道上で方向転換をする際、トラックと衝突した。","9","金融・広告業","","","","","10~29","2","物上げ装置、運搬機械","22","動力運搬機","","","17","交通事故（道路）"
"1148","1995","平成","7","7","17~18","バスで宿舎へ帰る途中、高速道路でバスを追い越そうとした乗用車に激突された。","3","建設業","302","建築工事業","","","10~29","2","物上げ装置、運搬機械","23","乗物","","","17","交通事故（道路）"
"1149","1995","平成","7","7","17~18","バスで宿舎へ帰る途中、高速道路でバスを追い越そうとした乗用車に激突された。","3","建設業","302","建築工事業","","","10~29","2","物上げ装置、運搬機械","23","乗物","","","17","交通事故（道路）"
"1150","1995","平成","7","7","20~21","車で取引先に向かう途中、河原に転落した。","17","その他の事業","","","","","300~499","2","物上げ装置、運搬機械","23","乗物","","","17","交通事故（道路）"
"1151","1995","平成","7","7","4~5","10tトラックで高速道路を走行中、中央分離帯に激突した。","4","運輸交通業","403","道路貨物運送業","","","50~99","2","物上げ装置、運搬機械","22","動力運搬機","","","17","交通事故（道路）"
"1152","1995","平成","7","7","7~8","汚泥貯水槽(13.7×5.65×深さ3m)から脱水機に汚泥を吸い上げる水中ポンプを引き上げたところ、開口部より転落した。","1","製造業","108","化学工業","","","50~99","4","仮設物、建築物、構築物等","41","仮設物、建築物、構築物等","","","1","墜落、転落"
"1153","1995","平成","7","7","10~11","原付バイクで郵便配達中、歩道側から渋滞中の車列を横切り右折車線に出たところ、直進してきたバスと衝突した。","11","通信業","","","","","300~499","2","物上げ装置、運搬機械","23","乗物","","","17","交通事故（道路）"
"1154","1995","平成","7","7","10~11","ごみ焼却炉に詰まった灰を取り除く作業中、装置内で爆発が起こった。","15","清掃・と畜業","","","","","10~29","3","その他の装置等","39","その他の装置、設備","","","14","爆発"
"1155","1995","平成","7","7","11~12","機械集材装置で全幹集材作業中、荷上索で荷の横取りをした際、フックに掛けた木材が荷振れをおこし、合図をしていた被災者にあたった。","6","農林業","601","農業","","","1~9","2","物上げ装置、運搬機械","21","動力クレーン等","","","6","激突され"
"1156","1995","平成","7","7","14~15","道路山側にコンクリートブロックを設置中、2段目まで積み終えたブロックの裏側を砂利で埋め戻すためブロック上でビニールシートを掛けていたところ、背後の山が崩壊(約150m3)した。","3","建設業","301","土木工事業","","","1~9","7","環境等","71","環境等","","","5","崩壊、倒壊"
"1157","1995","平成","7","7","10~11","資材置場において、トレーラー(積載荷重9t)から焼却炉用鉄骨部材(2t)を降ろすため玉掛作業中、鉄骨部材が倒れてきた。","3","建設業","303","その他の建設業","","","1~9","6","荷","61","荷","","","6","激突され"
"1158","1995","平成","7","7","20~21","自家用車で道路建設にかかる地権者宅へ向かう途中、バスを追い越そうとしてセンターラインを越え、対向してきた車と正面衝突した。","17","その他の事業","","","","","100~299","2","物上げ装置、運搬機械","23","乗物","","","17","交通事故（道路）"
"1159","1995","平成","7","7","8~9","埋設管の位置確認のため貯水槽内に入ったところ、酸欠症になった。","3","建設業","301","土木工事業","","","1~9","7","環境等","71","環境等","","","12","有害物等との接触"
"1160","1995","平成","7","7","8~9","埋設管の位置確認のため貯水槽内に入ったところ、酸欠症になった。","3","建設業","301","土木工事業","","","1~9","7","環境等","71","環境等","","","12","有害物等との接触"
"1161","1995","平成","7","7","13~14","立てかけてあった合板の中からカットする材料を取り出すため、被災者がこの合板を支えていたところ、仰向けに倒れコンクリート床で頭部を強打した。","1","製造業","104","木材・木製品製造業","","","10~29","5","物質、材料","52","材料","","","5","崩壊、倒壊"
"1162","1995","平成","7","7","17~18","バックホウを旋回したところ、バシッと音がしたため電線に触れたと思い、バケットに乗って調査中、感電した。","3","建設業","301","土木工事業","","","1~9","3","その他の装置等","35","電気設備","","","13","感電"
"1163","1995","平成","7","7","13~14","木造2階建住宅の建前作業中、梁上から3.65m下のコンクリート土間に墜落した。","3","建設業","302","建築工事業","","","1~9","4","仮設物、建築物、構築物等","41","仮設物、建築物、構築物等","","","1","墜落、転落"
"1164","1995","平成","7","7","14~15","地下1階デッキでシャーシ積込のためのラッシング(シャーシを固定する)作業中、後進してきたシャーシと船の後壁の間に挟まれた。","5","貨物取扱業","502","港湾運送業","","","30~49","2","物上げ装置、運搬機械","22","動力運搬機","","","6","激突され"
"1165","1995","平成","7","7","16~17","国道交差点の横断歩道を横断中、左折してきた乗用車に激突された。","14","接客娯楽業","","","","","10~29","2","物上げ装置、運搬機械","23","乗物","","","17","交通事故（道路）"
"1166","1995","平成","7","7","18~19","漁場へ向かう途中、漁船から海中へ転落した。","7","畜産・水産業","","","","","1~9","2","物上げ装置、運搬機械","23","乗物","","","10","おぼれ"
"1167","1995","平成","7","7","6~7","ワゴン車で本部に向かう途中、センターラインを越えてきたダンプカーと衝突した。","3","建設業","302","建築工事業","","","10~29","2","物上げ装置、運搬機械","23","乗物","","","17","交通事故（道路）"
"1168","1995","平成","7","7","9~10","管理用道路新設作業中、後進してきたドラグ・ショベルに激突された。","3","建設業","301","土木工事業","","","10~29","1","動力機械","14","建設機械等","","","6","激突され"
"1169","1995","平成","7","7","9~10","道路工事現場において、バックホウに給油するためガソリンスタンドから来た給油車が方向転換する際、しゃがんで作業していた被災者に激突した。","3","建設業","301","土木工事業","","","10~29","2","物上げ装置、運搬機械","23","乗物","","","17","交通事故（道路）"
"1170","1995","平成","7","7","10~11","基礎コンクリート上でアンカー台直しの作業中、足場単管に手を掛け差筋の間を通り抜けようとしたところ、右手で単管を握った状態で体が回転し、差筋が顔に突き刺さった。","3","建設業","302","建築工事業","","","10~29","4","仮設物、建築物、構築物等","41","仮設物、建築物、構築物等","","","3","激突"
"1171","1995","平成","7","7","10~11","神社境内の樹木の枝打ち作業中、梯子の掛かっている木の又部分(高さ約6m)に移動していたところ、墜落した。","3","建設業","301","土木工事業","","","1~9","7","環境等","71","環境等","","","1","墜落、転落"
"1172","1995","平成","7","7","11~12","土蔵の壁の下部をはつり、その後廃材を片付けていたところ、はつった壁の隣の壁が突然崩壊した。","3","建設業","302","建築工事業","","","1~9","4","仮設物、建築物、構築物等","41","仮設物、建築物、構築物等","","","5","崩壊、倒壊"
"1173","1995","平成","7","7","11~12","商品在庫倉庫内において、床上操作式クレーン(つり上げ荷重2.8t)で商品の積み直し作業中、7段積みの商品(300キログラム)が崩れた。","8","商業","","","","","10~29","6","荷","61","荷","","","5","崩壊、倒壊"
"1174","1995","平成","7","7","13~14","4tトラックで県道を走行中、カーブで反対車線にはみ出し、対向車と正面衝突した。","4","運輸交通業","403","道路貨物運送業","","","30~49","2","物上げ装置、運搬機械","22","動力運搬機","","","17","交通事故（道路）"
"1175","1995","平成","7","7","14~15","護岸工事のブロック積み作業中、近くの橋梁架設工事現場から飛んできた横締緊張作業用ピアノ線に直撃された。","3","建設業","301","土木工事業","","","1~9","1","動力機械","16","一般動力機械","","","4","飛来、落下"
"1176","1995","平成","7","7","15~16","生コン運搬作業をしていた被災者が、熱中症により倒れた。","3","建設業","301","土木工事業","","","1~9","7","環境等","71","環境等","","","11","高温・低温の物との接触"
"1177","1995","平成","7","7","17~18","ワゴン車で帰社途中、カーブで反対車線にはみ出し、対向してきたトラックと正面衝突した。","6","農林業","602","林業","","","30~49","2","物上げ装置、運搬機械","23","乗物","","","17","交通事故（道路）"
"1178","1995","平成","7","7","1~2","4tトラックで走行中、カーブで横転し、ブロック塀に激突した。","5","貨物取扱業","501","陸上貨物取扱業","","","10~29","2","物上げ装置、運搬機械","22","動力運搬機","","","17","交通事故（道路）"
"1179","1995","平成","7","7","1~2","保冷車で走行中、赤信号で停止中の12tトラックに追突した。","1","製造業","101","食料品製造業","","","1~9","2","物上げ装置、運搬機械","22","動力運搬機","","","17","交通事故（道路）"
"1180","1995","平成","7","7","9~10","プラケット足場上で足場を組立中、足場の壁つなぎの穴を開ける作業の準備をしていたところ、約14m下に墜落した。","3","建設業","302","建築工事業","","","1~9","3","その他の装置等","35","電気設備","","","13","感電"
"1181","1995","平成","7","7","11~12","木造建築物の建前作業中、梁上(高さ3.38m)で柱のねおこしを行っていたところ、足を踏み外しコンクリート床上に墜落した。","3","建設業","302","建築工事業","","","1~9","4","仮設物、建築物、構築物等","41","仮設物、建築物、構築物等","","","1","墜落、転落"
"1182","1995","平成","7","7","13~14","高速道路の橋桁工事中、橋桁上(高さ12.6m)から墜落した。","3","建設業","301","土木工事業","","","1~9","4","仮設物、建築物、構築物等","41","仮設物、建築物、構築物等","","","1","墜落、転落"
"1183","1995","平成","7","7","15~16","仮設足場の手直し作業中、気分が悪くなった(熱中症)。","3","建設業","302","建築工事業","","","1~9","7","環境等","71","環境等","","","11","高温・低温の物との接触"
"1184","1995","平成","7","7","15~16","吹き抜け部分の天井(高さ6.6m)に羽子板ボルト(柱と梁を繋ぐ金具)を取付中、梁上から墜落した。","3","建設業","302","建築工事業","","","1~9","4","仮設物、建築物、構築物等","41","仮設物、建築物、構築物等","","","1","墜落、転落"
"1185","1995","平成","7","7","16~17","ベルトコンベヤーで砂をサイロ(径6m、高さ6.1m)に投入していたが、サイロ内の砂が山盛り状態になったためスコップを持って中へ入ったところ、砂が崩れた。","1","製造業","109","窯業土石製品製造業","","","10~29","4","仮設物、建築物、構築物等","41","仮設物、建築物、構築物等","","","1","墜落、転落"
"1186","1995","平成","7","7","6~7","高速道路において、レーンマーク車で白線引き作業中、10tトラックに衝突された。","3","建設業","301","土木工事業","","","10~29","2","物上げ装置、運搬機械","22","動力運搬機","","","17","交通事故（道路）"
"1187","1995","平成","7","7","6~7","4tトラックで高速道路を走行中、前のライトバンに接触してバランスを失い、ガイドロープを突き破り25m下に転落した。","4","運輸交通業","403","道路貨物運送業","","","10~29","2","物上げ装置、運搬機械","22","動力運搬機","","","17","交通事故（道路）"
"1188","1995","平成","7","7","8~9","フォークリフトの車輪のパンク修理中、表裏ホイールを固定している6本のボルトの最後の1本を外したところ、チューブが破裂し、ホイールの片面が直撃した。","8","商業","","","","","1~9","5","物質、材料","52","材料","","","4","飛来、落下"
"1189","1995","平成","7","7","9~10","ロープ方式で窓ガラス清掃中、ナイロン製ロープが切断し、約25m下の地上に墜落した。","15","清掃・と畜業","","","","","10~29","3","その他の装置等","37","用具","","","1","墜落、転落"
"1190","1995","平成","7","7","10~11","工場内の見通しの悪い設備の陰から通路に出た際、走行してきたフォークリフトに激突された。","1","製造業","111","非鉄金属製造業","","","30~49","2","物上げ装置、運搬機械","22","動力運搬機","","","6","激突され"
"1191","1995","平成","7","7","13~14","雨漏り補修工事のため工場屋根上に墜落防止用ネットを張る作業中、スレートを踏み抜き、約22m下の工場床面に墜落した。","3","建設業","302","建築工事業","","","1~9","4","仮設物、建築物、構築物等","41","仮設物、建築物、構築物等","","","1","墜落、転落"
"1192","1995","平成","7","7","13~14","事業場倉庫内において、フォークリフトで運搬された整流器(2.3×1.3×0.4m、300キログラム)を一人で移動させようとしたところ、整流器が倒れてきた。","8","商業","","","","","1~9","6","荷","61","荷","","","6","激突され"
"1193","1995","平成","7","7","16~17","屋根上で屋根材(鋼製折板)を運搬中、下地板を踏み抜き、約14m下のコンクリート床に墜落した。","3","建設業","302","建築工事業","","","1~9","4","仮設物、建築物、構築物等","41","仮設物、建築物、構築物等","","","1","墜落、転落"
"1194","1995","平成","7","7","16~17","コンクリート擁壁天端から約10m下に墜落した。","3","建設業","301","土木工事業","","","10~29","4","仮設物、建築物、構築物等","41","仮設物、建築物、構築物等","","","1","墜落、転落"
"1195","1995","平成","7","7","16~17","熱風炉のトラスリングデッキ拡張工事において、アーク溶接作業中、約37m墜落した。","3","建設業","303","その他の建設業","","","1~9","4","仮設物、建築物、構築物等","41","仮設物、建築物、構築物等","","","1","墜落、転落"
"1196","1995","平成","7","7","21~22","4tトラックで国道を走行中、停車中の大型トラックに追突した。","17","その他の事業","","","","","10~29","2","物上げ装置、運搬機械","22","動力運搬機","","","17","交通事故（道路）"
"1197","1995","平成","7","7","3~4","4tトラックで国道を走行中、赤信号で停車中の大型トラックに追突した。","4","運輸交通業","403","道路貨物運送業","","","10~29","2","物上げ装置、運搬機械","22","動力運搬機","","","17","交通事故（道路）"
"1198","1995","平成","7","7","8~9","木造家屋の建前作業中、2階屋根梁上から7.18m下の地上に墜落した。","3","建設業","302","建築工事業","","","10~29","4","仮設物、建築物、構築物等","41","仮設物、建築物、構築物等","","","1","墜落、転落"
"1199","1995","平成","7","7","11~12","自動送材車式帯のこ盤で原木を製材中、送材車に引き込まれ、左下肢を切断した。","1","製造業","104","木材・木製品製造業","","","1~9","1","動力機械","13","木材加工用機械","","","8","切れ、こすれ"
"1200","1995","平成","7","7","11~12","木造家屋新築現場の足場上で、塗装作業のための養生を行っていたところ、墜落した。","3","建設業","302","建築工事業","","","1~9","4","仮設物、建築物、構築物等","41","仮設物、建築物、構築物等","","","1","墜落、転落"
"1201","1995","平成","7","7","14~15","ローリングタワーで運搬した荷(タイル37箱、セメント12袋)を手押し車に積み替える際、作業がしやすいようにローリングタワーのブレースを外したところ、ローリングタワーが崩壊した。","3","建設業","302","建築工事業","","","10~29","3","その他の装置等","36","人力機械工具等","","","5","崩壊、倒壊"
"1202","1995","平成","7","7","14~15","防波堤の嵩上げ工事のための型わく組立作業中、防波堤に取り付けた張出足場上より海に転落した。","3","建設業","301","土木工事業","","","1~9","4","仮設物、建築物、構築物等","41","仮設物、建築物、構築物等","","","10","おぼれ"
"1203","1995","平成","7","7","15~16","ワゴン車で走行中、センターラインをはみ出し、対向してきた10tダンプカーと正面衝突した。","8","商業","","","","","10~29","2","物上げ装置、運搬機械","23","乗物","","","17","交通事故（道路）"
"1204","1995","平成","7","7","17~18","屋根裏部屋増築工事において、当日の作業を終え屋根にシートを被せようとしていたところ、6.5m下のコンクリート面に転落した。","3","建設業","302","建築工事業","","","1~9","4","仮設物、建築物、構築物等","41","仮設物、建築物、構築物等","","","1","墜落、転落"
"1205","1995","平成","7","7","7~8","閉め切った室内で、炊飯器及び蒸し器の蒸気用簡易ボイラー(ガス炊き)を使用し団子の下準備作業中、一酸化炭素中毒になった。","8","商業","","","","","10~29","3","その他の装置等","31","圧力容器","","","12","有害物等との接触"
"1206","1995","平成","7","7","8~9","現場へ向かう途中、空地より後進して出てきたトラックの荷台からはみ出した鉄骨に衝突した。","3","建設業","302","建築工事業","","","1~9","2","物上げ装置、運搬機械","22","動力運搬機","","","17","交通事故（道路）"
"1207","1995","平成","7","7","11~12","1階天井部分の桁に丸太梁をバールで押し込んでいたところ、バランスを崩し、約4m下のコンクリート基礎部に墜落した。","3","建設業","302","建築工事業","","","1~9","4","仮設物、建築物、構築物等","41","仮設物、建築物、構築物等","","","1","墜落、転落"
"1208","1995","平成","7","7","11~12","ドラグ・ショベルで鉄筋束を4.15m下の犬走りに吊り降ろそうとした際、転落した。","3","建設業","301","土木工事業","","","1~9","1","動力機械","14","建設機械等","","","1","墜落、転落"
"1209","1995","平成","7","7","15~16","クレーンで材料をピア上に吊り上げる際、ピア上で荷の取込作業をしていた被災者が地上に墜落した。","3","建設業","301","土木工事業","","","30~49","2","物上げ装置、運搬機械","21","動力クレーン等","","","1","墜落、転落"
"1210","1995","平成","7","7","17~18","天井吊り下げ電灯の取付ボルトを設置中、高所作業車を使い同僚にボルトを手渡しする際、天井の点検口端と作業車手摺に首を挟まれた。","3","建設業","302","建築工事業","","","1~9","1","動力機械","14","建設機械等","","","7","はさまれ、巻き込まれ"
"1211","1995","平成","7","7","18~19","海岸沖合い約100mの作業箇所でのボーリング調査を終え、海中を歩いて帰る途中、深みにはまった。","3","建設業","301","土木工事業","","","1~9","7","環境等","71","環境等","","","10","おぼれ"
"1212","1995","平成","7","7","8~9","ストレージラインコンベヤー(駆動ローラーコンベヤー)上の製品がつかえて動かないため、直そうとコンベヤーに乗ったところ、ローラーの間に足を挟まれた。","1","製造業","106","パルプ・紙・紙加工品製造業","","","100~299","2","物上げ装置、運搬機械","22","動力運搬機","","","7","はさまれ、巻き込まれ"
"1213","1995","平成","7","7","11~12","積載型トラッククレーンで凝固剤(フレコン袋1t)を吊り上げていたところ、クレーンが横転した。","3","建設業","301","土木工事業","","","10~29","2","物上げ装置、運搬機械","21","動力クレーン等","","","2","転倒"
"1214","1995","平成","7","7","15~16","チェーンソーで伐倒作業中、伐倒木(長さ25m)の枝が胸に当たった。","3","建設業","301","土木工事業","","","1~9","7","環境等","71","環境等","","","6","激突され"
"1215","1995","平成","7","7","15~16","自転車で買い物に行く途中、下り坂道路脇のガレージに衝突した。","14","接客娯楽業","","","","","30~49","2","物上げ装置、運搬機械","23","乗物","","","17","交通事故（道路）"
"1216","1995","平成","7","7","15~16","トラックに向かう途中、土台につまずき転倒し、頭部を強打した。","3","建設業","302","建築工事業","","","10~29","4","仮設物、建築物、構築物等","41","仮設物、建築物、構築物等","","","2","転倒"
"1217","1995","平成","7","7","17~18","木工加工場の屋上に置かれた木材に雨避けビニールシートを掛けるため屋上に上った後、3.8m下に墜落した。","3","建設業","302","建築工事業","","","10~29","4","仮設物、建築物、構築物等","41","仮設物、建築物、構築物等","","","99","分類不能"
"1218","1995","平成","7","7","1~2","売上金を夜間金庫に預けた後、国道の横断歩道を渡っていたところ、車にはねられた。","8","商業","","","","","30~49","2","物上げ装置、運搬機械","23","乗物","","","17","交通事故（道路）"
"1219","1995","平成","7","7","10~11","外部塗装工事に使用した枠組足場を解体中、6.6m下の地上に墜落した。","3","建設業","303","その他の建設業","","","1~9","4","仮設物、建築物、構築物等","41","仮設物、建築物、構築物等","","","1","墜落、転落"
"1220","1995","平成","7","7","12~13","集材装置の架線解体中、先柱を設置してある斜面に登ったところ、墜落した。","6","農林業","601","農業","","","1~9","7","環境等","71","環境等","","","1","墜落、転落"
"1221","1995","平成","7","7","13~14","土地の鑑定を行うため市道上に立っていたところ、走行してきた2tトラックにはねられた。","17","その他の事業","","","","","1~9","2","物上げ装置、運搬機械","22","動力運搬機","","","17","交通事故（道路）"
"1222","1995","平成","7","7","15~16","国有林内において、刈払機で下刈作業中、刈払機の先端が伐根に接触した反動で跳ね返り、刃が右足に接触した。","6","農林業","601","農業","","","1~9","1","動力機械","16","一般動力機械","","","8","切れ、こすれ"
"1223","1995","平成","7","7","15~16","機械を止め、ノズルを清掃しようとロール上を歩いていたところ、惰性で回転していたロールの間に挟まれた。","1","製造業","106","パルプ・紙・紙加工品製造業","","","1000~9999","1","動力機械","16","一般動力機械","","","7","はさまれ、巻き込まれ"
"1224","1995","平成","7","7","9~10","悪天候のため現場で待機中、道路から21.8m下の海岸の岩場に墜落した。","3","建設業","301","土木工事業","","","1~9","4","仮設物、建築物、構築物等","41","仮設物、建築物、構築物等","","","1","墜落、転落"
"1225","1995","平成","7","7","10~11","セメントプラントの原料を送給する分取シュートをチェーンブロックで吊り上げ、解体していたところ、ワイヤロープが切断し、シュートが落下した。","3","建設業","303","その他の建設業","","","1~9","3","その他の装置等","37","用具","","","4","飛来、落下"
"1226","1995","平成","7","7","13~14","土地造成工事現場の取付道路を清掃中、後進してきたトラックに巻き込まれた。","17","その他の事業","","","","","10~29","2","物上げ装置、運搬機械","22","動力運搬機","","","7","はさまれ、巻き込まれ"
"1227","1995","平成","7","7","9~10","倉庫内において、ホイスト式クレーンでトレーラーからH型鋼を卸す作業中、H型鋼が吊り具から外れて落下した。","5","貨物取扱業","502","港湾運送業","","","30~49","3","その他の装置等","37","用具","","","4","飛来、落下"
"1228","1995","平成","7","7","10~11","ドラグ・ショベルで作業中、転落した。","3","建設業","301","土木工事業","","","1~9","1","動力機械","14","建設機械等","","","1","墜落、転落"
"1229","1995","平成","7","7","13~14","汚水処理槽の解体工事中、コンクリートのはつり作業の手元として作業中の被災者が、開口部より処理槽内に墜落した。","3","建設業","302","建築工事業","","","10~29","4","仮設物、建築物、構築物等","41","仮設物、建築物、構築物等","","","1","墜落、転落"
"1230","1995","平成","7","7","0~1","地中埋設通電設備の保守点検工事中、乗用車が突っ込んできた。","3","建設業","303","その他の建設業","","","10~29","2","物上げ装置、運搬機械","23","乗物","","","17","交通事故（道路）"
"1231","1995","平成","7","7","9~10","法面上方で除早作業中、法肩(高さ約27m)から足を滑らせ転落した。","3","建設業","301","土木工事業","","","1~9","4","仮設物、建築物、構築物等","41","仮設物、建築物、構築物等","","","1","墜落、転落"
"1232","1995","平成","7","7","11~12","乗用車で国道を走行中、センターラインをはみ出し、対向してきたトラックと正面衝突した。","8","商業","","","","","10~29","2","物上げ装置、運搬機械","23","乗物","","","17","交通事故（道路）"
"1233","1995","平成","7","7","11~12","チェーンソーで伐倒木の枝打ち作業中、枝打ちした木の上に重なっていた木が反転し、額に激突した。","6","農林業","601","農業","","","10~29","7","環境等","71","環境等","","","6","激突され"
"1234","1995","平成","7","7","11~12","乗用車で国道を走行中、センターラインをはみ出し、対向してきたトラックと正面衝突した。","8","商業","","","","","10~29","2","物上げ装置、運搬機械","23","乗物","","","17","交通事故（道路）"
"1235","1995","平成","7","7","13~14","5階梁上(高さ約11.7m)において、クレーンで吊り上げた足場用シートを取り込もうとしたところ、墜落した。","3","建設業","302","建築工事業","","","不明","4","仮設物、建築物、構築物等","41","仮設物、建築物、構築物等","","","1","墜落、転落"
"1236","1995","平成","7","7","9~10","コンクリート外壁(PC板)製造工程において、クレーンで吊り上げられたPC板から型わくを取り外す作業中、吊上げ用アングルのボルトが外れ、PC板が落下した。","1","製造業","109","窯業土石製品製造業","","","100~299","5","物質、材料","52","材料","","","4","飛来、落下"
"1237","1995","平成","7","7","9~10","コンクリート外壁(PC板)製造工程において、クレーンで吊り上げられたPC板から型わくを取り外す作業中、吊上げ用アングルのボルトが外れ、PC板が落下した。","1","製造業","109","窯業土石製品製造業","","","100~299","5","物質、材料","52","材料","","","4","飛来、落下"
"1238","1995","平成","7","7","9~10","フォークリフトのパレットに乗り走行中、バランスを崩し道路に転落した。","7","畜産・水産業","","","","","50~99","2","物上げ装置、運搬機械","22","動力運搬機","","","1","墜落、転落"
"1239","1995","平成","7","7","10~11","鋳造仕上工場において、防音型砂出機でアルミ製鋳物製品の砂落とし作業中、砂出機の前面扉が閉まらなくなり、内部に上半身を入れ点検していたところ、同僚が砂出機背面のエアシリンダーのレバーを回したため、下降してきた前面扉に挟まれた。","1","製造業","115","輸送用機械等製造業","","","50~99","1","動力機械","16","一般動力機械","","","7","はさまれ、巻き込まれ"
"1240","1995","平成","7","7","16~17","ブレーカーで岩を砕く作業中、ブームを旋回したところ、機体のバランスを崩し、沢に転落した。","2","鉱業","202","土石採取業","","","10~29","1","動力機械","14","建設機械等","","","2","転倒"
"1241","1995","平成","7","7","21~22","かに篭を投入する作業中、アンカー綱が足に絡まり、海に転落した。","7","畜産・水産業","","","","","1~9","3","その他の装置等","37","用具","","","10","おぼれ"
"1242","1995","平成","7","7","21~22","トラックで国道を走行中、対向してきた大型トラックと衝突した。","4","運輸交通業","403","道路貨物運送業","","","50~99","2","物上げ装置、運搬機械","22","動力運搬機","","","17","交通事故（道路）"
"1243","1995","平成","7","7","0~1","タクシー乗務中、国道の中央分離帯に激突した。","4","運輸交通業","402","道路旅客運送業","","","50~99","2","物上げ装置、運搬機械","23","乗物","","","17","交通事故（道路）"
"1244","1995","平成","7","7","0~1","代行運転を終えて帰社途中、車に衝突された。","17","その他の事業","","","","","10~29","2","物上げ装置、運搬機械","23","乗物","","","17","交通事故（道路）"
"1245","1995","平成","7","7","6~7","小型トラックで高速道路を走行中、大型トラックに接触し、側壁に衝突した。","1","製造業","112","金属製品製造業","","","10~29","2","物上げ装置、運搬機械","22","動力運搬機","","","17","交通事故（道路）"
"1246","1995","平成","7","7","8~9","事業場内炉仮置場において、廃材を焼却していた被災者が、全身に火傷を負った。","3","建設業","301","土木工事業","","","50~99","9","その他","91","その他の起因物","","","11","高温・低温の物との接触"
"1247","1995","平成","7","7","9~10","ボイラー室横のサイクロン内の灰と耐熱材の状態を確認するため、マンホールに上半身を乗り出したところ、酸欠空気を吸入した。","3","建設業","303","その他の建設業","","","30~49","3","その他の装置等","39","その他の装置、設備","","","12","有害物等との接触"
"1248","1995","平成","7","7","11~12","自動造型機で鋳型を製造中、上型から下型へ落ちた鋳砂をエアーガンで吹き飛ばしていたところ、上型と下型の間に挟まれた。","1","製造業","110","鉄鋼業","","","10~29","1","動力機械","16","一般動力機械","","","7","はさまれ、巻き込まれ"
"1249","1995","平成","7","7","11~12","木造3階建住宅建築現場において、2階作業床上で梁を取付中、足を滑らせ墜落した。","3","建設業","302","建築工事業","","","1~9","4","仮設物、建築物、構築物等","41","仮設物、建築物、構築物等","","","1","墜落、転落"
"1250","1995","平成","7","7","12~13","水道管埋設工事現場で歩行者を誘導していた被災者が、後進してきたドラグ・ショベルにひかれた。","17","その他の事業","","","","","30~49","1","動力機械","14","建設機械等","","","7","はさまれ、巻き込まれ"
"1251","1995","平成","7","7","13~14","養殖魚の餌のミンチを製造する混合機(1.1×2.6×1m)内に入り、残留物を箒で除去していたところ、同僚が誤って混合機を起動させたため、機械に巻き込まれた。","7","畜産・水産業","","","","","10~29","1","動力機械","16","一般動力機械","","","7","はさまれ、巻き込まれ"
"1252","1995","平成","7","7","14~15","ギャングリッパーでベニヤ化粧板を切断中、先に挿入した板が反発して続いて入れた板に当たり、その板が更に反発し被災者の腹部に当たった。","1","製造業","105","家具・装備品製造業","","","10~29","1","動力機械","13","木材加工用機械","","","6","激突され"
"1253","1995","平成","7","7","14~15","原子力発電所の配管工事をパトロールするため、モンキータラップを昇っていたところ、墜落した。","3","建設業","303","その他の建設業","","","50~99","4","仮設物、建築物、構築物等","41","仮設物、建築物、構築物等","","","1","墜落、転落"
"1254","1995","平成","7","7","15~16","天井クレーンで鉄板(約340キログラム)を移動させようと地切りした際、鉄板がずれ、後方に立て掛けてあった鉄板との間に挟まれた。","1","製造業","115","輸送用機械等製造業","","","30~49","2","物上げ装置、運搬機械","21","動力クレーン等","","","7","はさまれ、巻き込まれ"
"1255","1995","平成","7","7","15~16","橋型クレーン(つり上げ荷重4.87t)でセグメント(3t)を吊り上げ移動中、荷振れが起き、隣接して置かれていたセグメントとの間に挟まれた。","3","建設業","301","土木工事業","","","10~29","2","物上げ装置、運搬機械","21","動力クレーン等","","","6","激突され"
"1256","1995","平成","7","7","19~20","足場の解体作業中、同僚がばらした単管部材を被災者に手渡そうとしたところ、近接する架空電線に接触し感電した。","3","建設業","302","建築工事業","","","10~29","3","その他の装置等","35","電気設備","","","13","感電"
"1257","1995","平成","7","7","1~2","4tトラックで国道を走行中、前方のトラックを追い越そうとして対向車線に出たところ、キャリアカーと正面衝突した。","4","運輸交通業","403","道路貨物運送業","","","50~99","2","物上げ装置、運搬機械","22","動力運搬機","","","17","交通事故（道路）"
"1258","1995","平成","7","7","2~3","タクシー乗務中、中央分離帯を越えてきた乗用車と正面衝突した。","4","運輸交通業","402","道路旅客運送業","","","100~299","2","物上げ装置、運搬機械","23","乗物","","","17","交通事故（道路）"
"1259","1995","平成","7","7","9~10","天井走行クレーンで鉄骨材(長さ2.85m、約300キログラム)を吊り上げたところ、近くに立て掛けてあった鉄骨に当たり、倒れた鉄骨がペンキ塗り作業中の被災者に当たった。","1","製造業","112","金属製品製造業","","","1~9","5","物質、材料","52","材料","","","5","崩壊、倒壊"
"1260","1995","平成","7","7","9~10","床清掃に従事していた被災者が、隣のビルとの谷間に倒れているのを発見された。","15","清掃・と畜業","","","","","30~49","9","その他","99","分類不能","","","1","墜落、転落"
"1261","1995","平成","7","7","10~11","3階建住宅建築現場において、2階の梁を取付中、1階コンクリート基礎部に墜落した。","3","建設業","302","建築工事業","","","1~9","4","仮設物、建築物、構築物等","41","仮設物、建築物、構築物等","","","1","墜落、転落"
"1262","1995","平成","7","7","18~19","化学工場製造装置の配管作業中、アルミ製梯子上からオイルピット(深さ3.32m)に墜落した。","3","建設業","303","その他の建設業","","","1~9","3","その他の装置等","37","用具","","","1","墜落、転落"
"1263","1995","平成","7","7","5~6","駅ホームに設置してあるテーブルリフターで鶏卵箱を搬送中、リフターと壁の間に頭部を挟まれた。","8","商業","","","","","30~49","2","物上げ装置、運搬機械","21","動力クレーン等","","","7","はさまれ、巻き込まれ"
"1264","1995","平成","7","7","8~9","牧草ロールを束ねているビニル紐をカッターで切断中、近くで作業していたドラグ・ショベルのバケットに激突された。","3","建設業","301","土木工事業","","","10~29","1","動力機械","14","建設機械等","","","6","激突され"
"1265","1995","平成","7","7","8~9","軽ワゴン車で帰社途中、右折するためセンターライン付近に停車していたところ、対向してきた乗用車に衝突された。","17","その他の事業","","","","","10~29","2","物上げ装置、運搬機械","23","乗物","","","17","交通事故（道路）"
"1266","1995","平成","7","7","9~10","ボイラー室において、同僚がボイラー炉内に上半身を入れ清掃しようとしていたところ、掃除機のスイッチを入れることと同僚の見張り役をしていた被災者が、何らかの原因で感電した。","15","清掃・と畜業","","","","","10~29","9","その他","99","分類不能","","","13","感電"
"1267","1995","平成","7","7","9~10","ブロック擁壁とコンクリート擁壁(1.2×18m)の間(50センチメートル)に入り、コンクリート擁壁の型枠を解体中、同擁壁が倒れてきた。","3","建設業","301","土木工事業","","","10~29","4","仮設物、建築物、構築物等","41","仮設物、建築物、構築物等","","","5","崩壊、倒壊"
"1268","1995","平成","7","7","10~11","木造住宅工事現場で作業中、熱中症のため倒れた。","3","建設業","302","建築工事業","","","10~29","7","環境等","71","環境等","","","11","高温・低温の物との接触"
"1269","1995","平成","7","7","10~11","揚貨装置で船倉内のジャンボタイヤ(径3.15m、幅1m、2.2t)をハッチに積み上げる作業中、仮置きのため垂直に立てられていたタイヤが倒れてきた。","5","貨物取扱業","502","港湾運送業","","","100~299","6","荷","61","荷","","","5","崩壊、倒壊"
"1270","1995","平成","7","7","12~13","立て掛けてある55枚の鉄板(183×91.5センチメートル)の中から1枚を中抜きする際、被災者が鉄板を支え、同僚が抜こうとしたところ、約20枚(600キログラム)が倒れてきた。","1","製造業","114","電気機械器具製造業","","","30~49","5","物質、材料","52","材料","","","5","崩壊、倒壊"
"1271","1995","平成","7","7","14~15","営業車で県道を走行中、センターラインを越えてきた対向車と正面衝突した。","8","商業","","","","","1~9","2","物上げ装置、運搬機械","23","乗物","","","17","交通事故（道路）"
"1272","1995","平成","7","7","1~2","橋脚上の橋桁の下に吊り足場を設置中、9枚敷いた足場板の内おさまりの悪い2枚をはめ込むため、足場板上で作業員3人が同時に跳んだところ、反動で揺れ止めの単管が直交クランプから外れ、約8.5m下の道路に墜落した。","3","建設業","301","土木工事業","","","1~9","4","仮設物、建築物、構築物等","41","仮設物、建築物、構築物等","","","1","墜落、転落"
"1273","1995","平成","7","7","1~2","橋脚上の橋桁の下に吊り足場を設置中、9枚敷いた足場板の内おさまりの悪い2枚をはめ込むため、足場板上で作業員3人が同時に跳んだところ、反動で揺れ止めの単管が直交クランプから外れ、約8.5m下の道路に墜落した。","3","建設業","301","土木工事業","","","1~9","4","仮設物、建築物、構築物等","41","仮設物、建築物、構築物等","","","1","墜落、転落"
"1274","1995","平成","7","7","9~10","NCたてフライス盤の油漏れ点検を行うため側溝の蓋(鉄製)を持ち上げ床下内に入った被災者が上に戻る際、作動中のフライス盤のテーブルに引っかかって押された蓋と側溝のアングルに挟まれた。","1","製造業","113","一般機械器具製造業","","","100~299","1","動力機械","16","一般動力機械","","","7","はさまれ、巻き込まれ"
"1275","1995","平成","7","7","11~12","地盤の掘削作業中、様子がおかしくなり、熱射病で死亡した。","3","建設業","301","土木工事業","","","1~9","7","環境等","71","環境等","","","11","高温・低温の物との接触"
"1276","1995","平成","7","7","11~12","11階建住宅建築現場でコンクリート打設中、コンクリートを均していたところ気分が悪くなった(脱水症)。","3","建設業","302","建築工事業","","","1~9","7","環境等","71","環境等","","","11","高温・低温の物との接触"
"1277","1995","平成","7","7","13~14","天井クレーン(つり上げ荷重7.5t)で鋼材を吊り上げ移動中、吊り荷と工場建屋筋交いの間に頭を挟まれた。","4","運輸交通業","403","道路貨物運送業","","","10~29","2","物上げ装置、運搬機械","21","動力クレーン等","","","6","激突され"
"1278","1995","平成","7","7","13~14","35tラフタクレーンで型枠材17枚を吊り上げる作業中、クレーンが転倒し、クレーンのジブが2階スラブで型枠設置作業中の被災者に激突した。","3","建設業","302","建築工事業","","","10~29","2","物上げ装置、運搬機械","21","動力クレーン等","","","6","激突され"
"1279","1995","平成","7","7","15~16","自動結束機と自動積込装置が一連となった設備で垂木の結束作業中、積込装置の外枠と結束済の垂木を乗せてせり上がってくるフォークの間に頭部を挟まれた。","1","製造業","104","木材・木製品製造業","","","10~29","2","物上げ装置、運搬機械","22","動力運搬機","","","7","はさまれ、巻き込まれ"
"1280","1995","平成","7","7","15~16","鉛溶解炉で鉛インゴットを作る作業中、熱射病により倒れた。","1","製造業","111","非鉄金属製造業","","","1~9","3","その他の装置等","34","炉窯等","","","11","高温・低温の物との接触"
"1281","1995","平成","7","7","17~18","産業廃棄物処理場の焼却炉組立作業中、煙道(高さ約5m)と集じん機の接合部にボルトを差し込んでいたところ、安全帯のフックが外れ墜落した。","3","建設業","303","その他の建設業","","","1~9","4","仮設物、建築物、構築物等","41","仮設物、建築物、構築物等","","","1","墜落、転落"
"1282","1995","平成","7","7","17~18","木造平屋の屋根瓦塗装工事中、軒から梯子を伝って降りる際、高さ1.5mから墜落した。","3","建設業","302","建築工事業","","","1~9","3","その他の装置等","37","用具","","","1","墜落、転落"
"1283","1995","平成","7","7","17~18","大型トレーラーで国道を走行中、約30m下の崖下に転落した。","4","運輸交通業","403","道路貨物運送業","","","1~9","2","物上げ装置、運搬機械","22","動力運搬機","","","17","交通事故（道路）"
"1284","1995","平成","7","7","4~5","自転車で新聞配達中、国道で6tトラックにはねられた。","8","商業","","","","","30~49","2","物上げ装置、運搬機械","22","動力運搬機","","","17","交通事故（道路）"
"1285","1995","平成","7","7","10~11","1tトラックでボイラー取付現場へ向かう途中、電柱に衝突した。","3","建設業","303","その他の建設業","","","10~29","2","物上げ装置、運搬機械","22","動力運搬機","","","17","交通事故（道路）"
"1286","1995","平成","7","7","10~11","ローラーミル解体作業でボルトを溶断中、突然機械が作動して内部構造物が回転し、頭部を挟まれた。","1","製造業","117","その他の製造業","","","1~9","1","動力機械","16","一般動力機械","","","7","はさまれ、巻き込まれ"
"1287","1995","平成","7","7","11~12","積載型トラッククレーンより積荷を降ろす際、トラッククレーンが転倒し、その下敷きになった。","4","運輸交通業","403","道路貨物運送業","","","30~49","2","物上げ装置、運搬機械","21","動力クレーン等","","","2","転倒"
"1288","1995","平成","7","7","12~13","トラックで走行中、交差点で停止した前車に追突した。","4","運輸交通業","403","道路貨物運送業","","","1~9","2","物上げ装置、運搬機械","22","動力運搬機","","","17","交通事故（道路）"
"1289","1995","平成","7","7","14~15","2階屋根上で昇降機に瓦を積み込む作業中、足を滑らせ墜落した。","3","建設業","302","建築工事業","","","1~9","4","仮設物、建築物、構築物等","41","仮設物、建築物、構築物等","","","1","墜落、転落"
"1290","1995","平成","7","7","14~15","簡易リフト搬器の故障個所の説明を受けている途中、搬器内部を覗き込んだところ、搬器が落下し、搬器天井枠とリフト枠の間に頭部を挟まれた。","3","建設業","303","その他の建設業","","","1~9","2","物上げ装置、運搬機械","21","動力クレーン等","","","7","はさまれ、巻き込まれ"
"1291","1995","平成","7","7","16~17","排水管埋設工事において、溝の底に砕石を敷く作業中、気分が悪くなった。","3","建設業","301","土木工事業","","","1~9","7","環境等","71","環境等","","","11","高温・低温の物との接触"
"1292","1995","平成","7","7","19~20","4tトラックで走行中、乗用車を追い越そうとして接触し、民家のブロック塀に激突した。","4","運輸交通業","403","道路貨物運送業","","","10~29","2","物上げ装置、運搬機械","22","動力運搬機","","","17","交通事故（道路）"
"1293","1995","平成","7","7","11~12","2.2tミニユンボで木造2階建住宅の解体工事中、破片飛散防止用シートを支える単管上(高さ2.8m)にいた被災者が、解体時の振動で振り落とされた。","3","建設業","302","建築工事業","","","1~9","4","仮設物、建築物、構築物等","41","仮設物、建築物、構築物等","","","1","墜落、転落"
"1294","1995","平成","7","7","11~12","鋳型を作るための段取りを行っていたところ、後方で積み重ねられていた鋳型4組(8個)の積み方が悪く、上部が崩れてきた。","1","製造業","110","鉄鋼業","","","100~299","3","その他の装置等","39","その他の装置、設備","","","5","崩壊、倒壊"
"1295","1995","平成","7","7","14~15","外構造園工事において石材を運搬中、熱射病で倒れた。","3","建設業","301","土木工事業","","","1~9","7","環境等","71","環境等","","","11","高温・低温の物との接触"
"1296","1995","平成","7","7","16~17","堤防の草刈作業を終え、草刈機を堤防の上へ上げる途中でエンストが起こり、再起動のためギアをニュートラルにしたところ、法面を後進し始めた草刈機に激突された。","3","建設業","301","土木工事業","","","1~9","1","動力機械","14","建設機械等","","","6","激突され"
"1297","1995","平成","7","7","23~24","20tトレーラーで国道を走行中、カーブで横転した。","4","運輸交通業","403","道路貨物運送業","","","30~49","2","物上げ装置、運搬機械","22","動力運搬機","","","17","交通事故（道路）"
"1298","1995","平成","7","7","1~2","漁船でサンマの漁場を探る作業中、船底から浸水し、転覆した。","7","畜産・水産業","","","","","1~9","2","物上げ装置、運搬機械","23","乗物","","","18","交通事故（その他）"
"1299","1995","平成","7","7","1~2","漁船でサンマの漁場を探る作業中、船底から浸水し、転覆した。","7","畜産・水産業","","","","","1~9","2","物上げ装置、運搬機械","23","乗物","","","18","交通事故（その他）"
"1300","1995","平成","7","7","1~2","漁船でサンマの漁場を探る作業中、船底から浸水し、転覆した。","7","畜産・水産業","","","","","1~9","2","物上げ装置、運搬機械","23","乗物","","","18","交通事故（その他）"
"1301","1995","平成","7","7","4~5","バイクで新聞配達中、交差点で乗用車と衝突した。","8","商業","","","","","10~29","2","物上げ装置、運搬機械","23","乗物","","","17","交通事故（道路）"
"1302","1995","平成","7","7","8~9","鉄骨製作工場内において、床上操作式クレーン(つり上げ荷重2.5t)で鉄骨梁(720キログラム、長さ8m)を吊り上げ移動中、ワイヤロープから梁が抜け落ち、クレーンを操作していた被災者に当たった。","1","製造業","112","金属製品製造業","","","1~9","3","その他の装置等","37","用具","","","4","飛来、落下"
"1303","1995","平成","7","7","15~16","荷上構台の組立工事で、構台作業床の足場板を単管に緊結する作業中、緊結されていない作業床上に乗ったため床が反転し、7.2m下の地面に墜落した。","3","建設業","302","建築工事業","","","10~29","4","仮設物、建築物、構築物等","41","仮設物、建築物、構築物等","","","1","墜落、転落"
"1304","1995","平成","7","7","17~18","客先から乗用車の給油及び洗車を依頼され、その車を引き取り給油所に向かう途中、ハンドル操作を誤り田圃に転落した。","8","商業","","","","","1~9","2","物上げ装置、運搬機械","23","乗物","","","17","交通事故（道路）"
"1305","1995","平成","7","7","18~19","工場周辺の草取り作業中、日射病になった。","1","製造業","112","金属製品製造業","","","1~9","7","環境等","71","環境等","","","11","高温・低温の物との接触"
"1306","1995","平成","7","7","0~1","トラックで国道を走行中、センターラインを越えてきた大型トラックと正面衝突した。","4","運輸交通業","403","道路貨物運送業","","","10~29","2","物上げ装置、運搬機械","22","動力運搬機","","","17","交通事故（道路）"
"1307","1995","平成","7","7","0~1","5tトラックで走行中、前車を追い越そうと反対車線にはみ出したところ、対向してきた乗用車と接触し、後続のトラックと正面衝突した。","4","運輸交通業","403","道路貨物運送業","","","10~29","2","物上げ装置、運搬機械","22","動力運搬機","","","17","交通事故（道路）"
"1308","1995","平成","7","7","5~6","バイクで新聞配送中、交差点で左折する際、転倒した。","1","製造業","107","印刷・製本業","","","50~99","2","物上げ装置、運搬機械","23","乗物","","","17","交通事故（道路）"
"1309","1995","平成","7","7","18~19","防水工事のため手摺等を外した2階屋上(高さ7.7m)で計測作業中、地上へ墜落した。","3","建設業","302","建築工事業","","","1~9","4","仮設物、建築物、構築物等","41","仮設物、建築物、構築物等","","","1","墜落、転落"
"1310","1995","平成","7","7","11~12","クレーン作業船で防波堤ブロック(6t)を吊り上げ旋回したところ、作業船が動いたため防波堤に固定していた係船ワイヤが急に緊張し、被災者がこのワイヤに跳ねられ転倒した。","3","建設業","301","土木工事業","","","1~9","2","物上げ装置、運搬機械","21","動力クレーン等","","","2","転倒"
"1311","1995","平成","7","7","16~17","製氷切断機で氷を切断中、床でつまずき体を立て直そうとした際、鋸歯に接触した。","1","製造業","101","食料品製造業","","","10~29","1","動力機械","16","一般動力機械","","","8","切れ、こすれ"
"1312","1995","平成","7","7","8~9","マンション8階踊り場において、脚立に乗り天井のクモの巣を取り除いていたところ、1階中庭に墜落した。","17","その他の事業","","","","","100~299","3","その他の装置等","37","用具","","","1","墜落、転落"
"1313","1995","平成","7","7","8~9","油圧押出プレスでニッケル合金ピレット(円筒状の原料塊)をパイプに加工する際の準備作業として、補助油圧を発生させるアキュームレーター(上に高圧空気、下に作動油を入れ、空圧で油を押して油圧を発生させるシリンダー状容器)とアキュームレーターに高圧空気を供給する高圧空気容器の間の手動開閉バルブを操作したところ、興亜と空気容器が突然破裂した。","1","製造業","111","非鉄金属製造業","","","500~999","3","その他の装置等","31","圧力容器","","","14","爆発"
"1314","1995","平成","7","7","9~10","普通トラックで国道を走行中、センターラインを越えてきたダンプカーと正面衝突した。","4","運輸交通業","403","道路貨物運送業","","","30~49","2","物上げ装置、運搬機械","22","動力運搬機","","","17","交通事故（道路）"
"1315","1995","平成","7","7","10~11","電柱のトランス台を取替中、保護具を使わずにトランスに接続された通電中(6600V)の電線をペンチで切断したところ、感電した。","3","建設業","303","その他の建設業","","","10~29","3","その他の装置等","35","電気設備","","","13","感電"
"1316","1995","平成","7","7","17~18","伸線作業を終え、帰路途中の構内駐輪場で倒れた(熱射病)。","1","製造業","112","金属製品製造業","","","100~299","7","環境等","71","環境等","","","11","高温・低温の物との接触"
"1317","1995","平成","7","7","20~21","木造家屋のルーフィング(屋根防水シート)の仕上げ作業中、開口部上のルーフィングを踏み抜き、7m下の土間に墜落した。","3","建設業","302","建築工事業","","","1~9","4","仮設物、建築物、構築物等","41","仮設物、建築物、構築物等","","","1","墜落、転落"
"1318","1995","平成","7","8","2~3","ポロプロピレンシート(厚さ0.5ミリメートル)を巻き取るため、回転中の巻取機のロールにシート先端をテープで取り付けようとしたところ、ロールの間に巻き込まれた。","1","製造業","108","化学工業","","","50~99","1","動力機械","16","一般動力機械","","","7","はさまれ、巻き込まれ"
"1319","1995","平成","7","8","3~4","浚渫船により海底床掘り作業に従事していた被災者が、浚渫船に宿泊した翌朝、海中に沈んでいるところを発見された。","3","建設業","301","土木工事業","","","10~29","2","物上げ装置、運搬機械","23","乗物","","","10","おぼれ"
"1320","1995","平成","7","8","5~6","3tトラックで国道を走行中、路上駐車中の大型トレーラーに追突した。","4","運輸交通業","403","道路貨物運送業","","","10~29","2","物上げ装置、運搬機械","22","動力運搬機","","","17","交通事故（道路）"
"1321","1995","平成","7","8","8~9","事務所から約100m離れた倉庫に向かう途中、後進してきた10tトラックにはねられた。","8","商業","","","","","10~29","2","物上げ装置、運搬機械","22","動力運搬機","","","6","激突され"
"1322","1995","平成","7","8","8~9","不整地運搬車で下り坂を走行中、転倒した。","3","建設業","301","土木工事業","","","1~9","2","物上げ装置、運搬機械","22","動力運搬機","","","2","転倒"
"1323","1995","平成","7","8","9~10","ゴルフ場内で木の剪定作業中、2連式アルミ梯子から降りる途中、足を滑らせ地上に転落した。","6","農林業","601","農業","","","1~9","3","その他の装置等","37","用具","","","1","墜落、転落"
"1324","1995","平成","7","8","11~12","鉄塔の塗装作業中、高さ15mから墜落した。","3","建設業","302","建築工事業","","","10~29","4","仮設物、建築物、構築物等","41","仮設物、建築物、構築物等","","","1","墜落、転落"
"1325","1995","平成","7","8","11~12","ドラグ・ショベルでコンクリートの入ったコンクリートバケットを吊り上げ旋回中、ドラグ・ショベルが転倒した。","3","建設業","303","その他の建設業","","","1~9","1","動力機械","14","建設機械等","","","2","転倒"
"1326","1995","平成","7","8","14~15","採石場において、クズ石をダンプカーで運搬できる大きさにするため発破をかけたが、20本中1本が不発だったため不発処理をしていたところ、突然爆発した。","2","鉱業","202","土石採取業","","","30~49","5","物質、材料","51","危険物、有害物等","","","14","爆発"
"1327","1995","平成","7","8","14~15","水田に山泥を入れて均す作業中、エンジンを掛けたまま停車させたブル・ドーザーの運転席を離れたところ、突然ブル・ドーザーが後退し始め、止めようとして轢かれた。","3","建設業","301","土木工事業","","","10~29","1","動力機械","14","建設機械等","","","7","はさまれ、巻き込まれ"
"1328","1995","平成","7","8","14~15","舗装道修繕工事現場で交通誘導中、整正作業中のモーター・グレーダーに轢かれた。","17","その他の事業","","","","","50~99","1","動力機械","14","建設機械等","","","6","激突され"
"1329","1995","平成","7","8","14~15","高速道路上で物損事故のため停車し、車外に出た被災者がトラックにはねられた。","15","清掃・と畜業","","","","","1~9","2","物上げ装置、運搬機械","22","動力運搬機","","","17","交通事故（道路）"
"1330","1995","平成","7","8","15~16","U字溝布設作業に従事していた被災者が、休憩中に意識不明になった。","3","建設業","301","土木工事業","","","1~9","7","環境等","71","環境等","","","11","高温・低温の物との接触"
"1331","1995","平成","7","8","5~6","国道を走行中、トラックに追突した。","4","運輸交通業","403","道路貨物運送業","","","10~29","2","物上げ装置、運搬機械","22","動力運搬機","","","17","交通事故（道路）"
"1332","1995","平成","7","8","13~14","道路両側の雑草を草刈機で払っていた者が、多数の空缶を発見したため草刈機の刃を体の横へ動かしたところ、近くにいた被災者の大腿部に当たった。","3","建設業","301","土木工事業","","","10~29","1","動力機械","16","一般動力機械","","","8","切れ、こすれ"
"1333","1995","平成","7","8","15~16","天井クレーン(つり上げ荷重80t)を点検中、ガーダ(高さ約10m)上から墜落した。","1","製造業","110","鉄鋼業","","","100~299","2","物上げ装置、運搬機械","21","動力クレーン等","","","1","墜落、転落"
"1334","1995","平成","7","8","17~18","現場事務所近くの洗い場において、作業に使った人力運搬車等を洗浄中、5.4m下の谷川に墜落した。","3","建設業","301","土木工事業","","","1~9","4","仮設物、建築物、構築物等","41","仮設物、建築物、構築物等","","","1","墜落、転落"
"1335","1995","平成","7","8","0~1","大型トラックで国道を走行中、縁石に接触した反動で対向車線にはみ出し、大型トレーラーと正面衝突した。","8","商業","","","","","1~9","2","物上げ装置、運搬機械","22","動力運搬機","","","17","交通事故（道路）"
"1336","1995","平成","7","8","7~8","運搬坑道の掘削作業中、岩盤から大量の地下水・メタンガスが流出し、濁流に巻き込まれた。","2","鉱業","203","その他の鉱業","","","10~29","7","環境等","71","環境等","","","10","おぼれ"
"1337","1995","平成","7","8","16~17","配水管移設工事に従事していた被災者が、熱中症で倒れた。","3","建設業","301","土木工事業","","","1~9","7","環境等","71","環境等","","","11","高温・低温の物との接触"
"1338","1995","平成","7","8","10~11","CATV用ケーブルの配線作業中、1階屋根上(高さ約6m)に脚立を立て、2階屋根に資材を揚げていたところ、脚立が滑り地上に墜落した。","3","建設業","303","その他の建設業","","","1~9","3","その他の装置等","37","用具","","","1","墜落、転落"
"1339","1995","平成","7","8","10~11","鉄骨梁上で鉄骨組立の仮止め準備をしていたところ、2.95m下の道路に墜落した。","3","建設業","302","建築工事業","","","10~29","4","仮設物、建築物、構築物等","41","仮設物、建築物、構築物等","","","1","墜落、転落"
"1340","1995","平成","7","8","15~16","14tトレーラーで国道を走行中、右カーブで左前輪が脱輪し、横転した。","4","運輸交通業","403","道路貨物運送業","","","100~299","2","物上げ装置、運搬機械","22","動力運搬機","","","17","交通事故（道路）"
"1341","1995","平成","7","8","15~16","国道の安全柵設置工事現場で車両誘導中、車にはねられた。","3","建設業","301","土木工事業","","","1~9","2","物上げ装置、運搬機械","23","乗物","","","17","交通事故（道路）"
"1342","1995","平成","7","8","16~17","境界フェンス基礎の型枠組立の補助作業中、熱射病で倒れた。","3","建設業","301","土木工事業","","","10~29","7","環境等","71","環境等","","","11","高温・低温の物との接触"
"1343","1995","平成","7","8","1~2","トラックで走行中、前のトラックが停止した際に追突した。","4","運輸交通業","403","道路貨物運送業","","","10~29","2","物上げ装置、運搬機械","22","動力運搬機","","","17","交通事故（道路）"
"1344","1995","平成","7","8","9~10","500t自動プレスの金型取替調整中、降下してきたスライドに頭を挟まれた。","1","製造業","112","金属製品製造業","","","50~99","1","動力機械","16","一般動力機械","","","7","はさまれ、巻き込まれ"
"1345","1995","平成","7","8","10~11","小型トラックから荷(アルミ製ガラス戸20枚)卸し中、固定用の紐を外したところ荷が崩れて下敷きになり、付近にあったブロック塀基礎用差筋が胸部に刺さった。","8","商業","","","","","1~9","6","荷","61","荷","","","5","崩壊、倒壊"
"1346","1995","平成","7","8","11~12","ダンプカーの荷台を上げて点検中、荷台が降下し、車体との間に挟まれた。","2","鉱業","202","土石採取業","","","50~99","2","物上げ装置、運搬機械","22","動力運搬機","","","7","はさまれ、巻き込まれ"
"1347","1995","平成","7","8","14~15","客先より乗用車で帰社途中、センターラインをはみ出し、対向車と正面衝突した。","8","商業","","","","","10~29","2","物上げ装置、運搬機械","23","乗物","","","17","交通事故（道路）"
"1348","1995","平成","7","8","14~15","高さ7mの鉄骨組立中、梁接合部でボルトを差し込んでいたところ、墜落した。","3","建設業","302","建築工事業","","","1~9","4","仮設物、建築物、構築物等","41","仮設物、建築物、構築物等","","","1","墜落、転落"
"1349","1995","平成","7","8","15~16","作業場内で瓦を台車に積み込んでいたところ、トンネル窯の横で熱射病のため意識不明になった。","1","製造業","109","窯業土石製品製造業","","","30~49","7","環境等","71","環境等","","","11","高温・低温の物との接触"
"1350","1995","平成","7","8","19~20","湖上の花火大会において、モーターボートに乗り花火を仕掛けていたところ、花火が爆発したため水中に飛び込み溺れた。","8","商業","","","","","10~29","7","環境等","71","環境等","","","10","おぼれ"
"1351","1995","平成","7","8","21~22","2段に重ねた珪砂入袋(1t)をフォークリフトで運搬する際、下袋が破損して珪砂がこぼれだしたため、ガムテープで補修していたところ、上袋が崩れてきた。","1","製造業","109","窯業土石製品製造業","","","100~299","6","荷","61","荷","","","5","崩壊、倒壊"
"1352","1995","平成","7","8","13~14","精米機据付工事において、機械据付用の開口を利用して機材を引き揚げる作業中、約8m下の1階スラブに墜落した。","3","建設業","303","その他の建設業","","","1~9","4","仮設物、建築物、構築物等","41","仮設物、建築物、構築物等","","","1","墜落、転落"
"1353","1995","平成","7","8","8~9","ケーソン製作用枠組足場のジョイントをピン止めし、ブレースを掛け替えようとしたところ、足場の2層から上部分が外側へ転位し、3層目の布枠上にいた被災者が約14m下のケーソン製作用ドックに墜落した。","1","製造業","109","窯業土石製品製造業","","","10~29","4","仮設物、建築物、構築物等","41","仮設物、建築物、構築物等","","","1","墜落、転落"
"1354","1995","平成","7","8","9~10","屋根の組立作業のため母屋の上で束ねられた垂木のビニール紐を切っていたところ、約6m下のコンクリート土間に墜落した。","3","建設業","302","建築工事業","","","10~29","4","仮設物、建築物、構築物等","41","仮設物、建築物、構築物等","","","1","墜落、転落"
"1355","1995","平成","7","8","9~10","高さ5.5mにある架橋冷水配管を防熱加工するため、2連式梯子(6.3m)を配管部に掛け、梯子上部を固定するため登ったところ、墜落した。","3","建設業","303","その他の建設業","","","1~9","3","その他の装置等","37","用具","","","1","墜落、転落"
"1356","1995","平成","7","8","11~12","高速道路の料金所手前でトレーラーに追突した。","4","運輸交通業","403","道路貨物運送業","","","30~49","2","物上げ装置、運搬機械","22","動力運搬機","","","17","交通事故（道路）"
"1357","1995","平成","7","8","12~13","11tダンプカーの荷台と車体の間に挟まれた。","2","鉱業","202","土石採取業","","","30~49","2","物上げ装置、運搬機械","22","動力運搬機","","","7","はさまれ、巻き込まれ"
"1358","1995","平成","7","8","13~14","外部足場(高さ19.31m)の解体作業中、既設建物屋上より当該足場の最上層に移る際、バランスを崩し地上に墜落した。","3","建設業","302","建築工事業","","","1~9","4","仮設物、建築物、構築物等","41","仮設物、建築物、構築物等","","","1","墜落、転落"
"1359","1995","平成","7","8","13~14","トラクター・ショベルで採石プラントの原料投入口へ向かう途中、路上の岩石を乗り越えようとしたが乗り越えられず、後進したところ法面に乗り上げ、転倒した。","2","鉱業","202","土石採取業","","","10~29","1","動力機械","14","建設機械等","","","2","転倒"
"1360","1995","平成","7","8","15~16","ドラグ・ショベルでミニドラグ・ショベルを地下から吊り上げようとしたところ、ドラグ・ショベルが転倒した。","3","建設業","302","建築工事業","","","1~9","1","動力機械","14","建設機械等","","","2","転倒"
"1361","1995","平成","7","8","1~2","管路築造現場のずい道内に設置された蓄電式機関車を動かしたところ、鋼車1両が離れて軌道を逸走し、作業中の被災者を轢いた。","3","建設業","301","土木工事業","","","1~9","2","物上げ装置、運搬機械","22","動力運搬機","","","7","はさまれ、巻き込まれ"
"1362","1995","平成","7","8","10~11","埠頭の荷さばき場を歩行中、後進してきたトレーラーに轢かれた。","5","貨物取扱業","502","港湾運送業","","","300~499","2","物上げ装置、運搬機械","22","動力運搬機","","","7","はさまれ、巻き込まれ"
"1363","1995","平成","7","8","11~12","自走式草刈機で堤防斜面の草刈り中、草刈機から転落し、その下敷きになった。","15","清掃・と畜業","","","","","1~9","1","動力機械","14","建設機械等","","","7","はさまれ、巻き込まれ"
"1364","1995","平成","7","8","14~15","法面上部で盛土のためダンプカーで土砂を降ろす作業中、土砂に混入していた石(径70センチメートル)が法面を転がり落ち、シート張り作業中の被災者に当たった。","3","建設業","301","土木工事業","","","10~29","7","環境等","71","環境等","","","4","飛来、落下"
"1365","1995","平成","7","8","16~17","公園内の清掃を終え、軽自動車で事務所へ戻る途中、公園の石垣に激突し、その弾みで7.6m下の谷へ転落した。","14","接客娯楽業","","","","","10~29","2","物上げ装置、運搬機械","23","乗物","","","17","交通事故（道路）"
"1366","1995","平成","7","8","17~18","原料の詰まったパイプ(直径2~3m)のダンパーを30センチメートル程開き、専用掻き出し棒を付けたフォークリフトで掻き出し始めたところ、熱せられた原料(800°C)が噴き出した。","1","製造業","109","窯業土石製品製造業","","","100~299","3","その他の装置等","39","その他の装置、設備","","","11","高温・低温の物との接触"
"1367","1995","平成","7","8","22~23","トンネル上半切羽で装薬後、上部より結線を開始し下部の結線作業中、切羽が崩壊した。","3","建設業","301","土木工事業","","","10~29","7","環境等","71","環境等","","","5","崩壊、倒壊"
"1368","1995","平成","7","8","不明","2.6tトラックで走行中、赤信号で停車中の10tトラックに追突した。","4","運輸交通業","403","道路貨物運送業","","","30~49","2","物上げ装置、運搬機械","22","動力運搬機","","","17","交通事故（道路）"
"1369","1995","平成","7","8","2~3","バイクで新聞配達中、交差点でトラックと衝突した。","8","商業","","","","","50~99","2","物上げ装置、運搬機械","23","乗物","","","17","交通事故（道路）"
"1370","1995","平成","7","8","9~10","紙の打抜機で作業中、打抜機の紙を置いたテーブルと型をはめ込んである側面の間に頭部を挟まれた。","1","製造業","106","パルプ・紙・紙加工品製造業","","","1~9","1","動力機械","16","一般動力機械","","","7","はさまれ、巻き込まれ"
"1371","1995","平成","7","8","10~11","個人宅の庭木(高さ約5.6m)を剪定中、足をかけた枝が付け根から折れ、約3m下に墜落した。","6","農林業","602","林業","","","1~9","7","環境等","71","環境等","","","1","墜落、転落"
"1372","1995","平成","7","8","10~11","NCオートドリルマシンでH型鋼(長さ5m)を加工中、鋼材出口付近にいた被災者が、加工されて出てきた鋼材とローラーコンベヤーの間に挟まれた。","1","製造業","112","金属製品製造業","","","10~29","1","動力機械","16","一般動力機械","","","7","はさまれ、巻き込まれ"
"1373","1995","平成","7","8","11~12","クレーンで吊り上げた荷の下にトラックを後進させていたところ、荷台が吊り荷に当たり、揺れた荷とクレーンの間に挟まれた。","3","建設業","301","土木工事業","","","1~9","6","荷","61","荷","","","6","激突され"
"1374","1995","平成","7","8","13~14","2tダンプカーで走行中、交差点でトラックに激突された。","3","建設業","301","土木工事業","","","1~9","2","物上げ装置、運搬機械","22","動力運搬機","","","17","交通事故（道路）"
"1375","1995","平成","7","8","13~14","トラックのプラットフォームにゴムクッションを取り付ける作業をしていた被災者が、熱射病で倒れた。","3","建設業","302","建築工事業","","","10~29","7","環境等","71","環境等","","","11","高温・低温の物との接触"
"1376","1995","平成","7","8","15~16","ショベルローダーをトラックに積み込む作業中、前輪の上から墜落した。","8","商業","","","","","10~29","2","物上げ装置、運搬機械","22","動力運搬機","","","1","墜落、転落"
"1377","1995","平成","7","8","15~16","現場事務所のファックスの調子が悪いためバイクで別の現場事務所へ行き、ファックスを積んで帰る途中、市道でダンプカーと衝突した。","3","建設業","301","土木工事業","","","50~99","2","物上げ装置、運搬機械","23","乗物","","","17","交通事故（道路）"
"1378","1995","平成","7","8","16~17","乗用車で国道を走行中、センターラインを越えてきた対向車と正面衝突した。","17","その他の事業","","","","","10~29","2","物上げ装置、運搬機械","23","乗物","","","17","交通事故（道路）"
"1379","1995","平成","7","8","22~23","コンテナ貨物船の船倉内において、コンテナの止め金具(ツイストロック)を外す作業中、コンテナ若しくは作業床上から墜落した。","5","貨物取扱業","502","港湾運送業","","","100~299","4","仮設物、建築物、構築物等","41","仮設物、建築物、構築物等","","","1","墜落、転落"
"1380","1995","平成","7","8","4~5","10tトラックで国道を走行中、信号待ち中のトラックに追突した。","4","運輸交通業","403","道路貨物運送業","","","100~299","2","物上げ装置、運搬機械","22","動力運搬機","","","17","交通事故（道路）"
"1381","1995","平成","7","8","6~7","高速道路を走行中、玉突事故に巻き込まれた。","4","運輸交通業","403","道路貨物運送業","","","50~99","2","物上げ装置、運搬機械","23","乗物","","","17","交通事故（道路）"
"1382","1995","平成","7","8","7~8","10tトラックで高速道路を走行中、渋滞で停止していた車の列に追突した。","4","運輸交通業","403","道路貨物運送業","","","10~29","2","物上げ装置、運搬機械","22","動力運搬機","","","17","交通事故（道路）"
"1383","1995","平成","7","8","8~9","観光バスで高速道路を走行中、トラックに追突された。","4","運輸交通業","402","道路旅客運送業","","","50~99","2","物上げ装置、運搬機械","22","動力運搬機","","","17","交通事故（道路）"
"1384","1995","平成","7","8","9~10","移動式クレーンで高圧送電ケーブルを吊り上げた時、玉掛ワイヤロープが切断し、ケーブルが落下した。","3","建設業","303","その他の建設業","","","1~9","3","その他の装置等","37","用具","","","4","飛来、落下"
"1385","1995","平成","7","8","10~11","工事現場入口で車両誘導、警備等に従事していた被災者が、熱射病で倒れた。","17","その他の事業","","","","","10~29","7","環境等","71","環境等","","","11","高温・低温の物との接触"
"1386","1995","平成","7","8","12~13","アパート床下で白蟻駆除作業中、明かり取りのための電球のコードが破れていたため、感電した。","17","その他の事業","","","","","10~29","3","その他の装置等","35","電気設備","","","13","感電"
"1387","1995","平成","7","8","14~15","工場内の焼却場でゴミ焼却中、雨のために燃え難かったため、フォークリフトのフォーク上に載せた漬物槽の中に入り、フォークをリフトアップさせた状態で灯油を焼却炉に撒こうとした時、地上に転落した。(外)","1","製造業","101","食料品製造業","","","30~49","2","物上げ装置、運搬機械","22","動力運搬機","","","1","墜落、転落"
"1388","1995","平成","7","8","15~16","土砂崩壊災害復旧現場で作業中、隣接する法面上部が崩壊した。","3","建設業","301","土木工事業","","","1~9","7","環境等","71","環境等","","","5","崩壊、倒壊"
"1389","1995","平成","7","8","16~17","軽ワゴン車で帰社途中、カーブでセンターラインをはみ出し、対向してきた5t保冷車と衝突した。","8","商業","","","","","10~29","2","物上げ装置、運搬機械","23","乗物","","","17","交通事故（道路）"
"1390","1995","平成","7","8","18~19","大雨で崩れた道路の復旧工事中、舗装面下の空洞部分が沈下し、転落した際に隣接部のコンクリート舗装の床板が落下してきた。","3","建設業","301","土木工事業","","","1~9","7","環境等","71","環境等","","","5","崩壊、倒壊"
"1391","1995","平成","7","8","4~5","新聞配達中、自転車を押して道路を横断していたところ、乗用車にはねられた。","8","商業","","","","","10~29","2","物上げ装置、運搬機械","23","乗物","","","17","交通事故（道路）"
"1392","1995","平成","7","8","13~14","土砂崩壊復旧工事において、基礎砕石を敷き均すための水糸張作業中、上方の土砂が崩壊した。","3","建設業","301","土木工事業","","","10~29","7","環境等","71","環境等","","","5","崩壊、倒壊"
"1393","1995","平成","7","8","14~15","軽ワゴン車で県道を走行中、センターラインを越えてきた乗用車と正面衝突した。","8","商業","","","","","1~9","2","物上げ装置、運搬機械","23","乗物","","","17","交通事故（道路）"
"1394","1995","平成","7","8","16~17","バイクで集金先に向かう途中、運転を誤り、水銀柱に激突した。","1","製造業","116","電気・ガス・水道業","","","300~499","2","物上げ装置、運搬機械","23","乗物","","","17","交通事故（道路）"
"1395","1995","平成","7","8","16~17","キューポラに原料・燃料を投入する搬送機(エレベーターバケット)を操作していた被災者が、ピット内で搬器に挟まれていた。","1","製造業","110","鉄鋼業","","","30~49","2","物上げ装置、運搬機械","21","動力クレーン等","","","7","はさまれ、巻き込まれ"
"1396","1995","平成","7","8","7~8","2tトラックで国道を走行中、センターラインを越えてきた4tトラックと正面衝突した。","8","商業","","","","","1~9","2","物上げ装置、運搬機械","22","動力運搬機","","","17","交通事故（道路）"
"1397","1995","平成","7","8","14~15","床上操作式天井クレーンで焼却炉灰出し用コンベヤーの分割部品(2.4×0.9×0.7m、545キログラム)2本をトラック荷台に積み込んだところ、上側のコンベヤー分割部品が崩れ落ちた。","1","製造業","113","一般機械器具製造業","","","1~9","6","荷","61","荷","","","6","激突され"
"1398","1995","平成","7","8","15~16","パワー・ショベルで掘削作業中、土砂崩れに巻き込まれた。","3","建設業","301","土木工事業","","","1~9","7","環境等","71","環境等","","","5","崩壊、倒壊"
"1399","1995","平成","7","8","11~12","工場内でアーク溶接中、溶接棒ホルダーに接触し、感電した。","1","製造業","112","金属製品製造業","","","1~9","3","その他の装置等","33","溶接装置","","","13","感電"
"1400","1995","平成","7","8","12~13","軽トラックで移動中、踏切で列車に衝突された。","8","商業","","","","","1~9","2","物上げ装置、運搬機械","23","乗物","","","17","交通事故（道路）"
"1401","1995","平成","7","8","12~13","軽トラックで移動中、踏切で列車に衝突された。","8","商業","","","","","1~9","2","物上げ装置、運搬機械","23","乗物","","","17","交通事故（道路）"
"1402","1995","平成","7","8","15~16","ワゴン車で国道を走行中、センターラインを越えてきた普通乗用車と衝突した。","4","運輸交通業","401","鉄道・軌道・水運・航空業","","","100~299","2","物上げ装置、運搬機械","23","乗物","","","17","交通事故（道路）"
"1403","1995","平成","7","8","9~10","工場屋根取替工事において、吊り足場上で屋根内側の鉄骨の塗装作業中、足場の根太が折れ、約6m下の床に墜落した。","3","建設業","302","建築工事業","","","1~9","4","仮設物、建築物、構築物等","41","仮設物、建築物、構築物等","","","1","墜落、転落"
"1404","1995","平成","7","8","11~12","カステラの生地を混合撹拌する機械(フードミキサー)から生地を取り出し、混合羽根に付いていた生地を取り除いていたところ、羽根に上半身を巻き込まれた。","1","製造業","101","食料品製造業","","","10~29","1","動力機械","16","一般動力機械","","","7","はさまれ、巻き込まれ"
"1405","1995","平成","7","8","0~1","125ccバイクで走行中、右折してきた2tトラックと衝突した。","17","その他の事業","","","","","100~299","2","物上げ装置、運搬機械","23","乗物","","","17","交通事故（道路）"
"1406","1995","平成","7","8","14~15","ジクロルエタン洗浄槽から洗浄液を抜き取り、槽内のスラッジの状況を確認するため中に入ったところ、急性中毒になった。","1","製造業","108","化学工業","","","50~99","5","物質、材料","51","危険物、有害物等","","","12","有害物等との接触"
"1407","1995","平成","7","8","14~15","ジクロルエタン洗浄槽から洗浄液を抜き取り、槽内のスラッジの状況を確認するため中に入ったところ、急性中毒になった。","1","製造業","108","化学工業","","","50~99","5","物質、材料","51","危険物、有害物等","","","12","有害物等との接触"
"1408","1995","平成","7","8","21~22","ピザの配達を終え店に戻る途中、交差点で右折する際、対向してきた車と衝突した。","8","商業","","","","","10~29","2","物上げ装置、運搬機械","23","乗物","","","17","交通事故（道路）"
"1409","1995","平成","7","8","6~7","送迎用マイクロバスで出勤途中、交差点で大型トラックと出会い頭に衝突した。","14","接客娯楽業","","","","","100~299","2","物上げ装置、運搬機械","23","乗物","","","17","交通事故（道路）"
"1410","1995","平成","7","8","8~9","建設工事現場において、リモコン操作のクレーンで荷卸し中、ジブが折損し荷が落下した。","4","運輸交通業","403","道路貨物運送業","","","50~99","2","物上げ装置、運搬機械","21","動力クレーン等","","","4","飛来、落下"
"1411","1995","平成","7","8","11~12","トラックに同乗し高速道路を走行中、前のトラックが急ブレーキを掛けたため衝突した。","1","製造業","112","金属製品製造業","","","10~29","2","物上げ装置、運搬機械","22","動力運搬機","","","17","交通事故（道路）"
"1412","1995","平成","7","8","15~16","ワゴン車で帰社途中、丁字路で右折待ち中の小型トラックに追突した。","4","運輸交通業","403","道路貨物運送業","","","10~29","2","物上げ装置、運搬機械","22","動力運搬機","","","17","交通事故（道路）"
"1413","1995","平成","7","8","15~16","大型タンクローリーのブレーキの調子が良くないため市道に停車し、電話をかけに行ったところ、緩い下り坂の道路を車が動き出し、これを止めようとした被災者が轢かれた。","4","運輸交通業","403","道路貨物運送業","","","10~29","2","物上げ装置、運搬機械","22","動力運搬機","","","17","交通事故（道路）"
"1414","1995","平成","7","8","17~18","生コンプラントのミキサー内部に付着したコンクリートのはつり作業後、外に出ようとした際、ペンダントスイッチボタンに体が当たり、作動したミキサーに巻き込まれた。","1","製造業","109","窯業土石製品製造業","","","10~29","1","動力機械","16","一般動力機械","","","7","はさまれ、巻き込まれ"
"1415","1995","平成","7","8","2~3","ダンプカーで走行中、対向車線を走行中の連結式フルトレーラーの車軸が外れ、はみ出したシャーシ(荷台)に衝突した。","4","運輸交通業","403","道路貨物運送業","","","10~29","2","物上げ装置、運搬機械","22","動力運搬機","","","17","交通事故（道路）"
"1416","1995","平成","7","8","9~10","木造家屋建築中、屋根(高さ約5m)からブラケット足場に降りる際、墜落した。","3","建設業","302","建築工事業","","","1~9","4","仮設物、建築物、構築物等","41","仮設物、建築物、構築物等","","","1","墜落、転落"
"1417","1995","平成","7","8","10~11","携帯用丸のこ盤で部材を切断中、丸のこを手前へ引いたところ、大腿部を切創した。","3","建設業","302","建築工事業","","","1~9","1","動力機械","13","木材加工用機械","","","8","切れ、こすれ"
"1418","1995","平成","7","8","13~14","倉庫内において、水漏れを止める作業手順を説明後、積み上げられた米袋上を歩いていたところ、足を滑らせ約4.7m下に墜落した。","8","商業","","","","","10~29","6","荷","61","荷","","","1","墜落、転落"
"1419","1995","平成","7","8","14~15","木造2階建住宅の屋根瓦葺き替え工事中、瓦の下に敷くフェルトを敷いていたところ、2階屋根(高さ6.5m)端より墜落した。","3","建設業","302","建築工事業","","","1~9","4","仮設物、建築物、構築物等","41","仮設物、建築物、構築物等","","","1","墜落、転落"
"1420","1995","平成","7","8","15~16","ベント頂部の作業床において、地上から吊り上げられたサンドル材を梁上に仮置きする作業中、約15m下に墜落した。","3","建設業","301","土木工事業","","","10~29","4","仮設物、建築物、構築物等","41","仮設物、建築物、構築物等","","","1","墜落、転落"
"1421","1995","平成","7","8","15~16","フォークリフトのマスト取り替え作業中、マスト(1.7×0.7m、410キログラム)を天井クレーンで吊っていなかったため、ボルトを外したところ倒れてきた。","1","製造業","115","輸送用機械等製造業","","","500~999","2","物上げ装置、運搬機械","22","動力運搬機","","","6","激突され"
"1422","1995","平成","7","8","16~17","ブロック積み作業の補助者として、一輪車でコンクリートブロックを運搬していた被災者が、熱中症で倒れた。","3","建設業","302","建築工事業","","","1~9","7","環境等","71","環境等","","","11","高温・低温の物との接触"
"1423","1995","平成","7","8","17~18","溶融亜鉛メッキ工場の合金化炉の高棟6階において、高温(50~60°C)下で約2時間、ばい煙濃度測定作業をした後、脱水症状により倒れた。","17","その他の事業","","","","","30~49","3","その他の装置等","34","炉窯等","","","11","高温・低温の物との接触"
"1424","1995","平成","7","8","17~18","溶融亜鉛メッキ工場の合金化炉の高棟6階において、高温(50~60°C)下で約2時間、ばい煙濃度測定作業をした後、脱水症状により倒れた。","17","その他の事業","","","","","30~49","3","その他の装置等","34","炉窯等","","","11","高温・低温の物との接触"
"1425","1995","平成","7","8","8~9","雪崩防止柵設置のためのワイヤロープを設置中、ワイヤロープがキイロスズメバチの巣に触れたため、飛び出してきたハチに刺され、ショック死した。","3","建設業","301","土木工事業","","","1~9","7","環境等","71","環境等","","","90","その他"
"1426","1995","平成","7","8","20~21","ホテル食堂内において、故障していた食器搬送用リフトを誤って使用し、下降してきたリフト搬器に首を挟まれた。","14","接客娯楽業","","","","","50~99","2","物上げ装置、運搬機械","21","動力クレーン等","","","7","はさまれ、巻き込まれ"
"1427","1995","平成","7","8","9~10","ドラグ・ショベルで斜面(勾配27度)上を掘削中、ドラグ・ショベルを旋回させたところ、バランスを崩し転倒した。","3","建設業","301","土木工事業","","","1~9","1","動力機械","14","建設機械等","","","2","転倒"
"1428","1995","平成","7","8","10~11","土木工事現場に4tダンプカーを誘導中、ダンプカーと民家のフェンスの間に挟まれた。","17","その他の事業","","","","","30~49","2","物上げ装置、運搬機械","22","動力運搬機","","","7","はさまれ、巻き込まれ"
"1429","1995","平成","7","8","11~12","塗装設備工事において、かしめ機で塗装設備の排気ダクトにフランジを取付中、かしめ機が漏電(100V)した。","3","建設業","303","その他の建設業","","","1~9","1","動力機械","16","一般動力機械","","","13","感電"
"1430","1995","平成","7","8","13~14","枠組足場を組立中、6層目(高さ10.4m)から転落した。","3","建設業","302","建築工事業","","","1~9","4","仮設物、建築物、構築物等","41","仮設物、建築物、構築物等","","","1","墜落、転落"
"1431","1995","平成","7","8","13~14","残土置場の草刈りを終え、バイクで次の作業現場へ向かう途中、道路下に転落した。","3","建設業","301","土木工事業","","","1~9","2","物上げ装置、運搬機械","23","乗物","","","17","交通事故（道路）"
"1432","1995","平成","7","8","13~14","木造2階建住宅の2階天井部の梁の組み付け作業中、梁上で移動式クレーンで吊り上げられた梁を受け取る際、バランスを崩し約6.3m下に墜落した。","3","建設業","302","建築工事業","","","1~9","4","仮設物、建築物、構築物等","41","仮設物、建築物、構築物等","","","1","墜落、転落"
"1433","1995","平成","7","8","16~17","砂をダンプカーに積み、仮置場の砂山(高さ5m)を後進して登っていたところ、地盤が崩れダンプカーの下敷きになった。","2","鉱業","202","土石採取業","","","10~29","2","物上げ装置、運搬機械","22","動力運搬機","","","1","墜落、転落"
"1434","1995","平成","7","8","18~19","原糸置場において、原糸(420キログラム)の入った段ボール箱をハンドリフトで運ぼうとしたところ、後方に3段積みされた段ボール箱が崩れてきた。","1","製造業","102","繊維工業","","","1~9","6","荷","61","荷","","","5","崩壊、倒壊"
"1435","1995","平成","7","8","18~19","ゴルフ場内で散水作業中、雷雨が発生し管理棟へ避難したが、小雨になったため再びコース内に出たところ、落雷を受けた。","14","接客娯楽業","","","","","100~299","7","環境等","71","環境等","","","13","感電"
"1436","1995","平成","7","8","8~9","洗濯物のアイロン掛け作業中、突然後ろ向きに倒れ、床面に頭部を強打した。","1","製造業","117","その他の製造業","","","50~99","9","その他","92","起因物なし","","","2","転倒"
"1437","1995","平成","7","8","9~10","車両誘導のため守衛室前に立っていたところ、道路から駐車場へ後進してきた軽四輪との間に挟まれた。","17","その他の事業","","","","","1~9","2","物上げ装置、運搬機械","22","動力運搬機","","","17","交通事故（道路）"
"1438","1995","平成","7","8","9~10","伐採現場で枝打ち作業中、同僚が伐倒した木に直撃された。","6","農林業","601","農業","","","1~9","7","環境等","71","環境等","","","6","激突され"
"1439","1995","平成","7","8","9~10","既設導水管の架台とコンクリート支柱を撤去するため、ピックハンマーで支柱をはつり、切り離していたところ、架台と支柱が倒れてきた。","3","建設業","301","土木工事業","","","1~9","4","仮設物、建築物、構築物等","41","仮設物、建築物、構築物等","","","5","崩壊、倒壊"
"1440","1995","平成","7","8","10~11","材木束にワイヤを引っ掛けるためワイヤを引っ張っていたところ、急にワイヤが緩み、その反動で後ろに倒れた。","6","農林業","601","農業","","","1~9","7","環境等","71","環境等","","","2","転倒"
"1441","1995","平成","7","8","11~12","ニーダー(混合機)でインク原料(約300キログラム)を練る作業中、ニーダー内の水をヘラを使って排出していたところ、回転中の混合用羽根に巻き込まれた。","1","製造業","108","化学工業","","","30~49","1","動力機械","16","一般動力機械","","","7","はさまれ、巻き込まれ"
"1442","1995","平成","7","8","11~12","トラック荷台から鉄筋束を卸す作業中、バックホウで吊り上げられた荷を調整していたところ、バックホウが後進し、その反動で荷台から地面に転落した。","3","建設業","302","建築工事業","","","1~9","1","動力機械","14","建設機械等","","","1","墜落、転落"
"1443","1995","平成","7","8","13~14","木造3階建住宅建築現場において、4段目の足場上でウインチによりモルタルを荷揚げする作業中、足を滑らせ墜落した。","3","建設業","302","建築工事業","","","1~9","4","仮設物、建築物、構築物等","41","仮設物、建築物、構築物等","","","1","墜落、転落"
"1444","1995","平成","7","8","13~14","鉄骨3階建ビルの鉄骨組立作業中、3階梁上から墜落した。","3","建設業","302","建築工事業","","","1~9","4","仮設物、建築物、構築物等","41","仮設物、建築物、構築物等","","","1","墜落、転落"
"1445","1995","平成","7","8","14~15","整備を終えた客先の車を運転し車検場に向かう途中、交差点で乗用車と衝突した。","1","製造業","117","その他の製造業","","","1~9","2","物上げ装置、運搬機械","23","乗物","","","17","交通事故（道路）"
"1446","1995","平成","7","8","15~16","工事の準備作業中、作業範囲内の駐車場に停めてあった乗用車で移動しようとしたところ、約18m下のグランドに転落した。","3","建設業","301","土木工事業","","","1~9","2","物上げ装置、運搬機械","23","乗物","","","1","墜落、転落"
"1447","1995","平成","7","8","7~8","鉄筋で囲んだH型鋼を天井走行クレーンで吊り上げ移動させる際、バランスが悪いため玉掛をし直そうとH型鋼を鉄骨架台に置き、片側のワイヤロープをずらそうとしたところ、鉄骨が倒れてきた。","1","製造業","109","窯業土石製品製造業","","","10~29","2","物上げ装置、運搬機械","21","動力クレーン等","","","6","激突され"
"1448","1995","平成","7","8","10~11","木製電柱に登り、架線や取付金具の取り外し作業中、電柱が根元から折れた。","3","建設業","303","その他の建設業","","","1~9","3","その他の装置等","35","電気設備","","","5","崩壊、倒壊"
"1449","1995","平成","7","8","10~11","銀行の屋上に設置されたキュービクルを点検中、200Vの電圧に接触した。","17","その他の事業","","","","","50~99","3","その他の装置等","35","電気設備","","","13","感電"
"1450","1995","平成","7","8","12~13","法面に種子吹き付け作業中、移動のため安全帯を掛け替える際、約45m下に墜落した。","3","建設業","301","土木工事業","","","10~29","7","環境等","71","環境等","","","1","墜落、転落"
"1451","1995","平成","7","8","16~17","老朽化した変圧器の台座(高さ7.3m)を解体中、支柱(木柱)の台座より上部分にチェーンソーで切り込みを入れ、ワイヤロープで玉掛中、支柱が折れ台座から地面に墜落した。","3","建設業","303","その他の建設業","","","1~9","3","その他の装置等","35","電気設備","","","1","墜落、転落"
"1452","1995","平成","7","8","16~17","清掃センター内において、不燃物分別作業及び清掃作業をしていた被災者が、熱中症で倒れた。","15","清掃・と畜業","","","","","1~9","7","環境等","71","環境等","","","11","高温・低温の物との接触"
"1453","1995","平成","7","8","17~18","パン焼成ライン設備の試運転を終え、電極部分の調整をする際、電極(200V)に接触した。","3","建設業","303","その他の建設業","","","1~9","1","動力機械","16","一般動力機械","","","13","感電"
"1454","1995","平成","7","8","7~8","大型トラックで国道を走行中、前車を追い越そうとして車線をはみ出してきた大型ダンプカーと正面衝突した。","4","運輸交通業","403","道路貨物運送業","","","10~29","2","物上げ装置、運搬機械","22","動力運搬機","","","17","交通事故（道路）"
"1455","1995","平成","7","8","8~9","貨物艇係留のための綱取り用小型船舶で大型タンカーの係留ロープを岸壁に渡そうとしたところ、クラッチ板が損傷して操舵不能になり、タンカーに衝突した。この際、船を操舵していた被災者がクモ膜下出血により死亡した。","5","貨物取扱業","502","港湾運送業","","","50~99","9","その他","99","分類不能","","","99","分類不能"
"1456","1995","平成","7","8","9~10","補強擁壁設置のために掘削した古い擁壁の基礎部で、型枠ジョイントの溶接作業中、突然擁壁が倒れてきた。","3","建設業","301","土木工事業","","","10~29","4","仮設物、建築物、構築物等","41","仮設物、建築物、構築物等","","","5","崩壊、倒壊"
"1457","1995","平成","7","8","10~11","軽ワゴン車で外注先を廻る途中、交差点を右折する際、右側から来た普通乗用車と衝突した。","1","製造業","113","一般機械器具製造業","","","30~49","2","物上げ装置、運搬機械","22","動力運搬機","","","17","交通事故（道路）"
"1458","1995","平成","7","8","11~12","トレーラーから杭打機の部材を荷卸し中、荷締め機のワイヤを緩めたところ、部材が傾きバックスティが落下した。","3","建設業","301","土木工事業","","","50~99","6","荷","61","荷","","","4","飛来、落下"
"1459","1995","平成","7","8","15~16","快晴で気温36.5°Cのもとスコップで整地作業中、倒れた。","3","建設業","302","建築工事業","","","1~9","7","環境等","71","環境等","","","11","高温・低温の物との接触"
"1460","1995","平成","7","8","20~21","営業先よりワゴン車で帰社途中、濃霧で視界不良のため、カーブで路外に転落した。","8","商業","","","","","1~9","2","物上げ装置、運搬機械","23","乗物","","","17","交通事故（道路）"
"1461","1995","平成","7","8","21~22","国道を走行中、センターラインを越えてきたトラックと正面衝突した。","4","運輸交通業","403","道路貨物運送業","","","100~299","2","物上げ装置、運搬機械","22","動力運搬機","","","17","交通事故（道路）"
"1462","1995","平成","7","8","2~3","国道を走行中、道路脇に停車中のトラックに追突した。","4","運輸交通業","403","道路貨物運送業","","","10~29","2","物上げ装置、運搬機械","22","動力運搬機","","","17","交通事故（道路）"
"1463","1995","平成","7","8","2~3","タクシー乗務中、右折するため対向車の通過を待っていたところ、後続車に追突されて押し出され、対向してきたトラックと衝突した。","4","運輸交通業","402","道路旅客運送業","","","30~49","2","物上げ装置、運搬機械","23","乗物","","","17","交通事故（道路）"
"1464","1995","平成","7","8","3~4","水道工事現場において、保安柵内で交通車両を誘導中、暴走してきた乗用車にはねられた。","17","その他の事業","","","","","100~299","2","物上げ装置、運搬機械","23","乗物","","","17","交通事故（道路）"
"1465","1995","平成","7","8","11~12","航空写真測量作業の一環として、対空標識を設置するため山(標高301.7m)に登った被災者が、熱射病で死亡した。","17","その他の事業","","","","","10~29","7","環境等","71","環境等","","","11","高温・低温の物との接触"
"1466","1995","平成","7","8","13~14","出張先のアメリカにおいて、関連工場に向かう途中、交差点でタンクローリーと衝突した。","1","製造業","114","電気機械器具製造業","","","10000~","2","物上げ装置、運搬機械","23","乗物","","","17","交通事故（道路）"
"1467","1995","平成","7","8","15~16","ドラグ・ショベルで鉄製容器(約300キログラムの砕石入り)を吊り上げ旋回中、バランスを崩し、斜面を30m転落した。","3","建設業","301","土木工事業","","","10~29","1","動力機械","14","建設機械等","","","1","墜落、転落"
"1468","1995","平成","7","8","15~16","ベルトコンベヤーのフレームの支柱(高さ17.8m)上部でフレームの取付作業中、支柱が倒れた。","3","建設業","301","土木工事業","","","10~29","4","仮設物、建築物、構築物等","41","仮設物、建築物、構築物等","","","1","墜落、転落"
"1469","1995","平成","7","8","16~17","乗用車塗装ラインにおいて、ツートンカラー車のマスキングを剥がしていた被災者が、熱中症で倒れた。","1","製造業","115","輸送用機械等製造業","","","10000~","7","環境等","71","環境等","","","11","高温・低温の物との接触"
"1470","1995","平成","7","8","2~3","4tトラックで国道を走行中、信号待ちをしていたところ、大型トラックに追突された。","4","運輸交通業","403","道路貨物運送業","","","30~49","2","物上げ装置、運搬機械","22","動力運搬機","","","17","交通事故（道路）"
"1471","1995","平成","7","8","4~5","2tトラックで国道を走行中、カーブでセンターラインをはみ出し、対向してきた4tトラックと衝突した。","4","運輸交通業","403","道路貨物運送業","","","10~29","2","物上げ装置、運搬機械","22","動力運搬機","","","17","交通事故（道路）"
"1472","1995","平成","7","8","9~10","山林内で伐木作業中、伐倒木が被災者の上に倒れてきた。","6","農林業","601","農業","","","1~9","7","環境等","71","環境等","","","6","激突され"
"1473","1995","平成","7","8","13~14","積載型トラッククレーン(つり上げ荷重2.93t)で荷台上のインターブロック(約730キログラム)を吊り上げ旋回中、トラックが横転し、その下敷きになった。","3","建設業","301","土木工事業","","","10~29","2","物上げ装置、運搬機械","21","動力クレーン等","","","6","激突され"
"1474","1995","平成","7","8","13~14","建築用鉄骨鋼材(210×43.5センチメートル)と建築用補助梁間にアングルを渡し、両端をクランプで固定しリブ部分をアーク溶接中、鋼材が倒れてきた。","1","製造業","112","金属製品製造業","","","10~29","5","物質、材料","52","材料","","","6","激突され"
"1475","1995","平成","7","8","14~15","バイクで県道を走行中、センターラインを越えてきたワゴン車と正面衝突した。","8","商業","","","","","30~49","2","物上げ装置、運搬機械","23","乗物","","","17","交通事故（道路）"
"1476","1995","平成","7","8","15~16","クレーンで樹脂原料(約530キログラム)を吊り上げ、ホッパーに投入する準備をしていたところ、荷が突然降下してきてホッパーとの間に挟まれた。","1","製造業","108","化学工業","","","1~9","2","物上げ装置、運搬機械","21","動力クレーン等","","","4","飛来、落下"
"1477","1995","平成","7","8","15~16","木造住宅1階部分の建方工事において、梁(4m)に昇りウインチで柱の結合作業中、バランスを崩しコンクリート土間に墜落した。","3","建設業","302","建築工事業","","","10~29","4","仮設物、建築物、構築物等","41","仮設物、建築物、構築物等","","","1","墜落、転落"
"1478","1995","平成","7","8","17~18","掘削作業終了後、ドラグ・ショベルで掘削した作業床に入り、梯子を回収していたところ、土砂が崩壊した。","3","建設業","301","土木工事業","","","1~9","7","環境等","71","環境等","","","5","崩壊、倒壊"
"1479","1995","平成","7","8","6~7","レールの交換工事中、現場に乗用車が突っ込んできた。","3","建設業","301","土木工事業","","","10~29","2","物上げ装置、運搬機械","23","乗物","","","17","交通事故（道路）"
"1480","1995","平成","7","8","14~15","パチンコ景品交換所に強盗が入り、胸を刺された。","8","商業","","","","","10~29","9","その他","91","その他の起因物","","","90","その他"
"1481","1995","平成","7","8","7~8","ワゴン車で走行中、立木に激突した。","6","農林業","601","農業","","","10~29","2","物上げ装置、運搬機械","22","動力運搬機","","","17","交通事故（道路）"
"1482","1995","平成","7","8","9~10","2階建木造住宅の外壁改修工事中、足場(高さ4m)上でモルタル入りのバケツを受け取ろうとした際、足を滑らせ墜落した。","3","建設業","302","建築工事業","","","1~9","4","仮設物、建築物、構築物等","41","仮設物、建築物、構築物等","","","1","墜落、転落"
"1483","1995","平成","7","8","10~11","足場の解体作業中、部材をまたごうとしてバランスを崩し、約18m下に墜落した。","3","建設業","302","建築工事業","","","1~9","4","仮設物、建築物、構築物等","41","仮設物、建築物、構築物等","","","1","墜落、転落"
"1484","1995","平成","7","8","11~12","勾配のある農道上において、トラックミキサーで流した生コンを均していたところ、後進してきたトラックミキサーにはねられた。","3","建設業","301","土木工事業","","","1~9","2","物上げ装置、運搬機械","22","動力運搬機","","","17","交通事故（道路）"
"1485","1995","平成","7","8","11~12","軽トラックで国道を走行中、右折しようと停車したところ、トラックに追突されて反対車線に押し出され、対向してきた軽トラックと衝突した。","17","その他の事業","","","","","100~299","2","物上げ装置、運搬機械","22","動力運搬機","","","17","交通事故（道路）"
"1486","1995","平成","7","8","11~12","かかり木になった伐倒木(胸高直径40センチメートル)の根本を玉切りし、2ヶ所を切断したところ、落下してきた。","6","農林業","601","農業","","","10~29","7","環境等","71","環境等","","","4","飛来、落下"
"1487","1995","平成","7","8","17~18","鉄板塗装機の吹き付けノズルの交換作業中、鉄板搬送用ローラーに巻き込まれた。","1","製造業","115","輸送用機械等製造業","","","1~9","1","動力機械","16","一般動力機械","","","7","はさまれ、巻き込まれ"
"1488","1995","平成","7","8","0~1","大型トラックで国道を走行中、赤信号で停車中の大型トレーラーに追突した。","4","運輸交通業","403","道路貨物運送業","","","10~29","2","物上げ装置、運搬機械","22","動力運搬機","","","17","交通事故（道路）"
"1489","1995","平成","7","8","0~1","工場内において、3段積みの空台車をフォークリフトで降ろす作業中、フォークリフトの爪が2段目の台車枠に引っ掛かり、その反動で3段目の台車が落下し、近くで作業していた被災者が台車と作業台の間に挟まれた。","1","製造業","115","輸送用機械等製造業","","","300~499","2","物上げ装置、運搬機械","22","動力運搬機","","","4","飛来、落下"
"1490","1995","平成","7","8","9~10","杭打機の調整のため専用作業台に乗りリーダー上部で作業後、作業台を降下させる途中、杭打機のワイヤが切断し、その反動で杭打機が揺れ、作業台から投げ出された。","3","建設業","302","建築工事業","","","30~49","1","動力機械","14","建設機械等","","","1","墜落、転落"
"1491","1995","平成","7","8","11~12","掘削溝(1.1×11.6×深さ3.6~3.9m)に鋼製土止め支保工を設け、硬質塩ビ管の布設作業中、管を埋め戻す前に土止め支保工を取り除いたところ、法面が崩壊した。","3","建設業","301","土木工事業","","","1~9","7","環境等","71","環境等","","","5","崩壊、倒壊"
"1492","1995","平成","7","8","14~15","コンクリートの庇を解体中、庇中間のH型鋼を溶断したところ、庇が崩壊し墜落した。","3","建設業","302","建築工事業","","","1~9","4","仮設物、建築物、構築物等","41","仮設物、建築物、構築物等","","","1","墜落、転落"
"1493","1995","平成","7","8","14~15","杭打機で杭芯を立て込む作業中、杭打機のリーダの垂直度を確認するため機体後方へ移動したところ、後進してきたドラグ・ショベルに轢かれた。","3","建設業","302","建築工事業","","","10~29","1","動力機械","14","建設機械等","","","7","はさまれ、巻き込まれ"
"1494","1995","平成","7","8","14~15","コンクリートの庇を解体中、庇中間のH型鋼を溶断したところ、庇が崩壊し墜落した。","3","建設業","302","建築工事業","","","30~49","4","仮設物、建築物、構築物等","41","仮設物、建築物、構築物等","","","1","墜落、転落"
"1495","1995","平成","7","8","15~16","クレーンで鋳物の型枠を8段に積み重ねていたところ、型枠が崩れてきた。","1","製造業","110","鉄鋼業","","","10~29","6","荷","61","荷","","","5","崩壊、倒壊"
"1496","1995","平成","7","8","19~20","大型トラックで高速道路を走行中、中央分離帯を突き破り横転した。","4","運輸交通業","403","道路貨物運送業","","","50~99","2","物上げ装置、運搬機械","22","動力運搬機","","","17","交通事故（道路）"
"1497","1995","平成","7","8","8~9","積み上げ機の油圧系統点検のため、同機のあずけ台を最大に上げて片側に角棒を差し込み、その下部に入ったところ、油漏れが発生し、角棒を差し込んでいない側のあずけ台が下がり、浮き上がってきたベースフレームとの間に頭部を挟まれた。","1","製造業","104","木材・木製品製造業","","","50~99","3","その他の装置等","39","その他の装置、設備","","","7","はさまれ、巻き込まれ"
"1498","1995","平成","7","8","8~9","ドラグ・ショベルと掘削箇所の土壁の間を通り抜けようとしたところ、ドラグ・ショベルが旋回したため、土壁との間に挟まれた。","3","建設業","301","土木工事業","","","1~9","1","動力機械","14","建設機械等","","","6","激突され"
"1499","1995","平成","7","8","9~10","排水管埋め込み作業において、パワー・ショベルで掘削した後の地均し作業中、高さ2.4mの壁が崩壊した。","3","建設業","301","土木工事業","","","30~49","7","環境等","71","環境等","","","5","崩壊、倒壊"
"1500","1995","平成","7","8","10~11","段ボール屑集積場で清掃作業中、下降してきた屑積上装置のテーブルとローラーコンベヤーの間に挟まれた。、","1","製造業","106","パルプ・紙・紙加工品製造業","","","50~99","1","動力機械","16","一般動力機械","","","7","はさまれ、巻き込まれ"
"1501","1995","平成","7","8","11~12","消防設備の定期点検作業中、立体駐車機のパレット端から6m下のピット底に墜落した。","17","その他の事業","","","","","10~29","4","仮設物、建築物、構築物等","41","仮設物、建築物、構築物等","","","1","墜落、転落"
"1502","1995","平成","7","8","13~14","ユニック車のブームの先に取り付けられたカゴに乗り、事業場内の植木を剪定中、カゴを固定するボルトが破損し、落下した。","3","建設業","302","建築工事業","","","1~9","2","物上げ装置、運搬機械","21","動力クレーン等","","","1","墜落、転落"
"1503","1995","平成","7","8","17~18","高速道路のトンネル内で、センターラインを越えてきたトラックと正面衝突した。","4","運輸交通業","403","道路貨物運送業","","","10~29","2","物上げ装置、運搬機械","22","動力運搬機","","","17","交通事故（道路）"
"1504","1995","平成","7","8","22~23","3.5tトラックで国道を走行中、センターラインを越えてきた大型冷凍車と正面衝突した。","4","運輸交通業","403","道路貨物運送業","","","50~99","2","物上げ装置、運搬機械","22","動力運搬機","","","17","交通事故（道路）"
"1505","1995","平成","7","8","5~6","トラックで国道を走行中、前車の大型トラックが対向車と接触して回転し、被災者のトラックに激突した。","4","運輸交通業","403","道路貨物運送業","","","10~29","2","物上げ装置、運搬機械","22","動力運搬機","","","17","交通事故（道路）"
"1506","1995","平成","7","8","8~9","昇降盤で木材の小割り作業中、小割した材が定盤上で天秤状態になり、端が送りローラーに引っ掛かったため、それを外そうとしていたところ、材が鋸歯に当たって反発し、胸に突き刺さった。","1","製造業","104","木材・木製品製造業","","","1~9","1","動力機械","13","木材加工用機械","","","4","飛来、落下"
"1507","1995","平成","7","8","9~10","組立工場内において、天井クレーンで船舶タンクの内部構造材を運搬中、ワイヤロープがフックから外れ、荷が落下した。","1","製造業","115","輸送用機械等製造業","","","1000~9999","3","その他の装置等","37","用具","","","4","飛来、落下"
"1508","1995","平成","7","8","10~11","園内のコンクリート防護壁(高さ1.1m、幅13.5センチメートル)に上り、剪定バサミで藤棚の枝を切っていたところ、誤って墜落し、ハサミが首に突き刺さった。","12","教育・研究業","","","","","10~29","4","仮設物、建築物、構築物等","41","仮設物、建築物、構築物等","","","1","墜落、転落"
"1509","1995","平成","7","8","11~12","国道を走行中、対向車線をはみ出してきた対向車に衝突された。","8","商業","","","","","30~49","2","物上げ装置、運搬機械","23","乗物","","","17","交通事故（道路）"
"1510","1995","平成","7","8","13~14","国道を走行中、車線をはみ出し、対向車に衝突した。","3","建設業","302","建築工事業","","","1~9","2","物上げ装置、運搬機械","23","乗物","","","17","交通事故（道路）"
"1511","1995","平成","7","8","14~15","国道脇に作業車を停車し、その前方で道路の清掃作業中、走行してきたトラックが作業車に追突し、その衝撃で動いた作業車に激突された。","17","その他の事業","","","","","50~99","2","物上げ装置、運搬機械","22","動力運搬機","","","17","交通事故（道路）"
"1512","1995","平成","7","8","15~16","屋根上で古い塗装を剥がす作業中、地上に墜落した。","3","建設業","302","建築工事業","","","1~9","4","仮設物、建築物、構築物等","41","仮設物、建築物、構築物等","","","1","墜落、転落"
"1513","1995","平成","7","8","16~17","自社残土置場で整地作業中、残土に混ざったゴミを拾っていた被災者が、トラクター・ショベルに轢かれた。","3","建設業","301","土木工事業","","","10~29","1","動力機械","14","建設機械等","","","7","はさまれ、巻き込まれ"
"1514","1995","平成","7","8","20~21","ライトバンで帰社途中、カーブで対向車線にはみ出し、対向車と正面衝突した。","8","商業","","","","","1~9","2","物上げ装置、運搬機械","23","乗物","","","17","交通事故（道路）"
"1515","1995","平成","7","9","7~8","チェーンソーで伐採作業中、かかり木を処理するために伐倒した木が跳ね、被災者に激突した。","6","農林業","601","農業","","","1~9","7","環境等","71","環境等","","","6","激突され"
"1516","1995","平成","7","9","8~9","道路上にしゃがんで仮囲い作業のための荷卸し位置のマーキング作業中、後進してきたマイクロバスに轢かれた。","3","建設業","302","建築工事業","","","100~299","2","物上げ装置、運搬機械","23","乗物","","","6","激突され"
"1517","1995","平成","7","9","9~10","棚卸作業のため、工場外の材料入コンテナに出入りしていたところ、蜂に刺された。","1","製造業","108","化学工業","","","10~29","7","環境等","71","環境等","","","90","その他"
"1518","1995","平成","7","9","10~11","仮設の作業構台を組立中、鉄骨梁上で鉄柱と梁をボルトで仮締めしていたところ、鉄柱と梁が崩れ転落した。","3","建設業","302","建築工事業","","","1~9","4","仮設物、建築物、構築物等","41","仮設物、建築物、構築物等","","","5","崩壊、倒壊"
"1519","1995","平成","7","9","11~12","木造2階建の屋根の桁(高さ約6m)上で垂木に屋根板を取付中、墜落した。","3","建設業","302","建築工事業","","","1~9","4","仮設物、建築物、構築物等","41","仮設物、建築物、構築物等","","","1","墜落、転落"
"1520","1995","平成","7","9","11~12","乗用車で走行中、センターラインをはみ出し、対向してきた大型トラックと正面衝突した。","9","金融・広告業","","","","","30~49","2","物上げ装置、運搬機械","23","乗物","","","17","交通事故（道路）"
"1521","1995","平成","7","9","15~16","街路樹の剪定作業中、木の枝に固定した梯子を降りる途中、転落した。","6","農林業","602","林業","","","1~9","3","その他の装置等","37","用具","","","1","墜落、転落"
"1522","1995","平成","7","9","6~7","スレート屋根の一部を撤去中、スレートを積み込んだ高所作業車を約2m降下させたところ、作業車のブームが座屈し、作業台から転落した。","3","建設業","302","建築工事業","","","1~9","2","物上げ装置、運搬機械","22","動力運搬機","","","1","墜落、転落"
"1523","1995","平成","7","9","8~9","工場建設現場において、ミニユンボの燃料タンクにポリタンクの軽油を入れている途中、アーム方向に乗り出したところアームが落下し、アームと運転席の間に挟まれた。","3","建設業","302","建築工事業","","","10~29","1","動力機械","14","建設機械等","","","7","はさまれ、巻き込まれ"
"1524","1995","平成","7","9","12~13","5t冷凍車で走行中、トンネルの側壁に衝突した。","4","運輸交通業","403","道路貨物運送業","","","10~29","2","物上げ装置、運搬機械","22","動力運搬機","","","17","交通事故（道路）"
"1525","1995","平成","7","9","13~14","骨材貯蔵ビン内部を修理するため、振動フィーダーから中に入ったところ、貯蔵ビン内に残っていた骨材が崩壊した。","3","建設業","301","土木工事業","","","30~49","5","物質、材料","52","材料","","","5","崩壊、倒壊"
"1526","1995","平成","7","9","13~14","汚水槽内部で配管の穴の目張り作業中、意識不明で倒れ、溜まっていた水に顔が浸かり溺死した。","3","建設業","302","建築工事業","","","1~9","7","環境等","71","環境等","","","10","おぼれ"
"1527","1995","平成","7","9","14~15","プレス機械で鉄板に穴開け作業中、上型にセットしていたポンチ先端部(径1.2センチメートル、長さ2センチメートル)が折れ、胸に突き刺さった。","1","製造業","113","一般機械器具製造業","","","1~9","1","動力機械","16","一般動力機械","","","4","飛来、落下"
"1528","1995","平成","7","9","16~17","乗用タイプの草刈機に乗り作業中、後進した際にキャタピラが溝に落ち、転倒した草刈機の下敷きになった。","3","建設業","301","土木工事業","","","1~9","1","動力機械","14","建設機械等","","","7","はさまれ、巻き込まれ"
"1529","1995","平成","7","9","5~6","徒歩で新聞配達中、足を滑らせ転倒し、後頭部を強打した。","8","商業","","","","","10~29","9","その他","92","起因物なし","","","2","転倒"
"1530","1995","平成","7","9","9~10","ブル・ドーザーで砕石敷き作業中、ブル・ドーザーを停車させたところ、突然後進し始めたため転落し、クローラに飛び乗り停めようとしたが、クローラと排土板の間に挟まれた。","3","建設業","302","建築工事業","","","1~9","1","動力機械","14","建設機械等","","","7","はさまれ、巻き込まれ"
"1531","1995","平成","7","9","22~23","ビレットグラインダーでビレット(ステンレス円柱)を研削中、ビレットグラインダーと柱の間に挟まれた。","1","製造業","110","鉄鋼業","","","500~999","1","動力機械","16","一般動力機械","","","7","はさまれ、巻き込まれ"
"1532","1995","平成","7","9","7~8","工場内において、大型トラック荷台よりロール紙を卸す作業中、転がってきたロール紙が当たり荷台から転落した。","4","運輸交通業","403","道路貨物運送業","","","30~49","6","荷","61","荷","","","6","激突され"
"1533","1995","平成","7","9","8~9","4tトラックで工事現場へ向かう途中、橋の欄干に激突し、河川敷に転落した。","3","建設業","301","土木工事業","","","1~9","2","物上げ装置、運搬機械","22","動力運搬機","","","17","交通事故（道路）"
"1534","1995","平成","7","9","13~14","内壁材(90×180センチメートル、22.5キログラム)2枚を巻き上げ機で1階から2階へ荷揚げ中、吊り荷が落下した。","3","建設業","302","建築工事業","","","1~9","3","その他の装置等","37","用具","","","4","飛来、落下"
"1535","1995","平成","7","9","18~19","工場の保冷籍内に入り、パーライト(小麦粉状の断熱材)の吸引作業中、パーライトの中に体が沈み窒息死した。","3","建設業","303","その他の建設業","","","1~9","3","その他の装置等","39","その他の装置、設備","","","1","墜落、転落"
"1536","1995","平成","7","9","8~9","トラックで高速道路を走行中、渋滞で停車していたトラックに追突した。","3","建設業","302","建築工事業","","","10~29","2","物上げ装置、運搬機械","22","動力運搬機","","","17","交通事故（道路）"
"1537","1995","平成","7","9","10~11","得意先から帰社途中、高速道路で工事渋滞のため停車していたトレーラーに追突した。","4","運輸交通業","403","道路貨物運送業","","","10~29","2","物上げ装置、運搬機械","22","動力運搬機","","","17","交通事故（道路）"
"1538","1995","平成","7","9","10~11","下屋根上において、野地仕舞をしていたところ、足を滑らせ1階コンクリート土間に墜落した。","3","建設業","302","建築工事業","","","1~9","4","仮設物、建築物、構築物等","41","仮設物、建築物、構築物等","","","1","墜落、転落"
"1539","1995","平成","7","9","12~13","ジャンボによる切羽掘削作業中、2連のドリフターが水漏れを起こしたためシャンクロットとパッキンを取り替え、ボルトを締めていたところ、かがみが崩壊した。","3","建設業","301","土木工事業","","","50~99","7","環境等","71","環境等","","","5","崩壊、倒壊"
"1540","1995","平成","7","9","13~14","生コンクリート工場において、スパイラル分級機(芯に羽根が螺旋状に取り付けられ、汚水から砂利を取り除く)の芯の上に乗り点検中、突然動き出した羽根に巻き込まれた。","17","その他の事業","","","","","1~9","1","動力機械","16","一般動力機械","","","7","はさまれ、巻き込まれ"
"1541","1995","平成","7","9","14~15","工事現場の道路端に停車させておいた10tダンプカーが道路の陥没により傾き、近くにいた被災者が、ダンプカーとU字溝の間に挟まれた。","3","建設業","301","土木工事業","","","10~29","7","環境等","71","環境等","","","7","はさまれ、巻き込まれ"
"1542","1995","平成","7","9","14~15","街路樹を剪定中、5.9m下の地上に墜落した。","3","建設業","301","土木工事業","","","10~29","7","環境等","71","環境等","","","1","墜落、転落"
"1543","1995","平成","7","9","14~15","木造住宅の屋根瓦を葺き替え中、足を滑らせ約5.3m下の地上に墜落した。","3","建設業","302","建築工事業","","","10~29","4","仮設物、建築物、構築物等","41","仮設物、建築物、構築物等","","","1","墜落、転落"
"1544","1995","平成","7","9","23~24","3tトラックで国道を走行中、信号待ちをしていた10t保冷車に追突した。","4","運輸交通業","403","道路貨物運送業","","","30~49","2","物上げ装置、運搬機械","22","動力運搬機","","","17","交通事故（道路）"
"1545","1995","平成","7","9","4~5","トラックで高速道路を走行中、トレーラーに追突し、更に別のトラックに追突された。","4","運輸交通業","403","道路貨物運送業","","","100~299","2","物上げ装置、運搬機械","22","動力運搬機","","","17","交通事故（道路）"
"1546","1995","平成","7","9","7~8","2.5tトラックで国道を走行中、大型トラックと出会い頭に衝突した。","4","運輸交通業","403","道路貨物運送業","","","50~99","2","物上げ装置、運搬機械","22","動力運搬機","","","17","交通事故（道路）"
"1547","1995","平成","7","9","10~11","帰社途中、信号待ち中のダンプカーに追突した。","4","運輸交通業","403","道路貨物運送業","","","10~29","2","物上げ装置、運搬機械","22","動力運搬機","","","17","交通事故（道路）"
"1548","1995","平成","7","9","11~12","電柱間に光通信用ケーブルを架け渡す作業中、電柱から約6.5m下の舗装道路に墜落した。","3","建設業","303","その他の建設業","","","10~29","4","仮設物、建築物、構築物等","41","仮設物、建築物、構築物等","","","1","墜落、転落"
"1549","1995","平成","7","9","11~12","商品センターにおいて、簡易リフト(積載荷重200キログラム)を使って入庫作業中、荷と共に2階へ移動していたところ、荷が崩れ、荷と搬器の間に挟まれた。","8","商業","","","","","50~99","2","物上げ装置、運搬機械","21","動力クレーン等","","","7","はさまれ、巻き込まれ"
"1550","1995","平成","7","9","11~12","6階建マンション建築現場において枠組足場を解体中、8段目の足場上から墜落した。","3","建設業","302","建築工事業","","","1~9","4","仮設物、建築物、構築物等","41","仮設物、建築物、構築物等","","","1","墜落、転落"
"1551","1995","平成","7","9","12~13","タグボート受取のため造船所へ出張中、ジブクレーンでタグボートを吊り上げたところ、ジブ先端が切折し、近くにいた被災者に激突した。","3","建設業","301","土木工事業","","","100~299","2","物上げ装置、運搬機械","21","動力クレーン等","","","4","飛来、落下"
"1552","1995","平成","7","9","14~15","建設現場で交通整理作業中、後進してきた不整地運搬車に轢かれた。","3","建設業","301","土木工事業","","","10~29","1","動力機械","14","建設機械等","","","7","はさまれ、巻き込まれ"
"1553","1995","平成","7","9","4~5","高速道路を走行中、インターチェンジ付近で本線に進入しようとしたトラックに衝突された。","4","運輸交通業","403","道路貨物運送業","","","10~29","2","物上げ装置、運搬機械","22","動力運搬機","","","17","交通事故（道路）"
"1554","1995","平成","7","9","10~11","地山崩壊した箇所に落石防止用ネットを設置中、高さ約20m、幅約10mに渡って地山が崩壊した。","3","建設業","301","土木工事業","","","30~49","7","環境等","71","環境等","","","5","崩壊、倒壊"
"1555","1995","平成","7","9","11~12","吊り足場の安全ネットを取付中、高さ6~7mの吊り足場上から墜落した。","3","建設業","301","土木工事業","","","10~29","4","仮設物、建築物、構築物等","41","仮設物、建築物、構築物等","","","1","墜落、転落"
"1556","1995","平成","7","9","11~12","自社の木材加工場において、木造家屋工事現場より回収してきた残材を携帯用丸鋸盤で切断中、丸鋸が跳ねて右大腿部に当たった。","3","建設業","302","建築工事業","","","1~9","1","動力機械","13","木材加工用機械","","","8","切れ、こすれ"
"1557","1995","平成","7","9","14~15","自動搬送機の調子を見るため囲ってある扉を開けて覗き込んだところ、昇降機とカウンターウエイトの間に頭部を挟まれた。","1","製造業","109","窯業土石製品製造業","","","100~299","1","動力機械","16","一般動力機械","","","7","はさまれ、巻き込まれ"
"1558","1995","平成","7","9","14~15","鉄骨造ボーリング場建築現場において、組み上がった鉄骨の最上部で屋根板を敷く作業中、開口部に敷板をするため後ずさりしたところ、足を滑らせ墜落した。","3","建設業","302","建築工事業","","","10~29","4","仮設物、建築物、構築物等","41","仮設物、建築物、構築物等","","","1","墜落、転落"
"1559","1995","平成","7","9","15~16","工場内において、フォークリフトでトラックに石膏ボードを積み込む作業中、フォークリフトの爪から荷が滑り落ち、トラック脇にいた被災者に当たった。","4","運輸交通業","403","道路貨物運送業","","","1~9","6","荷","61","荷","","","4","飛来、落下"
"1560","1995","平成","7","9","23~24","路上で客と口論になり、刃物で刺された。","4","運輸交通業","402","道路旅客運送業","","","300~499","9","その他","99","分類不能","","","90","その他"
"1561","1995","平成","7","9","1~2","4tトラックで国道を走行中、信号停止中の10tトラックに追突した。","4","運輸交通業","403","道路貨物運送業","","","10~29","2","物上げ装置、運搬機械","22","動力運搬機","","","17","交通事故（道路）"
"1562","1995","平成","7","9","4~5","サラダミキサー内部を掃除中、突然始動したミキサーに上半身を巻き込まれた。","1","製造業","101","食料品製造業","","","50~99","1","動力機械","16","一般動力機械","","","7","はさまれ、巻き込まれ"
"1563","1995","平成","7","9","8~9","構内道路を横断中、4tトラックに跳ねられた。","1","製造業","115","輸送用機械等製造業","","","500~999","2","物上げ装置、運搬機械","22","動力運搬機","","","6","激突され"
"1564","1995","平成","7","9","11~12","アンローダーの散水ポンプ設置用張出しデッキ上において、デッキを支えている片持ち梁3本の内の1本をガス溶断後、梯子で地上に降りる途中、デッキが落下し、その下敷きになった。","3","建設業","303","その他の建設業","","","1~9","4","仮設物、建築物、構築物等","41","仮設物、建築物、構築物等","","","4","飛来、落下"
"1565","1995","平成","7","9","11~12","炊飯工場内において、バット入り炊飯米垂直搬送設備を点検中、搬器(約200キログラム)を約1m上げた所で停止させ、その下に入ってチェーンを外していたところ、搬器が自重で落下してきた。","1","製造業","101","食料品製造業","","","300~499","2","物上げ装置、運搬機械","22","動力運搬機","","","4","飛来、落下"
"1566","1995","平成","7","9","11~12","機械集材装置で集材中、荷掛け場の被災者が倒れていた。","6","農林業","601","農業","","","1~9","2","物上げ装置、運搬機械","21","動力クレーン等","","","6","激突され"
"1567","1995","平成","7","9","14~15","建築現場において、後進してきたミキサー車に轢かれた。","3","建設業","302","建築工事業","","","1~9","2","物上げ装置、運搬機械","22","動力運搬機","","","6","激突され"
"1568","1995","平成","7","9","18~19","修理したオートバイを県道で試乗中、転倒した。","1","製造業","117","その他の製造業","","","1~9","2","物上げ装置、運搬機械","23","乗物","","","17","交通事故（道路）"
"1569","1995","平成","7","9","19~20","トラックで走行中、停車していたトラックに追突した。","3","建設業","303","その他の建設業","","","10~29","2","物上げ装置、運搬機械","22","動力運搬機","","","17","交通事故（道路）"
"1570","1995","平成","7","9","9~10","小型タンクローリーで軽油を配達中、路肩から約3m下の川に転落した。","8","商業","","","","","10~29","2","物上げ装置、運搬機械","22","動力運搬機","","","17","交通事故（道路）"
"1571","1995","平成","7","9","10~11","工場屋上において配電作業の準備中、スレート屋根(高さ6m)を踏み抜き墜落した。","3","建設業","303","その他の建設業","","","1~9","4","仮設物、建築物、構築物等","41","仮設物、建築物、構築物等","","","1","墜落、転落"
"1572","1995","平成","7","9","12~13","建築用シートの荷受けを終え帰社途中、道路端に停車中の4tトラックに追突した。","4","運輸交通業","403","道路貨物運送業","","","1~9","2","物上げ装置、運搬機械","22","動力運搬機","","","17","交通事故（道路）"
"1573","1995","平成","7","9","14~15","トラックで県道を走行中、センターラインをはみ出し、対向してきたトラックと正面衝突した。","4","運輸交通業","403","道路貨物運送業","","","100~299","2","物上げ装置、運搬機械","22","動力運搬機","","","17","交通事故（道路）"
"1574","1995","平成","7","9","18~19","店先に展示していたベルトコンベヤー(長さ6m、キャスター付)を店内に入れるため道路端で作業中、走行してきた乗用車がベルトコンベヤーに激突した。","8","商業","","","","","1~9","2","物上げ装置、運搬機械","23","乗物","","","17","交通事故（道路）"
"1575","1995","平成","7","9","10~11","工事関連の土砂運搬船(650t)のタンク(船の浮力を高めるために空気を密閉したもの、幅約2m、深さ約4m)内で、被災者が倒れていた(酸欠症)。","3","建設業","301","土木工事業","","","1~9","7","環境等","71","環境等","","","12","有害物等との接触"
"1576","1995","平成","7","9","10~11","遊園地のバンジージャンプ台から飛び降りるのをためらっている客に、安心して飛び降りるよう促したところ、被災者が客に身体をつかまれ、ジャンプ台から墜落した。","14","接客娯楽業","","","","","10~29","4","仮設物、建築物、構築物等","41","仮設物、建築物、構築物等","","","1","墜落、転落"
"1577","1995","平成","7","9","13~14","伐倒木をチェーンソーで仮払い中、大腿部にチェーンソーが当たった。","6","農林業","601","農業","","","1~9","1","動力機械","13","木材加工用機械","","","8","切れ、こすれ"
"1578","1995","平成","7","9","9~10","鋳造作業を行うブイプロラインにおいて、ハッカーを取り外していたところ、移動してきた吸引装置と鋳型の間に頭部を挟まれた。","1","製造業","110","鉄鋼業","","","100~299","1","動力機械","16","一般動力機械","","","7","はさまれ、巻き込まれ"
"1579","1995","平成","7","9","9~10","仮設ウインチにより作業床(地上約25m)へ荷揚げ中、搬器に入れた単管が作業床の布に引っ掛かり、その状態のままウインチを巻いたため煙突最上部に滑車を固定していた単管が落下し、作業床上の被災者を直撃した。","3","建設業","302","建築工事業","","","1~9","3","その他の装置等","37","用具","","","4","飛来、落下"
"1580","1995","平成","7","9","9~10","地上15mの所で枝打ち作業中、枝打ちした枝が安全帯を掛けた枝に当たったため枝が折れ、地上に墜落した。","6","農林業","601","農業","","","1~9","7","環境等","71","環境等","","","1","墜落、転落"
"1581","1995","平成","7","9","10~11","コンテナ内の荷(250キログラム)を卸していたところ、3段重ねになった荷の最上段が崩れてきた。","5","貨物取扱業","502","港湾運送業","","","1~9","6","荷","61","荷","","","4","飛来、落下"
"1582","1995","平成","7","9","11~12","ダンプカーで走行中、丁字路でライトバンに衝突され、川に転落した。","3","建設業","301","土木工事業","","","50~99","2","物上げ装置、運搬機械","22","動力運搬機","","","17","交通事故（道路）"
"1583","1995","平成","7","9","13~14","タンクのフランジ取替作業のためタンク内に入ったところ、残留していた有機溶剤により中毒を起こした。","15","清掃・と畜業","","","","","10~29","5","物質、材料","51","危険物、有害物等","","","12","有害物等との接触"
"1584","1995","平成","7","9","13~14","土木研究所内において、実験棟の電源ケーブルを高圧受電盤の下に通す作業中、受電盤の充電部(6600V)に接触した。","3","建設業","303","その他の建設業","","","10~29","3","その他の装置等","35","電気設備","","","13","感電"
"1585","1995","平成","7","9","14~15","機械集材装置で伐出中、材が他の伐倒木に引っ掛かったため玉掛ワイヤと台付ワイヤが切れ、ホールバックラインの内側にいた被災者が、ワイヤに跳ね飛ばされた。","6","農林業","601","農業","","","30~49","2","物上げ装置、運搬機械","21","動力クレーン等","","","6","激突され"
"1586","1995","平成","7","9","15~16","ブレーカーで法面(勾配75度)の浮石を取り除く作業中、法面上方(10.5m)に登ったところ、足を滑らせ墜落した。","3","建設業","301","土木工事業","","","10~29","7","環境等","71","環境等","","","1","墜落、転落"
"1587","1995","平成","7","9","17~18","仮設道路設置のためバックホウで作業中、谷に転落した。","3","建設業","301","土木工事業","","","1~9","1","動力機械","14","建設機械等","","","1","墜落、転落"
"1588","1995","平成","7","9","18~19","廃材の片付け作業中、2.7tフォークリフトで4段積みのカゴ(750キログラム)を移動させようとしたところ、荷が崩れ、近くにいた被災者がその下敷きになった。","1","製造業","108","化学工業","","","30~49","6","荷","61","荷","","","5","崩壊、倒壊"
"1589","1995","平成","7","9","20~21","トラックで集金先に向かう途中、踏切で列車と衝突した。","8","商業","","","","","1~9","2","物上げ装置、運搬機械","22","動力運搬機","","","17","交通事故（道路）"
"1590","1995","平成","7","9","23~24","2tトラックで国道を走行中、センターラインをはみ出し、対向してきた10tトラックと衝突した。","1","製造業","103","衣服その他の繊維製品製造業","","","30~49","2","物上げ装置、運搬機械","22","動力運搬機","","","17","交通事故（道路）"
"1591","1995","平成","7","9","6~7","スレート屋根上でチップの送給機械を点検中、スレートを踏み抜き墜落した。","1","製造業","104","木材・木製品製造業","","","1~9","4","仮設物、建築物、構築物等","41","仮設物、建築物、構築物等","","","1","墜落、転落"
"1592","1995","平成","7","9","7~8","網船(19.6t)の船上において、Vローラーで網を巻き上げていたところ、Vローラーに巻き込まれた。","7","畜産・水産業","","","","","30~49","1","動力機械","16","一般動力機械","","","7","はさまれ、巻き込まれ"
"1593","1995","平成","7","9","9~10","立坑構築現場において、枠組足場を移動するため建枠を連結している足場板を撤去する際、高さ6.1mの足場上から墜落した。","3","建設業","301","土木工事業","","","50~99","4","仮設物、建築物、構築物等","41","仮設物、建築物、構築物等","","","1","墜落、転落"
"1594","1995","平成","7","9","15~16","徒歩で顧客先に向かう途中、ワゴン車にはねられた。","17","その他の事業","","","","","300~499","2","物上げ装置、運搬機械","23","乗物","","","17","交通事故（道路）"
"1595","1995","平成","7","9","15~16","グラップル付ドラグ・ショベルで伐倒木の元口を吊り上げ、末口を引きずりながら後進旋回したところ、斜面の段差で末口が落下し、被災者に激突した。","6","農林業","601","農業","","","1~9","2","物上げ装置、運搬機械","22","動力運搬機","","","6","激突され"
"1596","1995","平成","7","9","17~18","岸壁において、トラッククレーンで貨物船の荷を降ろす作業中、陸上で補助をしていた被災者に吊り荷が落下した。","5","貨物取扱業","502","港湾運送業","","","50~99","2","物上げ装置、運搬機械","21","動力クレーン等","","","4","飛来、落下"
"1597","1995","平成","7","9","23~24","トレーラーで走行中、縁石を越えて自動販売機等に衝突した。","4","運輸交通業","403","道路貨物運送業","","","30~49","2","物上げ装置、運搬機械","22","動力運搬機","","","17","交通事故（道路）"
"1598","1995","平成","7","9","3~4","鉄道の変電所の電圧検出器を取り替え、電圧を確認していたところ、充電路(1500V)に接触した。","17","その他の事業","","","","","1000~9999","3","その他の装置等","35","電気設備","","","13","感電"
"1599","1995","平成","7","9","9~10","天井クレーンで鋼材を運搬中、クレーンのクランプが積み上げられていた鋼材に引っ掛かり、崩れた鋼材の下敷きになった。","1","製造業","112","金属製品製造業","","","1~9","2","物上げ装置、運搬機械","21","動力クレーン等","","","5","崩壊、倒壊"
"1600","1995","平成","7","9","9~10","盤台において、運材索道で搬出する荷を作る作業中、えい索に引っぱり出され、山中に墜落した。","6","農林業","601","農業","","","1~9","2","物上げ装置、運搬機械","21","動力クレーン等","","","1","墜落、転落"
"1601","1995","平成","7","9","10~11","倉庫2階スラブの解体作業中、切り離したスラブを下に降ろす段取りをしていたところ、そのスラブ(梁に掛かっているだけの状態)に乗ったためスラブが傾き、墜落した。","3","建設業","302","建築工事業","","","1~9","4","仮設物、建築物、構築物等","41","仮設物、建築物、構築物等","","","1","墜落、転落"
"1602","1995","平成","7","9","10~11","トラックで国道を走行中、センターラインを越えてきた11tトラックと正面衝突した。","3","建設業","301","土木工事業","","","30~49","2","物上げ装置、運搬機械","22","動力運搬機","","","17","交通事故（道路）"
"1603","1995","平成","7","9","11~12","斜面(勾配約45度)上を移動中、枝払いした伐倒木(径46センチメートル、長さ14.5m)が上部より転がり落ちてきた。","6","農林業","601","農業","","","1~9","7","環境等","71","環境等","","","6","激突され"
"1604","1995","平成","7","9","14~15","ドラグ・ショベルで配水管を吊り上げ、河川敷内の仮設道を走行中、川に転倒した。","3","建設業","301","土木工事業","","","100~299","1","動力機械","14","建設機械等","","","10","おぼれ"
"1605","1995","平成","7","9","14~15","鋼材を仮止めする作業中、抱き足場(高さ10.4m)上から墜落した。","3","建設業","302","建築工事業","","","10~29","4","仮設物、建築物、構築物等","41","仮設物、建築物、構築物等","","","1","墜落、転落"
"1606","1995","平成","7","9","14~15","鶏舎の修理作業中、スズメバチに刺された。","7","畜産・水産業","","","","","10~29","7","環境等","71","環境等","","","90","その他"
"1607","1995","平成","7","9","15~16","道路上に停車していたドラグ・ショベルを同僚が動かしたところ、近くを歩行中の被災者を轢いた。","3","建設業","301","土木工事業","","","1~9","1","動力機械","14","建設機械等","","","7","はさまれ、巻き込まれ"
"1608","1995","平成","7","9","15~16","荷を配送中、交差点で右折しようとしているトラックの積荷の鋼材が長いため、左側に避けようとしたが避けきれず、鋼材に衝突した。","8","商業","","","","","50~99","2","物上げ装置、運搬機械","22","動力運搬機","","","17","交通事故（道路）"
"1609","1995","平成","7","9","15~16","軽ワゴン車で帰社途中、赤信号で停車中のトラックに追突した。","3","建設業","302","建築工事業","","","1~9","2","物上げ装置、運搬機械","23","乗物","","","17","交通事故（道路）"
"1610","1995","平成","7","9","15~16","車で走行中、交差点で10tトラックが右折した際、その荷台からはみ出した鋼材に衝突した。","8","商業","","","","","1~9","2","物上げ装置、運搬機械","22","動力運搬機","","","17","交通事故（道路）"
"1611","1995","平成","7","9","1~2","鉄橋間に仮設作業床を敷いて枕木交換工事中、作業床端より6m下の川に墜落した。","3","建設業","301","土木工事業","","","10~29","4","仮設物、建築物、構築物等","41","仮設物、建築物、構築物等","","","1","墜落、転落"
"1612","1995","平成","7","9","9~10","フォークリフトで2tトラックに鋼材を積み込み中、トラック荷台上で荷受けをしていた被災者が、崩れた鋼材と共に道路上に転落した。","8","商業","","","","","30~49","2","物上げ装置、運搬機械","22","動力運搬機","","","1","墜落、転落"
"1613","1995","平成","7","9","11~12","枠組足場の7段目と8段目の階段を取付中、開口部より墜落した。","3","建設業","302","建築工事業","","","1~9","4","仮設物、建築物、構築物等","41","仮設物、建築物、構築物等","","","1","墜落、転落"
"1614","1995","平成","7","9","13~14","プラットホーム上において、肩に荷(20キログラム)を担いでいた被災者が、ビニール紐に足を引っ掛けてつまづき、1m下の地面に墜落した。","5","貨物取扱業","501","陸上貨物取扱業","","","50~99","4","仮設物、建築物、構築物等","41","仮設物、建築物、構築物等","","","1","墜落、転落"
"1615","1995","平成","7","9","15~16","新商品発表会の行われる会場ビルに入ったところ、誤って地下への階段を踏み外し、約2m下の踊り場まで転落した。","1","製造業","114","電気機械器具製造業","","","100~299","4","仮設物、建築物、構築物等","41","仮設物、建築物、構築物等","","","1","墜落、転落"
"1616","1995","平成","7","9","16~17","外壁の塗装を終え、マスキングシートを取り外す作業中、足場4層目から墜落した。","3","建設業","302","建築工事業","","","1~9","4","仮設物、建築物、構築物等","41","仮設物、建築物、構築物等","","","1","墜落、転落"
"1617","1995","平成","7","9","16~17","ブロック積擁壁作業を終え、マイクロバスに向かう途中、後進してきた2tダンプカーに跳ねられた。","3","建設業","301","土木工事業","","","1~9","2","物上げ装置、運搬機械","22","動力運搬機","","","6","激突され"
"1618","1995","平成","7","9","22~23","大型トラックで国道を走行中、前車を追い越そうとして対向車線にはみ出し、走行してきた大型トラックと正面衝突した。","4","運輸交通業","403","道路貨物運送業","","","30~49","2","物上げ装置、運搬機械","22","動力運搬機","","","17","交通事故（道路）"
"1619","1995","平成","7","9","9~10","2tフォークリフトでプラスチック窓枠材(約2.4t)を運搬中、段差でフォークリフトが前倒しになり、運転席下部のバッテリーが前方に倒れたため、バッテリーとハンドルの間に挟まれた。","1","製造業","108","化学工業","","","100~299","2","物上げ装置、運搬機械","22","動力運搬機","","","6","激突され"
"1620","1995","平成","7","9","10~11","パチンコ店の2階屋根鉄骨に屋根材を取付中、4m下の2階床に墜落した。","3","建設業","302","建築工事業","","","1~9","4","仮設物、建築物、構築物等","41","仮設物、建築物、構築物等","","","1","墜落、転落"
"1621","1995","平成","7","9","22~23","駐車場に向かう途中、横断歩道で車にはねられた。","17","その他の事業","","","","","300~499","2","物上げ装置、運搬機械","23","乗物","","","17","交通事故（道路）"
"1622","1995","平成","7","9","6~7","建設現場の仮事務所で事務打ち合わせを終え、徒歩で作業(警備)現場へ向かう途中、国道を横断していたところ、ライトバンにはねられた。","17","その他の事業","","","","","10~29","2","物上げ装置、運搬機械","23","乗物","","","17","交通事故（道路）"
"1623","1995","平成","7","9","8~9","保冷車で配送中、交差点で右折待ちをしていたところ、対向してきたダンプカーがセンターラインをはみ出し、正面衝突した。","8","商業","","","","","30~49","2","物上げ装置、運搬機械","22","動力運搬機","","","17","交通事故（道路）"
"1624","1995","平成","7","9","9~10","飼料をタンクローリーから配管で圧送中、詰まりが生じたためタンクローリーのタンク上部に昇り、マンホールの蓋を開けて様子を見ていたところ、転落した。","4","運輸交通業","403","道路貨物運送業","","","100~299","2","物上げ装置、運搬機械","22","動力運搬機","","","1","墜落、転落"
"1625","1995","平成","7","9","10~11","堤体の嵩上げ工事のためのコンクリート打設中、型枠が壊れ、型枠の押さえに使っていた鋼材に挟まれた。","3","建設業","301","土木工事業","","","30~49","4","仮設物、建築物、構築物等","41","仮設物、建築物、構築物等","","","7","はさまれ、巻き込まれ"
"1626","1995","平成","7","9","13~14","配達先で商品(タオル)を運搬中、階段から転落した。","8","商業","","","","","1~9","4","仮設物、建築物、構築物等","41","仮設物、建築物、構築物等","","","1","墜落、転落"
"1627","1995","平成","7","9","15~16","市道交差点で信号待ち中、被災者が運転していたライトバンの屋根に、右折してきた大型トラックの荷台から鉄製コンクリート杭打ち円筒形やぐら(径1.2m、長さ12m、7t)が落ちてきた。","3","建設業","303","その他の建設業","","","1~9","6","荷","61","荷","","","17","交通事故（道路）"
"1628","1995","平成","7","9","22~23","非破壊検査を終え乗用車で走行中、コンクリート側壁に衝突した。","17","その他の事業","","","","","10~29","2","物上げ装置、運搬機械","23","乗物","","","17","交通事故（道路）"
"1629","1995","平成","7","9","9~10","4tダンプカーで農道を走行中、約3m下の田圃に転落した。","3","建設業","301","土木工事業","","","1~9","2","物上げ装置、運搬機械","22","動力運搬機","","","17","交通事故（道路）"
"1630","1995","平成","7","9","9~10","2tフォークリフトで廃材をトラックに積込中、リフトのマストに廃材が絡んだため、バケットの下に入り廃材を取り除いていたところ、バケットが不意に下降した。","15","清掃・と畜業","","","","","1~9","2","物上げ装置、運搬機械","22","動力運搬機","","","4","飛来、落下"
"1631","1995","平成","7","9","10~11","台輪を足場にして2階差しを取付中、バランスを崩し、梁上から3.5m下の地面に墜落した。","3","建設業","302","建築工事業","","","不明","4","仮設物、建築物、構築物等","41","仮設物、建築物、構築物等","","","1","墜落、転落"
"1632","1995","平成","7","9","11~12","高速定期バスで高速道路を走行中、車線変更の際にスリップし、遮音壁に激突した。","4","運輸交通業","402","道路旅客運送業","","","50~99","2","物上げ装置、運搬機械","23","乗物","","","17","交通事故（道路）"
"1633","1995","平成","7","9","16~17","法面を切るため、法下に溜まった残土の上(勾配約40度)にドラグ・ショベルを移動させたところ、バランスを崩し横転した。","3","建設業","301","土木工事業","","","10~29","1","動力機械","14","建設機械等","","","1","墜落、転落"
"1634","1995","平成","7","9","16~17","フォークリフトのパレットを約2m上げ、エンジンを掛けたままパレット上で倉庫のシャッターを補修し、降りる際、マストの操作レバーに触れ、マストとヘッドガードの間に頭部が挟まった。","1","製造業","108","化学工業","","","50~99","2","物上げ装置、運搬機械","22","動力運搬機","","","7","はさまれ、巻き込まれ"
"1635","1995","平成","7","9","20~21","当日の売上を銀行の夜間金庫に運搬中、強盗にピストルで射殺された。","8","商業","","","","","1~9","9","その他","99","分類不能","","","99","分類不能"
"1636","1995","平成","7","9","5~6","原付バイクで新聞配達中、信号のない交差点で乗用車と出会い頭に衝突した。","8","商業","","","","","10~29","2","物上げ装置、運搬機械","23","乗物","","","17","交通事故（道路）"
"1637","1995","平成","7","9","8~9","小型移動式クレーンで鉄板(800キログラム)を当該クレーンの荷台に積み込む作業中、クレーンが横転し、クレーンと橋の欄干の間に挟まれた。","3","建設業","301","土木工事業","","","30~49","2","物上げ装置、運搬機械","21","動力クレーン等","","","7","はさまれ、巻き込まれ"
"1638","1995","平成","7","9","不明","木造住宅3階開口部の作業床上に脚立を置き、その上で回り縁(壁と天井の境に細長い板を取り付ける)作業中、バランスを崩し1階床に墜落した。","3","建設業","302","建築工事業","","","1~9","3","その他の装置等","37","用具","","","1","墜落、転落"
"1639","1995","平成","7","9","6~7","トラックで国道を走行中、中央分離帯を越えてきた大型トラックと衝突した。","4","運輸交通業","403","道路貨物運送業","","","10~29","2","物上げ装置、運搬機械","22","動力運搬機","","","17","交通事故（道路）"
"1640","1995","平成","7","9","6~7","4tダンプカーで走行中、交差点でダンプカーに衝突した。","3","建設業","301","土木工事業","","","10~29","2","物上げ装置、運搬機械","22","動力運搬機","","","17","交通事故（道路）"
"1641","1995","平成","7","9","7~8","4tダンプカーで走行中、交差点でダンプカーに衝突した。","3","建設業","301","土木工事業","","","10~29","2","物上げ装置、運搬機械","22","動力運搬機","","","17","交通事故（道路）"
"1642","1995","平成","7","9","9~10","道路改良工事現場において、落石防止用防護柵を撤去するためH型鋼と矢板を仮止めしていた溶接部を溶断中、矢板頂部(高さ1.6m)から既設道路上に墜落した。","3","建設業","301","土木工事業","","","1~9","4","仮設物、建築物、構築物等","41","仮設物、建築物、構築物等","","","1","墜落、転落"
"1643","1995","平成","7","9","10~11","国道の歩道舗装工事現場で誘導作業中、走行してきた大型トラックにはねられた。","17","その他の事業","","","","","10~29","2","物上げ装置、運搬機械","22","動力運搬機","","","17","交通事故（道路）"
"1644","1995","平成","7","9","11~12","建屋入口において、砂利選別機のネット(650キログラム)を保管のため立て掛けていたところ、以前から保管されていたネットとの間に挟まれた。","2","鉱業","202","土石採取業","","","10~29","3","その他の装置等","37","用具","","","5","崩壊、倒壊"
"1645","1995","平成","7","9","12~13","国道を走行中、大型保冷車に追突した。","4","運輸交通業","403","道路貨物運送業","","","1~9","2","物上げ装置、運搬機械","22","動力運搬機","","","17","交通事故（道路）"
"1646","1995","平成","7","9","13~14","ライトバンで国道を走行中、運転を誤りガードレールに激突した。","1","製造業","107","印刷・製本業","","","50~99","2","物上げ装置、運搬機械","23","乗物","","","17","交通事故（道路）"
"1647","1995","平成","7","9","15~16","農作業補助員として稲刈り中、後進してきたコンバインの下敷きになった。","6","農林業","602","林業","","","100~299","1","動力機械","16","一般動力機械","","","7","はさまれ、巻き込まれ"
"1648","1995","平成","7","9","16~17","現場斜面上において、重機で鉄板を吊っていたところ、重機が横倒しになった。","3","建設業","301","土木工事業","","","1~9","1","動力機械","14","建設機械等","","","2","転倒"
"1649","1995","平成","7","9","8~9","立て掛けてある合板の6束目を取り出すため、5束を手前に傾けて支えていたところ、合板が倒れ、床との間に挟まれた。","8","商業","","","","","1~9","6","荷","61","荷","","","5","崩壊、倒壊"
"1650","1995","平成","7","9","9~10","フォークリフトで農道を走行中、田圃に転落した。","1","製造業","109","窯業土石製品製造業","","","1~9","2","物上げ装置、運搬機械","22","動力運搬機","","","1","墜落、転落"
"1651","1995","平成","7","9","9~10","鉄骨梁上(高さ3m)の仮設足場において圧接作業中、足を滑らせ墜落した。","3","建設業","301","土木工事業","","","1~9","4","仮設物、建築物、構築物等","41","仮設物、建築物、構築物等","","","1","墜落、転落"
"1652","1995","平成","7","9","10~11","農道改良工事のための伐倒作業中、片付け作業をしていた被災者が、伐倒木(胸高直径約33センチメートル)に激突された。","3","建設業","301","土木工事業","","","1~9","7","環境等","71","環境等","","","6","激突され"
"1653","1995","平成","7","9","11~12","バイクで郵便配達中、電柱の支柱立替工事現場に通りかかり、道路上1.3mの所に垂れ下がっていたワイヤロープに首を引っかけ転倒した。","11","通信業","","","","","10~29","3","その他の装置等","35","電気設備","","","3","激突"
"1654","1995","平成","7","9","14~15","採石現場において、傾斜地上の10tトラックがブレーキ故障のため約60m暴走し、逃げ遅れた被災者に激突した。","2","鉱業","202","土石採取業","","","50~99","2","物上げ装置、運搬機械","22","動力運搬機","","","6","激突され"
"1655","1995","平成","7","9","14~15","貨物集荷場プラットホームにおいて、フォークリフトでパレットを運搬中、プラットホーム端より1.3m下のコンクリート面に転落した。","4","運輸交通業","403","道路貨物運送業","","","50~99","2","物上げ装置、運搬機械","22","動力運搬機","","","1","墜落、転落"
"1656","1995","平成","7","9","15~16","伸線機で伸線作業中、巻取ドラムに巻き込まれた。","1","製造業","110","鉄鋼業","","","10~29","1","動力機械","16","一般動力機械","","","7","はさまれ、巻き込まれ"
"1657","1995","平成","7","9","21~22","2tトラックで帰社途中、駐車中の大型保冷車に追突した。","4","運輸交通業","403","道路貨物運送業","","","1~9","2","物上げ装置、運搬機械","22","動力運搬機","","","17","交通事故（道路）"
"1658","1995","平成","7","9","21~22","2tトラックで帰社途中、駐車中の大型保冷車に追突した。","4","運輸交通業","403","道路貨物運送業","","","1~9","2","物上げ装置、運搬機械","22","動力運搬機","","","17","交通事故（道路）"
"1659","1995","平成","7","9","0~1","国道を走行中、カーブでセンターラインをはみ出し、対向してきた普通トラックに衝突した。","4","運輸交通業","403","道路貨物運送業","","","30~49","2","物上げ装置、運搬機械","22","動力運搬機","","","17","交通事故（道路）"
"1660","1995","平成","7","9","8~9","水力発電所において、トランスのラジエーターの取替準備中、充電部(6万V)に接触した。","17","その他の事業","","","","","50~99","3","その他の装置等","35","電気設備","","","13","感電"
"1661","1995","平成","7","9","9~10","ドラグ・ショベルのバケットのフックに台付ワイヤロープを掛けて石(約1.5t)を吊り上げ、所定箇所に置こうとしたところ、ワイヤロープが切断し、置場所を調整していた被災者が石の下敷きになった。","3","建設業","301","土木工事業","","","1~9","3","その他の装置等","37","用具","","","4","飛来、落下"
"1662","1995","平成","7","9","11~12","山林内で下草刈作業中、スズメバチに頭部を刺された。","6","農林業","601","農業","","","30~49","7","環境等","71","環境等","","","90","その他"
"1663","1995","平成","7","9","11~12","畑の整地作業中、後進してきたドラグ・ショベルに轢かれた。","3","建設業","301","土木工事業","","","1~9","1","動力機械","14","建設機械等","","","7","はさまれ、巻き込まれ"
"1664","1995","平成","7","9","13~14","ビルの高圧室内で電話線の引き込み作業中、近くにあったヒューズが短絡して放電し、そのアークが着衣に燃え移った。","3","建設業","303","その他の建設業","","","1~9","3","その他の装置等","35","電気設備","","","13","感電"
"1665","1995","平成","7","9","16~17","2tダンプカーで走行中、下り坂のカーブで斜面に乗り上げ、山林に突っ込んだ。","3","建設業","301","土木工事業","","","1~9","2","物上げ装置、運搬機械","22","動力運搬機","","","17","交通事故（道路）"
"1666","1995","平成","7","9","16~17","工場内において、10tトラックに鉄製ドラム(871キログラム)を積み込んでいたところ、ドラムが荷台から落ちてきた。","4","運輸交通業","403","道路貨物運送業","","","10~29","6","荷","61","荷","","","4","飛来、落下"
"1667","1995","平成","7","9","16~17","3tトラックに同乗して走行中、交差点で信号待ちをしていた保冷車に追突した。","3","建設業","302","建築工事業","","","1~9","2","物上げ装置、運搬機械","22","動力運搬機","","","17","交通事故（道路）"
"1668","1995","平成","7","9","9~10","バイクで走行中、交差点で乗用車と接触、転倒した。","8","商業","","","","","1~9","2","物上げ装置、運搬機械","23","乗物","","","17","交通事故（道路）"
"1669","1995","平成","7","9","12~13","転圧したアスファルト舗装面の仕上がり状態を確認中、後進してきたローラーの下敷きになった。","3","建設業","301","土木工事業","","","10~29","1","動力機械","14","建設機械等","","","7","はさまれ、巻き込まれ"
"1670","1995","平成","7","9","14~15","空調設備の解体撤去作業中、ガス溶断した煙突が電気コードに接触したため熱でコードの被覆が破れ、ビディ足場に通電し、足場上で作業していた被災者が感電死した。","3","建設業","303","その他の建設業","","","1~9","3","その他の装置等","35","電気設備","","","13","感電"
"1671","1995","平成","7","9","12~13","客全員の乗車を確認したところで新幹線(TGV)のドアが閉まったため、発車した新幹線のデッキにつかまり700m進行したところで振り落とされた。","9","金融・広告業","","","","","10~29","2","物上げ装置、運搬機械","23","乗物","","","18","交通事故（その他）"
"1672","1995","平成","7","9","14~15","足場解体作業中、足場9層(高さ15.9m)上で防音パネル(10.5キログラム)を撤去し持ち上げたところ、地上に墜落した。","3","建設業","302","建築工事業","","","10~29","4","仮設物、建築物、構築物等","41","仮設物、建築物、構築物等","","","1","墜落、転落"
"1673","1995","平成","7","9","15~16","FRPの排水タンク(径2.8m、高さ5m)の点検のため高さ約3mまで注水したところ、タンク側面が観音開きの様な状態で開き、水圧で飛ばされた。","17","その他の事業","","","","","10~29","4","仮設物、建築物、構築物等","41","仮設物、建築物、構築物等","","","15","破裂"
"1674","1995","平成","7","9","8~9","大型トレーラーで高速道路を走行中、ガードレールに衝突した。","4","運輸交通業","403","道路貨物運送業","","","1~9","2","物上げ装置、運搬機械","22","動力運搬機","","","17","交通事故（道路）"
"1675","1995","平成","7","9","13~14","工場屋根にベニヤ板を敷く作業中、既存のスレート屋根上を歩いていたところ、スレートを踏み抜き6m下のコンクリート面に墜落した。","3","建設業","302","建築工事業","","","1~9","4","仮設物、建築物、構築物等","41","仮設物、建築物、構築物等","","","1","墜落、転落"
"1676","1995","平成","7","9","11~12","RC造3階建住宅の2階スラブ上において、設置済み床材の間配り確認中、乗っていた床材が固定されていなかったため3.3m下の地面に墜落した。","3","建設業","302","建築工事業","","","1~9","4","仮設物、建築物、構築物等","41","仮設物、建築物、構築物等","","","1","墜落、転落"
"1677","1995","平成","7","9","11~12","倉庫屋根のトタン張り作業を終え、屋根から降りようとしたところ、墜落した。","3","建設業","302","建築工事業","","","1~9","4","仮設物、建築物、構築物等","41","仮設物、建築物、構築物等","","","1","墜落、転落"
"1678","1995","平成","7","9","11~12","バイクで本店に向かう途中、信号のない交差点でダンプカーと出会い頭に衝突した。","9","金融・広告業","","","","","10~29","2","物上げ装置、運搬機械","23","乗物","","","17","交通事故（道路）"
"1679","1995","平成","7","9","13~14","屋根の雨漏りを点検するため、事務所玄関先に掛けた梯子を登る途中、墜落した。","3","建設業","302","建築工事業","","","1~9","3","その他の装置等","37","用具","","","1","墜落、転落"
"1680","1995","平成","7","9","17~18","ダクト(高さ約3.5m)に乗り配管の溶接作業をしていた被災者が、ダクトから降りようとした際、アーク溶接棒の充電部に接触した。","3","建設業","303","その他の建設業","","","10~29","3","その他の装置等","33","溶接装置","","","13","感電"
"1681","1995","平成","7","9","17~18","クライミングクレーン(つり上げ荷重1t)で合板86枚を吊り上げ旋回中、荷崩れを起こし合板が落下した。","3","建設業","302","建築工事業","","","1~9","2","物上げ装置、運搬機械","21","動力クレーン等","","","4","飛来、落下"
"1682","1995","平成","7","9","21~22","トラックで高速道路を走行中にガス欠になり、路肩に停めて作業中、後続車にはねられた。","4","運輸交通業","403","道路貨物運送業","","","10~29","2","物上げ装置、運搬機械","22","動力運搬機","","","17","交通事故（道路）"
"1683","1995","平成","7","9","22~23","集荷し忘れた荷物をバイクで取りに行き、帰社する途中、交差点でタクシーに衝突された。","4","運輸交通業","403","道路貨物運送業","","","300~499","2","物上げ装置、運搬機械","23","乗物","","","17","交通事故（道路）"
"1684","1995","平成","7","9","23~24","バイクで帰宅途中、電柱とフェンスの間に突っ込んだ。","3","建設業","302","建築工事業","","","不明","2","物上げ装置、運搬機械","23","乗物","","","17","交通事故（道路）"
"1685","1995","平成","7","9","9~10","林道開発工事現場で伐採作業中、伐倒木(長さ22.6m)に直撃された。","3","建設業","301","土木工事業","","","1~9","7","環境等","71","環境等","","","6","激突され"
"1686","1995","平成","7","9","9~10","倉庫内において、石膏ボード4枚を持ち出入口に向かって歩いていたところ、後進してきた10tトレーラーに轢かれた。","8","商業","","","","","10~29","2","物上げ装置、運搬機械","22","動力運搬機","","","6","激突され"
"1687","1995","平成","7","9","10~11","屋上の塔屋を解体中、スクラップを落とすための開口部付近でドラグ・ショベルに合図を行っていたところ、ドラグ・ショベルが開口部の単管手摺に接触した際に手摺の角が落下し、その弾みで開口部から30m下の地上に墜落した。","3","建設業","302","建築工事業","","","1~9","4","仮設物、建築物、構築物等","41","仮設物、建築物、構築物等","","","1","墜落、転落"
"1688","1995","平成","7","9","14~15","工場内の天井クレーンの走行レールと建物の間の歩道上(高さ8.57m)において、エアー配管の溶接部のリークテストをしていたところ、歩道の開口部(1.45×0.335m)より墜落した。","3","建設業","302","建築工事業","","","1~9","4","仮設物、建築物、構築物等","41","仮設物、建築物、構築物等","","","1","墜落、転落"
"1689","1995","平成","7","9","14~15","トラクターのタイヤのパンク修理を終えエアーを注入中、ホイールにタイヤがかみ合っていなかったためエアーが噴出し、タイヤの上に立っていた被災者が飛ばされ、シャッターの収納部分に頭部をぶつけた。","8","商業","","","","","1~9","5","物質、材料","52","材料","","","3","激突"
"1690","1995","平成","7","9","14~15","掘削箇所(深さ3.62m、幅8.5センチメートル)に土止め支保工を設置中、切りばりが外れ、腹起こしの間に挟まれた。","3","建設業","301","土木工事業","","","1~9","4","仮設物、建築物、構築物等","41","仮設物、建築物、構築物等","","","5","崩壊、倒壊"
"1691","1995","平成","7","9","15~16","民家の大屋根上で作業していた同僚の様子を見ようと、中屋根(高さ約6m)に上った被災者が、足を滑らせ転落した。","3","建設業","302","建築工事業","","","1~9","4","仮設物、建築物、構築物等","41","仮設物、建築物、構築物等","","","1","墜落、転落"
"1692","1995","平成","7","9","16~17","ビルの屋上塔屋の電気配線区画内において、無線アンテナ固定用基礎を塔屋内に通すために開けた穴をモルタルで埋める作業中、受電設備の開閉スイッチ(6600V)に接触した。","3","建設業","303","その他の建設業","","","1~9","3","その他の装置等","35","電気設備","","","13","感電"
"1693","1995","平成","7","9","16~17","ドラグ・ショベルをトラックに積み込む作業中、アームを操作してクローラの先端をトラックに載せようとしたところ、ショベルが横転した。","3","建設業","301","土木工事業","","","1~9","1","動力機械","14","建設機械等","","","4","飛来、落下"
"1694","1995","平成","7","9","17~18","クライミングクレーンの立ち上げ作業中、安全帯のフックを工具取付用金具(カラビナ)に掛けていたところ、カラビナが破損し、墜落した。","3","建設業","302","建築工事業","","","30~49","3","その他の装置等","37","用具","","","1","墜落、転落"
"1695","1995","平成","7","9","19~20","アスファルトの骨材を運ぶベルトコンベヤーのトロリホッパーのモーターが故障したため手動で動かしたところ、近くにいた被災者が、ホッパーとベルトコンベヤーの支柱の間に挟まれた。","1","製造業","108","化学工業","","","1~9","2","物上げ装置、運搬機械","22","動力運搬機","","","7","はさまれ、巻き込まれ"
"1696","1995","平成","7","9","3~4","国道を走行中、信号停車中の10tダンプカーに追突した。","4","運輸交通業","403","道路貨物運送業","","","10~29","2","物上げ装置、運搬機械","22","動力運搬機","","","17","交通事故（道路）"
"1697","1995","平成","7","9","8~9","駅ビル工事現場において、線路敷地内の列車見張り位置に向かう途中、進入してきた列車に接触した。","17","その他の事業","","","","","100~299","2","物上げ装置、運搬機械","23","乗物","","","18","交通事故（その他）"
"1698","1995","平成","7","9","9~10","ホイストクレーンでトラックから鋼材を降ろしていたところ、鋼材を吊っていたスリングが切断し、クレーンを操作していた被災者の上に落下した。","1","製造業","112","金属製品製造業","","","1~9","3","その他の装置等","37","用具","","","4","飛来、落下"
"1699","1995","平成","7","9","10~11","伐倒木(胸高直径42センチメートル、高さ20.2m)がかかり木となったため、かかられた立木を伐倒したところ、外れたかかり木に激突された。","6","農林業","601","農業","","","100~299","7","環境等","71","環境等","","","6","激突され"
"1700","1995","平成","7","9","14~15","チェーンソーで伐倒作業中、3.8m離れた所に立っていた枯木の上部が何らかの原因で折れ、被災者に当たった。","6","農林業","601","農業","","","10~29","7","環境等","71","環境等","","","4","飛来、落下"
"1701","1995","平成","7","9","16~17","道路拡幅工事現場において、法面(高さ7m)の伐木作業を終え、法面を降りていたところ、伐木予定のない立木が根株ごと倒壊し、その下敷きになった。","3","建設業","301","土木工事業","","","1~9","7","環境等","71","環境等","","","5","崩壊、倒壊"
"1702","1995","平成","7","9","16~17","国道を走行中、対向してきたトラックが横転し、正面衝突した。","1","製造業","112","金属製品製造業","","","10~29","2","物上げ装置、運搬機械","23","乗物","","","17","交通事故（道路）"
"1703","1995","平成","7","9","16~17","電柱に電話線用のアース線をビニールバンドで固定していたところ、後進してきたダンプカーと電柱の間に挟まれた。","3","建設業","303","その他の建設業","","","1~9","2","物上げ装置、運搬機械","22","動力運搬機","","","17","交通事故（道路）"
"1704","1995","平成","7","9","20~21","事業場2階会議室から1階事務所に向かう途中、階段から転落した。","17","その他の事業","","","","","1~9","4","仮設物、建築物、構築物等","41","仮設物、建築物、構築物等","","","1","墜落、転落"
"1705","1995","平成","7","9","4~5","路面清掃作業車(スイーパー)で現場に向かう途中、停車中の大型トラックに衝突した。","15","清掃・と畜業","","","","","10~29","2","物上げ装置、運搬機械","22","動力運搬機","","","17","交通事故（道路）"
"1706","1995","平成","7","9","8~9","国道中央分離帯の除草作業現場で交通整理中、乗用車が突っ込んできた。","17","その他の事業","","","","","30~49","2","物上げ装置、運搬機械","23","乗物","","","17","交通事故（道路）"
"1707","1995","平成","7","9","10~11","住宅2階部分の柱の建方作業中、開口部から3.57m下の地面に墜落した。","3","建設業","302","建築工事業","","","1~9","4","仮設物、建築物、構築物等","41","仮設物、建築物、構築物等","","","1","墜落、転落"
"1708","1995","平成","7","9","11~12","ミキサー車で生コン荷卸し中、生コンが硬かったため車体後部のサイドステップに上りショベルでかいていたところ、ステップから墜落した。","1","製造業","109","窯業土石製品製造業","","","10~29","2","物上げ装置、運搬機械","22","動力運搬機","","","1","墜落、転落"
"1709","1995","平成","7","9","14~15","公共埠頭コンテナ置場において、トレーラーよりコンテナを降ろそうとしていたフォークリフトが前進した際、近くの空コンテナにフォークリフトのアタッチメントが当たり、落下したコンテナが付近を歩行中の被災者に当たった。","5","貨物取扱業","501","陸上貨物取扱業","","","1~9","2","物上げ装置、運搬機械","22","動力運搬機","","","4","飛来、落下"
"1710","1995","平成","7","9","15~16","市清掃センターにおいて、トラック荷台上から布屑をピット内に投入中、ピット(深さ8.5m)に墜落した。","1","製造業","103","衣服その他の繊維製品製造業","","","1~9","4","仮設物、建築物、構築物等","41","仮設物、建築物、構築物等","","","1","墜落、転落"
"1711","1995","平成","7","9","20~21","チェーンソーで立木(高さ約16m)を伐倒中、伐倒方向が狂い、退避していた被災者に激突した。","3","建設業","301","土木工事業","","","1~9","7","環境等","71","環境等","","","6","激突され"
"1712","1995","平成","7","9","6~7","荷物配達中、信号待ちをしていたトラックに追突した。","4","運輸交通業","403","道路貨物運送業","","","10~29","2","物上げ装置、運搬機械","22","動力運搬機","","","17","交通事故（道路）"
"1713","1995","平成","7","9","10~11","坂道に停めた保冷車の庫内で整理作業中、車が後進し始めたため飛び降りたところ、当該車両に激突され巻き込まれた。","4","運輸交通業","403","道路貨物運送業","","","30~49","2","物上げ装置、運搬機械","22","動力運搬機","","","6","激突され"
"1714","1995","平成","7","9","11~12","2階の出窓を造作中、単管外部足場のはね出している腕木に仮置きしていた垂木部材を取ろうとしたところ、地面に墜落した。","3","建設業","302","建築工事業","","","1~9","4","仮設物、建築物、構築物等","41","仮設物、建築物、構築物等","","","1","墜落、転落"
"1715","1995","平成","7","9","13~14","木造2階建の上棟が終わり、移動式クレーンで吊り上げたベニヤ板45枚を2階天井の梁に渡した足場板と梁の上に置き、玉掛を外そうとしたところ、足場板が折れ墜落した。","3","建設業","302","建築工事業","","","1~9","4","仮設物、建築物、構築物等","41","仮設物、建築物、構築物等","","","1","墜落、転落"
"1716","1995","平成","7","9","13~14","ドラグ・ショベルが移動中、敷鉄板(1.6t)を跳ね上げ、被災者が鉄板と地面の間に挟まれた。","3","建設業","301","土木工事業","","","1~9","1","動力機械","14","建設機械等","","","7","はさまれ、巻き込まれ"
"1717","1995","平成","7","9","15~16","ダンプカーのアオリを木片で支え、アーク溶接で荷台の穴をふさいだ後、溶接により付着したカスをハンマーで叩いて落としていたところ、右肘が木片に当たって木片が落ち、落ちてきたアオリと荷台の間に頭部を挟まれた。","2","鉱業","202","土石採取業","","","10~29","2","物上げ装置、運搬機械","22","動力運搬機","","","7","はさまれ、巻き込まれ"
"1718","1995","平成","7","9","15~16","屋根上において、自動板金締機で長尺ステンレス板の接合作業中、7m下のコンクリート床に墜落した。","3","建設業","302","建築工事業","","","1~9","4","仮設物、建築物、構築物等","41","仮設物、建築物、構築物等","","","1","墜落、転落"
"1719","1995","平成","7","9","1~2","タクシー乗務中、対向車がスピンしてきたため衝突した。","4","運輸交通業","402","道路旅客運送業","","","300~499","2","物上げ装置、運搬機械","23","乗物","","","17","交通事故（道路）"
"1720","1995","平成","7","9","8~9","コンクリート製品(ボックスカルバート、1.4t)の側面にネジ付フックを4個取り付け、これに玉掛して吊り上げたところ、フックが破断し、落下した荷の下敷きになった。","1","製造業","109","窯業土石製品製造業","","","10~29","3","その他の装置等","37","用具","","","4","飛来、落下"
"1721","1995","平成","7","9","9~10","煙突補強工事のための足場を解体中、29.4m下の地面に墜落した。","3","建設業","302","建築工事業","","","1~9","4","仮設物、建築物、構築物等","41","仮設物、建築物、構築物等","","","1","墜落、転落"
"1722","1995","平成","7","9","9~10","地下鉄駅の下床コンクリート打設中、地上のコンクリートポンプ車のブームを下げながら筒先を振り替えていたところ、ホースが切梁に引っ掛かり、縦梁配筋の上で外そうとしたがホースにあおられ転落し、鉄筋に刺さった。","3","建設業","301","土木工事業","","","30~49","4","仮設物、建築物、構築物等","41","仮設物、建築物、構築物等","","","1","墜落、転落"
"1723","1995","平成","7","9","11~12","鉄骨造2階建の内部足場組立中、高さ3.6mからコンクリート床に墜落した。","3","建設業","302","建築工事業","","","10~29","4","仮設物、建築物、構築物等","41","仮設物、建築物、構築物等","","","1","墜落、転落"
"1724","1995","平成","7","9","14~15","アーチ式支保工の組立作業中、当該支保工が支柱ごと倒壊した。","3","建設業","301","土木工事業","","","10~29","4","仮設物、建築物、構築物等","41","仮設物、建築物、構築物等","","","5","崩壊、倒壊"
"1725","1995","平成","7","9","14~15","天井クレーンで円形状に巻かれた鋼帯を移動中、吊り上げていた鋼帯と倒れた4巻の鋼帯の間に挟まれた。","1","製造業","112","金属製品製造業","","","100~299","5","物質、材料","52","材料","","","5","崩壊、倒壊"
"1726","1995","平成","7","9","16~17","コンクリート製電柱仮置き場において、電柱5本の上に乗っていたところ、電柱が転がりだし、側溝に転落した。","3","建設業","303","その他の建設業","","","1~9","5","物質、材料","52","材料","","","5","崩壊、倒壊"
"1727","1995","平成","7","10","8~9","工場内において、器物の脱脂洗浄のための準備作業中、洗浄槽内で有機溶剤(トリクロルエチレン)中毒になった。","1","製造業","112","金属製品製造業","","","30~49","5","物質、材料","51","危険物、有害物等","","","12","有害物等との接触"
"1728","1995","平成","7","10","9~10","コンクリートブロック製擁壁のブロック積み作業中、ぐり石につまずき転倒し、背面をブロックの角に強打した。","3","建設業","301","土木工事業","","","10~29","4","仮設物、建築物、構築物等","41","仮設物、建築物、構築物等","","","2","転倒"
"1729","1995","平成","7","10","10~11","製板工場において、アルミ溶滓再処理炉の粉じん排気用フードの溶接取付作業中、アルミ製梯子の高さ約2.5mの所から転落した。","1","製造業","113","一般機械器具製造業","","","1~9","3","その他の装置等","37","用具","","","1","墜落、転落"
"1730","1995","平成","7","10","10~11","溶解釜で防水加工用アスファルトを加熱溶解中、バーナーの灯油供給用ホースに足を引っ掛けて灯油タンクを倒したところ、灯油に引火し、着衣に火が付いた。","3","建設業","302","建築工事業","","","1~9","5","物質、材料","51","危険物、有害物等","","","16","火災"
"1731","1995","平成","7","10","10~11","国道を走行中、渋滞で停車中の車に追突した。","4","運輸交通業","403","道路貨物運送業","","","30~49","2","物上げ装置、運搬機械","22","動力運搬機","","","17","交通事故（道路）"
"1732","1995","平成","7","10","10~11","45t移動式クレーンで十字型消波ブロック(16t)をトラックに積み込むための玉掛作業中、フックの移動とともにブロックが傾き、ブロック間に挟まれた。","3","建設業","301","土木工事業","","","1~9","2","物上げ装置、運搬機械","21","動力クレーン等","","","7","はさまれ、巻き込まれ"
"1733","1995","平成","7","10","11~12","移動式クレーンで伐倒木(長さ13.8m)を引き上げる作業中、伐倒木先端が地面に掛かったため元口部が振られ、合図を送っていた被災者を直撃した。","3","建設業","301","土木工事業","","","1~9","6","荷","61","荷","","","6","激突され"
"1734","1995","平成","7","10","12~13","2tトラックで走行中、下り坂のカーブを曲がり切れず、標識に衝突した。","1","製造業","101","食料品製造業","","","30~49","2","物上げ装置、運搬機械","22","動力運搬機","","","17","交通事故（道路）"
"1735","1995","平成","7","10","12~13","海外視察研修中、見学先で大型バスから降りようとしたところ、路線バスに追突された。","9","金融・広告業","","","","","500~999","2","物上げ装置、運搬機械","23","乗物","","","17","交通事故（道路）"
"1736","1995","平成","7","10","13~14","待避所にホイール式トラクター・ショベルを停車させ同僚と話し中、エンジン音が大きいためエンジンを止めたところ、ショベルが坂道を後退し始め、作業道から約6m下に転落した。","2","鉱業","202","土石採取業","","","10~29","1","動力機械","14","建設機械等","","","1","墜落、転落"
"1737","1995","平成","7","10","3~4","タクシー乗務中、市道交差点で乗用車と衝突した。","4","運輸交通業","402","道路旅客運送業","","","50~99","2","物上げ装置、運搬機械","23","乗物","","","17","交通事故（道路）"
"1738","1995","平成","7","10","5~6","トレーラーで高速道路を走行中、トラックに追突した反動で対向車線に飛び出し、対向車と衝突した。","4","運輸交通業","403","道路貨物運送業","","","300~499","2","物上げ装置、運搬機械","22","動力運搬機","","","17","交通事故（道路）"
"1739","1995","平成","7","10","7~8","乗用車で住宅工事現場に向かう途中、県道交差点で軽自動車と衝突した。","3","建設業","302","建築工事業","","","10~29","2","物上げ装置、運搬機械","23","乗物","","","17","交通事故（道路）"
"1740","1995","平成","7","10","8~9","コンバインローラーを後進させていたところ、パワー・ショベルに激突した。","3","建設業","301","土木工事業","","","10~29","1","動力機械","14","建設機械等","","","3","激突"
"1741","1995","平成","7","10","10~11","工場内において、柱材加工機で材を加工中、エアーで切り粉を取り除いていたところ、機械に巻き込まれた。","1","製造業","104","木材・木製品製造業","","","10~29","1","動力機械","13","木材加工用機械","","","7","はさまれ、巻き込まれ"
"1742","1995","平成","7","10","12~13","道路改修工事現場において交通整理中、後進してきたドラグ・ショベルに轢かれた。","17","その他の事業","","","","","50~99","1","動力機械","14","建設機械等","","","7","はさまれ、巻き込まれ"
"1743","1995","平成","7","10","14~15","プラットホームのテーブルリフターでカゴテーナー(底部に自在キャスター付)にベニヤ(90×180×2.1センチメートル)15枚を載せ、2tトラックに積み込んでいたところ、トラック側にカゴテーナーを引いた時にカゴテーナーが倒れ、その下敷きになった。","4","運輸交通業","403","道路貨物運送業","","","10~29","6","荷","61","荷","","","5","崩壊、倒壊"
"1744","1995","平成","7","10","14~15","天井クレーンで10tトラックに鉄骨を積込中、鉄骨が既に積まれていたH型鋼(1t)に接触したため、このH型鋼が荷台から落下し、近くで鉄骨の穴開け作業をしていた被災者に激突した。","1","製造業","112","金属製品製造業","","","10~29","2","物上げ装置、運搬機械","21","動力クレーン等","","","4","飛来、落下"
"1745","1995","平成","7","10","16~17","溝(深さ2m)内で土止め支保工の矢板取付中、法面が崩壊した。","3","建設業","301","土木工事業","","","1~9","7","環境等","71","環境等","","","5","崩壊、倒壊"
"1746","1995","平成","7","10","16~17","トラックで国道を走行中、赤信号のため減速していたトラックに追突した。","1","製造業","113","一般機械器具製造業","","","1~9","2","物上げ装置、運搬機械","22","動力運搬機","","","17","交通事故（道路）"
"1747","1995","平成","7","10","不明","2.8tタワークレーンの組立作業中、ジブ上(高さ14m)でワイヤを取り付けていたところ、ジブの一部が破損し墜落した。","1","製造業","113","一般機械器具製造業","","","50~99","2","物上げ装置、運搬機械","21","動力クレーン等","","","1","墜落、転落"
"1748","1995","平成","7","10","4~5","県道を走行中、中央分離帯の樹木に激突した。","4","運輸交通業","403","道路貨物運送業","","","1~9","2","物上げ装置、運搬機械","22","動力運搬機","","","17","交通事故（道路）"
"1749","1995","平成","7","10","8~9","工場敷地内を歩行中、走行してきたフォークリフトに激突された。","1","製造業","104","木材・木製品製造業","","","10~29","2","物上げ装置、運搬機械","22","動力運搬機","","","6","激突され"
"1750","1995","平成","7","10","9~10","倉庫内において、高さ10mに山積みされた粒状の尿素の下部で作業中、尿素の山が崩壊した。","1","製造業","117","その他の製造業","","","50~99","5","物質、材料","52","材料","","","5","崩壊、倒壊"
"1751","1995","平成","7","10","9~10","町道側溝入れ換え工事において、民家のブロック塀(1.65×7.65m)脇の掘削溝(深さ75センチメートル)の中で床付け作業中、ブロック塀が倒壊した。","3","建設業","301","土木工事業","","","10~29","4","仮設物、建築物、構築物等","41","仮設物、建築物、構築物等","","","5","崩壊、倒壊"
"1752","1995","平成","7","10","9~10","倉庫の屋根に登ったところ、塩ビ板を踏み抜き約7m下の床に墜落した。","3","建設業","302","建築工事業","","","1~9","4","仮設物、建築物、構築物等","41","仮設物、建築物、構築物等","","","1","墜落、転落"
"1753","1995","平成","7","10","11~12","木造2階建家屋の建前作業中、1階梁上から3.57m下のコンクリート基礎に墜落した。","3","建設業","302","建築工事業","","","1~9","4","仮設物、建築物、構築物等","41","仮設物、建築物、構築物等","","","1","墜落、転落"
"1754","1995","平成","7","10","14~15","国道の緑地帯の中で草取り作業中、歩道と車道の分離帯(高さ30センチメートル)を乗り越えてきた乗用車にはねられた。","3","建設業","301","土木工事業","","","50~99","2","物上げ装置、運搬機械","23","乗物","","","17","交通事故（道路）"
"1755","1995","平成","7","10","14~15","国道の緑地帯の中で草取り作業中、歩道と車道の分離帯(高さ30センチメートル)を乗り越えてきた乗用車にはねられた。","3","建設業","301","土木工事業","","","50~99","2","物上げ装置、運搬機械","23","乗物","","","17","交通事故（道路）"
"1756","1995","平成","7","10","17~18","荷卸し作業をしているトラッククレーンの荷台で看視中、クレーンが傾いたため荷台から飛び降りた際、頭を強打した。","15","清掃・と畜業","","","","","30~49","2","物上げ装置、運搬機械","21","動力クレーン等","","","3","激突"
"1757","1995","平成","7","10","9~10","鉄骨造体育館上部の大梁のボルト接合部の錆止め塗装中、約9m下の地面に墜落した。","3","建設業","302","建築工事業","","","1~9","4","仮設物、建築物、構築物等","41","仮設物、建築物、構築物等","","","1","墜落、転落"
"1758","1995","平成","7","10","9~10","岸壁で安全パトロールの打ち合わせ中、近くに係留していた浮きクレーンの係留ロープが外れ、被災者に激突した。","3","建設業","301","土木工事業","","","10~29","3","その他の装置等","37","用具","","","6","激突され"
"1759","1995","平成","7","10","9~10","親企業内の油圧プレスのオイルタンクを点検中、5m下の床上に墜落した。","1","製造業","112","金属製品製造業","","","1~9","1","動力機械","16","一般動力機械","","","1","墜落、転落"
"1760","1995","平成","7","10","11~12","ワゴン車で国道を走行中、センターラインをはみ出し、対向してきたトラックと衝突した。","3","建設業","302","建築工事業","","","1~9","2","物上げ装置、運搬機械","23","乗物","","","17","交通事故（道路）"
"1761","1995","平成","7","10","13~14","前日切羽に発破をかけたが、崩落出水があったため作業を中断し、当日ずり出し作業を始めたが機械故障のため中断し、その後作業を再開したところ崩落が起こり、埋まった。","3","建設業","301","土木工事業","","","1~9","7","環境等","71","環境等","","","5","崩壊、倒壊"
"1762","1995","平成","7","10","15~16","ロータリキルン内のレンガを交換中、キャスタブルが落下してきた。","3","建設業","303","その他の建設業","","","1~9","3","その他の装置等","34","炉窯等","","","4","飛来、落下"
"1763","1995","平成","7","10","15~16","山で山菜採り中、約30度の斜面で転倒し、首の骨を折った。","14","接客娯楽業","","","","","1~9","7","環境等","71","環境等","","","2","転倒"
"1764","1995","平成","7","10","16~17","2階スラブ上で解体した型枠材を運搬中、開口部(6.45m×28センチメートル)から墜落した。","3","建設業","302","建築工事業","","","50~99","4","仮設物、建築物、構築物等","41","仮設物、建築物、構築物等","","","1","墜落、転落"
"1765","1995","平成","7","10","17~18","4tトラックで走行中、料金所の渋滞で停車中の大型トラックに追突した。","4","運輸交通業","403","道路貨物運送業","","","30~49","2","物上げ装置、運搬機械","22","動力運搬機","","","17","交通事故（道路）"
"1766","1995","平成","7","10","9~10","型枠支保工の2段目の建枠を組立中、1段目に仮置きされていた建材を地上に降ろそうとしたところ、高さ1.95mより墜落した。","3","建設業","301","土木工事業","","","10~29","4","仮設物、建築物、構築物等","41","仮設物、建築物、構築物等","","","1","墜落、転落"
"1767","1995","平成","7","10","10~11","1階屋根の隈木付近から約3.2m下の地面に墜落した。","3","建設業","302","建築工事業","","","10~29","4","仮設物、建築物、構築物等","41","仮設物、建築物、構築物等","","","1","墜落、転落"
"1768","1995","平成","7","10","12~13","天井クレーンで吊り上げたバックホウの旋回体の部品を塗装中、部品が吊り具から外れ落ちた。","1","製造業","117","その他の製造業","","","1~9","3","その他の装置等","37","用具","","","4","飛来、落下"
"1769","1995","平成","7","10","12~13","高速道路上の非常駐車帯にトラックを停め、荷の確認のため車から降りたところ、後続のトラックに衝突された。","4","運輸交通業","403","道路貨物運送業","","","100~299","2","物上げ装置、運搬機械","22","動力運搬機","","","17","交通事故（道路）"
"1770","1995","平成","7","10","14~15","塵芥処理施設の定期点検整備作業中、排煙用ダンパーの取付ボルトが弛んでいたため締めようとしたところ、軸が動いてインターロックが外れ、連動していたダンパーが下降してきて押しつぶされた。","1","製造業","113","一般機械器具製造業","","","1~9","3","その他の装置等","39","その他の装置、設備","","","7","はさまれ、巻き込まれ"
"1771","1995","平成","7","10","15~16","作業場内において、約1年休止していたトラッククレーンをフォークリフトで牽引してエンジンを始動させるため、2台をチェーンで繋いでいたところ、トラックの停車場所に勾配があったため動きだし、フォークリフトとの間に挟まれた。","1","製造業","109","窯業土石製品製造業","","","30~49","2","物上げ装置、運搬機械","21","動力クレーン等","","","7","はさまれ、巻き込まれ"
"1772","1995","平成","7","10","4~5","路上に停車させたトラックから荷卸し中、乗用車に追突され、トラック荷台との間に挟まれた。","4","運輸交通業","403","道路貨物運送業","","","30~49","2","物上げ装置、運搬機械","23","乗物","","","17","交通事故（道路）"
"1773","1995","平成","7","10","9~10","立て掛けてあった橋桁を平置きにするためスリングベルトを掛け、天井クレーンのフックに玉掛してフックを上昇させようとしたところ、橋桁が倒れ、近くで溶接作業中の被災者が下敷きになった。","1","製造業","112","金属製品製造業","","","100~299","4","仮設物、建築物、構築物等","41","仮設物、建築物、構築物等","","","5","崩壊、倒壊"
"1774","1995","平成","7","10","14~15","チェーンを巻いた岩石(約200キログラム)をバックホウで吊り上げ、トラックに積み込んでいたところ、チェーンが外れ、被災者の上に吊り荷が落下した。","3","建設業","301","土木工事業","","","30~49","1","動力機械","14","建設機械等","","","4","飛来、落下"
"1775","1995","平成","7","10","15~16","木造家屋の建方作業中、2階の桁上を移動していたところ、3.5m下の1階コンクリート土間に墜落した。","3","建設業","302","建築工事業","","","1~9","4","仮設物、建築物、構築物等","41","仮設物、建築物、構築物等","","","1","墜落、転落"
"1776","1995","平成","7","10","17~18","倉庫3階において、オーダピッキングトラックでパレットを回収中、パレットを10段に積み後進していたところ、最上段が棚にぶつかり、その弾みでパレットが運転席側に滑り、運転席との間に挟まれた。","5","貨物取扱業","501","陸上貨物取扱業","","","50~99","6","荷","61","荷","","","7","はさまれ、巻き込まれ"
"1777","1995","平成","7","10","9~10","160t移動式クレーンの組立作業中、組立を終えたジブを伝って地上に降りようとしたところ、墜落した。","8","商業","","","","","1~9","2","物上げ装置、運搬機械","21","動力クレーン等","","","1","墜落、転落"
"1778","1995","平成","7","10","11~12","環境清美工場の3号炉ガス冷却塔下シュート内の固着灰を除去中、ピックハンマーの先が作業床下方の火格子コンベヤー上に落下し、それを取ろうとしたところ、コンベヤーに巻き込まれた。","3","建設業","303","その他の建設業","","","10~29","1","動力機械","12","動力伝導機構","","","7","はさまれ、巻き込まれ"
"1779","1995","平成","7","10","13~14","伐倒した木が隣の木の枝に当たり、その枝が被災者を直撃した。","6","農林業","601","農業","","","1~9","7","環境等","71","環境等","","","4","飛来、落下"
"1780","1995","平成","7","10","7~8","現場確認作業中、後進してきたドラグ・ショベルに轢かれた。","3","建設業","301","土木工事業","","","10~29","1","動力機械","14","建設機械等","","","7","はさまれ、巻き込まれ"
"1781","1995","平成","7","10","9~10","山刈作業中、蜂に刺された。","3","建設業","301","土木工事業","","","1~9","9","その他","99","分類不能","","","90","その他"
"1782","1995","平成","7","10","9~10","ホイールクレーンで鉄骨建方作業中、玉掛ワイヤロープを外すため建て終わった柱に取り付けられたタラップを昇る途中、高さ4mから墜落した。","3","建設業","302","建築工事業","","","10~29","4","仮設物、建築物、構築物等","41","仮設物、建築物、構築物等","","","1","墜落、転落"
"1783","1995","平成","7","10","11~12","クローラクレーンで小型漁船(3.5t)を陸上から海面へ降ろすため、船底に鉄骨を設置する作業中、台座に載っていた船が傾き倒れ、その下敷きになった。","7","畜産・水産業","","","","","10~29","2","物上げ装置、運搬機械","23","乗物","","","5","崩壊、倒壊"
"1784","1995","平成","7","10","15~16","フォークリフトのフォークの上にパレット45枚(高さ6.4m)を載せ、その上で屋根の修理作業中、フォークを床面に降ろす際にパレットが揺れ、墜落した。","4","運輸交通業","403","道路貨物運送業","","","10~29","2","物上げ装置、運搬機械","22","動力運搬機","","","1","墜落、転落"
"1785","1995","平成","7","10","16~17","ゴルフ場のコース内において、トラクター式芝刈機を点検中、傾斜地であったため芝刈機が動き出し、車体下部の刈刃と地面の間に挟まれた。","14","接客娯楽業","","","","","10~29","1","動力機械","14","建設機械等","","","7","はさまれ、巻き込まれ"
"1786","1995","平成","7","10","16~17","スリットダム新設工事中、足場上から墜落した。","3","建設業","301","土木工事業","","","10~29","4","仮設物、建築物、構築物等","41","仮設物、建築物、構築物等","","","1","墜落、転落"
"1787","1995","平成","7","10","2~3","スレート屋根改修工事において、枠組足場上でスレート片を布袋に入れる作業中、地面に墜落した。","3","建設業","302","建築工事業","","","1~9","4","仮設物、建築物、構築物等","41","仮設物、建築物、構築物等","","","1","墜落、転落"
"1788","1995","平成","7","10","17~18","20t天井走行用クレーンの補修作業中、クレーンのガーター上でハンドグラインダーによりレールを研磨していたところ、足を滑らせ墜落した。","1","製造業","112","金属製品製造業","","","30~49","2","物上げ装置、運搬機械","21","動力クレーン等","","","1","墜落、転落"
"1789","1995","平成","7","10","18~19","作業終了後、ワゴン車に同乗し帰社途中、運転操作を誤ったためワゴン車が横転し、車外に放り出された。","3","建設業","302","建築工事業","","","10~29","2","物上げ装置、運搬機械","23","乗物","","","17","交通事故（道路）"
"1790","1995","平成","7","10","11~12","高速道路を走行中、停車していた前方車両に追突した。","4","運輸交通業","403","道路貨物運送業","","","50~99","2","物上げ装置、運搬機械","22","動力運搬機","","","17","交通事故（道路）"
"1791","1995","平成","7","10","16~17","チェーン(径6ミリメートル)で玉掛したワイヤロープ(径54ミリメートル、長さ約400m)を移動式クレーンで吊り上げ、ワイヤロープを巻き取っていたところ、チェーンが破断し、ワイヤロープが落下した。","3","建設業","301","土木工事業","","","10~29","3","その他の装置等","37","用具","","","4","飛来、落下"
"1792","1995","平成","7","10","16~17","工場内の通路横に仮置きしてあった木材束(高さ3m)にフォークリフトが接触し、自転車で巡回中の被災者が、崩壊した材の下敷きになった。","1","製造業","104","木材・木製品製造業","","","100~299","5","物質、材料","52","材料","","","5","崩壊、倒壊"
"1793","1995","平成","7","10","8~9","法面保護工事中、ケーブルクレーンのパレットに資材を積み込んでいたところ、エンドレス索のブレーキが緩んだためクレーンが谷側に動き始め、パレットに乗っていた被災者が約15m下の法面に墜落した。","3","建設業","301","土木工事業","","","10~29","2","物上げ装置、運搬機械","21","動力クレーン等","","","1","墜落、転落"
"1794","1995","平成","7","10","9~10","発注先の構内道路上において、後進してきた10tトラックに轢かれた。","1","製造業","113","一般機械器具製造業","","","10~29","2","物上げ装置、運搬機械","22","動力運搬機","","","7","はさまれ、巻き込まれ"
"1795","1995","平成","7","10","10~11","ギャングリッパーを使って作業中、材の厚さが15ミリメートルに対して押ローラーとテーブルの間が25ミリメートルになっていたため送給した材が反発し、腹部に激突した。","1","製造業","105","家具・装備品製造業","","","10~29","1","動力機械","13","木材加工用機械","","","4","飛来、落下"
"1796","1995","平成","7","10","12~13","大型トラックで国道を走行中、信号停車中の大型トラックに衝突した。","2","鉱業","202","土石採取業","","","10~29","2","物上げ装置、運搬機械","22","動力運搬機","","","17","交通事故（道路）"
"1797","1995","平成","7","10","14~15","墓地において、エンジン付運搬機で墓石を運搬中、立木と運搬機の間に挟まれた。","3","建設業","301","土木工事業","","","1~9","2","物上げ装置、運搬機械","22","動力運搬機","","","7","はさまれ、巻き込まれ"
"1798","1995","平成","7","10","14~15","旋盤を使いサンドペーパーで機械部品を研磨中、先端部の溝加工された箇所に右袖を巻き込まれた。","1","製造業","113","一般機械器具製造業","","","1~9","1","動力機械","16","一般動力機械","","","7","はさまれ、巻き込まれ"
"1799","1995","平成","7","10","15~16","標高170m地点においてブル・ドーザーで土砂を押す作業中、その約100m下の村道で一般通行車両の見張りをしていた被災者に、上方から崩壊した土砂が落ちてきた。","3","建設業","301","土木工事業","","","1~9","7","環境等","71","環境等","","","5","崩壊、倒壊"
"1800","1995","平成","7","10","9~10","路肩でブロック積の目地詰め作業の準備中、3.2m下の地山上に墜落した。","3","建設業","301","土木工事業","","","10~29","4","仮設物、建築物、構築物等","41","仮設物、建築物、構築物等","","","1","墜落、転落"
"1801","1995","平成","7","10","11~12","工場内において、送材車式帯のこ盤に木材を供給するデッキフリッパーのフリッパー(木材を送材車に載せる鉄製アーム)を上げ、フリッパー取付部付近の外れていたボルトを取り付けていたところ、フリッパーが下がり、デッキとの間に首を挟まれた。","1","製造業","104","木材・木製品製造業","","","1~9","1","動力機械","13","木材加工用機械","","","7","はさまれ、巻き込まれ"
"1802","1995","平成","7","10","14~15","マンション3階床の鉄筋組立中、同僚と2人で鉄筋を(25ミリメートル×9m、35キログラム)を運んでいたところ、足を滑らせ転倒し、鉄筋に突き刺さった。","3","建設業","302","建築工事業","","","1~9","4","仮設物、建築物、構築物等","41","仮設物、建築物、構築物等","","","2","転倒"
"1803","1995","平成","7","10","14~15","普通トラックで高速道路を走行中、工事のため停止していた大型トラックに衝突した。","4","運輸交通業","403","道路貨物運送業","","","30~49","2","物上げ装置、運搬機械","22","動力運搬機","","","17","交通事故（道路）"
"1804","1995","平成","7","10","15~16","鋼製台船の亀裂の補修作業中、亀裂の有無を確認するため、ボルトで密閉されているハッチを開け船倉に入ったところ、酸欠になった。","1","製造業","115","輸送用機械等製造業","","","1~9","5","物質、材料","51","危険物、有害物等","","","12","有害物等との接触"
"1805","1995","平成","7","10","15~16","水深約5mの堤体基部に投入した中割石の均し作業中、上回り作業をしていた被災者が、潜水作業習得のために潜水したところ、嘔吐物を喉に詰まらせ窒息した。","3","建設業","301","土木工事業","","","1~9","9","その他","91","その他の起因物","","","90","その他"
"1806","1995","平成","7","10","15~16","鋼製台船の亀裂の補修作業中、亀裂の有無を確認するため、ボルトで密閉されているハッチを開け船倉に入ったところ、酸欠になった。","8","商業","","","","","1~9","5","物質、材料","51","危険物、有害物等","","","12","有害物等との接触"
"1807","1995","平成","7","10","17~18","ゴミ収集車が収集場所で停車した際、後部ステップに乗っていた被災者が、停車位置後方で仰向けに倒れていた。","15","清掃・と畜業","","","","","10~29","2","物上げ装置、運搬機械","22","動力運搬機","","","1","墜落、転落"
"1808","1995","平成","7","10","8~9","道路上部法面の落石防護用ネット設置工事において、固定用ワイヤロープを取付中、20m下の道路に墜落した。","3","建設業","301","土木工事業","","","1~9","7","環境等","71","環境等","","","1","墜落、転落"
"1809","1995","平成","7","10","10~11","椅子に座り鉄屑の整理をしながら2.8tクレーンを操作していたところ、クレーンの半開状態の配電盤の扉が工場内の支柱に当たり、その反動で落下した配電盤が当たった。","1","製造業","112","金属製品製造業","","","1~9","2","物上げ装置、運搬機械","21","動力クレーン等","","","4","飛来、落下"
"1810","1995","平成","7","10","11~12","伐倒木の枝払い中、追口を入れたまま伐倒せず放置していた立木(高さ22m)が倒れてきた。","6","農林業","601","農業","","","1~9","7","環境等","71","環境等","","","6","激突され"
"1811","1995","平成","7","10","14~15","パン生地用ミキサー内部の清掃を終え、外に出るため半開状態のバケットの隙間から手を出し、ミキサー前面のスイッチを操作したところ、誤って「閉」を押したためバケットが閉まり、頭部を挟まれた。","1","製造業","101","食料品製造業","","","50~99","1","動力機械","16","一般動力機械","","","7","はさまれ、巻き込まれ"
"1812","1995","平成","7","10","16~17","現場の片付け作業中、道路上に21枚積み重ねて置かれていたシートパイルが倒れ、近くにあった発電機との間に挟まれた。","3","建設業","301","土木工事業","","","10~29","5","物質、材料","52","材料","","","5","崩壊、倒壊"
"1813","1995","平成","7","10","2~3","高速道路を走行中、側壁に接触し、その反動で中央分離帯を越え、反対車線の側壁に激突した。","4","運輸交通業","403","道路貨物運送業","","","100~299","2","物上げ装置、運搬機械","23","乗物","","","17","交通事故（道路）"
"1814","1995","平成","7","10","9~10","山林内で間伐作業中、立木上部の枯れ枝が折れ、被災者を直撃した。","6","農林業","601","農業","","","50~99","7","環境等","71","環境等","","","4","飛来、落下"
"1815","1995","平成","7","10","9~10","コイル(500キログラム)を3個結束してある4本の金属バンドのうち、1本を切り離したところ、コイルが倒れてきた。","1","製造業","111","非鉄金属製造業","","","10~29","5","物質、材料","52","材料","","","5","崩壊、倒壊"
"1816","1995","平成","7","10","16~17","イカ1本釣漁船の船尾のイカ釣機械付近で作業準備中、海中に転落した。","7","畜産・水産業","","","","","1~9","2","物上げ装置、運搬機械","23","乗物","","","10","おぼれ"
"1817","1995","平成","7","10","6~7","国道を走行中、赤信号のため停車した所へトラックに追突された。","4","運輸交通業","403","道路貨物運送業","","","100~299","2","物上げ装置、運搬機械","22","動力運搬機","","","17","交通事故（道路）"
"1818","1995","平成","7","10","6~7","乗用車で工事現場に向かう途中、高速道路を渋滞のため徐行していたところ、11tトラックに追突された。","3","建設業","301","土木工事業","","","50~99","2","物上げ装置、運搬機械","22","動力運搬機","","","17","交通事故（道路）"
"1819","1995","平成","7","10","8~9","バックホウを運転しトレーラー荷台より降ろす作業中、バックホウが滑り始め荷台より転落した。","3","建設業","301","土木工事業","","","100~299","1","動力機械","14","建設機械等","","","1","墜落、転落"
"1820","1995","平成","7","10","10~11","集材作業のため林道で待機していたところ、強風により後方の立木(胸高直径35センチメートル、高さ15.2m)が倒れてきた。","6","農林業","601","農業","","","10~29","7","環境等","71","環境等","","","6","激突され"
"1821","1995","平成","7","10","12~13","伐倒作業現場において、ブル・ドーザーで集材作業中、伐倒木に直撃された。","6","農林業","601","農業","","","10~29","7","環境等","71","環境等","","","6","激突され"
"1822","1995","平成","7","10","15~16","スキー場監視小屋新築工事において、高さ約9mの小屋の屋根のトタン張り作業中、作業床端から地面に墜落した。","3","建設業","302","建築工事業","","","1~9","4","仮設物、建築物、構築物等","41","仮設物、建築物、構築物等","","","1","墜落、転落"
"1823","1995","平成","7","10","15~16","湖底から採取した砂利を台船で運搬していた被災者が、荷揚げが終了するまで休憩していた間に行方不明になり、荷揚げ場付近の湖底で発見された。","2","鉱業","202","土石採取業","","","1~9","2","物上げ装置、運搬機械","23","乗物","","","10","おぼれ"
"1824","1995","平成","7","10","16~17","擁壁を施工するための丁張を立てる作業中、法面が崩壊した。","3","建設業","301","土木工事業","","","1~9","7","環境等","71","環境等","","","5","崩壊、倒壊"
"1825","1995","平成","7","10","0~1","レンタカーで出張先から戻る途中、高速道路のトンネル入口壁面に激突した。","8","商業","","","","","1~9","2","物上げ装置、運搬機械","23","乗物","","","17","交通事故（道路）"
"1826","1995","平成","7","10","1~2","自動反転機でご飯釜からご飯をホッパーへ移し換える作業中、釜の蓋がコンベヤーガイドに引っ掛かったため反転機の下に入り蓋を外したところ、停止していた反転機が降り始め、コンベヤーとの間に挟まれた。(外)","1","製造業","101","食料品製造業","","","300~499","1","動力機械","16","一般動力機械","","","7","はさまれ、巻き込まれ"
"1827","1995","平成","7","10","4~5","4tトラックで走行中、信号待ち中のトラックに追突した。","4","運輸交通業","403","道路貨物運送業","","","1~9","2","物上げ装置、運搬機械","22","動力運搬機","","","17","交通事故（道路）"
"1828","1995","平成","7","10","6~7","作業現場に向かう途中、トンネル内で事故を起こした2台のトラックに衝突した。","8","商業","","","","","30~49","2","物上げ装置、運搬機械","23","乗物","","","17","交通事故（道路）"
"1829","1995","平成","7","10","13~14","坑内(縦横約2m、深さ1.46m)で下水道本管に家庭の下水管を接続中、背後の法面が崩壊した。","3","建設業","301","土木工事業","","","1~9","7","環境等","71","環境等","","","5","崩壊、倒壊"
"1830","1995","平成","7","10","13~14","バイクで顧客先より帰社途中、交差点で乗用車と衝突した。","9","金融・広告業","","","","","10~29","2","物上げ装置、運搬機械","23","乗物","","","17","交通事故（道路）"
"1831","1995","平成","7","10","15~16","モノレールの支柱上(高さ14m)でケーブルの取付工事中、上り車線上の材料運搬機を移動させるため下り車線上に退避したところ、墜落した。","3","建設業","303","その他の建設業","","","1~9","4","仮設物、建築物、構築物等","41","仮設物、建築物、構築物等","","","1","墜落、転落"
"1832","1995","平成","7","10","16~17","工事現場から乗用車で帰社途中、前車を追い越そうと対向車線に出たが、対向車がいたため元の車線に戻ったところ、運転操作を誤り路肩から3m下に転落した。","3","建設業","301","土木工事業","","","10~29","2","物上げ装置、運搬機械","23","乗物","","","17","交通事故（道路）"
"1833","1995","平成","7","10","0~1","国道を走行中、他車が中央分離帯のガードレールを破損して走行車線をふさいだため、当該ガードレールに衝突した。","4","運輸交通業","402","道路旅客運送業","","","100~299","2","物上げ装置、運搬機械","23","乗物","","","17","交通事故（道路）"
"1834","1995","平成","7","10","3~4","乗用車で客を送る途中、国道のガードレールに衝突した。","17","その他の事業","","","","","1~9","2","物上げ装置、運搬機械","23","乗物","","","17","交通事故（道路）"
"1835","1995","平成","7","10","9~10","空ビン等を選別するプラントにおいて、ベルトコンベヤーを清掃中、ベルトコンベヤーのローラーに巻き込まれた。","15","清掃・と畜業","","","","","10~29","2","物上げ装置、運搬機械","22","動力運搬機","","","7","はさまれ、巻き込まれ"
"1836","1995","平成","7","10","11~12","産業廃棄物処理場において、廃棄物を焼却炉へ運搬するベルトコンベヤーの掃除及びベルトの位置を調整中、ベルトとプーリの間に巻き込まれた。","15","清掃・と畜業","","","","","1~9","2","物上げ装置、運搬機械","22","動力運搬機","","","7","はさまれ、巻き込まれ"
"1837","1995","平成","7","10","22~23","高速道路を走行中、運転を誤ってガードレールに接触したため下車したところ、後続車にはねられた。","12","教育・研究業","","","","","100~299","2","物上げ装置、運搬機械","23","乗物","","","17","交通事故（道路）"
"1838","1995","平成","7","10","11~12","法面の落石防止網設置工事において、網の大きさを見積もる作業中、足を滑らせ30m下に墜落した。","3","建設業","301","土木工事業","","","1~9","7","環境等","71","環境等","","","1","墜落、転落"
"1839","1995","平成","7","10","14~15","自転車で走行中、交差点の横断歩道を渡ろうとしたところ、右折してきたトラックと接触した。","9","金融・広告業","","","","","500~999","2","物上げ装置、運搬機械","23","乗物","","","17","交通事故（道路）"
"1840","1995","平成","7","10","14~15","フーカ式潜水器を着用し、海底(水深4.5m)で高圧水を噴出するホースにより昆布漁場の雑草を除去した後、作業船に戻るため浮上したところ、浮上中に嘔吐物が気管支に詰まり窒息した。","3","建設業","301","土木工事業","","","10~29","9","その他","91","その他の起因物","","","90","その他"
"1841","1995","平成","7","10","15~16","コンベヤー間で荷を横移動させる搬送装置が、荷の移動が不完全なため停止し、それを修復していたところ、装置が動き出し身体を挟まれた。","1","製造業","101","食料品製造業","","","50~99","1","動力機械","16","一般動力機械","","","7","はさまれ、巻き込まれ"
"1842","1995","平成","7","10","23~24","支店の貨物ホームで荷卸し作業中、貨物ステーションとトラックの間に挟まれた。","4","運輸交通業","403","道路貨物運送業","","","10~29","2","物上げ装置、運搬機械","22","動力運搬機","","","7","はさまれ、巻き込まれ"
"1843","1995","平成","7","10","3~4","トラックで走行中、センターラインをはみ出し、対向車と衝突した。","4","運輸交通業","403","道路貨物運送業","","","50~99","2","物上げ装置、運搬機械","22","動力運搬機","","","17","交通事故（道路）"
"1844","1995","平成","7","10","11~12","送電線張替工事において、鉄塔(高さ約46m)のアームから地上に降りる際、墜落した。","3","建設業","303","その他の建設業","","","10~29","4","仮設物、建築物、構築物等","41","仮設物、建築物、構築物等","","","1","墜落、転落"
"1845","1995","平成","7","10","14~15","作業を終え休憩所へ向かう途中、根がらみパイプ(高さ36センチメートル)につまずき転倒し、他の根がらみパイプに腹部を強打した。","3","建設業","302","建築工事業","","","10~29","4","仮設物、建築物、構築物等","41","仮設物、建築物、構築物等","","","2","転倒"
"1846","1995","平成","7","10","14~15","合板のコア材製造工場において、自動板積機への板の供給や搬出された板の調整作業中、板積機の上部フレームと昇降アームの間に頭部を挟まれた。","1","製造業","104","木材・木製品製造業","","","50~99","1","動力機械","13","木材加工用機械","","","7","はさまれ、巻き込まれ"
"1847","1995","平成","7","10","15~16","屋根瓦運搬用ウインチを組立中、梯子(長さ3m)を2本繋いで外部足場に立て掛け、その上に昇って延長用梯子(長さ1m)を取り付ける際、梯子が倒れ地面に墜落した。","3","建設業","302","建築工事業","","","1~9","3","その他の装置等","37","用具","","","1","墜落、転落"
"1848","1995","平成","7","10","21~22","事業場倉庫2階に住み込んでいた被災者が就寝中、出火した。","4","運輸交通業","403","道路貨物運送業","","","50~99","9","その他","99","分類不能","","","16","火災"
"1849","1995","平成","7","10","15~16","井戸の中に入り、酸素で換気をしながら底に打ち込んだパイプを電動カッターで切断中、炎が上がり全身火傷を負った。","3","建設業","303","その他の建設業","","","10~29","5","物質、材料","51","危険物、有害物等","","","16","火災"
"1850","1995","平成","7","10","23~24","配膳用簡易リフト搬器内でステンレス版の張り替え作業中、カウンターウェイトのバランス調整をしていたところ、リフトが落下した。","3","建設業","303","その他の建設業","","","30~49","2","物上げ装置、運搬機械","21","動力クレーン等","","","4","飛来、落下"
"1851","1995","平成","7","10","6~7","公園内のエゾシカ飼育施設脇で堆肥の搬出作業中、エゾシカに襲われ、角で突かれた。","17","その他の事業","","","","","1~9","7","環境等","71","環境等","","","6","激突され"
"1852","1995","平成","7","10","9~10","工場内において、ホイストクレーン(つり上げ荷重5.07t)で鋼管(400キログラム)を吊り上げたところ、玉掛ワイヤが滑りながら切断し、落下した鋼管に激突された。","1","製造業","112","金属製品製造業","","","1~9","3","その他の装置等","37","用具","","","6","激突され"
"1853","1995","平成","7","10","9~10","乗用車で営業先に向かう途中、県道で対向してきたトラックから積荷(竹を束ねた物6束)が落下し、フロントガラスを突き破り頭部を直撃した。","17","その他の事業","","","","","1~9","6","荷","61","荷","","","17","交通事故（道路）"
"1854","1995","平成","7","10","11~12","掘削坑(深さ約80センチメートル)内でガス漏れ補修作業中、腐食していたガス管が折れてガスが漏れ、酸欠になった。","3","建設業","303","その他の建設業","","","10~29","7","環境等","71","環境等","","","12","有害物等との接触"
"1855","1995","平成","7","10","11~12","鉄骨平屋の建築作業中、もや材固定用の穴開け作業を終え、下に降りようとしたところ、高さ4.8mの棟木から足を滑らせ墜落した。","3","建設業","302","建築工事業","","","1~9","4","仮設物、建築物、構築物等","41","仮設物、建築物、構築物等","","","1","墜落、転落"
"1856","1995","平成","7","10","11~12","掘削坑(深さ約80センチメートル)内でガス漏れ補修作業中、腐食していたガス管が折れてガスが漏れ、酸欠になった。","3","建設業","303","その他の建設業","","","10~29","7","環境等","71","環境等","","","12","有害物等との接触"
"1857","1995","平成","7","10","11~12","道路に隣接する斜面で草刈作業中、80センチメートル下の舗装面に転落した。","3","建設業","301","土木工事業","","","1~9","7","環境等","71","環境等","","","1","墜落、転落"
"1858","1995","平成","7","10","13~14","製鋼工場内連続鋳造機の非常用高炉鍋の入れ替え作業中、円弧樋(溶鋼が流れる樋)を取り外した際、高さ約7mから墜落した。","1","製造業","109","窯業土石製品製造業","","","100~299","4","仮設物、建築物、構築物等","41","仮設物、建築物、構築物等","","","1","墜落、転落"
"1859","1995","平成","7","10","14~15","2.9t積載型トラッククレーンでコンクリートブロック(880キログラム)を吊り上げたところ、クレーンが横転し、玉掛作業をしていた被災者が挟まれた。","3","建設業","301","土木工事業","","","1~9","2","物上げ装置、運搬機械","21","動力クレーン等","","","7","はさまれ、巻き込まれ"
"1860","1995","平成","7","10","14~15","倉庫内において、3段積みのフレコンバック(550キログラム)からこぼれた砂(樹脂コーティングされたもの)を集めていたところ、フレコンバックが倒壊した。","1","製造業","108","化学工業","","","1~9","6","荷","61","荷","","","5","崩壊、倒壊"
"1861","1995","平成","7","10","15~16","県道上の電話工事現場で交通整理中、軽トラックに追突された。","17","その他の事業","","","","","1~9","2","物上げ装置、運搬機械","22","動力運搬機","","","17","交通事故（道路）"
"1862","1995","平成","7","10","8~9","2階屋根(高さ約8m)上において、屋根下地のフェルトのカット作業を終了後、地面に墜落した。","3","建設業","302","建築工事業","","","10~29","4","仮設物、建築物、構築物等","41","仮設物、建築物、構築物等","","","1","墜落、転落"
"1863","1995","平成","7","10","10~11","冷房装置を制御するコントロールボックス内をクランプメーターにより電圧・通電テストしていたところ、充電電路ないし三芯ケーブルに接触した。","15","清掃・と畜業","","","","","100~299","3","その他の装置等","35","電気設備","","","13","感電"
"1864","1995","平成","7","10","10~11","ドラグ・ショベルにつかみ機のアタッチメントを取り付けて住宅を解体中、散水していた被災者が、旋回したつかみ機とブロック壁の間に挟まれた。","3","建設業","302","建築工事業","","","1~9","1","動力機械","14","建設機械等","","","7","はさまれ、巻き込まれ"
"1865","1995","平成","7","10","11~12","工場のスレート屋根の葺き替え作業を終え、後片付けをしていたところ、スレートを踏み抜き8m下の通路に墜落した。","3","建設業","302","建築工事業","","","10~29","4","仮設物、建築物、構築物等","41","仮設物、建築物、構築物等","","","1","墜落、転落"
"1866","1995","平成","7","10","11~12","真砂採取現場の作業用道路(勾配約10度)に停めたブル・ドーザーを降り、昼休みに向かう途中、駐車措置が不十分だったためブル・ドーザーが逸走し、激突された。","2","鉱業","202","土石採取業","","","1~9","1","動力機械","14","建設機械等","","","6","激突され"
"1867","1995","平成","7","10","14~15","ゴミを収集車に投入後、ジブを巻き上げる操作をしていたところ、ジブの先に取り付けたバケットと車体の間に挟まれた。","15","清掃・と畜業","","","","","1~9","2","物上げ装置、運搬機械","21","動力クレーン等","","","7","はさまれ、巻き込まれ"
"1868","1995","平成","7","10","14~15","2階で電気工事をしていた被災者が、休憩を取るため階段方向に向かったところ、エレベーター用開口部から4m下の1階床に転落した。","3","建設業","302","建築工事業","","","1~9","4","仮設物、建築物、構築物等","41","仮設物、建築物、構築物等","","","1","墜落、転落"
"1869","1995","平成","7","10","15~16","林道上部(勾配約40度、高さ9m)で障害木の伐倒作業中、林道へ転落した。","1","製造業","104","木材・木製品製造業","","","1~9","7","環境等","71","環境等","","","1","墜落、転落"
"1870","1995","平成","7","10","16~17","都道遊歩道建設工事現場で警備作業中、突っ込んできたバイクに跳ねられた。","17","その他の事業","","","","","30~49","2","物上げ装置、運搬機械","23","乗物","","","17","交通事故（道路）"
"1871","1995","平成","7","10","22~23","15tトレーラーで高速道路を走行中、車線変更した際にスリップして横転し、外壁を飛び越え5m下の側道に転落した。","4","運輸交通業","403","道路貨物運送業","","","300~499","2","物上げ装置、運搬機械","22","動力運搬機","","","17","交通事故（道路）"
"1872","1995","平成","7","10","0~1","職員研修を終え自家用車で帰宅途中、センターラインを越えてきた対向車に激突された。","8","商業","","","","","100~299","2","物上げ装置、運搬機械","23","乗物","","","17","交通事故（道路）"
"1873","1995","平成","7","10","0~1","バスで高速道路を走行中、玉突事故に巻き込まれた。","4","運輸交通業","402","道路旅客運送業","","","100~299","2","物上げ装置、運搬機械","23","乗物","","","17","交通事故（道路）"
"1874","1995","平成","7","10","0~1","トラックで高速道路を走行中、パーキングエリアから本線に入る車のため一時的な混雑が発生し、減速した前方車両に次々衝突していった。","4","運輸交通業","403","道路貨物運送業","","","50~99","2","物上げ装置、運搬機械","22","動力運搬機","","","17","交通事故（道路）"
"1875","1995","平成","7","10","10~11","谷止の型枠解体の準備作業として、降雨で溜まった泥水を水中ポンプで排水し、ヘドロを取り除いていたところ、法面が崩壊した。","3","建設業","301","土木工事業","","","50~99","7","環境等","71","環境等","","","5","崩壊、倒壊"
"1876","1995","平成","7","10","10~11","谷止の型枠解体の準備作業として、降雨で溜まった泥水を水中ポンプで排水し、ヘドロを取り除いていたところ、法面が崩壊した。","3","建設業","301","土木工事業","","","50~99","7","環境等","71","環境等","","","5","崩壊、倒壊"
"1877","1995","平成","7","10","11~12","4階ベランダ(1.15×4.34m)の型枠組立後、手摺になる外周立ち上がり壁部分のコンクリート打設中、ベランダの型枠全体が外側に垂れる形で倒壊し、約9.6m下の作業構台上に墜落した。","3","建設業","302","建築工事業","","","10~29","4","仮設物、建築物、構築物等","41","仮設物、建築物、構築物等","","","5","崩壊、倒壊"
"1878","1995","平成","7","10","11~12","砂防ダム提体下部の型枠組立中、右岸採掘部の最上部が約1.5m3 崩壊した。","3","建設業","301","土木工事業","","","1~9","7","環境等","71","環境等","","","5","崩壊、倒壊"
"1879","1995","平成","7","10","11~12","マンション建設現場で鉄骨組立作業中、4階部分(高さ10m)から墜落した。","3","建設業","302","建築工事業","","","1~9","4","仮設物、建築物、構築物等","41","仮設物、建築物、構築物等","","","1","墜落、転落"
"1880","1995","平成","7","10","13~14","ラムリフトでコイル(1t)6個を運搬中、左折時に後輪に巻き込まれた。","4","運輸交通業","403","道路貨物運送業","","","50~99","2","物上げ装置、運搬機械","22","動力運搬機","","","7","はさまれ、巻き込まれ"
"1881","1995","平成","7","10","14~15","ベルトコンベヤーを流れる建設廃材から木屑・ゴミ等を取り出す作業中、ベルトに巻き込まれた。","15","清掃・と畜業","","","","","1~9","2","物上げ装置、運搬機械","22","動力運搬機","","","7","はさまれ、巻き込まれ"
"1882","1995","平成","7","10","15~16","高速道路を走行中、故障で止まっていたトラックに気付くのが遅れ、激突した。","4","運輸交通業","403","道路貨物運送業","","","10~29","2","物上げ装置、運搬機械","22","動力運搬機","","","17","交通事故（道路）"
"1883","1995","平成","7","10","18~19","トラックで国道を走行中、中央分離帯を越えてきた3tトラックと正面衝突した。","4","運輸交通業","403","道路貨物運送業","","","1~9","2","物上げ装置、運搬機械","22","動力運搬機","","","17","交通事故（道路）"
"1884","1995","平成","7","10","1~2","国道上で配管工事のための交通整理中、乗用車にはねられた。","17","その他の事業","","","","","10~29","2","物上げ装置、運搬機械","23","乗物","","","17","交通事故（道路）"
"1885","1995","平成","7","10","1~2","国道舗装工事現場で交通整理中、乗用車が突っ込んできた。","17","その他の事業","","","","","50~99","2","物上げ装置、運搬機械","23","乗物","","","17","交通事故（道路）"
"1886","1995","平成","7","10","9~10","アルミ再生製錬工場においてアルミ灰(700°C)の冷却・篩い分け処理中、缶に入れた灰をフォークリフトで回転し振動フィーダーにあけた時、吹き上げてきた熱風を浴びた。","1","製造業","111","非鉄金属製造業","","","10~29","5","物質、材料","52","材料","","","11","高温・低温の物との接触"
"1887","1995","平成","7","10","11~12","ダム上流右岸斜樋付近の斜面安定用アンカー工事で段取替中、平場から上段ステージにボーリング排水用ホースを移動させていたところ、ステージ用単管パイプ中段より転落した。","3","建設業","301","土木工事業","","","1~9","4","仮設物、建築物、構築物等","41","仮設物、建築物、構築物等","","","1","墜落、転落"
"1888","1995","平成","7","10","14~15","工場内において、解体した橋梁の残材から鉄板部分を溶断中、溶断した鉄板が倒れてきた。","1","製造業","110","鉄鋼業","","","1~9","5","物質、材料","52","材料","","","5","崩壊、倒壊"
"1889","1995","平成","7","10","15~16","浮きドック内の台船上で作業していた被災者が、水死体で見つかった。","1","製造業","115","輸送用機械等製造業","","","10~29","4","仮設物、建築物、構築物等","41","仮設物、建築物、構築物等","","","10","おぼれ"
"1890","1995","平成","7","10","17~18","高速道路橋梁補強工事現場の吊り足場上で台車を押しながら移動中、資材運搬用開口部から墜落した。","3","建設業","301","土木工事業","","","1~9","4","仮設物、建築物、構築物等","41","仮設物、建築物、構築物等","","","1","墜落、転落"
"1891","1995","平成","7","10","17~18","営業先より帰社途中、ガソリンスタンドのコンクリート壁に激突した。","8","商業","","","","","1~9","2","物上げ装置、運搬機械","23","乗物","","","17","交通事故（道路）"
"1892","1995","平成","7","10","17~18","2.8tテルハチ機で移動支保工型枠トラスを吊り上げ持続する作業中、ワイヤが切れ、型枠トラスに乗っていた被災者が16m下に墜落した。","3","建設業","301","土木工事業","","","10~29","3","その他の装置等","37","用具","","","1","墜落、転落"
"1893","1995","平成","7","10","18~19","新造船のバラストタンク内で溶接作業中、タンク底部に墜落した。","1","製造業","115","輸送用機械等製造業","","","30~49","4","仮設物、建築物、構築物等","41","仮設物、建築物、構築物等","","","1","墜落、転落"
"1894","1995","平成","7","10","5~6","4tトラックで国道を走行中、信号待ち中の大型トラックに衝突した。","4","運輸交通業","403","道路貨物運送業","","","50~99","2","物上げ装置、運搬機械","22","動力運搬機","","","17","交通事故（道路）"
"1895","1995","平成","7","10","7~8","ワゴン車で工事現場へ向かう途中、カーブで対向車線にはみ出し、街路灯に激突した。","3","建設業","302","建築工事業","","","50~99","2","物上げ装置、運搬機械","23","乗物","","","17","交通事故（道路）"
"1896","1995","平成","7","10","8~9","高速道路の道路標識及び遮音壁設置工事中、後進してきた4tトラックに轢かれた。","3","建設業","301","土木工事業","","","1~9","2","物上げ装置、運搬機械","22","動力運搬機","","","7","はさまれ、巻き込まれ"
"1897","1995","平成","7","10","13~14","移動式クレーンでシートパイル引き抜きユニットを吊り上げていたところ、ユニットが落下した。","3","建設業","301","土木工事業","","","1~9","2","物上げ装置、運搬機械","21","動力クレーン等","","","4","飛来、落下"
"1898","1995","平成","7","10","13~14","簡易リフトで2階から製品を降ろしていたところ、製品が搬器の外に引っ掛かり、これを取り外そうとして搬器の枠と床面の間に挟まれた。","1","製造業","117","その他の製造業","","","30~49","2","物上げ装置、運搬機械","21","動力クレーン等","","","7","はさまれ、巻き込まれ"
"1899","1995","平成","7","10","15~16","足場上で型枠解体作業中、1.6m下の地面に墜落した。","1","製造業","109","窯業土石製品製造業","","","30~49","4","仮設物、建築物、構築物等","41","仮設物、建築物、構築物等","","","1","墜落、転落"
"1900","1995","平成","7","10","16~17","ホイスト式天井クレーンのフックを連続鋳造鋳型の重心へ移動させていたところ、フックに下げていたワイヤロープが鋳型の角に引っ掛かり、倒れた鋳型がメッキ前処理中の被災者に激突した。","1","製造業","113","一般機械器具製造業","","","300~499","2","物上げ装置、運搬機械","21","動力クレーン等","","","6","激突され"
"1901","1995","平成","7","10","17~18","更衣室で着替えをすませ病院の建物に向かう途中、市道でバイクにはねられた。","13","保健・衛生業","","","","","50~99","2","物上げ装置、運搬機械","23","乗物","","","17","交通事故（道路）"
"1902","1995","平成","7","10","17~18","道路脇に仮置きしてあった設備用ポンプをシートで養生する際、被せたシートを動かないようにするため、浄化槽の開口部を塞いでいたベニヤ板(90センチメートル角)を重りにしようと持ち上げたところ、深さ4mの浄化槽内に墜落した。","3","建設業","302","建築工事業","","","1~9","3","その他の装置等","39","その他の装置、設備","","","1","墜落、転落"
"1903","1995","平成","7","10","7~8","ミキサー車のエンジンを車外から掛けたところ、ギアが入っていたため車が動き出し、車体と鋼製門柱の間に挟まれた。","1","製造業","109","窯業土石製品製造業","","","10~29","2","物上げ装置、運搬機械","22","動力運搬機","","","7","はさまれ、巻き込まれ"
"1904","1995","平成","7","10","7~8","トラックから荷の入った台車を引き出したところ、台車が走り出して転落し、その下敷きになった。","4","運輸交通業","403","道路貨物運送業","","","50~99","3","その他の装置等","36","人力機械工具等","","","4","飛来、落下"
"1905","1995","平成","7","10","9~10","玄関の補修工事を終え、移動梯子で降りる途中、踏さん(高さ1.2m)を踏み外して墜落した。","3","建設業","302","建築工事業","","","1~9","3","その他の装置等","37","用具","","","1","墜落、転落"
"1906","1995","平成","7","10","9~10","フォークリフトで走行中、横転した。","1","製造業","109","窯業土石製品製造業","","","50~99","2","物上げ装置、運搬機械","22","動力運搬機","","","2","転倒"
"1907","1995","平成","7","10","9~10","吊り足場を組立中、高所作業車の作業床上でころばしパイプを取り付けていたところ、約4m下の地上に墜落した。","3","建設業","301","土木工事業","","","1~9","2","物上げ装置、運搬機械","21","動力クレーン等","","","1","墜落、転落"
"1908","1995","平成","7","10","11~12","2列3段積の玄米袋(約1t)のうち前列の6個が崩れたため、散乱した玄米を掃き集めていたところ、後列の袋が崩れてきた。","17","その他の事業","","","","","50~99","6","荷","61","荷","","","5","崩壊、倒壊"
"1909","1995","平成","7","10","11~12","伐倒作業中、倒れなかった木(胸高直径42センチメートル、長さ約28m)をそのままにして、隣の木の作業に取り掛かっていたところ、風により前者の木が倒れ、近くで枝打ち作業中の被災者に激突した。","6","農林業","601","農業","","","1~9","7","環境等","71","環境等","","","4","飛来、落下"
"1910","1995","平成","7","10","13~14","クレーン減速機の減速ギアの中から破損したシャフトを取り出すため、油圧プレスを使って作業していたところ、当て金が外れ、被災者を直撃した。","3","建設業","303","その他の建設業","","","500~999","3","その他の装置等","37","用具","","","4","飛来、落下"
"1911","1995","平成","7","10","16~17","砂利洗浄機内部で部品を交換中、外側ローラーが突然動きだし、ローラーの間に挟まれた。","2","鉱業","202","土石採取業","","","10~29","1","動力機械","16","一般動力機械","","","7","はさまれ、巻き込まれ"
"1912","1995","平成","7","10","16~17","砂利洗浄機内部で部品を交換中、外側ローラーが突然動きだし、ローラーの間に挟まれた。","2","鉱業","202","土石採取業","","","10~29","1","動力機械","16","一般動力機械","","","7","はさまれ、巻き込まれ"
"1913","1995","平成","7","10","4~5","乗用車で店の売上金を夜間金庫に納めに行き、店に戻る途中、センターラインを越え電柱に激突した。","14","接客娯楽業","","","","","10~29","2","物上げ装置、運搬機械","23","乗物","","","17","交通事故（道路）"
"1914","1995","平成","7","10","4~5","乗用車で店の売上金を夜間金庫に納めに行き、店に戻る途中、センターラインを越え電柱に激突した。","14","接客娯楽業","","","","","10~29","2","物上げ装置、運搬機械","23","乗物","","","17","交通事故（道路）"
"1915","1995","平成","7","10","5~6","4tトラックで走行中、雨でスリップし、ガードレールに激突した。","4","運輸交通業","403","道路貨物運送業","","","30~49","2","物上げ装置、運搬機械","22","動力運搬機","","","17","交通事故（道路）"
"1916","1995","平成","7","10","9~10","構内道路を横断中、後進してきた10tトラックに轢かれた。","1","製造業","108","化学工業","","","1~9","2","物上げ装置、運搬機械","22","動力運搬機","","","6","激突され"
"1917","1995","平成","7","10","16~17","下水マンホールの内部目視点検のため中に入ったところ、突然倒れた。","15","清掃・と畜業","","","","","50~99","5","物質、材料","51","危険物、有害物等","","","12","有害物等との接触"
"1918","1995","平成","7","10","23~24","県道上の配水管更生工事現場で交通整理中、乗用車にはねられた。","17","その他の事業","","","","","1~9","2","物上げ装置、運搬機械","23","乗物","","","17","交通事故（道路）"
"1919","1995","平成","7","10","6~7","高速道路インターチェンジ付近において、工事のため停滞中の前方車両に追突した。","4","運輸交通業","403","道路貨物運送業","","","50~99","2","物上げ装置、運搬機械","22","動力運搬機","","","17","交通事故（道路）"
"1920","1995","平成","7","10","6~7","50ccバイクで新聞配達中、交差点でライトバンと衝突した。","8","商業","","","","","10~29","2","物上げ装置、運搬機械","23","乗物","","","17","交通事故（道路）"
"1921","1995","平成","7","10","13~14","貨車にレールを積み込む作業中、使用していた可搬式テルハが倒壊し、テルハのアングルに挟まれた。","3","建設業","301","土木工事業","","","50~99","2","物上げ装置、運搬機械","21","動力クレーン等","","","5","崩壊、倒壊"
"1922","1995","平成","7","10","13~14","盛土工事中、盛土全面にシートを被せていたところ、ローラーに轢かれた。","3","建設業","301","土木工事業","","","1~9","1","動力機械","14","建設機械等","","","7","はさまれ、巻き込まれ"
"1923","1995","平成","7","10","15~16","植木の剪定作業をしていた被災者が、剪定バサミが頭部に突き刺さった状態で倒れていた。","6","農林業","602","林業","","","1~9","3","その他の装置等","36","人力機械工具等","","","8","切れ、こすれ"
"1924","1995","平成","7","10","16~17","建物上部の作業場所へ行く際、昇降設備を使わず足場の筋交いを登っていたところ、バランスを崩し墜落した。","3","建設業","303","その他の建設業","","","1~9","4","仮設物、建築物、構築物等","41","仮設物、建築物、構築物等","","","1","墜落、転落"
"1925","1995","平成","7","10","16~17","従業員送迎用マイクロバスで走行中、国道でUターンしようと路側帯より本線に出たところ、走行してきたダンプカーと衝突した。","1","製造業","114","電気機械器具製造業","","","50~99","2","物上げ装置、運搬機械","22","動力運搬機","","","17","交通事故（道路）"
"1926","1995","平成","7","10","23~24","運転代行を終え、同僚と帰社する途中、信号のない交差点で普通車に衝突された。","17","その他の事業","","","","","10~29","2","物上げ装置、運搬機械","23","乗物","","","17","交通事故（道路）"
"1927","1995","平成","7","11","2~3","4tトラックで高速道路を走行中、料金所で4tトラックに追突した。","4","運輸交通業","403","道路貨物運送業","","","50~99","2","物上げ装置、運搬機械","22","動力運搬機","","","17","交通事故（道路）"
"1928","1995","平成","7","11","4~5","4tトラックで国道を走行中、カーブを曲がりきれず、対向してきた10tトラックと正面衝突した。","4","運輸交通業","403","道路貨物運送業","","","30~49","2","物上げ装置、運搬機械","22","動力運搬機","","","17","交通事故（道路）"
"1929","1995","平成","7","11","10~11","材料置場付近でフォークリフトを停止させ、運転席から降りようとして地面に転落し、頭部を強打した。","1","製造業","105","家具・装備品製造業","","","10~29","2","物上げ装置、運搬機械","22","動力運搬機","","","1","墜落、転落"
"1930","1995","平成","7","11","11~12","タイヤローラーで走行中、堤防上の道路に出ようと右折したところ、曲がりきれず2.5m下の中堤に転落した。","3","建設業","301","土木工事業","","","1~9","1","動力機械","14","建設機械等","","","1","墜落、転落"
"1931","1995","平成","7","11","11~12","フォークリフトで木材チップを運搬中、フォークリフトが転倒し、バケットの下敷きになった。","1","製造業","104","木材・木製品製造業","","","30~49","2","物上げ装置、運搬機械","22","動力運搬機","","","2","転倒"
"1932","1995","平成","7","11","12~13","2階建木造住宅の建前作業中、下屋部分桁上で梁を設置していたところ、墜落した。","3","建設業","302","建築工事業","","","10~29","4","仮設物、建築物、構築物等","41","仮設物、建築物、構築物等","","","1","墜落、転落"
"1933","1995","平成","7","11","14~15","汚泥処理設備の設置及び配管作業において、鋼板上(高さ4.14m)からトラロープで沈殿槽に取り付ける泥除けカバーを降ろした後、トラロープを片付けていたところ、水路に墜落した。","3","建設業","303","その他の建設業","","","1~9","4","仮設物、建築物、構築物等","41","仮設物、建築物、構築物等","","","1","墜落、転落"
"1934","1995","平成","7","11","15~16","軽トラックで町道を走行中、ハンドル操作を誤り民家に激突した。","8","商業","","","","","1~9","2","物上げ装置、運搬機械","22","動力運搬機","","","17","交通事故（道路）"
"1935","1995","平成","7","11","18~19","20tトレーラーで走行中、下り坂のS字カーブで路外にはみ出し、約5m下の農業用水堀に転落した。","4","運輸交通業","403","道路貨物運送業","","","50~99","2","物上げ装置、運搬機械","22","動力運搬機","","","17","交通事故（道路）"
"1936","1995","平成","7","11","10~11","軽トラックで弁当配達中、配達先で当該トラックの横にいたところ、2tトラックに追突され、横転した軽トラックの下敷きになった。","8","商業","","","","","30~49","2","物上げ装置、運搬機械","22","動力運搬機","","","17","交通事故（道路）"
"1937","1995","平成","7","11","10~11","砂防堰堤建設現場でコンクリート打設作業中、コンクリートバイブレーターによる作業準備をしていたところ、旋回してきたドラグ・ショベルのカウンターウェイトに激突された。","3","建設業","301","土木工事業","","","10~29","1","動力機械","14","建設機械等","","","6","激突され"
"1938","1995","平成","7","11","11~12","小型移動式クレーンで吊り上げた井戸側を井戸内に降ろす際、玉掛に使ったクランプが外れ、吊り荷が井戸内にいた被災者を直撃した。","3","建設業","301","土木工事業","","","1~9","3","その他の装置等","37","用具","","","4","飛来、落下"
"1939","1995","平成","7","11","11~12","2階で洗濯物を竿に掛けていたところ、スレート製の床を踏み抜き、2.7m下のコンクリート床に墜落した。","1","製造業","117","その他の製造業","","","1~9","4","仮設物、建築物、構築物等","41","仮設物、建築物、構築物等","","","1","墜落、転落"
"1940","1995","平成","7","11","13~14","顧客先へ向かう途中、停車中の道路清掃車(4tトラック)に追突した。","9","金融・広告業","","","","","30~49","2","物上げ装置、運搬機械","22","動力運搬機","","","17","交通事故（道路）"
"1941","1995","平成","7","11","14~15","掘削坑(深さ約3m)内で配水管のレベル調整作業中、掘削面が崩壊した。","3","建設業","301","土木工事業","","","1~9","7","環境等","71","環境等","","","5","崩壊、倒壊"
"1942","1995","平成","7","11","14~15","大型トラックで国道を走行中、対向車線にはみ出し、大型タンクローリーと正面衝突した。","4","運輸交通業","403","道路貨物運送業","","","100~299","2","物上げ装置、運搬機械","22","動力運搬機","","","17","交通事故（道路）"
"1943","1995","平成","7","11","16~17","ドラグ・ショベルで鉄板を吊り上げ移動中、路肩を踏み外し、4m下の田圃に転落した。","3","建設業","301","土木工事業","","","1~9","1","動力機械","14","建設機械等","","","1","墜落、転落"
"1944","1995","平成","7","11","17~18","工場内において、天井走行クレーン(つり上げ荷重2.8t)でトラック荷台上の機械(約4t)を荷卸し中、吊り具のチェーンが切断し、その弾みでクレーンのガーターが落下した。","4","運輸交通業","403","道路貨物運送業","","","1~9","2","物上げ装置、運搬機械","21","動力クレーン等","","","4","飛来、落下"
"1945","1995","平成","7","11","21~22","ハイヤー乗務中、交差点で乗用車に衝突された。","4","運輸交通業","402","道路旅客運送業","","","100~299","2","物上げ装置、運搬機械","23","乗物","","","17","交通事故（道路）"
"1946","1995","平成","7","11","2~3","タクシーを運転し帰社途中、国道の北行車線を横切ろうとしたところ、北上中のトラックと出会い頭に衝突した。","4","運輸交通業","402","道路旅客運送業","","","100~299","2","物上げ装置、運搬機械","23","乗物","","","17","交通事故（道路）"
"1947","1995","平成","7","11","9~10","定置網の引き網の藻の状況を確認するため、Vローラー(引き上げ機械)で引き網のロープを引き上げていたところ、Vローラーに挟まれた。","7","畜産・水産業","","","","","10~29","2","物上げ装置、運搬機械","21","動力クレーン等","","","7","はさまれ、巻き込まれ"
"1948","1995","平成","7","11","9~10","飼料出荷棟2階で出荷口ドレッサー(ふるい機)を取付中、開口部から6m下に墜落した。","3","建設業","303","その他の建設業","","","1~9","4","仮設物、建築物、構築物等","41","仮設物、建築物、構築物等","","","1","墜落、転落"
"1949","1995","平成","7","11","13~14","ダンプカーの荷台に挟まったアスファルト塊をパクラ重機(バックホウにアタッチメントを付け小割りする機械)で砕いていたところ、荷台を強打したため荷台が跳ね上がり、荷台上の被災者が墜落した。","3","建設業","301","土木工事業","","","1~9","2","物上げ装置、運搬機械","22","動力運搬機","","","1","墜落、転落"
"1950","1995","平成","7","11","13~14","立体駐車場の鋼材組立作業中、高さ5mの足場板上から墜落した。","3","建設業","303","その他の建設業","","","1~9","4","仮設物、建築物、構築物等","41","仮設物、建築物、構築物等","","","1","墜落、転落"
"1951","1995","平成","7","11","4~5","トレーラーで高速道路を走行中、ランプウェイを逆送し、本線上で方向転換中の大型トラックに衝突した。","1","製造業","112","金属製品製造業","","","50~99","2","物上げ装置、運搬機械","22","動力運搬機","","","17","交通事故（道路）"
"1952","1995","平成","7","11","8~9","排水管布設現場において、車両系建設機械でマンホール用コンクリート製品(径105センチメートル、高さ180センチメートル)を吊っていたところ、ワイヤロープが切れ、吊り荷が地上を転がり、坑内で作業中の被災者の上に落下した。","3","建設業","301","土木工事業","","","30~49","3","その他の装置等","37","用具","","","4","飛来、落下"
"1953","1995","平成","7","11","11~12","荷の配送中、停車していたトラックに追突した。","4","運輸交通業","403","道路貨物運送業","","","1~9","2","物上げ装置、運搬機械","22","動力運搬機","","","17","交通事故（道路）"
"1954","1995","平成","7","11","11~12","トラッククレーンで廃車バスを吊り上げ移動中、クレーンが転倒し、荷の揺れを防ぐため控えロープ取りをしていた被災者が、荷の下敷きになった。","1","製造業","117","その他の製造業","","","1~9","6","荷","61","荷","","","4","飛来、落下"
"1955","1995","平成","7","11","11~12","事業場の資材置場において、ドラグ・ショベルでH型鋼を積み上げ、被災者がH型鋼上で吊り具のクランプを外していたところ、運転手がドラグ・ショベルを動かしたため、その反動でバケットに激突した。","3","建設業","301","土木工事業","","","10~29","1","動力機械","14","建設機械等","","","6","激突され"
"1956","1995","平成","7","11","11~12","市道にトラックを駐車し、荷台から荷物を降ろしていたところ、走行してきたトラックに激突された。","4","運輸交通業","403","道路貨物運送業","","","30~49","2","物上げ装置、運搬機械","22","動力運搬機","","","17","交通事故（道路）"
"1957","1995","平成","7","11","14~15","国有林伐木作業現場で伐倒木の玉切り作業中、斜面上方の立木(胸高直径50センチメートル)が倒れ、背中に当たった。","6","農林業","601","農業","","","10~29","7","環境等","71","環境等","","","5","崩壊、倒壊"
"1958","1995","平成","7","11","15~16","玉石を積み込んだ不整地運搬車で斜面(勾配16度)を後進で登っていたところ、突然逆走し35m下の谷に転落した。","3","建設業","301","土木工事業","","","1~9","2","物上げ装置、運搬機械","22","動力運搬機","","","1","墜落、転落"
"1959","1995","平成","7","11","16~17","キャロットバーベスター(人参収穫機)のコンベヤーに土塊が上ってきて人参の流れが悪くなったため、土塊を取り除こうと身を乗り出したところ、着衣がコンベヤーの駆動用シャフトのユニバーサルジョイントに巻き込まれ、首を締められた。","6","農林業","602","林業","","","1~9","1","動力機械","16","一般動力機械","","","7","はさまれ、巻き込まれ"
"1960","1995","平成","7","11","16~17","単管足場上(高さ約2.3m)で擁壁型枠の単管パイプを取り付けていたところ、足場後方から墜落した。","3","建設業","301","土木工事業","","","10~29","4","仮設物、建築物、構築物等","41","仮設物、建築物、構築物等","","","1","墜落、転落"
"1961","1995","平成","7","11","19~20","作業中、後進してきたフォークリフトに激突された。","1","製造業","117","その他の製造業","","","30~49","2","物上げ装置、運搬機械","22","動力運搬機","","","6","激突され"
"1962","1995","平成","7","11","14~15","工場内の可搬式ベルトコンベヤー(車付)をフォークリフトで屋外に移動させる際、フォークをコンベヤー後部に差し込み、押しながら移動させていたところ、コンベヤーが倒れ、近くにいた被災者がその下敷きになった。","1","製造業","117","その他の製造業","","","1~9","2","物上げ装置、運搬機械","22","動力運搬機","","","6","激突され"
"1963","1995","平成","7","11","23~24","フレコン(袋)置場において、フォークリフトの片側の爪にフレコン(約1t)を掛けて持ち上げ、フレコン2段目(高さ2.2m)の上に置こうとしたところ、フォークリフトが横転した。","1","製造業","109","窯業土石製品製造業","","","10~29","2","物上げ装置、運搬機械","22","動力運搬機","","","2","転倒"
"1964","1995","平成","7","11","2~3","事業場2階で就寝中、火災が発生した。","3","建設業","301","土木工事業","","","30~49","9","その他","99","分類不能","","","16","火災"
"1965","1995","平成","7","11","7~8","ビル屋上からブランコに乗り9階の窓を拭こうとしたところ、ブランコとともに地上に墜落した。","15","清掃・と畜業","","","","","100~299","3","その他の装置等","37","用具","","","1","墜落、転落"
"1966","1995","平成","7","11","8~9","敷地内にあるコンクリート製手摺のある石段取り壊しのため、手摺周囲の土砂を掘削除去後、手摺に付着した土砂を落としていたところ、手摺が倒壊した。","3","建設業","302","建築工事業","","","1~9","4","仮設物、建築物、構築物等","41","仮設物、建築物、構築物等","","","5","崩壊、倒壊"
"1967","1995","平成","7","11","12~13","屋根の瓦葺作業を終え、外部足場(高さ8.06m)を移動中、地上に墜落した。","3","建設業","302","建築工事業","","","1~9","4","仮設物、建築物、構築物等","41","仮設物、建築物、構築物等","","","1","墜落、転落"
"1968","1995","平成","7","11","13~14","厨房の天井に点検口を取り付け、天井裏でネズミの穴を探そうと点検口に腰を下ろしたところ、天井ボードが割れ約2.4m下の床に墜落した。","3","建設業","302","建築工事業","","","50~99","4","仮設物、建築物、構築物等","41","仮設物、建築物、構築物等","","","1","墜落、転落"
"1969","1995","平成","7","11","15~16","下水管敷設のための溝内(深さ1.5m)で配管の埋め戻し作業中、ドラグ・ショベルのバケットと土止め支保工の切梁の間に首を挟まれた。","3","建設業","301","土木工事業","","","1~9","1","動力機械","14","建設機械等","","","6","激突され"
"1970","1995","平成","7","11","16~17","埠頭の洗い場でコンテナを水洗い中、フォークリフトで運ばれてきた別のコンテナが下に降ろされ、その下にいた被災者が下敷きになった。","5","貨物取扱業","502","港湾運送業","","","100~299","2","物上げ装置、運搬機械","22","動力運搬機","","","6","激突され"
"1971","1995","平成","7","11","16~17","ため池堰堤の土質改良作業中、振動式転圧ローラーにより敷均した土を後方運転で転圧していたところ、転圧面端の堰堤切土面(高さ2m、90度)と転圧ローラーのハンドルの間に挟まれた。","3","建設業","301","土木工事業","","","1~9","1","動力機械","14","建設機械等","","","7","はさまれ、巻き込まれ"
"1972","1995","平成","7","11","2~3","トラックで走行中、交差点で信号停車中のタンクローリーに追突した。","4","運輸交通業","403","道路貨物運送業","","","10~29","2","物上げ装置、運搬機械","22","動力運搬機","","","17","交通事故（道路）"
"1973","1995","平成","7","11","9~10","高速道路の遮音壁設置現場で車両誘導中、後進してきた4tトラックに轢かれた。","17","その他の事業","","","","","10~29","2","物上げ装置、運搬機械","22","動力運搬機","","","17","交通事故（道路）"
"1974","1995","平成","7","11","11~12","かかり木になった伐倒木を処理中、かかられた立木の枝が裂け、頭上に落下した。","6","農林業","601","農業","","","30~49","7","環境等","71","環境等","","","4","飛来、落下"
"1975","1995","平成","7","11","13~14","坑(13.2×1×深さ2m)内で配水管の敷設工事中、法面が崩壊した。","3","建設業","301","土木工事業","","","1~9","7","環境等","71","環境等","","","5","崩壊、倒壊"
"1976","1995","平成","7","11","14~15","ウェットパンミル内で羽根を交換中、同僚が起動スイッチを入れたため機械に巻き込まれた。","1","製造業","109","窯業土石製品製造業","","","100~299","1","動力機械","16","一般動力機械","","","7","はさまれ、巻き込まれ"
"1977","1995","平成","7","11","16~17","工場内通路において、解体工事で使う酸素ボンベの元栓を締めていたところ、フォークリフトに轢かれた。","3","建設業","302","建築工事業","","","1~9","2","物上げ装置、運搬機械","22","動力運搬機","","","6","激突され"
"1978","1995","平成","7","11","19~20","4tトラックで高速道路を走行中、10t冷凍車に追突した。","4","運輸交通業","403","道路貨物運送業","","","10~29","2","物上げ装置、運搬機械","22","動力運搬機","","","17","交通事故（道路）"
"1979","1995","平成","7","11","21~22","給油を終えた車を国道に誘導中、走行してきた乗用車にはねられた。","8","商業","","","","","10~29","2","物上げ装置、運搬機械","23","乗物","","","17","交通事故（道路）"
"1980","1995","平成","7","11","7~8","ワゴン車で工事現場へ向かう途中、交差点で普通乗用車と出会い頭に衝突した。","3","建設業","301","土木工事業","","","10~29","2","物上げ装置、運搬機械","23","乗物","","","17","交通事故（道路）"
"1981","1995","平成","7","11","9~10","4階の窓拭き作業中、窓外側を庇に乗って拭いていたところ、16m下の地面に墜落した。","15","清掃・と畜業","","","","","1~9","4","仮設物、建築物、構築物等","41","仮設物、建築物、構築物等","","","1","墜落、転落"
"1982","1995","平成","7","11","9~10","道路新設工事現場において、雨水の排水のため田圃の中で溝掘り作業中、約20m離れた所にある休憩小屋の壁材のベニヤ(182×91×0.5センチメートル、約5.5キログラム)が強風に飛ばされ、被災者に激突した。","3","建設業","301","土木工事業","","","1~9","5","物質、材料","52","材料","","","4","飛来、落下"
"1983","1995","平成","7","11","10~11","工場敷地内のアスファルト道路上に、上空の高圧線への注意を促す文字をペイントしていたところ、後進してきた4tトラックに激突された。","1","製造業","113","一般機械器具製造業","","","100~299","2","物上げ装置、運搬機械","22","動力運搬機","","","6","激突され"
"1984","1995","平成","7","11","11~12","バイクを運転し駐車場から市道に出た際、走行してきた乗用車と衝突した。","15","清掃・と畜業","","","","","100~299","2","物上げ装置、運搬機械","23","乗物","","","17","交通事故（道路）"
"1985","1995","平成","7","11","11~12","高速道路の舗装工事中、機械で敷き均した合材の厚さを調整するためふるいで合材を巻いていたところ、ふるいが突風に飛ばされ、それを追いかけ車線に飛び出した際、トラックにはねられた。","3","建設業","301","土木工事業","","","50~99","2","物上げ装置、運搬機械","22","動力運搬機","","","17","交通事故（道路）"
"1986","1995","平成","7","11","11~12","移動式クレーンで型枠パネルを地下ステージ(深さ10.85m)に降ろす作業中、パネルに取り付けたロープを持って誘導していたところ、開口部より墜落した。","3","建設業","301","土木工事業","","","1~9","4","仮設物、建築物、構築物等","41","仮設物、建築物、構築物等","","","1","墜落、転落"
"1987","1995","平成","7","11","14~15","ドラグ・ショベルで鉄板を吊り上げ移動中、ドラグ・ショベルが転倒した。","3","建設業","301","土木工事業","","","1~9","1","動力機械","14","建設機械等","","","2","転倒"
"1988","1995","平成","7","11","15~16","スレート屋根を踏み抜き、6.4m下のコンクリート土間に墜落した。","1","製造業","109","窯業土石製品製造業","","","10~29","4","仮設物、建築物、構築物等","41","仮設物、建築物、構築物等","","","9","踏み抜き"
"1989","1995","平成","7","11","21~22","事務所2階から1階へ階段を下りる途中、転落した。","1","製造業","116","電気・ガス・水道業","","","100~299","4","仮設物、建築物、構築物等","41","仮設物、建築物、構築物等","","","1","墜落、転落"
"1990","1995","平成","7","11","8~9","道路に張り出していた木を切ったが、周りの木と葛が絡まっていたため下に落ちず、葛を切るため側の立木に1.7m登ったところ、5.8m下のコンクリート製側溝に墜落した。","3","建設業","301","土木工事業","","","1~9","7","環境等","71","環境等","","","1","墜落、転落"
"1991","1995","平成","7","11","8~9","親企業構内において、コンクリート製矢板をグラインダーで仕上げていたところ、移動してきた橋型クレーンのサドルと矢板の間に挟まれた。","1","製造業","109","窯業土石製品製造業","","","10~29","2","物上げ装置、運搬機械","21","動力クレーン等","","","7","はさまれ、巻き込まれ"
"1992","1995","平成","7","11","10~11","電力ケーブル工場内において、作業床(高さ2.65m)上で天井クレーンで吊った荷を誘導中、墜落した。","1","製造業","117","その他の製造業","","","1~9","3","その他の装置等","39","その他の装置、設備","","","1","墜落、転落"
"1993","1995","平成","7","11","11~12","高速道路上の壁高欄補修作業現場に、走行中のトラックから脱落したタイヤが転がってきて、被災者に激突した。","3","建設業","303","その他の建設業","","","1~9","2","物上げ装置、運搬機械","22","動力運搬機","","","17","交通事故（道路）"
"1994","1995","平成","7","11","11~12","掘削坑(深さ2.1m)内で後片付け中、幅1m、長さ4mに渡って土砂が崩壊した。","3","建設業","301","土木工事業","","","1~9","7","環境等","71","環境等","","","5","崩壊、倒壊"
"1995","1995","平成","7","11","13~14","資源ゴミの選別作業中、後進してきた3.3tフォークローダーに轢かれた。","15","清掃・と畜業","","","","","不明","1","動力機械","14","建設機械等","","","7","はさまれ、巻き込まれ"
"1996","1995","平成","7","11","13~14","営業先の駐車場横の道路上において、乗用車の運転席のドアを開け、車を後進させていたところ、運転操作を誤り塀との間に挟まれた。","9","金融・広告業","","","","","30~49","2","物上げ装置、運搬機械","23","乗物","","","17","交通事故（道路）"
"1997","1995","平成","7","11","13~14","棚積み用クレーンのトラブル処理のため出張中、現場で火災が発生し、消火活動の協力をしていた被災者が、遺体で発見された。","1","製造業","113","一般機械器具製造業","","","1000~9999","9","その他","99","分類不能","","","16","火災"
"1998","1995","平成","7","11","14~15","ドラグ・ショベルを法面(勾配約30度)上部に移動させていたところ、途中の石垣(高さ80センチメートル)を越えようとしてバランスを崩し、転倒した。","3","建設業","302","建築工事業","","","1~9","1","動力機械","14","建設機械等","","","2","転倒"
"1999","1995","平成","7","11","14~15","掘削溝内(深さ約4m)で導水管周りの土砂を手掘りしていたところ、掘削溝の側面が崩壊した。","3","建設業","301","土木工事業","","","1~9","7","環境等","71","環境等","","","5","崩壊、倒壊"
"2000","1995","平成","7","11","14~15","ワゴン車で宿泊客を送迎中、国道で対向車線をはみ出し、観光バスと正面衝突した。","14","接客娯楽業","","","","","10~29","2","物上げ装置、運搬機械","23","乗物","","","17","交通事故（道路）"
"2001","1995","平成","7","11","15~16","5階屋上の防水改修工事中、エアーホースを移動させていたところ、12m下の1階庇上に墜落した。","3","建設業","302","建築工事業","","","10~29","4","仮設物、建築物、構築物等","41","仮設物、建築物、構築物等","","","1","墜落、転落"
"2002","1995","平成","7","11","16~17","山砂の上に路盤材を敷く作業中、材を運搬してきたダンプカーに轢かれた。","3","建設業","301","土木工事業","","","30~49","2","物上げ装置、運搬機械","22","動力運搬機","","","7","はさまれ、巻き込まれ"
"2003","1995","平成","7","11","16~17","車で走行中、カーブでセンターラインをはみ出し、対向車と衝突した。","9","金融・広告業","","","","","1~9","2","物上げ装置、運搬機械","23","乗物","","","17","交通事故（道路）"
"2004","1995","平成","7","11","18~19","ビートの野積み作業を終え、ビートパイラー(ビート野積み機)のベルトコンベヤーのローラー付近のスクレーパーに付着した土を、機械を停止しないまま専用工具で落としていたところ、両手がローラーに巻き込まれた。","5","貨物取扱業","501","陸上貨物取扱業","","","1~9","2","物上げ装置、運搬機械","22","動力運搬機","","","7","はさまれ、巻き込まれ"
"2005","1995","平成","7","11","20~21","出張先より乗用車で帰社途中、国道でセンターラインをはみ出し、対向してきた観光バスと正面衝突した。","4","運輸交通業","401","鉄道・軌道・水運・航空業","","","30~49","2","物上げ装置、運搬機械","23","乗物","","","17","交通事故（道路）"
"2006","1995","平成","7","11","8~9","積載型トラッククレーンの荷台に乗り玉掛作業中、転落した。","8","商業","","","","","1~9","2","物上げ装置、運搬機械","21","動力クレーン等","","","1","墜落、転落"
"2007","1995","平成","7","11","16~17","3段に積み上げられたポンツーン(ハッチの蓋)上で揚荷装置の合図者として作業中、吊り荷がポンツーンに当たり、その反動で7m下の岸壁に墜落した。","5","貨物取扱業","502","港湾運送業","","","100~299","9","その他","91","その他の起因物","","","1","墜落、転落"
"2008","1995","平成","7","11","16~17","自転車で新聞配達中、横断歩道で2tトラックと衝突した。","8","商業","","","","","50~99","2","物上げ装置、運搬機械","22","動力運搬機","","","17","交通事故（道路）"
"2009","1995","平成","7","11","5~6","軽自動車で新聞配達中、国道交差点で右折する際、乗用車に衝突した。","8","商業","","","","","1~9","2","物上げ装置、運搬機械","23","乗物","","","17","交通事故（道路）"
"2010","1995","平成","7","11","8~9","梯子に登り排水路の石垣積直し作業の準備をしていたところ、バランスを崩し水路底部に転落した。","3","建設業","301","土木工事業","","","1~9","3","その他の装置等","37","用具","","","1","墜落、転落"
"2011","1995","平成","7","11","9~10","岸壁において、荷揚げ作業の後片付け中、手押し台車とともに川に墜落した。","5","貨物取扱業","502","港湾運送業","","","30~49","4","仮設物、建築物、構築物等","41","仮設物、建築物、構築物等","","","1","墜落、転落"
"2012","1995","平成","7","11","18~19","地下1階の調理場に向かう途中、階段を踏み外し、2m下の踊り場に転落した。","14","接客娯楽業","","","","","50~99","4","仮設物、建築物、構築物等","41","仮設物、建築物、構築物等","","","1","墜落、転落"
"2013","1995","平成","7","11","6~7","10tトラックで高速道路を走行中、プロペラシャフトが脱落したため路肩に停車したところ、落ちたシャフトにより後続の2tトラックがパンク停止したため、被災者は車を降り後続車に向かったところ、被災者のトラックが後進しアオリで頭部を強打した。","4","運輸交通業","403","道路貨物運送業","","","50~99","2","物上げ装置、運搬機械","22","動力運搬機","","","17","交通事故（道路）"
"2014","1995","平成","7","11","9~10","水平ボーリング作業中、ボーリングマシンのロットに巻き込まれた。","3","建設業","301","土木工事業","","","30~49","1","動力機械","14","建設機械等","","","7","はさまれ、巻き込まれ"
"2015","1995","平成","7","11","11~12","ドラグ・ショベルのバケットに砕石を入れ左に旋回したとき、ドラグ・ショベルが横転した。","2","鉱業","203","その他の鉱業","","","10~29","1","動力機械","14","建設機械等","","","2","転倒"
"2016","1995","平成","7","11","11~12","不整地運搬車で土砂を運搬中、川に横転した。","3","建設業","301","土木工事業","","","1~9","2","物上げ装置、運搬機械","22","動力運搬機","","","2","転倒"
"2017","1995","平成","7","11","15~16","採石現場において、ブル・ドーザーで地均し作業中、岩盤が崩れ落ちてきた。","2","鉱業","202","土石採取業","","","10~29","7","環境等","71","環境等","","","5","崩壊、倒壊"
"2018","1995","平成","7","11","1~2","トラックで国道を走行中、赤信号で停車中の大型トラックに追突した。","1","製造業","117","その他の製造業","","","50~99","2","物上げ装置、運搬機械","22","動力運搬機","","","17","交通事故（道路）"
"2019","1995","平成","7","11","6~7","バイクで新聞配達中、国道交差点で10tトラックと衝突した。","8","商業","","","","","10~29","2","物上げ装置、運搬機械","22","動力運搬機","","","17","交通事故（道路）"
"2020","1995","平成","7","11","7~8","擁壁構築工事において、移動式クレーン(つり上げ荷重4.8t)で鉄製バッカンを吊り上げ中、同クレーンがバランスを崩して転倒し、付近で作業していた被災者に吊り荷が激突した。","3","建設業","301","土木工事業","","","1~9","2","物上げ装置、運搬機械","21","動力クレーン等","","","6","激突され"
"2021","1995","平成","7","11","8~9","ブル・ドーザーで路肩端の土砂を山側に寄せるためガードを下ろして後進中、ブル・ドーザーもろとも転落した。","3","建設業","301","土木工事業","","","50~99","1","動力機械","14","建設機械等","","","1","墜落、転落"
"2022","1995","平成","7","11","11~12","枝打ち用昇降梯子の上で作業準備中、バランスを崩し約6m下に墜落した。","6","農林業","601","農業","","","50~99","3","その他の装置等","37","用具","","","1","墜落、転落"
"2023","1995","平成","7","11","11~12","梁上(高さ3.8m)で母屋材(長さ2m)を手渡しで移動させていたところ、バランスを崩しコンクリート面に墜落した。","3","建設業","302","建築工事業","","","1~9","4","仮設物、建築物、構築物等","41","仮設物、建築物、構築物等","","","1","墜落、転落"
"2024","1995","平成","7","11","11~12","トラックに同乗し現場へ向かう途中、交差点でダンプカーと衝突した。","3","建設業","303","その他の建設業","","","1~9","2","物上げ装置、運搬機械","22","動力運搬機","","","17","交通事故（道路）"
"2025","1995","平成","7","11","13~14","ぬか取り機械を清掃中、木製梯子が外れ墜落した。","1","製造業","101","食料品製造業","","","500~999","3","その他の装置等","37","用具","","","1","墜落、転落"
"2026","1995","平成","7","11","15~16","電源を切らずに電源装置を修理中、感電した。","1","製造業","114","電気機械器具製造業","","","100~299","3","その他の装置等","35","電気設備","","","13","感電"
"2027","1995","平成","7","11","16~17","荷物用エレベーター(3×2.3×高さ2m)に荷とともに乗り込み、1階から2階に上昇中、搬器の戸の上端と昇降路出入口の戸のフレームの間に頭部を挟まれた。","1","製造業","103","衣服その他の繊維製品製造業","","","100~299","2","物上げ装置、運搬機械","21","動力クレーン等","","","7","はさまれ、巻き込まれ"
"2028","1995","平成","7","11","10~11","木造住宅の軒天の吹付塗装中、うま足場上から3.3m下の土間に墜落した。","3","建設業","302","建築工事業","","","1~9","4","仮設物、建築物、構築物等","41","仮設物、建築物、構築物等","","","1","墜落、転落"
"2029","1995","平成","7","11","11~12","テーブル帯鋸盤で材を2つ又は3つ割にしていたところ、鋸刃に巻き込まれ、床面に叩き付けられた。","1","製造業","104","木材・木製品製造業","","","10~29","1","動力機械","13","木材加工用機械","","","7","はさまれ、巻き込まれ"
"2030","1995","平成","7","11","12~13","車両積載型クレーンで油圧ホースを吊り上げ旋回中、地上約9mの送電線(66000V)に同クレーンのワイヤロープが接触し、レバー操作をしていた被災者が感電した。","3","建設業","301","土木工事業","","","1~9","2","物上げ装置、運搬機械","21","動力クレーン等","","","13","感電"
"2031","1995","平成","7","11","16~17","天井クレーン(つり上げ荷重10t)で土止めパネル16枚(1枚600キログラム)を吊り上げ移動中、4本の玉掛ワイヤロープのうち1本が切断し、荷が被災者の上に落下した。","8","商業","","","","","100~299","3","その他の装置等","37","用具","","","4","飛来、落下"
"2032","1995","平成","7","11","14~15","構内において、荷(移動式クレーン)を操作して移動させていたところ、転倒した。","4","運輸交通業","403","道路貨物運送業","","","100~299","6","荷","61","荷","","","2","転倒"
"2033","1995","平成","7","11","16~17","浄化槽建設工事において、コンクリート浄化槽内部型枠解体後、マンホール開口部より浄化槽内に墜落した。","3","建設業","303","その他の建設業","","","1~9","4","仮設物、建築物、構築物等","41","仮設物、建築物、構築物等","","","1","墜落、転落"
"2034","1995","平成","7","11","18~19","掘削した道路の復旧工事現場で清掃作業中、後進してきたタイヤショベルに轢かれた。","3","建設業","301","土木工事業","","","1~9","1","動力機械","14","建設機械等","","","6","激突され"
"2035","1995","平成","7","11","7~8","切削機で削った後の道路舗装面を清掃中、後方にいた清掃車が動き出し、清掃車と切削機の間に挟まれた。","3","建設業","301","土木工事業","","","30~49","2","物上げ装置、運搬機械","22","動力運搬機","","","7","はさまれ、巻き込まれ"
"2036","1995","平成","7","11","11~12","引湯管用吊り橋の主索アンカーコンクリート等保護のため上部崖のモルタル吹付工事中、崖上部より親綱を垂らし、1次吹き付けしたモルタル面に金網を張っていたところ、親綱が切れ、約20m下の川に転落した。","3","建設業","301","土木工事業","","","1~9","3","その他の装置等","37","用具","","","1","墜落、転落"
"2037","1995","平成","7","11","11~12","SRC弉階建ホテルのプール掘削作業に係る床付けが終了し、掘削敷地内(深さ2.6m)の北東コーナーのレベル確認作業中、法面の一部が突然崩壊した。","3","建設業","302","建築工事業","","","1~9","7","環境等","71","環境等","","","5","崩壊、倒壊"
"2038","1995","平成","7","11","13~14","セメントサイロの中でセメントの固まりを竿及び振動ドリルで掻き落とす作業中、セメントの粉が崩れ落ちてきた。","5","貨物取扱業","502","港湾運送業","","","30~49","3","その他の装置等","39","その他の装置、設備","","","5","崩壊、倒壊"
"2039","1995","平成","7","11","14~15","道路上でアスファルト粉砕作業中、道路反対側に工具を取りに行く際、走行してきた車にはねられた。","3","建設業","301","土木工事業","","","1~9","2","物上げ装置、運搬機械","23","乗物","","","17","交通事故（道路）"
"2040","1995","平成","7","11","14~15","土止めに使われた鉄板をバックホウで引き抜く作業中、鉄板で押さえられていた地山の一部が崩壊した。","3","建設業","301","土木工事業","","","1~9","4","仮設物、建築物、構築物等","41","仮設物、建築物、構築物等","","","5","崩壊、倒壊"
"2041","1995","平成","7","11","14~15","7階建ビルの窓拭き作業中、吹き抜け部分を清掃するため7階の壁(高さ110センチメートル、幅25センチメートルの手摺)の上を歩いていたところ、24m下のホールに墜落した。","15","清掃・と畜業","","","","","100~299","4","仮設物、建築物、構築物等","41","仮設物、建築物、構築物等","","","1","墜落、転落"
"2042","1995","平成","7","11","15~16","構内でフォークリフトに轢かれた。","1","製造業","109","窯業土石製品製造業","","","50~99","2","物上げ装置、運搬機械","22","動力運搬機","","","6","激突され"
"2043","1995","平成","7","11","18~19","ピット内の砂をスコップでベルトコンベヤーに載せ除去作業中、コンベヤー付近の砂を手で取り除いていたところ、右手をコンベヤーに巻き込まれた。","1","製造業","110","鉄鋼業","","","10~29","2","物上げ装置、運搬機械","22","動力運搬機","","","7","はさまれ、巻き込まれ"
"2044","1995","平成","7","11","16~17","コンベヤーフレーム(約500キログラム)のボルト締め作業のため、1.5tフォークリフトにフレームを載せ、地上約1.52mまで持ち上げたところ、フレームとともに地上に落下した","1","製造業","113","一般機械器具製造業","","","1~9","6","荷","61","荷","","","1","墜落、転落"
"2045","1995","平成","7","11","8~9","発電用ボイラー2次燃焼室下部のホッパーに溜まった石油コークス灰の払い出し作業中、灰(100°C)が急激に落下飛散した。","3","建設業","303","その他の建設業","","","1~9","5","物質、材料","51","危険物、有害物等","","","11","高温・低温の物との接触"
"2046","1995","平成","7","11","8~9","自転車で走行中、交差点の横断歩道で普通乗用車と衝突した。","9","金融・広告業","","","","","100~299","2","物上げ装置、運搬機械","23","乗物","","","17","交通事故（道路）"
"2047","1995","平成","7","11","13~14","移動式クレーンで地下(深さ4.5m)から材料を搬出する際、クレーンのフックに掛けられたモッコが作業床に接触しないよう押さえようとしたところ、地下に墜落した。","3","建設業","302","建築工事業","","","30~49","4","仮設物、建築物、構築物等","41","仮設物、建築物、構築物等","","","1","墜落、転落"
"2048","1995","平成","7","11","13~14","2tトラックで県道を走行中、センターラインを越えてきた4tトラックと衝突した。","4","運輸交通業","403","道路貨物運送業","","","50~99","2","物上げ装置、運搬機械","22","動力運搬機","","","17","交通事故（道路）"
"2049","1995","平成","7","11","13~14","2tトラックで走行中、雨でスリップして反対車線に飛び出し、対向してきた大型トラックと衝突した。","1","製造業","104","木材・木製品製造業","","","1~9","2","物上げ装置、運搬機械","22","動力運搬機","","","17","交通事故（道路）"
"2050","1995","平成","7","11","9~10","倉庫2階搬出入口のシャッターを開ける際、シャッターが上まで上がりきらなかったため上方を見ようと身を乗り出したところ、墜落した。","8","商業","","","","","10~29","4","仮設物、建築物、構築物等","41","仮設物、建築物、構築物等","","","1","墜落、転落"
"2051","1995","平成","7","11","10~11","14階建マンションの外部足場の解体作業中、足場上から38m下の地上に墜落した。","3","建設業","302","建築工事業","","","10~29","4","仮設物、建築物、構築物等","41","仮設物、建築物、構築物等","","","1","墜落、転落"
"2052","1995","平成","7","11","10~11","掘削溝(幅約1m、深さ約2m)内で床均し作業中、壁面が崩壊した。","3","建設業","301","土木工事業","","","1~9","7","環境等","71","環境等","","","5","崩壊、倒壊"
"2053","1995","平成","7","11","10~11","工場棟ピット基礎の型枠建込作業中、型枠下部を押さえるため枠組足場伝いに降りようとしたところ、手が滑り高さ1.5mから墜落した。","3","建設業","302","建築工事業","","","1~9","4","仮設物、建築物、構築物等","41","仮設物、建築物、構築物等","","","1","墜落、転落"
"2054","1995","平成","7","11","11~12","木造住宅2階床部分の梁(高さ4.46m)上から枠組足場を伝って降りようとしたところ、足を踏み外し墜落した。","3","建設業","302","建築工事業","","","1~9","4","仮設物、建築物、構築物等","41","仮設物、建築物、構築物等","","","1","墜落、転落"
"2055","1995","平成","7","11","14~15","タンクローリーを給油中、給油を終了し後進してきたクローラードリルとタンクローリーの間に挟まれた。","3","建設業","301","土木工事業","","","30~49","1","動力機械","14","建設機械等","","","7","はさまれ、巻き込まれ"
"2056","1995","平成","7","11","16~17","高速道路のガードレール取替工事現場で警備を担当し、当日の工事終了後、交通規制標識等を撤去していたところ、走行してきたトラックが標識車に激突し、近くにいた被災者が巻き込まれた。","17","その他の事業","","","","","1~9","2","物上げ装置、運搬機械","23","乗物","","","18","交通事故（その他）"
"2057","1995","平成","7","11","18~19","牛舎での作業を終え、国道向かいの事務所へ戻る途中、軽乗用車にはねられた。","7","畜産・水産業","","","","","1~9","2","物上げ装置、運搬機械","23","乗物","","","17","交通事故（道路）"
"2058","1995","平成","7","11","10~11","研削盤で包丁の刀とぎ作業中、砥石(径65.5センチメートル)が破裂し、その破片が頭部に当たった。","1","製造業","112","金属製品製造業","","","1~9","1","動力機械","16","一般動力機械","","","4","飛来、落下"
"2059","1995","平成","7","11","11~12","ショベルローダーで後進中、脱輪し約5m転落した。","6","農林業","602","林業","","","1~9","2","物上げ装置、運搬機械","22","動力運搬機","","","1","墜落、転落"
"2060","1995","平成","7","11","13~14","発電所余水路水叩部内において、床版コンクリート補修のため在来床版鉄筋の切断準備中、落下してきた石(18×16×10センチメートル)が頭部に当たった。","3","建設業","301","土木工事業","","","1~9","7","環境等","71","環境等","","","4","飛来、落下"
"2061","1995","平成","7","11","14~15","山林内の伐採現場において、チェーンソーで伐倒木の枝払い中、木が完全に切れていなかった切り口よりもげて被災者に激突した。","6","農林業","601","農業","","","1~9","7","環境等","71","環境等","","","6","激突され"
"2062","1995","平成","7","11","14~15","木材伐出現場において、退避場所から道路を横断して土場に向かっていたところ、10tトラックに轢かれた。","6","農林業","601","農業","","","1~9","2","物上げ装置、運搬機械","22","動力運搬機","","","17","交通事故（道路）"
"2063","1995","平成","7","11","18~19","廃水処理装置の改造工事に際し、タンク内に溜まっていたヘドロをポンプで汲み上げ作業中、ホースが詰まり、タンク上部から中に入ったところ、硫化水素を吸入した。","15","清掃・と畜業","","","","","30~49","5","物質、材料","51","危険物、有害物等","","","12","有害物等との接触"
"2064","1995","平成","7","11","9~10","スプレッダー芯取りテーブルリフターのテーブルと支持金具の間に挟まれた。","1","製造業","104","木材・木製品製造業","","","100~299","2","物上げ装置、運搬機械","21","動力クレーン等","","","7","はさまれ、巻き込まれ"
"2065","1995","平成","7","11","15~16","ユニック車(つり上げ荷重2t)で丸太34本(約340キログラム)を吊り上げ、ブームを後方に旋回させたところ、ユニック車が横転した。","3","建設業","301","土木工事業","","","1~9","2","物上げ装置、運搬機械","21","動力クレーン等","","","2","転倒"
"2066","1995","平成","7","11","15~16","立体駐車場工事において、車が乗るパレットの振れ止め金具を取付中、パレットと壁の隙間から墜落した。","3","建設業","302","建築工事業","","","1~9","4","仮設物、建築物、構築物等","41","仮設物、建築物、構築物等","","","1","墜落、転落"
"2067","1995","平成","7","11","22~23","ブロー成形機でクーラーボックスを成形中、成形機の金型内に入り、金型に付着した製品を外していたところ、成形機が不意に作動し、金型に挟まれた。","1","製造業","108","化学工業","","","300~499","1","動力機械","16","一般動力機械","","","7","はさまれ、巻き込まれ"
"2068","1995","平成","7","11","5~6","バイパス(3車線)の右側車線を走行中、中央車線に進路変更したところ、左側車線の車が同時に中央車線に進路変更してきたため激突した。","4","運輸交通業","403","道路貨物運送業","","","10~29","2","物上げ装置、運搬機械","22","動力運搬機","","","17","交通事故（道路）"
"2069","1995","平成","7","11","9~10","単管ブラケット足場解体中、バランスを崩し、20.3m下の地上に墜落した。","3","建設業","302","建築工事業","","","10~29","4","仮設物、建築物、構築物等","41","仮設物、建築物、構築物等","","","1","墜落、転落"
"2070","1995","平成","7","11","9~10","2階床部分の組立作業中、高さ約3mの梁から墜落した。","3","建設業","302","建築工事業","","","1~9","4","仮設物、建築物、構築物等","41","仮設物、建築物、構築物等","","","1","墜落、転落"
"2071","1995","平成","7","11","10~11","鉄骨2階建レストハウスの煙突部の作業のため天井の田屋の上を移動中、約5.9m下に墜落した。","3","建設業","302","建築工事業","","","30~49","4","仮設物、建築物、構築物等","41","仮設物、建築物、構築物等","","","1","墜落、転落"
"2072","1995","平成","7","11","11~12","バッテリーフォークリフトを点検中、キースイッチを入れたまま運転席から前方に身を乗り出し、マストのチェーンに給油していたところ、足が操作レバーに当たったためマストが起き、マストとヘッドガードの間に首を挟まれた。","5","貨物取扱業","501","陸上貨物取扱業","","","10~29","2","物上げ装置、運搬機械","22","動力運搬機","","","7","はさまれ、巻き込まれ"
"2073","1995","平成","7","11","11~12","軽ワゴン車で郵便物を集配中、交差点でトラックと出会い頭に衝突した。","11","通信業","","","","","1~9","2","物上げ装置、運搬機械","22","動力運搬機","","","17","交通事故（道路）"
"2074","1995","平成","7","11","13~14","砂採取船から係留のため砂運搬船のロープを取ろうとしたところ、川に転落し、船と船の間に挟まれた。","2","鉱業","202","土石採取業","","","1~9","2","物上げ装置、運搬機械","23","乗物","","","1","墜落、転落"
"2075","1995","平成","7","11","13~14","工場内でフォークリフトを運転中、フォークリフトが横転した。","1","製造業","109","窯業土石製品製造業","","","50~99","2","物上げ装置、運搬機械","22","動力運搬機","","","2","転倒"
"2076","1995","平成","7","11","14~15","町道上の燃料置場付近にブル・ドーザーを給油のため停止させていたところ、坂道であったため動き出したブル・ドーザーにひかれた。","3","建設業","301","土木工事業","","","10~29","1","動力機械","14","建設機械等","","","7","はさまれ、巻き込まれ"
"2077","1995","平成","7","11","10~11","自社の土捨て場において、ドラグ・ショベルで整地作業中、ドラグ・ショベルが凹地に入り転倒した。","17","その他の事業","","","","","10~29","1","動力機械","14","建設機械等","","","2","転倒"
"2078","1995","平成","7","11","13~14","事業場内バッチャープラントのスレート屋根を踏み抜き、約6.3m下の地上に墜落した。","1","製造業","109","窯業土石製品製造業","","","10~29","4","仮設物、建築物、構築物等","41","仮設物、建築物、構築物等","","","1","墜落、転落"
"2079","1995","平成","7","11","不明","マンション屋上の塔屋に看板を取付中、看板の傾きを確認するため後退したところ、屋上端部より約18m下の路面に墜落した。","3","建設業","302","建築工事業","","","10~29","4","仮設物、建築物、構築物等","41","仮設物、建築物、構築物等","","","1","墜落、転落"
"2080","1995","平成","7","11","5~6","自転車で新聞配達中、道路を横断中にワゴン車に衝突された。","8","商業","","","","","30~49","2","物上げ装置、運搬機械","23","乗物","","","17","交通事故（道路）"
"2081","1995","平成","7","11","10~11","ローラーで後進中、ガードレールを突き破り、約10m下に転落した。","3","建設業","301","土木工事業","","","10~29","1","動力機械","14","建設機械等","","","1","墜落、転落"
"2082","1995","平成","7","11","8~9","ケーソン工事に使うシャフト(径約1.4m、幅2m、約800キログラム)を2tユニック車に積み込む際、当該シャフトと近くに置かれたシャフトの間に挟まれた。","3","建設業","301","土木工事業","","","100~299","5","物質、材料","52","材料","","","5","崩壊、倒壊"
"2083","1995","平成","7","11","9~10","8階建マンションの6階階段部の鉄筋組立中、単管抱足場の外部足場から18.6m下に墜落した。","3","建設業","302","建築工事業","","","50~99","4","仮設物、建築物、構築物等","41","仮設物、建築物、構築物等","","","1","墜落、転落"
"2084","1995","平成","7","11","9~10","残土置場を作るためチェーンソーで立木を伐倒中、立木が縦方向に割れ、顔面を直撃した。","3","建設業","301","土木工事業","","","30~49","7","環境等","71","環境等","","","5","崩壊、倒壊"
"2085","1995","平成","7","11","10~11","4階の事務所の引越のためテレビ(29インチ)を部屋から運び出していたところ、階段踊り場より1.6m下の3階床に転落した。","9","金融・広告業","","","","","1~9","4","仮設物、建築物、構築物等","41","仮設物、建築物、構築物等","","","1","墜落、転落"
"2086","1995","平成","7","11","11~12","枠組外部足場解体中、4段目の足場から墜落した。","3","建設業","302","建築工事業","","","1~9","4","仮設物、建築物、構築物等","41","仮設物、建築物、構築物等","","","1","墜落、転落"
"2087","1995","平成","7","11","11~12","圃場整備工事において、水田の畦の草刈作業中、高さ3.88mの畦の端から道路側溝に墜落した。","3","建設業","301","土木工事業","","","10~29","7","環境等","71","環境等","","","1","墜落、転落"
"2088","1995","平成","7","11","11~12","融雪のためプロパンバーナーで路盤を熱していたところ、後進してきたダンプカーに轢かれた。","3","建設業","301","土木工事業","","","50~99","2","物上げ装置、運搬機械","22","動力運搬機","","","7","はさまれ、巻き込まれ"
"2089","1995","平成","7","11","15~16","斜面(勾配約45度)に雪崩防止柵を築造する工事において、最上部の基礎から鋼矢板を移動させようと持ち上げたところ、バランスを崩し、約39m下に転落した。","3","建設業","301","土木工事業","","","30~49","7","環境等","71","環境等","","","1","墜落、転落"
"2090","1995","平成","7","11","15~16","ロングスパン工事用エレベーターの昇降路内でバケツを洗っていたところ、降下してきたエレベーターと地面の間に挟まれた。","3","建設業","302","建築工事業","","","1~9","2","物上げ装置、運搬機械","21","動力クレーン等","","","7","はさまれ、巻き込まれ"
"2091","1995","平成","7","11","21~22","ワゴン車で送迎中、信号のない交差点で乗用車と出会い頭に衝突した。","1","製造業","115","輸送用機械等製造業","","","30~49","2","物上げ装置、運搬機械","23","乗物","","","17","交通事故（道路）"
"2092","1995","平成","7","11","22~23","4tトラックで国道を走行中、赤信号で停車中の4tトラックに追突した。","4","運輸交通業","403","道路貨物運送業","","","50~99","2","物上げ装置、運搬機械","22","動力運搬機","","","17","交通事故（道路）"
"2093","1995","平成","7","11","不明","国道を走行中、トラックに追突した。","4","運輸交通業","403","道路貨物運送業","","","1~9","2","物上げ装置、運搬機械","22","動力運搬機","","","17","交通事故（道路）"
"2094","1995","平成","7","11","8~9","産業廃棄物処理場において、焼却炉の灰出口扉の水漏れ点検修理中、扉が安全ピンで止まったため、ハンマーで安全ピンを叩いて外したところ、扉が落下してきた。","1","製造業","113","一般機械器具製造業","","","30~49","3","その他の装置等","34","炉窯等","","","4","飛来、落下"
"2095","1995","平成","7","11","12~13","ダンプカーに残土を積んで待機中、後輪部にジャッキを掛けてブレーキを調整していたところ、ジャッキが外れて車が後進し始め、後ろに回って止めようとしたが、後方で待機していた別のダンプカーとの間に挟まれた。","3","建設業","301","土木工事業","","","30~49","2","物上げ装置、運搬機械","22","動力運搬機","","","6","激突され"
"2096","1995","平成","7","11","15~16","建造中のボイラー内において熱交換用パイプの据付作業中、据付位置を間違えたため巻上機でパイプを降下させていたところ、玉掛をしていた吊りピースが破断し、パイプが落下した。","3","建設業","303","その他の建設業","","","1~9","5","物質、材料","52","材料","","","4","飛来、落下"
"2097","1995","平成","7","11","16~17","2階屋根上でテレビアンテナの取付作業中、7.2m下の道路に墜落した。","8","商業","","","","","1~9","4","仮設物、建築物、構築物等","41","仮設物、建築物、構築物等","","","1","墜落、転落"
"2098","1995","平成","7","11","17~18","鉄塔上において、親ロッド上部に付いているスイベルをウインチで吊り下げているブロックへ取り付ける際、鉄塔内部に掛け渡したあゆみ板上から約19m下の作業ステージに墜落した。","3","建設業","301","土木工事業","","","1~9","4","仮設物、建築物、構築物等","41","仮設物、建築物、構築物等","","","1","墜落、転落"
"2099","1995","平成","7","11","17~18","トラックでプロパンガスボンベを配達中、信号待ちをしていたところ、大型保冷車に追突され、その弾みで前の大型ダンプカーに激突した。","8","商業","","","","","1~9","2","物上げ装置、運搬機械","22","動力運搬機","","","17","交通事故（道路）"
"2100","1995","平成","7","11","18~19","施盤で鍛造棒(直径175×2670センチメートル)を切削中、加工物に巻き込まれた。","1","製造業","111","非鉄金属製造業","","","100~299","1","動力機械","16","一般動力機械","","","7","はさまれ、巻き込まれ"
"2101","1995","平成","7","11","2~3","自動平盤打抜機の準備作業中、紙の排出箇所でストッパー部分を調整していたところ、起動し始めた装置に頭部を挟まれた。","1","製造業","107","印刷・製本業","","","300~499","3","その他の装置等","39","その他の装置、設備","","","7","はさまれ、巻き込まれ"
"2102","1995","平成","7","11","8~9","埠頭内でトラックを停車させ下車したところ、走行してきたトレーラーに轢かれた。","4","運輸交通業","403","道路貨物運送業","","","50~99","2","物上げ装置、運搬機械","22","動力運搬機","","","7","はさまれ、巻き込まれ"
"2103","1995","平成","7","11","9~10","ポンプ棟の躯体と山止めの間を埋め戻した後の山なりになった土をドラグ・ショベルの排土板で均していたところ、山に乗り上げ転倒した。","3","建設業","302","建築工事業","","","10~29","1","動力機械","14","建設機械等","","","2","転倒"
"2104","1995","平成","7","11","10~11","下水道工事現場の舗装工事中、後進してきたコンバインドローラーに轢かれた。","3","建設業","301","土木工事業","","","1~9","1","動力機械","14","建設機械等","","","7","はさまれ、巻き込まれ"
"2105","1995","平成","7","11","10~11","トラッククレーンで合板100枚を1階スラブ上に降ろしていたところ、ナイロンスリングが滑り落ち、片付け作業中の被災者に激突した。","3","建設業","302","建築工事業","","","1~9","6","荷","61","荷","","","4","飛来、落下"
"2106","1995","平成","7","11","11~12","高速道路のガードレール取替工事中、路上の落下物を撤去しようとしたところ、走行してきた乗用車に轢かれた。","3","建設業","303","その他の建設業","","","10~29","2","物上げ装置、運搬機械","23","乗物","","","17","交通事故（道路）"
"2107","1995","平成","7","11","15~16","バックホウで間伐材搬出用道路を作る作業中、斜面(勾配約25度)を後進していたところ、約2.5m下の沢に転落した。","6","農林業","601","農業","","","1~9","1","動力機械","14","建設機械等","","","1","墜落、転落"
"2108","1995","平成","7","11","15~16","足場内の昇降用階段を降りる際、階段と手摺の間から約8.4m下に墜落した。","3","建設業","302","建築工事業","","","10~29","4","仮設物、建築物、構築物等","41","仮設物、建築物、構築物等","","","1","墜落、転落"
"2109","1995","平成","7","11","16~17","揚貨装置で飼料をホッパーに投入する際、ホッパー内の飼料の詰まりを除去していたところ、ホッパー排出口に吸い込まれた。","5","貨物取扱業","502","港湾運送業","","","100~299","4","仮設物、建築物、構築物等","41","仮設物、建築物、構築物等","","","1","墜落、転落"
"2110","1995","平成","7","11","17~18","カントリーエレベーターサイロ(高さ9.2m)に鉄製天板を敷いていたところ、コンクリート面に墜落した。","3","建設業","302","建築工事業","","","1~9","4","仮設物、建築物、構築物等","41","仮設物、建築物、構築物等","","","1","墜落、転落"
"2111","1995","平成","7","11","20~21","作業場内において、チェーンブロック(ホイスト)で鉄製パネル枠(300キログラム)を吊り上げたところ、フックから玉掛ワイヤロープが外れ、倒れたパネル枠の下敷きになった。","1","製造業","117","その他の製造業","","","10~29","3","その他の装置等","37","用具","","","5","崩壊、倒壊"
"2112","1995","平成","7","11","9~10","枕木を担いで運搬中、走行してきた列車に枕木が当たり、約13m跳ね飛ばされた。","4","運輸交通業","401","鉄道・軌道・水運・航空業","","","1~9","2","物上げ装置、運搬機械","23","乗物","","","18","交通事故（その他）"
"2113","1995","平成","7","11","9~10","バックホウで水路の掘削作業中、近くを歩いていた被災者が滑って転倒したところ、バックホウに轢かれた。","3","建設業","301","土木工事業","","","10~29","1","動力機械","14","建設機械等","","","6","激突され"
"2114","1995","平成","7","11","11~12","建前作業中、梁を足場にして1階屋根の隈木を修めていたところ、バランスを崩し約3m下のコンクリート床に墜落した。","3","建設業","302","建築工事業","","","1~9","4","仮設物、建築物、構築物等","41","仮設物、建築物、構築物等","","","1","墜落、転落"
"2115","1995","平成","7","11","14~15","沖合い約500mでの岸壁工事において、海中に沈められたコンクリート製ケーソン下部に溜まったシルド(泥)をジェットポンプで除去中、潜水マスクが外れ溺死した。","3","建設業","301","土木工事業","","","1~9","7","環境等","71","環境等","","","10","おぼれ"
"2116","1995","平成","7","11","15~16","排水路改修工事現場において、路面から約2.5m下にあるコンクリート製土管の一部を取り除いたところ、法面のコンクリート壁が高さ約1m、幅6mに渡って崩壊した。","3","建設業","301","土木工事業","","","30~49","4","仮設物、建築物、構築物等","41","仮設物、建築物、構築物等","","","5","崩壊、倒壊"
"2117","1995","平成","7","11","15~16","センターラインを引くための準備作業中、走行してきた乗用車にはねられた。","3","建設業","301","土木工事業","","","1~9","2","物上げ装置、運搬機械","23","乗物","","","17","交通事故（道路）"
"2118","1995","平成","7","11","18~19","破砕機の点検終了後、ふるい分け機点検のためベルトコンベヤーの歩道を通行中、コンベヤーとヘッドシュートの間に挟まれた。","1","製造業","117","その他の製造業","","","10~29","2","物上げ装置、運搬機械","22","動力運搬機","","","7","はさまれ、巻き込まれ"
"2119","1995","平成","7","12","1~2","国道上の水道工事現場で交通整理中、軽トラックにはねられた。","17","その他の事業","","","","","30~49","2","物上げ装置、運搬機械","22","動力運搬機","","","17","交通事故（道路）"
"2120","1995","平成","7","12","1~2","高速道路を走行中、トレーラーに追突した。","4","運輸交通業","403","道路貨物運送業","","","100~299","2","物上げ装置、運搬機械","22","動力運搬機","","","17","交通事故（道路）"
"2121","1995","平成","7","12","7~8","6人乗りトラックで工事現場へ向かう途中、乗用車に追突され、道路脇にトラックを停めて話し合っていたところ、後続のトレーラーがスリップし激突した。","3","建設業","301","土木工事業","","","30~49","2","物上げ装置、運搬機械","22","動力運搬機","","","17","交通事故（道路）"
"2122","1995","平成","7","12","8~9","ミキサー車で農道(幅約2.5m)を後進中、半円状(半径約1.5m)に道路が陥没し、道路脇の川に転落した。","1","製造業","109","窯業土石製品製造業","","","10~29","2","物上げ装置、運搬機械","22","動力運搬機","","","17","交通事故（道路）"
"2123","1995","平成","7","12","8~9","地覆部の型枠内部を清掃中、後進してきた生コン車に轢かれた。","3","建設業","301","土木工事業","","","1~9","2","物上げ装置、運搬機械","22","動力運搬機","","","7","はさまれ、巻き込まれ"
"2124","1995","平成","7","12","8~9","脚立(高さ1.7m)上で小梁のフォームタイを取り付け、降りる際に墜落した。","3","建設業","302","建築工事業","","","1~9","3","その他の装置等","37","用具","","","1","墜落、転落"
"2125","1995","平成","7","12","10~11","ダンプカーで工事現場へ向かう途中、センターラインを越えてきた対向車と衝突した。","3","建設業","302","建築工事業","","","1~9","2","物上げ装置、運搬機械","22","動力運搬機","","","17","交通事故（道路）"
"2126","1995","平成","7","12","10~11","作業台で井戸を掘削するロットを継ぐ作業中、繋ぎが不十分だったロットに振られて転倒し、ウインチに左足を巻き込まれた。","3","建設業","301","土木工事業","","","50~99","2","物上げ装置、運搬機械","21","動力クレーン等","","","7","はさまれ、巻き込まれ"
"2127","1995","平成","7","12","11~12","住宅建築現場(勾配約12度)において、積載型トラッククレーンで荷卸し作業中、同クレーンが動き出し、近くで作業中の被災者に激突した。","3","建設業","302","建築工事業","","","1~9","2","物上げ装置、運搬機械","21","動力クレーン等","","","6","激突され"
"2128","1995","平成","7","12","12~13","出張先の食料品製造工場の解凍庫内において、パン生地を載せる自動運転ラックを点検中、移動してきたラックと柱の間に挟まれた。","1","製造業","113","一般機械器具製造業","","","100~299","2","物上げ装置、運搬機械","22","動力運搬機","","","7","はさまれ、巻き込まれ"
"2129","1995","平成","7","12","16~17","屋外ヤードに設置された天井クレーンの走行レールに乗り、移動式クレーンで吊り上げられた鋼材を据え付ける作業中、天井の筋交いに移動式クレーンのブーム先端が引っ掛かったため外そうとしたところ、3.6m下のコンクリート床に墜落した。","1","製造業","112","金属製品製造業","","","1~9","4","仮設物、建築物、構築物等","41","仮設物、建築物、構築物等","","","1","墜落、転落"
"2130","1995","平成","7","12","17~18","物品整理棚(2.3×0.8m、約90キログラム)の溶接部分をディスクグランインダーで研磨中、反対側を研磨するため棚を起こし、再び寝かそうとしたところ、棚が倒れてきた。","1","製造業","112","金属製品製造業","","","1~9","5","物質、材料","52","材料","","","6","激突され"
"2131","1995","平成","7","12","22~23","忘れ物を取りに戻ったテナントの社員が、立体駐車場のターンテーブル室に入り込み、誤って炭酸ガス消火装置の起動ボタンを押したため、駆けつけた警備員が駐車場に充満した炭酸ガスにより酸欠になった。","17","その他の事業","","","","","30~49","3","その他の装置等","39","その他の装置、設備","","","12","有害物等との接触"
"2132","1995","平成","7","12","22~23","忘れ物を取りに戻ったテナントの社員が、立体駐車場のターンテーブル室に入り込み、誤って炭酸ガス消火装置の起動ボタンを押したため、駆けつけた警備員が駐車場に充満した炭酸ガスにより酸欠になった。","17","その他の事業","","","","","30~49","3","その他の装置等","39","その他の装置、設備","","","12","有害物等との接触"
"2133","1995","平成","7","12","5~6","普通トラックで走行中、高速道路料金所入口で大型トラックに追突された。","4","運輸交通業","403","道路貨物運送業","","","10~29","2","物上げ装置、運搬機械","22","動力運搬機","","","17","交通事故（道路）"
"2134","1995","平成","7","12","5~6","10tトラックで走行中、高速道路の料金所でトラックと料金所施設に激突した。","4","運輸交通業","403","道路貨物運送業","","","1~9","2","物上げ装置、運搬機械","22","動力運搬機","","","17","交通事故（道路）"
"2135","1995","平成","7","12","7~8","鋳造工程の自動型ばらし機を停止せずにエアーシリンダーセンサーを修理中、加工してきたリフターとクランプ台の間に挟まれた。","1","製造業","110","鉄鋼業","","","30~49","1","動力機械","16","一般動力機械","","","7","はさまれ、巻き込まれ"
"2136","1995","平成","7","12","10~11","砂利選別用ベルトコンベヤーの支柱に登り作業中、高さ5.6mから墜落した。","1","製造業","109","窯業土石製品製造業","","","10~29","3","その他の装置等","39","その他の装置、設備","","","1","墜落、転落"
"2137","1995","平成","7","12","11~12","土面のアスファルトを除去していたドラグ・ショベルが後進した際、被災者と接触した。","3","建設業","301","土木工事業","","","10~29","1","動力機械","14","建設機械等","","","7","はさまれ、巻き込まれ"
"2138","1995","平成","7","12","11~12","スレート屋根(高さ7.24m)上で工事の見積中、スレートを踏み抜き墜落した。","8","商業","","","","","1~9","4","仮設物、建築物、構築物等","41","仮設物、建築物、構築物等","","","1","墜落、転落"
"2139","1995","平成","7","12","13~14","下水管埋設工事現場で交通誘導中、バイクにはねられた。","17","その他の事業","","","","","1~9","2","物上げ装置、運搬機械","23","乗物","","","17","交通事故（道路）"
"2140","1995","平成","7","12","15~16","乗用車で客先へ向かう途中、対向車線にはみ出し、トラックと衝突した。","15","清掃・と畜業","","","","","10~29","2","物上げ装置、運搬機械","23","乗物","","","17","交通事故（道路）"
"2141","1995","平成","7","12","16~17","250ccバイクで帰社途中、カーブで対向してきたトレーラーに接触し撥ね飛ばされた。","3","建設業","302","建築工事業","","","1~9","2","物上げ装置、運搬機械","22","動力運搬機","","","17","交通事故（道路）"
"2142","1995","平成","7","12","17~18","工事現場からマイクロバスで帰社途中、交差点で10tトラックに追突した。","3","建設業","302","建築工事業","","","10~29","2","物上げ装置、運搬機械","23","乗物","","","17","交通事故（道路）"
"2143","1995","平成","7","12","9~10","天井走行クレーンのガーター上の清掃を終え、安全帯のフックを親綱より外してサドル側へ移動中、12m下の通路に墜落した。","1","製造業","117","その他の製造業","","","10~29","2","物上げ装置、運搬機械","21","動力クレーン等","","","1","墜落、転落"
"2144","1995","平成","7","12","13~14","ビルの電気設備改修工事において、2階トイレの換気扇用フード取付のため梯子を登っていたところ、バランスを崩し、約4m下のアスファルト面に墜落した。","3","建設業","302","建築工事業","","","1~9","3","その他の装置等","37","用具","","","1","墜落、転落"
"2145","1995","平成","7","12","10~11","事業場内において、ドラグ・ショベルに取り付けたハサミでトラックに積まれたスクラップを荷卸し中、ハサミからスクラップの一部が落下し、被災者を直撃した。","8","商業","","","","","30~49","1","動力機械","14","建設機械等","","","6","激突され"
"2146","1995","平成","7","12","10~11","下取り伸線機による伸線作業中、線径を切り替えていたところ、巻き取りドラムと伸線に小指が巻き込まれた。","1","製造業","112","金属製品製造業","","","50~99","1","動力機械","16","一般動力機械","","","7","はさまれ、巻き込まれ"
"2147","1995","平成","7","12","11~12","ビル用鉄製サッシを吊り治具に載せ、位置を修正中、サッシ枠が倒れてきた。","1","製造業","112","金属製品製造業","","","30~49","5","物質、材料","52","材料","","","5","崩壊、倒壊"
"2148","1995","平成","7","12","13~14","昼食後、畑地造成現場を見て回っていたところ、造成現場端の法面(高さ7.3m)から墜落した。","3","建設業","301","土木工事業","","","10~29","4","仮設物、建築物、構築物等","41","仮設物、建築物、構築物等","","","1","墜落、転落"
"2149","1995","平成","7","12","14~15","製品(袋詰めした肥料)の積込機械(パレタイザー)を点検中、脚立から足を踏み外し転落した。","5","貨物取扱業","501","陸上貨物取扱業","","","10~29","3","その他の装置等","37","用具","","","1","墜落、転落"
"2150","1995","平成","7","12","14~15","国道を走行中、カーブでセンターラインをはみ出し、対向車と衝突した。","4","運輸交通業","403","道路貨物運送業","","","50~99","2","物上げ装置、運搬機械","22","動力運搬機","","","17","交通事故（道路）"
"2151","1995","平成","7","12","14~15","10tダンプカーで国道を走行中、センターラインをはみ出してきた10tトラックと正面衝突した。","4","運輸交通業","403","道路貨物運送業","","","1~9","2","物上げ装置、運搬機械","22","動力運搬機","","","17","交通事故（道路）"
"2152","1995","平成","7","12","15~16","軽トラックで配達中、国道交差点で右折する際、乗用車と正面衝突した。","8","商業","","","","","1~9","2","物上げ装置、運搬機械","23","乗物","","","17","交通事故（道路）"
"2153","1995","平成","7","12","16~17","臨港道路で測量作業中、走行してきたトラクター・ショベルに轢かれた。","3","建設業","301","土木工事業","","","1~9","2","物上げ装置、運搬機械","22","動力運搬機","","","17","交通事故（道路）"
"2154","1995","平成","7","12","17~18","クライミングクレーンでI型鋼(90×40センチメートル)の吊り上げ作業中、玉掛ワイヤがI型鋼に引っ掛かり、倒れたI型鋼に挟まれた。","3","建設業","302","建築工事業","","","10~29","5","物質、材料","52","材料","","","5","崩壊、倒壊"
"2155","1995","平成","7","12","2~3","タクシー乗務中、首都高速道路を逆走してきた車と正面衝突した。","4","運輸交通業","402","道路旅客運送業","","","100~299","2","物上げ装置、運搬機械","23","乗物","","","17","交通事故（道路）"
"2156","1995","平成","7","12","9~10","ドラグ・ショベルで地山を削りながら進んでいたところ、前方に滑り落ち斜面を約40m転落した。","3","建設業","301","土木工事業","","","1~9","1","動力機械","14","建設機械等","","","1","墜落、転落"
"2157","1995","平成","7","12","9~10","車庫にトタン屋根を張るための準備作業として、水糸を取り付けるための釘を母屋に打ちつけていたところ、梁から墜落した。","3","建設業","302","建築工事業","","","不明","4","仮設物、建築物、構築物等","41","仮設物、建築物、構築物等","","","1","墜落、転落"
"2158","1995","平成","7","12","10~11","軽ライトバンを停車させたところ、トラックに追突された。","17","その他の事業","","","","","10~29","2","物上げ装置、運搬機械","23","乗物","","","17","交通事故（道路）"
"2159","1995","平成","7","12","10~11","繊維を糊付け乾燥するための機械を点検整備中、動力電動軸に全身を巻き込まれた。","1","製造業","102","繊維工業","","","30~49","1","動力機械","12","動力伝導機構","","","7","はさまれ、巻き込まれ"
"2160","1995","平成","7","12","13~14","ユニック付10tトラックのズリバケットを撤収するため、バケットのアームに玉掛ワイヤを掛けようとしたところ、アーム(約500キログラム)が倒れ、押し潰された。","4","運輸交通業","403","道路貨物運送業","","","10~29","6","荷","61","荷","","","6","激突され"
"2161","1995","平成","7","12","14~15","浮標の塗装作業中、気分が悪くなったため作業台(高さ120センチメートル)から降りようとしたところ、後ろ向きに転倒し頭部を強打した。","1","製造業","112","金属製品製造業","","","1~9","3","その他の装置等","37","用具","","","1","墜落、転落"
"2162","1995","平成","7","12","14~15","引込線撤去のため木製電柱の上で作業中、電柱が折れて倒壊した。","3","建設業","303","その他の建設業","","","1~9","3","その他の装置等","35","電気設備","","","1","墜落、転落"
"2163","1995","平成","7","12","15~16","14階建マンションの屋上で消火栓の水圧試験のため布製ホースを取扱中、開口部より約42m下の地上に墜落した。","3","建設業","302","建築工事業","","","100~299","4","仮設物、建築物、構築物等","41","仮設物、建築物、構築物等","","","1","墜落、転落"
"2164","1995","平成","7","12","15~16","立坑の補強梁を解体移動する作業において、クレーンのペンダントスイッチを操作していたところ、手摺越しに墜落した。","3","建設業","301","土木工事業","","","1~9","4","仮設物、建築物、構築物等","41","仮設物、建築物、構築物等","","","1","墜落、転落"
"2165","1995","平成","7","12","16~17","トイレで転倒し、タイルの壁で後頭部を強打した。","9","金融・広告業","","","","","50~99","4","仮設物、建築物、構築物等","41","仮設物、建築物、構築物等","","","2","転倒"
"2166","1995","平成","7","12","17~18","削孔機(1.5t)が単管足場で組み立てた斜路(勾配20度)上を移動中、同機を支えているワイヤロープがチルホールのフックから外れ、滑り落ちてきた削孔機の下敷きになった。","3","建設業","301","土木工事業","","","1~9","1","動力機械","14","建設機械等","","","7","はさまれ、巻き込まれ"
"2167","1995","平成","7","12","20~21","乗用車で工事現場へ向かう途中、中央分離帯のガードレールに衝突した。","3","建設業","302","建築工事業","","","10~29","2","物上げ装置、運搬機械","23","乗物","","","17","交通事故（道路）"
"2168","1995","平成","7","12","8~9","高速道路を走行中、渋滞で停車中の10tトラックに追突した。","8","商業","","","","","10~29","2","物上げ装置、運搬機械","22","動力運搬機","","","17","交通事故（道路）"
"2169","1995","平成","7","12","8~9","採石プラントのトロンメル(選別機)を点検中、防寒具がトロンメルの留め具に引っ掛かり、トロンメルとガイドローラーの間に挟まれた。","2","鉱業","202","土石採取業","","","10~29","1","動力機械","16","一般動力機械","","","7","はさまれ、巻き込まれ"
"2170","1995","平成","7","12","10~11","電気室内において、キューピクル機械電源用の電力線を取り出して配線作業中、キューピクル内の電力供給用銅板(6600V)に接触した。","3","建設業","303","その他の建設業","","","1~9","3","その他の装置等","35","電気設備","","","13","感電"
"2171","1995","平成","7","12","13~14","産業廃棄物処理場内において、4tダンプカーのドアを開け運転席に入らずにエンジンを駆けたところ、ギアが入っていたため前進し始め、車体とドア(鉄柱)の間に挟まれた。","15","清掃・と畜業","","","","","10~29","2","物上げ装置、運搬機械","22","動力運搬機","","","7","はさまれ、巻き込まれ"
"2172","1995","平成","7","12","14~15","道路用地山側の立木をドラグ・ショベルのバケットでなぎ倒していたところ、倒れた立木の先端が頭部に激突した。","3","建設業","301","土木工事業","","","1~9","1","動力機械","14","建設機械等","","","6","激突され"
"2173","1995","平成","7","12","14~15","砕石プラント内のベルトコンベヤーを点検中、同コンベヤーの回転軸に着衣を巻き込まれた。","2","鉱業","202","土石採取業","","","30~49","2","物上げ装置、運搬機械","22","動力運搬機","","","7","はさまれ、巻き込まれ"
"2174","1995","平成","7","12","1~2","下水宅地桝取付管施工中、乗用車が作業区域に突っ込んできた。","3","建設業","301","土木工事業","","","10~29","2","物上げ装置、運搬機械","23","乗物","","","17","交通事故（道路）"
"2175","1995","平成","7","12","1~2","下水宅地桝取付管施工中、乗用車が作業区域に突っ込んできた。","3","建設業","301","土木工事業","","","10~29","2","物上げ装置、運搬機械","23","乗物","","","17","交通事故（道路）"
"2176","1995","平成","7","12","8~9","起動中のNC旋盤の裏側で、制御用コンピューター盤とスライドするタレットユニットカバーの間に頭部を挟まれた。","1","製造業","112","金属製品製造業","","","10~29","1","動力機械","16","一般動力機械","","","7","はさまれ、巻き込まれ"
"2177","1995","平成","7","12","9~10","バイクで得意先へ向かう途中、警報機を無視して踏切に入り、列車にはねられた。","9","金融・広告業","","","","","1~9","2","物上げ装置、運搬機械","23","乗物","","","18","交通事故（その他）"
"2178","1995","平成","7","12","9~10","自社の資材置場において、ワイヤーカップブラシ(錆落とし機)で足場の建枠を研磨中、着用していた前掛けが回転中のブラシに巻き込まれ、前掛けの紐に首を絞められた。","1","製造業","112","金属製品製造業","","","1~9","1","動力機械","16","一般動力機械","","","7","はさまれ、巻き込まれ"
"2179","1995","平成","7","12","10~11","桟橋上において、仮設橋建設のためクローラクレーンで作業中、バランスを失いクレーンと共に川(水深3~4m)に転落した。","3","建設業","301","土木工事業","","","10~29","2","物上げ装置、運搬機械","21","動力クレーン等","","","1","墜落、転落"
"2180","1995","平成","7","12","10~11","多目的ホール建設工事中、ガス溶接の火が断熱材として壁に塗布されていたウレタンホームに燃え移った。","3","建設業","302","建築工事業","","","1~9","3","その他の装置等","33","溶接装置","","","16","火災"
"2181","1995","平成","7","12","10~11","多目的ホール建設工事中、ガス溶接の火が断熱材として壁に塗布されていたウレタンホームに燃え移った。","3","建設業","302","建築工事業","","","1~9","3","その他の装置等","33","溶接装置","","","16","火災"
"2182","1995","平成","7","12","10~11","多目的ホール建設工事中、ガス溶接の火が断熱材として壁に塗布されていたウレタンホームに燃え移った。","3","建設業","303","その他の建設業","","","1~9","3","その他の装置等","33","溶接装置","","","16","火災"
"2183","1995","平成","7","12","10~11","多目的ホール建設工事中、ガス溶接の火が断熱材として壁に塗布されていたウレタンホームに燃え移った。","3","建設業","303","その他の建設業","","","1~9","3","その他の装置等","33","溶接装置","","","16","火災"
"2184","1995","平成","7","12","14~15","4tダンプカーで国道を走行中、センターラインをはみ出し、対向してきたトラックと衝突した。","3","建設業","302","建築工事業","","","1~9","2","物上げ装置、運搬機械","22","動力運搬機","","","17","交通事故（道路）"
"2185","1995","平成","7","12","14~15","11tトラックで国道を走行中、信号停車中の大型ダンプカーに追突した。","4","運輸交通業","403","道路貨物運送業","","","10~29","2","物上げ装置、運搬機械","22","動力運搬機","","","17","交通事故（道路）"
"2186","1995","平成","7","12","18~19","帰宅するため構内道路を歩行中、同僚の車にはねられた。","1","製造業","117","その他の製造業","","","1000~9999","2","物上げ装置、運搬機械","23","乗物","","","18","交通事故（その他）"
"2187","1995","平成","7","12","8~9","土砂崩れの起きた県道でブロック積み上げ作業中、バックホウのバケットに激突された。","3","建設業","301","土木工事業","","","1~9","1","動力機械","14","建設機械等","","","7","はさまれ、巻き込まれ"
"2188","1995","平成","7","12","8~9","積載型トラッククレーンの荷台から鋼板(約1.6t)を降ろす作業中、ドラグ・ショベルのバケットに取り付けたフックから鋼板が外れ、合図をしていた被災者に激突した。","3","建設業","301","土木工事業","","","10~29","1","動力機械","14","建設機械等","","","6","激突され"
"2189","1995","平成","7","12","8~9","汚水管布設工事現場において、除雪作業をしていたドラグ・ショベルの後進を誘導していた被災者が轢かれた。","17","その他の事業","","","","","10~29","1","動力機械","14","建設機械等","","","7","はさまれ、巻き込まれ"
"2190","1995","平成","7","12","11~12","県道改良工事の擁壁のブラケット足場を解体中、梯子に乗り高さ5.7mの位置のボルトを外していたところ、墜落した。","3","建設業","301","土木工事業","","","1~9","3","その他の装置等","37","用具","","","1","墜落、転落"
"2191","1995","平成","7","12","11~12","瓦工場のホッパー内で、原料の砂をほぐすための撹拌棒に巻き込まれた。","1","製造業","109","窯業土石製品製造業","","","30~49","1","動力機械","16","一般動力機械","","","7","はさまれ、巻き込まれ"
"2192","1995","平成","7","12","14~15","橋の撤去工事中、コンクリート床盤をブレーカーで壊していたところ、橋脚側より桁が外れて落下し、桁上にいた被災者が墜落した。","3","建設業","301","土木工事業","","","1~9","4","仮設物、建築物、構築物等","41","仮設物、建築物、構築物等","","","1","墜落、転落"
"2193","1995","平成","7","12","15~16","修理した軽トラックを納車するため当該車両を運転し客先へ向かう途中、対向車線にはみ出し、軽乗用車と正面衝突した。","1","製造業","117","その他の製造業","","","10~29","2","物上げ装置、運搬機械","22","動力運搬機","","","17","交通事故（道路）"
"2194","1995","平成","7","12","19~20","高速道路を走行中、スリップして中央分離帯に激突し道路の真ん中で停止したため、後続車へ事故発生を知らせるため車外へ出たところ、走行してきた大型トラックにはねられた。","8","商業","","","","","1~9","2","物上げ装置、運搬機械","22","動力運搬機","","","17","交通事故（道路）"
"2195","1995","平成","7","12","22~23","高速道路を走行中に自損事故を起こし、路肩に停車していたところ、後続のトラックに追突され、その反動で車外に出ていた被災者が15m下の河川敷に墜落した。","9","金融・広告業","","","","","300~499","2","物上げ装置、運搬機械","22","動力運搬機","","","17","交通事故（道路）"
"2196","1995","平成","7","12","6~7","仕込蔵の仕込タンクに麹を投入中、酸欠により倒れた。","1","製造業","101","食料品製造業","","","10~29","7","環境等","71","環境等","","","12","有害物等との接触"
"2197","1995","平成","7","12","8~9","作業終了後、2tダンプカーで寄宿舎に帰る途中、乗用車と衝突した。","3","建設業","301","土木工事業","","","100~299","2","物上げ装置、運搬機械","22","動力運搬機","","","17","交通事故（道路）"
"2198","1995","平成","7","12","9~10","国道上の工事現場において、交通規制により片道通行にしていたところ、走行してきた4tトラックが車両停止に気付くのに遅れ、追突を避けようと反対車線の歩道に突っ込み、歩道側溝の作業をしていた被災者が、トラックと側溝の間に挟まれた。","3","建設業","301","土木工事業","","","10~29","2","物上げ装置、運搬機械","22","動力運搬機","","","17","交通事故（道路）"
"2199","1995","平成","7","12","9~10","木造2階建住宅の1階内壁パネル建方中、高さ70センチメートルのパイプうまに乗った際にバランスを崩し、仮付けしていたパネル上枠をつかんだところ、パネルと一緒に倒れ1階床との間に頭部を挟まれた。","3","建設業","302","建築工事業","","","1~9","3","その他の装置等","37","用具","","","1","墜落、転落"
"2200","1995","平成","7","12","10~11","伐採作業中、伐倒木が近くの枯れ枝に当たり、折れた枯れ枝が頭上に落下した。","6","農林業","601","農業","","","1~9","7","環境等","71","環境等","","","4","飛来、落下"
"2201","1995","平成","7","12","11~12","SRC造10階建マンションを建築中、3階床面に被災者が倒れていた。","3","建設業","302","建築工事業","","","1~9","9","その他","99","分類不能","","","99","分類不能"
"2202","1995","平成","7","12","11~12","吊り足場上(高さ約7m)でモノレールの支柱の塗り替え作業中、接近してきたモノレールを回避しようとしたところ、車輪が被災者の保護帽をかすめ、その弾みで支柱の梁に顔面を激突し、道路に墜落した。","3","建設業","303","その他の建設業","","","1~9","2","物上げ装置、運搬機械","23","乗物","","","6","激突され"
"2203","1995","平成","7","12","12~13","下水道工事現場で警備中、走行してきたバイクと衝突した。","17","その他の事業","","","","","1~9","2","物上げ装置、運搬機械","23","乗物","","","17","交通事故（道路）"
"2204","1995","平成","7","12","14~15","煙突(高さ59m)の煙返し部の型枠組立中、煙突内の足場を降りようとしたところ、57m下に墜落した。","3","建設業","302","建築工事業","","","10~29","4","仮設物、建築物、構築物等","41","仮設物、建築物、構築物等","","","1","墜落、転落"
"2205","1995","平成","7","12","16~17","道路舗装工事現場で交通整理中、乗用車にはねられた。","3","建設業","301","土木工事業","","","10~29","2","物上げ装置、運搬機械","23","乗物","","","17","交通事故（道路）"
"2206","1995","平成","7","12","18~19","客を降ろした後、タクシーを停車させて夕食を買いに行き、車に戻ろうと道路を横断中、乗用車にはねられた。","4","運輸交通業","402","道路旅客運送業","","","10~29","2","物上げ装置、運搬機械","23","乗物","","","17","交通事故（道路）"
"2207","1995","平成","7","12","23~24","地下1階の天井クレーン(つり上げ荷重2.8t)により鉄骨縦桁(2.4t)を吊り上げ移動中、吊り荷が倒れ、被災者に激突した。","3","建設業","301","土木工事業","","","10~29","3","その他の装置等","37","用具","","","6","激突され"
"2208","1995","平成","7","12","14~15","雨水桝設置工事中、ドラグ・ショベルで桝を吊り上げようとしたところ、バケットが近くにいた被災者に激突した。","3","建設業","301","土木工事業","","","30~49","1","動力機械","14","建設機械等","","","6","激突され"
"2209","1995","平成","7","12","9~10","プレス用金型置場において、ホイストクレーンで金型(4.4t)を吊り上げたところ、クレーンと吊り荷の位置がずれていたため荷が振れ、吊り荷と保管してある金型の間に頭部を挟まれた。","1","製造業","115","輸送用機械等製造業","","","50~99","2","物上げ装置、運搬機械","21","動力クレーン等","","","7","はさまれ、巻き込まれ"
"2210","1995","平成","7","12","10~11","木造家屋の屋根の塗装作業中、前日の雨で滑り6m下の地上に墜落した。","3","建設業","302","建築工事業","","","1~9","4","仮設物、建築物、構築物等","41","仮設物、建築物、構築物等","","","1","墜落、転落"
"2211","1995","平成","7","12","11~12","事業場の駐車場内において、ワゴン車のドアを開け運転席に入らずにエンジンを駆けたところ、ギアが入っていたため車が動き出し、家屋に激突した弾みで車のドアと車体の間に挟まれた。","14","接客娯楽業","","","","","10~29","2","物上げ装置、運搬機械","23","乗物","","","7","はさまれ、巻き込まれ"
"2212","1995","平成","7","12","13~14","1tトラックで走行中、赤信号で交差点に進入したため、左方から走行してきた軽トラックと衝突した。","1","製造業","101","食料品製造業","","","30~49","2","物上げ装置、運搬機械","22","動力運搬機","","","17","交通事故（道路）"
"2213","1995","平成","7","12","14~15","クレーンでトラックから鉄板を卸す作業中、鉄板が荷台から落下し、鉄板とクレーンの間に挟まれた。","3","建設業","302","建築工事業","","","30~49","2","物上げ装置、運搬機械","21","動力クレーン等","","","4","飛来、落下"
"2214","1995","平成","7","12","15~16","玉切りしてある間伐材の集材作業中、凹地斜面に立て掛けた状態の材2本をトビを使って倒そうとした際、材が反転し倒れてきた。","6","農林業","601","農業","","","1~9","7","環境等","71","環境等","","","6","激突され"
"2215","1995","平成","7","12","17~18","作業を終え、乗用車で帰社する途中、丁字交差点で大型トレーラーと衝突した。","1","製造業","112","金属製品製造業","","","10~29","2","物上げ装置、運搬機械","23","乗物","","","17","交通事故（道路）"
"2216","1995","平成","7","12","17~18","工場内部の写真撮影中、クレーンの点検歩廊から7m下に墜落した。","3","建設業","302","建築工事業","","","1~9","4","仮設物、建築物、構築物等","41","仮設物、建築物、構築物等","","","1","墜落、転落"
"2217","1995","平成","7","12","6~7","餠成形機の上板のずれを直すため、自動運転中の同機の安全ガードを外して頭を入れたところ、動き出したスライドに挟まれた。","1","製造業","101","食料品製造業","","","100~299","1","動力機械","16","一般動力機械","","","7","はさまれ、巻き込まれ"
"2218","1995","平成","7","12","6~7","2tトラックで高速道路を走行中、10tトラックに追突され、側壁に激突した。","4","運輸交通業","403","道路貨物運送業","","","1~9","2","物上げ装置、運搬機械","22","動力運搬機","","","17","交通事故（道路）"
"2219","1995","平成","7","12","7~8","11tトラックで走行中、対向してきた10tダンプカーがスリップして横向きになり、衝突した。","4","運輸交通業","403","道路貨物運送業","","","1~9","2","物上げ装置、運搬機械","22","動力運搬機","","","17","交通事故（道路）"
"2220","1995","平成","7","12","9~10","機械集材装置で原木の集材作業中、原木の荷掛けを終え退避中の被災者が、斜面(勾配38度)で足を滑らせ転倒し、伐倒木に頭部を強打した。","6","農林業","601","農業","","","1~9","7","環境等","71","環境等","","","2","転倒"
"2221","1995","平成","7","12","9~10","個人宅の玄関先で剪定作業中、脚立から転落した。","6","農林業","602","林業","","","10~29","3","その他の装置等","37","用具","","","1","墜落、転落"
"2222","1995","平成","7","12","23~24","自家用車内で休憩中、一酸化炭素中毒になった。","17","その他の事業","","","","","1~9","5","物質、材料","51","危険物、有害物等","","","12","有害物等との接触"
"2223","1995","平成","7","12","4~5","線路補修作業中、モーターカーの前後にトロッコと砕石を積んだ軽貨車を連結して道床上に砕石を散布後、均し作業の邪魔になる車両を運転し勾配のある軌道で停車させたが、逸走したため前方に連結されていたトロッコが脱線し、轢かれた。","4","運輸交通業","401","鉄道・軌道・水運・航空業","","","10~29","2","物上げ装置、運搬機械","23","乗物","","","7","はさまれ、巻き込まれ"
"2224","1995","平成","7","12","5~6","大型トラックで高速道路を走行中、前車に追突し横転した。","4","運輸交通業","403","道路貨物運送業","","","50~99","2","物上げ装置、運搬機械","22","動力運搬機","","","17","交通事故（道路）"
"2225","1995","平成","7","12","7~8","ライトバンでボックスカルバート製作後の埋め戻し作業場所へ巡回に行き、ボックスカルバートのコンクリート壁面に激突した。","3","建設業","301","土木工事業","","","30~49","2","物上げ装置、運搬機械","23","乗物","","","3","激突"
"2226","1995","平成","7","12","8~9","小型トラックで作業現場へ向かう途中、凍結路面でスリップし、停車中のダンプカーに追突した。","3","建設業","301","土木工事業","","","10~29","2","物上げ装置、運搬機械","22","動力運搬機","","","17","交通事故（道路）"
"2227","1995","平成","7","12","9~10","脚立に乗り庭木を剪定中、約4m下の地面に墜落した。","6","農林業","602","林業","","","1~9","3","その他の装置等","37","用具","","","1","墜落、転落"
"2228","1995","平成","7","12","9~10","船からクレーンでH型鋼をトレーラーに積み終え、玉掛ワイヤロープを外してクレーンを上げようとしたところ、クレーンフックに付けた吊りビームフックがH型鋼に引っ掛かったためH型鋼と共に落下し、横の架台上にいた被災者が下敷きになった。","5","貨物取扱業","502","港湾運送業","","","300~499","2","物上げ装置、運搬機械","21","動力クレーン等","","","4","飛来、落下"
"2229","1995","平成","7","12","10~11","生コン運搬を終え帰社途中、センターラインをはみ出し、店舗の看板鉄柱に激突した。","4","運輸交通業","403","道路貨物運送業","","","10~29","2","物上げ装置、運搬機械","22","動力運搬機","","","17","交通事故（道路）"
"2230","1995","平成","7","12","10~11","掘削溝(0.9×5×深さ2.5m)内で土止め支保工を取付中、掘削面が崩壊した。","3","建設業","301","土木工事業","","","10~29","7","環境等","71","環境等","","","5","崩壊、倒壊"
"2231","1995","平成","7","12","11~12","採石場の砕石プラント移設工事に伴う電気工事において、タンクの上に突き出し設置されたベルトコンベヤー上で配線作業中、同コンベヤーが折れ曲がり約10m墜落した。","3","建設業","303","その他の建設業","","","10~29","2","物上げ装置、運搬機械","22","動力運搬機","","","1","墜落、転落"
"2232","1995","平成","7","12","11~12","ため池堤防改修工事現場において、後進してきたトラックに轢かれた。","3","建設業","301","土木工事業","","","1~9","2","物上げ装置、運搬機械","22","動力運搬機","","","7","はさまれ、巻き込まれ"
"2233","1995","平成","7","12","12~13","ピザ配達用バイクで走行中、市道交差点で軽トラックと出会い頭に衝突した。","8","商業","","","","","10~29","2","物上げ装置、運搬機械","23","乗物","","","17","交通事故（道路）"
"2234","1995","平成","7","12","14~15","ワゴン車で現場に向かう途中、センターラインをはみ出してきた2tトラックと正面衝突した。","3","建設業","301","土木工事業","","","1~9","2","物上げ装置、運搬機械","21","動力クレーン等","","","17","交通事故（道路）"
"2235","1995","平成","7","12","15~16","出張先の村道で、ワゴン車のドアを開け後ろを確認しながら車を後進させていたところ、約1m下の私道に転落した。","8","商業","","","","","50~99","2","物上げ装置、運搬機械","23","乗物","","","17","交通事故（道路）"
"2236","1995","平成","7","12","15~16","コンクリート養生のための仮囲いの上で除雪作業中、仮囲いのナイロンシートを踏み抜き、5m下に墜落した。","3","建設業","302","建築工事業","","","1~9","4","仮設物、建築物、構築物等","41","仮設物、建築物、構築物等","","","1","墜落、転落"
"2237","1995","平成","7","12","16~17","防火水槽に練炭コンロ7個を入れ約1週間養生した後、水槽内に入ったところ、一酸化炭素中毒になった。","3","建設業","301","土木工事業","","","10~29","5","物質、材料","51","危険物、有害物等","","","12","有害物等との接触"
"2238","1995","平成","7","12","18~19","乗用車で出先より帰社途中、交差点を直進する際、対向車が右折してきたため避けようとハンドルを切ったところ、信号柱に激突した。","13","保健・衛生業","","","","","1~9","2","物上げ装置、運搬機械","23","乗物","","","17","交通事故（道路）"
"2239","1995","平成","7","12","3~4","6tトラックで国道を走行中、交差点で15tトラックに追突した。","4","運輸交通業","403","道路貨物運送業","","","30~49","2","物上げ装置、運搬機械","22","動力運搬機","","","17","交通事故（道路）"
"2240","1995","平成","7","12","4~5","自転車で新聞配達中、交差点でトラックと接触した。","8","商業","","","","","10~29","2","物上げ装置、運搬機械","23","乗物","","","17","交通事故（道路）"
"2241","1995","平成","7","12","13~14","双方のエンジンを駆けたまま、調子の悪いスクレーパーのエンジンを点検中、牽引トラクターが動き出しキャタピラに轢かれた。","3","建設業","301","土木工事業","","","10~29","1","動力機械","14","建設機械等","","","7","はさまれ、巻き込まれ"
"2242","1995","平成","7","12","13~14","コンクリートサイロ土間の生コン打設後、コンクリート養生のためブルーシートを覆う作業中、サイロ用ピット(深さ約5m)に転落した。","3","建設業","302","建築工事業","","","10~29","4","仮設物、建築物、構築物等","41","仮設物、建築物、構築物等","","","1","墜落、転落"
"2243","1995","平成","7","12","14~15","市道(勾配6度)上に4tトラックを駐車し後部ドアを開けていたところ、トラックが後進し始め、立木との間に挟まれた。","4","運輸交通業","403","道路貨物運送業","","","10~29","2","物上げ装置、運搬機械","22","動力運搬機","","","7","はさまれ、巻き込まれ"
"2244","1995","平成","7","12","14~15","国道の中央分離帯で樹木の雪囲作業中、大型トラックに側面衝突された普通トラックが同分離帯に突っ込んできた。","17","その他の事業","","","","","50~99","2","物上げ装置、運搬機械","22","動力運搬機","","","17","交通事故（道路）"
"2245","1995","平成","7","12","15~16","ダム建設による水没予定流域内の支障木伐採作業により排出された小枝等を斜面に落とす作業中、17m下の谷底に転落した。","6","農林業","601","農業","","","10~29","7","環境等","71","環境等","","","1","墜落、転落"
"2246","1995","平成","7","12","15~16","国道を走行中、センターラインをはみ出してきたトラックと衝突した。","4","運輸交通業","403","道路貨物運送業","","","50~99","2","物上げ装置、運搬機械","22","動力運搬機","","","17","交通事故（道路）"
"2247","1995","平成","7","12","16~17","井戸掘削工事終了後、さく井棒を吊り下げていたワイヤロープをドラムに巻き取る作業中、乱巻きにならないように鉄棒(長さ1.5m)でガイドを行っていたところ、鉄棒と共にドラムに巻き込まれた。","3","建設業","301","土木工事業","","","1~9","1","動力機械","14","建設機械等","","","7","はさまれ、巻き込まれ"
"2248","1995","平成","7","12","17~18","社有車で客先から帰社途中、高速道路で大型トラックに追突し、後続のワゴン車と衝突した。","8","商業","","","","","1~9","2","物上げ装置、運搬機械","23","乗物","","","17","交通事故（道路）"
"2249","1995","平成","7","12","17~18","社有車で客先から帰社途中、高速道路で大型トラックに追突し、後続のワゴン車と衝突した。","8","商業","","","","","1~9","2","物上げ装置、運搬機械","23","乗物","","","17","交通事故（道路）"
"2250","1995","平成","7","12","23~24","4tトラックで国道を走行中、中央分離帯を乗り越えてきた乗用車と衝突した。","4","運輸交通業","403","道路貨物運送業","","","10~29","2","物上げ装置、運搬機械","23","乗物","","","17","交通事故（道路）"
"2251","1995","平成","7","12","1~2","11tトラックで国道を走行中、反対車線に飛び出し、対向してきた11tトラックと正面衝突した。","4","運輸交通業","403","道路貨物運送業","","","10~29","2","物上げ装置、運搬機械","22","動力運搬機","","","17","交通事故（道路）"
"2252","1995","平成","7","12","7~8","ワゴン車で配達中、凍結道路でスリップして反対車線にはみ出し、対向してきたバスと衝突した。","1","製造業","101","食料品製造業","","","10~29","2","物上げ装置、運搬機械","22","動力運搬機","","","17","交通事故（道路）"
"2253","1995","平成","7","12","8~9","採石場内の未舗装道路(勾配約10度)をトラクター・ショベルで下っていたところ、法面に乗り上げ転倒した。","2","鉱業","203","その他の鉱業","","","10~29","1","動力機械","14","建設機械等","","","2","転倒"
"2254","1995","平成","7","12","11~12","チェーンソーで間伐作業中、伐倒木がかかり木になり、かかっている木の下でその状態を見ていたところ、枝が折れて倒れてきた。","6","農林業","601","農業","","","1~9","7","環境等","71","環境等","","","5","崩壊、倒壊"
"2255","1995","平成","7","12","12~13","台船上でジブクレーンの解体作業中、クレーンを吊っていた油圧ジャッキのワイヤロープが切れ、倒れたクレーンに激突された。","3","建設業","303","その他の建設業","","","1~9","3","その他の装置等","39","その他の装置、設備","","","6","激突され"
"2256","1995","平成","7","12","13~14","中空成形機でバギー車の燃料タンクを成形加工中、金型に頭部を挟まれた。","1","製造業","108","化学工業","","","100~299","1","動力機械","16","一般動力機械","","","7","はさまれ、巻き込まれ"
"2257","1995","平成","7","12","17~18","構内において、土砂やゴミを選別するベルトコンベヤーのベルトに溜まった泥などを掃除中、誤って左腕をベルトに巻き込まれた。","1","製造業","109","窯業土石製品製造業","","","1~9","2","物上げ装置、運搬機械","22","動力運搬機","","","7","はさまれ、巻き込まれ"
"2258","1995","平成","7","12","8~9","6階にあったポリ容器を下に降ろすためロングスパン工事用エレベーターに乗り移ろうとしたところ、勢いあまり前の扉を乗り越え墜落した。","3","建設業","302","建築工事業","","","30~49","4","仮設物、建築物、構築物等","41","仮設物、建築物、構築物等","","","1","墜落、転落"
"2259","1995","平成","7","12","10~11","木造住宅2階の壁の木舞(壁の下地)作り作業中、開口部より墜落した。","3","建設業","302","建築工事業","","","1~9","4","仮設物、建築物、構築物等","41","仮設物、建築物、構築物等","","","1","墜落、転落"
"2260","1995","平成","7","12","10~11","建材工場敷地内において、10tトラックを傾斜地に停車させ降車したところ、トラックが後進して段差で横転し、トラックに戻ろうとした被災者がトラックとともに約5m下に転落した。","1","製造業","109","窯業土石製品製造業","","","10~29","2","物上げ装置、運搬機械","22","動力運搬機","","","1","墜落、転落"
"2261","1995","平成","7","12","11~12","工場の解体作業中、スレート屋根を踏み抜き、12m下のコンクリート床に墜落した。","3","建設業","302","建築工事業","","","1~9","4","仮設物、建築物、構築物等","41","仮設物、建築物、構築物等","","","1","墜落、転落"
"2262","1995","平成","7","12","16~17","砕石工場のクラッシャーの歯板2枚(4.3t)の位置を変えるため、ホイストでプレート6枚(1.2t)と歯板を外し、外部踊り足場に置いていたところ、床面が支柱から外れて落下し、踊り場にいた被災者が墜落した。","1","製造業","109","窯業土石製品製造業","","","1~9","4","仮設物、建築物、構築物等","41","仮設物、建築物、構築物等","","","5","崩壊、倒壊"
"2263","1995","平成","7","12","8~9","軽トラックで国道を走行中、中央分離帯を越えてきた乗用車と正面衝突した。","8","商業","","","","","10~29","2","物上げ装置、運搬機械","23","乗物","","","17","交通事故（道路）"
"2264","1995","平成","7","12","9~10","高さ12mの所で削岩機及び親綱などの片付け作業中、墜落した。","3","建設業","301","土木工事業","","","1~9","4","仮設物、建築物、構築物等","41","仮設物、建築物、構築物等","","","1","墜落、転落"
"2265","1995","平成","7","12","11~12","倉庫新築現場で鉄骨のボルト締め作業中、4.8m下の地上に墜落した。","3","建設業","302","建築工事業","","","1~9","4","仮設物、建築物、構築物等","41","仮設物、建築物、構築物等","","","1","墜落、転落"
"2266","1995","平成","7","12","14~15","個人住宅2階最上部(高さ約6m)の鉄骨梁にまたがり、梁材のボルト仮止め作業中、墜落した。","3","建設業","302","建築工事業","","","1~9","4","仮設物、建築物、構築物等","41","仮設物、建築物、構築物等","","","1","墜落、転落"
"2267","1995","平成","7","12","17~18","木造2階建住宅の建方作業を終え、2階梁上からさんを伝って降りようとしたところ、1階コンクリート床に墜落した。","3","建設業","302","建築工事業","","","10~29","4","仮設物、建築物、構築物等","41","仮設物、建築物、構築物等","","","1","墜落、転落"
"2268","1995","平成","7","12","4~5","4tトラックで国道を走行中、信号待ちをしていた大型トラックに追突した。","4","運輸交通業","403","道路貨物運送業","","","50~99","2","物上げ装置、運搬機械","22","動力運搬機","","","17","交通事故（道路）"
"2269","1995","平成","7","12","4~5","船の警備のため船室内で電気コンロで暖をとりながら仮眠中、着衣に引火した。","17","その他の事業","","","","","10~29","3","その他の装置等","39","その他の装置、設備","","","16","火災"
"2270","1995","平成","7","12","5~6","作業現場より軽ワゴン車で帰社途中、県道でセンターラインをはみ出し、対向してきたトラックと正面衝突した。","3","建設業","301","土木工事業","","","10~29","2","物上げ装置、運搬機械","23","乗物","","","17","交通事故（道路）"
"2271","1995","平成","7","12","13~14","真珠いかだ上でアンカーロープを掃除中、スクリューに別のいかだのロープを引っ掛けたため操船の自由を失った船が乗り上げ、逃げ遅れた被災者が船といかだの間に挟まれた。","7","畜産・水産業","","","","","10~29","2","物上げ装置、運搬機械","23","乗物","","","7","はさまれ、巻き込まれ"
"2272","1995","平成","7","12","13~14","ダンプカーで走行中、停車していたトラックに追突した。","4","運輸交通業","403","道路貨物運送業","","","10~29","2","物上げ装置、運搬機械","22","動力運搬機","","","17","交通事故（道路）"
"2273","1995","平成","7","12","14~15","3tトラックに同乗し帰社途中、高速道路サービスエリアの進入路の路肩に停車中のトラック3台に玉突衝突した。","8","商業","","","","","100~299","2","物上げ装置、運搬機械","22","動力運搬機","","","17","交通事故（道路）"
"2274","1995","平成","7","12","14~15","測量作業中、斜面を滑り落ち、持っていた鉄製棒が胸に刺さった。","17","その他の事業","","","","","10~29","7","環境等","71","環境等","","","1","墜落、転落"
"2275","1995","平成","7","12","15~16","簡易土止め(シーテングプレート)解体のためプレート取付ネジを緩めていたところ、鋼製プレート部が倒れてきた。","3","建設業","301","土木工事業","","","1~9","4","仮設物、建築物、構築物等","41","仮設物、建築物、構築物等","","","5","崩壊、倒壊"
"2276","1995","平成","7","12","9~10","溶接作業中、火花が蓋の開いた脱脂剤(シクロヘキサン)入り容器に飛んで着火し、着衣に燃え移った。","1","製造業","115","輸送用機械等製造業","","","500~999","3","その他の装置等","33","溶接装置","","","16","火災"
"2277","1995","平成","7","12","11~12","伸線工場でバネ用鋼材の伸線作業中、伸線機の線材に腕が接触し巻き込まれた。","1","製造業","110","鉄鋼業","","","50~99","1","動力機械","16","一般動力機械","","","7","はさまれ、巻き込まれ"
"2278","1995","平成","7","12","14~15","地下駐車場のピット(4×6×深さ3.5m)の土止め支保工の組立作業中、鋼管を打ち込みき板を入れたところ、掘削面の土砂が崩壊した。","3","建設業","302","建築工事業","","","1~9","7","環境等","71","環境等","","","5","崩壊、倒壊"
"2279","1995","平成","7","12","15~16","雨水配水管布設用溝の掘削作業中、床付け作業をしていたところ、側面の土砂が崩壊した。","3","建設業","301","土木工事業","","","1~9","7","環境等","71","環境等","","","5","崩壊、倒壊"
"2280","1995","平成","7","12","16~17","クラッシャーのホッパー口に原石が詰まったため、金テコで突いていたところ、金テコに原石が崩れ落ち、その反動でつんのめりクラッシャー内に転落した。","2","鉱業","202","土石採取業","","","1~9","1","動力機械","16","一般動力機械","","","1","墜落、転落"
"2281","1995","平成","7","12","19~20","チッパーに通じるベルトコンベヤーのベルト位置のずれを修正するためチッパー室に入り、動力伝導機横のプーリーとベルトの間に頭部を挟まれた。","1","製造業","104","木材・木製品製造業","","","100~299","1","動力機械","12","動力伝導機構","","","7","はさまれ、巻き込まれ"
"2282","1995","平成","7","12","19~20","4tトラックで国道を走行中、側道とのコンクリート分岐部に後輪を乗り上げた反動で対向車線に飛び出し、8tトラックと正面衝突した。","4","運輸交通業","403","道路貨物運送業","","","10~29","2","物上げ装置、運搬機械","22","動力運搬機","","","17","交通事故（道路）"
"2283","1995","平成","7","12","19~20","8t冷凍車で走行中、センターラインを越えてきた普通トラックと正面衝突した。","4","運輸交通業","403","道路貨物運送業","","","10~29","2","物上げ装置、運搬機械","22","動力運搬機","","","17","交通事故（道路）"
"2284","1995","平成","7","12","20~21","ワゴン車で帰宅途中に事故を起こしたため、連絡しようと電話ボックスに向かう途中、車に撥ねられた。","1","製造業","114","電気機械器具製造業","","","100~299","2","物上げ装置、運搬機械","23","乗物","","","17","交通事故（道路）"
"2285","1995","平成","7","12","1~2","15tトラックで国道を走行中、センターラインをはみ出し、対向してきた大型トレーラーと衝突した。","4","運輸交通業","403","道路貨物運送業","","","10~29","2","物上げ装置、運搬機械","22","動力運搬機","","","17","交通事故（道路）"
"2286","1995","平成","7","12","9~10","アースオーガの軸取替作業中、高さ6mの所で軸に玉掛をしていたところ、上部の鋼製振れ止め(1.2t)が落下してきた。","3","建設業","302","建築工事業","","","1~9","1","動力機械","14","建設機械等","","","4","飛来、落下"
"2287","1995","平成","7","12","11~12","2.8t橋型クレーンで養生ボックスから型枠(3.7×1.1m)を吊り上げ、同ボックス隣のローラーコンベヤーに載せようとしたところ、養生ボックスの壁と型枠の間に頭部を挟まれた。","1","製造業","109","窯業土石製品製造業","","","10~29","2","物上げ装置、運搬機械","21","動力クレーン等","","","7","はさまれ、巻き込まれ"
"2288","1995","平成","7","12","11~12","オートラン(配膳台車の自動搬送装置)の2階開口部から6.7m下に墜落した。","1","製造業","101","食料品製造業","","","30~49","3","その他の装置等","39","その他の装置、設備","","","1","墜落、転落"
"2289","1995","平成","7","12","12~13","簡易郵便局の委託事務監査を終え、バイクで国道を走行中、追い越してきた大型トラックと接触し、路外の用水路に転落した。","11","通信業","","","","","10~29","2","物上げ装置、運搬機械","22","動力運搬機","","","17","交通事故（道路）"
"2290","1995","平成","7","12","12~13","社宅8階通路で消化器を点検中、通路防護壁(幅20センチメートル、高さ115センチメートル)から墜落した。","1","製造業","108","化学工業","","","不明","4","仮設物、建築物、構築物等","41","仮設物、建築物、構築物等","","","1","墜落、転落"
"2291","1995","平成","7","12","14~15","ワゴン車の後部ドアを開け、商品の出し入れ作業中、トラックが突っ込んできた。","17","その他の事業","","","","","10~29","2","物上げ装置、運搬機械","22","動力運搬機","","","17","交通事故（道路）"
"2292","1995","平成","7","12","15~16","チップサイロ清掃のため、トラック運転席の上(高さ3.07m)に上がりサイロのチップ取出口から中に入ろうとしたところ、転落した。","1","製造業","104","木材・木製品製造業","","","1~9","2","物上げ装置、運搬機械","22","動力運搬機","","","1","墜落、転落"
"2293","1995","平成","7","12","16~17","民家の屋根瓦葺き替え作業中、6.88m下のアスファルト道路に墜落した。","3","建設業","302","建築工事業","","","1~9","4","仮設物、建築物、構築物等","41","仮設物、建築物、構築物等","","","1","墜落、転落"
"2294","1995","平成","7","12","0~1","高速道路の路肩上において、ガス欠を起こした同僚の10tトラックに自車の10tトラックから燃料を補給していたところ、走行してきた10tトラックに追突された。","4","運輸交通業","403","道路貨物運送業","","","30~49","2","物上げ装置、運搬機械","22","動力運搬機","","","17","交通事故（道路）"
"2295","1995","平成","7","12","3~4","軽トラックで牛乳配達中、交差点で大型トラックと衝突した。","8","商業","","","","","1~9","2","物上げ装置、運搬機械","22","動力運搬機","","","17","交通事故（道路）"
"2296","1995","平成","7","12","6~7","踏切工事を終え、普通トラックに同乗して帰る途中、ワゴン車に追突し、その弾みで駐車中の大型トラックに衝突した。","3","建設業","303","その他の建設業","","","10~29","2","物上げ装置、運搬機械","22","動力運搬機","","","17","交通事故（道路）"
"2297","1995","平成","7","12","8~9","トラックで高速道路を走行中、渋滞停車中の大型トレーラーに追突した。","5","貨物取扱業","501","陸上貨物取扱業","","","50~99","2","物上げ装置、運搬機械","22","動力運搬機","","","17","交通事故（道路）"
"2298","1995","平成","7","12","9~10","船内において、クレーンで荷を移動させるため、吊具に掛けるベルトスリングのアイを荷の上で点検しクレーンを降下させたところ、吊具が振れ近くにいた被災者に当たった。","5","貨物取扱業","502","港湾運送業","","","50~99","2","物上げ装置、運搬機械","21","動力クレーン等","","","6","激突され"
"2299","1995","平成","7","12","9~10","ライナープレートを運搬中、旋回してきたクラムシェルのカウンターウエイトに激突された。","3","建設業","301","土木工事業","","","10~29","1","動力機械","14","建設機械等","","","6","激突され"
"2300","1995","平成","7","12","10~11","不整地運搬車で走行中、仮設道路の路肩が崩れ、車から墜落した。","3","建設業","301","土木工事業","","","1~9","2","物上げ装置、運搬機械","22","動力運搬機","","","1","墜落、転落"
"2301","1995","平成","7","12","14~15","高さ1.9mに山積みされた丸太上に乗っていたところ、丸太が崩壊した。","1","製造業","104","木材・木製品製造業","","","1~9","5","物質、材料","52","材料","","","5","崩壊、倒壊"
"2302","1995","平成","7","12","15~16","工場内自動造型ラインにおいて鋳造作業中、鋳造移し替え装置内で砂型からジャケットを外そうとしたところ、同装置中のプッシャーの収縮により挟まれた。","1","製造業","110","鉄鋼業","","","10~29","2","物上げ装置、運搬機械","22","動力運搬機","","","7","はさまれ、巻き込まれ"
"2303","1995","平成","7","12","8~9","天井裏の断熱材を敷く作業中、天井端部から5.56m下のコンクリート床に墜落した。","3","建設業","302","建築工事業","","","1~9","4","仮設物、建築物、構築物等","41","仮設物、建築物、構築物等","","","1","墜落、転落"
"2304","1995","平成","7","12","9~10","ベノト杭の基礎工事中、旋回中のアースドリル式拡底機の本体とクローラの間に挟まれた。","3","建設業","302","建築工事業","","","1~9","1","動力機械","14","建設機械等","","","7","はさまれ、巻き込まれ"
"2305","1995","平成","7","12","9~10","トラックから資材を降ろすため道路の安全地帯にポールを並べる作業中、軽トラックにはねられた。","3","建設業","301","土木工事業","","","1~9","2","物上げ装置、運搬機械","22","動力運搬機","","","17","交通事故（道路）"
"2306","1995","平成","7","12","10~11","民家の車庫の屋根上で解体作業中、高さ約4.2mから墜落した。","3","建設業","302","建築工事業","","","1~9","4","仮設物、建築物、構築物等","41","仮設物、建築物、構築物等","","","1","墜落、転落"
"2307","1995","平成","7","12","12~13","枠組足場の組立作業中、梁上(高さ5.9m)から墜落した。","3","建設業","302","建築工事業","","","10~29","4","仮設物、建築物、構築物等","41","仮設物、建築物、構築物等","","","1","墜落、転落"
"2308","1995","平成","7","12","13~14","バイクで荷を受け取りに行く途中、信号のない交差点でワゴン車にはねられた。","1","製造業","117","その他の製造業","","","1~9","2","物上げ装置、運搬機械","23","乗物","","","17","交通事故（道路）"
"2309","1995","平成","7","12","15~16","型枠解体中、11階天井型枠の端太角が落下して1階地上のロングスパンエレベーターに当たり、その近くにいた被災者に当たった。","3","建設業","302","建築工事業","","","1~9","5","物質、材料","52","材料","","","4","飛来、落下"
"2310","1995","平成","7","12","16~17","舗装工事中、11tダンプカーからアスファルトフィニッシャーへアスファルト(温度約165度)4tを降ろしたところ、被災者がその下敷きになった。","3","建設業","301","土木工事業","","","10~29","5","物質、材料","52","材料","","","11","高温・低温の物との接触"
"2311","1995","平成","7","12","21~22","レジャーセンター駐車場で整理業務をしていた被災者が、水路に浮かんでいた。","17","その他の事業","","","","","10~29","7","環境等","71","環境等","","","10","おぼれ"
"2312","1995","平成","7","12","18~19","建築現場より帰社途中、中央分離帯に激突した。","3","建設業","302","建築工事業","","","50~99","2","物上げ装置、運搬機械","23","乗物","","","17","交通事故（道路）"
"2313","1995","平成","7","12","18~19","保冷車で国道を走行中、カーブでセンターラインをはみ出して対向車と接触し、道路脇の駐車車両に衝突した。","4","運輸交通業","403","道路貨物運送業","","","10~29","2","物上げ装置、運搬機械","22","動力運搬機","","","17","交通事故（道路）"
"2314","1995","平成","7","12","0~1","タクシーで国道を走行中、センターラインを越えてきた乗用車と衝突した。","4","運輸交通業","402","道路旅客運送業","","","30~49","2","物上げ装置、運搬機械","23","乗物","","","17","交通事故（道路）"
"2315","1995","平成","7","12","10~11","足場の7段目で足場解体作業中、墜落した。","3","建設業","302","建築工事業","","","1~9","4","仮設物、建築物、構築物等","41","仮設物、建築物、構築物等","","","1","墜落、転落"
"2316","1995","平成","7","12","14~15","鉄骨造6階建ビルの3階出窓屋根に屋根材のカラー鋼板を取付中、突風にあおられ、足場から約7m下のコンクリート面に墜落した。","3","建設業","302","建築工事業","","","1~9","4","仮設物、建築物、構築物等","41","仮設物、建築物、構築物等","","","1","墜落、転落"
"2317","1995","平成","7","12","15~16","採石現場において、ドラグ・ショベルで採石場所への取付道路の路盤均し中、路肩から約40m下に墜落した。","2","鉱業","202","土石採取業","","","1~9","1","動力機械","14","建設機械等","","","1","墜落、転落"
"2318","1995","平成","7","12","16~17","集塵ダクト(高さ2.8m)のゴミの除去作業中、足を滑らせ脚立から転落した。","1","製造業","102","繊維工業","","","10~29","3","その他の装置等","37","用具","","","1","墜落、転落"
"2319","1995","平成","7","12","16~17","草払い作業中、刈払機の歯が頚部に接触した。","1","製造業","116","電気・ガス・水道業","","","1~9","1","動力機械","16","一般動力機械","","","8","切れ、こすれ"
"2320","1995","平成","7","12","16~17","自動アルミ鋳造工程の製品取り出し作業中、鋳型を上下に分離し下鋳型をローラーで水平移動後、落ちた製品をとるため上鋳型の下に入ったところ、鋳型が下降し架台との間に挟まれた。","1","製造業","111","非鉄金属製造業","","","30~49","1","動力機械","16","一般動力機械","","","7","はさまれ、巻き込まれ"
"2321","1995","平成","7","12","6~7","自転車で新聞配達中、国道を横断していたところ、乗用車にはねられた。","8","商業","","","","","50~99","2","物上げ装置、運搬機械","23","乗物","","","17","交通事故（道路）"
"2322","1995","平成","7","12","7~8","ブル・ドーザーで林道の除雪作業中、路肩から48.3m下に転落した。","6","農林業","601","農業","","","50~99","1","動力機械","14","建設機械等","","","1","墜落、転落"
"2323","1995","平成","7","12","8~9","高速道路を走行中、大雪による交通規制で停車中の大型トラックに追突した。","4","運輸交通業","403","道路貨物運送業","","","10~29","2","物上げ装置、運搬機械","22","動力運搬機","","","17","交通事故（道路）"
"2324","1995","平成","7","12","13~14","換気ファン室の清掃作業中、床の開口部(47センチメートル四方)より約9m下の地下1階フロアーへ墜落した。","3","建設業","302","建築工事業","","","不明","4","仮設物、建築物、構築物等","41","仮設物、建築物、構築物等","","","1","墜落、転落"
"2325","1995","平成","7","12","14~15","ガソリンスタンドの塗装工事において、ローリングタワーの高さ5.46mに足場板2枚を敷いて作業中、足場板の位置替えをするため一方の板に乗り他方を起こしたところ、強風によりローリングタワーが転倒し、墜落した。","3","建設業","302","建築工事業","","","1~9","4","仮設物、建築物、構築物等","41","仮設物、建築物、構築物等","","","1","墜落、転落"
"2326","1995","平成","7","12","17~18","仮設小屋の中で水道管凍結防止のため練炭を使用し、一酸化炭素中毒になった。","3","建設業","301","土木工事業","","","1~9","5","物質、材料","51","危険物、有害物等","","","12","有害物等との接触"
"2327","1995","平成","7","12","9~10","手延機で鋼箱桁の送り出し作業中、橋脚上の手延機が突然落下し、部材に激突された。","3","建設業","301","土木工事業","","","10~29","4","仮設物、建築物、構築物等","41","仮設物、建築物、構築物等","","","6","激突され"
"2328","1995","平成","7","12","9~10","トラックで高速道路を走行中、玉突事故に巻き込まれた。","4","運輸交通業","403","道路貨物運送業","","","50~99","2","物上げ装置、運搬機械","22","動力運搬機","","","17","交通事故（道路）"
"2329","1995","平成","7","12","11~12","新築工事に伴う土地改良工事において、ドラグ・ショベルで土石の埋め戻し作業中、傾斜箇所で横転した。","3","建設業","302","建築工事業","","","1~9","1","動力機械","14","建設機械等","","","2","転倒"
"2330","1995","平成","7","12","11~12","ガソリンスタンド新築工事において、鉄骨梁上でボルト入れ作業中、約3.4m下の地面に墜落した。","3","建設業","302","建築工事業","","","1~9","4","仮設物、建築物、構築物等","41","仮設物、建築物、構築物等","","","1","墜落、転落"
"2331","1995","平成","7","12","12~13","浄化槽を地中内に吊り込むための準備作業中、浄化槽(高さ90センチメートル)に上がり玉掛をしていたところ、近接する掘削溝(深さ約1.7m)に墜落した。","3","建設業","303","その他の建設業","","","10~29","3","その他の装置等","39","その他の装置、設備","","","1","墜落、転落"
"2332","1995","平成","7","12","15~16","鉄骨平屋建倉庫の鉄骨建方中、庇から梯子を降りる際、足を踏み外し3m下の地上に墜落した。","3","建設業","302","建築工事業","","","1~9","3","その他の装置等","37","用具","","","1","墜落、転落"
"2333","1995","平成","7","12","16~17","ローリングタワーの手摺に足をかけ、冷暖房用ダクトの接続作業中、約2.5m下のコンクリート床に墜落した。","3","建設業","302","建築工事業","","","30~49","4","仮設物、建築物、構築物等","41","仮設物、建築物、構築物等","","","1","墜落、転落"
"2334","1995","平成","7","12","1~2","国道を走行中、赤信号で停車中のトレーラーに追突した。","4","運輸交通業","403","道路貨物運送業","","","30~49","2","物上げ装置、運搬機械","22","動力運搬機","","","17","交通事故（道路）"
"2335","1995","平成","7","12","8~9","治山工事に使用したケーブルクレーンの解体作業において、同クレーンの生コン用バケットに乗り込み主索まで上昇して搬器等を解体中、反動により約10m墜落した。","3","建設業","301","土木工事業","","","1~9","2","物上げ装置、運搬機械","21","動力クレーン等","","","1","墜落、転落"
"2336","1995","平成","7","12","10~11","乗用車で客先へ向かう途中、信号のない交差点で乗用車と衝突した。","8","商業","","","","","30~49","2","物上げ装置、運搬機械","23","乗物","","","17","交通事故（道路）"
"2337","1995","平成","7","12","13~14","マンション4階のベランダの手摺の塗装を終え、手摺(高さ1.08m)を乗り越えて65センチメートル離れた内部階段の踊り場に移ろうとしたところ、7.4m下の地上に墜落した。","3","建設業","302","建築工事業","","","1~9","4","仮設物、建築物、構築物等","41","仮設物、建築物、構築物等","","","1","墜落、転落"
"2338","1995","平成","7","12","15~16","車庫の鉄骨組立中、脚立(高さ1.8m)から墜落した。","3","建設業","302","建築工事業","","","1~9","3","その他の装置等","37","用具","","","1","墜落、転落"
"2339","1995","平成","7","12","16~17","廃材・残土等の上に仮置きしていたフォークグラブ(ドラグ・ショベルのブーム先端をハサミ型に取り替えたもの)を運転中、同機械が横転した。","2","鉱業","202","土石採取業","","","30~49","2","物上げ装置、運搬機械","22","動力運搬機","","","2","転倒"
"2340","1995","平成","7","12","17~18","木造家屋建築現場において、移動式クレーンでベニヤ板(120キログラム)を2階ベランダに上げる際、ベニヤ板が崩れ被災者に当たった。","3","建設業","302","建築工事業","","","1~9","5","物質、材料","52","材料","","","4","飛来、落下"
"2341","1995","平成","7","12","18~19","古紙回収処理倉庫において、床面に広がった古紙をベルトコンベヤーで次工程へ送る作業中、コンベヤーの取込口で異物の除去をしていたところ、古紙をかき集めていたショベルローダーに激突された。","8","商業","","","","","10~29","2","物上げ装置、運搬機械","22","動力運搬機","","","6","激突され"
"2342","1995","平成","7","12","0~1","タクシーで国道を走行中、中央分離帯を乗り越えてきた乗用車と正面衝突した。","4","運輸交通業","402","道路旅客運送業","","","100~299","2","物上げ装置、運搬機械","23","乗物","","","17","交通事故（道路）"
"2343","1995","平成","7","12","15~16","軽自動車でプラントに向かう途中、右折待ちをしていたところ、後続車に追突されて反対車線にはみ出し、対向してきたダンプカーと衝突した。","2","鉱業","202","土石採取業","","","1~9","2","物上げ装置、運搬機械","23","乗物","","","17","交通事故（道路）"
"2344","1995","平成","7","12","23~24","スチレンモノマーを重合反応させポリスチレンを生産する工程において、触媒(ターシャリーブチルパーオキシベンゾエイト)の仕込タンクから反応器に送る配管の流量が低下したため、配管内で触媒が凍ったと判断し、蒸気ホースで配管の一部を暖めたが、流量が元に戻らないので内容物を抜き取ろうとしていたところ、タンクが破裂した。","1","製造業","108","化学工業","","","1000~9999","3","その他の装置等","32","化学設備","","","15","破裂"
"2345","1995","平成","7","12","7~8","踏切で電車通過待ち中、乗用車に追突された。","4","運輸交通業","402","道路旅客運送業","","","300~499","2","物上げ装置、運搬機械","23","乗物","","","17","交通事故（道路）"
"2346","1995","平成","7","12","16~17","競輪場の駐車場で警備中、乗用車にはねられた。","17","その他の事業","","","","","300~499","2","物上げ装置、運搬機械","23","乗物","","","6","激突され"
"2347","1995","平成","7","12","9~10","産業廃棄物埋立地において、廃棄物を押しつぶしていたブル・ドーザーが後進した際、被災者を轢いた。","15","清掃・と畜業","","","","","10~29","1","動力機械","14","建設機械等","","","7","はさまれ、巻き込まれ"
"2348","1995","平成","7","12","23~24","自転車で新聞配達中、乗用車にはねられた。","8","商業","","","","","30~49","2","物上げ装置、運搬機械","23","乗物","","","17","交通事故（道路）"
"2349","1995","平成","7","1","5~6","阪神・淡路大震災","1","製造業","115","輸送用機械等製造業","","","1000~9999","3","その他の装置等","39","その他の装置、設備","","","4","飛来、落下"
"2350","1995","平成","7","1","5~6","阪神・淡路大震災","4","運輸交通業","403","道路貨物運送業","","","100~299","4","仮設物、建築物、構築物等","41","仮設物、建築物、構築物等","","","1","墜落、転落"
"2351","1995","平成","7","1","5~6","阪神・淡路大震災","4","運輸交通業","403","道路貨物運送業","","","50~99","4","仮設物、建築物、構築物等","41","仮設物、建築物、構築物等","","","1","墜落、転落"
"2352","1995","平成","7","1","5~6","阪神・淡路大震災","4","運輸交通業","403","道路貨物運送業","","","100~299","4","仮設物、建築物、構築物等","41","仮設物、建築物、構築物等","","","1","墜落、転落"
"2353","1995","平成","7","1","5~6","阪神・淡路大震災","4","運輸交通業","403","道路貨物運送業","","","30~49","4","仮設物、建築物、構築物等","41","仮設物、建築物、構築物等","","","1","墜落、転落"
"2354","1995","平成","7","1","6~7","阪神・淡路大震災","4","運輸交通業","403","道路貨物運送業","","","1~9","4","仮設物、建築物、構築物等","41","仮設物、建築物、構築物等","","","5","崩壊、倒壊"
"2355","1995","平成","7","1","6~7","阪神・淡路大震災","4","運輸交通業","403","道路貨物運送業","","","10~29","4","仮設物、建築物、構築物等","41","仮設物、建築物、構築物等","","","1","墜落、転落"
"2356","1995","平成","7","1","不明","阪神・淡路大震災","1","製造業","101","食料品製造業","","","100~299","4","仮設物、建築物、構築物等","41","仮設物、建築物、構築物等","","","4","飛来、落下"
"2357","1995","平成","7","1","不明","阪神・淡路大震災","14","接客娯楽業","","","","","10~29","7","環境等","71","環境等","","","5","崩壊、倒壊"
"2358","1995","平成","7","1","不明","阪神・淡路大震災","1","製造業","101","食料品製造業","","","100~299","7","環境等","71","環境等","","","5","崩壊、倒壊"
"2359","1995","平成","7","1","不明","阪神・淡路大震災","14","接客娯楽業","","","","","10~29","7","環境等","71","環境等","","","5","崩壊、倒壊"
"2360","1995","平成","7","1","不明","阪神・淡路大震災","8","商業","","","","","10~29","7","環境等","71","環境等","","","5","崩壊、倒壊"
"2361","1995","平成","7","1","不明","阪神・淡路大震災","8","商業","","","","","10000~","7","環境等","71","環境等","","","5","崩壊、倒壊"
"2362","1995","平成","7","1","不明","阪神・淡路大震災","1","製造業","101","食料品製造業","","","100~299","7","環境等","71","環境等","","","5","崩壊、倒壊"
"2363","1995","平成","7","1","不明","阪神・淡路大震災","17","その他の事業","","","","","100~299","7","環境等","71","環境等","","","5","崩壊、倒壊"
"2364","1995","平成","7","1","不明","阪神・淡路大震災","1","製造業","101","食料品製造業","","","100~299","7","環境等","71","環境等","","","5","崩壊、倒壊"
"2365","1995","平成","7","1","不明","阪神・淡路大震災","14","接客娯楽業","","","","","不明","7","環境等","71","環境等","","","5","崩壊、倒壊"
"2366","1995","平成","7","1","不明","阪神・淡路大震災","13","保健・衛生業","","","","","10~29","7","環境等","71","環境等","","","5","崩壊、倒壊"
"2367","1995","平成","7","1","不明","阪神・淡路大震災","14","接客娯楽業","","","","","10~29","7","環境等","71","環境等","","","5","崩壊、倒壊"
"2368","1995","平成","7","1","不明","阪神・淡路大震災","1","製造業","108","化学工業","","","50~99","7","環境等","71","環境等","","","5","崩壊、倒壊"
"2369","1995","平成","7","1","不明","阪神・淡路大震災","8","商業","","","","","10~29","7","環境等","71","環境等","","","5","崩壊、倒壊"
"2370","1995","平成","7","1","不明","阪神・淡路大震災","4","運輸交通業","403","道路貨物運送業","","","50~99","7","環境等","71","環境等","","","5","崩壊、倒壊"
"2371","1995","平成","7","1","不明","阪神・淡路大震災","4","運輸交通業","402","道路旅客運送業","","","10000~","7","環境等","71","環境等","","","5","崩壊、倒壊"
"2372","1995","平成","7","1","不明","阪神・淡路大震災","15","清掃・と畜業","","","","","500~999","7","環境等","71","環境等","","","5","崩壊、倒壊"
"2373","1995","平成","7","1","不明","阪神・淡路大震災","14","接客娯楽業","","","","","10~29","7","環境等","71","環境等","","","5","崩壊、倒壊"
"2374","1995","平成","7","1","不明","阪神・淡路大震災","1","製造業","108","化学工業","","","1~9","7","環境等","71","環境等","","","5","崩壊、倒壊"
"2375","1995","平成","7","1","不明","阪神・淡路大震災","1","製造業","114","電気機械器具製造業","","","1000~9999","7","環境等","71","環境等","","","5","崩壊、倒壊"
"2376","1995","平成","7","1","不明","阪神・淡路大震災","4","運輸交通業","402","道路旅客運送業","","","500~999","7","環境等","71","環境等","","","5","崩壊、倒壊"
"2377","1995","平成","7","1","不明","阪神・淡路大震災","4","運輸交通業","402","道路旅客運送業","","","50~99","7","環境等","71","環境等","","","5","崩壊、倒壊"
"2378","1995","平成","7","1","不明","阪神・淡路大震災","17","その他の事業","","","","","1~9","7","環境等","71","環境等","","","5","崩壊、倒壊"
"2379","1995","平成","7","1","不明","阪神・淡路大震災","8","商業","","","","","1~9","7","環境等","71","環境等","","","5","崩壊、倒壊"
"2380","1995","平成","7","1","不明","阪神・淡路大震災","17","その他の事業","","","","","1~9","7","環境等","71","環境等","","","5","崩壊、倒壊"
"2381","1995","平成","7","1","不明","阪神・淡路大震災","13","保健・衛生業","","","","","1~9","7","環境等","71","環境等","","","5","崩壊、倒壊"
"2382","1995","平成","7","1","不明","阪神・淡路大震災","1","製造業","101","食料品製造業","","","1~9","7","環境等","71","環境等","","","5","崩壊、倒壊"
"2383","1995","平成","7","1","不明","阪神・淡路大震災","1","製造業","108","化学工業","","","10~29","7","環境等","71","環境等","","","5","崩壊、倒壊"
"2384","1995","平成","7","1","不明","阪神・淡路大震災","8","商業","","","","","1~9","7","環境等","71","環境等","","","5","崩壊、倒壊"
"2385","1995","平成","7","1","不明","阪神・淡路大震災","9","金融・広告業","","","","","1~9","7","環境等","71","環境等","","","5","崩壊、倒壊"
"2386","1995","平成","7","1","不明","阪神・淡路大震災","14","接客娯楽業","","","","","10~29","7","環境等","71","環境等","","","5","崩壊、倒壊"
"2387","1995","平成","7","1","不明","阪神・淡路大震災","17","その他の事業","","","","","10~29","7","環境等","71","環境等","","","5","崩壊、倒壊"
"2388","1995","平成","7","1","不明","阪神・淡路大震災","1","製造業","101","食料品製造業","","","50~99","7","環境等","71","環境等","","","5","崩壊、倒壊"
"2389","1995","平成","7","1","不明","阪神・淡路大震災","4","運輸交通業","403","道路貨物運送業","","","10~29","7","環境等","71","環境等","","","5","崩壊、倒壊"
"2390","1995","平成","7","1","不明","阪神・淡路大震災","4","運輸交通業","403","道路貨物運送業","","","30~49","7","環境等","71","環境等","","","5","崩壊、倒壊"
"2391","1995","平成","7","1","不明","阪神・淡路大震災","4","運輸交通業","403","道路貨物運送業","","","10~29","7","環境等","71","環境等","","","5","崩壊、倒壊"
"2392","1995","平成","7","1","不明","阪神・淡路大震災","1","製造業","101","食料品製造業","","","10~29","7","環境等","71","環境等","","","5","崩壊、倒壊"
"2393","1995","平成","7","1","不明","阪神・淡路大震災","1","製造業","101","食料品製造業","","","10~29","7","環境等","71","環境等","","","5","崩壊、倒壊"
"2394","1995","平成","7","1","不明","阪神・淡路大震災","1","製造業","101","食料品製造業","","","100~299","7","環境等","71","環境等","","","5","崩壊、倒壊"
"2395","1995","平成","7","1","不明","阪神・淡路大震災","1","製造業","101","食料品製造業","","","100~299","7","環境等","71","環境等","","","5","崩壊、倒壊"
"2396","1995","平成","7","1","不明","阪神・淡路大震災","1","製造業","101","食料品製造業","","","100~299","7","環境等","71","環境等","","","5","崩壊、倒壊"
"2397","1995","平成","7","1","不明","阪神・淡路大震災","8","商業","","","","","1~9","7","環境等","71","環境等","","","5","崩壊、倒壊"
"2398","1995","平成","7","1","不明","阪神・淡路大震災","1","製造業","101","食料品製造業","","","50~99","7","環境等","71","環境等","","","5","崩壊、倒壊"
"2399","1995","平成","7","1","不明","阪神・淡路大震災","9","金融・広告業","","","","","300~499","7","環境等","71","環境等","","","5","崩壊、倒壊"
"2400","1995","平成","7","1","不明","阪神・淡路大震災","17","その他の事業","","","","","50~99","7","環境等","71","環境等","","","5","崩壊、倒壊"
"2401","1995","平成","7","1","不明","阪神・淡路大震災","13","保健・衛生業","","","","","100~299","7","環境等","71","環境等","","","5","崩壊、倒壊"
"2402","1995","平成","7","1","不明","阪神・淡路大震災","4","運輸交通業","402","道路旅客運送業","","","50~99","7","環境等","71","環境等","","","5","崩壊、倒壊"
"2403","1995","平成","7","1","不明","阪神・淡路大震災","14","接客娯楽業","","","","","100~299","7","環境等","71","環境等","","","5","崩壊、倒壊"
"2404","1995","平成","7","1","不明","阪神・淡路大震災","3","建設業","301","土木工事業","","","50~99","7","環境等","71","環境等","","","5","崩壊、倒壊"
"2405","1995","平成","7","1","不明","阪神・淡路大震災","4","運輸交通業","403","道路貨物運送業","","","30~49","7","環境等","71","環境等","","","5","崩壊、倒壊"
"2406","1995","平成","7","1","不明","阪神・淡路大震災","8","商業","","","","","10~29","1","動力機械","11","原動機（電動機を除く）","","","1","墜落、転落"
"2407","1995","平成","7","1","不明","阪神・淡路大震災","4","運輸交通業","403","道路貨物運送業","","","10~29","1","動力機械","11","原動機（電動機を除く）","","","1","墜落、転落"
"2408","1995","平成","7","1","不明","阪神・淡路大震災","5","貨物取扱業","501","陸上貨物取扱業","","","100~299","1","動力機械","11","原動機（電動機を除く）","","","1","墜落、転落"
"2409","1995","平成","7","1","不明","阪神・淡路大震災","5","貨物取扱業","501","陸上貨物取扱業","","","100~299","1","動力機械","11","原動機（電動機を除く）","","","1","墜落、転落"
"2410","1995","平成","7","1","不明","阪神・淡路大震災","8","商業","","","","","10~29","1","動力機械","11","原動機（電動機を除く）","","","1","墜落、転落"
"2411","1995","平成","7","1","不明","阪神・淡路大震災","8","商業","","","","","50~99","1","動力機械","11","原動機（電動機を除く）","","","1","墜落、転落"
"2412","1995","平成","7","1","不明","阪神・淡路大震災","8","商業","","","","","30~49","1","動力機械","11","原動機（電動機を除く）","","","1","墜落、転落"
"2413","1995","平成","7","3","8~9","いわゆる地下鉄サリン事件","4","運輸交通業","401","鉄道・軌道・水運・航空業","","","10000~","5","物質、材料","51","危険物、有害物等","","","12","有害物等との接触"
"2414","1995","平成","7","3","8~9","いわゆる地下鉄サリン事件","4","運輸交通業","401","鉄道・軌道・水運・航空業","","","10000~","5","物質、材料","51","危険物、有害物等","","","12","有害物等との接触"
