"ID","西暦","年号","年","月","発生時間","災害状況","業種（大分類）コード","業種（大分類）分類名","業種（中分類）コード","業種（中分類）分類名","業種（小分類）コード","業種（小分類）分類名","事業場規模","起因物（大分類）コード","起因物（大分類）分類名","起因物（中分類）コード","起因物（中分類）分類名","起因物（小分類）コード","起因物（小分類）分類名","事故の型コード","事故の型分類名"
"1","2015","平成","27","9","0~1","鉄骨造2階建の工場増築工事現場において、アース・オーガーを使用し杭打作業を施工中、2m程ドリルを穿孔させた際、埋設物に当たった影響等で、ドリル上部のモーター部(自重約5.5t)を支えるスライド金物(通称:ダッコ)がレールから外れ、車体左方向にドリルと共に約20m落下した。その際、落下方向にて杭をトラックから荷降ろし中のトラッククレーン(最大吊上荷重25t)の運転席に居たオペレーターを直撃したもの。","3","建設業","302","建築工事業","30201","鉄骨・鉄筋コンクリート造家屋建築工事業","1~9","1","動力機械","14","建設機械等","143","基礎工事用機械","4","飛来、落下"
"2","2015","平成","27","5","13~14","リフトマンがフォークリフトに荷を積載し、鉄製の棚(幅:約5m、奥行き:約1m、高さ:約3m、重量:約400キログラム)の上部に置いてあるパレットをフォークで押したところ、当該棚が倒れ、倒れた位置でゴム成形作業を行っていた被災者の後頭部に激突し、被災したもの。","1","製造業","108","化学工業","10806","ゴム製品製造業","300~499","2","物上げ装置、運搬機械","22","動力運搬機","222","フォークリフト","6","激突され"
"3","2015","平成","27","3","0~1","被災者は、廃レンガの破砕作業において、破砕機から排出される破砕物に混入した鉄くず等を取り除く作業を行っていたところ、破砕機への投入を終え、別場所へ移動させようとしていたドラグ・ショベル(バケット容量0.7m3)に下半身を轢かれた。","1","製造業","109","窯業土石製品製造業","10901","セメント・同製品製造業","10~29","1","動力機械","14","建設機械等","142","掘削用機械","7","はさまれ、巻き込まれ"
"4","2015","平成","27","5","11~12","当該事業場の労働者である被災者が、事業場内において健診を実施していた際、胃がん検診のためバリウムを飲み透視撮影台に寝ていたところ、頭部が当該機械に挟まれたもの。","1","製造業","104","木材・木製品製造業","10409","その他の木材・木製品製造業","100~299","9","その他","99","分類不能","999","分類不能","7","はさまれ、巻き込まれ"
"5","2015","平成","27","10","14~15","開放検査が終わったタンク(内容量500kL)にヘキシルグリコール(安衛法非該当)を入れる作業中、同製品の品質を保つため窒素を注入し、酸素濃度を0.5%以下としていた。被災者は、12時30分ころ、タンク上部において一人で酸素濃度測定作業を行っていた。その後、被災者は、14時ころ、下部のマンホールを開け、内部でうつ伏せで意識不明で発見され、そのまま死亡が確認された。この作業は予定されていなかった。","5","貨物取扱業","502","港湾運送業","50202","港湾荷役業","10~29","7","環境等","71","環境等","714","異常環境等","12","有害物等との接触"
"6","2015","平成","27","4","16~17","高さ約3.4mのラックの上に乗って、パレットの上に乗せた荷をフォークリフトから作業者2人でラックの上にに敷いた平板の上に引っ張りこんだ後、ラックの上移動していた際に、バランスを崩してラックから墜落したもの。","4","運輸交通業","403","道路貨物運送業","40301","一般貨物自動車運送業","10~29","4","仮設物、建築物、構築物等","41","仮設物、建築物、構築物等","419","その他の仮設物、建築物、構築物等","1","墜落、転落"
"7","2015","平成","27","3","7~8","公道において、トラックで運搬してきたコールドロールボックスの荷卸し作業を行っていた際に、1台のコールドロールボックスをトラックの荷台からテールゲートの上に移動させ、リモコン操作でテールゲートを下降させたところ、コールドロールボックスのキャスターのうち1輪が荷台の上に乗ったままの状態であったため、コールドロールボックスが傾いて倒れ、被災者がその下敷きになった。","4","運輸交通業","403","道路貨物運送業","40301","一般貨物自動車運送業","10~29","6","荷","61","荷","611","荷姿の物","4","飛来、落下"
"8","2015","平成","27","8","13~14","観光目的の川下りの船頭をしていた被災者が、船尾から船首に移動するため船の左舷を移動していたところ川に転落した。被災者はしばらくの間泳いで船を追っていたが、途中で心筋梗塞を発症し、沈んだ。同僚が川に入って被災者を川から出し、心肺蘇生を試みたが、被災者は死亡した。","4","運輸交通業","401","鉄道・軌道・水運・航空業","40102","水運業","100~299","2","物上げ装置、運搬機械","23","乗物","239","その他の乗物","10","おぼれ"
"9","2015","平成","27","6","15~16","個人所有地の伐採作業現場において、胸高直径約38センチ、高さ約15メートルの杉を伐採する際、伐倒方向を制御するため、同僚労働者が木材グラップル機を使用し、つかみ装置を地上から約4.4メートルのところに添えながら、被災者がチェーンソーで伐木したところ、切断部が暴れ、根本付近が被災者に激突したもの。","3","建設業","301","土木工事業","30199","その他の土木工事業","10~29","7","環境等","71","環境等","712","立木等","6","激突され"
"10","2015","平成","27","3","0~1","荷主構内において、バルク車の上でセメントの積込み作業中に墜落し、心肺停止で病院に搬送され、3月27日に死亡した。","4","運輸交通業","403","道路貨物運送業","40301","一般貨物自動車運送業","30~49","2","物上げ装置、運搬機械","22","動力運搬機","221","トラック","1","墜落、転落"
"11","2015","平成","27","8","23~24","交代のため出勤してきた同僚が、工場内で倒れている被災者を発見。被災者に意識はなく、救急搬送したものの、翌日19時5分に熱中症を原因とする急性循環不全により死亡。工場では、フッ素樹脂のスクラップを溶融し、押出機にて糸状に成型してから裁断し、出荷用のペレットを製造している。工場は三交代の勤務体制である。被災者は15時から24時の時間帯に勤務しているが、18時から24時まで毎日被災者一人で作業をしていた","1","製造業","108","化学工業","10805","プラスチック製品製造業","1~9","7","環境等","71","環境等","715","高温・低温環境","11","高温・低温の物との接触"
"12","2015","平成","27","8","17~18","産業廃棄物の分別作業場において、被災者は、土のう袋に詰め込んだ残土が入ったコンテナを横倒しにして、土のう袋を開封して別のコンテナボックスに残土を移し替える作業を単独で行っていた。別の場所にいた同僚労働者が、被災者の作業場所に近付いた際に、コンテナ内で意識不明の状態でうずくまっている被災者を発見した。","15","清掃・と畜業","1501","清掃・と畜業","150102","産業廃棄物処理業","10~29","4","仮設物、建築物、構築物等","41","仮設物、建築物、構築物等","416","作業床、歩み板","2","転倒"
"13","2015","平成","27","2","11~12","中学校の体育館の屋根周囲の雨水配水管の排水口(ドレン)に堆積した落葉等の清掃作業を2名で行っていたところ、被災者が西側の屋根から約11メートル下の公道上に墜落し死亡したものである。なお、同作業は同日のみで終了する予定であった。","15","清掃・と畜業","1501","清掃・と畜業","150101","ビルメンテナンス業","1~9","4","仮設物、建築物、構築物等","41","仮設物、建築物、構築物等","415","屋根、はり、もや、けた、合掌","1","墜落、転落"
"14","2015","平成","27","2","17~18","現場から会社へ戻る途中、車が歩道にのり上げ横転し、ガードレールに衝突して死亡した。","3","建設業","303","その他の建設業","30309","その他の建設業－その他","10~29","2","物上げ装置、運搬機械","23","乗物","231","乗用車、バス、バイク","17","交通事故（道路）"
"15","2015","平成","27","1","0~1","被災者が杉(胸高直径約35センチメートル)を伐倒したところ、当該伐倒木が他の切株に当たって被災者が退避していた場所に跳ね、被災者が退避していた付近の立木と当該伐倒木の間に挟まれ、被災した。","6","農林業","602","林業","60201","木材伐出業","1~9","7","環境等","71","環境等","712","立木等","6","激突され"
"16","2015","平成","27","10","13~14","現場内の山林で、ドラグ・ショベルを使用し作業道の造成及び整地作業を行っていた作業中のドラグ・ショベルが見当たらなくなったため、伐採等の作業を行っていた同僚が捜索していたところ、作業道から約15m下の崖に転落しているドラグ・ショベルを発見した。ドラグ・ショベルは運転席を下にした状態で立木に引っかかり停止していたが、支えていた立木が折れさらに50mほど転落した。","6","農林業","602","林業","60201","木材伐出業","10~29","7","環境等","71","環境等","711","地山、岩石","1","墜落、転落"
"17","2015","平成","27","1","11~12","給油所の高さ3.93メートルの屋根の雪おろしをするために梯子を登っていたところ、梯子が滑って倒れたことにより、被災者が梯子から転落して頭部を打撲し病院に搬送された。1月25日(日)午前8時59分に死亡した。","17","その他の事業","1702","その他の事業","170209","その他の事業－その他","100~299","3","その他の装置等","37","用具","371","はしご等","1","墜落、転落"
"18","2015","平成","27","2","7~8","ワゴン車を運転して事務所から施工現場に向かう途中、災害発生地付近にさしかかった際、路面の凍結によりタイヤがスリップし、対向車線にはみ出し、対向してきたトラックと衝突したあと、路肩の立木に衝突して停車した。被災者は市内の病院に搬送され治療を受けていたが、くも膜下出血により平成27年3月13日に死亡した。","3","建設業","303","その他の建設業","30301","電気通信工事業","1~9","2","物上げ装置、運搬機械","23","乗物","231","乗用車、バス、バイク","17","交通事故（道路）"
"19","2015","平成","27","8","2~3","工事が終了したため、走行車線規制を解除し、規制中の看板を撤去して、カラーコーン回収のため低速で走行していたころ、大型トラックが標識車両に追突し、標識車両が前を走行していた機台車両に玉突き衝突した。標識車両は横転炎上。標識車両の運転者1名が死亡、機台車両に乗車していた3名がやけどなどで負傷したもの。","17","その他の事業","1702","その他の事業","170201","警備業","10~29","2","物上げ装置、運搬機械","22","動力運搬機","221","トラック","17","交通事故（道路）"
"20","2015","平成","27","8","15~16","被災者が冷凍機の配線工事作業中、配線に電圧がかかっていたのにケーブルカッターで配線を切断したことから地絡を起こし、感電死したもの。","3","建設業","303","その他の建設業","30301","電気通信工事業","1~9","3","その他の装置等","35","電気設備","351","送配電線等","13","感電"
"21","2015","平成","27","1","16~17","公園内の約40ha部分について利用者の支障となる立木、害虫がいる立木を伐木する作業において発生した。事業主がチェーンソー作業、被災者がチルホール作業という役割分担であった。胸高直径33センチメートルの伐倒の際に、事業主がチェーンソーで受口と追口を作り被災者に合図し、被災者がチルホールで引いた。木が倒れ始めた際に、被災者が伐倒方向に退避したため木に激突され胸などを強く打ち死亡した。","6","農林業","602","林業","60209","その他の林業","1~9","7","環境等","71","環境等","712","立木等","5","崩壊、倒壊"
"22","2015","平成","27","11","9~10","橋梁の補修工事のために設置された吊り足場の解体作業において、足場の解体作業に従事する労働者が誤って30m下の海に墜落し死亡したもの。","3","建設業","301","土木工事業","30105","橋梁建設工事業","1~9","4","仮設物、建築物、構築物等","41","仮設物、建築物、構築物等","418","建築物、構築物","1","墜落、転落"
"23","2015","平成","27","5","11~12","市内の契約している駐車場の巡回警備の勤務中において、被災者1名が社用車(軽自動車)を運転して、巡回警備場所の駐車場に向かうために走行中、緩やかな右カーブで何らかの理由により中央ラインを超えて対向車線を走行したところに、対向車線を走行してきた4tトラックと正面衝突したもの。","17","その他の事業","1702","その他の事業","170201","警備業","1~9","2","物上げ装置、運搬機械","23","乗物","231","乗用車、バス、バイク","17","交通事故（道路）"
"24","2015","平成","27","3","1~2","3月4日19時に港の警備に就き、2時間毎に定時報告を入れていたが、3月5日1時の報告がなく、無線及び携帯電話を呼び出しても応答がなかったため巡回警備員を現地へ向かわせたものの発見できなかった。警察及び海上保安本部へ通報し、潜水士による海中捜索中に被災者の業務用ライトを発見したが被災者は発見できないまま3月6日に捜索終了。5月9日に現場から約4キロメートル東の海上で発見されたもの。","17","その他の事業","1702","その他の事業","170201","警備業","100~299","7","環境等","71","環境等","713","水","10","おぼれ"
"25","2015","平成","27","3","15~16","被災者が、軽トラックを配達先住居の駐車場に停車させて降車したところ、無人の軽トラックが後退し、住居前道路脇の側溝に軽トラックが落ち、軽トラックと側溝の土手との間に被災者が挟まれて死亡したもの。配達先住居の駐車場の傾斜角は8度、道路の傾斜角は3度であったもの。","17","その他の事業","1702","その他の事業","170209","その他の事業－その他","1~9","2","物上げ装置、運搬機械","22","動力運搬機","221","トラック","6","激突され"
"26","2015","平成","27","6","0~1","被災者は、建設工事の施工管理業務に従事していたが、過重労働による心理的負荷がかかり、精神疾患(うつ病)を発病し治療を行っていたものの、自殺をした。","3","建設業","303","その他の建設業","30309","その他の建設業－その他","10~29","9","その他","92","起因物なし","921","起因物なし","90","その他"
"27","2015","平成","27","2","0~1","中型貨物自動車を運転し、目的地までの運行を行っていたところ、緩い左カーブで対向車線に進入、対向してきた大型貨物自動車と衝突したもの。","4","運輸交通業","403","道路貨物運送業","40301","一般貨物自動車運送業","30~49","2","物上げ装置、運搬機械","22","動力運搬機","221","トラック","17","交通事故（道路）"
"28","2015","平成","27","4","19~20","トンネル切羽において、火薬の装填作業を行っていたところ、切羽天端部の肌落ちがあり、装填した火薬(雷管)が2つ落下した。すぐに同火薬を回収するため職長及び被災者が切羽に近づいたところ、岩盤が大規模に崩落し、被災者は落下してきた約3トンの岩の下敷きとなった。岩を除去し、救急車にて搬送されたが、搬送先にて死亡が確認された。","3","建設業","301","土木工事業","30102","トンネル建設工事業","10~29","7","環境等","71","環境等","711","地山、岩石","5","崩壊、倒壊"
"29","2015","平成","27","4","4~5","昼食の仕出し弁当に入れるおしぼりの在庫が切れ、被災者は、店舗へ買い出しのため、同僚と2台のバイクで公道を走行中、同僚を追い越した後、カーブを曲がり切れず、ポールに激突し、死亡したもの。(外傷性胸腔内蔵器損傷:即死)","8","商業","802","小売業","80209","その他の小売業","50~99","2","物上げ装置、運搬機械","23","乗物","231","乗用車、バス、バイク","17","交通事故（道路）"
"30","2015","平成","27","10","21~22","天井クレーンを用いて、パレット台車に熱延鋼板を積み込み、玉外しを行った後にクレーンを走行させているときに、玉掛用具であるハッカーが積み込んだ熱延鋼板に接触し(推定)、積み込んだ熱延鋼板の上部5枚(2.6t)が荷崩れを起こし、被災者に激突した。","5","貨物取扱業","501","陸上貨物取扱業","50101","陸上貨物取扱業","1000~9999","3","その他の装置等","37","用具","372","玉掛用具","5","崩壊、倒壊"
"31","2015","平成","27","10","12~13","沖合に仕掛けた定置網の補修作業が終了し、資材を回収しようと直径28ミリメートルの繊維ロープを定置網に接続し、ウインチで海中から引き上げた状態で作業を行っていたところ、同繊維ロープが舟の端の支柱から外れ、同繊維ロープの内角側において、外れた繊維ロープと舟の構造部(タツ)の間に挟まれたもの。","7","畜産・水産業","702","水産業","70201","漁業","10~29","3","その他の装置等","37","用具","379","その他の用具","7","はさまれ、巻き込まれ"
"32","2015","平成","27","11","12~13","被災者は、平成27年11月1日に現場事務所で打ち合わせ後、翌日の作業準備のため、会社の資材置場へ向かった後、行方不明となった。その後、同月6日に、資材置場付近のブロック塀に挟まった状態で、遺体で発見された。","3","建設業","302","建築工事業","30201","鉄骨・鉄筋コンクリート造家屋建築工事業","10~29","2","物上げ装置、運搬機械","23","乗物","231","乗用車、バス、バイク","1","墜落、転落"
"33","2015","平成","27","1","0~1","国道で、交差点を北に直進していたトラック(4トン:保冷車)と右折の普通乗用車が接触、トラックが横転し、ドライバーが全身を強く打ち死亡、普通乗用車の運転者も軽傷を負った。被災者は、1月20日の午後5時に会社を出て途中に配送を行い、同日の午後10時頃荷(とうふ)を積み目的地へ向かっている最中であった。","4","運輸交通業","403","道路貨物運送業","40301","一般貨物自動車運送業","1~9","2","物上げ装置、運搬機械","23","乗物","231","乗用車、バス、バイク","17","交通事故（道路）"
"34","2015","平成","27","8","14~15","被災者は、木造家屋の解体工事現場において、敷地内に埋設された供給用のガス(プロパン)管の閉止作業のため、ガス管を露出させるために掘削した深さ1m程の穴の中に入り、ガス管を切断して閉止作業を行っていたが、穴の中で意識を失った状態で倒れいたところを発見された。その後、病院に搬送されたが、約1時間後に低酸素血症により死亡した。","1","製造業","116","電気・ガス・水道業","11602","ガス業","300~499","7","環境等","71","環境等","714","異常環境等","12","有害物等との接触"
"35","2015","平成","27","6","0~1","被災者は、県道上において、工事現場にドラグショベル(0.2m3)搬入するための交通誘導を行っていた。積載車からドラグショベルを搬入する作業が終了したため、被災者は交通誘導を終え、工事現場に向かって県道を横断しようとしていたところ、南進してきた軽トラックにはねられたもの。トンネル工事現場において、切羽付近のズリ積込み作業を終了したドラグショベルが、次の作業に向かうため後進したところ、ドラグショベル右後方に立ち入っていた被災者の両足を轢いたもの。","3","建設業","301","土木工事業","30199","その他の土木工事業","10~29","2","物上げ装置、運搬機械","23","乗物","231","乗用車、バス、バイク","17","交通事故（道路）"
"36","2015","平成","27","9","8~9","クランプリフトで機械加工原紙を荷降ろしした後、バックで走行中、同じ建屋内にある廃棄物の圧縮処理を行うベーラー室から出てきた被災者と激突したものである。激突された被災者はそのまま床面に倒れ、頭部を打撲したことが原因で死亡した。","1","製造業","107","印刷・製本業","10701","印刷業","100~299","2","物上げ装置、運搬機械","22","動力運搬機","222","フォークリフト","6","激突され"
"37","2015","平成","27","5","10~11","ごみ収集作業中の労働者が、何らかの原因で突然バックしたパッカー車と建物支柱の間に挟まれて死亡した。事故発生時、運転手は車外におりパッカー車の運転席は無人であった。","15","清掃・と畜業","1501","清掃・と畜業","150103","その他の廃棄物処理業","10~29","2","物上げ装置、運搬機械","22","動力運搬機","229","その他の動力運搬機","7","はさまれ、巻き込まれ"
"38","2015","平成","27","3","9~10","国道を2トントラックで食品運搬中、なんらかの原因により、センターラインを越えて対向車(10トントラック)と正面衝突した。被災者は、車両から投げ出されて死亡。衝突されたトラックの運転手は意識不明の重傷。衝突されたトラックの後部にいたトラックも10トントラックに追突したため、その運転手も負傷した。","4","運輸交通業","403","道路貨物運送業","40301","一般貨物自動車運送業","50~99","2","物上げ装置、運搬機械","22","動力運搬機","221","トラック","17","交通事故（道路）"
"39","2015","平成","27","5","12~13","被災者は栽培中であるサトウキビ畑の畝の間を耕すため農業用小型トラクターに乗車して移動していたが、約1.4メートル低くなっている隣地との境界付近に同トラクターが横転し下敷きになった。","6","農林業","601","農業","60101","農業","1~9","1","動力機械","16","一般動力機械","169","その他の一般動力機械","1","墜落、転落"
"40","2015","平成","27","2","15~16","道路建設工事現場内の重機に給油するため、被災者がタンクローリー(4輪駆動トラックの荷台にタンクを有するもの)で勾配16度のパイロット道路を登坂していたところ、パイロット道路の約32メートル下にタンクローリーごと転落した。パイロット道路は幅員10mであった。","8","商業","802","小売業","80204","燃料小売業","1~9","2","物上げ装置、運搬機械","22","動力運搬機","221","トラック","17","交通事故（道路）"
"41","2015","平成","27","9","20~21","原料(石灰石)を運搬するベルトコンベアを清掃中、当該コンベアに全身を巻き込まれたもの。ハンマーを使用してコンベアを叩く等により原料を落として掃く等の作業で、本来は電源を切ってから行う作業とされてはいたが、被災者発見時にコンベアが動いていたこと並びに遺体の損壊状況から、被災者はコンベアを動かしながら清掃していたものと考えられる。","1","製造業","108","化学工業","10801","無機・有機化学工業製品製造業","10~29","2","物上げ装置、運搬機械","22","動力運搬機","224","コンベア","7","はさまれ、巻き込まれ"
"42","2015","平成","27","8","13~14","一般住宅の外壁張替え作業中、住宅への引込線の位置を調整するため、交流100ボルト(単相3線)が通電中の当該電路を握ったところ、電路の絶縁被覆が損傷していたため、感電したもの。当日の天候は雨。被災者は、絶縁性能を有しないポリウレタンコーティングを施した作業用手袋を着用し、作業に当たっていた。","3","建設業","302","建築工事業","30202","木造家屋建築工事業","1~9","3","その他の装置等","35","電気設備","351","送配電線等","13","感電"
"43","2015","平成","27","2","10~11","町道の待避所を建設する道路改良工事において、移動式クレーン(16t吊りラフテレーンクレーン)を用いて、L型擁壁(PC製、重量3.6t)を吊り上げて旋回した後、移動式クレーンごと道路下(谷側)に転落し、運転席が車両の下敷きとなり、移動式クレーンを運転していた被災者が死亡した。","3","建設業","301","土木工事業","30106","道路建設工事業","10~29","2","物上げ装置、運搬機械","21","動力クレーン等","212","移動式クレーン","1","墜落、転落"
"44","2015","平成","27","12","10~11","マンション敷地内の立木(けやき・高さ約8メートル)の剪定作業を行なっている際、被災者が乗っていた枝部分(高さ約6メートル)が折れ、隣接する歩道上に墜落したもの。","6","農林業","601","農業","60101","農業","1~9","7","環境等","71","環境等","712","立木等","1","墜落、転落"
"45","2015","平成","27","11","0~1","被災者は電柱の新設後、路面から高さ2.12メートルの擁壁上の斜面に生えた雑木の伐採作業を行っていたところ、斜面から路面上に滑り落ち頸椎骨折、急性大動脈解離等の負傷により療養中であったが、平成27年11月21日に死亡したもの。","3","建設業","303","その他の建設業","30301","電気通信工事業","1~9","7","環境等","71","環境等","711","地山、岩石","1","墜落、転落"
"46","2015","平成","27","10","8~9","高さ60センチメートルの石段上の枯れ木(沈丁花)を引き抜くため石段に登り、当該枯れ木を引き抜いたところ、反動でバランスを崩し後方の植木側へ倒れた。植木には被災者の使用していた剪定バサミが立てかけてあり、被災者が倒れた際にハサミの先が被災者の左側腹部に刺さった。","6","農林業","601","農業","60101","農業","1~9","7","環境等","71","環境等","712","立木等","2","転倒"
"47","2015","平成","27","10","5~6","テーマパーク構内において、清掃作業を行っていた被災者がゴンドラ船着場付近の深さ2.3m(水深1.7m)の水路に、モップと共に沈んでいるところを発見されたもの。","15","清掃・と畜業","1501","清掃・と畜業","150101","ビルメンテナンス業","300~499","4","仮設物、建築物、構築物等","41","仮設物、建築物、構築物等","416","作業床、歩み板","10","おぼれ"
"48","2015","平成","27","8","0~1","国道トンネル内を走行中の車両1に、対向車線を進行してきた車両2がセンターラインを越え接触した。車両1は接触の反動で対向車線に飛び出して停止し、そこへ車両3が衝突した。この結果、車両1に乗車していた労働者2名が死亡。車両3に乗車していた労働者1名が負傷した。","17","その他の事業","1702","その他の事業","170201","警備業","50~99","2","物上げ装置、運搬機械","23","乗物","231","乗用車、バス、バイク","17","交通事故（道路）"
"49","2015","平成","27","10","7~8","労働者はフォークリフト(最大荷重3トン)を運転して、倉庫内に製品を搬入した後、倉庫から出るときにシャッターを閉めようとフォークリフトに搭乗したまま体を乗り出して、出入口横にある開閉ボタンを押そうとした。その時にブレーキペダルの踏み込みが完全ではなかったため、労働者が体を乗り出したままフォークリフトが前進し、シャッター前の衝突防止用ポールとフォークリフト左後部にはさまれ死亡した。","1","製造業","112","金属製品製造業","11209","その他の金属製品製造業","100~299","2","物上げ装置、運搬機械","22","動力運搬機","222","フォークリフト","7","はさまれ、巻き込まれ"
"50","2015","平成","27","7","15~16","熱中症による死亡災害。午前9時より、国道上り車線において、街路樹の伐採作業の交通誘導作業に従事していたが、午後3時30分頃に、同僚に不調を訴えたため、現場近くの病院に搬送後、別の病院に救急車で転医したが、翌日8月1日午前2時頃死亡したもの。","17","その他の事業","1702","その他の事業","170201","警備業","50~99","7","環境等","71","環境等","715","高温・低温環境","11","高温・低温の物との接触"
"51","2015","平成","27","3","9~10","移動式クレーンの運転者であった被災者が、何らかの理由で移動式クレーンの窓から身を乗り出していたときに移動式クレーンのジブが上昇し、頭部と左腕を挟まれ、死亡した。被災者が窓から身を乗り出した理由は不明。災害発生時、被災者は移動式クレーンを運転して現場に到着した直後であり、作業開始前であった。アウトリガーを張り出す前であり、ジブを動かす必要もないことから、ジブを動かした理由も不明である。","3","建設業","301","土木工事業","30110","上下水道工事業","1~9","2","物上げ装置、運搬機械","21","動力クレーン等","212","移動式クレーン","7","はさまれ、巻き込まれ"
"52","2015","平成","27","5","11~12","被災者はティーグラウンドに目砂を撒く作業の準備のため、目土散布機を駐車場へ移動させようと、目土散布機を運転し敷地内道路を走行中、目土散布機とともに転倒したもの。被災者は目土散布機より投げ出された状態で道路上に倒れており、目土散布機は被災者の倒れていた位置から約5m進んだ位置で停止している状態であった。","14","接客娯楽業","1403","その他の接客娯楽業","140301","ゴルフ場","30~49","1","動力機械","16","一般動力機械","169","その他の一般動力機械","2","転倒"
"53","2015","平成","27","9","16~17","林道工事において、元請の作業員と共に2名で残土処理場の木柵の設置作業を終了した後、元請の作業員はドラグショベルで法面の整形作業を行い、被災者は行う作業がないため、元請の作業員から休憩する旨言われていた。別工事を行っていた建設工事の関係者が、車で帰社途中に、残土処理場の横の林道を走行していたところ、林道上に横向けに倒れている被災者を発見したもの。","3","建設業","301","土木工事業","30199","その他の土木工事業","10~29","9","その他","99","分類不能","999","分類不能","99","分類不能"
"54","2015","平成","27","10","19~20","被災者は、真空成形機を使用してプラスチックの成形加工を行っていたが、加工中のプラスチックに異常が無いかどうか確かめようとして、機械の中を確認したところ、頭部を挟まれたもの。","1","製造業","108","化学工業","10805","プラスチック製品製造業","10~29","1","動力機械","16","一般動力機械","169","その他の一般動力機械","7","はさまれ、巻き込まれ"
"55","2015","平成","27","2","14~15","平成27年2月6日、午後2時15分頃、被災者は、林業現場で伐採された間伐材を積載し、トラックで林道を走行していたが、当該林道を横断している側溝に設置してあったグレーチングが外れているのに気付いたため、同所の手前(下り方向)でエンジンをかけた状態でトラックを止め、運転席を降りて同グレーチングを直していたところ、逸走し始めた自分のトラックに轢かれ、「外傷性ショック」により死亡したもの。","4","運輸交通業","403","道路貨物運送業","40301","一般貨物自動車運送業","10~29","2","物上げ装置、運搬機械","22","動力運搬機","221","トラック","17","交通事故（道路）"
"56","2015","平成","27","8","5~6","被災者は、トラクターショベルを運転して鉄粉等の原材料をホッパーへ投入する作業を行っていたが、何らかの異常事態があり、鉄粉の配合槽上部へ上り墜落防止用手すり(高さ1.1メートル、中さん2段、金網張り)の内側(開口部側)へ入ったところ、開口部から配合槽の中へ墜落した。配合槽内部に堆積していた鉄粉までの高さは約4.9メートルであった。被災者は安全帯を着用していなかった。","1","製造業","110","鉄鋼業","11001","製鉄・製鋼・圧延業","100~299","3","その他の装置等","39","その他の装置、設備","391","その他の装置、設備","1","墜落、転落"
"57","2015","平成","27","1","15~16","林道建設工事現場において、被災者が単独で走行集材機械(フォワーダ)を操作して伐木した原木を荷台へ積み込んでいたところ、操作盤上のバーとブームの間に頭部をはさまれ死亡したもの。","3","建設業","301","土木工事業","30106","道路建設工事業","1~9","1","動力機械","17","車両系木材伐出機械等","172","走行集材機械","7","はさまれ、巻き込まれ"
"58","2015","平成","27","8","13~14","6階建てビル解体工事のうち、屋上階において外部仮設足場補強用の単管等部材の運搬作業に従事していた被災者が、同階南西角に設けられていた解体ガラ投棄用開口部(縦1.7m、横3.0m)から墜落したもの。開口部は各階のほぼ同位置に同サイズで設けられており、屋上階まで吹き抜け状となっていたため墜落高さは約21mとなるもの。","3","建設業","302","建築工事業","30201","鉄骨・鉄筋コンクリート造家屋建築工事業","1~9","4","仮設物、建築物、構築物等","41","仮設物、建築物、構築物等","414","開口部","1","墜落、転落"
"59","2015","平成","27","8","13~14","事業場所有の敷地内にて、チェーンソーを使用して、太さ50センチ、高さ20メートルの立木の造材作業を被災者含む2名の労働者で行っていた。事業者は2名の作業を離れた位置で傍観していたが、チェーンソーの音がしなくなったのでよく確認したところ、倒れている被災者を発見した。","3","建設業","301","土木工事業","30199","その他の土木工事業","1~9","7","環境等","71","環境等","712","立木等","6","激突され"
"60","2015","平成","27","10","20~21","出張中、信号機付交差点を横断時に右折してきた乗用車にはねられ、翌日死亡したもの。","8","商業","801","卸売業","80109","その他の卸売業","1000~9999","2","物上げ装置、運搬機械","23","乗物","231","乗用車、バス、バイク","17","交通事故（道路）"
"61","2015","平成","27","5","0~1","5月2日の夜、「月を見る」と自宅の庭に出ていったところ、芝生の上に倒れているのを発見され、病院へ搬送されたが急性心臓死で1時間後に死亡が確認された。","12","教育・研究業","1201","教育・研究業","120102","ソフトウェア業","10~29","9","その他","92","起因物なし","921","起因物なし","90","その他"
"62","2015","平成","27","1","14~15","建設工事現場でアンカー工事を施工していた下請事業場が、工事に使用していた資材に不具合が生じたため、被災者が1人で予備の資材を事務所まで取りに戻る途中、高速道路を次のインターから北に約1キロメートル付近まで南進したところで、被災者が運転していたワゴン車が突然中央分離帯から反対車線に進入し、走ってきた対向車2台と立て続けに衝突した。被災者は全身を強く打ち、搬送先の病院で死亡した。","3","建設業","301","土木工事業","30199","その他の土木工事業","1~9","2","物上げ装置、運搬機械","23","乗物","231","乗用車、バス、バイク","17","交通事故（道路）"
"63","2015","平成","27","8","9~10","木造家屋建設工事において、鋼材で作られたラックに入れた複数の建材パネルを車載型トラッククレーンを用いて移動させる作業を行う際、被災者が脚立に乗って作業をしようとしたところ、手前の建材パネルが被災者がいる方向に倒壊して、被災者はそのまま脚立から落ちて建材パネルと共に後方のアスファルト舗装の地面に仰向けの状態で倒れ、建材パネルの上枠が被災者の顔面を強打した。","3","建設業","302","建築工事業","30202","木造家屋建築工事業","30~49","5","物質、材料","52","材料","522","木材、竹材","5","崩壊、倒壊"
"64","2015","平成","27","4","8~9","オペレーターが22.5トン重機(アタッチメント:つかみ機)を使用し、バッカン内の金属製産業廃棄物を潰していたが、潰し作業が終了し、別の金属製産業廃棄物が入ったフレコンバックをつかむために、アームを上昇させ旋回しようとしたところ、バッカンがアタッチメントにはまったまま持ち上がった。この時、旋回範囲内で別のバッカンの金属製産業廃棄物を手作業で選別していた被災者の上にバッカンが落下し下敷きとなったもの。","1","製造業","110","鉄鋼業","11009","その他の鉄鋼業","1~9","6","荷","61","荷","611","荷姿の物","4","飛来、落下"
"65","2015","平成","27","8","0~1","平成27年8月1日午後4時頃、代表者及び被災者他3名の作業員が木造建築住宅現場において基礎部分の型枠解体後の清掃作業をしていたところ、ワゴン車の中で休憩していたはずの被災者がワゴン車の後輪付近で倒れており、痙攣を引き起こしていたため、病院へ救急搬送したが、8月3日20時15分、熱中症による多臓器不全にて死亡した。","3","建設業","302","建築工事業","30202","木造家屋建築工事業","1~9","7","環境等","71","環境等","715","高温・低温環境","11","高温・低温の物との接触"
"66","2015","平成","27","4","1~2","高速道路の高架橋における高欄補修工事において、吊り足場の組み立て中に、吊りチェーンの上部支点の鉄骨クランプが外れ足場が傾斜したことにより作業者が約36m墜落し、死亡したもの。","3","建設業","303","その他の建設業","30309","その他の建設業－その他","1~9","4","仮設物、建築物、構築物等","41","仮設物、建築物、構築物等","411","足場","1","墜落、転落"
"67","2015","平成","27","10","15~16","農家から搬入された茶葉を裁断するための加工場で、周辺の各種関連機械の運転状況を監視していた運転員が、加工場内の通路脇の開口部(傾斜コンベヤーが設置されている開口部、幅0.49メートル、最深部1.35メートル)に墜落している状態で発見された。","1","製造業","101","食料品製造業","10109","その他の食料品製造業","10~29","4","仮設物、建築物、構築物等","41","仮設物、建築物、構築物等","414","開口部","1","墜落、転落"
"68","2015","平成","27","3","18~19","道路に面した店舗の駐車場で客を乗せたタクシーが駐車場から道路に出ようとしたところ、道路を走行していた軽トラックと衝突し、タクシーを運転していた被災者が死亡したもの。","4","運輸交通業","402","道路旅客運送業","40201","ハイヤー・タクシー業","10~29","2","物上げ装置、運搬機械","23","乗物","231","乗用車、バス、バイク","17","交通事故（道路）"
"69","2015","平成","27","5","12~13","被災者は、フォークリフトの点検・整備作業のため、二柱リフトで持ち上げたフォークリフトにリアアスクルビームを取り付けていたところ、同二柱リフトから床へ落下したフォークリフトに当たったもの。当時、被災者は1名で作業を行っていた。目撃者がいないため詳細調査中。","8","商業","802","小売業","80209","その他の小売業","10~29","3","その他の装置等","39","その他の装置、設備","391","その他の装置、設備","4","飛来、落下"
"70","2015","平成","27","9","14~15","被災者は、クレーン機能付きドラグ・ショベル(つり上げ荷重2.9t、クレーンモードへの切り替え状況は不明)を用いて、大型土嚢(0.45m3)を移設する作業中、2つの大型土嚢を吊り上げ、左に旋回した際に、ドラグショベルがバランスを崩し河川敷内に転落し、転落時にオペレーターをしていた被災者が運転席外へ投げ出され、ドラグショベルの下敷きになり死亡したもの。","3","建設業","301","土木工事業","30107","河川土木工事業","10~29","2","物上げ装置、運搬機械","21","動力クレーン等","212","移動式クレーン","1","墜落、転落"
"71","2015","平成","27","6","17~18","集金業務(新聞)中の労働者が公道脇の側溝で、50ccバイク(労働者所有)の下敷きになっているのを散歩中の通行人に発見され、病院へ救急搬送されたもの。","8","商業","802","小売業","80205","新聞販売業","10~29","2","物上げ装置、運搬機械","23","乗物","231","乗用車、バス、バイク","17","交通事故（道路）"
"72","2015","平成","27","3","11~12","被災者は、室内にある高さ2.15メートルの喫煙ボックスの上に職長と共に鋼製足場板を1枚ずつ敷き、その上に乗り部屋の天井に部材を取り付ける作業をしていたところ、何らかの原因で鋼製足場板から足を踏み外し、墜落した。","3","建設業","302","建築工事業","30203","建築設備工事業","1~9","4","仮設物、建築物、構築物等","41","仮設物、建築物、構築物等","419","その他の仮設物、建築物、構築物等","1","墜落、転落"
"73","2015","平成","27","10","16~17","木造2階建て建物の解体作業中、2階庇の取り壊し作業を行っていたところ、2次下請事業場所属の被災者が、地上から高さ約6メートルの一側足場3層目より墜落し死亡したもの。","3","建設業","303","その他の建設業","30309","その他の建設業－その他","1~9","4","仮設物、建築物、構築物等","41","仮設物、建築物、構築物等","411","足場","1","墜落、転落"
"74","2015","平成","27","10","10~11","被災者は、山で伐採・造材された桧を7tトラックに積み込んで市場まで運び、市場内の材木置場で停車、荷台横で桧を押さえていたラッシングベルトを外したところ、最上部(高さ約3m)にあった桧1本(直径約25センチメートル、長さ約3m、重量約130キログラム)が落下し、被災者に当たった。(現認者なく、推定)","6","農林業","602","林業","60201","木材伐出業","30~49","5","物質、材料","52","材料","522","木材、竹材","4","飛来、落下"
"75","2015","平成","27","11","6~7","当日午前5時半頃、被災者を乗せた19トンの漁船が漁港を出航し、午前6時頃から定置網に船を固定する作業を開始し、その後、船長が被災者が船内外にいないことに気づいたので船内外を捜索したところ、約6時間後、被災者が海底で発見された(溺死)。事業場は30トン未満の漁船等にて定置網漁業を営むものであり、被災者は同事業場の作業員である。","7","畜産・水産業","702","水産業","70201","漁業","10~29","7","環境等","71","環境等","713","水","10","おぼれ"
"76","2015","平成","27","4","0~1","樹高約17メートルのクスノキの剪定作業中、高所作業車の作業床が届かない頂部付近を剪定するため、当該樹木の高さ約12メートルの箇所に作業床を横付けして樹木に乗り移り剪定作業を行ったが、当該作業終了後、樹木から作業床に戻る際、高所作業車の作業床に足を掛け乗り移るときに作業床が大きく揺れ、その反動で11.6メートル下の歩道上に墜落し死亡したもの。","6","農林業","601","農業","60101","農業","1~9","1","動力機械","14","建設機械等","146","高所作業車","1","墜落、転落"
"77","2015","平成","27","3","10~11","クリーニング工場において、機械の修理中に大きな音がしたため、確認に行くと、脱水機の近くに被災者が倒れていたもの。","1","製造業","117","その他の製造業","11703","クリーニング業","10~29","1","動力機械","16","一般動力機械","169","その他の一般動力機械","7","はさまれ、巻き込まれ"
"78","2015","平成","27","12","13~14","竹藪伐採作業中に、竹藪内に自生していた胸高直径20センチメートル、樹高21mのニワウルシの木をチェーンソーで伐倒した際に、受け口を作らずに伐倒したため、伐倒中にニワウルシの木が裂け、裂けた伐倒木が被災者の頭部に激突したもの。被災者は、同日午後10時31分に重症頭部外傷により死亡した。","3","建設業","301","土木工事業","30199","その他の土木工事業","1~9","7","環境等","71","環境等","712","立木等","6","激突され"
"79","2015","平成","27","10","10~11","移動式クレーンの吊り荷である足場の交差筋交い約200本が落下、吊り荷搬送用トラック荷台で荷受け作業をしていた被災者がその下敷きになり死亡したもの。交差筋交いは、建枠を単管とワイヤーで固定した簡易な搬器にバラ積みされていたもの。","3","建設業","302","建築工事業","30209","その他の建築工事業","1~9","3","その他の装置等","37","用具","372","玉掛用具","4","飛来、落下"
"80","2015","平成","27","10","0~1","ガソリンスタンド跡地の土壌浄化工事において、土質改良機(掘削した油分を含む土砂と石灰を撹拌、混合して、土砂に含まれる油分を石灰に吸着・包合して土壌を改良する機械)の土砂ホッパー上にいた被災者が、ホッパー上から降りるよう指示されため、ホッパー内を移動する際、ホッパーに取付けられたベルトコンベアー上に墜落又は乗った際にバランスを崩し転倒したため、全身を攪拌機内に運ばれ、巻き込まれ死亡したもの。","3","建設業","301","土木工事業","30109","土地整理土木工事業","1~9","1","動力機械","14","建設機械等","149","その他の建設機械等","7","はさまれ、巻き込まれ"
"81","2015","平成","27","9","5~6","業務終了後の片づけ中に、後方から頭部を複数回殴打される。","14","接客娯楽業","1402","飲食店","140201","一般飲食店","10~29","9","その他","99","分類不能","999","分類不能","99","分類不能"
"82","2015","平成","27","3","15~16","ロックシェッドの内部にある照明装置にかかる改修工事において、高所作業車を運転していた被災者が、当該高所作業車を前進させるためにアウトリガーを収納したところ、車が後退した。被災者は動き出した車を止めようとして並走したが、その間に車に激突され、転倒した。","3","建設業","303","その他の建設業","30301","電気通信工事業","1~9","1","動力機械","14","建設機械等","146","高所作業車","6","激突され"
"83","2015","平成","27","11","14~15","ドラグショベルにより減圧槽基礎の床掘作業中、勾配約20度、高低差最大約50センチの傾斜地で進行方向(ドラグショベルの後方向き)に転倒し、ドラグショベルのキャビンの支柱と地面に、被災者の右肩から胸部あたりを挟まれて死亡したもの。","3","建設業","301","土木工事業","30110","上下水道工事業","10~29","1","動力機械","14","建設機械等","142","掘削用機械","2","転倒"
"84","2015","平成","27","5","13~14","傾斜のある河川敷においてドラグショベルを移動式クレーンとして使用し、4トントラックに土嚢の入ったフレコンパックを積み込む作業中、トラックが傾斜によりバックし、トラックの荷台で玉はずし作業を行っていた作業者(運転手)がドラグショベルのバケットとトラックのキャビンの間に挟まれ被災した。","3","建設業","301","土木工事業","30107","河川土木工事業","1~9","2","物上げ装置、運搬機械","22","動力運搬機","221","トラック","7","はさまれ、巻き込まれ"
"85","2015","平成","27","1","7~8","国道のトンネルで、ワゴン車が中型トラックと正面衝突したもの。ワゴン車を運転していた運転手(52歳)は、出血性ショックにより死亡した。また、ワゴン車助手席の男性(29歳)と中型トラックの運転手(42歳)は、軽傷(不休)であった。なお、現場は片側1車線の直線道路である。","4","運輸交通業","403","道路貨物運送業","40301","一般貨物自動車運送業","100~299","2","物上げ装置、運搬機械","23","乗物","231","乗用車、バス、バイク","17","交通事故（道路）"
"86","2015","平成","27","5","17~18","被災者は養豚場にて就労する技能実習生。5月4日にトイレで倒れ意識を失っているところを発見される。救急搬送されるも重症化し5月18日死亡。当人は本国にて脾臓を摘出しており、免疫機能が低下しているところ、家畜由来の病原菌に感染し、敗血症により死亡したとの病院による診断が出ている。","7","畜産・水産業","701","畜産業","70101","畜産業","1~9","9","その他","91","その他の起因物","911","その他の起因物","90","その他"
"87","2015","平成","27","10","10~11","被災者はトラックによるパン類の配送業務を終え、午前8時半頃、食品会社内にある事務所に戻り、運行日報を記載した後、事務所から西に約500m離れた駐車場にトラックを駐車した。被災者は、帰宅する前、駐車したトラックに通勤用の自家用車(軽自動車)を横付けし、自家用車の屋根に上がって、トラックのコンテナに付いた傷を自ら用意したコンパウンドで磨いていたところ、屋根から墜落した(推定)。","4","運輸交通業","403","道路貨物運送業","40301","一般貨物自動車運送業","30~49","2","物上げ装置、運搬機械","23","乗物","231","乗用車、バス、バイク","1","墜落、転落"
"88","2015","平成","27","4","3~4","被災者は、木屑ラインにおいて、木材の破砕機の清掃中、破砕器上部のピンチローラーと下部のローラーコンベアのすき間に入って木屑の取り除きを行なっていたところ、上部ピンチローラーが自重で下降し、ローラーコンベアとの間に挟まれ被災した。同清掃作業では、破砕機を含むライン全体のブレーカーを落としていたが、ピンチローラーの油圧バルブが閉鎖されず、下降防止のロックピンの差し込みもなかった。","15","清掃・と畜業","1501","清掃・と畜業","150102","産業廃棄物処理業","10~29","1","動力機械","16","一般動力機械","169","その他の一般動力機械","7","はさまれ、巻き込まれ"
"89","2015","平成","27","10","9~10","被災者は工事現場の作業所長として、平成27年4月1日から当該現場の施工管理等の業務に従事していたが、平成27年9月30日午後1時頃に激しい頭痛を訴え、翌10月1日午後6時45分頃に単身赴任先居住地において死亡していることが発見された。","3","建設業","302","建築工事業","30201","鉄骨・鉄筋コンクリート造家屋建築工事業","1~9","9","その他","92","起因物なし","921","起因物なし","90","その他"
"90","2015","平成","27","1","3~4","システム不具合による修正作業により業務量が増加し、平成27年1月9日午前2時頃コンピュータープログラム作業中に吐血し、救急車にて病院に搬送され、一旦帰宅をしたが、自宅で縊死したもの。(死亡時刻は推定)","17","その他の事業","1702","その他の事業","170202","情報処理サービス業","500~999","9","その他","92","起因物なし","921","起因物なし","90","その他"
"91","2015","平成","27","3","16~17","木造新築建屋壁面に地デジアンテナを設置する工事を行うに際し、南西面の2階ベランダの床面からはしご兼用脚立(約4.5メートル)を同壁面に立て掛け、被災者がそれを使用してアンテナ取付金具及び同アンテナを設置作業中、若しくは移動中に何らかの原因により、直下の駐車場に墜落したもの。(地上からベランダ床面まで約3.26メートル)","3","建設業","303","その他の建設業","30301","電気通信工事業","1~9","3","その他の装置等","37","用具","371","はしご等","1","墜落、転落"
"92","2015","平成","27","7","13~14","被災者は、除草作業中、蜂に刺されて負傷し、入院中、翌日の午前1時49分に死亡した。","15","清掃・と畜業","1501","清掃・と畜業","150101","ビルメンテナンス業","30~49","7","環境等","71","環境等","719","その他の環境等","90","その他"
"93","2015","平成","27","12","11~12","伝票を受領するため、砕石工場敷地内にダンプカーを止め、当該敷地内事務所へ徒歩で向かっていたところ、後進して荷(山砂)を運んでいた、砕石工場のトラクター・ショベルに轢かれ死亡したものである。","4","運輸交通業","403","道路貨物運送業","40301","一般貨物自動車運送業","10~29","1","動力機械","14","建設機械等","141","整地・運搬・積込み用機械","7","はさまれ、巻き込まれ"
"94","2015","平成","27","10","9~10","物流倉庫の新築工事現場において基礎杭の打設中、被災者が測量器で杭の垂直精度を計測後、杭に近づこうと幅約6mの鉄板が敷かれた道路を横断しようとした際に、バックしてきたダンプトラック(10t)の後輪に轢かれた。","3","建設業","302","建築工事業","30201","鉄骨・鉄筋コンクリート造家屋建築工事業","30~49","2","物上げ装置、運搬機械","22","動力運搬機","221","トラック","7","はさまれ、巻き込まれ"
"95","2015","平成","27","9","15~16","小学校の給食調理室の厨房内において、本件事業場(以下「事業場」という。)労働者3名が給食調理後の後片付け等の作業中、また、害虫駆除事業場(以下「業者」という。)の労働者が害虫駆除作業中、突然爆発が発生し、事業場の労働者3名のうち1名が死亡し、2名が負傷、業者の労働者及び当該小学校の児童4名も負傷した。","12","教育・研究業","1201","教育・研究業","120109","その他の教育研究業","1~9","5","物質、材料","51","危険物、有害物等","513","可燃性のガス","14","爆発"
"96","2015","平成","27","4","5~6","平成27年4月24日午前6時に当該労働者は、海上コンテナトラクタ(ヘッド・シャーシ)を運転して、仕事現場に来ることになっていたが、現れず、車両付属のGPS信号を探していたところ、同日午後5時頃当該車両を発見し、車内を確認したところ、キャブ内ベットで死亡していたもの。平成28年2月末業務上となった。","4","運輸交通業","403","道路貨物運送業","40301","一般貨物自動車運送業","1~9","9","その他","92","起因物なし","921","起因物なし","90","その他"
"97","2015","平成","27","12","14~15","屋内の荷捌場内で、年末大掃除の一環として作業場内の一角を天井からシートで囲う作業をしようと、本来は魚を入れるタンク(長さ2m、幅1m、高さ80センチメートル、重量77キログラム)に被災者が乗り込み、別の労働者が運転するフォークリフトで高さ約4メートルまで上昇させてブルーシートを天井のレールに緊結する作業をしていたところ、バランスを崩してタンクごとフォークから墜落し、頭を強く打ち死亡したもの。","17","その他の事業","1702","その他の事業","170209","その他の事業－その他","10~29","2","物上げ装置、運搬機械","22","動力運搬機","222","フォークリフト","1","墜落、転落"
"98","2015","平成","27","8","19~20","浚渫工事の運搬船航路にある流木を取り除くため、流木を交通船で沖へ曳航し、曳航していたロープを外す作業中に、被災者は船から海上へ転落したもの。船には船長と被災者2名で乗船。船長は転落した瞬間は目撃していない。転落後、被災者は救命胴衣で浮いており、意識はあり会話できる状態であったが、その後、意識を失ったもの。後に引き揚げられたが、死亡したもの。死因は拡張性心筋症による急性循環不全。","3","建設業","301","土木工事業","30111","港湾海岸工事業","1~9","2","物上げ装置、運搬機械","23","乗物","239","その他の乗物","1","墜落、転落"
"99","2015","平成","27","7","3~4","野菜を積んだワンボックス型バンを運転して自宅を出発し、事業場に向け国道を走行中、前方を走行していた大型ダンプトラックに追突したもの。","8","商業","801","卸売業","80109","その他の卸売業","1~9","2","物上げ装置、運搬機械","22","動力運搬機","221","トラック","17","交通事故（道路）"
"100","2015","平成","27","12","15~16","砂糖包装用機械の点検・調整作業中に、被災者が当該機械内部にいることに気がつかないまま、共同作業者が当該機械を運転させたため、被災者が当該機械に頭部が挟まれ死亡したもの。","1","製造業","101","食料品製造業","10109","その他の食料品製造業","50~99","1","動力機械","16","一般動力機械","169","その他の一般動力機械","7","はさまれ、巻き込まれ"
"101","2015","平成","27","12","7~8","被災者は、タクシーを運転中、丁字路の交差点でゴミ収集車と衝突して死亡した。","4","運輸交通業","402","道路旅客運送業","40201","ハイヤー・タクシー業","30~49","2","物上げ装置、運搬機械","23","乗物","231","乗用車、バス、バイク","17","交通事故（道路）"
"102","2015","平成","27","4","11~12","配送先で商品を降ろし、トラックを移動させている途中で冷や汗が出て、車内で動けなくなった。会社に電話で動けなくなった旨を伝えたが、助けがくるまでに意識を失った。病院へ搬送されている間に心肺停止となり、蘇生処置を施されるも、病院にて死亡した。","4","運輸交通業","403","道路貨物運送業","40301","一般貨物自動車運送業","10~29","9","その他","92","起因物なし","921","起因物なし","90","その他"
"103","2015","平成","27","8","21~22","被災者は、警備員として勤務中、本来の勤務場所から離れた箇所である中劇場2階客席間の移動壁の縦穴(深さ約3メートル、幅約46センチメートル)から墜落して被災した。(どういった理由で当該場所に立ち入ったのかは不明)被災直後に被災者は自らPHSで会社に連絡し、別の労働者によって発見・救出された。","17","その他の事業","1702","その他の事業","170201","警備業","1000~9999","4","仮設物、建築物、構築物等","41","仮設物、建築物、構築物等","419","その他の仮設物、建築物、構築物等","1","墜落、転落"
"104","2015","平成","27","3","11~12","事業場は、大手ハウスメーカーの子会社で、主に新築物件の外構工事を行う。主に営業と設計・施工管理を行い、工事は下請け事業者が施工。被災者は営業と設計・施工管理を行う中で、長時間の労働に従事していた。平成27年3月5日午前8時半頃、転居のため一時的に身を寄せていた妻の実家の駐車場の車中で倒れているのが発見された。救急搬送されたが、午前11時2分心筋梗塞により死亡した。","3","建設業","301","土木工事業","30199","その他の土木工事業","1~9","9","その他","92","起因物なし","921","起因物なし","90","その他"
"105","2015","平成","27","8","16~17","鉄骨造4階建解体撤去工事(予定工期:7月15日~9月12日、請負金額1450万円)において、災害発生日当日、元請3名1次下請2名の計5名で、4階フロアの鉄骨溶断・引き倒し等の解体作業を行っていた。被災者は、現場入場1日目で1次下請班長の元で廃材片付けや清掃を行っていたところ、16:30頃、作業中に工事現場で倒れ、搬送された病院で熱中症による死亡が確認された。","3","建設業","302","建築工事業","30209","その他の建築工事業","50~99","7","環境等","71","環境等","715","高温・低温環境","11","高温・低温の物との接触"
"106","2015","平成","27","8","13~14","土砂崩壊により通行止めとなった県道の復旧のために、崩壊地上部の地山斜面上で、同僚と立木の伐木作業中、同僚が立木(杉。伐根直径約70センチメートル)にワイヤロープを取り付けてチルホール(けん引具)で山側に引っ張り、被災者がチェーンソーで山側に受け口を作った後、追い口を切りこんでいたところ、当該立木が斜面横方法に倒れ、被災者が伐倒木の下敷きとなったもの。","3","建設業","301","土木工事業","30106","道路建設工事業","10~29","7","環境等","71","環境等","712","立木等","6","激突され"
"107","2015","平成","27","1","9~10","濃縮器点検準備作業のため、被災者が点検治具の受台の固定ボルトを外したところ、受台が回転し、被災者の頭部に激突した。","3","建設業","303","その他の建設業","30309","その他の建設業－その他","10~29","3","その他の装置等","39","その他の装置、設備","391","その他の装置、設備","6","激突され"
"108","2015","平成","27","1","6~7","被災者が1名で荷積み後の4tトラックを運転して陸送する途中において、高速道のIC付近を走行中に、高速道路をふさぐように倒れてきた(いた?)木に接触して横転し、被災者は頭を強く打つなどして死亡したもの。","4","運輸交通業","403","道路貨物運送業","40301","一般貨物自動車運送業","10~29","2","物上げ装置、運搬機械","22","動力運搬機","221","トラック","17","交通事故（道路）"
"109","2015","平成","27","10","11~12","被災者が一般機械用のオイルフィルタータンクの溶接漏れ検査工程で、フタ部分と本体をインパクトレンチでVバンド(万力)により締め付け(1箇所)、内部にエアー(空気圧)0.5MPaを注入した後、Vバンドの締付けナットをインパクトレンチで緩めたところ、フタ部分が被災者に向かって飛来し、フタの頭頂部に付いていたエアー注入用のカプラー部分が腹部に刺さった。","1","製造業","113","一般機械器具製造業","11301","機械（精密機械を除く）器具製造業","30~49","3","その他の装置等","39","その他の装置、設備","391","その他の装置、設備","4","飛来、落下"
"110","2015","平成","27","2","6~7","市道交差点で、新聞配達のアルバイトが運転するバイクと4トントラックが出会い頭に衝突し、同アルバイトが全身を強く打って、搬送先の病院で死亡が確認されたもの。現場は信号機のない交差点で、バイク側に一時停止の標識があった。","8","商業","802","小売業","80205","新聞販売業","30~49","2","物上げ装置、運搬機械","23","乗物","231","乗用車、バス、バイク","17","交通事故（道路）"
"111","2015","平成","27","11","23~24","ずい道建設工事現場において、発破作業の準備を終え、退避のため、切羽付近の重機4台(ドラグ・ショベル、ドリルジャンボ、ブレーカ、トラクター・ショベル)を順次移動させていたところ、切羽から11m離れた地点で、ドラグショベルに轢かれた状態の被災者が発見されたもの。","3","建設業","301","土木工事業","30102","トンネル建設工事業","10~29","1","動力機械","14","建設機械等","142","掘削用機械","7","はさまれ、巻き込まれ"
"112","2015","平成","27","8","0~1","SRC造り6階建のパチンコ店舗解体工事現場において、鉄筋切断機(解体用機械)を用いて1階天井の大梁(H鋼)と小梁(H鋼)を解体作業中、まず大梁を解体するため、鉄骨切断機で当該大梁をつかみ回転させたところ、その反動で当該大梁に取り付けられていた小梁(長さ6.77m、高さ44センチメートル、幅20センチメートル、重さ約500キログラム)の一つが一緒に動き落下し、下方にいた被災者に当たったもの。","3","建設業","302","建築工事業","30201","鉄骨・鉄筋コンクリート造家屋建築工事業","1~9","4","仮設物、建築物、構築物等","41","仮設物、建築物、構築物等","415","屋根、はり、もや、けた、合掌","4","飛来、落下"
"113","2015","平成","27","4","14~15","平成27年4月17日午前3時半ころ刺し網船7.3tに乗組員3名が乗り込みタラ漁のため港を出港。11時間半が経過し漁を終えて港に帰港する際の午後2時57分頃、漁船から海上保安本部に通報が入り同日午後5時50分頃、沖22キロメートルの海上で転覆した漁船が発見された。また、漁船発見後の約30分後に海上に浮いている被災者Aを発見、行方不明の被災者Bが9月14日死亡認定","7","畜産・水産業","702","水産業","70201","漁業","1~9","7","環境等","71","環境等","719","その他の環境等","10","おぼれ"
"114","2015","平成","27","11","6~7","配送先事業場の構内において、トラック運転手である被災者が頭部から血を流し、トラック荷台の横で倒れていたもの。災害発生時は、1人で作業を行い、ヘルメットは被っていなかった。トラック荷台に積んだ荷の上で、シートを外す作業を行っていたところ、アスファルト路面に墜落したと推定する。なお、墜落高さは推定3.4m~4mである。","4","運輸交通業","403","道路貨物運送業","40301","一般貨物自動車運送業","30~49","2","物上げ装置、運搬機械","22","動力運搬機","221","トラック","1","墜落、転落"
"115","2015","平成","27","3","14~15","工場で製造した金属製の扉を現場で取り付けようとしたが、寸法が合わなかったことから一度工場へ戻り、再加工後に再び一人で現場へ戻っていたところ、仰臥位で心肺停止となっている状態で通行人に発見された。搬送先の病院で死亡が確認され、死因は心停止。","1","製造業","112","金属製品製造業","11209","その他の金属製品製造業","10~29","9","その他","92","起因物なし","921","起因物なし","90","その他"
"116","2015","平成","27","8","10~11","線路の除草作業において、午前7時40分頃から、側道での交通整理業務に従事していたところ、午前10時45分頃、体調不良を訴えた。その後救急車により病院に搬送され、治療を受けていたが、翌日14時28分に熱中症により死亡。","17","その他の事業","1702","その他の事業","170201","警備業","30~49","7","環境等","71","環境等","715","高温・低温環境","11","高温・低温の物との接触"
"117","2015","平成","27","5","4~5","国道交差点で、被災者が新聞配達のためミニバイクを運転中に乗用車と出会い頭に衝突し、頭を強く打ったもの。被災者は市内の病院に運ばれたが、6月5日死亡が確認された。","8","商業","802","小売業","80205","新聞販売業","10~29","2","物上げ装置、運搬機械","23","乗物","231","乗用車、バス、バイク","17","交通事故（道路）"
"118","2015","平成","27","6","14~15","荷積み先工場内において、構内下請け事業場労働者の運転するフォークリフトにより、橋桁コンクリートブロック用型枠(重量約250キログラム、以下型枠という)を6枚重ねでトラックに荷積みしていた。積んだ型枠が荷台からはみ出ていたため、位置を修正しようと再度型枠を持上げたところ、上部の1枚が荷台からフォークリフト反対側地面に滑落した。トラック運転者である被災者は滑落した型枠の側で胸部を強打した状態で発見された。","4","運輸交通業","403","道路貨物運送業","40301","一般貨物自動車運送業","1~9","6","荷","61","荷","612","機械装置","4","飛来、落下"
"119","2015","平成","27","1","10~11","RC造2階建校舎の雪下ろしの作業のため、1人で約10mの高さの校舎屋上にて雪庇を降ろそうと端部に近づいたところ、屋上のパラペット部分に積もった雪庇とともに10m下のアスファルトへ墜落した。雪庇は約70センチメートルパラペットの端部からせり出していた。","12","教育・研究業","1201","教育・研究業","120109","その他の教育研究業","1~9","4","仮設物、建築物、構築物等","41","仮設物、建築物、構築物等","418","建築物、構築物","1","墜落、転落"
"120","2015","平成","27","8","0~1","被災者は、反応器の駆動ユニットのメンテナンス作業を行っていたが、勤務終業時刻に被災者が戻って来なかったため、同僚が捜したところ、被災者が当該駆動ユニットのステーター架台部等(約500キログラム)と床に頭部を挟まれ、仰向けに横たわっているのを発見した。なお、災害発生時、被災者は一人でメンテナンス作業に従事していたため、災害発生時の目撃者はいない。","1","製造業","101","食料品製造業","10109","その他の食料品製造業","10~29","1","動力機械","16","一般動力機械","162","混合機、粉砕機","7","はさまれ、巻き込まれ"
"121","2015","平成","27","6","10~11","りんごの果樹園において、農用高所作業機を用いてりんごの摘果作業を行っていたところ、当該高所作業機の搬器の手すりとりんごの木の枝(直径:12.5センチメートル、枝の高さ:約130センチメートル)との間に頸部をはさまれたもの。","6","農林業","601","農業","60101","農業","1~9","1","動力機械","16","一般動力機械","169","その他の一般動力機械","7","はさまれ、巻き込まれ"
"122","2015","平成","27","8","13~14","被災者は、事業場内のビニールハウスにおいて農作業に従事していたが、体調不良のため13時頃早退、同日の夕刻に個人病院を受診した。その翌日、個人病院から紹介された他の病院を受診し、そのまま入院したが、被災した日から3日後に死亡した。","6","農林業","601","農業","60101","農業","1~9","7","環境等","71","環境等","715","高温・低温環境","11","高温・低温の物との接触"
"123","2015","平成","27","12","13~14","1階エントランスホール天井面の照明器具の取替工事において、高さ3.7mの位置の配線作業を8尺脚立(天板高さ2.28m)で行っていたところ、脚立から墜落したもの。被災者は病院に搬送され、処置後にそのまま入院加療を続けていて、状態も快方に向かっていたが、1月28日に容態が急変して呼吸不全により死亡した。","3","建設業","303","その他の建設業","30301","電気通信工事業","1~9","3","その他の装置等","37","用具","371","はしご等","1","墜落、転落"
"124","2015","平成","27","2","10~11","雑木林で伐倒された玉切材(原木丸太)を、事業主が操作する小型移動式クレーン(通称ユニック車)の荷台へ積み込む作業中、被災者が当該玉切材から離れようと一歩後ろに下がったとき、斜面に足を取られ約1.7m下に転落した。その直後、吊り荷である玉切材の隣にあった別の玉切材が斜面を転がり出し、被災者の胸部に乗り上げた。当日15時16分胸部重症外傷により搬送先の病院にて死亡。","3","建設業","303","その他の建設業","30309","その他の建設業－その他","1~9","2","物上げ装置、運搬機械","21","動力クレーン等","212","移動式クレーン","4","飛来、落下"
"125","2015","平成","27","9","15~16","平成27年9月1日未明に降った大雨により定置網が破損したため、定置網を補修する必要が生じ、被災者は潜水業務を行った。最大水深は約30m。潜水業務が終了した後、漁船により移動している途中に被災者が体調不良を訴えたため、救急車により病院に搬送されたが、約9時間後に死亡したものである。","7","畜産・水産業","702","水産業","70201","漁業","10~29","7","環境等","71","環境等","714","異常環境等","12","有害物等との接触"
"126","2015","平成","27","7","11~12","送電線敷設の新設工事において、被災者が電柱の写真撮影をしていたところ、電柱の電圧確認を終えた現場作業員運転の後進してきたトラックに轢かれ、死亡したもの。","3","建設業","302","建築工事業","30203","建築設備工事業","50~99","2","物上げ装置、運搬機械","22","動力運搬機","221","トラック","7","はさまれ、巻き込まれ"
"127","2015","平成","27","1","13~14","レーザー切断機のレールの間で、材料の平板に玉掛けされたハッカーを取り外す作業をしていたところ、後方からレーザー切断機が被災者に向かって走行し、レーザー切断機と平板の間に挟まれたもの","1","製造業","112","金属製品製造業","11209","その他の金属製品製造業","10~29","1","動力機械","15","金属加工用機械","159","その他の金属加工用機械","7","はさまれ、巻き込まれ"
"128","2015","平成","27","8","5~6","国道で信号の手前100メートル付近で、中型トラックが、前方で信号待ちで停車していた中型トラックの後部に衝突した。さらに衝突された中型トラックはその弾みで、前に停車していた大型トラックの後部に衝突した。計3台のトラックが関係する交通事故である。","4","運輸交通業","403","道路貨物運送業","40301","一般貨物自動車運送業","10~29","2","物上げ装置、運搬機械","22","動力運搬機","221","トラック","17","交通事故（道路）"
"129","2015","平成","27","3","3~4","国道をトラックで走行中、事故車を避けようとしてハンドルを切ったところ、前方を走っていたダンプに追突し、助手席に乗っていた被災者が死亡したもの。","4","運輸交通業","403","道路貨物運送業","40301","一般貨物自動車運送業","100~299","2","物上げ装置、運搬機械","22","動力運搬機","221","トラック","17","交通事故（道路）"
"130","2015","平成","27","9","5~6","タクシー事務所に乗客が来たため、被災者が自分の車両を車道に出そうとしたところ、他の運転手の車両が事務所に戻ってきたので、その車両に乗客を乗せることになった。被災者は乗客にドアサービスをするため、急いで車両から出て乗客の所に向かったが、自分の車両が事務所敷地内から車道に向かってバック走行で動き出したため車を止めようと戻ったが、被災者の身体が運転席から出た状態で走行し、本社向かいの街路灯に激突した。","4","運輸交通業","402","道路旅客運送業","40201","ハイヤー・タクシー業","50~99","2","物上げ装置、運搬機械","23","乗物","231","乗用車、バス、バイク","3","激突"
"131","2015","平成","27","5","9~10","被災者は、2階建て建築物の2階窓の縁に移動はしごを立て掛け、同はしご上で、窓ガラスの清掃作業を行っている際に、体勢を崩し、体の左側から約4メートル下の地面に墜落した。","15","清掃・と畜業","1501","清掃・と畜業","150101","ビルメンテナンス業","50~99","3","その他の装置等","37","用具","371","はしご等","1","墜落、転落"
"132","2015","平成","27","10","9~10","工場外壁塗装工事現場において、外部足場(くさび式・一側足場部分)の解体作業中、被災者は足場4段目に乗り、解体した足場材を足場3段目にいる作業員に手で受け渡した後、元の位置に戻ろうとしたところ、足場の外側から地上(高さ約6メートル)に墜落したもの。共同作業者からは死角となっていたため、墜落した瞬間を目撃した者はいない。","3","建設業","302","建築工事業","30209","その他の建築工事業","1~9","4","仮設物、建築物、構築物等","41","仮設物、建築物、構築物等","411","足場","1","墜落、転落"
"133","2015","平成","27","7","10~11","下水管敷設のため、深さ1.8m、幅1.2mの溝をドラグショベルにより掘削中、被災者が溝の中に入りまもなくして被災者の背中側が深さ1.4m、幅0.5m、長さ2mに亘って崩れ、腰ぐらいまで土砂に埋まった。","3","建設業","301","土木工事業","30199","その他の土木工事業","30~49","7","環境等","71","環境等","711","地山、岩石","5","崩壊、倒壊"
"134","2015","平成","27","4","0~1","通勤途上にビルから飛び降り、直後に救急搬送されたものの、同日の午後に死亡した。","17","その他の事業","1702","その他の事業","170209","その他の事業－その他","500~999","9","その他","92","起因物なし","921","起因物なし","90","その他"
"135","2015","平成","27","4","8~9","屋根の張り替え工事現場において、被災者が下地材に固定されていない屋根材の上に乗った結果、当該屋根材(スチール製)とともに、約5.2メートルの高さからコンクリートの床に墜落した。ドクターヘリにて病院に搬送され、入院し治療を受けていたが、11日後(5月3日)に死亡した。","3","建設業","302","建築工事業","30209","その他の建築工事業","1~9","4","仮設物、建築物、構築物等","41","仮設物、建築物、構築物等","415","屋根、はり、もや、けた、合掌","1","墜落、転落"
"136","2015","平成","27","5","11~12","トラックによるごみ収集作業中、次のごみステーションへ移動する際に荷台に乗ったままの被災者から「移動了解」の合図があり、この合図を受けてトラック運転手はトラックを発進させたが、その直後に音がしたため下車して車両後方を確認したところ、頭部から出血して倒れている被災者を発見した。被災者は、救急搬送され加療を行っていたが5月13日に死亡した。","15","清掃・と畜業","1501","清掃・と畜業","150103","その他の廃棄物処理業","100~299","2","物上げ装置、運搬機械","22","動力運搬機","221","トラック","1","墜落、転落"
"137","2015","平成","27","9","17~18","高速道路建設工事に付帯する周辺道路の舗装工事において、作業場所から現場詰所までの下り坂間で右曲がりカーブの箇所にホイールローダが転倒し、当該ホイールローダのヘッドガードと地面の間に運転していた被災者の頭部が挟まれた状態で発見され、病院に運ばれたが約1時間後に死亡したもの。","3","建設業","301","土木工事業","30106","道路建設工事業","10~29","1","動力機械","14","建設機械等","141","整地・運搬・積込み用機械","2","転倒"
"138","2015","平成","27","8","7~8","建設現場で使用する砕石を砕石工場でトラックに積み込み、同僚のトラックのシート掛けを手伝っているときに、自分の乗ってきたトラックが動き出し、シート掛けをしていたトラックと動き出したトラックにはさまれたもの。","3","建設業","303","その他の建設業","30309","その他の建設業－その他","1~9","2","物上げ装置、運搬機械","22","動力運搬機","221","トラック","7","はさまれ、巻き込まれ"
"139","2015","平成","27","3","10~11","河川災害復旧工事の現場事務所前の除雪作業を1人で行っていたところ、資材小屋に使用していたプレハブの小屋(幅約3.5メートル、奥行き約1.8メートル、高さ約2.5メートル)が突風により倒れ、その下敷きになった。","3","建設業","301","土木工事業","30107","河川土木工事業","10~29","4","仮設物、建築物、構築物等","41","仮設物、建築物、構築物等","419","その他の仮設物、建築物、構築物等","5","崩壊、倒壊"
"140","2015","平成","27","9","14~15","既設マンションの外壁補修工事現場において、外部足場(クサビ式)の解体作業を行っていたところ、7階バルコニー天井部に塗装不良があると下請労働者から報告を受け、手直し塗装を行うため外部足場(10層目)を移動していたところ、作業床に設けられた開口部(解体した足場部材を荷卸しするためのもの、長さ:1.7m×幅:0.4m)から18.5m下の地面に墜落し、死亡したもの。","3","建設業","302","建築工事業","30201","鉄骨・鉄筋コンクリート造家屋建築工事業","50~99","4","仮設物、建築物、構築物等","41","仮設物、建築物、構築物等","411","足場","1","墜落、転落"
"141","2015","平成","27","8","0~1","国道でトンネル内を走行中の車両1に、対向車線を進行してきた車両2がセンターラインを越え接触した。車両1は接触の反動で対向車線に飛び出して停止し、そこへ車両3が衝突した。この結果、車両1に乗車していた労働者2名が死亡。車両3に乗車していた労働者1名が負傷した。","17","その他の事業","1702","その他の事業","170201","警備業","50~99","2","物上げ装置、運搬機械","23","乗物","231","乗用車、バス、バイク","17","交通事故（道路）"
"142","2015","平成","27","5","8~9","工場内で使用済みタイヤの表面を切削・研削する「バフマシン」において、タイヤを固定する「リム」部に、身体を挟まれた状態で発見されたもの。心肺停止状態で発見され、搬送先の病院で死亡が確認された。災害発生時の状況を見ていた者はいないが、研削砥石部のカバーが取り外され、砥石が交換されていた。","1","製造業","108","化学工業","10806","ゴム製品製造業","30~49","1","動力機械","16","一般動力機械","169","その他の一般動力機械","7","はさまれ、巻き込まれ"
"143","2015","平成","27","6","9~10","国道インターチェンジ付近で改築現場に向かう塗装工2名が乗った普通トラックが、右カーブを曲がった直後に中央車線を越え、対向車線を走行していた中型トラックと正面衝突したもの。普通トラックの助手席に乗っていた塗装工が外傷性ショックで死亡し、運転していた塗装工は顔面打撲の大けがをした。中型トラックの運転手は軽傷。","3","建設業","302","建築工事業","30209","その他の建築工事業","1~9","2","物上げ装置、運搬機械","22","動力運搬機","221","トラック","17","交通事故（道路）"
"144","2015","平成","27","1","9~10","雨水受けタンクを設置し終え、発注者と一緒にその設置状況を確認する作業中、タンク内部の明り取りのために、被災者1名がタンク上部に上がり、タンク上部のマンホールを開けたところ、マンホールの蓋とともに約10m下のタンク床面に墜落した。","3","建設業","303","その他の建設業","30309","その他の建設業－その他","10~29","4","仮設物、建築物、構築物等","41","仮設物、建築物、構築物等","418","建築物、構築物","1","墜落、転落"
"145","2015","平成","27","10","17~18","工場敷地の製品置場で被災者が単独でコンクリート製品の整理作業中、コンクリート製品の上に3枚重ねの別の製品(1枚361キログラム)をフォークリフトを用いて積み上げ、フォークリフトを降りて、その下方で何らかの作業を行なっていたところ、突然はいが崩壊して、上に積み上げた3枚の製品が被災者の頭部を直撃した。","1","製造業","109","窯業土石製品製造業","10901","セメント・同製品製造業","10~29","5","物質、材料","52","材料","529","その他の材料","5","崩壊、倒壊"
"146","2015","平成","27","7","15~16","4階建のショッピングセンターの屋上にある高架水槽の配管の保温工事において、作業者が高架水槽の建屋の屋上から、4.15メートル下のショッピングセンター屋上に墜落した。","3","建設業","302","建築工事業","30209","その他の建築工事業","1~9","4","仮設物、建築物、構築物等","41","仮設物、建築物、構築物等","415","屋根、はり、もや、けた、合掌","1","墜落、転落"
"147","2015","平成","27","5","16~17","硅石サイロ内部の硅石抜き取り作業中、サイロ下部に設けられたコンベヤーにより硅石を抜き取るため、被災者はサイロ内においてドラグ・ショベルを運転し足元を固め作業場所を確保していたところ、突然サイロ中心部の硅石が陥没しドラグ・ショベルが後方に転落し運転席から投げ出された被災者に崩れた硅石が覆い被さり上半身が埋没したもの。","1","製造業","109","窯業土石製品製造業","10901","セメント・同製品製造業","50~99","4","仮設物、建築物、構築物等","41","仮設物、建築物、構築物等","418","建築物、構築物","1","墜落、転落"
"148","2015","平成","27","5","5~6","被災者が工場2階において製造したパンが入れられたラックを荷物用エレベーターを使用し1階に移動させようとしたところ、当該エレベーターの2階昇降路開口部から4.07m下の1階に墜落したもの。災害発生後から意識不明状態が続き、平成27年5月22日14:00に死亡。","1","製造業","101","食料品製造業","10104","パン、菓子製造業","30~49","2","物上げ装置、運搬機械","21","動力クレーン等","214","エレベータ、リフト","1","墜落、転落"
"149","2015","平成","27","11","18~19","三輪バイクでチラシ配布作業中、転倒し頭部を強打し負傷したと思われる。平成27年11月8日16時45分、頭部の急性硬膜下血腫にて死亡したもの。なお、被災者は、すでに倒れている状況で発見されている為、どのように転倒したかの詳細は不明。","8","商業","804","その他の商業","80409","その他の商業－その他","1~9","2","物上げ装置、運搬機械","23","乗物","231","乗用車、バス、バイク","17","交通事故（道路）"
"150","2015","平成","27","7","14~15","ベルトコンベアで搬送された荷(ドライアイス)を産業用ロボットを用いてフレコンバックに袋詰め作業中、紙破れに気付いた被災者が同ロボットを停止させ、ベルトコンベアの上に登り、ベルトコンベアにより搬送されてくる荷とフレコンバック内の荷の入替え作業を行っていたところ、突然同ロボットが起動し、同ロボットの把持機構とコンベアの間に頚部を挟まれ死亡したもの。","1","製造業","108","化学工業","10801","無機・有機化学工業製品製造業","10~29","1","動力機械","16","一般動力機械","167","産業用ロボット","7","はさまれ、巻き込まれ"
"151","2015","平成","27","3","7~8","建築物の外壁塗装及び改修工事において、被災者を含む労働者4名により建築物全周に設置された足場(鋼管足場)の南面側の上で、外壁の換気用ダクト及び窓枠に付着している塗料(前日までに塗装していたもの)の拭取り作業を行っていたところ、足場の5層目において作業を行っていた被災者が、前日までに荷上げ用として全層1スパン分足場板が取り外されていた箇所から約9.0m下の地面まで墜落したもの。","3","建設業","302","建築工事業","30209","その他の建築工事業","10~29","4","仮設物、建築物、構築物等","41","仮設物、建築物、構築物等","411","足場","1","墜落、転落"
"152","2015","平成","27","2","8~9","被災者は、タクシー乗場で運転席に乗車し、客待ちしていたところ、脳出血を発症した。同僚が、車内で倒れている被災者を発見し、その後病院に搬送され、約4時間後に死亡したもの。発症する前の6か月平均で81時間42分の時間外労働を行い、発症日の労働時間は16時間55分であった。","4","運輸交通業","402","道路旅客運送業","40201","ハイヤー・タクシー業","50~99","9","その他","92","起因物なし","921","起因物なし","90","その他"
"153","2015","平成","27","1","23~24","事業場で設置している寄宿舎の1階管理人室の中央付近からの出火により火災が発生し、鉄骨造2階建の建物346平方メートルが焼け、その際、管理人室で寝ていた被災者が逃げ遅れて焼死した。","3","建設業","302","建築工事業","30201","鉄骨・鉄筋コンクリート造家屋建築工事業","100~299","9","その他","91","その他の起因物","911","その他の起因物","16","火災"
"154","2015","平成","27","11","10~11","被災者は護摩木の小割加工を行うため、自動送り装置付のギャングリップソー(鋸歯6枚)を用いて板材(107×35×1.5センチメートル)の切断作業を行っていたところ、小割りした板材が機械に詰まった。詰まったものを取り除こうと押えロールを上にあげたところ木材が反発し、板材が被災者の顔面を直撃した。激突した板材の一部が頬骨を突き破り頭部に侵入し脳が損傷したことにより、翌18日の午前4時に死亡が確認されたもの。","1","製造業","104","木材・木製品製造業","10409","その他の木材・木製品製造業","1~9","1","動力機械","13","木材加工用機械","131","丸のこ盤","6","激突され"
"155","2015","平成","27","3","14~15","労働者(運転手)が、同市内居住の労働者5名を、事業場提供の車両(事業場車両入替に伴い、レンタカーを代車としていたもの)で順次搭乗させ、事業場に向かって走行中、別の町の町道のトンネル内でスリップしてガードレールに衝突し、同乗労働者2名が死亡し、運転手を含む4名が負傷した。","14","接客娯楽業","1401","旅館業","140101","旅館業","100~299","2","物上げ装置、運搬機械","23","乗物","231","乗用車、バス、バイク","17","交通事故（道路）"
"156","2015","平成","27","12","14~15","市所有の山林の皆伐作業のため、被災者と同僚労働者の2名は伐木作業を行っていた。アカマツを谷側に伐木したところ約30°倒れたところで停止。35センチ離れた隣のアカマツと上方でつる絡みしていたため、被災者は2本とも伐倒しようと、隣のアカマツにチェーンソーで追い口約10センチメートル入れたところ、約9~10m上部から追い口を入れたアカマツの木の枝(9m、63キログラム)が落下し、被災者の背中に直撃し被災したもの。","6","農林業","602","林業","60201","木材伐出業","100~299","7","環境等","71","環境等","712","立木等","4","飛来、落下"
"157","2015","平成","27","3","16~17","敷地内樹木剪定等作業において、胸高直径約27センチメートルの不要木をチェーンソーにて伐倒中、材が割け上がり、落下した樹幹の下敷きになったもの。","6","農林業","601","農業","60101","農業","1~9","7","環境等","71","環境等","712","立木等","6","激突され"
"158","2015","平成","27","7","9~10","出張のため、午前6時50分発の新幹線に乗車し、午前8時34分に目的地に到着した後レンタカーで出張先に向かったが、午前9時40分頃、出張先正門前の駐車場で倒れているところを発見された。病院に救急搬送されたところ、くも膜下出血と診断され、意識が戻らないまま平成27年8月7日午前11時57分に死亡したもの。","8","商業","802","小売業","80209","その他の小売業","50~99","9","その他","92","起因物なし","921","起因物なし","90","その他"
"159","2015","平成","27","5","10~11","ビル解体工事の6階の屋上で、解体用車両系建設機械のアタッチメントの交換作業を行っていた被災者は、同作業を終了し階下へ降りて行った。その後、工事現場の作業員が、2階から6階の各床面に設けられていた解体材荷卸し用の開口部(約1.5m四方)の直下の1階床面に倒れている被災者を発見した。被災者は病院へ搬送されたが、同日死亡が確認されたもの。","1","製造業","117","その他の製造業","11702","機械修理業","1~9","4","仮設物、建築物、構築物等","41","仮設物、建築物、構築物等","414","開口部","1","墜落、転落"
"160","2015","平成","27","6","22~23","滞在国現地時間6月12日10:30頃、同国市内の会社において、金属加工用機械の納品及び設置のため出張中の被災者が、客先で機械の組み立て作業指示を行っていたところ、当該設置する機械の据え付けピット付近で足元の鉄筋につまづき、深さ約3.3mのピット底に転落して頭部を強打したため、脳内出血と脳挫傷により、搬送先の病院で現地時間同月19日14:23に死亡した。","1","製造業","113","一般機械器具製造業","11301","機械（精密機械を除く）器具製造業","1~9","4","仮設物、建築物、構築物等","41","仮設物、建築物、構築物等","418","建築物、構築物","1","墜落、転落"
"161","2015","平成","27","7","9~10","被災者は、製品である固形燃料の材料の破砕機が材料の詰まりにより止まったため、破砕機内に入り詰まった材料を取り除く作業を行っていた。作業は、破砕機を停止して行っていたが、一緒に破砕機の調整を行っていた同僚が、被災者が破砕機内にいることを知らず、破砕機を作動したため、被災者が破砕機に巻き込まれたもの。","1","製造業","108","化学工業","10899","その他の化学工業","1~9","1","動力機械","16","一般動力機械","162","混合機、粉砕機","7","はさまれ、巻き込まれ"
"162","2015","平成","27","11","10~11","事業場が所有している土地において、被災者がミズナラの立木(胸高直径約90センチメートル)の枝の付け根に足を掛け、手のこを使用し直径約20センチメートルの枝を切っていたところ、切っていた枝が裂けて当たり、昇降用の梯子の上を滑るようにして約3メートル下の地上に転落した。","8","商業","801","卸売業","80109","その他の卸売業","1~9","7","環境等","71","環境等","712","立木等","1","墜落、転落"
"163","2015","平成","27","9","14~15","被災者は、除草作業中、自走式草刈り機(立ち乗り型)を運転していたが、その下敷きになっているところを発見された。","3","建設業","301","土木工事業","30199","その他の土木工事業","10~29","1","動力機械","16","一般動力機械","169","その他の一般動力機械","2","転倒"
"164","2015","平成","27","5","12~13","民家の下水路の工事のため、坂道に3トンダンプトラックを駐車していたが、当該ダンプトラックが無人のまま動き出し、推定であるが被災者は動き出したダンプトラックを停めようとしたが、止まらなかったものと思われ、約14m先の坂道突き当たりの倉庫とダンプトラックとの間に挟まれたもの。被災者は浄化槽部品の整備のために、当該工事現場に工具を借りに来ていたもの。","15","清掃・と畜業","1501","清掃・と畜業","150103","その他の廃棄物処理業","1~9","2","物上げ装置、運搬機械","22","動力運搬機","221","トラック","17","交通事故（道路）"
"165","2015","平成","27","6","10~11","被災者(外国人技能実習生)は、屋外にて、最大荷重2トンのフォークリフトを用いて、ゴミの片づけ作業を行っていたところ、フォークリフトのタイヤが地面(土)の窪みに落ちて横転した。運転していた被災者は、横転したフォークリフトから投げ出され、フォークリフトと地面の間に挟まれて死亡した。","17","その他の事業","1702","その他の事業","170209","その他の事業－その他","10~29","2","物上げ装置、運搬機械","22","動力運搬機","222","フォークリフト","2","転倒"
"166","2015","平成","27","10","2~3","朝刊配達のため50CCのバイクで配達中道路に停車中のトラックに接触しバランスを失い転倒した際頭部及び胸部を負傷した。入院手術後意識不明のまま1か月半後に死亡。","8","商業","802","小売業","80205","新聞販売業","10~29","2","物上げ装置、運搬機械","23","乗物","231","乗用車、バス、バイク","17","交通事故（道路）"
"167","2015","平成","27","4","8~9","154KVの架空送電電路の張替工事において、ジャンパーガイドの取付け作業を行っていたところ、感電したもの。","3","建設業","303","その他の建設業","30301","電気通信工事業","1~9","3","その他の装置等","35","電気設備","351","送配電線等","13","感電"
"168","2015","平成","27","4","8~9","林道の倒木処理作業中、倒木を林業用伐木機械で挟んで固定し、被災者がチェーンソーで倒木を切断していたところ、切断した幹が跳ねて被災者の頭部に激突したもの。","6","農林業","602","林業","60201","木材伐出業","1~9","1","動力機械","13","木材加工用機械","136","チェーンソー","6","激突され"
"169","2015","平成","27","2","11~12","被災者は、割れた窓ガラスの交換が予定されていた箇所周辺の除雪作業を行った。その後、会社の携帯電話を失くしたことことに気がつき、一人で除雪した場所に戻って携帯電話を探していたところ、近くの雪壁が崩れて雪に埋まり胸部圧迫による窒息で死亡した。被災者が発見された場所の周辺には高さ2m24センチメートルの雪山(雪壁が崩れた形跡あり)があった。","1","製造業","101","食料品製造業","10109","その他の食料品製造業","10~29","7","環境等","71","環境等","719","その他の環境等","5","崩壊、倒壊"
"170","2015","平成","27","7","17~18","被災者は、交通警備に従事後会社に戻り、会社から自転車で帰宅した。その後、居宅アパート敷地内の植栽に制服姿で倒れているところを通行人が発見し、午後6時50分ごろ病院に運ばれたが、午後8時54分死亡したもの(直接死因:虚血性心疾患の疑い、原因:熱中症)。","17","その他の事業","1702","その他の事業","170201","警備業","50~99","7","環境等","71","環境等","715","高温・低温環境","11","高温・低温の物との接触"
"171","2015","平成","27","6","13~14","建設資材等を台船に載せ、タグボートで曳航しA埠頭からB島まで輸送していた。B港入口で被災者ほか1名がタグボートから台船へ乗り移って入港準備に取り掛かった。着岸前の合図時に被災者の姿が見えないことから付近を捜索したところ港から1.5キロメートル先の海上で被災者がうつぶせの状態で発見された。","4","運輸交通業","401","鉄道・軌道・水運・航空業","40102","水運業","1~9","2","物上げ装置、運搬機械","22","動力運搬機","229","その他の動力運搬機","10","おぼれ"
"172","2015","平成","27","5","8~9","被災者等6名は、船舶にカンラン岩を積み込むため、岸壁側に移動式のコンベヤーを設置する作業を行っていたが、設置したコンベヤーの位置を修正することとなり、下請け事業場の作業者がコンベヤーの乗っている架台の後方をトラクターショベルのバケットで持ち上げて、そのまま後方に移動させたところ、近くを歩行していた被災者がコンベヤーの架台の車輪にひかれて死亡した。","5","貨物取扱業","502","港湾運送業","50202","港湾荷役業","50~99","1","動力機械","14","建設機械等","141","整地・運搬・積込み用機械","7","はさまれ、巻き込まれ"
"173","2015","平成","27","9","14~15","事務所の新築工事現場において、被災者は外構工事としてコンクリートブロックの仮置き作業を行っていたところ、被災者が急にふらふらし、意味不明な言動を始めたため被災者を日陰で休ませたが、その後呼びかけにも応じなくなったため救急搬送した。被災者は搬送先の病院において熱中症と診断され、集中治療室にて治療を続けていたが、翌日死亡した。","3","建設業","302","建築工事業","30202","木造家屋建築工事業","1~9","7","環境等","71","環境等","715","高温・低温環境","11","高温・低温の物との接触"
"174","2015","平成","27","9","12~13","事業場から2トントラックで荷(自転車)を運ぶため走行中、冠水した道路でトラックが水没した。そのため、被災者は事業場へ連絡し、迎えに来るよう依頼したが、無理と言われたため、トラックから降りて徒歩で歩いていたところ、事業場との電話連絡を最後に連絡が途絶えて13日に警察から死亡の連絡があった。","4","運輸交通業","403","道路貨物運送業","40301","一般貨物自動車運送業","1~9","7","環境等","71","環境等","713","水","10","おぼれ"
"175","2015","平成","27","9","9~10","太陽光発電設備設置工事の準備のため、屋根上で材料の運搬をしていたところ、被災者が明かり取り用の窓を踏み抜き、8メートル下のコンクリート地面に墜落し、死亡したもの。","3","建設業","303","その他の建設業","30302","機械器具設置工事業","1~9","4","仮設物、建築物、構築物等","41","仮設物、建築物、構築物等","415","屋根、はり、もや、けた、合掌","1","墜落、転落"
"176","2015","平成","27","9","13~14","高さ約6メートルの箇所で垂木の取付け作業を行っていた時、垂木の端から地上に墜落したもの。被災者は、平成27年9月3日、搬送先の病院で死亡した。","3","建設業","302","建築工事業","30202","木造家屋建築工事業","10~29","4","仮設物、建築物、構築物等","41","仮設物、建築物、構築物等","415","屋根、はり、もや、けた、合掌","1","墜落、転落"
"177","2015","平成","27","12","16~17","平成27年12月4日(金)午後4時頃、海上にある牡蠣の養殖用の筏上において、作業終了後、被災者が筏の側に停めていた船舶の前後に固定していたロープを外したところ、風で船舶が筏から離れ、被災者が船舶を掴もうとした際、筏と船舶との間に転落し、約1時間20分後に心肺停止の状態で見つかったが死亡したもの。","7","畜産・水産業","702","水産業","70209","その他の水産業","1~9","4","仮設物、建築物、構築物等","41","仮設物、建築物、構築物等","419","その他の仮設物、建築物、構築物等","10","おぼれ"
"178","2015","平成","27","6","16~17","労働者3名が、光波測量を行うための敷地境界の踏査を終えた後、林地の斜面を登る途中で高さ1.5メートル、幅3メートルの水路に入ったところ、1名が急こう配の水路を15乃至20メートル滑落して死亡し、1名が水路の淵で足を踏み外して水路の中に落ち負傷した。","17","その他の事業","1702","その他の事業","170202","情報処理サービス業","1~9","4","仮設物、建築物、構築物等","41","仮設物、建築物、構築物等","418","建築物、構築物","1","墜落、転落"
"179","2015","平成","27","8","13~14","解体処理中の天井クレーンガーダーから走行ロッカー(上部及び下部)を取り外し地上に降ろす作業を行っていたところ、作業員が誤って別のボルトを溶断してしまったため、下部走行ロッカー(重さ約2トン)が落下し、下敷きになってしまったもの。","3","建設業","303","その他の建設業","30309","その他の建設業－その他","10~29","4","仮設物、建築物、構築物等","41","仮設物、建築物、構築物等","419","その他の仮設物、建築物、構築物等","4","飛来、落下"
"180","2015","平成","27","2","13~14","工場本体の新築工事の外構工事として、敷地内に貯水槽(大きさ6.6m×3.6m深さ3.3m)を設置するためドラグ・ショベルで、大きさ11m×8m深さ約3.6mの総堀りをしていた。その際、突然ピット側面の土砂が崩壊したため、ピット底部に入り、ならし作業をしていた被災者が生き埋めとなり、すぐに救出し病院に搬送されたが死亡が確認されたもの。","3","建設業","301","土木工事業","30199","その他の土木工事業","1~9","7","環境等","71","環境等","711","地山、岩石","5","崩壊、倒壊"
"181","2015","平成","27","10","4~5","事業場から会社へトラックにて荷物を運送する途上、交差点を右折したところトラックが横転し、信号支柱に衝突して、運転していた被災者は頸髄損傷のため死亡した。","4","運輸交通業","403","道路貨物運送業","40301","一般貨物自動車運送業","10~29","2","物上げ装置、運搬機械","22","動力運搬機","221","トラック","17","交通事故（道路）"
"182","2015","平成","27","9","19~20","営業訪問で徒歩移動中、道路の反対にあるコンビニエンスストアに行こうと道路を横断中、道路を走行してきた普通乗用車と接触した。当該道路は片側2車線の市道で、被災者が横断した箇所はカーブで見通しの悪いところであった。","3","建設業","302","建築工事業","30209","その他の建築工事業","30~49","2","物上げ装置、運搬機械","23","乗物","231","乗用車、バス、バイク","17","交通事故（道路）"
"183","2015","平成","27","3","11~12","橋下の護岸工事現場において、施工済みの護岸ブロックの上から、高さ3.3m下のコンクリート地面に墜落したものである。被災者は、作業時に保護帽を着用していたが、安全帯は未着用であった。なお、災害発生時は護岸ブロック上での作業はなく、通常通路としても使用していない箇所であった。","3","建設業","301","土木工事業","30107","河川土木工事業","30~49","4","仮設物、建築物、構築物等","41","仮設物、建築物、構築物等","418","建築物、構築物","1","墜落、転落"
"184","2015","平成","27","10","13~14","被災者がL型の柱(長さ:4.9m×2m、重量:約1t)の研磨作業をしていたところ、柱が被災者側に倒れてきて、被災者の頭部に激突したもの。柱は、H鋼(横25センチメートル×高さ45センチメートル×長さ1000センチメートル)に二点支持で設置されており、一点には水平にするための枕木を使用していた。","1","製造業","112","金属製品製造業","11209","その他の金属製品製造業","1~9","5","物質、材料","52","材料","521","金属材料","5","崩壊、倒壊"
"185","2015","平成","27","3","14~15","労働者(運転手)が、同市内居住の労働者5名を、事業場提供の車両(事業場車両入替に伴い、レンタカーを代車としていたもの)で順次搭乗させ、事業場に向かって走行中、別の町の町道のトンネル内でスリップしてガードレールに衝突し、同乗労働者2名が死亡し、運転手を含む4名が負傷した。","14","接客娯楽業","1401","旅館業","140101","旅館業","100~299","2","物上げ装置、運搬機械","23","乗物","231","乗用車、バス、バイク","17","交通事故（道路）"
"186","2015","平成","27","2","7~8","養殖カンパチのえさの原料(鯖等を30センチメートル、60センチメートル、10センチメートルに氷漬したもの)を砕くクラッシャーの作業台に乗り、原料を投入していた被災者がクラッシャーの回転刃に巻き込まれたもの。","7","畜産・水産業","702","水産業","70201","漁業","1~9","1","動力機械","16","一般動力機械","162","混合機、粉砕機","7","はさまれ、巻き込まれ"
"187","2015","平成","27","1","2~3","電気通信設備工事の現場において、S(以下、被災者)はF社のWと共に2人で回線の切り替え作業をしていて、途中休憩を社用車の運転席でしていたが、休憩終了時間になっても戻ってこなかった。Wが見に行ったところワンボックスカーの運転席で被災者が意識不明の状態で発見され、病院に搬送されたが、死亡が確認された。車内には発電機があった。","3","建設業","303","その他の建設業","30301","電気通信工事業","1~9","5","物質、材料","51","危険物、有害物等","519","その他の危険物、有害物等","12","有害物等との接触"
"188","2015","平成","27","10","7~8","事業場から市内の空調設備保守作業現場へ向かうため、労働者2人が社有車で移動中、左側のガードレールに衝突して助手席に乗っていた労働者が死亡し、運転していた労働者が負傷した。","3","建設業","302","建築工事業","30203","建築設備工事業","10~29","2","物上げ装置、運搬機械","23","乗物","231","乗用車、バス、バイク","17","交通事故（道路）"
"189","2015","平成","27","1","0~1","大規模プロジェクトの責任者として、過重な長時間労働に従事したことで、強い心理的負荷により、うつ病を発症し、正常な認識や行為選択能力が著しく阻害され、自殺したもの。(発生時間不明)","8","商業","802","小売業","80201","各種商品小売業","1000~9999","9","その他","92","起因物なし","921","起因物なし","90","その他"
"190","2015","平成","27","12","11~12","一戸建新築工事現場において、トラックで搬入された資材等を移動式クレーン(ホイールクレーン、つり上げ荷重4.9t)を用いて荷降ろしする作業中に約15mの高さにつり上げたシステムキッチン(約350キログラム)が落下し、その衝撃で破損した部材が付近で別の作業をしていた被災者に当たり、その勢いで被災者は後方に転倒、後頭部を地面に打ちつけ、意識不明となっていたが12月10日に死亡したもの。","4","運輸交通業","403","道路貨物運送業","40301","一般貨物自動車運送業","10~29","3","その他の装置等","37","用具","372","玉掛用具","4","飛来、落下"
"191","2015","平成","27","10","12~13","エポキシ樹脂を製造する第3工場のジャケット付き撹拌溶解器の上部マンホールから添加剤の赤燐を投入中に火災が発生し、投入作業を行っていた被災者が、マンホールから噴出した火炎で、上半身など全身の60%に重度の熱傷を負った。その後、被災者は、皮膚移植治療を受けていたが、感染症による多臓器不全により、平成27年12月27日午前2時41分に死亡したもの。","1","製造業","108","化学工業","10801","無機・有機化学工業製品製造業","100~299","3","その他の装置等","32","化学設備","321","化学設備","16","火災"
"192","2015","平成","27","8","11~12","被災者は電気使用量検針のため、携帯電話の無線基地局等2箇所を午前中に巡回する予定であった。午後になっても帰社しないため、他の職員が捜索を行ったところ、1箇所目の検針場所に至る登山道で倒れているのが発見された。発生状況より、被災者は検針場所である標高357mの山頂まで、徒歩で約1.6キロメートル登り、検針を終えて約1キロメートル下山したところで倒れたものと考えられる。死因は心不全、肺水腫(熱中症の可能性あり)。","1","製造業","116","電気・ガス・水道業","11601","電気業","30~49","7","環境等","71","環境等","715","高温・低温環境","11","高温・低温の物との接触"
"193","2015","平成","27","4","18~19","作業構台から地下4階部分の鉄骨建方を行うため、構台覆工板の一部を開けて移動式クレーンを使用して作業を進める過程で、被災者が覆工板開口部から約27.5m下の地下4階スラブ上に墜落したもの。病院に搬送され死亡が確認された。","3","建設業","302","建築工事業","30201","鉄骨・鉄筋コンクリート造家屋建築工事業","10~29","4","仮設物、建築物、構築物等","41","仮設物、建築物、構築物等","418","建築物、構築物","1","墜落、転落"
"194","2015","平成","27","8","6~7","被災者と合番者の2人で、土砂バキューム車に貼られていたステッカーを剥がす作業を行おうとしていたが、タンク内にある道具が必要となったため、タンクのハッチを開けて道具を取り出した。その後、被災者の合図で合番者がハッチを閉める操作を行った際に、被災者がハッチに頭・胸を挟まれ死亡したもの。","3","建設業","301","土木工事業","30199","その他の土木工事業","100~299","2","物上げ装置、運搬機械","22","動力運搬機","221","トラック","7","はさまれ、巻き込まれ"
"195","2015","平成","27","7","4~5","高規格幹線道路を運転中、パンクのために路肩に停車していたトラックに追突した。","4","運輸交通業","403","道路貨物運送業","40301","一般貨物自動車運送業","10~29","2","物上げ装置、運搬機械","22","動力運搬機","221","トラック","17","交通事故（道路）"
"196","2015","平成","27","7","16~17","被災者がフォークリフト(最大荷重2.9t)を運転し、トラックの荷台から円盤状の鋼材スクラップ(重量3.15t)を荷下ろし作業中、フォークリフトが前方に傾いたため、フォークリフト後部(カウンターウェイト)に浮き上がり防止用に載せていたおもり(重量0.94t、固定なし)が運転席側へ倒れ、被災者の背中にのし掛かり、腹部をハンドルとおもりにはさまれたもの。","1","製造業","110","鉄鋼業","11009","その他の鉄鋼業","10~29","2","物上げ装置、運搬機械","22","動力運搬機","222","フォークリフト","6","激突され"
"197","2015","平成","27","1","23~24","ステンレス工場のスリッターライン入側No.1ピンチロールの手入れ作業をロールを回転させた状態で実施していた。出側で作業していた同僚が、非常停止になっていることに気づき、入側へ行くと被災者がピンチロールに巻き込まれているのを発見した。","1","製造業","110","鉄鋼業","11001","製鉄・製鋼・圧延業","1000~9999","1","動力機械","16","一般動力機械","163","ロール機（印刷ロール機を除く。）","7","はさまれ、巻き込まれ"
"198","2015","平成","27","1","1~2","被災者がタクシーを運転して高速道路下り線を走行中、ジャンクション付近)で右側へ車線変更したところ、後方を走行していた2トントラックに追突された。追突されたタクシーはその後分岐点のガードレールへ衝突し、被災者は胸などを強く打ち、搬送先の病院で死亡した。","4","運輸交通業","402","道路旅客運送業","40201","ハイヤー・タクシー業","50~99","2","物上げ装置、運搬機械","22","動力運搬機","221","トラック","17","交通事故（道路）"
"199","2015","平成","27","5","0~1","被災者が屋上駐車場出入口において、脚立(高さ約3メートル)に乗って、看板(高さ約4メートル)上に鳩除けを設置していたところ、脚立から墜落したもの(推定)。被災者は意識不明の重体であったが、平成27年5月28日午前8時過ぎに死亡が確認された。","8","商業","802","小売業","80209","その他の小売業","10~29","3","その他の装置等","37","用具","371","はしご等","1","墜落、転落"
"200","2015","平成","27","5","9~10","シイガシの木を剪定中、足場にしていた枝が突然折れ、約6m墜落して死亡したもの。なお、墜落を目撃した者はおらず、安全帯は着用していた。","6","農林業","601","農業","60101","農業","1~9","7","環境等","71","環境等","712","立木等","1","墜落、転落"
"201","2015","平成","27","1","9~10","マンションの管理人である被災者が、一人で脚立に乗って蛍光灯(2階廊下天井)を交換している途中に、管理人室に戻ってきた。被災者は、管理人室に戻って来た時に、頭の痛みは訴えたが、記憶に問題があり直前に何をしていたかわからない状態であった。そのうちに気分が更に悪くなり、救急車を呼んだが救急車が到着するまでの間に受け答えができなくなった。司法解剖の結果、死因は脳挫傷、硬膜下血腫、頭蓋骨骨折であった。","8","商業","804","その他の商業","80409","その他の商業－その他","10~29","3","その他の装置等","37","用具","371","はしご等","1","墜落、転落"
"202","2015","平成","27","7","0~1","高さ85センチメートルの脚立に登って、中型バスの後部窓を清掃していた被災者が、地面に倒れているのを代表取締役が発見した。災害発生後、被災者は病院に入院し治療を受けていたが、平成27年8月2日に死亡した。","4","運輸交通業","402","道路旅客運送業","40202","バス業","1~9","3","その他の装置等","37","用具","371","はしご等","1","墜落、転落"
"203","2015","平成","27","2","20~21","平成27年2月16日15時に出発点呼を受け、16時25分頃に事業場から出発した。翌日2時10分頃に業務を終了し、3時頃に休憩場所に到着した。次の仕事へ着車されていないという連絡が入り、近くのコンビニで車両が発見された。19時20分頃に救急搬送され、20時22分に死亡が確認された。","4","運輸交通業","403","道路貨物運送業","40309","その他の道路貨物運送業","300~499","9","その他","92","起因物なし","921","起因物なし","90","その他"
"204","2015","平成","27","4","13~14","工場内に積み重ねられた建設用資材(H鋼)(以下「荷」という。)を積み替えるため、クレーン操作者が床上操作式天井クレーン(つり上げ荷重2.8トン)を使用して、仮置き場所に運搬し、地切り状態で荷の周囲の確認を行っていたところ、クレーン操作者と共に荷の積み替え作業をしていた被災者の叫び声が聞こえたため振り向くと、崩れ落ちた荷に胸部及び腹部を挟まれた状態の被災者を発見したもの。被災者は翌日死亡した。","1","製造業","112","金属製品製造業","11209","その他の金属製品製造業","1~9","5","物質、材料","52","材料","521","金属材料","5","崩壊、倒壊"
"205","2015","平成","27","10","4~5","大型車(12t)で高速道路を走行中、前方に横転した車両が走行車線上にあったため、ブレーキをかけながらハンドルを切って避けようとしたが、横転した車両に接触後、中央分離帯の支柱に衝突し、車外に投げ出され死亡したと思われる。","4","運輸交通業","403","道路貨物運送業","40301","一般貨物自動車運送業","1~9","2","物上げ装置、運搬機械","22","動力運搬機","221","トラック","17","交通事故（道路）"
"206","2015","平成","27","3","16~17","事業場構内で廃棄物収集用のアームロール車(専用鋼製コンテナを、フック付動力アームを装備した専用貨物車両に当該アームで積み降ろしする車両)に、廃棄物を入れた専用コンテナを積む作業中、コンテナが車両のガイドローラーから外れ、フックからも外れ側方へ転倒、下敷きとなったもの。","3","建設業","303","その他の建設業","30309","その他の建設業－その他","10~29","2","物上げ装置、運搬機械","22","動力運搬機","221","トラック","6","激突され"
"207","2015","平成","27","9","11~12","被災者が資材置き場においてトラックの荷台にベルトスリング等(以下、「固定具」と言う)で固定して積み込んであった移動式クレーンのジブ(以下、「ジブ」と言う)の荷降ろし作業を行っていた。被災者がジブを4か所で固定していた固定具のうち3か所を外し、最後にジブに残っていた固定具を外すためにジブに乗ったところ、ジブがトラックの荷台から落下した際、被災者が荷とともに墜落し、その下敷きとなったもの。","3","建設業","301","土木工事業","30199","その他の土木工事業","30~49","6","荷","61","荷","612","機械装置","4","飛来、落下"
"208","2015","平成","27","5","15~16","国土開発幹線自動車道上において、得意先回りのためライトバンを運転していた被災者が、中央分離帯を越えて対向車線を走行してきた大型トラックと正面衝突し、その後、炎上したライトバンの車内から被災者の遺体が見つかったもの。なお、現場付近は片側1車線の緩やかなカーブであった。","8","商業","804","その他の商業","80409","その他の商業－その他","1~9","2","物上げ装置、運搬機械","23","乗物","231","乗用車、バス、バイク","17","交通事故（道路）"
"209","2015","平成","27","7","14~15","工場内において、作業者2名が15t天井クレーン及び2.8t橋形クレーンを使用して鉄板(長さ7m、幅2m、重さ約3t)を共づり移動中、先行して走行させていた天井クレーンを停止させようとしたところ、後続の天井クレーンの停止のタイミングずれ、つっていた鉄板が荷振れし、荷下し後の作業のため近くで待機していた被災者の腹部に鉄板が激突し、他の部品との間に挟まれ死亡したもの。","1","製造業","113","一般機械器具製造業","11301","機械（精密機械を除く）器具製造業","1~9","2","物上げ装置、運搬機械","21","動力クレーン等","211","クレーン","6","激突され"
"210","2015","平成","27","7","16~17","農家の農機具倉庫内で、ジャガイモ収穫機の点検・修理作業を行っている被災者と連絡が取れないため、サービス課長が様子を見に行ったところ、収穫機の茎葉ローラー(ジャガイモから茎を外すローラー)に巻き込まれている被災者を発見したもの。","8","商業","802","小売業","80209","その他の小売業","30~49","1","動力機械","16","一般動力機械","169","その他の一般動力機械","7","はさまれ、巻き込まれ"
"211","2015","平成","27","7","8~9","船体ブロック製造工場において、Aは材料置場におかれた荷(1枚の鋼板の上に約110枚の鋼板を重ねて乗せたもの)を、つりチェーンで玉掛けし、Bはジブクレーンで当該荷を運搬する作業を行っていた。Bが荷をつり上げ、クレーンを走行させて運搬し、クレーンのジブを左方向に旋回させながら荷を降下させた時、荷が高さ約11mの位置から落下、下方で荷の受入のため待機していた被災者Cの背部に鋼板が直撃し被災したもの。","1","製造業","115","輸送用機械等製造業","11501","造船業","1~9","6","荷","61","荷","611","荷姿の物","4","飛来、落下"
"212","2015","平成","27","4","5~6","被災者は、車両運搬車(キャリアカー)を運転し国道4号線を走行中、信号待ちで停車していた大型トレーラーに追突し、その衝撃で身体が運転席に挟まれ死亡した。(追突された大型トレーラーの運転者は被災したが不休)。","4","運輸交通業","403","道路貨物運送業","40301","一般貨物自動車運送業","10~29","2","物上げ装置、運搬機械","22","動力運搬機","221","トラック","17","交通事故（道路）"
"213","2015","平成","27","1","9~10","足場の解体作業を行っていた被災者は、7層目の作業床(幅40センチメートル)に立ち、建地を両手で取り外そうとしたところ足を踏み外し13.4m下の道路に墜落した。被災者が取り外そうとしていた建地は、2列ある足場の外側の建地で、当該部分には作業床がなかった。被災者が立っていた足場躯体側の作業床には、手すり及び中さんはなく、親綱も設置されていなかった。被災者は安全帯を着用していたが、使用していなかった。","3","建設業","302","建築工事業","30201","鉄骨・鉄筋コンクリート造家屋建築工事業","1~9","4","仮設物、建築物、構築物等","41","仮設物、建築物、構築物等","411","足場","1","墜落、転落"
"214","2015","平成","27","4","15~16","被災者は事業場内の荷捌き場にてフォークリフト(最大荷重:1000キログラム)を用いてトラックから荷物を降ろす作業に従事している際に、トラックの荷台奥に積まれている荷物(重量:約800キログラム)をワイヤーロープを使用しフォークリフトにて荷台手前まで牽引していたところ、フォークリフトがバランスを崩し右側に大きく振れため、フォークリフトから投げ出され建物の柱に激突したもの。","8","商業","801","卸売業","80109","その他の卸売業","1~9","2","物上げ装置、運搬機械","22","動力運搬機","222","フォークリフト","3","激突"
"215","2015","平成","27","9","19~20","プラスチックシート成型機を運転中、製品の仕上がり具合を見るため、成型機の内部に頭部を入れて確認していたところ、上下するスライド(上型を固定するプレート)とガイドカバーとの間に頭部を挟まれ死亡した。扉を開けると運転が停止されるリミッターが設置されていたが、ガムテープが貼付され、安全装置が機能しない状態とされていた。","1","製造業","108","化学工業","10805","プラスチック製品製造業","10~29","1","動力機械","16","一般動力機械","169","その他の一般動力機械","7","はさまれ、巻き込まれ"
"216","2015","平成","27","4","14~15","被災者は、自社工場に出張後、同県内にある支店に帰社するため、一人で軽自動車を運転していたところ、センターラインをオーバーし、対向車線を走行してきた4tトラックと衝突し死亡したもの。","17","その他の事業","1701","派遣業","170101","派遣業","50~99","2","物上げ装置、運搬機械","23","乗物","231","乗用車、バス、バイク","17","交通事故（道路）"
"217","2015","平成","27","3","16~17","観光バスを運転・運行していた被災者が片側1車線の高速道路を走行中、反対方面から対向してきたトラックが中央線をはみ出し、当該観光バスに衝突したもの。被災者以外に対向トラックの運転士1名、同乗者1名、観光バスの乗客19名負傷。","4","運輸交通業","402","道路旅客運送業","40202","バス業","10~29","2","物上げ装置、運搬機械","22","動力運搬機","221","トラック","17","交通事故（道路）"
"218","2015","平成","27","6","10~11","上屋に保管する鋼鈑コイルを艀に積み込むため、積載荷重が20トンのフォークリフトを使用して鋼鈑コイルを上屋から岸壁に運搬していたところ、沿岸にて作業場所に移動中の被災者をフォークリフト左前輪で轢いたもの。","5","貨物取扱業","502","港湾運送業","50202","港湾荷役業","100~299","2","物上げ装置、運搬機械","22","動力運搬機","222","フォークリフト","7","はさまれ、巻き込まれ"
"219","2015","平成","27","2","3~4","社有車で事業場から荷(箱4個)の搬送先に向かっている途中、高速道路下り線の地点(片側2車線の直線道路の左側の車線)で、前方の4t平ボディー車に追突し、脳挫傷により死亡した。","4","運輸交通業","403","道路貨物運送業","40301","一般貨物自動車運送業","10~29","2","物上げ装置、運搬機械","23","乗物","231","乗用車、バス、バイク","17","交通事故（道路）"
"220","2015","平成","27","2","12~13","平成27年2月10日12時25分頃、県道交差点から西へ約10mの地点において、東から西へ向かって走行していた被災者の運転するタクシーがセンターラインを越えて対向車線を走行中の乗用車に正面衝突し、被災者が胸部を強打する等して死亡したもの。","4","運輸交通業","402","道路旅客運送業","40201","ハイヤー・タクシー業","50~99","2","物上げ装置、運搬機械","23","乗物","231","乗用車、バス、バイク","17","交通事故（道路）"
"221","2015","平成","27","4","7~8","平成27年4月9日14時30分に軽四輪車に荷物を積込み事業場を出発。4月10日の4時頃に現場に到着し荷卸しを行い帰る途中、道路を走行中に被災者がセンターラインをオーバーし大型トラックに正面衝突したもの。","4","運輸交通業","403","道路貨物運送業","40303","貨物軽自動車運送業","1~9","2","物上げ装置、運搬機械","23","乗物","231","乗用車、バス、バイク","17","交通事故（道路）"
"222","2015","平成","27","10","15~16","庫裡建築工事において、梁の上で被災者と同僚の2名で、他の梁を取り付け、その後、クレーンの運転手が梁を吊っていたクランプを上げたところ、クランプの一つが取り外されていなかったため、梁が持ち上がった。持ち上がった梁に足を掛けていた被災者はバランスを崩し、高さ3.86m下のコンクリート面に墜落した。その後、病院に搬送されたが、脳挫傷等により同日午後11時49分に死亡した。","3","建設業","302","建築工事業","30202","木造家屋建築工事業","1~9","4","仮設物、建築物、構築物等","41","仮設物、建築物、構築物等","415","屋根、はり、もや、けた、合掌","1","墜落、転落"
"223","2015","平成","27","10","14~15","木造2階建て住宅屋根修理工事において、被災者がはしごに乗ったまま南側1階屋根の古いしっくい除去作業を終えた後、一旦地面に下り、しっくいの入ったバケツを持ってはしごを昇り屋根上に上がって移動していたところ、足を滑らせ2.95m下の砂利敷きの地面に墜落した。","3","建設業","302","建築工事業","30202","木造家屋建築工事業","1~9","4","仮設物、建築物、構築物等","41","仮設物、建築物、構築物等","415","屋根、はり、もや、けた、合掌","1","墜落、転落"
"224","2015","平成","27","1","13~14","被災者は、年賀状を配達し13時頃に郵便局へ戻る予定であったが、帰って来なかった為、同僚が捜索したところ、配達ルートの市道脇の川(幅、深さとも約2m、水深約1センチメートル)にバイクごと転落し死亡しているのを、16時頃に発見されたもの。被災者のバイクには6軒分の年賀状が残っていたことから、13時頃に被災したものと推測される。","11","通信業","1101","通信業","110101","通信業","500~999","2","物上げ装置、運搬機械","23","乗物","231","乗用車、バス、バイク","17","交通事故（道路）"
"225","2015","平成","27","2","7~8","高速自動車道下り線、パーキングエリア入口付近において、車がスリップし右側法面に乗り上げ横転したもの。","3","建設業","302","建築工事業","30201","鉄骨・鉄筋コンクリート造家屋建築工事業","10~29","2","物上げ装置、運搬機械","23","乗物","231","乗用車、バス、バイク","17","交通事故（道路）"
"226","2015","平成","27","10","15~16","平成27年10月2日、15時10分頃、自社工場内において産業用ロボットを使ってセメント袋を所定場所に積み重ねる作業を監視していた被災者が、破れたセメント袋がコンベアから送られてきたため、それを取り除こうとして稼働中の当該ロボットアームに首を挟まれ、搬送先の病院で死亡したもの。","4","運輸交通業","403","道路貨物運送業","40301","一般貨物自動車運送業","10~29","1","動力機械","16","一般動力機械","167","産業用ロボット","7","はさまれ、巻き込まれ"
"227","2015","平成","27","11","14~15","商品(旋盤)搬送のため、高速道路をトラックで走行中、事故渋滞により停車中の前方車両に追突し、被災者は、全身打撲を負って、当日死亡したもの。なお、当該前方の車両(トラック)は、追突された勢いで、さらに前方の車両(一般乗用車)に追突した。本件事故により、前方のトラックの運転手1名も軽傷を負った。","4","運輸交通業","403","道路貨物運送業","40301","一般貨物自動車運送業","1~9","2","物上げ装置、運搬機械","22","動力運搬機","221","トラック","17","交通事故（道路）"
"228","2015","平成","27","3","23~24","自動車部品鋳造ラインにおいて、反転機(鋳型を反転させて鋳物を取り出す機械)に異常が生じたことから、被災者は状況確認等のため、所定の出入口(安全プラグによるロック)を開けずに、鋳型搬出口からブース内に立ち入り、ブース外で反転機を手動操作する作業員に声で指示をしながら、調整作業を行っていたところ、反転機の可動部とブース構造物に挟まれた。","1","製造業","115","輸送用機械等製造業","11502","自動車・同付属品製造業","300~499","1","動力機械","16","一般動力機械","169","その他の一般動力機械","7","はさまれ、巻き込まれ"
"229","2015","平成","27","4","16~17","幼稚園建替え工事において、防音パネルの設置を行う作業に従事していた被災者が、1F屋根上で防音パネルの受け渡しをしていたところ、足を滑らせ、屋根妻側端部より墜落、頭がい骨骨折及び第7胸骨骨折により病院に運ばれるが、4月21日午前11時に死亡が確認された。","3","建設業","302","建築工事業","30209","その他の建築工事業","1~9","4","仮設物、建築物、構築物等","41","仮設物、建築物、構築物等","415","屋根、はり、もや、けた、合掌","1","墜落、転落"
"230","2015","平成","27","6","10~11","寺社納骨堂外壁改修塗装工事において、被災者が外部足場2層目作業床上(高さ2.73メートル)にて、養生シートをかがんだ姿勢で片づけていたところ、中さん等の設置のない作業床と高さ94センチメートルの手すりの間から後ろ向きに2.73メートル下のコンクリート床に墜落した。","3","建設業","302","建築工事業","30209","その他の建築工事業","1~9","4","仮設物、建築物、構築物等","41","仮設物、建築物、構築物等","411","足場","1","墜落、転落"
"231","2015","平成","27","7","10~11","高速道路建設工事に付随して、道路脇の倒れるおそれのある立木を伐倒する作業をしていたところ、伐倒した立木が他の枯損木に当たり、当たられた枯損木が倒れ、被災者に激突した。被災者は、伐倒予定の立木を倒す方向を誘導するため、伐倒予定の立木が倒れてこない箇所に待避してチルホールを操作していた。","3","建設業","301","土木工事業","30199","その他の土木工事業","10~29","7","環境等","71","環境等","712","立木等","6","激突され"
"232","2015","平成","27","5","8~9","会社事務所兼工場建屋のスレート屋根の屋根材取替作業の準備作業のため上を移動中、明かり取りのためにふかれたFRP製の屋根材(厚さ約1ミリメートル)を踏み抜き、墜落(高さ6.6m)した。(5月23日病院で死亡)","3","建設業","302","建築工事業","30203","建築設備工事業","1~9","4","仮設物、建築物、構築物等","41","仮設物、建築物、構築物等","415","屋根、はり、もや、けた、合掌","1","墜落、転落"
"233","2015","平成","27","12","9~10","リフトを用いて原料を2階へ搬送する際、搬器と昇降路との間に原料袋が挟まったため、被災者は搬器を一旦非常停止させたものであるが、その後搬器を下降させたまま搬器内に上体を入れ、原料袋を取り外そうとしていたところ、搬器と柵との間に頚部を挟まれたもの。","1","製造業","101","食料品製造業","10109","その他の食料品製造業","300~499","2","物上げ装置、運搬機械","21","動力クレーン等","214","エレベータ、リフト","7","はさまれ、巻き込まれ"
"234","2015","平成","27","10","10~11","コンテナトレーラーと合板材を搬出するための作業台に挟まれた災害コンテナトレーラーを後退させ作業台へ接続する作業を行う際被災者がトレーラーに挟まれたものと思われる。","5","貨物取扱業","501","陸上貨物取扱業","50101","陸上貨物取扱業","10~29","2","物上げ装置、運搬機械","22","動力運搬機","221","トラック","7","はさまれ、巻き込まれ"
"235","2015","平成","27","8","10~11","取引先等も招待した会社主催のバーベキュー大会の設営中、ちょうちんを掛けるため会場である会社敷地内に設置されていたポールにはしごを立てかけて作業を行っていたところ、ポールが折れ、高さ約4メートルの位置から墜落し、頭を打って死亡したもの。","8","商業","804","その他の商業","80401","倉庫業","10~29","3","その他の装置等","37","用具","371","はしご等","1","墜落、転落"
"236","2015","平成","27","9","0~1","国有林の伐採現場において被災者らが午前8時から前日の伐倒作業を行うため、現場到着後、被災者は一人で作業箇所に向かう途中、斜面で足を滑らせ、胸部が立木に激突したため、被災したもの。林道から斜面を下った箇所で倒れているところを同僚に発見された。","6","農林業","602","林業","60201","木材伐出業","10~29","7","環境等","71","環境等","711","地山、岩石","2","転倒"
"237","2015","平成","27","4","9~10","木造2階建て一般家屋の屋根塗装中に発生した災害。被災者が、ローラーを用いて塗装作業を行っていた時に、高さ6.2メートルの屋根から滑り落ち、2階ベランダ手すりに当たった後に、地面に墜落したもの。療養していたが、平成27年11月22日に死亡した。","3","建設業","302","建築工事業","30202","木造家屋建築工事業","1~9","4","仮設物、建築物、構築物等","41","仮設物、建築物、構築物等","415","屋根、はり、もや、けた、合掌","1","墜落、転落"
"238","2015","平成","27","2","0~1","1月30日に仕事中に倒れて病院へ搬送され、過労と寝不足が原因と診断された。2月2日に自宅近くの心療内科へ受診し、「適応障害(抑うつ状態)」と診断された。同日、診断書を持って事業場へ行くと告げて自宅を出た。自宅からの通勤経路から少し外れた山林内において、車の脇で頸部を刺し自殺した。その後、労災保険の請求がされ、平成27年11月17日に業務上と決定された。","8","商業","802","小売業","80209","その他の小売業","10~29","9","その他","92","起因物なし","921","起因物なし","90","その他"
"239","2015","平成","27","4","0~1","発症日前日の午後10時から発症日の午前3時30分まで建設現場事務所において測量業務に従事し、業務終了後に事業場に帰社して仮眠室で就寝中、急性うっ血性心不全を発症し死亡した。なお、被災者は発症前の2か月平均で85時間の時間外労働を行っていた。","17","その他の事業","1702","その他の事業","170209","その他の事業－その他","100~299","9","その他","92","起因物なし","921","起因物なし","90","その他"
"240","2015","平成","27","12","14~15","被災者は、トラクター・ショベルのバケットに水300リットル入りのタンクと噴霧機械が入った金属枠を載せて、これをトラックに積み込むためにバケットを持ち上げたところ、機体が前輪を支点にして前のめりになったため、バケットが機体から外れ、その反動で後輪を支点にして前輪が浮き上がり、さらに前輪を支点にして後輪が浮き上がる動作を繰り返す中、被災者が運転席から投げ出され、機体左前輪の下敷きとなったもの。","15","清掃・と畜業","1501","清掃・と畜業","150102","産業廃棄物処理業","10~29","1","動力機械","14","建設機械等","141","整地・運搬・積込み用機械","6","激突され"
"241","2015","平成","27","9","8~9","被災者が仮置き場で廃棄物の中から段ボールを選別し、これを機械式ごみ収集車の投入口に投入する作業をしていたところ、誤って、機械式ごみ収集車の押込板に巻き込まれた。","15","清掃・と畜業","1501","清掃・と畜業","150102","産業廃棄物処理業","1~9","2","物上げ装置、運搬機械","22","動力運搬機","221","トラック","7","はさまれ、巻き込まれ"
"242","2015","平成","27","5","8~9","資材置場である倉庫において、修理を終えた建設現場で使用する機械を、運送業者のトラックから荷卸しするために、フォークリフトを運転していた被災者(無資格)が、下り坂のスロープ(傾斜は3~6度)で、フォークリフトのエンジンを停止後、下車してトラックに近づいたところ、スロープを逸走してきた無人のフォークリフトとトラックとの間にはさまれて死亡したもの。","3","建設業","301","土木工事業","30105","橋梁建設工事業","10~29","2","物上げ装置、運搬機械","22","動力運搬機","222","フォークリフト","7","はさまれ、巻き込まれ"
"243","2015","平成","27","8","21~22","被災者は、米油とノルマルヘキサンの混合液に含まれる結晶化した固体脂・ワックス分をろ過するろ過機内のろ材の補修をしていたところ、ろ過機上部に設けられている点検口より頭、肩及び手がろ過器内部に突っ込んだ状態で発見された。","1","製造業","101","食料品製造業","10109","その他の食料品製造業","100~299","5","物質、材料","51","危険物、有害物等","514","有害物","12","有害物等との接触"
"244","2015","平成","27","7","14~15","ダンプにより搬入した外構工事用の約6tのアスファルト合材を荷下ろしする作業において、ダンプの荷台の最後尾にある「チャンバー」と呼ばれる機械ロックを施すため、被災者が荷台を約20度まで上昇させ同僚がタイヤショベルを運転して後部のあおりをバケットで押さえた後、運転席内にある「チャンバー」のスイッチを入れようとした際、荷台が不意に下降し、何らかの目的で荷の下に入った被災者が荷台と車体の間に挟まれたもの。","3","建設業","302","建築工事業","30202","木造家屋建築工事業","1~9","2","物上げ装置、運搬機械","22","動力運搬機","221","トラック","7","はさまれ、巻き込まれ"
"245","2015","平成","27","7","12~13","被災者は、会社が警備業務を受託したパチンコ店において、店舗に付設してある立体駐車場で巡回警備を行っていた。平成27年7月19日、午後0時から巡回警備を開始。巡回中、立体駐車場4階の非常窓から約15メートル下の立体駐車場出入口スロープまで墜落し、死亡したもの。","17","その他の事業","1702","その他の事業","170201","警備業","10~29","4","仮設物、建築物、構築物等","41","仮設物、建築物、構築物等","418","建築物、構築物","1","墜落、転落"
"246","2015","平成","27","11","14~15","木造2階建て建物の解体工事現場において、建物の周囲に仮設した単管の骨組みへの養生(飛散防止用)シートの取り付け作業中、2階の屋根上(高さ6.01m)で当該作業を監督していた労働者が、単管の骨組みから外側に約1m40センチメートル離れた道路上に墜落したもの。被災者の災害発生時の状況は不明であるが、災害発生10分前に、被災者が単管の骨組み上部にいたところが目撃されている。","3","建設業","302","建築工事業","30202","木造家屋建築工事業","1~9","4","仮設物、建築物、構築物等","41","仮設物、建築物、構築物等","419","その他の仮設物、建築物、構築物等","1","墜落、転落"
"247","2015","平成","27","10","18~19","現場作業を終えた後、会社倉庫に戻る予定で当該現場作業で待機していた被災者は、同じく隣地駐車場で待機していた同僚に缶コーヒーを奢って立ち去った数分後、当該隣地駐車場入り口付近で頭部から血を流して倒れていたもの。死因は外傷性脳内血腫、硬膜下血腫。入院後、平成27年10月21日に死亡なお、本件は遺族からの労災請求があり、平成28年3月14日付に認定されたもの。","3","建設業","302","建築工事業","30201","鉄骨・鉄筋コンクリート造家屋建築工事業","1~9","9","その他","92","起因物なし","921","起因物なし","2","転倒"
"248","2015","平成","27","6","11~12","回転炉の移設工事において、排気ダクトの解体作業を行っていた際、ダクトを移動式クレーン(つり上げ荷重50トン)で玉掛けし、保持した状態で、移動はしごに労働者Aが上り、ガス溶断により、壁面からダクトを固定していたステーの切り離しを行ったところ、ダクト中間部辺りの接合面(フランジ)のボルトが破断し、ダクトが中折れ、落下し、労働者A、Bに激突した。(A:重傷、B:脳挫傷により約31時間後に死亡)","3","建設業","303","その他の建設業","30302","機械器具設置工事業","1~9","2","物上げ装置、運搬機械","21","動力クレーン等","212","移動式クレーン","4","飛来、落下"
"249","2015","平成","27","10","8~9","被災者は、建設会社の資材置場(常駐労働者2名)において、わく組足場2層分(垂直方向340センチメートル、水平方向90センチメートル)を組んで、資材置場入口にあるパネルゲート上部のレール部分(地上高438センチメートル)の修理作業を行っていたところ、足場が倒壊して被災者は足場上から墜落したものと推定される。被災者の単独作業であったため災害発生状況の目撃者はおらず、通行人が倒壊した足場と足場の脇に倒れていた被災者を発見した。","3","建設業","303","その他の建設業","30309","その他の建設業－その他","30~49","4","仮設物、建築物、構築物等","41","仮設物、建築物、構築物等","411","足場","1","墜落、転落"
"250","2015","平成","27","6","10~11","事故発生日の午前8時30分頃、被災者が自宅を出て現場(通信関係の工事現場)に向かう。午前11時前に現場での業務を終え、報告のためにミニバイクで会社に戻る途中、一灯式の信号がある交差点で出合い頭に軽乗用車と衝突し、10mほど飛ばされた。左胸部圧迫骨折により即死。衝突した際の信号の状態は、被災者側が赤色の点滅、相手側は黄色の点滅だった。","17","その他の事業","1702","その他の事業","170201","警備業","1~9","2","物上げ装置、運搬機械","23","乗物","231","乗用車、バス、バイク","17","交通事故（道路）"
"251","2015","平成","27","12","0~1","配送先で荷下ろし終了後、トラックの運転席で倒れている所を発見され、死亡が確認された。","4","運輸交通業","403","道路貨物運送業","40301","一般貨物自動車運送業","10~29","9","その他","92","起因物なし","921","起因物なし","90","その他"
"252","2015","平成","27","9","15~16","けやきの大木をつり上げ荷重51.0トンの移動式クレーンでつりながら、伐木作業を行っていた。隣の曲がり木を足場代わりとして、チェーンソーで直径約63センチメートルのけやきに斜面下側から3分の1程度切断した後、引き抜こうとしたがチェーンソーがひっかかり、力を入れたところ急に抜けたためバランスを崩し、斜度65度、斜距離4.5mの石積の斜面の途中に墜落し、斜度68度、斜距離2.6mの石積から道路へ墜落した。","6","農林業","602","林業","60201","木材伐出業","1~9","7","環境等","71","環境等","712","立木等","1","墜落、転落"
"253","2015","平成","27","5","1~2","業務による心理的負荷が原因で精神障害を発症し自殺したもの。平成28年2月25日業務上認定。","1","製造業","108","化学工業","10801","無機・有機化学工業製品製造業","1000~9999","9","その他","92","起因物なし","921","起因物なし","90","その他"
"254","2015","平成","27","6","10~11","河川の護岸の石積みの裏込め作業中、ドラグショベルのバケットにコンクリートを入れ、石積み箇所の近くにバケットを移動させ、被災者が手工具でコンクリートを石積みの裏側に詰めていたところ、ドラグショベルの運転手が作業場所を確認するために立ち上がり、そのまま座った際にズボンのポケットが操作レバーに引っかかったため、バケットが動いて被災者がバケットと地山の間に挟まれたもの。","3","建設業","301","土木工事業","30107","河川土木工事業","1~9","1","動力機械","14","建設機械等","142","掘削用機械","7","はさまれ、巻き込まれ"
"255","2015","平成","27","2","2~3","新聞配達のために原付バイク(排気量50cc)で店舗から路上へ出たところ、右方向より走行してきたオートバイ(排気量250cc)と出会い頭に衝突した。","8","商業","802","小売業","80205","新聞販売業","10~29","2","物上げ装置、運搬機械","23","乗物","231","乗用車、バス、バイク","17","交通事故（道路）"
"256","2015","平成","27","7","17~18","おしぼりの洗濯作業を行った被災者の所在が分からなくなってしまい、同僚が探していたところ、半地下にある厨房横のドアから地上の洗濯場に続く階段で頭を下、足を上の仰向けの状態で倒れていた被災者を発見した。被災時は呼吸していたが意識はなく、病院で手当てを受けたが、翌日死亡した。","14","接客娯楽業","1401","旅館業","140101","旅館業","10~29","4","仮設物、建築物、構築物等","41","仮設物、建築物、構築物等","413","階段、桟橋","1","墜落、転落"
"257","2015","平成","27","5","8~9","被災者は、海外に輸出するための自動車部品を物色するために取引先の自動車解体業者の解体ヤードを訪れたものであるが、8時35分頃、廃車として置かれていたフォークリフトのマストと、その横にあったもう1台の廃車フォークリフトのヘッドガードの間に挟まれているのを後から来た会社代表者が発見したものである。目撃者なし。","8","商業","801","卸売業","80109","その他の卸売業","1~9","5","物質、材料","52","材料","521","金属材料","7","はさまれ、巻き込まれ"
"258","2015","平成","27","10","0~1","ボイラー用の集じん機の碍管(がいかん)室(鉄製の箱状の構造物、断面が縦約1.3m、横約2.4m、長さ約9.5m)を製作する作業中、労働者2名で、鋼材のゆがみ等を手動のチェーンブロック2個で引張って調整していたところ、鋼材が突然倒れチェーンブロックを操作していた労働者の頭部を直撃した。","1","製造業","113","一般機械器具製造業","11301","機械（精密機械を除く）器具製造業","50~99","5","物質、材料","52","材料","521","金属材料","5","崩壊、倒壊"
"259","2015","平成","27","6","9~10","木造住宅建築工事現場において、足場の上で外壁の施工状況を点検中、少なくとも高さ3M以上の足場上から地上のコンクリート側溝に墜落した。","3","建設業","302","建築工事業","30202","木造家屋建築工事業","1~9","4","仮設物、建築物、構築物等","41","仮設物、建築物、構築物等","411","足場","1","墜落、転落"
"260","2015","平成","27","12","9~10","10階建集合住宅改修工事現場において、不要となった仮設電線を撤去するため屋根上で作業を行っていた被災者が、1階床から屋根上まで約30mの吹き抜けとなっている箇所の1階床に倒れているところを発見された。吹き抜けの屋根上開口部から墜落したものと推定する。","3","建設業","302","建築工事業","30203","建築設備工事業","1~9","4","仮設物、建築物、構築物等","41","仮設物、建築物、構築物等","415","屋根、はり、もや、けた、合掌","1","墜落、転落"
"261","2015","平成","27","1","4~5","被災者は、タクシー運転業務に従事中、後部座席に乗客2名を乗せ、交差点に進入したところ、進行方向右側より走行してきた一般車両に、運転席側面から衝突され、横転したもの。被災者は、シートベルトを着用していた。また、災害発生場所の路面は乾燥状態であった。","4","運輸交通業","402","道路旅客運送業","40201","ハイヤー・タクシー業","100~299","2","物上げ装置、運搬機械","23","乗物","231","乗用車、バス、バイク","17","交通事故（道路）"
"262","2015","平成","27","5","12~13","昼休み時間となり、被災者は工場建屋2階で1人で休憩をしていた。代表者が1階で作業をしていたところ、大きな音がしたため、エレベータに向かったところ、1階に停止していた搬器床上に被災者が仰向けで倒れていた。病院に搬送されたものの、同日18時15分、多発外傷による失血死により死亡した。","1","製造業","117","その他の製造業","11703","クリーニング業","10~29","4","仮設物、建築物、構築物等","41","仮設物、建築物、構築物等","414","開口部","1","墜落、転落"
"263","2015","平成","27","10","10~11","新築木造平屋建ての上棟後、屋根のルーフィング(防水シート)貼りを屋根吹抜け部分5m程を残して終了した。その3日後、未貼部分のルーフィングを貼るため、ルーフィングのロールを持って屋根に上ったところ、未貼付近の雨除けのためブルーシートを張っていた屋根吹抜け部分の開口部(1.77m×1.75m)から約5m下のコンクリート床に墜落し、収容先の病院で死亡したもの。","3","建設業","302","建築工事業","30209","その他の建築工事業","10~29","4","仮設物、建築物、構築物等","41","仮設物、建築物、構築物等","414","開口部","1","墜落、転落"
"264","2015","平成","27","12","13~14","水素冷却方式のタービン発電機の固定子枠(発電機の構成部品)の予備加圧検査(漏れの有無を確かめる検査)の結果、固定子枠の蓋から空気が漏れていることが判明し、蓋のボルトの増締めを行っても漏れが解消しなかったため、被災者ほか1名が昇降機により蓋の近くまで上昇し、パッキング手直しのために他の労働者が蓋を外している途中で蓋が飛んで被災者の顔面に当たり、その反動で高さ約3.3mの昇降機から床面に墜落したもの。","1","製造業","114","電気機械器具製造業","11401","重電機製造業","500~999","3","その他の装置等","39","その他の装置、設備","391","その他の装置、設備","15","破裂"
"265","2015","平成","27","9","10~11","伐採現場(皆伐。天然林広葉樹。)において、被災者が木の下敷きになり倒れているのを、同僚が発見したもの。被災者は単独作業を行っていたため、災害発生時の目撃者はいない。災害発生状況から、被災者がシナの木を伐倒したところ、当該シナの木にかかっていたナラの木(風倒木)も倒れたため、被災者が倒れたナラの木の下敷になったと推定される。","6","農林業","602","林業","60209","その他の林業","1~9","7","環境等","71","環境等","712","立木等","5","崩壊、倒壊"
"266","2015","平成","27","6","8~9","製材工場において、丸太17本(計6.03t)を積んだトラック(最大積載量2t)の荷台から落下した長さ約4mの2本の丸太(計870キログラム)と地面との間に、下半身がはさまれた状態の被災者が発見されたもの。被災者はトラックから丸太の荷下ろし作業を行おうとして、丸太を固定している台付けワイヤーのレバーブロックを緩めたところ、荷台の最上部(高さ2.67m)付近に積んであった丸太2本が落下したものと推定される。","1","製造業","104","木材・木製品製造業","10401","製材業","1~9","5","物質、材料","52","材料","522","木材、竹材","5","崩壊、倒壊"
"267","2015","平成","27","12","8~9","作業開始前の清掃業務に従事していた被災者(アルバイト)が、休憩中に倉庫内の作業台脇で頭から出血し倒れているのが発見されたもの。救急搬送後、搬送先病院にて意識不明のまま外傷性くも膜下出血で死亡(同月17日14時)した。","15","清掃・と畜業","1501","清掃・と畜業","150103","その他の廃棄物処理業","1~9","9","その他","92","起因物なし","921","起因物なし","2","転倒"
"268","2015","平成","27","2","11~12","首都高速線の外壁塗装工事(土木維持補修)において、塗装作業を行っていた2次下請の作業員が火災に巻き込まれ、2名死亡、3名負傷したもの。災害発生時の作業内容は洗浄用ラッカーシンナー(トルエン、メチルエチルケトン、酢酸エチル等含有)による剥離剤の払拭である。","3","建設業","302","建築工事業","30209","その他の建築工事業","1~9","5","物質、材料","51","危険物、有害物等","512","引火性の物","16","火災"
"269","2015","平成","27","7","14~15","被災者が研削盤を用いて、カーボン製品(縦20センチ、横8センチ、厚さ1センチの板状もの)の厚みを薄くするために、研削と石の側面を用いて研削作業を行っていたところ、と石が破裂。と石の破片か製品のいずれかが被災者の胸を直撃した。被災者は、災害発生後から約2時間半後、搬送先の病院で死亡した。","1","製造業","109","窯業土石製品製造業","10909","その他の土石製品製造業","1~9","1","動力機械","15","金属加工用機械","153","研削盤、バフ盤","4","飛来、落下"
"270","2015","平成","27","4","15~16","被災者は、事業場が受注した法面工事の作業所で現場代理人との打ち合わせ後、ライトバンに単独で乗り次の目的地に向け出発、途中で車両を駐車し意識不明となった。車内に嘔吐物がある状態で発見され、病院に搬送された。その後、4月7日、小脳出血、急性閉塞性水頭症により死亡したもの。","3","建設業","301","土木工事業","30108","砂防工事業","50~99","9","その他","92","起因物なし","921","起因物なし","90","その他"
"271","2015","平成","27","10","10~11","既存建物の解体工事において、被災者は、解体中の建物中の建物6階で散水作業の準備を行っていたところ、2m四方の開口部から約19m下の1階床面まで墜落したもの。","3","建設業","303","その他の建設業","30309","その他の建設業－その他","1~9","4","仮設物、建築物、構築物等","41","仮設物、建築物、構築物等","414","開口部","1","墜落、転落"
"272","2015","平成","27","10","22~23","被災者他5名で港のふ頭において、船からカニの荷揚げ作業を終え、現地で解散となった後、被災者は乗って帰るトラックが停車してある方向とは反対側の岸壁の方に歩いて行き、同船と岸壁の間から転落し溺死した。なお、業務上外調査中であったが、平成28年2月5日業務上と決定した。","4","運輸交通業","403","道路貨物運送業","40301","一般貨物自動車運送業","1~9","7","環境等","71","環境等","713","水","10","おぼれ"
"273","2015","平成","27","11","11~12","配達のためトラックを運転中、別の追突事故により追越車線に停車中だった大型トラックに追突し、同日死亡した。","8","商業","801","卸売業","80109","その他の卸売業","10~29","2","物上げ装置、運搬機械","22","動力運搬機","221","トラック","17","交通事故（道路）"
"274","2015","平成","27","1","18~19","被災者は、移動式クレーン等を使用して、本船に鉄スクラップを積込む作業のフォアマン。当日の積込み作業を終え後片付けを行っていた際、被災者は清掃時にでたスクラップを移動式クレーンを使用して船内に積み込もうとしていた事に気付かず、トラック用マーカーを当該移動式クレーンに積み込もうと近づいた際、回転していた上部旋回体のカウンターウェイトとクレーン車体の間に頭部を挟まれ死亡したもの。","5","貨物取扱業","502","港湾運送業","50202","港湾荷役業","1~9","2","物上げ装置、運搬機械","21","動力クレーン等","212","移動式クレーン","7","はさまれ、巻き込まれ"
"275","2015","平成","27","2","9~10","被災者は、ミキサー車を運転し、高速道路下りのJCTの減速車線(本線車道から離脱するための車線)を走行中、急に進路を変更しようと追越車線に出たところ、運転席のキャビンが追越車線を走行していた大型貨物自動車と衝突し、はずみで中央分離帯にぶつかり、そこに後続の普通乗用車と中型貨物自動車が相次いでミキサー車に追突したもの。被災者は車外に放り出され、約1時間後に死亡したもの。","4","運輸交通業","403","道路貨物運送業","40301","一般貨物自動車運送業","1~9","2","物上げ装置、運搬機械","22","動力運搬機","221","トラック","17","交通事故（道路）"
"276","2015","平成","27","11","16~17","歯科医院に勤務する被災者がごみ出しのために歯科医院の駐車場から歩道に出ようとしたところ、走行してきた自転車に駐車場で衝突され、頭部ほかを強打し、搬送先の病院で翌日死亡した。","13","保健・衛生業","1301","医療保健業","130109","その他の医療保健業","1~9","2","物上げ装置、運搬機械","23","乗物","239","その他の乗物","6","激突され"
"277","2015","平成","27","1","13~14","個人住宅の解体工事現場において、2階の屋根の上で瓦おろし作業を行っていたところ、被災者の姿が見えなくなったため、同僚が被災者を探したところ、地面に墜落した被災者を発見した。被災者は、発見時に口と鼻から出血があり、病院に搬送された後、死亡した。被災者はヘルメットを着用していたが、飛来・落下物用兼電気用のものであり、墜落時保護用のものではなかった。墜落時の衝撃により、ヘルメットには割れが生じた。","3","建設業","302","建築工事業","30209","その他の建築工事業","1~9","4","仮設物、建築物、構築物等","41","仮設物、建築物、構築物等","415","屋根、はり、もや、けた、合掌","1","墜落、転落"
"278","2015","平成","27","10","11~12","跨道橋橋台の基礎工事現場において、クレーン機能付きドラグ・ショベルを用いて、現場内に敷設されていた仮設の鉄板を大型ダンプトラックに積み込み作業中、停車していたダンプトラックが突然逸走し始めたため、ダンプトラックの左後方で待機していた被災者が咄嗟に止めようとして、ダンプトラックの前方に回り込んだところ、前輪及び後輪に轢かれ、他臓器損傷による外傷性ショックにより1時間後に死亡した。","3","建設業","301","土木工事業","30199","その他の土木工事業","1~9","2","物上げ装置、運搬機械","22","動力運搬機","221","トラック","7","はさまれ、巻き込まれ"
"279","2015","平成","27","5","16~17","木造2階建て料亭解体工事において車両系建設機械(解体用つかみ機)を使用しての作業中、当該重機の右側方で被災者が解体後の破片等を袋詰めしていたところ、隣地境界のブロック塀が倒壊し、被災者の後方から覆いかぶさって下敷きになったもの。被災者は、病院に搬送後死亡。","3","建設業","302","建築工事業","30209","その他の建築工事業","1~9","4","仮設物、建築物、構築物等","41","仮設物、建築物、構築物等","418","建築物、構築物","5","崩壊、倒壊"
"280","2015","平成","27","2","15~16","鉄筋のガス圧接業者の労働者がダブルキャブトラックの助手席で午後の休憩中に、トラック荷台で「ボン」及び「シュー」という音がしたので、アセチレンボンベのホースが外れたと思い、助手席から降りて荷台へ向かった時に突然爆発した。全身熱傷等で入院加療中の3月18日に、「全身熱傷による多臓器不全」で死亡した。","3","建設業","302","建築工事業","30201","鉄骨・鉄筋コンクリート造家屋建築工事業","10~29","5","物質、材料","51","危険物、有害物等","513","可燃性のガス","14","爆発"
"281","2015","平成","27","5","0~1","土砂運搬船のバラストタンク内で油圧配管の取り外し作業を行っていた。配管は、フランジ間の約3mを交換する予定であり、フランジボルトをガス溶断しているときに、突然火災が発生し、バラストタンク内で作業していた2名が被災した。ガス溶接装置のホースは、甲板から約1m垂れ下がった位置で切れていた。","1","製造業","115","輸送用機械等製造業","11501","造船業","50~99","3","その他の装置等","33","溶接装置","331","ガス溶接装置","16","火災"
"282","2015","平成","27","4","11~12","食品工場の放冷室内において、冷却設備の取り替え工事のため、アセチレンガス溶接による銅配管の接続(ロウ付け)作業が行われていたとき、工場が火災となったもの。この火災により同作業に従事していた4名(1次下請け労働者2名、2次下請け代表者及び労働者1名)が死亡した。当時、工場は休みであり、工事全体のうち工場内では死亡の4名だけが作業を行っていたもの。","3","建設業","303","その他の建設業","30302","機械器具設置工事業","10~29","3","その他の装置等","33","溶接装置","331","ガス溶接装置","16","火災"
"283","2015","平成","27","4","11~12","6階建てのビル解体工事現場において、解体ガラを搬出するための開口部を設けようと、既設のエレベーターの撤去を行っていた。被災者が1階部分に停止している状態の搬器上で巻上げ用ワイヤーロープ端部の取付け金具(ロッド:6本)をガス溶断した際、搬器が数十センチ落下したことによりバランスを崩し、カウンターウェイト側に墜落。落下してきたカウンターウェイトの下敷きになり死亡したもの。","3","建設業","302","建築工事業","30209","その他の建築工事業","1~9","2","物上げ装置、運搬機械","21","動力クレーン等","214","エレベータ、リフト","4","飛来、落下"
"284","2015","平成","27","11","13~14","キャリアカーのエンジンの整備を行うためにデッキ(荷台)の一部を動かしていたが、エンジンの整備が終了し前側上段デッキを元に戻す必要があった。被災者が前側上段デッキの落下防止用に挿した後方ロック部の安全ピンを抜かずに水平に戻す作業を行ったため、前側上段デッキが水平にならず、後方ロック部を被災者が外したことから前側上段デッキの後方部が跳ね上がり、後側上段デッキとの間に被災者の頭部が挟まれた。","1","製造業","117","その他の製造業","11701","自動車整備業","30~49","2","物上げ装置、運搬機械","22","動力運搬機","221","トラック","7","はさまれ、巻き込まれ"
"285","2015","平成","27","3","16~17","出張先の作業場において、火災感知器の交換作業を梯子を使用して行っていた際、梯子から墜落したもの。病院へ搬送されたが、翌日に死亡が確認されたもの。","17","その他の事業","1702","その他の事業","170201","警備業","300~499","3","その他の装置等","37","用具","371","はしご等","1","墜落、転落"
"286","2015","平成","27","2","7~8","護岸改修工事において、クレーンオペレーターが、護岸から約10m離れた位置に係留していたクレーン船に移動しようとしてクレーン船と岸壁間の間にあった浮桟橋の上に移動したところ、何らかの原因で浮桟橋の上から川に転落したと推測される。","3","建設業","301","土木工事業","30107","河川土木工事業","1~9","4","仮設物、建築物、構築物等","41","仮設物、建築物、構築物等","413","階段、桟橋","10","おぼれ"
"287","2015","平成","27","6","11~12","PC橋桁架設のためのエレクションガーダー(長さ82m、1本65トン×2本)の高さを調整するため、油圧ジャッキでガーダーを持ち上げていたところ、ガーダーが傾き、ガーダー下に敷設されていた鉄骨ブロック等がはね飛ばされ、その反動で労働者2名がPC桁の上に組まれた鉄骨ステージ上から約20m墜落し、1名が死亡もう1名が被災した。また同ステージ上で、飛来等した鉄骨ブロック等により2名が被災した。","3","建設業","301","土木工事業","30105","橋梁建設工事業","30~49","4","仮設物、建築物、構築物等","41","仮設物、建築物、構築物等","418","建築物、構築物","1","墜落、転落"
"288","2015","平成","27","2","16~17","建物の2階床面の墨出し作業を行っていたところ、同床面の開口部(750ミリメートル×750ミリメートル)より1階の床面へ約3.25m墜落し、脳挫傷等により翌日死亡した。","3","建設業","302","建築工事業","30201","鉄骨・鉄筋コンクリート造家屋建築工事業","1~9","4","仮設物、建築物、構築物等","41","仮設物、建築物、構築物等","414","開口部","1","墜落、転落"
"289","2015","平成","27","7","21~22","調理場にて、客へ提供する食材を試食したところ肉片が喉に詰まり、呼吸困難に陥って救急搬送。搬送時点から低酸素脳症が認められ、発生から約2ヶ月経過した頃に多臓器不全に陥り、平成27年9月23日に死亡したもの。","14","接客娯楽業","1402","飲食店","140209","その他の飲食店","1~9","9","その他","99","分類不能","999","分類不能","99","分類不能"
"290","2015","平成","27","5","10~11","被災者らは、造園工事において、土地造成に伴う石積み作業を行っていた。被災者は、積載型トラッククレーンを用いて、鉄板(重さ約120キログラム)2枚を当該トラッククレーンの荷台に積み、アウトリガーを格納していたところ、当該トラッククレーンが後退し、隣接して駐車していたブル・ドーザーの排土板と当該トラッククレーンの間にはさまれた。","3","建設業","301","土木工事業","30109","土地整理土木工事業","1~9","2","物上げ装置、運搬機械","21","動力クレーン等","212","移動式クレーン","6","激突され"
"291","2015","平成","27","8","16~17","事業場の資材置場にてトラックの荷台に資材を積荷する作業中に転落した。病院へ救急搬送後、死亡が確認された。","3","建設業","302","建築工事業","30201","鉄骨・鉄筋コンクリート造家屋建築工事業","10~29","2","物上げ装置、運搬機械","22","動力運搬機","221","トラック","1","墜落、転落"
"292","2015","平成","27","2","10~11","被災者は警備員で、バイクで工事(個人宅への光ケーブル引き込み工事)現場に向かう際、市道の緩やかな右カーブで転倒し、心臓破裂により死亡したもの。なお、被災者は、工事現場に向かう途中であった。","17","その他の事業","1702","その他の事業","170201","警備業","1~9","2","物上げ装置、運搬機械","23","乗物","231","乗用車、バス、バイク","17","交通事故（道路）"
"293","2015","平成","27","11","15~16","ビル管理人として勤務する被災者は、巡回点検のためエレベーターで6階に行き、外階段で屋上の電気点検を終えた後、外階段の各階点検途中、屋上から6階の間で階段を踏み外し転倒し、後頭部を壁に強打した。病院に搬送され、治療等が行われたが、8日後死亡したもの。","15","清掃・と畜業","1501","清掃・と畜業","150101","ビルメンテナンス業","500~999","4","仮設物、建築物、構築物等","41","仮設物、建築物、構築物等","413","階段、桟橋","1","墜落、転落"
"294","2015","平成","27","1","3~4","自宅の敷地内に駐車した乗用車の車内で練炭を使用して自殺したもの。","13","保健・衛生業","1302","社会福祉施設","130201","社会福祉施設","100~299","9","その他","92","起因物なし","921","起因物なし","90","その他"
"295","2015","平成","27","8","8~9","出張後、同僚労働者が乗用車(軽自動車)を運転し、居住地方面へ帰る途中、中高速道路上り線の追い越し車線を走行中、前方の車両より落下物があり、それを避けようと走行車線方向へ左に急ハンドルを切ったところ、当該乗用車が横転し、助手席に同乗していた被災者が脳挫傷により死亡したもの。","12","教育・研究業","1201","教育・研究業","120109","その他の教育研究業","1~9","2","物上げ装置、運搬機械","23","乗物","231","乗用車、バス、バイク","17","交通事故（道路）"
"296","2015","平成","27","7","13~14","被災者は朝から一人で事業場所有の柚子畑およびその周辺の草刈り作業を行っていたが、終業時刻になっても事業場に戻ってこないため捜索したところ、柚子畑近くの谷川で死亡しているのが発見された。","6","農林業","601","農業","60101","農業","1~9","4","仮設物、建築物、構築物等","41","仮設物、建築物、構築物等","419","その他の仮設物、建築物、構築物等","1","墜落、転落"
"297","2015","平成","27","3","0~1","被災者は長距離運転のトラックドライバーとして従事していたが、平成27年3月24日午後9時半頃勤務を終えて帰宅。翌25日朝、被災者が起床してこないため、家族が寝室を確認したところ、既に体が冷たくなった状態で発見され、搬送先の病院で死亡が確認された。診断名「特定不明の心臓死」。","4","運輸交通業","403","道路貨物運送業","40301","一般貨物自動車運送業","30~49","9","その他","92","起因物なし","921","起因物なし","90","その他"
"298","2015","平成","27","4","21~22","県道脇の水路で、U字溝の縁に顔面をぶつけ、バイクの下敷きになっている被災者を捜していた同僚が発見した。被災者は、配達の業務中であった。被災時は雨が降ったり止んだりの天候であった。災害が発生した県道は緩やかなカーブとなっており、街灯やガードレールは設けられていなかった。道路から水路の底までは高さ約2メートルであった。","11","通信業","1101","通信業","110101","通信業","50~99","2","物上げ装置、運搬機械","23","乗物","231","乗用車、バス、バイク","17","交通事故（道路）"
"299","2015","平成","27","10","10~11","荷積先の労働者が、フォークリフトを使用し積み荷(古紙、高さ97センチメートル、幅200センチメートル、奥行70センチメートルの立方体、重量約400キログラム)を2段重ねにしてトレーラー(ウイング車)に積み込む作業中、積み荷を荷台上に降ろす際に荷が倒れ、荷台上にいたトレーラーの運転手が、倒れてきた荷と荷台の壁との間に胸部を挟まれた。病院にて入院治療中であったが、被災より2日後の10月24日に死亡したもの。","4","運輸交通業","403","道路貨物運送業","40301","一般貨物自動車運送業","10~29","2","物上げ装置、運搬機械","22","動力運搬機","222","フォークリフト","5","崩壊、倒壊"
"300","2015","平成","27","10","12~13","被災者は、市内の得意先で13時から開催される会議に出席するため、会社の事務所を出て社有車がある駐車場へ向かって徒歩で移動していた。信号機のある交差点において、青信号で横断歩道を渡っていたところ、青信号で右折してきた乗用車にはねられ、道路に頭部を強打した。","8","商業","802","小売業","80209","その他の小売業","10~29","2","物上げ装置、運搬機械","23","乗物","231","乗用車、バス、バイク","17","交通事故（道路）"
"301","2015","平成","27","10","4~5","配送を終えてターミナルに戻り、トラック後方の観音扉を開けて空のコンテナを置き場に戻した。観音扉を閉めるためトラックを移動させて停車したが、トラックが動き出し、近くに停車していたトレーラーの連結部分にぶつかった。そのときトラックのドアが閉まり、降車しようとしていたあるいは乗り込もうとしていた被災者が、トラックのドアと運転席の間にはさまれ胸部圧迫で死亡した。1人乗務で発生状況を現認した者はいない。","4","運輸交通業","403","道路貨物運送業","40301","一般貨物自動車運送業","30~49","2","物上げ装置、運搬機械","22","動力運搬機","221","トラック","7","はさまれ、巻き込まれ"
"302","2015","平成","27","7","14~15","法面工のラス張り作業で、岩石にアンカーピンを打ち込むために電気ドリルでせん孔作業を行っている時に、理由は不明であるが、被災者は立木から垂れ下がっている親綱に緊結していた「ロリップ」を外したところ、勾配約45度の斜面を約50m滑落し、下方の雪崩防止柵の養生用鉄板に激突した。","3","建設業","301","土木工事業","30108","砂防工事業","50~99","7","環境等","71","環境等","711","地山、岩石","1","墜落、転落"
"303","2015","平成","27","5","5~6","被災者は第二種原動機付自転車(以下、「バイク」という。)を運転して新聞配達中、三叉路交差点(信号機、一時停止線無し)において相手方が運転する軽トラックと出合い頭に衝突したもの。(医療機関において同日6時34分死亡確認。直接原因は外傷性ショック死。被災者は2販売店に所属し、各販売店の新聞を並行して配達していたもの。労災保険の給付は被災時に別記1事業場分を配達するところであり1事業場の番号を使用。)","8","商業","802","小売業","80205","新聞販売業","1~9","2","物上げ装置、運搬機械","23","乗物","231","乗用車、バス、バイク","17","交通事故（道路）"
"304","2015","平成","27","9","13~14","胸高直径約40センチメートル×26センチメートルの杉の木の伐倒作業を2名で行っていた。被災者はグラップルの運転者である。被災者はグラップルに設置されていたウインチで伐倒木が谷側の道路に倒れないように山側に引っ張る作業をしていた。被災者がウインチでの巻き取りを行っていたところ、伐倒木が被災者の方に倒れ、被災者の頭部に直撃し、死亡した。","6","農林業","602","林業","60201","木材伐出業","1~9","7","環境等","71","環境等","712","立木等","6","激突され"
"305","2015","平成","27","12","12~13","既設めっきライン補修のための塗装工事において、被災者が、薬液槽の上に単管足場を架設する作業を行っていたところ、当該単管足場の作業床先端から、硫酸及びクロム酸等を保有する薬液槽へと墜落し、薬液に身体を浸して全身の65%に3度の化学熱傷を負ったもの。被災者は、翌日、搬送先の病院にてクロム中毒による多臓器不全にて死亡した。","3","建設業","302","建築工事業","30209","その他の建築工事業","1~9","5","物質、材料","51","危険物、有害物等","514","有害物","12","有害物等との接触"
"306","2015","平成","27","8","1~2","被災者が運転するトラックが大型トレーラに追突し、腰を強打し死亡したもの。同乗していた者も両足の骨を折る重傷を負っている。","4","運輸交通業","403","道路貨物運送業","40301","一般貨物自動車運送業","10~29","2","物上げ装置、運搬機械","22","動力運搬機","221","トラック","17","交通事故（道路）"
"307","2015","平成","27","3","12~13","木造平屋農機具倉庫解体作業で、東側、西側、南側の壁を解体後に残っていた北側の土壁(高さ約5m、幅約6m)が南側に向かって倒壊した。1階で足場部材の撤去を行っていた作業員と代表が倒壊した土壁の下敷きになった。周辺で分別作業を行っていた2人の作業員が、土壁を撤去して作業員を救出した。代表は自力で脱出し、救急要請した。作業員は意識不明であったが、搬送先の病院で死亡した。","3","建設業","302","建築工事業","30209","その他の建築工事業","1~9","4","仮設物、建築物、構築物等","41","仮設物、建築物、構築物等","418","建築物、構築物","5","崩壊、倒壊"
"308","2015","平成","27","8","11~12","被災者は自動二輪車(排気量110cc)で郵便配達中、国道から工場に入る私有の専用道路(幅員6.4m)上に張られた進入禁止用の鎖に衝突し、その反動で鎖が跳ね上がり、鎖が被災者の頸部に当たって気管断裂により死亡した。災害当日、郵便配達先の工場は定休日であった。","11","通信業","1101","通信業","110101","通信業","100~299","2","物上げ装置、運搬機械","23","乗物","231","乗用車、バス、バイク","3","激突"
"309","2015","平成","27","1","12~13","最大荷重2.1tのフォークリフトを、所定の場所に戻すために走行し旋回させた時に、フォークリフトが転倒し、運転していた被災者が運転席から投げ出され、フォークリフトと地面の間に挟まれたもの。なお、フォークの高さは地面から約1.5m程度の位置まで上昇させた状態で走行していたものと思われる。","1","製造業","106","パルプ・紙・紙加工品製造業","10602","紙加工品製造業","50~99","2","物上げ装置、運搬機械","22","動力運搬機","222","フォークリフト","2","転倒"
"310","2015","平成","27","5","8~9","民家駐車場の屋根改修作業(塩ビの屋根材を張り替える等)にて、作業手順等を決定するため屋根梁上にしゃがんでいた被災者が、バランスを崩してしりもちをつき、手で屋根材を破損し、3.1m下のコンクリート上に墜落したもの。治療を受けていたが5月27日早朝に肺炎を直接原因として死亡した。保護帽は着用していた模様。","3","建設業","302","建築工事業","30209","その他の建築工事業","1~9","4","仮設物、建築物、構築物等","41","仮設物、建築物、構築物等","415","屋根、はり、もや、けた、合掌","1","墜落、転落"
"311","2015","平成","27","2","6~7","レールを切断する鋸断機のカバーを開けて鋸断機とカバーの間に立っていたところ、鋸断機横の台車(自動運転)が動き出してカバーを押し、鋸断機とカバーの間に全身をはさまれた状態で発見されたもの。","1","製造業","112","金属製品製造業","11209","その他の金属製品製造業","300~499","1","動力機械","15","金属加工用機械","159","その他の金属加工用機械","7","はさまれ、巻き込まれ"
"312","2015","平成","27","2","2~3","電話線工事における片側交互通行交通誘導作業時に、北方向から南方向に走行していた2トントラックが交通規制中の作業エリアに侵入し、交通誘導中の被災者が2トントラックと駐車中の作業車との間に挟まれ、搬送先の病院で死亡した。","17","その他の事業","1702","その他の事業","170201","警備業","30~49","2","物上げ装置、運搬機械","22","動力運搬機","221","トラック","17","交通事故（道路）"
"313","2015","平成","27","10","11~12","当該社会福祉施設の年間行事である運動会(施設利用者と従業員が参加して行うもので、従業員は職務として参加していた)において、競技種目の一つである「バック走(後ろ向きで走るもの)」リレーに職務として参加していた被災者は、後ろ向きで走り出したところ、間もなくして足がもつれ後ろ向きに転倒し、後頭部を床(コンクリートに木製の板を敷いたもの)に強打して、脳挫傷等のため3日後に死亡したもの。","13","保健・衛生業","1302","社会福祉施設","130201","社会福祉施設","100~299","9","その他","92","起因物なし","921","起因物なし","2","転倒"
"314","2015","平成","27","4","11~12","原動機付自転車を運転し、訪問介護利用者宅から事業場へ向かい走行中、交差点付近で右側を走行していたトラックと接触、転倒したところ同車両の後輪に輪禍され、頭蓋骨骨折及び頭蓋内損傷により死亡したもの。","13","保健・衛生業","1302","社会福祉施設","130201","社会福祉施設","10~29","2","物上げ装置、運搬機械","22","動力運搬機","221","トラック","17","交通事故（道路）"
"315","2015","平成","27","5","7~8","飼料庫に設置された混合機を使用して飼料の混合作業に従事していたところ、被災者が混合機内のスクリューに全身を巻き込まれて死亡したもの。被疑者は死亡しており、災害発生時は1人作業であったため、詳細な発生状況は不明。","7","畜産・水産業","701","畜産業","70101","畜産業","10~29","1","動力機械","16","一般動力機械","162","混合機、粉砕機","7","はさまれ、巻き込まれ"
"316","2015","平成","27","8","17~18","被災当日16:30の業務終了の点呼、解散後、車で帰宅途中であるはずの被災者が、路上で倒れているところが発見されたもの。死亡診断書に熱中症の記載あり。","17","その他の事業","1702","その他の事業","170201","警備業","50~99","7","環境等","71","環境等","715","高温・低温環境","11","高温・低温の物との接触"
"317","2015","平成","27","8","13~14","被災者は、道路災害復旧工事現場において、一人で交通誘導等の警備業務に従事していたところ体調が悪くなり、現場の作業員から休むように促されて日陰で休憩していたものの、更に容体が悪くなったため救急車で病院に救急搬送されたが、同日22時22分に死亡(熱中症による死亡)が確認されたもの。","17","その他の事業","1702","その他の事業","170201","警備業","10~29","7","環境等","71","環境等","715","高温・低温環境","11","高温・低温の物との接触"
"318","2015","平成","27","5","8~9","太陽光パネル据付工事。廃棄物入れの金属枠を、フォークリフトを用いて仮置き場へ運搬中に、道路から斜面にフォークリフトごと転落したもの。","3","建設業","303","その他の建設業","30301","電気通信工事業","10~29","2","物上げ装置、運搬機械","22","動力運搬機","222","フォークリフト","1","墜落、転落"
"319","2015","平成","27","2","11~12","高速道路において、3次元位置情報の測量のため、被災者2名が専用車両に乗車し、時速50キロメートル程度で当該自動車道を走行しながら、計測していたところ、後続の大型貨物自動車に追突され、助手席に乗っていた労働者が頭を強く打ち、意識不明の重体で救急搬送され、翌日、死亡した。運転していた同僚も全身を強く打ち負傷。","8","商業","802","小売業","80209","その他の小売業","50~99","2","物上げ装置、運搬機械","22","動力運搬機","221","トラック","17","交通事故（道路）"
"320","2015","平成","27","9","19~20","食品工場構内において、10tトラックを出荷バースに接車後、トラックへ積込作業を行っていたところ、練り製品積載パレットを2枚積み込んだ時に、トラックが前方に動き出したため、トラックを止めようと前方に回り込んだ際に転倒し、トラックの左前輪に轢かれたもの。","4","運輸交通業","403","道路貨物運送業","40301","一般貨物自動車運送業","100~299","2","物上げ装置、運搬機械","22","動力運搬機","221","トラック","7","はさまれ、巻き込まれ"
"321","2015","平成","27","11","15~16","軌道維持保全用の特殊車両バラストレギュレーターの点検・整備作業中、被災者が車両に備え付けられた機械装置の可動範囲に上半身を乗り出して作業をしていたところ、何らかの原因で当該機械装置が上昇し、車両の本体と機械装置の間に頭部を挟まれたもの。","3","建設業","301","土木工事業","30104","鉄道軌道建設工事業","30~49","2","物上げ装置、運搬機械","23","乗物","232","鉄道車両","7","はさまれ、巻き込まれ"
"322","2015","平成","27","11","0~1","事業場で管理している畑境界にある立木の伐採作業を5名で行っていた。チェーンソーで立木(高さ20m、胸高直径50センチメートル)の追口を切っていたところ、当該立木が縦に裂け、伐倒者の左後方で作業を見ていた被災者が倒れてきた木の下敷きになり、死亡した。","7","畜産・水産業","701","畜産業","70101","畜産業","1~9","7","環境等","71","環境等","712","立木等","5","崩壊、倒壊"
"323","2015","平成","27","10","9~10","被災労働者が、当該事業場内で、溶媒仕込みのため、爆発防止のためアルゴン置換された酸素濃度が約10%の反応釜に、有機溶剤(シクロヘキサン)をドラムポンプで投入していたところ、同反応釜の投入口に上半身を入れ、死亡したもの。なお、シクロヘキサン投入前に、反応釜内に他の物質は投入されていなかった。","1","製造業","108","化学工業","10801","無機・有機化学工業製品製造業","10~29","5","物質、材料","51","危険物、有害物等","514","有害物","12","有害物等との接触"
"324","2015","平成","27","1","7~8","仮設材輸送の為、車両積載型トラッククレーン(4t車)で午前5時に出庫し、近くのICから目的地方面に向けて高速道路走行中、途中ICの約2キロメートルの地点から道路左側の路肩およびガードレールに衝突した後、IC出口のガードレールに衝突したもの。","4","運輸交通業","403","道路貨物運送業","40301","一般貨物自動車運送業","50~99","2","物上げ装置、運搬機械","22","動力運搬機","221","トラック","17","交通事故（道路）"
"325","2015","平成","27","5","13~14","被災者は、解体現場において発生した廃棄物を運搬するため、隣接する市に所在する廃棄物処理業者の処分場に向かってトラックを運転していたところ、道路脇の電信柱に激突し、死亡したものである。","3","建設業","302","建築工事業","30209","その他の建築工事業","10~29","2","物上げ装置、運搬機械","22","動力運搬機","221","トラック","17","交通事故（道路）"
"326","2015","平成","27","9","2~3","被災者は、7階建てのビルに隣接する鉄骨造の立体駐車場の解体工事現場において、鉄骨の外周に設置されている壁パネルの撤去作業中、ビルの屋上部から25.4m下方の地上に墜落したもの。災害発生時、被災者は墜落時保護用の保護帽を着用していた。また、安全帯は着用していたものの、使用していなかった。","3","建設業","302","建築工事業","30209","その他の建築工事業","10~29","4","仮設物、建築物、構築物等","41","仮設物、建築物、構築物等","418","建築物、構築物","1","墜落、転落"
"327","2015","平成","27","10","9~10","下水配管の敷設現場において1人が溝内で作業中、側面の土砂が崩壊して埋まったため、地上にいた4名が溝内に入って救助していたところ、2度目の崩壊が発生。救助に入った4名のうち2名は難を逃れたが、1名は土砂とともに崩壊したアスファルト片が腰に当たって負傷し、1名は逃げ遅れて土砂に巻き込まれて死亡した。また、当初埋まった労働者も死亡したもの(死亡2名、負傷2名)。","3","建設業","301","土木工事業","30110","上下水道工事業","1~9","7","環境等","71","環境等","711","地山、岩石","5","崩壊、倒壊"
"328","2015","平成","27","9","15~16","高速道路建設工事に伴う用地調査のため、被災者と部下の2名は、作業場所である山中に入り、各地権者の領域を目視できるようにするためのテープ貼りの作業等を行った。同作業が終了後、山頂上に置いていたリュックサックを回収するため、部下、被災者の順で山の斜面を登っていたが、部下が振り向いたところ被災者の姿がなく、山中を探したところ、中腹で仰向けで倒れていた被災者を発見した。被災者は、頸椎損傷により死亡した。","17","その他の事業","1702","その他の事業","170209","その他の事業－その他","1~9","7","環境等","71","環境等","711","地山、岩石","1","墜落、転落"
"329","2015","平成","27","5","16~17","被災者は単独で、天井クレーン(1t)を操作し、高圧洗浄機を2階床(高さ2.94m)に移動していたところ、フックに吊るために高圧洗浄機のフレームに縛り付けていたベルトの一端がほどけ、高圧洗浄機が落下し、被災者の頭部に激突したもの。","1","製造業","109","窯業土石製品製造業","10909","その他の土石製品製造業","1~9","3","その他の装置等","37","用具","372","玉掛用具","4","飛来、落下"
"330","2015","平成","27","10","9~10","つり上げ荷重2.9tのケーブルクレーン1基を解体中、ワイヤーロープ数本(約500キログラム)の束を吊り下げた状態のまま、支点としていた仮支柱(全長20メートル、重さ約423キログラム:1ロットにつき2メートル×10本)1本が倒壊し、作業中の労働者2名(1名は合図者、1名は解体員)が被災したもの。","3","建設業","301","土木工事業","30199","その他の土木工事業","1~9","4","仮設物、建築物、構築物等","41","仮設物、建築物、構築物等","419","その他の仮設物、建築物、構築物等","5","崩壊、倒壊"
"331","2015","平成","27","11","14~15","被災者は、チェーンソーを使用し、欠損木(樹高8メートル、胸高直径26センチメートル)の伐倒作業を行うため、受け口を作り追い口切りをしたところ、欠損木が倒れなかったため、印をつけて放置していたところ、何らかの原因で欠損木が倒れ、被災者の胸部に当たり外傷性心破裂により死亡したもの。","6","農林業","602","林業","60201","木材伐出業","10~29","7","環境等","71","環境等","712","立木等","5","崩壊、倒壊"
"332","2015","平成","27","7","9~10","被災者は治山工事での伐木作業で、法肩のケヤキ(高さ9m、胸高直径35センチメートル)を伐倒し玉切りしていたが、伐木が谷側に滑り落ちそうになったことから、1本のロープの端を伐木の先端と末端にそれぞれ結び、同僚と二人で引き上げようとしたが動かなかった。そこで被災者はロープの内側に入り込み、引き続き玉切りを続けたところ、伐木が路肩から滑り落ち、当該ロープに被災者の足が引っ張られる形となり、急斜面を約25m滑落したもの。","3","建設業","301","土木工事業","30199","その他の土木工事業","1~9","3","その他の装置等","37","用具","379","その他の用具","1","墜落、転落"
"333","2015","平成","27","8","23~24","平成27年8月28日からの、船舶エンジン整備作業のため、他の労働者とともに仕事先事業所の宿泊施設2階に宿泊中、就寝後、トイレに行く途中で階段から転落し頭を強打した。物音に気づいた同僚が発見し、救急車にて病院搬送され、緊急手術が行われたものの、8月30日、脳挫傷により死亡した。","1","製造業","115","輸送用機械等製造業","11501","造船業","1~9","4","仮設物、建築物、構築物等","41","仮設物、建築物、構築物等","413","階段、桟橋","1","墜落、転落"
"334","2015","平成","27","10","8~9","伐採現場の道路上で事業主は玉切りした木材を集材車に積み込むため木材グラップルで木材5本をつかんで旋回したところ、木材の1本が玉切りされておらず、検材中の被災者に激突し、被災者は木材を抱きかかえた状態で空中に旋回され、それに気づいた事業主が旋回を止めたときに地面に落下した。","6","農林業","602","林業","60201","木材伐出業","1~9","1","動力機械","17","車両系木材伐出機械等","171","伐木等機械","1","墜落、転落"
"335","2015","平成","27","11","14~15","フレキシブルコンテナバックに充填された地盤改良材2袋(重量約2t)を仮置きのため、被災者がスリングロープで玉掛けし、解体用機械(コンクリートブレーカー)で揚重作業を行っていたところ、旋回中に被災者が作業半径内に立入っているのが視界に入ったため、旋回を止めたところ、スリングロープが破断し、荷が落下して、被災者が荷の下敷きとなり被災したもの。","3","建設業","302","建築工事業","30209","その他の建築工事業","1~9","1","動力機械","14","建設機械等","145","解体用機械","4","飛来、落下"
"336","2015","平成","27","7","17~18","スチール会社3製鋼天井クレーンランウェイ上の粉じん清掃作業において発生。ダスト吸引車での吸引作業完了後のホース片付け作業中、天井クレーンランウェイから地上にホースとともに25.4m墜落した。","1","製造業","110","鉄鋼業","11001","製鉄・製鋼・圧延業","30~49","4","仮設物、建築物、構築物等","41","仮設物、建築物、構築物等","418","建築物、構築物","1","墜落、転落"
"337","2015","平成","27","12","13~14","荷待ちしていた被災者は、他車の荷台に積込中の巻取紙を固定するゴム製の歯止めが滑るのに気付き、同車の運転手とともに、荷台に背を向けて歯止めをコンクリート地面に擦り付けていた。このとき巻取紙は、別の歯止め1個と梃子棒で固定されていたが、何らかの理由で巻取紙が荷台から転がり落ち、被災者の背中から腰の辺りに当たったもの。巻取紙の重量は約800キログラム、荷台の高さは約1.4mであった。","4","運輸交通業","403","道路貨物運送業","40301","一般貨物自動車運送業","10~29","6","荷","61","荷","611","荷姿の物","4","飛来、落下"
"338","2015","平成","27","9","13~14","山中において伐採作業をしていた際、別労働者がチェーンソーにより高さ25mの立木を伐倒したところ、想定した方向とは異なり、被災者がいた方向へ倒れ、被災者の頭部に当たったもの。","6","農林業","602","林業","60201","木材伐出業","1~9","7","環境等","71","環境等","712","立木等","5","崩壊、倒壊"
"339","2015","平成","27","1","15~16","被災者は、植木の剪定作業中、三脚(脚立)から墜落し、近くにあった柵に腹部等を強打し、負傷した。それにより2週間後に病院で死亡した。","6","農林業","601","農業","60101","農業","10~29","3","その他の装置等","37","用具","371","はしご等","1","墜落、転落"
"340","2015","平成","27","3","22~23","荷を運搬するため大型トラック(10tウイング車)を運転し道路を走行していたところ、反対車線を走行してきた大型トレーラーが中央分離帯を乗り越えて、被災者側の車線に進入してきた。大型トラックと大型トレーラーは正面衝突し、弾みで大型トラックは道路の左側にある石塀と金網フェンスに激突し炎上した。大型トラックの運転手は車外で死亡。トレーラーの運転手は重傷を負った。","4","運輸交通業","403","道路貨物運送業","40301","一般貨物自動車運送業","10~29","2","物上げ装置、運搬機械","22","動力運搬機","221","トラック","17","交通事故（道路）"
"341","2015","平成","27","2","15~16","役場から委託を受けたバスの運行業務から車両センターに戻った被災者は、脚立(最高高さ1.1m)を使用してバスの窓拭き作業を行っていた。脚立の踏ざん2段目(51センチメートル)又は3段目(81センチメートル)に乗って当該作業を行っていたところ、脚立から墜落したもの。頭蓋骨を骨折し、意識不明のまま病院で治療を受けていたが、2月24日午前9時30分に死亡した。なお、発生状況を目撃した者はいない。","4","運輸交通業","402","道路旅客運送業","40201","ハイヤー・タクシー業","1~9","3","その他の装置等","37","用具","371","はしご等","1","墜落、転落"
"342","2015","平成","27","11","2~3","被災者は、荷を積むために、目的地向かい国道をトラックで走行していたところ、対向してきた大型トラックと正面衝突した。被災者のトラックは道路をふさぐ形で停車し、大型トラックは路外へ転落した。大型トラックの運転者は業務中で、負傷により休業した。道路はほぼ直線で、路面は圧雪アイスバーンであった。","4","運輸交通業","403","道路貨物運送業","40301","一般貨物自動車運送業","10~29","2","物上げ装置、運搬機械","22","動力運搬機","221","トラック","17","交通事故（道路）"
"343","2015","平成","27","1","0~1","酒造工場から焼酎の原料となる芋20tを隣県の冷凍工場へ運搬するため、被災者運転のトレーラーが県道を走行中、片側1車線の右カーブで、曲がりきれず横転し、道路左脇の電柱に衝突。衝突の衝撃でキャビンは大破し、被災者は、シートとキャビン天井に身体が挟まれ、全身打撲、胸部圧迫、内臓破裂により死亡したもの。","4","運輸交通業","403","道路貨物運送業","40301","一般貨物自動車運送業","30~49","2","物上げ装置、運搬機械","22","動力運搬機","221","トラック","17","交通事故（道路）"
"344","2015","平成","27","9","11~12","9月28日午前11時15分頃、パルプ工場の古紙ヤード内に2段に積み上げられていた古紙ベールの集まりを、専用フォークリフトを使用して1個ずつ工場内に移動させていたところ、2段積み状態の古紙ベールが荷崩れし、上段の古紙ベールが被災者の頭部を圧迫したことにより死亡したと推定される。古紙ベール1個の形状は、直方体(横100センチメートル×縦180センチメートル、高さ109センチメートル、重さ1140キログラム)","17","その他の事業","1702","その他の事業","170209","その他の事業－その他","10~29","6","荷","61","荷","611","荷姿の物","5","崩壊、倒壊"
"345","2015","平成","27","5","3~4","被災者は、隣県まで精肉を配送した後、事業場に戻る途中、バイパスの帰路方向に向かって下り坂になっている右カーブで対向車線にはみ出し、対向してきた自動車運搬用のトラックと正面衝突した。","4","運輸交通業","403","道路貨物運送業","40301","一般貨物自動車運送業","30~49","2","物上げ装置、運搬機械","22","動力運搬機","221","トラック","17","交通事故（道路）"
"346","2015","平成","27","5","11~12","被災者一人で、資材ヤードから工場内に10tトラックでH鋼材を運搬するため、資材ヤードに設置している橋形クレーン(5t)を使用して、長さ4mのH鋼材(重量388キログラム/本)5本を交互に積み重ねた状態でつりチェーンで玉掛けしたものをトラックに積み積む作業を行っていた。11時15分頃、職場の巡視を行っていた工場次長が、荷くずれしたH鋼の脇で頭から血を流し、10tトラック東側に倒れている被災者を発見した。","1","製造業","112","金属製品製造業","11209","その他の金属製品製造業","30~49","3","その他の装置等","37","用具","372","玉掛用具","5","崩壊、倒壊"
"347","2015","平成","27","7","10~11","自動販売機オペレーション業務を行っていた被災者が、納品先前に駐車していた営業車の運転席で痙攣(けいれん)しているところを納品先の近隣者に発見された。通報を受けた警察と救急により被災者の痙攣と嘔吐(おうと)が確認されたため病院に搬送され手術をうけるも死亡したもの。手術時には、左脳と脳のしんかんに水がたまっていた。","8","商業","802","小売業","80209","その他の小売業","10~29","9","その他","92","起因物なし","921","起因物なし","90","その他"
"348","2015","平成","27","1","1~2","被災者単独でガス容器(300リットル、φ355.6、長さ5170ミリメートル)の洗浄作業(溶剤(主成分:1-ブロモプロパン)を注入した後、機械設備で回転させた後、同溶剤を抜き取る。)のうち、溶剤抜取り作業をピット(深さ約5メートル、強制換気未実施。)内で行っていたところ、何らかの原因で意識を失い倒れていたところを発見され、同日病院で死亡が確認されたもの。","1","製造業","112","金属製品製造業","11209","その他の金属製品製造業","100~299","5","物質、材料","51","危険物、有害物等","514","有害物","12","有害物等との接触"
"349","2015","平成","27","10","13~14","型枠組立工場兼資材置場のトラック車庫前において、型枠資材を積載した車両積載型トラッククレーン(最大積載量6800キログラム、つり上げ荷重2.9t)の運転席側のドアと座席との間に胸部を挟まれている状態の被災者が発見されたもの。当該ドアはトラッククレーン右前方に置かれた資材に接触し、ドアの外側を資材に押される形となっていた。なお、死体検案書では死亡推定時刻は13時~15時とされている。","3","建設業","302","建築工事業","30209","その他の建築工事業","10~29","2","物上げ装置、運搬機械","21","動力クレーン等","212","移動式クレーン","7","はさまれ、巻き込まれ"
"350","2015","平成","27","11","16~17","商店街のアーケードの張替工事現場において、被災者を移動式足場(3段組)の二段目(高さ:約3.5m)に乗せたままの状態で、当該足場を移動中、地面勾配にあわせて脚部のジャッキを調整したところ、当該足場のバランスが崩れ倒壊した。このため、移動式足場に乗っていた被災者は、移動式足場と共に仰向けの状態で地面に激突し、意識を失った。(9日後、搬送先の病院で死亡が確認された。)","3","建設業","302","建築工事業","30209","その他の建築工事業","10~29","4","仮設物、建築物、構築物等","41","仮設物、建築物、構築物等","411","足場","1","墜落、転落"
"351","2015","平成","27","3","9~10","個人住宅の屋根瓦葺き替え工事現場において、被災者は作業員4名とともに屋根上で瓦を剥がし、地上に停めたトラックの荷台に降ろす作業をしていたところ、約2.14m下の地面に墜落したもの。","3","建設業","302","建築工事業","30209","その他の建築工事業","1~9","4","仮設物、建築物、構築物等","41","仮設物、建築物、構築物等","415","屋根、はり、もや、けた、合掌","1","墜落、転落"
"352","2015","平成","27","4","17~18","会社の駐車場の14t積みトラック荷台脇で、頭から血を流して倒れているところを同僚が発見したもの。","4","運輸交通業","403","道路貨物運送業","40301","一般貨物自動車運送業","10~29","2","物上げ装置、運搬機械","22","動力運搬機","221","トラック","1","墜落、転落"
"353","2015","平成","27","9","9~10","古紙の圧縮・梱包を行う機械に付属するベルトコンベヤー付近の床面で倒れている被災者が発見され、同日死亡した。災害発生時、被災者は、圧縮・梱包を行う古紙の種類を変更するため、ベルトコンベヤー等に古紙が付着していないか等を確認する作業中であった。被災者が倒れていた箇所の約4メートル上方のベルトコンベヤーの側部には、手すり等を備えた点検台が設けられていた。","1","製造業","106","パルプ・紙・紙加工品製造業","10609","その他のパルプ・紙・紙加工品製造業","10~29","4","仮設物、建築物、構築物等","41","仮設物、建築物、構築物等","416","作業床、歩み板","1","墜落、転落"
"354","2015","平成","27","2","11~12","労働者4名で、鋳型ラインのジャケットウェート移載装置の爪開閉センサーの調整作業中、被災者が装置内部に身体を入れ、被災者の指示で、同僚Aが爪の開閉と爪フレームの上下操作を行なっていた際、同僚Aが爪フレームの上昇操作をしたところ、装置の内部に上半身を入れていた被災者が、上昇した爪フレームと当該機械の上部フレームの間に挟まれ、頭蓋骨骨折及び頸椎骨折により死亡したもの。","1","製造業","111","非鉄金属製造業","11102","非鉄金属鋳物業","30~49","1","動力機械","16","一般動力機械","169","その他の一般動力機械","7","はさまれ、巻き込まれ"
"355","2015","平成","27","8","13~14","午前8時頃から事業場の資材置場において、被災者は、同僚と一緒に草刈り機で草を刈っていた。午前11時頃に少し具合が悪いということで、エアコンを掛けた社有車で休んでいたが具合がよくならず、同僚と一緒に社有車で事業場に戻りそのまま自宅に帰った。午後5時15分頃に妻が仕事を終え自宅に戻ったところ、被災者がソファーの上で心肺停止で横たわっていたのを発見したもの。検死で熱中症による急性循環不全と診断された。","3","建設業","301","土木工事業","30199","その他の土木工事業","10~29","7","環境等","71","環境等","715","高温・低温環境","11","高温・低温の物との接触"
"356","2015","平成","27","4","18~19","建設現場での作業終了後、2tダンプトラックにて所属事務所へ帰社途中、高速下り線右ルートにてスリップし、道路左側のガードレールに衝突し死亡。同乗者も重傷を負った。","3","建設業","302","建築工事業","30201","鉄骨・鉄筋コンクリート造家屋建築工事業","10~29","2","物上げ装置、運搬機械","22","動力運搬機","221","トラック","17","交通事故（道路）"
"357","2015","平成","27","11","0~1","港2号埠頭敷地内にある港湾道路の信号機のない交差点で、被災者の同僚が運転するライトバンが西に向かって走行中、交差点を北進してきた大型トラックが助手席に正面から衝突、ライトバンが20mほど引きずられた所で停止した。この交通事故により助手席に乗車していた被災者が、胸などを強く打ち2時間後に死亡した。","3","建設業","301","土木工事業","30106","道路建設工事業","1~9","2","物上げ装置、運搬機械","23","乗物","231","乗用車、バス、バイク","17","交通事故（道路）"
"358","2015","平成","27","7","11~12","農作業小屋のトタン屋根張替工事において、トタンを取り外すために被災者がトタンの上にあがり、トタンを固定しているボルトを外していたところ、トタンが被災者を乗せたまま屋根(勾配32度)から落下し、約4.5mのコンクリート面に激突した。その後病院に搬送され治療を行っていたが、7月18日に多発外傷により死亡した。","3","建設業","302","建築工事業","30209","その他の建築工事業","1~9","4","仮設物、建築物、構築物等","41","仮設物、建築物、構築物等","415","屋根、はり、もや、けた、合掌","1","墜落、転落"
"359","2015","平成","27","9","10~11","当日の記録的な豪雨により、駐車場下を通っている排水管(直径36センチメートル)がゴミ詰まりして溢水状態にあったため、その後の状況を懸念して朝から職員3名で排水管口のゴミを取り除く作業をしていたが、作業中、職員のうち1名が転倒し、排水管に足を吸い込まれ、水中で溺れる状態となったもの。10時33分にレスキューに出動要請し、救出され、病院に搬送されたが、翌日午前中に死亡したもの。","13","保健・衛生業","1302","社会福祉施設","130201","社会福祉施設","50~99","7","環境等","71","環境等","713","水","10","おぼれ"
"360","2015","平成","27","8","15~16","間伐作業中、立木の伐倒作業で、伐倒した立木が予定の方向からずれて倒れた後、被災者は伐倒木先端の位置より下方の斜面で発見された。被災者は、災害発生後治療を受けていたが、10月2日に死亡した。","6","農林業","602","林業","60201","木材伐出業","1~9","9","その他","99","分類不能","999","分類不能","99","分類不能"
"361","2015","平成","27","1","2~3","西方面に走行していた被災者の運転する大型トラックがセンターラインを越え、対向車線を走行していた大型トラックと衝突した。","4","運輸交通業","403","道路貨物運送業","40301","一般貨物自動車運送業","10~29","2","物上げ装置、運搬機械","22","動力運搬機","221","トラック","17","交通事故（道路）"
"362","2015","平成","27","9","8~9","道路改良工事現場で、ドラグ・ショベル及び人力による砕石の敷均し作業中、ドラグ・ショベルを後進させたところ、ドラグショベルの後方で作業をしていた被災者を轢いたもの。","3","建設業","301","土木工事業","30106","道路建設工事業","10~29","1","動力機械","14","建設機械等","142","掘削用機械","7","はさまれ、巻き込まれ"
"363","2015","平成","27","1","12~13","被災者は、定置網の箱網交換作業のため、箱網とその外側に設置している固定用ワイヤーロープとをロープにて緊結する作業を海に入って行っていたが、漁船上で金庫網の設置作業を行っていた同僚が海面に浮いている被災者を発見し、すぐに引き揚げ鐘崎漁港に行き、救急車で病院に搬送され心肺蘇生等を行ったが、処置への反応がなかったので、15時21分窒息(溺水)として死亡確認されたもの。","7","畜産・水産業","702","水産業","70201","漁業","1~9","7","環境等","71","環境等","713","水","10","おぼれ"
"364","2015","平成","27","9","13~14","菓子製造会社の工場の増築工事のため、木造建築を行っていた大工である被災者が、屋根上にて垂木にまたがり、下地となる木製板(野地板)を垂木にはり付ける作業を行っていたところ、垂木(3.9センチメートル×8.9センチメートル)が折れ、4.4m下のコンクリート地面に墜落し、全身を打撲し肺血腫により死亡した。被災者は保護帽をしていなかった。墜落防止措置は講じられていなかった。その後の調査により労働者であるとの判断に至った。","3","建設業","302","建築工事業","30209","その他の建築工事業","1~9","4","仮設物、建築物、構築物等","41","仮設物、建築物、構築物等","415","屋根、はり、もや、けた、合掌","1","墜落、転落"
"365","2015","平成","27","12","13~14","被災者は、一般的に「テーブルリフター」を呼ばれるリフトに使用されている油圧シリンダーの油漏れ補修作業を行っていた。午前中にパッキンの交換を終え、昼休憩後に片づけ作業を始め、リフトが不意に落下しないように設置していたチェーンブロックを外したところ、リフトが落下し、その下敷きとなり、頭部圧迫骨折で死亡したもの。木製の安全ブロックを設置していたが、負荷に耐え切れず外れていた。","3","建設業","303","その他の建設業","30309","その他の建設業－その他","1~9","2","物上げ装置、運搬機械","21","動力クレーン等","214","エレベータ、リフト","7","はさまれ、巻き込まれ"
"366","2015","平成","27","8","8~9","PHS無線基地局の保守業務(半日作業)のため、現場に向けて片側一車線(上り)の国道の右カーブを乗用車で走行中、対向するトレーラーが蛇行しながら中央線をはみ出してきて衝突したもの。被災者が運転し、助手席に社長(右膝下粉砕骨折等)が同乗し、合計2名乗車。【第一当事者関係】1事業場名:略、2所在地:略、3運転者は打撲。合計1名乗車。","3","建設業","303","その他の建設業","30301","電気通信工事業","1~9","2","物上げ装置、運搬機械","22","動力運搬機","221","トラック","17","交通事故（道路）"
"367","2015","平成","27","3","18~19","被災者は天井クレーン(つり上げ荷重7.65トン、無線操作方式)を使用して鋼板コイル(鋼板をロール状に巻いたもの)の移動作業を行っていたが、先に移動させ立てかけて置いていた鋼板コイルのうちの1つ(コイルの直径173センチメートル、幅20センチメートル、重さ3.1トン)が倒れてきて、被災者が下敷きとなったもの。","1","製造業","110","鉄鋼業","11001","製鉄・製鋼・圧延業","30~49","5","物質、材料","52","材料","521","金属材料","5","崩壊、倒壊"
"368","2015","平成","27","6","0~1","国立公園での研修中、渓谷を下りる際、40度以上の高温環境下で熱中症が原因とみられる体調不良により死亡した。","14","接客娯楽業","1403","その他の接客娯楽業","140309","その他の接客娯楽業－その他","30~49","7","環境等","71","環境等","715","高温・低温環境","11","高温・低温の物との接触"
"369","2015","平成","27","4","2~3","被災者運転のトラックが配送中に道路左側の縁石に接触し、反対車線を横断後、畑に転落、電柱に衝突した。病院へ救急搬送後、死亡が確認された。","4","運輸交通業","403","道路貨物運送業","40301","一般貨物自動車運送業","30~49","2","物上げ装置、運搬機械","22","動力運搬機","221","トラック","17","交通事故（道路）"
"370","2015","平成","27","7","15~16","被災者は、交流アーク溶接機を用いて屋外で組み立て中の船体ブロックの手直し作業に従事していたところ、同僚が、当該船体ブロック上で溶接棒と溶接棒ホルダーの上でうつぶせ状態で倒れていた被災者を発見したもの。作業場所は、上方、後方以外は、75センチメートル間隔の鋼板で覆われていた。被災者の、右肩と後頭部に電撃痕が認められており、死因は、感電死であった。","1","製造業","115","輸送用機械等製造業","11501","造船業","10~29","3","その他の装置等","33","溶接装置","332","アーク溶接装置","13","感電"
"371","2015","平成","27","4","10~11","被災者は1800tプレスの金型交換にあたり、床上操作式天井クレーン(定格荷重20t)を用いて、金型(自重11.5t)を吊り、自動金型交換機のベット部分に設置する作業をしている際、クレーンに吊られた金型が被災者の方に水平移動し、作業者以外立入禁止のため設置されていた防護柵と金型側面部に挟まれたもの。","1","製造業","115","輸送用機械等製造業","11502","自動車・同付属品製造業","100~299","2","物上げ装置、運搬機械","21","動力クレーン等","211","クレーン","6","激突され"
"372","2015","平成","27","7","9~10","養豚場内の堆肥を製造する建屋に設置された処理槽(豚の糞尿の中間処理物を貯める槽。幅約3m、奥行約7m、高さ約3.5m)の梯子の下に、作業員Aが倒れているのを作業員Bが発見した。作業員Bは処理槽に入ったが、作業員Aを救助できず建屋から外に出て、付近にいた労働者に助けを求めた後、具合が悪くなり倒れた。","7","畜産・水産業","701","畜産業","70101","畜産業","30~49","5","物質、材料","51","危険物、有害物等","514","有害物","12","有害物等との接触"
"373","2015","平成","27","9","13~14","造船工場において、部材を仮止めしている船舶部材(600キログラム)を本溶接するためにつり上げ能力2.8tの天井クレーンを用い吊り上げ、約1.5m移動させ当該部品を下ろそうとしたところ、当該部品が吊っていたクランプから外れ、近くで作業をしていた被災者に激突したもの。","1","製造業","115","輸送用機械等製造業","11501","造船業","1~9","5","物質、材料","52","材料","521","金属材料","6","激突され"
"374","2015","平成","27","2","19~20","被災者は、不整地運搬車の荷台を上昇させ、同車の左側面から荷台下の状況を目視していたものであるが、その直後、頭部と上半身が同車の荷台と車体の間に挟まれたもの。","4","運輸交通業","403","道路貨物運送業","40301","一般貨物自動車運送業","1~9","2","物上げ装置、運搬機械","22","動力運搬機","227","不整地運搬車","7","はさまれ、巻き込まれ"
"375","2015","平成","27","1","10~11","民有林において、被災者は砂防ダムの建設予定地となる箇所の測量業務に従事していた。被災者は立木の調査を行うため、斜度約45度の斜面を歩行中、足を滑らせ約7メートル下の沢まで滑落し死亡したもの。","17","その他の事業","1702","その他の事業","170209","その他の事業－その他","1~9","7","環境等","71","環境等","711","地山、岩石","1","墜落、転落"
"376","2015","平成","27","5","15~16","RC造4階建物の解体作業中、コンクリート圧砕機を解体物(コンクリート片等)から成る山の端部に設置して、爪で鉄筋を挟み移動する作業をしていたところ、機械が後進し、地上レベルとの間に生じた約1メートル下の地面に転倒したものと推定されるもの。被災者は運転席から救出されたが、同日18時ごろ搬送先の病院にて死亡が確認された。死因は「環椎後頭関節籬断」","3","建設業","302","建築工事業","30209","その他の建築工事業","1~9","1","動力機械","14","建設機械等","145","解体用機械","2","転倒"
"377","2015","平成","27","11","13~14","マンション管理人である被災者が、当該マンションの外壁工事で使用するゴンドラの乗込み用仮設足場上に倒れているところを発見されたもの。7階共用廊下において、脚立に上り廊下の天井に設置されている照明の蛍光灯の交換作業中、廊下の手すりを越えて約17m下の足場に墜落したものと推測される。","8","商業","804","その他の商業","80409","その他の商業－その他","30~49","3","その他の装置等","37","用具","371","はしご等","1","墜落、転落"
"378","2015","平成","27","12","11~12","レンタルから帰って来た鉄板を高圧洗浄機で洗浄する作業中、被災者が鉄板と地面との間に挟まれ死亡したもの。被災者はマグネットアタッチメントの付いたドラグショベルで、マグネットにより置かれていた鉄板を引き上げた後、洗浄しようと運転席から降りて立てていた鉄板のところへ行ったところ、鉄板が倒れたものと推定される。","8","商業","804","その他の商業","80409","その他の商業－その他","1~9","1","動力機械","14","建設機械等","149","その他の建設機械等","4","飛来、落下"
"379","2015","平成","27","11","3~4","被災労働者が運転する大型トレーラーが、国道を走行中、片側1車線の下り坂の緩やかな右カーブで、道路左側のガードレールと電柱に衝突して横転したもの。ブレーキ痕なし。","4","運輸交通業","403","道路貨物運送業","40301","一般貨物自動車運送業","1~9","2","物上げ装置、運搬機械","22","動力運搬機","221","トラック","17","交通事故（道路）"
"380","2015","平成","27","10","3~4","平成27年10月8日午前3時30分頃、被災者は、卸売市場内において、ターレー(構内運搬車)に乗って、タイムカードを押すため、その設置箇所に向かった。ターレーを運転している被災者は、市場内の段差箇所に気付かず、ターレー左前側ガードが当該段差箇所に衝突し、ターレー運転位置の左側から投げ飛ばされ、前頭部を地面に打ち付け被災した。(平成27年12月24日午前死亡)","8","商業","801","卸売業","80109","その他の卸売業","100~299","4","仮設物、建築物、構築物等","41","仮設物、建築物、構築物等","418","建築物、構築物","3","激突"
"381","2015","平成","27","9","15~16","産業廃棄物分別場所にて、他の事業場の労働者が硬質プラスティック製の材を圧縮機へ入る大きさにするため、解体用機械(つかみ機)を使用し、材を折る作業を行っていた。一方、被災者は工場内の別の場所にて、解体用機械を背に、廃タイヤの金具を外す作業を行っていたところ、解体用機械が折った材の破片が被災者の方へ飛び、被災者の脇腹に激突したもの。","15","清掃・と畜業","1501","清掃・と畜業","150102","産業廃棄物処理業","1~9","1","動力機械","14","建設機械等","145","解体用機械","4","飛来、落下"
"382","2015","平成","27","8","7~8","2階倉庫より、ダンボール箱(商品梱包用化粧箱240個入、重さ7.4キログラム)を1階に下ろすため、箱を抱えて階段を降りていたところ、足を踏み外して転落し、1階コンクリート土間に頭部をぶつけたもの。救急搬送され入院加療していたが、8月19日午後8時に死亡した。","1","製造業","101","食料品製造業","10104","パン、菓子製造業","10~29","4","仮設物、建築物、構築物等","41","仮設物、建築物、構築物等","413","階段、桟橋","1","墜落、転落"
"383","2015","平成","27","2","9~10","杉の間伐作業を行っていた被災者が、樹高26.8メートル、胸高直径30センチメートルの伐木の下敷きになっていたところを事業主に発見されたもの。","6","農林業","602","林業","60201","木材伐出業","1~9","7","環境等","71","環境等","712","立木等","5","崩壊、倒壊"
"384","2015","平成","27","6","14~15","倉庫内において天井クレーンを使用して平鋼の束(幅26センチメートル、高さ17.1センチメートル、長さ5.5m、重量約1.9t)の移動作業を行っていたところ、5段に積み上げた平鋼の束の上から3段分が玉掛けワイヤーを外す作業を行った後、移動していた被災者の方に崩れてきて、被災者が崩れた平鋼の束に挟まれたもの。","5","貨物取扱業","501","陸上貨物取扱業","50101","陸上貨物取扱業","1~9","6","荷","61","荷","611","荷姿の物","5","崩壊、倒壊"
"385","2015","平成","27","2","16~17","勾配約40度の傾斜地の草苅りを終え、集合場所へ戻る際、何らかの原因により、傾斜地から転落したもの。被災者が最後に目撃されたのは、被災者が転落していた箇所から高さ約5メートル、勾配42.5度の傾斜地を降りているところであった。ロリップの設置等の墜落防止措置は講じられていなかった。","17","その他の事業","1702","その他の事業","170209","その他の事業－その他","1~9","7","環境等","71","環境等","711","地山、岩石","1","墜落、転落"
"386","2015","平成","27","10","11~12","鋳物製造工程において、製品の砂落とし作業を行っていた労働者が、砂落とし機械(ノックアウトマシン)の自動扉に首をはさまれているのを同僚が発見し、救急搬送されるも病院で死亡した。","1","製造業","111","非鉄金属製造業","11102","非鉄金属鋳物業","50~99","1","動力機械","16","一般動力機械","169","その他の一般動力機械","7","はさまれ、巻き込まれ"
"387","2015","平成","27","5","0~1","4tトラックのパワーゲートを使用して、折りたたみコンテナを積んだカゴ車(重量約30キログラム/個)を積みおろし中、何らかの原因で荷室のカゴ車がパワーゲート上のカゴ車に倒れこみ、さらにそのカゴ車が倒れてくるところを被災者が避けた際、バランスを崩し仰向けに倒れ地面に後頭部を打ちつけ、翌日脳挫傷により死亡した。","4","運輸交通業","403","道路貨物運送業","40301","一般貨物自動車運送業","10~29","3","その他の装置等","36","人力機械工具等","362","人力運搬機","5","崩壊、倒壊"
"388","2015","平成","27","1","8~9","被災者は、社会福祉施設の新築工事現場において、午前7時30分頃から、1人で高さ約12メートルの3階屋根(庇)上で、屋根の付け根に「水切り」を取り付ける作業を行っていた。その付近に安全帯を取り付ける設備はなかった。午前8時10分、当該屋根の下を通りかかった別の作業者が、地面に倒れている被災者を発見した。被災者は、頭から血を流しており救急車で搬送されたが、午前9時20分頃に死亡が確認された。","3","建設業","302","建築工事業","30201","鉄骨・鉄筋コンクリート造家屋建築工事業","1~9","4","仮設物、建築物、構築物等","41","仮設物、建築物、構築物等","415","屋根、はり、もや、けた、合掌","1","墜落、転落"
"389","2015","平成","27","7","17~18","被災者は曳航船に曳航されたはしけに1人で乗船し、平成27年7月22日午後4時頃に港の埠頭を出港、同日午後5時30分頃に到着地の港内港船だまりに到着したが、到着時に被災者がはしけに乗船しておらず行方が分からなくなっており、同年7月26日に川の河口付近に浮かんでいるのが発見されたもの。","5","貨物取扱業","502","港湾運送業","50209","その他の港湾運送業","10~29","2","物上げ装置、運搬機械","23","乗物","239","その他の乗物","10","おぼれ"
"390","2015","平成","27","4","8~9","共同企業体から依頼された煤煙濃度測定業務を行うため、測定場所に向けてアスファルトプラント内を移動中、稼動していたトロリとサージビンフレームとの間に頭部を挟まれたもの。","15","清掃・と畜業","1501","清掃・と畜業","150109","その他の清掃・と畜業","30~49","2","物上げ装置、運搬機械","22","動力運搬機","229","その他の動力運搬機","7","はさまれ、巻き込まれ"
"391","2015","平成","27","9","9~10","被災者は、積載荷重2.7tのウイング車の荷台から、パレット積みの荷(重量約120キログラム)を卸すため、高さ約1mの荷台上で、手かぎ棒を使用して、荷台の奥にあったパレット積みの荷を手前に引き寄せようとしたところ、手かぎ棒がパレットから外れ、その勢いで荷台から墜落し、左側頭部を強打したもの。","4","運輸交通業","403","道路貨物運送業","40301","一般貨物自動車運送業","50~99","2","物上げ装置、運搬機械","22","動力運搬機","221","トラック","1","墜落、転落"
"392","2015","平成","27","11","13~14","大規模修繕工事現場の東側にあるこう配5.1°の道路上において、車両積載形トラッククレーン(つり上げ荷重2.93t)の運転手である被災者が、同現場にて使用された足場材の積載を終えた後、トラッククレーンの脇にてアウトリガーの収納の操作を行っていたところ、アウトリガーが地面から離れた途端に同トラッククレーンが逸走し、アウトリガーと同現場の足場の建地との間に挟まれて被災したもの。","4","運輸交通業","403","道路貨物運送業","40301","一般貨物自動車運送業","10~29","2","物上げ装置、運搬機械","21","動力クレーン等","212","移動式クレーン","7","はさまれ、巻き込まれ"
"393","2015","平成","27","9","9~10","25tトレーラーにH鋼(計12本)を二段積みにし配送先へ運搬した。配送先で橋形クレーンでの荷卸しに備え荷を固定していた4か所のチェーンブロックを外し、荷台上で玉掛け作業の準備をしていたところ、H鋼(長さ12m×幅85センチメートル×フランジ部30センチメートル。重量2.878t)が倒れ、被災者は上半身を挟まれ死亡した。","4","運輸交通業","403","道路貨物運送業","40301","一般貨物自動車運送業","100~299","5","物質、材料","52","材料","521","金属材料","5","崩壊、倒壊"
"394","2015","平成","27","5","0~1","積載型トラッククレーン(つり上げ荷重2.93トン)を使用してトラックに鋼材(約1.3トン)を積み込むため、トラックの屋根上で作業していたとき、トラッククレーンのアウトリガが浮き上がり、逃げようとして高さ約2.4メートル下の地面に墜落した。病院へ搬送されたが、午後9時頃死亡が確認されたもの。","8","商業","802","小売業","80209","その他の小売業","10~29","2","物上げ装置、運搬機械","22","動力運搬機","221","トラック","1","墜落、転落"
"395","2015","平成","27","3","17~18","米の倉庫兼精米工場内において、米を精米する設備の一部である昇降機点検地下室内で事業主と労働者の2人が倒れていた状況で発見されたもの。救急隊が2人を昇降機点検地下室内から搬出する際、昇降機点検地下室内の酸素濃度は約11%であった。","8","商業","801","卸売業","80109","その他の卸売業","1~9","5","物質、材料","51","危険物、有害物等","519","その他の危険物、有害物等","12","有害物等との接触"
"396","2015","平成","27","9","14~15","米の集荷で農家へ向かうため、フォークリフトで公道(歩道)を走行していたところ、脱輪してフォークリフトと共に法面のある用水路側へ転落し、胸部及び腹部が住宅の塀とフォークリフトの間に挟まれたもの。","17","その他の事業","1702","その他の事業","170209","その他の事業－その他","10~29","2","物上げ装置、運搬機械","22","動力運搬機","222","フォークリフト","17","交通事故（道路）"
"397","2015","平成","27","4","0~1","荷主先にてトラックへ荷を積込作業中に、荷台(高さ1.2m)より地面に墜落し、頭部を強打し死亡した。なお、被災者のヘルメットは発見時に脱げていた。","4","運輸交通業","403","道路貨物運送業","40301","一般貨物自動車運送業","10~29","2","物上げ装置、運搬機械","22","動力運搬機","221","トラック","1","墜落、転落"
"398","2015","平成","27","10","11~12","鉄塔点検工事において、点検を終えた鉄塔から別の鉄塔へ移動するため、被災者と他の労働者で山中を歩いていたが、途中から被災者は道に迷い単独で山中を歩いていたところ、斜面から滑り落ち、そのまま林道に墜落して死亡した。","3","建設業","303","その他の建設業","30301","電気通信工事業","1~9","7","環境等","71","環境等","711","地山、岩石","1","墜落、転落"
"399","2015","平成","27","7","9~10","寺の敷地内において、庭に設置した庭石(寸法:90×70、厚さ17センチメートル、重量:約130キログラム)の位置を変更するため、つり上げ荷重0.995tの小型移動式クレーン(通称:カニクレーン)を使用して、庭石を吊り上げたところ横転し、ジブの先端が作業の様子を見ていた被災者の頭・背部に激突したもの。小型移動式クレーンはアウトリガーを張り出しておらず、設置した場所も平坦な場所ではなかった。","3","建設業","301","土木工事業","30199","その他の土木工事業","1~9","2","物上げ装置、運搬機械","21","動力クレーン等","212","移動式クレーン","6","激突され"
"400","2015","平成","27","8","16~17","下水道管布設工事現場で発進立坑内において、作業を行っていた労働者が横穴掘削推進機のスクリュー(直径φ150)に上半身の一部を巻き込まれているところを発見された。","3","建設業","301","土木工事業","30110","上下水道工事業","10~29","1","動力機械","14","建設機械等","149","その他の建設機械等","7","はさまれ、巻き込まれ"
"401","2015","平成","27","6","3~4","被災者が運転する中型トラックが、走行車線と高速バス停留所との分離帯に乗り上げて横転。後続の大型トラックと中型トラックの2台がよけきれずに追突し、全身を強く打って死亡したもの。後続のトラック運転手2人に怪我はなかった。被災者は、四国地方から中部地方まで荷物を運ぶ途中であった。事故当時、現場には強い雨が降っていた模様。","4","運輸交通業","403","道路貨物運送業","40301","一般貨物自動車運送業","30~49","2","物上げ装置、運搬機械","22","動力運搬機","221","トラック","17","交通事故（道路）"
"402","2015","平成","27","9","8~9","運送会社の労働者2名が各々運転するタンクローリー2台で出荷作業のため、工場内で尿素水を充填する作業を行っていた。別の労働者がタンクローリー(1台目)に充填を終え、計量測定を行っているときに、被災者がタンクローリー(2台目:最大積載荷重3270キログラム)の充填を行うため、尿素水タンクに繋がれたホースをタンクローリーに接続しようと荷台へ搭乗したところ、荷台(高さ97センチ)から墜落。(推定)","4","運輸交通業","403","道路貨物運送業","40301","一般貨物自動車運送業","1~9","2","物上げ装置、運搬機械","22","動力運搬機","221","トラック","1","墜落、転落"
"403","2015","平成","27","8","9~10","小学校体育館の吊天井落下防止工事にて、既設天井の解体作業(ボード類の取り外し)で発生した、体育館床に散乱したボード類の破片の清掃作業を、作業者8人で行っていたところ、被災者は工事に使用している棚足場の高さ3段目(4.62m)から体育館の床に墜落したもの。(足場上に落ちたボード類の破片を取り除くために登ったものと考えられる。)","3","建設業","302","建築工事業","30201","鉄骨・鉄筋コンクリート造家屋建築工事業","30~49","4","仮設物、建築物、構築物等","41","仮設物、建築物、構築物等","411","足場","1","墜落、転落"
"404","2015","平成","27","1","11~12","被災者は、市発注の測量業務委託において、同僚と水源林の境界を測量する準備作業として、刈り払い機を用いて、雑草の刈り払いを擁壁上で行っていたところ、4.8メートル下の道路上に墜落したもの。保護帽の着用や墜落防止措置はなされていなかった。","17","その他の事業","1702","その他の事業","170209","その他の事業－その他","1~9","4","仮設物、建築物、構築物等","41","仮設物、建築物、構築物等","418","建築物、構築物","1","墜落、転落"
"405","2015","平成","27","8","9~10","運転手と被災者の2人がパッカー車にて、災害発生場所である清掃所へ回収した空き缶を持ち込んだ。運転手は、運転席から合図者である被災者が見当たらなかったためトイレ等に行っているものと誤信し、被災者からの合図を待たずに運転席からパッカーを開けた後荷台をダンプさせ排出、続けて荷台を戻してからパッカーを閉めるという操作を行ったところ、被災者が荷台内に頭部を入れていたため、パッカーに挟まれて被災したもの。","15","清掃・と畜業","1501","清掃・と畜業","150103","その他の廃棄物処理業","10~29","2","物上げ装置、運搬機械","22","動力運搬機","221","トラック","7","はさまれ、巻き込まれ"
"406","2015","平成","27","1","10~11","S造4階建の倉庫の解体工事現場において、上層より解体を進め、2階床面で北面の外壁引き倒し作業準備のため、鉄骨柱をガス溶接機により溶断を行っていたところ、外壁(10.8m×3.6m)が内側に倒れ下敷きとなったもの。","3","建設業","302","建築工事業","30209","その他の建築工事業","10~29","4","仮設物、建築物、構築物等","41","仮設物、建築物、構築物等","418","建築物、構築物","5","崩壊、倒壊"
"407","2015","平成","27","10","16~17","直径80センチ、高さ約25メートルのもみの木をチルホールを用いてワイヤで引っ張り伐倒していた。木が倒れていく途中、ワイヤがたわみ始めたが、当該ワイヤが他の木の枝に引っかかったため、たわんでいたワイヤが一気に張り、ワイヤ近くにいた被災者はワイヤに飛ばされ、木に激突した。","6","農林業","602","林業","60209","その他の林業","1~9","3","その他の装置等","37","用具","379","その他の用具","6","激突され"
"408","2015","平成","27","6","11~12","植林を行うため地ごしらえとしてクルミの木(胸高直径約38センチメートル、樹高約12m)を伐採しようとチェーンソーを使用して受け口を作っていたところ、長さ5mの枝が高さ約5mの位置から落下して被災者を直撃して被災したもの。","6","農林業","602","林業","60201","木材伐出業","10~29","7","環境等","71","環境等","712","立木等","4","飛来、落下"
"409","2015","平成","27","9","11~12","木の伐採作業を被災者1名で行っていたが、昼になっても被災者と連絡が取れないため同僚が探したところ、伐採した木の横で着用していた腰袋を枕にして、手を胸の上で組んだ状態で横たわって死亡している被災者を14時10分頃発見したもの。死因が外傷性ショック死であり、右わき腹に擦過傷や肋骨骨折が見られたことから、伐採した木が跳ねて腹部に当たったことが考えられる。","6","農林業","602","林業","60201","木材伐出業","1~9","7","環境等","71","環境等","712","立木等","6","激突され"
"410","2015","平成","27","10","16~17","市発注の道路補修工事において、作業員4名が作業中、ドラグショベルのバケットの作業装置に先端がコの字状のつり上げ器具を取り付けて敷鉄板(1.5×3.0m、重量約700キログラム)をつり上げた際、つり上げ器具から鉄板が外れて、つり荷を押さえていた作業員に倒れかかり、大腿部を挟まれ死亡したもの。","3","建設業","301","土木工事業","30106","道路建設工事業","1~9","3","その他の装置等","37","用具","372","玉掛用具","6","激突され"
"411","2015","平成","27","4","13~14","資材置場に炉(約800キログラム)を降ろそうと、つり上げて旋回したところ、車両積載型トラッククレーンが傾き、横転した。当該クレーンを操作していた被災者は倒れてきたクレーンの下敷きとなり、病院に搬送されたが死亡した。なお、アウトリガーは張り出されていなかった。","15","清掃・と畜業","1501","清掃・と畜業","150102","産業廃棄物処理業","1~9","2","物上げ装置、運搬機械","21","動力クレーン等","212","移動式クレーン","6","激突され"
"412","2015","平成","27","4","15~16","バイクにて配達中、交差点に入ったところ軽自動車と衝突した。(本件事故は、事業場における安全衛生管理との関係が希薄なため、災害調査は実施しない。)","8","商業","802","小売業","80209","その他の小売業","10~29","2","物上げ装置、運搬機械","23","乗物","231","乗用車、バス、バイク","17","交通事故（道路）"
"413","2015","平成","27","1","19~20","工場1階のエクストルージョンコータ(フィルム加工機械)で加工していたフィルムが排出側で詰まり非常停止がかかったことから、詰まったフィルムの除去等復旧作業のため、被災者がスプライサーアームの下方に立ち入って作業していたところ、共同作業者の1人が非常停止を解除する操作を行ったために、当該アームが原点復帰しようと被災者の上に降りてきたことから、これに挟まれ、負傷したもの。","1","製造業","108","化学工業","10805","プラスチック製品製造業","100~299","1","動力機械","16","一般動力機械","163","ロール機（印刷ロール機を除く。）","7","はさまれ、巻き込まれ"
"414","2015","平成","27","9","6~7","豪雨の影響で人員の調整が必要となったことから、通常より早く業務を行うため、自宅近くの拠点で公用車に乗り、事務所に向かっていたところ、近くの河川が増水していた。前方の車両に続き通抜けしようとしたが停車してしまい公用車ごと濁流に流された。当日救助されるもののその後死亡が確認された。","13","保健・衛生業","1302","社会福祉施設","130201","社会福祉施設","50~99","7","環境等","71","環境等","713","水","10","おぼれ"
"415","2015","平成","27","11","1~2","積み場に向かうために、被災者は大型貨物自動車を運転し、バイパス(下り方面)左車線を走行していたところ、前方を走行していた大型貨物自動車(以下、「大型トラック」という。)がパーキング入り口を過ぎた辺りで急停止し、その急停止した大型トラックを避けきれず、大型トラックの荷台に積んでいたH鋼に衝突し死亡した。","4","運輸交通業","403","道路貨物運送業","40301","一般貨物自動車運送業","50~99","2","物上げ装置、運搬機械","22","動力運搬機","221","トラック","17","交通事故（道路）"
"416","2015","平成","27","9","18~19","被災者はダンプ(10トン)を運転し、国道線の緩い右カーブを走行中、中央分離帯の切れ目からはみ出した対向車のトラック(10トン)と衝突し、ダンプ運転手が胸部打撲により死亡した。なお、トラックは、Uターンを行うために中央分離帯をはみ出し対向車線に進入した。","4","運輸交通業","403","道路貨物運送業","40301","一般貨物自動車運送業","1~9","2","物上げ装置、運搬機械","22","動力運搬機","221","トラック","17","交通事故（道路）"
"417","2015","平成","27","1","8~9","二階建住宅の増改築工事において、一階屋根の上で配線を取り外す作業を行っていたところ、約4m下の地面に墜落した。","3","建設業","302","建築工事業","30202","木造家屋建築工事業","1~9","4","仮設物、建築物、構築物等","41","仮設物、建築物、構築物等","415","屋根、はり、もや、けた、合掌","1","墜落、転落"
"418","2015","平成","27","5","12~13","民有地での伐倒作業現場において、被災者がチェーンソーを使用して伐倒した木(樹種:ムクの木、高さ:約25.3m、胸高直径:約35センチメートル)が途中で折れ、折れた伐倒木が被災者の胸部に激突し、被災したもの。","3","建設業","301","土木工事業","30199","その他の土木工事業","1~9","7","環境等","71","環境等","712","立木等","6","激突され"
"419","2015","平成","27","9","9~10","病院敷地内の私道上において、正門付近のマンホールの蓋に設けられたのぞき窓を開けて水道管の流量計の検針作業中、市から業務委託を受けたタクシー会社が運行するバスが市道を左折して正門から進入してきたところ、被災者に気づかずに轢いたもの。意識不明により治療を行っていたが、10月10日の1時に脳挫傷により死亡した。","15","清掃・と畜業","1501","清掃・と畜業","150101","ビルメンテナンス業","10~29","2","物上げ装置、運搬機械","23","乗物","231","乗用車、バス、バイク","7","はさまれ、巻き込まれ"
"420","2015","平成","27","12","22~23","平成27年12月2日(水)午後10時25分頃、宴会場の天井に据付けの照明灯の故障状況を確認するため、被災者が脚立に昇って作業していたところ、高さ約2メートルの位置から転落して頭部を強打し死亡したもの。","14","接客娯楽業","1401","旅館業","140101","旅館業","50~99","3","その他の装置等","37","用具","371","はしご等","1","墜落、転落"
"421","2015","平成","27","8","4~5","被災者が原動機付自転車で新聞配達を行っている途中で、災害発生現場である市道交差点に差し掛かったところ、左方より直進してきた軽自動車と衝突する交通事故が発生した。被災者は胸などを強く打って死亡した。なお、事故原因については警察において調査中であるとのこと。","8","商業","802","小売業","80205","新聞販売業","10~29","2","物上げ装置、運搬機械","23","乗物","231","乗用車、バス、バイク","17","交通事故（道路）"
"422","2015","平成","27","6","12~13","ごみ焼却施設建設現場において、ピット内に組まれた足場の清掃作業を行っていた被災者が、ピットの床からの高さがおよそ20メートルの足場上から墜落し、死亡した。","3","建設業","302","建築工事業","30201","鉄骨・鉄筋コンクリート造家屋建築工事業","1~9","4","仮設物、建築物、構築物等","41","仮設物、建築物、構築物等","411","足場","1","墜落、転落"
"423","2015","平成","27","8","17~18","通常の製造作業終了後、被災者がJIS溶接技能試験の受験を控えているため、アーク溶接の訓練をしていたとき、感電により死亡したもの。","3","建設業","302","建築工事業","30201","鉄骨・鉄筋コンクリート造家屋建築工事業","10~29","3","その他の装置等","33","溶接装置","332","アーク溶接装置","13","感電"
"424","2015","平成","27","10","11~12","被災者は、倒産したもやし工場を購入予定の顧客とともに工場内の水回りの点検作業を行っていた。水回りの確認を行うため通路上(高さ約3.0m 床材:エキスパンドメタル)を歩行中、床材(約0.9m×約0.6m)ごと約3.0m墜落し被災したもの。","3","建設業","303","その他の建設業","30302","機械器具設置工事業","10~29","4","仮設物、建築物、構築物等","41","仮設物、建築物、構築物等","417","通路","1","墜落、転落"
"425","2015","平成","27","8","16~17","同僚3名と門型クレーンの投光器の交換作業を行っていた被災者が、2本の横行レールの間の開口部から約7.5m下の道路に墜落したもの。災害時はペアで配線作業を行っており、被災者は雨よけ用の樹脂製シートにより配線作業を行う同僚の雨よけを行っていた。","3","建設業","303","その他の建設業","30301","電気通信工事業","1~9","2","物上げ装置、運搬機械","21","動力クレーン等","211","クレーン","1","墜落、転落"
"426","2015","平成","27","8","17~18","個人住宅新築工事現場で8時30分頃から外構工事に従事していた作業員が16時35分頃作業を終え、2t車に乗って会社の資材置場に向け出発した途端に熱中症を発症し、救急搬送先の病院で同日、18時頃死亡した。","3","建設業","302","建築工事業","30202","木造家屋建築工事業","1~9","7","環境等","71","環境等","715","高温・低温環境","11","高温・低温の物との接触"
"427","2015","平成","27","4","11~12","食品工場の放冷室内において、冷却設備の取り替え工事のため、アセチレンガス溶接による銅配管の接続(ロウ付け)作業が行われていたとき、工場が火災となったもの。この火災により同作業に従事していた4名(1次下請け労働者2名、2次下請け代表者及び労働者1名)が死亡した。当時、工場は休みであり、工事全体のうち工場内では死亡の4名だけが作業を行っていたもの。","3","建設業","303","その他の建設業","30302","機械器具設置工事業","1~9","3","その他の装置等","33","溶接装置","331","ガス溶接装置","16","火災"
"428","2015","平成","27","9","13~14","事業場内で気分が悪くなり横になっていたところ、頭痛を訴えたため病院に搬送されたが、4日後にくも膜下出血により死亡した。","1","製造業","113","一般機械器具製造業","11301","機械（精密機械を除く）器具製造業","10~29","9","その他","92","起因物なし","921","起因物なし","90","その他"
"429","2015","平成","27","9","15~16","事業場の第3工場棟から第2工場棟へ機械設備を移設作業中、機械設備の一部であるミストコレクター(重さ20キログラム程度)を繊維ベルトで玉掛けし、同ベルトの一端をフォークリフト(最大荷重1500キログラム)のフォークに引っ掛け、つり上げた状態で第2工場に向けて運搬していたところ、ミストコレクターの介添えのためにフォークリフトに併走していた作業員がフォークリフトの右前輪で轢かれ死亡したもの。","4","運輸交通業","403","道路貨物運送業","40303","貨物軽自動車運送業","10~29","2","物上げ装置、運搬機械","22","動力運搬機","222","フォークリフト","7","はさまれ、巻き込まれ"
"430","2015","平成","27","5","0~1","高速自動車道舗装工事現場において、被災者が路肩のはつり状況を写真撮影していたところ、バックしてきたロードスイーパーに轢かれ、被災したもの。","3","建設業","301","土木工事業","30106","道路建設工事業","10~29","1","動力機械","16","一般動力機械","169","その他の一般動力機械","7","はさまれ、巻き込まれ"
"431","2015","平成","27","11","10~11","被災者が集材車(積載荷重10t)で杉伐木を運搬中、作業道(斜度約43度)から集材車と共に約15m転落したもの。被災者は、途中車外に投げ出され脳挫傷により死亡したもの。","6","農林業","602","林業","60201","木材伐出業","1~9","1","動力機械","17","車両系木材伐出機械等","172","走行集材機械","1","墜落、転落"
"432","2015","平成","27","4","14~15","平成27年4月17日午前3時半ころ刺し網船7.3tに乗組員3名が乗り込みタラ漁のため港を出港。11時間半が経過し漁を終えて港に帰港する際の午後2時57分頃、漁船から海上保安本部に通報が入り同日午後5時50分頃、沖22キロメートルの海上で転覆した漁船が発見された。また、漁船発見後の約30分後に海上に浮いている被災者Aを発見、行方不明の被災者Bが9月14日死亡認定","7","畜産・水産業","702","水産業","70201","漁業","1~9","7","環境等","71","環境等","719","その他の環境等","10","おぼれ"
"433","2015","平成","27","10","5~6","鉄道のレール交換工事が午前5時30分に終了し、被災者らは会社事務所へ帰るため、ワゴン車に乗って国道を走行中、ワゴン車がセンターラインをはみ出して、対向車の4トントラックと正面衝突し2名が死亡、1名が負傷した。なお、4トントラックの運転手も被災した。","3","建設業","301","土木工事業","30104","鉄道軌道建設工事業","1~9","2","物上げ装置、運搬機械","23","乗物","231","乗用車、バス、バイク","17","交通事故（道路）"
"434","2015","平成","27","7","3~4","高速道において、被災者は脳内出血を起こし路肩に停車したが、17日後に死亡した。","4","運輸交通業","403","道路貨物運送業","40301","一般貨物自動車運送業","100~299","9","その他","92","起因物なし","921","起因物なし","90","その他"
"435","2015","平成","27","9","9~10","客先の浄化槽の点検作業を行っていたところ、マンホール(直径45センチメートル)から浄化槽内の接触ばっき室(高さ約1m71センチメートル、水深約95センチメートル)内に墜落したもの。その後、搬送先の病院にて死亡が確認されたもの(直接死因:溺死)。","15","清掃・と畜業","1501","清掃・と畜業","150103","その他の廃棄物処理業","10~29","4","仮設物、建築物、構築物等","41","仮設物、建築物、構築物等","418","建築物、構築物","10","おぼれ"
"436","2015","平成","27","2","11~12","首都高速の外壁塗装工事(土木維持補修26-2)において、塗装作業を行っていた2次下請の作業員が火災に巻き込まれ、2名死亡、3名負傷したもの。災害発生時の作業内容は洗浄用ラッカーシンナー(トルエン、メチルエチルケトン、酢酸エチル等含有)による剥離剤の払拭である。","3","建設業","302","建築工事業","30209","その他の建築工事業","1~9","5","物質、材料","51","危険物、有害物等","512","引火性の物","16","火災"
"437","2015","平成","27","5","16~17","携帯電話基地局の15mコンクリート柱を立て、補修作業をするために高所作業車を利用していたところ、高所作業車から柱へ移る際か、柱に移って何らかの作業をしていた際に、高さ8m付近から地面へ墜落したもの。","3","建設業","303","その他の建設業","30301","電気通信工事業","10~29","3","その他の装置等","35","電気設備","359","その他の電気設備","1","墜落、転落"
"438","2015","平成","27","9","11~12","製材機械装置を納めた事業場の出張先において、材送り装置の部分で点検等のため写真撮影を被災者が行っていたところ、遠隔にいた設置事業場の機械操作者が被災者に気付かず装置を起動させたため、ローラー部分と製材装置のフレームとの間に挟まれたもの。","1","製造業","113","一般機械器具製造業","11301","機械（精密機械を除く）器具製造業","10~29","1","動力機械","13","木材加工用機械","139","その他の木材加工用機械","7","はさまれ、巻き込まれ"
"439","2015","平成","27","2","7~8","被災者は無人駅であるホームの除雪作業に午前5時から単独で従事していた。午前9時15分頃、駅ホームに隣接する倉庫内において、机に伏せるような姿で倒れているところを発見されたもの。倉庫のシャッターは閉じられており、除雪機のエンジンはかかったままの状態で、倉庫内には排気ガスが充満していた。死亡診断の血中COヘモグロビン濃度は60%超であったことから、一酸化炭素中毒による死亡と判断される。","4","運輸交通業","401","鉄道・軌道・水運・航空業","40101","鉄道・軌道業","50~99","5","物質、材料","51","危険物、有害物等","519","その他の危険物、有害物等","12","有害物等との接触"
"440","2015","平成","27","6","11~12","国道をLPガスボンベ配送業務のため3tトラックを運転中、道路壁面に接触した後に前方車両の10tトラックに追突し運転室大破により出血性ショックで死亡。医科大学のドクターヘリ医師により同日12:50に死亡確認された。","4","運輸交通業","403","道路貨物運送業","40309","その他の道路貨物運送業","1~9","2","物上げ装置、運搬機械","22","動力運搬機","221","トラック","17","交通事故（道路）"
"441","2015","平成","27","6","12~13","被災者(派遣社員)は、休憩時間に昼食を食べるために、砕石プラントのホッパー前を歩行して移動中、砕石プラントのホッパーに岩石を投入するためにバックしてきたダンプ(車両系荷役運搬機械)の後輪に轢かれ、死亡した。(死亡日時 平成27年6月4日午前3時頃)","2","鉱業","202","土石採取業","20201","採石業","30~49","2","物上げ装置、運搬機械","22","動力運搬機","221","トラック","7","はさまれ、巻き込まれ"
"442","2015","平成","27","9","10~11","被災者は、平成27年9月19日午前10時20分、事業場の労働者により階段踊場で倒れているところを発見され、病院へ搬送され、同日午後3時42分、脳挫傷により死亡した。災害発生時の目撃者はおらず、災害発生時の状況及び発生時刻は不明。","17","その他の事業","1702","その他の事業","170209","その他の事業－その他","50~99","4","仮設物、建築物、構築物等","41","仮設物、建築物、構築物等","413","階段、桟橋","1","墜落、転落"
"443","2015","平成","27","1","15~16","国道のトンネルの入口から50m付近を、死亡した被災者が運転し、同僚が助手席に乗車するトラックが対向車線にはみ出し、逆方向へ向かっていたトラックと正面衝突したもの。事故当時、トンネル内は一部アイスバーン状態であった。","3","建設業","302","建築工事業","30209","その他の建築工事業","1~9","2","物上げ装置、運搬機械","22","動力運搬機","221","トラック","17","交通事故（道路）"
"444","2015","平成","27","3","7~8","被災者は、同僚の労働者1名と共に倉庫内において、飼料が入ったフレコンバッグ(直径約1m、高さ約0.7m、重量0.5トン)が5段3列に積まれているはい(奥行き、高さともに約3.2m)の横で空き袋の整理作業をしていたところ、同僚が整理作業に使用していたフォークリフトの爪が2段目中央のフレコンに当たって破損し、飼料が漏れ始め、その数分後、上部等にある9個のフレコンが崩壊して被災者が下敷きになったもの。","4","運輸交通業","403","道路貨物運送業","40301","一般貨物自動車運送業","100~299","6","荷","61","荷","611","荷姿の物","5","崩壊、倒壊"
"445","2015","平成","27","6","9~10","車両系建設機械(移動式クレーン仕様)を使用して鋼材をクランプの1点吊りで水平移動させていたところ、鋼材を誘導していた被災者が地面に置いていた鉄板の段差でつまずき転倒した際、鋼材に手を掛けたことで荷ぶれが発生し、振れた荷に激突されて被災した。なお、被災時、車両系建設機械はクレーンモードに切り替えられていなかった。","3","建設業","301","土木工事業","30110","上下水道工事業","10~29","1","動力機械","14","建設機械等","142","掘削用機械","6","激突され"
"446","2015","平成","27","10","8~9","被災者は、立木の剪定中、高さ約1.7メートルの三脚脚立から地上に墜落し、負傷した。その7日後に病院において死亡した。","6","農林業","601","農業","60101","農業","1~9","3","その他の装置等","37","用具","371","はしご等","1","墜落、転落"
"447","2015","平成","27","1","16~17","浴室改装工事で、左手に木材、右手に携帯用丸のこ盤を持って引き割り作業をしたところ、携帯用丸のこ盤がぶれ、左手人示指を切断した。左示指切断、創傷感染症、破傷風の疑いで通院により創処置していたが、災害から24日後に破傷風のため入院し、災害から32日後に死亡した。","3","建設業","302","建築工事業","30202","木造家屋建築工事業","1~9","9","その他","91","その他の起因物","911","その他の起因物","90","その他"
"448","2015","平成","27","11","11~12","被災者が高さ約15m、胸高直径約28センチメートルの檜をチェーンソーで伐倒したところ、被災者の背後に立っていた高さ約13m、胸高直径約17センチメートルの檜が蔓で繋がっていたため、伐倒した檜に引っ張られて根元から倒れ、激突したもの。午前11時45分頃、探しに行った同僚が檜の下敷きとなった被災者を発見したもの。","6","農林業","602","林業","60201","木材伐出業","10~29","7","環境等","71","環境等","712","立木等","5","崩壊、倒壊"
"449","2015","平成","27","5","22~23","出張先での業務終了後、社有車で帰社途中、東名高速道路の路肩に社有車を停車させて車外に出て、社有車に再び乗り込もうとした時、走行車線を走行してきたトラックに轢かれたもの。高速道路上で車外に出た理由は不明であるが、社有車の運転席パネル部分には、タイヤの空気圧異常を示す表示が出されていた。","12","教育・研究業","1201","教育・研究業","120109","その他の教育研究業","1000~9999","2","物上げ装置、運搬機械","22","動力運搬機","221","トラック","17","交通事故（道路）"
"450","2015","平成","27","2","13~14","湾口防波堤建設現場において、クラブ船を使用して海中に捨石を投入し、水深約18mの箇所において、人力で捨石を均す作業中、潜水してから約10分後に異常を訴えたため、被災者はさがり綱を使用し、自力で水面に緊急浮上してきた。その後、船上で心肺停止となった。","3","建設業","301","土木工事業","30111","港湾海岸工事業","1~9","7","環境等","71","環境等","714","異常環境等","12","有害物等との接触"
"451","2015","平成","27","7","12~13","被災者はホテルの洗い場に設置されている自社製品の食洗機を修理するため、一人で配電盤室にて配電盤のカバーを開けて食洗機の開閉器の点検作業をしていたところ、露出していた200Vの充電部分に左肩が接触して感電し、死亡したもの。","8","商業","802","小売業","80209","その他の小売業","10~29","3","その他の装置等","35","電気設備","352","電力設備","13","感電"
"452","2015","平成","27","6","8~9","伐木作業を2人で行っていた。被災者がチェーンソーで木を切り、もう一人(下請作業員)は木が宅地側へ倒れないよう重機を操作して支えていた。被災者はチェーンソーで追い口を切っていたところ、チェーンソーが抜けなくなった。木が倒れ始めたため、退避したが、倒木は一旦バウンドして根本が浮き上がり、被災者の背中に落ちてきた。","3","建設業","303","その他の建設業","30309","その他の建設業－その他","10~29","7","環境等","71","環境等","712","立木等","6","激突され"
"453","2015","平成","27","9","14~15","被災者は、1階バックヤードにて、非常用はしご室内(床面積2.03平方メートル)に立ち入り、検品のため商品搬送用台車に使用する棚板を格納していたところ、非常用はしご室の開口部(0.71m×0.42m)から4.47m下の地下1階に棚板ごと墜落したもの(現認者なし)。作業時、非常用はしご室は、地下及び1階ともに消灯していた。","8","商業","802","小売業","80209","その他の小売業","100~299","4","仮設物、建築物、構築物等","41","仮設物、建築物、構築物等","414","開口部","1","墜落、転落"
"454","2015","平成","27","12","13~14","マンションの修繕現場において単管本足場の解体中、上部から滑車により足場板をおろしていたところ足場板が落下し、地上で作業していた被災者に激突したもの。","3","建設業","302","建築工事業","30201","鉄骨・鉄筋コンクリート造家屋建築工事業","1~9","3","その他の装置等","36","人力機械工具等","361","人力クレーン等","4","飛来、落下"
"455","2015","平成","27","4","16~17","取引先工場への出張メンテナンス作業中、大型射出成型機の配管補修作業において、当該配管の締め付け時に工具が外れてバランスを崩し、コンクリート床面まで墜落(高さ5.16m)したもの。","8","商業","802","小売業","80209","その他の小売業","1~9","3","その他の装置等","39","その他の装置、設備","391","その他の装置、設備","1","墜落、転落"
"456","2015","平成","27","4","10~11","高圧洗浄機を用いて鉄筋の錆等を除去する作業を一人で行おうとしていたところ、自らが使用しようとする高圧洗浄機のノズルから噴射された高圧水により、左膝付近から右大腿部にかけて挫裂創を負った。","3","建設業","301","土木工事業","30105","橋梁建設工事業","10~29","1","動力機械","16","一般動力機械","169","その他の一般動力機械","4","飛来、落下"
"457","2015","平成","27","10","11~12","事業場敷地内にある足場に屋根を取り付けるため、隣接する建物の屋根上において作業中、高さ約4メートルの同屋根上から地上に墜落した。","17","その他の事業","1702","その他の事業","170209","その他の事業－その他","10~29","4","仮設物、建築物、構築物等","41","仮設物、建築物、構築物等","415","屋根、はり、もや、けた、合掌","1","墜落、転落"
"458","2015","平成","27","2","9~10","粉粒体運搬車からセメント粉をサイロへ空気圧送しようとしたところ、タンク上面の投入口蓋から空気が漏れる音がしていたため、被災者が投入口蓋のハンドルを操作したところ、投入口から空気が一気に抜けたため、投入口蓋が勢いよく開き、被災者の右の額に激突し、脳挫滅症となり、粉粒運搬車から、3メートル下の地面に落下したもの。","8","商業","802","小売業","80209","その他の小売業","10~29","2","物上げ装置、運搬機械","22","動力運搬機","221","トラック","6","激突され"
"459","2015","平成","27","4","8~9","出勤直後、更衣室で着替え中に倒れ、当日、搬送先病院にて死亡。死因は急性心筋梗塞であった。被災労働者は海外営業担当として海外出張及び海外取引先との折衝を行っており、発病前の時間外・休日労働時間数は40時間程度であったが、海外取引先とのメール対応等を行っていたことを負荷要因として評価し、長期間の過重業務が認められた。","1","製造業","113","一般機械器具製造業","11301","機械（精密機械を除く）器具製造業","30~49","9","その他","92","起因物なし","921","起因物なし","90","その他"
"460","2015","平成","27","5","13~14","始業時刻直前に、事業場4階電気室で点検業務に従事していたところ、当該点検業務に係る点検箇所が存在しない屋上の端から墜落し、死亡したもの。なお、屋上の端には墜落防止用のパラペット(手すり壁:墜落箇所の高さ0.97メートル、幅0.36メートル)がある。地上からパラペット上部までの高さは14.5メートル。","1","製造業","107","印刷・製本業","10701","印刷業","10~29","4","仮設物、建築物、構築物等","41","仮設物、建築物、構築物等","418","建築物、構築物","1","墜落、転落"
"461","2015","平成","27","4","11~12","被災者は、個人住宅の樹木(ナラ)の伐木作業のため、樹木にはしごを固定し、これに昇って上方の幹に滑車を介したロープをかけて、幹を切断し、滑車を利用して切り取った幹を地上に降ろすやり方をしていたところ、被災者がくさびを打ち込んでいた幹が折れ始めたため、これに当たらないようにはしごを降りる途中、足を踏み外して地面に墜落した。保護帽は着用していたが、安全帯の着用無し。(詳細については調査中)","6","農林業","602","林業","60209","その他の林業","1~9","3","その他の装置等","37","用具","371","はしご等","1","墜落、転落"
"462","2015","平成","27","4","8~9","被災者は、チェーンソーを用いて伐倒木(スギ)の枝打ち作業を行っていたところ、離れた箇所で同僚が伐倒したスギの木(胸高直径41センチメートル長さ24m)が被災者側に倒れ、被災者の頭部を直撃し死亡したものである。","1","製造業","104","木材・木製品製造業","10409","その他の木材・木製品製造業","10~29","7","環境等","71","環境等","712","立木等","6","激突され"
"463","2015","平成","27","3","18~19","既存建物のコンクリート壁を解体後に、飛び出している鉄筋をガス溶断により切断し撤去する作業中、頭上で土砂が崩壊し、被災者に直撃し生き埋めになった。崩壊した土砂は、解体前のコンクリート壁と山留杭との間(厚さ約0.8m)に残存していたものであり、その一部分(高さ約4m、幅約3m、奥行約0.8mの範囲)が崩壊、落下したものであった。","3","建設業","302","建築工事業","30201","鉄骨・鉄筋コンクリート造家屋建築工事業","1~9","7","環境等","71","環境等","711","地山、岩石","5","崩壊、倒壊"
"464","2015","平成","27","2","0~1","被災者は業務中に第一種原動機付自転車に乗車して移動中、港の県道で信号待ちをしていたところ、第三者が前方から怒声等を上げながら被災者の首などを包丁で刺し、心肺停止の状態で病院に搬送されたが、まもなく死亡が確定したものである。平成27年9月14日に遺族から遺族補償一時金支給請求書・葬祭料請求書の提出があり、平成28年1月18日に認定されたもの。","17","その他の事業","1702","その他の事業","170209","その他の事業－その他","1~9","9","その他","92","起因物なし","921","起因物なし","90","その他"
"465","2015","平成","27","9","14~15","立木の伐倒を試みるも木が倒れず、ワイヤー等で引き倒すため準備をしていたところ、不意に木が倒れ付近で作業を行っていた被災者に激突した。被災後病院に搬送され療養していたが、容態が急変し平成27年9月7日午後1時27分に死亡が確認された。","3","建設業","301","土木工事業","30199","その他の土木工事業","1~9","7","環境等","71","環境等","712","立木等","4","飛来、落下"
"466","2015","平成","27","9","14~15","被災者他3名は円筒状の鉄柱(φ約50センチメートル、長さ約10m、重量約1.6t)の溶接部に対する検査を行っていた。当該鉄柱は横に倒された状態であったため、円周に沿って溶接された箇所のうち、下部溶接部の検査はそのまま出来ないことから、当該鉄柱を回転させる作業を行う必要があった。被災者が当該鉄柱の外周上部に手を掛けて回転させたところ、回転した鉄柱と背後の建屋壁に頭部をはさまれ、死亡したもの。","17","その他の事業","1702","その他の事業","170209","その他の事業－その他","100~299","5","物質、材料","52","材料","521","金属材料","4","飛来、落下"
"467","2015","平成","27","3","11~12","洗剤工場新築工事において、一階排水処理室の排水貯留槽ピット(約4(縦)×2.1(横)×1.5(深さ)【m】)、気積約10【m3】)内を一人で防水塗料塗布作業を行う予定であった防水工(被災者)が当該作業日の2日後に当該ピット内で仰向けになって倒れて死亡しているのが発見された。","3","建設業","303","その他の建設業","30309","その他の建設業－その他","1~9","5","物質、材料","51","危険物、有害物等","514","有害物","12","有害物等との接触"
"468","2015","平成","27","2","0~1","地下鉄駅で、案内業務交代時にホームから墜落した。","17","その他の事業","1702","その他の事業","170201","警備業","100~299","4","仮設物、建築物、構築物等","41","仮設物、建築物、構築物等","418","建築物、構築物","1","墜落、転落"
"469","2015","平成","27","2","0~1","自動運転により鋼板を圧延する製造ラインにおいて、被災者はライン上を流れている鋼板に疵(きず)があるのを確認した。被災者は鋼板についている疵の原因を確認するために、ロール機のそばまで近づき、ロール機の運転を停止させた上でロール機上から疵の有無を確認した。確認後、自動運転を開始した直後にロール機に転落し、ローラーに巻き込まれ被災したもの。","1","製造業","110","鉄鋼業","11001","製鉄・製鋼・圧延業","1000~9999","1","動力機械","16","一般動力機械","163","ロール機（印刷ロール機を除く。）","7","はさまれ、巻き込まれ"
"470","2015","平成","27","6","11~12","被災者がフォークリフトを運転して、トレーラーから卸すにあたり、トレーラーに取り付けられた道板付近で脱輪し、フォークリフトが進行方向の左側に倒れ、共に転落した被災者の首付近がフォークリフトのヘッドガード付近の下敷きとなり被災したものである。","4","運輸交通業","403","道路貨物運送業","40301","一般貨物自動車運送業","10~29","2","物上げ装置、運搬機械","22","動力運搬機","222","フォークリフト","1","墜落、転落"
"471","2015","平成","27","1","10~11","高速道路の路肩に照明灯を設置する工事。照明灯のコンクリ基礎部分を移動式クレーンの荷台から吊って路肩の穴に入れるべく旋回させていたところ、路肩側に当該クレーンが横転し、誘導者(一次下請の労働者)が移動式クレーンとガードレールとの間に挟まれたもの。荷の重量は1.84t、吊上荷重は2.93t、アウトリガーは道路側は出さず、路肩側は中間張出であった。被災労働者は8日後、搬送先の病院にて死亡したもの。","3","建設業","303","その他の建設業","30301","電気通信工事業","10~29","2","物上げ装置、運搬機械","21","動力クレーン等","212","移動式クレーン","6","激突され"
"472","2015","平成","27","7","14~15","物流センターの中2階に間借りする事業場おいて、商品(カレンダー)のラッピング、箱詰め及び出荷仕分け等の作業に従事していた被災者が、箱詰め梱包済みの商品(60冊/箱×6箱、計60キログラム)を出荷パレットに積むため台車で運搬していたところ、安全柵を取り外していた荷揚開口部から約2.8m下に墜落し、頭部を強打したため、搬送先の病院で死亡した。","1","製造業","117","その他の製造業","11709","その他の製造業－その他","1~9","4","仮設物、建築物、構築物等","41","仮設物、建築物、構築物等","414","開口部","1","墜落、転落"
"473","2015","平成","27","11","10~11","被災者は不燃物を搬出するため、ごみ焼却後に選別され不燃物コンベアバンカーにたまった不燃物を4トントラックの荷台に落とす作業を一人で行っていた。被災者は脚立に跨った状態で、高さ2.4mの位置にあるバンカー底面の水平に可動する底板とフレームの間に首付近を挟まれているところを定時点検を行っていた労働者に発見された。","15","清掃・と畜業","1501","清掃・と畜業","150103","その他の廃棄物処理業","30~49","1","動力機械","16","一般動力機械","169","その他の一般動力機械","7","はさまれ、巻き込まれ"
"474","2015","平成","27","11","6~7","しらす曳網漁への出港のため被災者は漁港の漁船を後退させたが、運転を誤って当該漁船の右後部の排気管の先端が対岸壁に衝突したため、船内の排気管が破損し、冷却用の海水と船舶用ディーゼルエンジンの排気ガスが船内に漏れた。そのため漁を中止して帰港後、被災者は船底に溜まった海水を掻き出す等のために艇後部船底に入った。帰宅後に容体が急変し、一酸化炭素中毒による急性呼吸器窮迫症候群で死亡した。","7","畜産・水産業","702","水産業","70201","漁業","1~9","5","物質、材料","51","危険物、有害物等","514","有害物","12","有害物等との接触"
"475","2015","平成","27","3","23~24","国道でトラックを運転中、下りの左カーブで霧も出ていたため、運転ミスによりガードレールにぶつかり、横転事故を起こし、全身打撲により死亡した。","4","運輸交通業","403","道路貨物運送業","40301","一般貨物自動車運送業","30~49","2","物上げ装置、運搬機械","22","動力運搬機","221","トラック","17","交通事故（道路）"
"476","2015","平成","27","9","15~16","被災者は高速自動車道において行われていた植栽作業(本線上にはみ出した樹木の枝打ち作業)の交通誘導を担当していた。被災者は一区画の植栽作業が終了し、次の作業箇所への移動のための手待ち状態にあったもので、路肩に停車していた標識車の前方で待機していたところ、軽自動車が標識車に追突した。その際、標識車がはずみで前方に押し出され、被災者が切土のり面と標識車との間に挟まれた。","17","その他の事業","1702","その他の事業","170201","警備業","100~299","2","物上げ装置、運搬機械","23","乗物","231","乗用車、バス、バイク","17","交通事故（道路）"
"477","2015","平成","27","1","16~17","接岸中の貨物船の船倉内において、石炭をブル・ドーザーにより集める作業を行っていた被災者が、1.4mの落差のある箇所を走行した際にブル・ドーザーの運転席から投げ出された。ブル・ドーザーはそのまま走行し続けたため、被災者は再度運転席に戻ろうとし、その際に履帯(クローラ)に巻き込まれ、下敷きとなり、全身を圧迫され死亡したもの。","5","貨物取扱業","502","港湾運送業","50202","港湾荷役業","100~299","1","動力機械","14","建設機械等","141","整地・運搬・積込み用機械","7","はさまれ、巻き込まれ"
"478","2015","平成","27","3","5~6","被災労働者は昭和59年4月1日に製パン会社へ入社後、A事業部へ配置換えになったのち各店店長を経て、店舗管理部門の各営業部等の勤務を行った。平成26年8月にB事務所所長に着任し営業圏内の運営管理部下の人事等の業務に従事した。恒常的な長時間労働が認められ、平成27年3月6日に「うつ病」と診断され、同月9日に事務所内で自殺を図り、同月25日に死亡した。","17","その他の事業","1702","その他の事業","170209","その他の事業－その他","1~9","9","その他","92","起因物なし","921","起因物なし","90","その他"
"479","2015","平成","27","3","12~13","店舗2階駐車場において、受電設備の更新工事が行われていた。被災者が当該工事の立ち合いをしていたところ、工事のために床に敷いてあった合板で躓き転倒し、腹部を強打した。","8","商業","802","小売業","80202","自動車小売業","100~299","5","物質、材料","52","材料","522","木材、竹材","2","転倒"
"480","2015","平成","27","11","9~10","混練機の上部の3箇所の点検口(50.5×35.7センチメートル×3箇所)の内、材料投入口側の点検口から水分添加量を確認しようとしたが、粉じんがひどく確認できなかったため、中央部の点検口に設置していた集じん用フードを取り外し、投入口側の点検口に移動させようと持ち上げた時、足を滑らせて中央部の点検口から落下し、混練機のスクリューに巻き込まれて死亡したもの。","1","製造業","108","化学工業","10809","化学肥料製造業","30~49","1","動力機械","16","一般動力機械","162","混合機、粉砕機","7","はさまれ、巻き込まれ"
"481","2015","平成","27","1","10~11","海水を沸騰させた平釜(水深30センチメートル)をたもでかき混ぜる作業中、大量の湯気で視界を失い、釜の縁で躓き、釜に転落し、頭部を除く全身火傷を負った。療養していたが、平成27年4月27日、重度熱傷による多臓器不全で死亡した。","1","製造業","108","化学工業","10801","無機・有機化学工業製品製造業","1~9","3","その他の装置等","34","炉窯等","341","炉、窯","2","転倒"
"482","2015","平成","27","7","0~1","被災者は、作業構台(約3m×3m。手すり、中さん、幅木設置有)上に設置されていたソーラーパネル4基(1基:パネル2枚を架台に取り付けたもの。架台1720×1420ミリメートル。約50キログラム)を撤去するため、架台の番線切りやクレーンの玉掛補助作業を行っていた。2基のソーラーパネルが撤去され、被災者は作業構台上で3基目の架台にスリングロープを一人で掛けようとした際、12.45m下に墜落した。","3","建設業","301","土木工事業","30105","橋梁建設工事業","10~29","4","仮設物、建築物、構築物等","41","仮設物、建築物、構築物等","419","その他の仮設物、建築物、構築物等","1","墜落、転落"
"483","2015","平成","27","1","11~12","民家の下水管布設工事現場において、掘削溝(幅60センチメートル、長さ6.8メートル、深さ1.5メートル)の側壁が崩壊し、溝の中にいた労働者2名が土砂に巻き込まれたもの。","3","建設業","301","土木工事業","30110","上下水道工事業","1~9","7","環境等","71","環境等","711","地山、岩石","5","崩壊、倒壊"
"484","2015","平成","27","1","23~24","被災者が事業場敷地内の私道を通行していたところ、私道脇の高さ約5m法面上に生えている高さ約5mの木が積もった雪の重みで根から倒れ、雪がなだれ、被災者の左胸に枝が激突し、かつ木に積もっていた雪に埋もれた。激突した木の枝は、そのまま被災者の胸を圧迫し、かつ、被災者の頭部も雪に埋もれたため呼吸困難となった。被災者は、病院へ搬送され蘇生処置に成功したものの低酸素脳症で意識不明となり3月17日に死亡した。","14","接客娯楽業","1401","旅館業","140101","旅館業","10~29","7","環境等","71","環境等","719","その他の環境等","5","崩壊、倒壊"
"485","2015","平成","27","2","9~10","通信ケーブルの更新工事において、山頂に設置したウインチで旧ケーブルとこれを架設していたメッセンジャーワイヤーを巻き取る際に、メッセンジャーワイヤーに取付けられたケーブル支持用金具を取り外すため、被災者と現場代理人は支柱上で作業を行っていたところ、被災者は高さ約20mの位置から墜落し、現場代理人は手の指を切断したもの。","3","建設業","303","その他の建設業","30301","電気通信工事業","1~9","4","仮設物、建築物、構築物等","41","仮設物、建築物、構築物等","418","建築物、構築物","1","墜落、転落"
"486","2015","平成","27","2","9~10","チェーンソーで雑木(ナラ)の伐木作業を行っていたところ、伐倒木が被災労働者の頭部に激突し脊椎損傷。医科大学付属病院に救急搬送されたが3日後に死亡。当該伐倒木の受け口は上方向で、山頂からドラグショベルの用途外使用によりワイヤーロープでけん引しながらの伐木であったものの、横方向に倒れ、約13.7m離れた箇所で作業中の被災労働者に接触したもの。","6","農林業","602","林業","60201","木材伐出業","1~9","7","環境等","71","環境等","712","立木等","6","激突され"
"487","2015","平成","27","9","14~15","個人住宅の屋根塗装の前処理として、ゴムホースを用いて屋根上を水洗浄作業中、1階屋根上から約4m墜落し、頭部を石に強打したもの。","3","建設業","302","建築工事業","30202","木造家屋建築工事業","1~9","4","仮設物、建築物、構築物等","41","仮設物、建築物、構築物等","415","屋根、はり、もや、けた、合掌","1","墜落、転落"
"488","2015","平成","27","9","12~13","自社敷地内の雨水排水路の補強工事中、コンクリート製の擁壁(縦約2m 横約1m 厚さ約30センチメートル)を排水路内に立てて支保工で固定していたところ、支保工が折れ、排水路内で作業していた労働者が下敷きとなった。","3","建設業","301","土木工事業","30199","その他の土木工事業","1~9","4","仮設物、建築物、構築物等","41","仮設物、建築物、構築物等","418","建築物、構築物","5","崩壊、倒壊"
"489","2015","平成","27","10","14~15","本件労働災害は一般家屋の解体工事現場において伐木後の木をドラグショベル(機体重量10t以上)で集積していた際に発生したもの。運転者(事業主)がドラグショベルを後退させたころ、右側の履帯に被災労働者の両足が挟まれたもの。死亡日は10月3日。死因は外傷性ショックによる多臓器不良。","3","建設業","302","建築工事業","30202","木造家屋建築工事業","1~9","1","動力機械","14","建設機械等","142","掘削用機械","7","はさまれ、巻き込まれ"
"490","2015","平成","27","5","0~1","土砂運搬船のバラストタンク内で油圧配管の取り外し作業を行っていた。配管は、フランジ間の約3mを交換する予定であり、フランジボルトをガス溶断しているときに、突然火災が発生し、バラストタンク内で作業していた2名が被災した。ガス溶接装置のホースは、甲板から約1m垂れ下がった位置で切れていた。","1","製造業","115","輸送用機械等製造業","11501","造船業","50~99","3","その他の装置等","33","溶接装置","331","ガス溶接装置","16","火災"
"491","2015","平成","27","7","13~14","国道下り線の走行車線において、信号待ちしていた大型トレーラーに、被災者が運転する4tトラックが追突したもの。","4","運輸交通業","403","道路貨物運送業","40301","一般貨物自動車運送業","10~29","2","物上げ装置、運搬機械","22","動力運搬機","221","トラック","17","交通事故（道路）"
"492","2015","平成","27","10","17~18","集荷を終え、事業場へ戻るため、貨物自動車で尾道松江線を走行していたところ、心筋梗塞を発症し、対向車線にはみ出し、対向車線側の法面に乗り上げて横転した。搬送先の病院で死亡が確認された。","11","通信業","1101","通信業","110101","通信業","100~299","9","その他","92","起因物なし","921","起因物なし","90","その他"
"493","2015","平成","27","8","11~12","木造平屋建の倉庫新築工事現場において、外壁下地に貼るシートを固定するため高さ3.66mの仮設足場上(2段目)でしゃがんで作業していたところ、バランスを崩し、足場と建物の間から墜落した。墜落時2段目の布板から1段目の布板に激突したあと、地面のコンクリート床に墜落した。頭部を強打し死亡したもの。保護帽は未着用。","3","建設業","302","建築工事業","30202","木造家屋建築工事業","1~9","4","仮設物、建築物、構築物等","41","仮設物、建築物、構築物等","411","足場","1","墜落、転落"
"494","2015","平成","27","3","10~11","被災者は、現場で使用した発電機及び排水ポンプの片付け作業のため、積載型トラッククレーンへの積み込み作業に従事していたところ、午前10時45分頃、トラック荷台下の道路上に倒れているところを通行人に発見された。通行人からの知らせを受けた同僚が119番通報し救急車で病院に搬送されたが、翌24日に死亡した。なお、翌々日(25日)に司法解剖が行われ、死因は脳動脈瘤破裂によるくも膜下出血であった。","3","建設業","301","土木工事業","30107","河川土木工事業","10~29","9","その他","92","起因物なし","921","起因物なし","90","その他"
"495","2015","平成","27","5","10~11","製材所において、サイロから大型のトラック(14t)の荷台におがくずを1人で積載していた際、トラックの荷台上でおがくずに埋もれていた被災者を発見した。その後、病院で死亡が確認された。","4","運輸交通業","403","道路貨物運送業","40301","一般貨物自動車運送業","1~9","5","物質、材料","52","材料","529","その他の材料","5","崩壊、倒壊"
"496","2015","平成","27","4","11~12","道路拡幅工事現場において、谷側垂直壁の基礎コンクリート(階段状)の型枠組立を被災労働者が行っていたところ、当該箇所は勾配が全体として45度であり、足を滑らせた等により斜面を約5m滑り落ちた。その際、腰に巻いていた道具袋に入っていた約20センチメートルのバールが被災者の腹部に突き刺さり、肝臓を損傷し出血性ショックにより死亡したもの。","3","建設業","301","土木工事業","30106","道路建設工事業","1~9","7","環境等","71","環境等","711","地山、岩石","1","墜落、転落"
"497","2015","平成","27","5","0~1","被災者を含む労働者3名で、林地の周囲を測量していた際に、被災者は測量のために使用するけん縄(測量点間の距離を測るもの)とポール(コンパスと呼ばれる測量器具を測量点に合わせるための目印とするもの)を両手に持ち、次の測量点に移動していたところ、斜面から転落したもの。","6","農林業","602","林業","60209","その他の林業","10~29","7","環境等","71","環境等","711","地山、岩石","1","墜落、転落"
"498","2015","平成","27","8","11~12","被災者は砕石プラントの原石投入ホッパー横の運転室付近で、プラントの機械運転操作及び原石の状況確認を担当していた。午前11時30分、被災者が座り込み体調不良を訴えたため、休憩室へ連れていき休ませていた。回復しないため病院へ連れて行こうとしていたところ意識が消失した。搬送先病院で死亡が確認された。死因は熱中症に伴う急性循環不全だった。","2","鉱業","202","土石採取業","20202","砂利採取業","10~29","7","環境等","71","環境等","715","高温・低温環境","11","高温・低温の物との接触"
"499","2015","平成","27","3","10~11","発電所の配電撤去工事において、ヘリコプターにて撤去資材を運送する業務を行っていたところ、作業開始から発電所と荷卸し場を3往復した後、給油のためにヘリポートに向かう途中、高さ約300メートルの位置にあった送電線に接触して墜落、乗員2名が死亡したもの。","4","運輸交通業","401","鉄道・軌道・水運・航空業","40103","航空業","30~49","2","物上げ装置、運搬機械","23","乗物","239","その他の乗物","18","交通事故（その他）"
"500","2015","平成","27","4","16~17","法面工事に使用したラス金網の余剰分(500キログラム)をドラグショベル(機体重量4.5t)の爪でつり上げ、工事現場内の重機用進入路(傾斜角18~30度)を前つりで走行(下り)していたところ、機体が前のめりに転倒し、運転席から投げ出された被災者がドラグショベルのアームの下敷きとなったもの。","3","建設業","301","土木工事業","30106","道路建設工事業","50~99","1","動力機械","14","建設機械等","141","整地・運搬・積込み用機械","2","転倒"
"501","2015","平成","27","8","0~1","被災者がトラックを運転していたとき、解離性動脈瘤破裂による、くも膜下出血により交差点で右折する前に意識を失い、そのまま街灯に衝突して負傷し、約2週間後に死亡したもの。","4","運輸交通業","403","道路貨物運送業","40301","一般貨物自動車運送業","100~299","9","その他","92","起因物なし","921","起因物なし","90","その他"
"502","2015","平成","27","10","13~14","被災者は体育館耐震補強工事において、最上段のみ作業床を全面に敷き詰めた足場上(高さ約10.3m)で照明器具の取付状況の点検作業を行っていたところ、開口部(約70センチメートル角)から墜落して死亡した。","3","建設業","303","その他の建設業","30301","電気通信工事業","10~29","4","仮設物、建築物、構築物等","41","仮設物、建築物、構築物等","411","足場","1","墜落、転落"
"503","2015","平成","27","8","16~17","被災者は一般木造住宅の解体工事現場において、解体した木材、ガラ等の分別を手作業で朝から行っていたところ、午後4時20分頃、後ろ向きに数歩下がった後、仰向けに倒れ、搬送先の病院で死亡した。死因は血気胸(外傷性の疾病)による致死性不整脈。被災者の胸部前側には線状の接触痕があったことから、午後4時20分以前に被災者は現場内で転倒し解体物等に胸部前側を激突し、その結果肺気胸を発症したものと推測される。","3","建設業","302","建築工事業","30202","木造家屋建築工事業","1~9","4","仮設物、建築物、構築物等","41","仮設物、建築物、構築物等","416","作業床、歩み板","2","転倒"
"504","2015","平成","27","10","14~15","牧場搾乳舎の屋根の補修(応急処置)を6名(屋根上4名、高所作業車1名、地上1名)で行っていたところ、風により屋根鉄板が吹き上がり、屋根鉄板の上に乗っていた被災者4名が屋根鉄板とともに吹き飛ばされ、死亡者1名を含む3名が地面に、1名が高さ違いの低い屋根に墜落したもの。なお、屋根は切妻で、地上から棟(頂点)までは12m、軒まで7.25m、死亡者の位置は9.75mであった。","3","建設業","302","建築工事業","30209","その他の建築工事業","10~29","7","環境等","71","環境等","719","その他の環境等","1","墜落、転落"
"505","2015","平成","27","3","16~17","事業場構内の土場において、構内で使用している樹皮運搬用のトラックを移動させようとした際に、当該トラック上から地面に転落し、頭部を負傷したもの。被災労働者は災害当日の晩に意識不明となり、2日後に急性硬膜下血腫により死亡した。なお、被災労働者がトラックのどの場所から転落したのかは不明である。","8","商業","801","卸売業","80109","その他の卸売業","10~29","2","物上げ装置、運搬機械","22","動力運搬機","221","トラック","1","墜落、転落"
"506","2015","平成","27","3","8~9","生コン搬送用ホッパー下部の扉を開けてホッパー内部の清掃中、扉が閉まり、清掃作業を行っていた被災者の頚部が扉に挟まれたもの。","1","製造業","109","窯業土石製品製造業","10901","セメント・同製品製造業","10~29","2","物上げ装置、運搬機械","22","動力運搬機","229","その他の動力運搬機","7","はさまれ、巻き込まれ"
"507","2015","平成","27","3","7~8","被災者が鋳物から砂を分離し冷却する設備の中に入り、点検作業を行っていたところ、当該設備の外側で点検を行っていた別の作業員が誤って当該設備を回転させてしまったため、中で作業を行っていた被災者が砂と鋳物の混合物に埋まり、窒息し被災したもの。また鋳物及び砂は高温であったため、熱傷を受けたもの。","1","製造業","115","輸送用機械等製造業","11502","自動車・同付属品製造業","300~499","1","動力機械","16","一般動力機械","169","その他の一般動力機械","5","崩壊、倒壊"
"508","2015","平成","27","10","17~18","整備に必要な部品の購入を終えて会社に自転車で戻る途中、乗用車と接触したもの。","4","運輸交通業","403","道路貨物運送業","40301","一般貨物自動車運送業","1~9","2","物上げ装置、運搬機械","23","乗物","231","乗用車、バス、バイク","17","交通事故（道路）"
"509","2015","平成","27","12","4~5","国道において、脇道から進入した新聞配達中の被災者が運転する原付自転車と、国道を走行してきた普通乗用車が衝突し外傷性くも膜下出血のため死亡したもの。","8","商業","802","小売業","80205","新聞販売業","10~29","2","物上げ装置、運搬機械","23","乗物","231","乗用車、バス、バイク","17","交通事故（道路）"
"510","2015","平成","27","1","11~12","鉄骨平屋建て牛舎資材置場の解体工事において、波板スレート屋根の取り外し作業をしていた被災者が屋根上を移動中に波板スレートを踏み抜いて約3.7m下に墜落した。被災者は入院先の病院で平成27年4月27日に脳挫傷で死亡した。","3","建設業","302","建築工事業","30201","鉄骨・鉄筋コンクリート造家屋建築工事業","1~9","4","仮設物、建築物、構築物等","41","仮設物、建築物、構築物等","415","屋根、はり、もや、けた、合掌","1","墜落、転落"
"511","2015","平成","27","6","14~15","被災者は、木造2階建て商業施設建設工事現場において、木造2階床組の根太固定作業中、足を掛けた根太がずれ、高さ3.2mから1階土間コンクリート上に落下、後頭部を強打した。救急車にて病院に搬送され、当日、頭部の血腫除去手術を受けた後、入院療養中であったが、7月26日に急性呼吸不全により、死亡したもの。災害当日、ヘルメットは着用していたが、安全帯を使用していなかった。","3","建設業","302","建築工事業","30202","木造家屋建築工事業","30~49","4","仮設物、建築物、構築物等","41","仮設物、建築物、構築物等","415","屋根、はり、もや、けた、合掌","1","墜落、転落"
"512","2015","平成","27","11","14~15","製品である圧縮した古紙の塊(大きさ1m×1m×2m、重量:約1t)48個を搬出前に工場内で6段に積み上げて保管していたが、被災者が工場床の清掃作業をしている際にこれが崩壊し、その下敷きとなったもの。","8","商業","801","卸売業","80109","その他の卸売業","10~29","6","荷","61","荷","611","荷姿の物","5","崩壊、倒壊"
"513","2015","平成","27","1","23~24","平成27年1月14日から15日の日程で、東日本大震災復旧関係の打ち合わせのため、出張していたホテルにおいて、チェックアウト時間になっても手続きに来なかったため、ホテルの従業員が入室したところ、ベッドに寝たままの状態で死亡していた。","17","その他の事業","1702","その他の事業","170209","その他の事業－その他","1~9","9","その他","92","起因物なし","921","起因物なし","90","その他"
"514","2015","平成","27","6","16~17","廃棄物の分別・圧縮作業を終えて片付け等の作業をしていた被災者が、廃棄物を廃棄物圧縮機に投入するための垂直昇降反転機の搬器から圧縮機内に墜落(墜落高さ2m未満)し、搬送先の病院で死亡したもの。","15","清掃・と畜業","1501","清掃・と畜業","150102","産業廃棄物処理業","1~9","2","物上げ装置、運搬機械","21","動力クレーン等","219","その他の動力クレーン等","1","墜落、転落"
"515","2015","平成","27","1","15~16","被災者が、高さ約6メートルの屋根の端部から墜落し、災害発生現場に設置されていた灯油タンクに激突した後、地面に転落し、死亡したもの。災害発生時、被災者は2階建ての建物の屋根(勾配約20度)上において、長さ約1メートルのスコップを用い、雪庇を除去する作業を行っていた。作業位置及び隣接部に、足場等は設けられておらず、安全帯及びヘルメット等の保護具は未着用であった。","3","建設業","301","土木工事業","30199","その他の土木工事業","10~29","4","仮設物、建築物、構築物等","41","仮設物、建築物、構築物等","415","屋根、はり、もや、けた、合掌","1","墜落、転落"
"516","2015","平成","27","5","4~5","5月12日(火)未明、県道で、被災者が運転する車がショッピングモールの業者用出入口から県道に出たところ、県道走行中の代行運転業の車が被災者の車の運転席側に衝突し、被災者は頭部を強打し死亡したもの。また、衝突した代行運転業の車の運転者及び同乗者(いずれも労働者)が負傷した。","8","商業","802","小売業","80205","新聞販売業","100~299","2","物上げ装置、運搬機械","23","乗物","231","乗用車、バス、バイク","17","交通事故（道路）"
"517","2015","平成","27","2","11~12","造船所構内にて、船体ブロック両側面の傾斜部(高さ約2メートルの位置)に掛け渡す形で乗せていた補強鋼材(長さ約8メートル、重さ約1.66トン)が滑り落ち、近くで溶接作業を行っていた被災者の上半身に当たり、死亡したもの。","1","製造業","115","輸送用機械等製造業","11501","造船業","1~9","5","物質、材料","52","材料","521","金属材料","4","飛来、落下"
"518","2015","平成","27","1","2~3","新聞配達中、国道を横断しているときに軽自動車にはねられたもの。","8","商業","802","小売業","80205","新聞販売業","10~29","2","物上げ装置、運搬機械","23","乗物","231","乗用車、バス、バイク","17","交通事故（道路）"
"519","2015","平成","27","12","11~12","2階建て一般住宅の塗装工事現場において、被災者は2階屋根上で塗装作業を行っていたが、自らが塗った塗料を踏んで足を滑らせて転倒、屋根を滑り落ちて軒先の雪止めに引っ掛かり一度は止まった。しかし、被災者はその場で立ち上がり、躯体外部に設置してあった単管に飛び移ろうとしたが、単管を掴み損ない、養生シートを突き破って敷地外に飛び出し、約7m下のアスファルト路面に墜落したもの。","3","建設業","302","建築工事業","30209","その他の建築工事業","1~9","4","仮設物、建築物、構築物等","41","仮設物、建築物、構築物等","415","屋根、はり、もや、けた、合掌","1","墜落、転落"
"520","2015","平成","27","9","14~15","棟上げ初日で2階南側床パネルが敷かれた作業床端部において床パネルの釘打ち作業を行っていたところ、別途移動式クレーン(吊上げ荷重13トン)により吊り上げられた床パネル材(緊結15枚、重さ300キログラム)が、被災者の上方3、5メートルで荷崩れを起こし、床材1枚が被災者の背中に当たり、それにより、被災者は当該作業床端部から3、8メートル下の地面に墜落し頭蓋骨骨折、肝臓からの出血多量で死亡した。","3","建設業","302","建築工事業","30202","木造家屋建築工事業","1~9","3","その他の装置等","37","用具","372","玉掛用具","4","飛来、落下"
"521","2015","平成","27","2","14~15","平成27年2月3日、総務部長が長さ112センチメートル、直径112センチメートル、重さ880キログラムのファーストケーシングの修理を依頼をし、依頼を受けた被災者は、構内で1人修理作業を行っていた。2月4日の午前8時頃、出勤してきた者が被災者の車が駐車場に置いてあることに気づき、構内を確認したところ、ファーストケーシングに胴体を挟まれている被災者を発見したもの。","1","製造業","112","金属製品製造業","11209","その他の金属製品製造業","1~9","1","動力機械","14","建設機械等","143","基礎工事用機械","7","はさまれ、巻き込まれ"
"522","2015","平成","27","9","14~15","被災者は荷主先でトラック(積載荷重3.55t)に荷積みしてもらった後、テントハウスで一人で荷締め作業を行っていた。トラックの荷(4段に積まれた角材、ビニール包装)を、荷締め機械を用いて荷締め作業を行っていたところ、何らかの原因によりトラック上部から地面(コンクリート)に墜落し頭部を強打したもの。ヘルメットは着用していた。","4","運輸交通業","403","道路貨物運送業","40301","一般貨物自動車運送業","10~29","2","物上げ装置、運搬機械","22","動力運搬機","221","トラック","1","墜落、転落"
"523","2015","平成","27","3","16~17","建設業を行っている事業場の土取り場の前方が下がった場所で、ダンプカーに積んだ土砂を下し、50センチメートルほど前進させダンプカーの前面で用を足していたところ、動き出したダンプカーにひかれたもの。","3","建設業","301","土木工事業","30109","土地整理土木工事業","10~29","2","物上げ装置、運搬機械","22","動力運搬機","221","トラック","7","はさまれ、巻き込まれ"
"524","2015","平成","27","4","20~21","道路舗装工事において、路面切削機の作業開始前点検中、油圧ホースから油漏れが確認されたため、ベルトコンベアー部分を垂直に立てた状態で、運転手2名が油圧ホースの交換作業を行っていたところ、ベルトコンベアー部分が機体側へ倒れ、1名は逃げたものの、被災者が機体との間に挟まれ被災したもの。なお、被災者は意識不明のまま病院で治療を受けていたが、死亡したもの。","3","建設業","301","土木工事業","30106","道路建設工事業","10~29","1","動力機械","14","建設機械等","149","その他の建設機械等","7","はさまれ、巻き込まれ"
"525","2015","平成","27","1","14~15","ごみ処理施設建設工事現場のエネルギー回収推進施設の3階にある電気関係の主幹制御室に台車に載せた制御盤(高さ2.35m×幅1.2m×奥行0.8m、重量350キログラム)を労働者4名で台車から降ろす作業中、制御盤が転倒してその下敷きとなった。","3","建設業","303","その他の建設業","30302","機械器具設置工事業","10~29","6","荷","61","荷","611","荷姿の物","6","激突され"
"526","2015","平成","27","8","13~14","農道を砂利転圧作業していたロードローラーのオペレーターが、後方にくぼみがあるのを見つけ、くぼみに砂利を詰めるためにローラーから降車した。降車の際にギヤをニュートラルにして降りようとしたところ、ギヤに体の一部が触れてしまいローラーが無人の状態で前進してしまった。ローラーの約7m前方にいた現場監督は気が付かずに無人で前進してきたローラーにひかれた。","3","建設業","301","土木工事業","30106","道路建設工事業","1~9","1","動力機械","14","建設機械等","144","締固め用機械","7","はさまれ、巻き込まれ"
"527","2015","平成","27","5","15~16","被災者は、ダンプの荷台に廃材を積み込む作業において、荷台上で車両系建設機械の誘導を行っていたところ、バランスを崩し約3.3m下の地面に墜落したもの。","3","建設業","303","その他の建設業","30309","その他の建設業－その他","30~49","2","物上げ装置、運搬機械","22","動力運搬機","221","トラック","1","墜落、転落"
"528","2015","平成","27","9","13~14","道路に隣接する個人宅の石垣が崩壊する危険性があったため、機体重量5tのドラグショベルとつり上げ荷重25tの移動式クレーンを用いて、既存の岩を取り外し、組み直す作業を行っていた。昼休憩を終え、石垣裏の土砂を同僚がドラグショベルのバケットですくい右旋回したところ、被災者がちょうど旋回範囲である石垣の上にいたため、当該バケットに跳ね飛ばされ、2.15m下の地上に墜落したもの。","3","建設業","301","土木工事業","30199","その他の土木工事業","1~9","1","動力機械","14","建設機械等","142","掘削用機械","6","激突され"
"529","2015","平成","27","8","12~13","配達先近くの路上にて車内での待機中、同僚が納品作業中車両に部品を取りに戻ったところ道路上に倒れており、近所の方に介護を受けていたもの(当人より気分が悪いと申し出があったため、午前11時30頃(4件目の配送中)より車内で休憩させていた)。熱中症と診断される。","4","運輸交通業","403","道路貨物運送業","40301","一般貨物自動車運送業","10~29","7","環境等","71","環境等","715","高温・低温環境","11","高温・低温の物との接触"
"530","2015","平成","27","11","9~10","被災者は国道事務所出張所において工事の打ち合わせを終えた後、会社所有の軽トラックに乗って会社に戻るため、国道トンネル内を市街地から郊外方面に向かって走行していたところ、対向車線にはみ出し、対向して来た大型ダンプトラックと正面衝突し、出血性ショックで死亡したもの。なお、大型ダンプトラックの運転手も休業4日以上の負傷となった。","3","建設業","301","土木工事業","30106","道路建設工事業","1~9","2","物上げ装置、運搬機械","22","動力運搬機","221","トラック","17","交通事故（道路）"
"531","2015","平成","27","3","10~11","ヘリコプターを使用し資材の運搬を行い、当該資材の荷下ろし完了後、燃料補給のため場外離着陸場に移動を開始したところ、送電線に接触し墜落炎上した。","4","運輸交通業","401","鉄道・軌道・水運・航空業","40103","航空業","30~49","2","物上げ装置、運搬機械","23","乗物","239","その他の乗物","18","交通事故（その他）"
"532","2015","平成","27","4","0~1","仕事量の著しい増加に伴い長時間労働が大幅に増加したことにより精神疾患となり、自殺した。(縊死)","8","商業","804","その他の商業","80401","倉庫業","30~49","9","その他","92","起因物なし","921","起因物なし","90","その他"
"533","2015","平成","27","11","18~19","被災者等はフォークリフトを使用してドーリーから積み荷(ドイツからの空輸便)を降ろす作業を行っていた。積み荷の中央には、パレット付けされた荷の間に挟み込んでキャスター付きの折りたたみ式トランポリンが積み込まれていたが、当該トランポリン周辺の片側の積み荷が降ろされた際に、キャスターが動き、ドーリーの台座のすき間の溝に脱輪した後に倒壊し、被災者が下敷きとなったもの。なお、被災者は技能実習生であった。","5","貨物取扱業","501","陸上貨物取扱業","50101","陸上貨物取扱業","100~299","2","物上げ装置、運搬機械","22","動力運搬機","229","その他の動力運搬機","5","崩壊、倒壊"
"534","2015","平成","27","3","0~1","橋の北側交差点において、被災者(乙)が右折のため信号待ちしていたところ、橋から北方面に直進してきた加害者(甲)が運転する乗用車が乙の乗用車後方に激突し、衝撃で前方に突き飛ばされた乙の乗用車が乙の前方で信号待ちしていた丙の乗用車に激突、さらに前方に突き飛ばされた丙の車にミニバイクが激突し、衝撃で反対車線に飛び出した甲の乗用車に丁が運転する2トントラックが激突したもの。","8","商業","802","小売業","80209","その他の小売業","100~299","2","物上げ装置、運搬機械","23","乗物","231","乗用車、バス、バイク","17","交通事故（道路）"
"535","2015","平成","27","7","10~11","下水道管の更新工事に伴い、地下に埋設された管の撤去を行うため、道路をドラグショベルで開削(長さ6.7m、幅2.1m、深さ2.5m)し、山留のためにドラグショベルで鋼矢板を打設した後に、被災者と同僚の2名で溝内に入り、腹起し角パイプを取付け、切ばりを取付けようとしていたところ、土止め支保工が崩壊し、鋼矢板と腹起しの間に首がはさまれた。その後、救出され病院へ搬送されたが同日午後1時17分に死亡した。","3","建設業","301","土木工事業","30110","上下水道工事業","10~29","4","仮設物、建築物、構築物等","41","仮設物、建築物、構築物等","412","支保工","5","崩壊、倒壊"
"536","2015","平成","27","6","1~2","客を乗せて道路を走行中、何らかの原因で交差点の中央分離帯に激突したもの。","4","運輸交通業","402","道路旅客運送業","40201","ハイヤー・タクシー業","30~49","2","物上げ装置、運搬機械","23","乗物","231","乗用車、バス、バイク","17","交通事故（道路）"
"537","2015","平成","27","3","17~18","被災者は、高炉の燃料となる微粉末の石炭と窒素を封入していたジェットパック車(貨物自動車の後部に円筒形のタンクを搭載している)をペレット製造設備のサイロに運搬後、次の運搬をするためにジェットパック車のタンク上部のハッチを開け作業を行っていたところ、安全帯に吊られハッチ内部に上半身を入れた状態で同僚に発見された。発見時にタンク内の底部にはハッチに取り付けるパッキンと玉掛け用補助手工具が落ちていた。","4","運輸交通業","403","道路貨物運送業","40301","一般貨物自動車運送業","50~99","7","環境等","71","環境等","714","異常環境等","12","有害物等との接触"
"538","2015","平成","27","5","20~21","体育館プール棟の建設工事(RC造)において、プール棟2階スラブコンクリートの打設後、腰壁部のコンクリートの天端均し作業を一人で行っていた被災者は、何らかの理由により、うつ伏せに倒れ、硬化していないスラブコンクリートに顔が埋まり、窒息により死亡した。","3","建設業","302","建築工事業","30201","鉄骨・鉄筋コンクリート造家屋建築工事業","10~29","4","仮設物、建築物、構築物等","41","仮設物、建築物、構築物等","418","建築物、構築物","99","分類不能"
"539","2015","平成","27","2","13~14","小学校改築工事現場において、現場代理人がトイレの床から1.64メートル下のトイレピット内をのぞき込んだところ、ピット内で頭部周辺に血が広がり、右足の靴が脱げ、仰向けの状態で倒れている被災者が発見され、搬送後急性硬膜下血腫等で入院治療を受けていたが、併発していた誤嚥性肺炎で死亡したものである。","3","建設業","303","その他の建設業","30301","電気通信工事業","10~29","9","その他","92","起因物なし","921","起因物なし","90","その他"
"540","2015","平成","27","1","1~2","被災者は、結婚式場で結婚式の撮影を終了した後、乗用車で次の町に向かった。高速自動車道下り線を運転し、目的のインターチェンジで高速道路を降りようとしたところ、高速道路本線と出口分岐路の間にある分岐点のクッションドラム(緩衝材)に乗用車が突っ込み、その反動で乗用車が飛び、約18メートル離れた分岐路進行方向右側のガートレール及び街灯に運転席から激突した。","17","その他の事業","1702","その他の事業","170209","その他の事業－その他","10~29","2","物上げ装置、運搬機械","23","乗物","231","乗用車、バス、バイク","17","交通事故（道路）"
"541","2015","平成","27","8","14~15","被災者は、LNGタンク建設工事現場において、底板の溶接作業に従事していた。同時刻、タンク内の高さ44.2mの足場上では、他の事業場の労働者が吊りピース(7.6キログラム)を屋根の梁に溶接する作業を行っていた。この作業は、吊りピースを持つ者とその反対側から溶接する者の2人作業であるが、吊りピースを持っていた者が何らかの原因により感電し、吊りピースを落としてしまい、吊りピースが被災者の背部に当たったもの。","3","建設業","303","その他の建設業","30302","機械器具設置工事業","50~99","5","物質、材料","52","材料","521","金属材料","4","飛来、落下"
"542","2015","平成","27","1","8~9","釘等の建設金具の自動塗装機械の起動後、コンベアーで運ばれた釘が円筒状のかごに投入され、かごが塗装液の入ったタンク上に水平移動した際、被災者がかごの送給装置のバー部分とガイドレールとの間に頭部を挟まれたもの。被災者は救急搬送されたが、入院先の病院で2日後に死亡した。災害発生時に機械に異常等は確認されておらず、被災者が機械の可動部へ近づいた原因は不明。","1","製造業","112","金属製品製造業","11204","めっき業","1~9","1","動力機械","16","一般動力機械","169","その他の一般動力機械","7","はさまれ、巻き込まれ"
"543","2015","平成","27","5","8~9","個人住宅のベランダ改修工事において、ウッドデッキ上で床板を外す作業において、足をかけた木製梁が腐食により折れ、当該梁と共に約4.6m下のコンクリート土間に転落した。安全帯、保護帽着用なし。","3","建設業","302","建築工事業","30202","木造家屋建築工事業","1~9","4","仮設物、建築物、構築物等","41","仮設物、建築物、構築物等","416","作業床、歩み板","1","墜落、転落"
"544","2015","平成","27","11","9~10","住宅新築工事において、水道管等の敷設作業を請負った関係請負人の労働者が、ドラグショベル(ミニバックホー)で掘削作業中、埋まっていたガスのポリエチレン管をバケットで破損させた。労働者が破損した配管を補修しようと深さ約80センチメートル掘った掘削箇所内に入り作業を行っていたところぐったりしたため、同僚がすぐさま掘削箇所内から引き上げたがその後酸欠により死亡したもの。","3","建設業","302","建築工事業","30202","木造家屋建築工事業","10~29","5","物質、材料","51","危険物、有害物等","513","可燃性のガス","12","有害物等との接触"
"545","2015","平成","27","3","14~15","商店街アーケードの点検用通路等の試し塗り作業に従事していた際、本通路の外側にある梁上において何らかの作業をしていたとき、バランスを崩し、約7メートル下に墜落したもの。","3","建設業","302","建築工事業","30209","その他の建築工事業","1~9","4","仮設物、建築物、構築物等","41","仮設物、建築物、構築物等","415","屋根、はり、もや、けた、合掌","1","墜落、転落"
"546","2015","平成","27","5","16~17","国道共同溝補強のためのシートパイルを敷設する工事において、掘削土留め用鋼矢板をワイヤーロープとキャッチクランプを用いて、移動式クレーンにて吊り上げ作業を行っていたところ、当該ワイヤーロープから掘削土留め用鋼矢板が外れ、下方で作業していた被災者に鋼矢板が当たり、頭部挫傷および大腿部骨折をした被災者が死亡したもの。","3","建設業","301","土木工事業","30199","その他の土木工事業","1~9","3","その他の装置等","37","用具","372","玉掛用具","4","飛来、落下"
"547","2015","平成","27","6","0~1","通を南方向に走行していたタクシーが、交差点において、何らかの原因により急発進し、東西方面の通の対向車側の歩道にある柵及び電柱に衝突し横転したもの。運転手は病院に運ばれたが死亡、乗客4人は軽傷。","4","運輸交通業","402","道路旅客運送業","40201","ハイヤー・タクシー業","100~299","9","その他","92","起因物なし","921","起因物なし","90","その他"
"548","2015","平成","27","6","8~9","事業場所有の資材倉庫のトタン屋根張り替え作業において、労働者4名によりトタン屋根の撤去作業中、被災者はトタン屋根を踏み抜き約5m下のコンクリート床に墜落した。頭蓋骨骨折で意識不明の重体であったが、平成27年6月9日夜に亡くなったもの。","3","建設業","302","建築工事業","30202","木造家屋建築工事業","10~29","4","仮設物、建築物、構築物等","41","仮設物、建築物、構築物等","415","屋根、はり、もや、けた、合掌","1","墜落、転落"
"549","2015","平成","27","3","13~14","顧客先の荷物用昇降機(積載荷重200キログラム表示)のモーターを交換するために、点検・確認作業を行っていたところ、モーターと巻き上げ機の軸継手が破損し、破片が点検作業員である被災者の頭部に激突したもの。(単独作業であった)","8","商業","801","卸売業","80109","その他の卸売業","30~49","2","物上げ装置、運搬機械","21","動力クレーン等","214","エレベータ、リフト","4","飛来、落下"
"550","2015","平成","27","5","13~14","農道改良工事現場(延長561.8メートル、幅6メートル)において、被災者が、移動式クレーン機能付きドラグ・ショベルのバケットにフックを格納していたところ、同僚の運転する10トンダンプが14.6メートル前方から後退してきたため、ダンプ後部とバケットとの間に挟まれ、被災したもの。","3","建設業","301","土木工事業","30106","道路建設工事業","10~29","2","物上げ装置、運搬機械","22","動力運搬機","221","トラック","7","はさまれ、巻き込まれ"
"551","2015","平成","27","10","11~12","建設工事現場内において、パレットに積んだポリマーモルタル40袋(2段重ね合計800キログラム)を、2.63tトラッククレーンを用い荷卸し作業中、荷台上で荷を地切りしたところ、つり荷のパレットが当該クレーンの荷台前方側に接触したため、ブームを4.72m(2段階目)に伸ばし、当該クレーン荷台の横に下ろそうと旋回した際、当該クレーンが横転し、当該クレーン横で操作をしていた被災者が下敷きになった。","3","建設業","301","土木工事業","30107","河川土木工事業","10~29","2","物上げ装置、運搬機械","21","動力クレーン等","212","移動式クレーン","2","転倒"
"552","2015","平成","27","1","23~24","パチンコ店閉店後の清掃業務を行っていた労働者が、台車にゴミを乗せて外のゴミ箱に運ぼうと道路を移動中、後ろから走行してきた乗用車にひかれ、脳挫傷により死亡したもの。被災者の所属事業場はパチンコ店を経営する会社の子会社で、同社が経営するパチンコ店の閉店後の清掃業務のみを請負により行っている。","15","清掃・と畜業","1501","清掃・と畜業","150101","ビルメンテナンス業","30~49","2","物上げ装置、運搬機械","23","乗物","231","乗用車、バス、バイク","17","交通事故（道路）"
"553","2015","平成","27","9","0~1","被災者は、ビル屋上に設置された足場(手すりあり、昇降設備なし)において看板の撤去作業を行っていたところ、高さ約10メートルの足場の作業床から屋上面に墜落し死亡したもの。","3","建設業","302","建築工事業","30209","その他の建築工事業","1~9","4","仮設物、建築物、構築物等","41","仮設物、建築物、構築物等","411","足場","1","墜落、転落"
"554","2015","平成","27","4","13~14","平屋木造家屋新築工事現場において、被災者は屋根部分の垂木を設置する作業のため、高さ5.37mの棟木(屋根の最上部に設置された垂木を取り付ける為の材)に上り作業を行っていたところ、バランスを崩し土間コンクリート上に墜落したもの。なお、災害発生時において、作業床の設置、ヘルメットの着用及び安全帯の着用(取付設備設置なし)等の墜落防止措置は講じられていなかったもの。","3","建設業","302","建築工事業","30202","木造家屋建築工事業","1~9","4","仮設物、建築物、構築物等","41","仮設物、建築物、構築物等","415","屋根、はり、もや、けた、合掌","1","墜落、転落"
"555","2015","平成","27","1","12~13","公園の整備工事における公園入退出用スロープの修繕作業にて、クローラ式ドラグショベル(機体重量2.26t)を用いて作業を行っていた。ドラグショベルを移動するためスロープ(傾斜角7°)上に仮置きされた厚さ19センチメートルのコンクリートガラ上をスロープ登り方向に進行させ通過しようとしたところ、真後ろの方向に転倒。ドラグショベルの後ろ側で地面のならし作業をしていた被災者がドラグショベルのブームと地面に挟まれたもの","3","建設業","301","土木工事業","30199","その他の土木工事業","1~9","1","動力機械","14","建設機械等","142","掘削用機械","7","はさまれ、巻き込まれ"
"556","2015","平成","27","7","14~15","廃車の燃料タンクからガソリンをペール缶に移し替え、蓋をしないままペール缶を貯蔵庫へ運んでいた際、何らかの原因によりガソリンに引火し、全身やけどを負った。","8","商業","801","卸売業","80109","その他の卸売業","1~9","5","物質、材料","51","危険物、有害物等","512","引火性の物","16","火災"
"557","2015","平成","27","5","8~9","木造住宅新築工事現場において、梁の組立作業中、高さ約4メートルの梁上で移動式クレーンによりつり上げられた梁の玉外し作業をしていたところ、玉外し作業が終わる前にフックが巻上げられたため、その反動でバランスをくずして、梁上から墜落した。即日病院に搬送され、意識不明の状態が続いていたが、平成27年12月16日に死亡した。","3","建設業","302","建築工事業","30202","木造家屋建築工事業","1~9","2","物上げ装置、運搬機械","21","動力クレーン等","212","移動式クレーン","1","墜落、転落"
"558","2015","平成","27","4","11~12","食品工場の放冷室内において、冷却設備の取り替え工事のため、アセチレンガス溶接による銅配管の接続(ロウ付け)作業が行われていたとき、工場が火災となったもの。この火災により同作業に従事していた4名(1次下請け労働者2名、2次下請け代表者及び労働者1名)が死亡した。当時、工場は休みであり、工事全体のうち工場内では死亡の4名だけが作業を行っていたもの。","3","建設業","303","その他の建設業","30302","機械器具設置工事業","10~29","3","その他の装置等","33","溶接装置","331","ガス溶接装置","16","火災"
"559","2015","平成","27","10","5~6","鉄道のレール交換工事が午前5時30分に終了し、被災者らは会社事務所へ帰るため、ワゴン車に乗って国道を走行中、ワゴン車がセンターラインをはみ出して、対向車の4トントラックと正面衝突し2名が死亡、1名が負傷した。なお、4トントラックの運転手も被災した。","3","建設業","301","土木工事業","30104","鉄道軌道建設工事業","1~9","2","物上げ装置、運搬機械","23","乗物","231","乗用車、バス、バイク","17","交通事故（道路）"
"560","2015","平成","27","7","18~19","被災者は、荷物運送のため25トントラックを運転中、高速自動車道下り線サービスエリアに向かう片道一車線の流出路において、右カーブを曲がり切れずに横転しコンクリート側壁に衝突したもの。","4","運輸交通業","403","道路貨物運送業","40301","一般貨物自動車運送業","30~49","2","物上げ装置、運搬機械","22","動力運搬機","221","トラック","17","交通事故（道路）"
"561","2015","平成","27","6","16~17","解体したクレーンの鉄屑をガス溶断していたところ、溶断していた鉄板が倒れて、災害当日に死亡したもの。","1","製造業","112","金属製品製造業","11209","その他の金属製品製造業","30~49","5","物質、材料","52","材料","521","金属材料","5","崩壊、倒壊"
"562","2015","平成","27","8","9~10","個人邸の住宅防音工事において、脚立足場(6尺の脚立の1段目に足場板を設置)上で窓のサッシの交換作業を行っていた作業者が、作業床上から墜落したもの。救急車で病院に搬送されたが、死亡した。","3","建設業","302","建築工事業","30209","その他の建築工事業","1~9","4","仮設物、建築物、構築物等","41","仮設物、建築物、構築物等","411","足場","1","墜落、転落"
"563","2015","平成","27","3","7~8","4tトラックで荷物を運んだ後、営業所へ戻る途中、高速道上り線で、道路左側のガードレールにぶつかった後、中央分離帯に衝突し、はずみで再度左側ガードレールにぶつかって、突き破り、高速道から高さ約3メートル下の町道に転落し、道路脇の電柱に衝突した。被災者は車外に投げ出され、頭の骨を折るなどの外傷性ショックにより約4時間後に死亡した。","4","運輸交通業","403","道路貨物運送業","40301","一般貨物自動車運送業","1~9","2","物上げ装置、運搬機械","22","動力運搬機","221","トラック","17","交通事故（道路）"
"564","2015","平成","27","2","0~1","高速自動車道上り線第一および第二走行車線を規制し、規制範囲内において高所作業車を設置した。労働者2名がバケットに乗車して、高速道路上部に跨るコンクリート橋の補修作業を行っていたところ、追い越し車線を走行していたトラックが規制範囲内に侵入してきて、トラックの荷台(高さ約3.8m)がバケットの底部に接触した。バケットに乗車していた2名の労働者は路上に投げ出されて1名が死亡し、1名が左足を骨折した。","3","建設業","301","土木工事業","30105","橋梁建設工事業","1~9","2","物上げ装置、運搬機械","22","動力運搬機","221","トラック","17","交通事故（道路）"
"565","2015","平成","27","5","9~10","建物(7階建て)外面の窓ガラス清掃をブランコを使用して行っていたところ、7階清掃中において屋上から吊り下げていたメインロープが切れて約20メートル下のアスファルト舗装歩道上に墜落したもの。なお、墜落防止用のロリップが設置されていたが、被災者はこれを使用していなかったもの。","15","清掃・と畜業","1501","清掃・と畜業","150101","ビルメンテナンス業","50~99","3","その他の装置等","37","用具","379","その他の用具","1","墜落、転落"
"566","2015","平成","27","9","9~10","私有林の広葉樹(けやき)を伐倒するため、高さ10.7mの箇所に登り枝切り作業をしていた被災者が、次の枝を切るため少し高いところに昇ろうと、立木に回した安全帯のランヤードのロープ部分をズリあげ等していたところ、安全帯のベルト部分が外れて転落し被災した。安全帯は規格外のものであり、ベルトのバックル部分が外れたもの。","6","農林業","602","林業","60201","木材伐出業","1~9","7","環境等","71","環境等","712","立木等","1","墜落、転落"
"567","2015","平成","27","3","0~1","港湾事務所が所有する船舶に乗り、発注者の検査補助業務を行い、業務終了後、船から岸壁に上陸しようとして3~4m下の海面に転落した。被災者の頭部が船舶のフェンダー(防舷材)と岸壁に挟まれ、被災者は船に引き上げられたが、頭部の損傷が激しく、脳からも出血し、翌日死亡した。","17","その他の事業","1702","その他の事業","170209","その他の事業－その他","30~49","2","物上げ装置、運搬機械","23","乗物","239","その他の乗物","1","墜落、転落"
"568","2015","平成","27","10","11~12","木造建築の建設工事現場において、被災者が4トントラックの高さ2.5メートルのキャビン上に立ち、床材を別のクレーン車で下すために玉掛け作業を行った後、地上に墜落し死亡した。いずれの場所から墜落したかは目撃者もおらず、不明である。被災時、保護帽の着用は不明であり、安全帯の使用はなかった。","4","運輸交通業","403","道路貨物運送業","40301","一般貨物自動車運送業","1~9","2","物上げ装置、運搬機械","22","動力運搬機","221","トラック","1","墜落、転落"
"569","2015","平成","27","2","16~17","上下二段のキャリアカー上段に積載した自動車一台を、道路側方にて地上に降ろす作業を行っていた際に、斜めになったキャリアカー上段床面上を当該自動車がずり落ち、当該自動車とキャリアカー上段床面との間にはさまれるかたちとなり、外傷性窒息のため死亡したもの。","4","運輸交通業","403","道路貨物運送業","40301","一般貨物自動車運送業","30~49","6","荷","61","荷","612","機械装置","7","はさまれ、巻き込まれ"
"570","2015","平成","27","6","2~3","電車線支持物(鉄柱)検修を行うため、1時30分に線路閉鎖を開始し、1時40分にき電停止を行い作業を開始した。上22号柱の検査のため被災者が昇柱し、柱上部で補助ロープを誤って停電していない2号信号高圧線(6600V)に掛けたため感電し、宙づり状態となった。直ちに救急車を手配し、レスキュー隊により地上に降ろされ病院に搬送されたが、4時6分に死亡が確認されたもの。","3","建設業","303","その他の建設業","30301","電気通信工事業","50~99","3","その他の装置等","35","電気設備","351","送配電線等","13","感電"
"571","2015","平成","27","7","16~17","自動車販売店の増築工事において、雨水排水用のU字溝を設置していた。休憩を複数回取りつつ作業を行っていた。16時から後片付け作業を行っていたところ、両ひざをついて右肩から転がるように倒れた。意識がもうろうとしていたため、救急車で病院に搬送したが、約12時間後に熱中症で死亡した。","3","建設業","302","建築工事業","30201","鉄骨・鉄筋コンクリート造家屋建築工事業","1~9","7","環境等","71","環境等","715","高温・低温環境","11","高温・低温の物との接触"
"572","2015","平成","27","9","11~12","木造2階建て住宅新築工事現場において、軒天の塗装作業中に仮設足場を歩行しているとき、高さ3.09m(2段目)の足場上で2枚敷きの布板の内、1枚が取り外された状態で設置されており、足場板の抜けていた開口部分から墜落し1段目の足場板に激突したのち、地面に墜落したもの","3","建設業","302","建築工事業","30202","木造家屋建築工事業","1~9","4","仮設物、建築物、構築物等","41","仮設物、建築物、構築物等","411","足場","1","墜落、転落"
"573","2015","平成","27","10","9~10","住宅の外壁張替工事において、高さ5.4メートルの3段目の足場上で窓枠のコーキング作業を行っていたところ、バランスを崩し足場内側と建物の間に墜落した。墜落時に2段目の布板に激突し、その後地面に墜落した。被災状態を見ていた者はおらず、近くで作業していた大工が物音に気付いて被災者を発見した。被災後、入院治療を行っていたが平成27年11月19日死亡したもの。","3","建設業","302","建築工事業","30202","木造家屋建築工事業","1~9","4","仮設物、建築物、構築物等","41","仮設物、建築物、構築物等","411","足場","1","墜落、転落"
"574","2015","平成","27","11","9~10","切削機械で鋼材(L=2m、φ20ミリメートル)の端部を加工中、回転している鋼材に手を出してしまい、その反動で後方に飛ばされ、床面または棚に後頭部を強打したと推定される。一人作業であり、災害を目撃した者はいない。加工する側と反対側の鋼材が折れ曲がって、床面に打ち付けられていたのを不審に思った同僚が近寄ったところ、仰向けで倒れている被災者を発見した。","1","製造業","112","金属製品製造業","11209","その他の金属製品製造業","30~49","1","動力機械","15","金属加工用機械","151","旋盤","6","激突され"
"575","2015","平成","27","8","7~8","会社事務所から現場へ向かう途中、高速道路上り線において2トントラックを運転していた労働者が、何らかの原因で中央に寄り、その後左へ急ハンドルを切ったため、トラックが右側へ横転し、同乗していた労働者とともに被災したもの。","3","建設業","303","その他の建設業","30309","その他の建設業－その他","30~49","2","物上げ装置、運搬機械","22","動力運搬機","221","トラック","17","交通事故（道路）"
"576","2015","平成","27","8","10~11","平成27年8月5日、8時15分から社長と被災者の2名で解体作業を行った。10時頃、被災者に休憩を取るよう指示後、社長はトラックを運転し当該事業場の置き場に行った。10時15分頃、社長が現場に戻ると、被災者は駐車場の境界のフェンスに寄り掛かり、意識が朦朧としていたので、救急車で医療センターに搬送したところ熱中症と診断された。入院中の平成27年9月14日に容体が急変し死亡。","4","運輸交通業","403","道路貨物運送業","40302","特定貨物自動車運送業","1~9","7","環境等","71","環境等","715","高温・低温環境","11","高温・低温の物との接触"
"577","2015","平成","27","11","12~13","焼却設備において、炉内の灰出し及び炉内への産業廃棄物の投入作業中、被災者が転倒して作業服に灯油が降り掛かり、作業服が燃えて全身を火傷したもの。その後、12月1日に全身火傷のため死亡したもの。","15","清掃・と畜業","1501","清掃・と畜業","150102","産業廃棄物処理業","10~29","5","物質、材料","51","危険物、有害物等","512","引火性の物","16","火災"
"578","2015","平成","27","11","13~14","被災者は、沈殿槽に堆積するコンクリートスラッジを取り除くための装置である脱水機のろ布(フィルター)の取替え作業に社長と同僚の3名で従事していた。すぐ隣で別会社の社長と労働者2名が脱水機のくみ上げ用電動ポンプの修理を行っていたが、修理が終了したので試運転のため電動ポンプを動かそうとしたが誤って脱水機を動かしてしまい、脱水機の中に入って作業していた被災者が機械に挟まれ死亡したもの。","1","製造業","112","金属製品製造業","11209","その他の金属製品製造業","1~9","1","動力機械","16","一般動力機械","169","その他の一般動力機械","7","はさまれ、巻き込まれ"
"579","2015","平成","27","9","14~15","ドラグショベルを移動式クレーンモード(つり上げ荷重2.9トン)で使用し、排水路上から排水路内へ鉄板(6m×1.5m、厚み2.2センチメートル、1.6トン)を下ろす作業において、排水路の法肩(法面の角度約20度)上に設置した移動式クレーンで鉄板をつり上げて左に旋回した際に、地盤が緩んで移動式クレーンが左に傾き、排水路内にいた被災者の方向に荷が振れ、被災者が鉄板と砂防ダムの間に挟まれて死亡したもの。","3","建設業","301","土木工事業","30107","河川土木工事業","30~49","2","物上げ装置、運搬機械","21","動力クレーン等","212","移動式クレーン","6","激突され"
"580","2015","平成","27","12","3~4","バイクで新聞配達中の被災者は荷台の新聞を道路上に落としてしまい、新聞を拾い集めていたところ、西側から走行してきた10tダンプに轢かれ死亡した。","8","商業","802","小売業","80205","新聞販売業","10~29","2","物上げ装置、運搬機械","22","動力運搬機","221","トラック","17","交通事故（道路）"
"581","2015","平成","27","11","11~12","被災者は、中央分離帯のある片側2車線の国道をトラック(最大積載量2トン)を運転して荷の配送中に、信号の無い交差点で右折するために停車していたトラックに追突し、死亡したもの。追突されたトラックの運転者は、業務中で休業している。","4","運輸交通業","403","道路貨物運送業","40301","一般貨物自動車運送業","50~99","2","物上げ装置、運搬機械","22","動力運搬機","221","トラック","17","交通事故（道路）"
"582","2015","平成","27","10","10~11","取水口工事の二重鋼矢板内(5m×24.8m)の水面上で、ブラケットを溶接するためにいかだ(1.8m×4m、丸太(径約25センチメートル×7本))に乗って3名で移動していたところ、いかだが転覆し、おぼれ、1名が意識不明の重体となり、65時間後に死亡したもの。","3","建設業","301","土木工事業","30199","その他の土木工事業","30~49","2","物上げ装置、運搬機械","23","乗物","239","その他の乗物","10","おぼれ"
"583","2015","平成","27","3","14~15","倉庫内2階にて、製品を梱包した箱を台車に乗せてエレベーターで1階まで移動させようとエレベーターの扉を開けたところ、搬器が3階にあったため、前方開口部から台車ごと1階エレベーターピットに墜落し(高さ4.3メートル)、死亡したもの。","8","商業","801","卸売業","80109","その他の卸売業","10~29","2","物上げ装置、運搬機械","21","動力クレーン等","214","エレベータ、リフト","1","墜落、転落"
"584","2015","平成","27","7","16~17","木造平屋建ての作業小屋増築工事において事業主と労働者2名で作業していた。被災者は、屋根上で垂木に野地板を取り付ける作業中、屋根上(高さ約3m)から土の地面に墜落し死亡した。","3","建設業","302","建築工事業","30202","木造家屋建築工事業","1~9","4","仮設物、建築物、構築物等","41","仮設物、建築物、構築物等","415","屋根、はり、もや、けた、合掌","1","墜落、転落"
"585","2015","平成","27","7","9~10","足場解体作業中、高さ16メートルの足場から墜落したもの。災害時、親綱は張られており、被災者は安全帯を着用していたが、使用していなかった。保護帽は着用していた。","3","建設業","302","建築工事業","30201","鉄骨・鉄筋コンクリート造家屋建築工事業","10~29","4","仮設物、建築物、構築物等","41","仮設物、建築物、構築物等","411","足場","1","墜落、転落"
"586","2015","平成","27","11","14~15","貨物用エレベーター上部への殺虫灯取り付け作業において、被災者は電線の寸法を測るため、移動はしごで高さ地上約3メートルにあるシャッターボックスの上に上った。計測後、被災者は移動はしごを下りている途中ではしごの下部が滑ってはしごが転倒、被災者が墜落し、頭部を強打した(災害発生の瞬間を目撃した者がいないため、墜落直後の現場の状況から推定。)。","3","建設業","303","その他の建設業","30301","電気通信工事業","1~9","3","その他の装置等","37","用具","371","はしご等","1","墜落、転落"
"587","2015","平成","27","9","9~10","改修工事現場において、外壁工事のための枠組足場の組立て中、足場7層目にて部材の受け取りを行っていた被災者が、高さ約12メートルから、荷揚げのため地上に仮置きされていた建枠上に墜落し、死亡したもの。足場には手すり枠が設置されていたが、被災者が荷を取り込んでいた箇所は、手すりが欠けており、その箇所から墜落したもの。荷の受け取り口付近に親綱の設置はなく、被災者は安全帯を着用していたが使用していなかった。","3","建設業","302","建築工事業","30201","鉄骨・鉄筋コンクリート造家屋建築工事業","10~29","4","仮設物、建築物、構築物等","41","仮設物、建築物、構築物等","411","足場","1","墜落、転落"
"588","2015","平成","27","11","18~19","事業場の役員が運転する送迎車両(事故時は帰宅する派遣労働者11名を乗せていた)が、災害発生場所の交差点で進行方向右側(一時停止表示あり)から侵入してきた軽自動車と衝突し、道路標識にぶつかった後で横転した。割れた窓ガラスから車両外に飛び出た被災者が横転した車両と道路に挟まれて死亡した。","17","その他の事業","1701","派遣業","170101","派遣業","10~29","2","物上げ装置、運搬機械","23","乗物","231","乗用車、バス、バイク","17","交通事故（道路）"
"589","2015","平成","27","8","7~8","コンベアから搬出されるもやしを高さ36センチメートルの作業台の上で検品し不良物を除去している作業中に後ろに倒れ、後頭部を打撲した。隣接ラインの作業者が被災者がいないのにラインが稼働していることで不審に思い覗いたところあおむけに倒れているところを発見し、救急車で搬送されたが病院で急性硬膜下血腫による死亡が確認されたもの。","1","製造業","101","食料品製造業","10109","その他の食料品製造業","50~99","4","仮設物、建築物、構築物等","41","仮設物、建築物、構築物等","416","作業床、歩み板","2","転倒"
"590","2015","平成","27","9","23~24","運転代行業に所属する被災者が営業車(社用車)を運転しながら、先行する代行運転車に後続して国道を南下、交差点にて右折する際に、北方向に直進する対向車(トラック)と衝突し、車両が大破、死亡したもの。","17","その他の事業","1702","その他の事業","170209","その他の事業－その他","1~9","2","物上げ装置、運搬機械","23","乗物","231","乗用車、バス、バイク","17","交通事故（道路）"
"591","2015","平成","27","12","16~17","検修工場で鉄道車両の屋根に上がって新鮮外気装置のカバーの取り付け作業を5名で行っていた被災者が、使用していた安全帯のフックを新鮮外気装置のカバーの取っ手から取り外したときに、鉄道車両の屋根の端から3.8m下のコンクリートの床に墜落し死亡したもの。","1","製造業","115","輸送用機械等製造業","11503","鉄道車両・同部分品製造業","300~499","2","物上げ装置、運搬機械","23","乗物","232","鉄道車両","1","墜落、転落"
"592","2015","平成","27","3","17~18","繊維機械である1台のワインダー付近から出火。近くにいた被災労働者3名が初期消火を行ったところ一旦火が収まった。全員が工場を待避した後に、死亡した被災者が消火状況を確認しに行ったところ再び出火し、消火活動を試みたが手に負えず、一酸化炭素中毒により逃げ遅れて焼死した。","1","製造業","102","繊維工業","10203","織物業","30~49","5","物質、材料","52","材料","529","その他の材料","16","火災"
"593","2015","平成","27","4","2~3","国道をトラックで走行中、反対車線から中央分離帯を乗り越えて侵入してきた乗用車に激突され、死亡したもの。","4","運輸交通業","403","道路貨物運送業","40301","一般貨物自動車運送業","1~9","2","物上げ装置、運搬機械","23","乗物","231","乗用車、バス、バイク","17","交通事故（道路）"
"594","2015","平成","27","6","10~11","被災者は、橋形クレーン(つり上げ荷重30.404/10.173t)の補巻でH鋼(692×300重量約2t)をクランプ2点吊りでつり上げ、ショットブラスト装置への搬送用コンベヤーに載せた後、玉掛け用ワイヤロープを緩め、クランプを外し、H鋼に沿ってクレーンを走行させていたところ、片側のクランプがH鋼に引っかかり、H鋼の端部が20~30センチメートル浮き上がりコンベヤーから落下し、被災者の腹部に激突したもの。","1","製造業","112","金属製品製造業","11209","その他の金属製品製造業","10~29","2","物上げ装置、運搬機械","21","動力クレーン等","211","クレーン","4","飛来、落下"
"595","2015","平成","27","7","5~6","バイクで朝刊配達中に、信号のある十字路交差点を直進した際に、左方からの直進した乗用車と衝突したもの。救急搬送後に病院にて死亡確認。","8","商業","802","小売業","80205","新聞販売業","1~9","2","物上げ装置、運搬機械","23","乗物","231","乗用車、バス、バイク","17","交通事故（道路）"
"596","2015","平成","27","7","14~15","工場内において精麦・飼料製造の補助作業を行っていたところ、熱中症とみられる意識障害を起こして、7月15日に死亡したもの。当日の作業は7時50分から12時まで工場内において精麦・飼料製造の補助作業を行い、一旦休憩後、13時から工場内で午前中と同じ作業を行っていた。災害発生時の工場内温度は約38度。湿度は不明。","1","製造業","101","食料品製造業","10109","その他の食料品製造業","30~49","7","環境等","71","環境等","715","高温・低温環境","11","高温・低温の物との接触"
"597","2015","平成","27","12","8~9","被災者は、発電設備を搭載した社用トラックを運転し、1名で事業場から出張先へ向かっていた。インターチェンジの出口方向へ走行中、左カーブを曲がりきれず、側壁に激突し、トラックが横転。運転席にいた被災者が死亡したもの。","1","製造業","114","電気機械器具製造業","11409","その他の電気機械器具製造業","100~299","2","物上げ装置、運搬機械","22","動力運搬機","221","トラック","17","交通事故（道路）"
"598","2015","平成","27","12","8~9","県道付近のボックスカルバートにて、下請事業場の労働者1名とともに、当該ボックスカルバートの点検業務に従事していた被災者が、ボックスカルバートに掛けたはしごの地面から高さ5.5メートルの位置に乗って、当該ボックスカルバートのクラックの点検を行っていたところ、心筋虚血により意識障害を起こし、当該はしごから地面に墜落し、死亡したもの。","17","その他の事業","1702","その他の事業","170209","その他の事業－その他","10~29","3","その他の装置等","37","用具","371","はしご等","1","墜落、転落"
"599","2015","平成","27","4","9~10","平成27年4月18日午前9時18分頃、被災者が屋根補修作業の一環として2人1組で鉄骨取り付けの準備作業である水糸張りの作業を行っていた際、蓋付きの冷気取り入れ用の機器の挿入口の上に乗ったところ、蓋が開き、約9メートル下の地上に墜落したもの。","3","建設業","302","建築工事業","30209","その他の建築工事業","10~29","4","仮設物、建築物、構築物等","41","仮設物、建築物、構築物等","414","開口部","1","墜落、転落"
"600","2015","平成","27","5","0~1","生コンクリート製造設備のうちの骨材貯蔵ヤードにおいて、細砂の貯蔵ピットの底の穴が詰まり、穴からベルトコンベヤーに砂が落ちにくくなっていたため、貯蔵ピットに入り底の穴の詰まりを取り除こうとしたが、崩壊した砂に埋没した。","1","製造業","109","窯業土石製品製造業","10901","セメント・同製品製造業","1~9","5","物質、材料","52","材料","523","石、砂、砂利","5","崩壊、倒壊"
"601","2015","平成","27","6","2~3","被災者は、地上10階・地下2階建て建築物に設置されているエレベーターの更新工事において、既設エレベーターの撤去作業中、エレベーター昇降路内に組んだ足場上にて、同僚の労働者2名が、4階のエレベーターの扉を取り外し、電動ホイストのフックに荷かけした後、他の労働者が、ホイストを巻き上げていたところ、荷がホイストのフックより外れ、約20メートル下方で足場の層間養生を撤去していた被災者に、激突したもの。","3","建設業","302","建築工事業","30203","建築設備工事業","1~9","2","物上げ装置、運搬機械","21","動力クレーン等","219","その他の動力クレーン等","4","飛来、落下"
"602","2015","平成","27","1","0~1","被災者は、事業場から徒歩10分程度にある間借りしていた自宅アパート内において、縊死しているのを発見されたもの。被災者は、中国地方の事業所から関東地方の事業所に転籍して勤務していたが、直近3か月の時間外勤務が91時間15分、123時間、84時間45分であった。","1","製造業","114","電気機械器具製造業","11403","電子機器用・通信機器用部品製造業","100~299","9","その他","92","起因物なし","921","起因物なし","90","その他"
"603","2015","平成","27","7","19~20","鋳物を製造する工場において、ショットブラスト機の上下扉に不具合が生じ、閉まらなかったため、被災者が同機の上部に上がって修理作業を行っていた。大きな音がしたため、他の労働者が見に行ったところ、上下扉は閉まり、同機上部で被災者が意識を失い、座り込んだ状態で発見されたものである。被災者は頸椎を損傷しており、意識不明のまま入院し治療を受けていたが、平成27年8月6日に死亡した。","1","製造業","110","鉄鋼業","11002","鋳物業","10~29","1","動力機械","15","金属加工用機械","159","その他の金属加工用機械","7","はさまれ、巻き込まれ"
"604","2015","平成","27","12","17~18","パーティクルボード製造工場における定期点検整備工事において、被災者は発電用ボイラーのホッパー内部の足場組み立て作業の前作業である壁面焼却灰の掻き落とし作業を行っていたときに、上部壁面及び水管等に付着していた高温の焼却灰が落下し、埋もれたことにより、全身を熱傷し死亡した。","3","建設業","303","その他の建設業","30309","その他の建設業－その他","1~9","3","その他の装置等","31","圧力容器","311","ボイラー","11","高温・低温の物との接触"
"605","2015","平成","27","1","23~24","作業終了後、海底ブロック据付工事のため着岸させていた台船内に設けた寄宿舎から、船長と被災者の2名で19時頃に一時下船し、飲酒を伴う夕食を摂った後、23時頃再度上船し寄宿舎へ戻ったが、被災者が翌朝6時を過ぎても姿を見せず行方不明となっていることが判明した。翌月20日、約18キロメートル離れた海岸で遺体が発見された。台船付近の海上に被災者のサンダルが浮いていたこと等から海中へ転落したものと推定される。","3","建設業","301","土木工事業","30111","港湾海岸工事業","10~29","2","物上げ装置、運搬機械","21","動力クレーン等","212","移動式クレーン","10","おぼれ"
"606","2015","平成","27","12","13~14","被災者は一人で、鉄骨スレートぶきの平屋倉庫の屋根に上がって、木のつる等を撤去しようとしていたところ、スレートを踏み抜き4.2m下の倉庫の床まで墜落した。(近所の住民が被災者の姿が見えなくなったので探したところ倉庫内で倒れている被災者を発見したもの)","1","製造業","108","化学工業","10806","ゴム製品製造業","10~29","4","仮設物、建築物、構築物等","41","仮設物、建築物、構築物等","415","屋根、はり、もや、けた、合掌","1","墜落、転落"
"607","2015","平成","27","2","17~18","被災者は、厨房部門の調理員であるが、エゾフクロウの餌付けのために、ロビーから一望される沢に設置された生簀に活魚を入れる作業を行うに際し、川岸を除雪していたところ転倒し、溺水により死亡したもの。","14","接客娯楽業","1401","旅館業","140101","旅館業","30~49","7","環境等","71","環境等","719","その他の環境等","10","おぼれ"
"608","2015","平成","27","4","0~1","被災者は、タンクローリー車を運転して市内の油槽所から隣の県内の給油所へ配送に向かう途中の国道の片側1車線の左カーブで横転し、ガードレール等をなぎ倒して約2メートル下の斜面に転落し、頭を強く打ち死亡したもの。","4","運輸交通業","403","道路貨物運送業","40309","その他の道路貨物運送業","10~29","2","物上げ装置、運搬機械","22","動力運搬機","221","トラック","17","交通事故（道路）"
"609","2015","平成","27","6","13~14","被災者は、災害発生当日の午前中に、現場11階にて芝生の搬入作業等を行っていたが、昼休憩時に喫煙所から出て行く姿を目撃されて以降行方不明となっていたところ、地下1階のOAシャフト内の底部コンクリート上に死亡した状態で横たわっているのを発見されたもの。","3","建設業","302","建築工事業","30201","鉄骨・鉄筋コンクリート造家屋建築工事業","10~29","4","仮設物、建築物、構築物等","41","仮設物、建築物、構築物等","414","開口部","1","墜落、転落"
"610","2015","平成","27","7","11~12","被災者は液化炭酸ガスボンベ(300キログラム)の交換のため、単独かつ人力で当該ボンベを移動させていたところ、当該ボンベが倒れ、その下敷きとなったもの。(出張作業中に被災したものであり、災害調査は出張先管轄署にて実施済)","4","運輸交通業","403","道路貨物運送業","40301","一般貨物自動車運送業","10~29","3","その他の装置等","31","圧力容器","319","その他の圧力容器","5","崩壊、倒壊"
"611","2015","平成","27","7","15~16","被災者は当日の就業場所であった工事現場にて交通誘導警備業務に従事していたが、立哨場所から5メートル離れた場所で倒れているところを、他の作業員に発見され救急搬送された。被災者は搬送先の病院において熱中症と診断され、集中治療室にて治療を続けていたが、平成27年8月3日死亡した。","17","その他の事業","1702","その他の事業","170201","警備業","50~99","7","環境等","71","環境等","715","高温・低温環境","11","高温・低温の物との接触"
"612","2015","平成","27","11","12~13","工事現場の交通整理を行っていた警備員が走行してきた乗用車にはねられた。","17","その他の事業","1702","その他の事業","170201","警備業","30~49","2","物上げ装置、運搬機械","23","乗物","231","乗用車、バス、バイク","17","交通事故（道路）"
"613","2015","平成","27","1","11~12","労働者1名がダンプの荷台を上げて油圧ホースの交換作業を行っていたところ、荷台が落下し、荷台とタイヤとの間に挟まれたもの。","1","製造業","117","その他の製造業","11702","機械修理業","1~9","2","物上げ装置、運搬機械","22","動力運搬機","221","トラック","7","はさまれ、巻き込まれ"
"614","2015","平成","27","6","18~19","5階建て共同住宅の屋上において、雨漏り箇所の目視確認作業中、屋上から墜落したもの。","3","建設業","302","建築工事業","30209","その他の建築工事業","1~9","4","仮設物、建築物、構築物等","41","仮設物、建築物、構築物等","415","屋根、はり、もや、けた、合掌","1","墜落、転落"
"615","2015","平成","27","5","10~11","前日に引き抜かれ、公道の脇に横置きされたコンクリート製電柱(長さ14m、外径30センチメートル、重量約1t)を指定された場所へ運搬するため、労働者2人で、積載型トラッククレーン(つり上げ荷重2.9t)の荷台へ積込む作業を行っていたところ、使用していた玉掛用ワイヤーロープが当該クレーンのフックから外れて落下し、直下にいた被災者が下敷きとなった。同僚は、当該クレーンを運転していたが、負傷はなかった。","4","運輸交通業","403","道路貨物運送業","40301","一般貨物自動車運送業","30~49","2","物上げ装置、運搬機械","21","動力クレーン等","212","移動式クレーン","4","飛来、落下"
"616","2015","平成","27","7","16~17","ダンプトラックの荷台昇降用シリンダーの油圧ホースの交換作業中、ダンプトラックの荷台を上げて落下防止用のストッパーをセットし、エンジンスイッチを切った状態で荷台と車体の間に入って作業を行っていたところ、ストッパーが破損して荷台が落下し、はさまれたもの。","3","建設業","301","土木工事業","30102","トンネル建設工事業","50~99","2","物上げ装置、運搬機械","22","動力運搬機","221","トラック","7","はさまれ、巻き込まれ"
"617","2015","平成","27","4","18~19","建設現場から会社事務所に戻る途中、自動車道(高規格幹線道路)にて何らかの事情で車から下車し、車道上に立っていたところ、後続車に激突され死亡したものである。","3","建設業","302","建築工事業","30203","建築設備工事業","1~9","2","物上げ装置、運搬機械","23","乗物","231","乗用車、バス、バイク","17","交通事故（道路）"
"618","2015","平成","27","9","18~19","被災者は同僚と災害発生日前日に事業場を出発し、事業場の本社に出張していた。事業場から社用車で駅に行き、電車を利用し出張していた。災害発生日に駅に戻った後、コインパーキング内で清算中に同僚が落とした硬貨を拾うため、被災者は車外に出たが、その後に同僚は運転を誤り車が支柱に激突、慌てて後進させたたため、運転席付近にいた被災者が運転席ドアと精算機の間に大腿部を挟まれた。","1","製造業","109","窯業土石製品製造業","10909","その他の土石製品製造業","50~99","2","物上げ装置、運搬機械","23","乗物","231","乗用車、バス、バイク","6","激突され"
"619","2015","平成","27","3","11~12","事業場所有の2tトラックを運転して、事業場から取引き先に製品を搬送し会社へ帰社途中、市道を走行中、信号のないT字路で進行方向前方のコンクリート擁壁に激突し、搬送先の病院で頚部損傷による出血性ショックにより死亡した。","1","製造業","108","化学工業","10805","プラスチック製品製造業","10~29","2","物上げ装置、運搬機械","22","動力運搬機","221","トラック","17","交通事故（道路）"
"620","2015","平成","27","1","12~13","県道において、被災者が運転するワゴン車が対向を走行してきたトラックと出会い頭に衝突し、車両の前方右側面が大破し、脳挫傷等により死亡した。【参考】現場付近道路は速度制限無、センターライン無、カーブミラー無トラック運転手:足に軽度の打撲傷(不休)トラックドライブレコーダー:衝突前は時速30キロメートル程度で走行","3","建設業","303","その他の建設業","30301","電気通信工事業","1~9","2","物上げ装置、運搬機械","23","乗物","231","乗用車、バス、バイク","17","交通事故（道路）"
"621","2015","平成","27","8","9~10","浄化センター沈砂池機械室棟3階において、天井に設置された火炎報知器の点検作業中、ダクトを通すために設けられていた床面の開口部から地下2階まで墜落したもの。","17","その他の事業","1702","その他の事業","170209","その他の事業－その他","1~9","4","仮設物、建築物、構築物等","41","仮設物、建築物、構築物等","414","開口部","1","墜落、転落"
"622","2015","平成","27","2","7~8","しらす漁操業中、船内揚網機で海中から網を引き揚げてたところ、船尾縁に差し込んでいた金属棒が変形してその間を通っていたワイヤーが反発し、揚網機付近で船の操舵をしていた被災者を直撃したもの。(翌日病院で死亡した。)","7","畜産・水産業","702","水産業","70201","漁業","1~9","3","その他の装置等","37","用具","379","その他の用具","6","激突され"
"623","2015","平成","27","2","8~9","サイドクランプを着けたフォークリフトで鉄製コンテナ(横1.9m×縦1.0m×高さ0.9m。内容物を含め重量約610キログラム)を運搬し、中身を出すためにコンテナを傾けたところ、サイドクランプからコンテナが外れた。コンテナが床に落ち、倒れる際に、近くで分別作業を行っていた被災者が下敷きとなった。同日の午後9時30分頃、被災者は搬送先の病院で死亡した。","15","清掃・と畜業","1501","清掃・と畜業","150102","産業廃棄物処理業","10~29","2","物上げ装置、運搬機械","22","動力運搬機","222","フォークリフト","4","飛来、落下"
"624","2015","平成","27","9","12~13","9月25日23時に所属事業場で点呼を受け、4tトラック乗務を開始、事業場近隣で積載した雑貨を高速道路経由で目的地に運んだ。帰路荷(プラスチックロール)を積みこみ、県道経由で戻る途中、下り坂で道路を逸脱し、橋梁の欄干を超え、約10m下の川原に転落し、受傷した。療養中のところ、約2時間後に死亡した。","4","運輸交通業","403","道路貨物運送業","40301","一般貨物自動車運送業","10~29","2","物上げ装置、運搬機械","22","動力運搬機","221","トラック","17","交通事故（道路）"
"625","2015","平成","27","7","15~16","被災者は、重さ約15キログラムの肉のかたまりを30個つるした台車(縦100×横100×高さ160センチメートル)を1人で引っ張って溝蓋(鋼製グレーチング)の上を通過しようとしたところ、台車が転倒し、頭部をはさまれ被災したもの。","1","製造業","101","食料品製造業","10102","水産食料品製造業","100~299","3","その他の装置等","36","人力機械工具等","362","人力運搬機","6","激突され"
"626","2015","平成","27","8","13~14","一般国道沿岸道路の4車線供用のため舗装工事において、片側2車線のうち1車線を工事規制して、旧アスファルト面路の切削作業の初日に、施工範囲が見通しの悪い緩いカーブに差し掛ったため、工事用ダンプトラックの工事規制内出入り誘導に就いていた2名のうち一般車走行車両の減速誘導に従事していた1名が、後退する路面清掃車の後方に誘導位置を変更して減速誘導中時速8キロメートル程度で後退する路面清掃車に轢かれた。","17","その他の事業","1702","その他の事業","170201","警備業","100~299","1","動力機械","14","建設機械等","149","その他の建設機械等","6","激突され"
"627","2015","平成","27","1","15~16","被災者と同僚1名は、食材選別室内で、殺菌熱槽(1.3×1.5×1.0m/湯90°C)脇の壁と換気扇の清掃を終え、被災者は同室に残った。その後、大声が聞こえ、同僚が同室に戻ったところ、冷水を浴びていた被災者を発見した。被災者は全身に火傷を負い、搬送先の病院で治療中にあったが、1月18日死亡した。被災前後の現認者いない。壁等の清掃状態が気になった被災者が、何等かの対応に当たろうとしたものと推定される。","1","製造業","101","食料品製造業","10103","農業保存食料品製造業","100~299","3","その他の装置等","39","その他の装置、設備","391","その他の装置、設備","11","高温・低温の物との接触"
"628","2015","平成","27","3","8~9","自家用車で自宅から出張先へ向かう途中、道路左側の木に接触後、対向車にも接触し、その後そばの公園に突っ込み、転落防止用の鉄柵を突き破って池に転落した。被災者は搬送先の病院で死亡が確認された。(水死)4月23日に遺族・葬祭・就学援護の請求があり、6月18日支給決定された。","8","商業","802","小売業","80209","その他の小売業","1~9","2","物上げ装置、運搬機械","23","乗物","231","乗用車、バス、バイク","17","交通事故（道路）"
"629","2015","平成","27","6","23~24","カラオケスナックの客1名の見送りのために店の前の駐車場に出た店員2名は、当該客が依頼した運転代行業者の随伴用軽自動車にはねられ、1名が死亡、他の1名も重傷を負った。当該自動車の運転者は、客の車の横に当該自動車を止めて降車したところ、当該自動車が動き始めたため、車外から立ったまま左足を車内に踏み入れてブレーキペダルを踏もうとしたが、誤ってアクセルペダルを踏んだもの。","14","接客娯楽業","1402","飲食店","140209","その他の飲食店","1~9","2","物上げ装置、運搬機械","23","乗物","231","乗用車、バス、バイク","7","はさまれ、巻き込まれ"
"630","2015","平成","27","12","11~12","高速自動車道上り線の路肩において、工具箱を後輪側に置いて停車していた大型トラックに、中型トラックが追突し、車外にいた大型トラックの運転手がはねられ死亡した。","4","運輸交通業","403","道路貨物運送業","40301","一般貨物自動車運送業","10~29","2","物上げ装置、運搬機械","22","動力運搬機","221","トラック","17","交通事故（道路）"
"631","2015","平成","27","10","16~17","2階建ての工場にて、派遣社員である被災者は、2階でプラスチック容器の出荷準備作業を行っていた。同僚に、エレベーター(搬器に扉の無い構造)でプラスチック容器を1階まで運ぶよう指示した。同僚は搬器に容器を積載し、自ら下降の押しボタンを押して搬器に乗り込み降下したところ、被災者が搬器を覗き込み、2階床面と搬器の上枠に頭部を挟まれたもの。工場の業種は、その他の事業。","17","その他の事業","1702","その他の事業","170209","その他の事業－その他","1~9","2","物上げ装置、運搬機械","21","動力クレーン等","214","エレベータ、リフト","7","はさまれ、巻き込まれ"
"632","2015","平成","27","3","11~12","社用払込のため近くのコンビニエンスストアへ徒歩で向かっていたところ、道路が渋滞していたため、被災者が信号機のない場所を横断し車の間を通り抜けた際、車両と歩道の間を走行していた帰宅中競輪選手の自転車と出会い頭に衝突し、左側頭部を打撲・骨折。災害発生から10日後のH27.3.27、13:50死亡確認。","17","その他の事業","1702","その他の事業","170209","その他の事業－その他","10~29","3","その他の装置等","36","人力機械工具等","362","人力運搬機","17","交通事故（道路）"
"633","2015","平成","27","7","8~9","コンクリートの再生砕石を製造する機械の固定式ベルトコンベアにトラブルが生じたため、被災者と同僚の2人で補修を行い、補修が完了したので機械を再稼働し、同僚は元いた作業場所へ戻ったが、被災者は固定式ベルトコンベアの下部区域に行った。被災者の戻りが遅かったので行ってみると、駆動ローラー部分に右腕を巻き込まれ、右腕を切断された状態で発見された。受傷後、病院で治療中であったが8月20日に死亡した。","1","製造業","109","窯業土石製品製造業","10909","その他の土石製品製造業","10~29","2","物上げ装置、運搬機械","22","動力運搬機","224","コンベア","7","はさまれ、巻き込まれ"
"634","2015","平成","27","1","0~1","被災労働者は、恒常的な長時間労働、徹夜を含む連続勤務、連日連夜の深夜残業、仕事上のミスにより取引先からのクレームが発生し、これへの対応を余儀なくされたという荷重業務、業務上のストレスを原因として、遅くとも平成27年1月10日頃に精神疾患を発病し、ロープを使用しての首つり自殺をした。","1","製造業","111","非鉄金属製造業","11109","その他の非鉄金属製造業","30~49","9","その他","92","起因物なし","921","起因物なし","90","その他"
"635","2015","平成","27","7","9~10","被災者は、林道新設現場へ路盤用の再生骨材を運搬するため、骨材6.5立米(約7.8t)を積載したダンプトラック(最大積載量8.6t)を運転し林道を走行中、林道脇の崖からトラックごと約55m転落して被災した。発見時、被災者は会話が出来る状態であったが、救助活動中に容態が悪化し、救急搬送先の病院で死亡が確認されたもの。","2","鉱業","202","土石採取業","20209","その他の土石採取業","10~29","2","物上げ装置、運搬機械","22","動力運搬機","221","トラック","17","交通事故（道路）"
"636","2015","平成","27","3","16~17","市企業局管理の温泉供給設備において、市職員2人が造成塔で湯温等調整作業したが、温泉を送る引湯管の流れが悪く市職員から被災者へ架電し引湯管の空気抜き作業を依頼。被災者は14時頃作業員1人と造成塔から200m引湯管を下った雪に埋まった空気抜弁設置箇所と思われる場所で作業開始。2人は雪を掘り(雪穴:縦1×横1.8×深2(m))雪穴で作業中被災。その後市職員が造成塔から下りて2人を発見し救助中1人が被災。","3","建設業","301","土木工事業","30110","上下水道工事業","1~9","5","物質、材料","51","危険物、有害物等","514","有害物","12","有害物等との接触"
"637","2015","平成","27","8","17~18","平成27年8月5日、17時15分頃、製菓店のあめ製造工場内において、被災労働者が機械を使ってあめの塊(重さ約25キログラム)に香料を練り込む作業を行っていたとき、当該機械の上下動するアームとあめを乗せたテーブルとの間に頭部を挟まれて脳挫傷で死亡したものである。","1","製造業","101","食料品製造業","10104","パン、菓子製造業","10~29","1","動力機械","16","一般動力機械","169","その他の一般動力機械","7","はさまれ、巻き込まれ"
"638","2015","平成","27","1","0~1","汚水槽(以下「槽」という。)内に水位計を設置するにあたり、水位計保護管の架台据付作業を行う事前準備として、槽から汚水を抜くための仮設ポンプを槽の上部より搬入することとした。槽内で2名にて仮設ポンプを受取るため、最初に梯子から降りた被災者が槽内のスロ-プに足を滑らせて水中に落下、槽の底に沈んだ状態で見つかり、搬送先の病院で溺死による死亡が確認された。","3","建設業","303","その他の建設業","30302","機械器具設置工事業","10~29","7","環境等","71","環境等","713","水","10","おぼれ"
"639","2015","平成","27","1","11~12","病院に医薬品を納品するために、社有車で高速自動車道を走行中、スリップ事故を起こし、弾みで中央分離帯に衝突し追い越し車線で停車していたところに後続の大型トラックが追突した。","8","商業","801","卸売業","80109","その他の卸売業","100~299","2","物上げ装置、運搬機械","22","動力運搬機","221","トラック","17","交通事故（道路）"
"640","2015","平成","27","12","16~17","県道を挟んで店舗と資材置場が設置されている事業場において、資材置場の在庫(欠品)の状況を確認するため、店舗から資材置場まで徒歩で県道を横断中、走行してきた乗用車にはねられ、病院に搬送されたものの、翌日に頭蓋骨骨折による脳出血で死亡した。","8","商業","802","小売業","80209","その他の小売業","10~29","2","物上げ装置、運搬機械","23","乗物","231","乗用車、バス、バイク","17","交通事故（道路）"
"641","2015","平成","27","2","3~4","国道を大型トラックで走行中、緩やかな右カーブでガードレール(154.2キロメートルポストと、154.3キロメートルポストの中間付近)に接触後、対向車線へはみ出し、一日市交差点東側(154.4キロメートルポスト付近)の右折車両用車線をまたぎ越して対向車と衝突した。なお、対向車の後続車両も事故を避けきれず軽く接触しているが、物損のみ。ブレーキ痕は見られなかった。","4","運輸交通業","403","道路貨物運送業","40301","一般貨物自動車運送業","30~49","2","物上げ装置、運搬機械","22","動力運搬機","221","トラック","17","交通事故（道路）"
"642","2015","平成","27","6","11~12","バンタイプの乗用車で隣の市内へ食材の配達をするために国道を走行中、橋上でセンターを越え、反対車線にはみ出したため、逆方面から対向してきたコンクリートミキサー車と正面衝突し、全身打撲により死亡した。コンクリートミキサー車の運転手は、頸部・腰部・左肩の挫傷、右肩の切創を負った。","8","商業","801","卸売業","80109","その他の卸売業","10~29","2","物上げ装置、運搬機械","23","乗物","231","乗用車、バス、バイク","17","交通事故（道路）"
"643","2015","平成","27","6","14~15","被災者は、植木の剪定作業中、高さ約4.8メートル付近の枝の上から地面に墜落し、頭部を打ちつけ、病院に搬送されたが、当日の午後5時30分に死亡した。","6","農林業","601","農業","60101","農業","1~9","7","環境等","71","環境等","712","立木等","1","墜落、転落"
"644","2015","平成","27","3","15~16","遊歩道の手すりの改修工事において、ドラグショベルで手すりの支柱の基礎(コンクリート2次製品)を地中に埋め、余掘りの埋戻し作業を行っていたところ、その周辺の岩石等が崩壊し、ドラグショベルの周辺にいた被災者に直撃した。被災者は、崩壊した岩石とともに約5m下の谷側に転落した。","3","建設業","301","土木工事業","30106","道路建設工事業","1~9","7","環境等","71","環境等","711","地山、岩石","5","崩壊、倒壊"
"645","2015","平成","27","7","15~16","中当財産区の山林の間伐作業中、スギを伐倒した直後、当該スギに中折れしてかかっていたアカマツが落下し、伐倒したスギの脇にいた被災者の肩から背中にかけて激突し、外傷性血気胸により死亡したもの。","6","農林業","602","林業","60201","木材伐出業","10~29","7","環境等","71","環境等","712","立木等","4","飛来、落下"
"646","2015","平成","27","1","8~9","鉄骨材13本(総重量約5.5t)を被災者が玉掛けし、同僚が運転する天井クレーン(定格荷重2.8t)で吊って運搬していたところ、玉掛けしていたワイヤーロープが切断し、鉄骨材が地面に落下し、その反動で跳ねた鉄骨材が被災者に激突したもの。","1","製造業","112","金属製品製造業","11209","その他の金属製品製造業","10~29","3","その他の装置等","37","用具","372","玉掛用具","4","飛来、落下"
"647","2015","平成","27","7","12~13","宅地造成工事現場において、クレーン機能付き油圧ショベルを使用し、仮設用敷鉄板(3.0m×1.5m/802キログラム)をトラック(4t)に積み込む作業を行った際、敷鉄板が吊り具から外れ、トラック近くで左官作業をしていた被災者に落下した。被災者は当該敷鉄板と隣接するブロック塀との間に挟まれ死亡した。","3","建設業","301","土木工事業","30109","土地整理土木工事業","1~9","3","その他の装置等","37","用具","372","玉掛用具","4","飛来、落下"
"648","2015","平成","27","9","14~15","公民館の屋根改修工事において、被災者は屋根の軒付近にある縦樋のゴミ除け用網かごに番線をかけ、コーキング樹脂で固定する作業を行っていた際、屋根の軒から吹き抜け廊下の屋根端のパラペットに移ろうとしたところ、約3メートル下の玄関ホールの屋根へ墜落した。被災者は第一日赤へ搬送され治療を受けていたが、容体が悪化して9月23日に死亡した。","3","建設業","302","建築工事業","30201","鉄骨・鉄筋コンクリート造家屋建築工事業","1~9","4","仮設物、建築物、構築物等","41","仮設物、建築物、構築物等","415","屋根、はり、もや、けた、合掌","1","墜落、転落"
"649","2015","平成","27","7","11~12","移動式クレーンにて、解体されたコンベヤーの鉄骨架台をつり上げている途中、何らかの理由により被災者が鉄骨架台の下に立ち入ったところ、玉掛用具の繊維ベルトが切断し、鉄骨架台が落下し被災者に激突したもの。","3","建設業","303","その他の建設業","30302","機械器具設置工事業","1~9","3","その他の装置等","37","用具","372","玉掛用具","4","飛来、落下"
"650","2015","平成","27","9","13~14","地上9階建て建築物の新築工事現場において、6階梁型枠上(地上からの高さ19.2m)でコンクリート打設作業中、流し込んだコンクリートが型枠から溢れ出たため、それを手で拾い上げようとして腰を下ろし、立ち上がろうとしたところ、バランスを崩して14.5m下にある外部足場の頭つなぎ単管上(地上からの高さ4.7m)に墜落した。","3","建設業","302","建築工事業","30201","鉄骨・鉄筋コンクリート造家屋建築工事業","30~49","4","仮設物、建築物、構築物等","41","仮設物、建築物、構築物等","415","屋根、はり、もや、けた、合掌","1","墜落、転落"
"651","2015","平成","27","9","22~23","通信用光ケーブルの張替作業終了後、小用を足すためにガードレールを乗り越えてコンクリート擁壁の上端に立ったところ、足を滑らせ約16m下の川へ転落した。コンクリート擁壁の上端には苔が生えており滑りやすい状況であった。また、現場は照明が無く薄暗い状況であった。","3","建設業","303","その他の建設業","30301","電気通信工事業","1~9","4","仮設物、建築物、構築物等","41","仮設物、建築物、構築物等","418","建築物、構築物","1","墜落、転落"
"652","2015","平成","27","2","12~13","スキーウェアを卸している取引先の小売店が、販売イベントを行うため、被災者が手伝いとして現場に赴き、スキー場内の下見を、小売店の者と2人でスキーを履いて行っていた。スキーで移動中、突然大きな音がしたため、小売店の者が振り向くと、被災者が立ち木のそばに倒れており、病院に搬送して治療したものの、2日後に死亡したもの。","8","商業","801","卸売業","80109","その他の卸売業","10~29","7","環境等","71","環境等","712","立木等","3","激突"
"653","2015","平成","27","9","15~16","平成27年9月11日、午後8時15分頃、社内トイレで倒れているのを発見され、病院に搬送された。傷病名はクモ膜下出血。症状は回復に向かったが、平成27年9月19日に2回目のクモ膜下出血を発症したことにより病態が急変し、同日15時49分に死亡した。","1","製造業","114","電気機械器具製造業","11409","その他の電気機械器具製造業","300~499","9","その他","92","起因物なし","921","起因物なし","90","その他"
"654","2015","平成","27","8","11~12","鋼管製足場組立作業中の被災者が、高さ約8.8mの足場上を通行中、「ウワー、感電した」との言葉を発し足場作業床に倒れこんだ。当該足場の下層に居た他の作業者がすぐに被災者の所へ行ったところ、呼びかけには応答せずうなり声をあげていたが、やがて声を発しなくなり全く反応が無くなった。狭隘な足場上であったため救出に10分程度を要し、足場から搬出後、心肺蘇生法を行い救急搬送されたが、死亡したもの。","3","建設業","303","その他の建設業","30309","その他の建設業－その他","1~9","3","その他の装置等","35","電気設備","351","送配電線等","13","感電"
"655","2015","平成","27","8","15~16","岬の約3、7キロメートル沖合で、底引き網漁中の漁船(13、47t)と貨物船が衝突した。漁船は転覆し乗っていた2人のうち船長は救助されたが、乗組員が行方不明となっている。(平成27年8月30日に発見され、死亡が確認された。)","7","畜産・水産業","702","水産業","70201","漁業","1~9","2","物上げ装置、運搬機械","23","乗物","239","その他の乗物","18","交通事故（その他）"
"656","2015","平成","27","1","5~6","被災者は支店の営業部長を務め、部下、数値目標の管理業務のほか自らも営業業務を行っていた。業務に関連して上司から厳しく注意を受けたこと、業績が上がらないことなどが起きた。家族に仕事を続けられないような話をこぼずようになり、平成27年1月18日の夕方、会社に出かけると告げ出社し、行方不明となった。上司の机の上に退職届が置かれ、市内の山林にてロープで首を吊っていた。","3","建設業","302","建築工事業","30209","その他の建築工事業","100~299","9","その他","92","起因物なし","921","起因物なし","90","その他"
"657","2015","平成","27","6","17~18","14階マンションの修繕工事において、13階部分の枠組足場23段目を組立中、建枠2本を受け取り1本を建て、もう1本を建てるため横移動した際、バランスを崩して墜落したもの。(墜落高さ約35m)","3","建設業","302","建築工事業","30209","その他の建築工事業","1~9","4","仮設物、建築物、構築物等","41","仮設物、建築物、構築物等","411","足場","1","墜落、転落"
"658","2015","平成","27","10","10~11","被災者は酪農組合の農家に家畜用飼料を運搬する作業を行っていた。被災時、運送先の農家の飼料小屋に7tトラックを停車させて飼料を吐出する準備作業中にトラックが逸走し約20m後進した。トラックは隣接する土手に衝突し横転した。逸走経路上に被災者が倒れており、下半身を轢かれていた。トラック後輪に血痕があったことから、被災者は逸走トラックに轢かれたもの。","4","運輸交通業","403","道路貨物運送業","40301","一般貨物自動車運送業","10~29","2","物上げ装置、運搬機械","22","動力運搬機","221","トラック","7","はさまれ、巻き込まれ"
"659","2015","平成","27","10","0~1","被災者は、10月20日16時頃に東北地方を出発し、10月21日10時頃に中部地方に到着する予定で東京都内の圏央道内回りの第一通行帯を4tトラックで走行中、途中のICに進行していたところ、何らかの理由で前方注視をせず、事故渋滞のため停止中の10tトラックに追突して死亡したもの。","4","運輸交通業","403","道路貨物運送業","40301","一般貨物自動車運送業","10~29","2","物上げ装置、運搬機械","22","動力運搬機","221","トラック","17","交通事故（道路）"
"660","2015","平成","27","2","13~14","生物園の大温室(ガラス張り)の屋上において、被災者が高圧洗浄機を用いて屋根ガラスの清掃作業中、ガラス上に乗った際に割れ、約9.5メートル下の通路(コンクリート構造)に墜落し、死亡したもの。","15","清掃・と畜業","1501","清掃・と畜業","150101","ビルメンテナンス業","1~9","4","仮設物、建築物、構築物等","41","仮設物、建築物、構築物等","415","屋根、はり、もや、けた、合掌","1","墜落、転落"
"661","2015","平成","27","10","8~9","自社倉庫前の県道にて、発注していた荷物を運んできた運送会社の大型トラックが自社倉庫にバック入ろうとしたとき、近くにいた被災者が後方の南東方向から2トントラックが走ってきたのに気づき、「止まれ」の合図をしようとして車道に出たところ、2トントラックに轢かれたもの","8","商業","802","小売業","80203","家具・建具・じゅう器小売業","1~9","2","物上げ装置、運搬機械","22","動力運搬機","221","トラック","17","交通事故（道路）"
"662","2015","平成","27","12","0~1","県道にて、被災者とバイクが倒れているのを、近所の人が発見し、被災者は病院に搬送されたが死亡が確認された。被災者は、バイクに乗って新聞の配達中であった。なお、事故の相手方は、現在、逃走中である。(現場には相手方の車のバンパーの一部が残っていた。)","8","商業","802","小売業","80205","新聞販売業","30~49","2","物上げ装置、運搬機械","23","乗物","231","乗用車、バス、バイク","17","交通事故（道路）"
"663","2015","平成","27","9","12~13","被災者は研修に参加していたが、業務のために他の参加者より一足早く一人で帰社した。山陽自動車道上り線を軽乗用車(社用車)で走行中、道路脇の法面にある橋脚に衝突した。","17","その他の事業","1701","派遣業","170101","派遣業","300~499","2","物上げ装置、運搬機械","23","乗物","231","乗用車、バス、バイク","17","交通事故（道路）"
"664","2015","平成","27","7","0~1","被災者は、午後2時半頃、当日の生コン打設が終了したので、一人で生コン原料を混練するミキサー及び生コン打設機を洗浄ガンにて洗浄していた際、生コン打設機のホッパー部(縦横146センチメートル、深さ150センチメートル)に転落し、左足をホッパー底部の送出スクリュー(長さ約100センチメートル、径26センチメートル)に巻き込まれた。救出に約4時間かかり、被災者は救急搬送されたが出血多量で死亡した。","1","製造業","109","窯業土石製品製造業","10901","セメント・同製品製造業","10~29","3","その他の装置等","39","その他の装置、設備","391","その他の装置、設備","1","墜落、転落"
"665","2015","平成","27","11","11~12","木造2階建て新築工事現場において、被災者は、2階床のベニヤ板を張るための、のり付け作業中に、後方の開口部から墜落し、3.37m下の1階土間コンクリートに頭部を強打して死亡した。","3","建設業","302","建築工事業","30202","木造家屋建築工事業","1~9","4","仮設物、建築物、構築物等","41","仮設物、建築物、構築物等","414","開口部","1","墜落、転落"
"666","2015","平成","27","8","1~2","被災者は、所属会社が所有するトラックを運転し、国道を北上していたところ、交差点において、赤信号で停車していたトラックに追突した。","8","商業","802","小売業","80202","自動車小売業","1~9","2","物上げ装置、運搬機械","22","動力運搬機","221","トラック","17","交通事故（道路）"
"667","2015","平成","27","7","9~10","鋼製搬器を電動チェーンブロックで吊り下げ、昇降路内を上下して荷を運搬する装置を使用し、製品用容器を作業場2階に運搬する作業において、搬器を1階に降ろす操作をしたものの搬器が下がって来なかったため、状況の確認に作業場2階に上がった被災者が、2階床と搬器に挟まれ死亡したもの。当該装置の建物側出し入れ口の扉にはインタロック有り、扉ロックなし。搬器出し入れ口には、下1/3に扉有、ロック装置等なし。","1","製造業","101","食料品製造業","10104","パン、菓子製造業","1~9","2","物上げ装置、運搬機械","21","動力クレーン等","214","エレベータ、リフト","7","はさまれ、巻き込まれ"
"668","2015","平成","27","2","22~23","2月23日20時30分頃、会社車庫をトラックで出発し、道路を走行し丁字路を右折したとき、縁石に乗り上げブロック塀に衝突した。(事故発生 21時30分)トラックを運転中に、くも膜下出血が発症し事故を起こして、2月27日に死亡した。事故の際、トラックの破損は少なく、荷崩れは見られなかった。","4","運輸交通業","403","道路貨物運送業","40301","一般貨物自動車運送業","10~29","9","その他","92","起因物なし","921","起因物なし","90","その他"
"669","2015","平成","27","7","15~16","発生当日、住宅の新築工事における基礎の型枠の組み立て作業を午前8時から作業を開始し、10時から15分間、12時から1時間、14時から15分間休憩を取り、15時より休憩を行おうとしたところ、気分が悪くなったため事業主の指示で車の中で休憩していた。事業主が17時45分頃車内でぐったりしている被災者を発見し救急車にて搬送したものの死亡が確認された。熱中症と思料される。","3","建設業","302","建築工事業","30202","木造家屋建築工事業","1~9","7","環境等","71","環境等","715","高温・低温環境","11","高温・低温の物との接触"
"670","2015","平成","27","2","0~1","被災者は、会社所有の送迎車(8人乗りワンボックス車)を運転して、作業者を就労先の事業場に迎えに行く際、作業者の就労事業場付近のコンビニエンスストアの駐車場から道路に出て右折しようとしたところ、右方向から走行してきた2tトラックと衝突した。","17","その他の事業","1701","派遣業","170101","派遣業","10~29","2","物上げ装置、運搬機械","23","乗物","231","乗用車、バス、バイク","17","交通事故（道路）"
"671","2015","平成","27","8","14~15","食品残渣等廃棄物から有機肥料を製造する事業場において、廃棄物の入ったフレコンバックを移動式クレーンにてトッラク荷台から荷下ろし作業をしていた被災者が、作業中意識を失って倒れ、事業場内で別の作業をしていた労働者が仰向けで倒れている被災者を発見、救急搬送したが死亡したもの。作業を行っていた場所は廃棄物とおがくず等を混ぜ、発酵させる屋内事業場であり、高温多湿な環境下での作業であった。","1","製造業","117","その他の製造業","11709","その他の製造業－その他","1~9","7","環境等","71","環境等","715","高温・低温環境","11","高温・低温の物との接触"
"672","2015","平成","27","7","19~20","被災者が、営業所内1階の破材置場内に設置された段ボール圧縮機に押しつぶされた状態で発見されたもの。営業所内3階においてベルトコンベヤーを使用して廃棄段ボールを搬出中、ベルトコンベヤー端部より約11m下にある段ボール圧縮機内に墜落し、段ボール圧縮機に押しつぶされたものと推定される。","4","運輸交通業","403","道路貨物運送業","40301","一般貨物自動車運送業","100~299","4","仮設物、建築物、構築物等","41","仮設物、建築物、構築物等","414","開口部","1","墜落、転落"
"673","2015","平成","27","2","5~6","被災者は貨物自動車(最大積載量13.5t)を運転し、北陸地方から関東地方まで医薬品の運送作業に従事していたが、運転していた貨物自動車の荷台内に倒れていたところを発見され、死亡が確認された。","1","製造業","108","化学工業","10805","プラスチック製品製造業","30~49","9","その他","92","起因物なし","921","起因物なし","90","その他"
"674","2015","平成","27","12","16~17","運送会社が倉庫業務を請け負って管理する倉庫内において、同社の労働者がフォークリフトを運転して、荷を当該倉庫から隣接する倉庫に運搬して戻ってきたところ、倉庫敷地境界付近にて被災者が轢かれ死亡したもの。被災者は、他社から派遣され当該倉庫で荷(線材)の検品、研磨作業に従事していた。","5","貨物取扱業","502","港湾運送業","50202","港湾荷役業","30~49","2","物上げ装置、運搬機械","22","動力運搬機","222","フォークリフト","7","はさまれ、巻き込まれ"
"675","2015","平成","27","11","11~12","チェーンソーを用いて斜面の立木の伐木作業を行っていた被災者が、倒れてきた杉の木に当たり、倒れているところを、約50m離れた場所で作業を行っていた他の労働者に発見され、その後、頭部外傷で死亡したもの。現場の状況から、被災者が被災時に伐倒した椎の木又は他の木のかかり木になっていた、もしくは、つるに引っ掛かっていた杉の木が、椎の木と共に倒れ被災者の左側頭部に激突したものと推定される。","3","建設業","301","土木工事業","30109","土地整理土木工事業","10~29","7","環境等","71","環境等","712","立木等","6","激突され"
"676","2015","平成","27","11","21~22","被災者は、会議に出席した後、帰宅するために飛行機で地方まで移動後、一人で、空港に停めていた自家用車(普通乗用車)に乗って高速道路を走行中、前の車を追い越そうとした際にスリップしてガードレールに激突したもの。","8","商業","802","小売業","80209","その他の小売業","50~99","2","物上げ装置、運搬機械","23","乗物","231","乗用車、バス、バイク","17","交通事故（道路）"
"677","2015","平成","27","7","17~18","被災者は事業場建屋内において、通常業務である産業廃棄物の分別作業を終え、定時に退社したところ、帰宅途中に国道の歩道フェンスにもたれかかるようにして倒れている状態で発見され、救急搬送されたが翌日午前に病院で死亡したもの。(熱中症)","15","清掃・と畜業","1501","清掃・と畜業","150102","産業廃棄物処理業","10~29","7","環境等","71","環境等","715","高温・低温環境","11","高温・低温の物との接触"
"678","2015","平成","27","3","9~10","産業廃棄物処理事業者から分別等の作業を請け負っている事業場の労働者である被災者が、同処理業者の前選別ヤードで、廃棄物の分別作業に同僚5名と共に就いていたところ、後退した車両系建設機械(解体用)(機体重量10.9トン、処理業者の労働者が運転)に下半身を轢かれ失血死したもの。","15","清掃・と畜業","1501","清掃・と畜業","150102","産業廃棄物処理業","10~29","1","動力機械","14","建設機械等","145","解体用機械","7","はさまれ、巻き込まれ"
"679","2015","平成","27","7","13~14","地上3階建てのRC造建築物を新築する工事において、作業員1名の頭部にドラグ・ショベルのバケットが激突したもの。当該ドラグ・ショベルは基礎工事において地山を設計深さまで掘削する作業に用いられており、掘削作業中にアームを前方へ伸ばした状態で後進したところ、伸びた状態のアームが横振れし、付近で掘削面の深さを測量していた被災者の頭部に激突した。","3","建設業","302","建築工事業","30201","鉄骨・鉄筋コンクリート造家屋建築工事業","1~9","1","動力機械","14","建設機械等","142","掘削用機械","6","激突され"
"680","2015","平成","27","7","15~16","天井クレーンのトロリとトロリ線の接触不良のため、修繕しようと建屋梁及び筋かいをよじ上って作業しようとしたところ高さ約4メートル墜落したもの。(推定)","1","製造業","112","金属製品製造業","11209","その他の金属製品製造業","1~9","4","仮設物、建築物、構築物等","41","仮設物、建築物、構築物等","415","屋根、はり、もや、けた、合掌","1","墜落、転落"
"681","2015","平成","27","5","15~16","粒剤製造部門の工場前にあるモルタル舗装された場所において、被災者は、一人で移動式傾斜ベルトコンベヤー(長さ3.5メートル×幅0.8メートル×高さ2.1メートル、重量272キログラム、車輪付き)の水洗作業を行った後、当該コンベヤーを保管場所まで移動させるため、一人でアスファルト舗装の構内道路上を人力で押していたところ、当該コンベヤーが横倒しになり、その下敷きとなって被災したもの。","1","製造業","108","化学工業","10899","その他の化学工業","30~49","2","物上げ装置、運搬機械","22","動力運搬機","224","コンベア","6","激突され"
"682","2015","平成","27","3","15~16","平成27年3月5日午前2時15分頃、自宅トイレで心肺停止状態で発見されたもの。病院に搬送されたものの同日午後3時10分に死亡したもの。被災者の直近1ヶ月あたりの時間外労働時間は149時間となっていた。","9","金融・広告業","901","金融業","90101","銀行・信託業","1000~9999","9","その他","92","起因物なし","921","起因物なし","90","その他"
"683","2015","平成","27","10","9~10","震災で被害を受けた漁港内の桟橋式物揚場の新設工事において、桟橋上部の型枠支保工の支柱保持用に水中に設置したH鋼材上に渡していたバタ角材を撤去するため、被災者はH鋼(長さ7メートル、重量約651キログラム)を吊り下げていた吊りセパ金具の下部ナットを緩めるために水中で電動インパクトレンチを使用してナットの吊り下げ位置を下げる作業を行っていた際に、H鋼が落下し、被災者が下敷きになったもの。","3","建設業","301","土木工事業","30111","港湾海岸工事業","1~9","4","仮設物、建築物、構築物等","41","仮設物、建築物、構築物等","412","支保工","4","飛来、落下"
"684","2015","平成","27","6","11~12","金属リサイクル業者の敷地内において、金属買取り業者の被災労働者がトラック納品のため入場、Y社の労働者2名が2機の重機を使用し荷降ろしを開始、作業を終了しようとしたところ、トラックの荷台の上に被災労働者が倒れているのが発見されたもの。当該作業の際、被災労働者が荷台に立ち入るのを現認したものはいない。なお被災労働者の労働者性については現在調査中である。","8","商業","801","卸売業","80109","その他の卸売業","10~29","2","物上げ装置、運搬機械","21","動力クレーン等","212","移動式クレーン","6","激突され"
"685","2015","平成","27","4","14~15","農場屋根壁かぶせ工事において、会社から派遣され、業務に従事していた被災者ら2名の労働者は、鶏舎の屋根上に荷揚げされた屋根材の運搬作業を行うため、当該鶏舎の屋根上に登り二人で屋根材を持ち、はり付け作業を行っていた場所へ運搬していたところ、被災者が足を滑らせ転倒し、そのまま傾斜17度の屋根を端の方へ滑り、屋根の端から7m下の地面に墜落したもの。","3","建設業","302","建築工事業","30209","その他の建築工事業","1~9","4","仮設物、建築物、構築物等","41","仮設物、建築物、構築物等","415","屋根、はり、もや、けた、合掌","1","墜落、転落"
"686","2015","平成","27","11","10~11","民家庭先の道路上に脚立を立てて、その上で剪定作業をしていた。そのとき道路を通行する自転車が脚立にぶつかり、脚立が倒れて転落した。その結果腰椎等骨折し入院していたが、5日後肺塞栓症で死亡したもの。","6","農林業","601","農業","60101","農業","1~9","3","その他の装置等","36","人力機械工具等","362","人力運搬機","17","交通事故（道路）"
"687","2015","平成","27","3","16~17","被災者は、上記所在地の戸建住宅外壁塗替え工事において、軒裏の天井(以降、軒天という)の補修を行なっていたところ、建物の周囲に設置された一側足場の二層目から建物入口のひさしに落ちた後、さらに地上に墜落した(墜落高さ4.3メートル)。災害発生当時、被災者は、幅25センチメートルの一側足場上にいたが、安全帯を着用せず、当該補修作業を行なっていた。","3","建設業","302","建築工事業","30202","木造家屋建築工事業","1~9","4","仮設物、建築物、構築物等","41","仮設物、建築物、構築物等","411","足場","1","墜落、転落"
"688","2015","平成","27","10","16~17","門型クレーンにて鉄骨(約2t)を移動させていたところ、当該鉄骨が倒れ、その下敷きになったもの。","1","製造業","112","金属製品製造業","11209","その他の金属製品製造業","10~29","2","物上げ装置、運搬機械","21","動力クレーン等","211","クレーン","5","崩壊、倒壊"
"689","2015","平成","27","1","14~15","産業廃棄物処理工場において、ばい煙冷却装置(直径2.2m、高さ7.3m)の不具合の調査中、熱湯となっていたばい煙冷却装置の冷却水を浴びて全身熱傷を負った。","15","清掃・と畜業","1501","清掃・と畜業","150102","産業廃棄物処理業","1~9","3","その他の装置等","39","その他の装置、設備","391","その他の装置、設備","11","高温・低温の物との接触"
"690","2015","平成","27","5","11~12","防潮堤建設工事で被災者が土砂・セメント混合物(CSG)打設施工基盤面で、被災者はエンジン式ブロワーを背負いながら当該基盤面の清掃作業を行っていたところ、敷き均し用CSG材を運搬のため、バックしてきた最大積載量9.5トンのダンプ荷台の左後部と被災者の左頭部が接触し、被災者はバランスを崩して転倒し当該ダンプの左後輪に轢かれ死亡した。","3","建設業","301","土木工事業","30111","港湾海岸工事業","10~29","2","物上げ装置、運搬機械","22","動力運搬機","221","トラック","7","はさまれ、巻き込まれ"
"691","2015","平成","27","10","8~9","林道拡幅工事にて林道上の支障木の伐倒をしていた作業者が、杉を伐倒した際、伐倒木の伐倒方向と反対側にあるアカメガシワの枝が伐倒木に絡まっており、そのため伐倒木が倒れるとき(1)に当該枝が折れて落下し、(3、4)(枝の長さ11m70センチメートル、枝の根元直径20センチメートル)、伐倒方向の反対側に退避(2)していた被災者の背中に激突した。その後、被災者は斜度約40度の斜面を約10m転落した(5)。(2)~(4)は推定","3","建設業","301","土木工事業","30106","道路建設工事業","10~29","7","環境等","71","環境等","712","立木等","4","飛来、落下"
"692","2015","平成","27","11","15~16","山中でのアンテナ・ケーブルの撤去回収工事において、交通誘導員である被災者が撤去した資材を山中から林道に置いてある車両まで運ぶ作業に加わったが、被災者は道に迷い、下山できる場所を探して山中を歩いていたところ、沢付近で約19m滑落したもの。他の作業員が被災者を発見した際には、意識があり立つことができたが、救助を待っている間に意識を失い、病院で死亡が確認された。","17","その他の事業","1702","その他の事業","170201","警備業","50~99","7","環境等","71","環境等","711","地山、岩石","1","墜落、転落"
"693","2015","平成","27","8","17~18","熱中症による死亡災害。午後5時まで川の土手沿いにおいて、土手の草刈作業の交通誘導作業に従事していたが、当日の作業が終了し、現場仲間に車で被災者が乗ってきたバイクの場所まで送ってもらっていたところ、車内助手席で、運転手にもたれかかるように倒れた。救急車で病院に搬送後、加療中であったが、翌日8月2日午前7時頃死亡したもの。","17","その他の事業","1702","その他の事業","170201","警備業","30~49","7","環境等","71","環境等","715","高温・低温環境","11","高温・低温の物との接触"
"694","2015","平成","27","3","5~6","工事現場から営業所へ向かう帰路において、社用自動車で国道を走行中、側道から飛び出してきた車両を避けようとし、左ガードレールに衝突したものと推測される。これにより、運転手が搬送先の病院で死亡、助手席に同乗していた同僚が負傷した。","3","建設業","303","その他の建設業","30301","電気通信工事業","10~29","2","物上げ装置、運搬機械","23","乗物","231","乗用車、バス、バイク","17","交通事故（道路）"
"695","2015","平成","27","2","4~5","工業団地内をバイクで新聞を配達途中、配達先の敷地から一般道路に出た際、直進してきた自動車を出会い頭に衝突し、翌日に死亡する。","8","商業","802","小売業","80205","新聞販売業","10~29","2","物上げ装置、運搬機械","23","乗物","231","乗用車、バス、バイク","17","交通事故（道路）"
"696","2015","平成","27","11","10~11","消雪パイプの点検及び整備業務(委託)において、労働者3名(作業員2名、交通誘導員1名)が、点検業務の先行作業として行っていた交通看板の設置を終え、次の作業場所へ移動するためトラックに乗り込もうとしたところ、後方から走行してきた一般車両(軽自動車)に追突された。トラックの後ろに立っていた労働者が死亡し、トラックに乗り込もうとしていた2名及び一般車両の運転者(非労働働者)の計3名が負傷した。","3","建設業","301","土木工事業","30199","その他の土木工事業","50~99","2","物上げ装置、運搬機械","23","乗物","231","乗用車、バス、バイク","17","交通事故（道路）"
"697","2015","平成","27","10","10~11","牧場の洗車場の屋根の改修工事を行うに際し、屋根板を剥がそうと屋根上を移動したところ、屋根板が曲り屋根板間の隙間から高さ7.3メートル下のコンクリート面に墜落したものである。","3","建設業","302","建築工事業","30201","鉄骨・鉄筋コンクリート造家屋建築工事業","1~9","4","仮設物、建築物、構築物等","41","仮設物、建築物、構築物等","415","屋根、はり、もや、けた、合掌","1","墜落、転落"
"698","2015","平成","27","11","15~16","被災者は、古紙を積込んだトラックを運転し、高速道路を走行していたところ、高速線の上り線と環状線との合流地点にある左カーブを曲がりきれずに、進行方向の右側壁に衝突した後、車線合流後の右側壁に再び衝突し、被災したもの。同乗者はおらず、他車との接触はない。(単独事故)","4","運輸交通業","403","道路貨物運送業","40301","一般貨物自動車運送業","10~29","2","物上げ装置、運搬機械","22","動力運搬機","221","トラック","17","交通事故（道路）"
"699","2015","平成","27","5","8~9","被災者は同僚と2人でダンプトラックの運転席に取り付けられた無線アンテナを交換する作業をしていたが、同僚が運転席から外に出る際、荷台を昇降させるレバーに身体が触れ、レバーが下に下がったため、荷台が降下し、その時荷台の下で作業していた被災者が荷台とダンプトラックの車体との間に腰を挟まれたもの。","1","製造業","117","その他の製造業","11709","その他の製造業－その他","1~9","2","物上げ装置、運搬機械","22","動力運搬機","221","トラック","7","はさまれ、巻き込まれ"
"700","2015","平成","27","12","9~10","ダンプトラック荷台の最後部にある開閉式の「扉」を補修する作業において発生した災害。被災労働者1名が、当該扉(推定重量は約100キログラム)を開いた状態でその腐食部位を溶接によって補修していたところ、これを保持していた支柱が何らかの理由により脱落したために当該扉が落下し、これが被災労働者の頭部を直撃したもの。","4","運輸交通業","403","道路貨物運送業","40309","その他の道路貨物運送業","10~29","2","物上げ装置、運搬機械","22","動力運搬機","221","トラック","6","激突され"
"701","2015","平成","27","9","11~12","11時30分頃、被災労働者が1名で刈り取った草を草捨て場にパッカー車で運んだ。同日14時00分頃に事業主が残土を捨てるために移動したところ、被災労働者が転倒した解体用機械の下敷きになっているところを発見した。","6","農林業","601","農業","60101","農業","1~9","1","動力機械","14","建設機械等","145","解体用機械","2","転倒"
"702","2015","平成","27","1","3~4","新聞配達のため、被災者が原動機付き自転車で幅員4m10センチメートルの道路を東から西方向へ走行していたところ、幅員3m70センチメートルの道路を南から北へ走行してきた、被災者とは別の新聞販売店に勤務する新聞配達員が運転する原動機付き自転車と、信号機の無い交差点において、出会い頭に衝突し、衝突した衝撃で被災者は空中に投げ出され、後頭部をアスファルト路面に打ちつけ、頭部骨折による脳挫傷のため翌日死亡したもの。","8","商業","802","小売業","80205","新聞販売業","30~49","2","物上げ装置、運搬機械","23","乗物","231","乗用車、バス、バイク","17","交通事故（道路）"
"703","2015","平成","27","11","2~3","新聞配達のため販売所から配達担当エリアへオートバイで向かう途中、県道を北から南に向かって走行していたところ道路左側のガードレールに衝突し頭を強く打って死亡した。","8","商業","802","小売業","80205","新聞販売業","10~29","2","物上げ装置、運搬機械","23","乗物","231","乗用車、バス、バイク","17","交通事故（道路）"
"704","2015","平成","27","8","14~15","木材破砕処理施設の点検・掃除を被災者が単独で行っていた。終業時刻を過ぎても見当たらないため同僚が捜していたところ、破砕機の投入ベルトコンベヤーが逆回転を続けていて、破砕機下部の別のベルトコンベヤー(停止)上で倒れている被災者を発見した。被災者は頭部挫滅により死亡した。","15","清掃・と畜業","1501","清掃・と畜業","150102","産業廃棄物処理業","50~99","2","物上げ装置、運搬機械","22","動力運搬機","224","コンベア","7","はさまれ、巻き込まれ"
"705","2015","平成","27","4","16~17","山積みされた廃棄物の中で廃棄物の分別作業中、同廃棄物の上で廃棄物のかき集め作業をしていた車両系建設機械のアームに激突された。","15","清掃・と畜業","1501","清掃・と畜業","150109","その他の清掃・と畜業","1~9","1","動力機械","14","建設機械等","145","解体用機械","6","激突され"
"706","2015","平成","27","5","3~4","被災者(アルバイト)は、新聞販売店に勤務し、バイクで新聞配達を行っていたところ、信号機の無い(停止線も無し)交差点で相手方軽自動車(運転代行)と出合い頭に衝突したもの。その際、被災者は、空地まで飛ばされ、ヘルメットが脱げて電柱に頭部を強打したため、脳挫傷により死亡したもの。","8","商業","802","小売業","80205","新聞販売業","1~9","2","物上げ装置、運搬機械","23","乗物","231","乗用車、バス、バイク","17","交通事故（道路）"
"707","2015","平成","27","8","17~18","リース用のドラグショベル(機体重量約2t)をトラックの荷台に載せようと既存の傾斜した専用の台を走行中にドラグショベルが転倒しかけたので飛び降りたが転倒したドラグショベルのクローラ部分と専用の台の隣りに置いてあるリース用の歩み板の間に挟まれ病院へ搬送されたが死亡した。","8","商業","804","その他の商業","80409","その他の商業－その他","30~49","1","動力機械","14","建設機械等","142","掘削用機械","1","墜落、転落"
"708","2015","平成","27","8","1~2","ヒヨコを配送するトラック(2t)の運転席側ドアと建物の壁にはさまれ被災したもの。被災者が当該トラックへヒヨコを積み込もうとしていたところ、何らかの理由でトラックが前方に動き出したのでトラックを止めようとしていたと思われる。災害発生時、サイドブレーキは引かれておらず、トラックの止めてあった場所は2度のこう配があった。","7","畜産・水産業","701","畜産業","70101","畜産業","10~29","2","物上げ装置、運搬機械","22","動力運搬機","221","トラック","7","はさまれ、巻き込まれ"
"709","2015","平成","27","3","9~10","天井クレーンの修繕工事において、クラブトロリの脇で修繕箇所の動作確認をしていた被災者が、横行したクラブトロリの給電用ブラケットとガーダ上の給電レール支持箇所との間に胸部をはさまれたもの。","3","建設業","303","その他の建設業","30302","機械器具設置工事業","10~29","2","物上げ装置、運搬機械","21","動力クレーン等","211","クレーン","7","はさまれ、巻き込まれ"
"710","2015","平成","27","2","15~16","被災者は、平成26年6月の異動で課長に昇進し赴任、当初から出火やタービン損傷等のトラブル対応で所定労働時間を大きく超え、休日出勤も行っていた。同年9月頃から不眠、食欲低下等の症状が現れ、適応障害の診断を受け治療。同年10月から休業し、平成27年1月に職場復帰したが、平成27年2月27日、工場内8号回収ボイラー建屋14階で縊死しているところを発見された。","1","製造業","106","パルプ・紙・紙加工品製造業","10601","パルプ・紙製造業","500~999","9","その他","92","起因物なし","921","起因物なし","90","その他"
"711","2015","平成","27","10","15~16","被災者は工場内に長さ6m、重量200キログラムの河川設置用柵を6列、自立させて並行に並べ、1列目の壁側に立って塗装作業を始めたところ、何らかの原因により奥側6列目から柵が次々に被災者側へ倒れ始め、被災者は柵と共に床に倒れ、頭部を打ち付けた。同僚らが直ちに救助し病院へ搬送されるも、意識不明になり、8日未明に死亡が確認された。作業時に保護帽の着用はなかったもの。","1","製造業","112","金属製品製造業","11209","その他の金属製品製造業","1~9","5","物質、材料","52","材料","521","金属材料","5","崩壊、倒壊"
"712","2015","平成","27","9","0~1","給水管敷設工事の準備作業として、工事場所脇の空地に敷鉄板を敷設するため、最大つり上げ荷重0.81tの移動式クレーン機能付きドラグショベル(クレーン機能付きバックホー)で荷重約450キログラムの敷鉄板を吊り上げ旋回していたところ、ドラグショベルが転倒し、被災者は運転席から投げ出され、運転席のヘッドガードと地面に頭をはさまれた。","3","建設業","301","土木工事業","30110","上下水道工事業","1~9","1","動力機械","14","建設機械等","142","掘削用機械","2","転倒"
"713","2015","平成","27","11","10~11","スレート壁及びスレート屋根の解体工事において、取り外したスレート壁を運ぶ作業中、通路としていたスレート屋根を踏み抜き、高さ5.55m下の地面に墜落し死亡したもの。墜落時保護用の保護帽の着用はあったが、安全帯の着用、使用はなかった。","3","建設業","302","建築工事業","30209","その他の建築工事業","1~9","4","仮設物、建築物、構築物等","41","仮設物、建築物、構築物等","415","屋根、はり、もや、けた、合掌","1","墜落、転落"
"714","2015","平成","27","4","20~21","20時10分頃、機械が稼働していたが、工場建屋内に作業員がいないことを不審に思った労働者が、バーカーの回転刃と壁面との間に被災者が巻き込まれているのを発見したもの。被災者は単独作業中であり、バーカー内に材木を送り出す搬入デッキの清掃中あるいはバーカーの稼働状況目視確認時に、バーカー内へ墜落したものと推定される。搬入デッキは停止していたが、バーカーは運転中であった。","1","製造業","104","木材・木製品製造業","10401","製材業","1~9","1","動力機械","16","一般動力機械","169","その他の一般動力機械","1","墜落、転落"
"715","2015","平成","27","5","10~11","工場において、被災労働者が、鉄筋自動溶接機にて作業を行っていたところ、鉄筋自動溶接機附属の門型の支柱と引張装置に頭部をはさまれ、頭蓋骨骨折により死亡したもの","1","製造業","112","金属製品製造業","11209","その他の金属製品製造業","10~29","3","その他の装置等","33","溶接装置","339","その他の溶接装置","7","はさまれ、巻き込まれ"
"716","2015","平成","27","11","14~15","民有林の間伐作業現場で、チェーンソーを使用して伐倒作業に従事していた被災者が、伐倒木(胸高直径25センチメートル、樹高25メートルの赤松)の下敷きとなったもの。被災者が、かかり木に他の立木を浴びせ倒し処理しようとしたところ、浴びせ倒した木がさらにかかり木となり、後からかかり木となった木が落下し、下敷きになったものと推定される。","6","農林業","602","林業","60201","木材伐出業","10~29","7","環境等","71","環境等","712","立木等","5","崩壊、倒壊"
"717","2015","平成","27","9","11~12","被災者は、事業場内において、鋼線の脱脂を行う脱脂洗浄設備のうちシャワー洗浄工程の異常を点検しようとして前後に移動するシャワーヘッドの可動範囲内に体を乗り出した為、前進してきたシャワーヘッドと、可動範囲外側に設置されていたアングル(鉄製の枠)との間に、頸部から右肩にかけて体を挟まれ、頸部圧迫等により死亡したもの。","1","製造業","110","鉄鋼業","11001","製鉄・製鋼・圧延業","50~99","3","その他の装置等","39","その他の装置、設備","391","その他の装置、設備","7","はさまれ、巻き込まれ"
"718","2015","平成","27","2","16~17","チェーンソーで立木を伐採する作業中、立木にチェーンソーが噛んで動かなくなったため引き抜こうとしたところ、立木が倒れ、下敷きになった。","2","鉱業","202","土石採取業","20209","その他の土石採取業","1~9","7","環境等","71","環境等","712","立木等","5","崩壊、倒壊"
"719","2015","平成","27","6","11~12","軽油販売のためタンクローリーを運転中、胸部に圧迫痛を感じ、停車後自分で救急車の手配を行ったが、急性大動脈解離で死亡したもの。","8","商業","802","小売業","80204","燃料小売業","30~49","9","その他","92","起因物なし","921","起因物なし","90","その他"
"720","2015","平成","27","3","13~14","被災者は、木造建築工事現場において棟上げ作業中、梁に載せられていた木材の上に乗ったため、それが揺動して約3メートル下の床面に墜落し負傷した。それにより翌日に病院において死亡した。被災者は、棟上げ作業について当日のみ手伝いに来た特別加入者であり、労働者性について調査を実施中。","3","建設業","302","建築工事業","30202","木造家屋建築工事業","1~9","4","仮設物、建築物、構築物等","41","仮設物、建築物、構築物等","415","屋根、はり、もや、けた、合掌","1","墜落、転落"
"721","2015","平成","27","9","0~1","原木の皮むき機で木くずの除去作業中、原木の搬送装置とフレームの隙間に頭部を挟まれた。","1","製造業","104","木材・木製品製造業","10401","製材業","10~29","1","動力機械","13","木材加工用機械","139","その他の木材加工用機械","7","はさまれ、巻き込まれ"
"722","2015","平成","27","9","9~10","翌日の作業の準備のために出勤した労働者が、有機溶剤の回収槽付近で倒れている被災者を発見した。直後に休日の会社の様子を見に来た事業主とともに被災者の様子を見ていたが、一向に目を覚まさないため病院に搬送され、治療が行われたが、9月11日に脳ヘルニアのため死亡した。","1","製造業","108","化学工業","10899","その他の化学工業","10~29","9","その他","99","分類不能","999","分類不能","99","分類不能"
"723","2015","平成","27","12","7~8","上記現場において、被災者が運転するトラックが、中央分離帯にある高架道路の支柱に衝突し、全身を強く打ち搬送先の病院で死亡したもの。","4","運輸交通業","403","道路貨物運送業","40301","一般貨物自動車運送業","10~29","2","物上げ装置、運搬機械","22","動力運搬機","221","トラック","17","交通事故（道路）"
"724","2015","平成","27","3","14~15","被災者が自動車で現場内に仮設された作業用道路を移動中、崖下の雑木林に転落し、車と地面との間に挟まれたもの。道路から転落した箇所までは約10メートルであった。","3","建設業","303","その他の建設業","30302","機械器具設置工事業","1~9","4","仮設物、建築物、構築物等","41","仮設物、建築物、構築物等","417","通路","1","墜落、転落"
"725","2015","平成","27","3","13~14","倉庫内の天井にある火災報知機の法定点検作業中、点検対象の報知器の位置が自動倉庫(積載130キログラムスタッカークレーン適用外)上部であったことから工場のオペレーターに走行停止を確認し、走行範囲内に入っていたところ、他の工場作業員が自動倉庫を操作してしまい、走行レール上を通行していた被災者が走行してきた自動倉庫のフレームと自動倉庫のラックに挟まれたもの。","17","その他の事業","1702","その他の事業","170209","その他の事業－その他","10~29","2","物上げ装置、運搬機械","21","動力クレーン等","219","その他の動力クレーン等","7","はさまれ、巻き込まれ"
"726","2015","平成","27","2","11~12","橋梁の下部工事の試掘作業において、深さ約3メートルの掘削内に立ち入ったところ、溝掘削西側法面が崩壊し被災者の全身が土砂に埋まった。","3","建設業","301","土木工事業","30105","橋梁建設工事業","50~99","7","環境等","71","環境等","711","地山、岩石","5","崩壊、倒壊"
"727","2015","平成","27","6","22~23","高速道路下り線パーキングエリアから本線に進入してきた被災者運転の中型トラックと下り本線上を走行してきた大型トラックが衝突し、中型トラックのドライバーが車外に投げ出され多発性外傷により死亡したもの。中型トラックは車道左側の盛土に乗り上げ横転。大型トラックは中央分離帯に車体右側面を接触したまま数十メートル走行して停止した。","4","運輸交通業","403","道路貨物運送業","40301","一般貨物自動車運送業","30~49","2","物上げ装置、運搬機械","22","動力運搬機","221","トラック","17","交通事故（道路）"
"728","2015","平成","27","11","17~18","資材置場において、足場の横材60本を番線でくくった束をフォークリフトを使用して9段(高さ約3メートル)に積み上げた後、被災者が当該足場材の束を背にしてフォークリフトの誘導を行っていた。そうしたところ、足場材の束の山が崩れ、被災者の背中、尻、足が挟まれたことにより、全身多発骨折によって死亡したもの。足場材の束の山が崩れたのは、積み上げ後約5分経過した時点であった。","3","建設業","303","その他の建設業","30309","その他の建設業－その他","1~9","6","荷","61","荷","611","荷姿の物","5","崩壊、倒壊"
"729","2015","平成","27","10","18~19","青果市場で積み荷を13トントラック(ウイング車)に積載し終え、荷台上部の隙間に緩衝剤を入れるため、フォークリフトのパレットを足場にして約2.4メートルの高さで作業を行っていた。作業を始めて2~3分後に被災者がパレット上から地面に墜落した。","4","運輸交通業","403","道路貨物運送業","40301","一般貨物自動車運送業","10~29","2","物上げ装置、運搬機械","22","動力運搬機","222","フォークリフト","1","墜落、転落"
"730","2015","平成","27","3","8~9","既存のスレート屋根部分の改修工事のため、2名でスレート屋根上に上り、墜落防止用のネットをスレート上にかぶせる作業を行っていたところ、スレート屋根を踏み抜き、高さ約5メートル下のコンクリート床面に墜落し、当日13時頃死亡した。","3","建設業","302","建築工事業","30209","その他の建築工事業","1~9","4","仮設物、建築物、構築物等","41","仮設物、建築物、構築物等","415","屋根、はり、もや、けた、合掌","1","墜落、転落"
"731","2015","平成","27","3","16~17","市企業局管理の温泉供給設備において、市職員2人が造成塔で湯温等調整作業したが、温泉を送る引湯管の流れが悪く市職員から被災者へ架電し引湯管の空気抜き作業を依頼。被災者は14時頃作業員1人と造成塔から200m引湯管を下った雪に埋まった空気抜弁設置箇所と思われる場所で作業開始。2人は雪を掘り(雪穴:縦1×横1.8×深2(m))雪穴で作業中被災。その後市職員が造成塔から下りて2人を発見し救助中1人が被災。","1","製造業","116","電気・ガス・水道業","11603","水道業","10~29","5","物質、材料","51","危険物、有害物等","514","有害物","12","有害物等との接触"
"732","2015","平成","27","2","13~14","排水路の整備工事において、排水路内の中央を矢板で締切した左岸側の工事箇所から矢板越しの排水路(右岸側)に排水するために、排水ポンプのホースを矢板越しに設置しようとし、矢板に梯子を設置し梯子上で作業を行っていたところ、梯子の重心が傾き、梯子と共に排水路に転落し、頚椎損傷により死亡した。なお、矢板の高さは約2mであり、排水路の水深は約50センチメートルであった。","3","建設業","301","土木工事業","30199","その他の土木工事業","10~29","3","その他の装置等","37","用具","371","はしご等","1","墜落、転落"
"733","2015","平成","27","5","8~9","トレーラーの荷台に積まれたスクラップにする機械(回収してきたもの)を荷卸しするため、アオリを下げて、荷台に上がって機械を固定していたワイヤーロープを外していたところ、機械が倒れて、被災者の胸部に当たった。機械は、アオリに寄りかかり、被災者は機械の下に倒れた。機械はワイヤーロープで固定されていたものの、機械の脚部4本のうち1本が欠けており、不安定な状態で運搬されていた。","1","製造業","110","鉄鋼業","11009","その他の鉄鋼業","10~29","6","荷","61","荷","612","機械装置","6","激突され"
"734","2015","平成","27","10","21~22","被災者がタクシーにて乗客1名を乗せ、阪神高速松原線上りを走行中、文の里出口の左カーブの側壁に激突したもの。","4","運輸交通業","402","道路旅客運送業","40201","ハイヤー・タクシー業","100~299","2","物上げ装置、運搬機械","23","乗物","231","乗用車、バス、バイク","17","交通事故（道路）"
"735","2015","平成","27","7","0~1","高速道路上、タイヤの破裂で右側車線に停車していた大型トラックに後ろから来た中型トラックが激突し、中型トラックの運転者が運転席に挟まれ、出血性ショックにより死亡した。","4","運輸交通業","403","道路貨物運送業","40301","一般貨物自動車運送業","10~29","2","物上げ装置、運搬機械","22","動力運搬機","221","トラック","17","交通事故（道路）"
"736","2015","平成","27","8","13~14","船体ブロック組立て作業中、被災者がブロック側壁の窓枠部分から身を乗り出して、当該側壁を支えているレバーブロックを巻こうとしたところ、当該側壁とともに倒れ、隣接するブロックとの間で顔面及び頭部を強打し、脳挫傷により即死したもの。","1","製造業","115","輸送用機械等製造業","11501","造船業","10~29","5","物質、材料","52","材料","521","金属材料","5","崩壊、倒壊"
"737","2015","平成","27","1","9~10","東側に通る舗装道路に伐倒木が倒れないように伐倒する木にワイヤロープを取り付け、西側の切株に設置したワイヤロープを滑車に経由させ、南側の木に取り付けたチルホールで伐倒木を引っ張りながら伐倒作業を行っていたが、伐倒方向が予定より約20度左方向にそれた。伐倒したあと、被災者が見当たらなかったため付近を探したところ、伐倒木の下敷きとなっていた被災者を発見し、その後病院に搬送したが死亡した。","3","建設業","301","土木工事業","30199","その他の土木工事業","30~49","7","環境等","71","環境等","712","立木等","6","激突され"
"738","2015","平成","27","2","8~9","敷地内で、橋形クレーンを用いレンタル品(敷き鉄板)をトラックに積み込む作業を行っていたところ、倒れ込んだため、事務所で休むよう促され、自力歩行で事務所へ向かったが、10メートル程進んだところで、突如、仰向けに倒れ、頭部を強打し、翌日、頭部外傷による急性硬膜下血腫で死亡した。なお、ヘルメットは非着用であった。","8","商業","804","その他の商業","80409","その他の商業－その他","1~9","9","その他","92","起因物なし","921","起因物なし","2","転倒"
"739","2015","平成","27","10","9~10","下水配管の敷設現場において1人が溝内で作業中、側面の土砂が崩壊して埋まったため、地上にいた4名が溝内に入って救助していたところ、2度目の崩壊が発生。救助に入った4名のうち2名は難を逃れたが、1名は土砂とともに崩壊したアスファルト片が腰に当たって負傷し、1名は逃げ遅れて土砂に巻き込まれて死亡した。また、当初埋まった労働者も死亡したもの(死亡2名、負傷2名)。","3","建設業","301","土木工事業","30110","上下水道工事業","1~9","7","環境等","71","環境等","711","地山、岩石","5","崩壊、倒壊"
"740","2015","平成","27","5","9~10","木造家屋建屋解体現場において、労働者2名が建屋の屋根(高さ2.99メートル)に上がり、屋根の瓦を外す作業をしていたところ、被災者が墜落し、死亡したもの。被災者は、被災時に保護帽を着用していたものの、安全帯を着用していなかった。","3","建設業","303","その他の建設業","30309","その他の建設業－その他","1~9","4","仮設物、建築物、構築物等","41","仮設物、建築物、構築物等","415","屋根、はり、もや、けた、合掌","1","墜落、転落"
"741","2015","平成","27","9","6~7","薬局店において、電気メーター取替のため、被災者がペンチを持って移動はしごを上り、切断予定の電気配線の結束具を外していたところ、地上約4.3mの位置から雨避けブルーシートとともに墜落し、駐車中のハイエースの助手側屋根と助手席側ドアにぶつかり、地上の排水溝の金網上に仰向けに倒れた。9/5脳挫傷のため被災者は死亡した。フード付き雨合羽とゴム長靴を着用していたが、墜落防止用保護未着用であった。","8","商業","802","小売業","80209","その他の小売業","1~9","3","その他の装置等","37","用具","371","はしご等","1","墜落、転落"
"742","2015","平成","27","7","15~16","木造家屋建築工事現場(新築)において、火打梁(高さ約3m)の上で母屋材の設置を行っていた時に、足を踏み外し墜落したことにより右頭部を打撲し、病院に搬送されたが、午後9時56分頃死亡した。","3","建設業","302","建築工事業","30202","木造家屋建築工事業","1~9","4","仮設物、建築物、構築物等","41","仮設物、建築物、構築物等","418","建築物、構築物","1","墜落、転落"
"743","2015","平成","27","11","4~5","被災労働者が運転する中型貨物車が、北陸自動車道下り線を上越から柿崎に向かって走行中、片側2車線の見通しのよい直線で、別の追突事故により2車線をまたいで横向きで停止している普通貨物車(ライトバン)に接触後、同じく普通貨物車(ライトバン)に接触し路肩に停止していた別の中型貨物車に追突したもの。ブレーキ痕なし。","4","運輸交通業","403","道路貨物運送業","40301","一般貨物自動車運送業","1~9","2","物上げ装置、運搬機械","22","動力運搬機","221","トラック","17","交通事故（道路）"
"744","2015","平成","27","11","11~12","被災者と同僚は、小麦粉用サイロの外側をデッキブラシ等で清掃する作業を行っていた。同僚はサイロの頂上部分の掃除を行い、被災者がサイロ中段部分の清掃を行っていた。その時、被災者が高さ約5メートルの位置から地面に墜落した。(被災者はヘルメット、安全帯未着用で作業を行っていた。)","1","製造業","101","食料品製造業","10104","パン、菓子製造業","1000~9999","4","仮設物、建築物、構築物等","41","仮設物、建築物、構築物等","418","建築物、構築物","1","墜落、転落"
"745","2015","平成","27","1","10~11","班長である被災者は、作業員と共に民家敷地内の不要な電柱(電話線用)の撤去作業を行っていた。この時、被災者が吊り上げ荷重2.64tの積載型トラッククレーンを用いて、高さ8mの電柱を引き抜いた後、作業員が電柱の下部を支えながら、クレーンの脇に当該電柱を移動させていたところ、地上から高さ8.4mの特別高圧線(66000V)に、吊り上げていた電柱の先端が接触したため、被災者及び作業員が感電したもの。","3","建設業","303","その他の建設業","30301","電気通信工事業","10~29","3","その他の装置等","35","電気設備","351","送配電線等","13","感電"
"746","2015","平成","27","12","8~9","被災者は、隣接の冷凍倉庫会社の冷蔵庫に保管してある商品を受け取るため、同社に書類を提出して、元の作業場所に戻ろうとした際、傾斜している駐車場に駐車して運転手が乗車していなかった別会社の2トン保冷車が動きだし、被災者に激突したもの。","5","貨物取扱業","501","陸上貨物取扱業","50101","陸上貨物取扱業","1~9","2","物上げ装置、運搬機械","22","動力運搬機","221","トラック","6","激突され"
"747","2015","平成","27","10","11~12","砕いた建築廃材を搬送するベルトコンベア上から廃材を選別する作業に被災者を含む複数名が従事していた。一旦停止させていたコンベアを再稼働させた直後、被災者はベルトコンベアの下部にあるベルト折り返しのプーリー部に巻き込まれたもの。","15","清掃・と畜業","1501","清掃・と畜業","150102","産業廃棄物処理業","10~29","2","物上げ装置、運搬機械","22","動力運搬機","224","コンベア","7","はさまれ、巻き込まれ"
"748","2015","平成","27","10","14~15","つり上げ荷重200トンのクローラクレーン(タワー仕様)の解体作業において、解体したジブの接続部である『タワーキャップ(重量:約1.7トン)』をトラックの荷台上に積み込んだ状態でラッシング作業中、タワーキャップが転がり、転がったタワーキャップとあおりとの間に挟まれ、搬送先の病院にて死亡が確認されたもの。","4","運輸交通業","403","道路貨物運送業","40301","一般貨物自動車運送業","30~49","6","荷","61","荷","612","機械装置","6","激突され"
"749","2015","平成","27","4","15~16","キャベツの芯取り作業を行っていた被災者が、転倒した際に床に頭部をぶつけた。帰宅後、病院を受診し頭蓋骨骨折で即時入院となった。翌26日に脳内出血により意識不明となる。30日、0時40分頃死亡したもの。業務上外について現在調査中である。","1","製造業","101","食料品製造業","10109","その他の食料品製造業","100~299","4","仮設物、建築物、構築物等","41","仮設物、建築物、構築物等","417","通路","2","転倒"
"750","2015","平成","27","12","15~16","トラックのタイヤ交換後、交換し終えた夏タイヤを当該トラックに積み込むため荷台後方の観音扉を開けたところ、荷台内の扉に立て掛けてあったコンパネ11枚が倒れ、被災者も仰向けに倒れた。病院へ搬送後の12月5日8時15分に死亡が確認された。","8","商業","801","卸売業","80109","その他の卸売業","1~9","5","物質、材料","52","材料","522","木材、竹材","5","崩壊、倒壊"
"751","2015","平成","27","7","17~18","モデルルーム新築工事現場において、被災者が脚立に上り、ボルトを用いて鉄骨の高さ3.6mの箇所に胴縁を取り付ける作業を行っていたところ、脚立から墜落し、顔面殴打したことで出血し、血気胸により窒息死したもの。","3","建設業","302","建築工事業","30202","木造家屋建築工事業","1~9","3","その他の装置等","37","用具","371","はしご等","1","墜落、転落"
"752","2015","平成","27","1","2~3","一般国道上り線において、ランプから上り線が道路改良工事のため通行止めとなっていることから、被災者が上り線を走行する車輌に、迂回路へ向かうよう誘導していたところ、当該バイパス上り線を走行していたトラックが被災者の迂回指示に従わず、バイパスを直進したため、被災者はこれにはねられ、死亡したもの。","17","その他の事業","1702","その他の事業","170201","警備業","50~99","2","物上げ装置、運搬機械","22","動力運搬機","221","トラック","17","交通事故（道路）"
"753","2015","平成","27","1","0~1","客先常駐でシステム開発業務に従事していた被災者が、平成26年12月頃に精神障害を発病し、平成27年1月28日に自宅で縊死したもの。","12","教育・研究業","1201","教育・研究業","120102","ソフトウェア業","10~29","9","その他","92","起因物なし","921","起因物なし","90","その他"
"754","2015","平成","27","4","21~22","22時10分頃、作業員が養殖池に用具を取りに行ったところ、被災者が養殖池にうつ伏せで倒れているのを発見したもの。なお、被災者のそばには一輪車があった。被災者は養殖池横の資材倉庫に住み込みであり、南側のスロープの縁に砂が残っていたことから、就業時間前に重機に付着した砂をかき落とし、一輪車で運搬し、養殖池内に捨てようとして、スロープから墜落して海水に溺れたものであると推定される。","7","畜産・水産業","702","水産業","70209","その他の水産業","1~9","7","環境等","71","環境等","713","水","10","おぼれ"
"755","2015","平成","27","9","15~16","被災者は金網マルチスポット溶接機の材料搬送装置の修理作業中に、同装置が作動し、同機械に設けられた通路と同装置にはさまれ死亡した。","1","製造業","112","金属製品製造業","11209","その他の金属製品製造業","1~9","3","その他の装置等","33","溶接装置","332","アーク溶接装置","7","はさまれ、巻き込まれ"
"756","2015","平成","27","7","14~15","下記現場の建物屋上で防水作業を行っていた被災者が、午後2時頃に熱中症による体調不良を訴え、足元がふらつき始めた。そのため、現場近くの病院に搬送しようとしたが、被災者が自宅近くの病院の治療を強く望んだため、自家用車で被災者希望の病院へ搬送することにした。しかし、その途中、容態が急変し、急遽、救急車により搬送、入院による治療を行ったが、平成27年8月6日、熱射病による多臓器不全により死亡した。","3","建設業","302","建築工事業","30201","鉄骨・鉄筋コンクリート造家屋建築工事業","1~9","7","環境等","71","環境等","715","高温・低温環境","11","高温・低温の物との接触"
"757","2015","平成","27","1","5~6","トラック運転者の被災者は、目的地に到着後、同社従業員Aの協力を得て、荷下ろし作業を開始した。トラック荷台には、銅板の束(長さ5m、幅26センチメートル、厚み10センチメートル、重量0.5t)がタテ4段(高さ60センチメートル)に積まれていた。Aがフォークリフトを使って銅板の束を運搬していた際に、荷台上の銅板の束が荷崩れを起こし、地上へ落下。銅板2束(約1トン)が荷台そばに立っていた被災者に激突したもの。","4","運輸交通業","403","道路貨物運送業","40301","一般貨物自動車運送業","10~29","6","荷","61","荷","611","荷姿の物","4","飛来、落下"
"758","2015","平成","27","1","10~11","水路付替工事において、大型ブレーカにより既設水路の解体及び土止め支保工の設置を行っていたところ、解体すべき水路河床がオペレーターから見えないため、水路内で解体位置にブレーカを誘導していた被災者が、土止め支保工部材とブレーカとの間にはさまれ被災したもの。","3","建設業","301","土木工事業","30107","河川土木工事業","50~99","1","動力機械","14","建設機械等","145","解体用機械","7","はさまれ、巻き込まれ"
"759","2015","平成","27","3","11~12","橋の塗装が終了したため、つり足場を解体する作業中に被災者が水面から2.5メートルの高さにおいて足場材を取り外し、橋の上にいる同僚に単管を受け渡す作業を行なっていた際、足場から川に墜落し、溺死したもの。","3","建設業","302","建築工事業","30209","その他の建築工事業","10~29","4","仮設物、建築物、構築物等","41","仮設物、建築物、構築物等","411","足場","1","墜落、転落"
"760","2015","平成","27","3","18~19","被災者は、工事現場からの帰りに翌日使用予定の高所作業車をリース会社に寄って借り、これを運転して会社へ戻るため運転中、高さ制限のある陸橋下を走行していた際、作業車上部がボックスカルバートに激突し、その反動でハンドルに胸部を強打し内臓損傷等を負った。事故後入院加療中であったが4月19日に死亡した。","3","建設業","303","その他の建設業","30301","電気通信工事業","10~29","1","動力機械","14","建設機械等","146","高所作業車","17","交通事故（道路）"
"761","2015","平成","27","7","16~17","注文された商品を最大積載量1.5tのトラックで配達後、当該トラックを運転して事業場へ戻る途中、国道上において、対抗車線にはみ出し、進行方向の右端の擁壁に当該トラックが接触、その反動で進行方向左側のガードレールの上に、運転席を下にして横転したものである。","8","商業","802","小売業","80209","その他の小売業","30~49","2","物上げ装置、運搬機械","22","動力運搬機","221","トラック","17","交通事故（道路）"
"762","2015","平成","27","10","3~4","被災者は道路からおよそ15メートル下の林に、軽ワゴン車ごと転落し死亡した。被災者は、午前2時30分頃、新聞配達のため軽ワゴン車で事務所を出発したが、配達が終わる時間を過ぎても事務所に戻って来ず、不審に思った同僚は、顧客から未配達の連絡を受けているところの配達も兼ねて被災者の配達経路を捜索していたところ、災害の発生を確認したもの。","8","商業","802","小売業","80205","新聞販売業","10~29","2","物上げ装置、運搬機械","23","乗物","231","乗用車、バス、バイク","17","交通事故（道路）"
"763","2015","平成","27","4","7~8","うつ病と診断された休業中の労働者が自宅で自殺したもの。","5","貨物取扱業","502","港湾運送業","50201","一般港湾運送業","100~299","9","その他","92","起因物なし","921","起因物なし","90","その他"
"764","2015","平成","27","4","2~3","平成27年4月6日午前2時過ぎ、勤務を終えた女性従業員を店舗の車両(故障修理中であったため代車)で自宅へ送迎する業務に従事していた被災者は、女性従業員を送り届けたあと、店舗に戻る途中に交通事故に遭遇し死亡したもの。","14","接客娯楽業","1402","飲食店","140209","その他の飲食店","1~9","2","物上げ装置、運搬機械","23","乗物","231","乗用車、バス、バイク","17","交通事故（道路）"
"765","2015","平成","27","8","8~9","本店から被災者を車で送ってきた同僚が、被災者を降ろした後、車に積んでいた商品を降ろすため店舗前の駐車場にバックで停めようとしていたところ、ブレーキとアクセルを踏み間違え、車止めを越えて進んだため、開店準備のため店舗の外にいた被災者が車と店舗の壁に挟まれ死亡した。","8","商業","802","小売業","80209","その他の小売業","1~9","2","物上げ装置、運搬機械","23","乗物","231","乗用車、バス、バイク","17","交通事故（道路）"
"766","2015","平成","27","5","2~3","国道をトラックで走行中、対向車線を走行してきたトラックがセンターラインをはみ出してきて衝突し、双方の運転手が死亡した。","4","運輸交通業","403","道路貨物運送業","40301","一般貨物自動車運送業","30~49","2","物上げ装置、運搬機械","22","動力運搬機","221","トラック","17","交通事故（道路）"
"767","2015","平成","27","6","16~17","現場から退出時、自車(ダンプ車)を斜路上に駐車したのち、降車して他車(ユニック車)の誘導を行い、誘導を終えて自車に戻る途中、斜路上に駐車していた自車が動き出したため、自車の前方に入り止めようとしたところ、他車の側面と自車の間に体を挟まれた。その後、入院治療を行っていたが、平成27年9月14日、敗血症による多臓器不全のため死亡したもの。","3","建設業","303","その他の建設業","30309","その他の建設業－その他","1~9","2","物上げ装置、運搬機械","22","動力運搬機","221","トラック","17","交通事故（道路）"
"768","2015","平成","27","6","7~8","作業員2名がボックスカルバートの型枠の外側に取り付けられた足場の上で、当該型枠の脱型作業中、型枠を固定していたボルトを外したため、当該型枠が倒れ、足場上で作業をしていた2名が型枠とともに地面に墜落、1名が死亡、1名が負傷した。","1","製造業","109","窯業土石製品製造業","10909","その他の土石製品製造業","10~29","3","その他の装置等","39","その他の装置、設備","391","その他の装置、設備","1","墜落、転落"
"769","2015","平成","27","3","0~1","神社敷地内にて、伐倒木の枝切りを行うため、被災者が伐倒木(高さ1.3m)に登り、他の伐倒木のチェーンソーを使用して枝を切っていたところ、足を滑らせバランスを失って転落した。搬送先の病院において、同年3月21日に死亡(脳挫傷等)した。","3","建設業","303","その他の建設業","30309","その他の建設業－その他","1~9","7","環境等","71","環境等","712","立木等","1","墜落、転落"
"770","2015","平成","27","6","19~20","17時15分に他事業場の運転手が付近を通った際に被災者が倒れているのを発見し救急要請し病院に搬送されたが、20時53分に急性心筋梗塞により死亡確認。(27.12.16業務上決定)","4","運輸交通業","403","道路貨物運送業","40301","一般貨物自動車運送業","10~29","9","その他","92","起因物なし","921","起因物なし","90","その他"
"771","2015","平成","27","3","12~13","造形ラインに鋳物砂を供給するベルトコンベヤーの下部にあるシュート(砂受け台)に載り作業をしていたところ、ベルトコンベヤーのベルトとローラー(テンション用プーリー)の間に全身を挟まれたもの。被災時は、ベルトコンベヤーは稼働中であった。","1","製造業","115","輸送用機械等製造業","11502","自動車・同付属品製造業","100~299","2","物上げ装置、運搬機械","22","動力運搬機","224","コンベア","7","はさまれ、巻き込まれ"
"772","2015","平成","27","3","6~7","5階建てアスファルトプラントにおいて、4階と3階を仕切るエアー駆動式開閉ゲートに付着したアスファルトガラをエアーハンマーで除去する作業を行うため、開閉ゲート直下にトロリーと呼ばれる計量設備のリミットスイッチに、アスファルトを均すトンボの柄で開の位置で押さえた。脚立に乗って開閉ゲート付近のガラ除去を被災者単独で行っていたところ、開閉ゲートが閉まってしまい、頭部をはさまれた。","1","製造業","108","化学工業","10804","石油製品・石炭製品製造業","10~29","3","その他の装置等","39","その他の装置、設備","391","その他の装置、設備","7","はさまれ、巻き込まれ"
"773","2015","平成","27","2","0~1","2月13日に自宅に帰宅した。翌日と翌々日は休日だったので2月16日に上司が自宅訪問した。応答がなかったので警察官とともに室内を確認したところ倒れている状態で発見された。司法解剖され虚血性心疾患と診断された。死亡日時は2月14日と推定されたが時間については不明。システムエンジニアの被災者の勤務は顧客先に常駐する型の勤務だった。平成28年3月29日業務上決定。","17","その他の事業","1702","その他の事業","170202","情報処理サービス業","1~9","9","その他","92","起因物なし","921","起因物なし","90","その他"
"774","2015","平成","27","8","5~6","事業所内にある資材倉庫内で梁から下げたロープで首を吊って自殺したもの。","3","建設業","302","建築工事業","30203","建築設備工事業","50~99","9","その他","92","起因物なし","921","起因物なし","90","その他"
"775","2015","平成","27","5","14~15","発電所において、復水器の残水処理のため内部で作業していた際に転倒した。被災者が頭を打ち、吐き気を訴えたため、市内の病院へ搬送し、入院加療を行っていたが、平成27年5月30日に死亡した。","3","建設業","303","その他の建設業","30302","機械器具設置工事業","10~29","3","その他の装置等","39","その他の装置、設備","391","その他の装置、設備","2","転倒"
"776","2015","平成","27","8","16~17","建設会社の仮置場の除草作業を請け負い、労働者2名で刈払機を用いて除草作業を行っていた。作業終了間際、被災者は刈払機を作業場所に放置したまま、他の作業員がいた場所にふらふらと近づき、大の字になって地面に横たわった。その後、被災者は意識を失い、救急車で病院へ搬送されたが熱中症による死亡が確認されたもの。","3","建設業","301","土木工事業","30199","その他の土木工事業","1~9","7","環境等","71","環境等","715","高温・低温環境","11","高温・低温の物との接触"
"777","2015","平成","27","4","10~11","事務所内でデスクワーク中、突然胸部の痛みと呼吸の苦しさを訴え、次第に顔が青ざめ呼吸や脈がない状態となったため、AEDや人工呼吸を行ったが回復せず、救急搬送した病院で発作から約1時間後に死亡したもの。","1","製造業","115","輸送用機械等製造業","11502","自動車・同付属品製造業","100~299","9","その他","92","起因物なし","921","起因物なし","90","その他"
"778","2015","平成","27","8","15~16","S造2階建住宅解体工事現場において、丸太足場に設置した養生シートのうち、3層目部分を外すため、被災者が丸太足場の3段目に登って作業していたところ、約5メートル下の隣地との境界にある柵に墜落し、さらに約1メートル下の隣地に墜落した。ただし、災害発生前後の目撃者はいない。また、被災者は事業場に対し請求書を提出し報酬をうけていた等により労働者性に疑義があったが、労働者性が認められた。","3","建設業","302","建築工事業","30209","その他の建築工事業","10~29","4","仮設物、建築物、構築物等","41","仮設物、建築物、構築物等","411","足場","1","墜落、転落"
"779","2015","平成","27","7","10~11","事業場に隣接する斜面において、チェーンソーを用いて立木を伐倒する作業中、立木の斜面下方向に受口の下切りのみを行い、斜面上方向から追口の切り込みを行い、一旦チェーンソーの刃を抜き、1~2歩離れた瞬間、当該立木が倒れ、被災者の胸部に激突したもの。","3","建設業","301","土木工事業","30199","その他の土木工事業","1~9","7","環境等","71","環境等","712","立木等","6","激突され"
"780","2015","平成","27","3","11~12","自社で所有する積載車のバックカメラの調子が以前から悪いことから、バックカメラの交換を被災者は行おうとしていた。配線の確認をするため、油圧ジャッキで車体を持ち上げ、ウマを車体にかませるため車体の下に入ったところ、油圧ジャッキの圧が抜けて車体が下がりタイヤと地面に胸をはさまれたもの。","8","商業","802","小売業","80202","自動車小売業","1~9","3","その他の装置等","36","人力機械工具等","361","人力クレーン等","7","はさまれ、巻き込まれ"
"781","2015","平成","27","7","9~10","客先よりトラクター(農作業用)が、道路のU字溝にはまってしまったとの連絡を受け、被災者と同僚がU字溝からトラクターを出して、被災者がすぐ近くの客先の家までトラクターを運転していこうとしたところ、ブレーキが故障し下り坂であったためT字路を曲がりきれずトラクターが横転、被災者がトラクター後輪と道路に頭を挟まれた。","1","製造業","117","その他の製造業","11701","自動車整備業","1~9","1","動力機械","16","一般動力機械","169","その他の一般動力機械","17","交通事故（道路）"
"782","2015","平成","27","4","17~18","宅地造成工事現場において、男性作業員が高さ約6メートルの法面における養生シートの手直しを行っていたところ、法面が崩壊し被災したもの。","3","建設業","302","建築工事業","30202","木造家屋建築工事業","10~29","7","環境等","71","環境等","711","地山、岩石","5","崩壊、倒壊"
"783","2015","平成","27","8","7~8","太陽光発電工事に伴う現地調査の現場において、被災者が運転する10tセルフトレーラーにてドラグショベルを搬入し、ドラグショベルを荷台から降ろすため、同僚が荷台脇にある荷台上昇ボタンを操作しているとき、後方から音が聞こえたため振り返ると、被災者が車道に仰向けで倒れていた。被災者は運転席から後ろ向きで降りようとした際に、運転席から転落したもの。入院加療中だったが、9月23日に死亡した。","8","商業","801","卸売業","80109","その他の卸売業","10~29","2","物上げ装置、運搬機械","22","動力運搬機","221","トラック","1","墜落、転落"
"784","2015","平成","27","12","9~10","携帯用丸のこ盤で材料加工作業中、反ぱつしたため、丸のこの歯が右大腿部に接触し、大動脈を切断したもの。","3","建設業","302","建築工事業","30202","木造家屋建築工事業","10~29","1","動力機械","13","木材加工用機械","131","丸のこ盤","8","切れ、こすれ"
"785","2015","平成","27","5","0~1","戸建て住宅のリフォーム工事現場において、建物内の雨戸や鉄の部分の錆を落とすため、けれん作業に従事していた。昼食の声がかかったので、被災者は、高さ1メートル程の足場から脚立を使用して降りようとしたところ、墜落したもの。","3","建設業","302","建築工事業","30202","木造家屋建築工事業","1~9","3","その他の装置等","37","用具","371","はしご等","1","墜落、転落"
"786","2015","平成","27","3","7~8","被災者である重機操作者が、2階スラブ上にて解体手順の打合せを終え、重機へ移動していた際に、開口養生していた蓋板に足をかけたところ当該蓋板が外れ、開口部から1階床面まで高さ8.7m墜落し、死亡したもの。蓋板は開口内部の既設ダクトに架ける構造となっていたが、前日に下方から引き抜くようにしてダクトが撤去されていたため、蓋板を固定する支持物が存しない状況となっていた。","3","建設業","302","建築工事業","30201","鉄骨・鉄筋コンクリート造家屋建築工事業","30~49","4","仮設物、建築物、構築物等","41","仮設物、建築物、構築物等","414","開口部","1","墜落、転落"
"787","2015","平成","27","9","11~12","被災者は2階建て建物屋上の防水シート張り作業において、後ろ向きに後退しながらテープ張りを行っていたところ、高さ30センチメートルの建物縁を乗り越え、約6.5メートル下のアスファルト地面に墜落した。ドクターヘリで搬送されたものの、全身を強く打ち出血性ショックにより同日午後6時24分に死亡した。","3","建設業","303","その他の建設業","30309","その他の建設業－その他","1~9","4","仮設物、建築物、構築物等","41","仮設物、建築物、構築物等","416","作業床、歩み板","1","墜落、転落"
"788","2015","平成","27","3","9~10","被災者は、浄化槽の埋設工事現場で、掘削した穴(4.6m×3.4m、最も深い位置で2.38m)の中にいる取締役(現場責任者)からハンマーを受け取る際、穴に転落し、穴の底に置いたドラグショベルのバケットで頭部を打ち、死亡したもの。","3","建設業","303","その他の建設業","30309","その他の建設業－その他","10~29","4","仮設物、建築物、構築物等","41","仮設物、建築物、構築物等","416","作業床、歩み板","1","墜落、転落"
"789","2015","平成","27","1","13~14","被災者は、牛にエサをあたえるため、エサをあたえるための装置を積載したフォークリフトを運転していた。牛舎出入り口を後進して出て、約10度の勾配の通路途中で右にハンドルを切ったところ、フォークリフトは左側に横転した。被災者は、緊張性気胸により、1月1日午後5時ごろ死亡した。","7","畜産・水産業","701","畜産業","70101","畜産業","1~9","2","物上げ装置、運搬機械","22","動力運搬機","222","フォークリフト","2","転倒"
"790","2015","平成","27","7","15~16","被災者は、工場のエアー配管増設工事において、体調不良により休憩中になんらかの理由により頭部を負傷し、搬送先の病院で7月13日に死亡したもの。なお、発生時間不明のため、救急車を呼んだ時間を記載。災害の発生状況等目撃者がいないことから、被災者の体調不良の原因や発生した事象が不明であり労働災害と結論づけることができなかったが、労災請求先の署において、平成28年3月11日に業務上の決定がなされたもの。","3","建設業","302","建築工事業","30203","建築設備工事業","1~9","9","その他","99","分類不能","999","分類不能","99","分類不能"
"791","2015","平成","27","11","5~6","被災者は新聞を自宅周辺の地区13戸に徒歩で配達する業務に従事。午前5時前に公民館に直行し、事業主により軒先ベンチに置かれた新聞を受け取り配達する。いつも午前6時頃直帰するが当日は自宅に戻らず、午前7時前に様子を見に行った被災者の妻が、公民館敷地内で新聞を小脇に抱えたまま頭から血を流し倒れている被災者を発見した。意識はなく病院で死亡確認。災害発生の目撃者はいない。","8","商業","802","小売業","80205","新聞販売業","10~29","4","仮設物、建築物、構築物等","41","仮設物、建築物、構築物等","417","通路","1","墜落、転落"
"792","2015","平成","27","2","7~8","被災者の同僚が、何かが落ちた様な音が聞こえ、5階エレベーターホールの窓が開いていたことを不審に感じ、窓の外をのぞいたところ、地上1階部分の駐車場に被災者が倒れているのを発見したもの。","1","製造業","109","窯業土石製品製造業","10909","その他の土石製品製造業","50~99","4","仮設物、建築物、構築物等","41","仮設物、建築物、構築物等","418","建築物、構築物","1","墜落、転落"
"793","2015","平成","27","1","13~14","サイドフォークリフトを使用して鋼管製はしご(足場部材)の束を運搬中、はしごの束が崩れ、被災者に激突した。","1","製造業","115","輸送用機械等製造業","11501","造船業","1~9","6","荷","61","荷","611","荷姿の物","5","崩壊、倒壊"
"794","2015","平成","27","5","0~1","被災者は、神社の社の梁にベルトを掛けて首を吊り、自殺縊死したもの。発見時は、ベルトが切れ、地面に落ちていた。","9","金融・広告業","901","金融業","90101","銀行・信託業","1~9","9","その他","92","起因物なし","921","起因物なし","90","その他"
"795","2015","平成","27","4","8~9","ゴルフ場コース内で、立木の枝打ち作業中、何らかの原因で墜落し、4月12日に、搬送先の病院で死亡した。","14","接客娯楽業","1403","その他の接客娯楽業","140301","ゴルフ場","30~49","9","その他","99","分類不能","999","分類不能","1","墜落、転落"
"796","2015","平成","27","9","8~9","被災者は、屋根のペンキ塗り作業に際し、屋根の端から約6メートル下の地面まで墜落し、全身を打って死亡したもの。災害発生日の朝、現場に来た社長が、隣地内に倒れている被災者を発見したもの。","3","建設業","302","建築工事業","30202","木造家屋建築工事業","1~9","4","仮設物、建築物、構築物等","41","仮設物、建築物、構築物等","415","屋根、はり、もや、けた、合掌","1","墜落、転落"
"797","2015","平成","27","2","10~11","林道上に岩石等が落下しており通行の妨げとなるため、林道上で重機運搬車から集材ウインチ機を下ろし、集材ウインチ機のブレードで岩石等を排除することとした。同僚が重機運搬車の油圧装置を操作し、荷台の前立板の左右にあるジャッキを伸ばして荷台後端を傾け、道板2枚を地面に下げた後、被災者が集材ウインチ機の運転席に乗り込み、当該機械の運転を開始した。その時、被災者は、谷に集材ウインチ機ごと約14.5m墜落した。","6","農林業","602","林業","60201","木材伐出業","1~9","1","動力機械","17","車両系木材伐出機械等","173","架線集材機械","1","墜落、転落"
"798","2015","平成","27","12","8~9","荷主先の構内において、トレーラーへのスチールコンテナ(馬鈴薯入り)積込み作業終了後、出発準備中にトラクターヘッドとトレーラーの接続部付近の地上に倒れていた被災者を同僚(別のトラック運転手)が発見した。なお、被災者のヘルメットは脱落し近くに落ちていた。","4","運輸交通業","403","道路貨物運送業","40301","一般貨物自動車運送業","10~29","2","物上げ装置、運搬機械","22","動力運搬機","221","トラック","1","墜落、転落"
"799","2015","平成","27","8","15~16","工場で製作したダクトについて、フォークリフトを使用して工場に隣接した倉庫の中2階へ運び、中2階に上がってダクトを整理していたところ、約3m下のコンクリート面へ墜落し、約2時間後に死亡したもの。(推定15時発生の事故を15時40分に発見したもの。)","1","製造業","112","金属製品製造業","11209","その他の金属製品製造業","1~9","4","仮設物、建築物、構築物等","41","仮設物、建築物、構築物等","416","作業床、歩み板","1","墜落、転落"
"800","2015","平成","27","11","1~2","積荷を運んでいる途中、高速自動車道IC下り線を走行していたとき、高速道路本線上でトレーラーが停止(後退していた可能性有、調査中)しており、発煙筒及び三角表示板は出されてなく、気付くのが遅れ追突した。多発性外傷、外傷性出血性ショックにより死亡した。","4","運輸交通業","403","道路貨物運送業","40301","一般貨物自動車運送業","100~299","2","物上げ装置、運搬機械","22","動力運搬機","221","トラック","17","交通事故（道路）"
"801","2015","平成","27","1","10~11","構内に搬入された産業廃棄物(木くず混合廃棄物)の分別作業中、停止していた解体用つかみ機が他の運行車両の妨げとなっていたため、同僚が解体用つかみ機を運転、後退させたところ、後方で分別作業をしていた被災者がクロ-ラ部に轢かれ死亡した。","15","清掃・と畜業","1501","清掃・と畜業","150102","産業廃棄物処理業","10~29","1","動力機械","14","建設機械等","145","解体用機械","7","はさまれ、巻き込まれ"
"802","2015","平成","27","8","9~10","被災者はダンプの運転者で、廃材など積み込み中に運転席から降り、粉じん防止のため放水作業を行った。廃材をダンプへ積み込みを行っていたドラグショベルが旋回し、被災者はドラグショベルの後部と壁との間に胸や肩を強くはさまれた。病院へ救急搬送されたが、同日死亡した。","3","建設業","302","建築工事業","30209","その他の建築工事業","1~9","1","動力機械","14","建設機械等","142","掘削用機械","6","激突され"
"803","2015","平成","27","2","11~12","プラント内コンベヤー(ベルト幅110センチメートル、プーリー直径27センチメートル)の巡視中にプーリーに巻き込まれたもの。約3メートル下の雪面に落下していた状態で発見された。被災者の周りに曲げられた状態の金づち、角材(長さ60センチ)が落ちていたことから、プーリーもしくはコンベヤーに付着した泥等を取り除くため、コンベヤーが稼働している状態で角材等がプーリーに接触したものと推定される。","2","鉱業","202","土石採取業","20201","採石業","10~29","2","物上げ装置、運搬機械","22","動力運搬機","224","コンベア","7","はさまれ、巻き込まれ"
"804","2015","平成","27","3","0~1","被災者は施設巡回中食堂の洗面台で嘔吐し倒れているところを発見され、病院に搬送されたが、急性虚血性心疾患により死亡した。労災支給決定日平成27年11月19日","17","その他の事業","1702","その他の事業","170201","警備業","100~299","9","その他","92","起因物なし","921","起因物なし","90","その他"
"805","2015","平成","27","10","6~7","港湾道路で、同僚と作業の打ち合わせをするため路肩に停車していた車両積載型移動式クレーンに4tトラックが追突した。この弾みで、被災者が車両積載型移動式クレーンの前に止まっていた移動式クレーン(25t)との間に挟まれ、搬送先の病院で死亡が確認された。被災者は、同僚と車両の間で話をした後、運転席に戻ろうとしていたもの。","3","建設業","303","その他の建設業","30309","その他の建設業－その他","10~29","2","物上げ装置、運搬機械","22","動力運搬機","221","トラック","17","交通事故（道路）"
"806","2015","平成","27","4","12~13","被災者は1tトラックを運転し、配達中、トンネルの出口付近の緩やかな左カーブにおいて、中央線をはみ出し、対向のトレーラーと正面衝突し、外傷性ショックで死亡した。トレーラーの運転手は軽傷である。","8","商業","801","卸売業","80109","その他の卸売業","10~29","2","物上げ装置、運搬機械","22","動力運搬機","221","トラック","17","交通事故（道路）"
"807","2015","平成","27","10","4~5","配送先の敷地内において、荷の下敷きになっている被災者が発見され、同日死亡したもの。災害時、被災者は積み荷をトラックから降ろす作業中であった。","4","運輸交通業","403","道路貨物運送業","40301","一般貨物自動車運送業","30~49","2","物上げ装置、運搬機械","22","動力運搬機","221","トラック","1","墜落、転落"
"808","2015","平成","27","12","15~16","製造業の工場B1、2号炉解体工事で解体された廃材を15トントラックに積込み、自社資材置場に移動した。自社資材置場において、解体用つかみ機を使用して、廃材(重量:900キログラム)の荷卸し作業中、当該つかみ機で廃材を斜めに立てて、一旦運転席から降り、廃材の下方についていたシャックル等を取り外そうと、廃材の下に入ったところ、つかみ具の先端の爪から廃材が外れ、下敷きになったもの。","3","建設業","303","その他の建設業","30302","機械器具設置工事業","10~29","1","動力機械","14","建設機械等","145","解体用機械","4","飛来、落下"
"809","2015","平成","27","11","11~12","水産加工会社の冷凍倉庫脇において、トラック(11t、箱荷台)に被災者と水産加工会社の労働者2名で冷凍サバの荷積み中、被災者が荷である冷凍サバのブロックで足を滑らせトラック荷台後部(高さ約1.6m)から墜落し、頸椎骨折により死亡したもの。","4","運輸交通業","403","道路貨物運送業","40301","一般貨物自動車運送業","1~9","6","荷","61","荷","611","荷姿の物","1","墜落、転落"
"810","2015","平成","27","6","14~15","事業場敷地内の水路の周囲の草刈りを被災者が1人で行っていた。被災者の被っていた麦わら帽子が下流に流れて来たことから、被災者を探したところ、下流の水槽内に草刈り機とともに沈んでいる被災者を発見したもの。被災者が墜落・転落した水路の深さは約3m、水面までの深さは97センチメートル、水流1.3m/sであった。被災者は作業中に水路へと墜落・転落しとものと思われる。","1","製造業","106","パルプ・紙・紙加工品製造業","10601","パルプ・紙製造業","100~299","7","環境等","71","環境等","713","水","10","おぼれ"
"811","2015","平成","27","10","10~11","足場4層目作業床(高さ約7m)で建枠を取り付けるに当たり、建枠の一方(外側)を下層建枠のジョイントに差し込み、もう一方(躯体側)をジョイントに差し込もうと建枠の下部を押し広げていたところ、先に差し込んだ建枠がジョイントから外れ、勢い余って躯体側に墜落したもの。足場作業床の外側には安全帯取付設備(手すりわく)が設置されていたが、被災者は安全帯を使用していなかった。","3","建設業","301","土木工事業","30101","水⼒発電所等建設工事業","1~9","4","仮設物、建築物、構築物等","41","仮設物、建築物、構築物等","411","足場","1","墜落、転落"
"812","2015","平成","27","9","14~15","木造2階建ての民家の屋根塗装工事において、一人の作業者が2階屋根の上でサンダーがけ作業を行い、被災者が地上でサンダーのコードが引っかからないようにしていたが、しばらくした後、近くにいた施主が、屋根に上がるために設置された移動はしごの傍で、ロープを握ってうつ伏せに倒れている被災者を発見した。目撃者はおらず、移動はしごを上がる途中か、高さ約3.2mの下屋から墜落し、胸部を強打したものと見られる。","3","建設業","302","建築工事業","30209","その他の建築工事業","1~9","9","その他","99","分類不能","999","分類不能","1","墜落、転落"
"813","2015","平成","27","3","11~12","工場の解体工事現場において、被災者は運搬車(クローラー式、歩きながら操縦するタイプ)に、廃材を積み込んだ後、地下の出入口へ前進していたが、何らかの要因で運搬機を後退させたところ、建物の梁(高さ1.1メートル)と運搬車の操作パネル部(高さ0.93メートル)との間に頭部を挟まれたもの。","3","建設業","302","建築工事業","30209","その他の建築工事業","10~29","2","物上げ装置、運搬機械","22","動力運搬機","229","その他の動力運搬機","7","はさまれ、巻き込まれ"
"814","2015","平成","27","12","0~1","被災者は、トラックを運転中、交差点で横転し、中央分離帯に衝突し死亡した。","4","運輸交通業","403","道路貨物運送業","40301","一般貨物自動車運送業","10~29","2","物上げ装置、運搬機械","22","動力運搬機","221","トラック","17","交通事故（道路）"
"815","2015","平成","27","12","0~1","林道脇の杉の立木(樹高28.8m、胸高直径60センチメートル)を同僚が伐倒したところ、伐倒木が林道を歩いていた被災者の頭部に直撃した。","6","農林業","602","林業","60201","木材伐出業","1~9","7","環境等","71","環境等","712","立木等","6","激突され"
"816","2015","平成","27","3","8~9","家屋改修工事に附帯する宅地の石垣積み作業において、被災労働者は小型ドラグショベル(移動式クレーン機能なし)を操作し石垣の石を吊り上げて移動させていたところ、ドラグショベルが転倒し石垣から3.4m下の道路に墜落し死亡したもの。","3","建設業","302","建築工事業","30202","木造家屋建築工事業","1~9","1","動力機械","14","建設機械等","142","掘削用機械","1","墜落、転落"
"817","2015","平成","27","8","16~17","個人住宅の解体工事現場において、被災者がアルミサッシ(ガラスが入っていた)をフレームごと取り外していたところ、アルミサッシに入っていたガラスが割れ、その一部が被災者の左前頸部(頸動脈)を切創したもの。","3","建設業","302","建築工事業","30209","その他の建築工事業","1~9","4","仮設物、建築物、構築物等","41","仮設物、建築物、構築物等","418","建築物、構築物","8","切れ、こすれ"
"818","2015","平成","27","2","12~13","被災者は、外勤営業中に公園のベンチで意識を失い、搬送先の病院で、翌日(平成27年2月24日10時27分)くも膜下出血により死亡したもの。","17","その他の事業","1702","その他の事業","170201","警備業","30~49","9","その他","92","起因物なし","921","起因物なし","90","その他"
"819","2015","平成","27","1","9~10","造船会社第1号ドックにおいて、修繕船のショットブラス補助作業を行っていた被災者が、ドックサイドに固縛していたブラストホースを解き、移動させようとしていたところ、約9メートル下のドック底部に転落したもの。傷病名は、重症頭部外傷","1","製造業","115","輸送用機械等製造業","11501","造船業","1~9","4","仮設物、建築物、構築物等","41","仮設物、建築物、構築物等","418","建築物、構築物","1","墜落、転落"
"820","2015","平成","27","9","5~6","被災者は自動車道下り線で大型トラック(積載荷重20トン)で走行中、前方のトレーラーに追突、トラックは停車し、被災者はキャビン内に閉じこめられた状態となった。その後、被災者は高速道路会社の担当者と携帯電話で会話をしていたが、突然応答が切れた。その後警察が被災者のトラックが2台の大型車両に追突され、被災者が車外に放出されているのを発見。","4","運輸交通業","403","道路貨物運送業","40301","一般貨物自動車運送業","30~49","2","物上げ装置、運搬機械","22","動力運搬機","221","トラック","17","交通事故（道路）"
"821","2015","平成","27","8","16~17","民有林の皆伐作業現場において、チェーンソーにより杉の木(胸高直径23センチメートル、樹高13m)を伐倒した被災者が、杉の木の抜根から約2m離れた位置に倒れていたもの。伐木した杉の木から約3m離れた位置に松の木(胸高直径85センチメートル、樹高約20m)があり、倒れていた被災者の脇には、松の枯れ枝(長さ約3m、直径10~15センチメートル)が落ちていた。","6","農林業","602","林業","60201","木材伐出業","1~9","7","環境等","71","環境等","712","立木等","4","飛来、落下"
"822","2015","平成","27","7","11~12","伐採現場から約700m離れた休憩所にチェーンソーを取りに行くため、集材車(全幅2.475m)を後進しながら作業道(幅員3.9m)を走行中、進行方向左側(運転席右側)の路肩に車体右側の履帯が乗り上げたため、これを復旧しようと操作していたが、約17m下の沢に集材車ごと(車体を前向きにしながら)転落。被災者は運転席から投げ出され、頭部を斜面に打ち付けるとともに車体の下敷きとなった。","6","農林業","602","林業","60201","木材伐出業","30~49","1","動力機械","17","車両系木材伐出機械等","172","走行集材機械","1","墜落、転落"
"823","2015","平成","27","7","4~5","湖岸道路(県道)を走行していた被災者運転のタンクローリーと、逆方向へ走行していた軽自動車が、川に架かる大橋の中央付近で衝突したもの。その結果、タンクローリーは、反対車線を越えて歩道に乗り上げ、更に橋の欄干を突き破り約15メートル下の川に転落した。タンクローリーは、先頭部が押しつぶされ、車内に取り残された被災者は溺死した。","4","運輸交通業","403","道路貨物運送業","40301","一般貨物自動車運送業","10~29","2","物上げ装置、運搬機械","22","動力運搬機","221","トラック","17","交通事故（道路）"
"824","2015","平成","27","4","11~12","被災者は岩石採取場において、ドラグショベルを使用し、砕石を4tトラックに積み込み、2キロメートルほど離れた本社へ運搬する作業を行っていた。岩石採取場から一般道へ通じる構内道を走行中、被災者は傾斜11度の離合帯付近にトラックを停車させ、エンジンをかけたまま降車した際に、トラックが逸走し轢かれたもの。","2","鉱業","202","土石採取業","20202","砂利採取業","10~29","2","物上げ装置、運搬機械","22","動力運搬機","221","トラック","17","交通事故（道路）"
"825","2015","平成","27","5","13~14","砂利採取の現場において、被災者は1人で2台のドラグ・ショベルを用いて、砂利を掘削する作業及び掘削した砂利をトラックの荷台に積み込む作業を行っていた。午後1時過ぎ、当該事業場の労働者がトラックで現場に行ったところ、湧き水等が溜まっている掘削した穴の中に、横転した状態で水没しているドラグ・ショベルを発見した。被災者は、同機械の運転席から救出されたが、病院で死亡が確認された。","1","製造業","109","窯業土石製品製造業","10901","セメント・同製品製造業","10~29","1","動力機械","14","建設機械等","142","掘削用機械","1","墜落、転落"
"826","2015","平成","27","8","10~11","バイパス上において、道路照明ポール(長さ9.5m、重さ170キログラム)を撤去するため、トラッククレーン(つり上げ荷重2.9t)で吊り、端部(アンカー部)を地上に着地させた後、先端部を下ろそうとした際に、ポール向きを調整しようとしたところ、当該ポールが被災者側に動き、ポールとトラッククレーン荷台のあおりの間に胸部を挟まれたもの。心肺停止状態で病院に搬送されたが病院で死亡(12:26)が確認された。","3","建設業","303","その他の建設業","30301","電気通信工事業","1~9","2","物上げ装置、運搬機械","21","動力クレーン等","212","移動式クレーン","6","激突され"
"827","2015","平成","27","1","8~9","防球ネット改修工事において、防球ネットを支えるコンクリート製の支柱に登り、防球ネットを取り外し、引き続き支柱上部の補強用ワイヤーを取り外す作業を行う際に、高さ約9mから墜落したもの。安全帯(U字型)及び墜落防止用の保護帽は着用していた。","3","建設業","302","建築工事業","30209","その他の建築工事業","10~29","4","仮設物、建築物、構築物等","41","仮設物、建築物、構築物等","418","建築物、構築物","1","墜落、転落"
"828","2015","平成","27","2","7~8","ゴルフ場の高木剪定作業で、用意した高所作業車が届かないため、対象木に乗り移りチェーンソーで枝打ちを開始、3~4本目に切落した枝が、足場にしていた枝に当たり当該枝が折れたため、約12m下の法面に墜落し死亡したもの。被災者はトラロープを胴に結び、足場にしていた枝に結んでいたが枝側の結びが緩く墜落時に解けたもの。","6","農林業","601","農業","60101","農業","1~9","7","環境等","71","環境等","712","立木等","1","墜落、転落"
"829","2015","平成","27","7","17~18","夕刊の配達業務において、国道をバイクにて走行中、台風による大雨の影響で道路を通行止めする遮断板がおりており、その遮断板に衝突したもの。","8","商業","802","小売業","80205","新聞販売業","10~29","2","物上げ装置、運搬機械","23","乗物","231","乗用車、バス、バイク","17","交通事故（道路）"
"830","2015","平成","27","7","13~14","被災者は建築用梁材の補強リブ等を溶接する作業を行っており、片面の溶接が終了し、裏面の溶接を行うため、ホイスト式天井クレーン(4.842t、無線操作)を用いて、梁材を反転させようとしていた(推定)。その際に、作業中の梁材にホイストを近づけようとクレーン操作をしていたところ、被災者の後方から梁材が倒れてきて、作業中の梁材との間に挟まれたもの。","1","製造業","112","金属製品製造業","11209","その他の金属製品製造業","30~49","2","物上げ装置、運搬機械","21","動力クレーン等","211","クレーン","7","はさまれ、巻き込まれ"
"831","2015","平成","27","9","11~12","一般住宅のカーポート設置工事において脚立(高さ1.5m)に上り、屋根材のポリカーポネートを取り付けていた被災者がバランスを崩して脚立からコンクリート床に墜落し、頭部を負傷した。9月25日に入院先の病院で死亡が確認された。","3","建設業","303","その他の建設業","30309","その他の建設業－その他","1~9","3","その他の装置等","37","用具","371","はしご等","1","墜落、転落"
"832","2015","平成","27","6","9~10","取引先から使用済プロパンガスボンベを積んだ社用4tトラックを運転し、所属事業場へ戻るため国道を走行していた被災者が、信号機のある交差点にて、左側より進行してきた普通乗用車と出会い頭に衝突した。トラックは積荷のプロパンガスボンベを落としながら蛇行し交差点から南に約100mの場所に設置されたフェンスに衝突し停止したが、積荷のプロパンガスボンベから出火し、被災者は運転席に閉じ込められ焼死した。","8","商業","802","小売業","80204","燃料小売業","10~29","2","物上げ装置、運搬機械","23","乗物","231","乗用車、バス、バイク","17","交通事故（道路）"
"833","2015","平成","27","10","11~12","被災者がはしご(最上部の踏面の高さ480センチメートル)を用いて建物2階の外窓(下枠までの高さ540センチメートル)のシーリング打替え作業を行っていた時に地上へ墜落したもの(推測)。災害発生時、同僚作業者は高所作業車を用いて2階の別の外窓の作業を行っていたため、墜落の瞬間を目撃した者はいない。","3","建設業","302","建築工事業","30201","鉄骨・鉄筋コンクリート造家屋建築工事業","10~29","3","その他の装置等","37","用具","371","はしご等","1","墜落、転落"
"834","2015","平成","27","10","14~15","家庭用物置の製造工程において、被災者が別の作業員と二人一組で、当該物置の壁材を梱包する作業に従事していたところ、途中で自動梱包機(壁材端部を段ボールで梱包する機械)に不具合が発生して機械が停止した。復旧後、一緒に作業していた作業員が当該機械を再起動させたところ、当該機械の可動部分を囲っている内枠と自動梱包機の全体を囲っている外枠柱の間にいた被災者が頭部をはさまれ被災したもの。","1","製造業","112","金属製品製造業","11209","その他の金属製品製造業","10~29","1","動力機械","16","一般動力機械","169","その他の一般動力機械","7","はさまれ、巻き込まれ"
"835","2015","平成","27","5","20~21","研修出張中、研修を終えて同僚とともに宿泊先ホテルに向かう途中、青信号である横断歩道(交差点)を歩いていたところ、右折して進入してきたトラックにはねられ、全身打撲により平成27年5月22日13時30分に死亡したもの。","9","金融・広告業","901","金融業","90103","保険業","300~499","2","物上げ装置、運搬機械","22","動力運搬機","221","トラック","17","交通事故（道路）"
"836","2015","平成","27","8","8~9","被災者は、ゴルフコースのTグラウンド上の芝刈り後の芝をスイーパーと呼ばれる乗用集塵機で清掃作業中(運転)、Tグラウンド法面傾斜地でスイーパーが横転し、スイーパーの下敷きとなったもの。","15","清掃・と畜業","1501","清掃・と畜業","150109","その他の清掃・と畜業","1~9","2","物上げ装置、運搬機械","22","動力運搬機","229","その他の動力運搬機","2","転倒"
"837","2015","平成","27","12","10~11","トラック(最大積載荷重12.8t)の荷台上で長さ4mに玉切りされた材をトビロを用いて整理していたところ、誤って荷台(高さ約2.4m)から墜落したもの。意識不明の状態で救急搬送されたが約8時間後死亡した。なお災害発生時、保護帽は未着用であった。","1","製造業","104","木材・木製品製造業","10401","製材業","1~9","2","物上げ装置、運搬機械","22","動力運搬機","221","トラック","1","墜落、転落"
"838","2015","平成","27","9","4~5","被災者がバイクで新聞配達中、幅員約1.6メートルの道路でバイクを止めバイクに乗ったまま新聞をポストに入れようとした際、バランスを崩して、バイクと一緒に2メートル下の畑に転落した後、乗っていたバイクが被災者の身体の上に落下し死亡した。","8","商業","802","小売業","80205","新聞販売業","10~29","2","物上げ装置、運搬機械","23","乗物","231","乗用車、バス、バイク","1","墜落、転落"
"839","2015","平成","27","10","10~11","産業廃棄物処理施設において、被災者はパレットに積んだ空フレコンを移動させるため、フォークリフトを用いて、当該センター構内隣の農道を後退しての走行中、当該フォークリフトが農道から外れて田に転落し、横転した。その際、被災者は当該フォークリフトの下敷きとなり死亡した。","15","清掃・と畜業","1501","清掃・と畜業","150102","産業廃棄物処理業","10~29","2","物上げ装置、運搬機械","22","動力運搬機","222","フォークリフト","1","墜落、転落"
"840","2015","平成","27","12","14~15","在来工法による木造建築工事の建て方作業中、2階の床(91センチメートル四方、厚さ24ミリメートルの合板)を敷いていたところ、幅12センチメートルの梁(高さ3.8m)から足を踏み外し、ベタ基礎に後頭部を強打した。保護帽、安全帯は着用していたが安全帯を取り付ける設備は無かった。墜落防止用のネットが用意されていたが取り付けられてなかった。病院へ収容され、翌早朝死亡した。","3","建設業","302","建築工事業","30202","木造家屋建築工事業","1~9","4","仮設物、建築物、構築物等","41","仮設物、建築物、構築物等","415","屋根、はり、もや、けた、合掌","1","墜落、転落"
"841","2015","平成","27","10","9~10","薄板コイル研磨ラインにおいて、薄板を研磨するバフの回転軸に左腕が巻き込まれている被災者が発見された。","1","製造業","112","金属製品製造業","11209","その他の金属製品製造業","50~99","1","動力機械","12","動力伝導機構","121","動力伝導機構","7","はさまれ、巻き込まれ"
"842","2015","平成","27","8","1~2","被災者は代行運転の随伴車を運転していたところ、運転を誤り、道路進行方向左側の電柱に衝突したもの。","17","その他の事業","1702","その他の事業","170209","その他の事業－その他","10~29","2","物上げ装置、運搬機械","23","乗物","231","乗用車、バス、バイク","17","交通事故（道路）"
"843","2015","平成","27","12","23~24","主要地方道を先行する代行運転車に後続しながら、橋にて西側に移動中に、対向してきた車両と正面衝突し、車両が大破し死亡したもの。","17","その他の事業","1702","その他の事業","170209","その他の事業－その他","1~9","2","物上げ装置、運搬機械","23","乗物","231","乗用車、バス、バイク","17","交通事故（道路）"
"844","2015","平成","27","2","13~14","間伐作業現場において、被災者を含め2名で作業を行っていた。2人は数百メートル離れた現場で各々作業を行い、予め決めておいた集合場所に15時50分に集合する予定であったが、被災者が集合時間を過ぎても現れないので、同僚が被災者の担当現場へ行ったところ、うつ伏せに倒れている被災者を発見した。被災者が倒れていた場所から約17m上の傾斜約40度の山腹にヘルメット、チェーンソー、腰袋が置かれていた。","6","農林業","602","林業","60201","木材伐出業","10~29","7","環境等","71","環境等","711","地山、岩石","1","墜落、転落"
"845","2015","平成","27","4","9~10","7枚で構成する反応槽の蓋が2枚外れたため、被災者を含む5名で蓋の復旧作業を行っていたところ、被災者が乗っていた蓋が脱落し、反応槽に墜落した。反応槽は深さ12mで、約11m汚水が滞留している状況であったが、槽の内部が酸欠環境であったこと等から、速やかに救出ができず、死亡に至った。(発生から4時間後に救急隊員により発見された)","1","製造業","116","電気・ガス・水道業","11603","水道業","50~99","4","仮設物、建築物、構築物等","41","仮設物、建築物、構築物等","414","開口部","1","墜落、転落"
"846","2015","平成","27","5","11~12","4tダンプの車検整備において、荷台を上げて車体と荷台の間に入り荷台昇降用油圧ホースを交換する作業中、荷台を上げた後、ストッパーを1つ設置したが荷台を下げて固定せずに、油圧ホースを取り外したため荷台が下降し、ストッパーが衝撃で外れ、車体と荷台の間で作業していた被災者の頭部が挟まれ死亡したもの。","8","商業","802","小売業","80202","自動車小売業","10~29","2","物上げ装置、運搬機械","22","動力運搬機","221","トラック","7","はさまれ、巻き込まれ"
"847","2015","平成","27","4","10~11","被災者は、建築中の建屋北側の駐車場予定地において、汚水配管埋設作業のため、掘削された幅約70センチメートル、深さ約1.5mの箇所に入り、同配管の取付作業を行っていたところ、掘削した箇所の側面が崩落し生き埋めとなり被災したもの。","3","建設業","302","建築工事業","30201","鉄骨・鉄筋コンクリート造家屋建築工事業","1~9","7","環境等","71","環境等","711","地山、岩石","5","崩壊、倒壊"
"848","2015","平成","27","8","11~12","取引先へ竹輪を運ぶため保冷車(1.5トントラック)を運転中、広域農道のカーブに差し掛かった時、対向車の2トントラックが中央線を越え、対向車線にはみ出してきて衝突し、出血性ショックにより間もなく死亡したもの。","1","製造業","101","食料品製造業","10102","水産食料品製造業","10~29","2","物上げ装置、運搬機械","22","動力運搬機","221","トラック","17","交通事故（道路）"
"849","2015","平成","27","8","15~16","被災者は、木造平屋建ての公営住宅新築工事現場において、高さ約3メートルの梁上で、携帯電動ドリルを使用し、梁に接続金具を取付けるためのボルト穴を開ける作業を行っていたところ、コンクリート土間に墜落したものである。意識不明の状態で病院に搬送されたが、8月20日に脳挫傷により死亡したもの。安全帯は着用していたが使用せず、安全帯を取付けるための設備も設けられていなかった。","3","建設業","302","建築工事業","30202","木造家屋建築工事業","1~9","4","仮設物、建築物、構築物等","41","仮設物、建築物、構築物等","415","屋根、はり、もや、けた、合掌","1","墜落、転落"
"850","2015","平成","27","1","17~18","右岸側の橋の上方の斜面より落石があり、現場監視のため、橋を通行止めにして自動車を止め、右岸側の同斜面の落石状況を確認していたところ、土砂崩壊が発生し、土砂により橋桁が崩落し被災者2名が、河川に墜落したもの。","3","建設業","301","土木工事業","30106","道路建設工事業","30~49","4","仮設物、建築物、構築物等","41","仮設物、建築物、構築物等","418","建築物、構築物","1","墜落、転落"
"851","2015","平成","27","11","9~10","新設の鋼製橋梁工事(橋長:35メートル)において、4名の作業員で橋梁に設置されていたつり足場の解体作業中、被災者は橋桁の下部に設置されていた足場板を撤去していた際、その下を流れていた川(作業床から川面まで約1.3メートル)につり足場から墜落し、川を約100メートル流され、墜落から約1時間30分後に救出されたが溺水により死亡したもの。","3","建設業","301","土木工事業","30199","その他の土木工事業","1~9","4","仮設物、建築物、構築物等","41","仮設物、建築物、構築物等","411","足場","1","墜落、転落"
"852","2015","平成","27","4","6~7","販売所所有のバイクにて新聞配達終了後、販売所へ帰るため国道を走行中、被災者が運転するバイクがセンターラインを越え、対向車線を走行する車両と衝突したもの。","8","商業","802","小売業","80205","新聞販売業","1~9","2","物上げ装置、運搬機械","23","乗物","231","乗用車、バス、バイク","17","交通事故（道路）"
"853","2015","平成","27","10","1~2","軽ワゴン車に配達用の新聞を積み込む作業をしていたところ、転倒し、後頭部を床に打ち付けた。意識はあり、引き続き6時間ほど業務を行い、所定終了時刻にて退社。翌18日の朝になって吐くなどしたため、病院を受診したところ、そのまま入院となり、19日に手術が行われたが、21日に死亡した。","8","商業","802","小売業","80205","新聞販売業","50~99","4","仮設物、建築物、構築物等","41","仮設物、建築物、構築物等","417","通路","2","転倒"
"854","2015","平成","27","10","8~9","倉庫会社の岸壁停泊中の貨物船において、品質検査のため、同船に乗り込んでいた被災者が3番ハッチの船倉内で倒れているのを、荷揚げ作業員が発見したもの。なお、貨物船にはトウモロコシが積まれており、発見直後に酸素濃度を測定したところ、基準値を下回っていたもの。","17","その他の事業","1702","その他の事業","170209","その他の事業－その他","30~49","5","物質、材料","51","危険物、有害物等","514","有害物","12","有害物等との接触"
"855","2015","平成","27","9","13~14","商品の配達先において、トラックの荷台からビールケースを持って後ろ向きに下りる際に、後方に転倒して、地面に頭部を打ち付けた。","8","商業","802","小売業","80201","各種商品小売業","50~99","2","物上げ装置、運搬機械","22","動力運搬機","221","トラック","2","転倒"
"856","2015","平成","27","9","14~15","砕石プラントのホッパー部分の補修作業のため、プラント3階部分の高さ4.5メートルの歩廊上に脚立を置き、ホッパー側面の鉄板を交換し、鉄板のボルトをナット締めをしていたところ、地上に墜落したもの。","2","鉱業","202","土石採取業","20201","採石業","10~29","3","その他の装置等","37","用具","371","はしご等","1","墜落、転落"
"857","2015","平成","27","4","0~1","道路貨物運送事業に勤務し、貨物用自動車運転業務に従事していた被災者が、運行先で苦しみだし、意識消失、全身けいれんが出現し病院へ搬送されたが死亡が確認された。死亡診断は、急性大動脈解離StanfordA 心配停止である。","4","運輸交通業","403","道路貨物運送業","40301","一般貨物自動車運送業","10~29","9","その他","92","起因物なし","921","起因物なし","90","その他"
"858","2015","平成","27","2","15~16","派遣労働者の被災者は、午後3時の休憩後、工場内の作業場所に現れず、事務所付近でドンと大きな音がし、工場敷地内で横倒しとなっていたフォークリフトのヘッドガードと地面の間に、首から後頭部にかけて挟まれていたところを発見されたもの。","1","製造業","101","食料品製造業","10103","農業保存食料品製造業","30~49","2","物上げ装置、運搬機械","22","動力運搬機","222","フォークリフト","2","転倒"
"859","2015","平成","27","2","11~12","敷鉄板(幅1.5m、長さ6m、厚さ2センチメートル、重さ1.6t/枚)13枚の撤去を行うため、移動式クレーンを用いて20t級の重ダンプの荷台上で積込作業を行っていたところ、荷台が起き上がり、荷台上の作業員が飛ばされ、ずり落ちた敷鉄板上に転落した。ドクターヘリで病院へ搬送されたが、約12時間後に死亡した。被災者は保護帽を着用していたが、墜落時には外れていた。","3","建設業","301","土木工事業","30101","水⼒発電所等建設工事業","1~9","2","物上げ装置、運搬機械","22","動力運搬機","221","トラック","1","墜落、転落"
"860","2015","平成","27","10","15~16","被災者は、木造平屋一階建ての事務所の軒下の補修作業中、高さ約1.7メートルの脚立から墜落して負傷した。","9","金融・広告業","902","広告・あっせん業","90209","その他の広告・あっせん業","1~9","3","その他の装置等","37","用具","371","はしご等","1","墜落、転落"
"861","2015","平成","27","8","4~5","原付バイクで新聞配達中に、市道から用水路に墜落したもの。用水路の幅は、1.5m、市道から用水路底までの高さは、2m。","8","商業","802","小売業","80205","新聞販売業","10~29","2","物上げ装置、運搬機械","23","乗物","231","乗用車、バス、バイク","17","交通事故（道路）"
"862","2015","平成","27","5","13~14","被災者は、木造家屋解体現場で発生したがれき等の産業廃棄物を4tトラックで中間処理施設に運搬し、廃棄物の荷降ろしを終えた後、トラックを近くの路肩へ移動し停車させ、トラックの後板(あおり)持ち上げて固定しようとしていたところ、後板を持ち上げ損ね、倒れた後板が被災者の身体に激突し、被災者はその場に転倒した。病院へ搬送されたが、翌日(5月31日)に死亡した。","3","建設業","302","建築工事業","30202","木造家屋建築工事業","1~9","2","物上げ装置、運搬機械","22","動力運搬機","221","トラック","6","激突され"
"863","2015","平成","27","11","22~23","荷物を積み込み、高速自動車道を走行中、低速車を追い越し、走行車線に戻ったところ、路肩から走行車線にはみ出して停車していた故障車の右後方に追突し、ハンドルと車の間に挟まれた。","4","運輸交通業","403","道路貨物運送業","40301","一般貨物自動車運送業","100~299","2","物上げ装置、運搬機械","22","動力運搬機","221","トラック","17","交通事故（道路）"
"864","2015","平成","27","11","10~11","国外の交差点において、横断歩道を歩いていたところ、交差点を右折してきた観光バスに巻き込まれたもの。","12","教育・研究業","1201","教育・研究業","120109","その他の教育研究業","1000~9999","2","物上げ装置、運搬機械","23","乗物","231","乗用車、バス、バイク","17","交通事故（道路）"
"865","2015","平成","27","6","10~11","荷(冷凍食品)の入庫後、時間が経過しても出発しないトラック(4t冷凍車)を不審に思った荷受け担当者が、トラック後部とプラットホームに挟まれている被災者を発見した。発見時、トラックの後部扉(観音開き)は開いたままの状態。入庫時のトラック停車場はプラットホーム側が下がる3度の傾斜がついている。","4","運輸交通業","403","道路貨物運送業","40301","一般貨物自動車運送業","30~49","2","物上げ装置、運搬機械","22","動力運搬機","221","トラック","7","はさまれ、巻き込まれ"
"866","2015","平成","27","8","14~15","県道の除草作業を被災者を含む8名(現場代理人1名、草刈機除草作業3名、刈った草のトラックへの積込作業2名(内1名が被災者)、交通誘導員2名)で朝8時頃から開始した。午後2時頃、被災者が体調不良を訴えたため日陰で休息させていたところ、痙攣や嘔吐の熱中症が疑われる症状が認められた。その約30分後、再び嘔吐して意識が混濁し、救急車を手配するも到着前に心配停止状態になり搬送先病院で死亡が確認されたもの。","3","建設業","301","土木工事業","30199","その他の土木工事業","30~49","7","環境等","71","環境等","715","高温・低温環境","11","高温・低温の物との接触"
"867","2015","平成","27","9","15~16","工場内の完成品置き場において、仰向けで倒れていた被災者が同僚に発見された。被災者の状態は頭部から出血し意識がなく病院に搬送されたものの4日後に死亡したもの。なお、被災時の状況を現認した者がいないため、災害発生状況は不明である。","1","製造業","112","金属製品製造業","11203","金属プレス製品製造業","30~49","4","仮設物、建築物、構築物等","41","仮設物、建築物、構築物等","416","作業床、歩み板","2","転倒"
"868","2015","平成","27","9","9~10","被災者は、15トントラック(平台車)で荷物積込み先に到着し、荷物の積込みを完了して出発したが、通常走行経路であれば右折する交差点を直進し、突き当りの工場の門扉を突き破って建物外壁に衝突したもの。","4","運輸交通業","403","道路貨物運送業","40301","一般貨物自動車運送業","10~29","2","物上げ装置、運搬機械","22","動力運搬機","221","トラック","17","交通事故（道路）"
"869","2015","平成","27","2","8~9","鉄工場において、作業員3名(うち1名が経営者)が金属製の鉄板を加工して非常用発電機用の煙突を作成していた。煙突は長さがあるため、いくつかのパーツに分けて組立られ、作成しながら次の工程で使用する鉄板の移動も行っていた。鉄板は14枚が鉄工場内に立てかけられ、そのうちの4枚を移動しようと3名で引きはがしていたところ、14枚全部が倒れ3名の上半身がはさまれた。","1","製造業","112","金属製品製造業","11209","その他の金属製品製造業","1~9","5","物質、材料","52","材料","521","金属材料","5","崩壊、倒壊"
"870","2015","平成","27","11","11~12","水路(深さ約3m)拡幅工事において、水路を跨いで反対側の道路上に伐倒した木(樹高約22m)が道路の端から水路に5.8m突き出した状態となったことから下請作業員がチェーンソーで先端から5.5mの位置で伐倒木を切断したところ、被災者が滑動した伐倒木に激突され、そのまま伐倒木とともに水路に転落し、転落した伐倒木が水路の底でバウンドし、再度、被災者に激突したもの。","3","建設業","301","土木工事業","30107","河川土木工事業","1~9","7","環境等","71","環境等","712","立木等","6","激突され"
"871","2015","平成","27","7","0~1","ダム付近に設置されている雨量計の月次点検作業のため、点検員2名で山を登っていたところ、被災者が体調不良を訴えたため、点検作業には参加せず木陰で休憩していた。もう一人の点検員が点検を終え、二人で下山していたところ、被災者が倒れ、苦しんでいたので救急要請をした。救急ヘリで病院に搬送されたが、死亡が確認された。死体検案書の死亡の原因欄、直接死因が「熱中症」と記載あり。","8","商業","804","その他の商業","80409","その他の商業－その他","10~29","7","環境等","71","環境等","715","高温・低温環境","11","高温・低温の物との接触"
"872","2015","平成","27","5","15~16","被災者を含む作業員5名(運輸会社の労働者1名と合同会社の労働者4名)はフォークリフトを使用し、鉄板の移動作業をしていた。被災者は、フォークリフトが抱えた鉄板を下す場所(床面)に、当該鉄板を支えるためのりん木を並べ、りん木の位置を調整をしていたところ、被災者の後方にある扉に立て掛けられていた重さ約1tのバーインコイルが被災者の上に倒れ、下敷きとなったもの。","5","貨物取扱業","501","陸上貨物取扱業","50101","陸上貨物取扱業","30~49","6","荷","61","荷","611","荷姿の物","5","崩壊、倒壊"
"873","2015","平成","27","9","16~17","片脚橋形クレーン(つり上げ荷重2.0t)でH形鋼(50×30センチメートル、長さ10.05m)を移動している際に、積み上げに使用していた枕木(幅7.5センチメートル、厚さ6.0センチメートル、長さ105センチメートル)が、切断し、H形鋼が崩れたため、片脚橋形クレーンの支柱とH形鋼に腹部を挟まれたもの。H形鋼は、2段積んだ上に枕木を乗せ、その上に5段積んでいた。5段積んだ重量は、約6t。","1","製造業","112","金属製品製造業","11209","その他の金属製品製造業","10~29","5","物質、材料","52","材料","521","金属材料","5","崩壊、倒壊"
"874","2015","平成","27","5","8~9","宿直用の布団を干すため、管理棟3階の明かり取り用のトップライトに上ったところ、厚さ6.8ミリメートルのガラスを踏み抜き、約8.4メートル下のプラットホームに墜落し死亡した。","15","清掃・と畜業","1501","清掃・と畜業","150103","その他の廃棄物処理業","30~49","4","仮設物、建築物、構築物等","41","仮設物、建築物、構築物等","415","屋根、はり、もや、けた、合掌","1","墜落、転落"
"875","2015","平成","27","8","9~10","電柱立替工事において、被災者が、新設の電柱に昇柱してアーム等の取り付け作業を行っていたところ、既設の電柱から家庭へ送られている電線(100から200V)に接触したため、感電し、被災したもの。なお、送電線には、ビニールテープによる補修箇所が認められた。また、被災者は、雨、汗等により通電しやすい状態であった。","3","建設業","303","その他の建設業","30301","電気通信工事業","30~49","3","その他の装置等","35","電気設備","351","送配電線等","13","感電"
"876","2015","平成","27","8","14~15","木造住宅のアンテナ取り付け工事作業において、アンテナを壁面に取り付けるためはしごの上で作業中または移動中、墜落したもの。墜落高さ8.7m。","3","建設業","302","建築工事業","30203","建築設備工事業","1~9","3","その他の装置等","37","用具","371","はしご等","1","墜落、転落"
"877","2015","平成","27","4","10~11","山林内において、植林を目的とした地ごしらえのため、伐倒作業者、手元作業者の二名一組で伐木を行っていたが、伐倒した立木(樹高25m、胸高直径40センチメートル)が倒れる際に枝がらみしていた別の立木の枝(長さ13m、直径12センチメートル)が折れ、落下し、伐倒作業者の左足及び、伐倒作業者の後方で待機していた手元作業者の頭部に激突したもの。伐倒作業者は左脛骨に亀裂骨折を負い、手元作業者は死亡した。","6","農林業","602","林業","60209","その他の林業","10~29","7","環境等","71","環境等","712","立木等","4","飛来、落下"
"878","2015","平成","27","6","9~10","工事現場内で土留め用のシートパイルを設置するためのケーシング(φ360ミリメートル、長さ11m)を移動式クレーンで運搬するため、ハッカーで2箇所玉掛けし、約1.5m吊り上げたところ、ケーシングが縦ぶれし、玉掛け用具が外れ、ケーシングの近くにいた被災者の右足に落下し、負傷したもの。その後、病院に運ばれ、約3時間後死亡が確認された。","3","建設業","301","土木工事業","30106","道路建設工事業","10~29","3","その他の装置等","37","用具","372","玉掛用具","4","飛来、落下"
"879","2015","平成","27","9","11~12","引越作業において、ビル4階の窓から、高所作業車を使って荷の段ボール箱(中身は書類など)を地上に搬出していた。バケットの中央部に乗っていた被災者は、19個の段ボール箱と伴に、地上へ下りる操作を始めた。ビル3階窓付近の高さ6メートル10センチあたりまでバケットを下ろしたところ、荷崩れを起こし、被災者は荷と伴にバケットから地上へ墜落したもの。","4","運輸交通業","403","道路貨物運送業","40301","一般貨物自動車運送業","10~29","1","動力機械","14","建設機械等","146","高所作業車","1","墜落、転落"
"880","2015","平成","27","6","13~14","被災者は、派遣先であるリサイクル会社において、工場建屋の入口付近に設置されている粉砕機械の粉砕プラスチック片が自動でフレコンバッグに投入される場所において、フレコンバッグを入れ替える作業を行っていたところ、突然床に倒れ込んだため、救急搬送された。搬送された病院では、急性心筋梗塞、心室細動、低酸素脳症、熱中症と診断され治療を続けていたが、転医先の病院で平成27年9月7日死亡したもの。","17","その他の事業","1701","派遣業","170101","派遣業","300~499","7","環境等","71","環境等","715","高温・低温環境","11","高温・低温の物との接触"
"881","2015","平成","27","1","18~19","特別養護老人ホーム内において、デスクワーク中の被災者が倒れ、急性心不全により約2時間後死亡した。","13","保健・衛生業","1302","社会福祉施設","130201","社会福祉施設","100~299","9","その他","92","起因物なし","921","起因物なし","90","その他"
"882","2015","平成","27","12","17~18","建設資材等を運搬するため現場に入場していたトラック運転手が、トラックの荷台の脇で積み込んだ台車の位置を調整する作業中、当該台車の後輪側を押したところ、台車の前輪側が荷台から落下しそうになった。作業の様子を見ていた被災者が台車の前輪側を押し戻したところ、荷台から後輪側の台車のキャスターが脱輪したため、台車が荷崩れを起こし、被災者の頭部等に台車が落下したもの。","3","建設業","302","建築工事業","30203","建築設備工事業","10~29","6","荷","61","荷","612","機械装置","4","飛来、落下"
"883","2015","平成","27","8","19~20","事業場内において、粒度分別用の網(重さ1トン)の補修作業を行うため、トラクターショベルのバケットの爪で網の端部を引っ掛けてつり上げ、網をほぼ垂直に立て、網の下部を地面に降ろした状態で番線の増し絞め作業を行っていたところ、バケットの爪から網が外れ、被災者の方に倒れて下敷きになった。","8","商業","801","卸売業","80109","その他の卸売業","10~29","1","動力機械","14","建設機械等","141","整地・運搬・積込み用機械","5","崩壊、倒壊"
"884","2015","平成","27","2","1~2","国道下り線(片側3車線)において、中央側の各1車線を規制し、中央分離帯の補修工事を行っていたところに、大型トラック(最大積載量13.8t)が突っ込んだ。事故に巻き込まれ、土木作業員1人が死亡したほか、交通誘導員3人、クレーン運転士、トラック運転手が被災した。","3","建設業","301","土木工事業","30106","道路建設工事業","1~9","2","物上げ装置、運搬機械","22","動力運搬機","221","トラック","17","交通事故（道路）"
"885","2015","平成","27","1","4~5","バイクで新聞配達中、国道(片側1車線の直線道路)で後ろから乗用車に追突された。","8","商業","802","小売業","80205","新聞販売業","30~49","2","物上げ装置、運搬機械","23","乗物","231","乗用車、バス、バイク","17","交通事故（道路）"
"886","2015","平成","27","9","12~13","S産業は産業用機械を製造する事業場で約30年前にN産業に砂洗浄機を納入し、メンテナンス等も行っていた。台風でスレート屋根に穴が開き、その補修作業をN産業からS産業へ依頼した。第1日目は殆ど剥がれた屋根へ波鉄板を設置する作業が行われ、第2か3日目にスレート屋根の補修作業を行っている際、被災者が踏み抜き、約5mの地上まで墜落し死亡したもの。","3","建設業","302","建築工事業","30209","その他の建築工事業","1~9","4","仮設物、建築物、構築物等","41","仮設物、建築物、構築物等","415","屋根、はり、もや、けた、合掌","1","墜落、転落"
"887","2015","平成","27","12","6~7","被災者は、社用車を運転し、自宅から警備の現場へ向かっていたところ、信号の無い交差点を右折した際、直進してきた対向車と衝突した。","17","その他の事業","1702","その他の事業","170201","警備業","1~9","2","物上げ装置、運搬機械","23","乗物","231","乗用車、バス、バイク","17","交通事故（道路）"
"888","2015","平成","27","7","13~14","工場敷地内において、被災者は、車両積載形トラッククレーンの修理作業のため、助手席側前輪付近の車体底部に潜り込み、取付けられたエンジンスターターの不具合を確認していた際に、同僚にエンジンキーを回すよう指示したところ、トラックが後進し、トラックの前輪に轢かれたもの。","1","製造業","117","その他の製造業","11701","自動車整備業","1~9","2","物上げ装置、運搬機械","21","動力クレーン等","212","移動式クレーン","7","はさまれ、巻き込まれ"
"889","2015","平成","27","8","11~12","被災者は川の支流にかけられた橋付近で、河川の点検作業を1人で行っていた際、右岸側の石積み護岸の天端を通行中、約4.7m下の河床まで転落した。","3","建設業","301","土木工事業","30199","その他の土木工事業","50~99","4","仮設物、建築物、構築物等","41","仮設物、建築物、構築物等","418","建築物、構築物","1","墜落、転落"
"890","2015","平成","27","1","15~16","被災者は作業員等5名とともに造林地にて植栽木の枝払い作業を行っていたところ、一部の作業員が熊らしき黒い物体を発見して即座に避難したが、被災者だけ見当たらなかったため、現場付近を捜索したところ、被災者が熊の巣穴付近にてうつ伏せの状態で倒れているのを発見したもの。同日中に脳挫傷等により死亡確認。","6","農林業","602","林業","60209","その他の林業","10~29","7","環境等","71","環境等","719","その他の環境等","90","その他"
"891","2015","平成","27","2","2~3","タクシー乗務中、乗客3名を乗せて、交差点を東進したところ、通を赤信号で北進してきた、大型バイクが運転席付近に激突した。大型バイクの運転者は、あばら骨骨折の重傷、乗客3名は軽傷(詳細不明)","4","運輸交通業","402","道路旅客運送業","40201","ハイヤー・タクシー業","30~49","2","物上げ装置、運搬機械","23","乗物","231","乗用車、バス、バイク","17","交通事故（道路）"
"892","2015","平成","27","2","9~10","簡易リフトの搬器底部と壁面の間にゴミが挟まり、2階床面から搬器が少し下降した状態で動かなくなったため、被災者は2階床面にうつ伏せになり、上半身を簡易リフトの昇降路に入れて挟まったゴミの除去を行っていたところ、搬器が落下し、搬器上部のフレームと2階床面の間に頚部を挟まれた。平成27年3月10日未明、収容先の病院で死亡したもの。","1","製造業","103","衣服その他の繊維製品製造業","10301","外衣下着製造業","10~29","2","物上げ装置、運搬機械","21","動力クレーン等","214","エレベータ、リフト","4","飛来、落下"
"893","2015","平成","27","1","17~18","右岸側の橋の上方の斜面より落石があり、現場監視のため、橋を通行止めにして自動車を止め、右岸側の同斜面の落石状況を確認していたところ、土砂崩壊が発生し、土砂により橋桁が崩落し被災者2名が、河川に墜落したもの。","3","建設業","301","土木工事業","30106","道路建設工事業","30~49","4","仮設物、建築物、構築物等","41","仮設物、建築物、構築物等","418","建築物、構築物","1","墜落、転落"
"894","2015","平成","27","1","1~2","多目的イベントホールで開催されたコンサートの舞台装置撤去作業中に、可動式客席が格納されるピット内(深さ約2.5m)で倒れている被災者が発見された。(現認者なし)発見時ピットの囲いとして設けられている移動式の間仕切り壁が一部開放していた。被災者は病院に搬送され、外傷性脳出血、血胸、肋骨骨折と診断され療養していたが、平成27年1月16日死亡した。","10","映画・演劇業","1001","映画・演劇業","100109","その他の映画・演劇業","1~9","4","仮設物、建築物、構築物等","41","仮設物、建築物、構築物等","418","建築物、構築物","1","墜落、転落"
"895","2015","平成","27","10","5~6","卸売市場内において、牛乳等を積み込んだロールボックスパレットをトラック荷台から保冷コンテナに人力で移す作業中、被災者がトラック後部のパワーゲートの端と保冷コンテナの入口との間の隙間に鋼製の道板を敷いてロールボックスパレットを引いていたところ、掛け渡していた道板が外れ、当該隙間に落ち、倒れたため被災者がその下敷きとなったもの。","4","運輸交通業","403","道路貨物運送業","40301","一般貨物自動車運送業","30~49","3","その他の装置等","36","人力機械工具等","362","人力運搬機","6","激突され"
"896","2015","平成","27","1","10~11","被災者の運転する4トントラックが、高速道路上り線の走行車線を走行中(追い越し車線は工事のため通行規制されていた)、工事渋滞中の最後尾の車に衝突。当該衝突により、最後尾から数えて合計3台の車両が玉突き事故に巻き込まれた。被災者が運転する車両は衝突後炎上し、同人は全身火傷のため死亡。上記3台の運転者の負傷程度は軽度の打撲","4","運輸交通業","403","道路貨物運送業","40301","一般貨物自動車運送業","10~29","2","物上げ装置、運搬機械","22","動力運搬機","221","トラック","17","交通事故（道路）"
"897","2015","平成","27","7","14~15","現場作業が終了したため運送会社に委託し、ケリーバー(杭打ち機に装着する部材で長さ12m、重さ約3t)を当該資材置場に搬出した。ケリーバーを保管するため、被災者がドラグショベル(機体重量22.5t)を使用し、トラックからケリーバーを下ろした際、ケリーバーが運転席に激突したものである。","3","建設業","302","建築工事業","30201","鉄骨・鉄筋コンクリート造家屋建築工事業","10~29","1","動力機械","14","建設機械等","142","掘削用機械","6","激突され"
"898","2015","平成","27","2","2~3","被災者は、バイク(50CC 原動機付自転車)で新聞配達作業中、市道交差点にて赤信号のため、信号待ちをしていたところ、後方から追突され、その際被災者は、頭部などを強く打ち間もなく死亡した。なお、追突した乗用車は、そのまま逃走したが、警察により逮捕され、加害者からは基準値を上回るアルコールが検出されている。","8","商業","802","小売業","80205","新聞販売業","10~29","2","物上げ装置、運搬機械","23","乗物","231","乗用車、バス、バイク","17","交通事故（道路）"
"899","2015","平成","27","11","12~13","被災者は、木造2階建住宅新築工事のため、車両積載形トラッククレーンを使用し、結束した木製土台41本(約700キログラム)を2本のスリングロープで玉掛けし吊り上げブームを旋回中、クレーンが転倒し、クレーンのそばで操作していた被災者がクレーンと地面に積まれた足場材にはさまれた。ブーム角度50度、作業半径6m、アウトリガーは最小張り出しで使用していた。(調査確認中)","3","建設業","302","建築工事業","30202","木造家屋建築工事業","10~29","2","物上げ装置、運搬機械","21","動力クレーン等","212","移動式クレーン","2","転倒"
"900","2015","平成","27","10","13~14","トラックの荷台に金属製の製品の車体フレームを4段に積み込が終了したので固縛するために被災者が荷台に上がっていた。天井クレーンの操作者が床上で操作し、クレーンを走行させた。最上段の車体フレーム1つが落下し、被災者も床まで落ちた。治療していたが10月8日に死亡したもの。","4","運輸交通業","403","道路貨物運送業","40301","一般貨物自動車運送業","10~29","2","物上げ装置、運搬機械","21","動力クレーン等","211","クレーン","3","激突"
"901","2015","平成","27","12","11~12","会社の敷地内で、建築資材の整理作業において事業主がトラクター・ショベル(機体重量3.36T)により建築廃材をコンテナに積込みし、同ショベルを後進した時に、木片の盛りに混じったゴミを拾おうと被災者が同ショベルの後側に立ち入ったために、同ショベルに轢かれたものである。","3","建設業","301","土木工事業","30199","その他の土木工事業","10~29","1","動力機械","14","建設機械等","141","整地・運搬・積込み用機械","7","はさまれ、巻き込まれ"
"902","2015","平成","27","11","0~1","国道交差点付近で鋼矢板の建て込み作業が行われるため、それに伴い2車線を交通規制していたところ、北方面から南向けて異常な速度(約100キロメートル以上と思われる)で近づいてきた普通乗用車に、交通誘導を行っていた被災者が跳ね飛ばされた。その後、救急車を手配したが、搬送先の病院で死亡が確認された。","17","その他の事業","1702","その他の事業","170201","警備業","50~99","2","物上げ装置、運搬機械","23","乗物","231","乗用車、バス、バイク","17","交通事故（道路）"
"903","2015","平成","27","9","0~1","平成27年9月5日0時40分頃、事業場1階の工場に設置されている集塵機のケーブルが短絡し、火災が発生した。事業場2階の休憩室にいた被災者が火災により発生した煙を吸い込み、病院へ搬送されたが、平成27年9月6日に死亡した。","1","製造業","112","金属製品製造業","11209","その他の金属製品製造業","1~9","5","物質、材料","51","危険物、有害物等","514","有害物","12","有害物等との接触"
"904","2015","平成","27","4","10~11","地上19階、地下2階建てのRC造建築物の解体工事中、コンクリート片に作業員1名が押し潰されて死亡したもの。コンクリート片は当該建築物17階の床を解体した一部で、ブレーカーを用いて17階から1階に投下されたものであった。エレベーターシャフトを通り落下したコンクリート片は、シャフトの受け口からシャフト外に飛び出し、そのまま現場内を約20メートル転がって被災者に激突し倒れた。","3","建設業","302","建築工事業","30209","その他の建築工事業","1~9","1","動力機械","14","建設機械等","145","解体用機械","6","激突され"
"905","2015","平成","27","4","11~12","被災者がドラグショベルの下敷きになり倒れているのを通行人が発見。搬送先の病院で死亡が確認されたもの。リースしていた1トンドラグショベルを引き取るため建設現場に出張していた被災者が、当該ドラグショベルを1.5トントラックへ積み込む際ドラグショベルと転落し、運転していた被災者がその下敷きとなったものと思われる。災害調査については、警察署が実施済み。","8","商業","804","その他の商業","80409","その他の商業－その他","1~9","1","動力機械","14","建設機械等","142","掘削用機械","1","墜落、転落"
"906","2015","平成","27","5","14~15","作業箇所の上部からロープを吊るしそのロープにより身体を保持しながら作業を行ういわゆる「ブランコ作業」にて建物の外窓清掃作業を行っていた被災者が、そのロープと共に屋上付近(高さ約19メートル)から地上に墜落し、死亡したもの。","15","清掃・と畜業","1501","清掃・と畜業","150101","ビルメンテナンス業","1~9","3","その他の装置等","37","用具","379","その他の用具","1","墜落、転落"
"907","2015","平成","27","3","9~10","被災者と事業者は、生コン製造プラントに設置されている「骨材貯蔵ビン」と呼ばれる金属製のピットの補修作業に従事していた。代表者は骨材貯蔵ビンの内部で金属製の板をアーク溶接する作業を行い、被災者は骨材貯蔵ビンの外部で代表者の補助作業を行っていたところ、生コン製造プラントの内壁に吹き付けられたウレタンフォームに何らかの火が燃え移って火災が発生し、被災者と事業者が死亡、注文者の労働者1名が負傷した。","1","製造業","117","その他の製造業","11702","機械修理業","1~9","3","その他の装置等","33","溶接装置","331","ガス溶接装置","16","火災"
"908","2015","平成","27","5","11~12","事業場敷地周囲の崖付近で除草作業を行っていたところ、当該崖から河川に墜落した。その後、行方不明になっていたが、平成27年6月15日に河川で遺体となって発見された。本件、被災者は一人で作業なので、被災時の目撃者はおらず、災害発生時間も不明であるもの(該報告に際して、「災害発生時間」は便宜上入力。)。","15","清掃・と畜業","1501","清掃・と畜業","150102","産業廃棄物処理業","30~49","9","その他","99","分類不能","999","分類不能","1","墜落、転落"
"909","2015","平成","27","12","0~1","トンネル工事現場において、切羽付近のズリ積込み作業を終了したドラグショベルが、次の作業に向かうため後進したところ、ドラグショベル右後方に立ち入っていた被災者の両足を轢いたもの。","3","建設業","301","土木工事業","30102","トンネル建設工事業","100~299","1","動力機械","14","建設機械等","142","掘削用機械","7","はさまれ、巻き込まれ"
"910","2015","平成","27","7","16~17","最高気温35度を超える中、1時間おきに休憩をとり、木造家屋解体工事に従事していたが、午後4時の休憩の際、意識が朦朧としているところを救急搬送され、約3時間後熱中症の疑いで死亡したもの。被災者は、休憩時間の際は、スポーツドリンクとお茶を飲んでいた。","3","建設業","303","その他の建設業","30309","その他の建設業－その他","50~99","7","環境等","71","環境等","715","高温・低温環境","11","高温・低温の物との接触"
"911","2015","平成","27","6","0~1","製紙工場内において、1人(運転手)でトレーラの荷台に設けられたスライドデッキ装置を用いて同荷台に積載したバーク(樹木の皮)を自動で地面に下ろす作業を行っていたところ、地面上にてバークに埋もれていた被災者を発見した。その後、病院にて死亡が確認された。","4","運輸交通業","403","道路貨物運送業","40301","一般貨物自動車運送業","10~29","5","物質、材料","52","材料","529","その他の材料","5","崩壊、倒壊"
"912","2015","平成","27","3","8~9","信号のない交差点内で、東方向に走行していたダンプカーが南方向に走行していた被災者2人が乗ったバキュームカーの側方部に衝突した。衝撃でバキュームカーは2、3回転した。助手席に乗っていた労働者は車外に投げ出され、頭等を強く打ち、翌日搬送先の病院で死亡した。運転席に乗っていた労働者は腰の骨を骨折した。","15","清掃・と畜業","1501","清掃・と畜業","150109","その他の清掃・と畜業","10~29","2","物上げ装置、運搬機械","23","乗物","239","その他の乗物","17","交通事故（道路）"
"913","2015","平成","27","4","14~15","伐木作業中、労働者がチェーンソーで切り倒した杉(高さ約21m、胸高直径約33センチメートル)が想定と異なる方向に倒れ、別の立木の伐木作業をしていた被災者に当たり、被災者がその杉の下敷きとなり被災したもの。","6","農林業","602","林業","60201","木材伐出業","1~9","7","環境等","71","環境等","712","立木等","5","崩壊、倒壊"
"914","2015","平成","27","11","0~1","木材伐出現場での作業路網の開設作業中、ドラグショベルのバケット部分のフックにワイヤロープを掛け、伐倒木に玉掛けして引きずりながら搬送・集積を行っていたところ、作業路の奥で伐倒木の玉掛け作業を担当していた被災者が、引きずっていた伐倒木と山側法面との間に挟まれた状態で発見されたもの。","6","農林業","602","林業","60201","木材伐出業","50~99","7","環境等","71","環境等","712","立木等","6","激突され"
"915","2015","平成","27","7","9~10","立木を斜面側方に位置する木で浴びせ倒そうとしたが当該側方の木自体倒れず、斜面下方の別の木を伐倒し2本の木を浴びせ倒そうとしたが、当該下方の木の枝が上記側方の木の枝に接触してかかり木となったことから、下方の木をけん引すべくチルホールを準備中、下方の木が倒れた。被災者たちは急ぎ退避しようとしたが、側方の木も倒れて下方の木に当たって斜面を転がり、退避途中の被災者が下敷きとなった。","6","農林業","602","林業","60209","その他の林業","1~9","7","環境等","71","環境等","712","立木等","6","激突され"
"916","2015","平成","27","8","14~15","5階建てマンションの防水工事現場において、不動産管理を行っている同社の営業社員が現場の状況を確認中に4階屋上から3階屋上(高さ約3.1メートル)に墜落し、死亡したもの。同社は、マンションの所有者から依頼を受け、U社に防水工事の施行一式を発注しており、被災者は出張中に被災したもの。警察署において、災害調査実施済。","8","商業","804","その他の商業","80409","その他の商業－その他","1~9","4","仮設物、建築物、構築物等","41","仮設物、建築物、構築物等","418","建築物、構築物","1","墜落、転落"
"917","2015","平成","27","10","13~14","大型タンクローリーでレギュラーガソリン等を運搬中、高速道路インターチェンジの料金所から、下り本線に合流する緩やかな上り坂の左カーブを曲がりきれず、右側のガードレールに衝突して横転した。","4","運輸交通業","403","道路貨物運送業","40302","特定貨物自動車運送業","50~99","2","物上げ装置、運搬機械","22","動力運搬機","221","トラック","17","交通事故（道路）"
"918","2015","平成","27","11","15~16","工場内で、テーブル用の天板部材を製造する工程のうち、板材(24枚/組)を解体機(板材をテーブルリフターへ搬送する(載せる)為の機械)工程にて、解体機の爪部に載せられた板材が、テーブルリフターに搬送された際に1枚の板が解体機内に落下した為、被災者は解体機を停止させずに解体機内に立ち入り板材を拾おうとしたところ、稼働してきた解体機の爪部の根元と解体機本体の水平材との間に頭部を挟まれた(但し目撃者無)","1","製造業","105","家具・装備品製造業","10501","木製家具製造業","30~49","2","物上げ装置、運搬機械","22","動力運搬機","229","その他の動力運搬機","7","はさまれ、巻き込まれ"
"919","2015","平成","27","8","4~5","標記事業場の労働者7名(正社員1名、日雇6名)でイベント会場にワンボックス車で向かう途中、バイパスで側壁に衝突し車が横転した。横転後6人は路側帯に避難していたが、運転手が横転した車に荷物を取るために戻っていたところ、横転した車に大型トラックが衝突したもの。","17","その他の事業","1702","その他の事業","170209","その他の事業－その他","1~9","2","物上げ装置、運搬機械","23","乗物","231","乗用車、バス、バイク","17","交通事故（道路）"
"920","2015","平成","27","2","10~11","トラックターミナル内で仮眠を取っていたところ、14時30分頃に同僚が異変に気づき救急搬送された。「心筋梗塞」と診断され、同日16時12分に死亡した。","5","貨物取扱業","501","陸上貨物取扱業","50101","陸上貨物取扱業","30~49","9","その他","92","起因物なし","921","起因物なし","90","その他"
"921","2015","平成","27","11","17~18","被災者はバリ取り、研磨、搬出の作業を自動で行う機械を使用して、鉄板(1メートル×2メートル)の表面を研磨していたところ、研磨機の作業台と搬出装置との間で胸部を挟まれたもの。","1","製造業","112","金属製品製造業","11209","その他の金属製品製造業","10~29","1","動力機械","16","一般動力機械","167","産業用ロボット","7","はさまれ、巻き込まれ"
"922","2015","平成","27","3","0~1","被災者は建設機械の修理・点検業務に従事。平成26年から作業ミスが目立ち、その都度上司等に注意、叱責を受け、平成27年1月末に自信喪失し辞表提出したものの、慰留され撤回。同年3月12日朝、家族に出勤すると告げたまま行方不明となり、同月14日午前自車両内で練炭を燃焼させ一酸化炭素中毒により死亡しているところを発見された。なお、所定労働時間を超える勤務も行っていた。","8","商業","801","卸売業","80109","その他の卸売業","30~49","9","その他","92","起因物なし","921","起因物なし","90","その他"
"923","2015","平成","27","9","14~15","土砂処分場内で、被災者が大型ドラグショベルを運転して作業道を走行中、路肩が崩れ土砂処分用の穴にドラグショベルごと転落したもの。","2","鉱業","202","土石採取業","20201","採石業","1~9","1","動力機械","14","建設機械等","142","掘削用機械","1","墜落、転落"
"924","2015","平成","27","6","9~10","被災者は、新たに採石が行われる山の斜面に重機等が走行するための道路を整備する現場において、ブレーカを運転し岩石を破砕する作業を行っていたところ、当該ブレーカーが安定を失い、機械とともに斜面を転落したもの。被災者は、斜面を転落中に運転席より投げ出されたものである。","3","建設業","301","土木工事業","30199","その他の土木工事業","30~49","1","動力機械","14","建設機械等","145","解体用機械","1","墜落、転落"
"925","2015","平成","27","9","9~10","国道の陸橋の調査業務において、被災者は、高所作業車の作業床の上に乗り、橋梁の(コンクリート)床板の(打音)検査を行い、それが終了したため、隣接区間に高所作業車を移動させようとした。そして、被災者が、高所作業車を操作したところ、被災者の頸部が高所作業車の作業床の手すりと橋梁の床板との間に挟まれたため、病院に搬送したが、(4日後の)9月19日(午後1時45分)に死亡した。","17","その他の事業","1702","その他の事業","170209","その他の事業－その他","1~9","1","動力機械","14","建設機械等","146","高所作業車","7","はさまれ、巻き込まれ"
"926","2015","平成","27","10","1~2","被災者は、フォークリフト(最大荷重1.4t)を運転操作中、何らかの原因でフォークリフトが横転し、車体と地面との間に頭部を挟まれ死亡した。当時、フォークリフトの作業装置は地上より約3mの高さにあり、荷は積載されていなかった。また、路面にはタイヤ跡が残されていた。なお、災害発生時は、休憩時間中にあり、物音を聞いた同僚が、被災者を発見したもの。","1","製造業","108","化学工業","10805","プラスチック製品製造業","100~299","2","物上げ装置、運搬機械","22","動力運搬機","222","フォークリフト","2","転倒"
"927","2015","平成","27","12","11~12","被災者は、デイサービス施設内の浴室において、清掃作業中、浴槽内の湯を電動ポンプを用いて排水していて、電源コード被膜の損傷が原因で感電したもの。","13","保健・衛生業","1302","社会福祉施設","130201","社会福祉施設","50~99","1","動力機械","16","一般動力機械","169","その他の一般動力機械","13","感電"
"928","2015","平成","27","11","17~18","自社ヤードで輸出用雑貨のコンテナ詰めを行っていた被災者が、品物を納入し終わった2t貨物自動車のヤード出場を誘導するため片側1車線の県道上に出たところ、走行してきた軽自動車に撥ねられ死亡したもの。","15","清掃・と畜業","1501","清掃・と畜業","150103","その他の廃棄物処理業","1~9","2","物上げ装置、運搬機械","23","乗物","231","乗用車、バス、バイク","17","交通事故（道路）"
"929","2015","平成","27","7","23~24","被災労働者が卸売市場で荷卸し等の作業を終え、道路の向かい側の魚市へ伝票を渡した後、再度卸売市場へ戻るため横断歩道を歩行した際に、左側から時速約40キロメートルで走行してきた軽ワゴン車に激突され、3時間半後に死亡に至った。","4","運輸交通業","403","道路貨物運送業","40301","一般貨物自動車運送業","30~49","2","物上げ装置、運搬機械","23","乗物","231","乗用車、バス、バイク","17","交通事故（道路）"
"930","2015","平成","27","5","16~17","被災者は、配達準備のため、区分場内において配達伝票の整理を立位作業で行っていたところ、そのままの状態で後方へ倒れ右頭部を作業床で打ったもの。","11","通信業","1101","通信業","110101","通信業","300~499","9","その他","92","起因物なし","921","起因物なし","2","転倒"
"931","2015","平成","27","9","6~7","被災者は、工事現場内の駐車場所である作業構台に駐車しようとしたところ、車が作業構台端部の約7メートル手前で急加速し、駐車場所を越えて作業構台の手すりを突き破り、構台床から約12メートル下の地下コンクリート床へ車ごと転落したもの。","3","建設業","302","建築工事業","30201","鉄骨・鉄筋コンクリート造家屋建築工事業","30~49","2","物上げ装置、運搬機械","23","乗物","231","乗用車、バス、バイク","1","墜落、転落"
"932","2015","平成","27","3","11~12","事業場内の沈殿池(水が抜かれた状態)中央のくぼみ付近で倒れている被災者が、他の労働者により発見され、救急搬送されたが、脳挫傷により死亡したもの。被災者の倒れていた箇所の上方には作業床(池の底面より高さ約4メートル)があり、被災者の発見時、当該作業床に設置された水の配管バルブは開放状態となっており水が流れ出していた。[確定報告]","2","鉱業","202","土石採取業","20202","砂利採取業","1~9","4","仮設物、建築物、構築物等","41","仮設物、建築物、構築物等","414","開口部","1","墜落、転落"
"933","2015","平成","27","9","16~17","醤油を製造するためのもろみを入れてある発酵タンクの攪拌作業を行っていた被災者が、発酵タンク(幅約5m、奥行き約5m、深さ約3.5m)に浮かんでいるところを発見されたもの。もろみ表面の酸素濃度は約12%、発酵タンク周辺の酸素濃度は約21%であった。なお、発酵タンクがある場所には全体換気装置が設けられており、災害発生時は稼働していた。","1","製造業","101","食料品製造業","10109","その他の食料品製造業","50~99","3","その他の装置等","39","その他の装置、設備","391","その他の装置、設備","10","おぼれ"
"934","2015","平成","27","6","15~16","装鞍所内西側2号馬房につながれた競走馬の馬体検査のため、左側面から前に出たところ、突然、馬が立ち上がり、馬の左前足が被災者の左肩にかかったため、引き倒され、転倒し頭部を打撲したもの。救急搬送され、病院にて加療していたが、10月30日に死亡したもの。","17","その他の事業","1702","その他の事業","170209","その他の事業－その他","30~49","7","環境等","71","環境等","719","その他の環境等","6","激突され"
"935","2015","平成","27","2","10~11","平成27年2月18日午前10時ころ、河川水門耐震補強工事において、現場付近を航行する船舶の状況を監視する警戒船業務中に、用を足すためにトイレを設置した台船(水面からの高さ1.4メートル)と船の間を移動していたところ、水面に転落し溺死したもの。なお、ライフジャケットは身に着けていなかった。","17","その他の事業","1702","その他の事業","170201","警備業","10~29","7","環境等","71","環境等","713","水","10","おぼれ"
"936","2015","平成","27","2","17~18","航空機の油圧系装置を整備していたところ、高さ約2.6mの作業床の端から墜落したもの。","4","運輸交通業","401","鉄道・軌道・水運・航空業","40103","航空業","100~299","4","仮設物、建築物、構築物等","41","仮設物、建築物、構築物等","416","作業床、歩み板","1","墜落、転落"
"937","2015","平成","27","12","10~11","島において落石状況を調査していた被災者が夕方になっても駐車場所に戻らず、翌日の朝、岩山の麓の斜面に倒れているのが発見されたもの。被災者は島外に所在する事業場から2泊3日の旅程で1人で来ており、この岩山は調査対象のひとつであった。事業場は建設コンサルタント業を営んでいる。","17","その他の事業","1702","その他の事業","170209","その他の事業－その他","50~99","7","環境等","71","環境等","711","地山、岩石","2","転倒"
"938","2015","平成","27","9","14~15","被災者は、チェーンソーを使用して、作業道開設にあたる支障木(ヒノキ、スギ)の伐木作業を行っていた。当該伐木作業中の14:00頃、伐倒木(ヒノキ)の下敷きになり死亡した。単独作業を行っていたものであり、災害発生時の目撃者はいない。","6","農林業","602","林業","60201","木材伐出業","10~29","7","環境等","71","環境等","712","立木等","3","激突"
"939","2015","平成","27","7","13~14","市内での会議出席のため、社有車にて移動中、道を誤り、脇見運転による追突事故を起こした。この時点では本人に怪我もなく、車輌も自走可能であったため、一度事務所に帰社すべく同車輌にて走行していたところ、突然エアバックが作動し、前方が見えなくなり、操作不能となり、電柱に衝突したもの。","17","その他の事業","1701","派遣業","170101","派遣業","100~299","2","物上げ装置、運搬機械","23","乗物","231","乗用車、バス、バイク","17","交通事故（道路）"
"940","2015","平成","27","6","2~3","大型トレーラーを運転中に、下り坂カーブを曲がりきれずにガードレールを突き破り、約40m下の県道に転落し炎上したもの。6月28日午後2時に事業場を出発し、近畿地方の港で荷を積載して、翌日午前9時までに関東地方に所在する事業場に荷を届けることとなっていた。高速道路の使用が認められないことから、一般道で目的地に向かっていたものと推定される。","4","運輸交通業","403","道路貨物運送業","40301","一般貨物自動車運送業","10~29","2","物上げ装置、運搬機械","22","動力運搬機","221","トラック","17","交通事故（道路）"
"941","2015","平成","27","5","16~17","射出成型機の金型の奥にあるレール部のグリスアップ(事業場での通称「立ち上げ作業」)を行おうとした労働者が、スライドしてきた金型に頭部を挟まれたもの。","1","製造業","108","化学工業","10805","プラスチック製品製造業","10~29","1","動力機械","16","一般動力機械","164","射出成形機","7","はさまれ、巻き込まれ"
"942","2015","平成","27","8","14~15","河川の堤防等の維持修繕等を行う工事現場において、自走式草刈機に搭乗して、法面の草刈り作業を行っていた被災者が、自走式草刈機の機体前方にある草刈り部に巻き込まれているところを同僚に発見され、医療機関に搬送されたが、同日、死亡が確認された。当該自走式草刈機は、クローラにより走行するもので、機体後方に運転者が搭乗するステップがあり、草刈り部は、多数の刃を取り付けた軸を回転させ、草刈りを行うものである。","3","建設業","301","土木工事業","30107","河川土木工事業","10~29","1","動力機械","16","一般動力機械","169","その他の一般動力機械","7","はさまれ、巻き込まれ"
"943","2015","平成","27","6","8~9","コンクリートガラを破砕する破砕機に附属するベルトコンベヤーのロール部付近で倒れているところを他の労働者に発見されたもの。被災者は病院に搬送されるも、外傷性ショックによる死亡が確認された。発見時、当該コンベヤーは運転中で、被災者の傍らには、折損したスクレパー(ロールに付着したゴミを取除くための用具)が落ちていた。なお、当該コンベヤーのロール部付近に非常停止装置は設けられていなく、覆い等もない。","15","清掃・と畜業","1501","清掃・と畜業","150102","産業廃棄物処理業","1~9","2","物上げ装置、運搬機械","22","動力運搬機","224","コンベア","7","はさまれ、巻き込まれ"
"944","2015","平成","27","1","8~9","リフトの点検及び始動をするため、スノーモービルにより初心者コースを移動中、ゲレンデを横断して脇道に入ろうと、斜面下方方向23度から38度、進入方向斜度18度の斜面を駆け上がろうとしたため、38度付近に差し掛かった際に安定度を失い、下方方向へ横転する形で約10.4m転落した。その後、スノーモービルの下敷きになった状態で発見されたものの、窒息状態により死亡した。","4","運輸交通業","401","鉄道・軌道・水運・航空業","40101","鉄道・軌道業","300~499","2","物上げ装置、運搬機械","23","乗物","239","その他の乗物","1","墜落、転落"
"945","2015","平成","27","8","13~14","工場内で、溶接ヤードから大きな音がしたので、不審に思った作業者が近づいたところ、床に倒れている被災者を発見した。倒れていた箇所は、製品の鉄骨を置くためのリン木(H400×300)を並べているところで、リン木の上には鉄骨(H600×300、長さ4.6m)が置かれていた。また頭上には10t天井クレーンがあった。死因は「頸椎骨折、脳挫傷」。着用していたヘルメットにも大きな傷が付いていた。","1","製造業","112","金属製品製造業","11209","その他の金属製品製造業","10~29","3","その他の装置等","37","用具","372","玉掛用具","4","飛来、落下"
"946","2015","平成","27","7","12~13","被災者が指揮者となり、石の上に設置された軽油用の燃料タンクをドラグ・ショベルを用い、動かそうとしたところ、燃料タンクが被災者の方向に倒れてきて燃料タンクに胸部を挟まれたもの。","2","鉱業","202","土石採取業","20201","採石業","1~9","1","動力機械","14","建設機械等","142","掘削用機械","5","崩壊、倒壊"
"947","2015","平成","27","6","10~11","某センター内の倉庫前において、トラックで搬入されたバグフィルター(円筒形、高さ228センチメートル、直径150センチメートル)をフォークリフト(最大荷重3.0t)で積み下ろすときに、バグフィルターをパレットごと持ち上げ後退した時に、バグフィルターがパレットから落下し、近くで誘導していた被災者に激突したもの。","3","建設業","303","その他の建設業","30302","機械器具設置工事業","50~99","2","物上げ装置、運搬機械","22","動力運搬機","222","フォークリフト","4","飛来、落下"
"948","2015","平成","27","1","19~20","一級建築士として勤務していたが、長時間労働によりうつ病を発症し、自宅納屋で縊死しているのを発見されたもの。","17","その他の事業","1702","その他の事業","170209","その他の事業－その他","1~9","9","その他","92","起因物なし","921","起因物なし","90","その他"
"949","2015","平成","27","1","14~15","道路改築工事現場の皆伐作業において、チェンソーを用いて杉(胸高直径31センチメートル、樹高19.2m)の伐木を行っていたところ、当該伐木が近傍で別の杉の玉切り作業を行っていた被災者の背面に激突したもの。","3","建設業","301","土木工事業","30106","道路建設工事業","1~9","7","環境等","71","環境等","712","立木等","6","激突され"
"950","2015","平成","27","4","6~7","被災者は、平成27年4月27日1時頃、出発し、高速道路を運転中、インターチェンジ出口付近において、トラックが横転し、死亡したもの。死体検案書の結果、直接死因は外傷性くも膜下出血であった。","4","運輸交通業","403","道路貨物運送業","40301","一般貨物自動車運送業","50~99","2","物上げ装置、運搬機械","22","動力運搬機","221","トラック","17","交通事故（道路）"
"951","2015","平成","27","5","0~1","建築工事現場において、石綿建材が用いられた建物や付属施設等の補修及び解体作業中に石綿を吸い、平成27年12月16日に中皮腫により死亡した。","3","建設業","302","建築工事業","30209","その他の建築工事業","1~9","5","物質、材料","51","危険物、有害物等","514","有害物","12","有害物等との接触"
"952","2015","平成","27","3","10~11","砕石工場のプラントの修理作業を行っていた労働者1名が首の骨を折って死亡したもの。プラントの鉄板にクランプ取付け、チェーンブロックにてコンベアのシュート(重量1.1トン)を吊り上げていたが、クランプごと抜け落下し、下部で作業を行っていた被災者が被災した。","3","建設業","303","その他の建設業","30302","機械器具設置工事業","1~9","3","その他の装置等","37","用具","379","その他の用具","4","飛来、落下"
"953","2015","平成","27","9","14~15","集合住宅の外壁改修工事現場において、被災者と同僚が外部足場の落下防止棚の組み立て作業を行っていたところ、被災者と同僚が乗っていた落下防止棚が崩壊し、作業をしていた2名が墜落した。","3","建設業","302","建築工事業","30201","鉄骨・鉄筋コンクリート造家屋建築工事業","10~29","4","仮設物、建築物、構築物等","41","仮設物、建築物、構築物等","411","足場","1","墜落、転落"
"954","2015","平成","27","7","12~13","被災者は、競馬場敷地内にある装鞍所において、競走馬を引いて周回行動をしていたところ、当該馬が装鞍所中央部の植え込み部に進入したため、引き綱を引いて戻そうとしたところ、転回した当該馬の左後ろ足に左後頭部を蹴られ被災したもの。(ヘルメットは着用していたが保護のない耳の後ろを蹴られたもの)","7","畜産・水産業","701","畜産業","70101","畜産業","10~29","7","環境等","71","環境等","719","その他の環境等","6","激突され"
"955","2015","平成","27","5","14~15","被災者は、5月22日午後2時頃から水道の検針業務中に行方不明となり、5月25日に山林で被災者の遺体が埋められた状態で発見されたもの。警察が捜査した結果、被害者は、水道の検針業務のため、一人で加害者の自宅に赴いたところ、加害者自宅内に引き込まれて加害者に絞殺された。","17","その他の事業","1702","その他の事業","170209","その他の事業－その他","30~49","9","その他","92","起因物なし","921","起因物なし","90","その他"
"956","2015","平成","27","8","16~17","他県の病院で作業を終え、自宅に向かうため社用車のワゴン車を運転中、高速自動車道のトンネル内上り車線において、車線規制を知らせるための標識車両に追突し、停車していたところ後続車に衝突された。","17","その他の事業","1702","その他の事業","170209","その他の事業－その他","10~29","2","物上げ装置、運搬機械","22","動力運搬機","221","トラック","17","交通事故（道路）"
"957","2015","平成","27","2","7~8","高速自動車道下り線、パーキングエリア入口付近において、車がスリップし右側法面に乗り上げ横転したもの。","3","建設業","302","建築工事業","30201","鉄骨・鉄筋コンクリート造家屋建築工事業","10~29","2","物上げ装置、運搬機械","23","乗物","231","乗用車、バス、バイク","17","交通事故（道路）"
"958","2015","平成","27","9","21~22","タクシー運転業務中、事務所から無線で配車指示された場所で客を乗せ、客から指示のあった道の駅駐車場に到着したところ、客から「金を出せ」と言われたあと刃物で腹部等を刺された。被災者はタクシーの外へ逃げて倒れていたところを、客の運転する車に頭部をひかれ死亡した。客は道の駅駐車場に事前に自家用車を用意しており、犯行後自家用車で被災者の頭部をひいて逃走したもの。","4","運輸交通業","402","道路旅客運送業","40201","ハイヤー・タクシー業","10~29","9","その他","99","分類不能","999","分類不能","99","分類不能"
"959","2015","平成","27","12","8~9","屋根置き式雪止め設置工事で、一般住宅の屋根(2階建て、地上からの高さ5.75m)に梯子を立てかけ登ったところ屋根又は梯子から墜落し、勝手口前の歩道に頭部を打ち付け脳挫傷により死亡した。","3","建設業","302","建築工事業","30202","木造家屋建築工事業","10~29","4","仮設物、建築物、構築物等","41","仮設物、建築物、構築物等","415","屋根、はり、もや、けた、合掌","1","墜落、転落"
"960","2015","平成","27","7","3~4","トレーラーで高速自動車道上り線を走行中に前を走っていたトラックに追突し死亡したもの。","1","製造業","117","その他の製造業","11709","その他の製造業－その他","50~99","2","物上げ装置、運搬機械","22","動力運搬機","221","トラック","17","交通事故（道路）"
"961","2015","平成","27","10","22~23","木造一部軽量鉄骨2階建ての雑居ビルにおいて、階段1階付近から出火した炎がビル全体に燃え広がり、ビル2階店内で接客中であった3人が火傷等により負傷し、うち1人が一酸化中毒により死亡したもの。また、同店内にいた男性客2人が一酸化炭素中毒で死亡、その他男性客1人が負傷したもの。","14","接客娯楽業","1402","飲食店","140209","その他の飲食店","10~29","5","物質、材料","51","危険物、有害物等","514","有害物","12","有害物等との接触"
"962","2015","平成","27","8","19~20","港から内陸の食品工場に大豆等の穀物を運送するため、国道を大型トレーラーで走行中、右カーブにさしかかったところで当該車両が横転し運転手が運転室内に挟まれて死亡。車両が横転した現場は、下り勾配7%が約6.5キロメートル続く長い下り坂途中の右カーブであった。","4","運輸交通業","403","道路貨物運送業","40301","一般貨物自動車運送業","1~9","2","物上げ装置、運搬機械","22","動力運搬機","221","トラック","17","交通事故（道路）"
"963","2015","平成","27","2","6~7","仮設現場事務所に向かうため、乗用車を運転し、高速自動車道を通行中、後続車両(大型トラック)に追突された。頭部を強打し、心肺停止状態のところ、同日午前9時頃、死亡した。支店所属である被災者は、完成引き渡しを終えた物件の工事に関係する各種請求書の事務処理のため、残置された仮設現場事務所に向かっていた。","3","建設業","302","建築工事業","30201","鉄骨・鉄筋コンクリート造家屋建築工事業","30~49","2","物上げ装置、運搬機械","23","乗物","231","乗用車、バス、バイク","17","交通事故（道路）"
"964","2015","平成","27","5","9~10","工作機械を設置するため当該機械をトレーラーの荷台に載せ工場に搬入していた。当該機械の置き場所を調整するため一度工場内に入れたトレーラーを外に出そうとしたとき、当該機械の上にいた被災者が工場の入り口上部と当該機械に挟まれた。","3","建設業","303","その他の建設業","30302","機械器具設置工事業","10~29","2","物上げ装置、運搬機械","22","動力運搬機","221","トラック","7","はさまれ、巻き込まれ"
"965","2015","平成","27","11","19~20","被災者は詰所に溜まっていた一般ゴミを二輪車に載せて脱硫場に運び、約350°Cのスラグが入った鍋(地上からの高さ約1.6m)に投入して燃やすため、操作室にいる同僚へ要請してこの鍋を移動させた。その後、被災者から操作室の同僚に「助けて」と連絡があり、駆け付けたところ、鍋の近くの通話器の横で倒れていた被災者を発見したもの。搬送先で11月18日に死亡。","1","製造業","110","鉄鋼業","11001","製鉄・製鋼・圧延業","100~299","3","その他の装置等","39","その他の装置、設備","391","その他の装置、設備","11","高温・低温の物との接触"
"966","2015","平成","27","1","2~3","工場内で不要になった木型や廃棄物等が入ったフレコンバックをフォークリフトで所定の場所へ移動させるため、フォークリフトの運転者と被災者の2名でフレコンバックの吊りベルトにフォークリフトの爪を引っ掛ける作業を行っていたところ、フォークリフトが前進した際、フォークリフトの爪と被災者の立ち位置の後方部にあった鋳物枠との間に被災者が挟まれて被災した。","1","製造業","110","鉄鋼業","11002","鋳物業","100~299","2","物上げ装置、運搬機械","22","動力運搬機","222","フォークリフト","7","はさまれ、巻き込まれ"
"967","2015","平成","27","10","14~15","顧客の保険契約内容の説明終了後、次の顧客先に自転車で移動中、後方から歩道を走行してきた軽乗用車にはねられた。","9","金融・広告業","901","金融業","90103","保険業","300~499","2","物上げ装置、運搬機械","23","乗物","231","乗用車、バス、バイク","17","交通事故（道路）"
"968","2015","平成","27","2","10~11","木の廃材から堆肥を製造する過程で使用する、破砕した木のチップを運搬するベルトコンベアのエンドローラーに溜まったゴミ(湿ったチップ、泥等)を除去するため、機械を止めずに治具(木片)をエンドローラーに当て掃除していたところ、治具及び右腕がエンドローラーとベルトの間に巻き込まれ、この結果、胸部がベルトコンベアの枠で圧迫され、同日22時23分に胸部圧迫により窒息死した。","1","製造業","117","その他の製造業","11709","その他の製造業－その他","10~29","2","物上げ装置、運搬機械","22","動力運搬機","224","コンベア","7","はさまれ、巻き込まれ"
"969","2015","平成","27","6","9~10","高速道路において、工事規制帯内で橋台の隙間の測定(推定)していたところ、バック走行してきた2tトラックに轢かれたもの。被災者は、高速道路会社より委託を受け、施工管理を行うため、出張作業で工事現場に立ち入っていた。","17","その他の事業","1702","その他の事業","170209","その他の事業－その他","1~9","2","物上げ装置、運搬機械","22","動力運搬機","221","トラック","7","はさまれ、巻き込まれ"
"970","2015","平成","27","2","11~12","3階建、戸建木造住宅の解体工事において3階から内装ボード(1枚当たり5キロ前後)を地上のコンテナボックスに落とし入れていた際、何らかの原因で地上まで6.14m墜落したもの。(推定)被災日の11時30分頃、被災者に声を掛けにいった職長が地上でうつ伏せに倒れている被災者を発見し、救急要請、病院に搬送され、死亡が確認された。","3","建設業","302","建築工事業","30202","木造家屋建築工事業","1~9","4","仮設物、建築物、構築物等","41","仮設物、建築物、構築物等","414","開口部","1","墜落、転落"
"971","2015","平成","27","8","9~10","被災者は、建設工事現場において、ミキサー車からコンクリートポンプ車へのコンクリート供給の作業時に、ミキサー車を後進させ所定位置に停車させるための誘導の業務を行っていた。被災者は、ミキサー車を停車させた後に体調不良となり、ミキサー車前方の日陰部分に座り込んでいたところ、ミキサー車の運転手が被災者に気付かずに発車したため、当該ミキサー車に轢かれたもの。","1","製造業","109","窯業土石製品製造業","10901","セメント・同製品製造業","10~29","2","物上げ装置、運搬機械","22","動力運搬機","221","トラック","7","はさまれ、巻き込まれ"
"972","2015","平成","27","1","8~9","檜の皆伐現場で、伐木作業中(被災者は檜(直径26センチメートル)に追い口を作ろうとしていたものと推定される)、被災者の後方にあった栗の木(直径13センチメートル、高さ12.57m)が何らかの原因で倒れ、被災者の首に栗の木が乗った状態で、うつぶせで倒れているのを、同僚が発見し、病院に搬送されたものの、頸椎骨折で死亡した。発見時には被災者が伐木作業をしていた木は立っていた。","6","農林業","602","林業","60201","木材伐出業","30~49","7","環境等","71","環境等","712","立木等","5","崩壊、倒壊"
