"ID","西暦","年号","年","月","発生時間","災害状況","業種（大分類）コード","業種（大分類）分類名","業種（中分類）コード","業種（中分類）分類名","業種（小分類）コード","業種（小分類）分類名","事業場規模","起因物（大分類）コード","起因物（大分類）分類名","起因物（中分類）コード","起因物（中分類）分類名","起因物（小分類）コード","起因物（小分類）分類名","事故の型コード","事故の型分類名"
"1","1992","平成","4","1","15~16","工場内の簡易リフト(搬器:0.7×0.9m、高さ0.8m)の荷台に乗り、2階に上がろうとしたところ、搬器と1階の天井部との間に挟まれた。","1","製造業","101","食料品製造業","","","10~29","2","物上げ装置、運搬機械","21","動力クレーン等","","","7","はさまれ、巻き込まれ"
"2","1992","平成","4","1","5~6","手押し車に荷を積み、県道をはさんだ向かいの倉庫に行く途中、後続の乗用車に激突された。","8","商業","","","","","50~99","2","物上げ装置、運搬機械","23","乗物","","","17","交通事故（道路）"
"3","1992","平成","4","1","8~9","本船の揚荷装置で粉体移送用ゴム製パイプを移動中、パイプの陸上への接続作業をしていたところ、ブーム荷吊り用ワイヤロープが切れ、ブームと荷が落下した。","5","貨物取扱業","502","港湾運送業","","","10~29","2","物上げ装置、運搬機械","21","動力クレーン等","","","4","飛来、落下"
"4","1992","平成","4","1","10~11","クリーニングの配達中、凍結した傾斜道路上にワゴン車をサイドブレーキを入れギアをローにして停車させ、車の前方に荷を持ってまわったところ、車が滑ってきてひかれた。","9","金融・広告業","","","","","1~9","2","物上げ装置、運搬機械","23","乗物","","","17","交通事故（道路）"
"5","1992","平成","4","1","3~4","国道上で客を降ろし発進したところ、後続の普通乗用車に追突された。","4","運輸交通業","402","道路旅客運送業","","","10~29","2","物上げ装置、運搬機械","23","乗物","","","17","交通事故（道路）"
"6","1992","平成","4","1","6~7","50ccバイクで新聞配達中、市道脇の電柱に衝突した。","8","商業","","","","","10~29","2","物上げ装置、運搬機械","23","乗物","","","17","交通事故（道路）"
"7","1992","平成","4","1","9~10","抄出し準備のためプレスパート最上段の北端通路上で毛布の点検中、移動中のクレーンのガータ下部と通路の手摺に挟まれた。","1","製造業","106","パルプ・紙・紙加工品製造業","","","500~999","2","物上げ装置、運搬機械","21","動力クレーン等","","","7","はさまれ、巻き込まれ"
"8","1992","平成","4","1","9~10","自社車庫内で、オイル交換のためエアー式ジャッキで上げたタクシーの下に入り、オイルキャップを外そうとしたとき、ジャッキのツメから車体が落下し下敷きになった。(輪止めはかけられておらず、サイドブレーキは緩く、ジャッキのツメは所定の位置にかけられていなかった)","4","運輸交通業","402","道路旅客運送業","","","30~49","2","物上げ装置、運搬機械","23","乗物","","","7","はさまれ、巻き込まれ"
"9","1992","平成","4","1","12~13","自社敷地内において、10tダンプカーの荷台を上げ油圧シリンダーの油漏れ点検中、油が漏れ出すと同時に荷台が降下し、荷台と車体の間に挟まれた。","4","運輸交通業","403","道路貨物運送業","","","10~29","2","物上げ装置、運搬機械","22","動力運搬機","","","7","はさまれ、巻き込まれ"
"10","1992","平成","4","1","15~16","自家用軽トラックで戸別訪問中、交差点で信号待ちの後、直進させたところ、右側から進行してきた乗用車と衝突した。","17","その他の事業","","","","","1~9","2","物上げ装置、運搬機械","22","動力運搬機","","","17","交通事故（道路）"
"11","1992","平成","4","1","9~10","3階の吊足場(スカイハンガー)を解体中、足を滑らせ約2.5m下の2階へ墜落した。","3","建設業","302","建築工事業","","","1~9","4","仮設物、建築物、構築物等","41","仮設物、建築物、構築物等","","","1","墜落、転落"
"12","1992","平成","4","1","9~10","木造平屋倉庫の解体作業中、屋根上から投下された瓦が当たった。","3","建設業","303","その他の建設業","","","1~9","5","物質、材料","52","材料","","","4","飛来、落下"
"13","1992","平成","4","1","11~12","自社資材置場よりトラックに同乗して帰社する途中、交差点で一時停止を無視して進入してきた乗用車に激突され、トラックが交差点角のコンクリート塀に激突した。","8","商業","","","","","100~299","2","物上げ装置、運搬機械","22","動力運搬機","","","17","交通事故（道路）"
"14","1992","平成","4","1","13~14","圧砕機で廃材を移動中、圧砕機と建物と間に挟まれた。(圧砕機とは、ドラグショベルの先端バケット部を爪に取り替えたもの)","3","建設業","302","建築工事業","","","1~9","1","動力機械","14","建設機械等","","","7","はさまれ、巻き込まれ"
"15","1992","平成","4","1","13~14","工場でトラックから荷(ステンレス板65枚、1m×2m×1ミリメートル、1t)を卸し、L字型の台車に板を立てた状態で載せ工場内に運び入れる際、台車が横転して下敷きになった。","4","運輸交通業","403","道路貨物運送業","","","10~29","6","荷","61","荷","","","5","崩壊、倒壊"
"16","1992","平成","4","1","14~15","ブル集材の作業中、伐倒木(長さ15.4m、直径79センチメートル)をブルドーザーで牽引し、勾配28度の集材道を下っていたところ、路肩より20m下に転落した。","6","農林業","601","農業","","","1~9","1","動力機械","14","建設機械等","","","1","墜落、転落"
"17","1992","平成","4","1","15~16","スクリーンハウス内でスクリーン(振動フイル)の補修資材を1階から4階に搬入中、トタン(6尺×3尺)を丸め脇に抱えて階段を登っていたところ、3階開口部より5.8m下の床に墜落した。","1","製造業","112","金属製品製造業","","","10~29","4","仮設物、建築物、構築物等","41","仮設物、建築物、構築物等","","","1","墜落、転落"
"18","1992","平成","4","1","15~16","帰社途中、スピードの出しすぎによりセンターラインを越え、対向してきた大型トラックに衝突した。","8","商業","","","","","10~29","2","物上げ装置、運搬機械","23","乗物","","","17","交通事故（道路）"
"19","1992","平成","4","1","15~16","帰社途中、スピードの出しすぎによりセンターラインを越え、対向してきた大型トラックに衝突した。","8","商業","","","","","10~29","2","物上げ装置、運搬機械","23","乗物","","","17","交通事故（道路）"
"20","1992","平成","4","1","6~7","大型トラックの左側後輪(ダブルタイヤ)のタイヤとタイヤの間に上半身を入れチェーンを外していたところ、同僚がトラックを発進させ、ひかれた。","4","運輸交通業","403","道路貨物運送業","","","10~29","2","物上げ装置、運搬機械","22","動力運搬機","","","7","はさまれ、巻き込まれ"
"21","1992","平成","4","1","8~9","第2クワッドリフト(4人乗り高速)の山頂駅舎内で、リフトの始業点検中、加減速装置の動力伝導装置にヤッケを巻き込まれ、首を絞められた。","4","運輸交通業","401","鉄道・軌道・水運・航空業","","","10~29","1","動力機械","12","動力伝導機構","","","7","はさまれ、巻き込まれ"
"22","1992","平成","4","1","9~10","4階の倉庫より荷(約30キログラム)をエレベーターで1階へ降ろす際、搬器が2階付近で停止したため2階積卸口のシャッターを開け、荷を搬器より外へ出していたところ搬器が降下し、搬器天井と2階床に挟まれた。","8","商業","","","","","1~9","2","物上げ装置、運搬機械","21","動力クレーン等","","","7","はさまれ、巻き込まれ"
"23","1992","平成","4","1","11~12","フォークリフトを運転し後退中、前進してきた別のフォークリフトが左側面に衝突したため被災者のフォークリフトが横転し、ヘッドガードの端に挟まれた。","1","製造業","110","鉄鋼業","","","30~49","2","物上げ装置、運搬機械","22","動力運搬機","","","3","激突"
"24","1992","平成","4","1","11~12","解体中のわく組足場の4層目足場板上から、約7m下の地上に墜落した。","3","建設業","302","建築工事業","","","10~29","4","仮設物、建築物、構築物等","41","仮設物、建築物、構築物等","","","1","墜落、転落"
"25","1992","平成","4","1","14~15","堰堤砂防工事の前準備作業で、チェンソーを使用して伐木作業中、伐木していた木のかかり木が落下した。","3","建設業","301","土木工事業","","","10~29","7","環境等","71","環境等","","","4","飛来、落下"
"26","1992","平成","4","1","8~9","ワゴン車に同乗して現場に向う途中、交差点中央で乗用車と衝突した。","3","建設業","301","土木工事業","","","10~29","2","物上げ装置、運搬機械","23","乗物","","","17","交通事故（道路）"
"27","1992","平成","4","1","9~10","ペアリフトの折返装置(高さ約4m)の積雪を払うため登ったところ、足を滑らせ運行中の折返滑車(直径3.6m)上に落ち、滑車を支持する梁と折返滑車の間に挟まれた。","14","接客娯楽業","","","","","10~29","2","物上げ装置、運搬機械","23","乗物","","","7","はさまれ、巻き込まれ"
"28","1992","平成","4","1","9~10","ドラグショベルを運転し幅約10mの川を渡っていたところ、水深約3mの所でドラグショベルが横転し、約60m下流で溺死体で発見された。","3","建設業","301","土木工事業","","","10~29","1","動力機械","14","建設機械等","","","10","おぼれ"
"29","1992","平成","4","1","9~10","市道のセンターラインを引く前処理として、プライマーの塗付作業中、走行してきた軽トラックにはねられた。","3","建設業","303","その他の建設業","","","1~9","2","物上げ装置、運搬機械","22","動力運搬機","","","17","交通事故（道路）"
"30","1992","平成","4","1","13~14","ビルの2階壁面(高さ2m、横10m、幅0.3m)を解体するためコンクリート部分をブレーカーで縁切りし、柱(鉄骨)の根元をガスで切断中、壁面が倒壊して下敷きになった。","3","建設業","302","建築工事業","","","1~9","4","仮設物、建築物、構築物等","41","仮設物、建築物、構築物等","","","5","崩壊、倒壊"
"31","1992","平成","4","1","15~16","国有林内で杉の伐倒作業中、約13m上方の枯損木(長さ12.6m、胸高直径22センチメートル、末口14センチメートル)が何らかの原因で倒れ、直撃した。","6","農林業","601","農業","","","10~29","7","環境等","71","環境等","","","4","飛来、落下"
"32","1992","平成","4","1","16~17","普通乗用車で国道を走行中、交差点で左側から来たトラックと出会い頭に衝突した。","8","商業","","","","","1~9","2","物上げ装置、運搬機械","23","乗物","","","17","交通事故（道路）"
"33","1992","平成","4","1","9~10","木造家屋新築工事現場において、根太打ち作業中、2階根太(高さ約3.4m)から基礎コンクリート床に墜落した。","3","建設業","302","建築工事業","","","1~9","4","仮設物、建築物、構築物等","41","仮設物、建築物、構築物等","","","1","墜落、転落"
"34","1992","平成","4","1","12~13","自家用乗用車で国道を走行中、センターラインを越え、対向してきた大型トラックと正面衝突した。","17","その他の事業","","","","","10~29","2","物上げ装置、運搬機械","23","乗物","","","17","交通事故（道路）"
"35","1992","平成","4","1","16~17","鉄骨梁上で梁の仮止め作業中、足を滑らせ約14.5m下のコンクリート上に落下した。","3","建設業","302","建築工事業","","","1~9","4","仮設物、建築物、構築物等","41","仮設物、建築物、構築物等","","","1","墜落、転落"
"36","1992","平成","4","1","16~17","着色亜鉛鉄板の製造工場において、地下ピット内で圧延した鉄板の修正作業中、アイドルロール(搬送用のロール)の隙間に巻き込まれた。","1","製造業","110","鉄鋼業","","","300~499","3","その他の装置等","39","その他の装置、設備","","","7","はさまれ、巻き込まれ"
"37","1992","平成","4","1","4~5","4tトラックで荷を配送する途中、ガードレールに衝突して横転した4tトラックに激突した。","4","運輸交通業","403","道路貨物運送業","","","30~49","2","物上げ装置、運搬機械","22","動力運搬機","","","17","交通事故（道路）"
"38","1992","平成","4","1","8~9","4tフォークリフトで9.5tトラックに鉄パイプ(直径216.3ミリメートル、長さ12.15m、509キログラム)1本を積込作業中、鉄パイプが落下した。","5","貨物取扱業","502","港湾運送業","","","10~29","2","物上げ装置、運搬機械","22","動力運搬機","","","4","飛来、落下"
"39","1992","平成","4","1","10~11","浄水場の排水池において、潜水服を着用しフーカー送気方式で池底の堆積土砂の浚渫作業中、くも膜下出血により意識喪失になり、渇水吸引により窒息した。","3","建設業","301","土木工事業","","","1~9","7","環境等","71","環境等","","","10","おぼれ"
"40","1992","平成","4","1","11~12","工事予定の地山(勾配66~46度)において、チェンソーで伐開作業中、足を滑らせ高さ10.15mの所から路面上に転落した。","3","建設業","301","土木工事業","","","30~49","7","環境等","71","環境等","","","1","墜落、転落"
"41","1992","平成","4","1","14~15","H鋼のはい上で、玉掛けのためトラッククレーン(35t)のブームを起こしフックの位置合わせ中、フックに取り付けられたフック付きワイヤロープが隣のH鋼(30×30×800センチメートル、725キログラム)に引っかかって2本が落下し、当たった。","5","貨物取扱業","502","港湾運送業","","","10~29","2","物上げ装置、運搬機械","21","動力クレーン等","","","4","飛来、落下"
"42","1992","平成","4","1","15~16","高さ1.35mの脚立足場上で作業中、突然うめき声をあげて床上へ転落し、角材で頭部を強打した。","3","建設業","302","建築工事業","","","10~29","4","仮設物、建築物、構築物等","41","仮設物、建築物、構築物等","","","1","墜落、転落"
"43","1992","平成","4","1","16~17","墓地公園造成工事において、雑木林内で伐採作業中、斜面(勾配約27度)で転倒したものと思われる。","6","農林業","601","農業","","","1~9","7","環境等","71","環境等","","","2","転倒"
"44","1992","平成","4","1","4~5","バイクで新聞配達中、道路を左折した際、側溝に転落した。","8","商業","","","","","10~29","2","物上げ装置、運搬機械","23","乗物","","","17","交通事故（道路）"
"45","1992","平成","4","1","4~5","普通トラックで高速道路を走行中、防護壁に激突した。","8","商業","","","","","10~29","2","物上げ装置、運搬機械","22","動力運搬機","","","17","交通事故（道路）"
"46","1992","平成","4","1","9~10","部品洗浄用ガソリン10リットルをキャスター付台の上に乗せ移動中、倒してガソリンをこぼしボロ布で拭き取っていたところ、燃え上がった。","1","製造業","115","輸送用機械等製造業","","","1~9","5","物質、材料","51","危険物、有害物等","","","16","火災"
"47","1992","平成","4","1","10~11","農業用水管を布設するため道路を掘削し、その中で既設の管の水漏防止措置を行っていたところ、土砂が崩れ下敷きになった。","3","建設業","301","土木工事業","","","1~9","7","環境等","71","環境等","","","5","崩壊、倒壊"
"48","1992","平成","4","1","10~11","倉庫瓦葺替え工事において、ベニヤ板で瓦の下地を作る作業中、屋根上に置かれていたベニヤ板に乗った際、滑って5.4m下のアスファルト公道上に墜落した。","3","建設業","302","建築工事業","","","1~9","4","仮設物、建築物、構築物等","41","仮設物、建築物、構築物等","","","1","墜落、転落"
"49","1992","平成","4","1","11~12","ガス管新設工事現場において、ドラグショベルで掘削した土止め支保工のない溝内(深さ1.5m、幅0.5m)で底部の敷均し作業中、側壁が崩壊し土砂に埋まった。","3","建設業","301","土木工事業","","","1~9","7","環境等","71","環境等","","","5","崩壊、倒壊"
"50","1992","平成","4","1","13~14","革製品のクロームなめし作業において、水絞り用ロール機で水絞り中、作業台とローラの間に挟まれた。","1","製造業","108","化学工業","","","30~49","1","動力機械","16","一般動力機械","","","7","はさまれ、巻き込まれ"
"51","1992","平成","4","1","14~15","L型ブロック(1.1m×2.6m、1.66t)をクローラクレーン(35t吊り)で仮置きし、玉掛けワイヤを取り外した後、巻き上げの合図をしたところ、内側の玉掛けワイヤがブロックの内側の差筋に引掛かりブロックが転倒し、旧石積護岸との間に挟まれた。","3","建設業","301","土木工事業","","","1~9","3","その他の装置等","37","用具","","","6","激突され"
"52","1992","平成","4","1","15~16","トンネル工事現場において、開削トンネルのセントルの桁と桁止めH鋼のボルト締め作業中、支柱梁上を移動する際、約4.8m下の地面に墜落した。","3","建設業","301","土木工事業","","","10~29","4","仮設物、建築物、構築物等","41","仮設物、建築物、構築物等","","","1","墜落、転落"
"53","1992","平成","4","1","16~17","低圧電燈供給工事において、送電線埋設作業中、掘削溝(深さ1.5m、幅1m)の一部が上部の縁石とともに崩壊し、下敷きになった。","3","建設業","303","その他の建設業","","","1~9","7","環境等","71","環境等","","","5","崩壊、倒壊"
"54","1992","平成","4","1","8~9","綿ゴミの吸い込みダクト内で清掃作業中、ダクト内に持ち込んだ投光器付近より綿ゴミが燃え出した。","1","製造業","102","繊維工業","","","50~99","3","その他の装置等","35","電気設備","","","16","火災"
"55","1992","平成","4","1","10~11","屋根補修工事に伴う鉄骨塗装作業中、スレート屋根上を歩行していてスレートを踏み抜き、約10m下に墜落した。","3","建設業","303","その他の建設業","","","1~9","4","仮設物、建築物、構築物等","41","仮設物、建築物、構築物等","","","1","墜落、転落"
"56","1992","平成","4","1","21~22","タック車で廃水を運搬中、取付道路のカーブを曲がる際脱輪し、路肩より60センチメートル下に転落した。","2","鉱業","202","土石採取業","","","10~29","2","物上げ装置、運搬機械","22","動力運搬機","","","2","転倒"
"57","1992","平成","4","1","9~10","積載型トラッククレーン(つり上げ荷重2.52t)で鋼矢板33枚(1.095t)をトラックに積み込む作業中、当該クレーンが転倒し、クレーンと傍らにあった資材の間に挟まれた。","3","建設業","301","土木工事業","","","10~29","2","物上げ装置、運搬機械","21","動力クレーン等","","","2","転倒"
"58","1992","平成","4","1","10~11","岸壁において、クレーン(つり上げ荷重30t)で鋼管(径1m、長さ7m、7t)を台船に積み込む作業中、約5m吊り上げたとき荷が揺れ、荷と傍らに野積みされていた鋼管に挟まれた。","5","貨物取扱業","502","港湾運送業","","","1~9","6","荷","61","荷","","","6","激突され"
"59","1992","平成","4","1","14~15","倉庫改築工事において、受電設備の変更準備作業中、ベニヤ板の支持柱を電盤上の開閉器付近に固定していたところ、電圧6600Vの開閉器の露出した充電部分に接触した。","3","建設業","302","建築工事業","","","1~9","3","その他の装置等","35","電気設備","","","13","感電"
"60","1992","平成","4","1","9~10","三輪バイクで営業所間を移動中、信号のない交差点で、出会い頭に50ccバイクと衝突した。","8","商業","","","","","50~99","2","物上げ装置、運搬機械","23","乗物","","","17","交通事故（道路）"
"61","1992","平成","4","1","10~11","電気発破による岩の小割り作業中、サイレンによる退避合図後1~2分後に点火したが、岩の傍らにいた被災者に爆破した岩が当たった。","3","建設業","301","土木工事業","","","50~99","5","物質、材料","51","危険物、有害物等","","","14","爆発"
"62","1992","平成","4","1","11~12","タイヤローラー(4t)を県道から約1キロメートル奥の現場に移動するため、幅約4mの林道を走行中、約13m下に転落した。","3","建設業","301","土木工事業","","","10~29","1","動力機械","14","建設機械等","","","1","墜落、転落"
"63","1992","平成","4","1","13~14","10tトラックからガラスの入った鉄パレットをフォークリフトで卸す際、うまく「つめ」に掛からなかったため調整していたところ、パレットが路上に落下し、下敷きになった。","4","運輸交通業","403","道路貨物運送業","","","10~29","2","物上げ装置、運搬機械","22","動力運搬機","","","4","飛来、落下"
"64","1992","平成","4","1","13~14","ガソリンスタンドのキャノピー天井を塗装するための準備作業中、ローリングタワーに昇る際、墜落した。","3","建設業","302","建築工事業","","","1~9","4","仮設物、建築物、構築物等","41","仮設物、建築物、構築物等","","","1","墜落、転落"
"65","1992","平成","4","1","13~14","顧客先へ訪問修理のためワゴン車で国道を走行中、中央分離帯の端部分に衝突し、車外に放り出された。","8","商業","","","","","1~9","2","物上げ装置、運搬機械","23","乗物","","","17","交通事故（道路）"
"66","1992","平成","4","1","14~15","民家改築工事において、下屋上(高さ3m)で2階外壁にトタン板を張り付ける作業中、墜落した。","3","建設業","302","建築工事業","","","1~9","4","仮設物、建築物、構築物等","41","仮設物、建築物、構築物等","","","1","墜落、転落"
"67","1992","平成","4","1","16~17","工場内の大型トラックの荷台上でコンクリート板(約1380キログラム)11枚の検査・マーキング作業中、同僚が被災者に気付かずトラックを走行・停止したため、荷が前方に滑り運転席後部と荷に挟まれた。","1","製造業","109","窯業土石製品製造業","","","100~299","6","荷","61","荷","","","7","はさまれ、巻き込まれ"
"68","1992","平成","4","1","16~17","トンネル出口付近において、光ケーブルを新設のするためのトラフを敷設する作業中、列車にはねられた。","3","建設業","303","その他の建設業","","","1~9","2","物上げ装置、運搬機械","23","乗物","","","18","交通事故（その他）"
"69","1992","平成","4","1","16~17","トンネル出口付近において、光ケーブルを新設するためのトラフを敷設する作業中、列車にはねられた。","3","建設業","303","その他の建設業","","","1~9","2","物上げ装置、運搬機械","23","乗物","","","18","交通事故（その他）"
"70","1992","平成","4","1","17~18","包装用フィルムの切断機(スリッター)の紙継装置部分でフィルムの調整中、上昇してきたロール支軸に挟まれた。","1","製造業","117","その他の製造業","","","50~99","1","動力機械","16","一般動力機械","","","7","はさまれ、巻き込まれ"
"71","1992","平成","4","1","9~10","丸太だき足場3段目上で、すずめ口のしっくい詰め作業中、4.7m下の地上へ墜落した。","3","建設業","302","建築工事業","","","1~9","4","仮設物、建築物、構築物等","41","仮設物、建築物、構築物等","","","1","墜落、転落"
"72","1992","平成","4","1","14~15","2階屋根のハフ板に銅板を取り付ける作業中、2本の柱それぞれに付けた金具の出っ張りに布板を渡した上を歩いていたところ、金具の1つが外れ4m下のコンクリート上に墜落した。","3","建設業","302","建築工事業","","","10~29","4","仮設物、建築物、構築物等","41","仮設物、建築物、構築物等","","","1","墜落、転落"
"73","1992","平成","4","1","15~16","掘削溝(長さ15m、幅3.5m、深さ2m)内で、水道管を布設しジョイントの接合作業中、背後の地山が幅1.7mに渡って崩壊し埋まった。","3","建設業","301","土木工事業","","","1~9","7","環境等","71","環境等","","","5","崩壊、倒壊"
"74","1992","平成","4","1","10~11","排水溝埋設工事現場において、ブロック塀の脇を深さ55センチメートル、幅95センチメートル掘削後、砕石を入れて平にする作業中、ブロック塀(高さ140センチメートル)が約10mに渡って倒壊し、下敷きになった。","3","建設業","301","土木工事業","","","1~9","4","仮設物、建築物、構築物等","41","仮設物、建築物、構築物等","","","5","崩壊、倒壊"
"75","1992","平成","4","1","11~12","パワーショベルの近くで作業中、すぐ横にあったパワーショベルを同僚が旋回させたのに気付かず、2台のパワーショベルのカウンターウェートに挟まれた。","1","製造業","117","その他の製造業","","","1~9","1","動力機械","14","建設機械等","","","7","はさまれ、巻き込まれ"
"76","1992","平成","4","1","13~14","配達のため2tトラックで国道を走行中、対向車線にはみ出し11tダンプと正面衝突した。","4","運輸交通業","403","道路貨物運送業","","","100~299","2","物上げ装置、運搬機械","22","動力運搬機","","","17","交通事故（道路）"
"77","1992","平成","4","1","14~15","清掃車を運転中、反対車線にはみ出して対向してきたトラックと衝突し、道路脇の水田に転落した。","15","清掃・と畜業","","","","","10~29","2","物上げ装置、運搬機械","22","動力運搬機","","","17","交通事故（道路）"
"78","1992","平成","4","1","17~18","大型トレーラーに鉄板114枚(約29t)を積み国道を走行中、積荷を固定していたワイヤロープが切れ、鉄板70枚が崩れて運転席になだれ込み、挟まれた。","4","運輸交通業","403","道路貨物運送業","","","10~29","2","物上げ装置、運搬機械","22","動力運搬機","","","17","交通事故（道路）"
"79","1992","平成","4","1","8~9","自宅から事業場のライトバンを運転し事業所に向かう途中、道路脇のガードロープに衝突した。","3","建設業","301","土木工事業","","","10~29","2","物上げ装置、運搬機械","23","乗物","","","17","交通事故（道路）"
"80","1992","平成","4","1","17~18","橋桁部品芯出し用定規作成のため、ブリキ板に青ニスを塗りケガキ作業中、青ニス缶が倒れて青ニスが噴出し、近くの石油ストーブに引火し火傷した。","1","製造業","112","金属製品製造業","","","30~49","3","その他の装置等","39","その他の装置、設備","","","16","火災"
"81","1992","平成","4","1","17~18","雨のため室外に干していた麩を店内に取り入れ中、地下室入口の開口部から転落した。","1","製造業","101","食料品製造業","","","1~9","4","仮設物、建築物、構築物等","41","仮設物、建築物、構築物等","","","1","墜落、転落"
"82","1992","平成","4","1","19~20","工場内において、トラックに石膏ボードを積み込む作業中、フォークリフトで既に積み終えた荷の上から荷台に降りる際、バランスを崩し荷台上から約1.8m下の土間に転落した。","4","運輸交通業","403","道路貨物運送業","","","100~299","2","物上げ装置、運搬機械","22","動力運搬機","","","1","墜落、転落"
"83","1992","平成","4","1","22~23","大型トラックに紙パルプを積み目的地に向う途中、国道左側に車を止め道路右側の売店に行き車に戻るため道路横断中、追い越し車線を走行してきた乗用車にはねられた。","4","運輸交通業","403","道路貨物運送業","","","100~299","2","物上げ装置、運搬機械","23","乗物","","","17","交通事故（道路）"
"84","1992","平成","4","1","9~10","鉄屑置場の解体工事で、コンクリートブレーカー及びハンドグラインダーを使って解体中、塀が倒れ下敷きになった。","3","建設業","302","建築工事業","","","50~99","4","仮設物、建築物、構築物等","41","仮設物、建築物、構築物等","","","5","崩壊、倒壊"
"85","1992","平成","4","1","12~13","木造倉庫建築現場において、火打梁取り付け作業中、梁上で火打梁を木づちで打っていたところ、墜落した。","3","建設業","302","建築工事業","","","1~9","4","仮設物、建築物、構築物等","41","仮設物、建築物、構築物等","","","1","墜落、転落"
"86","1992","平成","4","1","14~15","汚水沈澱槽の根固め作業のため、型わく材を掘削内部へ降ろす作業中、通路代わりにしていた土止め用腹起こしのH鋼上(幅30センチメートル)から、3m下のコンクリート床に墜落した。","3","建設業","301","土木工事業","","","10~29","4","仮設物、建築物、構築物等","41","仮設物、建築物、構築物等","","","1","墜落、転落"
"87","1992","平成","4","1","16~17","鉄骨建屋の組立中、足を滑らせ約7m下の地面に墜落した。","3","建設業","302","建築工事業","","","1~9","4","仮設物、建築物、構築物等","41","仮設物、建築物、構築物等","","","1","墜落、転落"
"88","1992","平成","4","1","4~5","大型トラックに同乗し高速道路を走行中、路側帯寄りに停車中の大型トラック右後部に追突し、車外に投げ出された。","4","運輸交通業","403","道路貨物運送業","","","300~499","2","物上げ装置、運搬機械","22","動力運搬機","","","17","交通事故（道路）"
"89","1992","平成","4","1","14~15","ホテルの清掃作業後、自宅へ労働者を送るため会社のワゴン車で市道を走行中、交差点で乗用車と衝突した。","15","清掃・と畜業","","","","","50~99","2","物上げ装置、運搬機械","23","乗物","","","17","交通事故（道路）"
"90","1992","平成","4","1","14~15","ホテルの清掃作業後、自宅へ労働者を送るため会社のワゴン車で市道を走行中、交差点で乗用車と衝突した。","15","清掃・と畜業","","","","","50~99","2","物上げ装置、運搬機械","23","乗物","","","17","交通事故（道路）"
"91","1992","平成","4","1","8~9","下水道工事現場において、ホイールクレーン(つり上げ荷重7t)でコンクリート製ボックスカルバート(1.7t)を移動中クレーンが倒れ、玉掛け作業をしていてジブの下敷きになった。","3","建設業","301","土木工事業","","","1~9","2","物上げ装置、運搬機械","21","動力クレーン等","","","2","転倒"
"92","1992","平成","4","1","9~10","フォークリフトのフォークにフレコンパックの上部の紐を引っかけ、吊り上げた状態で後ろ旋回したところ、フォークリフトが横転し、フォークリフトのヘッドガードと既に荷卸されていたフレコンパックの間に挟まれた。","1","製造業","109","窯業土石製品製造業","","","10~29","2","物上げ装置、運搬機械","22","動力運搬機","","","2","転倒"
"93","1992","平成","4","1","10~11","かかり木処理のため立木をチェーンソーで伐倒したところ、かかり木が落下し当たった。","6","農林業","601","農業","","","1~9","7","環境等","71","環境等","","","5","崩壊、倒壊"
"94","1992","平成","4","1","11~12","鉄筋2階建屋の1階庇上で窓の清掃作業中、3m下の地上に墜落した。","15","清掃・と畜業","","","","","100~299","4","仮設物、建築物、構築物等","41","仮設物、建築物、構築物等","","","1","墜落、転落"
"95","1992","平成","4","1","11~12","通信用ケーブルの架線作業において、トラックの車軸を利用したウインチでガイドロープを引き込んでいたところ、足首が巻き込まれ身体ごと回転して頭部を強打した。","3","建設業","303","その他の建設業","","","10~29","2","物上げ装置、運搬機械","21","動力クレーン等","","","7","はさまれ、巻き込まれ"
"96","1992","平成","4","1","12~13","土場で、崩壊した松材に頭部を挟まれているのが発見された。","6","農林業","601","農業","","","1~9","5","物質、材料","52","材料","","","5","崩壊、倒壊"
"97","1992","平成","4","1","13~14","公共下水道汚水管理埋設工事現場で、8.7tダンプカーの誘導中、ダンプカーの左側後輪が45センチメートル道路に埋没して車体が被災者側に転倒し、民家の塀との間に挟まれた。","17","その他の事業","","","","","50~99","2","物上げ装置、運搬機械","22","動力運搬機","","","6","激突され"
"98","1992","平成","4","1","14~15","住宅新築工事において、うま足場に上り、3階窓枠より身を乗り出して壁面外部から換気穴へダクトのはめ込み作業中、8m下の地面に墜落した。","3","建設業","303","その他の建設業","","","1~9","4","仮設物、建築物、構築物等","41","仮設物、建築物、構築物等","","","1","墜落、転落"
"99","1992","平成","4","1","15~16","下水道工事現場で歩行者を誘導中、バックしてきたドラグショベルにひかれた。","17","その他の事業","","","","","10~29","1","動力機械","14","建設機械等","","","7","はさまれ、巻き込まれ"
"100","1992","平成","4","1","15~16","土地造成工事において、現場の杉を伐倒したところ、かかり木が折れて当たった。","3","建設業","301","土木工事業","","","1~9","7","環境等","71","環境等","","","5","崩壊、倒壊"
"101","1992","平成","4","1","16~17","木造家屋建築工事現場において、2階床上で間柱の取り付け作業後、下に降りるためぬきを伝ってうまに乗り移る際、足を踏み外し約7m下の地面に墜落した。","3","建設業","302","建築工事業","","","1~9","4","仮設物、建築物、構築物等","41","仮設物、建築物、構築物等","","","1","墜落、転落"
"102","1992","平成","4","1","4~5","自転車で新聞配達中、横断歩道を渡っていたところ、トラックにはねられた。","8","商業","","","","","10~29","2","物上げ装置、運搬機械","22","動力運搬機","","","17","交通事故（道路）"
"103","1992","平成","4","1","4~5","新聞配達中、国道を横断していたところ、乗用車にはねられた。","8","商業","","","","","10~29","2","物上げ装置、運搬機械","23","乗物","","","17","交通事故（道路）"
"104","1992","平成","4","1","6~7","工事現場から会社へ乗用車で向う途中、国道上で反対車線に飛び出し、橋の欄干に激突した。","3","建設業","301","土木工事業","","","1~9","2","物上げ装置、運搬機械","23","乗物","","","17","交通事故（道路）"
"105","1992","平成","4","1","6~7","4tトラックで国道を走行中、信号待ちで停車中のトラックに追突した。","4","運輸交通業","403","道路貨物運送業","","","50~99","2","物上げ装置、運搬機械","22","動力運搬機","","","17","交通事故（道路）"
"106","1992","平成","4","1","9~10","地下機械室部分の型わく組立作業現場において、加工済の型わくプレートを運搬中、作業用床(鋼製枠、高さ4.5m)の端部から墜落した。","3","建設業","302","建築工事業","","","50~99","4","仮設物、建築物、構築物等","41","仮設物、建築物、構築物等","","","1","墜落、転落"
"107","1992","平成","4","1","10~11","道路補修工事現場において、片側交通規制をしながら道路補修作業中、道路中央線付近で路面清掃作業をしていたところ、酒気帯び運転の乗用車にはねられた。","3","建設業","301","土木工事業","","","1~9","2","物上げ装置、運搬機械","23","乗物","","","17","交通事故（道路）"
"108","1992","平成","4","1","12~13","大鋸屑をトラックに積込作業中、大鋸屑室の落し口(縦2m、横2m)が詰まっていたためトラックの荷台に乗り、棒で落し口を突いていたところ、大鋸屑が一気に落ちて埋まった。","1","製造業","117","その他の製造業","","","10~29","5","物質、材料","52","材料","","","5","崩壊、倒壊"
"109","1992","平成","4","1","13~14","タワークレーンのステーを外す作業中、躯体側のピン抜き及び玉掛けを22階ベランダで行っていたところ、手摺から約80m下の地上に墜落した。","3","建設業","302","建築工事業","","","100~299","4","仮設物、建築物、構築物等","41","仮設物、建築物、構築物等","","","1","墜落、転落"
"110","1992","平成","4","1","15~16","歩道掘削埋め戻し工事において、トラックの後進時を誘導中、荷台と接触して転倒し、右側後輪にひかれた。","17","その他の事業","","","","","100~299","2","物上げ装置、運搬機械","22","動力運搬機","","","6","激突され"
"111","1992","平成","4","1","17~18","急な斜面をよじ登るため斜面上の岩(重量80~90キログラム)に手をかけたところ、その岩が転がり落ち、岩とともに転落し下敷きになった。","3","建設業","301","土木工事業","","","1~9","7","環境等","71","環境等","","","1","墜落、転落"
"112","1992","平成","4","1","17~18","自動造型機に砂を供給する混練機の下にあるコンベヤーの下側ベルトと、堆積した砂の間に、頭を突っ込んで倒れているのが発見された。","1","製造業","110","鉄鋼業","","","50~99","2","物上げ装置、運搬機械","22","動力運搬機","","","7","はさまれ、巻き込まれ"
"113","1992","平成","4","1","2~3","トンネル工事立抗内において、基礎砕石敷き均し作業後、抗外へ出るため鉄骨切梁上の足場板を歩行中、約3m下のコンクリート床面に墜落した。","3","建設業","301","土木工事業","","","1~9","4","仮設物、建築物、構築物等","41","仮設物、建築物、構築物等","","","1","墜落、転落"
"114","1992","平成","4","1","8~9","木材チップ搬送用ベルトコンベヤーを運転させながらローラーの軸受部に注油中、ベルトとローラーの間に挟まれた。","1","製造業","104","木材・木製品製造業","","","10~29","2","物上げ装置、運搬機械","22","動力運搬機","","","7","はさまれ、巻き込まれ"
"115","1992","平成","4","1","13~14","変電所内で、停電区域から電流が流れている変圧器(77000V)の碍子を清掃する際、感電した。","3","建設業","303","その他の建設業","","","50~99","3","その他の装置等","35","電気設備","","","13","感電"
"116","1992","平成","4","1","14~15","歩道の取付作業のため工事用囲いの中で作業中、工事現場に飛び込んできた乗用車にはねられた。","3","建設業","301","土木工事業","","","10~29","2","物上げ装置、運搬機械","23","乗物","","","17","交通事故（道路）"
"117","1992","平成","4","1","14~15","木造家屋新築工事現場の建方作業で、足場板上を通ってもや(9センチメートル角、長さ4m)を運搬中、横のもやに足をかけたところ、バランスを崩し3.5m下に墜落した。","3","建設業","302","建築工事業","","","1~9","4","仮設物、建築物、構築物等","41","仮設物、建築物、構築物等","","","1","墜落、転落"
"118","1992","平成","4","1","18~19","物流センター内で、荷の積み卸し作業を終えトラックの後ろにいたとき、バックしてきた他のトラックとの間に挟まれた。","4","運輸交通業","403","道路貨物運送業","","","10~29","2","物上げ装置、運搬機械","22","動力運搬機","","","17","交通事故（道路）"
"119","1992","平成","4","1","19~20","自動車用パッキン製造工程のカレンダーロール機の両側に設置してあるロールガイドに付着したパッキン材料を、金属製のヘラで掻き落とす作業中、回転中のロールに巻き込まれた。","1","製造業","109","窯業土石製品製造業","","","100~299","1","動力機械","16","一般動力機械","","","7","はさまれ、巻き込まれ"
"120","1992","平成","4","1","10~11","トラックの荷台に載せた椹(径13~15センチメートル、長さ5~6m、0.5t)の位置をバックホウで調整中、トラック荷台あおり付近より地上に転落した。","6","農林業","602","林業","","","10~29","2","物上げ装置、運搬機械","22","動力運搬機","","","1","墜落、転落"
"121","1992","平成","4","1","14~15","小麦粉練り機を掃除中、練り機の羽根に挟まれた。","1","製造業","101","食料品製造業","","","10~29","1","動力機械","16","一般動力機械","","","7","はさまれ、巻き込まれ"
"122","1992","平成","4","1","14~15","工場屋上のおり箱用材乾燥場の乾燥済み板材を、2階作業場へ下ろすため板を台車に乗せて移動中、エレベータ搬入口より墜落した。","1","製造業","104","木材・木製品製造業","","","10~29","2","物上げ装置、運搬機械","21","動力クレーン等","","","1","墜落、転落"
"123","1992","平成","4","1","5~6","バイクで新聞配達後、会社へ向う途中、運転を誤って縁石に衝突し、投げ出されて街路樹に激突した。","8","商業","","","","","50~99","2","物上げ装置、運搬機械","23","乗物","","","17","交通事故（道路）"
"124","1992","平成","4","1","9~10","後片付け作業後、軽トラックで帰社中、路面凍結のためスリップして対向車線に飛び出し、対向してきたトラックと正面衝突した。","3","建設業","302","建築工事業","","","1~9","2","物上げ装置、運搬機械","22","動力運搬機","","","17","交通事故（道路）"
"125","1992","平成","4","1","10~11","稼動中のベルトコンベヤーに給油作業中、上衣がシャフト部分に巻き付き、巻き込まれた。","2","鉱業","202","土石採取業","","","1~9","2","物上げ装置、運搬機械","22","動力運搬機","","","7","はさまれ、巻き込まれ"
"126","1992","平成","4","1","14~15","ダンプカーに軽石約50個(1t)を積んで出発する際、スコップの積み忘れに気付き車から降りたが、車が動き出したため止めようと乗り込もうとしたところ、コンクリート電柱に激突し、ドアと運転席に挟まれた。","3","建設業","301","土木工事業","","","10~29","2","物上げ装置、運搬機械","22","動力運搬機","","","7","はさまれ、巻き込まれ"
"127","1992","平成","4","1","5~6","バイクで朝刊配達中タイヤがパンクし、店へ帰るため交差点を右折しようと道路左側から右へ進路変更したとき、後続のトラックと衝突した。","8","商業","","","","","1~9","2","物上げ装置、運搬機械","23","乗物","","","17","交通事故（道路）"
"128","1992","平成","4","1","7~8","運送業務途中で食事をし、車に戻るため道路を横断中、乗用車にはねられた。","4","運輸交通業","403","道路貨物運送業","","","50~99","2","物上げ装置、運搬機械","23","乗物","","","17","交通事故（道路）"
"129","1992","平成","4","1","8~9","ダム建設に伴う林道工事において、ドラグショベルにブレーカーを取り付け岩を破砕中、路肩が崩れ、重機とともに60m下の川原に転落した。","3","建設業","301","土木工事業","","","10~29","1","動力機械","14","建設機械等","","","1","墜落、転落"
"130","1992","平成","4","1","9~10","ホイストクレーン(つり上げ荷重10t)の荷を外すため近寄ったところ、クレーン運転士がクレーンを動かしたため荷が揺れ、フックより外れて直撃した。","1","製造業","113","一般機械器具製造業","","","30~49","2","物上げ装置、運搬機械","21","動力クレーン等","","","4","飛来、落下"
"131","1992","平成","4","1","10~11","下水道推進工事現場の既設立坑内で、鉄管の鉄製蓋にガスバーナーで穴を開けようとしたところ、鉄管内のメタンガスが爆発し、衝撃で鉄管が地中より立坑内に飛び出し、コンクリート壁との間に挟まれた。","3","建設業","301","土木工事業","","","1~9","5","物質、材料","51","危険物、有害物等","","","14","爆発"
"132","1992","平成","4","1","11~12","砕石場において、ドラグショベルで地山の斜面を砕いていたところ、上方の斜面が高さ20m、幅30mに渡って崩れ、ショベルごと埋まった。","3","建設業","301","土木工事業","","","10~29","7","環境等","71","環境等","","","5","崩壊、倒壊"
"133","1992","平成","4","1","14~15","工場屋根修理工事において、下地材の木毛板1枚を明かり採り部に渡した足場板上で運搬中、改修前の下地である古い木毛板を踏み抜き12.7m下の工場内のコンクリート床面に墜落した。(外)","3","建設業","302","建築工事業","","","10~29","4","仮設物、建築物、構築物等","41","仮設物、建築物、構築物等","","","1","墜落、転落"
"134","1992","平成","4","1","14~15","外部丸太足場上で、外壁の庇の塗装作業中、約4m下の地上に墜落した。","3","建設業","302","建築工事業","","","1~9","4","仮設物、建築物、構築物等","41","仮設物、建築物、構築物等","","","1","墜落、転落"
"135","1992","平成","4","1","14~15","法面保護作業において、土砂を不整地運搬車に積み約200m離れた土捨場へ運ぶ途中、当該運搬車とともに法面より約6.5m下の中学校裏庭に転落した。","3","建設業","301","土木工事業","","","10~29","2","物上げ装置、運搬機械","22","動力運搬機","","","1","墜落、転落"
"136","1992","平成","4","1","7~8","倒れているボックスカルバート型わくの側板の下敷きになっているのを発見された。(天井クレーンで型わくを解体する作業中、吊られた型わくが接地したはずみで、玉掛けワイヤのフックが外れたと推定される)","1","製造業","109","窯業土石製品製造業","","","30~49","2","物上げ装置、運搬機械","21","動力クレーン等","","","5","崩壊、倒壊"
"137","1992","平成","4","1","12~13","作業後、会社所有の乗用車で作業員を送る途中、電柱に激突した。","3","建設業","302","建築工事業","","","1~9","2","物上げ装置、運搬機械","23","乗物","","","17","交通事故（道路）"
"138","1992","平成","4","1","15~16","休憩所から作業場へ向う途中、後進中のトラクターショベルにひかれた。","2","鉱業","202","土石採取業","","","10~29","1","動力機械","14","建設機械等","","","6","激突され"
"139","1992","平成","4","1","4~5","荷の納入先に到着したが始業時刻まで時間があり市道上で待機中、車外に出たところ、後続のライトバンにはねられた。","4","運輸交通業","403","道路貨物運送業","","","10~29","2","物上げ装置、運搬機械","23","乗物","","","17","交通事故（道路）"
"140","1992","平成","4","1","4~5","50ccバイクで新聞配達中、十字路で左側から進行してきた乗用車と激突した。","8","商業","","","","","10~29","2","物上げ装置、運搬機械","23","乗物","","","17","交通事故（道路）"
"141","1992","平成","4","1","9~10","蔵の屋根上で瓦の葺き替え作業中、下地用防水ベニアを持ち上げた際、風にあおられてバランスを崩し、屋根(勾配23度、軒先高4.66m)より墜落した。","3","建設業","302","建築工事業","","","1~9","4","仮設物、建築物、構築物等","41","仮設物、建築物、構築物等","","","1","墜落、転落"
"142","1992","平成","4","1","10~11","現場から詰所に向かうため市道を歩行中、ジープに追突され、ジープとコンクリート壁の間に挟まれた。","3","建設業","301","土木工事業","","","10~29","2","物上げ装置、運搬機械","23","乗物","","","17","交通事故（道路）"
"143","1992","平成","4","1","10~11","工事用横梁(19.5×1.1×2.15m)をクレーンでトレーラーの荷台上に載せ、地上約4mの横梁上で、玉掛けワイヤと横梁端のスタンションを外して地上に投下した直後、地上に墜落した。","1","製造業","112","金属製品製造業","","","300~499","6","荷","61","荷","","","1","墜落、転落"
"144","1992","平成","4","1","11~12","治山工事現場で、高さ12mの法面の中程に露出した岩石(60センチメートル×60センチメートル)を取り除く作業中、岩石の周りを掘削していたところ、岩石を抱える様にして斜面を約7m滑り落ちた。","3","建設業","301","土木工事業","","","1~9","7","環境等","71","環境等","","","1","墜落、転落"
"145","1992","平成","4","1","11~12","工場の天井材の張り替え作業において、脚立を使った馬足場上(高さ1.8m)で作業中、足を踏み外し転落した。","3","建設業","302","建築工事業","","","1~9","4","仮設物、建築物、構築物等","41","仮設物、建築物、構築物等","","","1","墜落、転落"
"146","1992","平成","4","1","13~14","商品配達のためライトバンで堤防道路を走行中、センターラインを越えてきた大型トラックと正面衝突した。","8","商業","","","","","30~49","2","物上げ装置、運搬機械","22","動力運搬機","","","17","交通事故（道路）"
"147","1992","平成","4","1","16~17","ホイストレールの取付工事後、高さ3.45mの作業床を清掃中、手摺がなかったため作業床の端から転落した。","3","建設業","303","その他の建設業","","","1~9","4","仮設物、建築物、構築物等","41","仮設物、建築物、構築物等","","","1","墜落、転落"
"148","1992","平成","4","1","6~7","徒歩で新聞配達中、県道を横断した際、乗用車にはねられた。","8","商業","","","","","1~9","2","物上げ装置、運搬機械","23","乗物","","","17","交通事故（道路）"
"149","1992","平成","4","1","9~10","2階庇上の壁つなぎに足場板を渡し、その上で破風板の取付け作業中、後向きに約5.76m墜落した。","3","建設業","302","建築工事業","","","1~9","4","仮設物、建築物、構築物等","41","仮設物、建築物、構築物等","","","1","墜落、転落"
"150","1992","平成","4","1","10~11","工場内の自動倉庫において、紙製品を保管作業中、電動搬送用台車から製品をラックへ移動させる装置が作動不良になったため、電源を切らずに単独で軌道内に入り台車に設置してある超音波センサーを掃除していたところ、突然台車が動き出し、台車とフレームの間に挟まれた。","1","製造業","106","パルプ・紙・紙加工品製造業","","","30~49","2","物上げ装置、運搬機械","22","動力運搬機","","","7","はさまれ、巻き込まれ"
"151","1992","平成","4","1","13~14","保育所の屋根を修理中、墜落した。","3","建設業","303","その他の建設業","","","1~9","4","仮設物、建築物、構築物等","41","仮設物、建築物、構築物等","","","1","墜落、転落"
"152","1992","平成","4","1","15~16","法面でロックネット用のアンカー取付作業中、道路脇の側溝に転落した。","3","建設業","301","土木工事業","","","1~9","7","環境等","71","環境等","","","1","墜落、転落"
"153","1992","平成","4","1","22~23","50ccバイクでピザの配達中、市道交差点でトラックと衝突した。","8","商業","","","","","10~29","2","物上げ装置、運搬機械","22","動力運搬機","","","17","交通事故（道路）"
"154","1992","平成","4","1","8~9","ダクトの取替作業中、高さ7mの枠組足場からその上の歩道に昇ろうとした際、歩道の手摺が折れ墜落した。","3","建設業","303","その他の建設業","","","1~9","4","仮設物、建築物、構築物等","41","仮設物、建築物、構築物等","","","1","墜落、転落"
"155","1992","平成","4","1","12~13","配送のためトラックで走行中、国道で大型トラックと正面衝突した。","8","商業","","","","","10~29","2","物上げ装置、運搬機械","23","乗物","","","17","交通事故（道路）"
"156","1992","平成","4","1","17~18","工場内でH鋼の塗装作業中、塗装面を替えるため2.8t天井クレーンでH鋼を回転させる際、玉掛用具のハッカー付きワイヤロープのハッカーを上下逆に取り付けたためハッカーが外れ、H鋼が落下した。","1","製造業","112","金属製品製造業","","","10~29","3","その他の装置等","37","用具","","","4","飛来、落下"
"157","1992","平成","4","1","6~7","アルミ溶解炉を余熱するため新聞紙に火をつけ、バーナーを点火しようとしたところ、衣服に火が燃え移った。","1","製造業","111","非鉄金属製造業","","","10~29","3","その他の装置等","34","炉窯等","","","11","高温・低温の物との接触"
"158","1992","平成","4","1","10~11","フォークリフトのタイヤ交換中、ホイールのボルトを十字レンチで緩めていたところ、タイヤチューブが破裂し、十字レンチが顔面に突き刺さった。","4","運輸交通業","403","道路貨物運送業","","","30~49","2","物上げ装置、運搬機械","22","動力運搬機","","","15","破裂"
"159","1992","平成","4","1","15~16","8階の鉄骨組立て作業中、既設の梁上で親鋼を持って移動していたところ、クレーンで向き替え中の鉄骨梁に激突され、約18m下に墜落した。","3","建設業","302","建築工事業","","","10~29","2","物上げ装置、運搬機械","21","動力クレーン等","","","6","激突され"
"160","1992","平成","4","1","16~17","足場の解体作業中、建わく材をクレーンで吊る場所まで運搬する際、ブラケット足場用の建地単管1本が外されないで残っており、これに建わく材が引っかかってバランスを崩し、7.1m下に墜落した。","3","建設業","302","建築工事業","","","1~9","4","仮設物、建築物、構築物等","41","仮設物、建築物、構築物等","","","1","墜落、転落"
"161","1992","平成","4","1","17~18","2階屋根の防水シート張り作業中、屋根の端から7m下に墜落した。","3","建設業","302","建築工事業","","","1~9","4","仮設物、建築物、構築物等","41","仮設物、建築物、構築物等","","","1","墜落、転落"
"162","1992","平成","4","1","8~9","橋拡幅のための床版橋継足工のうち護岸ブロックの小口止め(高さ2m、厚さ30センチメートル、幅1.2m)のコンクリートの型わく解体中、軟弱な地質上の小口止めが倒れ、下敷きになった。","3","建設業","301","土木工事業","","","50~99","4","仮設物、建築物、構築物等","41","仮設物、建築物、構築物等","","","5","崩壊、倒壊"
"163","1992","平成","4","1","8~9","資材置場でダンプカーの荷台下部を調整中、荷台が下降し、車体との間に挟まれた。","3","建設業","301","土木工事業","","","1~9","2","物上げ装置、運搬機械","22","動力運搬機","","","7","はさまれ、巻き込まれ"
"164","1992","平成","4","1","8~9","工場で製作中のH鋼構造物(サイクロンの枠組)が倒壊し、直撃した。","1","製造業","112","金属製品製造業","","","10~29","4","仮設物、建築物、構築物等","41","仮設物、建築物、構築物等","","","5","崩壊、倒壊"
"165","1992","平成","4","1","10~11","10階ステージより型わく解体材(角パイプ、60×60×2.3、長さ2m×50本)をパワーリーチで搬出中、3階バルコニー部に当たり、玉掛けワイヤロープが外れて荷が落下した。","3","建設業","302","建築工事業","","","50~99","2","物上げ装置、運搬機械","21","動力クレーン等","","","4","飛来、落下"
"166","1992","平成","4","1","12~13","昼休みに2階の食堂へ階段を登って行く途中、足を踏み外し、1階の床上に墜落した。","1","製造業","112","金属製品製造業","","","10~29","4","仮設物、建築物、構築物等","41","仮設物、建築物、構築物等","","","1","墜落、転落"
"167","1992","平成","4","1","15~16","天井クレーン(10t)のガータ上で修理作業中、同一ランウェイの天井走行クレーン(10t、床上操作式)が衝突し、反動で8m下の工場床に墜落した。","1","製造業","113","一般機械器具製造業","","","500~999","2","物上げ装置、運搬機械","21","動力クレーン等","","","1","墜落、転落"
"168","1992","平成","4","1","15~16","2階組立工場において、製品の出荷作業中、製品ケース24箱を乗せた手押車をエレベーターで位置替えした際、外で製品をおさえていたところ突然搬器が落ち、当該搬器上部フレームと2階作業場床の間に頚部を挟まれた。","1","製造業","108","化学工業","","","30~49","2","物上げ装置、運搬機械","21","動力クレーン等","","","7","はさまれ、巻き込まれ"
"169","1992","平成","4","2","5~6","駅構内に停車中の電車のパンタグラフが降雪のため自動で上がらなくなり、点検するため電車の屋根へ登り、通電(1500V)しているパンタグラフに接触した。","4","運輸交通業","401","鉄道・軌道・水運・航空業","","","100~299","2","物上げ装置、運搬機械","23","乗物","","","13","感電"
"170","1992","平成","4","2","9~10","砂防堰堤付帯工事で、型わくの解体中、コンクリート壁(1.8×4.5×0.4m)が倒れ、地山との間に挟まれた。","3","建設業","301","土木工事業","","","1~9","4","仮設物、建築物、構築物等","41","仮設物、建築物、構築物等","","","5","崩壊、倒壊"
"171","1992","平成","4","2","11~12","軽トラックで配送中、国道で居眠り運転でセンターラインを越えてきた車と正面衝突した。","8","商業","","","","","1~9","2","物上げ装置、運搬機械","22","動力運搬機","","","17","交通事故（道路）"
"172","1992","平成","4","2","13~14","自動車専用道路を走行中、進路変更しようとしたところ、残雪によりスリップし、ガードレール等に激突した。","4","運輸交通業","403","道路貨物運送業","","","30~49","2","物上げ装置、運搬機械","22","動力運搬機","","","17","交通事故（道路）"
"173","1992","平成","4","2","15~16","ヒバ林伐採作業中、チェンソーで切った木が近くの木に当たって跳ね返り、木の根元部分が激突した。","6","農林業","601","農業","","","10~29","7","環境等","71","環境等","","","6","激突され"
"174","1992","平成","4","2","16~17","林道の災害復旧工事現場において、床堀作業終了後の状況写真を撮影中、上部の路肩が長さ5m、幅1m、高さ4.5mに渡って崩壊し埋まった。","3","建設業","301","土木工事業","","","1~9","7","環境等","71","環境等","","","5","崩壊、倒壊"
"175","1992","平成","4","2","16~17","ビル解体工事で外壁解体中、ダイヤモンドワイヤソーのワイヤが切れ、ワイヤをつないでいたスリーブが突き刺さった。","3","建設業","302","建築工事業","","","1~9","1","動力機械","14","建設機械等","","","4","飛来、落下"
"176","1992","平成","4","2","16~17","林道の災害復旧工事現場において、床堀作業終了後の状況写真を撮影中、上部の路肩が長さ5m、幅1m、高さ4.5mに渡って崩壊し埋まった。","3","建設業","301","土木工事業","","","1~9","7","環境等","71","環境等","","","5","崩壊、倒壊"
"177","1992","平成","4","2","8~9","営業所で打ち合わせ後、社有車で工事現場へ向う途中、センターラインを越えてきた対向車と衝突した。","3","建設業","303","その他の建設業","","","10~29","2","物上げ装置、運搬機械","23","乗物","","","17","交通事故（道路）"
"178","1992","平成","4","2","11~12","山道で杉丸太等を燃やしていた際、山の斜面から杉丸太が転がってきて当たった。","6","農林業","601","農業","","","1~9","7","環境等","71","環境等","","","4","飛来、落下"
"179","1992","平成","4","2","15~16","市道上に放置されているタクシー内で、窒息死しているのが発見された。(警察は強盗殺人事件とした)","4","運輸交通業","402","道路旅客運送業","","","10~29","9","その他","92","起因物なし","","","90","その他"
"180","1992","平成","4","2","16~17","空港ターミナルビルサテライト新築工事現場において、1階内壁の防水工事中、梯子から1階床の開口部を通り、約5m下の地上に墜落した。","3","建設業","302","建築工事業","","","1~9","3","その他の装置等","37","用具","","","1","墜落、転落"
"181","1992","平成","4","2","16~17","セメント運搬車(10t)で高速道路を走行中、渋滞のため急停車しようとしていた10tトラックに追突した。","4","運輸交通業","403","道路貨物運送業","","","10~29","2","物上げ装置、運搬機械","22","動力運搬機","","","17","交通事故（道路）"
"182","1992","平成","4","2","5~6","直径2mの円盤のクロムメッキの作業中、クロムメッキ槽(2.4×2.4×1.8m)に転落し自力で脱出したが、クロム酸を飲み中毒になった。","1","製造業","112","金属製品製造業","","","10~29","3","その他の装置等","39","その他の装置、設備","","","12","有害物等との接触"
"183","1992","平成","4","2","9~10","チッパー投入ベルトコンベヤーの下にもぐり込み、プーリーに付着した泥をかき落とす作業をしていたところ、同僚がベルトを逆転させるスイッチを入れたため、ベルトとプーリーの間に巻き込まれた。","1","製造業","104","木材・木製品製造業","","","10~29","1","動力機械","12","動力伝導機構","","","7","はさまれ、巻き込まれ"
"184","1992","平成","4","2","10~11","砕石仮置場において、トラクターショベルでダンプカーに砕石を積み込む作業中、トラクターショベルの本体とショベルの間に挟まれた。","3","建設業","301","土木工事業","","","1~9","1","動力機械","14","建設機械等","","","7","はさまれ、巻き込まれ"
"185","1992","平成","4","2","14~15","道路改良工事現場の法枠工事箇所における足場の架け替え作業中、約1.8mの足場上から墜落した。","3","建設業","301","土木工事業","","","1~9","4","仮設物、建築物、構築物等","41","仮設物、建築物、構築物等","","","1","墜落、転落"
"186","1992","平成","4","2","16~17","段ボール製造工程において、裏ライナー用の紙の状態に不具合があり、紙を除去しようとコルゲーターマシンの中へ入ったところ、機械内のスプライトヘッド(ロールに付けたアングルのようなもの)が作動し、回転ロールとの間に挟まれた。","1","製造業","106","パルプ・紙・紙加工品製造業","","","30~49","1","動力機械","16","一般動力機械","","","7","はさまれ、巻き込まれ"
"187","1992","平成","4","2","16~17","町道脇にある防犯灯の支柱(鋼製、高さ4.9m)に登って電球の取り替え作業中、支柱が腐食していたため根元から折れ、墜落した。","3","建設業","303","その他の建設業","","","1~9","3","その他の装置等","35","電気設備","","","1","墜落、転落"
"188","1992","平成","4","2","16~17","エレベーターでゴミを運搬中、ゴミが搬器の床と2階天井の間に挟まれて停止し、3階から搬器に乗ってゴミを取り除いていたところ、ゴミが取れた反動で搬器が1mほど降下し、搬器の天井と3階床に挟まれた。","1","製造業","102","繊維工業","","","30~49","2","物上げ装置、運搬機械","21","動力クレーン等","","","7","はさまれ、巻き込まれ"
"189","1992","平成","4","2","23~24","自動エンジンクランク加工機の安全扉受側支柱と、クランク加工ドリルスライドコラムとの間に挟まれた。","1","製造業","115","輸送用機械等製造業","","","1000~9999","1","動力機械","16","一般動力機械","","","7","はさまれ、巻き込まれ"
"190","1992","平成","4","2","5~6","トラックで国道を走行中、Uターン中のクレーン車の車体から3.7m突き出していたアームに衝突した。","4","運輸交通業","403","道路貨物運送業","","","30~49","2","物上げ装置、運搬機械","22","動力運搬機","","","17","交通事故（道路）"
"191","1992","平成","4","2","8~9","トラックのコンテナ(8.4×2.45、高さ2.6m)をパワーショベル(9190キログラム)で吊り上げるためコンテナに鎖を繋いでいたところ、急作動したパワーショベルの上部旋回体に激突された。(外)","1","製造業","117","その他の製造業","","","1~9","1","動力機械","14","建設機械等","","","6","激突され"
"192","1992","平成","4","2","9~10","採石場でクラッシャーの刃の間隔を調整中、バランスを崩して後方に倒れ、クラッシャーの駆動ベルトに巻き込まれた。","2","鉱業","202","土石採取業","","","10~29","1","動力機械","12","動力伝導機構","","","7","はさまれ、巻き込まれ"
"193","1992","平成","4","2","9~10","工場内で製材後の木屑をリヤカーで拾い集める作業中、高さ3mに積み重ねた加工材の「はい」が崩れ、下敷きになった。","1","製造業","104","木材・木製品製造業","","","1~9","6","荷","61","荷","","","5","崩壊、倒壊"
"194","1992","平成","4","2","11~12","斜面で鎌を使い立木伐採作業中、斜面を転落し、伐採作業をしていた同僚のチェンソーに接触し頭部を切った。","3","建設業","301","土木工事業","","","1~9","1","動力機械","13","木材加工用機械","","","8","切れ、こすれ"
"195","1992","平成","4","2","11~12","空調機械購入のため軽トラックで商店へ行く途中、踏切で立ち往生し特急電車に衝突された。","11","通信業","","","","","10~29","2","物上げ装置、運搬機械","23","乗物","","","18","交通事故（その他）"
"196","1992","平成","4","2","13~14","スレート屋根の修理工事において、スレート屋根上を移動中、スレートを踏み抜き18.2m下に墜落した。","3","建設業","302","建築工事業","","","1~9","4","仮設物、建築物、構築物等","41","仮設物、建築物、構築物等","","","1","墜落、転落"
"197","1992","平成","4","2","13~14","市道上において、不燃ゴミ回収車の後進時を誘導中、運転者が誤ってクラッチペダルを踏み外したため回収車とガードレールの間に挟まれた。","15","清掃・と畜業","","","","","30~49","2","物上げ装置、運搬機械","22","動力運搬機","","","6","激突され"
"198","1992","平成","4","2","14~15","鉄道用信号雷管254個を分解し、焼却炉に入れたところ爆発し、爆風の直撃を受けた。","4","運輸交通業","401","鉄道・軌道・水運・航空業","","","30~49","3","その他の装置等","34","炉窯等","","","14","爆発"
"199","1992","平成","4","2","15~16","鉄骨建方作業中、C型鋼2本(20センチメートル、計100キログラム)を20tクレーンで吊り上げていた際、風にあおられて回転した鋼材に激突され、墜落した。","3","建設業","302","建築工事業","","","1~9","2","物上げ装置、運搬機械","21","動力クレーン等","","","6","激突され"
"200","1992","平成","4","2","17~18","牽引車から切離されたトレーラーの荷台に、フォークリフトで段ボール箱詰めの荷を積み込む作業中、隣社の壁とトレーラーの間に挟まれた。","4","運輸交通業","403","道路貨物運送業","","","1~9","2","物上げ装置、運搬機械","22","動力運搬機","","","7","はさまれ、巻き込まれ"
"201","1992","平成","4","2","8~9","勾配約15度の凍結路面上で、バーククーラーから牛乳を牛乳集配用タンクローリーに吸入作業中、タンクローリーの後にまわった際、車が動き出して9m先のガードまで押され、タンクローリーとガードレールに挟まれた。","17","その他の事業","","","","","50~99","2","物上げ装置、運搬機械","22","動力運搬機","","","17","交通事故（道路）"
"202","1992","平成","4","2","9~10","移動式クレーンが桁材を吊って後進した際、激突された。","3","建設業","302","建築工事業","","","1~9","2","物上げ装置、運搬機械","21","動力クレーン等","","","6","激突され"
"203","1992","平成","4","2","10~11","製品保管倉庫で搬出作業のためリフトに乗って上昇した際、2階床と搬器の手摺の間に挟まれた。","8","商業","","","","","10~29","2","物上げ装置、運搬機械","21","動力クレーン等","","","7","はさまれ、巻き込まれ"
"204","1992","平成","4","2","13~14","下水路清掃のため梯子を降りる際、高さ2.5mから墜落した。","15","清掃・と畜業","","","","","10~29","3","その他の装置等","37","用具","","","1","墜落、転落"
"205","1992","平成","4","2","13~14","4階部屋の玄関コンクリート型わくの取り付け段取り作業中、高さ8.8mの枠組外部足場上より地面に墜落した。","3","建設業","302","建築工事業","","","1~9","4","仮設物、建築物、構築物等","41","仮設物、建築物、構築物等","","","1","墜落、転落"
"206","1992","平成","4","2","13~14","療護センターにおいて、消火栓からホースを降ろす作業中、当該屋上から約4.8m下のコンクリート床面に墜落した。","13","保健・衛生業","","","","","50~99","4","仮設物、建築物、構築物等","41","仮設物、建築物、構築物等","","","1","墜落、転落"
"207","1992","平成","4","2","15~16","地下1階より地上へ行く途中の枠組足場内の昇降階段を登っていたところ、2段目の布板上で足を踏み外し、筋交間より墜落した。","3","建設業","302","建築工事業","","","10~29","4","仮設物、建築物、構築物等","41","仮設物、建築物、構築物等","","","1","墜落、転落"
"208","1992","平成","4","2","16~17","道路工事現場で交通整理中、側溝の掘削作業中のドラグショベルが後退した際、ひかれた。","3","建設業","301","土木工事業","","","1~9","1","動力機械","14","建設機械等","","","7","はさまれ、巻き込まれ"
"209","1992","平成","4","2","18~19","客先を訪問した際、客宅前道路に車を止め道路を横断したが、不在のため再度道路を横断しようとして走行車にはねられ、その対向車にもはねられた。","17","その他の事業","","","","","30~49","2","物上げ装置、運搬機械","23","乗物","","","17","交通事故（道路）"
"210","1992","平成","4","2","19~20","トゥコンベヤーで車体を搬送する上塗り塗装ラインにおいて、何らかの原因で停止した台車を動かそうと台車の後部で作業中、後続の台車が前進してきて激突され、それぞれの台車上の車体の間に挟まれた。","1","製造業","115","輸送用機械等製造業","","","1000~9999","2","物上げ装置、運搬機械","22","動力運搬機","","","6","激突され"
"211","1992","平成","4","2","2~3","高炉炉底部の内容物の発破かき出し作業中、残鉄塊に穿孔する準備を終え炉外に出ようとしたところ、炉壁から耐火材がはがれ落ち、穿孔機のクローラと耐火材との間に挟まれた。","3","建設業","303","その他の建設業","","","1~9","3","その他の装置等","34","炉窯等","","","4","飛来、落下"
"212","1992","平成","4","2","7~8","注射器を入れるバット(ステンレス製)を消毒するため、工業用アルコールをバットに入れ、綿に火を付けバット内のアルコールに点火した際、白衣に燃え移った。","13","保健・衛生業","","","","","10~29","5","物質、材料","51","危険物、有害物等","","","11","高温・低温の物との接触"
"213","1992","平成","4","2","13~14","リースされたクローラクレーンを現場へ搬送し、組み立て作業中、メインブームの倒れ止め装置のスプリング(約122キログラム)が抜け落ち、当たった。","8","商業","","","","","30~49","2","物上げ装置、運搬機械","21","動力クレーン等","","","4","飛来、落下"
"214","1992","平成","4","2","16~17","斜面(勾配23度)上でドラグショベルを使用し樹木の植え込み作業中、残土にキャタピラを乗り上げ、機体とともに斜面を転がり、機体の下敷きになった。","3","建設業","301","土木工事業","","","1~9","1","動力機械","14","建設機械等","","","1","墜落、転落"
"215","1992","平成","4","2","10~11","配電室内の第2受電室側配線切替及び第1受電室側の交流器の交換作業中、配線切替に必要な電線を目測していたところ、第2受電側の断路器に触れた。","3","建設業","303","その他の建設業","","","10~29","3","その他の装置等","35","電気設備","","","13","感電"
"216","1992","平成","4","2","11~12","建設現場の5階ステージ上で、吊り上げられた外壁材を台車に乗せ同階の広いフロアーに運ぶ作業中、ALC板3枚とともに地下に墜落した。","3","建設業","302","建築工事業","","","1~9","4","仮設物、建築物、構築物等","41","仮設物、建築物、構築物等","","","1","墜落、転落"
"217","1992","平成","4","2","13~14","工事現場において、掘削溝(幅4.9m、深さ6m)の底部に生コン打設中、掘削溝東側の作業路より掘削溝に転落した。","3","建設業","301","土木工事業","","","1~9","4","仮設物、建築物、構築物等","41","仮設物、建築物、構築物等","","","1","墜落、転落"
"218","1992","平成","4","2","13~14","自動車を暖房しながら仮眠中、排気ガスが漏洩し、一酸化炭素中毒になった。","17","その他の事業","","","","","10~29","5","物質、材料","51","危険物、有害物等","","","12","有害物等との接触"
"219","1992","平成","4","2","14~15","松喰虫被害の赤松を伐倒中、伐倒した木の上方の木が絡まっていたため、一緒に倒れ当たった。","6","農林業","601","農業","","","10~29","7","環境等","71","環境等","","","6","激突され"
"220","1992","平成","4","2","15~16","結束した野地板(長さ2.8m、幅20センチメートル、厚さ1.5センチメートル)10枚を構内に仮置きするため運んでおろそうとしたところ、足を滑らせ、フォークリフトにひかれた。","1","製造業","104","木材・木製品製造業","","","1~9","2","物上げ装置、運搬機械","22","動力運搬機","","","7","はさまれ、巻き込まれ"
"221","1992","平成","4","2","15~16","鉄筋3階建アパートの3階ベランダ上から廃材を投下中、廃材の突起部が作業服のポケットに引っかかり、廃材とともに6.63m下に墜落した。","3","建設業","302","建築工事業","","","10~29","4","仮設物、建築物、構築物等","41","仮設物、建築物、構築物等","","","1","墜落、転落"
"222","1992","平成","4","2","17~18","軽ワンボックス車で県道を走行中、カーブでセンターラインを越え、大型トレーラーと衝突した。","17","その他の事業","","","","","1~9","2","物上げ装置、運搬機械","23","乗物","","","17","交通事故（道路）"
"223","1992","平成","4","2","21~22","パンタグラフ破損事故の復旧及び調整作業中、上り電車と接触した。","4","運輸交通業","401","鉄道・軌道・水運・航空業","","","1000~9999","2","物上げ装置、運搬機械","23","乗物","","","18","交通事故（その他）"
"224","1992","平成","4","2","9~10","工場内の鍋搬送レールを横断する際、足を滑らせ転倒し、後頭部を強打した。","1","製造業","101","食料品製造業","","","30~49","4","仮設物、建築物、構築物等","41","仮設物、建築物、構築物等","","","2","転倒"
"225","1992","平成","4","2","17~18","鉄骨2階建ガレージ倉庫の新築工事において、鉄骨の組み立て作業中、最上部の梁を組み立てるため梁上を移動していたところ、墜落した。","3","建設業","302","建築工事業","","","1~9","4","仮設物、建築物、構築物等","41","仮設物、建築物、構築物等","","","1","墜落、転落"
"226","1992","平成","4","2","3~4","展示場の夜間警備中、自家用車内に豆炭火鉢を持ち込み暖を取っていたところ、一酸化炭素中毒になった。","17","その他の事業","","","","","50~99","5","物質、材料","51","危険物、有害物等","","","12","有害物等との接触"
"227","1992","平成","4","2","4~5","荷積みのため4tトラックで高速道路を走行中、車線変更の際、前走のダンプに追突した。","4","運輸交通業","403","道路貨物運送業","","","30~49","2","物上げ装置、運搬機械","22","動力運搬機","","","17","交通事故（道路）"
"228","1992","平成","4","2","5~6","錫メッキ工場内でコイルの巻き取り作業中、巻ズレを直そうとしたところ、腰を挟まれた。","1","製造業","110","鉄鋼業","","","1000~9999","1","動力機械","16","一般動力機械","","","7","はさまれ、巻き込まれ"
"229","1992","平成","4","2","8~9","橋型クレーンの始業点検の際、逸走防止装置を外すためクレーンの階段を降りていたとき、約8m下に墜落した。","1","製造業","115","輸送用機械等製造業","","","300~499","2","物上げ装置、運搬機械","21","動力クレーン等","","","1","墜落、転落"
"230","1992","平成","4","2","8~9","プレキャストコンクリート製車庫の部品(幅3m、高さ2m、長さ1.6m)製作において、鋼製型わくを解体中、内枠の各部材の連結ボルトを外したところ、内枠の1枚(約400キログラム)が倒れ、当たった。","1","製造業","109","窯業土石製品製造業","","","1~9","5","物質、材料","52","材料","","","6","激突され"
"231","1992","平成","4","2","9~10","護岸上の油圧ショベルでセメント袋を護岸下へ移動する作業中、護岸下でバケットから荷を取りだそうとしたとき、運転者の誤操作により法面とバケットの間に挟まれた。","3","建設業","301","土木工事業","","","1~9","1","動力機械","14","建設機械等","","","7","はさまれ、巻き込まれ"
"232","1992","平成","4","2","11~12","外注先より帰社のため軽ライトバンで走行中、農道と町道の交差点で普通ライトバンと出会い頭に衝突した。","1","製造業","103","衣服その他の繊維製品製造業","","","10~29","2","物上げ装置、運搬機械","23","乗物","","","18","交通事故（その他）"
"233","1992","平成","4","2","15~16","下水管埋設のため明り掘削した床部において、土止め支保工の腹おこしを設置中、地山が崩壊し埋まった。","3","建設業","301","土木工事業","","","1~9","7","環境等","71","環境等","","","5","崩壊、倒壊"
"234","1992","平成","4","2","18~19","硝化槽内に設置された水中ポンプのホース修繕作業のため、通路から手摺を乗り越え現場に行こうとしたところ、手摺部横から開口部になっている硝化槽に転落し、溺れた。","1","製造業","108","化学工業","","","300~499","3","その他の装置等","32","化学設備","","","10","おぼれ"
"235","1992","平成","4","2","22~23","1人で居住していた事務所兼宿舎から出火し、焼死した。","1","製造業","106","パルプ・紙・紙加工品製造業","","","1~9","3","その他の装置等","39","その他の装置、設備","","","16","火災"
"236","1992","平成","4","2","5~6","トラックで配達後、帰社するため側道を走行中、縁石に乗り上げ橋脚に激突した。","4","運輸交通業","403","道路貨物運送業","","","30~49","2","物上げ装置、運搬機械","22","動力運搬機","","","17","交通事故（道路）"
"237","1992","平成","4","2","5~6","バイクで朝刊の配達中、国道上でセンターラインを越えてきた乗用車と衝突した。","8","商業","","","","","50~99","2","物上げ装置、運搬機械","23","乗物","","","17","交通事故（道路）"
"238","1992","平成","4","2","7~8","シャーシ(荷台)をトレーラーで駐車場に止めるためバックの誘導中、後方に止まっていた別のシャーシとの間に挟まれた。","15","清掃・と畜業","","","","","10~29","2","物上げ装置、運搬機械","22","動力運搬機","","","6","激突され"
"239","1992","平成","4","2","9~10","地中送電線路新設工事現場において、リール(直径1200ミリメートル)にワイヤロープを巻き付けて車のウインチで引っ張っていたところ、リールが転がって当たり、鉄柱基礎に挟まれた。","3","建設業","303","その他の建設業","","","100~299","3","その他の装置等","37","用具","","","6","激突され"
"240","1992","平成","4","2","13~14","2階建木造建築工事において、2階天井の火打ち部分のボルト締め作業中、約6m下に墜落した。","3","建設業","302","建築工事業","","","1~9","4","仮設物、建築物、構築物等","41","仮設物、建築物、構築物等","","","1","墜落、転落"
"241","1992","平成","4","2","15~16","原木を揚貨装置で陸揚げする作業において、原木5~6本に玉掛け用ワイヤロープを通していたとき、突然原木が崩れた。","5","貨物取扱業","502","港湾運送業","","","100~299","5","物質、材料","52","材料","","","5","崩壊、倒壊"
"242","1992","平成","4","2","17~18","木造2階建住宅新築工事現場において、ブラケット足場上で破風板の取り付け作業後、ブラケット足場から下に降りようとしたところ、5.45m下の地面に墜落した。","3","建設業","302","建築工事業","","","1~9","4","仮設物、建築物、構築物等","41","仮設物、建築物、構築物等","","","1","墜落、転落"
"243","1992","平成","4","2","19~20","ガソリンスタンド前の国道で顧客の乗用車を誘導中、左側方向から走行してきた乗用車にはねられた。","8","商業","","","","","1~9","2","物上げ装置、運搬機械","23","乗物","","","17","交通事故（道路）"
"244","1992","平成","4","2","2~3","事務所兼寄宿舎から出火し、焼死した。(外)","3","建設業","303","その他の建設業","","","30~49","3","その他の装置等","39","その他の装置、設備","","","16","火災"
"245","1992","平成","4","2","6~7","清掃車の後方で作業中、乗用車に追突された。","15","清掃・と畜業","","","","","10~29","2","物上げ装置、運搬機械","23","乗物","","","17","交通事故（道路）"
"246","1992","平成","4","2","8~9","手押し台車で配電盤を運搬中、段差のある出入口に敷かれた鉄板と地面の間に台車が引っかかって倒れ、下敷きになった。","1","製造業","117","その他の製造業","","","1~9","6","荷","61","荷","","","7","はさまれ、巻き込まれ"
"247","1992","平成","4","2","10~11","ユニック車(2.5t)を誘導中、ユニック車の前部に激突され、信号停車中のローリ車との間に挟まれた。","8","商業","","","","","1~9","2","物上げ装置、運搬機械","22","動力運搬機","","","17","交通事故（道路）"
"248","1992","平成","4","2","11~12","トラックで一般道を走行中、前車が赤信号で急停車したため、これを避けようとしてハンドルを切りすぎ、中央分離帯を飛び越えて対向車と衝突した。","4","運輸交通業","403","道路貨物運送業","","","10~29","2","物上げ装置、運搬機械","22","動力運搬機","","","17","交通事故（道路）"
"249","1992","平成","4","2","14~15","車庫の屋根の雪降ろし作業中、車庫の表側部分の積雪状態を見るため雪庇に足を掛けたところ、高さ約7.35mの屋根から転落した。","3","建設業","301","土木工事業","","","1~9","4","仮設物、建築物、構築物等","41","仮設物、建築物、構築物等","","","1","墜落、転落"
"250","1992","平成","4","2","14~15","外部独立柱と梁の仕上げ用足場を組み立て中、枠組足場作業床上で単管足場の布パイプを受け取り、手摺のない小口部分から身を乗り出して布パイプを切替えそうとしたところ、バランスを崩し8.65m下のスロープ上に墜落した。","3","建設業","302","建築工事業","","","10~29","4","仮設物、建築物、構築物等","41","仮設物、建築物、構築物等","","","1","墜落、転落"
"251","1992","平成","4","2","16~17","土止め支保工を設けた箇所を掘削作業中、切り梁のH鋼の位置がずれたため車輌系建設機械のバケットで位置を直していた際、H鋼が落下した。","3","建設業","301","土木工事業","","","10~29","1","動力機械","14","建設機械等","","","4","飛来、落下"
"252","1992","平成","4","2","16~17","作業現場において、バックホウでU字溝を運搬するためU字溝に付いている金具にワイヤのフックを掛けていたところ、同僚が誤ってバケットの下降スイッチに触れたため、バケットとU字溝の間に挟まれた。","3","建設業","301","土木工事業","","","1~9","1","動力機械","14","建設機械等","","","6","激突され"
"253","1992","平成","4","2","19~20","10tトラックで国道を走行中、センターラインを越え、対向してきた大型トラックと正面衝突した。","4","運輸交通業","403","道路貨物運送業","","","100~299","2","物上げ装置、運搬機械","22","動力運搬機","","","17","交通事故（道路）"
"254","1992","平成","4","2","1~2","バイパスの左側車線を走行中、大型車が停車していたため内車線に車線変更したが、内車線にも別の乗用車が停車していたためその乗用車に接触し、弾みで横転した。","4","運輸交通業","403","道路貨物運送業","","","1~9","2","物上げ装置、運搬機械","22","動力運搬機","","","17","交通事故（道路）"
"255","1992","平成","4","2","9~10","倉庫において、4tトラックに牧草(60×45×45センチメートル、49キログラム)を積み込む作業中、トラックの積荷の上から1.8m下のコンクリートの床面へ転落した。","4","運輸交通業","403","道路貨物運送業","","","10~29","2","物上げ装置、運搬機械","22","動力運搬機","","","1","墜落、転落"
"256","1992","平成","4","2","13~14","建屋に設置する脱煙塔(約400キログラム)を1階より2階の開口部を通じてチェンブロックで搬入中、吊り上げ用の繊維ベルトの2本のうち1本が外れ、チェンブロックのチェンを引き寄せていて開口部から墜落した。","3","建設業","303","その他の建設業","","","1~9","4","仮設物、建築物、構築物等","41","仮設物、建築物、構築物等","","","1","墜落、転落"
"257","1992","平成","4","2","14~15","砂防ダム工事において、右岸下流側間詰コンクリートの表面仕上げ作業中、斜面から直径15センチメートルの石が転がり落ち当たった。","3","建設業","301","土木工事業","","","10~29","7","環境等","71","環境等","","","4","飛来、落下"
"258","1992","平成","4","2","14~15","ビルのガラス外部をブランコを使って清掃作業中、屋上の手摺に結び付けていたロープが解け、8m下に墜落した。","15","清掃・と畜業","","","","","30~49","3","その他の装置等","37","用具","","","1","墜落、転落"
"259","1992","平成","4","2","15~16","掘削面(深さ13m)で集積した土砂を地上の桟橋上のダンプカーにクラムシェルで積込む作業中、粘土塊(20キログラム)がダンプカーの荷台から転がり落ち、掘削面で集土作業をしていたトラクターショベルのヘッドガードを突き破り、当たった。","3","建設業","301","土木工事業","","","30~49","5","物質、材料","52","材料","","","4","飛来、落下"
"260","1992","平成","4","2","16~17","作業船上のホッパー(80m3)の流出口が詰まったため、鉄パイプを持ってホッパー内に入り詰まりを除く作業中、ホッパー内に残っていた高さ約2mの砂山が崩れ、埋まった。","3","建設業","301","土木工事業","","","10~29","3","その他の装置等","39","その他の装置、設備","","","1","墜落、転落"
"261","1992","平成","4","2","16~17","石炭粉砕機(ミル)の解体作業中、本体上部に乗ってガス切断していた際、切断したミル側面の鉄板が自重で落下し、ミル本体が回転して地面に転落した。","3","建設業","303","その他の建設業","","","50~99","1","動力機械","16","一般動力機械","","","1","墜落、転落"
"262","1992","平成","4","2","6~7","ライトバンで工事現場に向かう途中、凍結のためスリップして反対車線にはみ出し、対向してきたトラックと衝突した。","3","建設業","301","土木工事業","","","不明","2","物上げ装置、運搬機械","23","乗物","","","17","交通事故（道路）"
"263","1992","平成","4","2","12~13","2.9t吊り小型移動式クレーンの貨物荷台に杉材を積み込み中、荷台上で吊り上げられた荷の方向を整えようとトビロで引き寄せたところ、吊り荷が揺れ、荷台の上から2.3m下の地面に墜落した。","4","運輸交通業","403","道路貨物運送業","","","10~29","2","物上げ装置、運搬機械","21","動力クレーン等","","","1","墜落、転落"
"264","1992","平成","4","2","13~14","体育館新築工事において、2階床面のコンクリート打設中、異常が発生したため作業を中断し点検していたところ、当該床面が全体に渡り崩壊し、下敷き又はスラブとともに落下した。","3","建設業","302","建築工事業","","","1~9","4","仮設物、建築物、構築物等","41","仮設物、建築物、構築物等","","","5","崩壊、倒壊"
"265","1992","平成","4","2","13~14","トド松の間伐作業中、胸高直径22センチメートルのトド松がかかり木になったため、その下方で既に伐倒してあったトド松の枝払いを行っていたところ、かかり木が倒れて当たった。","6","農林業","601","農業","","","1~9","7","環境等","71","環境等","","","5","崩壊、倒壊"
"266","1992","平成","4","2","13~14","体育館新築工事において、2階床面のコンクリート打設中、異常が発生したため作業を中断し点検していたところ、当該床面が全体に渡り崩壊し、下敷き又はスラブとともに落下した。","3","建設業","302","建築工事業","","","1~9","4","仮設物、建築物、構築物等","41","仮設物、建築物、構築物等","","","5","崩壊、倒壊"
"267","1992","平成","4","2","13~14","体育館新築工事において、2階床面のコンクリート打設中、異常が発生したため作業を中断し点検していたところ、当該床面が全体に渡り崩壊し、下敷き又はスラブとともに落下した。","3","建設業","302","建築工事業","","","10~29","4","仮設物、建築物、構築物等","41","仮設物、建築物、構築物等","","","5","崩壊、倒壊"
"268","1992","平成","4","2","13~14","体育館新築工事において、2階床面のコンクリート打設中、異常が発生したため作業を中断し点検していたところ、当該床面が全体に渡り崩壊し、下敷き又はスラブとともに落下した。","3","建設業","302","建築工事業","","","不明","4","仮設物、建築物、構築物等","41","仮設物、建築物、構築物等","","","5","崩壊、倒壊"
"269","1992","平成","4","2","13~14","体育館新築工事において、2階床面のコンクリート打設中、異常が発生したため作業を中断し点検していたところ、当該床面が全体に渡り崩壊し、下敷き又はスラブとともに落下した。","3","建設業","302","建築工事業","","","10~29","4","仮設物、建築物、構築物等","41","仮設物、建築物、構築物等","","","5","崩壊、倒壊"
"270","1992","平成","4","2","13~14","体育館新築工事において、2階床面のコンクリート打設中、異常が発生したため作業を中断し点検していたところ、当該床面が全体に渡り崩壊し、下敷き又はスラブとともに落下した。","3","建設業","302","建築工事業","","","10~29","4","仮設物、建築物、構築物等","41","仮設物、建築物、構築物等","","","5","崩壊、倒壊"
"271","1992","平成","4","2","13~14","住宅の風呂場洗面所の屋根板貼り作業中、約2.6m下の道路上に墜落した。","3","建設業","302","建築工事業","","","1~9","4","仮設物、建築物、構築物等","41","仮設物、建築物、構築物等","","","1","墜落、転落"
"272","1992","平成","4","2","13~14","体育館新築工事において、2階床面のコンクリート打設中、異常が発生したため作業を中断し点検していたところ、当該床面が全体に渡り崩壊し、下敷き又はスラブとともに落下した。","3","建設業","302","建築工事業","","","10~29","4","仮設物、建築物、構築物等","41","仮設物、建築物、構築物等","","","5","崩壊、倒壊"
"273","1992","平成","4","2","14~15","鉄製コンテナ内の梱包したガラス板(幅215×高さ210×奥行き20センチメートル、約700キログラム)をトラッククレーンの荷台に積み込むため、ガラス板を固定していたロープを外したところ、ガラス板が倒れてきた。","5","貨物取扱業","502","港湾運送業","","","10~29","6","荷","61","荷","","","5","崩壊、倒壊"
"274","1992","平成","4","2","15~16","伐倒作業中、山側へ伐倒した木の先端が雑木に当たり、その根元の岩がえぐられて崩落し、下方で作業中の被災者が岩石に当たって約7m程転落し、風倒木に頭部を強打した。","6","農林業","601","農業","","","1~9","7","環境等","71","環境等","","","4","飛来、落下"
"275","1992","平成","4","2","6~7","機械の据付業務後、帰社するため国道を走行中、センターラインを越え対向車と衝突した。","4","運輸交通業","403","道路貨物運送業","","","1~9","2","物上げ装置、運搬機械","22","動力運搬機","","","17","交通事故（道路）"
"276","1992","平成","4","2","6~7","荷を積み国道を走行中、センターラインを越えてきた対向車と衝突した。","4","運輸交通業","403","道路貨物運送業","","","10~29","2","物上げ装置、運搬機械","22","動力運搬機","","","17","交通事故（道路）"
"277","1992","平成","4","2","8~9","高さ約3.3mの足場上で作業中、手摺の下部から転落した。","3","建設業","301","土木工事業","","","1~9","4","仮設物、建築物、構築物等","41","仮設物、建築物、構築物等","","","1","墜落、転落"
"278","1992","平成","4","2","8~9","地下1階電気室において、室内を整理中、ピット開口部(0.6×33センチメートル)から、誤って7.06m下のピット内に墜落した。","3","建設業","302","建築工事業","","","1~9","4","仮設物、建築物、構築物等","41","仮設物、建築物、構築物等","","","1","墜落、転落"
"279","1992","平成","4","2","9~10","鉄骨造り3階建改築工事現場において、ALC板の残材を2階から捨てる作業中、墜落した。","3","建設業","302","建築工事業","","","1~9","4","仮設物、建築物、構築物等","41","仮設物、建築物、構築物等","","","1","墜落、転落"
"280","1992","平成","4","2","11~12","4階部分の電気配線分岐作業中、金具の取付場所に手が届かないため足場を組み足していたところ、開口部から2階スラブ上へ墜落した。","3","建設業","302","建築工事業","","","1~9","4","仮設物、建築物、構築物等","41","仮設物、建築物、構築物等","","","1","墜落、転落"
"281","1992","平成","4","2","11~12","クローラ式トラクターショベルで基礎の埋戻し作業中、トラクターショベルが路肩より転落したため飛び降りた際、基礎コンクリートに腹部を打った。","3","建設業","302","建築工事業","","","1~9","1","動力機械","14","建設機械等","","","1","墜落、転落"
"282","1992","平成","4","2","13~14","牛舎の棟上げの作業中、4つの合掌のうち2つが倒れ、合掌部分に掛けた梯子上にいて、倒れた合掌とコンクリート部に挟まれた。","3","建設業","302","建築工事業","","","50~99","4","仮設物、建築物、構築物等","41","仮設物、建築物、構築物等","","","5","崩壊、倒壊"
"283","1992","平成","4","2","14~15","ずい道内に設置した枠組足場上ではつり作業中、約2m下の路面に墜落した。","3","建設業","301","土木工事業","","","1~9","4","仮設物、建築物、構築物等","41","仮設物、建築物、構築物等","","","1","墜落、転落"
"284","1992","平成","4","2","16~17","ドラグショベルで約1.3tのコンクリート製ボックスカルバートを吊って移動中、地盤が軟弱だったため転倒し、ドア部分の下敷きになった。","3","建設業","301","土木工事業","","","30~49","1","動力機械","14","建設機械等","","","2","転倒"
"285","1992","平成","4","2","7~8","炭酸カリウムを15tトレーラーで運搬中、国道で先行車を無理に追い越そうとしたため先行車と接触し、約40m下の谷へ転落した。","4","運輸交通業","403","道路貨物運送業","","","50~99","2","物上げ装置、運搬機械","22","動力運搬機","","","17","交通事故（道路）"
"286","1992","平成","4","2","8~9","溶解炉撤去作業において、ドラグショベルで1階床面の開口部から解体したシュート部材を、ショベルのアームにワイヤを掛けて吊り上げ中、ドラグショベルが転倒し、開口部と運転台の間に挟まれた。","3","建設業","303","その他の建設業","","","10~29","1","動力機械","14","建設機械等","","","2","転倒"
"287","1992","平成","4","2","9~10","土工事において、垂直法面とアースドリルの旋回体に挟まれた。","3","建設業","302","建築工事業","","","1~9","1","動力機械","14","建設機械等","","","7","はさまれ、巻き込まれ"
"288","1992","平成","4","2","11~12","高速道路を走行中、前方で接触事故が発生し、避けきれずに前方の大型車に激突した。","4","運輸交通業","403","道路貨物運送業","","","1~9","2","物上げ装置、運搬機械","22","動力運搬機","","","17","交通事故（道路）"
"289","1992","平成","4","2","12~13","50ccバイクで顧客先へ向う途中、交差点内で赤信号を無視してきた軽トラックに激突された。","17","その他の事業","","","","","1~9","2","物上げ装置、運搬機械","22","動力運搬機","","","17","交通事故（道路）"
"290","1992","平成","4","2","14~15","2t吊り天井クレーンで荷(高さ310×幅300×長さ215センチメートル)を卸す作業中、荷を吊っていたワイヤロープが切れ、荷の下敷きになった。","4","運輸交通業","403","道路貨物運送業","","","10~29","3","その他の装置等","37","用具","","","4","飛来、落下"
"291","1992","平成","4","2","14~15","客先から乗用車で帰社する途中、交差点で大型トラックと出会い頭に衝突した。","8","商業","","","","","30~49","2","物上げ装置、運搬機械","23","乗物","","","17","交通事故（道路）"
"292","1992","平成","4","2","14~15","建築工事現場において、LPガスの本管から民家へガスを送る枝管の変更作業のため、深さ約1mの穴の中でガス管の接続作業中、穴内にガスが充満し、酸欠になった。","3","建設業","303","その他の建設業","","","10~29","5","物質、材料","51","危険物、有害物等","","","12","有害物等との接触"
"293","1992","平成","4","2","21~22","バイクで交差点を直進中、対向車が右折をしてきてひかれた。","14","接客娯楽業","","","","","1~9","2","物上げ装置、運搬機械","23","乗物","","","17","交通事故（道路）"
"294","1992","平成","4","2","8~9","4tトラックで町道を走行中、崖下約55mへ転落した。","4","運輸交通業","403","道路貨物運送業","","","10~29","2","物上げ装置、運搬機械","22","動力運搬機","","","17","交通事故（道路）"
"295","1992","平成","4","2","13~14","糖蜜タンク下部の糖蜜吸着装置(小麦に糖蜜を吸着させる装置)に糖蜜を供給するバルブの調整作業中、小麦を撹拌する羽根付きシャフトに巻き込まれた。","1","製造業","117","その他の製造業","","","1~9","1","動力機械","16","一般動力機械","","","7","はさまれ、巻き込まれ"
"296","1992","平成","4","2","14~15","バイクで帰社する途中、交差点内でダンプカーと衝突した。","9","金融・広告業","","","","","10~29","2","物上げ装置、運搬機械","22","動力運搬機","","","17","交通事故（道路）"
"297","1992","平成","4","2","15~16","工場内において、巻き取り機を台車に載せて移動中、巻き取り機が台車から外れて倒れ、下敷きになった。","1","製造業","102","繊維工業","","","10~29","6","荷","61","荷","","","5","崩壊、倒壊"
"298","1992","平成","4","2","16~17","農地の雑石(径20センチメートル、約1t)の撤去に際し、ハンドガイド式の不整地運搬車(トップカー)で農地とダンプカーの間を往復していたところ、操作を誤りトップカーとダンプカーの間に挟まれた。","3","建設業","301","土木工事業","","","10~29","2","物上げ装置、運搬機械","22","動力運搬機","","","7","はさまれ、巻き込まれ"
"299","1992","平成","4","2","20~21","酒製造課程において、もろみを入れてあるタンク内の検温作業中、もろみの状態を見るためタンク内部をのぞき込んだ際、酸素欠乏になりタンク内に墜落した。","7","畜産・水産業","","","","","1~9","7","環境等","71","環境等","","","12","有害物等との接触"
"300","1992","平成","4","2","8~9","工場増設工事現場において、天井クレーンが走行するランウエイ上で手動式のチェンブロックを取り外していたところ、走行してきた天井クレーンのサドルに巻き込まれた。","3","建設業","303","その他の建設業","","","100~299","2","物上げ装置、運搬機械","21","動力クレーン等","","","7","はさまれ、巻き込まれ"
"301","1992","平成","4","2","8~9","鉄骨階段(1t)の側面のサンダーがけのため、同階段に昇ろうと体重をかけたとき階段が倒れ、階段と平行に置いてあった角パイプとの間に挟まれた。","1","製造業","112","金属製品製造業","","","1~9","4","仮設物、建築物、構築物等","41","仮設物、建築物、構築物等","","","7","はさまれ、巻き込まれ"
"302","1992","平成","4","2","10~11","看板取付作業のため会社のボンゴバンで現場に向かう途中、国道交差点で右折する際、赤信号を無視して直進してきた大型トラックと衝突した。","3","建設業","302","建築工事業","","","1~9","2","物上げ装置、運搬機械","22","動力運搬機","","","17","交通事故（道路）"
"303","1992","平成","4","2","13~14","バックホウで掘った穴(長さ5m、幅1.2m、深さ4m)に入り、削岩機を使い手ばつりによる掘り下げ作業終了後、地上に上がる際、側面の土砂(約 3m3)が崩れた。","3","建設業","301","土木工事業","","","1~9","7","環境等","71","環境等","","","5","崩壊、倒壊"
"304","1992","平成","4","2","16~17","平屋建長屋住宅の屋根葺き替え工事現場において、屋根上で作業の準備中、足を滑らせ約2.5m下の道路上に墜落した。","3","建設業","302","建築工事業","","","1~9","4","仮設物、建築物、構築物等","41","仮設物、建築物、構築物等","","","1","墜落、転落"
"305","1992","平成","4","2","6~7","事業場所有のワゴン車で国道を走行中、電柱に激突した。","14","接客娯楽業","","","","","10~29","2","物上げ装置、運搬機械","23","乗物","","","17","交通事故（道路）"
"306","1992","平成","4","2","8~9","19階の鉄骨梁上をボルトとナットの入った箱(10~20キログラム)を持って移動中に転落し、12階床の梁で頭を打った後、約38m下の9階床部分の防網上に落下した。","3","建設業","302","建築工事業","","","1~9","4","仮設物、建築物、構築物等","41","仮設物、建築物、構築物等","","","1","墜落、転落"
"307","1992","平成","4","2","10~11","木造2階建住宅の1階南側の屋根葺き作業中、瓦につまづき3.12m下の玄関土間コンクリート上に墜落した。","3","建設業","302","建築工事業","","","1~9","4","仮設物、建築物、構築物等","41","仮設物、建築物、構築物等","","","1","墜落、転落"
"308","1992","平成","4","2","14~15","配電盤据付け作業において、鋼管ユロの上に並列に板を置き、その上に配電盤を乗せて据付け位置まで運び、バールでこねながら降ろす際、配電盤が倒れ下敷きになった。","3","建設業","303","その他の建設業","","","50~99","6","荷","61","荷","","","6","激突され"
"309","1992","平成","4","2","16~17","河川災害復旧工事現場において、鋼矢板打ち込み作業中、バイブロハンマーで矢板を掴み水面から約1m持ち上げたとき、バイブロのチャックから矢板が外れ、落下した。","3","建設業","301","土木工事業","","","10~29","3","その他の装置等","37","用具","","","4","飛来、落下"
"310","1992","平成","4","2","16~17","行方がわからなくなったため捜したところ、プラントの原料投入ホッパー(真土、石粉、山泥用)の中に埋まっていた。","2","鉱業","202","土石採取業","","","1~9","4","仮設物、建築物、構築物等","41","仮設物、建築物、構築物等","","","5","崩壊、倒壊"
"311","1992","平成","4","2","4~5","トラックを運転中、高速道路料金所付近の事故のため路側帯を走行した際、前方の大型トラックに追突した。","4","運輸交通業","403","道路貨物運送業","","","10~29","2","物上げ装置、運搬機械","22","動力運搬機","","","17","交通事故（道路）"
"312","1992","平成","4","2","6~7","高速道路上の事故処理のため追越車線の規制作業中、スリップした大型トラックにはねられた。","4","運輸交通業","404","その他の運輸交通業","","","10~29","2","物上げ装置、運搬機械","22","動力運搬機","","","17","交通事故（道路）"
"313","1992","平成","4","2","14~15","トラックで埠頭内の得意先に行く途中、岸壁から海中に転落した。","8","商業","","","","","1~9","4","仮設物、建築物、構築物等","41","仮設物、建築物、構築物等","","","10","おぼれ"
"314","1992","平成","4","2","15~16","民有林において、欠損木の伐倒作業中、倒れた欠損木に左肩を打たれ転倒し、伐根に頭を打った。","6","農林業","601","農業","","","1~9","7","環境等","71","環境等","","","6","激突され"
"315","1992","平成","4","2","16~17","橋脚用型わくの組立作業中、高さ約10.5mの鋼管枠組足場の作業床端から墜落した。","3","建設業","301","土木工事業","","","10~29","4","仮設物、建築物、構築物等","41","仮設物、建築物、構築物等","","","1","墜落、転落"
"316","1992","平成","4","2","4~5","10tトラックで高速道路を走行中、大型トレーラーが原因の玉突衝突に巻き込まれた。","4","運輸交通業","403","道路貨物運送業","","","10~29","2","物上げ装置、運搬機械","22","動力運搬機","","","17","交通事故（道路）"
"317","1992","平成","4","2","4~5","道路左端にスキーバスを止め、後輪にチェーンを取り付けていたところ、後続のトラックがバスに追突し、バスとトラックの間に挟まれた。","4","運輸交通業","402","道路旅客運送業","","","50~99","2","物上げ装置、運搬機械","22","動力運搬機","","","17","交通事故（道路）"
"318","1992","平成","4","2","8~9","スキー団体客を乗せたバスを運転中、スリップしたライトバンを避けるためブレーキを掛けたトラックに後続の車が次々と追突し、67台が絡む多重衝突事故に巻き込まれた。","4","運輸交通業","402","道路旅客運送業","","","10~29","2","物上げ装置、運搬機械","23","乗物","","","17","交通事故（道路）"
"319","1992","平成","4","2","9~10","高圧引込線撤去工事において、電柱(10m)に上り、引込線を切断したところ、電柱の根入れが浅かったため電柱が倒壊し、下敷きになった。","3","建設業","303","その他の建設業","","","1~9","3","その他の装置等","35","電気設備","","","5","崩壊、倒壊"
"320","1992","平成","4","2","9~10","ビル内2階テナントの内装工事現場において、天井に装飾用の梁を取り付けるため天井裏からボルトで締め直す作業中、天井の点検口(90×100センチメートル)より8m下の1階コンクリート床に墜落した。","3","建設業","303","その他の建設業","","","1~9","4","仮設物、建築物、構築物等","41","仮設物、建築物、構築物等","","","1","墜落、転落"
"321","1992","平成","4","2","10~11","砂防ダム建設工事現場において、ダム上流に置いてある型わく用メタルフォームを堰堤右岸上部にホイールクレーンで移動させるため、専用接続金具を持って堰堤から下方に梯子で降りる途中、焚火の残り火の上に転落し火傷した。","3","建設業","301","土木工事業","","","10~29","3","その他の装置等","37","用具","","","1","墜落、転落"
"322","1992","平成","4","2","10~11","鉄骨2階建住宅の新築工事において、2階梁上に敷いた足場板上で屋根材の取付準備中、約6.4m下の地上に墜落した。","3","建設業","302","建築工事業","","","1~9","4","仮設物、建築物、構築物等","41","仮設物、建築物、構築物等","","","1","墜落、転落"
"323","1992","平成","4","2","13~14","高さ1mの脚立上で冷凍機の調整中、脚立が倒れ、転落した。","1","製造業","113","一般機械器具製造業","","","1~9","3","その他の装置等","37","用具","","","1","墜落、転落"
"324","1992","平成","4","2","15~16","2階建鉄骨工場増築工事現場において、外部階段屋根の折板取付作業後、枠組足場から地上に降りるため建地をつたっていたところ、足を滑らせ約5m下の地面に墜落した。","3","建設業","302","建築工事業","","","1~9","4","仮設物、建築物、構築物等","41","仮設物、建築物、構築物等","","","1","墜落、転落"
"325","1992","平成","4","2","15~16","軒下に軒天みきりを取り付けるため、2段組枠組足場の2段目作業床に昇ったところ、高さ3.6m下のコンクリート通路に墜落した。","3","建設業","302","建築工事業","","","1~9","4","仮設物、建築物、構築物等","41","仮設物、建築物、構築物等","","","1","墜落、転落"
"326","1992","平成","4","2","16~17","客先に配達後、1.5tトラックを運転し帰社する途中、4tトラックと衝突した。","1","製造業","105","家具・装備品製造業","","","1~9","2","物上げ装置、運搬機械","22","動力運搬機","","","17","交通事故（道路）"
"327","1992","平成","4","2","16~17","プレカット柱加工ダスト集塵装置のバックフィルター部に入り、ダスト(木屑)を棒で払い落とす作業中、突然ダストが燃え出した。","1","製造業","104","木材・木製品製造業","","","1~9","3","その他の装置等","35","電気設備","","","16","火災"
"328","1992","平成","4","2","16~17","プレカット柱加工ダスト集塵装置のバックフィルター部に入り、ダスト(木屑)を棒で払い落とす作業中、突然ダストが燃え出した。","1","製造業","104","木材・木製品製造業","","","1~9","3","その他の装置等","35","電気設備","","","16","火災"
"329","1992","平成","4","2","19~20","事業場の寮1階から出火し、消火活動のため建物内へ入り、焼死した。","1","製造業","104","木材・木製品製造業","","","30~49","4","仮設物、建築物、構築物等","41","仮設物、建築物、構築物等","","","16","火災"
"330","1992","平成","4","2","11~12","土場内において、集材機で運ばれた木材を整理するため既に積まれていた木材(1.9m)上部で待機中、転落した。","6","農林業","601","農業","","","1~9","5","物質、材料","52","材料","","","1","墜落、転落"
"331","1992","平成","4","2","13~14","グズを炭化させた製品を燃やして暖をとっていたところ、不完全燃焼のため一酸化炭素中毒になった。","1","製造業","108","化学工業","","","1~9","5","物質、材料","51","危険物、有害物等","","","12","有害物等との接触"
"332","1992","平成","4","2","13~14","ゴンドラ点検のため階下にあるゴンドラ格納庫に通じるタラップを降りる途中、バランスを崩し墜落した。","15","清掃・と畜業","","","","","500~999","4","仮設物、建築物、構築物等","41","仮設物、建築物、構築物等","","","1","墜落、転落"
"333","1992","平成","4","2","15~16","道路築造工事において、仕上げの清掃作業中、雨水枡(55×45センチメートル、深さ95センチメートル)の底に落ちている塩ビ管の切り屑を取っていたところ、雨水枡から出れなくなり、底に溜まった深さ12センチメートルの水で溺死した。","3","建設業","301","土木工事業","","","100~299","4","仮設物、建築物、構築物等","41","仮設物、建築物、構築物等","","","10","おぼれ"
"334","1992","平成","4","2","16~17","鉄骨組立て作業において、高さ4mの鉄柱上でトラッククレーンで吊った梁の取り付け作業中、梁が柱より外れ、その反動で墜落した。","3","建設業","302","建築工事業","","","10~29","4","仮設物、建築物、構築物等","41","仮設物、建築物、構築物等","","","1","墜落、転落"
"335","1992","平成","4","2","22~23","商品購入のため韓国に出張中、乗っていたタクシーがセンターラインを越えてきた乗用車と衝突し、更に後車と衝突した。","8","商業","","","","","30~49","2","物上げ装置、運搬機械","23","乗物","","","17","交通事故（道路）"
"336","1992","平成","4","2","4~5","国道を徒歩で新聞配達中、自動車にはねられた。","8","商業","","","","","1~9","2","物上げ装置、運搬機械","23","乗物","","","17","交通事故（道路）"
"337","1992","平成","4","2","8~9","屋内足場の解体作業において、足場板を緊結していた番線を切断後、当該足場板の上に足を乗せたため足場が滑落し、約1.9m下に墜落した。","3","建設業","302","建築工事業","","","10~29","4","仮設物、建築物、構築物等","41","仮設物、建築物、構築物等","","","1","墜落、転落"
"338","1992","平成","4","2","8~9","作業床に置いてあったビデ枠を移動する際、板を置いただけの開口部(深さ6.6m、幅1.1m)に墜落した。","3","建設業","302","建築工事業","","","1~9","4","仮設物、建築物、構築物等","41","仮設物、建築物、構築物等","","","1","墜落、転落"
"339","1992","平成","4","2","9~10","ホテル別館建設のための仮擁壁の工事中、モルタル塗り付け作業をしていたところ、壁面が高さ7m、幅7mに渡って崩壊し埋まった。","3","建設業","301","土木工事業","","","10~29","7","環境等","71","環境等","","","5","崩壊、倒壊"
"340","1992","平成","4","2","9~10","足場工事打ち合わせのためバイクで高速道路を走行中、中央分離帯に激突した。","3","建設業","302","建築工事業","","","10~29","2","物上げ装置、運搬機械","23","乗物","","","17","交通事故（道路）"
"341","1992","平成","4","2","10~11","国道のチェーン脱着場において、油圧ジャッキで4tトラックの車体を持ち上げ左後輪にチェーンを着けた後、タイヤの後ろに潜ってジャッキを降ろす作業中、サイドブレーキを掛けていなかったためトラックが後退し、ひかれた。","1","製造業","109","窯業土石製品製造業","","","1~9","2","物上げ装置、運搬機械","22","動力運搬機","","","17","交通事故（道路）"
"342","1992","平成","4","2","11~12","インター給油所の屋根設置工事において、高所作業車で雨樋の取付作業中、アウトリガーを張り出さず使用したため高所作業車が転倒した。","3","建設業","302","建築工事業","","","1~9","1","動力機械","14","建設機械等","","","2","転倒"
"343","1992","平成","4","2","14~15","工場屋根のスレート葺き替え作業中、スレートを踏み抜き、約6.7m下のコンクリート床に墜落した。","3","建設業","302","建築工事業","","","1~9","4","仮設物、建築物、構築物等","41","仮設物、建築物、構築物等","","","1","墜落、転落"
"344","1992","平成","4","2","14~15","共同住宅新築工事において、7階ベランダ床清掃作業中、非常用ハッチの開口部から墜落した。","3","建設業","302","建築工事業","","","10~29","4","仮設物、建築物、構築物等","41","仮設物、建築物、構築物等","","","1","墜落、転落"
"345","1992","平成","4","2","15~16","整備工場内の焼却炉で廃材等の焼却作業中、生ゴミを燃えやすくするためシンナーを振りかけたところ、顔面を火傷した。","4","運輸交通業","402","道路旅客運送業","","","500~999","5","物質、材料","51","危険物、有害物等","","","11","高温・低温の物との接触"
"346","1992","平成","4","2","18~19","自動塗装区画室内を清掃作業中、製品自動運搬装置が動き出し、装置と壁の間に挟まれた。","1","製造業","108","化学工業","","","30~49","3","その他の装置等","39","その他の装置、設備","","","7","はさまれ、巻き込まれ"
"347","1992","平成","4","2","18~19","単独で発破の点火作業後、戻ってこないため捜したところ、火薬装填箇所から30m離れた点火器の近くで頭部に飛び石を受けていた。","2","鉱業","202","土石採取業","","","10~29","5","物質、材料","51","危険物、有害物等","","","4","飛来、落下"
"348","1992","平成","4","2","23~24","荷の運搬中、国道で小休止のため停車し、道路向かい側でジュースを買って戻る途中、乗用車にはねられた。","4","運輸交通業","403","道路貨物運送業","","","10~29","2","物上げ装置、運搬機械","23","乗物","","","17","交通事故（道路）"
"349","1992","平成","4","2","9~10","工場内で、ホイスト式天井クレーンのガーダ上で点検中、高さ1.34mの梁で頭を打ち、反動でガーダとガーダの間の開口部から6.75m下の床面に墜落した。","1","製造業","113","一般機械器具製造業","","","100~299","2","物上げ装置、運搬機械","21","動力クレーン等","","","1","墜落、転落"
"350","1992","平成","4","2","10~11","ゴミ収集車で不燃物の収集後、リサイクルセンターで不燃物を降ろす作業中、後部回転パネルに挟まれた。","4","運輸交通業","403","道路貨物運送業","","","30~49","2","物上げ装置、運搬機械","22","動力運搬機","","","7","はさまれ、巻き込まれ"
"351","1992","平成","4","2","11~12","ベールクランプでコンテナを運ぶ途中、一旦コンテナを降ろしバックしてから前進した際、被災者がベールクランプの前を横切り、ベールクランプに激突され、コンテナとの間に挟まれた。","1","製造業","117","その他の製造業","","","1~9","2","物上げ装置、運搬機械","22","動力運搬機","","","6","激突され"
"352","1992","平成","4","2","11~12","商品配送のため乗用車で高速道路を走行中、防護壁に衝突した。","8","商業","","","","","10~29","2","物上げ装置、運搬機械","23","乗物","","","17","交通事故（道路）"
"353","1992","平成","4","2","13~14","エレベーター(出入口に扉のない搬器とガイドレールを設けたもの)で2階から1階へ荷を降ろす作業中、搬器の上枠と2階床面に挟まれた。","1","製造業","108","化学工業","","","1~9","2","物上げ装置、運搬機械","21","動力クレーン等","","","7","はさまれ、巻き込まれ"
"354","1992","平成","4","2","13~14","工場内変電所において、切り替え終了後の6000Vの死線を抜く作業中、隣接する電気設備の上に昇った際、感電した。","3","建設業","301","土木工事業","","","10~29","3","その他の装置等","35","電気設備","","","13","感電"
"355","1992","平成","4","2","15~16","ガス管布設工事中、コンプレッサー(0.65t)を片付ける際、ミニバックホウで吊ったところ、バックホウが傾いて転倒し、バックホウと道路の縁石に腰部を打ちつけた。","3","建設業","301","土木工事業","","","1~9","1","動力機械","14","建設機械等","","","2","転倒"
"356","1992","平成","4","2","15~16","2.9t吊りトラッククレーンでコンクリート管(内径1m、長さ2.1m、2.3t)を吊り上げ作業中、クレーンが傾き、クレーンと近くに置いてあったコンクリート管に挟まれた。","3","建設業","301","土木工事業","","","1~9","2","物上げ装置、運搬機械","21","動力クレーン等","","","7","はさまれ、巻き込まれ"
"357","1992","平成","4","2","16~17","4tトラックを運転中、交差点で信号待ちしていたダンプカーに追突した。","4","運輸交通業","403","道路貨物運送業","","","30~49","2","物上げ装置、運搬機械","22","動力運搬機","","","17","交通事故（道路）"
"358","1992","平成","4","2","3~4","荷の運搬中、高速道路で前車の大型トラックに追突した。","4","運輸交通業","403","道路貨物運送業","","","50~99","2","物上げ装置、運搬機械","22","動力運搬機","","","17","交通事故（道路）"
"359","1992","平成","4","2","7~8","自転車で新聞配達中、国道を横断する際、走行してきたダンプカーにはねられた。","8","商業","","","","","50~99","2","物上げ装置、運搬機械","22","動力運搬機","","","17","交通事故（道路）"
"360","1992","平成","4","2","14~15","鉄骨梁上の仮置きされた足場板を緊結していた番線を切ったところ、足場板とともに10m下に墜落した。","3","建設業","302","建築工事業","","","1~9","4","仮設物、建築物、構築物等","41","仮設物、建築物、構築物等","","","1","墜落、転落"
"361","1992","平成","4","2","14~15","2tトラックで走行中、信号のない交差点において、一時停止をしないで右側から進行してきた乗用車がトラックの側面に衝突し、トラックが横転した。","4","運輸交通業","403","道路貨物運送業","","","10~29","2","物上げ装置、運搬機械","23","乗物","","","17","交通事故（道路）"
"362","1992","平成","4","2","16~17","127tクレーンを使い、I型鋼(10m、400キログラム)をクランプで高さ約2mまでつり上げたところクランプが外れ、工型鋼が落下した。","3","建設業","302","建築工事業","","","10~29","3","その他の装置等","37","用具","","","4","飛来、落下"
"363","1992","平成","4","2","7~8","舗装工事現場にトラックで到着後、トラックを路肩に誘導する際、トラックと電柱の間に挟まれた。(外)","3","建設業","301","土木工事業","","","30~49","2","物上げ装置、運搬機械","22","動力運搬機","","","17","交通事故（道路）"
"364","1992","平成","4","2","10~11","川砂利の採取現場において、ダンプカーのタイヤが砂利に埋まって動かなくなり、同僚が別のダンプカーで引っ張ろうとバックで移動中、ひかれた。","2","鉱業","202","土石採取業","","","1~9","2","物上げ装置、運搬機械","22","動力運搬機","","","7","はさまれ、巻き込まれ"
"365","1992","平成","4","2","11~12","土地整理工事現場において、準備作業として立木に登りチェンソーで枝落とし作業中、約5m下の地上に墜落した。","3","建設業","301","土木工事業","","","10~29","7","環境等","71","環境等","","","1","墜落、転落"
"366","1992","平成","4","2","11~12","本設エレベータシャフト内の建設用リフトの解体作業中、固定されていない鋼材を控えに使ったため、荷重がかかったとき約90m下に墜落した。","3","建設業","302","建築工事業","","","10~29","2","物上げ装置、運搬機械","21","動力クレーン等","","","1","墜落、転落"
"367","1992","平成","4","2","11~12","本設エレベータシャフト内の建設用リフトの解体作業中、固定されていない鋼材を控えに使ったため、荷重がかかったとき約90m下に墜落した。","3","建設業","302","建築工事業","","","1~9","2","物上げ装置、運搬機械","21","動力クレーン等","","","1","墜落、転落"
"368","1992","平成","4","2","13~14","伐倒木を荷掛けし、集材機で荷上げ索を巻き上げたところ、引き戻し索のアンカーにしていた切株が根こそぎ抜け、引き戻し索と切株が激突した。","6","農林業","601","農業","","","1~9","2","物上げ装置、運搬機械","21","動力クレーン等","","","6","激突され"
"369","1992","平成","4","2","13~14","集金のため50ccバイクで客先へ向う途中、信号のない交差点で乗用車と出会い頭に衝突した。","8","商業","","","","","10~29","2","物上げ装置、運搬機械","23","乗物","","","17","交通事故（道路）"
"370","1992","平成","4","2","16~17","貨物駅構内において、荷の写真を撮影中、空のコンテナを積んだフォークリフト(最大荷重9500キログラム)が前進してきて激突された。","5","貨物取扱業","501","陸上貨物取扱業","","","1~9","2","物上げ装置、運搬機械","22","動力運搬機","","","7","はさまれ、巻き込まれ"
"371","1992","平成","4","2","17~18","移動式クレーンで杉原木をトラックに積み込む作業中、玉掛けに使用していた9ミリメートルのワイヤロープのアイが抜け、吊り荷が落下した。","4","運輸交通業","403","道路貨物運送業","","","10~29","3","その他の装置等","37","用具","","","4","飛来、落下"
"372","1992","平成","4","2","1~2","トラックの助手席に同乗して走行中、凍結した道路でスリップし、反対車線のガードレールに衝突し、その反動で自車線の橋の欄干に激突した際、路上に放り出された。","4","運輸交通業","403","道路貨物運送業","","","50~99","2","物上げ装置、運搬機械","22","動力運搬機","","","17","交通事故（道路）"
"373","1992","平成","4","2","3~4","車を運転中、道路上で信号待ちをしていたところ、対向車線を走行してきた乗用車が中央分離帯を乗り越え、衝突した。","4","運輸交通業","402","道路旅客運送業","","","100~299","2","物上げ装置、運搬機械","23","乗物","","","17","交通事故（道路）"
"374","1992","平成","4","2","6~7","徒歩で新聞配達中、ワゴン車にはね飛ばされた。","8","商業","","","","","10~29","2","物上げ装置、運搬機械","23","乗物","","","17","交通事故（道路）"
"375","1992","平成","4","2","9~10","護岸工事において橋台を製作後、両側に袖工(約4m×1m×厚さ30センチメートル、橋台とブロック積工の間に設けるもの)を作る作業中、袖工の型わくを解体したところ、袖工が後方に倒壊し当たった。","3","建設業","301","土木工事業","","","1~9","4","仮設物、建築物、構築物等","41","仮設物、建築物、構築物等","","","5","崩壊、倒壊"
"376","1992","平成","4","2","10~11","変電所内のバッテリー交換作業中、小型移動式クレーン(積載型)でバッテリーを吊り上げ旋回した際、クレーンのジブが特別高圧線(22000V)の電路に触れ、感電した。","4","運輸交通業","403","道路貨物運送業","","","30~49","2","物上げ装置、運搬機械","21","動力クレーン等","","","13","感電"
"377","1992","平成","4","2","11~12","自転車で集金業務中、交差点の横断歩道を渡っている際、右折してきたトラッククレーン車の前部に巻き込まれた。","9","金融・広告業","","","","","10~29","2","物上げ装置、運搬機械","22","動力運搬機","","","17","交通事故（道路）"
"378","1992","平成","4","2","11~12","河川の石積工事現場の川床で工事の写真を撮影後、アルミ製の梯子を上る際、下から4段目辺りから川床に墜落した。","3","建設業","301","土木工事業","","","1~9","3","その他の装置等","37","用具","","","1","墜落、転落"
"379","1992","平成","4","2","14~15","本社から事務所へ行く途中、センターラインを越え対向車線に飛び出し、4tトラックと正面衝突した。","3","建設業","301","土木工事業","","","1~9","2","物上げ装置、運搬機械","23","乗物","","","17","交通事故（道路）"
"380","1992","平成","4","2","14~15","出前先から50ccバイクで帰る途中、ダンプカーが一時停止の交差点で確認を怠り、はねられた。","14","接客娯楽業","","","","","1~9","2","物上げ装置、運搬機械","22","動力運搬機","","","17","交通事故（道路）"
"381","1992","平成","4","2","14~15","ゴルフ場建設工事現場内の立木の移植作業中、赤松(胸高直径30センチメートル)をバックホウで吊ったまま運転手が所用で離れたため代わって運転操作したところ、バックホウが横転し飛び降りたが下敷きになった。","3","建設業","301","土木工事業","","","1~9","1","動力機械","14","建設機械等","","","2","転倒"
"382","1992","平成","4","2","15~16","地下鉄建設工業現場において、地下約12m付近でコンクリート打設用ステージの解体作業中、手摺を取り外していたところ、6.7m下の床盤コンクリート上に墜落した。","3","建設業","301","土木工事業","","","10~29","4","仮設物、建築物、構築物等","41","仮設物、建築物、構築物等","","","1","墜落、転落"
"383","1992","平成","4","2","16~17","金段造金型加工用機械(スライス盤)の修理作業中、主軸(約1t)とブレーキ付き上下駆動用モーターを連結している歯車を外したところ、主軸が自重で下降し、主軸上部に取り付けてある端子ボックスとギアボックスに挟まれた。","1","製造業","115","輸送用機械等製造業","","","500~999","1","動力機械","16","一般動力機械","","","7","はさまれ、巻き込まれ"
"384","1992","平成","4","2","13~14","単管足場の解体作業において、建地の単管を外した際、4.58m下の地上に墜落した。","3","建設業","302","建築工事業","","","1~9","4","仮設物、建築物、構築物等","41","仮設物、建築物、構築物等","","","1","墜落、転落"
"385","1992","平成","4","2","15~16","上水道管を敷設後、手押しローラーで掘削溝を埋め戻して舗装するための締め固め作業中、現場にアスファルトを運搬して停車中のダンプカーに気付かずに後進したため、ローラーのハンドルとダンプカーの荷台の間に挟まれた。","3","建設業","301","土木工事業","","","1~9","1","動力機械","14","建設機械等","","","7","はさまれ、巻き込まれ"
"386","1992","平成","4","2","15~16","市道の側溝の工事中、道路の反対側に面した駐車場から発進したワゴン車が暴走し、跳ね飛ばされた。","3","建設業","301","土木工事業","","","10~29","2","物上げ装置、運搬機械","23","乗物","","","6","激突され"
"387","1992","平成","4","2","16~17","自社の重機建設機械整備工場において、同工場のスレート屋根のスレートを剥脱する作業中、屋根から7m下の地上に墜落した。","8","商業","","","","","10~29","4","仮設物、建築物、構築物等","41","仮設物、建築物、構築物等","","","1","墜落、転落"
"388","1992","平成","4","3","10~11","ダム取水口に設置してある柵に付着した流木等を取り除くためダム詰所で待機していたところ、雪崩によると思われる雪水が設計洪水位を7.5m超えて詰所に流入し、溺れた。","15","清掃・と畜業","","","","","1~9","7","環境等","71","環境等","","","10","おぼれ"
"389","1992","平成","4","3","6~7","バキューム車で走行中、中央分離帯を乗り越えてきた乗用車と正面衝突した。","15","清掃・と畜業","","","","","10~29","2","物上げ装置、運搬機械","22","動力運搬機","","","17","交通事故（道路）"
"390","1992","平成","4","3","10~11","ドラグショベルで溝(幅150センチメートル、深さ180センチメートル)を掘削し、配水用のパイプを設置していたとき、溝の側壁が崩壊した。","3","建設業","301","土木工事業","","","1~9","7","環境等","71","環境等","","","5","崩壊、倒壊"
"391","1992","平成","4","3","10~11","建築工事現場において、作業開始の前に、前日階段を取り外した地下室へ向かう通路に入り、当該階段の踊り場から3.1m下の地下室床上に墜落した。","3","建設業","302","建築工事業","","","1~9","4","仮設物、建築物、構築物等","41","仮設物、建築物、構築物等","","","1","墜落、転落"
"392","1992","平成","4","3","13~14","道路改良工事に伴う法面工事現場において、擁壁の型わく組立作業中、型わく内で作業をしていたところ、法面が崩壊し埋まった。","3","建設業","301","土木工事業","","","10~29","7","環境等","71","環境等","","","5","崩壊、倒壊"
"393","1992","平成","4","3","16~17","立体駐車場1階でターンテーブルの下に入り、旋回モーターのブレーキを解除する際、誤って昇降モーターのブレーキを解除したためターンテーブルが下がり、下部ブルボックス及びアングルに挟まれた。","3","建設業","302","建築工事業","","","1~9","2","物上げ装置、運搬機械","22","動力運搬機","","","7","はさまれ、巻き込まれ"
"394","1992","平成","4","3","16~17","ジブクレーンの門型架台のボルト締め作業中、高さ6.8mの架台上から地上へ墜落した。","3","建設業","303","その他の建設業","","","1~9","2","物上げ装置、運搬機械","21","動力クレーン等","","","1","墜落、転落"
"395","1992","平成","4","3","6~7","国道トンネルの掘削工事(工法NATM)において、切羽で鋼アーチ支保工の組立中、上部より岩石(約1.5t)が落下した。","3","建設業","301","土木工事業","","","10~29","7","環境等","71","環境等","","","4","飛来、落下"
"396","1992","平成","4","3","10~11","木造家屋の1階屋根部を解体作業中、高さ2.5mの屋根部から墜落した。","3","建設業","302","建築工事業","","","1~9","4","仮設物、建築物、構築物等","41","仮設物、建築物、構築物等","","","1","墜落、転落"
"397","1992","平成","4","3","10~11","粉粒体運搬車のタンクからセメントを搬入する(タンク後部から搬送管で大部分をセメントサイロに入れ、残りをタンクで持ち上げ搬入する)作業中、満載しているにもかかわらずタンクを持ち上げたため運搬車が横転し、下敷きになった。","4","運輸交通業","403","道路貨物運送業","","","10~29","2","物上げ装置、運搬機械","22","動力運搬機","","","6","激突され"
"398","1992","平成","4","3","10~11","歩道改修工事中、反対側の歩道に向かって歩いていたところ、給油のため停車していたタンクローリーが暴走し、はねられた。","3","建設業","301","土木工事業","","","1~9","2","物上げ装置、運搬機械","22","動力運搬機","","","17","交通事故（道路）"
"399","1992","平成","4","3","11~12","コルゲート用スタッカーの組立中、減速機のボルトを締めるため脚立足場を登ったところ、約3m下のコンクリート床に墜落した。","1","製造業","113","一般機械器具製造業","","","1~9","3","その他の装置等","37","用具","","","1","墜落、転落"
"400","1992","平成","4","3","13~14","倉庫において、天井クレーン(5.11t)で積み重ねた鉄板11枚(1枚:210キログラム)を吊り移動中、ハツカが外れて吊り荷が崩れ落ち下敷きになった。","8","商業","","","","","30~49","3","その他の装置等","37","用具","","","4","飛来、落下"
"401","1992","平成","4","3","14~15","集金のため乗用車で走行中、歩道のコンクリート製電柱に激突した。","8","商業","","","","","10~29","2","物上げ装置、運搬機械","23","乗物","","","17","交通事故（道路）"
"402","1992","平成","4","3","15~16","民有林の伐採作業中、伐倒した杉材(樹高29.9m)が先に伐倒した立木(26.7m)の上に倒れ、下になった木がバウンドし、激突された。","6","農林業","601","農業","","","1~9","7","環境等","71","環境等","","","6","激突され"
"403","1992","平成","4","3","15~16","休憩時間に暖をとるため廃材を入れたドラム缶にポリタンクのガソリンをかけ着火したが、着かなかったため再度ガソリンをかけたところ急に燃え上がり、同僚がポリタンクを投げ出したためガソリンを浴び、火傷した。","3","建設業","302","建築工事業","","","10~29","5","物質、材料","51","危険物、有害物等","","","16","火災"
"404","1992","平成","4","3","15~16","フォークリフト(1.1t)で国道を走行中、1.5m下の水田にフォークリフトとともに転落し、その下敷きになった。","1","製造業","101","食料品製造業","","","10~29","2","物上げ装置、運搬機械","22","動力運搬機","","","1","墜落、転落"
"405","1992","平成","4","3","17~18","倉庫内の飼料袋(約500キログラム)をトラック積載型クレーン(つり上げ荷重2.9t)で荷台に積み込む作業中、4段にはい積みされている飼料袋のうち上2段が崩壊し、飼料袋との間に挟まれた。","4","運輸交通業","403","道路貨物運送業","","","10~29","6","荷","61","荷","","","5","崩壊、倒壊"
"406","1992","平成","4","3","6~7","自転車で新聞配達中、町道でハンドル操作を誤り、側溝に脱輪して前方に飛ばされ、コンクリート製の側溝蓋で頭部を強打した。","8","商業","","","","","10~29","3","その他の装置等","36","人力機械工具等","","","17","交通事故（道路）"
"407","1992","平成","4","3","10~11","水産工場内において、エレベータで「いかなご」を運搬中、エレベータが停止したとき、そのはずみで搬器から2m下に墜落した。","1","製造業","101","食料品製造業","","","1~9","2","物上げ装置、運搬機械","21","動力クレーン等","","","1","墜落、転落"
"408","1992","平成","4","3","15~16","下水道管埋設のため溝(幅110、深さ190センチメートル)に入り、管の位置合わせ作業中、側壁の土砂が崩壊した。","3","建設業","301","土木工事業","","","10~29","7","環境等","71","環境等","","","5","崩壊、倒壊"
"409","1992","平成","4","3","15~16","スクラッププレスでスクラップ材の成形作業中、スクラッププレスに挟まれた。","1","製造業","110","鉄鋼業","","","10~29","1","動力機械","16","一般動力機械","","","7","はさまれ、巻き込まれ"
"410","1992","平成","4","3","20~21","構内洗浄線で清掃作業中、電車にひかれた。","15","清掃・と畜業","","","","","30~49","2","物上げ装置、運搬機械","23","乗物","","","18","交通事故（その他）"
"411","1992","平成","4","3","5~6","現場にダンプカーで砕石を運搬後、帰路途中の高速道路でスリップして中央分離帯に接触し、そのはずみで道路の反対側に飛ばされ、道路より9m下に転落した。","4","運輸交通業","403","道路貨物運送業","","","10~29","2","物上げ装置、運搬機械","22","動力運搬機","","","17","交通事故（道路）"
"412","1992","平成","4","3","8~9","事業場内の重機置場において、11tトラックにブルドーザーを積み込む作業中、運転を誤り路肩からブルドーザーとともに転落した。","3","建設業","301","土木工事業","","","10~29","1","動力機械","14","建設機械等","","","1","墜落、転落"
"413","1992","平成","4","3","8~9","構内において、ハンドリフターでプラスチック材料を運搬中、10tトラックがバックしてくるのに気付かず、トラックの後輪にひかれた。","1","製造業","108","化学工業","","","50~99","2","物上げ装置、運搬機械","22","動力運搬機","","","7","はさまれ、巻き込まれ"
"414","1992","平成","4","3","8~9","10tトラックで建設機械を輸送中、工事現場の専用道路脇から建設機械とともに3m下の谷へ転落した。坂道でトラックが上がれず、建設機械をトラックより降ろしていたものと思われる。","4","運輸交通業","403","道路貨物運送業","","","10~29","1","動力機械","14","建設機械等","","","1","墜落、転落"
"415","1992","平成","4","3","13~14","融資相談のため依頼主の友人宅アパートで話し合い後、アパートを出た際、出入口付近で転倒し頭部を強打した。","17","その他の事業","","","","","10~29","4","仮設物、建築物、構築物等","41","仮設物、建築物、構築物等","","","2","転倒"
"416","1992","平成","4","3","14~15","医療検査用の検体収集のため国道を走行中、交差点で対向車と正面衝突した。","13","保健・衛生業","","","","","30~49","2","物上げ装置、運搬機械","23","乗物","","","17","交通事故（道路）"
"417","1992","平成","4","3","9~10","依頼先の床を清掃作業中、古いワックスを剥離するために洗剤を塗布した床面を歩行中、滑って転倒した。","15","清掃・と畜業","","","","","10~29","4","仮設物、建築物、構築物等","41","仮設物、建築物、構築物等","","","2","転倒"
"418","1992","平成","4","3","11~12","1階エレベータピットまわりのコンクリートをバールではつり作業中、バランスを崩し、5.45m下の地階エレベータピット内に墜落した。","3","建設業","302","建築工事業","","","1~9","4","仮設物、建築物、構築物等","41","仮設物、建築物、構築物等","","","1","墜落、転落"
"419","1992","平成","4","3","12~13","建設現場で、2tダンプトラックが動けなくなりバックホウでトラックを引き出し、ワイヤロープを外そうとしたところトラックがバックし、トラックの後部とバックホウのアームに挟まれた。","3","建設業","302","建築工事業","","","1~9","2","物上げ装置、運搬機械","22","動力運搬機","","","7","はさまれ、巻き込まれ"
"420","1992","平成","4","3","13~14","丸太足場に取り付けてある飛散防止用シートの取り外し作業中、足を滑らせ、足場から約3.2m下に墜落した。","3","建設業","302","建築工事業","","","1~9","4","仮設物、建築物、構築物等","41","仮設物、建築物、構築物等","","","1","墜落、転落"
"421","1992","平成","4","3","14~15","一人で資料倉庫内で資料の整理中、台所に備え付けてある電気調理器にスイッチが入り、それが元で出火し、部屋に煙が充満して一酸化炭素中毒になった。","17","その他の事業","","","","","1~9","3","その他の装置等","35","電気設備","","","12","有害物等との接触"
"422","1992","平成","4","3","14~15","14階建てマンションの1番上の屋根部のコンクリートを打設後、コンクリートを均す作業中、型わくが抜けコンクリート等が落下し当たった。","3","建設業","302","建築工事業","","","10~29","4","仮設物、建築物、構築物等","41","仮設物、建築物、構築物等","","","5","崩壊、倒壊"
"423","1992","平成","4","3","14~15","14階建てマンションの1番上の屋根部のコンクリートを打設後、コンクリートを均す作業中、型わくが抜けコンクリート等が落下し当たった。","3","建設業","302","建築工事業","","","10~29","4","仮設物、建築物、構築物等","41","仮設物、建築物、構築物等","","","5","崩壊、倒壊"
"424","1992","平成","4","3","17~18","うまと枠組足場との間に掛けた足場板上(高さ3.5m)でシャッターの取付作業中、足場板が未緊結のため外れ、足場板とともに墜落した。","3","建設業","302","建築工事業","","","1~9","4","仮設物、建築物、構築物等","41","仮設物、建築物、構築物等","","","1","墜落、転落"
"425","1992","平成","4","3","18~19","作業後、新築工事現場より自転車で帰社する途中、道路を横断していたところ、乗用車にはねられた。","3","建設業","302","建築工事業","","","1~9","2","物上げ装置、運搬機械","23","乗物","","","17","交通事故（道路）"
"426","1992","平成","4","3","11~12","10tトラックで原木を運搬し、荷卸のためトラックのステッキを外していたところ、ワイヤロープで結束されていた原木が崩れ落ち、原木と原木の間に挟まれた。","4","運輸交通業","403","道路貨物運送業","","","10~29","5","物質、材料","52","材料","","","5","崩壊、倒壊"
"427","1992","平成","4","3","11~12","2.93t積載型トラッククレーンに木材を積み終え、アウトリガーを収納中、坂道のため前進し始めたトラックを止めようとしたができず、トラックとともに谷へ転落した。","1","製造業","104","木材・木製品製造業","","","10~29","2","物上げ装置、運搬機械","21","動力クレーン等","","","1","墜落、転落"
"428","1992","平成","4","3","13~14","工事終了後、次の作業現場へライトバンで向う途中、交差点で左側から走行してきた乗用車と衝突した。","3","建設業","303","その他の建設業","","","10~29","2","物上げ装置、運搬機械","23","乗物","","","17","交通事故（道路）"
"429","1992","平成","4","3","14~15","道路上で地固め機の移動中、後方からバックしてきた4tダンプカーに激突された。","3","建設業","301","土木工事業","","","1~9","2","物上げ装置、運搬機械","22","動力運搬機","","","6","激突され"
"430","1992","平成","4","3","14~15","木造2階建て住宅の新築工事において、地上6.3mの梁上を木材を持って移動中、墜落した。","3","建設業","302","建築工事業","","","10~29","4","仮設物、建築物、構築物等","41","仮設物、建築物、構築物等","","","1","墜落、転落"
"431","1992","平成","4","3","15~16","ナット自動供給装置のバケット稼動範囲内に頭部を入れたところ、自動運転中のバケットが上昇し、枠材との間に挟まれた。","1","製造業","112","金属製品製造業","","","10~29","2","物上げ装置、運搬機械","21","動力クレーン等","","","7","はさまれ、巻き込まれ"
"432","1992","平成","4","3","15~16","配線作業のためケーブルラック上を移動中、高さ6.4mのラック上から墜落した。","3","建設業","303","その他の建設業","","","10~29","4","仮設物、建築物、構築物等","41","仮設物、建築物、構築物等","","","1","墜落、転落"
"433","1992","平成","4","3","16~17","洗浄排水地下ピットのスラッジ清掃作業中、バキュームカーのポンプが詰まり、スラッジを取り除くため同僚がピット内に入ったところ倒れ、救助するためピット内に入り、同僚の体に救助用ロープを巻いた後、酸欠で倒れた。","15","清掃・と畜業","","","","","50~99","5","物質、材料","51","危険物、有害物等","","","12","有害物等との接触"
"434","1992","平成","4","3","19~20","鋼管取付工事において、円周等研磨作業の補助のため鋼管を保持中、移動式クレーン(4.9t)で吊っていた鋼管が落下し、既設の鋼管との間に挟まれた。","3","建設業","301","土木工事業","","","1~9","2","物上げ装置、運搬機械","21","動力クレーン等","","","7","はさまれ、巻き込まれ"
"435","1992","平成","4","3","1~2","道路工事現場内で交通誘導中、普通乗用車にひき逃げされ、更に対向車にはねられた。","17","その他の事業","","","","","30~49","2","物上げ装置、運搬機械","23","乗物","","","17","交通事故（道路）"
"436","1992","平成","4","3","6~7","配管(8t)の取付作業において、炉心より配管を吊り、吊りフック部分を高炉周囲の9階架台にワイヤで横引きして固定し、8階で麻ロープを使い配管を手繰り寄せていたところ、架台部分のワイヤが切れ、振り戻された配管とともに引き出され、30m下に墜落した。","3","建設業","303","その他の建設業","","","10~29","4","仮設物、建築物、構築物等","41","仮設物、建築物、構築物等","","","1","墜落、転落"
"437","1992","平成","4","3","8~9","木造家屋新築工事において、下屋根上(高さ3.5m)で瓦葺き作業中、墜落した。","3","建設業","302","建築工事業","","","10~29","4","仮設物、建築物、構築物等","41","仮設物、建築物、構築物等","","","1","墜落、転落"
"438","1992","平成","4","3","15~16","水深20mの海中でタイラギ貝の採取中、潜水具のインターホンを通して救助を求めてきたので命綱を引き上げたところ、姿はなく潜水ヘルメットと服だけだった。鮫に襲われたものと推定される。","7","畜産・水産業","","","","","10~29","7","環境等","71","環境等","","","90","その他"
"439","1992","平成","4","3","13~14","坑道掘削現場において、穿孔機で穿孔作業中、左側壁から石(1.8t)が落下し、穿孔機の横にいて石と穿孔機の間に挟まれた。","2","鉱業","203","その他の鉱業","","","30~49","7","環境等","71","環境等","","","5","崩壊、倒壊"
"440","1992","平成","4","3","14~15","法面上方でシート養生作業中、バランスを崩し近くにあった石灯篭につかまったが、灯篭とともに転落した。","3","建設業","301","土木工事業","","","1~9","7","環境等","71","環境等","","","1","墜落、転落"
"441","1992","平成","4","3","17~18","シャッター取替工事において、小型移動式クレーン(2.9t)でシャッターの心棒(100キログラム)を1本吊りし、心棒の両端に設置してある枠組足場上(3.6m)で縁切り作業中、心棒が外れて足場に当たり、その反動で足場が倒れ墜落した。","3","建設業","302","建築工事業","","","30~49","4","仮設物、建築物、構築物等","41","仮設物、建築物、構築物等","","","5","崩壊、倒壊"
"442","1992","平成","4","3","22~23","射出成形機による扇風機羽根自動生産ラインにおいて、成形機外部カバーと製品の自動取出機のチャック部の間に挟まれた。","1","製造業","114","電気機械器具製造業","","","300~499","2","物上げ装置、運搬機械","22","動力運搬機","","","7","はさまれ、巻き込まれ"
"443","1992","平成","4","3","23~24","まき網漁終了後、ロープ(径40ミリメートル、長さ300m)を巻上機械で巻き上げ中、ローラーに巻き込まれた。","7","畜産・水産業","","","","","10~29","3","その他の装置等","39","その他の装置、設備","","","7","はさまれ、巻き込まれ"
"444","1992","平成","4","3","4~5","大型トラックで高速道路を走行中、強雨の中を120~130キロメートルで乗用車2台を追い越した後、右車線から左車線の壁に激突し、車外に放り出された。","4","運輸交通業","403","道路貨物運送業","","","1~9","2","物上げ装置、運搬機械","22","動力運搬機","","","17","交通事故（道路）"
"445","1992","平成","4","3","5~6","工事現場へ向うため会社所有のワゴン車で県道を走行中、中央分離帯を乗り越え、反対車線のダンプカーと正面衝突した。","3","建設業","301","土木工事業","","","10~29","2","物上げ装置、運搬機械","22","動力運搬機","","","17","交通事故（道路）"
"446","1992","平成","4","3","5~6","工事現場へ向うため会社所有のワゴン車で県道を走行中、中央分離帯を乗り越え、反対車線のダンプカーと正面衝突した。","3","建設業","301","土木工事業","","","10~29","2","物上げ装置、運搬機械","23","乗物","","","17","交通事故（道路）"
"447","1992","平成","4","3","5~6","徒歩で朝刊配達中、国道を横断する際、新聞配送中のトラックにはねられた。","8","商業","","","","","30~49","2","物上げ装置、運搬機械","22","動力運搬機","","","17","交通事故（道路）"
"448","1992","平成","4","3","5~6","工事現場へ向うため会社所有のワゴン車で県道を走行中、中央分離帯を乗り越え、反対車線のダンプカーと正面衝突した。","3","建設業","301","土木工事業","","","10~29","2","物上げ装置、運搬機械","23","乗物","","","17","交通事故（道路）"
"449","1992","平成","4","3","5~6","工事現場へ向うため会社所有のワゴン車で県道を走行中、中央分離帯を乗り越え、反対車線のダンプカーと正面衝突した。","3","建設業","301","土木工事業","","","10~29","2","物上げ装置、運搬機械","23","乗物","","","17","交通事故（道路）"
"450","1992","平成","4","3","7~8","10tトラックに原木を積み国道を走行中、対向してきた4tダンプカーがスリップし、横向きになったため衝突した。","4","運輸交通業","403","道路貨物運送業","","","10~29","2","物上げ装置、運搬機械","22","動力運搬機","","","17","交通事故（道路）"
"451","1992","平成","4","3","9~10","公道上でトラッククレーンの後進を誘導中、トラッククレーンにひかれた。","17","その他の事業","","","","","30~49","2","物上げ装置、運搬機械","21","動力クレーン等","","","17","交通事故（道路）"
"452","1992","平成","4","3","10~11","国道を横断して通信ケーブル(0.9×5P)の延線工事中、予め延線していたパイロットロープ(長さ200m)の先に通信ケーブルを取り付け、ウインチ車で巻き取る際、国道を走行中の大型ダンプのアンテナがケーブルと接触し、その反動で左手にロープが絡み体ごとウインチ車に激突した。","3","建設業","303","その他の建設業","","","1~9","2","物上げ装置、運搬機械","22","動力運搬機","","","3","激突"
"453","1992","平成","4","3","4~5","80ccバイクで朝刊配達中、信号機の無い交差点で普通乗用車と衝突し、そのはずみで側壁に激突した。","8","商業","","","","","30~49","2","物上げ装置、運搬機械","23","乗物","","","17","交通事故（道路）"
"454","1992","平成","4","3","4~5","自転車で新聞配達中、対向してきたトラックにはねられた。","8","商業","","","","","10~29","2","物上げ装置、運搬機械","22","動力運搬機","","","17","交通事故（道路）"
"455","1992","平成","4","3","5~6","出張のため自家用車で駅に向う途中、交差点で信号柱に衝突した。","8","商業","","","","","50~99","2","物上げ装置、運搬機械","23","乗物","","","17","交通事故（道路）"
"456","1992","平成","4","3","15~16","構内充填所で、フロン1331の入っているボンベに窒素を加圧して充填する際、ボンベが破裂し当たった。","8","商業","","","","","50~99","3","その他の装置等","31","圧力容器","","","15","破裂"
"457","1992","平成","4","3","16~17","工事現場において、両岸取付部の舗装工事のためモーターグレーダーを両岸交互に移動し、右岸管理道路を走行移動中、河川側約2~2.5m下に転落した。","3","建設業","301","土木工事業","","","1~9","1","動力機械","14","建設機械等","","","1","墜落、転落"
"458","1992","平成","4","3","16~17","スレート屋根の修理作業中、スレートを踏み抜き墜落した。","3","建設業","302","建築工事業","","","10~29","4","仮設物、建築物、構築物等","41","仮設物、建築物、構築物等","","","1","墜落、転落"
"459","1992","平成","4","3","17~18","フェリーの船内において、乗船する車両の誘導作業中、トレーラーにひかれた。","5","貨物取扱業","502","港湾運送業","","","100~299","2","物上げ装置、運搬機械","22","動力運搬機","","","6","激突され"
"460","1992","平成","4","3","8~9","倉庫で同僚と鋼材加工機(400キログラム、高さ1.5m)を運搬中、同機械の下に付いているキャスターが出入口の段差に引っかかって前方に倒れ、下敷きになった。","8","商業","","","","","10~29","6","荷","61","荷","","","6","激突され"
"461","1992","平成","4","3","9~10","丸太(1t)を製材するため、フォークリフトで工場内に運搬しチェーンブロックに玉掛けする際、フォークリフトから丸太が落下し、下敷きになった。","1","製造業","104","木材・木製品製造業","","","1~9","5","物質、材料","52","材料","","","6","激突され"
"462","1992","平成","4","3","9~10","船(15813t)のハッチで原木の積み出し作業中、足を滑らせ原木の隙間から約7m下の船底へ墜落した。","5","貨物取扱業","502","港湾運送業","","","10~29","5","物質、材料","52","材料","","","1","墜落、転落"
"463","1992","平成","4","3","16~17","工場内の倉庫において、サイドクランプ式のフォークリフトで原綿(1俵250キログラム)のはい付け作業中、はいが崩壊して下敷きになった。","1","製造業","102","繊維工業","","","100~299","6","荷","61","荷","","","5","崩壊、倒壊"
"464","1992","平成","4","3","16~17","資材倉庫内において、定温庫上部から農機具(ビート苗移植機)を卸すため定温庫上に上がり、トラクターショベルのバケットに当該農機具を乗せようとした際バランスを崩し、3.2m下のコンクリート床に墜落した。","6","農林業","602","林業","","","1~9","4","仮設物、建築物、構築物等","41","仮設物、建築物、構築物等","","","1","墜落、転落"
"465","1992","平成","4","3","21~22","タクシーで片側一車線の道路を走行中、普通乗用車がトラックを追い越すため対向車線に出て追い越したがハンドル操作を誤り、左側ガードレールに接触し再び対向車線に出たため、正面衝突した。","4","運輸交通業","402","道路旅客運送業","","","300~499","2","物上げ装置、運搬機械","23","乗物","","","17","交通事故（道路）"
"466","1992","平成","4","3","7~8","工事に使用する機材(水抜パイプ)を車に積み込む準備作業中、倉庫内で転倒し腹部を強打した。","3","建設業","301","土木工事業","","","10~29","4","仮設物、建築物、構築物等","41","仮設物、建築物、構築物等","","","2","転倒"
"467","1992","平成","4","3","7~8","群馬工場に出張中、従業員用住宅の大家根の外壁塗装作業のため小屋根上を移動中、足を滑らせ2.8m下に墜落した。","1","製造業","109","窯業土石製品製造業","","","30~49","4","仮設物、建築物、構築物等","41","仮設物、建築物、構築物等","","","1","墜落、転落"
"468","1992","平成","4","3","9~10","高さ約8mの地山の軟岩をドラグショベルで掘削中、地山が崩れドラグショベルが軟岩に半分ほど埋まり、キャビンが潰れて挟まれた。","2","鉱業","202","土石採取業","","","30~49","7","環境等","71","環境等","","","5","崩壊、倒壊"
"469","1992","平成","4","3","9~10","10tダンプトラックで砂利を運搬中、緩い下り坂のカーブでガードレールを突き破り、約1.3m下へ転落した。","4","運輸交通業","403","道路貨物運送業","","","1~9","2","物上げ装置、運搬機械","22","動力運搬機","","","17","交通事故（道路）"
"470","1992","平成","4","3","10~11","伐倒木の枝打作業中、上方にあった木が落下し、直撃した。","6","農林業","601","農業","","","1~9","7","環境等","71","環境等","","","4","飛来、落下"
"471","1992","平成","4","3","10~11","ブロック積みのコンクリート打設のため、ドラグショベルのバケットを逆向きに着け替えコンクリートを入れて打設中、同僚が通行車に気を取られ、その際操作レバーに手が触れてバケットが動き、バケットと法面に挟まれた。","3","建設業","301","土木工事業","","","1~9","1","動力機械","14","建設機械等","","","7","はさまれ、巻き込まれ"
"472","1992","平成","4","3","11~12","新築建物の屋根上でルーフファン設置の準備作業中、ルーフファン用の開口部から約30m下の床面に墜落した。","3","建設業","302","建築工事業","","","10~29","4","仮設物、建築物、構築物等","41","仮設物、建築物、構築物等","","","1","墜落、転落"
"473","1992","平成","4","3","11~12","杉立木をチェーンソーで伐倒中、台風で倒れ同立木のかかり木になっていた檜が倒れ、下敷きになった。","6","農林業","601","農業","","","1~9","7","環境等","71","環境等","","","6","激突され"
"474","1992","平成","4","3","11~12","高速道路トンネル内で電話ボックスの取付作業中、規制中の走行車線から中央分離帯へ渡ろうとして乗用車にはねられた。","3","建設業","303","その他の建設業","","","1~9","2","物上げ装置、運搬機械","23","乗物","","","17","交通事故（道路）"
"475","1992","平成","4","3","21~22","地熱発電プラントを調査中、3日前に開放されていた気水分離器のマンホールから中に入ったが、2~3分後倒れているのを発見された。","12","教育・研究業","","","","","300~499","5","物質、材料","51","危険物、有害物等","","","12","有害物等との接触"
"476","1992","平成","4","3","10~11","2階建て木造住宅の建方工事において、2階床面の桁梁上でクレーンに吊られた小屋梁を取付作業中、桁上から3.75m下の土間コンクリート上に墜落した。","3","建設業","302","建築工事業","","","1~9","4","仮設物、建築物、構築物等","41","仮設物、建築物、構築物等","","","1","墜落、転落"
"477","1992","平成","4","3","10~11","建柱車に搭載のクレーン(つり上げ荷重2.9t)で夜間照明用コンクリート製支柱(長さ10m、約800キログラム)を高さ5.5mの土手の上方から降ろしたところ、支柱が当たった。","3","建設業","303","その他の建設業","","","1~9","2","物上げ装置、運搬機械","21","動力クレーン等","","","6","激突され"
"478","1992","平成","4","3","14~15","貨物船より木材の荷揚げ作業中、揚貨装置で7本の木材を1m程度吊り上げたところ、端掛用スリングが切れて荷が落下し、激突した。","5","貨物取扱業","502","港湾運送業","","","30~49","3","その他の装置等","37","用具","","","4","飛来、落下"
"479","1992","平成","4","3","15~16","移動式クレーンに吊り下げられた鉄骨製の作業床に乗り、堰堤壁面の型わくの解体作業中、堰堤と作業床の間にできた隙間から約8m下に墜落した。","3","建設業","301","土木工事業","","","1~9","3","その他の装置等","37","用具","","","1","墜落、転落"
"480","1992","平成","4","3","21~22","試運転中の船内において、プロペラシャフトに巻き込まれた。","1","製造業","115","輸送用機械等製造業","","","500~999","1","動力機械","12","動力伝導機構","","","7","はさまれ、巻き込まれ"
"481","1992","平成","4","3","8~9","新築工事における建前工事で、桁の組み立て作業中、組合せがかたいため鋸目を入れようとした際、高さ4.5mから転落した。","3","建設業","302","建築工事業","","","1~9","4","仮設物、建築物、構築物等","41","仮設物、建築物、構築物等","","","1","墜落、転落"
"482","1992","平成","4","3","16~17","鉄骨造3階建ての鉄骨建方終了後、3階スラブ梁上で柱のひずみの確認作業を行い、その後片付け中、7m下の車道に墜落した。","3","建設業","302","建築工事業","","","1~9","4","仮設物、建築物、構築物等","41","仮設物、建築物、構築物等","","","1","墜落、転落"
"483","1992","平成","4","3","16~17","バックホウで河床の整地作業中、河床流水部を移動していたところ深みにはまり、バックホウが運転席側へ横転し、運転席が水没して溺死した。","3","建設業","301","土木工事業","","","1~9","1","動力機械","14","建設機械等","","","10","おぼれ"
"484","1992","平成","4","3","5~6","徒歩で新聞配達中、県道を横断した際、乗用車にはねられた。","8","商業","","","","","10~29","2","物上げ装置、運搬機械","23","乗物","","","17","交通事故（道路）"
"485","1992","平成","4","3","6~7","チップを運搬するため11tトラックで国道を走行中、対向車のトレーラーが前方の乗用車がブレーキを掛けたことからブレーキを掛けたところ、スリップして対向車線にはみ出し、衝突した。","4","運輸交通業","403","道路貨物運送業","","","100~299","2","物上げ装置、運搬機械","22","動力運搬機","","","17","交通事故（道路）"
"486","1992","平成","4","3","8~9","水深12~13m付近のコンクリートブロックまで潜水した際、漁のためのさし網に絡まって浮上できず窒息した。","3","建設業","301","土木工事業","","","1~9","7","環境等","71","環境等","","","10","おぼれ"
"487","1992","平成","4","3","9~10","タイヤローラーで転圧作業中、斜面を17m後退し、U字溝を吊った状態で停車していたドラグショベルに激突した。","3","建設業","301","土木工事業","","","1~9","1","動力機械","14","建設機械等","","","3","激突"
"488","1992","平成","4","3","10~11","軽乗用車で文具を配達中、交差点で右折する際、駐車中の車に接触し、その弾みで電柱に激突した。","8","商業","","","","","10~29","2","物上げ装置、運搬機械","23","乗物","","","17","交通事故（道路）"
"489","1992","平成","4","3","11~12","高架橋橋脚新設工事現場において、橋脚外周部に設置している単管足場(スリーSシステム:横19m、高さ25m)上で躯体表面の清掃作業中、突然足場が約6m沈下したため橋脚下部の水中に墜落し、溺死した。","3","建設業","301","土木工事業","","","1~9","4","仮設物、建築物、構築物等","41","仮設物、建築物、構築物等","","","1","墜落、転落"
"490","1992","平成","4","3","16~17","社屋・冷凍庫新築工事中、杭打機の支柱となる継リーダーを架台(2台)上に載せて組み立てる際、架台1台の地盤が緩んでいたため傾き、架台上の継リーダ及びステーが落下し激突された。","3","建設業","302","建築工事業","","","1~9","1","動力機械","14","建設機械等","","","6","激突され"
"491","1992","平成","4","3","6~7","10tトラックで荷の運搬中、センターラインを越えてきたダンプカーと正面衝突した。","4","運輸交通業","403","道路貨物運送業","","","50~99","2","物上げ装置、運搬機械","22","動力運搬機","","","17","交通事故（道路）"
"492","1992","平成","4","3","8~9","高速道路を乗用車で走行中、車両160台を巻き込む玉突事故に遭った。","8","商業","","","","","1~9","2","物上げ装置、運搬機械","23","乗物","","","17","交通事故（道路）"
"493","1992","平成","4","3","9~10","舗装工事の竣工検査のために使用するピンをセンターライン上に打ち込む作業中、大型トラックにはねられた。","3","建設業","301","土木工事業","","","10~29","2","物上げ装置、運搬機械","22","動力運搬機","","","17","交通事故（道路）"
"494","1992","平成","4","3","10~11","バックホウで既設のコンクリートブロック造擁壁と敷地の間の窪みに砂利を埋め立てる作業中、バックホウとともに約5m下の池に転落し、下敷きになった。","3","建設業","301","土木工事業","","","1~9","1","動力機械","14","建設機械等","","","1","墜落、転落"
"495","1992","平成","4","3","11~12","水道管布設のため掘削した穴の中で鋼管の溶接作業中、地山が崩壊し鋼矢板が倒れ、鋼矢板と鋼管の間に挟まれた。","3","建設業","301","土木工事業","","","1~9","7","環境等","71","環境等","","","5","崩壊、倒壊"
"496","1992","平成","4","3","11~12","トラックで配達後、道路右側にあるガソリンスタンドに入るため道路中央付近で待機していたところ、後方からトラックに追突され、道路左側の会社事務所へ突っ込んだ。","8","商業","","","","","1~9","2","物上げ装置、運搬機械","22","動力運搬機","","","17","交通事故（道路）"
"497","1992","平成","4","3","13~14","道板を利用してトラックにパワーショベル(1.2t)を積み込もうとしたところ、道板がトラックに確実に取り付けられておらず、片方の道板が外れてパワーショベルが横転し、そばにいた被災者が下敷きになった。","3","建設業","303","その他の建設業","","","1~9","4","仮設物、建築物、構築物等","41","仮設物、建築物、構築物等","","","6","激突され"
"498","1992","平成","4","3","14~15","高さ25mの天井クレーンのレールウェイ上で、レールの取付ボルトの交換作業中、移動してきたクレーンに激突された。","3","建設業","303","その他の建設業","","","不明","2","物上げ装置、運搬機械","21","動力クレーン等","","","6","激突され"
"499","1992","平成","4","3","22~23","トラックで国道を走行中、センターラインを越えてきた大型トレーラーと正面衝突した。","4","運輸交通業","403","道路貨物運送業","","","50~99","2","物上げ装置、運搬機械","22","動力運搬機","","","17","交通事故（道路）"
"500","1992","平成","4","3","22~23","10tトラック2台で走行中、前のトラックが反対車線のトレーラーと正面衝突し、追従していたトラックも前車に追突した。","4","運輸交通業","403","道路貨物運送業","","","30~49","2","物上げ装置、運搬機械","22","動力運搬機","","","17","交通事故（道路）"
"501","1992","平成","4","3","22~23","10tトラック2台で走行中、前のトラックが反対車線のトレーラーと正面衝突し、追従していたトラックも前車に追突した。","4","運輸交通業","403","道路貨物運送業","","","30~49","2","物上げ装置、運搬機械","22","動力運搬機","","","17","交通事故（道路）"
"502","1992","平成","4","3","5~6","乳製品の仕入れ後、会社のトラックで帰社する途中、反対車線にはみ出し電柱に衝突した。","8","商業","","","","","1~9","2","物上げ装置、運搬機械","22","動力運搬機","","","17","交通事故（道路）"
"503","1992","平成","4","3","5~6","構内において、移動中の10tタンクローリーの左後輪に巻き込まれた。","4","運輸交通業","403","道路貨物運送業","","","10~29","2","物上げ装置、運搬機械","22","動力運搬機","","","7","はさまれ、巻き込まれ"
"504","1992","平成","4","3","10~11","鉄骨造3階建て店舗兼住宅新築工事現場において、単管ブラケット足場の解体作業中、足場上から約4m下の地上に墜落した。","3","建設業","302","建築工事業","","","1~9","4","仮設物、建築物、構築物等","41","仮設物、建築物、構築物等","","","1","墜落、転落"
"505","1992","平成","4","3","10~11","倉庫内において、フォークリフト(アームクレーン)ではい付け作業中、フォークリフトのアタッチメントに乗り、倉庫内の仕切壁をバックで通過した際、仕切壁とクレーンアームに挟まれた。","8","商業","","","","","1~9","2","物上げ装置、運搬機械","22","動力運搬機","","","7","はさまれ、巻き込まれ"
"506","1992","平成","4","3","12~13","気分が悪くなったため会合を途中退席し、乗用車で国道を走行中、センターラインを越え、対向してきた乗用車とトラックに衝突した。","8","商業","","","","","30~49","2","物上げ装置、運搬機械","23","乗物","","","17","交通事故（道路）"
"507","1992","平成","4","3","13~14","牧場で豚の糞尿清掃中、糞尿を堆肥舎へ運搬するスクリューコンベヤーの溝に挟まれた。","7","畜産・水産業","","","","","100~299","2","物上げ装置、運搬機械","22","動力運搬機","","","7","はさまれ、巻き込まれ"
"508","1992","平成","4","3","15~16","L型コンクリート擁壁(3.5×2.1、幅1.5m、3t)を据え付け作業中、移動式クレーン(つり上げ荷重45t)で擁壁を吊り上げ旋回したところ、擁壁の吊り金具の1本が切断し、擁壁が接触して倒れ、更に擁壁が頭部を強打した。","1","製造業","109","窯業土石製品製造業","","","1~9","5","物質、材料","52","材料","","","4","飛来、落下"
"509","1992","平成","4","3","16~17","工場のスレート屋根上で雨漏りの修理中、スレートを踏み抜き4m下のコンクリート床に墜落した。","1","製造業","110","鉄鋼業","","","30~49","4","仮設物、建築物、構築物等","41","仮設物、建築物、構築物等","","","1","墜落、転落"
"510","1992","平成","4","3","17~18","発泡スチロール成形機内において、金型(33キログラム)の取り外し作業中、金型を両手で持ったとき、足場にしていたスライド板がロックされていなかったため前方へ移動し、そのはずみで金型とともに2.7m下へ墜落した。","1","製造業","108","化学工業","","","30~49","1","動力機械","16","一般動力機械","","","1","墜落、転落"
"511","1992","平成","4","3","8~9","工事現場の周囲を囲んだビニールシートを外すためスレート屋根上を歩行中、スレートを踏み抜き、約3m下の階段に墜落した。","3","建設業","302","建築工事業","","","10~29","4","仮設物、建築物、構築物等","41","仮設物、建築物、構築物等","","","1","墜落、転落"
"512","1992","平成","4","3","16~17","外部足場を撤去後の鉄筋コンクリート3階建宿舎の屋上から、テレビのアンテナを写真撮影しようとして、9.69m下の吹き抜け部分の床へ転落した。","3","建設業","303","その他の建設業","","","30~49","4","仮設物、建築物、構築物等","41","仮設物、建築物、構築物等","","","1","墜落、転落"
"513","1992","平成","4","3","5~6","10t冷凍車で荷を配送中、信号待ちで停車していた大型トレーラーに追突した。","4","運輸交通業","403","道路貨物運送業","","","100~299","2","物上げ装置、運搬機械","22","動力運搬機","","","17","交通事故（道路）"
"514","1992","平成","4","3","7~8","防波堤工事において、前日に組んだ波返し用の型わくにコンクリートを打設する準備中、海面から高さ2mの防波堤より海中に墜落した。","3","建設業","301","土木工事業","","","1~9","4","仮設物、建築物、構築物等","41","仮設物、建築物、構築物等","","","1","墜落、転落"
"515","1992","平成","4","3","17~18","10段積みブロック塀を6段にするためカッターで横に切断後、台の上に乗ってブロック塀を押さえていたところ、ブロック塀が崩壊し、下敷きになった。","3","建設業","302","建築工事業","","","1~9","4","仮設物、建築物、構築物等","41","仮設物、建築物、構築物等","","","5","崩壊、倒壊"
"516","1992","平成","4","3","21~22","客先から会社のワゴン車で帰社する途中、対向車線にはみ出し、トラックに衝突した。","1","製造業","115","輸送用機械等製造業","","","10~29","2","物上げ装置、運搬機械","23","乗物","","","17","交通事故（道路）"
"517","1992","平成","4","3","11~12","集材作業中、引き寄せ索のガイドブロックを取り付けていた立木(胸高径40センチメートル)が根元より約50~70センチメートルのところで引きちぎれて倒れ、被災者に当たった。","6","農林業","601","農業","","","1~9","2","物上げ装置、運搬機械","21","動力クレーン等","","","6","激突され"
"518","1992","平成","4","3","21~22","米国に出張中、乗っていた飛行機が墜落した。","17","その他の事業","","","","","1~9","2","物上げ装置、運搬機械","23","乗物","","","18","交通事故（その他）"
"519","1992","平成","4","3","8~9","荷卸作業のため岸壁へ移動する際、近道となる台秤所(車の重量を計量する所)内を通行中、後方から走行してきた7.5tトラックに激突された。","5","貨物取扱業","502","港湾運送業","","","50~99","2","物上げ装置、運搬機械","22","動力運搬機","","","6","激突され"
"520","1992","平成","4","3","9~10","自社のローラー(自重2.3t)を貸与するためトラッククレーンで搬送後、当該クレーンを操作しローラーを吊り卸していたところ、クレーンが転倒した。","8","商業","","","","","1~9","2","物上げ装置、運搬機械","21","動力クレーン等","","","6","激突され"
"521","1992","平成","4","3","11~12","工場内の空調ダクトの解体作業中、ダクトに登るためビディ足場を2段組み立て、ダクトの下にある鉄骨に渡るため足場を登る際、2段目のブレスから足場とともに地上へ墜落した。","3","建設業","302","建築工事業","","","10~29","4","仮設物、建築物、構築物等","41","仮設物、建築物、構築物等","","","1","墜落、転落"
"522","1992","平成","4","3","12~13","掘削した穴に浄化槽を据付後、槽を安定させるためダンプカーに積んでいた砂を投入しようとドラグショベル(2.4t)を右旋回させたところ、ドラグショベルの左後方を通行中の被災者が、隣家のブロック塀とドラグショベルのカウンターウエイトの間に挟まれた。","3","建設業","302","建築工事業","","","10~29","1","動力機械","14","建設機械等","","","7","はさまれ、巻き込まれ"
"523","1992","平成","4","3","15~16","排水用のヒューム管を除去するため地面を約4m掘削し、玉掛け用ワイヤロープをヒューム管に巻き付けていたところ、法面が崩れ(高さ2.7m、幅2.5m)土砂に埋まった。","2","鉱業","202","土石採取業","","","10~29","7","環境等","71","環境等","","","5","崩壊、倒壊"
"524","1992","平成","4","3","4~5","午後11時まで残業をして帰宅後、食事と入浴を済ませ午前2時ごろ就寝する際、胸の苦痛を訴え急激な呼吸の乱れと足のけいれんをきたし、死亡した。","17","その他の事業","","","","","1000~9999","9","その他","92","起因物なし","","","90","その他"
"525","1992","平成","4","3","6~7","トレーラーに荷を積み高速道路を走行中、トンネル内で前方に割り込んできたトレーラーに追突した。","4","運輸交通業","403","道路貨物運送業","","","50~99","2","物上げ装置、運搬機械","22","動力運搬機","","","17","交通事故（道路）"
"526","1992","平成","4","3","16~17","工場の屋根上で大鋸屑排出用ダクトを清掃中、ビニル製波板を踏み抜き、6.2m下のコンクリート床上へ墜落した。","1","製造業","104","木材・木製品製造業","","","30~49","4","仮設物、建築物、構築物等","41","仮設物、建築物、構築物等","","","1","墜落、転落"
"527","1992","平成","4","3","3~4","架線張り替え作業の準備作業として、地上約6.3mの吊架線に金車(トロリー線を通す滑車)を取り付ける作業中、梯子(長さ約7.3m)に上り金車を取り付ける際、線路上に墜落した。","3","建設業","303","その他の建設業","","","10~29","3","その他の装置等","37","用具","","","1","墜落、転落"
"528","1992","平成","4","3","14~15","2階の梁上で作業中、移動式クレーン(4.9t)で吊り上げた木材の束が揺れたため、荷の揺れを止めようとしたところ、荷とともに宙吊り状態になり、約5m下の地上に墜落した。","3","建設業","302","建築工事業","","","10~29","2","物上げ装置、運搬機械","21","動力クレーン等","","","1","墜落、転落"
"529","1992","平成","4","3","14~15","配送のため高速道路を走行中、追い越し車線を走行中の普通乗用車が突然接触してきたため、避けようとしてハンドルを切ったところ中央分離帯に乗り上げ、横転して運転していた車両に挟まれた。","4","運輸交通業","403","道路貨物運送業","","","10~29","2","物上げ装置、運搬機械","23","乗物","","","17","交通事故（道路）"
"530","1992","平成","4","3","16~17","鉄骨建屋の屋根工事において、フレームの取付作業中、高さ約3.3mの梁上から墜落した。","3","建設業","302","建築工事業","","","1~9","4","仮設物、建築物、構築物等","41","仮設物、建築物、構築物等","","","1","墜落、転落"
"531","1992","平成","4","3","19~20","県道脇の駐車場にトラックを止め、道路向かい側の電話ボックスに行くため道路を横断中、反対車線から走行してきた2台の車にはねられた。","4","運輸交通業","403","道路貨物運送業","","","50~99","2","物上げ装置、運搬機械","23","乗物","","","17","交通事故（道路）"
"532","1992","平成","4","3","22~23","交差点で信号待ち後、発進する際、後続のトラックに追突された。","4","運輸交通業","402","道路旅客運送業","","","300~499","2","物上げ装置、運搬機械","22","動力運搬機","","","17","交通事故（道路）"
"533","1992","平成","4","3","22~23","自社構内ガレージにおいて、ジャッキアップされていた変圧器車の後方に回り、ジャッキを収納しかけたところ車がバックし、ガレージ支柱と車の間に挟まれた。","3","建設業","303","その他の建設業","","","100~299","2","物上げ装置、運搬機械","22","動力運搬機","","","7","はさまれ、巻き込まれ"
"534","1992","平成","4","3","22~23","反転機と呼ばれる砂落とし機械の稼動中に、付着した鋳物のフィルムかすを取り除いていたところ、降下してきた反転アームに挟まれた。","1","製造業","111","非鉄金属製造業","","","50~99","1","動力機械","16","一般動力機械","","","7","はさまれ、巻き込まれ"
"535","1992","平成","4","3","7~8","ダンプカーで国道を走行中、センターラインを越えて対向車に接触し横転した。","3","建設業","301","土木工事業","","","10~29","2","物上げ装置、運搬機械","22","動力運搬機","","","17","交通事故（道路）"
"536","1992","平成","4","3","8~9","スキー靴のインナー成形を行うRIM(リアクション・インジェクション・モード)成形機で作業中、金型に挟まれた。","1","製造業","108","化学工業","","","100~299","1","動力機械","16","一般動力機械","","","7","はさまれ、巻き込まれ"
"537","1992","平成","4","3","15~16","石材プラント工場で、石材運搬用のベルトコンベヤーに登って塗装前の錆落とし作業中、足を滑らせ約3.6m下に墜落した。","3","建設業","303","その他の建設業","","","1~9","2","物上げ装置、運搬機械","22","動力運搬機","","","1","墜落、転落"
"538","1992","平成","4","3","8~9","擁壁の型わく組立作業中、近くに停車していた送迎用バスに荷物を取りに行くため道路を横断する際、走行してきた軽トラックにはねられた。","3","建設業","301","土木工事業","","","1~9","2","物上げ装置、運搬機械","22","動力運搬機","","","17","交通事故（道路）"
"539","1992","平成","4","3","9~10","工事現場において、2tトラックの荷台から工事用鉄筋(1束約200キログラム)の手降ろし作業中、鉄筋を左側に押し降ろす際、力を入れすぎたため鉄筋とともに落下し、先に落ちた鉄筋に頭を打った。","8","商業","","","","","1~9","2","物上げ装置、運搬機械","22","動力運搬機","","","1","墜落、転落"
"540","1992","平成","4","3","12~13","段ボールプレス機に段ボール投入作業中、機内に転落し圧縮された。","1","製造業","106","パルプ・紙・紙加工品製造業","","","1~9","1","動力機械","16","一般動力機械","","","7","はさまれ、巻き込まれ"
"541","1992","平成","4","3","13~14","ゴミ収集車でゴミの回収作業中、ゴミが詰まったため収集車のテールゲートを開き、ゴミを取り除いていたところ、テールゲートが降下して挟まれた。","15","清掃・と畜業","","","","","10~29","2","物上げ装置、運搬機械","22","動力運搬機","","","7","はさまれ、巻き込まれ"
"542","1992","平成","4","3","14~15","発酵タンクの内部改造工事中、その内部に設置した容器(径1.21m、高さ7m)の内部に入ったところ倒れた。(酸素欠乏症)","3","建設業","303","その他の建設業","","","10~29","7","環境等","71","環境等","","","12","有害物等との接触"
"543","1992","平成","4","3","15~16","抗内で石灰石小割のため発破をかけ、約30m離れた避難先から戻る途中、抗内天井から落石(1.9×1.6×0.15m)があり直撃された。","2","鉱業","203","その他の鉱業","","","50~99","7","環境等","71","環境等","","","4","飛来、落下"
"544","1992","平成","4","3","3~4","油圧ジャンボでロックボルトの穿孔中、運転席からヘッドガードの支柱越しに頭を出した際、同僚がジャンボのマンケージ(作業台)の位置を移動させたためスライドヨークが後方位置より前方へ動き、ヘッドガード支柱とスライドヨークの間に挟まれた。","3","建設業","301","土木工事業","","","10~29","1","動力機械","14","建設機械等","","","7","はさまれ、巻き込まれ"
"545","1992","平成","4","3","9~10","岸壁で船に搬入するドライパルプ(1.25×1.35×0.9m、1.2t)の荷締め作業中、クランプリフト(3.5t)に後から激突され、荷との間に挟まれた。","5","貨物取扱業","502","港湾運送業","","","500~999","2","物上げ装置、運搬機械","22","動力運搬機","","","6","激突され"
"546","1992","平成","4","3","9~10","移動式クレーンに取り付けたバイブロハンマーで鋼矢板のくい抜き作業中、バイブロハンマーがクレーンのフックから外れ落下した。","3","建設業","301","土木工事業","","","1~9","1","動力機械","14","建設機械等","","","4","飛来、落下"
"547","1992","平成","4","3","9~10","タイヤローラーを次の現場に移動させるため運転席に乗ろうとした際、手を滑らせ転倒した。","3","建設業","301","土木工事業","","","10~29","1","動力機械","14","建設機械等","","","1","墜落、転落"
"548","1992","平成","4","3","15~16","林道開設工事において、型わく撤去作業中、上部の山肌が高さ9.3m、幅5.5mに渡り崩落し、落下した岩石(約40~50キログラム)が直撃した。","3","建設業","301","土木工事業","","","10~29","7","環境等","71","環境等","","","5","崩壊、倒壊"
"549","1992","平成","4","3","6~7","10tトラックに荷を積み高速道路を走行中、前車の冷凍車に追突し、その反動で中央分離帯に激突した。","4","運輸交通業","403","道路貨物運送業","","","50~99","2","物上げ装置、運搬機械","22","動力運搬機","","","17","交通事故（道路）"
"550","1992","平成","4","3","7~8","23tトレーラーに原木を積み国道を走行中、長い下り坂でカーブを曲がりきれず、15m下の民家へ転落した。","4","運輸交通業","403","道路貨物運送業","","","10~29","2","物上げ装置、運搬機械","22","動力運搬機","","","17","交通事故（道路）"
"551","1992","平成","4","3","7~8","出張から帰る途中の高速道路を走行中、雨のためスリップしてガードロープに衝突し、車外に振り落とされた。","8","商業","","","","","30~49","2","物上げ装置、運搬機械","23","乗物","","","17","交通事故（道路）"
"552","1992","平成","4","3","10~11","ミキサー車からコンクリートポンプ車に打設用の生コンを積み替えるため、コンクリートポンプ車の後部へ生コン車を誘導中、2台の間に挟まれた。","1","製造業","109","窯業土石製品製造業","","","10~29","2","物上げ装置、運搬機械","22","動力運搬機","","","7","はさまれ、巻き込まれ"
"553","1992","平成","4","3","12~13","コンクリート圧送用の先端ホース(直径12.5センチメートル、長さ8.05m)を撤去するため外部枠組足場(12層)の11層より直接10層目へ降りていたところ、バランスを崩し15.47m下の2階張り出し屋上コンクリート床へ墜落した。","3","建設業","302","建築工事業","","","50~99","4","仮設物、建築物、構築物等","41","仮設物、建築物、構築物等","","","1","墜落、転落"
"554","1992","平成","4","3","15~16","工場建屋の塗装工事において、鉄骨支柱の塗装作業中、約15m下に墜落した。","3","建設業","302","建築工事業","","","1~9","4","仮設物、建築物、構築物等","41","仮設物、建築物、構築物等","","","1","墜落、転落"
"555","1992","平成","4","3","16~17","伐倒木を機械集材装置で搬送中、伐倒木が揺れ、激突した。","6","農林業","601","農業","","","10~29","2","物上げ装置、運搬機械","21","動力クレーン等","","","6","激突され"
"556","1992","平成","4","3","16~17","残材処理後、4tダンプに同乗し帰社する途中、道路幅3mの急カーブで左後輪が脱輪し川に転落した。","3","建設業","302","建築工事業","","","1~9","2","物上げ装置、運搬機械","22","動力運搬機","","","17","交通事故（道路）"
"557","1992","平成","4","3","4~5","4tトラックに荷を積み国道を走行中、大型トレーラーに追突した。","4","運輸交通業","403","道路貨物運送業","","","1~9","2","物上げ装置、運搬機械","22","動力運搬機","","","17","交通事故（道路）"
"558","1992","平成","4","3","5~6","トラックの荷台より鯉のぼり用の丸太竿(ひのき、径17.3センチメートル、長さ15m)を降ろす作業中、竿の下敷きになった。","8","商業","","","","","1~9","6","荷","61","荷","","","4","飛来、落下"
"559","1992","平成","4","3","14~15","砕石作業のため発破をかけ、運搬路上に落ちた砕石をブルドーザーで整理中、路肩が崩れブルドーザーとともに25m下に転落した。","2","鉱業","202","土石採取業","","","10~29","2","物上げ装置、運搬機械","22","動力運搬機","","","1","墜落、転落"
"560","1992","平成","4","3","14~15","自動倉庫内に設置したリフターの調整作業中、油圧シリンダー内に残留する空気を抜くためプラグのボルトを緩めていたところ、ボルトが外れて油が吹き出し、リフターの上部が降下して挟まれた。","3","建設業","303","その他の建設業","","","100~299","2","物上げ装置、運搬機械","21","動力クレーン等","","","7","はさまれ、巻き込まれ"
"561","1992","平成","4","3","18~19","自転車で夕刊配達中、道路を横断した際、乗用車にはねられた。","8","商業","","","","","10~29","2","物上げ装置、運搬機械","23","乗物","","","17","交通事故（道路）"
"562","1992","平成","4","4","3~4","トラックに荷を積み高速道路を走行中、渋滞で停車中の車の列に追突した。","4","運輸交通業","403","道路貨物運送業","","","10~29","2","物上げ装置、運搬機械","22","動力運搬機","","","17","交通事故（道路）"
"563","1992","平成","4","4","8~9","移動式クレーン(2.5t)のフックが地上まで下がっていたため、フックを所定の場所へ収めようとブームを伸ばしていたところ、クレーンがバランスを失って横転し、運転席が近くに止めてあったタイヤショベルのバケットに潰された。","8","商業","","","","","1~9","2","物上げ装置、運搬機械","21","動力クレーン等","","","2","転倒"
"564","1992","平成","4","4","14~15","タレットパンチレーザー加工機(レーザー加工機能付自動プレス)の試し打ち中、状態を確認するため内部に入った際、誤って起動ボタンを押し、レーザー加工機のキャリッジと材料供給機のアームに挟まれた。","1","製造業","113","一般機械器具製造業","","","100~299","1","動力機械","16","一般動力機械","","","7","はさまれ、巻き込まれ"
"565","1992","平成","4","4","9~10","台風被害の杉を伐採中、伐倒した木が他の風倒木2本に当たり、この内の1本(径22センチメートル、長さ12.8m)がずれ落ちてきて当たった。","6","農林業","601","農業","","","30~49","7","環境等","71","環境等","","","6","激突され"
"566","1992","平成","4","4","9~10","出張先からバイクで事業場へ戻る途中、交差点で乗用車と出会い頭に衝突した。","12","教育・研究業","","","","","10000~","2","物上げ装置、運搬機械","23","乗物","","","17","交通事故（道路）"
"567","1992","平成","4","4","11~12","工事中の線路の道床にバラスを引く作業中、モーターカーでホッパー車5両を牽引していたところ、モーターカーのブレーキが作動せず、同じ軌道上に止めてあった他のモーターカーに衝突した。","3","建設業","301","土木工事業","","","1~9","2","物上げ装置、運搬機械","22","動力運搬機","","","6","激突され"
"568","1992","平成","4","4","11~12","工事中の線路の道床にバラスを引く作業中、モーターカーでホッパー車5両を牽引していたところ、モーターカーのブレーキが作動せず、同じ軌道上に止めてあった他のモーターカーに衝突した。","3","建設業","301","土木工事業","","","1~9","2","物上げ装置、運搬機械","22","動力運搬機","","","6","激突され"
"569","1992","平成","4","4","11~12","工事中の線路の道床にバラスを引く作業中、モーターカーでホッパー車5両を牽引していたところ、モーターカーのブレーキが作動せず、同じ軌道上に止めてあった他のモーターカーに衝突した。","3","建設業","301","土木工事業","","","1~9","2","物上げ装置、運搬機械","22","動力運搬機","","","6","激突され"
"570","1992","平成","4","4","13~14","トンネル入口より約38m入った切羽で、発破のため火薬を装薬していたところ、切羽の一部が落下し下敷きになった。","3","建設業","301","土木工事業","","","1~9","7","環境等","71","環境等","","","5","崩壊、倒壊"
"571","1992","平成","4","4","13~14","中2階の作業場(高さ3.36m)へ行くため鋼製梯子を登っていたところ、コンクリート床に墜落した。","1","製造業","101","食料品製造業","","","30~49","3","その他の装置等","37","用具","","","1","墜落、転落"
"572","1992","平成","4","4","17~18","10.75tトラックに紙を積み高速道路を走行中、本線から料金所に向かう際、カーブを曲がりきれずガードレールを突破し約5m下に落下した。","4","運輸交通業","403","道路貨物運送業","","","50~99","2","物上げ装置、運搬機械","22","動力運搬機","","","17","交通事故（道路）"
"573","1992","平成","4","4","1~2","4tトラックで国道を走行中、下りの緩いカーブを曲がりきれず横転し、約20mそのまま滑走し、左側の信号機に激突した。","4","運輸交通業","403","道路貨物運送業","","","10~29","2","物上げ装置、運搬機械","22","動力運搬機","","","17","交通事故（道路）"
"574","1992","平成","4","4","9~10","コンクリートブロック製造に使用する混合機の羽に付いた残土をハンマーでたたき落とす作業中、羽に巻き込まれた。","1","製造業","109","窯業土石製品製造業","","","10~29","1","動力機械","16","一般動力機械","","","7","はさまれ、巻き込まれ"
"575","1992","平成","4","4","11~12","2tトラックで高速道路を走行中、渋滞中の車の列に追突した。","4","運輸交通業","403","道路貨物運送業","","","1~9","2","物上げ装置、運搬機械","22","動力運搬機","","","17","交通事故（道路）"
"576","1992","平成","4","4","15~16","地山崩壊防止のための擁壁建設工事において、ドラグショベルで作業用道路を掘削整地中、ドラグショベルが坂を後退したところ転倒し、投げ出された。","3","建設業","301","土木工事業","","","10~29","1","動力機械","14","建設機械等","","","2","転倒"
"577","1992","平成","4","4","15~16","撮影のリハーサルに使う照明ライト(15キログラム)を運ぶため、倉庫内の当該ライトを置いてある台(高さ1.3m、長さ3.2m、幅1.7m)に乗り、下にいる同僚に手渡そうとした際、バランスを崩しコンクリート床面に墜落した。","10","映画・演劇業","","","","","30~49","4","仮設物、建築物、構築物等","41","仮設物、建築物、構築物等","","","1","墜落、転落"
"578","1992","平成","4","4","9~10","建設用鉄筋製造圧延ラインにおいて、2台の圧延ロールを連結しているスピンドル部に挟まれた。","1","製造業","110","鉄鋼業","","","10~29","1","動力機械","16","一般動力機械","","","7","はさまれ、巻き込まれ"
"579","1992","平成","4","4","9~10","足場設置に当たりシートを足場周囲に張る作業中、足場から墜落した。","3","建設業","302","建築工事業","","","1~9","4","仮設物、建築物、構築物等","41","仮設物、建築物、構築物等","","","1","墜落、転落"
"580","1992","平成","4","4","16~17","帰社するためトラックで農道を走行中、急な下り坂で左折する際、8m下の茶畑に転落した。","6","農林業","602","林業","","","1~9","2","物上げ装置、運搬機械","22","動力運搬機","","","17","交通事故（道路）"
"581","1992","平成","4","4","16~17","芝の張替え作業終了後、2tダンプカーの荷台に乗り現場事務所へ向かう途中、荷台から転落した。","3","建設業","301","土木工事業","","","10~29","2","物上げ装置、運搬機械","22","動力運搬機","","","1","墜落、転落"
"582","1992","平成","4","4","18~19","揚水ポンプ(100キログラム)をバックホウのバケットに付いているフックに吊り、旋回してブームを伸ばしたところ、段差上にあったため前傾し、揚水ポンプ又はバケットが激突した。","3","建設業","301","土木工事業","","","30~49","1","動力機械","14","建設機械等","","","6","激突され"
"583","1992","平成","4","4","3~4","大型トラックで高速道路を走行中、遮音壁を突き破り、8.7m下の側道へ転落した。","4","運輸交通業","403","道路貨物運送業","","","100~299","2","物上げ装置、運搬機械","22","動力運搬機","","","17","交通事故（道路）"
"584","1992","平成","4","4","3~4","朝刊を手押車に積み配達中、県道を横断した際、乗用車にはねられた。","8","商業","","","","","10~29","2","物上げ装置、運搬機械","23","乗物","","","17","交通事故（道路）"
"585","1992","平成","4","4","14~15","軽トラックに荷を積み現場へ向かう途中、道路から谷川へ転落した。","3","建設業","302","建築工事業","","","30~49","2","物上げ装置、運搬機械","22","動力運搬機","","","17","交通事故（道路）"
"586","1992","平成","4","4","10~11","鉄骨2階建て建築現場において、2階床デッキプレート張り作業中、作業床の端から約3.4m下に転落した。","3","建設業","302","建築工事業","","","1~9","4","仮設物、建築物、構築物等","41","仮設物、建築物、構築物等","","","1","墜落、転落"
"587","1992","平成","4","4","13~14","木造建築の瓦葺き替え工事において、屋根上を移動中、足を滑らせ2.5m下へ墜落した。","3","建設業","302","建築工事業","","","1~9","4","仮設物、建築物、構築物等","41","仮設物、建築物、構築物等","","","1","墜落、転落"
"588","1992","平成","4","4","13~14","船舶組立工場内において、大型新造船の分割ブロック製作のためブロック(9×12×5m)上で自動溶接作業中、溶接箇所が傾斜部(約15度)のため自走式溶接機が地上に滑り落ちそうになり、防ごうとしたところ足を滑らせ、溶接機とともに約5m下の地上に転落した。","1","製造業","115","輸送用機械等製造業","","","50~99","4","仮設物、建築物、構築物等","41","仮設物、建築物、構築物等","","","1","墜落、転落"
"589","1992","平成","4","4","15~16","木造2階建て家屋の解体工事中、2階天井の木の上に足をかけた際、それが折れ天井板(コンパネ)を突き破り、2.4m下の2階床に墜落した。","3","建設業","302","建築工事業","","","1~9","4","仮設物、建築物、構築物等","41","仮設物、建築物、構築物等","","","1","墜落、転落"
"590","1992","平成","4","4","15~16","木材貨物船で積荷木材のくん蒸の準備作業中、1番ハッチのエスケープホール内で酸欠により倒れ、助けようとした同僚もホール内で倒れた。","17","その他の事業","","","","","10~29","7","環境等","71","環境等","","","12","有害物等との接触"
"591","1992","平成","4","4","15~16","木材貨物船で積荷木材のくん蒸の準備作業中、1番ハッチのエスケープホール内で酸欠により倒れ、助けようとした同僚もホール内で倒れた。","17","その他の事業","","","","","10~29","7","環境等","71","環境等","","","12","有害物等との接触"
"592","1992","平成","4","4","16~17","ウインチで吊り上げた木材(長さ4.3m、約300キログラム)をトラックの荷台上から荷台へ取り込む作業中、木材に打ち込んだトビロが外れ、荷台から後方へ転落し、そこへ木材が落下した。","1","製造業","104","木材・木製品製造業","","","1~9","2","物上げ装置、運搬機械","22","動力運搬機","","","1","墜落、転落"
"593","1992","平成","4","4","17~18","倉庫内において、パレットラックの間をリーチフォークリフトで作業中、頭を出しながらフォークリフトを後退させたため、パレットラックの支柱に後頭部を強打し、フォークリフトと支柱の間に挟まれた。","8","商業","","","","","1~9","2","物上げ装置、運搬機械","22","動力運搬機","","","3","激突"
"594","1992","平成","4","4","17~18","既存の1階屋根上に高さ約80センチメートルの踏台を置き、増築部分の2階窓枠上部の板金作業中、踏台から降りようとした際、バランスを崩し転落した。","3","建設業","302","建築工事業","","","1~9","3","その他の装置等","37","用具","","","1","墜落、転落"
"595","1992","平成","4","4","6~7","11tトラックで国道を走行中、交差点で乗用車と接触し川に転落した。","4","運輸交通業","403","道路貨物運送業","","","50~99","2","物上げ装置、運搬機械","22","動力運搬機","","","17","交通事故（道路）"
"596","1992","平成","4","4","9~10","普通乗用車で国道を走行中、スピードを出しすぎてカーブを曲がりきれず、ガードレールに衝突した。","9","金融・広告業","","","","","10~29","2","物上げ装置、運搬機械","23","乗物","","","17","交通事故（道路）"
"597","1992","平成","4","4","11~12","スパイラルウォータースライダーの昇降階段部において、うま足場を使用し上部デッキ部の錆止め塗装作業中、約8.8m下のコンクリート床に墜落した。","3","建設業","302","建築工事業","","","1~9","4","仮設物、建築物、構築物等","41","仮設物、建築物、構築物等","","","1","墜落、転落"
"598","1992","平成","4","4","12~13","工場内の土場に積み上げられていた丸太の引き出し作業中、積まれていた丸太の1本が崩れ落ち下敷きになった。","1","製造業","104","木材・木製品製造業","","","10~29","5","物質、材料","52","材料","","","4","飛来、落下"
"599","1992","平成","4","4","16~17","巡回検診後、乗用車で病院へ戻る途中、道路脇の石垣に激突した。","13","保健・衛生業","","","","","50~99","2","物上げ装置、運搬機械","23","乗物","","","17","交通事故（道路）"
"600","1992","平成","4","4","5~6","荷を積み国道を走行中、センターラインを越え、対向してきた大型トラックと正面衝突した。","4","運輸交通業","403","道路貨物運送業","","","10~29","2","物上げ装置、運搬機械","22","動力運搬機","","","17","交通事故（道路）"
"601","1992","平成","4","4","13~14","高層建築現場において、鉄骨の梁上を歩行中、クレーンで吊り上げられたパイプが激突し、墜落した。","3","建設業","302","建築工事業","","","10~29","2","物上げ装置、運搬機械","21","動力クレーン等","","","6","激突され"
"602","1992","平成","4","4","16~17","道路工事現場内で、作業終了した不整地運搬車(2t)を広場に駐車するため幅5mの道路上を走行中、路肩より転落し運搬車の下敷きになった。","3","建設業","301","土木工事業","","","10~29","2","物上げ装置、運搬機械","22","動力運搬機","","","1","墜落、転落"
"603","1992","平成","4","4","1~2","軽四乗用車の代行運転中、同僚の運転するライトバンの後部に追突した。","17","その他の事業","","","","","30~49","2","物上げ装置、運搬機械","23","乗物","","","17","交通事故（道路）"
"604","1992","平成","4","4","1~2","トラック計量機上部のベルトコンベヤーの点検作業中、約5m下の鉄板床に墜落した。","2","鉱業","203","その他の鉱業","","","100~299","2","物上げ装置、運搬機械","22","動力運搬機","","","1","墜落、転落"
"605","1992","平成","4","4","3~4","路上にトラックを止め荷台上で荷入、荷下作業を始めようとしたところ、サイドブレーキをかけ忘れていたためトラックが動き出し、止めようとした際、ブロック塀とトラックの間に挟まれた。","4","運輸交通業","403","道路貨物運送業","","","10~29","2","物上げ装置、運搬機械","22","動力運搬機","","","17","交通事故（道路）"
"606","1992","平成","4","4","8~9","工場敷地内の牛舎解体工事において、高さ約4.5mの屋根上でスレート板の取り外し作業中、スレートを踏み抜き地面に墜落した。","3","建設業","302","建築工事業","","","1~9","4","仮設物、建築物、構築物等","41","仮設物、建築物、構築物等","","","1","墜落、転落"
"607","1992","平成","4","4","9~10","3階部分型わくの4隅にあてるバタ角を、ビディ足場最上段から降ろす作業中、墜落した。","3","建設業","302","建築工事業","","","50~99","4","仮設物、建築物、構築物等","41","仮設物、建築物、構築物等","","","1","墜落、転落"
"608","1992","平成","4","4","9~10","排土板を上げたままブルドーザーを移動中、木の枝がキャタピラーと機体の間に挟まり、これを取り除くため排土板を下げてブルドーザーの機体を浮かそうとしたところ、枝を取るため排土板の下に入っていた被災者が排土板と地面の間に挟まれた。","3","建設業","301","土木工事業","","","100~299","1","動力機械","14","建設機械等","","","7","はさまれ、巻き込まれ"
"609","1992","平成","4","4","12~13","20tダンプカーで積荷の砕石を崖上から岩石集石場に落とす際、ダンプカーとともに80m下に転落した。","2","鉱業","202","土石採取業","","","10~29","2","物上げ装置、運搬機械","22","動力運搬機","","","1","墜落、転落"
"610","1992","平成","4","4","13~14","営業後、普通乗用車に同乗して帰社する途中、センターラインを越え、対向してきた普通トラックと正面衝突した。","3","建設業","303","その他の建設業","","","1~9","2","物上げ装置、運搬機械","23","乗物","","","17","交通事故（道路）"
"611","1992","平成","4","4","14~15","H鋼(約1.3t、250×4780×950)に部材を仮付けするため、H鋼を5tクレーンで移動し吊り具を外した際、H鋼が倒れた。","1","製造業","112","金属製品製造業","","","1~9","5","物質、材料","52","材料","","","6","激突され"
"612","1992","平成","4","4","23~24","下水道建設工事に使用した土止め支保工を、リース会社へ返納する前の点検のため平地で仮組立中、ドラグショベルで吊り上げた支保工材が別の支保工材(鉄板3m×1.5m×2ミリメートル、780キログラム)に接触して倒れ下敷きになった。","3","建設業","301","土木工事業","","","10~29","1","動力機械","14","建設機械等","","","5","崩壊、倒壊"
"613","1992","平成","4","4","5~6","パトロール後、国道に進入する際、トラックが近づいてきたのに気付き後退したところ、大型保冷車と衝突した。","17","その他の事業","","","","","10~29","2","物上げ装置、運搬機械","23","乗物","","","17","交通事故（道路）"
"614","1992","平成","4","4","8~9","運送中、停車中の車輌に追突した。","4","運輸交通業","403","道路貨物運送業","","","10~29","2","物上げ装置、運搬機械","22","動力運搬機","","","17","交通事故（道路）"
"615","1992","平成","4","4","9~10","高速道をパトロール中に事故車を発見し、発煙筒とラバーコーンで車線規制をして事故車の処理を行っていたところ、突入してきた乗用車にはねられた。","17","その他の事業","","","","","10~29","2","物上げ装置、運搬機械","23","乗物","","","17","交通事故（道路）"
"616","1992","平成","4","4","12~13","客先回りのため乗用車で市道を走行中、交差点を右折する際、直進してきた大型トレーラーと衝突した。","8","商業","","","","","10~29","2","物上げ装置、運搬機械","23","乗物","","","17","交通事故（道路）"
"617","1992","平成","4","4","14~15","軽トラックで食肉を配送中、対向車線に入り、普通トラックと正面衝突した。","8","商業","","","","","10~29","2","物上げ装置、運搬機械","22","動力運搬機","","","17","交通事故（道路）"
"618","1992","平成","4","4","15~16","自動車運搬船の建造において、船体の側面となる外板(17×40m)を船尾に搭載し、併行して外板頂上部の手摺パイプの取り付け作業中、外板が倒れ、そのはずみでデッキ上に転落した。","1","製造業","115","輸送用機械等製造業","","","1~9","4","仮設物、建築物、構築物等","41","仮設物、建築物、構築物等","","","1","墜落、転落"
"619","1992","平成","4","4","22~23","トラックで高速道路を走行中、インター手前でスピンしガードレールに突込み、6m下の市道に転落した。","4","運輸交通業","403","道路貨物運送業","","","10~29","2","物上げ装置、運搬機械","22","動力運搬機","","","17","交通事故（道路）"
"620","1992","平成","4","4","14~15","高速道路入口より出口の清掃のため移動中、本線合流手前に停止していた故障車に追突した。","15","清掃・と畜業","","","","","1~9","2","物上げ装置、運搬機械","23","乗物","","","17","交通事故（道路）"
"621","1992","平成","4","4","16~17","ドラグショベルのバケットをリフティンブマグネットに取り替え、鉄骨を吊り上げ建て組み作業中、鉄骨が直撃した。","3","建設業","302","建築工事業","","","1~9","2","物上げ装置、運搬機械","21","動力クレーン等","","","6","激突され"
"622","1992","平成","4","4","11~12","店舗改装工事現場において、足場に設置された直梯子付近で、外壁材を張り付ける作業中、約4.5m下の地面に転落した。","3","建設業","302","建築工事業","","","1~9","4","仮設物、建築物、構築物等","41","仮設物、建築物、構築物等","","","1","墜落、転落"
"623","1992","平成","4","4","12~13","木造2階建住宅新築工事において、2階屋根の野地板の取付作業中、屋根の端から約5m下に墜落した。","3","建設業","302","建築工事業","","","1~9","4","仮設物、建築物、構築物等","41","仮設物、建築物、構築物等","","","1","墜落、転落"
"624","1992","平成","4","4","13~14","骨材プラントの鉄骨部分を解体作業中、高さ6mのベルトコンベヤー端部の作業床より地上のコンクリート床面に墜落した。","3","建設業","302","建築工事業","","","1~9","4","仮設物、建築物、構築物等","41","仮設物、建築物、構築物等","","","1","墜落、転落"
"625","1992","平成","4","4","15~16","伐採した木が予定方向に倒れず、伐倒木に巻き込まれ斜面を5~6m滑落し、立木と伐倒木の間に挟まれた。","6","農林業","601","農業","","","1~9","7","環境等","71","環境等","","","6","激突され"
"626","1992","平成","4","4","15~16","林内作業車のエンジンカバーの上に乗り作業道を下る途中、路肩より転落した。","6","農林業","601","農業","","","1~9","2","物上げ装置、運搬機械","22","動力運搬機","","","1","墜落、転落"
"627","1992","平成","4","4","17~18","ゴルフ場内の倉庫の建築中、パワーショベルのバケットから地面に転落した。","14","接客娯楽業","","","","","10~29","1","動力機械","14","建設機械等","","","1","墜落、転落"
"628","1992","平成","4","4","8~9","段ボールの原紙を運搬中のフォークリフトが、接触した。","1","製造業","106","パルプ・紙・紙加工品製造業","","","50~99","2","物上げ装置、運搬機械","22","動力運搬機","","","6","激突され"
"629","1992","平成","4","4","9~10","1.5tフォークリフトを運転中、荷を降ろして後退したところ、駐車してあった車に激突し、その衝撃でフォークリフトから振り落とされ、頭部を地面に強打した。","1","製造業","110","鉄鋼業","","","1~9","2","物上げ装置、運搬機械","22","動力運搬機","","","3","激突"
"630","1992","平成","4","4","10~11","ダンプに砕石を積み建設現場へ運搬する途中、5m下の川へダンプとともに転落した。","3","建設業","301","土木工事業","","","10~29","2","物上げ装置、運搬機械","22","動力運搬機","","","17","交通事故（道路）"
"631","1992","平成","4","4","14~15","ケーブルクレーン(つり上げ荷重1.632t)の解体作業において、横行索用ガイドブロックを取り外し地山を移動中、足を滑らせ17m下の沢へ転落した。","3","建設業","303","その他の建設業","","","1~9","7","環境等","71","環境等","","","1","墜落、転落"
"632","1992","平成","4","4","15~16","20tラフタークレーンを退出させるため道路上で誘導中、反対車線を走行してきた乗用車にはねられた。","17","その他の事業","","","","","30~49","2","物上げ装置、運搬機械","23","乗物","","","17","交通事故（道路）"
"633","1992","平成","4","4","4~5","トレーラーで国道を走行中、対向車線に飛び出し、ダンプカーに衝突した。","4","運輸交通業","403","道路貨物運送業","","","50~99","2","物上げ装置、運搬機械","22","動力運搬機","","","17","交通事故（道路）"
"634","1992","平成","4","4","8~9","構内の仕業検査庫内において、サービスデッキ(幅4m、長さ400m、高さ2.4m)上で電動構内運搬車に、新幹線座席ヘッドレストカバーを積載したコンテナ車を連結運搬作業中、Uターンした際、当該デッキから運搬車とともに2.4m下の床に転落した。","15","清掃・と畜業","","","","","300~499","2","物上げ装置、運搬機械","22","動力運搬機","","","1","墜落、転落"
"635","1992","平成","4","4","9~10","法面のブロック積み作業中、高さ約6mの犬走り上から足を踏み外し、転落した。","3","建設業","302","建築工事業","","","1~9","4","仮設物、建築物、構築物等","41","仮設物、建築物、構築物等","","","1","墜落、転落"
"636","1992","平成","4","4","9~10","製品を積みトラックで国道を走行中、ワイパー操作で脇見をした際、赤信号で停車中のトラックに追突した。","8","商業","","","","","100~299","2","物上げ装置、運搬機械","22","動力運搬機","","","17","交通事故（道路）"
"637","1992","平成","4","4","10~11","組立中の枠組足場(高さ2.74m)上に仮置きしていた鋼管1本(径5センチメートル、長さ3.14m、約10キログラム)が頭上に落下した。","3","建設業","301","土木工事業","","","1~9","4","仮設物、建築物、構築物等","41","仮設物、建築物、構築物等","","","4","飛来、落下"
"638","1992","平成","4","4","11~12","軽トラックで国道を走行中、センターラインを越えてきた対向車と正面衝突した。","4","運輸交通業","403","道路貨物運送業","","","10~29","2","物上げ装置、運搬機械","22","動力運搬機","","","17","交通事故（道路）"
"639","1992","平成","4","4","12~13","鉄骨造建築物新築工事において、1階床面の鉄骨ハイベースアンカー部分のコンクリートガラを片付ける際、手摺下部の中木かアンカーボルトにつまづき、手摺(高さ95センチメートル)とコンクリートスラブ間より約4m下に墜落した。","3","建設業","302","建築工事業","","","1~9","4","仮設物、建築物、構築物等","41","仮設物、建築物、構築物等","","","1","墜落、転落"
"640","1992","平成","4","4","16~17","10tダンプカーに非鉄屑を積み走行中、対向車線からはみ出してきた大型トレーラーに正面衝突された。","8","商業","","","","","10~29","2","物上げ装置、運搬機械","22","動力運搬機","","","17","交通事故（道路）"
"641","1992","平成","4","4","16~17","工場設備の変更にともない、箱状の車輪付き機械(1.6×1.3、高さ2m、820キログラム)を同僚4人と手押し移動中、車輪が通路の凹にはまって前倒しになり下敷きになった。","1","製造業","102","繊維工業","","","100~299","6","荷","61","荷","","","6","激突され"
"642","1992","平成","4","4","18~19","工事現場の資材置場において、鉄筋メッシュの束(約950キログラム)をパワーショベルで吊り上げトラックに積み込む作業中、トラックのあおり部分に荷が引っかかり、直そうとあおりを降ろしたところ、荷が落下して下敷きになった。","3","建設業","301","土木工事業","","","1~9","2","物上げ装置、運搬機械","22","動力運搬機","","","4","飛来、落下"
"643","1992","平成","4","4","8~9","台風による風倒木を取り除くため油圧ショベルで玉切材を動かしたところ、上に折り重なっていた玉切材が動きだし、近くの風倒木上にいた被災者が逃げようとして転倒し、石で後頭部を強打した。","6","農林業","601","農業","","","100~299","7","環境等","71","環境等","","","2","転倒"
"644","1992","平成","4","4","8~9","高速道路のトンネル入口付近の換気所内で、高さ約5mの電灯の取り外し作業中、高所作業車の作業床上から墜落した。","3","建設業","303","その他の建設業","","","10~29","1","動力機械","14","建設機械等","","","1","墜落、転落"
"645","1992","平成","4","4","9~10","配達のため軽保冷車で走行中、センターラインを越えて来た対向の乗用車と正面衝突し、大破して約10m下の道路へ転落した。","8","商業","","","","","30~49","2","物上げ装置、運搬機械","23","乗物","","","17","交通事故（道路）"
"646","1992","平成","4","4","9~10","配達のため軽保冷車で走行中、センターラインを越えて来た対向の乗用車と正面衝突し、大破して約10m下の道路へ転落した。","8","商業","","","","","30~49","2","物上げ装置、運搬機械","23","乗物","","","17","交通事故（道路）"
"647","1992","平成","4","4","11~12","事業場内において、倉庫より荷を載せたパレットをフォークリフトで倉庫外のヤードに仮置する作業中、ヤードに荷をおろし倉庫内に戻る際、フォークリフトが転倒した。","8","商業","","","","","30~49","2","物上げ装置、運搬機械","22","動力運搬機","","","2","転倒"
"648","1992","平成","4","4","11~12","荷を配達後、帰社途中の国道を走行中、停車中の車を避けようとしてハンドル操作を誤り、道路から約10m下に転落した。","4","運輸交通業","403","道路貨物運送業","","","10~29","2","物上げ装置、運搬機械","22","動力運搬機","","","17","交通事故（道路）"
"649","1992","平成","4","4","15~16","営業用乗用車で走行中、センターラインを越え、対向してきたトラックと衝突した。","8","商業","","","","","10~29","2","物上げ装置、運搬機械","23","乗物","","","17","交通事故（道路）"
"650","1992","平成","4","4","15~16","トタン屋根の補修工事中、軒先から約7m下の道路上に墜落した。","3","建設業","302","建築工事業","","","1~9","4","仮設物、建築物、構築物等","41","仮設物、建築物、構築物等","","","1","墜落、転落"
"651","1992","平成","4","4","17~18","牛革を一定の厚さに削りそろえるシェービング機を使用中、シェービング機の動力伝達シャフトに衣服を巻き込まれた。","1","製造業","108","化学工業","","","1~9","1","動力機械","16","一般動力機械","","","7","はさまれ、巻き込まれ"
"652","1992","平成","4","4","2~3","国道交差点で、新聞配送中の2tトラックと4tトラックが衝突した。","4","運輸交通業","403","道路貨物運送業","","","100~299","2","物上げ装置、運搬機械","22","動力運搬機","","","17","交通事故（道路）"
"653","1992","平成","4","4","11~12","バックホウで崩土を処理後、丁張作業にとりかかったところ突然擁壁(幅4.6×高さ2.9×厚さ1m、約10t)が崩れ落ち下敷きになった。","3","建設業","301","土木工事業","","","1~9","4","仮設物、建築物、構築物等","41","仮設物、建築物、構築物等","","","5","崩壊、倒壊"
"654","1992","平成","4","4","11~12","バックホウで崩土を処理後、丁張作業にとりかかったところ突然擁壁(幅4.6×高さ2.9×厚さ1m、約10t)が崩れ落ち下敷きになった。","3","建設業","301","土木工事業","","","1~9","4","仮設物、建築物、構築物等","41","仮設物、建築物、構築物等","","","5","崩壊、倒壊"
"655","1992","平成","4","4","13~14","ガソリンスタンド内で客の車を移動中、アクセルとブレーキを踏み間違え、壁に激突した。","8","商業","","","","","30~49","2","物上げ装置、運搬機械","23","乗物","","","3","激突"
"656","1992","平成","4","4","6~7","高圧活線の復旧作業中、柱上で高圧活線の皮履をはぎ取ろうとしたところ、持っていたナイフで絶縁用ゴム手袋を傷つけ、6600Vの電流に感電した。","3","建設業","303","その他の建設業","","","50~99","3","その他の装置等","36","人力機械工具等","","","13","感電"
"657","1992","平成","4","4","10~11","鉄筋コンクリート造9階建て独身寮の新築工事現場において、枠組足場の解体作業中、足場作業床から墜落した。","3","建設業","302","建築工事業","","","30~49","4","仮設物、建築物、構築物等","41","仮設物、建築物、構築物等","","","1","墜落、転落"
"658","1992","平成","4","4","11~12","納品後、帰社途中の高速道路で、工事のため停車していた先行車に追突した。","4","運輸交通業","403","道路貨物運送業","","","1~9","2","物上げ装置、運搬機械","22","動力運搬機","","","17","交通事故（道路）"
"659","1992","平成","4","4","11~12","ベンチカット最上段において、バックホウで近辺の整理をしていたところ、法面の上方から岩石(約50t)が落下し、運転席を押しつぶした。","2","鉱業","202","土石採取業","","","1~9","7","環境等","71","環境等","","","5","崩壊、倒壊"
"660","1992","平成","4","4","11~12","ドラグショベルで掘削作業中、土砂崩壊があったため別のドラグショベルで土砂を取り除く作業を誘導していたところ、2回目の崩壊があり土砂に埋まった。","3","建設業","301","土木工事業","","","1~9","7","環境等","71","環境等","","","5","崩壊、倒壊"
"661","1992","平成","4","4","13~14","2tトラックで荷を運びその帰社途中、対向車線にはみ出し、車輌運送用のトレーラーと衝突した。","4","運輸交通業","403","道路貨物運送業","","","30~49","2","物上げ装置、運搬機械","22","動力運搬機","","","17","交通事故（道路）"
"662","1992","平成","4","4","15~16","コールバンカー(貯炭施設)の足場解体作業において、部材を整理中、梁から35m下に墜落した。","3","建設業","302","建築工事業","","","30~49","4","仮設物、建築物、構築物等","41","仮設物、建築物、構築物等","","","1","墜落、転落"
"663","1992","平成","4","4","15~16","板金工場から道路を隔てた塗装工場へ向う途中、走行してきた軽トラックにはね飛ばされた。","1","製造業","117","その他の製造業","","","1~9","2","物上げ装置、運搬機械","22","動力運搬機","","","17","交通事故（道路）"
"664","1992","平成","4","4","15~16","資材置場において、移動式クレーン(2.93t)で型わく残材(約200キログラム)を吊り上げた際、差上げワイヤロープが切れ落下した。","3","建設業","302","建築工事業","","","10~29","2","物上げ装置、運搬機械","21","動力クレーン等","","","4","飛来、落下"
"665","1992","平成","4","4","16~17","ハンドガイド式振動ローラにより転圧作業中、国道を走行してきた一般車両にはねられた。","3","建設業","301","土木工事業","","","10~29","2","物上げ装置、運搬機械","23","乗物","","","17","交通事故（道路）"
"666","1992","平成","4","4","22~23","4tトラックで走行中、中央分離帯を越えてきた2tトラックと正面衝突した。","1","製造業","104","木材・木製品製造業","","","1~9","2","物上げ装置、運搬機械","22","動力運搬機","","","17","交通事故（道路）"
"667","1992","平成","4","4","10~11","交差点の形を直す工事中、交差点内で車同士が衝突し、その弾みで突っ込んできた車にはねられた。","3","建設業","301","土木工事業","","","1~9","2","物上げ装置、運搬機械","23","乗物","","","17","交通事故（道路）"
"668","1992","平成","4","4","12~13","1tトラックで運搬した残土を捨てた後、現場に戻る途中の高速道路から約7m下の川に転落した。","15","清掃・と畜業","","","","","30~49","2","物上げ装置、運搬機械","22","動力運搬機","","","17","交通事故（道路）"
"669","1992","平成","4","4","14~15","道路改良工事現場において、擁壁の型わくを脱形中、足場から約1.6m下のGLに墜落した。","3","建設業","301","土木工事業","","","1~9","4","仮設物、建築物、構築物等","41","仮設物、建築物、構築物等","","","1","墜落、転落"
"670","1992","平成","4","4","14~15","停泊中の船舶の船倉において、木材を揚貨装置で荷揚げ作業中、吊り荷の材が振れて積荷の材に接触し、材上にいた被災者が転倒したところへ、接触された材が転落した。","5","貨物取扱業","502","港湾運送業","","","10~29","2","物上げ装置、運搬機械","21","動力クレーン等","","","6","激突され"
"671","1992","平成","4","4","13~14","側道(幅80センチメートル、深さ1.7m、長さ30m)の中で電機設備工事中、土砂が長さ約6.1m、幅1mに渡って崩壊し、埋まった。","3","建設業","303","その他の建設業","","","1~9","7","環境等","71","環境等","","","5","崩壊、倒壊"
"672","1992","平成","4","4","15~16","塗装下処理ラインのスラッジ除去作業中、水洗ブースの温水噴射(約30°C)に驚き横の化成ブースに逃げ込んだところ、スラッジ除去のため噴射していた硫酸(約6%)を浴びた。(外)","1","製造業","105","家具・装備品製造業","","","50~99","5","物質、材料","51","危険物、有害物等","","","12","有害物等との接触"
"673","1992","平成","4","4","18~19","社有の軽トラックに発電柱を載せ得意先へ向う途中、国道で道路左側の側壁に激突した。","8","商業","","","","","1~9","2","物上げ装置、運搬機械","22","動力運搬機","","","17","交通事故（道路）"
"674","1992","平成","4","4","8~9","トラックの荷台に鉄骨(長さ約8m、800キログラム)を2tホイスト式天井クレーンで積み込み、2本目の鉄骨を積むためクレーンを移動中、玉掛用具が鉄骨に引っかかって鉄骨に激突され、鉄骨とともに約1.2m下へ墜落した。","1","製造業","112","金属製品製造業","","","1~9","2","物上げ装置、運搬機械","21","動力クレーン等","","","6","激突され"
"675","1992","平成","4","4","9~10","道路法面において、小型ドラグショベルで作業中、約2m転落しその下敷きになった。","3","建設業","301","土木工事業","","","50~99","1","動力機械","14","建設機械等","","","1","墜落、転落"
"676","1992","平成","4","4","11~12","環状道路の遮音壁設置工事において、ユニック車の荷台上に足場を組み立て、その上部を作業床として遮音板の取付作業中、足を踏み外し5.6m下の道路上に墜落した。","3","建設業","301","土木工事業","","","30~49","4","仮設物、建築物、構築物等","41","仮設物、建築物、構築物等","","","1","墜落、転落"
"677","1992","平成","4","4","14~15","線路脇の電柱上で、送電線に標識を取り付ける作業中、脇にあった1500Vの電線に接触した。","4","運輸交通業","401","鉄道・軌道・水運・航空業","","","30~49","3","その他の装置等","35","電気設備","","","13","感電"
"678","1992","平成","4","4","15~16","2.8t天井クレーンで鉄製部品(450キログラム)を吊り上げた際、部品の突起部が床に触れたため玉掛用具のチェーンが緩み、部品が倒れて下敷きになった。","1","製造業","112","金属製品製造業","","","1~9","2","物上げ装置、運搬機械","21","動力クレーン等","","","5","崩壊、倒壊"
"679","1992","平成","4","4","15~16","造成工業所内の進入道路の側溝桶桝の取付作業中、モルタル入りバケツを2tダンプカーに積み込もうとした際、ダンプカーがバックし激突された。","3","建設業","301","土木工事業","","","1~9","2","物上げ装置、運搬機械","22","動力運搬機","","","6","激突され"
"680","1992","平成","4","4","17~18","フォークリフト(積載荷重1.5t)でビニール加工の廃材を片付ける作業中、構内の斜面でフォークリフトが転倒し、下敷きになった。(外)","1","製造業","117","その他の製造業","","","10~29","2","物上げ装置、運搬機械","22","動力運搬機","","","2","転倒"
"681","1992","平成","4","4","5~6","トラックで自動車専用道路の追い越し車線を走行中、右に寄りすぎたためトラック右前部が道路右側フェンス非常用開放部コーナーに衝突し、右側ドアが破損して車外に放り出された。","4","運輸交通業","403","道路貨物運送業","","","100~299","2","物上げ装置、運搬機械","22","動力運搬機","","","17","交通事故（道路）"
"682","1992","平成","4","4","8~9","係船中の船を移動中、岸壁のビット(係船柱)から係船索を外すためビット上に乗ったところ、足を滑らせ海中に転落し溺れた。","1","製造業","115","輸送用機械等製造業","","","1000~9999","7","環境等","71","環境等","","","10","おぼれ"
"683","1992","平成","4","4","10~11","クローラードリルで横発破の穿孔作業中、落石を避けようとして採掘面のベンチから足を踏み外し、約10m下へ墜落した。","2","鉱業","202","土石採取業","","","1~9","7","環境等","71","環境等","","","1","墜落、転落"
"684","1992","平成","4","4","14~15","同僚が平ホディーユニック車(4t)を始動させた際、ギヤが入っていたため前進し、近くで作業をしてた被災者が、降ろしてあったコンクリート製U字溝と当該ユニック車の間に挟まれた。","3","建設業","301","土木工事業","","","1~9","2","物上げ装置、運搬機械","22","動力運搬機","","","7","はさまれ、巻き込まれ"
"685","1992","平成","4","4","15~16","得意先へピアノを配達後、帰社途中の国道を走行中、カーブでハンドル操作を誤り対向車線側のガードレールを乗り越え、約13m下の川原テトラポットに投げ出された。","4","運輸交通業","403","道路貨物運送業","","","10~29","2","物上げ装置、運搬機械","22","動力運搬機","","","17","交通事故（道路）"
"686","1992","平成","4","4","15~16","試験場内で作業終了後、トラックの荷台上で休憩中、同僚がトラックを走行させたため荷台から転落した。","12","教育・研究業","","","","","50~99","2","物上げ装置、運搬機械","22","動力運搬機","","","1","墜落、転落"
"687","1992","平成","4","4","15~16","得意先へピアノを配達後、帰社途中の国道を走行中、カーブでハンドル操作を誤り対向車線側のガードレールを乗り越え、約13m下の川原テトラポットに投げ出された。","4","運輸交通業","403","道路貨物運送業","","","10~29","2","物上げ装置、運搬機械","22","動力運搬機","","","17","交通事故（道路）"
"688","1992","平成","4","4","16~17","工事完了後、自社の新入社員教育用写真のため取付状況を撮影中、9階の足場から約22m下の4階ベランダ上に墜落した。","17","その他の事業","","","","","1~9","4","仮設物、建築物、構築物等","41","仮設物、建築物、構築物等","","","1","墜落、転落"
"689","1992","平成","4","4","19~20","高さ約3.8mの既設作業床及びタンクローリータンク上で、タンクローリーの小麦粉投入作業中、タンクローリータンク内の小麦粉を均すため、一旦作業床へ退避し同僚がタンク車を移動させたところ、作業床から墜落した。","1","製造業","101","食料品製造業","","","50~99","4","仮設物、建築物、構築物等","41","仮設物、建築物、構築物等","","","1","墜落、転落"
"690","1992","平成","4","4","19~20","2tトラックからアルミニウム廃材の袋詰め(1袋約15キログラム)を荷台から荷卸作業中、足を滑らせ88センチメートル下の路上に墜落した。","8","商業","","","","","1~9","2","物上げ装置、運搬機械","22","動力運搬機","","","1","墜落、転落"
"691","1992","平成","4","4","6~7","自転車で朝刊配達中、横断歩道で乗用車にはねられた。(外)","8","商業","","","","","10~29","2","物上げ装置、運搬機械","23","乗物","","","17","交通事故（道路）"
"692","1992","平成","4","4","9~10","コンクリートブロック製造工程において、生コンを流し込んだ型わくを乾燥室へ運ぶ装置が不良のため調整していたところ、突然装置が動きだし、型わくと側壁の間に挟まれた。","1","製造業","109","窯業土石製品製造業","","","1~9","2","物上げ装置、運搬機械","22","動力運搬機","","","7","はさまれ、巻き込まれ"
"693","1992","平成","4","4","10~11","砕石プラント作業を一人で行っていた被災者が、ベルトコンベヤーに挟まれているのが発見された。","2","鉱業","202","土石採取業","","","10~29","2","物上げ装置、運搬機械","22","動力運搬機","","","7","はさまれ、巻き込まれ"
"694","1992","平成","4","4","11~12","帰社するためトレーラーヘッドで高速道路を走行中、右カーブ下り坂で運転を誤り、中央分離帯に激突した。","4","運輸交通業","403","道路貨物運送業","","","1~9","2","物上げ装置、運搬機械","22","動力運搬機","","","17","交通事故（道路）"
"695","1992","平成","4","4","15~16","排水路工事現場において、小型トラクターショベルで排水路の底の泥を排出する作業中、バケットを上げたままで進行し、排水路にかかるコンクリート製の橋の欄干に衝突した。","3","建設業","301","土木工事業","","","10~29","1","動力機械","14","建設機械等","","","3","激突"
"696","1992","平成","4","4","7~8","国道を走行中、スピードを出しすぎてハンドル操作を誤り、崖下に転落した。","1","製造業","117","その他の製造業","","","10~29","2","物上げ装置、運搬機械","23","乗物","","","17","交通事故（道路）"
"697","1992","平成","4","4","10~11","14階建建物の屋上において、2tクレーンでバルコニー手摺用材料(27キログラム×12枚)を荷揚げし仮置した後、フックを巻き上げていたところ、玉掛け用の平ベルトが荷に絡みついて手摺材1枚が落下し、約45m下の一般道路を通行中の被災者に当たった。","17","その他の事業","","","","","1~9","3","その他の装置等","37","用具","","","4","飛来、落下"
"698","1992","平成","4","4","12~13","工事現場の片付け後、帰社する途中、センターラインを越えガードレールを約5mこすり、ガードレールの切れ目から約8m下の川(水深2m弱)に落ちた。","3","建設業","301","土木工事業","","","10~29","2","物上げ装置、運搬機械","22","動力運搬機","","","17","交通事故（道路）"
"699","1992","平成","4","4","12~13","山林内において、トラクター(林内作業車)で集材作業中、材が伐根等に引っかかり、無理に牽引しようとしたためトラクターが転倒し下敷きになった。","6","農林業","601","農業","","","10~29","2","物上げ装置、運搬機械","22","動力運搬機","","","2","転倒"
"700","1992","平成","4","4","14~15","木造建築工事において、建物基礎のコンクリート打設作業中、高さ60センチメートルのコンクリート型わく上より地面に転落した。","3","建設業","302","建築工事業","","","1~9","4","仮設物、建築物、構築物等","41","仮設物、建築物、構築物等","","","1","墜落、転落"
"701","1992","平成","4","4","15~16","親企業構内の電気炉で、約16tのノロの入ったノロバックをノロ搬出台車からノロ運搬専用ダンプ荷台に載せる作業中、炉補修用ブレーカー(車両系)でノロバッグを押したところ、ノロバッグ内のスラグを浴びた。","1","製造業","110","鉄鋼業","","","10~29","5","物質、材料","52","材料","","","11","高温・低温の物との接触"
"702","1992","平成","4","4","9~10","スタックコンベヤーに段ボールが詰まり、スタックコンベヤーとスラットコンベヤーが停止したため上から段ボールを取り除こうとしたところ、同僚が制御盤を操作して動かしたため、スラットコンベヤーに挟まれた。","1","製造業","106","パルプ・紙・紙加工品製造業","","","30~49","2","物上げ装置、運搬機械","22","動力運搬機","","","7","はさまれ、巻き込まれ"
"703","1992","平成","4","4","10~11","リングバーカーから木材の皮くずが漏れるのを防ぐゴム覆いの取替作業中、押さえローラー部分にもぐり込む際、丸太を検出する光線を遮ったため押さえローラーが作動し、挟まれた。","1","製造業","104","木材・木製品製造業","","","10~29","1","動力機械","13","木材加工用機械","","","7","はさまれ、巻き込まれ"
"704","1992","平成","4","4","11~12","2階建て木造建築の建方作業中、高さ約3mの梁上から墜落した。","3","建設業","302","建築工事業","","","1~9","4","仮設物、建築物、構築物等","41","仮設物、建築物、構築物等","","","1","墜落、転落"
"705","1992","平成","4","4","11~12","自社の資材倉庫のブロック壁解体作業中、壁の北端部をハンマーで壊していたところ、幅4.84m、高さ2.25mに渡って倒壊し、直撃した。","3","建設業","303","その他の建設業","","","1~9","4","仮設物、建築物、構築物等","41","仮設物、建築物、構築物等","","","5","崩壊、倒壊"
"706","1992","平成","4","4","15~16","工事用道路上に乗用車を停止し、反対側から来るスクレーパーを牽引したトラクターを待っていたところ、そのままトラクターの右キャタピラーに押し潰された。","3","建設業","301","土木工事業","","","30~49","1","動力機械","14","建設機械等","","","7","はさまれ、巻き込まれ"
"707","1992","平成","4","4","15~16","親会社の資材置場で、天井クレーンでH鋼をトラックに積み込む作業中、トラックの荷台上で待機していたところ、吊り荷が回転したため接触を避けようとしてバランスを崩し、荷台から墜落した。","3","建設業","302","建築工事業","","","10~29","2","物上げ装置、運搬機械","22","動力運搬機","","","1","墜落、転落"
"708","1992","平成","4","4","16~17","現金自動預払機裏の操作室で、強盗に刺された。","9","金融・広告業","","","","","1~9","9","その他","99","分類不能","","","90","その他"
"709","1992","平成","4","4","22~23","鉄道本線軌道下部の地盤強化のための薬液注入工事現場に向う途中、本線軌道を横断していた際、列車にはねられた。","3","建設業","301","土木工事業","","","10~29","2","物上げ装置、運搬機械","23","乗物","","","18","交通事故（その他）"
"710","1992","平成","4","4","3~4","電話線工事のための交通整理中、乗用車にはねられた。","17","その他の事業","","","","","10~29","2","物上げ装置、運搬機械","23","乗物","","","17","交通事故（道路）"
"711","1992","平成","4","4","4~5","材木置場にトラックで集荷に行き、トラックに設置されているクレーンで材木の積み込み作業中、スタンション(荷崩れ防止用支え棒)が跳ねて頭に当たり、反動で荷台から地上に転落した。","6","農林業","601","農業","","","10~29","2","物上げ装置、運搬機械","22","動力運搬機","","","1","墜落、転落"
"712","1992","平成","4","4","9~10","工場増築工事現場において、スレート屋根上を木膏板を持って歩いていた際、スレートを踏み抜き約9m下に墜落した。","3","建設業","302","建築工事業","","","1~9","4","仮設物、建築物、構築物等","41","仮設物、建築物、構築物等","","","1","墜落、転落"
"713","1992","平成","4","4","10~11","造船所第1ドックサイドに置いてあったコンプレッサー(高さ146、幅267、奥行き133センチメートル)をジブクレーンでトラックに積み込む作業中、コンプレッサー上で玉掛け後、隣にあるガスヘッダー(高さ82~85、幅125、奥行き46センチメートル)の屋根上に一旦乗った際、バランスを崩し深さ役10mの第1ドック内に墜落した。","1","製造業","115","輸送用機械等製造業","","","50~99","4","仮設物、建築物、構築物等","41","仮設物、建築物、構築物等","","","1","墜落、転落"
"714","1992","平成","4","4","16~17","門型マシニングセンター(万能加工機)で電車用台車の切削加工を行うため、加工機の移動テーブルに取り付けた大型治具に加工材をセットして加工開始直後、加工機のフレームと治具の間に挟まれた。","1","製造業","112","金属製品製造業","","","10~29","1","動力機械","16","一般動力機械","","","7","はさまれ、巻き込まれ"
"715","1992","平成","4","4","18~19","吊り足場の組立作業中、高さ8.37mから墜落した。","3","建設業","302","建築工事業","","","1~9","4","仮設物、建築物、構築物等","41","仮設物、建築物、構築物等","","","1","墜落、転落"
"716","1992","平成","4","4","3~4","大型トラックで国道を走行中、カーブを曲がりきれず路肩から谷へ転落した。","4","運輸交通業","403","道路貨物運送業","","","50~99","2","物上げ装置、運搬機械","22","動力運搬機","","","17","交通事故（道路）"
"717","1992","平成","4","4","10~11","下水管敷設工事を明り掘削中、ドラグショベルによる掘削後そのアームを格納しようとした際、ブレーキがかかっていなかったため溝内に転落し下敷きになった。","3","建設業","301","土木工事業","","","1~9","1","動力機械","14","建設機械等","","","6","激突され"
"718","1992","平成","4","4","11~12","ショットブラスト装置解体のため、高さ約5mの集じん機上に上がり、ダクトを解体中、ピットまで約7m墜落した。","3","建設業","303","その他の建設業","","","10~29","3","その他の装置等","39","その他の装置、設備","","","1","墜落、転落"
"719","1992","平成","4","4","5~6","バイクで新聞配達中、右折のため道路中央へ寄ろうとしたところ、後方から来た車に追突された。","8","商業","","","","","1~9","2","物上げ装置、運搬機械","23","乗物","","","17","交通事故（道路）"
"720","1992","平成","4","4","8~9","建設中の道路の側道上で、仮フェンス取付用の鈍し鉄線を加工中、トラクターショベルにひかれた。","3","建設業","301","土木工事業","","","1~9","1","動力機械","14","建設機械等","","","7","はさまれ、巻き込まれ"
"721","1992","平成","4","4","9~10","鉄骨建方中、建方状況の写真をとるため5階ないし7階梁上に上がっていたところ、墜落した。","3","建設業","302","建築工事業","","","10~29","4","仮設物、建築物、構築物等","41","仮設物、建築物、構築物等","","","1","墜落、転落"
"722","1992","平成","4","4","9~10","コロガシ用のパイプを敷き古い機械を移動後、パイプを取り除くためジャッキアップ作業中、機械のバランスが崩れて横転し、その下敷きになった。","8","商業","","","","","1~9","6","荷","61","荷","","","6","激突され"
"723","1992","平成","4","4","10~11","調整池の底に沈澱した泥を隣接する土砂場の溝(深さ2.1~3.5m、幅6m、長さ約100m)に捨てる作業において、ドラグショベル(機体重量18.5t)で溝に捨てられた泥を均す作業中、ドラグショベルが路肩を踏み外して溝に転落し、窒息した。","3","建設業","301","土木工事業","","","1~9","1","動力機械","14","建設機械等","","","1","墜落、転落"
"724","1992","平成","4","4","11~12","木造倉庫新築工事現場において、屋根の合掌部分の組立作業中、合掌部分から足場(脚輪付わく組2段)に乗り移ろうとした際、約5m下の床面に墜落した。","3","建設業","302","建築工事業","","","1~9","4","仮設物、建築物、構築物等","41","仮設物、建築物、構築物等","","","1","墜落、転落"
"725","1992","平成","4","4","11~12","バイクで営業中、市道交差点を停止・徐行しないで直進したところ、左方から交差点に直進してきた2tトラックと衝突した。","9","金融・広告業","","","","","10~29","2","物上げ装置、運搬機械","23","乗物","","","17","交通事故（道路）"
"726","1992","平成","4","4","13~14","作業所内発進たて抗内で足場解体作業中、緊結してあった番線を切った後の足場板の端に乗ったため13.8m下へ墜落した。","3","建設業","301","土木工事業","","","30~49","4","仮設物、建築物、構築物等","41","仮設物、建築物、構築物等","","","1","墜落、転落"
"727","1992","平成","4","4","16~17","道路舗装工事現場での交通誘導作業を終え、軽ライトバンで帰社する途中、対向車と正面衝突した。","17","その他の事業","","","","","1~9","2","物上げ装置、運搬機械","23","乗物","","","17","交通事故（道路）"
"728","1992","平成","4","4","17~18","道路舗装工事現場での交通誘導作業を終え、軽ライトバンで帰社する途中、対向車と正面衝突した。","17","その他の事業","","","","","1~9","2","物上げ装置、運搬機械","23","乗物","","","17","交通事故（道路）"
"729","1992","平成","4","4","18~19","鉄骨3階建倉庫の外壁塗装作業中、有機溶剤中毒になった。","3","建設業","302","建築工事業","","","1~9","5","物質、材料","51","危険物、有害物等","","","12","有害物等との接触"
"730","1992","平成","4","4","1~2","第2高炉下部ホッパー内のライナーを取替作業中、一酸化炭素中毒になった。","3","建設業","303","その他の建設業","","","50~99","5","物質、材料","51","危険物、有害物等","","","12","有害物等との接触"
"731","1992","平成","4","4","1~2","第2高炉下部ホッパー内のライナーを取替作業中、一酸化炭素中毒になった。","3","建設業","303","その他の建設業","","","50~99","5","物質、材料","51","危険物、有害物等","","","12","有害物等との接触"
"732","1992","平成","4","4","1~2","大型保冷車で高速道路を走行中、前輪右側のタイヤがパンクし、停止できずに100m程路側帯を走行後、中央分離帯に激突し対向車線に横転した。","4","運輸交通業","403","道路貨物運送業","","","10~29","2","物上げ装置、運搬機械","22","動力運搬機","","","17","交通事故（道路）"
"733","1992","平成","4","4","8~9","ため池整備工事において、堰堤の盛土を振動ローラーで締め固め作業中、10m下の農道へ振動ローラーとともに転落し、機械の下敷きになった。","3","建設業","301","土木工事業","","","1~9","1","動力機械","14","建設機械等","","","1","墜落、転落"
"734","1992","平成","4","4","11~12","車両系建設機械(グラップラー付)で材木を8.5t積載型移動式クレーンに積み込み材木を均す作業中、木片を材木の隙間に入れたところ材木が崩れ、荷台から転落し、さらに材木が落ちてきて当たった。","1","製造業","104","木材・木製品製造業","","","10~29","2","物上げ装置、運搬機械","22","動力運搬機","","","1","墜落、転落"
"735","1992","平成","4","4","16~17","発電所の煙道伸縮継手工事中、地上で修理した伸縮継手(縦3.5m、横6.4m、幅0.35m、約700キログラム)を移動式クレーンで煙道に取り付けるため、高さ約16mの煙道上でボルトの仮締め作業後、煙道の手摺(高さ96センチメートル)の切れ目(幅40センチメートル)から地上に墜落した。","3","建設業","303","その他の建設業","","","50~99","4","仮設物、建築物、構築物等","41","仮設物、建築物、構築物等","","","1","墜落、転落"
"736","1992","平成","4","4","19~20","はしけ留めの中ではしけの清掃中、はしけ船首側の船室に入ったとき、清掃時の光源用にガソリン発電機を船室内で使っていたため、一酸化炭素中毒になった。","5","貨物取扱業","502","港湾運送業","","","30~49","5","物質、材料","51","危険物、有害物等","","","12","有害物等との接触"
"737","1992","平成","4","4","4~5","軽ワゴン車で新聞配達中、市道交差点で4tトラックと衝突した。","8","商業","","","","","30~49","2","物上げ装置、運搬機械","23","乗物","","","17","交通事故（道路）"
"738","1992","平成","4","4","7~8","乗用車で現場に向う途中、カーブを曲がりきれずに対向車線に入り、対向車と衝突した。","3","建設業","302","建築工事業","","","10~29","2","物上げ装置、運搬機械","23","乗物","","","17","交通事故（道路）"
"739","1992","平成","4","4","11~12","遮断室でB母線支持パイプ移動作業中、脚立(高さ1.8m)に乗りパイプのUボルトを外していたところ、支持していたパイプがアングルより外れ、バランスを崩して墜落した。","3","建設業","303","その他の建設業","","","1~9","3","その他の装置等","37","用具","","","1","墜落、転落"
"740","1992","平成","4","4","4~5","4tトラックに荷を積み走行中、カーブを曲がりきれず道路脇のコンクリート壁に激突した。","4","運輸交通業","403","道路貨物運送業","","","1~9","2","物上げ装置、運搬機械","22","動力運搬機","","","17","交通事故（道路）"
"741","1992","平成","4","4","9~10","工場内で加工した建設用鉄骨材(H鋼)6本(1本330キログラム)を天井クレーンでトラック荷台へ積み終え、荷締機を鋼材の上に置こうとした際、3段積みの鋼材の端側2本が崩れ落ち激突した。","1","製造業","112","金属製品製造業","","","1~9","5","物質、材料","52","材料","","","5","崩壊、倒壊"
"742","1992","平成","4","4","12~13","バスに乗り遅れた園児を自己所有の乗用車で自宅に送り幼稚園に帰る途中、県道の緩いカーブでセンターラインを越え、対向してきた乗用車と衝突した。","12","教育・研究業","","","","","10~29","2","物上げ装置、運搬機械","23","乗物","","","17","交通事故（道路）"
"743","1992","平成","4","4","13~14","ダムの建設現場において、雨により水路壁を上回る流量となったため水路壁内部に雨水が入り、流れだしたベッセル(1t)を止めに行った際、その場所から先が急な流れになっていたためベッセルとともに回転し挟まれた。","3","建設業","301","土木工事業","","","1~9","3","その他の装置等","37","用具","","","7","はさまれ、巻き込まれ"
"744","1992","平成","4","5","3~4","バイクで朝刊の配達途中、交差点で右折しようとした際、トラックと衝突した。","8","商業","","","","","50~99","2","物上げ装置、運搬機械","23","乗物","","","17","交通事故（道路）"
"745","1992","平成","4","5","4~5","コンビニエンスストアで夜間就業中、強盗に襲われ果物ナイフで刺された。","8","商業","","","","","10~29","9","その他","92","起因物なし","","","90","その他"
"746","1992","平成","4","5","5~6","4tトラックで高速道路を走行中、チェックバリヤ直前で前車の4tトラックに追突し、更に11tトラックに接触した後、ブースに衝突した。","4","運輸交通業","403","道路貨物運送業","","","30~49","2","物上げ装置、運搬機械","22","動力運搬機","","","17","交通事故（道路）"
"747","1992","平成","4","5","9~10","木造2階建て一般住宅新築工事現場において、1階屋根の下地取付作業中、墜落したと思われる。","3","建設業","302","建築工事業","","","1~9","4","仮設物、建築物、構築物等","41","仮設物、建築物、構築物等","","","1","墜落、転落"
"748","1992","平成","4","5","11~12","鉄骨造建築物の新築工事において、移動式クレーンで鉄骨柱を建て、玉掛けワイヤを外すため鉄骨に取り付けたタラップ(400ミリメートルピッチ)を昇っていたところ、足を滑らせ約10m下へ墜落した。","3","建設業","302","建築工事業","","","1~9","4","仮設物、建築物、構築物等","41","仮設物、建築物、構築物等","","","1","墜落、転落"
"749","1992","平成","4","5","13~14","スレート屋根の防水工事において、歩み板等踏み抜き防止措置を講じていないスレート屋根上を移動中、スレートを踏み抜き9m下のコンクリート床に墜落した。","3","建設業","302","建築工事業","","","1~9","4","仮設物、建築物、構築物等","41","仮設物、建築物、構築物等","","","1","墜落、転落"
"750","1992","平成","4","5","14~15","工場のトタン屋根葺き替え作業において、屋根上を移動中足を滑らせ転倒し、塩化ビニル板の箇所を踏み抜き、約5m下のコンクリート床に墜落した。","3","建設業","302","建築工事業","","","1~9","4","仮設物、建築物、構築物等","41","仮設物、建築物、構築物等","","","1","墜落、転落"
"751","1992","平成","4","5","17~18","フォークリフトで木製パレットを運搬作業中、置いたパレットがずれたため一旦後退して停止し、運転席から降りて直していたところ、緩い傾斜のためフォークリフトが動き出し、爪とパレットの間に挟まれた。","5","貨物取扱業","501","陸上貨物取扱業","","","10~29","2","物上げ装置、運搬機械","22","動力運搬機","","","7","はさまれ、巻き込まれ"
"752","1992","平成","4","5","9~10","バイクで郵便配達中、右折をする際にセンターラインを越え、対向車線上に出たところ、対向してきた乗用車に激突された。","11","通信業","","","","","10~29","2","物上げ装置、運搬機械","23","乗物","","","17","交通事故（道路）"
"753","1992","平成","4","5","14~15","地下汚泥引き抜きピットの内壁を防食塗装(タールエポキシ樹脂)作業中、塗料に含まれている有機溶剤により地下水の中に倒れ溺死(推定)した。","3","建設業","301","土木工事業","","","10~29","5","物質、材料","51","危険物、有害物等","","","12","有害物等との接触"
"754","1992","平成","4","5","14~15","鋳砂用垂直バケットコンベヤーのピット内に入り中に落ちている砂をスコップとバケツでバケットに投入中、コンベヤーのプーリーとベルトの間に挟まれた。","1","製造業","110","鉄鋼業","","","50~99","2","物上げ装置、運搬機械","22","動力運搬機","","","7","はさまれ、巻き込まれ"
"755","1992","平成","4","5","7~8","3階建て立体駐車場の1階に落ちていたゴミを拾おうとしたところ、駐車場ゲートが不意に上昇を始めて身体が持ち上げられ、ゲート上端とゲート開閉のシャフトに挟まれた。","15","清掃・と畜業","","","","","1~9","2","物上げ装置、運搬機械","21","動力クレーン等","","","7","はさまれ、巻き込まれ"
"756","1992","平成","4","5","8~9","荷揚げ用エレベータに300キログラムの荷とともに乗り2階へ上昇中、搬器の外に上半身を乗り出していたため、1階天井部と搬器の手摺との間に挟まれた。","1","製造業","101","食料品製造業","","","100~299","2","物上げ装置、運搬機械","21","動力クレーン等","","","7","はさまれ、巻き込まれ"
"757","1992","平成","4","5","14~15","空港内で、航空機にタラップ車を付け航空機のドアを開けようとした際、タラップ車の側方から4.75m下のエプロンに転落した。","4","運輸交通業","402","道路旅客運送業","","","100~299","3","その他の装置等","37","用具","","","1","墜落、転落"
"758","1992","平成","4","5","9~10","地下1階の原水槽室で、故障した排水処理プラントの弁を調査中、原水槽内に滞留していた硫化水素を吸入し倒れた。","15","清掃・と畜業","","","","","1~9","5","物質、材料","51","危険物、有害物等","","","12","有害物等との接触"
"759","1992","平成","4","5","11~12","農業倉庫のスレート屋根を塗装中、スレートを踏み抜き、約6.5m下のコンクリート床に墜落した。","3","建設業","302","建築工事業","","","1~9","4","仮設物、建築物、構築物等","41","仮設物、建築物、構築物等","","","1","墜落、転落"
"760","1992","平成","4","5","13~14","3tトラックに建築資材を積み作業現場へ向う途中、国道で道路工事のため停車中の工事車両に追突した。","8","商業","","","","","1~9","2","物上げ装置、運搬機械","22","動力運搬機","","","17","交通事故（道路）"
"761","1992","平成","4","5","13~14","スチールエンジンカッターでU字構の切断作業中、同カッターが跳ね上がり、当たった。","1","製造業","109","窯業土石製品製造業","","","50~99","1","動力機械","16","一般動力機械","","","8","切れ、こすれ"
"762","1992","平成","4","5","15~16","木造2階建住宅の瓦の葺き替え工事中、梯子に足をかけたところ、伸縮式の梯子が縮み、そのはずみで5m下の地上に墜落した。","3","建設業","302","建築工事業","","","1~9","3","その他の装置等","37","用具","","","1","墜落、転落"
"763","1992","平成","4","5","16~17","資材置場において、建築用H鋼(長さ783センチメートル、高さ58センチメートル、幅30センチメートル、約1t)のペンキ塗り作業中、近くに積んであった同種のH鋼2段積みの上部が倒れ、塗装中のH鋼と倒れてきたH鋼に挟まれた。","1","製造業","112","金属製品製造業","","","10~29","5","物質、材料","52","材料","","","5","崩壊、倒壊"
"764","1992","平成","4","5","17~18","ホテル解体工事現場からトラックで廃材を処分場へ運搬中、有料道路上で運転を誤り、トラックが横転してガードレールに激突した。","3","建設業","302","建築工事業","","","1~9","2","物上げ装置、運搬機械","22","動力運搬機","","","17","交通事故（道路）"
"765","1992","平成","4","5","5~6","バイクで新聞配達中、市道で左方から来たトラックに衝突した。","8","商業","","","","","30~49","2","物上げ装置、運搬機械","23","乗物","","","17","交通事故（道路）"
"766","1992","平成","4","5","8~9","漁具を投網し、船尾近くのドラム手前にある滑車に漁具のワイヤロープを掛けようとした際、海中に転落した。","7","畜産・水産業","","","","","10~29","2","物上げ装置、運搬機械","23","乗物","","","10","おぼれ"
"767","1992","平成","4","5","9~10","鉄筋2階建て家屋の補修防水工事現場で、屋上の庇部分(幅約60センチメートル)の防水工事中、バランスを崩して墜落した。","3","建設業","302","建築工事業","","","10~29","4","仮設物、建築物、構築物等","41","仮設物、建築物、構築物等","","","1","墜落、転落"
"768","1992","平成","4","5","9~10","建設資材ストックヤード鉄骨組立工事において、鉄骨柱(7m)を移動式クレーンで吊り基礎部分に取付終了後、玉掛けワイヤを外すため鉄骨柱に昇りワイヤを外して降りる際、当該鉄骨が倒れ、鉄骨とともに落下した。","3","建設業","302","建築工事業","","","1~9","4","仮設物、建築物、構築物等","41","仮設物、建築物、構築物等","","","1","墜落、転落"
"769","1992","平成","4","5","14~15","送電鉄塔の塗り替え工事において、鉄塔の中間部分(高さ約10m)で塗装の終了した鉄塔にビニル製の回線標識を貼る作業中、66000Vの特別高圧送電線に触れた。","3","建設業","302","建築工事業","","","1~9","3","その他の装置等","35","電気設備","","","13","感電"
"770","1992","平成","4","5","16~17","建物5階の階段室に仮止めしてあったALC板(縦120センチメートル、横60センチメートル、厚さ10センチメートル、50キログラム)に同僚が触れ、ALC板が落下し、直撃した。","3","建設業","302","建築工事業","","","1~9","5","物質、材料","52","材料","","","4","飛来、落下"
"771","1992","平成","4","5","18~19","町道交差点において、作業員を送迎中のワゴン車が一時停止後直進しようと交差点中央に出たところ、右から来た乗用車が衝突した。","6","農林業","602","林業","","","10~29","2","物上げ装置、運搬機械","23","乗物","","","17","交通事故（道路）"
"772","1992","平成","4","5","18~19","町道交差点において、作業員を送迎中のワゴン車が一時停止後直進しようと交差点中央に出たところ、右から来た乗用車が衝突した。","6","農林業","602","林業","","","10~29","2","物上げ装置、運搬機械","23","乗物","","","17","交通事故（道路）"
"773","1992","平成","4","5","20~21","湖上で花火を打ち上げ中、導火線に着火した際、煙管から飛び出した花火の玉が激突した。","1","製造業","117","その他の製造業","","","10~29","5","物質、材料","51","危険物、有害物等","","","4","飛来、落下"
"774","1992","平成","4","5","2~3","代行運転で客を送り乗用車で帰社中、センターラインを越えてきた対向車と正面衝突した。","4","運輸交通業","402","道路旅客運送業","","","10~29","2","物上げ装置、運搬機械","23","乗物","","","17","交通事故（道路）"
"775","1992","平成","4","5","3~4","高速道路を走行中、事故により一部走行規制のため進路変更した際、スリップして水銀灯に激突し、車外に投げ出され後続車に巻き込まれた。","4","運輸交通業","403","道路貨物運送業","","","100~299","2","物上げ装置、運搬機械","22","動力運搬機","","","17","交通事故（道路）"
"776","1992","平成","4","5","10~11","砕石場で、発破をかけた場所の石をドラグショベルで下に落とす作業中、ドラグショベルとともに転落した。","2","鉱業","202","土石採取業","","","10~29","1","動力機械","14","建設機械等","","","1","墜落、転落"
"777","1992","平成","4","5","10~11","新築個人住宅の電気工事において、2階外壁の換気孔にカバーを取り付けるため、2tダンプカーの荷台上に長さ約6.3mのアルミ梯子を掛け昇っていたところ、梯子が滑って倒れ、3.7m下の地面上に墜落した。","3","建設業","302","建築工事業","","","10~29","3","その他の装置等","37","用具","","","1","墜落、転落"
"778","1992","平成","4","5","11~12","変電室内の配電盤で工場空調機用端子の接続作業中、通電部分に接触した。","3","建設業","303","その他の建設業","","","1~9","3","その他の装置等","35","電気設備","","","13","感電"
"779","1992","平成","4","5","15~16","出先から帰社するため県道を走行中、カーブでセンターラインを越え、対向してきた大型ダンプカーと正面衝突した。","1","製造業","114","電気機械器具製造業","","","100~299","2","物上げ装置、運搬機械","23","乗物","","","17","交通事故（道路）"
"780","1992","平成","4","5","16~17","ビル外壁用コンクリート製L型PC板(3.5t)3基をコロ上に立てた間で仕上げ作業中、フォークリフトに乗せた別のPC板が倒れ、3基のPC板が将棋倒しになりその下敷きになった。","1","製造業","109","窯業土石製品製造業","","","30~49","6","荷","61","荷","","","5","崩壊、倒壊"
"781","1992","平成","4","5","16~17","ビル外壁用コンクリート製L型PC板(3.5t)3基をコロ上に立てた間で仕上げ作業中、フォークリフトに乗せた別のPC板が倒れ、3基のPC板が将棋倒しになりその下敷きになった。","1","製造業","109","窯業土石製品製造業","","","30~49","6","荷","61","荷","","","5","崩壊、倒壊"
"782","1992","平成","4","5","23~24","駅構内の交差点において、走行中の大型トラックの側面にバイクで衝突した。","4","運輸交通業","403","道路貨物運送業","","","50~99","2","物上げ装置、運搬機械","23","乗物","","","3","激突"
"783","1992","平成","4","5","不明","ゴルフ場の池北斜面の緑地内に御影石(約5t)を積み置きする作業中、クローラークレーン(つり上げ荷重45t)のワイヤ2本で石を吊り、斜面に降ろした際ワイヤが外れて石が落下し、当たった。","3","建設業","301","土木工事業","","","10~29","3","その他の装置等","37","用具","","","6","激突され"
"784","1992","平成","4","5","2~3","新聞の配送中、左カーブで反対車線側の歩道にある電柱に激突した。","4","運輸交通業","403","道路貨物運送業","","","50~99","2","物上げ装置、運搬機械","22","動力運搬機","","","17","交通事故（道路）"
"785","1992","平成","4","5","10~11","モーターボートで釣り客に弁当を運ぶ途中、漁港でモーターボートの操縦を誤り、転覆した。","8","商業","","","","","1~9","2","物上げ装置、運搬機械","23","乗物","","","10","おぼれ"
"786","1992","平成","4","5","11~12","古紙の回収後、業者のところへ向かうため国道を走行中、カーブを曲がりきれずにガードレールに激突して突き破り、約2.5m下の畑に転落した。","8","商業","","","","","1~9","2","物上げ装置、運搬機械","22","動力運搬機","","","17","交通事故（道路）"
"787","1992","平成","4","5","15~16","養鯉池から約500m離れた下水マンホール内でゴミの除去作業中、大量の水と大型発泡スチロールが流出し、発泡スチロールとマンホールの壁に胸部を圧迫された。","7","畜産・水産業","","","","","10~29","7","環境等","71","環境等","","","6","激突され"
"788","1992","平成","4","5","5~6","バイクで朝刊配達中、道路を横断しようとして歩道から車道に出た際、右方向から来た普通乗用車に衝突された。","8","商業","","","","","1~9","2","物上げ装置、運搬機械","23","乗物","","","17","交通事故（道路）"
"789","1992","平成","4","5","7~8","250ミリメートル懸垂がいし製造用成形ラインの予備成形機の運転準備中、ターンテーブル上にトラブルを発見したためターンテーブルを停止しその上で点検中、可動状態にあった坏土柱乗換機と円盤押さえのベース部に挟まれた。","1","製造業","109","窯業土石製品製造業","","","300~499","2","物上げ装置、運搬機械","22","動力運搬機","","","7","はさまれ、巻き込まれ"
"790","1992","平成","4","5","9~10","事業場から現場へミキサー車で生コンを搬送中、市道でスピードを出しすぎたためカーブを曲がりきれず、センターラインを越え道路反対側の電柱に激突して横転し、運転席と地面に挟まれた。","1","製造業","109","窯業土石製品製造業","","","10~29","2","物上げ装置、運搬機械","22","動力運搬機","","","17","交通事故（道路）"
"791","1992","平成","4","5","9~10","不整地運搬車(最大積載量300キログラム:後部に操作装置があり地上で操作する)で残土を運搬中、操作を誤って後進させたため、後方にあったバックホウとの間に挟まれた。","3","建設業","301","土木工事業","","","10~29","2","物上げ装置、運搬機械","22","動力運搬機","","","7","はさまれ、巻き込まれ"
"792","1992","平成","4","5","9~10","トラック荷台に鉄屑を積むため、同トラックのクレーン(リフマグ付)を旋回中、ブームを同時に下げたためリフマグに激突され、クレーンのフレームとリフマグ(300キログラム)の間に挟まれた。","8","商業","","","","","10~29","2","物上げ装置、運搬機械","21","動力クレーン等","","","6","激突され"
"793","1992","平成","4","5","10~11","幹線道路の中央分離帯を清掃後、歩道へ行くため車道を横断中、バイクと衝突した。","15","清掃・と畜業","","","","","10~29","2","物上げ装置、運搬機械","23","乗物","","","17","交通事故（道路）"
"794","1992","平成","4","5","15~16","高速道路を走行中のコンクリートポンプ車が、前車のトラックに追突した。","3","建設業","302","建築工事業","","","10~29","2","物上げ装置、運搬機械","23","乗物","","","17","交通事故（道路）"
"795","1992","平成","4","5","15~16","小型ドラグショベルで水路の床堀作業中、左旋回した際3m下の水田に転落し、ドラグショベルの下敷きになった。","3","建設業","301","土木工事業","","","10~29","1","動力機械","14","建設機械等","","","1","墜落、転落"
"796","1992","平成","4","5","17~18","フォークリフトのパレット上に修理部品(長さ177センチメートル、60キログラム)を乗せ、ショットブラストに部品を取り付け作業中、フォークリフトのパレットを上昇させるためエンジンをかけた際、ギアがローに入っていたため前進し挟まれた。","3","建設業","303","その他の建設業","","","1~9","2","物上げ装置、運搬機械","22","動力運搬機","","","6","激突され"
"797","1992","平成","4","5","2~3","高速道路を走行中、前車に追突した。","4","運輸交通業","403","道路貨物運送業","","","100~299","2","物上げ装置、運搬機械","22","動力運搬機","","","17","交通事故（道路）"
"798","1992","平成","4","5","13~14","ホッパーの解体作業中、床の鉄板がずれ落ち、約5m下の基礎に墜落した。","3","建設業","302","建築工事業","","","10~29","4","仮設物、建築物、構築物等","41","仮設物、建築物、構築物等","","","1","墜落、転落"
"799","1992","平成","4","5","14~15","ホテル建築現場から小型トラックで他のゴルフ場建設現場へ型わく資材を取りに行き、同資材を積み込み戻る途中、道路脇のガードリープの支柱に衝突した。","3","建設業","302","建築工事業","","","1~9","2","物上げ装置、運搬機械","22","動力運搬機","","","17","交通事故（道路）"
"800","1992","平成","4","5","14~15","発電所構内をバイクで走行中、三叉路で右折しようとしていた軽自動車に衝突した。","3","建設業","303","その他の建設業","","","10~29","2","物上げ装置、運搬機械","23","乗物","","","17","交通事故（道路）"
"801","1992","平成","4","5","14~15","配管内に詰まった粉状コークスを取り除くため配管内に入り、鉄筋の棒で突いたところ、コークスが崩れ落ち埋まった。","3","建設業","303","その他の建設業","","","10~29","5","物質、材料","52","材料","","","5","崩壊、倒壊"
"802","1992","平成","4","5","14~15","自動車部品を作る工場内で、給湯炉出口付近のアルミ溶融かすをドライバーで取り除く作業中、射出成形機に挟まれた。(外)","1","製造業","111","非鉄金属製造業","","","30~49","1","動力機械","16","一般動力機械","","","7","はさまれ、巻き込まれ"
"803","1992","平成","4","5","16~17","帰社するため4tトラックで高速道路を走行中、前方のライトバンに接触した後、11tトラックに追突した。","1","製造業","112","金属製品製造業","","","50~99","2","物上げ装置、運搬機械","22","動力運搬機","","","17","交通事故（道路）"
"804","1992","平成","4","5","17~18","防火訓練中、工場3階の窓から緊急脱出用具(緩降機)を使い降下を始めたところ、身体の一部に付けたベルトが緩み、約8m下のコンクリート上に墜落した。","1","製造業","113","一般機械器具製造業","","","300~499","3","その他の装置等","37","用具","","","1","墜落、転落"
"805","1992","平成","4","5","8~9","工事現場において、勾配17度の斜面上でブルドーザー(機体重量26.99t)で押し上げ作業中、約8m下へ転落し、キャビンと車体の間に挟まれた。","3","建設業","301","土木工事業","","","30~49","1","動力機械","14","建設機械等","","","1","墜落、転落"
"806","1992","平成","4","5","9~10","充電設備等の定期点検作業中、誤ってキュービクルボックス内の充電部分に触れた。","17","その他の事業","","","","","50~99","3","その他の装置等","35","電気設備","","","13","感電"
"807","1992","平成","4","5","11~12","フォークリフトのパレットに同僚を乗せて上げ、地上3.7mにある塩ビ管を修理中、フォークリフトの運転手である被災者はフォークリフトの屋根に乗っていたが、降りる際に体が操作レバーに触れたためマストが後傾し、腰部をマストと前部フレームの間に挟まれた。","1","製造業","101","食料品製造業","","","30~49","2","物上げ装置、運搬機械","22","動力運搬機","","","7","はさまれ、巻き込まれ"
"808","1992","平成","4","5","12~13","7階建てビルの窓ガラスを外側から清掃するため屋上に取り付けたブランコに乗る際、屋上の高さ約1.86mのフェンスを乗り越えようとしたところ、足を踏み外して約20.5m下の道路上に墜落した。","15","清掃・と畜業","","","","","1~9","4","仮設物、建築物、構築物等","41","仮設物、建築物、構築物等","","","1","墜落、転落"
"809","1992","平成","4","5","15~16","風倒木伐採現場において、同僚が杉の傾斜木(伐根直径25センチメートル、高さ21m)をチェンソーで伐倒したところ、17m離れた地点にいて、伐倒木が激突した。","6","農林業","601","農業","","","1~9","7","環境等","71","環境等","","","6","激突され"
"810","1992","平成","4","5","7~8","Pia-8抗打構台建築箇所において、構台の支持抗の高さを揃えるためH鋼をガス溶断中、溶接火花が着衣に飛び、着衣が炎上した。","3","建設業","301","土木工事業","","","10~29","3","その他の装置等","33","溶接装置","","","11","高温・低温の物との接触"
"811","1992","平成","4","5","8~9","建屋の屋上から雨よけテントシートを垂らす作業中、シートの一端を屋上の丸太に固定し、片方を足場上に垂らし、次に足場最上段に戻る際、10.2m下の地上に墜落した。","3","建設業","303","その他の建設業","","","1~9","4","仮設物、建築物、構築物等","41","仮設物、建築物、構築物等","","","1","墜落、転落"
"812","1992","平成","4","5","10~11","船台上において、修繕中の台船のタンクの水抜き作業をするためタンクのマンホール内に入ったところ、酸欠になった。","1","製造業","115","輸送用機械等製造業","","","50~99","7","環境等","71","環境等","","","12","有害物等との接触"
"813","1992","平成","4","5","10~11","港の沖合で荷揚げ作業の鑑定業務(検査)後、貨物船から通船ボートに乗り移る際、海中に転落した。","17","その他の事業","","","","","10~29","2","物上げ装置、運搬機械","23","乗物","","","10","おぼれ"
"814","1992","平成","4","5","11~12","乗用車で顧客先に向う途中、高速道路で路肩のガードロープに衝突し、はずみで中央分離帯にはね飛ばされた。","9","金融・広告業","","","","","30~49","2","物上げ装置、運搬機械","23","乗物","","","17","交通事故（道路）"
"815","1992","平成","4","5","11~12","台風により地面上に倒れ根株が地中から起き上がっている風倒木(胸高直径約30センチメートル)の処理のため、チェーンソーで根元部分を切断後、集材する際ワイヤロープの取付けに邪魔になる根株部分を切断したところ、根株が横転して激突され、後方の他の玉切材との間に挟まれた。","6","農林業","601","農業","","","10~29","7","環境等","71","環境等","","","6","激突され"
"816","1992","平成","4","5","13~14","造成工事において、支障木(胸高直径41~42センチメートル、長さ19.8mの松)の伐倒作業中、伐倒方向で玉切り作業をしていて伐倒木に直撃された。","3","建設業","301","土木工事業","","","10~29","7","環境等","71","環境等","","","5","崩壊、倒壊"
"817","1992","平成","4","5","13~14","当該事業場が管理している分譲地から出た粗大ゴミを会社所有のワゴン車で清掃センターへ運搬中、交差点でハンドル操作を誤り電柱に激突した。","17","その他の事業","","","","","1~9","2","物上げ装置、運搬機械","23","乗物","","","17","交通事故（道路）"
"818","1992","平成","4","5","14~15","自社資材倉庫解体のため屋根上で調査中、採光窓のビニール製波板を踏み抜き、約6m下に墜落した。","3","建設業","302","建築工事業","","","100~299","4","仮設物、建築物、構築物等","41","仮設物、建築物、構築物等","","","1","墜落、転落"
"819","1992","平成","4","5","14~15","自社倉庫のスレート屋根を修繕作業中、採光のための屋根板(プラスチックの波形板)を踏み抜き、6.5m下のコンクリート床面に墜落した。","3","建設業","302","建築工事業","","","30~49","4","仮設物、建築物、構築物等","41","仮設物、建築物、構築物等","","","1","墜落、転落"
"820","1992","平成","4","5","14~15","コンクリート製基礎杭16本をトレーラーの荷台からスロープを使い地上に降ろしていたところ、杭を止めていたワイヤロープが外れたため杭がスロープを転がり落ち、下敷きになった。","4","運輸交通業","403","道路貨物運送業","","","10~29","5","物質、材料","52","材料","","","6","激突され"
"821","1992","平成","4","5","15~16","転炉ガスホルダーの配管にマンホールを取り付ける作業中、水封していた別の配管との接続部(径3.4mの開口部)から墜落し、溺れた。","3","建設業","303","その他の建設業","","","1~9","4","仮設物、建築物、構築物等","41","仮設物、建築物、構築物等","","","1","墜落、転落"
"822","1992","平成","4","5","15~16","集材作業現場(アベックキャリヤ方式)で単独で荷かけ作業中、斜面上方にあった全幹材が滑落し直撃した。","6","農林業","601","農業","","","1~9","7","環境等","71","環境等","","","6","激突され"
"823","1992","平成","4","5","23~24","高圧線太線化に伴う準備工事において、低圧線(210V)を活線として保持するため高圧線(6600V)からケーブルを引き仮設の変圧器(変圧器を乗せた車)で低圧にし、動力用低圧ケーブルに接続するバイパス工事作業中、当該車から降りる際、変圧器を囲っている鉄製の枠と道路上の道路標識に触れ感電した。","3","建設業","303","その他の建設業","","","50~99","3","その他の装置等","35","電気設備","","","13","感電"
"824","1992","平成","4","5","3~4","納品後、帰社するため10tトラックで高速道路を走行中、インター付近で10tトラックに追突した。","4","運輸交通業","403","道路貨物運送業","","","10~29","2","物上げ装置、運搬機械","22","動力運搬機","","","17","交通事故（道路）"
"825","1992","平成","4","5","8~9","下水道築造工事現場で、管渠布設のためミニバックホウで掘削作業中、前後の確認のためミニバックホウのアームを上げ、運転席から身を乗り出したところ、身体が操作レバーに接触してアームが下がり、運転室のフレーム部分とアームの間に挟まれた。","3","建設業","301","土木工事業","","","10~29","1","動力機械","14","建設機械等","","","7","はさまれ、巻き込まれ"
"826","1992","平成","4","5","9~10","ミキサーへ粉末の仕込み中、粉末が入りすぎたためミキサーを止め余分な粉末をスネークコンベアダクトから取り除く作業をしていたところ、当該コンベアのスイッチを入れると同時にミキサーの撹拌羽根が回転したため、羽根に跳ね飛ばされた。","1","製造業","108","化学工業","","","100~299","1","動力機械","16","一般動力機械","","","6","激突され"
"827","1992","平成","4","5","9~10","L型法止めブロックの型わく解体中、型わくを天井クレーンで吊るべきところを吊らずに作業したため型わくの一面が倒れ、下敷きになった。","1","製造業","109","窯業土石製品製造業","","","1~9","3","その他の装置等","39","その他の装置、設備","","","5","崩壊、倒壊"
"828","1992","平成","4","5","10~11","鋼製足場板(24×400センチメートル)を外部非常階段の吹抜部に組んだ単管足場を使い8階まで運ぶ作業中、5階に仮置きしていた鋼製足場板が崩れ落ちたため階下の足場上から墜落し、鋼製足場板が当たった。","3","建設業","302","建築工事業","","","1~9","4","仮設物、建築物、構築物等","41","仮設物、建築物、構築物等","","","4","飛来、落下"
"829","1992","平成","4","5","12~13","1階屋根上で板打作業中、雨で大工道具が濡れるのを防ぐためブルーシートを掛けていたとき、足を滑らせ約4m下の地上に墜落した。","3","建設業","302","建築工事業","","","1~9","4","仮設物、建築物、構築物等","41","仮設物、建築物、構築物等","","","1","墜落、転落"
"830","1992","平成","4","5","12~13","顧客先へ行くため高速道路を走行中、中央分離帯に衝突した。","8","商業","","","","","30~49","2","物上げ装置、運搬機械","23","乗物","","","17","交通事故（道路）"
"831","1992","平成","4","5","12~13","RC10階建てマンション新築工事において、左官工事のためモルタルをバケツに入れ外部足場上を移動中、足を踏み外し足場と躯体の間(約50センチメートル)より約28m下の地上に墜落した。","3","建設業","302","建築工事業","","","1~9","4","仮設物、建築物、構築物等","41","仮設物、建築物、構築物等","","","1","墜落、転落"
"832","1992","平成","4","5","14~15","設計図を工事現場に運ぶため府道を走行中、交通事故にあった。","3","建設業","301","土木工事業","","","1~9","2","物上げ装置、運搬機械","23","乗物","","","17","交通事故（道路）"
"833","1992","平成","4","5","15~16","乗用車で出張し、客先に向かうため高速道路を走行中、道路左側のコンクリート法面に激突した。","8","商業","","","","","30~49","2","物上げ装置、運搬機械","23","乗物","","","17","交通事故（道路）"
"834","1992","平成","4","5","17~18","製品の校正のため出張した帰り国道を走行中、雨で運転を誤り左側壁に衝突し、そのはずみで追越車線に出て停止したところへ後続のトラックに追突された。","9","金融・広告業","","","","","100~299","2","物上げ装置、運搬機械","23","乗物","","","17","交通事故（道路）"
"835","1992","平成","4","5","3~4","タクシーに客を乗せ走行中、交差点を直進しようとしたところ、右側から進入してきた乗用車がタクシーの側方に激突した。","4","運輸交通業","402","道路旅客運送業","","","300~499","2","物上げ装置、運搬機械","23","乗物","","","17","交通事故（道路）"
"836","1992","平成","4","5","8~9","工場内のピンクラッチプレス(60t)で作業中、起動スイッチでプレスを止めプレスの後方に回ったところ、フライホイールからプレスに動力を伝えるシャフトに付いているネジ部分に衣服が巻き込まれた。","1","製造業","112","金属製品製造業","","","30~49","1","動力機械","16","一般動力機械","","","7","はさまれ、巻き込まれ"
"837","1992","平成","4","5","15~16","工場内で、トラス式鉄塔(スキーリフトの鉄柱、全長20.4m)を横に寝かせた状態で解体作業中、高さ5.2mの梁(幅9センチメートル)上で立ちボルトの取り外し作業をしていたところ墜落した。","1","製造業","113","一般機械器具製造業","","","100~299","4","仮設物、建築物、構築物等","41","仮設物、建築物、構築物等","","","1","墜落、転落"
"838","1992","平成","4","5","16~17","鶏舎の寄生虫防除のため自走式ゴムキャタピラー防除車に乗り操作中、方向転換箇所で操作を誤り、後進して外壁に激突し、建屋胴縁と防除車に挟まれた。","7","畜産・水産業","","","","","30~49","1","動力機械","16","一般動力機械","","","7","はさまれ、巻き込まれ"
"839","1992","平成","4","5","21~22","事務所兼従業員寮ビルの2階付近から出火し、3階にいて焼死した。","17","その他の事業","","","","","10~29","4","仮設物、建築物、構築物等","41","仮設物、建築物、構築物等","","","16","火災"
"840","1992","平成","4","5","21~22","事務所兼従業員寮ビルの2階付近から出火し、3階にいて焼死した。","17","その他の事業","","","","","10~29","4","仮設物、建築物、構築物等","41","仮設物、建築物、構築物等","","","16","火災"
"841","1992","平成","4","5","21~22","事務所兼従業員寮ビルの2階付近から出火し、3階にいて焼死した。","17","その他の事業","","","","","10~29","4","仮設物、建築物、構築物等","41","仮設物、建築物、構築物等","","","16","火災"
"842","1992","平成","4","5","21~22","事務所兼従業員寮ビルの2階付近から出火し、3階にいて焼死した。","17","その他の事業","","","","","10~29","4","仮設物、建築物、構築物等","41","仮設物、建築物、構築物等","","","16","火災"
"843","1992","平成","4","5","22~23","代行依頼先へ乗用車で向う途中、県道上で車がスリップして横向きになり、対向車線にはみ出し反対方向から来た乗用車と衝突し、道路脇1.3m下に転落して車外に放り出された。","4","運輸交通業","404","その他の運輸交通業","","","1~9","2","物上げ装置、運搬機械","23","乗物","","","17","交通事故（道路）"
"844","1992","平成","4","5","22~23","代行依頼先へ乗用車で向う途中、県道上で車がスリップして横向きになり、対向車線にはみ出し反対方向から来た乗用車と衝突し、道路脇1.3m下に転落して車外に放り出された。","4","運輸交通業","404","その他の運輸交通業","","","1~9","2","物上げ装置、運搬機械","23","乗物","","","17","交通事故（道路）"
"845","1992","平成","4","5","12~13","客先から戻る途中、運転していた車が橋から転落した。","8","商業","","","","","1~9","2","物上げ装置、運搬機械","23","乗物","","","17","交通事故（道路）"
"846","1992","平成","4","5","10~11","トレーラーからコンクリート製電柱を荷卸しするため、電柱固定用金具の2個目を外していたところ電柱が転び始め、電柱とともに1.2m下の地面に転落した。","4","運輸交通業","403","道路貨物運送業","","","不明","6","荷","61","荷","","","6","激突され"
"847","1992","平成","4","5","11~12","4tトラックで高速道路を走行中、インター手前道路上で追い越しをした際、走行車線左側壁に激突し、反動でさらに中央分離帯に激突し、車外に放り出された。","4","運輸交通業","403","道路貨物運送業","","","10~29","2","物上げ装置、運搬機械","22","動力運搬機","","","17","交通事故（道路）"
"848","1992","平成","4","5","14~15","コンクリート廃材を粉砕機で粉砕するため、作業開始前に注油作業をしていたところ、粉砕機に巻き込まれた。","3","建設業","303","その他の建設業","","","10~29","1","動力機械","16","一般動力機械","","","7","はさまれ、巻き込まれ"
"849","1992","平成","4","5","15~16","研削盤の胴体(縦3m、横3.8m、高さ2.1m)の塗装の前処理のため移動式階段を昇り、移動式階段上で磨き具合を見ていたところ、足を踏み外し、1.59m下のコンクリート床面に墜落した。","1","製造業","112","金属製品製造業","","","10~29","4","仮設物、建築物、構築物等","41","仮設物、建築物、構築物等","","","1","墜落、転落"
"850","1992","平成","4","5","15~16","トラックで高速道路を走行中、中央分離帯を乗り越えて来た大型トレーラーと衝突した。","8","商業","","","","","1~9","2","物上げ装置、運搬機械","23","乗物","","","17","交通事故（道路）"
"851","1992","平成","4","5","17~18","マス延縄漁船(4.5t)で漁場から帰港途中、タンカー(1.755t)と衝突し、行方不明になった。","7","畜産・水産業","","","","","1~9","2","物上げ装置、運搬機械","22","動力運搬機","","","18","交通事故（その他）"
"852","1992","平成","4","5","21~22","トラックで国道を走行中、他のトラックが乗用車に追突して停車しているところへ追突した。","4","運輸交通業","403","道路貨物運送業","","","1~9","2","物上げ装置、運搬機械","22","動力運搬機","","","17","交通事故（道路）"
"853","1992","平成","4","5","3~4","10tトラックに木材パルプを積み国道を走行中、前車のトレーラーに追突した。","4","運輸交通業","403","道路貨物運送業","","","10~29","2","物上げ装置、運搬機械","22","動力運搬機","","","17","交通事故（道路）"
"854","1992","平成","4","5","5~6","軽トラックで一般道を走行中、交差点を直進しようとしたところ、対向してきた普通トラックが急に右折したため正面衝突した。","8","商業","","","","","50~99","2","物上げ装置、運搬機械","22","動力運搬機","","","17","交通事故（道路）"
"855","1992","平成","4","5","7~8","構内に停車中の列車の出庫点検のため通路を歩行中、通路に沿って走行してきた電車と接触した。","4","運輸交通業","401","鉄道・軌道・水運・航空業","","","50~99","2","物上げ装置、運搬機械","23","乗物","","","18","交通事故（その他）"
"856","1992","平成","4","5","8~9","漁港の網揚げ場において、6tトラックで船から大敷網(一辺約60m)を引き揚げる作業中、網をトラックに引っかけていたところ、網を引くためバックしてきたトラックにひかれた。","7","畜産・水産業","","","","","不明","2","物上げ装置、運搬機械","22","動力運搬機","","","7","はさまれ、巻き込まれ"
"857","1992","平成","4","5","9~10","汚水管布設工事現場の県道上に1tトラックを止め積み荷(塩ビ管)をおろす作業中、塩ビ管を固定していたロープを外した際、転がり落ちそうになったため避けようとして後づさりしたところ、身体が反対車線に出てしまい、走行してきたタンクローリーにひかれた。","8","商業","","","","","10~29","2","物上げ装置、運搬機械","22","動力運搬機","","","17","交通事故（道路）"
"858","1992","平成","4","5","11~12","チップ工場において、専用8tトラックにチップを積み込み後、積荷の状況確認のためアルミ梯子を立てかけて昇り、荷を均していたところ足を踏み外し、コンクリート路面に墜落した。","1","製造業","104","木材・木製品製造業","","","1~9","3","その他の装置等","37","用具","","","1","墜落、転落"
"859","1992","平成","4","5","12~13","配達先で鉄筋束(直径13ミリメートル、長さ5.5m、210本)をトラックの荷台から降ろす際、鉄筋束とともに荷台から転落し、落ちた鉄筋と地面に首を挟まれた。","8","商業","","","","","1~9","2","物上げ装置、運搬機械","22","動力運搬機","","","1","墜落、転落"
"860","1992","平成","4","5","13~14","車で納品に行き得意先事業場を出る際、道路反対側の車へ行こうと道路横断中、走行してきたバイクにはねられた。","8","商業","","","","","1000~9999","2","物上げ装置、運搬機械","23","乗物","","","17","交通事故（道路）"
"861","1992","平成","4","5","15~16","道路改良工事現場において、路肩にある花壇の縁石の汚れ落とし作業中、乗用車が突っ込んできて、はねられた。","3","建設業","301","土木工事業","","","300~499","2","物上げ装置、運搬機械","23","乗物","","","17","交通事故（道路）"
"862","1992","平成","4","5","17~18","工場の資材置場において、水道工事用塩化ビニールパイプをフォークローダーでトラックの荷台に積み込む作業中、トラックの荷台より地上に落下した。","4","運輸交通業","403","道路貨物運送業","","","50~99","2","物上げ装置、運搬機械","22","動力運搬機","","","1","墜落、転落"
"863","1992","平成","4","5","18~19","客先に納車後、同僚と車で帰社する途中タバコを買い、車に戻るため県道を横断中、直進してきた軽乗用車にはねられた。","8","商業","","","","","10~29","2","物上げ装置、運搬機械","23","乗物","","","17","交通事故（道路）"
"864","1992","平成","4","5","19~20","11tトラックで走行中、トラックに激突した。","4","運輸交通業","403","道路貨物運送業","","","500~999","2","物上げ装置、運搬機械","22","動力運搬機","","","17","交通事故（道路）"
"865","1992","平成","4","5","19~20","蒸解工程にモップを搬入する縦コンベヤーにチップが詰まり停止したため、下部ドラム上で詰まったチップを取り除く作業中、コンベヤーベルトが逆回転し、コンベヤーベルトと下部ドラムの間に挟まれた。","1","製造業","106","パルプ・紙・紙加工品製造業","","","30~49","2","物上げ装置、運搬機械","22","動力運搬機","","","7","はさまれ、巻き込まれ"
"866","1992","平成","4","5","19~20","蒸解工程にモップを搬入する縦コンベヤーにチップが詰まり停止したため、下部ドラム上で詰まったチップを取り除く作業中、コンベヤーベルトが逆回転し、コンベヤーベルトと下部ドラムの間に挟まれた。","1","製造業","106","パルプ・紙・紙加工品製造業","","","100~299","2","物上げ装置、運搬機械","22","動力運搬機","","","7","はさまれ、巻き込まれ"
"867","1992","平成","4","5","9~10","セルフローダーでパワーショベルを工事現場まで移送し、坂道に停車して卸した後、セルフローダーのジャッキを収め運転席に戻ろうとしたところ、セルフローダーが動き出し下敷きになった。","4","運輸交通業","403","道路貨物運送業","","","10~29","2","物上げ装置、運搬機械","22","動力運搬機","","","17","交通事故（道路）"
"868","1992","平成","4","5","10~11","水田に埋まった田植機をトラクターで引き上げるためワイヤロープを掛けようとしたところ、トラクターが動き出し、田植機のエンジン部とトラクターのバケットの間に挟まれた。","8","商業","","","","","1~9","1","動力機械","16","一般動力機械","","","7","はさまれ、巻き込まれ"
"869","1992","平成","4","5","11~12","軽トラックで配達中、道路左側のブロック塀に衝突した。","1","製造業","101","食料品製造業","","","1~9","2","物上げ装置、運搬機械","22","動力運搬機","","","17","交通事故（道路）"
"870","1992","平成","4","5","12~13","路面改良のためドラグショベルでアスファルト路面を破砕し、ダンプに積み込み作業中、雷雨のためダンプ横の木陰に退避していたところ、積み込んだアスファルト片(60×90×20センチメートル、約260キログラム)がずり落ち激突した。(外)","3","建設業","301","土木工事業","","","50~99","5","物質、材料","52","材料","","","4","飛来、落下"
"871","1992","平成","4","5","13~14","3階建てマンションの屋上面の防水工事終了後、屋上面の外周部パラペット(かさぎ)部分の亀裂からの水漏れ防止策として、金物(アングル)材を取り付けるため取付部の採寸中、バランスを崩し約7.1m下の隣家の庇に墜落した。","3","建設業","302","建築工事業","","","10~29","4","仮設物、建築物、構築物等","41","仮設物、建築物、構築物等","","","1","墜落、転落"
"872","1992","平成","4","5","13~14","材料倉庫の大棚設置工事において、縦鋼板を敷き並べ中、棚の根太(高さ2.4m)から足を滑らせ、コンクリート床面に墜落した。","3","建設業","302","建築工事業","","","1~9","4","仮設物、建築物、構築物等","41","仮設物、建築物、構築物等","","","1","墜落、転落"
"873","1992","平成","4","5","13~14","屋根改修工事において、スレート上でループ材を敷く作業中、スレートを踏み抜き12m下の受槽用ピット内に墜落した。","3","建設業","302","建築工事業","","","30~49","4","仮設物、建築物、構築物等","41","仮設物、建築物、構築物等","","","1","墜落、転落"
"874","1992","平成","4","5","15~16","下水道工事現場において、市道の路面にドリルで穴掘り作業中、トラクターショベルにひかれた。","3","建設業","301","土木工事業","","","1~9","1","動力機械","14","建設機械等","","","7","はさまれ、巻き込まれ"
"875","1992","平成","4","5","2~3","タクシー乗務中、乗客に殺害された。","4","運輸交通業","402","道路旅客運送業","","","100~299","9","その他","91","その他の起因物","","","90","その他"
"876","1992","平成","4","5","4~5","乳母車に朝刊を積み配達に行く途中、交差点の横断歩道で乗用車にひかれた。","8","商業","","","","","10~29","2","物上げ装置、運搬機械","23","乗物","","","17","交通事故（道路）"
"877","1992","平成","4","5","9~10","仮設構台通路の撤去工事で、主桁(高さ2.16m×幅0.86m×長さ36m)2本と受桁(H700×300ミリメートル、長さ12m)4本のボルトを外し、受桁1本を移動式クレーンで位置をずらし、再度吊上げるため準備をしていたところ主桁2本が倒れ、近くで防水工事をしていて主桁に挟まれた。","3","建設業","301","土木工事業","","","50~99","4","仮設物、建築物、構築物等","41","仮設物、建築物、構築物等","","","5","崩壊、倒壊"
"878","1992","平成","4","5","10~11","養生用敷鉄板(2.5m×1.2m×2センチメートル、約200キログラム)6枚をトラックから降ろすため、鉄板の1枚にワイヤロープを掛けドラグショベルで吊り上げ作業中、荷を誘導していたが一旦誘導を中断し、ドラグショベルとトラックの間に入った際、ドラグショベルが旋回したためトラックの荷台とドラグショベルの後部に挟まれた。","3","建設業","302","建築工事業","","","10~29","1","動力機械","14","建設機械等","","","7","はさまれ、巻き込まれ"
"879","1992","平成","4","5","11~12","ミニバイクで配達中、県道で対向してきた観光バスと正面衝突した。","8","商業","","","","","1~9","2","物上げ装置、運搬機械","23","乗物","","","17","交通事故（道路）"
"880","1992","平成","4","5","11~12","10.3t不整地運搬車を修理し、セルを直結してエンジンを作動させたところ、不整地運搬車が動き出しひかれた。","1","製造業","117","その他の製造業","","","1~9","2","物上げ装置、運搬機械","22","動力運搬機","","","7","はさまれ、巻き込まれ"
"881","1992","平成","4","5","13~14","花火材を天日乾燥中、自然発火して爆発し、近接の工場に延焼した。","1","製造業","108","化学工業","","","1~9","5","物質、材料","51","危険物、有害物等","","","14","爆発"
"882","1992","平成","4","5","15~16","ポリエステル樹脂槽(径1.5m、深さ1.6m)の内部において、槽底面をメチレンクロライド溶剤で清掃中、急性中毒になった。","1","製造業","108","化学工業","","","500~999","5","物質、材料","51","危険物、有害物等","","","12","有害物等との接触"
"883","1992","平成","4","5","15~16","4tトラックに同乗し木造建築現場の基礎工事で出た石(約3t)を運搬中、トラックが横転した。","3","建設業","302","建築工事業","","","1~9","2","物上げ装置、運搬機械","22","動力運搬機","","","17","交通事故（道路）"
"884","1992","平成","4","5","16~17","コンクリート打設作業終了後コンクリートポンプ車の輸送管の清掃中、輸送管内にコンクリートが詰まりその除去のため輸送管を外した際、中に詰まっていた圧縮空気により吹き飛ばされ、首の骨を折った。","3","建設業","301","土木工事業","","","1~9","1","動力機械","14","建設機械等","","","6","激突され"
"885","1992","平成","4","5","10~11","ごみ収集車(最大積載量2t)に段ボールを積み込む作業中、収集車の回転板に挟まれた。","15","清掃・と畜業","","","","","1~9","2","物上げ装置、運搬機械","22","動力運搬機","","","7","はさまれ、巻き込まれ"
"886","1992","平成","4","5","14~15","4tトラックで高速道路を走行中、事故車両に追突した。","4","運輸交通業","403","道路貨物運送業","","","30~49","2","物上げ装置、運搬機械","22","動力運搬機","","","17","交通事故（道路）"
"887","1992","平成","4","5","23~24","高速道路を走行中、自然渋滞のため減速したトラックに後続のトラックが追突して8台を巻き込む玉突事故になり、被災者の車が炎上した。","4","運輸交通業","403","道路貨物運送業","","","30~49","2","物上げ装置、運搬機械","22","動力運搬機","","","17","交通事故（道路）"
"888","1992","平成","4","5","0~1","保線作業中、電車が来たため一旦退避したが、同僚に電車が来たことを知らせようと身を乗り出したところ、電車に接触した。","3","建設業","301","土木工事業","","","1~9","2","物上げ装置、運搬機械","23","乗物","","","6","激突され"
"889","1992","平成","4","5","1~2","小型いか釣り漁船で埠頭に着岸後、砥石を借りるため停泊中の僚船に出向き飲酒し、帰船途中で海に落ちた。","7","畜産・水産業","","","","","1~9","7","環境等","71","環境等","","","10","おぼれ"
"890","1992","平成","4","5","8~9","トラックに米を積み国道を走行中、カーブで対向の4tダンプがセンターラインを越えてキャビン右側に衝突し、1回転したダンプの荷台がトラックの運転席に衝突した。","4","運輸交通業","403","道路貨物運送業","","","100~299","2","物上げ装置、運搬機械","22","動力運搬機","","","17","交通事故（道路）"
"891","1992","平成","4","5","10~11","老人ホームの屋根部分の鉄骨組立作業において、合掌の鉄骨上を移動中、足を滑らせ約7m下の床に墜落した。","3","建設業","302","建築工事業","","","30~49","4","仮設物、建築物、構築物等","41","仮設物、建築物、構築物等","","","1","墜落、転落"
"892","1992","平成","4","5","11~12","町道の下水道工事現場で作業中、管を埋めるため掘られた穴(深さ9m、幅3m、長さ8m)に墜落した。","3","建設業","301","土木工事業","","","1~9","4","仮設物、建築物、構築物等","41","仮設物、建築物、構築物等","","","1","墜落、転落"
"893","1992","平成","4","5","13~14","積載型トラッククレーン(つり上げ荷重2.93t)に廃材を積み終え、アウトリガーの下に敷いていた鋼板を積み込むため鋼板を前方吊りし、アウトリガーを出さないまま右側に旋回したところ、トラッククレーンが転倒し、荷台上にいて廃材の下敷きになった。","3","建設業","301","土木工事業","","","不明","2","物上げ装置、運搬機械","21","動力クレーン等","","","2","転倒"
"894","1992","平成","4","5","14~15","工場移転のため4tフォークリフトで資材棚(82×153×135センチメートル、約700キログラム)を運搬しようとしたところ、フォークが棚に完全にかかっていなかったため持ち上げと同時に棚が横倒しになり下敷きになった。","1","製造業","112","金属製品製造業","","","100~299","2","物上げ装置、運搬機械","22","動力運搬機","","","5","崩壊、倒壊"
"895","1992","平成","4","5","14~15","送電線鉄塔工事現場で資材の移動作業後、帰社するためライトバンに同乗し国道を走行中、対向車線にはみ出し、対向車と正面衝突した。","3","建設業","303","その他の建設業","","","1~9","2","物上げ装置、運搬機械","23","乗物","","","17","交通事故（道路）"
"896","1992","平成","4","5","15~16","2基で1対となった機械を工場に設置するため鋼製のパレットに乗せて搬入し、同機械をパレットから降ろす作業中、同機械の下部アームに乗り2基を結んでいた番線を解いたところ、同機械が倒れ下敷きになった。","1","製造業","112","金属製品製造業","","","30~49","6","荷","61","荷","","","5","崩壊、倒壊"
"897","1992","平成","4","5","16~17","トラックの荷台修理のため車体から荷台を取り外し、小型移動式クレーン(つり上げ荷重2.9t)で荷台を吊り、横にしてその裏側を修理中、荷台を寝かせるため玉掛けワイヤロープを外したところ、荷台が倒れ地面との間に挟まれた。","8","商業","","","","","10~29","6","荷","61","荷","","","5","崩壊、倒壊"
"898","1992","平成","4","5","20~21","事業場の砕石場において、ブルドーザーで土砂を下方に押し落とす作業中、運転を誤りブルドーザーとともに約80m下に転落した。","2","鉱業","202","土石採取業","","","1~9","1","動力機械","14","建設機械等","","","1","墜落、転落"
"899","1992","平成","4","5","14~15","フォークリフトでロール(径1.84m、980キログラム)の運搬作業中、ロールのバランスが崩れて4本が将棋倒しとなり、前方にいてロールと書庫の間に挟まれた。","1","製造業","106","パルプ・紙・紙加工品製造業","","","300~499","2","物上げ装置、運搬機械","22","動力運搬機","","","5","崩壊、倒壊"
"900","1992","平成","4","5","14~15","自動車レースの取材中、接触事故を起こしたレーシングカーがフェンスに激突した際、当該フェンスに取り付けてあった広告板が衝撃で落下し、当たった。","10","映画・演劇業","","","","","10~29","2","物上げ装置、運搬機械","23","乗物","","","6","激突され"
"901","1992","平成","4","5","3~4","自転車で朝刊配達中、後方から来た乗用車にはねられた。","8","商業","","","","","10~29","2","物上げ装置、運搬機械","23","乗物","","","17","交通事故（道路）"
"902","1992","平成","4","5","10~11","鉄骨2階建て加工場新築工事現場において、2階鉄骨梁(幅200×高さ500、H鋼)上で間柱下部取付作業後、7.58m下の地上に墜落した。","3","建設業","302","建築工事業","","","1~9","4","仮設物、建築物、構築物等","41","仮設物、建築物、構築物等","","","1","墜落、転落"
"903","1992","平成","4","5","11~12","作業の終わった混合機の清掃作業中、機械内部に残った粉体を手でかき集めて下部のホッパーに落としていたところ、羽根に巻き込まれた。","8","商業","","","","","1~9","1","動力機械","16","一般動力機械","","","7","はさまれ、巻き込まれ"
"904","1992","平成","4","5","13~14","道路工事現場において、トラックを降り別の作業を見ていたところ、トラックがバックで動き出しひかれた。","3","建設業","301","土木工事業","","","1~9","2","物上げ装置、運搬機械","22","動力運搬機","","","7","はさまれ、巻き込まれ"
"905","1992","平成","4","5","15~16","コンクリートミキサー船内で、蟻地獄状のホッパーに砂を落とす作業中、ホッパー内に墜落し砂に埋もれた。","3","建設業","301","土木工事業","","","1~9","3","その他の装置等","39","その他の装置、設備","","","1","墜落、転落"
"906","1992","平成","4","5","16~17","新築住宅工事現場において、基礎コンクリートの防水モルタル塗り作業後工具を整理中、地山高さ1.8mより足を滑らせて転落し、L字型擁壁の角に頭部を強打した。","3","建設業","302","建築工事業","","","1~9","7","環境等","71","環境等","","","1","墜落、転落"
"907","1992","平成","4","5","20~21","250ccバイクで事務所へ向う途中、対抗してきた軽ワゴン車が急に右折したため接触し転倒した。","11","通信業","","","","","1~9","2","物上げ装置、運搬機械","23","乗物","","","17","交通事故（道路）"
"908","1992","平成","4","5","8~9","低周波炉・炉床において、アルミ青銅を溶解作業中、アルミ青銅をホイストで吊っていた2本掛けのフックが外れ、原料が溶解炉の中に落下し、溶湯が飛散して火傷を負った。","1","製造業","111","非鉄金属製造業","","","10~29","5","物質、材料","52","材料","","","11","高温・低温の物との接触"
"909","1992","平成","4","5","9~10","線路の鉄柵設置工事現場において監視作業中、貨物列車の車輌に接触した。","3","建設業","301","土木工事業","","","1~9","2","物上げ装置、運搬機械","23","乗物","","","6","激突され"
"910","1992","平成","4","5","9~10","木造平屋建住宅解体工事において、南側の壁を倒したところ、東側の壁の柱が腐っていたため東側の壁が倒れ、公道で交通整理をしていてその下敷きになった。","3","建設業","302","建築工事業","","","1~9","4","仮設物、建築物、構築物等","41","仮設物、建築物、構築物等","","","5","崩壊、倒壊"
"911","1992","平成","4","5","11~12","業務管理を行う被災者が、倉庫内の2階から1階に至るコンクリート階段の踊り場で倒れているのを発見された。","8","商業","","","","","1~9","4","仮設物、建築物、構築物等","41","仮設物、建築物、構築物等","","","1","墜落、転落"
"912","1992","平成","4","5","11~12","捺染機で寒冷紗に印刷作業中、寒冷紗にしわが寄らないよう端を引いていたところ、捺染機のロールに巻き込まれた。","1","製造業","102","繊維工業","","","10~29","1","動力機械","16","一般動力機械","","","7","はさまれ、巻き込まれ"
"913","1992","平成","4","5","14~15","地上階で壁型わくのセパレータ取付作業中、転倒し地上に出ていた基礎部の鉄筋が刺さった。","3","建設業","302","建築工事業","","","1~9","4","仮設物、建築物、構築物等","41","仮設物、建築物、構築物等","","","2","転倒"
"914","1992","平成","4","5","15~16","5t橋型クレーンの組立作業中、クレーンの脚部をワイヤロープで固定し、その上で作業をしていたがこの脚部が倒れ、地面へ墜落した。","3","建設業","303","その他の建設業","","","1~9","2","物上げ装置、運搬機械","21","動力クレーン等","","","1","墜落、転落"
"915","1992","平成","4","5","18~19","作業終了後、帰社するためワゴン車で高速道路を走行中、雨のためスピンして中央分離帯に衝突し、後続のトラックに追突された。","3","建設業","302","建築工事業","","","1~9","2","物上げ装置、運搬機械","23","乗物","","","17","交通事故（道路）"
"916","1992","平成","4","5","11~12","製造工場の屋根の雨漏り修理のため、高さ約10mの屋根上で漏れ防止作業中、スレート屋根を踏み抜き墜落した。","1","製造業","101","食料品製造業","","","10~29","4","仮設物、建築物、構築物等","41","仮設物、建築物、構築物等","","","1","墜落、転落"
"917","1992","平成","4","5","12~13","遠心分離機(内径42インチ、1000ppm)で酸化銅の脱水作業中、遠心分離機が破裂し、破裂片が激突した。","1","製造業","108","化学工業","","","1~9","1","動力機械","16","一般動力機械","","","15","破裂"
"918","1992","平成","4","5","14~15","木造2階建て住宅の建前作業中、2階外屋の桁上(高さ5.45m)でカケヤを使い登木を叩いていたところ、登木が外れ落下した。","3","建設業","302","建築工事業","","","1~9","4","仮設物、建築物、構築物等","41","仮設物、建築物、構築物等","","","1","墜落、転落"
"919","1992","平成","4","5","15~16","会社の乗用車で出張先から帰る途中、堤防下の道路から長良川右岸道路に入った際、対向車線にはみ出し、対向してきたタンクローリーと衝突した。","8","商業","","","","","30~49","2","物上げ装置、運搬機械","23","乗物","","","17","交通事故（道路）"
"920","1992","平成","4","5","0~1","エンジンシリンダーブロック加工ラインのトランスファーマシン(エンジンシリンダーブロックを搬送し、穴開け等を行う)で作業中、速度約8センチメートル/sで搬送されてきたエンジンシリンダーブロック(幅32センチメートル×長さ109センチメートル×高さ60センチメートル)と搬送ラインの手前に設けてあるガイドポストに挟まれた。","1","製造業","115","輸送用機械等製造業","","","1000~9999","2","物上げ装置、運搬機械","22","動力運搬機","","","7","はさまれ、巻き込まれ"
"921","1992","平成","4","5","1~2","10tトラックに同乗しコンクリート柱を運送中、交差点で乗用車と衝突したはずみで高速道の橋脚に激突した。","4","運輸交通業","403","道路貨物運送業","","","30~49","2","物上げ装置、運搬機械","22","動力運搬機","","","17","交通事故（道路）"
"922","1992","平成","4","5","6~7","14tトレーラーに鋼材を積み国道を走行中、右カーブを曲がりきれず左ガードレールを突き破り、3m下の用水路に転落した。","4","運輸交通業","403","道路貨物運送業","","","50~99","2","物上げ装置、運搬機械","22","動力運搬機","","","17","交通事故（道路）"
"923","1992","平成","4","5","9~10","ゴミ収集車で可燃ゴミの収集作業中、下り坂になっている集積場所にテールゲート部を向けるためバックしてきた収集車にひかれた。","15","清掃・と畜業","","","","","1~9","2","物上げ装置、運搬機械","22","動力運搬機","","","17","交通事故（道路）"
"924","1992","平成","4","5","13~14","型わく材を配送するため積み重ねられた型わく材の上に乗り、同僚とその隣の型わく材を下ろそうとしたとき、前方に積み上げられた型わく材が崩壊し下敷きになった。","3","建設業","301","土木工事業","","","30~49","6","荷","61","荷","","","5","崩壊、倒壊"
"925","1992","平成","4","5","9~10","カニ漁操業の漁船(9.94t)で、巻上げ機によりカニかごのロープを巻き上げていたところ、巻上げ機のドラムに巻き込まれた。","8","商業","","","","","1~9","2","物上げ装置、運搬機械","21","動力クレーン等","","","7","はさまれ、巻き込まれ"
"926","1992","平成","4","5","9~10","2tトラックにセメント30袋を積み県道を走行中、黄色点滅の交差点で左方から進入してきた乗用車と衝突した。","8","商業","","","","","1~9","2","物上げ装置、運搬機械","22","動力運搬機","","","17","交通事故（道路）"
"927","1992","平成","4","5","11~12","得意先から帰社する途中、高速道路で左斜面に激突し、車から投げ出された。","8","商業","","","","","10~29","2","物上げ装置、運搬機械","22","動力運搬機","","","17","交通事故（道路）"
"928","1992","平成","4","5","12~13","ブレーカによるブロック壁解体作業箇所より退避中、転倒し土間に激突した。","3","建設業","302","建築工事業","","","1~9","4","仮設物、建築物、構築物等","41","仮設物、建築物、構築物等","","","2","転倒"
"929","1992","平成","4","5","16~17","自転車に米2袋を積み配達中、県道と市道の信号の無い交差点を横断していたところ、オートバイにはねられた。","8","商業","","","","","30~49","2","物上げ装置、運搬機械","23","乗物","","","17","交通事故（道路）"
"930","1992","平成","4","5","21~22","ホイルクレーン(20t)を現場に移送中、堤防の道路より3m下に転落した。","3","建設業","302","建築工事業","","","10~29","2","物上げ装置、運搬機械","21","動力クレーン等","","","17","交通事故（道路）"
"931","1992","平成","4","5","23~24","当日のパチンコの売上金を運搬中、強盗に襲われ刃物で刺された。","14","接客娯楽業","","","","","30~49","9","その他","92","起因物なし","","","90","その他"
"932","1992","平成","4","5","23~24","当日のパチンコの売上金を運搬中、強盗に襲われ刃物で刺された。","14","接客娯楽業","","","","","30~49","9","その他","92","起因物なし","","","90","その他"
"933","1992","平成","4","5","9~10","屋根(高さ12m)のスレート葺き替え作業中、スレートを取り付けた際、開口部から墜落した。","3","建設業","302","建築工事業","","","10~29","4","仮設物、建築物、構築物等","41","仮設物、建築物、構築物等","","","1","墜落、転落"
"934","1992","平成","4","5","10~11","一人乗り用カートでゴルフ場内のアスファルト舗装通路を下っていたところ、勾配約14度の右カーブで左側へ転倒し、頭部を強打した。","14","接客娯楽業","","","","","100~299","2","物上げ装置、運搬機械","22","動力運搬機","","","2","転倒"
"935","1992","平成","4","6","9~10","鉄骨造倉庫に取り付けられた仮設屋根(単管、トタン張り)を解体作業中、付根を固定していたクランプを外していたところ、屋根が自重で倒壊し当たった。","3","建設業","302","建築工事業","","","10~29","4","仮設物、建築物、構築物等","41","仮設物、建築物、構築物等","","","5","崩壊、倒壊"
"936","1992","平成","4","6","9~10","コンクリート製品の型わく(鋼板)を取り外す作業中、型わくをクレーンで吊り上げる前にボルト及びピンを外したため型わくが倒れ、下敷きになった。","1","製造業","109","窯業土石製品製造業","","","50~99","3","その他の装置等","39","その他の装置、設備","","","5","崩壊、倒壊"
"937","1992","平成","4","6","9~10","木造家屋の建方工事において、梁上でかけや(木製のハンマー、2キログラム)で梁の打込み作業中、バランスを崩し3.64m下のコンクリート土間上に墜落した。","3","建設業","302","建築工事業","","","1~9","4","仮設物、建築物、構築物等","41","仮設物、建築物、構築物等","","","1","墜落、転落"
"938","1992","平成","4","6","12~13","乗用車で顧客先に向う途中、交差点で赤信号で進入してきた乗用車が接触し、その反動で進行方向左側にあった電柱に衝突した。","8","商業","","","","","50~99","2","物上げ装置、運搬機械","23","乗物","","","17","交通事故（道路）"
"939","1992","平成","4","6","14~15","塗装室の天井において電線管の取付作業中、天井のアングルから足を踏み外した際、天井の鉄板のビスが抜け、2.6m下の床に墜落した。","3","建設業","302","建築工事業","","","1~9","4","仮設物、建築物、構築物等","41","仮設物、建築物、構築物等","","","1","墜落、転落"
"940","1992","平成","4","6","1~2","荷を積み10tトラックで高速道路を走行中、前車の大型トレーラーに追突した。","4","運輸交通業","403","道路貨物運送業","","","1~9","2","物上げ装置、運搬機械","22","動力運搬機","","","17","交通事故（道路）"
"941","1992","平成","4","6","12~13","出張の帰り高速道路を走行中、前方300m先が工事中のため渋滞停止を確認し減速走行したところ、後続の大型トレーラーに追突された。","8","商業","","","","","10~29","2","物上げ装置、運搬機械","22","動力運搬機","","","17","交通事故（道路）"
"942","1992","平成","4","6","13~14","山土場で丸太をトラックに積み込み製材工場へ運ぶ途中、作業道の軟弱箇所で車輪が埋まり、ぬかるみから脱出するため荷の丸太を降ろそうと胴締めしていたワイヤロープを外したところ、最上部の丸太が落下し直撃した。","4","運輸交通業","403","道路貨物運送業","","","10~29","5","物質、材料","52","材料","","","4","飛来、落下"
"943","1992","平成","4","6","15~16","林道改修工事現場において、ドラグショベルで掘削作業中、上方約20mから岩石(10×20×2m、約200t)が滑り落ち、ドラグショベルが直撃され下敷きになった。","3","建設業","301","土木工事業","","","1~9","7","環境等","71","環境等","","","4","飛来、落下"
"944","1992","平成","4","6","15~16","同僚が2tトラックを移動中、操作を誤ってトラックをバックさせたため、他のトラックとの間に挟まれた。","3","建設業","301","土木工事業","","","1~9","2","物上げ装置、運搬機械","22","動力運搬機","","","17","交通事故（道路）"
"945","1992","平成","4","6","16~17","宅地造成工事現場において、同僚が打合せのためスクレーパーを路上に停車させ離れたところ、突然逸走し始め、被災者がそれを止めようとして運転席に飛び乗ろうとしたが、キャタピラと運転席の間に巻き込まれた。","8","商業","","","","","1~9","1","動力機械","14","建設機械等","","","7","はさまれ、巻き込まれ"
"946","1992","平成","4","6","0~1","アース棒で短絡設置後、ブロッキングコイルを取り外す作業中、アース棒が外れたため154kV線の誘導電流で感電した。","3","建設業","303","その他の建設業","","","50~99","3","その他の装置等","35","電気設備","","","13","感電"
"947","1992","平成","4","6","3~4","ホテルで接待後、乗用車で帰社する途中、対向車線にはみ出し大型トラックと衝突した。","14","接客娯楽業","","","","","100~299","2","物上げ装置、運搬機械","23","乗物","","","17","交通事故（道路）"
"948","1992","平成","4","6","3~4","ホテルで接待後、乗用車で帰社する途中、対向車線にはみ出し大型トラックと衝突した。","14","接客娯楽業","","","","","100~299","2","物上げ装置、運搬機械","23","乗物","","","17","交通事故（道路）"
"949","1992","平成","4","6","9~10","RC3階建て住宅新築工事において、足場用丸太材を屋上より25t移動式クレーンで吊り降ろす作業中、高さ約7mの屋上から墜落した。","3","建設業","302","建築工事業","","","10~29","4","仮設物、建築物、構築物等","41","仮設物、建築物、構築物等","","","1","墜落、転落"
"950","1992","平成","4","6","15~16","自社駐車場の拡張工事において、残土を盛った状態の敷地境界に土留の石積み作業中、ドラグショベルで石を吊り旋回していたところ、横倒しになって車外に放り出され、地面と機体に挟まれた。","3","建設業","301","土木工事業","","","10~29","1","動力機械","14","建設機械等","","","2","転倒"
"951","1992","平成","4","6","15~16","機械集材装置で風倒木の搬出作業中、作業現場が急傾斜(38度)であったためか、伐倒木の上に乗っていたために足を滑らせ転倒し、地上に降ろしてあったロージンググローブで頭部を強打した。","6","農林業","601","農業","","","1~9","7","環境等","71","環境等","","","2","転倒"
"952","1992","平成","4","6","15~16","排気ダクトの陣笠を取り付けるため、工場のスレート屋根上に仮置きした陣笠を棟方向に運んでいたところ、スレートを踏み抜き9m下に墜落した。","3","建設業","303","その他の建設業","","","1~9","4","仮設物、建築物、構築物等","41","仮設物、建築物、構築物等","","","1","墜落、転落"
"953","1992","平成","4","6","4~5","ライトバンで新聞を発送中、センターラインを越え、対向してきた車と正面衝突した。","8","商業","","","","","10~29","2","物上げ装置、運搬機械","23","乗物","","","17","交通事故（道路）"
"954","1992","平成","4","6","7~8","10tトラックで国道を走行中、赤信号で停車中の10tトラックに追突した。","4","運輸交通業","403","道路貨物運送業","","","30~49","2","物上げ装置、運搬機械","22","動力運搬機","","","17","交通事故（道路）"
"955","1992","平成","4","6","10~11","側溝布設工事において、民家との境界ブロック壁(高さ3m)の脇をドラグショベルとスコップで幅1m、深さ70センチメートルに床掘り中、ブロック壁が床掘内にずり落ち倒壊したため、床掘上部角とブロックに挟まれた。","3","建設業","301","土木工事業","","","1~9","4","仮設物、建築物、構築物等","41","仮設物、建築物、構築物等","","","5","崩壊、倒壊"
"956","1992","平成","4","6","11~12","撤収してきたガードレール(長さ4.3m、幅34センチメートル、33キログラム)30枚をトラックより倉庫に卸す作業中、6枚目を卸した際、トラック荷台上の残り24枚が荷崩れを起こして落下し当たった。","3","建設業","301","土木工事業","","","100~299","6","荷","61","荷","","","5","崩壊、倒壊"
"957","1992","平成","4","6","11~12","事業場内の厨房に飲料水を取りに行き倒れた。","1","製造業","107","印刷・製本業","","","30~49","9","その他","99","分類不能","","","99","分類不能"
"958","1992","平成","4","6","12~13","自転車で顧客先から帰社する途中、歩道上で車両出入口に入るため左折してきた大型トラックの左前輪に巻き込まれた。","9","金融・広告業","","","","","30~49","2","物上げ装置、運搬機械","22","動力運搬機","","","17","交通事故（道路）"
"959","1992","平成","4","6","13~14","20tクレーンで地金(鉄のカス1.5t)を吊り上げ高さ11mで移動中、地金が壊れて落下し直撃した。","1","製造業","110","鉄鋼業","","","1000~9999","5","物質、材料","52","材料","","","4","飛来、落下"
"960","1992","平成","4","6","14~15","改築部と増築部のフロア接続のため、エレベータ内の足場を使い障壁の解体中、ガラ落下防止のため4階の足場を補強する補強材を1階から4階にロープで上げようとしたところ、足場が上から崩れ落ちた。","3","建設業","302","建築工事業","","","30~49","4","仮設物、建築物、構築物等","41","仮設物、建築物、構築物等","","","5","崩壊、倒壊"
"961","1992","平成","4","6","14~15","乗用車に同乗し客先から帰社する途中、高速道路のインターチェンジ手前付近で、前車の散水車に追突した。","1","製造業","113","一般機械器具製造業","","","1000~9999","2","物上げ装置、運搬機械","23","乗物","","","17","交通事故（道路）"
"962","1992","平成","4","6","14~15","駐車場のフェンスを片付け作業中、金網・支柱を小型移動式クレーン(吊り上げ荷重2.52t)の荷台に積み込んでいたところ、クレーンが地上7.3mの高圧線(66000V)に接近(20センチメートル)したため高圧電流が放電し感電した。","4","運輸交通業","403","道路貨物運送業","","","1~9","2","物上げ装置、運搬機械","21","動力クレーン等","","","13","感電"
"963","1992","平成","4","6","14~15","鉄骨建方作業中、2階屋根部の梁接合部のボルトを仮締めし、次の梁接合部に向かう途中、約6m下の仮置き材(鉄骨梁)上に墜落した。","3","建設業","302","建築工事業","","","10~29","4","仮設物、建築物、構築物等","41","仮設物、建築物、構築物等","","","1","墜落、転落"
"964","1992","平成","4","6","17~18","木造2階建て家屋の新築工事において、高さ約3.7mの2階開口部から墜落した。","3","建設業","302","建築工事業","","","1~9","4","仮設物、建築物、構築物等","41","仮設物、建築物、構築物等","","","1","墜落、転落"
"965","1992","平成","4","6","18~19","修理を終えたモーターバイクの試運転中、交差点で右折してきた乗用車と衝突した。","8","商業","","","","","1~9","2","物上げ装置、運搬機械","23","乗物","","","17","交通事故（道路）"
"966","1992","平成","4","6","12~13","杭打機で敷鉄板を移動中、敷鉄板を引き上げるため杭打機を旋回させたところ、アウトリガーとクローラの間に頭を挟まれた。","3","建設業","301","土木工事業","","","1~9","1","動力機械","14","建設機械等","","","6","激突され"
"967","1992","平成","4","6","12~13","鉄骨梁上に仮置きした1枚のデッキプレートを足場にして同種のデッキプレートをその梁上に仮置きしていたところ、足場のデッキプレートから約13m下の1階部に墜落した。","3","建設業","302","建築工事業","","","10~29","4","仮設物、建築物、構築物等","41","仮設物、建築物、構築物等","","","1","墜落、転落"
"968","1992","平成","4","6","14~15","工場内で、クラブトローリー式天井クレーンのグラブバケットの調整点検作業中、高さ1.96mの箇所よりコンクリート床上に転落した。","15","清掃・と畜業","","","","","30~49","2","物上げ装置、運搬機械","21","動力クレーン等","","","1","墜落、転落"
"969","1992","平成","4","6","16~17","自動運転中の大理石用大鋸機の上部歩道上で、トラブル箇所の安全カバーを取り外す作業中、大鋸機の可動部に接触し、歩道上の隙間から落ちて大鋸機のフライホールとクランクシャフトに挟まれた。","1","製造業","109","窯業土石製品製造業","","","10~29","1","動力機械","16","一般動力機械","","","7","はさまれ、巻き込まれ"
"970","1992","平成","4","6","17~18","台船上に設置したクローラクレーンで川底土砂を引き上げる作業中、鋼矢板の頂上から6m下のコンクリートの川底に墜落した。","3","建設業","301","土木工事業","","","1~9","4","仮設物、建築物、構築物等","41","仮設物、建築物、構築物等","","","1","墜落、転落"
"971","1992","平成","4","6","17~18","簡易リフトが2階に停止した際、ビニールホースが挟まって動かなくなり、バールで搬器と床面の隙間を広げていたところ、搬器の吊りチェーンが弛んでいたため急に搬器が落下し、搬器内に体を乗り出していて搬器上部と2階床面に挟まれた。","1","製造業","101","食料品製造業","","","30~49","2","物上げ装置、運搬機械","21","動力クレーン等","","","7","はさまれ、巻き込まれ"
"972","1992","平成","4","6","18~19","商談後、会社の乗用車で帰社途中の高速道路を走行中、反対側車線から中央分離用ブロックを越えて飛び出してきた乗用車と正面衝突した。","3","建設業","301","土木工事業","","","10~29","2","物上げ装置、運搬機械","23","乗物","","","17","交通事故（道路）"
"973","1992","平成","4","6","4~5","酸化クロム焙焼炉の水シールのオーバーフロー水を受ける樋を清掃中、回転している焙焼炉底部の補強H鋼と樋の間に挟まれた。","1","製造業","110","鉄鋼業","","","300~499","3","その他の装置等","34","炉窯等","","","7","はさまれ、巻き込まれ"
"974","1992","平成","4","6","4~5","原付バイクで新聞配達中、県道で車と衝突した。","8","商業","","","","","1~9","2","物上げ装置、運搬機械","23","乗物","","","17","交通事故（道路）"
"975","1992","平成","4","6","9~10","交流6600Vの変圧器の清掃点検作業中、迷路器と遮断器のスイッチを切って作業していたが、遮断器の前で感電して倒れているのが発見された。","1","製造業","108","化学工業","","","1000~9999","3","その他の装置等","35","電気設備","","","13","感電"
"976","1992","平成","4","6","不明","山林内において立木の伐採作業中、隣の木に掛かったため掛かられた木を切ったところ、伐倒木の下敷きになった。","6","農林業","601","農業","","","1~9","7","環境等","71","環境等","","","5","崩壊、倒壊"
"977","1992","平成","4","6","4~5","作業後、帰社途中の交差点で、左側から信号を無視して突入してきたダンプカーに激突された。","3","建設業","301","土木工事業","","","10~29","2","物上げ装置、運搬機械","22","動力運搬機","","","17","交通事故（道路）"
"978","1992","平成","4","6","8~9","高圧送電線に離着雷リングを取り付けるため自動昇降機で鉄塔上に昇り、昇降機のみ降ろそうとしたところ、その扉に墜落防止用装具の一部が挟まれており、更に同装具の一部が鉄塔にもかかっていたため首を絞められた。","3","建設業","303","その他の建設業","","","1~9","2","物上げ装置、運搬機械","21","動力クレーン等","","","7","はさまれ、巻き込まれ"
"979","1992","平成","4","6","8~9","50ccバイクで新聞配達中、右折しようとしたところ、直進してきたダンプカーに激突された。","8","商業","","","","","1~9","2","物上げ装置、運搬機械","23","乗物","","","17","交通事故（道路）"
"980","1992","平成","4","6","8~9","ずい道内においてセグメントの組立作業中、セグメントを吊り上げ支える機械(エレクタ)の調子が悪いため分解修理していたところ急に動き出し、エレクタの鉄板と壁に挟まれた。","3","建設業","301","土木工事業","","","1~9","1","動力機械","14","建設機械等","","","7","はさまれ、巻き込まれ"
"981","1992","平成","4","6","9~10","トラック整備工場内において、トラックより鉄製の棚(1.5t)を天井クレーン(つり上げ荷重2.8t)で吊り下ろし作業中、玉掛けワイヤロープが切れ、クレーンを操作していて棚の下敷きになった。","4","運輸交通業","403","道路貨物運送業","","","50~99","3","その他の装置等","37","用具","","","4","飛来、落下"
"982","1992","平成","4","6","10~11","ゴルフ場の芝張り作業中、斜面を均していたバックホウの旋回しているバケットに激突された。","3","建設業","301","土木工事業","","","50~99","1","動力機械","14","建設機械等","","","6","激突され"
"983","1992","平成","4","6","14~15","バイクで得意先回り中、交差点で赤信号で停車中のトラックに追突した。","8","商業","","","","","50~99","2","物上げ装置、運搬機械","23","乗物","","","17","交通事故（道路）"
"984","1992","平成","4","6","17~18","工場の構内において、4tトラックが木製パレットを積み込み後、バックで公道に出ようとしたところ、激突した。","1","製造業","104","木材・木製品製造業","","","100~299","2","物上げ装置、運搬機械","22","動力運搬機","","","6","激突され"
"985","1992","平成","4","6","8~9","豚舎内の糞取り作業用のトラクターショベル(機体重量2t)を運転し、幅4.5mの場内作業道路を走行中、左カーブを曲がりきれず、トラクターショベルとともに道路法肩から斜面を30m転落した。","7","畜産・水産業","","","","","50~99","1","動力機械","14","建設機械等","","","1","墜落、転落"
"986","1992","平成","4","6","11~12","高速道路の走行車線規制内で、コンクリート砕り作業で生じたコンクリートガラの清掃作業中、走行車線と追越車線を分離していたコンクリートガラ飛散防止用パネルにトラックが衝突し、パネルとともに跳ね飛ばされた。","3","建設業","301","土木工事業","","","10~29","2","物上げ装置、運搬機械","22","動力運搬機","","","17","交通事故（道路）"
"987","1992","平成","4","6","13~14","事業場内で、2tダンプカーの荷台から型わく材(道板、補助機)の荷卸し作業中、荷台後部から墜落した。","3","建設業","302","建築工事業","","","1~9","2","物上げ装置、運搬機械","22","動力運搬機","","","1","墜落、転落"
"988","1992","平成","4","6","13~14","災害復旧工事現場において、ドラグショベルを運転し傾斜地を移動中、横転しキャビンと地面の間に挟まれた。","3","建設業","301","土木工事業","","","1~9","1","動力機械","14","建設機械等","","","2","転倒"
"989","1992","平成","4","6","14~15","雑巾で階段を清掃作業中、バランスを崩し階段の途中から踊り場に転落した。","15","清掃・と畜業","","","","","30~49","4","仮設物、建築物、構築物等","41","仮設物、建築物、構築物等","","","1","墜落、転落"
"990","1992","平成","4","6","14~15","フォークリフトで道路幅約2mの市道を走行中、道路右下の湿田に転落横転し、車両の下敷きになった。","4","運輸交通業","403","道路貨物運送業","","","10~29","2","物上げ装置、運搬機械","22","動力運搬機","","","17","交通事故（道路）"
"991","1992","平成","4","6","15~16","鋳造仕上げ場において、ショットブラスト作業中、品物を投入するバケットとショットブラスト機の間に挟まれた。","1","製造業","110","鉄鋼業","","","100~299","1","動力機械","16","一般動力機械","","","7","はさまれ、巻き込まれ"
"992","1992","平成","4","6","15~16","納品後、4t冷凍車で県道を走行中、対向車線にはみ出し、大型ダンプカーと衝突した。","4","運輸交通業","403","道路貨物運送業","","","10~29","2","物上げ装置、運搬機械","22","動力運搬機","","","17","交通事故（道路）"
"993","1992","平成","4","6","17~18","坑口から約8.8キロメートル入った地点で保抗作業中、天井部が約15mに渡り崩壊し、崩落ボタに埋没した。","2","鉱業","203","その他の鉱業","","","1000~9999","7","環境等","71","環境等","","","5","崩壊、倒壊"
"994","1992","平成","4","6","17~18","坑口から約8.8キロメートル入った地点で保抗作業中、天井部が約15mに渡り崩壊し、崩落ボタに埋没した。","2","鉱業","203","その他の鉱業","","","1000~9999","7","環境等","71","環境等","","","5","崩壊、倒壊"
"995","1992","平成","4","6","20~21","乗用車で県道を走行中、左カーブで運転を誤り、道路右側の谷底(約70m)へ転落した。","8","商業","","","","","10~29","2","物上げ装置、運搬機械","23","乗物","","","17","交通事故（道路）"
"996","1992","平成","4","6","8~9","生コンバッチャープラント屋上の建設現場において、鉄筋修正作業中、バランスを失い約6m下の地上に墜落した。","3","建設業","302","建築工事業","","","10~29","4","仮設物、建築物、構築物等","41","仮設物、建築物、構築物等","","","1","墜落、転落"
"997","1992","平成","4","6","8~9","屋根上でオガ粉を除去中、スレートを踏み抜き、約5m下のコンクリート床に墜落した。","1","製造業","104","木材・木製品製造業","","","1~9","4","仮設物、建築物、構築物等","41","仮設物、建築物、構築物等","","","1","墜落、転落"
"998","1992","平成","4","6","8~9","ゴミ袋を持って階段を降りる途中、階段を踏み外した。","14","接客娯楽業","","","","","1~9","4","仮設物、建築物、構築物等","41","仮設物、建築物、構築物等","","","1","墜落、転落"
"999","1992","平成","4","6","11~12","既設ビルの階段踊り場において、脚立に乗って電気用配管の取付工事中、バランスを崩して高さ約1.5mから墜落し、コンクリート手摺で頭部を打った。","3","建設業","303","その他の建設業","","","10~29","3","その他の装置等","37","用具","","","1","墜落、転落"
"1000","1992","平成","4","6","11~12","農道造成のためドラグショベルで土砂を掘削し、不整地運搬車に積み込む作業中、高さ30~40m、幅50mに渡り土砂が崩れ落ち、ドラグショベルとともに埋まった。","3","建設業","301","土木工事業","","","10~29","7","環境等","71","環境等","","","5","崩壊、倒壊"
"1001","1992","平成","4","6","15~16","製材工場内において、帯のこ盤上部の滑車に注油するため帯のこ盤に乗って作業中、転落した。","1","製造業","104","木材・木製品製造業","","","1~9","1","動力機械","13","木材加工用機械","","","1","墜落、転落"
"1002","1992","平成","4","6","15~16","作業後パワーショベルの左側を歩行中、パワーショベルの荷崩れを発見し、走行したまま直そうとした際、転倒しパワーショベルの下敷きになった。","3","建設業","301","土木工事業","","","1~9","1","動力機械","14","建設機械等","","","7","はさまれ、巻き込まれ"
"1003","1992","平成","4","6","16~17","巻取り紙をトレーラーに積み込んだ後、事務所で伝票を受け取りトレーラーに戻る途中、フォークリフトに激突された。","4","運輸交通業","403","道路貨物運送業","","","30~49","2","物上げ装置、運搬機械","22","動力運搬機","","","6","激突され"
"1004","1992","平成","4","6","17~18","成形機型へ離型剤(ノルマルヘキサン等)を吹付作業中、離型剤のタンクが転倒したためこぼれた離型剤を拭き取っていたところ、蒸発した離型剤が何らかの着火源により火災となった。","1","製造業","115","輸送用機械等製造業","","","500~999","5","物質、材料","51","危険物、有害物等","","","16","火災"
"1005","1992","平成","4","6","17~18","成形機型へ離型剤(ノルマルヘキサン等)を吹付作業中、離型剤のタンクが転倒したためこぼれた離型剤を拭き取っていたところ、蒸発した離型剤が何らかの着火源により火災となった。","1","製造業","115","輸送用機械等製造業","","","500~999","5","物質、材料","51","危険物、有害物等","","","16","火災"
"1006","1992","平成","4","6","23~24","トラックターミナルのプラットホーム端にある降板ボードを、プラットホームの下に降りて調整作業中、積荷を降ろすため後進してきた11tトラックの後部とプラットホームの間に挟まれた。","17","その他の事業","","","","","100~299","2","物上げ装置、運搬機械","22","動力運搬機","","","7","はさまれ、巻き込まれ"
"1007","1992","平成","4","6","6~7","バイクで事業場敷地内の坂道を下っていたところ、カーブで転倒して対向車線に飛び出し、トラックと衝突した。","1","製造業","115","輸送用機械等製造業","","","10000~","2","物上げ装置、運搬機械","23","乗物","","","17","交通事故（道路）"
"1008","1992","平成","4","6","10~11","生コンクリートプラントのホッパーに砂を投入中、転落して砂に埋まった。","3","建設業","301","土木工事業","","","1~9","4","仮設物、建築物、構築物等","41","仮設物、建築物、構築物等","","","1","墜落、転落"
"1009","1992","平成","4","6","11~12","NC旋盤で切削加工後、加工物表面をサンドペーパーで研磨中、はめていたゴム手袋が加工物に巻き付いて身体が引き寄せられ、回転していたチャック部で頭を打った。","1","製造業","113","一般機械器具製造業","","","100~299","1","動力機械","16","一般動力機械","","","7","はさまれ、巻き込まれ"
"1010","1992","平成","4","6","11~12","同僚とスレート板を運搬中、歩み板から足を踏み外してスレート屋根を踏み抜き、地面に墜落した。","3","建設業","302","建築工事業","","","1~9","4","仮設物、建築物、構築物等","41","仮設物、建築物、構築物等","","","1","墜落、転落"
"1011","1992","平成","4","6","13~14","斜面で玉切り作業中、伐倒する旨の合図があり、避難しようとしたところ転倒し、そこに伐倒木によって跳ね飛ばされた雑木が飛来した。","6","農林業","601","農業","","","1~9","7","環境等","71","環境等","","","4","飛来、落下"
"1012","1992","平成","4","6","16~17","床版の型わく支保工の組立作業中、部材が折れて型わく支保工が崩壊し、1.6m下の梁上に墜落した。","3","建設業","301","土木工事業","","","50~99","4","仮設物、建築物、構築物等","41","仮設物、建築物、構築物等","","","1","墜落、転落"
"1013","1992","平成","4","6","22~23","代行の依頼先に向かう途中、轍にハンドルを取られ、道路端の電柱に激突した。","4","運輸交通業","404","その他の運輸交通業","","","10~29","2","物上げ装置、運搬機械","23","乗物","","","17","交通事故（道路）"
"1014","1992","平成","4","6","6~7","取引先にトラックで向う途中、一般道路で信号待ちの車に激突した。","1","製造業","101","食料品製造業","","","30~49","2","物上げ装置、運搬機械","22","動力運搬機","","","17","交通事故（道路）"
"1015","1992","平成","4","6","6~7","バイクで朝刊配達後、同僚に配達の道順を教えるため待ち合わせ場所へ向かう途中、交差点でワゴン車と衝突した。","8","商業","","","","","1~9","2","物上げ装置、運搬機械","23","乗物","","","17","交通事故（道路）"
"1016","1992","平成","4","6","8~9","資材を載せた2tトラックに同乗し工事現場へ向かう途中、交差点を右折する際、対向車と衝突しトラックが転倒した。","3","建設業","302","建築工事業","","","1~9","2","物上げ装置、運搬機械","23","乗物","","","17","交通事故（道路）"
"1017","1992","平成","4","6","9~10","工場改築工事において、受電設備上方の墜落防止用網の除去作業をする際、高圧線(6600V)に接触した。","1","製造業","112","金属製品製造業","","","1~9","3","その他の装置等","35","電気設備","","","13","感電"
"1018","1992","平成","4","6","9~10","工場2階増築工事において、スレート張作業のため墜落防止用網を取付中、受電設備上方の高圧線(6600V)に接触した。","3","建設業","302","建築工事業","","","10~29","3","その他の装置等","35","電気設備","","","13","感電"
"1019","1992","平成","4","6","10~11","橋脚撤去のための仮設桟橋築造に使うバイブロハンマー(6600キログラム)を100tクローラクレーンで吊り降ろす作業中、玉掛けワイヤロープが地上約1.5m付近で切れて落下し当たった。","3","建設業","301","土木工事業","","","1~9","3","その他の装置等","37","用具","","","4","飛来、落下"
"1020","1992","平成","4","6","11~12","枠組足場の1段目に置いた電工ドラムを、2段目の足場から足場手摺の外側を伝って取りに行く途中、足を滑らせ3.1m下に墜落した。","3","建設業","302","建築工事業","","","10~29","4","仮設物、建築物、構築物等","41","仮設物、建築物、構築物等","","","1","墜落、転落"
"1021","1992","平成","4","6","12~13","管理棟北東側をカートで走行中、約9m下の町道にカートごと転落した。","14","接客娯楽業","","","","","50~99","2","物上げ装置、運搬機械","22","動力運搬機","","","1","墜落、転落"
"1022","1992","平成","4","6","13~14","マンション建設工事現場における雨水管敷設工事において、バックホウ(2450キログラム)を使いベルトスリングでヒューム管を吊り上げ敷設しようとしたところ、バックホウとともに溝の側壁が崩れ埋まった。","3","建設業","302","建築工事業","","","1~9","7","環境等","71","環境等","","","5","崩壊、倒壊"
"1023","1992","平成","4","6","14~15","廃車置場において、廃車からドライブシャフトを改修するため簡易ジャッキで車体後部を持ち上げ、頭部を入れた状態で作業中、ジャッキが倒れ車体の下敷きになった。","1","製造業","117","その他の製造業","","","10~29","2","物上げ装置、運搬機械","23","乗物","","","7","はさまれ、巻き込まれ"
"1024","1992","平成","4","6","15~16","杉林内において、草刈機で下刈り作業中、誤って左腕を切断した。","6","農林業","601","農業","","","1~9","1","動力機械","16","一般動力機械","","","8","切れ、こすれ"
"1025","1992","平成","4","6","4~5","バイクで朝刊配達中、配達先でバイクを発進させたとき、後続の乗用車にはね飛ばされた。","8","商業","","","","","30~49","2","物上げ装置、運搬機械","23","乗物","","","17","交通事故（道路）"
"1026","1992","平成","4","6","8~9","私鉄本線内の下水道工事の下見のため現場を調査中、電車に接触した。(外)","3","建設業","301","土木工事業","","","1~9","2","物上げ装置、運搬機械","23","乗物","","","18","交通事故（その他）"
"1027","1992","平成","4","6","14~15","宅地造成工事現場内で、パワーショベルで地山を掘削中、高さ約10mの地山が崩壊し、埋まった。","3","建設業","301","土木工事業","","","1~9","7","環境等","71","環境等","","","5","崩壊、倒壊"
"1028","1992","平成","4","6","14~15","住宅新築工事現場において、木造2階建の梁(長さ4m、径0.4m)に登って作業中、約6m下の地面に転落した。","3","建設業","302","建築工事業","","","1~9","4","仮設物、建築物、構築物等","41","仮設物、建築物、構築物等","","","1","墜落、転落"
"1029","1992","平成","4","6","3~4","乗用車で新聞を配送中、対向してしてきた乗用車に正面衝突された。","8","商業","","","","","50~99","2","物上げ装置、運搬機械","23","乗物","","","17","交通事故（道路）"
"1030","1992","平成","4","6","4~5","保冷車で国道を走行中、センターラインを越え、2tトラックと正面衝突した。","8","商業","","","","","10~29","2","物上げ装置、運搬機械","22","動力運搬機","","","17","交通事故（道路）"
"1031","1992","平成","4","6","9~10","台風によるけやき風倒木・かかり木の処理のため風倒木に登り、幹の先を10m程切断した際、幹が跳ねてバランスを崩し、風倒木の枝にしがみついたが枝が折れ、枝とともに約9m下に墜落した。","6","農林業","601","農業","","","1~9","7","環境等","71","環境等","","","1","墜落、転落"
"1032","1992","平成","4","6","10~11","鉄筋コンクリート造建築工事の地下1階外部足場組立作業中、差筋のふれ留め(横筋、高さ50センチメートル)に乗り足場材を手渡ししていたところ、横筋が下がってバランスを崩し、差筋に刺さった。","3","建設業","302","建築工事業","","","10~29","4","仮設物、建築物、構築物等","41","仮設物、建築物、構築物等","","","3","激突"
"1033","1992","平成","4","6","12~13","同僚が運転する現金輸送ワゴン車に同乗し国道を走行中、スピードを出しすぎ、交差点で信号機の鉄柱に激突した。","17","その他の事業","","","","","50~99","2","物上げ装置、運搬機械","22","動力運搬機","","","17","交通事故（道路）"
"1034","1992","平成","4","6","13~14","生コンプラントにおいて、砂の入ったホッパー内に落ちた表示板を取り出すためホッパー上部からロープを伝って内部へ入ったところ、崩れ落ちた砂に埋もれた。","1","製造業","109","窯業土石製品製造業","","","10~29","4","仮設物、建築物、構築物等","41","仮設物、建築物、構築物等","","","5","崩壊、倒壊"
"1035","1992","平成","4","6","16~17","屋根の庇部分に板を架け渡し、その付近で片付け清掃作業中、渡し板から4.1m下の地上に墜落した。","3","建設業","302","建築工事業","","","1~9","4","仮設物、建築物、構築物等","41","仮設物、建築物、構築物等","","","1","墜落、転落"
"1036","1992","平成","4","6","8~9","植木を剪定後、切り屑をトラックに運び込む作業中、トラックの荷台とマンション入口に掛け渡した足場板上から、約1.5m下のアスファルト路面上に墜落した。","6","農林業","602","林業","","","1~9","4","仮設物、建築物、構築物等","41","仮設物、建築物、構築物等","","","1","墜落、転落"
"1037","1992","平成","4","6","9~10","上水道管移設工事の警備業務中、バックしてきたダンプカーを誘導していたところ、右側前輪に巻き込まれた。","17","その他の事業","","","","","30~49","2","物上げ装置、運搬機械","22","動力運搬機","","","7","はさまれ、巻き込まれ"
"1038","1992","平成","4","6","10~11","造船所で建造中の499tタンカーの船首倉庫内で、電気配線工事のためアーク溶接作業中、倉庫下のタンクで爆発(塗装の有機溶剤によるもの)があり、その爆風により火傷を負った。","3","建設業","303","その他の建設業","","","1~9","5","物質、材料","51","危険物、有害物等","","","14","爆発"
"1039","1992","平成","4","6","10~11","天日による乾燥作業及び仕上げ作業中、製品の花火が発火して飛び火し、填薬室の花火が爆発した。","1","製造業","117","その他の製造業","","","1~9","5","物質、材料","51","危険物、有害物等","","","14","爆発"
"1040","1992","平成","4","6","10~11","天日による乾燥作業及び仕上げ作業中、製品の花火が発火して飛び火し、填薬室の花火が爆発した。","1","製造業","117","その他の製造業","","","1~9","5","物質、材料","51","危険物、有害物等","","","14","爆発"
"1041","1992","平成","4","6","10~11","地下2階部分で防水用プライマーをローラ塗布作業中、有機溶剤中毒により底部に墜落し、底部に溜まっていた水(水深2m)により水死した。","3","建設業","302","建築工事業","","","1~9","5","物質、材料","51","危険物、有害物等","","","12","有害物等との接触"
"1042","1992","平成","4","6","11~12","民家の塗装作業中、塗り場所を移動するため梯子を下りる際、足を滑らせ約2.5m下の地面に転落した。","3","建設業","302","建築工事業","","","1~9","3","その他の装置等","37","用具","","","1","墜落、転落"
"1043","1992","平成","4","6","12~13","トラックで国道を走行中、対向車線にはみ出して対向してきた大型タンクローリーと正面衝突し、車外に投げ出され自車の下敷きになった。","4","運輸交通業","403","道路貨物運送業","","","30~49","2","物上げ装置、運搬機械","22","動力運搬機","","","17","交通事故（道路）"
"1044","1992","平成","4","6","16~17","納屋の屋根のしっくい補修工事において、屋根上で作業中、コンクリート地面に転落した。","3","建設業","302","建築工事業","","","1~9","4","仮設物、建築物、構築物等","41","仮設物、建築物、構築物等","","","1","墜落、転落"
"1045","1992","平成","4","6","17~18","コンクリートプレス機を使って作業中、製品の厚みを測るさしを捜していたところ、プレスを動かすモーターの減速機に挟まれた。","1","製造業","109","窯業土石製品製造業","","","10~29","1","動力機械","16","一般動力機械","","","7","はさまれ、巻き込まれ"
"1046","1992","平成","4","6","不明","南洋材(平板材1束:0.7×0.7×6m、1.2t)を揚貸装置で陸揚げし、フォークリフトで6段に「はりつけ」後、当該「はい」の下で昼休み中、6段のうち4段が崩壊し下敷きになった。","5","貨物取扱業","502","港湾運送業","","","50~99","6","荷","61","荷","","","5","崩壊、倒壊"
"1047","1992","平成","4","6","4~5","軽ライトバンで新聞配達後、専売所に戻る途中、道路左側の交通標識及び立木に激突した。","8","商業","","","","","10~29","2","物上げ装置、運搬機械","23","乗物","","","17","交通事故（道路）"
"1048","1992","平成","4","6","9~10","工事現場において、クローラクレーン(つり上げ荷重50t)で仮設桟橋の解体作業中、ジブの起伏ワイヤロープが切れてジブが倒壊し、ジブの先端が当たった。","3","建設業","301","土木工事業","","","1~9","2","物上げ装置、運搬機械","21","動力クレーン等","","","5","崩壊、倒壊"
"1049","1992","平成","4","6","10~11","脚立の上に上がり事務所2階の窓ガラスを清掃中、窓から屋外に墜落した。","8","商業","","","","","10~29","3","その他の装置等","37","用具","","","1","墜落、転落"
"1050","1992","平成","4","6","10~11","ガソリンスタンドの鉄骨組み作業後、屋根取付の下見のため屋根に登り梯子で降りる際、地上4段目から足を踏み外し墜落した。","3","建設業","302","建築工事業","","","1~9","3","その他の装置等","37","用具","","","1","墜落、転落"
"1051","1992","平成","4","6","11~12","伐倒した間伐材を機械集材装置で運搬中、荷が立木に当たって振れ当たった。","6","農林業","601","農業","","","1~9","2","物上げ装置、運搬機械","21","動力クレーン等","","","6","激突され"
"1052","1992","平成","4","6","13~14","昼食後、職場へ戻るため工場内を歩行中、修理用ピットに転落した。","1","製造業","117","その他の製造業","","","1~9","4","仮設物、建築物、構築物等","41","仮設物、建築物、構築物等","","","1","墜落、転落"
"1053","1992","平成","4","6","14~15","橋脚基礎の縦穴(直径3.5m、深さ15m)内に帯鉄筋を搬入するため、巻き上げ機のフックを引き寄せようとして縦穴昇降用の梯子の上端に手をかけ、身を乗り出したところ梯子の上端が折れ、縦穴内に墜落した。","3","建設業","301","土木工事業","","","10~29","4","仮設物、建築物、構築物等","41","仮設物、建築物、構築物等","","","1","墜落、転落"
"1054","1992","平成","4","6","15~16","道路舗装工事において、ローラーの振動輪に重油をかけながら移動中、バックしてきたダンプカーとローラーの間に挟まれた。","3","建設業","301","土木工事業","","","1~9","2","物上げ装置、運搬機械","22","動力運搬機","","","7","はさまれ、巻き込まれ"
"1055","1992","平成","4","6","0~1","警備先の会社から乗用車で帰社する途中、センターラインを越えてきた乗用車に衝突された。","17","その他の事業","","","","","30~49","2","物上げ装置、運搬機械","23","乗物","","","17","交通事故（道路）"
"1056","1992","平成","4","6","10~11","製材工場内において、一人でトラックにチップを積み込んでいたところ、姿が見えなくなりサイロの中から発見された。","4","運輸交通業","403","道路貨物運送業","","","30~49","3","その他の装置等","39","その他の装置、設備","","","1","墜落、転落"
"1057","1992","平成","4","6","12~13","採石現場でトラクターショベルの下敷きになっているのを発見された。","2","鉱業","202","土石採取業","","","10~29","1","動力機械","14","建設機械等","","","2","転倒"
"1058","1992","平成","4","6","13~14","鉄骨造工場の鉄骨組立作業において、2階床面になる部分の小梁に中間つなぎ材をボルトで仮締取り付け中、高さ6.95mの小梁上から墜落した。","3","建設業","302","建築工事業","","","1~9","4","仮設物、建築物、構築物等","41","仮設物、建築物、構築物等","","","1","墜落、転落"
"1059","1992","平成","4","6","14~15","木造2階建住宅新築工事において、2階本屋の桁上から母屋上に仮置きしてあった垂木の結束テープを解きに行く際、足を踏み外し、2.8m下の2階床(コンパネ板敷き)上に墜落した。","3","建設業","302","建築工事業","","","1~9","4","仮設物、建築物、構築物等","41","仮設物、建築物、構築物等","","","1","墜落、転落"
"1060","1992","平成","4","6","14~15","原石をふるい分ける機械の下部にあるベルトコンベヤーのドラムに付着した泥をスコップで取り除き中、巻き込まれた。","2","鉱業","202","土石採取業","","","10~29","2","物上げ装置、運搬機械","22","動力運搬機","","","7","はさまれ、巻き込まれ"
"1061","1992","平成","4","6","15~16","32tダンプカーの左側窓ガラスの破損修理中、ベッセル(荷台部分)をダンプアップし、運転席の屋根上に腹ばいになってガラスを取り付けていたところ、ベッセルが降下し、運転席の屋根とベッセルの天蓋に挟まれた。","3","建設業","301","土木工事業","","","1~9","2","物上げ装置、運搬機械","22","動力運搬機","","","7","はさまれ、巻き込まれ"
"1062","1992","平成","4","6","5~6","トラックで国道を走行中、対向車線をはみ出してきたトラックと正面衝突した。","8","商業","","","","","不明","2","物上げ装置、運搬機械","22","動力運搬機","","","17","交通事故（道路）"
"1063","1992","平成","4","6","6~7","積み込み準備のため会社倉庫に止めておいた2tトラックを移動中、約4m下の川にトラックとともに転落し、運転席から投げ出され、川底と車体との間に挟まれた。","3","建設業","302","建築工事業","","","1~9","2","物上げ装置、運搬機械","22","動力運搬機","","","17","交通事故（道路）"
"1064","1992","平成","4","6","8~9","納品先の2.5tフォークリフトを運転し、2tトラックの後方からパレット2枚を積みそのままバックで8m程下がったところ、敷地と農道の段差(50センチメートル)に左後輪を踏み外し、フォークリフトが横転しその下敷きになった。","4","運輸交通業","403","道路貨物運送業","","","10~29","2","物上げ装置、運搬機械","22","動力運搬機","","","2","転倒"
"1065","1992","平成","4","6","9~10","1階から地階へ通じる階段の下方の床面で、頭部を打撲し倒れているのが発見された。","14","接客娯楽業","","","","","100~299","4","仮設物、建築物、構築物等","41","仮設物、建築物、構築物等","","","1","墜落、転落"
"1066","1992","平成","4","6","9~10","不整地運搬車(ハンドガイド式)で型わく材等を運搬中、斜面に一時停止させたところバックしたため、それを止めようとしてひかれた。","3","建設業","301","土木工事業","","","1~9","1","動力機械","14","建設機械等","","","7","はさまれ、巻き込まれ"
"1067","1992","平成","4","6","11~12","11階建てビルのペントハウスのモルタル塗り作業中、躯体吹き抜け梁(幅50センチメートル)上より作業箇所に移る際、頭が上の梁に当たり、反動で29m下に墜落した。","3","建設業","302","建築工事業","","","50~99","4","仮設物、建築物、構築物等","41","仮設物、建築物、構築物等","","","1","墜落、転落"
"1068","1992","平成","4","6","13~14","事業場内第2倉庫内において、フォークリフトのパレット上に乗り、約3mの高さに上昇したところで精米保管棚から精米袋を取り出す作業中、倉庫床面に墜落した。","8","商業","","","","","30~49","2","物上げ装置、運搬機械","22","動力運搬機","","","1","墜落、転落"
"1069","1992","平成","4","6","13~14","ドラグショベルで掘削した溝(深さ約2m、幅約80センチメートル、長さ約6m)に入って作業中、掘削箇所の側壁が崩壊し埋まった。","3","建設業","301","土木工事業","","","1~9","7","環境等","71","環境等","","","5","崩壊、倒壊"
"1070","1992","平成","4","6","16~17","10tトラックで肥料を運搬中、センターラインを越え、道路右側の立木に激突した。","4","運輸交通業","403","道路貨物運送業","","","1~9","2","物上げ装置、運搬機械","22","動力運搬機","","","17","交通事故（道路）"
"1071","1992","平成","4","6","22~23","斜面に切り出されていた松材(約500キログラム)をユニック車で吊り上げ作業中、玉掛用ワイヤロープが切断し、斜面を転がり落ちた松材とユニック車の間に挟まれた。","6","農林業","601","農業","","","50~99","3","その他の装置等","37","用具","","","4","飛来、落下"
"1072","1992","平成","4","6","6~7","大型トラックで高速道路を走行中、スピードを出しすぎて道路左側の防音壁に接触し、更に中央分離帯に激突した。","4","運輸交通業","403","道路貨物運送業","","","10~29","2","物上げ装置、運搬機械","22","動力運搬機","","","17","交通事故（道路）"
"1073","1992","平成","4","6","7~8","タクシーを運転中、前方の乗用車を追い越し左車線に戻る際、ハンドルを切りすぎ道路左脇の立木に激突した。","4","運輸交通業","402","道路旅客運送業","","","10~29","2","物上げ装置、運搬機械","23","乗物","","","17","交通事故（道路）"
"1074","1992","平成","4","6","8~9","ガス機器設置の立合いのため顧客先へ50ccバイクで向う途中、交差点で左折しようとしたところ、後続の250ccバイクと接触し、転倒した。","8","商業","","","","","100~299","2","物上げ装置、運搬機械","23","乗物","","","17","交通事故（道路）"
"1075","1992","平成","4","6","9~10","フォークリフトで新聞古紙の運搬作業中、一時中断して古紙周辺を清掃していたところ、3段積古紙の2段目から崩れ下敷きになった。","1","製造業","106","パルプ・紙・紙加工品製造業","","","10~29","6","荷","61","荷","","","5","崩壊、倒壊"
"1076","1992","平成","4","6","10~11","木材運搬用鋼船の解体作業において、小割りした鉄片をバックホウで吊り上げ移動後、降ろす位置の調整をしていたところ、鉄片に近づいてつまづき倒れたため、運転手がバックホウのブームを下げたが鉄片がバウンドし当たった。","1","製造業","110","鉄鋼業","","","1~9","4","仮設物、建築物、構築物等","41","仮設物、建築物、構築物等","","","2","転倒"
"1077","1992","平成","4","6","13~14","スキーコース測量のため入山し、標高600m地点の尾根で測量中、雨のため高さ8mの木の下で休憩していたところ、落雷にあった。","17","その他の事業","","","","","10~29","7","環境等","71","環境等","","","13","感電"
"1078","1992","平成","4","6","15~16","刈り取った草を一輪車で運搬中、ホッパーに原石を投入した後、後進してきたショベルローダーに激突された。","2","鉱業","202","土石採取業","","","1~9","1","動力機械","14","建設機械等","","","6","激突され"
"1079","1992","平成","4","6","16~17","木造2階建て新築工事現場において、瓦上げ機を解体中、2階屋根の端から5.3m下の地上に墜落した。","3","建設業","302","建築工事業","","","1~9","4","仮設物、建築物、構築物等","41","仮設物、建築物、構築物等","","","1","墜落、転落"
"1080","1992","平成","4","6","17~18","事務所へ向って歩行中、点検修理が終わった2tトラックが後退してきて、ひかれた。","8","商業","","","","","100~299","2","物上げ装置、運搬機械","22","動力運搬機","","","6","激突され"
"1081","1992","平成","4","6","9~10","工場内において、3tフォークリフトで家具資材(1290キログラム)を仮置きしようとハンドルを切ったところ、荷が崩れ落ちて当たった。","1","製造業","105","家具・装備品製造業","","","10~29","2","物上げ装置、運搬機械","22","動力運搬機","","","5","崩壊、倒壊"
"1082","1992","平成","4","6","13~14","公園の支障枝の剪定作業中、高さ2.5mから墜落した。","3","建設業","301","土木工事業","","","30~49","7","環境等","71","環境等","","","1","墜落、転落"
"1083","1992","平成","4","6","14~15","大型冷凍車で高速道路を走行中、中央分離帯に衝突した。","4","運輸交通業","403","道路貨物運送業","","","30~49","2","物上げ装置、運搬機械","22","動力運搬機","","","17","交通事故（道路）"
"1084","1992","平成","4","6","14~15","営業所内でトレーラーよりフォークリフトで鋼材の荷卸し作業中、仮置きした鋼材の内5本が崩れ落ち、落ちてきた鋼材に挟まれた。(外)","5","貨物取扱業","502","港湾運送業","","","100~299","6","荷","61","荷","","","5","崩壊、倒壊"
"1085","1992","平成","4","6","15~16","ピッカー(フォークリフトの一種で運転席がフォーク側にあり昇降する)を停車させ、高さ3mのところで荷を取り込んできたところ、後方から同型のピッカーに衝突され、はずみで床に墜落した。","5","貨物取扱業","501","陸上貨物取扱業","","","1~9","2","物上げ装置、運搬機械","22","動力運搬機","","","1","墜落、転落"
"1086","1992","平成","4","6","2~3","標識用サポート金具の取付作業において、車両規制を行うため走行中の資材運搬車の荷台から路上に飛び降りた際転倒し、資材運搬車の後輪にひかれた。","3","建設業","302","建築工事業","","","1~9","2","物上げ装置、運搬機械","22","動力運搬機","","","17","交通事故（道路）"
"1087","1992","平成","4","6","6~7","国道を走行中、信号待ちの大型トラックに追突した。","4","運輸交通業","403","道路貨物運送業","","","30~49","2","物上げ装置、運搬機械","22","動力運搬機","","","17","交通事故（道路）"
"1088","1992","平成","4","6","6~7","普通トラックで高速道路を走行中、防音壁に激突して車外に放り出され、後続の大型トラックにひかれた。","4","運輸交通業","403","道路貨物運送業","","","30~49","2","物上げ装置、運搬機械","22","動力運搬機","","","17","交通事故（道路）"
"1089","1992","平成","4","6","10~11","25t天井走行クレーン2基を点検後、クレーンのランウェイ上に設けたストッパーを取り外し片づけていたところ、走行してきた他のクレーンと柱の間に挟まれた。","1","製造業","110","鉄鋼業","","","1000~9999","2","物上げ装置、運搬機械","21","動力クレーン等","","","7","はさまれ、巻き込まれ"
"1090","1992","平成","4","6","10~11","国道の維持管理のためパトロール中、事故車両に遭遇し、事故車両を積載型移動式クレーンの荷台に積み込む作業を荷台上に上がって手伝っていた際、クレーンで事故車両を吊り上げたとき、後方に移動したので危険を感じ身をかわしたところ、事故車両の助手席部とクレーン荷台のアオリ部分に足が挟まって倒れ、頭部を道路に打ちつけた。","17","その他の事業","","","","","100~299","2","物上げ装置、運搬機械","21","動力クレーン等","","","1","墜落、転落"
"1091","1992","平成","4","6","12~13","配達を終え帰社する途中、センターラインを越え、対向してきた大型トラックと正面衝突した。","1","製造業","101","食料品製造業","","","10~29","2","物上げ装置、運搬機械","22","動力運搬機","","","17","交通事故（道路）"
"1092","1992","平成","4","6","13~14","トラッククレーンの補助ジブ取り付け作業中、固定されないままブームを伸張したためブームの一部がジブにかかり、ジブ(長さ8m、2t)が落下した。","1","製造業","113","一般機械器具製造業","","","500~999","2","物上げ装置、運搬機械","21","動力クレーン等","","","4","飛来、落下"
"1093","1992","平成","4","6","15~16","コンテナ(760キログラム)をフォークリフトでトラックに積み込む作業中、キャスター付きのコンテナがトラックから転げ落ちそうになり、フォークリフトから降りて下から支えようとしたが支えきれず下敷きになった。","1","製造業","108","化学工業","","","300~499","3","その他の装置等","36","人力機械工具等","","","4","飛来、落下"
"1094","1992","平成","4","6","1~2","タクシーで県道を走行中、対向車線の乗用車2台が衝突し、1台が中央分離帯のフェンスを乗り越え、激突した。","4","運輸交通業","402","道路旅客運送業","","","100~299","2","物上げ装置、運搬機械","23","乗物","","","17","交通事故（道路）"
"1095","1992","平成","4","6","14~15","工場の2階において、移動式クレーンで吊られたパイプ(長さ6.87m、径33センチメートル)を降ろす際、開口部から墜落した。","3","建設業","303","その他の建設業","","","1~9","4","仮設物、建築物、構築物等","41","仮設物、建築物、構築物等","","","1","墜落、転落"
"1096","1992","平成","4","6","14~15","ビル新築工事現場において、4階鉄骨梁上を移動中、バランスを崩し11.9m下の重機作業構台に墜落した。","3","建設業","302","建築工事業","","","1~9","4","仮設物、建築物、構築物等","41","仮設物、建築物、構築物等","","","1","墜落、転落"
"1097","1992","平成","4","6","17~18","梁型わくの解体のため脚立の2段目(高さ約80センチメートル)で作業中、バランスを崩して後方へ転倒し、躯体壁で頭を打った。","3","建設業","302","建築工事業","","","10~29","3","その他の装置等","37","用具","","","1","墜落、転落"
"1098","1992","平成","4","6","17~18","ホイスト式天井クレーンで鋼製のラックを吊り上げ移動中、足を滑らせ、ラックの角で頭を強打した。","1","製造業","111","非鉄金属製造業","","","100~299","6","荷","61","荷","","","3","激突"
"1099","1992","平成","4","6","0~1","トレーラーに同乗し高速道路を走行中、脇見運転のため前車のトラックに衝突し、車外に放り出された。","4","運輸交通業","403","道路貨物運送業","","","100~299","2","物上げ装置、運搬機械","22","動力運搬機","","","17","交通事故（道路）"
"1100","1992","平成","4","6","8~9","監査廊(通路)養生のための散水作業に際し電源を準備中、ボックスカルバート上から約1m下の監査廊に墜落した。","3","建設業","301","土木工事業","","","1~9","4","仮設物、建築物、構築物等","41","仮設物、建築物、構築物等","","","1","墜落、転落"
"1101","1992","平成","4","6","15~16","事業場内で32tダンプカーを運転中、ダンプカーとともに約11m下に転落した。","2","鉱業","202","土石採取業","","","10~29","2","物上げ装置、運搬機械","22","動力運搬機","","","1","墜落、転落"
"1102","1992","平成","4","6","15~16","納品のため1t保冷車で高速道路を走行中、4m下の斜面に転落した。","8","商業","","","","","10~29","2","物上げ装置、運搬機械","22","動力運搬機","","","17","交通事故（道路）"
"1103","1992","平成","4","6","21~22","荷を運搬中、国道上で右折のため停車していた乗用車とダンプカーに追突した。","4","運輸交通業","403","道路貨物運送業","","","1~9","2","物上げ装置、運搬機械","22","動力運搬機","","","17","交通事故（道路）"
"1104","1992","平成","4","6","3~4","3tトラックで商品配送中、国道で前車のトレーラーを追い越すため反対車線に入り、対向してきたトラックと衝突し、追い越したトレーラーとトラックに挟まれた。","4","運輸交通業","403","道路貨物運送業","","","30~49","2","物上げ装置、運搬機械","22","動力運搬機","","","17","交通事故（道路）"
"1105","1992","平成","4","6","5~6","専用自動プレスラインにおいて、コイル板を自動的に送給する装置と壁の間に挟まれた。","1","製造業","114","電気機械器具製造業","","","500~999","1","動力機械","16","一般動力機械","","","7","はさまれ、巻き込まれ"
"1106","1992","平成","4","6","8~9","河川護岸工事において、ドラグショベルで根固めブロック(1t)を川底に据え付けるため、バケットアームにつけたフックにチェーンを取り付けブロック仮置場に移動中、旋回したドラグショベル後部と根固めブロックに挟まれた。","3","建設業","301","土木工事業","","","10~29","1","動力機械","14","建設機械等","","","7","はさまれ、巻き込まれ"
"1107","1992","平成","4","6","11~12","電気集じん機室内の開閉機の補修工事中、感電した。","3","建設業","303","その他の建設業","","","1~9","3","その他の装置等","39","その他の装置、設備","","","13","感電"
"1108","1992","平成","4","6","13~14","枠組足場の作業床上から屋根上へスレート屋根材(長さ1.9m、幅0.7m、約20キログラム)を手渡し後、1.7m下の地面に墜落した。","3","建設業","302","建築工事業","","","10~29","4","仮設物、建築物、構築物等","41","仮設物、建築物、構築物等","","","1","墜落、転落"
"1109","1992","平成","4","6","14~15","木造建築工事において、2階雨戸の取付作業中、6m下に墜落した。","3","建設業","302","建築工事業","","","1~9","4","仮設物、建築物、構築物等","41","仮設物、建築物、構築物等","","","1","墜落、転落"
"1110","1992","平成","4","6","16~17","格納庫前の誘導路の路盤工事中、タイヤローラのギアが入らなくなり、邪魔にならない場所に移動するためギアを入れたままエンジンをかけ、約10m前進させたところ、ローラーにひかれた。","3","建設業","301","土木工事業","","","1~9","1","動力機械","14","建設機械等","","","7","はさまれ、巻き込まれ"
"1111","1992","平成","4","6","16~17","フォークリフトで市道を走行中、市道脇の畦に右後輪を脱輪し、これを出そうとしていたところフォークリフトが横倒しになり、運転席から飛び降りたがフォークリフトの下敷きになった。","17","その他の事業","","","","","10~29","2","物上げ装置、運搬機械","22","動力運搬機","","","17","交通事故（道路）"
"1112","1992","平成","4","6","2~3","4tトラックで荷を引き取りに行く途中、前を走行中の大型トラックに追突した。","4","運輸交通業","403","道路貨物運送業","","","30~49","2","物上げ装置、運搬機械","22","動力運搬機","","","17","交通事故（道路）"
"1113","1992","平成","4","6","10~11","沿線保護工事のための杭として使用する枕木を、軌道の海側から山側に運搬中、下り列車にはねられた。","3","建設業","301","土木工事業","","","10~29","2","物上げ装置、運搬機械","23","乗物","","","18","交通事故（その他）"
"1114","1992","平成","4","6","10~11","鉄筋コンクリート2階建住宅の基礎工事において、コンクリートブロック塀脇の掘削部分(深さ15m)に入り、生コンを打設し手作業で均していたところ、ブロック塀が長さ約7.5mに渡って倒壊し、下敷きになった。","3","建設業","302","建築工事業","","","10~29","4","仮設物、建築物、構築物等","41","仮設物、建築物、構築物等","","","5","崩壊、倒壊"
"1115","1992","平成","4","6","13~14","本船に荷積作業のため埠頭内の船客待合所から本船とも側へ向かって歩行中、駐車中のマイクロバスの横から出たところ、フォークリフトにひかれた。","5","貨物取扱業","502","港湾運送業","","","50~99","2","物上げ装置、運搬機械","22","動力運搬機","","","7","はさまれ、巻き込まれ"
"1116","1992","平成","4","6","15~16","鉄骨材を付属のクレーンでトラック荷台に積み上げ玉外し作業中、鉄骨材が崩れ、鉄骨材とともに墜落した。","1","製造業","112","金属製品製造業","","","1~9","5","物質、材料","52","材料","","","5","崩壊、倒壊"
"1117","1992","平成","4","6","6~7","国道の路面減速マーク塗り替え作業現場で交通誘導中、4tトラックが飛び込んできて激突された。","3","建設業","301","土木工事業","","","10~29","2","物上げ装置、運搬機械","22","動力運搬機","","","17","交通事故（道路）"
"1118","1992","平成","4","6","7~8","事業場のライトバンで工事現場へ向う途中、国道上で対向車線からはみ出してきた乗用車と正面衝突した。","3","建設業","302","建築工事業","","","1~9","2","物上げ装置、運搬機械","23","乗物","","","17","交通事故（道路）"
"1119","1992","平成","4","6","11~12","鉄骨(幅0.6m、長さ4m)に開けた穴の整形のため鉄骨上を移動中、足を掛けた鉄骨が回転し、隣に仮置きしてあった鉄骨との間に挟まれた。","1","製造業","112","金属製品製造業","","","30~49","5","物質、材料","52","材料","","","7","はさまれ、巻き込まれ"
"1120","1992","平成","4","6","11~12","スレート屋根葺き替え工事の見積り中、スレート屋根上で塩化ビニル製の明りとりを踏み抜き、8m下の床に墜落した。","3","建設業","302","建築工事業","","","1~9","4","仮設物、建築物、構築物等","41","仮設物、建築物、構築物等","","","1","墜落、転落"
"1121","1992","平成","4","6","14~15","レーザー加工機の修理中、付属の電源制御盤のカバーを外し部品を取り替えていたところ感電した。","1","製造業","113","一般機械器具製造業","","","300~499","3","その他の装置等","35","電気設備","","","13","感電"
"1122","1992","平成","4","6","15~16","工事現場において、ミニバックホウで躯体下部の土砂排出作業をしていた被災者が、ユンボと躯体の間に挟まれているのが発見された。","3","建設業","302","建築工事業","","","1~9","1","動力機械","14","建設機械等","","","7","はさまれ、巻き込まれ"
"1123","1992","平成","4","6","15~16","解体工事現場において、足場上でブレーカーを使用する同僚の補助をしていたところ足場から墜落し、解体中の煙突の鉄筋が胸に刺さった。","3","建設業","302","建築工事業","","","10~29","4","仮設物、建築物、構築物等","41","仮設物、建築物、構築物等","","","1","墜落、転落"
"1124","1992","平成","4","6","16~17","伐倒した丸太(径68センチメートル、12.4m)をトラッククレーン(2.9t)に一人で積込み作業中、玉掛用ワイヤロープのアイスプライス部が切断し、丸太が落下して当たった。","6","農林業","601","農業","","","30~49","3","その他の装置等","37","用具","","","4","飛来、落下"
"1125","1992","平成","4","6","1~2","トラックの荷台からキャスター付き箱型カーゴに入った工作機械(約400キログラム)を貨物ターミナルのホームに卸す際、荷が倒れて下敷きになった。","4","運輸交通業","403","道路貨物運送業","","","30~49","6","荷","61","荷","","","5","崩壊、倒壊"
"1126","1992","平成","4","6","8~9","フライス盤のスイッチを入れたところ、チップホルダー(60×20×2.5センチメートル、1.65キログラム)が外れて飛び、当たった。","1","製造業","108","化学工業","","","100~299","1","動力機械","16","一般動力機械","","","4","飛来、落下"
"1127","1992","平成","4","6","9~10","営業に行く途中、雨のためカーブでスリップし、センターラインを越え対向車と衝突した。","8","商業","","","","","1~9","2","物上げ装置、運搬機械","23","乗物","","","17","交通事故（道路）"
"1128","1992","平成","4","6","9~10","間伐材の集材のため材の台付作業中、ロギングトラクターのウィンチでワイヤロープの巻き上げを行ったところ、材の下に巻き込まれた。","6","農林業","601","農業","","","1~9","1","動力機械","14","建設機械等","","","7","はさまれ、巻き込まれ"
"1129","1992","平成","4","6","15~16","事業場のスレート屋根上で網戸の立て付け修理中、スレートを踏み抜き3.95m下の地面に墜落した。","13","保健・衛生業","","","","","30~49","4","仮設物、建築物、構築物等","41","仮設物、建築物、構築物等","","","1","墜落、転落"
"1130","1992","平成","4","6","22~23","11tトラックに荷を積み国道を走行中、センターラインを越えてきた大型とトラック正面衝突した。","4","運輸交通業","403","道路貨物運送業","","","10~29","2","物上げ装置、運搬機械","22","動力運搬機","","","17","交通事故（道路）"
"1131","1992","平成","4","6","22~23","8tトレーラーに軽自動車7台を積んで走行中、対向してきた8tトラックと正面衝突した。","4","運輸交通業","403","道路貨物運送業","","","30~49","2","物上げ装置、運搬機械","22","動力運搬機","","","17","交通事故（道路）"
"1132","1992","平成","4","7","7~8","25tホイールクレーンで現場に向う途中、土手から転落した。","3","建設業","302","建築工事業","","","10~29","2","物上げ装置、運搬機械","21","動力クレーン等","","","1","墜落、転落"
"1133","1992","平成","4","7","8~9","連続洗濯機で洗濯作業中、洗濯物用自動送給装置(上下機能付ベルトコンベヤー)の上昇・下降用レールに詰まった洗濯物を取り除いていたところ、ベルトコンベヤーが落下して下敷きになった。","1","製造業","117","その他の製造業","","","50~99","1","動力機械","16","一般動力機械","","","7","はさまれ、巻き込まれ"
"1134","1992","平成","4","7","9~10","乗用型自走式防除機で農薬を散布中、梨の木を旋回していたところ、樹木に近づきすぎて枝と防除機の間に挟まれた。","6","農林業","602","林業","","","10~29","1","動力機械","16","一般動力機械","","","7","はさまれ、巻き込まれ"
"1135","1992","平成","4","7","14~15","資材置場で資材の整理中、スズメ蜂に刺された。","3","建設業","301","土木工事業","","","1~9","7","環境等","71","環境等","","","90","その他"
"1136","1992","平成","4","7","16~17","エレベータの保守点検製造のための試験塔シャフト内で、ホイスト(約190キログラム)を取り付け作業中、ホイストが落下して足場の丸太(径7センチメートル)が折れ、丸太上から7.4m下のピットに墜落した。","1","製造業","117","その他の製造業","","","1~9","4","仮設物、建築物、構築物等","41","仮設物、建築物、構築物等","","","1","墜落、転落"
"1137","1992","平成","4","7","10~11","トラクターで町道を走行中、対向車が来たため路肩へ寄ったところ路肩から脱輪し、約1m下の畑へ転落してトラクターの下敷きになった。","6","農林業","602","林業","","","1~9","1","動力機械","14","建設機械等","","","17","交通事故（道路）"
"1138","1992","平成","4","7","11~12","10tダンプカーで工事現場に砂を運搬中、交差点で停車中のトラックに追突した。","3","建設業","301","土木工事業","","","10~29","2","物上げ装置、運搬機械","22","動力運搬機","","","17","交通事故（道路）"
"1139","1992","平成","4","7","14~15","木造2階建て新築工事現場において、1階梁上で柱の取付作業中、高さ3.5mから墜落した。","3","建設業","302","建築工事業","","","1~9","4","仮設物、建築物、構築物等","41","仮設物、建築物、構築物等","","","1","墜落、転落"
"1140","1992","平成","4","7","16~17","プレス金型(5.7t)を玉掛けし、天井クレーンで吊り上げた際、玉掛け用ワイヤロープが外れて金型が落下し、金型とボルスターのフィードバーの間に挟まれた。","1","製造業","115","輸送用機械等製造業","","","1000~9999","3","その他の装置等","37","用具","","","4","飛来、落下"
"1141","1992","平成","4","7","2~3","客の車を代行輸送後、乗用車で帰社する途中、県道でトラックと正面衝突した。","4","運輸交通業","404","その他の運輸交通業","","","10~29","2","物上げ装置、運搬機械","23","乗物","","","17","交通事故（道路）"
"1142","1992","平成","4","7","2~3","客の車を代行輸送後、乗用車で帰社する途中、県道でトラックと正面衝突した。","4","運輸交通業","404","その他の運輸交通業","","","10~29","2","物上げ装置、運搬機械","23","乗物","","","17","交通事故（道路）"
"1143","1992","平成","4","7","8~9","炉上部の点検孔より内部を点検中、炉上部に垂直に挿入された銅粉を入れるための回転パイプ(径10センチメートル、7.5rpm)に巻き込まれ、横にあるガイドレールに挟まれた。","3","建設業","303","その他の建設業","","","10~29","3","その他の装置等","34","炉窯等","","","7","はさまれ、巻き込まれ"
"1144","1992","平成","4","7","11~12","外郭環状道路内廻りの既共用部分において、路肩で草取り作業中、走行してきた乗用車に激突された。","3","建設業","301","土木工事業","","","30~49","2","物上げ装置、運搬機械","23","乗物","","","17","交通事故（道路）"
"1145","1992","平成","4","7","11~12","5階建倉庫の屋上に保管してあった乗用車を搬出するためエレベーターに載せようとしたところ、エレベーターの扉を突き破り、昇降路内を約27m落下した。","4","運輸交通業","403","道路貨物運送業","","","1~9","2","物上げ装置、運搬機械","23","乗物","","","1","墜落、転落"
"1146","1992","平成","4","7","12~13","2階床の型わく組立作業において、大梁型わく・小梁型わく間に角材を掛けて台座を設け、その上に鋼製ビームを仮置きしていたが、大梁型わくの中を歩行中台座が折れ、弾みで荷とともに4m下の1階床に墜落した。","3","建設業","302","建築工事業","","","1~9","4","仮設物、建築物、構築物等","41","仮設物、建築物、構築物等","","","1","墜落、転落"
"1147","1992","平成","4","7","13~14","ワゴン車で走行中、対向車線をはみ出してきたタクシーと正面衝突した。","8","商業","","","","","1~9","2","物上げ装置、運搬機械","23","乗物","","","17","交通事故（道路）"
"1148","1992","平成","4","7","13~14","気中開閉器ケースの塗装前処理のため昇降機を操作し脱脂作業中、脱脂槽と昇降機の横アングル材に挟まれた。","1","製造業","114","電気機械器具製造業","","","500~999","2","物上げ装置、運搬機械","22","動力運搬機","","","7","はさまれ、巻き込まれ"
"1149","1992","平成","4","7","14~15","トラックで国道を走行中、路側帯を乗り越え約3m下の海に転落した。","8","商業","","","","","1~9","2","物上げ装置、運搬機械","22","動力運搬機","","","17","交通事故（道路）"
"1150","1992","平成","4","7","22~23","警備を請け負った事業場内を自転車で巡回中、工場内のピットに自転車ごと転落した。","17","その他の事業","","","","","1~9","4","仮設物、建築物、構築物等","41","仮設物、建築物、構築物等","","","1","墜落、転落"
"1151","1992","平成","4","7","9~10","麦畑下方の法面の雪解け時に発生した土砂崩壊部の法尻に、湧水等処理のため配水管を埋設する作業において、配水管を布設した側溝の一部に流れ込んだ土砂をかき出す作業を終えたところ、側溝上部の当該崩壊部の一部が崩れ下敷きになった。","3","建設業","301","土木工事業","","","1~9","7","環境等","71","環境等","","","5","崩壊、倒壊"
"1152","1992","平成","4","7","9~10","砂防ダム建設計画の現地調査中、高さ約8mの崖から足を踏み外し転落した。","3","建設業","301","土木工事業","","","100~299","7","環境等","71","環境等","","","1","墜落、転落"
"1153","1992","平成","4","7","10~11","工場のスレート屋根上で換気扇取付工事後、歩み板を持ってスレート屋根上を移動中、スレートを踏み抜き10m下の地面に墜落した。","3","建設業","303","その他の建設業","","","10~29","4","仮設物、建築物、構築物等","41","仮設物、建築物、構築物等","","","1","墜落、転落"
"1154","1992","平成","4","7","11~12","トラックにコンクリート製スレートを積み国道を走行中、ループ橋上でトラックが横転した。","4","運輸交通業","403","道路貨物運送業","","","1~9","2","物上げ装置、運搬機械","22","動力運搬機","","","17","交通事故（道路）"
"1155","1992","平成","4","7","12~13","高速道路の路肩の清掃のため、作業車で低速走行中、トラックに追突された。","15","清掃・と畜業","","","","","1~9","2","物上げ装置、運搬機械","22","動力運搬機","","","17","交通事故（道路）"
"1156","1992","平成","4","7","13~14","配達のため国道を走行中、後続車に追突された。","8","商業","","","","","10~29","2","物上げ装置、運搬機械","23","乗物","","","17","交通事故（道路）"
"1157","1992","平成","4","7","13~14","急斜面の山林内において、杉の風倒木をチェンソーで伐倒したところ、この伐倒木の倒れかかっていた杉の傾斜木が跳ね上がり、その根株が動いて根元にあった岩が落下し激突された。","6","農林業","601","農業","","","10~29","7","環境等","71","環境等","","","4","飛来、落下"
"1158","1992","平成","4","7","15~16","トレーニングセンター内の馬の洗い場で、馬の手入れをしていたところ、通行中の馬に蹴られた。","14","接客娯楽業","","","","","1~9","9","その他","91","その他の起因物","","","6","激突され"
"1159","1992","平成","4","7","20~21","小型トラクターショベルで牛舎のし尿排出作業中、運転席右側の窓から頭を出した際、ショベルのアームに挟まれた。","8","商業","","","","","10~29","1","動力機械","14","建設機械等","","","7","はさまれ、巻き込まれ"
"1160","1992","平成","4","7","5~6","トラックで高速道路を走行中、中央分離帯に衝突した乗用車を避けようとして横転し、更に後続のトラックに追突された。","4","運輸交通業","403","道路貨物運送業","","","100~299","2","物上げ装置、運搬機械","22","動力運搬機","","","17","交通事故（道路）"
"1161","1992","平成","4","7","10~11","エレベータのカウンターウエイトに錆止め塗装をするため、搬器の天井に乗り自らリモコンスイッチを操作して上昇中、下降してきたカウンターウエイトに直撃された。","3","建設業","303","その他の建設業","","","1~9","2","物上げ装置、運搬機械","21","動力クレーン等","","","6","激突され"
"1162","1992","平成","4","7","5~6","トラックで国道を走行中、前車に追突した後、後続車に追突され挟まれた。","4","運輸交通業","403","道路貨物運送業","","","10~29","2","物上げ装置、運搬機械","22","動力運搬機","","","17","交通事故（道路）"
"1163","1992","平成","4","7","6~7","建築現場へ資材運搬中、信号待ちしていたトラックに追突した。","4","運輸交通業","403","道路貨物運送業","","","1~9","2","物上げ装置、運搬機械","22","動力運搬機","","","17","交通事故（道路）"
"1164","1992","平成","4","7","12~13","岸壁に係留して建造中の冷凍船のビルジウエルを塗装していたが、現場で倒れているのを発見された。","1","製造業","115","輸送用機械等製造業","","","10~29","5","物質、材料","51","危険物、有害物等","","","12","有害物等との接触"
"1165","1992","平成","4","7","12~13","餃子製造ラインにおいて、混合機の清掃作業中、混合機の撹拌用羽根に巻き込まれた。","1","製造業","101","食料品製造業","","","100~299","1","動力機械","16","一般動力機械","","","7","はさまれ、巻き込まれ"
"1166","1992","平成","4","7","16~17","配送後、徒歩で帰社する途中、車道を横断しようとしたところ軽自動車にはねられた。","8","商業","","","","","30~49","2","物上げ装置、運搬機械","23","乗物","","","17","交通事故（道路）"
"1167","1992","平成","4","7","19~20","船の出港時立ち会いとして港内コンテナヤードに立っていたところ、同船への荷役作業を終えたフォークリフト(最大荷重13.5t)が左折してきて激突した。","4","運輸交通業","401","鉄道・軌道・水運・航空業","","","300~499","2","物上げ装置、運搬機械","22","動力運搬機","","","6","激突され"
"1168","1992","平成","4","7","8~9","深さ2mの掘削箇所で、汚水管を布設するため基礎砂を入れ均していたところ、掘削面の土砂が崩壊した。","3","建設業","301","土木工事業","","","10~29","7","環境等","71","環境等","","","5","崩壊、倒壊"
"1169","1992","平成","4","7","8~9","川沿いの雑草仮払工事現場において、川幅7.3m、深さ0.55mの川岸を肩掛け式草刈機で草刈中、水中に転落した。","3","建設業","301","土木工事業","","","1~9","7","環境等","71","環境等","","","10","おぼれ"
"1170","1992","平成","4","7","10~11","マンホール蓋のゴムパッキン取替作業において、マンホール内に入ったところ、酸欠状態のため地下水に転落し溺死した。","3","建設業","301","土木工事業","","","1~9","7","環境等","71","環境等","","","12","有害物等との接触"
"1171","1992","平成","4","7","10~11","マンホール蓋のゴムパッキン取替作業において、マンホール内に入ったところ、酸欠状態のため地下水に転落し溺死した。","3","建設業","301","土木工事業","","","1~9","7","環境等","71","環境等","","","12","有害物等との接触"
"1172","1992","平成","4","7","11~12","伐木材を玉切り作業中、造材された松材が斜面を滑り落ち激突した。","3","建設業","301","土木工事業","","","10~29","7","環境等","71","環境等","","","4","飛来、落下"
"1173","1992","平成","4","7","13~14","荷揚げ場で開口部に敷かれている鉄板(3.18×1.5m)を巻き上げ機で吊り上げる作業中、被災者が若干吊り上げたため鉄板が傾き、開口部より8.45m下に墜落した。","3","建設業","303","その他の建設業","","","1~9","2","物上げ装置、運搬機械","21","動力クレーン等","","","1","墜落、転落"
"1174","1992","平成","4","7","16~17","建築物外壁部にテント製スライド式庇を取り付ける作業において、梯子に乗り高さ4mの箇所でボルトの仮締め作業中、梯子が倒れ地上に墜落した。","3","建設業","302","建築工事業","","","1~9","3","その他の装置等","37","用具","","","1","墜落、転落"
"1175","1992","平成","4","7","16~17","伐採作業後、事業場の軽ワゴン車で帰宅する途中、県道で10m下の河原に転落した。","6","農林業","601","農業","","","1~9","2","物上げ装置、運搬機械","23","乗物","","","17","交通事故（道路）"
"1176","1992","平成","4","7","16~17","伐採作業後、事業場の軽ワゴン車で帰宅する途中、県道で10m下の河原に転落した。","6","農林業","601","農業","","","1~9","2","物上げ装置、運搬機械","23","乗物","","","17","交通事故（道路）"
"1177","1992","平成","4","7","17~18","3階床にデッキプレートを敷いていたところ、開口部から7.5m下に墜落した。","3","建設業","302","建築工事業","","","1~9","4","仮設物、建築物、構築物等","41","仮設物、建築物、構築物等","","","1","墜落、転落"
"1178","1992","平成","4","7","8~9","高速道路のパーキング入口地点で、リミックス作業開始前に11tトラックが安全施設で囲っていた中に進入し、リミキサーの後方で清掃作業をしていて、リミキサーとトラックの間に挟まれた。","3","建設業","301","土木工事業","","","10~29","2","物上げ装置、運搬機械","22","動力運搬機","","","17","交通事故（道路）"
"1179","1992","平成","4","7","9~10","埠頭で鋼管杭(径80センチメートル、長さ10m、1.8t)をトレーラーに積み込み作業中、移動式クレーンで吊り上げられた鋼管杭とトレーラーのシャシーの間に挟まれた。","5","貨物取扱業","502","港湾運送業","","","100~299","2","物上げ装置、運搬機械","21","動力クレーン等","","","6","激突され"
"1180","1992","平成","4","7","11~12","貯水池周囲の除草作業中、池に落ちた。","3","建設業","301","土木工事業","","","1~9","7","環境等","71","環境等","","","10","おぼれ"
"1181","1992","平成","4","7","12~13","杭打機ドリル接続作業において、地上約5mの箇所でドリル接続作業を完了し、ドリルに巻いたワイヤロープを外そうとした際、杭打機の運転手が振れ止めを下げたため、ドリルと振れ止めの間に挟まれた。","3","建設業","302","建築工事業","","","10~29","1","動力機械","14","建設機械等","","","7","はさまれ、巻き込まれ"
"1182","1992","平成","4","7","6~7","10t車に荷を積み走行中、追い越し車線を走行中の普通乗用車に接触した後、道路左側の側壁斜面に衝突した。","4","運輸交通業","403","道路貨物運送業","","","10~29","2","物上げ装置、運搬機械","22","動力運搬機","","","17","交通事故（道路）"
"1183","1992","平成","4","7","8~9","積載型移動式クレーンで荷台のセメントパック(1t)を卸す作業中、ジブを操縦側方向に旋回したところクレーンが横転し、既に卸してあったセメントパックとの間に挟まれた。","3","建設業","301","土木工事業","","","1~9","2","物上げ装置、運搬機械","21","動力クレーン等","","","6","激突され"
"1184","1992","平成","4","7","13~14","親会社構内において、空ビール瓶入ケースの移動作業中、36ケース積みパレット(1840キログラム)を6tフォークリフトに載せ、地上1.4mに上げたまま荷卸し場所へ行き荷を卸す際、後向きに立っていた被災者の頭上から荷を卸したため荷の下敷きになった。","4","運輸交通業","403","道路貨物運送業","","","100~299","2","物上げ装置、運搬機械","22","動力運搬機","","","7","はさまれ、巻き込まれ"
"1185","1992","平成","4","7","13~14","電柱から家屋に通した電線のたるみを直すため、外壁に碍子を取り付ける作業中、足を滑らせ3m下の地上に墜落した。","3","建設業","303","その他の建設業","","","1~9","4","仮設物、建築物、構築物等","41","仮設物、建築物、構築物等","","","1","墜落、転落"
"1186","1992","平成","4","7","10~11","作業用仮設足場上で同僚と打合せ中、橋台と仮設足場の隙間(25センチメートル)から7.85m下に墜落した。","3","建設業","301","土木工事業","","","10~29","4","仮設物、建築物、構築物等","41","仮設物、建築物、構築物等","","","1","墜落、転落"
"1187","1992","平成","4","7","11~12","平屋の屋根葺き替え工事において、瓦を取り除いた後、屋根上を掃除していたところ、軒端より2.8m下に転落した。","3","建設業","302","建築工事業","","","1~9","4","仮設物、建築物、構築物等","41","仮設物、建築物、構築物等","","","1","墜落、転落"
"1188","1992","平成","4","7","11~12","火災報知器の設置工事において、脚立上でケーブルを通す作業中、クレーンのトロリ線(3組、200V)に接触して感電し、床に転落した。","3","建設業","303","その他の建設業","","","1~9","3","その他の装置等","35","電気設備","","","13","感電"
"1189","1992","平成","4","7","16~17","トラクターショベルで砂利を整地作業中、法型から法面へトラクターショベルとともに転落した。","4","運輸交通業","403","道路貨物運送業","","","30~49","1","動力機械","14","建設機械等","","","1","墜落、転落"
"1190","1992","平成","4","7","5~6","瓦製造ラインの乾燥炉内で修理作業中、炉内に閉じ込められた。(外)","1","製造業","109","窯業土石製品製造業","","","10~29","3","その他の装置等","34","炉窯等","","","11","高温・低温の物との接触"
"1191","1992","平成","4","7","7~8","瓦製造ラインの乾燥炉内で修理作業中、炉内に閉じ込められた。(外)","1","製造業","109","窯業土石製品製造業","","","10~29","3","その他の装置等","34","炉窯等","","","11","高温・低温の物との接触"
"1192","1992","平成","4","7","9~10","トラックに同乗し工事現場へ向う途中、堤防道路上から河原へ転落した。","3","建設業","302","建築工事業","","","1~9","2","物上げ装置、運搬機械","22","動力運搬機","","","17","交通事故（道路）"
"1193","1992","平成","4","7","13~14","2階建建物の屋根上に設置されているエアコン室外機の修理のため屋根上に登っていたところ、約6.5m下の地上に墜落した。","8","商業","","","","","30~49","4","仮設物、建築物、構築物等","41","仮設物、建築物、構築物等","","","1","墜落、転落"
"1194","1992","平成","4","7","23~24","荷物を運送中、国道で前車の大型車両に追突した。","4","運輸交通業","403","道路貨物運送業","","","30~49","2","物上げ装置、運搬機械","22","動力運搬機","","","17","交通事故（道路）"
"1195","1992","平成","4","7","4~5","代行車を運転し帰社する途中、国道で対向車がカーブを曲がりきれずにスピンし、代行車に衝突した。","4","運輸交通業","404","その他の運輸交通業","","","10~29","2","物上げ装置、運搬機械","23","乗物","","","17","交通事故（道路）"
"1196","1992","平成","4","7","15~16","農道新設工事において路肩の整形作業中、同僚がダンプで運んできた土の地均しをするためブルドーザーを後退させたところ、キャタピラにひかれた。","3","建設業","301","土木工事業","","","10~29","1","動力機械","14","建設機械等","","","7","はさまれ、巻き込まれ"
"1197","1992","平成","4","7","2~3","線路付近で、トロリ線間をつなぐコネクタの取替準備作業の監視作業中、回送列車にはねられた。","3","建設業","303","その他の建設業","","","1~9","2","物上げ装置、運搬機械","23","乗物","","","18","交通事故（その他）"
"1198","1992","平成","4","7","7~8","営業に向う途中、高速道路で中央分離帯に激突した。","8","商業","","","","","1~9","2","物上げ装置、運搬機械","23","乗物","","","17","交通事故（道路）"
"1199","1992","平成","4","7","9~10","国有林内の林道において、ブルドーザーで雪害木の整理作業中、林道脇から谷へ転落し、ブルドーザーの下敷きになった。","6","農林業","601","農業","","","1~9","1","動力機械","14","建設機械等","","","1","墜落、転落"
"1200","1992","平成","4","7","10~11","営業用ワゴンで走行中、踏切で特急列車と衝突した。","8","商業","","","","","1~9","2","物上げ装置、運搬機械","23","乗物","","","17","交通事故（道路）"
"1201","1992","平成","4","7","10~11","営業用ワゴンで走行中、踏切で特急列車と衝突した。","8","商業","","","","","1~9","2","物上げ装置、運搬機械","23","乗物","","","17","交通事故（道路）"
"1202","1992","平成","4","7","11~12","市道上にダンプを停車し資材置場へ資材を降ろそうとしたところ、サイドブレーキが甘く市道も4度傾斜していたためダンプが動き出し、止めようとダンプに乗り込もうとした際、右前輪が脱輪し、ドアと車体の間に挟まれた。","3","建設業","301","土木工事業","","","10~29","2","物上げ装置、運搬機械","22","動力運搬機","","","7","はさまれ、巻き込まれ"
"1203","1992","平成","4","7","11~12","鋳鉄製カムシャフトが入っているパレットを4段積み(1段約640キログラム)にして置いたところ、最下段のパレットが潰れて崩れ、崩れたパレットと後方にあったパレットの間に挟まれた。","1","製造業","115","輸送用機械等製造業","","","10~29","6","荷","61","荷","","","5","崩壊、倒壊"
"1204","1992","平成","4","7","12~13","普通乗用車で客先へ向う途中、国道で対向してきた普通トラックと衝突した。","17","その他の事業","","","","","10~29","2","物上げ装置、運搬機械","23","乗物","","","17","交通事故（道路）"
"1205","1992","平成","4","7","15~16","ジョークラッシャーの刃の取替作業中、刃(1600キログラム、175×90センチメートル)をクレーンで吊り上げ降ろそうとしたとき、専用吊具が外れ、刃の下敷きになった。","15","清掃・と畜業","","","","","1~9","3","その他の装置等","37","用具","","","4","飛来、落下"
"1206","1992","平成","4","7","16~17","庭石屋で石を注文後、帰社するため4tダンプカーで走行中、道路が川のような状態であったため歩道と車道の縁石に激突し、車外に放り出された。","3","建設業","301","土木工事業","","","10~29","2","物上げ装置、運搬機械","22","動力運搬機","","","17","交通事故（道路）"
"1207","1992","平成","4","7","20~21","空調機が不調のため現場下見と打ち合わせに出向いた後、乗用車で走行中、スリップして追い越し線に逆向きに停止し、そこへ後続のトラックが衝突した。","17","その他の事業","","","","","1~9","2","物上げ装置、運搬機械","23","乗物","","","17","交通事故（道路）"
"1208","1992","平成","4","7","8~9","事業場所有の軽ワゴン車で工事現場へ向う途中、国道でセンターラインを越えてきた乗用車と正面衝突した。","3","建設業","303","その他の建設業","","","10~29","2","物上げ装置、運搬機械","23","乗物","","","17","交通事故（道路）"
"1209","1992","平成","4","7","9~10","法面崩壊対策工事において、バイブロハンマーを吊り下げた45tクレーンでくわえてH鋼を吊り込む作業中、くわえかたが浅いため地面に垂直に置いてくわえ直そうとしたところ、H鋼が倒れて当たった。","3","建設業","301","土木工事業","","","1~9","1","動力機械","14","建設機械等","","","4","飛来、落下"
"1210","1992","平成","4","7","14~15","山林内で支障木の伐採作業中、ブルドーザーのバケットで折損木の処理をしていたところ、木が横倒しになって近くの枯木に当たり、倒れた枯木に直撃された。","6","農林業","601","農業","","","10~29","7","環境等","71","環境等","","","5","崩壊、倒壊"
"1211","1992","平成","4","7","15~16","税務署での業務終了後、自動車で帰社する途中、センターラインを越えてきた大型トラックと正面衝突した。","17","その他の事業","","","","","30~49","2","物上げ装置、運搬機械","22","動力運搬機","","","17","交通事故（道路）"
"1212","1992","平成","4","7","3~4","タンクローリーで国道を走行中、路肩に停車していたトレーラーに追突し、積荷のナフサが炎上した。","4","運輸交通業","403","道路貨物運送業","","","10~29","2","物上げ装置、運搬機械","22","動力運搬機","","","17","交通事故（道路）"
"1213","1992","平成","4","7","4~5","小剪断機のトラブルを調査に行く際、同機の前にあったクロップ冷却水槽へ転落した。","1","製造業","110","鉄鋼業","","","1000~9999","4","仮設物、建築物、構築物等","41","仮設物、建築物、構築物等","","","1","墜落、転落"
"1214","1992","平成","4","7","8~9","基礎工事のため掘削中(深さ3m)、法面が崩壊し埋まった。","3","建設業","302","建築工事業","","","10~29","7","環境等","71","環境等","","","5","崩壊、倒壊"
"1215","1992","平成","4","7","9~10","地上16.5mの吊り足場上から型わく材(2.7t)を高所作業車(1t)で荷卸し中、安全装置が作動したため油圧を抜いて降下したところ、昇降装置が折れ曲がり、地上に投げ出された。","3","建設業","301","土木工事業","","","10~29","1","動力機械","14","建設機械等","","","1","墜落、転落"
"1216","1992","平成","4","7","9~10","ねかせてあった酢をブレンダーから排出後、ブレンダーのスイッチを切り内部に残っていた酢を手作業で取り出していたところ、ブレンダー内の羽根に挟まれた。","1","製造業","101","食料品製造業","","","100~299","1","動力機械","16","一般動力機械","","","7","はさまれ、巻き込まれ"
"1217","1992","平成","4","7","14~15","国道の舗装修繕工事現場において、アスファルト廃材を積み終わったダンプカーを誘導中、待機していた別のダンプカーが後退してきてひかれた。","17","その他の事業","","","","","1~9","2","物上げ装置、運搬機械","22","動力運搬機","","","17","交通事故（道路）"
"1218","1992","平成","4","7","14~15","地上3階建ビル解体工事現場において、一側足場の解体作業中、同足場上より約9m下の地上に墜落した。","3","建設業","302","建築工事業","","","10~29","4","仮設物、建築物、構築物等","41","仮設物、建築物、構築物等","","","1","墜落、転落"
"1219","1992","平成","4","7","16~17","配達後2tトラックで国道を走行中、センターラインを越え、停車中の大型トラックに衝突した。","8","商業","","","","","50~99","2","物上げ装置、運搬機械","22","動力運搬機","","","17","交通事故（道路）"
"1220","1992","平成","4","7","17~18","排水処理設備の定期点検作業中、深さ5mのマンホールに墜落した。","17","その他の事業","","","","","1~9","3","その他の装置等","39","その他の装置、設備","","","1","墜落、転落"
"1221","1992","平成","4","7","19~20","乗用車で客先回り後、帰社するため国道を走行中、左側崖下(約7m)に転落して電柱に激突した。","3","建設業","302","建築工事業","","","10~29","2","物上げ装置、運搬機械","23","乗物","","","17","交通事故（道路）"
"1222","1992","平成","4","7","20~21","豪雨の高速道路を10tトラックで走行中、前車の乗用車に追突し、追突した乗用車の様子を見ようと運転席から降り後部へ回ったところ、後続のトラックにひかれた。","4","運輸交通業","403","道路貨物運送業","","","50~99","2","物上げ装置、運搬機械","22","動力運搬機","","","17","交通事故（道路）"
"1223","1992","平成","4","7","20~21","トラックに荷を積み高速道路を走行中、前方の大型トラックと乗用車が接触事故を起こし、そこへ突っ込んだ。","4","運輸交通業","403","道路貨物運送業","","","1~9","2","物上げ装置、運搬機械","22","動力運搬機","","","17","交通事故（道路）"
"1224","1992","平成","4","7","6~7","貨物船(497t)の船倉内に積み込んだ圧延コイル(径2.25m、幅0.925m、25t)を左舷側壁に寄せる作業中、壁に立てかけてあったあて木の位置を直そうとしたところ、転がってきた圧延コイルと船倉内壁の間に挟まれた。","5","貨物取扱業","502","港湾運送業","","","100~299","6","荷","61","荷","","","7","はさまれ、巻き込まれ"
"1225","1992","平成","4","7","9~10","自動車整備工場において、ドラム缶でゴミ箱を作るため蓋をアセチレンガスの炎で切断していたところ爆発し、蓋部分が飛んで手に当たり、転倒して頭部を強打した。","4","運輸交通業","403","道路貨物運送業","","","50~99","5","物質、材料","51","危険物、有害物等","","","14","爆発"
"1226","1992","平成","4","7","10~11","トラックの荷台に積まれた冷蔵庫用部品の入ったキャスター付き容器(460キログラム×1280キログラム×3)4個が落下し下敷きになった。","1","製造業","112","金属製品製造業","","","30~49","6","荷","61","荷","","","5","崩壊、倒壊"
"1227","1992","平成","4","7","11~12","4階をつなぐ渡り廊下(仮設通路、勾配約7度)から約2m下の3階に墜落した。","1","製造業","109","窯業土石製品製造業","","","50~99","4","仮設物、建築物、構築物等","41","仮設物、建築物、構築物等","","","1","墜落、転落"
"1228","1992","平成","4","7","11~12","下にたまった球を上げるコンベアの速度を調整中、プーリーから出ている回転軸にシャツが巻き込まれた。","14","接客娯楽業","","","","","1~9","1","動力機械","12","動力伝導機構","","","7","はさまれ、巻き込まれ"
"1229","1992","平成","4","7","12~13","船舶用リフターの修理の見積作業中、減速機のカバーを開けたところリフターの搬器の片側が下降し、これに乗っていた4tユニック車が水中に落下し、ユニックのジブとリフターのシャフトの間に挟まれた。","1","製造業","115","輸送用機械等製造業","","","50~99","2","物上げ装置、運搬機械","21","動力クレーン等","","","7","はさまれ、巻き込まれ"
"1230","1992","平成","4","7","13~14","新築工事現場において、2階庇上からALC板と角材を地上に降ろす作業中、庇から角材とともに4.5m下に墜落した。","3","建設業","302","建築工事業","","","1~9","4","仮設物、建築物、構築物等","41","仮設物、建築物、構築物等","","","1","墜落、転落"
"1231","1992","平成","4","7","13~14","基礎の脚台据付のため深さ6.5mの穴へ降りる際、昇降梯子で4mまで降り、ロリップを外しフープ筋を伝って下降中、転落した。","3","建設業","303","その他の建設業","","","1~9","4","仮設物、建築物、構築物等","41","仮設物、建築物、構築物等","","","1","墜落、転落"
"1232","1992","平成","4","7","15~16","自動車解体工場において、解体したトラック車体を移送するためトラックに積み込み、ワイヤロープを掛けるため荷台上へ登ろうとしたところ荷崩れをおこし、鋼材と地面の間に挟まれた。","1","製造業","115","輸送用機械等製造業","","","10~29","6","荷","61","荷","","","5","崩壊、倒壊"
"1233","1992","平成","4","7","4~5","大型トラックに同乗し高速道路を走行中、ガードレールに衝突して横転し、車外に放り出された。","4","運輸交通業","403","道路貨物運送業","","","50~99","2","物上げ装置、運搬機械","22","動力運搬機","","","17","交通事故（道路）"
"1234","1992","平成","4","7","10~11","自家用車で出張中、国道のトンネル内でトラックと正面衝突した。","17","その他の事業","","","","","1000~9999","2","物上げ装置、運搬機械","23","乗物","","","17","交通事故（道路）"
"1235","1992","平成","4","7","13~14","工場内型置場の屋根の雨漏りの補修作業中、屋根上で補修用資材の荷揚げをしていたところ、約3m下のコンクリート床に墜落した。","1","製造業","115","輸送用機械等製造業","","","不明","4","仮設物、建築物、構築物等","41","仮設物、建築物、構築物等","","","1","墜落、転落"
"1236","1992","平成","4","7","17~18","作業後、工場内の発泡スチロール製弁当箱製造用の仕上げ分離機(切断機)の清掃作業中、当該分離機の下部に取り付けてある変圧器(220V)に触れた。","1","製造業","108","化学工業","","","100~299","1","動力機械","16","一般動力機械","","","13","感電"
"1237","1992","平成","4","7","20~21","同僚の運転する自動車に同乗し、宿泊客をバス発着所へ送迎する途中、カーブを曲がりきれず路肩より40m下へ転落した。","17","その他の事業","","","","","10~29","2","物上げ装置、運搬機械","23","乗物","","","17","交通事故（道路）"
"1238","1992","平成","4","7","20~21","乗用車で修理現場へ向う途中、県道の緩いS字カーブで雨のためスリップし、電柱に衝突した。","3","建設業","303","その他の建設業","","","1~9","2","物上げ装置、運搬機械","23","乗物","","","17","交通事故（道路）"
"1239","1992","平成","4","7","4~5","ワゴン車で高速道路を走行中、轍にタイヤをとられ、中央分離帯に衝突した。","8","商業","","","","","10~29","2","物上げ装置、運搬機械","23","乗物","","","17","交通事故（道路）"
"1240","1992","平成","4","7","4~5","ワゴン車で高速道路を走行中、轍にタイヤをとられ、中央分離帯に衝突した。","1","製造業","101","食料品製造業","","","10~29","2","物上げ装置、運搬機械","23","乗物","","","17","交通事故（道路）"
"1241","1992","平成","4","7","8~9","道路脇の山肌に落石防止のネットを掛ける作業中、道路上から施工場所の上方を見ようと道路中央へ後向きで進んだところ、走行してきた乗用車にはねられた。","3","建設業","301","土木工事業","","","10~29","2","物上げ装置、運搬機械","23","乗物","","","17","交通事故（道路）"
"1242","1992","平成","4","7","8~9","素麺の下地製造のためミキサーの蓋を開け、材料を手でつまもうとしたところ、回転中の羽根に巻き込まれた。","1","製造業","101","食料品製造業","","","10~29","1","動力機械","16","一般動力機械","","","7","はさまれ、巻き込まれ"
"1243","1992","平成","4","7","8~9","トラックから荷を卸すためシートを外そうとしたところ、雨のため足を滑らせ、高さ約2mのあおり上から路上に墜落した。","4","運輸交通業","403","道路貨物運送業","","","1~9","2","物上げ装置、運搬機械","22","動力運搬機","","","1","墜落、転落"
"1244","1992","平成","4","7","9~10","道路拡幅工事現場において、迂回路脇で工事をしていたところ、工事用の柵に接触してハンドルを取られた乗用車が現場内に突っ込み、はねられた。","3","建設業","301","土木工事業","","","10~29","2","物上げ装置、運搬機械","23","乗物","","","17","交通事故（道路）"
"1245","1992","平成","4","7","11~12","治山工事現場で型わく組立中、法面の土砂が崩壊して型わくを押し倒し、その下敷きになった。","3","建設業","301","土木工事業","","","1~9","7","環境等","71","環境等","","","5","崩壊、倒壊"
"1246","1992","平成","4","7","11~12","1階柱に梯子をかけ、高さ約1.8mの所でほど穴を開けていたところ、移動式クレーンで吊り上げていた小屋梁用丸太が落下して梯子に当たり、その衝撃で梯子から墜落した。","3","建設業","302","建築工事業","","","1~9","3","その他の装置等","37","用具","","","1","墜落、転落"
"1247","1992","平成","4","7","11~12","電線用管埋設後、導通試験棒を引くためユニック車に取付けていた電動ウインチの台付けワイヤーが切れ、ユニック車後方にいた被災者が電動ウインチに激突された。","3","建設業","303","その他の建設業","","","1~9","3","その他の装置等","37","用具","","","4","飛来、落下"
"1248","1992","平成","4","7","15~16","農道工事現場において、山側ブロック擁壁部でケレン作業(目地処理)中、砕石運搬のためバックで進入してきた4tダンプトラックにひかれた。","3","建設業","301","土木工事業","","","10~29","2","物上げ装置、運搬機械","22","動力運搬機","","","7","はさまれ、巻き込まれ"
"1249","1992","平成","4","7","7~8","ケーブルクレーンに生コンを入れるバケットの取付作業中、吊り具から下がっているワイヤロープを取り込もうとした際、逆にワイヤロープとともに作業床外に投げ出され、一旦は宙吊りになっていたが力尽き、6m下の提体のコンクリート面に墜落した。","3","建設業","301","土木工事業","","","300~499","4","仮設物、建築物、構築物等","41","仮設物、建築物、構築物等","","","1","墜落、転落"
"1250","1992","平成","4","7","9~10","ドラグショベルで斜面掘削中、約1.7m下に転落し、ドラグショベルの下敷きになった。","3","建設業","301","土木工事業","","","10~29","1","動力機械","14","建設機械等","","","1","墜落、転落"
"1251","1992","平成","4","7","11~12","栗の木(胸高直径1m)を伐倒した際、かかり木となっていたナラ材が避難した方向に倒れ、その木に強打された。","6","農林業","601","農業","","","10~29","7","環境等","71","環境等","","","5","崩壊、倒壊"
"1252","1992","平成","4","7","12~13","テーブルリフターのアームの油圧シリンダーを調整中、空気抜き用メクラ栓を緩めたところ作動油が噴出し、アームに挟まれた。","3","建設業","303","その他の建設業","","","1~9","2","物上げ装置、運搬機械","21","動力クレーン等","","","7","はさまれ、巻き込まれ"
"1253","1992","平成","4","7","14~15","新幹線の橋梁排水樋の取付工事後、枠組足場を解体中、足場3段目(高さ5.31m)より墜落した。","3","建設業","303","その他の建設業","","","1~9","4","仮設物、建築物、構築物等","41","仮設物、建築物、構築物等","","","1","墜落、転落"
"1254","1992","平成","4","7","15~16","鮮魚を陸送中、高速道路上で小雨のため車がスリップして横転し、仮眠中の被災者が車外へ投げ出された。","4","運輸交通業","403","道路貨物運送業","","","30~49","2","物上げ装置、運搬機械","22","動力運搬機","","","17","交通事故（道路）"
"1255","1992","平成","4","7","16~17","住宅新築工事現場において、2階作業場の作業床として梁上にかけられていたコンクリートパネルに乗った際、コンクリートパネルの下に敷いていた板が破損してコンクリートパネルが外れ、1階に墜落した。","3","建設業","302","建築工事業","","","1~9","4","仮設物、建築物、構築物等","41","仮設物、建築物、構築物等","","","1","墜落、転落"
"1256","1992","平成","4","7","9~10","伐採作業中、約1.5m下の沢に転落した。","6","農林業","601","農業","","","1~9","7","環境等","71","環境等","","","1","墜落、転落"
"1257","1992","平成","4","7","11~12","工場内において、200tプレスブレーキでプレート(455×400×4.5ミリメートル)を曲げ加工中、下型にクラックがあったため2つに割れ、刺さった。","1","製造業","112","金属製品製造業","","","10~29","1","動力機械","16","一般動力機械","","","4","飛来、落下"
"1258","1992","平成","4","7","14~15","得意先より軽自動車で帰社する途中、赤信号で停車中に大型トラックに追突され、そのはずみで前の乗用車に衝突した。","8","商業","","","","","1~9","2","物上げ装置、運搬機械","22","動力運搬機","","","17","交通事故（道路）"
"1259","1992","平成","4","7","15~16","コーンルーフタンク(径46m、高さ18m、円筒形)の屋根板を取替作業中、取り外そうとした屋根板に乗ったところ重みで折れ曲がり、当該屋根板を支えていた鉄骨から屋根板が外れたため墜落した。","3","建設業","302","建築工事業","","","10~29","4","仮設物、建築物、構築物等","41","仮設物、建築物、構築物等","","","1","墜落、転落"
"1260","1992","平成","4","7","15~16","高速道路下り車線法枠内の草取り作業後、路肩規制のための矢印板を2tトラックに積み込みトラックの荷台に立っていたところ、後方より10tトラックに追突された。","15","清掃・と畜業","","","","","30~49","2","物上げ装置、運搬機械","22","動力運搬機","","","17","交通事故（道路）"
"1261","1992","平成","4","7","15~16","220Vの配線に枝配線を取り付ける作業中、導線に枝配線を固定する際、感電した。","3","建設業","303","その他の建設業","","","1~9","3","その他の装置等","35","電気設備","","","13","感電"
"1262","1992","平成","4","7","9~10","移動式クレーン(つり上げ荷重4.9t)で筋かい材を吊り、枠組足場に取り込む作業中、足場上部にある22000Vの送電線にワイヤが接触したため感電し、高さ5.6mの足場上から墜落した。","3","建設業","302","建築工事業","","","10~29","2","物上げ装置、運搬機械","21","動力クレーン等","","","13","感電"
"1263","1992","平成","4","7","10~11","単独でチェーンブロックを使いトラックの荷台から商品を冷蔵庫に搬入する作業中、転倒あるいは荷台から転落した。","8","商業","","","","","10~29","9","その他","99","分類不能","","","99","分類不能"
"1264","1992","平成","4","7","11~12","トラクターショベルで大鋸屑等を2tトラックの荷台に積み込んだ後、路肩に沿ってトラクターショベルを駐車させる際、トラクターショベルとともに約3m下の川に転落した。","1","製造業","101","食料品製造業","","","50~99","1","動力機械","14","建設機械等","","","1","墜落、転落"
"1265","1992","平成","4","7","11~12","清掃作業車の後部座席に乗り高速道路を清掃中、後続のトラックが作業車に追突して作業車が横転し、そのはずみで車外に投げ出され、道路下約10mの川岸に置いてあった木造廃船上に転落した。","15","清掃・と畜業","","","","","30~49","2","物上げ装置、運搬機械","22","動力運搬機","","","17","交通事故（道路）"
"1266","1992","平成","4","7","12~13","古紙プレス機(ペーパーベーラー)のハッチに足を入れたところ、プレスシリンダーに挟まれた。","8","商業","","","","","10~29","1","動力機械","16","一般動力機械","","","7","はさまれ、巻き込まれ"
"1267","1992","平成","4","7","13~14","個人住宅解体工事現場で、ドラグショベルで門扉の撤去作業中、作業位置を変えるため後方に移動したドラグショベルにひかれた。","3","建設業","302","建築工事業","","","10~29","1","動力機械","14","建設機械等","","","7","はさまれ、巻き込まれ"
"1268","1992","平成","4","7","13~14","砂型造形機にコンベヤーで搬送された台車上の定盤(砂型の受け台)がズレたため、造形機内に入り定盤自動装填部で修正作業中、台車が上昇し、台車の側面と造形機のフレームの間に挟まれた。","1","製造業","110","鉄鋼業","","","50~99","2","物上げ装置、運搬機械","22","動力運搬機","","","7","はさまれ、巻き込まれ"
"1269","1992","平成","4","7","14~15","製造した大波スレートを型わくから外してシート掛け後、しゃがみ込んでいたところ、10tフォークリフトにひかれた。","1","製造業","109","窯業土石製品製造業","","","30~49","2","物上げ装置、運搬機械","22","動力運搬機","","","7","はさまれ、巻き込まれ"
"1270","1992","平成","4","7","14~15","バックホウのバケットの爪に玉掛けし、土止め用の継目板(800×100×12、59枚、約413キログラム)を移動中、荷ぶれを直そうとして吊り荷とバックホウ本体の間に入ったところ、バックホウにひかれた。","3","建設業","301","土木工事業","","","1~9","1","動力機械","14","建設機械等","","","7","はさまれ、巻き込まれ"
"1271","1992","平成","4","7","15~16","法面へのモルタル吹付工事において、トラクターショベルで砂の運搬作業中、路肩を逸脱し急斜面を約80m転落した。","3","建設業","301","土木工事業","","","1~9","1","動力機械","14","建設機械等","","","1","墜落、転落"
"1272","1992","平成","4","7","17~18","営業終了後、乗用車で国道を走行中、先行車がドライブインに入るため停止していたが、次の車両の停止に気付くのが遅れ、それを避けようとして対向車線にはみ出し、大型トラックと衝突した。","8","商業","","","","","50~99","2","物上げ装置、運搬機械","23","乗物","","","17","交通事故（道路）"
"1273","1992","平成","4","7","6~7","50ccバイクで新聞配達中、道路を横切ろうとして軽ワゴン車と衝突した。","8","商業","","","","","30~49","2","物上げ装置、運搬機械","23","乗物","","","17","交通事故（道路）"
"1274","1992","平成","4","7","8~9","事業場内の材料置場において、3階から材料を降ろすため1階で簡易リフトに乗り込み、搬器から身を乗り出してスイッチを操作し、搬器を上昇させたところ、搬器上部のフレームと昇降路の水平フレームの間に挟まれた。","3","建設業","301","土木工事業","","","30~49","2","物上げ装置、運搬機械","21","動力クレーン等","","","7","はさまれ、巻き込まれ"
"1275","1992","平成","4","7","9~10","駐車場新築工事において、擁壁のスミ出しをしていたところ、路盤材(砕石)を均していたバックホウがバックした際、ひかれた。","3","建設業","301","土木工事業","","","1~9","1","動力機械","14","建設機械等","","","7","はさまれ、巻き込まれ"
"1276","1992","平成","4","7","11~12","フォークリフト(最大積載荷重700キログラム)で精米工場から倉庫へ米を運搬中、フォークリフトのタイヤが深さ20センチメートルの溝に落ち、横転してヘッドガートの枠と地面の間に挟まれた。","8","商業","","","","","10~29","2","物上げ装置、運搬機械","22","動力運搬機","","","2","転倒"
"1277","1992","平成","4","7","12~13","高速道路で渋滞のため停止していたところ、後続の4tトラックに追突され、前に停止していた大型トラックとの間に挟まれた。","3","建設業","301","土木工事業","","","30~49","2","物上げ装置、運搬機械","23","乗物","","","17","交通事故（道路）"
"1278","1992","平成","4","7","14~15","木造2階建て新築工事において、地上約6mの梁上で、移動式クレーンで吊り上げられた壁材を取ろうとしたところ、墜落した。","3","建設業","302","建築工事業","","","1~9","4","仮設物、建築物、構築物等","41","仮設物、建築物、構築物等","","","1","墜落、転落"
"1279","1992","平成","4","7","15~16","エレベーター(ガイドレールに沿って昇降するテーブルリフター方式)に乗って上昇中、2階床面下の梁と搬器の手摺の間に挟まれた。","8","商業","","","","","50~99","2","物上げ装置、運搬機械","21","動力クレーン等","","","7","はさまれ、巻き込まれ"
"1280","1992","平成","4","7","0~1","交差点で信号待ちのため停車中、居眠り運転のタンクローリーに追突され、前車の大型トラックとの間に挟まれた。","9","金融・広告業","","","","","1~9","2","物上げ装置、運搬機械","22","動力運搬機","","","17","交通事故（道路）"
"1281","1992","平成","4","7","3~4","乳母車を押して新聞配達中、道路を横断する際、乗用車にはねられた。","8","商業","","","","","30~49","2","物上げ装置、運搬機械","23","乗物","","","17","交通事故（道路）"
"1282","1992","平成","4","7","8~9","社用車で建築現場へ向う途中、センターラインを越え、対向してきた大型トラックに正面衝突した。","3","建設業","302","建築工事業","","","1~9","2","物上げ装置、運搬機械","23","乗物","","","17","交通事故（道路）"
"1283","1992","平成","4","7","9~10","生コンをミキサー車で配送中、道路左側の谷(深さ約5.6m)へ転落した。","1","製造業","109","窯業土石製品製造業","","","10~29","2","物上げ装置、運搬機械","22","動力運搬機","","","17","交通事故（道路）"
"1284","1992","平成","4","7","9~10","2tトラックで県道を走行中、右折待ち中の車に追突した。","4","運輸交通業","403","道路貨物運送業","","","10~29","2","物上げ装置、運搬機械","22","動力運搬機","","","17","交通事故（道路）"
"1285","1992","平成","4","7","10~11","立体駐車場の鉄骨建方作業中、枠組足場3段目作業床から身を乗り出してウインチのワイヤロープを引き下げていたところ、約5.5m下のコンクリート床上に墜落した。","3","建設業","302","建築工事業","","","50~99","4","仮設物、建築物、構築物等","41","仮設物、建築物、構築物等","","","1","墜落、転落"
"1286","1992","平成","4","7","15~16","ワゴン車で国道を走行中、赤信号で停車中の大型ダンプカーに追突した。","8","商業","","","","","1~9","2","物上げ装置、運搬機械","23","乗物","","","17","交通事故（道路）"
"1287","1992","平成","4","7","15~16","産業廃棄物収集タンク内部の清掃作業後、丸太棒で支えていた蓋を閉めるためワイヤロープをかけて機械で降ろそうとした際、再度内部を確認するため覗いたところ、支えていた丸太棒が倒れ、蓋に挟まれた。","15","清掃・と畜業","","","","","1~9","4","仮設物、建築物、構築物等","41","仮設物、建築物、構築物等","","","5","崩壊、倒壊"
"1288","1992","平成","4","7","16~17","高速道路路肩の草刈作業後、4tトラック後部のステップに乗り路肩規制に使用したラバーコーンを撤去改修作業中、ステップから転落し当該トラックにひかれた。","15","清掃・と畜業","","","","","1~9","2","物上げ装置、運搬機械","22","動力運搬機","","","17","交通事故（道路）"
"1289","1992","平成","4","7","16~17","外勤中、旅館の通用口のガラス戸を開けようとしたところ、足元の踏台につまずいてガラス戸に激突し、破片で右上腕動脈を切断した。","8","商業","","","","","1~9","4","仮設物、建築物、構築物等","41","仮設物、建築物、構築物等","","","3","激突"
"1290","1992","平成","4","7","17~18","木造家屋建築工事現場の足場組立作業後、本社に戻り地下材料置場で残材を収納作業中、倒れた。(日射病による脱水症)","3","建設業","302","建築工事業","","","1~9","7","環境等","71","環境等","","","90","その他"
"1291","1992","平成","4","7","20~21","花火祭の会場で、煙火玉(5号単発15センチメートル玉)の打上げ作業中、打上筒内で爆発し、筒を固定していた木枠及び打上筒(ランプストン、内径152ミリメートル、高さ800ミリメートル、厚さ8ミリメートル)が飛散し、激突した。","1","製造業","117","その他の製造業","","","30~49","5","物質、材料","51","危険物、有害物等","","","14","爆発"
"1292","1992","平成","4","7","10~11","現場付近の林道をホイール式トラクターショベルで清掃後、現場へ戻るため林道を走行中、トラクターショベルとともに70m下の沢に転落した。","3","建設業","301","土木工事業","","","10~29","1","動力機械","14","建設機械等","","","1","墜落、転落"
"1293","1992","平成","4","7","11~12","テーブル型NC横中ぐりフライス盤で金型を加工中、フライス盤のエンドミル(毎分50回転)に作業服を巻き込まれ、エンドミルとともに体が回転した。","1","製造業","113","一般機械器具製造業","","","10~29","1","動力機械","16","一般動力機械","","","7","はさまれ、巻き込まれ"
"1294","1992","平成","4","7","11~12","掘削方式で建設中の高速道路の頂版上において、片付け清掃作業中、高さ9.65mの開口部から墜落した。","3","建設業","301","土木工事業","","","50~99","4","仮設物、建築物、構築物等","41","仮設物、建築物、構築物等","","","1","墜落、転落"
"1295","1992","平成","4","7","9~10","木造住宅2階の屋根葺き工事中、墜落した。","3","建設業","302","建築工事業","","","10~29","4","仮設物、建築物、構築物等","41","仮設物、建築物、構築物等","","","1","墜落、転落"
"1296","1992","平成","4","7","12~13","乗用車で次の作業箇所へ移動中、対向車線からはみ出てきた乗用車に激突された。","3","建設業","302","建築工事業","","","1~9","2","物上げ装置、運搬機械","23","乗物","","","17","交通事故（道路）"
"1297","1992","平成","4","7","7~8","4tダンプカーに同乗し工事現場へ向う途中、橋に激突し、車外に放り出された。","3","建設業","301","土木工事業","","","10~29","2","物上げ装置、運搬機械","22","動力運搬機","","","17","交通事故（道路）"
"1298","1992","平成","4","7","8~9","50ccバイクで走行中、交差点で乗用車と衝突した。","1","製造業","101","食料品製造業","","","10~29","2","物上げ装置、運搬機械","23","乗物","","","17","交通事故（道路）"
"1299","1992","平成","4","7","9~10","芋洗機械に取り付けてある横形スクリューコンベヤーを駆動させながらワイヤブラシで錆落とし中、巻き込まれた。","1","製造業","101","食料品製造業","","","1~9","2","物上げ装置、運搬機械","22","動力運搬機","","","7","はさまれ、巻き込まれ"
"1300","1992","平成","4","7","10~11","水門築造工事をほぼ完了後、工事の片付け作業として草刈機で現場事務所付近の草刈作業中、草の中にアシナガバチの巣があり、刺された。","3","建設業","301","土木工事業","","","1~9","7","環境等","71","環境等","","","90","その他"
"1301","1992","平成","4","7","11~12","資材置場においてドラグショベルで整地作業中、約3m下の小川に転落し、ドラグショベルの下敷きになった。","3","建設業","301","土木工事業","","","1~9","1","動力機械","14","建設機械等","","","1","墜落、転落"
"1302","1992","平成","4","7","15~16","乗用車で高速道路を走行中、緩やかな左カーブでセンターラインを越えて対向車と接触し、更に後続の大型観光バスに衝突した。","1","製造業","116","電気・ガス・水道業","","","300~499","2","物上げ装置、運搬機械","23","乗物","","","17","交通事故（道路）"
"1303","1992","平成","4","7","15~16","電線の架線作業において、鉄塔上の高さ25mの地点で作業を行った後、鉄塔中央部に移動する際、地上に墜落した。","3","建設業","303","その他の建設業","","","10~29","4","仮設物、建築物、構築物等","41","仮設物、建築物、構築物等","","","1","墜落、転落"
"1304","1992","平成","4","7","17~18","乗用車で商品受取に行き帰社する途中、対向してきたダンプカーが車線をはみ出し、衝突した。","17","その他の事業","","","","","30~49","2","物上げ装置、運搬機械","22","動力運搬機","","","17","交通事故（道路）"
"1305","1992","平成","4","7","11~12","模様替えに伴う電気整備工事において、5階事務室天井裏の電灯線(単相200V)の移設作業中、既設の配線と新設の配線を結線する際、感電した。","3","建設業","302","建築工事業","","","10~29","3","その他の装置等","35","電気設備","","","13","感電"
"1306","1992","平成","4","7","12~13","ずい道の出口中央で休憩(昼寝)中、昼食から自動車で戻ってきた同僚が雑草のため被災者に気付かず、ひいた。","17","その他の事業","","","","","10~29","2","物上げ装置、運搬機械","22","動力運搬機","","","17","交通事故（道路）"
"1307","1992","平成","4","7","14~15","2t車で国道を走行中、道路左側に駐車中の軽トラックに乗り上げ、更に電柱に衝突した。","4","運輸交通業","403","道路貨物運送業","","","100~299","2","物上げ装置、運搬機械","22","動力運搬機","","","17","交通事故（道路）"
"1308","1992","平成","4","7","15~16","木造2階建工場の解体作業中、車両系建設機械(解体用)で2階床部を解体していたところ、床面が崩壊して下敷きになった。","3","建設業","302","建築工事業","","","1~9","4","仮設物、建築物、構築物等","41","仮設物、建築物、構築物等","","","5","崩壊、倒壊"
"1309","1992","平成","4","7","15~16","建築物の基礎の埋め戻し作業中、炎天下のため熱射病になった。","3","建設業","302","建築工事業","","","1~9","7","環境等","71","環境等","","","11","高温・低温の物との接触"
"1310","1992","平成","4","7","16~17","得意先より帰社するため50ccバイクで国道を走行中、交差点を右折する際、直進してきた普通トラックと衝突した。","9","金融・広告業","","","","","30~49","2","物上げ装置、運搬機械","23","乗物","","","17","交通事故（道路）"
"1311","1992","平成","4","7","7~8","納品後、帰社するためワゴン車で高速道路を走行中、ガードレールに激突して併走していた大型トラックと接触し、車外に投げ出された。","8","商業","","","","","30~49","2","物上げ装置、運搬機械","23","乗物","","","17","交通事故（道路）"
"1312","1992","平成","4","7","9~10","廃車になったタンクローリー車のタンク部分の解体中、ガス溶断しようとしたところ、爆発した。","8","商業","","","","","1~9","3","その他の装置等","39","その他の装置、設備","","","14","爆発"
"1313","1992","平成","4","7","15~16","牧場において、トラッククレーンで飼料(約400キログラム)を卸す作業中、巻き上げワイヤが切断して荷が落下し、下敷きになった。","4","運輸交通業","403","道路貨物運送業","","","30~49","2","物上げ装置、運搬機械","21","動力クレーン等","","","4","飛来、落下"
"1314","1992","平成","4","7","16~17","10t天井クレーン上で掃除中、左右のクレーンガーダ間の手摺のない開口部より、9.5m下の床上に墜落した。","1","製造業","112","金属製品製造業","","","10~29","2","物上げ装置、運搬機械","21","動力クレーン等","","","1","墜落、転落"
"1315","1992","平成","4","7","2~3","高速道路を走行中、居眠りをして大型トラックに追突した。","4","運輸交通業","403","道路貨物運送業","","","1~9","2","物上げ装置、運搬機械","22","動力運搬機","","","17","交通事故（道路）"
"1316","1992","平成","4","7","3~4","小型まき網船(4.9t)上で、網を取り込むため網のロープをローラーで引き寄せていたところ、網とロープを繋ぐ金具からロープが外れ、金具が当たった。","7","畜産・水産業","","","","","10~29","3","その他の装置等","37","用具","","","4","飛来、落下"
"1317","1992","平成","4","7","5~6","中型トラックで国道を走行中、センターラインを越え、対向車に激突した。","4","運輸交通業","403","道路貨物運送業","","","30~49","2","物上げ装置、運搬機械","22","動力運搬機","","","17","交通事故（道路）"
"1318","1992","平成","4","7","6~7","スキー場の既設ゲレンデの勾配を緩くするためスクレーパーを連結したブルドーザーを運転中、便意を催したのでエンジンをかけたまま停車し運転席を離れたところ、傾斜地(勾配約17度)のためブルドーザーが動きだし、ひかれた。","3","建設業","301","土木工事業","","","10~29","1","動力機械","14","建設機械等","","","7","はさまれ、巻き込まれ"
"1319","1992","平成","4","7","10~11","2tダンプで採石を取りに行く途中、交差点で9t保冷車と衝突した。","8","商業","","","","","10~29","2","物上げ装置、運搬機械","22","動力運搬機","","","17","交通事故（道路）"
"1320","1992","平成","4","7","10~11","フォークリフトでアルミ型材を運搬中、前左輪がアスファルトに埋まって脱出できなくなり、状況を確認しようとフォークリフトから降りたところ、フォークリフトが急に動き出し、工場の壁とフォークリフトの間に挟まれた。","1","製造業","112","金属製品製造業","","","300~499","2","物上げ装置、運搬機械","22","動力運搬機","","","7","はさまれ、巻き込まれ"
"1321","1992","平成","4","7","11~12","リゾートホテル4階の屋根上で窓拭き作業中、足を滑らせ地上へ墜落した。","15","清掃・と畜業","","","","","30~49","4","仮設物、建築物、構築物等","41","仮設物、建築物、構築物等","","","1","墜落、転落"
"1322","1992","平成","4","7","16~17","電柱上で碍子の取り替え中、6600Vの高圧線に触れた。","3","建設業","303","その他の建設業","","","1~9","3","その他の装置等","35","電気設備","","","13","感電"
"1323","1992","平成","4","7","16~17","防波堤築造工事において陸上で型わく解体中、防波堤の水中基礎(海面から高さ10~15センチメートル)上の捨てブロック上に置き忘れた工具を取りに行くため水中基礎上を歩行していたところ、高さ20~30センチメートルの波に押され、水中基礎上より海中に押し流された。","3","建設業","301","土木工事業","","","1~9","7","環境等","71","環境等","","","10","おぼれ"
"1324","1992","平成","4","7","0~1","荷を積み11tトラックで国道を走行中、道路工事のため停車中の同僚の11tトラックに追突した。","4","運輸交通業","403","道路貨物運送業","","","10~29","2","物上げ装置、運搬機械","22","動力運搬機","","","17","交通事故（道路）"
"1325","1992","平成","4","7","11~12","解体した建材をトラックに積み、トラックの運転席の屋根上で建材の整理作業中、約2.3m下の道路に墜落した。","3","建設業","302","建築工事業","","","1~9","2","物上げ装置、運搬機械","22","動力運搬機","","","1","墜落、転落"
"1326","1992","平成","4","7","12~13","い草染土袋(24キログラム)の積付作業中、梯子で高さ3.5mのはいに上っていたところ、足を滑らせコンクリート床に墜落した。","1","製造業","109","窯業土石製品製造業","","","1~9","3","その他の装置等","37","用具","","","1","墜落、転落"
"1327","1992","平成","4","7","13~14","パルプの束をグラブ付フォークリフト(フォークリフトのアタッチメントを掴めるようにした)でトレーラーに積み込み作業中、フォークリフトのアッタチメント部分で左腹を強打された。","5","貨物取扱業","502","港湾運送業","","","500~999","2","物上げ装置、運搬機械","22","動力運搬機","","","6","激突され"
"1328","1992","平成","4","7","13~14","RC造4階建寄宿舎新築工事において、外部足場の解体作業中、高さ7mの4層目足場作業床より墜落した。","3","建設業","302","建築工事業","","","1~9","4","仮設物、建築物、構築物等","41","仮設物、建築物、構築物等","","","1","墜落、転落"
"1329","1992","平成","4","7","13~14","工場内の集塵装置据付工事において、水平ダクト上を移動中、燃焼塔内に墜落した。","3","建設業","303","その他の建設業","","","10~29","3","その他の装置等","39","その他の装置、設備","","","1","墜落、転落"
"1330","1992","平成","4","7","14~15","産業廃棄物の解体作業中、バックしてきたバックホウにひかれた。","15","清掃・と畜業","","","","","10~29","1","動力機械","14","建設機械等","","","7","はさまれ、巻き込まれ"
"1331","1992","平成","4","7","14~15","屋根の下地張り作業中、熱中症になった。","3","建設業","302","建築工事業","","","不明","7","環境等","71","環境等","","","11","高温・低温の物との接触"
"1332","1992","平成","4","7","15~16","会社資材置場において、トラッククレーン(つり上げ荷重2.98t)を操作し資材の整理作業中、トラッククレーンが横転して下敷きになった。","3","建設業","301","土木工事業","","","1~9","2","物上げ装置、運搬機械","21","動力クレーン等","","","6","激突され"
"1333","1992","平成","4","7","16~17","砕石プラントにおいて、ベルトコンベヤーの下に溜まった土を掻き出そうとして、ベルトコンベヤーに巻き込まれた。","2","鉱業","202","土石採取業","","","10~29","2","物上げ装置、運搬機械","22","動力運搬機","","","7","はさまれ、巻き込まれ"
"1334","1992","平成","4","7","18~19","ガソリンスタンドより車を送り出すため右方の車2台を止めたが、後続のトラックが停止した2台目の車に追突し、ハンドルを左にきって路外に飛び出し、車の下に巻き込んだ。","8","商業","","","","","10~29","2","物上げ装置、運搬機械","22","動力運搬機","","","17","交通事故（道路）"
"1335","1992","平成","4","8","2~3","商品配達中、片側2車線の道路の内側を走行中、外側からトラックが前方へ割り込んできたため反対車線に押し出され、対向車と正面衝突した。","8","商業","","","","","10~29","2","物上げ装置、運搬機械","22","動力運搬機","","","17","交通事故（道路）"
"1336","1992","平成","4","8","10~11","山林内の土場において、木材伐採場から林内作業車で搬出した木材8本を荷卸作業中、積んでいた木材3本が荷台から転がり落ち当たった。","6","農林業","601","農業","","","10~29","5","物質、材料","52","材料","","","4","飛来、落下"
"1337","1992","平成","4","8","11~12","工場内において、ラジアルボール盤でH鋼(200×200×400)の穿孔作業中、ボール盤のドリルにズボンが巻き込まれた。","1","製造業","112","金属製品製造業","","","10~29","1","動力機械","16","一般動力機械","","","7","はさまれ、巻き込まれ"
"1338","1992","平成","4","8","13~14","庭の植木の剪定作業中、松の枝にかけ渡した歩み板上で作業していたところ、墜落した。","3","建設業","301","土木工事業","","","1~9","4","仮設物、建築物、構築物等","41","仮設物、建築物、構築物等","","","1","墜落、転落"
"1339","1992","平成","4","8","13~14","1階屋根上で破風板を2階屋根上の同僚に渡した後、2階床に降りた際、2階床と1階屋根の隙間から3.5m下の土間に墜落した。","3","建設業","302","建築工事業","","","1~9","4","仮設物、建築物、構築物等","41","仮設物、建築物、構築物等","","","1","墜落、転落"
"1340","1992","平成","4","8","15~16","再生ポリエチレンペレットの製造工程中、再生機のメインスイッチを入れ接触したところ、再生機が漏電状態であった。(外)","1","製造業","108","化学工業","","","1~9","1","動力機械","16","一般動力機械","","","13","感電"
"1341","1992","平成","4","8","21~22","現場作業終了後、事務所横の倉庫にセメントを運び、市道(6m)をはさんだ社長宅へ作業終了の報告に行き、再び会社戻るため市道を横断する際、普通乗用車にはねられた。","3","建設業","301","土木工事業","","","30~49","2","物上げ装置、運搬機械","23","乗物","","","17","交通事故（道路）"
"1342","1992","平成","4","8","3~4","タクシーに客を乗せ走行中、交差点で信号無視で暴走してきた乗用車に激突され、大破炎上した。","4","運輸交通業","402","道路旅客運送業","","","500~999","2","物上げ装置、運搬機械","23","乗物","","","17","交通事故（道路）"
"1343","1992","平成","4","8","3~4","自転車で新聞配達中、雨のため路面が滑り、自転車とともに転倒した。","8","商業","","","","","30~49","3","その他の装置等","36","人力機械工具等","","","17","交通事故（道路）"
"1344","1992","平成","4","8","18~19","屋上に挙動不審な患者がいるとの通報を受け、5階から屋上に上り、患者を押さえるため旧館から新館の屋上に飛び移ろうとした際、足を滑らせ1.02mの隙間から17.5m墜落した。","13","保健・衛生業","","","","","100~299","4","仮設物、建築物、構築物等","41","仮設物、建築物、構築物等","","","1","墜落、転落"
"1345","1992","平成","4","8","10~11","自社の資材倉庫内において、入口付近に積み上げられていた(高さ3.5m)タミロンボード上に乗っていたところ、バランスを崩しコンクリート床上に転落した。","1","製造業","117","その他の製造業","","","10~29","5","物質、材料","52","材料","","","1","墜落、転落"
"1346","1992","平成","4","8","10~11","産業廃棄物収集先のゴミ捨て場において、廃棄物をゴミ収集車に詰め込み作業中、ゴミを圧縮するプレスプレートに挟まれた。","15","清掃・と畜業","","","","","10~29","2","物上げ装置、運搬機械","22","動力運搬機","","","7","はさまれ、巻き込まれ"
"1347","1992","平成","4","8","10~11","ガイドレール布設工事において、ポスト打込み用孔を積載型移動式クレーンのジブの先端に接続した削岩機で削孔中、クレーンを回転移動したところ、削岩機を接続していたピンが外れ、削岩機が倒れて下敷きになった。","3","建設業","301","土木工事業","","","1~9","1","動力機械","14","建設機械等","","","4","飛来、落下"
"1348","1992","平成","4","8","11~12","個人住宅のバルコニーの手摺の塗装作業中、外側に移動する際、4.6m下の地上へ転落した。","3","建設業","303","その他の建設業","","","1~9","4","仮設物、建築物、構築物等","41","仮設物、建築物、構築物等","","","1","墜落、転落"
"1349","1992","平成","4","8","13~14","マシニングマシーン(工作機械)でガス器具用バルブの加工中、安全扉を開け切粉を取り除こうとしたとき、傾斜テーブルと機械外枠に挟まれた。","1","製造業","112","金属製品製造業","","","30~49","1","動力機械","16","一般動力機械","","","7","はさまれ、巻き込まれ"
"1350","1992","平成","4","8","14~15","工事現場で根切り作業中、トラックの運転手がドラグショベルを運転していて、1.8m下の掘削部分にドラグショベルとともに転落した。","3","建設業","302","建築工事業","","","1~9","1","動力機械","14","建設機械等","","","1","墜落、転落"
"1351","1992","平成","4","8","14~15","鉄骨1階建倉庫解体のため、その作業方法を検討しようと屋根に上がったところ、屋根が腐食のためもろくなっており、これを踏み抜いて5m下の地面に墜落した。","3","建設業","302","建築工事業","","","1~9","4","仮設物、建築物、構築物等","41","仮設物、建築物、構築物等","","","1","墜落、転落"
"1352","1992","平成","4","8","16~17","吊り足場解体中、鋼製足場板51枚を番線で結束し、クライミングクレーンでトラック荷台へ降ろそうとしたところ、荷崩れを起こし、その下敷きになった。","3","建設業","302","建築工事業","","","10~29","5","物質、材料","52","材料","","","4","飛来、落下"
"1353","1992","平成","4","8","16~17","木造家屋新築工事の棟上作業で、母屋の設置のためけたを移動中、足を滑らせ2階から6.3m下の地面に墜落した。","3","建設業","302","建築工事業","","","10~29","4","仮設物、建築物、構築物等","41","仮設物、建築物、構築物等","","","1","墜落、転落"
"1354","1992","平成","4","8","20~21","キャディーとして1ラウンド終了後帰宅したが、自宅で嘔吐し急性呼吸不全で死亡した(日射病の疑い)。","14","接客娯楽業","","","","","50~99","7","環境等","71","環境等","","","90","その他"
"1355","1992","平成","4","8","8~9","工事用道路復旧作業に使う小型ショベルを4tトラックで現場に運び、これをトラックから降ろすため道板を敷く作業中、道路を走行してきた乗用車にはねられた。","3","建設業","301","土木工事業","","","10~29","2","物上げ装置、運搬機械","23","乗物","","","17","交通事故（道路）"
"1356","1992","平成","4","8","9~10","自動送給型の1000t動力プレスに送給するテーブルリフターの故障を修理後、同僚がスイッチを入れたため、フィードバーと右後アプライト(加工品を送る装置)に挟まれた。","1","製造業","115","輸送用機械等製造業","","","500~999","1","動力機械","16","一般動力機械","","","7","はさまれ、巻き込まれ"
"1357","1992","平成","4","8","9~10","鋼営杭の腐食調査のための潜水作業において、配管の接続ミスにより、送気ホースに窒素を送気したため窒息した。","3","建設業","301","土木工事業","","","1~9","5","物質、材料","51","危険物、有害物等","","","12","有害物等との接触"
"1358","1992","平成","4","8","10~11","シュレッダー(合板端材の粉砕機)入口部で材が引っかかったため、コンベヤー上に溜まった材を取り除いたり、シュレッダーに送り込んだりしていたところ、巻き込まれた。","1","製造業","104","木材・木製品製造業","","","50~99","1","動力機械","13","木材加工用機械","","","7","はさまれ、巻き込まれ"
"1359","1992","平成","4","8","10~11","国道交差点内の工事現場において、ドラグショベルで4tダンプカーの荷台に土砂を積み込み中、ダンプカーの運転席から降りたところ、ドラグショベルのカウンターウェイトとダンプカーの間に挟まれた。","3","建設業","301","土木工事業","","","1~9","1","動力機械","14","建設機械等","","","7","はさまれ、巻き込まれ"
"1360","1992","平成","4","8","11~12","道路に木が倒れているとの情報により、倒木の確認作業中、対向してきたトラックがこの倒木をはね激突した。","4","運輸交通業","404","その他の運輸交通業","","","10~29","2","物上げ装置、運搬機械","22","動力運搬機","","","17","交通事故（道路）"
"1361","1992","平成","4","8","13~14","玉掛け用繊維ベルト2本で玉掛けし、移動式クレーン(45t)で吊り上げていた型わく用合板が空中で荷崩れし、落下した。","3","建設業","302","建築工事業","","","1~9","5","物質、材料","52","材料","","","4","飛来、落下"
"1362","1992","平成","4","8","13~14","自社生コン工場から現場へコンクリートミキサー車で走行中、路肩が崩れ18m下の河原に転落した。","3","建設業","301","土木工事業","","","30~49","2","物上げ装置、運搬機械","22","動力運搬機","","","17","交通事故（道路）"
"1363","1992","平成","4","8","14~15","国道で道路工事中、ワゴン車が突っ込んできた。","3","建設業","301","土木工事業","","","10~29","2","物上げ装置、運搬機械","23","乗物","","","17","交通事故（道路）"
"1364","1992","平成","4","8","15~16","木造家屋建築現場において、高さ約3mの2階梁上から墜落した。","3","建設業","302","建築工事業","","","10~29","4","仮設物、建築物、構築物等","41","仮設物、建築物、構築物等","","","1","墜落、転落"
"1365","1992","平成","4","8","3~4","大型トラックで高速道路を走行中、追越車線に停止していた10tトラックに追突した。","4","運輸交通業","403","道路貨物運送業","","","100~299","2","物上げ装置、運搬機械","22","動力運搬機","","","17","交通事故（道路）"
"1366","1992","平成","4","8","8~9","富士山頂の神社に勤務のため5合目より登山し、2日後、頭痛、発熱を訴え意識不明になり、肺水腫により死亡した。","17","その他の事業","","","","","30~49","7","環境等","71","環境等","","","12","有害物等との接触"
"1367","1992","平成","4","8","11~12","6階及び7階部分の鉄骨組立作業中、梁を取り付けるため柱を降りる際、高さ約33mから墜落した。","3","建設業","302","建築工事業","","","10~29","4","仮設物、建築物、構築物等","41","仮設物、建築物、構築物等","","","1","墜落、転落"
"1368","1992","平成","4","8","11~12","新聞チラシを販売所へ配達中、国道でセンターラインを越え、対向車と正面衝突した。","8","商業","","","","","10~29","2","物上げ装置、運搬機械","23","乗物","","","17","交通事故（道路）"
"1369","1992","平成","4","8","7~8","ケーリン据付準備のため潜水作業中、突然応答がなくなった。(ボンベのホースが船のスクリューに絡まっていることから、窒息死したものと推定される)","3","建設業","301","土木工事業","","","30~49","7","環境等","71","環境等","","","90","その他"
"1370","1992","平成","4","8","9~10","養鶏の飼料をバルク車(3t)からサイロへ搬入作業中、バルク車が坂道を逸走し、停止させようとしたが間に合わず、バルク車が1.3m下の田圃に転落しその下敷きになった。","4","運輸交通業","403","道路貨物運送業","","","1~9","2","物上げ装置、運搬機械","22","動力運搬機","","","1","墜落、転落"
"1371","1992","平成","4","8","9~10","トラックで高速道路を走行中、他のトラックに追突した。","4","運輸交通業","403","道路貨物運送業","","","1~9","2","物上げ装置、運搬機械","22","動力運搬機","","","17","交通事故（道路）"
"1372","1992","平成","4","8","13~14","製品(移動ラック等)の展示後、3.5tトラックで帰社する途中、民家のブロック壁に激突した。","1","製造業","113","一般機械器具製造業","","","10~29","2","物上げ装置、運搬機械","22","動力運搬機","","","17","交通事故（道路）"
"1373","1992","平成","4","8","14~15","台船(1300t)でブロックの据付作業後、台船のもやいワイヤ(径65ミリメートルナイロン製)を外すため小型船(4.5t)に乗り、ワイヤのシャックルを外していたところ、台船の移動により突然ワイヤが跳ねて激突した。","3","建設業","301","土木工事業","","","10~29","2","物上げ装置、運搬機械","22","動力運搬機","","","6","激突され"
"1374","1992","平成","4","8","14~15","檜立木(径30センチメートル、23m)の根元を切り、根元から4m上に取り付けた引き綱を14m離れた位置で引いていたところ、倒れてきた当該立木に激突された。","3","建設業","301","土木工事業","","","30~49","7","環境等","71","環境等","","","6","激突され"
"1375","1992","平成","4","8","14~15","燃料タンク設置のため明り掘削後、開削部内で土止め支保工の組立作業中、幅1.5、高さ1.5、厚さ0.2~0.3mに渡って崩壊した土砂に埋まった。","3","建設業","303","その他の建設業","","","10~29","7","環境等","71","環境等","","","5","崩壊、倒壊"
"1376","1992","平成","4","8","15~16","伐出現場において、機械集材機(エンドレスタイラー式)の架線張り替え作業中、ウインチで主索を張っていたところキャリアの元柱側滑車が外れ、これを直そうと木に登った際、高さ7mから墜落した。","6","農林業","601","農業","","","1~9","7","環境等","71","環境等","","","1","墜落、転落"
"1377","1992","平成","4","8","16~17","砕石を満載した10tダンプカーで県道を走行中、下り坂の左カーブを曲がり切れず横転し、車外に投げ出された。","4","運輸交通業","403","道路貨物運送業","","","1~9","2","物上げ装置、運搬機械","22","動力運搬機","","","17","交通事故（道路）"
"1378","1992","平成","4","8","16~17","SRC5階建ビルの新築工事現場において、煙突(内径約1.14m)の型わく解体作業中、煙突の開口部を養生している合板に乗って作業していたところ、合板が回転し、約28m下の躯体内1階のコンクリート床に墜落した。","3","建設業","302","建築工事業","","","1~9","4","仮設物、建築物、構築物等","41","仮設物、建築物、構築物等","","","1","墜落、転落"
"1379","1992","平成","4","8","8~9","商品配達のため乗用車で国道を走行中、ガードレールと接触して中央分離帯を越え、対向してきたタンクローリーと正面衝突した。","8","商業","","","","","10~29","2","物上げ装置、運搬機械","23","乗物","","","17","交通事故（道路）"
"1380","1992","平成","4","8","9~10","スキー場の高速リフトのメンテナンス状況を確認するため、山頂駅舎の鉄骨梁部分に乗ったところ、足を滑らせ墜落した。","14","接客娯楽業","","","","","500~999","4","仮設物、建築物、構築物等","41","仮設物、建築物、構築物等","","","1","墜落、転落"
"1381","1992","平成","4","8","9~10","海中に鉄管杭をフローチングクレーンで吊り上げ打込み作業中、杭に巻かれた繊維ロープを引っ張ったところ結び目が外れ、杭上で作業していた被災者に当たり海中に転落した。","3","建設業","301","土木工事業","","","10~29","7","環境等","71","環境等","","","10","おぼれ"
"1382","1992","平成","4","8","10~11","高さ4.9mのだき足場上で、2階建木造建屋の屋根の野路板部分を塗装中、墜落した。","3","建設業","303","その他の建設業","","","1~9","4","仮設物、建築物、構築物等","41","仮設物、建築物、構築物等","","","1","墜落、転落"
"1383","1992","平成","4","8","11~12","埠頭で2tトラックへH鋼の積み込み作業後、自転車で営業所へ帰る途中、埠頭内の路上で18tフォークリフトにひかれた。","5","貨物取扱業","501","陸上貨物取扱業","","","30~49","2","物上げ装置、運搬機械","22","動力運搬機","","","17","交通事故（道路）"
"1384","1992","平成","4","8","13~14","塗装工場棟の自動開閉式鉄製扉から外に出る際、急に扉が動き出し、扉とコンクリート柱の間に挟まれた。","1","製造業","115","輸送用機械等製造業","","","50~99","4","仮設物、建築物、構築物等","41","仮設物、建築物、構築物等","","","7","はさまれ、巻き込まれ"
"1385","1992","平成","4","8","13~14","5階建て市営住宅屋上の給水タンクの清掃作業後、道具を片付けるため屋上を移動中、地上に墜落した。","15","清掃・と畜業","","","","","10~29","4","仮設物、建築物、構築物等","41","仮設物、建築物、構築物等","","","1","墜落、転落"
"1386","1992","平成","4","8","20~21","荷を積み大型トラックで国道を走行中、信号待ちの大型トラックに追突した。","4","運輸交通業","403","道路貨物運送業","","","30~49","2","物上げ装置、運搬機械","22","動力運搬機","","","17","交通事故（道路）"
"1387","1992","平成","4","8","9~10","NATM工法によるトンネル拡張工事において、支保工外側の金網の取付作業中、トンネルの左側壁から中央部へ歩行していたところ、その直前に吹き付けた右側壁のコンクリートの塊(135キログラム)が剥離し落下した。","3","建設業","301","土木工事業","","","10~29","4","仮設物、建築物、構築物等","41","仮設物、建築物、構築物等","","","5","崩壊、倒壊"
"1388","1992","平成","4","8","12~13","梯子を使い工場の屋根に登る途中、高さ約4mから墜落した。","1","製造業","104","木材・木製品製造業","","","1~9","3","その他の装置等","37","用具","","","1","墜落、転落"
"1389","1992","平成","4","8","13~14","宅地造成工事において、クローラ式バックホウで溝(幅約60センチメートル)をまたぐ状態で傾斜地のコンクリート部分を下っていたところ、スリップして溝にはまり、転倒して約10m転落した。","3","建設業","301","土木工事業","","","1~9","1","動力機械","14","建設機械等","","","1","墜落、転落"
"1390","1992","平成","4","8","17~18","タクシーで客を迎えにいく途中、信号のない十字路で、乗用車と出会い頭に衝突した。","4","運輸交通業","402","道路旅客運送業","","","50~99","2","物上げ装置、運搬機械","23","乗物","","","17","交通事故（道路）"
"1391","1992","平成","4","8","18~19","防災用調整池の配水管の吸入口(堅樋、径45センチメートル、高さ2.8m)を鋸で切断しようとしたとき、堅樋に吸い込まれた。","3","建設業","301","土木工事業","","","10~29","7","環境等","71","環境等","","","10","おぼれ"
"1392","1992","平成","4","8","4~5","大型トレーラーで荷を配達後、小雨模様の国道上でスリップし、崖を20m転落し炎上した。","4","運輸交通業","403","道路貨物運送業","","","10~29","2","物上げ装置、運搬機械","22","動力運搬機","","","17","交通事故（道路）"
"1393","1992","平成","4","8","14~15","木造2階建新築工事現場において、2階部分の建方作業中、2階軒桁上から墜落した。","3","建設業","302","建築工事業","","","1~9","4","仮設物、建築物、構築物等","41","仮設物、建築物、構築物等","","","1","墜落、転落"
"1394","1992","平成","4","8","17~18","自転車で新聞配達中、家の脇の道路から町道へ出た際、軽トラックと衝突した。","8","商業","","","","","50~99","2","物上げ装置、運搬機械","22","動力運搬機","","","17","交通事故（道路）"
"1395","1992","平成","4","8","8~9","斜面中腹に造成した奥行き4mのベンチ上で、落石防護柵設置のための擁壁の型わく取付作業中、作業場所の上方10mにあった立木が地滑りとともに滑落し、激突した。","3","建設業","301","土木工事業","","","1~9","7","環境等","71","環境等","","","5","崩壊、倒壊"
"1396","1992","平成","4","8","9~10","集材作業中、玉掛けをしていた伐倒木(径約7センチメートル)が折れ、玉掛け用ワイヤロープと折損伐倒木が飛来した。","6","農林業","601","農業","","","50~99","2","物上げ装置、運搬機械","21","動力クレーン等","","","4","飛来、落下"
"1397","1992","平成","4","8","10~11","足場の組立作業中、8層目を組み立てていたところ、14.1m下の地上に墜落した。","3","建設業","302","建築工事業","","","1~9","4","仮設物、建築物、構築物等","41","仮設物、建築物、構築物等","","","1","墜落、転落"
"1398","1992","平成","4","8","15~16","営業のため保冷庫付きライトバンで農道を走行中、一時停止を怠った乗用車に右側後側面を衝突され、車外に放り出された。","8","商業","","","","","30~49","2","物上げ装置、運搬機械","23","乗物","","","17","交通事故（道路）"
"1399","1992","平成","4","8","15~16","営業のため乗用車で国道を走行中、カーブで対向車線にはみ出し、軽乗用車と正面衝突した。","9","金融・広告業","","","","","50~99","2","物上げ装置、運搬機械","23","乗物","","","17","交通事故（道路）"
"1400","1992","平成","4","8","17~18","軽トラックで物資を運搬中、幅5m程のガードレールのない県道の登り坂で積荷の荷崩れに気をとられ、道路左側から崖下に転落した。","17","その他の事業","","","","","30~49","2","物上げ装置、運搬機械","22","動力運搬機","","","17","交通事故（道路）"
"1401","1992","平成","4","8","4~5","50ccバイクで歩道を横断中、走行してきた4tトラックに衝突した。","8","商業","","","","","10~29","2","物上げ装置、運搬機械","23","乗物","","","17","交通事故（道路）"
"1402","1992","平成","4","8","8~9","集材装置の解体作業中、主索を手繰り寄せていたところ、主索の自重により引き戻され、ワイヤロープにはねられて道路面に転倒し頭部を強打した。","6","農林業","601","農業","","","1~9","2","物上げ装置、運搬機械","21","動力クレーン等","","","6","激突され"
"1403","1992","平成","4","8","8~9","下水終末処理場において、階段から転落し、コンクリート床に頭部を強打した。","15","清掃・と畜業","","","","","10~29","4","仮設物、建築物、構築物等","41","仮設物、建築物、構築物等","","","1","墜落、転落"
"1404","1992","平成","4","8","8~9","鉄板をフォークリフトの爪に載せバックしたところ、爪の下部に積んであったH型鋼が爪に引っかかり、崩れかかって顔に当たった。","1","製造業","112","金属製品製造業","","","10~29","2","物上げ装置、運搬機械","22","動力運搬機","","","6","激突され"
"1405","1992","平成","4","8","9~10","工場内において、天井クレーンを使いH鋼で製作された枠状の構造物(4.5m×3.5m×0.22m、600キログラム)を立てた後、この構造物が倒れ、下敷きになった。","1","製造業","113","一般機械器具製造業","","","50~99","3","その他の装置等","37","用具","","","5","崩壊、倒壊"
"1406","1992","平成","4","8","9~10","木造家屋建築工事において、桁上で作業中、3.46m下のコンクリート土間に墜落した。","3","建設業","302","建築工事業","","","1~9","4","仮設物、建築物、構築物等","41","仮設物、建築物、構築物等","","","1","墜落、転落"
"1407","1992","平成","4","8","13~14","海外旅行の添乗員として遊覧飛行ヘリコプターに同乗中、ヘリコプターが墜落した。","9","金融・広告業","","","","","100~299","2","物上げ装置、運搬機械","23","乗物","","","18","交通事故（その他）"
"1408","1992","平成","4","8","13~14","昼食後、作業場所へ向って歩行中、後進してきた不整地運搬車の右クローラーに巻き込まれた。","3","建設業","301","土木工事業","","","1~9","2","物上げ装置、運搬機械","22","動力運搬機","","","7","はさまれ、巻き込まれ"
"1409","1992","平成","4","8","13~14","木造住宅新築工事において、1階屋根部のたる木の取り付け作業中、高さ約3.5mのたる木上より墜落した。","3","建設業","302","建築工事業","","","1~9","4","仮設物、建築物、構築物等","41","仮設物、建築物、構築物等","","","1","墜落、転落"
"1410","1992","平成","4","8","16~17","ケーブルクレーンの木製仮支柱の撤去作業中、計画と異なる方向に仮支柱が倒れ、直撃された。","3","建設業","303","その他の建設業","","","1~9","2","物上げ装置、運搬機械","21","動力クレーン等","","","6","激突され"
"1411","1992","平成","4","8","9~10","ターミナル内を歩行中、走行してきたフォークリフト(最大荷重3.5t)にひかれた。","15","清掃・と畜業","","","","","1~9","2","物上げ装置、運搬機械","22","動力運搬機","","","7","はさまれ、巻き込まれ"
"1412","1992","平成","4","8","9~10","住宅新築工事現場で、2階ベランダ受梁を2階受梁に差し込み、ハンマーで叩き入れようとしたとき、足をかけた受梁のほぞが欠け、2.8m下に墜落した。","3","建設業","302","建築工事業","","","1~9","4","仮設物、建築物、構築物等","41","仮設物、建築物、構築物等","","","1","墜落、転落"
"1413","1992","平成","4","8","19~20","ワゴン車を配送中、道路上に故障で停車していたクレーン車に追突した。","8","商業","","","","","100~299","2","物上げ装置、運搬機械","23","乗物","","","17","交通事故（道路）"
"1414","1992","平成","4","8","19~20","ワゴン車を配送中、道路上に故障で停車していたクレーン車に追突した。","8","商業","","","","","100~299","2","物上げ装置、運搬機械","23","乗物","","","17","交通事故（道路）"
"1415","1992","平成","4","8","9~10","遊園地内で、遊具(フライングカーペット)の始業前点検及び電飾部品の交換作業中、試運転をした際、当該遊具と床面に挟まれた。","14","接客娯楽業","","","","","500~999","3","その他の装置等","39","その他の装置、設備","","","7","はさまれ、巻き込まれ"
"1416","1992","平成","4","8","10~11","自社工場の屋根葺き替え工事において、屋根の骨材を溶断中、古いトタンを踏み抜き、6.3m下に墜落した。","3","建設業","302","建築工事業","","","30~49","4","仮設物、建築物、構築物等","41","仮設物、建築物、構築物等","","","1","墜落、転落"
"1417","1992","平成","4","8","10~11","電気室内で、配電盤の扉を開け扉裏側の結露を拭いていたところ、配電盤の充電部に接触した。","1","製造業","106","パルプ・紙・紙加工品製造業","","","300~499","3","その他の装置等","35","電気設備","","","13","感電"
"1418","1992","平成","4","8","12~13","自動メッキ装置の据付作業中、反転機を仮操作するためモーターに電線を接続しようとしたところ、メインスイッチを切っておらず、電線にかかっていた200Vの電圧で感電した。","3","建設業","303","その他の建設業","","","1~9","3","その他の装置等","35","電気設備","","","13","感電"
"1419","1992","平成","4","8","14~15","営業のため会社所有のライトバンで道道を走行中、カーブで対向車線にはみ出し、大型バスに正面衝突した。","8","商業","","","","","10~29","2","物上げ装置、運搬機械","23","乗物","","","17","交通事故（道路）"
"1420","1992","平成","4","8","14~15","蛍光灯の配線を結線中、200Vの電撃を受けた。","3","建設業","303","その他の建設業","","","1~9","3","その他の装置等","35","電気設備","","","13","感電"
"1421","1992","平成","4","8","3~4","バイクで新聞配達中、国道で交通事故にあった。","8","商業","","","","","10~29","2","物上げ装置、運搬機械","23","乗物","","","17","交通事故（道路）"
"1422","1992","平成","4","8","11~12","鮎釣りによる感電事故防止のためヘリコプターで川にかかる送電線を巡視中、工事現場のケーブルクレーンのワイヤロープに引っかかり、墜落した。","1","製造業","116","電気・ガス・水道業","","","100~299","2","物上げ装置、運搬機械","23","乗物","","","18","交通事故（その他）"
"1423","1992","平成","4","8","11~12","鮎釣りによる感電事故防止のためヘリコプターで川にかかる送電線を巡視中、工事現場のケーブルクレーンのワイヤロープに引っかかり、墜落した。","1","製造業","116","電気・ガス・水道業","","","100~299","2","物上げ装置、運搬機械","23","乗物","","","18","交通事故（その他）"
"1424","1992","平成","4","8","11~12","鮎釣りによる感電事故防止のためヘリコプターで川にかかる送電線を巡視中、工事現場のケーブルクレーンのワイヤロープに引っかかり、墜落した。","4","運輸交通業","401","鉄道・軌道・水運・航空業","","","30~49","2","物上げ装置、運搬機械","23","乗物","","","18","交通事故（その他）"
"1425","1992","平成","4","8","14~15","倉庫4階においてフォークリフトで作業中、エレベーターのドアをフォークリフトで突き破り、約4m下のエレベーター搬器上へ落下した。","5","貨物取扱業","502","港湾運送業","","","10~29","2","物上げ装置、運搬機械","22","動力運搬機","","","1","墜落、転落"
"1426","1992","平成","4","8","14~15","駅舎内事務所のガス配管工事において、駅に隣接する踏切を横断中、列車にはねられた。","8","商業","","","","","1~9","2","物上げ装置、運搬機械","23","乗物","","","18","交通事故（その他）"
"1427","1992","平成","4","8","18~19","事業場所有の乗用車で同僚を各自宅へ送り、事業場へ戻る途中の国道を走行中、対向車線にはみ出し、対向車と正面衝突した。","14","接客娯楽業","","","","","50~99","2","物上げ装置、運搬機械","23","乗物","","","17","交通事故（道路）"
"1428","1992","平成","4","8","8~9","バイクで新聞配達中、交差点を左折しようとした車に接触し、そのはずみで飛ばされ電柱に激突した。","8","商業","","","","","10~29","2","物上げ装置、運搬機械","23","乗物","","","17","交通事故（道路）"
"1429","1992","平成","4","8","11~12","枠組足場上で団地のベランダの手摺の塗装作業中、足場の筋向かいの隙間から8.6m下の地上に墜落した。","3","建設業","302","建築工事業","","","1~9","4","仮設物、建築物、構築物等","41","仮設物、建築物、構築物等","","","1","墜落、転落"
"1430","1992","平成","4","8","13~14","豆腐の製造終了後、煮釜を洗浄するため水に苛性ソーダを加えて煮沸した後、大気開放用バルブを開けずに蓋を明けたところ、熱湯を浴びた。","1","製造業","101","食料品製造業","","","10~29","3","その他の装置等","31","圧力容器","","","11","高温・低温の物との接触"
"1431","1992","平成","4","8","20~21","客先へタクシーで向う途中、交差点で右折する際、右から来た乗用車と衝突した。","4","運輸交通業","402","道路旅客運送業","","","100~299","2","物上げ装置、運搬機械","23","乗物","","","17","交通事故（道路）"
"1432","1992","平成","4","8","11~12","銭湯の煙突の補修工事で、煙突の昇降用タラップを登り最上部に近づいたところ、タラップが折れ、約22m下の地上に墜落した。","3","建設業","302","建築工事業","","","1~9","4","仮設物、建築物、構築物等","41","仮設物、建築物、構築物等","","","1","墜落、転落"
"1433","1992","平成","4","8","12~13","工場内でボトムストリッパー(鋳型からインゴットを抜き取る装置)作業終了後、ストリッパーの油圧シリンダーチューブとデッキの間の金属塊をガス溶断する際、シリンダーチューブが突然下降し、床との間に挟まれた。","1","製造業","110","鉄鋼業","","","50~99","1","動力機械","16","一般動力機械","","","7","はさまれ、巻き込まれ"
"1434","1992","平成","4","8","9~10","建築現場において、積載型トラッククレーンからコンクリートブロックを降ろす作業中、クレーンのブームが折れてコンクリートブロックが落下し、その下敷きになった。","4","運輸交通業","403","道路貨物運送業","","","10~29","2","物上げ装置、運搬機械","21","動力クレーン等","","","4","飛来、落下"
"1435","1992","平成","4","8","9~10","高圧電線(6600V)に近接した立木に梯子を掛けて登り、枝打ち用のこ(長さ5m)で枝打ち作業中、感電した。","6","農林業","601","農業","","","1~9","3","その他の装置等","35","電気設備","","","13","感電"
"1436","1992","平成","4","8","14~15","鋼材スクラップを45tトレーラーに積み帰社する途中、トレーラーとともに海に転落した。","1","製造業","110","鉄鋼業","","","50~99","2","物上げ装置、運搬機械","22","動力運搬機","","","17","交通事故（道路）"
"1437","1992","平成","4","8","14~15","道路開設工事現場において、道路予定地のハザコの立木(旨高直径30センチメートル、高さ15.7m)をチェンソーで伐倒中、根元から約3m上方まで裂けて倒れ、根元部分が跳ね上がって落下し当たった。","3","建設業","301","土木工事業","","","10~29","7","環境等","71","環境等","","","4","飛来、落下"
"1438","1992","平成","4","8","18~19","工場内において、床上操作式天井クレーンの修理のため他の床上操作式クレーンのレール上で作業中、バランスを崩し墜落した。","8","商業","","","","","50~99","4","仮設物、建築物、構築物等","41","仮設物、建築物、構築物等","","","1","墜落、転落"
"1439","1992","平成","4","8","8~9","トラックで現場へ向う途中、交差点で普通乗用車がトラックの右側面に激突し、車外に放り出され、横転したトラックの下敷きになった。","3","建設業","301","土木工事業","","","1~9","2","物上げ装置、運搬機械","22","動力運搬機","","","17","交通事故（道路）"
"1440","1992","平成","4","8","10~11","バス営業所構内駐車場で、バスの清掃作業中、後退してきたバスにひかれた。","15","清掃・と畜業","","","","","1000~9999","2","物上げ装置、運搬機械","23","乗物","","","7","はさまれ、巻き込まれ"
"1441","1992","平成","4","8","11~12","木造電話柱撤去のため電話柱に登っていたところ、電話柱が根元から倒れ、高さ4.8mの所より道路にたたきつけられた。","3","建設業","303","その他の建設業","","","10~29","4","仮設物、建築物、構築物等","41","仮設物、建築物、構築物等","","","5","崩壊、倒壊"
"1442","1992","平成","4","8","12~13","大根の収穫作業中、畑にトラックの車輪が埋まったため不整地運搬車でトラックを牽引した後、トラックから牽引ロープを外していたところ、不整地運搬車が突然後退し、ひかれた。","8","商業","","","","","10~29","2","物上げ装置、運搬機械","22","動力運搬機","","","7","はさまれ、巻き込まれ"
"1443","1992","平成","4","8","13~14","現場前道路上で待機中のタイカ式バックホウが、一般車が来たため後進したところ、後方にいてひかれた。","3","建設業","302","建築工事業","","","1~9","1","動力機械","14","建設機械等","","","17","交通事故（道路）"
"1444","1992","平成","4","8","9~10","コンクリート製階段の壁面の塗装作業中、有機溶剤中毒になった。","3","建設業","303","その他の建設業","","","1~9","5","物質、材料","51","危険物、有害物等","","","12","有害物等との接触"
"1445","1992","平成","4","8","9~10","原石投入口を清掃中、ダンプカーから降ろされた原石の下敷きになった。","1","製造業","109","窯業土石製品製造業","","","10~29","2","物上げ装置、運搬機械","22","動力運搬機","","","4","飛来、落下"
"1446","1992","平成","4","8","9~10","トラッククレーン(つり上げ荷重2.93t)を操作し、納骨室の脇石を荷台から地上へ吊り降ろす作業中、吊り具から外れた脇石が落下した。","3","建設業","301","土木工事業","","","10~29","3","その他の装置等","37","用具","","","4","飛来、落下"
"1447","1992","平成","4","8","11~12","林業現場の安全パトロールのため軽自動車で林道を走行中、路肩をはみ出し、約30m沢を転落した。","6","農林業","601","農業","","","50~99","2","物上げ装置、運搬機械","23","乗物","","","17","交通事故（道路）"
"1448","1992","平成","4","8","14~15","タワークレーンの組立作業手順の実習と部品調達のため工事現場に出張し、支持ワイヤロープの捩れを直す方法をコンクリート製カウンターウエイト上(高さ約4m)で実習中、墜落した。","1","製造業","117","その他の製造業","","","10~29","2","物上げ装置、運搬機械","21","動力クレーン等","","","1","墜落、転落"
"1449","1992","平成","4","8","17~18","ブロック塀積み工事作業中、転倒し頭部を排水溝に強打した。","3","建設業","302","建築工事業","","","1~9","4","仮設物、建築物、構築物等","41","仮設物、建築物、構築物等","","","2","転倒"
"1450","1992","平成","4","8","4~5","10tトラックに荷を積み高速道路を走行中、インター出口で減速した大型トレーラーに追突した。","4","運輸交通業","403","道路貨物運送業","","","30~49","2","物上げ装置、運搬機械","22","動力運搬機","","","17","交通事故（道路）"
"1451","1992","平成","4","8","9~10","トレーラーで運搬してきた墓石(約7t)をフォークリフトで荷卸し中、フォークリフトの後部が過荷重で浮き上がり、これを直そうとしてフォークリフト後部に乗ったところ、フォークリフトから石が落ちた動揺で転落し、フォークリフトの下敷きになった。","4","運輸交通業","403","道路貨物運送業","","","30~49","2","物上げ装置、運搬機械","22","動力運搬機","","","1","墜落、転落"
"1452","1992","平成","4","8","9~10","工場敷地内で、ショベルローダーに造形砂を積み込む作業中、同ローダーのバケットが地面にめり込み、それを除こうとしたときアーム昇降用ペダルに触れ、アームと車体の間に挟まれた。","1","製造業","110","鉄鋼業","","","100~299","1","動力機械","14","建設機械等","","","7","はさまれ、巻き込まれ"
"1453","1992","平成","4","8","9~10","国有林内の伐採現場で伐木作業中、同僚の伐倒した立木が当たった。","6","農林業","601","農業","","","1~9","7","環境等","71","環境等","","","5","崩壊、倒壊"
"1454","1992","平成","4","8","11~12","地上4階地下1階の診療所新築工事において、1階部分の鉄製横台の解体中、取り除いた鉄板のあとの開口部から6.3m下へ転落した。","3","建設業","302","建築工事業","","","1~9","4","仮設物、建築物、構築物等","41","仮設物、建築物、構築物等","","","1","墜落、転落"
"1455","1992","平成","4","8","11~12","解体作業中、高さ1.8m、長さ2.4mのブロック壁が倒壊し下敷きになった。","3","建設業","302","建築工事業","","","1~9","4","仮設物、建築物、構築物等","41","仮設物、建築物、構築物等","","","5","崩壊、倒壊"
"1456","1992","平成","4","8","14~15","事業場内で、塗装後のH鋼(約1.3t)を天井クレーン(2.8t)で吊り、積み上げていく作業中、吊り具(クランプ)が外れてH鋼が落下した。","1","製造業","112","金属製品製造業","","","1~9","3","その他の装置等","37","用具","","","4","飛来、落下"
"1457","1992","平成","4","8","15~16","配送後トラックで帰社する途中、高速道路の登坂車線の路側帯で一時停車し、トラックから降りた際、後続のトラックにはねられた。","4","運輸交通業","403","道路貨物運送業","","","10~29","2","物上げ装置、運搬機械","22","動力運搬機","","","17","交通事故（道路）"
"1458","1992","平成","4","8","16~17","4tトラック(リース車)で現場へ資材を運搬後、車を返却するため走行中、トンネル出口側壁に衝突してガードレールを越え、ダム湖へ転落した。","3","建設業","301","土木工事業","","","10~29","2","物上げ装置、運搬機械","22","動力運搬機","","","17","交通事故（道路）"
"1459","1992","平成","4","8","16~17","4tトラック(リース車)で現場へ資材を運搬後、車を返却するため走行中、トンネル出口側壁に衝突してガードレールを越え、ダム湖へ転落した。","3","建設業","301","土木工事業","","","10~29","2","物上げ装置、運搬機械","22","動力運搬機","","","17","交通事故（道路）"
"1460","1992","平成","4","8","17~18","鋳物の砂型を作るための木型(187.5×175.5×122センチメートル)内部の壁面に離型材(1.1.1-トリクロルエタン)の塗布作業中、突然倒れた。","1","製造業","104","木材・木製品製造業","","","1~9","5","物質、材料","51","危険物、有害物等","","","12","有害物等との接触"
"1461","1992","平成","4","8","20~21","集金のため走行中、遮断機及び警報機の無い踏切で安全確認を怠り、快速列車と衝突した。","9","金融・広告業","","","","","1~9","2","物上げ装置、運搬機械","23","乗物","","","17","交通事故（道路）"
"1462","1992","平成","4","8","7~8","トラックに同乗し高速道路を走行中、橋欄干に激突し、そこへ後続の大型トラックが激突して車外に投げ出された。","1","製造業","114","電気機械器具製造業","","","30~49","2","物上げ装置、運搬機械","22","動力運搬機","","","17","交通事故（道路）"
"1463","1992","平成","4","8","9~10","ミキサー車のシューター上で、シューターのへこみをハンマーで直していたところ、1.7m下の地上に墜落した。","1","製造業","109","窯業土石製品製造業","","","10~29","2","物上げ装置、運搬機械","22","動力運搬機","","","1","墜落、転落"
"1464","1992","平成","4","8","10~11","タクシーで県道を走行中、交差点付近でセンターラインを越えてきた大型トラックと衝突した。","4","運輸交通業","402","道路旅客運送業","","","50~99","2","物上げ装置、運搬機械","22","動力運搬機","","","17","交通事故（道路）"
"1465","1992","平成","4","8","12~13","国道拡張工事箇所の雑木の伐採作業を単独で行っていたが、帰社時間を過ぎても戻らず、現場の雑木の焼却場所で焼死しているのが発見された。","3","建設業","301","土木工事業","","","10~29","7","環境等","71","環境等","","","11","高温・低温の物との接触"
"1466","1992","平成","4","8","13~14","資材置場としていた旧鰻養殖建屋にコンパネを取りに行き、建屋から出ようとしたところ、出入口上方に営巣していた蜂に刺され、ショック死した。","3","建設業","303","その他の建設業","","","1~9","7","環境等","71","環境等","","","90","その他"
"1467","1992","平成","4","8","13~14","ミキサー車で工事現場へ向う途中、市道の路肩から約4.5m下の土手に転落した。","4","運輸交通業","403","道路貨物運送業","","","1~9","2","物上げ装置、運搬機械","22","動力運搬機","","","17","交通事故（道路）"
"1468","1992","平成","4","8","13~14","道路側面にコンクリート打設作業の準備中、道路を片側通行にするためセフティコーンを設置していたところ、貨物保冷車に激突された。","3","建設業","301","土木工事業","","","1~9","2","物上げ装置、運搬機械","22","動力運搬機","","","17","交通事故（道路）"
"1469","1992","平成","4","8","15~16","採石場において、ブレーカを運転し掘削面の下方で小割り作業中、高さ70~120m辺りの岩盤の一部が突然崩れ、岩石の一部がブレーカの運転席を直撃した。","2","鉱業","202","土石採取業","","","1~9","7","環境等","71","環境等","","","5","崩壊、倒壊"
"1470","1992","平成","4","8","16~17","建築工事現場において、移動式クレーンで壁材を吊り上げるため玉掛け用ワイヤロープをかけ、更にスリングベルトで玉掛けして吊り上げたところ、荷が落下して当たった。","3","建設業","302","建築工事業","","","1~9","3","その他の装置等","37","用具","","","4","飛来、落下"
"1471","1992","平成","4","8","4~5","トラックで高速道路を走行中、前車の大型トラックに追突した。","4","運輸交通業","403","道路貨物運送業","","","10~29","2","物上げ装置、運搬機械","22","動力運搬機","","","17","交通事故（道路）"
"1472","1992","平成","4","8","8~9","倉庫の庇の梁を塗装中、高さ約5mの吊り足場上から墜落した。","3","建設業","302","建築工事業","","","1~9","4","仮設物、建築物、構築物等","41","仮設物、建築物、構築物等","","","1","墜落、転落"
"1473","1992","平成","4","8","9~10","12階建マンション屋上のエレベータ機械室で清掃作業中、エレベータ設置用開口部(0.8×2m)から約38m下の1階エレベータピット床まで墜落した。","3","建設業","302","建築工事業","","","10~29","4","仮設物、建築物、構築物等","41","仮設物、建築物、構築物等","","","1","墜落、転落"
"1474","1992","平成","4","8","14~15","干満ドックに入れてある鋼船を解体するため、船倉内でガス溶接器により切断作業中、爆発した。","8","商業","","","","","10~29","4","仮設物、建築物、構築物等","41","仮設物、建築物、構築物等","","","14","爆発"
"1475","1992","平成","4","8","15~16","建設工事用の鉄骨加工等の工場において、H鋼4本(605キログラム)を25tトラッククレーンで運搬中、3本目のH鋼を吊り上げた際、4本目のH鋼に接触して落下し、その下敷きになった。","1","製造業","112","金属製品製造業","","","30~49","2","物上げ装置、運搬機械","21","動力クレーン等","","","4","飛来、落下"
"1476","1992","平成","4","8","9~10","道路工事の片付け中、脇見運転の乗用車が激突した。","3","建設業","301","土木工事業","","","1~9","2","物上げ装置、運搬機械","23","乗物","","","17","交通事故（道路）"
"1477","1992","平成","4","8","14~15","クレーンで台車上の角パイプ柱を地上に仮置するため、台車上で玉掛作業をしようとしたところ、横置していた角パイプ柱が倒れ、角パイプ柱と台車の間に挟まれた。","1","製造業","112","金属製品製造業","","","100~299","6","荷","61","荷","","","5","崩壊、倒壊"
"1478","1992","平成","4","8","16~17","ケーブルクレーン(つり上げ荷重1.53t)で杉材(5センチメートル角、長さ4m、25本)を1本掛けの状態で運搬中、搬器を止めたときショックで吊り荷が傾き、角材8本が落下して当たった。","3","建設業","301","土木工事業","","","1~9","2","物上げ装置、運搬機械","21","動力クレーン等","","","4","飛来、落下"
"1479","1992","平成","4","8","10~11","高速道路の防音壁の基礎鋼管をモンケンで打設中、鋼管を吊っていたワイヤロープが外れ当たった。","3","建設業","301","土木工事業","","","1~9","1","動力機械","14","建設機械等","","","4","飛来、落下"
"1480","1992","平成","4","8","13~14","屋外作業場において、金属製柱材(長さ約6.5m、1.7t)の手直し溶接作業中、溶接部の冷却のため水をかけていたところ、土場がぬかるんで柱材を支えていた台木が滑り、柱材が転倒して激突した。","1","製造業","112","金属製品製造業","","","50~99","5","物質、材料","52","材料","","","5","崩壊、倒壊"
"1481","1992","平成","4","8","16~17","ドラグショベルで斜面に倒したホウの木をバケットの爪で押したところ、ホウの木に直近していた伐倒木(長さ4m、元口径15センチメートル)が弧を描いて動き激突した。","3","建設業","301","土木工事業","","","1~9","1","動力機械","14","建設機械等","","","6","激突され"
"1482","1992","平成","4","8","22~23","4tトラックに荷を積み国道を走行中、赤信号で停車中の大型トラックに追突した。","4","運輸交通業","403","道路貨物運送業","","","10~29","2","物上げ装置、運搬機械","22","動力運搬機","","","17","交通事故（道路）"
"1483","1992","平成","4","8","0~1","11tトラックで高速道路を走行中、スリップして後続車に追突された。","4","運輸交通業","403","道路貨物運送業","","","10~29","2","物上げ装置、運搬機械","22","動力運搬機","","","17","交通事故（道路）"
"1484","1992","平成","4","8","9~10","漁道工の止水壁用型わく解体作業中、止水壁が倒れ下敷きになった。","3","建設業","301","土木工事業","","","10~29","4","仮設物、建築物、構築物等","41","仮設物、建築物、構築物等","","","5","崩壊、倒壊"
"1485","1992","平成","4","8","16~17","看板内のスリーム管(放電管の一種)の交換のため梯子上で作業中、2.34m下の地上へ墜落した。","1","製造業","117","その他の製造業","","","1~9","3","その他の装置等","37","用具","","","1","墜落、転落"
"1486","1992","平成","4","8","19~20","床上操作式の天井クレーン(つり上げ荷重20t)で、自動車部品用金型(4t)を300tの動力プレスに取り付けていたところ、吊っていた金型とプレスの支柱の間に挟まれた。","1","製造業","115","輸送用機械等製造業","","","300~499","2","物上げ装置、運搬機械","21","動力クレーン等","","","7","はさまれ、巻き込まれ"
"1487","1992","平成","4","8","3~4","トラックで高速道路を走行中、前車のトレーラーに追突した。","4","運輸交通業","403","道路貨物運送業","","","30~49","2","物上げ装置、運搬機械","22","動力運搬機","","","17","交通事故（道路）"
"1488","1992","平成","4","8","6~7","2tトラックに荷を積み国道を走行中、追突した。","4","運輸交通業","403","道路貨物運送業","","","10~29","2","物上げ装置、運搬機械","22","動力運搬機","","","17","交通事故（道路）"
"1489","1992","平成","4","8","9~10","作業員詰所から草刈作業場所へ向う途中の道路を横断中、右折してきた清掃コンテナトラック(6t)にひかれた。","15","清掃・と畜業","","","","","100~299","2","物上げ装置、運搬機械","22","動力運搬機","","","17","交通事故（道路）"
"1490","1992","平成","4","8","10~11","鉄道の架線張力調整器の取替作業中、電柱に取り付けられた高さ6mの梯子上から墜落した。","3","建設業","303","その他の建設業","","","1~9","4","仮設物、建築物、構築物等","41","仮設物、建築物、構築物等","","","1","墜落、転落"
"1491","1992","平成","4","8","10~11","コピー用ドラムの真空蒸着機の蒸着釜の排気口(径50センチメートル)内の付着物の剥離作業中、防じん用の送気マスクに蒸着作業用に配管されていた窒素ガスのホースを接続し酸欠になった。","1","製造業","117","その他の製造業","","","1~9","5","物質、材料","51","危険物、有害物等","","","12","有害物等との接触"
"1492","1992","平成","4","8","13~14","事業場内の2階冷蔵倉庫にあるエレベータ(ロープ式)の調整中、巻き上げワイヤロープが切断し、落下した搬器と2階床に挟まれた。","8","商業","","","","","10~29","2","物上げ装置、運搬機械","21","動力クレーン等","","","4","飛来、落下"
"1493","1992","平成","4","8","13~14","地下鉄建設工事において、シールド機の解体作業中、アルミ梯子(2段伸縮)に登りチェーンブロック(約40キログラム)を取り除こうとしたところ、梯子が折れ、約6m下のH鋼上に墜落した。","3","建設業","301","土木工事業","","","10~29","3","その他の装置等","37","用具","","","1","墜落、転落"
"1494","1992","平成","4","8","14~15","材木を普通トラックで運搬中、踏切で立ち往生し電車と衝突した。","3","建設業","301","土木工事業","","","1~9","2","物上げ装置、運搬機械","22","動力運搬機","","","18","交通事故（その他）"
"1495","1992","平成","4","8","14~15","松(胸高直径27センチメートル)の伐採中、伐倒した松の下敷きになった。","6","農林業","601","農業","","","1~9","7","環境等","71","環境等","","","6","激突され"
"1496","1992","平成","4","8","15~16","セメント瓦葺き木造平屋建て物置の屋根にある破風板を、屋根下の庇上(高さ2.65m)から刷毛でペンキ塗り作業中、庇端から墜落した。","3","建設業","302","建築工事業","","","1~9","4","仮設物、建築物、構築物等","41","仮設物、建築物、構築物等","","","1","墜落、転落"
"1497","1992","平成","4","8","17~18","岸壁に横付けされている台船に索留された作業船から燃料を給油する作業で、岸壁と台船の間約1.2mに渡してあった歩み板(幅約35センチメートル、長さ約5m、厚さ約4センチメートル)が途中で折れ、海中に転落した。","8","商業","","","","","50~99","4","仮設物、建築物、構築物等","41","仮設物、建築物、構築物等","","","10","おぼれ"
"1498","1992","平成","4","8","9~10","民有林において林内作業車を移動中、路肩より1.75m下の沼地に転落した。","6","農林業","601","農業","","","1~9","2","物上げ装置、運搬機械","22","動力運搬機","","","1","墜落、転落"
"1499","1992","平成","4","8","11~12","社殿及び社務所新築工事において、社殿の柱の建方作業中、作業構台から構台の建地単管パイプを伝って降りる際、高さ5.6mから墜落した。","3","建設業","302","建築工事業","","","1~9","4","仮設物、建築物、構築物等","41","仮設物、建築物、構築物等","","","1","墜落、転落"
"1500","1992","平成","4","8","16~17","ほ場整備工事現場において、測量の障害になる下草・廃棄物等をドラグショベルで処理作業中、窪みにはまって転倒し、ドラグショベルの下敷きになった。","3","建設業","301","土木工事業","","","1~9","1","動力機械","14","建設機械等","","","2","転倒"
"1501","1992","平成","4","8","17~18","木造2階建住宅兼アパートの棟上げ作業中、1階天井の梁上から3.15m下のコンクリート床上に墜落した。","3","建設業","302","建築工事業","","","1~9","4","仮設物、建築物、構築物等","41","仮設物、建築物、構築物等","","","1","墜落、転落"
"1502","1992","平成","4","8","6~7","小型保冷車で配達後、帰路途中の国道交差点で、信号待ち中の大型トラックに追突した。","4","運輸交通業","403","道路貨物運送業","","","50~99","2","物上げ装置、運搬機械","22","動力運搬機","","","17","交通事故（道路）"
"1503","1992","平成","4","8","9~10","乗用車を載せたまま動かなくなった2段式駐車リフトの修理中、モーター(ブレーキ付)を取り外したところパレットが降下し、その下敷きになった。","8","商業","","","","","1~9","2","物上げ装置、運搬機械","21","動力クレーン等","","","4","飛来、落下"
"1504","1992","平成","4","8","10~11","修理作業に必要な部品を取りに事業場へ戻るためトラックで国道を走行中、対向車線にはみ出し、トラックと正面衝突した。","8","商業","","","","","1~9","2","物上げ装置、運搬機械","23","乗物","","","17","交通事故（道路）"
"1505","1992","平成","4","8","11~12","鉱内において、ローダー(軌道装置)へ石の積み込み作業中、石が滑り落ちてきて、ローダーとの間に挟まれた。","2","鉱業","203","その他の鉱業","","","1~9","7","環境等","71","環境等","","","4","飛来、落下"
"1506","1992","平成","4","8","16~17","工事現場よりトラックで帰社する途中、国道上にトラックを止めジュースを買いに行き、トラックに戻るため道路を横断中、走行してきた軽ライトバンにはねられた。","3","建設業","301","土木工事業","","","10~29","2","物上げ装置、運搬機械","23","乗物","","","17","交通事故（道路）"
"1507","1992","平成","4","8","5~6","自転車で新聞配達中、信号のない交差点を横断していたところ、乗用車にはねられた。","8","商業","","","","","10~29","2","物上げ装置、運搬機械","23","乗物","","","17","交通事故（道路）"
"1508","1992","平成","4","8","5~6","7階建ビル新築工事の看板取付工事で、屋上のパラペット(高さ68センチメートル)から身を乗り出して様子を見ていたところ、バランスを崩して25m下の地上に墜落した。","3","建設業","302","建築工事業","","","1~9","4","仮設物、建築物、構築物等","41","仮設物、建築物、構築物等","","","1","墜落、転落"
"1509","1992","平成","4","8","8~9","港において、輸送してきた機械部品を移動式クレーンでトラックより荷卸し作業中、五掛けワイヤロープが荷台あおりに引っかかり、外そうとしたところ吊り荷が当たり、吊り荷とともに荷台上より地上に墜落した。","5","貨物取扱業","501","陸上貨物取扱業","","","30~49","2","物上げ装置、運搬機械","21","動力クレーン等","","","6","激突され"
"1510","1992","平成","4","8","11~12","高速道路向け橋梁の桁材組立溶接作業において、4組のフランジ材(長さ7.3m、幅0.8m)を並べて置き、それぞれの中心にウェッブ材(7.3×2.2m)を仮付け中、4本目のウェッブ材のセンター合わせをする際、チェーンブロックを引きすぎてウェッブ材が倒れ、横に並んでいた桁材に当たって3組とも将棋倒しになり、その下敷きになった。","1","製造業","115","輸送用機械等製造業","","","10~29","4","仮設物、建築物、構築物等","41","仮設物、建築物、構築物等","","","5","崩壊、倒壊"
"1511","1992","平成","4","8","12~13","集金のため50ccバイクで踏切(遮断機、警報機なし)を横断中、普通列車にはねられた。","8","商業","","","","","30~49","2","物上げ装置、運搬機械","23","乗物","","","18","交通事故（その他）"
"1512","1992","平成","4","8","15~16","大型トレーラーで国道を走行中、左カーブの登坂車線に入る際ハンドル操作を誤り、道路左側の縁石、ガードレールを乗り越え、照明塔に激突した。","4","運輸交通業","403","道路貨物運送業","","","50~99","2","物上げ装置、運搬機械","22","動力運搬機","","","17","交通事故（道路）"
"1513","1992","平成","4","8","15~16","製品仮置場において、荷の積出し作業中、フォークリフトのフォークに乗って荷の上部にかけられている防水シートを取り外していたところ、フォークから墜落した。","2","鉱業","203","その他の鉱業","","","100~299","2","物上げ装置、運搬機械","22","動力運搬機","","","1","墜落、転落"
"1514","1992","平成","4","8","15~16","高速道路の追越車線を走行中、走行車線から追越車線に侵入してきた車を避けようとしてガードレールに激突し、車外に放り出された。","8","商業","","","","","10~29","2","物上げ装置、運搬機械","23","乗物","","","17","交通事故（道路）"
"1515","1992","平成","4","8","15~16","高速道路の追越車線を走行中、走行車線から追越車線に侵入してきた車を避けようとしてガードレールに激突し、車外に放り出された。","8","商業","","","","","10~29","2","物上げ装置、運搬機械","23","乗物","","","17","交通事故（道路）"
"1516","1992","平成","4","8","16~17","クローラクレーン(35t)でトレーラーよりビレット(鋼材の中間原料)を荷卸し中、カウンタウエイトと既に野積されていたビレットの間に挟まれた。","1","製造業","110","鉄鋼業","","","1000~9999","2","物上げ装置、運搬機械","21","動力クレーン等","","","7","はさまれ、巻き込まれ"
"1517","1992","平成","4","8","16~17","単管の骨組みに垂木とコンポーネントパネルで組み立てられた小屋の屋根上で、バリを使いコンポーネントパネルを取り外す作業中、コンポーネントパネルの端から2.5m下のコンクリート床上に墜落した。","8","商業","","","","","1~9","4","仮設物、建築物、構築物等","41","仮設物、建築物、構築物等","","","1","墜落、転落"
"1518","1992","平成","4","8","22~23","アニメーション原図の受渡しのためバイクで走行中、カーブでスリップして転倒し、電柱に衝突した。","10","映画・演劇業","","","","","50~99","2","物上げ装置、運搬機械","23","乗物","","","17","交通事故（道路）"
"1519","1992","平成","4","8","6~7","社有車で上司を迎えに行く途中、対向車線にはみ出しバスと衝突した。","3","建設業","301","土木工事業","","","10~29","2","物上げ装置、運搬機械","23","乗物","","","17","交通事故（道路）"
"1520","1992","平成","4","8","9~10","解体工事現場で粉じんの飛散防止のための散水作業中、バックしてきた解体用重機のキャタピラにひかれた。","3","建設業","302","建築工事業","","","1~9","1","動力機械","14","建設機械等","","","7","はさまれ、巻き込まれ"
"1521","1992","平成","4","8","17~18","2階建て木造家屋の1階庇バラ板の取付作業中、高さ約3.4mの庇上から墜落した。","3","建設業","302","建築工事業","","","1~9","4","仮設物、建築物、構築物等","41","仮設物、建築物、構築物等","","","1","墜落、転落"
"1522","1992","平成","4","8","19~20","舗装のための合材をトラックで運送中、国道上で合材を落としたため停車し合材をトラック積み込んでいたところ、走行してきたカーキャリアにはねられた。","3","建設業","301","土木工事業","","","30~49","2","物上げ装置、運搬機械","22","動力運搬機","","","17","交通事故（道路）"
"1523","1992","平成","4","8","10~11","ライトバンで打合せに行った帰り、国道と農道の交差点で赤信号を見落として直進したところ、走行してきた車と衝突した。","3","建設業","301","土木工事業","","","1~9","2","物上げ装置、運搬機械","23","乗物","","","17","交通事故（道路）"
"1524","1992","平成","4","8","11~12","掘削した土砂をダンプカーに積み込むためドラグショベルを旋回したところ、ドラグショベルのバランスが崩れ、ドラグショベルとともに約4m下に転落した。","3","建設業","301","土木工事業","","","1~9","1","動力機械","14","建設機械等","","","1","墜落、転落"
"1525","1992","平成","4","8","14~15","橋脚ブラケット足場の解体作業中、自分が乗っている足場を支えている3本の建地の内1本のクランプを緩めたため足場が傾き、約11m下に墜落した。","3","建設業","301","土木工事業","","","10~29","4","仮設物、建築物、構築物等","41","仮設物、建築物、構築物等","","","1","墜落、転落"
"1526","1992","平成","4","8","15~16","ドラグショベルで床堀り作業中、ショベルが傾いたので移動させようと旋回したとき、6m下の床堀り箇所へ転落した。","3","建設業","301","土木工事業","","","50~99","1","動力機械","14","建設機械等","","","1","墜落、転落"
"1527","1992","平成","4","8","16~17","軽ライトバンで国道を走行中、対向してきた大型トレーラーの後部が走行中に前方部と切れ、切れた後部と衝突した。","8","商業","","","","","100~299","2","物上げ装置、運搬機械","22","動力運搬機","","","17","交通事故（道路）"
"1528","1992","平成","4","9","9~10","事務所内のエレベータで1階から2階へ行こうとしたところ、上昇途中で鋼材と搬器の間に首を挟まれた。","1","製造業","112","金属製品製造業","","","1~9","2","物上げ装置、運搬機械","21","動力クレーン等","","","7","はさまれ、巻き込まれ"
"1529","1992","平成","4","9","9~10","スレート屋根の補修工事において、移動式クレーンで歩み板を屋根に上げていたとき、足元のスレートが抜け約14m下に墜落した。","3","建設業","302","建築工事業","","","10~29","4","仮設物、建築物、構築物等","41","仮設物、建築物、構築物等","","","1","墜落、転落"
"1530","1992","平成","4","9","11~12","新築工事現場における鉄骨組立作業において、組立終了箇所の鉄骨柱に取り付けてあった昇降用タラップの取り外し作業中、高さ約25.5mから地上に墜落した。","3","建設業","302","建築工事業","","","10~29","3","その他の装置等","37","用具","","","1","墜落、転落"
"1531","1992","平成","4","9","11~12","橋脚下部基礎杭の杭内昇降用タラップの取り外し作業中、上から4本目のタラップの上側2本の支柱のボルトを外したところ、タラップが折り畳まれて足場を失い、約14m下へ墜落した。","3","建設業","301","土木工事業","","","100~299","4","仮設物、建築物、構築物等","41","仮設物、建築物、構築物等","","","1","墜落、転落"
"1532","1992","平成","4","9","12~13","独居老人宅を訪問後、50ccバイクで事務所へ帰る途中、市道交差点で軽トラックと出会い頭に衝突した。","13","保健・衛生業","","","","","10~29","2","物上げ装置、運搬機械","23","乗物","","","17","交通事故（道路）"
"1533","1992","平成","4","9","13~14","ダブルサイザーの面取り用カッターの歯の高さを調整中、カッターのスイッチを入れたまま作業していたため、衣服が回転していたカッターに巻き込まれた。","1","製造業","104","木材・木製品製造業","","","10~29","1","動力機械","13","木材加工用機械","","","7","はさまれ、巻き込まれ"
"1534","1992","平成","4","9","15~16","個人住宅の洗濯機の配管工事中、素手で持っていた可搬式グラインダー(100V)で感電した。","3","建設業","303","その他の建設業","","","1~9","1","動力機械","16","一般動力機械","","","13","感電"
"1535","1992","平成","4","9","16~17","ゴミの運搬作業中、パレットに荷を乗せたフォークリフト(最大荷重1.5t)にひかれた。","1","製造業","101","食料品製造業","","","100~299","2","物上げ装置、運搬機械","22","動力運搬機","","","7","はさまれ、巻き込まれ"
"1536","1992","平成","4","9","21~22","エレベータ式立体駐車場の昇降台の下に潜ってチェーンの調整作業中、昇降台を上げるよう合図をしたところ、同僚が手順を誤り、昇降台が下降して挟まれた。","3","建設業","303","その他の建設業","","","30~49","2","物上げ装置、運搬機械","21","動力クレーン等","","","7","はさまれ、巻き込まれ"
"1537","1992","平成","4","9","11~12","約50センチメートルの段差がある上段の地面上よりドラグショベルの左右のクローラを3分の1程突き出した状態で掘削作業中、クローラを突き出すため前進させたところ、ドラグショベルが転倒し、ドラグショベルと法面の間に挟まれた。","3","建設業","301","土木工事業","","","1~9","1","動力機械","14","建設機械等","","","2","転倒"
"1538","1992","平成","4","9","12~13","代理店より帰社するため乗用車で走行中、対向車線にはみ出し、大型トラックと衝突した。","9","金融・広告業","","","","","1~9","2","物上げ装置、運搬機械","23","乗物","","","17","交通事故（道路）"
"1539","1992","平成","4","9","13~14","トラックから牛の飼料をフォークリフトを使い道路を横断して倉庫に運搬中、1度バックして道路中央に出た際、ワゴン車が衝突した。","4","運輸交通業","403","道路貨物運送業","","","1~9","2","物上げ装置、運搬機械","22","動力運搬機","","","17","交通事故（道路）"
"1540","1992","平成","4","9","14~15","タクシーに客を乗せ市道を走行中、右折する際、対抗してきた乗用車と衝突した。","4","運輸交通業","402","道路旅客運送業","","","100~299","2","物上げ装置、運搬機械","23","乗物","","","17","交通事故（道路）"
"1541","1992","平成","4","9","14~15","ショッピングセンター新築工事において、スレート葺き屋根上で清掃作業中、スレートを踏み抜き2.1m下に墜落した。","3","建設業","302","建築工事業","","","1~9","4","仮設物、建築物、構築物等","41","仮設物、建築物、構築物等","","","1","墜落、転落"
"1542","1992","平成","4","9","19~20","商談先よりバンで帰社途中、県道でセンターラインを越えてきた乗用車と正面衝突した。","8","商業","","","","","1~9","2","物上げ装置、運搬機械","23","乗物","","","17","交通事故（道路）"
"1543","1992","平成","4","9","9~10","壁紙製造のための皺付け機の回転数を調整中、皺付け機のローラーに巻き込まれた。","1","製造業","108","化学工業","","","100~299","1","動力機械","16","一般動力機械","","","7","はさまれ、巻き込まれ"
"1544","1992","平成","4","9","9~10","宅地造成工事現場において、栗石を埋設作業中のドラグショベルがバックした際、ひかれた。","3","建設業","301","土木工事業","","","10~29","1","動力機械","14","建設機械等","","","7","はさまれ、巻き込まれ"
"1545","1992","平成","4","9","10~11","パーキングメーターの集金業務中、違法駐車の車に乗車している運転者に適正に駐車するよう指導したところ、運転者がドアを2回に渡り強く開閉したため、ドアの角で腹部を強打された。","17","その他の事業","","","","","30~49","9","その他","92","起因物なし","","","90","その他"
"1546","1992","平成","4","9","10~11","工場内において、工事用足場の片付け作業中、ボイラ建屋屋上(地上約53m)にあるクレーンのフックを現場へ下げるため、屋上の荷揚げ用開口部の蓋をホイストで吊り上げたとき、玉掛けをした被災者が移動しようとして蓋の上に乗り、蓋が回転し14m下の通路へ転落した。","3","建設業","303","その他の建設業","","","1~9","2","物上げ装置、運搬機械","21","動力クレーン等","","","1","墜落、転落"
"1547","1992","平成","4","9","11~12","2階建事務所の外壁の塗装作業中、脚立から墜落した。","3","建設業","302","建築工事業","","","1~9","3","その他の装置等","37","用具","","","1","墜落、転落"
"1548","1992","平成","4","9","12~13","フォークリフトでマグロ運搬用の箱を積み重ねていたところ、重ねようとしていた2箱が落下し、付近で休息していて当たった。","5","貨物取扱業","501","陸上貨物取扱業","","","10~29","2","物上げ装置、運搬機械","22","動力運搬機","","","4","飛来、落下"
"1549","1992","平成","4","9","13~14","木造倉庫を移動させる工事において、移動後の床下に設置した地材の高低差を確認するため土台下を覗いていたところ、突風により倉庫が動き、その下敷きになった。","3","建設業","302","建築工事業","","","1~9","7","環境等","71","環境等","","","7","はさまれ、巻き込まれ"
"1550","1992","平成","4","9","14~15","鉄骨造6階建新築工事現場において、枠組足場に建設用リフト(500キログラム積)の取付組立作業中、リフトのガイドレールを取り付けようとして足場から約15.7m下の地上に墜落した。","3","建設業","302","建築工事業","","","10~29","4","仮設物、建築物、構築物等","41","仮設物、建築物、構築物等","","","1","墜落、転落"
"1551","1992","平成","4","9","15~16","鋼板の陸揚げ作業中、トラッククレーン(つり上げ荷重35t)で鋼板5枚(約9t)を吊り上げたところ、ハッカーが外れて鋼板が船倉内に落下し当たった。","5","貨物取扱業","502","港湾運送業","","","50~99","3","その他の装置等","37","用具","","","4","飛来、落下"
"1552","1992","平成","4","9","16~17","土留め擁壁設置工事において、落石防止網の止め金具を取り除く作業中、高さ6mの斜面上から転落した。","3","建設業","301","土木工事業","","","10~29","7","環境等","71","環境等","","","1","墜落、転落"
"1553","1992","平成","4","9","16~17","高純度アルミニウム用整流器制御回路の配線替えのための事前準備作業中、高圧閉鎖盤内の遮断器(11kV)充電部に接触した。","3","建設業","303","その他の建設業","","","10~29","3","その他の装置等","35","電気設備","","","13","感電"
"1554","1992","平成","4","9","16~17","地上13.9mの屋上で、ALC床の補修及びALC板の移動作業中、ALC板6枚を吊り上げた45tラフタークレーンのアウトリガー1本が地中にめり込み、クレーンが傾いてブームが旋回し、吊り荷が激突した。","3","建設業","302","建築工事業","","","10~29","2","物上げ装置、運搬機械","21","動力クレーン等","","","6","激突され"
"1555","1992","平成","4","9","22~23","作業後、現場仮駐車場に会社の車で戻る途中、緩いカーブを曲がりきれず、村道右側へ飛び出し約10m下へ転落した。","3","建設業","301","土木工事業","","","1~9","2","物上げ装置、運搬機械","22","動力運搬機","","","17","交通事故（道路）"
"1556","1992","平成","4","9","0~1","タクシーで国道を走行中、カーブでセンターラインを越え、対向してきた大型トラックと正面衝突した。","4","運輸交通業","402","道路旅客運送業","","","30~49","2","物上げ装置、運搬機械","23","乗物","","","17","交通事故（道路）"
"1557","1992","平成","4","9","9~10","木造2階建アパートの解体作業において、屋根上で瓦の除去及び整理作業中、高さ5.6mの屋根の端からコンクリート土間に墜落した。","3","建設業","302","建築工事業","","","1~9","4","仮設物、建築物、構築物等","41","仮設物、建築物、構築物等","","","1","墜落、転落"
"1558","1992","平成","4","9","11~12","道路整備工事において、掘削箇所を埋戻し、歩行しながらハンドル操作をするローラーで転圧中、路肩からローラーとともに1.7m下に転落し、その下敷きになった。","3","建設業","301","土木工事業","","","10~29","1","動力機械","14","建設機械等","","","1","墜落、転落"
"1559","1992","平成","4","9","13~14","庭木の剪定作業中、外壁上から2.3m下の道路に墜落した。","6","農林業","602","林業","","","1~9","4","仮設物、建築物、構築物等","41","仮設物、建築物、構築物等","","","1","墜落、転落"
"1560","1992","平成","4","9","13~14","出張先でタクシーに乗り国道を走行中、タクシーが反対車線に飛び出し、対向してきた4tトラックと正面衝突した。","17","その他の事業","","","","","1000~9999","2","物上げ装置、運搬機械","23","乗物","","","17","交通事故（道路）"
"1561","1992","平成","4","9","15~16","建築下小屋において、木工用丸のこ盤で敷居材(91×14×3センチメートル)を縦びき作業中、切断した敷居材が丸のこ盤の刃に接触して跳ね返り腹部に激突した。","3","建設業","302","建築工事業","","","1~9","1","動力機械","13","木材加工用機械","","","4","飛来、落下"
"1562","1992","平成","4","9","16~17","横断工袖壁型わく部材を取り外す作業中、隣接する止水壁が倒れてきて、当該型わくと止水壁の間に挟まれた。","3","建設業","301","土木工事業","","","1~9","4","仮設物、建築物、構築物等","41","仮設物、建築物、構築物等","","","5","崩壊、倒壊"
"1563","1992","平成","4","9","17~18","営業のため乗用車で国道を走行中、道路のガードロープ支柱に衝突した。","17","その他の事業","","","","","1~9","2","物上げ装置、運搬機械","23","乗物","","","17","交通事故（道路）"
"1564","1992","平成","4","9","17~18","バイクで夕刊配達中、見通しの悪い交差点で、出会い頭にトラックと衝突した。","8","商業","","","","","10~29","2","物上げ装置、運搬機械","22","動力運搬機","","","17","交通事故（道路）"
"1565","1992","平成","4","9","10~11","道路谷側の擁壁の型わく取り外し中、土砂が幅15m、高さ2.9mに渡って崩壊し、その下敷きになった。","3","建設業","301","土木工事業","","","10~29","7","環境等","71","環境等","","","5","崩壊、倒壊"
"1566","1992","平成","4","9","12~13","SRC7階の鉄骨建方作業中、5階から6階へ柱を伝って移動していたところ、手を滑らせ地上に墜落した。","3","建設業","302","建築工事業","","","1~9","4","仮設物、建築物、構築物等","41","仮設物、建築物、構築物等","","","1","墜落、転落"
"1567","1992","平成","4","9","15~16","軽トラックで帰社する途中、飛び出してきた犬を避けようとハンドルを左に切った際、電柱に衝突した。","3","建設業","303","その他の建設業","","","1~9","2","物上げ装置、運搬機械","22","動力運搬機","","","17","交通事故（道路）"
"1568","1992","平成","4","9","15~16","足場の解体作業中、クレーンでビティ足場の1枠を引き抜こうとしたところ建地が抜けず、手で抜こうとしたとき突然抜けたため、墜落した。","3","建設業","302","建築工事業","","","10~29","4","仮設物、建築物、構築物等","41","仮設物、建築物、構築物等","","","1","墜落、転落"
"1569","1992","平成","4","9","16~17","造園工事後、軽トラックで帰社する途中、一時停止をしないで交差点に入ったところ、乗用車が軽トラックの側方に衝突し、はずみで電柱に衝突した。","8","商業","","","","","1~9","2","物上げ装置、運搬機械","22","動力運搬機","","","17","交通事故（道路）"
"1570","1992","平成","4","9","16~17","ブルドーザーのバッテリーを充電するためトラックをブルドーザーの後方につけ、バッテリー間を充電コードで繋いでブルドーザーの軌道スイッチを入れたところ、ブルドーザーがバックで動き出し、ブルドーザーとトラックの間にいて挟まれた。","3","建設業","301","土木工事業","","","10~29","1","動力機械","14","建設機械等","","","7","はさまれ、巻き込まれ"
"1571","1992","平成","4","9","16~17","作業終了後、泥除け用ビニルシートを空き地で畳んでいたところ、後退してきた4tトラックの後輪に巻き込まれた。","3","建設業","303","その他の建設業","","","1~9","2","物上げ装置、運搬機械","22","動力運搬機","","","6","激突され"
"1572","1992","平成","4","9","17~18","木造建築の建前作業中、2階の床面から約3.9mへ墜落した。","3","建設業","302","建築工事業","","","1~9","4","仮設物、建築物、構築物等","41","仮設物、建築物、構築物等","","","1","墜落、転落"
"1573","1992","平成","4","9","3~4","セメント製造工程において、セメント副原料の頁岩用ホッパー内に入り、整え付けの縄梯子を降りて墜落し、頁岩中に生き埋めとなり、ホッパー下部より頁岩とともにベルトコンベヤーで搬送される間に窒息した。","1","製造業","108","化学工業","","","1000~9999","4","仮設物、建築物、構築物等","41","仮設物、建築物、構築物等","","","1","墜落、転落"
"1574","1992","平成","4","9","9~10","本社へ向う途中、高速道路左側のガードレールに激突した。","8","商業","","","","","1~9","2","物上げ装置、運搬機械","23","乗物","","","17","交通事故（道路）"
"1575","1992","平成","4","9","10~11","掘削土をダンプカーに積み込むため、ブレーカとドラグショベルを入れ替え中、路肩よりブレーカとともに約60m下の谷に転落した。","3","建設業","301","土木工事業","","","50~99","1","動力機械","14","建設機械等","","","1","墜落、転落"
"1576","1992","平成","4","9","11~12","道路上において路面表示の作業中、車輌を誘導していたところ、バイク(400cc)に跳ね飛ばされた。","3","建設業","301","土木工事業","","","1~9","2","物上げ装置、運搬機械","23","乗物","","","17","交通事故（道路）"
"1577","1992","平成","4","9","5~6","50ccバイクで国道を走行中、交差点付近でトラックと正面衝突した。","8","商業","","","","","1~9","2","物上げ装置、運搬機械","23","乗物","","","17","交通事故（道路）"
"1578","1992","平成","4","9","9~10","2tローボディトラック上に立ててあった墓石用サオ石(高さ77センチメートル、幅30×30センチメートル)を単独で横に倒す作業中、墜落したと思われる。","1","製造業","109","窯業土石製品製造業","","","10~29","2","物上げ装置、運搬機械","22","動力運搬機","","","1","墜落、転落"
"1579","1992","平成","4","9","9~10","橋梁床版工事において、鋼桁上に足場材料を荷揚げ作業中、足場板を束ねていたテープを切ったところ、足場板が崩れて当たり、梁上から墜落した。","3","建設業","301","土木工事業","","","1~9","4","仮設物、建築物、構築物等","41","仮設物、建築物、構築物等","","","1","墜落、転落"
"1580","1992","平成","4","9","10~11","天井クレーンでH型鋼のはい積み作業中、3段目に積んだばかりのH型鋼が崩れて落下し当たった。","1","製造業","112","金属製品製造業","","","10~29","5","物質、材料","52","材料","","","5","崩壊、倒壊"
"1581","1992","平成","4","9","13~14","小学校校舎屋上の庇部の全面ウレタン防水補修工事中、庇より13m下の地上に墜落した。","3","建設業","302","建築工事業","","","10~29","4","仮設物、建築物、構築物等","41","仮設物、建築物、構築物等","","","1","墜落、転落"
"1582","1992","平成","4","9","15~16","2階床張り作業中、開口部から2.8m下に墜落した。","3","建設業","302","建築工事業","","","1~9","4","仮設物、建築物、構築物等","41","仮設物、建築物、構築物等","","","1","墜落、転落"
"1583","1992","平成","4","9","10~11","ガソリンスタンド建設現場において、土止め用H型鋼(長さ9m)の杭打作業中、杭打用の穴(深さ1.6m)にH型鋼を入れるとき、H型鋼先端にかぶせたキャップ(杭打機のハンマーでH型鋼を叩くときにあてるもの、300キログラム)が外れ、落下した。","3","建設業","302","建築工事業","","","50~99","1","動力機械","14","建設機械等","","","4","飛来、落下"
"1584","1992","平成","4","9","14~15","1tワゴン車で集荷先より営業所へ戻る途中、県道から約6m下に転落して送水管を覆っているカルバートに激突し炎上した。","4","運輸交通業","403","道路貨物運送業","","","1~9","2","物上げ装置、運搬機械","22","動力運搬機","","","17","交通事故（道路）"
"1585","1992","平成","4","9","14~15","鉄骨トタン葺き小屋の改築工事において、古い小屋のトタン屋根をはがす作業中、開口部から6.6m下のコンクリート土間に墜落した。","3","建設業","302","建築工事業","","","1~9","4","仮設物、建築物、構築物等","41","仮設物、建築物、構築物等","","","1","墜落、転落"
"1586","1992","平成","4","9","4~5","高速道路のインターチェンジ付近で、進路変更をした前車に追突した。","4","運輸交通業","403","道路貨物運送業","","","不明","2","物上げ装置、運搬機械","22","動力運搬機","","","17","交通事故（道路）"
"1587","1992","平成","4","9","5~6","飼料運搬のため高速道路を走行中、道路左側より約6m下の県道へ転落した。","4","運輸交通業","403","道路貨物運送業","","","100~299","2","物上げ装置、運搬機械","22","動力運搬機","","","17","交通事故（道路）"
"1588","1992","平成","4","9","9~10","工場構内において、空荷のフォークリフトで走行中、スピードを出しすぎてハンドル操作を誤り、横転して投げ出され、倒れてきたフォークリフトに挟まれた。","1","製造業","101","食料品製造業","","","100~299","2","物上げ装置、運搬機械","22","動力運搬機","","","2","転倒"
"1589","1992","平成","4","9","9~10","50ccバイクで草刈作業現場へ向う途中、信号の無い交差点で乗用車と出会い頭に衝突した。","6","農林業","601","農業","","","1~9","2","物上げ装置、運搬機械","23","乗物","","","17","交通事故（道路）"
"1590","1992","平成","4","9","10~11","工事に使った保安施設のバリケードを積み、積載型トラッククレーンで帰社する途中、道路から林に転落した。","3","建設業","301","土木工事業","","","10~29","2","物上げ装置、運搬機械","21","動力クレーン等","","","17","交通事故（道路）"
"1591","1992","平成","4","9","10~11","工事に使った保安施設のバリケードを積み、積載型トラッククレーンで帰社する途中、道路から林に転落した。","3","建設業","301","土木工事業","","","10~29","2","物上げ装置、運搬機械","21","動力クレーン等","","","17","交通事故（道路）"
"1592","1992","平成","4","9","11~12","国道の擁壁上の木を伐採作業中、道路上に切り落とした木を枝打ちするため横転させたとき、切り口が額に当たって転倒し後頭部を強打した。","3","建設業","301","土木工事業","","","10~29","7","環境等","71","環境等","","","6","激突され"
"1593","1992","平成","4","9","11~12","県道脇舗道部分を掘削した底部(幅80センチメートル、深さ1.7m)にガス管(200直径)を布設するため、ガス管の継手部分を接合中、幅1.5m、厚さ20センチメートル、高さ1mに渡って土砂が崩壊し埋まった。","3","建設業","301","土木工事業","","","1~9","7","環境等","71","環境等","","","5","崩壊、倒壊"
"1594","1992","平成","4","9","15~16","工場2階の仕上げ場にある材料取入口で、フォークリフトからの材料を取り込み中、約3m下の1階コンクリート床に墜落した。","1","製造業","106","パルプ・紙・紙加工品製造業","","","10~29","4","仮設物、建築物、構築物等","41","仮設物、建築物、構築物等","","","1","墜落、転落"
"1595","1992","平成","4","9","7~8","ワゴン車で工事現場へ向う途中、高速道路で雨のためスリップし、ガードレールに衝突した。","3","建設業","302","建築工事業","","","1~9","2","物上げ装置、運搬機械","23","乗物","","","17","交通事故（道路）"
"1596","1992","平成","4","9","7~8","ワゴン車で工事現場へ向う途中、高速道路で雨のためスリップし、ガードレールに衝突した。","3","建設業","302","建築工事業","","","1~9","2","物上げ装置、運搬機械","23","乗物","","","17","交通事故（道路）"
"1597","1992","平成","4","9","7~8","トンネル掘削機のヘッドビットの点検中、切り羽の左中央より2m四方の岩塊が肌落ちした。","3","建設業","301","土木工事業","","","30~49","7","環境等","71","環境等","","","4","飛来、落下"
"1598","1992","平成","4","9","10~11","伐倒現場において、同僚の切ったブナの伐倒方向がずれ、他のブナの立木に激突し、折れた立木の枝が17m飛来して当たった。","6","農林業","601","農業","","","50~99","7","環境等","71","環境等","","","4","飛来、落下"
"1599","1992","平成","4","9","11~12","降雨により作業中止となり、会社所有の乗用車で同僚を各自宅へ送り届けた後、自宅へ戻る途中の交差点で、ダンプカーと衝突した。","3","建設業","301","土木工事業","","","1~9","2","物上げ装置、運搬機械","23","乗物","","","17","交通事故（道路）"
"1600","1992","平成","4","9","14~15","バキューム車でし尿処理作業中、次の処理箇所を確認しようと道路を横断しかけたところ、走行してきた乗用車にはねられた。","15","清掃・と畜業","","","","","1~9","2","物上げ装置、運搬機械","23","乗物","","","17","交通事故（道路）"
"1601","1992","平成","4","9","21~22","公用車で出張後、帰社する途中、堤防沿いの道路から河川に転落した。","13","保健・衛生業","","","","","100~299","2","物上げ装置、運搬機械","23","乗物","","","17","交通事故（道路）"
"1602","1992","平成","4","9","5~6","ワゴン車に同乗し宿舎から建設現場に向う途中、市道交差点で乗用車と接触して横転し、頭部を強打した。","3","建設業","301","土木工事業","","","30~49","2","物上げ装置、運搬機械","23","乗物","","","17","交通事故（道路）"
"1603","1992","平成","4","9","9~10","空調機の吊り補強材を天井吊材受金物に取り付ける作業中、天井吊材受金物上に鋼製歩み板(幅25センチメートル、長さ4m)を敷き、歩み板上から材料を同僚に手渡していたところ、1階土間に墜落した。","3","建設業","302","建築工事業","","","10~29","4","仮設物、建築物、構築物等","41","仮設物、建築物、構築物等","","","1","墜落、転落"
"1604","1992","平成","4","9","9~10","街路樹の枝打ち作業後、木の上から二重梯子を伸ばして降りる際、梯子の伸縮ロックがかかっておらず一気に縮み、梯子とともに約5m転落した。","6","農林業","602","林業","","","1~9","3","その他の装置等","37","用具","","","1","墜落、転落"
"1605","1992","平成","4","9","11~12","現場に向う途中の堤防道路を走行中、センターラインを越えてきた対向車と正面衝突し、8m下に転落して炎上した。","8","商業","","","","","1~9","2","物上げ装置、運搬機械","23","乗物","","","17","交通事故（道路）"
"1606","1992","平成","4","9","17~18","トラックで工場へ向う途中の国道を走行中、前車の乗用車がセンターラインを越え対向の大型トラックに衝突し、そのはずみで大型トラックが横転し反対車線に飛び出したところで衝突した。","4","運輸交通業","403","道路貨物運送業","","","30~49","2","物上げ装置、運搬機械","22","動力運搬機","","","17","交通事故（道路）"
"1607","1992","平成","4","9","17~18","町道上でトラックにコンバインを積み込み作業中、突然発進したトラックの下敷きになった。","8","商業","","","","","1~9","2","物上げ装置、運搬機械","23","乗物","","","17","交通事故（道路）"
"1608","1992","平成","4","9","0~1","シャンプー用のプラスチック容器を作る成形機から出てくる完成品の検査、箱詰作業中、成形機の中をのぞき込み、成形機に挟まれた。","1","製造業","108","化学工業","","","30~49","1","動力機械","16","一般動力機械","","","7","はさまれ、巻き込まれ"
"1609","1992","平成","4","9","10~11","ダンプカーから倉庫中2階へクレーンで発電機を上げる作業中、移動梯子で中2階へ上がる際、高さ約2.5mから墜落した。","3","建設業","302","建築工事業","","","1~9","3","その他の装置等","37","用具","","","1","墜落、転落"
"1610","1992","平成","4","9","10~11","上水管布設工事現場において、ドラグショベルで溝(幅約1m、深さ約2.4m)を掘削後、溝底部で送水管連結箇所の側面をスコップで掘削中、反対側面の土砂が崩壊した。","3","建設業","301","土木工事業","","","10~29","7","環境等","71","環境等","","","5","崩壊、倒壊"
"1611","1992","平成","4","9","11~12","市道脇の路肩で看板の設置作業中、乗用車が飛び込んできた。","3","建設業","301","土木工事業","","","1~9","2","物上げ装置、運搬機械","23","乗物","","","17","交通事故（道路）"
"1612","1992","平成","4","9","11~12","ボイラーのダンパーを調整中、梯子を下りようとして高さ3.7mから墜落した。","1","製造業","102","繊維工業","","","100~299","3","その他の装置等","37","用具","","","1","墜落、転落"
"1613","1992","平成","4","9","3~4","顧客先へ4tトラックで向う途中、交差点で信号待ち中の大型トレーラーに追突した。","4","運輸交通業","403","道路貨物運送業","","","50~99","2","物上げ装置、運搬機械","22","動力運搬機","","","17","交通事故（道路）"
"1614","1992","平成","4","9","8~9","3段積み古紙の最上段の荷の1つ(1×1×2m、約1t)が落下し、下敷きになった。","8","商業","","","","","1~9","6","荷","61","荷","","","4","飛来、落下"
"1615","1992","平成","4","9","9~10","河川改修工事現場において、トラッククレーン(つり上げ荷重2.95t)でヒューム管(長さ4.1m、約1.8t)の積みおろし作業中、クレーンが転倒し、その下敷きになった。","3","建設業","301","土木工事業","","","1~9","2","物上げ装置、運搬機械","21","動力クレーン等","","","6","激突され"
"1616","1992","平成","4","9","11~12","フォークリフトのフォーク上に立てたまま乗せた墓石を床上から押さえていたところ、足をつまづいて倒れ、押さえていた墓石が倒れて割れ、フォークリフトから落ちて当たった。","1","製造業","109","窯業土石製品製造業","","","1~9","2","物上げ装置、運搬機械","22","動力運搬機","","","4","飛来、落下"
"1617","1992","平成","4","9","14~15","地下の雨水管及びマンホール布設工事において、明り掘削中、高さ約5m、幅約5mに渡って壁面が崩壊した。","3","建設業","301","土木工事業","","","10~29","7","環境等","71","環境等","","","5","崩壊、倒壊"
"1618","1992","平成","4","9","14~15","地下の雨水管及びマンホール布設工事において、明り掘削中、高さ約5m、幅約5mに渡って壁面が崩壊した。","3","建設業","301","土木工事業","","","10~29","7","環境等","71","環境等","","","5","崩壊、倒壊"
"1619","1992","平成","4","9","15~16","導水路内でクラックの修繕工事中、ピックハンマーではつりしたコンクリートを小型運搬車に載せ、後退しながら当該運搬車を運転していたところ、運転者が転倒し、自走してきた運搬車の下敷きになった。","3","建設業","301","土木工事業","","","10~29","2","物上げ装置、運搬機械","22","動力運搬機","","","7","はさまれ、巻き込まれ"
"1620","1992","平成","4","9","16~17","普通電車を運転中、踏切に侵入したダンプカー(10t)に衝突した。","4","運輸交通業","401","鉄道・軌道・水運・航空業","","","100~299","2","物上げ装置、運搬機械","23","乗物","","","18","交通事故（その他）"
"1621","1992","平成","4","9","16~17","新装オープンセールのため、信号待ちで一時停止している車両運転者にチラシ配り中、トラックにはねられた。","8","商業","","","","","10~29","2","物上げ装置、運搬機械","22","動力運搬機","","","17","交通事故（道路）"
"1622","1992","平成","4","9","16~17","リフター上を移動中、上昇してきた搬器に当たった。","1","製造業","108","化学工業","","","1000~9999","2","物上げ装置、運搬機械","21","動力クレーン等","","","6","激突され"
"1623","1992","平成","4","9","5~6","10tトラックで国道を走行中、スピンして車線を越えてきたトレーラーと正面衝突した。","4","運輸交通業","403","道路貨物運送業","","","10~29","2","物上げ装置、運搬機械","22","動力運搬機","","","17","交通事故（道路）"
"1624","1992","平成","4","9","8~9","研磨材用砂の入った袋(25キログラム)を運搬中、高さ3.9mに積んであった袋が崩れ、当たった。","1","製造業","109","窯業土石製品製造業","","","100~299","6","荷","61","荷","","","5","崩壊、倒壊"
"1625","1992","平成","4","9","11~12","ガレージの鉄骨組立作業中、屋根上で仮止めされた鉄骨の寸法を手直ししていたところ、足を踏み外し約5.5m下のコンクリート上に墜落した。","3","建設業","302","建築工事業","","","10~29","4","仮設物、建築物、構築物等","41","仮設物、建築物、構築物等","","","1","墜落、転落"
"1626","1992","平成","4","9","16~17","鉄骨組立作業中、梁を移動式クレーン(つり上げ荷重7t)で吊り上げ移動させていたところ、現場脇の電柱(6600V)の碍子部付近に梁が接触し、手に持って誘導していたため感電して1.6m下に墜落した。","3","建設業","302","建築工事業","","","1~9","3","その他の装置等","35","電気設備","","","13","感電"
"1627","1992","平成","4","9","18~19","製紙工場内で、中間製品の切紙をパルプとして再利用するための離解作業中、紙を離解槽へ投入するベルトコンベヤーに巻き込まれた。","1","製造業","106","パルプ・紙・紙加工品製造業","","","100~299","2","物上げ装置、運搬機械","22","動力運搬機","","","7","はさまれ、巻き込まれ"
"1628","1992","平成","4","9","5~6","段ボールの貼合工程において、原紙を供給する作業中、起動スイッチを押した後で離型紙を剥していたところ、紙継機ユニットと油圧シリンダーに挟まれた。","1","製造業","106","パルプ・紙・紙加工品製造業","","","100~299","1","動力機械","16","一般動力機械","","","7","はさまれ、巻き込まれ"
"1629","1992","平成","4","9","9~10","配送センター新築工事の鉄骨組立作業において、H型鋼の梁上を移動中、18.7m下に墜落した。","3","建設業","302","建築工事業","","","1~9","4","仮設物、建築物、構築物等","41","仮設物、建築物、構築物等","","","1","墜落、転落"
"1630","1992","平成","4","9","11~12","県営駐車場周囲の法面清掃作業中、ブロック積上(高さ1.8m)で作業の支障になる蔦を引っ張ったところ、バランスを崩し転落した。","17","その他の事業","","","","","1~9","4","仮設物、建築物、構築物等","41","仮設物、建築物、構築物等","","","1","墜落、転落"
"1631","1992","平成","4","9","11~12","発泡スチロール成型機の雌金型の外側と、それに設けられたエジェクト板(成形品を押し出すピンを押すもの)の間に挟まれた。","1","製造業","108","化学工業","","","10~29","1","動力機械","16","一般動力機械","","","7","はさまれ、巻き込まれ"
"1632","1992","平成","4","9","13~14","山林斜面(勾配50度)上で、立木(径約20センチメートル)を伐倒した際、カズラが絡んでいたため斜面上方の立木が同時に倒れ、これに背後から直撃された。","6","農林業","601","農業","","","1~9","7","環境等","71","環境等","","","5","崩壊、倒壊"
"1633","1992","平成","4","9","14~15","生コン納入のため現場へ到着したが現場の準備が出来ておらず、待機するためミキサー車をバックで脇道へ進入させる際、左後輪が脱輪し、8m下に転落した。","1","製造業","109","窯業土石製品製造業","","","10~29","2","物上げ装置、運搬機械","22","動力運搬機","","","17","交通事故（道路）"
"1634","1992","平成","4","9","16~17","9階床の手摺の無い箇所で温度測定中、床の端から約30m下の地下1階床まで墜落した。","3","建設業","302","建築工事業","","","100~299","4","仮設物、建築物、構築物等","41","仮設物、建築物、構築物等","","","1","墜落、転落"
"1635","1992","平成","4","9","1~2","10t保冷車で高速道路を走行中、放置された事故車に接触し横転した。","4","運輸交通業","403","道路貨物運送業","","","10~29","2","物上げ装置、運搬機械","22","動力運搬機","","","17","交通事故（道路）"
"1636","1992","平成","4","9","7~8","寄宿舎から会社のワゴン車で工事現場へ向う途中、高速道路で中央分離帯に接触横転した。","3","建設業","302","建築工事業","","","50~99","2","物上げ装置、運搬機械","23","乗物","","","17","交通事故（道路）"
"1637","1992","平成","4","9","8~9","人力手押台車に乗り、後ろから来るバッテリー車のセグメント台車につかまり切波に向かって走行中、坑口から約140m付近で手押台車が転倒し、セグメント台車と組立済みセグメントの間に挟まれた。","3","建設業","301","土木工事業","","","10~29","3","その他の装置等","36","人力機械工具等","","","2","転倒"
"1638","1992","平成","4","9","11~12","建築工事現場で、鉄骨の錆止め塗装作業中、鉄骨上から約12m下に墜落した。","3","建設業","302","建築工事業","","","1~9","4","仮設物、建築物、構築物等","41","仮設物、建築物、構築物等","","","1","墜落、転落"
"1639","1992","平成","4","9","11~12","低圧電線の張替作業中、高さ3.3mのスレート屋根を踏み抜き墜落した。","3","建設業","303","その他の建設業","","","10~29","4","仮設物、建築物、構築物等","41","仮設物、建築物、構築物等","","","1","墜落、転落"
"1640","1992","平成","4","9","13~14","河川改修工事に使用する漁礁ブロックをパワーショベルのバケットとアームの接合部にワイヤロープを巻き付け移動作業中、運転手が1.5mの高さでバケットを停止させ運転席後方の鉄筋を取ろうとしたところ、操作レバーに体が接触してバケットが落下し、ブロックに玉掛ワイヤロープを掛けようとしていて当たった。","3","建設業","301","土木工事業","","","10~29","1","動力機械","14","建設機械等","","","6","激突され"
"1641","1992","平成","4","9","14~15","入札のため国道を乗用車で走行中、センターラインを越え、対向車と衝突した。","1","製造業","113","一般機械器具製造業","","","100~299","2","物上げ装置、運搬機械","23","乗物","","","17","交通事故（道路）"
"1642","1992","平成","4","9","15~16","私道建設工事において、ロードローラーで締め固め作業中、盛土部の路肩に寄り過ぎ、1.5m下の路外に転落し、ロードローラーの下敷きになった。","3","建設業","301","土木工事業","","","10~29","1","動力機械","14","建設機械等","","","2","転倒"
"1643","1992","平成","4","9","16~17","集金のためミニバイクで県道を走行中、信号のない交差点で対向してきた普通乗用車と衝突した。","8","商業","","","","","10~29","2","物上げ装置、運搬機械","23","乗物","","","17","交通事故（道路）"
"1644","1992","平成","4","9","19~20","ダムウェーブ(積載荷重100キログラム、揚程3.05m)で地下倉庫からビールを荷揚げ中、荷と一緒に搬器に乗って1階へ上がろうとしたところ、昇降路の囲いと搬器に挟まれた。","8","商業","","","","","10~29","2","物上げ装置、運搬機械","21","動力クレーン等","","","7","はさまれ、巻き込まれ"
"1645","1992","平成","4","9","1~2","トラックで国道を走行中、対向してきたトラックと衝突した。","4","運輸交通業","403","道路貨物運送業","","","1~9","2","物上げ装置、運搬機械","22","動力運搬機","","","17","交通事故（道路）"
"1646","1992","平成","4","9","1~2","パイプを運搬中、国道上で対向車と正面衝突した。","4","運輸交通業","403","道路貨物運送業","","","30~49","2","物上げ装置、運搬機械","22","動力運搬機","","","17","交通事故（道路）"
"1647","1992","平成","4","9","9~10","下水道管敷設のため溝(長さ20m、深さ2.7m、地上部幅1m、底部幅55センチメートル)の中で作業中、長さ6mに渡って岩盤が滑落し圧死した。","3","建設業","301","土木工事業","","","1~9","7","環境等","71","環境等","","","5","崩壊、倒壊"
"1648","1992","平成","4","9","9~10","下水道管敷設のため溝(長さ20m、深さ2.7m、地上部幅1m、底部幅55センチメートル)の中で作業中、長さ6mに渡って岩盤が滑落し圧死した。","3","建設業","301","土木工事業","","","1~9","7","環境等","71","環境等","","","5","崩壊、倒壊"
"1649","1992","平成","4","9","10~11","架線の橋脚の掘削工事において、矢板についた土の除去作業のため待機中、川で溺れた。","3","建設業","301","土木工事業","","","10~29","7","環境等","71","環境等","","","10","おぼれ"
"1650","1992","平成","4","9","10~11","屋上塔屋部で塗装作業中、転落した。","3","建設業","302","建築工事業","","","10~29","4","仮設物、建築物、構築物等","41","仮設物、建築物、構築物等","","","1","墜落、転落"
"1651","1992","平成","4","9","11~12","河川改修工事現場において、河川左岸の頂部に生コンの入ったホッパーをドラグショベルで吊り上げ打設作業中、ドラグショベルのバケットが突然動きだし、ホッパーとコンクリート壁に挟まれた。","3","建設業","301","土木工事業","","","10~29","1","動力機械","14","建設機械等","","","7","はさまれ、巻き込まれ"
"1652","1992","平成","4","9","15~16","ドラグショベルで古い水路のコンクリートパネル4枚を吊り上げ、旋回しようとしたとき、ドラグショベルが横転しその下敷きになった。","3","建設業","301","土木工事業","","","100~299","1","動力機械","14","建設機械等","","","2","転倒"
"1653","1992","平成","4","9","15~16","機械集材装置で伐採材の搬出作業中、荷の搬出連絡のため装置の運転台から離れたとき荷が逸走し、止めようと運転台に戻ろうとしたところ、逸走して立木に当たった荷が跳ね返り激突された。","6","農林業","601","農業","","","1~9","5","物質、材料","52","材料","","","6","激突され"
"1654","1992","平成","4","9","15~16","商談のため軽トラックで市道を走行中、電柱に激突した。","8","商業","","","","","100~299","2","物上げ装置、運搬機械","22","動力運搬機","","","17","交通事故（道路）"
"1655","1992","平成","4","9","16~17","自社工場内の砂利プラントで砕石運搬をするため、ホイール式トラクターショベルで作業道(幅4.5m)を通行中、作業道脇から約10m下の一般道へ転落し、外に投げ出されて機体の下敷きになった。","2","鉱業","202","土石採取業","","","10~29","1","動力機械","14","建設機械等","","","1","墜落、転落"
"1656","1992","平成","4","9","0~1","県道上で水道管埋設工事現場の交通整理中、大型トラックにはねられた。","17","その他の事業","","","","","1~9","2","物上げ装置、運搬機械","22","動力運搬機","","","17","交通事故（道路）"
"1657","1992","平成","4","9","8~9","ボイラー木屑燃料供給装置を修理するためサイロ内に入り、スコップでチップをコンベアに落とし、燃料を供給しながらボイラーを運転していたところ、ボイラーの火が木屑粉塵に着火し爆発した。","1","製造業","104","木材・木製品製造業","","","100~299","3","その他の装置等","31","圧力容器","","","14","爆発"
"1658","1992","平成","4","9","14~15","建設現場から出る残土を船で運ぶ作業のため、残土の一時貯蔵用の台船の管理をしていたが、こぼれた土を清掃中、海へ転落した。","3","建設業","301","土木工事業","","","1~9","4","仮設物、建築物、構築物等","41","仮設物、建築物、構築物等","","","10","おぼれ"
"1659","1992","平成","4","9","17~18","塗装ラインの故障場所に向う途中、建屋開口部に張られてあるネットの隙間から約10m下の別のネット上に墜落した。","1","製造業","115","輸送用機械等製造業","","","1000~9999","4","仮設物、建築物、構築物等","41","仮設物、建築物、構築物等","","","1","墜落、転落"
"1660","1992","平成","4","9","4~5","寄宿舎2階で就寝中、火事になり逃げ遅れた。","3","建設業","302","建築工事業","","","1~9","5","物質、材料","51","危険物、有害物等","","","16","火災"
"1661","1992","平成","4","9","9~10","天井クレーンで中組ブロック上に別の中組ブロックを取り付ける作業中、下のブロックに仮付けしていた鉄板が倒れ、その下敷きになった。","1","製造業","112","金属製品製造業","","","30~49","4","仮設物、建築物、構築物等","41","仮設物、建築物、構築物等","","","5","崩壊、倒壊"
"1662","1992","平成","4","9","9~10","工事現場に運んできた鉄骨柱3ピース(1ピース、2.8t)をトラック荷台から移動式クレーン(35t)で荷卸作業中、1ピースの荷卸後トラック荷台上で待機していたところ、荷台上の2ピースが荷崩れを起こし、鉄骨柱とトラックあおりの間に挟まれた。","4","運輸交通業","403","道路貨物運送業","","","10~29","5","物質、材料","52","材料","","","5","崩壊、倒壊"
"1663","1992","平成","4","9","14~15","天井クレーンでC型鋼をトラック上に移動する作業を単独で行い、クレーンを走行中、一束が崩れ、落下してきた材料の下敷きになった。","1","製造業","112","金属製品製造業","","","30~49","2","物上げ装置、運搬機械","21","動力クレーン等","","","4","飛来、落下"
"1664","1992","平成","4","9","15~16","工事現場において、ビティ足場の斜材の間から3.5m下のコンクリート土間に墜落した。","3","建設業","302","建築工事業","","","1~9","4","仮設物、建築物、構築物等","41","仮設物、建築物、構築物等","","","1","墜落、転落"
"1665","1992","平成","4","9","15~16","パッカー車後部の押込板先端にはさまっていたビニル袋を取り除こうと手で引っ張ったところ、突然テールゲートが下り、ボデーの間に挟まれた。","6","農林業","602","林業","","","10~29","2","物上げ装置、運搬機械","22","動力運搬機","","","7","はさまれ、巻き込まれ"
"1666","1992","平成","4","9","17~18","ワゴン車で配達を終え会社へ戻る途中、大型ダンプカーとすれ違った際、石がワゴン車のフロントガラスを突き破って飛び込み、助手席にいた被災者の胸部に激突した。","8","商業","","","","","10~29","2","物上げ装置、運搬機械","22","動力運搬機","","","4","飛来、落下"
"1667","1992","平成","4","9","18~19","電気炉内の未溶解スクラップを溶かすため炉を出鋼口側へ傾動中、バールでスラグエプロンに付着したスラグを除去していたところ、電気炉フロアと炉前フロアの間から約6m下のスラグピットへ転落した。","1","製造業","110","鉄鋼業","","","100~299","4","仮設物、建築物、構築物等","41","仮設物、建築物、構築物等","","","1","墜落、転落"
"1668","1992","平成","4","9","4~5","トラックで走行中、わき道から県道へ出たところ、走行してきたトラックと衝突して横転し、車外へ投げ出されたところへ別のトラックが突っ込み、そのはずみで動いた横転しているトラックの下敷きになった。","15","清掃・と畜業","","","","","10~29","2","物上げ装置、運搬機械","22","動力運搬機","","","17","交通事故（道路）"
"1669","1992","平成","4","9","9~10","市道沿いの法面の除草作業中、現場近くの資材置場からバックしてきた4tトラックにひかれた。","3","建設業","301","土木工事業","","","不明","2","物上げ装置、運搬機械","22","動力運搬機","","","17","交通事故（道路）"
"1670","1992","平成","4","9","9~10","下水道工事において、バックホウで掘削し、土止めの矢板を設けて工事を進めていたが、掘削後、底部に水が溜まったため排水用の小溝を設けていたところ、崩れてきた土砂に埋まった。","3","建設業","301","土木工事業","","","1~9","7","環境等","71","環境等","","","5","崩壊、倒壊"
"1671","1992","平成","4","9","11~12","自社の資材置場拡幅工事において、小型パワーショベルで床均し作業中、バックしてきたパワーショベルに激突された。","3","建設業","301","土木工事業","","","1~9","1","動力機械","14","建設機械等","","","6","激突され"
"1672","1992","平成","4","9","11~12","工場増築工事において、天井部分の鉄骨組立作業後、下に降りるため天井クレーンのガーター上を歩行中、約9m下に転落した。","3","建設業","302","建築工事業","","","1~9","2","物上げ装置、運搬機械","21","動力クレーン等","","","1","墜落、転落"
"1673","1992","平成","4","9","14~15","焼却炉へ焼却物を投入作業中、焼却炉のホッパーに付属の焼却物を炉内へ押し込む装置のプッシャープレートに木箱が挟まり、バールで木箱を取り除いた後ホッパー内に落ち、戻ってきたプッシャープレートに挟まれた。","1","製造業","108","化学工業","","","1~9","3","その他の装置等","39","その他の装置、設備","","","7","はさまれ、巻き込まれ"
"1674","1992","平成","4","9","16~17","伐倒木が杉の木にかかり木となり、杉の木を伐倒したところ、かかり木になっていた伐倒木に激突された。","6","農林業","601","農業","","","50~99","7","環境等","71","環境等","","","6","激突され"
"1675","1992","平成","4","9","16~17","工場内において、水タンクへこんにゃくを移す作業中、約90°Cの熱水が入っている煮沸槽に転落した。","1","製造業","101","食料品製造業","","","10~29","3","その他の装置等","34","炉窯等","","","11","高温・低温の物との接触"
"1676","1992","平成","4","9","17~18","地下1階の動物飼育室床下のし尿槽(4×4×1.5m)の写真を取るため、マンホールよりし尿槽の中に入り撮影後、マンホールから出ようとしたところ突然爆発した。","15","清掃・と畜業","","","","","10~29","5","物質、材料","51","危険物、有害物等","","","14","爆発"
"1677","1992","平成","4","9","18~19","トラックに同乗し荷の配達中、高速道路で停車していた大型トラックに衝突した。","4","運輸交通業","403","道路貨物運送業","","","10~29","2","物上げ装置、運搬機械","22","動力運搬機","","","17","交通事故（道路）"
"1678","1992","平成","4","9","5~6","高速道路の進入路で、トラックがガードレールに接触して横転した。","4","運輸交通業","403","道路貨物運送業","","","30~49","2","物上げ装置、運搬機械","22","動力運搬機","","","17","交通事故（道路）"
"1679","1992","平成","4","9","9~10","堰堤建設工事のコンクリート打設作業において、ケーブルクレーン(つり上げ荷重2.4t)にバケットを取り付けてコンクリートを運搬中、コンクリートを降ろしバケットを引き上げた際、バケットがフックから外れて落下し当たった。","3","建設業","301","土木工事業","","","1~9","2","物上げ装置、運搬機械","21","動力クレーン等","","","4","飛来、落下"
"1680","1992","平成","4","9","14~15","鉄塔の脚部掘削作業において、立坑(径約3.5m、深さ約7.5m)に入りブレーカーで側壁を掘削中、掘削箇所上部の土砂が崩壊し埋まった。","3","建設業","303","その他の建設業","","","1~9","7","環境等","71","環境等","","","5","崩壊、倒壊"
"1681","1992","平成","4","9","16~17","バックホウのバケット交換作業中、バケットの止めピンを外すためピンに当てられた金属棒をクローラクレーンのバケットで打った際、金属棒を支えてい被災者をバケットとバケットの間にはさみ込んだ。","2","鉱業","202","土石採取業","","","10~29","1","動力機械","14","建設機械等","","","7","はさまれ、巻き込まれ"
"1682","1992","平成","4","9","9~10","鉄骨造格納庫建築工事現場において、金具を取りに行くため地上38mの張出し足場から約56センチメートル下の躯体梁に乗り移ろうとして墜落した。","3","建設業","302","建築工事業","","","10~29","4","仮設物、建築物、構築物等","41","仮設物、建築物、構築物等","","","1","墜落、転落"
"1683","1992","平成","4","9","10~11","本社工場内において、荷台上の荷をワイヤロープで固定した後、荷台から降りようとしてバランスを崩し転落した。","1","製造業","115","輸送用機械等製造業","","","30~49","2","物上げ装置、運搬機械","22","動力運搬機","","","1","墜落、転落"
"1684","1992","平成","4","9","11~12","リースした資材を軽トラックで返しに行く途中、センターラインを越えてきた大型トラックに衝突された。","3","建設業","301","土木工事業","","","10~29","2","物上げ装置、運搬機械","22","動力運搬機","","","17","交通事故（道路）"
"1685","1992","平成","4","9","11~12","駅構内の架線吊架用腕金の取外し取付作業のためホームの屋根を移動中、バランスを崩して屋根のビニール製波板を踏み抜き、約4m下のホームに墜落した。","3","建設業","303","その他の建設業","","","1~9","4","仮設物、建築物、構築物等","41","仮設物、建築物、構築物等","","","1","墜落、転落"
"1686","1992","平成","4","9","11~12","国有林内でブナ立木を伐倒し退避したところ、伐倒木の枝条が別の立木の枝条にかかりながら倒れ、かかられた立木の枝条が折れて頭部を直撃した。","6","農林業","601","農業","","","1~9","7","環境等","71","環境等","","","4","飛来、落下"
"1687","1992","平成","4","9","13~14","土砂投入ホッパーに混入した異物を取り除くため、ホッパー上部のスクリーン(ごみよけ)を開け上半身をホッパー内に入れて作業中、スクリーンが下降してきてスクリーンと投入口に挟まれた。","3","建設業","301","土木工事業","","","1~9","2","物上げ装置、運搬機械","22","動力運搬機","","","7","はさまれ、巻き込まれ"
"1688","1992","平成","4","9","16~17","砂防ダム側壁の丁張り作業の準備中、堰堤建設後に埋め戻した土砂(約15~16m3)が突然崩壊し、埋まった。","3","建設業","301","土木工事業","","","10~29","7","環境等","71","環境等","","","5","崩壊、倒壊"
"1689","1992","平成","4","9","5~6","小型移動式クレーン(つり上げ荷重2.93t)で泥水タンク(1.6t)を吊り上げ積み込む作業中、クレーンが傾き、ガードレールとの間に挟まれた。","3","建設業","301","土木工事業","","","1~9","2","物上げ装置、運搬機械","21","動力クレーン等","","","7","はさまれ、巻き込まれ"
"1690","1992","平成","4","9","8~9","道路脇の崖をドラグショベルで掘削するため、高さ約25mの崖の淵からポールで掘削箇所に目印を付ける作業中、墜落した。","3","建設業","301","土木工事業","","","10~29","7","環境等","71","環境等","","","1","墜落、転落"
"1691","1992","平成","4","9","9~10","移動式クレーンの補助ジブを主ブーム先端に取り付ける作業中、固定が確実でなかったため補助ジブ(約700キログラム)が落下し、その下敷きになった。","3","建設業","302","建築工事業","","","10~29","2","物上げ装置、運搬機械","21","動力クレーン等","","","4","飛来、落下"
"1692","1992","平成","4","9","10~11","トラックで高速道路を走行中、雨のためスリップし、ガードレールに衝突して横転し、車外に投げ出された。","4","運輸交通業","403","道路貨物運送業","","","10~29","2","物上げ装置、運搬機械","22","動力運搬機","","","17","交通事故（道路）"
"1693","1992","平成","4","9","10~11","堰堤工事現場において堰堤の型わく取り外し後、出来高記録の写真撮影の準備中、土砂が崩壊して埋まった。","3","建設業","301","土木工事業","","","1~9","7","環境等","71","環境等","","","5","崩壊、倒壊"
"1694","1992","平成","4","9","11~12","土地造成工事において、ユニッククレーン(つり上げ荷重2.9t)でコンクリート製L型擁壁(約2.7t)を降ろす作業中、荷とトラックの間に挟まれた。","4","運輸交通業","403","道路貨物運送業","","","50~99","2","物上げ装置、運搬機械","21","動力クレーン等","","","7","はさまれ、巻き込まれ"
"1695","1992","平成","4","9","13~14","屋根改修工事において、バールで母屋と束を止めてあるカスガイを抜く作業中、バランスを崩して1階屋根の梁にかけ渡した足場板より3m下に墜落した。","3","建設業","302","建築工事業","","","1~9","4","仮設物、建築物、構築物等","41","仮設物、建築物、構築物等","","","1","墜落、転落"
"1696","1992","平成","4","9","14~15","電柱置場内において、電柱撤去現場より搬入した古電柱を積載型油圧クレーン(つり上げ荷重2.9t)の荷台より卸す作業中、荷台に積まれていた電柱1本が落下し激突した。","3","建設業","303","その他の建設業","","","30~49","5","物質、材料","52","材料","","","4","飛来、落下"
"1697","1992","平成","4","9","16~17","荷を取りに行くため1tフォークリフトを方向転換させる際、操縦を誤ったか又は雨でスリップし、フォークリフトとともに後向きに転落した。","5","貨物取扱業","501","陸上貨物取扱業","","","300~499","2","物上げ装置、運搬機械","22","動力運搬機","","","1","墜落、転落"
"1698","1992","平成","4","9","20~21","トラックで高速道路を走行中、追越車線封鎖のため減速した大型トラックに追突した。","4","運輸交通業","403","道路貨物運送業","","","50~99","2","物上げ装置、運搬機械","22","動力運搬機","","","17","交通事故（道路）"
"1699","1992","平成","4","9","7~8","高速道路の舗装改修工事中、路面に補修箇所の位置を明示するテープを貼っていたところ、バックしてきたスイーパー(切削屑の収集車)にひかれた。","3","建設業","301","土木工事業","","","10~29","2","物上げ装置、運搬機械","22","動力運搬機","","","7","はさまれ、巻き込まれ"
"1700","1992","平成","4","9","11~12","回収した紙屑を選別仕分け作業中、紙屑を詰めたコンテナバッグ内(高さ約40センチメートル)から転落し頭部を強打した。","8","商業","","","","","1~9","6","荷","61","荷","","","1","墜落、転落"
"1701","1992","平成","4","9","13~14","RC造6階建雑居ビル増築工事において、4階部のコンクリート打設終了直後に床が抜け落ち、コンクリートの下敷きになった。","3","建設業","302","建築工事業","","","100~299","4","仮設物、建築物、構築物等","41","仮設物、建築物、構築物等","","","5","崩壊、倒壊"
"1702","1992","平成","4","9","15~16","伐倒木の枝払い中、伐倒木を支えていた枝を払ったところ、当該伐倒木に激突された。","6","農林業","601","農業","","","1~9","7","環境等","71","環境等","","","6","激突され"
"1703","1992","平成","4","9","1~2","タクシーを運転し県道を走行中、対向車がセンターラインを越えてきて正面衝突した。","4","運輸交通業","402","道路旅客運送業","","","50~99","2","物上げ装置、運搬機械","23","乗物","","","17","交通事故（道路）"
"1704","1992","平成","4","9","8~9","工事現場近くのT字路で、鉄骨部材を積んだ4tトラックを誘導中、トラックが方向転換のためバックした際、鉄骨部材と民家のブロック塀の間に挟まれた。","17","その他の事業","","","","","100~299","2","物上げ装置、運搬機械","22","動力運搬機","","","17","交通事故（道路）"
"1705","1992","平成","4","9","10~11","屋根上のソーラーシステムの保守点検後、移動梯子を降りる途中、梯子が滑ってバランスを崩し、約1.85m下のコンクリート地面に墜落した。","3","建設業","303","その他の建設業","","","1~9","3","その他の装置等","37","用具","","","1","墜落、転落"
"1706","1992","平成","4","9","11~12","工事現場の下見後、岸壁でライトバンを方向転換させる際、車とともに転落した。","1","製造業","112","金属製品製造業","","","50~99","2","物上げ装置、運搬機械","23","乗物","","","18","交通事故（その他）"
"1707","1992","平成","4","9","12~13","ゴミの収集作業中、袋に入った丸太を収集車に投入した際、押込板とホッパーの間に丸太がはさまり、それを取り除くためテールゲートを上げ石で叩いていたところ、テールゲートが突然閉まり、ボデーとテールゲートの間に挟まれた。","15","清掃・と畜業","","","","","10~29","2","物上げ装置、運搬機械","22","動力運搬機","","","7","はさまれ、巻き込まれ"
"1708","1992","平成","4","9","13~14","コンクリート製L型擁護材にアイワイヤロープを巻き付け、ドラグショベルで吊り上げたところ、アイスプライスがほどけて吊り荷が落下し、当たった。","3","建設業","301","土木工事業","","","10~29","3","その他の装置等","37","用具","","","4","飛来、落下"
"1709","1992","平成","4","9","13~14","米(1袋30キログラム)の集荷作業中、トラックの右側アオリ上で米袋の数を数えていたところ、1.27m下の地面に墜落した。","17","その他の事業","","","","","100~299","2","物上げ装置、運搬機械","22","動力運搬機","","","1","墜落、転落"
"1710","1992","平成","4","9","14~15","配達先へ受注商品を運送中、道路左側の鉄柱に激突した。","8","商業","","","","","1~9","2","物上げ装置、運搬機械","23","乗物","","","17","交通事故（道路）"
"1711","1992","平成","4","9","14~15","砕石プラント据付工事において、コーンクラシャーのボルトの増し締め作業中、停止中のコーンクラシャーの原動機のVベルト部分に片足を掛けてボルトを締めていたところ、Vベルトが回りだして巻き込まれた。","3","建設業","303","その他の建設業","","","1~9","1","動力機械","12","動力伝導機構","","","7","はさまれ、巻き込まれ"
"1712","1992","平成","4","9","14~15","2tトラック荷台の砂をパワーショベルで掘削部に入れる作業中、運転席の窓より頭部を出していたため、窓枠とアームの間に挟まれた。(窓ガラスは外されていた)","3","建設業","301","土木工事業","","","1~9","1","動力機械","14","建設機械等","","","7","はさまれ、巻き込まれ"
"1713","1992","平成","4","9","14~15","河川災害復旧工事の準備作業として、測量の支障となる雑木を手鋸で切った際、近くにぶら下がっていたスズメバチの巣に激突し、後頭部を刺されショック死した。","3","建設業","301","土木工事業","","","10~29","7","環境等","71","環境等","","","90","その他"
"1714","1992","平成","4","9","16~17","斜面(勾配40~50度)上で風倒木(胸高直径66センチメートル、長さ18m)の根元部分を切断したところ、樹側が滑ってきて激突された。","6","農林業","601","農業","","","1~9","7","環境等","71","環境等","","","6","激突され"
"1715","1992","平成","4","9","17~18","遊園地で遊技施設(名称スクランブラー)の運転中、スクランブラーの搬器(客席部)のアームと舞台の間に挟まれた。","14","接客娯楽業","","","","","1000~9999","3","その他の装置等","39","その他の装置、設備","","","7","はさまれ、巻き込まれ"
"1716","1992","平成","4","9","不明","工場内において、3mの高さに積まれていた結束したリップ型鋼(長さ約12m)をホイストクレーンで移動させようとしたところ、積まれていたリップ型の2段目が落下した。","4","運輸交通業","403","道路貨物運送業","","","100~299","2","物上げ装置、運搬機械","21","動力クレーン等","","","4","飛来、落下"
"1717","1992","平成","4","9","1~2","運転代行業務後、帰社する途中、交差点で信号を無視して進入してきた乗用車に衝突された。","4","運輸交通業","404","その他の運輸交通業","","","10~29","2","物上げ装置、運搬機械","23","乗物","","","17","交通事故（道路）"
"1718","1992","平成","4","9","9~10","護岸工事中、工事用道路(勾配10度)上に駐車していたコンクリートミキサー車が動き出し、土手とミキサー車の間に挟まれた。","3","建設業","301","土木工事業","","","1~9","2","物上げ装置、運搬機械","22","動力運搬機","","","6","激突され"
"1719","1992","平成","4","9","11~12","産業廃棄物の焼却灰の二次処理設備の接続作業中、ふるい機(トロンメル)の受け皿を改造する採寸のためベルトコンベヤーを登り、最上部から約3.5m下のコンクリート土間に転落した。","15","清掃・と畜業","","","","","1~9","2","物上げ装置、運搬機械","22","動力運搬機","","","1","墜落、転落"
"1720","1992","平成","4","9","11~12","原油処理塔内の上段に設けられた円状のグレーチング(半円型のグレーチングを径195センチメートルの円状に合わせたもの)上で、ワイヤーメッシュの取り外し作業中、乗っている半円型のグレーチングが落下し、12m下のコンクリート床へ墜落した。","3","建設業","303","その他の建設業","","","100~299","3","その他の装置等","32","化学設備","","","1","墜落、転落"
"1721","1992","平成","4","9","13~14","コンクリート製品を型わくから外すため、床上操作式天井クレーン(つり上げ荷重2.7t)のフックを製品に掛け吊り上げたところ、型わくがバランスを崩して倒れ、その下敷きになった。","1","製造業","109","窯業土石製品製造業","","","50~99","3","その他の装置等","39","その他の装置、設備","","","5","崩壊、倒壊"
"1722","1992","平成","4","9","16~17","14階建ビル新築工事現場において、外部枠組足場の解体作業中、8階付近の足場上から約17m下の隣家の2階屋上に墜落した。(外)","3","建設業","302","建築工事業","","","30~49","4","仮設物、建築物、構築物等","41","仮設物、建築物、構築物等","","","1","墜落、転落"
"1723","1992","平成","4","9","17~18","250ccバイクで文書を配達中、国道上で右カーブを曲がりきれず、電柱に激突した。","4","運輸交通業","403","道路貨物運送業","","","1~9","2","物上げ装置、運搬機械","23","乗物","","","17","交通事故（道路）"
"1724","1992","平成","4","9","22~23","タクシーを運転中、対向してきた乗用車がセンターラインを越え、正面衝突した。","4","運輸交通業","402","道路旅客運送業","","","10~29","2","物上げ装置、運搬機械","23","乗物","","","17","交通事故（道路）"
"1725","1992","平成","4","9","1~2","冷凍食品を積み高速道路を走行中、料金所手前付近で前方車輌5台を巻き込む追突事故を起こした。","4","運輸交通業","403","道路貨物運送業","","","50~99","2","物上げ装置、運搬機械","22","動力運搬機","","","17","交通事故（道路）"
"1726","1992","平成","4","9","10~11","休憩中、鋼管足場の足場板上に仮置きしている型わく材に腰掛け、足場外側に張った養生シートにもたれたところ、シート固定のビニール紐が切れてシートが外れ、手摺の下を潜って、8.5m下の土場に墜落した。","3","建設業","302","建築工事業","","","10~29","4","仮設物、建築物、構築物等","41","仮設物、建築物、構築物等","","","1","墜落、転落"
"1727","1992","平成","4","9","11~12","木造住宅新築工事において、2階の桁と梁を緊結するためハゴ板金具取付ボルト穴を電動ドリルで加工中、バランスを崩し4.76m下のブロック塀上に墜落し、突き出ていた鉄筋が頭部に刺さった。","3","建設業","302","建築工事業","","","1~9","4","仮設物、建築物、構築物等","41","仮設物、建築物、構築物等","","","1","墜落、転落"
"1728","1992","平成","4","9","11~12","伐採した山の斜面上で、材を機械集材装置へ荷掛けして搬出中、材が頭部を直撃した。","6","農林業","601","農業","","","10~29","2","物上げ装置、運搬機械","21","動力クレーン等","","","6","激突され"
"1729","1992","平成","4","9","17~18","木造2階建屋の建方工事中、2階の梁上から足場板を1階に下ろしていたところ、梁上から土間へ墜落した。","3","建設業","302","建築工事業","","","1~9","4","仮設物、建築物、構築物等","41","仮設物、建築物、構築物等","","","1","墜落、転落"
"1730","1992","平成","4","10","0~1","タクシーで県道を走行中、対向車線にはみ出してきた軽自動車と正面衝突した。","4","運輸交通業","402","道路旅客運送業","","","100~299","2","物上げ装置、運搬機械","23","乗物","","","17","交通事故（道路）"
"1731","1992","平成","4","10","1~2","4tトラックで国道を走行中、対向車と正面衝突した。","4","運輸交通業","403","道路貨物運送業","","","10~29","2","物上げ装置、運搬機械","22","動力運搬機","","","17","交通事故（道路）"
"1732","1992","平成","4","10","5~6","積載型移動式クレーンで荷物の配送中、後方の乗用車が接触し、乗用車の運転者と話し合っているとき殴られた。","4","運輸交通業","403","道路貨物運送業","","","50~99","9","その他","92","起因物なし","","","90","その他"
"1733","1992","平成","4","10","8~9","コンクリートパイル(径50センチメートル、長さ7m、1.6t)をトレーラーから降ろす作業中、同僚が安全確認をせずコンクリートパイルを転がして降ろしたため、近くで作業をしていて下敷きになった。","3","建設業","302","建築工事業","","","1~9","5","物質、材料","52","材料","","","6","激突され"
"1734","1992","平成","4","10","9~10","機械集材装置による伐倒木の搬出作業で、原木(長さ約4m、元口直径約90センチメートル、約600キログラム)を降ろしたところ、材が回ってすでに積んであった材との間に挟まれた。","6","農林業","601","農業","","","1~9","2","物上げ装置、運搬機械","21","動力クレーン等","","","6","激突され"
"1735","1992","平成","4","10","10~11","林道改良工事において、法面の清掃及びラス(金網)張りを行っていたところ、法面上から転落した。","3","建設業","301","土木工事業","","","10~29","7","環境等","71","環境等","","","1","墜落、転落"
"1736","1992","平成","4","10","11~12","ゴミの焼却灰を埋め立てるため農業用トラクターを運転中、斜面(勾配8度)でトラクターが横転し下敷きになった。","17","その他の事業","","","","","30~49","1","動力機械","16","一般動力機械","","","2","転倒"
"1737","1992","平成","4","10","13~14","防波堤工事現場において、トラッククレーン(つり上げ荷重45t)で消波ブロック(8t)の裾付け作業中、仮置きした消波ブロックに吊り上げた消波ブロックが触れ、傾いたブロックと堤体に挟まれた。","3","建設業","301","土木工事業","","","1~9","2","物上げ装置、運搬機械","21","動力クレーン等","","","7","はさまれ、巻き込まれ"
"1738","1992","平成","4","10","13~14","LNG船のデッキ上で配管溶接工事中、ベーパーラインをTIG溶接しエアーバッグを除き、アルゴンガスを封入してあるベーパーラインの中に溶接トーチとゴムホースを持って入ったところ、酸欠症になった。","1","製造業","115","輸送用機械等製造業","","","10~29","5","物質、材料","51","危険物、有害物等","","","12","有害物等との接触"
"1739","1992","平成","4","10","14~15","雨水排水管布設のため掘削溝(長さ40m、深さ5m、上部幅6.5m、下部幅1.7m)の底で手堀中、側面の地山が高さ約5m、幅4mに渡って崩壊し埋まった。","3","建設業","301","土木工事業","","","10~29","7","環境等","71","環境等","","","5","崩壊、倒壊"
"1740","1992","平成","4","10","16~17","生コン製造プラントのコンクリートミキサー内部(径約2m、奥行約2m)を清掃作業中、ミキサーが急に動き出したため外へ出ようとしたところ、ミキサーとホッパーの間に挟まれた。","1","製造業","109","窯業土石製品製造業","","","10~29","1","動力機械","16","一般動力機械","","","7","はさまれ、巻き込まれ"
"1741","1992","平成","4","10","5~6","4tトラックで国道を走行中、緩やかな右カーブで左側壁に激突した。","4","運輸交通業","403","道路貨物運送業","","","50~99","2","物上げ装置、運搬機械","22","動力運搬機","","","17","交通事故（道路）"
"1742","1992","平成","4","10","6~7","配達のため2tトラックで国道を走行中、大型トラックがセンターラインを越えて追い越しをかけたため、正面衝突した。","1","製造業","101","食料品製造業","","","50~99","2","物上げ装置、運搬機械","22","動力運搬機","","","17","交通事故（道路）"
"1743","1992","平成","4","10","9~10","移動式クレーンで飼料をサイロに投入作業中、アウトリガーとサイロの支柱に挟まれた。","4","運輸交通業","403","道路貨物運送業","","","30~49","2","物上げ装置、運搬機械","21","動力クレーン等","","","7","はさまれ、巻き込まれ"
"1744","1992","平成","4","10","16~17","工場内において、メンテナンスに係る通常見回り業務中、インフレーションフィルム製造機のターンテーブルのリミット付近に頭部を挟まれた。","1","製造業","117","その他の製造業","","","50~99","1","動力機械","16","一般動力機械","","","7","はさまれ、巻き込まれ"
"1745","1992","平成","4","10","5~6","荷を積み4tトラックで走行中、左側に停車していた10tトラックに追突した。","4","運輸交通業","403","道路貨物運送業","","","10~29","2","物上げ装置、運搬機械","22","動力運搬機","","","17","交通事故（道路）"
"1746","1992","平成","4","10","7~8","ペイローダーを山側へ寄せるため前進と後退を繰り返していたところ、後退時に路肩部分に近づきすぎ、ペイローダーと共に約80m下に転落した。","3","建設業","301","土木工事業","","","1~9","1","動力機械","14","建設機械等","","","1","墜落、転落"
"1747","1992","平成","4","10","10~11","用地造成工事現場において、湧水処理のためのV字型溝の一部を埋め戻す作業中、パイプの目詰まり防止用に雑木を溝内に入れるため、バックホウのバケットのフックにワイヤを掛け雑木を吊り上げたところ、ワイヤが外れて木が当たった。","3","建設業","301","土木工事業","","","不明","3","その他の装置等","37","用具","","","4","飛来、落下"
"1748","1992","平成","4","10","14~15","かかり木を処理するため、かからせている立木の伐倒作業中、かかり木が頭部に落下した。","6","農林業","601","農業","","","1~9","7","環境等","71","環境等","","","4","飛来、落下"
"1749","1992","平成","4","10","2~3","10tトラックで国道を走行中、反対車線の交通事故に気を取られて減速した先行の大型車に追突した。","4","運輸交通業","403","道路貨物運送業","","","10~29","2","物上げ装置、運搬機械","22","動力運搬機","","","17","交通事故（道路）"
"1750","1992","平成","4","10","9~10","3.5tトラックで高速道路のインターチェンジ付近を走行中、対向してきた10tトラックがセンターラインを越えて衝突した。","8","商業","","","","","10~29","2","物上げ装置、運搬機械","22","動力運搬機","","","17","交通事故（道路）"
"1751","1992","平成","4","10","11~12","商品納入後、トラックで帰社する途中、カーブを曲がりきれず反対車線に飛び出し、対向してきたトラックと正面衝突した。","8","商業","","","","","1~9","2","物上げ装置、運搬機械","22","動力運搬機","","","17","交通事故（道路）"
"1752","1992","平成","4","10","14~15","山腹に設置されたコンクリート運搬用ケーブルクレーンのホッパーを仮置きする直方体(中空)荷台(1.9×2.35×1.3mで単管で組み立てられている)の下で、ホッパー底の出口から流れるコンクリートを受け取るための不整地運搬車を運転中、単管に頭部を激突した。","3","建設業","301","土木工事業","","","10~29","2","物上げ装置、運搬機械","22","動力運搬機","","","7","はさまれ、巻き込まれ"
"1753","1992","平成","4","10","15~16","作業場からワゴン車で帰社する途中、センターラインを越えてきた対向車と衝突した。","3","建設業","302","建築工事業","","","不明","2","物上げ装置、運搬機械","23","乗物","","","17","交通事故（道路）"
"1754","1992","平成","4","10","17~18","木造家屋の建方作業において、2階天井部の小屋梁上で作業中、2階北側軒桁中央継部が外側に傾いたため小屋梁のほぞが外れ、小屋梁とともに高さ約6mから墜落した。","3","建設業","302","建築工事業","","","1~9","4","仮設物、建築物、構築物等","41","仮設物、建築物、構築物等","","","1","墜落、転落"
"1755","1992","平成","4","10","19~20","取引先の駐車場内を、雨天のため傘をさして走っていたところ、動き出した自動車と衝突した。","1","製造業","117","その他の製造業","","","1~9","2","物上げ装置、運搬機械","23","乗物","","","6","激突され"
"1756","1992","平成","4","10","8~9","ゴミ埋立最終処分場において、捨土を運んできたダンプカーに後進の合図をしていたところ、当該ダンプカーに激突された。","3","建設業","301","土木工事業","","","10~29","2","物上げ装置、運搬機械","22","動力運搬機","","","6","激突され"
"1757","1992","平成","4","10","10~11","地下変電室において月例点検作業中、蓄電盤用の油遮断器付近に異音を認めたため、感電事故防止のための防護用アクリル板を外して点検していたところ、交流器の端子(6600V)に触れた。","15","清掃・と畜業","","","","","30~49","3","その他の装置等","35","電気設備","","","13","感電"
"1758","1992","平成","4","10","10~11","新築工事現場において、土留擁壁の天端上で鉄筋の穴開け作業中、休憩しようと擁壁の天端上を歩行していたところ、つまづいて墜落した。","3","建設業","302","建築工事業","","","1~9","4","仮設物、建築物、構築物等","41","仮設物、建築物、構築物等","","","1","墜落、転落"
"1759","1992","平成","4","10","12~13","堰堤建設工事現場においてコンクリート打設作業中、ケーブルクレーンのコンクリートバケット(360キログラム)を巻き上げていたところ、巻き上げワイヤが切れてバケットが約40m下の作業床に落下し、作業床上にいた被災者が跳ね飛ばされ岩盤に激突した。","3","建設業","301","土木工事業","","","10~29","2","物上げ装置、運搬機械","21","動力クレーン等","","","4","飛来、落下"
"1760","1992","平成","4","10","13~14","坑口から550m入った切羽付近において、掘削後のコンクリート吹き付け箇所を調査中、切羽の先端付近より粘板岩(80キログラム)がはがれ落ち当たった。","3","建設業","301","土木工事業","","","10~29","7","環境等","71","環境等","","","4","飛来、落下"
"1761","1992","平成","4","10","15~16","プレス加工用金属材料(コイル巻き状の帯鋼)の運搬作業中、玉掛けワイヤロープを掛けるため材料の間に木製のクサビを入れその間を広げる際、材料が崩れて倒れ、材料と材料の入っていた枠の支柱に挟まれた。","1","製造業","112","金属製品製造業","","","10~29","5","物質、材料","52","材料","","","5","崩壊、倒壊"
"1762","1992","平成","4","10","16~17","RC4階建住宅の屋根の庇部分のモルタル塗り作業中、作業床と手摺の中柵の間から抜け、約10m下の地上に墜落した。","3","建設業","302","建築工事業","","","1~9","4","仮設物、建築物、構築物等","41","仮設物、建築物、構築物等","","","1","墜落、転落"
"1763","1992","平成","4","10","8~9","コーンの刈取作業前、同僚がコーンハーベスターにオーガーを回転させチェーンに油を差していたところ、被災者がオーガーに巻き込まれた。","7","畜産・水産業","","","","","1~9","1","動力機械","16","一般動力機械","","","7","はさまれ、巻き込まれ"
"1764","1992","平成","4","10","9~10","大型草刈機で土手斜面の除草作業中、草刈機が転倒し、その下敷きになった。","3","建設業","301","土木工事業","","","1~9","1","動力機械","16","一般動力機械","","","7","はさまれ、巻き込まれ"
"1765","1992","平成","4","10","9~10","親企業工場の鉄屑処理場において、自動運転中の片脚橋形クレーンの走行用(地上)ランウエイを横断する際、当該クレーンとクレーンの緩衝装置(ストッパー)の間に挟まれた。","1","製造業","110","鉄鋼業","","","1~9","2","物上げ装置、運搬機械","21","動力クレーン等","","","7","はさまれ、巻き込まれ"
"1766","1992","平成","4","10","13~14","不燃物処理場において、ダンプ軽トラックの荷台を上げ、積荷の住宅廃材を卸していたところシャーシー下部から出火し、ダンプ荷台の下に上半身を入れ点検しようとしたとき、荷台が下がってシャシーと荷台の間に挟まれた。","3","建設業","302","建築工事業","","","1~9","2","物上げ装置、運搬機械","22","動力運搬機","","","7","はさまれ、巻き込まれ"
"1767","1992","平成","4","10","14~15","レーザー加工機でアルミ板の切抜作業中、被切断物を拾おうとしたときテーブルが移動し、テーブルと機械の間に挟まれた。","1","製造業","112","金属製品製造業","","","1~9","1","動力機械","16","一般動力機械","","","7","はさまれ、巻き込まれ"
"1768","1992","平成","4","10","14~15","バックホウでダンプカーから鋳鉄管の荷卸作業中、鋳鉄管上から地上に転落し、転がってきた別の鋳鉄管の下敷きになった。","3","建設業","301","土木工事業","","","100~299","5","物質、材料","52","材料","","","7","はさまれ、巻き込まれ"
"1769","1992","平成","4","10","16~17","鋳造作業所において、砂製鋳型(高さ1.8m、約1t)を補修する際、倒壊防止措置として使用していた角材と建設用サポートを取り除いたところ鋳型が倒壊し、近くにあった別の砂製鋳型との間に頭部を挟まれた。","1","製造業","110","鉄鋼業","","","300~499","5","物質、材料","52","材料","","","5","崩壊、倒壊"
"1770","1992","平成","4","10","6~7","10tトラックで国道を走行中、中央分離帯を乗り越え反対車線を横断し、橋の欄干を突き破って約10m下の川へ転落した。","4","運輸交通業","403","道路貨物運送業","","","10~29","2","物上げ装置、運搬機械","22","動力運搬機","","","17","交通事故（道路）"
"1771","1992","平成","4","10","9~10","国有林において、伐倒し枝払したイタヤ(胸高直径70センチメートル、14.5m)の下敷きになっていたシナの木の枝払中、シナの木を固定していた枝を切ったためシナの木が斜面下に動き、上に重なっていたイタヤがその反動で滑り激突した。","6","農林業","601","農業","","","1~9","7","環境等","71","環境等","","","6","激突され"
"1772","1992","平成","4","10","11~12","倉庫新築工事において、C型鋼の胴縁を取付作業中、約3.5mの高さから墜落した。","3","建設業","302","建築工事業","","","1~9","4","仮設物、建築物、構築物等","41","仮設物、建築物、構築物等","","","1","墜落、転落"
"1773","1992","平成","4","10","11~12","チェンソーで檜(胸高径41センチメートル、高さ20.3m)を伐倒したところ、当該檜の上部にあった檜(胸高径20センチメートル、高さ19.6m)の根が浮き、前記檜にかかった状態になっていたため倒れ、直撃した。","6","農林業","601","農業","","","30~49","7","環境等","71","環境等","","","6","激突され"
"1774","1992","平成","4","10","13~14","鳥獣保護員として車で巡視中、国道でセンターラインを越え、対向してきたセルフローダーと正面衝突した。","13","保健・衛生業","","","","","10~29","2","物上げ装置、運搬機械","23","乗物","","","17","交通事故（道路）"
"1775","1992","平成","4","10","13~14","汚泥の連続乾燥機用ホッパーに付着した汚泥を木べらで除去中、ホッパー内に転落し、撹拌羽根とスクリューコンベヤーの間に巻き込まれた。","1","製造業","116","電気・ガス・水道業","","","100~299","2","物上げ装置、運搬機械","22","動力運搬機","","","7","はさまれ、巻き込まれ"
"1776","1992","平成","4","10","16~17","雨の中、三鍬で側溝の整形作業中、地山が崩壊(幅15.9m、高さ7m、100m3)し埋まった。","3","建設業","301","土木工事業","","","1~9","7","環境等","71","環境等","","","5","崩壊、倒壊"
"1777","1992","平成","4","10","16~17","絶縁耐力加工試験器でヒートファンの漏電チェック作業中、左右の手より通電した。","1","製造業","114","電気機械器具製造業","","","10~29","3","その他の装置等","35","電気設備","","","13","感電"
"1778","1992","平成","4","10","22~23","6階建ビル屋上ベランダの鉄柵に横断幕を結び付け、幕を伝って4階警備室の窓から中に入ろうをしたところ、民家の屋根に墜落した。","17","その他の事業","","","","","500~999","4","仮設物、建築物、構築物等","41","仮設物、建築物、構築物等","","","1","墜落、転落"
"1779","1992","平成","4","10","1~2","トラックで荷を運搬中、高速道路の中央分離帯に衝突し、停車中のトラックに追突した。","4","運輸交通業","403","道路貨物運送業","","","10~29","2","物上げ装置、運搬機械","22","動力運搬機","","","17","交通事故（道路）"
"1780","1992","平成","4","10","9~10","アクリルアミドプラント精製塔内で、アクリルアミドの重合反応による詰まりを除去しようとマンホールを開けたところ、アクリルアミド等が吹き出しこれを浴びた。","3","建設業","303","その他の建設業","","","1~9","3","その他の装置等","32","化学設備","","","12","有害物等との接触"
"1781","1992","平成","4","10","11~12","AS(気中開閉器)取替に伴う接地継電気作動試験において、同僚が受電室内の断路器投入指示を行い、電話指示により電柱上AS投入を行ったが、被災者はASが投入されていることを知らず、断路器を素手で投入し感電した。","17","その他の事業","","","","","10~29","3","その他の装置等","35","電気設備","","","13","感電"
"1782","1992","平成","4","10","12~13","ゴミを一輪車で運搬中、バックしてきた4t生コンクリート車にひかれた。","1","製造業","109","窯業土石製品製造業","","","30~49","2","物上げ装置、運搬機械","22","動力運搬機","","","6","激突され"
"1783","1992","平成","4","10","13~14","舗装工事のため道路を測量中、乗用車にはねられた。","3","建設業","301","土木工事業","","","30~49","2","物上げ装置、運搬機械","23","乗物","","","17","交通事故（道路）"
"1784","1992","平成","4","10","15~16","海中に落下した船の錨を捜すため、ボンベ式潜水具により潜水作業中、上がってこないため捜したところ、海底に沈んでいた。","7","畜産・水産業","","","","","1~9","9","その他","99","分類不能","","","10","おぼれ"
"1785","1992","平成","4","10","16~17","集材作業中、伐木の枝に足を取られ斜面(勾配27度)を7.9m転落し、杉の伐倒木に頭部を強打した。","6","農林業","601","農業","","","1~9","7","環境等","71","環境等","","","1","墜落、転落"
"1786","1992","平成","4","10","16~17","木造2階建家屋の新築工事現場において屋根工事中、足を滑らせ垂木に腹部を強打した。","3","建設業","302","建築工事業","","","1~9","4","仮設物、建築物、構築物等","41","仮設物、建築物、構築物等","","","2","転倒"
"1787","1992","平成","4","10","17~18","トレーラーでタンク車を牽引して高速道路を走行中、カーブでハンドル操作を誤って横転し、ガードレールに激突して車外に放り出された。","4","運輸交通業","403","道路貨物運送業","","","50~99","2","物上げ装置、運搬機械","22","動力運搬機","","","17","交通事故（道路）"
"1788","1992","平成","4","10","4~5","作業を終え山を降りる途中、切り倒した檜の丸太を乗り越えようとしたとき、丸太が滑り出したため足を滑らせ、山の斜面と丸太に挟まれた。","6","農林業","601","農業","","","1~9","7","環境等","71","環境等","","","7","はさまれ、巻き込まれ"
"1789","1992","平成","4","10","10~11","トラクターショベルとともに崖下へ転落し、運転席から投げ出されトラクターショベルの下敷きになった。","2","鉱業","202","土石採取業","","","1~9","1","動力機械","14","建設機械等","","","1","墜落、転落"
"1790","1992","平成","4","10","不明","営業所内別棟休養所において、売上金管理のため宿泊中、強盗に襲われ頭部を鈍器で殴打された。","8","商業","","","","","1~9","9","その他","92","起因物なし","","","90","その他"
"1791","1992","平成","4","10","6~7","ライトバンで工事現場へ向う途中、センターラインを越え、路外に飛び出した。","3","建設業","301","土木工事業","","","1~9","2","物上げ装置、運搬機械","23","乗物","","","17","交通事故（道路）"
"1792","1992","平成","4","10","9~10","道路舗装現場において、振動ローラーで路肩の盛土を転圧する作業中、ローラーとともに約3.5m下の溝に転落した。","3","建設業","301","土木工事業","","","10~29","1","動力機械","14","建設機械等","","","1","墜落、転落"
"1793","1992","平成","4","10","9~10","事務所の窓の拡張工事において、窓横のブロック壁をハンマーで壊す作業中、ブロック壁が倒壊した。","3","建設業","302","建築工事業","","","10~29","4","仮設物、建築物、構築物等","41","仮設物、建築物、構築物等","","","5","崩壊、倒壊"
"1794","1992","平成","4","10","10~11","鉄骨2階建住宅の解体工事において、2階天井梁の溶断作業中、当該梁から3m下の2階コンクリート床に墜落した。","3","建設業","302","建築工事業","","","1~9","4","仮設物、建築物、構築物等","41","仮設物、建築物、構築物等","","","1","墜落、転落"
"1795","1992","平成","4","10","10~11","橋梁上部工工事において、橋台天端でPC桁据付用チェーンブロックを操作中、4.5m下に墜落した。","3","建設業","301","土木工事業","","","10~29","4","仮設物、建築物、構築物等","41","仮設物、建築物、構築物等","","","1","墜落、転落"
"1796","1992","平成","4","10","13~14","定期点検のため焼却炉内の焼却媒体熱砂を抜く作業中、熱砂に足を取られて埋まり、火傷した。","15","清掃・と畜業","","","","","1~9","3","その他の装置等","34","炉窯等","","","11","高温・低温の物との接触"
"1797","1992","平成","4","10","13~14","タンクローリーでガソリンを運搬し、帰社する途中、中央分離帯を乗り越えて反対車線に突っ込み、対向車と衝突した。","4","運輸交通業","403","道路貨物運送業","","","10~29","2","物上げ装置、運搬機械","22","動力運搬機","","","17","交通事故（道路）"
"1798","1992","平成","4","10","14~15","トラクターショベルに死んだ豚を積み埋設場所へ行く途中、下り坂の農道右側の土手に乗り上げ、横転しながら道路左側の牧草地に転落した。","7","畜産・水産業","","","","","10~29","1","動力機械","14","建設機械等","","","1","墜落、転落"
"1799","1992","平成","4","10","15~16","ライトバンで配達中、右折しようとしていた前車に衝突した。","8","商業","","","","","30~49","2","物上げ装置、運搬機械","23","乗物","","","17","交通事故（道路）"
"1800","1992","平成","4","10","15~16","市道上の信号機の移設工事を行っていた被災者が高さ約5mの電柱上で配線作業中、足を滑らせアスファルト路面上に墜落した。","3","建設業","303","その他の建設業","","","1~9","4","仮設物、建築物、構築物等","41","仮設物、建築物、構築物等","","","1","墜落、転落"
"1801","1992","平成","4","10","16~17","ビル新築工事の基礎工事作業中、現場の資材を片付けるためのフォークリフトを積載型トラッククレーン(つり上げ荷重2.9t)で運搬し吊り降ろしていたところ、クレーンが転倒し、クレーンと土留用腹おこしの間に挟まれた。","3","建設業","301","土木工事業","","","100~299","2","物上げ装置、運搬機械","21","動力クレーン等","","","6","激突され"
"1802","1992","平成","4","10","2~3","送材車付き帯のこ盤で製材中、大鋸屑吸出口が大鋸屑で詰まったため木の棒で吸出口を突いていたところ、木の棒が帯のこに触れて飛ばされ、首に刺さった。","1","製造業","104","木材・木製品製造業","","","1~9","1","動力機械","13","木材加工用機械","","","4","飛来、落下"
"1803","1992","平成","4","10","3~4","大型トラックで国道を走行中、前車の大型トラックに追突した。","4","運輸交通業","403","道路貨物運送業","","","10~29","2","物上げ装置、運搬機械","22","動力運搬機","","","17","交通事故（道路）"
"1804","1992","平成","4","10","8~9","外壁補修工事において、足場材を渡り廊下の屋根上に上げる際、受水槽の天端から屋根上へ歩み板をかけ渡して移動中、歩み板が滑って外れ、約3.2m下の地上に墜落した。","3","建設業","302","建築工事業","","","1~9","4","仮設物、建築物、構築物等","41","仮設物、建築物、構築物等","","","1","墜落、転落"
"1805","1992","平成","4","10","9~10","布団集配のためワゴン車で走行中、国道でトラックと正面衝突した。","1","製造業","117","その他の製造業","","","10~29","2","物上げ装置、運搬機械","23","乗物","","","17","交通事故（道路）"
"1806","1992","平成","4","10","10~11","個人住宅の風呂場の換気扇取付終了後、1階トタン屋根上からアルミ梯子で降りる際、梯子がずれて転落した。","3","建設業","302","建築工事業","","","1~9","3","その他の装置等","37","用具","","","1","墜落、転落"
"1807","1992","平成","4","10","11~12","山の斜面に積んでいた杉丸太上で玉掛け作業中、丸太が崩れ、丸太とともに約15m転落した。","6","農林業","601","農業","","","1~9","5","物質、材料","52","材料","","","5","崩壊、倒壊"
"1808","1992","平成","4","10","15~16","生コンを運搬後、生コン車で山道を走行中、40m下の谷底へ転落した。","4","運輸交通業","403","道路貨物運送業","","","10~29","2","物上げ装置、運搬機械","22","動力運搬機","","","17","交通事故（道路）"
"1809","1992","平成","4","10","6~7","自転車で朝刊配達中、県道交差点で軽自動車と出会い頭に衝突した。","8","商業","","","","","10~29","2","物上げ装置、運搬機械","23","乗物","","","17","交通事故（道路）"
"1810","1992","平成","4","10","10~11","橋梁型わくの角パイプを移動式クレーンで荷卸し中、クレーンのブームが高圧線(66000V)に触れ、パイプに触れていた被災者が感電した。","3","建設業","301","土木工事業","","","100~299","2","物上げ装置、運搬機械","21","動力クレーン等","","","13","感電"
"1811","1992","平成","4","10","10~11","ビル新築工事現場において、1階床上に取り付けてあったアングル材の撤去作業中、点検用ピット開口部(53×80.5センチメートル)から3.46m下のピット底に墜落した。","3","建設業","302","建築工事業","","","1~9","4","仮設物、建築物、構築物等","41","仮設物、建築物、構築物等","","","1","墜落、転落"
"1812","1992","平成","4","10","11~12","事業場内で移動式クレーンを分解作業中、上部旋回体を支持するジャッキを使わず作業したため、上部旋回体が落下した。","8","商業","","","","","10~29","2","物上げ装置、運搬機械","21","動力クレーン等","","","4","飛来、落下"
"1813","1992","平成","4","10","11~12","天井クレーン(つり上げ荷重7.5t)を運転し、H型鋼(長さ12m、2t)の運搬作業中、H型鋼を受台に載せ吊り具を外しクレーンを移動させようとしたところ、吊り具が完全に外れておらず、H型鋼が倒れて激突した。","1","製造業","113","一般機械器具製造業","","","30~49","3","その他の装置等","37","用具","","","5","崩壊、倒壊"
"1814","1992","平成","4","10","16~17","動かなくなったホッパー下のベルトコンベヤーを修理後、同僚がベルトコンベヤーのスイッチを入れた際、ベルトコンベヤーに挟まれた。","1","製造業","109","窯業土石製品製造業","","","10~29","2","物上げ装置、運搬機械","22","動力運搬機","","","7","はさまれ、巻き込まれ"
"1815","1992","平成","4","10","8~9","高速道路を走行中、追い越しして走行車線に戻ったところ、ハンドルをとられて左路肩にぶつかり、その反動で中央分離帯まで蛇行し、後続の4tトラックと衝突した。","1","製造業","114","電気機械器具製造業","","","500~999","2","物上げ装置、運搬機械","22","動力運搬機","","","17","交通事故（道路）"
"1816","1992","平成","4","10","8~9","個人住宅新築工事現場において、鋼管枠組足場上で外壁の下地処理作業中、墜落した。","3","建設業","302","建築工事業","","","1~9","4","仮設物、建築物、構築物等","41","仮設物、建築物、構築物等","","","1","墜落、転落"
"1817","1992","平成","4","10","9~10","現場で木杭を打ち込む作業中、ブルドーザーに牽引されたスクレーパーにひかれた。","3","建設業","301","土木工事業","","","1~9","1","動力機械","14","建設機械等","","","7","はさまれ、巻き込まれ"
"1818","1992","平成","4","10","10~11","3階のコンクリート打設作業中、壁型わくが外れてコンクリートが吊り足場上へ流出し、吊り足場とともに16m下へ墜落した。","3","建設業","302","建築工事業","","","50~99","4","仮設物、建築物、構築物等","41","仮設物、建築物、構築物等","","","1","墜落、転落"
"1819","1992","平成","4","10","11~12","組立工場内でリフター上部の改修作業中、高さ約6.2mから墜落した。","3","建設業","303","その他の建設業","","","1~9","4","仮設物、建築物、構築物等","41","仮設物、建築物、構築物等","","","1","墜落、転落"
"1820","1992","平成","4","10","13~14","溶銑クレーン(つり上げ荷重544.5t)のクラブ上の巻上ドラムを交換後、作業デッキ上に巻き戻してあったワイヤ(40直径)をドラムに巻き込み始めたところ乱巻きになり、ドラムを逆転して巻き戻したところ、弛んだワイヤが落下し始め、ワイヤに巻き込まれて作業デッキ上から墜落した。","1","製造業","110","鉄鋼業","","","1000~9999","2","物上げ装置、運搬機械","21","動力クレーン等","","","1","墜落、転落"
"1821","1992","平成","4","10","13~14","溶銑クレーン(つり上げ荷重544.5t)のクラブ上の巻上ドラムを交換後、作業デッキ上に巻き戻してあったワイヤ(40直径)をドラムに巻き込み始めたところ乱巻きになり、ドラムを逆転して巻き戻したところ、弛んだワイヤが落下し始め、ワイヤに巻き込まれて作業デッキ上から墜落した。","1","製造業","110","鉄鋼業","","","1000~9999","2","物上げ装置、運搬機械","21","動力クレーン等","","","1","墜落、転落"
"1822","1992","平成","4","10","14~15","工事現場からトラックで帰社途中、高速道路で雨のためスリップし、車外へ投げ出された。","3","建設業","303","その他の建設業","","","1~9","2","物上げ装置、運搬機械","22","動力運搬機","","","17","交通事故（道路）"
"1823","1992","平成","4","10","14~15","工事現場からトラックで帰社途中、高速道路で雨のためスリップし、車外へ投げ出された。","3","建設業","303","その他の建設業","","","1~9","2","物上げ装置、運搬機械","22","動力運搬機","","","17","交通事故（道路）"
"1824","1992","平成","4","10","15~16","製錬所構内で天井クレーンのガーダー歩道上の制御盤等の清掃作業中、クラブ上に移動する際、ガーダー内側の開口面から地上に墜落した。","3","建設業","303","その他の建設業","","","100~299","2","物上げ装置、運搬機械","21","動力クレーン等","","","1","墜落、転落"
"1825","1992","平成","4","10","16~17","ライトバンで得意先廻り中、右カーブから直線に入る際スリップし、対向車線にはみ出して4tトラックと正面衝突した。","8","商業","","","","","100~299","2","物上げ装置、運搬機械","23","乗物","","","17","交通事故（道路）"
"1826","1992","平成","4","10","17~18","現場から作業員を乗せ帰社する途中、左前車を追い抜こうとしたところ、その車が急に右に車線変更し、これを避けようと急ブレーキをかけてスリップし、中央分離帯に乗り上げた。","3","建設業","302","建築工事業","","","1~9","2","物上げ装置、運搬機械","23","乗物","","","17","交通事故（道路）"
"1827","1992","平成","4","10","17~18","トラックに同乗し走行中、道路上に駐車していたトレーラーの荷台からはみ出した鉄板に衝突した。","8","商業","","","","","30~49","5","物質、材料","52","材料","","","17","交通事故（道路）"
"1828","1992","平成","4","10","5~6","徒歩で新聞配達中、国道でトラックにはねられた。","8","商業","","","","","30~49","2","物上げ装置、運搬機械","22","動力運搬機","","","17","交通事故（道路）"
"1829","1992","平成","4","10","8~9","伐採した材2本を機械集材装置で搬出し土場へ下ろしていたところ、1本の材のスリングロープがフックから外れ、直撃した。","6","農林業","601","農業","","","1~9","2","物上げ装置、運搬機械","21","動力クレーン等","","","6","激突され"
"1830","1992","平成","4","10","9~10","雨水管の敷設作業において、ドラグショベルで掘った溝(幅1.8m、深さ2.4m、長さ13m)の中で丁堀り中、5mに渡って崩壊し埋まった。","3","建設業","301","土木工事業","","","1~9","7","環境等","71","環境等","","","5","崩壊、倒壊"
"1831","1992","平成","4","10","9~10","雨水管の敷設作業において、ドラグショベルで掘った溝(幅1.8m、深さ2.4m、長さ13m)の中で丁堀り中、5mに渡って崩壊し埋まった。","3","建設業","301","土木工事業","","","1~9","7","環境等","71","環境等","","","5","崩壊、倒壊"
"1832","1992","平成","4","10","10~11","木造家屋新築工事において、高さ3.5mの1階屋根の瓦下地材を張っていたところ、地面に墜落した。","3","建設業","302","建築工事業","","","10~29","4","仮設物、建築物、構築物等","41","仮設物、建築物、構築物等","","","1","墜落、転落"
"1833","1992","平成","4","10","15~16","事業場内第2油間接脱硫装置内において、熱交換器の増締め作業中、爆発した。","3","建設業","303","その他の建設業","","","10~29","3","その他の装置等","31","圧力容器","","","14","爆発"
"1834","1992","平成","4","10","15~16","事業場内第2油間接脱硫装置内において、熱交換器の増締め作業中、爆発した。","1","製造業","108","化学工業","","","500~999","3","その他の装置等","31","圧力容器","","","14","爆発"
"1835","1992","平成","4","10","15~16","事業場内第2油間接脱硫装置内において、熱交換器の増締め作業中、爆発した。","3","建設業","303","その他の建設業","","","10~29","3","その他の装置等","31","圧力容器","","","14","爆発"
"1836","1992","平成","4","10","15~16","事業場内第2油間接脱硫装置内において、熱交換器の増締め作業中、爆発した。","3","建設業","303","その他の建設業","","","30~49","3","その他の装置等","31","圧力容器","","","14","爆発"
"1837","1992","平成","4","10","15~16","事業場内第2油間接脱硫装置内において、熱交換器の増締め作業中、爆発した。","3","建設業","303","その他の建設業","","","10~29","3","その他の装置等","31","圧力容器","","","14","爆発"
"1838","1992","平成","4","10","15~16","事業場内第2油間接脱硫装置内において、熱交換器の増締め作業中、爆発した。","3","建設業","303","その他の建設業","","","30~49","3","その他の装置等","31","圧力容器","","","14","爆発"
"1839","1992","平成","4","10","15~16","事業場内第2油間接脱硫装置内において、熱交換器の増締め作業中、爆発した。","3","建設業","303","その他の建設業","","","10~29","3","その他の装置等","31","圧力容器","","","14","爆発"
"1840","1992","平成","4","10","15~16","事業場内第2油間接脱硫装置内において、熱交換器の増締め作業中、爆発した。","3","建設業","303","その他の建設業","","","30~49","3","その他の装置等","31","圧力容器","","","14","爆発"
"1841","1992","平成","4","10","15~16","事業場内第2油間接脱硫装置内において、熱交換器の増締め作業中、爆発した。","3","建設業","303","その他の建設業","","","30~49","3","その他の装置等","31","圧力容器","","","14","爆発"
"1842","1992","平成","4","10","15~16","事業場内第2油間接脱硫装置内において、熱交換器の増締め作業中、爆発した。","3","建設業","303","その他の建設業","","","30~49","3","その他の装置等","31","圧力容器","","","14","爆発"
"1843","1992","平成","4","10","16~17","はしけに薄鉄板を積み、引船に曳航され湾内を航行中、別の引船に引航されていた船と衝突し沈没した。","5","貨物取扱業","502","港湾運送業","","","1~9","2","物上げ装置、運搬機械","22","動力運搬機","","","18","交通事故（その他）"
"1844","1992","平成","4","10","17~18","自社駐車場において、ダンプのオイル漏れ点検中、運転席へのステップ上でエンジンをかけたところ、急にダンプが発進し駐車中のダンプとの間に挟まれた。","3","建設業","301","土木工事業","","","10~29","2","物上げ装置、運搬機械","22","動力運搬機","","","7","はさまれ、巻き込まれ"
"1845","1992","平成","4","10","4~5","3t冷凍トラックで荷を配送中、反対車線側の縁石を乗り越して電柱に衝突した。","4","運輸交通業","403","道路貨物運送業","","","50~99","2","物上げ装置、運搬機械","22","動力運搬機","","","17","交通事故（道路）"
"1846","1992","平成","4","10","9~10","道路工事現場での交通誘導作業中、10tトラックが誘導を無視して左折し、左後輪でひかれた。","17","その他の事業","","","","","100~299","2","物上げ装置、運搬機械","22","動力運搬機","","","17","交通事故（道路）"
"1847","1992","平成","4","10","15~16","配水管布設工事後の舗装復旧工事において、4tダンプカーを右側後方で誘導中、道路脇の擁壁に胸部を挟まれた。","3","建設業","301","土木工事業","","","1~9","2","物上げ装置、運搬機械","22","動力運搬機","","","6","激突され"
"1848","1992","平成","4","10","15~16","新築工事現場において、根切り床のコンクリート打設後、張出しベランダの施工箇所にあたる土止め矢板の背面部分を掘削し、その残土を一輪車で運搬中、足を滑らせ深さ1.8mの根切り床に墜落した。","3","建設業","302","建築工事業","","","10~29","4","仮設物、建築物、構築物等","41","仮設物、建築物、構築物等","","","1","墜落、転落"
"1849","1992","平成","4","10","6~7","トラックに同乗し荷物配送中、運転手の居眠りによりトンネルの側壁に激突した。","8","商業","","","","","100~299","2","物上げ装置、運搬機械","22","動力運搬機","","","17","交通事故（道路）"
"1850","1992","平成","4","10","8~9","ドラグショベルで段ボール箱詰め廃棄商品をキャタピラーで踏みつぶし、破砕する作業中、ヘアースプレー缶のLPGガスに引火し火災となった。","15","清掃・と畜業","","","","","30~49","5","物質、材料","51","危険物、有害物等","","","16","火災"
"1851","1992","平成","4","10","9~10","枠組足場外部にメッシュシートを取り付ける作業中、足場の階段で足を滑らせ、足場妻側に取り付けられた手摺の下より、約36m下に墜落した。","3","建設業","302","建築工事業","","","1~9","4","仮設物、建築物、構築物等","41","仮設物、建築物、構築物等","","","1","墜落、転落"
"1852","1992","平成","4","10","10~11","営業のため軽トラックで走行中、対向乗用車がスピンしながら対向車線から飛び出し、激突した。","8","商業","","","","","1~9","2","物上げ装置、運搬機械","23","乗物","","","17","交通事故（道路）"
"1853","1992","平成","4","10","12~13","滅菌用塩素を配達のためワゴン車で国道を走行中、センターラインを越え、対向車と正面衝突した。","8","商業","","","","","1~9","2","物上げ装置、運搬機械","23","乗物","","","17","交通事故（道路）"
"1854","1992","平成","4","10","13~14","木造住宅新築工事現場において墜落した。","3","建設業","302","建築工事業","","","1~9","4","仮設物、建築物、構築物等","41","仮設物、建築物、構築物等","","","1","墜落、転落"
"1855","1992","平成","4","10","14~15","工場内で作業中に同僚と口論、もみ合いになり床で頭部を強打した被災者が夜になっても帰宅せず捜したところ、ドライブイン駐車場の自家用車内で意識不明の状態で発見された。","1","製造業","109","窯業土石製品製造業","","","50~99","9","その他","92","起因物なし","","","99","分類不能"
"1856","1992","平成","4","10","14~15","10tダンプカーで積込場所へ向う途中、国道でダンプカーと正面衝突した。","8","商業","","","","","1~9","2","物上げ装置、運搬機械","22","動力運搬機","","","17","交通事故（道路）"
"1857","1992","平成","4","10","2~3","4tトラックで高速道路を走行中、6台の大型車が関連した玉突事故に巻き込まれ、前方のトラックに追突した。","4","運輸交通業","403","道路貨物運送業","","","30~49","2","物上げ装置、運搬機械","22","動力運搬機","","","17","交通事故（道路）"
"1858","1992","平成","4","10","12~13","採石所内において、石材の積み込み作業中、採石所内に突っ込んできた軽乗用車にはねられた。","2","鉱業","202","土石採取業","","","10~29","2","物上げ装置、運搬機械","23","乗物","","","6","激突され"
"1859","1992","平成","4","10","13~14","急傾斜地の擁壁とその上部の法面保護工事中、風雨が強く作業を中止して引き上げる途中、上部にあった松くい虫被害木が強風のため折れ、その一部が激突した。","3","建設業","301","土木工事業","","","1~9","7","環境等","71","環境等","","","4","飛来、落下"
"1860","1992","平成","4","10","14~15","浮ドックに設置されているジブクレーンの上部旋回体後方手摺の取替補修作業中、昇降用タラップ付近から約15m下のドック底へ転落した。","1","製造業","115","輸送用機械等製造業","","","100~299","2","物上げ装置、運搬機械","21","動力クレーン等","","","1","墜落、転落"
"1861","1992","平成","4","10","16~17","3tトラックで空段ボールの回収作業中、段ボールが運ばれてくるのをトラックのあおりに後ろ向きに座って待っていたところ、そのまま地面に墜落した。","8","商業","","","","","1~9","2","物上げ装置、運搬機械","22","動力運搬機","","","1","墜落、転落"
"1862","1992","平成","4","10","17~18","道路新設のためL型擁壁の基礎部コンクリート打設作業中、ホース内にコンクリートが詰まったためホースの取付金具を外したところ、ホースが空気圧等で跳ね上がり、胸部を直撃した。","3","建設業","301","土木工事業","","","1~9","1","動力機械","14","建設機械等","","","6","激突され"
"1863","1992","平成","4","10","6~7","50ccバイクで新聞配達中、バイクとともに約1.8mの道路下に転落した。","8","商業","","","","","10~29","2","物上げ装置、運搬機械","23","乗物","","","17","交通事故（道路）"
"1864","1992","平成","4","10","9~10","住宅の解体作業中、トタン屋根を剥しているとき屋根上を滑り、約3.7m下の地上へ墜落した。","3","建設業","302","建築工事業","","","1~9","4","仮設物、建築物、構築物等","41","仮設物、建築物、構築物等","","","1","墜落、転落"
"1865","1992","平成","4","10","9~10","事業場の鹿園内で、清掃等のため柵内に入ったところ、雄鹿に角で刺された。","14","接客娯楽業","","","","","1~9","7","環境等","71","環境等","","","6","激突され"
"1866","1992","平成","4","10","9~10","鉄塔立替工事現場において、鉄塔基礎部分の掘削作業中、クラムシェルを後進させたところ突然前方に転倒し、運転席とライナープレートの間に挟まれた。","3","建設業","302","建築工事業","","","1~9","1","動力機械","14","建設機械等","","","2","転倒"
"1867","1992","平成","4","10","10~11","立体駐車場新築工事において、天井鉄骨にウインチ滑車の取付作業中、鉄骨上から足を踏み外し、高さ30mから墜落した。","3","建設業","302","建築工事業","","","1~9","4","仮設物、建築物、構築物等","41","仮設物、建築物、構築物等","","","1","墜落、転落"
"1868","1992","平成","4","10","11~12","道路法面(コンクリート吹付部)にロックネットを張るため周辺雑木を伐採中、伐倒木(5.8m)を道路上に落としたところ、法面のコンクリートに当たってバウンドし、別の作業をしていた被災者に当たった。","3","建設業","301","土木工事業","","","1~9","7","環境等","71","環境等","","","4","飛来、落下"
"1869","1992","平成","4","10","12~13","商品仕入のため高速道路を走行中、インター付近で車がスピンし、ガードレール等に衝突して車外に投げ出された。","8","商業","","","","","1~9","2","物上げ装置、運搬機械","23","乗物","","","17","交通事故（道路）"
"1870","1992","平成","4","10","13~14","トレーラーから鉄骨を降ろす作業中、同僚が鉄骨上で玉掛けしていたところ、鉄骨1本が落下し当たった。","3","建設業","302","建築工事業","","","30~49","6","荷","61","荷","","","4","飛来、落下"
"1871","1992","平成","4","10","13~14","河川ダム工事の地質調査のため、発破作業後の破砕した岩盤の「ずり取り」作業中、岩肌が崩れ岩塊(2t)が落下した。","3","建設業","301","土木工事業","","","1~9","7","環境等","71","環境等","","","4","飛来、落下"
"1872","1992","平成","4","10","13~14","施盤でベルト用プーリーを加工中、チャックのつめがチャックから5.5センチメートル突き出ていたため袖がつめに引っかかり、チャックに巻き込まれた。","1","製造業","112","金属製品製造業","","","1~9","1","動力機械","16","一般動力機械","","","7","はさまれ、巻き込まれ"
"1873","1992","平成","4","10","13~14","病院の構内通路を歩行中、車庫からバックしてきた乗用車と接触し、転倒して頭部を強打した。","13","保健・衛生業","","","","","100~299","2","物上げ装置、運搬機械","23","乗物","","","6","激突され"
"1874","1992","平成","4","10","15~16","廃材処理場において、ダンプカーで運んできた廃材の荷降ろし作業中、ダンプカー後部とショベルカーのバケット部に挟まれた。","4","運輸交通業","403","道路貨物運送業","","","30~49","1","動力機械","14","建設機械等","","","7","はさまれ、巻き込まれ"
"1875","1992","平成","4","10","3~4","自転車で新聞配達中、国道を横断しているとき、トラックにはねられた。","8","商業","","","","","10~29","2","物上げ装置、運搬機械","22","動力運搬機","","","17","交通事故（道路）"
"1876","1992","平成","4","10","8~9","工場敷地内で、修理のため持ち込まれた4t清掃車の下に潜って作業中、それに気付かなかった同僚が清掃車を移動させたため、ひかれた。","1","製造業","117","その他の製造業","","","1~9","2","物上げ装置、運搬機械","22","動力運搬機","","","7","はさまれ、巻き込まれ"
"1877","1992","平成","4","10","8~9","砂防工事現場に生コンクリートを運搬し、コンクリートミキサー車を停車させ車を離れたところ、車が動き出し、止めようと車に飛び乗ろうとした際、車が横転して下敷きになった。","1","製造業","109","窯業土石製品製造業","","","10~29","2","物上げ装置、運搬機械","22","動力運搬機","","","6","激突され"
"1878","1992","平成","4","10","10~11","工場新築工事現場で型わくのセパレータ溶接中、蜂に刺された。","3","建設業","302","建築工事業","","","10~29","7","環境等","71","環境等","","","90","その他"
"1879","1992","平成","4","10","11~12","工場内のテンションレベラー(アルミのホットコイルに両側から力を加え弛みをなくす機械)のライン上の第7ロールと第8ロール間の横で、コイルの張り具合を見ていたところ、当該ロールに手から巻き込まれた。","1","製造業","111","非鉄金属製造業","","","50~99","1","動力機械","16","一般動力機械","","","7","はさまれ、巻き込まれ"
"1880","1992","平成","4","10","16~17","大型コンクリートミキサー車で生コンクリート搬入後、事業場へ戻る途中の道路上で、ミキサー車後部のミキサータンクの回転部に巻き込まれた。","1","製造業","109","窯業土石製品製造業","","","10~29","2","物上げ装置、運搬機械","22","動力運搬機","","","7","はさまれ、巻き込まれ"
"1881","1992","平成","4","10","16~17","掘削区間の土止め用鋼板の設置作業中、鋼板を仮止めしていたパイプサポートを外したところ、鋼板が倒れてきた。","3","建設業","301","土木工事業","","","10~29","4","仮設物、建築物、構築物等","41","仮設物、建築物、構築物等","","","5","崩壊、倒壊"
"1882","1992","平成","4","10","0~1","荷を運送後、4tトラックで帰社する途中、国道右側のブロック塀に激突した。","4","運輸交通業","403","道路貨物運送業","","","30~49","2","物上げ装置、運搬機械","22","動力運搬機","","","17","交通事故（道路）"
"1883","1992","平成","4","10","9~10","クレーン付4tトラックにパルプ材を積み林道を走行中、対向車とすれ違うためトラックをバックさせたところ、路肩が軟弱で右側(谷)へ横転し、右側ドアから脱出し前方へ逃げたが、クレーンのブームと地面の間に挟まれた。","6","農林業","601","農業","","","10~29","2","物上げ装置、運搬機械","22","動力運搬機","","","17","交通事故（道路）"
"1884","1992","平成","4","10","10~11","アルミ梯子上で枝葉の剪定作業中、梯子から約1m下の地面に墜落し、境界の縁石に頭部を打った。","3","建設業","301","土木工事業","","","30~49","3","その他の装置等","37","用具","","","1","墜落、転落"
"1885","1992","平成","4","10","10~11","休憩時刻になっても姿が見えず捜索したところ、倒木の下敷きになっていた。","6","農林業","601","農業","","","30~49","7","環境等","71","環境等","","","5","崩壊、倒壊"
"1886","1992","平成","4","10","14~15","無線式12t天井クレーンで吊った状態で、建築用コンクリート杭の鉄製型わく(3t)のボルト締めを床上の作業台で行っていたところ、クレーンが突然走行しはじめ、これに押されて別の型わくとの間に挟まれた。","1","製造業","109","窯業土石製品製造業","","","50~99","2","物上げ装置、運搬機械","21","動力クレーン等","","","7","はさまれ、巻き込まれ"
"1887","1992","平成","4","10","16~17","建築用角材を製造中、ギャングソーに材を手押してかけたところ、材が反発して腹部に激突した。","1","製造業","104","木材・木製品製造業","","","30~49","1","動力機械","13","木材加工用機械","","","4","飛来、落下"
"1888","1992","平成","4","10","18~19","煮沸槽(100°C以上のリン酸硫酸混合液)の保温用に浮かべてある玉(径4センチメートル)を柄杓で均していたところ、槽内に転落した。","1","製造業","110","鉄鋼業","","","50~99","3","その他の装置等","34","炉窯等","","","11","高温・低温の物との接触"
"1889","1992","平成","4","10","11~12","200t油圧プレス機械で絞り加工中、被加工物に傷が付くので作業を中断し、下型を砥石で磨くため上半身を金型間に入れた際、足がフートスイッチに接触し、スライドが下降して金型との間に挟まれた。","1","製造業","112","金属製品製造業","","","50~99","1","動力機械","16","一般動力機械","","","7","はさまれ、巻き込まれ"
"1890","1992","平成","4","10","12~13","トレーラーに杭打機を積載し現場から自社重機置場へ移送中、踏切でスパーン線にかかり、これを外すためトレーラーの運転席の屋根に登ったところ、高圧架線からの放電により感電した。","3","建設業","301","土木工事業","","","10~29","3","その他の装置等","35","電気設備","","","13","感電"
"1891","1992","平成","4","10","15~16","事業場内2階の休憩室から1階作業所へ階段を降りる途中、転落した。","8","商業","","","","","10~29","4","仮設物、建築物、構築物等","41","仮設物、建築物、構築物等","","","1","墜落、転落"
"1892","1992","平成","4","10","19~20","工場の1階から2階へ荷を上げるリフターのフォーク部と2階床面の間に首を挟まれた。","1","製造業","101","食料品製造業","","","100~299","2","物上げ装置、運搬機械","22","動力運搬機","","","7","はさまれ、巻き込まれ"
"1893","1992","平成","4","10","0~1","客の乗用車を届ける途中、県道で乗用車と衝突した。","4","運輸交通業","404","その他の運輸交通業","","","10~29","2","物上げ装置、運搬機械","23","乗物","","","17","交通事故（道路）"
"1894","1992","平成","4","10","8~9","ブラケット一側足場で外周養成シートのかさ上げ作業中、約3m下のベランダ部に墜落した。","3","建設業","302","建築工事業","","","10~29","4","仮設物、建築物、構築物等","41","仮設物、建築物、構築物等","","","1","墜落、転落"
"1895","1992","平成","4","10","10~11","エレベータ据付工事において、能力試験のための荷重(1.01t)を積載型移動式クレーン(つり上げ荷重0.995t)でトラックの荷台から下ろそうと旋回したところ、過荷重のためトラックが操作側に傾き、荷台と地上にある荷との間に挟まれた。","3","建設業","303","その他の建設業","","","300~499","2","物上げ装置、運搬機械","21","動力クレーン等","","","7","はさまれ、巻き込まれ"
"1896","1992","平成","4","10","15~16","木造2階建新築工事現場において、母屋を伝って下へ降りようとした際、足を踏み外し、約3.6m下のコンクリート床面に墜落した。","3","建設業","302","建築工事業","","","1~9","4","仮設物、建築物、構築物等","41","仮設物、建築物、構築物等","","","1","墜落、転落"
"1897","1992","平成","4","10","9~10","ブランコに乗りビルの8階付近で窓ガラスを清掃作業中、主ロープが外れ、ブランコとともに路上に墜落した。","15","清掃・と畜業","","","","","1~9","3","その他の装置等","37","用具","","","1","墜落、転落"
"1898","1992","平成","4","10","9~10","県道上において、移動式クレーン(つり上げ荷重2.93t)で発電機(2.54t)を道路端に降ろす作業中、クレーンが転倒し、その下敷きになった。","4","運輸交通業","403","道路貨物運送業","","","10~29","2","物上げ装置、運搬機械","21","動力クレーン等","","","6","激突され"
"1899","1992","平成","4","10","11~12","1tトラックで広域農道を走行中、交差点内で一時停止せずに進入してきた11ダンプカーに衝突した。","8","商業","","","","","30~49","2","物上げ装置、運搬機械","22","動力運搬機","","","17","交通事故（道路）"
"1900","1992","平成","4","10","11~12","木工施盤でバルブ鋳物用木型(約60キログラム)を回転させながらのみで削っていたところ、木型が接着部で2個に分かれて回転部から外れ、頭部を直撃した。(主軸固定装置不使用)","1","製造業","104","木材・木製品製造業","","","1~9","1","動力機械","13","木材加工用機械","","","4","飛来、落下"
"1901","1992","平成","4","10","11~12","コンクリート製電柱を建てる作業中、上端部が傾いていたため建柱車で横に引っ張り直立させたところ、電柱が根元から折れ、建柱車を操作していた被災者に激突した。","3","建設業","303","その他の建設業","","","1~9","1","動力機械","14","建設機械等","","","6","激突され"
"1902","1992","平成","4","10","13~14","原料の砂を一時保管するコルゲートサイロ(径4.5m、高さ7.7m、砂ビン)内にスコップを落とし、取り出そうとサイロ内に入ったとき、堆積していた砂が崩れた。","1","製造業","109","窯業土石製品製造業","","","30~49","4","仮設物、建築物、構築物等","41","仮設物、建築物、構築物等","","","1","墜落、転落"
"1903","1992","平成","4","10","16~17","国道で舗装工事の交通整理中、大型トラックにはねられた。","17","その他の事業","","","","","10~29","2","物上げ装置、運搬機械","22","動力運搬機","","","17","交通事故（道路）"
"1904","1992","平成","4","10","6~7","バイクで新聞配達中、道路を横断しようとして走行してきた普通トラックと衝突した。","8","商業","","","","","10~29","2","物上げ装置、運搬機械","23","乗物","","","17","交通事故（道路）"
"1905","1992","平成","4","10","12~13","民有林の間伐作業において枝払い作業中、かかり木が倒れて直撃した。","6","農林業","601","農業","","","10~29","7","環境等","71","環境等","","","5","崩壊、倒壊"
"1906","1992","平成","4","10","17~18","川岸の道路拡張作業中、掘削した土砂の上をドラグショベルで走行したところ、足元の仮設土止め柵が崩れ、ドラグショベルとともに約10m下の川へ転落した。","3","建設業","301","土木工事業","","","1~9","1","動力機械","14","建設機械等","","","1","墜落、転落"
"1907","1992","平成","4","10","20~21","杭打船内において、作業後、船舶の宿泊設備を利用して船内に滞在中、海中に転落し溺れた。","3","建設業","301","土木工事業","","","10~29","1","動力機械","14","建設機械等","","","10","おぼれ"
"1908","1992","平成","4","10","6~7","11tダンプカーで骨材プラントに砂利等を採りに行く途中、緩いカーブでダンプカーの左前車輪を側溝に落とし、川に転落して土留石垣に激突した。","1","製造業","109","窯業土石製品製造業","","","10~29","2","物上げ装置、運搬機械","22","動力運搬機","","","17","交通事故（道路）"
"1909","1992","平成","4","10","9~10","博覧会用建屋のトラス解体作業において、高さ6mの所にあるボルトを緩めるためパイプを登っていたところ、3mの地点で足を滑らせコンクリート床面に墜落した。","3","建設業","302","建築工事業","","","1~9","4","仮設物、建築物、構築物等","41","仮設物、建築物、構築物等","","","1","墜落、転落"
"1910","1992","平成","4","10","9~10","7階客用エレベータピット内において、足場板を撤去する際、7階躯体の床からピット内の3階に張られた墜落防止用ネット上に墜落した。","3","建設業","302","建築工事業","","","10~29","4","仮設物、建築物、構築物等","41","仮設物、建築物、構築物等","","","1","墜落、転落"
"1911","1992","平成","4","10","9~10","いくら詰め作業で出たゴミを国道をはさんだ向い側のゴミ捨場へ運ぶため国道を横断中、トラックにはねられた。","1","製造業","101","食料品製造業","","","30~49","2","物上げ装置、運搬機械","22","動力運搬機","","","17","交通事故（道路）"
"1912","1992","平成","4","10","9~10","重力式擁壁工事の足場解体中、足場より約3.6m下のコンクリート面に墜落した。","3","建設業","301","土木工事業","","","1~9","4","仮設物、建築物、構築物等","41","仮設物、建築物、構築物等","","","1","墜落、転落"
"1913","1992","平成","4","10","13~14","ビルの3階ベランダで清掃作業中、手摺と床の間(75センチメートル)から墜落した。","15","清掃・と畜業","","","","","50~99","4","仮設物、建築物、構築物等","41","仮設物、建築物、構築物等","","","1","墜落、転落"
"1914","1992","平成","4","10","15~16","木建工事において、地組みした合掌(高さ1.6m、約300キログラム)を横に倒すため支えを外そうとしたとき、合掌が倒れ下敷きになった。","3","建設業","302","建築工事業","","","1~9","4","仮設物、建築物、構築物等","41","仮設物、建築物、構築物等","","","5","崩壊、倒壊"
"1915","1992","平成","4","10","16~17","ドラグショベルのバケットのフックに吊り下げた生コン投入バケットが落下し、その下敷きになった。","3","建設業","301","土木工事業","","","1~9","1","動力機械","14","建設機械等","","","4","飛来、落下"
"1916","1992","平成","4","10","17~18","作業場構内において、はい上ではいにビニルシートを掛ける作業中、墜落した。","1","製造業","117","その他の製造業","","","10~29","6","荷","61","荷","","","1","墜落、転落"
"1917","1992","平成","4","10","19~20","素材乾燥室内において、素材の乾燥終了後、素材に巻いた電極バンドのリード線のクリップを外す作業中、充電電路に触れた。","1","製造業","109","窯業土石製品製造業","","","1000~9999","3","その他の装置等","34","炉窯等","","","13","感電"
"1918","1992","平成","4","10","22~23","出張先からライトバンで帰社する途中、国道で大型トラックと正面衝突した。","8","商業","","","","","30~49","2","物上げ装置、運搬機械","23","乗物","","","17","交通事故（道路）"
"1919","1992","平成","4","10","9~10","駅ホームの修繕作業中、トイレから作業現場に線路を横断して戻る際、列車にはねられた。","3","建設業","301","土木工事業","","","1~9","2","物上げ装置、運搬機械","23","乗物","","","18","交通事故（その他）"
"1920","1992","平成","4","10","10~11","トラックからフォークリフトで荷卸し作業中、トラックが前進したためフォークリフトのフォークがトラックのあおりに引っかかり、フォークリフトが横転してヘッドガードの下敷きになった。","1","製造業","101","食料品製造業","","","100~299","2","物上げ装置、運搬機械","22","動力運搬機","","","2","転倒"
"1921","1992","平成","4","10","13~14","荷を積んだ2tトラックで現場から路上に出たところ、普通乗用車と衝突して横転した。","8","商業","","","","","10~29","2","物上げ装置、運搬機械","22","動力運搬機","","","17","交通事故（道路）"
"1922","1992","平成","4","10","15~16","自動送材車式帯のこ盤で木材の加工作業中、原木の方向転換をするための送材機の腕を降ろしたため、挟まれた。","1","製造業","104","木材・木製品製造業","","","1~9","2","物上げ装置、運搬機械","22","動力運搬機","","","7","はさまれ、巻き込まれ"
"1923","1992","平成","4","10","9~10","2tトラックで舗装用合材を運搬中、センターラインを越えて対向車線の信号機に激突し、トラックが横転した。","4","運輸交通業","403","道路貨物運送業","","","10~29","2","物上げ装置、運搬機械","22","動力運搬機","","","17","交通事故（道路）"
"1924","1992","平成","4","10","9~10","空荷の3t保冷車で事業場へ戻る途中、県道交差点で横から来たトラックと出会い頭に衝突した。","4","運輸交通業","403","道路貨物運送業","","","30~49","2","物上げ装置、運搬機械","22","動力運搬機","","","17","交通事故（道路）"
"1925","1992","平成","4","10","10~11","トラックで県道を走行中、センターラインをはみ出し、対抗してきた大型トラックと正面衝突した。","4","運輸交通業","403","道路貨物運送業","","","1~9","2","物上げ装置、運搬機械","22","動力運搬機","","","17","交通事故（道路）"
"1926","1992","平成","4","10","11~12","国道の舗装補修工事現場において、路肩のかこ上げ作業後、次区間のかさ上げをするため道路上をダンプカーとトラックの順に後進中、ダンプカーとトラックの間に入ってきてトラックにひかれた。","3","建設業","301","土木工事業","","","1~9","2","物上げ装置、運搬機械","22","動力運搬機","","","17","交通事故（道路）"
"1927","1992","平成","4","10","13~14","溶接作業中、同僚が地上で積載型トラッククレーンの起動スイッチを入れたところトラッククレーンが急発進(ギアは前進、サイドブレーキは解除状態)し、激突された。","3","建設業","301","土木工事業","","","10~29","2","物上げ装置、運搬機械","21","動力クレーン等","","","6","激突され"
"1928","1992","平成","4","10","14~15","2階建木造住宅外装工事において、足場上で既存モルタル壁をバールを使って解体中、墜落した。","3","建設業","302","建築工事業","","","1~9","4","仮設物、建築物、構築物等","41","仮設物、建築物、構築物等","","","1","墜落、転落"
"1929","1992","平成","4","10","14~15","機材センター内においてフォークリフトで資材運搬中、フォークリフトが横転し、フォークリフトと地面の間に挟まれた。","1","製造業","112","金属製品製造業","","","10~29","2","物上げ装置、運搬機械","22","動力運搬機","","","2","転倒"
"1930","1992","平成","4","10","16~17","周囲の鋼矢板とその内側のコンクリート壁の間に土砂を埋め戻すため、クレーンでホッパーを吊り上げ切梁場に据え付ける作業中、腹おこし上でホッパーの据付位置を調整していたところ、墜落した。","3","建設業","301","土木工事業","","","1~9","4","仮設物、建築物、構築物等","41","仮設物、建築物、構築物等","","","1","墜落、転落"
"1931","1992","平成","4","10","16~17","深さ約3mに掘削した底部に鋳鉄管を埋設する作業中、掘削面の一部が崩壊した。","3","建設業","301","土木工事業","","","1~9","7","環境等","71","環境等","","","5","崩壊、倒壊"
"1932","1992","平成","4","10","16~17","コンクリート電柱上(高さ13m)で作業後、降りようとして墜落し、高所作業車の荷台部分に激突した。","3","建設業","303","その他の建設業","","","10~29","3","その他の装置等","35","電気設備","","","1","墜落、転落"
"1933","1992","平成","4","10","17~18","現場から帰社する途中、交差点で右折のため車両通過待ち中の大型ダンプカーに追突した。","3","建設業","301","土木工事業","","","10~29","2","物上げ装置、運搬機械","22","動力運搬機","","","17","交通事故（道路）"
"1934","1992","平成","4","11","17~18","雑踏警備を終えライトバンで帰社途中、故障で駐車中のトラックに追突した。","17","その他の事業","","","","","30~49","2","物上げ装置、運搬機械","22","動力運搬機","","","17","交通事故（道路）"
"1935","1992","平成","4","11","10~11","傾斜地上でバッテリーの上がったトラクターショベルへフォークリフトから充電していたところ、フォークリフトが逸走し、ブースタケーブルを押さえていてフォークリフトと柵の間に挟まれた。","1","製造業","111","非鉄金属製造業","","","50~99","2","物上げ装置、運搬機械","22","動力運搬機","","","6","激突され"
"1936","1992","平成","4","11","10~11","プラスチック容器製造用成形機の型替え後、微調整をするため型締ユニット部のカバーを外していたところ、型締ユニットの作動範囲内に身を乗り出したため、型締ユニットブロックと成形装置本体フレームの間に挟まれた。","1","製造業","108","化学工業","","","100~299","1","動力機械","16","一般動力機械","","","7","はさまれ、巻き込まれ"
"1937","1992","平成","4","11","13~14","明り掘削した下水管敷設溝(幅1m、深さ2.5m、長さ13.5m)の床付け作業中、擁壁が崩落し、土砂に埋まった。","3","建設業","302","建築工事業","","","1~9","7","環境等","71","環境等","","","5","崩壊、倒壊"
"1938","1992","平成","4","11","15~16","混合釜で原料と溶剤等を混合中、釜からエタノール蒸気が漏れ、これに何らかの理由で引火し爆発した。","1","製造業","108","化学工業","","","50~99","5","物質、材料","51","危険物、有害物等","","","14","爆発"
"1939","1992","平成","4","11","16~17","仮設屋根の解体作業において、外部枠組足場上を移動中、5.4m下の地面に墜落した。","3","建設業","302","建築工事業","","","10~29","4","仮設物、建築物、構築物等","41","仮設物、建築物、構築物等","","","1","墜落、転落"
"1940","1992","平成","4","11","17~18","路面にこぼれ落ちた土砂をスコップ等で路面の端方向へ押しやる作業中、軽自動車が飛び込んで来て激突された。","3","建設業","301","土木工事業","","","10~29","2","物上げ装置、運搬機械","23","乗物","","","17","交通事故（道路）"
"1941","1992","平成","4","11","17~18","乗用車で銀行の現金自動支払機の障害対応のための待機に向う途中、センターラインを越え、2tダンプカーと正面衝突した。","17","その他の事業","","","","","30~49","2","物上げ装置、運搬機械","23","乗物","","","17","交通事故（道路）"
"1942","1992","平成","4","11","9~10","事業場内で10tトラックをジャッキアップし、車体の下でオイル交換及びグリスアップ作業中、ジャッキが外れて車体が落下し、後輪に挟まれた。","4","運輸交通業","403","道路貨物運送業","","","1~9","2","物上げ装置、運搬機械","22","動力運搬機","","","7","はさまれ、巻き込まれ"
"1943","1992","平成","4","11","9~10","木造2階建新築工事現場において、軒げた上で小屋ばりの取付作業中、約3.7m下のコンクリート床面に墜落した。","3","建設業","302","建築工事業","","","10~29","4","仮設物、建築物、構築物等","41","仮設物、建築物、構築物等","","","1","墜落、転落"
"1944","1992","平成","4","11","15~16","整地作業終了後、ブルドーザーを道路に移すため段差(約50センチメートル)を越えようとしたところ、ブルドーザーが直立して運転席から転落し、ヘッドガードの下敷きになった。","2","鉱業","202","土石採取業","","","50~99","1","動力機械","14","建設機械等","","","2","転倒"
"1945","1992","平成","4","11","1~2","鍛造工場内の2tハンマーのラインで、トリミングプレスに材料の供給不具合が生じ、前工程のフォージングロールで材料をはしで抜き出そうとして、ロールに巻き込まれた。","1","製造業","115","輸送用機械等製造業","","","100~299","1","動力機械","16","一般動力機械","","","7","はさまれ、巻き込まれ"
"1946","1992","平成","4","11","5~6","アルミ素材工場内において、炉のバーナーの一部が失火していたためトーチ(ブタンガスによる点火装置)で点火したところ、着火確認の窓(15センチメートル四方)から炎とバーナーの燃料である灯油が吹き出し、火傷を負った。","1","製造業","111","非鉄金属製造業","","","500~999","3","その他の装置等","34","炉窯等","","","11","高温・低温の物との接触"
"1947","1992","平成","4","11","6~7","底引き網漁で、漁船から漁網を海中へ投下する際、漁網に足を取られて海中に転落した。","7","畜産・水産業","","","","","1~9","3","その他の装置等","37","用具","","","10","おぼれ"
"1948","1992","平成","4","11","10~11","根が浮いたかかり木(胸高直径22.5センチメートル)を伐倒した際、その木が跳ねて当たった。","6","農林業","601","農業","","","10~29","7","環境等","71","環境等","","","6","激突され"
"1949","1992","平成","4","11","15~16","道路上で高所作業車に乗り、高圧線の支障木を上の方からチェンソーで段切り作業中、段切りした幹(径18センチメートル、長さ1.9m、35キログラム)が高さ約10mから作業車の下にいた被災者に落下した。","3","建設業","303","その他の建設業","","","30~49","7","環境等","71","環境等","","","4","飛来、落下"
"1950","1992","平成","4","11","17~18","足場の手直し作業中、足場上から約3.1m下のコンクリート上へ墜落した。","3","建設業","302","建築工事業","","","1~9","4","仮設物、建築物、構築物等","41","仮設物、建築物、構築物等","","","1","墜落、転落"
"1951","1992","平成","4","11","5~6","10tトラックで国道を走行中、建設機材を積み走行中の対向車(トラック)に接触し、対向車の荷掛け用ワイヤロープが切断し、建設機材が落下し直撃した。","4","運輸交通業","403","道路貨物運送業","","","1~9","2","物上げ装置、運搬機械","22","動力運搬機","","","17","交通事故（道路）"
"1952","1992","平成","4","11","9~10","マンション新築工事現場において、ロングスパン工事用エレベータで資材の荷揚げ作業中、エレベータを荷揚げステージに停止させず、途中の足場作業床から荷の取り込みをしていて足場から墜落した。","3","建設業","302","建築工事業","","","1~9","4","仮設物、建築物、構築物等","41","仮設物、建築物、構築物等","","","1","墜落、転落"
"1953","1992","平成","4","11","15~16","塵芥車の荷台から回収した自転車を卸す際、自転車の荷台紐掛けが作業着に引っかかり、自転車もろとも2.1m下の地面に墜落した。","8","商業","","","","","10~29","2","物上げ装置、運搬機械","22","動力運搬機","","","1","墜落、転落"
"1954","1992","平成","4","11","15~16","SRC造7階建ビル工事現場において、7階で型わく組み作業中、休憩時間に4階付近の踊り場から仮設トイレのある足場に乗り移ろうとして墜落した。","3","建設業","302","建築工事業","","","10~29","4","仮設物、建築物、構築物等","41","仮設物、建築物、構築物等","","","1","墜落、転落"
"1955","1992","平成","4","11","5~6","トラックで高速道路を走行中、事故のため道を塞いでいた大型車両に追突した。","4","運輸交通業","403","道路貨物運送業","","","10~29","2","物上げ装置、運搬機械","22","動力運搬機","","","17","交通事故（道路）"
"1956","1992","平成","4","11","7~8","タイヤローラ(3.5t)で舗装箇所に向う途中、路肩に寄りすぎ2m下の茶畑に転落し、その下敷きになった。","3","建設業","301","土木工事業","","","10~29","1","動力機械","14","建設機械等","","","1","墜落、転落"
"1957","1992","平成","4","11","11~12","2tトラックで荷を運搬後、帰社途中の信号機の無い交差点で、左から来た建柱車と衝突した。","8","商業","","","","","1~9","2","物上げ装置、運搬機械","22","動力運搬機","","","17","交通事故（道路）"
"1958","1992","平成","4","11","15~16","個人住宅2階の窓付近でエアコンの取付中、窓の手摺が外れ、地上へ墜落した。","3","建設業","303","その他の建設業","","","10~29","4","仮設物、建築物、構築物等","41","仮設物、建築物、構築物等","","","1","墜落、転落"
"1959","1992","平成","4","11","15~16","雨水管渠布設工事現場において、土留め支保工の部材取付のため掘削箇所内部で掘削幅を測定中、倒れてきた擁壁(長さ12m、高さ1.1m、厚さ0.2m)と地山の間に挟まれた。","3","建設業","301","土木工事業","","","100~299","4","仮設物、建築物、構築物等","41","仮設物、建築物、構築物等","","","5","崩壊、倒壊"
"1960","1992","平成","4","11","2~3","国道の車両区分線の塗り替え作業現場において、車両の交通整理中、規制中の車線に酒気帯び運転の一般車両が突っ込み、はねられた。","17","その他の事業","","","","","30~49","2","物上げ装置、運搬機械","23","乗物","","","17","交通事故（道路）"
"1961","1992","平成","4","11","3~4","国道バイパスの遮音壁工事現場において、一般車両の交通整理中、トラックが突っ込んできた。","17","その他の事業","","","","","10~29","2","物上げ装置、運搬機械","22","動力運搬機","","","17","交通事故（道路）"
"1962","1992","平成","4","11","4~5","バイクで朝刊配達中、交差点で乗用車と衝突した。","8","商業","","","","","1~9","2","物上げ装置、運搬機械","23","乗物","","","17","交通事故（道路）"
"1963","1992","平成","4","11","8~9","移動式クレーンで鉄板(245×123×1.9センチメートル、約500キログラム)を玉掛けしようとしたところ、架台に立てかけてあった同鉄板3枚が倒れ、架台と鉄板の間に挟まれた。","8","商業","","","","","10~29","5","物質、材料","52","材料","","","5","崩壊、倒壊"
"1964","1992","平成","4","11","10~11","外壁補修作業後の外部枠組足場の解体作業中、足場の6段目作業床より建地を伝わって下に降りようとして、墜落した。","3","建設業","302","建築工事業","","","50~99","4","仮設物、建築物、構築物等","41","仮設物、建築物、構築物等","","","1","墜落、転落"
"1965","1992","平成","4","11","10~11","森林総合整備工事に伴う杉林の伐開作業において、枝払い・掃除等をしていたところ、伐倒木が当たった。","3","建設業","301","土木工事業","","","1~9","7","環境等","71","環境等","","","6","激突され"
"1966","1992","平成","4","11","13~14","トラクターショベルが後進した際、左前輪に激突された。","1","製造業","109","窯業土石製品製造業","","","10~29","1","動力機械","14","建設機械等","","","6","激突され"
"1967","1992","平成","4","11","15~16","液体酸素製造工場の炭酸ガス吸着塔で、塔内部の改造工事中、塔内に流れ込んだ高濃度酸素と可搬式グラインダー使用中に飛び散った火花により、火災が発生した。","3","建設業","303","その他の建設業","","","1~9","5","物質、材料","51","危険物、有害物等","","","16","火災"
"1968","1992","平成","4","11","15~16","液体酸素製造工場の炭酸ガス吸着塔で、塔内部の改造工事中、塔内に流れ込んだ高濃度酸素と可搬式グラインダー使用中に飛び散った火花により、火災が発生した。","3","建設業","303","その他の建設業","","","1~9","5","物質、材料","51","危険物、有害物等","","","16","火災"
"1969","1992","平成","4","11","15~16","液体酸素製造工場の炭酸ガス吸着塔で、塔内部の改造工事中、塔内に流れ込んだ高濃度酸素と可搬式グラインダー使用中に飛び散った火花により、火災が発生した。","3","建設業","303","その他の建設業","","","1~9","5","物質、材料","51","危険物、有害物等","","","16","火災"
"1970","1992","平成","4","11","17~18","国道を4tトラックで走行中、センターラインを越え対向してきた10tトラックと衝突し、その弾みで左側の工場のブロック塀に激突した。","4","運輸交通業","403","道路貨物運送業","","","1~9","2","物上げ装置、運搬機械","22","動力運搬機","","","17","交通事故（道路）"
"1971","1992","平成","4","11","9~10","自動製図機を5階のベランダから搬出するためトラッククレーン(つり上げ荷重7t)で吊り上げたところ、製図機の足が外れそうになり、ベランダの手摺上に上がって直そうとしたとき、約14m下の道路上に墜落した。","4","運輸交通業","403","道路貨物運送業","","","10~29","4","仮設物、建築物、構築物等","41","仮設物、建築物、構築物等","","","1","墜落、転落"
"1972","1992","平成","4","11","12~13","引込線移設工事において、建屋の壁に梯子をかけて昇り、胴綱を既設L型アームに取り付けようと手で持ったところ、L型アームが曲がってバランスを崩し、3.2m下に墜落した。","3","建設業","303","その他の建設業","","","100~299","3","その他の装置等","37","用具","","","1","墜落、転落"
"1973","1992","平成","4","11","4~5","4t冷凍車で走行中、大型トラックを追い越そうとして対向車線にはみ出したところ、対向してきた4tトラックと衝突し、その弾みで大型トラックに接触して畑に突っ込んだ。","4","運輸交通業","403","道路貨物運送業","","","100~299","2","物上げ装置、運搬機械","22","動力運搬機","","","17","交通事故（道路）"
"1974","1992","平成","4","11","5~6","バイクで朝刊配達中、県道で対向してきた乗用車と正面衝突した。","8","商業","","","","","10~29","2","物上げ装置、運搬機械","23","乗物","","","17","交通事故（道路）"
"1975","1992","平成","4","11","8~9","ずい道建設工事の坑内において、支保工の点検作業中、同僚の運転する火薬輸送用のジープに激突された。","3","建設業","301","土木工事業","","","10~29","2","物上げ装置、運搬機械","23","乗物","","","6","激突され"
"1976","1992","平成","4","11","8~9","石材を破砕した砂利山の東側にいたところ、パワーショベルが砂利をかき上げた際、砂利に埋没した。","8","商業","","","","","1~9","5","物質、材料","52","材料","","","5","崩壊、倒壊"
"1977","1992","平成","4","11","9~10","本社に向うため高速道路を走行中、ハンドルを切りそこねて車が横転し、車外へ投げ出された。","8","商業","","","","","1~9","2","物上げ装置、運搬機械","23","乗物","","","17","交通事故（道路）"
"1978","1992","平成","4","11","10~11","砂防工事に伴う横断測量作業中、急斜面上で測量の支障となる木等を鋸で伐採していたところ、川に滑落し流された。","17","その他の事業","","","","","1~9","7","環境等","71","環境等","","","10","おぼれ"
"1979","1992","平成","4","11","11~12","移動用台車が付いた荷を梱包するため、この台車を取り外そうと荷をフォークリフトで持ち上げ、下に入って台車を外していたところ、荷が倒れて下敷きになった。","1","製造業","117","その他の製造業","","","10~29","6","荷","61","荷","","","5","崩壊、倒壊"
"1980","1992","平成","4","11","11~12","住宅新築工事現場で作業中、降雨のため軽トラックで会社へ戻る途中、交差点でタンクローリー車と衝突した。","3","建設業","302","建築工事業","","","10~29","2","物上げ装置、運搬機械","22","動力運搬機","","","17","交通事故（道路）"
"1981","1992","平成","4","11","11~12","木材(10.5×10.5×300センチメートル)を束ねた4段のはい(高さ2.7m)の近くで作業中、はいが崩れて下敷きになった。","1","製造業","104","木材・木製品製造業","","","1~9","5","物質、材料","52","材料","","","5","崩壊、倒壊"
"1982","1992","平成","4","11","12~13","麺材料をロール機に移す機械の穴と羽の間に手首が挟まれた。","1","製造業","101","食料品製造業","","","1~9","1","動力機械","16","一般動力機械","","","7","はさまれ、巻き込まれ"
"1983","1992","平成","4","11","14~15","歩道拡幅工事において、トラッククレーン(4.9t)でコンクリート製床板(長さ2m、幅70センチメートル、616キログラム)を専用金具で吊っていたところ、金具を差し込むための床板の凹部(径3センチメートル、深さ5センチメートル)付近が崩壊し、2点吊りの1点が外れ、直撃した。","3","建設業","301","土木工事業","","","10~29","3","その他の装置等","37","用具","","","4","飛来、落下"
"1984","1992","平成","4","11","15~16","道路改良工事現場において、鉄筋組み作業後、自社トラックに向かって歩行中、道路端コンクリート面から約7.5m下の土手に墜落した。","3","建設業","301","土木工事業","","","10~29","4","仮設物、建築物、構築物等","41","仮設物、建築物、構築物等","","","1","墜落、転落"
"1985","1992","平成","4","11","16~17","マンション新築現場において、3階ベランダと外部枠組足場の間より墜落した。","3","建設業","302","建築工事業","","","1~9","4","仮設物、建築物、構築物等","41","仮設物、建築物、構築物等","","","1","墜落、転落"
"1986","1992","平成","4","11","17~18","100m離れた集水井戸(深さ44m)を配水管で繋ぐ作業中、他方に設置したボーリング機械を利用して配水管のネジ締付部取付の合図を送ったところ、回転した配水管接続部に被災者の雨合羽が絡み付き、頭部を締め付けられた。","3","建設業","301","土木工事業","","","1~9","1","動力機械","14","建設機械等","","","7","はさまれ、巻き込まれ"
"1987","1992","平成","4","11","3~4","高速道路を走行中、雨でスリップして壁に激突し、割れたフロントガラスから車外へ投げ出された。","4","運輸交通業","403","道路貨物運送業","","","10~29","2","物上げ装置、運搬機械","22","動力運搬機","","","17","交通事故（道路）"
"1988","1992","平成","4","11","9~10","フォークリフトでホタテ入り段ボール箱を移送中、マストとヘッドガードの間に落ちた箱をエンジンを停止せずに取り除こうとしたところ、チルトレバーに触れたためマストが運転席側に傾き、マストとヘッドガードの柱の間に挟まれた。","1","製造業","101","食料品製造業","","","10~29","2","物上げ装置、運搬機械","22","動力運搬機","","","7","はさまれ、巻き込まれ"
"1989","1992","平成","4","11","10~11","風倒木がかかり木となっていた3本の雑木の2本目を伐木した際、かかっていた風倒木(胸高直径約30センチメートル)が倒壊し激突した。","6","農林業","601","農業","","","1~9","7","環境等","71","環境等","","","5","崩壊、倒壊"
"1990","1992","平成","4","11","12~13","ライトバンで事業場へ戻る途中、センターラインを越え、対向してきた大型トラックと正面衝突した。","15","清掃・と畜業","","","","","10~29","2","物上げ装置、運搬機械","23","乗物","","","17","交通事故（道路）"
"1991","1992","平成","4","11","17~18","床面に残ったスラグをブルドーザーで砕く作業中、水が入ったピット内(水深2m、70°C)にブルドーザーごと転落した。","1","製造業","110","鉄鋼業","","","100~299","1","動力機械","14","建設機械等","","","1","墜落、転落"
"1992","1992","平成","4","11","9~10","国道の交差点を右折する際、反対車線から直進してきたダンプカーと衝突した。","4","運輸交通業","402","道路旅客運送業","","","50~99","2","物上げ装置、運搬機械","23","乗物","","","17","交通事故（道路）"
"1993","1992","平成","4","11","10~11","アースオーガーのスクリューオーガーの取り外し作業中、機体の補巻きで吊っていたスクリューオーガーを被災者の合図で地上に倒していたところ、スクリューオーガーの下敷きになった。","3","建設業","301","土木工事業","","","10~29","1","動力機械","14","建設機械等","","","6","激突され"
"1994","1992","平成","4","11","11~12","鉄骨組立(仮止め)後の本締め作業中、高さ約6mの鉄骨上を移動する際、墜落した。","3","建設業","302","建築工事業","","","10~29","4","仮設物、建築物、構築物等","41","仮設物、建築物、構築物等","","","1","墜落、転落"
"1995","1992","平成","4","11","13~14","山腹砂防工事の土砂捨て場でドラグショベルを運転中、道路から11m下の谷へ転落し、ドラグショベルの下敷きになった。","3","建設業","301","土木工事業","","","1~9","1","動力機械","14","建設機械等","","","1","墜落、転落"
"1996","1992","平成","4","11","13~14","生コンバケットをドラグショベルで吊り川底方向へ旋回させたとき、ドラグショベルが横転して車外に投げ出され、下敷きになった。","3","建設業","301","土木工事業","","","30~49","1","動力機械","14","建設機械等","","","2","転倒"
"1997","1992","平成","4","11","16~17","フォークリフトのフォークを上げその下で修理作業中、フォークを支えていた角材が外れ、フォークが落下した。","1","製造業","117","その他の製造業","","","1~9","2","物上げ装置、運搬機械","22","動力運搬機","","","7","はさまれ、巻き込まれ"
"1998","1992","平成","4","11","16~17","作業終了後マイクロバスに乗り込む際、ドアを閉める前に運転手が発車したためドアから投げ出され、路傍の縁石で頭部を強打した。","3","建設業","302","建築工事業","","","1~9","2","物上げ装置、運搬機械","23","乗物","","","17","交通事故（道路）"
"1999","1992","平成","4","11","2~3","国道で下水道工事現場の交通整理中、走行してきた軽トラックにはねられた。","17","その他の事業","","","","","10~29","2","物上げ装置、運搬機械","22","動力運搬機","","","17","交通事故（道路）"
"2000","1992","平成","4","11","4~5","軽トラックで新聞配達中、電柱に激突した。","8","商業","","","","","10~29","2","物上げ装置、運搬機械","23","乗物","","","17","交通事故（道路）"
"2001","1992","平成","4","11","8~9","工事現場において、排水層のスラブ上面(高さ3m)の状況確認のため、同僚が作った木製梯子(幅39センチメートル、長さ4m)の4段目まで登ったところ、梯子が中央部から折れ、1.6m下の床に墜落した。","3","建設業","302","建築工事業","","","10~29","3","その他の装置等","37","用具","","","1","墜落、転落"
"2002","1992","平成","4","11","8~9","堤防斜面で除草作業中、堤防道路(県道)を走行してきた乗用車が堤防下へ突っ込み、激突された。","3","建設業","301","土木工事業","","","10~29","2","物上げ装置、運搬機械","23","乗物","","","17","交通事故（道路）"
"2003","1992","平成","4","11","9~10","新築工事現場において、5階の作業場でPC板のはりつけ位置を出すためのすみ出し作業中、安全帯のフックを外して移動していたとき、PC板の取付用ブラケットにつまずき、地上に墜落した。","3","建設業","302","建築工事業","","","1~9","4","仮設物、建築物、構築物等","41","仮設物、建築物、構築物等","","","1","墜落、転落"
"2004","1992","平成","4","11","10~11","事務所が入居しているビルの2階の階段を踏み外し転落した。","17","その他の事業","","","","","1~9","4","仮設物、建築物、構築物等","41","仮設物、建築物、構築物等","","","1","墜落、転落"
"2005","1992","平成","4","11","10~11","工場改造工事において、3階窓開口部を閉鎖するためのブロック積み作業中、足場と躯体の間から約9.3m下の養生用コンパネ材上に墜落し、ブロック積み用差し筋に刺さった。","3","建設業","302","建築工事業","","","1~9","4","仮設物、建築物、構築物等","41","仮設物、建築物、構築物等","","","1","墜落、転落"
"2006","1992","平成","4","11","13~14","コンクリート製ケーソンの着底状況確認のため潜水中、被災者に空気を送る送気管がケーソン内部に注水するためのポンプに巻き込まれ、送気管が切断した。","3","建設業","301","土木工事業","","","1~9","7","環境等","71","環境等","","","10","おぼれ"
"2007","1992","平成","4","11","13~14","荷造機械の調整作業中、稼動用リミットスイッチに触れたため機械が稼動し、固定鉄柵と動力伝達アームの間に首を挟まれた。","5","貨物取扱業","501","陸上貨物取扱業","","","10~29","1","動力機械","16","一般動力機械","","","7","はさまれ、巻き込まれ"
"2008","1992","平成","4","11","14~15","自転車で集金業務中、信号機の無い交差点で2tトラックと衝突した。","17","その他の事業","","","","","50~99","3","その他の装置等","36","人力機械工具等","","","17","交通事故（道路）"
"2009","1992","平成","4","11","14~15","林道新設工事中、ブルドーザーが高さ1mの段差を乗り越えたときバウンドし、その反動で運転席から放り出され、ブルドーザーにひかれた。","3","建設業","301","土木工事業","","","1~9","1","動力機械","14","建設機械等","","","7","はさまれ、巻き込まれ"
"2010","1992","平成","4","11","15~16","工事現場において、砂利を入れるため4tダンプカーをバックで補修箇所へ入れる際、デフが石へ乗り上げて動かないためドラグショベルで牽引する準備をしていたところ、モーターグレーダーの運転手がダンプカーの運転手が乗っていると勘違いしてモーターグレーダーでダンプカーを押したため傾斜面をダンプカーが走り出し、それを止めようとして振り落とされダンプカーにひかれた。","3","建設業","301","土木工事業","","","1~9","2","物上げ装置、運搬機械","22","動力運搬機","","","17","交通事故（道路）"
"2011","1992","平成","4","11","15~16","貨物集配のためワゴン車で走行中、交差点で右側から走行してきた軽トラックと出会い頭に衝突した。","4","運輸交通業","403","道路貨物運送業","","","100~299","2","物上げ装置、運搬機械","22","動力運搬機","","","18","交通事故（その他）"
"2012","1992","平成","4","11","16~17","木造住宅の外壁塗装工事中、高さ4.9mの足場上から墜落した。","3","建設業","303","その他の建設業","","","1~9","4","仮設物、建築物、構築物等","41","仮設物、建築物、構築物等","","","1","墜落、転落"
"2013","1992","平成","4","11","8~9","コンクリート基礎に立て込んだH型鋼に鋼矢板をボルト締めして作られた落石防護柵の解体中、ボルトを緩めたところ鋼矢板が落下し、これとともに地下に墜落した。","3","建設業","301","土木工事業","","","50~99","4","仮設物、建築物、構築物等","41","仮設物、建築物、構築物等","","","1","墜落、転落"
"2014","1992","平成","4","11","10~11","保険の外交業務のためバイクで走行中、方向転換するため民家から道路に出てきた灯油配達中のトラックに激突した。","11","通信業","","","","","1~9","2","物上げ装置、運搬機械","22","動力運搬機","","","17","交通事故（道路）"
"2015","1992","平成","4","11","11~12","型わく材を携帯用丸のこ盤で切断中、反発したのこ歯で右足大腿部の動脈を切断した。","3","建設業","301","土木工事業","","","1~9","1","動力機械","13","木材加工用機械","","","8","切れ、こすれ"
"2016","1992","平成","4","11","11~12","岸壁倉庫2階においてクレーンで荷を運搬中、パレット上の荷が崩れて倉庫外部の荷揚げ口から荷の1束が落下し、地上の被災者を直撃した。","8","商業","","","","","10~29","6","荷","61","荷","","","4","飛来、落下"
"2017","1992","平成","4","11","12~13","トレーラーに古紙を積み走行中、カーブを曲がりきれず、中央分離帯に乗り上げて横転した。","4","運輸交通業","403","道路貨物運送業","","","10~29","2","物上げ装置、運搬機械","22","動力運搬機","","","17","交通事故（道路）"
"2018","1992","平成","4","11","12~13","トレーラーに古紙を積み走行中、カーブを曲がりきれず、中央分離帯に乗り上げて横転した。","4","運輸交通業","403","道路貨物運送業","","","10~29","2","物上げ装置、運搬機械","22","動力運搬機","","","17","交通事故（道路）"
"2019","1992","平成","4","11","13~14","製鐵所構内の熱延コイル精製ラインにおいて、コイル巻きを止めているバンドを切断する装置を稼動中、切断したバンドが外れなかったため手で外していたところ、突然バンドが外れ、その弾みでバランスを崩しピットに転落した。","1","製造業","110","鉄鋼業","","","1000~9999","4","仮設物、建築物、構築物等","41","仮設物、建築物、構築物等","","","1","墜落、転落"
"2020","1992","平成","4","11","14~15","河川の採水作業を終え帰社途中、国道でセンターラインを越え、対向してきたトラックと正面衝突した。","17","その他の事業","","","","","100~299","2","物上げ装置、運搬機械","23","乗物","","","17","交通事故（道路）"
"2021","1992","平成","4","11","15~16","移動式クレーンで生コンクリートを積んだホッパーをU字溝内に降ろそうとしたところ、ホッパーが落下し、頭部を直撃した。","3","建設業","301","土木工事業","","","1~9","6","荷","61","荷","","","4","飛来、落下"
"2022","1992","平成","4","11","8~9","モータースクレーパーを登り坂で一時停止中、後退し始め、作業道脇の斜面をモータースクレーパーとともに30m転落し、その下敷きになった。","3","建設業","301","土木工事業","","","1~9","1","動力機械","14","建設機械等","","","1","墜落、転落"
"2023","1992","平成","4","11","10~11","掘削箇所(深さ1.3m)で水道管の敷設作業中、平行して舗装工事をしていた別会社のロードローラーが掘削箇所に落ち、前輪と地山に挟まれた。","3","建設業","301","土木工事業","","","1~9","1","動力機械","14","建設機械等","","","7","はさまれ、巻き込まれ"
"2024","1992","平成","4","11","10~11","休憩時間中、掘削した穴(深さ5.2m)の近くを歩いていたところ、転落した。","3","建設業","301","土木工事業","","","1~9","7","環境等","71","環境等","","","1","墜落、転落"
"2025","1992","平成","4","11","10~11","町道の下水道工事現場において、掘削した溝(深さ2m、幅1m、長さ16m)の中で塩ビ管を埋設する作業中、過去に水道管埋設したアスファルト舗装切断箇所から土砂が崩壊し、埋まった。","3","建設業","301","土木工事業","","","10~29","7","環境等","71","環境等","","","5","崩壊、倒壊"
"2026","1992","平成","4","11","11~12","病院の屋上西端の手摺とパラペットの間で計測作業中、約10m下へ墜落した。","3","建設業","302","建築工事業","","","10~29","4","仮設物、建築物、構築物等","41","仮設物、建築物、構築物等","","","1","墜落、転落"
"2027","1992","平成","4","11","11~12","6tトラックに積んだ丸太上で点検中、足を滑らせ約4m下の地面に墜落した。","6","農林業","601","農業","","","1~9","2","物上げ装置、運搬機械","22","動力運搬機","","","1","墜落、転落"
"2028","1992","平成","4","11","14~15","軽トラックで荷の運搬中、一般道路で車線を変更した際、歩道用のポールに激突して横転し、頭部を打った。","4","運輸交通業","403","道路貨物運送業","","","10~29","2","物上げ装置、運搬機械","22","動力運搬機","","","17","交通事故（道路）"
"2029","1992","平成","4","11","17~18","作業後、路面を清掃中、路肩に寄ろうとしていたバックホウが接触した。","3","建設業","301","土木工事業","","","10~29","1","動力機械","14","建設機械等","","","7","はさまれ、巻き込まれ"
"2030","1992","平成","4","11","8~9","住宅増築工事現場において、屋根の瓦葺きのため増築部の屋根にアルミ梯子を立てかけ昇降していたところ、梯子が転位して墜落した。","3","建設業","302","建築工事業","","","1~9","3","その他の装置等","37","用具","","","1","墜落、転落"
"2031","1992","平成","4","11","12~13","保冷車で高速道路を走行中、パーキングエリアへ向かっていたところ、陸橋上で塀に衝突した。","1","製造業","101","食料品製造業","","","100~299","2","物上げ装置、運搬機械","22","動力運搬機","","","17","交通事故（道路）"
"2032","1992","平成","4","11","13~14","ホテルの吹き抜けのらせん階段の清掃中、腰壁上面に上がってモップかけをしていたところ、8.6m下へ墜落した。","15","清掃・と畜業","","","","","30~49","4","仮設物、建築物、構築物等","41","仮設物、建築物、構築物等","","","1","墜落、転落"
"2033","1992","平成","4","11","18~19","1階から地下へ通じる階段で足を踏み外し、転落した。","14","接客娯楽業","","","","","100~299","4","仮設物、建築物、構築物等","41","仮設物、建築物、構築物等","","","1","墜落、転落"
"2034","1992","平成","4","11","8~9","移動式クレーン(つり上げ荷重7t)で鉄骨柱(1.5t)を吊り上げたところ、玉掛けワイヤロープが切断し、鉄骨柱が落下した。","3","建設業","302","建築工事業","","","1~9","3","その他の装置等","37","用具","","","4","飛来、落下"
"2035","1992","平成","4","11","9~10","ドラグショベルで掘削(幅1.5m、深さ2m)しその土止め作業中、腹おこしを取り付け、切り張り材を手渡しで受け取っていたところ土砂が崩壊し、腹おこし材に首を挟まれた。","3","建設業","301","土木工事業","","","10~29","7","環境等","71","環境等","","","5","崩壊、倒壊"
"2036","1992","平成","4","11","9~10","木造住宅玄関の庇上で、庇・板金張替作業中、庇正面先端の破風材が腐食していたため落下し、はずみで2.2m下へ墜落した。","3","建設業","302","建築工事業","","","1~9","4","仮設物、建築物、構築物等","41","仮設物、建築物、構築物等","","","1","墜落、転落"
"2037","1992","平成","4","11","9~10","出張のため国道を走行中、積雪路面でハンドルをとられて対向車線にはみ出し、対向車と衝突した。","8","商業","","","","","100~299","2","物上げ装置、運搬機械","23","乗物","","","17","交通事故（道路）"
"2038","1992","平成","4","11","11~12","ブルドーザーで整地工事中、エンジンを停止せずキアを「後退」のまま運転席を離れたためブルドーザーが後進し、止めようとブルドーザーに飛び乗ったがキャタピラに飛ばされ、下敷きになった。","3","建設業","301","土木工事業","","","1~9","1","動力機械","14","建設機械等","","","7","はさまれ、巻き込まれ"
"2039","1992","平成","4","11","11~12","建屋のベランダで側溝のはつり作業中、足場との間から墜落した。","3","建設業","302","建築工事業","","","10~29","4","仮設物、建築物、構築物等","41","仮設物、建築物、構築物等","","","1","墜落、転落"
"2040","1992","平成","4","11","14~15","木造住宅新築工事現場において、可搬式丸のこをテーブルに固定した丸のこ盤で桧の角材(3.7×8.5×146センチメートル)をたて挽きにしたところ、角材が反発して激突した。","3","建設業","302","建築工事業","","","1~9","1","動力機械","13","木材加工用機械","","","6","激突され"
"2041","1992","平成","4","11","18~19","現場から軽トラックで帰社途中、センターラインを越えてきた2tトラックと正面衝突した。","3","建設業","302","建築工事業","","","1~9","2","物上げ装置、運搬機械","22","動力運搬機","","","17","交通事故（道路）"
"2042","1992","平成","4","11","9~10","ワゴン車に同乗し建築現場へ向う途中、高速道路で中央分離帯を越えてきたトラックと正面衝突した。","3","建設業","303","その他の建設業","","","50~99","2","物上げ装置、運搬機械","22","動力運搬機","","","17","交通事故（道路）"
"2043","1992","平成","4","11","9~10","増築工事現場において、外壁用のサイディングボード取付のため、ボードを持ってスレート屋根上を移動中、スレートを踏み抜き5.2m下のコンクリート床上に墜落した。","3","建設業","302","建築工事業","","","10~29","4","仮設物、建築物、構築物等","41","仮設物、建築物、構築物等","","","1","墜落、転落"
"2044","1992","平成","4","11","10~11","玉切りした原木を4tトラックに積込作業中、一番上の原木がスタンションの原木からはみ出していたため、トビで位置直しをしたところ、原木が落下して当たった。","6","農林業","601","農業","","","1~9","5","物質、材料","52","材料","","","4","飛来、落下"
"2045","1992","平成","4","11","10~11","会社所有のワゴン車で荷を運搬中、スリップして対向車線に飛び出し、大型トラックと正面衝突した。","8","商業","","","","","10~29","2","物上げ装置、運搬機械","23","乗物","","","17","交通事故（道路）"
"2046","1992","平成","4","11","11~12","ワイヤロープで緊結した伐倒木2本を集材装置で集材作業中、伐倒木の枝が山肌に引っかかって大きく反転したため、伐倒木に激突された。","6","農林業","601","農業","","","30~49","2","物上げ装置、運搬機械","21","動力クレーン等","","","4","飛来、落下"
"2047","1992","平成","4","11","13~14","出張先からの帰社途中、高速道路で路肩のガードロープにぶつかり、その反動で中央分離帯に激突した。","17","その他の事業","","","","","50~99","2","物上げ装置、運搬機械","23","乗物","","","17","交通事故（道路）"
"2048","1992","平成","4","11","16~17","地下3階で不用になった土止支保工用のH型鋼を溶断し、H型鋼が倒れたとき、掘削土面を通行していて当たった。","3","建設業","302","建築工事業","","","10~29","4","仮設物、建築物、構築物等","41","仮設物、建築物、構築物等","","","6","激突され"
"2049","1992","平成","4","11","16~17","作業場前の路上で廃品の機械をフォークリフトで積み上げ後、トラックの荷台から降りようとしたところ、約1.9m下のコンクリート床面に墜落した。","8","商業","","","","","1~9","2","物上げ装置、運搬機械","22","動力運搬機","","","1","墜落、転落"
"2050","1992","平成","4","11","16~17","遠心分離機から出た廃液(アセトン80%、水20%)を廃液タンクに入れてフォークリフトで移動し、その廃液を廃液槽に入れる作業中、マンホールから廃液槽へ転落した。","1","製造業","108","化学工業","","","100~299","3","その他の装置等","39","その他の装置、設備","","","1","墜落、転落"
"2051","1992","平成","4","11","2~3","国道の橋・床版修繕工事に伴う交通整理業務中、普通乗用車にひき逃げされた。","17","その他の事業","","","","","10~29","2","物上げ装置、運搬機械","23","乗物","","","17","交通事故（道路）"
"2052","1992","平成","4","11","2~3","自動車専用道路の料金所から本線へ合流する際、前車のトラックに追突した。","4","運輸交通業","403","道路貨物運送業","","","1~9","2","物上げ装置、運搬機械","22","動力運搬機","","","17","交通事故（道路）"
"2053","1992","平成","4","11","8~9","側溝掃除で出たゴミをグランド内のゴミ捨て場へ捨てていたところ、土均し作業をしてバックで移動してきたドラグショベルにひかれた。","3","建設業","302","建築工事業","","","1~9","1","動力機械","14","建設機械等","","","7","はさまれ、巻き込まれ"
"2054","1992","平成","4","11","12~13","出張中、県道で車の運転を誤り、田圃に転落した。","17","その他の事業","","","","","50~99","2","物上げ装置、運搬機械","23","乗物","","","17","交通事故（道路）"
"2055","1992","平成","4","11","14~15","バケット付チェーンコンベアの修理工事において、チェーンからバケットを取り外していたところ、突然コンベアの垂直部でバケット付チェーン(約10m、約2t)が切れて落下し、激突した。","3","建設業","303","その他の建設業","","","10~29","2","物上げ装置、運搬機械","22","動力運搬機","","","6","激突され"
"2056","1992","平成","4","11","15~16","台風の被害木搬出のための架線準備作業後、斜面(勾配33度)を降りる際、足を滑らせ岩で頭部を打った。","6","農林業","601","農業","","","1~9","7","環境等","71","環境等","","","1","墜落、転落"
"2057","1992","平成","4","11","16~17","事業場内の物置で木材を鋸で切断中、高さ1.43mにある単管に後頭部を強打した。","3","建設業","301","土木工事業","","","10~29","4","仮設物、建築物、構築物等","41","仮設物、建築物、構築物等","","","3","激突"
"2058","1992","平成","4","11","10~11","新築工事現場において、1階天井スラブのコンクリート打設後、コテ均し作業を後退しながら行っていたところ、当該スラブ端から約3.15m下のコンクリート床に墜落した。(外)","3","建設業","302","建築工事業","","","1~9","4","仮設物、建築物、構築物等","41","仮設物、建築物、構築物等","","","1","墜落、転落"
"2059","1992","平成","4","11","11~12","自社工場の屋根の修繕作業において、修繕箇所まで屋根上を歩行中、石綿スレート屋根を踏み抜き、約8m下の床に墜落した。","1","製造業","112","金属製品製造業","","","1~9","4","仮設物、建築物、構築物等","41","仮設物、建築物、構築物等","","","1","墜落、転落"
"2060","1992","平成","4","11","12~13","製材加工工場内で、自動送材車式帯のこ盤ののこ歯の取替作業中、誤って送材車操作レバーに触れたため材木を乗せた送材車が動き出し、材木と帯のこ盤の間に挟まれた。","1","製造業","104","木材・木製品製造業","","","1~9","1","動力機械","13","木材加工用機械","","","7","はさまれ、巻き込まれ"
"2061","1992","平成","4","11","13~14","間伐材を山土場から製材工場へ運搬するため林道を走行中、路肩が崩壊し、70m下の沢へ転落した。","4","運輸交通業","403","道路貨物運送業","","","10~29","2","物上げ装置、運搬機械","22","動力運搬機","","","17","交通事故（道路）"
"2062","1992","平成","4","11","15~16","木造住宅建築現場において、軸組の組立作業中、2階梁上でかけやを使っていたところ、地上に仮置きしてあった材料の上に墜落した。","3","建設業","302","建築工事業","","","1~9","4","仮設物、建築物、構築物等","41","仮設物、建築物、構築物等","","","1","墜落、転落"
"2063","1992","平成","4","11","22~23","大型トラックで国道を走行中、道路左側の案内標識支柱に衝突し、約2m下の田圃に転落した。","4","運輸交通業","403","道路貨物運送業","","","1~9","2","物上げ装置、運搬機械","22","動力運搬機","","","17","交通事故（道路）"
"2064","1992","平成","4","11","0~1","荷扱いプラットホーム上でフォークリフトを運転中、右方向から台車が来たため避けようと左方向へ急ハンドルを切ったところ、フォークリフトが右側へ横転し、下敷きになった。","4","運輸交通業","403","道路貨物運送業","","","100~299","2","物上げ装置、運搬機械","22","動力運搬機","","","2","転倒"
"2065","1992","平成","4","11","9~10","納品先で配送用3.5tトラックから降りる際、助手席側から転落した。","1","製造業","101","食料品製造業","","","50~99","2","物上げ装置、運搬機械","22","動力運搬機","","","1","墜落、転落"
"2066","1992","平成","4","11","10~11","倉庫内において、ラクサー(動力による昇降装置)で棚上に昇って商品を取り出し、ラクサーに戻ろうとしたところ、約3m下の床へ墜落した。","8","商業","","","","","10~29","4","仮設物、建築物、構築物等","41","仮設物、建築物、構築物等","","","1","墜落、転落"
"2067","1992","平成","4","11","10~11","トラックの荷台から丸太等を卸す際、荷台に上がり荷を固定していたワイヤロープを外そうとしたとき、足を滑らせ地面に墜落した。","1","製造業","104","木材・木製品製造業","","","10~29","2","物上げ装置、運搬機械","22","動力運搬機","","","1","墜落、転落"
"2068","1992","平成","4","11","10~11","工場内のエレベータを下降操作をしたところ、搬器内にコンテナを乗せる際に移動を防止する棒が挟まって搬器が止まり、フォークリフトの爪に置いたパレットに乗り、下から棒を取り除いたところ搬器が落下し、搬器とパレットの間に挟まれた。","1","製造業","101","食料品製造業","","","30~49","2","物上げ装置、運搬機械","21","動力クレーン等","","","4","飛来、落下"
"2069","1992","平成","4","11","11~12","高速道路を走行中、バスを追い越した際スリップし、中央分離帯に激突してバスに接触し、車外に放り出された。","1","製造業","101","食料品製造業","","","100~299","2","物上げ装置、運搬機械","23","乗物","","","17","交通事故（道路）"
"2070","1992","平成","4","11","12~13","簡易リフトで段ボール箱を荷揚げ中、箱の一部が床に挟まってリフトが停止したため挟まった部分を取り除いていたところ、箱が落ちてリフトが落下し、当たった。","8","商業","","","","","10~29","2","物上げ装置、運搬機械","21","動力クレーン等","","","4","飛来、落下"
"2071","1992","平成","4","11","12~13","客先から乗用車で左右を確認しないで十字路に出たところ、右方向から来たジープと衝突した。","8","商業","","","","","10~29","2","物上げ装置、運搬機械","23","乗物","","","17","交通事故（道路）"
"2072","1992","平成","4","11","9~10","事業場内において、停車中のワゴン車のドアを開けエンジンをかけたところ、車が発進して前方の別のワゴン車に衝突し、運転席側ドアと運転席の間に挟まれた。","1","製造業","101","食料品製造業","","","50~99","2","物上げ装置、運搬機械","23","乗物","","","7","はさまれ、巻き込まれ"
"2073","1992","平成","4","11","10~11","バイクで郵便配達中、警報機及び遮断機の無い踏切を渡ろうとして、普通列車にはねられた。","11","通信業","","","","","10~29","2","物上げ装置、運搬機械","23","乗物","","","17","交通事故（道路）"
"2074","1992","平成","4","11","12~13","鉄製枠組の製作作業中、枠組にチェーンスリンクを巻き付け2tホイストクレーンで吊り上げていたところ、巻き付けていた吊りチェーンが外れ、枠組の下敷きになった。","1","製造業","112","金属製品製造業","","","10~29","6","荷","61","荷","","","6","激突され"
"2075","1992","平成","4","11","14~15","既設のヒューム管(内径600ミリメートル)をドラグショベルで撤去作業中、ヒューム管の口にバケットの爪を当て掘り起こそうとしたところ、ヒューム管が割れてバケットが振れ、横にいて当たった。","3","建設業","301","土木工事業","","","1~9","1","動力機械","14","建設機械等","","","6","激突され"
"2076","1992","平成","4","11","14~15","ずい道内で、土砂をロッカーショベルにより搬出するためトロに積み込み作業中、誤操作により機械が過度に旋回し、操作レバーと覆工したずい道支保工との間に挟まれた。","3","建設業","301","土木工事業","","","1~9","1","動力機械","14","建設機械等","","","7","はさまれ、巻き込まれ"
"2077","1992","平成","4","11","14~15","ドラグショベルで水道管埋設のため溝(深さ3.7m、幅1.2m、長さ8.5m)を掘削後、資材準備の間、掘削溝を跨ぐ様にして待機していたところ、片側の法肩が崩れ、ドラグショベルが横転して下敷きになった。","3","建設業","301","土木工事業","","","1~9","1","動力機械","14","建設機械等","","","7","はさまれ、巻き込まれ"
"2078","1992","平成","4","11","9~10","送水管布設のための掘削溝内で、スチール管をベースに固定する作業中、反対側の土止めをしていない土壁が崩壊し、その土砂にスチール管が押されて移動し、スチール管と土壁に挟まれた。","3","建設業","301","土木工事業","","","1~9","7","環境等","71","環境等","","","5","崩壊、倒壊"
"2079","1992","平成","4","11","13~14","農道造成現場において、道路のセンター割出しの測量中、バックしてきた10tダンプカーにひかれた。","3","建設業","301","土木工事業","","","1~9","2","物上げ装置、運搬機械","22","動力運搬機","","","7","はさまれ、巻き込まれ"
"2080","1992","平成","4","11","16~17","空が暗くなり道路の通行止箇所にライト式標識を取り付け中、これに気付かず走行してきた乗用車にはねられた。","3","建設業","301","土木工事業","","","50~99","2","物上げ装置、運搬機械","23","乗物","","","17","交通事故（道路）"
"2081","1992","平成","4","11","8~9","2tダンプカーに型わく材料を積み工事現場に向う途中、県道の三叉路で大型ダンプカーと衝突した。","3","建設業","301","土木工事業","","","10~29","2","物上げ装置、運搬機械","22","動力運搬機","","","17","交通事故（道路）"
"2082","1992","平成","4","11","8~9","工場外壁改修工事用の枠組足場の最上層で、グリーンネットを張る作業中、工場の引込用高圧電線(6600V)に触れた。","3","建設業","302","建築工事業","","","10~29","3","その他の装置等","35","電気設備","","","13","感電"
"2083","1992","平成","4","11","10~11","ゴルフ場内の松の枝打ち作業中、高さ約7mの箇所の枝に乗ったところ、枝が折れて墜落した。","6","農林業","602","林業","","","1~9","7","環境等","71","環境等","","","1","墜落、転落"
"2084","1992","平成","4","11","10~11","配達のためトラックで走行中、中央分離帯を乗り越え、対向してきた2tトラックと衝突した。","14","接客娯楽業","","","","","10~29","2","物上げ装置、運搬機械","22","動力運搬機","","","17","交通事故（道路）"
"2085","1992","平成","4","11","10~11","コンクリートブロック擁壁の撤去作業中、擁壁裏側の土砂をつるはしで掘削していたところ、コンクリートブロック壁(幅5.8m、高さ2.4m)が倒れ、下敷きになった。","3","建設業","301","土木工事業","","","1~9","4","仮設物、建築物、構築物等","41","仮設物、建築物、構築物等","","","5","崩壊、倒壊"
"2086","1992","平成","4","11","12~13","25t移動式クレーンで樹木の吊り上げ中、玉掛用ワイヤロープが切断し、樹木が落下して下敷きになった。","3","建設業","301","土木工事業","","","1~9","3","その他の装置等","37","用具","","","4","飛来、落下"
"2087","1992","平成","4","11","15~16","製品倉庫内において、荷物用エレベータで製品を運搬中、下降途中で搬器が停止したため2階の扉を開け、停止状態を解除しようと上半身を搬器内へ乗り出していたとき、搬器が下降し、搬器の上枠材と2階の床面に挟まれた。","1","製造業","102","繊維工業","","","100~299","2","物上げ装置、運搬機械","21","動力クレーン等","","","7","はさまれ、巻き込まれ"
"2088","1992","平成","4","11","15~16","枠組足場の2段目の鋼製作業床上の木製架台に渡した作業床(高さ4.25m)で屋根の波風板を取付中、墜落した。","3","建設業","302","建築工事業","","","1~9","4","仮設物、建築物、構築物等","41","仮設物、建築物、構築物等","","","1","墜落、転落"
"2089","1992","平成","4","11","16~17","トンネル建設現場坑内を歩行中、後進してきたモルタル作業台車に接触してひかれた。","3","建設業","301","土木工事業","","","100~299","2","物上げ装置、運搬機械","22","動力運搬機","","","7","はさまれ、巻き込まれ"
"2090","1992","平成","4","11","18~19","山間部にあるテレビ用アンテナケーブルの撤去作業現場において、休憩時間中に合宿場所へ戻る際、鉄道コンクリート橋上から約7m下の河床に墜落した。","3","建設業","303","その他の建設業","","","1~9","4","仮設物、建築物、構築物等","41","仮設物、建築物、構築物等","","","1","墜落、転落"
"2091","1992","平成","4","11","不明","タイヤローラーで工事現場に向う途中、道路から15m下の崖下に転落した。","3","建設業","301","土木工事業","","","10~29","1","動力機械","14","建設機械等","","","1","墜落、転落"
"2092","1992","平成","4","11","5~6","自転車で新聞配達中、右カーブで自転車ごと約4.5m下の畑へ転落し、コンクリート側溝で頭を打った。","8","商業","","","","","10~29","2","物上げ装置、運搬機械","23","乗物","","","17","交通事故（道路）"
"2093","1992","平成","4","11","8~9","アスファルトプラントのブレンドミキサーの蓋(プログラムに従い水平方向に動力で開閉)上に堆積したアスファルト合材をスコップで除去中、突然蓋が開いたためブレンドミキサー内に転落し、ミキサーに巻き込まれた。","1","製造業","108","化学工業","","","1~9","1","動力機械","16","一般動力機械","","","7","はさまれ、巻き込まれ"
"2094","1992","平成","4","11","8~9","ログハウス新築工事現場から他の現場へドラグショベルを移動中、傾斜地のためドラグショベルが横転し、逃げようと運転席を離れたところ、機体の下敷きになった。","3","建設業","302","建築工事業","","","1~9","1","動力機械","14","建設機械等","","","2","転倒"
"2095","1992","平成","4","11","9~10","工事の入札に会社の車で向う途中、右折する際、右折方向から来たライトバンと衝突した。","17","その他の事業","","","","","50~99","2","物上げ装置、運搬機械","23","乗物","","","17","交通事故（道路）"
"2096","1992","平成","4","11","10~11","石積工事の床付作業中、法面の土砂が崩落した。","3","建設業","301","土木工事業","","","1~9","7","環境等","71","環境等","","","5","崩壊、倒壊"
"2097","1992","平成","4","11","10~11","フォークリフトで鉄パイプをトラック荷台上から荷卸中、フォークから鉄パイプが滑り、荷台上にいた被災者が逃げようとして足を滑らせ、約2m下の地上に墜落した。","1","製造業","112","金属製品製造業","","","30~49","2","物上げ装置、運搬機械","22","動力運搬機","","","1","墜落、転落"
"2098","1992","平成","4","11","11~12","L型側溝布設工事中、バックホウで掘削した溝の中の整地をしていたところ、民家の擁壁が崩壊し、その下敷きになった。","3","建設業","301","土木工事業","","","1~9","4","仮設物、建築物、構築物等","41","仮設物、建築物、構築物等","","","5","崩壊、倒壊"
"2099","1992","平成","4","11","12~13","汚水管推進工事現場において、県道上で交通整理中、直進してきた250ccバイクにはねられた。","17","その他の事業","","","","","10~29","2","物上げ装置、運搬機械","23","乗物","","","17","交通事故（道路）"
"2100","1992","平成","4","11","12~13","病室に昼食を配膳後、空になった配膳車(手押し式)を人荷用エレベータに搬入し下降する際、搬器の戸に挟まれた。","15","清掃・と畜業","","","","","30~49","2","物上げ装置、運搬機械","21","動力クレーン等","","","7","はさまれ、巻き込まれ"
"2101","1992","平成","4","11","13~14","吊り足場の解体作業中、部材解体のため移動しようと安全帯を外したところ、足元の足場板が天秤状になって体勢が崩れ、足場板とともに約6.7m下へ墜落した。","3","建設業","301","土木工事業","","","1~9","4","仮設物、建築物、構築物等","41","仮設物、建築物、構築物等","","","1","墜落、転落"
"2102","1992","平成","4","11","14~15","工場内において、梱包する製品の出来具合を見るため歩行中、後方から来たフォークリフト(3.5t)にひかれた。","1","製造業","110","鉄鋼業","","","50~99","2","物上げ装置、運搬機械","22","動力運搬機","","","6","激突され"
"2103","1992","平成","4","11","16~17","鉄骨3階建住宅新築工事現場において、躯体外周の枠組足場の4段目から3階ベランダに移動する際足を踏み外し、足場の布わくと躯体の隙間から約6.9m下の地上に墜落した。","3","建設業","302","建築工事業","","","1~9","4","仮設物、建築物、構築物等","41","仮設物、建築物、構築物等","","","1","墜落、転落"
"2104","1992","平成","4","11","17~18","修理車の引取作業を終え帰社する途中、国道でセンターラインを越えてきた対向車と正面衝突した。","1","製造業","117","その他の製造業","","","1~9","2","物上げ装置、運搬機械","23","乗物","","","17","交通事故（道路）"
"2105","1992","平成","4","11","17~18","国道で車線規制の標識を回収中、大型トラックにはねられた。","3","建設業","301","土木工事業","","","10~29","2","物上げ装置、運搬機械","22","動力運搬機","","","17","交通事故（道路）"
"2106","1992","平成","4","11","23~24","タクシーで国道を走行中、対向車線にはみ出してきた普通乗用車と正面衝突した。","4","運輸交通業","402","道路旅客運送業","","","50~99","2","物上げ装置、運搬機械","23","乗物","","","17","交通事故（道路）"
"2107","1992","平成","4","11","23~24","下水道工事において、溝内(幅1m、深さ2.8m、長さ約14m)に土止め支保工を設置中、幅約9.6m、高さ2.3mに渡って崩壊した。","3","建設業","301","土木工事業","","","1~9","7","環境等","71","環境等","","","5","崩壊、倒壊"
"2108","1992","平成","4","11","11~12","工事現場において、電動掃除機で階段を清掃後、外部足場にあるコンセントから掃除機のプラグを外すため、階段踊場と梁の間の足場板上を歩行中、墜落した。","3","建設業","302","建築工事業","","","30~49","4","仮設物、建築物、構築物等","41","仮設物、建築物、構築物等","","","1","墜落、転落"
"2109","1992","平成","4","11","14~15","パルプ材の搬出道を作るため伐採作業中、倒れた木(径約25センチメートル、長さ約6m)の下敷きになった。","6","農林業","601","農業","","","1~9","7","環境等","71","環境等","","","6","激突され"
"2110","1992","平成","4","11","14~15","作業現場から軽自動車で事業所へ戻る途中、林道脇の崖下(約50m)に転落した。","6","農林業","601","農業","","","10~29","2","物上げ装置、運搬機械","23","乗物","","","17","交通事故（道路）"
"2111","1992","平成","4","11","15~16","木造2階建住宅の塗装工事中、1階屋根上(高さ2.65m)から地上へ梯子を伝って降りる際、梯子とともに墜落した。","3","建設業","302","建築工事業","","","1~9","3","その他の装置等","37","用具","","","1","墜落、転落"
"2112","1992","平成","4","11","16~17","糞の除去作業のためトラクターショベルで牛舎内に入ろうとしたとき、牛舎の梁(高さ2.3m)と運転席の間に挟まれた。","7","畜産・水産業","","","","","10~29","1","動力機械","14","建設機械等","","","7","はさまれ、巻き込まれ"
"2113","1992","平成","4","11","6~7","トラックで走行中、アイスバーン状態の道路上でセンターラインを越えてきた乗用車を避けるため乗用車が急ブレーキをかけ、その後続のトレーラーも急ブレーキをかけたところ横向きに両車線をふさぎ、そこへ衝突した。","4","運輸交通業","403","道路貨物運送業","","","100~299","2","物上げ装置、運搬機械","22","動力運搬機","","","17","交通事故（道路）"
"2114","1992","平成","4","11","7~8","フォークリフトでパネルソー(1650キログラム)をトラックに積み込む作業中、フォークが引っかかってパネルソーが倒れ、それを支えようとして下敷きになった。","3","建設業","302","建築工事業","","","1~9","2","物上げ装置、運搬機械","22","動力運搬機","","","6","激突され"
"2115","1992","平成","4","11","8~9","高さ95センチメートルの倉庫床とトラック荷台に片足ずつかけた姿勢で、18リットル缶120個をトラックから倉庫に荷卸し作業中、倉庫とトラック荷台の隙間に墜落した。","4","運輸交通業","403","道路貨物運送業","","","10~29","2","物上げ装置、運搬機械","22","動力運搬機","","","1","墜落、転落"
"2116","1992","平成","4","11","9~10","天井クレーンのランウェイ点検通路上で配電工事中、走行してきたクレーンのサドルと柱に挟まれた。","3","建設業","303","その他の建設業","","","10~29","2","物上げ装置、運搬機械","21","動力クレーン等","","","7","はさまれ、巻き込まれ"
"2117","1992","平成","4","11","10~11","鉄骨2階建店舗新築工事において、躯体外部にだき足場を設置中、躯体2階部分の梁から墜落した。","3","建設業","302","建築工事業","","","1~9","4","仮設物、建築物、構築物等","41","仮設物、建築物、構築物等","","","1","墜落、転落"
"2118","1992","平成","4","11","14~15","マンホール内(60×60×82センチメートル)で作業中、前進してきた2tトラックに衝突されひかれた。","3","建設業","301","土木工事業","","","10~29","2","物上げ装置、運搬機械","22","動力運搬機","","","17","交通事故（道路）"
"2119","1992","平成","4","11","1~2","建設現場へ鉄骨組立用資材を運搬中、左カーブで対向車線にはみ出し、道路法面の落石防護柵の支柱に激突した。","3","建設業","302","建築工事業","","","10~29","2","物上げ装置、運搬機械","22","動力運搬機","","","17","交通事故（道路）"
"2120","1992","平成","4","11","2~3","荷を配送後4tトラックで戻る途中、交差点で直進してきた乗用車と衝突し、田圃へ転落した。","4","運輸交通業","403","道路貨物運送業","","","50~99","2","物上げ装置、運搬機械","22","動力運搬機","","","17","交通事故（道路）"
"2121","1992","平成","4","11","6~7","自社倉庫において、型わく用角鋼管が結束された荷のはい(高さ約4m)の横に置かれた木箱を取ろうとしたところ、はいが倒れて当たった。","3","建設業","302","建築工事業","","","50~99","6","荷","61","荷","","","5","崩壊、倒壊"
"2122","1992","平成","4","11","7~8","ワゴン車で他の現場にある発電機を取りに行く途中、路面の凍結により車がスリップし、山肌に衝突して川側に約45m転落した。","3","建設業","301","土木工事業","","","10~29","2","物上げ装置、運搬機械","23","乗物","","","17","交通事故（道路）"
"2123","1992","平成","4","11","9~10","光沢材になる白土の入ったコンテナーバック(1t)をホイストクレーンで吊り、バック下部のロープを外して原料投入口に投入しようとしたところ、バックに装着してあるナイロンスリングの縫い目が剥がれ、荷が落下して下敷きになった。","1","製造業","106","パルプ・紙・紙加工品製造業","","","10~29","6","荷","61","荷","","","4","飛来、落下"
"2124","1992","平成","4","11","13~14","工事用道路取付作業現場において、バックホウで法面(高さ2m勾配22~33度)を降りているとき、バックホウが横転し、倒れてきたバックホウのブームが当たり下敷きになった。","3","建設業","301","土木工事業","","","1~9","1","動力機械","14","建設機械等","","","2","転倒"
"2125","1992","平成","4","11","14~15","工事現場のイベントホール内はね出しスラブ上において、同僚が1階の足場上から手渡す足場板を2階で受け取る作業中、4.6m下のコンクリート床に転落した。","3","建設業","302","建築工事業","","","10~29","4","仮設物、建築物、構築物等","41","仮設物、建築物、構築物等","","","1","墜落、転落"
"2126","1992","平成","4","11","16~17","工事現場を歩行中、立坑にかぶせてあった作業床(合板)が動揺し、深さ41mの立坑内に墜落した。","3","建設業","301","土木工事業","","","1~9","4","仮設物、建築物、構築物等","41","仮設物、建築物、構築物等","","","1","墜落、転落"
"2127","1992","平成","4","11","16~17","塗装作業を終えワゴン車で帰社する途中、交差点内で停止していたところ、右方向から走行してきた車に衝突された。","3","建設業","302","建築工事業","","","1~9","2","物上げ装置、運搬機械","23","乗物","","","17","交通事故（道路）"
"2128","1992","平成","4","11","16~17","工事の掘削土をダンプカーで土捨場に運搬し、ブルドーザーで土砂を均していたとき、ブルドーザーとともに約8m下の空地に転落した。","3","建設業","301","土木工事業","","","10~29","1","動力機械","14","建設機械等","","","1","墜落、転落"
"2129","1992","平成","4","11","18~19","天井クレーン(つり上げ荷重5.1t)でシートパイルをトレーラーに積み込む作業中、クレーンのフックがトラニオンから抜け落ちてシートパイルが落下し、その下敷きになった。","4","運輸交通業","403","道路貨物運送業","","","30~49","2","物上げ装置、運搬機械","21","動力クレーン等","","","4","飛来、落下"
"2130","1992","平成","4","11","18~19","レーボーイ(リフター)上に積まれた板紙を枠替えする際、流れてくる板紙を一時保持する仮受フォーク4本の位置が悪く、板紙が崩れそうになったため、カッターレーボーイの下で新しいフォークを取付中、他系列のフォークを同僚が駆動させたため、フォーク取付金具部分に挟まれた。","1","製造業","106","パルプ・紙・紙加工品製造業","","","50~99","1","動力機械","16","一般動力機械","","","7","はさまれ、巻き込まれ"
"2131","1992","平成","4","11","20~21","別会社での作業のため同僚が運転する車で向う途中、ビニールハウス用重油タンクに衝突した。","1","製造業","114","電気機械器具製造業","","","30~49","2","物上げ装置、運搬機械","23","乗物","","","17","交通事故（道路）"
"2132","1992","平成","4","11","11~12","牧場内に設置した堆肥の撹拌機の刃に挟まれた。","7","畜産・水産業","","","","","1~9","1","動力機械","16","一般動力機械","","","7","はさまれ、巻き込まれ"
"2133","1992","平成","4","11","9~10","橋梁の補修塗装工事において、橋梁の点検台上で吊り足場の吊りチェーンを橋桁に取り付ける作業中、足を踏み外し9m下の市道に墜落した。","3","建設業","303","その他の建設業","","","1~9","4","仮設物、建築物、構築物等","41","仮設物、建築物、構築物等","","","1","墜落、転落"
"2134","1992","平成","4","11","10~11","自動車車検場へ向う同僚の送迎として軽乗用車で国道を走行中、右路側帯の縁石に当たって横転した。","1","製造業","117","その他の製造業","","","10~29","2","物上げ装置、運搬機械","23","乗物","","","17","交通事故（道路）"
"2135","1992","平成","4","11","10~11","測量作業のため軽四ジープで現場に乗り入れた際、エンストを起し立往生していたところ、軽四ジープと同経路で進入してきたキャリースクレーパーに後方から乗り上げられ、キャタピラ(クローラー)の下敷きとなった。","3","建設業","301","土木工事業","","","1~9","1","動力機械","14","建設機械等","","","7","はさまれ、巻き込まれ"
"2136","1992","平成","4","11","11~12","建設会社の機材センター内で、フォークリフト同士が衝突しそうになり急停車したところ、積荷の鋼製足場が落下し、通路脇にいて激突された。","4","運輸交通業","403","道路貨物運送業","","","1~9","2","物上げ装置、運搬機械","22","動力運搬機","","","4","飛来、落下"
"2137","1992","平成","4","11","13~14","定期検査のためドック入りした砂利運搬船のボイドタンクのマンホールを開け、タラップを伝って中に入ろうとしたところ、酸欠空気を吸い込み意識を失ってタンク内に墜落し、溜まっていた海水で溺死した。","1","製造業","115","輸送用機械等製造業","","","100~299","7","環境等","71","環境等","","","12","有害物等との接触"
"2138","1992","平成","4","11","13~14","定期検査のためドック入りした砂利運搬船のボイドタンクのマンホールを開け、タラップを伝って中に入ろうとしたところ、酸欠空気を吸い込み意識を失ってタンク内に墜落し、溜まっていた海水で溺死した。","1","製造業","115","輸送用機械等製造業","","","100~299","7","環境等","71","環境等","","","12","有害物等との接触"
"2139","1992","平成","4","11","13~14","ホイールローダーの回送作業中、ホイールローダーをトラックのウインチでトラックの荷台に引き上げていたところ、左足がウインチに巻き込まれ、荷台のアングルとホイールローダーの間に挟まれた。","8","商業","","","","","10~29","2","物上げ装置、運搬機械","21","動力クレーン等","","","7","はさまれ、巻き込まれ"
"2140","1992","平成","4","11","14~15","傾斜地(勾配約45度)でパワーショベルにより土砂の切取り作業中、杉の切株(高さ1.5m、幅1.7m)を掘り起こした際、切株が転がり落ちて直撃した。","3","建設業","301","土木工事業","","","1~9","7","環境等","71","環境等","","","4","飛来、落下"
"2141","1992","平成","4","11","14~15","ジャッキアップした自動車の下でブレーキパット及びオイル交換作業中、ジャッキの油圧が抜け、車と地面の間に挟まれた。","1","製造業","117","その他の製造業","","","1~9","3","その他の装置等","36","人力機械工具等","","","7","はさまれ、巻き込まれ"
"2142","1992","平成","4","11","15~16","舗装面端部を側溝内より突き固め作業中、バックしてきたアスファルトフィニッシャーと敷地境界に立てられたトタン塀の間に挟まれた。","3","建設業","301","土木工事業","","","10~29","1","動力機械","14","建設機械等","","","7","はさまれ、巻き込まれ"
"2143","1992","平成","4","11","16~17","人工降雪機の配管埋設工事中、バックホウで掘削した掘削溝(幅2m、深さ2m)が崩壊し埋まった。","3","建設業","301","土木工事業","","","1~9","7","環境等","71","環境等","","","5","崩壊、倒壊"
"2144","1992","平成","4","12","2~3","冷凍加工品を運送中、国道で信号待ちのトラックに追突した。","4","運輸交通業","403","道路貨物運送業","","","10~29","2","物上げ装置、運搬機械","22","動力運搬機","","","17","交通事故（道路）"
"2145","1992","平成","4","12","9~10","枠組足場(11層)の解体作業中、各層に作業者を配置し上層から手渡しで足場材を降ろしていたところ、5層目の足場上の被災者が4層目に材を手渡したとき、すじかいを越えて墜落した。","3","建設業","302","建築工事業","","","10~29","4","仮設物、建築物、構築物等","41","仮設物、建築物、構築物等","","","1","墜落、転落"
"2146","1992","平成","4","12","10~11","病院駐車場に入ろうとした軽ワンボックスカーを入口手前に一旦停止させ、発進の合図をしたが、入口に向って前進してきた加害車の直前に出たため、出会い頭に激突された。","15","清掃・と畜業","","","","","100~299","2","物上げ装置、運搬機械","23","乗物","","","17","交通事故（道路）"
"2147","1992","平成","4","12","12~13","ホームで、通過中の貨物列車に積載されたコンテナに後頭部を接触した。","4","運輸交通業","401","鉄道・軌道・水運・航空業","","","10~29","2","物上げ装置、運搬機械","23","乗物","","","18","交通事故（その他）"
"2148","1992","平成","4","12","14~15","集材作業中、伐倒木にかけられたワイヤをブルドーザーに掛けていたところ、落石が頭部を直撃した。","6","農林業","601","農業","","","10~29","7","環境等","71","環境等","","","4","飛来、落下"
"2149","1992","平成","4","12","14~15","営業のため国道を走行中、対向車を避けきれず、道路脇の水銀灯に激突した。","3","建設業","301","土木工事業","","","1~9","2","物上げ装置、運搬機械","23","乗物","","","17","交通事故（道路）"
"2150","1992","平成","4","12","16~17","製材工場のスレート屋根上で集塵装置の点検中、スレートを踏み抜き約5m下のコンクリート床に墜落した。","1","製造業","104","木材・木製品製造業","","","1~9","4","仮設物、建築物、構築物等","41","仮設物、建築物、構築物等","","","1","墜落、転落"
"2151","1992","平成","4","12","16~17","住宅新築工事に際して、隣家のテレビの電波障害をなくすため隣家のテレビアンテナ等を工事中、梯子から足を踏み外し、墜落した。","3","建設業","302","建築工事業","","","1~9","3","その他の装置等","37","用具","","","1","墜落、転落"
"2152","1992","平成","4","12","22~23","26tトレーラーでポリエステルチップを輸送中、高速道路で車線変更した際、後続の乗用車がトレーラーの左前部に接触したため、右にハンドルを切ったところ中央分離帯へ激突し、横転炎上した。","4","運輸交通業","403","道路貨物運送業","","","30~49","2","物上げ装置、運搬機械","22","動力運搬機","","","17","交通事故（道路）"
"2153","1992","平成","4","12","17~18","ブルドーザーで整地作業中、キャタピラ上に落ちて巻き込まれた。","3","建設業","301","土木工事業","","","10~29","1","動力機械","14","建設機械等","","","7","はさまれ、巻き込まれ"
"2154","1992","平成","4","12","3~4","配送後10tトラックで営業所へ戻る途中、10tトラックに追突され横転した。","4","運輸交通業","403","道路貨物運送業","","","30~49","2","物上げ装置、運搬機械","22","動力運搬機","","","17","交通事故（道路）"
"2155","1992","平成","4","12","3~4","配送後10tトラックで営業所へ戻る途中、10tトラックに追突され横転した。","4","運輸交通業","403","道路貨物運送業","","","30~49","2","物上げ装置、運搬機械","22","動力運搬機","","","17","交通事故（道路）"
"2156","1992","平成","4","12","5~6","連続染色機の乾燥設備のコンベア用原動機から火災が発生し、逃げ遅れた。","1","製造業","102","繊維工業","","","100~299","9","その他","99","分類不能","","","16","火災"
"2157","1992","平成","4","12","10~11","事業場のスレート葺き屋根からスレートを踏み抜き、5m下のコンクリート床へ墜落した。","8","商業","","","","","10~29","4","仮設物、建築物、構築物等","41","仮設物、建築物、構築物等","","","1","墜落、転落"
"2158","1992","平成","4","12","11~12","ビル新築工事現場において、1階スラブの型わく組立作業中、コンパネ材上で型わく材を切断していたところ、約6.5m下の地下2階通路上に墜落した。","3","建設業","302","建築工事業","","","1~9","4","仮設物、建築物、構築物等","41","仮設物、建築物、構築物等","","","1","墜落、転落"
"2159","1992","平成","4","12","11~12","梯子を紐で立木に結び、その上で木の手入れ作業中、足を踏み外し墜落した。","13","保健・衛生業","","","","","1~9","3","その他の装置等","37","用具","","","1","墜落、転落"
"2160","1992","平成","4","12","12~13","ボイラーに鉄製階段を取付作業中、階段が外れ、約7m下に転落した。","3","建設業","303","その他の建設業","","","1~9","4","仮設物、建築物、構築物等","41","仮設物、建築物、構築物等","","","1","墜落、転落"
"2161","1992","平成","4","12","14~15","急な坂道で動かなくなった2tトラックを積載型移動式クレーン(つり上げ荷重2.9t)で引き上げる際、クレーンが横転し、引き上げていたトラックに激突された。","1","製造業","117","その他の製造業","","","1~9","2","物上げ装置、運搬機械","21","動力クレーン等","","","6","激突され"
"2162","1992","平成","4","12","15~16","工事現場内で休憩中、バックしてきた移動式クレーンにひかれた。","3","建設業","302","建築工事業","","","1~9","2","物上げ装置、運搬機械","21","動力クレーン等","","","7","はさまれ、巻き込まれ"
"2163","1992","平成","4","12","21~22","漁船で定置漁場の密漁監視業務後、仮眠に入ったが、船内からいなくなった。","7","畜産・水産業","","","","","50~99","2","物上げ装置、運搬機械","23","乗物","","","1","墜落、転落"
"2164","1992","平成","4","12","1~2","薬液の注入作業中、立坑覆土板の開口部から約9m下に墜落した。","3","建設業","301","土木工事業","","","不明","4","仮設物、建築物、構築物等","41","仮設物、建築物、構築物等","","","1","墜落、転落"
"2165","1992","平成","4","12","8~9","鉄板の切断作業のため半自動切断機に点火したところ、爆発した。","1","製造業","115","輸送用機械等製造業","","","1~9","3","その他の装置等","33","溶接装置","","","14","爆発"
"2166","1992","平成","4","12","9~10","バックホウで暗渠ボックスを吊り上げたところ、吊り荷と擁壁との間に挟まれた。","3","建設業","301","土木工事業","","","1~9","1","動力機械","14","建設機械等","","","6","激突され"
"2167","1992","平成","4","12","9~10","ロードローラーで道路歩道部分の転圧作業中、ロードローラーとともに道路端から斜面を約5m滑り落ちた。","3","建設業","301","土木工事業","","","10~29","1","動力機械","14","建設機械等","","","1","墜落、転落"
"2168","1992","平成","4","12","9~10","公園内の立木の枝落とし作業中、脚立上から墜落した。","6","農林業","602","林業","","","10~29","3","その他の装置等","37","用具","","","1","墜落、転落"
"2169","1992","平成","4","12","9~10","道路上で測量作業中、道路中央にしゃがんでマーキングをしていたところ、走行してきた乗用車にはねられた。","17","その他の事業","","","","","1~9","2","物上げ装置、運搬機械","23","乗物","","","17","交通事故（道路）"
"2170","1992","平成","4","12","11~12","ビル用コンクリート製外壁板(6m×2.5m×11.2センチメートル、3.2t)を橋形クレーン(つり上げ荷重7.5t)で吊り上げ移動中、外壁板内にループ状に埋め込んであったワイヤ(9ミリメートル直径)が切れ、板が落下しその下敷きになった。","1","製造業","109","窯業土石製品製造業","","","1~9","5","物質、材料","52","材料","","","4","飛来、落下"
"2171","1992","平成","4","12","11~12","バキュームカーでし尿処理場へ向う途中、前の生コン車が停車したのに気付かず、追突した。","15","清掃・と畜業","","","","","1~9","2","物上げ装置、運搬機械","22","動力運搬機","","","17","交通事故（道路）"
"2172","1992","平成","4","12","11~12","ビル用コンクリート製外壁板(6m×2.5m×11.2センチメートル、3.2t)を橋形クレーン(つり上げ荷重7.5t)で吊り上げ移動中、外壁板内にループ状に埋め込んであったワイヤ(9ミリメートル直径)が切れ、板が落下しその下敷きになった。","1","製造業","109","窯業土石製品製造業","","","1~9","5","物質、材料","52","材料","","","4","飛来、落下"
"2173","1992","平成","4","12","12~13","飼料をバイクで運搬中、信号の無い交差点で右折する際、タクシーと衝突した。","7","畜産・水産業","","","","","1~9","2","物上げ装置、運搬機械","23","乗物","","","17","交通事故（道路）"
"2174","1992","平成","4","12","0~1","休憩をとるため仮設された外階段を降りる途中、踊場付近でつまずき4m下に墜落した。","3","建設業","302","建築工事業","","","1~9","4","仮設物、建築物、構築物等","41","仮設物、建築物、構築物等","","","1","墜落、転落"
"2175","1992","平成","4","12","7~8","ボートに乗り池に浮いているゴルフボールの回収作業中、バランスを崩しボートが転覆した。","14","接客娯楽業","","","","","1~9","2","物上げ装置、運搬機械","23","乗物","","","10","おぼれ"
"2176","1992","平成","4","12","14~15","船外機付ボート(排水量0.9t)の修理後、海上で試運転中、ボートから海中に転落した。","8","商業","","","","","1~9","2","物上げ装置、運搬機械","23","乗物","","","10","おぼれ"
"2177","1992","平成","4","12","17~18","出張先からの帰路、国道で右折のため停車中、後車に追突されて対向車線へ押し出され、大型トラックと正面衝突した。","9","金融・広告業","","","","","10~29","2","物上げ装置、運搬機械","23","乗物","","","17","交通事故（道路）"
"2178","1992","平成","4","12","22~23","4tトラックで高速道路を走行中、前車の大型トレーラーに追突した。","4","運輸交通業","403","道路貨物運送業","","","50~99","2","物上げ装置、運搬機械","22","動力運搬機","","","17","交通事故（道路）"
"2179","1992","平成","4","12","23~24","事業場から現場事務所へ向う途中、高速道路の中央分離帯に激突し、後続のトラックに追突された。","3","建設業","301","土木工事業","","","100~299","2","物上げ装置、運搬機械","23","乗物","","","17","交通事故（道路）"
"2180","1992","平成","4","12","0~1","10tタンクローリーに不凍液を積み高速道路を走行中、別の事故で渋滞中のトラックに追突した。","4","運輸交通業","403","道路貨物運送業","","","10~29","2","物上げ装置、運搬機械","22","動力運搬機","","","17","交通事故（道路）"
"2181","1992","平成","4","12","2~3","高速道路上でトラックのパンクしたタイヤを修理中、走行してきた車にはねられた。","4","運輸交通業","403","道路貨物運送業","","","100~299","2","物上げ装置、運搬機械","23","乗物","","","17","交通事故（道路）"
"2182","1992","平成","4","12","8~9","道路路面補修工事において、後進してきたロードスイーパにひかれた。","3","建設業","301","土木工事業","","","10~29","2","物上げ装置、運搬機械","22","動力運搬機","","","7","はさまれ、巻き込まれ"
"2183","1992","平成","4","12","9~10","車両の整理中、納品を終えてバックしてきた保冷車にひかれた。","17","その他の事業","","","","","50~99","2","物上げ装置、運搬機械","22","動力運搬機","","","6","激突され"
"2184","1992","平成","4","12","10~11","ステージ上(高さ3.55m)で300tプレスの修理中、油圧ジャッキでフライホイールを取り外していたところ、フライホイールが突然外れて倒れてきたためステージから墜落した。","1","製造業","117","その他の製造業","","","1~9","4","仮設物、建築物、構築物等","41","仮設物、建築物、構築物等","","","1","墜落、転落"
"2185","1992","平成","4","12","13~14","3階建住宅屋上のフェンス外側の塗装作業中、9.6m下の駐車場に墜落した。","3","建設業","302","建築工事業","","","10~29","4","仮設物、建築物、構築物等","41","仮設物、建築物、構築物等","","","1","墜落、転落"
"2186","1992","平成","4","12","13~14","遊園内ミニゴルフ場の傾斜地において、トラクターショベルで盛土作業中、ショベルが横転して下敷きになった。","14","接客娯楽業","","","","","1~9","1","動力機械","14","建設機械等","","","2","転倒"
"2187","1992","平成","4","12","10~11","工事竣工後1年目の検査中、ガス漏れの指摘があり、様子を見るため点検口からピット内に入る際、ピット内が暗くガスライターをつけたところ、滞留していた都市ガスに引火し、爆発した。","3","建設業","302","建築工事業","","","30~49","5","物質、材料","51","危険物、有害物等","","","14","爆発"
"2188","1992","平成","4","12","14~15","ベルトコンベヤーを修理中、すぐ下にある別のベルトコンベヤー(運転中)に転落し、修理中のベルトコンベヤーとの間に挟まれた。","1","製造業","117","その他の製造業","","","1~9","2","物上げ装置、運搬機械","22","動力運搬機","","","7","はさまれ、巻き込まれ"
"2189","1992","平成","4","12","14~15","作業構台上で型わく材(鋼管)の整理作業中、構台に接続する枠組足場から3.6m下の地上に墜落した。","3","建設業","302","建築工事業","","","10~29","4","仮設物、建築物、構築物等","41","仮設物、建築物、構築物等","","","1","墜落、転落"
"2190","1992","平成","4","12","3~4","4tトラックで建築資材を配送中、停車中の大型トラックに追突した。","4","運輸交通業","403","道路貨物運送業","","","10~29","2","物上げ装置、運搬機械","22","動力運搬機","","","17","交通事故（道路）"
"2191","1992","平成","4","12","8~9","工場の屋根の張り替え作業中、屋根上でスレートを剥していたところ、スレートを踏み抜き、約5.5m下の地上に墜落した。","1","製造業","104","木材・木製品製造業","","","10~29","4","仮設物、建築物、構築物等","41","仮設物、建築物、構築物等","","","1","墜落、転落"
"2192","1992","平成","4","12","8~9","踊り場上で紙切れを直しているとき、転落した。","1","製造業","106","パルプ・紙・紙加工品製造業","","","30~49","1","動力機械","16","一般動力機械","","","1","墜落、転落"
"2193","1992","平成","4","12","9~10","シールド工事現場において、発進立坑内のマンホールに鋼管25本を推管する準備作業として、マンホール外側に打ち込まれている鏡面土止め壁の鋼管(径1m)をガス溶断中、当該鋼管内部にあった土砂が流出し、埋まった。","3","建設業","301","土木工事業","","","10~29","7","環境等","71","環境等","","","5","崩壊、倒壊"
"2194","1992","平成","4","12","11~12","バックホウで土止用鋼矢板(6m)を引き抜き、旋回していたところ、ワイヤロープから鋼矢板が抜けて当たった。","3","建設業","302","建築工事業","","","1~9","3","その他の装置等","37","用具","","","4","飛来、落下"
"2195","1992","平成","4","12","11~12","軽トラックで酒を配達中、右折のため停車していたところ普通トラックに追突され、はずみで反対車線に飛び出し大型トラックと正面衝突した。","8","商業","","","","","1~9","2","物上げ装置、運搬機械","22","動力運搬機","","","17","交通事故（道路）"
"2196","1992","平成","4","12","11~12","100tクレーンの据付工事において、天井クレーンの鉄製サドルをレールに降ろした後、4本のワイヤで仮固定をする作業中、サドルが倒れて下敷きになった。","3","建設業","303","その他の建設業","","","30~49","5","物質、材料","52","材料","","","6","激突され"
"2197","1992","平成","4","12","14~15","8階建住宅新築工事現場において、資材を持って枠組足場を移動中、長さ4mの足場板を固定していなかったため板が天秤状態になり、約19m下の低層階の屋上に墜落した。","3","建設業","302","建築工事業","","","10~29","4","仮設物、建築物、構築物等","41","仮設物、建築物、構築物等","","","1","墜落、転落"
"2198","1992","平成","4","12","14~15","フォークリフトに型わく用鋼管をバラ積みにし堰堤上部に運ぶ途中、スリップしたため10mバックしたところ、右後輪が法面に乗り上げて横転し、その下敷きになった。","1","製造業","109","窯業土石製品製造業","","","10~29","2","物上げ装置、運搬機械","22","動力運搬機","","","2","転倒"
"2199","1992","平成","4","12","16~17","ドラグショベル(積載荷重250キログラム)のバケットに取り付けられていたフックにコンクリートホッパー(生コン約300キログラム入り)を吊り下げ、左へ旋回したところ水田の法肩が崩れ、ドラグショベルとともに約3.7m下の道路に転落し、その下敷きになった。","3","建設業","301","土木工事業","","","10~29","1","動力機械","14","建設機械等","","","1","墜落、転落"
"2200","1992","平成","4","12","16~17","車で出張中、下り坂のカーブでスリップして対向車線にはみ出し、ダンプカーと衝突した。","8","商業","","","","","10~29","2","物上げ装置、運搬機械","23","乗物","","","17","交通事故（道路）"
"2201","1992","平成","4","12","3~4","マルチプルタイタンパー(約26t)で道床の突固め作業中、タイタンパーの駆動用サポートが折損して動かなくなり、2ヶ所をジャッキで持ち上げ、その下に入って牽引準備をしていたところ、ジャッキからタイタンパーがずれ落ちた。","3","建設業","301","土木工事業","","","10~29","1","動力機械","14","建設機械等","","","7","はさまれ、巻き込まれ"
"2202","1992","平成","4","12","3~4","トラックに同乗し国道を走行中、中央分離帯を乗り越え、対向車と衝突した。","4","運輸交通業","403","道路貨物運送業","","","30~49","2","物上げ装置、運搬機械","22","動力運搬機","","","17","交通事故（道路）"
"2203","1992","平成","4","12","3~4","トラックで国道を走行中、中央分離帯を乗り越え、対向車と衝突した。","4","運輸交通業","403","道路貨物運送業","","","30~49","2","物上げ装置、運搬機械","22","動力運搬機","","","17","交通事故（道路）"
"2204","1992","平成","4","12","3~4","11tトラックで高速道路を走行中、カーブを曲がりきれずフェンスに激突して横転し、車外に投げ出されて後続トラックにはねられた。","4","運輸交通業","403","道路貨物運送業","","","50~99","2","物上げ装置、運搬機械","22","動力運搬機","","","17","交通事故（道路）"
"2205","1992","平成","4","12","9~10","舗装工事中、軽自動車が自転車と接触して運転を誤り、はねられた。","3","建設業","301","土木工事業","","","10~29","2","物上げ装置、運搬機械","23","乗物","","","17","交通事故（道路）"
"2206","1992","平成","4","12","9~10","ロングスパン工事用エレベータで運搬中の単管が落下し、地上にいて当たった。","3","建設業","302","建築工事業","","","1~9","5","物質、材料","52","材料","","","4","飛来、落下"
"2207","1992","平成","4","12","10~11","工場内において、脚立上(約80センチメートル)で橋桁の溶接部の仕上げ作業中、倒れた。","1","製造業","112","金属製品製造業","","","10~29","9","その他","99","分類不能","","","99","分類不能"
"2208","1992","平成","4","12","11~12","軽ライトバンに同乗しワインを配達中、交差点でトラックと衝突した。","1","製造業","101","食料品製造業","","","30~49","2","物上げ装置、運搬機械","22","動力運搬機","","","17","交通事故（道路）"
"2209","1992","平成","4","12","11~12","集金のためライトバンで走行中、対向車線をはみ出して来た4tトラックと正面衝突した。","8","商業","","","","","30~49","2","物上げ装置、運搬機械","22","動力運搬機","","","17","交通事故（道路）"
"2210","1992","平成","4","12","13~14","テールゲート付トラックの塗装の補修作業において、テールゲートを上げて作業中、テールゲートとリヤフレームの間に頭部を挟まれた。","1","製造業","115","輸送用機械等製造業","","","30~49","2","物上げ装置、運搬機械","22","動力運搬機","","","7","はさまれ、巻き込まれ"
"2211","1992","平成","4","12","14~15","2tトラックで高速道路を走行中、道路標識の鉄柱に激突した。","4","運輸交通業","403","道路貨物運送業","","","50~99","2","物上げ装置、運搬機械","22","動力運搬機","","","17","交通事故（道路）"
"2212","1992","平成","4","12","16~17","客先に中古車を届け代車の乗用車で帰社途中、ガソリンスタンドのブロック塀に衝突した。","8","商業","","","","","1~9","2","物上げ装置、運搬機械","23","乗物","","","17","交通事故（道路）"
"2213","1992","平成","4","12","18~19","給料日に欠勤していた同僚に会社の依頼で給料を届ける途中、ワゴン車の後輪に挟まれた。","3","建設業","301","土木工事業","","","10~29","2","物上げ装置、運搬機械","23","乗物","","","17","交通事故（道路）"
"2214","1992","平成","4","12","8~9","町道の側溝設置のため型わく組立中、側溝横の地山が崩壊(約5m3)し、埋まった。","3","建設業","301","土木工事業","","","1~9","7","環境等","71","環境等","","","5","崩壊、倒壊"
"2215","1992","平成","4","12","9~10","2tトラックで県道を走行中、停車中のトラックに追突した。","1","製造業","113","一般機械器具製造業","","","10~29","2","物上げ装置、運搬機械","22","動力運搬機","","","17","交通事故（道路）"
"2216","1992","平成","4","12","9~10","2tトラックで国道を走行中、渋滞のため停止したところ、後車のタンクローリーに追突され前車との間に挟まれた。","4","運輸交通業","403","道路貨物運送業","","","100~299","2","物上げ装置、運搬機械","22","動力運搬機","","","17","交通事故（道路）"
"2217","1992","平成","4","12","10~11","トラクターショベルのショベルを約90センチメートル上げ、ショベルの下及びタイヤを水洗い中、ショベルが降下しアームと本体に挟まれた。","7","畜産・水産業","","","","","1~9","1","動力機械","14","建設機械等","","","7","はさまれ、巻き込まれ"
"2218","1992","平成","4","12","10~11","3階デッキプレート端に養生シート取付後、デッキプレート端付近を通行中、9.5m下の土間に墜落した。","3","建設業","302","建築工事業","","","1~9","4","仮設物、建築物、構築物等","41","仮設物、建築物、構築物等","","","1","墜落、転落"
"2219","1992","平成","4","12","11~12","工場屋根の補修工事中、スレートを踏み抜き、6m下のコンクリート床に墜落した。","3","建設業","302","建築工事業","","","10~29","4","仮設物、建築物、構築物等","41","仮設物、建築物、構築物等","","","1","墜落、転落"
"2220","1992","平成","4","12","12~13","碍子取替のため高所作業車に乗り電柱上で活線作業中、防護のフロシキシートが抜け落ちて電線が足に触れたため、碍子を持ちアームに固定しようとしたところ、感電した。","3","建設業","303","その他の建設業","","","100~299","3","その他の装置等","35","電気設備","","","13","感電"
"2221","1992","平成","4","12","13~14","橋形クレーンでビルの外壁材を吊り上げ移動中、吊り上げていた外壁材と周辺に積み上げられていた他の外壁材の間に挟まれた。","1","製造業","109","窯業土石製品製造業","","","30~49","2","物上げ装置、運搬機械","21","動力クレーン等","","","7","はさまれ、巻き込まれ"
"2222","1992","平成","4","12","13~14","工場屋上の配管工事場所に行く途中、屋根の天窓のガラス部分に乗ったところ、ガラスが破れて約6m下のコンクリート床に墜落した。","3","建設業","303","その他の建設業","","","10~29","4","仮設物、建築物、構築物等","41","仮設物、建築物、構築物等","","","1","墜落、転落"
"2223","1992","平成","4","12","14~15","住宅造成工事現場において、ドラグショベルをトラックに積み込む作業中、ドラグショベルが横転し、その下敷きになった。","3","建設業","301","土木工事業","","","1~9","1","動力機械","14","建設機械等","","","1","墜落、転落"
"2224","1992","平成","4","12","15~16","開削トンネル工事現場で土止め支保工の切梁取付中、仮置きしていたH型鋼が落下した。","3","建設業","301","土木工事業","","","10~29","4","仮設物、建築物、構築物等","41","仮設物、建築物、構築物等","","","4","飛来、落下"
"2225","1992","平成","4","12","16~17","砕石プラント内で、ベルトコンベヤーの切れたベルトの交換作業中、ベルトコンベヤーに玉掛けをし地上に降ろした後、被災者が地上に降りる途中、高さ約3mから地上に墜落した。","2","鉱業","202","土石採取業","","","1~9","4","仮設物、建築物、構築物等","41","仮設物、建築物、構築物等","","","1","墜落、転落"
"2226","1992","平成","4","12","18~19","走行中、交通渋滞のため停車しようとしたところ、後車の大型トラックに追突された。","1","製造業","117","その他の製造業","","","10~29","2","物上げ装置、運搬機械","22","動力運搬機","","","17","交通事故（道路）"
"2227","1992","平成","4","12","1~2","トラックで走行中、歩行者を避けようとして運転を誤り、道路横の建物に激突した。","4","運輸交通業","403","道路貨物運送業","","","300~499","2","物上げ装置、運搬機械","22","動力運搬機","","","17","交通事故（道路）"
"2228","1992","平成","4","12","2~3","無線中継所の受電盤内の配線替え作業中、高圧充電部分(6600V)に絶縁用シートを掛けようとしたとき、感電した。","3","建設業","303","その他の建設業","","","100~299","3","その他の装置等","35","電気設備","","","13","感電"
"2229","1992","平成","4","12","3~4","4tトラックで国道を走行中、センターラインを越えて4t保冷車と衝突し、約1m下の田圃に転落した。","4","運輸交通業","403","道路貨物運送業","","","30~49","2","物上げ装置、運搬機械","22","動力運搬機","","","17","交通事故（道路）"
"2230","1992","平成","4","12","9~10","木造車庫の新築工事において、屋根の瓦葺き作業のための墜落防止用手摺の取付中、軒先から約3m下のコンクリート床に墜落した。","3","建設業","302","建築工事業","","","1~9","4","仮設物、建築物、構築物等","41","仮設物、建築物、構築物等","","","1","墜落、転落"
"2231","1992","平成","4","12","10~11","工場内において、バイヤル(高さ35ミリメートル、径15ミリメートルの小瓶)の供給作業中、ターンテーブルと同下部のリレー板の間に腕を巻き込まれ、ビン寄せアームの支柱に頭部を圧迫された。","1","製造業","108","化学工業","","","1000~9999","1","動力機械","16","一般動力機械","","","7","はさまれ、巻き込まれ"
"2232","1992","平成","4","12","13~14","2階建て木造住宅増築工事で、2階部分の壁下地のアスファルトフェルト張り作業中、1階庇屋根から約3m下のコンクリート基礎に転落した。","3","建設業","302","建築工事業","","","1~9","4","仮設物、建築物、構築物等","41","仮設物、建築物、構築物等","","","1","墜落、転落"
"2233","1992","平成","4","12","14~15","林道開設工事において、掘削土を谷に埋めるための事前作業として、急斜面(勾配約48度)上で雑木を伐採中、足を滑らせ高さ約6mの崖から墜落した。","3","建設業","301","土木工事業","","","1~9","7","環境等","71","環境等","","","1","墜落、転落"
"2234","1992","平成","4","12","15~16","古紙の結束機(番線結束)の番線ガイド棒の摩耗状態を確かめるため、稼動中の結束機の結束棒吊りフレームとガイドレール固定金具の間に頭部を入れたところ、挟まれた。","1","製造業","113","一般機械器具製造業","","","50~99","1","動力機械","16","一般動力機械","","","7","はさまれ、巻き込まれ"
"2235","1992","平成","4","12","16~17","ユーザー先のベルトコンベヤーの点検終了後、自社船舶で帰社する途中、釣船に激突され、海中に転落した。","8","商業","","","","","1~9","2","物上げ装置、運搬機械","23","乗物","","","18","交通事故（その他）"
"2236","1992","平成","4","12","16~17","ユーザー先のベルトコンベヤーの点検終了後、自社船舶で帰社する途中、釣船に激突され、海中に転落した。","8","商業","","","","","1~9","2","物上げ装置、運搬機械","23","乗物","","","18","交通事故（その他）"
"2237","1992","平成","4","12","2~3","高速道路を走行中、路上に落ちていた大型車のタイヤに乗り上げ、中央分離帯に衝突し、反転して防音壁に衝突した。","4","運輸交通業","403","道路貨物運送業","","","100~299","2","物上げ装置、運搬機械","22","動力運搬機","","","17","交通事故（道路）"
"2238","1992","平成","4","12","5~6","バイクで新聞配達中、国道を横断する際、乗用車にはねられた。","8","商業","","","","","30~49","2","物上げ装置、運搬機械","23","乗物","","","17","交通事故（道路）"
"2239","1992","平成","4","12","14~15","山止め工事の水たたき側壁コンクリート打設において、コンクリート打設後、型わく側面の足場に降りようしたところ、足を滑らせ約6.5m下に墜落した。","3","建設業","301","土木工事業","","","1~9","4","仮設物、建築物、構築物等","41","仮設物、建築物、構築物等","","","1","墜落、転落"
"2240","1992","平成","4","12","14~15","檜の集材作業中、林道上の定位置に集材機で運んだ檜材を置くため、檜材に巻いた案内用ワイヤロープを引っ張っていたところ、荷揚げ索を緩めたため檜材が頭部を直撃した。","6","農林業","601","農業","","","1~9","2","物上げ装置、運搬機械","21","動力クレーン等","","","4","飛来、落下"
"2241","1992","平成","4","12","15~16","林内作業車で集材作業中、作業車ごと斜面(勾配40度)へ転落した。","6","農林業","601","農業","","","1~9","2","物上げ装置、運搬機械","22","動力運搬機","","","1","墜落、転落"
"2242","1992","平成","4","12","17~18","ガードマンとして舗装工事現場で交通整理中、バックしてきたタイヤローラーにひかれた。","17","その他の事業","","","","","1~9","1","動力機械","14","建設機械等","","","7","はさまれ、巻き込まれ"
"2243","1992","平成","4","12","7~8","フォークリフトでトラックに荷を積込作業中、風で下りたトラックの後ダレを掛け直しフォークリフトの運転席に戻る際、フォークリフトの操作レバーに足が触れ、フォークリフトのマストと運転席の間に挟まれた。","4","運輸交通業","403","道路貨物運送業","","","50~99","2","物上げ装置、運搬機械","22","動力運搬機","","","7","はさまれ、巻き込まれ"
"2244","1992","平成","4","12","10~11","木造建築新築工事において、建方工事作業中、梁上を移動していたところ、3.3m下のつか石(コンクリートブロック)上に墜落した。","3","建設業","302","建築工事業","","","1~9","4","仮設物、建築物、構築物等","41","仮設物、建築物、構築物等","","","1","墜落、転落"
"2245","1992","平成","4","12","10~11","定期点検の車を預かり営業所に戻る途中、県道を右折した際、直進してきた対向車と衝突した。","8","商業","","","","","10~29","2","物上げ装置、運搬機械","23","乗物","","","17","交通事故（道路）"
"2246","1992","平成","4","12","11~12","木造2階建住宅新築工事現場において、屋根上を移動中、13m下に墜落した。","3","建設業","302","建築工事業","","","1~9","4","仮設物、建築物、構築物等","41","仮設物、建築物、構築物等","","","1","墜落、転落"
"2247","1992","平成","4","12","13~14","法面に覆工されていたブロック積擁壁上から足を滑らせ、6m下の道路へ転落した。","3","建設業","301","土木工事業","","","10~29","4","仮設物、建築物、構築物等","41","仮設物、建築物、構築物等","","","1","墜落、転落"
"2248","1992","平成","4","12","14~15","建築廃材の破砕プラント工場で、破砕したコンクリートを運ぶベルトコンベヤーのプーリーとベルトの間に腕を巻き込まれた。","15","清掃・と畜業","","","","","10~29","1","動力機械","12","動力伝導機構","","","7","はさまれ、巻き込まれ"
"2249","1992","平成","4","12","19~20","段ボール板紙の反りを直すため、原紙ロールを上部に重し代わりに載せ蒸気を吹き付けていたところ、積み重ねられた段ボールが滑るようにずれ、原紙ロールが落下して当たり、転倒して別のパレットの角と原紙ロールに頭部を挟まれた。","1","製造業","106","パルプ・紙・紙加工品製造業","","","100~299","6","荷","61","荷","","","4","飛来、落下"
"2250","1992","平成","4","12","5~6","自転車で新聞配達中、市道交差点でトラックにはねられた。","8","商業","","","","","30~49","2","物上げ装置、運搬機械","22","動力運搬機","","","17","交通事故（道路）"
"2251","1992","平成","4","12","9~10","清掃車でゴミ収集後、清掃工場に向う途中、堤防上の道路から4m下に転落した。","15","清掃・と畜業","","","","","1~9","2","物上げ装置、運搬機械","22","動力運搬機","","","17","交通事故（道路）"
"2252","1992","平成","4","12","9~10","入院患者に呼び出され病室に行ったところ、患者に柳刃包丁で腹部を刺された。","13","保健・衛生業","","","","","100~299","9","その他","91","その他の起因物","","","90","その他"
"2253","1992","平成","4","12","11~12","積載型移動式クレーン(つり上げ荷重2.02t)荷台上で、角材7本を玉掛けし、荷とともに移動したところ、荷台から93センチメートル下の地上に墜落し、既に降ろしてあった角材に頭部を打った。","3","建設業","303","その他の建設業","","","1~9","2","物上げ装置、運搬機械","21","動力クレーン等","","","1","墜落、転落"
"2254","1992","平成","4","12","11~12","削岩機で掘削作業を行っていたが、終了時間になっても戻らないため捜索したところ、ドローホール(立抗深さ60m)の底で発見された。","2","鉱業","203","その他の鉱業","","","1~9","4","仮設物、建築物、構築物等","41","仮設物、建築物、構築物等","","","1","墜落、転落"
"2255","1992","平成","4","12","11~12","林内作業車で間伐材(檜20本)の運搬作業中、作業車が横転し、挟まれた。","6","農林業","601","農業","","","1~9","2","物上げ装置、運搬機械","22","動力運搬機","","","7","はさまれ、巻き込まれ"
"2256","1992","平成","4","12","11~12","自動車置場で、廃車からマフラーを取り外すためジャッキで車体を上げ、車体の下に入ったところ、ジャッキが外れ車体の下敷きになった。","8","商業","","","","","30~49","3","その他の装置等","36","人力機械工具等","","","7","はさまれ、巻き込まれ"
"2257","1992","平成","4","12","11~12","生コン工場内で、骨材ビンホッパーの点検作業をしていたと思われる被災者が、ホッパーに巻き込まれているのを発見された。","1","製造業","109","窯業土石製品製造業","","","1~9","2","物上げ装置、運搬機械","22","動力運搬機","","","7","はさまれ、巻き込まれ"
"2258","1992","平成","4","12","14~15","個人住宅の電話引込線張替作業において、掛け回しで電柱に昇降中、墜落した。","3","建設業","303","その他の建設業","","","10~29","3","その他の装置等","35","電気設備","","","1","墜落、転落"
"2259","1992","平成","4","12","16~17","型わく組立後の後片付け作業中、現場内通路を鼻血を出しながら歩行中、仰向けになって倒れた。","3","建設業","302","建築工事業","","","1~9","9","その他","99","分類不能","","","99","分類不能"
"2260","1992","平成","4","12","17~18","社員寮と事業場間の送迎用ワゴン車で寮へ戻る途中、国道で大型ダンプカーが突然Uターンして対向車線にはみ出したため、衝突した。","1","製造業","113","一般機械器具製造業","","","100~299","2","物上げ装置、運搬機械","22","動力運搬機","","","17","交通事故（道路）"
"2261","1992","平成","4","12","2~3","大型トレーラーで高速道路を走行中、乗用車に衝突し、さらに他のトレーラーに追突した。","4","運輸交通業","403","道路貨物運送業","","","10~29","2","物上げ装置、運搬機械","22","動力運搬機","","","17","交通事故（道路）"
"2262","1992","平成","4","12","5~6","自転車で新聞配達中、信号機の無い交差点で乗用車にはねられた。","8","商業","","","","","10~29","2","物上げ装置、運搬機械","23","乗物","","","17","交通事故（道路）"
"2263","1992","平成","4","12","10~11","新築工事現場において、防護ネットを固定しているパイプサポート上に足場板を載せ、1階外側窓ガラス養生作業中、壁に突っ張っていたジャッキ部が滑り、足場板ごと5m下のコンクリート土間へ墜落した。","3","建設業","302","建築工事業","","","10~29","4","仮設物、建築物、構築物等","41","仮設物、建築物、構築物等","","","1","墜落、転落"
"2264","1992","平成","4","12","11~12","軽トラックで国道を走行中、センターラインを越え、対向してきた大型トラックと正面衝突した。","1","製造業","117","その他の製造業","","","1~9","2","物上げ装置、運搬機械","22","動力運搬機","","","17","交通事故（道路）"
"2265","1992","平成","4","12","14~15","10tトラックを運転中、渋滞のため停止していたところ、対向してきたコンクリート圧送車の右後方のアウトリガがはみ出し、衝突した。","4","運輸交通業","403","道路貨物運送業","","","30~49","2","物上げ装置、運搬機械","22","動力運搬機","","","17","交通事故（道路）"
"2266","1992","平成","4","12","19~20","トラックで運搬中、食料品を買うためトラックを止め、反対側の食料品店へ行く際、乗用車に跳ね飛ばされた。","4","運輸交通業","403","道路貨物運送業","","","10~29","2","物上げ装置、運搬機械","23","乗物","","","17","交通事故（道路）"
"2267","1992","平成","4","12","2~3","10tトラックで国道を走行中、前車の大型ポールトレーラーに追突した。","4","運輸交通業","403","道路貨物運送業","","","10~29","2","物上げ装置、運搬機械","22","動力運搬機","","","17","交通事故（道路）"
"2268","1992","平成","4","12","3~4","高さ1.8mの脚立上で浴場の壁面及び蛍光管の清掃中、脚立とともに転倒した。","13","保健・衛生業","","","","","1~9","3","その他の装置等","37","用具","","","1","墜落、転落"
"2269","1992","平成","4","12","9~10","現場内の坂道に、トラックのエンジンを駆けギヤをニュートラルにした状態で運転席を離れたところ、トラックが動き出し、マイクロバスに衝突した後、被災者に激突した。","3","建設業","301","土木工事業","","","10~29","2","物上げ装置、運搬機械","22","動力運搬機","","","6","激突され"
"2270","1992","平成","4","12","9~10","貯炭場からダンプカーに石炭を積み込むため、石炭を覆っていたシートの除雪作業中、積込用トラクターショベルにひかれた。","2","鉱業","203","その他の鉱業","","","1~9","1","動力機械","14","建設機械等","","","7","はさまれ、巻き込まれ"
"2271","1992","平成","4","12","9~10","段ボール製造工場において、段ボールの原紙供給機を操作中、移動してきた送りロールとフレームの横梁の間に挟まれた。","1","製造業","106","パルプ・紙・紙加工品製造業","","","50~99","1","動力機械","16","一般動力機械","","","7","はさまれ、巻き込まれ"
"2272","1992","平成","4","12","10~11","高さ5.9mの足場上で排気ダクトの固定作業中、墜落した。","3","建設業","303","その他の建設業","","","1~9","4","仮設物、建築物、構築物等","41","仮設物、建築物、構築物等","","","1","墜落、転落"
"2273","1992","平成","4","12","11~12","木造2階建新築工事において、2階屋根上でコンパネ材を切断作業中、足を滑らせ6m下の地面に墜落した。","3","建設業","302","建築工事業","","","1~9","4","仮設物、建築物、構築物等","41","仮設物、建築物、構築物等","","","1","墜落、転落"
"2274","1992","平成","4","12","12~13","配達を終え帰社するため高速道路を走行中、舗装工事のため渋滞していることに気付くのが遅れ、車両3台に追突し運転室内に挟まれた。","4","運輸交通業","403","道路貨物運送業","","","10~29","2","物上げ装置、運搬機械","22","動力運搬機","","","17","交通事故（道路）"
"2275","1992","平成","4","12","13~14","バックホウでヒューム管を吊ったところ、台付ワイヤロープの編込みが抜けてヒューム管が落下し、土止め支保工の切りばりサポートに当たってサポートが外れ、直撃した。(外)","3","建設業","301","土木工事業","","","1~9","3","その他の装置等","37","用具","","","4","飛来、落下"
"2276","1992","平成","4","12","14~15","屋根の補修作業中、屋根を踏み抜き4.5m落下した。","1","製造業","112","金属製品製造業","","","10~29","4","仮設物、建築物、構築物等","41","仮設物、建築物、構築物等","","","1","墜落、転落"
"2277","1992","平成","4","12","16~17","工事用エレベータのマスト盛替作業後、工事用エレベータの搬器の点検台上で点検下降中、当該エレベータのカウンターウエイトが25階に取り付けてあったマスト控え用単管パイプ(径48.6ミリメートル、長さ1.2m)に当たり、単管パイプが外れて落下し当たった。","3","建設業","302","建築工事業","","","30~49","2","物上げ装置、運搬機械","21","動力クレーン等","","","4","飛来、落下"
"2278","1992","平成","4","12","16~17","コンベア下の土間に溜まった泥をレーキでかき出そうとしていたところ、コンベアに頭部を挟まれた。","2","鉱業","202","土石採取業","","","10~29","2","物上げ装置、運搬機械","22","動力運搬機","","","7","はさまれ、巻き込まれ"
"2279","1992","平成","4","12","12~13","700m奥の現場に軽自動車で昼食を取りに行き、帰る途中、路肩から約2m下の沢に転落した。(外)","3","建設業","301","土木工事業","","","10~29","2","物上げ装置、運搬機械","23","乗物","","","1","墜落、転落"
"2280","1992","平成","4","12","13~14","果実集荷場2階の選別場において、クレーンで果実搬器を降ろす作業中、約5m下へ墜落した。","17","その他の事業","","","","","10~29","4","仮設物、建築物、構築物等","41","仮設物、建築物、構築物等","","","1","墜落、転落"
"2281","1992","平成","4","12","13~14","貨物車両積載用ボックスを貨物搬入口へ運搬中、プラットホームの降板ボードの傾斜に気付かず、ボックスとともにホーム下に転落し、その下敷きになった。","4","運輸交通業","403","道路貨物運送業","","","100~299","4","仮設物、建築物、構築物等","41","仮設物、建築物、構築物等","","","1","墜落、転落"
"2282","1992","平成","4","12","16~17","工事事務所の電話移設のため電柱上で作業中、約8m下へ墜落した。","3","建設業","301","土木工事業","","","10~29","3","その他の装置等","35","電気設備","","","1","墜落、転落"
"2283","1992","平成","4","12","17~18","住宅新築現場において後片付け中、日が暮れたので2tトラックを坂の上に止めて車のライトを付け、工具類を洗浄していたところ、サイドブレーキをかけていなかったため当該トラックに激突された。","3","建設業","302","建築工事業","","","1~9","2","物上げ装置、運搬機械","22","動力運搬機","","","6","激突され"
"2284","1992","平成","4","12","18~19","垂直搬送器の昇降路の3階から、約12m下の1階に停止中の搬送器上に墜落した。","8","商業","","","","","30~49","2","物上げ装置、運搬機械","21","動力クレーン等","","","1","墜落、転落"
"2285","1992","平成","4","12","1~2","国道上に4tトラックを停車させ、剥がれてきたシートを直していたところ、路面凍結によりスリップした車がセンターラインを越えて来て、接触した。","4","運輸交通業","403","道路貨物運送業","","","10~29","2","物上げ装置、運搬機械","23","乗物","","","17","交通事故（道路）"
"2286","1992","平成","4","12","6~7","徒歩で新聞配達中、道路を横断していたところ、車にひかれた。","8","商業","","","","","10~29","2","物上げ装置、運搬機械","23","乗物","","","17","交通事故（道路）"
"2287","1992","平成","4","12","7~8","工場新築工事現場において鉄骨組立作業中、高さ4mの所で外装材取付用C形チャンネル鋼のボルト締め後、梯子を降りる際、転落した。","3","建設業","302","建築工事業","","","1~9","3","その他の装置等","37","用具","","","1","墜落、転落"
"2288","1992","平成","4","12","8~9","移動式クレーン(つり上げ荷重4.9t)で作業構台から木材を降ろしていたところ、クレーンが転倒し、近くで作業していて吊り上げていた木材に激突された。","3","建設業","302","建築工事業","","","1~9","2","物上げ装置、運搬機械","21","動力クレーン等","","","6","激突され"
"2289","1992","平成","4","12","8~9","大型ダンプカーで走行中、ガードレールを突き抜け、10m下に転落した。","4","運輸交通業","403","道路貨物運送業","","","10~29","2","物上げ装置、運搬機械","22","動力運搬機","","","17","交通事故（道路）"
"2290","1992","平成","4","12","9~10","鉄筋コンクリート壁(約2.5t)の型わくを解体し整理中、壁が倒れて下敷きになった。","3","建設業","301","土木工事業","","","1~9","4","仮設物、建築物、構築物等","41","仮設物、建築物、構築物等","","","5","崩壊、倒壊"
"2291","1992","平成","4","12","14~15","自動車リフト油圧配管の洩れをテスト中、圧力をかけた状態でラム上面の機械取付用の穴にボルトを取り付けていたところ、突然ラムが飛び出し、顔面を直撃した。","3","建設業","303","その他の建設業","","","1~9","2","物上げ装置、運搬機械","21","動力クレーン等","","","6","激突され"
"2292","1992","平成","4","12","17~18","工場の資材置場に積んである原料(紙袋・パレット3段積)にシートを掛けようとシートを引っ張っていたところ、途中でシートが止まったため原料によじ登ろうとして、墜落した。","1","製造業","108","化学工業","","","10~29","6","荷","61","荷","","","1","墜落、転落"
"2293","1992","平成","4","12","19~20","事務所内で2階から1階へ降りる途中、階段を踏み外し転落した。","3","建設業","302","建築工事業","","","10~29","4","仮設物、建築物、構築物等","41","仮設物、建築物、構築物等","","","1","墜落、転落"
"2294","1992","平成","4","12","不明","寮3階部分の外壁の吹付け塗装の前段階として、ビティ足場上で洗浄作業中、足場から4m下の1階庇上に墜落した。","3","建設業","302","建築工事業","","","30~49","4","仮設物、建築物、構築物等","41","仮設物、建築物、構築物等","","","1","墜落、転落"
"2295","1992","平成","4","12","10~11","脚立又は架台上で750t真空プレス秤量装置の点検中、床に墜落した。","1","製造業","109","窯業土石製品製造業","","","50~99","3","その他の装置等","37","用具","","","1","墜落、転落"
"2296","1992","平成","4","12","11~12","ミニバックホウ(790キログラム)を軽トラック(350キログラム積)で運搬中、下り坂で左折できずそのまま直進し、道路右側のガードレールに激突した。","14","接客娯楽業","","","","","50~99","2","物上げ装置、運搬機械","22","動力運搬機","","","17","交通事故（道路）"
"2297","1992","平成","4","12","11~12","建前時2階床上のうま足場において、2階までの通し柱上に軒桁を取り付ける作業中、約4.2m下の1階コンクリート床に墜落した。","3","建設業","302","建築工事業","","","1~9","4","仮設物、建築物、構築物等","41","仮設物、建築物、構築物等","","","1","墜落、転落"
"2298","1992","平成","4","12","11~12","ドラグショベルの先端にブレーカーを取り付け岩石を破砕中、クローラの乗っていた路肩が崩れ、ドラグショベルとともに約25m転落した。","2","鉱業","202","土石採取業","","","10~29","1","動力機械","14","建設機械等","","","1","墜落、転落"
"2299","1992","平成","4","12","13~14","コンクリート製品の運搬作業中、ホッパー内に凍り付いた砂を落としていたところ、トラクターショベルの運転手がそれに気付かず砂をホッパーにいれたため、埋まった。","1","製造業","109","窯業土石製品製造業","","","30~49","5","物質、材料","52","材料","","","4","飛来、落下"
"2300","1992","平成","4","12","13~14","自動車用部品をフライス盤で加工中、作業服の袖が機械に巻き込まれ、右腕を切断した。","1","製造業","115","輸送用機械等製造業","","","30~49","1","動力機械","16","一般動力機械","","","7","はさまれ、巻き込まれ"
"2301","1992","平成","4","12","14~15","一般住宅のガレージの基礎工事中、移動式クレーン(つり上げ荷重4.9t)でコンクリートホッパーを吊り上げ旋回したところ、クレーンが傾き、ジブが激突した。","3","建設業","301","土木工事業","","","1~9","2","物上げ装置、運搬機械","21","動力クレーン等","","","6","激突され"
"2302","1992","平成","4","12","14~15","有機溶剤の入った超音波洗浄機から出火し、木造2階建工場を全焼した。","1","製造業","109","窯業土石製品製造業","","","10~29","5","物質、材料","51","危険物、有害物等","","","16","火災"
"2303","1992","平成","4","12","16~17","県道の拡幅工事現場において、ボックスカルバート(コンクリート製水路)設置のための基礎工事中、掘削面が崩れて土石が当たった。","3","建設業","301","土木工事業","","","1~9","7","環境等","71","環境等","","","5","崩壊、倒壊"
"2304","1992","平成","4","12","16~17","1.5tフォークリフトで空パレットをパレット置場へ持って行く途中、右急ハンドルを切ったため横転し、フォークリフトの支柱と床の間に挟まれた。","4","運輸交通業","403","道路貨物運送業","","","30~49","2","物上げ装置、運搬機械","22","動力運搬機","","","2","転倒"
"2305","1992","平成","4","12","19~20","バイクで出前中、トラックと衝突した。","8","商業","","","","","1~9","2","物上げ装置、運搬機械","22","動力運搬機","","","17","交通事故（道路）"
"2306","1992","平成","4","12","8~9","3階フロア部のアイデッキ上(高さ3.5m)で、移動式クレーンにより鉄筋を載せていたところ、鉄筋の重量(3.5t)と壁型わくの固定不足でアイデッキが曲がった際、墜落した。","3","建設業","302","建築工事業","","","10~29","4","仮設物、建築物、構築物等","41","仮設物、建築物、構築物等","","","5","崩壊、倒壊"
"2307","1992","平成","4","12","9~10","天井クレーンでトラックからワイヤロットの荷卸作業中、ワイヤロットの間に胸を挟まれた。","5","貨物取扱業","501","陸上貨物取扱業","","","1~9","6","荷","61","荷","","","5","崩壊、倒壊"
"2308","1992","平成","4","12","11~12","実験工場において、水溶性キトサン製造のため過酸化水素硫酸を入れ加熱撹拌中、爆発した。","1","製造業","108","化学工業","","","30~49","3","その他の装置等","32","化学設備","","","14","爆発"
"2309","1992","平成","4","12","13~14","橋形クレーンのペンキ塗りの準備中、走行してきたクレーンに頭部を挟まれた。","17","その他の事業","","","","","1~9","2","物上げ装置、運搬機械","21","動力クレーン等","","","7","はさまれ、巻き込まれ"
"2310","1992","平成","4","12","14~15","ブルドーザーで宅地整地作業中、45センチメートル下の敷地に降りたところ、排土板が地面に突き当たった衝撃で運転席から放り出され、ブルドーザーにひかれた。","3","建設業","301","土木工事業","","","30~49","1","動力機械","14","建設機械等","","","7","はさまれ、巻き込まれ"
"2311","1992","平成","4","12","14~15","間伐した檜材13本を道路まで集材機で搬出中、材1本(8.5×3m)が抜け落ちて15m落下し、直撃した。","6","農林業","601","農業","","","1~9","5","物質、材料","52","材料","","","4","飛来、落下"
"2312","1992","平成","4","12","15~16","変電所新設の使用開始前検査に伴う絶縁耐力試験終了後、試験回路を撤去する作業中、試験用支持碍子架台上で碍子上端に接続されている本線を外そうとしたところ、碍子上部に取り付けられていた接地棒のフックが外れ、感電した。","3","建設業","303","その他の建設業","","","1~9","3","その他の装置等","35","電気設備","","","13","感電"
"2313","1992","平成","4","12","8~9","ミキサー車で生コンを運搬中、スピードを出しすぎてカーブを曲がりきれず、横転した。","4","運輸交通業","403","道路貨物運送業","","","10~29","2","物上げ装置、運搬機械","22","動力運搬機","","","17","交通事故（道路）"
"2314","1992","平成","4","12","9~10","ボーリング用の水を不整地運搬車で運搬中、自分で操作する不整地運搬車にひかれた。","3","建設業","301","土木工事業","","","1~9","2","物上げ装置、運搬機械","22","動力運搬機","","","7","はさまれ、巻き込まれ"
"2315","1992","平成","4","12","16~17","坑内で新規鉱脈開発のため発破をかけたところ、岩盤内部の高温の空気溜まりが突出して坑内を走り火傷した。","2","鉱業","203","その他の鉱業","","","30~49","7","環境等","71","環境等","","","11","高温・低温の物との接触"
"2316","1992","平成","4","12","16~17","坑内で新規鉱脈開発のため発破をかけたところ、岩盤内部の高温の空気溜まりが突出して坑内を走り火傷した。","2","鉱業","203","その他の鉱業","","","不明","7","環境等","71","環境等","","","11","高温・低温の物との接触"
"2317","1992","平成","4","12","6~7","事業場所有のワゴン車で作業現場へ向う途中、センターラインを越えてきた対向車と衝突し、路外に転落した。","3","建設業","301","土木工事業","","","1~9","2","物上げ装置、運搬機械","23","乗物","","","17","交通事故（道路）"
"2318","1992","平成","4","12","10~11","壁に立てかけられていた合板8枚(92×400×3センチメートル)をフォークリフトで移動させるための準備中、7枚が倒れ、その下敷きになった。","8","商業","","","","","1~9","6","荷","61","荷","","","5","崩壊、倒壊"
"2319","1992","平成","4","12","11~12","廃品として回収した金型(340キログラム)をトラッククレーン(つり上げ荷重2t)で吊り上げたところ、玉掛けに使ったエンジンベルト(ゴム製)が切断し、金型の下敷きになった。","15","清掃・と畜業","","","","","1~9","3","その他の装置等","37","用具","","","4","飛来、落下"
"2320","1992","平成","4","12","13~14","除雪車のロータリー部に挟まったビニールシートを取り除く作業中、除雪車の運転手が作業を終わったと思いロータリーを回転させたため、巻き込まれた。","3","建設業","301","土木工事業","","","10~29","1","動力機械","14","建設機械等","","","7","はさまれ、巻き込まれ"
"2321","1992","平成","4","12","13~14","タンクローリーで国道を走行中、交差点でスリップした大型保冷車が道路をふさぐ形で停止し、そこへ衝突した。","4","運輸交通業","403","道路貨物運送業","","","10~29","2","物上げ装置、運搬機械","22","動力運搬機","","","17","交通事故（道路）"
"2322","1992","平成","4","12","15~16","山林内でケヤキの伐倒作業中、倒れる際に跳ね上がった根元に強打された。","6","農林業","601","農業","","","1~9","7","環境等","71","環境等","","","6","激突され"
"2323","1992","平成","4","12","2~3","2tトラックで荷を配送中、交差点で右折してきた乗用車と接触した反動で、信号機に激突した。","4","運輸交通業","403","道路貨物運送業","","","10~29","2","物上げ装置、運搬機械","23","乗物","","","17","交通事故（道路）"
"2324","1992","平成","4","12","6~7","仕入のためトラックを運転し、駐車場から県道に出ようとしたところ、右方向から走行してきたトラックと衝突し、車外に放り出された。","17","その他の事業","","","","","100~299","2","物上げ装置、運搬機械","22","動力運搬機","","","17","交通事故（道路）"
"2325","1992","平成","4","12","6~7","4tトラックに荷を積み高速道路を走行中、定期バスに追突された。","4","運輸交通業","403","道路貨物運送業","","","30~49","2","物上げ装置、運搬機械","23","乗物","","","17","交通事故（道路）"
"2326","1992","平成","4","12","8~9","フォークリフトに左足をひかれ転倒した際、後頭部を打った。","4","運輸交通業","403","道路貨物運送業","","","100~299","2","物上げ装置、運搬機械","22","動力運搬機","","","7","はさまれ、巻き込まれ"
"2327","1992","平成","4","12","8~9","製材所内で除雪作業中、凍結したアスファルト床で滑って転倒し、後頭部を打った。","1","製造業","104","木材・木製品製造業","","","10~29","4","仮設物、建築物、構築物等","41","仮設物、建築物、構築物等","","","2","転倒"
"2328","1992","平成","4","12","13~14","軽トラックで走行中、対向してきたワゴン車がセンターラインを越え、前車の側面と接触した後、正面衝突した。","8","商業","","","","","1~9","2","物上げ装置、運搬機械","23","乗物","","","17","交通事故（道路）"
"2329","1992","平成","4","12","14~15","林道工事現場において、ローラー車で林道を走行中、坂の途中で誤って土手に乗り上げ転倒し、その下敷きになった。","3","建設業","301","土木工事業","","","1~9","1","動力機械","14","建設機械等","","","2","転倒"
"2330","1992","平成","4","12","14~15","民家庭木の剪定作業中、フェンスを乗り越え、1.4m下のアスファルト路面上に転落した。","6","農林業","602","林業","","","1~9","4","仮設物、建築物、構築物等","41","仮設物、建築物、構築物等","","","1","墜落、転落"
"2331","1992","平成","4","12","20~21","普通トラックで配達後、帰社する途中、国道で対向して来た大型トラックが滑走し、正面衝突した。","8","商業","","","","","10~29","2","物上げ装置、運搬機械","22","動力運搬機","","","17","交通事故（道路）"
"2332","1992","平成","4","12","2~3","荷を運搬中、国道で路肩に停車中のトレーラーに追突した。","4","運輸交通業","403","道路貨物運送業","","","30~49","2","物上げ装置、運搬機械","22","動力運搬機","","","17","交通事故（道路）"
"2333","1992","平成","4","12","9~10","工場の雨樋・枯れ葉の清掃作業中、梯子で工場の屋根から屋根へ移ろうとしたとき、梯子が滑り約5m下の地面に墜落した。","17","その他の事業","","","","","1~9","3","その他の装置等","37","用具","","","1","墜落、転落"
"2334","1992","平成","4","12","10~11","林道新設工事と併行しての風倒木伐採作業中、チェンソーで湾曲した杉の傾斜木上方を一旦切断し、直立に近い状態になった幹を地上約2.4mの所で切断したところ、切断した幹約3mが落下した。","6","農林業","601","農業","","","10~29","7","環境等","71","環境等","","","4","飛来、落下"
"2335","1992","平成","4","12","11~12","現場脇の駐車場に止めてあった車の間から道路を渡ろうとして、ワゴン車にはねられた。","3","建設業","302","建築工事業","","","30~49","2","物上げ装置、運搬機械","23","乗物","","","17","交通事故（道路）"
"2336","1992","平成","4","12","15~16","寺の門柱(石材、約43センチメートル角、高さ2.1m、約0.8t)を設置中、積載型トラッククレーン(つり上げ荷重2.8t)で門柱を荷台から卸す際、玉掛用具(トング)から荷が滑り、門柱が倒れた。","1","製造業","109","窯業土石製品製造業","","","1~9","3","その他の装置等","37","用具","","","4","飛来、落下"
"2337","1992","平成","4","12","15~16","トラッククレーン(つり上げ荷重2.2t)でゴムベルト(約1.5t)を納品先の資材置場へ運び降ろそうとしたところ、トラッククレーンが転倒し、フェンスとの間に挟まれた。","8","商業","","","","","100~299","2","物上げ装置、運搬機械","21","動力クレーン等","","","6","激突され"
"2338","1992","平成","4","12","7~8","国有林の土場において、グラップでトラックに原木を積込作業中、トラックの荷台プロテクター上で立ち上がったところ、バランスを崩し地上に転落した。","6","農林業","601","農業","","","10~29","2","物上げ装置、運搬機械","22","動力運搬機","","","1","墜落、転落"
"2339","1992","平成","4","12","11~12","住宅新築現場において、足場上で2階部分の外壁材を取付作業中、足を滑らせ1階小屋根上に転落し、さらに軒先から3.4m下のアスファルト道路上に墜落した。","3","建設業","302","建築工事業","","","1~9","4","仮設物、建築物、構築物等","41","仮設物、建築物、構築物等","","","1","墜落、転落"
"2340","1992","平成","4","12","16~17","ショットブラストを自動で運転しながら、その機体上で清掃作業中、一工程が終了したため自動で開いた扉に挟まれた。","1","製造業","110","鉄鋼業","","","100~299","1","動力機械","16","一般動力機械","","","7","はさまれ、巻き込まれ"
"2341","1992","平成","4","12","20~21","同僚の事故車をレッカー移動するため手伝中、後方より走行してきたトラックにはねられた。","4","運輸交通業","403","道路貨物運送業","","","30~49","2","物上げ装置、運搬機械","22","動力運搬機","","","17","交通事故（道路）"
"2342","1992","平成","4","12","7~8","トリクレン洗浄槽内で掃除中、トリクレンガスを吸い死亡した。","1","製造業","108","化学工業","","","10~29","5","物質、材料","51","危険物、有害物等","","","12","有害物等との接触"
"2343","1992","平成","4","12","8~9","倉庫内でホイールクレーンのタイヤ交換準備作業中、資材(高さ1.5m)上のタイヤを点検し、資材より降りようとしたところ、転落した。","3","建設業","302","建築工事業","","","100~299","5","物質、材料","52","材料","","","1","墜落、転落"
"2344","1992","平成","4","12","8~9","集金先の家の前に停車中のダンプの前を横切る際、発進したダンプにひかれた。","17","その他の事業","","","","","300~499","2","物上げ装置、運搬機械","22","動力運搬機","","","17","交通事故（道路）"
"2345","1992","平成","4","12","10~11","自動織機工場内において、織機をはたきで清掃中、ジャガードシャフトに着ていたエプロンの端が巻き込まれ、エプロンの首紐で首を絞められた。","1","製造業","102","繊維工業","","","1~9","1","動力機械","16","一般動力機械","","","7","はさまれ、巻き込まれ"
"2346","1992","平成","4","12","10~11","板金塗装した客の車を納車に行く途中、ハンドル操作を誤り、道路傍の水田に落ちて横転した。","1","製造業","117","その他の製造業","","","1~9","2","物上げ装置、運搬機械","23","乗物","","","17","交通事故（道路）"
"2347","1992","平成","4","12","11~12","軽ライトバンで走行中、ダンプカーと正面衝突した。","8","商業","","","","","10~29","2","物上げ装置、運搬機械","23","乗物","","","17","交通事故（道路）"
"2348","1992","平成","4","12","14~15","構内において、車両の連結作業を終え車両を移動させたとき、車両とホームの間に挟まれた。","4","運輸交通業","401","鉄道・軌道・水運・航空業","","","1000~9999","2","物上げ装置、運搬機械","23","乗物","","","7","はさまれ、巻き込まれ"
"2349","1992","平成","4","12","15~16","8階事務所の窓を開けた際、床面より高さ75センチメートルの窓枠を乗り越え、23.8m下のコンクリート地面に墜落した。","17","その他の事業","","","","","500~999","4","仮設物、建築物、構築物等","41","仮設物、建築物、構築物等","","","1","墜落、転落"
"2350","1992","平成","4","12","9~10","工場建屋外壁の高さ約5mにあるエアコンの周囲を掃除するため、フォークリフトのフォーク上に木製パレットを乗せ、その上に乗り地上約3mに上昇したところ、パレットから転落した。","1","製造業","113","一般機械器具製造業","","","100~299","2","物上げ装置、運搬機械","22","動力運搬機","","","1","墜落、転落"
"2351","1992","平成","4","12","15~16","鉄骨3階建工場新築現場において、長尺屋根をクレーンで葺いた後、雑巾で拭き掃除中、屋根の端から約15m下へ墜落した。","3","建設業","302","建築工事業","","","1~9","4","仮設物、建築物、構築物等","41","仮設物、建築物、構築物等","","","1","墜落、転落"
"2352","1992","平成","4","12","16~17","小型移動式クレーンで鉄製電柱を荷台から降ろす作業中、玉掛ワイヤロープが切断し、電柱に激突された。","3","建設業","303","その他の建設業","","","1~9","3","その他の装置等","37","用具","","","4","飛来、落下"
"2353","1992","平成","4","12","不明","会社の営業車で国道(峠)を走行中、道路下50mに転落した。","8","商業","","","","","1~9","2","物上げ装置、運搬機械","23","乗物","","","17","交通事故（道路）"
"2354","1992","平成","4","12","12~13","荷を積み帰社する途中、雪でスリップして対向車線にはみ出し、対向車に衝突した。","4","運輸交通業","403","道路貨物運送業","","","30~49","2","物上げ装置、運搬機械","22","動力運搬機","","","17","交通事故（道路）"
