"ID","西暦","年号","年","月","発生時間","災害状況","業種（大分類）コード","業種（大分類）分類名","業種（中分類）コード","業種（中分類）分類名","業種（小分類）コード","業種（小分類）分類名","事業場規模","起因物（大分類）コード","起因物（大分類）分類名","起因物（中分類）コード","起因物（中分類）分類名","起因物（小分類）コード","起因物（小分類）分類名","事故の型コード","事故の型分類名"
"1","2010","平成","22","1","3~4","被災者は新聞配達先に向かうため軽乗用車で町道を運転していたところ、右側から来た大型トラックと衝突したもの。被災者は全身を強く打ち外傷性ショックで死亡した。現場は町道と道道が交わる丁字形の交差点で信号機はなく、被災者の側に一時停止の標識があった。当時路面は凍結していた。被災者が、一時停止の標識を見落としたか、スリップして止まりきれなかったとみられる。","8","商業","802","小売業","80205","新聞販売業","10~29","2","物上げ装置、運搬機械","23","乗物","231","乗用車、バス、バイク","17","交通事故（道路）"
"2","2010","平成","22","1","4~5","委託された除雪に使用するためのタイヤショベルの右前輪が、空気が抜けてパンクしたような状態であったため、事業場にあったエアーコンプレッサーにより空気をタイヤに充填中に当該タイヤが破裂し、その衝撃により死亡したもの。他に修理業者の従業員がそばにいて被災したが、軽傷である。","3","建設業","301","土木工事業","30199","その他の土木工事業","10~29","1","動力機械","14","建設機械等","141","整地・運搬・積込み用機械","15","破裂"
"3","2010","平成","22","1","0~1","被災者は、麦乾燥調製工場に勤務し、麦乾燥・調製貯留施設運営管理、製品管理、集荷、販売、清算事務に1人で従事してしていた。繁忙期の4カ月間(前年の夏から秋)、月平均100時間以上の時間外労働があり恒常的な長時間労働により「うつ病」を発症し休業していたが、自分の自動車内で練炭を焚き一酸化炭素中毒で死亡(自殺)し、業務上災害に認定された。","17","その他の事業","1702","その他の事業","170209","その他の事業－その他","1~9","9","その他","92","起因物なし","921","起因物なし","90","その他"
"4","2010","平成","22","1","4~5","被災者は新聞配達中、2階建アパート屋外階段付近の1階コンクリート床面に意識のない状態で仰向けに倒れているところを付近住民に発見された。入院加療中のところ、頭部負傷のため4日後に死亡した。発見時の状況と負傷状態から階段を昇降中に誤って転落したとみられる。","8","商業","802","小売業","80205","新聞販売業","50~99","4","仮設物、建築物、構築物等","41","仮設物、建築物、構築物等","413","階段、桟橋","1","墜落、転落"
"5","2010","平成","22","1","8~9","トラクターショベルを用いて事業場敷地内の除雪作業中、同僚に声をかけられキャビンから身を乗り出した際、アーム上昇ペダルを踏み込んでしまい、上昇したアームとキャビンフレームの間に首を挟まれ、死亡した。","12","教育・研究業","1201","教育・研究業","120102","ソフトウェア業","100~299","1","動力機械","14","建設機械等","141","整地・運搬・積込み用機械","7","はさまれ、巻き込まれ"
"6","2010","平成","22","1","4~5","県道にてバイク(50cc)を使用して新聞配達していたところ、普通乗用車に追突された。普通乗用車は走り去った。","8","商業","802","小売業","80205","新聞販売業","10~29","2","物上げ装置、運搬機械","23","乗物","231","乗用車、バス、バイク","17","交通事故（道路）"
"7","2010","平成","22","1","4~5","自転車で新聞配達をしていた被災者が、交差点を横断していたところ、ワンボックスカーにはねられ全身を強く打ち、死亡したもの。","8","商業","802","小売業","80205","新聞販売業","10~29","2","物上げ装置、運搬機械","23","乗物","231","乗用車、バス、バイク","17","交通事故（道路）"
"8","2010","平成","22","1","9~10","トレーラーの荷台に鉄骨加工品(ビルの柱、1本500キログラム)を19本載せ、内5本を被災者を含む2名でワイヤーロープにて束ねていたところ崩壊し、荷台から5本とも落下した。被災者は鉄骨加工品が落下する前に自ら飛び降りたが逃げ切れず、トレーラー横に仮置きされた鉄骨加工品と落下した鉄骨加工品の間に頭部を挟まれ死亡した。","4","運輸交通業","403","道路貨物運送業","40301","一般貨物自動車運送業","10~29","5","物質、材料","52","材料","521","金属材料","5","崩壊、倒壊"
"9","2010","平成","22","1","9~10","年末大掃除でやり残した箇所を単独で清掃していた際に、はしごから床面に墜落し死亡した。災害発生現場の痕跡等から判断すると、被災者は、はしごの9段目前後の踏み面を作業床とし、同工場の東壁面の高さ3.81mの位置に取り付けられた突起物(16センチメートル角、L850センチメートル)の上面に積もったほこりの除去作業中に墜落したものと推定される。9段目の踏み面の高さは床面から2.78mであった。安全な作業床の設置又は安全帯使用等の墜落防止措置が講じられていなかった。","1","製造業","101","食料品製造業","10109","その他の食料品製造業","10~29","3","その他の装置等","37","用具","371","はしご等","1","墜落、転落"
"10","2010","平成","22","1","9~10","移動式クレーン(最大つり上げ荷重25t)にて、1階部分梁の型枠(全長960センチメートル、幅80センチメートル、高さ80センチメートル、推定荷重440キログラム)を作業半径33mの据付位置へ移動させるため起伏操作を行ったところ、能力を超えて荷を吊るために過負荷防止装置を切って作業を行ったため、起伏操作によりブームを倒すことで過負荷状態となった。このため、移動式クレーンが転倒し、荷の据付場所付近にいた被災者の頭部にジブが激突し被災したもの。被災者は、病院で死亡が確認された。","3","建設業","302","建築工事業","30209","その他の建築工事業","10~29","2","物上げ装置、運搬機械","21","動力クレーン等","212","移動式クレーン","6","激突され"
"11","2010","平成","22","1","9~10","被災者は、可搬式エンジンカッター(研削盤)を使用して、U字型溝(コンクリート製、長さ2m、幅86センチメートル、厚さ最大約14センチメートル)を所定の長さに切断作業中、しゃがんだ状態でカッターの刃を上向きにして切断を行ったところ、刃が反発して跳ね返り、被災者の首に当たったもの。","3","建設業","301","土木工事業","30106","道路建設工事業","10~29","1","動力機械","16","一般動力機械","169","その他の一般動力機械","8","切れ、こすれ"
"12","2010","平成","22","1","13~14","被災者は大学附属の日本語学校の警備員であるが、精神的に緊張が伴う業務に従事し、また発症前の6か月平均で月80時間を超える時間外労働が認められ、長期間の過重業務により、心臓疾患を再発症し死亡した。","17","その他の事業","1702","その他の事業","170201","警備業","100~299","9","その他","92","起因物なし","921","起因物なし","90","その他"
"13","2010","平成","22","1","17~18","4tトラックの荷台に型枠支保工の材料を高さ約3m積み、トラック荷台後部から資材がはみ出したのではみ出した部分に赤い布を取り付けるため、暗闇の中、荷の上に乗り取り付け作業中、墜落したもの。","3","建設業","302","建築工事業","30201","鉄骨・鉄筋コンクリート造家屋建築工事業","1~9","2","物上げ装置、運搬機械","22","動力運搬機","221","トラック","1","墜落、転落"
"14","2010","平成","22","1","18~19","建築物用のH鋼柱(長さ約8m、重量約3.5t)製作作業において、被災者が鋼板の溶接作業をしようとH鋼柱を横にして2台の架台(高さ1.2m)の上に載せ、H鋼柱の仕口(梁を取り付けるために張り出した部分)に手を掛け乗ろうとしたところ、被災者側にH鋼柱が倒れ、その部材の一部が頭部及び腰部に強く当たり死亡した。もう1人の被災者は既にH鋼柱に乗っており、倒れるときに飛び降りて両足を骨折した。架台の上に置いたH鋼柱に転倒の防止措置をしていなかった。","1","製造業","112","金属製品製造業","11209","その他の金属製品製造業","50~99","5","物質、材料","52","材料","521","金属材料","5","崩壊、倒壊"
"15","2010","平成","22","1","23~24","被災者は製造課に所属し、機械オペレーターとして業務に従事していた。3カ月前に断り続けていたグループリーダーに昇格したが、昼夜を問わずの対応、上司からの説教等強い心理的負荷により、焼身自殺を謀り、死亡したもの。","1","製造業","114","電気機械器具製造業","11403","電子機器用・通信機器用部品製造業","100~299","9","その他","92","起因物なし","921","起因物なし","90","その他"
"16","2010","平成","22","1","4~5","大型トラックで左カーブを走行中、中央分離帯を乗越え対向車線に進入したため、対向車線を走行してきた大型ダンプと乗用車に接触後、衝撃で車外に転落し全身を強く打ち死亡したもの。","4","運輸交通業","403","道路貨物運送業","40301","一般貨物自動車運送業","10~29","2","物上げ装置、運搬機械","22","動力運搬機","221","トラック","17","交通事故（道路）"
"17","2010","平成","22","1","7~8","RC造5階建ての共同住宅新築工事現場において、元請の職員が屋上のパラペットから約15m下の地面に墜落したもの。当日は関係会社が実施する建物検査が予定され、被災者はその準備のため、竣工した建物の点検・清掃業務を行っていたものと思われる。","3","建設業","302","建築工事業","30201","鉄骨・鉄筋コンクリート造家屋建築工事業","10~29","4","仮設物、建築物、構築物等","41","仮設物、建築物、構築物等","418","建築物、構築物","1","墜落、転落"
"18","2010","平成","22","1","8~9","木造家屋の建て前初日、移動式クレーン(つり上げ荷重16t)で2階の床材合板約30枚(大きさ=畳大。約600キログラム)を重ね、ナイロンスリング(目通し1本づり)を2本で玉掛けしてつり上げ、2階部分に降ろそうとしたが、先行で組立てていた足場の建地に引っ掛かり、スリングが緩んだ。そのためばらばらと落下した床材が、下で別作業をしていた被災者に次々と激突し死亡した。","3","建設業","302","建築工事業","30202","木造家屋建築工事業","1~9","3","その他の装置等","37","用具","372","玉掛用具","4","飛来、落下"
"19","2010","平成","22","1","11~12","解体等工事に伴い、トラクションロープ式エレベーター(750キログラム)を1Fレベルで解体作業中、かご側緊結部ボルトの溶断等を行ったため、張力を失ったカウンターウェイトが落下し、かご上で作業を行っていた事業主と労働者の2名がはさまれ死亡したもの。","3","建設業","302","建築工事業","30209","その他の建築工事業","1~9","2","物上げ装置、運搬機械","21","動力クレーン等","214","エレベータ、リフト","4","飛来、落下"
"20","2010","平成","22","1","12~13","トラックの不具合を直すため、高速道路の路肩に停止し、三角表示板と非常点滅灯をつけて車外車両下で作業中、後方から来たトラックが追突し、巻き込まれた。深夜時間帯で周りが暗く、見通しが悪かった。また、路肩での停車で、車体の一部が走行車線にはみ出していた。","1","製造業","112","金属製品製造業","11209","その他の金属製品製造業","30~49","2","物上げ装置、運搬機械","22","動力運搬機","221","トラック","17","交通事故（道路）"
"21","2010","平成","22","1","15~16","電柱1本(長さ約12m、重さ約850キログラム)をクレーン機能付きドラグショベルにてバケット背面のフック(外れ止め装置あり)へワイヤロープ1本による1本吊りをして設置位置に建柱作業していた。位置調整時、吊り荷が想定外の方向へ傾き、アイが外れ止め装置とフックとの間隙をすり抜け、吊りワイヤーロープがよじれたため、アイがフックから外れた結果、電柱が倒れ、付近にいた電気工が下敷きになったもの。","3","建設業","302","建築工事業","30201","鉄骨・鉄筋コンクリート造家屋建築工事業","1~9","1","動力機械","14","建設機械等","142","掘削用機械","5","崩壊、倒壊"
"22","2010","平成","22","1","16~17","労働者5名にて防災無線用の支柱の据付作業中、支柱の先端部となる8、9基目(結合済)の部材取付けのため、支柱に伸縮式はしごを結束し、当該はしごの先端部に滑車を掛けてワイヤロープの先をドラグショベルに固定して当該部材を吊り上げていたところ、部材が傾くと共に、はしごの中央付近がマストの荷重により折れたため、被災者が折れたはしごとともに高さ約11mの位置から地面に墜落し、被災したものである。","3","建設業","303","その他の建設業","30301","電気通信工事業","1~9","2","物上げ装置、運搬機械","21","動力クレーン等","219","その他の動力クレーン等","1","墜落、転落"
"23","2010","平成","22","1","13~14","家屋の改修工事中、玄関のタイル貼り作業に必要なモルタルを練る作業に伴って道路の端を移動していたところ、走行してきた乗用車(買い物をして帰宅途中)が道路上の電柱に激突するとともに被災者にも激突した。被災者と運転者の両名が死亡した。","3","建設業","302","建築工事業","30202","木造家屋建築工事業","1~9","2","物上げ装置、運搬機械","23","乗物","231","乗用車、バス、バイク","17","交通事故（道路）"
"24","2010","平成","22","1","8~9","木材を集積するための前取機と呼ぶ機械設備の構成部分に木材を載せて所定の集積位置に移動し、被災者は木材を集積させるための部位であるフォーク部の稼働スイッチを入れた後に、上半身を前取機内部に入れたため、フォーク部の稼働部と前取機の外側フレームとの間に胸部が挟まれ窒息死したもの。","1","製造業","104","木材・木製品製造業","10401","製材業","1~9","2","物上げ装置、運搬機械","22","動力運搬機","229","その他の動力運搬機","7","はさまれ、巻き込まれ"
"25","2010","平成","22","1","9~10","作業員2名で、高さ24.5mの杉の伐木作業中、伐倒方向を決めるため締め器を使い、伐木を引っ張りながら、チェンソーで伐倒したところ、退避の合図をせず、退避の確認をしないままであったため、締め器を操作していた労働者が、伐木の下敷きになり死亡した。","6","農林業","602","林業","60209","その他の林業","50~99","7","環境等","71","環境等","712","立木等","6","激突され"
"26","2010","平成","22","1","11~12","マリーナより出航し、沖合のダイビングポイントにおいて、当日2本目のダイビング案内中、船の錨が外れたので船上にいた被災者が錨を海底に固定するためにスキューバ式潜水器を用いて潜水したところ、溺死したもの。被災者は潜水士資格を有していなかった。","15","清掃・と畜業","1501","清掃・と畜業","150101","ビルメンテナンス業","100~299","7","環境等","71","環境等","713","水","10","おぼれ"
"27","2010","平成","22","1","14~15","鉄骨造り平屋建ての店舗の新築工事現場にて、鉄骨工事を請け負っていた事業場の労働者が柱材である角パイプを固定させるための胴縁ピースというアングルを枠組の外部足場の2層目(高さ約3.5m)の足場上で取り付ける作業をしていたところ、当該足場より躯体側に墜落したもの。足場の躯体側には筋交いは設けられていたが、墜落を防止するための下さんや幅木などが設けられていなかった。","3","建設業","302","建築工事業","30201","鉄骨・鉄筋コンクリート造家屋建築工事業","10~29","4","仮設物、建築物、構築物等","41","仮設物、建築物、構築物等","411","足場","1","墜落、転落"
"28","2010","平成","22","1","15~16","屋内運動場放送室内に設置する電線の引き込み作業のため2階部分で作業を行っていた被災者が作業を終了し、1階へ降りる際、立入禁止となっている放送室上部へ移動した。昇降の際、既設の階段を使用せず立入禁止区域に設置されたはしごより昇降しようとしたため、3.7m下のステージ上へ墜落し被災したもの。","3","建設業","303","その他の建設業","30301","電気通信工事業","1~9","4","仮設物、建築物、構築物等","41","仮設物、建築物、構築物等","417","通路","1","墜落、転落"
"29","2010","平成","22","1","10~11","工場内において、廃棄物(石膏ボード等の廃材)を重機(ドラグショベルの先端をハサミに付け替えたもの)を使用して片付けていた。気づくと重機を運転していた被災者が運転席とアームの隙間に上半身を挟まれて死亡したもの。被災者が何らかの理由でアーム側に身を乗り出し、挟まれた。重機は中古で購入した当初からアーム側(右側)の全面ガラスはなく、そのまま使用していた。","15","清掃・と畜業","1501","清掃・と畜業","150102","産業廃棄物処理業","10~29","1","動力機械","14","建設機械等","149","その他の建設機械等","7","はさまれ、巻き込まれ"
"30","2010","平成","22","1","12~13","事業場内で倒れている被災者を同僚が発見し、救急車で病院へ搬送したが、8日後に頭部の負傷により死亡した。災害発生直前、被災者は生コンクリート出荷準備のため、ミキサー車の点検作業を行っていた。被災者が倒れていた場所は床が凍結しており、滑りやすい状況であったことから、転倒したと推測される。","1","製造業","109","窯業土石製品製造業","10901","セメント・同製品製造業","1~9","4","仮設物、建築物、構築物等","41","仮設物、建築物、構築物等","417","通路","2","転倒"
"31","2010","平成","22","1","13~14","森林組合発注の間伐作業現場で、被災者が単独で樹高約17m、胸高径約16センチメートルの桧をチェンソーで伐倒作業を行っていた。谷側に傾いた伐倒木を山側に倒すために、元玉を切り離したとき、元玉切部が滑落し、当該伐倒木が山側に倒れたため、伐根の山側1mの地点で伐木が激突し、胸部を圧迫し死亡した。","6","農林業","602","林業","60209","その他の林業","1~9","7","環境等","71","環境等","712","立木等","5","崩壊、倒壊"
"32","2010","平成","22","1","7~8","牛舎の清掃作業を行っていた女性作業員が、付近にいた雄牛(体重600キログラム)と接触した後、頭部を牛舎内の柵に強打し、死亡したもの。当該柵には柵材固定用の金属ナットがあり、5センチメートルの突起のある形状であった。被災者は当該ナットで頭部を強打したものと推定される。","7","畜産・水産業","701","畜産業","70101","畜産業","1~9","7","環境等","71","環境等","719","その他の環境等","6","激突され"
"33","2010","平成","22","1","9~10","鉄骨造2階建事務所の新築工事において、高さ1.75mの位置のウマの足掛りに乗り、アーク溶接で建屋内部の鉄骨にピースを取り付けする作業を行っていたところ、十分な幅を有する作業面がなくバランスを崩して墜落し、コンクリート製の床に頭部等を打ちつけ被災した。被災の翌々日に、収容先の医療機関において死亡したもの。","3","建設業","302","建築工事業","30201","鉄骨・鉄筋コンクリート造家屋建築工事業","1~9","3","その他の装置等","37","用具","371","はしご等","1","墜落、転落"
"34","2010","平成","22","1","10~11","県道新設工事現場において、大型ダンプトラックから降ろされた土砂の転圧作業を行うため、タイヤローラーを運転し転圧を行っていたところ、2度目の後退時にタイヤローラーを法肩に寄せすぎたため、タイヤローラーのバランスが崩れ、タイヤローラーとともに、法肩から転落した。また、被災者はタイヤローラー運転に関する特別教育は受けていなかった。","3","建設業","301","土木工事業","30106","道路建設工事業","1~9","1","動力機械","14","建設機械等","144","締固め用機械","1","墜落、転落"
"35","2010","平成","22","1","11~12","破砕機(リサイクルクラッシャー)等により再生骨材を製造する作業場において、被災者が破砕機の下部のベルトコンベヤー部を動かしながら、ベルトのずれを調整しようと破砕機下で作業を行っていたところ、破砕機下部とベルトコンベアとの間に挟まれた。建設廃材を持ち込んだ取引業者が発見したもの。","1","製造業","109","窯業土石製品製造業","10909","その他の土石製品製造業","1~9","1","動力機械","16","一般動力機械","162","混合機、粉砕機","7","はさまれ、巻き込まれ"
"36","2010","平成","22","1","12~13","最大積載量3500キログラムのトラック荷台に建築資材を積み終え出発のための準備作業をしていた労働者が、トラック荷台(地面からあおり上部までの高さ約1.5m)から転落した。頭部を強く打ち、搬送先の病院で死亡した。","4","運輸交通業","403","道路貨物運送業","40301","一般貨物自動車運送業","1~9","2","物上げ装置、運搬機械","22","動力運搬機","221","トラック","1","墜落、転落"
"37","2010","平成","22","1","11~12","被災者は、煮沸した豆の充填機のオペレーター補助を行っていたが、昼の休憩前に、機械周りにたまった水を取り除くため、掃除道具(水切り)を道具置き場に取りに行き、戻ってくる途中の通路(水があり滑りやすかった)に於いて転倒し、頭部を強打した。即座に救急車が呼ばれて病院に搬送されたが、翌日死亡した。","1","製造業","101","食料品製造業","10109","その他の食料品製造業","10~29","4","仮設物、建築物、構築物等","41","仮設物、建築物、構築物等","417","通路","2","転倒"
"38","2010","平成","22","1","15~16","被災者は、会社の駐車場から会社に戻ろうとして歩道を歩いていたところ、前から走ってきたバスが側道から飛び出してきた乗用車を避けるために左側歩道に乗りあげたため、被災者がひかれたもの。","17","その他の事業","1702","その他の事業","170209","その他の事業－その他","10~29","2","物上げ装置、運搬機械","23","乗物","231","乗用車、バス、バイク","17","交通事故（道路）"
"39","2010","平成","22","1","6~7","長距離ドライバーとして事業場に勤務していた被災者はトレーラーを運転し、荷届けを終えて同社の営業所にトレーラーを置き、同営業所近くの自宅で仮眠をとるため深夜に帰宅した。帰宅後の食事中、過重労働による心疾患によって体調不良を訴えたため、病院に搬送したが、搬送先の病院で死亡したもの。","4","運輸交通業","403","道路貨物運送業","40301","一般貨物自動車運送業","100~299","9","その他","92","起因物なし","921","起因物なし","90","その他"
"40","2010","平成","22","1","10~11","籾殻庫で1人作業中、籾殻の状況確認のため籾殻倉庫内部を移動中、籾殻の少ない箇所へ転落し、反動で籾殻が崩れて籾殻に埋まり、多量の籾殻を吸引し窒息したものと思われる。","7","畜産・水産業","701","畜産業","70101","畜産業","1~9","4","仮設物、建築物、構築物等","41","仮設物、建築物、構築物等","418","建築物、構築物","1","墜落、転落"
"41","2010","平成","22","1","10~11","当該事業場の工場内において、労働者が最大荷重1.25tのフォークリフトを使用し、パレットに積まれた印刷物を4段(高さ3m)に積み上げ、荷置き作業を終えた。その高く荷置きされた印刷物付近を被災者が空パレットを運搬するために通行していたところ、当該印刷物の上方2段が被災者上に崩れ落ち、被災したものである。荷置き方法の問題もしくはパレットの損傷により荷崩れが起きたとみられる。","1","製造業","107","印刷・製本業","10702","製本業","50~99","2","物上げ装置、運搬機械","22","動力運搬機","222","フォークリフト","5","崩壊、倒壊"
"42","2010","平成","22","1","10~11","新設工場の冷凍庫にて高さ6mの天井に取り付けられた冷却用配管の霜を除去するために、リーチフォークのフォークの上にプラスチック槽を載せ、その中に労働者を入れて持ち上げ、霜をスコップにて払う作業中、プラスチック槽を固定していなかったので作業時の振動などによりバランスを崩し、約4mの高さから床面に墜落したもの。","1","製造業","101","食料品製造業","10102","水産食料品製造業","100~299","2","物上げ装置、運搬機械","22","動力運搬機","222","フォークリフト","1","墜落、転落"
"43","2010","平成","22","1","16~17","RC造2階建の個人住宅新築工事において、2次下請所属の型枠大工3名で型枠建込作業を行っていたところ、浴室で1名で作業を行っていた被災者が、壁際の地面から垂直に設置されたの鉄筋(直径1センチメートル、長さ67センチメートル、鉄筋先端部が養生されていなかった)の先端部13センチメートルが後頭部に刺さり、地面に座り込んだ状態で、他の場所で作業を行っていた作業員に発見され、約18時間後に死亡したものである。","3","建設業","302","建築工事業","30209","その他の建築工事業","1~9","4","仮設物、建築物、構築物等","41","仮設物、建築物、構築物等","419","その他の仮設物、建築物、構築物等","99","分類不能"
"44","2010","平成","22","1","18~19","工事終了後、被災者含め4名の乗ったライトバンが会社へ戻っている途中、凍結した路面でスリップし、対向車線の外側の水路へ転落し、乗車していた労働者3名が死傷したもの。","3","建設業","301","土木工事業","30107","河川土木工事業","1~9","2","物上げ装置、運搬機械","23","乗物","231","乗用車、バス、バイク","17","交通事故（道路）"
"45","2010","平成","22","1","23~24","事業場2階の事務所から出火。事業場1階で出荷準備を行っていた被災者が、2階事務所出入り口付近で倒れているのが発見されたもの。病院搬送後に、一酸化炭素中毒により死亡した。","8","商業","801","卸売業","80109","その他の卸売業","10~29","5","物質、材料","51","危険物、有害物等","514","有害物","12","有害物等との接触"
"46","2010","平成","22","1","8~9","アスファルト合材を製造するプラントにおいて、不具合が発生したため、被災者がその状況確認のために1人でプラント内に入り、運転を停止せずに作業をしていたところ、アスファルトを運搬するトロリーとプラントの支柱に挟まれたもの。","1","製造業","108","化学工業","10804","石油製品・石炭製品製造業","10~29","2","物上げ装置、運搬機械","22","動力運搬機","229","その他の動力運搬機","7","はさまれ、巻き込まれ"
"47","2010","平成","22","1","9~10","コイル形状の鋼線材を焼鈍する工程において、外側に膨らんだコイル材を炉内に納まる寸法に整形するため、当該コイル材を圧縮機で加圧し、さらに上方からフォークリフトのラム(円柱状のアタッチメント)に目通しした別のコイル材(重量約1.8t)を上下させて外側に膨らんだ線材を絞めていたところ(用途外使用)、コイル材がフォークのラムから外れ、付近で研修を受けていた被災者の上に落下し、下敷きとなったもの。","1","製造業","110","鉄鋼業","11001","製鉄・製鋼・圧延業","100~299","2","物上げ装置、運搬機械","22","動力運搬機","222","フォークリフト","4","飛来、落下"
"48","2010","平成","22","1","1~2","チェスト(古紙原料タンク、約5m×約10m、深さ約4m)の開口部(約1m×約1m)からオーバーフローが発生したため、溢れた原料を当該開口部に入れる作業を行うため、開口部左側に敷いていたコンパネ板(0.3m×1.4m)を外し、中央部に敷いていた杉板(0.24m×2m)を渡っていたところ、転落防止措置がなく転落したとみられる。チェスト内部のスクリューに巻き込まれた状態で発見された。死因は溺死。","1","製造業","106","パルプ・紙・紙加工品製造業","10601","パルプ・紙製造業","100~299","3","その他の装置等","39","その他の装置、設備","391","その他の装置、設備","1","墜落、転落"
"49","2010","平成","22","1","6~7","道路建設工事のため一般車両の通行する国道(片側1車線)の片側車線箇所をパイロンで囲んだ現場内に、車線を走行してきた第三者の軽自動車が突入し、車両誘導中の警備員2名がはねられ、うち1名が死亡したもの。","17","その他の事業","1702","その他の事業","170201","警備業","50~99","2","物上げ装置、運搬機械","23","乗物","231","乗用車、バス、バイク","17","交通事故（道路）"
"50","2010","平成","22","1","9~10","被災者ら派遣労働者3人は作業場(平屋)でドラム缶から汚泥を取り出し石灰と攪拌する作業に従事。被災者はドラム缶8個のふたと中のビニル袋の開封し終えた時に、同僚がフォークリフトで開封済ドラム缶1個を回転式クランプで挟み運搬してきたので後ろに下ったところ、汚泥と石灰の攪拌作業を行うドラグショベルが被災者に気付かずに1.1m後退したため、被災者は右側クローラに両足を腰付近まで轢かれたもの。","15","清掃・と畜業","1501","清掃・と畜業","150102","産業廃棄物処理業","100~299","1","動力機械","14","建設機械等","142","掘削用機械","7","はさまれ、巻き込まれ"
"51","2010","平成","22","1","14~15","国道で、社員の運転するダンプカー(10t)が土砂(10t前後)を運搬中、道路を下って右カーブに差し掛かったところ、スピードの出し過ぎかよそ見運転等により、道路左ガードレールを突き破って30m下の崖下に転落した。被災者は、病院に運ばれたが、頭部を打って死亡した。","2","鉱業","203","その他の鉱業","20309","その他の鉱業－その他","1~9","2","物上げ装置、運搬機械","22","動力運搬機","221","トラック","17","交通事故（道路）"
"52","2010","平成","22","1","7~8","被災者はトレーラーで配送先に到着し、バックで敷地に入ろうとしたところ、入口の門柱に接触してしまった。そのため、トレーラーの向きを変えて2度目のバック進入をしていたところ、急性疾患を発症して車内で意識を失い、死亡した。","4","運輸交通業","403","道路貨物運送業","40301","一般貨物自動車運送業","1~9","9","その他","92","起因物なし","921","起因物なし","90","その他"
"53","2010","平成","22","1","9~10","被災者は高速道路の除雪作業に従事していた。待機所において、除雪作業の待機中、同僚に「自分の車の除雪と飯を取りに行く」と言って待機所を出たまま戻らなかった。その後、待機所近くの駐車場において、被災者所有の自動車の運転席で一酸化炭素中毒により死亡していた被災者を同僚が発見したもの。","3","建設業","301","土木工事業","30199","その他の土木工事業","10~29","5","物質、材料","51","危険物、有害物等","514","有害物","12","有害物等との接触"
"54","2010","平成","22","1","14~15","被災者は出張先である上記アスファルト製造事業場にて、アスファルトミキサーのホッパー排出口に取付けられてある開閉蓋の裏蓋補強板の取替え作業を行っていた。当時被災者は、蓋の収まり部分のバリ取りをするため、蓋の開スイッチを押し、蓋を開放して排出口から覗き込むような態勢で当該作業を行っていたところ、作業を行っていた最中にヒューズが切れ、自動的に閉まりだした開閉蓋に頚部及び肩部を挟まれ死亡したもの。なお、当該修理作業は当日のみの仕事であった。","1","製造業","117","その他の製造業","11702","機械修理業","1~9","1","動力機械","16","一般動力機械","162","混合機、粉砕機","7","はさまれ、巻き込まれ"
"55","2010","平成","22","1","10~11","高速自動車道のトンネル入口上部の法面で立木の伐倒作業中、被災者がチェンソーを用いて追い口切りを行っていたところ、伐倒木が突然裂け、作業を行っていた被災者の背中に直撃した。被災者は、現地で応急処置を受けた後、ドクターヘリで病院に搬送され、治療を継続していたが、約2ヶ月後に死亡した。過重な負荷を掛けてチルホールで牽引していたため裂けやすく、また、重心が偏っている木に対して、受け口を広めに切り取っていなかった。","3","建設業","303","その他の建設業","30309","その他の建設業－その他","10~29","7","環境等","71","環境等","712","立木等","4","飛来、落下"
"56","2010","平成","22","1","16~17","木造一戸建新築住宅(建売)の工事現場において、脚立に上に乗り玄関庇外側の下地板の貼り付け作業中、バランスを崩し高さ1.1mの脚立の天板から後ろ向きに転落したもの。","3","建設業","302","建築工事業","30202","木造家屋建築工事業","1~9","3","その他の装置等","37","用具","371","はしご等","1","墜落、転落"
"57","2010","平成","22","1","22~23","被災者は、缶ジュースを積んだ普通トラック(3.5t)を運転して、コンビニへ配達中、国道の片側2車線箇所の追い越し車線側を走行していたところ、運転操作ミスにより、隣車線の車を追い抜いた直後に車体が左右にふらつき始め、交差点付近の中央分離帯に衝突して車体が横転したもの。被災者は、全身を強く打ち、病院に搬送されるも約5時間後に出血性ショックのため死亡した。","4","運輸交通業","403","道路貨物運送業","40302","特定貨物自動車運送業","30~49","2","物上げ装置、運搬機械","22","動力運搬機","221","トラック","17","交通事故（道路）"
"58","2010","平成","22","1","9~10","県の嘱託職員が川岸に設置された量水標の水位表示を確認するため、デッキブラシで表示部を清掃しようとしていた際に、川岸の斜面で積雪に足を滑らせて水中に転落し溺死したもの。","16","官公署","1601","官公署","160101","官公署","1~9","7","環境等","71","環境等","713","水","10","おぼれ"
"59","2010","平成","22","1","13~14","アパート新築工事現場において、同僚が4tダンプトラックを後進させたところ、トラックの荷台の後部とガスタンク置場のブロック塀との間に腹部を挟まれたもの。目撃者がいないので、災害時に被災者がどのような作業を行っていたかは不明であるが、災害の直前までは、ガスタンク置場のフェンスの設置作業を行っていた。","3","建設業","302","建築工事業","30202","木造家屋建築工事業","10~29","2","物上げ装置、運搬機械","22","動力運搬機","221","トラック","7","はさまれ、巻き込まれ"
"60","2010","平成","22","1","13~14","堆肥プラントにおいて、屋上にあるチップの集塵用ダクトに穴が生じたため、修繕しようとスレート屋根上を移動中、道板や防網等の墜落防止措置を講じておらず、スレートを踏み抜き約6m下の地上に墜落したもの。","1","製造業","109","窯業土石製品製造業","10909","その他の土石製品製造業","1~9","4","仮設物、建築物、構築物等","41","仮設物、建築物、構築物等","415","屋根、はり、もや、けた、合掌","1","墜落、転落"
"61","2010","平成","22","1","13~14","遊園地レジャーランド内で、修繕塗装のため各部単管足場に覆われたジェットコースターを、当該状態で営業運転しても問題がないか否か確認するため、被災者含め2名で搭乗し、試運転を試みたところ、途中左にカーブしながら急降下している時に、被災者の左の額が、突き出ていた単管パイプに激突し、翌日死亡が確認された。","14","接客娯楽業","1403","その他の接客娯楽業","140302","公園・遊園地","50~99","4","仮設物、建築物、構築物等","41","仮設物、建築物、構築物等","411","足場","3","激突"
"62","2010","平成","22","1","14~15","スギの間伐のためチェンソーを使用して伐倒作業を行っていたところ、伐倒木から約4m離れた箇所にあるスギにかかってしまったので、かかり木処理するために元玉切りを行っていたところ、足を滑らし、作業位置から約10m下の谷へ墜落したとみられる。","6","農林業","602","林業","60209","その他の林業","1~9","7","環境等","71","環境等","711","地山、岩石","1","墜落、転落"
"63","2010","平成","22","1","17~18","客先の油圧式カーリフター(積載荷重2500キログラムのエレベーター)の月次点検作業で、カーリフターの搬器に乗り、搬器を上昇させながら身を乗り出してガイドレールへのグリース塗布及び状況確認を行っていたところ、ガイドレール支持塔頂部を繋ぐ梁と搬器の鉄柵(高さ1.4m)の間に挟まれた。非常停止ボタンを押したが間に合わなかった。","8","商業","802","小売業","80209","その他の小売業","30~49","4","仮設物、建築物、構築物等","41","仮設物、建築物、構築物等","418","建築物、構築物","7","はさまれ、巻き込まれ"
"64","2010","平成","22","1","23~24","圧延工場のホイスト式天井クレーンが不具合のため電気係2名と起重機保全の被災者が修理を行っていたが、被災者が部品を取りに行くため下に降りて、隣で稼働中のH鋼(10センチメートル×10センチメートル、長さ12m)の歪み取り機と、押し出されたH鋼が流れていくローラーテーブルとの間にある隙間(約60センチメートル)を通ろうとしたとき、流れてきたH鋼(スピードは2.4m/s。4秒間隔。)に激突され、身体を貫通したもの。","1","製造業","110","鉄鋼業","11001","製鉄・製鋼・圧延業","300~499","1","動力機械","15","金属加工用機械","159","その他の金属加工用機械","6","激突され"
"65","2010","平成","22","1","4~5","配送先に積み荷のパンを届け、会社に戻る途中、国道のガードレールを突き破って約9m下の川に転落、運転していた被災者は全身を強く打ち死亡、助手席の同僚男性も腕などに軽いけがを負った。現場は片側1車線の右カーブで、当時、路面は凍結していたとみられている。","4","運輸交通業","403","道路貨物運送業","40303","貨物軽自動車運送業","10~29","2","物上げ装置、運搬機械","22","動力運搬機","221","トラック","17","交通事故（道路）"
"66","2010","平成","22","1","13~14","被災者は、自転車で集金後の帰社途中、信号も横断歩道もない国道を渡ろうとしていた。先の交差点が赤信号となっているため停車している車列の間を横断していた時、右折可の信号となっていたことから右折しようと交差点へ直進していたバスと衝突し、死亡した。","17","その他の事業","1702","その他の事業","170209","その他の事業－その他","1~9","3","その他の装置等","36","人力機械工具等","362","人力運搬機","17","交通事故（道路）"
"67","2010","平成","22","1","13~14","2階建て個人住宅新築工事現場において、大工ら6名で建前作業中、他の大工が並べた構造用合板の2階床板をはめ込む作業をしていた時、固定されていない床板に足を乗せたところ、当該床板が外れて床板とともに、高さ3.27m下の1階コンクリート基礎部へ墜落した。","3","建設業","302","建築工事業","30202","木造家屋建築工事業","1~9","4","仮設物、建築物、構築物等","41","仮設物、建築物、構築物等","418","建築物、構築物","1","墜落、転落"
"68","2010","平成","22","1","9~10","被災者は担当地域の客先に向かうため、営業車(2tトラック)を運転し国道を走行中、センターラインをオーバーし、対向してきた10tトラックに衝突した。詳細については、調査中。","8","商業","801","卸売業","80109","その他の卸売業","30~49","2","物上げ装置、運搬機械","22","動力運搬機","221","トラック","17","交通事故（道路）"
"69","2010","平成","22","1","17~18","ワラビ餅を製造するため、事業場内に設置されていた餡練機に材料を投入し、攪拌するために起動スイッチを投入した時に被災者の被服の一部が攪拌棒の突起部分に絡まり、首を圧迫されて死亡した。発生当時店内には被災者しかおらず、発見時にはすでに死亡していた。機械に巻き込まれを防止するための囲い等がなかった。","8","商業","802","小売業","80209","その他の小売業","1~9","1","動力機械","16","一般動力機械","165","食品加工用機械","7","はさまれ、巻き込まれ"
"70","2010","平成","22","1","9~10","ホテル屋上からロープを垂らし下降しながら窓清掃を行う作業を行っていた被災者が、当日2ヵ所目の作業のためロープを緊結し、屋上のパラペットからロープを伝って下降しようとしたところ、ロープの緊結がほどけて高さ約45m下の地面に墜落した。","15","清掃・と畜業","1501","清掃・と畜業","150101","ビルメンテナンス業","1~9","3","その他の装置等","37","用具","379","その他の用具","1","墜落、転落"
"71","2010","平成","22","1","10~11","被災者は市役所内におけるゴミ収集等の清掃業務を行っているもの。1階車庫内の自動車修理用ピット(幅80センチメートル(内側130センチメートル)、奥行552センチメートル、深さ150センチメートル)内でうつぶせに倒れ、心肺停止状態となった被災者が発見され、救急車により搬送されるも病院にて死亡が確認された。清掃作業中に足を踏み外してピットに墜落した際、ピットの縁部分に胸を強打したとみられる。","15","清掃・と畜業","1501","清掃・と畜業","150101","ビルメンテナンス業","1~9","4","仮設物、建築物、構築物等","41","仮設物、建築物、構築物等","414","開口部","1","墜落、転落"
"72","2010","平成","22","1","14~15","発注者である境内の植栽の手入れを請負った造園会社に所属する被災者が、長さ240センチメートルの3点式の脚立を、建物の軒に立てかけて「移動はしご」として使用し、建物軒に設置の雨樋内部に詰まった枯葉等の除去作業を実施していたところ、手がかりとしていた雨樋が破損したためバランスを崩し、脚立4段目(地上高さ117センチメートル)ないし同5段目(146センチメートル)より墜落し、庭の置き石に頭部を打ちつけ、病院にて翌日死亡した。","6","農林業","601","農業","60101","農業","1~9","3","その他の装置等","37","用具","371","はしご等","1","墜落、転落"
"73","2010","平成","22","1","4~5","被災者は、車で新聞を配達中、漁港の埠頭内にある顧客先に朝刊を配達し、次の配達先に向かうため、埠頭内の道路を走行していたところ、辺りは日の出前でまだ暗く、且つ、埠頭内は地吹雪で前方の視界が不良となっていたため、車のハンドル操作を誤り、車ごと埠頭から海中に転落したもの。","8","商業","802","小売業","80205","新聞販売業","30~49","2","物上げ装置、運搬機械","23","乗物","231","乗用車、バス、バイク","17","交通事故（道路）"
"74","2010","平成","22","1","18~19","被災者はエレベータ1号機(同一シャフトに3機並列しており3号機は工事用として使用していた)のピット内コントローラー配線工事を1人で行っていた。同僚が被災者の作業場所に行ったところ、2つ隣りの3号機のカウンターウェイト側の梁上にうずくまるように倒れていた被災者を発見した。救急車を呼んだが内蔵損傷のため死亡した。稼働中の3号機の降下してきたカウンターウェイトに接触し、これと昇降路の横架材との間に挟まれたとみられる。","3","建設業","303","その他の建設業","30302","機械器具設置工事業","1~9","2","物上げ装置、運搬機械","21","動力クレーン等","214","エレベータ、リフト","7","はさまれ、巻き込まれ"
"75","2010","平成","22","1","6~7","被災者は工場へ荷を取りに行くため、国道を2tトラックで走行中、中央分離帯の段差を乗り越え、対向車線を走っていた大型トラックと正面衝突し、頭などを強く打ち死亡した。警察によれば、現場は緩やかなカーブであり、被災者が運転を誤ったと推測される。なお、相手方の大型トラック運転手も足に軽傷を負った。","4","運輸交通業","403","道路貨物運送業","40301","一般貨物自動車運送業","10~29","2","物上げ装置、運搬機械","22","動力運搬機","221","トラック","17","交通事故（道路）"
"76","2010","平成","22","1","14~15","コンテナバースのマンホール内において、電源ケーブル(6600V、約42Φ)の引き込み作業中、隣接するマンホールから入れた電源ケーブルをウインチで引き出していたところ、マンホール内壁に設置した滑車の取付金具が突然破損し、マンホール内で滑車の状態を監視していた被災者の顔面を滑車が直撃した。被災者は3日後に死亡した。","3","建設業","303","その他の建設業","30301","電気通信工事業","1~9","3","その他の装置等","37","用具","379","その他の用具","4","飛来、落下"
"77","2010","平成","22","1","16~17","工場内においてLAN配線およびコンセント配線工事を行っていたところ、ケーブルラック上(高さ5.49m)に配線を行うため、ケーブルラックに梯子をかけて登っている際に、梯子脚部が滑り梯子先端部がケーブルラックから外れたため、梯子ごと床に墜落し前頭部を強打し、脳を負傷して死亡したもの。","3","建設業","303","その他の建設業","30301","電気通信工事業","1~9","3","その他の装置等","37","用具","371","はしご等","1","墜落、転落"
"78","2010","平成","22","1","21~22","車両にて警備巡回中、火災の通報を受けたため、現場へ向かった。現場到着後、同僚が火災現場の状況をカメラで撮影していたところ、被災者は同僚に歩み寄ろうとし、過重労働による心臓疾患により突然前方に倒れた。被災者は既に意識が無く、火災現場にいた消防隊員が心肺蘇生を行い、救急車で病院へ搬送した。搬送先の病院で、9日後に死亡した。","17","その他の事業","1702","その他の事業","170201","警備業","300~499","9","その他","92","起因物なし","921","起因物なし","90","その他"
"79","2010","平成","22","1","23~24","被災者は、日本の工場から海外の子会社への出張中、朝礼の時間になっても姿が見えなかったため、同僚が被災者の寮へ行ったところ、被災者が寮の浴室で一酸化炭素中毒により倒れているのを発見されたものである。","1","製造業","117","その他の製造業","11709","その他の製造業－その他","500~999","5","物質、材料","51","危険物、有害物等","514","有害物","12","有害物等との接触"
"80","2010","平成","22","1","11~12","自動車整備工場の作業ピット内でタンクローリーの修理作業中、ドライブシャフトを取り外したのでサイドブレーキが解除され、逸走防止措置をしておらず、タンクローリーが後進し、前輪がピットに落下して作業中の労働者に激突し、上半身がピットと車体との間に挟まれた。","1","製造業","117","その他の製造業","11701","自動車整備業","10~29","2","物上げ装置、運搬機械","22","動力運搬機","221","トラック","6","激突され"
"81","2010","平成","22","1","11~12","受電設備の新設工事において、長さ14mのコンクリート製電柱を立てるため、移動式クレーンを使って深さ1.4mの穴に電柱を建て込み、電柱下方に根枷を取り付け、土砂を埋め戻し、ドラグショベルのバケットで転圧した。その後、作業指揮者である被災者が高さ11mの位置まで電柱を登り、玉掛けワイヤーロープを外したところ、電柱が倒れ、電柱とともに地面にたたきつけられ死亡したもの。","3","建設業","303","その他の建設業","30301","電気通信工事業","1~9","3","その他の装置等","35","電気設備","351","送配電線等","5","崩壊、倒壊"
"82","2010","平成","22","1","11~12","2階建てのアパートの解体工事において、屋根のスレートをはがす作業中、2階屋根より墜落したもの。本来足場は設置できたが、親綱で対応していた。被災者は、保護帽及び安全帯を着用していたが、安全帯は使用していなかった。","3","建設業","302","建築工事業","30202","木造家屋建築工事業","10~29","4","仮設物、建築物、構築物等","41","仮設物、建築物、構築物等","415","屋根、はり、もや、けた、合掌","1","墜落、転落"
"83","2010","平成","22","1","12~13","配送先の敷地内で4tトラックの後部扉を開けて1人で荷下ろしの準備を行っていたところ、トラックの荷台から墜落し後頭部を強打した。病院に運ばれ治療中であったが、約1週間後に死亡したもの。災害発生時ヘルメットは着用していなかった。","4","運輸交通業","403","道路貨物運送業","40301","一般貨物自動車運送業","1~9","2","物上げ装置、運搬機械","22","動力運搬機","221","トラック","1","墜落、転落"
"84","2010","平成","22","1","16~17","オール電化工事現場にて太陽光発電システム2階部分の配線工事の準備作業のため、保護帽、安全帯未着用のまま屋根に登り1階屋根を移動中、小雨が降っており、足が滑って高さ2.7mの屋根から墜落し、コンクリート張りの犬走りに頭を強打し死亡した。","3","建設業","303","その他の建設業","30302","機械器具設置工事業","1~9","4","仮設物、建築物、構築物等","41","仮設物、建築物、構築物等","415","屋根、はり、もや、けた、合掌","1","墜落、転落"
"85","2010","平成","22","1","20~21","大型トラックを運転し、青森県から東京都内へ荷の運送を行った後、帰りの便として東京都内で荷を積み込んで戻る際、高速道路において、前方不注意により前を走行していた大型トラックに追突し、死亡した。","4","運輸交通業","403","道路貨物運送業","40301","一般貨物自動車運送業","50~99","2","物上げ装置、運搬機械","22","動力運搬機","221","トラック","17","交通事故（道路）"
"86","2010","平成","22","1","21~22","被災者が4tトラックを運転し、高速道路を走行中、前方不注意により路肩と第1車線にまたがって停車中していた10tダンプトラックに追突したもの。被害者は病院に搬送されたものの死亡した。","4","運輸交通業","403","道路貨物運送業","40301","一般貨物自動車運送業","10~29","2","物上げ装置、運搬機械","22","動力運搬機","221","トラック","17","交通事故（道路）"
"87","2010","平成","22","1","22~23","NC切断機の切断トーチのセンタリング調整作業中、作動テストのため切断トーチの付近の設けられている起動スイッチを押したところ、NC切断機のプログラムが調整作業のモードではなく通常のモードであったため、突然、NC切断機が走行するとともに、切断トーチが横行し、当該切断機の本体と、定盤に置かれていた鋼製の板との間に挟まれたものである。","1","製造業","115","輸送用機械等製造業","11501","造船業","50~99","1","動力機械","15","金属加工用機械","159","その他の金属加工用機械","7","はさまれ、巻き込まれ"
"88","2010","平成","22","1","4~5","ティッシュペーパー製造工程において、プライマシーン(巾4mのロール紙2本を重ね合わせて、巾197ミリメートルに切断し巻き取る機械)が停止していることに気づいた同僚が、プライマシーンの運転を担当していた被災者を捜索したところ、機械下部のローラーとベルトに左手から巻き込まれている被災者を発見した。機械を停止しないまま、紙の除去作業を行ったとみられる。","1","製造業","106","パルプ・紙・紙加工品製造業","10602","紙加工品製造業","500~999","1","動力機械","12","動力伝導機構","121","動力伝導機構","7","はさまれ、巻き込まれ"
"89","2010","平成","22","1","9~10","被災者は、インターチェンジの維持修繕作業のため、路肩規制をしている場所で刈り取った草をパッカー車へ積み込み作業を行っていた。路肩規制をしている場所へ乗用車が進入して被災者に追突し、パッカー車と乗用車に挟まれ死亡した。","3","建設業","301","土木工事業","30199","その他の土木工事業","10~29","2","物上げ装置、運搬機械","23","乗物","231","乗用車、バス、バイク","17","交通事故（道路）"
"90","2010","平成","22","1","10~11","海中放出管漏洩位置調査及び応急措置工事のため、水深約27mで放出管の土砂をエアーリフトで掘る作業を実施中、作業時間が経過したので、連絡員から浮上の連絡をした1~2分後に、潜水者(被災者)からの応答がなくなったものである。被災者は、海底近くでフーカー式潜水器の全面マスクからレギュレーターが外れ身動きしない状態で発見され、救出されたが、同日死亡が確認された。","3","建設業","301","土木工事業","30199","その他の土木工事業","30~49","7","環境等","71","環境等","713","水","10","おぼれ"
"91","2010","平成","22","1","16~17","50cc原動機付き自転車に乗り夕刊配達を終え帰社する途中に、反対車線から来た20tトラックと中央線付近で正面衝突し死亡した。原因を警察が調査中。","8","商業","802","小売業","80205","新聞販売業","30~49","2","物上げ装置、運搬機械","23","乗物","231","乗用車、バス、バイク","17","交通事故（道路）"
"92","2010","平成","22","1","17~18","被災者が、原付バイクで集金に行く際、片側1車線の国道上のセンターライン付近で右折のため対向車線の車の通過を待っていたところ、後ろから走行してきたトラックが被災者に気付くのに遅れ、バイクに追突した。バイクは対向車線に押し出され、対向車線を走行してきた自動車にも激突され死亡した。","8","商業","802","小売業","80205","新聞販売業","30~49","2","物上げ装置、運搬機械","22","動力運搬機","221","トラック","17","交通事故（道路）"
"93","2010","平成","22","1","20~21","夜間、渉外業務のため、原動機付き自転車に乗って街灯が少ない道路を走行中、誤って道路から農業用水路に転落し、翌日、農業用水路に倒れているところを発見されたもの。","9","金融・広告業","901","金融業","90101","銀行・信託業","10~29","2","物上げ装置、運搬機械","23","乗物","231","乗用車、バス、バイク","17","交通事故（道路）"
"94","2010","平成","22","1","6~7","被災者はフォークリフトによりトラックシャーシから荷卸し中、他の労働者がトラックシャーシを別の場所に移動すべくトラクタヘッドにより牽引して前進させた為、プラットホームとトラックシャーシの間の敷鉄板ごと130センチメートル下の地面に落下し、フォークリフトの下敷きとなり胸部圧迫により死亡したもの。","4","運輸交通業","403","道路貨物運送業","40301","一般貨物自動車運送業","10~29","2","物上げ装置、運搬機械","22","動力運搬機","221","トラック","1","墜落、転落"
"95","2010","平成","22","1","8~9","下水道工事の資材置き場で被災者は1人作業でドラグショベルを操作して、アスファルト片の移動作業中、ドラグショベルの左側クローラの傍らで左足を切断し右足を負傷した状態で発見された。ドラグショベルが逸走したとみられる。","3","建設業","301","土木工事業","30110","上下水道工事業","1~9","1","動力機械","14","建設機械等","142","掘削用機械","7","はさまれ、巻き込まれ"
"96","2010","平成","22","1","11~12","被災者は、国道の除排雪工事に伴う除雪車等の交通誘導員として従事していた。昼休みが近くなったので交通規制を解除するため「駐車帯」とよばれる広場に除雪車等を誘導することとなった。一方、ロータリー除雪車は駐車帯の出入り口付近にあった雪山の排雪作業を行っていたが、ロータリー車が後退した際に後方確認を怠って被災者を5m跳ね飛ばし、倒れた被災者の上を車体が通過し、さらに前方のオーガに被災者を巻き込んでしまった。","17","その他の事業","1702","その他の事業","170201","警備業","不明","1","動力機械","14","建設機械等","149","その他の建設機械等","7","はさまれ、巻き込まれ"
"97","2010","平成","22","1","13~14","河川改修工事において、河岸の小径木を根ごとドラグショベルのバケットですくい上げるため、作業し易い位置にドラグショベルを移動させていたところ、ドラグショベルの近くに立ち入った被災者が現場に積んであったコンクリートブロックとドラグショベルとの間に挟まれたものである。","3","建設業","301","土木工事業","30199","その他の土木工事業","10~29","1","動力機械","14","建設機械等","142","掘削用機械","7","はさまれ、巻き込まれ"
"98","2010","平成","22","1","14~15","工場内の製品出荷場所において、出荷を担当する被災者が、上段の鉄骨が崩れて胸部を鉄骨に挟まれた状態で発見された。被災者は災害発生日の翌日に出荷を行う建築用鉄骨(長さ4.645m、幅0.55m、重さ約2.5t)を橋型クレーンにて上下2段積みで出荷場に並べる作業を1名で行っており、目撃者はいない。発見時、玉掛け用具は鉄骨から外れた状態。使用していたクレーンのつり上げ荷重は10.1t。玉掛けは3.2t用つりチェーンを使用。被災者は資格有。","1","製造業","112","金属製品製造業","11209","その他の金属製品製造業","30~49","5","物質、材料","52","材料","521","金属材料","5","崩壊、倒壊"
"99","2010","平成","22","1","17~18","事業所(自宅兼用)の敷地内において、被災会社の代表者と被災労働者の2名にて、ドラグショベル(機体重量1.2t)を用いて鉄板(92センチメートル×183センチメートル、厚さ1センチメートル)の吊り込み作業(用途外使用)をしていたところ、代表者が運転するドラグショベルの作業半径内に被災者が入った際、バケット爪の先端とアーム部分に被災者の頭部がはさまれた。12日後に死亡した。","3","建設業","302","建築工事業","30202","木造家屋建築工事業","1~9","1","動力機械","14","建設機械等","142","掘削用機械","7","はさまれ、巻き込まれ"
"100","2010","平成","22","1","9~10","鋼船(1800t)を製造する作業場において、船首左舷側付近に船名を取り付けるためのマーキング作業を行っていたところ、船体壁面から足場までの間隔が約1mあり、作業中に7.3m下のコンクリート面上へ墜落した。足場の船体側に手すりが無く、安全帯を使用していなかった。","1","製造業","115","輸送用機械等製造業","11501","造船業","10~29","4","仮設物、建築物、構築物等","41","仮設物、建築物、構築物等","411","足場","1","墜落、転落"
"101","2010","平成","22","1","9~10","在宅型の福祉センター内において、デイサービス利用者を駐車スペースの送迎バスからセンター2階へ誘導する介護業務を行った後、事務室に戻る途中の廊下にて何らかの理由により転倒し被災したもの。災害が発生してから約10ヶ月後に死亡した。","13","保健・衛生業","1302","社会福祉施設","130201","社会福祉施設","30~49","4","仮設物、建築物、構築物等","41","仮設物、建築物、構築物等","417","通路","2","転倒"
"102","2010","平成","22","1","12~13","被災者は、新しく配達する地域を覚えるため、バイクを運転する配達担当者に付いて、被災者もバイクを運転していた。配達担当者は見通しの悪い左カーブを曲がり、数十m先の交差点で停止していたが、被災者が付いて来ないことに気が付き、カーブの所まで戻ったところ、道路沿いの水路(高さ1mくらいのコンクリート製)へバイクごと被災者が転落しているのを発見した。その時、被災者は意識不明で呼吸もしていなかった。","11","通信業","1101","通信業","110101","通信業","100~299","2","物上げ装置、運搬機械","23","乗物","231","乗用車、バス、バイク","17","交通事故（道路）"
"103","2010","平成","22","1","13~14","橋梁中央の橋脚周囲に設置した枠組足場の最上部を起点として、およそ5mの吊り足場を組み立てていた際、ころばしとして固定されていた鋼製パイプ(直径5センチメートル、長さ1.5m)の一端の直交クランプが外れ、当該ころばしに架けていたと思われる足場材4枚とともに39.3m下の地上に墜落した。防護網を張っておらず、また、安全帯を使用していなかった。","3","建設業","301","土木工事業","30105","橋梁建設工事業","10~29","4","仮設物、建築物、構築物等","41","仮設物、建築物、構築物等","411","足場","1","墜落、転落"
"104","2010","平成","22","1","13~14","橋梁中央の橋脚周囲に設置した枠組足場の最上部を起点として、およそ5mの吊り足場を組み立てていた際、ころばしとして固定されていた鋼製パイプ(直径5センチメートル、長さ1.5m)の一端の直交クランプが外れ、当該ころばしに架けていたと思われる足場材4枚とともに39.3m下の地上に墜落した。防護網を張っておらず、また、安全帯を使用していなかった。","3","建設業","301","土木工事業","30105","橋梁建設工事業","10~29","4","仮設物、建築物、構築物等","41","仮設物、建築物、構築物等","411","足場","1","墜落、転落"
"105","2010","平成","22","1","14~15","係留中の台船に設置されていたコンテナー(物置として使用)を浮クレーンを使用して吊り上げ、設置位置を変更する作業が予定されていた。被災者は、コンテナーに立てかけた移動はしごを使ってコンテナー上に移動し、玉かけの準備作業を行った後、同移動はしごにて台船上に降りていた際、はしごから転落した。","3","建設業","301","土木工事業","30107","河川土木工事業","10~29","3","その他の装置等","37","用具","371","はしご等","1","墜落、転落"
"106","2010","平成","22","1","2~3","国道バイパスの道路改良工事現場において、夜間の交通整理にあたっていた警備員2名が、前方不注意で走行してきた4t貨物トラックにはねられ、1名が頭を強く打ち1時間後に死亡、1名が全治1週間の怪我を負ったもの。","17","その他の事業","1702","その他の事業","170201","警備業","50~99","2","物上げ装置、運搬機械","22","動力運搬機","221","トラック","17","交通事故（道路）"
"107","2010","平成","22","1","4~5","荷の運送のため高速自動車道を走行していた4tトラックが、前方不注意により渋滞の最後尾の大型トラックに追突し、4tトラックを運転していた労働者が内蔵圧迫により死亡したもの。4tトラックに追突された大型トラックの運転手は、首に軽傷。","4","運輸交通業","403","道路貨物運送業","40301","一般貨物自動車運送業","50~99","2","物上げ装置、運搬機械","22","動力運搬機","221","トラック","17","交通事故（道路）"
"108","2010","平成","22","1","0~1","タラ刺し網漁船(9.7t)に船長(事業主)と乗組員2人が乗り込み沖合で操業中、僚船との無線交信を最後に連絡が途絶え、そのまま3名とも行方不明となったもの。その後、漁船が転覆しており、3名のうち2名が発見された。残る乗組員1名は未だ行方不明である。","7","畜産・水産業","702","水産業","70201","漁業","1~9","2","物上げ装置、運搬機械","23","乗物","239","その他の乗物","18","交通事故（その他）"
"109","2010","平成","22","1","0~1","タラ刺し網漁船(9.7t)に船長(事業主)と乗組員2人が乗り込み沖合で操業中、僚船との無線交信を最後に連絡が途絶え、そのまま3名とも行方不明となったもの。その後、漁船が転覆しており、3名のうち2名が発見された。残る乗組員1名は未だ行方不明である。","7","畜産・水産業","702","水産業","70201","漁業","1~9","2","物上げ装置、運搬機械","23","乗物","239","その他の乗物","18","交通事故（その他）"
"110","2010","平成","22","1","13~14","学会出張のため、ホテルに宿泊したが、翌日の午後にホテル客室内のベットの上で死亡しているところを発見された。過重労働とみられる。","12","教育・研究業","1201","教育・研究業","120109","その他の教育研究業","1000~9999","9","その他","92","起因物なし","921","起因物なし","90","その他"
"111","2010","平成","22","1","23~24","会社からの帰宅途中、会社の郵便物を郵便ポストに投函するため、郵便局へ自家用車で向かった。被災者は、郵便局前の歩道内に自家用車を駐車した。ポストに向かって歩いたが、車が前進してきたので車に乗り込み、車を停止させようとしたが、車体と運転席ドアの間に挟まれ死亡した。自家用車はAT車で、発見時にエンジンは停止されておらず、サイドブレーキは引かれていたものの、ギアはドライブの状態であった。","1","製造業","107","印刷・製本業","10701","印刷業","10~29","2","物上げ装置、運搬機械","23","乗物","231","乗用車、バス、バイク","17","交通事故（道路）"
"112","2010","平成","22","1","4~5","朝刊配達後、販売店へ戻る途中、道路上に駐車していたトラックに追突したもの。被災者の前方不注意とみられる。","8","商業","802","小売業","80205","新聞販売業","30~49","2","物上げ装置、運搬機械","22","動力運搬機","221","トラック","17","交通事故（道路）"
"113","2010","平成","22","1","7~8","原子力発電所の定検工事中、タービン建屋1階の電気室での母線停電作業において、被災者が受電盤内部の端子にアースケーブルを取り付ける作業中、受電盤内部からアークが噴出し、被災者が死亡し、6人が負傷(火傷)した。なお、受電盤の1次側の電源を切っていなかったため、1次側端子(変圧器側)は充電中であり440Vの電圧がかかっていた。現場は放射線管理区域外で、放射性物質による汚染、被ばくはない。","3","建設業","303","その他の建設業","30302","機械器具設置工事業","1~9","3","その他の装置等","35","電気設備","352","電力設備","11","高温・低温の物との接触"
"114","2010","平成","22","1","8~9","河川の流路工工事現場において、作業場に向かって歩いていた被災者が、現場駐車場から出てきたワゴン車に轢かれたもの。ワゴン車が車両進行方向左に走り出したところ、被災者が何らかの理由で屈んでいたため、運転手が被災者のいることに気付かなかった。","3","建設業","301","土木工事業","30107","河川土木工事業","50~99","2","物上げ装置、運搬機械","23","乗物","231","乗用車、バス、バイク","17","交通事故（道路）"
"115","2010","平成","22","1","13~14","被災者は昼休み後、管理・開放病棟から病棟へ入院患者の回診に向かっていたが、病院の建替工事中のため、病棟内部の通路及び階段が使用できなかった。そのため管理・開放病棟から病棟への移動は、屋外階段を昇る必要があった(当時の正規ルート)。屋外階段付近から音が聞こえたので、付近にいた入院患者が階段に駆け付けたところ、階段下で仰向けに倒れている被災者が発見され、病院に搬送され翌日死亡したもの。階段を昇る際につまずく等により、身体のバランスを崩し、階段から転落し、頭部を強打したとみられる。","13","保健・衛生業","1301","医療保健業","130101","病院","100~299","4","仮設物、建築物、構築物等","41","仮設物、建築物、構築物等","413","階段、桟橋","1","墜落、転落"
"116","2010","平成","22","1","14~15","築堤の舗装工事現場において、アスファルトフィニッシャーを使用して道路舗装作業中、被災者は合材敷き均し作業開始前で合材待ちのため待機していたところ、合材を横方向に掻き出すスクリューにうつ伏せの状態で巻き込まれ、スクリューと地面との間に胸部を挟まれた状態で発見された。直ちにドクターヘリで病院に搬送されたが15日後に死亡したものである。","3","建設業","301","土木工事業","30106","道路建設工事業","10~29","1","動力機械","14","建設機械等","149","その他の建設機械等","7","はさまれ、巻き込まれ"
"117","2010","平成","22","1","15~16","工場建屋の雨漏り修理依頼があり、工事見積もりのために雨漏り箇所の状況を確認しようとスレート屋根の上を移動していたところ、スレートを踏み抜き、約7.7mの高さから墜落したもの。歩み板の使用や防網の設置等の対策が講じられていなかった。","8","商業","801","卸売業","80109","その他の卸売業","1~9","4","仮設物、建築物、構築物等","41","仮設物、建築物、構築物等","415","屋根、はり、もや、けた、合掌","1","墜落、転落"
"118","2010","平成","22","1","5~6","朝刊配達のため原付バイクにて走行中、前日の雨により路面が凍結していたためスリップし、電柱に激突した。","8","商業","802","小売業","80205","新聞販売業","30~49","2","物上げ装置、運搬機械","23","乗物","231","乗用車、バス、バイク","17","交通事故（道路）"
"119","2010","平成","22","1","5~6","被災者は、事業場敷地に接する道路の付近に横断歩道がない場所を徒歩にて横断していたところ、走行してきた普通乗用自動車に跳ねられたもの。早朝で暗く、運転者が被災者に気付くのが遅れた。","8","商業","802","小売業","80209","その他の小売業","1~9","2","物上げ装置、運搬機械","23","乗物","231","乗用車、バス、バイク","17","交通事故（道路）"
"120","2010","平成","22","1","5~6","事業場から納品先へ輸送の途中、片側2車線の道路の左車線に大型トラックを止めてコンビニに立寄ったのち、運転席に上がるためのはしごを昇降中、横を通過した車両にはねられ、頭部骨折により死亡した。","4","運輸交通業","403","道路貨物運送業","40301","一般貨物自動車運送業","10~29","2","物上げ装置、運搬機械","23","乗物","231","乗用車、バス、バイク","17","交通事故（道路）"
"121","2010","平成","22","1","8~9","タクシーに乗客を乗せ目的地に向かって走行中、信号機のない交差点に差し掛かったとき、左側から相手車がスリップして止まりきれずに交差点内に進入してきたため、出会い頭に衝突した。タクシーは衝撃で対向車線にはみ出し、対向車線を走行してきた自動車と衝突した。","4","運輸交通業","402","道路旅客運送業","40201","ハイヤー・タクシー業","10~29","2","物上げ装置、運搬機械","23","乗物","231","乗用車、バス、バイク","17","交通事故（道路）"
"122","2010","平成","22","1","8~9","朝の清掃を玄関外の階段上(高さ70センチメートル)に脚立を設置し、玄関上部の小窓を脚立の下から2段目に乗り実施していたところ、脚立とともに階段より地面に墜落して頭部を強打したものと推定される。搬送先の病院で2日後に死亡した。","4","運輸交通業","403","道路貨物運送業","40301","一般貨物自動車運送業","50~99","3","その他の装置等","37","用具","371","はしご等","1","墜落、転落"
"123","2010","平成","22","2","11~12","被災者は大型ダンプへの給油のため、会社から2tローリー車で採石場に赴き、エンジンをかけたまま停車していた(運転手不在)。ダンプの右横にローリー車を乗りつけ、ダンプの前・後輪間にあるタンクに給油しようとしていた。その時、ダンプ運転手がダンプ左側からダンプの運転席に乗り込み、ハンドルを左に切って4m程後退、さらに右に切って前進したところ、破損したローリー車と、倒れている被災者を発見した。ダンプに轢かれたものとみられる。","8","商業","802","小売業","80204","燃料小売業","1~9","2","物上げ装置、運搬機械","22","動力運搬機","221","トラック","7","はさまれ、巻き込まれ"
"124","2010","平成","22","2","23~24","粉砕機直下に設置された粉砕後の木屑を運搬するフライトコンベア内に、1人で深夜作業を行っていた被災者が、何らかの理由で巻き込まれた状態で、出社した協力会社作業員に発見されたもの。","15","清掃・と畜業","1501","清掃・と畜業","150102","産業廃棄物処理業","100~299","4","仮設物、建築物、構築物等","41","仮設物、建築物、構築物等","416","作業床、歩み板","1","墜落、転落"
"125","2010","平成","22","2","13~14","道路新設工事において、クレーン仕様のドラグ・ショベル(吊上荷重2.9t)を用いて、車道の脇にコンクリート2次製品(0.63t)を設置する作業中、同製品を吊り上げた時にドラグ・ショベルの上部旋回体が突然、右旋回して、同製品に玉掛けをした被災者に激突したもの。","3","建設業","301","土木工事業","30106","道路建設工事業","10~29","2","物上げ装置、運搬機械","21","動力クレーン等","212","移動式クレーン","6","激突され"
"126","2010","平成","22","2","2~3","被災者は、3tトラック(冷蔵冷凍車)にて、配送先に荷物を届けた後に、事務所兼車庫に空車で戻る途中に、国道立体交差地点の橋を下ったところで、雪等で凍結していたことからスリップして、中央分離帯を越えて対向車線に進入し、対向してきた大型10tトラックの側面に衝突したもの。","4","運輸交通業","403","道路貨物運送業","40301","一般貨物自動車運送業","30~49","2","物上げ装置、運搬機械","22","動力運搬機","221","トラック","17","交通事故（道路）"
"127","2010","平成","22","2","11~12","林道整備に伴う立木の除去作業において、樹高23m、胸高直径37センチメートルのクヌギの伐木作業中、チェンソーで追い口を入れていたところ、立木が裂け、木の先端部が地面に落下し、その反動で跳ね上がった木が被災者の上に落下したもの。","3","建設業","301","土木工事業","30199","その他の土木工事業","1~9","7","環境等","71","環境等","712","立木等","4","飛来、落下"
"128","2010","平成","22","2","16~17","被災者の運転するトラック(15t)が降雪のため滑り、被災者は避難のため運転席から飛び降りたが、自車は対向車線からセンターラインをはみ出してきたトラック(15t)に激突した。その衝撃で、付近でタイヤチェーンを装着するために停車していたトラックと自車との間に挟まれたもの。","4","運輸交通業","403","道路貨物運送業","40301","一般貨物自動車運送業","10~29","2","物上げ装置、運搬機械","22","動力運搬機","221","トラック","17","交通事故（道路）"
"129","2010","平成","22","2","14~15","高圧ケーブル取替工事に使用する配管材料を、ワゴン車より変電所内へ積み下ろし作業を行っていたところ、産業廃棄物を運搬するダンプトラックがわき見運転により突っ込んだもの。被災者はワゴン車と変電所壁にはさまれ、頭部挫傷により即死した。また、同じ作業を行っていた労働者も全身打撲により死亡した。","3","建設業","303","その他の建設業","30301","電気通信工事業","1~9","2","物上げ装置、運搬機械","22","動力運搬機","221","トラック","6","激突され"
"130","2010","平成","22","2","14~15","高圧ケーブル取替工事に使用する配管材料を、ワゴン車より変電所内へ積み下ろし作業を行っていたところに産業廃棄物を運搬するダンプトラックがわき見運転により突っ込んだもの。被災者は飛散した車体の一部が体にあたり、病院に搬送されるも3日後に全身打撲により死亡した。また、同じ作業を行っていた労働者も車体と変電所壁にはさまれ、頭部挫傷により即死した。","3","建設業","303","その他の建設業","30301","電気通信工事業","1~9","2","物上げ装置、運搬機械","22","動力運搬機","221","トラック","6","激突され"
"131","2010","平成","22","2","16~17","進水後、造船所内の岸壁に係留中の艤装中船舶において左舷ボートダビット(船橋横の救命艇ハンガー)で塗装の準備作業を行っていた労働者が約20m下の岸壁に墜落した後、さらに船舶と岸壁の間の水面へ転落した。","1","製造業","115","輸送用機械等製造業","11501","造船業","30~49","2","物上げ装置、運搬機械","23","乗物","239","その他の乗物","1","墜落、転落"
"132","2010","平成","22","2","20~21","道路貨物運送事業場に、客先に発送する荷物を2tトラックで持込み、受付事務所横のスロープに止め、トラックから離れ、受付で話をしている時に、サイドブレーキを引いておらずトラックが動き出した。この際、止めようとして、トラックとホームの間にはさまれたもの。","8","商業","801","卸売業","80109","その他の卸売業","1~9","2","物上げ装置、運搬機械","22","動力運搬機","221","トラック","7","はさまれ、巻き込まれ"
"133","2010","平成","22","2","2~3","2t車を運転して荷卸先に向かう途中の市道上で、過重労働による心臓疾患を発症し死亡したもの。","4","運輸交通業","403","道路貨物運送業","40301","一般貨物自動車運送業","100~299","9","その他","92","起因物なし","921","起因物なし","90","その他"
"134","2010","平成","22","2","6~7","残業中に、心臓疾患を発症して倒れ、発見された時には亡くなっていた。長時間の過重労働とみられる。","3","建設業","303","その他の建設業","30302","機械器具設置工事業","1~9","9","その他","92","起因物なし","921","起因物なし","90","その他"
"135","2010","平成","22","2","8~9","現場事務所内にて朝の打ち合わせ終了後、約150m先にある作業現場へ徒歩にて敷き鉄板の上を歩行中、現場事務所から約100m進んだ下り勾配の凍結箇所で転倒し、頭部を強打したとみられる。被災日は他の労働者と同様に夕方まで作業を行い、帰宅後に痛みがあったため、受診して術を受けたが、10日後に死亡した。","3","建設業","301","土木工事業","30108","砂防工事業","1~9","4","仮設物、建築物、構築物等","41","仮設物、建築物、構築物等","417","通路","2","転倒"
"136","2010","平成","22","2","13~14","合板22枚(合板1枚の大きさは縦91センチメートル、横182センチメートル、厚さ1.2センチメートル、重量12.5キログラム、計275キログラム)を移動式クレーン(つり上げ荷重4.9t)を用いてつり上げて荷を移動中にバランスが崩れて玉掛けロープから合板が滑り落下し、その一部が近くでつり荷の誘導を無線で行っていた被災者に当たったもの。つり荷の合板22枚は結束せず2本の繊維ロープ(それぞれ長さ3.9m、幅4センチメートル)を用いて玉掛けを行ったもの。","3","建設業","302","建築工事業","30202","木造家屋建築工事業","10~29","3","その他の装置等","37","用具","372","玉掛用具","4","飛来、落下"
"137","2010","平成","22","2","19~20","被災者は試薬、検体等を各支店に搬送する業務を行っており、災害発生時も次の支店へ向けて国道をワゴン車で走行していた。前車がトラック2台を追い越ししたので、自車も続いて追い越そうと対向車線にはみ出したとき、対向車線を走行してきた運送会社のトラックと正面衝突し、反動で2台前のトラックに接触した。なお、相手側は対向してきたトラックの運転手だけ負傷した。現場の天候は吹雪いており視界が良くない状況であった。","13","保健・衛生業","1301","医療保健業","130109","その他の医療保健業","100~299","2","物上げ装置、運搬機械","23","乗物","231","乗用車、バス、バイク","17","交通事故（道路）"
"138","2010","平成","22","2","8~9","建設現場に向かうため、トラックに労働者5名が乗り道路を走行していた時、信号機のない交差点に差し掛かったが、路面状況は圧雪アイスバーンであり一時停止できずにスリップして交差する国道に入り、走行していたトレーラーの側面に衝突した。トラックの助手席に乗っていた労働者が死亡、運転手が意識不明の重体、後部座席に乗っていた3名が腕等を骨折する重傷。トレーラーの運転手に怪我はなかった。","3","建設業","301","土木工事業","30107","河川土木工事業","10~29","2","物上げ装置、運搬機械","22","動力運搬機","221","トラック","17","交通事故（道路）"
"139","2010","平成","22","2","5~6","中型貨物自動車が路面の凍結により中央分離帯を乗り越え、対向車線の電柱に衝突した。","4","運輸交通業","403","道路貨物運送業","40301","一般貨物自動車運送業","50~99","2","物上げ装置、運搬機械","22","動力運搬機","221","トラック","17","交通事故（道路）"
"140","2010","平成","22","2","9~10","左手にファイルを持って2階から1階へ階段を降りていたところ、下から10段目付近から足を踏み外し1階床まで転落した。意識がなく、いびきをかいていたので救急車で病院に搬送したが、2日後に死亡した。階段の片側(降りる時は左側)に手すりが設けられていた。","8","商業","802","小売業","80202","自動車小売業","10~29","4","仮設物、建築物、構築物等","41","仮設物、建築物、構築物等","413","階段、桟橋","1","墜落、転落"
"141","2010","平成","22","2","13~14","老朽化した配水管の代わりに新しい配水管を敷設する工事において、既存の配水管の位置を測定する必要があるため、幅1.14、長さ4.0、深さ2.6mを掘削し、既存の配水管がどの方向に伸びているか調べる作業をしていた。被災者は掘削してできた溝の中に入り発信器を配水管に近づけて出力の調節をしていたところ、溝内の山側の地山1.4×3.05×0.4mが崩壊し、土砂が被災者の上に落ちてきて生き埋めとなった。","3","建設業","301","土木工事業","30110","上下水道工事業","1~9","7","環境等","71","環境等","711","地山、岩石","5","崩壊、倒壊"
"142","2010","平成","22","2","19~20","道路に被災者が仰向けの状態で倒れているところを、近隣住民により発見されたもの。被災者はトラック(12t箱型)を運転し、事業場の敷地から道路に出たところ、タイヤがスリップしたため、タイヤチェーンを置き運転席に戻る途中、足を滑らせて転倒した際に、頭部を強打したとみられる。","4","運輸交通業","403","道路貨物運送業","40301","一般貨物自動車運送業","1~9","7","環境等","71","環境等","719","その他の環境等","2","転倒"
"143","2010","平成","22","2","8~9","被災者含め5名で、肥料の入ったフレコンバック(乱袋、重量約1t)の詰め替え作業において、1台のフォークリフトでホッパー(鉄製、重量約330キログラム)を上げ、もう1台のフォークリフトで同フレコンを吊り上げながら、ホッパー上からカッターで切ったところ、塊となった肥料が落下し、その反動でホッパー側のフォークリフトが前方に傾き、ホッパーを爪に固定していなかったのでホッパーが滑り落ち、下敷きとなったもの。","5","貨物取扱業","501","陸上貨物取扱業","50101","陸上貨物取扱業","10~29","2","物上げ装置、運搬機械","22","動力運搬機","222","フォークリフト","6","激突され"
"144","2010","平成","22","2","11~12","建物7階仮設エレベーター開口部で、仮設エレベーターのジャバラゲート取替作業中、被災者がジャバラゲート取付用単管パイプのクランプを取り外していた際、バランスを崩し、7階床から3階床レベルに停止中の仮設エレベーター屋根部に墜落した。安全帯を装着していたが使用していなかった。","3","建設業","302","建築工事業","30201","鉄骨・鉄筋コンクリート造家屋建築工事業","1~9","4","仮設物、建築物、構築物等","41","仮設物、建築物、構築物等","414","開口部","1","墜落、転落"
"145","2010","平成","22","2","13~14","事業場に保管していた火薬類の取り扱い作業中に爆発及び火災が発生した。事業場1階で当該作業を行っていた作業従事者2名が火傷等の負傷(重傷2名)、事業場2階で事務作業を行っていた2名のうち1名が避難後に咽喉の炎症等による軽傷で、合計3名が病院で治療。重傷者2名のうち、1名が18日後に死亡。","10","映画・演劇業","1001","映画・演劇業","100109","その他の映画・演劇業","1~9","5","物質、材料","51","危険物、有害物等","511","爆発性の物等","14","爆発"
"146","2010","平成","22","2","15~16","アスファルトプラントの受入材料用ベルトコンベアが異常停止したため、被災者を含めて3名で復旧作業を実施していた。被災者はベルトコンベア下部の砂を取り除く作業を担当していたが、作業が終了してテスト運転を実施し、その後本運転を行っていたところ、被災者がベルトコンベアに巻き込まれているのが発見されたもの。","1","製造業","109","窯業土石製品製造業","10901","セメント・同製品製造業","1~9","2","物上げ装置、運搬機械","22","動力運搬機","224","コンベア","7","はさまれ、巻き込まれ"
"147","2010","平成","22","2","16~17","高さ約3mの足場2段にしゃがみ、防水シートロールを垂らす作業を行っていたところ、バランスを崩し、アスファルトの道路上に墜落した。中さん等の設置、安全帯の使用等墜落防止措置を講じていなかった。","3","建設業","302","建築工事業","30202","木造家屋建築工事業","1~9","4","仮設物、建築物、構築物等","41","仮設物、建築物、構築物等","411","足場","1","墜落、転落"
"148","2010","平成","22","2","18~19","H鋼(長さ7m、重量300キログラム)の片側に玉掛け用チェーン1本が掛けられた状態で、ホイスト式天井クレーン(つり上げ荷重2.8t)で片側がつり上げられており、被災者はその崩れたH鋼付近で発見された。被災者の死因は胸部圧迫による窒息死であった。被災者は玉掛け技能講習及び5t未満クレーン特別教育修了していた。現認者はいないが、発見された状態から、H鋼の片側だけをつり上げ、又は1本づりで平衡を失ったことで、荷がすべって落下したとみられる。","1","製造業","112","金属製品製造業","11209","その他の金属製品製造業","1~9","2","物上げ装置、運搬機械","21","動力クレーン等","211","クレーン","4","飛来、落下"
"149","2010","平成","22","2","8~9","現場に向かうため4tダンプで市道を走行中、立ち木にアオリが引っかかったため、ジャッキアップしてダンプを横にずらそうとしたところ、サイドブレーキを引いていなかったため、傾斜によりダンプが逸走し、後方を歩いていた労働者に激突した。","3","建設業","301","土木工事業","30199","その他の土木工事業","1~9","2","物上げ装置、運搬機械","22","動力運搬機","221","トラック","6","激突され"
"150","2010","平成","22","2","9~10","枠組足場の解体作業中に、足場3層目床上(高さ約5.2m)から、建枠を持ったままコンクリート上に墜落した。","3","建設業","302","建築工事業","30209","その他の建築工事業","1~9","4","仮設物、建築物、構築物等","41","仮設物、建築物、構築物等","411","足場","1","墜落、転落"
"151","2010","平成","22","2","13~14","廃棄物収集先の工場敷地内において、ゴミ収集車の誘導を行っていた被災者がゴミ投入作業のために出荷台の昇降階段へ向かうとき、ゴミ収集車の後方を通ったため、後退してきたゴミ収集車に激突され、出荷台との間に挟まれ死亡した。","15","清掃・と畜業","1501","清掃・と畜業","150103","その他の廃棄物処理業","50~99","2","物上げ装置、運搬機械","22","動力運搬機","221","トラック","6","激突され"
"152","2010","平成","22","2","9~10","フラフ燃料(紙くず、繊維くず、廃プラスチックをフイルム状に破砕し燃料化したもの)製造工程において、原料(廃プラスチック)をはい積みしていた近くで清掃作業中の被災者に、はい(1.2m×1.2m×0.9m、重さ340キログラム)2個が落下し、当たったもの。","15","清掃・と畜業","1501","清掃・と畜業","150102","産業廃棄物処理業","10~29","6","荷","61","荷","611","荷姿の物","4","飛来、落下"
"153","2010","平成","22","2","9~10","4tトラックの運転手が配送の途中で傾斜のある道路路側帯にトラックを停車し、荷台の後部扉を開けて積荷の確認をしていたところ、駐車ブレーキの引き方が緩く、トラックが後退したので荷台から飛び降り、トラックの下敷きとなった。","4","運輸交通業","403","道路貨物運送業","40301","一般貨物自動車運送業","50~99","2","物上げ装置、運搬機械","22","動力運搬機","221","トラック","7","はさまれ、巻き込まれ"
"154","2010","平成","22","2","21~22","被災者はガソリンスタンド内の監視室内でモニターチェック、給油許可の操作、ガソリンスタンド内の清掃などの業務に従事していた。午後、被災者が監視室内で仰臥位の状態で倒れているのを給油に来た客に発見された。被災者は同日夜、搬送先の病院で死亡した。発症前の長期間にわたって著しい疲労の蓄積をもたらす特に過重な労働に従事していた。","8","商業","802","小売業","80204","燃料小売業","1~9","9","その他","92","起因物なし","921","起因物なし","90","その他"
"155","2010","平成","22","2","8~9","勾配約50度の皆伐現場において、ナラ(樹高約15m、胸高直径25センチメートル、偏心木)の伐倒をするため追口を入れている途中、急に木が上方に向かって3.9mに渡って裂けて落下し、この木の下敷きになった。","6","農林業","602","林業","60201","木材伐出業","1~9","7","環境等","71","環境等","712","立木等","4","飛来、落下"
"156","2010","平成","22","2","10~11","カラマツ林の皆伐を行うためカラマツの立木を伐倒したところ、直前に伐倒したケヤキの枝の上にカラマツが倒れ、枝払いをしていなかったのでケヤキがカラマツに引きずられる形で谷側へ滑り落ち、退避していた被災者にケヤキが激突した。","6","農林業","602","林業","60201","木材伐出業","1~9","7","環境等","71","環境等","712","立木等","6","激突され"
"157","2010","平成","22","2","10~11","国道(片側1車線)の中央分離帯で測量を行っていたところ、通行車両の乗用車が運転操作を誤り、車線を外れて被災者に激突したもの。","3","建設業","301","土木工事業","30106","道路建設工事業","10~29","2","物上げ装置、運搬機械","23","乗物","231","乗用車、バス、バイク","17","交通事故（道路）"
"158","2010","平成","22","2","13~14","バックホーを移送し、移送先の現場でユニック車の荷台から被災者が運転してバックホーを降ろす際、ユニックのアウトリガーを上げてユニック車全体を傾け、下り坂道路の地面にバケットをついて機体を動かそうとしていた時に、バックホーのバランスが崩れて荷台から滑り落ち、さらに道路の法面を転落して運転席から放り出され、機体に激突され死亡した。","3","建設業","301","土木工事業","30106","道路建設工事業","1~9","1","動力機械","14","建設機械等","142","掘削用機械","1","墜落、転落"
"159","2010","平成","22","2","14~15","工事現場にて、3名でユニック車(つり上げ荷重2.9t)を使用して鉄板4枚(重量約3.2t)の荷降ろし作業中、オペレーターの方向にユニック車が過荷重により転倒し、その下敷きになったオペレーターが死亡したもの。ユニック車の荷台の上にいた労働者1名も同時に被災した。","3","建設業","301","土木工事業","30199","その他の土木工事業","1~9","2","物上げ装置、運搬機械","21","動力クレーン等","212","移動式クレーン","2","転倒"
"160","2010","平成","22","2","16~17","セメント工場内において、同社から発注のあった「ストックハウス北側出入り口カーテンシート改修工事」で、カーテンシートを取り付けるためのワイヤーを張る作業中、昇降に使っていた梯子から転落して首を骨折し、5日後に死亡した。","3","建設業","302","建築工事業","30209","その他の建築工事業","1~9","3","その他の装置等","37","用具","371","はしご等","1","墜落、転落"
"161","2010","平成","22","2","20~21","道路を横断しようと横断歩道を渡り始めたとき、右手より直進してきた2tトラックに轢かれたもの。病院に搬送され入院加療中であったが、6日後に死亡した。","17","その他の事業","1702","その他の事業","170201","警備業","300~499","2","物上げ装置、運搬機械","22","動力運搬機","221","トラック","6","激突され"
"162","2010","平成","22","2","10~11","土木工事現場の資材置き場に積み上げたH鋼材(8.25m、1.2t)をクレーン機能付き掘削用機械で吊り上げて、当該鋼材に付着した土砂をスコップで取り除く作業を行っていた。クレーン仕様に切り替えてなく、移動した際にH鋼材が振れて被災者に激突し、後方に仮置きしてあった鋼材との間に挟まれて死亡したもの。","3","建設業","301","土木工事業","30110","上下水道工事業","1~9","1","動力機械","14","建設機械等","142","掘削用機械","6","激突され"
"163","2010","平成","22","2","12~13","配送先の牧場敷地内において、トレーラー上のコンテナから梱包された干し草を降ろすため、コンテナの前に金属製の作業台を設置し、そこに金属製の道板(約5m)を2本取り付けて、フォークリフトを運転して、当該道板を登っていたところ、道板が外れてフォークリフトが転落し、被災者がその下敷きとなった。","4","運輸交通業","403","道路貨物運送業","40301","一般貨物自動車運送業","30~49","2","物上げ装置、運搬機械","22","動力運搬機","222","フォークリフト","1","墜落、転落"
"164","2010","平成","22","2","12~13","被災者が、林内作業車を運転していたところ、6m下の谷へ転落したもの。","6","農林業","602","林業","60201","木材伐出業","30~49","2","物上げ装置、運搬機械","22","動力運搬機","229","その他の動力運搬機","1","墜落、転落"
"165","2010","平成","22","2","14~15","被災者は、新聞配達のため、小型バイクで走行していたところ、信号の無い交差点付近で、帰宅中の会社員が運転する乗用車と衝突し死亡した。","8","商業","802","小売業","80205","新聞販売業","50~99","2","物上げ装置、運搬機械","23","乗物","231","乗用車、バス、バイク","17","交通事故（道路）"
"166","2010","平成","22","2","15~16","全長400mの道路舗装補修工事において、路盤下地材の再処理作業に従事していた2次下請けの重機オペレーターがドラグショベルを後退させたところ、後方にいた警備員を轢いてしまったもの。","17","その他の事業","1702","その他の事業","170201","警備業","10~29","1","動力機械","14","建設機械等","142","掘削用機械","7","はさまれ、巻き込まれ"
"167","2010","平成","22","2","10~11","被災者達は林道を挟み、上側と下側で別れ間伐作業を行っていた。下側で別の労働者が伐採していた杉(樹高約23m)が、受け口、追い口を入れくさびを打ったが倒れず、チェンソーにより追い切りをしたため、つるが抜けて伐採木の根元が谷側へずれおち、上側で伐採作業を行っていた被災者の方に向けて倒れ、被災者に落下し全身を打ち付けたものである。","6","農林業","602","林業","60209","その他の林業","1~9","7","環境等","71","環境等","712","立木等","4","飛来、落下"
"168","2010","平成","22","2","16~17","倉庫(鉄骨造平屋建)の屋根の解体作業中、解体しようとしていた屋根(木毛板)を踏み抜き、約4m下のコンクリートの床に墜落した。被災直後は意識があり手足も動いたが起き上がれず、救急車等で病院に搬送され治療を受けていたが、3日後に死亡した。","3","建設業","302","建築工事業","30202","木造家屋建築工事業","1~9","4","仮設物、建築物、構築物等","41","仮設物、建築物、構築物等","415","屋根、はり、もや、けた、合掌","1","墜落、転落"
"169","2010","平成","22","2","22~23","道路舗装工事のためのアスファルト路面剥ぎ取り作業準備のため、道路内でスプレーによるマーキングを行っていた労働者(現場代理人)が、後退してきたダンプトラックの左後輪に轢かれ即死した。災害発生当時は、工事のため作業現場の道路は通行止めとしていた。","3","建設業","301","土木工事業","30106","道路建設工事業","1~9","2","物上げ装置、運搬機械","22","動力運搬機","221","トラック","7","はさまれ、巻き込まれ"
"170","2010","平成","22","2","5~6","被災者が、郵便物の長距離輸送のため4tトラックで高速道路を走行中、接触事故で停車していた大型車に追突し即死した。同乗者はいなかった。","4","運輸交通業","403","道路貨物運送業","40301","一般貨物自動車運送業","100~299","2","物上げ装置、運搬機械","22","動力運搬機","221","トラック","17","交通事故（道路）"
"171","2010","平成","22","2","7~8","サトウキビ収集場所付近の道路上(勾配あり)に、被災者がサイドブレーキをかけずエンジンをかけたまま車(ワンボックスの軽自動車)を停め、他の労働者に作業中止の連絡をするため車道を歩いていたところ、停めた車が動き出し被災者に激突した。被災者は頭部の負傷により3日後に死亡した。","6","農林業","601","農業","60101","農業","50~99","2","物上げ装置、運搬機械","23","乗物","231","乗用車、バス、バイク","6","激突され"
"172","2010","平成","22","2","16~17","橋の塗装工事用つり足場を解体作業中、約40m下の海に墜落し、35日後に同墜落現場付近にて遺体で発見されたもの。安全帯を使用していなかった。","3","建設業","301","土木工事業","30105","橋梁建設工事業","1~9","4","仮設物、建築物、構築物等","41","仮設物、建築物、構築物等","411","足場","1","墜落、転落"
"173","2010","平成","22","2","11~12","屋内立体駐車場内部足場の解体作業中、他の労働者とともに巻上げ機を使用して解体した足場の材料をつり降ろす作業を行っていた被災者が、躯体の梁上でかいしゃくロープを持っていたところ、約35m下の1階床面まで墜落したもの。","3","建設業","302","建築工事業","30201","鉄骨・鉄筋コンクリート造家屋建築工事業","1~9","4","仮設物、建築物、構築物等","41","仮設物、建築物、構築物等","418","建築物、構築物","1","墜落、転落"
"174","2010","平成","22","2","16~17","山間地を調査中に約20m下の沢に転落し、後頭部を強打し死亡した。","8","商業","801","卸売業","80109","その他の卸売業","50~99","7","環境等","71","環境等","711","地山、岩石","1","墜落、転落"
"175","2010","平成","22","2","5~6","国道にて、被災者は15t車を運転し緩やかな左カーブに差し掛かった際、運転を誤ってセンターラインをはみ出した。その時、ブレーキをかけたが間に合わず、対向車の大型トラックと正面衝突した。搬送先の病院で死亡した。","4","運輸交通業","403","道路貨物運送業","40301","一般貨物自動車運送業","10~29","2","物上げ装置、運搬機械","22","動力運搬機","221","トラック","17","交通事故（道路）"
"176","2010","平成","22","2","8~9","建設会社のヤードで、型枠材料をつり上げ荷重2.9tの車両積載型トラッククレーンでつり上げ、トラック荷台に積み、被災者がワイヤーのフックを外して、荷台から降りようとしたところ、1.6m×6.3mの型枠材がバランスを崩して倒れ、被災者に激突、型枠材の下敷きになったもの。","3","建設業","302","建築工事業","30201","鉄骨・鉄筋コンクリート造家屋建築工事業","10~29","5","物質、材料","52","材料","529","その他の材料","5","崩壊、倒壊"
"177","2010","平成","22","2","12~13","2階建てテナントビルの内装工事中、庇の上に設置した一側足場上において、2階外部に取り付ける看板の下地となる鉄骨の溶接後の研磨作業を行っていたところ、足場から約5m下の地上へ墜落したもの。","3","建設業","302","建築工事業","30209","その他の建築工事業","1~9","4","仮設物、建築物、構築物等","41","仮設物、建築物、構築物等","411","足場","1","墜落、転落"
"178","2010","平成","22","2","15~16","当該事業場での接着剤製造工程において、被災者がドラム缶に入った接着剤の原料である無水ケイ酸と有機溶剤(トルエン)の混合物を、同ドラム缶から攪拌機に注入していた際に、静電気が発生し、同混合物に引火、爆発炎上し、被災者にも引火、全身を熱傷したもの。病院へ搬送され、熱傷等で経過観察中だったが、約2ヶ月後に死亡した。","1","製造業","108","化学工業","10899","その他の化学工業","1~9","5","物質、材料","51","危険物、有害物等","512","引火性の物","14","爆発"
"179","2010","平成","22","2","17~18","被災者は、フォークリフトを充電するための所定の位置(約8度のコンクリート斜面のスロープ)で、口から血を出して倒れているのを発見された。被災者の傍にあったフォークリフト(カウンターバランスフォークリフト、電気式、最大荷重1.5t)は、スロープ下の壁へ激突し停止した状態であった。被災者を発見した時、フォークリフトの電源スイッチは入っておらず、サイドブレーキがかかっていなかったことから、被災者が充電をするためフォークリフトを降りたところ、サイドブレーキが完全にかかっていなかったため、フォークリフトが後退し挟まれたとみられる。","5","貨物取扱業","501","陸上貨物取扱業","50101","陸上貨物取扱業","30~49","2","物上げ装置、運搬機械","22","動力運搬機","222","フォークリフト","7","はさまれ、巻き込まれ"
"180","2010","平成","22","2","10~11","被災者は事故前日に客先に向けて社有車(ワゴン車)で出発し、客先で営業を行い同市内で1泊した。翌日、明日に開催の産業機械の展示会に出品するため、国道を走行中、1車線の平坦な直線道路(対向車線は2車線)で路面が圧雪アイスバーンであったことからスリップして対向車線にはみ出し、路肩から転落した後に立木に激突した。病院に搬送されたが頭部の骨折及び負傷により死亡した。","8","商業","801","卸売業","80109","その他の卸売業","1~9","2","物上げ装置、運搬機械","23","乗物","231","乗用車、バス、バイク","17","交通事故（道路）"
"181","2010","平成","22","2","13~14","上水道工事現場において、県道の交通誘導を行っていた被災者が、同現場の除雪作業中に後退してきたホイール式ドラグショベルに運転手の後方不確認により轢かれたもの。","17","その他の事業","1702","その他の事業","170201","警備業","1~9","1","動力機械","14","建設機械等","142","掘削用機械","7","はさまれ、巻き込まれ"
"182","2010","平成","22","2","20~21","被災者は、出張先の事業場トイレ内にて死亡しているのが発見された。死体検案書によれば、死亡したのは前日の夜であり、死因は脳の異常であった。その後の調査により、被災者は出張業務の多い業務に従事しており、発症前3か月の平均時間外労働時間が月100時間を超えていて労災が認定された。","1","製造業","115","輸送用機械等製造業","11502","自動車・同付属品製造業","500~999","9","その他","92","起因物なし","921","起因物なし","90","その他"
"183","2010","平成","22","2","9~10","ボックスカルバート製造用の型枠の解体作業中、側面の型枠が倒れ、被災者がその下敷きとなったもの。","1","製造業","109","窯業土石製品製造業","10901","セメント・同製品製造業","1~9","4","仮設物、建築物、構築物等","41","仮設物、建築物、構築物等","419","その他の仮設物、建築物、構築物等","5","崩壊、倒壊"
"184","2010","平成","22","2","14~15","鉄筋コンクリート造の病院新築工事現場において、移動式クレーンを使用して型枠工事用の資材を1階のフロアーから中庭吹抜け部分に移動させる荷上げ作業中、資材を吊り上げたところ、後部アウトリガーが浮き上がり、そのまま移動式クレーンが転倒し、2階スラブ上で作業を行っていた被災者の頭部にジブが直撃し死亡した。","3","建設業","303","その他の建設業","30309","その他の建設業－その他","30~49","2","物上げ装置、運搬機械","21","動力クレーン等","212","移動式クレーン","6","激突され"
"185","2010","平成","22","2","13~14","災害復旧治山事業に係る山腹への土止壁設置工事において、被災者は積上げた土止ブロック面に取付けたブラケット足場(高さ1.5m)上でブロック間の目地をブラシで掃除していたところ、山腹上方からの落石に跳ね飛ばされるかたちで足場から落下し、首と内蔵の損傷等により死亡したもの。落石した岩は作業箇所より上方100m付近と推測されるが場所の特定はできず。落石した岩の寸法は最も大きなもので60センチメートル角である。","3","建設業","301","土木工事業","30199","その他の土木工事業","10~29","7","環境等","71","環境等","711","地山、岩石","4","飛来、落下"
"186","2010","平成","22","2","13~14","公園造成に伴うフェンス整備工事において、掘削で出たガラを取り除くために被災者がドラグショベルを運転して掘削端部側を移動中、掘削端部の地山が崩れドラグショベルが掘削部に転倒し、被災者が運転席から約1.7m下の掘削底に墜落し死亡した。","3","建設業","301","土木工事業","30199","その他の土木工事業","10~29","1","動力機械","14","建設機械等","142","掘削用機械","1","墜落、転落"
"187","2010","平成","22","2","15~16","鉄骨造の工場を解体作業中、屋根のスレート材を取り外す作業を行っていた際、スレート材を踏み抜き、高さ約7mからコンクリート面へ墜落したもの。踏み板、防網及び親綱等の墜落防止のための設備は設置されていなかった。","3","建設業","302","建築工事業","30209","その他の建築工事業","10~29","4","仮設物、建築物、構築物等","41","仮設物、建築物、構築物等","415","屋根、はり、もや、けた、合掌","1","墜落、転落"
"188","2010","平成","22","2","17~18","構内において、トラックの荷台からケーブルドラム2個(1個当たり;重さ約840キログラム、直径1.1m)を同時に荷降ろしする際、運転者がフォークリフトを用いて荷を揚げたところ、フォークの爪に載り切らなかった奥側のケーブルドラムが落下しそうになったため、荷台の反対側でラッシングベルトを外していた被災者(トラック運転手)が、咄嗟に手で支えようしたが、支えきれずケーブルドラムの下敷きとなり即死したもの。","4","運輸交通業","403","道路貨物運送業","40301","一般貨物自動車運送業","30~49","6","荷","61","荷","611","荷姿の物","4","飛来、落下"
"189","2010","平成","22","2","7~8","出勤する労働者2名を送迎車に乗車させて、国道を走行していたところ、下り坂のカーブを走行してきた10tトラックが脇見運転でセンターラインを越えて対向車線に入り、送迎車と正面衝突した。この事故で、送迎車の運転手と同乗の労働者2名の計3名が死亡したもの。","6","農林業","601","農業","60101","農業","50~99","2","物上げ装置、運搬機械","22","動力運搬機","221","トラック","17","交通事故（道路）"
"190","2010","平成","22","2","7~8","出勤する労働者2名を送迎車に乗車させて、国道を走行していたところ、下り坂のカーブを走行してきた10tトラックが脇見運転でセンターラインを越えて対向車線に入り、送迎車と正面衝突した。この事故で、送迎車の運転手と同乗の労働者2名の計3名が死亡したもの。","6","農林業","601","農業","60101","農業","50~99","2","物上げ装置、運搬機械","22","動力運搬機","221","トラック","17","交通事故（道路）"
"191","2010","平成","22","2","7~8","出勤する労働者2名を送迎車に乗車させて、国道を走行していたところ、下り坂のカーブを走行してきた10tトラックが脇見運転でセンターラインを越えて対向車線に入り、送迎車と正面衝突した。この事故で、送迎車の運転手と同乗の労働者2名の計3名が死亡したもの。","6","農林業","601","農業","60101","農業","50~99","2","物上げ装置、運搬機械","22","動力運搬機","221","トラック","17","交通事故（道路）"
"192","2010","平成","22","2","13~14","病院にて定期健康診断受診後、乗用車に2名(運転は他の被災者)が同乗し帰社中、T字路右折時に対向車線直進車の相手乗用車との衝突により、助手席にいた被災者が頭を強く打ち死亡したものである。","17","その他の事業","1702","その他の事業","170209","その他の事業－その他","1~9","2","物上げ装置、運搬機械","23","乗物","231","乗用車、バス、バイク","17","交通事故（道路）"
"193","2010","平成","22","2","7~8","船体部品の穿孔作業を行う際に使用する横中ぐり盤(NCによる自動機)の暖気運転中、前日の加工状況を確認するためドリル付近に近づき、右腕がドリルに巻き込まれ、ドリルに衣服が巻きついたまま全身が回転し、設備下部のカバーに足を打ち膝下が粉砕飛散したもの。冬場の暖気運転は30分程度要するため、始業時間である8時からの作業に間に合うよう、機械の運転を開始するが、作業は開始していない。なお被災時工場内には誰もおらず被災状況の目撃者はいない。","1","製造業","113","一般機械器具製造業","11302","計量器測定器製造業","10~29","1","動力機械","15","金属加工用機械","152","ボール盤、フライス盤","7","はさまれ、巻き込まれ"
"194","2010","平成","22","2","9~10","被災者が自動車下部を洗浄するため、カーリフトを用いて自動車を上昇させて、自動車の下にて作業を行っていた。作業中カーリフトを固定していたアンカーが外れたため、カーリフトが倒壊し、自動車が落下した。自動車の下で作業を行っていた労働者に当たったもの。カーリフトの設置方法が不適切であったとみられる。","8","商業","802","小売業","80202","自動車小売業","1~9","2","物上げ装置、運搬機械","21","動力クレーン等","214","エレベータ、リフト","5","崩壊、倒壊"
"195","2010","平成","22","2","9~10","フォークリフトのフォークで、アルミの空缶の入ったコンテナをはさみ、コンベア投入付近まで同僚が運転し、フォークを回転させ、コンテナからアルミの空缶をコンベア投入場所へ投入した。被災者は、コンベア投入場所付近で作業していたが、突然、フォークリフトのフォークからコンテナが落下し、床面に散乱していたアルミの空缶の上をバウンドして、被災者に直撃したもの。","15","清掃・と畜業","1501","清掃・と畜業","150103","その他の廃棄物処理業","10~29","3","その他の装置等","37","用具","379","その他の用具","4","飛来、落下"
"196","2010","平成","22","2","11~12","1年半前営業所長として、乗務員の運行管理業務等を行っていたが、出張中に心臓疾患を発症し2日後に死亡したもの。","4","運輸交通業","403","道路貨物運送業","40301","一般貨物自動車運送業","10~29","9","その他","92","起因物なし","921","起因物なし","90","その他"
"197","2010","平成","22","2","9~10","被災者はブレーカ(機体総重量1.5t)による法面の掘削作業終了後、測量作業を行おうとした際、同ブレーカが測量作業の妨げとなっていたため走行させていた。その際、移動場所が傾斜地であったこと及びブレーカのアームがやや左方向(車両が不安定な向き)となっていたことからバランスを崩してブレーカが転倒した。被災者は運転席から投げ出され、ブレーカの運転席ヘッドガード右側にある支柱の下敷きとなった。","3","建設業","301","土木工事業","30106","道路建設工事業","1~9","1","動力機械","14","建設機械等","145","解体用機械","2","転倒"
"198","2010","平成","22","2","11~12","砂利採取場へ砂を積みに行くため10tダンプトラックを運転中、道路の左側から犬が飛び出してきたため、避けようとしてハンドルを右に切ったところ、対向車線側の電柱に激突した。その際、胸部をハンドルに強打し、3日後に死亡したもの。","3","建設業","302","建築工事業","30209","その他の建築工事業","10~29","2","物上げ装置、運搬機械","22","動力運搬機","221","トラック","17","交通事故（道路）"
"199","2010","平成","22","2","11~12","入社時から、電化製品の通信販売業務等に従事しており、事業場内のトイレにて脳の疾病を発症し、転倒しているのを発見され、病院へ搬送されたが、同日死亡したもの。","17","その他の事業","1702","その他の事業","170209","その他の事業－その他","1~9","9","その他","92","起因物なし","921","起因物なし","90","その他"
"200","2010","平成","22","2","14~15","上屋の改修工事現場において、ガス溶断により空調ダクトの撤去作業中、当該空調ダクト上(高さ約3.6m)でガス溶断していたところ、ダクトが一部崩壊し足元が崩れる形で墜落し、その際に後頭部を強打したとみられる。現認者はおらず、被災者が倒れうめき声をあげているのをたまたま現場巡視していた元請けの労働者が発見したもの。病院搬送されたが約12時間後に死亡した。高所作業であるが作業床を設けず、また安全帯を使用していなかった。","3","建設業","302","建築工事業","30209","その他の建築工事業","10~29","4","仮設物、建築物、構築物等","41","仮設物、建築物、構築物等","418","建築物、構築物","1","墜落、転落"
"201","2010","平成","22","2","15~16","被災者と計測者で誘導柱の基礎の高さを計測した後、被災者は、重機(ドラグショベル)の横を歩いていた時、重機の運転者は被災者がいることに気付かずに重機を移動させたため、重機の履帯に被災者の左足が轢かれた。被災者は、病院で手術を受け治療中であったが、19日後に死亡した。","3","建設業","301","土木工事業","30199","その他の土木工事業","10~29","1","動力機械","14","建設機械等","141","整地・運搬・積込み用機械","7","はさまれ、巻き込まれ"
"202","2010","平成","22","2","16~17","土砂運搬現場視察の帰りで、乗用車に3名が乗車し高速道路を走行中、走行車線から追越車線に進路変更し、走行車線の車両の追い越しを確認後、左ウインカーを表示し、ハンドルを切ったところ、後輪がスリップしたので、ハンドルを戻したが、中央分離帯に接触し、運転席側を下にして横転した。その際、後部座席にいた被災者はシートベルトを着用してなく乗用車から放り出され、頭部を打ち死亡した。","4","運輸交通業","403","道路貨物運送業","40309","その他の道路貨物運送業","1~9","2","物上げ装置、運搬機械","23","乗物","231","乗用車、バス、バイク","17","交通事故（道路）"
"203","2010","平成","22","2","10~11","建設工事現場において、横断歩道を徒歩で横断中の被災者を走行中の軽貨物自動車が気付かず、被災者をはねた。5日後に死亡した。","3","建設業","301","土木工事業","30110","上下水道工事業","10~29","2","物上げ装置、運搬機械","22","動力運搬機","221","トラック","17","交通事故（道路）"
"204","2010","平成","22","2","11~12","自動仮組機の油圧ホースの取替作業中、油圧ホースを取り外したことによる圧力の低下により、自動仮組機のシャフトが降下し、シャフトと地面の間に挟まれたもの。","1","製造業","112","金属製品製造業","11209","その他の金属製品製造業","50~99","1","動力機械","16","一般動力機械","169","その他の一般動力機械","7","はさまれ、巻き込まれ"
"205","2010","平成","22","2","18~19","ゴルフ接待中に、めまい・気分不良・頭痛等の症状を認め、プレーせずに休憩をしていた。同席していた同業者に車で自宅まで送迎されたが、自宅に到着したところで、けいれんを起こし、病院に搬送されるも病院で死亡した。発症1ヶ月前の時間外労働が163時間、発症前6ヶ月間の平均時間外労働時間が124時間であった。","1","製造業","107","印刷・製本業","10701","印刷業","30~49","9","その他","92","起因物なし","921","起因物なし","90","その他"
"206","2010","平成","22","2","2~3","新聞店から道路向かいのバイクを駐めた場所へ配達する朝刊を運ぶため道路を横断していたところ、双方の前方不注意により、走行して来た乗用車にはねられた。片側1車線の直線道路で、被災時の天候は雨。被災者は雨合羽を着用していた。","8","商業","802","小売業","80205","新聞販売業","10~29","2","物上げ装置、運搬機械","23","乗物","231","乗用車、バス、バイク","17","交通事故（道路）"
"207","2010","平成","22","2","9~10","8カ月前に間伐した杉材の搬出作業現場において、約300m離れた山中の現場から無線機を使用して被災者が、ウインチの巻上げ指示をした後連絡が途絶えたため、土場にいた同僚が現場を捜索したところ、作業現場の斜面下約5.3mの所で倒れている被災者を発見し、救急車で病院に搬送したが死亡したもの。","6","農林業","602","林業","60201","木材伐出業","10~29","7","環境等","71","環境等","711","地山、岩石","1","墜落、転落"
"208","2010","平成","22","3","13~14","国有林の立木伐採作業において、被災者がチェンソーを使用して立木(トドマツ:高さ18m、胸高直径約30センチメートル)の横側から切り込みを入れ、受け口・追い口をとらず、くさびを打ち込み立木を倒したところ、伐木の根元が被災者側に向かってきて、回避できずに伐木に激突され、根元を抱えるような状態で下敷きとなった所を、同僚が発見したもの。","6","農林業","602","林業","60201","木材伐出業","1~9","7","環境等","71","環境等","712","立木等","6","激突され"
"209","2010","平成","22","3","16~17","被災者は、同僚の労働者と2人でフォークリフトで運ばれた段ボール箱をゴミ収集車へ積込む作業を行った。段ボールの積込み作業がほぼ終了したため、同僚はフォークリフトを移動させようとしていたところ、被災者の悲鳴が聞こえた。同僚が確認したところ、被災者はゴミ収集車の回転板(回転しながらゴミを圧縮する板)に上半身を巻き込まれていた。被災者は頭部の負傷により死亡した。","15","清掃・と畜業","1501","清掃・と畜業","150103","その他の廃棄物処理業","1~9","2","物上げ装置、運搬機械","22","動力運搬機","221","トラック","7","はさまれ、巻き込まれ"
"210","2010","平成","22","3","19~20","同僚が会社の寮において、意識がなく仰向けで倒れている被災者を発見した。過重労働により脳内疾病を発症し死亡したもの。","4","運輸交通業","403","道路貨物運送業","40301","一般貨物自動車運送業","300~499","9","その他","92","起因物なし","921","起因物なし","90","その他"
"211","2010","平成","22","3","21~22","清掃作業終了後に1人でベルトコンベアの点検を行っていた被災者が、ベルトコンベアに左腕を巻き込まれ首を圧迫されている状態で発見されたもの。すぐに、ベルトコンベアの電源を切り、被災者を救出して病院に搬送したが、1時間後に死亡した。","1","製造業","101","食料品製造業","10103","農業保存食料品製造業","30~49","2","物上げ装置、運搬機械","22","動力運搬機","224","コンベア","7","はさまれ、巻き込まれ"
"212","2010","平成","22","3","9~10","工事現場の交通誘導員として交通誘導作業中、工事現場内でダンプトラックが後進しようとしていたため、ダンプトラックの後方に移動し誘導していたところ、被災者の後方で作業を行っていたドラグショベルが後方をよく確認せずに後進してきたため激突され、右足を轢かれたもの。入院加療していたが約1カ月後に死亡した。","17","その他の事業","1702","その他の事業","170201","警備業","10~29","1","動力機械","14","建設機械等","142","掘削用機械","6","激突され"
"213","2010","平成","22","3","11~12","サッカーの試合時に使用する広告用の看板を搬入するためのトレーラの誘導を競技場入り口のスロープにて行っていたところ、トレーラ運転者が車両周辺の安全確認を怠り、当該通路の壁とトレーラーの間に挟まれたもの。","9","金融・広告業","902","広告・あっせん業","90209","その他の広告・あっせん業","10~29","2","物上げ装置、運搬機械","22","動力運搬機","221","トラック","7","はさまれ、巻き込まれ"
"214","2010","平成","22","3","11~12","被災者は、スポーツセンター内の体育館天井裏にて、漏水調査の作業を行っていたところ、バランスを崩して天井裏の梁の上から落ち、天井板とともに12.5m下の体育館床に墜落したもの。本作業は、以前に行った防水工事の保証期間中であり、発注者から保証の対象となるかどうか調査の依頼を受けて、事前調査として行った出張作業中に発生したもの。","3","建設業","302","建築工事業","30201","鉄骨・鉄筋コンクリート造家屋建築工事業","10~29","4","仮設物、建築物、構築物等","41","仮設物、建築物、構築物等","418","建築物、構築物","1","墜落、転落"
"215","2010","平成","22","3","9~10","穀類乾燥施設増設工事で被災者らはサイロ用昇降機の水平垂直位置調整作業に従事。被災者は位置調整ため昇降機の上部振れ止め(仮止め)鉄骨材の固定ボルトを緩めるため昇降機側面の補強材(角パイプ)を梯子代わりに昇って行き、下部振れ止めの水平鉄骨材に手を掛けたところ、ボルトが別の鳶工により取り外されていたため鉄骨材とともに約7.0m下のコンクリート床面に墜落したもの。昇降用安全親綱等(ロリップ等)の設置は無かった。","3","建設業","302","建築工事業","30209","その他の建築工事業","1~9","4","仮設物、建築物、構築物等","41","仮設物、建築物、構築物等","419","その他の仮設物、建築物、構築物等","1","墜落、転落"
"216","2010","平成","22","3","13~14","午前中に被災者は所定の駐車場所に車を停め、駐車場所から災害発生地方向へ徒歩で移動。刈払機及び手ノコを用いた下刈の作業を行った。昼食後、崖の端部に立ち入った際に足を踏み外し、約100mの距離を滑落。頭部をうち即死したもの。なお、被災者は、滑落の危険が存在する崖の端部に立ち入っているが、作業を行う上でその必要はなかった。","6","農林業","602","林業","60209","その他の林業","1~9","7","環境等","71","環境等","711","地山、岩石","1","墜落、転落"
"217","2010","平成","22","3","13~14","駅構内の線路の間に倒れている被災者が発見され、7時間後に死亡が確認されたもの。現認者がいないため推定となるが、被災者が乗っていた貨物列車から駅ホームに向かうため降車しようとしていたところ、何らかの原因で転落若しくは自ら飛び降り、動いている最中の同列車に接触したものと思われる。","4","運輸交通業","401","鉄道・軌道・水運・航空業","40101","鉄道・軌道業","30~49","2","物上げ装置、運搬機械","23","乗物","232","鉄道車両","18","交通事故（その他）"
"218","2010","平成","22","3","4~5","被災者は50ccバイクを運転して朝刊配達中、緩やかなS字カーブにさしかかる付近で道路沿いの川に転落し、その時の衝撃で首に骨折を負い、即死したもの。","8","商業","802","小売業","80205","新聞販売業","1~9","2","物上げ装置、運搬機械","23","乗物","231","乗用車、バス、バイク","17","交通事故（道路）"
"219","2010","平成","22","3","8~9","移動式クレーンを使って鋼矢板を移動させる作業において、玉掛作業者1名が鋼矢板を玉掛けするため、同クレーンで吊った吊り治具(重量約500キログラム)を少し下げるようオペレーターに合図したところ、オペレーターは、自由降下の操作により吊り治具を下げたため、吊り治具が急降下して、玉掛作業者の頭部を直撃したもの。","3","建設業","303","その他の建設業","30309","その他の建設業－その他","10~29","3","その他の装置等","37","用具","372","玉掛用具","4","飛来、落下"
"220","2010","平成","22","3","15~16","長さ約8m、幅約5m、深さ約5.5mの掘削溝内で、3名が配管取替作業していたところ、掘削面が崩壊し1名が死亡した。降雨により地盤が緩み、有効な土止め支保工をしていなかった。","3","建設業","301","土木工事業","30199","その他の土木工事業","1~9","7","環境等","71","環境等","711","地山、岩石","5","崩壊、倒壊"
"221","2010","平成","22","3","16~17","卵を収集する集卵機において、機械を停止せずに回転部分及びモーターカバーに付着したゴミ等をカッターナイフで除去していたところ、右腕袖の部分が、機械に巻き込まれたことにより、上半身が挟まれ死亡した。","7","畜産・水産業","701","畜産業","70101","畜産業","10~29","1","動力機械","16","一般動力機械","169","その他の一般動力機械","7","はさまれ、巻き込まれ"
"222","2010","平成","22","3","20~21","被災者が倉庫内3階の中2階において、荷物の数量チェックをしていたところ、高さ約2.8mの3階の中2階の作業床の端から、3階床面に墜落し頭部を強打した。作業床の端部に手すりがなく、また、ヘルメットを着用していなかった。","8","商業","804","その他の商業","80401","倉庫業","30~49","4","仮設物、建築物、構築物等","41","仮設物、建築物、構築物等","416","作業床、歩み板","1","墜落、転落"
"223","2010","平成","22","3","9~10","貨物船(総トン数7743t)から、揚貨装置を使いコンテナの荷降ろし作業を終えた被災者等は、揚貨装置で船倉の蓋を戻した後、3人が進行方向側、海側、陸側に別れて蓋をピンで固定する作業中、海側で最後のピン(5ヶ所目)を留めていた被災者が、走行中の揚貨装置脚部と船倉の側壁との間に頭部を挟まれ死亡した。","5","貨物取扱業","502","港湾運送業","50202","港湾荷役業","50~99","2","物上げ装置、運搬機械","21","動力クレーン等","215","揚貨装置","7","はさまれ、巻き込まれ"
"224","2010","平成","22","3","13~14","間伐のため、立木の伐倒作業をしていた際、伐倒木がかかり木となってしまった。当該かかり木を、労働者が元玉切りにて処理した際、外れたかかり木(伐倒木)が被災者を直撃した。","6","農林業","602","林業","60201","木材伐出業","10~29","7","環境等","71","環境等","712","立木等","5","崩壊、倒壊"
"225","2010","平成","22","3","16~17","通信用タワーに設置されたアンテナケーブル撤去作業依頼のため、業者同行にての下見を実施していた。28階撤去対象物の目視確認を終え、はしごにて26階へ降りようとしたところ、25階まで墜落したもの。約2週間後に死亡した。","17","その他の事業","1702","その他の事業","170209","その他の事業－その他","10~29","3","その他の装置等","37","用具","371","はしご等","1","墜落、転落"
"226","2010","平成","22","3","17~18","自動車整備工場内の、高さ約3.5mの位置に設置されているコードリール(屋根から吊り下げられている角鋼管に取り付けられている)に電気配線を取り付けるため、梁に脚立を開いてはしご状にして立てかけ、高さ約1.7mの位置の踏さんに足をかけて作業していたところ、被災者がバランスを崩したか脚立の接地部が滑ったかにより、脚立とともに墜落し、頭部をコンクリート床面で打撲した。入院加療していたが、5日後に死亡した。","8","商業","802","小売業","80209","その他の小売業","1~9","3","その他の装置等","37","用具","371","はしご等","1","墜落、転落"
"227","2010","平成","22","3","3~4","配送先に向かうため、大型トラック(車両総重量22t)で国道(片側2車線)を走行中に、運転の操作ミスにより、横転して中央分離帯に激突した。被災した運転手は頭部等を強打して搬送先の病院で死亡したもの。","15","清掃・と畜業","1501","清掃・と畜業","150102","産業廃棄物処理業","10~29","2","物上げ装置、運搬機械","22","動力運搬機","221","トラック","17","交通事故（道路）"
"228","2010","平成","22","3","6~7","大型トラックを運転して、会社のある愛知県に帰る途中、センターラインをはみ出し、対向してきた3tトラックと正面衝突し、2名とも死亡した。","4","運輸交通業","403","道路貨物運送業","40301","一般貨物自動車運送業","1~9","2","物上げ装置、運搬機械","22","動力運搬機","221","トラック","17","交通事故（道路）"
"229","2010","平成","22","3","6~7","3tトラックで国道を走行中、反対車線から10tトラックが車線をはみ出して進入してきたため正面衝突したもの。双方の運転手が死亡した。","4","運輸交通業","403","道路貨物運送業","40301","一般貨物自動車運送業","100~299","2","物上げ装置、運搬機械","22","動力運搬機","221","トラック","17","交通事故（道路）"
"230","2010","平成","22","3","15~16","被災者は、10tダンプの車検前整備のため、車両の前後から2台のジャッキでジャッキアップした後、車両前部をリジットラック(ウマ)で2か所支えて、前部のジャッキを抜き、前部のリジットラック、後部のジャッキの計3点で支えた状態の車両の下に入って整備作業中、前部のリジットラックが2ヶ所とも外れて車体が落下し、当該車両下で作業していた被災者が下敷きになったもの。","1","製造業","117","その他の製造業","11701","自動車整備業","1~9","3","その他の装置等","37","用具","379","その他の用具","7","はさまれ、巻き込まれ"
"231","2010","平成","22","3","21~22","被災者は当該事業場が昨年外壁工事を施工した個人宅(約3週間前に工事完了)での社内で行っている点検調査及びインタビューの業務を終え、会社に社用車を運転して戻る途中、国道上(片側1車線)において、道路左側にある鉄道の陸橋のコンクリート壁に衝突して炎上し、車内から遺体として発見されたもの。当初は身元不明であった。","3","建設業","302","建築工事業","30209","その他の建築工事業","10~29","2","物上げ装置、運搬機械","23","乗物","231","乗用車、バス、バイク","17","交通事故（道路）"
"232","2010","平成","22","3","7~8","護岸工事現場へ2tトラックで向かっている時、雨と速度超過によりカーブでスリップしてガードレールに衝突し、その反動で被災者は車外に投げ出された。意識不明の重体であったが、3日後に死亡したもの。被災者は、助手席に乗っており、シートベルトを着用していたかどうかは、警察が調査中である。","3","建設業","301","土木工事業","30111","港湾海岸工事業","10~29","2","物上げ装置、運搬機械","22","動力運搬機","221","トラック","17","交通事故（道路）"
"233","2010","平成","22","3","10~11","被災者は、災害発生地のマンホール内の地上から約2.57mの地点において、当該事業場の代表者と共に倒れていたところを発見され、レスキュー隊により救出されたが、酸素欠乏症により死亡していたもの。作業開始前に酸素濃度を測定せずにマンホール内に入ったとみられる。","15","清掃・と畜業","1501","清掃・と畜業","150109","その他の清掃・と畜業","1~9","7","環境等","71","環境等","714","異常環境等","12","有害物等との接触"
"234","2010","平成","22","3","12~13","昼休み時間に昼食を持って工場敷地に隣接する従業員駐車場に向かったのを目撃された後、昼休みが終了しても工場に姿を見せなかったため、同僚労働者が従業員駐車場を見に行ったところ、運転席側ドア以外が雪に埋もれた状態で、エンジンが稼働していた被災者所有車の運転席で、意識を失った状態で発見された。直ちに救急要請し、病院に搬送されたものの、排気ガスの吸引による一酸化炭素中毒のため死亡した。車のマフラーからの排気ガスが車内に入り込んだもの。","1","製造業","108","化学工業","10806","ゴム製品製造業","30~49","5","物質、材料","51","危険物、有害物等","514","有害物","12","有害物等との接触"
"235","2010","平成","22","3","9~10","被災者は、2tトラックを運転し、業者へ砕石を購入に行き、トラックを構内に進入させ、業者の労働者が運転するトラクターショベル(車両重量16t)による砕石の積み込みを終えた。そして、トラックから降りて積み荷の状況を確認していたところ、後方確認不足のまま後退してきた当該トラクターショベルに激突され、トラックとの間に挟まれた。","3","建設業","301","土木工事業","30199","その他の土木工事業","1~9","1","動力機械","14","建設機械等","141","整地・運搬・積込み用機械","6","激突され"
"236","2010","平成","22","3","14~15","被災者は、ユーザーから預かったトラック(最大積載荷重2t、積載型トラッククレーン)の車検を受けるため、予備車検場へ持込み予備検査を行っていた。コーナーランプの電球を取替えていた際、停車中の積載型トラッククレーンが後退したため、両手で止めようとして積載型トラッククレーンの後部と建物との間に挟まれ、死亡した。逸走防止措置を講じていなかった。","1","製造業","117","その他の製造業","11701","自動車整備業","1~9","2","物上げ装置、運搬機械","22","動力運搬機","221","トラック","7","はさまれ、巻き込まれ"
"237","2010","平成","22","3","15~16","汚泥プラントの保留槽の清掃作業中、はしごを使用して降りている時、足を滑らせ墜落した。","1","製造業","108","化学工業","10804","石油製品・石炭製品製造業","100~299","3","その他の装置等","37","用具","371","はしご等","1","墜落、転落"
"238","2010","平成","22","3","2~3","アスファルト製造工場の敷地内において、ダンプトラック(10t車)にアスファルトを積み込む際の前作業として、荷台にアスファルトのこびり付防止のための「軽油捲き作業」を行っていた被災者が、ダンプの助手席側のコンクリート上に倒れているのを別の事業場の労働者が発見した。トラックの荷台から降りる際に足元が滑ったとみられる。","4","運輸交通業","403","道路貨物運送業","40309","その他の道路貨物運送業","1~9","2","物上げ装置、運搬機械","22","動力運搬機","221","トラック","1","墜落、転落"
"239","2010","平成","22","3","3~4","被災者は新聞配達店所有のミニバイクで朝刊を配達していたところ、後続のトラック2台から相次いで接触され、全身を打ち死亡したものである。","8","商業","802","小売業","80205","新聞販売業","1~9","2","物上げ装置、運搬機械","22","動力運搬機","221","トラック","17","交通事故（道路）"
"240","2010","平成","22","3","7~8","事業所から当日の作業現場へ事業所の車で現場に向かう途中、一時停止の交差点を進んだところ、左方向から走行してきた車が左側面に衝突し、被災者が運転する車が横転した。被災者と助手席の同僚は、車外に投げ出され、運転していた被災者は全身打撲で死亡し、助手席の同僚も全身打撲で重傷を負った。","3","建設業","301","土木工事業","30199","その他の土木工事業","1~9","2","物上げ装置、運搬機械","23","乗物","231","乗用車、バス、バイク","17","交通事故（道路）"
"241","2010","平成","22","3","9~10","国道の橋梁の塗装工事(本体工事)が終了し、墜落防止用に仮設した吊り足場の解体作業初日、元請けを含む関係事業場の労働者8名で安全ネットの解除、足場板の撤去回収、「ころばし」「おやご」の緊結クランプ取外し作業を行っていたところ、足場板を撤去した場所で被災者が足を掛けていた「ころばし」又は「おやご」から誤って下部を流れる河川に墜落し溺死したもの。","3","建設業","301","土木工事業","30105","橋梁建設工事業","1~9","4","仮設物、建築物、構築物等","41","仮設物、建築物、構築物等","411","足場","1","墜落、転落"
"242","2010","平成","22","3","10~11","厚板工場の鋼片ヤードにおいて、労働者2名が、(前日に半分に切断されて積み重ねて置かれていた)厚板の切断面の点検作業をしている時に、厚板の置き方が不安定だったため、突然、当該厚板が崩れ落ち、下敷きとなったもの。当該厚板は、大きさ約210×115センチメートル、厚さ約30センチメートル、重さ約6tのものが約半分に切断されたものであった。また、当該厚板は、鉄製のブロック(約25×25センチメートル、高さ約15センチメートル)2コの上に置かれていた。","1","製造業","110","鉄鋼業","11001","製鉄・製鋼・圧延業","1000~9999","5","物質、材料","52","材料","521","金属材料","4","飛来、落下"
"243","2010","平成","22","3","14~15","民有林の択伐作業現場で、被災者ら4名はカラマツの伐採作業に従事していたが、カラマツ(樹高25m)を伐倒する際、周辺の立木を傷つけたくないことから、伐倒方向を確実にすべく、危険範囲内で当該カラマツをロープで引きながら伐倒したところ、被災者が当該カラマツの下敷きになり、病院へ搬送されたが、死亡した。","6","農林業","602","林業","60201","木材伐出業","1~9","7","環境等","71","環境等","712","立木等","5","崩壊、倒壊"
"244","2010","平成","22","3","14~15","納品で余った段ボールを倉庫へ戻す作業を行っていた被災者は、倉庫中2階の作業床において、フォークリフトのパレットから段ボールの荷降ろしを行っていたところ、手すりのない箇所から1階のコンクリート床に墜落したもの。なお、手すりのない箇所には金属製チェーンを2段で設置していたが、フォークリフトによる荷役作業で邪魔になるため取り外していた。入院加療していたが、頭部の負傷により5日後に死亡した。","1","製造業","106","パルプ・紙・紙加工品製造業","10609","その他のパルプ・紙・紙加工品製造業","30~49","4","仮設物、建築物、構築物等","41","仮設物、建築物、構築物等","416","作業床、歩み板","1","墜落、転落"
"245","2010","平成","22","3","19~20","駐車場の交通誘導警備業務を終え、原動機付き自転車に乗り帰宅しようとした被災者が、駐車場出口から道路に出ようとした際、周囲が暗いため出口の低い位置に張られていた鎖に気付かず、原付が鎖に引っ掛かり、転倒し死亡した。事故発生場所は、通常の通勤経路ではなかった。","17","その他の事業","1702","その他の事業","170201","警備業","10~29","2","物上げ装置、運搬機械","23","乗物","231","乗用車、バス、バイク","2","転倒"
"246","2010","平成","22","3","22~23","運転代行ための依頼先に向かうため、同僚と2人で乗用車にて道路を走行中、信号機のある交差点で、信号無視の大型トレーラーと出会い頭に衝突し、助手席に乗っていた被災者が死亡した。また、運転手とトレーラーの運転手もけがをした。","4","運輸交通業","402","道路旅客運送業","40209","その他の道路旅客運送業","10~29","2","物上げ装置、運搬機械","22","動力運搬機","221","トラック","17","交通事故（道路）"
"247","2010","平成","22","3","10~11","工場機械室内に設置してあるの冷房加湿器(繊維材料を加湿する設備、幅310、高さ300、奥行210センチメートル)を解体する作業中、脚立などを使用せずに、1.7mの高さにある機械フランジ部と建屋内壁に足を掛けて、無理な体勢でネジを外す工程を行っていた際に、足を滑らせて足を掛けていたフランジに前頭部を打ち、更に床面に後頭部を打ちつけ、頭部強打により死亡した。","1","製造業","103","衣服その他の繊維製品製造業","10309","その他の繊維製品製造業","1~9","3","その他の装置等","39","その他の装置、設備","391","その他の装置、設備","1","墜落、転落"
"248","2010","平成","22","3","18~19","被災者は事業場敷地内の屋外ゴミ集積場にゴミ捨て後、社屋に戻るため屋外駐車場を歩行中、凍結路面により足を滑らせ転倒し頭部を強打した。頭部から出血し倒れていたところを発見された。その後入院加療中であったが、約3か月後に死亡した。","8","商業","804","その他の商業","80409","その他の商業－その他","1~9","7","環境等","71","環境等","719","その他の環境等","2","転倒"
"249","2010","平成","22","3","20~21","林道において、被災者が運転する10tダンプトラック車(横幅約2.5m)が残土の置き場から掘削現場に戻る途中、林道(道幅4m)の路肩から約50m下の谷底の川に転落し、被災者は溺死した。","3","建設業","301","土木工事業","30106","道路建設工事業","10~29","2","物上げ装置、運搬機械","22","動力運搬機","221","トラック","17","交通事故（道路）"
"250","2010","平成","22","3","6~7","自宅ダイニングにてうめき声とともに倒れ、病院に搬送されたが、既に心肺停止状態であり、そのまま搬送先の病院で死亡したもの。発症前2ヶ月間において、月の平均時間外労働時間数が80時間を超えていた。","17","その他の事業","1702","その他の事業","170209","その他の事業－その他","300~499","9","その他","92","起因物なし","921","起因物なし","90","その他"
"251","2010","平成","22","3","9~10","橋梁の補修工事現場において、塗装作業に使用していたつり足場(高さ約20m)の解体作業を行っていたところ、同足場から墜落したもの。安全帯の使用等墜落防止措置が不十分であった。","3","建設業","302","建築工事業","30209","その他の建築工事業","10~29","4","仮設物、建築物、構築物等","41","仮設物、建築物、構築物等","411","足場","1","墜落、転落"
"252","2010","平成","22","3","10~11","工場敷地内の屋外製品置場において、被災者(技能実習生)と同僚は製品の受け台(H形鋼で600ミリメートル×200ミリメートルを2本並列)の上に置かれている大梁(建築用の大梁のH形鋼、500ミリメートル×200ミリメートル(14本)を2層に積み上げた状態)に雨がかからないように養生シートを被せ、大梁の下に入り、養生シートを固定するため紐を掛けていたところ、製品の受け台が倒れたため、大梁が40センチメートル下降して挟まれた。","1","製造業","112","金属製品製造業","11209","その他の金属製品製造業","1~9","5","物質、材料","52","材料","521","金属材料","5","崩壊、倒壊"
"253","2010","平成","22","3","15~16","工場内で、鋸屑製造機に材料(木材)を送給する作業を1人で行っていた被災者が、同製造機の送給設備の駆動チェーンに左腕を巻き込まれた状態で発見された。被災者は救出されて病院に搬送されたが死亡が確認された。","15","清掃・と畜業","1501","清掃・と畜業","150102","産業廃棄物処理業","1~9","1","動力機械","13","木材加工用機械","139","その他の木材加工用機械","7","はさまれ、巻き込まれ"
"254","2010","平成","22","3","15~16","コンベア下部に溜まった紙を掃除しようと道具を使用し掻き出す作業中、動いていたコンベアに巻き込まれたもの。","1","製造業","106","パルプ・紙・紙加工品製造業","10601","パルプ・紙製造業","100~299","2","物上げ装置、運搬機械","22","動力運搬機","224","コンベア","7","はさまれ、巻き込まれ"
"255","2010","平成","22","3","5~6","前月に同僚が失踪し人員の補充はなく業務過多となり、前月下旬にうつ病エピソード(F32)を発病した。発災当日、事務所倉庫内で首つり自殺を図り死亡した。なお、発病前1か月間の時間外労働時間は95時間28分であった。","13","保健・衛生業","1303","その他の保健衛生業","130309","その他の保健衛生業－その他","1~9","9","その他","92","起因物なし","921","起因物なし","90","その他"
"256","2010","平成","22","3","9~10","11tタンクローリーでコンクリート原料を輸送中、運転操作を誤り、道路左側の電柱に激突し、全身を強く打ち間もなく死亡した。","4","運輸交通業","403","道路貨物運送業","40301","一般貨物自動車運送業","100~299","2","物上げ装置、運搬機械","22","動力運搬機","221","トラック","17","交通事故（道路）"
"257","2010","平成","22","3","13~14","貸倉庫の現状回復工事現場において、被災者は高所作業車に乗り倉庫に設置してあるエアコンのダクト撤去するため当該ダクトをガス溶断(アセチレン)作業中、溶断中の火花が倉庫に吹き付けてあった発泡ウレタンに引火し、木造2階建ての事務所と鉄骨平屋建ての倉庫約1600平方mを全焼した。焼け跡から被災者が発見されたもの。","3","建設業","302","建築工事業","30202","木造家屋建築工事業","1~9","3","その他の装置等","33","溶接装置","331","ガス溶接装置","16","火災"
"258","2010","平成","22","3","13~14","道路舗装工事現場において、被災者は舗装が終了した路肩部の土を締め固めするため、ローラー(ハンドガイド式)を操作していたところ、ローラーが進路から外れて、高さ約1.5mの水田に転落し、その下敷きとなった。","3","建設業","301","土木工事業","30106","道路建設工事業","10~29","1","動力機械","14","建設機械等","144","締固め用機械","1","墜落、転落"
"259","2010","平成","22","3","13~14","沖合約3キロメートルの位置において、水深約1mの位置まで素潜りにより潜水し、定置網のうち2段箱と呼ばれる箇所に設けられた網を船上に引き上げるため直径12ミリメートルのロープを結びつける作業に従事していたところ、被災者が浮上せず、海面上にうつぶせの状態で溺死して浮きあがってきたもの。海水温が低く、心臓の疾患を発症したとみられる。","7","畜産・水産業","702","水産業","70201","漁業","10~29","7","環境等","71","環境等","713","水","10","おぼれ"
"260","2010","平成","22","3","14~15","住宅兼店舗の裏山にある法面に立っていた木が住宅側に倒れかかってきた。この木を除去するため、被災者含め3名が屋根上で、玉切りする前段取として木の固定作業を行っていたところ、木が被災者側に動いてきたため、被災者は木に押され、屋根から5.57m下に転落した。被災者はヘルメットを着用していたものの、ヘルメットが割れ頭部を強く打ち付けたことから、頭部骨折により死亡したもの。","3","建設業","303","その他の建設業","30309","その他の建設業－その他","1~9","4","仮設物、建築物、構築物等","41","仮設物、建築物、構築物等","415","屋根、はり、もや、けた、合掌","1","墜落、転落"
"261","2010","平成","22","3","2~3","荷積み後、配送のため高速道路を走行中、サービスエリアから合流部付近の緩やかな左カーブで後方から大型トラックに追突され、追突のはずみで、路肩に止まっていた大型トラックに衝突した。","4","運輸交通業","403","道路貨物運送業","40301","一般貨物自動車運送業","100~299","2","物上げ装置、運搬機械","22","動力運搬機","221","トラック","17","交通事故（道路）"
"262","2010","平成","22","3","8~9","トラックに積み込んだアルミリサイクル原材料が走行中に落下するのを防止するため、荷台の上に乗り、積み荷の状態を確認していたところ、足を滑らせ墜落した。","15","清掃・と畜業","1501","清掃・と畜業","150102","産業廃棄物処理業","10~29","2","物上げ装置、運搬機械","22","動力運搬機","221","トラック","1","墜落、転落"
"263","2010","平成","22","3","9~10","油圧ショベルのショベルにワイヤーロープを掛け重さ600キログラムの手押しローラーをトラック荷台より降ろそうとしたところ(用途外)、油圧ショベルが転倒し、被災者が油圧ショベルの屋根部分の下敷きになったもの。","3","建設業","301","土木工事業","30109","土地整理土木工事業","1~9","1","動力機械","14","建設機械等","142","掘削用機械","2","転倒"
"264","2010","平成","22","3","0~1","自宅にて頭痛を訴え倒れ、脳内疾患により死亡したもの。発症前2か月前から6か月前にかけて長時間労働が認められる。","8","商業","802","小売業","80209","その他の小売業","30~49","9","その他","92","起因物なし","921","起因物なし","90","その他"
"265","2010","平成","22","3","10~11","ホテル敷地内において、カーポートの雨樋の排水口に詰まった木の葉などを取り除くため、脚立に乗り作業を行っていたところ、脚立ごと倒れアスファルト床に転落したもの。被災後、意識不明の状態であったが、4日後に死亡した。目撃者はいないが、カーポートの雨樋の高さが約3mであることから、脚立の上から2段目の踏み桟(高さ約1.7m)に足を掛けて作業を行っていたとみられる。","14","接客娯楽業","1401","旅館業","140101","旅館業","10~29","3","その他の装置等","37","用具","371","はしご等","1","墜落、転落"
"266","2010","平成","22","3","16~17","製造ラインの機械のベアリングを停止せずに交換作業中、機械が作動しはさまれたもの。","1","製造業","112","金属製品製造業","11209","その他の金属製品製造業","30~49","1","動力機械","16","一般動力機械","169","その他の一般動力機械","7","はさまれ、巻き込まれ"
"267","2010","平成","22","3","16~17","被災者は、鉄骨造家屋新築工事において、高さ6.25mの梁の上でプレートの取り付け作業を行っていたところ、足を滑らせて同所より墜落し、首を損傷した。病院に搬送され治療を受けていたが、2カ月半後に死亡した。なお、作業箇所には足場や防網、安全帯取付設備等は設置されておらず、安全帯も使用されていなかった。","3","建設業","302","建築工事業","30201","鉄骨・鉄筋コンクリート造家屋建築工事業","10~29","4","仮設物、建築物、構築物等","41","仮設物、建築物、構築物等","418","建築物、構築物","1","墜落、転落"
"268","2010","平成","22","3","5~6","団地において、朝刊の配達を行っていた被災者が、1階と2階の間の踊り場で意識不明の状態で倒れているのを住民が発見し、医療機関に搬送されたが、その後も意識不明の状態が続き、13日後に頭部の損傷により死亡したもの。","8","商業","802","小売業","80205","新聞販売業","50~99","4","仮設物、建築物、構築物等","41","仮設物、建築物、構築物等","413","階段、桟橋","1","墜落、転落"
"269","2010","平成","22","3","8~9","同僚2名と雑木林の間伐作業中、同僚が立木を切り倒そうと使用していたチェンソーが、その立木を支えていた被災者の左足に接触し負傷した。病院に搬送されたが死亡した。","15","清掃・と畜業","1501","清掃・と畜業","150109","その他の清掃・と畜業","1~9","1","動力機械","13","木材加工用機械","136","チェーンソー","8","切れ、こすれ"
"270","2010","平成","22","3","4~5","自宅より自転車にて新聞配達を開始した被災者は、数件の配達を行った後、T字路で左折したところ、バランスを崩して歩道脇の水路(土手部分高さ160センチメートル、傾斜約30度、水路部分高さ110センチメートル、水深20センチメートル)に自転車ごと転落し、水路の底で額を打って失神、そのまま溺死したものである。","8","商業","802","小売業","80205","新聞販売業","10~29","3","その他の装置等","36","人力機械工具等","362","人力運搬機","17","交通事故（道路）"
"271","2010","平成","22","3","9~10","本社の経営会議に出席するため、自宅から本社へ向かう途中、高速道路(3車線)の右側車線を走行中、前方不注意により中央分離帯に激突し、その衝撃で車外に投げ出されたもの。","1","製造業","114","電気機械器具製造業","11409","その他の電気機械器具製造業","1~9","2","物上げ装置、運搬機械","23","乗物","231","乗用車、バス、バイク","17","交通事故（道路）"
"272","2010","平成","22","3","13~14","JRの駅構内で低圧電線(100V)撤去工事作業において、電柱に上って作業をしていたところ、電線の切断直後に、昇っていた電柱(木製)が腐食によって根元から折れ、頂部付近で胴綱を着けて作業していた被災者が、電柱とともに近接する鉄道レール上に倒れたもの。救急車にて病院に搬送されたが、死亡したもの。","3","建設業","303","その他の建設業","30301","電気通信工事業","1~9","3","その他の装置等","35","電気設備","351","送配電線等","1","墜落、転落"
"273","2010","平成","22","3","8~9","伐木作業現場から伐倒木の納入先へ、12tトラックで走行中、右カーブ後にある直線道路で運転者が操作を誤って道路左側に逸脱し、畑の入り口となっている取付道路側面に衝突して死亡した。路面は乾燥しており、強風等もなかった。","6","農林業","602","林業","60201","木材伐出業","1~9","2","物上げ装置、運搬機械","22","動力運搬機","221","トラック","17","交通事故（道路）"
"274","2010","平成","22","3","9~10","コミュニティセンターのホールで、ステージに祭壇を設置する作業を6人で行っていた時、被災者は祭壇の2段目、同僚が3段目で幕を取り付けていたところ、被災者がバランスを崩して転倒し、ステージ下まで1.3m墜落した。救急車で病院に搬送されたが死亡した。","17","その他の事業","1702","その他の事業","170209","その他の事業－その他","10~29","4","仮設物、建築物、構築物等","41","仮設物、建築物、構築物等","419","その他の仮設物、建築物、構築物等","1","墜落、転落"
"275","2010","平成","22","3","10~11","排水機場内の水路の上部にあたる開口部の蓋(縞鋼板、長さ2.1m、幅0.95m、重さ約100キログラム)を塗り替えるため、被災者は他の作業者と2人で開口部の両側から持ち上げ、少しずつ引きずりながら運搬していたところ、バランスを崩して約7.5m下の水路に墜落し、腹部や背中を負傷してショック死した。安全帯が取り付けられていなかった。","3","建設業","302","建築工事業","30209","その他の建築工事業","1~9","4","仮設物、建築物、構築物等","41","仮設物、建築物、構築物等","414","開口部","1","墜落、転落"
"276","2010","平成","22","3","11~12","オフセット印刷機において、次の印刷準備のため、運転を停止せずに、印刷紙排出部のリフターを足場にして、内部に入り部品(吸引車:印刷紙を整えるための、吸引ノズル装置)取付作業中、稼働中の印刷紙排出装置の送り棒(デリバリー爪竿)と吸引車の取付位置決用の鉄製定規板の間に頭を挟まれた。","1","製造業","107","印刷・製本業","10701","印刷業","100~299","1","動力機械","16","一般動力機械","166","印刷用機械","7","はさまれ、巻き込まれ"
"277","2010","平成","22","3","13~14","山林で間伐作業を2人で行っていたところ、1人がチェンソーで伐倒した杉が、付近で別の伐倒木の枝の片づけをしていた被災者の後頭部を直撃した。","6","農林業","602","林業","60209","その他の林業","1~9","7","環境等","71","環境等","712","立木等","6","激突され"
"278","2010","平成","22","3","16~17","被災者は、がれきのコンクリート廃材をリサイクルするプラントにおいて、ドラグショベルを用い、コンクリート廃材をクラッシャーに投入する作業を担当していた。ベルトコンベアのベルトとローラーの間に入り込んだ鉄筋を、ベルトコンベアを停止させずにソケットレンチで取り除こうとして、クラッシャー下のコンベア端部のローラーに巻き込まれた。ベルトコンベアが停止していた事に気づいた現場責任者がベルトコンベアを確認し、被災者が巻き込まれているのを発見した。","1","製造業","109","窯業土石製品製造業","10909","その他の土石製品製造業","10~29","2","物上げ装置、運搬機械","22","動力運搬機","224","コンベア","7","はさまれ、巻き込まれ"
"279","2010","平成","22","3","10~11","土砂採取場内において、土積み込み待ちのために勾配5度の坂道に停車していた10tダンプトラックがサイドブレーキの引きが弱かったため突然後退し、右前輪に被災者の頭部がはさまれ死亡したもの。待ち時間を利用して荷台に付着した土の除去作業を行っていた被災者が、動き出した10tダンプトラックを止めようと荷台から降りたところ、ひかれたものとみられる。","3","建設業","301","土木工事業","30107","河川土木工事業","50~99","2","物上げ装置、運搬機械","22","動力運搬機","221","トラック","7","はさまれ、巻き込まれ"
"280","2010","平成","22","3","12~13","被災者は、宝石の訪問販売担当の営業係長で、自宅を社用車(乗用車)でルート営業活動のために出発した。ルート営業活動は、7日間の予定であった。国道を走行中、アイスバーンで滑って対向車線にはみ出し、対向してきた大型トラックと正面衝突したもの。なお衝突された大型トラックの運転手に負傷は無かった。","8","商業","802","小売業","80209","その他の小売業","10~29","2","物上げ装置、運搬機械","23","乗物","231","乗用車、バス、バイク","17","交通事故（道路）"
"281","2010","平成","22","3","12~13","積載型移動式クレーンに鉄筋材料を積み込む作業で、材料を積み込むために使用する橋形クレーンの走行上に当該移動式クレーンのジブが掛かるためジブを旋回させたところ、ジブがすでに積み込み固定する前の長さ9.9mの鉄筋の束接触し、鉄筋が被災者の上に落下したもの。","4","運輸交通業","403","道路貨物運送業","40301","一般貨物自動車運送業","10~29","2","物上げ装置、運搬機械","21","動力クレーン等","212","移動式クレーン","4","飛来、落下"
"282","2010","平成","22","3","13~14","国道を10tトラックで走行中、交差点において信号待ちの為に停車していた大型ダンプトラックに追突した。","4","運輸交通業","403","道路貨物運送業","40301","一般貨物自動車運送業","30~49","2","物上げ装置、運搬機械","22","動力運搬機","221","トラック","17","交通事故（道路）"
"283","2010","平成","22","3","14~15","植栽作業中、移動式クレーン(吊り上げ荷重2t)でドラグショベルを塀越しに吊り下ろす際、遠方で吊り下ろしてしまったため定格荷重を超え、移動式クレーンが傾き、クレーン本体と塀の間に挟まれたもの。被災者は移動式クレーンの運転に必要な資格を有していなかった。","3","建設業","301","土木工事業","30199","その他の土木工事業","1~9","2","物上げ装置、運搬機械","21","動力クレーン等","212","移動式クレーン","7","はさまれ、巻き込まれ"
"284","2010","平成","22","3","17~18","運送会社の支店内において、被災者は人力によりトラックへの荷の積み込み作業を行っていたところ突然倒れ、救急車で病院に搬送されたものの、約1時間半後に心臓の疾病により死亡が確認された。なお、被災者の発症前1ヶ月間の時間外労働時間は100時間超であり、業務による過重負荷が認められた。","4","運輸交通業","403","道路貨物運送業","40301","一般貨物自動車運送業","10~29","9","その他","92","起因物なし","921","起因物なし","90","その他"
"285","2010","平成","22","3","3~4","木造3階建ての一軒家を賃借し、当該方面の工事現場に労働者を出張させたときの宿泊施設として使用していたところ、この建物の1階から煙草の火の不始末により出火して火災になり、宿泊していた労働者1名が一酸化炭素中毒で死亡、1名は両足に、1名はのどを負傷した。","3","建設業","303","その他の建設業","30302","機械器具設置工事業","10~29","9","その他","91","その他の起因物","911","その他の起因物","16","火災"
"286","2010","平成","22","3","9~10","間伐事業現場において、被災者(玉掛け者)と同僚(移動式クレーン運転者)の2名で車両積載型トラッククレーン(つり上げ荷重2.93t)を使用し、鉄板5枚(3m×1.5m、重さ約750キログラム)を地面に仮置きする作業中、5枚目の鉄板を地面に下ろした際、当該鉄板が荷振れし、荷の介添え作業を行っていた被災者が当該鉄板と車両積載型トラッククレーンの荷台に挟まれ、胸部圧迫により死亡したもの。","6","農林業","602","林業","60209","その他の林業","1~9","2","物上げ装置、運搬機械","21","動力クレーン等","212","移動式クレーン","7","はさまれ、巻き込まれ"
"287","2010","平成","22","3","12~13","トレーラーのトラクター(牽引車)とシャーシ(被牽引車)の接続作業のために、トラクターの上に乗り作業を行っていた。接続作業を行うため駐車していた駐車場がゆるやかな下り勾配であったため、トラクターが動きはじめた。被災者は慌ててトラクター部分から飛び降り、運転席に乗り込もうとしたところ、隣に駐車していたトレーラーと接続作業を行っていたトラクターに体を挟まれ死亡した。トラクターのサイドブレーキが引かれていなく、シャーシーのブレーキは接続作業を行うために解除された状態だった。","4","運輸交通業","403","道路貨物運送業","40301","一般貨物自動車運送業","10~29","2","物上げ装置、運搬機械","22","動力運搬機","221","トラック","7","はさまれ、巻き込まれ"
"288","2010","平成","22","3","14~15","被災者は、次の収集運搬作業等の準備のため積載型トラッククレーンを使用して1人で作業を行っていたが、その際アウトリガーを最大に張り出しをせず、中間張り出しの状態であったこと、また、作業場地面に水たまりがあり、地盤が軟弱な状態にもかかわらず敷鉄板等の措置を講じないまま使用していたことで、収集箱をつり上げた際にクレーンが転倒し、運転席と直近にあった別の収集箱との間にはさまれている状態を発見された。","15","清掃・と畜業","1501","清掃・と畜業","150102","産業廃棄物処理業","10~29","2","物上げ装置、運搬機械","21","動力クレーン等","212","移動式クレーン","7","はさまれ、巻き込まれ"
"289","2010","平成","22","3","16~17","金属パイプを切断する機械で金属パイプ(直径17センチメートル、長さ626センチメートル)を長さ152センチメートルに切断する作業中、切断後の金属パイプを製品取り出し口に自動で運搬している時に、金属パイプを固定して移動させる部分と切断機の台との間に頭部が挟まれたもの。機械を停止せずに作業していた。","1","製造業","112","金属製品製造業","11209","その他の金属製品製造業","100~299","1","動力機械","15","金属加工用機械","159","その他の金属加工用機械","7","はさまれ、巻き込まれ"
"290","2010","平成","22","3","18~19","被災者は、一般住宅の改修工事現場での当日の作業が終了し、会社所有の軽トラックを運転して広域農道を使い現場から会社へと戻る途中、右カーブで道路左側の橋の欄干に衝突し死亡した。","3","建設業","302","建築工事業","30202","木造家屋建築工事業","1~9","2","物上げ装置、運搬機械","22","動力運搬機","221","トラック","17","交通事故（道路）"
"291","2010","平成","22","3","18~19","店舗1階の男子トイレ個室内において、長時間労働による過重労働により倒れているところをほかの社員に発見され、救急車で搬送されたが、1時間後、搬送先の病院で死亡が確認された。","8","商業","802","小売業","80201","各種商品小売業","100~299","9","その他","92","起因物なし","921","起因物なし","90","その他"
"292","2010","平成","22","3","3~4","鉄道地下トンネルの改良工事で、作業中のドラグショベルの誘導と、本線上でのドラグショベルの方向転換の際の誘導の業務に従事していた被災者が、トンネル内作業を終了して保守用車に同乗して基地に戻り、保守用車が基地に収容された後、作業基地ホーム下(ホーム高さ110センチメートル)に倒れているのが発見されたもの。基地ホームの先端のコンクリートに、被災者の衣類等の繊維上の屑が幅15mにわたり付着していた。被災者は保守用車両のデッキ上に乗っており、停止しない状態でも降車することが出来た。","17","その他の事業","1702","その他の事業","170201","警備業","300~499","2","物上げ装置、運搬機械","22","動力運搬機","223","軌道装置","7","はさまれ、巻き込まれ"
"293","2010","平成","22","3","0~1","事故前日の夜に物流センターを出発し、高速道路を4t冷蔵車で走行していたところ、前方のトンネル内で発生した軽自動車による横転事故のため、停車・渋滞状態となっていたことに気付くのが遅れ、最後尾の10tトラックに追突した。救出後病院に搬送されたが死亡した。","4","運輸交通業","403","道路貨物運送業","40301","一般貨物自動車運送業","100~299","2","物上げ装置、運搬機械","22","動力運搬機","221","トラック","17","交通事故（道路）"
"294","2010","平成","22","3","4~5","トレーラーダンプにて石炭を運ぶため国道を走行中、緩やかな下り坂にて路面凍結によりスリップしたためトレーラーが横転した。その際、運転者が路上に投げ出され、病院へ搬送されたが死亡した。","4","運輸交通業","403","道路貨物運送業","40301","一般貨物自動車運送業","100~299","2","物上げ装置、運搬機械","22","動力運搬機","221","トラック","17","交通事故（道路）"
"295","2010","平成","22","3","11~12","製品の販売応援業務に従事中、業務終了後、脳内疾病により店舗内で嘔吐し倒れた。その後入院先の病院で8日後に死亡したもの。","8","商業","802","小売業","80209","その他の小売業","10~29","9","その他","92","起因物なし","921","起因物なし","90","その他"
"296","2010","平成","22","3","5~6","容器包装プラスチックリサイクル工場で、自治体から搬送してきた容器包装プラスチックをフォークリフトを使用しラインに投入する作業中に発生。Aライン投入作業を行っていた被災者が投入台前で倒れているのを、Bライン投入作業を行っている者が発見した。目撃者はいないが、被災者は投入台下部にプラスチックの一部が付いているのを取り除こうとして投入台の下部に入ったところ、自動運転中の投入台が上昇し、頭部をはさまれたとみられる。","4","運輸交通業","401","鉄道・軌道・水運・航空業","40101","鉄道・軌道業","300~499","1","動力機械","16","一般動力機械","169","その他の一般動力機械","7","はさまれ、巻き込まれ"
"297","2010","平成","22","3","10~11","高所作業車に乗って電柱に支線を張る作業において、重みで垂れ下がった支線が現場付近を走行していた運送車に引っかけられたため、作業をしていた被災者が引っ張られ、高所作業車から約8.6m下の道路に墜落したもの。なお、保護帽は正しく着用していたが、安全帯は腰に付けていただけでフックをバスケットに取り付けていなかった。","3","建設業","303","その他の建設業","30301","電気通信工事業","10~29","1","動力機械","14","建設機械等","146","高所作業車","1","墜落、転落"
"298","2010","平成","22","3","10~11","森林での間伐作業において、伐木作業中にかかり木が発生し、かかられた木の伐倒を行ったところ、連続したかかり木が3ヵ所発生した。2ヵ所目のかかり木の元玉切りを行ったところ、発生したかかり木が全部倒れ、近くで作業していた労働者に激突したもの。かかり木の処理が不適切であった。","6","農林業","602","林業","60209","その他の林業","30~49","7","環境等","71","環境等","712","立木等","5","崩壊、倒壊"
"299","2010","平成","22","3","11~12","工場建物内へのプレス機械等の移設作業を、労働者等4名により工場敷地内で行っていた。貨物自動車(平ボディー車、最大積載量9t)の荷台に積まれたプレス機械の荷卸し作業を行った後、被災者の姿が見あたらなくなったことから、敷地内を探したところ、隣地工場建物との間にある側溝内(深さ3.07m)で頭(保護帽を着用せず)から血を流して倒れている状況で発見し、搬送先の病院で死亡が確認されたもの。","3","建設業","303","その他の建設業","30302","機械器具設置工事業","1~9","2","物上げ装置、運搬機械","22","動力運搬機","221","トラック","1","墜落、転落"
"300","2010","平成","22","3","16~17","4階建てマンション外壁塗装工事を行う現場において、マンション建屋内の吹き抜け部分の内部足場の組立てを行っていたところ、高さ13mの吹き抜け最上部であるマンション屋根上より1階床面に墜落した。なお、災害発生時マンション屋根上に被災者以外の労働者はいたが、直接状況を目撃した者はいない。","3","建設業","302","建築工事業","30201","鉄骨・鉄筋コンクリート造家屋建築工事業","1~9","4","仮設物、建築物、構築物等","41","仮設物、建築物、構築物等","414","開口部","1","墜落、転落"
"301","2010","平成","22","3","22~23","タンクローリーを運転中、高速道路において工事渋滞していた車列の最後尾の大型トラックに追突し、大型トラックの後部とタンクローリーのタンクの間に運転席内で挟まれ、胸を強く打って死亡した。","4","運輸交通業","403","道路貨物運送業","40301","一般貨物自動車運送業","50~99","2","物上げ装置、運搬機械","22","動力運搬機","221","トラック","17","交通事故（道路）"
"302","2010","平成","22","3","13~14","道路建設に伴い発生した路盤廃材を再生材として再加工する工場内において、ドラグ・ショベルを用いて路盤廃材を破砕機に投入する作業を行っていた際に、運転中のドラグ・ショベルの右後方に何らかの理由で立ち入った被災者が、被災者に気付かずに作業を行っていたオペレーターの旋回操作等により接触し受傷したもの。運転交代にかかる作業手順書が確立されておらず、周囲の安全確認が不完全であった。","1","製造業","109","窯業土石製品製造業","10909","その他の土石製品製造業","1~9","1","動力機械","14","建設機械等","142","掘削用機械","6","激突され"
"303","2010","平成","22","3","17~18","鉄骨造工場の屋根の雨漏り部分を補修作業中、作業の最後に補修のチェックを行っていた被災者が、歩み板を持って歩いていたところ、バランスを崩し、屋根のスレート材を踏み抜き、高さ約11mからコンクリート床面まで墜落したもの。歩み板はアルミ製、幅24センチメートルで、屋根上へは3枚しか持ち込んでいなかったので、架け渡しながら移動していた。","3","建設業","302","建築工事業","30209","その他の建築工事業","1~9","4","仮設物、建築物、構築物等","41","仮設物、建築物、構築物等","415","屋根、はり、もや、けた、合掌","1","墜落、転落"
"304","2010","平成","22","3","10~11","倉庫庇の梁(H型鋼材)の塗り替え工事のために設置した移動式足場(高さ3.64m)上から地面まで降りる際、建枠の桟を昇降設備として使用していたところ、高さ0.76m地点から足を踏み外して地面に仰向けで墜落し、後頭部を強打した。安全に昇降するための設備が設けられていなかった。","3","建設業","302","建築工事業","30209","その他の建築工事業","1~9","4","仮設物、建築物、構築物等","41","仮設物、建築物、構築物等","411","足場","1","墜落、転落"
"305","2010","平成","22","3","11~12","ケーブル線が巻かれている大型ドラムから、小分けするため、長さを測定しながら小型のドラムに巻き替える作業を、巻返し機(大型ドラム・小型ドラムを回転させ、途中で長さを測定する機械がセットとなったもの)を用いて行い、既定の長さで切断した。その後、接続部を取り除くため、更に60m大型ドラムを回転させ、切断した。大型ドラムから伸びている余りを再び大型ドラムに巻き戻す作業を通常時の3倍の速さ(正転、逆転)でしていたところ、巻き戻すケーブル線が弛んでいたため、巻き込まれた。","1","製造業","114","電気機械器具製造業","11409","その他の電気機械器具製造業","10~29","1","動力機械","16","一般動力機械","163","ロール機（印刷ロール機を除く。）","7","はさまれ、巻き込まれ"
"306","2010","平成","22","3","15~16","被災者は水質検査に使うビーカーとPh測定に使用する測定紙を持ち、生コンの混合に使用する水槽内の水質を検査しようと水槽(壁面の高さ169センチメートル)に立てかけたはしご(最上段まで180センチメートル)に登ったところ、何らかの原因ではしごの中段付近から転落し、頭部を強打した。自力で事務所まで戻ったものの病院に搬送され、翌日に死亡したもの。単独作業のため目撃者はいない。","1","製造業","109","窯業土石製品製造業","10909","その他の土石製品製造業","10~29","3","その他の装置等","37","用具","371","はしご等","1","墜落、転落"
"307","2010","平成","22","3","16~17","工場内において、被災者が、破砕試験のため、リチウムイオン電池を破砕機の上部投入口から投入していたところ、破砕機内で爆発が発生し、その爆発で激しく開いた投入口の金属製の蓋が、被災者の頭部に当たり、死亡した。","1","製造業","113","一般機械器具製造業","11301","機械（精密機械を除く）器具製造業","50~99","5","物質、材料","51","危険物、有害物等","512","引火性の物","14","爆発"
"308","2010","平成","22","4","15~16","4階建てビルの屋上に設置してある広告塔撤去工事において、被災者がワイヤロープを持ち広告塔の周囲に設置した丸太足場の養生シートの外側に出ていたところ、強風の影響もあってバランスを崩し、9.9m下の線路脇に墜落した。その際、ワイヤロープが架線に接触したためショートし、「ドン!」という音とともにスパークしたもの。","3","建設業","302","建築工事業","30209","その他の建築工事業","10~29","4","仮設物、建築物、構築物等","41","仮設物、建築物、構築物等","419","その他の仮設物、建築物、構築物等","1","墜落、転落"
"309","2010","平成","22","4","20~21","バイパス道路で自損事故を起こし、自車から離れて通報を行っていたところ、後方より進行してきた大型貨物自動車が前方不注意のため追突した。その反動で自車の後部と道路側壁に被災者がはさまれ、同日、死亡したもの。","17","その他の事業","1702","その他の事業","170209","その他の事業－その他","100~299","2","物上げ装置、運搬機械","22","動力運搬機","221","トラック","17","交通事故（道路）"
"310","2010","平成","22","4","11~12","被災者は事業場敷地内において、車両積載型トラッククレーンを使用し、廃材の石膏ボードを当該クレーンの荷台に積み込み、処理場へ運搬する予定であった。積み込み作業終了後、使用していた当該クレーンのアウトリガーを一番高い位置にセットした状態で、何らかの理由により当該クレーンの車体下部に潜り込んでいた。その後、クレーン駆動用のシャフト部分に右腕が巻き込まれている状態で発見されたが、死亡が確認されたもの。","15","清掃・と畜業","1501","清掃・と畜業","150102","産業廃棄物処理業","30~49","2","物上げ装置、運搬機械","21","動力クレーン等","212","移動式クレーン","7","はさまれ、巻き込まれ"
"311","2010","平成","22","4","8~9","河川改修工事の終了後、ドラグ・ショベルを使用して鋼矢板の片づけを行うにあたり、元請のオペレーターがドラグ・ショベルを旋回させたところ、ドラグ・ショベルの横を移動していた下請の従業員であった被災者が、旋回したドラグ・ショベルの後部に激突され、わきに置いてあった高密度ポリエチレン管との間にはさまれた状態で死亡したもの。","3","建設業","301","土木工事業","30107","河川土木工事業","1~9","1","動力機械","14","建設機械等","142","掘削用機械","6","激突され"
"312","2010","平成","22","4","18~19","被災者は、大型トラックを運転して、長距離輸送のため国道を走行中、対向車(大型トラック)がセンターラインをはみ出し、別の大型トラック及び乗用車と接触した後、被災者が運転する大型トラックと正面衝突したもの。対向車の大型トラック運転者も死亡した。接触した別の大型トラック及び乗用車の運転者にケガはなかった。","4","運輸交通業","403","道路貨物運送業","40301","一般貨物自動車運送業","10~29","2","物上げ装置、運搬機械","22","動力運搬機","221","トラック","17","交通事故（道路）"
"313","2010","平成","22","4","18~19","国道を走行していた大型トラックが対向車線にはみ出し、対向してきた大型トラックと正面衝突したものである。衝突した2台の大型トラックの両運転手がともに死亡した。他に2台の車がはみ出した大型トラックに接触しているが、これら車の運転手等にけが人は無かった。","4","運輸交通業","403","道路貨物運送業","40301","一般貨物自動車運送業","10~29","2","物上げ装置、運搬機械","22","動力運搬機","221","トラック","17","交通事故（道路）"
"314","2010","平成","22","4","9~10","コア・サービス(2次下請)の作業員が、「分級機」(スクリューコンベヤー)の修理(取替)作業を運転しながら行っていたところ、当該機械に足などを巻き込まれ死亡した。事故当日は、発注者の作業員1名、1次下請の作業員1名、2次下請の作業員2名が来ていた。","1","製造業","117","その他の製造業","11702","機械修理業","1~9","2","物上げ装置、運搬機械","22","動力運搬機","229","その他の動力運搬機","7","はさまれ、巻き込まれ"
"315","2010","平成","22","4","22~23","工場において、同社の作業員4名で圧延機の圧延ロール交換作業を行っていた際に発生した災害。作業員Aがハウジングキャップ(ロールユニットを格納している箇所の蓋)のロックピンを外し作業員Bに合図を送り、作業員Bがバルブスタンドを操作してハウジングキャップを開けたところ、圧延機下流のラインレベル調整を行っていた被災者の頭部がハウジングキャップと製品のガイドレールとの間に挟まれた。","1","製造業","110","鉄鋼業","11001","製鉄・製鋼・圧延業","300~499","1","動力機械","15","金属加工用機械","159","その他の金属加工用機械","7","はさまれ、巻き込まれ"
"316","2010","平成","22","4","12~13","間伐作業中、午後の休憩になり、休憩場所に被災者が、戻ってこなかったので同僚が捜しに行ったところ、約3m上の石が落下し、その石に胸部を挟まれている被災者を発見したもの。","6","農林業","602","林業","60209","その他の林業","1~9","7","環境等","71","環境等","711","地山、岩石","4","飛来、落下"
"317","2010","平成","22","4","14~15","被災労働者が運転していた大型トラック(11t)が道路脇の理容店に突っ込んだもの。現場付近は山間部で、下り坂と急カーブが断続的に続いている。スピードの出しすぎによりカーブを曲がり切れなかったとみられる。","4","運輸交通業","403","道路貨物運送業","40301","一般貨物自動車運送業","1~9","2","物上げ装置、運搬機械","22","動力運搬機","221","トラック","17","交通事故（道路）"
"318","2010","平成","22","4","15~16","当該事業場は、金属の2次成形加工用機械のメーカーである。当該災害は、製品であるテンションリール(コイル状の金属板を緊張させながら引っ張り、巻き取る装置)を出荷する前の試運転において、テンションリールによりコイル状の金属板を巻き取っていたところ、送り出し装置が引っ張り方向の力に自重だけでは耐えられずに装置自体が水平に動いたため、送り出し装置とその手前の製品との間にいた被災者が挟まれ死亡したもの。","1","製造業","113","一般機械器具製造業","11301","機械（精密機械を除く）器具製造業","30~49","1","動力機械","15","金属加工用機械","159","その他の金属加工用機械","6","激突され"
"319","2010","平成","22","4","8~9","コマイ定置網漁船(0.4t)に乗組員2名が乗り込み、沖合で網入れ作業中、波を受けて海中へ転落し、1名は救助されたが被災者はそのまま行方不明となったもの。救命胴衣を着用していなかった。","7","畜産・水産業","702","水産業","70201","漁業","1~9","2","物上げ装置、運搬機械","23","乗物","239","その他の乗物","10","おぼれ"
"320","2010","平成","22","4","9~10","事務所兼資材置場において、手持ち式丸ノコを使用して丁張り用の杭を作る作業を行っていたところ、手持ち式丸ノコで右足を切断してしまった。病院に救急搬送されたが死亡したもの。手持ち式丸ノコのカバーが針金で固定されていた。","3","建設業","303","その他の建設業","30309","その他の建設業－その他","1~9","1","動力機械","13","木材加工用機械","131","丸のこ盤","8","切れ、こすれ"
"321","2010","平成","22","4","11~12","本件事業場の工場建屋内において、天井クレーンの補修作業を行うため、当該天井クレーンのガーダー部分に単管パイプを取り付けて、つり足場を組み立てる作業中、未固定の足場板とともに高さ5.3m下のコンクリート床面に墜落したもの。安全帯の使用等墜落防止措置を講じていなかった。","1","製造業","113","一般機械器具製造業","11301","機械（精密機械を除く）器具製造業","10~29","4","仮設物、建築物、構築物等","41","仮設物、建築物、構築物等","411","足場","1","墜落、転落"
"322","2010","平成","22","4","12~13","杉(樹高約26m、胸高直径80センチメートル)の伐採作業で、樹高が高いことから一度中間部で切断することとし、移動式クレーン(25t)の補助フックに杉の上方部分を玉掛けし、主フックで作業員2人を乗せた搭乗用搬器を吊った状態で杉を切断したところ、移動式クレーンに定格荷重を超えた荷重がかかり、前のめりに転倒して、同時に搬器は川に落下し、搬器に乗っていた2人のうち1人が死亡し、もう1人は顔を負傷した。","6","農林業","602","林業","60201","木材伐出業","1~9","2","物上げ装置、運搬機械","21","動力クレーン等","212","移動式クレーン","2","転倒"
"323","2010","平成","22","4","23~24","大型トラックが国道を走行中、道路工事のため停車していたトラックの後部に追突し、キャビンがつぶれ圧迫死したもの。脇見運転とみられる。","4","運輸交通業","403","道路貨物運送業","40301","一般貨物自動車運送業","10~29","2","物上げ装置、運搬機械","22","動力運搬機","221","トラック","17","交通事故（道路）"
"324","2010","平成","22","4","12~13","傾斜30度の国有林において、被災者1名により杉の間伐作業が行われていた。被災者は朝から伐倒作業、伐倒木の玉切り作業を行っていたが、夜になっても帰宅していなかったため捜索したところ、被災者が杉の木(胸高直径20センチメートル、樹高16.3m)の下敷きになって倒れていた。被災者がかかり木を処理せずに放置し、かかり木の下で別作業を行っていたところ、かかり木が被災者に倒れてきたとみられる。","6","農林業","602","林業","60201","木材伐出業","100~299","7","環境等","71","環境等","712","立木等","6","激突され"
"325","2010","平成","22","4","12~13","2階建て民家の大屋根上のアンテナ取換工事を2名で行い、1名が大屋根上の既設アンテナを撤去し、玄関屋根上の被災者に取り外したアンテナを渡し、引き続き大屋根で作業を行っていたところ、梯子の倒れるような音がしたため下を見ると、梯子が外れていて、被災者が仰向けに倒れていたもの。救急搬送後、頭部の負傷により8日後に死亡したもの。","3","建設業","303","その他の建設業","30301","電気通信工事業","1~9","4","仮設物、建築物、構築物等","41","仮設物、建築物、構築物等","415","屋根、はり、もや、けた、合掌","1","墜落、転落"
"326","2010","平成","22","4","14~15","被災者は、公民館のアンテナ取替え作業において、部下1名と屋上棟屋に設置されているアンテナのポールをパラペット上で切断作業を行っていた時、高さ3.5mの屋上に墜落したものである。","8","商業","802","小売業","80209","その他の小売業","50~99","4","仮設物、建築物、構築物等","41","仮設物、建築物、構築物等","418","建築物、構築物","1","墜落、転落"
"327","2010","平成","22","4","11~12","被災者は、ゴルフ場内において、山桃の木に脚立(3本脚の脚立をたたんで)を立てかけて剪定作業中、作業場所が不安定なためバランスを崩し、脚立から墜落した。すぐに病院に搬送されたが、5日後に死亡した。","14","接客娯楽業","1403","その他の接客娯楽業","140301","ゴルフ場","50~99","3","その他の装置等","37","用具","371","はしご等","1","墜落、転落"
"328","2010","平成","22","4","15~16","14階建てワンルームマンションにおいて、本来労働日でない金曜日に、清掃作業員である被災者が14階共用外部廊下(高さ39m)より墜落し死亡したもの。目撃者はいなかったが、14階共用外部廊下の風よけガラスが設置してある箇所に、管理室の折りたたみ椅子と清掃用ウエスがあったことから、風よけガラスの上部を清掃作業中にバランスを崩し、墜落したものと思われる。","15","清掃・と畜業","1501","清掃・と畜業","150101","ビルメンテナンス業","1~9","4","仮設物、建築物、構築物等","41","仮設物、建築物、構築物等","418","建築物、構築物","1","墜落、転落"
"329","2010","平成","22","4","8~9","被災者はマンションの管理人であり、管理するマンションに出勤のため自転車で向かっていたところ、マンション敷地内の駐車場に駐車しようとバックしていた車両と接触して転倒し、後頭部を強打した。病院に搬送されたが3日後に死亡した。","17","その他の事業","1702","その他の事業","170209","その他の事業－その他","10~29","2","物上げ装置、運搬機械","23","乗物","231","乗用車、バス、バイク","6","激突され"
"330","2010","平成","22","4","21~22","海外の市街地において、デモ隊と治安部隊との反政府デモの取材中、何者かが発砲した銃弾を受け、胸に当たり失血死したもの。","17","その他の事業","1702","その他の事業","170209","その他の事業－その他","500~999","9","その他","91","その他の起因物","911","その他の起因物","90","その他"
"331","2010","平成","22","4","16~17","時間外労働時間が70時間から80時間を超える月が続き、特に前々月と前月は海外出張が連続してあり、前月の時間外労働時間は100時間を超えている状態となっていた。自宅付近の路上で心筋疾患により倒れ、病院へ搬送されたが、4日後に死亡したもの。","17","その他の事業","1702","その他の事業","170209","その他の事業－その他","1000~9999","9","その他","92","起因物なし","921","起因物なし","90","その他"
"332","2010","平成","22","4","10~11","工事現場において、被災者が作業中に突然うめき声をあげ倒れた。倒れた被災者の傍らには通電中のアーク溶接用ホルダーが落ちていた。被災者は救急車により病院に搬送されたが、翌日死亡した。なお、アーク溶接作業は有資格者である労働者が行っており、被災者は溶接作業に係る準備を行っていた。死因が電撃症であることから被災者が通電中のアーク溶接用ホルダーに接触したことにより感電したとみられる。","3","建設業","302","建築工事業","30201","鉄骨・鉄筋コンクリート造家屋建築工事業","不明","3","その他の装置等","33","溶接装置","332","アーク溶接装置","13","感電"
"333","2010","平成","22","4","16~17","NC旋盤を使用して、ステンレスパイプ(長さ約2.5m、直径35ミリメートル)を加工していたところ、当該パイプが頭部に激突し被災したもの。同パイプが長かったことから、機械の外部に突出させて作業していたが、同パイプの固定が緩く、加工によって回転するうちに同パイプが折れ曲がった状態となって回転半径が広がったために被災者に激突したものと推定される。被害時の目撃者はいない。","1","製造業","115","輸送用機械等製造業","11502","自動車・同付属品製造業","30~49","1","動力機械","15","金属加工用機械","151","旋盤","6","激突され"
"334","2010","平成","22","4","8~9","定例の打合せを終え、職場内の席に戻った直後に倒れ、脳内疾病により死亡した。長時間労働が認められたことから、業務上災害として労災認定されたもの。","1","製造業","113","一般機械器具製造業","11302","計量器測定器製造業","100~299","9","その他","92","起因物なし","921","起因物なし","90","その他"
"335","2010","平成","22","4","10~11","都市高速道路の橋脚上端付近で橋桁連結部分の錆び取り及び補修作業を終え、現場から離れようとしたところ、2次下請会社の労働者が約9m下の川に墜落したもの。病院に搬送されたが、死亡が確認された。","3","建設業","301","土木工事業","30106","道路建設工事業","10~29","4","仮設物、建築物、構築物等","41","仮設物、建築物、構築物等","418","建築物、構築物","1","墜落、転落"
"336","2010","平成","22","4","15~16","民家の解体工事において、近隣への飛散防止のための養生シートを設置するにあたり、養生シート設置用の骨組みを丸太足場の部材で作成し組み立てていたところ、約4m下の地上に墜落したもの。骨組みの壁つなぎを民家に固定する時、当該壁つなぎに足をかけた際に壁つなぎが破損したとみられる。","3","建設業","302","建築工事業","30202","木造家屋建築工事業","1~9","4","仮設物、建築物、構築物等","41","仮設物、建築物、構築物等","419","その他の仮設物、建築物、構築物等","1","墜落、転落"
"337","2010","平成","22","4","16~17","自動運転中のスキップホイストのピット床面とバケット底部の間に挟まれている被災者を同僚が発見したもの。スキップホイストは、トンネル状の傾斜したダクト内をバケットが昇降し、貯蔵タンクへ石灰を運搬する設備である。被災者は、バケット内に立ち入って付着した石灰を除去する作業を行っていた時、バケットが上昇を開始したので待避しようとしたが、ダクトとの間に挟まれてピット内に落下し、その後下降してきたバケットの下敷きになったと推定される。","1","製造業","109","窯業土石製品製造業","10909","その他の土石製品製造業","1~9","2","物上げ装置、運搬機械","22","動力運搬機","229","その他の動力運搬機","7","はさまれ、巻き込まれ"
"338","2010","平成","22","4","5~6","発電所の点検不備問題の原因調査の責任者として約2週間前から出張中、宿泊先のホテルから飛び降り自殺したもの。","1","製造業","116","電気・ガス・水道業","11601","電気業","1000~9999","9","その他","92","起因物なし","921","起因物なし","90","その他"
"339","2010","平成","22","4","13~14","被災者は、あんこを製造する釜の清掃作業を1人で行っていた。釜内部をホースを用いて水で羽根などに付いたあんこの残留物を取り除こうとして、釜内の攪拌用羽根が回っている状態で作業を行っていて、羽根に巻き込まれた。約2ヶ月後に入院していた病院で死亡した。","1","製造業","101","食料品製造業","10104","パン、菓子製造業","50~99","1","動力機械","16","一般動力機械","162","混合機、粉砕機","7","はさまれ、巻き込まれ"
"340","2010","平成","22","4","14~15","被災者は、電力会社発注の電線支障木伐採作業現場において、片道交互通行規制のため、交通誘導業務を行っていた。規制側下り線の交通誘導中において、停止していた車両を誘導したところ、その後続の車両(軽トラック)が接近してきたため、車両誘導をしようとしたが、当該車両は脇見運転をしていて車線変更をしないまま直進し作業看板に衝突、そのまま被災者を跳ね飛ばした。被災者は死亡した。","17","その他の事業","1702","その他の事業","170201","警備業","10~29","2","物上げ装置、運搬機械","22","動力運搬機","221","トラック","17","交通事故（道路）"
"341","2010","平成","22","4","5~6","飼料15tを積んだトラックで走行していた。緩い左カーブにおいて前車の乗用車が左カーブを曲がり切れず(推定)右側路外の電柱に衝突し電柱が折れた。電柱が倒れたため道路を横断していたワイヤーロープが垂れ下り、後続を走行してきた被災者のトラックの運転席部が衝突し(推定)、対向車線を越えて右側路外に運転席部から転落したもの。乗用車を運転していた女性は軽傷。","4","運輸交通業","403","道路貨物運送業","40301","一般貨物自動車運送業","1~9","2","物上げ装置、運搬機械","22","動力運搬機","221","トラック","17","交通事故（道路）"
"342","2010","平成","22","4","8~9","被災者は普通貨物自動車に乗り走行中、緩やかに右カーブしたあとの上り坂にさしかかったところ、雨で濡れた路面でスリップし、スピンしながら中央線を越えたため、対向車線を走行中の普通自動車の正面に自車の左後部が激突し、横転し、頭を打って死亡した。","8","商業","801","卸売業","80109","その他の卸売業","10~29","2","物上げ装置、運搬機械","23","乗物","231","乗用車、バス、バイク","17","交通事故（道路）"
"343","2010","平成","22","4","9~10","神社内の松を切る作業中、事業主が切り残った高さ約5mの松をチェンソーで切り倒したところ、木の内側が枯れていてたために予想外の方向に倒れ、切り終わった松をトラックに積み込む作業をしていた被災者が倒れた木の下敷きとなって死亡したもの。","6","農林業","601","農業","60101","農業","1~9","7","環境等","71","環境等","712","立木等","6","激突され"
"344","2010","平成","22","4","13~14","被災者は脚立2脚を立て、足場板(杉板、幅20センチメートル)を通して、脚立足場(作業床、高さは204~205センチメートル)を作り、看板を取り外す作業を単独で行っていた。その際に足場から墜落し、半月後に病院で死亡したもの。墜落した際の目撃者はいない。墜落防止措置を講じておらず、被災者は保護帽を着用していなかった。","3","建設業","303","その他の建設業","30309","その他の建設業－その他","1~9","4","仮設物、建築物、構築物等","41","仮設物、建築物、構築物等","411","足場","1","墜落、転落"
"345","2010","平成","22","4","18~19","一戸建住宅の改装工事において、増築部分の仮壁としてベニヤ板を張り付ける作業を脚立の下から3段目(高さ約85センチメートル)に登って作業中、足を滑らせて転落し、足元にあった庭石で頭部を打った。保護帽は着用していなかった。設置場所は傾いており、小雨が降っていた。","3","建設業","302","建築工事業","30202","木造家屋建築工事業","1~9","3","その他の装置等","37","用具","371","はしご等","1","墜落、転落"
"346","2010","平成","22","4","10~11","工事で発生した残土を土捨て場まで運搬していたダンプトラック(最大積載量11t)が、運転を誤り作業道の路肩から約50m下へ転落した。","3","建設業","301","土木工事業","30199","その他の土木工事業","10~29","2","物上げ装置、運搬機械","22","動力運搬機","221","トラック","1","墜落、転落"
"347","2010","平成","22","4","10~11","橋梁塗装工事のため吊り足場の仮設作業中、吊り足場上で川上側のころばしパイプとはな止めを緊結するための緊結金具(自在クランプ)を取付中か移動中、安全帯を使用しておらず、約14m下の川に墜落し、行方不明となった。翌日発見されたが、すでに溺死していた。","3","建設業","303","その他の建設業","30309","その他の建設業－その他","1~9","4","仮設物、建築物、構築物等","41","仮設物、建築物、構築物等","411","足場","1","墜落、転落"
"348","2010","平成","22","4","2~3","50ccミニバイクに乗り新聞配達中、国道において被災者が右折しようとしたところ、後からきた乗用車がミニバイクを追い越そうとしたため、衝突されたもの。","8","商業","802","小売業","80205","新聞販売業","1~9","2","物上げ装置、運搬機械","23","乗物","231","乗用車、バス、バイク","17","交通事故（道路）"
"349","2010","平成","22","4","4~5","自転車で新聞配達中に、道路を右折しようとした際、誤って、道路手前の角にある町役場が管理する高さ1.83mの段差のある敷地内に自転車ごと墜落し、4日後に死亡したもの。","8","商業","802","小売業","80205","新聞販売業","1~9","3","その他の装置等","36","人力機械工具等","362","人力運搬機","1","墜落、転落"
"350","2010","平成","22","4","9~10","災害発生場所の伐出作業現場において、雑役を行っていた被災者が林道から5.4m下の沢へ墜落し、病院へ搬送されたが死亡したもの。","6","農林業","602","林業","60201","木材伐出業","10~29","4","仮設物、建築物、構築物等","41","仮設物、建築物、構築物等","418","建築物、構築物","1","墜落、転落"
"351","2010","平成","22","4","9~10","看板を取り替えるために使用するつり足場をビルの屋上から組立てる作業中、高さ約30mの所から墜落したもの。被災者は安全帯を着用していたが、使用していなかった。","3","建設業","303","その他の建設業","30309","その他の建設業－その他","1~9","4","仮設物、建築物、構築物等","41","仮設物、建築物、構築物等","411","足場","1","墜落、転落"
"352","2010","平成","22","4","8~9","工場建屋の屋根補修工事現場において、被災者は屋根上に足場板が設置されていたにもかかわらず、スレート板の部分に乗って棟の部分に留めてあったビスを手で抜こうとした際に、スレート板が割れ、約5m下の工場建屋内の床に墜落した。墜落直後及び病院への搬送後も被災者の意識はあったが、災害発生日から3日後に容体が急変し死亡した。","3","建設業","302","建築工事業","30209","その他の建築工事業","1~9","4","仮設物、建築物、構築物等","41","仮設物、建築物、構築物等","415","屋根、はり、もや、けた、合掌","1","墜落、転落"
"353","2010","平成","22","4","14~15","被災者は、雨よけのために設けられた軒状に張り出したテント地で出来た屋根(高さ5.6m)のふち付近から、転落したものと推測される。災害の現認者もなく、災害時の作業内容等は不明である。墜落防止措置を講じず、安全帯等も使用していなかった。","17","その他の事業","1702","その他の事業","170209","その他の事業－その他","1~9","4","仮設物、建築物、構築物等","41","仮設物、建築物、構築物等","419","その他の仮設物、建築物、構築物等","1","墜落、転落"
"354","2010","平成","22","4","8~9","タンクローリーで軽油の運搬を終え、帰社するため国道を走行中、ガードレールを突き破り約20m下の川に転落したもの。","4","運輸交通業","403","道路貨物運送業","40301","一般貨物自動車運送業","1~9","2","物上げ装置、運搬機械","22","動力運搬機","221","トラック","17","交通事故（道路）"
"355","2010","平成","22","4","10~11","高速道路を走行中、中央分離帯へ接触し、その反動で左側ガードロープへ接触、その後、走行車線走行中のトレーラーと衝突した。","8","商業","804","その他の商業","80409","その他の商業－その他","30~49","2","物上げ装置、運搬機械","23","乗物","231","乗用車、バス、バイク","17","交通事故（道路）"
"356","2010","平成","22","4","14~15","航空機格納庫内で、格納庫大扉を稼働しながら扉の不具合箇所を確認していたところ、当該大扉と躯体側鉄骨とに挟まれたもの。なお、被災者は2日間の予定で、本件被災地付近で行われていた別件の機械修理作業を行っていたところ、急遽、依頼を受けて、本件作業に従事していた。","1","製造業","117","その他の製造業","11702","機械修理業","30~49","4","仮設物、建築物、構築物等","41","仮設物、建築物、構築物等","418","建築物、構築物","7","はさまれ、巻き込まれ"
"357","2010","平成","22","4","11~12","被災者(派遣労働者)が護岸の埋め戻しを行うため、ドラグショベルを使用して土砂の積込み作業を行っていたところ、運転を誤りドラグショベルごと川に転落し、ドラグショベルに挟まれ、死亡したもの。被災者は技能講習を修了していなかった。","3","建設業","301","土木工事業","30107","河川土木工事業","1~9","1","動力機械","14","建設機械等","142","掘削用機械","1","墜落、転落"
"358","2010","平成","22","4","13~14","構内の立木が高圧電線に触れそうなため、施設管理担当者4名で枝を落として安全な状況にする作業中、高さ11m程度の木の途中、高さ6mほどの枝の上に乗って、高さ7m程度の位置で切り離し、枝の付いた上部をチルホールで引っ張って倒そうとしたところ、倒れる前に切り離した元が動いて切り離した部分が下に落下し、切り離した部分の枝に頭部を叩かれ、死亡した。","14","接客娯楽業","1401","旅館業","140101","旅館業","30~49","7","環境等","71","環境等","712","立木等","4","飛来、落下"
"359","2010","平成","22","4","13~14","顧客先から自家用車の法定点検の依頼を受けたため、顧客の勤務先で車両を引き取った後、所属事業場に向かうため、広域農道を運転中、左カーブに差し掛かったところでセンターラインを少しはみ出し、センターライン寄りを走行してきた対向乗用車と道路の中央付近で衝突し、全身を強打したことにより死亡した。なお、対向車の運転者は、昼の休憩後、工場に向かっていたもの。","8","商業","802","小売業","80202","自動車小売業","10~29","2","物上げ装置、運搬機械","23","乗物","231","乗用車、バス、バイク","17","交通事故（道路）"
"360","2010","平成","22","4","16~17","被災者は、下請業者が伐倒木をトラックへ積み込む作業の現場監督の仕事を終え、事業場へ戻るため道路を走行中に、脇見または居眠り等により路外に逸脱して2m下の立ち木へ衝突し、腹部を強く打ち死亡したもの。道路は乾いており、ブレーキ痕がなかった。","6","農林業","602","林業","60201","木材伐出業","1~9","2","物上げ装置、運搬機械","23","乗物","231","乗用車、バス、バイク","17","交通事故（道路）"
"361","2010","平成","22","4","16~17","工場内において、被災者が金属加工用丸のこ盤を使用して鋼材(鉄製プレート:72ミリメートル×84ミリメートルに加工)を切断する作業をしていたところ、鋼材を動力で移動させるバイス(金属製のクランプ)と丸のこ盤の囲い(金属製)との間に頭部を挟まれ、死亡したもの。被災者がバイスを移動させたとみられる。","1","製造業","112","金属製品製造業","11209","その他の金属製品製造業","1~9","1","動力機械","15","金属加工用機械","159","その他の金属加工用機械","7","はさまれ、巻き込まれ"
"362","2010","平成","22","4","8~9","自宅において、母親が起きてくるのが遅いため見に行ったところ、寝室ですでに死亡していた。長時間労働による過労死。","14","接客娯楽業","1402","飲食店","140201","一般飲食店","10~29","9","その他","92","起因物なし","921","起因物なし","90","その他"
"363","2010","平成","22","4","9~10","被災者は、足場の3層目に同僚1名とともに上がり、倉庫正面の壁にシートを貼る作業をしゃがんだ状態で行っていたが、突然、後方に倒れ、筋交いの下をくぐり抜け、足場3層目から約2.5m下の小屋の屋根に落ち、その後、さらに2.5m下の地面に墜落したもの。下さん及び幅木がなかった。","3","建設業","302","建築工事業","30209","その他の建築工事業","1~9","4","仮設物、建築物、構築物等","41","仮設物、建築物、構築物等","411","足場","1","墜落、転落"
"364","2010","平成","22","4","11~12","被災者は、取引先の有機センターへ鶏糞を搬入するため、鶏糞1次処理(乾燥)場において、4tの天蓋付きダンプトラックへ鶏糞を積み込む作業を行おうと、当該ダンプトラックの荷台の上に登り、天蓋をスライドさせながら開閉していたところ、何らかの事由により墜落した。現場には天蓋の取っ手が取れて落ちていた。墜落後、同僚が発見し、救急車にて搬送したものの、その後合併症を発症し、約2カ月後に死亡した。","7","畜産・水産業","701","畜産業","70101","畜産業","50~99","2","物上げ装置、運搬機械","22","動力運搬機","221","トラック","1","墜落、転落"
"365","2010","平成","22","4","3~4","被災者は、トレーラーにコイル(約16t)を積載して国道を走行中、交差点付近で中央分離帯に乗り上げて対向車線に入り、道路脇の電柱に激突した。道路構造等、天候、時間帯、運転操作ミスによるとみられる。","4","運輸交通業","403","道路貨物運送業","40301","一般貨物自動車運送業","50~99","2","物上げ装置、運搬機械","22","動力運搬機","221","トラック","17","交通事故（道路）"
"366","2010","平成","22","4","11~12","殺菌処理から箱詰めまでを全自動で行う缶飲料製造ラインにおいて、チェーンコンベアで搬送される缶飲料入りの鉄製バスケットとチェーンコンベアの支柱との間に被災者が頭部を挟まれているのが発見された。被災者は当該ラインの担当者で、ラインを停止させずに何らかの作業を行っていたものと推測される。","1","製造業","101","食料品製造業","10106","飲料（酒類を除く）製造業","50~99","2","物上げ装置、運搬機械","22","動力運搬機","224","コンベア","7","はさまれ、巻き込まれ"
"367","2010","平成","22","4","13~14","被災者は、脚立を使用して中庭の庭木の剪定作業中、高さ3m付近から墜落したもの。1週間後に容態が急変し死亡した。","12","教育・研究業","1201","教育・研究業","120109","その他の教育研究業","1~9","3","その他の装置等","37","用具","371","はしご等","1","墜落、転落"
"368","2010","平成","22","4","15~16","駐車場において、高さ約1.8mの脚立を使用して看板の固定作業中、身を乗り出した際に墜落し、頭部をアスファルトの地面で強打し、2日後に死亡したもの。脚立を設置した地面が砕石敷きで、脚元がぐらついていた。","8","商業","801","卸売業","80109","その他の卸売業","1~9","3","その他の装置等","37","用具","371","はしご等","1","墜落、転落"
"369","2010","平成","22","4","15~16","仮設倉庫の建設工事現場において、屋根材(単管)の組み立て作業を行うため、高さ約3.6mの足場(ビディ枠(600枠)を2段1層で組んだ物)の上で作業していたところ、足場の構造(滑動防止措置、つなぎ・控え等の倒壊防止措置)の不備によって倒壊し、労働者が墜落し、死亡した。被災者は、保護帽、安全帯ともに着用していなかった。","3","建設業","302","建築工事業","30201","鉄骨・鉄筋コンクリート造家屋建築工事業","1~9","4","仮設物、建築物、構築物等","41","仮設物、建築物、構築物等","411","足場","1","墜落、転落"
"370","2010","平成","22","4","15~16","高さ約50mの鉄塔の上部の作業床にて、アンテナの取り付け作業を行っていたところ、昇降口付近から墜落した。安全帯を使用しておらず、昇降口に手すり等が設置されていなかった。","3","建設業","303","その他の建設業","30301","電気通信工事業","10~29","4","仮設物、建築物、構築物等","41","仮設物、建築物、構築物等","418","建築物、構築物","1","墜落、転落"
"371","2010","平成","22","4","5~6","営業所の倉庫内で、トラック荷台の後ろに飲料水等の荷物が積まれた手押し台車の下敷きになって死亡している被災者を従業員が発見したものである。荷降ろし作業中に誤って、台車の下敷きになったとみられる。","5","貨物取扱業","501","陸上貨物取扱業","50101","陸上貨物取扱業","100~299","6","荷","61","荷","611","荷姿の物","4","飛来、落下"
"372","2010","平成","22","4","14~15","試掘調査作業中、深さ約2m、幅約1.8mの開削内で掘削面の崩壊防止措置を講じないまま整地作業を行っていたところ、掘削面が崩れ生き埋めとなった。救出し、病院に搬送したが死亡した。","17","その他の事業","1702","その他の事業","170209","その他の事業－その他","10~29","7","環境等","71","環境等","711","地山、岩石","5","崩壊、倒壊"
"373","2010","平成","22","4","14~15","工業所内の作業所の鈑金工作機撤去作業中、当該機械を分解するためにアセチレンガス切断器で、歯車の部分をガス溶断していたところ、床に落下する火の粉が作業ズボンに燃え移り、下肢から背部にかけて火傷を負った。病院に搬送されたが、1週間後に病院で死亡が確認された。","3","建設業","303","その他の建設業","30302","機械器具設置工事業","1~9","3","その他の装置等","33","溶接装置","331","ガス溶接装置","11","高温・低温の物との接触"
"374","2010","平成","22","4","11~12","被災者は、原子炉圧力容器内で使用前検査受検準備作業のため、溶接部の磨き等の外観仕上げ作業をしていた。作業が終了したので外に出ようと作業で使用した用具を入れた取手付きの缶を持って、梯子(高さ約8.5m、設置角度約85度)を昇っているとき、高さ4.4m付近でバランスを崩し、墜落した。安全ブロックがあったが、使用していなかった。","3","建設業","303","その他の建設業","30302","機械器具設置工事業","10~29","3","その他の装置等","37","用具","371","はしご等","1","墜落、転落"
"375","2010","平成","22","4","16~17","被災者は、工場内にある建設会社土木作業場の警備員詰所において、入退場者の管理を行っていたが、何らかの原因により警備員詰所を離れたところ、約85m離れたコンクリート製品のストックヤード付近において、構内下請会社の労働者が運転するフォークリフトに轢かれたもの。被災者は、直ちに救急搬送されたものの、5日後に収容先の病院で死亡した。","17","その他の事業","1702","その他の事業","170201","警備業","30~49","2","物上げ装置、運搬機械","22","動力運搬機","222","フォークリフト","7","はさまれ、巻き込まれ"
"376","2010","平成","22","4","7~8","2tトラックで新聞販売店へ折り込みチラシの配達を終え、会社へ戻る途中に片側1車線の道路の右カーブにおいて、運転操作を誤り、センターラインを越えて対向車線の大型トラックと正面衝突し、全身を強打して即死したもの。","4","運輸交通業","403","道路貨物運送業","40301","一般貨物自動車運送業","30~49","2","物上げ装置、運搬機械","22","動力運搬機","221","トラック","17","交通事故（道路）"
"377","2010","平成","22","4","3~4","トラクター(牽引車)をトレーラー(被牽引車)に連結した後、トラクターからトレーラーにエアブレーキ用ホースを接続したところ、同車両が前方に逸走したもの。発見時、同車両は前方の別のトレーラーの側面に斜めに接触した形で停車しており、被災者は同車両の運転席側ステップに足を掛け、開いた同側ドアに挟まれた状態であったことから、被災者は逸走した同車両を止めようとその運転席に乗り込もうとして被災したと推測される。トラクターのサイドブレーキは掛けられておらず、エアホースの接続により圧縮空気が送気されたため、ブレーキが解放されたとみられる。","4","運輸交通業","403","道路貨物運送業","40301","一般貨物自動車運送業","10~29","2","物上げ装置、運搬機械","22","動力運搬機","221","トラック","7","はさまれ、巻き込まれ"
"378","2010","平成","22","4","3~4","被災者は、社用車を運転して同僚が代行運転する顧客の車を追走していたところ、パトカーに追跡されていた車が後方から被災者の車を追い越そうとして対向車線の電柱に衝突し、大破した車の発電機(約5キログラム)が飛来して被災者の車を直撃したもの。","17","その他の事業","1702","その他の事業","170209","その他の事業－その他","10~29","2","物上げ装置、運搬機械","23","乗物","231","乗用車、バス、バイク","17","交通事故（道路）"
"379","2010","平成","22","4","9~10","ドラグ・ショベルの修理作業を行っていた被災者から約31m離れた箇所で砕石の選別作業を行っていた同僚が、同ドラグ・ショベルの運転席後ろのカウンターウェイトの端から墜落する被災者を目撃した。すぐに被災者は病院に搬送されたが1週間後に死亡が確認された。カウンターウェイト上面から墜落箇所までの高さは2.3mであり、災害発生時、被災者はヘルメットを着用していなかった。","2","鉱業","202","土石採取業","20201","採石業","10~29","1","動力機械","14","建設機械等","142","掘削用機械","1","墜落、転落"
"380","2010","平成","22","4","10~11","倉庫建築工事において倉庫正面のカーテンをかける為、ローリングタワーを使用し、車庫屋根下部分にカーテンのワイヤーを通すフック等を取付ける作業をしていたところ、高さ3.89mの作業床から墜落、死亡したもの。当該作業には2名(被災者含め)が従事し、2名で屋根に取り付けるアングルを仮止めし、共同作業者が溶接を終えた時、同溶接作業者の右横後方いた被災者が墜落した。ローリングタワーに手すり及び中さん等がなかった。","3","建設業","302","建築工事業","30209","その他の建築工事業","10~29","4","仮設物、建築物、構築物等","41","仮設物、建築物、構築物等","411","足場","1","墜落、転落"
"381","2010","平成","22","4","4~5","信号交差点が赤になったため、大型タンクローリー車が停車し、その後ろに被災者が運転する2tトラックが停車したところ、後続の14tトラックの前方不注視により追突され、衝撃により2t車が前に押され、前方で停車していた大型タンクローリー車の下にもぐり込むように挟まれ、大量出血などにより搬送先の病院で死亡が確認されたもの。","4","運輸交通業","403","道路貨物運送業","40301","一般貨物自動車運送業","30~49","2","物上げ装置、運搬機械","22","動力運搬機","221","トラック","17","交通事故（道路）"
"382","2010","平成","22","5","15~16","商品見本やパンフレット類の入ったダンボール箱を台車を使って移動する際、スロープを後ろ向きに下がっていたところ、右下腿を負傷(肉離れ)した。右足を絆創膏固定術と薬剤投与で経過を見ていたが、17日後の業務終了後、自宅に戻ったところ血栓症を起こして体調不良に陥り、救急車搬送される途中に死亡した。","17","その他の事業","1702","その他の事業","170209","その他の事業－その他","100~299","9","その他","99","分類不能","999","分類不能","99","分類不能"
"383","2010","平成","22","5","11~12","吊り足場の解体作業において、被災者が単管パイプ上(地上7.8m)を移動した際、バランスを崩して地上に墜落した。被災者は、安全帯を装着していたが、墜落時、使用していなかった。","3","建設業","301","土木工事業","30105","橋梁建設工事業","1~9","4","仮設物、建築物、構築物等","41","仮設物、建築物、構築物等","411","足場","1","墜落、転落"
"384","2010","平成","22","5","16~17","被災者が作業を行っていた単管足場の上部で、事業主Aがアーク溶接作業を行っていたところ、その火花が、被災者と事業主Aの間で塗装作業を行っていた作業者Bが持っていた塗料の缶に入り燃え上がった。その際、作業者Bの下で作業を行っていた被災者の作業服にその火が燃え移り、そのことにより被災者がバランスを崩し3.91m下の地上に墜落したもの。単管抱き足場に墜落防止措置がなされていなかった。","3","建設業","302","建築工事業","30203","建築設備工事業","1~9","3","その他の装置等","33","溶接装置","332","アーク溶接装置","16","火災"
"385","2010","平成","22","5","13~14","被災者は、送迎車で医療機関の患者を自宅に送る業務を行っていた。患者自宅前に到着し、自宅前の道路に停車し、車から降り、道路を横断し、家族に到着を知らせるために患者自宅に向かっていたところ、走行中の自転車(マウンテンバイク)に激突され、道路に頭部を強打した。救急車で搬送され、約2カ月後に死亡したもの。道路を横断する時に左右確認を怠り、また、自転車側は前方確認が不十分であった。","4","運輸交通業","402","道路旅客運送業","40209","その他の道路旅客運送業","1000~9999","3","その他の装置等","36","人力機械工具等","362","人力運搬機","17","交通事故（道路）"
"386","2010","平成","22","5","13~14","被災者は、食料品を輸送するため高速道路を走行中、トンネルの入口付近で3tトラックと乗用車など計8台が絡む追突事故が発生し死亡したもの。","4","運輸交通業","403","道路貨物運送業","40301","一般貨物自動車運送業","10~29","2","物上げ装置、運搬機械","22","動力運搬機","221","トラック","17","交通事故（道路）"
"387","2010","平成","22","5","13~14","建設現場から事業場へ帰るため、ワゴン車で高速道を走行中、渋滞が発生していて、最後尾で停車していたところ、後方から来た3tトラックが追突し、はずみで前の車にも玉突き衝突し、乗っていたワゴン車が炎上して乗車していた2名が死亡した。また、玉突き衝突した車両に乗っていた者が負傷した。","3","建設業","303","その他の建設業","30302","機械器具設置工事業","1~9","2","物上げ装置、運搬機械","22","動力運搬機","221","トラック","17","交通事故（道路）"
"388","2010","平成","22","5","13~14","建設現場から事業場へ帰るため、ワゴン車で高速道を走行中、渋滞が発生していて、最後尾で停車していたところ、後方から来た3tトラックが追突し、はずみで前の車にも玉突き衝突し、乗っていたワゴン車が炎上して乗車していた2名が死亡した。また、玉突き衝突した車両に乗っていた者が負傷した。","3","建設業","303","その他の建設業","30302","機械器具設置工事業","1~9","2","物上げ装置、運搬機械","22","動力運搬機","221","トラック","17","交通事故（道路）"
"389","2010","平成","22","5","17~18","産業廃棄物処理施設内道路清掃のための散水車に施設内調整池において給水作業中、散水車が後退しはじめ、給水作業を行っていた被災者が散水車と擁壁間に挟まれた。なお、当該作業は1人作業であったため、災害発生状況の詳細は不明。作業場所は調整池への取付け道路でスロープ(約8度)になっており、車止めの設置等散水車の逸走防止措置を講じていなかった。","15","清掃・と畜業","1501","清掃・と畜業","150102","産業廃棄物処理業","1~9","2","物上げ装置、運搬機械","22","動力運搬機","229","その他の動力運搬機","7","はさまれ、巻き込まれ"
"390","2010","平成","22","5","2~3","被災者は、葬祭事業部の課長代理として、葬祭関係全般にわたる業務に従事していた。前日の朝に自宅で頭痛と左足のしびれを訴え病院に搬送するも、脳内疾病により死亡したもの。発症前1週間の時間外労働26時間。発症前1か月の時間外労働172時間。発症前2か月から6か月の各月の時間外労働は100時間超。","17","その他の事業","1702","その他の事業","170209","その他の事業－その他","10~29","9","その他","92","起因物なし","921","起因物なし","90","その他"
"391","2010","平成","22","5","9~10","被災者は約45度の傾斜地でチェンソーを使用して杉の伐倒作業に従事し、事業主は伐倒作業箇所の約24m離れた山手側の上方で、林業用つかみ機に取り付けてあったウインチを使って、被災者が伐倒中の木に胴巻きしたワイヤーを巻き上げていた。伐倒後もチェンソーの音が消えなかったため、事業主は不審に思い、伐倒作業箇所に駆けつけたところ、作業箇所から約3m下手の沢に被災者が仰向けに倒れていた。被災者の山手側の上方にあった切り株にワイヤー等が触れる等の原因により落下し、被災者に激突したとみられる。","6","農林業","602","林業","60201","木材伐出業","1~9","7","環境等","71","環境等","711","地山、岩石","4","飛来、落下"
"392","2010","平成","22","5","11~12","消波ブロック製作現場において、被災者がブロック周囲に設置されたわく組足場の最上層(4層目)より、約6.8m下のアスファルト地面に墜落し死亡した。わく組足場には2段手すりが設置されているものの、墜落した場所だけブレスが設置され、そこには下さん、上さんが設けられていなかった。","1","製造業","109","窯業土石製品製造業","10901","セメント・同製品製造業","10~29","4","仮設物、建築物、構築物等","41","仮設物、建築物、構築物等","411","足場","1","墜落、転落"
"393","2010","平成","22","5","16~17","浄水場のろ過池の土手法面に放置していた塩ビ管(直径100ミリメートル、長さ約50m、重量約180キログラム)を移動式クレーンを使用して、法面の下方にあるよう壁上部の平坦な箇所に下ろす作業を4名で行い、被災者が塩ビ管に通してあったスリングを塩ビ管の端から外す作業をしていた際に、塩ビ管全体がよう壁から落下した。この際、よう壁が狭いため近くにいた被災者が足元をすくわれ、塩ビ管とともに高さ2.4mのよう壁上から墜落した。病院に搬送されたが、翌日死亡したもの。","17","その他の事業","1702","その他の事業","170209","その他の事業－その他","10~29","4","仮設物、建築物、構築物等","41","仮設物、建築物、構築物等","418","建築物、構築物","1","墜落、転落"
"394","2010","平成","22","5","10~11","杉材の間伐作業中、別の杉材にかかっていた杉(長さ20m、胸高直径0.28m)を外すため、チェンソーを使用して玉切り中、切断箇所が折れ、反ぱつした杉が被災者の腹部を直撃したもの。約50m離れた場所で作業をしていた同僚が作業音がしなくなったため、被災者の作業場へ行ったところ、被災者が倒れていたもの。防災ヘリで病院に運ばれたが死亡した。","6","農林業","602","林業","60201","木材伐出業","50~99","5","物質、材料","52","材料","522","木材、竹材","6","激突され"
"395","2010","平成","22","5","11~12","製品の仕分け作業中に転倒し、頭部を打って死亡したもの。","1","製造業","101","食料品製造業","10104","パン、菓子製造業","300~499","4","仮設物、建築物、構築物等","41","仮設物、建築物、構築物等","416","作業床、歩み板","2","転倒"
"396","2010","平成","22","5","10~11","事業場構内のコンクリート舗装された下り坂(勾配約15度)の通路において、被災者の運転するフォークリフトが、前進走行で坂を下っていたところ、フォークリフトが操作の誤り(スピードの出し過ぎ、急ブレーキ、急ハンドル等)のため、横転した。被災者は横転したフォークリフトの下敷きになり死亡した。","7","畜産・水産業","701","畜産業","70101","畜産業","10~29","2","物上げ装置、運搬機械","22","動力運搬機","222","フォークリフト","2","転倒"
"397","2010","平成","22","5","5~6","制限速度30キロメートル/hの市道において、90ccのオートバイで郵便配達を終え支店へ戻る途中、見通しの悪い緩やかな下り坂で、対向の乗用車を手前約30m付近で確認しブレーキをかけたが、速度超過により停止出来ずに転倒した。その弾みで相手車両のフロントバンパー右角に頭部を強打した。被災後すぐに病院に運ばれたが、翌日未明に病院にて死亡が確認された。","11","通信業","1101","通信業","110101","通信業","50~99","2","物上げ装置、運搬機械","23","乗物","231","乗用車、バス、バイク","17","交通事故（道路）"
"398","2010","平成","22","5","9~10","パレット積みした発酵前の乳製品を発酵室のラックに移動させる自動ラインにおいて、定期的な保守作業を行っていた被災者が、当該ラインに設置された油圧式テーブルリフター(パンタグラフ式の荷上げ装置)の内部で、下降した荷台にはさまれた状態で発見され、医療機関に搬送されたが死亡した。荷台の下降を防止するためのストッパーは使用されておらず、被災者がテーブルリフターの内部で清掃作業を行っていたとき、何らかの原因によりテーブルリフターの荷台が下降し、はさまれたものとみられる。","1","製造業","101","食料品製造業","10101","肉製品、乳製品製造業","100~299","2","物上げ装置、運搬機械","22","動力運搬機","229","その他の動力運搬機","7","はさまれ、巻き込まれ"
"399","2010","平成","22","5","10~11","被災者は、トラックで国道を進行していた。緩やかな下り坂の右カーブ手前において、何かを避けるようなタイヤ痕が残っていることから、動物か何かが左側から飛び出して来た可能性が有り、それを避けるため急ハンドルを切ったとみられ、トラックが横転しカーブ手前のガードレールを押し倒し、旧道へ転落した。","4","運輸交通業","403","道路貨物運送業","40301","一般貨物自動車運送業","10~29","2","物上げ装置、運搬機械","22","動力運搬機","221","トラック","17","交通事故（道路）"
"400","2010","平成","22","5","11~12","工場内において、ダンボールを積み重ねてそろえる機械(スタッカー)のダンボール排出口にダンボールがひっかかったため、これを取り除こうとして、機械内部に被災者が立ち入ったところ、製品となったダンボールが積み重なっていく昇降テーブルが上昇し、身体を挟まれ、死亡したもの。","1","製造業","106","パルプ・紙・紙加工品製造業","10602","紙加工品製造業","50~99","1","動力機械","16","一般動力機械","169","その他の一般動力機械","7","はさまれ、巻き込まれ"
"401","2010","平成","22","5","16~17","被災者は、荷受先の木材加工工場において、チップサイロからトラックへ木材チップを積み込む作業中、サイロ下部に開口部を設けるため、チップの山を掘り進んでいたところ、チップサイロ内で木材チップに生き埋めになり、窒息死したもの。","4","運輸交通業","403","道路貨物運送業","40301","一般貨物自動車運送業","10~29","5","物質、材料","52","材料","522","木材、竹材","5","崩壊、倒壊"
"402","2010","平成","22","5","13~14","作業終了後、高所作業台(高さ2m)を体育館内から移動し、屋外に停車してある積載型小型移動式クレーンに積込もうとしたが、体育館玄関の軒が邪魔であり、直接クレーンへ積込むことが困難なため、玄関の階段(高さ14センチメートル×4段)を下ろそうと、高所作業台に玉掛けしてクレーンで横引きしながら、3名で運搬していたところ、高所作業台がバランスを崩し、被災者側に倒壊し、はさまれた。直ちに病院に搬送されたものの、死亡した。","3","建設業","303","その他の建設業","30301","電気通信工事業","10~29","6","荷","61","荷","612","機械装置","5","崩壊、倒壊"
"403","2010","平成","22","5","17~18","被災者はプラスチック原料の入ったフレコンバック(重さ750キログラム)をフォークリフトを使って3段(高さ約3m)に積む作業を単独で行っていた。作業の途中で被災者が床面のゴミを掃除してたところ、3段のうち上から2段のフレコンバックが崩れ、被災者が下敷きとなったもの。単独作業のため事故を現認していたものはおらず、被災者は翌朝に下敷きとなって死亡しているところを発見された。","1","製造業","108","化学工業","10805","プラスチック製品製造業","30~49","6","荷","61","荷","611","荷姿の物","5","崩壊、倒壊"
"404","2010","平成","22","5","22~23","被災者は、高速自動車道を大型トラックに乗り走行中、ジャンクション付近での渋滞の最後尾に追突し、トラック5台及び乗用車2台の計7台がからむ多重衝突事故が発生した。一時自車に閉じこめられた被災者は、医療機関へ搬送されたが死亡した。","4","運輸交通業","403","道路貨物運送業","40301","一般貨物自動車運送業","50~99","2","物上げ装置、運搬機械","22","動力運搬機","221","トラック","17","交通事故（道路）"
"405","2010","平成","22","5","11~12","被災者は、鶏ふんを集めに自社の農場の堆肥舎前で、ダンプ(最大積載荷重3.5t)の荷台に乗り、積んだ鶏ふんをスコップで均す作業中、ダンプのアオリ(高さ2.35m)からコンクリート舗装面に墜落し頭部を負傷し、6日後に死亡した。墜落防止措置を講じていなかった。","7","畜産・水産業","701","畜産業","70101","畜産業","30~49","2","物上げ装置、運搬機械","22","動力運搬機","221","トラック","1","墜落、転落"
"406","2010","平成","22","5","16~17","タンクに附随する配管を撤去する作業において、被災者は、隣にある混合槽(4×4m、高さ4.5m)を覆っている木製板の蓋の上を渡り、当該槽の上部で撤去作業を行っている作業員に工具を渡した直後、木製板が割れ、水槽内に墜落したもの。安全帯を使用していなかった。","3","建設業","303","その他の建設業","30309","その他の建設業－その他","10~29","4","仮設物、建築物、構築物等","41","仮設物、建築物、構築物等","418","建築物、構築物","1","墜落、転落"
"407","2010","平成","22","5","17~18","婦人バッグ等の製造卸しを営む事業場の倉庫において、クロスサポーターにより積み上げていた段ボール入りの商品を取ろうとして、被災者がコンテナをよじ登っていたところ、足を滑らせ墜落した。","8","商業","801","卸売業","80109","その他の卸売業","30~49","4","仮設物、建築物、構築物等","41","仮設物、建築物、構築物等","419","その他の仮設物、建築物、構築物等","1","墜落、転落"
"408","2010","平成","22","5","11~12","被災者は、4tトラックにて積荷(キャベツ)を受取り、市場に当該積荷を運送するため国道を走行中、有料道路に入って200mほど反対車線を逆走していたところ、前方から大型トレーラー(33t)が走行して来たため、左車線にハンドルを切ったが、大型トレーラーも衝突を避けようと被災者側車線にハンドルを切ったため正面衝突したもの。","4","運輸交通業","403","道路貨物運送業","40301","一般貨物自動車運送業","1~9","2","物上げ装置、運搬機械","22","動力運搬機","221","トラック","17","交通事故（道路）"
"409","2010","平成","22","5","11~12","道路の保全工事現場において、パイロンによる区画内で、被災者が道路左側(路側帯)で打設した生コンを均していたところ、突っ込んできた自動車にはねられた。病院で入院加療中であったが、半月後に死亡した。","3","建設業","301","土木工事業","30199","その他の土木工事業","1~9","2","物上げ装置、運搬機械","23","乗物","231","乗用車、バス、バイク","17","交通事故（道路）"
"410","2010","平成","22","5","8~9","客先の倉庫において、修理を依頼された漁船の集魚灯用発電機(重量約4t)をトラックに積み込むため、倉庫に設置されていたホイスト式天井クレーン(2ホイスト2フック、つり上げ荷重2.8t)を使用して発電機をつり上げていたところ、一方のホイストのワイヤロープの固定端圧縮止め部が破断し、フックブロックとともに落下した発電機の下敷になった労働者1名が死亡したほか、発電機に接触した労働者1名が負傷した。発電機を2台のホイストで共づりした際、一方のホイストに荷重が偏心し、負荷された荷重が当該ホイストの許容荷重を超えたとみられる。","1","製造業","117","その他の製造業","11702","機械修理業","1~9","2","物上げ装置、運搬機械","21","動力クレーン等","211","クレーン","4","飛来、落下"
"411","2010","平成","22","5","10~11","ポケット式落石防止ネットの設置工事において、法面にアンカーを打つ位置をマーキングする作業中に、滑落した。被災者は、6日後に死亡した。安全帯等を使用していなかった。","3","建設業","301","土木工事業","30106","道路建設工事業","10~29","7","環境等","71","環境等","711","地山、岩石","1","墜落、転落"
"412","2010","平成","22","5","12~13","被災者は、砂利搬送用コンベヤーのスナップローラー交換作業のため、骨材ビンの上部の鉄骨上で作業を行っていたところ、当該骨材ビン内の砂材料上に墜落した。当該骨材ビンは運転中で、骨材ビン下部から砂材料が放出されることによって、しだいに被災者が砂材料に深く埋もれていき、窒息死した。開口部への転落防止対策が講じられていなかった。","1","製造業","109","窯業土石製品製造業","10901","セメント・同製品製造業","10~29","4","仮設物、建築物、構築物等","41","仮設物、建築物、構築物等","418","建築物、構築物","1","墜落、転落"
"413","2010","平成","22","5","13~14","ゴルフ場内において、グリーン付近の立木剪定で被災者が木に立てかけた脚立を使って幹を登り、枝へつたおうとした時、誤ってバランスを崩して立木下にあるカート道に墜落。救急車にて搬送したが、頭部を打ち間もなく死亡。墜落推定高さは5mである。保護帽及び安全帯(2丁掛け)を着用していた。","6","農林業","601","農業","60101","農業","1~9","7","環境等","71","環境等","712","立木等","1","墜落、転落"
"414","2010","平成","22","5","14~15","当該事業場が所有する山林において、間伐作業を1人で行っていたが、夜になっても家に帰ってこないため、現場へ探しに行ったところ、間伐作業をおこなっていた場所付近の斜面を転落して死亡しているのを発見された。伐木・玉切りなどの作業中に足を滑らせて斜面を転落したとみられる。","6","農林業","602","林業","60201","木材伐出業","1~9","7","環境等","71","環境等","711","地山、岩石","1","墜落、転落"
"415","2010","平成","22","5","17~18","製鉄所内において、ガス配管支柱等の塗装作業中に発生。被災者は高炉ガス配管フランジ接合部上部に設置されているデッキの裏側の塗装作業中、配管フランジ部分から漏れた高炉ガスを吸入、高炉ガス配管上に倒れているところを同僚が発見したもの。発見後、病院に搬送したが死亡が確認された。高炉ガス(窒素60%、一酸化炭素30%、二酸化炭素10%)が漏洩していることに気付かなかった。","3","建設業","302","建築工事業","30209","その他の建築工事業","1~9","5","物質、材料","51","危険物、有害物等","514","有害物","12","有害物等との接触"
"416","2010","平成","22","5","5~6","工場内で加圧型ニーダーを用いてプラスチック樹脂とカーボンの混練作業を行っていたところ、加圧蓋の下降レバーと他のレバーを間違って操作すると同時に混練槽を覗き込んだため、混練槽と加圧蓋の間に頭部及び右手指を挟まれたもの。","1","製造業","108","化学工業","10801","無機・有機化学工業製品製造業","50~99","1","動力機械","16","一般動力機械","162","混合機、粉砕機","7","はさまれ、巻き込まれ"
"417","2010","平成","22","5","11~12","民有林の間伐作業現場において、被災者はチェンソーによりトド松(天然林)の伐木作業を行っていた。昼休みが近くなり同僚が被災者の様子を見に行ったところ、うつ伏せの状態で伐倒したトド松(胸高直径約34センチメートル)の下敷きになって死亡している被災者を発見した。","6","農林業","602","林業","60201","木材伐出業","10~29","7","環境等","71","環境等","712","立木等","5","崩壊、倒壊"
"418","2010","平成","22","5","14~15","中型貨物自動車の後部で荷おろし作業中、後退してきたトラクターショベルとの間に挟まれ、死亡した。","3","建設業","302","建築工事業","30209","その他の建築工事業","10~29","1","動力機械","14","建設機械等","141","整地・運搬・積込み用機械","6","激突され"
"419","2010","平成","22","5","14~15","採石場の送鉱施設設置工事(機械設置に係る出張作業)現場において、タワー中間にある地上約6mの踊場でベルトコンベアの付属部品(厚み3.2ミリメートル×1.2m×1.05m、重量約30キログラム)を地上約13mの位置まで踊場に据え付けたウインチを使用して引き上げる作業中、タワーの上部に取り付けていた滑車が外れ、巻上げワイヤーロープが被災者の首に掛かるなどして被災者が踊場の外に投げ出され、宙づりの状態となり死亡した。","1","製造業","113","一般機械器具製造業","11301","機械（精密機械を除く）器具製造業","1~9","2","物上げ装置、運搬機械","21","動力クレーン等","219","その他の動力クレーン等","4","飛来、落下"
"420","2010","平成","22","5","12~13","被災者が1人作業で、7m鋼材を天井クレーンでつり上げて、積み上げられた鋼材の上(高さ129センチメートルまたは173センチメートル)を歩いてペンダントスイッチを操作して移動していたところ、足を踏み外して床に転落し、首の骨を折り死亡した。被災者が昼休みになっても事務所に戻って来ず、不審に思い工場内を見に行った事務員が被災者を発見した。","1","製造業","112","金属製品製造業","11209","その他の金属製品製造業","1~9","5","物質、材料","52","材料","521","金属材料","1","墜落、転落"
"421","2010","平成","22","5","13~14","被災労働者は、貸切観光バスの運転手であるが、1泊2日の主催観光旅行のバス運転業務に従事し、1日目の宿泊場所のホテルに宿泊した。翌朝、出発時間になっても姿が見えなかったため、部屋を確認しに行ったところ、倒れているのを発見された。救急車を呼んだが既に死亡していた。","4","運輸交通業","402","道路旅客運送業","40202","バス業","30~49","9","その他","92","起因物なし","921","起因物なし","90","その他"
"422","2010","平成","22","5","15~16","被災者は、病院3階の外窓を拭くため、3階病室の窓から外に出て、庇(幅79センチメートル)の上に乗ったところ、バランスを崩し、庇の端から約7.6m下の地上へ墜落したもの。墜落防止措置を講じていなかった。","15","清掃・と畜業","1501","清掃・と畜業","150101","ビルメンテナンス業","1~9","4","仮設物、建築物、構築物等","41","仮設物、建築物、構築物等","416","作業床、歩み板","1","墜落、転落"
"423","2010","平成","22","5","2~3","被災者は、中型トラックで自動車専用道路を運行していた。災害発生時、前方で走行していた大型トラックが渋滞のため減速したところへ、被災者の中型トラックが追突し死亡したもの。","4","運輸交通業","403","道路貨物運送業","40301","一般貨物自動車運送業","10~29","2","物上げ装置、運搬機械","22","動力運搬機","221","トラック","17","交通事故（道路）"
"424","2010","平成","22","5","8~9","生コンクリート工場内で、被災者がトロンメル(生コンクリートから水、砂、砂利を分離する機械。縦2.2m、横2.5m、高さ2.5m)に体を挟まれているのを同僚労働者が発見し、被災者は病院に運ばれたものの約2時間半後に死亡した。現認者はいなかったものの、被災者はトロンメルのスクリーン(ふるい部分)に目詰まりした綿状のゴミを除去するために、ゴミを除去するブラシを持ってトロンメルに立ち入ったものと思われる。トロンメルの動力が遮断されておらず、間欠的に動く状態であった。","1","製造業","109","窯業土石製品製造業","10901","セメント・同製品製造業","10~29","1","動力機械","16","一般動力機械","169","その他の一般動力機械","7","はさまれ、巻き込まれ"
"425","2010","平成","22","5","11~12","民間住宅の土蔵の屋根瓦葺替え工事において、隣地で繁茂する銀杏の木(高さ約22m、胸高直径144センチメートル)の枝が屋根にかかっていたため、被災者は、高さ5.6mの木の上でチェンソーを使用して枝を伐採する作業を行っていたところ、安全帯を取り付けていた枝ごと伐採してしまい、枝もろともアスファルト道路上に墜落し、頭部を強打して死亡した。被災者は伐木作業特別教育を修了していなかった。","3","建設業","302","建築工事業","30202","木造家屋建築工事業","30~49","7","環境等","71","環境等","712","立木等","1","墜落、転落"
"426","2010","平成","22","5","2~3","新聞販売店前の道路で2tトラックから新聞を下ろして運転席に戻る際、道路を直進してきた前方不注意のバイクにはねられた。","4","運輸交通業","403","道路貨物運送業","40301","一般貨物自動車運送業","10~29","2","物上げ装置、運搬機械","23","乗物","231","乗用車、バス、バイク","17","交通事故（道路）"
"427","2010","平成","22","5","2~3","被災者の運転する大型トラックが、国道の交差点で信号待ちをしていた運転手Aのダンプトラックに追突し、被災者は腹部からの出血多量で死亡した。さらに、押し出されたダンプトラックが運転手Bの大型トラックに衝突し、運転手AとBは足に打撲を負った。","4","運輸交通業","403","道路貨物運送業","40301","一般貨物自動車運送業","10~29","2","物上げ装置、運搬機械","22","動力運搬機","221","トラック","17","交通事故（道路）"
"428","2010","平成","22","5","8~9","被災者は、港の旅客船桟橋に接岸中の客船に小型ゴムボートを係留する作業を当該客船の船長と2人で行っていた。先に船長がゴムボートに繋いだロープを持って客船に乗り移り、続いて同様にゴムボートのロープを持った被災者が客船に乗り移ろうとしたところ、客船の屋根に前頭部(保護帽を着用せず)を打ちつけ、その弾みで後方に転倒した。被災者は仰向けのまま倒れて岸壁の床面に後頭部を強打し、搬送先の病院で死亡した。","4","運輸交通業","401","鉄道・軌道・水運・航空業","40102","水運業","1~9","2","物上げ装置、運搬機械","23","乗物","239","その他の乗物","2","転倒"
"429","2010","平成","22","5","8~9","船外機付きの船に乗っていた労働者から、「船外機が故障し船が動かなくなった」と台船に乗っていた現場責任者に連絡があり、現場責任者は被災者に台船に繋いでいる小型船で救助に行くよう指示した。被災者は台船と小型船を繋いでいるロープを外し、小型船に乗り救助に向かう途中、繋いでいたロープの片方が湖に垂れていたので、被災者はエンジンをつけたままでロープを引き上げようとした際、バランスを崩し船から転落し溺死した。被災者は、自動膨張式の救命胴衣を着用していたが、救命胴衣に穴が開いていたためガスが抜け、救命胴衣の役目を果たさなかった。","3","建設業","301","土木工事業","30107","河川土木工事業","10~29","2","物上げ装置、運搬機械","23","乗物","239","その他の乗物","10","おぼれ"
"430","2010","平成","22","5","14~15","傾斜10度の杉林において、被災者は、樹高約25m(目測)、胸高直径30センチメートルの杉の木の伐木作業を1人で行っていた。追い口を入れている途中、木が裂けながら倒れ始めたため、チェンソーを置いたまま伐倒方向と逆に退避行動を取ったところ、伐木がつるの先端に乗ったままの状態で、退避方向に滑り落ちてきたため、被災者の後方から、伐木が激突し、死亡した。追い口が斜め下に向かって入っており、結果として追い口の高さが不足していたとみられる。","6","農林業","602","林業","60201","木材伐出業","1~9","7","環境等","71","環境等","712","立木等","6","激突され"
"431","2010","平成","22","5","20~21","パレット搬送機(産業用ロボット。金属ビレットを載せたパレットを移動させる機械)の運転を停止せずにその可動範囲に入り、同機械の支柱と搬送アーム部の間に胸部を挟まれたもの。","1","製造業","111","非鉄金属製造業","11109","その他の非鉄金属製造業","100~299","1","動力機械","16","一般動力機械","167","産業用ロボット","7","はさまれ、巻き込まれ"
"432","2010","平成","22","5","9~10","海岸高潮対策工事現場にて、交通誘導警備に従事していたところ、砂を積んだダンプカーの後進誘導を行った後、ダンプカーの死角に入り込み、ダンプカーの右側後輪に巻き込まれ、即死した。","17","その他の事業","1702","その他の事業","170201","警備業","50~99","2","物上げ装置、運搬機械","22","動力運搬機","221","トラック","7","はさまれ、巻き込まれ"
"433","2010","平成","22","5","11~12","クーリングタワーの扉を開けて、内部の水を検査のために採取する作業(半日作業)を行うのが事故当日の仕事だった。被災者は、クーリングタワーの底部にたまった水20センチメートル(中央の深い個所は57センチメートル)の中に、仰向けに倒れていたところを2日後に発見された。散水ブローホースが外れており、高さ120センチメートルのC型鋼材の上で接続しようとし、頭部がファンに接触して水中に墜落し、溺死したとみられる。","17","その他の事業","1702","その他の事業","170209","その他の事業－その他","50~99","3","その他の装置等","39","その他の装置、設備","391","その他の装置、設備","10","おぼれ"
"434","2010","平成","22","5","15~16","敷地内の高さ約7mの樹木の剪定を1人で行っていた被災者が、樹木そばの地上に倒れ、死亡しているところを翌日発見された。剪定を行っていた樹木には、被災者自身が単管等を使用して組み立てたと思われる昇降設備が取り付けられたままであった。樹木の剪定後、自ら解体中の昇降設備から墜落したとみられる。","1","製造業","111","非鉄金属製造業","11101","非鉄金属精錬・圧延業","1~9","3","その他の装置等","37","用具","371","はしご等","1","墜落、転落"
"435","2010","平成","22","5","15~16","発電用水管ボイラー定期補修工事の空気予熱器内部のエレメント(円盤を12等分した分割エレメント、1個当たりの重量1370キログラム)6個目の抜取り作業において、ローターを回転させていたチェーンブロックの控えワイヤーの固定方法が不適切であったため控えワイヤーが破断しローターが逆回転した。この逆回転により、マンホール部から空気予熱器内部に巻き込まれた作業者が死亡、手動回転ハンドル部で待機していた作業者の足に外れたハンドルが激突した。","3","建設業","303","その他の建設業","30309","その他の建設業－その他","30~49","3","その他の装置等","31","圧力容器","311","ボイラー","7","はさまれ、巻き込まれ"
"436","2010","平成","22","5","16~17","事業場指定のガソリンスタンドにて燃料を充填するため駐車し、運転席より離れたところ、車両(トラック)が前に自走し始めた。被災者が自力で静止させようとしたが、ガソリンスタンドの地形が緩やかな傾斜であったため止めきれず、車両はさらにガソリンスタンド脇を通る7.7mの公道をも横切って隣地の工場の万年塀に激突し、被災者は車両と万年塀との間に挟まれた。搬送先病院にて5日後に死亡した。","15","清掃・と畜業","1501","清掃・と畜業","150109","その他の清掃・と畜業","10~29","2","物上げ装置、運搬機械","22","動力運搬機","221","トラック","6","激突され"
"437","2010","平成","22","5","2~3","被災者の運転する車両の無線から異音が発せられたことに無線センターの運行担当者が気づき、被災者と連絡を取ろうとしたが取れないため、同僚を現場に向かわせたところ、運転席付近から煙が出ている被災者の車両を発見したが、車両内には被災者は見あたらず、無線センターから警察及び消防に通報。警察が周辺捜索により、被災者の車両のトランク内で、首に切り傷を負って死亡している被災者を発見したもの。売上金がなく、料金メーターの精算ボタン押されていたことから、被災者は料金を精算中に乗客から強盗目的により襲われ殺害されたと推測される。","4","運輸交通業","402","道路旅客運送業","40201","ハイヤー・タクシー業","100~299","9","その他","91","その他の起因物","911","その他の起因物","90","その他"
"438","2010","平成","22","5","10~11","放水路トンネル工事現場の作業用トンネルの工事において、坑口より約300m地点の切羽左肩側(高さ約4m)が肌落ちし、崩れた岩石が切羽内で作業していた被災者に当たったもの。被災者は切羽内でロックボルトの位置をマーキングする作業を行おうとしていたと推定される。なお地質は亀裂が細かい泥岩であった。","3","建設業","301","土木工事業","30102","トンネル建設工事業","100~299","7","環境等","71","環境等","711","地山、岩石","5","崩壊、倒壊"
"439","2010","平成","22","5","10~11","大型タイヤ(直径約2.6m、重さ約1.4t)のコンテナ詰め作業中、最大積載2.5tフォークリフトで横吊し運搬してきたタイヤをコンテナに入れるため最大積載13tフォークリフトで縦吊りに掛け替える際、無保持で自立していたタイヤが倒れた。被災者は本社から作業応援で当日から就業していて、13tフォークリフトのフォークに鋼管を掛け渡すため、タイヤ横で待機していたところ、倒れてきたタイヤに挟まれ死亡したもの。","5","貨物取扱業","502","港湾運送業","50202","港湾荷役業","50~99","6","荷","61","荷","611","荷姿の物","5","崩壊、倒壊"
"440","2010","平成","22","5","11~12","マンションの枠組足場の解体作業中、10階~11階に設置された足場上で解体した部材をつり綱を用いて地上に降ろす作業を行っていた労働者が、同足場から地上へ墜落し、死亡したもの。作業の性質上、被災者が墜落した場所付近の足場には手すりも筋交いも設置されていなかったが、安全帯の取付設備は設置されていたものの、被災者が安全帯を使用していなかった。","3","建設業","302","建築工事業","30209","その他の建築工事業","10~29","4","仮設物、建築物、構築物等","41","仮設物、建築物、構築物等","411","足場","1","墜落、転落"
"441","2010","平成","22","5","12~13","照明用電源に内燃機関を有する発電機2台を非常階段の踊り場に設置し、隣接する室内の天井の石膏ボードの撤去作業を行っていた。昼の休憩に入り、被災者が発電機を止めに行ったまま戻ってこなかったため、他の作業員が見に行ったところ、一酸化炭素中毒により倒れている被災者を発見した。階段室には、はめ殺し窓しかなく、室内に入るためのドアがあるが、室内は石綿除去のため養生中であり通風のためドアを開けることができず、換気が不十分だった。","3","建設業","302","建築工事業","30209","その他の建築工事業","10~29","5","物質、材料","51","危険物、有害物等","514","有害物","12","有害物等との接触"
"442","2010","平成","22","5","8~9","工場内の金属製品加工場において容器の部品(鏡板)の開先部分を仕上げる作業を携帯式グラインダを使用して被災者1人で行っていた。作業開始後約20分後に他の作業者が容器の部品付近で首から血を流して倒れている被災者を発見したもの。被災者は携帯式グラインダにより開先部分の研磨を行っていたものと考えられ、被災者が使用していたグラインダの回転している研削といしが、転倒もしくはバランスを崩した際に被災者の首に接触したもの。","1","製造業","112","金属製品製造業","11209","その他の金属製品製造業","10~29","1","動力機械","15","金属加工用機械","153","研削盤、バフ盤","8","切れ、こすれ"
"443","2010","平成","22","5","9~10","火力発電所の定期検工事において、被災者ら3名はボイラー煙道に設けられた脱硝装置内のステー(控え材)の交換作業中、ダンパー点検業者工事業者らが被災者らを退避させずに流量調整用ダンパーの作動試験を行ったため、ダンパーの直下にいた被災者がダンパーとステーの間に頭部を挟まれた。","3","建設業","303","その他の建設業","30309","その他の建設業－その他","1~9","3","その他の装置等","39","その他の装置、設備","391","その他の装置、設備","7","はさまれ、巻き込まれ"
"444","2010","平成","22","5","14~15","被災者は、4t冷蔵車からボトルコーヒー等の商品が入ったカゴ車(重量約330キログラム)2台をパワーゲートに載せて、パワーゲートの先端をホームに降ろし、ホーム上に被災者がカゴ車の前方で荷を引っ張って移動中、カゴ車が前方に倒れ、ホームとカゴ車に挟まれ死亡したもの。","4","運輸交通業","403","道路貨物運送業","40301","一般貨物自動車運送業","30~49","6","荷","61","荷","611","荷姿の物","6","激突され"
"445","2010","平成","22","5","1~2","運転代行の労働者2名は、客宅へ客と自動車を送り届けた後、会社事務所へ戻るため国道を走行していたところ、見通しの悪い場所でハンドル操作を誤り、進行方向左側にあるオーバーハング式の標識の柱に激突し、乗っていた2名が死亡した。","17","その他の事業","1702","その他の事業","170209","その他の事業－その他","1~9","2","物上げ装置、運搬機械","23","乗物","231","乗用車、バス、バイク","17","交通事故（道路）"
"446","2010","平成","22","5","1~2","運転代行の労働者2名は、客宅へ客と自動車を送り届けた後、会社事務所へ戻るため国道を走行していたところ、見通しの悪い場所でハンドル操作を誤り、進行方向左側にあるオーバーハング式の標識の柱に激突し、乗っていた2名が死亡した。","17","その他の事業","1702","その他の事業","170209","その他の事業－その他","1~9","2","物上げ装置、運搬機械","23","乗物","231","乗用車、バス、バイク","17","交通事故（道路）"
"447","2010","平成","22","5","13~14","委託先から10tトラックで回収したケイ素鋼板スクラップを同僚がリフティングマグネットを装着した油圧ショベル(マグネット仕様機)を使い、鉄製の箱に移し替えていた際、被災者がトラックと鉄製の箱の間に何らかの理由で立ち入り、マグネット仕様機の旋回と共に動いたトラックと鉄製の箱の側面との間に頭部を挟まれた。","8","商業","802","小売業","80209","その他の小売業","10~29","2","物上げ装置、運搬機械","21","動力クレーン等","212","移動式クレーン","6","激突され"
"448","2010","平成","22","5","15~16","被災者は単独で建材倉庫内において廃材の分別、廃棄作業中、倉庫内の棚さんに足をかけた際、高さ82センチメートルから墜落し、コンクリート面に頭部を打ちつけ死亡したもの。","8","商業","801","卸売業","80101","各種商品卸売業","10~29","4","仮設物、建築物、構築物等","41","仮設物、建築物、構築物等","418","建築物、構築物","1","墜落、転落"
"449","2010","平成","22","5","9~10","被災者が運転する高所作業車(同人のみ乗車)が道路を走行中、対向車線を走行中のダンプがスリップし反対車線へ飛び出した。高所作業車の前部とダンプの後部とが衝突し、被災者は死亡した。被災者は他の3名と現場に向かう途中で、3台の車に分乗していた。","3","建設業","303","その他の建設業","30301","電気通信工事業","50~99","2","物上げ装置、運搬機械","22","動力運搬機","221","トラック","17","交通事故（道路）"
"450","2010","平成","22","5","17~18","伐採現場において、被災者は、斜面(勾配56度)の中腹に生えてあった杉(胸高直径28センチメートル、長さ18.65m、雑木の枝にかかり木の状態)を伐倒するため、地面から高さ45センチメートルの位置をチェンソーで切ったところ、切った杉の元口が跳ね上がり、雑木の枝から外れ、跳ね上がった杉が被災者に落ちて激突した。","6","農林業","602","林業","60201","木材伐出業","1~9","7","環境等","71","環境等","712","立木等","6","激突され"
"451","2010","平成","22","5","9~10","生コン製造工場で発生する濁水(スラッジ水)をコンクリートと水に分離する機械(脱水機)において、被災者が油圧シリンダで押されたろ布板(濁水を濾過する板)に頭部と右腕を挟まれて死亡しているのを同僚が発見した。","1","製造業","109","窯業土石製品製造業","10901","セメント・同製品製造業","10~29","1","動力機械","16","一般動力機械","169","その他の一般動力機械","7","はさまれ、巻き込まれ"
"452","2010","平成","22","5","10~11","出張先の工場のボイラー室内において、ボイラーの交換作業中、新しく据付ける小型ボイラー(重量1.8t)を据付け場所の手前にさん木を置き、仮置きした。そこから、据付け場所まで移動するための準備で、ボイラーを載せていたさん木をより低い板に換えるため、油圧ジャッキでボイラーの一辺を持ち上げ、被災者がさん木を抜いたところ、バランスが崩れてボイラーが倒れ、被災者がボイラーと床とに挟まれ死亡したもの。","1","製造業","117","その他の製造業","11702","機械修理業","1~9","6","荷","61","荷","612","機械装置","5","崩壊、倒壊"
"453","2010","平成","22","5","11~12","加害者が運転するストラドルキャリヤーが、被災者が乗車し停止していたストラドルキャリヤーに気づかないまま運転したため、激突した。激突の反動で、被災者のストラドルキャリヤーが横転し、運転席が地面と激突したことにより、被災者が全身を強打し、死亡したもの。","5","貨物取扱業","502","港湾運送業","50202","港湾荷役業","10~29","2","物上げ装置、運搬機械","22","動力運搬機","226","ストラドルキャリヤー","6","激突され"
"454","2010","平成","22","5","13~14","金属粉を圧縮成型する機械において、動力により作動する圧縮に用いるロットが動かなくなった。そのため、金属製の棒を継ぎ足しつつ、本件機械を寸動操作し、当該ロットを取り出す修理作業を行っていたところ、継ぎ足していた金属製の棒が飛来し、被災者の胸を強打したものである。","1","製造業","115","輸送用機械等製造業","11502","自動車・同付属品製造業","500~999","1","動力機械","15","金属加工用機械","159","その他の金属加工用機械","4","飛来、落下"
"455","2010","平成","22","5","16~17","工場内に設置されている高さ約7mの塗装ブース天井において清掃作業中、設備間の隙間を埋めるために取り付けられた鉄板を踏み抜き、地上へ落下し死亡した。","1","製造業","114","電気機械器具製造業","11403","電子機器用・通信機器用部品製造業","100~299","3","その他の装置等","39","その他の装置、設備","391","その他の装置、設備","1","墜落、転落"
"456","2010","平成","22","5","16~17","木造家屋解体工事現場において、単管とクランプで飛散防止養生枠を組立て作業中、2層目にいた被災者は、単管を持ったままバランスを崩し、直下のコンクリート土間へ約4m墜落し、頭部を負傷した。その後被災者は10日後に、収容先の病院で死亡した。作業床を設けておらず、安全帯を使用していなかった。","3","建設業","302","建築工事業","30202","木造家屋建築工事業","10~29","4","仮設物、建築物、構築物等","41","仮設物、建築物、構築物等","419","その他の仮設物、建築物、構築物等","1","墜落、転落"
"457","2010","平成","22","5","17~18","漁業協同組合所属のごち網漁船(6.6t、乗組員2名)が予定時刻を過ぎても帰港しなかったため、僚船が沖合を捜索していたところ、港口灯台の沖約4キロメートルの海上で、無人で浮いている漁船を発見した。2日後、漁船を発見した付近の海底で、水死した被災者が発見された。災害発生時の天候は北の風10m/s、波の高さ約1.5mであったため、漁船が動揺し被災者と代表者が海に転落したものと思われる。","7","畜産・水産業","702","水産業","70201","漁業","1~9","7","環境等","71","環境等","713","水","10","おぼれ"
"458","2010","平成","22","5","9~10","D51型の1/2スケール電気機関車(6両編成。乗客の周遊に使用)に乗って始発前作業として軌道上のゲート鋼製扉を開けるため線路内で機関車を停車して降り、扉を開けようとしたところ、機関車が動き出して機関車に背を向けていた被災者が機関車と扉に挟まれ死亡していた。発見時に扉と機関車に挟まれた状態にあり現認者はいない。停車地は傾斜しており、何らかの原因で停車していた機関車が逸走したとみられる。","14","接客娯楽業","1403","その他の接客娯楽業","140302","公園・遊園地","10~29","2","物上げ装置、運搬機械","23","乗物","232","鉄道車両","6","激突され"
"459","2010","平成","22","5","11~12","湖底から砂利を採取し、分別する現場において、採石分別運搬用のベルトコンベアで分別作業を行っていた被災者が、コンベアのローラー部分に巻き込まれ、左上腕、左胸部を挟まれ、死亡したもの。被災者が、何らかの理由によりコンベアの回転部分(カバー無し)に近づいたとみられる。","2","鉱業","202","土石採取業","20202","砂利採取業","1~9","2","物上げ装置、運搬機械","22","動力運搬機","224","コンベア","7","はさまれ、巻き込まれ"
"460","2010","平成","22","5","17~18","被災者は、夕方から事業場の資材置き場において、ホイール式トラクターショベル(機体重量2.6t)を運転し、1人で盛土用通路の均し作業を行っていた。作業中、後進させながら右旋回しようとしたところ、右後輪が盛土に乗り上げたため同トラクターショベルが横転し、運転席から投げ出された被災者が同トラクターショベルの下敷きとなって死亡したもの。","3","建設業","301","土木工事業","30199","その他の土木工事業","10~29","1","動力機械","14","建設機械等","141","整地・運搬・積込み用機械","2","転倒"
"461","2010","平成","22","5","10~11","圧延工場のスレート屋根の葺き替え作業を行っていたところ、墜落防止措置を講じておらず、被災者がスレート屋根を踏み抜いて高さ8.4mから墜落し、搬送先病院にて死亡したもの。","3","建設業","302","建築工事業","30201","鉄骨・鉄筋コンクリート造家屋建築工事業","1~9","4","仮設物、建築物、構築物等","41","仮設物、建築物、構築物等","415","屋根、はり、もや、けた、合掌","1","墜落、転落"
"462","2010","平成","22","5","17~18","被災者が納屋の中2階を掃除するために、ほうきとちり取りを持って移動はしごを昇っている際、バランスを崩し、約3m下のコンクリート土間に墜落した。はしごの転位防止をせず、保護帽を着用していなかった。","3","建設業","302","建築工事業","30209","その他の建築工事業","1~9","3","その他の装置等","37","用具","371","はしご等","1","墜落、転落"
"463","2010","平成","22","5","11~12","被災者は、住宅の2階改装工事において、代表者と室内の電気配線工事を行っていた。工事が終わり休憩をとった後、被災者が高さ2.6mのテラス上に置いてあった工具箱を梯子を昇って取りに行き、工具箱を片手に持ち梯子を降りている時に足を踏み外して、工具箱とともに墜落した。被災者は梯子の最下部に両足がかかった状態で仰向けに倒れていた。","3","建設業","302","建築工事業","30203","建築設備工事業","1~9","3","その他の装置等","37","用具","371","はしご等","1","墜落、転落"
"464","2010","平成","22","5","14~15","被災者が1人で、ドラグ・ショベルを使用して、作業道(幅員約4.5m)の開設のため、掘削及び立木の取り除き作業をしていたところ、路肩が崩れ、ドラグ・ショベルとともに約30m下の既設林道まで転落し、立木の間に身体を挟まれた状態で発見されたもの。","3","建設業","301","土木工事業","30106","道路建設工事業","1~9","1","動力機械","14","建設機械等","142","掘削用機械","1","墜落、転落"
"465","2010","平成","22","6","10~11","県道沿線の除草作業現場において、片側交互通行規制中の道路上で一般通行車両の交通誘導を行っていた被災者は、前方不注視で車線変更をせず走行してきた最大積載量11tトラックに激突され、そのまま前方に停車していた工事用1.5tトラックとの間に挟まれ死亡した。","17","その他の事業","1702","その他の事業","170201","警備業","100~299","2","物上げ装置、運搬機械","22","動力運搬機","221","トラック","17","交通事故（道路）"
"466","2010","平成","22","6","10~11","木造家屋解体工事現場において、高さ約2mの箇所で屋根瓦の解体作業を行っていた被災者が、休憩のため脚立はしご(歪んでいて留め金が壊れていて、固定もせず)を使って地上に降りようとしたところ、脚立はしごが反転し、被災者が地面に墜落したもの。保護帽を着用していなかった。","3","建設業","302","建築工事業","30209","その他の建築工事業","1~9","3","その他の装置等","37","用具","371","はしご等","1","墜落、転落"
"467","2010","平成","22","6","11~12","水槽内部の木材を確認するため、水槽上部に上がり、幅の狭い縁(高さ1.56m)を歩いていた際、水槽の縁から転落し、頭部を床面に打ちつけ死亡した。保護具等を着用していなかった。","1","製造業","104","木材・木製品製造業","10402","合板製造業","1~9","4","仮設物、建築物、構築物等","41","仮設物、建築物、構築物等","419","その他の仮設物、建築物、構築物等","1","墜落、転落"
"468","2010","平成","22","6","13~14","被災者は、見積もり合わせ等の業務のため、被災当日、事業場を朝に出発し、業務を終え帰社の途中、国道の片側1車線の直線道路上において、追い越しのために対向車線にはみ出したところ、対向してきたトレーラーと正面衝突し、死亡したもの。なお、対向のトレーラーの運転手にけがはなかった。","17","その他の事業","1702","その他の事業","170209","その他の事業－その他","10~29","2","物上げ装置、運搬機械","23","乗物","231","乗用車、バス、バイク","17","交通事故（道路）"
"469","2010","平成","22","6","2~3","貯槽トンネルで使用する生コンクリートをバッチャープラントから現場へ持ち込むため、コンクリートミキサー車(10t車)を運転し、斜路となっている作業トンネルを下っていたところ、車両のコントロールを失って左カーブの右側側壁面に衝突、反動で左側に設置してあったあった計測小屋に突っ込み、右を下に横転したもの。","3","建設業","301","土木工事業","30102","トンネル建設工事業","30~49","2","物上げ装置、運搬機械","22","動力運搬機","221","トラック","3","激突"
"470","2010","平成","22","6","10~11","公園設備の工事で、現場に到着し、トラックの荷台からローラーを下ろすため、鋼製の道板を設置し下ろしていたところ、道板上にて体勢を崩し仰向けに転倒。その上をローラーが通過して轢かれた。病院に救急搬送されたものの、死亡した。","3","建設業","301","土木工事業","30199","その他の土木工事業","10~29","1","動力機械","14","建設機械等","144","締固め用機械","7","はさまれ、巻き込まれ"
"471","2010","平成","22","6","17~18","被災者は、10tダンプカーを運転し、事業場に隣接する鉱山で製品の原料となる長石を積み込み、事業場内のプラントに運搬する作業を行っていた。長石を積み込んだ後、鉱山と事業場を結ぶ道路を下っていたところ、鉱山入口から300m程度下った地点でダンプが横転、胸部を強打し、死亡したもの。側溝あるいは道路の段差にタイヤをとられたとみられる。","1","製造業","109","窯業土石製品製造業","10909","その他の土石製品製造業","1~9","2","物上げ装置、運搬機械","22","動力運搬機","221","トラック","2","転倒"
"472","2010","平成","22","6","20~21","給油所敷地内に設置された洗車機において被災者の自家用車を洗車中、洗車機稼働範囲内に立入ったために洗車機と壁との間の10センチメートルの隙間に挟まれ負傷した。全身挫傷等で入院して順調に回復していたが、手術後に容態が急変し、4カ月半後に死亡した。","8","商業","802","小売業","80204","燃料小売業","1~9","1","動力機械","16","一般動力機械","169","その他の一般動力機械","7","はさまれ、巻き込まれ"
"473","2010","平成","22","6","22~23","パレットに積んだ製品(鋼材、重量約2.6t)を天井クレーンで移動する作業において、かかり代が不十分なパレット端部に玉掛け用具をかけてつりあげたため、荷から玉掛け用具(チェーン)が外れ落下して被災者に激突し、その勢いで他のパレット(鋼製)に頭部を強打したもの。","1","製造業","110","鉄鋼業","11009","その他の鉄鋼業","30~49","3","その他の装置等","37","用具","372","玉掛用具","4","飛来、落下"
"474","2010","平成","22","6","16~17","被災者は通常通り朝から就業していたが、夕方近くに作業位置を離れてふらついているところを事業所長が発見し、休憩所で休ませた。その後、被災者の容体が回復したため、駐車場で家族の迎えを待っていたが、被災者の容体が急変して死亡した。熱中症によるとみられる。","15","清掃・と畜業","1501","清掃・と畜業","150103","その他の廃棄物処理業","30~49","7","環境等","71","環境等","715","高温・低温環境","11","高温・低温の物との接触"
"475","2010","平成","22","6","4~5","被災者は、原付バイクで新聞配達中、幅約2.1mの道路から幅約4.4mの道路に一時停止を怠って右折進入したところ、直進してきた軽ワンボックスカーと衝突し死亡したものである。被災者及び第2当事者ともに同じ事業場所属の労働者である。第2当事者は自身の配達エリアへ向かう途中であった。","8","商業","802","小売業","80205","新聞販売業","10~29","2","物上げ装置、運搬機械","23","乗物","231","乗用車、バス、バイク","17","交通事故（道路）"
"476","2010","平成","22","6","13~14","レンタルコンテナ置場において、レンタルコンテナ2段目への家財道具の搬入を行うため、同敷地内にあった移動式階段を利用して搬入作業を行うにあたり、被災者と他の労働者1名で食器棚を挟んで向かい合わせになり、後ろ向きで階段を昇り運び上げた際、移動式階段最上段踊り場(高さ約2.5m)の端より足を踏み外し、被災者が地上に墜落したもの。","17","その他の事業","1702","その他の事業","170209","その他の事業－その他","1~9","4","仮設物、建築物、構築物等","41","仮設物、建築物、構築物等","413","階段、桟橋","1","墜落、転落"
"477","2010","平成","22","6","11~12","被災者はSRC7階建の建物の解体工事現場の5階床部分において、床上に集積したコンクリート廃材をドラグショベルにより階段口に投下する作業を行っていたが、アームを右旋回させた際に履帯右下の廃材が滑動してバランスを崩し、同階段口からドラグショベルとともに約16m下の1階まで転落し死亡した。階段口には鉄骨階段が設置されていたが、ドラグショベルとともに転落した際、階段ごと抜け落ちたもの。","3","建設業","302","建築工事業","30209","その他の建築工事業","1~9","1","動力機械","14","建設機械等","142","掘削用機械","1","墜落、転落"
"478","2010","平成","22","6","8~9","熱間鍛造プレスのハードプレート(ダイホルダーとダイケースの間に差し挟み緩衝材とする鋼鉄製のプレート。重量約160キログラム)を交換する作業中、ハードプレートを止めている6箇所のボルトのうち四隅の4箇所を取り外したあと、中央にある2箇所を取り外そうと、被災者がプレス内に仰向けに身体を入れてボルトを緩めようとしたところ、ハードプレートが落下し、被災者に激突したもの。なお、中央のボルトはいずれも破断していた。中央のボルトの1箇所は既に破断していて、被災者が外そうとしたもう一方のボルトが重量によって破断したとみられる。","1","製造業","115","輸送用機械等製造業","11502","自動車・同付属品製造業","300~499","1","動力機械","15","金属加工用機械","155","鍛圧ハンマ","4","飛来、落下"
"479","2010","平成","22","6","11~12","被災者は、再委託事業者の労働者2名とともに、朝から高架橋の橋桁の点検作業を行っていた。昼になり、昼食のため現場を引き上げようと橋脚に設置された検査路に立ち入ったところ、同検査路の鋼製金網状床が錆びのため腐食しており、床を踏み抜き、およそ19m下のコンクリート製の橋脚台に墜落したものである。","17","その他の事業","1702","その他の事業","170209","その他の事業－その他","100~299","4","仮設物、建築物、構築物等","41","仮設物、建築物、構築物等","417","通路","1","墜落、転落"
"480","2010","平成","22","6","13~14","S造2階建ての建築物の解体工事現場において、解体粉砕した瓦礫の選別作業を行っていた被災者が、後退してきたドラグ・ショベルのキャタピラに下半身を轢かれ、搬送先の医療機関で死亡したもの。ドラグ・ショベルの運転手が後方の被災者に気付かなかったもの。","3","建設業","303","その他の建設業","30309","その他の建設業－その他","10~29","1","動力機械","14","建設機械等","141","整地・運搬・積込み用機械","7","はさまれ、巻き込まれ"
"481","2010","平成","22","6","4~5","被災者は新聞配達のため、バイク(原動機付自転車)を運転して市道(舗装道路、直線で緩やかな下り)を走行中、スピードの出し過ぎ等によりバイクの運転操作を誤り、道路に沿った深さ2.8mの川へ墜落し、川の水で溺死した。道路は小雨により多少濡れている程度であった。","8","商業","802","小売業","80205","新聞販売業","10~29","2","物上げ装置、運搬機械","23","乗物","231","乗用車、バス、バイク","17","交通事故（道路）"
"482","2010","平成","22","6","10~11","被災者は、12tトラックの荷台に台付けワイヤーロープで固定され、運搬されてきた重さ2tのコンクリート製のプレハブ建築資材の架台4基のうち2基のロープ外しの作業に従事していた。その際、架台の1基の支脚の接地部の一部が欠損しており、安定性が低下していたため、架台が被災者の方に倒れてきた。被災者は、荷台から地面に飛び降りたが、架台も荷台から地面まで倒れ、下敷きとなったもの。","4","運輸交通業","403","道路貨物運送業","40301","一般貨物自動車運送業","30~49","6","荷","61","荷","611","荷姿の物","5","崩壊、倒壊"
"483","2010","平成","22","6","7~8","事務所において、前日からの勤務を退社することなく継続していた労働者が、翌朝に同事務所の5階喫煙室で同僚労働者と喫煙していたが、その20分後、地上で倒れているのを発見された。喫煙室窓から転落したと推定される。","1","製造業","111","非鉄金属製造業","11109","その他の非鉄金属製造業","1000~9999","4","仮設物、建築物、構築物等","41","仮設物、建築物、構築物等","418","建築物、構築物","1","墜落、転落"
"484","2010","平成","22","6","9~10","インパクト式自動造型ラインにて鋳物製品を製造中、自動製造ラインに設置しているトランスファーカー付近で異常が発生したため、被災者が機械の運転を停止し、不具合箇所の点検を実施していた。点検作業はラインの下側で同僚1名と潜るような形で作業していたところ、他の作業者が確認や合図を行わないまま機械を作動させたため、動き出したトランスファーカーに頭部付近を挟まれた。なお、被災者と一緒に作業していた同僚は隙間に退避して無事だった。","1","製造業","110","鉄鋼業","11002","鋳物業","50~99","3","その他の装置等","39","その他の装置、設備","391","その他の装置、設備","7","はさまれ、巻き込まれ"
"485","2010","平成","22","6","9~10","木造2階建家屋の2階ベランダの高さ105センチメートルの既設の柵内において既存の防水シートをはがす作業を行っていた際に、何らかの理由で既設の柵の外から337センチメートル下の地上に墜落し、死亡したもの。安全帯を着用する等、墜落防止措置を講じていなかった。","3","建設業","302","建築工事業","30209","その他の建築工事業","1~9","4","仮設物、建築物、構築物等","41","仮設物、建築物、構築物等","418","建築物、構築物","1","墜落、転落"
"486","2010","平成","22","6","10~11","作業道開設工事において、ドラグショベルを用いて被災者の運転するダンプトラック(車両総重量4t)に土砂を積込む作業を行っていた際に、被災者が運転席を離れ、ダンプトラック後方に移動したところ、サイドブレーキを十分に引いていなかったために後退してきた無人のダンプトラックとドラグショベルの間に胸部を挟まれた。なお、現場には6度の勾配があった。","3","建設業","301","土木工事業","30199","その他の土木工事業","50~99","2","物上げ装置、運搬機械","22","動力運搬機","221","トラック","6","激突され"
"487","2010","平成","22","6","14~15","鉄骨・コンクリート造の工場解体工事現場において、地上から高さ約5mの鉄骨の梁を溶断するために、解体用建設機械のアタッチメント(鉄骨カッター)の上に労働者が乗って(用途外使用)溶断を行っていた際、家屋上部から落下物(コンクリート片)が溶接中の労働者に当たったため、バランスを崩して約3m下の地面に頭から墜落した。作業計画とは異なる解体方法であった。","3","建設業","302","建築工事業","30201","鉄骨・鉄筋コンクリート造家屋建築工事業","30~49","4","仮設物、建築物、構築物等","41","仮設物、建築物、構築物等","418","建築物、構築物","4","飛来、落下"
"488","2010","平成","22","6","23~24","タクシーのガススタンドにおいて、トイレに行くため車両(AT車)から降りたところ車両が動きだし、停止させようと運転席に乗り込んだ際、誤ってアクセルペダルを踏んだため、車両が加速した反動で振り落とされ、コンクリート地面で頭部を打った。災害の翌日、死亡した。","4","運輸交通業","402","道路旅客運送業","40201","ハイヤー・タクシー業","100~299","2","物上げ装置、運搬機械","23","乗物","231","乗用車、バス、バイク","1","墜落、転落"
"489","2010","平成","22","6","13~14","被災者が、下請作業員1名とともに、船体ブロック(幅約2m、長さ約10m、7t)をジブクレーン(40t吊り)にて吊り上げ、反転作業を行っていたところ、吊り上げていた同船体ブロックの仮止め溶接した吊りピースが破断し、同船体ブロックが落下、落下地点に置いてあった鉄板鋼材(補強材)が跳ね飛ばされ被災者を直撃したもの。船体ブロックは、片方を溶接で2か所ピースを取り付け、もう一方をクランプで2か所保持して吊り上げていた。仮止め溶接が不十分であったとみられる。","1","製造業","115","輸送用機械等製造業","11501","造船業","10~29","4","仮設物、建築物、構築物等","41","仮設物、建築物、構築物等","418","建築物、構築物","4","飛来、落下"
"490","2010","平成","22","6","14~15","被災者の同僚が、解体したセットバック部の外部足場解体材を外部足場(枠組足場)10段目より荷下ろしをしていた。エンドストッパーを下ろしている時、直下箇所にある一部取り外した状態の垂直ネットに当該材料が引っかかった。その状況を屋上で材料の小運搬作業をしていた被災者が手伝おうとして、荷下ろし箇所(外部足場10段目)に上がって来た。その際に何らかの理由で身体のバランスを崩し、荷下ろし箇所より墜落した。","3","建設業","302","建築工事業","30209","その他の建築工事業","1~9","4","仮設物、建築物、構築物等","41","仮設物、建築物、構築物等","411","足場","1","墜落、転落"
"491","2010","平成","22","6","14~15","個人所有の山林において、間伐作業を行うため、風倒木(杉)の根株をチェンソーで切り離す作業を行っていたところ、切断していた風倒木の根の一部が根枯れしており、根株の約2/3が地表に露呈状態であったため、根株が自重(約0.8t)を支えきれず転動し、被災者を直撃、被災者は根株の下敷きとなり、死亡したもの。","6","農林業","602","林業","60209","その他の林業","10~29","7","環境等","71","環境等","712","立木等","6","激突され"
"492","2010","平成","22","6","14~15","被災者は伐倒木の搬出土場で杉の玉切り作業(末口直径30~45センチメートル)を行っていた。玉切り作業の合間に休憩しようと搬出土場に積んであった玉切材に腰掛けた際、玉切り材が動揺したので立ち上がろうとしたところ、1.7m下の河床に転落した。転落した被災者に腰掛けた玉切り材が落ちてきて、被災者の頭部に激突した。","6","農林業","602","林業","60201","木材伐出業","1~9","7","環境等","71","環境等","712","立木等","1","墜落、転落"
"493","2010","平成","22","6","15~16","被災者が、事業場構内においてフォークリフトを運転中、双方の前方不注意により、交差点で左側から来た8tトラックと衝突し、フォークリフトから投げ出され、転倒したフォークリフトのヘッドガードと地面の間にはさまれ、死亡した。","5","貨物取扱業","501","陸上貨物取扱業","50101","陸上貨物取扱業","1~9","2","物上げ装置、運搬機械","22","動力運搬機","221","トラック","6","激突され"
"494","2010","平成","22","6","8~9","8階建てビルの外面窓清掃作業のため、被災者は屋上にブランコをセットした後、6階の窓ガラスを清掃している時、建物の角にステンレス製の雨どいがあり、この雨どいへの巻き養生を付け忘れたことによってブランコのロープ2本が切断し、地上へ墜落して死亡したもの。","15","清掃・と畜業","1501","清掃・と畜業","150101","ビルメンテナンス業","1~9","3","その他の装置等","37","用具","379","その他の用具","1","墜落、転落"
"495","2010","平成","22","6","12~13","昼休み休憩時間中、被災者の叫び声に現場内で休憩していた労働者が、コンクリートガラ破砕機(長さ約1m、直径20センチメートルのローラーとローラーの間)に右足の股まではさまれている被災者を発見した。レスキュー隊により救出されたが搬送先の病院で死亡が確認されたもの。昼休み前に当該機械は運転を停止させていたので、機械の運転再開や被災者の行動は目撃者がおらず不明である。","3","建設業","302","建築工事業","30209","その他の建築工事業","10~29","1","動力機械","16","一般動力機械","162","混合機、粉砕機","7","はさまれ、巻き込まれ"
"496","2010","平成","22","6","15~16","取引先である牧場の飼料倉庫において、わらの塊(圧縮されたわら、重量450キログラム)を積み下ろし作業中、同僚が客先所有のフォークリフトで倉庫奥に4段積み上げたのち、続けて手前に積み上げるため、被災者がパレットを敷いていたところ、奥に積み上げられた3、4段目のわらの塊が落下し、被災者に激突した。被災者は、病院へ搬送されたが、5時間半後に死亡が確認された。","8","商業","802","小売業","80209","その他の小売業","100~299","6","荷","61","荷","611","荷姿の物","5","崩壊、倒壊"
"497","2010","平成","22","6","15~16","被災者は工場敷地の草刈り作業中、工場内の労働者から簡易リフト修理の依頼を受けたため、作業を中断し、簡易リフトの修理を行うこととした。被災者は高さ1.65mの箇所にある点検口に、同僚に脚立を支えてもらい、上半身を入れ、点検口内の左側にある制御ボックスの点検作業を行った。間もなくして、被災者が「危ない」と言った後、制御ボックスの充電部分に触れてしまい感電した。救急車で病院に搬送されたが、約10日後に死亡した。","1","製造業","101","食料品製造業","10109","その他の食料品製造業","300~499","2","物上げ装置、運搬機械","21","動力クレーン等","214","エレベータ、リフト","13","感電"
"498","2010","平成","22","6","20~21","寿司店の駐車場への車両誘導中、誘導した車両の後続車両(前方不注意)にはねられたもの。","17","その他の事業","1702","その他の事業","170201","警備業","10~29","2","物上げ装置、運搬機械","23","乗物","231","乗用車、バス、バイク","17","交通事故（道路）"
"499","2010","平成","22","6","11~12","被災者が運転する50ccバイクが右折しようと交差点内に進入したところ、横断歩道の道路標示部分、または、マンホールなど滑りやすい部分に車輪を乗り上げて転倒し、直進してきた対向車(軽自動車)と衝突した。事故後、病院へ搬送されたが、頭部の負傷により死亡した。","9","金融・広告業","901","金融業","90101","銀行・信託業","10~29","2","物上げ装置、運搬機械","23","乗物","231","乗用車、バス、バイク","17","交通事故（道路）"
"500","2010","平成","22","6","14~15","配布したチラシを回収するため、自動2輪車にて近隣の学校やスーパーマーケット等を訪問移動中、スピード超過によりカーブを曲がりきれずに自動2輪車が転倒し、身体のみ対向車線にはみ出し、対向してきた普通乗用車に激突した。","7","畜産・水産業","701","畜産業","70101","畜産業","30~49","2","物上げ装置、運搬機械","23","乗物","231","乗用車、バス、バイク","17","交通事故（道路）"
"501","2010","平成","22","6","16~17","鋼製の丸棒(主に建材用)の製造工程における圧延ロール機の調整作業を行った後、当該ロール機の試運転を行ったところ、被災者が回転軸部分に巻き込まれたもの。","1","製造業","110","鉄鋼業","11001","製鉄・製鋼・圧延業","30~49","1","動力機械","16","一般動力機械","163","ロール機（印刷ロール機を除く。）","7","はさまれ、巻き込まれ"
"502","2010","平成","22","6","15~16","セメント会社において、積み込んだ石灰石を計量後、再度積込み場に戻ってきた被災者は、トラック(最大積載量9.1t)から降車し、トラクター・ショベルの方に向かって歩き始めたとき、停止場所が緩やかな下り勾配となっていたためトラックが動き始め、止めようとして前面を押したが止まらず、約5m逸走し、トラクター・ショベルのタイヤ(直径1.7m)との間に挟まれた。トラックのエンジンは停止、サイドブレーキは掛けられてなく、車輪止めを使用する等の逸走防止もされていなかった。","4","運輸交通業","403","道路貨物運送業","40301","一般貨物自動車運送業","100~299","2","物上げ装置、運搬機械","22","動力運搬機","221","トラック","6","激突され"
"503","2010","平成","22","6","16~17","コンテナボックスを積んだトラックが地下道(制限高3m)を通過する際、荷台部分(高さ3.5m)が地下道天井部分に衝突した弾みで荷台の扉が対向車線にはみ出して開き、反対方向から走行してきた被災者が運転する車のフロント部分を突き破って被災者の顔面を直撃した。被災者は顧客宅へ向かう途中であった。","3","建設業","302","建築工事業","30201","鉄骨・鉄筋コンクリート造家屋建築工事業","30~49","2","物上げ装置、運搬機械","23","乗物","231","乗用車、バス、バイク","17","交通事故（道路）"
"504","2010","平成","22","6","9~10","工場内の定期修理工事において、塩化ビニルモノマー製造装置の一部である塩酸放散塔及びリボイラー(ともに第1種圧力容器)の立ち上げ作業を行うに当たり、リボイラーのホットボルティング作業中(温度上昇に伴う増し締め)、リボイラーの遊動管板が破断し、塩酸が噴出し、作業員8名が塩酸を浴び、うち2名が死亡したもの。なお、当該リボイラーは本工事において新品に更新したものである。","3","建設業","303","その他の建設業","30309","その他の建設業－その他","50~99","3","その他の装置等","31","圧力容器","312","圧力容器","12","有害物等との接触"
"505","2010","平成","22","6","9~10","工場内の定期修理工事において、塩化ビニルモノマー製造装置の一部である塩酸放散塔及びリボイラー(ともに第1種圧力容器)の立ち上げ作業を行うに当たり、リボイラーのホットボルティング作業中(温度上昇に伴う増し締め)、リボイラーの遊動管板が破断し、塩酸が噴出し、作業員8名が塩酸を浴び、うち2名が死亡したもの。なお、当該リボイラーは本工事において新品に更新したものである。","3","建設業","303","その他の建設業","30309","その他の建設業－その他","50~99","3","その他の装置等","31","圧力容器","312","圧力容器","12","有害物等との接触"
"506","2010","平成","22","6","8~9","体育館において、被災者は天井裏の雨漏りの点検等を行うため、作業通路下にある鉄骨梁(幅約4センチメートル)をつたって、天井ボードに置いてあった水の入ったバケツを取ろうとしたところ、梁上でバランスを崩し足を滑らせて、鉄骨梁下の天井ボードを突き破り、約13m下まで墜落したものである。被災者はヘルメット、安全帯を着用していなかった。","17","その他の事業","1702","その他の事業","170201","警備業","30~49","4","仮設物、建築物、構築物等","41","仮設物、建築物、構築物等","415","屋根、はり、もや、けた、合掌","1","墜落、転落"
"507","2010","平成","22","6","11~12","事業場敷地内に停めていた不整地運搬車(ハンドガイド式)を狭あいな場所で移動させるため、操作盤のある車体の後ろ側に被災者が立ち、当該車両を後進させたところ、後方に駐車していたダンプトラック(最大積載量4t)の荷台との間で体を挟まれた。","8","商業","804","その他の商業","80409","その他の商業－その他","1~9","2","物上げ装置、運搬機械","22","動力運搬機","227","不整地運搬車","7","はさまれ、巻き込まれ"
"508","2010","平成","22","6","16~17","事業場建屋内(屋根はあるが障壁はない場所)で被災者はコンクリート型枠の組立や掃除の作業をしていた。作業が一段落し、休憩所で5分程度の休憩ののち、作業場に戻らず門の外に向かって歩いていき、突然道路上で倒れたもの。被災者は病院に搬送されたが翌日熱中症により死亡した。","1","製造業","109","窯業土石製品製造業","10901","セメント・同製品製造業","10~29","7","環境等","71","環境等","715","高温・低温環境","11","高温・低温の物との接触"
"509","2010","平成","22","6","9~10","砂防工事現場において、前日の降雨で河川が増水し、仮橋の護岸が侵食されたことから、被災者と作業員の2人で移動式クレーンを使い、コンクリートブロックを用いて護岸を補強する作業を行っていた。被災者がつり荷を誘導しようと、護岸の斜面を降りて移動した際、乗っていた石(最大直径約85センチメートル、重量約300キログラム)が増水により不安定になっていたため、被災者が石とともに滑落して、約1.8m下の川岸に転落し、胸を打ち死亡したもの。","3","建設業","301","土木工事業","30199","その他の土木工事業","30~49","7","環境等","71","環境等","711","地山、岩石","1","墜落、転落"
"510","2010","平成","22","6","10~11","シートパイル(長さ12m)3枚が荷山から崩れ、被災者に激突したため、被災者はシートパイルとともに約2.5m下に転落した。玉外し後にクレーンを走行させた際、フックに掛けていたスリングが引っ掛かったか、あるいは、シートパイルが不安定な状態で置かれていたとみられる。","1","製造業","112","金属製品製造業","11209","その他の金属製品製造業","1~9","6","荷","61","荷","611","荷姿の物","5","崩壊、倒壊"
"511","2010","平成","22","6","22~23","被災者(店長)は、バイクで配達に行く途中、信号なしのT字路でウインカーを出して、右折するために停車していたところ、後方から自動車の前方不注意により追突され、反対車線に飛び出した。そのとき、反対車線を走行していた自動車に接触し、転倒したもの。被災者は、首の骨折と内臓の負傷により、翌日に死亡したもの。","14","接客娯楽業","1402","飲食店","140201","一般飲食店","30~49","2","物上げ装置、運搬機械","23","乗物","231","乗用車、バス、バイク","17","交通事故（道路）"
"512","2010","平成","22","6","9~10","民有林の皆伐作業現場において、事業者を含めて4人で作業を開始した。被災者はチェンソーを使用した伐木作業を行っていたが、休憩時間になっても戻らないことから、他の3名で作業場所に見に行ったところ、頭部が伐倒木(カラマツ直径32センチメートル、樹高35m)の下敷きとなり、既に意識のない被災者を発見したもの。伐倒木に弦が絡んでいたことから、伐倒方向が変わって他の立木に接触した後、被災者に激突したものとみられる。","6","農林業","602","林業","60201","木材伐出業","1~9","7","環境等","71","環境等","712","立木等","6","激突され"
"513","2010","平成","22","6","9~10","定期修理のため運転を停止していたプラントの脱硫装置の運転再開のための準備作業(配管の仕切板を抜き取る作業)を協力会社の作業員ら7名とともに行っていたが、作業箇所付近の高さ約11mの配管架台付近(推定)からアスファルト敷きの地面に墜落し、外傷性ショックにより死亡した。上記配管架台には手摺が設置されており、また、墜落直前の被災者の行動を目撃した者はおらず、墜落原因は調査中。","1","製造業","108","化学工業","10804","石油製品・石炭製品製造業","500~999","4","仮設物、建築物、構築物等","41","仮設物、建築物、構築物等","416","作業床、歩み板","1","墜落、転落"
"514","2010","平成","22","6","9~10","ガソリンスタンドでタンクローリーに積載の油を荷卸しするため、タンクローリー上の底弁をあけ、後方のローリーはしごから降りていたところ、足を滑らせ地面に落ち、頭を強打して死亡した。","4","運輸交通業","403","道路貨物運送業","40301","一般貨物自動車運送業","30~49","2","物上げ装置、運搬機械","22","動力運搬機","221","トラック","1","墜落、転落"
"515","2010","平成","22","6","14~15","被災者を含む7名で水田のあぜ道の草刈り等の作業を各自離れた位置で行っていたところ、近くを通りかかった高校生が水田の中に倒れている被災者を発見し、救急車で病院に搬送したが、約1週間後、肺炎により死亡した。","6","農林業","601","農業","60101","農業","10~29","7","環境等","71","環境等","719","その他の環境等","90","その他"
"516","2010","平成","22","6","11~12","集水井の壁面の洗浄をエンジン式の高圧洗浄機で行っていたところ、被災者が一酸化炭素中毒により集水井内部に倒れこんだ。被災者を救出するために2名が集水井内部に入ったところ、この2名も被災した。洗浄作業を行っていた労働者1名と、倒れた被災者を救出しようとした労働者のうち1名の計2名が死亡した。","3","建設業","301","土木工事業","30199","その他の土木工事業","10~29","5","物質、材料","51","危険物、有害物等","514","有害物","12","有害物等との接触"
"517","2010","平成","22","6","11~12","集水井の壁面の洗浄をエンジン式の高圧洗浄機で行っていたところ、被災者が一酸化炭素中毒により集水井内部に倒れこんだ。被災者を救出するために2名が集水井内部に入ったところ、この2名も被災した。洗浄作業を行っていた労働者1名と、倒れた被災者を救出しようとした労働者のうち1名の計2名が死亡した。","3","建設業","301","土木工事業","30199","その他の土木工事業","1~9","5","物質、材料","51","危険物、有害物等","514","有害物","12","有害物等との接触"
"518","2010","平成","22","6","7~8","被災者はトラックを運転して事業場を出発した。荷下ろし先である物流センター近くの道路上で停車していたトラックの車内において、意識を失っている被災者が発見され、病院へ救急搬送されたが、過重労働による心臓疾患によって死亡した。発症前1か月間の時間外労働時間数は約158時間。","4","運輸交通業","403","道路貨物運送業","40301","一般貨物自動車運送業","30~49","9","その他","92","起因物なし","921","起因物なし","90","その他"
"519","2010","平成","22","6","11~12","午前の作業を終え、同僚が車両(高所作業車)を運転し道路脇に駐車した。被災者はその前方で昼休憩のためビニールシートを敷く等の準備をしていた。同僚は駐車ブレーキをかけ、車止めをするために車両を降りたところ、駐車ブレーキが不十分だったため車両が勾配(約5度)に沿って走り出した。このため、被災者は車両にひかれ、車両と道路の路肩の法面にはさまれ死亡した。","3","建設業","303","その他の建設業","30301","電気通信工事業","1~9","1","動力機械","14","建設機械等","146","高所作業車","7","はさまれ、巻き込まれ"
"520","2010","平成","22","6","14~15","製品倉庫2階の梁の塗装工事において、仮設足場上で鉄骨梁のケレン作業(塗装の下処理)をしていたときに天井クレーンのトロリー線(200ボルト)で感電したもの。トロリー線には絶縁チューブが取り付けられていたが、取り付けが不十分であった。","3","建設業","302","建築工事業","30209","その他の建築工事業","1~9","3","その他の装置等","35","電気設備","351","送配電線等","13","感電"
"521","2010","平成","22","6","16~17","被災者は、木造2階建ての倉庫解体工事において、2階床を解体することから床部分の根太材をチェンソーを使用して切り込み作業をしていた。2階部分の床が残っている箇所で小休憩後、再度被災者が作業を行っていた場所での作業再開時に、切り込みを入れていた床部分の根太材に足をかけたところ(推定)、当該床部分の根太材が折れ、3.9m高さから墜落し死亡した。防網等の墜落防止措置を講じていなかった。","3","建設業","302","建築工事業","30209","その他の建築工事業","10~29","4","仮設物、建築物、構築物等","41","仮設物、建築物、構築物等","418","建築物、構築物","1","墜落、転落"
"522","2010","平成","22","6","7~8","病院内の物療室(電気治療などの物理療法を行う部屋)において、高さ205センチメートルの戸棚内にあるガーゼの入った段ボール箱を取るために高さ80センチメートル、奥行40センチメートルの棚の上に乗っていた被災者が付近で清掃作業を行っていた作業員に当該段ボール箱を渡そうとしたところ、転落したもの。","15","清掃・と畜業","1501","清掃・と畜業","150109","その他の清掃・と畜業","10~29","3","その他の装置等","37","用具","379","その他の用具","1","墜落、転落"
"523","2010","平成","22","6","7~8","被災者は、工場の門から侵入し、工場構内を暴走した車両にはねられ、死亡したものである。","1","製造業","115","輸送用機械等製造業","11502","自動車・同付属品製造業","10000~","9","その他","92","起因物なし","921","起因物なし","90","その他"
"524","2010","平成","22","6","8~9","建設工事現場において、敷鉄板20枚を敷設予定地に運搬するため20tトレーラーを運転して到着した。立ち入りを規制するために張られたトラロープを外すため、下り傾斜の工事用道路に停車して下車したところ、駐車ブレーキが甘くトレーラーが動き出した。被災者は車を止めようとして運転席ドア付近にしがみついたが振り落とされ、そこにトレーラーに積んであった敷鉄板が落下して下敷きとなった。車止めなどの逸走防止をしていなかった。","4","運輸交通業","403","道路貨物運送業","40301","一般貨物自動車運送業","10~29","2","物上げ装置、運搬機械","22","動力運搬機","221","トラック","4","飛来、落下"
"525","2010","平成","22","6","12~13","自社倉庫で技能訓練終了後、ワゴン車に4名が乗車し帰社する途中、片側2車線の緩やかな右カーブの走行車線を走行中、前方の軽自動車を追越すため追越車線に車線変更したとき、大雨の影響でスリップして中央分離帯の縁石とガードレールに接触。軽自動車の前を横切る形で路肩側のガードレールに車両右前方部より激突。さらに右側面をリヤが浮き上がる形で上部のフェンスと激突し、反動で中央分離帯側トンネル入口付近に横転し停車。この事故で1名が死亡した。","3","建設業","302","建築工事業","30209","その他の建築工事業","10~29","2","物上げ装置、運搬機械","23","乗物","231","乗用車、バス、バイク","17","交通事故（道路）"
"526","2010","平成","22","6","9~10","建物内の地下2階にあるゴミ置場にゴミを捨て、地下1階のフロアーに戻るため、地下2階から地下1階へ上がる屋内階段(幅138センチメートル、蹴上げ19センチメートル、勾配38度)を昇っていた時、よく見ておらず階段の踏面(28センチメートル)を踏外して踊場へ仰向けの状態で転落した。その後、病院に搬送され、治療を施されたが、2日後に頭部の負傷等により死亡したもの。","15","清掃・と畜業","1501","清掃・と畜業","150101","ビルメンテナンス業","500~999","4","仮設物、建築物、構築物等","41","仮設物、建築物、構築物等","413","階段、桟橋","1","墜落、転落"
"527","2010","平成","22","6","10~11","電力線送電鉄塔において、送電線(154kV)の支障となっている竹林伐採作業において、「うっ!」という声が聞こえたので同僚の作業員が振り向くと、被災者が気を失って倒れていた。病院へ救急搬送されたが災害当日に死亡が確認された。手指に感電痕らしいものがあり、感電したとみられる。","3","建設業","303","その他の建設業","30309","その他の建設業－その他","10~29","7","環境等","71","環境等","712","立木等","13","感電"
"528","2010","平成","22","6","12~13","工場において、港より搬入した木材(厚さ28ミリメートル、幅128ミリメートル、長さ6mの板を縦1.01m、横1.08m、長さ6mにまとめ緊結し、2段に重ねたもの)をフォークリフトにて降ろしていた最中に、下の荷の緊結が全て切れて崩れため、上の荷が被災者の上に落ち、左胸部を強打し、病院に搬送されたが死亡したもの。","4","運輸交通業","403","道路貨物運送業","40301","一般貨物自動車運送業","10~29","6","荷","61","荷","611","荷姿の物","5","崩壊、倒壊"
"529","2010","平成","22","6","13~14","被災者は、木造2階建ての解体工事現場でドラグショベルを運転し、解体作業を行っていた。当該ドラグショベルの運転席右側(ブーム側)の窓ガラスが破損しており、被災者が運転席右側面の窓枠からブーム側に身を乗り出したところ、降下してきたブームと運転席に胸部を挟まれ死亡した。","3","建設業","302","建築工事業","30209","その他の建築工事業","1~9","1","動力機械","14","建設機械等","142","掘削用機械","7","はさまれ、巻き込まれ"
"530","2010","平成","22","6","15~16","男性作業員が、解体中の建築物の幅の狭い鉄骨の梁の上に乗って作業を行っていたところ、約5.2m下のコンクリートに墜落したもの。足場等の作業床を設けていなかった。","3","建設業","302","建築工事業","30209","その他の建築工事業","1~9","4","仮設物、建築物、構築物等","41","仮設物、建築物、構築物等","415","屋根、はり、もや、けた、合掌","1","墜落、転落"
"531","2010","平成","22","6","9~10","新造タンカーのブロック継手をカーゴオイルタンク内から溶接するため、デッキ上のマンホールから本設の昇降タラップを使用して下降中に、高さ約25mの地点から船底に墜落した。","1","製造業","115","輸送用機械等製造業","11501","造船業","1000~9999","4","仮設物、建築物、構築物等","41","仮設物、建築物、構築物等","413","階段、桟橋","1","墜落、転落"
"532","2010","平成","22","6","10~11","生コンクリート製造工場において、砂貯蔵用タンクの排出口が砂の塊で詰まったため、タンク内で作業員4人が同箇所の砂を掘り、片寄せしていた。その後、作業員2人がタンク内にいる状態で、別の作業員らがタンク外にある排出口のホッパー内をはつり機で突いていたところ、急に詰まりが取れ砂が流出したため、被災者が砂で埋まり、圧死したもの。","1","製造業","109","窯業土石製品製造業","10901","セメント・同製品製造業","30~49","4","仮設物、建築物、構築物等","41","仮設物、建築物、構築物等","418","建築物、構築物","1","墜落、転落"
"533","2010","平成","22","6","14~15","被災者は2階にある男子用トイレの窓枠を撤去するため、建屋の外部足場上で可搬式グラインダを使用して窓枠の切断作業を行っていた。被災者の横で同様の作業をしていた他の労働者が被災者の「痛い」という声を聞いて確認したところ、被災者は外壁にある耐震ブレスにもたれかかった状態となっているところを発見された。使用していたグラインダに漏電があり感電したとみられる。","3","建設業","303","その他の建設業","30309","その他の建設業－その他","1~9","1","動力機械","15","金属加工用機械","153","研削盤、バフ盤","13","感電"
"534","2010","平成","22","6","4~5","国道の交差点において、被災者が運転するタクシーと乗用車が衝突したもの。","4","運輸交通業","402","道路旅客運送業","40201","ハイヤー・タクシー業","30~49","2","物上げ装置、運搬機械","23","乗物","231","乗用車、バス、バイク","17","交通事故（道路）"
"535","2010","平成","22","6","15~16","被災者は道路の舗装工事が終了し、作業場所近くの通行止めの範囲に駐車していた4tダンプトラックに、舗装定規(角材)を積み込む作業をしていた。当該ダンプの後方に、作業を終えた締固め用機械(コンバインドローラー、3.6t)を、回送車の現場到着まで待機させようと別の労働者が移動してきて機械を一旦停止させた。しかし、完全に停止していないことに気が付き停止させようとした際、機械の操作を誤り、締固め用機械が被災者に激突したもの。","3","建設業","301","土木工事業","30106","道路建設工事業","30~49","1","動力機械","14","建設機械等","144","締固め用機械","6","激突され"
"536","2010","平成","22","6","15~16","新聞の集金業務のため、50ccのバイクで市道を走行中、交差点内で双方が一旦停止をせず、左からきた乗用車にはねられ、翌日頭部の負傷により死亡した。","8","商業","802","小売業","80205","新聞販売業","30~49","2","物上げ装置、運搬機械","23","乗物","231","乗用車、バス、バイク","17","交通事故（道路）"
"537","2010","平成","22","6","7~8","被災者ほか労働者3名により、沖合で魚を入れる網を養殖筏内に設置作業中、養殖筏と船舶を係留していたロープが切断し、被災者が落水した。この際、養殖筏につかまっていた被災者が、波で揺り戻された船舶の側面にあるタイヤ(緩衝材)と養殖筏との間にはさまれ、死亡した。","7","畜産・水産業","702","水産業","70209","その他の水産業","1~9","2","物上げ装置、運搬機械","23","乗物","239","その他の乗物","7","はさまれ、巻き込まれ"
"538","2010","平成","22","6","9~10","事業場が管理する道路(こう配約10度、幅約10mの舗装路)の中央付近に落下していたコンクリート塊をトラクター・ショベルを使用して撤去する作業中、下り方向へ後進させたところ、路肩から車両とともに約30m下の斜面へ転落した。誘導者はいなかった。","15","清掃・と畜業","1501","清掃・と畜業","150102","産業廃棄物処理業","10~29","1","動力機械","14","建設機械等","141","整地・運搬・積込み用機械","1","墜落、転落"
"539","2010","平成","22","6","12~13","被災者と事業主は、サンマ漁の準備のため、2tトラックを運転し国道を走行中、トンネル内の緩いカーブで居眠り又はスピードの出し過ぎにより対向車線にはみ出して、対向車の大型トラックと正面衝突したもの。被災者と事業主が死亡し、相手方のトラックの同乗者も負傷した。なお、死亡した2名はシートベルトを着用していた。","7","畜産・水産業","702","水産業","70201","漁業","1~9","2","物上げ装置、運搬機械","22","動力運搬機","221","トラック","17","交通事故（道路）"
"540","2010","平成","22","6","19~20","事故当日の午後、約8%の苛性ソーダを含有する70°Cの水溶液が入っている脱脂槽に、油脂除去の目的で船舶用配管を浸漬する作業終了後、被災労働者が当該水槽に保温用シートカバーを被せる作業を、天井クレーンを使用して単独で行っていたところ、当該水槽に誤って転落し死亡した。被災労働者は、入院加療中であったが、1カ月半後に急死した。脱脂槽の周囲に転落防止用の手すり等がなく、被災者は玉掛・クレーンの資格を持っていなかった。","1","製造業","112","金属製品製造業","11209","その他の金属製品製造業","10~29","7","環境等","71","環境等","715","高温・低温環境","11","高温・低温の物との接触"
"541","2010","平成","22","6","4~5","被災者は、事業場から作業現場に向かうため、1人で清掃車を運転して、国道に合流しようとしていたところ、合流車線に駐車していたトレーラーに追突して被災し、同日死亡したもの。災害の直接原因は被災者の前方不注視であるが、被災者は86日間連続就労しており、このことによる過労も災害発生の一因になったものと目される。","15","清掃・と畜業","1501","清掃・と畜業","150109","その他の清掃・と畜業","50~99","2","物上げ装置、運搬機械","22","動力運搬機","221","トラック","17","交通事故（道路）"
"542","2010","平成","22","6","15~16","国道を走行中、片側2車線の道路の前方で反対車線工事規制のため、車線を1車線にして追い越し車線を対向車線としていたが、被災者は車線規制に気づかず(前方不注視とみられる)、車線縮小部に設置されたパイロンと土嚢に激突し、反対車線に飛び出して対向車両と正面衝突した。","4","運輸交通業","403","道路貨物運送業","40301","一般貨物自動車運送業","30~49","2","物上げ装置、運搬機械","22","動力運搬機","221","トラック","17","交通事故（道路）"
"543","2010","平成","22","6","16~17","2社の労働者3名で総t数998tの鉱滓バラ積み船の係留作業中、被災者が防潮堤(海面からの高さ3.8m、幅25.3センチメートル)の上で、係留ロープをたぐり寄せる作業中、海面に墜落し、溺死したもの。救命具は未着用であり、墜落防止措置が講じられていなかった。","1","製造業","110","鉄鋼業","11001","製鉄・製鋼・圧延業","100~299","7","環境等","71","環境等","713","水","10","おぼれ"
"544","2010","平成","22","6","16~17","墓石据付工事に係る工事代金の集金のため、乗用車(同乗者なし)で施主宅に向かう途中、国道のバイパスを走行していたところ、運転を誤り、左側壁、次いで左側ガードレールに衝突し、運転していた乗用車が炎上し、焼死したもの。","8","商業","802","小売業","80209","その他の小売業","1~9","2","物上げ装置、運搬機械","23","乗物","231","乗用車、バス、バイク","17","交通事故（道路）"
"545","2010","平成","22","6","5~6","タクシーの営業終了後、車庫に向かい市道を走行中にガードレールを突き破り、さらに街路灯に衝突し、頭を強く打ち死亡した。","4","運輸交通業","402","道路旅客運送業","40201","ハイヤー・タクシー業","100~299","2","物上げ装置、運搬機械","23","乗物","231","乗用車、バス、バイク","17","交通事故（道路）"
"546","2010","平成","22","6","8~9","小型船舶(0.9t)に乗り養殖いかだを移動しながら当該いかだの見回り及び清掃作業を1名で行っていた被災者が、養殖いかだより80m程離れた岸壁に流された当該小型船舶側面の海底に沈んでいたもの。目撃者はいないが、養殖いかだに係留していた小型船舶が見回り中に流されたため、泳いで取りにいったものの船上に上がれず、救命胴衣を着用していなかったので力尽きて溺れたとみられる。","7","畜産・水産業","702","水産業","70209","その他の水産業","50~99","7","環境等","71","環境等","713","水","10","おぼれ"
"547","2010","平成","22","7","10~11","混合機内に立ち入り清掃作業中、排水始動スイッチを操作しようとして、隣の粕練混合機の起動スイッチを誤操作し、回転した混合機内の羽に巻き込まれた。","1","製造業","101","食料品製造業","10103","農業保存食料品製造業","30~49","1","動力機械","16","一般動力機械","162","混合機、粉砕機","7","はさまれ、巻き込まれ"
"548","2010","平成","22","7","11~12","被災者は、鋼管柱8本を8tトラック(2.9t積載型移動式クレーン付)に2人で積込み、移動式クレーンのアウトリガに上がり積込み状況等を確認していたところ、積んでいた鋼管柱が崩れて落下した。アウトリガに上がっていた被災者も転落し、頭部に落下した鋼管柱が激突し死亡した。","4","運輸交通業","403","道路貨物運送業","40301","一般貨物自動車運送業","50~99","5","物質、材料","52","材料","521","金属材料","4","飛来、落下"
"549","2010","平成","22","7","14~15","倉庫として使用していた建物の鉄骨を解体する作業において、高さが約3mの位置にある天井部分の梁を切断する作業を行っていた。被災者は、梁の片側の根元を僅かに切り残した状態で、もう一方の根元を脚立に乗ってサンダーで切断後、梁を左手に持ちながら脚立から降りようとしたときに、梁の重みでバランスを崩して脚立から墜落してしまった。被災者は、脚立の3段目に立って作業を行っていたと思われる。","3","建設業","302","建築工事業","30209","その他の建築工事業","1~9","3","その他の装置等","37","用具","371","はしご等","1","墜落、転落"
"550","2010","平成","22","7","15~16","2名にて行っていた、ピプレスと呼ばれる漬物の原料を塩抜きし圧搾する機械の払い出し作業にて、被災者とペアを組んでいた作業者が、機械を回転させるための紐を引き、機械を回転させたところ、原料をコンベアへ落とし込もうとして当該機械の下方に接近していた被災者が、頭部を挟まれたもの。","1","製造業","101","食料品製造業","10103","農業保存食料品製造業","100~299","1","動力機械","16","一般動力機械","165","食品加工用機械","7","はさまれ、巻き込まれ"
"551","2010","平成","22","7","17~18","クーラー修繕の依頼を受け見積りのために2階部分の幅91センチメートルのひさしに設置されたクーラー室外機を点検作業中、足を踏み外し4m下の地面に落下し頭部を強打したもの。被災者は約1カ月後に死亡した。クーラー室外機の正面側において作業を行った為、十分な作業床が確保できなく、また、安全帯及びヘルメットを着用していなかった。","8","商業","802","小売業","80204","燃料小売業","10~29","4","仮設物、建築物、構築物等","41","仮設物、建築物、構築物等","415","屋根、はり、もや、けた、合掌","1","墜落、転落"
"552","2010","平成","22","7","9~10","木造3階建ての新築住宅建築工事において、一側足場上で屋根に雨樋をとりつける作業中、建物の反対側で同様の作業を行っていた労働者が大きな音に気がついて見に行ったところ、被災者が墜落して地面に倒れており、病院に運ばれたがまもなく死亡した。足場3層目から約6m下の地面まで墜落し、頭部を地面にあったブロックにぶつけたとみられる。","3","建設業","302","建築工事業","30202","木造家屋建築工事業","1~9","4","仮設物、建築物、構築物等","41","仮設物、建築物、構築物等","411","足場","1","墜落、転落"
"553","2010","平成","22","7","0~1","国道のバイパスを走行中、対向車両(トラック)がセンターラインを越えて来たため、正面衝突したもの。","4","運輸交通業","403","道路貨物運送業","40301","一般貨物自動車運送業","30~49","2","物上げ装置、運搬機械","22","動力運搬機","221","トラック","17","交通事故（道路）"
"554","2010","平成","22","7","10~11","農業集落排水施設の中継ポンプ槽の保守点検のため、道路に設置されているマンホール内部の堆積汚泥等をバキュームした後に、内部にあるフロートをマンホールの外に引き上げるため、被災者は、マンホールに常設されているタラップにて、内部に降りていった。その際に3.5m下のマンホールの底に転落し、救出され病院に収容されたが、汚水を飲み込んだことにより肺に炎症を起し、数日後に死亡した。","15","清掃・と畜業","1501","清掃・と畜業","150109","その他の清掃・と畜業","1~9","4","仮設物、建築物、構築物等","41","仮設物、建築物、構築物等","418","建築物、構築物","1","墜落、転落"
"555","2010","平成","22","7","16~17","被災者は、建屋(2階建倉庫兼作業場)内に設置された昇降機(0.49t吊りホイスト、床面積約0.62平方m)に乗って下降していたところ、搬器の天井梁と建屋2階床との間に首をはさまれて、死亡したもの。昇降機に囲いや安全装置は設置されていなかった。","8","商業","801","卸売業","80109","その他の卸売業","1~9","2","物上げ装置、運搬機械","21","動力クレーン等","214","エレベータ、リフト","7","はさまれ、巻き込まれ"
"556","2010","平成","22","7","7~8","被災者は、ガス充てん作業所内でハトを駆除するため、高さ約5mの所にある足場板で組まれた作業床上で、天井部付近に有刺鉄線を取り付ける作業を行っていたところ、何らかの原因で足場板から墜落して、頭部と胸を負傷した。直ちに病院へ搬送され、緊急手術を受け危篤状態でICUで経過を診ていたが、4日後に死亡した。","1","製造業","116","電気・ガス・水道業","11602","ガス業","1~9","4","仮設物、建築物、構築物等","41","仮設物、建築物、構築物等","416","作業床、歩み板","1","墜落、転落"
"557","2010","平成","22","7","9~10","マンションの新築工事現場において、足場材を積載した移動式クレーン付きトラックを前から工事現場に入れて、その工事現場前の道路上にパイロン等を置き、歩行者の誘導をするために警備員が当該トラックの後方右端側に立っていたところ、走行してきた積載荷重4tのトラック(居眠り運転)がパイロンを倒して突っ込み、警備員を約12m先の電柱の植栽へ跳ね飛ばし、即死した。","17","その他の事業","1702","その他の事業","170201","警備業","10~29","2","物上げ装置、運搬機械","22","動力運搬機","221","トラック","17","交通事故（道路）"
"558","2010","平成","22","7","10~11","軽ワゴン車で営業先へ向かうため県道を走行中、左カーブのトンネルを出たところ雨が激しく降っていたため、ハンドル操作を誤ってハンドルをとられ、中央分離帯に乗り上げ街灯に衝突し、横転して反対車線に飛び出したもの。運転者は、病院に運ばれたが、17日後に死亡。","8","商業","804","その他の商業","80409","その他の商業－その他","1~9","2","物上げ装置、運搬機械","23","乗物","231","乗用車、バス、バイク","17","交通事故（道路）"
"559","2010","平成","22","7","4~5","国道上において、故障中の大型トラックを修理するため、車体の下に入り、修理作業を開始した直後、後方より走行してきたトラックに追突された。追突された衝撃で故障車両が動き、被災者は左後輪タイヤに轢かれ、搬送された病院にて死亡が確認された。なお、作業中は故障車両のハザードを点灯させ、後方に停止表示機材を置いていた。","8","商業","802","小売業","80202","自動車小売業","10~29","2","物上げ装置、運搬機械","22","動力運搬機","221","トラック","17","交通事故（道路）"
"560","2010","平成","22","7","3~4","バイクにて朝刊配達中、交差点にて一時停止確認を怠り、走行して来た自動車と交差点内で衝突して、胸部を強打し死亡したもの。","8","商業","802","小売業","80205","新聞販売業","1~9","2","物上げ装置、運搬機械","23","乗物","231","乗用車、バス、バイク","17","交通事故（道路）"
"561","2010","平成","22","7","10~11","事業所内で朝礼中に突然倒れ、意識を失い呼吸が停止したため、救急車で病院に搬送された。その後、入院加療を継続していたが、6日後に心臓疾患により死亡したものである。なお、発症前3ヵ月に月平均52時間39分の時間外労働(3交代制、深夜勤務を含む)があり、発症前2ヵ月からはサブリーダーとして引継連絡、時間外作業段取り、残業指示等の業務が加わっていたものである。","1","製造業","113","一般機械器具製造業","11301","機械（精密機械を除く）器具製造業","300~499","9","その他","92","起因物なし","921","起因物なし","90","その他"
"562","2010","平成","22","7","14~15","事業場内砕石場において、被災者は、脱水ケーキをダンプトラックに積載するために、ダンプトラックから脱水ケーキがこぼれ落ちない措置として、40ミリメートルのふるいを通る砕石を別の労働者が運転するバックホウにより、ダンプトラック最後方に約2立方m積載させた。その後、被災者は、ダンプトラックをバックさせ脱水ケーキを積み込む位置まで移動させようとしたところ、ダンプトラックとともに、崖下の池に墜落したもの。","2","鉱業","202","土石採取業","20201","採石業","10~29","2","物上げ装置、運搬機械","22","動力運搬機","221","トラック","1","墜落、転落"
"563","2010","平成","22","7","15~16","倉庫内の棚から必要な板(幅91センチメートル、高さ182センチメートル)を取り出す作業を行う際、その前に立てかけてあった同サイズのコンパネ等合計9枚(以下「材」)が邪魔になったため、被災者が立てた状態で支え、同僚作業者が材の奥に位置する棚から必要な板を取り出そうとしたところ、被災者が材を傾け過ぎて支えきれなくなり、被災者方向に倒れて転倒し、右足を材とコンクリート床面との間に挟まれ、頭部を床面に打ちつけ死亡した。","3","建設業","302","建築工事業","30202","木造家屋建築工事業","1~9","4","仮設物、建築物、構築物等","41","仮設物、建築物、構築物等","418","建築物、構築物","2","転倒"
"564","2010","平成","22","7","16~17","被災者は、NC旋盤を使用して、断面が六角形の棒材(長さ1.5m)を加工してナットの製造を行っていた。その際に棒材を旋盤の側面から突出(約55センチメートル)させて加工を行っていたため、その部分の棒材が高速で回転する過程で遠心力によりたわみ、捻じ曲げられた状態で回転し、その棒材が被災者の頭部を強打したもの。","1","製造業","112","金属製品製造業","11209","その他の金属製品製造業","1~9","1","動力機械","15","金属加工用機械","151","旋盤","6","激突され"
"565","2010","平成","22","7","16~17","被災当日の一般家庭へのケーブルTVの引込み工事が終わり帰社するため、被災者はトラック搭載式高所作業車を運転し国道を走行中、反対車線から居眠りもしくは脇見によりセンターラインをオーバーしてきた4tトラックに正面衝突され、搬送先の病院で死亡が確認されたもの。","3","建設業","303","その他の建設業","30301","電気通信工事業","1~9","2","物上げ装置、運搬機械","22","動力運搬機","221","トラック","17","交通事故（道路）"
"566","2010","平成","22","7","5~6","バイク(50cc)により新聞配達を行っていた労働者が、道路沿いの配達先に新聞を配達した後、バイクに乗り駐車場から道路に進入したとき、道路を右側より直進してきた軽四ワゴン車に激突されたもの。","8","商業","802","小売業","80205","新聞販売業","50~99","2","物上げ装置、運搬機械","23","乗物","231","乗用車、バス、バイク","17","交通事故（道路）"
"567","2010","平成","22","7","9~10","同僚等3名で工場建屋のスレート屋根の雨漏り補修の事前点検のため屋根に上って確認作業を行っていた。点検箇所は数カ所あり、点検箇所の移動の際には母屋等の屋根の構造梁を伝って行っていたが、構造梁の間隔を見誤りスレート部に足をかけてスレートを踏み抜き、9.3m下の鉄筋部材等の上に墜落し被災したもの。歩み板を設けていなかった。","3","建設業","302","建築工事業","30209","その他の建築工事業","1~9","4","仮設物、建築物、構築物等","41","仮設物、建築物、構築物等","415","屋根、はり、もや、けた、合掌","1","墜落、転落"
"568","2010","平成","22","7","12~13","重機を積んだトレーラーが事業場の敷地から道路へ出る際、被災者は路上で誘導した。道路上に出たトレーラーが前進した際に荷台に飛び乗ったところ、過って荷台と後輪の隙間に巻き込まれ死亡したもの。","4","運輸交通業","403","道路貨物運送業","40301","一般貨物自動車運送業","1~9","2","物上げ装置、運搬機械","22","動力運搬機","221","トラック","7","はさまれ、巻き込まれ"
"569","2010","平成","22","7","16~17","ビルの屋上において、塔屋周りに足場を組み立てする作業中、午後の休憩時にふらふらして水分を取ることもできない状態となり、被災者のために用意した飲み物を首の回りなどにかけて少し休ませたが、約1時間後にけいれんしていたため、病院へ搬送した。翌日、搬送先にて熱中症により死亡した。","3","建設業","302","建築工事業","30201","鉄骨・鉄筋コンクリート造家屋建築工事業","1~9","7","環境等","71","環境等","715","高温・低温環境","11","高温・低温の物との接触"
"570","2010","平成","22","7","17~18","被災者は会社からスクラップを積んだトレーラーを運転し、会社内のスクラップヤードまで運搬した。別の会社の社員がドラグ・ショベルのバケットに替えてリフティングマグネットを装着した移動式クレーンでトレーラーの荷台のスクラップの荷卸し作業中、被災者がいないことに気づき、同僚と探したところ、荷台の中で外傷を負って倒れている被災者を発見したもの。荷卸し作業中の荷台の中に入ったことにより、荷台とリフマグに挟まれたとみられる。","4","運輸交通業","403","道路貨物運送業","40301","一般貨物自動車運送業","1~9","2","物上げ装置、運搬機械","21","動力クレーン等","212","移動式クレーン","7","はさまれ、巻き込まれ"
"571","2010","平成","22","7","20~21","被災者は、杭掘削準備作業を行っていたところ、つり上げ荷重4.9tのクローラクレーンを運転中、運転席より身を乗り出した姿勢で誤って旋回レバーに体の一部が接触し、現場内の中間杭にはさまれ死亡したとみられる。","3","建設業","301","土木工事業","30199","その他の土木工事業","50~99","2","物上げ装置、運搬機械","21","動力クレーン等","212","移動式クレーン","7","はさまれ、巻き込まれ"
"572","2010","平成","22","7","11~12","清掃作業員が7階から6階へ通じる階段から転落し、踊場で頭から血を流して倒れいるのが発見され、病院に搬送されたが、死亡が確認された。","15","清掃・と畜業","1501","清掃・と畜業","150101","ビルメンテナンス業","1~9","4","仮設物、建築物、構築物等","41","仮設物、建築物、構築物等","413","階段、桟橋","1","墜落、転落"
"573","2010","平成","22","7","15~16","被災者は、気分が悪くなったと言い、災害発生場所近くの事務所2階居室で休憩した。翌日の朝、同僚が事務所2階居室を確認したところ、被災者がうつぶせで死んでいるのを発見した。体が暑熱な環境に慣れていない状況で、梅雨時の日が差す高温多湿な環境で作業を行い熱中症になったもの。なお、死亡推定時刻は午後3時頃である。","3","建設業","303","その他の建設業","30309","その他の建設業－その他","10~29","7","環境等","71","環境等","715","高温・低温環境","11","高温・低温の物との接触"
"574","2010","平成","22","7","9~10","2階建て民間住宅の屋根の塗装工事現場において、高さ3m20センチメートルの下屋根の塗装を指示された下請けの塗装工が、同作業終了後、指示されていない屋根上での塗装作業を行うために屋根に上がり、その端部が高さ6m25センチメートルの墜落防止措置のない屋根から地上に墜落したもの。被災者は病院に搬送されたが当日死亡した。","3","建設業","302","建築工事業","30209","その他の建築工事業","1~9","4","仮設物、建築物、構築物等","41","仮設物、建築物、構築物等","415","屋根、はり、もや、けた、合掌","1","墜落、転落"
"575","2010","平成","22","7","4~5","大型トレーラーに木のチップを満載し走行中、国道の緩やかなカーブで大型トレーラーが横転し、運転していた被災者が外に投げ出され、全身を強打したもの。","4","運輸交通業","403","道路貨物運送業","40301","一般貨物自動車運送業","10~29","2","物上げ装置、運搬機械","22","動力運搬機","221","トラック","17","交通事故（道路）"
"576","2010","平成","22","7","8~9","事業場構内において、社員駐車場から構内事務所に歩いて向かう際、構内にて、協力会社の労働者が運転していたタイヤショベルの運転席の死角になり、バケットに接触して転倒した後、左後輪に下半身を轢かれたもの。搬送先病院にて同日に亡くなったもの。","1","製造業","109","窯業土石製品製造業","10901","セメント・同製品製造業","10~29","1","動力機械","14","建設機械等","141","整地・運搬・積込み用機械","6","激突され"
"577","2010","平成","22","7","9~10","道路側溝整備工事のため、民家のコンクリート壁(高さ約2m、厚さ約30センチメートル)の下で、道路側溝部分の床堀作業を労働者5名で行っていたところ、コンクリート壁裏の土砂ごと長さ約10mにわたって崩れてコンクリート壁が倒壊し、労働者2名がコンクリート壁の下敷きとなり、搬送先の病院で死亡が確認されたもの。なお、現場代理人の話では、床堀は深さ60センチメートル、幅80センチメートル、コンクリート壁の根入れは20センチメートルであったとのこと。","3","建設業","301","土木工事業","30106","道路建設工事業","1~9","4","仮設物、建築物、構築物等","41","仮設物、建築物、構築物等","418","建築物、構築物","5","崩壊、倒壊"
"578","2010","平成","22","7","9~10","道路側溝整備工事のため、民家のコンクリート壁(高さ約2m、厚さ約30センチメートル)の下で、道路側溝部分の床堀作業を労働者5名で行っていたところ、コンクリート壁裏の土砂ごと長さ約10mにわたって崩れてコンクリート壁が倒壊し、労働者2名がコンクリート壁の下敷きとなり、搬送先の病院で死亡が確認されたもの。なお、現場代理人の話では、床堀は深さ60センチメートル、幅80センチメートル、コンクリート壁の根入れは20センチメートルであったとのこと。","3","建設業","301","土木工事業","30106","道路建設工事業","1~9","4","仮設物、建築物、構築物等","41","仮設物、建築物、構築物等","418","建築物、構築物","5","崩壊、倒壊"
"579","2010","平成","22","7","0~1","被災者は、当該事業場所有の大型トラック(最大積載量12.3t)を運転し、配送先の事業場へ向い高速自動車道を走行中、バス停付近に停車中の大型トラックに、被災者が運転していた大型トラックが追突し、胸部打撲により死亡した。","4","運輸交通業","403","道路貨物運送業","40301","一般貨物自動車運送業","1~9","2","物上げ装置、運搬機械","22","動力運搬機","221","トラック","17","交通事故（道路）"
"580","2010","平成","22","7","12~13","ホテルの同一敷地内に住込んでいた被災者は、敷地内に生い茂ってくる枝を剪定する作業を脚立上(はしご状に伸ばし立てかけて)で行っていた。被災者が脚立上部に昇り過ぎたため、バランスが崩れて脚立が壁を乗り越えて、被災者は脚立もろとも倒れた。被災者は災害の2日後に近隣の住民により発見されたが既に死亡していた。","14","接客娯楽業","1401","旅館業","140101","旅館業","1~9","3","その他の装置等","37","用具","371","はしご等","1","墜落、転落"
"581","2010","平成","22","7","14~15","6名で間伐作業前の下刈作業をしていたところ、リーダーを含む2名が前日に刈り残していた下刈作業現場へ急に移動した。残った被災者を含む3名は、当日の予定どおり山頂側の現場に向かって下草などがある部分を刈払機で刈りながら移動していた。この時、被災者から1.7m離れた位置で作業していた隣の労働者の刈払機の刃が杉の木に触れて反発し、被災者の右足を切創した。このことにより被災者は出血して死亡した。","6","農林業","602","林業","60209","その他の林業","30~49","1","動力機械","16","一般動力機械","169","その他の一般動力機械","8","切れ、こすれ"
"582","2010","平成","22","7","2~3","交差点において、被災者が運転するミニバイクと会社員の運転する乗用車が出合い頭に衝突し被災したもの。被災者は搬送先の病院で死亡した。被災時、被災者は新聞を配達中であった。","8","商業","802","小売業","80205","新聞販売業","10~29","2","物上げ装置、運搬機械","23","乗物","231","乗用車、バス、バイク","17","交通事故（道路）"
"583","2010","平成","22","7","8~9","被災者は、鉄骨造3階建て建築物の屋根板金工事現場において、屋根の張替え作業に従事中、木製下地の上に敷き並べた屋根材をつなぐべく、同屋根材への両面テープの貼り付けを、屋根上を後退しながら行っていたところ、屋根の端部を乗り越え、9.35m下の地上に墜落したもの。墜落防止措置を講じていなかった。","3","建設業","302","建築工事業","30209","その他の建築工事業","1~9","4","仮設物、建築物、構築物等","41","仮設物、建築物、構築物等","415","屋根、はり、もや、けた、合掌","1","墜落、転落"
"584","2010","平成","22","7","8~9","産業廃棄物処理工場内において、運転席付きの天井クレーン(つり上げ荷重8.75t)を使用し、くず鉄を移動する作業を行おうとしたところ、付近に積み上げてあった破砕前の自動販売機(積み上げた高さ約5.5m)に、同クレーンのフックに取り付けたリフティングマグネットが接触したため、同自動販売機が崩落し、付近で作業中だった労働者2名のうち1名がその下敷きとなり死亡し、もう1名が軽傷を負った。","15","清掃・と畜業","1501","清掃・と畜業","150102","産業廃棄物処理業","1~9","2","物上げ装置、運搬機械","21","動力クレーン等","211","クレーン","4","飛来、落下"
"585","2010","平成","22","7","14~15","休日出勤中、被災者は事業場内のトイレで便座に腰を掛け、壁面にもたれかかって脳内疾病により死亡した状態で発見されたもの。発症前2か月平均の時間外労働時間は月100時間45分であった。","8","商業","801","卸売業","80109","その他の卸売業","100~299","9","その他","92","起因物なし","921","起因物なし","90","その他"
"586","2010","平成","22","7","9~10","サイロ内にたい積しているコンスターチのダストを搬出するため、同サイロ内に入槽し、同コーンスターチを棒によって掻き出し作業中、サイロ内壁に付着していたダストが崩落し、崩落したダストに埋没した。","3","建設業","303","その他の建設業","30309","その他の建設業－その他","1~9","5","物質、材料","52","材料","529","その他の材料","5","崩壊、倒壊"
"587","2010","平成","22","7","17~18","家電量販店から2tトラックに2人が乗り、配達作業を行っていた。夕方、国道を走行中、助手席の労働者が眠っており、運転者も眠気を覚えたため、休憩できる場所を探しながら運転していたところ、道路左脇の交通標識に衝突し、助手席の労働者が死亡したもの。運転者は手を打撲する軽傷であった。現場は直線道路で、天候は晴れであった。","4","運輸交通業","403","道路貨物運送業","40301","一般貨物自動車運送業","10~29","2","物上げ装置、運搬機械","22","動力運搬機","221","トラック","17","交通事故（道路）"
"588","2010","平成","22","7","10~11","ドラグ・ショベル(クレーン仕様で作業)のクレーンフックに、ワイヤーロープ及び鉄板吊金具(以下「金具」という。)を掛けて鉄板を吊り、トラック荷台から地上に降ろす作業において、鉄板の端を押さえて荷振れ防止を行っていた被災者が、トラックと鉄板の間に立ち入ったところ、鉄板が地上に降ろされた時にフックの外れ止めが破損して金具から外れ、トラック側に倒れたため、鉄板とトラックの間に挟まれた。","3","建設業","301","土木工事業","30107","河川土木工事業","10~29","3","その他の装置等","37","用具","372","玉掛用具","7","はさまれ、巻き込まれ"
"589","2010","平成","22","7","13~14","間伐作業を行っていた被災者が、立ち枯れて自然にかかり木になっていた木(ある程度脆くなっていた)を外すため、ウインチ等を使用せずに、当該木の根元を2回元玉切りしたところ、その衝撃で当該木の先端部(約3m)が折れ、被災者の頭部に激突した。","6","農林業","602","林業","60201","木材伐出業","30~49","7","環境等","71","環境等","712","立木等","4","飛来、落下"
"590","2010","平成","22","7","14~15","被災者は朝から肩に痛みがあったため、午前中に病院へ行き、受信後、配送業務に従事していたところ、長時間の過重労働により配送先で胸を押さえながら倒れ、搬送先の病院で死亡したもの。","8","商業","801","卸売業","80109","その他の卸売業","30~49","9","その他","92","起因物なし","921","起因物なし","90","その他"
"591","2010","平成","22","7","15~16","電柱の移設作業現場において、被災者は電柱に登り作業を行っていたところ、高さ約9mの箇所から地面に墜落したもの。安全帯や胴綱が適正に使用されていなかった。","3","建設業","303","その他の建設業","30301","電気通信工事業","50~99","3","その他の装置等","35","電気設備","351","送配電線等","1","墜落、転落"
"592","2010","平成","22","7","23~24","国道バイパス(片側1車線、追越禁止区間)を走行していた大型トラックが先行する軽乗用車を対向車線へ出て追い越し、走行車線へ戻ろうとしたが、対向してきた大型トレーラーと衝突した。大型トレーラーの連結部分から出火し、大型トレーラーの運転手が焼死した。大型トラックは追い越した軽乗用車とも接触しており、大型トラック運転手が重傷、軽乗用車運転手が軽傷を負った。","4","運輸交通業","403","道路貨物運送業","40301","一般貨物自動車運送業","300~499","2","物上げ装置、運搬機械","22","動力運搬機","221","トラック","17","交通事故（道路）"
"593","2010","平成","22","7","16~17","ゴルフ場のグリーン付近にある雑木林において、樹木の剪定作業を行っていた被災者が倒れているのを発見され、病院に搬送したが、既に死亡していた。立木から墜落したとみられる。","14","接客娯楽業","1403","その他の接客娯楽業","140301","ゴルフ場","10~29","7","環境等","71","環境等","712","立木等","1","墜落、転落"
"594","2010","平成","22","7","1~2","被災者が事業場所有のトラックを運転し、事業場から配送先に向かう途中、過重労働によって意識不明となり搬送先の病院にて死亡したもの。","4","運輸交通業","403","道路貨物運送業","40301","一般貨物自動車運送業","30~49","9","その他","92","起因物なし","921","起因物なし","90","その他"
"595","2010","平成","22","7","5~6","自転車を使用し新聞配達を行っていた被災者が三叉路へ出たところ、右方から来た出勤途中の自動車に激突され死亡した。","8","商業","802","小売業","80205","新聞販売業","50~99","3","その他の装置等","36","人力機械工具等","362","人力運搬機","17","交通事故（道路）"
"596","2010","平成","22","7","9~10","一般住宅の屋根トタン板張替え作業を行うに際し、被災者は、1階屋根の庇(高さ3.55m)に立て掛けた移動はしごを用い、ロール状の防水シート(長さ103センチメートル、直径17.5センチメートル、重量23キログラム)を屋根上に運搬していたところ、当該はしご上からバランスを崩してコンクリート地面に転落し頭を打った。その後、搬送先の病院で死亡が確認された。なお、災害発生直前における被災者の作業状況等を見ていた者はいなかった。","3","建設業","302","建築工事業","30202","木造家屋建築工事業","1~9","3","その他の装置等","37","用具","371","はしご等","1","墜落、転落"
"597","2010","平成","22","7","14~15","被災者が休憩のために建屋の外に出て、作業場建屋のシャッター横に設置してある、水圧開放装置(停電等非常時に、消火栓の水圧を利用してシャッターを開放するための装置)の排水パイプ(建屋内から外壁に繋がっている)にもたれかかったところ、同装置の200V配電盤から消火栓排水パイプに漏電していたため感電した。病院に搬送されたが、収容先の病院で死亡が確認された。","8","商業","802","小売業","80209","その他の小売業","10~29","3","その他の装置等","39","その他の装置、設備","391","その他の装置、設備","13","感電"
"598","2010","平成","22","7","15~16","国道(片側1車線の直線道路)で4tトラックを運転していたが、対向してきた10tダンプと正面衝突し、トラック運転手が搬送先の病院で死亡した。","4","運輸交通業","403","道路貨物運送業","40301","一般貨物自動車運送業","10~29","2","物上げ装置、運搬機械","22","動力運搬機","221","トラック","17","交通事故（道路）"
"599","2010","平成","22","7","6~7","総t数2.4tの船上で養殖ホヤの水揚作業を行い作業の終了後、帰港したところ、被災者の姿が見えなくなっていた。捜索の結果、作業場所付近の海底で遺体で発見された。作業を終え、帰港の際、乗組員4名は、それぞれが通常着座する位置に移動し、被災者も着座位置である後方左隅への移動を目撃されたのが最後で、途中で落船したとみられるが、当時の状況は目撃されていない。船に救命胴衣を備えていたものの着用していなかった。","1","製造業","101","食料品製造業","10102","水産食料品製造業","1~9","2","物上げ装置、運搬機械","23","乗物","239","その他の乗物","10","おぼれ"
"600","2010","平成","22","7","9~10","被災者は、3階建のビルの階段の清掃を単独で行っていた。3階踊り場で、倒れているところを取引先の労働者に発見され、救急車で病院に搬送されたが、当日深夜、頭部の負傷により死亡したもの。状況から、3階から下の踊り場までの掃き掃除を終了後、手すりを雑巾で拭いている際に、階段を転落したとみられる。","15","清掃・と畜業","1501","清掃・と畜業","150101","ビルメンテナンス業","30~49","4","仮設物、建築物、構築物等","41","仮設物、建築物、構築物等","413","階段、桟橋","1","墜落、転落"
"601","2010","平成","22","7","13~14","被災者他1名で、情報ケーブルを埋設するためのコンクリート製のマス(約2.4t)を積載型移動式クレーン(定格荷重が2.9t)でつり上げ作業中、移動式クレーンが転倒しそうになったため、被災者らは移動式クレーンの荷台をドラグショベルのバケットで抑えた後、作業に戻ろうとした際、移動式クレーンが転倒し、被災者は移動式クレーンとガードレールの間にはさまれた。","3","建設業","301","土木工事業","30106","道路建設工事業","10~29","2","物上げ装置、運搬機械","21","動力クレーン等","212","移動式クレーン","7","はさまれ、巻き込まれ"
"602","2010","平成","22","7","14~15","警備会社が、工事(歩道に設置されているマンホール内部の点検工事)における警備業務(歩行者の誘導等)の委託を受け、被災者(死亡)に災害発生地における警備業務を行わせていたところ、走行してきたトラックが前方不注意により歩道上に乗り上げて被災者を跳ね飛ばし、歩道上に駐車していた工事車両に衝突した後、車道で横転したもの。現場は見通しの良い直線道路だった。","17","その他の事業","1702","その他の事業","170201","警備業","10~29","2","物上げ装置、運搬機械","22","動力運搬機","221","トラック","17","交通事故（道路）"
"603","2010","平成","22","7","3~4","被災者は積荷を積んだ4tトラックで国道を走行していた。その際、前日の大雨で発生した土砂崩れのため片側交互通行が行われていた。この交通規制で停車していた10tトラックに、4tトラックを運転していた被災者が追突し死亡したもの。","4","運輸交通業","403","道路貨物運送業","40301","一般貨物自動車運送業","10~29","2","物上げ装置、運搬機械","22","動力運搬機","221","トラック","17","交通事故（道路）"
"604","2010","平成","22","7","7~8","工事用看板を設置するため道路脇に2tダンプを止めて作業中、停車していた同ダンプが動き出したことから被災者が同ダンプを止めようと車外からハンドルの操作をしたところ、体が同ダンプの下に入り、後輪で腹部等を轢かれ死亡したもの。なお、現場道路は4~6度の勾配がついていた。","3","建設業","301","土木工事業","30199","その他の土木工事業","1~9","2","物上げ装置、運搬機械","22","動力運搬機","221","トラック","7","はさまれ、巻き込まれ"
"605","2010","平成","22","7","12~13","被災者は工場2階の作業場において、1階に設置されている連続洗濯機に洗濯物を自動投入する計量機に、洗濯物を載せる作業を1人で行っていた。昼になり、被災者の作業の様子を見に行った上司の係長が、計量機の横で仰向けに倒れている被災者を発見した。病院に搬送され手当てを受けていたが、2日後に熱中症により死亡した。","1","製造業","117","その他の製造業","11703","クリーニング業","50~99","7","環境等","71","環境等","715","高温・低温環境","11","高温・低温の物との接触"
"606","2010","平成","22","7","9~10","携帯電話用基地局の点検作業のため、被災者を含む2名がアンテナの鉄塔に昇り、最上部での点検を終え、次の点検箇所である高さ約10m部分の鉄塔接続部まで被災者が先に降りながら写真撮影を行っていたところ、地面に墜落したもの。U字つり用安全帯を掛け替える時に、1本つり用安全帯を掛けずにU字つり用安全帯を外したためとみられる。","3","建設業","303","その他の建設業","30301","電気通信工事業","10~29","4","仮設物、建築物、構築物等","41","仮設物、建築物、構築物等","418","建築物、構築物","1","墜落、転落"
"607","2010","平成","22","7","12~13","ゴムベルトコンベアーの下部ローラーに付着した泥を取り除こうと、当該ローラーのまわりを囲っている安全柵を取りはずし、動いているベルトコンベアーとローラー部分にスコップをもってローラー部分の奥に差し入れたところ、スコップもろともベルトコンベアーに左腕と上半身を巻き込まれた。","1","製造業","109","窯業土石製品製造業","10909","その他の土石製品製造業","10~29","2","物上げ装置、運搬機械","22","動力運搬機","224","コンベア","7","はさまれ、巻き込まれ"
"608","2010","平成","22","7","15~16","コンベアーと一体に組み込まれ、品物を自動で2階に運搬する昇降設備(リフター)について改造工事をしていた。被災者が中に入ってボルトを6つ締める作業をしていたところ、突然リフターが上昇し、リフター床部分と外枠部分に上半身を挟まれた。設備内部に設置されているセンサーが被災者を感知し、品物が入ったと機械が判断し自動で動いたと思われる。","3","建設業","303","その他の建設業","30302","機械器具設置工事業","1~9","2","物上げ装置、運搬機械","22","動力運搬機","229","その他の動力運搬機","7","はさまれ、巻き込まれ"
"609","2010","平成","22","7","13~14","被災者は1人でビニールハウス内(推定45°C以上)の片付け作業を行っていたところ、作業終了予定時刻から約1時間半後に、内部で倒れていたのを発見されたもの。","6","農林業","601","農業","60101","農業","1~9","7","環境等","71","環境等","715","高温・低温環境","11","高温・低温の物との接触"
"610","2010","平成","22","7","17~18","被災者は、2tのトラッククレーンのオイル交換を1人で行っていた。荷台には配送用の鉄筋の束が積んであり、被災者が何らかの理由で荷の止めベルトを外したところ、鉄筋の束(重量約700キログラム)が崩れて下敷きになったもの。","4","運輸交通業","403","道路貨物運送業","40301","一般貨物自動車運送業","50~99","5","物質、材料","52","材料","521","金属材料","4","飛来、落下"
"611","2010","平成","22","7","2~3","道路において、2tトラックに12.6tトラックが前方不注意により追突し、2tトラックが横倒しになったところに、9.9tトラックが激突したため、2tトラックの運転手が死亡し、同乗者が重傷を負った。9.9tトラック運転手は軽傷を負った。","1","製造業","101","食料品製造業","10109","その他の食料品製造業","100~299","2","物上げ装置、運搬機械","22","動力運搬機","221","トラック","17","交通事故（道路）"
"612","2010","平成","22","7","8~9","機械に据付けるL字型の足場材(重さ86キログラム、長さ130センチメートル、幅70センチメートル)を7.5/4.5tクレーンの補巻を用い、つり上げたところ、過巻き防止装置作動後も解除スイッチを使用して巻き過ぎたために、つり上げ用ワイヤーロープが切れ、フックが被災者に当たり頭部を負傷し死亡した。また、付近にいた同僚にも吊り荷が当たり、左脇腹を負傷(不休)した。","1","製造業","110","鉄鋼業","11009","その他の鉄鋼業","1~9","2","物上げ装置、運搬機械","21","動力クレーン等","211","クレーン","4","飛来、落下"
"613","2010","平成","22","7","16~17","大雨の影響で鶏舎横の裏山が崩れ土砂が鶏舎横に堆積していたため、被災者がトラクターショベルを使用して崩れた土砂を除去していた。夕刻になり帰宅中の従業員が土砂の運搬を行っていた箇所の法面下に重機が横転しているのを確認したが被災者の姿が見あたらないため帰宅した。翌日になっても、重機が横転したままになっていたため、重機の下を確認したところ、被災者が下敷きになっているのが発見された。被災者がトラクターショベルの運転操作を誤り、法面から重機が転落し、その下敷きになったものとみられる。","7","畜産・水産業","701","畜産業","70101","畜産業","10~29","1","動力機械","14","建設機械等","141","整地・運搬・積込み用機械","7","はさまれ、巻き込まれ"
"614","2010","平成","22","7","16~17","保育園に勤務する被災者が、保育園に隣接する寺の墓地において、1人で手入れ(除草等)作業を行っていたところ、熱中症により死亡した。被災者が倒れているところを第三者が発見し、救急搬送されたが病院で死亡が確認されたもの。","13","保健・衛生業","1302","社会福祉施設","130201","社会福祉施設","10~29","7","環境等","71","環境等","715","高温・低温環境","11","高温・低温の物との接触"
"615","2010","平成","22","7","17~18","被災者は被災当日、雑貨・郵便物等をトラックに積載し、運行事務所を出発した。配送後、次の目的地に向かっていたところ、国道のトンネル内で対向車線にはみ出し、対向してきたマイクロバスと正面衝突し、このマイクロバスに後続のRV車が追突したもの。この事故により被災者とマイクロバスの運転手(自営業)が死亡。マイクロバスの乗客37名およびRV車(家族連れ)2名が負傷したもの。","4","運輸交通業","403","道路貨物運送業","40301","一般貨物自動車運送業","300~499","2","物上げ装置、運搬機械","22","動力運搬機","221","トラック","17","交通事故（道路）"
"616","2010","平成","22","7","17~18","道路拡幅工事において、コンクリート擁壁の型枠組立及び解体作業中に熱中症となり、搬送先の病院で3日後に死亡したもの。","3","建設業","301","土木工事業","30199","その他の土木工事業","1~9","7","環境等","71","環境等","715","高温・低温環境","11","高温・低温の物との接触"
"617","2010","平成","22","7","8~9","公共施設の定期清掃において、2階の外部の窓清掃を行っていた被災者が高さ約4.7mから転落したもの。墜落防止措置を講じていなかった。","15","清掃・と畜業","1501","清掃・と畜業","150101","ビルメンテナンス業","100~299","4","仮設物、建築物、構築物等","41","仮設物、建築物、構築物等","418","建築物、構築物","1","墜落、転落"
"618","2010","平成","22","7","9~10","地上から高さ約5.4mの位置において、作業員2名で三角屋根の下地張りのためコンパネのくぎ打ち作業を行っていたところ、屋根上で転倒し、軒先に設置されていた鋼管足場外側の手すりと幅木の隙間から墜落し死亡した。","3","建設業","302","建築工事業","30209","その他の建築工事業","不明","4","仮設物、建築物、構築物等","41","仮設物、建築物、構築物等","415","屋根、はり、もや、けた、合掌","1","墜落、転落"
"619","2010","平成","22","7","10~11","被災者は、配送先事業場のトラックヤードにおいて手降ろしで荷降ろし作業を行っていたが、荷降ろし作業終了後、被災者が他社の車両に乗り込んだ。その車両の運転手が被災者を確認したところ意識がない状態であったため、配送先事業場従業員を通じて救急通報を行った。被災者は病院に救急搬送されるも、熱中症により死亡が確認された。","4","運輸交通業","403","道路貨物運送業","40301","一般貨物自動車運送業","10~29","7","環境等","71","環境等","715","高温・低温環境","11","高温・低温の物との接触"
"620","2010","平成","22","7","11~12","倉庫会社の倉庫前の路上において、A社の労働者Aが、B社の代表者Bと共に、当該倉庫建屋にある雨どい(高さ6.55m)を見るために、倉庫会社の労働者Cが運転するフォークリフト(最大荷重1t)のフォークに載せたパレットに乗り、地上3mまで上がったところ、労働者AとBがパレットと一緒に墜落し、労働者Aが死亡したもの。","8","商業","804","その他の商業","80409","その他の商業－その他","1~9","2","物上げ装置、運搬機械","22","動力運搬機","222","フォークリフト","1","墜落、転落"
"621","2010","平成","22","7","14~15","緑地整備ほか工事現場において、伐採後の枝や丸太の片付け作業中に倒れ、病院に運ばれたが、翌日熱射病により死亡した。","3","建設業","301","土木工事業","30199","その他の土木工事業","10~29","7","環境等","71","環境等","715","高温・低温環境","11","高温・低温の物との接触"
"622","2010","平成","22","7","15~16","メッキ用コンベアにて流れてくるメッキ加工治具を片付け作業中、崩れるように転倒した。同僚が駆けつけたところ、呼びかけには応じたが起き上がれず、次第に意識が低下した、救急搬送された時点で心肺停止し、深夜に熱中症によって死亡したもの。","1","製造業","112","金属製品製造業","11204","めっき業","10~29","7","環境等","71","環境等","715","高温・低温環境","11","高温・低温の物との接触"
"623","2010","平成","22","7","16~17","被災者は、配達後に注文書をリーダーに渡そうと指定のコンビニに向かってトラックを運転中、エアコンの調子が悪く、梅雨明けの高温高湿であったため、車内の温度が上昇して気分が悪くなった。体調を回復させようと近くのコンビニ駐車場にトラックを停めて車両から降りようとした際、崩れ落ち意識を失った。病院に搬送されるも翌日に熱中症により死亡したもの。","8","商業","801","卸売業","80101","各種商品卸売業","50~99","7","環境等","71","環境等","715","高温・低温環境","11","高温・低温の物との接触"
"624","2010","平成","22","7","17~18","ガス管埋設工事において、一般車両の交通誘導を行っていた警備員が、業務終了時刻になっても同僚との待ち合わせ場所に戻ってこなかったため探したところ、工事用機械置場前の路上に倒れていた。病院に搬送されたが死亡した。熱中症と思われる。","17","その他の事業","1702","その他の事業","170201","警備業","10~29","7","環境等","71","環境等","715","高温・低温環境","11","高温・低温の物との接触"
"625","2010","平成","22","7","8~9","山の中腹で道路の拡幅及び間伐作業をおこなうため、被災者はチェンソーにより立木A、B(いずれも直径約30センチメートル)の伐木作業を行ったところ、いずれも立木Cにかかったため、ワイヤーロープ等で引っ張る等せずに急遽Cの伐木作業を行い、ななめ後ろに退避したが、かかり木A、Bが倒れてきて被災者を直撃したものである。","6","農林業","602","林業","60201","木材伐出業","1~9","7","環境等","71","環境等","712","立木等","5","崩壊、倒壊"
"626","2010","平成","22","7","9~10","林道工事における床掘りの測量(丁張り)作業中、背後の山側の地山が崩壊し、岩盤の一部が被災者に激突し、病院に搬送中、死亡したもの。","3","建設業","301","土木工事業","30106","道路建設工事業","10~29","7","環境等","71","環境等","711","地山、岩石","5","崩壊、倒壊"
"627","2010","平成","22","7","9~10","復旧治山工事現場において、堰堤補修工事を行っていたところ、突然地山の法面が広範囲に崩壊し、その下で作業中の労働者が避難できずドラグショベルもろとも生き埋めとなり2名が死亡した。法面は風化等により不安定な状態となっており、ブレーカーの振動等の外的要因が加わって崩壊したとみられる。","3","建設業","301","土木工事業","30107","河川土木工事業","10~29","7","環境等","71","環境等","711","地山、岩石","5","崩壊、倒壊"
"628","2010","平成","22","7","9~10","復旧治山工事現場において、堰堤補修工事を行っていたところ、突然地山の法面が広範囲に崩壊し、その下で作業中の労働者が避難できずドラグショベルもろとも生き埋めとなり2名が死亡した。法面は風化等により不安定な状態となっており、ブレーカーの振動等の外的要因が加わって崩壊したとみられる。","3","建設業","301","土木工事業","30107","河川土木工事業","10~29","7","環境等","71","環境等","711","地山、岩石","5","崩壊、倒壊"
"629","2010","平成","22","7","14~15","増築工事現場において、外壁用のセメントボードに穴を開け、金具を取り付ける作業を屋外(気温約33°C)で行っていた被災者が、体調が悪い旨を職長に申し出て、現場から約70m離れた散水用の蛇口付近で休憩を取ろうと座ったところ、そのまま仰向けに倒れ意識を失った。搬送先の病院において治療を受けていたが、翌日熱中症により死亡した。","3","建設業","302","建築工事業","30201","鉄骨・鉄筋コンクリート造家屋建築工事業","1~9","7","環境等","71","環境等","715","高温・低温環境","11","高温・低温の物との接触"
"630","2010","平成","22","7","15~16","サボテンを栽培するビニールハウス内で、被災者が倒れているのを同僚により発見され、搬送先の病院で熱中症により死亡したもの。被災者は当日の午前より農薬の散布作業を行っていたが、農薬から身を守るため、防毒マスクやポリエステル製の作業着を着用していた。同日の最高気温は35.4°Cを記録していた。なお、被災者は入社3日目であった。","6","農林業","601","農業","60101","農業","30~49","7","環境等","71","環境等","715","高温・低温環境","11","高温・低温の物との接触"
"631","2010","平成","22","7","16~17","廃棄物のリサイクルセンター屋内作業場において、ベルトコンベアー上を流れる廃棄物の選別作業を行っていた。終業時間前に作業を終了させ、保護帽を掛ける場所で倒れた。病院に搬送されるも同日熱中症により死亡した。当日16時の気温は35.4°C(気象庁HP)。","15","清掃・と畜業","1501","清掃・と畜業","150102","産業廃棄物処理業","10~29","7","環境等","71","環境等","715","高温・低温環境","11","高温・低温の物との接触"
"632","2010","平成","22","7","17~18","自動車道の舗装補修工事現場の工事車線規制箇所の先端部にて、炎天下の中、単独で保安警備作業をしていた労働者が、作業場から1キロメートル離れた車線規制箇所内で倒れているところを一般通行車に発見された。病院に搬送されたが、熱中症と診断され7時間後に死亡したもの。","17","その他の事業","1702","その他の事業","170201","警備業","30~49","7","環境等","71","環境等","715","高温・低温環境","11","高温・低温の物との接触"
"633","2010","平成","22","7","18~19","被災者は、朝から夕方まで炎天下の中、屋外の資材置き場において、解体現場から持ち帰った廃材の分別作業及び片付け作業に従事していた。当日の作業が終了し、事務所へ社有車で戻る途中、体調に異変が生じ病院へ運ばれたが同日、熱中症により死亡した。","17","その他の事業","1702","その他の事業","170209","その他の事業－その他","10~29","7","環境等","71","環境等","715","高温・低温環境","11","高温・低温の物との接触"
"634","2010","平成","22","7","9~10","工場(S造平屋建)解体工事現場において、25tラフタークレーンを用いて、鉄骨の梁(H鋼、重量約1t)を2本つり上げて左旋回中、ブーム全体が右方向にしなりだし、慌てて右旋回をしたところ、補助ジブ(2段)の先端側の根本部分から折れ曲がったため、つり上げていた鉄骨の梁が、次の鉄骨のボルトを外していた被災者に落下したもの。移動式クレーンの定格荷重を超えたとみられる。","3","建設業","302","建築工事業","30201","鉄骨・鉄筋コンクリート造家屋建築工事業","1~9","2","物上げ装置、運搬機械","21","動力クレーン等","212","移動式クレーン","4","飛来、落下"
"635","2010","平成","22","7","9~10","被災者は営業所からビルメンテナンス作業場所へ自転車で出張作業に向かう途中、信号のない交差点内でトラックにはねられ、病院に搬送されたが頭部を負傷し死亡した。","17","その他の事業","1702","その他の事業","170209","その他の事業－その他","10~29","3","その他の装置等","36","人力機械工具等","362","人力運搬機","17","交通事故（道路）"
"636","2010","平成","22","7","10~11","下水道工事現場において、SPR工法で塩ビの更生管敷設作業中、接合部を確認するため製管機と既設下水道の間に頭部を入れた際、頭部を挟まれた。救急車で搬送した病院で死亡した。","3","建設業","301","土木工事業","30110","上下水道工事業","1~9","1","動力機械","14","建設機械等","149","その他の建設機械等","7","はさまれ、巻き込まれ"
"637","2010","平成","22","7","10~11","会社の構内において、同会社発注の屋内消火栓ポンプモーターの工事現場で同工事を行わせるに際し、塩を備えず、高温による労働者の健康を防止する措置を講じなかったものである。その結果、労働者1名が熱中症を発症し、1週間後に死亡した。地方気象台観測データは、気温31.2°C、湿度65%。","3","建設業","303","その他の建設業","30309","その他の建設業－その他","1~9","7","環境等","71","環境等","715","高温・低温環境","11","高温・低温の物との接触"
"638","2010","平成","22","7","15~16","被災者は、午後からゴルフコースのティーマークの位置替え、グリーンのカップの切り替え等の作業を順番に行っていた。作業開始から約1時間半後、グリーン上で倒れているところを同僚に発見された。病院に搬送されたが死亡が確認された。熱中症とみられる。","14","接客娯楽業","1403","その他の接客娯楽業","140301","ゴルフ場","100~299","7","環境等","71","環境等","715","高温・低温環境","11","高温・低温の物との接触"
"639","2010","平成","22","7","15~16","銀行での処理を終え、自転車で事務所に帰る途中の横断歩道を横断中、右折してきた軽自動車にはねられて病院に収容され、意識不明のまま3日後に死亡したもの。","15","清掃・と畜業","1501","清掃・と畜業","150101","ビルメンテナンス業","100~299","2","物上げ装置、運搬機械","23","乗物","231","乗用車、バス、バイク","17","交通事故（道路）"
"640","2010","平成","22","7","22~23","被災者は九州から首都圏へ雑貨を搬送中、高速道路の路肩に停車中に、後続して来たトラックに追突され、全身を強く打ち死亡した。被災者は事故当時、車外にいたとみられている。","4","運輸交通業","403","道路貨物運送業","40301","一般貨物自動車運送業","10~29","2","物上げ装置、運搬機械","22","動力運搬機","221","トラック","17","交通事故（道路）"
"641","2010","平成","22","7","14~15","被災者は養鶏場で採卵作業に従事し、昼休みに作業場から約1キロメートル離れた休憩所で食事をとったあと、自転車で戻る途中の道路上で突然倒れ、死亡したもの。熱中症と推定される。","7","畜産・水産業","701","畜産業","70101","畜産業","10~29","7","環境等","71","環境等","715","高温・低温環境","11","高温・低温の物との接触"
"642","2010","平成","22","7","16~17","林業機械であるグラップル(機体重量13.5t)を搬出するために、伐採現場から約8キロメートルの林道を自走中、進行方向に対して右カーブで約7度の下り坂のコンクリート舗装の地点で、右寄りに進路を取り過ぎたため、路肩をはみ出して、機械ごとバランスを崩して、右側の谷に転落して、運転していた労働者は頭部を負傷し死亡したもの。","6","農林業","602","林業","60201","木材伐出業","10~29","2","物上げ装置、運搬機械","22","動力運搬機","229","その他の動力運搬機","1","墜落、転落"
"643","2010","平成","22","7","16~17","被災者は小学校の体育館耐震改修工事において、朝から前日に解体したコンクリート等の廃棄物を体育館内で土のう袋に入れ、それを屋外のトラックに運ぶ作業を一日を通じて行った。夕方に仕事を終了し、道具等片付け後、元請会社のトラックにて元請会社まで移動中、助手席に座っていた被災者がぐったりし、反応が無くなったため、病院に搬送したが熱中症により死亡した。なお、被災者はこの日が入場初日であった。事故当時の午後の気温は35°Cを超えていた。","3","建設業","303","その他の建設業","30309","その他の建設業－その他","10~29","7","環境等","71","環境等","715","高温・低温環境","11","高温・低温の物との接触"
"644","2010","平成","22","7","17~18","新聞印刷工場から隣県の配送センターに新聞を配送するため、ワンボックスカーに新聞を積み工場を出発した。高速道路を走行中、トンネル内で故障して停車中のトラックに被災者の車が追突し、腹部等を負傷して死亡した。","4","運輸交通業","403","道路貨物運送業","40309","その他の道路貨物運送業","1~9","2","物上げ装置、運搬機械","23","乗物","231","乗用車、バス、バイク","17","交通事故（道路）"
"645","2010","平成","22","7","18~19","個人宅の築庭作業において、屋外で門から玄関に至るアプローチに張り詰める石や苔などの資材運搬、石張りや苔張りの作業補助を行っていた被災者が、作業終了前の資材の片付け作業中に熱中症を発症して入院し、翌朝に入院先の病院で熱けいれんを起こして死亡したもの。当日の天気は晴れで、最高気温は32.3°C、湿度65%であった。","6","農林業","601","農業","60101","農業","10~29","7","環境等","71","環境等","715","高温・低温環境","11","高温・低温の物との接触"
"646","2010","平成","22","7","22~23","ホテルで開催された2泊3日の会社主催の研修会に出席していた被災者が、2日目の研修終了後、宿泊ホテルの自室で坐って休んでいたところ、休みはじめて10分程経ったところで急に左後方に倒れ意識不明となった。その後医療機関に搬送され、2週間後に脳内疾病により死亡した。過重労働とみられる。","4","運輸交通業","403","道路貨物運送業","40301","一般貨物自動車運送業","30~49","9","その他","99","分類不能","999","分類不能","90","その他"
"647","2010","平成","22","7","5~6","朝新聞を配達中に民家敷地内に倒れているところを発見され、病院に搬送されたが熱中症により死亡した。","8","商業","802","小売業","80205","新聞販売業","10~29","7","環境等","71","環境等","715","高温・低温環境","11","高温・低温の物との接触"
"648","2010","平成","22","7","11~12","山中にて山岳遭難救助中、何らかの理由によりヘリコプターが墜落し、搭乗者2名が死亡したもの。なお、本件における死亡者は5名であり、うち3名は消防署隊員であったもの。運輸安全委員会にて調査中。","4","運輸交通業","401","鉄道・軌道・水運・航空業","40103","航空業","50~99","2","物上げ装置、運搬機械","23","乗物","239","その他の乗物","18","交通事故（その他）"
"649","2010","平成","22","7","11~12","山中にて山岳遭難救助中、何らかの理由によりヘリコプターが墜落し、搭乗者2名が死亡したもの。なお、本件における死亡者は5名であり、うち3名は消防署隊員であったもの。運輸安全委員会にて調査中。","4","運輸交通業","401","鉄道・軌道・水運・航空業","40103","航空業","50~99","2","物上げ装置、運搬機械","23","乗物","239","その他の乗物","18","交通事故（その他）"
"650","2010","平成","22","7","9~10","作業員6名は、災害発生地において、タンク2基の内部表面に付着したものを除去することとなった。被災者2名は、17立方mのタンク内部に入り、他の作業員から渡された足場材の設置作業を行った。内部で清掃作業中、同作業を把握していない他の労働者が攪拌機の起動スイッチを押したため、タンク内のプロペラ状攪拌機(軸はタンク内中心から垂直に立ち、3つの攪拌するプロペラ状を持つ)が回りだした。この時、被災者1名が攪拌機の巻き込まれ死亡、他の1名が打撲した。","15","清掃・と畜業","1501","清掃・と畜業","150101","ビルメンテナンス業","10~29","1","動力機械","16","一般動力機械","162","混合機、粉砕機","7","はさまれ、巻き込まれ"
"651","2010","平成","22","7","11~12","廃材を選別するコンベアのラインで作業中、ベルトコンベアを停止せずに作業を行ったため、磁選機のローラー部に右腕が巻き込まれ、死亡した。","15","清掃・と畜業","1501","清掃・と畜業","150102","産業廃棄物処理業","30~49","2","物上げ装置、運搬機械","22","動力運搬機","224","コンベア","7","はさまれ、巻き込まれ"
"652","2010","平成","22","7","14~15","客先から7F(7FとRFの2ストップ)にて小荷物専用昇降機が停止しているとの故障依頼を受け現地出動したが、現地に到着しているはずの本人(被災者)と連絡が取れないため他の保守員を現地確認に向かわせたところ、屋上の機械室内でカバーが外された制御盤に頭をつけた状態で意識を失っている被災者を発見した。救急車で病院に搬送したが、死亡が確認された。右肩が制御盤に触れて感電したとみられる。","1","製造業","117","その他の製造業","11702","機械修理業","10~29","3","その他の装置等","35","電気設備","359","その他の電気設備","13","感電"
"653","2010","平成","22","7","14~15","災害発生場所構内のごみ回収作業に従事していたところ、建物に囲まれた中庭に倒れている被災者が発見されたもの。発見時にはけいれんを起こし、意識がなかったので、救急車を要請。病院に搬送するも熱中症により死亡したもの。","17","その他の事業","1702","その他の事業","170209","その他の事業－その他","100~299","7","環境等","71","環境等","715","高温・低温環境","11","高温・低温の物との接触"
"654","2010","平成","22","7","16~17","橋脚の沓座修繕作業において、午後の休憩時に、25キログラム/袋の材料を運んだ時にふらついていた被災者を、架道橋内にコンパネを敷き休ませていた。約15分後、被災者が国道の方へ歩いて行ったのに気付いた職長が追いかけて行ったところ、被災者が国道に倒れているのを発見し、救急車で搬送したが、熱中症により死亡した。","3","建設業","301","土木工事業","30199","その他の土木工事業","1~9","7","環境等","71","環境等","715","高温・低温環境","11","高温・低温の物との接触"
"655","2010","平成","22","7","3~4","バイクで朝刊配達中、十字路交差点で軽乗用車と出合い頭に衝突し、頭を強く打つなどして搬送先病院で死亡した。被災者側に一時停止の標識があった。","8","商業","802","小売業","80205","新聞販売業","10~29","2","物上げ装置、運搬機械","23","乗物","231","乗用車、バス、バイク","17","交通事故（道路）"
"656","2010","平成","22","7","5~6","オートクレーブ(第1種圧力容器、100°C)でセメント成型板の養生が終了し、オートクレーブから成型板を載せた台車(重量約8t)を出し、外部トラバーサーに台車ごと載せるために、接続するためのレールを自動連結させていたが、レールが台車に引っかかるトラブルが発生したため、被災者他1名の労働者は、オートクレーブ内の台車14台を鉄パイプで1台ずつこじりながら入口側に移動させ、台車移動させたところ、被災者はオートクレーブ内部で熱射病のため倒れた。","1","製造業","109","窯業土石製品製造業","10909","その他の土石製品製造業","50~99","7","環境等","71","環境等","715","高温・低温環境","11","高温・低温の物との接触"
"657","2010","平成","22","7","15~16","国道において、電柱を立てる穴(直径約30センチメートル)を掘削中、国道を走行してきた乗用車が現場に進入し、作業員をはねたもの。","3","建設業","303","その他の建設業","30301","電気通信工事業","1~9","2","物上げ装置、運搬機械","23","乗物","231","乗用車、バス、バイク","17","交通事故（道路）"
"658","2010","平成","22","7","16~17","災害復旧工事現場内で土砂を2tダンプトラックで運ぶために下り坂をバックで移動中、運転を誤ってダンプが坂道を逸脱した。この際、被災者は運転席ドアと自生している斜面の木の間に首が挟まった。治療が続けられていたが、8日後に死亡した。","3","建設業","301","土木工事業","30108","砂防工事業","1~9","2","物上げ装置、運搬機械","22","動力運搬機","221","トラック","1","墜落、転落"
"659","2010","平成","22","7","19~20","エンジントラブルにより、片側4車線の左端登坂車線に停車していた観光バス(乗客34人、乗員3人)に、後方から走行してきたトラック(2t)が追突し、トラックの運転手が全身を強打し死亡したもの。トラックは、自社の製品(和菓子等)の配送を終えて、帰社途中であった。","1","製造業","101","食料品製造業","10104","パン、菓子製造業","30~49","2","物上げ装置、運搬機械","22","動力運搬機","221","トラック","17","交通事故（道路）"
"660","2010","平成","22","7","2~3","被災者は、トレーラーで国道を走行中、パーキングで休憩しようとしていた際、幅員減少を示す工事用ガードレールが設置されていることに気づかず直進したため、工事用ガードレールに激突した。その衝撃により、シートベルトを着用していなかったので運転席から車外に体を投げ出され、死亡したもの。事故当時は1時間に5.5ミリメートルの雨が降っていた。","4","運輸交通業","403","道路貨物運送業","40301","一般貨物自動車運送業","10~29","2","物上げ装置、運搬機械","22","動力運搬機","221","トラック","17","交通事故（道路）"
"661","2010","平成","22","7","8~9","被災者は、ドラグショベルのアタッチメントをグラップルソーに換装した林業用機械のわずか3m後方の位置で作業を行っていたところ、当該機械がトラックへの木材積込作業を終え、後進している途中で、後方の確認が不十分だったため、被災者を轢き、死亡したもの。誘導者はいなかった。","6","農林業","602","林業","60201","木材伐出業","1~9","1","動力機械","16","一般動力機械","169","その他の一般動力機械","7","はさまれ、巻き込まれ"
"662","2010","平成","22","7","9~10","2tトラックに積んであった検査機器を、当該機器を設置する工場付近に降ろす作業を行うため、工場敷地内の道路上にトラックを停車させ、3人の作業者がそれぞれの作業を行っていたところ、トラックの後部あおりを地上で外していた被災者に、トラック荷台に積んであった検査機器(縦53センチメートル、横74センチメートル、高さ173センチメートル、重量約120キログラム、キャスター付き)が落下し、下敷きとなり死亡した。","4","運輸交通業","403","道路貨物運送業","40301","一般貨物自動車運送業","10~29","6","荷","61","荷","612","機械装置","4","飛来、落下"
"663","2010","平成","22","7","10~11","パイロット及びカメラマンの被災者2名は、航空写真撮影のため小型飛行機に乗り、目的地に向けて飛行中、レーダーから機影が消えて行方不明となった。2日後に山中に墜落しているのを発見され、2名は収容されたが病院で死亡が確認された。事故当時は濃霧注意報が発令されており、視界不良が一因である。","4","運輸交通業","401","鉄道・軌道・水運・航空業","40103","航空業","300~499","2","物上げ装置、運搬機械","23","乗物","239","その他の乗物","18","交通事故（その他）"
"664","2010","平成","22","7","10~11","パイロット及びカメラマンの被災者2名は、航空写真撮影のため小型飛行機に乗り、目的地に向けて飛行中、レーダーから機影が消えて行方不明となった。2日後に山中に墜落しているのを発見され、2名は収容されたが病院で死亡が確認された。事故当時は濃霧注意報が発令されており、視界不良が一因である。","12","教育・研究業","1201","教育・研究業","120109","その他の教育研究業","100~299","2","物上げ装置、運搬機械","23","乗物","239","その他の乗物","18","交通事故（その他）"
"665","2010","平成","22","7","11~12","災害復旧工事用の仮設道路建設のため、ブレーカにて法面の浮石を破砕中に、浮石が滑落し、ブレーカのキャビンに飛び込み、運転していた被災者の足に激突した。その後、病院に搬送されたが6日後に死亡したもの。","3","建設業","301","土木工事業","30106","道路建設工事業","50~99","7","環境等","71","環境等","711","地山、岩石","4","飛来、落下"
"666","2010","平成","22","7","16~17","故障したトラックの出張修理依頼を受け現場に向かったが、その場での修理が困難であったことから、当該事業場の整備工場に持ち込み、キャブを前に倒しエンジンの上に跨った状態で故障個所であるターボブラケットを溶接(アーク溶接)した。夕刻になり、作業を終え事務所に戻り自分の席に座ったところ、急に呼吸を乱し机にもたれ掛かる様に意識を失った。病院に搬送されたが熱中症を発症し死亡した。","8","商業","802","小売業","80202","自動車小売業","10~29","7","環境等","71","環境等","715","高温・低温環境","11","高温・低温の物との接触"
"667","2010","平成","22","7","1~2","被災者である新聞配達員が、新聞配達中、対向車線からセンターラインをはみ出して運転していた会社員の軽トラック(酒気帯び運転)と正面衝突し、死亡したものである。","8","商業","802","小売業","80205","新聞販売業","10~29","2","物上げ装置、運搬機械","22","動力運搬機","221","トラック","17","交通事故（道路）"
"668","2010","平成","22","7","0~1","積荷を積載し事業場へ運ぶため、高速自動車道を走行中、居眠り又はわき見運転のため、前方を走行していたトラック(10t)に追突し、被災者は追突した衝撃で車外へ投げ出され死亡した。","4","運輸交通業","403","道路貨物運送業","40301","一般貨物自動車運送業","1~9","2","物上げ装置、運搬機械","22","動力運搬機","221","トラック","17","交通事故（道路）"
"669","2010","平成","22","7","10~11","SRC造、地下1階、地上7階、塔屋1階の建物解体工事現場において、5階に設置された強力サポートの撤去作業に従事していた被災者が、梁下に設置された強力サポートを取り外すためハンマーを使って緩めていたところ、天井に取り付けられていた空調用のダクト内に大量のコンクリートガラが詰まっており、その重量に耐えられなくなったダクトが突然被災者の上に落下し、その下敷きになったもの。","3","建設業","302","建築工事業","30209","その他の建築工事業","30~49","3","その他の装置等","39","その他の装置、設備","391","その他の装置、設備","4","飛来、落下"
"670","2010","平成","22","7","11~12","貨物自動車(2tトラック)の荷台にかぼちゃの入った重さ約500キログラムのコンテナと労働者3名を載せ、コンテナが荷台よりも若干大きく、あおりを閉めないまま市道を走行していた。T字路交差点を右折する際、固定されていなかったコンテナとともに労働者3名が高さ0.7mの荷台から路上に転落し、1人が頭を強打し、約3時間後に死亡したもの。残り2人も頭部等打撲し、休業した。","6","農林業","601","農業","60101","農業","10~29","2","物上げ装置、運搬機械","22","動力運搬機","221","トラック","1","墜落、転落"
"671","2010","平成","22","7","11~12","被災者が、ダンプトラックの後輪タイヤ(直径1m、重さ約100キログラム)のパンク修理を行った後、修理済みの当該タイヤをダンプトラック本体に取付けようとした際に、当該タイヤの内部チューブが破裂し、被災者がタイヤもろとも風圧により飛ばされ、地面に激突したもの。","8","商業","802","小売業","80209","その他の小売業","1~9","3","その他の装置等","37","用具","379","その他の用具","15","破裂"
"672","2010","平成","22","7","15~16","被災者はパンクしたダンプトラック(10t)のフロントタイヤ(外径1010ミリメートル、幅255ミリメートル)の修理のため、車庫内で人力でタイヤレバーにより鋼製のホイールにタイヤを組み込み、コンプレッサーにより空気を充填していたところ、ドーンという音とともに空気がタイヤとホイールの隙間から漏れて、タイヤとホイールが真上に飛び上がり、被災者の顔面と頭部を直撃し、6.9m上の天井に当たり落下したもの。なお、タイヤは破裂していなかった。","4","運輸交通業","403","道路貨物運送業","40301","一般貨物自動車運送業","10~29","5","物質、材料","52","材料","529","その他の材料","4","飛来、落下"
"673","2010","平成","22","7","17~18","瓦葺替え工事のため、2階建て家屋の屋根上において下地板の釘打ちをしていたところ、高さ約8.27mの軒先からコンクリート地面に墜落した。囲い、手すり及び親綱等の墜落防止措置が講じられていなかった。また、被災者は保護帽を着用していなかった。","3","建設業","302","建築工事業","30202","木造家屋建築工事業","1~9","4","仮設物、建築物、構築物等","41","仮設物、建築物、構築物等","415","屋根、はり、もや、けた、合掌","1","墜落、転落"
"674","2010","平成","22","7","2~3","国道を4tトラックで運転中、交差点にトラック2台(10t車と4t車)が信号待ちで止まっていた。しかし、被災者は過労による居眠りで赤信号に気付かず、停車している4tトラックに追突した。さらに4tトラックはその前のトラック(10t)に追突した。","4","運輸交通業","403","道路貨物運送業","40302","特定貨物自動車運送業","10~29","2","物上げ装置、運搬機械","22","動力運搬機","221","トラック","17","交通事故（道路）"
"675","2010","平成","22","7","5~6","被災者の運転する冷蔵冷凍車(最大積載量2100キログラム)が、パーキングエリアに進入しようとして減速した大型トラックに追突したもの。","4","運輸交通業","403","道路貨物運送業","40301","一般貨物自動車運送業","10~29","2","物上げ装置、運搬機械","22","動力運搬機","221","トラック","17","交通事故（道路）"
"676","2010","平成","22","7","13~14","住宅周辺の樹木の剪定作業中、蜂に刺され、病院に搬送されたが、その後ショックにより死亡したものである。","6","農林業","601","農業","60101","農業","1~9","7","環境等","71","環境等","719","その他の環境等","90","その他"
"677","2010","平成","22","7","16~17","被災者は新聞代の集金のため自転車で業務を行っていたところ、急なこう配の坂を下り、減速しようとブレーキをかけようとしたが、整備不良によりブレーキが効かず、人家の塀に激突し全身を強打した。病院に運ばれたが、次の日に死亡した。","8","商業","802","小売業","80205","新聞販売業","10~29","3","その他の装置等","36","人力機械工具等","362","人力運搬機","17","交通事故（道路）"
"678","2010","平成","22","7","1~2","被災者が同乗していたワゴン車が、前を走行していたトラックを追い越して走行車線に戻った際、スピード超過によりトンネルの側壁等に衝突。被災者は車外へ投げ出されて死亡した。","14","接客娯楽業","1403","その他の接客娯楽業","140309","その他の接客娯楽業－その他","1~9","2","物上げ装置、運搬機械","23","乗物","231","乗用車、バス、バイク","17","交通事故（道路）"
"679","2010","平成","22","7","5~6","工場の労働者が朝、出勤したところ、運送会社所属の被災者が、フォークリフトの前面パネルに立ち上がり、マストと運転席の屋根の間に胸部を挟まれて死亡しているのを発見したもの。荷(グラスファイバー、1袋15キログラム)の位置を調整しようとして前面パネルに立ち上がった際、足がチルトレバーに触れて挟まれたものとみられる。","4","運輸交通業","403","道路貨物運送業","40301","一般貨物自動車運送業","50~99","2","物上げ装置、運搬機械","22","動力運搬機","222","フォークリフト","7","はさまれ、巻き込まれ"
"680","2010","平成","22","7","4~5","被災者は朝刊配達のためバイクで道路を走行中、居眠り運転の対向車がセンターラインを越えてきたため衝突した。","8","商業","802","小売業","80205","新聞販売業","30~49","2","物上げ装置、運搬機械","23","乗物","231","乗用車、バス、バイク","17","交通事故（道路）"
"681","2010","平成","22","8","0~1","6日前に発生したヘリコプター墜落現場を取材するため、事故前日、被災者2名がガイドと共に国道沿いから徒歩で入山したが、墜落現場が確認できず、いったん入山地点まで戻った。その後、被災者2名のみで再び入山するものの、夜から連絡が取れなくなった。山岳救助隊が捜索し、死亡(溺死)している2人を発見した。","11","通信業","1101","通信業","110101","通信業","1000~9999","7","環境等","71","環境等","713","水","10","おぼれ"
"682","2010","平成","22","8","0~1","6日前に発生したヘリコプター墜落現場を取材するため、事故前日、被災者2名がガイドと共に国道沿いから徒歩で入山したが、墜落現場が確認できず、いったん入山地点まで戻った。その後、被災者2名のみで再び入山するものの、夜から連絡が取れなくなった。山岳救助隊が捜索し、死亡(溺死)している2人を発見した。","11","通信業","1101","通信業","110101","通信業","1000~9999","7","環境等","71","環境等","713","水","10","おぼれ"
"683","2010","平成","22","8","12~13","被災者は1人でセルフスタンドの敷地内の屋外で、朝からミキサー車のホッパー部をアーク溶接により補修作業を行っていた。昼休み後、当該敷地に隣接する会社の従業員がミキサー車のホッパー部で上半身を伏せている被災者を発見した。救急車を呼び病院に搬送したが熱中症により死亡した。","4","運輸交通業","403","道路貨物運送業","40301","一般貨物自動車運送業","10~29","7","環境等","71","環境等","715","高温・低温環境","11","高温・低温の物との接触"
"684","2010","平成","22","8","13~14","製鉄所のユーティリティー配管工事において、張り出し足場解体作業中、高さ約8mの作業床上で作業中、地上に墜落したもの。頭部を損傷し、集中治療を施していたが、約1週間後、治療中の病院で死亡したもの。","3","建設業","302","建築工事業","30203","建築設備工事業","30~49","4","仮設物、建築物、構築物等","41","仮設物、建築物、構築物等","411","足場","1","墜落、転落"
"685","2010","平成","22","8","18~19","被災労働者(訪問介護員)の運転する軽乗用車が国道(片側1車線)を通行中、対向してきたピックアップトラック(普通貨物車)と正面衝突したため、死亡したもの。対向の普通貨物車がセンターラインを超えてきたとみられる。","13","保健・衛生業","1302","社会福祉施設","130201","社会福祉施設","10~29","2","物上げ装置、運搬機械","22","動力運搬機","221","トラック","17","交通事故（道路）"
"686","2010","平成","22","8","4~5","被災者2名は運転代行業務を終え事業場へ戻るべく、社有車(軽自動車)で国道を走行していたところ、前方左側車線に停車していたトレーラーに気付かず、トレーラー後部へ激突し、2名が死亡した。","17","その他の事業","1702","その他の事業","170209","その他の事業－その他","30~49","2","物上げ装置、運搬機械","23","乗物","231","乗用車、バス、バイク","17","交通事故（道路）"
"687","2010","平成","22","8","4~5","被災者2名は運転代行業務を終え事業場へ戻るべく、社有車(軽自動車)で国道を走行していたところ、前方左側車線に停車していたトレーラーに気付かず、トレーラー後部へ激突し、2名が死亡した。","17","その他の事業","1702","その他の事業","170209","その他の事業－その他","30~49","2","物上げ装置、運搬機械","23","乗物","231","乗用車、バス、バイク","17","交通事故（道路）"
"688","2010","平成","22","8","11~12","国道のバイパス(片側1車線)で、走行中の普通トラックがセンターラインをオーバーし、対向車線を走行していた小型乗用車の側面に接触した後、小型乗用車の後続の大型トラックと正面衝突をした。普通トラックを運転していた運転手が重傷(その後病院で死亡)、小型乗用車に乗っていた家族連れ3名が軽傷、大型トラックを運転していた運転手が軽傷を負った。普通トラック運転手のわき見運転とみられている。","4","運輸交通業","403","道路貨物運送業","40301","一般貨物自動車運送業","30~49","2","物上げ装置、運搬機械","22","動力運搬機","221","トラック","17","交通事故（道路）"
"689","2010","平成","22","8","11~12","海底の波浪計の撤去作業において、被災者を含む潜水士2名が水深52mの海底で、作業船を係留するためにロープを波浪計の架台に結び付ける作業をし船上に上がったところ、被災者は背中の痛みを訴え発症し、3日後、入院先の病院で減圧症により死亡した。被災者の潜水時間は12分(うち潜降に要した時間3分)であり、海底から水深6mまでの所要時間4分、水深6mで3分、その後水深3mで6分間の減圧をそれぞれしていた。","3","建設業","301","土木工事業","30111","港湾海岸工事業","10~29","7","環境等","71","環境等","714","異常環境等","12","有害物等との接触"
"690","2010","平成","22","8","13~14","橋梁のつり足場用部材(単管5m×8本、合計重量108キログラム)を、橋脚上の仮資材置き場(高さ約28m)へ運ぶため、被災者が地上で部材とベビーホイスト(定格荷重180キログラム)のフックにワイヤロープ2本を掛け、橋脚上のベビーホイスト運転者が高さ約27m近くまで部材を巻き上げたところ、単管を結束していなかったので荷が崩れ、単管が荷の下にいた被災者の頭部に落下し負傷したもの。すぐに病院に運ばれたが3日後に死亡した。","3","建設業","301","土木工事業","30105","橋梁建設工事業","1~9","6","荷","61","荷","611","荷姿の物","4","飛来、落下"
"691","2010","平成","22","8","20~21","被災者は観光客送迎用バスの運転業務を行っていたが、観光客を宿に降ろして、バスを駐車位置に移動させた後、バスから100m離れた事務所に戻る途中、バスから22mの所で道路脇の川に転落し、死亡した。翌日、川底に倒れているのが発見された。","14","接客娯楽業","1401","旅館業","140101","旅館業","1~9","4","仮設物、建築物、構築物等","41","仮設物、建築物、構築物等","417","通路","1","墜落、転落"
"692","2010","平成","22","8","21~22","高速道路を走行中、前方のトレーラーに追突し、2名が死亡したもの。","3","建設業","303","その他の建設業","30302","機械器具設置工事業","10~29","2","物上げ装置、運搬機械","22","動力運搬機","221","トラック","17","交通事故（道路）"
"693","2010","平成","22","8","21~22","高速道路を走行中、前方のトレーラーに追突し、2名が死亡したもの。","3","建設業","303","その他の建設業","30302","機械器具設置工事業","10~29","2","物上げ装置、運搬機械","22","動力運搬機","221","トラック","17","交通事故（道路）"
"694","2010","平成","22","8","9~10","山中の竹林において、被災者が2tダンプトラックに積んだ筍用の肥料を荷台を傾けて降ろしていたところ、傾斜地であったため当該トラックが転倒し、運転席から降りて荷台を操作していた被災者が下敷きとなったもの。","6","農林業","601","農業","60101","農業","1~9","2","物上げ装置、運搬機械","22","動力運搬機","221","トラック","7","はさまれ、巻き込まれ"
"695","2010","平成","22","8","13~14","S造1階建工場のスレート葺屋根上(棟高6.5m)において、スレート板と梁を結ぶフックを切断する作業を行っていたところ、被災者(安全帯・保護帽着用)がスレート板を踏み抜いて地面(コンクリート土間)に墜落したもの。歩み板や防網の設置等の踏み抜き防止措置が講じられていなかった。","3","建設業","302","建築工事業","30201","鉄骨・鉄筋コンクリート造家屋建築工事業","30~49","4","仮設物、建築物、構築物等","41","仮設物、建築物、構築物等","415","屋根、はり、もや、けた、合掌","1","墜落、転落"
"696","2010","平成","22","8","16~17","森林で刈り払い機を使用して下草刈りを行っていた作業者が作業終了後、片付けをしているときに倒れているところを同僚が発見した。病院に搬送され熱中症と診断され入院したが、翌日早朝死亡した。当日の最高気温は32.4°C。被災者は雇用されて2日目であった。","6","農林業","602","林業","60209","その他の林業","30~49","7","環境等","71","環境等","715","高温・低温環境","11","高温・低温の物との接触"
"697","2010","平成","22","8","11~12","被災者は、集材作業を行うため、林内作業車(スキッダ)を運転し土場から伐採現場に向け作業道を走行していた。林内作業車の後方に集材用ウインチが設置されていることから、伐採現場には作業道の途中の三差路で方向転換し後進で向かう必要があり、林内作業車を数回切り返していたところ、路肩から林内作業車ごと転落した。林内作業車は、法面を100m転落し、被災者は法面の高さ約70mのところで、運転席から投げ出された。","6","農林業","602","林業","60201","木材伐出業","30~49","2","物上げ装置、運搬機械","22","動力運搬機","229","その他の動力運搬機","1","墜落、転落"
"698","2010","平成","22","8","11~12","被災者は、木造2階建て民家のリフォーム工事のため、天井の張り替え工事を1人で行っていた。午後になり左官作業員が現場に戻ってきたところ作業が進んでいる様子がなかったので、被災者が作業をしていた屋根裏を覗いたところ、動きも応答もなかったため救急車を呼んだが死亡した。外気温は約33°Cであり、作業場所の屋根裏はそれ以上の気温であったため、熱中症になったとみられる。","3","建設業","302","建築工事業","30202","木造家屋建築工事業","1~9","7","環境等","71","環境等","715","高温・低温環境","11","高温・低温の物との接触"
"699","2010","平成","22","8","15~16","サイレントパイラー(油圧式杭圧入機)のオーバーホールを終え、その組立時、オーガ(駆動部)にケーシングを接続する作業にて、オーガにケーシング内部のスクリューを接続し、次に抜け止め用接続ピンを打ち込む段階で、被災者はピン孔の位置を調整しようとケーシングの近傍に立ち、手持ちのリモコンを操作してスクリューを微回転させようとしたが、リモコン操作を誤り、正常回転ボタンを押してしまい、ケーシングとスクリューが治具で固定されていたためケーシングが転動し、被災者が轢かれた。","1","製造業","117","その他の製造業","11701","自動車整備業","30~49","1","動力機械","14","建設機械等","149","その他の建設機械等","7","はさまれ、巻き込まれ"
"700","2010","平成","22","8","17~18","事業場敷地内において、被災者がフォークリフトを空荷の状態で運転して坂道を後進で下りていたところ、右後輪が坂道右側の土手に乗り上げフォークリフトごと横転した。その際に、被災者はフォークリフトのヘッドガードのフレームに胸部をはさまれ死亡した。","6","農林業","601","農業","60101","農業","1~9","2","物上げ装置、運搬機械","22","動力運搬機","222","フォークリフト","2","転倒"
"701","2010","平成","22","8","19~20","被災者は、早朝からトウモロコシ畑で害虫の防除作業中、夜になっても作業場へ戻ってこないため、不審に思った社長が畑へ掛け付けたところ、畑の中で倒れていたのを発見した。","6","農林業","601","農業","60101","農業","1~9","7","環境等","71","環境等","715","高温・低温環境","11","高温・低温の物との接触"
"702","2010","平成","22","8","10~11","被災者は6階建ビルの窓拭き作業のため、屋上において、ビル外壁を下るための「ブランコ(通称)」を取付けるメインロープを盛り替える途中、何らかの原因で屋上から22.3m下の当該ビルのアスファルト駐車場に墜落したもの。","15","清掃・と畜業","1501","清掃・と畜業","150101","ビルメンテナンス業","1~9","4","仮設物、建築物、構築物等","41","仮設物、建築物、構築物等","418","建築物、構築物","1","墜落、転落"
"703","2010","平成","22","8","18~19","山間部の地質調査中に死亡した。被災者と同僚の2名はレンタカーに乗り合わせ滞在先のホテルを出発して、現地付近に到着し、別々に調査場所へ向け入山した。調査を終えた同僚が、出発地点にて待ち合わせ時間に被災者が来ないため、1人で捜索を開始。その後、警察も加わり捜索したところ、翌日の早朝、調査範囲内にある水深1m程の沼地にて溺死している被災者が発見された。","17","その他の事業","1702","その他の事業","170209","その他の事業－その他","500~999","7","環境等","71","環境等","713","水","10","おぼれ"
"704","2010","平成","22","8","20~21","工場内で倒れていた被災者を発見し、救急搬送したが熱中症により死亡した。被災者の当日の所定労働時間に加えて2時間30分の残業をしていた。","1","製造業","104","木材・木製品製造業","10402","合板製造業","50~99","7","環境等","71","環境等","715","高温・低温環境","11","高温・低温の物との接触"
"705","2010","平成","22","8","7~8","事業場で冷凍食材を4tトラックに積み込み、配送先に向かう途中に交差点に差しかかったところ、信号待ちで停止していたダンプトラックの後部に追突した。","4","運輸交通業","403","道路貨物運送業","40301","一般貨物自動車運送業","50~99","2","物上げ装置、運搬機械","22","動力運搬機","221","トラック","17","交通事故（道路）"
"706","2010","平成","22","8","8~9","都市ガス用熱量調整設備の新築工事現場において、被災者4名は、掘削溝内の新設配管に防食シートを巻くための下地処理として、配管外面を計4台のLPガスバーナーで炙り、予熱、乾燥させていたところ、内1台のLPガスボンベが既設配管上から転落し、転落の際、掘削溝内の他の既設配管、または地上に落下した際の衝撃によって元弁と圧力調整器との接続金具が破断してLPガスが漏れ、使用中のバーナーが着火源となって、火災が発生し被災した。その後、治療を受けていたが、1名が4カ月半後に死亡したもの。","3","建設業","302","建築工事業","30203","建築設備工事業","10~29","5","物質、材料","51","危険物、有害物等","513","可燃性のガス","16","火災"
"707","2010","平成","22","8","12~13","自動車整備工場塗装作業前処理のマスキング作業中、熱中症を発症して意識が朦朧とし、立ち上がれなくなったもの。救急車で病院に搬送され、入院加療中であったが、約20日後に死亡したもの。","1","製造業","117","その他の製造業","11701","自動車整備業","10~29","7","環境等","71","環境等","715","高温・低温環境","11","高温・低温の物との接触"
"708","2010","平成","22","8","19~20","木製品製造工場において、当日の作業終了後、被災者は作業場の清掃を行っていたが、その後、意識を失って倒れているところを発見された。搬送先の病院で死亡が確認された。高温多湿な作業環境下での業務により、熱中症を発症したもの。","1","製造業","104","木材・木製品製造業","10402","合板製造業","100~299","7","環境等","71","環境等","715","高温・低温環境","11","高温・低温の物との接触"
"709","2010","平成","22","8","2~3","4tトラックを運転中していた被災者が、片側3車線道路の左側車線上で信号待ちのため停車していた10tトラックに追突、死亡したもの。","4","運輸交通業","403","道路貨物運送業","40301","一般貨物自動車運送業","10~29","2","物上げ装置、運搬機械","22","動力運搬機","221","トラック","17","交通事故（道路）"
"710","2010","平成","22","8","10~11","早朝より被災者を含む4人で刈払機を使用した草刈りを開始した。2時間ほどして被災者は同僚に蜂にさされたことを告げて休憩した。約30分後、担当場所にもどる被災者を同僚が目撃した。その30分後、担当場所で被災者が蜂に刺されによる「アナフィラキシーショック」で倒れ死亡しているのを同僚の作業員が発見した。","6","農林業","602","林業","60209","その他の林業","1~9","9","その他","91","その他の起因物","911","その他の起因物","90","その他"
"711","2010","平成","22","8","8~9","タクシー乗客を乗せ走行中、潜水橋(幅約2m)を渡る途中で、運転操作を誤り、橋の縁石を左前輪より乗り越え、横転しながら約2m(橋~水面)転落し、水深1mの川に裏返しの状態で運転席が水没したもの。","4","運輸交通業","402","道路旅客運送業","40201","ハイヤー・タクシー業","30~49","2","物上げ装置、運搬機械","23","乗物","231","乗用車、バス、バイク","17","交通事故（道路）"
"712","2010","平成","22","8","1~2","被災者は依頼者の軽自動車の代行運転中、対向してきた軽自動車が脇見運転か居眠り運転によって中央線をはみ出してきたため衝突して横転した。被災者が死亡、同乗していた依頼者も重傷を負った。相手車は後続の随伴車にも衝突し、随伴車を運転していた同僚の運転者も打撲の軽傷を負った。なお、対向車に乗っていた4名にけがはなかった。","17","その他の事業","1702","その他の事業","170209","その他の事業－その他","10~29","2","物上げ装置、運搬機械","23","乗物","231","乗用車、バス、バイク","17","交通事故（道路）"
"713","2010","平成","22","8","12~13","昼食を終えて、飲食店の駐車場に停めていたトラックに乗り込む際に、ドライバーが運転席に座らずギアを確認せずにエンジンを始動したところ、ギヤが入っていたため前進し、前方にいた被災者に激突し、被災者はトラックとフェンスに胸部を挟まれ圧死したもの。","4","運輸交通業","403","道路貨物運送業","40301","一般貨物自動車運送業","30~49","2","物上げ装置、運搬機械","22","動力運搬機","221","トラック","6","激突され"
"714","2010","平成","22","8","16~17","土木工事現場から地盤改良の機械(17t)を大型トレーラーに積み帰社途中、長い下り坂でブレーキがベーパーロック現象を起こしてブレーキが効かなくなり、道路左側のコンクリート製防護壁に衝突した。その弾みで道路脇に駐車していた軽トラックに衝突し、被災者は車外に投げ出されて頭を強く打ち死亡したもの。","4","運輸交通業","403","道路貨物運送業","40301","一般貨物自動車運送業","50~99","2","物上げ装置、運搬機械","22","動力運搬機","221","トラック","17","交通事故（道路）"
"715","2010","平成","22","8","16~17","林道建設予定地の山林を測量中の作業員が移動中に、体勢のバランスを崩す又は足を滑らす等により、斜度45度から60度の斜面を約30m滑落し、頭部等を強打し死亡したもの。","3","建設業","301","土木工事業","30106","道路建設工事業","30~49","7","環境等","71","環境等","711","地山、岩石","1","墜落、転落"
"716","2010","平成","22","8","16~17","船体ブロックを組み立てるため、アーク溶接機を使用し仮付け溶接作業中、右手に溶接ホルダーを、左手に溶接ホルダーを挟んだ溶接棒を握った状態で倒れているのを同僚から発見された。被災者には左側胸部及び左側上腕内部に電流班が認められた。","1","製造業","115","輸送用機械等製造業","11501","造船業","1~9","3","その他の装置等","33","溶接装置","332","アーク溶接装置","13","感電"
"717","2010","平成","22","8","17~18","外壁改修工事において、既存のタイル壁に下地となるセメントを塗る作業中、単管足場(一側足場)の鋼製布板上(高さ1.94m)で作業していたところ、墜落したもの。病院に搬送されたが、約10日後に死亡が確認された。","3","建設業","302","建築工事業","30201","鉄骨・鉄筋コンクリート造家屋建築工事業","1~9","4","仮設物、建築物、構築物等","41","仮設物、建築物、構築物等","411","足場","1","墜落、転落"
"718","2010","平成","22","8","9~10","貯蔵しているフライアッシュのサイロからの出が悪くなった。その原因となったサイロ壁面に付着したフライアッシュを落とすためにサイロ上部のハッチからサイロ内部に設置されている垂直タラップを降りたところ、転落してフライアッシュ内に埋没し、死亡した。","1","製造業","109","窯業土石製品製造業","10909","その他の土石製品製造業","30~49","3","その他の装置等","39","その他の装置、設備","391","その他の装置、設備","1","墜落、転落"
"719","2010","平成","22","8","10~11","平屋である長屋のリフォーム工事において、屋根の撤去を行うため、屋根上で瓦を取り外し、瓦の下に敷いていた板等を地面まで落としていたところ、屋根の端から地面まで高さ約2.8m墜落し、1週間後に死亡したもの。","3","建設業","302","建築工事業","30209","その他の建築工事業","1~9","4","仮設物、建築物、構築物等","41","仮設物、建築物、構築物等","415","屋根、はり、もや、けた、合掌","1","墜落、転落"
"720","2010","平成","22","8","11~12","被災者運転の軽トラックが国道を走行中、運転を誤って中央分離帯を乗り越え反対車線に入ってきたトラックと衝突したもの。現場は片側2車線のほぼ直線の道路であり、後続車など4台が関係する事故となった。","4","運輸交通業","403","道路貨物運送業","40303","貨物軽自動車運送業","10~29","2","物上げ装置、運搬機械","22","動力運搬機","221","トラック","17","交通事故（道路）"
"721","2010","平成","22","8","16~17","被災者が、業務で担当している会社を訪問するため、国道交差点の横断歩道を横断していたところ、同交差点を右折しようとしたトラックにはねられ、死亡したもの。","9","金融・広告業","901","金融業","90103","保険業","50~99","2","物上げ装置、運搬機械","22","動力運搬機","221","トラック","17","交通事故（道路）"
"722","2010","平成","22","8","2~3","高速自動車道の追越車線を走行中、速度超過に伴う運転操作の誤りによって右ガードレールに接触し、その反動で左路壁に衝突した。さらに路壁に衝突した反動で車が回転し、走行車線を塞ぐように停止し、助手席に乗っていた被災者は車外へ投げ出された。その後、後ろから走行して来た大型トラックが走行車線上に止まっていた車に追突し、車外に投げ出されていた被災者をひいた。","15","清掃・と畜業","1501","清掃・と畜業","150109","その他の清掃・と畜業","1~9","2","物上げ装置、運搬機械","23","乗物","231","乗用車、バス、バイク","17","交通事故（道路）"
"723","2010","平成","22","8","9~10","軽トラックで、当日の朝に出発して事業場へ荷物を届けて帰社する途中、国道の直線部分の終わる付近で運転操作を誤って、道路左側の歩道にある水銀灯の支柱に衝突した。病院に搬送されたが2日後に死亡した。","4","運輸交通業","403","道路貨物運送業","40301","一般貨物自動車運送業","1~9","2","物上げ装置、運搬機械","22","動力運搬機","221","トラック","17","交通事故（道路）"
"724","2010","平成","22","8","13~14","被災者は、フォークリフトを使用してコンテナ車から荷降ろし作業中にドックレベラー(プラットホームからコンテナ車への渡り板)上で幅寄せ(バックしながら右側に寄せていた)を行っていた時、右後輪がドックレベラーから脱輪したため、フォークリフトの体勢を立て直す操作を行っていたところ、プラットホーム端部から90センチメートル下のアスファルト路面上へフォークリフトとともに転落し、フォークリフトの下敷きになった。","4","運輸交通業","403","道路貨物運送業","40301","一般貨物自動車運送業","50~99","2","物上げ装置、運搬機械","22","動力運搬機","222","フォークリフト","1","墜落、転落"
"725","2010","平成","22","8","16~17","被災者は、夏季休暇前の工場内の排水溝内の清掃作業で出た堆積・固化したコンクリートのノロを入れたトンパック1袋をフォークリフトの右側フォークに片掛けで吊り下げて、構内の集積場に向かい走行していた。その途中の坂道を右カーブする際に、偏荷重となり車体バランスが崩れ、フォークリフトが右側に横転した。被災者は、運転席から投げ出されてヘッドガードと地面に身体を挟まれ、同日搬送先病院で死亡が確認された。","1","製造業","109","窯業土石製品製造業","10901","セメント・同製品製造業","1~9","2","物上げ装置、運搬機械","22","動力運搬機","222","フォークリフト","2","転倒"
"726","2010","平成","22","8","9~10","地下3階の貸金庫の鍵が開かない旨、被災者は上司に報告し、この上司を先導し1階から地下3階へ階段を利用し降りた。先に立ち廊下を貸金庫のある室に向かっていたが、途中、地下4階に至る階段の方に急に左折し(理由不明)、階段の最上部で倒れ、踊り場まで12段、高さ約2.4m墜落したもの。頭部を打ち、搬送先の病院で死亡した。","9","金融・広告業","901","金融業","90101","銀行・信託業","1000~9999","4","仮設物、建築物、構築物等","41","仮設物、建築物、構築物等","413","階段、桟橋","1","墜落、転落"
"727","2010","平成","22","8","9~10","中学校の屋上防水工事で、ロール状(1m×16m)の防水シートを貼る作業において、これにより発生する接着面をカバーしていた、剥離紙の片付け、たたみ作業を後退しながらしていた被災者が、屋上(高さ16.2m)の端に気が付かずに端から墜落し死亡した。","3","建設業","302","建築工事業","30209","その他の建築工事業","10~29","4","仮設物、建築物、構築物等","41","仮設物、建築物、構築物等","418","建築物、構築物","1","墜落、転落"
"728","2010","平成","22","8","11~12","組み立て中の足場の下から7層目(高さ約13m)に朝顔(落下防止棚)設置中、支持用の単管に足場板のつかみ金具をはめこむため、その足場板に乗って、体重をかけてはめ込んでいたところ、何らかの原因で足場板がはずれ、地上に墜落したもの。","3","建設業","303","その他の建設業","30309","その他の建設業－その他","1~9","4","仮設物、建築物、構築物等","41","仮設物、建築物、構築物等","411","足場","1","墜落、転落"
"729","2010","平成","22","8","11~12","病院の内装工事で撤去しようとしていた壁(コンクリートブロックを積み上げモルタルで固めたもの。一部に鉄筋が入り)が天井から離れて下に垂れ下がってきたので、その壁を被災者他4名で支えようとしたところ、壁が突然作業者側に倒れてきて、被災者が倒れてきた壁に激突されて死亡したもの。","3","建設業","302","建築工事業","30201","鉄骨・鉄筋コンクリート造家屋建築工事業","10~29","4","仮設物、建築物、構築物等","41","仮設物、建築物、構築物等","418","建築物、構築物","5","崩壊、倒壊"
"730","2010","平成","22","8","16~17","同社のA、BプラントのうちBプラントを1人で担当していた被災者は、事故の約1時間前、Bプラントのコンベヤーに石が詰まり蛇行しているため、コンベヤーを停止する旨、他の労働者に伝え同所に向かった。被災者はコンベヤ(ロープ式非常停止装置あり)を停止させずローラー部に詰まった石を除去しようとみられ、ローラーとベルトの間に右腕を巻き込まれた状態で発見されたもの。","1","製造業","109","窯業土石製品製造業","10909","その他の土石製品製造業","1~9","2","物上げ装置、運搬機械","22","動力運搬機","224","コンベア","7","はさまれ、巻き込まれ"
"731","2010","平成","22","8","4~5","事務所内で待機しているとき、何者かに鉱物油を撒かれ、火をつけられた。","8","商業","802","小売業","80204","燃料小売業","1~9","9","その他","99","分類不能","999","分類不能","99","分類不能"
"732","2010","平成","22","8","1~2","被災者の運転する大型トレーラーが県道を走行中、縁石に乗り上げ民家のブロック塀に衝突して横転しコンテナ部分が炎上した。被災者は運転席から投げ出された状態で発見された。","4","運輸交通業","403","道路貨物運送業","40301","一般貨物自動車運送業","10~29","2","物上げ装置、運搬機械","22","動力運搬機","221","トラック","17","交通事故（道路）"
"733","2010","平成","22","8","4~5","バイクにて新聞配達中、見通しのよい直線道路(幅4m、センターラインなし)で対向してきた乗用車と衝突し、被災者は外傷性ショックにより死亡した。乗用車は酒気帯び運転の疑い。","8","商業","802","小売業","80205","新聞販売業","10~29","2","物上げ装置、運搬機械","23","乗物","231","乗用車、バス、バイク","17","交通事故（道路）"
"734","2010","平成","22","8","10~11","帆立生処理工場内において、被災者は1人で高圧洗浄機を使用して工場内の機械の清掃作業を行っていた。上司が工場の内線電話に連絡したが応答しないことから上司が工場内を見に行ったところ、トンネルフリーザーへ原料を搬送するベルトコンベヤーの下部で、ローラーに着衣(合羽)を巻き込まれた状態で発見されたもの。被災者がベルトコンベヤーを稼働させたままローラー部分に接近したとみられる。","1","製造業","101","食料品製造業","10102","水産食料品製造業","100~299","2","物上げ装置、運搬機械","22","動力運搬機","224","コンベア","7","はさまれ、巻き込まれ"
"735","2010","平成","22","8","10~11","都市高速の出口から国道へ入る際、わき見運転により道路を外れて橋脚に衝突し死亡した。","8","商業","801","卸売業","80101","各種商品卸売業","1~9","2","物上げ装置、運搬機械","23","乗物","231","乗用車、バス、バイク","17","交通事故（道路）"
"736","2010","平成","22","8","13~14","休憩を終え5階の従業員食堂から3階の担当売場に戻ろうとした労働者が、階段部分でバランスを崩して転倒し、4、5階間の踊場で頭部から血を流し倒れているところを発見されたもの。病院に運ばれ治療を受けたが、9日後に頭部負傷により死亡したもの。階段は、踊場まで12段あり、踏面21センチメートル、蹴上18センチメートル、幅185センチメートルであった。","8","商業","802","小売業","80201","各種商品小売業","100~299","4","仮設物、建築物、構築物等","41","仮設物、建築物、構築物等","413","階段、桟橋","1","墜落、転落"
"737","2010","平成","22","8","22~23","被災者は、米ぬかから油を抽出する製造工程において、サイロから抽出プラントに原料を投入する工程の管理を行っていたが、サイロから原料が出てこなくなったため、機械を停止せずに被災者が1人でサイロ上部よりサイロ内のコンベヤを動かしたままサイロ内に入り、固まった原料をスコップで崩していたところ、原料と一緒にコンベヤーでサイロ出口まで搬送され、抽出プラントに原料を搬送するスクリューコンベヤーに巻き込まれたもの。","1","製造業","101","食料品製造業","10109","その他の食料品製造業","10~29","2","物上げ装置、運搬機械","22","動力運搬機","224","コンベア","7","はさまれ、巻き込まれ"
"738","2010","平成","22","8","3~4","新聞配達(朝刊)中の被災者がバイクに乗り国道を横断していたとき、国道を走行してきた乗用車の前方不注意によりはねられ死亡した。","8","商業","802","小売業","80205","新聞販売業","10~29","2","物上げ装置、運搬機械","23","乗物","231","乗用車、バス、バイク","17","交通事故（道路）"
"739","2010","平成","22","8","16~17","バイクで集金のため国道を走行中、交差点で、右折してきた乗用車と衝突したもの。8日後に死亡した。","8","商業","802","小売業","80205","新聞販売業","100~299","2","物上げ装置、運搬機械","23","乗物","231","乗用車、バス、バイク","17","交通事故（道路）"
"740","2010","平成","22","8","12~13","給水管の更新工事中、溝の中にいる労働者に道具の受け渡しをしていた被災者が、意識はあるが足取りがおぼつかない状態になっているのを同僚が発見し、病院へ搬送したが熱中症により死亡した。照りつける中、日陰や風がない場所だった。","3","建設業","301","土木工事業","30110","上下水道工事業","10~29","7","環境等","71","環境等","715","高温・低温環境","11","高温・低温の物との接触"
"741","2010","平成","22","8","14~15","市の公園において道路にはみ出した桜の木を剪定するため、脚立に上がり、小型のチェンソーで桜の枝を切断したところ、脚立から足を踏み外して墜落、道路面に後頭部を強打し、意識不明のまま病院に搬送され治療を受けていたが、災害発生から8日後に死亡した。","14","接客娯楽業","1403","その他の接客娯楽業","140302","公園・遊園地","10~29","3","その他の装置等","37","用具","371","はしご等","1","墜落、転落"
"742","2010","平成","22","8","15~16","災害発生当日は、被災者を含む4名で、9階スラブコンクリート打設作業を行っていた。打設作業が終了したため、4名が地上へ移動する際、被災者を除く3名は内部階段で移動した。被災者が戻ってこないので、代表者が携帯電話で被災者を呼び出すが応答がなかった。その着信音に気づいた別会社の作業員が、外部足場の2層目仮設階段部に上向けで倒れている被災者を発見した。熱中症とみられる。","3","建設業","302","建築工事業","30201","鉄骨・鉄筋コンクリート造家屋建築工事業","1~9","7","環境等","71","環境等","715","高温・低温環境","11","高温・低温の物との接触"
"743","2010","平成","22","8","15~16","精製した原油の輸送を行うパイプラインの防食修繕工事において、取り外した防食テープが詰められた土嚢袋(重さ約5キログラム)を運搬する作業を行っていたところ、現場で倒れているのが発見され、病院に搬送されたものの熱中症により死亡したもの。","3","建設業","303","その他の建設業","30309","その他の建設業－その他","10~29","7","環境等","71","環境等","715","高温・低温環境","11","高温・低温の物との接触"
"744","2010","平成","22","8","16~17","被災者は河川の土手の除草作業中、熊手を持って草を集めていたところ、30°Cを超える炎天下の連続作業により突然倒れ、病院へ搬送されたが意識が戻らず、2日後に死亡が確認された。また、被災者は当日5.5リットルの容器に入った茶を用意しており、その容器はほぼ空となっていた。なお、本件災害発生場所は、除草作業のみが行われ、建設作業はない。","6","農林業","601","農業","60101","農業","1~9","7","環境等","71","環境等","715","高温・低温環境","11","高温・低温の物との接触"
"745","2010","平成","22","8","17~18","工場敷地内にある車両修理場建屋前で、被災者がミキサー車の操作レバーにもたれかかっていたところを発見された。このとき被災者には意識があったが、熱中症を疑って病院に搬送したところ、頭部骨折が判明し、4日後に死亡した。発見直前、被災者はミキサー車の生コン投入口のへこみ部分を、ハンマーを用いて修理しようとしていて、ステップから転落したか地上で転倒したと考えられる。ヘルメットも安全帯も使用していなかった。","1","製造業","109","窯業土石製品製造業","10901","セメント・同製品製造業","10~29","2","物上げ装置、運搬機械","22","動力運搬機","221","トラック","99","分類不能"
"746","2010","平成","22","8","18~19","埠頭に停泊中の外国船籍貨物船(長さ208m、幅32m、総t数3万7000t)内において、制限荷重70tの揚貨装置を用いて粉末鉱石を荷卸しする作業中、甲板上で倒れていた被災者を同僚労働者が発見したもの。被災者は、船倉の蓋上からタラップを使用せずに、揚貨装置のはしご等を伝って上甲板通路に降りようとした際、当該揚貨装置が動き出し、高さ2.9mの位置から上甲板通路に墜落し、死亡したとみられる。","5","貨物取扱業","502","港湾運送業","50201","一般港湾運送業","50~99","2","物上げ装置、運搬機械","21","動力クレーン等","215","揚貨装置","1","墜落、転落"
"747","2010","平成","22","8","18~19","被災者は、本社の運行管理者であるととともに、乗務員の観光ガイド養成指導者にも任じられ、気温35.6°Cの炎天下の中を、市内観光コースを巡りながら、乗務員への1日研修として指導訓練に従事した。研修を終えて帰社した直後に激しい雷雨となり、配車用無線が不通になる緊急事態が発生したため、運行管理者として奔走中、脳内疾病を発症し1週間後に亡くなった。","4","運輸交通業","402","道路旅客運送業","40201","ハイヤー・タクシー業","100~299","9","その他","92","起因物なし","921","起因物なし","90","その他"
"748","2010","平成","22","8","1~2","射出成型機の近くにうずまるように倒れている被災者を同僚が発見した。心臓マッサージを行い救急搬送したが、死亡が確認された。作業環境及び災害発生状況から熱中症とみられる。","1","製造業","115","輸送用機械等製造業","11502","自動車・同付属品製造業","100~299","7","環境等","71","環境等","715","高温・低温環境","11","高温・低温の物との接触"
"749","2010","平成","22","8","12~13","被災者は、荷の積み込みのため、空荷の10tトラックを運転し、会社に向かう途中、片側1車線の国道を走行していたところ、信号待ちしていた2tトラックに後方から追突し、胸部を強打して死亡した。","4","運輸交通業","403","道路貨物運送業","40301","一般貨物自動車運送業","10~29","2","物上げ装置、運搬機械","22","動力運搬機","221","トラック","17","交通事故（道路）"
"750","2010","平成","22","8","13~14","被災者は、担当機械の周辺で使用できる200Vの電源を探していた際、マシニングセンターの上に乗って、上部のケーブルラック上の配線に取付けられたコンセントの分解作業をドライバーを用いて行っていたが、当該コンセントが通電されていたため感電し、マシニングセンターのベット上に墜落したもの。死因は感電死である。電圧は200V。","1","製造業","113","一般機械器具製造業","11301","機械（精密機械を除く）器具製造業","30~49","3","その他の装置等","35","電気設備","351","送配電線等","13","感電"
"751","2010","平成","22","8","19~20","家具量販店の改装工事において、入口軒下天井部の吹付け塗装作業中に高さ5.2mの足場(足場3段目の作業床)の端の開口部(幅110センチメートル、長さ120センチメートル)からタイルが張られた1階床に墜落して死亡したものである。開口部には手すり等の墜落防止措置は講じられておらず、被災者は安全帯を使用していなかった。","3","建設業","302","建築工事業","30209","その他の建築工事業","1~9","4","仮設物、建築物、構築物等","41","仮設物、建築物、構築物等","411","足場","1","墜落、転落"
"752","2010","平成","22","8","8~9","被災者が自走式草刈機を使って草刈作業中、平均傾斜角28度の斜面で転落し、U字側溝の角に頭部を強く打ちつけたものと推定される。負傷後に当該現場から100m程離れた場所に座っているところを同僚作業員に発見されたもの。頭痛や歩行困難等の状況があったことから、病院に搬送したが頭部の負傷により死亡した。","14","接客娯楽業","1401","旅館業","140101","旅館業","10~29","7","環境等","71","環境等","711","地山、岩石","1","墜落、転落"
"753","2010","平成","22","8","8~9","事業場所有の倉庫において、被災者と作業員1名が倉庫内に保管していた鉄パイプ(1本)をクレーンで吊り上げたところ、作業場付近に積まれた鉄パイプの束のバランスが崩れ、重さ1.3tの束が被災者の方向に崩れ落ちたもの。","1","製造業","115","輸送用機械等製造業","11501","造船業","10~29","6","荷","61","荷","611","荷姿の物","5","崩壊、倒壊"
"754","2010","平成","22","8","9~10","15層、7スパンの枠組足場を解体するために、まず、上層は、4層3スパンのブロックで足場を解体し、その足場をつり下ろして、地上で順次解体することになっていた。7スパンある枠組足場の中央部(4スパン目)のブレス、足場板を上から3層までを解体中、解体作業と別の壁つなぎ跡の補修作業をしていた被災者が、上から3層目のブレスを外した枠組足場上(4スパン目)から、約24m下の地上に墜落し、死亡したもの。安全帯を使用せずに移動中、ブレス等手すりがない部分から墜落したとみられる。","3","建設業","302","建築工事業","30203","建築設備工事業","1~9","4","仮設物、建築物、構築物等","41","仮設物、建築物、構築物等","411","足場","1","墜落、転落"
"755","2010","平成","22","8","14~15","地上14階地下1階建てビルの新築工事現場において、基礎杭打設用の立坑内の泥水置換に使用した泥水排出用鉄製パイプ(長さ約11m、直径15センチメートル、重量約175キログラム)1本をクローラクレーンで坑内から吊り上げ、同パイプの端を地面に接地させ並べようとした際に、同パイプを玉掛けしたワイヤロープがフックから外れ、倒れてきた同パイプが被災者の頭部に当たったもの。","3","建設業","302","建築工事業","30201","鉄骨・鉄筋コンクリート造家屋建築工事業","10~29","3","その他の装置等","37","用具","372","玉掛用具","4","飛来、落下"
"756","2010","平成","22","8","16~17","朝から同僚と2名で金属製品の研磨作業(ばり取り)に従事していた。夕刻になり、被災者が足元がおぼつかず歩けない状態であったため、同僚に促され作業場で横になり休んでいたところ、10分ほどして口からアワを吹き、同僚の呼びかけに返事もなく意識がないため、救急要請した。直ちに病院に搬送されたが翌日に熱中症により死亡したもの。休憩は昼休みと午前・午後の各1回で水分摂取が不足していたとみられる。","1","製造業","113","一般機械器具製造業","11301","機械（精密機械を除く）器具製造業","1~9","7","環境等","71","環境等","715","高温・低温環境","11","高温・低温の物との接触"
"757","2010","平成","22","8","9~10","配達先の敷地内において、被災者がコンテナ内に商品を納品しようとバネ付きフック2個を外し、ワイヤーを引っ張り金属製の扉を1人で開けたところ、当該扉(高さ2.13m、幅2.08m、厚さ0.07m)の下敷きになり死亡したもの。","8","商業","801","卸売業","80109","その他の卸売業","1~9","4","仮設物、建築物、構築物等","41","仮設物、建築物、構築物等","419","その他の仮設物、建築物、構築物等","7","はさまれ、巻き込まれ"
"758","2010","平成","22","8","16~17","被災者は、わく組足場15段目の足場作業床上から地上に、足場15段目作業床に置いていた足場板と一緒に、高さ27.65mを墜落したもの。足場材等の荷上げに使用していた16段建枠に取付けた滑車にて折り返しているウインチのワイヤーロープを抱きかかえるようにして墜落した。","3","建設業","302","建築工事業","30209","その他の建築工事業","10~29","4","仮設物、建築物、構築物等","41","仮設物、建築物、構築物等","411","足場","1","墜落、転落"
"759","2010","平成","22","8","3~4","バイク(50cc)で新聞配達中に、交差点付近で、飲酒運転をしていた対向車に激突され、死亡したもの。","8","商業","802","小売業","80205","新聞販売業","10~29","2","物上げ装置、運搬機械","23","乗物","231","乗用車、バス、バイク","17","交通事故（道路）"
"760","2010","平成","22","8","10~11","間伐作業中、約40度の斜面にて、1人で檜(樹高約15m、胸高直径17センチメートル)を受け口を作らずにチェンソーで伐倒した際に被災し、倒れて動けないでいたところ、同僚に発見された。腰部等を負傷し、病院に運ばれたが、翌朝に死亡した。伐倒した際に退避が遅れて伐倒木に巻き込まれ、約4.5m下に転落し立木に当たり、伐倒木にも挟まれたとみられる。","6","農林業","602","林業","60209","その他の林業","1~9","7","環境等","71","環境等","712","立木等","1","墜落、転落"
"761","2010","平成","22","8","10~11","工場の屋根の棟部に設置してあった避雷針の撤去作業を2人で行っていたが、一旦休憩を取った後、作業を再開するため、先に1人で屋根に上がった被災者が、当該屋根の棟部のスレートを踏み抜き、約11.19m下の地面に墜落し、死亡したもの。","3","建設業","303","その他の建設業","30301","電気通信工事業","10~29","4","仮設物、建築物、構築物等","41","仮設物、建築物、構築物等","415","屋根、はり、もや、けた、合掌","1","墜落、転落"
"762","2010","平成","22","8","13~14","被災者は1人でチェンソーを使用して、私有林の立木伐採作業(択伐)を行っていた。当日午後の5本目の立木(カラマツ、高さ23m、胸高直径36センチメートル)を伐木したところ、倒れずに立木と立木の間にかかってしまった状態になったが、そのまま10m離れた6本目の立木の切り込み作業をしていたところ、かかっていた木が倒れてきて、被災者の頭部に直撃して即死したもの。","6","農林業","602","林業","60209","その他の林業","1~9","7","環境等","71","環境等","712","立木等","5","崩壊、倒壊"
"763","2010","平成","22","8","20~21","ショットブラストの試運転時、ショット球を供給する導入管の詰まりがあったため、当該部分の運転を停止した後、ショットブラスト上部に登り、修理作業をしていたところ、ショットブラストの扉が突然開き始め、それに気づいた立会者が非常停止ボタンを押したものの扉の動きは止まらず、扉の上方で作業していた被災者は、扉の上端にせり上げられる形で上部の梁との間に体を挟まれ、胸部圧迫により死亡したもの。電源を切ったのが一部であったため扉が自動的に開いた。また、その扉は非常停止ボタンでは停止できない構造となっていた。","1","製造業","115","輸送用機械等製造業","11502","自動車・同付属品製造業","500~999","1","動力機械","15","金属加工用機械","159","その他の金属加工用機械","7","はさまれ、巻き込まれ"
"764","2010","平成","22","8","11~12","木造家屋建築工事に付随する水道工事のため、朝から作業を開始し30分ぐらい作業をしたのち一旦休憩をとり、その後1時間ぐらい作業をしたところで体調が悪くなった。自宅に戻り休憩していたが回復しないため病院で治療を受けたものの、熱中症と思われる症状で死亡した。","3","建設業","303","その他の建設業","30309","その他の建設業－その他","1~9","7","環境等","71","環境等","715","高温・低温環境","11","高温・低温の物との接触"
"765","2010","平成","22","8","13~14","貨物自動車で道路を走行中、荷台に乗っていた被災者が荷台から転落したもの。","3","建設業","301","土木工事業","30106","道路建設工事業","1~9","2","物上げ装置、運搬機械","22","動力運搬機","221","トラック","1","墜落、転落"
"766","2010","平成","22","8","23~24","4t貨物自動車で長距離の運送作業中、左カーブで対向車線にはみ出し、対向してきた大型貨物自動車と正面衝突したもの。運転労働者は、病院に救急搬送されたが死亡が確認された。なお、対向車の大型貨物自動車の運転者も骨盤骨折等の重傷を負ったもの。","4","運輸交通業","403","道路貨物運送業","40301","一般貨物自動車運送業","50~99","2","物上げ装置、運搬機械","22","動力運搬機","221","トラック","17","交通事故（道路）"
"767","2010","平成","22","8","7~8","意識不明の状態で保安室の仮眠室において被災者が倒れているのが発見され、病院に救急搬送され入院加療していたが、11日後に死亡したもの。転倒して側頭部を打撲したとみられる。","15","清掃・と畜業","1501","清掃・と畜業","150101","ビルメンテナンス業","10~29","4","仮設物、建築物、構築物等","41","仮設物、建築物、構築物等","417","通路","2","転倒"
"768","2010","平成","22","8","0~1","被災者は建築工事現場において、2階渡り廊下の鉄骨にサッシを取り付けるための下地をアーク溶接により取り付ける作業を行っていた。昼休みになるため、作業を一旦中断した後、何らかの原因で2階渡り廊下の開口部分もしくは足場から墜落したと推定される。昼休み後、地面に倒れている被災者が発見され、病院で死亡が確認された。目撃者はいない。","3","建設業","302","建築工事業","30201","鉄骨・鉄筋コンクリート造家屋建築工事業","10~29","9","その他","99","分類不能","999","分類不能","1","墜落、転落"
"769","2010","平成","22","8","11~12","工場内において、被災者はグラインダーを使用し、金属製品(油圧プレスのタンク)の研磨作業を行っていた、被災者が当該金属製品の側で倒れていることを、同僚が発見。病院に救急搬送されたが4日後に死亡した。被災者の左胸及び左脇の下に火傷痕があったことから、グラインダーの金属ケースから漏電し、感電したとみられている。","1","製造業","112","金属製品製造業","11209","その他の金属製品製造業","1~9","1","動力機械","15","金属加工用機械","153","研削盤、バフ盤","13","感電"
"770","2010","平成","22","8","11~12","建設共同企業体が施工する「中学校耐震補強工事」現場において、外付け耐震補強ブレスの型枠脱型工事施工後、同ブレスに塗装下地処理をしようとして被災者が外部足場に上った後、誤って外部足場3層目から地上へ墜落したもの。","3","建設業","302","建築工事業","30201","鉄骨・鉄筋コンクリート造家屋建築工事業","1~9","4","仮設物、建築物、構築物等","41","仮設物、建築物、構築物等","411","足場","1","墜落、転落"
"771","2010","平成","22","8","16~17","事業場から農業機械を展示している場所へ農業機械を取りに行くため、事業場のトラック(1.5t車)を運転して高速道のトンネル内を走行中、入口から50mぐらいの位置で左側壁に接触し、そのはずみで反対車線を越えて右側壁に激突してトラックが運転席側を下に横転したもの。","8","商業","802","小売業","80209","その他の小売業","1~9","2","物上げ装置、運搬機械","22","動力運搬機","221","トラック","17","交通事故（道路）"
"772","2010","平成","22","8","4~5","被災者がトラック(13t冷蔵車)を運転して高速道路を走行中、インターチェンジ出口の分離帯ガードレールに衝突し、そのまま土手から約1m下へ転落・横転したもの。","4","運輸交通業","403","道路貨物運送業","40301","一般貨物自動車運送業","10~29","2","物上げ装置、運搬機械","22","動力運搬機","221","トラック","17","交通事故（道路）"
"773","2010","平成","22","8","9~10","コンテナ修理作業場所の移転準備として、新規作業場所を表示するための白線を引く作業(被災者を含め2名がロープの端をそれぞれ持ち直線を出し、これを目安に労働者1名がチョークにより地面(アスファルト)に線引きする)を行っていたところ、隣接する位置にあった空コンテナを移動させようとした他事業場労働者が運転するスプレッダ付きフォークリフト(最大荷重7t)にはねられたもの。","1","製造業","112","金属製品製造業","11209","その他の金属製品製造業","10~29","2","物上げ装置、運搬機械","22","動力運搬機","222","フォークリフト","6","激突され"
"774","2010","平成","22","8","13~14","事業場敷地内において、シバザクラを植えている傾斜が33度ある斜面の草引きを被災者を含む労働者3名で行っていた。被災者は、作業指揮者から水路の底から生えている木が水路上にある通路に覆い被さり、歩行の邪魔となっていたことから、通路面の高さまで刈るように指示され、この木を刈っていたところ、キアシナガバチに右手を刺され、アナフィラキシーショックにより死亡したもの。","1","製造業","101","食料品製造業","10102","水産食料品製造業","300~499","9","その他","91","その他の起因物","911","その他の起因物","90","その他"
"775","2010","平成","22","8","14~15","ビル解体工事(事務所棟)において、9階の梁付近にて作業または移動していたと思われる被災者が、何らかの原因で37.1m下の地上まで墜落した。目撃者はいない。","3","建設業","302","建築工事業","30209","その他の建築工事業","10~29","4","仮設物、建築物、構築物等","41","仮設物、建築物、構築物等","415","屋根、はり、もや、けた、合掌","1","墜落、転落"
"776","2010","平成","22","8","22~23","被災者は4tトラックに家具類を積載し、高速自動車道の左車線を走行していたところ、左側の縁石に乗り上げ横転し、反対側の中央分離帯に激突して胸などを強く打ち、胸部を打ち死亡した。","4","運輸交通業","403","道路貨物運送業","40301","一般貨物自動車運送業","10~29","2","物上げ装置、運搬機械","22","動力運搬機","221","トラック","17","交通事故（道路）"
"777","2010","平成","22","8","3~4","断熱材を輸送するため、深夜に点呼を受けて本社を出発し、国道を走行中、センターラインをオーバーしてきた対向車と正面衝突したもの。","4","運輸交通業","403","道路貨物運送業","40301","一般貨物自動車運送業","10~29","2","物上げ装置、運搬機械","22","動力運搬機","221","トラック","17","交通事故（道路）"
"778","2010","平成","22","8","8~9","看護学科の学生を研修先の病院まで送り届けた後、その帰路において発生した災害。ワンボックスカーを走行中、進行方向右側の路外に飛び出し、当該道路と直角に交わる取り付け道路の側壁コンクリートに車体正面から衝突したもの。","17","その他の事業","1702","その他の事業","170209","その他の事業－その他","1~9","2","物上げ装置、運搬機械","23","乗物","231","乗用車、バス、バイク","17","交通事故（道路）"
"779","2010","平成","22","8","9~10","関連会社の生コンクリート製造工場から、建設工事現場へ生コンクリートを運搬するため、コンクリートミキサー車に生コンクリート(体積4立方m、重量約9400キログラム)を積載し、林道を走行していたところ、運転操作を誤って路肩から転落したもの。数時間後、当該ミキサー車が斜面の樹木に衝突し、静止しているところを発見され、運転席にいた被災者は病院へ救急搬送されたが、死亡が確認された。","1","製造業","109","窯業土石製品製造業","10901","セメント・同製品製造業","1~9","2","物上げ装置、運搬機械","22","動力運搬機","221","トラック","17","交通事故（道路）"
"780","2010","平成","22","8","10~11","間伐現場において、ドラグショベルのアタッチメントを交換したグラップルに取り付けられたウインチにて、伐採した木を集材作業中にワイヤーが切れ、その反動で引っ張られていた木が、近くに待機していた被災者にあたった。病院へ搬送され加療中であったが、約2カ月後に死亡した。木が引っ掛かったため、滑車をかける位置を変更するよう指示したものの、滑車をかける位置を誤ったもの。","6","農林業","602","林業","60201","木材伐出業","1~9","2","物上げ装置、運搬機械","21","動力クレーン等","219","その他の動力クレーン等","6","激突され"
"781","2010","平成","22","8","11~12","植栽の樹木の枝切り中に墜落してしまったもの。墜落箇所は不明であるが、枝切りされた部分等から5.6mの高さから墜落したものと思われる。","17","その他の事業","1702","その他の事業","170209","その他の事業－その他","1~9","7","環境等","71","環境等","712","立木等","1","墜落、転落"
"782","2010","平成","22","8","11~12","道路修繕工事で、炎天下で一輪車でコンクリートを運搬していた被災者が昼前に行方不明となり、付近を捜索していたところ、現場から離れた民有地の物置の陰にあおむけに倒れている被災者を発見し、救急搬送されたが熱中症により死亡したもの。","3","建設業","301","土木工事業","30106","道路建設工事業","1~9","7","環境等","71","環境等","715","高温・低温環境","11","高温・低温の物との接触"
"783","2010","平成","22","8","15~16","個人宅の樹木剪定作業において、同僚が剪定した枝葉を収集しトラックに積み込む作業を朝より開始し、午後になって倒れたために救急車で病院に搬送したが、熱中症により死亡した。被災者は雇われて初日の作業であった。","6","農林業","601","農業","60101","農業","1~9","7","環境等","71","環境等","715","高温・低温環境","11","高温・低温の物との接触"
"784","2010","平成","22","8","22~23","宿泊施設になっている浮きクレーン(つり上げ荷重310t)内の居室に被災者がいないことに気が付き探していたところ、海中に沈んでいる被災者を発見した。なお、同クレーンは強風を避けるため、漁港に停泊中であった。小用のため甲板にいた被災者が海中に転落して溺死したとみられる。","3","建設業","301","土木工事業","30111","港湾海岸工事業","1~9","2","物上げ装置、運搬機械","21","動力クレーン等","212","移動式クレーン","10","おぼれ"
"785","2010","平成","22","8","7~8","支店構内の燃料スタンド近くで仰向けで倒れていた被災者が発見され、病院まで救急車により搬送されたが、2日後に死亡したもの。目撃者がおらず詳細は不明。","4","運輸交通業","403","道路貨物運送業","40301","一般貨物自動車運送業","100~299","9","その他","99","分類不能","999","分類不能","2","転倒"
"786","2010","平成","22","8","14~15","庭木の剪定現場において刈り込みばさみ(長さ約50センチメートル)を持って移動中、何らかの原因で転倒し、刈り込みはさみが被災者の左脇腹に刺さったもの。","3","建設業","301","土木工事業","30199","その他の土木工事業","1~9","4","仮設物、建築物、構築物等","41","仮設物、建築物、構築物等","416","作業床、歩み板","2","転倒"
"787","2010","平成","22","8","6~7","橋げた(コンクリート製)の製造工程において、型枠1枚(高さ140センチメートル、長さ300センチメートル、重さ620キログラム)を、天井クレーン(つり上げ荷重15t)を使用して取り外す準備のため、型枠を固定していたクランプ(6か所のうち4か所)を取り外そうとしたが、全て(6か所)を取り外してしまったため型枠が倒れ、被災者が型枠の下敷きになってしまったもの。","1","製造業","109","窯業土石製品製造業","10901","セメント・同製品製造業","1~9","4","仮設物、建築物、構築物等","41","仮設物、建築物、構築物等","419","その他の仮設物、建築物、構築物等","5","崩壊、倒壊"
"788","2010","平成","22","8","7~8","被災者は、河口の沖約3キロメートル付近で、サケ定置網漁船(19t)の船上から、鮭の捕獲用定置網の投入作業中、いかりに繋がったロープが足にからみ海中に転落した。同船の作業員で船上に引き上げ港に戻り、救急車で病院へ搬送したものの、溺死と確認されたもの。救命胴衣を着用していなかった。","7","畜産・水産業","702","水産業","70201","漁業","30~49","2","物上げ装置、運搬機械","23","乗物","239","その他の乗物","10","おぼれ"
"789","2010","平成","22","8","10~11","牛舎の増築工事における屋根部の作業において、被災者はタイトフレーム(屋根下地の波形の部材)を溶接で取付けるための事前作業である屋根梁部(H鋼)への墨出し作業を高所作業車により行っていたが、自走(クローラ式)により高所作業車のバケットを下降させずに走行させ梁間の移動をしていた際に、進行方向の確認不足により被災者の背部に接近していた梁に気付かず、梁とバケットの手摺の間に首を挟まれ被災したもの。","3","建設業","302","建築工事業","30209","その他の建築工事業","1~9","1","動力機械","14","建設機械等","146","高所作業車","7","はさまれ、巻き込まれ"
"790","2010","平成","22","8","10~11","通常砂防工事において、パッドウォール・ライナーを型枠として、砂防ダムを構築していた。砂防ダム内側にコンクリートを高さ1.5mまで打設し、打設位置を変えるため、打設を停止した。砂防ダム外側の釜場に設置した水中ポンプが停止したため、被災者2名が状況を確認するため、釜場まで降りたところ、パッドウオールの施工不良やコンクリート打設速度の不適切のため型枠の一部が崩壊し、釜場にコンクリートが流れ込んだ。この際、1名がコンクリート内に沈んで死亡し、もう1名は胸まで浸かり負傷した。","3","建設業","301","土木工事業","30108","砂防工事業","1~9","4","仮設物、建築物、構築物等","41","仮設物、建築物、構築物等","419","その他の仮設物、建築物、構築物等","5","崩壊、倒壊"
"791","2010","平成","22","8","12~13","午前中から断続的にゴルフ場の受水槽内の清掃作業を行い、昼休憩時に冷房の効いた自動車内で休憩していたところ、心肺停止状態となり、救急搬送先の医療機関で熱中症により死亡した。","3","建設業","301","土木工事業","30110","上下水道工事業","1~9","7","環境等","71","環境等","715","高温・低温環境","11","高温・低温の物との接触"
"792","2010","平成","22","8","13~14","高速道路サービスエリア内の商業施設改築工事現場内において、昼過ぎ、被災者が、休憩所から作業場所まで工具を持って移動していたところ、熱中症により現場通路の途中で倒れ、それを他の作業員が発見し、救急車により病院へ搬送したが死亡が確認された。","3","建設業","302","建築工事業","30201","鉄骨・鉄筋コンクリート造家屋建築工事業","1~9","7","環境等","71","環境等","715","高温・低温環境","11","高温・低温の物との接触"
"793","2010","平成","22","8","14~15","ガソリンスタンド解体工事において、敷地境のブロック塀を解体していた。4次請負労働者2名が手持ちのブレーカーでブロック塀(長さ約13m、高さ約1.3m)の下部をはつり、3次請負労働者1名がむき出しとなった内側の鉄筋の溶断を行っていた。13mのうち約11mまではつりと溶断が済み、残りをはつっていた際、ブロック塀全体が自立できなくなって手前に倒れ、はつり作業中の1名が死亡、同じく1名が負傷したもの。","3","建設業","302","建築工事業","30209","その他の建築工事業","1~9","4","仮設物、建築物、構築物等","41","仮設物、建築物、構築物等","418","建築物、構築物","5","崩壊、倒壊"
"794","2010","平成","22","8","16~17","被災者は林道開設工事において、ドラグショベルを使用した掘削作業に従事していた。掘削する箇所へ向かい斜面を登っている途中に路肩が崩れ、重機ごと20m下の渓流へ転落した。運転手は運転席の中で全身を強く打ち死亡した。","3","建設業","301","土木工事業","30106","道路建設工事業","30~49","1","動力機械","14","建設機械等","141","整地・運搬・積込み用機械","1","墜落、転落"
"795","2010","平成","22","8","17~18","建築工事現場での作業を終え、事業場所有のワゴン車に2事業場8名の労働者が相乗りして事業場に戻るため、高速自動車道の追越車線を走行中、緩い左カーブの下り坂で右後輪がバーストしたことによってバランスが崩れ、蛇行した後に横転して2列目の座席に乗っていた2名が死亡した。死亡した2名の他、ワゴン車に乗っていた6名が負傷している。","3","建設業","302","建築工事業","30201","鉄骨・鉄筋コンクリート造家屋建築工事業","10~29","2","物上げ装置、運搬機械","23","乗物","231","乗用車、バス、バイク","17","交通事故（道路）"
"796","2010","平成","22","8","17~18","建築工事現場での作業を終え、事業場所有のワゴン車に2事業場8名の労働者が相乗りして事業場に戻るため、高速自動車道の追越車線を走行中、緩い左カーブの下り坂で右後輪がバーストしたことによってバランスが崩れ、蛇行した後に横転して2列目の座席に乗っていた2名が死亡した。死亡した2名の他、ワゴン車に乗っていた6名が負傷している。","3","建設業","302","建築工事業","30201","鉄骨・鉄筋コンクリート造家屋建築工事業","30~49","2","物上げ装置、運搬機械","23","乗物","231","乗用車、バス、バイク","17","交通事故（道路）"
"797","2010","平成","22","8","8~9","トラック(1.5t車、作業員3名が乗車)と観光バス(運転手1名、乗務員1名、旅行添乗員1名、観光客2名が乗車)が、峠のトンネル内において正面衝突し、トラックの運転者が死亡した。","3","建設業","302","建築工事業","30209","その他の建築工事業","1~9","2","物上げ装置、運搬機械","22","動力運搬機","221","トラック","17","交通事故（道路）"
"798","2010","平成","22","8","8~9","稲の苗床土の生産ラインを変更するため、被災者は作業床にあがり、苗床土を投入するホッパーに設けられている排出口の確認を行っていたところ、作業床に敷かれていた樹脂シートに足を滑らせて約3m下のコンクリート面に墜落した。樹脂シートはコンベアからこぼれ落ちた苗床土を作業床の隙間から地面に落とさないために敷かれていた。作業床に手すりの設置等、墜落防止措置がなかった。","1","製造業","109","窯業土石製品製造業","10909","その他の土石製品製造業","1~9","4","仮設物、建築物、構築物等","41","仮設物、建築物、構築物等","416","作業床、歩み板","1","墜落、転落"
"799","2010","平成","22","8","9~10","法面工事で、コンクリート吹き付けに使用する機材(圧送パイプ等)を現場に搬送する作業中、休憩のためコンクリート製の壁(既設の構造物で、被災者が通行していた通路から高さ約60センチメートル)の上に腰かけたときに、後ろ向きに転倒して、約5.9m下の道路に墜落した。","3","建設業","301","土木工事業","30199","その他の土木工事業","1~9","4","仮設物、建築物、構築物等","41","仮設物、建築物、構築物等","418","建築物、構築物","1","墜落、転落"
"800","2010","平成","22","8","10~11","工場のスレート屋根に設置されていた換気用ファン用のモーター取替作業を行っていた被災者が、地上から7.8m上のスレート屋根を踏み抜き、地上に墜落したため、死亡した。歩み板や防網等の危険防止措置が講じられていなかった。","1","製造業","112","金属製品製造業","11209","その他の金属製品製造業","30~49","4","仮設物、建築物、構築物等","41","仮設物、建築物、構築物等","415","屋根、はり、もや、けた、合掌","1","墜落、転落"
"801","2010","平成","22","8","14~15","請負事業場先の工場内で、朝から、溶接ロボットを使用した溶接作業に従事していた。午後(気温35°C)になると喉の違和感と熱さを同僚作業者に訴え、作業途中に帰宅した。工場から400mほど離れたコンビニエンスストア駐車場付近で倒れているところを通行人に発見され、病院に救急搬送されたが、翌日、熱中症により死亡した。","1","製造業","115","輸送用機械等製造業","11502","自動車・同付属品製造業","30~49","7","環境等","71","環境等","715","高温・低温環境","11","高温・低温の物との接触"
"802","2010","平成","22","9","10~11","当該事業場が施工する工事現場で用いる土砂を1人運転で最大積載量2tのダンプトラックにより建設資材置場から工事現場へ運搬途中、林道から約15m下の雑木林に転落した。","3","建設業","301","土木工事業","30199","その他の土木工事業","1~9","2","物上げ装置、運搬機械","22","動力運搬機","221","トラック","17","交通事故（道路）"
"803","2010","平成","22","9","10~11","ホテル内の高さ約4.3mの中庭において、樹木の剪定ででた枝葉等をかき集め、高さ約3mの新館通路上でゴミ袋に入れる作業を終了し、中庭に戻ろうとしていた被災者が、地面に墜落し、頭部打撲した。その後、入院加療中であったが、約10日後に死亡した。墜落防止措置がなされていなかった。","14","接客娯楽業","1401","旅館業","140101","旅館業","50~99","4","仮設物、建築物、構築物等","41","仮設物、建築物、構築物等","418","建築物、構築物","1","墜落、転落"
"804","2010","平成","22","9","10~11","青果店において、商品発注のための作業を店外で行っていた被災者が店内に入ろうとした際、入口に敷いてあったマットの弛みに足を取られ、転倒し、右膝を骨折したため、医療機関で治療を受けた後、自宅で療養をしていたところ、7日後に血管が詰まったため倒れ、医療機関に搬送されたが、同日死亡した。","8","商業","802","小売業","80209","その他の小売業","1~9","4","仮設物、建築物、構築物等","41","仮設物、建築物、構築物等","417","通路","2","転倒"
"805","2010","平成","22","9","11~12","石炭バースに停泊している船舶の石炭の積み卸し作業が終了し、ハッチ内のトラクターショベルをクレーンにより陸揚げするために、トラクターショベル運転者である被災者がバケットを水平位置まで上げ、エンジンをかけたまま運転席を降り、アームの下に入って玉掛けを行おうとしていたところ、バケットが下降し、アームと機体フロント部の間に頭部をはさまれ死亡したもの。","5","貨物取扱業","502","港湾運送業","50202","港湾荷役業","1~9","1","動力機械","14","建設機械等","141","整地・運搬・積込み用機械","7","はさまれ、巻き込まれ"
"806","2010","平成","22","9","14~15","被災者は他店の客入り等の調査に向かうため自動二輪車で走行していたところ、交差点を右折してきた乗用車と衝突し、死亡した。","14","接客娯楽業","1403","その他の接客娯楽業","140309","その他の接客娯楽業－その他","10~29","2","物上げ装置、運搬機械","23","乗物","231","乗用車、バス、バイク","17","交通事故（道路）"
"807","2010","平成","22","9","3~4","被災者は、原付バイクにて新聞の朝刊を配達中、国道の信号機のある交差点において、中央寄りの右折レーンから青信号で右折しようとしたところ、対向車線から直進してきたオートバイと、両者の前方不注意により、衝突してしまったもの。","8","商業","802","小売業","80205","新聞販売業","10~29","2","物上げ装置、運搬機械","23","乗物","231","乗用車、バス、バイク","17","交通事故（道路）"
"808","2010","平成","22","9","8~9","被災者が会社の敷地周りの巡視を始め、正門前の歩道にいた時に、国道を走る(76歳男性運転の)乗用車が不注意(よそ見か居眠り等)により、被災者がいた歩道に突っ込み、被災者を跳ね飛ばしたもの。被災者はすぐに病院に搬送されたが、死亡したもの。被災者は車のフロントガラスに頭を強く打ち付けた模様。当日は社長巡視の日であった為、被災者は敷地のゴミ、草などを見て回っていた。","8","商業","802","小売業","80204","燃料小売業","100~299","2","物上げ装置、運搬機械","23","乗物","231","乗用車、バス、バイク","17","交通事故（道路）"
"809","2010","平成","22","9","10~11","工場内において、天井クレーンのランウェイ付近で作業用通路の設置工事の下見作業を行っていたところ、天井クレーンが被災者に気付かず走行してきたため、天井クレーンのガーダと建屋の柱に挟まれ死亡したもの。被災者が天井クレーンオペレーターに立入りすることを連絡していなかった。","1","製造業","112","金属製品製造業","11209","その他の金属製品製造業","10~29","2","物上げ装置、運搬機械","21","動力クレーン等","211","クレーン","7","はさまれ、巻き込まれ"
"810","2010","平成","22","9","11~12","資源プラスチックの選別及び梱包を行う中間処理工場において、選別した資源プラスチックの圧縮梱包機内部のダンバーにプラスチックがはさまって自動停止するので、昼休み前に点検口から当該機械内を掃除していたところ、他の作業者が自ら清掃を行おうとしてダンパーを作動させたため、当該機械の点検口から左上半身を入れて清掃の作業をしていた被災者がダンパーに首をはさまれ死亡したもの。装置に作業中との表示板を取り付けるなどの措置を講じていなかった。","15","清掃・と畜業","1501","清掃・と畜業","150103","その他の廃棄物処理業","10~29","1","動力機械","16","一般動力機械","169","その他の一般動力機械","7","はさまれ、巻き込まれ"
"811","2010","平成","22","9","3~4","2tトラックを運転して印刷物を配送していた。途中の国道にて、赤信号で停車中の10tトラックの後部に追突し、全身打撲により死亡したもの。","4","運輸交通業","403","道路貨物運送業","40301","一般貨物自動車運送業","50~99","2","物上げ装置、運搬機械","22","動力運搬機","221","トラック","17","交通事故（道路）"
"812","2010","平成","22","9","8~9","被災者は住宅解体工事現場において、屋根に屋根ブロック(親綱を張り、安全帯をかける設備)を取り付けるために、屋根瓦及び屋根瓦の下のべニア板を外し、当該ベニア板を持って屋根上に立っていたときにベニア板が被災者の側に倒れてきた。このため、被災者はその反動で屋根から約5.3m下の地上に墜落した。墜落防止措置を講じていなかった。","3","建設業","302","建築工事業","30209","その他の建築工事業","1~9","4","仮設物、建築物、構築物等","41","仮設物、建築物、構築物等","415","屋根、はり、もや、けた、合掌","1","墜落、転落"
"813","2010","平成","22","9","10~11","ボイラーの炉内に付着していたダストを除去するため、炉内に入り、ランシング(ランスと呼ばれる2m程度の鉄の棒を用いてダストをつつく)を行ったところ、天井に付着していたダストの塊が落ち、炉内でランシングの作業員に指示を出していた被災労働者に当たり、死亡したもの。また、ランシング作業をしていた2名のうち1名にも落ちてきたダストの塊が落ち、肩を骨折した。","1","製造業","106","パルプ・紙・紙加工品製造業","10601","パルプ・紙製造業","300~499","3","その他の装置等","31","圧力容器","311","ボイラー","4","飛来、落下"
"814","2010","平成","22","9","6~7","1人でトラックへ台車を積み込む作業中、トラック内にパレットが放置されていたため予定の数量の台車を積み込むことができず、トラック片側の扉を上げ、フォークリフトを用いて当該パレットを抜き取っていたところ、トラックへ既に積み込んでいた台車(約300キログラム)が動き出したため、フォークリフト運転席から慌てて降りて台車を押さえようとしたが、押え切れず、荷台から台車が落ち、下敷きとなり死亡したもの。","4","運輸交通業","403","道路貨物運送業","40301","一般貨物自動車運送業","10~29","3","その他の装置等","36","人力機械工具等","362","人力運搬機","4","飛来、落下"
"815","2010","平成","22","9","11~12","リサイクル工場内にてパッカー車内のゴミの排出のため、パッカー車の後部のホッパを開け、排出板にてゴミの排出を完了し、助手作業員の被災者が排出板の掃除を終え、運転手に合図をし、運転手が運転席にある操作レバーでホッパを閉じる時に、被災者がゴミが残っていると思ってホッパ内に入ったため、挟まれて死亡した。","15","清掃・と畜業","1501","清掃・と畜業","150103","その他の廃棄物処理業","10~29","2","物上げ装置、運搬機械","22","動力運搬機","221","トラック","7","はさまれ、巻き込まれ"
"816","2010","平成","22","9","15~16","親事業場と構内下請事業場の労働者が混在作業をしている建屋内において、親事業場の労働者が天井クレーン(床上操作式、定格2.8t)を操作したところ、同一ランウェイ上にあるもう1台の天井クレーンの位置を確認していなかったため、同クレーンに接触した。この際、接触された側のクレーンに吊られていた荷(重量約1.7t)が当該荷のそばで溶接作業をしていた被災者(構内下請事業場所属)に激突した。被災者は部材の突起部に顔面が突き刺さり、死亡した。","1","製造業","112","金属製品製造業","11209","その他の金属製品製造業","1~9","2","物上げ装置、運搬機械","21","動力クレーン等","211","クレーン","6","激突され"
"817","2010","平成","22","9","16~17","被災者は、サッカー場の夜間照明増設工事現場において、照明塔に設置された高さ約17mの作業床において照明の増設作業を行っていたところ、作業床に設置されたタラップの開口部(防止措置なし)から墜落したものである。被災者は病院に搬送されたが、死亡が確認された。","3","建設業","303","その他の建設業","30301","電気通信工事業","10~29","4","仮設物、建築物、構築物等","41","仮設物、建築物、構築物等","414","開口部","1","墜落、転落"
"818","2010","平成","22","9","16~17","営業のため、国道を走行中、被災者の運転する軽自動車が運転操作を誤ってセンターラインをオーバーし、対向してきた乗用車と正面衝突した。","9","金融・広告業","901","金融業","90103","保険業","10~29","2","物上げ装置、運搬機械","23","乗物","231","乗用車、バス、バイク","17","交通事故（道路）"
"819","2010","平成","22","9","8~9","木造家屋新築(一部2階建)工事現場で、被災者が玄関上部の梁間に床補強の為のたる木(幅4.5センチメートル、高さ6センチメートル、長さ1.29m)を取付けるため、1階梁上で作業していたところ、3.18m下のコンクリート床に転落した。防網の設置や安全帯を使用等の措置を講じていなかった。","3","建設業","302","建築工事業","30202","木造家屋建築工事業","1~9","4","仮設物、建築物、構築物等","41","仮設物、建築物、構築物等","415","屋根、はり、もや、けた、合掌","1","墜落、転落"
"820","2010","平成","22","9","9~10","自動車保険の研修会に出席するため走行中、センターラインをオーバーし対向車と正面衝突した。","1","製造業","117","その他の製造業","11701","自動車整備業","1~9","2","物上げ装置、運搬機械","23","乗物","231","乗用車、バス、バイク","17","交通事故（道路）"
"821","2010","平成","22","9","0~1","高速道路の直線道路において、被災者の運転するトラックのエンジンが故障し、幅約2.5mの路肩に停車し、三角表示板を設置していた。加害車両のトラックが前方不注意のために被災者のトラックに追突し、被災者のトラックは横転し、被災者は死亡した。","4","運輸交通業","403","道路貨物運送業","40301","一般貨物自動車運送業","10~29","2","物上げ装置、運搬機械","22","動力運搬機","221","トラック","17","交通事故（道路）"
"822","2010","平成","22","9","17~18","製造したPC板を橋型クレーンで荷積み作業中、つり荷が振れ、つり荷と積んでおいた荷の間に挟まれたものと思われる。","1","製造業","109","窯業土石製品製造業","10901","セメント・同製品製造業","10~29","2","物上げ装置、運搬機械","21","動力クレーン等","211","クレーン","7","はさまれ、巻き込まれ"
"823","2010","平成","22","9","9~10","建屋屋上のコンクリート打設に使用したプロペラ(コンクリート均し機械)を現場近くの材料置き場に保管していたので、被災当日、取りに行き、トラックに載せた後、コンクリート打設状況を見ようとして足場を昇り、足場から屋上に移ろうした時、約7m墜落したものと思われる。","3","建設業","302","建築工事業","30201","鉄骨・鉄筋コンクリート造家屋建築工事業","1~9","4","仮設物、建築物、構築物等","41","仮設物、建築物、構築物等","411","足場","1","墜落、転落"
"824","2010","平成","22","9","0~1","フォークリフトの爪部分に荷掛け用ロープを掛け首を吊って自殺した。精神疾患によるもの。","8","商業","804","その他の商業","80401","倉庫業","30~49","9","その他","92","起因物なし","921","起因物なし","90","その他"
"825","2010","平成","22","9","3~4","小雨の早朝、濡れないようビニールで1部ずつ梱包された新聞をオートバイの荷台に載せて走行していたところ、新聞が荷崩れを起こし道路上に散乱した。オートバイから降りて、その新聞を回収中、前方不注意の大型トラックに轢かれて即死した。","8","商業","802","小売業","80205","新聞販売業","30~49","2","物上げ装置、運搬機械","22","動力運搬機","221","トラック","17","交通事故（道路）"
"826","2010","平成","22","9","9~10","ビル新築工事現場において、9階床のコンクリート打設作業に伴い、生コンクリートが落下することにより外壁材が汚れることを防止するため、5階作業床の端で外壁材の上面に養生シート張り作業(1名がシートを延ばし、もう1名がテープで固定)を行っていたところ、外壁材の切れ目の作業床の端から3階外部足場へ墜落したもの。作業床の内部側には手すりが設けられていたが、被災者が安全帯の架け替え時に墜落したとみられる。","3","建設業","302","建築工事業","30201","鉄骨・鉄筋コンクリート造家屋建築工事業","1~9","4","仮設物、建築物、構築物等","41","仮設物、建築物、構築物等","416","作業床、歩み板","1","墜落、転落"
"827","2010","平成","22","9","10~11","被災者は、会社の車で廃棄物処理場に書類を取りに行くため、交差点に差し掛かったところ、一時停止せずに交差点へ進入したため、右側から来た軽乗用車と衝突、その勢いで1回転し、道路脇の標識の支柱に運転席のドア側を強打した。被災者は、頭部を負傷して意識不明になり、3日後に死亡した。被災者側が赤の点滅信号、軽自動車側が黄色の点滅信号であった。","3","建設業","301","土木工事業","30199","その他の土木工事業","1~9","2","物上げ装置、運搬機械","23","乗物","231","乗用車、バス、バイク","17","交通事故（道路）"
"828","2010","平成","22","9","11~12","クラブトロリ式天井クレーン(定格荷重13t、床上操作)の月次検査で、試運転としてガーダ上に点検者3名を乗せた状態で走行させたところ、上からヘルメットが落ちてきたのに運転士が気づき、走行を停止した。同僚がガーダ上を確認したところ、頭部から血を流してうずくまっている被災者を発見した。ガーダ上の走行駆動装置付近で目視点検をしていた被災者が建屋の梁に激突し、梁と走行駆動装置との間に頭を挟まれ死亡したとみられる。","1","製造業","117","その他の製造業","11702","機械修理業","100~299","2","物上げ装置、運搬機械","21","動力クレーン等","211","クレーン","7","はさまれ、巻き込まれ"
"829","2010","平成","22","9","10~11","樹木(3m)の剪定作業で、三脚梯子に上り刈込機械(トリマー)を使用して作業を行っていたところ、バランスを崩し頭部から地面へ墜落したもの。","6","農林業","601","農業","60101","農業","30~49","3","その他の装置等","37","用具","371","はしご等","1","墜落、転落"
"830","2010","平成","22","9","9~10","建屋解体工事において、ドラグショベルを使って屋内の居住スペースのコンクリートブロック壁を解体作業中、運転士(現場代理人)の指示でコンクリートブロック壁に立てかけてあったバールを取りに行き、ブロック壁に背を向けて前方へ移動していた際、後方から3列12段積み(幅1.18m、高さ約2.3m)のブロック壁(内部の鉄筋が少ない)が倒壊し、被災者はうつ伏せの状態で下敷きとなったもの。","3","建設業","302","建築工事業","30209","その他の建築工事業","1~9","4","仮設物、建築物、構築物等","41","仮設物、建築物、構築物等","418","建築物、構築物","5","崩壊、倒壊"
"831","2010","平成","22","9","15~16","シュノーケルインストラクターである被災者は、シュノーケルツアーを終了して事業場に戻り、事業場内にあるマリンハウスの浴槽で無呼吸で素潜り時間を長くする訓練を1人で行っていたところ、意識不明となった。病院へ搬送したが、約2週間後に死亡した。長く呼吸を止めた状態からくる意識喪失(ブラックアウト)により溺死したとみられる。","14","接客娯楽業","1401","旅館業","140101","旅館業","50~99","7","環境等","71","環境等","713","水","10","おぼれ"
"832","2010","平成","22","9","10~11","堰堤のコンクリート打設のため、施工中の堰堤の天場にやぐらを組み、チェーンブロック2個を用いて、2回目のコンクリート打設に使用した鋼製型枠を3回目の打設場所に引き上げる作業を行っていた。鋼製型枠を約1.3m持ち上げたとき、やぐらがねじれて偏荷重が生じたため固定に使用した番線が切断し、支柱が壊れた。この際、チェーンブロックを掛けていた角鋼管(断面6×6センチメートル、長さ3m)が外れ、堰堤の下部で作業していた被災者に激突した。","3","建設業","301","土木工事業","30108","砂防工事業","10~29","4","仮設物、建築物、構築物等","41","仮設物、建築物、構築物等","419","その他の仮設物、建築物、構築物等","5","崩壊、倒壊"
"833","2010","平成","22","9","13~14","粉砕機(ジョークラッシャー機)約1tを設置するため、片側の脚部を天井クレーンを使用して床面に降ろした後、もう片側の脚部を床面に設置させるため、脚部に敷いた建材の取り除くにあたりジャッキを使用して脚部を持ち上げ建材を取り除いたとき、ジョークラッシャー機が傾きはじめ、ジョークラッシャー機の下でジャッキアップしていた被災者が退避しようとしたところ、被災者の上に倒れ胸部付近を圧迫し死亡したもの。ジョークラッシャー機の重心が片側に集中していて、集中していない側をジャッキアップしたとみられる。","4","運輸交通業","403","道路貨物運送業","40301","一般貨物自動車運送業","50~99","6","荷","61","荷","612","機械装置","5","崩壊、倒壊"
"834","2010","平成","22","9","14~15","被災者は、工事現場において、土留め工の清掃のためバケツで水を汲み土留め工の端から天端鋼材を清掃しており、ほぼ中央まで来たところで走行してきたケーブルクレーン(エンドレスタイラ方式)の荷(栗石が入ったワイヤーモッコ)に激突され、乗っていた土留め工から3m下に墜落し、さらに約8m下まで滑落した。被災者は診療機関へ搬送されたが、同日死亡した。","3","建設業","301","土木工事業","30108","砂防工事業","30~49","2","物上げ装置、運搬機械","21","動力クレーン等","211","クレーン","6","激突され"
"835","2010","平成","22","9","15~16","県営住宅改修工事の塗装工事現場で、塗装工の作業員が建物4階ベランダ付近の作業床(わく組足場5層目)で作業中、下さん等がない交さ筋かいの下から墜落し、搬送された病院で死亡した。","3","建設業","302","建築工事業","30209","その他の建築工事業","1~9","4","仮設物、建築物、構築物等","41","仮設物、建築物、構築物等","411","足場","1","墜落、転落"
"836","2010","平成","22","9","16~17","当該事業場の敷地内において、リース用のドラグショベル(移動式クレーン仕様のもの)を整理のため運転中に当該ドラグショベルの運転室と隣接駐機中の掘削用機械(リース用)の運転室との間に首を挟まれた。運転席から身を乗り出した時に、体の一部が旋回レバーに触れ、ドラグショベルが旋回したとみられる。","8","商業","804","その他の商業","80409","その他の商業－その他","1~9","1","動力機械","14","建設機械等","142","掘削用機械","7","はさまれ、巻き込まれ"
"837","2010","平成","22","9","4~5","被災者はタクシー乗務中に、県道の片側3車線道路の交差点において、赤信号のため一旦停止し、信号が青に変わったことから、発進させたところ、ハンドル操作を誤り、中央分離帯に乗り上げて信号機の支柱に激突したもの。","4","運輸交通業","402","道路旅客運送業","40201","ハイヤー・タクシー業","100~299","2","物上げ装置、運搬機械","23","乗物","231","乗用車、バス、バイク","17","交通事故（道路）"
"838","2010","平成","22","9","6~7","被災者は早朝に出勤し、機械の日常点検に出かけたが、出荷時間の20分前になっても事務所へ戻ってこなかったため、工場長代理が携帯電話に連絡したが通じなかったことから、工場内を探したところ、シックナー(凝集沈降槽)の1次槽内に転落している被災者を発見したもの。前日に修理したポンプのホースを点検しようとした際に転落したとみられる。","1","製造業","109","窯業土石製品製造業","10901","セメント・同製品製造業","1~9","4","仮設物、建築物、構築物等","41","仮設物、建築物、構築物等","418","建築物、構築物","10","おぼれ"
"839","2010","平成","22","9","10~11","被災者は、発注者の工場建屋内で倒れているところを発見され、医療機関に搬送されたが意識不明のまま6日後に死亡した。被災者は送気フードを着用して塗装作業を行おうとしていたものであったが、送気フードのエアーホースが溶接作業時に使用するアルゴンガスの配管に接続されていたためアルゴンガスを吸引し窒息したものと推定される。自動溶接のシール用アルゴンガスのレシーバータンクに送気フード用エアー用のホースを接続することができた。","1","製造業","112","金属製品製造業","11209","その他の金属製品製造業","1~9","3","その他の装置等","37","用具","379","その他の用具","12","有害物等との接触"
"840","2010","平成","22","9","13~14","被災者が鉄塔の作業床を解体する作業を行っている際に、作業床の端から安全帯と共に、約25m下の建築物屋上に墜落し死亡したもの。被災者使用の安全帯は、キーロック仕様の胴綱に接続していたものの、胴綱ごと墜落したもの。","3","建設業","302","建築工事業","30201","鉄骨・鉄筋コンクリート造家屋建築工事業","10~29","4","仮設物、建築物、構築物等","41","仮設物、建築物、構築物等","418","建築物、構築物","1","墜落、転落"
"841","2010","平成","22","9","15~16","山林において、刈払機を用いて草刈り作業を作業員6名で行っていた。斜面上の草刈りを刈払機を用いて行っていた作業員の背後を被災者が通行しようとしたところ、作業員が左旋回で振り抜いた回転刃が被災者の右鎖骨から右脇腹にかけて当たり死亡した。","6","農林業","602","林業","60209","その他の林業","1~9","1","動力機械","16","一般動力機械","169","その他の一般動力機械","8","切れ、こすれ"
"842","2010","平成","22","9","15~16","被災者は農業用トラクターで牽引したポテトハーベスター(じゃが芋収穫機)の作業台(地上からの高さ1.4m)に乗り、じゃが芋と石等を選別する作業を行っていた。休憩後作業を再開するためポテトハーベスター(被災者含む3名乗車)を牽引した農業用トラクターで時速約3キロメートルでじゃが芋畑(作業場所)に移動中、被災者がポテトハーベスターの左後方作業台からポテトハーベスター左車輪前方へ墜落し、左車輪に轢かれた。倒れているのを同乗者が発見し病院へ搬送したが死亡した。","6","農林業","601","農業","60101","農業","1~9","1","動力機械","16","一般動力機械","169","その他の一般動力機械","7","はさまれ、巻き込まれ"
"843","2010","平成","22","9","9~10","草刈り作業のため高速道を走行規制作業中、走行車線で車両の監視員として黄旗を振り通行車両への注意喚起をしていた被災者が、走行規制に気付くのが遅れて矢印板設置個所に向かってきた3tキャリアカーに轢かれ、矢印板2枚とともにキャリアカーに約71m引きずられたもの。","3","建設業","301","土木工事業","30199","その他の土木工事業","50~99","2","物上げ装置、運搬機械","22","動力運搬機","221","トラック","17","交通事故（道路）"
"844","2010","平成","22","9","10~11","被災者は、民家の家庭用火災報知器の設置のための電気配線工事において、電気配線の作業を1人で行っていたが、事業場から被災者に電話連絡が取れないため、事業場の担当者が当該民家に赴き、被災者の所在を確認していたところ、2階の天井裏(暑熱環境)で倒れている被災者を発見したものの、既に死亡していた。なお、死因は熱中症と推定されたもの。","3","建設業","303","その他の建設業","30301","電気通信工事業","1~9","7","環境等","71","環境等","715","高温・低温環境","11","高温・低温の物との接触"
"845","2010","平成","22","9","11~12","11階建てマンション1階の植栽に倒れている被災者を住人が発見した。墜落箇所はその真上7階渡り廊下の屋根部分と思われる。被災者は、8階廊下の腰壁を乗り越え7階屋根に渡り、屋根上の堆積物(枯葉、埃)を掃除し、その終了後、墜落した。掃除作業を行っていた屋根部分には手すりは無く、保護帽、安全帯を着用していなかった。墜落高さは約19mであった。","8","商業","804","その他の商業","80409","その他の商業－その他","100~299","3","その他の装置等","37","用具","371","はしご等","1","墜落、転落"
"846","2010","平成","22","9","9~10","ドラグ・ショベルを用いて支障木(長さ14m)をトラックの荷台上に積み込む作業中、先に積込んだ木の上(長さ約3m)において人力で積み位置を調整していたところ、玉掛けしていたワイヤーが外れ、吊っていた木に押された被災者が路面に転落した後、さらに崖下まで約7m転落した。積み込み中の支障木も転落したが、被災者と接触したかどうかは不明。","3","建設業","301","土木工事業","30108","砂防工事業","10~29","1","動力機械","14","建設機械等","142","掘削用機械","1","墜落、転落"
"847","2010","平成","22","9","13~14","くさび式緊束足場に設置した朝顔上で、メッシュシートを張る作業を行っていたところ、朝顔の端から約7m下のアスファルト歩道に墜落したもの。","3","建設業","302","建築工事業","30209","その他の建築工事業","1~9","4","仮設物、建築物、構築物等","41","仮設物、建築物、構築物等","411","足場","1","墜落、転落"
"848","2010","平成","22","9","22~23","橋梁補修工事において、橋梁下部のつり足場の組立作業中に、照明を移設するための作業に取りかかったところ、作業員がつり足場から川に転落し、死亡したもの。","3","建設業","301","土木工事業","30105","橋梁建設工事業","10~29","4","仮設物、建築物、構築物等","41","仮設物、建築物、構築物等","411","足場","1","墜落、転落"
"849","2010","平成","22","9","22~23","商品の仕入れ先に向かって、ワゴン車で高速道路を走行中、前方に停止しているトラックに追突し、全身打撲により死亡した。ブレーキ痕は無く、前方不注意、もしくは、居眠り運転によるとみられる。","8","商業","802","小売業","80209","その他の小売業","50~99","2","物上げ装置、運搬機械","23","乗物","231","乗用車、バス、バイク","17","交通事故（道路）"
"850","2010","平成","22","9","13~14","船台のそばにある走行式ジブクレーン(つり上げ荷重157.5t)の走行レール脇で、同船台の下部で使用する消火用ホースと消火栓ホースの接続部の補修作業中、被災者の背後から接近してきた当該クレーンの走行車輪フレームが当たり、クレーンと架台との間にはさまれ、目撃した労働者が救助を試みたが救出できず、クレーン通過後非常停止させた。なお、被災者はクレーン運転室から見て後方に位置していた。","1","製造業","115","輸送用機械等製造業","11501","造船業","30~49","2","物上げ装置、運搬機械","21","動力クレーン等","211","クレーン","6","激突され"
"851","2010","平成","22","9","12~13","販売促進を目的としたバイクツーリングを開催し、会社スタッフ3名と顧客22名が日帰りツーリングに参加した。当日は、道の駅をスタートし、国道(片側1車線道路)を走行していた時、被災者が左カーブに差し掛かったところで転倒し、対向車線を走っていた乗用車に接触し、弾き飛ばされ頭を打ち死亡した。乗用車とバイクは炎上した。","8","商業","802","小売業","80209","その他の小売業","1~9","2","物上げ装置、運搬機械","23","乗物","231","乗用車、バス、バイク","17","交通事故（道路）"
"852","2010","平成","22","9","14~15","事業場構内にてフォークリフト(最大荷重3.5t)の運転作業に従事していた労働者が、フォークリフトのマストに取り付けたアタッチメント下部と地面との間に頭部を挟まれているところを発見され、その後死亡が確認された。当該フォークリフトはマスト昇降用の油圧ホースが破断し作動油が漏れていた。被災者が単独で作動油の漏れを点検中、アタッチメントが被災者の上に降下、頭部を挟まれたとみられる。","15","清掃・と畜業","1501","清掃・と畜業","150102","産業廃棄物処理業","50~99","2","物上げ装置、運搬機械","22","動力運搬機","222","フォークリフト","7","はさまれ、巻き込まれ"
"853","2010","平成","22","9","13~14","高さ11mのセメント用サイロの上部から地上のコンクリートに墜落したもの。サイロの上部には高さ1.1mの手すりが備わっていたが、監視カメラの位置を調整していた際に何らかの原因で手すり部分から墜落したものである。","1","製造業","109","窯業土石製品製造業","10901","セメント・同製品製造業","10~29","4","仮設物、建築物、構築物等","41","仮設物、建築物、構築物等","418","建築物、構築物","1","墜落、転落"
"854","2010","平成","22","9","14~15","被災者は、鉄骨造平屋建の工場棟の解体工事現場において、作業者数5名(被災者含む)がスレート屋根の上で作業中、被災者(安全帯未着用、保護帽着用)がスレート及び木毛板の撤去作業を行っていたところ、屋根の母屋の間から約5.2m下のコンクリート床に墜落したもの。墜落防止措置を講じていなかった","3","建設業","302","建築工事業","30209","その他の建築工事業","10~29","4","仮設物、建築物、構築物等","41","仮設物、建築物、構築物等","415","屋根、はり、もや、けた、合掌","1","墜落、転落"
"855","2010","平成","22","9","4~5","被災者は朝刊の新聞配達終了後の帰社途中、歩道から車道に出る際に、被災者の運転する原付バイクの車輪が運転を誤って路側帯に乗り上げてしまい転倒した。事故後は救急車により病院に搬送され、当初は肩と胸の骨折と診断されたが容態が急変し、別の病院に搬送され検査を行ったところ、頭部を負傷しており、3日後に死亡した。被災者は事故当時ヘルメットを着用していなかった。","8","商業","802","小売業","80205","新聞販売業","30~49","2","物上げ装置、運搬機械","23","乗物","231","乗用車、バス、バイク","17","交通事故（道路）"
"856","2010","平成","22","9","8~9","道路舗装工事現場で、砂をいれたフレコンバックをドラグショベル(機体重量2.45t)で吊り上げ運搬中、高さ2.6m下の海岸にドラグショベルが転落し、ドラグショベルを運転していた被災者がドラグショベルの下敷きとなり、死亡したものである。","3","建設業","301","土木工事業","30106","道路建設工事業","1~9","1","動力機械","14","建設機械等","142","掘削用機械","1","墜落、転落"
"857","2010","平成","22","9","11~12","事業場構内において、空荷のトレーラーとトレーラーの間(約3.3m)にトラック(最大積載量13.9t)をバックで駐車させるため、被災者はトラック後方で誘導を行っていたところ、切り返しのために前進したトラックの荷台部分とトレーラーの間に挟まれ死亡したもの。トラックに積まれていた廃材が荷台からはみ出ていたため、当該廃材を荷台上に戻そうとしてトラックに接近したらしい。","1","製造業","117","その他の製造業","11701","自動車整備業","30~49","2","物上げ装置、運搬機械","22","動力運搬機","221","トラック","7","はさまれ、巻き込まれ"
"858","2010","平成","22","9","13~14","当該事業場の倉庫の屋根上の物置場の片付け作業中、被災者が屋根上の泥、雨水をスコップでかき落としていたところ、同屋根上で他の者が運転するフォークリフトが木材を運搬しようとフォークですくい上げようとした時、被災者が乗っていた屋根材の鉄板の端をフォークの先が押し、強固に固定されていなかった鉄板がずれて梁から外れ、倉庫内へ被災者とともに落下した。その際、倉庫内の棚が倒れ、被災者は、鉄板と棚の下敷きになった。","3","建設業","302","建築工事業","30209","その他の建築工事業","1~9","4","仮設物、建築物、構築物等","41","仮設物、建築物、構築物等","415","屋根、はり、もや、けた、合掌","1","墜落、転落"
"859","2010","平成","22","9","15~16","玄米バラ受け施設において、農家がフレコンに入れた玄米をトラックで持ち込み、被災者の同僚がテルハクレーン(つり上げ荷重2t)を操作してトラックからつり上げ(玉掛は農家が実施)、荷受ホッパー上まで移動させ、被災者がフレコンの下のひもを解く作業をしていたところ、フレコンの2本ある吊りベルトのうち1本が経年劣化のため切断し、落下したフレコン(重量約750キログラム)により荷受ホッパー周囲の鉄製囲いに被災者が押し付けられ死亡した。","17","その他の事業","1702","その他の事業","170209","その他の事業－その他","30~49","6","荷","61","荷","611","荷姿の物","4","飛来、落下"
"860","2010","平成","22","9","11~12","被災者がギロチンプレス(剪断圧力1250t)の刃部の交換作業を行っていた際、被災者が当該ギロチンプレスの材料押さえの作動スイッチに触れたため、当該材料押さえ(材料押さえ圧力400t)が下降し、被災者は当該材料押さえと作業面との間に挟まれて死亡したもの。安全ブロック等の挟まれ防止措置を講じていなかった。","8","商業","801","卸売業","80109","その他の卸売業","30~49","1","動力機械","15","金属加工用機械","156","シャー","7","はさまれ、巻き込まれ"
"861","2010","平成","22","9","5~6","被災者が新聞配達のため、徒歩で道路を横断していたところ、道路を走行していた乗用車の前方不注意によりはねられ、病院に搬送されたが死亡したものである。","8","商業","802","小売業","80205","新聞販売業","10~29","2","物上げ装置、運搬機械","23","乗物","231","乗用車、バス、バイク","17","交通事故（道路）"
"862","2010","平成","22","9","14~15","建物解体現場において、建設資材廃棄コンテナ(360×190、高さ95センチメートル)に資材廃棄中、被災者が重機後方の旋回範囲内への立ち入り、後方の確認をしなかったため、旋回中の重機(ハサミ)のカウンターウエイト部とコンテナの間に挟まれたもの。","3","建設業","302","建築工事業","30209","その他の建築工事業","100~299","1","動力機械","14","建設機械等","149","その他の建設機械等","7","はさまれ、巻き込まれ"
"863","2010","平成","22","9","14~15","建屋脇の屋外に設置してある化学製品を貯蔵する円柱状のタンク(直径2m、高さ2.9m)の上部に手すりを増設するため、労働者2名がタンク上部で手すり土台の溶接(TIG溶接)作業中、土台の仮止めが終わったところで労働者1名が地面に降りて間もなく、溶接による高温によりタンク内に残っていたトルエンとIBACが爆発した。タンクは傾き、上部の平板が外れて変形し、被災者は地上6mの配管上で発見された。","3","建設業","303","その他の建設業","30302","機械器具設置工事業","1~9","3","その他の装置等","33","溶接装置","332","アーク溶接装置","14","爆発"
"864","2010","平成","22","9","9~10","岸壁新設のためのコンクリート打設用の組み立てられた型枠(鋼製、高さ2.3m、長さ10.6m、重さ1.5t)を両側より角鋼管を交差させ地面に垂直に立てたうえで、当該型枠側面に打設時に使用する足場を設置していたところ、型枠の支えが不十分であったため、当該型枠が設置していた足場方向(風下)に倒れ、当該足場上にいた2名が地面に墜落、型枠側面で片付けをしていた2名が覆いかぶさるように倒れてくる型枠の下敷きとなり、うち1名が死亡したもの。","3","建設業","301","土木工事業","30111","港湾海岸工事業","50~99","4","仮設物、建築物、構築物等","41","仮設物、建築物、構築物等","412","支保工","5","崩壊、倒壊"
"865","2010","平成","22","9","11~12","戸建て住宅新築工事現場において、被災者が建屋2階桁上で建材の仕分け作業をしていたところバランスを崩し、1階の土間に墜落したもの。作業床を設置せず、かつ、防網や安全帯を使用していなかった。","3","建設業","302","建築工事業","30202","木造家屋建築工事業","1~9","4","仮設物、建築物、構築物等","41","仮設物、建築物、構築物等","415","屋根、はり、もや、けた、合掌","1","墜落、転落"
"866","2010","平成","22","9","14~15","ゴルフ場において、コースの左斜面(45度)のラフの芝刈りのため、作業員が乗り込むタイプの芝刈り機に乗って運転していたところ、斜度が限界を超えていたために乗っていた芝刈り機ごと横転し、その下敷きになったもの。","14","接客娯楽業","1403","その他の接客娯楽業","140301","ゴルフ場","50~99","1","動力機械","16","一般動力機械","169","その他の一般動力機械","2","転倒"
"867","2010","平成","22","9","5~6","新聞配達中に歩いて道路を横断していたところ、進行してきた普通乗用車の前方不注意によりはねられた。病院に運ばれたが全身を強く打っており約1時間後に死亡が確認された。現場は片側1車線の直線道路で横断歩道はなかった。","8","商業","802","小売業","80205","新聞販売業","1~9","2","物上げ装置、運搬機械","23","乗物","231","乗用車、バス、バイク","17","交通事故（道路）"
"868","2010","平成","22","9","7~8","グラウンド内において運動会の準備のため、高さ約2mの折りたたみ式の脚立を使用し万国旗のたるみを直す作業を行っていたところ、不安定な姿勢での作業によりバランスを崩し、地面に墜落した。","12","教育・研究業","1201","教育・研究業","120109","その他の教育研究業","10~29","3","その他の装置等","37","用具","371","はしご等","1","墜落、転落"
"869","2010","平成","22","9","7~8","登山道の歩道橋の橋脚補強工事で使用するための麻袋に入れた砕石材約2.4tをワイヤーで吊し、ヘリコプターで輸送中、山林に墜落した。","4","運輸交通業","401","鉄道・軌道・水運・航空業","40103","航空業","100~299","2","物上げ装置、運搬機械","23","乗物","239","その他の乗物","18","交通事故（その他）"
"870","2010","平成","22","9","7~8","被災者はヘリコプターで山中の橋の基礎部の補強工事に使う資材や機材の運搬の為、資材置き場と現場を往復していたが、現場に霧がかかっていたために資材を降ろさず、資材置き場に戻る途中に墜落したもの。災害発生時、資材(自然石、2.4t)はワイヤーロープを用いてヘリコプターから吊り下げられていた。","4","運輸交通業","401","鉄道・軌道・水運・航空業","40103","航空業","50~99","2","物上げ装置、運搬機械","23","乗物","239","その他の乗物","18","交通事故（その他）"
"871","2010","平成","22","9","15~16","RC2F建物新築工事において、うま足場の作業床上(高さ1.4m)で壁配筋作業中、うま足場の作業床と配筋作業箇所との間に間隔があり、身を乗り出して作業していた際に転落し、左胸部に鉄筋(直径10ミリメートル)が刺さり、死亡したもの。鉄筋に鉄筋保護キャップは取り付けられていなかった。","3","建設業","302","建築工事業","30201","鉄骨・鉄筋コンクリート造家屋建築工事業","10~29","4","仮設物、建築物、構築物等","41","仮設物、建築物、構築物等","411","足場","1","墜落、転落"
"872","2010","平成","22","9","17~18","被災者は、フォークリフト(最大荷重1.5t)を用いて、事業場営業所の屋根(高さ2.71m)の雨漏りを止めるため、ビニルシートを敷設する作業をしていた。フォークリフトの運転席からフォークのパレット上に乗り移ろうとした際、誤って足を踏み外し、ティルトレバーを足で踏んでしまい、原動機を停止させていなかったためにマストが後斜し、ヘッドガードとマストの間に挟まれた。1人作業のため目撃者はいない。","4","運輸交通業","403","道路貨物運送業","40301","一般貨物自動車運送業","1~9","2","物上げ装置、運搬機械","22","動力運搬機","222","フォークリフト","7","はさまれ、巻き込まれ"
"873","2010","平成","22","9","17~18","対向車線の大型トレーラーのけん引車が道路脇のフェンスに激突後、中央線を越えて被災者の車線に進入してきたため運転席に激突し、全身を強打した。病院に搬送されたが翌日死亡。","4","運輸交通業","403","道路貨物運送業","40301","一般貨物自動車運送業","1~9","2","物上げ装置、運搬機械","22","動力運搬機","221","トラック","17","交通事故（道路）"
"874","2010","平成","22","9","8~9","被災者の運転するダンプが走行中、スピード超過により左カーブを曲がり切れずに、右側の道路沿いにある街路樹(直径50~60センチメートル)に衝突、ダンプの右前部(運転席側)が大破し、被災者は運転席とハンドルの間に挟まれた。救急隊が救助し病院へ搬送したが死亡した。","3","建設業","301","土木工事業","30109","土地整理土木工事業","1~9","2","物上げ装置、運搬機械","22","動力運搬機","221","トラック","17","交通事故（道路）"
"875","2010","平成","22","9","11~12","傾斜地において、清掃作業を行っていたと推定される被災者が、当該傾斜地で転倒し、斜面を転がって下部の擁壁上(垂直高さ2m20センチメートル)から敷地外の歩道に墜落したもの。","17","その他の事業","1702","その他の事業","170209","その他の事業－その他","10~29","4","仮設物、建築物、構築物等","41","仮設物、建築物、構築物等","418","建築物、構築物","1","墜落、転落"
"876","2010","平成","22","9","11~12","9階建ての建築物の解体工事において、屋内のコンクリートブロック製の壁の解体作業中、壁の床に取り付けられていた横木を取り外したために同壁が倒壊し、壁の下敷きとなった。","3","建設業","302","建築工事業","30209","その他の建築工事業","100~299","4","仮設物、建築物、構築物等","41","仮設物、建築物、構築物等","418","建築物、構築物","5","崩壊、倒壊"
"877","2010","平成","22","9","15~16","園芸用土を撹拌・搬送・ポットに充填する一連の工程を行う機械設備に、園芸用土を投入するため、ホッパー部(長さ130センチメートル、幅320センチメートル、深さ60~120センチメートル、底部は全面ローラー)に立ち入り、稼働状態(ローラー、排出・撹拌用の回転軸が回転)において、ホッパー内につり下げられた園芸用土入りフレコンの開封用の紐を解いていたところ、撹拌用の回転軸の爪が被災者の首から肩の辺りに突き刺さり死亡したもの。","6","農林業","601","農業","60101","農業","10~29","1","動力機械","16","一般動力機械","169","その他の一般動力機械","7","はさまれ、巻き込まれ"
"878","2010","平成","22","9","10~11","車エビ養殖場において、被災者は潜水器を着用し、養殖池に潜りゴミ取り作業を朝から1人で行っていた。約90分後、被災者の姿が見当たらないことに気付いた同僚が養殖池を見回ったところ、被災者が使用していた船外機に掛けられたはしごに引っ掛かり、養殖池内で沈んでいる被災者を発見し、病院へ搬送したが死亡が確認されたもの。被災者は潜水士免許を所持していなかった。","7","畜産・水産業","702","水産業","70209","その他の水産業","1~9","7","環境等","71","環境等","713","水","10","おぼれ"
"879","2010","平成","22","9","12~13","交差点で、横断歩道を自転車に乗り横断していたところ、左折してきた大型トラックに巻き込まれ、搬送先の病院で死亡した。","15","清掃・と畜業","1501","清掃・と畜業","150101","ビルメンテナンス業","50~99","2","物上げ装置、運搬機械","22","動力運搬機","221","トラック","17","交通事故（道路）"
"880","2010","平成","22","9","13~14","被災者が同僚1名とゴルフ場に設置させれている作業道路(坂道)の路面補修作業を行っていた。坂の上に被災者と同僚が乗ってきた2tトラックを停車させ、路面の補修作業を行っていたが、強風等の影響で無人の当該トラックが坂道を下り出し、被災者と同僚がトラックに轢かれ、被災者がトラックの下敷きになったもの。ブレーキをかける等の逸走防止措置が不十分であった。","14","接客娯楽業","1403","その他の接客娯楽業","140301","ゴルフ場","30~49","2","物上げ装置、運搬機械","22","動力運搬機","221","トラック","7","はさまれ、巻き込まれ"
"881","2010","平成","22","9","13~14","被災者の運転するトラックが信号待ちをしていた3台のトラックに追突した。","4","運輸交通業","403","道路貨物運送業","40301","一般貨物自動車運送業","10~29","2","物上げ装置、運搬機械","22","動力運搬機","221","トラック","17","交通事故（道路）"
"882","2010","平成","22","9","14~15","間伐作業において、松くい虫によって枯損したアカマツ(胸高直径約35センチメートル、樹高約20m)を伐倒したところ、近接するナラにかかり木となったため、元玉切を行ったところ、アカマツの上部が折れ、被災者に激突したと推定される。","6","農林業","602","林業","60209","その他の林業","100~299","7","環境等","71","環境等","712","立木等","6","激突され"
"883","2010","平成","22","9","21~22","ベッドに使用するスプリングを製造する職場において、硬鋼線(コイル状)の重さを天井クレーンを使用して計量する過程で、何らかの原因により感電したものと思われる。硬鋼線設置台のモーター部分または天井クレーンからの漏電等が考えられる。","1","製造業","105","家具・装備品製造業","10509","その他の家具・装備品製造業","100~299","1","動力機械","16","一般動力機械","169","その他の一般動力機械","13","感電"
"884","2010","平成","22","9","7~8","トラックの近くに倒れている被災者が発見された。目撃者がなく詳細は不明であるが、被災者は当該木材加工場から出たおが屑をトラックに積載作業中、何らかの原因でトラックの荷台から転落したとみられる。","1","製造業","104","木材・木製品製造業","10409","その他の木材・木製品製造業","50~99","2","物上げ装置、運搬機械","22","動力運搬機","221","トラック","1","墜落、転落"
"885","2010","平成","22","9","8~9","被災者はフォークリフトのフォークの上に載せたプレカット材の上に乗り、高さ約4mの高さに保管してあった埋木用の枝の束を降ろそうとしたところ、バランスを崩し、約3mの高さから墜落したもの。被災者は安全帽を着用していなかった。","1","製造業","104","木材・木製品製造業","10401","製材業","10~29","2","物上げ装置、運搬機械","22","動力運搬機","222","フォークリフト","1","墜落、転落"
"886","2010","平成","22","9","9~10","砂防ダム護岸工事現場において、被災者が護岸斜面部の立木(胸高直径50.6センチメートル、樹高20.8m)の伐倒をするためにチェンソーを用いて伐倒木の追い口を切っていたところ、切り込みが深すぎたために木を切り倒してしまい、その木の一部(伐倒時の衝撃により対岸の立木に接触して伐倒木の上部が折れたもの)が被災者を直撃したもの。","3","建設業","301","土木工事業","30108","砂防工事業","1~9","7","環境等","71","環境等","712","立木等","4","飛来、落下"
"887","2010","平成","22","9","9~10","個人住宅の外壁塗装工事現場において、塗装作業終了後の足場解体作業中、被災者が足場の水平材を伝って移動していた際、足場が建屋側に傾くのを防ぐために建屋の外壁に当てていた単管に足を乗せたところ、当該単管が傾き、被災者がバランスを崩し、2階の屋根にバウンドした後、6.7m下のアスファルト地面に墜落した。病院にて治療中、7日後に死亡した。安全帯などの防護措置を講じていなかった。","3","建設業","302","建築工事業","30209","その他の建築工事業","1~9","4","仮設物、建築物、構築物等","41","仮設物、建築物、構築物等","411","足場","1","墜落、転落"
"888","2010","平成","22","10","15~16","整備士から10tダンプトラックの左後方のテールランプとバックランプの修理をしてほしいと頼まれたことから、被災者がテールランプの裏側の隙間に体を入れて配線の状態を確認していたところ、バックランプに通電させようと変速ギヤをバックに入れた状態で整備士がトラックのエンジンキーを回したため、トラックが急に後退し、被災者はトラックの左後輪に轢かれて被災したもの。","1","製造業","117","その他の製造業","11701","自動車整備業","1~9","2","物上げ装置、運搬機械","22","動力運搬機","221","トラック","7","はさまれ、巻き込まれ"
"889","2010","平成","22","10","5~6","会社車庫にあるトラックをバイクに乗車して取りに行く途中、駐車中のダンプカーに前方不注意により激突して、死亡した。","4","運輸交通業","403","道路貨物運送業","40301","一般貨物自動車運送業","10~29","2","物上げ装置、運搬機械","23","乗物","231","乗用車、バス、バイク","17","交通事故（道路）"
"890","2010","平成","22","10","9~10","山林の樹木の伐採作業中、伐倒者がなら木(高さ16m、胸高直径30センチメートル)を谷側の方向に伐倒すべく、追い口にくさびを入れたところ、なら木が予定より約80度上方向に倒れ、斜面下方で枝払い作業をしていた被災者に直撃した。","6","農林業","602","林業","60209","その他の林業","30~49","7","環境等","71","環境等","712","立木等","5","崩壊、倒壊"
"891","2010","平成","22","10","14~15","出先の工場内において、熱処理炉の組立作業を行っていた被災者が適切に退避しておらず、走行してきた天井クレーンと組立中の熱処理炉の配管の間に頭部を挟まれ死亡したもの。","1","製造業","113","一般機械器具製造業","11301","機械（精密機械を除く）器具製造業","50~99","2","物上げ装置、運搬機械","21","動力クレーン等","211","クレーン","7","はさまれ、巻き込まれ"
"892","2010","平成","22","10","15~16","被災労働者は、つり上げ荷重7.7t+7.7tの橋形クレーンを操作し、橋形クレーンを移動させていたところ、クレーンのフックに取り付けられていた玉掛け用具のナイロンスリングが積み上げられていた最上段のPC板(規格値:1200×5300×120ミリメートル、重さ:1.2t)にひっかかり、PC板が被災労働者に落下し、被災したみられる。被災者は無資格であった。","1","製造業","109","窯業土石製品製造業","10909","その他の土石製品製造業","1~9","2","物上げ装置、運搬機械","21","動力クレーン等","211","クレーン","4","飛来、落下"
"893","2010","平成","22","10","16~17","タイヤリサイクルセンターの作業場内においてダンプトラックから下ろした回収済の切断タイヤを破砕機にて社長が整理しようと前進したところ、右前の作業半径内に立っていた被災者が破砕機のクローラにひかれ、死亡したもの。","15","清掃・と畜業","1501","清掃・と畜業","150102","産業廃棄物処理業","10~29","1","動力機械","14","建設機械等","149","その他の建設機械等","7","はさまれ、巻き込まれ"
"894","2010","平成","22","10","1~2","コピー機のトナーを製造する工程において、フィルタープレスから排出されたトナーを受けるシューター上部の格子状の枠に溜まったトナーをフィルタープレスの2階架台上から高圧洗浄していた際、誤って金型の濾板間に頭部を挟まれた。","1","製造業","108","化学工業","10899","その他の化学工業","100~299","1","動力機械","16","一般動力機械","169","その他の一般動力機械","7","はさまれ、巻き込まれ"
"895","2010","平成","22","10","4~5","被災者は、資料運搬用13tトラックを運転し、荷の運送中、国道を走行していたところ、対向車線を走行してきた3tトラックと正面衝突し、死亡した。また、対向してきた3tトラックの運転手も死亡した。いずれかの運転手の前方不注意等により、センターラインを越えたもの。","4","運輸交通業","403","道路貨物運送業","40301","一般貨物自動車運送業","50~99","2","物上げ装置、運搬機械","22","動力運搬機","221","トラック","17","交通事故（道路）"
"896","2010","平成","22","10","4~5","3tトラックを運転し、荷(日用品)の運送中、国道を走行していたところ、対向車線を走行してきた13t飼料運搬トラックと正面衝突した。また、対向してきた13t飼料運搬トラックの運転手も死亡した。いずれかの車両が前方不注意等によりセンターラインを超えたもの。","4","運輸交通業","403","道路貨物運送業","40301","一般貨物自動車運送業","10~29","2","物上げ装置、運搬機械","22","動力運搬機","221","トラック","17","交通事故（道路）"
"897","2010","平成","22","10","13~14","フォークリフトを用いて籾をライスセンターから別棟の保管場所へ運搬し、保管場所からライスセンターへ戻る際、フォークリフトの右前輪タイヤが、運行経路途上にあった籾殻排出塔の基礎土台にのり上げ、バランスを崩し、当該フォークリフトが横転した。当該フォークリフトを運転していた被災者が運転席から投げ出され、フォークリフトの下敷きとなり死亡した。","17","その他の事業","1702","その他の事業","170209","その他の事業－その他","50~99","2","物上げ装置、運搬機械","22","動力運搬機","222","フォークリフト","2","転倒"
"898","2010","平成","22","10","21~22","テレビスタジオで放送準備のため、脚立(天板高さ2.28mの脚立を使用)に登り、照明(照明下面高さ約3.4m)をセットする作業中もしくは降りる途中、バランスを崩し床に墜落して頭部を強打したもの。ヘルメットや安全帯などを使っていなかった。","8","商業","802","小売業","80209","その他の小売業","500~999","3","その他の装置等","37","用具","371","はしご等","1","墜落、転落"
"899","2010","平成","22","10","11~12","ホイスト式橋形クレーン(床上運転式、つり上げ荷重30.4t/5.04t)の走行レール側のエアバルブのところで作業していた被災者が、走行レール上に倒れていたところを同僚に発見され、同僚が救助しようとしたが、別の同僚が当該クレーンを走行させたため、被災者がクレーンの走行車輪に巻込まれたもの。被災者はその直前、当該クレーンの走行時にサドルにヘルメットが巻き込まれ倒れていたものとみられる。クレーン運転者は無資格であった。","1","製造業","113","一般機械器具製造業","11301","機械（精密機械を除く）器具製造業","50~99","2","物上げ装置、運搬機械","21","動力クレーン等","211","クレーン","7","はさまれ、巻き込まれ"
"900","2010","平成","22","10","9~10","役所の外壁に垂れ幕(横80センチメートル、縦8m)を取り付ける作業中、被災者が脚立に乗って垂れ幕の最下部を押さえていたところ、突風で垂れ幕が煽られた弾みで脚立から投げ出されるなどし、地面に仰向けに倒れ、頭部を強打したもの。被災者は、2日後、搬送先の病院において死亡したもの。","9","金融・広告業","902","広告・あっせん業","90209","その他の広告・あっせん業","10~29","3","その他の装置等","37","用具","371","はしご等","1","墜落、転落"
"901","2010","平成","22","10","10~11","ロール機でゴムの混練作業中、ロール機に付着した少量のゴム片を取り除こうとしたところ、ロール機に巻き込まれ、右手指を骨折・損傷した。搬送先の病院で手術、入院治療をしていたところ、5日後に呼吸困難を訴え死亡した。","1","製造業","108","化学工業","10806","ゴム製品製造業","不明","1","動力機械","16","一般動力機械","163","ロール機（印刷ロール機を除く。）","7","はさまれ、巻き込まれ"
"902","2010","平成","22","10","11~12","公共下水管埋設、舗装復旧工事において、警備員が掘削車両の運搬車の誘導のために国道の一般通行車両を待機させていたところ、誘導員の後方にいた大型トラックにひかれて、死亡した。当該大型トラックは一般通行車両で、前方の確認が不十分であった。","17","その他の事業","1702","その他の事業","170201","警備業","1~9","2","物上げ装置、運搬機械","22","動力運搬機","221","トラック","17","交通事故（道路）"
"903","2010","平成","22","10","14~15","森林組合から発注の間伐作業において、雑木の伐採作業に3名が従事していたところ、被災者が雑木伐採後に足を滑らした反動で持っていたチェンソーが左足に接触し、切傷により死亡した。","6","農林業","602","林業","60209","その他の林業","1~9","1","動力機械","13","木材加工用機械","136","チェーンソー","8","切れ、こすれ"
"904","2010","平成","22","10","14~15","クリーニングされた品物を配送のため店舗に向かっていたところ、国道でセンターラインをはみ出し、対向車のバスに正面衝突したもの。","1","製造業","117","その他の製造業","11703","クリーニング業","50~99","2","物上げ装置、運搬機械","22","動力運搬機","221","トラック","17","交通事故（道路）"
"905","2010","平成","22","10","11~12","バイクによる河川巡視業務を終え、事業場に戻る途中、信号のない交差点で乗用車と衝突、その後死亡したもの。被災者側に一時停止の標識があった。","17","その他の事業","1702","その他の事業","170209","その他の事業－その他","1~9","2","物上げ装置、運搬機械","23","乗物","231","乗用車、バス、バイク","17","交通事故（道路）"
"906","2010","平成","22","10","15~16","事業場の資材置き場にて、労働者がフォークリフトを使って廃棄物の運搬作業中、フォークリフトを後退させたところ、すぐ後ろで作業をしていた被災者が轢かれ、死亡した。当初は、被災者がフォークリフトを運転していたが、前輪がぬかるみにはまったため、運転を交代していた。運転者は無資格であった。","3","建設業","302","建築工事業","30201","鉄骨・鉄筋コンクリート造家屋建築工事業","10~29","2","物上げ装置、運搬機械","22","動力運搬機","222","フォークリフト","7","はさまれ、巻き込まれ"
"907","2010","平成","22","10","19~20","被災者が、施設内の倉庫前廊下で倒れて死亡しているのが発見された。","13","保健・衛生業","1302","社会福祉施設","130201","社会福祉施設","50~99","7","環境等","71","環境等","719","その他の環境等","90","その他"
"908","2010","平成","22","10","14~15","被災者がオートバイで夕刊を配達していたところ、交差点で2tトラックと衝突し、転倒して頭部を打った。意識不明の状態であったが、8日後に死亡した。","8","商業","802","小売業","80205","新聞販売業","50~99","2","物上げ装置、運搬機械","23","乗物","231","乗用車、バス、バイク","17","交通事故（道路）"
"909","2010","平成","22","10","15~16","砂利採取の現場において、被災者が伐木した杉を玉切りする作業を行っていた際、玉切りした丸太(長さ4m、直径18センチメートル)を移動させようと、玉切材の片端を地面につけたまま、もう片端を肩上位の高さまで持ち上げたところ、地面につけていた玉切材の端がぬかるんで滑り、被災者の肩、胸、太ももに玉切材が激突し、被災者は胸を骨折し、当該骨折箇所付近の内臓からの出血により死亡した。","2","鉱業","202","土石採取業","20202","砂利採取業","1~9","5","物質、材料","52","材料","522","木材、竹材","6","激突され"
"910","2010","平成","22","10","16~17","シュレッダー工場内に設置されたタンブリングシャー脇のピットから、油圧ショベルに掴みアタッチメントを取り付けた重機を使用し、スクラップを取り出す作業を行っていた。被災者は、ピット脇でスクラップを掴む誘導を行っていたが、「あと5回で作業終了」と指示した後に姿が見えなくなった。作業を終えたオペレーターが重機を後退させようとしたところ、クローラーと上部旋回体の間に挟まれて左クローラー脇に倒れている被災者を発見した。","8","商業","801","卸売業","80109","その他の卸売業","10~29","1","動力機械","14","建設機械等","149","その他の建設機械等","7","はさまれ、巻き込まれ"
"911","2010","平成","22","10","9~10","ファイナルドックと呼称される作業で、入渠中の新造船の船倉に取り付けられた総高さ13.6mのバーチカルラダー(垂直はしご)の何れかの付近から墜落したもの(推定)。","1","製造業","115","輸送用機械等製造業","11501","造船業","100~299","4","仮設物、建築物、構築物等","41","仮設物、建築物、構築物等","413","階段、桟橋","1","墜落、転落"
"912","2010","平成","22","10","11~12","牛舎内の牧柵の溶接修理作業を行うため、修理箇所の確認を行っていたところ、不意に牛が被災者にぶつかってきて、被災者はそのまま牧柵との間に胸を挟まれ、入院先の病院で死亡した。短時間作業であったため、牧区内の牛を牧柵で隔離していなかった。","7","畜産・水産業","701","畜産業","70101","畜産業","1~9","7","環境等","71","環境等","719","その他の環境等","7","はさまれ、巻き込まれ"
"913","2010","平成","22","10","11~12","屋根葺き替え作業工事現場においてトタン屋根葺き替え作業中、屋根上(地上から高さ2.7m)を移動している時に深さ1.8mの用水へ転落した。","3","建設業","302","建築工事業","30202","木造家屋建築工事業","1~9","4","仮設物、建築物、構築物等","41","仮設物、建築物、構築物等","415","屋根、はり、もや、けた、合掌","1","墜落、転落"
"914","2010","平成","22","10","14~15","農業用機械(コンバイン)の回収のため、フォークリフトで公道を走行中、何らかの原因でハンドル操作を誤り、路肩から田んぼにフォークリフトと一緒に転落し、フォークリフトのヘッドガードに挟まれ死亡した。","1","製造業","117","その他の製造業","11702","機械修理業","10~29","2","物上げ装置、運搬機械","22","動力運搬機","222","フォークリフト","1","墜落、転落"
"915","2010","平成","22","10","21~22","きのこ栽培に使用したおがくずを貨物自動車に積み込むため、おがくずを入れたホッパー(0.92m×1.23m、高さ1.24m)をフォークリフト(最大積載荷重1.45t)で高さ2.24mの位置に上げ、ホッパーからおがくずを貨物自動車の荷台に落とそうとしてホッパーの下部のストッパーを取り外した際、誤って貨物自動車のあおり(高さ2.14m)からコンクリート床に墜落したもの。","1","製造業","101","食料品製造業","10109","その他の食料品製造業","30~49","2","物上げ装置、運搬機械","22","動力運搬機","221","トラック","1","墜落、転落"
"916","2010","平成","22","10","3~4","13tトラックで高速道路の登坂車線を走行中、本線路肩に違法駐車していたトレーラーに追突し、運転していたトラックのキャビンが潰れて車内に閉じこめられたもの。レスキュー隊により救出されて救急搬送されたが、搬送先の病院にて死亡が確認された。","4","運輸交通業","403","道路貨物運送業","40301","一般貨物自動車運送業","50~99","2","物上げ装置、運搬機械","22","動力運搬機","221","トラック","17","交通事故（道路）"
"917","2010","平成","22","10","8~9","自動洗濯機ラインの洗濯機の投入口と、自動投入装置のホッパーに被災者が挟まれてた。自動投入時に衣類等がひっかかりエラーが発生したため、一度ホッパーを下げて衣類等を被災者が投入していたところ、洗濯機を停止してもすべての機械が止まる機構になっておらず、ホッパーが通常動作に戻ろうとしたため、被災者の上半身が挟まれたものと推定される。","1","製造業","117","その他の製造業","11703","クリーニング業","30~49","3","その他の装置等","39","その他の装置、設備","391","その他の装置、設備","7","はさまれ、巻き込まれ"
"918","2010","平成","22","10","9~10","車庫内から電動シャッター(高さ4m、幅8m)をくぐり出ようとしたところ、同シャッターとコンクリートの地面に胸部を挟まれたもの。同僚が発見し救急搬送したが、死亡が確認された。","4","運輸交通業","403","道路貨物運送業","40301","一般貨物自動車運送業","30~49","4","仮設物、建築物、構築物等","41","仮設物、建築物、構築物等","418","建築物、構築物","7","はさまれ、巻き込まれ"
"919","2010","平成","22","10","20~21","温泉リゾート施設新築工事現場において、電気設備工事を請け負う1次下請の労働者が、地下2階の電気室に設置された空調機械の制御を行う動力盤付近で、交流200Vが通電している制御用ケーブルをケーブルカッターで切断していたところ、感電して死亡した。1人作業であったため、発生時の状況は不明であるが、発見時、被災者は絶縁手袋を着用しておらず、グリップ部分に絶縁テープが巻かれたケーブルカッターがあった。","3","建設業","303","その他の建設業","30301","電気通信工事業","50~99","3","その他の装置等","35","電気設備","352","電力設備","13","感電"
"920","2010","平成","22","10","9~10","被災者は、リーチフォークリフトの後輪にうつ伏せの状態で下敷きとなっているところを発見され、救急搬送されたが、搬送中に死亡した。被災者は、最大積載荷重1.8tのリーチフォークリフトを用いて亜鉛鉄板を梱包した荷(1219×2438×110、重さ2t)を運搬していたが、災害発生時にリフトが前のめりになり、フォークの先端が刺さった跡が地面に残されていた。最大積載荷重を超過したためフォークリフトが前方に傾き、その際に運転手が転落し、リフトに挟まれたものと思われる。","1","製造業","112","金属製品製造業","11203","金属プレス製品製造業","10~29","2","物上げ装置、運搬機械","22","動力運搬機","222","フォークリフト","7","はさまれ、巻き込まれ"
"921","2010","平成","22","10","10~11","民有林の間伐事業において、長期に未使用であった林道を再び使用するため林道上に張り出している立木(杉)の枝を除去する作業を行っていた。被災者はグラップルを運転し、同僚はグラップルの爪の間に乗りチェンソーを用いて高さ4.2mの箇所の枝打ち作業を行っていた。その際、林道の石積みの路肩の強度が不足していたため崩壊し、グラップルもろとも約35m転落した。被災者は運転席から投げ出されて死亡した。同僚も、転落した際に受傷した。","6","農林業","602","林業","60201","木材伐出業","10~29","7","環境等","71","環境等","711","地山、岩石","1","墜落、転落"
"922","2010","平成","22","10","8~9","被災者は、自社倉庫内に棚を取り付ける作業を行っていたところ、高さ約2.5mの棚上からバランスを崩してコンクリート床に墜落し、意識不明となり、1カ月後に死亡した。","3","建設業","301","土木工事業","30199","その他の土木工事業","10~29","4","仮設物、建築物、構築物等","41","仮設物、建築物、構築物等","416","作業床、歩み板","1","墜落、転落"
"923","2010","平成","22","10","19~20","自分の車に配達する商品を載せて走行中、左カーブでセンターラインを超え対向車線にはみ出し、対向車線を走行してきた乗用車と正面衝突したもの。","4","運輸交通業","403","道路貨物運送業","40301","一般貨物自動車運送業","100~299","2","物上げ装置、運搬機械","23","乗物","231","乗用車、バス、バイク","17","交通事故（道路）"
"924","2010","平成","22","10","10~11","被災者は、牛舎及び管理棟6棟の新築工事現場の電気配線工事を請け負う労働者であり、同僚と2名で入場した。被災者は1人ではしごを使用して高さ約4.3mの梁の上の電気配線を束ねる作業を始めたが、その直後にバランスを崩して墜落した。頭部を負傷し意識がないのですぐに病院へ搬送し治療を受けていたが、6日後に死亡した。安全帯を着用していたが使用していなかった。","3","建設業","302","建築工事業","30203","建築設備工事業","1~9","3","その他の装置等","37","用具","371","はしご等","1","墜落、転落"
"925","2010","平成","22","10","14~15","下水道管の敷設工事現場において、塩ビ管(長さ4m、径150ミリメートル)を設置するために幅1.17m、長さ10.40m、深さ約3mに掘削した地山において、地山の一部が崩壊し中に入っていた作業員1名が生き埋めになり死亡したもの。災害発生時、土留め支保工(縦ばりプレート及び軽量鋼矢板)は準備されていたものの、設置する前だった。また、この時に救助を試みた他の作業員1名についても一時生き埋めになり負傷した。","3","建設業","301","土木工事業","30110","上下水道工事業","10~29","7","環境等","71","環境等","711","地山、岩石","5","崩壊、倒壊"
"926","2010","平成","22","10","16~17","ダム湖流芥処理作業中、流芥を囲い込んだ捕獲網羽(流芥回収用の網で、円周約50m)を作業ヤードに係留するため、被災者が手鉤付き竹竿で網羽に接続したロープを引っかけて手繰り寄せようとしたところ、足を滑らせて路肩から水中に転落して溺死した。","3","建設業","301","土木工事業","30199","その他の土木工事業","1~9","4","仮設物、建築物、構築物等","41","仮設物、建築物、構築物等","418","建築物、構築物","10","おぼれ"
"927","2010","平成","22","10","5~6","被災者が新聞を載せた手押し車を押して県道を横断中、県道を走行中の加害車両(乗用車)にはねられ、死亡したもの。","8","商業","802","小売業","80205","新聞販売業","10~29","2","物上げ装置、運搬機械","23","乗物","231","乗用車、バス、バイク","17","交通事故（道路）"
"928","2010","平成","22","10","16~17","被災者は木造2階建住宅の屋根補修工事に従事していた。屋根上にモルタルを上げるため、モルタルを入れたバケツを手に持ち、地上から2階屋根にかけた梯子を昇っていたところ転落した。入院して治療を受けていたが、約1カ月半後に炎症を起こして死亡した。現認者がいないため、落ちた高さは不明。ヘルメットを着用し梯子は固定されていた。","3","建設業","302","建築工事業","30209","その他の建築工事業","1~9","3","その他の装置等","37","用具","371","はしご等","1","墜落、転落"
"929","2010","平成","22","10","21~22","国道地下のケーブル撤去工事現場において、工事規制区域(左側車線。長さ約400m)に、走って来たトラック(4t車)が赤信号を無視して突っ込み、保安柵等をなぎ倒して交通規制標識積載車両(2tトラック)に追突した。この追突のため、交通規制標識積載車両が押し出されるようにガードレールに追突して横転し、被災者(工事責任者)が下敷きとなり死亡した。","3","建設業","303","その他の建設業","30301","電気通信工事業","100~299","2","物上げ装置、運搬機械","22","動力運搬機","221","トラック","6","激突され"
"930","2010","平成","22","10","6~7","災害当日の作業はグリーンへの目土散布作業であり、被災者は目土散布機(三輪の作業車、500キログラム)の運転業務を行っていた。最初のグリーンの目土散布を終え、被災者は単独で次のグリーンへ向かった。約10分後、グリーンキーパーがグリーンへの散水作業を終え、次のグリーンへ向かったところ、途中のカート道の脇で目土散布機の下敷きになっている被災者を発見したもの。急ハンドルを切った際に目土散布機から振り落とされ、無人で動く目土散布機を停止しようとして轢かれたものとみられる。","14","接客娯楽業","1403","その他の接客娯楽業","140301","ゴルフ場","100~299","1","動力機械","16","一般動力機械","169","その他の一般動力機械","7","はさまれ、巻き込まれ"
"931","2010","平成","22","10","11~12","指導員補助である被災者が、業務としてワゴン車で協力事業場より新聞紙等の古紙を回収し、古紙の引き取りを行っている業者に赴いて古紙の積み下ろし作業を行っていたところ、当該古紙を処理するためバックしてきた業者の労働者運転のショベルローダー(最大積載荷重1.0t)に太もも付近をひかれた。病院に搬送されたものの死亡した。ショベルローダー運転者の後方確認が不十分であったとみられる。","13","保健・衛生業","1302","社会福祉施設","130201","社会福祉施設","30~49","2","物上げ装置、運搬機械","22","動力運搬機","229","その他の動力運搬機","7","はさまれ、巻き込まれ"
"932","2010","平成","22","10","7~8","被災者は、元請の事務所から、造成地の工事現場に向かうため、同僚が運転する軽トラックの助手席に搭乗し国道を走行していたところ、前方を走っていた軽自動車が対向車線にはみ出し、対向車の大型ダンプと衝突した。その弾みで対向の大型ダンプが被災者らが乗った軽トラックに衝突し、軽トラックの助手席に乗車していた被災者が死亡した。","3","建設業","301","土木工事業","30199","その他の土木工事業","10~29","2","物上げ装置、運搬機械","23","乗物","231","乗用車、バス、バイク","17","交通事故（道路）"
"933","2010","平成","22","10","9~10","3tトラックから荷を卸す作業中に、台車に積まれた状態の荷物(平台と呼ばれる組立式テーブルが15段、重量350キログラム)が、高さ約0.7mのトラックのリフターから転落し、側で控えていた被災者に直撃し、当該荷物の下敷きになったもの。トラックのリフターのストッパーと台車のストッパーを施していなかった。","17","その他の事業","1702","その他の事業","170209","その他の事業－その他","30~49","6","荷","61","荷","611","荷姿の物","4","飛来、落下"
"934","2010","平成","22","10","10~11","列状間伐作業現場において伐倒木の集材作業(伐倒木を4本束ねてワイヤーロープにかけ、ブルドーザーのウインチを使用し林道まで引き下ろすもの)を行っていたところ、伐倒木に絡んだつるとともに移動していた雑木によって立ち枯木(胸高径約15センチメートル、樹高約7.2mの唐松)が押し倒され、下方にいた被災者の後頭部に激突したもの。半月後に死亡した。","6","農林業","602","林業","60201","木材伐出業","10~29","7","環境等","71","環境等","712","立木等","5","崩壊、倒壊"
"935","2010","平成","22","10","11~12","個人住宅の新築工事において、棟上げ後に4名の大工で2階の床板を貼っていたところ、次に貼る床板とともに約3.1m下のコンクリート土間に墜落した。事故後から意識不明であり、9日後に死亡した。なお、他の3名は各々2階で床板貼りをしており、墜落時の状況を目撃していない。","3","建設業","302","建築工事業","30202","木造家屋建築工事業","1~9","4","仮設物、建築物、構築物等","41","仮設物、建築物、構築物等","415","屋根、はり、もや、けた、合掌","1","墜落、転落"
"936","2010","平成","22","10","15~16","地熱発電所内の生産井の近傍に発生した噴気孔により設備被害が発生したため、生産井の停止作業及び噴気孔の沈静化作業を3名で行っていた際、水蒸気爆発が発生し、噴出した熱水、土砂等により逃げ遅れた2名のうち1名が火傷を負い、1名が土砂等に埋もれ死亡した。","3","建設業","301","土木工事業","30199","その他の土木工事業","30~49","7","環境等","71","環境等","719","その他の環境等","14","爆発"
"937","2010","平成","22","10","8~9","被災者を含む2名で屋根の仕上げ塗装の準備を行うこととなり、被災者は屋根にはしごを掛けて昇り、屋根の塗装面についた朝露等をウエスでふき取り作業を行っていたところ、軒高6.7mの箇所よりコンクリート地面に墜落した。安全帯などの防護措置が取られていなかった。","3","建設業","302","建築工事業","30202","木造家屋建築工事業","1~9","4","仮設物、建築物、構築物等","41","仮設物、建築物、構築物等","415","屋根、はり、もや、けた、合掌","1","墜落、転落"
"938","2010","平成","22","10","15~16","被災者が手持式削岩機を使用して岩盤の破砕作業を行っていたところ、削岩機が岩盤の上を滑ったことにより体勢を崩し、うつ伏せの状態で転倒した。このとき、顔面が木の根株の先(直径1~2センチメートル)に当たり、顔に切創を負ったため、病院に搬送したところ、脳内疾病と診断され、入院当時は意識も明瞭であったが約2週間後に死亡した。","3","建設業","301","土木工事業","30108","砂防工事業","10~29","1","動力機械","14","建設機械等","149","その他の建設機械等","2","転倒"
"939","2010","平成","22","10","16~17","清掃工場内の定期補修工事において、下請作業員が2階部分に設けられていた物品揚卸用の開口部(約1m四方)から、4m下の1階のコンクリートの床に墜落し、死亡したもの。事故発生時、ウインチを使用し部品を4階に荷揚げする作業を行っており、そのため開口部の覆いが取り外されていた。なお、立入禁止等の表示は行われていなかった。事前に作業打合せがあったものの、被災者は開口部の覆いが取り外されていたことを失念していたとみられる。","3","建設業","303","その他の建設業","30302","機械器具設置工事業","10~29","4","仮設物、建築物、構築物等","41","仮設物、建築物、構築物等","414","開口部","1","墜落、転落"
"940","2010","平成","22","10","11~12","木造2階建て新築工事現場において、2階の梁部分の組立作業中、外部足場の3段目の足場板(地上から3.6m)から、その上にある4段目の足場板(地上から4.56m)の位置に乗り移るべく移動の際に、バランスを崩して1階のコンクリート土間に墜落し死亡した。","3","建設業","302","建築工事業","30202","木造家屋建築工事業","1~9","4","仮設物、建築物、構築物等","41","仮設物、建築物、構築物等","411","足場","1","墜落、転落"
"941","2010","平成","22","10","11~12","間伐材を搬出するための作業路開設工事現場で、被災者はチェンソーを使用し作業路開設予定地の伐木作業を行っていた。同僚が被災者の作業エリアに近づいたところ、倒木(伐倒木ではない)の脇で仰向けに倒れている被災者を発見した。なお、被災者が倒れていた付近には造材前の伐倒木及びその切株があった。被災者が立木を伐倒したところ、上方にあった別の木が一緒に倒れ、当該木が被災者に激突したものと推定される。","6","農林業","602","林業","60201","木材伐出業","1~9","7","環境等","71","環境等","712","立木等","6","激突され"
"942","2010","平成","22","10","18~19","被災者は、病院増設工事現場の交通誘導をしていた。工事車両を県道に合流させるため、県道通行車両を規制誘導しながら県道に出たところ、走行してきた前方不注意の一般車両に跳ね飛ばされ、救急車にて病院に搬送されたが頭と首の負傷により死亡した。","17","その他の事業","1702","その他の事業","170201","警備業","10~29","2","物上げ装置、運搬機械","23","乗物","231","乗用車、バス、バイク","17","交通事故（道路）"
"943","2010","平成","22","10","11~12","物流会社の倉庫内において、被災者が1人でフォークリフトのフォークにフレキシブルコンテナバッグ(1袋、豆炭状の「土状黒鉛」約1.2t)の吊り紐を掛けた状態でフレキシブルコンテナバッグの底面を手掻きナイフで裂き、内容物を取り出す作業を行っていたが、フレキシブルコンテナバッグに縫い付けられた吊り紐がちぎれ、内容物が被災者の頭上に落下し、半身が内容物に埋もれて死亡した。","8","商業","804","その他の商業","80401","倉庫業","1~9","6","荷","61","荷","611","荷姿の物","4","飛来、落下"
"944","2010","平成","22","10","12~13","花木生産栽培事業所で清掃・片付け・手元等雑作業を担当する被災者が、敷地内の杉林で頭部を負傷して倒れているのが発見された。当日の朝、杉の木の伐木作業が行われていたが、一部に、かかり木が生じていた。かかり木状態になっていた杉の木が何らかの原因により落下し、下にいた被災者に当たったものと考えられる。","6","農林業","601","農業","60101","農業","10~29","7","環境等","71","環境等","712","立木等","4","飛来、落下"
"945","2010","平成","22","10","19~20","配達のため集配用バイクで道路を走行中、バイクとともに転倒したもの。転倒したバイクを立てようとしていた被災者を通りがかりの通行人が発見し、話しかけたが意識レベルが低かったため救急車を要請。病院に搬送されたが、脳の損傷により死亡した。","11","通信業","1101","通信業","110101","通信業","100~299","2","物上げ装置、運搬機械","23","乗物","231","乗用車、バス、バイク","17","交通事故（道路）"
"946","2010","平成","22","10","8~9","ボイラー室に清掃用具を片付けに行った被災者が戻らないので、同僚が様子を見に行ったところ、階段下に倒れている被災者を発見した。階段上には被災者が履いていたスリッパが片方残されていた。被災者は頭部を強く打っており、階段から墜落したものと推定される。","14","接客娯楽業","1401","旅館業","140101","旅館業","10~29","4","仮設物、建築物、構築物等","41","仮設物、建築物、構築物等","413","階段、桟橋","1","墜落、転落"
"947","2010","平成","22","10","10~11","ほ場整備工事において、現場内に敷設されていたコンクリートU字溝を地元地区から「再利用したい」と要望を受け、車両積載形トラッククレーン(つり上げ荷重2.33t)の荷台にU字溝及び掛け蓋を載せ、地元地区の私有地に運搬し、同クレーンを使用して荷台に積んでいた掛け蓋8枚(重さ760キログラム)をつり上げ旋回したところ、車体が倒れ、クレーンを操作していた被災者が車体の下敷きとなった。アウトリガーを最大張出しせずに荷を吊ったため、旋回・移動中に過荷重になったとみられる。","3","建設業","301","土木工事業","30109","土地整理土木工事業","1~9","2","物上げ装置、運搬機械","21","動力クレーン等","212","移動式クレーン","2","転倒"
"948","2010","平成","22","10","11~12","事業者と被災者の2名がケヤキの木を伐倒作業中、事業者がチェンソーで根本近くを切っていたところ、追口を切り過ぎたため、倒す予定の方向と違う方向に木が倒れだし、被災者がその下敷きになったもの。","6","農林業","602","林業","60201","木材伐出業","1~9","7","環境等","71","環境等","712","立木等","6","激突され"
"949","2010","平成","22","10","12~13","分水工場のA槽、B槽それぞれの廃液を汲み上げ、タンクローリーで運んできたアルカリ性混合廃液(砒素、シアン化合物等)をローリーに繋いだホースで燕工場の地下ピット(反応槽)に移す作業中、ローリーの上に昇りマンホールを開け残量確認などしていたところ、ローリー内部の廃液が何らかの反応でアルシンガスを発生し呼吸保護具を装着していなかったため、具合が悪くなり地上でうずくまっているのを発見され、死亡した。","15","清掃・と畜業","1501","清掃・と畜業","150102","産業廃棄物処理業","50~99","5","物質、材料","51","危険物、有害物等","514","有害物","12","有害物等との接触"
"950","2010","平成","22","10","13~14","雨水管布設工事現場の掘削溝内において、オープンシールド工法のオープンシールド機の組み立て作業を行っていた。被災者は当該機械の傍らで土の侵入を防止する鉄板をアーク溶接により固定していたところ、掘削箇所の側に2段積みされた薬剤の入った立方体のタンク(1個の重量:約1.5t)が倒れて上段のタンクが被災者を直撃した。なお、雨で地盤がゆるんでいたが、タンク下には角材を地山に2本敷いたのみで、地盤の養生を行っていなかった。","3","建設業","301","土木工事業","30110","上下水道工事業","10~29","6","荷","61","荷","611","荷姿の物","5","崩壊、倒壊"
"951","2010","平成","22","10","8~9","被災者は、河川の護岸工事において、ドラグ・ショベルのバケットに乗り型枠組立作業中、同ショベルの運転手が着ていた合羽が旋回操作レバーに引っ掛かり、バケットが振れ、墜落した。墜落箇所の鉄筋が左胸を貫通し、出血により死亡したもの。","3","建設業","301","土木工事業","30107","河川土木工事業","10~29","1","動力機械","14","建設機械等","141","整地・運搬・積込み用機械","1","墜落、転落"
"952","2010","平成","22","10","12~13","県道の舗装修繕工事において、片側交互通行規制で表層工を施工中、交通誘導員が仕上げ転圧作業中の後退してきたタイヤ・ローラーの後輪に全身を轢かれ即死したもの。タイヤ・ローラーの運転者が後方をよく確認していなかった。","17","その他の事業","1702","その他の事業","170201","警備業","30~49","1","動力機械","14","建設機械等","144","締固め用機械","7","はさまれ、巻き込まれ"
"953","2010","平成","22","10","14~15","堤防道路から河川敷に降りる道路の一部(約26平方m)の舗装工事において、アスファルトを機体重量3.6tのローラーで締め固めている際、路肩に寄りすぎたため、運転手がローラーと共に約3m転落し、運転手がローラーの下敷きになったもの。","3","建設業","301","土木工事業","30106","道路建設工事業","1~9","1","動力機械","14","建設機械等","144","締固め用機械","1","墜落、転落"
"954","2010","平成","22","10","8~9","一般家庭の電気設備の安全点検のため、社用のバイク(90cc)で会社から1軒目の家に向かう途中、国道と交わる交差点に青信号に変わり際に進入した時、赤に変わった直後に国道を右から直進してきた軽自動車と衝突し死亡した。","17","その他の事業","1702","その他の事業","170209","その他の事業－その他","10~29","2","物上げ装置、運搬機械","23","乗物","231","乗用車、バス、バイク","17","交通事故（道路）"
"955","2010","平成","22","10","9~10","山林の木材(杉材)の伐採現場で、伐倒木の玉切り作業中、斜面上方から転がり落ちて来た玉切り中の物とは別の2本の伐倒木の間に胸部を挟まれたもの。救急搬送したが死亡した。伐倒木の滑落防止措置をしていなかった。","6","農林業","602","林業","60201","木材伐出業","1~9","5","物質、材料","52","材料","522","木材、竹材","6","激突され"
"956","2010","平成","22","10","10~11","貸し出していた機体重量1.6tのドラグ・ショベルを返却の際、2tトラックから乗降台に降ろしたあと、乗降台のスロープを使って地上へドラグ・ショベルを移動中に乗降台からドラグ・ショベルごと横転したもの。","8","商業","804","その他の商業","80409","その他の商業－その他","1~9","1","動力機械","14","建設機械等","141","整地・運搬・積込み用機械","1","墜落、転落"
"957","2010","平成","22","10","17~18","民有林の伐木作業現場において、被災者を含めて6名で作業を行っていた。作業終了時間になっても被災者が土場に戻らないことから、現場責任者が捜したところ、伐根から約2m離れた場所で被災者が倒れていたもの。災害発生時に伐採したと思われる木(胸高直径44センチメートル、高さ22mのシナの木)の伐根の脇には、折れた木(直径20センチメートル、長さ13mのクルミの木)が横たわっており、傍には高さ5mの折損木があった。被災者がチェンソーで伐採したところ、隣接する木の枝に当たった又は枝が絡んだため、隣接する木が折れて被災者に落下したものとみられる。","6","農林業","602","林業","60201","木材伐出業","10~29","7","環境等","71","環境等","712","立木等","4","飛来、落下"
"958","2010","平成","22","10","5~6","被災者はリサイクルゴミの回収作業を1人で行っていたが、ゴミを回収するためゴミ回収車を道路わき(左側)に停車し、運転席から降り、車両の前方を通ろうとしたところ、後方から来た加害車両(トラック)が脇見または居眠り運転のため被災者の車両に追突し、押しだされたゴミ回収車が被災者に激突した。","15","清掃・と畜業","1501","清掃・と畜業","150103","その他の廃棄物処理業","100~299","2","物上げ装置、運搬機械","22","動力運搬機","221","トラック","17","交通事故（道路）"
"959","2010","平成","22","10","13~14","被災者1名で、スクレープドーザーの車体後部にあるライト(地面からの高さ2.1m)の交換作業を行っていたが、足場にしていたドラム缶上でバランスを崩して墜落し、頭部を負傷してドラム缶脇の地面に倒れて死亡しているところを、事業主に発見されたもの。ヘルメットは外れて地面に落ちていた。","3","建設業","301","土木工事業","30109","土地整理土木工事業","1~9","3","その他の装置等","37","用具","371","はしご等","1","墜落、転落"
"960","2010","平成","22","10","11~12","雨水管埋設工事現場において、被災者は深さ4mの掘削場所でヒューム管(φ700ミリメートル)設置高さを調節していたところ、湧水により地盤が緩んでいたことから、土留めに使用していたコンクリートブロック(高さ66センチメートル、縦50センチメートル、横147センチメートル、重量約1.1t)が崩れ、被災者が下敷きとなり、頭部骨折により死亡した。","3","建設業","301","土木工事業","30199","その他の土木工事業","10~29","4","仮設物、建築物、構築物等","41","仮設物、建築物、構築物等","419","その他の仮設物、建築物、構築物等","5","崩壊、倒壊"
"961","2010","平成","22","10","11~12","作業員5名で一般家屋の瓦葺き替え作業中、雨が降ってきた事から、屋根(勾配約30度)にビニールシートを張る作業をしていたところ、足を滑らせて、屋根上を滑り落ち、高さ約4.2mの屋根軒先から地上に墜落したもの。足場や手すり、親綱等の設備がなかった。","3","建設業","302","建築工事業","30202","木造家屋建築工事業","1~9","4","仮設物、建築物、構築物等","41","仮設物、建築物、構築物等","415","屋根、はり、もや、けた、合掌","1","墜落、転落"
"962","2010","平成","22","10","8~9","トラック(積載荷重2.6t)の荷台に積まれた荷(サッシを立て掛けて置いておくための鉄製のラック、縦4.5m、横71センチメートル、高さ34センチメートル、重さ70キログラムの10個重ねを3列、合計30個)を固定していたワイヤーの荷締め機を緩めて外したところ、荷が崩れ落ち、落下した荷の下敷きになって死亡したもの。","15","清掃・と畜業","1501","清掃・と畜業","150102","産業廃棄物処理業","1~9","5","物質、材料","52","材料","521","金属材料","4","飛来、落下"
"963","2010","平成","22","10","10~11","工場の波板トタン屋根をふき替える作業中、屋根上で作業していた労働者が明かり取り部に設けられていたFRP波板を踏み抜き、約10m下のコンクリート床に墜落したもの。救急搬送された病院で死亡した。歩み板等を設置していなかった。","3","建設業","302","建築工事業","30203","建築設備工事業","1~9","4","仮設物、建築物、構築物等","41","仮設物、建築物、構築物等","415","屋根、はり、もや、けた、合掌","1","墜落、転落"
"964","2010","平成","22","10","12~13","海水配管交換工事において、撤去する既設配管及び台座点付け箇所を切断後、当該配管を移動式クレーンでつり上げようとしたところ、つり上げた配管が振れて被災者の右側頭部に激突した。","3","建設業","303","その他の建設業","30309","その他の建設業－その他","1~9","2","物上げ装置、運搬機械","21","動力クレーン等","212","移動式クレーン","6","激突され"
"965","2010","平成","22","10","16~17","水道局の浄水場において、河川水の沈殿池(取水した水に含まれる泥やごみなどを凝集剤と呼ばれる薬品を加えて凝集させ、汚泥として沈殿させる池)の改良補修工事のため、沈殿池の上澄み液を取水する開渠内にて、スクレーパを停止しないで、開渠へ取水する穴をふさぐボルトの締め付け作業を行っていたところ、被災者がスクレーパ(沈殿した汚泥の掻き寄せ機)のガイドローラーにはさまれて、圧迫され死亡したもの。","3","建設業","301","土木工事業","30110","上下水道工事業","1~9","1","動力機械","16","一般動力機械","162","混合機、粉砕機","7","はさまれ、巻き込まれ"
"966","2010","平成","22","10","22~23","ショッピングセンター内ゲームセンターテナント店舗において、床ワックス施工にかかるビルメンテナンス業者への連絡調整のことで、被災労働者と加害労働者の間で言い争いになった。その際、加害労働者が被災労働者につかみかかって投げ倒し、被災者は後頭部を強打した。その後、被災者は、休憩室で休んでいたものの容体が悪化し、意識不明で倒れているところを発見され、病院に搬送されたが意識が戻らず、2日後に死亡したもの。","14","接客娯楽業","1403","その他の接客娯楽業","140309","その他の接客娯楽業－その他","10~29","9","その他","92","起因物なし","921","起因物なし","90","その他"
"967","2010","平成","22","10","10~11","被災者は、4tトラックに乗り、荷の積み込み先に向けて走行中、国道の交差点にて信号待ちのために停車していた車列に前方不注意により追突し、4台が関係する玉突き衝突となった。4tトラックの運転席がダンプトラックの荷台部に押しつぶされ、被災者は死亡し、ダンプトラックの運転手が軽傷を負い休業した。なお、他の2車両(タクシー、トラック)の労働者にけがはなかった。","4","運輸交通業","403","道路貨物運送業","40301","一般貨物自動車運送業","1~9","2","物上げ装置、運搬機械","22","動力運搬機","221","トラック","17","交通事故（道路）"
"968","2010","平成","22","10","3~4","被災者は、20tトレーラーを運転して、木材工場に原木(杉)を搬入し、受付までの待機中に原木を結束していたワイヤーロープを外していたところ、原木の1本(直径25センチメートル、長さ3.1m)が不安定な状態であったため、トレーラーの荷台から落下し、被災者に激突した。","4","運輸交通業","403","道路貨物運送業","40301","一般貨物自動車運送業","1~9","2","物上げ装置、運搬機械","22","動力運搬機","221","トラック","4","飛来、落下"
"969","2010","平成","22","10","11~12","製材工場内で、のこ屑集塵用のダクト(高さ4.6m)が詰まったため、これを改善しようと、フォークリフトのフォークに鉄製の箱(重量200キログラム)を載せ、その箱内に被災者が搭乗し、高さ3.14mまでフォークを上げて清掃を行っていたところ、箱がダクトのベンド部に引っかかって箱が浮き、箱がバランスを崩してフォークリフトのフォークから箱が脱落、箱とともに被災者がコンクリート床及びチェーンコンベア上に墜落した。被災者は病院へ搬送されたが死亡した。","1","製造業","104","木材・木製品製造業","10401","製材業","50~99","2","物上げ装置、運搬機械","22","動力運搬機","222","フォークリフト","1","墜落、転落"
"970","2010","平成","22","10","8~9","配送先敷地内において、荷降ろし作業後、スクラップ材(発泡スチロール)を積込み、シート掛けをしている時、トラックのあおり部分(地上175センチメートル)から転落し、左頭部(ヘルメットなし)を打ち死亡した。","4","運輸交通業","403","道路貨物運送業","40301","一般貨物自動車運送業","50~99","2","物上げ装置、運搬機械","22","動力運搬機","221","トラック","1","墜落、転落"
"971","2010","平成","22","10","9~10","下水道枝管敷設作業において、作業初日に既設上水管の位置確認の掘削、埋め戻しを行っていた。2か所目の埋め戻しを行っている時、被災者が既設本管のマンホール内でぐったりしていたため、その場にいた事業主も口にタオルを巻いてマンホールに降りたところ、その事業主も気を失い被災した。マンホール内に硫化水素ガスが充満していた疑いがある。","3","建設業","301","土木工事業","30110","上下水道工事業","10~29","7","環境等","71","環境等","714","異常環境等","12","有害物等との接触"
"972","2010","平成","22","10","16~17","製品をトラック(最大積載量4t)で取引先に納入し、事業場に帰社する途中、広域農道を走行していたところ、対向車(大型ダンプ)と衝突し、その弾みで進行方向右側の民家のブロック塀に更に衝突して、運転していた被災者が全身打撲で死亡した。また、大型ダンプの運転手が右足を骨折した。","1","製造業","112","金属製品製造業","11209","その他の金属製品製造業","10~29","2","物上げ装置、運搬機械","22","動力運搬機","221","トラック","17","交通事故（道路）"
"973","2010","平成","22","10","17~18","被災者は車両(ダブルピック)に乗り、モータープールから集金のため顧客先に向かう途中、国道を右折しようとしていたところ、後方から乗用車に追突され、対向車線を走行していた2台を含む計4台が絡む多重衝突事故が発生し、被災者が死亡した。ほか2名が通勤災害で、1名に怪我はなかった。","4","運輸交通業","403","道路貨物運送業","40301","一般貨物自動車運送業","10~29","2","物上げ装置、運搬機械","22","動力運搬機","221","トラック","17","交通事故（道路）"
"974","2010","平成","22","10","4~5","テーブルリフターを利用して、空のプラスチックケースを地上からトラックのプラットホームに上げる作業中に、テーブルリフターとプラットホームの間に首を挟まれ死亡したもの。","4","運輸交通業","403","道路貨物運送業","40301","一般貨物自動車運送業","50~99","2","物上げ装置、運搬機械","21","動力クレーン等","214","エレベータ、リフト","7","はさまれ、巻き込まれ"
"975","2010","平成","22","10","7~8","被災者(保護帽の着用なし)は、荷の搬送先において、商品搬入口で2tトラックの荷台からテールゲートへカーゴを移動して降ろす作業をしていたところ、カーゴと共に落ち搬入口付近でカーゴ(荷と合わせ重量約300キログラム)の下敷きとなっているところを発見された。被災者は、頭部骨折により死亡したもの。","4","運輸交通業","403","道路貨物運送業","40301","一般貨物自動車運送業","100~299","2","物上げ装置、運搬機械","22","動力運搬機","221","トラック","1","墜落、転落"
"976","2010","平成","22","10","9~10","上水道の敷設工事において、土工1名と配管工1名が掘削溝(長さ3.3m、幅0.7m、深さ0.9m)に入り、土工が水道管の周囲を手掘り掘削して土砂をドラグ・ショベルのバケットに入れる作業、配管工が水道管のビニール剥がし等の作業を行っていたところ、不意にドラグ・ショベルの上部旋回体が旋回し、バケットが土工に激突したため、同日死亡したもの。ドラグ・ショベルの操作レバーに、オペレーターの肱に当たったか、ポケットに引っかかるなどして、不意に旋回したとみられる。","3","建設業","301","土木工事業","30110","上下水道工事業","1~9","1","動力機械","14","建設機械等","142","掘削用機械","6","激突され"
"977","2010","平成","22","10","15~16","スーパー駐車場跡地のコンクリート壁撤去作業において、斜めに立っていた電柱を真っ直ぐに立て直すため、ドラグ・ショベルのバケットに電柱を引っ掛け、1mバックしたところ、電柱が折れドラグ・ショベル側に倒れてきたので、被災者は慌てて運転席から飛び降りたが、電柱の下敷きになり死亡したもの。","3","建設業","301","土木工事業","30109","土地整理土木工事業","1~9","1","動力機械","14","建設機械等","142","掘削用機械","6","激突され"
"978","2010","平成","22","10","16~17","積載形トラッククレーン(つり上げ荷重2.9t)の荷台に積んであった荷(廃車するトラックの運転室等)を、被災者が当該クレーンを操作し降ろす作業をしていたところ、当該クレーンが転倒し、被災者がその下敷きとなった。アウトリガを張り出しておらず、定格荷重を超えていたとみられる。","1","製造業","117","その他の製造業","11701","自動車整備業","1~9","2","物上げ装置、運搬機械","21","動力クレーン等","212","移動式クレーン","6","激突され"
"979","2010","平成","22","10","1~2","ゴルフ場において、ティーグランド前の調整池で草刈り作業中、調整池の水際付近に生えている草を鎌で刈っていたところ、調整池に転落しおぼれた。救命具を使用していなかった。","14","接客娯楽業","1403","その他の接客娯楽業","140301","ゴルフ場","30~49","7","環境等","71","環境等","713","水","10","おぼれ"
"980","2010","平成","22","11","10~11","解体工事現場の搬出入口舗道上において、車道側を向いて立哨中の被災者の後部に位置していた鋼製門扉(幅4.5m、現場囲いのためシートが張られていたもの)が、突風が吹いた際に倒れてきて下敷きになったもの。","17","その他の事業","1702","その他の事業","170201","警備業","30~49","4","仮設物、建築物、構築物等","41","仮設物、建築物、構築物等","419","その他の仮設物、建築物、構築物等","5","崩壊、倒壊"
"981","2010","平成","22","11","14~15","鉄骨製のビニールハウスを補修作業中、屋根部分の小梁をビス止めするためフォークリフトのパレットを足場代わりに作業をしていた。被災者が同僚にパレットを少し上げるよう指示したため同僚がフォークリフトのエンジンをかけたところ、ギアが入っていたためフォークリフトが前進し、ビニールハウスの鉄骨骨組みとの間に腹部を挟まれた。被災者を含め3人で作業を行っていたが、フォークリフト運転の資格者はいなかった。","17","その他の事業","1702","その他の事業","170209","その他の事業－その他","30~49","2","物上げ装置、運搬機械","22","動力運搬機","222","フォークリフト","6","激突され"
"982","2010","平成","22","11","15~16","建設予定地で埋蔵文化財試掘調査のため幅2m、深さ2m、長さ20mを重機で掘削した後、掘削場所でじょれん・スコップによる調査面を平準にする作業を行っていたところ、前日の大雨により表層の採石層が緩み、開削した部分の側壁の土(約5立方m)が崩壊し被災したもの。崩壊防止がなされていなかった。","3","建設業","301","土木工事業","30109","土地整理土木工事業","1~9","7","環境等","71","環境等","711","地山、岩石","5","崩壊、倒壊"
"983","2010","平成","22","11","7~8","トラック運転手である被災者は、運送先事業場構内において、荷役で使うフォークリフトに乗車(使用)する前に、エンジンをかけ、マストと車体フレームの間に乗り、ヘッドガード上に雨天で溜まった水を雑巾で拭き取る作業を行っていたところ、マストの操作レバーに何らかの原因で被災者の体の一部が接触し、本体側に動き出したマストと車体フレームの間に腹部を挟まれ死亡した。","5","貨物取扱業","501","陸上貨物取扱業","50101","陸上貨物取扱業","10~29","2","物上げ装置、運搬機械","22","動力運搬機","222","フォークリフト","7","はさまれ、巻き込まれ"
"984","2010","平成","22","11","9~10","エコシステムの増築工事において、サッシの取り付け作業を行っていた。被災者は作業場所に向かう途中、雨水のたまった通路を避けようとし、通路わきの雨水ピット端のコンクリート天端を歩いていたところ、深さ約3.8mの雨水ピットに墜落し、溺れて死亡したものと推測される。","3","建設業","302","建築工事業","30201","鉄骨・鉄筋コンクリート造家屋建築工事業","1~9","4","仮設物、建築物、構築物等","41","仮設物、建築物、構築物等","417","通路","10","おぼれ"
"985","2010","平成","22","11","13~14","被災者は、工場屋根の雨漏り修理のため、工場の屋根を歩行していたところ、スレート屋根を踏み抜き、高さ約9m下のコンクリート土間に墜落し、死亡した。道板等の防護措置はなかった。","3","建設業","302","建築工事業","30203","建築設備工事業","1~9","4","仮設物、建築物、構築物等","41","仮設物、建築物、構築物等","415","屋根、はり、もや、けた、合掌","9","踏み抜き"
"986","2010","平成","22","11","3~4","自宅のトイレ前で過重労働による急性心臓疾患により仰向けに倒れた。救急車で搬送したが死亡したもの。発症前4か月の就労状況は月100時間以上の時間外労働が続いていた。","17","その他の事業","1702","その他の事業","170209","その他の事業－その他","100~299","9","その他","92","起因物なし","921","起因物なし","90","その他"
"987","2010","平成","22","11","7~8","高速道路上で発生した交通事故にかかる事故対応のため、2名で事故現場にパイロン等交通規制機材による路肩規制を行い事故調査を行っていたところ、普通4t貨物自動車にはねられたもの。他の1名は重体となった。","17","その他の事業","1702","その他の事業","170209","その他の事業－その他","10~29","2","物上げ装置、運搬機械","22","動力運搬機","221","トラック","17","交通事故（道路）"
"988","2010","平成","22","11","10~11","被災者は倉庫においてロールクランプを運転する労働者2名の積み込み作業の作業指揮を行っていたところ、バック走行してきたロールクランプの運転者が後方をよく確認しておらず、ロールクランプに接触されて被災者が転倒し、コンクリート床面に頭を強打したもの。","5","貨物取扱業","501","陸上貨物取扱業","50101","陸上貨物取扱業","1~9","2","物上げ装置、運搬機械","22","動力運搬機","222","フォークリフト","6","激突され"
"989","2010","平成","22","11","12~13","被災者と同僚1名にて河川の地盤高の測量作業を行っていた。被災者は対岸の測点に渡るべく、ポールを持って、1人で渡河点を探し上流へ向かったが、しばらくしても姿を現さず、無線連絡もとれないため、同僚が付近を捜索したところ、河川の岩に引っかかっていた被災者を発見した。発見時、被災者に意識はなく、うつぶせの状態で肩から下が水に浸かっていた。川を横断中に溺れたとみられる。","17","その他の事業","1702","その他の事業","170209","その他の事業－その他","10~29","7","環境等","71","環境等","713","水","11","高温・低温の物との接触"
"990","2010","平成","22","11","13~14","足場上で、H鋼の柱の最上部の位置(高さ9.1m)のボルトをレンチで締める作業をしていたところ、ボルトからレンチが外れたため、バランスを崩し、後方の手すり(床面からの高さ45センチメートル)を乗り越え、約7.5m下方のコンクリート床面に墜落し死亡した。","3","建設業","302","建築工事業","30201","鉄骨・鉄筋コンクリート造家屋建築工事業","10~29","4","仮設物、建築物、構築物等","41","仮設物、建築物、構築物等","411","足場","1","墜落、転落"
"991","2010","平成","22","11","14~15","単独作業の被災者がミズナラ等の混合林の間伐を行っていた際、伐倒したコナラ(伐根直径23センチメートル)が付近のミズナラに「かかり木」となり、隣接する「二又のミズナラ」の片方(胸高直径26センチメートル)を浴びせ倒したところ、当該ミズナラ全体に蔓が絡んでいたためにかかり木が複合した。被災者がかかられたミズナラの木を伐倒途中に、二又のミズナラの蔓が切れたことによりかかり木が全て外れ、被災者の頭部にコナラが激突したもの。かかり木の処理に際して、チルホール等の牽引器具等を使用しなかった。","6","農林業","602","林業","60201","木材伐出業","1~9","7","環境等","71","環境等","712","立木等","6","激突され"
"992","2010","平成","22","11","7~8","産業廃棄物の廃プラスチック(殆どが分別されたビニール類)を傾斜コンベアーで搬送し、ホッパーにため、破砕機で破砕し、圧縮梱包する作業において、廃プラスチックが傾斜コンベアー出口で詰まったため、ホッパー内部にホッパー点検口から被災者2名が入り、詰まった廃プラスチックを取り除く作業をしていたところ、その大量の廃プラスチックが落下して被災者2名が埋まり、窒息死した。","15","清掃・と畜業","1501","清掃・と畜業","150102","産業廃棄物処理業","10~29","5","物質、材料","52","材料","529","その他の材料","4","飛来、落下"
"993","2010","平成","22","11","7~8","産業廃棄物の廃プラスチック(殆どが分別されたビニール類)を傾斜コンベアーで搬送し、ホッパーにため、破砕機で破砕し、圧縮梱包する作業において、廃プラスチックが傾斜コンベアー出口で詰まったため、ホッパー内部にホッパー点検口から被災者2名が入り、詰まった廃プラスチックを取り除く作業をしていたところ、その大量の廃プラスチックが落下して被災者2名が埋まり、窒息死した。","15","清掃・と畜業","1501","清掃・と畜業","150102","産業廃棄物処理業","10~29","5","物質、材料","52","材料","529","その他の材料","4","飛来、落下"
"994","2010","平成","22","11","10~11","地上10階建てマンションの外壁改修工事の事前調査で共用廊下から外壁の状態を診断中、建物内から地上の駐車スペースに墜落し、死亡したもの。なお、墜落直前の被災者位置は不明。","3","建設業","302","建築工事業","30209","その他の建築工事業","100~299","4","仮設物、建築物、構築物等","41","仮設物、建築物、構築物等","418","建築物、構築物","1","墜落、転落"
"995","2010","平成","22","11","13~14","コンビニエンスストアの各店舗から回収された段ボールをリサイクルセンター内の圧縮機で梱包する作業中、被災者は圧縮機のホッパー内に誤って混入したプラスチック容器を取り除くため、電源を切らずにホッパー内に立ち入ったところ、ホッパー内の側面から押し出されるプレスラムとホッパー内の刃に両足を挟まれて膝付近から切断された。ホッパー内でうつ伏せに倒れているところを同僚が発見し救急車で病院に搬送されたが死亡したもの。","5","貨物取扱業","501","陸上貨物取扱業","50101","陸上貨物取扱業","30~49","1","動力機械","16","一般動力機械","169","その他の一般動力機械","7","はさまれ、巻き込まれ"
"996","2010","平成","22","11","4~5","支持物強化工事において、電圧6600Vの負荷がかかっている活線と解放された停電線が張られている電柱上部付近に被災者が高所作業車のバケットを操作し近接して作業を行っていたところ、感電し死亡したもの。被災者が、高圧活線の電線を停電線であると誤認し、活線作業用器具を使用せずにその電線の被覆をナイフではぎ取っていたため感電したとみられる。","3","建設業","303","その他の建設業","30301","電気通信工事業","30~49","3","その他の装置等","35","電気設備","351","送配電線等","13","感電"
"997","2010","平成","22","11","16~17","天井クレーン(つり上げ荷重20.5t)の横行用ブレーキ(約0.1t)を交換するため、ランウェイ点検用歩道上に設けられたテルハ(つり上げ荷重0.18t)を使用し、地上から歩道に設けられた開口部(450×1270ミリメートル)を通して歩道上に横行用ブレーキをつり上げたところ、横行用ブレーキを横切ってクレーンに乗り込もうとした被災者が開口部から15.5m墜落したもの。","1","製造業","110","鉄鋼業","11009","その他の鉄鋼業","100~299","4","仮設物、建築物、構築物等","41","仮設物、建築物、構築物等","417","通路","1","墜落、転落"
"998","2010","平成","22","11","0~1","国道を走行中に、運転操作のミス、若しくは居眠り運転により走行車線をはみ出し、反対車線を走っていた中型トラックと正面衝突してしまったもの。","15","清掃・と畜業","1501","清掃・と畜業","150102","産業廃棄物処理業","10~29","2","物上げ装置、運搬機械","22","動力運搬機","221","トラック","17","交通事故（道路）"
"999","2010","平成","22","11","16~17","荷の検品作業のため倉庫内に入ろうとしたところ、電動式大扉が故障していたため、非常用扉を開け、被災者Aが倉庫内に5~6m立ち入ったところ、倒れた。続いて被災者Aの様子を見に行った被災者Bが被災者Aを発見し、救援を呼んだ直後、被災者Bも非常用扉付近で倒れたもの。救急搬送されたが2名とも死亡した。倉庫内の荷(フレコンバック約320袋に入った醤油粕)が酸素を消費し、酸素欠乏場所となっていた。","8","商業","804","その他の商業","80401","倉庫業","10~29","7","環境等","71","環境等","714","異常環境等","12","有害物等との接触"
"1000","2010","平成","22","11","16~17","荷の検品作業のため倉庫内に入ろうとしたところ、電動式大扉が故障していたため、非常用扉を開け、被災者Aが倉庫内に5~6m立ち入ったところ、倒れた。続いて被災者Aの様子を見に行った被災者Bが被災者Aを発見し、救援を呼んだ直後、被災者Bも非常用扉付近で倒れたもの。救急搬送されたが2名とも死亡した。倉庫内の荷(フレコンバック約320袋に入った醤油粕)が酸素を消費し、酸素欠乏場所となっていた。","5","貨物取扱業","501","陸上貨物取扱業","50101","陸上貨物取扱業","1~9","7","環境等","71","環境等","714","異常環境等","12","有害物等との接触"
"1001","2010","平成","22","11","21~22","荷物の配達のため、ワゴン車で片側1車線の国道を走行中、対向車線からセンターラインをはみ出してきたトラックと正面衝突した。","4","運輸交通業","403","道路貨物運送業","40301","一般貨物自動車運送業","1~9","2","物上げ装置、運搬機械","23","乗物","231","乗用車、バス、バイク","17","交通事故（道路）"
"1002","2010","平成","22","11","9~10","商談に向かう途中、国道の路肩に駐車していたところ、後方より大型トラックに追突され、搬送先病院で死亡した。","1","製造業","117","その他の製造業","11709","その他の製造業－その他","100~299","2","物上げ装置、運搬機械","22","動力運搬機","221","トラック","17","交通事故（道路）"
"1003","2010","平成","22","11","0~1","製紙工場の夜勤(4直3交替勤務)に従事していた被災労働者が、担当していた部署(工場2階、ドライヤ、枠替え担当)からいなくなったので、同僚労働者等が工場内を捜索したところ、約2時間後、1階パルパー(深さ約2mの廃紙溶解用の槽)内にて発見され、死亡が確認された。パルパーのメンテナンス用扉が開いていたことから、ここからパルパー内に転落したとみられる。","1","製造業","106","パルプ・紙・紙加工品製造業","10601","パルプ・紙製造業","100~299","3","その他の装置等","39","その他の装置、設備","391","その他の装置、設備","1","墜落、転落"
"1004","2010","平成","22","11","13~14","会館事務所の改修工事において、既設の窓を新しい壁の窓として流用するため、窓枠と柱との取付けされた鉄筋を切断しようとグラインダーを使用していたところ、グラインダーが反発してグラインダーの砥石が被災者の胸に接触して死亡した。","3","建設業","302","建築工事業","30201","鉄骨・鉄筋コンクリート造家屋建築工事業","1~9","1","動力機械","15","金属加工用機械","153","研削盤、バフ盤","8","切れ、こすれ"
"1005","2010","平成","22","11","10~11","マンションの階段の5階と6階の踊り場において、高さ85センチメートルの脚立を用い天板上に乗って蛍光灯を取り換える作業中、当該脚立から転落した。この際、高さ120センチメートルある踊り場の腰壁を越え、約12m下の地面に墜落した。","8","商業","804","その他の商業","80409","その他の商業－その他","10~29","3","その他の装置等","37","用具","371","はしご等","1","墜落、転落"
"1006","2010","平成","22","11","12~13","民有地での間伐作業において、被災者が伐倒し、枝払した木材(杉、長さ18m、胸高直径約40センチメートル)が斜面を転がり、被災者が当該木材の下敷きになったもの。伐倒木にくい止めや歯止め等の措置を講じていなかった。","6","農林業","602","林業","60201","木材伐出業","10~29","7","環境等","71","環境等","712","立木等","6","激突され"
"1007","2010","平成","22","11","14~15","産業廃棄物処理業者の構内において、被災者がゴミ収集運搬車(パッカー車)で運搬してきた空缶を降ろす作業中、テールゲートの回転する鋼板に全身を巻き込まれたもの。テールゲート内に詰まっていた空缶を取り除く際に誤って作動スイッチを押したとみられる。","14","接客娯楽業","1401","旅館業","140101","旅館業","1~9","2","物上げ装置、運搬機械","22","動力運搬機","221","トラック","7","はさまれ、巻き込まれ"
"1008","2010","平成","22","11","14~15","客用立体駐車装置(4層、17台駐車可)の下から3層目端部のパレットにおいて、当該パレットの横行チェーンの給油作業を行っていたところ、当該立体駐車装置下から2層目及び3層目のパレットがスライドし、外に体を出して作業を行っていたため、当該パレットの昇降モーターとチェーンカバーの間に首をはさまれ、死亡したものである。","1","製造業","117","その他の製造業","11702","機械修理業","10~29","3","その他の装置等","39","その他の装置、設備","391","その他の装置、設備","7","はさまれ、巻き込まれ"
"1009","2010","平成","22","11","16~17","自社のリサイクル工場において、ダンプトラックを運転して、荷台の残土(泥等)を泥乾燥ピットに降ろす作業を行っていた被災者が、ダンプトラックごと当該ピット(深さ6m)に転落し、搬送先の病院で死亡したもの。トラック荷台後部のあおりを固定した状態で荷台をダンプしたことにより、泥が落ちずトラックがバランスを崩したとみられる。","15","清掃・と畜業","1501","清掃・と畜業","150102","産業廃棄物処理業","50~99","2","物上げ装置、運搬機械","22","動力運搬機","221","トラック","1","墜落、転落"
"1010","2010","平成","22","11","9~10","機械工の被災者が1人作業で、重さ約400キログラムの円形の鋼材(名称:外輪)を切削加工機械で切削加工をするために、30tのクレーンで吊り上げて、外輪を固定するための金具(2箇所)に外輪を仮置きして、クレーンのフックからワイヤーを外したところ、外輪が倒れかかり、被災者が外輪の下敷きとなり死亡した。","1","製造業","112","金属製品製造業","11209","その他の金属製品製造業","1~9","5","物質、材料","52","材料","521","金属材料","5","崩壊、倒壊"
"1011","2010","平成","22","11","19~20","現場終了後、会社(駐車場に被災者Bの乗用車を駐車している為)に戻る為、社有車を被災者Aが運転、被災者Bが同乗し、会社に戻る途中、前方車両を追い越したときに、スピード超過により電柱に激突した。被災者Aはほぼ即死状態、また被災者Bは病院に搬送され、治療を受けた。","3","建設業","301","土木工事業","30199","その他の土木工事業","10~29","2","物上げ装置、運搬機械","23","乗物","231","乗用車、バス、バイク","17","交通事故（道路）"
"1012","2010","平成","22","11","9~10","製品(クリアーファイル)の打ち抜き作業をビクトリア式打ち抜き機を使用して、1人で行っていた。突然、大声が聞こえたので同僚2人が近づいたところ、被災者が打ち抜き機に頭部と上半身を挟まれた状態であった。予定の製品250枚の作業を終えた後、被災者が何らかの原因で挟まれたとみられる。","1","製造業","106","パルプ・紙・紙加工品製造業","10602","紙加工品製造業","10~29","1","動力機械","16","一般動力機械","169","その他の一般動力機械","7","はさまれ、巻き込まれ"
"1013","2010","平成","22","11","9~10","鉄筋コンクリート造のアパートの解体工事において、解体したコンクリートの廃材を搬出するためドラグショベルでトラック(積載荷重10t)に積み込む作業中、トラックの運転手である被災者の姿が見えないことを不審に思ったドラグショベルのオペレーターがトラックの近くに行ったところ、トラックの横で倒れている被災者を発見した。倒れていた場所等から判断してトラック荷台のステップを昇ろうとした際に墜落したとみられる。3日後に死亡した。","3","建設業","302","建築工事業","30201","鉄骨・鉄筋コンクリート造家屋建築工事業","10~29","2","物上げ装置、運搬機械","22","動力運搬機","221","トラック","1","墜落、転落"
"1014","2010","平成","22","11","12~13","下水管の布設作業中に発生した災害。被災者は、幅1m、長さ4m、深さ2.5mに亘って掘削された箇所に立ち入ったところ、土砂が崩壊し被災したものである。土留めは行われていなかった。被災者は床ならしのため、掘削箇所に立ち入ったものと思われる。","3","建設業","301","土木工事業","30110","上下水道工事業","1~9","7","環境等","71","環境等","711","地山、岩石","5","崩壊、倒壊"
"1015","2010","平成","22","11","5~6","製鉄所の機械設備で異常作動したため、現場確認の依頼があり、事務所から同僚と当該現場に向かって歩いていたところ、後方から走行してきた道路清掃車(ロードスイーパー)の運転手が早朝でまだ暗く被災者らに気付くのが遅れ、道路清掃車が被災者と同僚に接触した際、被災者は道路清掃車の下に入り込み死亡した。同僚は飛ばされて側溝に落ちて軽傷を負った。","1","製造業","110","鉄鋼業","11001","製鉄・製鋼・圧延業","500~999","1","動力機械","14","建設機械等","149","その他の建設機械等","7","はさまれ、巻き込まれ"
"1016","2010","平成","22","11","9~10","修繕ドック内において、ドックゲートの解体作業中、解体中のドックゲート上部と修繕ドック上部との間に掛け渡していたタラップ(長さ約4m)が、固定していたロープを被災者が外したために滑り落ち、タラップ上にいた被災者が、タラップとともに約5m墜落した。","1","製造業","115","輸送用機械等製造業","11501","造船業","10~29","4","仮設物、建築物、構築物等","41","仮設物、建築物、構築物等","413","階段、桟橋","1","墜落、転落"
"1017","2010","平成","22","11","10~11","製材所の敷地内においてグラップル付きトラック(最大積載量8900キログラム)に積んでいた丸太を降ろそうと固定していたワイヤーを緩めた際、荷台上部に積載されていた丸太1本(長さ4.1m、直径40センチメートル、重さ280キログラム)が落下して被災者に当たり即死したもの。トラックのステッキ(トラックの荷台に取り付けられた丸太転落防止用の鉄柱)の高さを超えて丸太を積んでいた。積載量は14850キログラム、66%超であった。","4","運輸交通業","403","道路貨物運送業","40301","一般貨物自動車運送業","10~29","5","物質、材料","52","材料","522","木材、竹材","4","飛来、落下"
"1018","2010","平成","22","11","13~14","工場において、MCZ装置(ガラス基盤に透明伝導膜を作る装置)の一部である昇降装置の荷受け台の下限リミットセンサーを交換した後、当該センサーの作動確認のため、荷受け台を上に動かし荷受け台の下で作業をしていたところ、何らかの原因で荷受け台が降下し上半身を挟まれ死亡したもの。","1","製造業","113","一般機械器具製造業","11301","機械（精密機械を除く）器具製造業","50~99","2","物上げ装置、運搬機械","21","動力クレーン等","219","その他の動力クレーン等","7","はさまれ、巻き込まれ"
"1019","2010","平成","22","11","14~15","窓ガラスを清掃するため、当該建物屋上(高さ約24m)に吊り下げ器具を設置し、吊り下げ用ロープにチェアを吊り、窓ふき作業を実施していた。清掃場所を移動するため2名で吊り下げ器具を移動させた後、吊り下げ器具の固定をするための親綱を張っていたところ、背後で声がしたため、振り返って確認したところ、パラペット付近にいた被災者が、吊り下げ器具とともに地上に墜落していた。吊り下げ器具のカウンターウエイト(作業時のバランス用、約60キログラム)を取り付けていなかった。","15","清掃・と畜業","1501","清掃・と畜業","150101","ビルメンテナンス業","30~49","4","仮設物、建築物、構築物等","41","仮設物、建築物、構築物等","418","建築物、構築物","1","墜落、転落"
"1020","2010","平成","22","11","14~15","沖合約50~100mの海上において、被災者と船長の2名は漁船(2t)に乗船しハタハタ漁に従事中、船体に波を受けて船首が持ち上げられた状態となったため、船首付近で網を投下中の被災者が姿勢を崩して海中に転落したもの。被災者は救命胴衣を着用していたものの船体が被災者の頭部に激突したことにより溺死した。","7","畜産・水産業","702","水産業","70201","漁業","1~9","2","物上げ装置、運搬機械","23","乗物","239","その他の乗物","10","おぼれ"
"1021","2010","平成","22","11","14~15","椎茸栽培のために使用するくぬぎの木の伐採作業を4名で行っていた。同僚が高さ約16mのくぬぎの木をチェンソーで伐倒していたところ、木の幹の中心部分が腐っていたため、予定していた伐倒方向(受け口)とは異なる方向に倒れ、幹上側の太い枝が谷側方向に少し回転し、退避していた被災者の頭部(保護帽着用)に激突した。このとき、被災者の意識はなく、病院に搬送したが数時間後に死亡が確認された。","6","農林業","601","農業","60101","農業","1~9","7","環境等","71","環境等","712","立木等","4","飛来、落下"
"1022","2010","平成","22","11","7~8","被災者は、会社に出勤後、遊技場の自動車誘導を行うため、ミニバイクを運転して現場に向かう途中の交差点において、左側から赤信号を無視して直進してきた軽トラックと衝突し、全身打撲で死亡した。","17","その他の事業","1702","その他の事業","170201","警備業","10~29","2","物上げ装置、運搬機械","23","乗物","231","乗用車、バス、バイク","17","交通事故（道路）"
"1023","2010","平成","22","11","13~14","被災者は、トレーラー(最大積載量46.50t)で重機を荷先に運搬した際、トレーラー車輪(16本装着)の内、後列左側タイヤ(直径90センチメートル、チューブレス)の1本の空気が抜けている状況を認めたため、自社整備工場に戻りタイヤの空気充てん作業を行っていたところ、タイヤに損傷があったため破裂し、風圧を受け、病院に搬送されたが死亡した。なお、空気の充てん作業は、タイヤを車両に装着された状態で行っていたもの。","4","運輸交通業","403","道路貨物運送業","40301","一般貨物自動車運送業","30~49","2","物上げ装置、運搬機械","22","動力運搬機","221","トラック","15","破裂"
"1024","2010","平成","22","11","13~14","河川の災害復旧工事で、砕石を詰めたホッパーをドラグ・ショベルのバケットのフックにワイヤロープを掛けて吊り上げ、旋回した際、ワイヤロープがフックから外れ、被災者の上に落下したもの。","3","建設業","301","土木工事業","30107","河川土木工事業","1~9","1","動力機械","14","建設機械等","141","整地・運搬・積込み用機械","4","飛来、落下"
"1025","2010","平成","22","11","15~16","被災者は同僚とともにゴミ処理施設で粗大ゴミの処理作業にあたっていた。被災者がトラクターショベルを運転し、樹木などのゴミをバケットに積み込み、可燃ゴミ用のピットに落とす作業を行っていたところ、トラクターショベルがピット方向へ暴走し、高さ約30センチメートルの車止めを乗り越え、ピット内に重機ごと転落した。その後、消防隊により救出されたが、搬送された病院で死亡が確認された。","15","清掃・と畜業","1501","清掃・と畜業","150103","その他の廃棄物処理業","10~29","1","動力機械","14","建設機械等","141","整地・運搬・積込み用機械","1","墜落、転落"
"1026","2010","平成","22","11","16~17","民家(木造2階建)の解体現場において、屋根の瓦を取り除き、その後、屋根(軒先高さ6.9m)から防音シートを張っている単管の壁つなぎと水平材をつたって、2階の部屋(窓枠下部までの高さ、地上から4.7m)へ降りようとした時、下にあるコンクリート溝部分に墜落し、頭を強打し死亡したもの。墜落防止用ロリップ、安全帯、保護帽有り。靴は運動靴。","3","建設業","302","建築工事業","30209","その他の建築工事業","10~29","4","仮設物、建築物、構築物等","41","仮設物、建築物、構築物等","415","屋根、はり、もや、けた、合掌","1","墜落、転落"
"1027","2010","平成","22","11","8~9","7階建てマンションの外壁修繕作業のため、当該マンションの外周に設置されているわく組足場の8段目付近(高さ約14m)にいた被災者が、足場を伝い7段目に降りようとし外側の筋交いとメッシュシートの隙間に身体を入れた際に体勢を崩し、足場外側面に張られたメッシュシートを破り、道路上に墜落したもの。","3","建設業","302","建築工事業","30201","鉄骨・鉄筋コンクリート造家屋建築工事業","1~9","4","仮設物、建築物、構築物等","41","仮設物、建築物、構築物等","411","足場","1","墜落、転落"
"1028","2010","平成","22","11","8~9","ハシゴに登って庭木の剪定作業中、約2mの高さから墜落し、頭部外傷により3日後に死亡した。","3","建設業","301","土木工事業","30199","その他の土木工事業","1~9","3","その他の装置等","37","用具","371","はしご等","1","墜落、転落"
"1029","2010","平成","22","11","10~11","被災者は、折り畳んで立て掛けた脚立の天板(高さ1.40m)の上に立って、3段積みの1番上にある廃ペットボトルが詰められたフレキシブルコンテナバッグ(高さ2.74m)の投入口を、吊りベルトで縛る作業をしていた際に墜落したもの。なお、脚立は被災者が作業していたフレキシブルコンテナバッグの2段目に立て掛けてあった。","15","清掃・と畜業","1501","清掃・と畜業","150102","産業廃棄物処理業","10~29","3","その他の装置等","37","用具","371","はしご等","1","墜落、転落"
"1030","2010","平成","22","11","11~12","事業場玄関先の樹木の剪定作業を行っていたところ、はしご上から墜落したもの。墜落したとされる箇所は、高さ約4.5m。安全帯等を使用していなかった。","8","商業","802","小売業","80209","その他の小売業","10~29","3","その他の装置等","37","用具","371","はしご等","1","墜落、転落"
"1031","2010","平成","22","11","8~9","道路脇の側壁改修工事に際し、車線規制等工事開始前の準備のため警備員及び工事作業員が道路脇にて待機していたところ、走行車線を走行していた軽自動車(ワンボックス)に7tトラックが追突し、飛ばされた軽自動車が待機していた警備員並びに工事作業員に激突したのち横転した。この際、警備員が死亡、作業員2名および軽自動車運転手が負傷した。","17","その他の事業","1702","その他の事業","170201","警備業","30~49","2","物上げ装置、運搬機械","22","動力運搬機","221","トラック","17","交通事故（道路）"
"1032","2010","平成","22","11","11~12","建設機械の部品を製作中、被災者は天井クレーンを使用してドーナツ状(外径148.5センチメートル、内径113センチメートル、厚さ4センチメートル)の鉄板2枚を重ねて吊り上げ作業中、鉄板がハッカーから外れ、吊り荷の下付近にいた被災者の背部に落下したもの。","1","製造業","113","一般機械器具製造業","11301","機械（精密機械を除く）器具製造業","10~29","3","その他の装置等","37","用具","372","玉掛用具","4","飛来、落下"
"1033","2010","平成","22","11","15~16","ドラグ・ショベルをダンプカーに積載する作業を行っていたところ、ドラグ・ショベルの荷重がダンプカーの荷台に掛かった際、ダンプカーが移動し、ドラグ・ショベルが荷台から転落したもの。ドラグ・ショベルを運転していた労働者が被災し、病院搬送後に死亡したもの。","3","建設業","301","土木工事業","30199","その他の土木工事業","10~29","1","動力機械","14","建設機械等","142","掘削用機械","1","墜落、転落"
"1034","2010","平成","22","11","6~7","事業場からダンプトラックにて自社の残土置場に向かう途中、走行車線左側のガソリンスタンドから飛び出してきた小型貨物自動車をよけようとして反対車線側の民家の車庫に激突したもの。","4","運輸交通業","403","道路貨物運送業","40301","一般貨物自動車運送業","10~29","2","物上げ装置、運搬機械","22","動力運搬機","221","トラック","3","激突"
"1035","2010","平成","22","11","9~10","建設資材をつり足場上に荷揚げする作業に従事していた被災者が、つり足場上に設けられた荷揚げ用の開口部から約7m下の地上に墜落したもの。手すり等の墜落防止措置が講じられていなかった。","3","建設業","301","土木工事業","30105","橋梁建設工事業","10~29","4","仮設物、建築物、構築物等","41","仮設物、建築物、構築物等","411","足場","1","墜落、転落"
"1036","2010","平成","22","11","10~11","林業の間伐作業現場において、ヘリコプターによる木材搬出を行うため、伐採した木材を1箇所に集める作業を行っていた際、同僚がチルホールにて伐倒木を集める作業に取りかかったので、作業をやりやすくするため、被災者もとび(バールのようなもの)で伐倒木を起こす作業をしようと伐倒木に近づいた際に、高さ70センチメートルほどの切株を状態を確認せずに掴んで体重をかけたところ、切株が根元から折れてバランスを崩し、崖から墜落し首の骨折により死亡したもの。","6","農林業","602","林業","60201","木材伐出業","不明","7","環境等","71","環境等","712","立木等","1","墜落、転落"
"1037","2010","平成","22","11","10~11","緩衝帯整備事業において、被災者は立木の伐採作業を行っていた。被災者はチェンソーを用いて、藤のつるが幹に絡まったくるみの木(伐根直径38センチメートル、高さ約13m)を伐採しようと、受け口を設けたのち、追い口をチェンソーで切っていたところ、当該くるみの木が根元から約4mにわたり裂けて折れ、被災者に激突し、被災者が下敷きとなったもの。受け口、追い口が適切でなかったとみられる。","6","農林業","602","林業","60209","その他の林業","10~29","7","環境等","71","環境等","712","立木等","6","激突され"
"1038","2010","平成","22","11","11~12","ガス管布設工事において、路面掘削のためドラグ・ショベル(機体重量3.24t、標準バケット容量0.1立方m)の運転席に着いて待機をしていた被災者が、ドラグ・ショベルの窓枠(ガラスが破損していた)とブームとの間に頭部を挟まれたもの。","3","建設業","301","土木工事業","30110","上下水道工事業","10~29","1","動力機械","14","建設機械等","142","掘削用機械","7","はさまれ、巻き込まれ"
"1039","2010","平成","22","11","13~14","被災者は長さ2.5~4mの単管約60本の束を2.93t吊り積載型移動式クレーンの荷台に積み込むため、無線操作し地上よりつり上げて旋回したところ、荷が傾き落下し、移動式クレーンにもたれかかる状態となった。被災者はもたれかかった荷を地面に下ろすため玉掛け用ワイヤーロープを外し、再度玉掛けを行っていたところ荷が倒れ、荷と共に荷台より墜落し、荷と地面に頭を挟まれた状態となり死亡した。","4","運輸交通業","403","道路貨物運送業","40301","一般貨物自動車運送業","30~49","5","物質、材料","52","材料","521","金属材料","5","崩壊、倒壊"
"1040","2010","平成","22","11","14~15","校舎建替工事現場において、5階の内部足場上で柱の型枠組立作業中、バランスを崩して3層目の枠組足場(高さ3.8m)から墜落したもの。","3","建設業","302","建築工事業","30201","鉄骨・鉄筋コンクリート造家屋建築工事業","30~49","4","仮設物、建築物、構築物等","41","仮設物、建築物、構築物等","411","足場","1","墜落、転落"
"1041","2010","平成","22","11","14~15","配送業務を終えて構内駐車場に停車してあった貨物自動車の運転席側のドアが開いており、その下で倒れている被災者が発見された。運転席に乗り降りする際に足を滑らせ、転落したとみられる。","4","運輸交通業","403","道路貨物運送業","40301","一般貨物自動車運送業","50~99","2","物上げ装置、運搬機械","22","動力運搬機","221","トラック","1","墜落、転落"
"1042","2010","平成","22","11","15~16","橋梁に設置したつり足場の解体作業中、被災者は足場上において取り外した足場板を仮置きしていたが、何らかの理由で足場上から約12m下の地面まで墜落した。被災者は足場のつりチェーンに安全帯を掛けていたが、胴ベルトの通し方を誤った結果、墜落の衝撃により腰に巻いた胴ベルトと帯ロープ側との接合部が外れてそれぞれに分離し、地面まで墜落したもの。","3","建設業","303","その他の建設業","30309","その他の建設業－その他","10~29","4","仮設物、建築物、構築物等","41","仮設物、建築物、構築物等","411","足場","1","墜落、転落"
"1043","2010","平成","22","11","16~17","山門の新築工事現場において、屋根上で釘打ち機を使用して、野地板取り付け作業を行っていたところ、3.5m下へ墜落し、2日後に死亡したもの。","3","建設業","302","建築工事業","30202","木造家屋建築工事業","1~9","4","仮設物、建築物、構築物等","41","仮設物、建築物、構築物等","415","屋根、はり、もや、けた、合掌","1","墜落、転落"
"1044","2010","平成","22","11","3~4","コンクリートミキサー車のエンジンがかかった状態で、固化したモルタルのはつり作業を担当していた被災者が、上半身をドラムに入れていたところ、ドラムが回転したため、ドラムマンホールと車体の手すりの間にはさまれたもの。","3","建設業","301","土木工事業","30102","トンネル建設工事業","10~29","2","物上げ装置、運搬機械","22","動力運搬機","221","トラック","7","はさまれ、巻き込まれ"
"1045","2010","平成","22","11","3~4","被災者は最大積載量2.8tの貨物自動車で、国道を時速およそ70キロメートルで走行中、前方を走行していた4tパワーゲート付き貨物自動車に追突した。被災者がブレーキを踏んでいないことから、追突した被災者の脇見運転又は居眠り運転と思われる。","4","運輸交通業","403","道路貨物運送業","40301","一般貨物自動車運送業","10~29","2","物上げ装置、運搬機械","22","動力運搬機","221","トラック","17","交通事故（道路）"
"1046","2010","平成","22","11","8~9","港内において、車両積載型トラッククレーンの荷台上において側面に停船させた3m下方の船上へ網を積み込む作業を行っていたところ、当該荷台上より船上に墜落したもの。墜落防止措置はなく、保護帽を着用していなかった。","7","畜産・水産業","702","水産業","70201","漁業","10~29","2","物上げ装置、運搬機械","21","動力クレーン等","212","移動式クレーン","1","墜落、転落"
"1047","2010","平成","22","11","19~20","工場長が帰宅の際、敷地内にエンジンがかかったままの委託会社の生コン車を発見し、運転手を探したところ、ボイラー室地下の受水槽に墜落している被災者を発見したもの。","4","運輸交通業","403","道路貨物運送業","40301","一般貨物自動車運送業","1~9","4","仮設物、建築物、構築物等","41","仮設物、建築物、構築物等","418","建築物、構築物","1","墜落、転落"
"1048","2010","平成","22","11","6~7","バイクにて朝刊配達中、配達先の私道から町道に出ようと右折した際、確認不足により右折側から走行してきた軽トラックと衝突し死亡したもの。","8","商業","802","小売業","80205","新聞販売業","1~9","2","物上げ装置、運搬機械","23","乗物","231","乗用車、バス、バイク","17","交通事故（道路）"
"1049","2010","平成","22","11","13~14","木造2階建て新築工事現場で、2階の内壁材(耐火材)貼り作業のため、2階へ上がり貼付け準備を行っていた。2階床の根太材(長さ1.75m、幅4.5センチメートル、高さ6センチメートル)に足を乗せたところ、根太が割れて踏み抜き、高さ3.57mから墜落し、1階のコンクリート土間に激突して頭部を打ち、10日後に死亡した。","3","建設業","302","建築工事業","30202","木造家屋建築工事業","1~9","4","仮設物、建築物、構築物等","41","仮設物、建築物、構築物等","415","屋根、はり、もや、けた、合掌","9","踏み抜き"
"1050","2010","平成","22","11","8~9","定置網の補修作業のため、被災者1人で潜水(スクーバ式)作業中、船上の乗組員が異常に気づき、網を揚げたところ、何らかの理由で定置網に胸部を挟まれ、意識を失っているところを発見されたもの。搬送先の病院で死亡が確認された。","7","畜産・水産業","702","水産業","70201","漁業","10~29","3","その他の装置等","37","用具","379","その他の用具","90","その他"
"1051","2010","平成","22","11","10~11","会社指示により、顧客の事務所・倉庫の引越しを手伝っていた際、階段より転落し左足を骨折した。当日は夕方まで作業を実施。翌日、出勤後、痛みがあり通院・療養を開始し、休業(有休、健保処理)した。約1カ月後、突然、肺の痛みを訴え、救急で搬送されたが、血管が詰まって死亡した。","8","商業","801","卸売業","80109","その他の卸売業","1~9","4","仮設物、建築物、構築物等","41","仮設物、建築物、構築物等","413","階段、桟橋","1","墜落、転落"
"1052","2010","平成","22","11","23~24","被災者は、製品を2段積みにするための搬送用機械の駆動モーターの車軸部分を直すために、1人で搬器の上に入り作業を行っていた。その後、搬器とフレームの間にはさまれた状態で発見されたものである。被災者が、故障箇所を直すために駆動チェーンを切断したことにより、駆動モーターの制動機構により停止していたカウンターウェイトが降下し、搬器が上昇したために挟まれたものとみられる。","1","製造業","106","パルプ・紙・紙加工品製造業","10601","パルプ・紙製造業","50~99","2","物上げ装置、運搬機械","22","動力運搬機","229","その他の動力運搬機","7","はさまれ、巻き込まれ"
"1053","2010","平成","22","11","12~13","派遣先の入出荷エリアの中2階において、自動倉庫から出荷された日用品の仕分け作業中、搬送台車上の荷の修正で可動範囲に立入ったところ、スタッカークレーンと搬送台車の荷の取り合いの開口部から5.07m下の1階床面に墜落したもの。","8","商業","801","卸売業","80109","その他の卸売業","300~499","4","仮設物、建築物、構築物等","41","仮設物、建築物、構築物等","416","作業床、歩み板","1","墜落、転落"
"1054","2010","平成","22","11","13~14","被災者の会社は、別会社から中古の300tプレス機を購入し、自社へ搬出する作業を行った。被災者は、プレス搬出後のプレスの据え付けられていたピットの清掃を行うため、1人でその会社に出かけ、午前から作業を行っていたが、午後になってピット内で倒れているところを発見された。その後搬送先の病院で死亡が確認された。被災者はガソリンでピット内の汚れを落とそうとしていたと推定され、ガソリンによる中毒とみられる。","1","製造業","113","一般機械器具製造業","11301","機械（精密機械を除く）器具製造業","1~9","5","物質、材料","51","危険物、有害物等","514","有害物","12","有害物等との接触"
"1055","2010","平成","22","11","14~15","工場内において、当該事業場労働者である被災者が真空成形機により、トイレ製品の一部となる合成樹脂を成形加工中、製品に不具合を発見した為、当該機械の点検作業中、誤って頭部を挟まれ、死亡したもの。","1","製造業","108","化学工業","10805","プラスチック製品製造業","10~29","1","動力機械","16","一般動力機械","169","その他の一般動力機械","7","はさまれ、巻き込まれ"
"1056","2010","平成","22","11","15~16","被災者は臨時作業員として雇用され、同僚と2人で民有林のカラマツ等の皆伐作業に従事し、同僚と昼休憩後午後からも同作業に従事した。同僚が終了時の集合時刻に集合場所へ移動していたとき、被災者の燃料タンクが残っておりチェンソーの音がしないので捜したところ、白樺(全長20m、胸高直径23センチメートル)の下敷きになっている被災者を発見した。被災者は病院に収容されたが死亡が確認されたもの。根むくれ状態で自立していた白樺が周囲の木を伐倒したことにより風の影響を受けて倒れ、被災者に当たったとみられる。","6","農林業","602","林業","60201","木材伐出業","1~9","7","環境等","71","環境等","712","立木等","5","崩壊、倒壊"
"1057","2010","平成","22","11","21~22","被災者はリヤアクスルビーム(ワーク)の溶接加工ライン仕上げ装置で品質管理を実施中、搬送ロボットが洗浄機より出てきたワークを掴み、仕上台へ送る搬送台に載せる途中で、ロボットのワーククランプ異常が発生し停止状態となったため、セフティプラグ付扉からではなく仕上台側から設備内に進入し、搬送台とロボットの間に立ち、ワークを動かして異常を解除した。その際、停止状態であったロボットが動き、先端のクランプ部と搬送台の間に胸部をはさまれたもの。仕上台側にも光線式安全装置が設置されていたが、ロボット停止には至らなかった。","1","製造業","115","輸送用機械等製造業","11509","その他の輸送用機械等製造業","1000~9999","1","動力機械","16","一般動力機械","167","産業用ロボット","7","はさまれ、巻き込まれ"
"1058","2010","平成","22","11","12~13","労働者が製品が入庫されずたくさん溜まっていることを不審に思い、コントロールルームのパソコンを確認したところ、40分前に製品の供給が停止されていた。担当であった被災者に確認しようとしたが見当たらないため、自動倉庫内の停止されていたレーンを探したところ、自動倉庫のラックの梁とパレット自動搬送装置に首の下付近を挟まれている被災者を発見したもの。製品入庫時に異常があり搬送装置を手動に切り替え修理しようとしたところ、倉庫内は暗く懐中電灯も使用していないことから操作を誤ったとみられる。","1","製造業","101","食料品製造業","10109","その他の食料品製造業","10~29","2","物上げ装置、運搬機械","22","動力運搬機","229","その他の動力運搬機","7","はさまれ、巻き込まれ"
"1059","2010","平成","22","11","13~14","依頼主(不動産業者)敷地の廃材等撤去作業において、敷地前面の道路(傾斜約7度の下り坂)に2台のトラックを縦列に駐車したところ、坂道の上手に駐車したトラックが駐車ブレーキが不十分であったため動き出し、下手のトラックの荷台後方にいた被災者がトラックの間に挟まれて、圧迫され死亡した。","15","清掃・と畜業","1501","清掃・と畜業","150103","その他の廃棄物処理業","30~49","2","物上げ装置、運搬機械","22","動力運搬機","221","トラック","7","はさまれ、巻き込まれ"
"1060","2010","平成","22","11","14~15","橋梁上部工の幅約2mの継ぎ目部分に伸縮装置と壁高蘭を設けるため、高所作業車等を用いて張り出し足場を設営していた。足場板の設置が完了した時点で、被災者が足場板上に乗ったところ、足場板を載せた鋼管を支持する全ねじボルトが橋桁の下部に埋め込まれたセラミックインサートから抜け落ちて足場板が傾き、鋼管と供に12.5m下の地面へ墜落した。セラミックインサートへの全ねじボルトの差し込みが不十分であったとみられる。","3","建設業","301","土木工事業","30105","橋梁建設工事業","100~299","4","仮設物、建築物、構築物等","41","仮設物、建築物、構築物等","411","足場","1","墜落、転落"
"1061","2010","平成","22","11","15~16","倉庫の増築工事現場において、鉄骨建方中に被災者が梁の上に乗り、取り付けた振れ止め(小梁)の寸法が合わなかったことからハンマーで叩いて取り外していたところ、振れ止めが外れた拍子にバランスを崩し、振れ止めと一緒に約6.6mの地上に膝から墜落し、死亡したもの。被災者は安全帯は着用していたが、使用はしていなかった。親綱の持ち込みを待たずに作業を始めていたもの。","3","建設業","302","建築工事業","30201","鉄骨・鉄筋コンクリート造家屋建築工事業","1~9","4","仮設物、建築物、構築物等","41","仮設物、建築物、構築物等","415","屋根、はり、もや、けた、合掌","1","墜落、転落"
"1062","2010","平成","22","11","17~18","宅地造成現場へリースしたドラグショベルを引き取りに行き、運搬用トラックに積み込むためドラグショベルのバケットを地面に突いてアームで押しながら後進させて登っていたところ、横転し、キャビンに挟まれ、翌日に死亡したもの。","8","商業","804","その他の商業","80409","その他の商業－その他","1~9","1","動力機械","14","建設機械等","142","掘削用機械","2","転倒"
"1063","2010","平成","22","11","18~19","交通調査員として集められた労働者が交通調査を2人一組あるいは3人一組で行っていた。被災者は2人一組で2時間交代で交通調査を行っていた。被災者は待機時間中に最寄のコンビニに買い物に行き、交通調査している箇所に戻る途中、トラックにはねられ、病院に搬送されたが死亡した。","17","その他の事業","1702","その他の事業","170209","その他の事業－その他","1~9","2","物上げ装置、運搬機械","22","動力運搬機","221","トラック","17","交通事故（道路）"
"1064","2010","平成","22","11","10~11","被災者は、本件工事現場の現場責任者として官公署への提出書類を支店で作成した後、工事現場へ戻るため、社有車を運転して国道を走行していたところ、センターラインをはみ出し、対向車線を走行してきたコンクリートミキサー車と正面衝突し、死亡した。","3","建設業","302","建築工事業","30203","建築設備工事業","1~9","2","物上げ装置、運搬機械","23","乗物","231","乗用車、バス、バイク","17","交通事故（道路）"
"1065","2010","平成","22","11","1~2","被災者は、自動炊飯ライン担当の責任者であり、炊飯釜の反転機付近で搬送異常が発報したため、現地に行き確認・復旧作業を行っていた。被災者が、当該反転機直下の搬送チェーン架台(高さ約1m)に上半身を乗り出し作業を行っていたところ、反転機が作動を再開して停止していた釜が下降を始め、当該釜と搬送チェーン架台に挟まれたもの。救出され約15分後に救急搬送され蘇生治療が行われたが、翌日に死亡したもの。ラインの動力を切っていなかった。","1","製造業","101","食料品製造業","10109","その他の食料品製造業","100~299","1","動力機械","16","一般動力機械","169","その他の一般動力機械","7","はさまれ、巻き込まれ"
"1066","2010","平成","22","11","9~10","被災者は、高速道路サービスエリア内の駐車場において、ごみの収集作業のため、同エリア中央部の大型車駐車場からスルーレーン(通り抜け車道)側へ出ようとした際に大型車にひかれ、病院へ搬送中に死亡したもの。","15","清掃・と畜業","1501","清掃・と畜業","150101","ビルメンテナンス業","100~299","2","物上げ装置、運搬機械","23","乗物","231","乗用車、バス、バイク","17","交通事故（道路）"
"1067","2010","平成","22","11","15~16","橋桁端部に設置されたつり足場の墜落防止用の手すりを延長するため、被災者は当該手すりと横桁に足をかけた状態で長さ2mの単管パイプを作業員から受け取ったところ、足をかけていた手すりのバイスクランプが橋桁から外れ、手すりとともに、地上高さ7.7mの位置から墜落した。被災者はこの外れた手すりに安全帯を取り付けていた。バイスクランプの固定方法が不適切であったとみられる。","3","建設業","301","土木工事業","30105","橋梁建設工事業","50~99","4","仮設物、建築物、構築物等","41","仮設物、建築物、構築物等","411","足場","1","墜落、転落"
"1068","2010","平成","22","11","7~8","県道交差点で、27人が乗った被災事業場のマイクロバスと運送会社の大型トレーラーが出合い頭に衝突し、双方の28人全員が病院に運ばれた。マイクロバスに乗っていた運転手以外の作業者26人は外国人で、このうちの7人が死亡した。マイクロバスは出勤途上、トレーラーはコンテナを輸送中であった。","1","製造業","114","電気機械器具製造業","11402","軽電機製造業","100~299","2","物上げ装置、運搬機械","22","動力運搬機","221","トラック","17","交通事故（道路）"
"1069","2010","平成","22","11","7~8","県道交差点で、27人が乗った被災事業場のマイクロバスと運送会社の大型トレーラーが出合い頭に衝突し、双方の28人全員が病院に運ばれた。マイクロバスに乗っていた運転手以外の作業者26人は外国人で、このうちの7人が死亡した。マイクロバスは出勤途上、トレーラーはコンテナを輸送中であった。","1","製造業","114","電気機械器具製造業","11402","軽電機製造業","100~299","2","物上げ装置、運搬機械","22","動力運搬機","221","トラック","17","交通事故（道路）"
"1070","2010","平成","22","11","7~8","県道交差点で、27人が乗った被災事業場のマイクロバスと運送会社の大型トレーラーが出合い頭に衝突し、双方の28人全員が病院に運ばれた。マイクロバスに乗っていた運転手以外の作業者26人は外国人で、このうちの7人が死亡した。マイクロバスは出勤途上、トレーラーはコンテナを輸送中であった。","1","製造業","114","電気機械器具製造業","11402","軽電機製造業","100~299","2","物上げ装置、運搬機械","22","動力運搬機","221","トラック","17","交通事故（道路）"
"1071","2010","平成","22","11","7~8","県道交差点で、27人が乗った被災事業場のマイクロバスと運送会社の大型トレーラーが出合い頭に衝突し、双方の28人全員が病院に運ばれた。マイクロバスに乗っていた運転手以外の作業者26人は外国人で、このうちの7人が死亡した。マイクロバスは出勤途上、トレーラーはコンテナを輸送中であった。","1","製造業","114","電気機械器具製造業","11402","軽電機製造業","100~299","2","物上げ装置、運搬機械","22","動力運搬機","221","トラック","17","交通事故（道路）"
"1072","2010","平成","22","11","7~8","県道交差点で、27人が乗った被災事業場のマイクロバスと運送会社の大型トレーラーが出合い頭に衝突し、双方の28人全員が病院に運ばれた。マイクロバスに乗っていた運転手以外の作業者26人は外国人で、このうちの7人が死亡した。マイクロバスは出勤途上、トレーラーはコンテナを輸送中であった。","1","製造業","114","電気機械器具製造業","11402","軽電機製造業","100~299","2","物上げ装置、運搬機械","22","動力運搬機","221","トラック","17","交通事故（道路）"
"1073","2010","平成","22","11","7~8","県道交差点で、27人が乗った被災事業場のマイクロバスと運送会社の大型トレーラーが出合い頭に衝突し、双方の28人全員が病院に運ばれた。マイクロバスに乗っていた運転手以外の作業者26人は外国人で、このうちの7人が死亡した。マイクロバスは出勤途上、トレーラーはコンテナを輸送中であった。","1","製造業","114","電気機械器具製造業","11402","軽電機製造業","100~299","2","物上げ装置、運搬機械","22","動力運搬機","221","トラック","17","交通事故（道路）"
"1074","2010","平成","22","11","7~8","県道交差点で、27人が乗った被災事業場のマイクロバスと運送会社の大型トレーラーが出合い頭に衝突し、双方の28人全員が病院に運ばれた。マイクロバスに乗っていた運転手以外の作業者26人は外国人で、このうちの7人が死亡した。マイクロバスは出勤途上、トレーラーはコンテナを輸送中であった。","1","製造業","114","電気機械器具製造業","11402","軽電機製造業","100~299","2","物上げ装置、運搬機械","22","動力運搬機","221","トラック","17","交通事故（道路）"
"1075","2010","平成","22","11","10~11","自社工場内において、被災者は、H鋼(120センチメートル×117センチメートル×25センチメートル、重さ約230キログラム)に、最大使用荷重500キログラムのつりクランプ2個を用いて玉掛けし、天井クレーン(2.8t)にて溶接作業場所まで移動させる際、H鋼を立ててクランプのかけ替え作業を行っていた時に、H鋼のバランスが崩れて当該H鋼とともに倒れ、被災者がその下敷きになったもの。","1","製造業","112","金属製品製造業","11209","その他の金属製品製造業","30~49","5","物質、材料","52","材料","521","金属材料","5","崩壊、倒壊"
"1076","2010","平成","22","11","0~1","トラックで農薬(クロルピクリン)を積載して走行中、国道の右カーブで道路が雨上がりの氷点下によるブラックアイスバーンになっていたため、トラックがスリップして横滑りになり、ブレーキが効かずに軌道修正ができず、対向車に接触した後、左側の崖下へ約20m転落した。この際、積載していた農薬の入っていた缶が破裂して急性薬物中毒を引き起こし死亡したもの。","4","運輸交通業","403","道路貨物運送業","40301","一般貨物自動車運送業","30~49","2","物上げ装置、運搬機械","22","動力運搬機","221","トラック","12","有害物等との接触"
"1077","2010","平成","22","11","10~11","車庫建設の土台となる土地を改良するため、ドラグショベルで掘った3.1m×2.6m×2.3m(縦横深さ)の中に2名で入り、穴の角を出すためツルハシで手掘りしている時、約2m離れた場所の土砂が崩壊し、足をすくわれ転倒し、肩・胸・腰を骨折した。崩壊した土砂は約0.5立方m程度であり、土砂は両足の膝下部分のみにかかっている感じであった。","3","建設業","301","土木工事業","30199","その他の土木工事業","1~9","7","環境等","71","環境等","711","地山、岩石","5","崩壊、倒壊"
"1078","2010","平成","22","11","10~11","タイヤローラーで道路舗装作業中、道路長20m、片側幅3.0mの範囲でアスファルトの仕上転圧を行っていたところ、被災者が転圧領域に立ち入って道路中央部に敷いてあった敷居角材を取り外していた際、後退してきたタイヤローラーに下半身を轢かれ死亡した。","3","建設業","301","土木工事業","30106","道路建設工事業","1~9","1","動力機械","14","建設機械等","144","締固め用機械","7","はさまれ、巻き込まれ"
"1079","2010","平成","22","11","10~11","被災者は、伐木した杉材を機械集材装置にて山から搬出するための荷掛作業を行っていた。代表者が運転する集材装置の搬器が搬出する杉材の箇所まで移動させたが、被災者から無線による指示が無く、無線において代表者が被災者に呼びかけたが、応答が無かったため、代表者が被災者のいる箇所まで山を登ったところ、被災者が仰向けに横たわっているのを発見したもの。病院搬送後意識不明の状態であり、11日後に死亡した。被災者が杉材をワイヤーロープで搬器に掛け巻き上げた時に杉材が振れ、枝が被災者の頭部に激突したと推定される。","6","農林業","602","林業","60201","木材伐出業","1~9","7","環境等","71","環境等","712","立木等","3","激突"
"1080","2010","平成","22","11","11~12","被災者は、建物間を結ぶ歩廊に防風・防雪用のネットを取り付けるため、脚立上で作業を行っていたところ、不安定な体勢であったため風でバランスを崩し地面に落下した。その際、脚立の足で腹部若しくは胸部を強打し、3日後に死亡した。","15","清掃・と畜業","1501","清掃・と畜業","150101","ビルメンテナンス業","50~99","3","その他の装置等","37","用具","371","はしご等","1","墜落、転落"
"1081","2010","平成","22","11","17~18","ビルの外壁の洗浄・塗装業務で使用していたくさび式の外部足場を解体し、足場材をトラックに積み終えたところ、トラック荷台横の一方のあおりが、積載された荷の重量に耐えきれなくなって、歪んで倒れた。この際、足場材がトラック横にいた作業者上に崩れかかり、頭を強く打って死亡したもの。","3","建設業","302","建築工事業","30209","その他の建築工事業","1~9","2","物上げ装置、運搬機械","22","動力運搬機","221","トラック","4","飛来、落下"
"1082","2010","平成","22","11","17~18","木材の背板を自動ローラ横帯のこ盤(バンドソー)で加工作業をしていた被災者が、同機の送りローラーに巻き込まれ、送りローラーの奥にある帯のこの歯に左手及び左足が接触し、出血性ショックにより死亡した。","1","製造業","104","木材・木製品製造業","10401","製材業","10~29","1","動力機械","13","木材加工用機械","132","帯のこ盤","7","はさまれ、巻き込まれ"
"1083","2010","平成","22","11","1~2","国道をトラックで走行中、下りのゆるい右カーブで被災者の運転するトラックが速度超過により道路脇に飛び出し、歩道の柵を突き破り約13m下の畑に転落し被災者は死亡したもの。","4","運輸交通業","403","道路貨物運送業","40301","一般貨物自動車運送業","10~29","2","物上げ装置、運搬機械","22","動力運搬機","221","トラック","17","交通事故（道路）"
"1084","2010","平成","22","12","11~12","重さ約1.2t(約0.6tの荷2個)の強化ガラスを積んだ資材搬入会社の貨物自動車が、災害発生事業場に到着後、被災者と貨物運転者の2名で荷卸しの準備作業中、天井クレーンに玉掛けをする前に荷の結束ロープを外したため、荷台上の荷が不安定になって崩れ、被災者の方に倒れて、被災者はその下敷きになり、死亡したと推定される。","1","製造業","117","その他の製造業","11709","その他の製造業－その他","30~49","6","荷","61","荷","611","荷姿の物","5","崩壊、倒壊"
"1085","2010","平成","22","12","13~14","電線に係る木の枝の伐採が完了した為、坂道に停めていた高所作業車を移動しようとしたが、進行方向に邪魔になる枝があり、バケット内の操作装置でバケットの90度首振り操作をした。高所作業車後部の操作装置でアウトリガー格納後、車外から運転席のPTO(走行と架装部操作の切替)レバーを「走行モード」にした直後、高所作業車が逸走し、坂下で監視作業中の被災者が作業していた高所作業車の間に挟まれ死亡した。","3","建設業","303","その他の建設業","30301","電気通信工事業","1~9","1","動力機械","14","建設機械等","146","高所作業車","7","はさまれ、巻き込まれ"
"1086","2010","平成","22","12","13~14","作業船上において、空港滑走路の海中部分を水中カメラで撮影中、水中カメラを船体左舷の海中に固定するために甲板上に艤装された鉄骨架台と、滑走路の支柱部分とが接触した。このときの衝撃で、鉄骨架台が緊結不足により甲板上から外れて水没し、その際に甲板上の鉄骨架台付近で、通常のカメラによる写真撮影をしていた被災者が、当該鉄骨架台と船べりに胴体をはさまれ死亡した。","12","教育・研究業","1201","教育・研究業","120109","その他の教育研究業","100~299","4","仮設物、建築物、構築物等","41","仮設物、建築物、構築物等","419","その他の仮設物、建築物、構築物等","7","はさまれ、巻き込まれ"
"1087","2010","平成","22","12","23~24","空港内の滑走路上において、アスファルトフィニッシャーのスクリューを動かしながら噴霧器で軽油(アスファルト材の固着を防止するためのもの)を吹き付けていた被災者が、同スクリューの隙間に衣服等が入ったために上半身を巻き込まれ、死亡したもの。","3","建設業","301","土木工事業","30106","道路建設工事業","10~29","1","動力機械","14","建設機械等","149","その他の建設機械等","7","はさまれ、巻き込まれ"
"1088","2010","平成","22","12","11~12","片側1車線の県道で大型トラックを運転中、先行車4台を追い越すため、先頭から2台目の被追越車(トラック)の右側を通過していたところ、当該車両も追い越しをかけたため、自車の左側面に被追越車が接触したことから、その反動で対向車線わきの電柱に激突し、死亡した。","15","清掃・と畜業","1501","清掃・と畜業","150102","産業廃棄物処理業","10~29","2","物上げ装置、運搬機械","22","動力運搬機","221","トラック","17","交通事故（道路）"
"1089","2010","平成","22","12","13~14","NC旋盤(ターニングセンター)の主軸に加工物(円柱、製麺機のローラー部、ねじ穴加工をする予定であった)をチャックで取り付けた後、加工物を回転させながらブレ止めの固定作業を行っていた際、衣服ごと加工物に巻き込まれた。","1","製造業","113","一般機械器具製造業","11301","機械（精密機械を除く）器具製造業","50~99","1","動力機械","15","金属加工用機械","151","旋盤","7","はさまれ、巻き込まれ"
"1090","2010","平成","22","12","3~4","交差点において、赤信号で停車していた大型トラックに被災者の運転する中型トラックが脇見または居眠り運転のため追突したもの。","4","運輸交通業","403","道路貨物運送業","40301","一般貨物自動車運送業","10~29","2","物上げ装置、運搬機械","22","動力運搬機","221","トラック","17","交通事故（道路）"
"1091","2010","平成","22","12","13~14","橋梁下部歩道の外装パネル用のアングルを取り付け作業中に、瞬間最大風速30.5m/sの突風により作業に使用していた移動足場(モーター駆動によりレール上を走行する)が電磁ブレーキをかけていたが動き出し、約75m滑走して、レール端部に設置されていたストッパーを破壊して落下し、足場にいた2名が死亡したもの。","3","建設業","301","土木工事業","30105","橋梁建設工事業","1~9","4","仮設物、建築物、構築物等","41","仮設物、建築物、構築物等","411","足場","1","墜落、転落"
"1092","2010","平成","22","12","13~14","橋梁下部歩道の外装パネル用のアングルを取り付け作業中に、瞬間最大風速30.5m/sの突風により作業に使用していた移動足場(モーター駆動によりレール上を走行する)が電磁ブレーキをかけていたが動き出し、約75m滑走して、レール端部に設置されていたストッパーを破壊して落下し、足場にいた2名が死亡したもの。","3","建設業","301","土木工事業","30105","橋梁建設工事業","1~9","4","仮設物、建築物、構築物等","41","仮設物、建築物、構築物等","411","足場","1","墜落、転落"
"1093","2010","平成","22","12","14~15","艤装船セカンドデッキ部に数ヵ所あるハッチの周囲に仮設していた手摺りを以前に溶断撤去していた個所において、被災者はグラインダーによりハッチの仮設手すりを取り除いた部分の研磨仕上げを行うため、セカンドデッキにてグラインダーを探していたところ、1ヵ所開口部(約15.3m×3.4m)となっていて手すりなどがなかったハッチから約7.4m下のホールドに墜落した。","1","製造業","115","輸送用機械等製造業","11501","造船業","10~29","4","仮設物、建築物、構築物等","41","仮設物、建築物、構築物等","414","開口部","1","墜落、転落"
"1094","2010","平成","22","12","17~18","被災者は、自動車整備工場内で自動車のリアバンパーを交換するためリフトで自動車を1m10センチメートル程持ち上げて作業を行っていた。その後方、約6mのところで他の自動車の整備を行っていた他の労働者が、整備を終えて自動車を後退させたところ、被災者に激突し被災者自身が整備していた自動車のリアバンパーと後退してきた自動車のリアスポイラーに頭部を挟まれて死亡したもの。自動車を後退させた労働者が、自動車のブレーキパッドの交換後、ブレーキペダルを数回踏んでブレーキの踏み代を出していなかったため自動車のブレーキが効かなかった。また、自動車を後退させる際に合図を行わなかった。","8","商業","802","小売業","80202","自動車小売業","10~29","2","物上げ装置、運搬機械","23","乗物","231","乗用車、バス、バイク","7","はさまれ、巻き込まれ"
"1095","2010","平成","22","12","19~20","顧客先から営業所へ戻るため、社有車(キャラバン)を運転し国道を走行していたところ、前方不注意により片側2車線の左側車線に故障して停車していた大型トレーラーに追突し、死亡した。","8","商業","801","卸売業","80109","その他の卸売業","1~9","2","物上げ装置、運搬機械","23","乗物","231","乗用車、バス、バイク","17","交通事故（道路）"
"1096","2010","平成","22","12","8~9","被災者を含む作業員2名で、昨晩から早朝にかけて降った大雨により、地下の駐車場に雨水が溜まっていたため、地下ピットのマンホールを開き、地下ピットに雨水を流す作業を行っていたところ、被災者がマンホールから地下ピットに墜落したもの。墜落防止措置を講じていなかった。","15","清掃・と畜業","1501","清掃・と畜業","150101","ビルメンテナンス業","1000~9999","4","仮設物、建築物、構築物等","41","仮設物、建築物、構築物等","414","開口部","1","墜落、転落"
"1097","2010","平成","22","12","15~16","スキーリフトの山頂監視小屋において2名でリフト利用客の監視業務を行った。営業終了後、監視小屋周辺の整備作業を終え、リフト点検を兼ねて山麓まで降りるために、先に別の監視員がステージから下りリフトに乗った後、被災者は次の下りリフトに乗ったが、何らかの理由により再びステージへ降車しようとしたため、そのまま当該リフトに押されて、高さ約5mの下の地上に墜落したもの。墜落した箇所については雪はなく砂利だった。","14","接客娯楽業","1403","その他の接客娯楽業","140309","その他の接客娯楽業－その他","100~299","4","仮設物、建築物、構築物等","41","仮設物、建築物、構築物等","418","建築物、構築物","1","墜落、転落"
"1098","2010","平成","22","12","5~6","新聞販売員が原動機付自転車を運転中、右折しようとしていた被災者のバイクを加害者の乗用車が追い抜こうとしたため、対向車線上で衝突した。","8","商業","802","小売業","80205","新聞販売業","30~49","2","物上げ装置、運搬機械","23","乗物","231","乗用車、バス、バイク","17","交通事故（道路）"
"1099","2010","平成","22","12","16~17","肉牛の放牧地において、1人で自走式堆肥散布機の修理を行っていた被災者が、堆肥散布機の荷台の下で、着用していた合羽のフードが回転していたシャフトに触れたため右肩部分まで巻き込まれて、首が絞められて死亡したもの。堆肥散布機のエンジンは掛かった状態であった。","7","畜産・水産業","701","畜産業","70101","畜産業","1~9","1","動力機械","16","一般動力機械","169","その他の一般動力機械","7","はさまれ、巻き込まれ"
"1100","2010","平成","22","12","11~12","研修センター内の斜面の草刈り作業を刈り込み鋏を用いて行っていたところ、足を滑らせ高さ2.3mの斜面を転落した。","1","製造業","101","食料品製造業","10104","パン、菓子製造業","100~299","7","環境等","71","環境等","711","地山、岩石","1","墜落、転落"
"1101","2010","平成","22","12","14~15","マンション外壁改修工事にて枠組足場の解体作業をしていた被災者が、取り外した簡易鳥居枠(W=600ミリメートル)を両手で持って解体足場最上層(9層目、地上高さ約15m)を移動していたところ、何らかの原因でバランスを崩して鳥居枠とともに地上へ墜落。救急車に搬送されたが、当日深夜死亡した。安全帯を着用していたが使用していたかは不明。","3","建設業","302","建築工事業","30209","その他の建築工事業","10~29","4","仮設物、建築物、構築物等","41","仮設物、建築物、構築物等","411","足場","1","墜落、転落"
"1102","2010","平成","22","12","16~17","鉄骨造2階建の事務所新築工事現場において、下請の労働者が、型枠材の解体作業中、1階の建物の中から型枠材を持って建物の外へ搬出しようとした際、出口でつまずいて転倒し、出口付近の基礎から上方に出ていた鉄筋(長さ約40センチメートル)が、被災者の顔面に刺さり死亡したもの。","3","建設業","302","建築工事業","30201","鉄骨・鉄筋コンクリート造家屋建築工事業","1~9","4","仮設物、建築物、構築物等","41","仮設物、建築物、構築物等","417","通路","2","転倒"
"1103","2010","平成","22","12","8~9","学校校舎解体工事において、被災者が機体重量15tのドラグショベルを運転して高さ約3m、角度20度のコンクリートガラの斜面を登っていたところ、ドラグショベルのアームを上げて折り曲げた状態であったため、斜面を登るにつれ重心が後方へ移動し、当該ドラグショベルが後方へ転倒した。この際、背中の損傷し、脳内疾病を併発して3日後に死亡した。被災者は車両系建設機械について3t未満の特別教育は受講していたが、技能講習は修了していなかった。","3","建設業","302","建築工事業","30201","鉄骨・鉄筋コンクリート造家屋建築工事業","10~29","1","動力機械","14","建設機械等","142","掘削用機械","2","転倒"
"1104","2010","平成","22","12","9~10","伐採現場において、被災者が作業道を徒歩で移動中、その作業道の上方に立っていた2本の立木(杉、約50年生)を同僚がチェンソーで伐倒する作業を行っていた。同僚は、2本の立木の上部につるが巻き付いていたため、浴びせ倒して伐倒したところ、作業道を移動中の被災者がその下敷きになった。","6","農林業","602","林業","60201","木材伐出業","1~9","7","環境等","71","環境等","712","立木等","6","激突され"
"1105","2010","平成","22","12","11~12","市発注の汚水管渠築造工事において、被災者は既設雨水管下部付近の土砂を車両系建設機械のバケットに積み込み作業中、当該車両系建設機械に乗り込もうした労働者が、運転操作方式の切り替えを行うため「マルチレバー」を操作したところ、車両系建設機械のアームが動き、バケットと既設雨水管との間に挟まれたもの。","3","建設業","301","土木工事業","30110","上下水道工事業","1~9","1","動力機械","14","建設機械等","142","掘削用機械","7","はさまれ、巻き込まれ"
"1106","2010","平成","22","12","12~13","排水処理施設において、被災者は水質の検査等の作業を行っていたところ、誤って流量調整槽内を点検するための点検口(通常は蓋がされており、点検時に開放する開口部)から墜落し、溺死したもの。流量調整槽の深さは約5mで、災害発生時は約2mの水深があった。","15","清掃・と畜業","1501","清掃・と畜業","150103","その他の廃棄物処理業","10~29","4","仮設物、建築物、構築物等","41","仮設物、建築物、構築物等","418","建築物、構築物","1","墜落、転落"
"1107","2010","平成","22","12","不明","化学物質の合成実験を行っていた被災者が、合成された3-クロロ-1、1、2、3、3-ペンタフルオロ-1-プロペンの蒸気に暴露により急性中毒の肺疾患にかかり18日後に死亡した。同物質の有害性は不明であるが、急性毒性が記された文献が存在する。","1","製造業","108","化学工業","10801","無機・有機化学工業製品製造業","1000~9999","5","物質、材料","51","危険物、有害物等","514","有害物","12","有害物等との接触"
"1108","2010","平成","22","12","11~12","被災者は、魚市場から鮮魚を運搬するため4tトラックを運転し国道を走行中、対向車線にはみ出して対向車の大型トレーラーと正面衝突したもの。相手方の運転手は軽傷であった。現場は見通しの良い直線道路で路面は乾燥していた。","4","運輸交通業","403","道路貨物運送業","40301","一般貨物自動車運送業","10~29","2","物上げ装置、運搬機械","22","動力運搬機","221","トラック","17","交通事故（道路）"
"1109","2010","平成","22","12","11~12","被災場所にて、椎の木に登り、地面から約5mの高さの位置の枝に足をのせ、当該枝に安全帯をかけて剪定作業を行っていたところ、当該枝が腐っていて体重を支えられずに折れて、被災者は枝とともに地面に墜落したものである。折れた枝に安全帯を掛けていたため機能しなかった。","6","農林業","601","農業","60101","農業","不明","7","環境等","71","環境等","712","立木等","1","墜落、転落"
"1110","2010","平成","22","12","1~2","イギリスに出張中、被災者を含む3名がタクシーで空港から宿泊先のホテルに向かう途中、片側3車線の一般道路を走行中に反対車線から大型トラックが中央分離帯を越えて被災者が乗車していた右側後部座席に激突した。被災者は全身を強く打ち、病院に搬送途中、死亡したもの。他2名の被災状況は調査中。","17","その他の事業","1702","その他の事業","170209","その他の事業－その他","1000~9999","2","物上げ装置、運搬機械","22","動力運搬機","221","トラック","17","交通事故（道路）"
"1111","2010","平成","22","12","1~2","被災者は、会議に出席するため車で移動中、道路脇の標識柱に衝突。病院に搬送されたが、約8時間半後に死亡した。","14","接客娯楽業","1403","その他の接客娯楽業","140309","その他の接客娯楽業－その他","30~49","2","物上げ装置、運搬機械","23","乗物","231","乗用車、バス、バイク","17","交通事故（道路）"
"1112","2010","平成","22","12","13~14","合板製造ラインにて、材料をベルトコンベヤに流す工程で、被災者は電源を切らずに材料を加工ラインへ送り出す機械の調節作業を行っていたところ、誤ってセンサーに接触したためベルトコンベヤが動き出し、送り出し機に挟まれ負傷した。直ちに病院に搬送されたが当日、病院で死亡した。","1","製造業","104","木材・木製品製造業","10402","合板製造業","30~49","2","物上げ装置、運搬機械","22","動力運搬機","224","コンベア","7","はさまれ、巻き込まれ"
"1113","2010","平成","22","12","19~20","簡易書留の配達に出たまま帰らないため同僚が警察に通報し、警察署員が配達車両から約30m離れた町道脇の川(幅2.2m、深さ2.8m、水深10センチメートル)に転落しているのを発見した。配達物を手に持ち、うつ伏せに倒れていた状況から、配達先の門前に車両を停車して、門が閉まっていたため不在を確かめようと配達先の裏に回ったところ、夜で街灯も近くにないため、足下の川が見えずに転落したものとみられる。","11","通信業","1101","通信業","110101","通信業","100~299","7","環境等","71","環境等","719","その他の環境等","1","墜落、転落"
"1114","2010","平成","22","12","23~24","被災者運転の13tトラックが、高速道路で渋滞していた車列の最後尾の車両に脇見運転のため追突し、計6台の玉突き事故となり死亡した。","4","運輸交通業","403","道路貨物運送業","40301","一般貨物自動車運送業","10~29","2","物上げ装置、運搬機械","22","動力運搬機","221","トラック","17","交通事故（道路）"
"1115","2010","平成","22","12","8~9","工場出入り口の鋼鉄製大型シャッター(幅5.7m、高さ4.3m、電動ホイストで鋼鉄製の約500キログラムの板を吊り上げる方式)のワイヤロープが経年劣化による摩耗により切断し、自重によりシャッターが落下した。この際、下にいた被災者がシャッターと地面の間に挟まれ死亡したもの。","1","製造業","113","一般機械器具製造業","11301","機械（精密機械を除く）器具製造業","10~29","4","仮設物、建築物、構築物等","41","仮設物、建築物、構築物等","418","建築物、構築物","4","飛来、落下"
"1116","2010","平成","22","12","15~16","被災者は、工場内の仮置鋼材の上部(高さ約1.2m)に立って、ブルーシートをかける作業を行っていたところ、側方へ墜落した。鋼材の側方には玉掛け用具(長尺鋼板用)が置かれていたため、当該玉掛け用具の上部に突出している丸鋼(直径約1センチメートル)に被災者の側頭部が激突した。","1","製造業","113","一般機械器具製造業","11301","機械（精密機械を除く）器具製造業","10~29","5","物質、材料","52","材料","521","金属材料","1","墜落、転落"
"1117","2010","平成","22","12","21~22","被災者は営業先から戻るため車(被災者所有)を運転中、国道において対向車線にはみ出し、大型トラックと衝突したため、頭部を打ち死亡したもの。","9","金融・広告業","901","金融業","90103","保険業","50~99","2","物上げ装置、運搬機械","23","乗物","231","乗用車、バス、バイク","17","交通事故（道路）"
"1118","2010","平成","22","12","3~4","新聞店所属パート配達員が、朝刊の配達のため、原動機付自転車を運転していたところ、普通乗用車と衝突した。","8","商業","802","小売業","80205","新聞販売業","30~49","2","物上げ装置、運搬機械","23","乗物","231","乗用車、バス、バイク","17","交通事故（道路）"
"1119","2010","平成","22","12","9~10","フォークリフトを使用して、造作中の船体に資材を運び入れる作業を行っていた。300t橋形クレーンが接近していたことに気づき、あわててフォークリフトを移動させようとしたが間に合わず、クレーンの接触によりフォークリフトの運転手(被災者)は地面に投げだされ、その直後、フォークリフトが横転、被災者がその下敷きになったもの。作業箇所はクレーンの走行レール沿いに設けられた立ち入り禁止区域であった。","1","製造業","115","輸送用機械等製造業","11501","造船業","1~9","2","物上げ装置、運搬機械","22","動力運搬機","222","フォークリフト","6","激突され"
"1120","2010","平成","22","12","13~14","歩行者の誘導を行っていた警備員が、連絡や誘導の不備により、バックしてきた路盤転圧作業中のコンバインドローラーにひかれて死亡した。","17","その他の事業","1702","その他の事業","170201","警備業","50~99","1","動力機械","14","建設機械等","144","締固め用機械","6","激突され"
"1121","2010","平成","22","12","17~18","橋梁の塗装工事現場から会社事務所に被災者他4名で乗用車で向かっている途中、運転操作を誤って蛇行運転となり、看板に激突し、1名が死亡した。","3","建設業","303","その他の建設業","30309","その他の建設業－その他","10~29","2","物上げ装置、運搬機械","23","乗物","231","乗用車、バス、バイク","17","交通事故（道路）"
"1122","2010","平成","22","12","9~10","被災者は建屋(4階がセットバック)の屋上ペントハウス上にある看板の点検を行うため、3階屋上から看板までに設置された丸太足場に移動はしご(脚立を伸ばしたもの)を掛け、脚立を左肩に抱えて4階屋上まで昇ろうとしたところ、固定が不十分であったため移動はしごが倒れ、被災者は屋上のパラペット(高さ35センチメートル)を超えて、抱えていた脚立と共に約11.5m下まで落下した。","3","建設業","302","建築工事業","30203","建築設備工事業","1~9","3","その他の装置等","37","用具","371","はしご等","1","墜落、転落"
"1123","2010","平成","22","12","6~7","スーパーの1階バックヤード階段下で倒れているところを発見された。","8","商業","802","小売業","80209","その他の小売業","30~49","4","仮設物、建築物、構築物等","41","仮設物、建築物、構築物等","413","階段、桟橋","1","墜落、転落"
"1124","2010","平成","22","12","7~8","被災者ら4名は資材置場に集合し、ワゴン車(社有車)に乗車して工事現場に向かい片側1車線の見通しの良い直線道路を走行中、凍結路面でスリップして対向車線にはみ出し、対向してきたダンプトラックと正面衝突し、3名が死亡し、1名が休業した。ダンプトラックの運転手は不休で、ワゴン車の後続の乗用車がワゴン車に追突し運転者は軽傷。","3","建設業","302","建築工事業","30201","鉄骨・鉄筋コンクリート造家屋建築工事業","10~29","2","物上げ装置、運搬機械","23","乗物","231","乗用車、バス、バイク","17","交通事故（道路）"
"1125","2010","平成","22","12","7~8","被災者ら4名は資材置場に集合し、ワゴン車(社有車)に乗車して工事現場に向かい片側1車線の見通しの良い直線道路を走行中、凍結路面でスリップして対向車線にはみ出し、対向してきたダンプトラックと正面衝突し、3名が死亡し、1名が休業した。ダンプトラックの運転手は不休で、ワゴン車の後続の乗用車がワゴン車に追突し運転者は軽傷。","3","建設業","302","建築工事業","30201","鉄骨・鉄筋コンクリート造家屋建築工事業","10~29","2","物上げ装置、運搬機械","23","乗物","231","乗用車、バス、バイク","17","交通事故（道路）"
"1126","2010","平成","22","12","7~8","被災者ら4名は資材置場に集合し、ワゴン車(社有車)に乗車して工事現場に向かい片側1車線の見通しの良い直線道路を走行中、凍結路面でスリップして対向車線にはみ出し、対向してきたダンプトラックと正面衝突し、3名が死亡し、1名が休業した。ダンプトラックの運転手は不休で、ワゴン車の後続の乗用車がワゴン車に追突し運転者は軽傷。","3","建設業","302","建築工事業","30201","鉄骨・鉄筋コンクリート造家屋建築工事業","10~29","2","物上げ装置、運搬機械","23","乗物","231","乗用車、バス、バイク","17","交通事故（道路）"
"1127","2010","平成","22","12","13~14","鋼線を酸洗いする工程において作業中、高さ80センチメートルの転落防止柵はあったがこれを越えて作業し、硝酸亜鉛、燐酸亜鉛を主成分とする酸(Ph1、温度80°C)の入った深さ1.6mの槽に頭から転落した。救出時、他の作業者1名が手を負傷した。","1","製造業","112","金属製品製造業","11209","その他の金属製品製造業","500~999","3","その他の装置等","39","その他の装置、設備","391","その他の装置、設備","11","高温・低温の物との接触"
"1128","2010","平成","22","12","15~16","被災者は、大型トラックで土砂を建設現場から処分場に運搬するため走行中、道路左側の側溝に脱輪してハンドルを取られ、対向車線を横切り、道路法面を約10m転落し、民家のブロック塀に激突した。","4","運輸交通業","403","道路貨物運送業","40301","一般貨物自動車運送業","30~49","2","物上げ装置、運搬機械","22","動力運搬機","221","トラック","17","交通事故（道路）"
"1129","2010","平成","22","12","16~17","被災者はフォークリフト(最大荷重2.95t)を運転し、ユニックの荷台にあった足場用単管パイプ4束のうち3束(総重量1196キログラム)をフォークに載せたが、うち1束(長さ3.5m×50本。重量364キログラム)がフォークの先端からはみ出していたため、フォークに単管の束を載せたままエンジンを止めずにフォークリフトを降り、単管の束の下に敷く枕木の1本をフォークの下に差し入れたところ、はみ出していた1束が被災者に落下した。","3","建設業","301","土木工事業","30199","その他の土木工事業","1~9","2","物上げ装置、運搬機械","22","動力運搬機","222","フォークリフト","4","飛来、落下"
"1130","2010","平成","22","12","4~5","普通乗用車にて1人で高速自動車道を走行し、工事現場で使用していた測量機器を置いてある宿泊施設に測量機器を引き取るために向かっていたところ、別の追突事故のため道路をふさぐ形で停止していた大型トラックに追突した。なお、被災者は現場の鉄工作業を終わり、8日前より事業場において機器の整備等の作業を行っていたものである。","1","製造業","110","鉄鋼業","11009","その他の鉄鋼業","10~29","2","物上げ装置、運搬機械","23","乗物","231","乗用車、バス、バイク","17","交通事故（道路）"
"1131","2010","平成","22","12","10~11","民有林の皆伐作業において、カラ松(胸高直径55センチメートル、樹高約28m)を伐倒したところ、当該立木とつるがらみしていた被災者後方の根むくれの状態のカラ松(胸高直径25センチメートル、樹高約13m)が引っ張られ、退避していた被災者の上に倒れ下敷きとなり被災したもの。","6","農林業","602","林業","60201","木材伐出業","30~49","7","環境等","71","環境等","712","立木等","5","崩壊、倒壊"
"1132","2010","平成","22","12","13~14","住宅の造園土木工事作業において、三脚式の脚立(高さ3.0m)を用いてイヌマキの木(樹高5.94m)の剪定作業中に墜落し、死亡したもの。剪定していた木は垣根に隣接して生えていたため、脚立を木に十分近づけることができない状態であり、脚立上でバランスを崩しやすい不安定な体勢で作業を行った。","3","建設業","301","土木工事業","30199","その他の土木工事業","1~9","3","その他の装置等","37","用具","371","はしご等","1","墜落、転落"
"1133","2010","平成","22","12","14~15","新築工事に伴う既存の鉄骨平屋建て倉庫の解体作業において、屋根に親綱ロープの取り付け作業中、当該屋根の波板スレートを踏み抜き、高さ約5.6mから倉庫内コンクリート床面に墜落した。歩み板等を設けていなかった。","3","建設業","302","建築工事業","30201","鉄骨・鉄筋コンクリート造家屋建築工事業","10~29","4","仮設物、建築物、構築物等","41","仮設物、建築物、構築物等","415","屋根、はり、もや、けた、合掌","1","墜落、転落"
"1134","2010","平成","22","12","15~16","事業場の作業場において、枠組壁(ツーバイフォー)工法の壁用構造材(幅約4.1m、高さ2.45m、厚さ10センチメートル)を組立て、運搬のために鋼製パレットに立てて10枚載せ、労働者3人で当該構造材を押して屋外へ移動させようとしたところ、倒壊防止措置が不十分であったため当該構造材が手前に倒れそうになり、労働者3人は退避した。3枚の構造材が倒れた後、倒れた構造材の上に被災者が乗ったところ、さらに5枚の構造材が倒れ、下敷きとなった。","3","建設業","302","建築工事業","30202","木造家屋建築工事業","1~9","5","物質、材料","52","材料","522","木材、竹材","5","崩壊、倒壊"
"1135","2010","平成","22","12","15~16","国道(片側1車線)に架かる橋梁の補修工事のため、片側を封鎖して交互に通行させていた。交通誘導に就いていた被災者が車線を封鎖していたところ、走行してきた4tのトラックが所定の停止位置を超え、被災者に激突した。被災者は病院に運ばれたが、死亡した。","17","その他の事業","1702","その他の事業","170201","警備業","10~29","2","物上げ装置、運搬機械","22","動力運搬機","221","トラック","17","交通事故（道路）"
"1136","2010","平成","22","12","22~23","被災者の運転するタクシーが国道を走行中、対向してきた乗用車が後部の車から追突された勢いでセンターラインをはみ出し、タクシーと正面衝突したもの。","4","運輸交通業","402","道路旅客運送業","40201","ハイヤー・タクシー業","100~299","2","物上げ装置、運搬機械","23","乗物","231","乗用車、バス、バイク","17","交通事故（道路）"
"1137","2010","平成","22","12","3~4","県道を走行していた新聞配達中の被災者が運転するミニバイクと脇道から右折してきた乗用車が衝突した。被災者は転倒し、頭を強く打って搬送先の病院で亡くなった。乗用車側の確認が不十分だったとみられる。","8","商業","802","小売業","80205","新聞販売業","1~9","2","物上げ装置、運搬機械","23","乗物","231","乗用車、バス、バイク","17","交通事故（道路）"
"1138","2010","平成","22","12","5~6","運転代行業務を終え、会社に戻る途中に、社有車で県道を走行中、片側1車線の緩やかな左カーブのところで、ハンドル操作を誤り、道路左側の電柱に衝突して、同乗していた者が死亡し、運転していた者は負傷した。","4","運輸交通業","404","その他の運輸交通業","40409","その他の運輸交通業－その他","30~49","2","物上げ装置、運搬機械","23","乗物","231","乗用車、バス、バイク","17","交通事故（道路）"
"1139","2010","平成","22","12","8~9","社屋前の下倉庫で現場用資材をクレーン搭載トラックの車荷台に積み込みし、被災者を荷台に乗せたまま上倉庫まで移動するため、市道に出て車両をバックさせていたが、道幅が狭くバックがうまくいかず、運転者が方向転換させようと前進させた際にバランスを崩して被災者が荷台上から転落し、右側後輪に轢かれた。","3","建設業","301","土木工事業","30199","その他の土木工事業","1~9","2","物上げ装置、運搬機械","21","動力クレーン等","212","移動式クレーン","1","墜落、転落"
"1140","2010","平成","22","12","15~16","被災者は災害発生日前日の夜、大型トラックに海産物を積み、配送先で荷下ろし後、空車で事業場に戻るため国道を走行中、災害発生地付近の左急カーブを速度超過のため曲がりきれず、対向車線にはみ出して進行方向右側の路外に逸脱し、車外に投げ出されトラックの下敷きになり被災したもの。天候はくもり、路面は圧雪アイスバーンだった。","4","運輸交通業","403","道路貨物運送業","40301","一般貨物自動車運送業","1~9","2","物上げ装置、運搬機械","22","動力運搬機","221","トラック","17","交通事故（道路）"
"1141","2010","平成","22","12","21~22","トンネルに使用する鋼製セグメントを製造する工程において、塗装する前に鉄筋を結束する場所で、橋形クレーン(つり上げ荷重5t)によりセグメントをつり上げて、3個のセグメントを縦に並べて、4つ目のセグメントを縦に置いたところ、転倒防止のために支えにしていた鉄筋の強度が不足していたため、当該セグメントが倒れかかり、隣のセグメントに接触し、将棋倒しになった。1つ目と2つ目のセグメントの間で、溶接部のカスを取り除いていた被災者が下敷きになった。クレーン操作者は無資格であった。","1","製造業","112","金属製品製造業","11209","その他の金属製品製造業","1~9","2","物上げ装置、運搬機械","21","動力クレーン等","211","クレーン","5","崩壊、倒壊"
"1142","2010","平成","22","12","3~4","新聞配達途中で何らかの理由で運転操作を誤り、歩行者用信号機に衝突した。","8","商業","802","小売業","80205","新聞販売業","50~99","2","物上げ装置、運搬機械","23","乗物","231","乗用車、バス、バイク","17","交通事故（道路）"
"1143","2010","平成","22","12","8~9","被災者は、事業場の敷地内にある製品置場において、トラックの荷台の紙製品(重量約1t)を横持ち作業するため、フォークリフトを運転し、トラックの荷台の紙製品をクランプ(アタッチメント)で挟み、一旦左後方にバックした後、紙製品を挟んだ状態でリフト(上昇)させながら右旋回動作で前進していたところ、フォークリフトの安定度が失われて転倒し、ヘッドガードの支柱の下敷きとなり死亡したもの。","5","貨物取扱業","501","陸上貨物取扱業","50101","陸上貨物取扱業","10~29","2","物上げ装置、運搬機械","22","動力運搬機","222","フォークリフト","2","転倒"
"1144","2010","平成","22","12","9~10","林道維持修繕工事において、被災者と同僚2名で現場に到着し、当日作業を行う現場まで締固め用機械(ローラー)を移動する準備として、被災者が林道の路肩に止めていたローラーのエンジンを掛けその場に待機し、それを確認した同僚が当日の現場に先に向かった。数分後に災害発生現場に到着した作業員がローラーとともに路肩から転落している被災者を発見した。救急車を呼んだが、胸部を打ち死亡したもの。","3","建設業","301","土木工事業","30199","その他の土木工事業","1~9","1","動力機械","14","建設機械等","144","締固め用機械","1","墜落、転落"
"1145","2010","平成","22","12","13~14","マンション外壁修繕工事の足場解体作業中に、鳶工が枠組足場の16層目に乗って直上の17層目の布板を取り外した際にバランスを崩し、取り外した布板もろとも外側に墜落した。一旦、自転車置場の屋根でバウンドし、地上へ墜落したものである。地上から16層目の作業床までの高さは、27.7mであり、安全帯を使用していなかった。16層目の筋交は外されていた。","3","建設業","302","建築工事業","30209","その他の建築工事業","10~29","4","仮設物、建築物、構築物等","41","仮設物、建築物、構築物等","411","足場","1","墜落、転落"
"1146","2010","平成","22","12","14~15","国道のL字溝設置工事に伴う片側通行の現場で、交通誘導警備業務に従事していた被災者に、脇見運転の軽四トラックが追突し、全身打撲により死亡した。災害発生時、被災者は交通規制が掛けられた範囲内におり、規制区間にはパイロン及び矢印標識等が設置されていた。","17","その他の事業","1702","その他の事業","170201","警備業","1~9","2","物上げ装置、運搬機械","23","乗物","231","乗用車、バス、バイク","17","交通事故（道路）"
"1147","2010","平成","22","12","9~10","マンションの敷地内に設置された地上4段方式の立体駐車場の解体工事現場において、被災者は立体駐車場の4段目の位置(高さ5.9m)にあったパレット(駐車用の鉄板、幅2.1m、長さ4.5m、重量約500キログラム)上において解体作業を行っていたところ、被災者が動力伝導用チェーンの連結ピンを外したことにより、つり上げられていた当該パレットが落下し、被災者も一緒に墜落した。","3","建設業","303","その他の建設業","30309","その他の建設業－その他","1~9","4","仮設物、建築物、構築物等","41","仮設物、建築物、構築物等","419","その他の仮設物、建築物、構築物等","1","墜落、転落"
"1148","2010","平成","22","12","15~16","被災者は、交換局でのケーブル接続作業を終えて事業場に向かうため、国道を会社所有の軽自動車で走行中、路面が凍結しており、被災者の車がスリップし、センターラインを越えて走行し、対向してきた大型トラックと正面衝突した。","3","建設業","303","その他の建設業","30301","電気通信工事業","10~29","2","物上げ装置、運搬機械","23","乗物","231","乗用車、バス、バイク","17","交通事故（道路）"
"1149","2010","平成","22","12","10~11","道路高架橋の橋脚工事における鉄筋組み立て作業において、移動式クレーンにより、異形鉄筋(長さ12m、径5センチメートル、重量190キログラム)4本を補助つり具及びベルトスリング(ナイロン製)を用いてつり上げたところ、その内の1本のベルトスリングが補助つり具のフックから抜け、異形鉄筋が落下し、玉掛者である被災者に当たったもの。補助つり具は、鉄筋5本を別々につることができるようになっていた。","3","建設業","301","土木工事業","30106","道路建設工事業","10~29","3","その他の装置等","37","用具","372","玉掛用具","4","飛来、落下"
"1150","2010","平成","22","12","10~11","被災者は、食品会社の倉庫2階において、床に置かれたフォークリフト専用のパレットに出荷予定の商品を載せる作業を行っていたところ、4.95m下の1階コンクリート床に墜落した。普段は、荷物用エレベーターで荷降ろしを行っていたが、数日前に荷物用エレベーターが故障したため、災害発生当日は2階の手摺(可動式)の一部を開いた状態でフォークリフトによる荷降ろしを行っていた。","17","その他の事業","1702","その他の事業","170209","その他の事業－その他","10~29","4","仮設物、建築物、構築物等","41","仮設物、建築物、構築物等","414","開口部","1","墜落、転落"
"1151","2010","平成","22","12","11~12","9.7tのホタテ漁船が転覆し、乗っていた2名のうち1名が死亡、1名が行方不明となった。出漁してから約2時間後、「ホタテかごをスクリューに巻き込ませてしまった」と僚船に無線連絡があった。スクリューの回転力は強く、かごの網が絡まった程度であれば航行可能なものであるが、同船が帰港しないため僚船が様子を見に行ったところ、転覆している同船を発見したものである。災害発生当時、転覆の原因となるような風浪はなかったので、かごを巻き込んだ後に何らかの原因で船体のバランスを崩したと考えられる。","7","畜産・水産業","702","水産業","70201","漁業","1~9","2","物上げ装置、運搬機械","23","乗物","239","その他の乗物","18","交通事故（その他）"
"1152","2010","平成","22","12","11~12","9.7tのホタテ漁船が転覆し、乗っていた2名のうち1名が死亡、1名が行方不明となった。出漁してから約2時間後、「ホタテかごをスクリューに巻き込ませてしまった」と僚船に無線連絡があった。スクリューの回転力は強く、かごの網が絡まった程度であれば航行可能なものであるが、同船が帰港しないため僚船が様子を見に行ったところ、転覆している同船を発見したものである。災害発生当時、転覆の原因となるような風浪はなかったので、かごを巻き込んだ後に何らかの原因で船体のバランスを崩したと考えられる。","7","畜産・水産業","702","水産業","70201","漁業","1~9","2","物上げ装置、運搬機械","23","乗物","239","その他の乗物","18","交通事故（その他）"
"1153","2010","平成","22","12","13~14","土砂運搬船の改造において発生した金属スクラップをジブクレーンを用いてトラックに積み込む作業を労働者4名で行っていた。被災者は、同僚と2名で金属スクラップにクランプ2箇所で玉掛けを行い、ジブクレーンを巻き上げたところ、吊り荷が他のスクラップ等に掛かった状態で巻き上げたことから、当該荷の掛かりが外れ、荷が振れて被災者に激突し、トラックとの間にはさまれた。","1","製造業","115","輸送用機械等製造業","11501","造船業","30~49","2","物上げ装置、運搬機械","21","動力クレーン等","211","クレーン","6","激突され"
"1154","2010","平成","22","12","4~5","資材の運搬のため4tトラックで走行中、対向してきた14tトラックがスリップしてセンターラインをはみ出したため、4tトラックの前部と14tトラックの右後部が衝突し、4tトラックの運転手が全身打撲で死亡した。災害発生場所は片側1車線、4tトラックから見て右カーブで、当時は雪が降っており、路面はシャーベット状であった。14tトラックの運転手は軽傷であった。","4","運輸交通業","403","道路貨物運送業","40301","一般貨物自動車運送業","30~49","2","物上げ装置、運搬機械","22","動力運搬機","221","トラック","17","交通事故（道路）"
"1155","2010","平成","22","12","9~10","被災者は、工場内において、天井クレーンで塗装作業用の作業台を吊っていた。作業台を所定の位置に設置後、作業台のバランスが崩れ、作業台が被災者に激突し、死亡したもの。","1","製造業","112","金属製品製造業","11209","その他の金属製品製造業","30~49","2","物上げ装置、運搬機械","21","動力クレーン等","211","クレーン","6","激突され"
"1156","2010","平成","22","12","21~22","トラックでコイル材(約13t)を運搬中、左カーブを曲がり切れずにガードレールを突き破り、道路わきへトラックとともに転落したもの。","4","運輸交通業","403","道路貨物運送業","40301","一般貨物自動車運送業","1~9","2","物上げ装置、運搬機械","22","動力運搬機","221","トラック","17","交通事故（道路）"
"1157","2010","平成","22","12","10~11","被災者2名は橋脚の側方部に取り付けられた鉄骨製ブラケット(重さ約2.5t)の解体(取外し)作業を行うため、橋脚の周りに設置された枠組足場上で作業を行っていたところ、鉄骨製ブラケットが外れ、足場の一部を破壊しながら地上へ落下した。足場上で作業していた被災者のうち、1名は地上まで墜落し死亡、あと1名は下層の足場へ転落し頭部に軽傷を負ったもの。","3","建設業","301","土木工事業","30105","橋梁建設工事業","30~49","4","仮設物、建築物、構築物等","41","仮設物、建築物、構築物等","412","支保工","1","墜落、転落"
"1158","2010","平成","22","12","12~13","早めの昼食後、木材を取りに行くため自社のトラックを運転して走行中、緩やかな左カーブで対向車線にはみ出し、対向車(大型トラック)に正面衝突し、さらに後続の大型トラックに追突された。","8","商業","802","小売業","80209","その他の小売業","1~9","2","物上げ装置、運搬機械","22","動力運搬機","221","トラック","17","交通事故（道路）"
"1159","2010","平成","22","12","12~13","シラス漁を終え、帰港中に船上(船尾)に設置されたコーンローラーを用いて、洗い終えた漁網の引き揚げを行っていた被災者が、コーンローラーに右手から右胸を巻き込まれたもの。","7","畜産・水産業","702","水産業","70201","漁業","1~9","1","動力機械","16","一般動力機械","169","その他の一般動力機械","7","はさまれ、巻き込まれ"
"1160","2010","平成","22","12","16~17","道路工事現場における交通誘導業務を終え、現場近くの県道の歩道において、打合せ等を行っていたところ、車道を走行してきた軽乗用車に後方から激突され、3日後に死亡したもの。","17","その他の事業","1702","その他の事業","170201","警備業","10~29","2","物上げ装置、運搬機械","23","乗物","231","乗用車、バス、バイク","17","交通事故（道路）"
"1161","2010","平成","22","12","17~18","コンクリートガラの再生砕石設備において、コンベアで運ばれるコンクリートガラに混ざったゴミを取り除く作業を4人で行っていた。設備が停止したため確認したところ、上記4人の内の1人である被災者がコンベア最下部のローラーに巻き込まれ右腕が切断された状況であった。すぐに病院に搬送したが死亡したもの。","1","製造業","109","窯業土石製品製造業","10909","その他の土石製品製造業","1~9","2","物上げ装置、運搬機械","22","動力運搬機","224","コンベア","7","はさまれ、巻き込まれ"
"1162","2010","平成","22","12","13~14","被災者と同僚の2名で、午前中よりアーク溶接機(発電機と一体型)を用いて豚舎2階部分の柵を補修する作業を行っていた。午後の作業を開始するため被災者が発電機のスイッチを入れたところ、溶接機の下部から出火。それに気づいた同僚が消火器を取るため一旦外に出たが、戻ってきた時には煙が充満し中に入ることができなかった。その後、全焼した豚舎の2階から被災者の遺体が発見された。","7","畜産・水産業","701","畜産業","70101","畜産業","30~49","3","その他の装置等","33","溶接装置","332","アーク溶接装置","16","火災"
"1163","2010","平成","22","12","13~14","被災者は、フォークリフトでコンテナの上で畳を積む作業を行っていたところ、コンテナから1.12m下の地上へ後ろ向きに墜落し、入院治療を続けていたが、約2週間後に死亡した。","17","その他の事業","1702","その他の事業","170209","その他の事業－その他","30~49","3","その他の装置等","39","その他の装置、設備","391","その他の装置、設備","1","墜落、転落"
"1164","2010","平成","22","12","1~2","災害発生当日、酸洗い作業場に設置されたテルハに走行オーバータイムのエラーが発生したため、酸洗い作業場4階で集電子を交換し自動運転を再開した。その直後、テルハのレールの間の開口部(1.4m)を渡ろうとした際に、誤って約5m下のボンデ槽(内容物:リン酸亜鉛溶液、85°C)に墜落した。","1","製造業","110","鉄鋼業","11009","その他の鉄鋼業","50~99","4","仮設物、建築物、構築物等","41","仮設物、建築物、構築物等","414","開口部","1","墜落、転落"
"1165","2010","平成","22","12","7~8","漁協の超低温冷蔵庫の出庫口前でトンボ鮪を保冷車に積み込むため可搬式コンベアを移動させる作業中、前部キャスターを30センチメートル程度移動させたところ、後部キャスター(折りたたみ可能、ストッパーなし)が浮き上がり、後部キャスターがコンベア本体に折りたたまれる形となった。その際、後部キャスターを押していた被災者がキャスターとコンベアの間に挟まれ死亡した。","8","商業","804","その他の商業","80401","倉庫業","10~29","2","物上げ装置、運搬機械","22","動力運搬機","224","コンベア","7","はさまれ、巻き込まれ"
"1166","2010","平成","22","12","9~10","林道開設工事において、伐木作業を行っていた被災者は、同僚がチェンソーを用いて倒した伐倒木(カラマツ、高さ22.4m、胸高直径24センチメートル)の下敷きになり、死亡したもの。伐倒前の確認・合図が不十分であった。","3","建設業","301","土木工事業","30106","道路建設工事業","10~29","7","環境等","71","環境等","712","立木等","6","激突され"
"1167","2010","平成","22","12","13~14","7階建てのビルにおいて、被災者がブランコを使用して外壁・窓清掃作業を行っていたところ、ブランコを支えていたメインロープの屋上部分の結び目が被災者の体重等に耐えられる結び方でなかったため外れ、被災者は7階壁面位置からメインロープ・ブランコごと地上に墜落し、被災したもの。なお、垂直親綱(ライフライン)は外れておらず、また、被災者の腰ベルトにはロリップがついていた。","15","清掃・と畜業","1501","清掃・と畜業","150101","ビルメンテナンス業","50~99","3","その他の装置等","37","用具","379","その他の用具","1","墜落、転落"
"1168","2010","平成","22","12","15~16","被災者は不整地運搬車を使用し、1人で梨園に堆肥を撒く作業を行っていたところ、運転席で梨の木の枝(背中側)と操縦装置(胸側)の間に挟まれた状態で発見された。なお不整地運搬車はエンストしており、ギアは後進に入っていた。死亡原因は圧死ではなく心臓疾患であるが、枝に衝突する前か否かは不明。","6","農林業","601","農業","60101","農業","1~9","2","物上げ装置、運搬機械","22","動力運搬機","227","不整地運搬車","3","激突"
"1169","2010","平成","22","12","4~5","高速道路の登坂車線において、故障した被災者のトラックと救援にきた同僚のトラックの間に被災者が立っていたところ、走行してきた別会社のトラックが、走行車線から登坂車線に車線変更してきたため救援のトラックに追突し、被災者が故障したトラックとの間に挟まれ死亡した。追突した運転手も負傷した。","8","商業","801","卸売業","80109","その他の卸売業","100~299","2","物上げ装置、運搬機械","22","動力運搬機","221","トラック","17","交通事故（道路）"
"1170","2010","平成","22","12","10~11","トラックで製材5tを運送するために国道を走行中、ハンドル操作を誤り横転し、ガードレールや電信柱に激突したもの。","4","運輸交通業","403","道路貨物運送業","40301","一般貨物自動車運送業","10~29","2","物上げ装置、運搬機械","22","動力運搬機","221","トラック","17","交通事故（道路）"
"1171","2010","平成","22","12","16~17","被災者は、屋根上で作業をしていたが、昇降用移動梯子付近の地面に倒れているところを同僚に発見された。目撃者がおらず、屋根から墜落したと推定される。","3","建設業","302","建築工事業","30202","木造家屋建築工事業","1~9","3","その他の装置等","37","用具","371","はしご等","1","墜落、転落"
"1172","2010","平成","22","12","14~15","エレベーターの定期検査作業現場(2名で実施)において、地震感知器の作動状況(地震発生時に最寄りの階に止まること等)を確認するため、被災者が1階乗り場の搬器の下にある機械室で地震感知器に手で振動を与え、もう1名が2階の乗り場から搬器に乗り3階へ上昇する操作をしたところ、被災者はカウンターウエイトが2階から1階へと下降していることに気付かず、カウンターウエイトに頭部を激突された。","17","その他の事業","1702","その他の事業","170209","その他の事業－その他","10~29","2","物上げ装置、運搬機械","21","動力クレーン等","214","エレベータ、リフト","6","激突され"
"1173","2010","平成","22","12","14~15","生コンをコンクリートミキサー車で配達のため、高速道を走行中、速度超過により右側側壁にコンクリートミキサー車が接触・横転し、運転手が胸部圧迫により死亡したもの。","8","商業","802","小売業","80209","その他の小売業","1~9","2","物上げ装置、運搬機械","22","動力運搬機","221","トラック","17","交通事故（道路）"
"1174","2010","平成","22","12","4~5","被災者1名で道路灯水銀球の球切れの取り替えを高所作業車を用い、道路上に配置(片側2車線の走行1車線側)、作業台を走行2車線側の上空3.7m付近に旋回して作業を行っていた時、走行2車線側を走行してきた10tトラックの荷台前方に作業台が激突され、作業台から振り飛ばされ、道路上に墜落死亡したもの。安全帯と保護帽を使用していなかった。","17","その他の事業","1702","その他の事業","170209","その他の事業－その他","1~9","1","動力機械","14","建設機械等","146","高所作業車","17","交通事故（道路）"
"1175","2010","平成","22","12","5~6","国道において、被災者が運転するトラックが走行していたところ、ガソリンスタンドから前方をよく見ずに出てきたラフタークレーンのアーム部がトラックのコンテナ左上部に衝突し、そのはずみで道路標識の鉄柱にトラックが激突したもの。被災者は病院に搬送されたが、死亡が確認された。","4","運輸交通業","403","道路貨物運送業","40301","一般貨物自動車運送業","100~299","2","物上げ装置、運搬機械","21","動力クレーン等","212","移動式クレーン","17","交通事故（道路）"
"1176","2010","平成","22","12","11~12","中央制御室天井照明カバーの清掃及び蛍光灯取替作業中、狭い作業台(高さ1.8m、天場に3方向手摺り付き)の天場上で照明カバーを取り付けようと不安定な姿勢になった際、バランスを崩しステップ側から後ろ向きに転落し、後頭部を打った。医療機関に搬送され入院治療していたが、約2週間後に死亡したもの。","1","製造業","116","電気・ガス・水道業","11601","電気業","10~29","3","その他の装置等","37","用具","371","はしご等","1","墜落、転落"
"1177","2010","平成","22","12","15~16","寿司海苔の入った段ボール箱を海苔検査場からコンベアで10tトラックへ搬入する作業中、搬入作業補助をしていた被災者は、携帯電話で社長の指示を受けて、伝票を確認するため当該トラックの運転席に向かった。数分後、海苔検査場で勤務するパート労働者が、トラック運転席付近で倒れている被災者を発見した。すぐ病院に搬送され一時意識は回復したものの4日後に死亡した。トラックの運転席に乗り込もうとした際に、突風で煽られたドアに激突されて転倒し、頭部を強打したとみられる。","4","運輸交通業","403","道路貨物運送業","40301","一般貨物自動車運送業","10~29","2","物上げ装置、運搬機械","22","動力運搬機","221","トラック","6","激突され"
"1178","2010","平成","22","12","5~6","被災者はタクシー乗務中、公園横の路上に仰向けの状態で倒れているのを他社のタクシー運転者が発見、救急車で病院に搬送したが3日後に死亡したもの。被災者が倒れていた場所は、タクシー前部の歩道と道路の境界付近で、道路側に向かってやや傾斜し、滑りやすい状況であった。公園のトイレを利用するため、タクシーから降車又は乗車時に凍結した路面に足を取られ転倒したとみられる。","4","運輸交通業","402","道路旅客運送業","40201","ハイヤー・タクシー業","100~299","7","環境等","71","環境等","719","その他の環境等","2","転倒"
"1179","2010","平成","22","12","8~9","個人の庭木剪定作業を行うため、敷地外の公道上に剪定用脚立を設置し、高さ約3mの位置にある踏み面で作業を行っていたところ、一般の通行人が自転車で脚立に激突し、衝撃で脚立が倒れ、墜落したもの。被災者は保護帽を着用していたが、頭部を強打し、7日後に死亡した。","6","農林業","601","農業","60101","農業","1~9","3","その他の装置等","37","用具","371","はしご等","1","墜落、転落"
"1180","2010","平成","22","12","7~8","清掃箇所へ向かう途中の階段で転落し、踊場にて仰向けに倒れている被災者が発見されたもの。","15","清掃・と畜業","1501","清掃・と畜業","150101","ビルメンテナンス業","1~9","4","仮設物、建築物、構築物等","41","仮設物、建築物、構築物等","413","階段、桟橋","1","墜落、転落"
"1181","2010","平成","22","12","10~11","住宅の下水道2次側配管工事において、工事で使用する生コンを被災者が取りに行く途中、工事現場から約40m離れたJRの踏切(警報器、遮断機付き)で、被災者の運転するトラックが積雪により踏切内でスリップし立ち往生した。このため、工事現場から同僚を呼び、トラックの後押しをしてもらい脱出しようとしていたところ、列車がトラックに衝突したもの。","3","建設業","302","建築工事業","30203","建築設備工事業","1~9","2","物上げ装置、運搬機械","22","動力運搬機","221","トラック","18","交通事故（その他）"
"1182","2010","平成","22","12","11~12","被災者は、上司2名と関係数社に年末の挨拶にまわっている途中、道路沿いの歩道を歩いていたところ転倒した。転倒の際に顔面と頭部を強打し、病院へ搬送されたが、頭部の負傷により約1週間後に死亡した。","1","製造業","112","金属製品製造業","11209","その他の金属製品製造業","100~299","4","仮設物、建築物、構築物等","41","仮設物、建築物、構築物等","417","通路","2","転倒"
"1183","2010","平成","22","12","8~9","事業場所有の2tトラックで現場から事業場へ戻るため国道を走行中(片側2車線の第2走行車線)、ブレーキをかけたところ何らかの原因でスリップし第1走行車線走行中の乗用車に接触。その後、街路樹、店舗のフェンスに激突した。","3","建設業","302","建築工事業","30209","その他の建築工事業","1~9","2","物上げ装置、運搬機械","22","動力運搬機","221","トラック","17","交通事故（道路）"
"1184","2010","平成","22","12","14~15","1000tプレス(鍛造プレス)の上部を清掃するためフォークリフトのアタッチメント(鍛造品をはさむクランプ)の上に乗りアタッチメントを上昇中、フォークリフトの運転手がアクセルを踏み込んだ際、フォークリフトが前進し、テルハのレール(Iビーム)とフォークリフトのバックレストとの間に腰部分がはさまれた。","1","製造業","112","金属製品製造業","11209","その他の金属製品製造業","30~49","2","物上げ装置、運搬機械","22","動力運搬機","222","フォークリフト","7","はさまれ、巻き込まれ"
"1185","2010","平成","22","12","15~16","民家の石垣築造工事において、敷地出入り口の通路で、被災者は路面の泥を片付けていたところ、敷地内から前面道路に向かって進行してきたドラグ・ショベルと、通路脇石垣の間にはさまれた。ドラグ・ショベルは旋回体が走行体の進行方向に対し僅かに左回転しており、旋回体の右後部はクローラー部全幅より突出していた。","3","建設業","301","土木工事業","30199","その他の土木工事業","1~9","1","動力機械","14","建設機械等","142","掘削用機械","7","はさまれ、巻き込まれ"
"1186","2010","平成","22","12","16~17","体育館の壁下地材の組立取り付け作業を行っていた被災者が、内部足場の解体・搬出に伴い仮設置され、緊結されていなかった高さ約5mの作業構台の端から、体育館のコンクリート面に墜落したもの。","3","建設業","303","その他の建設業","30309","その他の建設業－その他","10~29","4","仮設物、建築物、構築物等","41","仮設物、建築物、構築物等","416","作業床、歩み板","1","墜落、転落"
"1187","2010","平成","22","12","9~10","かしの木(高さ20m超)の上部をワイヤで引っ張り、幹にチェンソーを入れていたところ、地面から約6mの部分まで裂け、チェンソーで伐採作業をしていた労働者の胸部にあたり、死亡したもの。死亡労働者の側で作業指示をしていた労働者にもあたり重傷。","3","建設業","301","土木工事業","30199","その他の土木工事業","1~9","7","環境等","71","環境等","712","立木等","6","激突され"
"1188","2010","平成","22","12","10~11","工場において、被災者は穀粉を入れるための容器である番重とボールを台車に載せ、簡易リフト(床1.0m×0.9m、高さ1.6m、積載荷重500キログラム)の搬器に入れ、2階から1階へ下ろそうとしたところ、台車が2階床に引っかかって搬器が停止した。被災者は、戸を開けるための安全装置を解除し戸を開け、引っかかっていた台車を揺すっていたところ、突然、搬器が落下し、搬器上部と2階床の間に頭部をはさまれたもの。","1","製造業","101","食料品製造業","10103","農業保存食料品製造業","10~29","2","物上げ装置、運搬機械","21","動力クレーン等","214","エレベータ、リフト","7","はさまれ、巻き込まれ"
"1189","2010","平成","22","12","10~11","卸売市場内の立体荷捌場建設工事現場において、緊結されたパネル(1t、35枚)をラフタークレーン(つり上げ荷重25t)で荷上げ中、地上から約11mの地点で、玉掛け用ワイヤーロープのフックに掛けられたナイロン製スリングのアイ部分が突然フックから外れたため荷崩れを起こし、トラックの荷台上で玉掛け作業のため手待ちしていた被災者の頭部に落下し、頭部骨折により翌日の未明に死亡したもの。","3","建設業","302","建築工事業","30201","鉄骨・鉄筋コンクリート造家屋建築工事業","1~9","6","荷","61","荷","611","荷姿の物","4","飛来、落下"
"1190","2010","平成","22","12","11~12","ロータリー除雪車のオーガ部分(雪を掻くための回転体)にタイヤチェーンが絡まり、これを除去する作業中、タイヤチェーンを除去し易いように被災者が除雪車オペレーターにオーガを少し回転させるよう指示し、運転者がオーガを少し回転させたところ、オーガに巻き込まれた。","3","建設業","301","土木工事業","30199","その他の土木工事業","30~49","1","動力機械","14","建設機械等","149","その他の建設機械等","7","はさまれ、巻き込まれ"
"1191","2010","平成","22","12","13~14","スキー場のコースのスタート地点付近において、労働者6名が、コースの一部を塞いだ雪崩の撤去の作業を行っていたところ、最初に発生した雪崩とは別の方向から雪崩が発生し、労働者4名が巻き込まれ死亡したもの。","14","接客娯楽業","1403","その他の接客娯楽業","140309","その他の接客娯楽業－その他","30~49","7","環境等","71","環境等","719","その他の環境等","5","崩壊、倒壊"
"1192","2010","平成","22","12","13~14","スキー場のコースのスタート地点付近において、労働者6名が、コースの一部を塞いだ雪崩の撤去の作業を行っていたところ、最初に発生した雪崩とは別の方向から雪崩が発生し、労働者4名が巻き込まれ死亡したもの。","14","接客娯楽業","1403","その他の接客娯楽業","140309","その他の接客娯楽業－その他","30~49","7","環境等","71","環境等","719","その他の環境等","5","崩壊、倒壊"
"1193","2010","平成","22","12","13~14","スキー場のコースのスタート地点付近において、労働者6名が、コースの一部を塞いだ雪崩の撤去の作業を行っていたところ、最初に発生した雪崩とは別の方向から雪崩が発生し、労働者4名が巻き込まれ死亡したもの。","14","接客娯楽業","1403","その他の接客娯楽業","140309","その他の接客娯楽業－その他","30~49","7","環境等","71","環境等","719","その他の環境等","5","崩壊、倒壊"
"1194","2010","平成","22","12","13~14","スキー場のコースのスタート地点付近において、労働者6名が、コースの一部を塞いだ雪崩の撤去の作業を行っていたところ、最初に発生した雪崩とは別の方向から雪崩が発生し、労働者4名が巻き込まれ死亡したもの。","14","接客娯楽業","1403","その他の接客娯楽業","140309","その他の接客娯楽業－その他","30~49","7","環境等","71","環境等","719","その他の環境等","5","崩壊、倒壊"
"1195","2010","平成","22","12","8~9","工場建屋の屋根補修工事現場において、被災者は屋根上に足場板が設置されていたにもかかわらず、スレート板の部分に乗って棟の部分に留めてあったビスを手で抜こうとした際に、スレート板が割れ、約5m下の工場建屋内の床に墜落した。墜落直後及び病院への搬送後も被災者の意識はあったが、災害発生日から3日後に容体が急変し死亡した。","3","建設業","302","建築工事業","30209","その他の建築工事業","1~9","4","仮設物、建築物、構築物等","41","仮設物、建築物、構築物等","415","屋根、はり、もや、けた、合掌","1","墜落、転落"
