"ID","西暦","年号","年","月","発生時間","災害状況","業種（大分類）コード","業種（大分類）分類名","業種（中分類）コード","業種（中分類）分類名","業種（小分類）コード","業種（小分類）分類名","事業場規模","起因物（大分類）コード","起因物（大分類）分類名","起因物（中分類）コード","起因物（中分類）分類名","起因物（小分類）コード","起因物（小分類）分類名","事故の型コード","事故の型分類名"
"1","2005","平成","17","7","13~14","社有車で国道を走行中、直線道路のセンターラインをはみ出し、対向車のトレーラートラックと正面衝突した。","8","商業","802","小売業","80202","自動車小売業","30~49","2","物上げ装置、運搬機械","23","乗物","231","乗用車、バス、バイク","17","交通事故（道路）"
"2","2005","平成","17","9","14~15","バーカーで発生した木皮をバーカー下のコンベヤーを載せ搬送させるため、バーカー出口ベルトコンベヤーとチッパー機送材ベルトコンベヤーの隙間に投入していたところ、稼動していたバーカー出口ベルトコンベヤーと停止していたチッパー機送材ベルトコンベヤーの隙間に巻き込まれた。","1","製造業","104","木材・木製品製造業","10401","製材業","10~29","2","物上げ装置、運搬機械","22","動力運搬機","224","コンベア","7","はさまれ、巻き込まれ"
"3","2005","平成","17","10","15~16","工場構内において、地面に飛散したバラ古紙をフォークリフト及び人力で清掃作業中、バックしたフォークリフトが作業していた被災者に激突した。","1","製造業","106","パルプ・紙・紙加工品製造業","10601","パルプ・紙製造業","10~29","2","物上げ装置、運搬機械","22","動力運搬機","222","フォークリフト","6","激突され"
"4","2005","平成","17","11","14~15","車で信号機のある交差点を走行していたところ、信号を無視したトラックが交差点内に進入し衝突した。","13","保健・衛生業","1302","社会福祉施設","130201","社会福祉施設","1~9","2","物上げ装置、運搬機械","22","動力運搬機","221","トラック","17","交通事故（道路）"
"5","2005","平成","17","12","11~12","国道跨線橋下の耐震補強工事現場において、鉄道車両の見張りを行っていた被災者が鉄道車両にはねられた。","17","その他の事業","1702","その他の事業","170201","警備業","100~299","2","物上げ装置、運搬機械","23","乗物","232","鉄道車両","6","激突され"
"6","2005","平成","17","11","6~7","車で走行中、交差点を右折したところ、対向車線を走行してきた車と衝突した。","5","貨物取扱業","502","港湾運送業","50202","港湾荷役業","50~99","2","物上げ装置、運搬機械","23","乗物","231","乗用車、バス、バイク","17","交通事故（道路）"
"7","2005","平成","17","1","5~6","被災者が詰所内で強盗に遭遇し、殺された。","4","運輸交通業","403","道路貨物運送業","40302","特定貨物自動車運送業","1~9","9","その他","91","その他の起因物","911","その他の起因物","90","その他"
"8","2005","平成","17","1","6~7","タクシー運転業務中、交差点を右折しようとしたところ、対向車線を直進してくるダンプトラックに衝突しそうになったため、回避しようとしてハンドルをきったが、路面が凍結しておりタクシーがスピンしてダンプトラックの前方部分に衝突した。","4","運輸交通業","402","道路旅客運送業","40201","ハイヤー・タクシー業","300~499","2","物上げ装置、運搬機械","23","乗物","231","乗用車、バス、バイク","17","交通事故（道路）"
"9","2005","平成","17","1","1~2","垂直スラットコンベヤーに荷が挟まり停止状態となっていたため、被災者は当該コンベヤーを逆転させ挟まっていた荷を除去し、その後、コンベヤー内部に上半身を入れたところ、突然コンベヤーが動き出し、コンベヤー内柵とパレットとの間に挟まれた。","1","製造業","101","食料品製造業","10104","パン、菓子製造業","300~499","2","物上げ装置、運搬機械","22","動力運搬機","224","コンベア","7","はさまれ、巻き込まれ"
"10","2005","平成","17","4","13~14","レール(重さ300キログラム)を天井クレーンによりつり上げ、床上1mまで巻き下げたところ、クランプよりレールが外れ、運転操作していた被災者に落下した。","1","製造業","112","金属製品製造業","11209","その他の金属製品製造業","30~49","3","その他の装置等","37","用具","372","玉掛用具","4","飛来、落下"
"11","2005","平成","17","5","10~11","国道の交通規制をしていた区域内において、被災者は運転してきた4トンダンプトラックの後方に何らかの理由で立ち入り、この時、同ダンプトラックに積込みを行うために前進してきたホイール式ドラグ・ショベルの左前輪でひかれた。","3","建設業","301","土木工事業","30106","道路建設工事業","10~29","1","動力機械","14","建設機械等","142","掘削用機械","7","はさまれ、巻き込まれ"
"12","2005","平成","17","4","11~12","駅構内の線路点検作業中、列車見張員をしていた被災者が、作業終了後に詰所へ戻るため駅構内の線路を横断中、接近してきた回送列車に接触された。","4","運輸交通業","401","鉄道・軌道・水運・航空業","40101","鉄道・軌道業","30~49","2","物上げ装置、運搬機械","23","乗物","232","鉄道車両","6","激突され"
"13","2005","平成","17","8","8~9","被災者は、魚の捕獲用定置網を設置するため乗船して1人で作業中、海に転落した。","7","畜産・水産業","702","水産業","70201","漁業","1~9","2","物上げ装置、運搬機械","23","乗物","239","その他の乗物","10","おぼれ"
"14","2005","平成","17","9","12~13","トラックで国道を走行中に、赤信号で停車していた前方のトラックに追突した。","4","運輸交通業","403","道路貨物運送業","40301","一般貨物自動車運送業","30~49","2","物上げ装置、運搬機械","22","動力運搬機","221","トラック","17","交通事故（道路）"
"15","2005","平成","17","8","16~17","被災者は、自社構内の新築途中の倉庫の2階に仮置きしていた袋詰め原料を使用することとなったため、倉庫外側に設置してあった足場に上がり、倉庫内から原料を足場上に取出し作業中、袋と一緒に地面に墜落した。","3","建設業","302","建築工事業","30201","鉄骨・鉄筋コンクリート造家屋建築工事業","10~29","4","仮設物、建築物、構築物等","41","仮設物、建築物、構築物等","411","足場","1","墜落、転落"
"16","2005","平成","17","11","17~18","地質調査のため山に入り、沢沿いの斜面を下山中、滝の付近から滑落した。","17","その他の事業","1702","その他の事業","170209","その他の事業－その他","1~9","7","環境等","71","環境等","711","地山、岩石","1","墜落、転落"
"17","2005","平成","17","11","3~4","被災者が自転車で朝刊を配達するため信号機のないT字路を横断中、左から来た乗用車にはねられた。","8","商業","802","小売業","80205","新聞販売業","30~49","2","物上げ装置、運搬機械","23","乗物","231","乗用車、バス、バイク","17","交通事故（道路）"
"18","2005","平成","17","1","9~10","冷凍車で国道を走行中、対向車線にはみ出し、対向車の大型トレーラートラックと接触し、さらに後続の乗用車に衝突した。","4","運輸交通業","403","道路貨物運送業","40301","一般貨物自動車運送業","30~49","2","物上げ装置、運搬機械","22","動力運搬機","221","トラック","17","交通事故（道路）"
"19","2005","平成","17","3","18~19","牧場の試験用鶏舎内の清掃作業において、被災者1人でガソリンエンジン式高圧水洗浄機を使用し鶏舎内を洗浄中、排気ガスが室内に充満し、その排気ガスを大量に吸い込んで一酸化炭素中毒により倒れているところを発見された。","12","教育・研究業","1201","教育・研究業","120109","その他の教育研究業","10~29","5","物質、材料","51","危険物、有害物等","514","有害物","12","有害物等との接触"
"20","2005","平成","17","8","2~3","大型トラックで高速自動車道を走行中、渋滞停車中の最後尾の別の大型トラックに追突し、運転席に挟まれた。","4","運輸交通業","403","道路貨物運送業","40301","一般貨物自動車運送業","30~49","2","物上げ装置、運搬機械","22","動力運搬機","221","トラック","17","交通事故（道路）"
"21","2005","平成","17","9","13~14","軽自動車で国道を走行中、上り坂の左急カーブで対向車線にはみ出し、対向のダンプトラックに正面衝突した。","1","製造業","101","食料品製造業","10102","水産食料品製造業","1~9","2","物上げ装置、運搬機械","23","乗物","231","乗用車、バス、バイク","17","交通事故（道路）"
"22","2005","平成","17","11","15~16","線路のバラスト交換工事のため、ドラグ・ショベルで線路の上を自走して、鉄橋の上を移動する作業を行っていたところ、走行してきた普通列車(2両編成)に追突された。","3","建設業","301","土木工事業","30104","鉄道軌道建設工事業","30~49","2","物上げ装置、運搬機械","23","乗物","232","鉄道車両","18","交通事故（その他）"
"23","2005","平成","17","4","15~16","被災者は、チェーンソーを用いてカラ松等の立木の伐倒作業を行っていた。カラ松を伐倒したところ、別の木にかかり木となった。このかかり木を伐倒していたところ、カラ松の自重によりかかり木が裂けて上部が折れ、被災者を直撃した。","6","農林業","602","林業","60201","木材伐出業","1~9","7","環境等","71","環境等","712","立木等","6","激突され"
"24","2005","平成","17","6","10~11","沈没した貨物船の撤去作業のため、海中に潜ってアーク溶断により船体を切り離し、海上のクレーンで引き上げる作業中、ガス爆発が発生した。","3","建設業","301","土木工事業","30199","その他の土木工事業","1~9","5","物質、材料","51","危険物、有害物等","513","可燃性のガス","14","爆発"
"25","2005","平成","17","7","17~18","2階資材倉庫から翌日に使用するダンボール等の資材を荷物用エレベーターを使って1階の加工場へ下ろす作業中、2階のエレベーター出入口において2階床とエレベーターの上部フレームとの間に挟まれた。","1","製造業","101","食料品製造業","10109","その他の食料品製造業","30~49","2","物上げ装置、運搬機械","21","動力クレーン等","214","エレベータ、リフト","7","はさまれ、巻き込まれ"
"26","2005","平成","17","3","14~15","工場内で、爆破処理作業中、手榴弾1個が爆発した。","1","製造業","108","化学工業","10899","その他の化学工業","50~99","5","物質、材料","51","危険物、有害物等","511","爆発性の物等","14","爆発"
"27","2005","平成","17","10","17~18","作業を終えドラグ・ショベルを運転し、規制帯の中を通って現場事務所のある土場に戻る途中、道路に電光掲示板が設置されているため、一度対向車線にはみ出し規制帯側に戻った。その際、ドラグ・ショベルの後方に一般車両が走行してきていることに気づき、一般車両を通過させるため3m後退した。この時、ドラグ・ショベルの後方で一般車両の誘導を行っていた被災者がドラグ・ショベルにひかれた。","17","その他の事業","1702","その他の事業","170201","警備業","10~29","1","動力機械","14","建設機械等","142","掘削用機械","7","はさまれ、巻き込まれ"
"28","2005","平成","17","11","15~16","センター屋上の機械設備を保護するためのアルミルーバー設置作業中、被災者はバランスを崩し、アルミルーバー取付け箇所に設置していた作業床から後方にあったバルコニー及び室外機置き場の開口部へ5m墜落した。","3","建設業","302","建築工事業","30209","その他の建築工事業","10~29","4","仮設物、建築物、構築物等","41","仮設物、建築物、構築物等","414","開口部","1","墜落、転落"
"29","2005","平成","17","11","17~18","管水路工において、法面に沈下防止用土木安定シートを敷設する作業中、左岸に積み上げていた掘削土と側壁が崩壊し、当該作業を行っていた被災者らが土砂に巻き込まれた。","3","建設業","301","土木工事業","30109","土地整理土木工事業","30~49","7","環境等","71","環境等","711","地山、岩石","5","崩壊、倒壊"
"30","2005","平成","17","11","17~18","管水路工において、法面に沈下防止用土木安定シートを敷設する作業中、左岸に積み上げていた掘削土と側壁が崩壊し、当該作業を行っていた被災者らが土砂に巻き込まれた。","3","建設業","301","土木工事業","30109","土地整理土木工事業","30~49","7","環境等","71","環境等","711","地山、岩石","5","崩壊、倒壊"
"31","2005","平成","17","11","17~18","管水路工において、法面に沈下防止用土木安定シートを敷設する作業中、左岸に積み上げていた掘削土と側壁が崩壊し、当該作業を行っていた被災者らが土砂に巻き込まれた。","3","建設業","301","土木工事業","30109","土地整理土木工事業","30~49","7","環境等","71","環境等","711","地山、岩石","5","崩壊、倒壊"
"32","2005","平成","17","3","20~21","ずい道掘削工事における上半部の切羽面の下方部において、油圧削岩機が発破孔の穿孔作業を行う付近で、切羽面の下に溜まった岩石を、鍬を用いて搬出する作業中、切羽面の天井最頂部付近(高さ5m)から1次吹付けを終えたコンクリート片(60キログラム)及び岩塊(30キログラム)が剥離して落下し、被災者に激突した。","3","建設業","301","土木工事業","30102","トンネル建設工事業","100~299","7","環境等","71","環境等","711","地山、岩石","4","飛来、落下"
"33","2005","平成","17","3","14~15","クリーニング工場内で自動洗濯工程の一部である脱水機の異常を知らせるブザーが鳴ったため、被災者は洗濯物を取りだそうと垂直搬送機の中に入ったところ、突然動き出した垂直搬送機とフェンスとの間に挟まれた。","1","製造業","117","その他の製造業","11703","クリーニング業","50~99","2","物上げ装置、運搬機械","22","動力運搬機","229","その他の動力運搬機","7","はさまれ、巻き込まれ"
"34","2005","平成","17","4","5~6","トレーラートラックを運転中、対向してきた他のトレーラートラックと正面衝突した。","4","運輸交通業","403","道路貨物運送業","40301","一般貨物自動車運送業","30~49","2","物上げ装置、運搬機械","22","動力運搬機","221","トラック","17","交通事故（道路）"
"35","2005","平成","17","4","15~16","営業車を運転して取引先に向かう途中、運転を誤って対向車線にはみ出し、対向のトラックと正面衝突した。","8","商業","801","卸売業","80109","その他の卸売業","10~29","2","物上げ装置、運搬機械","23","乗物","231","乗用車、バス、バイク","17","交通事故（道路）"
"36","2005","平成","17","7","17~18","製品の乳酸飲料が入っていた熟成タンク(6000l)の清掃作業中、タンク内で倒れた。","1","製造業","101","食料品製造業","10106","飲料（酒類を除く）製造業","10~29","4","仮設物、建築物、構築物等","41","仮設物、建築物、構築物等","419","その他の仮設物、建築物、構築物等","12","有害物等との接触"
"37","2005","平成","17","8","13~14","野菜出荷施設の敷地内から、原動機付き自転車(バイク)を運転して外に出たところ、マイクロバスの前面部に衝突した。","17","その他の事業","1702","その他の事業","170209","その他の事業－その他","500~999","2","物上げ装置、運搬機械","23","乗物","231","乗用車、バス、バイク","18","交通事故（その他）"
"38","2005","平成","17","9","14~15","丸管コンクリートの製造工程において、生コン流込み作業を終えた丸管コンクリート用型枠(高さ1.2m、重さ300キログラム)の上に立ち、バイブレーターを使用し締固め(エアー抜き)作業をしていたところ地面に落ち、さらに同型枠が倒れて被災者が下敷きとなった。","1","製造業","109","窯業土石製品製造業","10901","セメント・同製品製造業","10~29","1","動力機械","16","一般動力機械","169","その他の一般動力機械","5","崩壊、倒壊"
"39","2005","平成","17","10","15~16","砕石プラント跡地の整地作業において、ドラグ・ショベルを運転走行中、池の部分の軟弱地盤箇所で同ショベルが横転して水没し、被災者が溺れた。","3","建設業","301","土木工事業","30199","その他の土木工事業","10~29","1","動力機械","14","建設機械等","141","整地・運搬・積込み用機械","2","転倒"
"40","2005","平成","17","10","17~18","トラックで町道を走行中、路外に逸脱した。","3","建設業","303","その他の建設業","30309","その他の建設業－その他","10~29","2","物上げ装置、運搬機械","22","動力運搬機","221","トラック","17","交通事故（道路）"
"41","2005","平成","17","11","15~16","片側道路規制を行っている工事現場において、工事用ダンプトラックと一般車両の誘導を行っていた被災者が別の作業者が誘導するドラグ・ショベルにひかれた。","17","その他の事業","1702","その他の事業","170201","警備業","100~299","1","動力機械","14","建設機械等","141","整地・運搬・積込み用機械","7","はさまれ、巻き込まれ"
"42","2005","平成","17","12","10~11","国道の雪崩予防柵設置工事において、測量準備として雪崩予防柵の設置位置を確定させるため、法面に縦糸をたらす作業中、被災者は法面中腹(勾配60度、高さ20m)で雑草にひっかかった縦糸をほどこうと法面を横移動していたところ、足を滑らせて転落し、下にあったコンプレッサーに激突した。","3","建設業","301","土木工事業","30199","その他の土木工事業","30~49","7","環境等","71","環境等","711","地山、岩石","1","墜落、転落"
"43","2005","平成","17","12","7~8","社有車で国道を走行中、路面の凍結によりスリップして対向車線へはみ出し、対向車と衝突した。","3","建設業","301","土木工事業","30199","その他の土木工事業","10~29","2","物上げ装置、運搬機械","23","乗物","231","乗用車、バス、バイク","17","交通事故（道路）"
"44","2005","平成","17","4","5~6","トレーラトラック(空車)で国道を走行中、対向車両と正面衝突した。","4","運輸交通業","403","道路貨物運送業","40301","一般貨物自動車運送業","10~29","2","物上げ装置、運搬機械","22","動力運搬機","221","トラック","17","交通事故（道路）"
"45","2005","平成","17","8","11~12","林道維持工事において、林道の草刈作業中、草刈機を装着した農業用トラクターが横転し、トラクターの下敷きとなった。","15","清掃・と畜業","1501","清掃・と畜業","150101","ビルメンテナンス業","1~9","1","動力機械","16","一般動力機械","169","その他の一般動力機械","2","転倒"
"46","2005","平成","17","9","16~17","牛舎で、牛糞を運び出すチェーンコンベヤーのチェーンの緩みをとるため、チェーンにベルトスリングを掛けて引っ張りながら同コンベヤーを作動させて、チェーンの緩みを1カ所に集める作業を単独で行っていたが、ベルトスリングのもう一方の端が逆方向に動いているチェーンに引っかかり、両端をチェーンで引っ張られたベルトスリングに巻き込まれた。","7","畜産・水産業","701","畜産業","70101","畜産業","1~9","2","物上げ装置、運搬機械","22","動力運搬機","224","コンベア","7","はさまれ、巻き込まれ"
"47","2005","平成","17","12","11~12","木造建物の解体工事において、鉄骨フレーム造の物置にベルトスリングで玉掛けを行っていたところ、物置が不安定な状態であったため、転倒して下敷きとなった。","3","建設業","302","建築工事業","30202","木造家屋建築工事業","10~29","4","仮設物、建築物、構築物等","41","仮設物、建築物、構築物等","418","建築物、構築物","5","崩壊、倒壊"
"48","2005","平成","17","11","13~14","工場移転に伴う電気設備撤去工事において、旧工場への電気の供給を遮断するためキュービクル式高圧受電設備内の低圧側配線用遮断器に付いている接続用端子を取り外す作業を被災者が単独で行っていたが、突然「ドーン」という音がしたため被災者の様子を見たところ、キュービクル内背部の狭い場所で支柱に挟まった状態で衣服が燃えていた。","3","建設業","303","その他の建設業","30301","電気通信工事業","1~9","3","その他の装置等","35","電気設備","352","電力設備","13","感電"
"49","2005","平成","17","10","11~12","漁船に乗船して操業中、魚が入った網を手繰り寄せていたときに、網の重さで船が傾いたため、網を切り、船を前進させ反動で体制を立て直そうとしたところ、切った網がスクリューに巻き付き、そのまま転覆した。","7","畜産・水産業","702","水産業","70201","漁業","1~9","2","物上げ装置、運搬機械","23","乗物","239","その他の乗物","18","交通事故（その他）"
"50","2005","平成","17","5","14~15","二軸せん断破砕機の運転を止め、ホッパー内で作業を行っていたところ、同僚が同機制御盤のスイッチを押したためホッパーが稼動した。そのため、ホッパー内の刃部に被災者が巻き込まれた。","15","清掃・と畜業","1501","清掃・と畜業","150103","その他の廃棄物処理業","10~29","1","動力機械","16","一般動力機械","162","混合機、粉砕機","7","はさまれ、巻き込まれ"
"51","2005","平成","17","7","18~19","車庫内でダンプトラックのパンク修理を行っていたところ、突然タイヤが破裂した。","4","運輸交通業","403","道路貨物運送業","40301","一般貨物自動車運送業","10~29","5","物質、材料","52","材料","529","その他の材料","15","破裂"
"52","2005","平成","17","9","14~15","ベンチで破砕後の切羽に残った岩を落とす作業を行っていたところ、安全帯を使用していた親綱が切断し、被災者が80m滑落した。","3","建設業","301","土木工事業","30108","砂防工事業","30~49","3","その他の装置等","37","用具","379","その他の用具","1","墜落、転落"
"53","2005","平成","17","10","16~17","ダンプトラックにて砂を堆積場(砂山)に下ろすために、堆積場のスロープ(勾配10度)を後進で登っている途中、路肩が崩れ、車体前方が左側に傾いて5m下に落下した。このとき、被災者が運転席から投げ出され、横転したダンプトラックの下敷きとなった。","4","運輸交通業","403","道路貨物運送業","40301","一般貨物自動車運送業","30~49","2","物上げ装置、運搬機械","22","動力運搬機","221","トラック","1","墜落、転落"
"54","2005","平成","17","11","7~8","国道上で、後続のトラックが被災者等が乗った乗用車を追い越し、当該乗用車の前でスピンした。当該乗用車は当該トラックとの衝突を避けるために対向車線にはみ出たところ、スピンし、当該乗用車の側面と対向車が衝突した。","3","建設業","301","土木工事業","30106","道路建設工事業","10~29","2","物上げ装置、運搬機械","23","乗物","231","乗用車、バス、バイク","17","交通事故（道路）"
"55","2005","平成","17","11","7~8","国道上で、後続のトラックが被災者等が乗った乗用車を追い越し、当該乗用車の前でスピンした。当該乗用車は当該トラックとの衝突を避けるために対向車線にはみ出たところ、スピンし、当該乗用車の側面と対向車が衝突した。","3","建設業","301","土木工事業","30106","道路建設工事業","10~29","2","物上げ装置、運搬機械","23","乗物","231","乗用車、バス、バイク","17","交通事故（道路）"
"56","2005","平成","17","2","9~10","林内において、沢の箇所にある伐倒木を作業道まで引き上げるため、作業道を歩行中に誤って5m下の沢へ転落した。","6","農林業","602","林業","60201","木材伐出業","1~9","7","環境等","71","環境等","719","その他の環境等","1","墜落、転落"
"57","2005","平成","17","4","9~10","山林内で伐木作業を行っていたところ、伐木したカラマツの倒れる方向がずれ、被災者に激突した。","6","農林業","602","林業","60201","木材伐出業","1~9","7","環境等","71","環境等","712","立木等","6","激突され"
"58","2005","平成","17","4","15~16","ごみ収集車で収集後、埋立地に移動し、ごみを下ろした後で空になったごみ収集車のパッカー内部の洗浄を同僚がテールゲートを上げた状態で行い、その後、テールゲートを下げたときに、被災者がパッカーとテールゲートとの間に挟まれた。","15","清掃・と畜業","1501","清掃・と畜業","150103","その他の廃棄物処理業","10~29","2","物上げ装置、運搬機械","22","動力運搬機","221","トラック","7","はさまれ、巻き込まれ"
"59","2005","平成","17","5","22~23","被災者は、石灰肥料を製造するためパドルミキサー(混合機)で消石灰と砂糖水溶液の混合作業を行った後、ミキサー内に付着している残渣物を取り除く清掃作業を行っていたところ、ミキサー内の攪拌羽根等に巻き込まれた。","1","製造業","108","化学工業","10809","化学肥料製造業","30~49","1","動力機械","16","一般動力機械","162","混合機、粉砕機","7","はさまれ、巻き込まれ"
"60","2005","平成","17","8","9~10","国有林内で、チェーンソーにより立木の伐木作業を行っていた際に、倒れた木の幹の下敷きとなった。","6","農林業","602","林業","60209","その他の林業","1~9","7","環境等","71","環境等","712","立木等","6","激突され"
"61","2005","平成","17","9","13~14","合板端部の切断作業中、機械の丸のこ周辺にあった木屑を取り除くため、機械を停止せずに手を入れた際、加工材を搬送するためのローラーに巻き込まれた。","1","製造業","104","木材・木製品製造業","10402","合板製造業","100~299","1","動力機械","13","木材加工用機械","139","その他の木材加工用機械","7","はさまれ、巻き込まれ"
"62","2005","平成","17","9","16~17","民有林において、間伐作業を行っていたところ、かかり木が倒れてきたため、その下敷きとなった。","6","農林業","602","林業","60201","木材伐出業","1~9","7","環境等","71","環境等","712","立木等","5","崩壊、倒壊"
"63","2005","平成","17","9","14~15","国有林内で、立木の伐倒作業中に倒れてきた古損木に背後から激突された。","6","農林業","602","林業","60201","木材伐出業","50~99","7","環境等","71","環境等","712","立木等","6","激突され"
"64","2005","平成","17","11","15~16","ワゴン車で国道を走行していた時、左縁石に乗り上げた後、対向車線を越えて路外に飛び出し、2m下の側溝に転落した。","1","製造業","101","食料品製造業","10102","水産食料品製造業","10~29","2","物上げ装置、運搬機械","23","乗物","231","乗用車、バス、バイク","17","交通事故（道路）"
"65","2005","平成","17","7","9~10","ベニヤ板の材料となる丸太を剥く作業を行っていたところ、材料が次の行程へ搬送する途中に、材料が立ち上がる等のトラブルが発生したため、それを直しに行こうとしたとき、当該機械操作盤付近の開口部から2.5m下ののコンクリート床に墜落した。","1","製造業","104","木材・木製品製造業","10401","製材業","100~299","1","動力機械","13","木材加工用機械","139","その他の木材加工用機械","1","墜落、転落"
"66","2005","平成","17","1","15~16","木造建屋の解体工事において、立てた状態で仮置きされた地震体験用振動架台(重さ800キログラム)の横で、同架台のモーターに接続されていたケーブルを切断する作業を被災者が単独で行っていたが、同架台が突然倒れて下敷きとなった。","3","建設業","301","土木工事業","30199","その他の土木工事業","30~49","3","その他の装置等","39","その他の装置、設備","391","その他の装置、設備","5","崩壊、倒壊"
"67","2005","平成","17","9","11~12","梁につなぎ材をはめ込む作業を高さ3mの梁の上で中腰で行っていたところ、つなぎ材が入らないことから両側をかけやで叩いて入れようとした際に、つなぎ材が外れて落下したため、バランスを崩した被災者が墜落した。","3","建設業","302","建築工事業","30202","木造家屋建築工事業","10~29","4","仮設物、建築物、構築物等","41","仮設物、建築物、構築物等","415","屋根、はり、もや、けた、合掌","1","墜落、転落"
"68","2005","平成","17","6","18~19","製油所内において電気集じん機の通電テストを実施したところ、集じん機の内部で清掃作業をしていた下請会社の作業者が感電した。","3","建設業","302","建築工事業","30209","その他の建築工事業","30~49","3","その他の装置等","39","その他の装置、設備","391","その他の装置、設備","13","感電"
"69","2005","平成","17","12","14~15","民有林においてチェーンソーを使用して桜の木を伐採していたが、伐倒した直後に、斜め前方方向にあった柳の木が倒れてきて、被災者が倒れた柳の木に接触して押し倒され、柳の木と伐採した桜の切り株との間に挟まれた。","6","農林業","602","林業","60209","その他の林業","1~9","7","環境等","71","環境等","712","立木等","5","崩壊、倒壊"
"70","2005","平成","17","12","11~12","斜面(勾配4度)に停めてあったタンクローリーが突然動き出したため、タンクローリーを止めようとしたが、誤ってタンクローリーのバンパーと積み重なった岩石に雪が積もったものとの間に挟まれた。","4","運輸交通業","403","道路貨物運送業","40302","特定貨物自動車運送業","1~9","2","物上げ装置、運搬機械","22","動力運搬機","221","トラック","7","はさまれ、巻き込まれ"
"71","2005","平成","17","1","0~1","事務所内において勤務中、同僚の作業者に包丁で刺された。","4","運輸交通業","403","道路貨物運送業","40301","一般貨物自動車運送業","30~49","9","その他","91","その他の起因物","911","その他の起因物","90","その他"
"72","2005","平成","17","6","15~16","鉄骨柱の建方作業中、移動式クレーンにより基礎に据え付けて仮止めを行った建方開始後、3本目の柱の頂上部に上り、玉掛けワイヤロープを外し、地上へ下りる際、鉄骨柱が傾き始めたため頂上部に戻ったものの、そのまま鉄骨柱が倒壊し、被災者が鉄骨柱とともに墜落した。","3","建設業","302","建築工事業","30201","鉄骨・鉄筋コンクリート造家屋建築工事業","10~29","4","仮設物、建築物、構築物等","41","仮設物、建築物、構築物等","418","建築物、構築物","5","崩壊、倒壊"
"73","2005","平成","17","6","9~10","トレーラートラックを移動し、後退させたところ、トレーラートラックの誘導作業に従事していた被災者がひかれた。","4","運輸交通業","403","道路貨物運送業","40301","一般貨物自動車運送業","50~99","2","物上げ装置、運搬機械","22","動力運搬機","221","トラック","7","はさまれ、巻き込まれ"
"74","2005","平成","17","7","11~12","小学校体育館建築工事現場において、高さ1.8mの可搬式作業台から地上1階床面に下りる際、後方に転落した。","3","建設業","302","建築工事業","30201","鉄骨・鉄筋コンクリート造家屋建築工事業","30~49","3","その他の装置等","37","用具","371","はしご等","1","墜落、転落"
"75","2005","平成","17","8","4~5","漁船から鮮魚を荷下ろしするために、フォークリフトで事業場を出発し河川敷沿いの道路を走行中、路肩から2m下の河川敷に転落し、フォークリフトの下敷きとなった。","7","畜産・水産業","702","水産業","70201","漁業","10~29","2","物上げ装置、運搬機械","22","動力運搬機","222","フォークリフト","1","墜落、転落"
"76","2005","平成","17","9","16~17","フォークリフトからバケット(重さ310キログラム)を取り外す作業中、バケットの下敷きとなった。","15","清掃・と畜業","1501","清掃・と畜業","150102","産業廃棄物処理業","1~9","2","物上げ装置、運搬機械","22","動力運搬機","222","フォークリフト","4","飛来、落下"
"77","2005","平成","17","11","11~12","カレイ刺網漁船に乗り組み、船尾で漁網を整理していたところ、海中に転落した。","7","畜産・水産業","702","水産業","70201","漁業","1~9","2","物上げ装置、運搬機械","23","乗物","239","その他の乗物","1","墜落、転落"
"78","2005","平成","17","6","14~15","民有林の間伐作業現場において、被災者がチェーンソーによりカラ松の伐木作業を行っていたところ、伐採されたカラ松の下敷きとなった。","6","農林業","602","林業","60201","木材伐出業","10~29","7","環境等","71","環境等","712","立木等","5","崩壊、倒壊"
"79","2005","平成","17","7","18~19","ベンチ部の岩石を発破により掘削するため、発破の装填を完了し、点火したところ、発破に巻き込まれた。","2","鉱業","202","土石採取業","20201","採石業","10~29","5","物質、材料","51","危険物、有害物等","511","爆発性の物等","4","飛来、落下"
"80","2005","平成","17","4","14~15","造材作業のため、チェーンソーにより伐倒木の枝払いを行っていたところ、側方10mのところで作業をしていたグラッブルが伐倒木を掴んで被災者側へ旋回したときに、掴んでいた伐倒木が被災者に激突した。","6","農林業","602","林業","60201","木材伐出業","10~29","1","動力機械","16","一般動力機械","169","その他の一般動力機械","6","激突され"
"81","2005","平成","17","9","10~11","収集したごみをごみ収集車からごみ処分場内に下ろす作業を行っていたところ、同車のテールゲートが激突した。","15","清掃・と畜業","1501","清掃・と畜業","150103","その他の廃棄物処理業","10~29","2","物上げ装置、運搬機械","22","動力運搬機","229","その他の動力運搬機","7","はさまれ、巻き込まれ"
"82","2005","平成","17","4","15~16","倉庫奥に置かれていたプレート式熱交換器のフレーム(重さ800キログラム)を屋外に運搬するため、ハンドリフト2台で運搬途中に、レベル調節のためパレット上に置いた垂木がずれたため3人がかりで当該フレームを持ち上げ、垂木を直していたところ、フレームが倒れ、被災者が下敷きとなった。","1","製造業","101","食料品製造業","10101","肉製品、乳製品製造業","30~49","3","その他の装置等","36","人力機械工具等","362","人力運搬機","5","崩壊、倒壊"
"83","2005","平成","17","11","8~9","発電施設内で昇圧変圧器(22kV、1、15011kVA)の上方10mの箇所にあるケーブル接続部の締付け作業中、工具を昇圧変圧器の端子側と壁との間に落としてしまったため、一旦下りて防護壁を乗り越えたところ感電した。","3","建設業","303","その他の建設業","30301","電気通信工事業","1~9","3","その他の装置等","35","電気設備","352","電力設備","13","感電"
"84","2005","平成","17","11","6~7","ライトバンで国道を走行中、信号のない交差点で右から進入してきた車に横から衝突された。","3","建設業","301","土木工事業","30109","土地整理土木工事業","10~29","2","物上げ装置、運搬機械","23","乗物","231","乗用車、バス、バイク","17","交通事故（道路）"
"85","2005","平成","17","6","8~9","道路舗装工事用で使用したマカダムローラーを回収するため、当該ローラーを運転して重機運搬車に載せた後、当該ローラーから降りようとしたところ、運転席から転落した。","3","建設業","301","土木工事業","30106","道路建設工事業","1~9","2","物上げ装置、運搬機械","22","動力運搬機","221","トラック","1","墜落、転落"
"86","2005","平成","17","2","2~3","新聞配達のため、路肩に普通乗用車を停め車から降りたところ、後方から走行してきたトレーラートラックが普通乗用車に追突し、側にいた被災者が巻き込まれた。","8","商業","802","小売業","80205","新聞販売業","30~49","2","物上げ装置、運搬機械","22","動力運搬機","221","トラック","17","交通事故（道路）"
"87","2005","平成","17","2","8~9","チェーンソーによりカラマツの伐木作業を行っていたところ、伐倒木がかかり木となり、かかられている木をチェーンソーにより伐倒したところ、かかっていた木が被災者を直撃した。","6","農林業","602","林業","60201","木材伐出業","1~9","7","環境等","71","環境等","712","立木等","4","飛来、落下"
"88","2005","平成","17","3","8~9","農業用トラクターのバケットに厩舎で使用済みの敷藁を載せ、堆積場まで運搬していたところ、河川敷の路肩から90センチメートル下の平地に農業用トラクターごと転落し、農業用トラクターの下敷きとなった。","7","畜産・水産業","701","畜産業","70101","畜産業","1~9","1","動力機械","16","一般動力機械","169","その他の一般動力機械","1","墜落、転落"
"89","2005","平成","17","7","13~14","国道の路肩に乗用車を停め、準備作業で車外にいたところ、後方より走行してきた大型トラックに衝突された。","8","商業","802","小売業","80209","その他の小売業","1~9","2","物上げ装置、運搬機械","22","動力運搬機","221","トラック","17","交通事故（道路）"
"90","2005","平成","17","9","14~15","法面工事用の架設通路の設置作業を法面の上方(法長200m)で行っていた際に、被災者が使用していた工具が手元から落ち、工具を取ろうと法面に下りたところ、法面から地面に転落した。","3","建設業","301","土木工事業","30108","砂防工事業","10~29","7","環境等","71","環境等","711","地山、岩石","1","墜落、転落"
"91","2005","平成","17","10","10~11","排水処理場の汚泥を汲み取る作業で作業車を河川管理敷地内の斜路に停車し、右後輪に角材を車輪止めとして1つ取り付けていたが、作業車が後方に動き出し、タンクゲージの確認等のため車体の後方にいた被災者が作業車にひかれた。","15","清掃・と畜業","1501","清掃・と畜業","150103","その他の廃棄物処理業","1~9","2","物上げ装置、運搬機械","22","動力運搬機","221","トラック","7","はさまれ、巻き込まれ"
"92","2005","平成","17","1","14~15","玉切材集積場所付近でチェーンソーの燃料を入れていたところ、後退してきたグラップルのクローラ部分でひかれた。","6","農林業","602","林業","60201","木材伐出業","10~29","2","物上げ装置、運搬機械","22","動力運搬機","229","その他の動力運搬機","7","はさまれ、巻き込まれ"
"93","2005","平成","17","3","9~10","フォークリフトで篩(ふるい)網を床に下ろす作業中、篩網の上に乗り、運転手に合図を送っていたところ、3m下のコンクリート床に墜落した。","5","貨物取扱業","501","陸上貨物取扱業","50101","陸上貨物取扱業","50~99","4","仮設物、建築物、構築物等","41","仮設物、建築物、構築物等","418","建築物、構築物","1","墜落、転落"
"94","2005","平成","17","4","16~17","資材センター内において、角パイプを選抜していた際に、当該パイプが崩壊し、崩壊したパイプ40本(重さ300キログラム)の下敷きとなった。","3","建設業","301","土木工事業","30199","その他の土木工事業","10~29","5","物質、材料","52","材料","521","金属材料","5","崩壊、倒壊"
"95","2005","平成","17","5","15~16","蒸気によりハウス内の製品を加熱殺菌する設備で熱処理作業中、ハウスの内部に入ったところ扉が閉まり、閉じ込められた。","1","製造業","101","食料品製造業","10101","肉製品、乳製品製造業","100~299","7","環境等","71","環境等","715","高温・低温環境","11","高温・低温の物との接触"
"96","2005","平成","17","6","13~14","道路上のマンホール内の点検作業中、トラックをマンホール近くに移動し降車したところ、トラックが5m後進し、当該マンホール付近で一般車両の見張りを行っていた被災者がひかれた。","3","建設業","301","土木工事業","30110","上下水道工事業","1~9","2","物上げ装置、運搬機械","22","動力運搬機","221","トラック","17","交通事故（道路）"
"97","2005","平成","17","6","11~12","小型移動式クレーンを使用して型枠(重さ2.3トン)をつり上げ、トラック荷台に載せる直前に型枠が重みで外れ、荷台横にいた被災者が下敷きとなった。","4","運輸交通業","403","道路貨物運送業","40301","一般貨物自動車運送業","10~29","3","その他の装置等","37","用具","372","玉掛用具","4","飛来、落下"
"98","2005","平成","17","6","23~24","トラックで国道を走行中、信号のあるT字路の交差点を青信号で直進していたところ、トレーラートラックが右折してきたため、衝突した。","4","運輸交通業","403","道路貨物運送業","40301","一般貨物自動車運送業","50~99","2","物上げ装置、運搬機械","22","動力運搬機","221","トラック","17","交通事故（道路）"
"99","2005","平成","17","7","15~16","破砕機で発砲スチロールの破砕作業を単独で行っていた被災者が、当該機械内部の破砕板に巻き込まれた。","15","清掃・と畜業","1501","清掃・と畜業","150103","その他の廃棄物処理業","10~29","1","動力機械","16","一般動力機械","162","混合機、粉砕機","7","はさまれ、巻き込まれ"
"100","2005","平成","17","8","7~8","トラックで走行中、右折のため停車していた車両積載形トラッククレーンに追突した。","4","運輸交通業","403","道路貨物運送業","40301","一般貨物自動車運送業","1~9","2","物上げ装置、運搬機械","22","動力運搬機","221","トラック","17","交通事故（道路）"
"101","2005","平成","17","11","13~14","2階建て納屋解体作業現場にて、解体された建材の分別作業に従事中、煉瓦壁の上部に固定されていた角材を重機で撤去したところ、突然煉瓦壁が倒壊し、当該壁と重機との間に挟まれた。","3","建設業","302","建築工事業","30209","その他の建築工事業","1~9","4","仮設物、建築物、構築物等","41","仮設物、建築物、構築物等","418","建築物、構築物","5","崩壊、倒壊"
"102","2005","平成","17","11","14~15","保管庫新築工事において、地山(斜度17度)に沿って斜面に打設したコンクリート壁(長さ30m)の内側で残材の片づけをしていたところ、当該壁が内側に倒壊し、被災者が下敷きとなった。","4","運輸交通業","403","道路貨物運送業","40301","一般貨物自動車運送業","10~29","4","仮設物、建築物、構築物等","41","仮設物、建築物、構築物等","418","建築物、構築物","5","崩壊、倒壊"
"103","2005","平成","17","3","12~13","タクシー乗務中に倒れ、病院に搬送されたが、死亡が確認された。発症前4ヶ月間の平均時間外労働が長時間に及んでいた。","4","運輸交通業","402","道路旅客運送業","40201","ハイヤー・タクシー業","300~499","9","その他","91","その他の起因物","911","その他の起因物","90","その他"
"104","2005","平成","17","11","14~15","原動機付き自転車(バイク)で交差点を右折していたところ、対向車線より直進してきたミキサー車と衝突した。","8","商業","802","小売業","80205","新聞販売業","1~9","2","物上げ装置、運搬機械","23","乗物","231","乗用車、バス、バイク","17","交通事故（道路）"
"105","2005","平成","17","1","10~11","国道を走行中に前方を走行するトレーラートラックの雪煙等で視界が不良となり、対向車線にはみ出し、対向してきた大型バスと衝突した。","8","商業","801","卸売業","80109","その他の卸売業","1~9","2","物上げ装置、運搬機械","23","乗物","231","乗用車、バス、バイク","17","交通事故（道路）"
"106","2005","平成","17","2","17~18","住宅の屋根に設置された融雪装置の点検作業をした後、雪下ろしを行っていて屋根から墜落した。","3","建設業","303","その他の建設業","30309","その他の建設業－その他","1~9","4","仮設物、建築物、構築物等","41","仮設物、建築物、構築物等","415","屋根、はり、もや、けた、合掌","1","墜落、転落"
"107","2005","平成","17","3","10~11","事業場内において、倉庫に保管している米を確認するため、倉庫の脇を歩いていたところ、倉庫の下屋が倒壊して激突し、その際、下屋に積もっていた雪が落下し、その下敷きとなった。","4","運輸交通業","403","道路貨物運送業","40301","一般貨物自動車運送業","50~99","4","仮設物、建築物、構築物等","41","仮設物、建築物、構築物等","418","建築物、構築物","5","崩壊、倒壊"
"108","2005","平成","17","4","11~12","道路の除雪工事のため移動していたところ雪崩が発生して巻き込まれ、道路下の斜面に転落した。","3","建設業","301","土木工事業","30110","上下水道工事業","1~9","7","環境等","71","環境等","719","その他の環境等","5","崩壊、倒壊"
"109","2005","平成","17","9","16~17","パレットトラックから手作業で降ろそうとしていた制御盤(重さ400キログラム)が倒れ、下敷きとなった。","1","製造業","101","食料品製造業","10102","水産食料品製造業","100~299","6","荷","61","荷","612","機械装置","5","崩壊、倒壊"
"110","2005","平成","17","10","0~1","軽ワゴン車で移動中、直線道路で対向してきた2トントラックとセンターライン付近で正面衝突した。","3","建設業","303","その他の建設業","30301","電気通信工事業","10~29","2","物上げ装置、運搬機械","23","乗物","231","乗用車、バス、バイク","17","交通事故（道路）"
"111","2005","平成","17","4","8~9","2階建て木造住宅解体工事現場において、2階に上がり、外壁材の解体作業に取りかかって間もなく、階段を背面から転げ落ちた。","3","建設業","302","建築工事業","30202","木造家屋建築工事業","10~29","4","仮設物、建築物、構築物等","41","仮設物、建築物、構築物等","413","階段、桟橋","1","墜落、転落"
"112","2005","平成","17","10","10~11","橋梁下部に設置していたつり足場の解体作業中、足場板が外れ、当該足場板とともに15m下の地面に墜落した。","3","建設業","301","土木工事業","30199","その他の土木工事業","10~29","4","仮設物、建築物、構築物等","41","仮設物、建築物、構築物等","411","足場","1","墜落、転落"
"113","2005","平成","17","11","9~10","作業道路の建設において、作業の支障となる立木の伐倒作業中、斜面に生えていた立木をドラグ・ショベルのバケットで支えながらチェーンソーで伐倒したところ、伐倒木が伐根から外れてほぼ真下に落下し、伐倒作業をしていた被災者が当該伐倒木と伐根との間に挟まれた。","3","建設業","301","土木工事業","30199","その他の土木工事業","10~29","7","環境等","71","環境等","712","立木等","6","激突され"
"114","2005","平成","17","2","14~15","有料道路を走行中、トンネル内において路面凍結によりスリップして走行車線の縁石に激突し、その反動で対向車線に横向きの状態ではみ出したところへ、対向車が衝突した。","8","商業","801","卸売業","80109","その他の卸売業","1~9","7","環境等","71","環境等","719","その他の環境等","17","交通事故（道路）"
"115","2005","平成","17","3","4~5","国道を走行中、ゆるい下り坂のカーブでスリップして制御不能となり、数十m蛇行した後、道路右側の電柱に車両右側面から衝突した。","15","清掃・と畜業","1501","清掃・と畜業","150109","その他の清掃・と畜業","30~49","2","物上げ装置、運搬機械","23","乗物","231","乗用車、バス、バイク","17","交通事故（道路）"
"116","2005","平成","17","8","18~19","国道を大型トラックで走行中、対向車線にはみ出し、対向してきた大型バスと正面衝突した。","4","運輸交通業","403","道路貨物運送業","40301","一般貨物自動車運送業","30~49","2","物上げ装置、運搬機械","22","動力運搬機","221","トラック","17","交通事故（道路）"
"117","2005","平成","17","9","13~14","道路工事現場において、一般車両の交通誘導作業を行っていた被災者が路面の段差につまずいて転倒し、それに気付かずに後進してきた路面清掃車にひかれた。","17","その他の事業","1702","その他の事業","170201","警備業","30~49","1","動力機械","14","建設機械等","149","その他の建設機械等","7","はさまれ、巻き込まれ"
"118","2005","平成","17","12","9~10","標識設置用コンクリート製土台の据付作業において、当該土台(重さ400キログラム)を移動式クレーン付ドラグ・ショベルでつり上げ、掘削した据付箇所に下ろそうとしたところ、玉掛用繊維ベルトから土台が滑り落ち、当該据付箇所内にいた被災者が土台と掘削壁面との間に挟まれた。","3","建設業","301","土木工事業","30106","道路建設工事業","10~29","3","その他の装置等","37","用具","372","玉掛用具","6","激突され"
"119","2005","平成","17","1","15~16","軽トラックで国道を走行中、対向車線にはみ出し、対向してきたダンプトラックと正面衝突した。","8","商業","802","小売業","80209","その他の小売業","30~49","2","物上げ装置、運搬機械","22","動力運搬機","221","トラック","17","交通事故（道路）"
"120","2005","平成","17","3","11~12","仮設ハウスを清掃中の被災者が、付近を走行してきた橋型クレーンと仮設ハウスとの間に挟まれた。","8","商業","804","その他の商業","80409","その他の商業－その他","1~9","2","物上げ装置、運搬機械","21","動力クレーン等","211","クレーン","7","はさまれ、巻き込まれ"
"121","2005","平成","17","10","14~15","私有林において、チェーンソーを用い、杉の木の伐倒作業を行っていたところ、当該杉の木の下敷きとなった。","6","農林業","602","林業","60201","木材伐出業","1~9","7","環境等","71","環境等","712","立木等","6","激突され"
"122","2005","平成","17","4","14~15","測量作業において測点を移動するため道路路側帯を歩行中、後方から走行してきた乗用車にはねられた。","17","その他の事業","1702","その他の事業","170209","その他の事業－その他","10~29","2","物上げ装置、運搬機械","23","乗物","231","乗用車、バス、バイク","17","交通事故（道路）"
"123","2005","平成","17","6","9~10","用水路の法面を草刈をするため、刈払機を肩から下げたまま法肩の柵(高さ90センチメートル)を乗り越えようとしたところ、柵から転落して法面を滑落し、用水路に落ちた。","3","建設業","301","土木工事業","30199","その他の土木工事業","1~9","7","環境等","71","環境等","713","水","10","おぼれ"
"124","2005","平成","17","8","4~5","軽ワゴン車で国道を走行中、対向車線にはみ出し、対向して来たトラックと正面衝突した。","4","運輸交通業","403","道路貨物運送業","40309","その他の道路貨物運送業","1~9","2","物上げ装置、運搬機械","23","乗物","231","乗用車、バス、バイク","17","交通事故（道路）"
"125","2005","平成","17","7","13~14","自転車で走行中、見通しの悪い交差点でワゴン車と衝突した。","11","通信業","1101","通信業","110101","通信業","10~29","3","その他の装置等","36","人力機械工具等","362","人力運搬機","17","交通事故（道路）"
"126","2005","平成","17","10","14~15","H形鋼(長さ10m、重さ1.7トン)を3段に積み上げる作業において、3段目の1本目のH形鋼をクレーンで移動後、玉掛けワイヤのクランプを外しクレーンのフックを巻き上げたところ、クランプがH形鋼に引っかかり、逃げた被災者の上にH形鋼が落下した。","1","製造業","112","金属製品製造業","11209","その他の金属製品製造業","100~299","2","物上げ装置、運搬機械","21","動力クレーン等","211","クレーン","5","崩壊、倒壊"
"127","2005","平成","17","9","16~17","乗用車を運転中、センターラインをはみ出し、対向してきたマイクロバスと正面衝突した。","8","商業","801","卸売業","80109","その他の卸売業","1~9","2","物上げ装置、運搬機械","23","乗物","231","乗用車、バス、バイク","17","交通事故（道路）"
"128","2005","平成","17","12","11~12","河川災害復旧工事において、大型土のう撤去のため、ドラグ・ショベルを操作して、土のうをつって旋回したところ、バランスを崩してドラグ・ショベルごと河川へ転落した。","3","建設業","301","土木工事業","30107","河川土木工事業","1~9","1","動力機械","14","建設機械等","141","整地・運搬・積込み用機械","1","墜落、転落"
"129","2005","平成","17","3","13~14","国道を走行中に、被災者が運転していた軽トラックが対向車線にはみ出し、対向してきた大型トラックと正面衝突した。","1","製造業","101","食料品製造業","10105","酒類製造業","10~29","2","物上げ装置、運搬機械","22","動力運搬機","221","トラック","17","交通事故（道路）"
"130","2005","平成","17","10","5~6","ビル解体工事に使用する重機をトラックの荷台から降ろす作業を行った直後に転倒、トラックに激突した。","3","建設業","302","建築工事業","30209","その他の建築工事業","10~29","2","物上げ装置、運搬機械","22","動力運搬機","221","トラック","3","激突"
"131","2005","平成","17","3","13~14","トラック荷台上でL型水路を車両積載形トラッククレーンで積み込む作業を行っていた被災者が、トラック後部のアオリと倒れたL型水路との間に挟まれた。","4","運輸交通業","403","道路貨物運送業","40301","一般貨物自動車運送業","10~29","2","物上げ装置、運搬機械","21","動力クレーン等","212","移動式クレーン","5","崩壊、倒壊"
"132","2005","平成","17","3","15~16","倉庫内に積み重ねられていた家畜飼料入りのフレキシブルコンテナ(重さ400キログラム)のうち、上から3段目までが崩れ落ち、落下した最上段のフレキシブルコンテナと床に置かれていた別のフレキシブルコンテナとの間に挟まれた。","4","運輸交通業","403","道路貨物運送業","40301","一般貨物自動車運送業","100~299","6","荷","61","荷","611","荷姿の物","5","崩壊、倒壊"
"133","2005","平成","17","3","17~18","道路改良工事現場において、工事場所脇の道を走行していた軽自動車が現場内に進入し、被災者に激突した。","3","建設業","301","土木工事業","30106","道路建設工事業","10~29","2","物上げ装置、運搬機械","23","乗物","231","乗用車、バス、バイク","17","交通事故（道路）"
"134","2005","平成","17","7","2~3","国道上で新聞の配送作業中、後方から進行してきた軽乗用車にひかれた。","4","運輸交通業","403","道路貨物運送業","40301","一般貨物自動車運送業","1~9","2","物上げ装置、運搬機械","23","乗物","231","乗用車、バス、バイク","17","交通事故（道路）"
"135","2005","平成","17","8","15~16","ポプラの伐採後の枝等の片付け作業中、ポプラの木を玉切りしやすい場所に移動しようとして、グラップルで挟み、右旋回させたところ、当該ポプラの木が、被災者に激突した。","3","建設業","302","建築工事業","30202","木造家屋建築工事業","10~29","2","物上げ装置、運搬機械","22","動力運搬機","229","その他の動力運搬機","6","激突され"
"136","2005","平成","17","11","16~17","道路を横断中、走行してきた乗用車にはねられた。","13","保健・衛生業","1303","その他の保健衛生業","130301","浴場業","1~9","2","物上げ装置、運搬機械","23","乗物","231","乗用車、バス、バイク","17","交通事故（道路）"
"137","2005","平成","17","11","11~12","国道において、工事現場の手前で前の車両に続いて停止しようとして減速したところ、後続のトラックが追突してきたため、そのはずみで対向車線に押し出され、対向車線を走行してきた大型観光バスと正面衝突した。","4","運輸交通業","403","道路貨物運送業","40301","一般貨物自動車運送業","10~29","2","物上げ装置、運搬機械","22","動力運搬機","221","トラック","17","交通事故（道路）"
"138","2005","平成","17","2","15~16","林道の法面吹付け工事の現場において、法面の測量作業中に高さ4mの法肩から地面に墜落した。","3","建設業","301","土木工事業","30106","道路建設工事業","10~29","7","環境等","71","環境等","711","地山、岩石","1","墜落、転落"
"139","2005","平成","17","3","17~18","法面で矢板打ち込み深さの微調整を行っていたところ、移動式クレーンのフックからバイブロハンマーが外れ、近くにいた合図者が下敷きとなった。","3","建設業","301","土木工事業","30107","河川土木工事業","30~49","1","動力機械","14","建設機械等","143","基礎工事用機械","4","飛来、落下"
"140","2005","平成","17","6","4~5","大型トラックで走行中、国道の交差点において、信号待ちで停車していた大型トレーラトラックに追突した。","4","運輸交通業","403","道路貨物運送業","40301","一般貨物自動車運送業","30~49","2","物上げ装置、運搬機械","22","動力運搬機","221","トラック","17","交通事故（道路）"
"141","2005","平成","17","11","14~15","大型タンクローリーで牛乳を輸送中、県道の下り坂で、右カーブを曲がりきれず大型タンクローリーが横転した。","4","運輸交通業","403","道路貨物運送業","40301","一般貨物自動車運送業","50~99","2","物上げ装置、運搬機械","22","動力運搬機","221","トラック","17","交通事故（道路）"
"142","2005","平成","17","1","10~11","海の岩場において、岩に固定していた定置網のワイヤロープのシャックルを外す作業中、高波にさらわれ海に転落した。","7","畜産・水産業","702","水産業","70201","漁業","10~29","7","環境等","71","環境等","713","水","10","おぼれ"
"143","2005","平成","17","4","4~5","国道を走行中、緩い左カーブのセンターライン上で、被災者が運転するトラックの運転席右側と対向車のトラックの運転席右側が接触した。","4","運輸交通業","403","道路貨物運送業","40301","一般貨物自動車運送業","10~29","2","物上げ装置、運搬機械","22","動力運搬機","221","トラック","17","交通事故（道路）"
"144","2005","平成","17","1","0~1","現場で使用する鉄筋を自社工場で加工し、小型移動式クレーンにより、大型トラックに積み込む際、小型移動式クレーンが傾き、被災者に激突した。","1","製造業","112","金属製品製造業","11209","その他の金属製品製造業","10~29","2","物上げ装置、運搬機械","21","動力クレーン等","212","移動式クレーン","6","激突され"
"145","2005","平成","17","2","9~10","漁操業中に、浮きフロートを投げ入れようとしたところ、浮きフロートの浮き網に被災者が絡まり、海に引っ張られるようにして転落した。","7","畜産・水産業","702","水産業","70201","漁業","1~9","7","環境等","71","環境等","713","水","10","おぼれ"
"146","2005","平成","17","1","10~11","木造2階建ての寮の解体工事において、屋根瓦撤去作業中、高さ7mの屋根から地面に転落した。","3","建設業","302","建築工事業","30202","木造家屋建築工事業","10~29","4","仮設物、建築物、構築物等","41","仮設物、建築物、構築物等","415","屋根、はり、もや、けた、合掌","1","墜落、転落"
"147","2005","平成","17","1","13~14","土止め支保工として使用していたH鋼を撤去するためにH鋼の根元をガス溶断していたところ、溶断していたH鋼が被災者の上に倒れてきた。","3","建設業","302","建築工事業","30201","鉄骨・鉄筋コンクリート造家屋建築工事業","1~9","4","仮設物、建築物、構築物等","41","仮設物、建築物、構築物等","419","その他の仮設物、建築物、構築物等","5","崩壊、倒壊"
"148","2005","平成","17","4","11~12","ダンボール平抜機のテーブルと呼ばれる部分に座り込んで、デリバリープレートの幅を調整中、他の作業者がダンボール平抜機の起動スイッチを入れたため、デリバリープレートとグリッパーバーとの間に挟まれた。","1","製造業","106","パルプ・紙・紙加工品製造業","10609","その他のパルプ・紙・紙加工品製造業","30~49","1","動力機械","16","一般動力機械","169","その他の一般動力機械","7","はさまれ、巻き込まれ"
"149","2005","平成","17","4","20~21","自動車を運転中、ゆるい右カーブで蛇行した。","1","製造業","117","その他の製造業","11701","自動車整備業","1~9","2","物上げ装置、運搬機械","23","乗物","231","乗用車、バス、バイク","17","交通事故（道路）"
"150","2005","平成","17","4","3~4","貨物自動車で高速自動車道を走行中、パーキングエリアへの入路の三角地帯のガードレールに激突し、さらにその先にある点滅灯に激突した。","4","運輸交通業","403","道路貨物運送業","40301","一般貨物自動車運送業","1~9","2","物上げ装置、運搬機械","22","動力運搬機","221","トラック","17","交通事故（道路）"
"151","2005","平成","17","6","2~3","高速自動車道において、運転していた大型キャリアトラックがパンクしたため、車両を路肩に停車し、車外前方にて修理依頼の電話をしていたところ、後方から来た大型トラックがキャリアトラックに追突し、キャリアトラックとガードレールとの間に挟まれた。","4","運輸交通業","403","道路貨物運送業","40309","その他の道路貨物運送業","10~29","2","物上げ装置、運搬機械","22","動力運搬機","221","トラック","17","交通事故（道路）"
"152","2005","平成","17","6","12~13","大型トラックで高速自動車道を走行中、先行するトラックに追突し、そのはずみで大型トラックの後部バンパーがガードレールに接触して対向車線にはみ出し、そのまま右側に横転した。","4","運輸交通業","403","道路貨物運送業","40301","一般貨物自動車運送業","10~29","2","物上げ装置、運搬機械","22","動力運搬機","221","トラック","17","交通事故（道路）"
"153","2005","平成","17","7","20~21","前方の交差点の信号待ちで大型トラック、乗用車及び大型トレーラートラックが停止しているところに、被災者が運転する大型トラックが追突した。","4","運輸交通業","403","道路貨物運送業","40301","一般貨物自動車運送業","50~99","2","物上げ装置、運搬機械","22","動力運搬機","221","トラック","17","交通事故（道路）"
"154","2005","平成","17","7","14~15","ドラグ・ショベルにてずり出し作業中、上部法面が崩壊し、運転席から降りて脱出しようとしたが、土石に巻き込まれ、生き埋めとなった。","2","鉱業","202","土石採取業","20201","採石業","10~29","7","環境等","71","環境等","711","地山、岩石","5","崩壊、倒壊"
"155","2005","平成","17","8","0~1","クラブトロリー式天井クレーンの運転室のクーラー増設工事に係る吸排気ダクトの保温材の取付け作業中に、クレーンのトロリー線(400V)に被災者が接触し、感電した。","3","建設業","303","その他の建設業","30302","機械器具設置工事業","1~9","2","物上げ装置、運搬機械","21","動力クレーン等","211","クレーン","13","感電"
"156","2005","平成","17","8","14~15","製紙用チップヤードの解体工事において、ヤード内にチップを円周状に均一に撒くための旋回コンベヤーの先端部分を溶断していたところ、溶断直後に旋回コンベヤーの本体旋回部分が旋回台を中心に反対側にひっくり返り、落下したため、これに乗り安全帯をかけて作業を行っていた被災者が旋回コンベヤーの本体とともに墜落した。","3","建設業","303","その他の建設業","30302","機械器具設置工事業","1~9","2","物上げ装置、運搬機械","22","動力運搬機","224","コンベア","1","墜落、転落"
"157","2005","平成","17","2","21~22","ホテルでのマッサージ業務を終え、送迎用車両に同乗して会社に戻る途中、雪のため車両がスリップして道路脇の立木に激突した。","13","保健・衛生業","1303","その他の保健衛生業","130309","その他の保健衛生業－その他","10~29","2","物上げ装置、運搬機械","23","乗物","231","乗用車、バス、バイク","17","交通事故（道路）"
"158","2005","平成","17","12","12~13","国道を走行中、信号待ちで停車していた大型トレーラートラックに追突した。","4","運輸交通業","403","道路貨物運送業","40301","一般貨物自動車運送業","1~9","2","物上げ装置、運搬機械","22","動力運搬機","221","トラック","17","交通事故（道路）"
"159","2005","平成","17","12","12~13","国道を走行中、信号待ちで停車していた大型トレーラートラックに追突した。","4","運輸交通業","403","道路貨物運送業","40301","一般貨物自動車運送業","1~9","2","物上げ装置、運搬機械","22","動力運搬機","221","トラック","17","交通事故（道路）"
"160","2005","平成","17","10","15~16","社用車で走行中、センターラインからはみ出して、対向車と衝突した。","1","製造業","117","その他の製造業","11703","クリーニング業","30~49","2","物上げ装置、運搬機械","23","乗物","231","乗用車、バス、バイク","17","交通事故（道路）"
"161","2005","平成","17","11","20~21","岸壁に車を停車後、降車したところ海に転落し、溺れた。","3","建設業","303","その他の建設業","30301","電気通信工事業","10~29","9","その他","99","分類不能","999","分類不能","1","墜落、転落"
"162","2005","平成","17","8","2~3","自宅において就寝中に具合が悪くなり、救急車で病院に搬送されたが、死亡した。発症前1カ月間の時間外労働が長時間に及んでいた。","3","建設業","302","建築工事業","30209","その他の建築工事業","1~9","9","その他","91","その他の起因物","911","その他の起因物","90","その他"
"163","2005","平成","17","7","7~8","斜面から投身した。業務における強い心理的負荷から、うつ病を発症していた。","8","商業","801","卸売業","80109","その他の卸売業","30~49","9","その他","99","分類不能","999","分類不能","3","激突"
"164","2005","平成","17","3","10~11","床上操作式クレーンを用い、トラック荷台よりH型鋼材(重さ130キログラム)を降ろす作業中、鋼材をつっていた玉掛用クランプが外れて鋼材が落下し、クレーン操作者に激突した。","1","製造業","112","金属製品製造業","11209","その他の金属製品製造業","1~9","3","その他の装置等","37","用具","372","玉掛用具","4","飛来、落下"
"165","2005","平成","17","7","3~4","ベニヤ板の運搬中、道路左側のガードレールに接触後、100m先の道路案内板の支柱に衝突し、横転した。","4","運輸交通業","403","道路貨物運送業","40301","一般貨物自動車運送業","50~99","2","物上げ装置、運搬機械","22","動力運搬機","221","トラック","17","交通事故（道路）"
"166","2005","平成","17","10","5~6","車を道路脇に止め、車から自転車を降ろし、新聞配達に向かう準備をしていたところ、対向車線を走行してきた車にはねられた。","8","商業","802","小売業","80205","新聞販売業","10~29","2","物上げ装置、運搬機械","23","乗物","231","乗用車、バス、バイク","17","交通事故（道路）"
"167","2005","平成","17","8","4~5","国道を走行中、交差点で信号待ちのトレーラートラックに追突した。","4","運輸交通業","403","道路貨物運送業","40301","一般貨物自動車運送業","10~29","2","物上げ装置、運搬機械","22","動力運搬機","221","トラック","17","交通事故（道路）"
"168","2005","平成","17","11","16~17","護岸工事に用いる地固めブロックの玉掛け作業中に、クレーンオペレーターが後方を確認しようとして後ろを振り向いたところ、誤って走行ペダルを踏んでしまったため、クレーンが後退し、ブロックが倒れて玉掛け作業中の被災者が挟まれた。","3","建設業","301","土木工事業","30107","河川土木工事業","30~49","2","物上げ装置、運搬機械","21","動力クレーン等","212","移動式クレーン","6","激突され"
"169","2005","平成","17","12","0~1","個人住宅工事に使用する材料を運搬中、標識柱に激突した。","3","建設業","302","建築工事業","30202","木造家屋建築工事業","10~29","2","物上げ装置、運搬機械","22","動力運搬機","221","トラック","17","交通事故（道路）"
"170","2005","平成","17","1","5~6","新聞配達のため、市道の路側帯部分に原動機付き自転車(バイク)を停め、積んでいた新聞を取ろうとして車道側に立っていたところ、軽乗用車にはねられた。","8","商業","802","小売業","80205","新聞販売業","30~49","2","物上げ装置、運搬機械","23","乗物","231","乗用車、バス、バイク","17","交通事故（道路）"
"171","2005","平成","17","12","6~7","新聞配達中に原動機付き自転車(バイク)とともに橋の下へ転落した。","8","商業","802","小売業","80205","新聞販売業","30~49","2","物上げ装置、運搬機械","23","乗物","231","乗用車、バス、バイク","17","交通事故（道路）"
"172","2005","平成","17","3","10~11","民家の裏山で立木をチェーンソーで伐倒したところ、当該立木が伐倒予定方向とは異なる方へ回転しながら倒れ、追い口を切り終えた被災者に激突した。","6","農林業","601","農業","60101","農業","1~9","7","環境等","71","環境等","712","立木等","6","激突され"
"173","2005","平成","17","6","21~22","運転代行業務を終えて国道を走行中、コンビニエンスストアから国道に出ようとしたトラックと衝突して対向車線にはみ出し、さらに対向車と衝突した。","17","その他の事業","1702","その他の事業","170209","その他の事業－その他","10~29","2","物上げ装置、運搬機械","23","乗物","231","乗用車、バス、バイク","17","交通事故（道路）"
"174","2005","平成","17","10","9~10","トラックで国道を走行中、対向車線を走行していた別のトラックと正面衝突した。","4","運輸交通業","403","道路貨物運送業","40301","一般貨物自動車運送業","10~29","2","物上げ装置、運搬機械","22","動力運搬機","221","トラック","17","交通事故（道路）"
"175","2005","平成","17","10","4~5","トラックで国道を走行中、信号機柱2本に衝突し、さらに民家のブロック塀に衝突した。","4","運輸交通業","403","道路貨物運送業","40301","一般貨物自動車運送業","10~29","2","物上げ装置、運搬機械","22","動力運搬機","221","トラック","17","交通事故（道路）"
"176","2005","平成","17","11","10~11","ドラグ・ショベルの旋回範囲内に被災者が立ち入った際に、当該ドラグ・ショベルが旋回し、すぐ脇に停車中の他のドラグ・ショベルとの間に挟まれた。","2","鉱業","202","土石採取業","20201","採石業","10~29","1","動力機械","14","建設機械等","142","掘削用機械","6","激突され"
"177","2005","平成","17","7","8~9","軽自動車を運転中、緩い左カーブで対向車線に進入し、対向してきた車両と衝突し、横転・炎上した。","15","清掃・と畜業","1501","清掃・と畜業","150101","ビルメンテナンス業","1~9","2","物上げ装置、運搬機械","23","乗物","231","乗用車、バス、バイク","17","交通事故（道路）"
"178","2005","平成","17","12","2~3","トラックで国道を走行中、交差点で青信号に変わって発車直後の前車に追突した。その際に追突した前車の積荷(単管パイプ)が被災者のトラックのフロントガラスを突き抜けて被災者に激突した。","4","運輸交通業","403","道路貨物運送業","40301","一般貨物自動車運送業","1~9","2","物上げ装置、運搬機械","22","動力運搬機","221","トラック","17","交通事故（道路）"
"179","2005","平成","17","2","13~14","工場敷地内にある廃水処理装置を見回りしていたところ、廃水処理装置の原水の調整槽(水深5m)に転落した。","1","製造業","107","印刷・製本業","10701","印刷業","50~99","4","仮設物、建築物、構築物等","41","仮設物、建築物、構築物等","418","建築物、構築物","10","おぼれ"
"180","2005","平成","17","3","10~11","舗装工事現場において、タイヤローラーにより路盤を転圧するため、前進及び後退の動作を繰り返していた際に、後方にて測量作業中の被災者に気付かず、そのまま後退させたため、タイヤローラーの後輪でひいた。","3","建設業","301","土木工事業","30199","その他の土木工事業","50~99","1","動力機械","14","建設機械等","144","締固め用機械","7","はさまれ、巻き込まれ"
"181","2005","平成","17","3","17~18","屋根に出来た氷柱を落とす作業中、はしごが後方に倒れたはずみで、ベランダに墜落した。","14","接客娯楽業","1401","旅館業","140101","旅館業","1~9","3","その他の装置等","37","用具","371","はしご等","1","墜落、転落"
"182","2005","平成","17","8","14~15","伐倒した木材の仮置き場において、グラップル付きトラックにより積込み作業を行っていたところ、グラップルの運転席で作業を行っていた被災者に落雷した。","4","運輸交通業","403","道路貨物運送業","40301","一般貨物自動車運送業","10~29","7","環境等","71","環境等","719","その他の環境等","13","感電"
"183","2005","平成","17","11","10~11","見通しの良い伐採作業現場において、立木を伐倒したところ、予定方向に対し30度伐倒方向がずれ、枝払い作業を行っていた被災者に激突した。","6","農林業","602","林業","60201","木材伐出業","1~9","7","環境等","71","環境等","712","立木等","6","激突され"
"184","2005","平成","17","7","16~17","水田の基盤整備事業の工事現場内において、ブル・ドーザーを運転していた被災者が、盛土の斜面で、自分の運転していたブル・ドーザーのクローラ部分でひかれた。","3","建設業","301","土木工事業","30199","その他の土木工事業","30~49","1","動力機械","14","建設機械等","141","整地・運搬・積込み用機械","7","はさまれ、巻き込まれ"
"185","2005","平成","17","11","14~15","発電所構内で勾配10度の道路舗装工事中、アスファルトフィニッシャーをダンプトラックの後ろに停車させようとしたところ、操縦不能となり坂道を後進で逸走し停車中のトラックに衝突、トラックの脇にいた被災者に激突した。","3","建設業","301","土木工事業","30106","道路建設工事業","10~29","1","動力機械","14","建設機械等","149","その他の建設機械等","7","はさまれ、巻き込まれ"
"186","2005","平成","17","1","9~10","民有林内で、伐倒作業中に待機していた被災者に、伐倒された杉の木の先端部が直撃した。","6","農林業","602","林業","60201","木材伐出業","1~9","7","環境等","71","環境等","712","立木等","6","激突され"
"187","2005","平成","17","2","16~17","民有林の雑木等を伐採作業中、伐倒方向が狂い、他の木に接触しながら倒れ、その上部(10m)が被災者の方向に跳ね返り激突した。","6","農林業","602","林業","60209","その他の林業","1~9","7","環境等","71","環境等","712","立木等","6","激突され"
"188","2005","平成","17","8","14~15","オートバイを運転し、丁字路の交差道路を直進したところ、当該交差点にバックで進入してきたトラックと衝突した。","11","通信業","1101","通信業","110101","通信業","10~29","2","物上げ装置、運搬機械","22","動力運搬機","221","トラック","17","交通事故（道路）"
"189","2005","平成","17","10","9~10","道路新設工事現場において、可変側溝の荷下ろし作業中、当該側溝が倒れ、傍らでワイヤとシャックルを組み立てていた被災者がその下敷きとなった。","3","建設業","301","土木工事業","30106","道路建設工事業","10~29","5","物質、材料","52","材料","523","石、砂、砂利","5","崩壊、倒壊"
"190","2005","平成","17","2","10~11","足場板等の解体作業を行っていたところ、誤って8m下の川の中(水深30センチメートル)に転落した。","3","建設業","301","土木工事業","30105","橋梁建設工事業","10~29","4","仮設物、建築物、構築物等","41","仮設物、建築物、構築物等","411","足場","1","墜落、転落"
"191","2005","平成","17","3","13~14","軽自動車で国道を走行中、前走の同僚が運転する軽自動車が渋滞で減速したところに被災者の運転する軽自動車が追突し、横転、そのまま対向車線にはみ出し、走行してきたトラックと正面衝突した。","8","商業","802","小売業","80202","自動車小売業","1~9","2","物上げ装置、運搬機械","23","乗物","231","乗用車、バス、バイク","17","交通事故（道路）"
"192","2005","平成","17","12","23~24","右折しようと丁字路に進入したところ、走行してきたトラックに側面衝突された。","4","運輸交通業","402","道路旅客運送業","40201","ハイヤー・タクシー業","10~29","2","物上げ装置、運搬機械","23","乗物","231","乗用車、バス、バイク","17","交通事故（道路）"
"193","2005","平成","17","12","19~20","列車が転覆し、乗客として乗車していた被災者が巻き込まれた。","1","製造業","114","電気機械器具製造業","11403","電子機器用・通信機器用部品製造業","500~999","2","物上げ装置、運搬機械","23","乗物","232","鉄道車両","18","交通事故（その他）"
"194","2005","平成","17","1","1~2","自動車部品製造工程において、部材を載せて昇降する装置の搬器と装置側面の鉄板との間に挟まれた。","1","製造業","115","輸送用機械等製造業","11502","自動車・同付属品製造業","300~499","1","動力機械","16","一般動力機械","169","その他の一般動力機械","7","はさまれ、巻き込まれ"
"195","2005","平成","17","5","16~17","護岸工事において、作業用道路を整備するためブル・ドーザーにより中州周辺で整地作業を行っていたところ、後退の操作を行った際に川の深みにはまり、転落した。","3","建設業","301","土木工事業","30107","河川土木工事業","1~9","1","動力機械","14","建設機械等","141","整地・運搬・積込み用機械","1","墜落、転落"
"196","2005","平成","17","7","16~17","鋳型の型合せ装置にて、上型と下型のセットが終了し、当該装置内を下降してきた鋳型上方の湯口に、入れ忘れた伝票を入れようと装置内に身を乗り出したところ、当該装置内を下降してきた鋳型下降用のエアシリンダーフレームとセット前の鋳型との間に挟まれた。","17","その他の事業","1701","派遣業","170101","派遣業","1~9","1","動力機械","16","一般動力機械","164","射出成形機","7","はさまれ、巻き込まれ"
"197","2005","平成","17","8","10~11","登山歩道整備工事において、資材(重さ500キログラム)をモッコに入れ、ヘリコプターでつって運搬する作業中、登山道上で連絡・監視業務をしていた被災者につっていた資材が激突した。","3","建設業","301","土木工事業","30106","道路建設工事業","30~49","2","物上げ装置、運搬機械","22","動力運搬機","229","その他の動力運搬機","6","激突され"
"198","2005","平成","17","5","19~20","林道のぬかるみにはまった高所作業車を救出し終えた被災者が当該高所作業車から下車した際、当該高所作業車が坂道を無人の状態で走行し始めたため、これを停車させようとして被災者が追いかけたところ、当該高所作業車が道路脇の斜面に乗り上げ横転し、右側面にいた被災者が下敷きとなった。","4","運輸交通業","404","その他の運輸交通業","40409","その他の運輸交通業－その他","1~9","1","動力機械","14","建設機械等","146","高所作業車","17","交通事故（道路）"
"199","2005","平成","17","8","15~16","ドラグ・ショベルにより、砂をダンプトラックに積み込む作業中、ドラグ・ショベルを左旋回させた時に、被災者がダンプトラック後部とドラグ・ショベル後部との間に挟まれた。","4","運輸交通業","403","道路貨物運送業","40301","一般貨物自動車運送業","1~9","1","動力機械","14","建設機械等","142","掘削用機械","7","はさまれ、巻き込まれ"
"200","2005","平成","17","8","11~12","橋の上からバンジージャンプを飛び終えたジャンパーをゴムボートに収容する作業中、オールでボートをコントロールしていた際に、後ろ向きで川に転落した。","14","接客娯楽業","1403","その他の接客娯楽業","140309","その他の接客娯楽業－その他","1~9","7","環境等","71","環境等","713","水","10","おぼれ"
"201","2005","平成","17","10","17~18","トラックの荷台上でコンクリート製ブロックをフォークリフトで荷積み作業中、1段目の荷と2段目の荷の間に設置してあった枕木を調整していたときに荷台から転落した。その際、2段目に積んであった荷が被災者の上に落下した。","4","運輸交通業","403","道路貨物運送業","40301","一般貨物自動車運送業","30~49","2","物上げ装置、運搬機械","22","動力運搬機","221","トラック","1","墜落、転落"
"202","2005","平成","17","1","7~8","軽ワゴン車で走行中、雪にハンドルを取られた対向車が被災者の前方にはみ出し、被災者の運転する車両と衝突した。","3","建設業","302","建築工事業","30201","鉄骨・鉄筋コンクリート造家屋建築工事業","50~99","2","物上げ装置、運搬機械","23","乗物","231","乗用車、バス、バイク","17","交通事故（道路）"
"203","2005","平成","17","4","5~6","新聞配達作業のため、自転車で地下道内を走行中、バランスを崩し、自転車ごと転倒した。","8","商業","802","小売業","80205","新聞販売業","30~49","3","その他の装置等","36","人力機械工具等","362","人力運搬機","2","転倒"
"204","2005","平成","17","6","2~3","自動車を運転中、縁石に左後輪が接触し、右ハンドル切ったが、左カーブの箇所であり、進行方向右側に設置してあるガードレールに衝突、運転席側を下に横転した。","4","運輸交通業","403","道路貨物運送業","40301","一般貨物自動車運送業","100~299","2","物上げ装置、運搬機械","22","動力運搬機","221","トラック","17","交通事故（道路）"
"205","2005","平成","17","1","11~12","トタン屋根の軒先にできた氷柱を除去するため、屋根に上り、頭上の氷柱を棒で落とそうとした時、屋根面で足を滑らせ、7m下の道路に墜落した。","14","接客娯楽業","1401","旅館業","140101","旅館業","30~49","4","仮設物、建築物、構築物等","41","仮設物、建築物、構築物等","415","屋根、はり、もや、けた、合掌","1","墜落、転落"
"206","2005","平成","17","10","14~15","タイヤローダーの排土板の刃を交換するためアームを上げた状態で作業を行う際、排土板の外れ止めピンを抜いたままにしていたため、排土板が外れ、下で作業を行っていた被災者に落下した。","12","教育・研究業","1201","教育・研究業","120101","自動車教習所","10~29","1","動力機械","14","建設機械等","141","整地・運搬・積込み用機械","4","飛来、落下"
"207","2005","平成","17","1","1~2","製品を研磨する自動エアーショットブラスト装置における製品自動搬送装置の台車と台車との間に挟まれた。","1","製造業","115","輸送用機械等製造業","11502","自動車・同付属品製造業","500~999","2","物上げ装置、運搬機械","22","動力運搬機","229","その他の動力運搬機","7","はさまれ、巻き込まれ"
"208","2005","平成","17","6","0~1","墓石を移動するのに使用する移動式クレーンで、コンクリート階段脇のスロープを自走して上っていったところ、途中で移動式クレーンが後退し、機体後部で操作していた被災者が下敷きとなった。","1","製造業","109","窯業土石製品製造業","10909","その他の土石製品製造業","1~9","2","物上げ装置、運搬機械","21","動力クレーン等","212","移動式クレーン","6","激突され"
"209","2005","平成","17","7","8~9","2階屋根のもやの歪みを修正するために、もやを押し広げていたところ、墜落した。","3","建設業","302","建築工事業","30202","木造家屋建築工事業","1~9","4","仮設物、建築物、構築物等","41","仮設物、建築物、構築物等","415","屋根、はり、もや、けた、合掌","1","墜落、転落"
"210","2005","平成","17","12","5~6","電線支持用のブラケット取付作業中、ブラケットの位置決めをしようとして取付け予定位置に近づいたところ、そばにあった高圧線(6600V)に触れ、感電した。","3","建設業","303","その他の建設業","30301","電気通信工事業","1~9","3","その他の装置等","35","電気設備","351","送配電線等","13","感電"
"211","2005","平成","17","1","20~21","勤務開始前の時間に、勤務先のエレベーターホールで倒れた。","15","清掃・と畜業","1501","清掃・と畜業","150101","ビルメンテナンス業","300~499","9","その他","91","その他の起因物","911","その他の起因物","90","その他"
"212","2005","平成","17","2","22~23","国道の中央分離帯の切れ目で右折・Uターンをしようとして停車中、後続のトラックに追突されて対向車線に押し出され、向って来た大型トラックと衝突した。","3","建設業","301","土木工事業","30106","道路建設工事業","10~29","2","物上げ装置、運搬機械","23","乗物","231","乗用車、バス、バイク","17","交通事故（道路）"
"213","2005","平成","17","4","9~10","運搬用の4トントラックにブル・トーザーを載せる際にバランスを崩して横転し、作業者が下敷きとなった。","3","建設業","301","土木工事業","30109","土地整理土木工事業","30~49","1","動力機械","14","建設機械等","141","整地・運搬・積込み用機械","2","転倒"
"214","2005","平成","17","7","14~15","倉庫内でフォークリフトによる商品の棚換え作業中、フォークリフトの操作を誤りフォークリフトと棚の支柱との間に挟まれた。","4","運輸交通業","403","道路貨物運送業","40301","一般貨物自動車運送業","10~29","2","物上げ装置、運搬機械","22","動力運搬機","222","フォークリフト","7","はさまれ、巻き込まれ"
"215","2005","平成","17","8","3~4","原動機付き自転車(バイク)を運転して新聞配達中、信号機の交差点で軽乗用車と衝突した。","8","商業","802","小売業","80205","新聞販売業","30~49","2","物上げ装置、運搬機械","23","乗物","231","乗用車、バス、バイク","17","交通事故（道路）"
"216","2005","平成","17","12","14~15","トラックで国道を走行中、中央分離帯を乗り越え、対向してきたタンクローリー車と正面衝突した。","8","商業","802","小売業","80209","その他の小売業","10~29","2","物上げ装置、運搬機械","22","動力運搬機","221","トラック","17","交通事故（道路）"
"217","2005","平成","17","12","14~15","トラックで国道を走行中、中央分離帯を乗り越え、対向してきたタンクローリー車と正面衝突した。","8","商業","802","小売業","80209","その他の小売業","10~29","2","物上げ装置、運搬機械","22","動力運搬機","221","トラック","17","交通事故（道路）"
"218","2005","平成","17","1","0~1","昼食のために立ち寄った飲食店内で倒れた。","8","商業","804","その他の商業","80409","その他の商業－その他","1~9","9","その他","91","その他の起因物","911","その他の起因物","90","その他"
"219","2005","平成","17","1","11~12","作業手順を検討中、高さ6mの作業床にあった開口部より地面に墜落した。","3","建設業","303","その他の建設業","30302","機械器具設置工事業","1~9","4","仮設物、建築物、構築物等","41","仮設物、建築物、構築物等","414","開口部","1","墜落、転落"
"220","2005","平成","17","5","16~17","電線等の廃材から取出した銅線を束ねて荷姿(1束の重さ0.3~1トン)にし、はい積みして保管していたところ、はいが崩れ、付近で廃材の加工を行っていた被災者が銅線の下敷きとなった。","1","製造業","110","鉄鋼業","11009","その他の鉄鋼業","10~29","6","荷","61","荷","611","荷姿の物","5","崩壊、倒壊"
"221","2005","平成","17","5","16~17","船底の清掃作業中、清掃作業に障害となる昇降設備をフォークリフトで移動しようとしたところ、運搬中に昇降設備がフォークから外れて倒れ、昇降設備を支持していた作業者がその下敷きとなった。","15","清掃・と畜業","1501","清掃・と畜業","150101","ビルメンテナンス業","10~29","2","物上げ装置、運搬機械","22","動力運搬機","222","フォークリフト","4","飛来、落下"
"222","2005","平成","17","6","10~11","廃液貯蔵タンクの天板にできたピンホールを補修するため、タンク上部でアーク溶接によりあて板を溶接中、タンクが爆発した。","3","建設業","303","その他の建設業","30309","その他の建設業－その他","10~29","5","物質、材料","51","危険物、有害物等","513","可燃性のガス","14","爆発"
"223","2005","平成","17","7","10~11","エレベーターの検査受験準備のため、ピット内で試運転・調整・データ取りの作業を行っていたところ、搬器が急に落下し、床面との間に挟まれた。","3","建設業","303","その他の建設業","30302","機械器具設置工事業","1~9","2","物上げ装置、運搬機械","21","動力クレーン等","214","エレベータ、リフト","4","飛来、落下"
"224","2005","平成","17","11","14~15","8トン六脚消波ブロックの据付作業において、消波ブロックの上で据付場所の確認をしていたところ、バランスを崩して海中に転落、波にさらわれた。","3","建設業","301","土木工事業","30111","港湾海岸工事業","1~9","4","仮設物、建築物、構築物等","41","仮設物、建築物、構築物等","419","その他の仮設物、建築物、構築物等","1","墜落、転落"
"225","2005","平成","17","2","13~14","高速自動車道を走行中、左側の縁石に乗り上げ、その反動で対向車線にはみ出し、対向車線を走行中のトラックと衝突した。","13","保健・衛生業","1301","医療保健業","130101","病院","100~299","2","物上げ装置、運搬機械","23","乗物","231","乗用車、バス、バイク","17","交通事故（道路）"
"226","2005","平成","17","12","9~10","木材をトラックに積み込む作業中、積み込んだ木材の上で均し作業を行っていたところアスファルトの地面に墜落した。","1","製造業","104","木材・木製品製造業","10401","製材業","10~29","2","物上げ装置、運搬機械","22","動力運搬機","221","トラック","1","墜落、転落"
"227","2005","平成","17","1","14~15","河川に鉄管を河岸から敷設する作業中、ドラグ・ショベルの運転席に運転手が座った際、衣服のポケットバケットの旋回レバーにひっかかり、当該レバーを引いた状態であったが、それに気づかず運転を開始した。そのため、運転開始と同時にドラグ・ショベルのバケットが急旋回し、近くにいた被災者に激突し、被災者は当該バケットと鉄管との間に挟まれた。","3","建設業","301","土木工事業","30106","道路建設工事業","1~9","1","動力機械","14","建設機械等","142","掘削用機械","6","激突され"
"228","2005","平成","17","3","13~14","工事現場に、車両積載形トラッククレーンに積載された鉄骨資材を搬入するため、坂道をブレーキを掛けながら下りていたところ、途中でブレーキが効かない状態となり、擁壁側で誘導していた被災者が、車体と擁壁との間に挟まれた。","3","建設業","302","建築工事業","30201","鉄骨・鉄筋コンクリート造家屋建築工事業","10~29","2","物上げ装置、運搬機械","22","動力運搬機","221","トラック","7","はさまれ、巻き込まれ"
"229","2005","平成","17","4","8~9","砕石プラントにおいて、ダンプトラックの荷台を上げて、荷台下のシャフトのグリスアップ作業をしていたところ、降下してきた荷台とフレームとの間に挟まれた。","2","鉱業","202","土石採取業","20202","砂利採取業","10~29","2","物上げ装置、運搬機械","22","動力運搬機","221","トラック","7","はさまれ、巻き込まれ"
"230","2005","平成","17","11","10~11","木造住宅兼店舗の新築工事現場で組まれた天びん梁等の取付け作業を、梁上で行っていたところ、つり具を外すために梁上を移動した被災者が、梁を踏み外して4m下のコンクリート床に墜落した。","3","建設業","302","建築工事業","30202","木造家屋建築工事業","1~9","4","仮設物、建築物、構築物等","41","仮設物、建築物、構築物等","415","屋根、はり、もや、けた、合掌","1","墜落、転落"
"231","2005","平成","17","6","10~11","トラック運転席上部にあるシートバケットへシートを載せるため、バケットを地上から7mの高さまで持ち上げて停止させ、シートをシートバケットへ載せようとしたところ、誤まって足を踏み外し、地上に墜落した。","8","商業","801","卸売業","80109","その他の卸売業","1~9","2","物上げ装置、運搬機械","22","動力運搬機","225","ローダー","1","墜落、転落"
"232","2005","平成","17","10","9~10","乗用車を運転して県道を走行中、左カーブに差し掛かる付近で対向車線にはみ出し、対向してきた大型ダンプトラックと正面衝突した。","1","製造業","114","電気機械器具製造業","11403","電子機器用・通信機器用部品製造業","100~299","2","物上げ装置、運搬機械","23","乗物","231","乗用車、バス、バイク","17","交通事故（道路）"
"233","2005","平成","17","4","5~6","トラックで国道を走行中、緩やかな右カーブで、対向車線からはみ出して向かってきた大型トレーラートラックにほぼ正面から衝突した。","3","建設業","303","その他の建設業","30309","その他の建設業－その他","10~29","2","物上げ装置、運搬機械","22","動力運搬機","221","トラック","17","交通事故（道路）"
"234","2005","平成","17","5","14~15","マイクロバスで走行中、県道脇の小川に転落した。","14","接客娯楽業","1401","旅館業","140101","旅館業","1~9","2","物上げ装置、運搬機械","23","乗物","231","乗用車、バス、バイク","17","交通事故（道路）"
"235","2005","平成","17","6","16~17","火力発電所の定期点検中、給水加熱器のマンホール内部で倒れた。","3","建設業","303","その他の建設業","30302","機械器具設置工事業","1~9","7","環境等","71","環境等","714","異常環境等","12","有害物等との接触"
"236","2005","平成","17","1","15~16","松の木の伐採作業を行っていた作業者が、伐倒方向にいる被災者に気づかないまま木を切り倒したため、同木が被災者を直撃した。","6","農林業","602","林業","60201","木材伐出業","1~9","7","環境等","71","環境等","712","立木等","6","激突され"
"237","2005","平成","17","1","14~15","ナラの木の伐採作業をしていた際、伐倒木が落下し20m下で作業していた被災者が伐倒木の下敷きとなった。","3","建設業","301","土木工事業","30106","道路建設工事業","10~29","7","環境等","71","環境等","712","立木等","4","飛来、落下"
"238","2005","平成","17","5","8~9","砂を貯蔵するサイロ内で作業中の被災者が、砂により生き埋めになった。","1","製造業","109","窯業土石製品製造業","10901","セメント・同製品製造業","10~29","5","物質、材料","52","材料","523","石、砂、砂利","5","崩壊、倒壊"
"239","2005","平成","17","8","15~16","沈砂池設備周辺の清掃業務を被災者が行っていたところ、清掃の過程で周辺にあったスズメバチの巣を刺激し、スズメバチに刺された。","3","建設業","301","土木工事業","30106","道路建設工事業","10~29","7","環境等","71","環境等","719","その他の環境等","90","その他"
"240","2005","平成","17","1","11~12","全面ガラス張りの建屋の屋根を清掃中、ガラス板を踏み抜き、5m墜落した。","3","建設業","302","建築工事業","30209","その他の建築工事業","30~49","4","仮設物、建築物、構築物等","41","仮設物、建築物、構築物等","415","屋根、はり、もや、けた、合掌","1","墜落、転落"
"241","2005","平成","17","2","13~14","チップ材料にするための雑木の伐木作業の際、立木をチェーンソーで伐倒し、退避しようとした際につまずいて倒れ、倒れたところに伐倒した木の根元部分が浮き上がり、被災者に乗り上げた。","6","農林業","602","林業","60201","木材伐出業","10~29","7","環境等","71","環境等","712","立木等","6","激突され"
"242","2005","平成","17","2","9~10","一般廃棄物の収集作業中、県道に停車し、車から降りて道路右側のごみを取りに行こうとして道路を横断しようとした際、対向車線を走行してきた乗用車にはねられた。","15","清掃・と畜業","1501","清掃・と畜業","150103","その他の廃棄物処理業","10~29","2","物上げ装置、運搬機械","23","乗物","231","乗用車、バス、バイク","17","交通事故（道路）"
"243","2005","平成","17","3","11~12","国道の歩道改良工事において、ホイールローダーを使用し採石の均し作業をするため後退したところ、現場の作業状況の写真撮影をしていた被災者に激突した。","3","建設業","301","土木工事業","30106","道路建設工事業","1~9","1","動力機械","14","建設機械等","141","整地・運搬・積込み用機械","7","はさまれ、巻き込まれ"
"244","2005","平成","17","3","21~22","トラックで走行中、橋からトラックごと運河に落下した。","4","運輸交通業","403","道路貨物運送業","40301","一般貨物自動車運送業","10~29","2","物上げ装置、運搬機械","22","動力運搬機","221","トラック","17","交通事故（道路）"
"245","2005","平成","17","7","13~14","ゴルフ場内の斜面を走っていた芝刈り機が横転し、その下敷きとなった。","14","接客娯楽業","1403","その他の接客娯楽業","140301","ゴルフ場","30~49","1","動力機械","16","一般動力機械","169","その他の一般動力機械","6","激突され"
"246","2005","平成","17","8","17~18","給油ホースをトラックの荷台から屋外に設置された灯油タンクまで引き出す作業に従事していたところ、敷地内にあった使用されていない古井戸の中に墜落した。","8","商業","802","小売業","80204","燃料小売業","1~9","4","仮設物、建築物、構築物等","41","仮設物、建築物、構築物等","418","建築物、構築物","1","墜落、転落"
"247","2005","平成","17","6","5~6","原動機付き自転車(バイク)を運転し、交差点を右折しようとしたとき、対向車線を直進してきた乗用車と衝突した。","8","商業","802","小売業","80205","新聞販売業","1~9","2","物上げ装置、運搬機械","23","乗物","231","乗用車、バス、バイク","17","交通事故（道路）"
"248","2005","平成","17","11","0~1","乗用車を後進で動かしたところ、乗用車の後方を徒歩で移動していた被災者に気づかずに接触した。","1","製造業","104","木材・木製品製造業","10401","製材業","10~29","2","物上げ装置、運搬機械","23","乗物","231","乗用車、バス、バイク","6","激突され"
"249","2005","平成","17","12","9~10","送材機能を有する自動カンナ盤を使用して板材の製造を行っていた被災者が、カンナ盤の送材ローラーに防寒服を巻き込まれた。","1","製造業","104","木材・木製品製造業","10409","その他の木材・木製品製造業","10~29","1","動力機械","13","木材加工用機械","133","かんな盤","7","はさまれ、巻き込まれ"
"250","2005","平成","17","1","11~12","砕石場で石を小割りしていた時、当該崖から崩れ落ちた巨石(重さ20トン)が、当該ブレーカーに激突し、運転席の被災者が押し潰された。","2","鉱業","202","土石採取業","20201","採石業","10~29","7","環境等","71","環境等","711","地山、岩石","5","崩壊、倒壊"
"251","2005","平成","17","1","1~2","国道を走行中、信号待ちをしていた大型トラックに追突した。","4","運輸交通業","403","道路貨物運送業","40301","一般貨物自動車運送業","10~29","2","物上げ装置、運搬機械","22","動力運搬機","221","トラック","17","交通事故（道路）"
"252","2005","平成","17","6","15~16","資材置き場でコンクリートをつり上げた際、車両積載形トラッククレーンが横転した。","3","建設業","301","土木工事業","30199","その他の土木工事業","1~9","2","物上げ装置、運搬機械","21","動力クレーン等","212","移動式クレーン","7","はさまれ、巻き込まれ"
"253","2005","平成","17","6","14~15","切羽より原石をトラックで運搬作業中、トラックが作業道路から60m下に転落した。","2","鉱業","202","土石採取業","20201","採石業","1~9","2","物上げ装置、運搬機械","22","動力運搬機","221","トラック","1","墜落、転落"
"254","2005","平成","17","2","14~15","山林において、チェーンソーで立木を伐倒したところ、伐倒した方向にいた被災者に激突した。","6","農林業","602","林業","60209","その他の林業","1~9","7","環境等","71","環境等","712","立木等","6","激突され"
"255","2005","平成","17","3","2~3","国道の交差点において、被災者が運転する軽自動車がダンプトラックと出会い頭に衝突した。","4","運輸交通業","402","道路旅客運送業","40209","その他の道路旅客運送業","不明","2","物上げ装置、運搬機械","23","乗物","231","乗用車、バス、バイク","17","交通事故（道路）"
"256","2005","平成","17","3","21~22","芝をトラックに積み込み、国道を走行中に横転、道路脇の擁壁に激突、道路に投げ出された。","4","運輸交通業","403","道路貨物運送業","40301","一般貨物自動車運送業","1~9","2","物上げ装置、運搬機械","22","動力運搬機","221","トラック","17","交通事故（道路）"
"257","2005","平成","17","4","13~14","トラックで走行中に、信号のある交差点においてワゴン車と出会い頭に衝突した。","8","商業","801","卸売業","80101","各種商品卸売業","1~9","2","物上げ装置、運搬機械","22","動力運搬機","221","トラック","17","交通事故（道路）"
"258","2005","平成","17","4","17~18","飼料運搬用バルク車の上で、フォークリフト積込みのためフレコンパックの位置調整をしていたところ、高さ2.7mのバルク車の上から転落した。","4","運輸交通業","403","道路貨物運送業","40301","一般貨物自動車運送業","10~29","2","物上げ装置、運搬機械","22","動力運搬機","221","トラック","1","墜落、転落"
"259","2005","平成","17","8","21~22","通行止となっていた県道の冠水箇所に突っ込み、トラックが動けなくなり立ち往生した。","4","運輸交通業","403","道路貨物運送業","40301","一般貨物自動車運送業","30~49","7","環境等","71","環境等","713","水","10","おぼれ"
"260","2005","平成","17","9","5~6","プラスチック原料を練り混ぜるバンバリー機の清掃のため、運転を停止し、ホッパードアから上半身を機械内部に乗り出して原料の拭取りをしていたところ、材料を上から押さえるウエイトとホッパードアとの間に挟まれた。","1","製造業","108","化学工業","10801","無機・有機化学工業製品製造業","30~49","1","動力機械","16","一般動力機械","162","混合機、粉砕機","7","はさまれ、巻き込まれ"
"261","2005","平成","17","9","16~17","防犯灯を取り替える作業中、防犯灯が取り付けられている木柱が傾いてはしごが倒れ、墜落した。","3","建設業","303","その他の建設業","30301","電気通信工事業","1~9","3","その他の装置等","37","用具","371","はしご等","1","墜落、転落"
"262","2005","平成","17","7","16~17","木造建造物解体後の廃材搬出作業中、転倒した。","3","建設業","302","建築工事業","30202","木造家屋建築工事業","1~9","4","仮設物、建築物、構築物等","41","仮設物、建築物、構築物等","417","通路","2","転倒"
"263","2005","平成","17","9","14~15","パン工場兼店舗の新築工事現場において、照明器具を取り付ける作業をしていたところ、墜落した。","3","建設業","303","その他の建設業","30301","電気通信工事業","1~9","3","その他の装置等","37","用具","371","はしご等","1","墜落、転落"
"264","2005","平成","17","1","5~6","県道の左端にトラックを駐車し、被災者が荷下ろし作業をしていたところ、別のトラックに追突された。","1","製造業","101","食料品製造業","10104","パン、菓子製造業","1000~9999","2","物上げ装置、運搬機械","22","動力運搬機","221","トラック","17","交通事故（道路）"
"265","2005","平成","17","5","4~5","コンクリート製のトンネル部材(重さ2.5トン)を、ホイスト式天井クレーンでトラックに積み込もうとしていたとき、玉掛部のアイボルトが破断し、当該コンクリート製品が被災者に落下した。","1","製造業","109","窯業土石製品製造業","10901","セメント・同製品製造業","50~99","3","その他の装置等","37","用具","372","玉掛用具","4","飛来、落下"
"266","2005","平成","17","1","22~23","食パンを焼き上げる工程において、食パンの入った金型を自動で送り出すバーに挟まれた。","1","製造業","101","食料品製造業","10101","肉製品、乳製品製造業","300~499","1","動力機械","16","一般動力機械","169","その他の一般動力機械","7","はさまれ、巻き込まれ"
"267","2005","平成","17","3","13~14","プール脇の更衣室の屋根(高さ3.5m)上において、下地材をはけにより塗布する作業中、コンクリート地面に落下した。","3","建設業","303","その他の建設業","30309","その他の建設業－その他","1~9","4","仮設物、建築物、構築物等","41","仮設物、建築物、構築物等","415","屋根、はり、もや、けた、合掌","1","墜落、転落"
"268","2005","平成","17","6","11~12","フォークリフトのタイヤがパンクし、交換作業のためホイールのボルトを外していたところ、チューブが破裂し、ホイールが飛散した。","4","運輸交通業","403","道路貨物運送業","40301","一般貨物自動車運送業","50~99","6","荷","61","荷","611","荷姿の物","15","破裂"
"269","2005","平成","17","7","6~7","国道を走行中、左カーブを曲がりきれずにセンターラインをはみ出して対向車のトラックと正面衝突した。","4","運輸交通業","403","道路貨物運送業","40301","一般貨物自動車運送業","不明","2","物上げ装置、運搬機械","22","動力運搬機","221","トラック","17","交通事故（道路）"
"270","2005","平成","17","6","10~11","油圧ショベルの側面を移動していたところ、油圧ショベルが旋回し、地山とカウンターウエイトとの間に挟まれた。","3","建設業","301","土木工事業","30106","道路建設工事業","1~9","1","動力機械","14","建設機械等","142","掘削用機械","7","はさまれ、巻き込まれ"
"271","2005","平成","17","8","11~12","H鋼のガス溶断作業中、H鋼の間に挟まれた。","8","商業","801","卸売業","80109","その他の卸売業","10~29","5","物質、材料","52","材料","521","金属材料","5","崩壊、倒壊"
"272","2005","平成","17","8","10~11","高圧電線(6600V)の張替工事中、既設電線を撤去する際に、充電部に接触し、地面に落下した。","3","建設業","303","その他の建設業","30301","電気通信工事業","1~9","3","その他の装置等","35","電気設備","351","送配電線等","13","感電"
"273","2005","平成","17","9","15~16","工場内にトラックを停車した後、熱中症で倒れた。","4","運輸交通業","403","道路貨物運送業","40301","一般貨物自動車運送業","1~9","7","環境等","71","環境等","715","高温・低温環境","11","高温・低温の物との接触"
"274","2005","平成","17","1","9~10","建築用鉄骨鋼材の溶接部の欠陥を補修をするため、鋼材上に乗って準備作業中、鋼材の一部に左足が引っ掛かり、転倒した。","1","製造業","112","金属製品製造業","11209","その他の金属製品製造業","10~29","5","物質、材料","52","材料","521","金属材料","2","転倒"
"275","2005","平成","17","7","16~17","競走馬育成牧場の厩舎内において、厩舎の清掃作業等を体験就労中、熱中症により体調不調を訴えた。","7","畜産・水産業","701","畜産業","70101","畜産業","10~29","7","環境等","71","環境等","715","高温・低温環境","11","高温・低温の物との接触"
"276","2005","平成","17","8","2~3","農業用フィルムの製造ラインにおいて品種の切替え作業を行っていたところ、製品重量秤の位置がずれたため、ラインを手動に切り替え、ロールとガイドバーの間に入って秤の位置を修正中、他の作業者がラインのスイッチを入れてしまったために、被災者がロールとガイドバーとの間に挟まれた。","1","製造業","108","化学工業","10805","プラスチック製品製造業","50~99","1","動力機械","16","一般動力機械","163","ロール機（印刷ロール機を除く。）","7","はさまれ、巻き込まれ"
"277","2005","平成","17","12","13~14","トラックから床上操作式クレーンを使用し、鉄板8枚(重さ2.6トン)の荷降ろし作業をしていたところ、鉄板が玉掛け用具から外れて落下し被災者に激突した。","1","製造業","112","金属製品製造業","11209","その他の金属製品製造業","10~29","3","その他の装置等","37","用具","372","玉掛用具","4","飛来、落下"
"278","2005","平成","17","4","18~19","駐車場の清掃をし、道路を挟んで向かい側に一輪車でゴミを捨てに行こうと道路を横断していたところ、渡りきる寸前に、道路を走行してきた車にはねられた。","4","運輸交通業","403","道路貨物運送業","40301","一般貨物自動車運送業","30~49","2","物上げ装置、運搬機械","23","乗物","231","乗用車、バス、バイク","17","交通事故（道路）"
"279","2005","平成","17","5","21~22","ガスタンク(直径60m)の外層と内層の間に断熱材の紛体を充てんする作業を行っていたところ、誤ってタンク上部の球面で滑落し、側壁部の充てん済みの断熱材に埋没した。","3","建設業","303","その他の建設業","30309","その他の建設業－その他","1~9","4","仮設物、建築物、構築物等","41","仮設物、建築物、構築物等","418","建築物、構築物","1","墜落、転落"
"280","2005","平成","17","6","8~9","トンネル用鋼板部材のセグメント(重さ3トン)の溶接かすの除去作業を行っていたところ、倒れてきた当該セグメントに挟まれた。","1","製造業","112","金属製品製造業","11209","その他の金属製品製造業","10~29","3","その他の装置等","37","用具","372","玉掛用具","5","崩壊、倒壊"
"281","2005","平成","17","11","18~19","高炉に付随する集じん機の配管補修作業を行っていたところ、ガス中毒で意識不明となった。","1","製造業","110","鉄鋼業","11001","製鉄・製鋼・圧延業","1~9","7","環境等","71","環境等","714","異常環境等","12","有害物等との接触"
"282","2005","平成","17","11","5~6","工事現場へトラックで向かっていたところ、交差点で前方のタンクローリーが大型ダンプトラックと衝突し、後方を走行していた被災者のトラックが横転したタンクローリーと衝突した。","3","建設業","301","土木工事業","30199","その他の土木工事業","10~29","2","物上げ装置、運搬機械","22","動力運搬機","221","トラック","17","交通事故（道路）"
"283","2005","平成","17","11","5~6","工事現場へトラックで向かっていたところ、交差点で前方のタンクローリーが大型ダンプトラックと衝突し、後方を走行していた被災者のトラックが横転したタンクローリーと衝突した。","3","建設業","301","土木工事業","30199","その他の土木工事業","10~29","2","物上げ装置、運搬機械","22","動力運搬機","221","トラック","17","交通事故（道路）"
"284","2005","平成","17","3","14~15","バックで工場内に進行してきたトラックに激突され、鉄骨との間に挟まれた。","1","製造業","112","金属製品製造業","11209","その他の金属製品製造業","1~9","2","物上げ装置、運搬機械","22","動力運搬機","221","トラック","6","激突され"
"285","2005","平成","17","3","23~24","トレーラートラックで国道を走行中、道路上に落ちていた落下物(アスファルト塊)に乗り上げ、ハンドル操作が利かなくなり、道路に隣接した石垣に激突し、トレーラートラックが炎上した。","4","運輸交通業","403","道路貨物運送業","40301","一般貨物自動車運送業","10~29","2","物上げ装置、運搬機械","22","動力運搬機","221","トラック","17","交通事故（道路）"
"286","2005","平成","17","5","0~1","資材置き場で、不安定な状態となっていたU字ブロック(重さ460キログラム)に近づいたところ、当該ブロックが崩れ下敷きとなった。","1","製造業","109","窯業土石製品製造業","10901","セメント・同製品製造業","50~99","5","物質、材料","52","材料","529","その他の材料","4","飛来、落下"
"287","2005","平成","17","8","10~11","搬送装置により運ばれてきた部材と加工室の天井との間に挟まれた。","1","製造業","115","輸送用機械等製造業","11509","その他の輸送用機械等製造業","100~299","2","物上げ装置、運搬機械","22","動力運搬機","229","その他の動力運搬機","7","はさまれ、巻き込まれ"
"288","2005","平成","17","8","19~20","国道をトラックで走行中、中央分離帯を乗り越えてきた対向車に正面衝突した。","4","運輸交通業","403","道路貨物運送業","40301","一般貨物自動車運送業","30~49","2","物上げ装置、運搬機械","22","動力運搬機","221","トラック","17","交通事故（道路）"
"289","2005","平成","17","9","15~16","国道を走行中、対向車線にはみ出し、大型トラックと正面衝突した。","8","商業","801","卸売業","80109","その他の卸売業","30~49","2","物上げ装置、運搬機械","23","乗物","231","乗用車、バス、バイク","17","交通事故（道路）"
"290","2005","平成","17","9","1~2","タクシーを運転中、対向車がセンターラインをはみ出してきて、正面衝突した。","4","運輸交通業","402","道路旅客運送業","40201","ハイヤー・タクシー業","30~49","2","物上げ装置、運搬機械","23","乗物","231","乗用車、バス、バイク","17","交通事故（道路）"
"291","2005","平成","17","12","4~5","原動機付き自転車(バイク)で新聞配達中に市道交差点において、乗用車と出会い頭に衝突した。","8","商業","802","小売業","80205","新聞販売業","10~29","2","物上げ装置、運搬機械","23","乗物","231","乗用車、バス、バイク","17","交通事故（道路）"
"292","2005","平成","17","12","12~13","高速自動車道を走行中、運転操作を誤り、中央分離帯のガードレールに衝突し横転した。","3","建設業","302","建築工事業","30203","建築設備工事業","10~29","2","物上げ装置、運搬機械","23","乗物","231","乗用車、バス、バイク","17","交通事故（道路）"
"293","2005","平成","17","2","1~2","国道をトラックで走行中、対向車線を走行してきた大型トラックが、カーブのところで前方車両を追い越すため、センターラインをはみ出してきて正面衝突した。","4","運輸交通業","403","道路貨物運送業","40301","一般貨物自動車運送業","10~29","2","物上げ装置、運搬機械","22","動力運搬機","221","トラック","17","交通事故（道路）"
"294","2005","平成","17","6","16~17","収穫した梅を回収するため、軽トラックにて回収場所へ行く途中、車ごと道路から転落した。","17","その他の事業","1702","その他の事業","170209","その他の事業－その他","10~29","2","物上げ装置、運搬機械","22","動力運搬機","221","トラック","1","墜落、転落"
"295","2005","平成","17","8","11~12","工場内で、はけ塗り作業に使用したローリングタワーの解体作業中、2段目の作業床上にいた作業者が、足元の足場板1枚を下ろそうと持ち上げたところ、上端が天井梁に引っかかったためバランスを崩し転落した。","3","建設業","303","その他の建設業","30309","その他の建設業－その他","1~9","4","仮設物、建築物、構築物等","41","仮設物、建築物、構築物等","411","足場","1","墜落、転落"
"296","2005","平成","17","12","3~4","トラックを運転し国道交差点で信号待ちをしていたところ、後ろから大型トラックに追突されたはずみで、前に止まっていたトラックに玉突き衝突した。","4","運輸交通業","403","道路貨物運送業","40301","一般貨物自動車運送業","50~99","2","物上げ装置、運搬機械","22","動力運搬機","221","トラック","17","交通事故（道路）"
"297","2005","平成","17","1","14~15","郵便物を持って階段を下りようとしたところ、階段の上部でバランスを崩し、最下段まで転落した。","11","通信業","1101","通信業","110101","通信業","100~299","4","仮設物、建築物、構築物等","41","仮設物、建築物、構築物等","413","階段、桟橋","1","墜落、転落"
"298","2005","平成","17","3","10~11","工場の2階にあるロッカーを手で持って1階まで階段を使って下ろす作業中、ロッカーとともに階段を転落し、当該ロッカーの下敷きとなった。","17","その他の事業","1701","派遣業","170101","派遣業","1~9","4","仮設物、建築物、構築物等","41","仮設物、建築物、構築物等","419","その他の仮設物、建築物、構築物等","1","墜落、転落"
"299","2005","平成","17","6","3~4","新聞配達中に、十字路を通過しようとしたところ、左側より進入してきたトラックに側面から衝突された。","8","商業","802","小売業","80205","新聞販売業","30~49","2","物上げ装置、運搬機械","23","乗物","231","乗用車、バス、バイク","17","交通事故（道路）"
"300","2005","平成","17","7","6~7","国道を走行中に、右カーブにさしかかる直前に、前方から対向車がセンターラインをはみ出してきて正面衝突した。","4","運輸交通業","403","道路貨物運送業","40301","一般貨物自動車運送業","30~49","2","物上げ装置、運搬機械","22","動力運搬機","221","トラック","17","交通事故（道路）"
"301","2005","平成","17","12","11~12","建物屋上に設置してある貯水槽の内部を調べるため、貯水槽に設けられたタラップを昇っていたところ、墜落した。","17","その他の事業","1702","その他の事業","170209","その他の事業－その他","1~9","4","仮設物、建築物、構築物等","41","仮設物、建築物、構築物等","418","建築物、構築物","1","墜落、転落"
"302","2005","平成","17","4","4~5","交差点において、被災者の運転していたタンクローリーと交差点右側から来た普通トラックが衝突し、両車とも炎上した。","4","運輸交通業","403","道路貨物運送業","40301","一般貨物自動車運送業","1~9","2","物上げ装置、運搬機械","22","動力運搬機","221","トラック","17","交通事故（道路）"
"303","2005","平成","17","5","15~16","ロールアーム上部組立工程作業において、中折防止スプリングを取り付けようと他の作業者がアーム下部に上ったところ、アームが曲がって降下し、被災者が挟まれた。","1","製造業","115","輸送用機械等製造業","11502","自動車・同付属品製造業","10~29","2","物上げ装置、運搬機械","22","動力運搬機","229","その他の動力運搬機","7","はさまれ、巻き込まれ"
"304","2005","平成","17","12","6~7","製材装置から排出されたおがくずを溜めておくサイロから、トラックへおがくずを積み込む作業中、おがくずの落下によりトラックの荷台内で生き埋めとなった。","4","運輸交通業","403","道路貨物運送業","40309","その他の道路貨物運送業","10~29","5","物質、材料","52","材料","522","木材、竹材","4","飛来、落下"
"305","2005","平成","17","12","4~5","高速自動車道のインターチェンジ合流付近において、大型トラック同士の追突事故によりトラックが停止していたところに、後方から走行してきた被災者の運転する大型トラックが追突し、炎上した。","4","運輸交通業","403","道路貨物運送業","40301","一般貨物自動車運送業","50~99","2","物上げ装置、運搬機械","22","動力運搬機","221","トラック","17","交通事故（道路）"
"306","2005","平成","17","2","17~18","作業終了後、帰宅しようと現場事務所から自分の車に向かう途中、走行してきた乗用車にはねられた。","3","建設業","301","土木工事業","30106","道路建設工事業","1~9","2","物上げ装置、運搬機械","23","乗物","231","乗用車、バス、バイク","18","交通事故（その他）"
"307","2005","平成","17","3","4~5","トラックで国道を走行中、駐車中のトレーラートラックに追突した。","4","運輸交通業","403","道路貨物運送業","40301","一般貨物自動車運送業","10~29","2","物上げ装置、運搬機械","22","動力運搬機","221","トラック","17","交通事故（道路）"
"308","2005","平成","17","5","9~10","スレート屋根の雨どいにたまった枯葉を取り除く作業中、スレート屋根を踏み抜き、8m下のコンクリート床に墜落した。","4","運輸交通業","403","道路貨物運送業","40301","一般貨物自動車運送業","10~29","4","仮設物、建築物、構築物等","41","仮設物、建築物、構築物等","415","屋根、はり、もや、けた、合掌","1","墜落、転落"
"309","2005","平成","17","9","9~10","ゴミ収集車のゴミを押し込むカッターローラーを回転させながら水洗いをしていたところ、カッターローラーに挟まれた。","15","清掃・と畜業","1501","清掃・と畜業","150109","その他の清掃・と畜業","10~29","2","物上げ装置、運搬機械","22","動力運搬機","229","その他の動力運搬機","7","はさまれ、巻き込まれ"
"310","2005","平成","17","9","5~6","トラックで国道を走行中、赤信号で停止していた大型トラックに追突した。","4","運輸交通業","403","道路貨物運送業","40301","一般貨物自動車運送業","30~49","2","物上げ装置、運搬機械","22","動力運搬機","221","トラック","17","交通事故（道路）"
"311","2005","平成","17","11","19~20","山林内でショベルカーを運転し、遊歩道を整備しているとき、ショベルカーが法面を8m転落し、ショベルカーの下敷きとなった。","14","接客娯楽業","1401","旅館業","140101","旅館業","50~99","1","動力機械","14","建設機械等","141","整地・運搬・積込み用機械","1","墜落、転落"
"312","2005","平成","17","11","10~11","運転代行業務のため、同僚が運転する客の車の後方を随伴車で走行していたところ、センターラインをはみ出して走行してきた対向車と正面衝突した。","17","その他の事業","1702","その他の事業","170209","その他の事業－その他","10~29","2","物上げ装置、運搬機械","23","乗物","231","乗用車、バス、バイク","17","交通事故（道路）"
"313","2005","平成","17","12","13~14","足場シートの取外し作業を行うため、足場を移動中、本来2枚敷きであるはずの布板が1枚のみの場所があり、そこから地面へ墜落した。","3","建設業","302","建築工事業","30201","鉄骨・鉄筋コンクリート造家屋建築工事業","1~9","4","仮設物、建築物、構築物等","41","仮設物、建築物、構築物等","411","足場","1","墜落、転落"
"314","2005","平成","17","4","11~12","山腹工事現場に設置された4人乗りのモノレールに乗り込んで下山中、油圧モーターの車輪のシャフトが折れ、モノレールの運搬機が暴走した。このため暴走した運搬機から飛び下りたが、その後、暴走していた運搬機の動力車と動力車が牽引していた乗用台車との間に挟まれた。","3","建設業","301","土木工事業","30108","砂防工事業","1~9","1","動力機械","11","原動機（電動機を除く）","111","原動機（電動機を除く）","7","はさまれ、巻き込まれ"
"315","2005","平成","17","8","13~14","道路を4トンローラーを用いて締固め中、路肩からローラーごと2m転落し、ローラーの下敷きになった。","3","建設業","301","土木工事業","30106","道路建設工事業","10~29","1","動力機械","14","建設機械等","144","締固め用機械","1","墜落、転落"
"316","2005","平成","17","9","8~9","トラックの荷台に鉄くずを固定していたロープを解いていたところ、構内を走行していた他のトラックに激突された。","8","商業","804","その他の商業","80409","その他の商業－その他","1~9","2","物上げ装置、運搬機械","22","動力運搬機","221","トラック","6","激突され"
"317","2005","平成","17","10","11~12","屋根の張替え作業で、プラスチック製の波板を屋根に設置中、古い波板を踏み抜き、5m下のコンクリート面に墜落した。","3","建設業","302","建築工事業","30209","その他の建築工事業","1~9","4","仮設物、建築物、構築物等","41","仮設物、建築物、構築物等","415","屋根、はり、もや、けた、合掌","1","墜落、転落"
"318","2005","平成","17","2","16~17","フォークリフトを使用し、倉庫内の荷の整理を行っていたところ、運搬していた荷が荷崩れをしたため、運転台に上りマストの上部から荷崩れを直そうとしたところ、マストが起伏し、マストのリブとヘッドガードとの間に挟まれた。","4","運輸交通業","403","道路貨物運送業","40301","一般貨物自動車運送業","30~49","2","物上げ装置、運搬機械","22","動力運搬機","222","フォークリフト","7","はさまれ、巻き込まれ"
"319","2005","平成","17","9","21~22","アルミ溶解炉から排出されたアルミ灰を粉砕機の回転ドラム(直径2m、長さ6m)に投入する作業において、作業を開始するため、運転スイッチを入れたところ、粉砕機のドラム内から、悲鳴が聞こえたため、運転を停止しドラム内をのぞいたところ、横たわっている被災者を発見した。","1","製造業","111","非鉄金属製造業","11101","非鉄金属精錬・圧延業","30~49","1","動力機械","16","一般動力機械","162","混合機、粉砕機","7","はさまれ、巻き込まれ"
"320","2005","平成","17","1","11~12","間伐作業中、かかり木の10m下方で作業を行っていたところ、かかり木が倒れ被災者に当たった。","6","農林業","602","林業","60201","木材伐出業","10~29","7","環境等","71","環境等","712","立木等","6","激突され"
"321","2005","平成","17","3","14~15","道路改良舗装工事において、ドラグ・ショベルにより古い路盤を剥がし、トラックに積み込む作業中に、トラックの後部にいた被災者が旋回したドラグ・ショベルのカウンターウエイトとトラックの荷台との間に挟まれた。","3","建設業","301","土木工事業","30106","道路建設工事業","1~9","1","動力機械","14","建設機械等","142","掘削用機械","7","はさまれ、巻き込まれ"
"322","2005","平成","17","4","17~18","ドラグ・ショベルのクローラを清掃作業中、ドラグ・ショベルが横転し、下敷きとなった。","3","建設業","301","土木工事業","30199","その他の土木工事業","1~9","1","動力機械","14","建設機械等","142","掘削用機械","6","激突され"
"323","2005","平成","17","8","4~5","朝刊を配達するため原動機付き自転車(バイク)で走行中に転倒、道路から3m下の用水路に転落した。","8","商業","802","小売業","80205","新聞販売業","30~49","2","物上げ装置、運搬機械","23","乗物","231","乗用車、バス、バイク","17","交通事故（道路）"
"324","2005","平成","17","10","8~9","プレハブ倉庫の改修工事において、屋根上の状況を確認した後、解体工具であるバールを地上に取りに行くため、屋根よりはしごを使用して下りる途中、転落した。","3","建設業","301","土木工事業","30199","その他の土木工事業","1~9","3","その他の装置等","37","用具","371","はしご等","1","墜落、転落"
"325","2005","平成","17","10","16~17","下水道工事において、ドラグ・ショベルで掘削した土砂をドラグ・ショベルの後方に駐車させたダンプトラックに積み込むため旋回したところ、電工ドラムのコードを巻き取る作業をしていた被災者が、ドラグ・ショベルのカウンターウエイトとブロックとの間に挟まれた。","3","建設業","301","土木工事業","30110","上下水道工事業","10~29","1","動力機械","14","建設機械等","142","掘削用機械","7","はさまれ、巻き込まれ"
"326","2005","平成","17","3","15~16","建設現場で大型ミキサー車より小型ミキサー車へ生コンクリートを積み替える作業場所において路上を歩いていたところ、下り坂に停車中の大型ミキサー車が無人で動き出し、小型ミキサー車に伝票を渡すために構内を歩行中の被災者が小型ミキサー車と大型ミキサー車との間に挟まれた。","1","製造業","109","窯業土石製品製造業","10901","セメント・同製品製造業","10~29","2","物上げ装置、運搬機械","22","動力運搬機","221","トラック","6","激突され"
"327","2005","平成","17","3","0~1","高速自動車道において被災者が路肩規制終了後、後尾警戒を実施していたところ、走行車線を走行してきた大型トラックが標識車に追突したはずみで押し出された標識車が被災者に激突した。","17","その他の事業","1702","その他の事業","170201","警備業","30~49","2","物上げ装置、運搬機械","22","動力運搬機","221","トラック","17","交通事故（道路）"
"328","2005","平成","17","5","11~12","大型トラックで県道を走行中、信号待ちで停車中の大型トラックに追突した。","4","運輸交通業","403","道路貨物運送業","40301","一般貨物自動車運送業","30~49","2","物上げ装置、運搬機械","22","動力運搬機","221","トラック","17","交通事故（道路）"
"329","2005","平成","17","7","6~7","うどん製造工場の麺殺菌工程で、装置を稼動したまま、機械の脇から身を乗り出し、かご内のうどんを整列させていたところ、かごを移動させるためのチェーンとスプロケットに巻き込まれた。","1","製造業","101","食料品製造業","10109","その他の食料品製造業","100~299","3","その他の装置等","39","その他の装置、設備","391","その他の装置、設備","7","はさまれ、巻き込まれ"
"330","2005","平成","17","7","20~21","製造装置(重さ1.2トン)をトラックに積み込むため、フォークリフトで移動中、フォークに載せていた装置が傾き、それを直そうとした被災者が、落下してきた装置の下敷きとなった。","4","運輸交通業","403","道路貨物運送業","40301","一般貨物自動車運送業","30~49","2","物上げ装置、運搬機械","22","動力運搬機","222","フォークリフト","4","飛来、落下"
"331","2005","平成","17","9","11~12","伐採現場において、高さ20mの松の木を伐採する際、方向を限定して倒すため、松の木の上部及び根元にワイヤを架けドラグ・ショベルで幹の中段を支えながら、チェーンソーによる伐採作業を行っていたところ、松の木が倒れる時、若干回転したことにより、被災者の運転席を直撃した。","3","建設業","303","その他の建設業","30309","その他の建設業－その他","1~9","7","環境等","71","環境等","712","立木等","6","激突され"
"332","2005","平成","17","12","18~19","明かり取りの天窓の取外しを行うため、屋上に出て取外しの対象である天窓の確認を行っていたところ、天窓付近から7m下に転落した。","3","建設業","303","その他の建設業","30309","その他の建設業－その他","1~9","4","仮設物、建築物、構築物等","41","仮設物、建築物、構築物等","418","建築物、構築物","1","墜落、転落"
"333","2005","平成","17","1","14~15","タンク(高さ3.6m)の上部に設置されているハッチを閉めていたところ、誤って足を滑らし、地上に墜落した。","4","運輸交通業","403","道路貨物運送業","40302","特定貨物自動車運送業","10~29","2","物上げ装置、運搬機械","22","動力運搬機","221","トラック","1","墜落、転落"
"334","2005","平成","17","3","10~11","看板取替え作業中、看板が風にあおられ、看板を避けようとした被災者がうま(高さ90センチメートルの位置)から墜落した。","9","金融・広告業","902","広告・あっせん業","90209","その他の広告・あっせん業","1~9","3","その他の装置等","37","用具","371","はしご等","1","墜落、転落"
"335","2005","平成","17","10","19~20","トラックで交差点を右折しようとした際、直進してきた対向車と接触した。","8","商業","802","小売業","80209","その他の小売業","1~9","2","物上げ装置、運搬機械","22","動力運搬機","221","トラック","17","交通事故（道路）"
"336","2005","平成","17","6","11~12","乗用車で交差点を左折したところ、赤信号無視で走行してきた普通乗用車に後方から追突された。","11","通信業","1101","通信業","110101","通信業","100~299","2","物上げ装置、運搬機械","23","乗物","231","乗用車、バス、バイク","17","交通事故（道路）"
"337","2005","平成","17","3","5~6","トラックで国道を走行中、前方で減速していたトラックへ追突した。","4","運輸交通業","403","道路貨物運送業","40301","一般貨物自動車運送業","10~29","2","物上げ装置、運搬機械","22","動力運搬機","221","トラック","17","交通事故（道路）"
"338","2005","平成","17","2","9~10","ダンプトラックで国道の交差点を走行中、交差点を右折していた対向の乗用車に衝突した。","4","運輸交通業","403","道路貨物運送業","40301","一般貨物自動車運送業","1~9","2","物上げ装置、運搬機械","22","動力運搬機","221","トラック","17","交通事故（道路）"
"339","2005","平成","17","2","17~18","建屋の破損したスレート屋根のふき替え工事において屋根上を移動中、棟を越えた場所でスレート屋根を踏み抜き、8m下のコンクリート床に転落した。","3","建設業","303","その他の建設業","30302","機械器具設置工事業","10~29","4","仮設物、建築物、構築物等","41","仮設物、建築物、構築物等","415","屋根、はり、もや、けた、合掌","1","墜落、転落"
"340","2005","平成","17","2","11~12","金属スクラップ圧縮機の監視及びその周辺作業を行っていた被災者が、圧縮機内に入ったところ、圧縮機の上蓋が閉まり、圧縮機のピットと上蓋との間に挟まれた。","1","製造業","112","金属製品製造業","11209","その他の金属製品製造業","1~9","1","動力機械","15","金属加工用機械","159","その他の金属加工用機械","7","はさまれ、巻き込まれ"
"341","2005","平成","17","3","15~16","電柱の有線放送用ケーブルに名称プレートを設置する作業を終え被災者が、電柱を足場ボルト伝いに下り、足場ボルトの無い電柱下部に立て掛けてあった昇降用はしごに足を掛けた時に、はしごが変位し、電柱に回し掛けしていた安全帯のロープが、足場ボルトに引っかかり宙つり状態となり、安全帯とともに衣服が脇までずり上がり窒息した。","3","建設業","303","その他の建設業","30301","電気通信工事業","10~29","3","その他の装置等","37","用具","371","はしご等","1","墜落、転落"
"342","2005","平成","17","8","13~14","国道脇の除草工事中に、誤って同僚作業者に近づき過ぎたため、同僚の刈払機に接触した。","3","建設業","301","土木工事業","30199","その他の土木工事業","1~9","1","動力機械","16","一般動力機械","169","その他の一般動力機械","8","切れ、こすれ"
"343","2005","平成","17","3","1~2","トラックで国道を走行中、停車していたトレーラートラックの後部に追突した。","4","運輸交通業","403","道路貨物運送業","40301","一般貨物自動車運送業","10~29","2","物上げ装置、運搬機械","22","動力運搬機","221","トラック","17","交通事故（道路）"
"344","2005","平成","17","3","14~15","砕石プラントにおいて、被災者がドラグ・ショベルを操作し、ホッパーにコンクリート廃材を投入していたところ、ゴムベルトコンベヤーの端部のゴムベルトとプーリーとの間に挟まれた。","15","清掃・と畜業","1501","清掃・と畜業","150102","産業廃棄物処理業","10~29","1","動力機械","16","一般動力機械","169","その他の一般動力機械","7","はさまれ、巻き込まれ"
"345","2005","平成","17","1","16~17","住宅増築現場の上棟式の準備で梁上に上って作業中、梁上から3.5m下のコンクリート土間に転落した。","8","商業","804","その他の商業","80409","その他の商業－その他","1~9","4","仮設物、建築物、構築物等","41","仮設物、建築物、構築物等","415","屋根、はり、もや、けた、合掌","1","墜落、転落"
"346","2005","平成","17","7","13~14","ブレーキが故障したフォークリフトを勾配16度の坂道でチェーンブロックとワイヤロープを用いて下ろす作業を行っていたところ、ワイヤロープが切断したため、フォークリフトが逸走・横転し、運転していた被災者が当該フォークリフトの下敷きとなった。","8","商業","802","小売業","80209","その他の小売業","1~9","2","物上げ装置、運搬機械","22","動力運搬機","222","フォークリフト","2","転倒"
"347","2005","平成","17","1","23~24","大型トラックで高速自動車道を走行中、左カーブに差し掛かったところ、曲がりきれず車両が横転した。","4","運輸交通業","403","道路貨物運送業","40301","一般貨物自動車運送業","50~99","2","物上げ装置、運搬機械","22","動力運搬機","221","トラック","17","交通事故（道路）"
"348","2005","平成","17","2","15~16","倉庫内作業において、高さ4mのはしごから転落した。","8","商業","802","小売業","80209","その他の小売業","1~9","3","その他の装置等","37","用具","371","はしご等","1","墜落、転落"
"349","2005","平成","17","4","6~7","トラックの助手席に乗り高速自動車道を移動中、道路の継ぎ目で車両が大きくバウンドし、スリップしながら助手席側の側壁に衝突して車体が横転した。","3","建設業","301","土木工事業","30199","その他の土木工事業","100~299","2","物上げ装置、運搬機械","22","動力運搬機","221","トラック","17","交通事故（道路）"
"350","2005","平成","17","7","11~12","木造2階建一般家屋の建築現場において、先行足場の組立作業中に高さ5mの作業床から墜落した。","3","建設業","302","建築工事業","30202","木造家屋建築工事業","1~9","4","仮設物、建築物、構築物等","41","仮設物、建築物、構築物等","411","足場","1","墜落、転落"
"351","2005","平成","17","7","4~5","普通貨物自動車を運転中、渋滞のため停止していた大型貨物自動車に追突した。","4","運輸交通業","403","道路貨物運送業","40301","一般貨物自動車運送業","30~49","2","物上げ装置、運搬機械","22","動力運搬機","221","トラック","17","交通事故（道路）"
"352","2005","平成","17","10","17~18","スーパーマーケットの駐車場から出る利用客の車両を誘導中、被災者が公道上の車道に出たところ、右から急加速してきたワゴン車にはねられた。","17","その他の事業","1702","その他の事業","170201","警備業","100~299","2","物上げ装置、運搬機械","23","乗物","231","乗用車、バス、バイク","17","交通事故（道路）"
"353","2005","平成","17","10","20~21","原動機付き自転車(バイク)で走行中、信号のある丁字路交差点を右折しようとしたところ、対向より走行してきた普通乗用車と衝突した。","8","商業","802","小売業","80205","新聞販売業","10~29","2","物上げ装置、運搬機械","23","乗物","231","乗用車、バス、バイク","17","交通事故（道路）"
"354","2005","平成","17","11","15~16","歯車製造工程の熱処理工程において使用する温水洗浄機のメンテナンス作業中、70°Cの湯が溜まっていた洗浄機内部に転落した。","1","製造業","112","金属製品製造業","11209","その他の金属製品製造業","100~299","3","その他の装置等","39","その他の装置、設備","391","その他の装置、設備","1","墜落、転落"
"355","2005","平成","17","10","14~15","既存建物内部の改修工事のうち、2階床の開口部の周囲をハツリ、開口面積を広げる作業を行っていたところ、開口部から6m下に墜落した。","3","建設業","302","建築工事業","30201","鉄骨・鉄筋コンクリート造家屋建築工事業","10~29","4","仮設物、建築物、構築物等","41","仮設物、建築物、構築物等","414","開口部","1","墜落、転落"
"356","2005","平成","17","12","10~11","木造2階建ての民家において、2階の窓枠を交換するため、屋根の上で脚立に乗り、戸袋を外す作業中、バランスを崩して地上に墜落した。","3","建設業","302","建築工事業","30202","木造家屋建築工事業","1~9","4","仮設物、建築物、構築物等","41","仮設物、建築物、構築物等","415","屋根、はり、もや、けた、合掌","1","墜落、転落"
"357","2005","平成","17","12","17~18","分別した廃材をフォークリフトで所定の置き場まで運ぶ際、前方にいた被災者に衝突した。","15","清掃・と畜業","1501","清掃・と畜業","150102","産業廃棄物処理業","30~49","2","物上げ装置、運搬機械","22","動力運搬機","222","フォークリフト","6","激突され"
"358","2005","平成","17","11","11~12","トラックを運転し交差点を青信号で直進中に、左方より赤信号で進入してきた他のトラックが左後部のアルミコンテナに衝突したため、前方ガードレール及び電柱に衝突して横転した。","1","製造業","101","食料品製造業","10109","その他の食料品製造業","50~99","2","物上げ装置、運搬機械","22","動力運搬機","221","トラック","17","交通事故（道路）"
"359","2005","平成","17","11","14~15","スクラップの解体作業中、地面に墜落した。","15","清掃・と畜業","1501","清掃・と畜業","150102","産業廃棄物処理業","1~9","1","動力機械","16","一般動力機械","169","その他の一般動力機械","1","墜落、転落"
"360","2005","平成","17","1","2~3","帰宅後、自宅の風呂場で意識を失った。","1","製造業","107","印刷・製本業","10701","印刷業","10~29","9","その他","91","その他の起因物","911","その他の起因物","90","その他"
"361","2005","平成","17","2","17~18","トルエン等の第2種有機溶剤含有物を用いた空室内の塗装工事を、窓等を閉め切った状態で、保護具を使用せず行っていたところ、有機溶剤中毒となった。","3","建設業","303","その他の建設業","30309","その他の建設業－その他","1~9","5","物質、材料","51","危険物、有害物等","514","有害物","12","有害物等との接触"
"362","2005","平成","17","3","0~1","パッカー車により家庭ごみの収集作業を行っていたところ、パッカー車のボディ内部に巻き込まれた。","15","清掃・と畜業","1501","清掃・と畜業","150103","その他の廃棄物処理業","1~9","2","物上げ装置、運搬機械","22","動力運搬機","229","その他の動力運搬機","7","はさまれ、巻き込まれ"
"363","2005","平成","17","4","15~16","資材置き場において、積み上げてある資材に上り、下りようとしたところ、不安定であった布板に手をかけてしまい、布板の束とともに転落し、下敷きとなった。","3","建設業","302","建築工事業","30209","その他の建築工事業","1~9","5","物質、材料","52","材料","521","金属材料","1","墜落、転落"
"364","2005","平成","17","6","15~16","トラックで国道を走行中、交差点において、前方で信号待ちをしていた他のトラックに追突した。","8","商業","802","小売業","80209","その他の小売業","10~29","2","物上げ装置、運搬機械","22","動力運搬機","221","トラック","17","交通事故（道路）"
"365","2005","平成","17","11","10~11","鉄板とH鋼材を溶接していたところ、鉄板(重さ800キログラム)が作業していた被災者側に倒れた。","3","建設業","301","土木工事業","30199","その他の土木工事業","10~29","5","物質、材料","52","材料","521","金属材料","5","崩壊、倒壊"
"366","2005","平成","17","11","14~15","マンション新築工事において、3階フロアでリフトにより上げられた額縁材の運搬作業を行っていたところ、リフト荷台下の地面に転落した。","3","建設業","302","建築工事業","30209","その他の建築工事業","10~29","2","物上げ装置、運搬機械","21","動力クレーン等","214","エレベータ、リフト","1","墜落、転落"
"367","2005","平成","17","1","1~2","スクラップヤードにおいて、作業用通路から走行中のクレーンに乗り込もうとしたところ、走行するクレーンと壁との間に挟まれた。","1","製造業","110","鉄鋼業","11009","その他の鉄鋼業","300~499","2","物上げ装置、運搬機械","21","動力クレーン等","211","クレーン","7","はさまれ、巻き込まれ"
"368","2005","平成","17","2","15~16","トラックの後方にて誘導中、バックしてきたトラックと停止させていた一般車両との間に挟まれた。","17","その他の事業","1702","その他の事業","170201","警備業","100~299","2","物上げ装置、運搬機械","22","動力運搬機","221","トラック","7","はさまれ、巻き込まれ"
"369","2005","平成","17","8","15~16","解体作業で、スレート屋根に上って、スレートを剥がす作業を行っていたところ、開口部から4m下に墜落した。","3","建設業","302","建築工事業","30201","鉄骨・鉄筋コンクリート造家屋建築工事業","1~9","4","仮設物、建築物、構築物等","41","仮設物、建築物、構築物等","415","屋根、はり、もや、けた、合掌","1","墜落、転落"
"370","2005","平成","17","9","11~12","トラックに荷物を積み込む際、トラックのステップに足をかけ、荷台にあった空のパレットの一番上に手をかけて昇ろうとしたところ、手にかけたパレットがずれ、後方に転落した。","4","運輸交通業","403","道路貨物運送業","40301","一般貨物自動車運送業","1~9","2","物上げ装置、運搬機械","22","動力運搬機","221","トラック","1","墜落、転落"
"371","2005","平成","17","6","3~4","新聞配達途中、交差点において、被災者の運転する原動機付き自転車(バイク)と乗用車とが出会い頭に衝突した。","8","商業","802","小売業","80205","新聞販売業","10~29","2","物上げ装置、運搬機械","23","乗物","231","乗用車、バス、バイク","17","交通事故（道路）"
"372","2005","平成","17","7","1~2","自車(トラック)の前を走行していた乗用車が、居眠り運転のために対向車線にはみ出し、それを避けようとした対向車と衝突した。","4","運輸交通業","403","道路貨物運送業","40301","一般貨物自動車運送業","30~49","2","物上げ装置、運搬機械","22","動力運搬機","221","トラック","17","交通事故（道路）"
"373","2005","平成","17","12","3~4","原動機付き自転車(バイク)で交差点を直進中、左方向から走行してきた乗用車と衝突した。","8","商業","802","小売業","80205","新聞販売業","30~49","2","物上げ装置、運搬機械","23","乗物","231","乗用車、バス、バイク","17","交通事故（道路）"
"374","2005","平成","17","3","18~19","野菜のカット加工業務で、野菜を入れるプラスチックのコンテナの箱を洗浄作業中、倒れた。被災者は、発症前に長時間の時間外労働を行っていた。","1","製造業","101","食料品製造業","10109","その他の食料品製造業","50~99","9","その他","91","その他の起因物","911","その他の起因物","90","その他"
"375","2005","平成","17","2","7~8","出張中、宿泊していたホテルの部屋(7階)の窓を開閉しようとして、床から90センチメートル高い位置にある内窓の枠と外窓の枠に足をかけたところ、バランスを崩し転落した。","1","製造業","114","電気機械器具製造業","11403","電子機器用・通信機器用部品製造業","300~499","4","仮設物、建築物、構築物等","41","仮設物、建築物、構築物等","418","建築物、構築物","1","墜落、転落"
"376","2005","平成","17","1","9~10","屋外ヤードにて、鉄製架台(重さ550キログラム)を入荷時の荷姿にするため、2つのうち1つを反転させようとフォークリフトの爪を掛けて立ち上げ、爪を掛けたままバックし、架台をフォーク側に倒そうとしたところ、爪から架台がはずれ、架台を支えていた作業者側に倒れた。","1","製造業","112","金属製品製造業","11204","めっき業","50~99","4","仮設物、建築物、構築物等","41","仮設物、建築物、構築物等","419","その他の仮設物、建築物、構築物等","6","激突され"
"377","2005","平成","17","1","6~7","市道を走行していたところ、対向車線の路肩に停車中のトラックを避けるためにセンターラインをはみ出してきた対向車と正面衝突した。","17","その他の事業","1702","その他の事業","170201","警備業","300~499","2","物上げ装置、運搬機械","23","乗物","231","乗用車、バス、バイク","17","交通事故（道路）"
"378","2005","平成","17","1","14~15","町道の拡幅工事現場において、土止めのために入れてあった鉄板が土砂に押され、溝の中で床均しを行っていた被災者が鉄板と町道の端のアスファルトとの間に挟まれた。","3","建設業","301","土木工事業","30106","道路建設工事業","1~9","7","環境等","71","環境等","711","地山、岩石","5","崩壊、倒壊"
"379","2005","平成","17","6","14~15","マンション築造工事現場で、型枠補強のため、モルタル8キログラム入りのバケツを3階まで階段で運搬する作業で、10往復ほどしたたところ、階段付近で倒れた。","3","建設業","302","建築工事業","30201","鉄骨・鉄筋コンクリート造家屋建築工事業","50~99","7","環境等","71","環境等","715","高温・低温環境","90","その他"
"380","2005","平成","17","9","0~1","市道交差点にて、出会い頭に右側から来たトレーラートラックと衝突した。","13","保健・衛生業","1301","医療保健業","130101","病院","1~9","2","物上げ装置、運搬機械","22","動力運搬機","221","トラック","17","交通事故（道路）"
"381","2005","平成","17","11","8~9","オートバイで走行中、信号機のない交差点で、右から進入してきた乗用車と出会い頭に衝突した。","3","建設業","303","その他の建設業","30309","その他の建設業－その他","10~29","2","物上げ装置、運搬機械","23","乗物","239","その他の乗物","17","交通事故（道路）"
"382","2005","平成","17","1","1~2","古紙再生ラインにおいて、自動開梱機のベルトコンベヤーに古紙の塊を専用機で載せる作業中、ローラー附近に近づいたところ、上下運動している番線切断部の駆動部が下がり、被災者に激突した。","1","製造業","106","パルプ・紙・紙加工品製造業","10601","パルプ・紙製造業","50~99","1","動力機械","16","一般動力機械","169","その他の一般動力機械","6","激突され"
"383","2005","平成","17","3","8~9","橋型クレーンで加工済みの異形棒鋼を24本番線で束ねた荷(重さ760キログラム)をつり上げてトラックに積載する作業中、つり荷の下敷きとなった。","3","建設業","303","その他の建設業","30309","その他の建設業－その他","10~29","2","物上げ装置、運搬機械","21","動力クレーン等","211","クレーン","4","飛来、落下"
"384","2005","平成","17","3","22~23","2階建て寄宿舎において、部屋内で火災が発生し、2階にいた被災者が逃げ遅れた。","3","建設業","302","建築工事業","30209","その他の建築工事業","1~9","9","その他","91","その他の起因物","911","その他の起因物","16","火災"
"385","2005","平成","17","5","8~9","工場建物のスレート葺き屋根上において、一部スレート交換のため既存のスレートを取り外す作業を行っていたところ、既存のスレートを踏み抜き、10m下のコンクリート舗装された建屋内の地上に墜落した。","3","建設業","302","建築工事業","30209","その他の建築工事業","1~9","4","仮設物、建築物、構築物等","41","仮設物、建築物、構築物等","415","屋根、はり、もや、けた、合掌","1","墜落、転落"
"386","2005","平成","17","4","16~17","民家の改修工事において、被災者は民家脇の道路でベニヤ板の墨つけを行っていたところ、左折してきた自動車にはねられた。","3","建設業","302","建築工事業","30209","その他の建築工事業","1~9","2","物上げ装置、運搬機械","23","乗物","231","乗用車、バス、バイク","17","交通事故（道路）"
"387","2005","平成","17","8","8~9","被災者はタイムカード打刻と着替えのために、建物内の階段を1階から2階に上っていく途中で後ろ向きに倒れ、1階と2階の間にある踊り場に転落した。","8","商業","801","卸売業","80109","その他の卸売業","100~299","4","仮設物、建築物、構築物等","41","仮設物、建築物、構築物等","413","階段、桟橋","1","墜落、転落"
"388","2005","平成","17","8","4~5","不織布綿の製造工程で、乾燥機出口付近より出火後、不織布綿を載せたコンベヤーに沿って火が広がり、不織布綿を巻き取るワインだー部分に延焼した際に被災者の着衣に引火した。","1","製造業","102","繊維工業","10209","その他の繊維工業","10~29","3","その他の装置等","34","炉窯等","342","乾燥設備","11","高温・低温の物との接触"
"389","2005","平成","17","10","15~16","建物の設備に関する事前調査中に設けられた開口部から5.7m墜落した。","1","製造業","116","電気・ガス・水道業","11603","水道業","10~29","4","仮設物、建築物、構築物等","41","仮設物、建築物、構築物等","414","開口部","1","墜落、転落"
"390","2005","平成","17","10","11~12","原動機付き自転車(バイク)に乗って配達に行く途中、右折のため道路のセンターラインに寄ったところ、後続の普通乗用車が追突した。","11","通信業","1101","通信業","110101","通信業","50~99","2","物上げ装置、運搬機械","23","乗物","231","乗用車、バス、バイク","17","交通事故（道路）"
"391","2005","平成","17","8","0~1","高速自動車道において、渋滞のため停車中の車両に被災者の運転する大型トラックが追突、炎上した。","4","運輸交通業","403","道路貨物運送業","40301","一般貨物自動車運送業","10~29","2","物上げ装置、運搬機械","22","動力運搬機","221","トラック","17","交通事故（道路）"
"392","2005","平成","17","12","2~3","自転車に乗って道路を横断していたところ、右側から来た普通貨物自動車にはねられた。","17","その他の事業","1702","その他の事業","170201","警備業","10~29","2","物上げ装置、運搬機械","22","動力運搬機","221","トラック","17","交通事故（道路）"
"393","2005","平成","17","9","10~11","民家の外壁リフォーム工事において、くさび緊結式足場の部材を取り外していたところ、部材の重さでバランスを崩して2.3m下の地上に墜落した。","3","建設業","302","建築工事業","30202","木造家屋建築工事業","10~29","4","仮設物、建築物、構築物等","41","仮設物、建築物、構築物等","411","足場","1","墜落、転落"
"394","2005","平成","17","2","9~10","タクシーの待機場所にて配車の指示を待っていたところ、車内で意識を失った。","4","運輸交通業","402","道路旅客運送業","40201","ハイヤー・タクシー業","50~99","9","その他","91","その他の起因物","911","その他の起因物","90","その他"
"395","2005","平成","17","12","11~12","はしごに昇り枝切り作業を行っていたところ、はしごが転位し、コンクリートの地面に墜落した。","3","建設業","301","土木工事業","30199","その他の土木工事業","10~29","3","その他の装置等","37","用具","371","はしご等","1","墜落、転落"
"396","2005","平成","17","9","6~7","トラックを運転中、国道交差点において赤信号で停車中のトラックの後方に追突した。","4","運輸交通業","403","道路貨物運送業","40301","一般貨物自動車運送業","100~299","2","物上げ装置、運搬機械","22","動力運搬機","221","トラック","17","交通事故（道路）"
"397","2005","平成","17","12","23~24","放熱板に粉状のフラックスを塗布する機械を操作中、可動式ローラーコンベヤーの基部に挟まれた。","1","製造業","115","輸送用機械等製造業","11502","自動車・同付属品製造業","100~299","2","物上げ装置、運搬機械","22","動力運搬機","229","その他の動力運搬機","7","はさまれ、巻き込まれ"
"398","2005","平成","17","12","14~15","原動機付き自転車(バイク)で市道を走行中、車道と歩道との段差側面に原動機付き自転車のステップが接触し、その反動で原動機付き自転車が歩道側に転倒し、歩道内の街路樹に激突した。","14","接客娯楽業","1402","飲食店","140201","一般飲食店","10~29","2","物上げ装置、運搬機械","23","乗物","231","乗用車、バス、バイク","17","交通事故（道路）"
"399","2005","平成","17","12","3~4","トラックにて走行中、国道の交差点において、赤信号で停車中のトラックの後方に追突した。","4","運輸交通業","403","道路貨物運送業","40301","一般貨物自動車運送業","50~99","2","物上げ装置、運搬機械","22","動力運搬機","221","トラック","17","交通事故（道路）"
"400","2005","平成","17","6","11~12","製鋼工場において、破砕機にかけるスラグが工場内の通路に落ちていたので、これを拾おうとした被災者がトラクター・ショベルから通路に降りたところ、同僚が運転する他のトラクター・ショベルにひかれた。","1","製造業","109","窯業土石製品製造業","10909","その他の土石製品製造業","10~29","1","動力機械","14","建設機械等","141","整地・運搬・積込み用機械","7","はさまれ、巻き込まれ"
"401","2005","平成","17","8","10~11","3階建て校舎屋上の端で防水用シートを同僚と一緒に敷き込む作業中、シートの巻終わりを芯から剥ぎ取ったところ、勢いあまって作業床の端から地上に墜落した。","3","建設業","302","建築工事業","30201","鉄骨・鉄筋コンクリート造家屋建築工事業","10~29","4","仮設物、建築物、構築物等","41","仮設物、建築物、構築物等","416","作業床、歩み板","1","墜落、転落"
"402","2005","平成","17","12","5~6","大型トレーラートラックで高速自動車道を走行中、走行車線上で前を走っていた大型トラックの後部に衝突、そのはずみで牽引車が被牽引車に押し出されて追越車線に膨らんだところ、後続の大型トラックに衝突された。","4","運輸交通業","403","道路貨物運送業","40301","一般貨物自動車運送業","50~99","2","物上げ装置、運搬機械","22","動力運搬機","221","トラック","17","交通事故（道路）"
"403","2005","平成","17","11","3~4","オートバイで国道交差点の右折レーンで信号待ちをしていたところ、後方から走行してきた乗用車に追突されて転倒した。","8","商業","802","小売業","80205","新聞販売業","10~29","2","物上げ装置、運搬機械","23","乗物","231","乗用車、バス、バイク","17","交通事故（道路）"
"404","2005","平成","17","7","8~9","国道の歩道において自走式刈払機を運転していたところ、法面に刈払機が下りてしまったため、平坦な歩道面に刈払機を戻そうとしたが、刈払機ごと横転した。","3","建設業","301","土木工事業","30106","道路建設工事業","1~9","1","動力機械","16","一般動力機械","169","その他の一般動力機械","1","墜落、転落"
"405","2005","平成","17","5","15~16","林道開設工事現場において、伐倒した立木(丸太材、230キログラム)の運搬作業中、玉掛け用繊維ベルト2本を外す作業をトラックの荷台上で行っていた被災者が1m下の地面に墜落し、さらに落下した丸太材の下敷きとなった。","3","建設業","301","土木工事業","30106","道路建設工事業","10~29","5","物質、材料","52","材料","522","木材、竹材","1","墜落、転落"
"406","2005","平成","17","7","7~8","寺院において、古くなった卒塔婆を焼却処分していた僧侶が、火炎の中に転倒した。","17","その他の事業","1702","その他の事業","170209","その他の事業－その他","1~9","3","その他の装置等","37","用具","371","はしご等","2","転倒"
"407","2005","平成","17","1","16~17","タンクの足場の解体作業中、作業位置から17m墜落した。","1","製造業","115","輸送用機械等製造業","11501","造船業","10~29","4","仮設物、建築物、構築物等","41","仮設物、建築物、構築物等","411","足場","1","墜落、転落"
"408","2005","平成","17","2","11~12","事務所から作業箇所に向かう途中で転倒した。","8","商業","804","その他の商業","80409","その他の商業－その他","100~299","4","仮設物、建築物、構築物等","41","仮設物、建築物、構築物等","417","通路","2","転倒"
"409","2005","平成","17","3","22~23","水道管工事を行うに当たり、交通誘導を行っていたところ、飲酒運転の乗用車にはねられた。","17","その他の事業","1702","その他の事業","170201","警備業","10~29","2","物上げ装置、運搬機械","23","乗物","231","乗用車、バス、バイク","17","交通事故（道路）"
"410","2005","平成","17","4","14~15","変圧器用タンクカバーの溶接作業に際し、設置位置の台を修正するため、カバー(重さ3.5トン)を天井クレーンでつり上げたところ、ワイヤロープ(径9.3ミリメートル)が破断し、当該カバーが倒れ、その下敷きとなった。","1","製造業","112","金属製品製造業","11209","その他の金属製品製造業","10~29","3","その他の装置等","37","用具","372","玉掛用具","4","飛来、落下"
"411","2005","平成","17","6","12~13","ブロックのフロア部の部品をリモコン操作の天井クレーンで操作し移動していたところ、先に配材した部品(重さ1.8トン)が被災者に倒れかかった。","1","製造業","115","輸送用機械等製造業","11501","造船業","500~999","5","物質、材料","52","材料","521","金属材料","5","崩壊、倒壊"
"412","2005","平成","17","7","9~10","トラックで国道を走行中に、対向車と正面衝突した。","4","運輸交通業","403","道路貨物運送業","40301","一般貨物自動車運送業","10~29","2","物上げ装置、運搬機械","22","動力運搬機","221","トラック","17","交通事故（道路）"
"413","2005","平成","17","7","10~11","車両積載形トラッククレーン(つり上げ過重2.9トン)で建設資材(重さ1.8トン)の荷降ろし中、当該クレーンがバランスを崩し左側に横転し、当該クレーンを操作していた被災者が当該クレーンのタイヤと路面との間に挟まれた。","4","運輸交通業","403","道路貨物運送業","40301","一般貨物自動車運送業","1~9","2","物上げ装置、運搬機械","21","動力クレーン等","212","移動式クレーン","7","はさまれ、巻き込まれ"
"414","2005","平成","17","10","12~13","観光バスを回送運転中、コンビニエンスストアの前に駐車していたトレーラートラックに追突した。","4","運輸交通業","402","道路旅客運送業","40202","バス業","300~499","2","物上げ装置、運搬機械","23","乗物","231","乗用車、バス、バイク","17","交通事故（道路）"
"415","2005","平成","17","11","23~24","低圧ポリプロピレン管の埋設工事に伴う試掘作業中、道路片側作業帯の中に無灯火で酒酔い運転の乗用車が飛び込んできて、同作業帯の中で試掘済の点検をしていた被災者がはねられた。","3","建設業","301","土木工事業","30199","その他の土木工事業","100~299","2","物上げ装置、運搬機械","23","乗物","231","乗用車、バス、バイク","17","交通事故（道路）"
"416","2005","平成","17","12","9~10","下水道施設調査業務において、マンホールを開け、はしごを挿入した際に、深さ3.6mの下水道に墜落し、溺れた。","3","建設業","301","土木工事業","30110","上下水道工事業","1~9","4","仮設物、建築物、構築物等","41","仮設物、建築物、構築物等","418","建築物、構築物","10","おぼれ"
"417","2005","平成","17","7","1~2","大型トラックで高速自動車道を運転中、インターチェンジの出口で仮眠のため駐車中の大型トラックに衝突した。","4","運輸交通業","403","道路貨物運送業","40301","一般貨物自動車運送業","30~49","2","物上げ装置、運搬機械","22","動力運搬機","221","トラック","17","交通事故（道路）"
"418","2005","平成","17","10","10~11","資源物回収車の荷台に乗って移動中、荷台の後部から転落した。","15","清掃・と畜業","1501","清掃・と畜業","150103","その他の廃棄物処理業","30~49","2","物上げ装置、運搬機械","22","動力運搬機","221","トラック","1","墜落、転落"
"419","2005","平成","17","7","15~16","オートバイで走行中、カーブにてセンターラインをはみ出し、対向車のトラックと衝突した。","4","運輸交通業","403","道路貨物運送業","40309","その他の道路貨物運送業","1~9","2","物上げ装置、運搬機械","23","乗物","231","乗用車、バス、バイク","17","交通事故（道路）"
"420","2005","平成","17","2","8~9","鉄骨の高さ調整作業を高所作業車に乗り行っていたところ、鉄骨が落下し、下にいた被災者に当たった。","3","建設業","302","建築工事業","30201","鉄骨・鉄筋コンクリート造家屋建築工事業","50~99","4","仮設物、建築物、構築物等","41","仮設物、建築物、構築物等","418","建築物、構築物","4","飛来、落下"
"421","2005","平成","17","4","13~14","櫓設営工事において、高さ12.5mの箇所で安全帯のフックを掛けていたカラビナからフックが外れ、地上へ墜落した。","3","建設業","301","土木工事業","30107","河川土木工事業","10~29","4","仮設物、建築物、構築物等","41","仮設物、建築物、構築物等","418","建築物、構築物","1","墜落、転落"
"422","2005","平成","17","4","15~16","原動機付き自転車(バイク)で走行中、道路上で転倒した。","8","商業","804","その他の商業","80409","その他の商業－その他","50~99","2","物上げ装置、運搬機械","23","乗物","231","乗用車、バス、バイク","17","交通事故（道路）"
"423","2005","平成","17","4","14~15","水道管の保温材取付け作業中、誤ってスレート屋根を踏み抜き、5.3m下に墜落した。","3","建設業","303","その他の建設業","30309","その他の建設業－その他","1~9","4","仮設物、建築物、構築物等","41","仮設物、建築物、構築物等","415","屋根、はり、もや、けた、合掌","1","墜落、転落"
"424","2005","平成","17","5","15~16","工場内に立て掛けてあったベニヤ板を被災者が1人で運んでいる際、ベニヤ板20枚(重さ250キログラム)が倒れ下敷きとなった。","1","製造業","104","木材・木製品製造業","10409","その他の木材・木製品製造業","10~29","5","物質、材料","52","材料","522","木材、竹材","5","崩壊、倒壊"
"425","2005","平成","17","5","14~15","鋼矢板を橋型クレーンを使用して搬出中、鋼矢板に咬ませていた角材が折れ、この拍子に上に積んであった鋼矢板8枚(重さ10トン)が滑り落ちて被災者を直撃した。","1","製造業","112","金属製品製造業","11209","その他の金属製品製造業","1~9","5","物質、材料","52","材料","521","金属材料","7","はさまれ、巻き込まれ"
"426","2005","平成","17","6","14~15","トラックの荷台で計量器の積込み作業中、バランスを崩しコンクリート地面に転落した。","5","貨物取扱業","501","陸上貨物取扱業","50101","陸上貨物取扱業","1~9","2","物上げ装置、運搬機械","22","動力運搬機","221","トラック","1","墜落、転落"
"427","2005","平成","17","6","11~12","工場内でプレスを使用して鋼板の切断作業中、熱中症のため急に気分が悪くなった。","1","製造業","112","金属製品製造業","11203","金属プレス製品製造業","1~9","7","環境等","71","環境等","715","高温・低温環境","11","高温・低温の物との接触"
"428","2005","平成","17","8","19~20","木材をトラックに積み終え、シート掛け中に、荷台から降りようとしたところ、足がシートに絡まり転落した。","4","運輸交通業","403","道路貨物運送業","40301","一般貨物自動車運送業","10~29","2","物上げ装置、運搬機械","22","動力運搬機","221","トラック","1","墜落、転落"
"429","2005","平成","17","8","11~12","杭打機の修理作業中、バケットストッパーを解除したところ、サンドバケットが落下して被災者に当たった。","1","製造業","113","一般機械器具製造業","11301","機械（精密機械を除く）器具製造業","10~29","1","動力機械","14","建設機械等","143","基礎工事用機械","4","飛来、落下"
"430","2005","平成","17","10","13~14","構内を自転車で走行中、後進してきたフォークリフトに巻き込まれた。","17","その他の事業","1702","その他の事業","170209","その他の事業－その他","10~29","2","物上げ装置、運搬機械","22","動力運搬機","222","フォークリフト","7","はさまれ、巻き込まれ"
"431","2005","平成","17","12","9~10","駐車場に歩いて向かっていたところ、凍結していたため転倒した。","8","商業","804","その他の商業","80409","その他の商業－その他","10~29","4","仮設物、建築物、構築物等","41","仮設物、建築物、構築物等","418","建築物、構築物","2","転倒"
"432","2005","平成","17","9","15~16","原動機付き自転車(バイク)で夕刊を配達中に、信号のない十字路を直進する時に、左方から来たワゴン車と衝突した。","8","商業","802","小売業","80205","新聞販売業","10~29","2","物上げ装置、運搬機械","23","乗物","231","乗用車、バス、バイク","17","交通事故（道路）"
"433","2005","平成","17","12","9~10","天井クレーンを使用して2段重ねに置いてある鋼板コイルの移動作業中、下段に並べたコイルが滑動したため、上段に積んでいたコイル(重さ13トン)が斜め方向に落下、玉掛けの補助をしていた被災者は、落下したコイルと背後に並べていたコイルとの間に挟まれた。","5","貨物取扱業","501","陸上貨物取扱業","50101","陸上貨物取扱業","30~49","6","荷","61","荷","611","荷姿の物","7","はさまれ、巻き込まれ"
"434","2005","平成","17","2","13~14","天井クレーンによりボックス柱(重さ8トン)を移動中、台車とともにボックス柱が倒れて被災者に激突した。","1","製造業","112","金属製品製造業","11209","その他の金属製品製造業","100~299","5","物質、材料","52","材料","521","金属材料","6","激突され"
"435","2005","平成","17","3","11~12","鋼製のリング(重さ400キログラム)を溶接するため、天井クレーンを使用して反転させようと操作中、フックからワイヤロープが外れリングの下敷きとなった。","1","製造業","113","一般機械器具製造業","11301","機械（精密機械を除く）器具製造業","1~9","5","物質、材料","52","材料","521","金属材料","4","飛来、落下"
"436","2005","平成","17","7","5~6","トラックを運転中、渋滞で停車していた前方トラックに追突した。","4","運輸交通業","403","道路貨物運送業","40301","一般貨物自動車運送業","10~29","2","物上げ装置、運搬機械","22","動力運搬機","221","トラック","17","交通事故（道路）"
"437","2005","平成","17","8","19~20","トラックにダンボール等を積み込んでいる途中、突然意識不明となった。","15","清掃・と畜業","1501","清掃・と畜業","150102","産業廃棄物処理業","1~9","7","環境等","71","環境等","715","高温・低温環境","11","高温・低温の物との接触"
"438","2005","平成","17","12","8~9","整地用機械をドラグ・ショベルのバケットのフックでつり上げて地上に下ろす作業をしている最中に、ドラグ・ショベルのアームと運転席ヘッドガード支柱との間に挟まれた。","3","建設業","301","土木工事業","30110","上下水道工事業","1~9","1","動力機械","14","建設機械等","142","掘削用機械","7","はさまれ、巻き込まれ"
"439","2005","平成","17","5","23~24","トラックで高速自動車道を走行中、土手に乗り上げて横転し、車外に投げ出された。","4","運輸交通業","403","道路貨物運送業","40301","一般貨物自動車運送業","30~49","2","物上げ装置、運搬機械","22","動力運搬機","221","トラック","17","交通事故（道路）"
"440","2005","平成","17","6","17~18","2階の窓拭きをベランダ(幅62センチメートル)で行っていたところ、5m下に墜落した。","14","接客娯楽業","1402","飲食店","140201","一般飲食店","1~9","4","仮設物、建築物、構築物等","41","仮設物、建築物、構築物等","418","建築物、構築物","1","墜落、転落"
"441","2005","平成","17","5","11~12","トラックで高速自動車道を走行中、低速で走行中の工事作業標識車に追突してトラックが横転し、車から投げ出された。","4","運輸交通業","403","道路貨物運送業","40301","一般貨物自動車運送業","30~49","2","物上げ装置、運搬機械","22","動力運搬機","221","トラック","17","交通事故（道路）"
"442","2005","平成","17","12","0~1","トラックで走行中、渋滞のため停車していた別の大型トラックに追突した。","4","運輸交通業","403","道路貨物運送業","40301","一般貨物自動車運送業","1~9","2","物上げ装置、運搬機械","22","動力運搬機","221","トラック","17","交通事故（道路）"
"443","2005","平成","17","7","17~18","フォークリフトを使用して産業廃棄物を強酸が満たされたピット(水深1.2m)に投入する作業中、被災者がフォークリフトから降りたところピット内に転落した。","15","清掃・と畜業","1501","清掃・と畜業","150102","産業廃棄物処理業","1~9","3","その他の装置等","39","その他の装置、設備","391","その他の装置、設備","1","墜落、転落"
"444","2005","平成","17","10","14~15","固結した石化樹脂をコンベヤー式固結物粉砕機でほぐす作業において、当該機械に巻き込まれた。","17","その他の事業","1702","その他の事業","170209","その他の事業－その他","100~299","1","動力機械","16","一般動力機械","162","混合機、粉砕機","7","はさまれ、巻き込まれ"
"445","2005","平成","17","10","16~17","鉄骨コンクリートブロック造の車庫解体工事において、鉄骨の屋根部分を撤去後、軽量コンクリートブロックで造られた壁の一部を残して解体する作業中、残す部分をコンクリートカッターで縁切りしても完全に縁が切れなかった箇所を被災者がハンマーで叩いて縁切りしていたところ、壁が高さ約3m、幅7mにわたって倒れ、その下敷きとなった。","3","建設業","302","建築工事業","30201","鉄骨・鉄筋コンクリート造家屋建築工事業","10~29","4","仮設物、建築物、構築物等","41","仮設物、建築物、構築物等","418","建築物、構築物","5","崩壊、倒壊"
"446","2005","平成","17","11","16~17","作業場所に徒歩で向かう途中、走行中のフォークリフトの爪に引っ掛けられ、左前輪でひかれた。","5","貨物取扱業","501","陸上貨物取扱業","50101","陸上貨物取扱業","300~499","2","物上げ装置、運搬機械","22","動力運搬機","222","フォークリフト","6","激突され"
"447","2005","平成","17","11","7~8","自動車道建設工事において、鉄筋組立て作業に使用していた張出し足場を解体するため、足場板を結束していた番線を外し、集積していたところ、被災者がバランスを崩し、当該足場から下段にある張出し足場に墜落し、組立中の鉄筋に突き刺さった。","3","建設業","301","土木工事業","30106","道路建設工事業","50~99","4","仮設物、建築物、構築物等","41","仮設物、建築物、構築物等","411","足場","1","墜落、転落"
"448","2005","平成","17","11","10~11","土止め作業において連結鋼矢板を車両系建設機械を使用して玉掛作業で運搬中、足元が滑り転倒した。さらに、そのはずみで立てかけ状態であった当該鋼矢板(重さ260キログラム)が倒れ、被災者に激突した。","3","建設業","301","土木工事業","30199","その他の土木工事業","1~9","5","物質、材料","52","材料","521","金属材料","5","崩壊、倒壊"
"449","2005","平成","17","11","9~10","耐火物補修作業場において、可動式ダクトの位置検出リミットスイッチの調整作業を行う準備をしていたところ、当該可動式ダクトが不意に動き、ダクトの架台内部に入った被災者が挟まれた。","1","製造業","109","窯業土石製品製造業","10905","その他の窯業","100~299","3","その他の装置等","39","その他の装置、設備","391","その他の装置、設備","7","はさまれ、巻き込まれ"
"450","2005","平成","17","11","8~9","灯浮標(ブイ)から取り外された灯器を作業者2名が乗ったパレットに載せ、支えながらフォークリフトで運搬する際、パレット上の被災者が灯浮標(ブイ)を固定するための鉄製の架台とフォークリフトとの間に挟まれた。","3","建設業","303","その他の建設業","30309","その他の建設業－その他","50~99","2","物上げ装置、運搬機械","22","動力運搬機","222","フォークリフト","7","はさまれ、巻き込まれ"
"451","2005","平成","17","12","9~10","駐車場のアスファルト舗装工事を行うに当たり、搭乗式振動ローラーを使用し締め固め作業を行っていたところ、駐車場端から3.5m下の道路にローラーとともに転落した。","3","建設業","301","土木工事業","30199","その他の土木工事業","1~9","1","動力機械","14","建設機械等","144","締固め用機械","1","墜落、転落"
"452","2005","平成","17","12","21~22","乗用車で国道を走行中、交差点を左折をしようとしたところ、交差点を曲り切れず、道路案内標識に激突した。","8","商業","802","小売業","80204","燃料小売業","10~29","2","物上げ装置、運搬機械","23","乗物","231","乗用車、バス、バイク","17","交通事故（道路）"
"453","2005","平成","17","6","9~10","ミキサー車を後進させる際に道路脇から竹等がはみ出していたため、ミキサー車の材料投入口付近のステップ上に乗り、竹をよけながらしばらく進んだとき、路肩が崩れてミキサー車とともに1.8m下に転落し、ミキサー車の下敷きとなった。","8","商業","802","小売業","80209","その他の小売業","1~9","2","物上げ装置、運搬機械","22","動力運搬機","221","トラック","5","崩壊、倒壊"
"454","2005","平成","17","5","13~14","木造新築工事において、垂木の取付け作業のため、はしごを使用して屋根の梁に上り、移動中、3.4m下のコンクリート基礎に墜落した。","3","建設業","302","建築工事業","30202","木造家屋建築工事業","1~9","4","仮設物、建築物、構築物等","41","仮設物、建築物、構築物等","415","屋根、はり、もや、けた、合掌","1","墜落、転落"
"455","2005","平成","17","10","17~18","コンクリート製品製造工場において、作業終了後、コンクリートミキサーを洗浄し、出た水やガラをトラクター・ショベルでガラ捨て場に捨てようとした際に、トラクター・ショベルごと水深1.8mのため池に転落した。","1","製造業","109","窯業土石製品製造業","10901","セメント・同製品製造業","1~9","1","動力機械","14","建設機械等","141","整地・運搬・積込み用機械","1","墜落、転落"
"456","2005","平成","17","4","11~12","新築工事途中の住宅内部で、はしごを使用し、梁上で作業していて墜落した。","3","建設業","302","建築工事業","30202","木造家屋建築工事業","1~9","3","その他の装置等","37","用具","371","はしご等","1","墜落、転落"
"457","2005","平成","17","5","9~10","自走式ガソリンエンジン付き草刈機を後進させながら下草刈をしていたところ、転倒し、そこへ草刈機が乗り上げた。","3","建設業","301","土木工事業","30199","その他の土木工事業","10~29","1","動力機械","16","一般動力機械","169","その他の一般動力機械","7","はさまれ、巻き込まれ"
"458","2005","平成","17","9","13~14","道路拡幅工事において、動力ポンプを起動させて地下水を揚水していたところ、タンクの底の部分が破裂して飛び出し、被災者に激突した。","3","建設業","301","土木工事業","30106","道路建設工事業","100~299","3","その他の装置等","31","圧力容器","319","その他の圧力容器","15","破裂"
"459","2005","平成","17","10","15~16","ゴミ処理施設において、ごみ収集車のテールゲートを開けゴミをピットに投入する作業で、ゴミの投入補助をしていた被災者が収集車のテールゲートに挟まれた。","15","清掃・と畜業","1501","清掃・と畜業","150102","産業廃棄物処理業","10~29","2","物上げ装置、運搬機械","22","動力運搬機","229","その他の動力運搬機","7","はさまれ、巻き込まれ"
"460","2005","平成","17","2","12~13","杭打ち機のメンテナンス作業中、中間振れ止めカバーが落下し、下部振れ止めカバーとの間に挟まれた。","3","建設業","302","建築工事業","30201","鉄骨・鉄筋コンクリート造家屋建築工事業","1~9","1","動力機械","14","建設機械等","143","基礎工事用機械","7","はさまれ、巻き込まれ"
"461","2005","平成","17","6","15~16","マンション建設現場にて、被災者は同僚とともに高温下で屋上階のコンクリートスラブ均し作業を行っていたところ、体調不良となり倒れた。当日の最高気温は36°Cであった。","3","建設業","302","建築工事業","30201","鉄骨・鉄筋コンクリート造家屋建築工事業","10~29","7","環境等","71","環境等","715","高温・低温環境","11","高温・低温の物との接触"
"462","2005","平成","17","7","10~11","岸より沖に出て、水深10m付近でプランクトンのサンプリングを行っていた際に、ゴーグルに水が入り、浮上しようとして溺れた。","12","教育・研究業","1201","教育・研究業","120109","その他の教育研究業","1000~9999","7","環境等","71","環境等","713","水","10","おぼれ"
"463","2005","平成","17","7","15~16","乗用車で渋滞の後ろを低速走行中、後方からマイクロバスに追突された。","3","建設業","303","その他の建設業","30309","その他の建設業－その他","50~99","2","物上げ装置、運搬機械","23","乗物","231","乗用車、バス、バイク","17","交通事故（道路）"
"464","2005","平成","17","8","11~12","鉄骨造ビル建設現場において、鉄骨用クライミング足場の盛替え準備作業を6階梁下に設けられた当該足場上で行っていた際、当該足場と柱を挟んで設けられていたつり足場との間の渡し板を手前に引きこもうとしたとき、4階コンクリート床まで7m墜落した。","3","建設業","302","建築工事業","30201","鉄骨・鉄筋コンクリート造家屋建築工事業","30~49","4","仮設物、建築物、構築物等","41","仮設物、建築物、構築物等","411","足場","1","墜落、転落"
"465","2005","平成","17","8","0~1","海外にプロジェクトチームのリーダーとして現地出張していた被災者が、感染症で発病した。","17","その他の事業","1702","その他の事業","170209","その他の事業－その他","100~299","9","その他","91","その他の起因物","911","その他の起因物","90","その他"
"466","2005","平成","17","10","13~14","鉄骨の解体作業において、小型移動式クレーンのフックにつりクランプ取付け用ワイヤを玉掛けし、H鋼の中心付近に1点つりをしながら溶断作業中、突然フックからつりワイヤーが外れ鉄骨が下にいた被災者に当たった。","3","建設業","302","建築工事業","30209","その他の建築工事業","1~9","2","物上げ装置、運搬機械","21","動力クレーン等","212","移動式クレーン","4","飛来、落下"
"467","2005","平成","17","10","11~12","建物解体工事において、7階で解体作業に従事していた重機オペレーターが資材上げ下ろし用開口部から14m墜落した。","3","建設業","302","建築工事業","30209","その他の建築工事業","10~29","4","仮設物、建築物、構築物等","41","仮設物、建築物、構築物等","414","開口部","1","墜落、転落"
"468","2005","平成","17","6","16~17","用務先より事業場に戻る途中の鉄道駅のホームから転落し、進入してきた列車と接触した。","17","その他の事業","1702","その他の事業","170202","情報処理サービス業","10~29","2","物上げ装置、運搬機械","23","乗物","232","鉄道車両","18","交通事故（その他）"
"469","2005","平成","17","10","2~3","交差点付近で配水管工事のため、覆工板(重さ650キログラム)を開けた開口部の下で既設管まわりのコンクリートを張っていたところ、作業帯の中にタクシーがセンターラインをはみ出して進入し、開口部の脇に積み上げていた覆工板に衝突したため、覆工板4枚が坑内に落下し、作業中の被災者が下敷きとなった。","3","建設業","301","土木工事業","30110","上下水道工事業","50~99","2","物上げ装置、運搬機械","23","乗物","231","乗用車、バス、バイク","4","飛来、落下"
"470","2005","平成","17","2","7~8","寮の管理業務に従事していた被災者が、管理室内で転倒した。","17","その他の事業","1702","その他の事業","170209","その他の事業－その他","1000~9999","4","仮設物、建築物、構築物等","41","仮設物、建築物、構築物等","418","建築物、構築物","2","転倒"
"471","2005","平成","17","11","16~17","砂防工事中、トラクター・ショベルにより、斜面(傾斜角10度)の下方から上方へ土砂運搬作業を行っていたところ、当該機械が横転し、運転手が当該機械の下敷きとなった。","3","建設業","301","土木工事業","30108","砂防工事業","30~49","1","動力機械","14","建設機械等","141","整地・運搬・積込み用機械","2","転倒"
"472","2005","平成","17","6","10~11","列車に乗車中、意識をなくし、死亡した。","9","金融・広告業","901","金融業","90102","証券業・商品取引業","100~299","9","その他","92","起因物なし","921","起因物なし","90","その他"
"473","2005","平成","17","12","14~15","乗用車で高速自動車道を走行中、トンネル内において、前方を走行する貨物トレーラートラックを追い越す際、接触した。","8","商業","801","卸売業","80109","その他の卸売業","1~9","2","物上げ装置、運搬機械","23","乗物","231","乗用車、バス、バイク","17","交通事故（道路）"
"474","2005","平成","17","12","18~19","移動式クレーンを使用し、ステージ足場最上層に水槽を置く作業中、水槽を受け取るため1段下の足場に移動しようとした被災者が高さ11mの足場より墜落した。","3","建設業","302","建築工事業","30209","その他の建築工事業","1~9","4","仮設物、建築物、構築物等","41","仮設物、建築物、構築物等","411","足場","1","墜落、転落"
"475","2005","平成","17","12","19~20","耐震補強工事で、電源として内燃機関発電機を設置し、作業中、換気不足により倒れた。","3","建設業","301","土木工事業","30105","橋梁建設工事業","不明","5","物質、材料","51","危険物、有害物等","514","有害物","12","有害物等との接触"
"476","2005","平成","17","4","16~17","駐車場出口において、交通誘導中、停止を振り切って突っ込んできた自動車に激突された。","17","その他の事業","1702","その他の事業","170201","警備業","100~299","2","物上げ装置、運搬機械","22","動力運搬機","221","トラック","6","激突され"
"477","2005","平成","17","6","19~20","出張先で歩行中、対向してきた乗用車に、はね飛ばされた。","17","その他の事業","1702","その他の事業","170209","その他の事業－その他","100~299","2","物上げ装置、運搬機械","23","乗物","231","乗用車、バス、バイク","17","交通事故（道路）"
"478","2005","平成","17","10","17~18","小学校の2階窓ガラスを清掃中、2階窓より地面に転落した。","15","清掃・と畜業","1501","清掃・と畜業","150101","ビルメンテナンス業","1~9","4","仮設物、建築物、構築物等","41","仮設物、建築物、構築物等","419","その他の仮設物、建築物、構築物等","1","墜落、転落"
"479","2005","平成","17","2","10~11","鍛造機の部品加工作業において、作業を中断した際に回転している中ぐり盤の歯部に巻き込まれた。","1","製造業","112","金属製品製造業","11209","その他の金属製品製造業","10~29","1","動力機械","15","金属加工用機械","152","ボール盤、フライス盤","7","はさまれ、巻き込まれ"
"480","2005","平成","17","2","9~10","コンクリート建設現場の足場の4層目から墜落した。","3","建設業","302","建築工事業","30201","鉄骨・鉄筋コンクリート造家屋建築工事業","500~999","4","仮設物、建築物、構築物等","41","仮設物、建築物、構築物等","411","足場","1","墜落、転落"
"481","2005","平成","17","1","21~22","出社後、駐車場へ車を取りに行ったところ車の中で意識を失った。","8","商業","801","卸売業","80109","その他の卸売業","10~29","9","その他","92","起因物なし","921","起因物なし","90","その他"
"482","2005","平成","17","10","10~11","構内を詰所に向けて歩行中、バックで走行してきたトレーラートラックに激突された。","3","建設業","302","建築工事業","30201","鉄骨・鉄筋コンクリート造家屋建築工事業","50~99","2","物上げ装置、運搬機械","22","動力運搬機","221","トラック","7","はさまれ、巻き込まれ"
"483","2005","平成","17","10","17~18","エレベーター改修工事において、足場から足場板もろとも20m墜落した。","3","建設業","303","その他の建設業","30302","機械器具設置工事業","10~29","4","仮設物、建築物、構築物等","41","仮設物、建築物、構築物等","411","足場","1","墜落、転落"
"484","2005","平成","17","4","10~11","路上に車を駐車させ夜間工事の立会いのため、待機していたところ車内で意識不明になった。","3","建設業","302","建築工事業","30209","その他の建築工事業","1~9","9","その他","92","起因物なし","921","起因物なし","90","その他"
"485","2005","平成","17","4","9~10","地下車庫工事のため、ドラグ・ショベルで掘削中、歩行者を誘導していた被災者が、ドラグ・ショベルのカウンターウエイトとトラック荷台のあおりとの間に挟まれた。","3","建設業","302","建築工事業","30202","木造家屋建築工事業","10~29","1","動力機械","14","建設機械等","142","掘削用機械","7","はさまれ、巻き込まれ"
"486","2005","平成","17","4","15~16","軽トラックを運転中、ゆるいカーブを曲がりきれずに対向車線にはみ出し、対向車線を走行してきたトラックに衝突した。","3","建設業","302","建築工事業","30202","木造家屋建築工事業","10~29","2","物上げ装置、運搬機械","22","動力運搬機","221","トラック","17","交通事故（道路）"
"487","2005","平成","17","6","14~15","個人住宅の建築工事において、高さ3.4mの梁上で作業していた被災者が足を踏み外し墜落した。","3","建設業","302","建築工事業","30202","木造家屋建築工事業","1~9","4","仮設物、建築物、構築物等","41","仮設物、建築物、構築物等","415","屋根、はり、もや、けた、合掌","1","墜落、転落"
"488","2005","平成","17","6","15~16","高速自動車道を走行中、運転手が運転を誤り、中央分離帯に激突して対向車線に飛び出し、対向してきたバスに正面衝突した。","8","商業","802","小売業","80201","各種商品小売業","10~29","2","物上げ装置、運搬機械","23","乗物","231","乗用車、バス、バイク","17","交通事故（道路）"
"489","2005","平成","17","6","15~16","高速自動車道を走行中、運転手が運転を誤り、中央分離帯に激突して対向車線に飛び出し、対向してきたバスに正面衝突した。","8","商業","802","小売業","80201","各種商品小売業","10~29","2","物上げ装置、運搬機械","23","乗物","231","乗用車、バス、バイク","17","交通事故（道路）"
"490","2005","平成","17","4","9~10","乗車していた列車が脱線した。","8","商業","802","小売業","80209","その他の小売業","30~49","2","物上げ装置、運搬機械","23","乗物","232","鉄道車両","18","交通事故（その他）"
"491","2005","平成","17","10","13~14","高さ3mの箇所にある配管をガス溶接装置で切断し撤去する作業中、墜落した。","1","製造業","109","窯業土石製品製造業","10901","セメント・同製品製造業","10~29","4","仮設物、建築物、構築物等","41","仮設物、建築物、構築物等","418","建築物、構築物","1","墜落、転落"
"492","2005","平成","17","9","0~1","低圧電灯供給工事で、本線工事終了後、長はしごをかけ、引込線作業中、感電した。","3","建設業","303","その他の建設業","30301","電気通信工事業","1~9","3","その他の装置等","35","電気設備","351","送配電線等","13","感電"
"493","2005","平成","17","4","12~13","レストランで、レジ打ちを行っていたところ、突然倒れ、死亡した。","17","その他の事業","1702","その他の事業","170209","その他の事業－その他","30~49","9","その他","92","起因物なし","921","起因物なし","90","その他"
"494","2005","平成","17","1","22~23","車両の交通整理中、傾斜部に停車していたフォークリフトのサイドブレーキが引かれていなかったために動き出し、被災者に激突した。","17","その他の事業","1702","その他の事業","170201","警備業","50~99","2","物上げ装置、運搬機械","22","動力運搬機","222","フォークリフト","6","激突され"
"495","2005","平成","17","2","11~12","出張先で国道をレンタカーで走行中、吹雪で前方の車両が停車していたため、様子を確認するため車外に出たところ他車に激突された。","17","その他の事業","1702","その他の事業","170209","その他の事業－その他","10~29","2","物上げ装置、運搬機械","23","乗物","231","乗用車、バス、バイク","17","交通事故（道路）"
"496","2005","平成","17","6","10~11","建造物の解体作業中、高さ11mの外部足場において防音パネルを取り外す作業を行っていたところ、ブレスの隙間から地面に墜落した。","3","建設業","302","建築工事業","30209","その他の建築工事業","1~9","4","仮設物、建築物、構築物等","41","仮設物、建築物、構築物等","411","足場","1","墜落、転落"
"497","2005","平成","17","7","12~13","マンション販売現場にて、打ち合わせ終了後、荷物を整理しているとき、突然倒れ、意識不明となった。","8","商業","804","その他の商業","80409","その他の商業－その他","50~99","9","その他","92","起因物なし","921","起因物なし","90","その他"
"498","2005","平成","17","8","15~16","住宅の解体工事現場において、高さ10mの枠組足場作業床上で散水作業をしていたところ、躯体と反対側に墜落した。","3","建設業","302","建築工事業","30209","その他の建築工事業","10~29","4","仮設物、建築物、構築物等","41","仮設物、建築物、構築物等","411","足場","1","墜落、転落"
"499","2005","平成","17","9","1~2","料金所で料金収受業務を行っていた被災者が、異常ETC表示が出たレーンに向かおうとしてレーンを横断したところ、大型トラックにはねられた。","17","その他の事業","1702","その他の事業","170209","その他の事業－その他","100~299","2","物上げ装置、運搬機械","22","動力運搬機","221","トラック","17","交通事故（道路）"
"500","2005","平成","17","6","18~19","厨房内で、アルコール消毒液をスプレー式容器に詰替えていたところライターの火が引火し、驚いた作業者がアルコール消毒液を手放し、飛び散った炎で傍にいた被災者が火傷を負った。","14","接客娯楽業","1402","飲食店","140201","一般飲食店","30~49","5","物質、材料","51","危険物、有害物等","512","引火性の物","16","火災"
"501","2005","平成","17","3","15~16","自動車の助手席に乗車中、運転手が運転を誤って道路脇のポールに衝突した。","8","商業","802","小売業","80209","その他の小売業","10~29","2","物上げ装置、運搬機械","23","乗物","231","乗用車、バス、バイク","17","交通事故（道路）"
"502","2005","平成","17","12","9~10","天井クレーンを使用して鋼板コイルの移動作業中、下段に並べていたコイルが滑動したため、上段に積んでいたコイル(重さ13トン)が斜め方向に落下し、玉掛の補助者をしていた被災者がコイルと背後に並べていたコイルとの間に挟まれた。","17","その他の事業","1701","派遣業","170101","派遣業","30~49","5","物質、材料","52","材料","521","金属材料","4","飛来、落下"
"503","2005","平成","17","3","13~14","シールドによる高速自動車道建設工事の現場において、午後の型枠作業場所に向かうため、軌道上に設けられた通路を切羽に向かって歩行していたところ、後ろから走行してきた動力車に後押し運転されたセグメント台車にひかれた。","3","建設業","301","土木工事業","30102","トンネル建設工事業","30~49","2","物上げ装置、運搬機械","22","動力運搬機","223","軌道装置","7","はさまれ、巻き込まれ"
"504","2005","平成","17","4","13~14","個人住宅の外部塗装工事において、塗装作業の準備のため、枠組足場の1段目から2段目に材料を持ち上げようとしたところ、足場(高さ1.8m)から転落した。","3","建設業","302","建築工事業","30209","その他の建築工事業","1~9","4","仮設物、建築物、構築物等","41","仮設物、建築物、構築物等","411","足場","1","墜落、転落"
"505","2005","平成","17","5","5~6","ライトバンで走行中、ゆるやかなカーブにおいて、道路左側民家の塀に衝突し、後部座席に乗車していた被災者がフロントガラスに激突した。","3","建設業","301","土木工事業","30199","その他の土木工事業","10~29","2","物上げ装置、運搬機械","23","乗物","231","乗用車、バス、バイク","17","交通事故（道路）"
"506","2005","平成","17","7","16~17","抱き足場(高さ22m)で作業中、足場から墜落し、隣の建物の屋上を滑り落ち、地上に墜落した。","3","建設業","302","建築工事業","30209","その他の建築工事業","1~9","4","仮設物、建築物、構築物等","41","仮設物、建築物、構築物等","411","足場","1","墜落、転落"
"507","2005","平成","17","9","14~15","窓清掃作業をキャットウォーク上から行っていたが、手の届かない部分の清掃作業を行うため、屋上からつり下げていたロープにブランコをつなぎ、そこを足がかりにして作業しようと足をかけたところ、ロープが緩んだことからバランスを崩して1.4m下のキャットウォーク上に墜落し、さらに3.6下の床上に墜落した。","15","清掃・と畜業","1501","清掃・と畜業","150101","ビルメンテナンス業","30~49","3","その他の装置等","37","用具","379","その他の用具","1","墜落、転落"
"508","2005","平成","17","11","9~10","住宅の庭に植えてある立木の枝切り作業において、立木の幹に登り作業をしていたところ、足を掛けていた枝が折れ、5.4m下のコンクリート通路に墜落した。","6","農林業","601","農業","60101","農業","1~9","7","環境等","71","環境等","712","立木等","1","墜落、転落"
"509","2005","平成","17","11","11~12","個人住宅の屋根瓦の取替え作業において、瓦揚げ機により古い瓦を2階屋根より下ろしていたところ、引っかかっていた荷台が急に落下し、被災者に激突した。","3","建設業","302","建築工事業","30202","木造家屋建築工事業","1~9","2","物上げ装置、運搬機械","21","動力クレーン等","219","その他の動力クレーン等","6","激突され"
"510","2005","平成","17","1","15~16","コンクリートの堤防の解体工事において、ドラグ・ショベルが横転し、運転席が潰れた。","3","建設業","301","土木工事業","30107","河川土木工事業","1~9","1","動力機械","14","建設機械等","142","掘削用機械","2","転倒"
"511","2005","平成","17","2","10~11","杭打ち機械の解体作業において、ワイヤが引っ張られて切断し、取付部下の滑車が、ステー根本近くに飛来し、被災者を直撃した。","3","建設業","302","建築工事業","30201","鉄骨・鉄筋コンクリート造家屋建築工事業","1~9","1","動力機械","14","建設機械等","143","基礎工事用機械","4","飛来、落下"
"512","2005","平成","17","7","18~19","乗用車で工事現場から帰社するため高速自動車道を走行中、左後輪がバーストしたため車両が横転した。","3","建設業","302","建築工事業","30209","その他の建築工事業","50~99","2","物上げ装置、運搬機械","23","乗物","231","乗用車、バス、バイク","17","交通事故（道路）"
"513","2005","平成","17","12","10~11","樹木枝切り作業において、枝葉の枝切り作業を行っていたところ、5m下の地面に墜落した。","6","農林業","601","農業","60101","農業","1~9","7","環境等","71","環境等","712","立木等","1","墜落、転落"
"514","2005","平成","17","3","16~17","社用先から帰社途中、駅付近の踏切で電車にはねられた。","9","金融・広告業","901","金融業","90103","保険業","300~499","2","物上げ装置、運搬機械","23","乗物","232","鉄道車両","18","交通事故（その他）"
"515","2005","平成","17","1","4~5","自動車で走行中、道路合流地点で、信号待ちをしていたトラックに追突した。","4","運輸交通業","403","道路貨物運送業","40301","一般貨物自動車運送業","1~9","2","物上げ装置、運搬機械","22","動力運搬機","221","トラック","17","交通事故（道路）"
"516","2005","平成","17","2","5~6","フォークリフトにより金属屑をトラックに積み込む作業を行っている最中、移動中のフォークリフトが横転し、フォークリフトを運転していた被災者がその下敷きとなった。","8","商業","801","卸売業","80109","その他の卸売業","1~9","2","物上げ装置、運搬機械","22","動力運搬機","222","フォークリフト","2","転倒"
"517","2005","平成","17","6","5~6","トレーラートラックで県道を走行中、停止中の大型トラックに追突した。","4","運輸交通業","403","道路貨物運送業","40301","一般貨物自動車運送業","1~9","2","物上げ装置、運搬機械","22","動力運搬機","221","トラック","17","交通事故（道路）"
"518","2005","平成","17","12","16~17","ボール紙を荷揚設備にて、荷降ろし中に荷揚装置脇の開口部から3.6m下の1階床に墜落した。","1","製造業","106","パルプ・紙・紙加工品製造業","10602","紙加工品製造業","10~29","2","物上げ装置、運搬機械","21","動力クレーン等","214","エレベータ、リフト","1","墜落、転落"
"519","2005","平成","17","3","0~1","圧縮式ごみ収集車へのダンボールの積込み作業において、プラットホーム上からごみ収集車のホッパー内にダンボールを投入していたところ、作動中の回転板に巻き込まれた。","1","製造業","117","その他の製造業","11709","その他の製造業－その他","10~29","2","物上げ装置、運搬機械","22","動力運搬機","221","トラック","7","はさまれ、巻き込まれ"
"520","2005","平成","17","3","5~6","横断歩道を渡っていたところ、交差点に進入してきたトラックに激突された。","3","建設業","301","土木工事業","30106","道路建設工事業","300~499","2","物上げ装置、運搬機械","22","動力運搬機","221","トラック","17","交通事故（道路）"
"521","2005","平成","17","3","4~5","産業廃棄物中間処理を行う工場内において、廃棄物の第1次仕分け作業終了後、第2次仕分け作業を行う残渣をトラクター・ショベルにより収集作業中、後退してきたトラクター・ショベルにひかれた。","15","清掃・と畜業","1501","清掃・と畜業","150102","産業廃棄物処理業","50~99","1","動力機械","14","建設機械等","141","整地・運搬・積込み用機械","6","激突され"
"522","2005","平成","17","6","13~14","トラック荷台のあおりを閉める作業中、積荷のコンプレッサーが落下してあおりに倒れかかり、側にいた被災者をあおりが強打した。","1","製造業","110","鉄鋼業","11009","その他の鉄鋼業","10~29","6","荷","61","荷","612","機械装置","4","飛来、落下"
"523","2005","平成","17","12","12~13","トラックにて荷物の搬送中、国道の交差点において、ダンプトラックに追突した。","4","運輸交通業","403","道路貨物運送業","40301","一般貨物自動車運送業","10~29","2","物上げ装置、運搬機械","22","動力運搬機","221","トラック","17","交通事故（道路）"
"524","2005","平成","17","10","13~14","公園内にある詰所へ自転車で向かう途中、トラックと接触して転倒した。","15","清掃・と畜業","1501","清掃・と畜業","150109","その他の清掃・と畜業","10~29","2","物上げ装置、運搬機械","22","動力運搬機","221","トラック","17","交通事故（道路）"
"525","2005","平成","17","2","11~12","トレーラートラックに積載した木材を車両積載形トラッククレーンを用いて、地上に下ろす作業を行っていたところ、当該トラッククレーンが操作を行っていた被災者側に傾き、当該トラッククレーンの荷台に積載していた木材が滑り落ちて、着地したつり荷との間に挟まれた。","4","運輸交通業","403","道路貨物運送業","40301","一般貨物自動車運送業","10~29","6","荷","61","荷","611","荷姿の物","5","崩壊、倒壊"
"526","2005","平成","17","1","15~16","土木用機械の部品の加工のため、ボール盤を使用して穴あけ作業を行っていたところ、ボール盤の回転する刃物の巻き込まれた。","1","製造業","113","一般機械器具製造業","11301","機械（精密機械を除く）器具製造業","1~9","1","動力機械","15","金属加工用機械","152","ボール盤、フライス盤","7","はさまれ、巻き込まれ"
"527","2005","平成","17","3","16~17","建設現場から運搬してきた泥土を、産業廃棄物処理施設内の深さ3.7mの処理槽に廃棄するため、ダンプトラックの運転席において、荷台を上昇させたところ、車両前部が浮き上がり、半回転した車両とともに処理槽内に転落した。","15","清掃・と畜業","1501","清掃・と畜業","150102","産業廃棄物処理業","10~29","2","物上げ装置、運搬機械","22","動力運搬機","221","トラック","1","墜落、転落"
"528","2005","平成","17","10","15~16","街路樹に登り、10mの高さで枝切り作業をしていたところ、地上に墜落した。","6","農林業","601","農業","60101","農業","10~29","7","環境等","71","環境等","712","立木等","1","墜落、転落"
"529","2005","平成","17","1","13~14","道路面を振動ローラーで転圧中に、法面に振動ローラーがずり落ち、さらに高さ7.5mの補強土壁から落下した。","3","建設業","301","土木工事業","30106","道路建設工事業","1~9","1","動力機械","14","建設機械等","144","締固め用機械","1","墜落、転落"
"530","2005","平成","17","3","8~9","工事記録の写真の撮影を行うため、高さ3.8mの2階鉄骨梁上を移動中、鉄骨梁から1階へ墜落した。","3","建設業","302","建築工事業","30201","鉄骨・鉄筋コンクリート造家屋建築工事業","1~9","4","仮設物、建築物、構築物等","41","仮設物、建築物、構築物等","415","屋根、はり、もや、けた、合掌","1","墜落、転落"
"531","2005","平成","17","4","3~4","乗客を降ろし、営業所に帰る途中、高速自動車道内において、後方車から追突されたため、追越車線に車両を残したまま走行車線脇で追突車両の運転手と相談していたところ、後続の大型車両(トラック)にはねられた。","4","運輸交通業","402","道路旅客運送業","40201","ハイヤー・タクシー業","100~299","2","物上げ装置、運搬機械","23","乗物","231","乗用車、バス、バイク","17","交通事故（道路）"
"532","2005","平成","17","7","4~5","タクシーを運転中、ハンドル操作を誤って道路のセンターラインをはみ出して対向車線脇のガードレール支柱に衝突した。","4","運輸交通業","402","道路旅客運送業","40201","ハイヤー・タクシー業","100~299","2","物上げ装置、運搬機械","23","乗物","231","乗用車、バス、バイク","17","交通事故（道路）"
"533","2005","平成","17","7","6~7","片側1車線の道路を、原動機付き自転車(バイク)で走行中、左側道路より自転車が一時停止をせずに飛び出して来たため、それを避けようとしたが、自転車の一部と接触した後に転倒した。","8","商業","802","小売業","80205","新聞販売業","10~29","3","その他の装置等","36","人力機械工具等","362","人力運搬機","17","交通事故（道路）"
"534","2005","平成","17","8","10~11","倉庫整理等の軽作業を行っていたが、体調の異変が認められた。","3","建設業","301","土木工事業","30199","その他の土木工事業","10~29","7","環境等","71","環境等","715","高温・低温環境","90","その他"
"535","2005","平成","17","5","20~21","警備のため施設を巡回中、建屋の1階から地下1階へ下りる階段の踊り場で転倒した。","15","清掃・と畜業","1501","清掃・と畜業","150101","ビルメンテナンス業","300~499","4","仮設物、建築物、構築物等","41","仮設物、建築物、構築物等","413","階段、桟橋","1","墜落、転落"
"536","2005","平成","17","4","11~12","土止め支保工の設置工事において、ドラグ・ショベルを用いてガイドポストの圧入を行っていたところ、圧入の振動により隣のガイドポスト天端に取り付けられた防護プレートが落下、立坑内で床付整形作業を行っていた被災者を直撃した。","3","建設業","301","土木工事業","30110","上下水道工事業","10~29","3","その他の装置等","37","用具","379","その他の用具","4","飛来、落下"
"537","2005","平成","17","2","23~24","退社しようと会社建物の通用口から出たところ、刃物を持った若者と出くわし、刃物を取り上げようと取っ組み合いになった。","9","金融・広告業","901","金融業","90101","銀行・信託業","30~49","3","その他の装置等","36","人力機械工具等","364","手工具","90","その他"
"538","2005","平成","17","9","18~19","トラックで高速自動車道を走行中、インターチェンジで右カーブを通過しようとした時にガードレールに接触し、その反動で車が横転した。","4","運輸交通業","403","道路貨物運送業","40301","一般貨物自動車運送業","10~29","2","物上げ装置、運搬機械","22","動力運搬機","221","トラック","17","交通事故（道路）"
"539","2005","平成","17","10","15~16","木造2階建住宅新築工事現場において、2階床を張っていたところ、開口部から3m下のコンクリート床面に墜落した。","3","建設業","302","建築工事業","30202","木造家屋建築工事業","1~9","4","仮設物、建築物、構築物等","41","仮設物、建築物、構築物等","414","開口部","1","墜落、転落"
"540","2005","平成","17","4","4~5","トラックを運転中、意識を失い、蛇行運転を始め、対向車線のガードレールの切れ目に衝突した。","4","運輸交通業","403","道路貨物運送業","40301","一般貨物自動車運送業","100~299","9","その他","92","起因物なし","921","起因物なし","90","その他"
"541","2005","平成","17","3","14~15","雨水浸透施設の設置工事において、コンクリート製の円筒形のつり荷をドラグ・ショベルで下ろそうとしたところ、掘削底で待機していた被災者がつり荷に手をかけた際、手をかけた側のハッカーが外れたため、つり荷が振れ、掘削側壁とつり荷との間に挟まれた。","3","建設業","301","土木工事業","30106","道路建設工事業","10~29","3","その他の装置等","37","用具","372","玉掛用具","4","飛来、落下"
"542","2005","平成","17","6","9~10","軽貨物自動車にて荷物を運搬中、国道の交差点付近において、右折してきた対向車両を避けた際、対向車線にはみ出し、直進してきたトラックと正面衝突した。","4","運輸交通業","403","道路貨物運送業","40301","一般貨物自動車運送業","1~9","2","物上げ装置、運搬機械","22","動力運搬機","221","トラック","17","交通事故（道路）"
"543","2005","平成","17","1","13~14","マンション新築工事現場内で、場内の仮設道路に敷き並べられた鉄板をズレ止めのためアーク溶接作業を行っていた被災者が、向きを変えようと後進したダンプトラックにひかれた。","3","建設業","302","建築工事業","30201","鉄骨・鉄筋コンクリート造家屋建築工事業","1~9","2","物上げ装置、運搬機械","22","動力運搬機","221","トラック","6","激突され"
"544","2005","平成","17","2","18~19","マンション新築工事現場で、鉄骨梁を移動中に墜落した。","3","建設業","302","建築工事業","30201","鉄骨・鉄筋コンクリート造家屋建築工事業","10~29","4","仮設物、建築物、構築物等","41","仮設物、建築物、構築物等","415","屋根、はり、もや、けた、合掌","1","墜落、転落"
"545","2005","平成","17","1","21~22","コンテナ荷役作業において、岸壁上のガントリークレーンの下付近でガントリークレーンやトレーラートラックに対して合図をしていた被災者がつり荷に激突された。","5","貨物取扱業","502","港湾運送業","50202","港湾荷役業","50~99","9","その他","99","分類不能","999","分類不能","99","分類不能"
"546","2005","平成","17","2","4~5","原動機付き自転車(バイク)で、市道交差点を直進しようとしたところ、交差点を右折してきたワゴン車と出会い頭に衝突した。","8","商業","802","小売業","80205","新聞販売業","30~49","2","物上げ装置、運搬機械","23","乗物","231","乗用車、バス、バイク","17","交通事故（道路）"
"547","2005","平成","17","3","10~11","岸壁上においてあったタラップに乗った際、タラップが横転し、海中に転落した。","1","製造業","117","その他の製造業","11709","その他の製造業－その他","10~29","3","その他の装置等","37","用具","371","はしご等","10","おぼれ"
"548","2005","平成","17","4","14~15","足場の組立作業中に、足場の床から8.4m下の隣接する立体駐車場の庇まで墜落した。","3","建設業","302","建築工事業","30201","鉄骨・鉄筋コンクリート造家屋建築工事業","10~29","4","仮設物、建築物、構築物等","41","仮設物、建築物、構築物等","411","足場","1","墜落、転落"
"549","2005","平成","17","6","14~15","外壁パネルの取付け作業中、積まれている外壁パネルの最上部の1枚を取り付けやすいように向きを変えようとしたところ、後方にあるエレベーターピットの手すりの下方をすり抜け、9m下のエレベーターピット内に墜落した。","3","建設業","302","建築工事業","30201","鉄骨・鉄筋コンクリート造家屋建築工事業","1~9","4","仮設物、建築物、構築物等","41","仮設物、建築物、構築物等","414","開口部","1","墜落、転落"
"550","2005","平成","17","6","8~9","ケーブル敷設工事において、マンホール内に50センチメートルの深さに溜まった雨水を排水する作業中、マンホール内で倒れ、溺れた。","3","建設業","303","その他の建設業","30301","電気通信工事業","50~99","7","環境等","71","環境等","713","水","10","おぼれ"
"551","2005","平成","17","8","7~8","サイロの改修工事においてシートからの浸水がないかを確認しようとして、サイロ頂部から貯蔵物であるセメント面まで15m墜落した。","3","建設業","303","その他の建設業","30302","機械器具設置工事業","10~29","4","仮設物、建築物、構築物等","41","仮設物、建築物、構築物等","418","建築物、構築物","1","墜落、転落"
"552","2005","平成","17","10","19~20","ガントリークレーンを使用したコンテナの積降ろし作業で、船内の通路を歩いていた際に9m下の船倉内に墜落した。","5","貨物取扱業","502","港湾運送業","50202","港湾荷役業","30~49","4","仮設物、建築物、構築物等","41","仮設物、建築物、構築物等","416","作業床、歩み板","1","墜落、転落"
"553","2005","平成","17","10","2~3","道路上の散乱物を片付けていたところ、停止していた車に後続車が追突し、衝撃で動いた車にひかれた。","4","運輸交通業","403","道路貨物運送業","40301","一般貨物自動車運送業","10~29","2","物上げ装置、運搬機械","22","動力運搬機","221","トラック","17","交通事故（道路）"
"554","2005","平成","17","12","17~18","艀から岸壁への荷揚げ作業終了後、艀を曳航中に、海に転落した。","5","貨物取扱業","502","港湾運送業","50209","その他の港湾運送業","10~29","2","物上げ装置、運搬機械","23","乗物","239","その他の乗物","10","おぼれ"
"555","2005","平成","17","3","14~15","サイロの塗装工事において、旧塗装のケレン作業をブランコを使用して行っていたところサイロの下に転落した。","3","建設業","302","建築工事業","30209","その他の建築工事業","1~9","3","その他の装置等","39","その他の装置、設備","391","その他の装置、設備","1","墜落、転落"
"556","2005","平成","17","5","0~1","倉庫2階でフォークリフトを旋回しようと後進したところ、荷物用エレベーターに衝突して、鋼製ドアを突き破り、8.4m下の1階に墜落した。","17","その他の事業","1702","その他の事業","170209","その他の事業－その他","10~29","2","物上げ装置、運搬機械","22","動力運搬機","222","フォークリフト","1","墜落、転落"
"557","2005","平成","17","5","8~9","マンションにおいて、暖房屋外機の置き場の床シートの貼り状況を確認するために、5階の窓から幅が70センチメートルの屋外機置き場に下りようとして窓の手すりを乗り越えた際に、そのまま12m墜落した。","3","建設業","302","建築工事業","30201","鉄骨・鉄筋コンクリート造家屋建築工事業","1~9","4","仮設物、建築物、構築物等","41","仮設物、建築物、構築物等","418","建築物、構築物","1","墜落、転落"
"558","2005","平成","17","12","0~1","高速自動車道インターチェンジ出口付近において、左カーブを曲がりきれずに道路右側へ横転し、そのはずみで、車外に投げ出され、横転したトラックの下敷きとなった。","15","清掃・と畜業","1501","清掃・と畜業","150102","産業廃棄物処理業","30~49","2","物上げ装置、運搬機械","22","動力運搬機","221","トラック","17","交通事故（道路）"
"559","2005","平成","17","6","12~13","国道を走行中、信号待ちをしていたトラックに衝突した。","4","運輸交通業","403","道路貨物運送業","40301","一般貨物自動車運送業","30~49","2","物上げ装置、運搬機械","22","動力運搬機","221","トラック","17","交通事故（道路）"
"560","2005","平成","17","10","18~19","土壌洗浄プラント内において、土壌洗浄作業の運転管理作業中、砂搬出用ベルトコンベヤーのローラー下端部に巻き込まれたスコップに激突された。","15","清掃・と畜業","1501","清掃・と畜業","150102","産業廃棄物処理業","10~29","2","物上げ装置、運搬機械","22","動力運搬機","224","コンベア","7","はさまれ、巻き込まれ"
"561","2005","平成","17","2","6~7","自宅の居間で倒れた。","1","製造業","114","電気機械器具製造業","11403","電子機器用・通信機器用部品製造業","500~999","9","その他","92","起因物なし","921","起因物なし","90","その他"
"562","2005","平成","17","3","15~16","フォークリフトで構内道路を走行中、下りスロープとなった構内道路の路肩に寄り過ぎたため、フォークリフトごと40センチメートルの段差を転落、横転したフォークリフトの下敷きとなった。","5","貨物取扱業","501","陸上貨物取扱業","50101","陸上貨物取扱業","10~29","2","物上げ装置、運搬機械","22","動力運搬機","222","フォークリフト","1","墜落、転落"
"563","2005","平成","17","5","15~16","地下駐車場の足場組立中、高さ5.5mの足場の3段目からコンクリート床に墜落した。","3","建設業","302","建築工事業","30201","鉄骨・鉄筋コンクリート造家屋建築工事業","100~299","4","仮設物、建築物、構築物等","41","仮設物、建築物、構築物等","411","足場","1","墜落、転落"
"564","2005","平成","17","7","8~9","個人宅の庭の手入れ作業中、スズメバチに刺された。","6","農林業","601","農業","60101","農業","1~9","7","環境等","71","環境等","719","その他の環境等","90","その他"
"565","2005","平成","17","7","10~11","基礎工事のため掘削された部分の埋戻し作業に関連して、スラブ側に埋戻しの土砂が入り込まないようにするため、ドラグ・ショベルにて鉄板(重さ700キログラム)をつり込み、これを立てて鉄板が自立したところで玉掛用具を外したしたところ、当該鉄板が倒れて、これと地山との間に挟まれた。","3","建設業","302","建築工事業","30201","鉄骨・鉄筋コンクリート造家屋建築工事業","30~49","4","仮設物、建築物、構築物等","41","仮設物、建築物、構築物等","419","その他の仮設物、建築物、構築物等","5","崩壊、倒壊"
"566","2005","平成","17","4","2~3","新聞の配達作業中に片側1車線の信号のある交差点を原動機付き自転車(バイク)で直進したところ、前方から右折してきた軽自動車にはねられた。","8","商業","802","小売業","80205","新聞販売業","10~29","2","物上げ装置、運搬機械","23","乗物","231","乗用車、バス、バイク","17","交通事故（道路）"
"567","2005","平成","17","4","4~5","アルミ製の鉄道車両内装部材の切断作業を行っていたところ、移動するXYテーブルとZ軸を支える鉄柱との間に挟まれた。","1","製造業","115","輸送用機械等製造業","11503","鉄道車両・同部分品製造業","100~299","1","動力機械","15","金属加工用機械","159","その他の金属加工用機械","7","はさまれ、巻き込まれ"
"568","2005","平成","17","5","10~11","オートバイで走行中、道路際の住宅塀に激突した。","8","商業","802","小売業","80204","燃料小売業","1~9","2","物上げ装置、運搬機械","23","乗物","231","乗用車、バス、バイク","17","交通事故（道路）"
"569","2005","平成","17","1","21~22","出張先の工場において、突然倒れた。","17","その他の事業","1702","その他の事業","170209","その他の事業－その他","1~9","9","その他","92","起因物なし","921","起因物なし","90","その他"
"570","2005","平成","17","1","11~12","高速自動車道において、作業者7人が、道路脇の目隠し板の撤去作業及び単管パイプの解体作業を行っていたところ、走行してきた大型トラックが規制帯に突っ込み、被災者らに激突した。","3","建設業","301","土木工事業","30199","その他の土木工事業","10~29","2","物上げ装置、運搬機械","22","動力運搬機","221","トラック","17","交通事故（道路）"
"571","2005","平成","17","5","14~15","警備作業中、工場本館の屋上で、はしごから墜落した。","17","その他の事業","1702","その他の事業","170201","警備業","30~49","3","その他の装置等","37","用具","371","はしご等","1","墜落、転落"
"572","2005","平成","17","10","15~16","左官補修工事を、高さ6.5mの足場の上で行っていたところ、躯体と足場の間の開口部より墜落した。","3","建設業","302","建築工事業","30201","鉄骨・鉄筋コンクリート造家屋建築工事業","10~29","4","仮設物、建築物、構築物等","41","仮設物、建築物、構築物等","411","足場","1","墜落、転落"
"573","2005","平成","17","6","11~12","ビル内の清掃作業終了後、エレベーター内で気分が悪くなり、意識を失った。","15","清掃・と畜業","1501","清掃・と畜業","150101","ビルメンテナンス業","50~99","9","その他","99","分類不能","999","分類不能","99","分類不能"
"574","2005","平成","17","1","14~15","照明器具の電球交換作業を脚立を用いて行っていたところ、当該脚立から墜落した。","15","清掃・と畜業","1501","清掃・と畜業","150101","ビルメンテナンス業","100~299","3","その他の装置等","37","用具","371","はしご等","1","墜落、転落"
"575","2005","平成","17","11","9~10","空荷のフォークリフトを置場に戻すため運転中、フォークを1.7mの高さに上げたまま前進で事業場外に出て、傾斜角10度の場所で右折しようとしたところ、フォークリフトが左側面を下にして横転し、当該フォークリフトの下敷きとなった。","8","商業","801","卸売業","80109","その他の卸売業","10~29","2","物上げ装置、運搬機械","22","動力運搬機","222","フォークリフト","2","転倒"
"576","2005","平成","17","12","4~5","曳き船の出航準備中、接舷していた浮き桟橋と曳き船の隙間から海中に転落した。","5","貨物取扱業","502","港湾運送業","50209","その他の港湾運送業","1~9","7","環境等","71","環境等","713","水","10","おぼれ"
"577","2005","平成","17","12","10~11","下水管本管に枝管を敷設するため、掘削箇所内で作業を行っていたところ、周囲の埋戻し土砂が崩落、腰まで土砂に埋まった被災者を救出しようとしたところ、さらに土砂が崩落し、生き埋めとなった。","3","建設業","301","土木工事業","30106","道路建設工事業","10~29","7","環境等","71","環境等","711","地山、岩石","5","崩壊、倒壊"
"578","2005","平成","17","12","13~14","水道管埋設工事現場で誘導を行っていた被災者が、休憩時間に停車中のトラックの前に座って弁当を食べていたところ、突然トラックが発車し、ひかれた。","17","その他の事業","1702","その他の事業","170201","警備業","10~29","2","物上げ装置、運搬機械","22","動力運搬機","221","トラック","17","交通事故（道路）"
"579","2005","平成","17","9","10~11","内装ボード製造ラインにおいて、原料投入作業を行っていたところ、原料投入ホッパーとフレコンバックとの間に挟まれた。","1","製造業","109","窯業土石製品製造業","10901","セメント・同製品製造業","10~29","6","荷","61","荷","611","荷姿の物","6","激突され"
"580","2005","平成","17","9","4~5","トラックで走行中、高速自動車道のインターチェンジ付近にて、事故で渋滞している最後尾の乗用車に追突した。","4","運輸交通業","403","道路貨物運送業","40301","一般貨物自動車運送業","30~49","2","物上げ装置、運搬機械","22","動力運搬機","221","トラック","17","交通事故（道路）"
"581","2005","平成","17","11","17~18","トラック内に車のキーを閉じ込めてしまったため、車の窓のガラスコーナーのゴムに指を引っ掛けて、力を入れて引っ張っていたところ、指が外れた勢いで仰向けに転倒し、隣から発進した大型トラックの後輪でひかれた。","4","運輸交通業","403","道路貨物運送業","40301","一般貨物自動車運送業","10~29","2","物上げ装置、運搬機械","22","動力運搬機","221","トラック","7","はさまれ、巻き込まれ"
"582","2005","平成","17","10","10~11","建物の1階の庇の上で外ガラスを清掃中、3m下の地面のコンクリートに墜落した。","15","清掃・と畜業","1501","清掃・と畜業","150109","その他の清掃・と畜業","1~9","4","仮設物、建築物、構築物等","41","仮設物、建築物、構築物等","418","建築物、構築物","1","墜落、転落"
"583","2005","平成","17","9","15~16","木造住宅新築工事において、既設電柱から工事現場用の仮設電柱に100V引込み線を接続するため、既設電柱上で活線作業を行っていた際、活線に触れ感電した。","3","建設業","302","建築工事業","30202","木造家屋建築工事業","1~9","3","その他の装置等","35","電気設備","351","送配電線等","13","感電"
"584","2005","平成","17","3","8~9","タンクローリーで国道を走行中、下り坂の左カーブを曲がろうとしたときに横転し、対向車線で信号待ちをしていた他の車両と衝突した。","1","製造業","109","窯業土石製品製造業","10901","セメント・同製品製造業","50~99","2","物上げ装置、運搬機械","22","動力運搬機","221","トラック","17","交通事故（道路）"
"585","2005","平成","17","6","5~6","トラックで県道を走行中、対向車のダンプトラックと正面衝突した。","4","運輸交通業","403","道路貨物運送業","40301","一般貨物自動車運送業","30~49","2","物上げ装置、運搬機械","22","動力運搬機","221","トラック","17","交通事故（道路）"
"586","2005","平成","17","8","16~17","原動機付き自転車(バイク)で走行中、駐車している車の右側より来た乗用車と激突した。","8","商業","802","小売業","80205","新聞販売業","10~29","2","物上げ装置、運搬機械","23","乗物","231","乗用車、バス、バイク","17","交通事故（道路）"
"587","2005","平成","17","11","14~15","ガラス管の製造ラインのガラス管を一定の長さに切断する切断機付近で、飛散したガラス片を清掃する作業中、ガラス管又はその破片により被災した。","1","製造業","109","窯業土石製品製造業","10902","ガラス・同製品製造業","50~99","5","物質、材料","52","材料","529","その他の材料","8","切れ、こすれ"
"588","2005","平成","17","6","4~5","トラックで走行中、交差点を横断しているところへ、他のトラックが右側から信号無視して進入し、衝突した。","4","運輸交通業","403","道路貨物運送業","40301","一般貨物自動車運送業","1~9","2","物上げ装置、運搬機械","22","動力運搬機","221","トラック","17","交通事故（道路）"
"589","2005","平成","17","2","8~9","畳を擁壁上で運んでいたところ、突風によりあおられ7.2m下の地面へ墜落した。","3","建設業","301","土木工事業","30108","砂防工事業","1~9","4","仮設物、建築物、構築物等","41","仮設物、建築物、構築物等","418","建築物、構築物","1","墜落、転落"
"590","2005","平成","17","8","8~9","トラックで走行中、先方のトラックが赤信号で停車したところへ追突した。","3","建設業","301","土木工事業","30199","その他の土木工事業","1~9","2","物上げ装置、運搬機械","22","動力運搬機","221","トラック","17","交通事故（道路）"
"591","2005","平成","17","9","2~3","トラックで国道を走行中、歩行者用信号が赤になり前の車両が止まったところに追突し、ハンドルと座席との間に挟まれた。","5","貨物取扱業","501","陸上貨物取扱業","50101","陸上貨物取扱業","10~29","2","物上げ装置、運搬機械","22","動力運搬機","221","トラック","17","交通事故（道路）"
"592","2005","平成","17","2","5~6","納品のため道路左側に停車し、降車中に後方より追突された。","4","運輸交通業","403","道路貨物運送業","40301","一般貨物自動車運送業","50~99","2","物上げ装置、運搬機械","22","動力運搬機","221","トラック","17","交通事故（道路）"
"593","2005","平成","17","2","11~12","焼却炉の補修作業のため廃棄物を投入するシリンダー室より、焼却炉の内部を確認中、廃棄物を投入する起動スイッチを他の作業者が操作したため、被災者が動き出した扉に挟まれた。","15","清掃・と畜業","1501","清掃・と畜業","150102","産業廃棄物処理業","10~29","1","動力機械","16","一般動力機械","169","その他の一般動力機械","7","はさまれ、巻き込まれ"
"594","2005","平成","17","8","11~12","事業場構内の駐車場で方向転換中、運転席のドアを開けて、上半身を乗り出して後退させようとしたところ、工場脇の鉄柱と車体との間に挟まれた。","1","製造業","117","その他の製造業","11701","自動車整備業","10~29","2","物上げ装置、運搬機械","23","乗物","231","乗用車、バス、バイク","3","激突"
"595","2005","平成","17","9","18~19","被災者が缶飲料を自動販売機に充填する業務を終えて事業場に戻った時、熱中症により具合が悪くなった。","8","商業","801","卸売業","80109","その他の卸売業","10~29","7","環境等","71","環境等","715","高温・低温環境","11","高温・低温の物との接触"
"596","2005","平成","17","2","3~4","事務所において、勤務中に気分が悪くなり、病院に搬送されたが死亡した。被災者は長時間労働を行っていた。","1","製造業","114","電気機械器具製造業","11402","軽電機製造業","500~999","9","その他","92","起因物なし","921","起因物なし","90","その他"
"597","2005","平成","17","10","10~11","廃プラスチック類搬送コンベヤーにおいて、選別作業中にコンベヤーにプラスチックが詰まったため、コンベヤーの電源を切らずにプラスチックを取り除こうとしたところ、巻き込まれた。","8","商業","801","卸売業","80109","その他の卸売業","10~29","2","物上げ装置、運搬機械","22","動力運搬機","224","コンベア","7","はさまれ、巻き込まれ"
"598","2005","平成","17","12","9~10","牧場の厩務員が馬に騎乗し、牧場内の馬場を調教のため走っていたところ、落馬した。","7","畜産・水産業","701","畜産業","70101","畜産業","1~9","7","環境等","71","環境等","719","その他の環境等","1","墜落、転落"
"599","2005","平成","17","12","6~7","トラックで高速自動車道走行中にガソリン不足となり、路肩に停車し荷台に積んでいたガソリンを給油しようとしたところ、後続の乗用車にはねられた。","3","建設業","302","建築工事業","30201","鉄骨・鉄筋コンクリート造家屋建築工事業","1~9","2","物上げ装置、運搬機械","23","乗物","231","乗用車、バス、バイク","17","交通事故（道路）"
"600","2005","平成","17","12","16~17","廃材である陶器製の洗面台を不燃物のコンテナに投入しようとしていたところ、当該洗面台が割れ、その破片で被災した。","3","建設業","302","建築工事業","30202","木造家屋建築工事業","10~29","5","物質、材料","52","材料","529","その他の材料","8","切れ、こすれ"
"601","2005","平成","17","3","14~15","社員寮の風呂場清掃中に、持病を発症して浴槽内に転落し、溺れた。","1","製造業","117","その他の製造業","11709","その他の製造業－その他","30~49","7","環境等","71","環境等","713","水","10","おぼれ"
"602","2005","平成","17","3","11~12","山桜の木にもたれかかった立枯れの松を撤去すべく、はしごに登り10m高さで作業中、バランスを崩し、地面に墜落した。","6","農林業","601","農業","60101","農業","10~29","3","その他の装置等","37","用具","371","はしご等","1","墜落、転落"
"603","2005","平成","17","3","14~15","資材置場で測量杭を作るために携帯式丸のこ盤で木材を加工作業中、反発した丸のこの歯が接触した。","3","建設業","301","土木工事業","30106","道路建設工事業","1~9","1","動力機械","13","木材加工用機械","131","丸のこ盤","8","切れ、こすれ"
"604","2005","平成","17","3","14~15","住宅新築工事現場で、外壁フレキシブルボードのビス補強作業のため、単管足場に鋼製足場板をかけ、これに乗って作業中、足場板が転位し、1.5m下の地面へ墜落した。","3","建設業","302","建築工事業","30202","木造家屋建築工事業","1~9","4","仮設物、建築物、構築物等","41","仮設物、建築物、構築物等","411","足場","1","墜落、転落"
"605","2005","平成","17","10","8~9","駐車場でトラックを清掃中、荷台を後方にスライドさせ運転席との間に隙間を設け、そこに立ってホースで水洗していたところ、前進してきた荷台と運転席との間に挟まれた。","4","運輸交通業","403","道路貨物運送業","40301","一般貨物自動車運送業","1~9","2","物上げ装置、運搬機械","22","動力運搬機","221","トラック","7","はさまれ、巻き込まれ"
"606","2005","平成","17","12","16~17","作業を終えた作業者が乗ったワイヤモッコが搬器ごと索下方に逸走滑落し、これに気づいたクレーン運転手が急ブレーキをかけたが、その反動でワイヤモッコが大きく揺れ、モッコ上の被災者らが放り出された。","3","建設業","301","土木工事業","30108","砂防工事業","1~9","2","物上げ装置、運搬機械","21","動力クレーン等","211","クレーン","1","墜落、転落"
"607","2005","平成","17","12","16~17","作業を終えた作業者が乗ったワイヤモッコが搬器ごと索下方に逸走滑落し、これに気づいたクレーン運転手が急ブレーキをかけたが、その反動でワイヤモッコが大きく揺れ、モッコ上の被災者らが放り出された。","3","建設業","301","土木工事業","30108","砂防工事業","1~9","2","物上げ装置、運搬機械","21","動力クレーン等","211","クレーン","1","墜落、転落"
"608","2005","平成","17","2","10~11","作業場所に戻る途中、急旋回したクラッシャーと切土の壁面との間に挟まれた。","3","建設業","302","建築工事業","30201","鉄骨・鉄筋コンクリート造家屋建築工事業","1~9","1","動力機械","14","建設機械等","149","その他の建設機械等","7","はさまれ、巻き込まれ"
"609","2005","平成","17","1","8~9","建物解体工事現場において、飛散防止用単管が完了している状態の1階下屋部分で、飛散防止用の養生シートを使用場所へ配付する作業中、安全帯を使用していなかったため、足を滑らせ転落した。","3","建設業","302","建築工事業","30209","その他の建築工事業","1~9","4","仮設物、建築物、構築物等","41","仮設物、建築物、構築物等","419","その他の仮設物、建築物、構築物等","1","墜落、転落"
"610","2005","平成","17","4","15~16","事業場敷地内にあった立木の枝切り作業を行っていたところ、バランスを崩して3.2m墜落した。","1","製造業","117","その他の製造業","11701","自動車整備業","10~29","7","環境等","71","環境等","712","立木等","1","墜落、転落"
"611","2005","平成","17","5","9~10","河川改修工事現場において、川岸からドラグ・ショベルで持ち上げられた流土防止用柵の鋼材(重さ500キログラム)が、近くで作業をしていた被災者へ落下した。","3","建設業","301","土木工事業","30107","河川土木工事業","1~9","4","仮設物、建築物、構築物等","41","仮設物、建築物、構築物等","419","その他の仮設物、建築物、構築物等","4","飛来、落下"
"612","2005","平成","17","8","23~24","廃材を乾燥させる円柱状のドライヤ内部のドラムのメンテナンス作業中、点検口付近で回転を始めた機械に巻き込まれた。","1","製造業","108","化学工業","10804","石油製品・石炭製品製造業","10~29","3","その他の装置等","34","炉窯等","342","乾燥設備","7","はさまれ、巻き込まれ"
"613","2005","平成","17","9","18~19","社用車を運転中、対向車線にはみ出し、前から来た乗用車と正面衝突した。","8","商業","802","小売業","80209","その他の小売業","1~9","2","物上げ装置、運搬機械","23","乗物","231","乗用車、バス、バイク","17","交通事故（道路）"
"614","2005","平成","17","11","2~3","配送センター内において荷下ろし作業中、被災者がトラック荷台のウイングを開け、アオリを下ろしたところ、積載していた貨物が落下し、下敷きとなった。","4","運輸交通業","403","道路貨物運送業","40301","一般貨物自動車運送業","30~49","6","荷","61","荷","611","荷姿の物","5","崩壊、倒壊"
"615","2005","平成","17","5","16~17","電気炉で熱した鉄塊を鍛造する空気スタンプハンマーに残っていた冷塊を金ばさみで取り除こうとした際に、覆いのないフットペダルを踏んでしまい、90センチメートル落下したハンマーに挟まれた。","1","製造業","110","鉄鋼業","11001","製鉄・製鋼・圧延業","30~49","1","動力機械","15","金属加工用機械","155","鍛圧ハンマ","7","はさまれ、巻き込まれ"
"616","2005","平成","17","4","17~18","ライトバンで国道を走行中、センターラインからはみ出し、対向車線を走行していたトラックと衝突した。","3","建設業","302","建築工事業","30209","その他の建築工事業","10~29","2","物上げ装置、運搬機械","23","乗物","231","乗用車、バス、バイク","17","交通事故（道路）"
"617","2005","平成","17","7","16~17","軽乗用車で信号のない交差点にさしかかったところ、一旦停止せず進入してきた車に衝突され、ガードレールを乗り越え、用水路に車ごと落ちた。","3","建設業","301","土木工事業","30106","道路建設工事業","1~9","2","物上げ装置、運搬機械","23","乗物","231","乗用車、バス、バイク","17","交通事故（道路）"
"618","2005","平成","17","10","11~12","橋梁塗装工事に使用されたつり足場の解体作業中、つりクランプよりつりチェーンを外したところ、隣りのクランプが外れ、足場板と一緒に下の川に墜落した。","3","建設業","301","土木工事業","30199","その他の土木工事業","10~29","4","仮設物、建築物、構築物等","41","仮設物、建築物、構築物等","411","足場","10","おぼれ"
"619","2005","平成","17","10","10~11","松の木の枝切りのため、三脚脚立を立て、上に登る途中バランスを崩し、1.8mの高さから脚立ごと転落した。","6","農林業","601","農業","60101","農業","1~9","3","その他の装置等","37","用具","371","はしご等","1","墜落、転落"
"620","2005","平成","17","10","18~19","事業場の駐車場から事務所に向かうため、国道を横断歩道がない箇所で斜め横断をしていたところ、走行してきた車両にはねられた。","17","その他の事業","1702","その他の事業","170201","警備業","10~29","2","物上げ装置、運搬機械","23","乗物","231","乗用車、バス、バイク","17","交通事故（道路）"
"621","2005","平成","17","3","19~20","除雪をしようと堆積した雪に登り、軒先を除雪していたところ、屋根に積もっていた雪が落ち、それに巻き込まれて用水路に転落した。","8","商業","802","小売業","80209","その他の小売業","1~9","7","環境等","71","環境等","719","その他の環境等","5","崩壊、倒壊"
"622","2005","平成","17","5","13~14","車両積載形トラッククレーンを使用して、荷台から敷鉄板をつってジブを左旋回させていたところ、クレーンが傾き横転し、運転していた被災者が運転席の下敷きとなった。","3","建設業","301","土木工事業","30199","その他の土木工事業","1~9","2","物上げ装置、運搬機械","21","動力クレーン等","212","移動式クレーン","2","転倒"
"623","2005","平成","17","6","17~18","軽トラックで砂利道を走行中、対向車が砂利によりハンドルをとられて横向きになり、そこへ被災者が運転する軽トラックがさしかかり対向車の側面に衝突した。","3","建設業","302","建築工事業","30203","建築設備工事業","1~9","2","物上げ装置、運搬機械","22","動力運搬機","221","トラック","17","交通事故（道路）"
"624","2005","平成","17","6","15~16","木材の束の上部に被せてあったビニールシートを取り、脇でしゃがみこんでシートを畳んでいたところ、上段の束の結束バンドのカシメ部が外れ、木材が被災者に落下し負傷した。","1","製造業","104","木材・木製品製造業","10409","その他の木材・木製品製造業","10~29","5","物質、材料","52","材料","522","木材、竹材","5","崩壊、倒壊"
"625","2005","平成","17","9","15~16","軽トラックを運転中、工場棟の取付け道路の路肩から前輪が逸脱し、軽トラックごと高さ6mの法面を転落した。","1","製造業","117","その他の製造業","11709","その他の製造業－その他","30~49","2","物上げ装置、運搬機械","22","動力運搬機","221","トラック","17","交通事故（道路）"
"626","2005","平成","17","10","18~19","リースしていたドラグ・ショベルを、運搬してきたトレーラーに載せたまま点検するため、ゆっくりと走行していたトレーラートラックに乗り込んだ被災者が、トレーラートラックの荷台と後輪との隙間に転落し挟まれた。","8","商業","804","その他の商業","80409","その他の商業－その他","1~9","2","物上げ装置、運搬機械","22","動力運搬機","221","トラック","7","はさまれ、巻き込まれ"
"627","2005","平成","17","11","11~12","もろみが入った仕込みタンク(直径2m、高さ1.8m)の蓋開口部(直径75センチメートル)から、タンク内に誤って転落した。","1","製造業","101","食料品製造業","10105","酒類製造業","10~29","3","その他の装置等","39","その他の装置、設備","391","その他の装置、設備","10","おぼれ"
"628","2005","平成","17","11","14~15","農業用水路の災害復旧工事現場において、地山斜面下の土止め用大型フトン籠の中で、詰石作業を行っていたところ、地山法面が崩壊し、逃げ遅れた被災者らが生き埋めとなった。","3","建設業","301","土木工事業","30199","その他の土木工事業","10~29","7","環境等","71","環境等","711","地山、岩石","5","崩壊、倒壊"
"629","2005","平成","17","11","14~15","農業用水路の災害復旧工事現場において、地山斜面下の土止め用大型フトン籠の中で、詰石作業を行っていたところ、地山法面が崩壊し、逃げ遅れた被災者らが生き埋めとなった。","3","建設業","301","土木工事業","30199","その他の土木工事業","10~29","7","環境等","71","環境等","711","地山、岩石","5","崩壊、倒壊"
"630","2005","平成","17","4","2~3","フィルムに樹脂をコーティングする機械のフィルム巻出し部において、次に使うフィルムロールからフィルム端を引き出し、所定位置にセットする作業をしていたところ、回転するガイドロールと固定されているガイドロールとの間に挟まれた。","1","製造業","108","化学工業","10805","プラスチック製品製造業","500~999","1","動力機械","16","一般動力機械","169","その他の一般動力機械","7","はさまれ、巻き込まれ"
"631","2005","平成","17","8","10~11","木造2階建てのペンション外部補修工事におけるアンテナ取替え作業において、ペンション外部に設置された枠組足場の外側から上っている際に墜落した。","3","建設業","302","建築工事業","30202","木造家屋建築工事業","10~29","4","仮設物、建築物、構築物等","41","仮設物、建築物、構築物等","411","足場","1","墜落、転落"
"632","2005","平成","17","8","8~9","化学工場のプラント解体工事において、プラントに隣接した配管上から9.5m下に墜落した。","3","建設業","302","建築工事業","30209","その他の建築工事業","1~9","4","仮設物、建築物、構築物等","41","仮設物、建築物、構築物等","415","屋根、はり、もや、けた、合掌","1","墜落、転落"
"633","2005","平成","17","2","11~12","フォークリフトのタイヤのパンクを修理するため、2枚のホイールをボルトとナットで仮留めし、チューブに空気を充填したところ、ナットが外れ、飛来したホイールが被災者に激突した。","8","商業","802","小売業","80204","燃料小売業","1~9","5","物質、材料","52","材料","521","金属材料","4","飛来、落下"
"634","2005","平成","17","5","1~2","大型トラックで高速自動車道を走行中、緩やかな左カーブのトンネル内に軽貨物自動車が燃料切れで停車しており、これを避けきれず接触した。このため、降車し、軽貨物自動車の状況を確認していたところ、後続の大型トラックに追突されて前進した軽貨物自動車に弾き飛ばされ、さらに大型トラックにひかれた。","4","運輸交通業","403","道路貨物運送業","40301","一般貨物自動車運送業","50~99","2","物上げ装置、運搬機械","22","動力運搬機","221","トラック","17","交通事故（道路）"
"635","2005","平成","17","11","4~5","業務を終え帰宅するため、事業場2階の事務所から1階出入口へ通じる屋内階段を下りたところ転落した。","17","その他の事業","1702","その他の事業","170209","その他の事業－その他","50~99","4","仮設物、建築物、構築物等","41","仮設物、建築物、構築物等","413","階段、桟橋","1","墜落、転落"
"636","2005","平成","17","2","10~11","事業場構内において、トレーラートラックの荷台に、荷物積載用の架台を取り付ける作業中、フォークリフトに掛けていた架台が外れて倒れ、近くで作業を行っていた被災者がトレーラートラックの荷台と架台との間に挟まれた。","4","運輸交通業","403","道路貨物運送業","40301","一般貨物自動車運送業","100~299","2","物上げ装置、運搬機械","22","動力運搬機","222","フォークリフト","4","飛来、落下"
"637","2005","平成","17","2","11~12","排水路の災害復旧工事現場において、降雪により中止していた工事の再開に向け、ドラグ・ショベル及び不整地運搬車を使用して、除雪作業を行っていたところ左岸側の山の上部から全層雪崩(堆積雪の幅22m、長さ21m)が発生し生埋めとなった。","3","建設業","301","土木工事業","30199","その他の土木工事業","10~29","7","環境等","71","環境等","719","その他の環境等","5","崩壊、倒壊"
"638","2005","平成","17","4","17~18","2階建て木造家屋建築現場において、2階床部に仮置きしていた断熱パネル板(重さ60キログラム)を外壁に取り付けるため、移動式クレーンを用いクランプでつって移動させている際、クランプが外れ荷が落下し、その下で断熱パネル板の取付け作業中の被災者に激突した。","3","建設業","302","建築工事業","30202","木造家屋建築工事業","10~29","2","物上げ装置、運搬機械","21","動力クレーン等","212","移動式クレーン","4","飛来、落下"
"639","2005","平成","17","12","2~3","新聞配達のため、市道交差点で、自転車を押しながら横断歩道を歩行中、乗用車にはね飛ばされ、さらに対向車線を走行してきた乗用車にはねられた。","8","商業","802","小売業","80205","新聞販売業","10~29","2","物上げ装置、運搬機械","23","乗物","231","乗用車、バス、バイク","17","交通事故（道路）"
"640","2005","平成","17","4","0~1","県道の除雪工事において、高さ1.8mの道路擁壁上に上がり、車両の通行に支障となる雑木類の除去作業中、足が滑り道路に転落した。","3","建設業","301","土木工事業","30199","その他の土木工事業","10~29","4","仮設物、建築物、構築物等","41","仮設物、建築物、構築物等","418","建築物、構築物","1","墜落、転落"
"641","2005","平成","17","12","14~15","香料の原料貯蔵タンク内の製品切替のため、スチ-ム洗浄終了後、窒素乾燥を行い、乾燥状態を確認するため、マンホールからのぞき込んだところ、酸素欠乏空気を吸い込んだ。","1","製造業","108","化学工業","10801","無機・有機化学工業製品製造業","500~999","7","環境等","71","環境等","714","異常環境等","12","有害物等との接触"
"642","2005","平成","17","4","10~11","工場屋根を直す作業において、屋根の一部に葺かれていたスレート部分を踏み抜き、7m下の土間コンクリートに墜落した。","3","建設業","302","建築工事業","30209","その他の建築工事業","1~9","4","仮設物、建築物、構築物等","41","仮設物、建築物、構築物等","415","屋根、はり、もや、けた、合掌","1","墜落、転落"
"643","2005","平成","17","10","15~16","木材加工作業の準備中に手持ち丸のこを股に挟んだまま、起動スイッチに指を掛けてしまい、のこ刃が回転して被災した。","3","建設業","302","建築工事業","30202","木造家屋建築工事業","1~9","1","動力機械","13","木材加工用機械","131","丸のこ盤","8","切れ、こすれ"
"644","2005","平成","17","8","17~18","山道上で小型移動式クレーン移動させていたところ、小型移動式クレーンがスリップし、小型移動式クレーンの脇で補助していた被災者に激突した。","3","建設業","302","建築工事業","30209","その他の建築工事業","1~9","2","物上げ装置、運搬機械","21","動力クレーン等","212","移動式クレーン","1","墜落、転落"
"645","2005","平成","17","10","6~7","高速自動車道舗装工事において、交通規制中の作業エリアを走行中のダンプトラックが中央分離帯付近の段差から脱輪したため、ドラグ・ショベルでけん引した。けん引後ワイヤロープを被災者が外していたところ、ダンプトラックが前進し、バケットとダンプトラックとの間に挟まれた。","3","建設業","301","土木工事業","30106","道路建設工事業","1~9","2","物上げ装置、運搬機械","22","動力運搬機","221","トラック","7","はさまれ、巻き込まれ"
"646","2005","平成","17","10","11~12","集水井掘削工事において、作業終了後に作業床を支えていた棒鋼の抜取り作業中、最後の棒鋼を抜き取った際、ワイヤロープのつりリングがクラムシェルから外れ、深さ7mの井戸底部に当該作業床もろとも墜落した。","3","建設業","301","土木工事業","30199","その他の土木工事業","1~9","1","動力機械","14","建設機械等","142","掘削用機械","1","墜落、転落"
"647","2005","平成","17","1","20~21","災害復旧工事のため宿泊していた旅館において、入浴中、積雪により風呂場の屋根が崩落して生き埋めとなった。","3","建設業","301","土木工事業","30199","その他の土木工事業","1~9","7","環境等","71","環境等","719","その他の環境等","5","崩壊、倒壊"
"648","2005","平成","17","12","17~18","高速自動車道の交通規制帯内において路面に残っていた雪解け水をスポンジで取り除いていたところ、走行してきた乗用車が交通規制線を越えて交通規制帯を走行し、被災者に激突した。","3","建設業","301","土木工事業","30106","道路建設工事業","50~99","2","物上げ装置、運搬機械","23","乗物","231","乗用車、バス、バイク","17","交通事故（道路）"
"649","2005","平成","17","9","16~17","道路改良工事現場で、測量結果等に基づき面積を中腰で計算していた被災者が後進してきた不整地運搬車に正面から激突された。","3","建設業","301","土木工事業","30106","道路建設工事業","1~9","2","物上げ装置、運搬機械","22","動力運搬機","227","不整地運搬車","6","激突され"
"650","2005","平成","17","5","9~10","伐倒木の玉切作業中に、バランスを崩した当該伐倒木が被災者に激突した。","3","建設業","301","土木工事業","30107","河川土木工事業","10~29","7","環境等","71","環境等","712","立木等","6","激突され"
"651","2005","平成","17","9","8~9","雪崩柵設置工事において、溶接作業を行っていたところ、施工箇所の上部より岩石が飛来し、防護ネットを突き破り、被災者に激突した。","3","建設業","301","土木工事業","30199","その他の土木工事業","1~9","7","環境等","71","環境等","711","地山、岩石","4","飛来、落下"
"652","2005","平成","17","3","11~12","クマの飼育舎の清掃をしようとしたところ、ツキノワグマに襲われた。","12","教育・研究業","1201","教育・研究業","120109","その他の教育研究業","50~99","7","環境等","71","環境等","719","その他の環境等","90","その他"
"653","2005","平成","17","4","9~10","高さ4.7mの屋根上にて瓦吹き替え作業で、しゃがみ込んだところ、バランスを崩し墜落した。","3","建設業","302","建築工事業","30209","その他の建築工事業","1~9","4","仮設物、建築物、構築物等","41","仮設物、建築物、構築物等","415","屋根、はり、もや、けた、合掌","1","墜落、転落"
"654","2005","平成","17","6","15~16","車両積載形トラッククレーンに鋼管2本を積みワイヤロープで緊結した後、荷台を歩いて運転席に向かう途中、体のバランスを崩して1m下のコンクリート床に墜落した。","4","運輸交通業","403","道路貨物運送業","40301","一般貨物自動車運送業","50~99","2","物上げ装置、運搬機械","21","動力クレーン等","212","移動式クレーン","1","墜落、転落"
"655","2005","平成","17","7","5~6","信号のある見通しのよい交差点をトラックで走行中、他のトラックと出会い頭に衝突した。","4","運輸交通業","403","道路貨物運送業","40301","一般貨物自動車運送業","10~29","2","物上げ装置、運搬機械","22","動力運搬機","221","トラック","17","交通事故（道路）"
"656","2005","平成","17","12","5~6","国道を走行中、センターラインをはみ出してきた対向車と正面衝突した。","17","その他の事業","1702","その他の事業","170209","その他の事業－その他","10~29","2","物上げ装置、運搬機械","23","乗物","231","乗用車、バス、バイク","17","交通事故（道路）"
"657","2005","平成","17","3","21~22","トラックで国道を走行していたところ、対向車線の大型トラックがセンターラインをはみ出して正面衝突した。","4","運輸交通業","403","道路貨物運送業","40301","一般貨物自動車運送業","1~9","2","物上げ装置、運搬機械","22","動力運搬機","221","トラック","17","交通事故（道路）"
"658","2005","平成","17","4","11~12","屋上に散乱している自社の看板の破片等の清掃において、屋上昇降用のはしごを下りる途中で墜落した。","1","製造業","103","衣服その他の繊維製品製造業","10309","その他の繊維製品製造業","1~9","3","その他の装置等","37","用具","371","はしご等","1","墜落、転落"
"659","2005","平成","17","8","16~17","ギャングリッパーに木材を送り込んでいたところ、木材が反発し被災者に当たった。","1","製造業","104","木材・木製品製造業","10401","製材業","10~29","1","動力機械","13","木材加工用機械","131","丸のこ盤","4","飛来、落下"
"660","2005","平成","17","10","14~15","事業場の外壁に立て掛けておいたアルミサッシ(1枚の重さ10キログラム)のうち壁側のアルミサッシを抜き取る作業を行っていたが、被災者が10枚のアルミサッシを手で垂直に支えている間、他の作業者がアルミサッシを抜き取ろうとしていたところ、被災者がアルミサッシを支えきれずに後ろ向きに転倒してアルミサッシの下敷きとなった。","1","製造業","105","家具・装備品製造業","10503","建具製造業","1~9","5","物質、材料","52","材料","521","金属材料","5","崩壊、倒壊"
"661","2005","平成","17","10","9~10","ガス溶断用のホースを片付ける際、3階グレーチング敷き部分から11m下の1階へ墜落した。","3","建設業","302","建築工事業","30209","その他の建築工事業","10~29","4","仮設物、建築物、構築物等","41","仮設物、建築物、構築物等","414","開口部","1","墜落、転落"
"662","2005","平成","17","11","14~15","既設道路の舗装作業において、ローラーで路盤の転圧作業を行っていたところ、路肩部分からローラーとともに転落した。","3","建設業","301","土木工事業","30106","道路建設工事業","10~29","1","動力機械","14","建設機械等","144","締固め用機械","1","墜落、転落"
"663","2005","平成","17","3","11~12","ダンプトラックをやや傾斜のある道路片側に停車させ荷下ろし後、運転席を離れて作業の打合せを行っていたところ、無人の同トラックが後退で動き出し30m走行した後、側溝に横転し、同側溝内で集水桝取付部の型枠組立作業をしていた被災者に激突した。","3","建設業","301","土木工事業","30107","河川土木工事業","50~99","2","物上げ装置、運搬機械","22","動力運搬機","221","トラック","6","激突され"
"664","2005","平成","17","2","8~9","屋外ピッキング場所で作業に取りかかった際、凍結した路面に足をとられ転倒した。","1","製造業","112","金属製品製造業","11209","その他の金属製品製造業","10~29","7","環境等","71","環境等","719","その他の環境等","2","転倒"
"665","2005","平成","17","6","15~16","コンクリート2次製品であるU字側溝を製造するために型枠の組立て作業を行っていた際、型枠のうち外側型枠の開き止めのために設けてあったストッパー1個が破壊して外れたために支えを失った当該外側型枠が外に向かって倒れ、同外側型枠の側にいた被災者が下敷きとなった。","1","製造業","109","窯業土石製品製造業","10901","セメント・同製品製造業","10~29","3","その他の装置等","39","その他の装置、設備","391","その他の装置、設備","5","崩壊、倒壊"
"666","2005","平成","17","6","16~17","焼却炉の外壁補修作業を行っていたところ、焼却炉の内部に組んであった脚立足場の作業床(高さ1.5m)から墜落した。","6","農林業","601","農業","60101","農業","10~29","4","仮設物、建築物、構築物等","41","仮設物、建築物、構築物等","411","足場","1","墜落、転落"
"667","2005","平成","17","11","15~16","乗用車で国道を走行中、片側1車線のゆるい左カーブの箇所において対向車線にはみ出したため、対向してきた大型トラックと正面衝突した。","8","商業","801","卸売業","80109","その他の卸売業","1~9","2","物上げ装置、運搬機械","23","乗物","231","乗用車、バス、バイク","17","交通事故（道路）"
"668","2005","平成","17","11","11~12","フォークリフトで市道を走行中、道路右側の田んぼに転落し、フォークリフトの屋根の下敷きとなった。","3","建設業","302","建築工事業","30209","その他の建築工事業","1~9","2","物上げ装置、運搬機械","22","動力運搬機","222","フォークリフト","17","交通事故（道路）"
"669","2005","平成","17","12","6~7","道路除排雪作業を、ブル・ドーザーを使用して行っていたところ、後退時に誤って市道の側溝に車体の左側全体を落とし、その際、側溝に転落した。","3","建設業","301","土木工事業","30199","その他の土木工事業","1~9","1","動力機械","14","建設機械等","141","整地・運搬・積込み用機械","1","墜落、転落"
"670","2005","平成","17","12","9~10","砂防副堰堤上を移動中、当該堰堤上に被せてあった養生用シートに足を乗せた際、足を滑らせて6m墜落した。","3","建設業","301","土木工事業","30108","砂防工事業","1~9","4","仮設物、建築物、構築物等","41","仮設物、建築物、構築物等","418","建築物、構築物","1","墜落、転落"
"671","2005","平成","17","2","11~12","国道の待避所で停車していた車の運転席に戻ろうとした際、他の車が車後部に追突した。そのはずみで被災者は転倒し、さらに他の車にひかれた。","4","運輸交通業","403","道路貨物運送業","40301","一般貨物自動車運送業","30~49","2","物上げ装置、運搬機械","22","動力運搬機","221","トラック","17","交通事故（道路）"
"672","2005","平成","17","3","21~22","大型トラックで国道を走行中、なんらかの原因で対向車線にはみ出し、対向してきた大型トラックに正面衝突した。","4","運輸交通業","403","道路貨物運送業","40301","一般貨物自動車運送業","10~29","2","物上げ装置、運搬機械","22","動力運搬機","221","トラック","17","交通事故（道路）"
"673","2005","平成","17","3","11~12","配水管埋設作業において、配水管を設置後、埋戻しを行うために掘削箇所(幅2m、深さ3m)から移動しようとしたところ、法面が崩壊し、生き埋めとなった。","3","建設業","301","土木工事業","30109","土地整理土木工事業","1~9","7","環境等","71","環境等","711","地山、岩石","5","崩壊、倒壊"
"674","2005","平成","17","3","12~13","洗車場において洗車作業を行っていたところ、サイドブレーキの効きが悪く、洗車中のドラックが後方に下がってきて、後ろにいた被災者がコンクリート壁との間に挟まれた。","4","運輸交通業","403","道路貨物運送業","40301","一般貨物自動車運送業","10~29","2","物上げ装置、運搬機械","22","動力運搬機","221","トラック","7","はさまれ、巻き込まれ"
"675","2005","平成","17","5","10~11","河川護岸工事のブロック布設作業を行うにあたり、矢板で仕切られた現場内へ浸水した水を水中ポンプ2台を用いて排水していたところ、深みに足を取られ立ち往生している際に感電により突然前のめりに倒れた。","3","建設業","301","土木工事業","30107","河川土木工事業","1~9","1","動力機械","16","一般動力機械","169","その他の一般動力機械","13","感電"
"676","2005","平成","17","6","13~14","伐木作業を行っていたところ、伐倒木が伐倒予定方向からずれたため、かかり木になった。被災者はチェーンソーにて、かかり木の下に入って作業中、突然、かかり木が落下して被災者に当たった。","6","農林業","602","林業","60209","その他の林業","不明","7","環境等","71","環境等","712","立木等","5","崩壊、倒壊"
"677","2005","平成","17","9","15~16","交通誘導警備に付く前に、歩道上にて乗用車にはねられた。","17","その他の事業","1702","その他の事業","170201","警備業","100~299","2","物上げ装置、運搬機械","23","乗物","231","乗用車、バス、バイク","17","交通事故（道路）"
"678","2005","平成","17","12","11~12","トラックの荷台に風呂桶を3段に積み、製品梱包ビニール上部に溜まった水抜きの作業を荷の最後部に上がって行っていたところ、3.9m下の地面に転落した。","4","運輸交通業","403","道路貨物運送業","40301","一般貨物自動車運送業","100~299","6","荷","61","荷","611","荷姿の物","1","墜落、転落"
"679","2005","平成","17","2","15~16","トラックで国道を走行中、信号待ちで停止していたトラックに追突した。","4","運輸交通業","403","道路貨物運送業","40301","一般貨物自動車運送業","10~29","2","物上げ装置、運搬機械","22","動力運搬機","221","トラック","17","交通事故（道路）"
"680","2005","平成","17","2","14~15","川堤整備工事現場において、ドラグ・ショベルを使用して型枠を支えるための土嚢を型枠の横に設置しようとしていたところ、土嚢が、型枠に釘を打ち付けていた被災者に接触し、被災者が土嚢と型枠との間に挟まれた。","3","建設業","301","土木工事業","30107","河川土木工事業","30~49","1","動力機械","14","建設機械等","142","掘削用機械","7","はさまれ、巻き込まれ"
"681","2005","平成","17","6","13~14","H形鋼(重さ2.1トン)の溶接を行う作業場において、作業台の上に倒してあったH形鋼をクレーンを使用して起こし、つり具を外した後、次の作業として隣にあった別のH形鋼へクレーンを移動する際に、H形鋼が作業台から外れて倒れ、その下敷きとなった。","1","製造業","112","金属製品製造業","11209","その他の金属製品製造業","10~29","2","物上げ装置、運搬機械","21","動力クレーン等","211","クレーン","5","崩壊、倒壊"
"682","2005","平成","17","9","13~14","枯れた松の木の伐採を行っていたところ、伐倒した松の木が被災者に激突した。","6","農林業","601","農業","60101","農業","不明","7","環境等","71","環境等","712","立木等","6","激突され"
"683","2005","平成","17","10","23~24","トラックで走行中、交差点付近において、信号待ちで停車中の他のトラックに追突した。","4","運輸交通業","403","道路貨物運送業","40301","一般貨物自動車運送業","10~29","2","物上げ装置、運搬機械","22","動力運搬機","221","トラック","17","交通事故（道路）"
"684","2005","平成","17","12","5~6","トラックで国道を走行中、交差点で前方を走行していた大型トラックが赤信号で減速したため、ブレーキをかけたところ、道路が積雪でシャーベット状になっていたため、滑って追突した。、","4","運輸交通業","403","道路貨物運送業","40301","一般貨物自動車運送業","100~299","2","物上げ装置、運搬機械","22","動力運搬機","221","トラック","17","交通事故（道路）"
"685","2005","平成","17","11","13~14","伐木した際、伐倒方向の調整をしていた被災者の方に倒れたため下敷きとなった。","3","建設業","301","土木工事業","30106","道路建設工事業","1~9","7","環境等","71","環境等","712","立木等","6","激突され"
"686","2005","平成","17","3","11~12","道路工事現場で交通誘導の準備をしていたところ、走行してきたトラックがそれに気づいて急ブレーキをかけたため蛇行し、中央分離帯に激突、被災者はトラックと中央分離帯との間に挟まれた。","17","その他の事業","1702","その他の事業","170201","警備業","50~99","2","物上げ装置、運搬機械","22","動力運搬機","221","トラック","17","交通事故（道路）"
"687","2005","平成","17","2","13~14","間伐作業現場で、杉の木をチェーンソーで伐倒したところ、15m離れた地点で他の伐倒木の玉切り作業を行っていた被災者に激突した。","6","農林業","602","林業","60209","その他の林業","50~99","7","環境等","71","環境等","712","立木等","6","激突され"
"688","2005","平成","17","4","6~7","国道沿いの事業場敷地内に軽トラックを止めて作業準備をしていたところ、飲酒運転の乗用車が軽トラックに追突し、はずみで軽トラックが押し出され、軽トラックの前方で作業をしていた被災者をはねた。","15","清掃・と畜業","1501","清掃・と畜業","150102","産業廃棄物処理業","1~9","2","物上げ装置、運搬機械","23","乗物","231","乗用車、バス、バイク","17","交通事故（道路）"
"689","2005","平成","17","7","14~15","トラックで国道を走行していたところ、左カーブを曲がる際ガードレールに激突し、側溝に転落した。","3","建設業","301","土木工事業","30199","その他の土木工事業","1~9","2","物上げ装置、運搬機械","22","動力運搬機","221","トラック","17","交通事故（道路）"
"690","2005","平成","17","8","15~16","木造新築工事現場において移動式クレーンで複数の木製板パネルをつり上げ、建物2階に下ろす作業をしていたところ、板パネルが玉掛け用具のスリングベルトから抜け落ち、下で作業していた被災者ら2人に激突した。","3","建設業","302","建築工事業","30202","木造家屋建築工事業","1~9","3","その他の装置等","37","用具","372","玉掛用具","4","飛来、落下"
"691","2005","平成","17","9","7~8","トラックを運転し、走行していたところ、農道との交差点で農道から出てきた軽トラックが被災者のトラックの右側に衝突し、そのはずみで被災者のトラックは道路左側歩道の縁石に乗り上げ、さらに40m先の道路右側の水田に転落し、水田の擁壁に激突した。","4","運輸交通業","403","道路貨物運送業","40301","一般貨物自動車運送業","1~9","2","物上げ装置、運搬機械","22","動力運搬機","221","トラック","17","交通事故（道路）"
"692","2005","平成","17","11","14~15","枝切り作業で、はしごを使って木の上に移動し、更にその上にある枝(高さ5.4m)に足をかけて、ノコギリで作業をしていたところ、墜落した。","6","農林業","601","農業","60101","農業","1~9","7","環境等","71","環境等","712","立木等","1","墜落、転落"
"693","2005","平成","17","10","15~16","国道交差点改良工事において、歩道の仮舗装のため、ダンプトラックが砕石を降ろした箇所でトンボにより整正していたところ、直ぐ横で整地業務を行っていたドラグ・ショベルが後進してきて、被災者と接触した。","3","建設業","301","土木工事業","30106","道路建設工事業","30~49","1","動力機械","14","建設機械等","141","整地・運搬・積込み用機械","6","激突され"
"694","2005","平成","17","3","9~10","トラックで国道を走行中、右折車線を走行していた他の乗用車の左後部に追突し、さらに右折車線で停車していた他のトラックに追突、はずみで追突されたトラックが前に押し出され、前方に停車していたトラック等に追突した。","4","運輸交通業","403","道路貨物運送業","40301","一般貨物自動車運送業","10~29","2","物上げ装置、運搬機械","22","動力運搬機","221","トラック","17","交通事故（道路）"
"695","2005","平成","17","11","14~15","建築物の解体工事において、簡易リフトの撤去作業のため搬器の上に乗り、ワイヤロープを手工具で切断したところ、カウンターウエイトが落下し被災者を直撃した。","3","建設業","302","建築工事業","30209","その他の建築工事業","10~29","2","物上げ装置、運搬機械","21","動力クレーン等","214","エレベータ、リフト","4","飛来、落下"
"696","2005","平成","17","11","14~15","木造家屋新築工事現場において建方作業中、高さ3.8mの梁からコンクリート基礎上に墜落した。","3","建設業","302","建築工事業","30202","木造家屋建築工事業","1~9","4","仮設物、建築物、構築物等","41","仮設物、建築物、構築物等","415","屋根、はり、もや、けた、合掌","1","墜落、転落"
"697","2005","平成","17","7","10~11","トラックの荷台の上で玉掛けしようとしていた木材(重さ400キログラム)が荷台から転げ落ち、下方で待機していた被災者を直撃した。","4","運輸交通業","403","道路貨物運送業","40301","一般貨物自動車運送業","10~29","5","物質、材料","52","材料","522","木材、竹材","5","崩壊、倒壊"
"698","2005","平成","17","12","4~5","徒歩で新聞配達を行っていたところ、一般道を除雪作業中で後進してきた除雪車の右側面に巻き込まれた。","8","商業","802","小売業","80205","新聞販売業","10~29","1","動力機械","14","建設機械等","149","その他の建設機械等","7","はさまれ、巻き込まれ"
"699","2005","平成","17","2","9~10","国道のポールの塗装作業で、工事中を知らせる案内板を回収するために後進してきた貨物自動車が、交通誘導をしていた被災者に激突した。","17","その他の事業","1702","その他の事業","170201","警備業","10~29","2","物上げ装置、運搬機械","22","動力運搬機","221","トラック","6","激突され"
"700","2005","平成","17","8","5~6","ガソリンスタンド敷地内に軽自動車を停車し、車内にいたところ、国道を走行してきた大型トラックがガソリンスタンド内に突っ込んできて、被災者が乗っていた車に衝突した。","8","商業","802","小売業","80205","新聞販売業","1~9","2","物上げ装置、運搬機械","22","動力運搬機","221","トラック","17","交通事故（道路）"
"701","2005","平成","17","8","13~14","国道を走行してきた普通乗用車がセンターラインをはみ出し、道路に面した駐車場で除草作業をしていた被災者に突っ込んできた。","14","接客娯楽業","1401","旅館業","140101","旅館業","1~9","2","物上げ装置、運搬機械","23","乗物","231","乗用車、バス、バイク","17","交通事故（道路）"
"702","2005","平成","17","5","15~16","県有林の伐木現場において、かかり木の処理のため、かかられていた木をチェーンソーにより伐倒したところ、かかっていた木が被災者に落下した。","6","農林業","602","林業","60201","木材伐出業","1~9","7","環境等","71","環境等","712","立木等","5","崩壊、倒壊"
"703","2005","平成","17","8","10~11","金型をクレーンのフックに玉掛けするためにラックの棚を引き出したところ、ラックのアンカーボルトのナットが外されていたためラックがバランスを崩して倒れ、挟まれた。","1","製造業","108","化学工業","10805","プラスチック製品製造業","1~9","3","その他の装置等","39","その他の装置、設備","391","その他の装置、設備","5","崩壊、倒壊"
"704","2005","平成","17","9","9~10","コンベヤーにより砂利を搬出していたところ、砂利ホッパー付近に砂利が少なくなり、ホッパー内に砂利が自然流下しなくなっていた。そこで、ホッパーを中心として形成されたすり鉢状の砂利山の周縁部分をホッパーに向かって蹴り落としていたところ、砂利面を砂利とともに滑り落ち、生き埋めになった。","2","鉱業","202","土石採取業","20201","採石業","30~49","5","物質、材料","52","材料","523","石、砂、砂利","1","墜落、転落"
"705","2005","平成","17","11","0~1","農道改良工事の法面への客土吹付作業において、法面に垂らした親綱にグリップで安全帯を取り付けて作業していた被災者が5m下の農道コンクリート面に墜落した。","3","建設業","301","土木工事業","30107","河川土木工事業","10~29","3","その他の装置等","37","用具","379","その他の用具","1","墜落、転落"
"706","2005","平成","17","9","21~22","原動機付き自転車(バイク)で走行中、交差点において軽自動車と出会い頭に衝突した。","8","商業","802","小売業","80209","その他の小売業","10~29","2","物上げ装置、運搬機械","23","乗物","231","乗用車、バス、バイク","17","交通事故（道路）"
"707","2005","平成","17","1","8~9","事業場敷地内の床面に積雪があり、更に凍結していたため、歩行の際に足を滑らせ転倒した。","8","商業","802","小売業","80204","燃料小売業","1~9","7","環境等","71","環境等","719","その他の環境等","2","転倒"
"708","2005","平成","17","1","16~17","部材を運搬するため、積み込んだ台車と機関車の間に棒をあてがい、棒を介して台車を動かそうとしたところ、棒が外れて機関車が脱線し、そのはずみで機関車が台車と衝突し、被災者がトロッコと機関車との間に挟まれた。","17","その他の事業","1702","その他の事業","170209","その他の事業－その他","30~49","2","物上げ装置、運搬機械","22","動力運搬機","223","軌道装置","7","はさまれ、巻き込まれ"
"709","2005","平成","17","4","11~12","橋梁架け替え工事現場において、橋桁部の支保工解体作業に従事していた被災者が、脇を流れる河川に転落した。","3","建設業","301","土木工事業","30105","橋梁建設工事業","100~299","7","環境等","71","環境等","713","水","1","墜落、転落"
"710","2005","平成","17","6","14~15","バスの修理作業のため、バス床下のシャーシに油圧式ジャッキ及びうまを利用してバスを持ち上げ、修理終了後に、うまを取り外すために、一旦、ジャッキアップした際、滑り止めとして使用していた木材が割れ、うまがシャーシから外れたためにバスが沈み、バスの後部付近にいた被災者が挟まれた。","1","製造業","117","その他の製造業","11701","自動車整備業","1~9","2","物上げ装置、運搬機械","23","乗物","231","乗用車、バス、バイク","7","はさまれ、巻き込まれ"
"711","2005","平成","17","7","11~12","トラックで国道を走行中、信号待ちで停車していた他のトラックの後部に追突した。","4","運輸交通業","403","道路貨物運送業","40301","一般貨物自動車運送業","50~99","2","物上げ装置、運搬機械","22","動力運搬機","221","トラック","17","交通事故（道路）"
"712","2005","平成","17","9","17~18","ダンプトラックで国道を走行中、対向して来た乗用車がセンターラインをはみ出して、同トラックの側面へ衝突した。そのはずみで、同トラックもセンターラインをはみ出してしまい、同乗用車の後ろを走って来ていた他のトラックにさらに衝突した。","3","建設業","301","土木工事業","30199","その他の土木工事業","1~9","2","物上げ装置、運搬機械","22","動力運搬機","221","トラック","17","交通事故（道路）"
"713","2005","平成","17","9","17~18","トラックで走行中、前方を走っていた乗用車がセンターラインをはみ出して、対向してきたダンプトラックの側面に衝突した。そのはずみで、同ダンプトラックが、被災者のトラックに衝突した。","4","運輸交通業","403","道路貨物運送業","40301","一般貨物自動車運送業","10~29","2","物上げ装置、運搬機械","22","動力運搬機","221","トラック","17","交通事故（道路）"
"714","2005","平成","17","11","10~11","ごみ処理再生工場の新築工事現場において、移動式クレーンでつられてきた建築資材を屋根の上に下ろす作業を行っていたところ、同クレーンのアウトリガーの敷板が割れ滑ったことから、つり荷とつり具が急に屋根に着地してバウンドし、当該つり具が屋根の上にいた被災者に当たり、屋根の上から地上に墜落した。","3","建設業","302","建築工事業","30209","その他の建築工事業","1~9","2","物上げ装置、運搬機械","21","動力クレーン等","212","移動式クレーン","6","激突され"
"715","2005","平成","17","11","10~11","集合住宅の外壁の塗装工事を行うにあたり、地上に高圧水洗浄機を設置して、住宅の周囲に設置した足場(高さ12m)で被災者が水を噴射するホースを地上から引き上げていたときに、バランスを崩して足場の隙間から地上へ墜落した。","3","建設業","302","建築工事業","30209","その他の建築工事業","1~9","4","仮設物、建築物、構築物等","41","仮設物、建築物、構築物等","411","足場","1","墜落、転落"
"716","2005","平成","17","12","5~6","国道の横断歩道を徒歩で横断中、直進してきた乗用車にはねられた。","8","商業","802","小売業","80205","新聞販売業","1~9","2","物上げ装置、運搬機械","23","乗物","231","乗用車、バス、バイク","17","交通事故（道路）"
"717","2005","平成","17","2","3~4","自宅で就寝中、呼吸停止した。","8","商業","802","小売業","80209","その他の小売業","10~29","9","その他","91","その他の起因物","911","その他の起因物","90","その他"
"718","2005","平成","17","6","4~5","国道をワゴン車で走行中、カーブ付近でセンターラインをはみ出したため、対向車と正面衝突した。","8","商業","802","小売業","80209","その他の小売業","1~9","2","物上げ装置、運搬機械","23","乗物","231","乗用車、バス、バイク","17","交通事故（道路）"
"719","2005","平成","17","8","16~17","廃プラスチック破砕機に廃棄塩ビ管を投入していたところ、ホッパー内に転落し、回転中の破砕機のローターに巻き込まれた。","15","清掃・と畜業","1501","清掃・と畜業","150102","産業廃棄物処理業","1~9","1","動力機械","16","一般動力機械","162","混合機、粉砕機","1","墜落、転落"
"720","2005","平成","17","12","17~18","県道において、照明、信号機設置工事に伴う交通誘導業務を行っていたところ、走行してきた軽トラックにはねられた。","17","その他の事業","1702","その他の事業","170201","警備業","30~49","2","物上げ装置、運搬機械","23","乗物","231","乗用車、バス、バイク","17","交通事故（道路）"
"721","2005","平成","17","9","3~4","軽自動車を運転中、道路左側の沢へ軽自動車ごと4.2m転落した。","8","商業","802","小売業","80205","新聞販売業","50~99","2","物上げ装置、運搬機械","23","乗物","231","乗用車、バス、バイク","17","交通事故（道路）"
"722","2005","平成","17","2","10~11","農業用水路補修工事現場の進入用雪道において、ドラグ・ショベルの操作をしていたところドラグ・ショベルが横転し、当該ドラグ・ショベルの運転席出入り口側の天井フレームと雪道との間に挟まれた。","3","建設業","301","土木工事業","30199","その他の土木工事業","30~49","1","動力機械","14","建設機械等","142","掘削用機械","7","はさまれ、巻き込まれ"
"723","2005","平成","17","12","16~17","生コンミキサーの清掃作業中、ミキサー内に転落した。","1","製造業","109","窯業土石製品製造業","10901","セメント・同製品製造業","10~29","1","動力機械","16","一般動力機械","162","混合機、粉砕機","7","はさまれ、巻き込まれ"
"724","2005","平成","17","4","15~16","別荘建築予定場所の立木伐採及び片付工事現場において、被災者に伐倒木が激突した。","3","建設業","301","土木工事業","30109","土地整理土木工事業","1~9","7","環境等","71","環境等","712","立木等","6","激突され"
"725","2005","平成","17","8","9~10","屋根改修工事において、屋根材のタキロンとスレートをはがす作業中、スレートの下の胴縁がないところに足をついたところ、スレートを踏み抜き、15.2m下のコンクリート床面に墜落した。","3","建設業","302","建築工事業","30209","その他の建築工事業","1~9","4","仮設物、建築物、構築物等","41","仮設物、建築物、構築物等","415","屋根、はり、もや、けた、合掌","9","踏み抜き"
"726","2005","平成","17","11","16~17","高所作業車のブーム及びバケットを車体に格納して、バケットから降りる際に誤って転落した。","3","建設業","303","その他の建設業","30301","電気通信工事業","10~29","1","動力機械","14","建設機械等","146","高所作業車","1","墜落、転落"
"727","2005","平成","17","11","15~16","ガソリンエンジンの動力噴霧機を使用して浴室の掃除をしていたところ、一酸化炭素中毒により浴槽内に倒れた。","14","接客娯楽業","1403","その他の接客娯楽業","140309","その他の接客娯楽業－その他","1~9","1","動力機械","11","原動機（電動機を除く）","111","原動機（電動機を除く）","12","有害物等との接触"
"728","2005","平成","17","2","6~7","ブル・ドーザーで下り坂を除雪して、坂を戻ろうとバック走行中、運転席上でバランスを崩してブル・ドーザーから転落した。その後さらに、ブル・ドーザーは後退を続けたため、被災者は運転席に乗り移ろうとしたが、再度転倒し、ブル・ドーザー後方から巻き込まれ引きずられた。","3","建設業","301","土木工事業","30106","道路建設工事業","1~9","1","動力機械","14","建設機械等","141","整地・運搬・積込み用機械","7","はさまれ、巻き込まれ"
"729","2005","平成","17","3","0~1","材料置き場内で、木材のはいのすき間に入って、西側はいの中段にあった木材を取り出そうとしたところ、上段の木材のはい(重さ1トン)が崩壊し、下敷きとなった。","3","建設業","302","建築工事業","30202","木造家屋建築工事業","1~9","5","物質、材料","52","材料","522","木材、竹材","5","崩壊、倒壊"
"730","2005","平成","17","9","0~1","トラックで国道を走行中、トンネル内において、対向車線を走行していたトレーラートラックと正面から衝突した。","4","運輸交通業","403","道路貨物運送業","40301","一般貨物自動車運送業","10~29","2","物上げ装置、運搬機械","23","乗物","231","乗用車、バス、バイク","17","交通事故（道路）"
"731","2005","平成","17","2","12~13","店舗の階上にある寝室で休んでいたところ、火災が発生し焼死した。","14","接客娯楽業","1402","飲食店","140209","その他の飲食店","1~9","4","仮設物、建築物、構築物等","41","仮設物、建築物、構築物等","418","建築物、構築物","16","火災"
"732","2005","平成","17","3","3~4","トラックで走行中、前方の大型トレーラートラックに追突した。","4","運輸交通業","403","道路貨物運送業","40301","一般貨物自動車運送業","30~49","2","物上げ装置、運搬機械","22","動力運搬機","221","トラック","17","交通事故（道路）"
"733","2005","平成","17","4","8~9","高速自動車道を走行中、車線前方に割り込んで来た車両を回避しようと急ハンドルを切ったところ、左側壁に接触し、反動で右側壁に衝突、車外へ放り出された。","4","運輸交通業","403","道路貨物運送業","40302","特定貨物自動車運送業","100~299","2","物上げ装置、運搬機械","22","動力運搬機","221","トラック","17","交通事故（道路）"
"734","2005","平成","17","4","7~8","トラックで高速自動車道を走行中、インターチェンジ出口付近の右カーブを曲がりきれず、防音壁に激突し横転した。","4","運輸交通業","403","道路貨物運送業","40309","その他の道路貨物運送業","30~49","2","物上げ装置、運搬機械","22","動力運搬機","221","トラック","17","交通事故（道路）"
"735","2005","平成","17","8","22~23","フォークリフトにより後進中、フォークリフトごとプラットホーム端から地上へ転落し、座席から投げ出され、直後に横転したフォークリフトの下敷きとなった。","4","運輸交通業","403","道路貨物運送業","40301","一般貨物自動車運送業","100~299","2","物上げ装置、運搬機械","22","動力運搬機","222","フォークリフト","1","墜落、転落"
"736","2005","平成","17","8","16~17","駐車場内にある浄化槽の点検用の蓋を開け、内部をのぞき込んでいたところ、トラックにひかれた。","17","その他の事業","1702","その他の事業","170209","その他の事業－その他","10~29","2","物上げ装置、運搬機械","22","動力運搬機","221","トラック","7","はさまれ、巻き込まれ"
"737","2005","平成","17","10","14~15","橋の塗装工事現場において、足場の組立中、13m下の河川敷へ墜落した。","3","建設業","303","その他の建設業","30309","その他の建設業－その他","1~9","4","仮設物、建築物、構築物等","41","仮設物、建築物、構築物等","411","足場","1","墜落、転落"
"738","2005","平成","17","10","17~18","県道で、交通誘導の後片付け作業中、看板等をトラックに積んだ際にトラックが坂道を下りだしたため、前側に回りトラックを止めようとしたが、止めることができず、ひかれた。","17","その他の事業","1702","その他の事業","170201","警備業","50~99","2","物上げ装置、運搬機械","22","動力運搬機","221","トラック","17","交通事故（道路）"
"739","2005","平成","17","3","7~8","木造2階建ての建売分譲住宅の建築現場において、3mの高さで2階ベランダ部分の吹き付け塗装作業中に地面に墜落した。","3","建設業","302","建築工事業","30203","建築設備工事業","1~9","4","仮設物、建築物、構築物等","41","仮設物、建築物、構築物等","411","足場","1","墜落、転落"
"740","2005","平成","17","6","11~12","トラックの荷台からカゴ車に載せた荷物をフォークリフトで降ろす作業中、荷台から降りてカゴ車の位置を修正するため、引っ張ったところ、カゴ車が荷台から落下して下敷きとなった。","4","運輸交通業","403","道路貨物運送業","40301","一般貨物自動車運送業","10~29","3","その他の装置等","36","人力機械工具等","362","人力運搬機","4","飛来、落下"
"741","2005","平成","17","8","13~14","天窓用窓枠に開閉用のアームを、治具を使って組み付けようとしたところ、その治具がアームから外れてアームが戻り、被災者に激突した。","1","製造業","112","金属製品製造業","11209","その他の金属製品製造業","10~29","3","その他の装置等","36","人力機械工具等","364","手工具","6","激突され"
"742","2005","平成","17","12","12~13","県道における大型送迎バスの接触事故後、被災者が車外に出て被害状況を携帯電話で連絡していたところ、対向車線を走行してきたトラックにはねられた。","4","運輸交通業","402","道路旅客運送業","40201","ハイヤー・タクシー業","10~29","2","物上げ装置、運搬機械","22","動力運搬機","221","トラック","17","交通事故（道路）"
"743","2005","平成","17","11","10~11","フレキシブルコンテナ(フレコン)に入った樹脂製ペレット(重さ400キログラム)を小分けするために、フォークリフトでフレコンをつり上げ、フレコン下の取出し口から小分け袋に取り出そうと作業をしていたところ、フレコンのつり上げ紐の片方の縫い目が切れたため、荷が揺れて被災者の上に落下した。","1","製造業","108","化学工業","10805","プラスチック製品製造業","1~9","6","荷","61","荷","611","荷姿の物","4","飛来、落下"
"744","2005","平成","17","5","9~10","国道沿いの吹付法枠の補修工事において、上方から順次モルタルの粉落し作業を行っていたところ、親綱が切れ、4m転落した。","3","建設業","301","土木工事業","30199","その他の土木工事業","30~49","3","その他の装置等","37","用具","379","その他の用具","1","墜落、転落"
"745","2005","平成","17","7","11~12","国道のセンターラインの塗替え塗装を行っていたところ、当該現場の脇を通過しようとした大型トラックにはねられた。","3","建設業","301","土木工事業","30199","その他の土木工事業","1~9","2","物上げ装置、運搬機械","22","動力運搬機","221","トラック","17","交通事故（道路）"
"746","2005","平成","17","3","5~6","赤信号で停車中のトレーラートラックに、被災者が運転するトラックが追突した。","4","運輸交通業","403","道路貨物運送業","40301","一般貨物自動車運送業","10~29","2","物上げ装置、運搬機械","22","動力運搬機","221","トラック","17","交通事故（道路）"
"747","2005","平成","17","3","10~11","配電盤(重さ180キログラム)の運搬作業中、台車に載せた配電盤を地面に降ろそうと配電盤を傾けたところ、支えきれずに倒れ、配電盤に挟まれた。","3","建設業","303","その他の建設業","30301","電気通信工事業","1~9","6","荷","61","荷","612","機械装置","7","はさまれ、巻き込まれ"
"748","2005","平成","17","6","13~14","機械設備の据付け作業において、フォークリフトのフォーク上にワイヤで固定されていた機械(重さ1.5トン)を外したところ、機械が倒れて機械の下敷きとなった。","3","建設業","303","その他の建設業","30302","機械器具設置工事業","30~49","6","荷","61","荷","612","機械装置","5","崩壊、倒壊"
"749","2005","平成","17","5","10~11","工場倉庫の改装工事で、はしごとローリング足場に木製の足場板を掛け渡そうとした被災者が、はしごの2mの高さから地上に墜落した。","3","建設業","302","建築工事業","30209","その他の建築工事業","1~9","3","その他の装置等","37","用具","371","はしご等","1","墜落、転落"
"750","2005","平成","17","9","5~6","トラックで走行中、赤信号で停車中のトレーラートラックに追突した。","4","運輸交通業","403","道路貨物運送業","40301","一般貨物自動車運送業","10~29","2","物上げ装置、運搬機械","22","動力運搬機","221","トラック","17","交通事故（道路）"
"751","2005","平成","17","9","8~9","民家敷地内の擁壁設置工事現場において、溝をドラグ・ショベルで掘った後、被災者が溝に入り、建物側の地山に土止めのためのコンパネを置いて、前日に施工した場所の土止め支保工の部材を取り外したところ、建物側の地山が崩壊したため被災者が土砂に埋まった。","3","建設業","301","土木工事業","30199","その他の土木工事業","10~29","7","環境等","71","環境等","711","地山、岩石","5","崩壊、倒壊"
"752","2005","平成","17","1","9~10","材料置き場で材料の搬入を待っていた被災者が搬入口から2.8m下の床に墜落した。","1","製造業","108","化学工業","10805","プラスチック製品製造業","10~29","4","仮設物、建築物、構築物等","41","仮設物、建築物、構築物等","414","開口部","1","墜落、転落"
"753","2005","平成","17","3","13~14","自社所有の資材置き場内で自社の資材を利用した倉庫を建てる作業で、屋根の下地となる杉板を打ち付ける作業を高さ5.7mの鉄骨屋根梁上で行っていたところ、既に取り付け終えた下地板の端から地上においてあった塩ビ管の束の上に墜落した。","3","建設業","302","建築工事業","30201","鉄骨・鉄筋コンクリート造家屋建築工事業","10~29","4","仮設物、建築物、構築物等","41","仮設物、建築物、構築物等","415","屋根、はり、もや、けた、合掌","1","墜落、転落"
"754","2005","平成","17","11","10~11","トラックで運搬した建築資材を現場に降ろす作業を行っていた被災者が、下り坂で動きはじめたトラックのドアと車体との間に挟まれた。","4","運輸交通業","403","道路貨物運送業","40301","一般貨物自動車運送業","30~49","2","物上げ装置、運搬機械","22","動力運搬機","221","トラック","17","交通事故（道路）"
"755","2005","平成","17","1","14~15","法面改良工事のために、法面に親綱を張り安全帯のフックをかけて、法面上で型枠の下地となるラス金網を敷く作業をしていたところ、親綱を固定していたピンが折れて、被災者が法面を転落した。","3","建設業","301","土木工事業","30199","その他の土木工事業","10~29","3","その他の装置等","37","用具","379","その他の用具","1","墜落、転落"
"756","2005","平成","17","12","8~9","工場内において、製造装置の清掃作業を行っていたところ、コンクリート床面に墜落した。","1","製造業","117","その他の製造業","11709","その他の製造業－その他","10~29","1","動力機械","16","一般動力機械","169","その他の一般動力機械","1","墜落、転落"
"757","2005","平成","17","5","13~14","自社車庫より車両積載形トラッククレーンを出そうとエンジンを始動させたところ当該車両が動き出し、運転席のドアが車庫の柱に当たり、ドアと車体との間に挟まれた。","8","商業","804","その他の商業","80409","その他の商業－その他","1~9","2","物上げ装置、運搬機械","21","動力クレーン等","212","移動式クレーン","7","はさまれ、巻き込まれ"
"758","2005","平成","17","7","7~8","自社の山林において刈払機を使用して除草作業中、足を踏み外して滑落し、刈払機の歯が被災者に接触した。","6","農林業","602","林業","60209","その他の林業","30~49","7","環境等","71","環境等","711","地山、岩石","8","切れ、こすれ"
"759","2005","平成","17","3","8~9","工場敷地の造成工事において、敷鉄板(重さ1.4トン)を、ドラグ・ショベルでつり上げ、トラックの荷台に積載しようとしていたところ、つり具から敷鉄板がはずれて落下し、被災者が鉄板の下敷きとなった。","3","建設業","301","土木工事業","30199","その他の土木工事業","30~49","3","その他の装置等","37","用具","379","その他の用具","4","飛来、落下"
"760","2005","平成","17","5","11~12","材木の搬出作業中、機械集材装置のえい索が切れたため、ワイヤをグラップルに取り付け、テンションをかけようとしたところ、重機操作レバーに工具が引っかかり、被災者がグラップルに押しつぶされた。","6","農林業","602","林業","60201","木材伐出業","10~29","1","動力機械","14","建設機械等","149","その他の建設機械等","6","激突され"
"761","2005","平成","17","5","0~1","砕石貯蔵タンク下の基礎部へ小型ドラグ・ショベルで入り、タンク脇の堆積粉じんを除去しようとしたが、現場が狭いためバックしたときにケーブルラックに激突した。","2","鉱業","202","土石採取業","20201","採石業","10~29","1","動力機械","14","建設機械等","142","掘削用機械","3","激突"
"762","2005","平成","17","6","12~13","片側2車線道路の左車線に停車中のトラックへ戻るため、当該道路を横断していたところ、走行してきた乗用車に激突された。","4","運輸交通業","403","道路貨物運送業","40301","一般貨物自動車運送業","10~29","2","物上げ装置、運搬機械","23","乗物","231","乗用車、バス、バイク","17","交通事故（道路）"
"763","2005","平成","17","7","0~1","ダンプトラックの荷台を上げ、プロペラシャフト部にグリスアップしようとしていたところ荷台と下部フレームとの間に挟まれた。","3","建設業","301","土木工事業","30106","道路建設工事業","10~29","2","物上げ装置、運搬機械","22","動力運搬機","221","トラック","7","はさまれ、巻き込まれ"
"764","2005","平成","17","7","9~10","2人で機械式ごみ収集車によりペットボトルの回収作業を行っていたところ、機械に巻き込まれた。","15","清掃・と畜業","1501","清掃・と畜業","150109","その他の清掃・と畜業","50~99","2","物上げ装置、運搬機械","22","動力運搬機","229","その他の動力運搬機","7","はさまれ、巻き込まれ"
"765","2005","平成","17","8","10~11","塗装用の足場組立のため、天井クレーンがじゃまになるのでクレーンを動かそうとクレーンのメインスイッチを入れたところ、誤ってすでに足場が完成していた別の建屋のクレーン電源を入れたたため、別の建屋の天井部分で塗装を行っていた被災者が、トロリ線に触れて感電した。","3","建設業","302","建築工事業","30209","その他の建築工事業","10~29","2","物上げ装置、運搬機械","21","動力クレーン等","211","クレーン","13","感電"
"766","2005","平成","17","11","9~10","住宅の屋根、外壁塗替え工事において、屋根の上に立ち高圧水洗浄を行っていたところ、屋根の軒先から6.3m下の駐車場アスファルト上に墜落した。","3","建設業","302","建築工事業","30209","その他の建築工事業","10~29","4","仮設物、建築物、構築物等","41","仮設物、建築物、構築物等","415","屋根、はり、もや、けた、合掌","1","墜落、転落"
"767","2005","平成","17","12","16~17","トラックで高速自動車道を走行中、インターチェンジで下りようとしたところ出口案内板の支柱へ激突した。","4","運輸交通業","403","道路貨物運送業","40301","一般貨物自動車運送業","10~29","2","物上げ装置、運搬機械","22","動力運搬機","221","トラック","17","交通事故（道路）"
"768","2005","平成","17","2","6~7","原動機付き自転車(バイク)で走行中、道路左側にある工場軒下の鉄柱に激突した。","8","商業","802","小売業","80205","新聞販売業","1~9","2","物上げ装置、運搬機械","23","乗物","231","乗用車、バス、バイク","17","交通事故（道路）"
"769","2005","平成","17","4","17~18","事業場敷地内に駐車していたトラックを移動させるため、その前方に駐車しており進行の妨げとなっていた他の車を別の場所に移動させ、元のトラックに向かっていたところ、後方に逸走してきた他のトラックに激突され、駐車していた別の車両との間に挟まれた。","15","清掃・と畜業","1501","清掃・と畜業","150102","産業廃棄物処理業","10~29","2","物上げ装置、運搬機械","22","動力運搬機","221","トラック","6","激突され"
"770","2005","平成","17","4","2~3","トラックで国道バイパスを走行中、センターラインをはみ出し、対向車線を走行中の被災者の運転するトラックと正面衝突した。","4","運輸交通業","403","道路貨物運送業","40301","一般貨物自動車運送業","10~29","2","物上げ装置、運搬機械","22","動力運搬機","221","トラック","17","交通事故（道路）"
"771","2005","平成","17","10","8~9","カーポートの屋根(高さ2m)に上って作業中、墜落した。","8","商業","802","小売業","80203","家具・建具・じゅう器小売業","1~9","3","その他の装置等","37","用具","371","はしご等","1","墜落、転落"
"772","2005","平成","17","12","14~15","機械集材装置により伐木を土場まで運搬する作業中、伐木が被災者に激突した。","6","農林業","602","林業","60201","木材伐出業","1~9","6","荷","61","荷","611","荷姿の物","6","激突され"
"773","2005","平成","17","5","11~12","自動走行で冷凍倉庫から出てきたフォークリフトの左後部と建屋の壁との間に挟まれた。","1","製造業","101","食料品製造業","10109","その他の食料品製造業","10~29","2","物上げ装置、運搬機械","21","動力クレーン等","211","クレーン","7","はさまれ、巻き込まれ"
"774","2005","平成","17","5","2~3","国道を走行中、中央分離帯を乗り越え、対向のトレーラートラック及び大型トラックそれぞれに衝突した。","4","運輸交通業","402","道路旅客運送業","40201","ハイヤー・タクシー業","10~29","2","物上げ装置、運搬機械","23","乗物","231","乗用車、バス、バイク","17","交通事故（道路）"
"775","2005","平成","17","9","11~12","高所作業車に搭乗し6600Vの活線が通っている電柱の変圧器を撤去する作業中、活線に触れ感電した。","3","建設業","303","その他の建設業","30301","電気通信工事業","30~49","3","その他の装置等","35","電気設備","351","送配電線等","13","感電"
"776","2005","平成","17","11","15~16","アルミダイカスト成型機で自動車のミッションケースを鋳造中、金型内に挟まれた。","1","製造業","111","非鉄金属製造業","11102","非鉄金属鋳物業","300~499","1","動力機械","16","一般動力機械","164","射出成形機","7","はさまれ、巻き込まれ"
"777","2005","平成","17","12","16~17","倉庫ヤード内で、荷積みが完了した輸出用海貨コンテナを別の場所に移動するため、コンテナを載せたトレーラーにトラクタを連結しようと、トラクタをバックさせたところ、トレーラーに貨物搬入票を挟み込んでいた被災者が、トラクタとトレーラーとの間に挟まれた。","5","貨物取扱業","502","港湾運送業","50201","一般港湾運送業","10~29","2","物上げ装置、運搬機械","22","動力運搬機","221","トラック","6","激突され"
"778","2005","平成","17","5","16~17","冷凍倉庫内においてフォークリフトを使用し、倉庫整理のため冷凍魚類の木箱を運搬していたところ、リフト上の荷が崩れ、パレットごと被災者を直撃した。","8","商業","804","その他の商業","80401","倉庫業","10~29","2","物上げ装置、運搬機械","22","動力運搬機","222","フォークリフト","5","崩壊、倒壊"
"779","2005","平成","17","6","21~22","トラックで走行中、国道の交差点で、信号待ちの別の大型トラックに追突した。","4","運輸交通業","403","道路貨物運送業","40301","一般貨物自動車運送業","30~49","2","物上げ装置、運搬機械","22","動力運搬機","221","トラック","17","交通事故（道路）"
"780","2005","平成","17","9","9~10","コンクリートの配送業務中、後輪に取り付けたウインチを使い、電柱数本を降ろしていたところ、降ろす予定のない別の電柱が突然転がり落ちてきて、運搬車後方で電柱を支えていた被災者に激突した。","4","運輸交通業","403","道路貨物運送業","40301","一般貨物自動車運送業","50~99","2","物上げ装置、運搬機械","21","動力クレーン等","219","その他の動力クレーン等","4","飛来、落下"
"781","2005","平成","17","10","8~9","開園準備のためクマを飼育舎から屋外の展示場所へ移動させる作業中に、クマに襲われた。","14","接客娯楽業","1403","その他の接客娯楽業","140302","公園・遊園地","100~299","9","その他","91","その他の起因物","911","その他の起因物","90","その他"
"782","2005","平成","17","12","2~3","自動車運搬用トレーラートラックで高速自動車道を走行中、渋滞により徐行していた前方車両に追突した。","4","運輸交通業","403","道路貨物運送業","40301","一般貨物自動車運送業","30~49","2","物上げ装置、運搬機械","22","動力運搬機","221","トラック","17","交通事故（道路）"
"783","2005","平成","17","12","14~15","フォークリフトをセルフローダーに積み込む作業中、道板からタイヤがずれてフォークリフトが転落し、被災者がフォークリフトの下敷きとなった。","4","運輸交通業","403","道路貨物運送業","40301","一般貨物自動車運送業","50~99","2","物上げ装置、運搬機械","22","動力運搬機","222","フォークリフト","1","墜落、転落"
"784","2005","平成","17","4","7~8","小型動力漁船に乗ってエビ刺し網を回収後の帰路、船外機に絡んだロープを外そうとした際、うねりを受けて船長が海中へ転落し、航行不能となった当該漁船が、その後、岩場に衝突し転覆し、船上の被災者らが海中へ転落した。","7","畜産・水産業","702","水産業","70201","漁業","1~9","2","物上げ装置、運搬機械","23","乗物","239","その他の乗物","18","交通事故（その他）"
"785","2005","平成","17","6","4~5","原動機付き自転車(バイク)で新聞配達途中、後ろから来た乗用車に追突された。","8","商業","802","小売業","80205","新聞販売業","10~29","2","物上げ装置、運搬機械","23","乗物","231","乗用車、バス、バイク","17","交通事故（道路）"
"786","2005","平成","17","8","11~12","コンクリート製側溝蓋の製作作業後、急に意識障害を起こし、死亡した。","8","商業","802","小売業","80209","その他の小売業","1~9","7","環境等","71","環境等","715","高温・低温環境","11","高温・低温の物との接触"
"787","2005","平成","17","2","5~6","トラックで走行中、歩道にある案内標識に激突した。","17","その他の事業","1702","その他の事業","170201","警備業","1~9","2","物上げ装置、運搬機械","22","動力運搬機","221","トラック","17","交通事故（道路）"
"788","2005","平成","17","3","14~15","交差点で信号待ちの車列の最後尾で停車直前であった被災者の運転するトラックに他のトラックが追突した。","4","運輸交通業","403","道路貨物運送業","40301","一般貨物自動車運送業","1~9","2","物上げ装置、運搬機械","22","動力運搬機","221","トラック","17","交通事故（道路）"
"789","2005","平成","17","9","5~6","原動機付き自転車(バイク)で走行中、交差点で、走行してきた大型ダンプトラックと出会い頭に衝突した。","8","商業","802","小売業","80205","新聞販売業","30~49","2","物上げ装置、運搬機械","23","乗物","231","乗用車、バス、バイク","17","交通事故（道路）"
"790","2005","平成","17","11","4~5","原動機付き自転車(バイク)で新聞配達中、路上駐車していた大型トレーラートラックに衝突した。","8","商業","802","小売業","80205","新聞販売業","1~9","2","物上げ装置、運搬機械","23","乗物","231","乗用車、バス、バイク","17","交通事故（道路）"
"791","2005","平成","17","12","17~18","業務が終了し帰宅するため、車を敷地境界付近に停車させ出口のバリケードを立てていた際、急に車が動き出したため、被災者は慌てて車に乗り込もうとしたが止められず壁に激突した。","12","教育・研究業","1201","教育・研究業","120109","その他の教育研究業","1~9","2","物上げ装置、運搬機械","23","乗物","231","乗用車、バス、バイク","7","はさまれ、巻き込まれ"
"792","2005","平成","17","12","13~14","工場2階の抄紙機の作業準備中に、1階に墜落した。","1","製造業","106","パルプ・紙・紙加工品製造業","10601","パルプ・紙製造業","100~299","4","仮設物、建築物、構築物等","41","仮設物、建築物、構築物等","414","開口部","1","墜落、転落"
"793","2005","平成","17","2","1~2","高速自動車道を走行中、登坂車線に停車中のトレーラートラックに追突し、運転席に挟まれ脱出不能となってから火災が発生し焼死した。","4","運輸交通業","403","道路貨物運送業","40301","一般貨物自動車運送業","100~299","2","物上げ装置、運搬機械","22","動力運搬機","221","トラック","17","交通事故（道路）"
"794","2005","平成","17","4","17~18","工場敷地内にある沈殿槽のコンクリート壁を改修するため、沈殿槽の外側をドラグ・ショベルにて掘削した後、床均し等を行っていたところ、掘削法面が崩れ、落ちてきた岩石が当たった。","1","製造業","109","窯業土石製品製造業","10909","その他の土石製品製造業","10~29","7","環境等","71","環境等","711","地山、岩石","5","崩壊、倒壊"
"795","2005","平成","17","5","18~19","トラックで走行中、道路左側の側溝に脱輪して電柱に衝突し、助手席に乗っていた被災者が死亡した。","1","製造業","117","その他の製造業","11702","機械修理業","1~9","2","物上げ装置、運搬機械","22","動力運搬機","221","トラック","17","交通事故（道路）"
"796","2005","平成","17","5","11~12","工場2階から1.5トンの保管棚をハンドリフトに載せてエレベーターで1階に下ろした後、被災者がエレベーターから当該ハンドリフトを後ろ向きで出したところ、エレベーター前の床が下り勾配のため、自重で速度が増し、勾配が戻ったところでハンドリフトが止まったことから、当該棚が倒れて被災者が下敷きとなった。","3","建設業","303","その他の建設業","30302","機械器具設置工事業","50~99","3","その他の装置等","36","人力機械工具等","362","人力運搬機","6","激突され"
"797","2005","平成","17","7","14~15","電気工事現場において、持っていた端子締め付け工具が、露出していたプラグスイッチの1次側充電部に接触し感電した。","3","建設業","303","その他の建設業","30309","その他の建設業－その他","1~9","3","その他の装置等","35","電気設備","352","電力設備","13","感電"
"798","2005","平成","17","8","9~10","大型ボートを輸送するためボートの高さを計測していたところ、誤ってボートの縁より足を踏み外して地面に墜落した。","4","運輸交通業","403","道路貨物運送業","40301","一般貨物自動車運送業","50~99","2","物上げ装置、運搬機械","23","乗物","239","その他の乗物","1","墜落、転落"
"799","2005","平成","17","9","21~22","工場構内の敷地内で、使用済の清掃用ゴム材料等を木製パレットに載せて、フォークリフトで前進で運搬していたところ、積荷の清掃用ゴム材料のロールのうち1本が落下し、フォークリフトの右前輪が乗り上げ左側に横転した際に、被災者が投げ出されてヘッドガード支柱と路面との間に挟まれた。","1","製造業","108","化学工業","10806","ゴム製品製造業","500~999","2","物上げ装置、運搬機械","22","動力運搬機","222","フォークリフト","2","転倒"
"800","2005","平成","17","9","10~11","送電鉄塔で絶縁体部品のがいしの洗浄作業で、鉄塔上部を移動中に50mの高さから墜落した。","3","建設業","303","その他の建設業","30309","その他の建設業－その他","10~29","4","仮設物、建築物、構築物等","41","仮設物、建築物、構築物等","418","建築物、構築物","1","墜落、転落"
"801","2005","平成","17","10","15~16","木材市場内にて、落札した木材をトラックに積み込み、ワイヤ掛けの固定の際に、荷台の木材上から地面に転落した。","1","製造業","104","木材・木製品製造業","10409","その他の木材・木製品製造業","1~9","2","物上げ装置、運搬機械","22","動力運搬機","221","トラック","1","墜落、転落"
"802","2005","平成","17","12","14~15","コンクリート2次製品の製造工場建屋内において、型枠へフォークリフトから下車後、逸走したフォークリフトの左側後輪でひかれた。","1","製造業","109","窯業土石製品製造業","10901","セメント・同製品製造業","50~99","2","物上げ装置、運搬機械","22","動力運搬機","222","フォークリフト","7","はさまれ、巻き込まれ"
"803","2005","平成","17","5","14~15","乗用車で走行中、他の乗用車と衝突した。","8","商業","802","小売業","80209","その他の小売業","30~49","2","物上げ装置、運搬機械","23","乗物","231","乗用車、バス、バイク","17","交通事故（道路）"
"804","2005","平成","17","9","8~9","下水道工事の準備のため路肩で交通誘導をしていた被災者が、前方不注意の乗用車にひかれ、路肩下のみかん畑に転落した。","17","その他の事業","1702","その他の事業","170201","警備業","30~49","2","物上げ装置、運搬機械","23","乗物","231","乗用車、バス、バイク","17","交通事故（道路）"
"805","2005","平成","17","1","13~14","おがくずの回収作業中、おがくずが崩壊し、埋もれた。","15","清掃・と畜業","1501","清掃・と畜業","150102","産業廃棄物処理業","1~9","5","物質、材料","52","材料","522","木材、竹材","5","崩壊、倒壊"
"806","2005","平成","17","2","15~16","山腹に配水池を建設する現場において、ホイールローダで斜面(斜度26度)をバックで下ろうとしたところ、ホイールローダが暴走、横転し下敷きとなった。","3","建設業","301","土木工事業","30110","上下水道工事業","10~29","1","動力機械","14","建設機械等","141","整地・運搬・積込み用機械","2","転倒"
"807","2005","平成","17","3","16~17","原動機付き自転車(バイク)で新聞配達中、道路脇の水路に転落した。","8","商業","802","小売業","80205","新聞販売業","50~99","2","物上げ装置、運搬機械","23","乗物","231","乗用車、バス、バイク","17","交通事故（道路）"
"808","2005","平成","17","9","7~8","自転車で横断歩道を横断中、乗用車に激突された。","1","製造業","101","食料品製造業","10105","酒類製造業","100~299","2","物上げ装置、運搬機械","23","乗物","231","乗用車、バス、バイク","6","激突され"
"809","2005","平成","17","10","14~15","PC上部工工事において、高さ21mの作業床上にて片付け作業をしていたところ、地面に墜落した。","3","建設業","301","土木工事業","30105","橋梁建設工事業","1~9","4","仮設物、建築物、構築物等","41","仮設物、建築物、構築物等","419","その他の仮設物、建築物、構築物等","1","墜落、転落"
"810","2005","平成","17","9","16~17","船上で漁の準備中、海に転落した。","7","畜産・水産業","702","水産業","70201","漁業","10~29","2","物上げ装置、運搬機械","23","乗物","239","その他の乗物","10","おぼれ"
"811","2005","平成","17","2","1~2","バイパスを走行中に、前を走行中のトラックが停車中の大型車に気がつかず追突し、被災者はブレーキを踏んだものの間に合わず当該トラックに追突した。","4","運輸交通業","403","道路貨物運送業","40301","一般貨物自動車運送業","1~9","2","物上げ装置、運搬機械","22","動力運搬機","221","トラック","17","交通事故（道路）"
"812","2005","平成","17","4","15~16","ビル新築工事現場において、高さ22mのデッキプレートの溶接作業中に墜落した。","3","建設業","302","建築工事業","30201","鉄骨・鉄筋コンクリート造家屋建築工事業","1~9","4","仮設物、建築物、構築物等","41","仮設物、建築物、構築物等","416","作業床、歩み板","1","墜落、転落"
"813","2005","平成","17","2","16~17","自動車で走行中、交差点にて、路地より優先道路へ出ようとした際、左側より来た車と出会い頭に衝突した。","17","その他の事業","1702","その他の事業","170201","警備業","30~49","2","物上げ装置、運搬機械","23","乗物","231","乗用車、バス、バイク","17","交通事故（道路）"
"814","2005","平成","17","5","8~9","配達のため正面西側のオートロック扉から建物内に入り、配達後退出する際に、正面扉横のガラス壁に激突したため、割れたガラスで被災した。","4","運輸交通業","403","道路貨物運送業","40301","一般貨物自動車運送業","10~29","4","仮設物、建築物、構築物等","41","仮設物、建築物、構築物等","418","建築物、構築物","3","激突"
"815","2005","平成","17","9","17~18","印刷インキ製品のピッキング作業において、フォークリフトの爪に挿したパレット上で、貯蔵ラックにある製品を取り出す作業をしていたところ、墜落した。","1","製造業","108","化学工業","10808","塗料製造業","30~49","2","物上げ装置、運搬機械","22","動力運搬機","222","フォークリフト","1","墜落、転落"
"816","2005","平成","17","5","17~18","ビル非常階段より、転落した。","8","商業","801","卸売業","80109","その他の卸売業","100~299","4","仮設物、建築物、構築物等","41","仮設物、建築物、構築物等","413","階段、桟橋","1","墜落、転落"
"817","2005","平成","17","12","10~11","木造新築工事現場において、屋根の上で作業中、足を踏み外して、6.4m下の基礎コンクリートに墜落した。","3","建設業","302","建築工事業","30202","木造家屋建築工事業","1~9","4","仮設物、建築物、構築物等","41","仮設物、建築物、構築物等","415","屋根、はり、もや、けた、合掌","1","墜落、転落"
"818","2005","平成","17","12","1~2","駅舎配電室において高圧ケーブルの絶縁劣化測定作業中の被災者が、高圧キュービクル盤内に入り停電中のケーブル端子の取り外しを行っていたところ、誤ってすぐ近くに配置された通電中のケーブル(6600V)に接触した。","4","運輸交通業","401","鉄道・軌道・水運・航空業","40101","鉄道・軌道業","100~299","3","その他の装置等","35","電気設備","352","電力設備","13","感電"
"819","2005","平成","17","3","10~11","宿直業務中に、事業場内で意識不明となった。","8","商業","804","その他の商業","80409","その他の商業－その他","100~299","9","その他","92","起因物なし","921","起因物なし","90","その他"
"820","2005","平成","17","3","9~10","運転業務終了後に事業場で洗車を終え、事業場近傍の飲食店で食事後、体調不良を訴え事業場に戻った後、倒れた。","4","運輸交通業","402","道路旅客運送業","40202","バス業","30~49","9","その他","92","起因物なし","921","起因物なし","90","その他"
"821","2005","平成","17","7","11~12","オートバイにて走行中、交差点に優先道路側から進入したところ、右手側から交差点に進入してきたトラックと衝突した。","11","通信業","1101","通信業","110101","通信業","100~299","2","物上げ装置、運搬機械","23","乗物","231","乗用車、バス、バイク","17","交通事故（道路）"
"822","2005","平成","17","9","20~21","タンクローリーで国道を走行中、右カーブで曲がりきれずガードレールを越え、10m下の川に転落した。","4","運輸交通業","403","道路貨物運送業","40301","一般貨物自動車運送業","1~9","2","物上げ装置、運搬機械","22","動力運搬機","221","トラック","17","交通事故（道路）"
"823","2005","平成","17","11","8~9","工場内において、搬送台車リフト昇降用油圧シリンダーの交換作業中、リフトが下降し、テーブルに挟まれた。","1","製造業","117","その他の製造業","11702","機械修理業","1~9","1","動力機械","16","一般動力機械","169","その他の一般動力機械","7","はさまれ、巻き込まれ"
"824","2005","平成","17","7","0~1","オートバイのショールーム内において、被災者は1人で商品の整理・陳列作業中、エレベーターの搬器と昇降路の壁との間に挟まれた。","8","商業","802","小売業","80209","その他の小売業","10~29","2","物上げ装置、運搬機械","21","動力クレーン等","214","エレベータ、リフト","7","はさまれ、巻き込まれ"
"825","2005","平成","17","7","4~5","県道交差点で、大型トラックが発進した直後に、後続の被災者の運転するトラックが追突した。","4","運輸交通業","403","道路貨物運送業","40301","一般貨物自動車運送業","10~29","2","物上げ装置、運搬機械","22","動力運搬機","221","トラック","17","交通事故（道路）"
"826","2005","平成","17","11","11~12","ドラグ・ショベルにフォークグリップ状のアタッチメントを取り付け、庭石を挟んでダンプトラックに載せようとしたところ、庭石が荷台上に落下し、荷台上を滑動したため、反動であおりから荷台に投げ出された被災者らに激突した。","3","建設業","302","建築工事業","30201","鉄骨・鉄筋コンクリート造家屋建築工事業","10~29","1","動力機械","14","建設機械等","149","その他の建設機械等","4","飛来、落下"
"827","2005","平成","17","1","6~7","資材置場において、ダンプトラックから荷降ろし作業中、同車両が動き出し、勾配が10度の下り坂の途中付近で、車両右後輪でひかれた。","3","建設業","301","土木工事業","30199","その他の土木工事業","1~9","2","物上げ装置、運搬機械","22","動力運搬機","221","トラック","7","はさまれ、巻き込まれ"
"828","2005","平成","17","2","10~11","かかり木の下で伐木作業をしていた際、かかり木が落ち被災者に当たった。","6","農林業","602","林業","60201","木材伐出業","30~49","7","環境等","71","環境等","712","立木等","5","崩壊、倒壊"
"829","2005","平成","17","2","14~15","湖上に係留中のしゅんせつ船の機関室内部で配管の取替え作業中、被災者が配管のフランジの最後のボルトをガス溶断したところ、当該配管が落下し、配管の下敷きとなった。","2","鉱業","202","土石採取業","20202","砂利採取業","10~29","4","仮設物、建築物、構築物等","41","仮設物、建築物、構築物等","419","その他の仮設物、建築物、構築物等","4","飛来、落下"
"830","2005","平成","17","2","17~18","自動車で走行中、国道交差点内で左折した際に、曲がりきれずガードレールに激突した。","3","建設業","302","建築工事業","30201","鉄骨・鉄筋コンクリート造家屋建築工事業","1~9","2","物上げ装置、運搬機械","23","乗物","231","乗用車、バス、バイク","17","交通事故（道路）"
"831","2005","平成","17","5","9~10","ワンボックスカーで走行中、山側から石が落ちてきて、車の屋根を直撃・貫通して被災者に激突した。","8","商業","801","卸売業","80101","各種商品卸売業","30~49","7","環境等","71","環境等","711","地山、岩石","4","飛来、落下"
"832","2005","平成","17","6","16~17","トレーラートラックの荷台に積まれた山留材を、橋形クレーンでつり上げ、工場敷地内の所定の鋼材置場に移動させる作業中、荷が被災者に激突した。","1","製造業","112","金属製品製造業","11209","その他の金属製品製造業","10~29","5","物質、材料","52","材料","521","金属材料","6","激突され"
"833","2005","平成","17","6","15~16","新聞配達中で原動機付き自転車(バイク)を運転し国道を走行していたところ、後方から走行してきたトラックに追突された。","8","商業","802","小売業","80205","新聞販売業","1~9","2","物上げ装置、運搬機械","22","動力運搬機","221","トラック","17","交通事故（道路）"
"834","2005","平成","17","7","11~12","民家の石積み補強工事で、トラック荷台上の生コンをドラグ・ショベルのバケットですくい、型枠へと注ぎ込む作業を行っていたところ、ドラグ・ショベルもろとも2m下へ転落した。","3","建設業","301","土木工事業","30199","その他の土木工事業","1~9","1","動力機械","14","建設機械等","142","掘削用機械","1","墜落、転落"
"835","2005","平成","17","7","5~6","バンバリーミキサーハンガーのトラブル処理作業中、回転しているコンベヤーに巻き込まれた。","1","製造業","108","化学工業","10806","ゴム製品製造業","500~999","2","物上げ装置、運搬機械","22","動力運搬機","224","コンベア","7","はさまれ、巻き込まれ"
"836","2005","平成","17","8","14~15","駐車場でトラック荷台に乗って、積み荷確認をしていたところ、荷台のあおり部に足を掛けた際に滑って転落した。","8","商業","802","小売業","80201","各種商品小売業","1~9","2","物上げ装置、運搬機械","22","動力運搬機","221","トラック","1","墜落、転落"
"837","2005","平成","17","10","13~14","マンホール設置工事現場で、ヒューム管をつり上げ、運搬しようとしていたドラグ・ショベルが敷き鉄板の段差でバランスを失ってヒューム管が深さ2.3mの縦坑内に落ち、縦坑底部で作業中の被災者に激突した。","3","建設業","301","土木工事業","30110","上下水道工事業","1~9","1","動力機械","14","建設機械等","142","掘削用機械","6","激突され"
"838","2005","平成","17","11","10~11","照明設備取付けのため、天井板裏の梁に足場板を掛け渡す作業中、梁から足を踏み外し、天井板を突き破り、6m下のコンクリート床に墜落した。","3","建設業","302","建築工事業","30201","鉄骨・鉄筋コンクリート造家屋建築工事業","30~49","4","仮設物、建築物、構築物等","41","仮設物、建築物、構築物等","411","足場","1","墜落、転落"
"839","2005","平成","17","9","8~9","銭湯の清掃中に浴槽内に転落し、溺れた。","13","保健・衛生業","1303","その他の保健衛生業","130301","浴場業","1~9","4","仮設物、建築物、構築物等","41","仮設物、建築物、構築物等","419","その他の仮設物、建築物、構築物等","10","おぼれ"
"840","2005","平成","17","11","10~11","病院の洗濯物をリヤカーに積み、市道を通行していたところ、乗用車にはねられた。","13","保健・衛生業","1301","医療保健業","130101","病院","300~499","2","物上げ装置、運搬機械","23","乗物","231","乗用車、バス、バイク","17","交通事故（道路）"
"841","2005","平成","17","2","17~18","鋳型の製造において発生した不良鋳型を処理する工程において、鋳型をエンドレスワイヤでつり、天井クレーンによりつり上げた状態で、作業者が鋳型の下側に入り専用工具により砂型内の木型の部品を取り外す作業を行っていたところ、鋳型内の砂型部分が落下し、荷の下側にいた作業者が砂塊の下敷きとなった。","1","製造業","113","一般機械器具製造業","11301","機械（精密機械を除く）器具製造業","500~999","5","物質、材料","52","材料","523","石、砂、砂利","4","飛来、落下"
"842","2005","平成","17","6","15~16","食品材料をを食料品加工用機械に入れて混練し容器に移し替えた後、機械の内部に付着した材料をヘラでかき落していた時に、機械が作動し、回転した軸や羽根に巻き込まれた。","1","製造業","101","食料品製造業","10104","パン、菓子製造業","10~29","1","動力機械","16","一般動力機械","165","食品加工用機械","7","はさまれ、巻き込まれ"
"843","2005","平成","17","8","16~17","工場建屋内において、油圧昇降リフターを使用して自動車シート運搬用のパレットを運ぶ作業中、被災者が熱中症になり、パレットにもたれかかるように倒れた。","4","運輸交通業","403","道路貨物運送業","40301","一般貨物自動車運送業","10~29","7","環境等","71","環境等","715","高温・低温環境","11","高温・低温の物との接触"
"844","2005","平成","17","12","4~5","トラックで追越車線を走行中、渋滞中の車列の最後尾に停車していた保冷車に追突した。","4","運輸交通業","403","道路貨物運送業","40301","一般貨物自動車運送業","100~299","2","物上げ装置、運搬機械","22","動力運搬機","221","トラック","17","交通事故（道路）"
"845","2005","平成","17","12","4~5","トラックで走行中、渋滞最後尾の大型トラックに追突した。","4","運輸交通業","403","道路貨物運送業","40301","一般貨物自動車運送業","100~299","2","物上げ装置、運搬機械","22","動力運搬機","221","トラック","17","交通事故（道路）"
"846","2005","平成","17","12","6~7","自転車で新聞配達中、県道を横切ろうとした際、走行してきた乗用車にはねられた。","8","商業","802","小売業","80205","新聞販売業","30~49","2","物上げ装置、運搬機械","23","乗物","231","乗用車、バス、バイク","17","交通事故（道路）"
"847","2005","平成","17","8","17~18","帰宅する途中、工場内を歩いていて倒れた。","8","商業","804","その他の商業","80401","倉庫業","30~49","7","環境等","71","環境等","715","高温・低温環境","11","高温・低温の物との接触"
"848","2005","平成","17","6","14~15","原動機付き自転車(バイク)にて走行中、交差点にて乗用車と衝突した。","8","商業","802","小売業","80205","新聞販売業","50~99","2","物上げ装置、運搬機械","23","乗物","231","乗用車、バス、バイク","17","交通事故（道路）"
"849","2005","平成","17","12","3~4","トラックで走行中、他のトラックに追突した後に、中央分離帯のガードレールに衝突した。","4","運輸交通業","403","道路貨物運送業","40301","一般貨物自動車運送業","10~29","2","物上げ装置、運搬機械","22","動力運搬機","221","トラック","17","交通事故（道路）"
"850","2005","平成","17","12","19~20","トラックの荷台に機材等を積み込む作業中、後方より走行して来た乗用車が前方不注意のため最後尾のトラックに追突し、はずみで押し出された最後尾のトラックと中央のトラックとの間に挟まれた。","3","建設業","302","建築工事業","30201","鉄骨・鉄筋コンクリート造家屋建築工事業","1~9","2","物上げ装置、運搬機械","23","乗物","231","乗用車、バス、バイク","17","交通事故（道路）"
"851","2005","平成","17","1","13~14","ブドウ糖液を貯蔵するタンク間をつなぐ配管敷設工事中、高さ10mのタンク上部から地上まで墜落した。","3","建設業","303","その他の建設業","30302","機械器具設置工事業","10~29","4","仮設物、建築物、構築物等","41","仮設物、建築物、構築物等","418","建築物、構築物","1","墜落、転落"
"852","2005","平成","17","1","15~16","シールドマシン部品をクレーンでつり、台上に置いたもう一つの部品と位置合わせし、当該結合部をボルトで結合する作業を行っていたところ、突然クレーンが作動し、つっていた部品ごと50センチメートル程移動して、中で作業していた被災者が部品と台との間に挟まれた。","1","製造業","112","金属製品製造業","11209","その他の金属製品製造業","500~999","2","物上げ装置、運搬機械","21","動力クレーン等","211","クレーン","7","はさまれ、巻き込まれ"
"853","2005","平成","17","4","10~11","多機能ダストホッパーの組付け作業中、円筒(直径3m、長さ2m、重さ1.8トン)の接合面に接着剤を塗る作業において、横倒しになっている円筒の内側に入り込んだところ、円筒が起き上がり、その円筒の下敷きとなった。","3","建設業","303","その他の建設業","30302","機械器具設置工事業","1~9","5","物質、材料","52","材料","521","金属材料","5","崩壊、倒壊"
"854","2005","平成","17","4","12~13","工場構内において、フォークリフトでコイル形状の線材を運搬中、通路上の30センチメートルの段差を進行したところフォークリフトが横転し、運転席から投げ出された作業者がフォークリフトのヘッドガード部の下敷きとなった。","1","製造業","110","鉄鋼業","11001","製鉄・製鋼・圧延業","100~299","4","仮設物、建築物、構築物等","41","仮設物、建築物、構築物等","419","その他の仮設物、建築物、構築物等","2","転倒"
"855","2005","平成","17","6","13~14","片側2車線の道路の右側車線を、単管バリケードを並べて設置し通行止めにし、単管バリケードの内側でアスファルト舗装作業を行っていたところ、左側車線を走行してきた一般車両が単管バリケードに接触し、そのバリケードに激突された。","3","建設業","301","土木工事業","30106","道路建設工事業","1~9","2","物上げ装置、運搬機械","23","乗物","231","乗用車、バス、バイク","6","激突され"
"856","2005","平成","17","7","0~1","原動機を運転し移動している最中に、工場内に置かれていた台車と原動機の運転操作盤との間に挟まれた。","1","製造業","109","窯業土石製品製造業","10903","陶磁器・同関連製品製造業","50~99","2","物上げ装置、運搬機械","22","動力運搬機","223","軌道装置","7","はさまれ、巻き込まれ"
"857","2005","平成","17","10","18~19","オートバイで走行中、右折しようとしたところ、対向車線を直進してきた普通自動車に衝突された。","11","通信業","1101","通信業","110101","通信業","100~299","2","物上げ装置、運搬機械","23","乗物","231","乗用車、バス、バイク","17","交通事故（道路）"
"858","2005","平成","17","11","9~10","建設中の食品倉庫にて、出入口の庇部分で排水管の取付け工事に従事していた作業者が、庇から地上へ下りようとした際に、はしごが倒れて3.3m下のコンクリート面に墜落した。","3","建設業","302","建築工事業","30203","建築設備工事業","1~9","3","その他の装置等","37","用具","371","はしご等","1","墜落、転落"
"859","2005","平成","17","12","9~10","一酸化炭素ガスを含有する高炉ガスのガス圧を昇圧するガスブロアー室において、作業中、倒れた。","1","製造業","110","鉄鋼業","11001","製鉄・製鋼・圧延業","1000~9999","5","物質、材料","51","危険物、有害物等","514","有害物","12","有害物等との接触"
"860","2005","平成","17","12","3~4","自動車で走行中、信号機のある交差点で他の乗用車とが出会い頭に衝突した。","8","商業","802","小売業","80205","新聞販売業","30~49","2","物上げ装置、運搬機械","23","乗物","231","乗用車、バス、バイク","17","交通事故（道路）"
"861","2005","平成","17","5","3~4","自宅にて就寝中に死亡した。長時間労働等による肉体的・精神的な負荷(過重労働)が原因だった。","8","商業","804","その他の商業","80401","倉庫業","100~299","9","その他","92","起因物なし","921","起因物なし","90","その他"
"862","2005","平成","17","4","2~3","国道バイパスのインターの導入路付近トラックで走行中、対向車線にはみ出し、他のトラックと正面衝突した。","4","運輸交通業","403","道路貨物運送業","40301","一般貨物自動車運送業","50~99","2","物上げ装置、運搬機械","22","動力運搬機","221","トラック","17","交通事故（道路）"
"863","2005","平成","17","6","5~6","自動車で走行中、交差点を出たところで対向車と衝突した。","8","商業","802","小売業","80205","新聞販売業","50~99","2","物上げ装置、運搬機械","23","乗物","231","乗用車、バス、バイク","17","交通事故（道路）"
"864","2005","平成","17","8","14~15","フォークリフトの運転を行っていたところ、運転操作を誤りバック走行で商品棚の枠内に入り、その際、商品棚の枠とリーチフォークリフトとの間に挟まれた。","8","商業","804","その他の商業","80409","その他の商業－その他","30~49","2","物上げ装置、運搬機械","22","動力運搬機","222","フォークリフト","7","はさまれ、巻き込まれ"
"865","2005","平成","17","8","9~10","槽の洗浄をするため、槽間の作業床上で高圧洗浄器のバルブを開いたときに、ホース内を流れる高圧水の反動で80°Cの湯が入った槽に転落した。","15","清掃・と畜業","1501","清掃・と畜業","150109","その他の清掃・と畜業","1~9","4","仮設物、建築物、構築物等","41","仮設物、建築物、構築物等","416","作業床、歩み板","1","墜落、転落"
"866","2005","平成","17","12","18~19","トラック荷台にH鋼を2段積みにし、さらに3段目にH鋼を積もうとし、天井クレーンで持ち上げ荷台上に仮置きし、改めて平積みに変えようとしたところ、H鋼が崩れて被災者とともに荷台下に落下した。","4","運輸交通業","403","道路貨物運送業","40301","一般貨物自動車運送業","1~9","2","物上げ装置、運搬機械","22","動力運搬機","221","トラック","1","墜落、転落"
"867","2005","平成","17","12","11~12","梁鉄骨搬入のため、トレーラートラックの荷台からクローラクレーンで梁鉄骨を荷降ろししている際、梁鉄骨が荷崩れ・落下し、被災者が下敷きとなった。","3","建設業","302","建築工事業","30201","鉄骨・鉄筋コンクリート造家屋建築工事業","10~29","6","荷","61","荷","611","荷姿の物","4","飛来、落下"
"868","2005","平成","17","3","3~4","道路を走行中、前方を走っていた車が緩い右カーブで道路左側のガードレールにぶつかり、そのあと中央分離帯にぶつかり、後を走っていた被災者の車がこの事故に巻き込まれた。","1","製造業","109","窯業土石製品製造業","10905","その他の窯業","30~49","2","物上げ装置、運搬機械","23","乗物","231","乗用車、バス、バイク","17","交通事故（道路）"
"869","2005","平成","17","3","8~9","道路の路肩にトラックを停車させて、荷物の積込み準備をしていたところに、後方から大型バスが追突した。","4","運輸交通業","403","道路貨物運送業","40301","一般貨物自動車運送業","10~29","2","物上げ装置、運搬機械","23","乗物","231","乗用車、バス、バイク","17","交通事故（道路）"
"870","2005","平成","17","8","14~15","自動焼入れ機において、焼入れが終わり、パレットに自動で搬送された製品を整理するため、被災者が上半身をパレット内に入れた状態で製品を平らにしていたところ、次の製品を運んで来たマグネット搬送機とパレット内の製品との間に挟まれた。","1","製造業","112","金属製品製造業","11209","その他の金属製品製造業","50~99","1","動力機械","16","一般動力機械","167","産業用ロボット","7","はさまれ、巻き込まれ"
"871","2005","平成","17","12","16~17","排水管設置の準備作業において掘削幅(約2ミリメートル、深さ2.5m)内に入り、丁張り作業を行っていたところ、掘削した面が崩落し、被災者らが埋まった。","3","建設業","301","土木工事業","30109","土地整理土木工事業","100~299","7","環境等","71","環境等","711","地山、岩石","5","崩壊、倒壊"
"872","2005","平成","17","4","10~11","鋳砂回収タンク下にあるベルトコンベヤーのテール側にて、何らかの作業を行っていたところ、プーリーとリターン側ベルト上面との間に巻き込まれた。","1","製造業","110","鉄鋼業","11002","鋳物業","10~29","2","物上げ装置、運搬機械","22","動力運搬機","224","コンベア","7","はさまれ、巻き込まれ"
"873","2005","平成","17","11","8~9","プレス金型の組付け作業中、修理を終えた金型が落下し、被災者に激突した。","1","製造業","115","輸送用機械等製造業","11502","自動車・同付属品製造業","50~99","6","荷","61","荷","612","機械装置","6","激突され"
"874","2005","平成","17","1","15~16","工場内で射出成形機から金型を取り外すため、天井クレーンにて金型をつり上げようとしていたところ、クレーンの走行車輪が走行レールから外れ、落下したクレーン本体のサドルが、直下でクレーンを操作していた被災者に激突した。","1","製造業","108","化学工業","10805","プラスチック製品製造業","10~29","2","物上げ装置、運搬機械","21","動力クレーン等","211","クレーン","4","飛来、落下"
"875","2005","平成","17","8","14~15","工場の構内において、フォークリフトを運転中、当該フォークリフトが横転、ヘッドガードと地面との間に挟まれた。","1","製造業","109","窯業土石製品製造業","10902","ガラス・同製品製造業","500~999","2","物上げ装置、運搬機械","22","動力運搬機","222","フォークリフト","2","転倒"
"876","2005","平成","17","7","9~10","パソコンを使用して作業中、椅子より転げ落ちた。","1","製造業","112","金属製品製造業","11209","その他の金属製品製造業","30~49","9","その他","92","起因物なし","921","起因物なし","90","その他"
"877","2005","平成","17","10","1~2","大型トラックを運転中、道路左側のコンクリート製擁壁に衝突した。","4","運輸交通業","403","道路貨物運送業","40301","一般貨物自動車運送業","30~49","2","物上げ装置、運搬機械","22","動力運搬機","221","トラック","17","交通事故（道路）"
"878","2005","平成","17","8","11~12","国道を走行中、渋滞中の車両に追突した。","4","運輸交通業","403","道路貨物運送業","40309","その他の道路貨物運送業","1~9","2","物上げ装置、運搬機械","22","動力運搬機","221","トラック","17","交通事故（道路）"
"879","2005","平成","17","12","16~17","国道の歩道整備工事中、コンクリート舗装箇所の周囲をバリケード柵で囲み、コンクリート舗装の金網を敷設していたところ、走行してきた車が居眠り運転により中央分離帯に激突し、その反動で工事箇所へ突っ込み、被災者が同車両に激突された。","3","建設業","301","土木工事業","30106","道路建設工事業","1~9","2","物上げ装置、運搬機械","23","乗物","231","乗用車、バス、バイク","6","激突され"
"880","2005","平成","17","12","13~14","国道交差点付近を乗用車で直進走行中、交差点において右折しようとする対向車に衝突した。","8","商業","801","卸売業","80109","その他の卸売業","100~299","2","物上げ装置、運搬機械","23","乗物","231","乗用車、バス、バイク","17","交通事故（道路）"
"881","2005","平成","17","3","16~17","携帯電話用無線鉄塔にケーブルを配線する作業において、鉄柱の梁上(高さ22m)で、ケーブルを固定していたところ、墜落した。","3","建設業","302","建築工事業","30209","その他の建築工事業","1~9","4","仮設物、建築物、構築物等","41","仮設物、建築物、構築物等","418","建築物、構築物","1","墜落、転落"
"882","2005","平成","17","8","9~10","自転車で交差点の横断歩道を渡っている時に右折してきた大型トラックにはねられた。","12","教育・研究業","1201","教育・研究業","120109","その他の教育研究業","10~29","2","物上げ装置、運搬機械","22","動力運搬機","221","トラック","17","交通事故（道路）"
"883","2005","平成","17","9","17~18","木造建物の増築工事で屋根の施工をしていたところ、うまの踏面から足を滑らせ墜落した。","3","建設業","302","建築工事業","30202","木造家屋建築工事業","1~9","3","その他の装置等","37","用具","371","はしご等","1","墜落、転落"
"884","2005","平成","17","11","19~20","高速自動車道を走行中、トラックの荷台に空いていた穴から道具箱が後輪に触れ、これがブレーキとなってトラックが制御不能となり横転、被災者が横転したトラックの下敷きとなった。","3","建設業","303","その他の建設業","30302","機械器具設置工事業","1~9","2","物上げ装置、運搬機械","22","動力運搬機","221","トラック","17","交通事故（道路）"
"885","2005","平成","17","1","3~4","社内ネットワークの認証システム再構築プロジェクトに支障が発生したことから、うつ病を発症し自殺した。","1","製造業","115","輸送用機械等製造業","11502","自動車・同付属品製造業","1000~9999","9","その他","92","起因物なし","921","起因物なし","90","その他"
"886","2005","平成","17","1","13~14","車載してきたドラム缶を降ろし、横に寝かせて転がし移動させ、所定位置の壁際に立てかけたところ、勢い余って壁際にあった圧縮空気配管のプラグ先端がドラム缶の側面に突き刺さり、圧縮空気が流入してドラム缶の内部圧力が高まり、ドラム缶の底が破裂し飛び上がり、ドラム缶からプラグを抜こうとしていた被災者に当たった。","8","商業","802","小売業","80202","自動車小売業","10~29","6","荷","61","荷","611","荷姿の物","15","破裂"
"887","2005","平成","17","1","14~15","被災者は、灰出しコンベヤー上に落下したケレン棒を拾うため、上半身をコンベヤーの中に入れたところ、動いてきたスクレーパーに押し上げられ、渡り歩廊とスクレーパーとの間に挟まれた。","3","建設業","303","その他の建設業","30309","その他の建設業－その他","10~29","2","物上げ装置、運搬機械","22","動力運搬機","224","コンベア","7","はさまれ、巻き込まれ"
"888","2005","平成","17","3","11~12","不要となった長机を倉庫2階の物置場に収納させるに当たり、当該机をフォークリフトを用いて2階フロアまで持上げようとしたが、フォークリフトの最大揚高が不足していたため、机の脚が2階の床面、フォーク等に引っかかった。被災者は自力で机を持上げようとしたが支えきれず、机とともに2.9m下の1階コンクリート土間まで墜落した。","1","製造業","108","化学工業","10804","石油製品・石炭製品製造業","50~99","4","仮設物、建築物、構築物等","41","仮設物、建築物、構築物等","416","作業床、歩み板","1","墜落、転落"
"889","2005","平成","17","3","5~6","大型トレ-ラーにて国道を走行中、急な左カーブの下り坂で曲がり切れず横転し、山斜面に衝突した。","4","運輸交通業","403","道路貨物運送業","40301","一般貨物自動車運送業","30~49","2","物上げ装置、運搬機械","22","動力運搬機","221","トラック","17","交通事故（道路）"
"890","2005","平成","17","3","9~10","宅地造成地フェンス取付け工事において、高さ4mの擁壁の上で電動ドリルを用いて穴を開ける作業中、バランスを崩して擁壁下へ墜落した。","3","建設業","302","建築工事業","30209","その他の建築工事業","1~9","4","仮設物、建築物、構築物等","41","仮設物、建築物、構築物等","418","建築物、構築物","1","墜落、転落"
"891","2005","平成","17","6","17~18","プラントの骨材の計量用ホッパーの内部の清掃作業でホッパーの内部に入り、スコップを用いて砂を掻き落とす作業を行っていたところ、上部に溜まっていた砂が流れ落ちてきたため、砂に埋没した。","1","製造業","109","窯業土石製品製造業","10901","セメント・同製品製造業","10~29","5","物質、材料","52","材料","523","石、砂、砂利","5","崩壊、倒壊"
"892","2005","平成","17","7","13~14","2階建鉄骨造個人住宅の新築工事現場において、スコップを使用して、外構、アプローチ部分の路盤の整地作業に従事していたところ、突然、その場に座り込み、その後、死亡した。","3","建設業","302","建築工事業","30201","鉄骨・鉄筋コンクリート造家屋建築工事業","30~49","7","環境等","71","環境等","715","高温・低温環境","11","高温・低温の物との接触"
"893","2005","平成","17","12","11~12","ダクト内のバイパスダンパー内で、パッキンの漏れ等の確認をしていた時、ダンパーが閉まり、ダンパーとダクトとの間に挟まれた。","3","建設業","303","その他の建設業","30302","機械器具設置工事業","30~49","3","その他の装置等","39","その他の装置、設備","391","その他の装置、設備","7","はさまれ、巻き込まれ"
"894","2005","平成","17","2","9~10","土取り場構内においてトラクター・ショベルを運転し、土取り場道路補修等の作業中、道路路肩からトラクター・ショベルとともに5.6m下に転落し、トラクター・ショベルの下敷きとなった。","1","製造業","109","窯業土石製品製造業","10909","その他の土石製品製造業","10~29","1","動力機械","14","建設機械等","141","整地・運搬・積込み用機械","1","墜落、転落"
"895","2005","平成","17","2","0~1","道路舗装工事現場においてアスファルト舗装作業中、後進してきたタイヤローラーにひかれた。","3","建設業","301","土木工事業","30106","道路建設工事業","1~9","1","動力機械","14","建設機械等","144","締固め用機械","7","はさまれ、巻き込まれ"
"896","2005","平成","17","3","10~11","コンクリート製U字側溝の製造ラインにおいて、型枠内部で鉄筋の組立作業中、頭上にあった型枠側板塗油装置をつっていたチェーンが切れて落下し、その下敷きとなった。","1","製造業","109","窯業土石製品製造業","10901","セメント・同製品製造業","10~29","1","動力機械","16","一般動力機械","169","その他の一般動力機械","4","飛来、落下"
"897","2005","平成","17","4","10~11","駐車場に軽トラックを駐車した後、駐車場と反対車線側にある建設工事現場に移動しようと、渋滞中の道路を横断していたところ、建設工事現場側の車線を走行してきた乗用車にはねられた。","3","建設業","302","建築工事業","30209","その他の建築工事業","1~9","2","物上げ装置、運搬機械","23","乗物","231","乗用車、バス、バイク","17","交通事故（道路）"
"898","2005","平成","17","6","10~11","トラックを運転中、国道の片側1車線の直線道路で走行していたところ、対向車線にはみだし、他のトラックと衝突した。","4","運輸交通業","403","道路貨物運送業","40309","その他の道路貨物運送業","30~49","2","物上げ装置、運搬機械","22","動力運搬機","221","トラック","17","交通事故（道路）"
"899","2005","平成","17","3","22~23","マイクロバスで走行中、点滅信号のある交差点で大型トラックと出会い頭に衝突した。","1","製造業","114","電気機械器具製造業","11403","電子機器用・通信機器用部品製造業","50~99","2","物上げ装置、運搬機械","23","乗物","231","乗用車、バス、バイク","17","交通事故（道路）"
"900","2005","平成","17","3","22~23","マイクロバスで走行中、点滅信号のある交差点で大型トラックと出会い頭に衝突した。","1","製造業","114","電気機械器具製造業","11403","電子機器用・通信機器用部品製造業","50~99","2","物上げ装置、運搬機械","23","乗物","231","乗用車、バス、バイク","17","交通事故（道路）"
"901","2005","平成","17","6","11~12","平屋建て住宅新築工事において、屋根じまいの作業をしていたところ、高さ3.5mの桁上からコンクリート基礎部に墜落した。","3","建設業","302","建築工事業","30202","木造家屋建築工事業","1~9","4","仮設物、建築物、構築物等","41","仮設物、建築物、構築物等","415","屋根、はり、もや、けた、合掌","1","墜落、転落"
"902","2005","平成","17","7","9~10","2階建て住宅の解体工事現場において、解体用重機を用いて解体作業中、廃材投入用コンテナ内の廃材を重機アタッチメント部分を用いて均そうとしたところ、コンテナ内で作業していた被災者にアタッチメント部が激突した。","3","建設業","302","建築工事業","30201","鉄骨・鉄筋コンクリート造家屋建築工事業","1~9","1","動力機械","14","建設機械等","149","その他の建設機械等","6","激突され"
"903","2005","平成","17","7","4~5","原動機付き自転車(バイク)を運転して、中央分離帯の切れ目から対向車線に進入したところ、直進してきた乗用車に追突された。","8","商業","802","小売業","80205","新聞販売業","30~49","2","物上げ装置、運搬機械","23","乗物","231","乗用車、バス、バイク","17","交通事故（道路）"
"904","2005","平成","17","8","16~17","棚足場組立作業中、結束されていない鋼製足場板の先端に乗ったため当該足場板が天秤状態となり、22m下のスタンド部に墜落した。","3","建設業","302","建築工事業","30201","鉄骨・鉄筋コンクリート造家屋建築工事業","10~29","4","仮設物、建築物、構築物等","41","仮設物、建築物、構築物等","411","足場","1","墜落、転落"
"905","2005","平成","17","9","14~15","車両置場において、廃車にした軽自動車からドライブシャフトを取り外す作業において、ジャッキが外れ当該車両の下敷きとなった。","1","製造業","117","その他の製造業","11701","自動車整備業","1~9","2","物上げ装置、運搬機械","23","乗物","231","乗用車、バス、バイク","6","激突され"
"906","2005","平成","17","9","8~9","チャンバーという水門の部材を仮組立て後、解体して搬送する際に、仮止めしていたボルトを抜いたため、一部の部材が倒れてその下敷きとなった。","1","製造業","112","金属製品製造業","11209","その他の金属製品製造業","500~999","6","荷","61","荷","612","機械装置","6","激突され"
"907","2005","平成","17","11","16~17","機械棟建設工事現場において、壁面に有圧扇を取付中、有圧扇に乗り、アングルに安全帯をかけ作業を行っていたところ、アンカーボルトが抜け落ち、荷とともに7m下の床面に墜落した。","3","建設業","302","建築工事業","30203","建築設備工事業","1~9","2","物上げ装置、運搬機械","21","動力クレーン等","219","その他の動力クレーン等","1","墜落、転落"
"908","2005","平成","17","12","10~11","ボーリング調査をしていた被災者が、ボーリング用の機械の掘削用円柱に上着のフード部分を巻き込まれた。","17","その他の事業","1702","その他の事業","170209","その他の事業－その他","1~9","1","動力機械","14","建設機械等","149","その他の建設機械等","7","はさまれ、巻き込まれ"
"909","2005","平成","17","7","17~18","船体下のレール上から海中に落とした船舶の補修に使用していたコードリール引き上げるため、コードリールを海中から両手で持ち上げたところ、感電し、海中に転落した。","1","製造業","115","輸送用機械等製造業","11501","造船業","10~29","3","その他の装置等","35","電気設備","351","送配電線等","13","感電"
"910","2005","平成","17","8","20~21","車両の誘導業務において、国道へ車両を出すため、国道を走行してきた乗用車を停車させようとしたところ、はねられた。","17","その他の事業","1702","その他の事業","170201","警備業","30~49","2","物上げ装置、運搬機械","23","乗物","231","乗用車、バス、バイク","17","交通事故（道路）"
"911","2005","平成","17","10","9~10","ライトバンを運転中、片側1車線の緩やかなカーブで対向車のトレーラートラックに積載されたドラグ・ショベルが荷台上から落下し、ライトバンに激突した。","17","その他の事業","1702","その他の事業","170209","その他の事業－その他","1~9","2","物上げ装置、運搬機械","22","動力運搬機","221","トラック","17","交通事故（道路）"
"912","2005","平成","17","7","4~5","トラックで高速自動車道を走行中、サービスエリアに入ったところ、駐車していたトレーラートラックに衝突した。","4","運輸交通業","403","道路貨物運送業","40301","一般貨物自動車運送業","1~9","2","物上げ装置、運搬機械","22","動力運搬機","221","トラック","17","交通事故（道路）"
"913","2005","平成","17","12","10~11","もみ殻庫内のもみ殻残量等を点検していたところ、もみ殻排出口下部付近でもみ殻に埋もれた。","17","その他の事業","1702","その他の事業","170209","その他の事業－その他","10~29","4","仮設物、建築物、構築物等","41","仮設物、建築物、構築物等","418","建築物、構築物","1","墜落、転落"
"914","2005","平成","17","4","9~10","トラックを運転して事業場の駐車場へ向う途中、交通事故を起こした。","4","運輸交通業","403","道路貨物運送業","40301","一般貨物自動車運送業","30~49","9","その他","92","起因物なし","921","起因物なし","90","その他"
"915","2005","平成","17","1","8~9","定置網設置用のワイヤロープを海面上ではしご形に設置する作業中、繊維ロープを同船に設置された揚網機に通す作業を行っていたところ、揚網機に巻き込まれた。","7","畜産・水産業","702","水産業","70201","漁業","10~29","2","物上げ装置、運搬機械","21","動力クレーン等","219","その他の動力クレーン等","7","はさまれ、巻き込まれ"
"916","2005","平成","17","10","0~1","機械集材装置を用いた伐倒木の運搬作業において、斜面上を移動していたところ、3m高さから石(重さ300キログラム)が落下して被災者に激突した。","6","農林業","602","林業","60201","木材伐出業","1~9","7","環境等","71","環境等","711","地山、岩石","4","飛来、落下"
"917","2005","平成","17","11","13~14","オートバイで県道を走行中、交差点において、側方から進行してきたトラックに衝突された。","9","金融・広告業","901","金融業","90101","銀行・信託業","10~29","2","物上げ装置、運搬機械","22","動力運搬機","221","トラック","17","交通事故（道路）"
"918","2005","平成","17","3","5~6","トラックで荷の輸送中、積載していた荷物が崩れて道路上に落下したため、トラックを停車し、落下した荷物を回収中に後続の乗用車にはねられた。","4","運輸交通業","403","道路貨物運送業","40301","一般貨物自動車運送業","10~29","2","物上げ装置、運搬機械","23","乗物","231","乗用車、バス、バイク","17","交通事故（道路）"
"919","2005","平成","17","5","3~4","自動車で走行中、赤色点滅信号の交差点に入ろうとしたとき、黄色点滅信号の方から直進してきた自動車と衝突し、その反動で車外に投げ出された。","1","製造業","101","食料品製造業","10109","その他の食料品製造業","100~299","2","物上げ装置、運搬機械","23","乗物","231","乗用車、バス、バイク","17","交通事故（道路）"
"920","2005","平成","17","6","4~5","馬運動場において馬の引き運動中、馬が突然後ろにさがり、被災者が蹴られた。","7","畜産・水産業","701","畜産業","70101","畜産業","10~29","9","その他","91","その他の起因物","911","その他の起因物","6","激突され"
"921","2005","平成","17","8","6~7","インスタントラーメン用プラスチックカップの箱詰め機械の復旧作業中、上がって静止していた機械のカップを吸着する装置が下降し、挟まれた。","1","製造業","108","化学工業","10805","プラスチック製品製造業","100~299","1","動力機械","16","一般動力機械","169","その他の一般動力機械","7","はさまれ、巻き込まれ"
"922","2005","平成","17","7","11~12","トラックで高速自動車道を走行中、前方を走行中のトラックと接触し、その後中央分離帯に衝突した。","4","運輸交通業","403","道路貨物運送業","40301","一般貨物自動車運送業","50~99","2","物上げ装置、運搬機械","22","動力運搬機","221","トラック","17","交通事故（道路）"
"923","2005","平成","17","9","16~17","引込線をボール盤から配電盤に敷設する作業において、配電盤の下から引込線を引き上げる作業をしていたところ、配電盤の充電部(220V)に接触した。","3","建設業","303","その他の建設業","30301","電気通信工事業","1~9","3","その他の装置等","35","電気設備","352","電力設備","13","感電"
"924","2005","平成","17","9","22~23","大型トラックで高速自動車道を走行中、トンネル内で前方を走行していた大型トレーラートラックに追突した。","4","運輸交通業","403","道路貨物運送業","40301","一般貨物自動車運送業","10~29","2","物上げ装置、運搬機械","22","動力運搬機","221","トラック","17","交通事故（道路）"
"925","2005","平成","17","10","0~1","倉庫の屋根上(高さ6m)にて、屋根のペンキ塗りを行っていたところ墜落した。","8","商業","802","小売業","80204","燃料小売業","1~9","4","仮設物、建築物、構築物等","41","仮設物、建築物、構築物等","415","屋根、はり、もや、けた、合掌","1","墜落、転落"
"926","2005","平成","17","11","16~17","道路での看板を設置していたところ、後方から走ってきたトラックにはねられた。","3","建設業","301","土木工事業","30199","その他の土木工事業","10~29","2","物上げ装置、運搬機械","23","乗物","231","乗用車、バス、バイク","17","交通事故（道路）"
"927","2005","平成","17","12","16~17","4.8mの高さにある枝の除去作業を終え、移動はしごから下りようとした時に、バランスを崩し墜落した。","6","農林業","601","農業","60101","農業","1~9","3","その他の装置等","37","用具","371","はしご等","1","墜落、転落"
"928","2005","平成","17","12","6~7","補習授業の合宿中に、宿泊部屋のベッド脇に倒れていた。","12","教育・研究業","1201","教育・研究業","120109","その他の教育研究業","50~99","9","その他","99","分類不能","999","分類不能","99","分類不能"
"929","2005","平成","17","1","16~17","国道のセンターライン付近で、鳥の死骸の回収をしていたところ、走行してきたトラックに激突された。","3","建設業","303","その他の建設業","30309","その他の建設業－その他","1~9","2","物上げ装置、運搬機械","22","動力運搬機","221","トラック","17","交通事故（道路）"
"930","2005","平成","17","8","15~16","成型機を操作しタイヤ外周部作成作業に従事していたところ、機械前面部ドラムに激突し倒れた。","1","製造業","108","化学工業","10806","ゴム製品製造業","1000~9999","9","その他","99","分類不能","999","分類不能","99","分類不能"
"931","2005","平成","17","3","0~1","鉄骨2階建住宅工事現場において、梁の上で寸法を図る作業中に高さ3.2mの梁の上から転落した。","3","建設業","302","建築工事業","30201","鉄骨・鉄筋コンクリート造家屋建築工事業","1~9","4","仮設物、建築物、構築物等","41","仮設物、建築物、構築物等","415","屋根、はり、もや、けた、合掌","1","墜落、転落"
"932","2005","平成","17","6","13~14","倉庫建築工事現場において、伐木済みの大木株を削る作業を行っていたところ、手持ち丸のこで被災した。","3","建設業","302","建築工事業","30209","その他の建築工事業","1~9","1","動力機械","13","木材加工用機械","131","丸のこ盤","8","切れ、こすれ"
"933","2005","平成","17","11","15~16","住宅新築工事現場において、屋根瓦の運搬作業を行っていたところ、高さ3.9mの軒から地上に墜落した。","3","建設業","302","建築工事業","30201","鉄骨・鉄筋コンクリート造家屋建築工事業","1~9","4","仮設物、建築物、構築物等","41","仮設物、建築物、構築物等","415","屋根、はり、もや、けた、合掌","1","墜落、転落"
"934","2005","平成","17","3","7~8","ダンプトラックを運転中、交差点で一旦停止を怠り交差点に進入したため、軽自動車と衝突した。","3","建設業","301","土木工事業","30106","道路建設工事業","30~49","2","物上げ装置、運搬機械","22","動力運搬機","221","トラック","17","交通事故（道路）"
"935","2005","平成","17","7","9~10","木造2階建民間家屋の1階屋根に設置されたエアコンの室外機の撤去作業中、屋根(高さ4m)から墜落した。","8","商業","802","小売業","80209","その他の小売業","1~9","4","仮設物、建築物、構築物等","41","仮設物、建築物、構築物等","415","屋根、はり、もや、けた、合掌","1","墜落、転落"
"936","2005","平成","17","7","16~17","熱風排風機のフィルターのつまり具合を確認しようと屋根にはしごをかけ、片足をかけた時にバランスを崩し、はしごとともに墜落した。","1","製造業","101","食料品製造業","10104","パン、菓子製造業","100~299","3","その他の装置等","37","用具","371","はしご等","1","墜落、転落"
"937","2005","平成","17","8","13~14","テーブルリフターの修理作業中、下降したテーブルに挟まれた。","1","製造業","115","輸送用機械等製造業","11502","自動車・同付属品製造業","50~99","1","動力機械","16","一般動力機械","169","その他の一般動力機械","7","はさまれ、巻き込まれ"
"938","2005","平成","17","9","15~16","小型移動式クレーンで、運搬してきたプラント用発電機を地上に降ろそうと当該クレーンを操作し旋回したところ、当該クレーンが被災者側に倒れ、再生コンクリート山との間に挟まれた。","1","製造業","109","窯業土石製品製造業","10901","セメント・同製品製造業","10~29","2","物上げ装置、運搬機械","21","動力クレーン等","212","移動式クレーン","7","はさまれ、巻き込まれ"
"939","2005","平成","17","11","16~17","原料棟設備の撤去工事において、ホッパー(重さ1.2トン)にワイヤをかけ、フォークリフトのフォークにワイヤを掛けてつり上げたところ、当該ホッパーが傾き、近くにいた被災者に、傾いたホッパー上部の天板が激突した。","3","建設業","302","建築工事業","30209","その他の建築工事業","1~9","6","荷","61","荷","612","機械装置","7","はさまれ、巻き込まれ"
"940","2005","平成","17","3","13~14","乗用車で国道交差点を横断中、側方から来た大型貨物自動車と衝突した。","17","その他の事業","1702","その他の事業","170209","その他の事業－その他","10~29","2","物上げ装置、運搬機械","22","動力運搬機","221","トラック","17","交通事故（道路）"
"941","2005","平成","17","5","9~10","市街灯柱建替え工事現場において、架空引込電線及び蛍光灯器具の取外し作業中、突然柱が根元から折れ、被災者とともに地面に倒れた。","3","建設業","303","その他の建設業","30309","その他の建設業－その他","1~9","4","仮設物、建築物、構築物等","41","仮設物、建築物、構築物等","418","建築物、構築物","1","墜落、転落"
"942","2005","平成","17","7","18~19","木造家屋新築工事現場の2階床で内部造作作業中、転倒した。","3","建設業","302","建築工事業","30202","木造家屋建築工事業","10~29","4","仮設物、建築物、構築物等","41","仮設物、建築物、構築物等","418","建築物、構築物","2","転倒"
"943","2005","平成","17","10","9~10","タクシーの運転業務中、タクシーを降りて、公衆トイレに立ち寄るため、道路を横断中、オートバイにはねられた。","4","運輸交通業","402","道路旅客運送業","40201","ハイヤー・タクシー業","300~499","2","物上げ装置、運搬機械","23","乗物","231","乗用車、バス、バイク","17","交通事故（道路）"
"944","2005","平成","17","11","15~16","高さ2.5mの石垣の上で落ち葉の清掃作業を下見中、墜落した。","15","清掃・と畜業","1501","清掃・と畜業","150101","ビルメンテナンス業","10~29","4","仮設物、建築物、構築物等","41","仮設物、建築物、構築物等","418","建築物、構築物","1","墜落、転落"
"945","2005","平成","17","6","15~16","住宅の屋根葺替え工事現場において、作業終了後、被災者がはしごから下りようとした際に、当該はしごが滑動し、はしごとともに1階屋根部分から転落した。","3","建設業","302","建築工事業","30202","木造家屋建築工事業","1~9","4","仮設物、建築物、構築物等","41","仮設物、建築物、構築物等","413","階段、桟橋","1","墜落、転落"
"946","2005","平成","17","10","9~10","ごみ収集作業で事業所からのごみを積込み後、収集車の後部につかまり走行中、転落した。","15","清掃・と畜業","1501","清掃・と畜業","150109","その他の清掃・と畜業","1~9","2","物上げ装置、運搬機械","22","動力運搬機","221","トラック","1","墜落、転落"
"947","2005","平成","17","2","13~14","鉄骨造2階建て建物の屋根板の下地づくりを完了した後、次の作業をするため地上に下りようとしたところ屋根から、墜落した。","3","建設業","302","建築工事業","30203","建築設備工事業","1~9","4","仮設物、建築物、構築物等","41","仮設物、建築物、構築物等","415","屋根、はり、もや、けた、合掌","1","墜落、転落"
"948","2005","平成","17","2","7~8","運転席に乗り込まない状態で、暖機運転を行うためにトラックのエンジンを掛けようとした際に、ギアがリバースに入っていたままエンジンを掛けたためトラックが急発進し、隣に停車していたトラックとの間に挟まれた。","4","運輸交通業","403","道路貨物運送業","40301","一般貨物自動車運送業","10~29","2","物上げ装置、運搬機械","22","動力運搬機","221","トラック","7","はさまれ、巻き込まれ"
"949","2005","平成","17","2","15~16","住宅新築現場にダンプトラックで砂利を搬送し降車したところ、ダンプトラックが動き出したため、後方に回り込んで止めようとした際、駐車していた他車とダンプトラックとの間に挟まれた。","3","建設業","302","建築工事業","30202","木造家屋建築工事業","1~9","2","物上げ装置、運搬機械","22","動力運搬機","221","トラック","7","はさまれ、巻き込まれ"
"950","2005","平成","17","6","22~23","ゴミ収集車でゴミの回収作業中、軽トラックにはねられた。","15","清掃・と畜業","1501","清掃・と畜業","150103","その他の廃棄物処理業","1~9","2","物上げ装置、運搬機械","22","動力運搬機","221","トラック","17","交通事故（道路）"
"951","2005","平成","17","8","8~9","トラックの荷台に向かって歩行中、他のトラックが後進してきて、2台のトラックの荷台との間に挟まれた。","3","建設業","302","建築工事業","30201","鉄骨・鉄筋コンクリート造家屋建築工事業","50~99","2","物上げ装置、運搬機械","22","動力運搬機","221","トラック","7","はさまれ、巻き込まれ"
"952","2005","平成","17","8","11~12","マンションの金網張替え工事において、廊下の壁の上で作業していたところ、足を滑らせ12m下の地上へ墜落した。","3","建設業","302","建築工事業","30209","その他の建築工事業","1~9","4","仮設物、建築物、構築物等","41","仮設物、建築物、構築物等","416","作業床、歩み板","1","墜落、転落"
"953","2005","平成","17","9","13~14","作業用足場(高さ2.4m)で、発酵槽にシートを張るための作業中に墜落した。","2","鉱業","202","土石採取業","20202","砂利採取業","10~29","4","仮設物、建築物、構築物等","41","仮設物、建築物、構築物等","416","作業床、歩み板","1","墜落、転落"
"954","2005","平成","17","10","7~8","荷降ろし準備のため、トラック荷台のあおりを倒した後、地上で、2分割のあおりを固定するための支柱を荷台より抜き取った際に、支柱にもたれていたスチール机の天板(230×140センチメートル、重さ40キログラム)が被災者の方に倒れ、下敷きとなった。","4","運輸交通業","403","道路貨物運送業","40301","一般貨物自動車運送業","50~99","6","荷","61","荷","611","荷姿の物","5","崩壊、倒壊"
"955","2005","平成","17","11","14~15","圧縮機によりアルミ缶の圧縮作業を行っていたところ、圧縮機の油圧シリンダーと圧縮機の冷却装置との間に挟まれた。","15","清掃・と畜業","1501","清掃・と畜業","150103","その他の廃棄物処理業","1~9","1","動力機械","15","金属加工用機械","159","その他の金属加工用機械","7","はさまれ、巻き込まれ"
"956","2005","平成","17","12","5~6","高速自動車道が雪のため通行止めとなり、渋滞で停まっていた貨物自動車に被災者が運転していた貨物自動車が追突した。","4","運輸交通業","403","道路貨物運送業","40301","一般貨物自動車運送業","10~29","2","物上げ装置、運搬機械","22","動力運搬機","221","トラック","17","交通事故（道路）"
"957","2005","平成","17","9","14~15","既存建物内の改装工事において、軽作業を行っていたところ、体調がすぐれなくなって、こん倒した。","3","建設業","302","建築工事業","30209","その他の建築工事業","1~9","7","環境等","71","環境等","715","高温・低温環境","90","その他"
"958","2005","平成","17","4","13~14","河川の側壁にブロックを積み上げる作業を行うため、ドラグ・ショベルの後方に回り作業場所へ移動していたところ、ドラグ・ショベルが方向転換のため後退し、被災者をクローラーでひいた。","3","建設業","301","土木工事業","30107","河川土木工事業","1~9","1","動力機械","14","建設機械等","142","掘削用機械","7","はさまれ、巻き込まれ"
"959","2005","平成","17","2","17~18","原動機付き自転車(バイク)で夕刊配達中、十字路で四輪車と出会い頭に衝突した。","8","商業","802","小売業","80205","新聞販売業","30~49","2","物上げ装置、運搬機械","23","乗物","231","乗用車、バス、バイク","17","交通事故（道路）"
"960","2005","平成","17","3","19~20","横断歩道を渡っていたところ、交差点を右折してきた大型バスにひかれた。","8","商業","801","卸売業","80109","その他の卸売業","100~299","2","物上げ装置、運搬機械","23","乗物","231","乗用車、バス、バイク","17","交通事故（道路）"
"961","2005","平成","17","4","19~20","地上16mの躯体5階端で、外壁取付けのためのアングルをアーク溶接する作業中、地上まで墜落した。","3","建設業","302","建築工事業","30201","鉄骨・鉄筋コンクリート造家屋建築工事業","10~29","4","仮設物、建築物、構築物等","41","仮設物、建築物、構築物等","418","建築物、構築物","1","墜落、転落"
"962","2005","平成","17","4","8~9","練り機の清掃を行っていたところ、中の羽根が動いていたため、挟まれた。","1","製造業","101","食料品製造業","10104","パン、菓子製造業","50~99","1","動力機械","16","一般動力機械","165","食品加工用機械","7","はさまれ、巻き込まれ"
"963","2005","平成","17","4","9~10","出勤のために乗車した電車の事故に巻き込まれた。","12","教育・研究業","1201","教育・研究業","120102","ソフトウェア業","50~99","2","物上げ装置、運搬機械","23","乗物","232","鉄道車両","18","交通事故（その他）"
"964","2005","平成","17","8","17~18","売上金回収業務中に社用車の後部座席にて伝票処理作業を行っている際に倒れ、死亡した。","17","その他の事業","1702","その他の事業","170201","警備業","500~999","9","その他","99","分類不能","999","分類不能","99","分類不能"
"965","2005","平成","17","9","9~10","商店街アーケード屋根上において、屋根の桁上に渡した歩み板の上で、屋根材である板ガラスの取付け金具を塗装中にガラスを踏み抜き、8m下に墜落した。","3","建設業","303","その他の建設業","30309","その他の建設業－その他","10~29","4","仮設物、建築物、構築物等","41","仮設物、建築物、構築物等","415","屋根、はり、もや、けた、合掌","1","墜落、転落"
"966","2005","平成","17","12","14~15","増改築工事現場において、鉄骨組立て作業中にボルトの本締めを行っている際、5mの高さから墜落した。","3","建設業","302","建築工事業","30201","鉄骨・鉄筋コンクリート造家屋建築工事業","1~9","4","仮設物、建築物、構築物等","41","仮設物、建築物、構築物等","415","屋根、はり、もや、けた、合掌","1","墜落、転落"
"967","2005","平成","17","2","18~19","ビルの非常階段の踊り場から転落した。","8","商業","802","小売業","80209","その他の小売業","1~9","4","仮設物、建築物、構築物等","41","仮設物、建築物、構築物等","413","階段、桟橋","1","墜落、転落"
"968","2005","平成","17","2","14~15","足場で組立作業をしていた作業者が火打ち材として使用する単管を枠組足場の枠の上に仮置きしていたところ、強風により単管が落下、下で作業中の被災者に激突した。","3","建設業","302","建築工事業","30201","鉄骨・鉄筋コンクリート造家屋建築工事業","1~9","5","物質、材料","52","材料","521","金属材料","4","飛来、落下"
"969","2005","平成","17","1","5~6","開店準備をするため、シャッターを開けドアを開錠しようとしたところ、暴漢に襲われ刺された。","8","商業","802","小売業","80209","その他の小売業","10~29","3","その他の装置等","37","用具","379","その他の用具","90","その他"
"970","2005","平成","17","2","10~11","展示室の壁に、脚立を広げてはしごの状態にして立てかけ、1.7m高さに足をかけて作業指示をしていたところ、踏み面から足を踏み外し、バランスを崩して墜落した。","3","建設業","302","建築工事業","30209","その他の建築工事業","1~9","3","その他の装置等","37","用具","371","はしご等","1","墜落、転落"
"971","2005","平成","17","8","9~10","キュポラの耐火物の解体撤去工事中、溶断したI型鋼片が炉内に落下し、炉内で作業中の被災者に当たった。","3","建設業","302","建築工事業","30209","その他の建築工事業","10~29","5","物質、材料","52","材料","521","金属材料","4","飛来、落下"
"972","2005","平成","17","8","10~11","トラックからショーウインドー用のガラスを取り出し、現場の作業者が台車に載せて運んでいたところ、トラック荷台の梱包された荷が倒れ、被災者が下敷きとなった。","4","運輸交通業","403","道路貨物運送業","40301","一般貨物自動車運送業","30~49","6","荷","61","荷","611","荷姿の物","4","飛来、落下"
"973","2005","平成","17","9","16~17","自動車を運転中、原動機付き自転車(バイク)と衝突した。","3","建設業","303","その他の建設業","30309","その他の建設業－その他","10~29","2","物上げ装置、運搬機械","23","乗物","231","乗用車、バス、バイク","17","交通事故（道路）"
"974","2005","平成","17","1","16~17","ビル屋上に設置された看板の解体工事において、移動式クレーンにてつり上げられた鉄骨部材が、内側に傾き、建物に当たりそうになったため被災者が荷のタラップ部分をつかんで、傾きを修正しようとしたところ、突然、荷が外側に飛び出し、荷をつかんでいた被災者は荷とともに屋上の外側に振られ、そのままビル屋上から25m下の駐車場に墜落した。","3","建設業","302","建築工事業","30209","その他の建築工事業","1~9","4","仮設物、建築物、構築物等","41","仮設物、建築物、構築物等","418","建築物、構築物","1","墜落、転落"
"975","2005","平成","17","3","14~15","資材置場にロープを取りに行き、作業場所へ戻る途中で足場から墜落した。","3","建設業","302","建築工事業","30209","その他の建築工事業","10~29","4","仮設物、建築物、構築物等","41","仮設物、建築物、構築物等","411","足場","1","墜落、転落"
"976","2005","平成","17","4","9~10","電車に乗務中、車両が脱線した。","4","運輸交通業","401","鉄道・軌道・水運・航空業","40101","鉄道・軌道業","100~299","2","物上げ装置、運搬機械","23","乗物","232","鉄道車両","18","交通事故（その他）"
"977","2005","平成","17","4","9~10","乗車した電車が脱線した。","17","その他の事業","1701","派遣業","170101","派遣業","500~999","2","物上げ装置、運搬機械","23","乗物","232","鉄道車両","18","交通事故（その他）"
"978","2005","平成","17","4","19~20","乗用車を運転中、高速自動車道上で単独事故を起こした軽乗用車の後ろに停車し、110番通報した直後、トレーラートラックに追突された。","8","商業","804","その他の商業","80409","その他の商業－その他","1~9","2","物上げ装置、運搬機械","22","動力運搬機","221","トラック","17","交通事故（道路）"
"979","2005","平成","17","10","11~12","地下鉄の売店に配達のため、出入口へ続く階段を下りようとした際、転倒した。","8","商業","804","その他の商業","80409","その他の商業－その他","50~99","4","仮設物、建築物、構築物等","41","仮設物、建築物、構築物等","413","階段、桟橋","2","転倒"
"980","2005","平成","17","10","20~21","自動車で高速自動車道を走行中、トンネル内で車が故障し、車の外部にいたところ、後部から別のトラックが故障車に突っ込み、被災者に激突した。","17","その他の事業","1702","その他の事業","170209","その他の事業－その他","10~29","2","物上げ装置、運搬機械","22","動力運搬機","221","トラック","17","交通事故（道路）"
"981","2005","平成","17","1","11~12","事務所内で会話中、突然倒れた。","4","運輸交通業","402","道路旅客運送業","40201","ハイヤー・タクシー業","100~299","9","その他","99","分類不能","999","分類不能","99","分類不能"
"982","2005","平成","17","2","3~4","自転車により朝刊配達中、交差点内において対向自動車と正面衝突した。","8","商業","802","小売業","80205","新聞販売業","10~29","2","物上げ装置、運搬機械","23","乗物","231","乗用車、バス、バイク","17","交通事故（道路）"
"983","2005","平成","17","7","14~15","自動車を解体した後に、圧縮し一定の大きさに切断する機械の刃の摩耗部分を交流アーク溶接にて肉盛り溶接を行っていたところ、感電した。","1","製造業","117","その他の製造業","11702","機械修理業","1~9","3","その他の装置等","33","溶接装置","332","アーク溶接装置","13","感電"
"984","2005","平成","17","7","15~16","トラックで高速自動車道の出口を走行中、渋滞で前方停車中のトラックに追突した。","8","商業","802","小売業","80209","その他の小売業","1~9","2","物上げ装置、運搬機械","22","動力運搬機","221","トラック","17","交通事故（道路）"
"985","2005","平成","17","8","8~9","仮設電源用電工ドラムを機械搬入口から階下へ下ろすため、グレーチングをずらし、その下のゴミ除け金網を浮かせその隙間から電工ドラムを下ろそうとしていたとき、強度のないゴミ除け用の金網に足を乗せたため、金網がはずれて5m下に墜落した。","17","その他の事業","1702","その他の事業","170209","その他の事業－その他","100~299","4","仮設物、建築物、構築物等","41","仮設物、建築物、構築物等","414","開口部","1","墜落、転落"
"986","2005","平成","17","7","10~11","トラックで高速自動車道を走行中、追越車線に停車していた乗用車に接触し、スピンしたところに後続車が追突した。","1","製造業","103","衣服その他の繊維製品製造業","10309","その他の繊維製品製造業","10~29","2","物上げ装置、運搬機械","23","乗物","231","乗用車、バス、バイク","17","交通事故（道路）"
"987","2005","平成","17","11","16~17","解体工事現場において、9階で重機を用いてコンクリートガラの小割り作業を行っていたところ、廃材投下用開口部から墜落した。","3","建設業","302","建築工事業","30209","その他の建築工事業","1~9","4","仮設物、建築物、構築物等","41","仮設物、建築物、構築物等","418","建築物、構築物","1","墜落、転落"
"988","2005","平成","17","12","2~3","高速自動車道遮音壁工事のための車線規制交通誘導の警備業務従事中、規制区域内に普通貨物自動車が突入し、被災者をはねた。","17","その他の事業","1702","その他の事業","170201","警備業","100~299","2","物上げ装置、運搬機械","23","乗物","231","乗用車、バス、バイク","17","交通事故（道路）"
"989","2005","平成","17","3","16~17","工場増設に伴う電気設備工事において、鉄骨造3階建ての屋上にてケーブルの配線作業を行っていたところ、高さ15mの屋上端から墜落した。","3","建設業","303","その他の建設業","30301","電気通信工事業","1~9","4","仮設物、建築物、構築物等","41","仮設物、建築物、構築物等","418","建築物、構築物","1","墜落、転落"
"990","2005","平成","17","5","19~20","工場土間上で作業中、架台から製作途中の鉄製の柱(重さ4.5トン)が落下し、下敷きとなった。","1","製造業","112","金属製品製造業","11209","その他の金属製品製造業","1~9","5","物質、材料","52","材料","521","金属材料","4","飛来、落下"
"991","2005","平成","17","6","10~11","洗浄機のピット内でストレーナーのフロートを交換していたところ倒れた。","1","製造業","112","金属製品製造業","11209","その他の金属製品製造業","100~299","9","その他","99","分類不能","999","分類不能","99","分類不能"
"992","2005","平成","17","8","11~12","資材置場において、門型手動チェーンブロック式重量物つり上げ装置の部材台座に置く作業をしていたところ、台座上の支柱(重さ420キログラム)が落下し、被災者に激突した。","3","建設業","303","その他の建設業","30302","機械器具設置工事業","1~9","5","物質、材料","52","材料","521","金属材料","4","飛来、落下"
"993","2005","平成","17","9","15~16","焼却炉ボイラ等の日常点検中に墜落した。","15","清掃・と畜業","1501","清掃・と畜業","150103","その他の廃棄物処理業","100~299","4","仮設物、建築物、構築物等","41","仮設物、建築物、構築物等","414","開口部","1","墜落、転落"
"994","2005","平成","17","11","4~5","側道車線上において、停車中のトラックの荷台後方で積荷のシートを直していたところ、大型トレーラートラックが追突した。","17","その他の事業","1702","その他の事業","170209","その他の事業－その他","1~9","2","物上げ装置、運搬機械","22","動力運搬機","221","トラック","17","交通事故（道路）"
"995","2005","平成","17","2","17~18","自転車にて夕刊を配達中、道路沿いコインパーキングから飛び出してきた普通貨物自動車と衝突し、側壁ブロックと自動車との間に挟まれた。","8","商業","802","小売業","80205","新聞販売業","1~9","2","物上げ装置、運搬機械","23","乗物","231","乗用車、バス、バイク","17","交通事故（道路）"
"996","2005","平成","17","5","13~14","地下鉄の工事現場で、軌道ホームの天井部分に排気ダクトの据付けを行っている作業中、開口部から4.5m下に墜落した。","3","建設業","301","土木工事業","30103","地下鉄建設工事業","10~29","4","仮設物、建築物、構築物等","41","仮設物、建築物、構築物等","414","開口部","1","墜落、転落"
"997","2005","平成","17","7","10~11","コンクリートポンプ車を使用して1キロメートル先のコンクリート打設箇所へ、水・セメントミルク・モルタル・生コンの順に圧送していたところ、圧送管内部で固化していたコンクリート塊が、圧送管の先端に番線で取り付けていた蛇腹ホースごと勢いよく飛び出し、前方にいた被災者らに激突した。","3","建設業","301","土木工事業","30103","地下鉄建設工事業","1~9","1","動力機械","14","建設機械等","149","その他の建設機械等","6","激突され"
"998","2005","平成","17","9","15~16","立体駐車場天井の熱感知器の点検作業中、操作室にいた作業者が誤って操作してしまい、車を載せるパレットに挟まれた。","17","その他の事業","1702","その他の事業","170209","その他の事業－その他","10~29","3","その他の装置等","39","その他の装置、設備","391","その他の装置、設備","7","はさまれ、巻き込まれ"
"999","2005","平成","17","10","18~19","停車中の車の輪止めを外して車両の助手席に乗り込もうとしたところ、傾斜地に止めていた車両が動き出し、動きだした車のドアが電信柱にぶつかり、車体とドアとの間に挟まれた。","3","建設業","303","その他の建設業","30301","電気通信工事業","不明","1","動力機械","14","建設機械等","146","高所作業車","17","交通事故（道路）"
"1000","2005","平成","17","12","13~14","解体したH鋼を返納するため、トラックに積込み作業中、荷崩れしたH鋼が落下し、被災者がその下敷きとなった。","3","建設業","301","土木工事業","30106","道路建設工事業","1~9","3","その他の装置等","37","用具","372","玉掛用具","4","飛来、落下"
"1001","2005","平成","17","3","0~1","店舗解体工事において、ブロック造壁を引き倒す直前に、引倒し場所に入り込み、壁が自重で倒れ、下敷きとなった。","3","建設業","302","建築工事業","30209","その他の建築工事業","1~9","4","仮設物、建築物、構築物等","41","仮設物、建築物、構築物等","418","建築物、構築物","5","崩壊、倒壊"
"1002","2005","平成","17","6","2~3","トラックで追越車線へ進路変更をしたところ、追越車線を走行していた乗用車が後方から接触し、はずみで中央分離帯のガードフェンスを突き破り、対向車線を走行していた移動式クレーンと衝突した。","4","運輸交通業","403","道路貨物運送業","40301","一般貨物自動車運送業","10~29","2","物上げ装置、運搬機械","22","動力運搬機","221","トラック","17","交通事故（道路）"
"1003","2005","平成","17","7","19~20","乗用車を運転中、国道でガードレールに衝突した。","1","製造業","113","一般機械器具製造業","11301","機械（精密機械を除く）器具製造業","10~29","2","物上げ装置、運搬機械","23","乗物","231","乗用車、バス、バイク","17","交通事故（道路）"
"1004","2005","平成","17","7","11~12","国道上で、大型トラックが、大型トレーラートラックと正面衝突した。","4","運輸交通業","403","道路貨物運送業","40301","一般貨物自動車運送業","1~9","2","物上げ装置、運搬機械","22","動力運搬機","221","トラック","17","交通事故（道路）"
"1005","2005","平成","17","9","11~12","はしごを使い、電柱の防犯灯の器具装着作業を行っていたところ、はしごの3.2mの高さから墜落した。","8","商業","802","小売業","80209","その他の小売業","10~29","3","その他の装置等","37","用具","371","はしご等","1","墜落、転落"
"1006","2005","平成","17","9","12~13","普通トラックで国道を走行中、交差点で信号待ちをしていた大型トラックに追突した。","4","運輸交通業","403","道路貨物運送業","40301","一般貨物自動車運送業","10~29","2","物上げ装置、運搬機械","22","動力運搬機","221","トラック","17","交通事故（道路）"
"1007","2005","平成","17","11","17~18","金庫(重さ340キログラム)を下ろす作業を作業者3人で行っていたところ、階段の踊り場まで下ろした金庫が、被災者とともに転落した。","8","商業","802","小売業","80204","燃料小売業","1~9","6","荷","61","荷","611","荷姿の物","4","飛来、落下"
"1008","2005","平成","17","3","17~18","乗用車で高速自動車道を走行中、中央分離帯に衝突した。","8","商業","802","小売業","80209","その他の小売業","1~9","2","物上げ装置、運搬機械","23","乗物","231","乗用車、バス、バイク","17","交通事故（道路）"
"1009","2005","平成","17","1","16~17","パレットのはい積み作業中、フォークリフトのマストとヘッドガードの間に挟まれた。","5","貨物取扱業","501","陸上貨物取扱業","50101","陸上貨物取扱業","30~49","2","物上げ装置、運搬機械","22","動力運搬機","222","フォークリフト","7","はさまれ、巻き込まれ"
"1010","2005","平成","17","1","14~15","故障したボートを曳航するため、ボート後部で、曳航のためのロープの準備作業を行っていた時に、海に転落した。","8","商業","802","小売業","80209","その他の小売業","1~9","2","物上げ装置、運搬機械","23","乗物","239","その他の乗物","10","おぼれ"
"1011","2005","平成","17","3","2~3","高速自動車道を乗用車で走行中、道路の出口から逆走して進入してきた普通乗用車と正面衝突した。","4","運輸交通業","402","道路旅客運送業","40201","ハイヤー・タクシー業","100~299","2","物上げ装置、運搬機械","23","乗物","231","乗用車、バス、バイク","17","交通事故（道路）"
"1012","2005","平成","17","4","8~9","ペットボトルリサイクル工場内においてベルトコンベヤーにペットボトルを投入していた際、ベルトコンベヤーとベルトコンベヤーとの交差部分の隙間に巻き込まれた。","1","製造業","102","繊維工業","10203","織物業","10~29","2","物上げ装置、運搬機械","22","動力運搬機","224","コンベア","7","はさまれ、巻き込まれ"
"1013","2005","平成","17","5","11~12","資材置場で、移動はしごを使用し、仮設小屋の屋根部分の単管端部に継手クランプを取り付ける作業中、はしごから転落した。","3","建設業","301","土木工事業","30106","道路建設工事業","1~9","3","その他の装置等","37","用具","371","はしご等","1","墜落、転落"
"1014","2005","平成","17","7","9~10","鉄骨加工工場内において工場床に積み上げられた建築用鉄骨の上で、ホイスト式天井クレーンでつり上げられた建築用鉄骨の柱部分に挟まれた。","1","製造業","112","金属製品製造業","11209","その他の金属製品製造業","10~29","2","物上げ装置、運搬機械","21","動力クレーン等","211","クレーン","7","はさまれ、巻き込まれ"
"1015","2005","平成","17","11","10~11","フォークリフトのアタッチメントを最高位置に上げたままバックしていたところ、当該フォークリフトが横転し、逃げようと飛び降りた被災者が挟まれた。","1","製造業","102","繊維工業","10203","織物業","10~29","2","物上げ装置、運搬機械","22","動力運搬機","222","フォークリフト","2","転倒"
"1016","2005","平成","17","1","13~14","室内の間仕切壁撤去作業を行うため、壁の上下左右の端部を鉄筋が露出するまではつり、片側をパイプサポートとチェーンブロックで支持したところ、壁が倒れ、被災した。","3","建設業","302","建築工事業","30201","鉄骨・鉄筋コンクリート造家屋建築工事業","1~9","4","仮設物、建築物、構築物等","41","仮設物、建築物、構築物等","418","建築物、構築物","5","崩壊、倒壊"
"1017","2005","平成","17","3","10~11","外壁補修工事において可搬式ゴンドラを使用して作業していたところ、ゴンドラが傾き作業者が墜落した。","3","建設業","302","建築工事業","30209","その他の建築工事業","10~29","2","物上げ装置、運搬機械","21","動力クレーン等","216","ゴンドラ","1","墜落、転落"
"1018","2005","平成","17","4","16~17","ごみ(ウレタン)の除去作業中、作業場所近くの大ガラ置き場で、地面と石との間に挟まれた。","15","清掃・と畜業","1501","清掃・と畜業","150102","産業廃棄物処理業","1~9","5","物質、材料","52","材料","523","石、砂、砂利","4","飛来、落下"
"1019","2005","平成","17","7","4~5","軽貨物自動車で、新聞の配送中、対向車線にはみ出してガードレールと民家の門柱に衝突した。","8","商業","802","小売業","80205","新聞販売業","50~99","2","物上げ装置、運搬機械","23","乗物","231","乗用車、バス、バイク","17","交通事故（道路）"
"1020","2005","平成","17","12","13~14","工場内において、天井クレーンを操作してブリキ板を巻いたコイル(800キログラム)をCフックを用いてつり上げ、移動させようとしたところ、コイルが落下し被災者に激突した。","1","製造業","112","金属製品製造業","11209","その他の金属製品製造業","10~29","2","物上げ装置、運搬機械","21","動力クレーン等","211","クレーン","4","飛来、落下"
"1021","2005","平成","17","12","11~12","鉄道駅構内において、業務中、ホームから軌道上に転落した。","4","運輸交通業","401","鉄道・軌道・水運・航空業","40101","鉄道・軌道業","300~499","4","仮設物、建築物、構築物等","41","仮設物、建築物、構築物等","418","建築物、構築物","1","墜落、転落"
"1022","2005","平成","17","1","11~12","工事現場において、アースドリルを用いて基礎杭打ち作業を行っている時に、ドリルが自然落下し、被災者に激突した。","3","建設業","302","建築工事業","30201","鉄骨・鉄筋コンクリート造家屋建築工事業","1~9","1","動力機械","14","建設機械等","143","基礎工事用機械","4","飛来、落下"
"1023","2005","平成","17","4","14~15","立木をチェーンソーにより伐採中、直径の3分の2を切ったところで中断し、玉切作業をするために倒木の前に立った直後に、伐採途中の木が倒れ被災者らを直撃した。","6","農林業","602","林業","60201","木材伐出業","1~9","7","環境等","71","環境等","712","立木等","5","崩壊、倒壊"
"1024","2005","平成","17","5","7~8","材料置き場で、丸太の束を別の材料置き場に移動させるため、ドラグ・ショベルにて丸太の束をつり上げ、トラックに載せる作業中、トラックの荷台に乗っていたところ、つり上げていた荷の玉掛け用ワイヤロープが切れ、被災者の上に落下した。","17","その他の事業","1702","その他の事業","170209","その他の事業－その他","1~9","1","動力機械","14","建設機械等","142","掘削用機械","4","飛来、落下"
"1025","2005","平成","17","7","11~12","水道管の補修作業を行っている際に、延長コードと簡易投光機の接続部分に、被災者が身に付けていたネックレスが接触したため感電した。","3","建設業","302","建築工事業","30209","その他の建築工事業","10~29","3","その他の装置等","35","電気設備","359","その他の電気設備","13","感電"
"1026","2005","平成","17","9","15~16","高速自動車道を走行中、トンネル付近で運転中の乗用車が対向車線にはみ出し、別の乗用車と衝突した。","1","製造業","114","電気機械器具製造業","11409","その他の電気機械器具製造業","50~99","2","物上げ装置、運搬機械","23","乗物","231","乗用車、バス、バイク","17","交通事故（道路）"
"1027","2005","平成","17","10","9~10","移動式クレーンでコンベヤーのベルトをつり上げ、コンベヤーシャフトから引き出す作業中、つり上げたコンベヤーのベルトが切れ、被災者が落下するベルトに巻き込まれながら17mの高さにある点検用ステージから、シャフト内に墜落した。","4","運輸交通業","403","道路貨物運送業","40301","一般貨物自動車運送業","10~29","6","荷","61","荷","612","機械装置","4","飛来、落下"
"1028","2005","平成","17","11","14~15","鋼材をトラックの荷台へ搬入するため、トラックの荷台にて鋼材の積込み作業をしていたところ、荷台から転落した。","1","製造業","112","金属製品製造業","11209","その他の金属製品製造業","1~9","2","物上げ装置、運搬機械","22","動力運搬機","221","トラック","1","墜落、転落"
"1029","2005","平成","17","11","10~11","加工する材料を材料置き場に取りに行ったところ、2段積みされていた金属かごの上段が荷崩れを起こし、その金属かごに挟まれた。","1","製造業","113","一般機械器具製造業","11301","機械（精密機械を除く）器具製造業","30~49","6","荷","61","荷","611","荷姿の物","5","崩壊、倒壊"
"1030","2005","平成","17","11","7~8","製造ラインにある、かす取りボックスにたまった古紙パルプかすを取り除くため、稼動しているラインの下から潜り込んだところ、材料を吹き付ける布製のフェルトベルトに巻き込まれ、ロールとロールとの間に挟まれた。","1","製造業","106","パルプ・紙・紙加工品製造業","10602","紙加工品製造業","50~99","1","動力機械","16","一般動力機械","163","ロール機（印刷ロール機を除く。）","7","はさまれ、巻き込まれ"
"1031","2005","平成","17","12","16~17","コンクリート打設作業を行うため、ドラグ・ショベルのバケットにつり下げられたホッパーの開閉バーを持ちコンクリートを地上に落とす作業中、ホッパーと擁壁との間に挟まれた。","3","建設業","301","土木工事業","30199","その他の土木工事業","10~29","6","荷","61","荷","611","荷姿の物","6","激突され"
"1032","2005","平成","17","12","11~12","公道において、故障した乗用車を運搬するためにキャリヤカーに載せる作業を行っていたところ、キャリヤカーと故障車との間に挟まれた。","1","製造業","117","その他の製造業","11701","自動車整備業","10~29","2","物上げ装置、運搬機械","23","乗物","239","その他の乗物","7","はさまれ、巻き込まれ"
"1033","2005","平成","17","1","2~3","交差点で信号待ちのためトラックを停車中、後方から来た他のトラックに追突され、さらに前方に停車中のトレーラートラックの荷台が被災者を直撃した。","4","運輸交通業","403","道路貨物運送業","40301","一般貨物自動車運送業","10~29","2","物上げ装置、運搬機械","22","動力運搬機","221","トラック","17","交通事故（道路）"
"1034","2005","平成","17","2","22~23","一方通行の道路をタクシーを運転して走行中、道路を逆走してきた自動車と正面衝突した。","4","運輸交通業","402","道路旅客運送業","40201","ハイヤー・タクシー業","100~299","2","物上げ装置、運搬機械","23","乗物","231","乗用車、バス、バイク","17","交通事故（道路）"
"1035","2005","平成","17","3","11~12","工場南壁面塗装工事現場において、塗装の補助作業をしていたところ、高さ4mの足場から墜落した。","3","建設業","302","建築工事業","30209","その他の建築工事業","1~9","4","仮設物、建築物、構築物等","41","仮設物、建築物、構築物等","411","足場","1","墜落、転落"
"1036","2005","平成","17","4","9~10","電気の引込線撤去工事において、電柱を登っていく途中、5mの高さから墜落した。","3","建設業","303","その他の建設業","30301","電気通信工事業","10~29","4","仮設物、建築物、構築物等","41","仮設物、建築物、構築物等","419","その他の仮設物、建築物、構築物等","1","墜落、転落"
"1037","2005","平成","17","3","15~16","体育館内部の板材取り外し解体作業を行っていたところ、体育館軒先から300キログラムのスチール板が剥がれ落ち、被災者に激突した。","3","建設業","302","建築工事業","30209","その他の建築工事業","30~49","4","仮設物、建築物、構築物等","41","仮設物、建築物、構築物等","418","建築物、構築物","4","飛来、落下"
"1038","2005","平成","17","4","20~21","シールド掘進作業において、トラバーサによってロコを移動させている際に、ズリ鋼車が自然に動き出し、それを素手で止めようとしたところ、ロコとズリ鋼車との間に挟まれた。","3","建設業","301","土木工事業","30110","上下水道工事業","30~49","2","物上げ装置、運搬機械","22","動力運搬機","223","軌道装置","7","はさまれ、巻き込まれ"
"1039","2005","平成","17","4","8~9","鉄製の箱を地上から高さ2mの位置でフォークリフトのフォークに載せたままの状態で後退移動中、この箱がフォークから落下し、被災者に激突して下敷きとなった。","15","清掃・と畜業","1501","清掃・と畜業","150102","産業廃棄物処理業","10~29","2","物上げ装置、運搬機械","22","動力運搬機","222","フォークリフト","4","飛来、落下"
"1040","2005","平成","17","5","13~14","トラックで、右折して駐車場に入る際に停車していたトラック荷台に激突した。","4","運輸交通業","403","道路貨物運送業","40301","一般貨物自動車運送業","10~29","2","物上げ装置、運搬機械","22","動力運搬機","221","トラック","17","交通事故（道路）"
"1041","2005","平成","17","5","11~12","トラックで追越車線を通行していた際に工事のため急に停車した前のトラックに追突した。","3","建設業","301","土木工事業","30199","その他の土木工事業","1~9","2","物上げ装置、運搬機械","22","動力運搬機","221","トラック","17","交通事故（道路）"
"1042","2005","平成","17","6","20~21","国道で、片側通行の交通整理をしていたところ、走行してきた車に挟まれた。","17","その他の事業","1702","その他の事業","170201","警備業","50~99","2","物上げ装置、運搬機械","23","乗物","231","乗用車、バス、バイク","17","交通事故（道路）"
"1043","2005","平成","17","8","4~5","トラックで走行していたところ、信号待ちの大型トラックに追突した。","4","運輸交通業","403","道路貨物運送業","40301","一般貨物自動車運送業","1~9","2","物上げ装置、運搬機械","22","動力運搬機","221","トラック","17","交通事故（道路）"
"1044","2005","平成","17","9","17~18","駐車したトラックの脇から崖側に車止めの上に立っていたところ、20m下の池に転落した。","4","運輸交通業","403","道路貨物運送業","40301","一般貨物自動車運送業","30~49","9","その他","99","分類不能","999","分類不能","1","墜落、転落"
"1045","2005","平成","17","11","11~12","外壁改修工事現場において、工場の屋根を通路として歩行中、屋根の明かり取りのFRP製の屋根を踏み抜き、9m墜落した。","3","建設業","302","建築工事業","30209","その他の建築工事業","1~9","4","仮設物、建築物、構築物等","41","仮設物、建築物、構築物等","415","屋根、はり、もや、けた、合掌","1","墜落、転落"
"1046","2005","平成","17","12","15~16","鉄骨建て方中の梁上で、鉄骨製の柱にボルト取り付ける作業を行っていたところ、柱が傾き、アンカーボルトが抜け、柱と梁がともに倒壊し、柱と梁との間に挟まれた。","3","建設業","302","建築工事業","30201","鉄骨・鉄筋コンクリート造家屋建築工事業","10~29","4","仮設物、建築物、構築物等","41","仮設物、建築物、構築物等","418","建築物、構築物","5","崩壊、倒壊"
"1047","2005","平成","17","12","16~17","片側通行の交通整理をしていたところ、走行してきた車に、はね飛ばされた。","17","その他の事業","1702","その他の事業","170201","警備業","50~99","2","物上げ装置、運搬機械","23","乗物","231","乗用車、バス、バイク","17","交通事故（道路）"
"1048","2005","平成","17","12","5~6","トラックで高速自動車道を走行中、インターチェンジ付近において渋滞のため停車していた大型トラックに追突した。","4","運輸交通業","403","道路貨物運送業","40301","一般貨物自動車運送業","10~29","2","物上げ装置、運搬機械","22","動力運搬機","221","トラック","17","交通事故（道路）"
"1049","2005","平成","17","12","0~1","大型オートバイで国道を走行中、対向車線から乗用車が急に右折してきたため、この乗用車の左側面に衝突した。","8","商業","802","小売業","80204","燃料小売業","10~29","2","物上げ装置、運搬機械","23","乗物","231","乗用車、バス、バイク","17","交通事故（道路）"
"1050","2005","平成","17","9","6~7","国道の急な左カーブで曲がりきれずに横転し、ガードレールの支柱に激突し挟まれた。","4","運輸交通業","403","道路貨物運送業","40301","一般貨物自動車運送業","1~9","2","物上げ装置、運搬機械","22","動力運搬機","221","トラック","17","交通事故（道路）"
"1051","2005","平成","17","8","14~15","トラックで高速自動車道を走行中、前方走行中のダンプトラックに追突し、挟まれた。","4","運輸交通業","403","道路貨物運送業","40301","一般貨物自動車運送業","1~9","2","物上げ装置、運搬機械","22","動力運搬機","221","トラック","17","交通事故（道路）"
"1052","2005","平成","17","7","16~17","午前中の自動ドア修理作業を終え、工事車両内での昼食後、からだの不調を訴えて嘔吐し、死亡した。","1","製造業","117","その他の製造業","11702","機械修理業","10~29","9","その他","99","分類不能","999","分類不能","99","分類不能"
"1053","2005","平成","17","1","12~13","駅ホーム向かいに設置している看板の清掃作業を行っていたところ、走行して来た貨物列車に被災者が接触した。","15","清掃・と畜業","1501","清掃・と畜業","150109","その他の清掃・と畜業","10~29","2","物上げ装置、運搬機械","23","乗物","232","鉄道車両","6","激突され"
"1054","2005","平成","17","2","10~11","アルミの鋳物製品の研磨作業を行う作業場所で、突然爆発火災が発生し、被災した。","1","製造業","112","金属製品製造業","11209","その他の金属製品製造業","30~49","5","物質、材料","51","危険物、有害物等","511","爆発性の物等","14","爆発"
"1055","2005","平成","17","2","10~11","アルミの鋳物製品の研磨作業を行う作業場所で、突然爆発火災が発生し、被災した。","1","製造業","112","金属製品製造業","11209","その他の金属製品製造業","30~49","5","物質、材料","51","危険物、有害物等","511","爆発性の物等","14","爆発"
"1056","2005","平成","17","7","0~1","トラックで高速自動車道を走行中、工事のため、左側を車線規制しており、前方を走行していた他のトラックが減速し、右側へ車線変更しているところへ追突した。","4","運輸交通業","403","道路貨物運送業","40301","一般貨物自動車運送業","30~49","2","物上げ装置、運搬機械","22","動力運搬機","221","トラック","17","交通事故（道路）"
"1057","2005","平成","17","6","9~10","マンションの駐車場に面した市道で、側溝の清掃をしている際、駐車場から出てきた乗用車にはねられた。","15","清掃・と畜業","1501","清掃・と畜業","150101","ビルメンテナンス業","100~299","2","物上げ装置、運搬機械","23","乗物","231","乗用車、バス、バイク","17","交通事故（道路）"
"1058","2005","平成","17","8","9~10","下水処理施設の基礎工事において、基礎杭の高さを測定しているときに、後進してきたドラグ・ショベルにひかれた。","3","建設業","301","土木工事業","30107","河川土木工事業","1~9","1","動力機械","14","建設機械等","143","基礎工事用機械","7","はさまれ、巻き込まれ"
"1059","2005","平成","17","7","22~23","トラックで高速自動車道を走行中、前方で事故が発生し、前を走行していた大型トラックが急停車したところに追突した。","4","運輸交通業","403","道路貨物運送業","40302","特定貨物自動車運送業","1~9","2","物上げ装置、運搬機械","22","動力運搬機","221","トラック","17","交通事故（道路）"
"1060","2005","平成","17","11","16~17","河川敷の走路整地工事において、走路整地作業を行っていたところ、地盤締固用機械のローラー車にひかれた。","17","その他の事業","1702","その他の事業","170201","警備業","1~9","1","動力機械","14","建設機械等","144","締固め用機械","7","はさまれ、巻き込まれ"
"1061","2005","平成","17","3","11~12","ポンプユニットの圧力を調整していたところ、蓄圧器が破裂し、その衝撃を受けて死亡した。","8","商業","804","その他の商業","80409","その他の商業－その他","1~9","3","その他の装置等","31","圧力容器","312","圧力容器","15","破裂"
"1062","2005","平成","17","6","9~10","遊園地の観覧車の始業点検を行っていたとき、点検通路でバランスを崩し、搬器回転用レールと従動輪に巻き込まれた。","14","接客娯楽業","1403","その他の接客娯楽業","140302","公園・遊園地","50~99","3","その他の装置等","39","その他の装置、設備","391","その他の装置、設備","7","はさまれ、巻き込まれ"
"1063","2005","平成","17","9","15~16","廃止したクレーンの解体工事において、クレーンガーダー側面に取り付けられている横行トロリ線に接触し、感電した。","3","建設業","303","その他の建設業","30302","機械器具設置工事業","1~9","3","その他の装置等","35","電気設備","351","送配電線等","13","感電"
"1064","2005","平成","17","8","17~18","社用車で走行中、前方で料金所待ちのため停止していたトラックの後部に激突した。","3","建設業","302","建築工事業","30209","その他の建築工事業","10~29","2","物上げ装置、運搬機械","23","乗物","231","乗用車、バス、バイク","17","交通事故（道路）"
"1065","2005","平成","17","10","5~6","冷凍コンテナを運び出す作業中、コンテナと配電盤を接続していたケーブルを配電盤から離す際に、コンテナを積んだトラックが後進し、コンテナと配電盤との間に挟まれた。","4","運輸交通業","403","道路貨物運送業","40301","一般貨物自動車運送業","30~49","2","物上げ装置、運搬機械","22","動力運搬機","221","トラック","7","はさまれ、巻き込まれ"
"1066","2005","平成","17","12","15~16","荷受作業場において貨物の個数等を点検するため待機していたところ、コンテナを移動するため前進走行して来たフォークリフトにひかれた。","17","その他の事業","1701","派遣業","170101","派遣業","100~299","2","物上げ装置、運搬機械","22","動力運搬機","222","フォークリフト","7","はさまれ、巻き込まれ"
"1067","2005","平成","17","3","7~8","NC旋盤による自動加工作業において、サンドペーパーを持った手袋が同旋盤に巻き込まれた。","1","製造業","113","一般機械器具製造業","11301","機械（精密機械を除く）器具製造業","1~9","1","動力機械","15","金属加工用機械","151","旋盤","7","はさまれ、巻き込まれ"
"1068","2005","平成","17","3","9~10","下水道工事現場において、被災者が交通誘導を行っていたところ、トラックが急に後進し、そばにいた被災者に接触した。","17","その他の事業","1702","その他の事業","170201","警備業","30~49","2","物上げ装置、運搬機械","22","動力運搬機","221","トラック","7","はさまれ、巻き込まれ"
"1069","2005","平成","17","6","16~17","道路の防災工事の現場において交通誘導及び落石等の監視を行っていた警備員が、ガードレールの外側にある川の擁壁の上部から、7m下の川に墜落した。","17","その他の事業","1702","その他の事業","170201","警備業","100~299","4","仮設物、建築物、構築物等","41","仮設物、建築物、構築物等","418","建築物、構築物","1","墜落、転落"
"1070","2005","平成","17","9","12~13","道路上で警備業務に従事していたところ、走行してきた軽自動車にはねられた。","17","その他の事業","1702","その他の事業","170201","警備業","100~299","2","物上げ装置、運搬機械","23","乗物","231","乗用車、バス、バイク","17","交通事故（道路）"
"1071","2005","平成","17","4","13~14","ヒーター通電試験後の各部チェック作業中、倒れた。","1","製造業","114","電気機械器具製造業","11409","その他の電気機械器具製造業","30~49","9","その他","92","起因物なし","921","起因物なし","90","その他"
"1072","2005","平成","17","2","7~8","原動機付き自転車(バイク)で走行中、十字型交差点に進入したところ、相手車の右前部と接触した。","3","建設業","303","その他の建設業","30301","電気通信工事業","1~9","2","物上げ装置、運搬機械","23","乗物","231","乗用車、バス、バイク","17","交通事故（道路）"
"1073","2005","平成","17","6","2~3","手押し運搬台車の荷の上に乗り、上の袋を取ろうとした際、台車が動きバランスを崩して墜落した。","1","製造業","108","化学工業","10805","プラスチック製品製造業","10~29","3","その他の装置等","36","人力機械工具等","362","人力運搬機","1","墜落、転落"
"1074","2005","平成","17","9","3~4","ダンプトラックで県道を通行中、乗用車が赤信号を無視して猛スピードで交差点に進入し衝突、ダンプトラックはサスペンションを損傷し、ハンドルを右に取られた状態で鉄柱に接触、民家の塀に当たり、被災者は路上に投げ出された。","4","運輸交通業","403","道路貨物運送業","40301","一般貨物自動車運送業","1~9","2","物上げ装置、運搬機械","23","乗物","231","乗用車、バス、バイク","17","交通事故（道路）"
"1075","2005","平成","17","11","4~5","切断したガラス板を立てかけた台車を動かしていたところ、台車が横倒しになり、被災者が台車の側で転倒した。","1","製造業","109","窯業土石製品製造業","10902","ガラス・同製品製造業","50~99","5","物質、材料","52","材料","529","その他の材料","5","崩壊、倒壊"
"1076","2005","平成","17","1","0~1","トラックで国道を走行中、対向車線にはみ出し、対向してきたワゴン車と正面衝突した。","8","商業","802","小売業","80204","燃料小売業","10~29","2","物上げ装置、運搬機械","22","動力運搬機","221","トラック","17","交通事故（道路）"
"1077","2005","平成","17","3","10~11","作業に必要なH形鋼の上に置かれていたH形鋼をクレーンで移動させようとしていたところ、H形鋼が落下し、被災者が落下物と床面との間に挟まれた。","1","製造業","112","金属製品製造業","11209","その他の金属製品製造業","30~49","2","物上げ装置、運搬機械","21","動力クレーン等","211","クレーン","4","飛来、落下"
"1078","2005","平成","17","3","22~23","トラックで直線道路を走行中、前方の渋滞の最後尾の乗用車を積載したキャリアカートレーラーに追突した。","4","運輸交通業","403","道路貨物運送業","40301","一般貨物自動車運送業","10~29","2","物上げ装置、運搬機械","22","動力運搬機","221","トラック","17","交通事故（道路）"
"1079","2005","平成","17","4","14~15","ホイスト式橋形クレーンを使用し、トレーラートラックよりH形鋼の荷下ろし作業を行っていたところ、仮置きしていたH形鋼が被災者がいた手前に落下し挟まれた。","1","製造業","110","鉄鋼業","11001","製鉄・製鋼・圧延業","10~29","2","物上げ装置、運搬機械","21","動力クレーン等","211","クレーン","4","飛来、落下"
"1080","2005","平成","17","7","15~16","建設工事において、スラブ上で資材の運搬を指示していたところ、足場の南面から外部に張り出したブラケットと歩み板もろとも地上に墜落した。","3","建設業","302","建築工事業","30201","鉄骨・鉄筋コンクリート造家屋建築工事業","10~29","4","仮設物、建築物、構築物等","41","仮設物、建築物、構築物等","411","足場","1","墜落、転落"
"1081","2005","平成","17","6","15~16","車で走行中、国道の峠の頂上を通り過ぎて下り坂にさしかかったところで車がスリップし、横向きになって対向車線にはみ出し、対向してきた車の正面に助手席側から衝突した。","9","金融・広告業","901","金融業","90103","保険業","500~999","2","物上げ装置、運搬機械","23","乗物","231","乗用車、バス、バイク","17","交通事故（道路）"
"1082","2005","平成","17","8","13~14","製造プラント据付け工事現場において、L型鋼の位置決めをするためローリングタワーの上を伝って作業場所へ移動しようと、左手でローリングタワーの布板を、右手で工場の鉄骨柱を掴んで体を持ち上げようとしたところ、感電した。","3","建設業","303","その他の建設業","30302","機械器具設置工事業","1~9","3","その他の装置等","33","溶接装置","332","アーク溶接装置","13","感電"
"1083","2005","平成","17","8","3~4","トラックで走行中、バイパスの車線左側のコンクリート壁に衝突した。","4","運輸交通業","403","道路貨物運送業","40301","一般貨物自動車運送業","30~49","2","物上げ装置、運搬機械","22","動力運搬機","221","トラック","17","交通事故（道路）"
"1084","2005","平成","17","7","2~3","原動機付き自転車(バイク)で朝刊を配達途中、信号のない交差点で普通乗用車と出会い頭に衝突した。","8","商業","802","小売業","80205","新聞販売業","100~299","2","物上げ装置、運搬機械","23","乗物","231","乗用車、バス、バイク","17","交通事故（道路）"
"1085","2005","平成","17","12","13~14","粉剤農薬の包装及びダンボール詰めラインにおいて、ダンボールケーサーに注油等の調整作業を行っていたところ、ダンボールケーサーの下に設けてあるピット内で倒れていた。","1","製造業","108","化学工業","10899","その他の化学工業","30~49","1","動力機械","16","一般動力機械","169","その他の一般動力機械","7","はさまれ、巻き込まれ"
"1086","2005","平成","17","12","20~21","国道を走行中、路面が凍結していたためにジャックナイフ現象を起こし、トレーラートラックが横滑りのうえ転覆した。","4","運輸交通業","403","道路貨物運送業","40301","一般貨物自動車運送業","50~99","2","物上げ装置、運搬機械","22","動力運搬機","221","トラック","17","交通事故（道路）"
"1087","2005","平成","17","7","14~15","製鉄所構内の薄板工場で、熱延ラインに設置された機械部品を取り替える作業中に、作業環境が暑熱な環境であったことから、脱水状態・熱中症となった。","1","製造業","110","鉄鋼業","11001","製鉄・製鋼・圧延業","100~299","7","環境等","71","環境等","715","高温・低温環境","11","高温・低温の物との接触"
"1088","2005","平成","17","1","5~6","高速自動車道を走行中、前方で追突事故を起こして2車線を塞いでいた大型トラックに追突した。","4","運輸交通業","403","道路貨物運送業","40301","一般貨物自動車運送業","100~299","2","物上げ装置、運搬機械","22","動力運搬機","221","トラック","17","交通事故（道路）"
"1089","2005","平成","17","4","9~10","建物の雨水処理のため、脚立に昇り、電気チッパーで、はつり作業を行っていたところ、脚立が倒れ、墜落した。","3","建設業","302","建築工事業","30201","鉄骨・鉄筋コンクリート造家屋建築工事業","1~9","3","その他の装置等","37","用具","371","はしご等","1","墜落、転落"
"1090","2005","平成","17","9","10~11","高速自動車道で運転していたトラックが故障したため、路側帯に停車させ、車の点検を行っているとき、後方から大型トラックが追突し、トラックと道路側壁との間に挟まれた。","4","運輸交通業","403","道路貨物運送業","40301","一般貨物自動車運送業","30~49","2","物上げ装置、運搬機械","22","動力運搬機","221","トラック","17","交通事故（道路）"
"1091","2005","平成","17","11","14~15","鉄筋コンクリート造建築物の解体工事において、内部の壁材、天井材等の解体及びその廃材を3階から地上のダンプトラックに投げ捨てる作業を行っていたところ、廃材とともに墜落した。","3","建設業","302","建築工事業","30209","その他の建築工事業","50~99","4","仮設物、建築物、構築物等","41","仮設物、建築物、構築物等","416","作業床、歩み板","1","墜落、転落"
"1092","2005","平成","17","7","8~9","工場の新築工事現場において、基礎杭の打設のために掘削した縦穴から染み出てきた湧水をドラグ・ショベルで掬い、現場内の別の場所へ移動させる作業を行っていた。被災者は工場の窓ガラスを清掃していたが、ドラグ・ショベルの稼動区域に立ち入り、突然旋回してきたドラグ・ショベルのバケットに強打された。","3","建設業","302","建築工事業","30201","鉄骨・鉄筋コンクリート造家屋建築工事業","1~9","1","動力機械","14","建設機械等","142","掘削用機械","6","激突され"
"1093","2005","平成","17","8","17~18","道路上で故障したトラックを修理点検するため、移動式クレーンでトラック車体後部をつり上げた状態で車体に下に入って作業していたところ、つり上げに使用していた繊維ベルトのアイが切断し、被災者に車体が落下した。","1","製造業","117","その他の製造業","11701","自動車整備業","1~9","3","その他の装置等","37","用具","372","玉掛用具","4","飛来、落下"
"1094","2005","平成","17","9","15~16","国道を原動機付き自転車(バイク)で走行中、後方より走行して来たトラックが接触して転倒し、トラック後輪に巻き込まれた。","8","商業","802","小売業","80205","新聞販売業","30~49","2","物上げ装置、運搬機械","22","動力運搬機","221","トラック","17","交通事故（道路）"
"1095","2005","平成","17","12","10~11","5階建てマンションの屋上で携帯電話基地局設置の調査中、屋上端部より地上に転落した。","3","建設業","303","その他の建設業","30301","電気通信工事業","1~9","4","仮設物、建築物、構築物等","41","仮設物、建築物、構築物等","418","建築物、構築物","1","墜落、転落"
"1096","2005","平成","17","1","13~14","活性炭の実験装置(重さ1.6トン)を車両積載形トラッククレーン(つり上げ荷重2.9トン)により運搬するため、活性炭の実験装置をつり上げ、当該クレーン車両の荷台に積み込むために右旋回させたところ、当該クレーン車両が右側に横転し、その下敷きとなった。","4","運輸交通業","403","道路貨物運送業","40301","一般貨物自動車運送業","100~299","2","物上げ装置、運搬機械","21","動力クレーン等","212","移動式クレーン","6","激突され"
"1097","2005","平成","17","5","14~15","発電用ボイラー内で爆発が発生し、ボイラー横の通路を通行していた被災者が放出した蒸気を浴び、被災した。","1","製造業","110","鉄鋼業","11001","製鉄・製鋼・圧延業","1000~9999","3","その他の装置等","31","圧力容器","311","ボイラー","11","高温・低温の物との接触"
"1098","2005","平成","17","6","17~18","工場内のドラグ・ショベル組立ラインにおいて、自動搬送装置につられた次作業予定の下部旋回体が、一時待機していた状態から突然動き出し、組立作業をしていた被災者が激突した。","1","製造業","113","一般機械器具製造業","11301","機械（精密機械を除く）器具製造業","500~999","2","物上げ装置、運搬機械","22","動力運搬機","229","その他の動力運搬機","6","激突され"
"1099","2005","平成","17","6","11~12","片側1車線の道路を走行中、対向車線にはみ出し、対向してきたトラックと正面衝突した。","17","その他の事業","1702","その他の事業","170209","その他の事業－その他","1~9","2","物上げ装置、運搬機械","23","乗物","231","乗用車、バス、バイク","17","交通事故（道路）"
"1100","2005","平成","17","10","11~12","ボーリングマシンを解体中、突然ボーリングマシンが倒れ、これを支えていた被害者が下敷きとなった。","3","建設業","301","土木工事業","30199","その他の土木工事業","10~29","1","動力機械","14","建設機械等","149","その他の建設機械等","6","激突され"
"1101","2005","平成","17","8","13~14","原子力発電の燃料チャンネル製作工程で、チャンネルの表面を研削して発生したジルコニウム粉を処理するため、柄杓にジルコニウムを載せ、燃焼装置に投入して燃焼させるという作業を繰り返していたところ、燃焼装置から吹き出した火の粉により、被災者の傍らにあった未処理のジルコニウム粉が発火し、被災者が火傷を負った。","1","製造業","113","一般機械器具製造業","11301","機械（精密機械を除く）器具製造業","30~49","5","物質、材料","51","危険物、有害物等","511","爆発性の物等","14","爆発"
"1102","2005","平成","17","3","16~17","回転炉にエンジン等のスクラップを入れてアルミ抽出作業を終了後、炉内に残る鉄や灰をバッカンに入れフォークリフトで工場内の鉄等の置場に運び、バッカンを回転させて中の鉄や灰を下ろしたところ、被災者が熱風を浴びて火まみれになった。","1","製造業","110","鉄鋼業","11009","その他の鉄鋼業","1~9","5","物質、材料","52","材料","521","金属材料","11","高温・低温の物との接触"
"1103","2005","平成","17","4","2~3","国道を原動機付き自転車(バイク)で走行中、片側1車線のゆるいカーブで対向の軽トラックがセンターラインをはみ出してきたため正面衝突した。","8","商業","802","小売業","80205","新聞販売業","10~29","2","物上げ装置、運搬機械","23","乗物","231","乗用車、バス、バイク","17","交通事故（道路）"
"1104","2005","平成","17","4","0~1","ガスタンクの解体工事で、ガス槽の屋根上でアーク溶接作業等を行っていたところ、ガス槽内部で爆発が発生してガス槽が跳ね上がり、ガス槽の屋根上で作業していた被災者が跳ね飛ばされ、地上に墜落した。","3","建設業","303","その他の建設業","30309","その他の建設業－その他","1~9","4","仮設物、建築物、構築物等","41","仮設物、建築物、構築物等","418","建築物、構築物","14","爆発"
"1105","2005","平成","17","6","6~7","トラックで高速自動車道上り線の追い越し車線を走行中、トンネル内で走行車線を走行していた乗用車と接触し、そのはずみでトラックはトンネルの右側壁に衝突しトラックのドアが外れたため被災者は車外へ投げ出された。","4","運輸交通業","403","道路貨物運送業","40301","一般貨物自動車運送業","10~29","2","物上げ装置、運搬機械","22","動力運搬機","221","トラック","17","交通事故（道路）"
"1106","2005","平成","17","9","22~23","トラックで高速自動車道を走行していたところ、車両同士の事故で停車していた大型車両に追突した。","4","運輸交通業","403","道路貨物運送業","40301","一般貨物自動車運送業","100~299","2","物上げ装置、運搬機械","22","動力運搬機","221","トラック","17","交通事故（道路）"
"1107","2005","平成","17","10","4~5","原動機付き自転車(バイク)で朝刊を配達中、信号機がない交差点で軽乗用車と出会い頭に衝突した。","8","商業","802","小売業","80205","新聞販売業","30~49","2","物上げ装置、運搬機械","23","乗物","231","乗用車、バス、バイク","17","交通事故（道路）"
"1108","2005","平成","17","12","6~7","河川敷道路においてトラックにドラグ・ショベルを後進させながら積込み作業中、クローラが荷台から外れ、5m下の川に転落し、被災者がドラグ・ショベルの下敷きとなった。","4","運輸交通業","403","道路貨物運送業","40302","特定貨物自動車運送業","1~9","1","動力機械","14","建設機械等","142","掘削用機械","1","墜落、転落"
"1109","2005","平成","17","7","15~16","国道を走行中に対向車線にはみ出し、さらに10m下の川に転落した。","4","運輸交通業","402","道路旅客運送業","40202","バス業","30~49","2","物上げ装置、運搬機械","23","乗物","231","乗用車、バス、バイク","17","交通事故（道路）"
"1110","2005","平成","17","9","11~12","軽貨物自動車の助手席に乗り移動中、見通しの悪いカーブで、対向車線からセンターラインをはみ出してきた貨物自動車と正面衝突した。","4","運輸交通業","403","道路貨物運送業","40301","一般貨物自動車運送業","10~29","2","物上げ装置、運搬機械","22","動力運搬機","221","トラック","17","交通事故（道路）"
"1111","2005","平成","17","8","5~6","原動機付き自転車(バイク)で新聞配達の業務中、三叉路で右折したところ、右方向から走行してきた軽自動車と正面衝突した。","8","商業","802","小売業","80205","新聞販売業","50~99","2","物上げ装置、運搬機械","23","乗物","231","乗用車、バス、バイク","17","交通事故（道路）"
"1112","2005","平成","17","4","1~2","トラックに荷の瓦を積み込む作業中、トラックの荷の上から地面へ墜落した。","4","運輸交通業","403","道路貨物運送業","40301","一般貨物自動車運送業","10~29","2","物上げ装置、運搬機械","22","動力運搬機","221","トラック","1","墜落、転落"
"1113","2005","平成","17","5","11~12","原動機付き自転車(バイク)に乗り営業中、市道交差点においてトラックと衝突した。","9","金融・広告業","901","金融業","90101","銀行・信託業","10~29","2","物上げ装置、運搬機械","22","動力運搬機","221","トラック","17","交通事故（道路）"
"1114","2005","平成","17","7","14~15","斜面上で、不整地運搬車(最大積載量990キログラム)の荷台を傾けて生コン(重さ600キログラム)をコンクリート缶に移そうとしたところ、不整地運搬車が前方方向に転落したために車から投げ出された。","3","建設業","301","土木工事業","30199","その他の土木工事業","1~9","2","物上げ装置、運搬機械","22","動力運搬機","227","不整地運搬車","1","墜落、転落"
"1115","2005","平成","17","10","8~9","玉葱パウダーのふるい分け機のホッパーに玉葱パウダーを投入する作業中、ホッパー内に転落、窒息した。","1","製造業","101","食料品製造業","10103","農業保存食料品製造業","50~99","1","動力機械","16","一般動力機械","165","食品加工用機械","1","墜落、転落"
"1116","2005","平成","17","11","11~12","農地災害復旧工事現場において、ブロック積み作業を行うためドラグ・ショベルの運転の業務を行っていたところ、4m下の地面にドラグ・ショベルとともに墜落した。","3","建設業","301","土木工事業","30109","土地整理土木工事業","10~29","1","動力機械","14","建設機械等","142","掘削用機械","1","墜落、転落"
"1117","2005","平成","17","3","13~14","送迎用マイクロバスを路上に駐車したところ、マイクロバスが無人で動き出してたため、マイクロバスに乗り込もうとしたが、開けた運転席側扉が住宅の門柱に衝突したはずみで閉まり、被災者が車体と閉まった扉との間に挟まれた。","4","運輸交通業","402","道路旅客運送業","40202","バス業","300~499","2","物上げ装置、運搬機械","23","乗物","231","乗用車、バス、バイク","7","はさまれ、巻き込まれ"
"1118","2005","平成","17","4","13~14","11階建てマンション屋上(地上高さ30m)の端部において清掃作業中に墜落した。","8","商業","804","その他の商業","80409","その他の商業－その他","1~9","4","仮設物、建築物、構築物等","41","仮設物、建築物、構築物等","418","建築物、構築物","1","墜落、転落"
"1119","2005","平成","17","4","18~19","パチンコ店駐車場の警備業務中に、駐車場出口付近の道路上において、出庫する車両の右側前輪部に接触され、仰向けに転倒した。","17","その他の事業","1702","その他の事業","170201","警備業","100~299","2","物上げ装置、運搬機械","23","乗物","231","乗用車、バス、バイク","17","交通事故（道路）"
"1120","2005","平成","17","10","13~14","茶畑において作業中、トラックの後方で下敷きとなった。","6","農林業","601","農業","60101","農業","1~9","2","物上げ装置、運搬機械","22","動力運搬機","221","トラック","7","はさまれ、巻き込まれ"
"1121","2005","平成","17","12","17~18","搬入先の事業場構内において、運んできた積荷がフォークリフトで荷降ろしされている様子をトラックの傍に立って見ていたところ、荷が動き出したため、近寄って支えようとしたが支えきれず、そのまま荷台から落ちてきた荷の下敷きとなった。","4","運輸交通業","403","道路貨物運送業","40301","一般貨物自動車運送業","30~49","6","荷","61","荷","611","荷姿の物","4","飛来、落下"
"1122","2005","平成","17","12","10~11","住宅の屋根及び雨どい等の塗装作業のため、丸太足場を組立作業中、2mの高さから墜落した。","3","建設業","302","建築工事業","30209","その他の建築工事業","1~9","4","仮設物、建築物、構築物等","41","仮設物、建築物、構築物等","411","足場","1","墜落、転落"
"1123","2005","平成","17","1","22~23","トラックで国道を走行中、停車中のトラックに追突した。","4","運輸交通業","403","道路貨物運送業","40301","一般貨物自動車運送業","1~9","2","物上げ装置、運搬機械","22","動力運搬機","221","トラック","17","交通事故（道路）"
"1124","2005","平成","17","5","14~15","梱包部材を納品中、隣のエリアのコンベヤー上に荷崩れしてコンベヤーが停止したため、これを復旧させようと吹き抜け部分の柵を乗り越た際に、4m下に墜落した。","4","運輸交通業","403","道路貨物運送業","40301","一般貨物自動車運送業","1~9","9","その他","92","起因物なし","921","起因物なし","1","墜落、転落"
"1125","2005","平成","17","7","16~17","店舗内部解体工事において、廃材等の外部への搬出作業を行っていたところ、体調不良となり、その後、死亡した。","3","建設業","302","建築工事業","30201","鉄骨・鉄筋コンクリート造家屋建築工事業","10~29","7","環境等","71","環境等","715","高温・低温環境","11","高温・低温の物との接触"
"1126","2005","平成","17","8","0~1","道路改良工事において資材の片付け等の作業に従事中、体調不良を訴え、熱中症により死亡した。","3","建設業","301","土木工事業","30199","その他の土木工事業","10~29","7","環境等","71","環境等","715","高温・低温環境","11","高温・低温の物との接触"
"1127","2005","平成","17","7","13~14","国道で大型貨物車を運転中、停車中の大型貨物車に追突した。","4","運輸交通業","403","道路貨物運送業","40301","一般貨物自動車運送業","10~29","2","物上げ装置、運搬機械","22","動力運搬機","221","トラック","17","交通事故（道路）"
"1128","2005","平成","17","10","15~16","休憩時間中、工場の間を走る水路上に設けられた通路から3m下の水路(水深12センチメートル)に墜落した。","1","製造業","108","化学工業","10801","無機・有機化学工業製品製造業","30~49","4","仮設物、建築物、構築物等","41","仮設物、建築物、構築物等","417","通路","1","墜落、転落"
"1129","2005","平成","17","10","8~9","自社車庫内において、コンクリートミキサー車の暖機運転のため、運転台のドアを開いて運転台に乗らずにキーを回したところ、ギヤが1速に入っていたため急に動き出して、運転台のドアが車庫内右側の壁に激突し、ドアと運転台との間に挟まれた。","2","鉱業","202","土石採取業","20201","採石業","10~29","2","物上げ装置、運搬機械","22","動力運搬機","221","トラック","7","はさまれ、巻き込まれ"
"1130","2005","平成","17","1","5~6","トラックで高速自動車道を走行中、トンネル内で対向車線の自損事故の影響で停車していた大型トラックの列に追突した。","1","製造業","101","食料品製造業","10109","その他の食料品製造業","30~49","2","物上げ装置、運搬機械","22","動力運搬機","221","トラック","17","交通事故（道路）"
"1131","2005","平成","17","2","11~12","車庫解体工事において、梁等を溶断した後に自立していた前面枠を車両積載形クレーンでつり上げるため繊維スリングで玉掛作業中、前面枠が急に倒れ、前面枠とクレーンのアウトリガーとの間に挟まれた。","3","建設業","302","建築工事業","30209","その他の建築工事業","1~9","4","仮設物、建築物、構築物等","41","仮設物、建築物、構築物等","418","建築物、構築物","5","崩壊、倒壊"
"1132","2005","平成","17","4","7~8","前日にガス漏れが見つかったため運用を停止していた工場内ガスホルダーで、ガス警報機が発報したため同僚と2人で点検に向い、現場到着後ガスホルダー出口ピット付近に近づいたとき急に倒れた。","1","製造業","110","鉄鋼業","11001","製鉄・製鋼・圧延業","500~999","5","物質、材料","51","危険物、有害物等","514","有害物","12","有害物等との接触"
"1133","2005","平成","17","5","10~11","機器フレームの洗浄及びバリ取り作業中、使用していたサンダーの火花が作業着に着火した。","1","製造業","113","一般機械器具製造業","11301","機械（精密機械を除く）器具製造業","30~49","5","物質、材料","51","危険物、有害物等","512","引火性の物","16","火災"
"1134","2005","平成","17","8","15~16","清掃車を公園内に駐車するため、公園入口の車止めを外して清掃車を公園内に入れて一旦停車させ、運転席を離れて再び車止めの鍵を掛けようとしたところ、清掃車が動き出し、ひかれた。","15","清掃・と畜業","1501","清掃・と畜業","150109","その他の清掃・と畜業","1~9","2","物上げ装置、運搬機械","22","動力運搬機","221","トラック","7","はさまれ、巻き込まれ"
"1135","2005","平成","17","9","15~16","メリヤスの原料を置いている倉庫内で、フォークリフトに挟まれた。","1","製造業","102","繊維工業","10203","織物業","10~29","2","物上げ装置、運搬機械","22","動力運搬機","222","フォークリフト","7","はさまれ、巻き込まれ"
"1136","2005","平成","17","12","9~10","プラスチック製品製造工場のビニールカーテン設置工事現場において、被災者がうまに乗って鋼製の間仕切り枠を組み立てる作業を行っていたところ、地面に墜落した。","3","建設業","302","建築工事業","30203","建築設備工事業","1~9","3","その他の装置等","37","用具","371","はしご等","1","墜落、転落"
"1137","2005","平成","17","12","14~15","軽トラックで県道を走行中、トンネル入口の側壁に衝突した。","8","商業","802","小売業","80209","その他の小売業","1~9","2","物上げ装置、運搬機械","22","動力運搬機","221","トラック","17","交通事故（道路）"
"1138","2005","平成","17","6","2~3","原動機付き自転車(バイク)で、県道を横断中、左側から走行してきた軽自動車と衝突した。","8","商業","802","小売業","80205","新聞販売業","10~29","2","物上げ装置、運搬機械","23","乗物","231","乗用車、バス、バイク","17","交通事故（道路）"
"1139","2005","平成","17","1","10~11","事業場構内のベルトコンベヤーの動力伝達部分において、ベルトコンベヤーが稼働した状態で、被災者がスコップを用いてベンドプーリにこびりついた土砂を取り除いていたところ、ベンドプーリとベルトの間に巻き込まれた。","2","鉱業","202","土石採取業","20201","採石業","10~29","2","物上げ装置、運搬機械","22","動力運搬機","224","コンベア","7","はさまれ、巻き込まれ"
"1140","2005","平成","17","9","11~12","RC造3階建家屋の建築工事現場において、被災者は、配筋作業を行っていたところ、体調不良となり、死亡した。","3","建設業","302","建築工事業","30201","鉄骨・鉄筋コンクリート造家屋建築工事業","1~9","7","環境等","71","環境等","715","高温・低温環境","11","高温・低温の物との接触"
"1141","2005","平成","17","11","0~1","オムツの洗浄ラインの中にあるシェーカーにオムツが詰まったため、シェーカーの中に入って詰まりを直そうとした際、シェーカーの電源を手動に切り替えずに入ったため、シェーカーが動き出した。","1","製造業","117","その他の製造業","11703","クリーニング業","30~49","1","動力機械","16","一般動力機械","169","その他の一般動力機械","7","はさまれ、巻き込まれ"
"1142","2005","平成","17","2","8~9","小型船(3トン)で出港した後、海中に転落した。","7","畜産・水産業","702","水産業","70209","その他の水産業","1~9","2","物上げ装置、運搬機械","23","乗物","239","その他の乗物","10","おぼれ"
"1143","2005","平成","17","8","15~16","脚立(高さ1.7m)を使用し、漁船の船尾管防触亜鉛を取り外す作業中に、脚立から墜落した。","1","製造業","115","輸送用機械等製造業","11501","造船業","10~29","3","その他の装置等","37","用具","371","はしご等","1","墜落、転落"
"1144","2005","平成","17","1","17~18","製品を自社トラックに積込み作業中、パレットをフォークリフトで3mの高さに持ち上げ、その上で作業を行っていたが、バランスを崩し地上に墜落した。","4","運輸交通業","403","道路貨物運送業","40301","一般貨物自動車運送業","10~29","2","物上げ装置、運搬機械","22","動力運搬機","222","フォークリフト","1","墜落、転落"
"1145","2005","平成","17","3","6~7","仕込倉内にある円筒形醸造用タンク(直径2.3m、高さ3m)上において、分析用の試料を採取しようと1人で作業していたところ、タンク開口部(直径75センチメートル)から内部に墜落し、溺れた。","1","製造業","101","食料品製造業","10105","酒類製造業","10~29","9","その他","91","その他の起因物","911","その他の起因物","10","おぼれ"
"1146","2005","平成","17","4","6~7","新聞配達途中、住宅街の信号のない十字路を原動機付き自転車(バイク)で直進中、交差点の右側から進入してきたトラックと衝突した。","8","商業","802","小売業","80205","新聞販売業","10~29","2","物上げ装置、運搬機械","22","動力運搬機","221","トラック","17","交通事故（道路）"
"1147","2005","平成","17","5","18~19","庭石用の石をドラグ・ショベルにてつり上げて車両積載形トラッククレーンの荷台に積み込んだ後、玉外し作業を行い、バケットを移動しようとしたところ、被災者にバケットが激突した。","2","鉱業","202","土石採取業","20209","その他の土石採取業","1~9","1","動力機械","14","建設機械等","142","掘削用機械","6","激突され"
"1148","2005","平成","17","10","10~11","自転車で県道の歩道上を走行中、バランスを崩して車道へ転倒し、対向してきた軽自動車と衝突した。","4","運輸交通業","402","道路旅客運送業","40201","ハイヤー・タクシー業","50~99","2","物上げ装置、運搬機械","23","乗物","231","乗用車、バス、バイク","17","交通事故（道路）"
"1149","2005","平成","17","1","14~15","農道新設工事現場において、路体盛土の転圧作業を行うため、タイヤローラーに搭乗し後発進で移動していたところ、路肩に寄りすぎていたため、タイヤローラーごと谷に転落し、タイヤローラーの下敷きとなった。","3","建設業","301","土木工事業","30199","その他の土木工事業","30~49","1","動力機械","14","建設機械等","144","締固め用機械","1","墜落、転落"
"1150","2005","平成","17","1","10~11","製品ヤードにおいて、フォークリフトで積み重ねたヒューム管(直径60センチメートル)の歯止めを行うため、ヒューム管からフォークリフトのフォークを外した後、フォークリフトから降りてヒューム管積上げ場所とロット積上げ場所との間に入ったところ、歯止めを行っていないヒューム管が落下し、激突した。","1","製造業","109","窯業土石製品製造業","10901","セメント・同製品製造業","30~49","6","荷","61","荷","611","荷姿の物","4","飛来、落下"
"1151","2005","平成","17","2","5~6","トラックで国道を走行中、交差点付近において車両同士の事故により停止していた他のトラックの後部に追突し、その後、交差点左前方にある家屋へ衝突した。","4","運輸交通業","403","道路貨物運送業","40301","一般貨物自動車運送業","50~99","2","物上げ装置、運搬機械","22","動力運搬機","221","トラック","17","交通事故（道路）"
"1152","2005","平成","17","6","4~5","自動車で走行中、片側1車線の緩やかなカーブを曲がりきれず、そのまま道路から15m離れた民家の納屋に突っ込んだ。","1","製造業","101","食料品製造業","10104","パン、菓子製造業","1~9","2","物上げ装置、運搬機械","23","乗物","231","乗用車、バス、バイク","17","交通事故（道路）"
"1153","2005","平成","17","6","16~17","灯油の配達のためローリー車を停車し、車から降りて作業にかかろうとした時に、無人の車が被災者の方へ逸走し、車の荷台と建物の壁との間に挟まれた。","8","商業","802","小売業","80204","燃料小売業","1~9","2","物上げ装置、運搬機械","22","動力運搬機","221","トラック","7","はさまれ、巻き込まれ"
"1154","2005","平成","17","8","11~12","屋上看板の塗装作業のために、作業箇所へ向かう途中で採光用のグラスファイバー製波板上に足を踏み込んだ際、その部分が抜け落ち、5m下のコンクリートへ転落した。","1","製造業","113","一般機械器具製造業","11301","機械（精密機械を除く）器具製造業","10~29","4","仮設物、建築物、構築物等","41","仮設物、建築物、構築物等","415","屋根、はり、もや、けた、合掌","1","墜落、転落"
"1155","2005","平成","17","9","16~17","造林地内の下刈り作業で、休憩のために近くを流れる沢に下りたところ倒れ、溺れた。","6","農林業","602","林業","60209","その他の林業","1~9","7","環境等","71","環境等","713","水","10","おぼれ"
"1156","2005","平成","17","11","11~12","自転車で、信号のない交差点を横断中に、左から来たトラックにはねられた。","1","製造業","101","食料品製造業","10102","水産食料品製造業","100~299","2","物上げ装置、運搬機械","23","乗物","231","乗用車、バス、バイク","17","交通事故（道路）"
"1157","2005","平成","17","12","23~24","国道を走行中、S字カーブでトラックがバランスを失い、ガードレールにのしかかるように横転し、前方の鉄道高架橋の橋桁に激突した。","4","運輸交通業","403","道路貨物運送業","40301","一般貨物自動車運送業","30~49","2","物上げ装置、運搬機械","22","動力運搬機","221","トラック","17","交通事故（道路）"
"1158","2005","平成","17","6","16~17","高圧受電配電盤の組立作業において、高圧変圧器の2次側の低圧回路に通電し電圧計の作動検査実施した後、電源用ケーブルのクリップを取り外そうとしたところ、電源用配線遮断器を「切」にし忘れたため、通電状態にある変圧器2次側端子に被災者が接触し感電した。","1","製造業","114","電気機械器具製造業","11409","その他の電気機械器具製造業","30~49","3","その他の装置等","35","電気設備","352","電力設備","13","感電"
"1159","2005","平成","17","8","11~12","工場の集じん機増設に伴う電源工事において、動力線新設作業に従事していた被災者が、電線の敷設を終えて片付け作業中に漏電していたワイヤクリップに触れたため感電した。","3","建設業","303","その他の建設業","30309","その他の建設業－その他","1~9","3","その他の装置等","35","電気設備","351","送配電線等","13","感電"
"1160","2005","平成","17","10","1~2","国道を走行中、対向するトレーラートラックの積荷の材木が荷崩れを起こし、運転席を直撃した。","4","運輸交通業","403","道路貨物運送業","40301","一般貨物自動車運送業","50~99","2","物上げ装置、運搬機械","22","動力運搬機","221","トラック","17","交通事故（道路）"
"1161","2005","平成","17","12","0~1","トラックで走行中、右カーブに差し掛かったところで路肩からはみ出し、電柱に激突したはずみでトラックが横転し、被災者がトラックの下敷きとなった。。","4","運輸交通業","403","道路貨物運送業","40303","貨物軽自動車運送業","1~9","2","物上げ装置、運搬機械","22","動力運搬機","221","トラック","17","交通事故（道路）"
"1162","2005","平成","17","2","8~9","国道を自家用車で走行中、左側の縁石に乗り上げて横転し、電柱に激突した。","1","製造業","101","食料品製造業","10109","その他の食料品製造業","1~9","2","物上げ装置、運搬機械","23","乗物","231","乗用車、バス、バイク","17","交通事故（道路）"
"1163","2005","平成","17","3","15~16","勾配45度の山林斜面上において、チェーンソーにより立木を伐倒し、玉切作業を行っていたところ、玉切り残り部材の下敷きとなった。","6","農林業","602","林業","60209","その他の林業","30~49","7","環境等","71","環境等","712","立木等","6","激突され"
"1164","2005","平成","17","10","21~22","バンバリーミキサーのバックドアからホッパ内部に体を入れたところ、上方から自重により降下して来たラムに圧迫され窒息した。","1","製造業","108","化学工業","10806","ゴム製品製造業","100~299","1","動力機械","16","一般動力機械","162","混合機、粉砕機","7","はさまれ、巻き込まれ"
"1165","2005","平成","17","11","7~8","ワゴン車で国道を走行中、センターラインをはみ出し、対向してきた路線バスと正面衝突した。","3","建設業","302","建築工事業","30201","鉄骨・鉄筋コンクリート造家屋建築工事業","1~9","2","物上げ装置、運搬機械","23","乗物","231","乗用車、バス、バイク","17","交通事故（道路）"
"1166","2005","平成","17","2","9~10","林内作業車を使用して丸太70本を運搬していたところ、幅1.7mの作業道の曲り角付近で林内作業車とともに2.5m下へ転落した。","6","農林業","602","林業","60209","その他の林業","10~29","2","物上げ装置、運搬機械","22","動力運搬機","229","その他の動力運搬機","1","墜落、転落"
"1167","2005","平成","17","6","4~5","原動機付き自転車(バイク)で新聞配達中、道路左側にあるレンコン畑に転落した。","8","商業","802","小売業","80205","新聞販売業","30~49","2","物上げ装置、運搬機械","23","乗物","231","乗用車、バス、バイク","17","交通事故（道路）"
"1168","2005","平成","17","8","3~4","普通トラックを走行中、停車して荷物の点検していた大型トラックに追突した。","3","建設業","301","土木工事業","30104","鉄道軌道建設工事業","10~29","2","物上げ装置、運搬機械","22","動力運搬機","221","トラック","17","交通事故（道路）"
"1169","2005","平成","17","8","15~16","トラックの荷物を降ろすため運転席から降りて荷台の扉を開けていた時、トラックが前進したためトラックの前で停止させようとしたが、敷地のフェンスとトラックとの間に挟まれ、転倒した。","4","運輸交通業","403","道路貨物運送業","40301","一般貨物自動車運送業","10~29","2","物上げ装置、運搬機械","22","動力運搬機","221","トラック","6","激突され"
"1170","2005","平成","17","9","11~12","屋根葺替工事において、屋根上で葺替え用の瓦を運んでいる時、軒先から4m下の地面に墜落した。","3","建設業","302","建築工事業","30202","木造家屋建築工事業","50~99","4","仮設物、建築物、構築物等","41","仮設物、建築物、構築物等","415","屋根、はり、もや、けた、合掌","1","墜落、転落"
"1171","2005","平成","17","12","10~11","コンクリート等の廃材を積んだトラックを停車して運転席を離れたところ、12度の勾配でトラックが動き出し、停車させようとしたが、トラックが縁石に乗り上げて横転し運転席側の下敷きとなった。","3","建設業","301","土木工事業","30110","上下水道工事業","1~9","2","物上げ装置、運搬機械","22","動力運搬機","221","トラック","2","転倒"
"1172","2005","平成","17","6","9~10","工事現場の事務所で打合せ中に突然倒れ、搬送された病院で、死亡した。","3","建設業","302","建築工事業","30201","鉄骨・鉄筋コンクリート造家屋建築工事業","10~29","9","その他","91","その他の起因物","911","その他の起因物","90","その他"
"1173","2005","平成","17","6","12~13","社用車で造船所構内を走行中、岸壁から車とともに海に転落した。","17","その他の事業","1702","その他の事業","170209","その他の事業－その他","300~499","2","物上げ装置、運搬機械","23","乗物","231","乗用車、バス、バイク","10","おぼれ"
"1174","2005","平成","17","9","3~4","トレーラートラックで国道を走行中、道路を外れて川に転落した。","4","運輸交通業","403","道路貨物運送業","40301","一般貨物自動車運送業","30~49","2","物上げ装置、運搬機械","22","動力運搬機","221","トラック","17","交通事故（道路）"
"1175","2005","平成","17","1","16~17","トラッククレーンのカウンタウエイトを取り外す作業を行うにあたり、クレーン上部旋回体のウインチ近くに設けられたカウンタウエイト油圧シリンダのピンを抜いていたところ、ウインチに巻き込まれた。","3","建設業","303","その他の建設業","30302","機械器具設置工事業","10~29","2","物上げ装置、運搬機械","21","動力クレーン等","219","その他の動力クレーン等","7","はさまれ、巻き込まれ"
"1176","2005","平成","17","1","15~16","休止していた均熱炉を再稼動させるため、2人の作業者が点火作業を行っていたところ、燃料である混合ガス(一酸化炭素58%を含む)が漏れ、これを吸った被災者らが倒れた。","1","製造業","110","鉄鋼業","11001","製鉄・製鋼・圧延業","1000~9999","5","物質、材料","51","危険物、有害物等","514","有害物","12","有害物等との接触"
"1177","2005","平成","17","1","15~16","休止していた均熱炉を再稼動させるため、2人の作業者が点火作業を行っていたところ、燃料である混合ガス(一酸化炭素58%を含む)が漏れ、これを吸った被災者らが倒れた。","1","製造業","110","鉄鋼業","11001","製鉄・製鋼・圧延業","1000~9999","5","物質、材料","51","危険物、有害物等","514","有害物","12","有害物等との接触"
"1178","2005","平成","17","2","10~11","一般住宅敷地の地盤改良工事において、工事に用いるボーリングマシンを所定の場所へ移動させる作業中、ボーリングマシンのバランスが崩れて倒れ、すぐそばでマシンの運転をしていた被災者が下敷きとなった。","3","建設業","302","建築工事業","30209","その他の建築工事業","1~9","1","動力機械","14","建設機械等","143","基礎工事用機械","6","激突され"
"1179","2005","平成","17","3","16~17","溶銑予備処理場において、溶銑運搬用列車の軌道上に積もったスラグをスコップで除去していたところ、走行してきたトラクター・ショベルにひかれた。","1","製造業","110","鉄鋼業","11001","製鉄・製鋼・圧延業","1000~9999","1","動力機械","14","建設機械等","141","整地・運搬・積込み用機械","7","はさまれ、巻き込まれ"
"1180","2005","平成","17","3","10~11","雑林の伐木作業中、立木が縦に裂け、裂けた立木が被災者へ落下し激突した。","14","接客娯楽業","1403","その他の接客娯楽業","140301","ゴルフ場","30~49","7","環境等","71","環境等","712","立木等","5","崩壊、倒壊"
"1181","2005","平成","17","6","10~11","軽トラックで国道を走行中、欄干に激突した。","8","商業","801","卸売業","80109","その他の卸売業","30~49","2","物上げ装置、運搬機械","22","動力運搬機","221","トラック","17","交通事故（道路）"
"1182","2005","平成","17","7","11~12","産業廃棄物処理場内の調整池から流れ出す水の水質管理をしていた被災者が、当該池にボートで入った際、水中に転落した。","15","清掃・と畜業","1501","清掃・と畜業","150102","産業廃棄物処理業","10~29","9","その他","91","その他の起因物","911","その他の起因物","10","おぼれ"
"1183","2005","平成","17","4","3~4","トラックで高速自動車道を走行中、前方不注意によりハンドル操作を誤り、道路左側に設けられたガードレール及び水銀灯に激突して、運転席より車外に投げ出され自車にひかれた。","4","運輸交通業","403","道路貨物運送業","40301","一般貨物自動車運送業","50~99","2","物上げ装置、運搬機械","22","動力運搬機","221","トラック","17","交通事故（道路）"
"1184","2005","平成","17","8","11~12","岸壁において船より荷揚げされた貨物の検査業務中、走行してきたフォークリフトにひかれた。","17","その他の事業","1702","その他の事業","170209","その他の事業－その他","50~99","2","物上げ装置、運搬機械","22","動力運搬機","222","フォークリフト","6","激突され"
"1185","2005","平成","17","12","6~7","高速自動車道インターチェンジ付近において、道路舗装工事を行うにあたっての交通規制の準備作業中、トラックが規制エリア内に突入し、規制エリア内で発電機に燃料を補給していた被災者がはねられた。","17","その他の事業","1702","その他の事業","170201","警備業","30~49","2","物上げ装置、運搬機械","22","動力運搬機","221","トラック","17","交通事故（道路）"
"1186","2005","平成","17","12","14~15","キュポラ用集じん機において、集じんした粉じんを排出口まで搬送するスクリューコンベヤーが故障したため、点検口から集じん機内に入り、機内の堆積粉じんの掻出し作業を行っていたところ、機内に滞留していた一酸化炭素を吸入した。","17","その他の事業","1701","派遣業","170101","派遣業","1~9","3","その他の装置等","39","その他の装置、設備","391","その他の装置、設備","12","有害物等との接触"
"1187","2005","平成","17","2","9~10","急傾斜地(45~54度)の斜面最上部付近で根切りした風倒木にワイヤをかけ、斜面下部の車両系建設機械につけたウインチで引き下げたところ、急斜面のため斜面を滑り落ち、途中の切株に当たり木の先が横に振れたため、離れた場所で作業していた被災者に激突した。","6","農林業","602","林業","60201","木材伐出業","10~29","7","環境等","71","環境等","712","立木等","6","激突され"
"1188","2005","平成","17","4","8~9","ドラグ・ショベルを操作中、路肩が一部崩れ、4m下の谷川に転落した。","3","建設業","301","土木工事業","30106","道路建設工事業","1~9","7","環境等","71","環境等","711","地山、岩石","1","墜落、転落"
"1189","2005","平成","17","5","10~11","急斜面において、根切りした風倒木3本を、ウインチ付きドラグ・ショベルのワイヤロープで引き下ろす作業をしていたところ、1本が大きく横に開き、被災者を直撃した。","6","農林業","602","林業","60201","木材伐出業","1~9","7","環境等","71","環境等","712","立木等","6","激突され"
"1190","2005","平成","17","6","9~10","風倒木処理作業で、伐倒、玉切りしたヒノキを、植林のため、地拵えのようにグラップルとシャークバケットを用いて積み上げていたところ、グラップルでつかんだ立木が激突した。","6","農林業","602","林業","60209","その他の林業","10~29","1","動力機械","16","一般動力機械","169","その他の一般動力機械","6","激突され"
"1191","2005","平成","17","7","11~12","トラックを運転中、追い越し禁止区間の左のゆるいカーブで、先行車を追い越そうと対向車線へはみ出したところ、対向してきた大型トラックに衝突した。","4","運輸交通業","403","道路貨物運送業","40301","一般貨物自動車運送業","1~9","2","物上げ装置、運搬機械","22","動力運搬機","221","トラック","17","交通事故（道路）"
"1192","2005","平成","17","8","14~15","小型クローラクレーンで勾配が26度の坂道を登坂中、20センチメートルの段差を乗り越えようとしたところクレーン前部が持ち上がった状態になり、登りきれずにクレーンが横転し、運転していた被災者がクレーン後部に挟まれた。","3","建設業","303","その他の建設業","30309","その他の建設業－その他","1~9","2","物上げ装置、運搬機械","21","動力クレーン等","212","移動式クレーン","1","墜落、転落"
"1193","2005","平成","17","12","8~9","タンクローリーで走行中、対向してきたダンプトラックがセンターラインをはみ出してきて正面衝突した。","15","清掃・と畜業","1501","清掃・と畜業","150102","産業廃棄物処理業","1~9","2","物上げ装置、運搬機械","22","動力運搬機","221","トラック","17","交通事故（道路）"
"1194","2005","平成","17","1","16~17","ダンプトラックで生コン車を現場まで先導し、生コン車を現場にバックで誘導するため、ダンプトラックから降り生コン車の方へ回り込もうとしたところ、ダンプトラックが下がってきた。これを見た被災者はダンプトラック後方に回り止めようとしたが、停車中のドラグ・ショベルとの間に挟まれた。","3","建設業","301","土木工事業","30106","道路建設工事業","30~49","2","物上げ装置、運搬機械","22","動力運搬機","221","トラック","7","はさまれ、巻き込まれ"
"1195","2005","平成","17","6","16~17","トレーラートラックに鋼管(12トン)を積載し、工場構内を15キロメートルの速度で走行中、交差点で左から来た別のトレーラートラックの後部に衝突した。","5","貨物取扱業","502","港湾運送業","50201","一般港湾運送業","100~299","2","物上げ装置、運搬機械","22","動力運搬機","221","トラック","3","激突"
"1196","2005","平成","17","5","10~11","積載荷重0.5トンのクローラ式運搬車に石材1トンを積み込み坂道を後退中、運搬機の制御が利かなくなり、運搬車と坂道脇の擁壁との間に挟まれた。","3","建設業","301","土木工事業","30199","その他の土木工事業","1~9","2","物上げ装置、運搬機械","22","動力運搬機","229","その他の動力運搬機","7","はさまれ、巻き込まれ"
"1197","2005","平成","17","5","10~11","スレート屋根の解体作業中、移動式足場の最上層(高さ4m)からコンクリート床面に墜落した。","3","建設業","302","建築工事業","30209","その他の建築工事業","1~9","4","仮設物、建築物、構築物等","41","仮設物、建築物、構築物等","411","足場","1","墜落、転落"
"1198","2005","平成","17","8","21~22","大型トレーラートラックで国道を走行中、左急カーブを曲がり切れずに対向車線にはみ出し、対向の乗用車及びタクシーに接触し横転した。","4","運輸交通業","403","道路貨物運送業","40301","一般貨物自動車運送業","10~29","2","物上げ装置、運搬機械","22","動力運搬機","221","トラック","17","交通事故（道路）"
"1199","2005","平成","17","2","18~19","雑木をチェーンソーで伐倒作業中、雑木の幹が裂けて被災者にのしかかるように倒れ、その下敷きとなり動けなくなった。","3","建設業","301","土木工事業","30199","その他の土木工事業","10~29","7","環境等","71","環境等","712","立木等","6","激突され"
"1200","2005","平成","17","1","17~18","倉庫の屋根の塩化ビニル製の波板のふき替え作業中、側にあった高圧電線(交流6600V)に触れて感電した。","3","建設業","302","建築工事業","30201","鉄骨・鉄筋コンクリート造家屋建築工事業","10~29","3","その他の装置等","35","電気設備","351","送配電線等","13","感電"
"1201","2005","平成","17","2","16~17","マンション新築工事現場において、外部足場の解体作業中に、建屋6階荷受けステージの単管クランプを外した際に単管が斜めに下がり、15m下に墜落した。","3","建設業","302","建築工事業","30201","鉄骨・鉄筋コンクリート造家屋建築工事業","10~29","4","仮設物、建築物、構築物等","41","仮設物、建築物、構築物等","411","足場","1","墜落、転落"
"1202","2005","平成","17","2","9~10","ワゴン車で国道を走行中、センターラインをはみ出してきた対向のトラックと衝突した。","8","商業","801","卸売業","80109","その他の卸売業","50~99","2","物上げ装置、運搬機械","22","動力運搬機","221","トラック","17","交通事故（道路）"
"1203","2005","平成","17","2","14~15","屋根に太陽光システムを設置するに当たり、屋根寸法を測るため納屋の軒に木製のはしごをかけてスレート屋根に上がったところ、スレートを踏み抜き、3m下のコンクリート床に墜落した。","8","商業","801","卸売業","80109","その他の卸売業","10~29","4","仮設物、建築物、構築物等","41","仮設物、建築物、構築物等","415","屋根、はり、もや、けた、合掌","1","墜落、転落"
"1204","2005","平成","17","1","11~12","信号のない交差点で被災者が運転する車が交差点に入り、右折しようとした時、右から直進して来たトラックと衝突した。","9","金融・広告業","901","金融業","90103","保険業","500~999","2","物上げ装置、運搬機械","23","乗物","231","乗用車、バス、バイク","17","交通事故（道路）"
"1205","2005","平成","17","3","19~20","事業場に隣接している寮で入浴中、浴室の洗い場の窓から4m下の地面に墜落した。","1","製造業","101","食料品製造業","10105","酒類製造業","30~49","4","仮設物、建築物、構築物等","41","仮設物、建築物、構築物等","418","建築物、構築物","1","墜落、転落"
"1206","2005","平成","17","5","15~16","解体作業現場において、油圧ショベルのアタッチメントである鉄骨カッターをダンプトラックに載せるために、圧砕機を装着した油圧ショベルを使用して同カッターをつり上げたところ、ワイヤロープが外れて同カッターが落ち被災者に激突した。","3","建設業","302","建築工事業","30209","その他の建築工事業","1~9","1","動力機械","14","建設機械等","149","その他の建設機械等","4","飛来、落下"
"1207","2005","平成","17","5","22~23","大型トラックでバイパスを走行中、故障により路肩に止まっていたトラックに衝突した。","15","清掃・と畜業","1501","清掃・と畜業","150102","産業廃棄物処理業","30~49","2","物上げ装置、運搬機械","22","動力運搬機","221","トラック","17","交通事故（道路）"
"1208","2005","平成","17","3","7~8","朝刊配達業務中、大通りを原動機付き自転車(バイク)に乗車して横断していたところ、左側から来た乗用車と衝突した。","8","商業","802","小売業","80205","新聞販売業","10~29","2","物上げ装置、運搬機械","23","乗物","231","乗用車、バス、バイク","17","交通事故（道路）"
"1209","2005","平成","17","8","10~11","漁船に乗り漁に従事中、網を引き揚げる巻取り機のローラーに巻き込まれた。","1","製造業","101","食料品製造業","10102","水産食料品製造業","10~29","2","物上げ装置、運搬機械","21","動力クレーン等","219","その他の動力クレーン等","7","はさまれ、巻き込まれ"
"1210","2005","平成","17","1","4~5","自宅で就寝中、子供が夜泣きをしたため起床し、あやしていたところ突然倒れた。","17","その他の事業","1702","その他の事業","170209","その他の事業－その他","300~499","9","その他","91","その他の起因物","911","その他の起因物","90","その他"
"1211","2005","平成","17","10","11~12","ドラグ・ショベルのバケットに取り付けられたコンクリートホッパにコンクリートを入れ、アームを旋回させたところ横転し、付近で型枠の建込作業を行っていた被災者が、ドラグ・ショベルの車体に押された型枠材との間に挟まれた。","3","建設業","301","土木工事業","30199","その他の土木工事業","1~9","1","動力機械","14","建設機械等","142","掘削用機械","6","激突され"
"1212","2005","平成","17","11","0~1","貨物自動車で走行中、前方の信号待ちで停車していた貨物自動車に追突した。","4","運輸交通業","403","道路貨物運送業","40301","一般貨物自動車運送業","10~29","2","物上げ装置、運搬機械","22","動力運搬機","221","トラック","17","交通事故（道路）"
"1213","2005","平成","17","11","10~11","貨物自動車で走行中、前方の信号待ちで停車していた貨物自動車に追突した。","4","運輸交通業","403","道路貨物運送業","40301","一般貨物自動車運送業","50~99","2","物上げ装置、運搬機械","22","動力運搬機","221","トラック","17","交通事故（道路）"
"1214","2005","平成","17","12","14~15","乗用車の助手席に乗り移動中、対向車と衝突し、さらに後続の大型トラックと衝突した。","3","建設業","302","建築工事業","30201","鉄骨・鉄筋コンクリート造家屋建築工事業","30~49","2","物上げ装置、運搬機械","23","乗物","231","乗用車、バス、バイク","17","交通事故（道路）"
"1215","2005","平成","17","12","9~10","道路上にてダンプトラックの点検を行っていたところ、ダンプトラックの荷台を上げ下げさせる油圧ポンプに動力を伝達するシャフトに衣服を巻き込まれて被災した。","8","商業","804","その他の商業","80409","その他の商業－その他","10~29","2","物上げ装置、運搬機械","22","動力運搬機","221","トラック","7","はさまれ、巻き込まれ"
"1216","2005","平成","17","12","13~14","乗用車に後部座席に乗り移動中、交差点にて、優先道路を横断しようとしたトラックと衝突した。","8","商業","801","卸売業","80109","その他の卸売業","1~9","2","物上げ装置、運搬機械","23","乗物","231","乗用車、バス、バイク","17","交通事故（道路）"
"1217","2005","平成","17","6","10~11","市道で、片側交互通行の交通誘導の業務中、わき見運転により直進してきた軽自動車に激突された。","17","その他の事業","1702","その他の事業","170201","警備業","100~299","2","物上げ装置、運搬機械","23","乗物","231","乗用車、バス、バイク","17","交通事故（道路）"
"1218","2005","平成","17","6","13~14","砂防工事において、法面を下降中に、建設用機械とともに転落し、機体と破損したヘッドガードとの間に挟まれた。","3","建設業","301","土木工事業","30106","道路建設工事業","1~9","1","動力機械","14","建設機械等","141","整地・運搬・積込み用機械","1","墜落、転落"
"1219","2005","平成","17","8","6~7","乗用車を運転し駐車場でバックした際、高さ15センチメートルの車止めを乗り越え、海中に車体後部から転落し、海中に沈んだ。","1","製造業","115","輸送用機械等製造業","11501","造船業","1~9","2","物上げ装置、運搬機械","23","乗物","231","乗用車、バス、バイク","1","墜落、転落"
"1220","2005","平成","17","10","16~17","掘削工事で出た土砂の運搬のため、土砂が入れられたつり紐付きの袋を移動式クレーンでつり上げ、トラックの荷台に袋の中の土砂を移す際に、袋の中に土砂が残ったため、荷台上にいた被災者が土砂を袋から出そうと移動式クレーンのジブを起こすように合図したところ袋が被災者に激突し、被災者がトラックの荷台から墜落した。","3","建設業","301","土木工事業","30106","道路建設工事業","10~29","6","荷","61","荷","611","荷姿の物","6","激突され"
"1221","2005","平成","17","1","5~6","新聞配達のため市道を走行中、凍結路で原動機付き自転車(バイク)が滑り、転倒した。","8","商業","802","小売業","80205","新聞販売業","10~29","2","物上げ装置、運搬機械","23","乗物","231","乗用車、バス、バイク","17","交通事故（道路）"
"1222","2005","平成","17","4","8~9","センター内の設備の点検整備をしていたところ、分水枡内に転落した。","1","製造業","116","電気・ガス・水道業","11603","水道業","10~29","4","仮設物、建築物、構築物等","41","仮設物、建築物、構築物等","414","開口部","1","墜落、転落"
"1223","2005","平成","17","7","4~5","原動機付き自転車(バイク)で配達中、信号機のない交差点で乗用車と接触、転倒した。","8","商業","802","小売業","80205","新聞販売業","10~29","2","物上げ装置、運搬機械","23","乗物","231","乗用車、バス、バイク","17","交通事故（道路）"
"1224","2005","平成","17","7","11~12","空気分離装置に充填していた粉末状の断熱材を吸引、除去する作業中、断熱材に埋まった。","3","建設業","303","その他の建設業","30309","その他の建設業－その他","1~9","3","その他の装置等","39","その他の装置、設備","391","その他の装置、設備","5","崩壊、倒壊"
"1225","2005","平成","17","12","3~4","トラックで走行中、センターラインをはみ出してきた対向の貨物自動車と衝突した。","4","運輸交通業","403","道路貨物運送業","40301","一般貨物自動車運送業","10~29","2","物上げ装置、運搬機械","22","動力運搬機","221","トラック","17","交通事故（道路）"
"1226","2005","平成","17","4","10~11","工事看板を持って移動中に、突然しゃがみ込み、そのまま倒れた。","3","建設業","302","建築工事業","30209","その他の建築工事業","30~49","9","その他","91","その他の起因物","911","その他の起因物","90","その他"
"1227","2005","平成","17","12","6~7","国道のバスレーンにおいて、積雪のためタイヤチェーン装着の準備中、後方より大型車が突っ込んできて、被災者に激突した。","4","運輸交通業","403","道路貨物運送業","40301","一般貨物自動車運送業","300~499","2","物上げ装置、運搬機械","22","動力運搬機","221","トラック","17","交通事故（道路）"
"1228","2005","平成","17","11","11~12","新築工事現場において、2階の床合板を敷く作業中、床合板を敷き終わっていない開口部から墜落した。","3","建設業","302","建築工事業","30202","木造家屋建築工事業","1~9","4","仮設物、建築物、構築物等","41","仮設物、建築物、構築物等","414","開口部","1","墜落、転落"
"1229","2005","平成","17","1","15~16","新造船(2万トン)の船底において、アーク溶接を行っていたところ、やけどを負った。","1","製造業","115","輸送用機械等製造業","11501","造船業","50~99","3","その他の装置等","33","溶接装置","332","アーク溶接装置","16","火災"
"1230","2005","平成","17","2","10~11","組立定盤のパイプ治具上に設置された船体ブロックの部材取付作業において、部材の位置合わせのためチェーンブロックで部材を引っ張っていたところ、船体ブロック全体がパイプ治具からずり落ち、被災者が背後にあった鋼製ゴミ箱とずり落ちたブロックとの間に挟まれた。","1","製造業","115","輸送用機械等製造業","11501","造船業","10~29","4","仮設物、建築物、構築物等","41","仮設物、建築物、構築物等","418","建築物、構築物","4","飛来、落下"
"1231","2005","平成","17","5","13~14","乗用車で走行中、雨で路面が濡れていたためスリップし、街路樹に激突した。","1","製造業","117","その他の製造業","11702","機械修理業","1~9","2","物上げ装置、運搬機械","23","乗物","231","乗用車、バス、バイク","17","交通事故（道路）"
"1232","2005","平成","17","6","13~14","出先からの帰社途中、センターラインをはみ出して対向車と衝突した。","1","製造業","104","木材・木製品製造業","10401","製材業","10~29","2","物上げ装置、運搬機械","23","乗物","231","乗用車、バス、バイク","17","交通事故（道路）"
"1233","2005","平成","17","7","15~16","車庫の梁部分に取り付けられたコードリールを、脚立に乗って取り外していたところ、脚立ごと倒れて墜落した。","3","建設業","303","その他の建設業","30309","その他の建設業－その他","10~29","3","その他の装置等","37","用具","371","はしご等","1","墜落、転落"
"1234","2005","平成","17","10","18~19","耐火れんがを製造するための成形機械の型交換作業中、上下の型の間に入って型の調整を行っていたところ、上型が下降し、挟まれた。","1","製造業","109","窯業土石製品製造業","10904","耐火物製造業","50~99","1","動力機械","16","一般動力機械","169","その他の一般動力機械","7","はさまれ、巻き込まれ"
"1235","2005","平成","17","12","18~19","マイクロバスの後退を誘導するため、国道に出たところ、乗用車にはねられた。","4","運輸交通業","402","道路旅客運送業","40201","ハイヤー・タクシー業","50~99","2","物上げ装置、運搬機械","23","乗物","231","乗用車、バス、バイク","17","交通事故（道路）"
"1236","2005","平成","17","2","23~24","国道の片側交互通行の交通誘導中、赤色灯を出し停止合図を行っていた被災者を軽乗用車がはねた。","17","その他の事業","1702","その他の事業","170201","警備業","10~29","2","物上げ装置、運搬機械","23","乗物","231","乗用車、バス、バイク","17","交通事故（道路）"
"1237","2005","平成","17","6","14~15","ほ場整備工事において、水路確保のためのヒューム管敷設作業中、埋め戻しのためのドラグ・ショベルの旋回範囲から離れるため、被災者が移動した直後、土砂が崩壊し埋まった。","3","建設業","301","土木工事業","30109","土地整理土木工事業","10~29","7","環境等","71","環境等","711","地山、岩石","5","崩壊、倒壊"
"1238","2005","平成","17","10","15~16","伐採木の積込み作業のためダンプトラックの荷台に上がっていたところ、バランスを崩し、3m下の道路に墜落した。","15","清掃・と畜業","1501","清掃・と畜業","150102","産業廃棄物処理業","1~9","2","物上げ装置、運搬機械","22","動力運搬機","221","トラック","1","墜落、転落"
"1239","2005","平成","17","6","15~16","山中の木材集材現場において、集材機を用いて集材装置を構築中にガイドツリーが倒れ、構築補助中の被災者に当たった。","6","農林業","602","林業","60201","木材伐出業","1~9","2","物上げ装置、運搬機械","21","動力クレーン等","217","機械集材装置、運材索道","4","飛来、落下"
"1240","2005","平成","17","11","11~12","ほ場整備に用いられた他社使用のドラグ・ショベルを運搬するため、キャリアトラックの荷台に積載し緊結作業を実施後、下り坂のため無人で動き始めたキャリアトラックを止めようとして被災した。","4","運輸交通業","403","道路貨物運送業","40301","一般貨物自動車運送業","10~29","2","物上げ装置、運搬機械","22","動力運搬機","221","トラック","17","交通事故（道路）"
"1241","2005","平成","17","1","8~9","林道下の急斜面で台風により掛かり木になっている倒木を伐木する作業で、グラップルソーにワイヤをかけ伐木した木を引き上げていたところ、ワイヤが引き上げていた木の枝に引っかかり、当該ワイヤロープが枝から外れてはねた時に、被災者を直撃した。","6","農林業","602","林業","60201","木材伐出業","100~299","3","その他の装置等","37","用具","379","その他の用具","6","激突され"
"1242","2005","平成","17","12","11~12","移動式クレーンで分電盤(重さ250キログラム)の荷揚げ作業を行っていたところ、2点つりしていたアイ付きベルトスリングよりバランスを崩して分電盤が落下し、分電盤をトラックで輸送してきた被災者に激突した。","4","運輸交通業","403","道路貨物運送業","40301","一般貨物自動車運送業","10~29","3","その他の装置等","37","用具","372","玉掛用具","4","飛来、落下"
"1243","2005","平成","17","2","1~2","大型トラックに荷を積込み、帰社する途中、国道上に停車していた大型トラックに追突した。","4","運輸交通業","403","道路貨物運送業","40301","一般貨物自動車運送業","30~49","2","物上げ装置、運搬機械","22","動力運搬機","221","トラック","17","交通事故（道路）"
"1244","2005","平成","17","7","1~2","トラックで国道を走行中、センターラインをはみ出してきた対向車と正面衝突した。","4","運輸交通業","403","道路貨物運送業","40301","一般貨物自動車運送業","100~299","2","物上げ装置、運搬機械","22","動力運搬機","221","トラック","17","交通事故（道路）"
"1245","2005","平成","17","9","11~12","ドラグ・ショベルで県道を自走していたところ、道路が陥没してドラグ・ショベルが横転、ガードレールと機械との間に挟まれた。","3","建設業","301","土木工事業","30199","その他の土木工事業","10~29","1","動力機械","14","建設機械等","142","掘削用機械","17","交通事故（道路）"
"1246","2005","平成","17","10","0~1","トラックを運転中、上り坂左カーブで、対向車線にはみ出して対向してきたダンプトラックと乗用車に相次いで接触し、そのままガードレールを突き破り、田んぼに転落した。","8","商業","801","卸売業","80109","その他の卸売業","1~9","2","物上げ装置、運搬機械","22","動力運搬機","221","トラック","17","交通事故（道路）"
"1247","2005","平成","17","4","17~18","船舶のハッチカバーのエアシリンダーの整備中、ハッチカバーが突然閉まり、被災者に激突、その衝撃でハッチ内に仮設していた足場の上から、12m下の船倉内通路に落下した。","1","製造業","115","輸送用機械等製造業","11501","造船業","1~9","4","仮設物、建築物、構築物等","41","仮設物、建築物、構築物等","411","足場","1","墜落、転落"
"1248","2005","平成","17","6","13~14","天井クレーンにてコイル状のを運搬するために無線操作しながら工場内通路を移動中、工場内に進入してきたフォークリフトと通路交差点内で接触して転倒し、車体下部に巻き込まれた。","1","製造業","111","非鉄金属製造業","11101","非鉄金属精錬・圧延業","300~499","2","物上げ装置、運搬機械","22","動力運搬機","222","フォークリフト","7","はさまれ、巻き込まれ"
"1249","2005","平成","17","8","7~8","トラックで高速自動車道を走行中、トンネル内で故障により左車線に停車していた大型トレーラートラックに追突した。","4","運輸交通業","403","道路貨物運送業","40301","一般貨物自動車運送業","50~99","2","物上げ装置、運搬機械","22","動力運搬機","221","トラック","17","交通事故（道路）"
"1250","2005","平成","17","8","15~16","県道の側溝にふたをしたあと、側溝のかかりとふたの間にふたのすわりをよくするため、土を入れる作業を行っていたところ、道路上を走行してきた軽乗用車が車線を越え、被災者をはねた。","3","建設業","301","土木工事業","30106","道路建設工事業","10~29","2","物上げ装置、運搬機械","23","乗物","231","乗用車、バス、バイク","17","交通事故（道路）"
"1251","2005","平成","17","9","11~12","工場横にコンクリートミキサー車を停車させるため、被災者が運転席側のドアを開けて後方を確認しながらバックさせていたところ、車両のドアと工場の壁が激突、そのはずみで運転席から投げ出され、壁と車両のドアとの間に挟まれた。","4","運輸交通業","403","道路貨物運送業","40302","特定貨物自動車運送業","10~29","2","物上げ装置、運搬機械","22","動力運搬機","221","トラック","7","はさまれ、巻き込まれ"
"1252","2005","平成","17","9","7~8","道路工事現場で交通誘導をしていた被災者が、付近の市道を横断していたところ、乗用車にはねられた。","17","その他の事業","1702","その他の事業","170201","警備業","10~29","2","物上げ装置、運搬機械","23","乗物","231","乗用車、バス、バイク","17","交通事故（道路）"
"1253","2005","平成","17","2","17~18","食品加工機械を滅菌するための蒸煮器内で倒れた。蒸煮器内部に取り付けてある扉開放レバー(安全レバー)は壊れており、扉が閉まると内部から開けることができない状態であった。","1","製造業","101","食料品製造業","10101","肉製品、乳製品製造業","50~99","9","その他","92","起因物なし","921","起因物なし","90","その他"
"1254","2005","平成","17","12","6~7","トラックで国道を走行中、道沿いの駐車場脇の水路に転落した。","4","運輸交通業","403","道路貨物運送業","40301","一般貨物自動車運送業","10~29","2","物上げ装置、運搬機械","22","動力運搬機","221","トラック","17","交通事故（道路）"
"1255","2005","平成","17","4","9~10","工場内において、不要になった鉄板を立て掛けておく整理枠と鉄板の撤去作業中、被災者が立て掛けてあった鉄板と鉄板の間に立ち入ったところ、鉄板3枚(1枚の重さ200キログラム)が突如倒れ、これに挟まれた。","1","製造業","112","金属製品製造業","11209","その他の金属製品製造業","30~49","5","物質、材料","52","材料","521","金属材料","5","崩壊、倒壊"
"1256","2005","平成","17","2","5~6","舗装工事終了後、施工区間のパイロンを回収し、積込み作業中、軽自動車が規制車に衝突し、誘導していた被災者がその車両と規制車との間に挟まれた。","17","その他の事業","1702","その他の事業","170201","警備業","30~49","2","物上げ装置、運搬機械","23","乗物","231","乗用車、バス、バイク","17","交通事故（道路）"
"1257","2005","平成","17","6","13~14","ダンプトラックで片側1車線のトンネル内を走行中、対向して来た大型トラックがセンターラインをはみ出し、衝突した。","4","運輸交通業","403","道路貨物運送業","40301","一般貨物自動車運送業","100~299","2","物上げ装置、運搬機械","22","動力運搬機","221","トラック","17","交通事故（道路）"
"1258","2005","平成","17","8","14~15","建物天井部分のはつり作業後、作業用具片付けのために階段を下りていたところ意識を失い、階段から踊り場に転落した。","16","官公署","1601","官公署","160101","官公署","100~299","4","仮設物、建築物、構築物等","41","仮設物、建築物、構築物等","413","階段、桟橋","1","墜落、転落"
"1259","2005","平成","17","5","11~12","貨物船から杉チップの水切り作業中、船倉内の杉チップ上を走行中のトリミング・ドーザーが下り坂で前方に傾き、運転中の被災者が運転席から機体前方に投げ出されクローラでひかれた。","5","貨物取扱業","502","港湾運送業","50202","港湾荷役業","100~299","1","動力機械","14","建設機械等","141","整地・運搬・積込み用機械","7","はさまれ、巻き込まれ"
"1260","2005","平成","17","5","13~14","産業廃棄物最終処分場内において、廃棄物として出されていた消火器を鉄くずとして回収するため、車両系建設機械に取り付けた破砕機により、キャップを割り、消化剤を取り出そうとして消火器を挟み込んだ時、同消火器が跳ねて、側で合図していた被災者に激突した。","15","清掃・と畜業","1501","清掃・と畜業","150102","産業廃棄物処理業","30~49","3","その他の装置等","31","圧力容器","319","その他の圧力容器","4","飛来、落下"
"1261","2005","平成","17","6","15~16","トラックで県道を走行中、緩やかな右カーブでセンターラインをはみ出し、対向してきた大型トレーラートラックの側面に衝突した。","8","商業","801","卸売業","80109","その他の卸売業","10~29","2","物上げ装置、運搬機械","22","動力運搬機","221","トラック","17","交通事故（道路）"
"1262","2005","平成","17","11","14~15","車両積載形トラッククレーン(つり上げ荷重2.9トン)を用いて荷台からヒューム管(重さ2トン)を荷降ろし作業中、クレーンが横転し、クレーン操作を行っていた被災者がクレーン車体とガードレールとの間に挟まれた。","3","建設業","301","土木工事業","30106","道路建設工事業","10~29","2","物上げ装置、運搬機械","21","動力クレーン等","212","移動式クレーン","2","転倒"
"1263","2005","平成","17","4","9~10","電車に乗車中に脱線転覆事故に巻き込まれた。","1","製造業","108","化学工業","10803","医薬品製造業","100~299","2","物上げ装置、運搬機械","23","乗物","232","鉄道車両","18","交通事故（その他）"
"1264","2005","平成","17","7","13~14","自家用車で県道を走行中、下り左カーブにてスリップして道路左側の電柱に衝突した。","8","商業","802","小売業","80201","各種商品小売業","50~99","2","物上げ装置、運搬機械","23","乗物","231","乗用車、バス、バイク","17","交通事故（道路）"
"1265","2005","平成","17","1","14~15","被災者が醤油の配達先で、醤油を入れる箱に入っていた空き瓶と新しい醤油を入れ替える作業中に側溝(幅1.3m、深さ1.5m)に墜落した。","8","商業","801","卸売業","80109","その他の卸売業","1~9","4","仮設物、建築物、構築物等","41","仮設物、建築物、構築物等","416","作業床、歩み板","1","墜落、転落"
"1266","2005","平成","17","3","9~10","立木伐採作業中、チェーソーを手に持ちながら退避を始めたところ、何かにつまずき、その勢いで斜面を駆け下りる形となり、静止が効かないまま高さ2mの位置から斜面下にあるアスファルト道路に墜落した。","3","建設業","301","土木工事業","30106","道路建設工事業","1~9","7","環境等","71","環境等","711","地山、岩石","1","墜落、転落"
"1267","2005","平成","17","8","11~12","伐倒した原木を機械集材装置により集材作業中、被災者は集材機の操作を行って、原木を集材機の直ぐそばにある集積場に降ろそうとしたところ、原木の一端が地上に着いた際、原木をつっていたワイヤーがフックから外れて原木が倒れ、仮設していたトタン屋根に直撃し、そのトタン屋根を支える骨組み材が被災者に激突した。","6","農林業","602","林業","60201","木材伐出業","1~9","2","物上げ装置、運搬機械","21","動力クレーン等","217","機械集材装置、運材索道","4","飛来、落下"
"1268","2005","平成","17","11","7~8","自社からトラックで運搬して来た荷を降ろす作業中、荷台内に立て掛けてあった梱包ガラス(重さ170キログラム)を固定していたラッシングベルトを外したところ、梱包ガラスが倒れ、被災者が下敷きとなった。","4","運輸交通業","403","道路貨物運送業","40301","一般貨物自動車運送業","50~99","6","荷","61","荷","611","荷姿の物","5","崩壊、倒壊"
"1269","2005","平成","17","3","8~9","軽トラックで国道を走行中、センターラインをはみ出してきた対向の乗用車と衝突した。","3","建設業","302","建築工事業","30209","その他の建築工事業","10~29","2","物上げ装置、運搬機械","23","乗物","231","乗用車、バス、バイク","17","交通事故（道路）"
"1270","2005","平成","17","5","5~6","新聞配達中、原動機付き自転車(バイク)で町道の交差点を通過しようとしたところ、右側から来た軽乗用車と衝突した。","8","商業","802","小売業","80205","新聞販売業","1~9","2","物上げ装置、運搬機械","23","乗物","231","乗用車、バス、バイク","17","交通事故（道路）"
"1271","2005","平成","17","6","14~15","産業廃棄物処理工場内において、フォークリフトを所定の場所に移動させていたところ、前方にいた被災者に気づかず激突した。","15","清掃・と畜業","1501","清掃・と畜業","150102","産業廃棄物処理業","10~29","2","物上げ装置、運搬機械","22","動力運搬機","222","フォークリフト","6","激突され"
"1272","2005","平成","17","6","10~11","工事現場において、アースドリルを旋回したところ、アースドリルの後部と置いてあった鉄製の箱との間に挟まれた。","3","建設業","301","土木工事業","30199","その他の土木工事業","10~29","1","動力機械","14","建設機械等","143","基礎工事用機械","7","はさまれ、巻き込まれ"
"1273","2005","平成","17","2","14~15","給水車で国道を走行中、カーブを曲がりきれず、路肩歩道の擁壁に乗り上げて給水車が横転し、運転手側のドアの下敷きとなった。","17","その他の事業","1702","その他の事業","170201","警備業","50~99","2","物上げ装置、運搬機械","22","動力運搬機","221","トラック","17","交通事故（道路）"
"1274","2005","平成","17","8","16~17","建設機械の修理点検作業において、事業場敷地とその隣にある作業場敷地への行き来の際、両敷地の境界にある用水路に転落した。","3","建設業","301","土木工事業","30106","道路建設工事業","30~49","4","仮設物、建築物、構築物等","41","仮設物、建築物、構築物等","418","建築物、構築物","1","墜落、転落"
"1275","2005","平成","17","11","19~20","ビル屋上に携帯電話の中継基地を作る建設工事において、トランスを取り外す作業中、屋上(地上高さ20m)から墜落した。","3","建設業","303","その他の建設業","30302","機械器具設置工事業","1~9","4","仮設物、建築物、構築物等","41","仮設物、建築物、構築物等","418","建築物、構築物","1","墜落、転落"
"1276","2005","平成","17","11","3~4","トラックに積み込んだ建築用資材をラッシングベルトで荷台に締付け作業中、使用していた荷締め機の持ち手の金具が外れ、その反動で3m下の歩道上に墜落した。","4","運輸交通業","403","道路貨物運送業","40301","一般貨物自動車運送業","1~9","2","物上げ装置、運搬機械","22","動力運搬機","221","トラック","1","墜落、転落"
"1277","2005","平成","17","2","8~9","ダンプトラックを移送するため、ステップ及びミラーを取り外す作業中、すぐ横で作業中のドラグ・ショベルが旋回したため、ドラグ・ショベルのバケットとダンプトラック車体との間に挟まれた。","2","鉱業","202","土石採取業","20209","その他の土石採取業","1~9","1","動力機械","14","建設機械等","142","掘削用機械","7","はさまれ、巻き込まれ"
"1278","2005","平成","17","3","21~22","トラックで県道を走行中、交差点において右折のために停車していた軽自動車に追突した。","4","運輸交通業","403","道路貨物運送業","40301","一般貨物自動車運送業","30~49","2","物上げ装置、運搬機械","22","動力運搬機","221","トラック","17","交通事故（道路）"
"1279","2005","平成","17","10","13~14","土木工事現場で使用を終えた型枠材等をダンプトラックに積み込み、資材置場までの搬送中、荷台から落下した一輪車を拾うため、ダンプトラックを後退させていたところ、路肩から脱輪、ダンプトラックとともに2m下の水田に落下した。","3","建設業","301","土木工事業","30199","その他の土木工事業","1~9","2","物上げ装置、運搬機械","22","動力運搬機","221","トラック","1","墜落、転落"
"1280","2005","平成","17","3","10~11","林道建設工事において、法面に亀甲金網を取り付ける作業に従事していたところ、法面上方の山腹から10m下の林道に墜落した。","3","建設業","301","土木工事業","30106","道路建設工事業","1~9","7","環境等","71","環境等","711","地山、岩石","1","墜落、転落"
"1281","2005","平成","17","6","22~23","線路内で枕木交換のため、交換する枕木を載せたトロッコを5人で押して作業現場に向かっていたところ、後方から列車がきて、はねられた。","3","建設業","301","土木工事業","30104","鉄道軌道建設工事業","30~49","2","物上げ装置、運搬機械","23","乗物","232","鉄道車両","6","激突され"
"1282","2005","平成","17","2","11~12","担当する工事現場を確認しに行くため市道を自転車で横断していた被災者が、右側から走行してきたトラックを追い越してきた乗用車にはねられた。","3","建設業","302","建築工事業","30203","建築設備工事業","10~29","2","物上げ装置、運搬機械","23","乗物","239","その他の乗物","17","交通事故（道路）"
"1283","2005","平成","17","7","10~11","屋外で桟干しされた製材済みの木材を段積みして結束する作業中、半束程度を積み重ねたときに熱中症により具合が悪くなり倒れた。","1","製造業","104","木材・木製品製造業","10401","製材業","10~29","7","環境等","71","環境等","715","高温・低温環境","11","高温・低温の物との接触"
"1284","2005","平成","17","8","6~7","木材チップの排出、運送業務において、サイロ内のチップの掻き落とす作業をしている際に足元のチップが崩れて、生き埋めとなった。","4","運輸交通業","403","道路貨物運送業","40301","一般貨物自動車運送業","1~9","4","仮設物、建築物、構築物等","41","仮設物、建築物、構築物等","418","建築物、構築物","1","墜落、転落"
"1285","2005","平成","17","3","14~15","ダンプトラックの荷台を上昇させ、整備作業中、荷台が下降し、荷台とシャーシとの間に挟まれた。","1","製造業","117","その他の製造業","11701","自動車整備業","1~9","2","物上げ装置、運搬機械","22","動力運搬機","221","トラック","7","はさまれ、巻き込まれ"
"1286","2005","平成","17","3","11~12","木製電柱の撤去作業において電柱に上がり、抜柱用の台付けを取り付けようとしたとき、地中に埋まっていた電柱が腐食のため折れて倒れ、電柱とともに被災者が墜落した。","3","建設業","303","その他の建設業","30301","電気通信工事業","10~29","4","仮設物、建築物、構築物等","41","仮設物、建築物、構築物等","418","建築物、構築物","5","崩壊、倒壊"
"1287","2005","平成","17","4","4~5","徒歩で新聞配達中、道路を横断しようとしたところ、走行してきたトラックにはねられた。","8","商業","802","小売業","80205","新聞販売業","10~29","2","物上げ装置、運搬機械","22","動力運搬機","221","トラック","17","交通事故（道路）"
"1288","2005","平成","17","4","21~22","ライトバンで高速自動車道を走行中、前方を走っていた乗用車がセンターラインを越えて対向車線にはみ出したはずみで、対向してきた大型トラックがライトバンの前に飛び出し、被災者のライトバンと正面衝突した。","8","商業","801","卸売業","80109","その他の卸売業","10~29","2","物上げ装置、運搬機械","22","動力運搬機","221","トラック","17","交通事故（道路）"
"1289","2005","平成","17","6","14~15","4トン締固めローラー車を運転して移動させようとした際、側溝(深さ2m、幅2m)に転落、ローラー車が横転して挟まれた。","3","建設業","301","土木工事業","30106","道路建設工事業","1~9","1","動力機械","14","建設機械等","144","締固め用機械","1","墜落、転落"
"1290","2005","平成","17","10","12~13","トラックで片側1車線の国道を走行中、信号待ちのため停止しようとしていた他のトラックに追突した。","4","運輸交通業","403","道路貨物運送業","40301","一般貨物自動車運送業","10~29","2","物上げ装置、運搬機械","22","動力運搬機","221","トラック","17","交通事故（道路）"
"1291","2005","平成","17","1","5~6","フェリー乗り場において、フェリーを桟橋に係留するためのロープをビットから外した後、移動しようとして埠頭から海中に落ちた。","4","運輸交通業","401","鉄道・軌道・水運・航空業","40102","水運業","1~9","4","仮設物、建築物、構築物等","41","仮設物、建築物、構築物等","419","その他の仮設物、建築物、構築物等","10","おぼれ"
"1292","2005","平成","17","3","14~15","倉庫のスレート製の屋根の雨漏り箇所の修理作業において、スレートを踏み抜き、13m下のコンクリート土間に墜落した。","3","建設業","302","建築工事業","30209","その他の建築工事業","1~9","4","仮設物、建築物、構築物等","41","仮設物、建築物、構築物等","415","屋根、はり、もや、けた、合掌","1","墜落、転落"
"1293","2005","平成","17","1","19~20","水深15mの海底で貝の採取を終え、減圧タンクに入った後、帰宅したが、自宅で気分が悪くなり、死亡した。。","7","畜産・水産業","702","水産業","70201","漁業","1~9","7","環境等","71","環境等","714","異常環境等","12","有害物等との接触"
"1294","2005","平成","17","4","10~11","ボール盤の電気配線作業中、空荷で移動してきた天井クレーンのフックに掛けていた玉掛用のハッカーが当該ボール盤を引っ掛け、倒れてきたボール盤が被災者に激突した。","1","製造業","112","金属製品製造業","11209","その他の金属製品製造業","10~29","2","物上げ装置、運搬機械","21","動力クレーン等","211","クレーン","6","激突され"
"1295","2005","平成","17","6","14~15","船体ブロックを台船上で荷揚げする作業において、荷崩れ防止のために船体ブロックに固定溶接していたアングル材をを溶断する作業を行っていたところ海に転落した。","1","製造業","115","輸送用機械等製造業","11501","造船業","1~9","2","物上げ装置、運搬機械","23","乗物","239","その他の乗物","10","おぼれ"
"1296","2005","平成","17","7","19~20","車両積載形トラッククレーンを運転中、下り右カーブで左側のガードレールを突き破り、15m下の川へクレーン車両ごと転落した。","8","商業","801","卸売業","80109","その他の卸売業","1~9","2","物上げ装置、運搬機械","22","動力運搬機","221","トラック","17","交通事故（道路）"
"1297","2005","平成","17","10","11~12","煙突の改修工事で、円形ゴンドラに搭乗し、作業を行っていたところ120mの高さにあったゴンドラから墜落した。","3","建設業","302","建築工事業","30201","鉄骨・鉄筋コンクリート造家屋建築工事業","1~9","2","物上げ装置、運搬機械","21","動力クレーン等","216","ゴンドラ","1","墜落、転落"
"1298","2005","平成","17","1","9~10","屋根瓦の葺替え作業中、地上高さ9mの屋根上から墜落した。","3","建設業","302","建築工事業","30202","木造家屋建築工事業","1~9","4","仮設物、建築物、構築物等","41","仮設物、建築物、構築物等","415","屋根、はり、もや、けた、合掌","1","墜落、転落"
"1299","2005","平成","17","3","18~19","鶏舎間の道路を歩行中、ブロイラーを出荷するためバックで走行してきたトラックにひかれた。","7","畜産・水産業","701","畜産業","70101","畜産業","30~49","2","物上げ装置、運搬機械","22","動力運搬機","221","トラック","17","交通事故（道路）"
"1300","2005","平成","17","9","9~10","木造平屋建て倉庫の解体工事中、スレート屋根の上を移動していたところスレート屋根を踏み抜き、6m下のコンクリート床に墜落した。","3","建設業","302","建築工事業","30202","木造家屋建築工事業","50~99","4","仮設物、建築物、構築物等","41","仮設物、建築物、構築物等","415","屋根、はり、もや、けた、合掌","1","墜落、転落"
"1301","2005","平成","17","3","14~15","池改修工事現場において、被災者がドラグ・ショベルを用いて掘削し、小石を敷く作業中、深さ2.5mの掘削場所に立ち入ったところ、掘削盛土等の地山が崩壊し、生き埋めとなった。","3","建設業","301","土木工事業","30106","道路建設工事業","10~29","7","環境等","71","環境等","711","地山、岩石","5","崩壊、倒壊"
"1302","2005","平成","17","3","10~11","ドラグ・ショベルで勾配が20度の斜面を上ろうとしたが自走できなかったため、玉掛用ワイヤロープの一端を切株に巻き付け、もう一端をドラグ・ショベルのバケットの爪に引っかけて上ろうとしたところ、爪に引っかけていたワイヤロープが外れ、ドラグ・ショベルごと4m転落した。","6","農林業","602","林業","60209","その他の林業","10~29","1","動力機械","14","建設機械等","142","掘削用機械","1","墜落、転落"
"1303","2005","平成","17","6","20~21","給油後の車両を国道へ誘導していたところ、国道を走行していた車両に激突した。","8","商業","802","小売業","80204","燃料小売業","10~29","2","物上げ装置、運搬機械","23","乗物","231","乗用車、バス、バイク","17","交通事故（道路）"
"1304","2005","平成","17","10","9~10","軽トラックで牛乳の配達中、県道でセンターラインからはみ出して、対向車線を走行していたミキサー車と正面衝突した。","8","商業","802","小売業","80209","その他の小売業","1~9","2","物上げ装置、運搬機械","22","動力運搬機","221","トラック","17","交通事故（道路）"
"1305","2005","平成","17","3","7~8","フェリーの車両甲板において、被災者が牽引車(トラクター)で荷を積載した荷台(セミトレーラー)を牽引して船外に出るため、牽引車を荷台に連結した後、運転席から降りて牽引車と荷台をケーブルで繋ぐ作業を行っていた時、船員が荷台前方のアウトリガーを上げたところ当該車両が動き出しスロープ部分を暴走、被災者が止めようとして運転席に飛び乗ろうとしたが、スロープの手すりと牽引車との間に挟まれた。","4","運輸交通業","403","道路貨物運送業","40301","一般貨物自動車運送業","10~29","2","物上げ装置、運搬機械","22","動力運搬機","221","トラック","7","はさまれ、巻き込まれ"
"1306","2005","平成","17","6","16~17","建屋3階の車庫に保管していたオートバイを、エレベーターを使用して1階まで下ろす作業をしていたところ、3階昇降路のシャッターを閉めず下をのぞき込んでいた被災者が搬器と床面との間に挟まれた。","8","商業","802","小売業","80209","その他の小売業","10~29","2","物上げ装置、運搬機械","21","動力クレーン等","214","エレベータ、リフト","7","はさまれ、巻き込まれ"
"1307","2005","平成","17","11","16~17","鉄筋コンクリート造2階建の屋外側の窓(地上高さ4.5m)に作業者がはしご(長さ5m)を掛けて窓ガラスを拭いていたところ、はしごが傾いたことにより、地上に墜落した。","15","清掃・と畜業","1501","清掃・と畜業","150101","ビルメンテナンス業","100~299","3","その他の装置等","37","用具","371","はしご等","1","墜落、転落"
"1308","2005","平成","17","2","9~10","トラックから成形機(重さ1.5トン)を降ろすため、トラックに横付けした車両積載形トラッククレーン(つり上げ荷重2.9トン)を操作して、玉掛後に巻き上げ・左旋回している時、当該トラッククレーンが横転し、転倒したトラッククレーンとトラックの荷台との間に挟まれた。","1","製造業","113","一般機械器具製造業","11301","機械（精密機械を除く）器具製造業","10~29","2","物上げ装置、運搬機械","21","動力クレーン等","212","移動式クレーン","2","転倒"
"1309","2005","平成","17","6","14~15","古紙を溶かして再生する装置で、パルプ液を溜めておく槽の清掃作業中、槽上部の開口部から水洗ホースを入れて洗浄していたところ、槽内部に転落した。","1","製造業","106","パルプ・紙・紙加工品製造業","10601","パルプ・紙製造業","1~9","5","物質、材料","51","危険物、有害物等","514","有害物","12","有害物等との接触"
"1310","2005","平成","17","6","16~17","仮組みした足場をクレーンで移動させる作業において、つっていた足場が揺れて被災者が乗っている足場に当たって倒壊し、被災者が床面に落ちた。","1","製造業","115","輸送用機械等製造業","11501","造船業","1~9","4","仮設物、建築物、構築物等","41","仮設物、建築物、構築物等","411","足場","1","墜落、転落"
"1311","2005","平成","17","8","16~17","アタッチメントを改造したドラグ・ショベルでアルミ材をつかみ、旋回してプレス機の開口部に入れる作業を行っていたところ、プレス機の開口部で作業を行っていた被災者にドラグ・ショベルが激突した。","1","製造業","111","非鉄金属製造業","11101","非鉄金属精錬・圧延業","1~9","1","動力機械","14","建設機械等","142","掘削用機械","7","はさまれ、巻き込まれ"
"1312","2005","平成","17","9","13~14","建設機械に使用する鉄板(1枚の重さ100キログラム)28枚をフォークリフトで運搬中、被災者が前方にいるのに気付いて急停止したところ、フォークリフトの後輪が浮き上がって前に傾き、鉄板が前方に崩れ被災者に激突した。","1","製造業","113","一般機械器具製造業","11301","機械（精密機械を除く）器具製造業","1~9","2","物上げ装置、運搬機械","22","動力運搬機","222","フォークリフト","6","激突され"
"1313","2005","平成","17","9","16~17","横中ぐり盤にて製品の穴あけ作業を行っていたところ、スピンドル部に巻き込まれた。","1","製造業","113","一般機械器具製造業","11301","機械（精密機械を除く）器具製造業","30~49","1","動力機械","15","金属加工用機械","152","ボール盤、フライス盤","7","はさまれ、巻き込まれ"
"1314","2005","平成","17","6","3~4","自宅にて睡眠中、突然大きないびきをかいて、ひきつけ・痙攣を起こし死亡した。","8","商業","802","小売業","80202","自動車小売業","30~49","9","その他","92","起因物なし","921","起因物なし","90","その他"
"1315","2005","平成","17","6","12~13","発熱のため自宅で安静にしていたところ、意識不明の状態に陥り、死亡した。","8","商業","802","小売業","80202","自動車小売業","10~29","9","その他","91","その他の起因物","911","その他の起因物","90","その他"
"1316","2005","平成","17","2","17~18","オートバイを運転し交差点を直進中、右折してきた軽自動車と接触した。","17","その他の事業","1702","その他の事業","170209","その他の事業－その他","10~29","2","物上げ装置、運搬機械","23","乗物","231","乗用車、バス、バイク","17","交通事故（道路）"
"1317","2005","平成","17","2","0~1","昼の休憩時刻に入り、昼食の用意ができたことを露天掘りの底で作業していた同僚に、手すりの無い部分の路肩に立って連絡しようとしていたところ、足を踏み外して40m下の採掘現場に墜落した。","2","鉱業","202","土石採取業","20201","採石業","1~9","7","環境等","71","環境等","711","地山、岩石","1","墜落、転落"
"1318","2005","平成","17","2","11~12","ため池周辺の農道の災害復旧工事において、重機の搬入路確保のため、ドラグ・ショベルにて農道を拡幅作業中、路肩からドラグ・ショベルとともに勾配が40度の斜面を8m転落した。","3","建設業","301","土木工事業","30106","道路建設工事業","10~29","1","動力機械","14","建設機械等","142","掘削用機械","1","墜落、転落"
"1319","2005","平成","17","3","16~17","スレート屋根上で作業床等の組立作業中、スレートを踏み抜き、16m墜落した。","3","建設業","302","建築工事業","30209","その他の建築工事業","1~9","4","仮設物、建築物、構築物等","41","仮設物、建築物、構築物等","415","屋根、はり、もや、けた、合掌","1","墜落、転落"
"1320","2005","平成","17","5","5~6","道路を原動機付き自転車(バイク)で走行中、信号機のない交差点に進入したところ、左から直進してきた軽ワゴン車と出合い頭に衝突した。","8","商業","802","小売業","80205","新聞販売業","50~99","2","物上げ装置、運搬機械","23","乗物","231","乗用車、バス、バイク","17","交通事故（道路）"
"1321","2005","平成","17","8","9~10","ドック内で建造中の貨物船の足場架設作業において、足場溶接部が外れ、乗っていた足場板とともに17m下のドック底部に墜落した。","1","製造業","115","輸送用機械等製造業","11501","造船業","10~29","4","仮設物、建築物、構築物等","41","仮設物、建築物、構築物等","411","足場","1","墜落、転落"
"1322","2005","平成","17","8","0~1","水深60mの海底に沈没した貨物船の船体破損状況及び燃料タンクの状況を調査中に溺れた。","17","その他の事業","1702","その他の事業","170209","その他の事業－その他","10~29","7","環境等","71","環境等","713","水","10","おぼれ"
"1323","2005","平成","17","2","11~12","鉄塔解体工事で、鉄塔に取り付けられているアンテナを下ろすため、デリックでつりながら固定ボルトを取り外す作業をしていたところアンテナが下方にずれ被災者に激突した。","3","建設業","302","建築工事業","30209","その他の建築工事業","10~29","4","仮設物、建築物、構築物等","41","仮設物、建築物、構築物等","418","建築物、構築物","6","激突され"
"1324","2005","平成","17","3","14~15","トラクター・ショベルで舗装されていない道路を整備中、路肩から5m下の杉林に転落し、トラクター・ショベルの下敷きとなった。","15","清掃・と畜業","1501","清掃・と畜業","150102","産業廃棄物処理業","30~49","1","動力機械","14","建設機械等","141","整地・運搬・積込み用機械","1","墜落、転落"
"1325","2005","平成","17","4","14~15","軽トラックでガラ等を残土置場に運ぶため、置場内をバックで走行中、道路斜面から30m下へ転落した。","3","建設業","301","土木工事業","30199","その他の土木工事業","1~9","2","物上げ装置、運搬機械","22","動力運搬機","221","トラック","18","交通事故（その他）"
"1326","2005","平成","17","4","9~10","鉄骨造倉庫新築作業現場において、瓦ふき作業中に高さ4mのひさし屋根上から墜落した。","3","建設業","302","建築工事業","30201","鉄骨・鉄筋コンクリート造家屋建築工事業","1~9","4","仮設物、建築物、構築物等","41","仮設物、建築物、構築物等","415","屋根、はり、もや、けた、合掌","1","墜落、転落"
"1327","2005","平成","17","6","8~9","クローラ式不整地運搬車を勾配が14度の坂道で停止したところ突然、動き出し、付近にいた被災者がが激突した。","3","建設業","301","土木工事業","30108","砂防工事業","1~9","2","物上げ装置、運搬機械","22","動力運搬機","229","その他の動力運搬機","7","はさまれ、巻き込まれ"
"1328","2005","平成","17","2","15~16","民家新築工事において、高さ6mの2階梁から墜落した。","3","建設業","302","建築工事業","30202","木造家屋建築工事業","1~9","4","仮設物、建築物、構築物等","41","仮設物、建築物、構築物等","415","屋根、はり、もや、けた、合掌","1","墜落、転落"
"1329","2005","平成","17","5","10~11","工場内にある床上操作式の天井クレーンで金属製パイプの束をつり上げ移動させていたところ、付近に積んであった養殖いけす用の金属製桟橋に玉掛け用の繊維ロープが接触、金属製桟橋が2.5mの高さから落下し、付近で溶接作業をしていた被災者に激突した。","1","製造業","112","金属製品製造業","11209","その他の金属製品製造業","10~29","2","物上げ装置、運搬機械","21","動力クレーン等","211","クレーン","4","飛来、落下"
"1330","2005","平成","17","3","11~12","自転車で走行中、トンネルを出たところで対向してきた他の自転車と衝突し、転倒した。","13","保健・衛生業","1302","社会福祉施設","130201","社会福祉施設","1~9","3","その他の装置等","36","人力機械工具等","362","人力運搬機","17","交通事故（道路）"
"1331","2005","平成","17","8","10~11","雨で崩壊した盛土法面上のコンクリートブロックをドラグ・ショベルでつり上げて撤去する作業中、玉掛けを行うために斜面上のブロックに乗り、堆積している土砂を足で払い落としていたところ、バランスを崩して約10m下の地面に墜落した。","3","建設業","301","土木工事業","30107","河川土木工事業","10~29","4","仮設物、建築物、構築物等","41","仮設物、建築物、構築物等","418","建築物、構築物","1","墜落、転落"
"1332","2005","平成","17","8","18~19","乗用車で高速自動車道を走行中、追い越し車線でスリップして左側ガードレールに衝突、さらに車がスピンして反対向きの形になったところ、走行していた後続のトラックと正面衝突した。","1","製造業","117","その他の製造業","11709","その他の製造業－その他","10~29","2","物上げ装置、運搬機械","23","乗物","231","乗用車、バス、バイク","17","交通事故（道路）"
"1333","2005","平成","17","9","14~15","トラックから降車してパイロンのバリケードを移動させていたところ、5度の傾斜があったためトラックが前進し始めてしまい、これを停車させようとトラックの前側を押さえ続けたが停車させられず、ひかれた。","1","製造業","101","食料品製造業","10109","その他の食料品製造業","1~9","2","物上げ装置、運搬機械","22","動力運搬機","221","トラック","6","激突され"
"1334","2005","平成","17","12","13~14","橋梁の塗装工事のためのつり足場の組立作業中、組立中のつり足場上で足場板の受渡しを行っていたところ、バランスを崩し20m下のダム湖面に墜落し、自力で岸に向けて泳いでいる途中で溺れた。","3","建設業","302","建築工事業","30209","その他の建築工事業","1~9","4","仮設物、建築物、構築物等","41","仮設物、建築物、構築物等","411","足場","1","墜落、転落"
"1335","2005","平成","17","3","9~10","型枠資材の廃材を資材置場よりフォークリフトで焼却場へ運搬し、フォークを上下に揺すって廃材を振り落としていたところ焼却ピットへフォークリフトとともに転落した。","3","建設業","302","建築工事業","30201","鉄骨・鉄筋コンクリート造家屋建築工事業","50~99","2","物上げ装置、運搬機械","22","動力運搬機","222","フォークリフト","1","墜落、転落"
"1336","2005","平成","17","2","10~11","架設ガーダー上に載せた橋桁を橋台に架設する作業中、架設用設備が倒れ、門構梁上の台車でジャッキ操作を行っていた被災者が地面に放り出された。","3","建設業","301","土木工事業","30105","橋梁建設工事業","30~49","3","その他の装置等","39","その他の装置、設備","391","その他の装置、設備","1","墜落、転落"
"1337","2005","平成","17","4","8~9","鋼管杭の周辺の土砂を寄せる作業中で、ドラグ・ショベルを後進させていたところ、後方にある移動式クレーンのカウンターウエイトの下部に潜り込む状態となり、カウンターウエイトとドラグ・ショベルの運転席との間に挟まれた。","3","建設業","301","土木工事業","30199","その他の土木工事業","10~29","1","動力機械","14","建設機械等","142","掘削用機械","3","激突"
"1338","2005","平成","17","8","10~11","河川災害復旧工事現場において、河川の護岸にブロックを据え付ける作業中、ブロックが積まれていた仮置場でブロックの下敷きとなった。","3","建設業","301","土木工事業","30107","河川土木工事業","1~9","6","荷","61","荷","611","荷姿の物","5","崩壊、倒壊"
"1339","2005","平成","17","11","7~8","トラックの荷台にあった砕石の入ったシートモッコ(500キログラム)を降ろすため、トラッククレーン(つり上げ荷重2.8トン)の左側方で操作をしていたところ、トラッククレーンが横転し、近くにあった木とトラッククレーン助手席のドアとの間に挟まれた。","3","建設業","301","土木工事業","30199","その他の土木工事業","1~9","2","物上げ装置、運搬機械","21","動力クレーン等","212","移動式クレーン","2","転倒"
"1340","2005","平成","17","3","20~21","鉄道終点で、列車が停車せず、列車止めを乗り越え、駅舎に激突した。","4","運輸交通業","401","鉄道・軌道・水運・航空業","40101","鉄道・軌道業","100~299","2","物上げ装置、運搬機械","23","乗物","232","鉄道車両","18","交通事故（その他）"
"1341","2005","平成","17","3","4~5","原動機付き自転車(バイク)で、朝刊配達中、路上に飛び出してきたウサギと衝突して転倒した。","8","商業","802","小売業","80205","新聞販売業","30~49","2","物上げ装置、運搬機械","23","乗物","231","乗用車、バス、バイク","17","交通事故（道路）"
"1342","2005","平成","17","4","16~17","砕石作業中に、10日前にクサビを打ち放置していた岩石(縦横10m、高さ6m)が崩壊し、岩石下方にいた被災者が、クサビを打つために岩石上に足場として積載していた土砂あるいは岩石によって押し出された土砂に埋もれた。","2","鉱業","202","土石採取業","20201","採石業","1~9","7","環境等","71","環境等","711","地山、岩石","5","崩壊、倒壊"
"1343","2005","平成","17","12","15~16","つり上げ荷重230トンのクローラクレーンの組立て・試運転を行っていたところ、移動式クレーンがカウンターウェイト側に横転し、運転席横の歩廊で組立ての指導を行っていた被災者が12m下の地面に墜落した。","3","建設業","301","土木工事業","30105","橋梁建設工事業","50~99","2","物上げ装置、運搬機械","21","動力クレーン等","212","移動式クレーン","1","墜落、転落"
"1344","2005","平成","17","1","10~11","金属製品の先端を研削する大型グラインダ(直径50センチメートル)の調整作業で、グラインダのシャフトを締めるために、パイプレンチの柄に丸パイプを挿し込み建屋の外から作業していた被災者が跳ね飛ばされた。","1","製造業","112","金属製品製造業","11209","その他の金属製品製造業","30~49","3","その他の装置等","36","人力機械工具等","364","手工具","3","激突"
"1345","2005","平成","17","5","7~8","角材足場の組立に用いる番線を取りに行くための移動中、道路に面した箇所から4m下の道路上へ墜落した。","3","建設業","302","建築工事業","30209","その他の建築工事業","1~9","4","仮設物、建築物、構築物等","41","仮設物、建築物、構築物等","415","屋根、はり、もや、けた、合掌","1","墜落、転落"
"1346","2005","平成","17","10","14~15","庭木枝切り作業において、高さ2.5mの脚立から下りる際に高さ1.5mの位置でバランスを崩し、地面へと墜落した。","6","農林業","601","農業","60101","農業","1~9","3","その他の装置等","37","用具","371","はしご等","1","墜落、転落"
"1347","2005","平成","17","1","10~11","県道の交差点において、ダンプトラックと乗用車が衝突し、道路脇の工事に従事していた被災者がダンプトラックと掘削の法面との間に挟まれた。","3","建設業","301","土木工事業","30106","道路建設工事業","1~9","2","物上げ装置、運搬機械","22","動力運搬機","221","トラック","17","交通事故（道路）"
"1348","2005","平成","17","1","11~12","乗用車を運転中、交差点において、大型トラックと衝突した。","12","教育・研究業","1201","教育・研究業","120109","その他の教育研究業","100~299","2","物上げ装置、運搬機械","22","動力運搬機","221","トラック","17","交通事故（道路）"
"1349","2005","平成","17","2","16~17","13階建てアパートのエレベーター改修工事において、エレベーターの搬器の天井部分に乗って、エレベーターの昇降路内の配線工事を行っていたところ、当該搬器をつっていた電動チェーンブロックのつりチェーンが破断して、搬器ごとピットまで30m墜落した。","3","建設業","303","その他の建設業","30302","機械器具設置工事業","10~29","2","物上げ装置、運搬機械","21","動力クレーン等","214","エレベータ、リフト","1","墜落、転落"
"1350","2005","平成","17","3","0~1","マンション解体工事現場において、廃材を運搬する貨物自動車のタイヤを洗浄するため当該貨物自動車の運転手に後退を合図した被災者が後退してきた貨物自動車と出入口のコンクリート壁との間に挟まれた。","3","建設業","302","建築工事業","30209","その他の建築工事業","1~9","2","物上げ装置、運搬機械","22","動力運搬機","221","トラック","7","はさまれ、巻き込まれ"
"1351","2005","平成","17","3","12~13","レール削正作業において、作業開始前に写真撮影をしていたところ、走行してきた列車に接触し、はね飛ばされた。","3","建設業","301","土木工事業","30104","鉄道軌道建設工事業","30~49","2","物上げ装置、運搬機械","23","乗物","232","鉄道車両","18","交通事故（その他）"
"1352","2005","平成","17","5","6~7","乗用車で高速自動車道を走行中、ガードロープに接触した後、スピンしながら中央分離帯に衝突し、車から放り出された。","8","商業","802","小売業","80209","その他の小売業","10~29","2","物上げ装置、運搬機械","23","乗物","231","乗用車、バス、バイク","17","交通事故（道路）"
"1353","2005","平成","17","5","1~2","社用車で走行中、トンネルを出たところで対向車線にはみ出し、対向してきた大型トラックと正面衝突した。","1","製造業","101","食料品製造業","10104","パン、菓子製造業","300~499","2","物上げ装置、運搬機械","23","乗物","231","乗用車、バス、バイク","17","交通事故（道路）"
"1354","2005","平成","17","5","8~9","グライダー機で離陸後、高度80mまで上昇していたところ、突然失速し、機首部分から地上に墜落した。","12","教育・研究業","1201","教育・研究業","120109","その他の教育研究業","1~9","2","物上げ装置、運搬機械","23","乗物","239","その他の乗物","1","墜落、転落"
"1355","2005","平成","17","5","6~7","タクシー会社の駐車場で被災者が乗車する車両に向けて歩行中、走行中の車両とブロック塀との間に挟まれた。","4","運輸交通業","402","道路旅客運送業","40201","ハイヤー・タクシー業","100~299","2","物上げ装置、運搬機械","23","乗物","231","乗用車、バス、バイク","7","はさまれ、巻き込まれ"
"1356","2005","平成","17","5","20~21","原動機付き自転車(バイク)を運転し配達中、交差点を右折したところ軽貨物自動車と衝突した。","14","接客娯楽業","1402","飲食店","140201","一般飲食店","30~49","2","物上げ装置、運搬機械","23","乗物","231","乗用車、バス、バイク","17","交通事故（道路）"
"1357","2005","平成","17","7","7~8","資材置場でダンプトラックにグリスアップしていたところ、荷台後部のあおりと荷台との間に挟まれた。","3","建設業","301","土木工事業","30199","その他の土木工事業","10~29","2","物上げ装置、運搬機械","22","動力運搬機","221","トラック","7","はさまれ、巻き込まれ"
"1358","2005","平成","17","9","6~7","軽自動車で商品の配送中、道路脇の標識に衝突した。","8","商業","802","小売業","80209","その他の小売業","1~9","2","物上げ装置、運搬機械","23","乗物","231","乗用車、バス、バイク","17","交通事故（道路）"
"1359","2005","平成","17","11","15~16","高さ14mの足場上で、足場を解体するため足場部材をロープでくくり、路上につり下ろす作業中、既設足場の筋交いにつり下ろし中の部材が噛んでしまったため、ロープを引き上げたところ、ロープで括っていた部材が緩んで落ち、直後に作業中の被災者が墜落した。","3","建設業","302","建築工事業","30201","鉄骨・鉄筋コンクリート造家屋建築工事業","1~9","4","仮設物、建築物、構築物等","41","仮設物、建築物、構築物等","411","足場","1","墜落、転落"
"1360","2005","平成","17","11","22~23","社有車で高速自動車道を走行中、中央分離帯にぶつかり、スピンしながら法面に衝突し、車外に投げ出された。","8","商業","801","卸売業","80109","その他の卸売業","1~9","2","物上げ装置、運搬機械","23","乗物","231","乗用車、バス、バイク","17","交通事故（道路）"
"1361","2005","平成","17","9","21~22","出張先で県道の横断歩道を横断中、左側から走行してきた乗用車にはねられた。","17","その他の事業","1702","その他の事業","170209","その他の事業－その他","1~9","2","物上げ装置、運搬機械","23","乗物","231","乗用車、バス、バイク","17","交通事故（道路）"
"1362","2005","平成","17","4","8~9","社員研修で登山中、呼吸が早くなり手が硬直し始め、過呼吸症候群の症状が出たため、応急措置を取るも改善されず、病院に搬送された後、死亡した。","17","その他の事業","1702","その他の事業","170209","その他の事業－その他","300~499","7","環境等","71","環境等","715","高温・低温環境","11","高温・低温の物との接触"
"1363","2005","平成","17","1","10~11","高さ3mの棚上で、フォークリフトのパレットに荷を積む作業中、床に墜落した。","8","商業","801","卸売業","80102","家具・建具・じゅう器等卸売業","10~29","4","仮設物、建築物、構築物等","41","仮設物、建築物、構築物等","414","開口部","1","墜落、転落"
"1364","2005","平成","17","6","8~9","ドラグ・ショベルにて、発電機をつってトラックに積み込み、つっていたワイヤロープの一端を外し、ドラグ・ショベルを旋回させたところ、ワイヤロープが発電機から外れず、発電機はそのまま荷台より落下、ワイヤロープを外す作業を行っていた被災者とともに転落し、落ちた発電機に挟まれた。","3","建設業","302","建築工事業","30201","鉄骨・鉄筋コンクリート造家屋建築工事業","1~9","1","動力機械","14","建設機械等","142","掘削用機械","4","飛来、落下"
"1365","2005","平成","17","4","14~15","整備工場で、大型トラックの後部の水切板を修理するために、フォークリフトに木製のパレットを装着して2.5mの高さまで上げ、その上に乗って作業を行っていたところ、フォークリフトが急に前進し、バランスを崩し墜落した。","4","運輸交通業","403","道路貨物運送業","40301","一般貨物自動車運送業","100~299","2","物上げ装置、運搬機械","22","動力運搬機","222","フォークリフト","3","激突"
"1366","2005","平成","17","7","6~7","社用車で高速自動車道を走行中、タイヤがパンクし、交通事故となった。","3","建設業","302","建築工事業","30201","鉄骨・鉄筋コンクリート造家屋建築工事業","不明","2","物上げ装置、運搬機械","23","乗物","231","乗用車、バス、バイク","17","交通事故（道路）"
"1367","2005","平成","17","8","5~6","トラックで片側2車線の道路の追い越し車線を走行中、中央分離帯を乗り越え、対向車線を突っ切って道路脇の電柱に激突した。","4","運輸交通業","403","道路貨物運送業","40301","一般貨物自動車運送業","10~29","2","物上げ装置、運搬機械","22","動力運搬機","221","トラック","17","交通事故（道路）"
"1368","2005","平成","17","8","13~14","伐木作業中、他の作業者が木を伐倒したところ、これが別の場所で木材の整理作業をしていた被災者を直撃した。","6","農林業","602","林業","60201","木材伐出業","不明","7","環境等","71","環境等","712","立木等","4","飛来、落下"
"1369","2005","平成","17","4","2~3","トラックで国道を走行中、高さ5mの橋下へ転落した。","1","製造業","113","一般機械器具製造業","11301","機械（精密機械を除く）器具製造業","10~29","2","物上げ装置、運搬機械","22","動力運搬機","221","トラック","17","交通事故（道路）"
"1370","2005","平成","17","4","10~11","ドラグ・ショベルを使用して斜面の掘削を行っていたところ、高さ10mの法面上からドラグ・ショベルごと転落し、運転席ごと潰された。","3","建設業","301","土木工事業","30109","土地整理土木工事業","1~9","1","動力機械","14","建設機械等","142","掘削用機械","1","墜落、転落"
"1371","2005","平成","17","5","15~16","ブロック成型マシンを用いて作業中、機械の一部に激突された。","1","製造業","109","窯業土石製品製造業","10901","セメント・同製品製造業","50~99","1","動力機械","16","一般動力機械","169","その他の一般動力機械","6","激突され"
"1372","2005","平成","17","3","11~12","軽自動車で停車する際、車止めを乗り越えて海に転落した。","3","建設業","303","その他の建設業","30301","電気通信工事業","1~9","2","物上げ装置、運搬機械","23","乗物","231","乗用車、バス、バイク","10","おぼれ"
"1373","2005","平成","17","5","5~6","原動機付き自転車(バイク)で朝刊配達中、交差点を直進していたところ、右側から走行してきた乗用車に衝突された。","8","商業","802","小売業","80205","新聞販売業","30~49","2","物上げ装置、運搬機械","23","乗物","231","乗用車、バス、バイク","17","交通事故（道路）"
"1374","2005","平成","17","7","15~16","解体した型枠材(1本8キログラム)100本を車両積載形トラッククレーン(つり上げ荷重2.9トン)で荷台に積込み中、荷崩れを起こし、型枠材とともに地上に墜落した。","4","運輸交通業","403","道路貨物運送業","40301","一般貨物自動車運送業","1~9","2","物上げ装置、運搬機械","21","動力クレーン等","212","移動式クレーン","5","崩壊、倒壊"
"1375","2005","平成","17","8","0~1","発泡スチロールを処理する機械の移設作業中、高所作業車に乗り、配管作業をしようとしていたところ、既設の梁と高所作業車の作業床との間に挟まれた。","3","建設業","303","その他の建設業","30302","機械器具設置工事業","30~49","1","動力機械","14","建設機械等","146","高所作業車","7","はさまれ、巻き込まれ"
"1376","2005","平成","17","9","10~11","ケーブル配線工事を行う際に、建屋の屋根上を移動していたところ、スレート屋根を踏み抜いて、7m下のコンクリート床上に転落した。","3","建設業","303","その他の建設業","30301","電気通信工事業","1~9","4","仮設物、建築物、構築物等","41","仮設物、建築物、構築物等","415","屋根、はり、もや、けた、合掌","1","墜落、転落"
"1377","2005","平成","17","1","16~17","配電工事終了後、作業のため寄せていた台車を所定の位置に戻していたところ、作業位置にいた被災者が台車と壁との間に挟まれた。","3","建設業","303","その他の建設業","30309","その他の建設業－その他","1~9","2","物上げ装置、運搬機械","22","動力運搬機","223","軌道装置","7","はさまれ、巻き込まれ"
"1378","2005","平成","17","3","1~2","トレーラートラックで走行中、左カーブの道路を曲がりきれず、対向車線にはみ出し、道路右側のガードレールに接触した後、元の車線を越えて道路左脇の雑木林及び法面で停車した。","4","運輸交通業","403","道路貨物運送業","40301","一般貨物自動車運送業","10~29","2","物上げ装置、運搬機械","22","動力運搬機","221","トラック","17","交通事故（道路）"
"1379","2005","平成","17","3","15~16","屋根スレート補修作業後、屋根上を移動していたところ高さ17mの屋根を踏み抜き、倉庫内に墜落した。","3","建設業","302","建築工事業","30209","その他の建築工事業","1~9","4","仮設物、建築物、構築物等","41","仮設物、建築物、構築物等","415","屋根、はり、もや、けた、合掌","1","墜落、転落"
"1380","2005","平成","17","1","11~12","既設のベルトコンベヤーを撤去するため、コンベヤーカバーのボルトを取り外していたところ深さ5mの水路に転落した。","3","建設業","303","その他の建設業","30302","機械器具設置工事業","10~29","4","仮設物、建築物、構築物等","41","仮設物、建築物、構築物等","418","建築物、構築物","10","おぼれ"
"1381","2005","平成","17","5","2~3","市道で、客待ち待機中にタクシーを降り、信号のない交差点を横断していたところ、別のタクシーにはねられた。","4","運輸交通業","402","道路旅客運送業","40201","ハイヤー・タクシー業","50~99","2","物上げ装置、運搬機械","23","乗物","231","乗用車、バス、バイク","17","交通事故（道路）"
"1382","2005","平成","17","2","13~14","倉庫のスレート屋根上において、屋根補修作業をしていたところ、スレートを踏み抜き、5m下のコンクリート床上に墜落した。","3","建設業","302","建築工事業","30209","その他の建築工事業","10~29","4","仮設物、建築物、構築物等","41","仮設物、建築物、構築物等","415","屋根、はり、もや、けた、合掌","1","墜落、転落"
"1383","2005","平成","17","3","9~10","岸壁に接岸した貨物船内から、コンテナ(重さ24トン)を移動式クレーン(つり上げ荷重80トン)でつり上げ作業中、突然、ジブが倒れ、つり上げていたコンテナが船内で作業していた被災者に落下した。","5","貨物取扱業","502","港湾運送業","50202","港湾荷役業","30~49","2","物上げ装置、運搬機械","21","動力クレーン等","212","移動式クレーン","4","飛来、落下"
"1384","2005","平成","17","4","0~1","岸壁に接岸された船に給水作業を行った後、給水量を確認するため給水メーターを確認していたところ、背後からフレコンバッグをつって走行してきたフォークリフトにひかれた。","17","その他の事業","1702","その他の事業","170209","その他の事業－その他","1~9","2","物上げ装置、運搬機械","22","動力運搬機","222","フォークリフト","7","はさまれ、巻き込まれ"
"1385","2005","平成","17","10","15~16","鉄骨柱の溶接作業中、ホイスト式天井クレーン(定格荷重10トン)を使用して鉄骨柱(重量2トン)の向きを変えるため、クランプ1個を中心に掛けてつり上げようとした際、つり荷が被災者の方に移動し激突した。","1","製造業","112","金属製品製造業","11209","その他の金属製品製造業","30~49","3","その他の装置等","37","用具","372","玉掛用具","6","激突され"
"1386","2005","平成","17","3","11~12","個人住宅の外壁撤去作業中、高さ4mの足場上で、しゃがんだ状態でトタン板にバールをねじ込んで剥がしていたところ、作業床と手すりの間から後向きに墜落した。","3","建設業","302","建築工事業","30202","木造家屋建築工事業","1~9","4","仮設物、建築物、構築物等","41","仮設物、建築物、構築物等","411","足場","1","墜落、転落"
"1387","2005","平成","17","2","14~15","製紙用ドライヤーのロールを回転させ、同部分に金たわしを当てて払拭作業を行っていたところ、ローラーとシートとの間に挟まれた。","1","製造業","106","パルプ・紙・紙加工品製造業","10601","パルプ・紙製造業","30~49","1","動力機械","16","一般動力機械","163","ロール機（印刷ロール機を除く。）","7","はさまれ、巻き込まれ"
"1388","2005","平成","17","2","23~24","下水道築造工事現場において、交通誘導を行っていたところ、飲酒運転の乗用車にひかれた。","17","その他の事業","1702","その他の事業","170201","警備業","10~29","2","物上げ装置、運搬機械","23","乗物","231","乗用車、バス、バイク","17","交通事故（道路）"
"1389","2005","平成","17","10","8~9","工事現場で使用する沈殿槽(縦1.2m、横3.6m、深さ1.2m)を会社資材置き場から運搬するため、車両積載形トラッククレーン(吊り上げ荷重2.9トン)でつり上げ中、当該クレーン車両が横転し、下敷きとなった。","3","建設業","301","土木工事業","30107","河川土木工事業","1~9","2","物上げ装置、運搬機械","21","動力クレーン等","212","移動式クレーン","7","はさまれ、巻き込まれ"
"1390","2005","平成","17","2","1~2","トラックで高速自動車道を走行中、追越車線から走行車線へ車線変更していた前方走行中の他のトラックに後方より衝突した。","4","運輸交通業","403","道路貨物運送業","40301","一般貨物自動車運送業","50~99","2","物上げ装置、運搬機械","22","動力運搬機","221","トラック","17","交通事故（道路）"
"1391","2005","平成","17","7","11~12","乗用車で県道を走行中、反対車線を走行していたトラックがセンターラインをはみ出してきたため、これに正面衝突した。","3","建設業","303","その他の建設業","30309","その他の建設業－その他","1~9","2","物上げ装置、運搬機械","22","動力運搬機","221","トラック","17","交通事故（道路）"
"1392","2005","平成","17","7","19~20","建物立替・新築工事現場からワゴン車で帰る途中に車の中で気分が悪くなり、足がつる、目が見えなくなってきた等の症状を訴え、車の中で意識を失った。","3","建設業","302","建築工事業","30201","鉄骨・鉄筋コンクリート造家屋建築工事業","1~9","7","環境等","71","環境等","715","高温・低温環境","11","高温・低温の物との接触"
"1393","2005","平成","17","10","18~19","垂直搬送機の新設後の試運転調整作業中に搬送機の架台とカウンターウエイトとの間に挟まれた。","3","建設業","303","その他の建設業","30302","機械器具設置工事業","10~29","2","物上げ装置、運搬機械","21","動力クレーン等","219","その他の動力クレーン等","7","はさまれ、巻き込まれ"
"1394","2005","平成","17","11","16~17","工場内において、機械設備の清掃作業中に攪拌機に挟まれた。","15","清掃・と畜業","1501","清掃・と畜業","150102","産業廃棄物処理業","10~29","1","動力機械","16","一般動力機械","162","混合機、粉砕機","7","はさまれ、巻き込まれ"
"1395","2005","平成","17","12","14~15","メッキラインに部品を投入するため、運搬装置に被メッキ物を入れ、メッキラインのホッパーに専用の運搬装置のバケットから材料を投入しようとしたところ、運搬装置のバケットとメッキラインのホッパーとの間に挟まれた。","1","製造業","112","金属製品製造業","11209","その他の金属製品製造業","50~99","2","物上げ装置、運搬機械","22","動力運搬機","229","その他の動力運搬機","7","はさまれ、巻き込まれ"
"1396","2005","平成","17","1","16~17","工場の塗装工事現場において、作業終了後、段ボール箱を持ったまま、高さ7mの足場最上部の階段付近よりバランスを崩し、転落した。","3","建設業","302","建築工事業","30203","建築設備工事業","1~9","4","仮設物、建築物、構築物等","41","仮設物、建築物、構築物等","411","足場","1","墜落、転落"
"1397","2005","平成","17","4","16~17","盛土の上で作業していたドラグ・ショベルを下ろそうと勾配が30度の斜面を下っていたところ、機体が転落し、被災者が機体の下敷きとなった。","3","建設業","302","建築工事業","30201","鉄骨・鉄筋コンクリート造家屋建築工事業","50~99","1","動力機械","14","建設機械等","142","掘削用機械","1","墜落、転落"
"1398","2005","平成","17","6","13~14","大型トラックを運転中、片側1車線のトンネル内で対向車のダンプトラックと正面衝突した。","4","運輸交通業","403","道路貨物運送業","40301","一般貨物自動車運送業","10~29","2","物上げ装置、運搬機械","22","動力運搬機","221","トラック","17","交通事故（道路）"
"1399","2005","平成","17","6","17~18","中間処理施設内において、産業廃棄物の分別作業に使用するドラグ・ショベルを移動させるため旋回し走行させたところ、被災者が右クローラーに巻き込まれた。","17","その他の事業","1701","派遣業","170101","派遣業","1~9","1","動力機械","14","建設機械等","142","掘削用機械","7","はさまれ、巻き込まれ"
"1400","2005","平成","17","6","4~5","トラックで高速自動車道を走行中、トンネル内で壁に衝突する自損事故を起こして追い越し車線に停車し、車外に出て立っていたところ、走行してきた他のトラックにはねられた。","4","運輸交通業","403","道路貨物運送業","40301","一般貨物自動車運送業","10~29","2","物上げ装置、運搬機械","22","動力運搬機","221","トラック","17","交通事故（道路）"
"1401","2005","平成","17","7","12~13","運転代行業務で同僚が運転する客の車の後方を随伴車で走行中、対向車が車に衝突した後、センターラインをはみ出し、被災者が運転する車に衝突した。","4","運輸交通業","404","その他の運輸交通業","40409","その他の運輸交通業－その他","10~29","2","物上げ装置、運搬機械","23","乗物","231","乗用車、バス、バイク","17","交通事故（道路）"
"1402","2005","平成","17","12","9~10","道路拡幅工事において、既存のブロック塀をドラグ・ショベルで取り壊し作業を行っていたところ、当該取壊し箇所と繋がったブロック塀近くでフェンスの撤去作業を行っていた被災者の方にブロック塀が倒壊した。","3","建設業","301","土木工事業","30106","道路建設工事業","1~9","4","仮設物、建築物、構築物等","41","仮設物、建築物、構築物等","419","その他の仮設物、建築物、構築物等","5","崩壊、倒壊"
"1403","2005","平成","17","8","0~1","30°Cを超える中、生コンクリート打設作業及び表面の仕上げ作業等を行っていたところ、倒れ、意識不明となった。","3","建設業","301","土木工事業","30111","港湾海岸工事業","10~29","7","環境等","71","環境等","715","高温・低温環境","11","高温・低温の物との接触"
"1404","2005","平成","17","10","8~9","鉄骨平屋建ての倉庫解体工事現場において、高さ6mの屋根のスレートを踏み抜き、倉庫の土間に墜落した。","3","建設業","302","建築工事業","30201","鉄骨・鉄筋コンクリート造家屋建築工事業","1~9","4","仮設物、建築物、構築物等","41","仮設物、建築物、構築物等","415","屋根、はり、もや、けた、合掌","1","墜落、転落"
"1405","2005","平成","17","7","9~10","草刈機を使用して除草作業中に、道路脇にあったスズメバチの巣を刺激したため、スズメバチに刺された。","3","建設業","301","土木工事業","30199","その他の土木工事業","1~9","7","環境等","71","環境等","719","その他の環境等","90","その他"
"1406","2005","平成","17","11","16~17","軽自動車で県道を走行中、道路左側の電柱に衝突した。","13","保健・衛生業","1302","社会福祉施設","130201","社会福祉施設","10~29","2","物上げ装置、運搬機械","23","乗物","231","乗用車、バス、バイク","17","交通事故（道路）"
"1407","2005","平成","17","3","0~1","鉄製の箱(重さ0.6トン)に入った金属スクラップ(重さ1トン)をトラック荷台へ移すため、天井クレーン(定格荷重1トン)を操作中、鉄製の箱と荷台のあおりとの間に挟まれた。","1","製造業","112","金属製品製造業","11209","その他の金属製品製造業","10~29","2","物上げ装置、運搬機械","21","動力クレーン等","211","クレーン","7","はさまれ、巻き込まれ"
"1408","2005","平成","17","6","9~10","移動式クレーンを使用して鋼板(1枚の重さ600キログラム)8枚をつり上げて旋回したところ、被災者らが支えるまくら木に鋼板の側面が当たり、まくら木の一部が被災者に激突した。","5","貨物取扱業","502","港湾運送業","50202","港湾荷役業","10~29","2","物上げ装置、運搬機械","21","動力クレーン等","212","移動式クレーン","6","激突され"
"1409","2005","平成","17","4","15~16","船倉内に防錆用塗料(第2種有機溶剤及び特定第2物質含有混合物)をスプレーガンで吹き付ける作業を行っていたところ、倒れた。","1","製造業","115","輸送用機械等製造業","11501","造船業","1~9","5","物質、材料","51","危険物、有害物等","514","有害物","12","有害物等との接触"
"1410","2005","平成","17","7","10~11","建造中の貨物船において床材として使用する「すのこ」を作成するため、機関室倉庫の開口部から手を出し、木束を上部デッキの同僚より受け取る作業を行っていたところ、3m下の貨物スペース床面に墜落した。","1","製造業","104","木材・木製品製造業","10409","その他の木材・木製品製造業","10~29","4","仮設物、建築物、構築物等","41","仮設物、建築物、構築物等","418","建築物、構築物","1","墜落、転落"
"1411","2005","平成","17","8","17~18","生コンクリートの製造及び積込みを行うバッチャープラントの2階ミキサ室において、ミキサ内部を洗浄器で洗浄作業を行っていたところ、感電した。","1","製造業","109","窯業土石製品製造業","10901","セメント・同製品製造業","10~29","3","その他の装置等","35","電気設備","359","その他の電気設備","13","感電"
"1412","2005","平成","17","9","8~9","船舶用の電気スイッチボックス(1個7キログラム)18個を段積パレットにてつり上げ、2階の作業場より1階へ下ろしていたところ、クレーンの荷振れにより、つり荷の一部が落下し、そのうちの1個が下で作業していた被災者を直撃した。","1","製造業","112","金属製品製造業","11209","その他の金属製品製造業","10~29","2","物上げ装置、運搬機械","21","動力クレーン等","211","クレーン","4","飛来、落下"
"1413","2005","平成","17","2","15~16","海底電話ケーブルの点検作業のため水深26mの海中で潜水作業を行った後、海面へ浮上中に溺れた。","3","建設業","303","その他の建設業","30301","電気通信工事業","1~9","7","環境等","71","環境等","713","水","10","おぼれ"
"1414","2005","平成","17","6","9~10","浄化槽設置のための掘削作業の際、掘削箇所底部(深さ3m)のポンプが詰まったため、掘削箇所底部に下りたところ、背後法面の土砂が崩壊した。","3","建設業","302","建築工事業","30202","木造家屋建築工事業","1~9","7","環境等","71","環境等","711","地山、岩石","5","崩壊、倒壊"
"1415","2005","平成","17","12","11~12","スレート屋根の補強作業中、スレートを踏み抜き、8m下の床に墜落した。","3","建設業","302","建築工事業","30209","その他の建築工事業","1~9","4","仮設物、建築物、構築物等","41","仮設物、建築物、構築物等","415","屋根、はり、もや、けた、合掌","1","墜落、転落"
"1416","2005","平成","17","11","1~2","通信ケーブル新設・撤去工事現場において、車線変更での交通誘導警備中、普通乗用車が当該工事現場に進入し、現場内に駐車していた工事車両に衝突し、その反動で工事車両が被災者に激突した。","17","その他の事業","1702","その他の事業","170201","警備業","10~29","2","物上げ装置、運搬機械","23","乗物","231","乗用車、バス、バイク","6","激突され"
"1417","2005","平成","17","4","11~12","町道拡幅工事に係る立木の伐採作業において、伐木中の椎が伐採後の玉切りのために待機していた被災者に倒れ掛かり、被災者が下敷きとなった。","3","建設業","301","土木工事業","30199","その他の土木工事業","1~9","7","環境等","71","環境等","712","立木等","6","激突され"
"1418","2005","平成","17","10","9~10","トラックで高速自動車道を走行中、中央分離帯のガードレールを突き破り、対向車線に飛び出し横転した。","4","運輸交通業","403","道路貨物運送業","40301","一般貨物自動車運送業","10~29","2","物上げ装置、運搬機械","22","動力運搬機","221","トラック","17","交通事故（道路）"
"1419","2005","平成","17","6","9~10","屋根と樋の取替え工事中、屋根の上において腐蝕した古い母屋をガス溶断しようとしたところ、体勢を崩し、5m下のコンクリート地面に墜落した。","3","建設業","301","土木工事業","30106","道路建設工事業","1~9","4","仮設物、建築物、構築物等","41","仮設物、建築物、構築物等","414","開口部","1","墜落、転落"
"1420","2005","平成","17","9","16~17","移動式クレーン仕様のドラグ・ショベルを用い、石積みの作業を行っていたところ、突然、熱中症により倒れた。","3","建設業","301","土木工事業","30109","土地整理土木工事業","1~9","7","環境等","71","環境等","715","高温・低温環境","90","その他"
"1421","2005","平成","17","9","18~19","トラックで国道を走行中、対向車線の大型トラックがコンビニエンスストアに入ろうと左折し、その大型トラックに積載されていた鉄骨が車体より後方に5mはみだしていたため、左折により大きく被災者が運転するトラックの前方にはみ出し、当該鉄骨に衝突した。","4","運輸交通業","403","道路貨物運送業","40301","一般貨物自動車運送業","10~29","2","物上げ装置、運搬機械","22","動力運搬機","221","トラック","17","交通事故（道路）"
"1422","2005","平成","17","3","3~4","新聞配達のため国道を横断していたところ、走行してきた飲酒運転の普通乗用車にはねられた。","8","商業","802","小売業","80205","新聞販売業","10~29","2","物上げ装置、運搬機械","23","乗物","231","乗用車、バス、バイク","17","交通事故（道路）"
"1423","2005","平成","17","9","16~17","ダンプトラックの荷台をせり上げた状態でエンジン等の点検作業を行っていたところ、降下してきた荷台とダンプトラックのシャーシとの間に挟まれた。","3","建設業","301","土木工事業","30199","その他の土木工事業","10~29","2","物上げ装置、運搬機械","22","動力運搬機","221","トラック","7","はさまれ、巻き込まれ"
"1424","2005","平成","17","2","9~10","牛舎建築工事現場において作業中、横桁を入れようとしていたところ、合掌部分から4m下のコンクリート土間に墜落した。","3","建設業","302","建築工事業","30202","木造家屋建築工事業","10~29","4","仮設物、建築物、構築物等","41","仮設物、建築物、構築物等","415","屋根、はり、もや、けた、合掌","1","墜落、転落"
"1425","2005","平成","17","5","21~22","トラックを運転中、右カーブから直線へ変わるところで、ブロック塀に衝突した。","4","運輸交通業","403","道路貨物運送業","40301","一般貨物自動車運送業","1~9","2","物上げ装置、運搬機械","22","動力運搬機","221","トラック","17","交通事故（道路）"
"1426","2005","平成","17","3","8~9","工場内でトラックに飼料を積み込むため、飼料を積み込む荷台のタンクの蓋を開けようと運転席横のはしごを昇っていたところ、建屋の鉄骨部に当たり、その反動で3m下の地面に転落した。","4","運輸交通業","403","道路貨物運送業","40301","一般貨物自動車運送業","10~29","4","仮設物、建築物、構築物等","41","仮設物、建築物、構築物等","418","建築物、構築物","3","激突"
"1427","2005","平成","17","7","9~10","電柱の建替えに伴う電線架け替え工事現場において、電線を新しい電柱に架けかけていたところ、電柱上で感電した。","3","建設業","303","その他の建設業","30301","電気通信工事業","50~99","3","その他の装置等","35","電気設備","351","送配電線等","13","感電"
"1428","2005","平成","17","7","16~17","木造平屋住宅の解体作業において、重機で解体後の木屑拾いを行っていたところ、痙攣を起こし、死亡した。","3","建設業","302","建築工事業","30209","その他の建築工事業","30~49","7","環境等","71","環境等","715","高温・低温環境","90","その他"
"1429","2005","平成","17","8","4~5","片側2車線の交差点で、被災者の原動機付き自転車(バイク)が右折しようとしたところ、センターライン寄りを直進してきた対向乗用車に衝突した。","8","商業","802","小売業","80205","新聞販売業","30~49","2","物上げ装置、運搬機械","23","乗物","231","乗用車、バス、バイク","17","交通事故（道路）"
"1430","2005","平成","17","8","7~8","作業中、古紙プレス梱包機のシリンダーと鉄骨との間に挟まれた。","8","商業","801","卸売業","80109","その他の卸売業","10~29","1","動力機械","16","一般動力機械","169","その他の一般動力機械","7","はさまれ、巻き込まれ"
"1431","2005","平成","17","12","14~15","下水道工事現場において、下水道管を埋設した掘削箇所をドラグ・ショベルで埋め戻し作業中、後退してきたドラグ・ショベルにひかれた。","17","その他の事業","1702","その他の事業","170201","警備業","30~49","1","動力機械","14","建設機械等","142","掘削用機械","7","はさまれ、巻き込まれ"
"1432","2005","平成","17","1","11~12","店舗の新築工事現場において、広告塔鉄骨(高さ12m)の錆止め塗装作業中に墜落した。作業箇所から6m下の安全ネットで墜落は止まったが、その間、張り出していた梁に激突していた。","3","建設業","302","建築工事業","30201","鉄骨・鉄筋コンクリート造家屋建築工事業","1~9","4","仮設物、建築物、構築物等","41","仮設物、建築物、構築物等","418","建築物、構築物","1","墜落、転落"
"1433","2005","平成","17","2","17~18","乗用車で国道を走行中、トンネル入口手前の緩やかな右カーブで、1度センターラインを越えて対向車線にはみ出した後、再び元の車線に戻ってガードレールに激突した。","9","金融・広告業","901","金融業","90103","保険業","1~9","2","物上げ装置、運搬機械","23","乗物","231","乗用車、バス、バイク","17","交通事故（道路）"
"1434","2005","平成","17","7","21~22","ホットプレスの操作を行っていたところ、当該機械のプラー部分に挟まれた。","1","製造業","104","木材・木製品製造業","10402","合板製造業","100~299","1","動力機械","16","一般動力機械","169","その他の一般動力機械","7","はさまれ、巻き込まれ"
"1435","2005","平成","17","7","10~11","貨物自動車を傾斜のある場所に停車させ、ギヤを中立にし、サイドブレーキを掛けないまま運転席を離れたため車両が傾斜を下りだし、これに気付いた被災者が車両前方にまわり込み止めようとしたが止めきれず、他の貨物自動車に衝突し、被災者が両車両の間に挟まれた。","8","商業","801","卸売業","80109","その他の卸売業","1~9","2","物上げ装置、運搬機械","21","動力クレーン等","212","移動式クレーン","6","激突され"
"1436","2005","平成","17","11","11~12","木造建築の解体工事において、高さ4mの屋根の上で、瓦をトラックの荷台に投げ下ろす作業中、バランスを崩し、瓦とともに地上に墜落した。","3","建設業","302","建築工事業","30202","木造家屋建築工事業","10~29","4","仮設物、建築物、構築物等","41","仮設物、建築物、構築物等","415","屋根、はり、もや、けた、合掌","1","墜落、転落"
"1437","2005","平成","17","1","8~9","ダンプトラックを運転中、警報機と遮断機がない踏切において列車と衝突した。","3","建設業","301","土木工事業","30109","土地整理土木工事業","10~29","2","物上げ装置、運搬機械","22","動力運搬機","221","トラック","17","交通事故（道路）"
"1438","2005","平成","17","12","19~20","衣料品店内において火災が発生したため、従業員が消火活動を行っていたところ、逃げ遅れて焼死した。","8","商業","802","小売業","80209","その他の小売業","1~9","9","その他","99","分類不能","999","分類不能","16","火災"
"1439","2005","平成","17","3","14~15","既設送電用鉄塔において、鉄塔から発生する風切り音を防ぐため、ネジの隙間にシーラントを詰め、ふたをする作業を高さ40mの箇所で行っていたところ、墜落した。","3","建設業","303","その他の建設業","30301","電気通信工事業","10~29","4","仮設物、建築物、構築物等","41","仮設物、建築物、構築物等","418","建築物、構築物","1","墜落、転落"
"1440","2005","平成","17","3","9~10","シリンダーヘッド組立てラインにおいて、締付け機による台座とシリンダーヘッドとの固定作業中に当該機械に挟まれた。","1","製造業","115","輸送用機械等製造業","11502","自動車・同付属品製造業","1000~9999","1","動力機械","15","金属加工用機械","159","その他の金属加工用機械","7","はさまれ、巻き込まれ"
"1441","2005","平成","17","6","5~6","トラックを運転中、信号のある交差点において、赤信号にて停車中のタンクローリーに追突した。","4","運輸交通業","403","道路貨物運送業","40301","一般貨物自動車運送業","10~29","2","物上げ装置、運搬機械","22","動力運搬機","221","トラック","17","交通事故（道路）"
"1442","2005","平成","17","8","4~5","発酵槽において、高さ8mの点検用足場に上がり、メタンガスを排出するためのハッチが閉まらないよう角材を挟み込む作業を行った後、地面に墜落した。","15","清掃・と畜業","1501","清掃・と畜業","150102","産業廃棄物処理業","30~49","4","仮設物、建築物、構築物等","41","仮設物、建築物、構築物等","418","建築物、構築物","1","墜落、転落"
"1443","2005","平成","17","8","14~15","鋼材3本を束ねて2カ所をつりクランプで固定し、クローラクレーンで高さ10mまでつり上げたところ、つりクランプが外れて鋼材が落下し、被災者に激突した。","3","建設業","302","建築工事業","30201","鉄骨・鉄筋コンクリート造家屋建築工事業","10~29","3","その他の装置等","37","用具","372","玉掛用具","4","飛来、落下"
"1444","2005","平成","17","6","23~24","大型貨物自動車を運転中、道路工事に伴う片側交互通行のため停車していた別の大型貨物自動車に後方より追突した。","4","運輸交通業","403","道路貨物運送業","40301","一般貨物自動車運送業","1~9","2","物上げ装置、運搬機械","22","動力運搬機","221","トラック","17","交通事故（道路）"
"1445","2005","平成","17","2","9~10","電気集じん機の上部配管の保温材の補修のため、当該集じん機のFRP製の天板の上に乗ったところ、これを踏み抜き、1.5m下の電極板のつり枠の上に墜落した。","3","建設業","303","その他の建設業","30309","その他の建設業－その他","1~9","3","その他の装置等","39","その他の装置、設備","391","その他の装置、設備","1","墜落、転落"
"1446","2005","平成","17","4","8~9","鉄骨トラス梁をハッカーを用いて天井クレーンでつり上げて起こし、溶接を行っていたところ、ハッカーが外れたため当該梁が倒れ、下敷きとなった。","1","製造業","112","金属製品製造業","11209","その他の金属製品製造業","50~99","2","物上げ装置、運搬機械","21","動力クレーン等","211","クレーン","5","崩壊、倒壊"
"1447","2005","平成","17","4","23~24","コークス装入コンベヤーの定時点検において、同コンベヤー脇の点検歩道を移動していたところ、鋼製の歩道床を踏み抜き、40m下の熱風管架台の上に墜落した。","1","製造業","110","鉄鋼業","11001","製鉄・製鋼・圧延業","1000~9999","4","仮設物、建築物、構築物等","41","仮設物、建築物、構築物等","417","通路","1","墜落、転落"
"1448","2005","平成","17","6","14~15","漁網巻上げ作業において、魚網に付いた浮きを受け取ろうと巻上げ機に近づいた時、バランスを崩し、Vローラーに巻き込まれた。","7","畜産・水産業","702","水産業","70201","漁業","1~9","2","物上げ装置、運搬機械","21","動力クレーン等","219","その他の動力クレーン等","7","はさまれ、巻き込まれ"
"1449","2005","平成","17","6","14~15","天井裏で、蛍光灯に使用するための配線工事中、活線電線(200V)を誤って切断し、その電線を再びつなげる作業中に感電した。","3","建設業","303","その他の建設業","30301","電気通信工事業","1~9","3","その他の装置等","35","電気設備","351","送配電線等","13","感電"
"1450","2005","平成","17","6","0~1","銅鉱石が積まれていた船倉の昇降マンホールのハッチ内部で、酸欠により倒れた。","5","貨物取扱業","502","港湾運送業","50202","港湾荷役業","100~299","7","環境等","71","環境等","714","異常環境等","12","有害物等との接触"
"1451","2005","平成","17","6","12~13","トランス及び開閉器等の取替え工事の配線作業において、碍子の位置調整中、高圧活線(6600V)に触れ、感電した。","3","建設業","303","その他の建設業","30301","電気通信工事業","1~9","3","その他の装置等","35","電気設備","351","送配電線等","13","感電"
"1452","2005","平成","17","6","2~3","トラックで高速自動車道を走行中、追突事故のため走行車線に停車していたトラックに追突した。","4","運輸交通業","403","道路貨物運送業","40301","一般貨物自動車運送業","10~29","2","物上げ装置、運搬機械","22","動力運搬機","221","トラック","17","交通事故（道路）"
"1453","2005","平成","17","7","14~15","砂防ダム建設工事の現場において、丸太を運搬するため、同僚が坂の頂上に止めておいたトラックを後退させようと、エンジンをかけずに、サイドブレーキを解除したところ、トラックが動き、40m離れた坂の下で作業していた被災者に激突した。","3","建設業","301","土木工事業","30108","砂防工事業","10~29","2","物上げ装置、運搬機械","22","動力運搬機","221","トラック","6","激突され"
"1454","2005","平成","17","4","13~14","大型トラックで国道を走行中、交差点で信号停車中の大型トラックに追突した。","4","運輸交通業","403","道路貨物運送業","40301","一般貨物自動車運送業","50~99","2","物上げ装置、運搬機械","22","動力運搬機","221","トラック","17","交通事故（道路）"
"1455","2005","平成","17","9","13~14","国道と店舗との間の歩道上において、被災者が交通整理を行っていたところ、国道を走行してきた乗用車が道路わきの縁石に乗り上げた後、被災者をはねた。","17","その他の事業","1702","その他の事業","170201","警備業","100~299","2","物上げ装置、運搬機械","23","乗物","231","乗用車、バス、バイク","17","交通事故（道路）"
"1456","2005","平成","17","10","9~10","軽ワゴン車で国道を走行中、交差点で、赤信号で停車していたトラックに追突した。","8","商業","801","卸売業","80101","各種商品卸売業","10~29","2","物上げ装置、運搬機械","23","乗物","231","乗用車、バス、バイク","17","交通事故（道路）"
"1457","2005","平成","17","11","15~16","国道脇の草刈作業において、交通整理を行っていた時、走行してきたトラックにはねられた。","17","その他の事業","1702","その他の事業","170201","警備業","10~29","2","物上げ装置、運搬機械","22","動力運搬機","221","トラック","17","交通事故（道路）"
"1458","2005","平成","17","3","11~12","森林の斜面の土砂の流出を防止するための土止め柵を設置する工事において、柵の材料が不足したため、急遽、現場内の立木を数本伐採して材料を作成する作業を行っていたところ、他の作業者が伐採した立木に直撃された。","3","建設業","301","土木工事業","30199","その他の土木工事業","30~49","7","環境等","71","環境等","712","立木等","6","激突され"
"1459","2005","平成","17","4","16~17","災害復旧工事現場において、擁壁に使用するための栗石を不整地運搬車に積み、道路上から現場内に落とす作業を行っていたところ、当該不整地運搬車が2m下の現場内に転落し、運転していた被災者が下敷きとなった。","3","建設業","301","土木工事業","30199","その他の土木工事業","1~9","2","物上げ装置、運搬機械","22","動力運搬機","227","不整地運搬車","1","墜落、転落"
"1460","2005","平成","17","8","15~16","フォークリフトを運転し丸太をパーカの投入口へ投入する作業中、丸太が投入口で引っ掛かったため、フォークリフトを降り、高さ2.5mの投入口の端に登り、トビで丸太を動かそうとしたところ、投入口内に転落、回転したパーカの歯に激突された。","1","製造業","104","木材・木製品製造業","10409","その他の木材・木製品製造業","1~9","1","動力機械","13","木材加工用機械","139","その他の木材加工用機械","1","墜落、転落"
"1461","2005","平成","17","9","10~11","県道の舗装工事現場において、路面を掘り起こす作業を行っていたモーター・グレーダーが後退した際、路肩付近で交通誘導を行っていた被災者が引かれた。","17","その他の事業","1702","その他の事業","170201","警備業","10~29","1","動力機械","14","建設機械等","141","整地・運搬・積込み用機械","7","はさまれ、巻き込まれ"
"1462","2005","平成","17","10","9~10","外壁改修工事現場において、塗装作業を行う際、鋼管本足場より墜落した。","3","建設業","302","建築工事業","30209","その他の建築工事業","1~9","4","仮設物、建築物、構築物等","41","仮設物、建築物、構築物等","411","足場","1","墜落、転落"
"1463","2005","平成","17","11","11~12","焼却処理施設内において、破袋機のスクリューの羽根をアーク溶接で肉盛する作業を行っていたところ、突然、破袋機が稼動し、回転したスクリューに巻き込まれた。","3","建設業","303","その他の建設業","30309","その他の建設業－その他","1~9","1","動力機械","16","一般動力機械","162","混合機、粉砕機","7","はさまれ、巻き込まれ"
"1464","2005","平成","17","12","13~14","枠組足場2層目より躯体内に移動する際、躯体に移動するための安全通路を使用せず、足場筋交部から身を乗り出したところ、3.5m下の地面に墜落した。","3","建設業","302","建築工事業","30209","その他の建築工事業","1~9","4","仮設物、建築物、構築物等","41","仮設物、建築物、構築物等","411","足場","1","墜落、転落"
"1465","2005","平成","17","2","14~15","木造家屋新築工事現場において、高さ3.5mの梁の上で屋根部のたる木の取付け作業を行っていた際、住宅基礎部のコンクリート面に墜落した。","3","建設業","302","建築工事業","30202","木造家屋建築工事業","1~9","4","仮設物、建築物、構築物等","41","仮設物、建築物、構築物等","415","屋根、はり、もや、けた、合掌","1","墜落、転落"
"1466","2005","平成","17","5","11~12","造船所構内で艤装船に横付けした作業用台船に架け渡した通路上を渡っていたところ、5m下の海に墜落し、溺れた。","1","製造業","115","輸送用機械等製造業","11501","造船業","1~9","4","仮設物、建築物、構築物等","41","仮設物、建築物、構築物等","417","通路","1","墜落、転落"
"1467","2005","平成","17","5","11~12","台風被害により崩壊した防波堤の災害復旧現場において、石積みの防波堤が崩壊し、乗っていたコンクリート製の床板とともに海中へ転落し、海中で当該床板の下敷きとなった。","3","建設業","301","土木工事業","30111","港湾海岸工事業","10~29","4","仮設物、建築物、構築物等","41","仮設物、建築物、構築物等","418","建築物、構築物","5","崩壊、倒壊"
"1468","2005","平成","17","6","15~16","鉄骨構造の2階建て社屋建設のため、移動式クレーンを使用して鉄骨の組立て作業中、2階の梁の上で作業していた被災者が玉外しをした後、3m下の地上に墜落した。","1","製造業","112","金属製品製造業","11209","その他の金属製品製造業","10~29","4","仮設物、建築物、構築物等","41","仮設物、建築物、構築物等","415","屋根、はり、もや、けた、合掌","1","墜落、転落"
"1469","2005","平成","17","6","10~11","貯鉱場にある石灰石の砕石の貯留量を測量中、砕石をホッパー下部から出荷していたため砕石が動き、測点を移動していた被災者がホッパー内の砕石に埋没した。","17","その他の事業","1702","その他の事業","170209","その他の事業－その他","10~29","5","物質、材料","52","材料","523","石、砂、砂利","5","崩壊、倒壊"
"1470","2005","平成","17","8","14~15","軽トラックで走行中、直線道路でセンターラインをはみ出し、対向してきた他のトラックに正面衝突した。","8","商業","802","小売業","80209","その他の小売業","1~9","2","物上げ装置、運搬機械","22","動力運搬機","221","トラック","17","交通事故（道路）"
"1471","2005","平成","17","12","16~17","軽トラックで、走行中、対向してきた路線バスと衝突した。","3","建設業","303","その他の建設業","30301","電気通信工事業","10~29","2","物上げ装置、運搬機械","22","動力運搬機","221","トラック","17","交通事故（道路）"
"1472","2005","平成","17","2","13~14","国有林内において、伐倒木の搬出作業をするための作業道を確保するため、立木の伐倒作業中、伐倒木がかかり木となったことから、処理作業を行っていたところ、同僚が伐倒した木が予定した方向と90度違う方向に倒れたため、当該伐倒木が被災者に激突した。","6","農林業","602","林業","60201","木材伐出業","1~9","7","環境等","71","環境等","712","立木等","6","激突され"
"1473","2005","平成","17","2","15~16","斜面の立木を伐倒作業中、木の上から地上に下りようとしたところ、4m下のコンクリート地面に墜落した。","6","農林業","602","林業","60201","木材伐出業","1~9","7","環境等","71","環境等","712","立木等","1","墜落、転落"
"1474","2005","平成","17","3","16~17","自動送材車式帯のこ盤を使用して角材の切断作業において、切断した角材のはい積み作業をした後、送材車の運転台に戻る際に、回転中の帯のこの刃の背側に接触した。","1","製造業","104","木材・木製品製造業","10401","製材業","1~9","1","動力機械","13","木材加工用機械","132","帯のこ盤","8","切れ、こすれ"
"1475","2005","平成","17","3","15~16","勾配が50度の法面上において、チェーンソーで伐倒作業中、20m下のダム湖に転落し、溺れた。","3","建設業","303","その他の建設業","30309","その他の建設業－その他","1~9","7","環境等","71","環境等","711","地山、岩石","1","墜落、転落"
"1476","2005","平成","17","10","11~12","トラックに空ビンの荷積み作業中、荷台から地面に転落した。","4","運輸交通業","403","道路貨物運送業","40301","一般貨物自動車運送業","1~9","2","物上げ装置、運搬機械","22","動力運搬機","221","トラック","1","墜落、転落"
"1477","2005","平成","17","11","10~11","電柱の建替え工事現場において、停電作業処理後、高さ9mの電柱の先端に上り、低圧電線を切断して地上に下ろす作業中、電柱が根元から倒壊して、電柱とともに河川に墜落した。","3","建設業","303","その他の建設業","30301","電気通信工事業","10~29","4","仮設物、建築物、構築物等","41","仮設物、建築物、構築物等","418","建築物、構築物","1","墜落、転落"
"1478","2005","平成","17","2","6~7","トラックで国道を走行中、夜間工事を終えて資材積込みのために誘導員を配置し道路通行規制して停車していた工事車両に激突した。","8","商業","802","小売業","80201","各種商品小売業","1~9","2","物上げ装置、運搬機械","22","動力運搬機","221","トラック","17","交通事故（道路）"
"1479","2005","平成","17","8","11~12","伐倒木の荷掛け作業中に、伐倒木に激突した。","6","農林業","602","林業","60201","木材伐出業","100~299","2","物上げ装置、運搬機械","21","動力クレーン等","217","機械集材装置、運材索道","6","激突され"
"1480","2005","平成","17","9","15~16","杉の伐倒作業中、立木を伐倒したところ、倒木方向がずれ、16m離れた箇所で伐倒作業を行っていた被災者を直撃した。","6","農林業","602","林業","60201","木材伐出業","1~9","7","環境等","71","環境等","712","立木等","6","激突され"
"1481","2005","平成","17","11","5~6","冷凍トラックで国道を走行中、センターラインをはみ出して、対向して来た他のトラックと衝突した。","4","運輸交通業","403","道路貨物運送業","40301","一般貨物自動車運送業","50~99","2","物上げ装置、運搬機械","22","動力運搬機","221","トラック","17","交通事故（道路）"
"1482","2005","平成","17","3","3~4","熱処理工場において、ケースに入った精密部品を温水洗浄機で洗浄作業中、ケースから部品が落ちたため、温水洗浄機の中に入り部品を回収しようとしたところ、乗っていた温水洗浄機内のリフトが下降、温水に浸かり、熱傷を負った。","1","製造業","113","一般機械器具製造業","11301","機械（精密機械を除く）器具製造業","50~99","1","動力機械","16","一般動力機械","169","その他の一般動力機械","11","高温・低温の物との接触"
"1483","2005","平成","17","4","13~14","斜度が24度の民有林において、杉丸太を林内作業車に積み込むため、ウインチワイヤロープで杉丸太を引き寄せていたところ、林内作業車が横転し、緊張したウインチワイヤロープと地面との間に挟まれた。","6","農林業","602","林業","60201","木材伐出業","10~29","2","物上げ装置、運搬機械","22","動力運搬機","229","その他の動力運搬機","2","転倒"
"1484","2005","平成","17","6","9~10","建築工事現場において、ブル・ドーザーで整地作業を行っていたところ、ブル・ドーザーが後方にあった高さ35センチメートルのコンクリート擁壁を乗り越えて1.5m下の歩道に転落し、被災者が運転席より投げ出されたところを転落してきたブル・ドーザーにひかれた。","3","建設業","302","建築工事業","30209","その他の建築工事業","10~29","1","動力機械","14","建設機械等","141","整地・運搬・積込み用機械","1","墜落、転落"
"1485","2005","平成","17","8","5~6","トラックを運転して国道を走行中、対向してきたトレーラートラックに積んであったアース・ドリルの折りたたみ式ブームが被災者が運転するトラックの前方にはみ出したため、これに激突した。","4","運輸交通業","403","道路貨物運送業","40301","一般貨物自動車運送業","10~29","2","物上げ装置、運搬機械","22","動力運搬機","221","トラック","17","交通事故（道路）"
"1486","2005","平成","17","10","16~17","車両積載形トラッククレーンを後退させたところ、起こしていたジブが建屋の出入り口のシャッターの収納箱に当たったため、ジブの上に乗り、破損状況の確認中、高さ3mのジブの上からコンクリート床に墜落した。","3","建設業","302","建築工事業","30209","その他の建築工事業","1~9","2","物上げ装置、運搬機械","21","動力クレーン等","212","移動式クレーン","1","墜落、転落"
"1487","2005","平成","17","11","14~15","被災者がフォークリフトの前方を横断しようとしたところ、フォークリフトに激突された。","1","製造業","101","食料品製造業","10101","肉製品、乳製品製造業","1~9","2","物上げ装置、運搬機械","22","動力運搬機","222","フォークリフト","6","激突され"
"1488","2005","平成","17","2","17~18","軽トラックで国道を走行中、対向車線をはみ出して街路樹に激突した。","8","商業","802","小売業","80204","燃料小売業","1~9","2","物上げ装置、運搬機械","22","動力運搬機","221","トラック","17","交通事故（道路）"
"1489","2005","平成","17","2","10~11","道路の側溝敷設工事において、掘削面の上部をドラグ・ショベルで移動中、アスファルト路面の下部が崩壊したため深さ2mの掘削箇所へ転落し、既設のコンクリート擁壁とドラグ・ショベルとの間に挟まれた。","3","建設業","301","土木工事業","30110","上下水道工事業","10~29","1","動力機械","14","建設機械等","142","掘削用機械","1","墜落、転落"
"1490","2005","平成","17","3","9~10","原動機付き自転車(バイク)で走行中、交差点で大型トラックに巻き込まれた。","9","金融・広告業","901","金融業","90101","銀行・信託業","10~29","2","物上げ装置、運搬機械","23","乗物","231","乗用車、バス、バイク","17","交通事故（道路）"
"1491","2005","平成","17","5","15~16","民家の屋根瓦葺替え工事現場において、屋根に上げていた瓦を屋根上で移動させていたところ、バランスを崩し、高さ4mの屋根の軒先から下のアスファルト路面に墜落した。","3","建設業","302","建築工事業","30209","その他の建築工事業","1~9","4","仮設物、建築物、構築物等","41","仮設物、建築物、構築物等","415","屋根、はり、もや、けた、合掌","1","墜落、転落"
"1492","2005","平成","17","8","23~24","国道を大型トラックで走行中、赤信号で停車中の他の大型トラックに追突した。","4","運輸交通業","403","道路貨物運送業","40301","一般貨物自動車運送業","50~99","2","物上げ装置、運搬機械","22","動力運搬機","221","トラック","17","交通事故（道路）"
"1493","2005","平成","17","8","11~12","林道開設工事現場において、法面上に生えている立木を伐採後、被災者が法面上で伐採した立木を林道に投げ落とす作業を行っていたところ、8m下の林道上に墜落した。","3","建設業","301","土木工事業","30106","道路建設工事業","30~49","7","環境等","71","環境等","711","地山、岩石","1","墜落、転落"
"1494","2005","平成","17","10","14~15","国道改良工事現場において、石積擁壁の施工のため、クレーン使用のドラグ・ショベルでつり上げたポッパーを使って石積後のコンクリート打設作業をしていたところ、コンクリート打設後の側面の均し作業を行っていた被災者に激突した。","3","建設業","301","土木工事業","30106","道路建設工事業","10~29","1","動力機械","14","建設機械等","142","掘削用機械","7","はさまれ、巻き込まれ"
"1495","2005","平成","17","3","10~11","砂防工事現場において測量等の準備作業を行うため、法面下部の竹等の木々の伐採作業を行っていたところ、2.5m下の水路に墜落した。","3","建設業","301","土木工事業","30108","砂防工事業","30~49","4","仮設物、建築物、構築物等","41","仮設物、建築物、構築物等","418","建築物、構築物","1","墜落、転落"
"1496","2005","平成","17","5","6~7","新聞配達のため普通乗用車を運転中、民家のコンクリート塀に衝突した。","8","商業","802","小売業","80205","新聞販売業","50~99","2","物上げ装置、運搬機械","23","乗物","231","乗用車、バス、バイク","17","交通事故（道路）"
"1497","2005","平成","17","5","14~15","傾斜40度の国有林で間伐作業中、立木をチェーンソーで伐倒した際、かかり木も倒そうとしたところ、かかり木が10mの高さから滑るように落下し、作業をしていた被災者を直撃した。","6","農林業","602","林業","60209","その他の林業","10~29","7","環境等","71","環境等","712","立木等","4","飛来、落下"
"1498","2005","平成","17","6","5~6","プラズマディスプレイのパネルを点灯試験装置へ搬入するためのエアーリフトの保守点検作業中、エアーリフトの昇降台に挟まれた。","1","製造業","114","電気機械器具製造業","11409","その他の電気機械器具製造業","500~999","1","動力機械","16","一般動力機械","169","その他の一般動力機械","7","はさまれ、巻き込まれ"
"1499","2005","平成","17","7","13~14","アスファルト道路上の土砂を洗い流すため、タイヤローラーの後方で、散水用ホースにて歩行しながら散水作業を行っていたところ、後進してきた当該タイヤローラーにひかれた。","3","建設業","301","土木工事業","30199","その他の土木工事業","10~29","1","動力機械","14","建設機械等","144","締固め用機械","7","はさまれ、巻き込まれ"
"1500","2005","平成","17","5","14~15","事業場の敷地内を歩行移動していたところ、後退してきたごみ収集車にひかれた。","17","その他の事業","1702","その他の事業","170209","その他の事業－その他","1~9","2","物上げ装置、運搬機械","22","動力運搬機","221","トラック","7","はさまれ、巻き込まれ"
"1501","2005","平成","17","10","7~8","チャッカ船の操舵を自動にし、船上で係留ロープの取込みをしていたところ、チャッカ船が浮きクレーンと衝突して転覆し、その際に海中に投げ出された。","3","建設業","301","土木工事業","30111","港湾海岸工事業","30~49","2","物上げ装置、運搬機械","23","乗物","239","その他の乗物","10","おぼれ"
"1502","2005","平成","17","10","8~9","ドラムの米をロータリーバルブでタンクに移送する作業中に、回転中のドラム本体とホッパーとの隙間に挟まれた。","1","製造業","101","食料品製造業","10105","酒類製造業","10~29","1","動力機械","16","一般動力機械","165","食品加工用機械","7","はさまれ、巻き込まれ"
"1503","2005","平成","17","10","14~15","立木を伐木する作業において、伐倒した木が被災者を直撃した。","6","農林業","602","林業","60201","木材伐出業","50~99","7","環境等","71","環境等","712","立木等","6","激突され"
"1504","2005","平成","17","12","9~10","路盤整備工事の記録写真を撮るため、稼動中のドラグ・ショベルの後部に背を向けて立ち、写真を撮っていたところ、後退してきたドラグ・ショベルのクローラー部分でひかれた。","3","建設業","301","土木工事業","30106","道路建設工事業","10~29","1","動力機械","14","建設機械等","142","掘削用機械","6","激突され"
"1505","2005","平成","17","1","10~11","取水ダムの排砂門に挟まった流木の撤去作業において、調査のためアクアラングを装備し潜水中に死亡した。","3","建設業","301","土木工事業","30199","その他の土木工事業","1~9","4","仮設物、建築物、構築物等","41","仮設物、建築物、構築物等","418","建築物、構築物","90","その他"
"1506","2005","平成","17","1","15~16","掘削前の伐採作業において、伐倒木をドラグ・ショベルで運搬し、地山上方から地上へ伐倒木を下ろす際に、ドラグ・ショベルが勾配が16度の斜面を滑り、法肩から20m転落した。","3","建設業","301","土木工事業","30106","道路建設工事業","10~29","1","動力機械","14","建設機械等","142","掘削用機械","1","墜落、転落"
"1507","2005","平成","17","12","20~21","客を装って乗車した第3者に絞殺された。","4","運輸交通業","402","道路旅客運送業","40201","ハイヤー・タクシー業","1~9","9","その他","91","その他の起因物","911","その他の起因物","90","その他"
"1508","2005","平成","17","11","23~24","クラブ浚渫船を係留するため、係留ロープを船上の係留ピットに繋ぐ作業を行っていたところ、波のうねりによりウインチに接続されたロープがはねて、ロープと船上の係留ピットとの間にいた被災者に激突した。","3","建設業","301","土木工事業","30111","港湾海岸工事業","30~49","3","その他の装置等","37","用具","379","その他の用具","6","激突され"
"1509","2005","平成","17","11","20~21","コンビニエンスストアで従業員の夜食を買い現場に戻る途中、横断歩道上で酒気帯び運転の車両にはねられた。","3","建設業","302","建築工事業","30201","鉄骨・鉄筋コンクリート造家屋建築工事業","10~29","2","物上げ装置、運搬機械","23","乗物","231","乗用車、バス、バイク","17","交通事故（道路）"
"1510","2005","平成","17","3","14~15","乗用車で県道を走行中、反対方向からセンターラインをはみ出してきた他の車両に衝突された。","1","製造業","117","その他の製造業","11703","クリーニング業","30~49","2","物上げ装置、運搬機械","23","乗物","231","乗用車、バス、バイク","17","交通事故（道路）"
"1511","2005","平成","17","8","11~12","資材を保管する倉庫内においてフォークリフトに積んだ資材(合板60枚、重さ1.7トン)の一部が荷崩れにより被災者に激突した。","8","商業","801","卸売業","80109","その他の卸売業","1~9","2","物上げ装置、運搬機械","22","動力運搬機","222","フォークリフト","4","飛来、落下"
"1512","2005","平成","17","8","13~14","ドラグ・ショベルのバケットに溶接されたシャックルにフック付きワイヤロープをかけ、鉄板の穴にフックをかけて、鉄板(重さ800キログラム)をダンプトラックへ積み込む作業を行っていたところ、鉄板からフックがはずれ、ダンプトラックの荷台上で鉄板を支えていた被災者が下敷きとなった。","3","建設業","303","その他の建設業","30301","電気通信工事業","1~9","1","動力機械","14","建設機械等","142","掘削用機械","6","激突され"
"1513","2005","平成","17","8","10~11","伐採した松を、車両積載形トラッククレーンを使用し、荷台に下ろしていたところ、上方にある配電線(電話津14000V)からジブ先端に放電し、トラッククレーン横の地上でクレーンを運転していた被災者が感電した。","6","農林業","602","林業","60209","その他の林業","1~9","2","物上げ装置、運搬機械","21","動力クレーン等","212","移動式クレーン","13","感電"
"1514","2005","平成","17","5","21~22","空中ブランコショーにおいて、4mの高さでブランコを両手で持ち、蹴上がりをしようと後ろに反動をつけて前方に足を振り上げたところ、手がすべり墜落した。","14","接客娯楽業","1401","旅館業","140101","旅館業","100~299","3","その他の装置等","37","用具","379","その他の用具","1","墜落、転落"
