"ID","西暦","年号","年","月","発生時間","災害状況","業種（大分類）コード","業種（大分類）分類名","業種（中分類）コード","業種（中分類）分類名","業種（小分類）コード","業種（小分類）分類名","事業場規模","起因物（大分類）コード","起因物（大分類）分類名","起因物（中分類）コード","起因物（中分類）分類名","起因物（小分類）コード","起因物（小分類）分類名","事故の型コード","事故の型分類名"
"1","1994","平成","6","1","8~9","事業場の前に商品を陳列していたところ、歩道に乗り上げてきた乗用車にはねられた。","8","商業","","","","","10~29","2","物上げ装置、運搬機械","23","乗物","","","17","交通事故（道路）"
"2","1994","平成","6","1","0~1","客を降ろして帰る途中、市道から5.6m下の川に転落した。","4","運輸交通業","402","道路旅客運送業","","","30~49","2","物上げ装置、運搬機械","23","乗物","","","17","交通事故（道路）"
"3","1994","平成","6","1","16~17","ワイヤロープで荷掛けした杉3本を林内作業車で地曳きしたところ、そのうち1本が反転して近くにいた被災者に激突した。","6","農林業","601","農業","","","10~29","2","物上げ装置、運搬機械","22","動力運搬機","","","6","激突され"
"4","1994","平成","6","1","7~8","バイクで新聞配達を終え店に戻る途中、Uターンしようとしたところ、前方より走行してきた乗用車と衝突した。","8","商業","","","","","50~99","2","物上げ装置、運搬機械","23","乗物","","","17","交通事故（道路）"
"5","1994","平成","6","1","10~11","故障した天井クレーンの過巻防止装置をガーター上で修理し、下にいた同僚にクレーンを走行させるよう指示したところ、天井の梁とクレーンの巻上機との間に胸部を挟まれた。","1","製造業","106","パルプ・紙・紙加工品製造業","","","100~299","2","物上げ装置、運搬機械","21","動力クレーン等","","","7","はさまれ、巻き込まれ"
"6","1994","平成","6","1","11~12","バイクで得意先廻り中、国道交差点で4tトラックと出会い頭に衝突した。","9","金融・広告業","","","","","10~29","2","物上げ装置、運搬機械","22","動力運搬機","","","17","交通事故（道路）"
"7","1994","平成","6","1","14~15","スタンド屋根上において、塵埃を出さないための散水作業を終え移動中、天窓を踏み抜き約9.3m下の地上に墜落した。","3","建設業","302","建築工事業","","","1~9","4","仮設物、建築物、構築物等","41","仮設物、建築物、構築物等","","","1","墜落、転落"
"8","1994","平成","6","1","17~18","下水管埋設工事において、掘削溝(幅1.2m、深さ1.7m、長さ7.6m)の掘削面にコンパネを当てる作業中、掘削面が約2.8m3 崩壊して土砂に押され、コンクリート製暗渠角に頭部を激突した。","3","建設業","301","土木工事業","","","1~9","7","環境等","71","環境等","","","5","崩壊、倒壊"
"9","1994","平成","6","1","5~6","普通トラックで建築用材を運搬中、国道交差点で横から来た軽ワゴン車と衝突し、信号機に激突した。","1","製造業","104","木材・木製品製造業","","","10~29","2","物上げ装置、運搬機械","22","動力運搬機","","","17","交通事故（道路）"
"10","1994","平成","6","1","10~11","タンクローリーから液体塩素をユーザーのタンクに荷卸しする際、タンク側配管の遮蔽板のボルトを緩めたところ塩素ガスが吹きだし、これを吸入した。","4","運輸交通業","403","道路貨物運送業","","","50~99","3","その他の装置等","32","化学設備","","","12","有害物等との接触"
"11","1994","平成","6","1","13~14","トラック荷台上でH形鋼の荷卸し作業中、荷台上でつまづきあおりを越えて地上に転落した。","3","建設業","302","建築工事業","","","1~9","2","物上げ装置、運搬機械","22","動力運搬機","","","1","墜落、転落"
"12","1994","平成","6","1","5~6","徒歩で新聞配達中、凍結している坂道で転倒した。","8","商業","","","","","1~9","7","環境等","71","環境等","","","2","転倒"
"13","1994","平成","6","1","9~10","客先において、トラック荷台上で荷(プレスされた自動車)の雑物を除去していたところ、他社の運転手が作業の邪魔になる当該トラックを運転して動かしたため、地上に墜落した。","4","運輸交通業","403","道路貨物運送業","","","10~29","2","物上げ装置、運搬機械","22","動力運搬機","","","1","墜落、転落"
"14","1994","平成","6","1","16~17","下水本管に支管を接続する工事において、バックホウで掘削(幅2m、深さ2.5m)した後、本管を手堀で掘り出そうと掘削箇所に降りたところ、突然掘削面が崩壊した。","3","建設業","301","土木工事業","","","1~9","7","環境等","71","環境等","","","5","崩壊、倒壊"
"15","1994","平成","6","1","16~17","ボイラー点検のため、ボイラーの管寄せとボイラー室側壁の間でアーク溶接中、溶接の火花が着衣に燃え移った。","3","建設業","303","その他の建設業","","","1~9","3","その他の装置等","33","溶接装置","","","16","火災"
"16","1994","平成","6","1","1~2","交差点で右折する際、右から直進してきた乗用車と衝突した。","4","運輸交通業","402","道路旅客運送業","","","50~99","2","物上げ装置、運搬機械","23","乗物","","","17","交通事故（道路）"
"17","1994","平成","6","1","7~8","積載型移動式クレーンでヒューム管を吊り上げたところ、吊り具が外れてヒューム管が落下し、その下敷きになった。","4","運輸交通業","403","道路貨物運送業","","","1~9","3","その他の装置等","37","用具","","","4","飛来、落下"
"18","1994","平成","6","1","8~9","山林間伐作業現場において、機械集材装置の撤去作業中、台付ワイヤロープに荷上索を接続し、トラックで引っ張って移動させようとしたところ、ワイヤロープが切断しはねとばされた。","6","農林業","601","農業","","","1~9","2","物上げ装置、運搬機械","21","動力クレーン等","","","6","激突され"
"19","1994","平成","6","1","10~11","伐倒木(径約13センチメートル、長さ13m)を集材するため5本程まとめて玉掛し引き上げようとしたところ、伐倒木がふられ玉掛をしていた被災者に激突した。","6","農林業","601","農業","","","1~9","6","荷","61","荷","","","6","激突され"
"20","1994","平成","6","1","10~11","作業場2階で資材を探しているとき、作業場端から約2m下のコンクリート床に墜落した。","1","製造業","117","その他の製造業","","","1~9","4","仮設物、建築物、構築物等","41","仮設物、建築物、構築物等","","","1","墜落、転落"
"21","1994","平成","6","1","11~12","トラックで荷を運搬中、センターラインを越え、対向車と衝突した。","4","運輸交通業","403","道路貨物運送業","","","10~29","2","物上げ装置、運搬機械","22","動力運搬機","","","17","交通事故（道路）"
"22","1994","平成","6","1","13~14","ガスボンベをトラック荷台からおろす際、ボンベとともに荷台上から墜落した。","8","商業","","","","","30~49","2","物上げ装置、運搬機械","22","動力運搬機","","","1","墜落、転落"
"23","1994","平成","6","1","14~15","超軽量動力機(小型飛行機、約170キログラム)のエンジンを調整中、動力機が動き出し、これを止めようとした被災者に接触した。","12","教育・研究業","","","","","1~9","2","物上げ装置、運搬機械","23","乗物","","","7","はさまれ、巻き込まれ"
"24","1994","平成","6","1","15~16","2tトラックで土砂を運搬中、山側法面に後輪が乗り上げたためトラックが転倒し、脱出しようとしたがトラックの下敷きになった。","3","建設業","301","土木工事業","","","10~29","2","物上げ装置、運搬機械","22","動力運搬機","","","2","転倒"
"25","1994","平成","6","1","8~9","立木(高さ25m、根回り1.8m)をチェーンソーで切り倒したところ、その下敷きになった。","6","農林業","601","農業","","","10~29","7","環境等","71","環境等","","","6","激突され"
"26","1994","平成","6","1","8~9","立木(高さ25m、根回り1.8m)をチェーンソーで切り倒したところ、その下敷きになった。","6","農林業","601","農業","","","10~29","7","環境等","71","環境等","","","6","激突され"
"27","1994","平成","6","1","12~13","ホッパーに落ちた同僚を助けようとしてホッパー内に入ったところ、2人とも砂に埋もれて動けなくなり、それを助けようと別の同僚が砂を抜くためのスイッチを入れたところ、砂に埋まった。","1","製造業","111","非鉄金属製造業","","","10~29","4","仮設物、建築物、構築物等","41","仮設物、建築物、構築物等","","","1","墜落、転落"
"28","1994","平成","6","1","12~13","ホッパー内に落ち、助けに来た同僚とともに砂に埋もれて動けなくなり、別の同僚が砂を抜くためスイッチを入れたところ、砂に埋まった。","1","製造業","111","非鉄金属製造業","","","10~29","4","仮設物、建築物、構築物等","41","仮設物、建築物、構築物等","","","1","墜落、転落"
"29","1994","平成","6","1","9~10","街路樹を剪定中、枝が折れ約3.2m下のコンクリート道路に墜落した。","3","建設業","301","土木工事業","","","1~9","7","環境等","71","環境等","","","1","墜落、転落"
"30","1994","平成","6","1","10~11","2tトラックで軽油を配送中、凍結した道路でスリップしてセンターラインを越え、対向してきた大型トラックと衝突した。","4","運輸交通業","403","道路貨物運送業","","","10~29","2","物上げ装置、運搬機械","22","動力運搬機","","","17","交通事故（道路）"
"31","1994","平成","6","1","11~12","鋼管倉庫において天井クレーン(つり上げ荷重2t)で鋼材束を搬出中、積み重ねられた鋼材束が崩れ、玉掛作業中の被災者が鋼材に挟まれた。","4","運輸交通業","403","道路貨物運送業","","","1~9","6","荷","61","荷","","","5","崩壊、倒壊"
"32","1994","平成","6","1","11~12","収集車で資源ゴミを収集中、T字路を左折した際、荷台の後部ドアが開いたため荷台から路上に転落した。","15","清掃・と畜業","","","","","100~299","2","物上げ装置、運搬機械","22","動力運搬機","","","17","交通事故（道路）"
"33","1994","平成","6","1","14~15","法面工事現場において親綱の掛け替え作業中、親綱を掛けていた単管パイプが回転したため親綱が外れ、約8m下に墜落した。","3","建設業","301","土木工事業","","","1~9","3","その他の装置等","37","用具","","","1","墜落、転落"
"34","1994","平成","6","1","15~16","堆肥散布機で堆肥の散布を終え、残った堆肥をスコップで落とすため同機の荷台に上ろうとしたところ、同機のシャフトに接触し、これに巻き込まれた。","7","畜産・水産業","","","","","10~29","1","動力機械","12","動力伝導機構","","","7","はさまれ、巻き込まれ"
"35","1994","平成","6","1","15~16","タレットパンチング機械の屑を取り除くためテーブルの送行範囲に入ったところ、同僚が起動スイッチを入れたため、テーブルと建屋の間に挟まれた。","1","製造業","112","金属製品製造業","","","1~9","1","動力機械","16","一般動力機械","","","7","はさまれ、巻き込まれ"
"36","1994","平成","6","1","7~8","キビ圧搾機下の床面を洗浄用ホースで水洗し片付けていたところ、ホース先端部がフライトコンベヤーに巻き込んだためコンベヤーのスイッチを切りホースを取り外していたところ、司令塔にいた同僚がスイッチを入れたためコンベヤーに両足を巻き込まれた。","1","製造業","101","食料品製造業","","","100~299","2","物上げ装置、運搬機械","22","動力運搬機","","","7","はさまれ、巻き込まれ"
"37","1994","平成","6","1","8~9","化粧丸太(径30センチメートル、長さ7.5m)を小型移動式クレーン(つり上げ荷重2.9t)の荷台から降ろすためブームを旋回させたところ、ブームと丸太が接触し、荷台から転落した丸太が頭部を直撃した。","3","建設業","302","建築工事業","","","10~29","2","物上げ装置、運搬機械","21","動力クレーン等","","","4","飛来、落下"
"38","1994","平成","6","1","10~11","トラックで走行中、凍結していたカーブでスリップして対向車線にはみ出し、対向してきた大型ダンプカーと衝突した。","4","運輸交通業","403","道路貨物運送業","","","30~49","2","物上げ装置、運搬機械","22","動力運搬機","","","17","交通事故（道路）"
"39","1994","平成","6","1","14~15","トラックでコンクリート廃材を運搬中、堤防道路で運転を誤り河川敷に転落した。","3","建設業","302","建築工事業","","","1~9","2","物上げ装置、運搬機械","22","動力運搬機","","","17","交通事故（道路）"
"40","1994","平成","6","1","9~10","工場構内でトレーラーのコンテナより荷(袋物、120×60×40、約50キログラム)卸し作業中、最下段の荷のビニールバンドをつかんで引き出そうとしたところバンドが切れ、その弾みでコンテナ上から約1.3m下に墜落した。","1","製造業","101","食料品製造業","","","1~9","2","物上げ装置、運搬機械","22","動力運搬機","","","1","墜落、転落"
"41","1994","平成","6","1","9~10","ディーゼル車の偽装作業のため車から高床作業台に乗り移る際、高床作業台開口部のエアー取出口に足を踏み入れ、エアーカップラー(継手)部分が大腿部に突き刺さり体内に空気が入った。","1","製造業","115","輸送用機械等製造業","","","10~29","4","仮設物、建築物、構築物等","41","仮設物、建築物、構築物等","","","90","その他"
"42","1994","平成","6","1","9~10","住宅用建築材を帯のこ盤で加工中、誤ってのこ刃に接触し胸部を切傷した。","1","製造業","104","木材・木製品製造業","","","10~29","1","動力機械","13","木材加工用機械","","","8","切れ、こすれ"
"43","1994","平成","6","1","10~11","電柱の仮設作業床上で活線のまま高圧(6600V)耐張碍子を取替中、架空電線の充電部が腹部に接触し、感電した。","3","建設業","303","その他の建設業","","","1~9","3","その他の装置等","35","電気設備","","","13","感電"
"44","1994","平成","6","1","11~12","納品先より帰社途中、国道の路面が凍結していたため対向車線にはみ出し、対向してきたダンプカーと正面衝突した。","4","運輸交通業","403","道路貨物運送業","","","1~9","2","物上げ装置、運搬機械","22","動力運搬機","","","17","交通事故（道路）"
"45","1994","平成","6","1","11~12","工場資材置場において、外壁コンクリートパネルを搬送するために来ていた被災者が、後進してきたフォークリフトにひかれた。","4","運輸交通業","403","道路貨物運送業","","","1~9","2","物上げ装置、運搬機械","22","動力運搬機","","","6","激突され"
"46","1994","平成","6","1","11~12","遊園地のジェットコースター走路の塗装工事のため吊り足場を組立中、親綱に安全帯を掛け替える際、足場から20m下の沼に墜落した。","3","建設業","302","建築工事業","","","10~29","4","仮設物、建築物、構築物等","41","仮設物、建築物、構築物等","","","1","墜落、転落"
"47","1994","平成","6","1","11~12","150tクローラクレーンで地切りした消波ブロックを旋回移動中、消波ブロックの一部(4脚のうち1脚、約5t)が欠落し、合図をしていた被災者を直撃した。","3","建設業","301","土木工事業","","","100~299","5","物質、材料","52","材料","","","4","飛来、落下"
"48","1994","平成","6","1","15~16","産業廃棄物処理場の焼却炉内部の耐火煉を解体中、煉瓦の一部が剥離して落下し、下で作業をしていた被災者に激突した。","3","建設業","303","その他の建設業","","","1~9","3","その他の装置等","34","炉窯等","","","4","飛来、落下"
"49","1994","平成","6","1","17~18","工事現場内で積載型移動式クレーンの後進を誘導中、ひかれた。","17","その他の事業","","","","","100~299","2","物上げ装置、運搬機械","21","動力クレーン等","","","6","激突され"
"50","1994","平成","6","1","18~19","整地作業をしていた被災者が単独で地下ピットに行き、地下室内の堰(高さ180センチメートル、幅10センチメートル)より転落した。","3","建設業","301","土木工事業","","","30~49","4","仮設物、建築物、構築物等","41","仮設物、建築物、構築物等","","","1","墜落、転落"
"51","1994","平成","6","1","20~21","ドラグ・ショベルでダンプ荷台より土止用矢板21枚をおろそうとしたところ、ドラグ・ショベルが傾いて荷が下がり、補助作業をしていた被災者が荷の下敷きになった。","3","建設業","301","土木工事業","","","10~29","1","動力機械","14","建設機械等","","","6","激突され"
"52","1994","平成","6","1","8~9","町道を走行中、対向車線の車が前方車を追い越そうと飛び出してきて、正面衝突した。","17","その他の事業","","","","","1~9","2","物上げ装置、運搬機械","23","乗物","","","17","交通事故（道路）"
"53","1994","平成","6","1","9~10","木造平屋建新築工事において、小屋組こや束の寸法出しのため木製梯子を昇っていたところ、梯子を踏み外してコンクリート土間に転落した。","3","建設業","302","建築工事業","","","1~9","3","その他の装置等","37","用具","","","1","墜落、転落"
"54","1994","平成","6","1","10~11","クリーニング工場内において、ベルトコンベヤーから落ちた洗濯物を取ろうと、コンベヤーに手を掛けて降りようとしたとき、コンベヤーが突然動き出したため2m墜落した。","1","製造業","117","その他の製造業","","","50~99","2","物上げ装置、運搬機械","22","動力運搬機","","","1","墜落、転落"
"55","1994","平成","6","1","8~9","玉切作業の準備中、斜面で転倒した。","6","農林業","601","農業","","","1~9","7","環境等","71","環境等","","","2","転倒"
"56","1994","平成","6","1","9~10","古瓦を2tトラックに積込中、荷台上から約1.3m下のコンクリート床に墜落した。","3","建設業","302","建築工事業","","","1~9","2","物上げ装置、運搬機械","22","動力運搬機","","","1","墜落、転落"
"57","1994","平成","6","1","9~10","2階建木造住宅建築工事において、屋根(軒高6m、勾配30度)上から墜落した。","3","建設業","302","建築工事業","","","1~9","4","仮設物、建築物、構築物等","41","仮設物、建築物、構築物等","","","1","墜落、転落"
"58","1994","平成","6","1","11~12","積載形移動式クレーン(つり上げ荷重2.9t)から敷板用の鉄板(1.6t)を降ろす際、クレーンのフックから鉄板が外れ、被災者に激突した。","3","建設業","301","土木工事業","","","30~49","6","荷","61","荷","","","6","激突され"
"59","1994","平成","6","1","4~5","1.8t電気式フォークリフト(プラッター)を後進させたところ、棚の鉄製枠と運転席の間に胸部を挟まれた。","1","製造業","106","パルプ・紙・紙加工品製造業","","","10~29","2","物上げ装置、運搬機械","22","動力運搬機","","","7","はさまれ、巻き込まれ"
"60","1994","平成","6","1","6~7","橋の上で事故車をレッカー移動中、スリップした対向車と事故車の間に挟まれた。","1","製造業","117","その他の製造業","","","1~9","2","物上げ装置、運搬機械","23","乗物","","","17","交通事故（道路）"
"61","1994","平成","6","1","11~12","チェーンソーで伐倒した木が頭部を直撃した。","6","農林業","601","農業","","","1~9","7","環境等","71","環境等","","","6","激突され"
"62","1994","平成","6","1","15~16","立木を伐採中、倒壊したかかり木が激突した。","6","農林業","601","農業","","","1~9","7","環境等","71","環境等","","","5","崩壊、倒壊"
"63","1994","平成","6","1","3~4","2t保冷車で帰社途中、信号待ち中の4tユニック車に追突した。","4","運輸交通業","403","道路貨物運送業","","","30~49","2","物上げ装置、運搬機械","22","動力運搬機","","","17","交通事故（道路）"
"64","1994","平成","6","1","5~6","4tトラックで荷を運搬中、高速道路で渋滞のため停車中のトラックに追突した。","4","運輸交通業","403","道路貨物運送業","","","50~99","2","物上げ装置、運搬機械","22","動力運搬機","","","17","交通事故（道路）"
"65","1994","平成","6","1","9~10","採石場でダンプカーを運転中、高さ50mの6段目ベンチより下の岩場に転落した。","2","鉱業","202","土石採取業","","","10~29","7","環境等","71","環境等","","","1","墜落、転落"
"66","1994","平成","6","1","10~11","車で営業先に向う途中、スリップして対向車線にはみ出し、トラックと衝突した。","9","金融・広告業","","","","","300~499","2","物上げ装置、運搬機械","23","乗物","","","17","交通事故（道路）"
"67","1994","平成","6","1","10~11","自社工場前において、トラック荷台から古紙を入れる鉄製箱(2×1.2×1.2m、約180キログラム)8個を降ろしていたところ、2段に積んだ箱2個が崩れ落ち、その下敷きになった。","8","商業","","","","","1~9","2","物上げ装置、運搬機械","22","動力運搬機","","","5","崩壊、倒壊"
"68","1994","平成","6","1","11~12","開削式下水道工事現場において、掘削部(深さ1.5m)に設置した鋼矢板圧入・引抜機を調整中、圧入機の前部が傾いて落下し、開削部内でラジコン操作をしていた被災者が下敷きになった。","3","建設業","301","土木工事業","","","10~29","1","動力機械","14","建設機械等","","","6","激突され"
"69","1994","平成","6","1","16~17","工場2階倉庫の開口部から梱包した製品(約20キログラム)を1階へ落としたところ、開口部端より約3m下の1階床に墜落した。","1","製造業","102","繊維工業","","","10~29","4","仮設物、建築物、構築物等","41","仮設物、建築物、構築物等","","","1","墜落、転落"
"70","1994","平成","6","1","0~1","大型トラックで国道を走行中、前方の事故のため停車したトラックに追突した。","4","運輸交通業","403","道路貨物運送業","","","10~29","2","物上げ装置、運搬機械","23","乗物","","","17","交通事故（道路）"
"71","1994","平成","6","1","9~10","公園内東屋の基礎工事中、ドラグ・ショベルとともに法肩から転落した。","3","建設業","301","土木工事業","","","10~29","1","動力機械","14","建設機械等","","","1","墜落、転落"
"72","1994","平成","6","1","11~12","背板(高さ2.9m)のH型鋼をパイプで連結した柱(約2t)を深さ約2.6mの箇所に設置したが、これが倒れ始め、付近で作業をしていた被災者の頭部に当たった。","3","建設業","301","土木工事業","","","1~9","4","仮設物、建築物、構築物等","41","仮設物、建築物、構築物等","","","5","崩壊、倒壊"
"73","1994","平成","6","1","11~12","家屋解体工事に伴うブロック塀近くの水道管掘り起こし作業中、ブロック塀(高さ2.3m、幅1.95m、厚さ20センチメートル)が倒壊し、その下敷きになった。","3","建設業","302","建築工事業","","","10~29","4","仮設物、建築物、構築物等","41","仮設物、建築物、構築物等","","","5","崩壊、倒壊"
"74","1994","平成","6","1","12~13","食事のためトラックを降りて道路を横断中、乗用車にはねられた。","4","運輸交通業","403","道路貨物運送業","","","10~29","2","物上げ装置、運搬機械","23","乗物","","","17","交通事故（道路）"
"75","1994","平成","6","1","13~14","工場新築現場の型わく足場上で鉄骨の錆止め塗装中、高さ5.4mの足場より墜落した。","3","建設業","302","建築工事業","","","10~29","4","仮設物、建築物、構築物等","41","仮設物、建築物、構築物等","","","1","墜落、転落"
"76","1994","平成","6","1","13~14","ブロック塀に沿って側溝を布設する際、ドラグ・ショベルで掘削した溝(深さ約0.8m、幅約1m、長さ約12m)の中に入って手掘りしていたところ、ブロック塀(高さ1.95m、長さ12.6m)が倒れた。","3","建設業","301","土木工事業","","","1~9","4","仮設物、建築物、構築物等","41","仮設物、建築物、構築物等","","","5","崩壊、倒壊"
"77","1994","平成","6","1","14~15","自動段積機(ロボット)で舗装用ブロックを積み上げ中、オペレーターがブロックに近付き、機械の駆動部分と舗装用ブロックの間に頭部を挟まれた。","1","製造業","109","窯業土石製品製造業","","","10~29","1","動力機械","16","一般動力機械","","","7","はさまれ、巻き込まれ"
"78","1994","平成","6","1","14~15","ビル7階窓のサッシ枠を馬足場(屋内)上で溶接により取付中、火花飛散防止用ベニア板とともに約23m下のアスファルト舗装上に墜落した。","3","建設業","302","建築工事業","","","1~9","4","仮設物、建築物、構築物等","41","仮設物、建築物、構築物等","","","1","墜落、転落"
"79","1994","平成","6","1","15~16","一般廃棄物処理装置のベルトコンベヤーより落ちたゴミをベルトコンベヤーに載せる作業中、右腕をコンベヤーに巻き込まれた。","15","清掃・と畜業","","","","","10~29","2","物上げ装置、運搬機械","22","動力運搬機","","","7","はさまれ、巻き込まれ"
"80","1994","平成","6","1","15~16","事業場内で仮撚機の設置作業中、ハンドリフトで持ち上げたレール(長さ約3m、約20キログラム)の両端を同僚とともに持ち、脚立(高さ1.7m)に登って更に高い位置に持ち上げようとしたところ、バランスを崩して床に転落した。","3","建設業","303","その他の建設業","","","10~29","3","その他の装置等","37","用具","","","1","墜落、転落"
"81","1994","平成","6","1","16~17","立坑(7.8×4.5m、深さ14m)内のライナープレート取付作業において、釡場排水箇所をクラムシェルで掘削しバケットを約1.2m巻き上げたところで、バケットとライナープレートの間に挟まれた。","3","建設業","301","土木工事業","","","1~9","1","動力機械","14","建設機械等","","","7","はさまれ、巻き込まれ"
"82","1994","平成","6","1","16~17","2tダンプカーのクラッチ修理を終えた後、ブレーキホースの接続を忘れたことに気付き、荷台を上げホースを接続しようとしたところ、荷台が突然落下してきて身体を挟まれた。","1","製造業","117","その他の製造業","","","1~9","2","物上げ装置、運搬機械","22","動力運搬機","","","7","はさまれ、巻き込まれ"
"83","1994","平成","6","1","1~2","国道のS字カーブを走行中、対向車線にはみ出し、走行してきた大型トレーラーと正面衝突した。","4","運輸交通業","403","道路貨物運送業","","","10~29","2","物上げ装置、運搬機械","22","動力運搬機","","","17","交通事故（道路）"
"84","1994","平成","6","1","4~5","バイクで新聞配達中、県道交差点で信号待ちしていたところ乗用車に追突された。","8","商業","","","","","50~99","2","物上げ装置、運搬機械","23","乗物","","","17","交通事故（道路）"
"85","1994","平成","6","1","10~11","廃棄物選別場において、同僚が運転するフォークリフトが被災者の側方に置いてあった鉄製コンテナに当たり、このコンテナが被災者に激突した。","15","清掃・と畜業","","","","","10~29","2","物上げ装置、運搬機械","22","動力運搬機","","","6","激突され"
"86","1994","平成","6","1","12~13","10tトラック(セルフローダー)の荷台からクローラ式解体機械をおろす作業中、解体機械とともに荷台から転落し、その下敷きになった。","8","商業","","","","","1~9","1","動力機械","14","建設機械等","","","1","墜落、転落"
"87","1994","平成","6","1","12~13","ドラグ・ショベルで法枠ブロックの据付作業中、ブロックを吊っていた繊維バンドの荷外しをしていたところ、身体が操作レバーに触れたためブームが下降し、バケットに激突された。","3","建設業","301","土木工事業","","","1~9","1","動力機械","14","建設機械等","","","6","激突され"
"88","1994","平成","6","1","15~16","立木の伐採作業中、同僚がチェーンソーで切った松が風により予想外の方向に倒れ、14m離れたところで作業していた被災者に当たった。","6","農林業","601","農業","","","1~9","7","環境等","71","環境等","","","5","崩壊、倒壊"
"89","1994","平成","6","1","16~17","工場で出た残布の焼却作業において、路上から投下した残布が入っている布袋(約50キログラム)とともに3.2m下の火中に転落した。","1","製造業","103","衣服その他の繊維製品製造業","","","10~29","5","物質、材料","52","材料","","","11","高温・低温の物との接触"
"90","1994","平成","6","1","16~17","2tトラックで高速道路を走行中、追越車線を走行中の4tトラックに接触し、横転したはずみで車外に投げ出され自車の下敷きになった。","4","運輸交通業","403","道路貨物運送業","","","10~29","2","物上げ装置、運搬機械","22","動力運搬機","","","17","交通事故（道路）"
"91","1994","平成","6","1","17~18","エンジントラブルで停止したトラックを牽引するため前車とトラックの間でワイヤロープを取り付けていたところ、乗用車がトラックに追突し、両車の間に挟まれた。","3","建設業","303","その他の建設業","","","1~9","2","物上げ装置、運搬機械","23","乗物","","","17","交通事故（道路）"
"92","1994","平成","6","1","21~22","作業員宿舎1階南端より出火し、2階中央の部屋にいた被災者が2階北端の部屋に逃げ込んだが焼死した。","3","建設業","301","土木工事業","","","10~29","4","仮設物、建築物、構築物等","41","仮設物、建築物、構築物等","","","16","火災"
"93","1994","平成","6","1","8~9","キャンプ場の駐車場から約60m離れた現場へ車輌系建設機械で走行中、路肩が崩壊し湖に転落した。","3","建設業","301","土木工事業","","","1~9","7","環境等","71","環境等","","","1","墜落、転落"
"94","1994","平成","6","1","8~9","沖に停泊中の船のハッチに、スリングを使い揚貨装置で硫安(50キログラム×70個)を積込作業中、ハッチ内で待機していた被災者に硫安のポリクロル袋が落下した。","5","貨物取扱業","502","港湾運送業","","","100~299","6","荷","61","荷","","","4","飛来、落下"
"95","1994","平成","6","1","11~12","クローラクレーン(つり上げ荷重50t)で主巻シーブガードの変形を修復するため繊維ベルトでジブを吊り上げ、更に下方からチェーンレバーで引っ張っていたところ、繊維ベルトが切断し、落下したジブの下敷きになった。","1","製造業","117","その他の製造業","","","30~49","3","その他の装置等","37","用具","","","4","飛来、落下"
"96","1994","平成","6","1","8~9","倉庫2階作業場に居た同僚が、持っていたゴミ袋(8~9キログラム)を滑り落とし、開口部より真下を通行中の被災者を直撃した。","8","商業","","","","","1~9","6","荷","61","荷","","","4","飛来、落下"
"97","1994","平成","6","1","8~9","工事現場において、積載型移動式クレーンから法面吹付工事用機械を降ろしていたところ、クレーンが横転し、その下敷きになった。","3","建設業","301","土木工事業","","","1~9","2","物上げ装置、運搬機械","21","動力クレーン等","","","2","転倒"
"98","1994","平成","6","1","11~12","住宅屋上において、アンテナを含む無線装置の試験を行うため、ネットワークアナライザーに接続した同軸ケーブルを手繰って伸ばそうとしたところ、屋上端より15.35m下に墜落した。","3","建設業","303","その他の建設業","","","1~9","4","仮設物、建築物、構築物等","41","仮設物、建築物、構築物等","","","1","墜落、転落"
"99","1994","平成","6","1","11~12","当該工事現場において、ダンプカーより8枚重ねた溝蓋(60×50×12センチメートル、60キログラム)をドラグ・ショベルで吊り降ろしていたところ、道路から約3m下の畑に転落した。","3","建設業","301","土木工事業","","","10~29","1","動力機械","14","建設機械等","","","1","墜落、転落"
"100","1994","平成","6","1","13~14","営業先より軽ライトバンで帰社途中、道路左側の街灯柱に激突し、更に上り斜面の山肌に激突した。","8","商業","","","","","10~29","2","物上げ装置、運搬機械","23","乗物","","","17","交通事故（道路）"
"101","1994","平成","6","1","13~14","営業先へライトバンで向う途中、交差点で右から来た路線バスと衝突し、更に左から来た大型トレーラーと衝突した。","1","製造業","104","木材・木製品製造業","","","30~49","2","物上げ装置、運搬機械","23","乗物","","","17","交通事故（道路）"
"102","1994","平成","6","1","15~16","釣り船のエンジンをフォークリフトで宙吊り状態にしたまま、固定用ボルトを外していたところ、フォークリフトが突然前進したためひかれた。","8","商業","","","","","1~9","2","物上げ装置、運搬機械","22","動力運搬機","","","7","はさまれ、巻き込まれ"
"103","1994","平成","6","1","16~17","ハンドリフトで配電盤の据付工事中、配電盤が倒れ下敷きになった。","3","建設業","303","その他の建設業","","","1~9","6","荷","61","荷","","","5","崩壊、倒壊"
"104","1994","平成","6","1","16~17","基礎抗の掘削孔(深さ17.1m、水深14.4m、ケーシング径1.2m)に転落した。","3","建設業","301","土木工事業","","","10~29","4","仮設物、建築物、構築物等","41","仮設物、建築物、構築物等","","","10","おぼれ"
"105","1994","平成","6","1","18~19","親企業の工場内において、自動式砂吹装置のトラブル処理のためセフティプラグを抜かずに内部に入ったところ、床と稼働部の間に挟まれた。","1","製造業","115","輸送用機械等製造業","","","50~99","1","動力機械","16","一般動力機械","","","7","はさまれ、巻き込まれ"
"106","1994","平成","6","1","3~4","軽ライトバンで国道を走行中、凍結路面でスリップし、道路標識柱に激突した。","8","商業","","","","","30~49","2","物上げ装置、運搬機械","23","乗物","","","17","交通事故（道路）"
"107","1994","平成","6","1","8~9","事業場内資材置場で清掃中、方向転換しようと後進してきた4tダンプカーにひかれた。","3","建設業","301","土木工事業","","","10~29","2","物上げ装置、運搬機械","22","動力運搬機","","","7","はさまれ、巻き込まれ"
"108","1994","平成","6","1","10~11","ワゴン車で顧客先へ向う途中、雪でスリップして対向車線にはみ出し、ダンプカーと正面衝突した。","8","商業","","","","","1~9","2","物上げ装置、運搬機械","23","乗物","","","17","交通事故（道路）"
"109","1994","平成","6","1","14~15","ドラグ・ショベルで掘削した箇所(深さ2.5m)の肌落ち防止を行うため、2m間隔に土止め支保工を組み立てていたところ、側壁が崩れて下敷きになった。","3","建設業","301","土木工事業","","","30~49","7","環境等","71","環境等","","","5","崩壊、倒壊"
"110","1994","平成","6","1","15~16","伐倒作業中、チェーンソーの燃料を取りに山の斜面を登っていたところ、倒れかかっていた立木が風により倒れ、被災者を直撃した。","6","農林業","601","農業","","","1~9","7","環境等","71","環境等","","","6","激突され"
"111","1994","平成","6","1","16~17","ショッピングセンター新築現場において、鉄骨建方用梯子の取り外し作業中、梯子とともに3階吹き抜け部分から1階スラブ上に墜落した。","3","建設業","302","建築工事業","","","1~9","3","その他の装置等","37","用具","","","1","墜落、転落"
"112","1994","平成","6","1","6~7","トラックで走行中、凍結路面でスリップして逆向きに停車したため、状況を見ようとトラックから降りたところ、走行してきた乗用車にはねられた。","4","運輸交通業","403","道路貨物運送業","","","30~49","2","物上げ装置、運搬機械","22","動力運搬機","","","17","交通事故（道路）"
"113","1994","平成","6","1","11~12","積載型トラッククレーンで搬入した軽量鉄骨(1本40キログラム、30本束)を床上操作式天井クレーンで吊り上げようとしたところ、軽量鉄骨が滑り出し、トラッククレーンの荷台で天井クレーンを操作中の被災者に当たった。","1","製造業","112","金属製品製造業","","","10~29","6","荷","61","荷","","","6","激突され"
"114","1994","平成","6","1","13~14","バイクで配達先から帰社途中、ガードレールに衝突した。","4","運輸交通業","403","道路貨物運送業","","","10~29","2","物上げ装置、運搬機械","23","乗物","","","17","交通事故（道路）"
"115","1994","平成","6","1","8~9","車に同乗し本社へ向う途中、交差点で乗用車に衝突されガードレールに激突した。","1","製造業","114","電気機械器具製造業","","","100~299","2","物上げ装置、運搬機械","23","乗物","","","17","交通事故（道路）"
"116","1994","平成","6","1","9~10","ドラグ・ショベルの窓から身体を乗り出して掘削溝を覗いていたところ、操作レバーに身体の一部が触れたためブームが降下し、窓枠とブームに挟まれた。","3","建設業","301","土木工事業","","","30~49","1","動力機械","14","建設機械等","","","7","はさまれ、巻き込まれ"
"117","1994","平成","6","1","10~11","道路工事現場の路肩で休憩中、走行してきた30tダンプカーにひかれた。","3","建設業","301","土木工事業","","","1~9","2","物上げ装置、運搬機械","22","動力運搬機","","","7","はさまれ、巻き込まれ"
"118","1994","平成","6","1","11~12","工場の天井に設置されている生コン投入機のガーター上にある運転室に行くため、運転中の生コン投入機のガータ歩道に乗り、運転室付近まで来たところ、運転室上部と生コン搬送室の床面の間に挟まれた。","1","製造業","109","窯業土石製品製造業","","","50~99","2","物上げ装置、運搬機械","22","動力運搬機","","","7","はさまれ、巻き込まれ"
"119","1994","平成","6","1","13~14","造成工事現場において4tダンプカーで土を運搬中、タイヤが土に埋まって動けなくなったため、別のダンプカーで引き出そうとそのダンプカーを後進させたところ、ダンプカーとダンプカーの間に挟まれた。","3","建設業","301","土木工事業","","","10~29","2","物上げ装置、運搬機械","22","動力運搬機","","","7","はさまれ、巻き込まれ"
"120","1994","平成","6","1","14~15","1階屋根上(高さ2.66m)において、雨樋付工事業者の足掛かりとなっている梯子を支えていたところ、梯子が滑った弾みで墜落した。","3","建設業","302","建築工事業","","","10~29","4","仮設物、建築物、構築物等","41","仮設物、建築物、構築物等","","","1","墜落、転落"
"121","1994","平成","6","1","14~15","3tトラックで帰社途中、国道で対向車線をはみ出してきた4tトラックと正面衝突した。","4","運輸交通業","403","道路貨物運送業","","","30~49","2","物上げ装置、運搬機械","22","動力運搬機","","","17","交通事故（道路）"
"122","1994","平成","6","1","14~15","店舗屋根上で雪下ろし作業中、屋根上部の雪が崩れ落ち、雪とともに地上へ墜落して埋まった。","8","商業","","","","","50~99","4","仮設物、建築物、構築物等","41","仮設物、建築物、構築物等","","","1","墜落、転落"
"123","1994","平成","6","1","16~17","塩化ビニルガスのガスホルダー等の点検作業のため担当区域を巡回中、ガスホルダー下部のピット(深さ1.4m)内で塩化ビニルガスを吸入した。","1","製造業","108","化学工業","","","1000~9999","5","物質、材料","51","危険物、有害物等","","","12","有害物等との接触"
"124","1994","平成","6","1","16~17","フォークリフト運転席全面のメータパネルに足をかけ、ヘッドガードとマストの間に身体をはさまれている被災者が発見された。","1","製造業","117","その他の製造業","","","30~49","2","物上げ装置、運搬機械","22","動力運搬機","","","7","はさまれ、巻き込まれ"
"125","1994","平成","6","1","17~18","ホイスト式天井クレーン(つり上げ荷重2t)により鋼板製の節状円柱(径2800ミリメートル、厚さ150ミリメートル)を引き起こした状態でアーク溶接作業中、突然円柱が倒れ下敷きになった。","1","製造業","112","金属製品製造業","","","1~9","5","物質、材料","52","材料","","","5","崩壊、倒壊"
"126","1994","平成","6","1","17~18","資材倉庫よりバイクで帰社途中、右折しようと道路に出た際、右から直進してきたワゴン車と衝突した。","3","建設業","301","土木工事業","","","30~49","2","物上げ装置、運搬機械","23","乗物","","","17","交通事故（道路）"
"127","1994","平成","6","1","0~1","タクシーに乗客を乗せて走行中、中央分離帯を越えてきた乗用車と正面衝突した。","4","運輸交通業","402","道路旅客運送業","","","100~299","2","物上げ装置、運搬機械","23","乗物","","","17","交通事故（道路）"
"128","1994","平成","6","1","7~8","凍結したコンプレッサーのバルブを開けようとして力を入れたところ、バルブが全開し、吹きだした空気で身体が飛ばされ、バックホウのクローラに頭部を打ち付けた。","3","建設業","301","土木工事業","","","1~9","3","その他の装置等","31","圧力容器","","","4","飛来、落下"
"129","1994","平成","6","1","10~11","シールド工法の立坑において、移動式クレーンで部材を降ろすため地上で玉掛をした後、立坑内を覗いていたところ、誤って立坑に落ち、坑内で作業をしていた者に激突した。","3","建設業","301","土木工事業","","","50~99","4","仮設物、建築物、構築物等","41","仮設物、建築物、構築物等","","","1","墜落、転落"
"130","1994","平成","6","1","13~14","道路新設現場において路盤の砕石の均し作業中、後進してきた2tダンプカーにひかれた。","3","建設業","301","土木工事業","","","10~29","2","物上げ装置、運搬機械","22","動力運搬機","","","7","はさまれ、巻き込まれ"
"131","1994","平成","6","1","13~14","資材置場において不整地運搬車を移動中、鉄骨スレート葺き屋根(庇)の仮設支柱を引っかけたため、支柱が鉄骨梁から外れて屋根が倒壊し、その下敷きになった。","3","建設業","301","土木工事業","","","30~49","4","仮設物、建築物、構築物等","41","仮設物、建築物、構築物等","","","5","崩壊、倒壊"
"132","1994","平成","6","1","15~16","10.25tダンプカーの荷台昇降の調子が悪いため荷台を上げ修理をしていたところ、突然荷台が降下し、荷台と車体に挟まれた。","3","建設業","301","土木工事業","","","1~9","2","物上げ装置、運搬機械","22","動力運搬機","","","7","はさまれ、巻き込まれ"
"133","1994","平成","6","1","15~16","工場新築現場において擁壁側面の型わくを取り外し中、鉄製型わく(2.41m×2.48m×17センチメートル)の固定ボルトの最後の1本をトルクレンチで緩めたところ、ボルトが抜けて型わくが倒れ、下敷きになった。","3","建設業","302","建築工事業","","","10~29","5","物質、材料","52","材料","","","5","崩壊、倒壊"
"134","1994","平成","6","1","15~16","路肩の歩車道ブロックの型わく取付中、後進してきたバックホウにひかれた。","3","建設業","301","土木工事業","","","1~9","1","動力機械","14","建設機械等","","","7","はさまれ、巻き込まれ"
"135","1994","平成","6","1","16~17","ドラグ・ショベル運転席の床面にフックブロックを置いたところ、左側を起動させるアクセル上に乗ったためドラグ・ショベルが左回転し、キャタピラにひかれた。","3","建設業","301","土木工事業","","","10~29","1","動力機械","14","建設機械等","","","7","はさまれ、巻き込まれ"
"136","1994","平成","6","1","16~17","立体倉庫内に設置されたスタッカー式クレーン(つり上げ荷重8.02t)の月例自主検査後の試運転中、下降してきた搬器とマスト最下部のフレームの間に頭部を挟まれた。","1","製造業","108","化学工業","","","500~999","2","物上げ装置、運搬機械","21","動力クレーン等","","","7","はさまれ、巻き込まれ"
"137","1994","平成","6","1","7~8","乗用車に同乗し現場へ向う途中、センターラインを越え、対向してきた大型トラックと正面衝突した。","3","建設業","302","建築工事業","","","1~9","2","物上げ装置、運搬機械","23","乗物","","","17","交通事故（道路）"
"138","1994","平成","6","1","7~8","車庫内を歩行中に転倒し、コンクリート床で頭部を強打した。","1","製造業","102","繊維工業","","","10~29","4","仮設物、建築物、構築物等","41","仮設物、建築物、構築物等","","","2","転倒"
"139","1994","平成","6","1","7~8","乗用車に同乗し現場へ向う途中、センターラインを越え、対向してきた大型トラックと正面衝突した。","3","建設業","302","建築工事業","","","1~9","2","物上げ装置、運搬機械","23","乗物","","","17","交通事故（道路）"
"140","1994","平成","6","1","9~10","橋梁工事現場において、吊り足場上で型わくを解体中、5m下の河川敷に墜落した。","3","建設業","301","土木工事業","","","1~9","4","仮設物、建築物、構築物等","41","仮設物、建築物、構築物等","","","1","墜落、転落"
"141","1994","平成","6","1","10~11","橋梁架設工事現場において、ドラグ・ショベルの運転者が運転席を離れるため安全レバーを引こうとしたところ、旋回レバーに腕が接触したためアームが旋回し、被災者がバケットと擁壁の間に挟まれた。","3","建設業","301","土木工事業","","","1~9","1","動力機械","14","建設機械等","","","6","激突され"
"142","1994","平成","6","1","10~11","事業場隣の資材置場で足場用単管を束ねる作業中、単管のはい3束が崩壊し、その下敷きになった。","1","製造業","117","その他の製造業","","","1~9","6","荷","61","荷","","","5","崩壊、倒壊"
"143","1994","平成","6","1","11~12","2tトラックで高速道路を走行中、渋滞で停止していたトレーラーに追突した。","17","その他の事業","","","","","1~9","2","物上げ装置、運搬機械","22","動力運搬機","","","17","交通事故（道路）"
"144","1994","平成","6","1","14~15","山林内において、ミニバックホウのバケットに付いているフックにワイヤを掛け、そのワイヤを伐倒木の片側に掛けて運搬中、ミニバックホウが横転した。","2","鉱業","202","土石採取業","","","10~29","1","動力機械","14","建設機械等","","","2","転倒"
"145","1994","平成","6","1","9~10","国有林内の林道上において、セルフローダー荷台よりグラップルを降ろす際グラップルが転落し、グラップルを運転していた被災者が車外に投げ出され、その下敷きになった。","4","運輸交通業","403","道路貨物運送業","","","10~29","2","物上げ装置、運搬機械","22","動力運搬機","","","1","墜落、転落"
"146","1994","平成","6","1","10~11","スケートリンク氷削整機のダンプ部を上げ油圧シリンダー付近を点検中、急にダンプ部が降下し、上半身を挟まれた。","1","製造業","117","その他の製造業","","","10~29","2","物上げ装置、運搬機械","22","動力運搬機","","","7","はさまれ、巻き込まれ"
"147","1994","平成","6","1","14~15","側溝改良工事現場の掘削した溝(深さ80センチメートル、幅50センチメートル)内において、民家の配水管を可変側溝へ繋ぐためブロック塀の基礎部分にハンマードリルで穴を開けていたところ、ブロック塀(高さ1.5m、長さ5.2m)が倒れた。","3","建設業","301","土木工事業","","","1~9","4","仮設物、建築物、構築物等","41","仮設物、建築物、構築物等","","","5","崩壊、倒壊"
"148","1994","平成","6","1","16~17","導水管埋設のためドラグ・ショベルで明り掘削中、床均し作業をしていた被災者脇の土砂が崩壊した。","3","建設業","301","土木工事業","","","10~29","7","環境等","71","環境等","","","5","崩壊、倒壊"
"149","1994","平成","6","1","8~9","工場敷地内焼却炉の投入材ホッパー内において、シリンダーと焼却炉扉部の間に胸部を挟まれた。","15","清掃・と畜業","","","","","1~9","3","その他の装置等","34","炉窯等","","","7","はさまれ、巻き込まれ"
"150","1994","平成","6","1","13~14","L型防護柵を設置中、防護柵に登っていたところ柵が倒れ、その下敷きになった。","3","建設業","301","土木工事業","","","10~29","4","仮設物、建築物、構築物等","41","仮設物、建築物、構築物等","","","5","崩壊、倒壊"
"151","1994","平成","6","1","14~15","個人住宅の水道管凍結解除のため蒸気発生ボンベをバーナーで加熱中、破裂した。","15","清掃・と畜業","","","","","10~29","3","その他の装置等","31","圧力容器","","","14","爆発"
"152","1994","平成","6","1","14~15","元請けの倉庫でアルミ板にボール盤で穴を開ける作業中、着衣がドリルに巻き込まれ窒息した。","3","建設業","303","その他の建設業","","","10~29","1","動力機械","16","一般動力機械","","","7","はさまれ、巻き込まれ"
"153","1994","平成","6","1","18~19","精紡機のオペレーターが自動玉揚げ機(精紡機に沿って走行する)と柱の間に挟まれた。","1","製造業","102","繊維工業","","","300~499","1","動力機械","16","一般動力機械","","","7","はさまれ、巻き込まれ"
"154","1994","平成","6","1","11~12","ワゴン車に積んでいた発電機(ガソリン)から照明用の電源を取っていたところ、車内で待機していた被災者が一酸化炭素中毒になった。","4","運輸交通業","404","その他の運輸交通業","","","1~9","3","その他の装置等","39","その他の装置、設備","","","12","有害物等との接触"
"155","1994","平成","6","1","15~16","ガス製造所のコークス炉ガス冷却塔の清掃作業において、塔の高さ12mの箇所に設置した単管本足場に上がろうとアルミ製移動梯子を登る途中、バランスを崩して墜落した。","15","清掃・と畜業","","","","","10~29","3","その他の装置等","37","用具","","","1","墜落、転落"
"156","1994","平成","6","1","15~16","カーボンサイロ内の壁に付着したカーボンを払い落とす作業を終え、サイロ内の梯子(高さ20m)を上っていたところ、転落した。","1","製造業","108","化学工業","","","10~29","3","その他の装置等","39","その他の装置、設備","","","1","墜落、転落"
"157","1994","平成","6","1","16~17","外壁塗装工事に使用した単管足場の解体作業中、2段目の足場上で建地を引き抜いていたところ、高さ3.97mより墜落した。","3","建設業","303","その他の建設業","","","1~9","4","仮設物、建築物、構築物等","41","仮設物、建築物、構築物等","","","1","墜落、転落"
"158","1994","平成","6","1","16~17","木造家屋建築現場において、単管抱き足場の2段目に載りラス網を取り付ける作業中、約3.6m下の地面に墜落した。","3","建設業","302","建築工事業","","","1~9","4","仮設物、建築物、構築物等","41","仮設物、建築物、構築物等","","","1","墜落、転落"
"159","1994","平成","6","1","23~24","4tトラックで自動車専用道路を走行中、自然渋滞で停車中の11tトラックに追突した。","4","運輸交通業","403","道路貨物運送業","","","10~29","2","物上げ装置、運搬機械","22","動力運搬機","","","17","交通事故（道路）"
"160","1994","平成","6","2","9~10","右岸側の擁壁ブロックの組み上げ作業中、擁壁ブロック上面の地山から工事の進渉状況を確認していたところ、約2.5m下の作業段に墜落した。","3","建設業","301","土木工事業","","","30~49","7","環境等","71","環境等","","","1","墜落、転落"
"161","1994","平成","6","2","10~11","井戸の試掘作業中、ワイヤロープで吊り下げたパイプ状の汲み上げ機により汚水を汲み上げていたところ、被災者の首にドラムから外れたワイヤロープが巻き付き、窒息した。","3","建設業","301","土木工事業","","","1~9","1","動力機械","14","建設機械等","","","7","はさまれ、巻き込まれ"
"162","1994","平成","6","2","11~12","2tトラックで配達中、降雪のためチェーンを装着しようと停車し、トラック後部左側に行ったとき、トラックが後退し山側の石積と車体の間に挟まれた。","8","商業","","","","","10~29","2","物上げ装置、運搬機械","22","動力運搬機","","","7","はさまれ、巻き込まれ"
"163","1994","平成","6","2","12~13","ミニユンボでガス管埋設用の溝を掘削中、アームと運転席右前の支柱の間に身体を挟まれた。","3","建設業","301","土木工事業","","","10~29","1","動力機械","14","建設機械等","","","7","はさまれ、巻き込まれ"
"164","1994","平成","6","2","13~14","作業員4名で電話交換機(250キログラム)を床に倒していたところ、交換機と床の間に挟まれた。","4","運輸交通業","403","道路貨物運送業","","","1~9","6","荷","61","荷","","","7","はさまれ、巻き込まれ"
"165","1994","平成","6","2","5~6","9tトラックで走行中、交差点で11tトラックと出会い頭に衝突した。","4","運輸交通業","403","道路貨物運送業","","","10~29","2","物上げ装置、運搬機械","22","動力運搬機","","","17","交通事故（道路）"
"166","1994","平成","6","2","7~8","ガソリンスタンド内で給油及び点検作業中、スタンド前の国道を走行してきた軽自動車が急に歩道を越えて進入し、被災者に衝突した。","8","商業","","","","","30~49","2","物上げ装置、運搬機械","23","乗物","","","17","交通事故（道路）"
"167","1994","平成","6","2","8~9","事業場内倉庫の中2階の開口部付近において、バランスを崩して近くにあった転圧機をつかみ、転圧機とともに3.5m下の地上に墜落した。","3","建設業","302","建築工事業","","","30~49","4","仮設物、建築物、構築物等","41","仮設物、建築物、構築物等","","","1","墜落、転落"
"168","1994","平成","6","2","9~10","新館屋根の除雪のため本館から新館に通じる渡り廊下の屋根上を移動中、足を滑らせ7.22m下の消雪用ピットに墜落した。","14","接客娯楽業","","","","","10~29","4","仮設物、建築物、構築物等","41","仮設物、建築物、構築物等","","","1","墜落、転落"
"169","1994","平成","6","2","11~12","バックホウで廃材を吊り上げたところ、ワイヤロープが外れたため材が落下し、被災者に当たった。","2","鉱業","202","土石採取業","","","1~9","3","その他の装置等","37","用具","","","4","飛来、落下"
"170","1994","平成","6","2","11~12","チェーンソーで立木を伐採中、伐倒木が頭部を直撃した。","3","建設業","301","土木工事業","","","10~29","7","環境等","71","環境等","","","6","激突され"
"171","1994","平成","6","2","12~13","プロパンタンク(4.6m3)に取り付けた配管の状況を写真撮影するため、マンホールからタンク内部を覗き込んだところ、置換されていた窒素を吸入した。","3","建設業","303","その他の建設業","","","10~29","7","環境等","71","環境等","","","12","有害物等との接触"
"172","1994","平成","6","2","16~17","倉庫内においてフォークリフトで荷役運搬中、後進した際にヘッドガードの柱と倉庫の柱の間に頭部を挟まれた。","5","貨物取扱業","501","陸上貨物取扱業","","","50~99","2","物上げ装置、運搬機械","22","動力運搬機","","","7","はさまれ、巻き込まれ"
"173","1994","平成","6","2","3~4","4tトラックで高速道路を走行中、追い越そうとしたトラックに追突され、トラックが横転した。","4","運輸交通業","403","道路貨物運送業","","","30~49","2","物上げ装置、運搬機械","22","動力運搬機","","","17","交通事故（道路）"
"174","1994","平成","6","2","4~5","4tトラックで高速道路を走行中、前方の事故により停車していたトラックに追突した。","4","運輸交通業","403","道路貨物運送業","","","30~49","2","物上げ装置、運搬機械","22","動力運搬機","","","17","交通事故（道路）"
"175","1994","平成","6","2","6~7","パイル(径450ミリメートル、長さ5m、1.3t)を積み重ねる作業中、パイル1本が落下し被災者に激突した。","1","製造業","109","窯業土石製品製造業","","","10~29","5","物質、材料","52","材料","","","4","飛来、落下"
"176","1994","平成","6","2","7~8","タクシーで県道を走行中、ハンドル操作を誤って反対車線に飛び出し、対向してきた乗用車と正面衝突した。","4","運輸交通業","402","道路旅客運送業","","","50~99","2","物上げ装置、運搬機械","23","乗物","","","17","交通事故（道路）"
"177","1994","平成","6","2","8~9","製材所内において、大型トレーラーよりフォークリフトで材木(ラワン材)を荷卸し中、トレーラーに積んである最上部のラワン材(啓4センチメートル、長さ8.2m、3t)がから落下し、荷台付近にいた被災者の頭部に当たった。","4","運輸交通業","403","道路貨物運送業","","","10~29","2","物上げ装置、運搬機械","22","動力運搬機","","","4","飛来、落下"
"178","1994","平成","6","2","8~9","アスファルトプラントの混合機の排出口付近を清掃後、同僚が混合機の作動ボタンを押したところ、混合機内で何らかの作業を行っていた被災者が羽根に巻き込まれ、排出口から4m下に墜落した。","1","製造業","109","窯業土石製品製造業","","","10~29","1","動力機械","16","一般動力機械","","","7","はさまれ、巻き込まれ"
"179","1994","平成","6","2","9~10","マンション建設現場において、土止め支保工を解体するため腹起しの接続ボルトを鉄パイプで取り外していたところ、乗っていた腹起しとともに2.2m下のコンクリートスラブ上に墜落した。","3","建設業","302","建築工事業","","","10~29","4","仮設物、建築物、構築物等","41","仮設物、建築物、構築物等","","","1","墜落、転落"
"180","1994","平成","6","2","9~10","工事現場において、3tトラックで運搬してきたドラグ・ショベルをおろす作業中、トラック上でドラグ・ショベルを運転していたところ、ドラグ・ショベルとともにトラックから転落した。","3","建設業","301","土木工事業","","","1~9","1","動力機械","14","建設機械等","","","1","墜落、転落"
"181","1994","平成","6","2","10~11","自社の作業場新築工事中、丸太抱き足場の一層目(高さ1.8m)より墜落した。","3","建設業","302","建築工事業","","","1~9","4","仮設物、建築物、構築物等","41","仮設物、建築物、構築物等","","","1","墜落、転落"
"182","1994","平成","6","2","11~12","屋根工事中、仮付してあった屋根下地材の波鉄板上に乗ったところ、波鉄板が曲がって外れ、9.6m下のコンクリート床に墜落した。","3","建設業","302","建築工事業","","","1~9","4","仮設物、建築物、構築物等","41","仮設物、建築物、構築物等","","","1","墜落、転落"
"183","1994","平成","6","2","14~15","2台のフォークリフトで持ち上げた糊付機の循環ボックス部の下に入り、ボルトを外していたところ、ボックス部が真ん中で折れ下敷きになった。","8","商業","","","","","1~9","6","荷","61","荷","","","4","飛来、落下"
"184","1994","平成","6","2","15~16","患者の訓練として行ったゴルフ場の落葉拾いで集めた落葉を軽トラックで捨てに行き、その帰りにゴルフ場の管理道路を走行中、飛び込んできたゴルフボールが頭に当たった。","13","保健・衛生業","","","","","30~49","9","その他","91","その他の起因物","","","4","飛来、落下"
"185","1994","平成","6","2","15~16","自転車で客先訪問に向う途中、ダンプカーに追突された。","11","通信業","","","","","10~29","2","物上げ装置、運搬機械","22","動力運搬機","","","17","交通事故（道路）"
"186","1994","平成","6","2","16~17","湯沸かし器を使用中の作業室(約4×3.5m)内で後片付け中、一酸化炭素中毒になった。","1","製造業","108","化学工業","","","10~29","3","その他の装置等","39","その他の装置、設備","","","12","有害物等との接触"
"187","1994","平成","6","2","17~18","防波堤内に係留していた台船の船倉内からの排水作業を監視中、防波堤を越えてきた高波にさらわれた。","3","建設業","301","土木工事業","","","1~9","7","環境等","71","環境等","","","10","おぼれ"
"188","1994","平成","6","2","20~21","軽乗用車で走行中、カーブでスリップして反対車線にはみ出し、大型トラックと衝突した。","17","その他の事業","","","","","1~9","2","物上げ装置、運搬機械","23","乗物","","","17","交通事故（道路）"
"189","1994","平成","6","2","9~10","企業の信用調査のためバイクで調査事業場へ向う途中、前輪がパンクして転倒した。","17","その他の事業","","","","","10~29","2","物上げ装置、運搬機械","23","乗物","","","2","転倒"
"190","1994","平成","6","2","10~11","ビル新築現場において、工事用エレベーター撤去のため身を乗り出して作業中、降下してきた隣接のエレベーターとスラブの間に身体を挟まれた。","3","建設業","302","建築工事業","","","10~29","2","物上げ装置、運搬機械","21","動力クレーン等","","","7","はさまれ、巻き込まれ"
"191","1994","平成","6","2","10~11","配水管埋設工事現場において、溝(深さ約1.8m)の中で配水管とコンクリートの弁を設置作業中、突然土砂が崩壊した。","3","建設業","301","土木工事業","","","1~9","7","環境等","71","環境等","","","5","崩壊、倒壊"
"192","1994","平成","6","2","10~11","工場の雨樋修理工事を手伝っていたところ、スレート屋根を踏み抜き5.4m下の路面に墜落した。","1","製造業","101","食料品製造業","","","100~299","4","仮設物、建築物、構築物等","41","仮設物、建築物、構築物等","","","1","墜落、転落"
"193","1994","平成","6","2","13~14","フォークリフト(積載荷重4t)で赤松原木6本をチェーンベルトコンベヤーに載せたところ、1本が落下防止爪に接触したため空回りし、その上に載っていた原木1本(100キログラム)が落下し、通りかかった被災者に当たった。","1","製造業","104","木材・木製品製造業","","","10~29","2","物上げ装置、運搬機械","22","動力運搬機","","","4","飛来、落下"
"194","1994","平成","6","2","13~14","河川護床工事に使用する三脚ブロック(2.8t)をドラグ・ショベルに吊り4tトラックに積み込み作業中、トラック荷台のブロック上で誘導していたところ、雪で足を滑らせ墜落し、そこへドラグ・ショベルの旋回でフックの金具が破損しためブロックが落下した","3","建設業","301","土木工事業","","","1~9","2","物上げ装置、運搬機械","22","動力運搬機","","","1","墜落、転落"
"195","1994","平成","6","2","4~5","トラックで荷を運搬中、バイパス交差点で信号待ち中のトラックに追突した。","4","運輸交通業","403","道路貨物運送業","","","1~9","2","物上げ装置、運搬機械","22","動力運搬機","","","17","交通事故（道路）"
"196","1994","平成","6","2","8~9","鉄工所工場内において、鉄骨鋼材(長さ10m、約2t)を天井走行クレーンで吊り上げてトラックに積込中、2本掛けした玉掛ワイヤロープ(径12ミリメートル)が2本とも切断し、トラック荷台上で吊り荷の誘導をしていた被災者の上に落下した。","8","商業","","","","","1~9","3","その他の装置等","37","用具","","","4","飛来、落下"
"197","1994","平成","6","2","9~10","高速道路端の排水溝を清掃中、事故を起こした乗用車が作業場所に突っ込んできて被災者をはねた。(外)","15","清掃・と畜業","","","","","10~29","2","物上げ装置、運搬機械","23","乗物","","","6","激突され"
"198","1994","平成","6","2","11~12","2階屋根の塗装作業中、立て掛けてあったアルミ製梯子が倒れ、梯子ごと6m下の地上へ墜落した。","3","建設業","302","建築工事業","","","1~9","3","その他の装置等","37","用具","","","1","墜落、転落"
"199","1994","平成","6","2","11~12","個人住宅新築工事において、火打材を持って2階床部分の梁上を移動中、足を踏み外し約3.4m下のコンクリート面に墜落した。","3","建設業","302","建築工事業","","","1~9","4","仮設物、建築物、構築物等","41","仮設物、建築物、構築物等","","","1","墜落、転落"
"200","1994","平成","6","2","12~13","スレート屋根上で投光器を設置中、屋根の端に移動して足を乗せたところ、スレートが割れ7.66m下に墜落した。","14","接客娯楽業","","","","","1~9","4","仮設物、建築物、構築物等","41","仮設物、建築物、構築物等","","","1","墜落、転落"
"201","1994","平成","6","2","17~18","はい(大型の袋を積み重ねたもの)上(高さ1.5m)で空袋を整理中、コンクリート床面に墜落した。","8","商業","","","","","1~9","6","荷","61","荷","","","1","墜落、転落"
"202","1994","平成","6","2","8~9","タクシー乗務中、対向車線をはみ出してきた車に正面衝突された。","4","運輸交通業","402","道路旅客運送業","","","50~99","2","物上げ装置、運搬機械","23","乗物","","","17","交通事故（道路）"
"203","1994","平成","6","2","8~9","軽トラックでゴミを埋め立て処理場へ運ぶ途中、交差点で乗用車と衝突した。","14","接客娯楽業","","","","","30~49","2","物上げ装置、運搬機械","22","動力運搬機","","","17","交通事故（道路）"
"204","1994","平成","6","2","14~15","フォークリフトの前でベニヤ板のはいを整理中、急発進したフォークリフトとはいの間に挟まれた。","8","商業","","","","","10~29","2","物上げ装置、運搬機械","22","動力運搬機","","","7","はさまれ、巻き込まれ"
"205","1994","平成","6","2","16~17","倉庫内において、パレットに積まれた米袋(1パレット25袋、1袋60キログラム)をフォークリフトで3段に積み上げた後、フォークリフトを降り、荷の状況確認をしようと荷に近付いたところ、積荷が崩れた。","8","商業","","","","","10~29","6","荷","61","荷","","","5","崩壊、倒壊"
"206","1994","平成","6","2","不明","2階で作業をしていた被災者が、梯子を使って1階へ降りる途中、墜落した。","3","建設業","302","建築工事業","","","不明","3","その他の装置等","37","用具","","","1","墜落、転落"
"207","1994","平成","6","2","5~6","10tトラックで高速道路を走行中、前方のトラックに追突した。","4","運輸交通業","403","道路貨物運送業","","","50~99","2","物上げ装置、運搬機械","22","動力運搬機","","","17","交通事故（道路）"
"208","1994","平成","6","2","7~8","トラックで現場に向う途中、同僚のトラックとすれ違いに停止して同僚に荷締め器具を渡し、自車に戻るため道路を横断中、走行してきたトラックにひかれた。","3","建設業","301","土木工事業","","","1~9","2","物上げ装置、運搬機械","22","動力運搬機","","","17","交通事故（道路）"
"209","1994","平成","6","2","8~9","スパイク式送りローラー付テーブル帯のこで製材中、ローラーに着衣を巻き込まれ、首を切断した。","1","製造業","104","木材・木製品製造業","","","10~29","1","動力機械","13","木材加工用機械","","","8","切れ、こすれ"
"210","1994","平成","6","2","9~10","親企業構内において、フォークリフトを後進しながら方向転換したところ、横転しヘッドガードと地面の間に頭部を挟まれた。","4","運輸交通業","403","道路貨物運送業","","","1~9","2","物上げ装置、運搬機械","22","動力運搬機","","","2","転倒"
"211","1994","平成","6","2","10~11","ダンプカーで林道を走行中、道路左脇の立木に衝突し、横転したダンプカーの下敷きになった。","4","運輸交通業","403","道路貨物運送業","","","1~9","7","環境等","71","環境等","","","17","交通事故（道路）"
"212","1994","平成","6","2","10~11","ブル・ドーザーで農道の除雪作業中、傾斜のある農道から約2m下に転落した。","3","建設業","301","土木工事業","","","10~29","1","動力機械","14","建設機械等","","","1","墜落、転落"
"213","1994","平成","6","2","11~12","送電線鉄塔設置場所へ通じる搬入路新設のためバックホウにより地山を掘削中、掘削箇所が高さ12m、幅9mに渡って崩壊した。","3","建設業","303","その他の建設業","","","10~29","7","環境等","71","環境等","","","5","崩壊、倒壊"
"214","1994","平成","6","2","11~12","埠頭に接岸中の貨物船のデッキ上において、安全パトロールのためハッチ内を写真撮影中、墜落した。","5","貨物取扱業","502","港湾運送業","","","500~999","2","物上げ装置、運搬機械","23","乗物","","","1","墜落、転落"
"215","1994","平成","6","2","11~12","推進工事現場において、最後のヒューム管(61本目)を推進ジャッキで押し込み中、先端部の地山切羽が崩落し、その下で刃口の誘導を行っていた被災者が埋まった。","3","建設業","301","土木工事業","","","1~9","7","環境等","71","環境等","","","5","崩壊、倒壊"
"216","1994","平成","6","2","4~5","建設工事現場へ資材を運搬中、路外に転落した。","4","運輸交通業","403","道路貨物運送業","","","30~49","2","物上げ装置、運搬機械","22","動力運搬機","","","17","交通事故（道路）"
"217","1994","平成","6","2","9~10","型枠用木製コンクリートパネル(1.8×2.2m)の整理中、背後に置いてあったコンクリートパネルが風にあおられて被災者の背中に当たり、その反動で前方の法面下(深さ1.3m)に転落した。","3","建設業","301","土木工事業","","","1~9","7","環境等","71","環境等","","","1","墜落、転落"
"218","1994","平成","6","2","11~12","高速道路のトンネル内において、渋滞の最後尾に停止中、後続車に追突された。","8","商業","","","","","1~9","2","物上げ装置、運搬機械","23","乗物","","","17","交通事故（道路）"
"219","1994","平成","6","2","11~12","大型トラックで走行中、前方の工事のため渋滞していたのに気付くのが遅れ、大型トラックに追突した。","4","運輸交通業","403","道路貨物運送業","","","50~99","2","物上げ装置、運搬機械","22","動力運搬機","","","17","交通事故（道路）"
"220","1994","平成","6","2","17~18","送迎用ワゴン車で帰宅途中、町道と農道の交差点で乗用車と出会い頭に衝突した。","3","建設業","302","建築工事業","","","1~9","2","物上げ装置、運搬機械","23","乗物","","","17","交通事故（道路）"
"221","1994","平成","6","2","17~18","送迎用ワゴン車で帰宅途中、町道と農道の交差点で乗用車と出会い頭に衝突した。","3","建設業","302","建築工事業","","","1~9","2","物上げ装置、運搬機械","23","乗物","","","17","交通事故（道路）"
"222","1994","平成","6","2","9~10","キャディー作業中、調整池(40×20×深さ3m)に落ちたボールを拾おうとして池に落ちた。","14","接客娯楽業","","","","","100~299","7","環境等","71","環境等","","","10","おぼれ"
"223","1994","平成","6","2","11~12","漁港の改修工事中、浮きクレーン(つり上げ荷重100t)でコンクリートブロック(約37t)を吊り上げようとしたところ、クレーンのジブの起伏ワイヤロープが切断してジブが落下し、近くにいた被災者にクレーンのフックが激突した。","3","建設業","301","土木工事業","","","50~99","2","物上げ装置、運搬機械","21","動力クレーン等","","","4","飛来、落下"
"224","1994","平成","6","2","14~15","1tフォークリフトを運転中、フォークを最大に上げていたため倉庫入口のシャッターに衝突し、転倒してヘッドガードと床面に挟まれた。","1","製造業","113","一般機械器具製造業","","","500~999","2","物上げ装置、運搬機械","22","動力運搬機","","","2","転倒"
"225","1994","平成","6","2","14~15","営業のため乗用車で走行中、トンネル内の凍結路面でスリップし、対向してきた除雪車と正面衝突した。","3","建設業","302","建築工事業","","","50~99","2","物上げ装置、運搬機械","23","乗物","","","17","交通事故（道路）"
"226","1994","平成","6","2","14~15","貯木場において、筏に組んだラワン材(末口60センチメートル、長さ11mの8本組)上で検量の補助作業中、転倒し材で胸部を打撲した。","5","貨物取扱業","502","港湾運送業","","","100~299","5","物質、材料","52","材料","","","2","転倒"
"227","1994","平成","6","2","17~18","製砂プラントのベルトコンベヤーを点検中、左腕をテールドラムに巻き込まれ切断した。","2","鉱業","203","その他の鉱業","","","30~49","2","物上げ装置、運搬機械","22","動力運搬機","","","7","はさまれ、巻き込まれ"
"228","1994","平成","6","2","23~24","電柱(高さ約6m)に登り有線放送の回線修理作業中、垂れ下がっていた放送用ケーブルを軽自動車が引っかけ、その弾みで電柱から墜落した。","11","通信業","","","","","1~9","4","仮設物、建築物、構築物等","41","仮設物、建築物、構築物等","","","1","墜落、転落"
"229","1994","平成","6","2","4~5","客の普通乗用車で国道を走行中、凍結路面でスリップし、対向してきた大型トラックと衝突した。","4","運輸交通業","404","その他の運輸交通業","","","30~49","2","物上げ装置、運搬機械","23","乗物","","","17","交通事故（道路）"
"230","1994","平成","6","2","9~10","切羽の点検を終えて移動中、後進してきたホイールローダーにひかれた。","3","建設業","301","土木工事業","","","10~29","1","動力機械","14","建設機械等","","","6","激突され"
"231","1994","平成","6","2","10~11","伐採木を荷掛けしたワイヤロープをタワー付集材機の搬器フックに玉掛する作業中、倒れた。","6","農林業","601","農業","","","1~9","7","環境等","71","環境等","","","2","転倒"
"232","1994","平成","6","2","10~11","建造中の貨物船(15万t)の煙突内部で鉄製仕切板の取付作業中、全身火傷を負った。作業場にはガス切断器とアーク溶接ホルダー等があり、切断器から酸素が出ていた。","1","製造業","115","輸送用機械等製造業","","","500~999","3","その他の装置等","33","溶接装置","","","11","高温・低温の物との接触"
"233","1994","平成","6","2","10~11","外部足場上(6段目、高さ10.4m)において、吹付作業の準備のため積雪をほうきで清掃中、墜落した。","3","建設業","302","建築工事業","","","10~29","4","仮設物、建築物、構築物等","41","仮設物、建築物、構築物等","","","1","墜落、転落"
"234","1994","平成","6","2","15~16","木造家屋新築現場の母屋上(高さ6.3m)で、屋根のたる木の割り付け作業の準備中、墜落した。","3","建設業","302","建築工事業","","","1~9","4","仮設物、建築物、構築物等","41","仮設物、建築物、構築物等","","","1","墜落、転落"
"235","1994","平成","6","2","3~4","トラックで走行中、対向車線にはみ出し走行車両と正面衝突した。","4","運輸交通業","403","道路貨物運送業","","","10~29","2","物上げ装置、運搬機械","23","乗物","","","17","交通事故（道路）"
"236","1994","平成","6","2","6~7","トラックで走行中、雪のためチェーンを装着しようと坂道の途中で停車し、車外に出たところ車両が後退し、車両左前部とガードレールに挟まれた。","1","製造業","101","食料品製造業","","","1000~9999","2","物上げ装置、運搬機械","22","動力運搬機","","","7","はさまれ、巻き込まれ"
"237","1994","平成","6","2","11~12","ゲレンデをパトロール中、雪崩(幅40m)に巻き込まれ、約200m下方に押し流された。","14","接客娯楽業","","","","","30~49","7","環境等","71","環境等","","","5","崩壊、倒壊"
"238","1994","平成","6","2","15~16","ワイヤロープのより線機を稼働中、巻き込まれた。","1","製造業","112","金属製品製造業","","","1~9","1","動力機械","16","一般動力機械","","","7","はさまれ、巻き込まれ"
"239","1994","平成","6","2","0~1","タクシーで国道を走行中、雨のためスリップして対向車線にはみ出し、乗用車に衝突した。","4","運輸交通業","402","道路旅客運送業","","","100~299","2","物上げ装置、運搬機械","23","乗物","","","17","交通事故（道路）"
"240","1994","平成","6","2","23~24","被災者がつまずいて荷を運搬中のフォークリフトの前に飛び出したため、急ブレーキを掛けたフォークリフトから荷が崩壊し、その下敷きになった。","1","製造業","109","窯業土石製品製造業","","","1~9","2","物上げ装置、運搬機械","22","動力運搬機","","","5","崩壊、倒壊"
"241","1994","平成","6","2","6~7","車庫から出てきた列車を避けようとして、下り線側軌道内に入り込んだところ、走行してきた列車にはねられた。","4","運輸交通業","401","鉄道・軌道・水運・航空業","","","100~299","2","物上げ装置、運搬機械","23","乗物","","","18","交通事故（その他）"
"242","1994","平成","6","2","10~11","アーケードの塩ビ屋根を補修するため資材を持って移動中、屋根を踏み抜き3.27m下に墜落した。","3","建設業","302","建築工事業","","","1~9","4","仮設物、建築物、構築物等","41","仮設物、建築物、構築物等","","","1","墜落、転落"
"243","1994","平成","6","2","13~14","製材工場内において、ギャングリッパーから材を受け取る作業をしていたところ、工場の屋根上に積もった雪(85センチメートル)の重さで屋根が崩れ落ちた。","1","製造業","104","木材・木製品製造業","","","10~29","7","環境等","71","環境等","","","5","崩壊、倒壊"
"244","1994","平成","6","2","15~16","30t門型クレーンの運転室内でクレーン操作をしていた被災者の着衣が、採暖用に使っていた電熱器に触れて燃えた。","1","製造業","112","金属製品製造業","","","100~299","3","その他の装置等","35","電気設備","","","11","高温・低温の物との接触"
"245","1994","平成","6","2","3~4","新聞配達中、交差点で乗用車に衝突した。","8","商業","","","","","10~29","2","物上げ装置、運搬機械","23","乗物","","","17","交通事故（道路）"
"246","1994","平成","6","2","8~9","大型トラックより原木をおろすため荷締め用ワイヤロープを外したところ、原木2本が荷台から落下し、頭部に当たった。","4","運輸交通業","403","道路貨物運送業","","","10~29","5","物質、材料","52","材料","","","4","飛来、落下"
"247","1994","平成","6","2","13~14","スクイズ式コンクリートポンプ車のポンピングチューブ取替作業において、取替後のドラムの状況確認中、回転ロータに頭部を挟まれた。","3","建設業","302","建築工事業","","","10~29","1","動力機械","14","建設機械等","","","7","はさまれ、巻き込まれ"
"248","1994","平成","6","2","16~17","桟橋の橋脚に防食用FRP補修のため橋脚に足場を設ける作業中、海を泳いで橋脚に付着した貝を落とす作業を行う際、溺れた。","3","建設業","301","土木工事業","","","10~29","7","環境等","71","環境等","","","10","おぼれ"
"249","1994","平成","6","2","18~19","大型トレーラーで国道を走行中、畑へ転落した。","4","運輸交通業","403","道路貨物運送業","","","50~99","2","物上げ装置、運搬機械","22","動力運搬機","","","17","交通事故（道路）"
"250","1994","平成","6","2","19~20","大型トレーラーで県道を走行中、道路脇に駐車していた乗用車に接触し、その弾みで反対車線の信号機に激突した。","4","運輸交通業","403","道路貨物運送業","","","50~99","2","物上げ装置、運搬機械","22","動力運搬機","","","17","交通事故（道路）"
"251","1994","平成","6","2","3~4","活魚専用トラックで帰社途中、ガードパイプに衝突した。","7","畜産・水産業","","","","","1~9","2","物上げ装置、運搬機械","22","動力運搬機","","","17","交通事故（道路）"
"252","1994","平成","6","2","8~9","溶けた硝子を撹拌するシャフトに溜まったすすをかき集める作業中、シャフト途中の自在継手の固定ピンに着衣を巻き込まれた。","1","製造業","109","窯業土石製品製造業","","","300~499","1","動力機械","12","動力伝導機構","","","7","はさまれ、巻き込まれ"
"253","1994","平成","6","2","10~11","鉄骨造倉庫建築工事においてルーフデッキを取付中、高さ5.76mから墜落した。","3","建設業","302","建築工事業","","","1~9","4","仮設物、建築物、構築物等","41","仮設物、建築物、構築物等","","","1","墜落、転落"
"254","1994","平成","6","2","11~12","トラッククレーン(つり上げ荷重4.9t)で梁組作業中、クレーンのジブを伸ばした際、補巻き用ワイヤロープが切断され、補巻き用フックが被災者を直撃した。","3","建設業","302","建築工事業","","","1~9","2","物上げ装置、運搬機械","21","動力クレーン等","","","4","飛来、落下"
"255","1994","平成","6","2","11~12","トラック荷台上でH形鋼(約2t)に玉掛し、クローラクレーンの操作者に吊上げ合図をして荷を約1m吊り上げたところ、クランプが外れて荷が落下し、荷台から飛び降りた被災者の上に落ちた。","1","製造業","117","その他の製造業","","","1~9","3","その他の装置等","37","用具","","","4","飛来、落下"
"256","1994","平成","6","2","15~16","風倒木の除去作業中、上方約50m付近の地山が突然崩壊し、落石が当たった。","3","建設業","301","土木工事業","","","10~29","7","環境等","71","環境等","","","5","崩壊、倒壊"
"257","1994","平成","6","2","16~17","社屋の屋根から落下した雪塊の除雪作業中、屋根上に残っていた雪塊が落下し、その下敷きになった。","1","製造業","105","家具・装備品製造業","","","10~29","4","仮設物、建築物、構築物等","41","仮設物、建築物、構築物等","","","4","飛来、落下"
"258","1994","平成","6","2","21~22","乗用車で高速道路を走行中、前方のトラックから外れたタイヤに乗り上げ、スピンしてガードレールに衝突し、そこへ後続の大型トラックに追突された。","8","商業","","","","","300~499","2","物上げ装置、運搬機械","23","乗物","","","17","交通事故（道路）"
"259","1994","平成","6","2","5~6","ワゴン車で走行中、交差点でトラックと追突した。","4","運輸交通業","403","道路貨物運送業","","","10~29","2","物上げ装置、運搬機械","22","動力運搬機","","","17","交通事故（道路）"
"260","1994","平成","6","2","9~10","ビル新築現場において、地上から高さ約14mに設置した吊り足場上で躯体の外周養生中、バランスを崩し、停車中の移動式クレーンの屋根に墜落した。","3","建設業","302","建築工事業","","","50~99","4","仮設物、建築物、構築物等","41","仮設物、建築物、構築物等","","","1","墜落、転落"
"261","1994","平成","6","2","11~12","4tトラックで走行中、対向してきた25tトレーラーの荷台から落下した石材(3×1.7×0.9m、12t)に衝突した。","4","運輸交通業","403","道路貨物運送業","","","10~29","2","物上げ装置、運搬機械","22","動力運搬機","","","17","交通事故（道路）"
"262","1994","平成","6","2","13~14","90ccバイクで商品を配達中、国道の歩道付近で転倒した。","8","商業","","","","","1~9","2","物上げ装置、運搬機械","23","乗物","","","17","交通事故（道路）"
"263","1994","平成","6","2","14~15","工事現場でマーキング作業中、道路沿いの堆肥置場から出てきたミキサー車にひかれた。","3","建設業","301","土木工事業","","","1~9","2","物上げ装置、運搬機械","22","動力運搬機","","","17","交通事故（道路）"
"264","1994","平成","6","2","15~16","トラック荷台に積んだ足場を荷台上で押さえていたところ、トラックが現場から車道へ出る際荷崩れが起こり、荷台より転落した。","3","建設業","302","建築工事業","","","10~29","5","物質、材料","52","材料","","","1","墜落、転落"
"265","1994","平成","6","2","16~17","4tトラックに梅の木を積み込む作業中、トラックの運転席の屋根上(高さ2.35m)から転落した。","3","建設業","301","土木工事業","","","1~9","2","物上げ装置、運搬機械","22","動力運搬機","","","1","墜落、転落"
"266","1994","平成","6","2","18~19","架台(高さ90センチメートル)に仮置きしたH形鋼(444×79センチメートル、800キログラム)のスリーブ(パイプ等と通す穴、外径14センチメートル)をガムテープで養生作業中、鉄骨梁が崩れ落ち、その下敷きになった。","3","建設業","302","建築工事業","","","1~9","5","物質、材料","52","材料","","","5","崩壊、倒壊"
"267","1994","平成","6","2","7~8","コンクリート製ボックスカルバート製造工程において型わく解体中、天井クレーンで吊っていた型わくの一部が倒れ、その下敷きになった。","1","製造業","109","窯業土石製品製造業","","","30~49","2","物上げ装置、運搬機械","21","動力クレーン等","","","5","崩壊、倒壊"
"268","1994","平成","6","2","9~10","産業廃棄物最終処分地において、ダンプカーから土砂を降ろす作業中、整地作業中のブル・ドーザーが接触した。","3","建設業","301","土木工事業","","","100~299","1","動力機械","14","建設機械等","","","7","はさまれ、巻き込まれ"
"269","1994","平成","6","2","9~10","薬品の塗料吹き付け作業中、電気コンセントの火花が塗料に引火して火災になり、逃げ遅れた。","1","製造業","113","一般機械器具製造業","","","1~9","5","物質、材料","51","危険物、有害物等","","","16","火災"
"270","1994","平成","6","2","11~12","配水管の敷設作業中、掘削箇所(深さ約2m)に敷設した配管箇所をスコップで埋め戻していたところ、長さ5.2m、深さ2mに渡って土砂が崩壊した。","3","建設業","302","建築工事業","","","10~29","7","環境等","71","環境等","","","5","崩壊、倒壊"
"271","1994","平成","6","2","11~12","1階屋根の梁上でたる木の打ち込み作業中、足を踏み外し約3m下のコンクリート床面に墜落した。","3","建設業","302","建築工事業","","","1~9","4","仮設物、建築物、構築物等","41","仮設物、建築物、構築物等","","","1","墜落、転落"
"272","1994","平成","6","2","11~12","浄化槽埋設のための掘削穴(2.5×4×2.1m)に入って作業中、土砂(1m3)が崩壊し、粘土塊が首に当たった。","3","建設業","303","その他の建設業","","","10~29","7","環境等","71","環境等","","","5","崩壊、倒壊"
"273","1994","平成","6","2","13~14","山林内で玉切り作業中、土積場の原木が崩れて下敷きになった。","6","農林業","601","農業","","","1~9","7","環境等","71","環境等","","","5","崩壊、倒壊"
"274","1994","平成","6","2","14~15","伐倒した杉の玉切り作業中、かかり木となっていた杉(胸高直径24センチメートル、長さ23m)が倒れてきて頭部に当たった。","6","農林業","601","農業","","","1~9","7","環境等","71","環境等","","","6","激突され"
"275","1994","平成","6","2","15~16","ドラグ・ショベルから取り外したブームとアームのシリンダーピンを抜く作業中、2つ折りになっていたブームとアームが倒れ、その下敷きになった。","1","製造業","117","その他の製造業","","","1~9","1","動力機械","14","建設機械等","","","5","崩壊、倒壊"
"276","1994","平成","6","2","16~17","建屋場内地下1階の清掃中、床の開口部(60×60センチメートル)から約7.1m下の地下2階床に墜落した。","3","建設業","302","建築工事業","","","10~29","4","仮設物、建築物、構築物等","41","仮設物、建築物、構築物等","","","1","墜落、転落"
"277","1994","平成","6","2","16~17","ベルトコンベヤーのベルト緊張装置のベルトプーリーに付着した泥塊をガスバーナーで乾かし除去する作業中、巻き込まれた。","2","鉱業","202","土石採取業","","","50~99","2","物上げ装置、運搬機械","22","動力運搬機","","","7","はさまれ、巻き込まれ"
"278","1994","平成","6","2","17~18","2.9tトラック積載型移動式クレーンでバイブロ(2t)を荷卸し中、荷の重みでクレーンが傾き、クレーンと横に置かれていた発電機の間に挟まれた。","8","商業","","","","","1~9","2","物上げ装置、運搬機械","21","動力クレーン等","","","7","はさまれ、巻き込まれ"
"279","1994","平成","6","2","10~11","建築した防火水槽内に入り、コンクリート養生に使用した練炭コンロを取り出そうとしたところ、一酸化炭素中毒になった。助けようとした同僚も被災した。","3","建設業","301","土木工事業","","","100~299","5","物質、材料","51","危険物、有害物等","","","12","有害物等との接触"
"280","1994","平成","6","2","10~11","建築した防火水槽内に入り、コンクリート養生に使用した練炭コンロを取り出そうとしたところ、一酸化炭素中毒になった。助けようとした同僚も被災した。","3","建設業","301","土木工事業","","","100~299","5","物質、材料","51","危険物、有害物等","","","12","有害物等との接触"
"281","1994","平成","6","2","10~11","木造住宅2階屋根部分の垂木打ち作業中、梁上を移動する際に足を滑らせ、4.4m下の1階天井部に墜落した。","3","建設業","302","建築工事業","","","30~49","4","仮設物、建築物、構築物等","41","仮設物、建築物、構築物等","","","1","墜落、転落"
"282","1994","平成","6","2","11~12","チェーンソーで伐採作業中、かかり木になっていた木に頭部を直撃された。","6","農林業","601","農業","","","1~9","7","環境等","71","環境等","","","5","崩壊、倒壊"
"283","1994","平成","6","2","16~17","フォークリフトで建設型枠用合板を2tトラックの荷台に積込中、合板の重みでトラックが傾き、荷台から滑り落ちた合板の下敷きになった。","8","商業","","","","","1~9","6","荷","61","荷","","","4","飛来、落下"
"284","1994","平成","6","2","17~18","有機塗料を塗布中の汚水槽内に入ったところ、滞留していたトルエンを吸入した。","3","建設業","302","建築工事業","","","1~9","5","物質、材料","51","危険物、有害物等","","","12","有害物等との接触"
"285","1994","平成","6","2","22~23","船(700t)を接岸させるため、船のロープをリング付アンカーに綱取りし、ウインチでロープを巻き上げる際、リングがアンカーから外れて頭部に当たった。","5","貨物取扱業","502","港湾運送業","","","1~9","2","物上げ装置、運搬機械","21","動力クレーン等","","","6","激突され"
"286","1994","平成","6","2","2~3","クレーンヤードでI形橋桁をホイスト式天井クレーンでトラックに積込中、吊り上げていた橋桁が既に積んであった桁に接触したため荷崩れが起こり、トラック荷台にいた被災者が転落した。","1","製造業","112","金属製品製造業","","","10~29","2","物上げ装置、運搬機械","21","動力クレーン等","","","1","墜落、転落"
"287","1994","平成","6","2","3~4","4tトラックで高速道路を走行中、停車中の事故車に衝突した。","4","運輸交通業","403","道路貨物運送業","","","30~49","2","物上げ装置、運搬機械","22","動力運搬機","","","17","交通事故（道路）"
"288","1994","平成","6","2","4~5","顧客先より帰社途中、道路左肩の雪山に激突し、自力で脱出するためタイヤチェーンを装着中、走行してきたワゴン車にはねられた。","4","運輸交通業","403","道路貨物運送業","","","100~299","2","物上げ装置、運搬機械","23","乗物","","","17","交通事故（道路）"
"289","1994","平成","6","2","5~6","徒歩で新聞配達中、用水路に転落して溺死した。","8","商業","","","","","100~299","7","環境等","71","環境等","","","10","おぼれ"
"290","1994","平成","6","2","5~6","4tトラックで走行中、停車中の10tトラックに追突した。","4","運輸交通業","403","道路貨物運送業","","","10~29","2","物上げ装置、運搬機械","22","動力運搬機","","","17","交通事故（道路）"
"291","1994","平成","6","2","6~7","事業場構内において、帰宅するため巡回バスに乗ろうと飛び出したところ、反対から来た乗用車に激突された。","1","製造業","115","輸送用機械等製造業","","","10000~","2","物上げ装置、運搬機械","23","乗物","","","6","激突され"
"292","1994","平成","6","2","8~9","顧客先に向う途中、対向車線にはみ出し大型トラックと正面衝突した。","17","その他の事業","","","","","30~49","2","物上げ装置、運搬機械","23","乗物","","","17","交通事故（道路）"
"293","1994","平成","6","2","8~9","顧客先に向う途中、対向車線にはみ出し大型トラックと正面衝突した。","17","その他の事業","","","","","30~49","2","物上げ装置、運搬機械","23","乗物","","","1","墜落、転落"
"294","1994","平成","6","2","9~10","ビル新築現場内で植栽工事中、植込み内の土入れ作業を行うため階段状になった植込み部分を移動していたところ、バランスを崩し約3.5m下の地上に転落した。","3","建設業","301","土木工事業","","","10~29","4","仮設物、建築物、構築物等","41","仮設物、建築物、構築物等","","","1","墜落、転落"
"295","1994","平成","6","2","13~14","釣り船で現場から流出した木製型わくを捜索中、船が転覆した。","3","建設業","301","土木工事業","","","10~29","2","物上げ装置、運搬機械","23","乗物","","","18","交通事故（その他）"
"296","1994","平成","6","2","17~18","荷の昇降装置及びコンベヤー等を組み合わせた給瓶装置の下降してきた昇降装置枠とコンベヤー枠に頭部を挟まれた。","1","製造業","101","食料品製造業","","","10~29","2","物上げ装置、運搬機械","22","動力運搬機","","","7","はさまれ、巻き込まれ"
"297","1994","平成","6","2","20~21","大型トラックで走行中、対向してきたトレーラーからコンテナ(7t)が落下してきた。","4","運輸交通業","403","道路貨物運送業","","","10~29","2","物上げ装置、運搬機械","22","動力運搬機","","","17","交通事故（道路）"
"298","1994","平成","6","2","2~3","3.5tトラックで国道を走行中、16台が絡む追突事故に巻き込まれ、後続のトレーラーに追突された。","17","その他の事業","","","","","1~9","2","物上げ装置、運搬機械","22","動力運搬機","","","17","交通事故（道路）"
"299","1994","平成","6","2","2~3","増水した川に資材が流されないようドラグ・ショベルに積み込んで片付けていたところ、鉄砲水にのみ込まれた。","3","建設業","301","土木工事業","","","10~29","7","環境等","71","環境等","","","10","おぼれ"
"300","1994","平成","6","2","6~7","バイクで新聞配達中、立入禁止のために道路に張られたロープに引っかかり、転倒した。","8","商業","","","","","10~29","2","物上げ装置、運搬機械","23","乗物","","","17","交通事故（道路）"
"301","1994","平成","6","2","7~8","作業開始の準備にあたっていたところ、脳内出血で転倒し、近くの電気ストーブに接触して火傷した。","1","製造業","117","その他の製造業","","","10~29","3","その他の装置等","39","その他の装置、設備","","","11","高温・低温の物との接触"
"302","1994","平成","6","2","8~9","事務室のドアを開けたところ、突風にドアがあおられ、その弾みで後ろへ転倒した。","13","保健・衛生業","","","","","10~29","7","環境等","71","環境等","","","2","転倒"
"303","1994","平成","6","2","8~9","車を停車中、後方から走行してきた車に追突され、前方の停車車輌との間に挟まれた。","17","その他の事業","","","","","10~29","2","物上げ装置、運搬機械","23","乗物","","","17","交通事故（道路）"
"304","1994","平成","6","2","10~11","11tトラックで国道を走行中、対向車線へ飛び出して道路脇の案内板の支柱に激突し、縁石に乗り上げて横転した。","4","運輸交通業","403","道路貨物運送業","","","100~299","2","物上げ装置、運搬機械","22","動力運搬機","","","17","交通事故（道路）"
"305","1994","平成","6","2","11~12","建屋の外壁パネル用アングル材を取付中、墜落した。","3","建設業","302","建築工事業","","","1~9","4","仮設物、建築物、構築物等","41","仮設物、建築物、構築物等","","","1","墜落、転落"
"306","1994","平成","6","2","11~12","陸揚げされた鋼板を橋型クレーン(つり上げ荷重15t)で仕分け作業中、盤木を運搬していた被災者がクレーン走行サドルに激突された。","1","製造業","115","輸送用機械等製造業","","","50~99","2","物上げ装置、運搬機械","21","動力クレーン等","","","6","激突され"
"307","1994","平成","6","2","11~12","木造家屋新築現場において軸組作業中、高さ3mの胴差上より墜落した。","3","建設業","302","建築工事業","","","30~49","4","仮設物、建築物、構築物等","41","仮設物、建築物、構築物等","","","1","墜落、転落"
"308","1994","平成","6","2","12~13","現場に隣接する川底に墜落した。","3","建設業","303","その他の建設業","","","30~49","7","環境等","71","環境等","","","1","墜落、転落"
"309","1994","平成","6","2","13~14","空缶等を入れたビニール袋を破る破砕機のシャフトに巻き付いたビニール片を取り除く作業中、シャフトに挟まれた。","8","商業","","","","","10~29","1","動力機械","16","一般動力機械","","","7","はさまれ、巻き込まれ"
"310","1994","平成","6","2","14~15","市道舗装工事現場で交通整理中、後進してきたブル・ドーザーにひかれた。","3","建設業","301","土木工事業","","","10~29","1","動力機械","14","建設機械等","","","7","はさまれ、巻き込まれ"
"311","1994","平成","6","2","15~16","ワゴン車で帰社途中、緩いカーブでスリップして反対車線にはみ出し、対向してきた大型トラックと正面衝突した。","3","建設業","302","建築工事業","","","30~49","2","物上げ装置、運搬機械","22","動力運搬機","","","17","交通事故（道路）"
"312","1994","平成","6","2","20~21","資材センター内でダンプカーの荷台を上げて注油作業中、下がってきた荷台とダンプカー本体の間に挟まれた。","3","建設業","301","土木工事業","","","30~49","2","物上げ装置、運搬機械","22","動力運搬機","","","7","はさまれ、巻き込まれ"
"313","1994","平成","6","2","21~22","駅構内の線路のポイントの切替部で除雪作業中、列車にはねられた。","4","運輸交通業","401","鉄道・軌道・水運・航空業","","","10~29","2","物上げ装置、運搬機械","23","乗物","","","18","交通事故（その他）"
"314","1994","平成","6","2","10~11","民家の敷地内において、コンクリート打設のためバックホウで生コンを入れたホッパーを吊り上げ旋回中、約2m下の田圃にバックホウとともに転落した。","3","建設業","301","土木工事業","","","1~9","1","動力機械","14","建設機械等","","","1","墜落、転落"
"315","1994","平成","6","2","10~11","リフトアップしたトラックの下廻りを洗車後、リフトを下げたところトラックが自走し、これを止めようとしたが押され、トラックのキャビンと前方のタンクローリーのキャビンに頭部を挟まれた。","1","製造業","117","その他の製造業","","","1~9","2","物上げ装置、運搬機械","22","動力運搬機","","","7","はさまれ、巻き込まれ"
"316","1994","平成","6","2","10~11","工場内の棚上で箱の整理中、約3m下のコンクリート床面に墜落した。","1","製造業","117","その他の製造業","","","50~99","4","仮設物、建築物、構築物等","41","仮設物、建築物、構築物等","","","1","墜落、転落"
"317","1994","平成","6","2","12~13","ベルトコンベヤーを掃除するため水を流すバルブを開けに行ったところ、側にあったコンベヤー回転用のヘッドプーリーのシャフトに巻き込まれた。","1","製造業","109","窯業土石製品製造業","","","30~49","1","動力機械","12","動力伝導機構","","","7","はさまれ、巻き込まれ"
"318","1994","平成","6","2","12~13","自社工場屋根の葺替作業中、スレートを踏み抜き約7m下に墜落した。","1","製造業","110","鉄鋼業","","","30~49","4","仮設物、建築物、構築物等","41","仮設物、建築物、構築物等","","","1","墜落、転落"
"319","1994","平成","6","2","13~14","石油タンクの清掃に際して、小型移動式クレーンで残留油貯蔵用の仮設プール部材を吊り上げていたところ、クレーンが横転し、クレーンと近くにあった発電機との間に挟まれた。","17","その他の事業","","","","","10~29","2","物上げ装置、運搬機械","21","動力クレーン等","","","7","はさまれ、巻き込まれ"
"320","1994","平成","6","2","4~5","小型ドラグ・ショベルで床堀作業中、ドラグ・ショベルを後退させた際に運転座席後部に鋼製切り梁が接触し、それを被災者が確認しようとしたところ、身体がブームレバーに接触したためブームがバックホウを押し上げ、レバーと座席の間に挟まれた。","3","建設業","301","土木工事業","","","10~29","1","動力機械","14","建設機械等","","","7","はさまれ、巻き込まれ"
"321","1994","平成","6","2","11~12","杉の伐倒作業中、伐倒木の枝が引っかかった別の木に登り、チェーンソーで切断しようとしたところ、墜落した。","8","商業","","","","","1~9","7","環境等","71","環境等","","","1","墜落、転落"
"322","1994","平成","6","2","11~12","21号集水井の集水ボーリングに使用する水を20号集水井からポンプで給水中、吸水量が少なくなったため状況確認に行った際、誤って20号集水井(径3.5m、深さ19m)に墜落した。","3","建設業","301","土木工事業","","","1~9","4","仮設物、建築物、構築物等","41","仮設物、建築物、構築物等","","","1","墜落、転落"
"323","1994","平成","6","2","13~14","半導体製造装置出荷のための調整作業中、装置内の成膜装置(上下に分かれる釜状)の上部を上げて内部に頭を入れていたところ、上部が落下し頭部を挟まれた。","1","製造業","113","一般機械器具製造業","","","50~99","1","動力機械","16","一般動力機械","","","7","はさまれ、巻き込まれ"
"324","1994","平成","6","2","15~16","松(胸高直径約30センチメートル、高さ26m)を伐倒中、予想より早く倒れたため移動中の被災者に激突した。","6","農林業","601","農業","","","1~9","7","環境等","71","環境等","","","6","激突され"
"325","1994","平成","6","2","20~21","事業場倉庫内で刺された(強盗殺人)。","8","商業","","","","","10~29","9","その他","91","その他の起因物","","","90","その他"
"326","1994","平成","6","2","6~7","3t冷凍車に乗務し国道交差点で信号待ち中、後続の10tトラックに追突され、前車の10tトラックに玉突追突した。","4","運輸交通業","403","道路貨物運送業","","","30~49","2","物上げ装置、運搬機械","22","動力運搬機","","","17","交通事故（道路）"
"327","1994","平成","6","2","10~11","船倉内においてスチールパイプ(長さ5.5m、150キログラムの10本組)の積み付け作業中、揚貨装置で吊られたパイプが脱落し、被災者に当たった。","5","貨物取扱業","502","港湾運送業","","","10~29","6","荷","61","荷","","","4","飛来、落下"
"328","1994","平成","6","2","11~12","橋台周囲を転圧したところ浸水してきたため、湧水処理に敷く杉葉を取りに杉立木に登り枝を伐った際、3m下に墜落した。","3","建設業","301","土木工事業","","","1~9","7","環境等","71","環境等","","","1","墜落、転落"
"329","1994","平成","6","2","15~16","引っ越しに伴う荷造り搬出作業が終了した際、廊下端の揚卸口の両開き式鉄製扉(2.4×2.2m)を閉めようとして9.52m下の路面に墜落した。","4","運輸交通業","403","道路貨物運送業","","","300~499","4","仮設物、建築物、構築物等","41","仮設物、建築物、構築物等","","","1","墜落、転落"
"330","1994","平成","6","2","16~17","焼却灰を入れたトロッコを移動中、後進してきたホイールローダーとトロッコの間に挟まれた。","15","清掃・と畜業","","","","","10~29","1","動力機械","14","建設機械等","","","7","はさまれ、巻き込まれ"
"331","1994","平成","6","2","16~17","バックホウの遊動輪付近に付着した土砂をスコップで除去中、後進してきたダンプカーとバックホウのキャタピラの間に挟まれた。","3","建設業","301","土木工事業","","","10~29","2","物上げ装置、運搬機械","22","動力運搬機","","","6","激突され"
"332","1994","平成","6","2","21~22","シールド2次覆工工事において、コンクリート打設用の鋼製移動型わくの移動作業中、型わく組立解体装置の上部作業床にいた被災者が、組立中の型わく端部と養生中の型わく端部の間に頭部を挟まれた。","3","建設業","301","土木工事業","","","10~29","2","物上げ装置、運搬機械","21","動力クレーン等","","","7","はさまれ、巻き込まれ"
"333","1994","平成","6","2","2~3","道路工事の防護柵撤去作業の警備をしていたところ、後進してきた支柱打込車にひかれた。","17","その他の事業","","","","","1~9","1","動力機械","16","一般動力機械","","","7","はさまれ、巻き込まれ"
"334","1994","平成","6","2","10~11","堤防上をロードローラーで転圧作業中、ローラー車とともに約1.5m下の川に転落した。","3","建設業","301","土木工事業","","","10~29","1","動力機械","14","建設機械等","","","1","墜落、転落"
"335","1994","平成","6","2","10~11","製材工場内のチップ貯蔵庫下にトラックを止め、トラック荷台上でチップを積込中、多量に落下してきたチップの下敷きになった。","4","運輸交通業","403","道路貨物運送業","","","10~29","5","物質、材料","52","材料","","","5","崩壊、倒壊"
"336","1994","平成","6","2","11~12","クラブ式浚渫船を箱型バージに接触舷し、もやい取り作業完了後、被災者が海上で死亡していた。","3","建設業","301","土木工事業","","","10~29","1","動力機械","14","建設機械等","","","10","おぼれ"
"337","1994","平成","6","2","12~13","バイクで県道を走行中、センターラインを越え、対向してきたダンプカーと衝突した。","11","通信業","","","","","50~99","2","物上げ装置、運搬機械","22","動力運搬機","","","17","交通事故（道路）"
"338","1994","平成","6","2","13~14","伐倒木がかかった立木を伐倒するためチェーンソーで切り口を入れたところ、真っ二つに裂けて被災者を直撃した。","3","建設業","301","土木工事業","","","10~29","7","環境等","71","環境等","","","6","激突され"
"339","1994","平成","6","2","13~14","消波ブロックのモルタルによる補修作業のため、消波ブロックに掛けた梯子を降りていたところ、水面上3.5mから転落した。","3","建設業","301","土木工事業","","","1~9","3","その他の装置等","37","用具","","","1","墜落、転落"
"340","1994","平成","6","2","15~16","木造平屋建建築工事において、1階天井梁上で束を組んでいたところ、足を踏み外し3.8m下の土間に墜落した。","3","建設業","302","建築工事業","","","1~9","4","仮設物、建築物、構築物等","41","仮設物、建築物、構築物等","","","1","墜落、転落"
"341","1994","平成","6","2","16~17","2階建木造家屋建築工事において、敷きげた(高さ6.5m)上で火打梁を取付中、躯体外側のアスファルト路面に墜落した。","3","建設業","302","建築工事業","","","1~9","4","仮設物、建築物、構築物等","41","仮設物、建築物、構築物等","","","1","墜落、転落"
"342","1994","平成","6","2","16~17","脚立に乗りドア枠下部にモルタルを詰める作業中、脚立を降りる際に後ろ向きに転落し、頭部を強打した。","3","建設業","302","建築工事業","","","10~29","3","その他の装置等","37","用具","","","1","墜落、転落"
"343","1994","平成","6","2","18~19","事務所から道路向かいの車庫に行くため国道を横断中、乗用車にはねられた。","4","運輸交通業","402","道路旅客運送業","","","10~29","2","物上げ装置、運搬機械","23","乗物","","","17","交通事故（道路）"
"344","1994","平成","6","2","9~10","ベランダを塗装するため、既に組んであった単管抱き足場上を移動中、高さ7mから隣家のコンクリート床に墜落した。","3","建設業","302","建築工事業","","","1~9","4","仮設物、建築物、構築物等","41","仮設物、建築物、構築物等","","","1","墜落、転落"
"345","1994","平成","6","2","14~15","平屋建木造住宅工事の屋根下地貼り作業等の様子を見るため脚立に上がったところ、転落した。","3","建設業","302","建築工事業","","","1~9","3","その他の装置等","37","用具","","","1","墜落、転落"
"346","1994","平成","6","2","9~10","脚立に乗り市道の街路樹の剪定作業中、自転車に脚立を引っかけられ、後ろ向きに倒れて頭部を強打した。","6","農林業","602","林業","","","10~29","3","その他の装置等","37","用具","","","17","交通事故（道路）"
"347","1994","平成","6","2","10~11","下水道工事現場の監視業務に就くため法面道路を昇って行く途中、約3m下の歩道に転落した。","17","その他の事業","","","","","30~49","4","仮設物、建築物、構築物等","41","仮設物、建築物、構築物等","","","1","墜落、転落"
"348","1994","平成","6","2","10~11","トンネル坑内において、後進してきたミキサー車が停止中のホイールジャンボ(穿孔機)に接近した際に運転を誤り、ホイールジャンボの脇で配線作業をしていた被災者が挟まれた。","3","建設業","301","土木工事業","","","10~29","2","物上げ装置、運搬機械","22","動力運搬機","","","7","はさまれ、巻き込まれ"
"349","1994","平成","6","2","11~12","エスカレーター脇の通路に移動梯子を立て掛け、昇りエスカレーターの手摺に沿って設置してある蛍光灯を交換中、2.2m下の床面に墜落した。","17","その他の事業","","","","","10~29","3","その他の装置等","37","用具","","","1","墜落、転落"
"350","1994","平成","6","2","13~14","1tハンマーで鍛造作業中、加工品をやっとこで押さえていたところ、ハンマーと金床の間に頭部を挟まれた。","1","製造業","110","鉄鋼業","","","30~49","1","動力機械","16","一般動力機械","","","7","はさまれ、巻き込まれ"
"351","1994","平成","6","2","15~16","ドラグ・ショベルでコンクリートホッパーを吊り上げていたところ、ドラグ・ショベルが池に転落した。","3","建設業","301","土木工事業","","","1~9","1","動力機械","14","建設機械等","","","1","墜落、転落"
"352","1994","平成","6","2","16~17","下水道工事現場において、下水道管に圧縮空気を注入して気密検査を実施した後、鉄製蓋(径35センチメートル、約20キログラム)のボルトを緩めたところ、突然蓋が吹き飛び、約30m離れたところで作業をしていた被災者を直撃した。","3","建設業","301","土木工事業","","","1~9","4","仮設物、建築物、構築物等","41","仮設物、建築物、構築物等","","","15","破裂"
"353","1994","平成","6","2","17~18","脚立に上り天井のプラスチックフレキシブル配管の接続作業中、バランスを崩して墜落し、給湯管が目に突き刺さった。","3","建設業","302","建築工事業","","","1~9","3","その他の装置等","37","用具","","","1","墜落、転落"
"354","1994","平成","6","2","17~18","簡易リフト(積載荷重0.8t)に乗っていたところ、ワイヤロープが切れ2階から1階に墜落した。","1","製造業","104","木材・木製品製造業","","","100~299","2","物上げ装置、運搬機械","21","動力クレーン等","","","1","墜落、転落"
"355","1994","平成","6","3","2~3","鋼桁工事現場において、作業を終えた被災者が一車線規制の夜間通行帯を横断したところ、走行してきた乗用車にはねられた。","3","建設業","301","土木工事業","","","1~9","2","物上げ装置、運搬機械","23","乗物","","","17","交通事故（道路）"
"356","1994","平成","6","3","11~12","杭抜機で土止め鋼矢板の引き抜き作業中、約2m引き抜いた鋼矢板と振れ動いたポーズの間に頭部を挟まれた。","3","建設業","301","土木工事業","","","10~29","1","動力機械","14","建設機械等","","","10","おぼれ"
"357","1994","平成","6","3","16~17","県道を横断して自車に向う途中、ワゴン車にはねられた。","3","建設業","301","土木工事業","","","10~29","2","物上げ装置、運搬機械","23","乗物","","","17","交通事故（道路）"
"358","1994","平成","6","3","19~20","工場内2階製品置場より段ボール箱に入れた製品を出荷中、製品置場から3m下の床に墜落した。","1","製造業","108","化学工業","","","30~49","4","仮設物、建築物、構築物等","41","仮設物、建築物、構築物等","","","1","墜落、転落"
"359","1994","平成","6","3","19~20","取材先より帰社途中、国道のガードレールに激突した。","8","商業","","","","","10~29","2","物上げ装置、運搬機械","23","乗物","","","17","交通事故（道路）"
"360","1994","平成","6","3","2~3","4tトラックで国道を走行中、センターラインを越えて来た対向車と衝突した。","4","運輸交通業","403","道路貨物運送業","","","30~49","2","物上げ装置、運搬機械","22","動力運搬機","","","17","交通事故（道路）"
"361","1994","平成","6","3","13~14","機械集材装置により集材中、荷掛け用ワイヤロープが切断して材が落下し、荷掛け作業中の被災者が下敷きになった。","6","農林業","601","農業","","","1~9","3","その他の装置等","37","用具","","","4","飛来、落下"
"362","1994","平成","6","3","14~15","タイヤショベルで林道(勾配15度)を走行中、突然タイヤショベルが後進し始め、転倒したタイヤショベルの下敷きになった。","6","農林業","601","農業","","","1~9","1","動力機械","14","建設機械等","","","2","転倒"
"363","1994","平成","6","3","15~16","斜面(勾配52度)上において、機械集材装置により伐倒木3本を集材中、1本目の材をフック代わりの捶木に荷掛けし、2本目を荷掛けしようとしたとき、木材3本が転がり頭部を強打した。","6","農林業","601","農業","","","10~29","5","物質、材料","52","材料","","","6","激突され"
"364","1994","平成","6","3","15~16","工場内において、段ボール製パッキンプケース置場に立て掛けた移動梯子を降りる途中、墜落した。","1","製造業","113","一般機械器具製造業","","","30~49","3","その他の装置等","37","用具","","","1","墜落、転落"
"365","1994","平成","6","3","16~17","茶畑の整地作業終了後、ドラグ・ショベルをトラックへ積み込んでいたところ、キャタピラが滑ったため農道下1.3mの畑に転落し、ドラグ・ショベルの下敷きになった。","6","農林業","602","林業","","","1~9","1","動力機械","14","建設機械等","","","1","墜落、転落"
"366","1994","平成","6","3","17~18","木造家屋新築現場において、ドラグ・ショベル(機体重量0.7t)を2tダンプカーに積込中、ドラグ・ショベルが道板上より転落し、その下敷きになった。","3","建設業","302","建築工事業","","","1~9","1","動力機械","14","建設機械等","","","1","墜落、転落"
"367","1994","平成","6","3","19~20","事務所2階より階段を降りる際、バランスを崩し踊り場付近から3.5m下に転落した。","3","建設業","302","建築工事業","","","1~9","4","仮設物、建築物、構築物等","41","仮設物、建築物、構築物等","","","1","墜落、転落"
"368","1994","平成","6","3","1~2","塗料用アミノ樹脂製造設備において、缶用塗料の原料樹脂製造作業で原料を釜に投入中、爆発した。","1","製造業","108","化学工業","","","30~49","5","物質、材料","51","危険物、有害物等","","","14","爆発"
"369","1994","平成","6","3","10~11","スキー場内をパトロール中、リフト降り場の端に立っていたところ、下りリフトに接触し4.4m下の地上に墜落した。","14","接客娯楽業","","","","","100~299","2","物上げ装置、運搬機械","22","動力運搬機","","","1","墜落、転落"
"370","1994","平成","6","3","11~12","ベントナイトプラント(ベントナイトと土砂を混合するプラント)の昇降設備付近で倒れていた。","3","建設業","301","土木工事業","","","30~49","3","その他の装置等","37","用具","","","1","墜落、転落"
"371","1994","平成","6","3","11~12","10tトラックで自動車専用道路を走行中、渋滞で停車中の10tトラックに追突した。","4","運輸交通業","403","道路貨物運送業","","","10~29","2","物上げ装置、運搬機械","22","動力運搬機","","","17","交通事故（道路）"
"372","1994","平成","6","3","15~16","屋根葺き作業中、墜落した。","3","建設業","302","建築工事業","","","1~9","4","仮設物、建築物、構築物等","41","仮設物、建築物、構築物等","","","1","墜落、転落"
"373","1994","平成","6","3","18~19","大型トラックで国道を走行中、センターラインを越え、対向してきた大型トラックと正面衝突した。","4","運輸交通業","403","道路貨物運送業","","","50~99","2","物上げ装置、運搬機械","22","動力運搬機","","","17","交通事故（道路）"
"374","1994","平成","6","3","18~19","納品先の反対車線に車を停め、道路を横切ろうとした際、走行してきた車にはねられた。","8","商業","","","","","1~9","2","物上げ装置、運搬機械","23","乗物","","","17","交通事故（道路）"
"375","1994","平成","6","3","21~22","食品配送センター内で食品の積込作業後、忘れ物を取りにプラットホームに近付いたところ、後進してきた4tトラックとプラットホームの間に挟まれた。","4","運輸交通業","403","道路貨物運送業","","","1~9","2","物上げ装置、運搬機械","22","動力運搬機","","","7","はさまれ、巻き込まれ"
"376","1994","平成","6","3","1~2","道路舗装工事現場において、作業場所変更のため道路を横断中、走行してきた軽トラックに衝突された。","3","建設業","301","土木工事業","","","10~29","2","物上げ装置、運搬機械","22","動力運搬機","","","17","交通事故（道路）"
"377","1994","平成","6","3","2~3","50ccバイクで支店に新聞を届け本店に戻る途中、交差点で右折してきたワゴン車と衝突した。","8","商業","","","","","10~29","2","物上げ装置、運搬機械","23","乗物","","","17","交通事故（道路）"
"378","1994","平成","6","3","7~8","工事現場の入口ゲートを開けるため、乗ってきたワゴン車の後方を通って県道を横断しようとしたところ、トラックにはねられた。","3","建設業","301","土木工事業","","","10~29","2","物上げ装置、運搬機械","22","動力運搬機","","","17","交通事故（道路）"
"379","1994","平成","6","3","9~10","U字溝の埋設作業中、土砂崩壊防止のための鉄板の倒壊防止用サポートが外れ、深さ1.2mで作業をしていた被災者が鉄板の下敷きになった。","3","建設業","301","土木工事業","","","1~9","4","仮設物、建築物、構築物等","41","仮設物、建築物、構築物等","","","5","崩壊、倒壊"
"380","1994","平成","6","3","11~12","線路沿いで小型移動式クレーン(つり上げ荷重2.9t)により材木(約1t)を吊り上げたところ、クレーンが横転し、その下敷きになった。","14","接客娯楽業","","","","","100~299","2","物上げ装置、運搬機械","21","動力クレーン等","","","5","崩壊、倒壊"
"381","1994","平成","6","3","13~14","資材倉庫内で資材搬入作業中、資材格納整理用の棚(高さ1.62m)より墜落した。","3","建設業","303","その他の建設業","","","50~99","4","仮設物、建築物、構築物等","41","仮設物、建築物、構築物等","","","1","墜落、転落"
"382","1994","平成","6","3","13~14","ドラグ・ショベルと民家の塀の間を通り抜けようとしたとき、ドラグ・ショベルが旋回し、カウンターウェイト部と塀の間に胸部を挟まれた。","3","建設業","301","土木工事業","","","1~9","1","動力機械","14","建設機械等","","","6","激突され"
"383","1994","平成","6","3","14~15","高速道路のパーキング進入道を走行中、大型車輌に追突した。","4","運輸交通業","403","道路貨物運送業","","","50~99","2","物上げ装置、運搬機械","22","動力運搬機","","","17","交通事故（道路）"
"384","1994","平成","6","3","9~10","市道路肩上において、トラッククレーンでL型ブロックの吊り上げ作業中、トラッククレーンが約2.6m下に転落した。","3","建設業","301","土木工事業","","","1~9","2","物上げ装置、運搬機械","21","動力クレーン等","","","1","墜落、転落"
"385","1994","平成","6","3","9~10","トラックで国道を走行中、道路工事中のドラグ・ショベルに衝突した。","4","運輸交通業","403","道路貨物運送業","","","50~99","2","物上げ装置、運搬機械","22","動力運搬機","","","17","交通事故（道路）"
"386","1994","平成","6","3","10~11","工事現場の資材置場において、小型移動式クレーンでコンプレッサーを吊り上げ旋回中、クレーンが転倒し、クレーンとセメント袋の間に挟まれた。","3","建設業","301","土木工事業","","","1~9","2","物上げ装置、運搬機械","21","動力クレーン等","","","2","転倒"
"387","1994","平成","6","3","11~12","ボイラー回りで配管漏れテスト作業中、工具の不足に気付き、安全帯を取付設備から外して梯子に乗り移ろうとしたとき、約5m下に墜落した。","3","建設業","303","その他の建設業","","","1~9","4","仮設物、建築物、構築物等","41","仮設物、建築物、構築物等","","","1","墜落、転落"
"388","1994","平成","6","3","14~15","作業場内で丸太(長さ約4m)のはい付け作業中、丸太上(高さ1.45m)で末口を揃えていたところ、墜落した。","17","その他の事業","","","","","10~29","5","物質、材料","52","材料","","","1","墜落、転落"
"389","1994","平成","6","3","15~16","コンクリート打設を終えた砂防ダムより型わくを取り外す作業中、山側の地山が崩壊し、土砂とダムの間に挟まれた。","3","建設業","301","土木工事業","","","50~99","7","環境等","71","環境等","","","5","崩壊、倒壊"
"390","1994","平成","6","3","2~3","事業場内のシャワー室でシャワーを浴びていたとき、瞬間湯沸器の不完全燃焼による一酸化炭素中毒になった。(外)","1","製造業","117","その他の製造業","","","1~9","3","その他の装置等","39","その他の装置、設備","","","12","有害物等との接触"
"391","1994","平成","6","3","9~10","新築中の工場棟6階屋上から、並列して建っている倉庫棟屋上へ水銀灯の運搬途中、バランスを崩し5m下の5階屋上へ墜落した。","3","建設業","302","建築工事業","","","1~9","4","仮設物、建築物、構築物等","41","仮設物、建築物、構築物等","","","1","墜落、転落"
"392","1994","平成","6","3","11~12","木造住宅建築工事において、2階バルコニー床に設けた馬足場上で屋根垂木先端の寸法合わせ作業中、4.5m下の玄関床に墜落した。","3","建設業","302","建築工事業","","","10~29","4","仮設物、建築物、構築物等","41","仮設物、建築物、構築物等","","","1","墜落、転落"
"393","1994","平成","6","3","9~10","枠組足場12段目に設けた型わく材荷卸しステージングの解体作業中、鋼製足場板とともに約20m下に墜落した。","3","建設業","302","建築工事業","","","1~9","1","動力機械","14","建設機械等","","","6","激突され"
"394","1994","平成","6","3","11~12","2階建木造アパート屋根のたる木にはふ板の打ち付け作業中、6.4m下のアスファルト舗装道路に墜落した。","3","建設業","302","建築工事業","","","1~9","4","仮設物、建築物、構築物等","41","仮設物、建築物、構築物等","","","1","墜落、転落"
"395","1994","平成","6","3","16~17","落石防止用金網の敷設作業中、斜面の頂上から下方に向って移動したところ、安全帯のフックを掛け損ない75m下に転落した。","3","建設業","301","土木工事業","","","10~29","7","環境等","71","環境等","","","1","墜落、転落"
"396","1994","平成","6","3","17~18","工場2階で清掃作業中、バケツに入った廃液を1階に降ろすためテーブルリフターの荷物取入口に入った際、1階に墜落した。","1","製造業","101","食料品製造業","","","50~99","4","仮設物、建築物、構築物等","41","仮設物、建築物、構築物等","","","1","墜落、転落"
"397","1994","平成","6","3","7~8","工場4階で発生した火災(ボヤ程度)を消化中、荷物取入口より約13.1m下の路上に墜落した。","1","製造業","114","電気機械器具製造業","","","500~999","4","仮設物、建築物、構築物等","41","仮設物、建築物、構築物等","","","1","墜落、転落"
"398","1994","平成","6","3","11~12","軽乗用車で営業先に向う途中、鉄道の踏切を通過する際、列車に衝突された。","8","商業","","","","","10~29","2","物上げ装置、運搬機械","23","乗物","","","17","交通事故（道路）"
"399","1994","平成","6","3","13~14","中古車を積んだトレーラーの後方で緊縛作業中、トラックに追突された。","4","運輸交通業","403","道路貨物運送業","","","10~29","2","物上げ装置、運搬機械","22","動力運搬機","","","17","交通事故（道路）"
"400","1994","平成","6","3","16~17","印刷用ローラーのメッキ槽を作動させながら清掃作業中、ゴムの前掛けが回転リングに巻き込まれて窒息した。(外)","1","製造業","112","金属製品製造業","","","10~29","1","動力機械","12","動力伝導機構","","","7","はさまれ、巻き込まれ"
"401","1994","平成","6","3","8~9","会社資材倉庫において、2階よりベニヤ板を手渡しで地上に降ろしていたところ、約3m下の地面に墜落した。","3","建設業","301","土木工事業","","","1~9","4","仮設物、建築物、構築物等","41","仮設物、建築物、構築物等","","","1","墜落、転落"
"402","1994","平成","6","3","8~9","簡易リフト及び周囲の足場を解体中、高さ9mの足場上から墜落した。","3","建設業","302","建築工事業","","","30~49","4","仮設物、建築物、構築物等","41","仮設物、建築物、構築物等","","","1","墜落、転落"
"403","1994","平成","6","3","9~10","信号機設置のための基礎堀の中の水抜きのため水中ポンプを据付け中、他の工事現場から逸走してきた軽便トロッコに積んであったPC枕木に、頭部を直撃された。","3","建設業","303","その他の建設業","","","10~29","3","その他の装置等","36","人力機械工具等","","","6","激突され"
"404","1994","平成","6","3","9~10","接岸中の貨物船からガントリークレーンでコンテナを降ろしていたところ、クレーンの吊り具(スプレッダー:長短両コンテナに対応するため伸縮する)にワイヤを取り付けていたとき、スプレッダーが縮んできて頭部を挟まれた。","17","その他の事業","","","","","30~49","2","物上げ装置、運搬機械","21","動力クレーン等","","","7","はさまれ、巻き込まれ"
"405","1994","平成","6","3","10~11","斜面(勾配50度)上に折り重なった伐倒木の1本を下方からトビで引き降ろしたところ、別の伐倒木が回転して被災者の頭部に激突した。","3","建設業","301","土木工事業","","","1~9","7","環境等","71","環境等","","","6","激突され"
"406","1994","平成","6","3","13~14","食肉を仕入れた後2tトラックで帰社途中、市道でセンターラインをはみ出し、対向してきたトラックと衝突した。","1","製造業","101","食料品製造業","","","30~49","2","物上げ装置、運搬機械","22","動力運搬機","","","17","交通事故（道路）"
"407","1994","平成","6","3","14~15","移動式クレーンで荷を吊り上げて旋回したところ、クレーンが横転し、その下敷きになった。","3","建設業","301","土木工事業","","","10~29","2","物上げ装置、運搬機械","21","動力クレーン等","","","2","転倒"
"408","1994","平成","6","3","14~15","埋立地岸壁の海面付近の排水管の出口に鉄板を取り付ける作業中、取付状況の確認のため潜水したところ、海底に(深さ約12m)沈んだ。","3","建設業","301","土木工事業","","","10~29","7","環境等","71","環境等","","","10","おぼれ"
"409","1994","平成","6","3","16~17","バイクで新聞配達中、交差点で乗用車と衝突した。","8","商業","","","","","30~49","2","物上げ装置、運搬機械","23","乗物","","","17","交通事故（道路）"
"410","1994","平成","6","3","10~11","歩道新設工事現場において、バックホウと4tダンプカーにより車道路盤仕上げ作業中、後進してきたダンプカーにひかれた。","3","建設業","301","土木工事業","","","1~9","2","物上げ装置、運搬機械","22","動力運搬機","","","6","激突され"
"411","1994","平成","6","3","12~13","古紙の梱包作業中、梱包用プレス上部のホッパー内でコンベヤーに挟まった紙を外していたところ、コンベヤー上にいた同僚が誤ってホッパー内に落ち、その弾みでホッパーが開いてプレス内に落ち、プレスに挟まれた。","8","商業","","","","","1~9","1","動力機械","16","一般動力機械","","","7","はさまれ、巻き込まれ"
"412","1994","平成","6","3","12~13","古紙の梱包作業中、梱包用プレス上部のホッパー内でコンベヤーに挟まった紙を外していたところ、コンベヤー上にいた同僚が誤ってホッパー内に落ち、その弾みでホッパーが開いてプレス内に落ち、プレスに挟まれた。(外)","8","商業","","","","","1~9","1","動力機械","16","一般動力機械","","","7","はさまれ、巻き込まれ"
"413","1994","平成","6","3","14~15","糊付けされた糸の巻取作業中、引着した糸と糸の間に機草紙を入れていたところ、着衣の一部がロールのボルトに引っかかって巻き込まれ、頚部を強く締めた。","1","製造業","102","繊維工業","","","30~49","1","動力機械","16","一般動力機械","","","7","はさまれ、巻き込まれ"
"414","1994","平成","6","3","15~16","原炭にシートを掛ける際、シートの端に原炭を置いて固定させるためトラクター・ショベルで原炭をすくおうとしたところ、シートの端を押さえていた被災者にバケットが激突した。","1","製造業","117","その他の製造業","","","1~9","1","動力機械","14","建設機械等","","","6","激突され"
"415","1994","平成","6","3","18~19","自家用車を駐車場に止め、向側の本店に向う際、軽自動車にはねられた。","14","接客娯楽業","","","","","1~9","2","物上げ装置、運搬機械","23","乗物","","","17","交通事故（道路）"
"416","1994","平成","6","3","3~4","高速道路において、別件の事故のためトラックから降り中央分離帯にいたところ、大型トラックが突っ込んできた。","4","運輸交通業","403","道路貨物運送業","","","10~29","2","物上げ装置、運搬機械","22","動力運搬機","","","17","交通事故（道路）"
"417","1994","平成","6","3","9~10","軽自動車で郵便配達中、対向してきた2tトラックが待避所に入ろうと右折した際、衝突した。","11","通信業","","","","","10~29","2","物上げ装置、運搬機械","22","動力運搬機","","","17","交通事故（道路）"
"418","1994","平成","6","3","11~12","工場内において、立てた鋳型の中子(1.22×1.076×0.3m、約200キログラム)表面に黒味を手刷毛で塗っていたところ、中子が突然倒れた。","1","製造業","110","鉄鋼業","","","10~29","5","物質、材料","52","材料","","","5","崩壊、倒壊"
"419","1994","平成","6","3","12~13","砂のストックヤード内において、バイブレーターでゲートに詰まった砂を崩していたところ、足元の砂が崩れて埋まった。","1","製造業","109","窯業土石製品製造業","","","10~29","4","仮設物、建築物、構築物等","41","仮設物、建築物、構築物等","","","1","墜落、転落"
"420","1994","平成","6","3","13~14","ボーリングマシンのロッド接続ネジを緩めるためロッドを逆回転させた際、ロッド接続部を固定していたパイプレンチの腕に差し込んであった金属製パイプが曲がって支持柱から外れ、頭部に激突した。","3","建設業","301","土木工事業","","","1~9","1","動力機械","14","建設機械等","","","6","激突され"
"421","1994","平成","6","3","15~16","山土採取現場からブル・ドーザーで斜面を降りる際、転落した。","3","建設業","301","土木工事業","","","1~9","1","動力機械","14","建設機械等","","","1","墜落、転落"
"422","1994","平成","6","3","16~17","砂防堰堤の工事現場に通じる林道の路肩の擁壁下部をコンクリートで補強する作業の準備作業として、川底を整理し擁壁の回りに土のうを並べていたところ、擁壁が17mにわたって倒壊し、その下敷きになった。","3","建設業","301","土木工事業","","","1~9","4","仮設物、建築物、構築物等","41","仮設物、建築物、構築物等","","","5","崩壊、倒壊"
"423","1994","平成","6","3","16~17","砂防堰堤の工事現場に通じる林道の路肩の擁壁下部をコンクリートで補強する作業の準備作業として、川底を整理し擁壁の回りに土のうを並べていたところ、擁壁が17mにわたって倒壊し、その下敷きになった。","3","建設業","301","土木工事業","","","1~9","4","仮設物、建築物、構築物等","41","仮設物、建築物、構築物等","","","5","崩壊、倒壊"
"424","1994","平成","6","3","16~17","木造住宅の2階屋根にたる木を打つ作業中、開口部より7.78m下の地上に墜落した。","3","建設業","302","建築工事業","","","1~9","4","仮設物、建築物、構築物等","41","仮設物、建築物、構築物等","","","1","墜落、転落"
"425","1994","平成","6","3","22~23","溝内交差点を自転車で横断中、軽トラックにはねられた。","1","製造業","110","鉄鋼業","","","1000~9999","2","物上げ装置、運搬機械","23","乗物","","","6","激突され"
"426","1994","平成","6","3","0~1","4tトラックで国道を走行中、信号待ちをしていた10tトラックに追突した。","4","運輸交通業","403","道路貨物運送業","","","10~29","2","物上げ装置、運搬機械","23","乗物","","","17","交通事故（道路）"
"427","1994","平成","6","3","7~8","ワゴン車で現場に向う途中、スリップしてバスと正面衝突した。","3","建設業","302","建築工事業","","","10~29","2","物上げ装置、運搬機械","23","乗物","","","17","交通事故（道路）"
"428","1994","平成","6","3","8~9","河川工事現場において、ドラグ・ショベル置場に停止させたドラグ・ショベルの運転席から降りたところ、置場の路肩から深さ2.5mの水路底に墜落した。","3","建設業","301","土木工事業","","","10~29","4","仮設物、建築物、構築物等","41","仮設物、建築物、構築物等","","","1","墜落、転落"
"429","1994","平成","6","3","9~10","トラックで荷を配送中、トラック後部のステップに乗りあおりにつかまっていたが、途中転落し頭部を強打した。","8","商業","","","","","1~9","2","物上げ装置、運搬機械","22","動力運搬機","","","1","墜落、転落"
"430","1994","平成","6","3","10~11","エレベーター機械室下の火災報知器取付位置の確認のため屋上に上がり、屋上吹抜部(10階)より1階足場上に墜落した。","3","建設業","302","建築工事業","","","1~9","4","仮設物、建築物、構築物等","41","仮設物、建築物、構築物等","","","1","墜落、転落"
"431","1994","平成","6","3","13~14","排水管埋設工事で開削した溝に入り計測作業中、幅0.38m、長さ6mに渡って土砂が崩壊した。","3","建設業","301","土木工事業","","","1~9","7","環境等","71","環境等","","","5","崩壊、倒壊"
"432","1994","平成","6","3","8~9","事業場内で車に給油後、ガソリンキャップを閉め忘れたことに気付き、出発した車を100m程走って追いかけてキャップを閉め、事業場に戻るため5、6m歩いたところで倒れた。","8","商業","","","","","1~9","9","その他","99","分類不能","","","99","分類不能"
"433","1994","平成","6","3","23~24","10tトラックで高速道路を走行中、10tトラックに追突され道路下に転落した。","4","運輸交通業","403","道路貨物運送業","","","10~29","2","物上げ装置、運搬機械","22","動力運搬機","","","17","交通事故（道路）"
"434","1994","平成","6","3","10~11","擁壁の型わくの脱型作業において、番線で結束した鋼管30本をバックホウで吊り上げトラック荷台に積込中、空中で荷崩れが起きたため吊荷下の作業員への落下を回避しようとブームを旋回させたところ、トラック荷台上の被災者にブームが当たった。","3","建設業","301","土木工事業","","","10~29","1","動力機械","14","建設機械等","","","6","激突され"
"435","1994","平成","6","3","11~12","資材の搬入を終え帰社途中、国道でセンターラインを越えてきた対向車と正面衝突した。","3","建設業","302","建築工事業","","","10~29","2","物上げ装置、運搬機械","23","乗物","","","17","交通事故（道路）"
"436","1994","平成","6","3","13~14","建物外壁のトタン板張り作業中、事業主が足場に昇る際に足を滑らせ、当該足場上で作業をしていた被災者の足をつかんだため、約1.7m下に転落した。","3","建設業","302","建築工事業","","","1~9","4","仮設物、建築物、構築物等","41","仮設物、建築物、構築物等","","","1","墜落、転落"
"437","1994","平成","6","3","13~14","トラックで高速道路を走行中、追突事故を起こした前方のトラックに追突した。","4","運輸交通業","403","道路貨物運送業","","","50~99","2","物上げ装置、運搬機械","22","動力運搬機","","","17","交通事故（道路）"
"438","1994","平成","6","3","14~15","山の斜面(勾配約45度)上で伐倒木の枝をチェーンソーで切断中、当該伐倒木が被災者を巻き込んで斜面を滑り落ち、伐倒木と斜面途中の他の伐倒木の間に挟まれた。","6","農林業","601","農業","","","1~9","7","環境等","71","環境等","","","1","墜落、転落"
"439","1994","平成","6","3","14~15","スノーシェルター(長さ180.4m、幅6m)内の側溝整備工事現場で砕石を手で均す作業中、走行してきた乗用車が凍結路面でスリップし、はねられた。","3","建設業","301","土木工事業","","","1~9","2","物上げ装置、運搬機械","23","乗物","","","17","交通事故（道路）"
"440","1994","平成","6","3","18~19","ロール機を清掃中、右腕がロール機に巻き込まれて切断した。","1","製造業","112","金属製品製造業","","","30~49","1","動力機械","16","一般動力機械","","","7","はさまれ、巻き込まれ"
"441","1994","平成","6","3","19~20","自家用車で営業先より帰宅途中、凍結していた国道のカーブでセンターラインを越え、対向車と正面衝突した。","9","金融・広告業","","","","","100~299","2","物上げ装置、運搬機械","23","乗物","","","17","交通事故（道路）"
"442","1994","平成","6","3","10~11","ドラグ・ショベルで掘削した溝(幅150、深さ240センチメートル、長さ約7m)内において、矢板を使い土止め工事中、土砂(約2m3)が崩れ落ちて埋まった。","3","建設業","301","土木工事業","","","10~29","7","環境等","71","環境等","","","5","崩壊、倒壊"
"443","1994","平成","6","3","11~12","砂プラントの試運転中、ベルトコンベヤーのローラーに付着した土を落とそうとした時、スコップがローラーに巻き込まれ、バランスを崩して墜落した。","3","建設業","303","その他の建設業","","","1~9","2","物上げ装置、運搬機械","22","動力運搬機","","","1","墜落、転落"
"444","1994","平成","6","3","15~16","アスファルト合材を貯蔵するサイロの下部ゲートに詰まったアスファルト塊を、ゲートの下からはつり機で削り落としていたところ、サイロ内のアスファルトが落ちてきて埋まった。","1","製造業","108","化学工業","","","10~29","4","仮設物、建築物、構築物等","41","仮設物、建築物、構築物等","","","4","飛来、落下"
"445","1994","平成","6","3","19~20","道路上で舗装作業の準備中、現場にアスファルトを卸したダンプカーに接触された。","3","建設業","301","土木工事業","","","1~9","2","物上げ装置、運搬機械","22","動力運搬機","","","17","交通事故（道路）"
"446","1994","平成","6","3","5~6","自転車で走行中、県道交差点でトラックと出会い頭に衝突した。","8","商業","","","","","1~9","2","物上げ装置、運搬機械","22","動力運搬機","","","17","交通事故（道路）"
"447","1994","平成","6","3","10~11","ドラグ・ショベルで土砂をダンプカーに積込作業中、ドラグ・ショベルが旋回した際、誘導していた被災者が塀とドラグ・ショベルのカウンターに挟まれた。","3","建設業","301","土木工事業","","","10~29","1","動力機械","14","建設機械等","","","7","はさまれ、巻き込まれ"
"448","1994","平成","6","3","11~12","ツイン台車(自動送材帯のこ盤)で大割作業中、トラブルが発生した反転装置を点検していたところ、反転装置が作動し反転盤に挟まれた。","1","製造業","104","木材・木製品製造業","","","30~49","3","その他の装置等","39","その他の装置、設備","","","7","はさまれ、巻き込まれ"
"449","1994","平成","6","3","14~15","国道のセンター寄りに作業車を停めて道路の穴の補修工事中、10tダンプカーが作業車に激突し、その前方で作業をしていた被災者が作業車に跳ね飛ばされた。","3","建設業","301","土木工事業","","","100~299","2","物上げ装置、運搬機械","22","動力運搬機","","","17","交通事故（道路）"
"450","1994","平成","6","3","14~15","2階屋根の軒先(高さ6.2m)に杉板を打ち付けていたところ、墜落した。","3","建設業","302","建築工事業","","","1~9","4","仮設物、建築物、構築物等","41","仮設物、建築物、構築物等","","","1","墜落、転落"
"451","1994","平成","6","3","19~20","乗用車で営業先に向う途中、高速道路で接触事故を起こし、連絡しようと車道を横断中、トラックにはねられた。","3","建設業","302","建築工事業","","","1~9","2","物上げ装置、運搬機械","23","乗物","","","17","交通事故（道路）"
"452","1994","平成","6","3","3~4","大型トラックで高速道路を走行中、前車の観光バスに追突し、ガードレールを突き抜け水銀灯に激突した。","4","運輸交通業","403","道路貨物運送業","","","10~29","2","物上げ装置、運搬機械","22","動力運搬機","","","17","交通事故（道路）"
"453","1994","平成","6","3","7~8","軽自動車で県道を走行中、交差点で大型トラックと衝突した。","17","その他の事業","","","","","1~9","2","物上げ装置、運搬機械","22","動力運搬機","","","17","交通事故（道路）"
"454","1994","平成","6","3","9~10","倉庫2階の棚上げ場(高さ2.4m)で棚卸し作業中、1階へ墜落した。","1","製造業","113","一般機械器具製造業","","","100~299","4","仮設物、建築物、構築物等","41","仮設物、建築物、構築物等","","","1","墜落、転落"
"455","1994","平成","6","3","11~12","トラックに積んだ松の原木が落下した。","1","製造業","104","木材・木製品製造業","","","1~9","5","物質、材料","52","材料","","","4","飛来、落下"
"456","1994","平成","6","3","11~12","事務所から自車に向う途中、走行してきた乗用車にはねられた。","15","清掃・と畜業","","","","","10~29","2","物上げ装置、運搬機械","23","乗物","","","17","交通事故（道路）"
"457","1994","平成","6","3","11~12","足場上(高さ13m)で打合せを行った後、足場の外側から地上に墜落した。","3","建設業","302","建築工事業","","","1~9","4","仮設物、建築物、構築物等","41","仮設物、建築物、構築物等","","","1","墜落、転落"
"458","1994","平成","6","3","12~13","抄紙機の乾燥工程において、抄紙機の紙が途中で切れたため運転を停止し、フェルトロールに巻き込んだ残紙を除去していたところ、同僚が被災者に気付かず起動スイッチを入れたため、フェルトロールに巻き込まれた。","1","製造業","106","パルプ・紙・紙加工品製造業","","","500~999","1","動力機械","16","一般動力機械","","","7","はさまれ、巻き込まれ"
"459","1994","平成","6","3","15~16","本社より工場へ向う途中、対向車線にはみ出しトラックと衝突した。","1","製造業","101","食料品製造業","","","50~99","2","物上げ装置、運搬機械","23","乗物","","","17","交通事故（道路）"
"460","1994","平成","6","3","16~17","地下汚水槽(4.5×4.5×深さ約1~1.3m)内部を高圧水で洗浄し、バキュームホースで汲み出す作業中、酸素欠乏になった。","15","清掃・と畜業","","","","","1~9","5","物質、材料","51","危険物、有害物等","","","12","有害物等との接触"
"461","1994","平成","6","3","22~23","トラックで走行中、対向してきた保冷車がセンターラインを飛び出し、衝突炎上した。","4","運輸交通業","403","道路貨物運送業","","","50~99","2","物上げ装置、運搬機械","22","動力運搬機","","","17","交通事故（道路）"
"462","1994","平成","6","3","10~11","新体育館完成に伴う旧体育館からの体育用具等の搬出作業において、ステージのスピーカーを取り外す際、梯子から墜落した。","12","教育・研究業","","","","","30~49","3","その他の装置等","37","用具","","","1","墜落、転落"
"463","1994","平成","6","3","12~13","下水道外管渠築造現場において、昼食のため近くに駐車させていた社有車に向う途中、道路沿いを歩いていた被災者に走行してきた乗用車が激突した。","3","建設業","301","土木工事業","","","10~29","2","物上げ装置、運搬機械","23","乗物","","","17","交通事故（道路）"
"464","1994","平成","6","3","13~14","試験出荷用プラスチックの導電性付与剤製造工程において、プロノン102(216キログラム)と過塩素酸リチウム(24キログラム)を反応槽(300リットル)で混合後、下部のバルブを開いて抜き取ろうとしたところ、バルブが破裂した。","1","製造業","108","化学工業","","","300~499","3","その他の装置等","32","化学設備","","","15","破裂"
"465","1994","平成","6","3","13~14","生コン製造プラントにおいて、砂とバラスを分離するトロンメルのドラム上で目詰まり掃除中、タイマーによる間歇運転(2時間休止、10分運転)により作動し始め、ドラムと周囲のカバーに巻き込まれた。","1","製造業","109","窯業土石製品製造業","","","10~29","1","動力機械","16","一般動力機械","","","7","はさまれ、巻き込まれ"
"466","1994","平成","6","3","15~16","バケットエレベーターに詰まった石膏粗砕品を取り除いていたところ、バケットエレベーターのドラムが回転し、ドラムとバケットの間に巻き込まれた。","1","製造業","109","窯業土石製品製造業","","","10~29","2","物上げ装置、運搬機械","22","動力運搬機","","","7","はさまれ、巻き込まれ"
"467","1994","平成","6","3","8~9","送電線鉄塔建設工事現場でジブクレーン(つり上げ荷重2.8t)を解体中、A形フレームの取付ピンを抜いたところ、倒れてきたAフレームの内側に頭部を挟まれた。","3","建設業","302","建築工事業","","","100~299","2","物上げ装置、運搬機械","21","動力クレーン等","","","7","はさまれ、巻き込まれ"
"468","1994","平成","6","3","8~9","刈払機で下刈作業中、足を滑らせたとき刈払機が手元から離れ、刃で背中から脇腹を切創した。","6","農林業","601","農業","","","100~299","7","環境等","71","環境等","","","2","転倒"
"469","1994","平成","6","3","10~11","バイクで走行中、信号機のない交差点で軽トラックと出会い頭に衝突した。","9","金融・広告業","","","","","10~29","2","物上げ装置、運搬機械","23","乗物","","","17","交通事故（道路）"
"470","1994","平成","6","3","11~12","電動式石切機のチェーンソーのギアに着衣が巻き込まれた。","1","製造業","109","窯業土石製品製造業","","","10~29","1","動力機械","16","一般動力機械","","","7","はさまれ、巻き込まれ"
"471","1994","平成","6","3","11~12","親企業構内において、重機回送用トラック荷台よりRCP(配管用パイプ約500キログラム)を荷卸し中、ワイヤロープを外しくさび1個を取り外したところ、RCP3本が荷崩れを起こした。","15","清掃・と畜業","","","","","1~9","5","物質、材料","52","材料","","","5","崩壊、倒壊"
"472","1994","平成","6","3","16~17","パワー・ショベルのバケット裏のフックにセーフティーチェーンで鋼管型わく資材を吊り下げて運搬中、パワー・ショベルが横転し、その下敷きになった。","3","建設業","301","土木工事業","","","1~9","1","動力機械","14","建設機械等","","","2","転倒"
"473","1994","平成","6","3","6~7","ワゴン車に同乗し現場に向う途中、高速道路で運転を誤り横転大破した。","1","製造業","113","一般機械器具製造業","","","10~29","2","物上げ装置、運搬機械","22","動力運搬機","","","17","交通事故（道路）"
"474","1994","平成","6","3","7~8","鋼管足場上を手摺が無い箇所まで歩いていたところ、3.1m下に墜落した。","3","建設業","302","建築工事業","","","10~29","4","仮設物、建築物、構築物等","41","仮設物、建築物、構築物等","","","1","墜落、転落"
"475","1994","平成","6","3","19~20","営業を終え洗車をしていた被災者が、営業所の電動シャッターに挟まれているのが発見された。","8","商業","","","","","10~29","4","仮設物、建築物、構築物等","41","仮設物、建築物、構築物等","","","7","はさまれ、巻き込まれ"
"476","1994","平成","6","3","20~21","2層式キャリアカーから中古車を降ろす作業中、被災者が運転手に降ろす場所を指示した後、キャリアカーに上がり転落した。","17","その他の事業","","","","","1~9","2","物上げ装置、運搬機械","22","動力運搬機","","","1","墜落、転落"
"477","1994","平成","6","3","8~9","技術指導のためタイへ出張し、乗用車で現場へ向う途中、対向してきた大型トレーラーと衝突した。","1","製造業","113","一般機械器具製造業","","","500~999","2","物上げ装置、運搬機械","22","動力運搬機","","","17","交通事故（道路）"
"478","1994","平成","6","3","8~9","出張先のタイ国で乗用車に同乗して移動中、大型トレーラーと正面衝突した。","17","その他の事業","","","","","1000~9999","2","物上げ装置、運搬機械","22","動力運搬機","","","17","交通事故（道路）"
"479","1994","平成","6","3","8~9","技術指導のためタイへ出張し、乗用車で現場へ向う途中、対向してきた大型トレーラーと衝突した。","1","製造業","113","一般機械器具製造業","","","500~999","2","物上げ装置、運搬機械","22","動力運搬機","","","17","交通事故（道路）"
"480","1994","平成","6","3","8~9","技術指導のためタイへ出張し、乗用車で現場へ向う途中、対向してきた大型トレーラーと衝突した。","1","製造業","113","一般機械器具製造業","","","500~999","2","物上げ装置、運搬機械","22","動力運搬機","","","17","交通事故（道路）"
"481","1994","平成","6","3","9~10","庭石(約15t)に玉掛するため石の下を手工具を使って掘削中、石が2つに割れ、その下敷きになった。","3","建設業","302","建築工事業","","","10~29","7","環境等","71","環境等","","","5","崩壊、倒壊"
"482","1994","平成","6","3","10~11","工事現場の仮設道路上で3.5tトラック左後輪のタイヤチェーンを外していたところ、右後輪のチェーンを外し終えた同僚がトラックを前進させたため、頭部をひかれた。","3","建設業","302","建築工事業","","","30~49","2","物上げ装置、運搬機械","22","動力運搬機","","","7","はさまれ、巻き込まれ"
"483","1994","平成","6","3","11~12","ドラグ・ショベルとガードレールの間を通り抜けようとしたところ、ドラグ・ショベルが旋回したためその間に挟まれた。","3","建設業","301","土木工事業","","","10~29","1","動力機械","14","建設機械等","","","7","はさまれ、巻き込まれ"
"484","1994","平成","6","3","13~14","屋外給排水工事現場でドラグ・ショベルに給油中、運転席から身を乗り出した際にレバーに触れ、下降したアームと運転室の間に挟まれた。","3","建設業","302","建築工事業","","","1~9","1","動力機械","14","建設機械等","","","7","はさまれ、巻き込まれ"
"485","1994","平成","6","3","3~4","トラックで高速道路を走行中、前方に事故車を発見し急ブレーキを掛けたが間に合わず、事故現場付近に停車していた車に追突した。","4","運輸交通業","403","道路貨物運送業","","","10~29","2","物上げ装置、運搬機械","22","動力運搬機","","","17","交通事故（道路）"
"486","1994","平成","6","3","9~10","山の斜面崩壊防止のため法面にモルタルを吹き付ける作業中、法面(勾配60度)を降りようとして約30m滑落した。","3","建設業","301","土木工事業","","","1~9","7","環境等","71","環境等","","","1","墜落、転落"
"487","1994","平成","6","3","12~13","取引先から乗用車に同乗して帰る途中、ダンプカーと衝突した。","1","製造業","108","化学工業","","","500~999","2","物上げ装置、運搬機械","23","乗物","","","17","交通事故（道路）"
"488","1994","平成","6","3","15~16","木造建築工事において、高さ1.7mの足場(2台の脚立に足場板を渡したもの)上で作業中、コンクリート床に墜落した。","3","建設業","302","建築工事業","","","10~29","4","仮設物、建築物、構築物等","41","仮設物、建築物、構築物等","","","1","墜落、転落"
"489","1994","平成","6","3","17~18","フォークリフトで町道を走行中、U字溝とアスファルト舗装路の間の土手に後輪がとられ、転倒したフォークリフトの左後部ヘッドガードの支柱に挟まれた。","1","製造業","108","化学工業","","","100~299","2","物上げ装置、運搬機械","22","動力運搬機","","","17","交通事故（道路）"
"490","1994","平成","6","3","8~9","天井クレーン(つり上げ荷重4.8t)で鉄骨梁(5×0.8×0.25m、1.08t)をクランプ1個で吊り上げたところ、クランプから梁が外れて被災者に当たった。","1","製造業","112","金属製品製造業","","","10~29","3","その他の装置等","37","用具","","","4","飛来、落下"
"491","1994","平成","6","3","17~18","鋼材を天井クレーンで吊り上げ作業中、クレーンのワイヤロープが4階資材置場の手摺にかかっていたワイヤメッシュに接触したためワイヤメッシュが落下し、これを避けようとして転倒し、頭部を強打した。","1","製造業","112","金属製品製造業","","","1~9","4","仮設物、建築物、構築物等","41","仮設物、建築物、構築物等","","","2","転倒"
"492","1994","平成","6","3","1~2","トラックで国道を走行中、前方に停車していた大型トラックを避けようとしたが、対向車があったため急ブレーキを掛けたところ、止まりきれずに大型トラックに追突した。","4","運輸交通業","403","道路貨物運送業","","","10~29","2","物上げ装置、運搬機械","22","動力運搬機","","","17","交通事故（道路）"
"493","1994","平成","6","3","5~6","2tトラックで荷を配送中、センターラインを越えてきた乗用車と衝突した。","1","製造業","107","印刷・製本業","","","1~9","2","物上げ装置、運搬機械","23","乗物","","","17","交通事故（道路）"
"494","1994","平成","6","3","6~7","50ccバイクで新聞配達中、交差点で乗用車と出会い頭に衝突した。","8","商業","","","","","1~9","2","物上げ装置、運搬機械","23","乗物","","","17","交通事故（道路）"
"495","1994","平成","6","3","8~9","法面のブロック積作業中、法肩(高さ1.7m)上でブロックを据え付けていたところ、バランスを崩し墜落した。","3","建設業","301","土木工事業","","","1~9","4","仮設物、建築物、構築物等","41","仮設物、建築物、構築物等","","","1","墜落、転落"
"496","1994","平成","6","3","8~9","建屋5階部分の足場上で同僚に材料を渡し、地上へ戻ろうとしたとき墜落した。","3","建設業","302","建築工事業","","","1~9","4","仮設物、建築物、構築物等","41","仮設物、建築物、構築物等","","","1","墜落、転落"
"497","1994","平成","6","3","9~10","自社工場内でタンクローリーの上に昇って作業中、2.5m下に墜落した。","4","運輸交通業","403","道路貨物運送業","","","30~49","2","物上げ装置、運搬機械","22","動力運搬機","","","1","墜落、転落"
"498","1994","平成","6","3","9~10","製氷工場内で作業中、氷槽に転落した。","17","その他の事業","","","","","10~29","4","仮設物、建築物、構築物等","41","仮設物、建築物、構築物等","","","1","墜落、転落"
"499","1994","平成","6","3","10~11","送電線(66000V)の2号線の張替えを終え接続作業中、活線である1号線の誘導電流で感電した。","3","建設業","303","その他の建設業","","","1~9","3","その他の装置等","35","電気設備","","","13","感電"
"500","1994","平成","6","3","11~12","工場のスレート屋根の補修作業中、スレートを踏み抜き墜落した。","3","建設業","303","その他の建設業","","","10~29","4","仮設物、建築物、構築物等","41","仮設物、建築物、構築物等","","","1","墜落、転落"
"501","1994","平成","6","3","11~12","ドラグ・ショベルで掘削した法面(幅1.2m、深さ2.3m)の内、土留め支保工を設置していない箇所が崩壊して埋まった。","3","建設業","301","土木工事業","","","10~29","7","環境等","71","環境等","","","5","崩壊、倒壊"
"502","1994","平成","6","3","12~13","軒桁上(高さ6.28m)で小屋梁の組立作業中、クレーンで吊り上げた小屋梁をつかもうとした際、バランスを崩して転落した。","3","建設業","302","建築工事業","","","1~9","4","仮設物、建築物、構築物等","41","仮設物、建築物、構築物等","","","1","墜落、転落"
"503","1994","平成","6","3","14~15","道路工事現場においてスコップで砂利を均す作業中、後進してきたドラグ・ショベルの下敷きになった。","3","建設業","301","土木工事業","","","10~29","1","動力機械","14","建設機械等","","","7","はさまれ、巻き込まれ"
"504","1994","平成","6","3","15~16","社有車で走行中、センターラインをはみ出し、対向してきたトラックに衝突した。","6","農林業","602","林業","","","1~9","2","物上げ装置、運搬機械","23","乗物","","","17","交通事故（道路）"
"505","1994","平成","6","3","15~16","アスファルト加熱貯蔵サイロ内において、アスファルトを排出するためのスライドゲートを修理中、ゲートを作動するシリンダーとサイロ側壁に挟まれた。","1","製造業","108","化学工業","","","10~29","3","その他の装置等","32","化学設備","","","7","はさまれ、巻き込まれ"
"506","1994","平成","6","3","15~16","足場上(高さ9.3m)で同僚とコンパネを運んでいたところ、突風にあおられてバランスを崩し転落した。","3","建設業","301","土木工事業","","","10~29","4","仮設物、建築物、構築物等","41","仮設物、建築物、構築物等","","","1","墜落、転落"
"507","1994","平成","6","3","16~17","10tトラックより鉄骨廃材をおろすため荷台上でワイヤロープを外した際、廃材とともに2.5m下に墜落した。","3","建設業","302","建築工事業","","","100~299","2","物上げ装置、運搬機械","22","動力運搬機","","","1","墜落、転落"
"508","1994","平成","6","3","10~11","開削、床堀して均し作業中、U字溝側の土砂が崩れて埋まった。","3","建設業","301","土木工事業","","","1~9","7","環境等","71","環境等","","","5","崩壊、倒壊"
"509","1994","平成","6","3","11~12","RC造ガソリンスタンド建物新築工事において、足場上で天井スラブの型わくの寸法取り作業中、3.42m下に墜落した。","3","建設業","302","建築工事業","","","1~9","4","仮設物、建築物、構築物等","41","仮設物、建築物、構築物等","","","1","墜落、転落"
"510","1994","平成","6","3","11~12","ゴミ焼き場で草等の焼却作業を1人で行っていたが、隣接するサトウキビ畑の火災現場に倒れているところを発見され、翌日熱傷により死亡した。","14","接客娯楽業","","","","","10~29","9","その他","99","分類不能","","","16","火災"
"511","1994","平成","6","3","22~23","大型トラックで国道を走行中、凍結路面でスリップしてガードレールを突き破り、約12m下の川岸に転落した。","4","運輸交通業","403","道路貨物運送業","","","50~99","7","環境等","71","環境等","","","17","交通事故（道路）"
"512","1994","平成","6","3","22~23","4tトラックで高速道路を走行中、停車中の大型トラックに追突した。","4","運輸交通業","403","道路貨物運送業","","","10~29","2","物上げ装置、運搬機械","22","動力運搬機","","","17","交通事故（道路）"
"513","1994","平成","6","3","10~11","軽ワゴン車で国道を走行中、追い越してきた自動車に接触されて対向車線に飛び出し、対向車と衝突した。","4","運輸交通業","403","道路貨物運送業","","","1~9","2","物上げ装置、運搬機械","23","乗物","","","17","交通事故（道路）"
"514","1994","平成","6","3","13~14","高さ5.5mの道路崖下で昼食休憩後、作業に取りかかるため崖に立て掛けられた移動梯子を登っていたところ、移動梯子とともにずれ落ち、崖下の側溝で頭部を強打した。","3","建設業","301","土木工事業","","","1~9","3","その他の装置等","37","用具","","","1","墜落、転落"
"515","1994","平成","6","3","16~17","自転車で新聞配達中、市道を自転車を引きながら横断していたところ、ワゴン車にはねられた。","1","製造業","107","印刷・製本業","","","10~29","2","物上げ装置、運搬機械","23","乗物","","","17","交通事故（道路）"
"516","1994","平成","6","3","9~10","老朽化した鉄製サッシの撤去作業中、スレート屋根を踏み抜いて墜落した。","3","建設業","302","建築工事業","","","1~9","4","仮設物、建築物、構築物等","41","仮設物、建築物、構築物等","","","1","墜落、転落"
"517","1994","平成","6","3","13~14","仮設工事用道路建設現場において、バックホウのバケットで川の水をすくい覆工板を掃除中、バックホウのフックが鉄骨梁に引っかかり、近くにいた被災者に当たった。","3","建設業","301","土木工事業","","","1~9","1","動力機械","14","建設機械等","","","6","激突され"
"518","1994","平成","6","3","16~17","屋根の野地板上で化粧板を打ち付ける作業中、約5.7m下に墜落した。","3","建設業","302","建築工事業","","","1~9","4","仮設物、建築物、構築物等","41","仮設物、建築物、構築物等","","","1","墜落、転落"
"519","1994","平成","6","3","7~8","トラックで国道を走行中、センターラインを越え、対向してきたトラックと正面衝突した。","4","運輸交通業","403","道路貨物運送業","","","10~29","2","物上げ装置、運搬機械","22","動力運搬機","","","17","交通事故（道路）"
"520","1994","平成","6","3","9~10","1階床の梁部分の配筋作業中、足場の作業床(高さ2.66m)から墜落し、地下1階壁の差し筋が首に刺さった。","3","建設業","302","建築工事業","","","1~9","4","仮設物、建築物、構築物等","41","仮設物、建築物、構築物等","","","1","墜落、転落"
"521","1994","平成","6","3","9~10","事業主が伐倒した松(径40センチメートル、長さ25m)に頭部を直撃された。","6","農林業","601","農業","","","1~9","7","環境等","71","環境等","","","6","激突され"
"522","1994","平成","6","3","9~10","工場内において床上操作式クレーンで荷の反転作業中、フックが荷から外れ荷が落下した。","1","製造業","113","一般機械器具製造業","","","100~299","6","荷","61","荷","","","4","飛来、落下"
"523","1994","平成","6","3","11~12","得意先の天井クレーン(つり上げ荷重2.8t)の点検中、脱落したクレーンレールのボルトを取り付けようと当該クレーンに上がった際、得意先従業員がクレーンを操作したため約6m下の床に墜落した。","1","製造業","113","一般機械器具製造業","","","10~29","2","物上げ装置、運搬機械","21","動力クレーン等","","","1","墜落、転落"
"524","1994","平成","6","3","11~12","鉄骨の組立作業中、6階から鉄骨に取り付けられたタラップを降りる途中、バランスを崩し9m下の3階梁上に墜落した。","3","建設業","302","建築工事業","","","1~9","4","仮設物、建築物、構築物等","41","仮設物、建築物、構築物等","","","1","墜落、転落"
"525","1994","平成","6","3","11~12","下水道管布設工事において、型わく組立のために立坑周辺に設置した手摺の内側を移動中、バランスを崩し約4.5m下のコンクリート床に墜落した。","3","建設業","301","土木工事業","","","10~29","4","仮設物、建築物、構築物等","41","仮設物、建築物、構築物等","","","1","墜落、転落"
"526","1994","平成","6","3","14~15","トランスバック洗浄工場において、トランスバックの束をフォークリフトの爪に吊り下げて荷卸し中、荷が振れてフォークリフトが転倒し、フォークリフトに挟まれた。","1","製造業","117","その他の製造業","","","10~29","2","物上げ装置、運搬機械","22","動力運搬機","","","2","転倒"
"527","1994","平成","6","3","15~16","防水シート(3.8×1.2m)の長手端を持って2つ折りにしようと背面歩行していたところ、パラペット(高さ0.41m)につまづき5.88m下に墜落した。","3","建設業","302","建築工事業","","","1~9","4","仮設物、建築物、構築物等","41","仮設物、建築物、構築物等","","","1","墜落、転落"
"528","1994","平成","6","3","16~17","運転中の柱材専用プレカット機のローラーの隙間から木屑を取り除こうとしたとき、材料把持部と加工部の間に頭部を挟まれた。","1","製造業","104","木材・木製品製造業","","","10~29","1","動力機械","13","木材加工用機械","","","7","はさまれ、巻き込まれ"
"529","1994","平成","6","3","22~23","荷を配送中、凍結路面でスリップして対向車線にはみ出し、トラックと衝突した。","4","運輸交通業","403","道路貨物運送業","","","50~99","2","物上げ装置、運搬機械","22","動力運搬機","","","17","交通事故（道路）"
"530","1994","平成","6","3","8~9","ドラグ・ショベルで荷を吊り上げ旋回した際、ドラグ・ショベルの横を歩いていた被災者が上部旋回体と地山の間に挟まれた。","3","建設業","301","土木工事業","","","10~29","1","動力機械","14","建設機械等","","","7","はさまれ、巻き込まれ"
"531","1994","平成","6","3","8~9","石材の形状品質調査のため自転車で石材会社に向う途中、国道上で側道から進入しようとした軽乗用車と衝突した。","6","農林業","602","林業","","","10~29","2","物上げ装置、運搬機械","23","乗物","","","17","交通事故（道路）"
"532","1994","平成","6","3","8~9","5段に重ねた金網カゴの最下部に機械製品を入れようとしたところ、カゴが崩れて中に入っていた製品が身体に当たった。","1","製造業","112","金属製品製造業","","","1~9","6","荷","61","荷","","","5","崩壊、倒壊"
"533","1994","平成","6","3","13~14","共同溝設置工事において、ボックスカルバート設置の基礎ベース打設のため溝の底に溜まった水をポンプで排出中、既設共同溝の端に設けていたコンクリート製仮設壁板(2.1×2.5×0.2m、約2.5t)が倒れて下敷きになった。","3","建設業","301","土木工事業","","","10~29","4","仮設物、建築物、構築物等","41","仮設物、建築物、構築物等","","","5","崩壊、倒壊"
"534","1994","平成","6","3","15~16","原料(ミョウバン)貯蔵タンク内で内壁に付着した原材料の結晶を削り落とす作業中、剥離した結晶塊(2×4m)が当たった。","1","製造業","108","化学工業","","","100~299","4","仮設物、建築物、構築物等","41","仮設物、建築物、構築物等","","","5","崩壊、倒壊"
"535","1994","平成","6","3","15~16","解体工事に先立ち建物に引き込まれている電気配線の切断・撤去作業中、高さ4.2mの軒部分から道路に墜落した。","3","建設業","303","その他の建設業","","","1~9","4","仮設物、建築物、構築物等","41","仮設物、建築物、構築物等","","","1","墜落、転落"
"536","1994","平成","6","3","8~9","クリーニング乾燥機の内胴内で清掃中、同僚が起動ボタンを押したためドアが閉まり、内胴が回転して熱風にさらされ熱傷を負った。","1","製造業","117","その他の製造業","","","100~299","3","その他の装置等","39","その他の装置、設備","","","11","高温・低温の物との接触"
"537","1994","平成","6","3","10~11","農業用送水路工事現場において、地下27mで送水管のパッキン取付作業中、送水管(460キログラム)にワイヤ2本を巻きドラグ・ショベルのバケットに取り付けたフックに掛けて地下に降ろそうと旋回したところ、送水管がワイヤから抜け、地下で作業をしていた被災者に当たった。","3","建設業","301","土木工事業","","","10~29","1","動力機械","14","建設機械等","","","4","飛来、落下"
"538","1994","平成","6","3","11~12","乗用車で走行中、交差点で貨物トラックと衝突した。","17","その他の事業","","","","","1~9","2","物上げ装置、運搬機械","23","乗物","","","17","交通事故（道路）"
"539","1994","平成","6","3","14~15","新入社員に自動送材車式帯のこ盤による木材加工中の災害の危険を教えるため、わざと木材(38×7.5×243センチメートル)を送材車に引っかかるように斜めに置き、送材車を走行させたところ、運転していた被災者に木材が当たった。","1","製造業","104","木材・木製品製造業","","","10~29","5","物質、材料","52","材料","","","6","激突され"
"540","1994","平成","6","3","15~16","TV用アンテナ取付のため1階屋根(軒高約3m)から2階屋根へ梯子で昇ろうとしたところ、バランスを崩し地上へ墜落した。","8","商業","","","","","100~299","4","仮設物、建築物、構築物等","41","仮設物、建築物、構築物等","","","1","墜落、転落"
"541","1994","平成","6","3","15~16","仮締め切堤に敷いてある鉄板(6000×1500×20ミリメートル)をドラグ・ショベルで吊り上げ旋回したところ、左のキャタピラが浮き上がり、ドラグ・ショベルごと堰に転落した。","3","建設業","301","土木工事業","","","10~29","1","動力機械","14","建設機械等","","","1","墜落、転落"
"542","1994","平成","6","3","11~12","増築部分の9階床下ピット内の結露防止のためウレタンフォームの吹き付け作業を行い、昼食のためピットから出ようとしたところ、爆発が起こった。","3","建設業","302","建築工事業","","","10~29","5","物質、材料","51","危険物、有害物等","","","14","爆発"
"543","1994","平成","6","3","11~12","増築部分の9階床下ピット内の結露防止のためウレタンフォームの吹き付け作業を行い、昼食のためピットから出ようとしたところ、爆発が起こった。","3","建設業","302","建築工事業","","","1~9","5","物質、材料","51","危険物、有害物等","","","14","爆発"
"544","1994","平成","6","3","13~14","乗用車で国道を走行中、センターラインを越えてきた対向車と正面衝突した。(原子炉建屋新築工事)","3","建設業","302","建築工事業","","","50~99","2","物上げ装置、運搬機械","23","乗物","","","17","交通事故（道路）"
"545","1994","平成","6","3","14~15","鉄骨組立時の胴縁取付用ボルトの差し込み作業中、またがっていた胴縁上(高さ3.87m)から墜落した。","3","建設業","302","建築工事業","","","1~9","4","仮設物、建築物、構築物等","41","仮設物、建築物、構築物等","","","1","墜落、転落"
"546","1994","平成","6","3","15~16","軽トラックで農道を走行中、方向転換をする際、約3m下の畑に転落した。","3","建設業","301","土木工事業","","","1~9","2","物上げ装置、運搬機械","22","動力運搬機","","","17","交通事故（道路）"
"547","1994","平成","6","3","16~17","脚立に載せた足場板上で作業中、墜落した。","3","建設業","302","建築工事業","","","1~9","3","その他の装置等","37","用具","","","1","墜落、転落"
"548","1994","平成","6","4","0~1","工事現場において、反対車線に停車中のダンプカーの運転手と誘導の打合せをするため道路を横断中、走行してきたバイクに跳ねられた。","17","その他の事業","","","","","50~99","2","物上げ装置、運搬機械","23","乗物","","","17","交通事故（道路）"
"549","1994","平成","6","4","1~2","トラックに同乗し国道を走行中、交差点の赤信号で停止したトラックに追突した。","4","運輸交通業","403","道路貨物運送業","","","50~99","2","物上げ装置、運搬機械","22","動力運搬機","","","17","交通事故（道路）"
"550","1994","平成","6","4","7~8","線路内を清掃中、台車3台を連結したディーゼルカーにひかれた。","1","製造業","110","鉄鋼業","","","50~99","2","物上げ装置、運搬機械","22","動力運搬機","","","7","はさまれ、巻き込まれ"
"551","1994","平成","6","4","8~9","6tトラック荷台上で建築廃材等を整理中、地上に転落した。","8","商業","","","","","10~29","2","物上げ装置、運搬機械","22","動力運搬機","","","1","墜落、転落"
"552","1994","平成","6","4","9~10","バイクで交差点を直進中、右折しようとした対向車に激突された。","17","その他の事業","","","","","50~99","2","物上げ装置、運搬機械","23","乗物","","","17","交通事故（道路）"
"553","1994","平成","6","4","10~11","個人住宅改装工事において、床の下地ボード(約8キログラム)を居住者用階段を通って搬入中、階段踊場から転落した。","3","建設業","302","建築工事業","","","1~9","4","仮設物、建築物、構築物等","41","仮設物、建築物、構築物等","","","1","墜落、転落"
"554","1994","平成","6","4","11~12","路肩のブロック積み工事において、ドラグ・ショベルで床堀を終えた後、床堀状況を撮影するため掘削箇所奥に退避したところ、幅2.9m、高さ2.5m、奥行き0.5mに渡って土砂が崩壊した。","3","建設業","301","土木工事業","","","10~29","7","環境等","71","環境等","","","5","崩壊、倒壊"
"555","1994","平成","6","4","11~12","車庫内において、脚立に上って棚上からテープを取り、脚立から降りようとしたところ転落した。","4","運輸交通業","403","道路貨物運送業","","","10~29","3","その他の装置等","37","用具","","","1","墜落、転落"
"556","1994","平成","6","4","15~16","ドラグ・ショベルで幅約1.5m、深さ約4mの明り掘削作業中、掘削した深さを測ろうと掘削底に入ったところ、土砂が崩壊した。","3","建設業","301","土木工事業","","","不明","7","環境等","71","環境等","","","5","崩壊、倒壊"
"557","1994","平成","6","4","15~16","2階建木造家屋の新築工事中、1階の屋根上から3.5m下に墜落した。","3","建設業","302","建築工事業","","","1~9","4","仮設物、建築物、構築物等","41","仮設物、建築物、構築物等","","","1","墜落、転落"
"558","1994","平成","6","4","15~16","店内の荷受場でパレット台車の整理作業中、不意に後方に転倒し、床面で頭部を強打した。","8","商業","","","","","50~99","4","仮設物、建築物、構築物等","41","仮設物、建築物、構築物等","","","2","転倒"
"559","1994","平成","6","4","17~18","営業先からバイクで帰社途中、交差点で信号待ちをしていたところ、大型トラックに追突された。","3","建設業","302","建築工事業","","","100~299","2","物上げ装置、運搬機械","22","動力運搬機","","","17","交通事故（道路）"
"560","1994","平成","6","4","8~9","資材置場でぬかるみにはまったトラックを別のトラックで引き上げた後、引き上げに使ったワイヤを外しにトラックの間に入った際、トラックが急に後進しトラックの間に挟まれた。","3","建設業","301","土木工事業","","","1~9","2","物上げ装置、運搬機械","22","動力運搬機","","","7","はさまれ、巻き込まれ"
"561","1994","平成","6","4","9~10","ドラグ・ショベルで県道の除雪作業中、道路が雪で傾斜していたためクローラが横滑りし、路肩から25m下の崖下に転落した。","3","建設業","301","土木工事業","","","1~9","1","動力機械","14","建設機械等","","","1","墜落、転落"
"562","1994","平成","6","4","13~14","自社の資材置場兼土捨場において、10tトラックにブル・ドーザーを積込中、トラックが傾いたため被災者が運転していたブル・ドーザーが横滑りし、傾斜地を転落した。","3","建設業","301","土木工事業","","","1~9","1","動力機械","14","建設機械等","","","1","墜落、転落"
"563","1994","平成","6","4","15~16","地下ピット内において床のはつり作業及び清掃作業中、ピットの天井断熱材が燃えだし、一酸化炭素を吸入した。","3","建設業","302","建築工事業","","","50~99","5","物質、材料","51","危険物、有害物等","","","16","火災"
"564","1994","平成","6","4","15~16","地下ピット内において床のはつり作業及び清掃作業中、ピットの天井断熱材が燃えだし、一酸化炭素を吸入した。","3","建設業","302","建築工事業","","","50~99","5","物質、材料","51","危険物、有害物等","","","16","火災"
"565","1994","平成","6","4","23~24","乗用車に同乗し転勤先に向う途中、対向車線にはみ出し、大型トレーラーに衝突した。","8","商業","","","","","10~29","2","物上げ装置、運搬機械","23","乗物","","","17","交通事故（道路）"
"566","1994","平成","6","4","6~7","大型トラックで国道を走行中、前車の大型トラックに追突した。","4","運輸交通業","403","道路貨物運送業","","","1~9","2","物上げ装置、運搬機械","22","動力運搬機","","","17","交通事故（道路）"
"567","1994","平成","6","4","10~11","スレート屋根上で塗装作業中、スレートを踏み抜き約7.5m下の床上に墜落した。","3","建設業","303","その他の建設業","","","10~29","4","仮設物、建築物、構築物等","41","仮設物、建築物、構築物等","","","1","墜落、転落"
"568","1994","平成","6","4","13~14","10tトラックで国道を走行中、強風にあおられてセンターラインを越え、対向車2台を巻き込み土手下に転落した。","4","運輸交通業","403","道路貨物運送業","","","10~29","2","物上げ装置、運搬機械","22","動力運搬機","","","17","交通事故（道路）"
"569","1994","平成","6","4","15~16","型わく解体箇所からコンクリート床に墜落した。","3","建設業","302","建築工事業","","","10~29","4","仮設物、建築物、構築物等","41","仮設物、建築物、構築物等","","","1","墜落、転落"
"570","1994","平成","6","4","4~5","新聞配達のためバイクで国道を走行中、道路左側の信号機に激突した。","8","商業","","","","","1~9","2","物上げ装置、運搬機械","23","乗物","","","17","交通事故（道路）"
"571","1994","平成","6","4","6~7","3.5tトラックで国道を走行中、Uターンをしていた11tトラックと激突した。","1","製造業","112","金属製品製造業","","","30~49","2","物上げ装置、運搬機械","22","動力運搬機","","","17","交通事故（道路）"
"572","1994","平成","6","4","8~9","入港した船の2番ハッチ船倉で積荷作業をするため、デッキから1番ハッチを通って2番ハッチ船倉に向う際、1番デッキ内のポンツーンが敷いてなかった部分(高さ約7m)から墜落した。","5","貨物取扱業","502","港湾運送業","","","100~299","2","物上げ装置、運搬機械","23","乗物","","","1","墜落、転落"
"573","1994","平成","6","4","9~10","木造家屋建築工事において、2階床上で足場の建地を上げる作業中、約3.4m下のコンクリート土間に墜落した。","3","建設業","302","建築工事業","","","10~29","4","仮設物、建築物、構築物等","41","仮設物、建築物、構築物等","","","1","墜落、転落"
"574","1994","平成","6","4","10~11","アーク溶接作業中、飛散したアークがズボンの裾に引火した。","1","製造業","112","金属製品製造業","","","1~9","3","その他の装置等","33","溶接装置","","","11","高温・低温の物との接触"
"575","1994","平成","6","4","10~11","工場鉄骨ヤードの増築工事において、屋根上でフックボルトにかかったガスホースを外そうとしたところ、明り取り窓を踏み抜き約12m下の地上に墜落した。","3","建設業","302","建築工事業","","","1~9","4","仮設物、建築物、構築物等","41","仮設物、建築物、構築物等","","","1","墜落、転落"
"576","1994","平成","6","4","11~12","橋梁工事においてベント設備の解体作業中、ベント材(鋼製、約600キログラム)が崩れ腹部を挟まれた。","3","建設業","301","土木工事業","","","1~9","5","物質、材料","52","材料","","","5","崩壊、倒壊"
"577","1994","平成","6","4","14~15","作業場内中2階の資材置場へ段ボール箱(白蟻駆除剤、8キログラム)を運ぶ途中、移動梯子上でバランスを崩し、土間へ墜落した。","8","商業","","","","","1~9","3","その他の装置等","37","用具","","","1","墜落、転落"
"578","1994","平成","6","4","20~21","10tトラックで国道を走行中、交差点で信号待ち中のタンクローリーに追突した。","4","運輸交通業","403","道路貨物運送業","","","1~9","2","物上げ装置、運搬機械","22","動力運搬機","","","17","交通事故（道路）"
"579","1994","平成","6","4","20~21","交差点で停止中のタンクローリーに追突した。","4","運輸交通業","403","道路貨物運送業","","","30~49","2","物上げ装置、運搬機械","22","動力運搬機","","","17","交通事故（道路）"
"580","1994","平成","6","4","9~10","杭打ちの補助作業中、ベッセル(円柱形の鉄製枠)に近付いたときドラグ・ショベルが旋回し、ドラグ・ショベルとベッセルの間に挟まれた。","3","建設業","302","建築工事業","","","30~49","1","動力機械","14","建設機械等","","","7","はさまれ、巻き込まれ"
"581","1994","平成","6","4","11~12","BMC棟2階において、エレベータで搬送したパレット荷をハンドリフターで引き出そうとしたが引き出せず、パレット荷を後方より押そうと搬品に乗り後方に回る途中、搬品後部と工場壁面の隙間(37センチメートル)に足を踏み外し、約12m下のピットに転落した。","1","製造業","108","化学工業","","","100~299","2","物上げ装置、運搬機械","21","動力クレーン等","","","1","墜落、転落"
"582","1994","平成","6","4","11~12","バイクで県道を走行中、民家から道路に出てきた軽トラックと衝突し、ともに1.8m下の温室に転落して軽トラックの下敷きになった。","11","通信業","","","","","10~29","2","物上げ装置、運搬機械","22","動力運搬機","","","17","交通事故（道路）"
"583","1994","平成","6","4","13~14","トラックで配達中、車と衝突した。","8","商業","","","","","30~49","2","物上げ装置、運搬機械","23","乗物","","","17","交通事故（道路）"
"584","1994","平成","6","4","14~15","杉(高さ20m、胸高直径40センチメートル)を伐採中、ロープ引きをしていた被災者の頭部に伐倒木が激突した。","1","製造業","104","木材・木製品製造業","","","1~9","7","環境等","71","環境等","","","6","激突され"
"585","1994","平成","6","4","16~17","足場上で擁壁型わく接合作業中、1.2m下の地上に墜落した。","3","建設業","301","土木工事業","","","10~29","4","仮設物、建築物、構築物等","41","仮設物、建築物、構築物等","","","1","墜落、転落"
"586","1994","平成","6","4","17~18","2階建建物に3階を増築中、3階階段踊り場の手摺に乗りベビーウインチを取り付けていたところ、墜落した。","3","建設業","302","建築工事業","","","1~9","4","仮設物、建築物、構築物等","41","仮設物、建築物、構築物等","","","1","墜落、転落"
"587","1994","平成","6","4","22~23","トラックで高速道路を走行中、急に車線変更をしてきた前車に追突した。","4","運輸交通業","403","道路貨物運送業","","","不明","2","物上げ装置、運搬機械","22","動力運搬機","","","17","交通事故（道路）"
"588","1994","平成","6","4","4~5","自転車で新聞配達中、乗用車にひかれた。","8","商業","","","","","10~29","2","物上げ装置、運搬機械","22","動力運搬機","","","17","交通事故（道路）"
"589","1994","平成","6","4","10~11","土止め支保工の最下流の1本はそのままにし、2本目を玉掛して50tクローラクレーンで吊り上げたところ、下流より3本目の腹おこしが被災者に当たった。","3","建設業","301","土木工事業","","","30~49","4","仮設物、建築物、構築物等","41","仮設物、建築物、構築物等","","","4","飛来、落下"
"590","1994","平成","6","4","11~12","山林内で刈り取った下草を燃やしているうちに付近の木に燃え移り、消火作業をしていたところ着衣に火がついた。","8","商業","","","","","1~9","7","環境等","71","環境等","","","16","火災"
"591","1994","平成","6","4","11~12","配達途中、昼食をとるため車を止め道路向側のドライブインに行く途中、乗用車にはねられた。","1","製造業","101","食料品製造業","","","100~299","2","物上げ装置、運搬機械","23","乗物","","","17","交通事故（道路）"
"592","1994","平成","6","4","13~14","ゴルフコース内休憩所の排水管布設作業後ミニコンポで整地作業中、高さ1.3mの斜面を転落した。","3","建設業","303","その他の建設業","","","10~29","1","動力機械","14","建設機械等","","","1","墜落、転落"
"593","1994","平成","6","4","8~9","線路の締め固め作業において作業機械を調整中、列車にはねられた。","4","運輸交通業","401","鉄道・軌道・水運・航空業","","","10~29","2","物上げ装置、運搬機械","23","乗物","","","18","交通事故（その他）"
"594","1994","平成","6","4","10~11","積載型移動式クレーンで60tプレスを吊り上げたところ、玉掛ワイヤが切れ、落下したプレスの下敷きになった。","3","建設業","302","建築工事業","","","1~9","3","その他の装置等","37","用具","","","4","飛来、落下"
"595","1994","平成","6","4","10~11","フォークリフトで建築用製材のはいくずし作業中、ツメを差し込んだまま調整をするためはいの裏側に行ったとき、積荷の製材が崩落してきた。","1","製造業","104","木材・木製品製造業","","","10~29","2","物上げ装置、運搬機械","22","動力運搬機","","","5","崩壊、倒壊"
"596","1994","平成","6","4","11~12","乗用車で国道を走行中、交差点で一時停止をしないで直進してきた乗用車と衝突した。","9","金融・広告業","","","","","30~49","2","物上げ装置、運搬機械","23","乗物","","","17","交通事故（道路）"
"597","1994","平成","6","4","14~15","エンジンのかかった小型パワー・ショベルに、旋回レバーを持って乗り込もうとしたところ、アームが旋回しアームとキャタピラの間に挟まれた。","3","建設業","301","土木工事業","","","1~9","1","動力機械","14","建設機械等","","","7","はさまれ、巻き込まれ"
"598","1994","平成","6","4","16~17","杭打機で引き抜いたH形鋼の頭部にワイヤを掛け、シャックルを介してフックで吊り上げ地面に降ろす際、シャックルのボルトが外れH形鋼が被災者に倒れてきた。","3","建設業","301","土木工事業","","","1~9","5","物質、材料","52","材料","","","4","飛来、落下"
"599","1994","平成","6","4","16~17","軽量鉄骨2階建アパート新築工事において、鉄骨梁を利用して設けた足場の解体作業中、約2.5m下の2階床面に墜落した。","3","建設業","302","建築工事業","","","1~9","4","仮設物、建築物、構築物等","41","仮設物、建築物、構築物等","","","1","墜落、転落"
"600","1994","平成","6","4","4~5","徒歩で新聞配達中、県道を横断していたところ、大型タンクローリーにはねられた。","8","商業","","","","","30~49","2","物上げ装置、運搬機械","22","動力運搬機","","","17","交通事故（道路）"
"601","1994","平成","6","4","9~10","バックホウで生コン車より生コンを運搬しようしたところ、前日の雨でバックホウ下の地盤が緩んでいたため旋回途中で地盤が崩れ、転倒したバックホウに挟まれた。","3","建設業","301","土木工事業","","","1~9","1","動力機械","14","建設機械等","","","2","転倒"
"602","1994","平成","6","4","12~13","クレーン昇降タラップの手摺を溶接する際、作業床から7.3m下へ手摺もろとも墜落した。","3","建設業","302","建築工事業","","","1~9","4","仮設物、建築物、構築物等","41","仮設物、建築物、構築物等","","","1","墜落、転落"
"603","1994","平成","6","4","15~16","鉄骨3階建住宅建築工事において、足場(単管ブラケット)を組立中、2段目の足場板上で3段目の足場板を番線で緊結していたところ、約3.2m下の地面に墜落した。","3","建設業","302","建築工事業","","","1~9","4","仮設物、建築物、構築物等","41","仮設物、建築物、構築物等","","","1","墜落、転落"
"604","1994","平成","6","4","16~17","営業先よりライトバンで帰る途中、国道で対向してきたトラックと正面衝突した。","8","商業","","","","","10~29","2","物上げ装置、運搬機械","23","乗物","","","17","交通事故（道路）"
"605","1994","平成","6","4","16~17","遊歩道新設現場においてドラグ・ショベルで傾斜地を掘削中、ドラグ・ショベルが転倒し、水路上に仮設された工事用鉄板との間に頭部を挟まれた。","3","建設業","301","土木工事業","","","30~49","1","動力機械","14","建設機械等","","","2","転倒"
"606","1994","平成","6","4","16~17","乗用車で営業先に向う途中、緩いカーブでセンターラインを越え、対向してきたタンクローリーと正面衝突した。","17","その他の事業","","","","","30~49","2","物上げ装置、運搬機械","23","乗物","","","17","交通事故（道路）"
"607","1994","平成","6","4","10~11","鉄骨造建物屋根上でデッキプレートを取付中、約14m下の地上に転落した。","3","建設業","302","建築工事業","","","1~9","4","仮設物、建築物、構築物等","41","仮設物、建築物、構築物等","","","1","墜落、転落"
"608","1994","平成","6","4","14~15","集材機で風倒木を移動中、材が当たった。","6","農林業","601","農業","","","1~9","2","物上げ装置、運搬機械","21","動力クレーン等","","","6","激突され"
"609","1994","平成","6","4","16~17","フォークリフトのフォークにワイヤロープを通した足場部材(120キログラム)を吊り下げ、部材を押さえながら前進中、フォークリフトにひかれた。","1","製造業","112","金属製品製造業","","","1~9","2","物上げ装置、運搬機械","22","動力運搬機","","","6","激突され"
"610","1994","平成","6","4","16~17","工場屋根のスレートを葺替中、波板スレートを踏み抜き8m下の工場コンクリート床に墜落した。","3","建設業","302","建築工事業","","","不明","4","仮設物、建築物、構築物等","41","仮設物、建築物、構築物等","","","1","墜落、転落"
"611","1994","平成","6","4","16~17","移動式足場(ローリングタワー、高さ2.9m)上で梁を塗装中、同足場から地上に降りようとした際、墜落した。","3","建設業","302","建築工事業","","","1~9","4","仮設物、建築物、構築物等","41","仮設物、建築物、構築物等","","","1","墜落、転落"
"612","1994","平成","6","4","12~13","ゴミ収集車(パッカー)の月例点検中、回転板に巻き込まれた。","15","清掃・と畜業","","","","","100~299","2","物上げ装置、運搬機械","22","動力運搬機","","","7","はさまれ、巻き込まれ"
"613","1994","平成","6","4","9~10","粗大ゴミ用2tダンプカーのボディフレームと荷台デッキフレームの間に首を挟まれた。","15","清掃・と畜業","","","","","10~29","2","物上げ装置、運搬機械","22","動力運搬機","","","7","はさまれ、巻き込まれ"
"614","1994","平成","6","4","10~11","バックホウで転圧機を吊り法面を後進中、バックホウが転倒した。","3","建設業","301","土木工事業","","","10~29","1","動力機械","14","建設機械等","","","2","転倒"
"615","1994","平成","6","4","11~12","工場内の製品ヤードにおいて、推進管の内面モルタル埋め作業中、推進管の位置を変えるため転がそうとした際、鉄製台木が倒れて地面との間に挟まれた。","1","製造業","109","窯業土石製品製造業","","","50~99","5","物質、材料","52","材料","","","5","崩壊、倒壊"
"616","1994","平成","6","4","14~15","軽トラックで国道を走行中、対向してきた大型トラックの積荷が落下し、軽トラックを直撃した。","3","建設業","303","その他の建設業","","","1~9","6","荷","61","荷","","","17","交通事故（道路）"
"617","1994","平成","6","4","16~17","木造2階建住宅の棟上げ作業中、コンパネを張った2階風呂場の湯櫓部分より約3.5m下の地上に墜落した。","3","建設業","302","建築工事業","","","1~9","4","仮設物、建築物、構築物等","41","仮設物、建築物、構築物等","","","1","墜落、転落"
"618","1994","平成","6","4","16~17","倉庫の中2階上でスレート屋根の撤去作業中、約1.8m下の床に墜落した。","3","建設業","302","建築工事業","","","1~9","4","仮設物、建築物、構築物等","41","仮設物、建築物、構築物等","","","1","墜落、転落"
"619","1994","平成","6","4","6~7","4t保冷車で配送中、運転を誤り道路右側のコンクリート壁に衝突した。","8","商業","","","","","10~29","2","物上げ装置、運搬機械","22","動力運搬機","","","17","交通事故（道路）"
"620","1994","平成","6","4","7~8","斜面に停車しているバックホウを引き上げようとしたところ、バックホウが転倒し、運転していた被災者がその下敷きになった。","3","建設業","301","土木工事業","","","1~9","1","動力機械","14","建設機械等","","","1","墜落、転落"
"621","1994","平成","6","4","9~10","5t門型クレーンでトラックに荷(470キログラム)を積込中、荷が崩れ作業補助をしていた被災者が下敷きになった。","4","運輸交通業","403","道路貨物運送業","","","10~29","6","荷","61","荷","","","5","崩壊、倒壊"
"622","1994","平成","6","4","10~11","住宅敷地内に埋設された集中プロパンガス管を掘り出した溝内において、パイプカッターによりガス管を切断していたところ、ガス管からガスが吹き出した。","3","建設業","303","その他の建設業","","","1~9","5","物質、材料","51","危険物、有害物等","","","12","有害物等との接触"
"623","1994","平成","6","4","11~12","ゴルフ練習場のネットを支持している支柱と支柱の間の水平梁を伝いながら、ネットの損傷部分を修理中、7m下の地上に墜落した。","3","建設業","303","その他の建設業","","","1~9","4","仮設物、建築物、構築物等","41","仮設物、建築物、構築物等","","","1","墜落、転落"
"624","1994","平成","6","4","11~12","コンベヤーを止めずにローラーの交換作業を行おうとしたところ、ボルトを緩めるのを誤って締めてしまい、これがねじ切れた反動でバランスを崩し、着衣が巻き込まれた。","2","鉱業","202","土石採取業","","","10~29","2","物上げ装置、運搬機械","22","動力運搬機","","","7","はさまれ、巻き込まれ"
"625","1994","平成","6","4","13~14","河川右岸の公園建設現場に設置されたプレハブ休憩小屋が強風により川に転落したため、中にいた同僚を助けようと川に飛び込んだが、3日後遺体で発見された。","3","建設業","301","土木工事業","","","10~29","7","環境等","71","環境等","","","10","おぼれ"
"626","1994","平成","6","4","13~14","河川右岸の公園建設現場に設置されたプレハブ休憩小屋内で待機していたところ、強風により小屋ごと川に転落した。","3","建設業","301","土木工事業","","","10~29","7","環境等","71","環境等","","","10","おぼれ"
"627","1994","平成","6","4","13~14","トラックに積み込むH形鋼の上に乗っていたところ、移動式カウンターウエイトが当たってH形鋼が崩壊し、その下敷きになった。","5","貨物取扱業","501","陸上貨物取扱業","","","1~9","2","物上げ装置、運搬機械","21","動力クレーン等","","","5","崩壊、倒壊"
"628","1994","平成","6","4","15~16","し尿処理場内のし尿乾燥炉において、投入ホッパーを清掃するため清掃用窓へ通じる昇降用固定梯子(高さ2.5m)を昇る途中、墜落した。","15","清掃・と畜業","","","","","10~29","4","仮設物、建築物、構築物等","41","仮設物、建築物、構築物等","","","1","墜落、転落"
"629","1994","平成","6","4","16~17","トラックで高速道路を走行中、前方のトレーラーが急ブレーキを掛けたため追突した。","4","運輸交通業","403","道路貨物運送業","","","30~49","2","物上げ装置、運搬機械","22","動力運搬機","","","17","交通事故（道路）"
"630","1994","平成","6","4","16~17","自社のコンクリートミキサープラントを1人で清掃中、ミキサーが被災者側に反転してきたためベルトコンベヤー支柱の斜材(アングル)の間に挟まれた。","3","建設業","301","土木工事業","","","1~9","1","動力機械","14","建設機械等","","","7","はさまれ、巻き込まれ"
"631","1994","平成","6","4","20~21","電動キャプスタンにオイルフェンス開閉用麻ロープを掛けて巻き始めたところ、ロープとともに電動キャプスタンに巻き込まれた。","17","その他の事業","","","","","30~49","2","物上げ装置、運搬機械","22","動力運搬機","","","7","はさまれ、巻き込まれ"
"632","1994","平成","6","4","3~4","自転車で新聞配達中、国道交差点でトラックにはねられた。","8","商業","","","","","30~49","2","物上げ装置、運搬機械","22","動力運搬機","","","17","交通事故（道路）"
"633","1994","平成","6","4","5~6","大型トラックで国道を走行中、道路をはみ出し約10m下に転落した。","4","運輸交通業","403","道路貨物運送業","","","30~49","2","物上げ装置、運搬機械","22","動力運搬機","","","17","交通事故（道路）"
"634","1994","平成","6","4","10~11","軽トラックで配送中、運転を誤り電柱に激突した。","1","製造業","102","繊維工業","","","10~29","2","物上げ装置、運搬機械","22","動力運搬機","","","17","交通事故（道路）"
"635","1994","平成","6","4","11~12","コンテナ積荷の検数作業中、後進してきたコンテナ牽引トラックと荷役作業台の間に挟まれた。","17","その他の事業","","","","","1~9","2","物上げ装置、運搬機械","22","動力運搬機","","","7","はさまれ、巻き込まれ"
"636","1994","平成","6","4","11~12","木造2階建住宅新築工事において、2階部分の柱に取り付ける張り出し足場の組立作業中、足場金具が外れて墜落した。","3","建設業","302","建築工事業","","","1~9","4","仮設物、建築物、構築物等","41","仮設物、建築物、構築物等","","","1","墜落、転落"
"637","1994","平成","6","4","11~12","油槽所でタンクローリーに軽油を積み込む作業中、車上から約2.8m下に墜落した。","4","運輸交通業","403","道路貨物運送業","","","50~99","2","物上げ装置、運搬機械","22","動力運搬機","","","1","墜落、転落"
"638","1994","平成","6","4","14~15","擁壁の天端部で型わくの面木を修正中、何らかの弾みで張り出し足場の手摺を押し倒し、約4m下の地面に墜落した。","3","建設業","301","土木工事業","","","1~9","4","仮設物、建築物、構築物等","41","仮設物、建築物、構築物等","","","1","墜落、転落"
"639","1994","平成","6","4","14~15","剪定作業中、木から降りようとして高さ約5.6mから墜落した。","3","建設業","301","土木工事業","","","10~29","7","環境等","71","環境等","","","1","墜落、転落"
"640","1994","平成","6","4","14~15","トラック荷台より荷(防音壁12枚)卸し中、荷が崩れその上で作業をしていた被災者が地上に墜落した。","1","製造業","112","金属製品製造業","","","10~29","6","荷","61","荷","","","5","崩壊、倒壊"
"641","1994","平成","6","4","14~15","3階建ビル屋上に建てた仮設物置小屋の軒裏を塗装するため、屋上の手摺(高さ1.2m)に上って作業中、11.2m下の地上に墜落した。(外)","3","建設業","303","その他の建設業","","","1~9","4","仮設物、建築物、構築物等","41","仮設物、建築物、構築物等","","","1","墜落、転落"
"642","1994","平成","6","4","16~17","ライトバンで営業先から帰社途中、センターラインを越えてきた乗用車と正面衝突した。","1","製造業","117","その他の製造業","","","1~9","2","物上げ装置、運搬機械","23","乗物","","","17","交通事故（道路）"
"643","1994","平成","6","4","9~10","現場内の農道の敷固め作業中、作業指揮及び建設機械の誘導を行っていたところ、農道脇の水路(幅2m、深さ1.97m)に墜落した。","3","建設業","301","土木工事業","","","1~9","4","仮設物、建築物、構築物等","41","仮設物、建築物、構築物等","","","1","墜落、転落"
"644","1994","平成","6","4","9~10","工場天井クレーン(6基)の修理に際し、1基目のクレーンの走行車輪の軸受け部からの油漏れを清掃するためランナウェイ上に立ち入ったところ、走行してきた2基目のクレーンにはねられた。","5","貨物取扱業","501","陸上貨物取扱業","","","100~299","2","物上げ装置、運搬機械","21","動力クレーン等","","","6","激突され"
"645","1994","平成","6","4","16~17","工事に使用した丸太をトラックに積み込む際、直進してきた乗用車が丸太に接触し、丸太を持っていた被災者の腹部に丸太端部が激突した。","3","建設業","302","建築工事業","","","10~29","2","物上げ装置、運搬機械","23","乗物","","","17","交通事故（道路）"
"646","1994","平成","6","4","16~17","個人住宅のバルコニーに掛けた梯子に乗って塗装作業中、梯子が滑り高さ2.7mから墜落した。","3","建設業","303","その他の建設業","","","1~9","3","その他の装置等","37","用具","","","1","墜落、転落"
"647","1994","平成","6","4","3~4","4tトラックで国道を走行中、交差点で故障のため停車していた24tトレーラーに追突した。","4","運輸交通業","403","道路貨物運送業","","","10~29","2","物上げ装置、運搬機械","22","動力運搬機","","","17","交通事故（道路）"
"648","1994","平成","6","4","8~9","新築住宅の屋根葺き作業中、2階屋根から約2m下の1階屋根に墜落した。","3","建設業","302","建築工事業","","","1~9","4","仮設物、建築物、構築物等","41","仮設物、建築物、構築物等","","","1","墜落、転落"
"649","1994","平成","6","4","11~12","トンネルの覆工に使うずい道型わく支保工(セントル)を橋型クレーンで運搬中、トンネルに取り付けられたセントルの突起物に気付かずに運搬中のセントル付近にいた被災者が、突起物とセントルの間に頭部を挟まれた。","3","建設業","301","土木工事業","","","1~9","4","仮設物、建築物、構築物等","41","仮設物、建築物、構築物等","","","7","はさまれ、巻き込まれ"
"650","1994","平成","6","4","11~12","大型トラックで国道を走行中、道路左側に駐車中の大型トレーラーに追突した。","4","運輸交通業","403","道路貨物運送業","","","50~99","2","物上げ装置、運搬機械","22","動力運搬機","","","17","交通事故（道路）"
"651","1994","平成","6","4","13~14","公共下水道の終末処理場のポンプ室を清掃中、床面の木製覆いを踏み抜き、スクリューポンプ上に墜落し当該ポンプに巻き込まれた。","15","清掃・と畜業","","","","","50~99","4","仮設物、建築物、構築物等","41","仮設物、建築物、構築物等","","","7","はさまれ、巻き込まれ"
"652","1994","平成","6","4","14~15","タクシーで帰社途中、対向車線にはみ出してきた大型ダンプカーと正面衝突した。","4","運輸交通業","402","道路旅客運送業","","","1~9","2","物上げ装置、運搬機械","22","動力運搬機","","","17","交通事故（道路）"
"653","1994","平成","6","4","16~17","資材置場テントの雨漏り防止作業のためテント上を移動中、テントを踏み破り8m下の土間に墜落した。","3","建設業","302","建築工事業","","","10~29","4","仮設物、建築物、構築物等","41","仮設物、建築物、構築物等","","","1","墜落、転落"
"654","1994","平成","6","4","8~9","天井クレーンのランウェイガーダーを清掃中、手摺の中材が外れ、16.8m下に墜落した。","1","製造業","110","鉄鋼業","","","500~999","2","物上げ装置、運搬機械","21","動力クレーン等","","","1","墜落、転落"
"655","1994","平成","6","4","8~9","事業場の資材置場において、2tトラック荷台より荷卸し中、旋回してきたドラグ・ショベルのバケットに頭部を激突された。","3","建設業","301","土木工事業","","","1~9","1","動力機械","14","建設機械等","","","6","激突され"
"656","1994","平成","6","4","10~11","自動軽量包装装置を点検中、同僚が誤って起動スイッチを押したため、機械の中に入っていた被災者が頭部を挟まれた。","1","製造業","117","その他の製造業","","","10~29","1","動力機械","16","一般動力機械","","","7","はさまれ、巻き込まれ"
"657","1994","平成","6","4","11~12","下水道管埋設のために掘った穴(5×2×深さ2.5m)の底に排水ポンプを設置中、土砂が崩壊した。","3","建設業","301","土木工事業","","","30~49","7","環境等","71","環境等","","","5","崩壊、倒壊"
"658","1994","平成","6","4","16~17","橋の改修工事においてバックホウで掘削中、3m下の川床に墜落した。","3","建設業","301","土木工事業","","","10~29","1","動力機械","14","建設機械等","","","1","墜落、転落"
"659","1994","平成","6","4","17~18","桟橋(高さ4.23m)の手摺を溶接中、手摺(高さ約1m)を越えて墜落し、宙吊りになった際に頚部が圧迫された。","3","建設業","301","土木工事業","","","1~9","4","仮設物、建築物、構築物等","41","仮設物、建築物、構築物等","","","1","墜落、転落"
"660","1994","平成","6","4","9~10","会社主催のソフトボール大会において、打球を追っていたショートとレフトが激突し転倒した。","1","製造業","110","鉄鋼業","","","300~499","9","その他","91","その他の起因物","","","3","激突"
"661","1994","平成","6","4","9~10","25tホイールクレーンでL擁壁(3.94t)を吊っていたところ、主巻の玉掛部が外れて擁壁が落下し、その下敷きになった。","3","建設業","301","土木工事業","","","10~29","3","その他の装置等","37","用具","","","4","飛来、落下"
"662","1994","平成","6","4","10~11","鉱山用レール撤去のため邪魔になるアース用ケーブルを法面下のドラグ・ショベルで引っ張ったところ、レール用基礎コンクリート(1.8×0.5×0.5m)が落下し、近くで雑用をしていた被災者を直撃した。","3","建設業","301","土木工事業","","","1~9","1","動力機械","14","建設機械等","","","4","飛来、落下"
"663","1994","平成","6","4","11~12","フライト付ベルトコンベヤーの試運転中、速度確認をするためコンベヤーの覆いの一部を外し上半身を中に入れたところ、稼働中のフライトと覆いの間に挟まれた。","3","建設業","303","その他の建設業","","","1~9","2","物上げ装置、運搬機械","22","動力運搬機","","","7","はさまれ、巻き込まれ"
"664","1994","平成","6","4","14~15","不整地運搬車の荷台を上げその下で修理中、荷台が下がり運転台との間に挟まれた。","8","商業","","","","","1~9","2","物上げ装置、運搬機械","22","動力運搬機","","","7","はさまれ、巻き込まれ"
"665","1994","平成","6","4","15~16","下水道管敷設現場において、発進立坑(深さ8m)より約50m地点の切羽で掘削作業中、落石の下敷きになった。","3","建設業","301","土木工事業","","","30~49","7","環境等","71","環境等","","","5","崩壊、倒壊"
"666","1994","平成","6","4","16~17","漁船上で機械により網を巻き上げていたところ、機械のローラー部に巻き込まれた。","7","畜産・水産業","","","","","1~9","1","動力機械","12","動力伝導機構","","","7","はさまれ、巻き込まれ"
"667","1994","平成","6","4","4~5","冷凍車で走行中、対向してきた積載形移動式クレーンのブームが旋回し、冷凍車のフロントガラスを直撃した。","4","運輸交通業","403","道路貨物運送業","","","10~29","2","物上げ装置、運搬機械","21","動力クレーン等","","","17","交通事故（道路）"
"668","1994","平成","6","4","8~9","積み重ねられた段ボールシート上(高さ70センチメートル)で段ボールの移し替え作業を行なった後、シート上から降りる際、足を滑らせ転倒した。","1","製造業","106","パルプ・紙・紙加工品製造業","","","1~9","5","物質、材料","52","材料","","","2","転倒"
"669","1994","平成","6","4","9~10","新築家屋2階の床張り作業中、不用となったアルミ製歩み板を開口部より1階へ降ろそうとした際、3.13m下のコンクリート土間に墜落した。","3","建設業","302","建築工事業","","","1~9","4","仮設物、建築物、構築物等","41","仮設物、建築物、構築物等","","","1","墜落、転落"
"670","1994","平成","6","4","11~12","取引先へ最寄り駅から徒歩で向う途中、誤って高速道路上に出たため、出口ランプから出ようと歩いていたところ、トラックにひかれた。","9","金融・広告業","","","","","1000~9999","2","物上げ装置、運搬機械","22","動力運搬機","","","17","交通事故（道路）"
"671","1994","平成","6","4","13~14","木造2階建住宅新築工事において建前作業中、組立途中の2階梁上から7.2m下のコンクリート土間に墜落した。","3","建設業","302","建築工事業","","","1~9","4","仮設物、建築物、構築物等","41","仮設物、建築物、構築物等","","","1","墜落、転落"
"672","1994","平成","6","4","16~17","エスカレータの定期点検作業において油漏れ処理作業中、指揮者が作業が完了したと思いエスカレータを起動させたため、頭部を挟まれた。","17","その他の事業","","","","","50~99","2","物上げ装置、運搬機械","22","動力運搬機","","","7","はさまれ、巻き込まれ"
"673","1994","平成","6","4","16~17","ボイラー解体中、ボイラーのダクトの一部が落下して当たった。","3","建設業","303","その他の建設業","","","1~9","3","その他の装置等","31","圧力容器","","","4","飛来、落下"
"674","1994","平成","6","4","17~18","自転車で新聞配達中、国道交差点で乗用車同士の衝突事故が発生し、衝突の弾みで押し出された乗用車が被災者に激突した。","8","商業","","","","","1~9","2","物上げ装置、運搬機械","23","乗物","","","17","交通事故（道路）"
"675","1994","平成","6","4","0~1","大型トラックで走行中、赤信号で停車中の大型トラックに追突した。","4","運輸交通業","403","道路貨物運送業","","","10~29","2","物上げ装置、運搬機械","22","動力運搬機","","","17","交通事故（道路）"
"676","1994","平成","6","4","7~8","軽ワゴン車で食材を配達中、道路右側のコンクリート壁に激突した。","1","製造業","101","食料品製造業","","","50~99","2","物上げ装置、運搬機械","23","乗物","","","17","交通事故（道路）"
"677","1994","平成","6","4","8~9","現場内で不整地運搬車(積載荷重8t)を点検中、操作レバーの操作を誤り、不整地運搬車とともに沢(深さ21m)に転落した。","3","建設業","301","土木工事業","","","10~29","2","物上げ装置、運搬機械","22","動力運搬機","","","1","墜落、転落"
"678","1994","平成","6","4","12~13","橋脚建設現場において土止め支保工上を移動中、4.2m下のコンクリート面に墜落した。","3","建設業","301","土木工事業","","","10~29","4","仮設物、建築物、構築物等","41","仮設物、建築物、構築物等","","","1","墜落、転落"
"679","1994","平成","6","4","14~15","木造建物の棟上げ作業中、桁上(高さ6.75m)で吊り荷を待っていたところ、バランスを崩して墜落した。","3","建設業","302","建築工事業","","","1~9","4","仮設物、建築物、構築物等","41","仮設物、建築物、構築物等","","","1","墜落、転落"
"680","1994","平成","6","4","2~3","国道上の配管地中化工事現場において交通誘導中、乗用車が飛び込んできた。","17","その他の事業","","","","","50~99","2","物上げ装置、運搬機械","23","乗物","","","17","交通事故（道路）"
"681","1994","平成","6","4","10~11","山の中腹の作業場所から20m下の傾斜地で、材の上に腹部打撲で倒れている被災者が発見された。","6","農林業","601","農業","","","1~9","7","環境等","71","環境等","","","5","崩壊、倒壊"
"682","1994","平成","6","4","14~15","施盤で外丸削り加工中、回転する加工物に着衣が巻き込まれ、施盤チェック部の突起で頭部を強打した。","1","製造業","113","一般機械器具製造業","","","1~9","1","動力機械","16","一般動力機械","","","7","はさまれ、巻き込まれ"
"683","1994","平成","6","4","15~16","トラック荷台上で廃油の入ったドラム缶を横倒しにして移動中、微生物のため発生した二酸化炭素によりドラム缶が破裂し、底蓋が胸部に激突した。","1","製造業","108","化学工業","","","50~99","6","荷","61","荷","","","15","破裂"
"684","1994","平成","6","4","16~17","バイクで新聞配達中、国道交差点で運転を誤り、通路脇のガードパイプに衝突した。","8","商業","","","","","30~49","2","物上げ装置、運搬機械","23","乗物","","","17","交通事故（道路）"
"685","1994","平成","6","4","16~17","工事用鋼製水槽の横で吸引ホースの吸込口を調整中、杭穿孔機のロッドを吊上げ旋回してきた移動式クレーンのカウンターウエイトと水槽の間に挟まれた。","3","建設業","301","土木工事業","","","1~9","2","物上げ装置、運搬機械","21","動力クレーン等","","","7","はさまれ、巻き込まれ"
"686","1994","平成","6","4","1~2","掘削現場からダンプカーを道路へ誘導中、保安柵外に出て走行中の乗用車に停止の合図をしていたところ、乗用車にひかれた。","17","その他の事業","","","","","1~9","2","物上げ装置、運搬機械","23","乗物","","","17","交通事故（道路）"
"687","1994","平成","6","4","5~6","養鰻池に隣接するピット内で作業中、池から水と鰻がピット内に流入したため排水口を両足で塞いでいたところ、水位が増して溺れた。","7","畜産・水産業","","","","","10~29","7","環境等","71","環境等","","","10","おぼれ"
"688","1994","平成","6","4","6~7","石油貯蔵施設内において、タンクローリーに軽油を積込中、爆発した。","4","運輸交通業","403","道路貨物運送業","","","10~29","5","物質、材料","51","危険物、有害物等","","","14","爆発"
"689","1994","平成","6","4","9~10","屋根上でトタン板を補修中、塩化ビニル波板を踏み抜き、約4.5m下のコンクリート床に墜落した。","1","製造業","102","繊維工業","","","10~29","4","仮設物、建築物、構築物等","41","仮設物、建築物、構築物等","","","1","墜落、転落"
"690","1994","平成","6","4","9~10","ナラ立木(胸高直径約40センチメートル、高さ17m)を伐倒した際、伐倒木を崖下に降ろすドラグ・ショベルとの連絡作業をしていた被災者が、当該伐倒木の幹に当たった。","3","建設業","301","土木工事業","","","100~299","7","環境等","71","環境等","","","5","崩壊、倒壊"
"691","1994","平成","6","4","11~12","木造2階建住宅を建築中、梁と2階柱の組立をするため通し柱の仮筋交いに足を掛けたところ、5.37m下に墜落した。","3","建設業","302","建築工事業","","","1~9","4","仮設物、建築物、構築物等","41","仮設物、建築物、構築物等","","","1","墜落、転落"
"692","1994","平成","6","4","11~12","災害復旧工事現場において、積み上げた間知ブロックの間にコンクリートを入れていたところ、後方に堆積していた岩石(約1t)が崩壊し、岩石とブロックの間に挟まれた。","3","建設業","301","土木工事業","","","10~29","7","環境等","71","環境等","","","5","崩壊、倒壊"
"693","1994","平成","6","4","13~14","デパート解体工事を終え、隣家の屋根上に載せていた資材を移動式クレーンで地上に降ろそうとしたところ、約5m下のコンクリート床に墜落した。","3","建設業","302","建築工事業","","","30~49","4","仮設物、建築物、構築物等","41","仮設物、建築物、構築物等","","","1","墜落、転落"
"694","1994","平成","6","4","13~14","タイル原料の自動調合機を稼働させたままホッパー内を掃除していたところ、自動移動のホッパーと固定ホッパーに頭部を挟まれた。","1","製造業","109","窯業土石製品製造業","","","50~99","1","動力機械","16","一般動力機械","","","7","はさまれ、巻き込まれ"
"695","1994","平成","6","4","14~15","軽ワゴン車で帰社途中、交差点で左から走行してきたトラックに衝突された。","3","建設業","302","建築工事業","","","1~9","2","物上げ装置、運搬機械","23","乗物","","","17","交通事故（道路）"
"696","1994","平成","6","4","15~16","生産ラインのコンベヤー・リフトからなる搬送装置の故障を修理後、柵を乗り越え装置内に立ち入ったところ、リフトが自動運転で上昇し、リフトの搬器とフレームとの間に頭部を挟まれた。","1","製造業","114","電気機械器具製造業","","","500~999","2","物上げ装置、運搬機械","22","動力運搬機","","","7","はさまれ、巻き込まれ"
"697","1994","平成","6","4","17~18","大型トラックで高速道路を走行中、前方で大型トラックの衝突事故があり、最後尾に追突した。","4","運輸交通業","403","道路貨物運送業","","","30~49","2","物上げ装置、運搬機械","22","動力運搬機","","","17","交通事故（道路）"
"698","1994","平成","6","4","6~7","保冷車で走行中、市道交差点で右折する際、直進してきた乗用車と衝突した。","1","製造業","101","食料品製造業","","","10~29","2","物上げ装置、運搬機械","22","動力運搬機","","","17","交通事故（道路）"
"699","1994","平成","6","4","8~9","ビル新築現場の地下に通じる傾斜した通路上において、ハンマードリルを使って作業中、通路上方に駐車してあったフォークリフトが無人で動き出し、激突された。","3","建設業","302","建築工事業","","","10~29","2","物上げ装置、運搬機械","22","動力運搬機","","","6","激突され"
"700","1994","平成","6","4","9~10","炉の改修工事において炉内の梁をバーナーで溶断中、炉内下部に堆積していた残滓物が発火し、炉の近くにいた被災者が全身火傷を負った。","1","製造業","108","化学工業","","","50~99","5","物質、材料","51","危険物、有害物等","","","16","火災"
"701","1994","平成","6","4","16~17","現場より70ccバイクで帰社途中、鉄製車止めに激突した。","3","建設業","301","土木工事業","","","10~29","2","物上げ装置、運搬機械","23","乗物","","","17","交通事故（道路）"
"702","1994","平成","6","4","5~6","トラックで国道を走行中、信号待ち中の大型トラックに追突した。","4","運輸交通業","403","道路貨物運送業","","","1~9","2","物上げ装置、運搬機械","22","動力運搬機","","","17","交通事故（道路）"
"703","1994","平成","6","4","6~7","50ccバイクで新聞配達中、暴走車と衝突した。","8","商業","","","","","10~29","2","物上げ装置、運搬機械","23","乗物","","","17","交通事故（道路）"
"704","1994","平成","6","4","7~8","パチンコ店内においてスロットマシンを調整中、タイル張り床面上に転倒し頭部を強打した。","14","接客娯楽業","","","","","10~29","4","仮設物、建築物、構築物等","41","仮設物、建築物、構築物等","","","2","転倒"
"705","1994","平成","6","4","7~8","刺網漁の操業中、海中に転落した。","7","畜産・水産業","","","","","1~9","7","環境等","71","環境等","","","10","おぼれ"
"706","1994","平成","6","4","8~9","普通乗用車で現場へ向う途中、停車中のトラックに追突した。","17","その他の事業","","","","","100~299","2","物上げ装置、運搬機械","23","乗物","","","17","交通事故（道路）"
"707","1994","平成","6","4","8~9","クローラクレーンのジブ(長さ27.4m)を解体中、起伏ワイヤで支持した状態で中間ジブ接続ピンの下側2本を外したため、ジブが下方に折れ曲がりその下敷きになった。","8","商業","","","","","10~29","2","物上げ装置、運搬機械","21","動力クレーン等","","","4","飛来、落下"
"708","1994","平成","6","4","13~14","新造船の救命艇をジブクレーンで桟橋に吊りおろす際、救命艇に乗り玉掛ワイヤロープを艇の自尾と自首に掛け、ボートグビットの補助ワイヤロープを外して離脱装置を操作したところ、約7m下に墜落した。","1","製造業","115","輸送用機械等製造業","","","500~999","2","物上げ装置、運搬機械","21","動力クレーン等","","","1","墜落、転落"
"709","1994","平成","6","4","13~14","新造船の救命艇をジブクレーンで桟橋に吊りおろす際、救命艇に乗り玉掛ワイヤロープを艇の自尾と自首に掛け、ボートグビットの補助ワイヤロープを外して離脱装置を操作したところ、約7m下に墜落した。","1","製造業","115","輸送用機械等製造業","","","500~999","2","物上げ装置、運搬機械","21","動力クレーン等","","","1","墜落、転落"
"710","1994","平成","6","4","14~15","天井クレーン(高さ7.4m)の走行レール上において、工場の外壁張り替え作業中、墜落した。","1","製造業","112","金属製品製造業","","","10~29","4","仮設物、建築物、構築物等","41","仮設物、建築物、構築物等","","","1","墜落、転落"
"711","1994","平成","6","4","14~15","マンションの基礎工事中、クローラクレーンで吊り上げたケーシングを鋼管杭押し込みジャッキの穴に降ろしたところ、穴を覗いていた被災者の頭部が挟まれた。","3","建設業","302","建築工事業","","","10~29","1","動力機械","14","建設機械等","","","7","はさまれ、巻き込まれ"
"712","1994","平成","6","4","15~16","護岸ブロックの基礎となるPC杭を打ち込む作業中、杭心を修正するため杭打機の巻上げワイヤで杭を引き抜いていたところ、杭が折れ、ワイヤにぶら下がった部分が頭部を直撃した。","3","建設業","301","土木工事業","","","1~9","1","動力機械","14","建設機械等","","","6","激突され"
"713","1994","平成","6","4","16~17","干潮時に岬から50m離れた小島へ渡り、測量作業を行った後、浅瀬を渡って戻る途中、水深1.5mの深みに足を取られて溺れた。","17","その他の事業","","","","","1~9","7","環境等","71","環境等","","","10","おぼれ"
"714","1994","平成","6","4","16~17","粉体輸送用車輌のタンク上でハッチを開けた際、タンク内の残圧によりハッチが急激に開いたため、弾みで地上へ墜落した。","4","運輸交通業","403","道路貨物運送業","","","30~49","2","物上げ装置、運搬機械","22","動力運搬機","","","1","墜落、転落"
"715","1994","平成","6","4","1~2","大型トラックで走行中、対向車線にはみ出し大型トラックと正面衝突した。","4","運輸交通業","403","道路貨物運送業","","","30~49","2","物上げ装置、運搬機械","22","動力運搬機","","","17","交通事故（道路）"
"716","1994","平成","6","4","9~10","高速道路を走行中、水たまりにハンドルを取られて中央分離帯に衝突し、助手席の被災者が車外に放り出された。","8","商業","","","","","10~29","2","物上げ装置、運搬機械","23","乗物","","","17","交通事故（道路）"
"717","1994","平成","6","4","11~12","競馬場の内装改修工事中、火災が発生し多量のガスを吸入した。","3","建設業","302","建築工事業","","","1~9","5","物質、材料","51","危険物、有害物等","","","12","有害物等との接触"
"718","1994","平成","6","4","14~15","測量のための測点ピンを打込中、交差点を右折してきたトラックにはねられた。","3","建設業","301","土木工事業","","","10~29","2","物上げ装置、運搬機械","22","動力運搬機","","","17","交通事故（道路）"
"719","1994","平成","6","4","15~16","鉄筋2階建住宅の2階屋上で防水シート張り作業中、6m下の地上に墜落した。","3","建設業","302","建築工事業","","","1~9","4","仮設物、建築物、構築物等","41","仮設物、建築物、構築物等","","","1","墜落、転落"
"720","1994","平成","6","4","16~17","鉱山でホイールローダーによりズリを運搬中、横転したホイールローダーの下敷きになった。","2","鉱業","203","その他の鉱業","","","10~29","2","物上げ装置、運搬機械","22","動力運搬機","","","2","転倒"
"721","1994","平成","6","4","20~21","海外出張からの帰国途中、乗っていた飛行機が墜落した。","1","製造業","114","電気機械器具製造業","","","500~999","2","物上げ装置、運搬機械","23","乗物","","","18","交通事故（その他）"
"722","1994","平成","6","4","20~21","台湾出張の帰路、乗っていた飛行機が墜落した。","8","商業","","","","","100~299","2","物上げ装置、運搬機械","23","乗物","","","18","交通事故（その他）"
"723","1994","平成","6","4","20~21","海外出張からの帰国途中、搭乗した飛行機が墜落した。","1","製造業","113","一般機械器具製造業","","","100~299","2","物上げ装置、運搬機械","23","乗物","","","18","交通事故（その他）"
"724","1994","平成","6","4","20~21","添乗員として台湾旅行に同行し帰国する際、乗っていた飛行機が墜落した。","9","金融・広告業","","","","","30~49","2","物上げ装置、運搬機械","23","乗物","","","18","交通事故（その他）"
"725","1994","平成","6","4","20~21","添乗員として台湾旅行に同行し帰国する際、乗っていた飛行機が墜落した。","9","金融・広告業","","","","","10~29","2","物上げ装置、運搬機械","23","乗物","","","18","交通事故（その他）"
"726","1994","平成","6","4","20~21","添乗員として台湾旅行に同行し帰国する際、乗っていた飛行機が墜落した。","9","金融・広告業","","","","","1~9","2","物上げ装置、運搬機械","23","乗物","","","18","交通事故（その他）"
"727","1994","平成","6","4","21~22","社有車で帰社途中、高速道路の中央分離帯ガードレールに接触し、車両が炎上した。","9","金融・広告業","","","","","1~9","2","物上げ装置、運搬機械","23","乗物","","","17","交通事故（道路）"
"728","1994","平成","6","4","5~6","大型トラックで高速道路を走行中、渋滞で停車中の大型トラックに追突した。","4","運輸交通業","403","道路貨物運送業","","","10~29","2","物上げ装置、運搬機械","22","動力運搬機","","","17","交通事故（道路）"
"729","1994","平成","6","4","8~9","旋盤でボルト導体の切削加工中、ボルトに手袋が絡まって左腕が巻き込まれ転倒した際、旋盤のチャックで頭部を打った。","1","製造業","112","金属製品製造業","","","10~29","1","動力機械","16","一般動力機械","","","7","はさまれ、巻き込まれ"
"730","1994","平成","6","4","8~9","校庭造園工事において、ドラグ・ショベルのバケットに木(コンクリート支柱)を積んだパレット(465キログラム)を吊上げ旋回中、機体横を通り抜けようとした被災者が、ジャングルジムと機体の間に挟まれた。","3","建設業","301","土木工事業","","","1~9","1","動力機械","14","建設機械等","","","7","はさまれ、巻き込まれ"
"731","1994","平成","6","4","10~11","リーチフォークリフト上の荷(インスタントラーメン2ダース)を商品収納用ラックに収納中、墜落した。","8","商業","","","","","50~99","2","物上げ装置、運搬機械","22","動力運搬機","","","1","墜落、転落"
"732","1994","平成","6","4","11~12","一般道を走行中の乗用車が脱輪して約2m下の宅地に転落し、そこで整地作業をしていた被災者に激突した。","3","建設業","301","土木工事業","","","10~29","2","物上げ装置、運搬機械","23","乗物","","","6","激突され"
"733","1994","平成","6","4","12~13","4階建木造住宅新築現場において、駐車場のコンクリート打設のためリモコンによりコンクリートポンプ車の遠隔操作を行っていたところ、油圧シリンダーの異常によりブームが急降下し、激突された。","3","建設業","302","建築工事業","","","1~9","1","動力機械","14","建設機械等","","","6","激突され"
"734","1994","平成","6","4","13~14","トラッククレーン(つり上げ荷重35t)によりコンクリート製品を吊り上げ右旋回したところ、クレーンが転倒し、操作していた被災者がキャビンフレームと地面との間に挟まれた。","1","製造業","109","窯業土石製品製造業","","","30~49","2","物上げ装置、運搬機械","21","動力クレーン等","","","2","転倒"
"735","1994","平成","6","4","14~15","小型パワー・ショベルで留め枡を吊上げ旋回し、排水路に設置しようとしたところ、パワー・ショベルとともに転倒した。","3","建設業","301","土木工事業","","","10~29","1","動力機械","14","建設機械等","","","2","転倒"
"736","1994","平成","6","4","6~7","10tトラックで高速道路を走行中、前方のトラックが起こした追突事故を避けようとハンドルを切ったが避けきれず、トラックに激突した。","4","運輸交通業","403","道路貨物運送業","","","10~29","2","物上げ装置、運搬機械","22","動力運搬機","","","17","交通事故（道路）"
"737","1994","平成","6","4","9~10","フォークリフトで大型トラックの荷台よりガラス運搬用木製パレットをおろす作業中、フォークリフトが転倒しその下敷きになった。","5","貨物取扱業","501","陸上貨物取扱業","","","100~299","2","物上げ装置、運搬機械","22","動力運搬機","","","2","転倒"
"738","1994","平成","6","4","9~10","出張先において車で移動中、別の車と衝突した。","1","製造業","101","食料品製造業","","","100~299","2","物上げ装置、運搬機械","23","乗物","","","17","交通事故（道路）"
"739","1994","平成","6","4","9~10","バイクで得意先に向う途中、交差点で左から進入してきたワゴン車と衝突した。","9","金融・広告業","","","","","1~9","2","物上げ装置、運搬機械","23","乗物","","","17","交通事故（道路）"
"740","1994","平成","6","4","15~16","生コン搬入現場付近の町道において、荷卸しのためミキサー車を後進させていたところ、路肩より約2m下の河川床に転落した。","1","製造業","109","窯業土石製品製造業","","","1~9","2","物上げ装置、運搬機械","22","動力運搬機","","","17","交通事故（道路）"
"741","1994","平成","6","4","7~8","工場の階段を2階から1階へ降りていく途中、転落した。","1","製造業","101","食料品製造業","","","100~299","4","仮設物、建築物、構築物等","41","仮設物、建築物、構築物等","","","1","墜落、転落"
"742","1994","平成","6","4","9~10","工場内においてフォークリフトで木工機械を運搬中、機械に載せていたホースを直そうとしてフォークリフトにひかれた。","1","製造業","104","木材・木製品製造業","","","100~299","2","物上げ装置、運搬機械","22","動力運搬機","","","7","はさまれ、巻き込まれ"
"743","1994","平成","6","4","16~17","排水管の修繕工事中、排水管を掘り出すためドラグ・ショベルで4m程掘削し、確認のため穴に入ったところ、周辺の盛土が崩れ落ちた。","3","建設業","302","建築工事業","","","1~9","7","環境等","71","環境等","","","5","崩壊、倒壊"
"744","1994","平成","6","4","16~17","杉(胸高直径約30センチメートル)をチェーンソーで伐倒中、切り口が裂けて激突した。","3","建設業","301","土木工事業","","","1~9","7","環境等","71","環境等","","","6","激突され"
"745","1994","平成","6","4","0~1","乗用車で国道交差点を通行中、左側から暴走してきた乗用車に追突された。","17","その他の事業","","","","","30~49","2","物上げ装置、運搬機械","23","乗物","","","17","交通事故（道路）"
"746","1994","平成","6","4","9~10","加工場内において、フォークリフトで木製型わく材料を持ち上げたところ荷崩れを起こし、材料を手で支えていた被災者に激突した。","3","建設業","302","建築工事業","","","1~9","2","物上げ装置、運搬機械","22","動力運搬機","","","5","崩壊、倒壊"
"747","1994","平成","6","4","9~10","機械式ゴミ収集車でゴミ収集中、収集車を後進させた際、誘導していた被災者がひかれた。","15","清掃・と畜業","","","","","1~9","2","物上げ装置、運搬機械","22","動力運搬機","","","17","交通事故（道路）"
"748","1994","平成","6","4","13~14","駐車中のトラックに戻る途中、走行してきたバイクにはねられた。","1","製造業","117","その他の製造業","","","1~9","2","物上げ装置、運搬機械","23","乗物","","","17","交通事故（道路）"
"749","1994","平成","6","4","14~15","2階床面の物品揚げ降ろし口より空き缶等を投下中、当該開口部より約7m下の1階床面に墜落した。","1","製造業","106","パルプ・紙・紙加工品製造業","","","50~99","4","仮設物、建築物、構築物等","41","仮設物、建築物、構築物等","","","1","墜落、転落"
"750","1994","平成","6","4","15~16","自社の修繕岸壁に停泊中の修繕船のエンジンルーム内において機械の試運転中、着用していた安全帯のベルトと収納袋が、機械の駆動軸カップリングに巻き込まれた。","1","製造業","115","輸送用機械等製造業","","","300~499","1","動力機械","12","動力伝導機構","","","7","はさまれ、巻き込まれ"
"751","1994","平成","6","4","19~20","バイクで集金途中、交差点で右折した際、左から直進してきた乗用車と衝突した。","8","商業","","","","","1~9","2","物上げ装置、運搬機械","23","乗物","","","17","交通事故（道路）"
"752","1994","平成","6","5","9~10","橋桁の型わく解体工事において、支保工ブレスの取付ボルトのナットを緩める作業中、足場板上から4.6m下に墜落した。","3","建設業","301","土木工事業","","","30~49","4","仮設物、建築物、構築物等","41","仮設物、建築物、構築物等","","","1","墜落、転落"
"753","1994","平成","6","5","13~14","遊園地内のスペースシャトル運行中、乗客が落としたタバコの箱をプラットホームに拾いに行ったところ、スペースシャトルの左翼に頭部を激突された。","14","接客娯楽業","","","","","1000~9999","2","物上げ装置、運搬機械","21","動力クレーン等","","","6","激突され"
"754","1994","平成","6","5","14~15","自社の資材置場において、木材乾燥設備から木材の載った台車を引き出した際、台車が傾いたため載っていた木材が崩れ落ち、頭部に当たった。","3","建設業","302","建築工事業","","","10~29","6","荷","61","荷","","","5","崩壊、倒壊"
"755","1994","平成","6","5","5~6","営業先より乗用車で帰社途中、運転を誤り国道脇の反射式大型標識に激突した。","8","商業","","","","","1~9","2","物上げ装置、運搬機械","23","乗物","","","17","交通事故（道路）"
"756","1994","平成","6","5","9~10","生コン車で仮設道路を後進中、路肩が崩れ川(深さ4m)に転落した。","1","製造業","109","窯業土石製品製造業","","","10~29","2","物上げ装置、運搬機械","22","動力運搬機","","","10","おぼれ"
"757","1994","平成","6","5","10~11","ゴミ焼却場新築現場において不整地運搬車でU字溝を運搬中、不整地運搬車と建設中の建屋の柱の間に挟まれた。","3","建設業","301","土木工事業","","","1~9","2","物上げ装置、運搬機械","22","動力運搬機","","","7","はさまれ、巻き込まれ"
"758","1994","平成","6","5","10~11","屋外駐車場で車を誘導中、誘導していた車が駐車場のフェンスを突き破り、被災者もろとも地上に墜落した。","17","その他の事業","","","","","30~49","2","物上げ装置、運搬機械","23","乗物","","","6","激突され"
"759","1994","平成","6","5","15~16","大型ヒューム管の型わく組立中、型わく端部にフランジ(径2m、1t)を固定する際、仮にはめ込んだフランジをカケヤで叩いたところ、フランジが外れ下敷きになった。","1","製造業","109","窯業土石製品製造業","","","1~9","4","仮設物、建築物、構築物等","41","仮設物、建築物、構築物等","","","4","飛来、落下"
"760","1994","平成","6","5","15~16","倉庫2階において段ボール箱のはい替え作業中、肩に担いでいた段ボール箱のバンドが切れてバランスを崩し、物品揚げ降ろし口より3.3m下の1階床に墜落した。","8","商業","","","","","10~29","4","仮設物、建築物、構築物等","41","仮設物、建築物、構築物等","","","1","墜落、転落"
"761","1994","平成","6","5","15~16","潅漑用ポンプ小屋の井戸(内径1m、水面までの深さ3.9m)内部の垂直梯子に乗り、汲み上げ用配管の塗装関連作業中、シンナー中毒になり転落した。","3","建設業","303","その他の建設業","","","1~9","5","物質、材料","51","危険物、有害物等","","","12","有害物等との接触"
"762","1994","平成","6","5","0~1","タクシーに客を乗せて走行中、行方不明になり、工事現場付近に倒れているところを発見された。","4","運輸交通業","402","道路旅客運送業","","","100~299","9","その他","99","分類不能","","","99","分類不能"
"763","1994","平成","6","5","10~11","マンションの階段を清掃中、階段から転落した。","15","清掃・と畜業","","","","","10~29","4","仮設物、建築物、構築物等","41","仮設物、建築物、構築物等","","","1","墜落、転落"
"764","1994","平成","6","5","5~6","バイクで新聞配達中、交差点を左折した際トラックと衝突した。","8","商業","","","","","50~99","2","物上げ装置、運搬機械","23","乗物","","","17","交通事故（道路）"
"765","1994","平成","6","5","19~20","右折して駐車場へ進入する車両を車道へ出て誘導中、ライトバンにはねられた。","17","その他の事業","","","","","30~49","2","物上げ装置、運搬機械","22","動力運搬機","","","17","交通事故（道路）"
"766","1994","平成","6","5","14~15","護岸用ブロック製造ラインにおいて、原料をミキサーへ投入するシュートの固定用架台に取り付けられた梯子を昇っていたところ、原料の投入を終えた運搬用バケットが走行してきて、バケットとシュート上部の間に頭部を挟まれた。","1","製造業","109","窯業土石製品製造業","","","10~29","2","物上げ装置、運搬機械","21","動力クレーン等","","","7","はさまれ、巻き込まれ"
"767","1994","平成","6","5","15~16","ブル・ドーザーで整地作業中、ブル・ドーザーの左側クローラと地面の間に頭部を挟まれた。","3","建設業","301","土木工事業","","","10~29","1","動力機械","14","建設機械等","","","7","はさまれ、巻き込まれ"
"768","1994","平成","6","5","0~1","タクシー乗務中、客にナイフで胸を刺された。","4","運輸交通業","402","道路旅客運送業","","","50~99","9","その他","91","その他の起因物","","","99","分類不能"
"769","1994","平成","6","5","0~1","既設建物改修工事において、常設ゴンドラ(電動式アーム固定型、積載荷重0.2t)に乗り軌道を約1m走行したところ、ゴンドラとともに約30m下の公道に墜落した。","3","建設業","302","建築工事業","","","500~999","2","物上げ装置、運搬機械","21","動力クレーン等","","","1","墜落、転落"
"770","1994","平成","6","5","10~11","軍需工場跡の地下壕横穴に入り、映画ロケの下見をしていたところ、立坑(深さ50m)に転落した。","10","映画・演劇業","","","","","1~9","4","仮設物、建築物、構築物等","41","仮設物、建築物、構築物等","","","1","墜落、転落"
"771","1994","平成","6","5","10~11","木造2階建住宅新築現場において、休憩を取るため2階から1階に降りる途中、4m下のコンクリート床に転落した。","3","建設業","302","建築工事業","","","1~9","4","仮設物、建築物、構築物等","41","仮設物、建築物、構築物等","","","1","墜落、転落"
"772","1994","平成","6","5","11~12","商業用写真撮影のためセスナ機で飛行中、山中に墜落した。","4","運輸交通業","401","鉄道・軌道・水運・航空業","","","1~9","2","物上げ装置、運搬機械","23","乗物","","","18","交通事故（その他）"
"773","1994","平成","6","5","11~12","商業用写真撮影のためセスナ機で飛行中、山中に墜落した。","4","運輸交通業","401","鉄道・軌道・水運・航空業","","","1~9","2","物上げ装置、運搬機械","23","乗物","","","18","交通事故（その他）"
"774","1994","平成","6","5","15~16","撹拌機の中からカレー粉を右手で取り出していたところ、撹拌機の羽根に手を巻き込まれた。","1","製造業","101","食料品製造業","","","10~29","1","動力機械","16","一般動力機械","","","7","はさまれ、巻き込まれ"
"775","1994","平成","6","5","18~19","エアープレスでプラスチック製品を成形加工中、プレスの上型と下型の間についたゴミを取り除く際、頭部を入れたままの状態で起動スイッチを押したため挟まれた。","1","製造業","108","化学工業","","","30~49","1","動力機械","16","一般動力機械","","","7","はさまれ、巻き込まれ"
"776","1994","平成","6","5","16~17","バイクで釣り銭の両替に行く途中、前車が駐車場へ進入するため左折したところに突っ込んだ。","14","接客娯楽業","","","","","10~29","2","物上げ装置、運搬機械","23","乗物","","","17","交通事故（道路）"
"777","1994","平成","6","5","17~18","ドラグ・ショベルでトラックに資材を積み込んだ後、退避していたところ、バランスを崩し法面下4mに転落した。","3","建設業","302","建築工事業","","","1~9","7","環境等","71","環境等","","","1","墜落、転落"
"778","1994","平成","6","5","4~5","自転車で新聞配達中、後方より走行してきたライトバンにひかれた。","8","商業","","","","","100~299","2","物上げ装置、運搬機械","23","乗物","","","17","交通事故（道路）"
"779","1994","平成","6","5","9~10","事業場内採石場において一輪車でゴミを運搬中、後進してきたトラクター・ショベルにひかれた。","1","製造業","109","窯業土石製品製造業","","","10~29","1","動力機械","14","建設機械等","","","7","はさまれ、巻き込まれ"
"780","1994","平成","6","5","13~14","現場事務所の階段中段付近より転落した。","12","教育・研究業","","","","","10~29","4","仮設物、建築物、構築物等","41","仮設物、建築物、構築物等","","","1","墜落、転落"
"781","1994","平成","6","5","15~16","工事現場内でコンクリートカッターに注油する際、燃料缶の蓋を開けたところ、ガソリンが吹き出て引火した。","3","建設業","301","土木工事業","","","1~9","5","物質、材料","51","危険物、有害物等","","","11","高温・低温の物との接触"
"782","1994","平成","6","5","16~17","道路下の穴(深さ1.45m)の中でマンホール設置作業中、ドラグ・ショベルに立て掛けていた鉄板が滑り落ち、鉄板とマンホールの間に挟まれた。","3","建設業","301","土木工事業","","","1~9","5","物質、材料","52","材料","","","4","飛来、落下"
"783","1994","平成","6","5","8~9","工事現場でトラックから特殊ブロックを荷卸し中、トラッククレーンでブロックを1枚降ろした後、トラック上方に吊具を戻して降下させる際、吊具が急降下しトラック荷台上にいた被災者を直撃した。","4","運輸交通業","403","道路貨物運送業","","","10~29","2","物上げ装置、運搬機械","21","動力クレーン等","","","4","飛来、落下"
"784","1994","平成","6","5","14~15","建前作業中、2階床の梁の間から3.7m下の1階土間に墜落した。","3","建設業","302","建築工事業","","","1~9","4","仮設物、建築物、構築物等","41","仮設物、建築物、構築物等","","","1","墜落、転落"
"785","1994","平成","6","5","14~15","養鶏場から道路に出たところ、後進してきた大型トラックにひかれた。","7","畜産・水産業","","","","","1~9","2","物上げ装置、運搬機械","22","動力運搬機","","","17","交通事故（道路）"
"786","1994","平成","6","5","23~24","営業先より乗用車で帰社途中、対向車線にはみ出しトラックと正面衝突した。","8","商業","","","","","1~9","2","物上げ装置、運搬機械","23","乗物","","","17","交通事故（道路）"
"787","1994","平成","6","5","8~9","工場新築現場の深さ約1mの路床よりブル・ドーザーで地上に上がる際、ブル・ドーザーの運転席から投げ出され、キャタピラでひかれた。","3","建設業","302","建築工事業","","","1~9","1","動力機械","14","建設機械等","","","7","はさまれ、巻き込まれ"
"788","1994","平成","6","5","9~10","土止め支保工組立作業中、次の作業箇所へ移動する際、切梁上より3.8m下の掘削床面に墜落した。","3","建設業","302","建築工事業","","","10~29","4","仮設物、建築物、構築物等","41","仮設物、建築物、構築物等","","","1","墜落、転落"
"789","1994","平成","6","5","14~15","掘削溝(幅約2m、深さ約3m)内でヒューム管の敷設作業中、掘削面の土砂が崩壊した。","3","建設業","301","土木工事業","","","1~9","7","環境等","71","環境等","","","5","崩壊、倒壊"
"790","1994","平成","6","5","17~18","事業場横の側溝を清掃中、沈殿槽に転落した。","1","製造業","109","窯業土石製品製造業","","","10~29","4","仮設物、建築物、構築物等","41","仮設物、建築物、構築物等","","","10","おぼれ"
"791","1994","平成","6","5","9~10","産業廃棄物処分場において運んできた廃棄物をおろす際、トラック荷台に上りシートを外していたところ、後進してきたトラックに激突され、トラックとともに処分場に転落した。","15","清掃・と畜業","","","","","1~9","2","物上げ装置、運搬機械","22","動力運搬機","","","6","激突され"
"792","1994","平成","6","5","10~11","トラックのあおりの手摺を使い荷台に上がろうとしたところ、足を滑らせ地面に転落した。","15","清掃・と畜業","","","","","10~29","2","物上げ装置、運搬機械","23","乗物","","","1","墜落、転落"
"793","1994","平成","6","5","10~11","エレベーターの性能検査を終え、ガイドレールの間隔を測定するため点検用シャッターから上半身を昇降路に入れたところ、上昇中の搬器のカウンターウエイトが降下してきて頭部を挟まれた。","1","製造業","117","その他の製造業","","","1~9","2","物上げ装置、運搬機械","21","動力クレーン等","","","7","はさまれ、巻き込まれ"
"794","1994","平成","6","5","11~12","車で顧客先へ向う途中、橋の欄干に激突した。","8","商業","","","","","1~9","2","物上げ装置、運搬機械","23","乗物","","","17","交通事故（道路）"
"795","1994","平成","6","5","14~15","ずい道内において、シールド掘削機に接続する電源台車(キュービクル台車)周辺で清掃作業中、電源台車が転倒しその下敷きになった。","3","建設業","301","土木工事業","","","10~29","1","動力機械","14","建設機械等","","","7","はさまれ、巻き込まれ"
"796","1994","平成","6","5","14~15","集水井建設現場の集水井(深さ13m)に足場とともに転落し、溺れた。","3","建設業","301","土木工事業","","","1~9","4","仮設物、建築物、構築物等","41","仮設物、建築物、構築物等","","","10","おぼれ"
"797","1994","平成","6","5","8~9","木造住宅の2階屋根の瓦葺き作業中、軒先から6.6m下の地上へ転落した。","3","建設業","302","建築工事業","","","10~29","4","仮設物、建築物、構築物等","41","仮設物、建築物、構築物等","","","1","墜落、転落"
"798","1994","平成","6","5","9~10","法面上でコンクリートブロックの積み上げ作業中、他の法面上にあった岩(100×60×50センチメートル)が転げ落ちてきた。","3","建設業","301","土木工事業","","","1~9","7","環境等","71","環境等","","","4","飛来、落下"
"799","1994","平成","6","5","12~13","軽自動車で寝たきり老人宅へ弁当を配達し事業場へ戻る途中、対向してきた大型トラックを避けようとして農地に転落した。","13","保健・衛生業","","","","","30~49","2","物上げ装置、運搬機械","23","乗物","","","17","交通事故（道路）"
"800","1994","平成","6","5","13~14","シュレッター工場内においてコンベヤーを清掃後、ベルトのズレ止めプーリーのシャフトに巻き込まれた。","1","製造業","110","鉄鋼業","","","50~99","2","物上げ装置、運搬機械","22","動力運搬機","","","7","はさまれ、巻き込まれ"
"801","1994","平成","6","5","14~15","トイレの軒を取付中、乗っていた脚立が倒れ、コンクリート床上に墜落した。","3","建設業","303","その他の建設業","","","1~9","3","その他の装置等","37","用具","","","1","墜落、転落"
"802","1994","平成","6","5","15~16","資材置場において、クローラクレーンで吊ったケーシング(鉄パイプ、径25センチメートル、長さ12m、2t)を10tトラックに積込中、ケーシングの吊り方不良のためケーシングとトラック荷台に挟まれた。","3","建設業","302","建築工事業","","","1~9","2","物上げ装置、運搬機械","21","動力クレーン等","","","7","はさまれ、巻き込まれ"
"803","1994","平成","6","5","15~16","ザイザーでオーディオラック底板(40×120×4.5センチメートル)を加工中、押さえローラーが効かず、のこ刃の回転力で前に飛び出した材料が腹部に当たった。","1","製造業","105","家具・装備品製造業","","","10~29","1","動力機械","13","木材加工用機械","","","4","飛来、落下"
"804","1994","平成","6","5","5~6","ライトバンで高速道路を走行中、ガードレールに激突した。","15","清掃・と畜業","","","","","10~29","2","物上げ装置、運搬機械","23","乗物","","","17","交通事故（道路）"
"805","1994","平成","6","5","10~11","刈払機で下刈作業中、刃が切株に当たった反動で左足に当たった。","6","農林業","601","農業","","","30~49","1","動力機械","13","木材加工用機械","","","8","切れ、こすれ"
"806","1994","平成","6","5","13~14","1階屋根上に組んだだき足場で作業中、地面に墜落した。","3","建設業","302","建築工事業","","","1~9","4","仮設物、建築物、構築物等","41","仮設物、建築物、構築物等","","","1","墜落、転落"
"807","1994","平成","6","5","14~15","ローリングタワー(高さ3.6m)と建屋(高さ2.6m)の間に足場板(幅21センチメートル、長さ4m)を2枚重ねで渡した上で塗装作業中、足場板が折れ墜落した。","3","建設業","302","建築工事業","","","10~29","4","仮設物、建築物、構築物等","41","仮設物、建築物、構築物等","","","1","墜落、転落"
"808","1994","平成","6","5","9~10","排水管の入れ替え工事現場において、丁張の準備として掘削溝底部をスコップで整形中、側面の土砂が崩壊した。","3","建設業","301","土木工事業","","","1~9","7","環境等","71","環境等","","","5","崩壊、倒壊"
"809","1994","平成","6","5","18~19","硬式野球部関東大会の試合終了後、大会本部指定宿舎に向うため高速道路を走行中、スリップして中央分離帯付近に停車したところ、後続のトラックに追突された。","12","教育・研究業","","","","","1~9","2","物上げ装置、運搬機械","23","乗物","","","17","交通事故（道路）"
"810","1994","平成","6","5","6~7","4tトラックで国道を走行中、ガードレールを突き破り20m下の谷川に転落した。","4","運輸交通業","403","道路貨物運送業","","","30~49","2","物上げ装置、運搬機械","22","動力運搬機","","","17","交通事故（道路）"
"811","1994","平成","6","5","8~9","屑単板をチップにする作業中、チッパーに連結しているベルトコンベヤーとチッパーのローラーの間に巻き込まれた。","1","製造業","104","木材・木製品製造業","","","50~99","2","物上げ装置、運搬機械","22","動力運搬機","","","7","はさまれ、巻き込まれ"
"812","1994","平成","6","5","10~11","鋳物の砂型を硬化させる工程のラインが動かないため、密閉容器の上蓋とコンベヤーの間に上体を入れたところリミットスイッチに触れ、降下してきた上蓋に挟まれた。","1","製造業","110","鉄鋼業","","","100~299","1","動力機械","16","一般動力機械","","","7","はさまれ、巻き込まれ"
"813","1994","平成","6","5","10~11","農業用排水溝に掛かる橋の上から水を汲み上げていたところ、排水溝に滑り落ちた。","3","建設業","301","土木工事業","","","10~29","7","環境等","71","環境等","","","10","おぼれ"
"814","1994","平成","6","5","11~12","自社の植木・庭石置場において植木の剪定作業中、脚立から墜落した。","3","建設業","301","土木工事業","","","1~9","3","その他の装置等","37","用具","","","1","墜落、転落"
"815","1994","平成","6","5","12~13","工場内の連続加熱炉において、加熱炉底部にある油圧シリンダー部のピンを点検修理中、その固定部との間に頭部を挟まれた。","1","製造業","110","鉄鋼業","","","30~49","3","その他の装置等","34","炉窯等","","","7","はさまれ、巻き込まれ"
"816","1994","平成","6","5","16~17","ドラグ・ショベルで掘削した溝内部で整地作業中、近接のコンクリートブロック塀が倒壊した。","3","建設業","301","土木工事業","","","1~9","4","仮設物、建築物、構築物等","41","仮設物、建築物、構築物等","","","5","崩壊、倒壊"
"817","1994","平成","6","5","3~4","地下へ資材を搬入中、覆工板の開口部より14.5m下の地下床面に墜落した。","3","建設業","301","土木工事業","","","30~49","4","仮設物、建築物、構築物等","41","仮設物、建築物、構築物等","","","1","墜落、転落"
"818","1994","平成","6","5","10~11","大型トラックにブル・ドーザーを積みトンネルを通行中、高さ制限アーチに接触したためブル・ドーザー上で被災者が確認していたところ、運転手がトラックを後進させたためアーチとブル・ドーザーに挟まれた。","4","運輸交通業","403","道路貨物運送業","","","10~29","2","物上げ装置、運搬機械","22","動力運搬機","","","7","はさまれ、巻き込まれ"
"819","1994","平成","6","5","11~12","営業所の積層棚工事に立ち会い中、無くなった電気配線用ビニールテープの代品を持って現場に上がったところ、十分に固定されていない床材を踏み、墜落した。","8","商業","","","","","1~9","4","仮設物、建築物、構築物等","41","仮設物、建築物、構築物等","","","1","墜落、転落"
"820","1994","平成","6","5","13~14","公園内の法面(勾配70度)上部で立木の枝打ち作業中、足を滑らせ斜面を転落した。","14","接客娯楽業","","","","","10~29","7","環境等","71","環境等","","","1","墜落、転落"
"821","1994","平成","6","5","17~18","軽トラックに同乗し帰社途中、交差点で乗用車に衝突された。","3","建設業","301","土木工事業","","","1~9","2","物上げ装置、運搬機械","22","動力運搬機","","","17","交通事故（道路）"
"822","1994","平成","6","5","22~23","高速道路上でパンクしたタイヤを交換中、走行してきた大型トラックにはねられた。","1","製造業","101","食料品製造業","","","50~99","2","物上げ装置、運搬機械","22","動力運搬機","","","17","交通事故（道路）"
"823","1994","平成","6","5","9~10","ワゴン車で製品を運搬中、信号機のない交差点で右から進入してきた乗用車と衝突した。","1","製造業","103","衣服その他の繊維製品製造業","","","10~29","2","物上げ装置、運搬機械","23","乗物","","","17","交通事故（道路）"
"824","1994","平成","6","5","9~10","道路改良工事現場でガードマンとして就労中、後進してきたマカダム・ローラーが道路標識を倒し、近くにいた被災者に激突した。","17","その他の事業","","","","","30~49","1","動力機械","14","建設機械等","","","6","激突され"
"825","1994","平成","6","5","9~10","エンジンを掛けた4tトラックの前輪から車輪止めを外したところ、動き出したトラックにひかれた。","5","貨物取扱業","501","陸上貨物取扱業","","","1~9","2","物上げ装置、運搬機械","22","動力運搬機","","","7","はさまれ、巻き込まれ"
"826","1994","平成","6","5","11~12","線路で測量調査中、電車にはねられた。","17","その他の事業","","","","","1~9","2","物上げ装置、運搬機械","23","乗物","","","18","交通事故（その他）"
"827","1994","平成","6","5","12~13","墓石採石場において、ドラグ・ショベルで掘削作業をしていた被災者が、ドラグ・ショベルから約50m離れた原石置場より4m下に転落していた。","2","鉱業","202","土石採取業","","","1~9","7","環境等","71","環境等","","","1","墜落、転落"
"828","1994","平成","6","5","13~14","新造貨物船の甲板上において、ボールド用ファンスターター(空気洗浄機の始動機)を搬入する際、近くにあった開口部(径90センチメートル)から9m下に墜落した。","1","製造業","115","輸送用機械等製造業","","","1~9","4","仮設物、建築物、構築物等","41","仮設物、建築物、構築物等","","","1","墜落、転落"
"829","1994","平成","6","5","13~14","事業場内部品庫において、フォークリフトのフォークの爪を中2階の床に合わせ荷を積もうとしたところ、中2階より墜落した。","1","製造業","117","その他の製造業","","","30~49","4","仮設物、建築物、構築物等","41","仮設物、建築物、構築物等","","","1","墜落、転落"
"830","1994","平成","6","5","15~16","工事現場内を8tトラックで走行中、対向車に道を譲るため後進したところ、約6.9m下の川床に転落した。","3","建設業","301","土木工事業","","","1~9","2","物上げ装置、運搬機械","22","動力運搬機","","","1","墜落、転落"
"831","1994","平成","6","5","16~17","トラクターで放牧地(勾配約20度)に肥料散布中、トラクターが横転し下敷きになった。","6","農林業","602","林業","","","10~29","2","物上げ装置、運搬機械","22","動力運搬機","","","1","墜落、転落"
"832","1994","平成","6","5","18~19","工事現場よりワゴン車で帰社途中、交差点で乗用車と衝突した。","3","建設業","301","土木工事業","","","10~29","2","物上げ装置、運搬機械","23","乗物","","","17","交通事故（道路）"
"833","1994","平成","6","5","18~19","工事現場よりワゴン車で帰社途中、交差点で乗用車と衝突した。","3","建設業","301","土木工事業","","","10~29","2","物上げ装置、運搬機械","23","乗物","","","17","交通事故（道路）"
"834","1994","平成","6","5","9~10","集材装置で伐倒木を搬出中、切り株に引っかかった伐倒木を無理して巻き上げようとしたところ、玉掛ワイヤロープが切断されて作業索が反発し、作業索の内側にいた被災者の頭部に激突した。","6","農林業","601","農業","","","1~9","2","物上げ装置、運搬機械","21","動力クレーン等","","","6","激突され"
"835","1994","平成","6","5","9~10","香料中間体製造工程において、2500リットルタンクでバッチ運転中、タンク内の圧力上昇がないので添加を止め点検していたところ、爆発した。","1","製造業","108","化学工業","","","100~299","3","その他の装置等","32","化学設備","","","14","爆発"
"836","1994","平成","6","5","9~10","動力搬送車を移動させようと寸動操作を行ったところ、建物の柱と台車に身体を挟まれた。","1","製造業","112","金属製品製造業","","","30~49","2","物上げ装置、運搬機械","22","動力運搬機","","","7","はさまれ、巻き込まれ"
"837","1994","平成","6","5","13~14","木造2階建住宅の母屋の建て込み中、梁上で足を滑らせ6.7m下の床面に墜落した。","3","建設業","302","建築工事業","","","1~9","4","仮設物、建築物、構築物等","41","仮設物、建築物、構築物等","","","1","墜落、転落"
"838","1994","平成","6","5","13~14","積載型トラッククレーン(2.93t)の荷台に当該クレーンを使いコンクリートバケット(0.8t)を積込中、過荷重のためトラッククレーンが転倒し、トラッククレーンとガードレールの支柱の間に挟まれた。","3","建設業","301","土木工事業","","","1~9","2","物上げ装置、運搬機械","21","動力クレーン等","","","7","はさまれ、巻き込まれ"
"839","1994","平成","6","5","16~17","ライトバンで走行中、交差点でトラックと衝突した。","3","建設業","302","建築工事業","","","10~29","2","物上げ装置、運搬機械","23","乗物","","","17","交通事故（道路）"
"840","1994","平成","6","5","16~17","ライトバンで走行中、交差点でトラックと衝突した。","3","建設業","302","建築工事業","","","10~29","2","物上げ装置、運搬機械","23","乗物","","","17","交通事故（道路）"
"841","1994","平成","6","5","17~18","バイクで新聞配達中、県道交差点で右折してきた対向車と衝突した。","8","商業","","","","","50~99","2","物上げ装置、運搬機械","23","乗物","","","17","交通事故（道路）"
"842","1994","平成","6","5","17~18","ライトバンで出張先へ向う途中、カーブでセンターラインをはみ出し、対向してきた軽トラックと正面衝突した。","17","その他の事業","","","","","100~299","2","物上げ装置、運搬機械","23","乗物","","","17","交通事故（道路）"
"843","1994","平成","6","5","5~6","フォークリフトの運転手がブレーキとアクセルを間違えて踏んだため、フォークリフトの後進を誘導していた被災者が、車両とフォークリフトの間に挟まれた。","4","運輸交通業","403","道路貨物運送業","","","100~299","2","物上げ装置、運搬機械","22","動力運搬機","","","6","激突され"
"844","1994","平成","6","5","7~8","30t天井クレーンの運転室上の点検台で点検中、運転席の横行により左腕を巻き込まれた。","1","製造業","110","鉄鋼業","","","100~299","2","物上げ装置、運搬機械","21","動力クレーン等","","","7","はさまれ、巻き込まれ"
"845","1994","平成","6","5","8~9","地下1階において、仮使用していた本設用エレベーターのドアロックを外し乗り込もうとしたところ、搬器が地下4階にあったため約16m墜落した。","3","建設業","302","建築工事業","","","30~49","2","物上げ装置、運搬機械","21","動力クレーン等","","","1","墜落、転落"
"846","1994","平成","6","5","11~12","フォークリフトでトラック荷台より鉄骨部材(約800キログラム)を荷卸し中、鉄骨の安定が悪くフォークより転がりだし、荷卸し補助をしていた被災者が巻き込まれた。","1","製造業","112","金属製品製造業","","","50~99","2","物上げ装置、運搬機械","22","動力運搬機","","","6","激突され"
"847","1994","平成","6","5","13~14","排水路の雑草の除去作業中、排水路に転落して溺れた。","17","その他の事業","","","","","50~99","7","環境等","71","環境等","","","10","おぼれ"
"848","1994","平成","6","5","11~12","倉庫の水漏点検補修に際し、ローリングタワーの最上段で窓を取り外し後、タワーから降りる途中で約3m下に墜落した。","3","建設業","302","建築工事業","","","1~9","4","仮設物、建築物、構築物等","41","仮設物、建築物、構築物等","","","1","墜落、転落"
"849","1994","平成","6","5","5~6","50ccバイクで新聞配達を終え事業場へ戻る途中、市道で停まっていた軽トラックに追突した。","8","商業","","","","","10~29","2","物上げ装置、運搬機械","23","乗物","","","17","交通事故（道路）"
"850","1994","平成","6","5","8~9","集材用ブル・ドーザー後部のウインチにワイヤを巻き付ける作業中、乱巻き防止のためワイヤを修正していたところ、右腕からウインチに巻き込まれた。","6","農林業","601","農業","","","1~9","1","動力機械","14","建設機械等","","","7","はさまれ、巻き込まれ"
"851","1994","平成","6","5","10~11","ゴミ焼却場において、積載型クレーンで剪定した枝を荷卸し中、過負荷により路肩から焼却炉(深さ2m)にクレーンごと転落した。","6","農林業","602","林業","","","1~9","2","物上げ装置、運搬機械","21","動力クレーン等","","","1","墜落、転落"
"852","1994","平成","6","5","10~11","三段に積まれた最上部の廃車をニブラー(解体用機械)でつかみ移動させようとしたところ、仕切用鉄柵に廃車が当たって鉄柵が倒れ、近くで作業をしていた被災者の頭部を直撃した。","15","清掃・と畜業","","","","","1~9","4","仮設物、建築物、構築物等","41","仮設物、建築物、構築物等","","","5","崩壊、倒壊"
"853","1994","平成","6","5","11~12","乗用車で国道を走行中、左カーブ付近で対向してきた4t保冷車がセンターラインをはみ出し、正面衝突した。","17","その他の事業","","","","","100~299","2","物上げ装置、運搬機械","22","動力運搬機","","","17","交通事故（道路）"
"854","1994","平成","6","5","13~14","建売住宅の浄化槽工事現場においてバックホウで掘削中、排水用ポンプに詰まった泥を取り除くため穴に入ったところ、糊生土が崩れてその上のコンクリート製「たたき」が落下し、下敷きになった。","3","建設業","302","建築工事業","","","1~9","7","環境等","71","環境等","","","5","崩壊、倒壊"
"855","1994","平成","6","5","13~14","砕石プラントにおいて、コーンクラッシャーの駆動モーターベルトを交換中、コーンクラッシャーを設置していた基礎コンクリート上部(高さ6.5m)から墜落した。","1","製造業","109","窯業土石製品製造業","","","10~29","1","動力機械","16","一般動力機械","","","1","墜落、転落"
"856","1994","平成","6","5","4~5","鉄道線路床のバラスト交換作業中、後進してきた2.5tトラック(軌陸車)に巻き込まれた。","3","建設業","301","土木工事業","","","1~9","2","物上げ装置、運搬機械","22","動力運搬機","","","7","はさまれ、巻き込まれ"
"857","1994","平成","6","5","10~11","木造車庫を解体中、屋根のタルキを取り外していたところ、足を掛けていたタルキが折れ約2.3m下に墜落した。","3","建設業","302","建築工事業","","","1~9","4","仮設物、建築物、構築物等","41","仮設物、建築物、構築物等","","","1","墜落、転落"
"858","1994","平成","6","5","10~11","10tトラックで自動車専用道路を走行中、前方の大型トラックに追突した。","4","運輸交通業","403","道路貨物運送業","","","30~49","2","物上げ装置、運搬機械","22","動力運搬機","","","17","交通事故（道路）"
"859","1994","平成","6","5","11~12","工事現場脇の地山の下で作業中、地山が崩壊した。","3","建設業","301","土木工事業","","","10~29","7","環境等","71","環境等","","","5","崩壊、倒壊"
"860","1994","平成","6","5","11~12","工場のスレート屋根上において下準備中、スレートを踏み抜き約7.4m下に墜落した。","3","建設業","302","建築工事業","","","10~29","4","仮設物、建築物、構築物等","41","仮設物、建築物、構築物等","","","1","墜落、転落"
"861","1994","平成","6","5","14~15","クレーンでコンクリート盤木の積み上げ作業中、先に組み込まれた高さ1mの盤木上にセットし玉掛ワイヤを外していたところ、クレーン運転士が玉外しを終えたものと思いクレーンを巻き上げた際、盤木が落下し被災者が挟まれた。","1","製造業","115","輸送用機械等製造業","","","10000~","6","荷","61","荷","","","4","飛来、落下"
"862","1994","平成","6","5","10~11","バックホウのバケットに型わく用パイプ材25本(長さ4m)を載せ、勾配約30度の道を降りていたところ、転落した。","3","建設業","301","土木工事業","","","10~29","1","動力機械","14","建設機械等","","","1","墜落、転落"
"863","1994","平成","6","5","11~12","フォークリフトにバッテリー液を積んで走行中、ハンドル操作を誤り横転した。","17","その他の事業","","","","","30~49","2","物上げ装置、運搬機械","22","動力運搬機","","","2","転倒"
"864","1994","平成","6","5","12~13","大型トラックで高速道路を走行中、料金所手前付近で渋滞のため停車中の車に追突した。","4","運輸交通業","403","道路貨物運送業","","","10~29","2","物上げ装置、運搬機械","22","動力運搬機","","","17","交通事故（道路）"
"865","1994","平成","6","5","12~13","鋼線の製造工程において、伸線機(径5.5ミリメートルの鋼線を径2.6ミリメートルに線引きする)のアームが不意に回転し、近くで結束作業をしていた被災者の頭部に当たった。","1","製造業","112","金属製品製造業","","","1~9","1","動力機械","16","一般動力機械","","","6","激突され"
"866","1994","平成","6","5","15~16","13階建マンション建築現場において、枠組足場9段目の交差筋交い取付作業中、高さ14.6mから墜落した。","3","建設業","302","建築工事業","","","1~9","4","仮設物、建築物、構築物等","41","仮設物、建築物、構築物等","","","1","墜落、転落"
"867","1994","平成","6","5","0~1","高速道路で渋滞のため停まっていた被災者が、前車のトラックが発進したのに続いて発車させたところ、トラックがすぐに停車したため急ブレーキを掛けたが間に合わず、衝突した。","4","運輸交通業","403","道路貨物運送業","","","1~9","2","物上げ装置、運搬機械","22","動力運搬機","","","17","交通事故（道路）"
"868","1994","平成","6","5","4~5","バスで国道を走行中、センターラインを越えてきたトラックと正面衝突した。","4","運輸交通業","402","道路旅客運送業","","","50~99","2","物上げ装置、運搬機械","22","動力運搬機","","","17","交通事故（道路）"
"869","1994","平成","6","5","10~11","列車走行時のレール等の押出し量及び沈下量の測定作業中、監視員の合図で退避したがバランスを崩し、列車と接触した。","4","運輸交通業","401","鉄道・軌道・水運・航空業","","","30~49","2","物上げ装置、運搬機械","23","乗物","","","18","交通事故（その他）"
"870","1994","平成","6","5","11~12","地下鉄工事現場において工事見学者を引率中、後進してきたトラクター・ショベルにひかれた。","3","建設業","301","土木工事業","","","10~29","1","動力機械","14","建設機械等","","","6","激突され"
"871","1994","平成","6","5","12~13","大型トレーラーで高速道路を走行中、雨によりスリップしてガードレールに激突し、斜面を転落した。","4","運輸交通業","403","道路貨物運送業","","","10~29","2","物上げ装置、運搬機械","22","動力運搬機","","","17","交通事故（道路）"
"872","1994","平成","6","5","13~14","工場新設に伴う配管作業において、天井裏に設置した作業床(幅50センチメートル)より足を踏み外し、約4.5m下のコンクリート土間に墜落した。","3","建設業","303","その他の建設業","","","1~9","4","仮設物、建築物、構築物等","41","仮設物、建築物、構築物等","","","1","墜落、転落"
"873","1994","平成","6","5","16~17","ホテル新築現場において案内用電飾看板を取付中、配線(交流100V)を結線したとき感電した。","3","建設業","302","建築工事業","","","1~9","3","その他の装置等","35","電気設備","","","13","感電"
"874","1994","平成","6","5","16~17","フォークリフトで鉄筋を船内に積込中、フォーク先端に載せて鉄筋束(約320キログラム)が滑り落ち、手で止めようとした被災者に当たった。","5","貨物取扱業","502","港湾運送業","","","50~99","2","物上げ装置、運搬機械","22","動力運搬機","","","4","飛来、落下"
"875","1994","平成","6","5","17~18","部品をドラム缶(径58センチメートル、高さ87センチメートル、缶底より18センチメートル程トルエンが入っていた)に入れ洗浄中、トルエンのガスを吸入し、缶の中に身体がのめり落ちた(防毒マスク未着用)。","1","製造業","108","化学工業","","","50~99","5","物質、材料","51","危険物、有害物等","","","12","有害物等との接触"
"876","1994","平成","6","5","0~1","4tトラックに同乗し高速道路を走行中、トラックが横転した。","4","運輸交通業","403","道路貨物運送業","","","50~99","2","物上げ装置、運搬機械","22","動力運搬機","","","17","交通事故（道路）"
"877","1994","平成","6","5","4~5","4tトレーラーで国道を走行中、20tトラックを追い抜く際に対向車線にはみ出し、対向してきた40tトラックと衝突し、更に追い抜いた20tトラックに追突された。","4","運輸交通業","403","道路貨物運送業","","","50~99","2","物上げ装置、運搬機械","22","動力運搬機","","","17","交通事故（道路）"
"878","1994","平成","6","5","5~6","大型タンク車でアスファルト(10t)を運搬中、交差点で4tトラックの側面に衝突した。","4","運輸交通業","403","道路貨物運送業","","","30~49","2","物上げ装置、運搬機械","22","動力運搬機","","","17","交通事故（道路）"
"879","1994","平成","6","5","8~9","カキ用貯水プール(水は張っていない)の上屋のけた(高さ3m)に置いてある木箱を取ろうと梯子を登っていたところ、バランスを崩しプール底部(深さ3.5m)に墜落した。","7","畜産・水産業","","","","","1~9","3","その他の装置等","37","用具","","","1","墜落、転落"
"880","1994","平成","6","5","14~15","バイクで県道を走行中、道路脇の駐車場より後進してきたライトバンに衝突した。","11","通信業","","","","","10~29","2","物上げ装置、運搬機械","23","乗物","","","17","交通事故（道路）"
"881","1994","平成","6","5","23~24","トラックで国道を走行中、停車車両を避けようとした前車に続いて右車線に出たところ、対向車が来たため前車が急停車し、そこへ追突した。","4","運輸交通業","403","道路貨物運送業","","","10~29","2","物上げ装置、運搬機械","22","動力運搬機","","","17","交通事故（道路）"
"882","1994","平成","6","5","7~8","ライトバンで現場へ向う途中、対向車と接触し電柱に激突した。","1","製造業","114","電気機械器具製造業","","","300~499","2","物上げ装置、運搬機械","23","乗物","","","17","交通事故（道路）"
"883","1994","平成","6","5","8~9","トラックで工事現場へ向う途中、林道のS字カーブから23m下の谷へ転落した。","3","建設業","301","土木工事業","","","1~9","2","物上げ装置、運搬機械","22","動力運搬機","","","17","交通事故（道路）"
"884","1994","平成","6","5","8~9","採石場内において、軟弱になったダンプ運行路にタイヤショベルでぬかるみを取っていたところ、スリップして上れなくなり、方向転換の際2m下の道路に転落した。","2","鉱業","202","土石採取業","","","10~29","1","動力機械","14","建設機械等","","","1","墜落、転落"
"885","1994","平成","6","5","8~9","RC造1階建工場の解体作業において、本足場上で梁のボルトを取外し中、梁が跳ねた弾みで墜落した。","3","建設業","302","建築工事業","","","1~9","4","仮設物、建築物、構築物等","41","仮設物、建築物、構築物等","","","1","墜落、転落"
"886","1994","平成","6","5","10~11","木造住宅建築工事において、2階の間柱の取付準備作業中、3.42m下に墜落した。","3","建設業","302","建築工事業","","","1~9","4","仮設物、建築物、構築物等","41","仮設物、建築物、構築物等","","","1","墜落、転落"
"887","1994","平成","6","5","10~11","バイクで顧客先へ向う途中、踏切で電車にはねられた。","8","商業","","","","","10~29","2","物上げ装置、運搬機械","23","乗物","","","18","交通事故（その他）"
"888","1994","平成","6","5","12~13","50ccバイクで集金先へ向う途中、交差点で右折してきた乗用車と衝突した。","9","金融・広告業","","","","","30~49","2","物上げ装置、運搬機械","23","乗物","","","17","交通事故（道路）"
"889","1994","平成","6","5","15~16","送迎用ワゴン車で帰宅し下車した際、服がドアに挟まれたままワゴン車が発進し、引きずられた。","1","製造業","101","食料品製造業","","","100~299","2","物上げ装置、運搬機械","23","乗物","","","17","交通事故（道路）"
"890","1994","平成","6","5","3~4","空車回送中、国道でセンターラインを越えてきた乗用車と正面衝突した。","4","運輸交通業","402","道路旅客運送業","","","30~49","2","物上げ装置、運搬機械","23","乗物","","","17","交通事故（道路）"
"891","1994","平成","6","5","5~6","高速道路のインター出口付近で、トレーラーに追突した。","4","運輸交通業","403","道路貨物運送業","","","50~99","2","物上げ装置、運搬機械","22","動力運搬機","","","17","交通事故（道路）"
"892","1994","平成","6","5","6~7","トレーラーでH形鋼を運搬中、交差点で右折する際に後続のトレーラーに追突され、その衝撃でH形鋼が運転席を突き破った。","4","運輸交通業","403","道路貨物運送業","","","10~29","2","物上げ装置、運搬機械","22","動力運搬機","","","17","交通事故（道路）"
"893","1994","平成","6","5","13~14","自家用車で集金先より帰社途中、センターラインを越え、対向してきたワゴン車と正面衝突した。","8","商業","","","","","50~99","2","物上げ装置、運搬機械","23","乗物","","","17","交通事故（道路）"
"894","1994","平成","6","5","17~18","明り掘削した溝内に設置したコルゲート缶のボルト締め作業中、片側断面が崩壊した。","3","建設業","301","土木工事業","","","1~9","7","環境等","71","環境等","","","5","崩壊、倒壊"
"895","1994","平成","6","5","3~4","道路舗装工事現場で夜間作業中、軽自動車が突っ込んできた。","17","その他の事業","","","","","10~29","2","物上げ装置、運搬機械","23","乗物","","","17","交通事故（道路）"
"896","1994","平成","6","5","10~11","伐倒木の枝払い作業中、倒れてきた古損木に頭部を直撃された。","6","農林業","601","農業","","","50~99","7","環境等","71","環境等","","","5","崩壊、倒壊"
"897","1994","平成","6","5","13~14","発泡スチロール成形機の部品を調整中、製品押し出しピンに胸腹部を挟まれた。","1","製造業","107","印刷・製本業","","","100~299","1","動力機械","16","一般動力機械","","","7","はさまれ、巻き込まれ"
"898","1994","平成","6","5","14~15","鉄筋組立作業中、鉄筋(長さ2m)を手渡していたところ、排水塔床堀底面(深さ1.37m)に転落した。","3","建設業","301","土木工事業","","","1~9","7","環境等","71","環境等","","","1","墜落、転落"
"899","1994","平成","6","5","15~16","アルミ箔型付機の巻取り部の鉄管芯を取替中、押さえロールが降下し、鉄管芯と押さえロールの間に頭部を挟まれた。","1","製造業","111","非鉄金属製造業","","","100~299","1","動力機械","16","一般動力機械","","","7","はさまれ、巻き込まれ"
"900","1994","平成","6","5","17~18","50ccバイクで集金業務中、国道交差点を右折する際、ダンプカーと衝突した。","9","金融・広告業","","","","","100~299","2","物上げ装置、運搬機械","22","動力運搬機","","","17","交通事故（道路）"
"901","1994","平成","6","5","17~18","バイクで帰社途中、建物の影から急に出てきた自動車と衝突した。","17","その他の事業","","","","","10~29","2","物上げ装置、運搬機械","23","乗物","","","17","交通事故（道路）"
"902","1994","平成","6","6","1~2","フォークリフトの爪(爪にバケットをピン止めした)を上げた状態でエンジンを切り、その点検をするためバケットの下に入って作業中、バケットが降下し床面との間に挟まれた。","1","製造業","111","非鉄金属製造業","","","1000~9999","2","物上げ装置、運搬機械","22","動力運搬機","","","7","はさまれ、巻き込まれ"
"903","1994","平成","6","6","7~8","断裁機の寸動機構により材料のサイズ合わせをしていたところ、誤って気道装置ボタンを押したため、左手首を材料固定装置に挟まれた。","1","製造業","107","印刷・製本業","","","30~49","1","動力機械","16","一般動力機械","","","7","はさまれ、巻き込まれ"
"904","1994","平成","6","6","8~9","同僚がポリタンクを使いドラグ・ショベルに給油中、運転席の被災者がタンクのホースを手で押さえようとした際、身体がレバーに触れたためアームが降下し、アームとヘッドガードの支柱の間に挟まれた。","3","建設業","301","土木工事業","","","1~9","1","動力機械","14","建設機械等","","","7","はさまれ、巻き込まれ"
"905","1994","平成","6","6","11~12","足場作業床から躯体縁へ移動する際、躯体上で転倒し、躯体に突き出ていた鉄筋で後頭部を強打した。","3","建設業","302","建築工事業","","","1~9","4","仮設物、建築物、構築物等","41","仮設物、建築物、構築物等","","","2","転倒"
"906","1994","平成","6","6","14~15","軽自動車で納品先へ向う途中、運転操作を誤り電柱に激突した。","8","商業","","","","","1~9","2","物上げ装置、運搬機械","23","乗物","","","17","交通事故（道路）"
"907","1994","平成","6","6","17~18","プレスブレーキの金型を取付中、下型を仮止めしプレスブレーキを作業させながら位置を調整していたところ、金型の位置がずれ、外れた下型が押し出されて当たった。","1","製造業","112","金属製品製造業","","","10~29","1","動力機械","16","一般動力機械","","","4","飛来、落下"
"908","1994","平成","6","6","21~22","事業場内発電所の入口前にある放水路に誤って転落した。","14","接客娯楽業","","","","","50~99","4","仮設物、建築物、構築物等","41","仮設物、建築物、構築物等","","","1","墜落、転落"
"909","1994","平成","6","6","6~7","ブラウン管製造工場において、ブラウン管を運ぶ移載機とHS装置を構成する鉄柱の間に胸を挟まれた。","1","製造業","114","電気機械器具製造業","","","1000~9999","2","物上げ装置、運搬機械","22","動力運搬機","","","7","はさまれ、巻き込まれ"
"910","1994","平成","6","6","8~9","住宅新築現場において、移動式クレーンでトラックより建築材料を卸していたところ、クレーンのブームが高圧電線に触れ、荷取りをしていた被災者が感電した。","3","建設業","302","建築工事業","","","1~9","2","物上げ装置、運搬機械","21","動力クレーン等","","","13","感電"
"911","1994","平成","6","6","9~10","雨水管布設工事中、ヒューム管を人孔に接続する際、接続面の調整をしていた被災者がヒューム管と人孔の間に挟まれた。","3","建設業","301","土木工事業","","","1~9","1","動力機械","14","建設機械等","","","6","激突され"
"912","1994","平成","6","6","15~16","鉄骨3階建住宅新築工事において、作業床(高さ約3.9m)上で鉄骨を運搬中、作業床から階段へ移ろうとしてバランスを崩し、墜落した。","3","建設業","302","建築工事業","","","1~9","4","仮設物、建築物、構築物等","41","仮設物、建築物、構築物等","","","1","墜落、転落"
"913","1994","平成","6","6","16~17","公園内ミーティングルームの雨樋に詰まった落葉を脚立に上がって除去していたところ、脚立脚部が滑動して階段部分にはみ出し、階段に転落した。","12","教育・研究業","","","","","1~9","3","その他の装置等","37","用具","","","1","墜落、転落"
"914","1994","平成","6","6","16~17","鉄骨建方作業中、積載形移動式クレーンで荷台より鉄骨(2本300キログラム)を荷卸し中、ワイヤロープが切断し荷が被災者に当たった。","3","建設業","302","建築工事業","","","1~9","2","物上げ装置、運搬機械","21","動力クレーン等","","","4","飛来、落下"
"915","1994","平成","6","6","6~7","マイクロバスを運転中、信号のある交差点で出会い頭に10tタンクローリーと衝突した。","14","接客娯楽業","","","","","100~299","2","物上げ装置、運搬機械","23","乗物","","","17","交通事故（道路）"
"916","1994","平成","6","6","8~9","競艇場の繊維強化プラスチック船に除藻用の薬剤(約750キログラム)を積み出船したところ、船の前方より水が入り沈没した。","8","商業","","","","","10~29","2","物上げ装置、運搬機械","23","乗物","","","10","おぼれ"
"917","1994","平成","6","6","10~11","4階建事務所屋上から7.8m下の窓ガラスを清掃するため、1本のロープで吊り下げた吊り板(幅15センチメートル、長さ61.5m)に座って降下中、バランスを崩し12.8m下のコンクリート屋根上に墜落した。","15","清掃・と畜業","","","","","10~29","3","その他の装置等","37","用具","","","1","墜落、転落"
"918","1994","平成","6","6","11~12","倉庫でパレットラックの取付作業中、パレットを載せたフォークリフト上に乗っていた被災者が、バランスを崩し墜落した。","3","建設業","303","その他の建設業","","","1~9","2","物上げ装置、運搬機械","22","動力運搬機","","","1","墜落、転落"
"919","1994","平成","6","6","14~15","積載型移動式クレーン(つり上げ荷重2.93t)で吊り上げていた鉄板のワイヤロープが切れ、鉄板が落下した。","3","建設業","301","土木工事業","","","1~9","3","その他の装置等","37","用具","","","4","飛来、落下"
"920","1994","平成","6","6","14~15","機械整備場において、ベンディラユニットのユニットローラの寸法を整備するためケージをクレーンで吊り上げたところ、隣接するケージが倒れ、近くにいた被災者がその下敷きになった。","1","製造業","110","鉄鋼業","","","不明","3","その他の装置等","39","その他の装置、設備","","","5","崩壊、倒壊"
"921","1994","平成","6","6","14~15","軽ワゴン車で帰社途中、市道でトラックと正面衝突した。","3","建設業","301","土木工事業","","","1~9","2","物上げ装置、運搬機械","23","乗物","","","17","交通事故（道路）"
"922","1994","平成","6","6","14~15","バイクで帰宅する際、事業場敷地内の道路上で運転を誤り、対向してきたトラックに接触した。","15","清掃・と畜業","","","","","10~29","2","物上げ装置、運搬機械","23","乗物","","","17","交通事故（道路）"
"923","1994","平成","6","6","10~11","ホイールクレーンにバイブロハンマーを取り付けた杭抜機で鋼矢板(長さ10m、約600キログラム)を引抜移動中、玉掛ワイヤがフックから外れ、落ちた矢板が地面でバウンドして当たった。","3","建設業","301","土木工事業","","","10~29","1","動力機械","14","建設機械等","","","4","飛来、落下"
"924","1994","平成","6","6","11~12","ホイスト式天井クレーン(つり上げ荷重5t)にケーブルベヤー(1.1t)、チップコンベヤー(0.4t)、継板(0.1t)を玉掛し地切を行ったところ、荷崩れを起こして落下した。","1","製造業","113","一般機械器具製造業","","","10~29","2","物上げ装置、運搬機械","21","動力クレーン等","","","4","飛来、落下"
"925","1994","平成","6","6","14~15","移動式クレーンでクローラクレーンを解体中、吊っていたキャタピラが揺れたため、ピン抜き油圧シリンダーを保持していた被災者がクレーンフレームとの間に挟まれた。","3","建設業","302","建築工事業","","","50~99","2","物上げ装置、運搬機械","21","動力クレーン等","","","7","はさまれ、巻き込まれ"
"926","1994","平成","6","6","6~7","トラックで商品配達中、電柱に激突した。","8","商業","","","","","1~9","2","物上げ装置、運搬機械","22","動力運搬機","","","17","交通事故（道路）"
"927","1994","平成","6","6","9~10","ブル・ドーザーで原野の切盛作業中、ブル・ドーザーから転落したため飛び乗ろうとしたところ、キャタピラに巻き込まれた。","3","建設業","301","土木工事業","","","10~29","1","動力機械","14","建設機械等","","","7","はさまれ、巻き込まれ"
"928","1994","平成","6","6","9~10","製材工場内に新設した自動送材車付帯のこ盤を試運転中、台車から降りようとした際、台車・レール間にある修理用の溝に足を取られ、後退してきた台車に激突された。","1","製造業","104","木材・木製品製造業","","","1~9","1","動力機械","13","木材加工用機械","","","6","激突され"
"929","1994","平成","6","6","10~11","電気設備の切換工事において、撤去されたケーブルを搬送するトラックを誘導中の被災者が、トラックに激突された。","4","運輸交通業","403","道路貨物運送業","","","10~29","2","物上げ装置、運搬機械","22","動力運搬機","","","6","激突され"
"930","1994","平成","6","6","10~11","軽乗用車で現場へ向う途中、林道から10m下の休耕田へ転落した。","3","建設業","301","土木工事業","","","1~9","2","物上げ装置、運搬機械","23","乗物","","","17","交通事故（道路）"
"931","1994","平成","6","6","11~12","溝(幅1.5、深さ2.5m)内で丁張作業中、路肩部分が約20m3 崩壊した。","3","建設業","301","土木工事業","","","1~9","7","環境等","71","環境等","","","5","崩壊、倒壊"
"932","1994","平成","6","6","14~15","屋上(4階)の植木を消毒するため、簡易リフトの搬器に乗り消毒ホース等を運搬中、搬器の枠とガイドレールの支持鋼材の間に首を挟まれた。","6","農林業","602","林業","","","1~9","2","物上げ装置、運搬機械","21","動力クレーン等","","","7","はさまれ、巻き込まれ"
"933","1994","平成","6","6","17~18","スイミングスクール内の体育館において、跳び箱の模範演技をしたところ、着地に失敗し頚椎を損傷した。","12","教育・研究業","","","","","10~29","3","その他の装置等","37","用具","","","2","転倒"
"934","1994","平成","6","6","23~24","アルミダイカスト鋳造工場において、ホイスト式天井クレーン(つり上げ荷重5.07t)でアルミダイカストマシンの金型交換中、金型と同マシンの間に頭部を挟まれた。","1","製造業","111","非鉄金属製造業","","","100~299","2","物上げ装置、運搬機械","21","動力クレーン等","","","7","はさまれ、巻き込まれ"
"935","1994","平成","6","6","4~5","10tトラックで高速道路を走行中、トンネル内で玉突事故に巻き込まれた。","4","運輸交通業","403","道路貨物運送業","","","10~29","2","物上げ装置、運搬機械","22","動力運搬機","","","17","交通事故（道路）"
"936","1994","平成","6","6","8~9","事業所の階段を上っていたところ、転倒した。","1","製造業","101","食料品製造業","","","50~99","4","仮設物、建築物、構築物等","41","仮設物、建築物、構築物等","","","2","転倒"
"937","1994","平成","6","6","9~10","温床を耕すため耕運機をビニルハウスに後進して入れる際、ハウスの骨組と耕運機のハンドバーの間に挟まれた。","6","農林業","602","林業","","","1~9","1","動力機械","16","一般動力機械","","","7","はさまれ、巻き込まれ"
"938","1994","平成","6","6","10~11","斜面上で草刈作業中、運転していた農業用トラクターが転倒した。","7","畜産・水産業","","","","","1~9","1","動力機械","14","建設機械等","","","2","転倒"
"939","1994","平成","6","6","10~11","木造家屋増築工事において、外部仮設階段から足場へ移動中、5m下に墜落した。","3","建設業","302","建築工事業","","","1~9","4","仮設物、建築物、構築物等","41","仮設物、建築物、構築物等","","","1","墜落、転落"
"940","1994","平成","6","6","13~14","ゴミ収集車のテールゲートを上げゴミの水切りをしていたところ、テールゲートが下降し、中を覗き込んでいた被災者が挟まれた。","15","清掃・と畜業","","","","","1~9","2","物上げ装置、運搬機械","22","動力運搬機","","","7","はさまれ、巻き込まれ"
"941","1994","平成","6","6","13~14","プール用電気掃除機でスイミングプールを清掃中、感電した。","17","その他の事業","","","","","10~29","1","動力機械","16","一般動力機械","","","13","感電"
"942","1994","平成","6","6","14~15","工場内金型置場において、射出成形機から取り外した金型(約500キログラム)を床上操作式天井走行クレーン(つり上げ荷重2.8t)で置いたところ、既に積まれていた金型とともに崩れ、その下敷きになった。","1","製造業","108","化学工業","","","50~99","2","物上げ装置、運搬機械","21","動力クレーン等","","","6","激突され"
"943","1994","平成","6","6","10~11","自社の小屋を建てるための建築資材を担いで踏切(遮断機なし)を渡ろうとしたところ、電車にはねられた。","3","建設業","302","建築工事業","","","1~9","2","物上げ装置、運搬機械","23","乗物","","","18","交通事故（その他）"
"944","1994","平成","6","6","10~11","積載形トラッククレーンで荷台より資材を荷卸し中、重量オーバー等によりトラックがバランスを崩し、荷台上から転落しトラックと擁壁に挟まれた。","3","建設業","302","建築工事業","","","1~9","2","物上げ装置、運搬機械","21","動力クレーン等","","","7","はさまれ、巻き込まれ"
"945","1994","平成","6","6","14~15","現場の急斜面で操作していたバックホウがバランスを崩して転倒し、その下敷きになった。","3","建設業","301","土木工事業","","","30~49","1","動力機械","14","建設機械等","","","1","墜落、転落"
"946","1994","平成","6","6","15~16","アルミ溶融炉に溜まったスラッジを削岩機で取り除く作業中、スラッジに刺さって抜けなくなったピックをフック付チェーンを取り付けたクレーンで引き上げたところ、チェーンのフックが伸びて外れ、頭部に激突した。","3","建設業","303","その他の建設業","","","1~9","2","物上げ装置、運搬機械","21","動力クレーン等","","","6","激突され"
"947","1994","平成","6","6","23~24","社有車で走行中、交差点で右から走行してしてきた自動車に衝突された。","4","運輸交通業","404","その他の運輸交通業","","","1~9","2","物上げ装置、運搬機械","23","乗物","","","17","交通事故（道路）"
"948","1994","平成","6","6","9~10","工場建屋新築工事において、ローリングタワー(高さ2.9m)上でALC板の補修・仕上げ作業中、土間に墜落した。","3","建設業","302","建築工事業","","","10~29","4","仮設物、建築物、構築物等","41","仮設物、建築物、構築物等","","","1","墜落、転落"
"949","1994","平成","6","6","13~14","事業場付属の資材置場において、ユニック車(つり上げ荷重2.9t)の荷台上で資材の荷ほどきをしていたところ、荷台から地上に墜落した。","3","建設業","302","建築工事業","","","1~9","2","物上げ装置、運搬機械","21","動力クレーン等","","","1","墜落、転落"
"950","1994","平成","6","6","15~16","工場内の鉄骨梁上に製氷機械を据付中、高さ約5.5mの梁上から墜落した。","3","建設業","302","建築工事業","","","1~9","4","仮設物、建築物、構築物等","41","仮設物、建築物、構築物等","","","1","墜落、転落"
"951","1994","平成","6","6","22~23","トラックで国道を走行中、前方トラックに追突した。","4","運輸交通業","403","道路貨物運送業","","","10~29","2","物上げ装置、運搬機械","22","動力運搬機","","","17","交通事故（道路）"
"952","1994","平成","6","6","2~3","ずい道建設工事において、350m地点の切羽でコンクリート吹付用ホースを修正中、崩落してきた岩塊の下敷きになった。","3","建設業","301","土木工事業","","","30~49","7","環境等","71","環境等","","","5","崩壊、倒壊"
"953","1994","平成","6","6","3~4","トレーラーで鋼材を輸送中、濃霧で対向車がUターンしているのに気付かず衝突横転した。","4","運輸交通業","403","道路貨物運送業","","","10~29","2","物上げ装置、運搬機械","22","動力運搬機","","","17","交通事故（道路）"
"954","1994","平成","6","6","9~10","倉庫にある品物(鉄パイプ)に梯子を掛け、上から在庫確認をしていたところ、墜落した。","8","商業","","","","","30~49","5","物質、材料","52","材料","","","3","激突"
"955","1994","平成","6","6","10~11","木造住宅新築工事の建前作業中、4.9tトラッククレーンでコンパネ28枚(300キログラム)を吊り上げた際、荷が落下しその下敷きになった。","3","建設業","302","建築工事業","","","1~9","2","物上げ装置、運搬機械","21","動力クレーン等","","","4","飛来、落下"
"956","1994","平成","6","6","11~12","道路建設工事現場の沈砂池において、クローラ式油圧ショベルで次の作業箇所へ移動中、運転操作を誤り約3m下の沈砂池に転落した。","3","建設業","301","土木工事業","","","1~9","1","動力機械","14","建設機械等","","","1","墜落、転落"
"957","1994","平成","6","6","11~12","勾配約20度の裏庭で三脚脚立に乗り庭木を剪定中、バランスを崩し高さ1.9mの脚立から墜落した。","6","農林業","602","林業","","","1~9","3","その他の装置等","37","用具","","","1","墜落、転落"
"958","1994","平成","6","6","13~14","工場内のH形鋼を仮置きした棚の下方で鉄板にマーキング作業中、H形鋼(238キログラム)が棚から落下し、その下敷きになった。","1","製造業","112","金属製品製造業","","","1~9","5","物質、材料","52","材料","","","4","飛来、落下"
"959","1994","平成","6","6","18~19","工場内において、運搬作業中のラムリフトカー(フォークリフト13.5t)の後方を横切っていたところ、激突された。","5","貨物取扱業","501","陸上貨物取扱業","","","30~49","2","物上げ装置、運搬機械","22","動力運搬機","","","6","激突され"
"960","1994","平成","6","6","7~8","送迎用マイクロバスで国道を走行中、対向してきたトラックと衝突した。","14","接客娯楽業","","","","","100~299","2","物上げ装置、運搬機械","23","乗物","","","17","交通事故（道路）"
"961","1994","平成","6","6","8~9","道路舗装作業中、後進してきたデストリビューターに巻き込まれた。","3","建設業","301","土木工事業","","","1~9","1","動力機械","14","建設機械等","","","7","はさまれ、巻き込まれ"
"962","1994","平成","6","6","11~12","現場の排土仮置場において、バックホウで排土を積込中、バックホウが転倒しその下敷きになった。","3","建設業","301","土木工事業","","","10~29","1","動力機械","14","建設機械等","","","2","転倒"
"963","1994","平成","6","6","13~14","木造家屋建築工事において、2階階段部の内装作業のため開口部両側に足を掛け足場板を渡そうとした際、バランスを崩し約3m下に墜落した。","3","建設業","302","建築工事業","","","1~9","4","仮設物、建築物、構築物等","41","仮設物、建築物、構築物等","","","1","墜落、転落"
"964","1994","平成","6","6","14~15","スタートアップの準備作業において、煙道のブロアーを稼働させ差圧チェックをしていたところ突然爆発し、飛んできた仕切板が当たった。","1","製造業","108","化学工業","","","300~499","3","その他の装置等","32","化学設備","","","14","爆発"
"965","1994","平成","6","6","15~16","外壁塗装工事のための足場組み作業において、作業を再開する際、既に組んだ足場を昇っていたところ、高さ2.3mからプールサイドに墜落した。","3","建設業","302","建築工事業","","","1~9","4","仮設物、建築物、構築物等","41","仮設物、建築物、構築物等","","","1","墜落、転落"
"966","1994","平成","6","6","0~1","4tトラックで国道を走行中、清掃作業中の清掃車(4tダンプカー)に追突した。","4","運輸交通業","403","道路貨物運送業","","","50~99","2","物上げ装置、運搬機械","22","動力運搬機","","","17","交通事故（道路）"
"967","1994","平成","6","6","8~9","トラックで国道を走行中、ガードレールを押し倒し約10m下の空き地に転落した。","4","運輸交通業","403","道路貨物運送業","","","10~29","2","物上げ装置、運搬機械","22","動力運搬機","","","17","交通事故（道路）"
"968","1994","平成","6","6","8~9","資材置場でパワー・ショベルにより砕石を2tトラックに積載中、パワー・ショベルが旋回したところ、近くにいた被災者がトラック後部あおり部分とカウンターウエイトの間にはさまれた。","3","建設業","301","土木工事業","","","1~9","1","動力機械","14","建設機械等","","","7","はさまれ、巻き込まれ"
"969","1994","平成","6","6","9~10","ドラグ・ショベルのバケットに溶接されたフックを使って鋼板を吊り上げ移動中、鋼板が外れて倒れ、これに押されて掘削溝に転落した。","3","建設業","301","土木工事業","","","10~29","3","その他の装置等","37","用具","","","6","激突され"
"970","1994","平成","6","6","11~12","フォークリフトで後進中、エレベータのドアを突き破り、約7.5m下のエレベータピット内に墜落した。","8","商業","","","","","10~29","2","物上げ装置、運搬機械","22","動力運搬機","","","1","墜落、転落"
"971","1994","平成","6","6","12~13","県道を走行中、運転操作を誤って反対車線にはみ出し、対向してきたトラックと正面衝突した。","8","商業","","","","","30~49","2","物上げ装置、運搬機械","22","動力運搬機","","","17","交通事故（道路）"
"972","1994","平成","6","6","13~14","新設した配合タンク上に矢板を取付中、タンク上に渡された歩み板上を移動する際、墜落した。","3","建設業","303","その他の建設業","","","50~99","4","仮設物、建築物、構築物等","41","仮設物、建築物、構築物等","","","1","墜落、転落"
"973","1994","平成","6","6","13~14","土捨て場において、後輪がぬかるみにはまったダンプカーをドラグ・ショベルの爪にワイヤを掛けて引っ張ろうとしたとき、操作レバーに触れたためバケットが動き、近くにいた被災者がバケットとダンプカー前面に挟まれた。","3","建設業","301","土木工事業","","","10~29","1","動力機械","14","建設機械等","","","7","はさまれ、巻き込まれ"
"974","1994","平成","6","6","14~15","ゴミ収集用バケットを付けたフォークリフトが、ゴミを積み込む被災者の手前で停止しようとブレーキを掛けたが遅れ、被災者がバケットとコンクリート柱の間に挟まれた。","15","清掃・と畜業","","","","","10~29","2","物上げ装置、運搬機械","22","動力運搬機","","","6","激突され"
"975","1994","平成","6","6","15~16","砂浜に異形ブロック搬出用の仮設道路を造るためドラグ・ショベルの爪で鉄板を移動中、左右に振ったバケットが、玉掛をしていた被災者の頭部に激突した。","4","運輸交通業","403","道路貨物運送業","","","1~9","1","動力機械","14","建設機械等","","","6","激突され"
"976","1994","平成","6","6","18~19","クレーン(つり上げ荷重31t)で屑鉄を移動させる際、補巻きのフックを空の状態で巻き上げたところ、巻過防止装置が作動せずワイヤを巻き切り、補巻きのフックが落下した。","1","製造業","110","鉄鋼業","","","300~499","2","物上げ装置、運搬機械","21","動力クレーン等","","","4","飛来、落下"
"977","1994","平成","6","6","4~5","新聞配達中、市道交差点を横断していたところ、車にはねられた。","8","商業","","","","","10~29","2","物上げ装置、運搬機械","23","乗物","","","17","交通事故（道路）"
"978","1994","平成","6","6","5~6","新聞配達を終え事務所へ戻る途中、緩い丁字路カーブで乗用車と衝突した。","8","商業","","","","","10~29","2","物上げ装置、運搬機械","23","乗物","","","17","交通事故（道路）"
"979","1994","平成","6","6","5~6","ワゴン車に同乗して移動中、スリップしてガードレールに激突した。","5","貨物取扱業","501","陸上貨物取扱業","","","10~29","2","物上げ装置、運搬機械","23","乗物","","","17","交通事故（道路）"
"980","1994","平成","6","6","7~8","バイクで警備現場へ向う途中、交差点に進入する際、右折しようとした乗用車と出会い頭に衝突した。","17","その他の事業","","","","","50~99","2","物上げ装置、運搬機械","23","乗物","","","17","交通事故（道路）"
"981","1994","平成","6","6","9~10","し尿処理場内において、脱臭用希塩酸貯蔵タンクの残量センサーを点検中、タンク上部を踏み抜き内部に転落した。","15","清掃・と畜業","","","","","1~9","3","その他の装置等","32","化学設備","","","1","墜落、転落"
"982","1994","平成","6","6","9~10","し尿処理場内において、脱臭用希塩酸貯蔵タンクの残量センサーを点検中、タンク上部を踏み抜き内部に転落した。","15","清掃・と畜業","","","","","1~9","3","その他の装置等","32","化学設備","","","1","墜落、転落"
"983","1994","平成","6","6","10~11","倉庫新築現場において、足場材を取り込む作業中、2階床面開口部より約4.5m下の1階コンクリート床面に墜落した。","3","建設業","302","建築工事業","","","10~29","4","仮設物、建築物、構築物等","41","仮設物、建築物、構築物等","","","1","墜落、転落"
"984","1994","平成","6","6","11~12","回収してきたシンナーの移し換え作業中、シンナーが爆発した。","15","清掃・と畜業","","","","","1~9","5","物質、材料","51","危険物、有害物等","","","14","爆発"
"985","1994","平成","6","6","14~15","木造2階建家屋新築工事において、1階屋根上で建築資材を手渡していたところ、足を滑らせ軒先より3.77m下に墜落した。","3","建設業","302","建築工事業","","","10~29","4","仮設物、建築物、構築物等","41","仮設物、建築物、構築物等","","","1","墜落、転落"
"986","1994","平成","6","6","16~17","建築資材加工場において、仰向けに倒れている被災者が発見された。","3","建設業","303","その他の建設業","","","1~9","4","仮設物、建築物、構築物等","41","仮設物、建築物、構築物等","","","2","転倒"
"987","1994","平成","6","6","16~17","トリクロルエチレンを使用し脱脂槽内を清掃中、中毒になった。","1","製造業","112","金属製品製造業","","","1~9","5","物質、材料","51","危険物、有害物等","","","12","有害物等との接触"
"988","1994","平成","6","6","1~2","4tトラックで高速道路を走行中、事故で停車中の大型トラックに追突した。","4","運輸交通業","403","道路貨物運送業","","","10~29","2","物上げ装置、運搬機械","22","動力運搬機","","","17","交通事故（道路）"
"989","1994","平成","6","6","9~10","廃棄物処理用シュレッダーの投入用コンベヤーを据付中、架台にベルトを載せるため斜面に並べられたローラー上にベルトを滑らせていたところ架台に引っかかり、これをバールで持ち上げて外そうとした際、ベルトが急に滑り出してバールが振り回され、バールとベルトの間に挟まれた。","3","建設業","303","その他の建設業","","","1~9","2","物上げ装置、運搬機械","22","動力運搬機","","","7","はさまれ、巻き込まれ"
"990","1994","平成","6","6","9~10","木造2階建住宅増築工事において、母屋の組立作業のため桁(高さ6.4m)上で作業中、墜落した。","3","建設業","302","建築工事業","","","1~9","4","仮設物、建築物、構築物等","41","仮設物、建築物、構築物等","","","1","墜落、転落"
"991","1994","平成","6","6","13~14","乗用車で国道を走行中、トラックを追い越そうとして停止中の散水車に激突し、追い越したトラックと衝突した。","3","建設業","302","建築工事業","","","50~99","2","物上げ装置、運搬機械","22","動力運搬機","","","17","交通事故（道路）"
"992","1994","平成","6","6","14~15","軽トラックで県道を走行中、対向してきた2台の普通乗用車が接触したのを発見し、1台目はかわしたが2台目の車と正面衝突した。","17","その他の事業","","","","","1~9","2","物上げ装置、運搬機械","23","乗物","","","17","交通事故（道路）"
"993","1994","平成","6","6","14~15","現場の排土を積んだ4tトラックで排土場へ向う途中、路肩から勾配26度の茶畑に転落した。","3","建設業","301","土木工事業","","","10~29","2","物上げ装置、運搬機械","22","動力運搬機","","","17","交通事故（道路）"
"994","1994","平成","6","6","17~18","10tトラックで国道を走行中、対向車線にはみ出し35tトレーラーと衝突した。","4","運輸交通業","403","道路貨物運送業","","","10~29","2","物上げ装置、運搬機械","22","動力運搬機","","","17","交通事故（道路）"
"995","1994","平成","6","6","21~22","代行車で走行中、車が故障したため降りたところ、後方から来た大型トラックに追突された。","17","その他の事業","","","","","10~29","2","物上げ装置、運搬機械","22","動力運搬機","","","17","交通事故（道路）"
"996","1994","平成","6","6","22~23","12tトラックで高速道路を走行中、対向してきた大型トレーラーの運転台と荷台の接続部が外れ、積荷の鋼材が運転席を直撃した。","4","運輸交通業","403","道路貨物運送業","","","100~299","2","物上げ装置、運搬機械","22","動力運搬機","","","17","交通事故（道路）"
"997","1994","平成","6","6","0~1","合板製造ラインの横接機付属の堆積装置(スタッカー)を上昇させた際、昇降テーブルのフレームと配線ダクトの間に頚部を挟まれた。","1","製造業","104","木材・木製品製造業","","","100~299","1","動力機械","13","木材加工用機械","","","7","はさまれ、巻き込まれ"
"998","1994","平成","6","6","5~6","事務所の窓側に置いたテーブル上で網戸を修理中、6.25m下に墜落した。","17","その他の事業","","","","","1~9","4","仮設物、建築物、構築物等","41","仮設物、建築物、構築物等","","","1","墜落、転落"
"999","1994","平成","6","6","9~10","解体作業中の足場が崩れ、高さ12mから墜落した。","3","建設業","302","建築工事業","","","30~49","4","仮設物、建築物、構築物等","41","仮設物、建築物、構築物等","","","1","墜落、転落"
"1000","1994","平成","6","6","10~11","バイクで出張先から帰社途中、高速道路のトンネル内で運転を誤り、壁に衝突した。","8","商業","","","","","1~9","2","物上げ装置、運搬機械","23","乗物","","","17","交通事故（道路）"
"1001","1994","平成","6","6","13~14","剪定作業に取り掛かろうと移動梯子(高さ約4m)を登っていたところ、足を踏み外し墜落した。","6","農林業","602","林業","","","1~9","3","その他の装置等","37","用具","","","1","墜落、転落"
"1002","1994","平成","6","6","16~17","ビル建築の基礎工事において、バタ角とベニヤ板で簡易土止め支保工を組立中、法面の土砂が崩壊した。","3","建設業","302","建築工事業","","","10~29","7","環境等","71","環境等","","","5","崩壊、倒壊"
"1003","1994","平成","6","6","17~18","トラックで帰社途中、停車してから再びトラックに乗ろうとした時、道路上で転倒した。","1","製造業","109","窯業土石製品製造業","","","50~99","4","仮設物、建築物、構築物等","41","仮設物、建築物、構築物等","","","2","転倒"
"1004","1994","平成","6","6","1~2","4tトラックで国道を走行中、信号待ち中の大型トラックに追突した。","4","運輸交通業","403","道路貨物運送業","","","30~49","2","物上げ装置、運搬機械","22","動力運搬機","","","17","交通事故（道路）"
"1005","1994","平成","6","6","8~9","剪定作業に取り掛かるため梯子を登っていたところ、地面に墜落した。","6","農林業","602","林業","","","1~9","3","その他の装置等","37","用具","","","1","墜落、転落"
"1006","1994","平成","6","6","9~10","体育館内部に設置した枠組足場のから8.7m下に墜落した。","3","建設業","302","建築工事業","","","1~9","4","仮設物、建築物、構築物等","41","仮設物、建築物、構築物等","","","1","墜落、転落"
"1007","1994","平成","6","6","10~11","納品先店舗前に駐車したトラックの横で納品伝票を作成中、走行してきたタンクローリーが当該トラックに追突し、その弾みで飛ばされた。","8","商業","","","","","10~29","2","物上げ装置、運搬機械","22","動力運搬機","","","17","交通事故（道路）"
"1008","1994","平成","6","6","15~16","構内道路横断洞道(ボックスカルバート)建設工事において、型わく設置用足場を架設中、高さ1.97mの枠組足場上から墜落した。","3","建設業","301","土木工事業","","","30~49","4","仮設物、建築物、構築物等","41","仮設物、建築物、構築物等","","","1","墜落、転落"
"1009","1994","平成","6","6","15~16","フォークリフトの爪に乗り、棚上(高さ3m)の商品を取ろうと爪を伝って棚へ移ろうとしたところ、転落した。","8","商業","","","","","10~29","2","物上げ装置、運搬機械","22","動力運搬機","","","1","墜落、転落"
"1010","1994","平成","6","6","9~10","ワゴン車で現場視察の帰り、10tダンプカーと衝突した。","3","建設業","301","土木工事業","","","10~29","2","物上げ装置、運搬機械","23","乗物","","","17","交通事故（道路）"
"1011","1994","平成","6","6","10~11","工場1階散水機室において、散水機を支えているRC 梁のクラックをケミカルモルタルで補修中、点検口(60×60センチメートル)より汚水槽(深さ3.5m)に転落した。","3","建設業","303","その他の建設業","","","1~9","4","仮設物、建築物、構築物等","41","仮設物、建築物、構築物等","","","1","墜落、転落"
"1012","1994","平成","6","6","11~12","出張先で鉄骨製製品の据え付け作業中、フォークリフトに載せた製品が倒れ、その下敷きになった。","1","製造業","112","金属製品製造業","","","1~9","3","その他の装置等","37","用具","","","5","崩壊、倒壊"
"1013","1994","平成","6","6","13~14","木造家屋新築工事において、1階梁上で2階の梁の建方作業中、3.48m下のコンクリート床に墜落した。","3","建設業","302","建築工事業","","","1~9","4","仮設物、建築物、構築物等","41","仮設物、建築物、構築物等","","","1","墜落、転落"
"1014","1994","平成","6","6","16~17","トレーラーで機械を移送中、踏切で機械が架線に触れそうになったため、機械上に載り架線を持ち上げようとしたところ、感電した。","15","清掃・と畜業","","","","","1~9","3","その他の装置等","35","電気設備","","","13","感電"
"1015","1994","平成","6","6","9~10","鶏舎のスレート屋根を改装中、スレートを踏み抜き3.75m下のコンクリート床に墜落した。","3","建設業","302","建築工事業","","","1~9","4","仮設物、建築物、構築物等","41","仮設物、建築物、構築物等","","","9","踏み抜き"
"1016","1994","平成","6","6","9~10","ワゴン車で帰社途中、センターラインを越えてきた対向車と衝突した。","15","清掃・と畜業","","","","","50~99","2","物上げ装置、運搬機械","23","乗物","","","17","交通事故（道路）"
"1017","1994","平成","6","6","10~11","ブランコに乗り9階建ビルの外壁を清掃中、6階付近で清掃箇所を変えようとブランコを横に約2mずらしたところ、ブランコのロープが切断し約15m下の地面に墜落した。","15","清掃・と畜業","","","","","10~29","3","その他の装置等","37","用具","","","1","墜落、転落"
"1018","1994","平成","6","6","8~9","万能機の丸のこ盤で額縁材(89×3.1×2.5センチメートル)の曲がり修正作業中、受け手が材を取らないうちに押し手の被災者が手を離したため、材が反発し胸部に当たった。","3","建設業","302","建築工事業","","","1~9","1","動力機械","13","木材加工用機械","","","4","飛来、落下"
"1019","1994","平成","6","6","10~11","下水道工事現場において、溝内(4.8×1.2×深さ2.2m)で土止め支保工の準備作業中、約1m3 の土砂が崩壊した。","3","建設業","301","土木工事業","","","10~29","7","環境等","71","環境等","","","5","崩壊、倒壊"
"1020","1994","平成","6","6","11~12","国道で右折待ちをしていた大型トラックに接触しながら追い越し、その前の右折待ちのトラックに追突した。","8","商業","","","","","10~29","2","物上げ装置、運搬機械","23","乗物","","","17","交通事故（道路）"
"1021","1994","平成","6","6","11~12","RC造の屋上吹き抜け部コーキング箇所を測定中、約10m下の地上に墜落した。","3","建設業","302","建築工事業","","","1~9","4","仮設物、建築物、構築物等","41","仮設物、建築物、構築物等","","","1","墜落、転落"
"1022","1994","平成","6","6","12~13","乗用車(バン)で県道を走行中、交差点で右から直進してきたトラックと衝突した。","13","保健・衛生業","","","","","300~499","2","物上げ装置、運搬機械","23","乗物","","","17","交通事故（道路）"
"1023","1994","平成","6","6","12~13","乗用車(バン)で県道を走行中、交差点で右から直進してきたトラックと衝突した。","13","保健・衛生業","","","","","300~499","2","物上げ装置、運搬機械","23","乗物","","","17","交通事故（道路）"
"1024","1994","平成","6","6","14~15","事業場内車庫の破損個所を修理中、スレート屋根を踏み抜き墜落した。","4","運輸交通業","403","道路貨物運送業","","","30~49","4","仮設物、建築物、構築物等","41","仮設物、建築物、構築物等","","","1","墜落、転落"
"1025","1994","平成","6","6","14~15","港からトラックで砕石を生コンプラントへ運搬中、村道から海岸に転落した。","3","建設業","301","土木工事業","","","10~29","2","物上げ装置、運搬機械","22","動力運搬機","","","17","交通事故（道路）"
"1026","1994","平成","6","6","7~8","ワゴン車に同乗し現場へ向う途中、信号のない交差点で小型トラックと衝突した。","3","建設業","302","建築工事業","","","1~9","2","物上げ装置、運搬機械","23","乗物","","","17","交通事故（道路）"
"1027","1994","平成","6","6","10~11","ドライヤー設備の内部溶接準備作業中、開口部より4.8m下のコンクリート床に墜落した。","3","建設業","303","その他の建設業","","","10~29","4","仮設物、建築物、構築物等","41","仮設物、建築物、構築物等","","","1","墜落、転落"
"1028","1994","平成","6","6","10~11","木造2階建住宅建築工事において軸組作業中、胴差し(幅12センチメートル)上を移動していたときにバランスを崩し、3.73m下のコンクリート床に墜落した。","3","建設業","302","建築工事業","","","1~9","4","仮設物、建築物、構築物等","41","仮設物、建築物、構築物等","","","1","墜落、転落"
"1029","1994","平成","6","6","11~12","法面(高さ20m)上のロリップ付垂直親網に安全帯を掛けて草刈を行い、昼休みに道路上へ降りようとした際、高さ12mの位置で安全帯をロリップから外したところ転落した。","3","建設業","301","土木工事業","","","1~9","7","環境等","71","環境等","","","1","墜落、転落"
"1030","1994","平成","6","6","13~14","ドラグ・ショベルで野積みになっている産業廃棄物を整理していたところ、廃棄物が崩れドラグ・ショベルが横転した。","15","清掃・と畜業","","","","","1~9","1","動力機械","14","建設機械等","","","2","転倒"
"1031","1994","平成","6","6","18~19","調査横坑の坑口上部の法面で崩落が起きたのに気付いた被災者が、坑内に知らせようと笛を吹きながら坑口に走っていったところ、土砂に巻き込まれた。","3","建設業","301","土木工事業","","","30~49","7","環境等","71","環境等","","","5","崩壊、倒壊"
"1032","1994","平成","6","6","3~4","帰社途中、県道で駐車中の大型トレーラーに追突した。","4","運輸交通業","403","道路貨物運送業","","","50~99","2","物上げ装置、運搬機械","22","動力運搬機","","","17","交通事故（道路）"
"1033","1994","平成","6","6","8~9","温泉掘削現場で鉄骨櫓を解体中、高さ約15mの足場から転落した。","3","建設業","301","土木工事業","","","1~9","4","仮設物、建築物、構築物等","41","仮設物、建築物、構築物等","","","1","墜落、転落"
"1034","1994","平成","6","6","9~10","路上で車から荷を台車に積込中、走行してきた軽トラックにはねられた。","8","商業","","","","","10~29","2","物上げ装置、運搬機械","22","動力運搬機","","","17","交通事故（道路）"
"1035","1994","平成","6","6","10~11","バックホウのバケットに付けたフックにヒューム管(約1.2t)を吊り下げ掘削溝(深さ4.7m)に埋設する際、ワイヤが外れヒューム管が溝内の被災者に当たった。","3","建設業","301","土木工事業","","","1~9","1","動力機械","14","建設機械等","","","4","飛来、落下"
"1036","1994","平成","6","6","13~14","10tトラックで国道を走行中、交差点で信号待ち中の大型トラックに追突した。","4","運輸交通業","403","道路貨物運送業","","","10~29","2","物上げ装置、運搬機械","22","動力運搬機","","","17","交通事故（道路）"
"1037","1994","平成","6","6","16~17","生コンプラントの3階出入口に風除室を取り付けるため屋根上で溶接作業中、10m下に墜落した。","3","建設業","303","その他の建設業","","","1~9","4","仮設物、建築物、構築物等","41","仮設物、建築物、構築物等","","","1","墜落、転落"
"1038","1994","平成","6","6","22~23","焼鳥屋店内で炭を燃やしていたところ、一酸化炭素中毒になった。","14","接客娯楽業","","","","","1~9","5","物質、材料","51","危険物、有害物等","","","12","有害物等との接触"
"1039","1994","平成","6","6","3~4","アーチ橋の塗装塗替現場で作業用吊り足場を設置していた作業員7名が、休憩のため移動式クレーンの先端部に取り付けたバスケット(125×75×90センチメートル)に一度の乗り込んで下に降りる途中、バスケットが落下した。","3","建設業","302","建築工事業","","","10~29","2","物上げ装置、運搬機械","21","動力クレーン等","","","1","墜落、転落"
"1040","1994","平成","6","6","3~4","アーチ橋の塗装塗替現場で作業用吊り足場を設置していた作業員7名が、休憩のため移動式クレーンの先端部に取り付けたバスケット(125×75×90センチメートル)に一度の乗り込んで下に降りる途中、バスケットが落下した。","3","建設業","302","建築工事業","","","10~29","2","物上げ装置、運搬機械","21","動力クレーン等","","","1","墜落、転落"
"1041","1994","平成","6","6","14~15","中古自動車を取りに行き、4階駐車場から3階へ降りる際、スロープ端で壁に激突した。","4","運輸交通業","403","道路貨物運送業","","","10~29","2","物上げ装置、運搬機械","23","乗物","","","3","激突"
"1042","1994","平成","6","6","15~16","ネオンサインの移し替え作業中、外壁のパネルを取り外していたところ、乗っていた庇風テントとともに3m下の路上に墜落した。","3","建設業","302","建築工事業","","","1~9","4","仮設物、建築物、構築物等","41","仮設物、建築物、構築物等","","","1","墜落、転落"
"1043","1994","平成","6","6","10~11","保管倉庫内において、小麦フレコンバック(1袋1t)を4段積みはい付け作業中、4段目が崩れその下敷きになった。","8","商業","","","","","1~9","6","荷","61","荷","","","5","崩壊、倒壊"
"1044","1994","平成","6","6","10~11","駅構内のトイレで配管工事中、倒れてきた旧トイレのコンクリートブロック壁に挟まれた。","3","建設業","303","その他の建設業","","","50~99","4","仮設物、建築物、構築物等","41","仮設物、建築物、構築物等","","","5","崩壊、倒壊"
"1045","1994","平成","6","6","11~12","選果した過程で出る大根葉を2tダンプカーに積み、葉捨場に行く途中、村道より2.5m下の笹原に転落した。","17","その他の事業","","","","","50~99","2","物上げ装置、運搬機械","22","動力運搬機","","","17","交通事故（道路）"
"1046","1994","平成","6","6","12~13","ジェット燃料タンク浮屋根改造工事において、ポンツーン(屋根浮輪)内でシンナー等を使用して塗装中、ポンツーン内で爆発が起こった。","3","建設業","303","その他の建設業","","","1~9","5","物質、材料","51","危険物、有害物等","","","14","爆発"
"1047","1994","平成","6","6","14~15","教習車に同乗し運転指導中、教習生が運転操作を誤って反対車線に出たため対向車と正面衝突した。","12","教育・研究業","","","","","10~29","2","物上げ装置、運搬機械","23","乗物","","","17","交通事故（道路）"
"1048","1994","平成","6","6","15~16","トラック荷台上で荷卸し作業中、立て掛けられていたパネル状の荷に腰がぶつかり、これが倒れて頚部を強打した。","4","運輸交通業","403","道路貨物運送業","","","30~49","6","荷","61","荷","","","5","崩壊、倒壊"
"1049","1994","平成","6","6","3~4","普通トラックで国道を走行中、センターラインを越えてきた大型トラックと正面衝突した。","4","運輸交通業","403","道路貨物運送業","","","1~9","2","物上げ装置、運搬機械","22","動力運搬機","","","17","交通事故（道路）"
"1050","1994","平成","6","6","7~8","建築資材を積んだトレーラーで県道を走行中、カーブで横転した。","4","運輸交通業","403","道路貨物運送業","","","50~99","2","物上げ装置、運搬機械","22","動力運搬機","","","17","交通事故（道路）"
"1051","1994","平成","6","6","8~9","浚渫船の掘削用バケットの開閉用ワイヤ取替作業において、ワイヤ端部コッターを固定していたところ、ワイヤを吊り上げていた五掛用ワイヤが破断し、その弾みで倒れた被災者の上にコッターが落下した。","3","建設業","301","土木工事業","","","10~29","1","動力機械","14","建設機械等","","","4","飛来、落下"
"1052","1994","平成","6","6","11~12","1階から2階への階段を掃除中、足を踏み外して墜落した。","1","製造業","117","その他の製造業","","","30~49","4","仮設物、建築物、構築物等","41","仮設物、建築物、構築物等","","","1","墜落、転落"
"1053","1994","平成","6","6","16~17","桁のボルト締め作業を終え移動式足場を降りる際、筋交いで足を滑らせ1.06m下の地面に墜落した。","3","建設業","302","建築工事業","","","1~9","4","仮設物、建築物、構築物等","41","仮設物、建築物、構築物等","","","1","墜落、転落"
"1054","1994","平成","6","6","7~8","工場の中2階で製品の搬入作業中、作業床端より3.1m下の床に墜落した。","1","製造業","106","パルプ・紙・紙加工品製造業","","","1~9","4","仮設物、建築物、構築物等","41","仮設物、建築物、構築物等","","","1","墜落、転落"
"1055","1994","平成","6","6","8~9","移動式クレーンでパイプサポート10本を束ねた物を吊り上げたところ、1本が高さ約8mから落下し、吊荷の下で作業していた被災者を直撃した。","3","建設業","301","土木工事業","","","1~9","2","物上げ装置、運搬機械","21","動力クレーン等","","","4","飛来、落下"
"1056","1994","平成","6","6","12~13","ゴミ収集車に積込作業中、タンクローリーに追突され、収集車とタンクローリーの間に挟まれた。","15","清掃・と畜業","","","","","1~9","2","物上げ装置、運搬機械","22","動力運搬機","","","17","交通事故（道路）"
"1057","1994","平成","6","6","14~15","農道拡幅工事の準備作業として法肩(高さ9.4m、勾配80度)付近で雑木を伐採中、道路上まで転落した。","3","建設業","301","土木工事業","","","1~9","7","環境等","71","環境等","","","1","墜落、転落"
"1058","1994","平成","6","6","16~17","造林現場の見回り中、林道より先の経営道から乗用車ごと約90m下に転落した。","6","農林業","601","農業","","","1~9","2","物上げ装置、運搬機械","23","乗物","","","1","墜落、転落"
"1059","1994","平成","6","6","4~5","い草田内においてい草専用刈り取り機を修理中、突然刈り取り機が後進したため水路(深さ80センチメートル)に転落した。","8","商業","","","","","1~9","1","動力機械","16","一般動力機械","","","1","墜落、転落"
"1060","1994","平成","6","6","4~5","軽トラックで走行中、トラックと出会い頭に衝突した。","8","商業","","","","","1~9","2","物上げ装置、運搬機械","22","動力運搬機","","","17","交通事故（道路）"
"1061","1994","平成","6","6","5~6","タクシーで国道を走行中、センターラインを越え、対向してきたトラックと正面衝突した。","4","運輸交通業","402","道路旅客運送業","","","50~99","2","物上げ装置、運搬機械","23","乗物","","","17","交通事故（道路）"
"1062","1994","平成","6","6","9~10","スタッカークレーンにより自動ラック倉庫から品物を取り出し中、クレーンと自動ラックの柱の間に挟まれた。","1","製造業","101","食料品製造業","","","500~999","2","物上げ装置、運搬機械","21","動力クレーン等","","","7","はさまれ、巻き込まれ"
"1063","1994","平成","6","6","9~10","店舗新築現場でトラックから荷を卸していた被災者が、2階の梁上から墜落した。","3","建設業","302","建築工事業","","","30~49","4","仮設物、建築物、構築物等","41","仮設物、建築物、構築物等","","","1","墜落、転落"
"1064","1994","平成","6","6","10~11","アースドリル機を解体するため、当該機のフロントフレーム上のタラップを昇っていたところ、8.3m下の地上に墜落した。","3","建設業","302","建築工事業","","","1~9","1","動力機械","14","建設機械等","","","1","墜落、転落"
"1065","1994","平成","6","6","11~12","工場において故障したフォークリフトを移動させる際、別のフォークリフトでフォークを最上段にし体当たりをしていたところ、マスト全体が外れて運転席側に倒れ、押し潰された。","1","製造業","111","非鉄金属製造業","","","50~99","2","物上げ装置、運搬機械","22","動力運搬機","","","6","激突され"
"1066","1994","平成","6","6","11~12","トラクター・ショベルのバケットにワイヤを回しテトラポットを吊り上げるため玉掛作業中、テトラポットが傾いた反動で乗っていたテトラポットから転落し、その上に傾いていたテトラポットが落下した。","15","清掃・と畜業","","","","","1~9","6","荷","61","荷","","","4","飛来、落下"
"1067","1994","平成","6","6","12~13","トラック荷台上で大理石を固定してあるワイヤロープを外す作業中、大理石が倒れた。","4","運輸交通業","403","道路貨物運送業","","","1~9","5","物質、材料","52","材料","","","5","崩壊、倒壊"
"1068","1994","平成","6","6","12~13","タクシー乗務中、県道交差点で一時停止をしないで進入してきた大型トラックと衝突した。","4","運輸交通業","402","道路旅客運送業","","","10~29","2","物上げ装置、運搬機械","22","動力運搬機","","","17","交通事故（道路）"
"1069","1994","平成","6","6","13~14","単独で作業していた被災者が、無線で身体の変調を訴えた後連絡が途絶え、山の斜面で倒れていた。","6","農林業","601","農業","","","1~9","7","環境等","71","環境等","","","1","墜落、転落"
"1070","1994","平成","6","6","15~16","35tトレーラーで国道を走行中、左カーブを曲がりきれず山側に衝突した。","4","運輸交通業","403","道路貨物運送業","","","30~49","2","物上げ装置、運搬機械","22","動力運搬機","","","17","交通事故（道路）"
"1071","1994","平成","6","6","10~11","風倒木の処理作業中、4.5m下の道路に墜落した。","6","農林業","601","農業","","","100~299","7","環境等","71","環境等","","","1","墜落、転落"
"1072","1994","平成","6","6","10~11","工場内でクレーン用ランウェイガーダーを溶接する際、天井クレーンでガーダーを架台上に反転し仮置きしたところ、ハッカーが外れてガーダーが落下した。","1","製造業","112","金属製品製造業","","","1~9","3","その他の装置等","37","用具","","","4","飛来、落下"
"1073","1994","平成","6","6","10~11","ボイラーの整備点検先へライトバンで向う途中、市道交差点でダンプカーと出会い頭に衝突した。","8","商業","","","","","1~9","2","物上げ装置、運搬機械","22","動力運搬機","","","17","交通事故（道路）"
"1074","1994","平成","6","6","10~11","高速道路トンネル内での機器修理を終え、車両規制用具を片付けていたところ、走行してきた9tトラックにはねられた。","17","その他の事業","","","","","10~29","2","物上げ装置、運搬機械","22","動力運搬機","","","17","交通事故（道路）"
"1075","1994","平成","6","6","11~12","個人住宅新築工事において、1階屋根の瓦葺き作業中、ステンレス棒を持って屋根に上がったところ、送電線の架線にステンレス棒が接触し感電した。","3","建設業","302","建築工事業","","","1~9","3","その他の装置等","35","電気設備","","","13","感電"
"1076","1994","平成","6","6","11~12","タクシー乗務中、Uターンしていたところバイクに衝突された。","4","運輸交通業","402","道路旅客運送業","","","50~99","2","物上げ装置、運搬機械","23","乗物","","","17","交通事故（道路）"
"1077","1994","平成","6","6","13~14","配達を終え帰社途中、国道でセンターラインを越え、対向してきた10tトラックと正面衝突した。","8","商業","","","","","1~9","2","物上げ装置、運搬機械","23","乗物","","","17","交通事故（道路）"
"1078","1994","平成","6","6","22~23","2tトラックで国道を走行中、側道から出てきた車を避けようとした対向車がセンターラインを越え、正面衝突された。","8","商業","","","","","10~29","2","物上げ装置、運搬機械","23","乗物","","","17","交通事故（道路）"
"1079","1994","平成","6","6","4~5","工場内で作業中、気泡コンクリート養生中のオートクレーブの蓋板が破裂し、熱風を浴びた。","1","製造業","109","窯業土石製品製造業","","","100~299","3","その他の装置等","31","圧力容器","","","15","破裂"
"1080","1994","平成","6","6","10~11","コンクリート製電柱(径32センチメートル、長さ約10m)の撤去作業中、倒した電柱がバウンドして激突した。","3","建設業","303","その他の建設業","","","1~9","3","その他の装置等","35","電気設備","","","6","激突され"
"1081","1994","平成","6","6","13~14","汚水管配管工事に伴う墨出し作業のため墨出し箇所の残材を片付け中、地下2階開口部(径約1m)から約4.4m下の地下3階床面に墜落した。","3","建設業","303","その他の建設業","","","1000~9999","4","仮設物、建築物、構築物等","41","仮設物、建築物、構築物等","","","1","墜落、転落"
"1082","1994","平成","6","6","14~15","荷台を上げた8.75tダンプカーの荷台下で車軸に注油中、荷台が降下してきて挟まれた。","2","鉱業","202","土石採取業","","","10~29","2","物上げ装置、運搬機械","22","動力運搬機","","","7","はさまれ、巻き込まれ"
"1083","1994","平成","6","6","15~16","製材所構内でぬき材の残品を数えていたところ、前進してきたフォークリフトにひかれた。","1","製造業","104","木材・木製品製造業","","","50~99","2","物上げ装置、運搬機械","22","動力運搬機","","","6","激突され"
"1084","1994","平成","6","6","15~16","トラック荷台より鋼矢板1束(350キログラム×10枚)を天井クレーンで荷卸し中、鋼矢板の下敷きになった。","8","商業","","","","","10~29","2","物上げ装置、運搬機械","21","動力クレーン等","","","6","激突され"
"1085","1994","平成","6","6","15~16","倉庫建設現場において、仮設足場板上から組柱の内側に移動する際、約18m下のコンクリート床上に墜落した。","3","建設業","302","建築工事業","","","10~29","3","その他の装置等","37","用具","","","1","墜落、転落"
"1086","1994","平成","6","6","15~16","チップにする伐木を2m間隔にチェーンソーで切断中、跳ねた丸太が下半身に当たり、側方の岩との間に挟まれた。","1","製造業","104","木材・木製品製造業","","","1~9","7","環境等","71","環境等","","","7","はさまれ、巻き込まれ"
"1087","1994","平成","6","6","16~17","経理部長である被災者が自社営業所に集金に行った際、営業所長と口論になり殴られた。","3","建設業","302","建築工事業","","","1~9","9","その他","91","その他の起因物","","","90","その他"
"1088","1994","平成","6","6","16~17","上記工事現場から約50m離れた井戸を調査中、揚水ポンプのエンジンを駆けながら井戸の中で様子を見ていたところ、一酸化炭素中毒になった。","3","建設業","301","土木工事業","","","1~9","7","環境等","71","環境等","","","12","有害物等との接触"
"1089","1994","平成","6","6","16~17","上記工事現場から約50m離れた井戸を調査中、揚水ポンプのエンジンを駆けながら井戸の中で様子を見ていたところ、一酸化炭素中毒になった。","3","建設業","301","土木工事業","","","1~9","7","環境等","71","環境等","","","12","有害物等との接触"
"1090","1994","平成","6","6","16~17","自社資材置場において、足場用丸太材40本の束をトラッククレーンで吊り上げたところ、クレーンジブに材が引っかかり、これを外そうとクレーン操作をしたところ材の先端が折れ、その弾みで振れた材が被災者に激突した。","3","建設業","303","その他の建設業","","","1~9","2","物上げ装置、運搬機械","21","動力クレーン等","","","6","激突され"
"1091","1994","平成","6","6","19~20","稼働中のポリエチレンインフレーションフィルム製造機の中へ上半身を入れ、通し作業を行っていたところ、上昇してきたタッチロールに頭部を挟まれた。","1","製造業","108","化学工業","","","100~299","1","動力機械","16","一般動力機械","","","7","はさまれ、巻き込まれ"
"1092","1994","平成","6","6","21~22","セメント工場において、船からのセメント原料の荷揚げ作業中、原料ホッパー上から運転中のベルトコンベヤー上に転落し、シュートとの間に挟まれた。","17","その他の事業","","","","","1~9","2","物上げ装置、運搬機械","22","動力運搬機","","","7","はさまれ、巻き込まれ"
"1093","1994","平成","6","7","9~10","事業場前をホースで水まき中、ホースが破れ水しぶきを避けようと国道に飛び出したところ、走行してきたトラックにはねられた。","8","商業","","","","","1~9","2","物上げ装置、運搬機械","22","動力運搬機","","","17","交通事故（道路）"
"1094","1994","平成","6","7","9~10","親企業のEF調合棟において、床上操作式2t天井クレーンで硝子原料袋(600キログラム)を吊りホッパーに投入する際、フックより荷が外れて落下した。","1","製造業","109","窯業土石製品製造業","","","10~29","2","物上げ装置、運搬機械","21","動力クレーン等","","","4","飛来、落下"
"1095","1994","平成","6","7","10~11","金属製箱2個(900キログラム)をフォークリフトで持ち上げたところ、当該場所が傾斜地であったため荷が倒壊した。","1","製造業","112","金属製品製造業","","","10~29","2","物上げ装置、運搬機械","22","動力運搬機","","","5","崩壊、倒壊"
"1096","1994","平成","6","7","11~12","高さ3.7mの2階床の梁を移動中、地面に墜落した。","3","建設業","302","建築工事業","","","1~9","4","仮設物、建築物、構築物等","41","仮設物、建築物、構築物等","","","1","墜落、転落"
"1097","1994","平成","6","7","13~14","精糖用スクリューコンベヤーを拭き掃除中、コンベヤー脇の作業床端より手摺を乗り越え、3.5m下に墜落した。","1","製造業","101","食料品製造業","","","10~29","4","仮設物、建築物、構築物等","41","仮設物、建築物、構築物等","","","1","墜落、転落"
"1098","1994","平成","6","7","13~14","パワー・ショベルでU字側溝(382キログラム、長さ2m)を吊り上げたところ、ワイヤが外れ側溝が落下した。","3","建設業","301","土木工事業","","","1~9","1","動力機械","14","建設機械等","","","4","飛来、落下"
"1099","1994","平成","6","7","20~21","乗用車で現場より帰社途中、前車を追い越そうとセンターラインを越えた際、対向してきた大型トラックと正面衝突した。","3","建設業","301","土木工事業","","","1~9","2","物上げ装置、運搬機械","23","乗物","","","17","交通事故（道路）"
"1100","1994","平成","6","7","9~10","クラッシャー固定刃の入れ換え作業中、側壁に立て掛けていた固定刃(2×1.3m、約3t)が倒れ、鉄板のボルト締めをしていた被災者が可動刃と倒れた固定刃の間に挟まれた。","2","鉱業","202","土石採取業","","","10~29","1","動力機械","16","一般動力機械","","","5","崩壊、倒壊"
"1101","1994","平成","6","7","10~11","チェーンソーで立木(胸高直径22センチメートル、高さ約16m)を伐倒中、倒れてきた当該立木に直撃された。","6","農林業","601","農業","","","10~29","7","環境等","71","環境等","","","6","激突され"
"1102","1994","平成","6","7","11~12","道路(トンネル)でビル新築工事に伴うダンプから落ちる砂利の清掃作業中、ワゴン車にはねられた。","3","建設業","302","建築工事業","","","1~9","2","物上げ装置、運搬機械","23","乗物","","","17","交通事故（道路）"
"1103","1994","平成","6","7","13~14","杭打機のケーシング解体作業中、目通し吊りをしていたケーシングのワイヤがずれ、天秤状になったケーシングが機体に掛けていた被災者の安全帯ロープに落下し、その反動でケーシングに追突した。","3","建設業","302","建築工事業","","","1~9","1","動力機械","14","建設機械等","","","3","激突"
"1104","1994","平成","6","7","14~15","生コンミキサー棟の生コン排出口部において、補助ホッパー内の硬くなったコンクリートをチッパーで除去中、ホッパーゲートのシリンダーローラーが突然閉まり、頭部を挟まれた。","1","製造業","109","窯業土石製品製造業","","","1~9","3","その他の装置等","39","その他の装置、設備","","","7","はさまれ、巻き込まれ"
"1105","1994","平成","6","7","14~15","埋立工事現場において土砂の搬入及び整地作業中、誘導作業をしていた被災者がダンプカーにひかれた。","3","建設業","301","土木工事業","","","10~29","2","物上げ装置、運搬機械","22","動力運搬機","","","7","はさまれ、巻き込まれ"
"1106","1994","平成","6","7","15~16","マンション新築工事において基礎工事中、法肩が崩落した。","3","建設業","302","建築工事業","","","10~29","7","環境等","71","環境等","","","5","崩壊、倒壊"
"1107","1994","平成","6","7","15~16","中4階でシェートの取付作業中、開口部より1階に墜落した。","3","建設業","303","その他の建設業","","","1~9","4","仮設物、建築物、構築物等","41","仮設物、建築物、構築物等","","","1","墜落、転落"
"1108","1994","平成","6","7","18~19","エアコンの取付作業中、屋根より梯子を使って降りる際、梯子を踏み外し約4m下に転落した。","8","商業","","","","","1~9","3","その他の装置等","37","用具","","","1","墜落、転落"
"1109","1994","平成","6","7","23~24","タクシーで走行中、国道を右折する際、直進してきた乗用車と衝突した。","4","運輸交通業","402","道路旅客運送業","","","50~99","2","物上げ装置、運搬機械","23","乗物","","","17","交通事故（道路）"
"1110","1994","平成","6","7","16~17","大型タンクローリーで走行中、前車を追い越す際に道路右側のガードレールを突き破り、海岸の小波ブロック上に転落した。","4","運輸交通業","403","道路貨物運送業","","","10~29","2","物上げ装置、運搬機械","22","動力運搬機","","","17","交通事故（道路）"
"1111","1994","平成","6","7","2~3","トラックで配送中、乗用車と衝突した。","5","貨物取扱業","501","陸上貨物取扱業","","","10~29","2","物上げ装置、運搬機械","22","動力運搬機","","","17","交通事故（道路）"
"1112","1994","平成","6","7","3~4","天板スタッカー(パン製造過程の機械)のズレを修正するため身体を入れたところ、スタッカーのガイドが急上昇し、ガイドと台車セット梁との間に頭部を挟まれた。","1","製造業","101","食料品製造業","","","100~299","1","動力機械","16","一般動力機械","","","7","はさまれ、巻き込まれ"
"1113","1994","平成","6","7","12~13","工事現場からバイクで昼食を買いに行く途中、市道交差点で乗用車と衝突した。","3","建設業","302","建築工事業","","","1~9","2","物上げ装置、運搬機械","23","乗物","","","17","交通事故（道路）"
"1114","1994","平成","6","7","15~16","建造中の貨物船の二重底上面で溶接作業をしていた被災者が、休憩のため船外に出ようと船縁を歩行中、約7m下に墜落した。","1","製造業","115","輸送用機械等製造業","","","10~29","4","仮設物、建築物、構築物等","41","仮設物、建築物、構築物等","","","1","墜落、転落"
"1115","1994","平成","6","7","15~16","ずい道建設現場上部山肌の転石状況を調査中、法面から転落した。","3","建設業","301","土木工事業","","","10~29","7","環境等","71","環境等","","","1","墜落、転落"
"1116","1994","平成","6","7","17~18","工場屋根上でクーラーの据付作業中、プラスチック製波板を踏み抜き、4.5m下のアスファルト上に墜落した。","3","建設業","303","その他の建設業","","","1~9","4","仮設物、建築物、構築物等","41","仮設物、建築物、構築物等","","","1","墜落、転落"
"1117","1994","平成","6","7","20~21","同僚をバイクに乗せて送迎中、道路標識鉄柱に衝突した。","1","製造業","112","金属製品製造業","","","1~9","2","物上げ装置、運搬機械","23","乗物","","","17","交通事故（道路）"
"1118","1994","平成","6","7","23~24","トラックで機械を運送中、国道で停車中のトラックに追突した。","4","運輸交通業","403","道路貨物運送業","","","30~49","2","物上げ装置、運搬機械","22","動力運搬機","","","17","交通事故（道路）"
"1119","1994","平成","6","7","3~4","2tトラックで走行中、信号待ち中の10tトラックに追突した。","4","運輸交通業","403","道路貨物運送業","","","30~49","2","物上げ装置、運搬機械","22","動力運搬機","","","17","交通事故（道路）"
"1120","1994","平成","6","7","7~8","3tトラックで商品運搬中、交差点で右折信号待ち中の2tダンプカーに追突した。","4","運輸交通業","403","道路貨物運送業","","","100~299","2","物上げ装置、運搬機械","22","動力運搬機","","","17","交通事故（道路）"
"1121","1994","平成","6","7","7~8","競馬場内で馬のゲート入りの練習中、何らかの理由で後方に倒れた際、馬がゲートから飛び出し被災者の頭部を踏んだ。","14","接客娯楽業","","","","","1~9","7","環境等","71","環境等","","","6","激突され"
"1122","1994","平成","6","7","7~8","用務主事室のガス湯沸かし器又はガスコンロに点火した際、爆発が起こった。","12","教育・研究業","","","","","10~29","5","物質、材料","51","危険物、有害物等","","","14","爆発"
"1123","1994","平成","6","7","10~11","コイル状鋼板をスリッターで切断し再び巻き取る工程において、巻取箇所に潤滑剤を噴霧していた被災者が、鋼板に挟まれた。","1","製造業","112","金属製品製造業","","","30~49","1","動力機械","16","一般動力機械","","","7","はさまれ、巻き込まれ"
"1124","1994","平成","6","7","10~11","集水マスの土砂排出作業中、後進中のコーンホイル車(2tトラック)の後方ステップに乗っていた被災者が、ステップから落ちてひかれた。","3","建設業","303","その他の建設業","","","10~29","2","物上げ装置、運搬機械","22","動力運搬機","","","6","激突され"
"1125","1994","平成","6","7","11~12","下水道工事現場において、ドラグ・ショベルで土砂を均す作業中、運転席から身を乗り出す際にレバーに触れ、動いたブームに挟まれた。","3","建設業","301","土木工事業","","","1~9","1","動力機械","14","建設機械等","","","7","はさまれ、巻き込まれ"
"1126","1994","平成","6","7","12~13","現場敷地内でトラックの後進誘導中、ひかれた。","3","建設業","303","その他の建設業","","","1~9","2","物上げ装置、運搬機械","22","動力運搬機","","","7","はさまれ、巻き込まれ"
"1127","1994","平成","6","7","13~14","林道拡幅工事において、擁壁基礎用の溝をスコップで均していたところ、上部法面が高さ約6m、幅13mに渡って崩壊した。","3","建設業","301","土木工事業","","","10~29","7","環境等","71","環境等","","","5","崩壊、倒壊"
"1128","1994","平成","6","7","15~16","鉄塔の組立作業中、14mの高さから墜落した。","3","建設業","302","建築工事業","","","10~29","4","仮設物、建築物、構築物等","41","仮設物、建築物、構築物等","","","1","墜落、転落"
"1129","1994","平成","6","7","16~17","本店から約150m離れた店舗へ魚介類を手押車に載せて運搬中、後方から来た乗用車にはねられた。","8","商業","","","","","30~49","2","物上げ装置、運搬機械","23","乗物","","","17","交通事故（道路）"
"1130","1994","平成","6","7","2~3","3階建鉄骨造の寄宿舎で火災が発生し、逃げ遅れた。","3","建設業","302","建築工事業","","","100~299","4","仮設物、建築物、構築物等","41","仮設物、建築物、構築物等","","","16","火災"
"1131","1994","平成","6","7","2~3","3階建鉄骨造の寄宿舎で火災が発生し、逃げ遅れた。","3","建設業","302","建築工事業","","","100~299","4","仮設物、建築物、構築物等","41","仮設物、建築物、構築物等","","","16","火災"
"1132","1994","平成","6","7","2~3","3階建鉄骨造の寄宿舎で火災が発生し、逃げ遅れた。","3","建設業","302","建築工事業","","","100~299","4","仮設物、建築物、構築物等","41","仮設物、建築物、構築物等","","","16","火災"
"1133","1994","平成","6","7","2~3","3階建鉄骨造の寄宿舎で火災が発生し、逃げ遅れた。","3","建設業","302","建築工事業","","","100~299","4","仮設物、建築物、構築物等","41","仮設物、建築物、構築物等","","","16","火災"
"1134","1994","平成","6","7","2~3","3階建鉄骨造の寄宿舎で火災が発生し、逃げ遅れた。","3","建設業","302","建築工事業","","","100~299","4","仮設物、建築物、構築物等","41","仮設物、建築物、構築物等","","","16","火災"
"1135","1994","平成","6","7","2~3","3階建鉄骨造の寄宿舎で火災が発生し、逃げ遅れた。","3","建設業","302","建築工事業","","","100~299","4","仮設物、建築物、構築物等","41","仮設物、建築物、構築物等","","","16","火災"
"1136","1994","平成","6","7","2~3","3階建鉄骨造の寄宿舎で火災が発生し、逃げ遅れた。","3","建設業","302","建築工事業","","","100~299","4","仮設物、建築物、構築物等","41","仮設物、建築物、構築物等","","","16","火災"
"1137","1994","平成","6","7","2~3","3階建鉄骨造の寄宿舎で火災が発生し、逃げ遅れた。","3","建設業","302","建築工事業","","","100~299","4","仮設物、建築物、構築物等","41","仮設物、建築物、構築物等","","","16","火災"
"1138","1994","平成","6","7","10~11","養殖いけすを漁船で曳航中、漁船といけすを繋いでいたビニルロープが切れ、その反動で操船していた被災者が海上へ落ちた。","7","畜産・水産業","","","","","30~49","2","物上げ装置、運搬機械","23","乗物","","","10","おぼれ"
"1139","1994","平成","6","7","10~11","高速道路の清掃を終え作業車に向かって歩いていたところ、走行してきた乗用車にはねられた。","15","清掃・と畜業","","","","","1~9","2","物上げ装置、運搬機械","23","乗物","","","17","交通事故（道路）"
"1140","1994","平成","6","7","12~13","新幹線建設工事の高架橋工事現場において、昼食へ向う途中ふらふらしていたため病院に収容されたが、日射病により死亡した。","3","建設業","301","土木工事業","","","1~9","7","環境等","71","環境等","","","90","その他"
"1141","1994","平成","6","7","15~16","角材運搬中のフォークリフトが、通路で作業していた被災者に気付くのが遅れて急ブレーキを掛けたところ、角材一束(約450キログラム)が落下しその下敷きになった。","1","製造業","104","木材・木製品製造業","","","30~49","2","物上げ装置、運搬機械","22","動力運搬機","","","4","飛来、落下"
"1142","1994","平成","6","7","17~18","ホテル1階調理場より出火したため客を避難誘導中、煙に巻かれた。","14","接客娯楽業","","","","","1~9","3","その他の装置等","39","その他の装置、設備","","","16","火災"
"1143","1994","平成","6","7","10~11","自社倉庫内で在庫確認中、踏み台から転落し、コンクリート床で頭部を強打した。","8","商業","","","","","1~9","3","その他の装置等","37","用具","","","1","墜落、転落"
"1144","1994","平成","6","7","11~12","エアコン取付作業において、2階屋上に室外ユニットを設置中、屋上から屋外階段を降りる途中で蜂に刺された。","8","商業","","","","","100~299","7","環境等","71","環境等","","","90","その他"
"1145","1994","平成","6","7","15~16","バールで釘の引き抜き作業中、足を踏み外して床面開口部に(深さ58センチメートル)に落ち、バールが腹に刺さった。","3","建設業","302","建築工事業","","","1~9","4","仮設物、建築物、構築物等","41","仮設物、建築物、構築物等","","","1","墜落、転落"
"1146","1994","平成","6","7","18~19","店舗改装工事現場において、ビティ足場上で電飾装置を取付中、約5m下の地上に墜落した。","3","建設業","302","建築工事業","","","1~9","4","仮設物、建築物、構築物等","41","仮設物、建築物、構築物等","","","1","墜落、転落"
"1147","1994","平成","6","7","1~2","テーブルリフターにより高さ1.3mのステージ上まで上昇させた蓄電池式フォークリフトを発進させる際に運転を誤り、フォークリフトが後退しリフターから転落した。","8","商業","","","","","30~49","2","物上げ装置、運搬機械","22","動力運搬機","","","1","墜落、転落"
"1148","1994","平成","6","7","4~5","トラックで国道を走行中、信号停車中のトラックに追突した。","4","運輸交通業","403","道路貨物運送業","","","50~99","2","物上げ装置、運搬機械","22","動力運搬機","","","17","交通事故（道路）"
"1149","1994","平成","6","7","10~11","木造2階建店舗を解体中、棟木(径約50センチメートル)上から約5m下に墜落した。","3","建設業","302","建築工事業","","","10~29","4","仮設物、建築物、構築物等","41","仮設物、建築物、構築物等","","","1","墜落、転落"
"1150","1994","平成","6","7","11~12","外部単管足場の組立作業中、躯体2階床の開口部から5m下の1階に墜落した。","3","建設業","302","建築工事業","","","1~9","4","仮設物、建築物、構築物等","41","仮設物、建築物、構築物等","","","1","墜落、転落"
"1151","1994","平成","6","7","15~16","防波堤延長工事現場において、水深13mの基礎マウンドで拾石の均し作業をしていた被災者が、潜水器を外した状態で海面に浮上し、空気塞栓症により死亡した。","3","建設業","301","土木工事業","","","1~9","7","環境等","71","環境等","","","12","有害物等との接触"
"1152","1994","平成","6","7","17~18","ドラグ・ショベルで井桁ブロック部材(180キログラム)を吊り上げ旋回したところ、玉掛ワイヤから部材が外れ落下した。","3","建設業","301","土木工事業","","","1~9","3","その他の装置等","37","用具","","","4","飛来、落下"
"1153","1994","平成","6","7","10~11","現場を下見するため宿泊所前で車を待っていた時、蜂に刺された。","3","建設業","302","建築工事業","","","10~29","7","環境等","71","環境等","","","90","その他"
"1154","1994","平成","6","7","12~13","2階庇(高さ4m、幅90センチメートル)上に立てた脚立(高さ1m)に乗り窓を清掃した後、脚立を降りる際にコンクリート地面に墜落した。","15","清掃・と畜業","","","","","50~99","3","その他の装置等","37","用具","","","1","墜落、転落"
"1155","1994","平成","6","7","22~23","居酒屋店内で豚肉の串刺し作業中、手の傷から細菌(レンサ球菌)が入り、敗血症に至った。","14","接客娯楽業","","","","","10~29","9","その他","91","その他の起因物","","","90","その他"
"1156","1994","平成","6","7","23~24","パチンコ店の営業終了後、2階事務所に売上金を運んでいたところ、強盗に襲われ拳銃で撃たれた。","14","接客娯楽業","","","","","10~29","9","その他","91","その他の起因物","","","90","その他"
"1157","1994","平成","6","7","4~5","建設業付属寄宿舎2階で就眠中、1階炊事場より出火し逃げ遅れた。(外)","3","建設業","301","土木工事業","","","10~29","4","仮設物、建築物、構築物等","41","仮設物、建築物、構築物等","","","16","火災"
"1158","1994","平成","6","7","4~5","建設業付属寄宿舎2階で就眠中、1階炊事場より出火し逃げ遅れた。(外)","3","建設業","301","土木工事業","","","10~29","4","仮設物、建築物、構築物等","41","仮設物、建築物、構築物等","","","16","火災"
"1159","1994","平成","6","7","22~23","トラックで高速道路を走行中、運転席のキャビンが突然持ち上がり、車外に投げ出された被災者が自車の後輪にひかれた。","4","運輸交通業","403","道路貨物運送業","","","100~299","2","物上げ装置、運搬機械","22","動力運搬機","","","17","交通事故（道路）"
"1160","1994","平成","6","7","10~11","国有林内で下刈作業中、スズメ蜂に刺されショック死した。","6","農林業","601","農業","","","30~49","7","環境等","71","環境等","","","90","その他"
"1161","1994","平成","6","7","11~12","1階天井部の型わくパネル上で配筋作業中、型わくパネルが崩壊し墜落した。","3","建設業","302","建築工事業","","","1~9","4","仮設物、建築物、構築物等","41","仮設物、建築物、構築物等","","","1","墜落、転落"
"1162","1994","平成","6","7","14~15","ワゴン車で国道を走行中、対向車線にはみ出し、対向してきた大型トラックと正面衝突した。","1","製造業","101","食料品製造業","","","10~29","2","物上げ装置、運搬機械","22","動力運搬機","","","17","交通事故（道路）"
"1163","1994","平成","6","7","14~15","宅地造成現場で側溝のタイル貼り作業中、町道を逸脱し道路横の斜面を滑走してきた乗用車に衝突された。","3","建設業","301","土木工事業","","","1~9","2","物上げ装置、運搬機械","23","乗物","","","17","交通事故（道路）"
"1164","1994","平成","6","7","14~15","国道の除草作業現場で交通誘導業務を行うため路側帯内を移動中、後方より普通乗用車に衝突された。","17","その他の事業","","","","","50~99","2","物上げ装置、運搬機械","23","乗物","","","17","交通事故（道路）"
"1165","1994","平成","6","7","14~15","2階から1階へ製品を下ろす際、エレベータ(巻上げ用チェーンにフックが付けられ搬器が吊り下げられている)のフックが外れ、搬器とともに1階に墜落した。","1","製造業","117","その他の製造業","","","30~49","2","物上げ装置、運搬機械","21","動力クレーン等","","","1","墜落、転落"
"1166","1994","平成","6","7","15~16","排水処理施設工事現場において、吊り金車を使いCVケーブルの引き込み作業中、フックの取付部が伸びて金車が落下し、ウインチ操作をしていた被災者を直撃した。","3","建設業","303","その他の建設業","","","1~9","2","物上げ装置、運搬機械","21","動力クレーン等","","","4","飛来、落下"
"1167","1994","平成","6","7","15~16","4tミキサー車で走行中、側溝で脱輪し2m下の畑へ転落した。","1","製造業","109","窯業土石製品製造業","","","10~29","2","物上げ装置、運搬機械","22","動力運搬機","","","17","交通事故（道路）"
"1168","1994","平成","6","7","16~17","駅構内において、入線してきた電車の先頭車両に接触した。","9","金融・広告業","","","","","1000~9999","2","物上げ装置、運搬機械","23","乗物","","","18","交通事故（その他）"
"1169","1994","平成","6","7","16~17","防水シート張り作業中、屋根の軒先でバランスを崩し、8.2m下の地面に墜落した。","3","建設業","302","建築工事業","","","1~9","4","仮設物、建築物、構築物等","41","仮設物、建築物、構築物等","","","1","墜落、転落"
"1170","1994","平成","6","7","20~21","ずい道切羽のこそく作業後、運搬した支保工の玉掛ワイヤを取り外し中、鏡面より三角状の岩(4.5×3.5×2m、厚さ50センチメートル)が剥離倒壊した。","3","建設業","301","土木工事業","","","30~49","7","環境等","71","環境等","","","5","崩壊、倒壊"
"1171","1994","平成","6","7","3~4","電話回線用地下ケーブル撤去現場に、走行してきたトラックが突っ込んできた。","3","建設業","303","その他の建設業","","","1~9","2","物上げ装置、運搬機械","22","動力運搬機","","","17","交通事故（道路）"
"1172","1994","平成","6","7","4~5","工場内において、ライナー巻取機のライナーを巻取ボックスに巻き付ける作業中、寸動スイッチではなく自動スイッチを入れた状態で作業していたため、巻取ボックスに巻き込まれた。","1","製造業","108","化学工業","","","300~499","1","動力機械","16","一般動力機械","","","7","はさまれ、巻き込まれ"
"1173","1994","平成","6","7","5~6","4tトラックで荷を運搬中、対向車線にはみ出し、対向してきた10tトラックと正面衝突した。","4","運輸交通業","403","道路貨物運送業","","","1~9","2","物上げ装置、運搬機械","22","動力運搬機","","","17","交通事故（道路）"
"1174","1994","平成","6","7","9~10","生コンプラント最上部において、治具(ヘラに枝の付いた物、長さ102センチメートル)を使い砂利運搬用ベルトコンベヤーの動力伝達用ロールに付いた土を落としていたところ、動かしながら作業したため治具がコンベヤーに触れ巻き込まれた。","1","製造業","109","窯業土石製品製造業","","","10~29","2","物上げ装置、運搬機械","22","動力運搬機","","","7","はさまれ、巻き込まれ"
"1175","1994","平成","6","7","11~12","伐採現場で伐倒木の玉切り作業中、同僚が伐倒した木が滑落し、被災者に激突した。","6","農林業","601","農業","","","30~49","7","環境等","71","環境等","","","6","激突され"
"1176","1994","平成","6","7","13~14","コンクリート型枠の開閉装置を修理中、てんかん症状を引き起こしコンクリート床に昏倒した際、頭部を強打した。","1","製造業","112","金属製品製造業","","","1~9","4","仮設物、建築物、構築物等","41","仮設物、建築物、構築物等","","","2","転倒"
"1177","1994","平成","6","7","13~14","隣接したビルの屋上から解体作業を監視中、解体していた壁が隣接マンション側に倒壊しそうになったため、これを防止しようと他の隣接ビルに飛び移ろうとしたところ、足を滑らせ約10m下の地上に墜落した。","3","建設業","302","建築工事業","","","10~29","4","仮設物、建築物、構築物等","41","仮設物、建築物、構築物等","","","1","墜落、転落"
"1178","1994","平成","6","7","14~15","ビル新築工事において、クレーンで屋上に運んだ仮ばらしした足場(2層2スパン)を本ばらしする作業中、玉外ししたワイヤが足場に引っかかり、横倒しになった足場とともに30m下の地面に墜落した。","3","建設業","302","建築工事業","","","30~49","4","仮設物、建築物、構築物等","41","仮設物、建築物、構築物等","","","1","墜落、転落"
"1179","1994","平成","6","7","14~15","ワイヤロープを使い原木3本(約300キログラム)を車で牽引中、途中に取り付けてあった滑車固定用ワイヤロープが切断し、その弾みで飛来した滑車に激突された。","6","農林業","601","農業","","","1~9","2","物上げ装置、運搬機械","22","動力運搬機","","","4","飛来、落下"
"1180","1994","平成","6","7","14~15","ビル新築工事において、クレーンで屋上に運んだ仮ばらしした足場(2層2スパン)を本ばらしする作業中、玉外ししたワイヤが足場に引っかかり、横倒しになった足場とともに30m下の地面に墜落した。","3","建設業","302","建築工事業","","","100~299","4","仮設物、建築物、構築物等","41","仮設物、建築物、構築物等","","","1","墜落、転落"
"1181","1994","平成","6","7","14~15","屋外土間資材置場において、単管、型わく、支保工資材の仕分け、選別、片付け作業をしていた被災者が、口鼻より出血して倒れているところを発見された。","3","建設業","302","建築工事業","","","1~9","9","その他","99","分類不能","","","99","分類不能"
"1182","1994","平成","6","7","15~16","ブル・ドーザーでスキー場のゲレンデを整備中、機体のバランスが崩れて横転した。","4","運輸交通業","404","その他の運輸交通業","","","1~9","1","動力機械","14","建設機械等","","","2","転倒"
"1183","1994","平成","6","7","0~1","大型トラックで走行中、信号待ち中の大型トラックに追突した。","4","運輸交通業","403","道路貨物運送業","","","50~99","2","物上げ装置、運搬機械","22","動力運搬機","","","17","交通事故（道路）"
"1184","1994","平成","6","7","5~6","バイクで新聞配達中、駐車場を閉鎖していた鉄製鎖に気付かず衝突した。","8","商業","","","","","10~29","2","物上げ装置、運搬機械","23","乗物","","","17","交通事故（道路）"
"1185","1994","平成","6","7","6~7","バイカゴ漁中、カゴ巻き上げ機のロープに足が絡まり、そのままドラムに巻き込まれた。","7","畜産・水産業","","","","","1~9","2","物上げ装置、運搬機械","21","動力クレーン等","","","7","はさまれ、巻き込まれ"
"1186","1994","平成","6","7","8~9","製紙用触媒(カヤブチルD)をポリ容器からチャージタンクに仕込中、カヤブチルDの蒸気に引火した。","1","製造業","108","化学工業","","","10~29","5","物質、材料","51","危険物、有害物等","","","16","火災"
"1187","1994","平成","6","7","11~12","砕石を積んだ不整地運搬車(積載荷重4t)で工事用道路の下り坂を走行中、路肩から転落した。","3","建設業","301","土木工事業","","","10~29","2","物上げ装置、運搬機械","22","動力運搬機","","","1","墜落、転落"
"1188","1994","平成","6","7","13~14","軽自動車で国道を走行中、センターラインを越え、対向してきたタンクローリーと正面衝突した。","17","その他の事業","","","","","1~9","2","物上げ装置、運搬機械","23","乗物","","","17","交通事故（道路）"
"1189","1994","平成","6","7","14~15","坂道(勾配7.4度)に停車中のトラックが動き出し、歩行中の被災者が前方に停車中のダンプカーとの間に挟まれた。","3","建設業","301","土木工事業","","","100~299","2","物上げ装置、運搬機械","22","動力運搬機","","","6","激突され"
"1190","1994","平成","6","7","18~19","製鋼所内予熱ヒーター解体工事においてダクトを撤去中、クレーンで吊ったダクトの下に入り支持ステーをガス溶断していたところ、ダクトが落下した。","3","建設業","303","その他の建設業","","","1~9","3","その他の装置等","39","その他の装置、設備","","","4","飛来、落下"
"1191","1994","平成","6","7","2~3","反応器内で行っていた触媒抜き取り作業を交替するため器外に出る際、誤配線のため漏電していた携帯用防爆型電灯に接触した。","3","建設業","303","その他の建設業","","","30~49","3","その他の装置等","35","電気設備","","","13","感電"
"1192","1994","平成","6","7","9~10","住宅新築現場において、4.9tトラッククレーンで外壁材(約2.3t)を吊り上げ旋回し、家の基礎部分に降ろそうとブームを倒したところ、トラッククレーンが転倒し、その弾みで落下した材の下敷きになった。","3","建設業","302","建築工事業","","","30~49","2","物上げ装置、運搬機械","21","動力クレーン等","","","4","飛来、落下"
"1193","1994","平成","6","7","11~12","配電線に接触する竹の伐採現場で交通整理に当たっていた被災者が、日射病になった。","17","その他の事業","","","","","10~29","7","環境等","71","環境等","","","90","その他"
"1194","1994","平成","6","7","11~12","自転車で交差点を渡っていたところ、軽トラックにはねられた。","17","その他の事業","","","","","1000~9999","2","物上げ装置、運搬機械","22","動力運搬機","","","17","交通事故（道路）"
"1195","1994","平成","6","7","13~14","マンション建設現場でショベルローダーを修理中、移動してきたパワー・ショベルとローダーの間に挟まれた。","1","製造業","117","その他の製造業","","","1~9","1","動力機械","14","建設機械等","","","7","はさまれ、巻き込まれ"
"1196","1994","平成","6","7","14~15","採石場法面近くで岩石と木屑の仕分け作業中、法面上方から落下してきた岩石が頭部を直撃した。","2","鉱業","202","土石採取業","","","10~29","7","環境等","71","環境等","","","4","飛来、落下"
"1197","1994","平成","6","7","16~17","木材置場で9.5tトラックより伐採木を卸していたところ、作業手順を誤ったため材木35本(約2.5t)が崩れ落ち、その下敷きになった。","1","製造業","104","木材・木製品製造業","","","30~49","2","物上げ装置、運搬機械","22","動力運搬機","","","5","崩壊、倒壊"
"1198","1994","平成","6","7","1~2","11tトラックで高速道路を走行中、登坂車線に停車していた故障車に追突した。","4","運輸交通業","403","道路貨物運送業","","","50~99","2","物上げ装置、運搬機械","23","乗物","","","17","交通事故（道路）"
"1199","1994","平成","6","7","9~10","軽トラックで取引先へ向う途中、左後輪が道路から脱落したため車から降り後部を押していたところ、車が急に後退し後部荷台下に巻き込まれた。","8","商業","","","","","10~29","2","物上げ装置、運搬機械","22","動力運搬機","","","7","はさまれ、巻き込まれ"
"1200","1994","平成","6","7","12~13","道路整備工事現場において、トラック荷台より雑木を焼却場所の穴へ降ろした後、穴の端付近にいた被災者がトラック後輪に身体を挟まれた。","3","建設業","301","土木工事業","","","1~9","2","物上げ装置、運搬機械","22","動力運搬機","","","7","はさまれ、巻き込まれ"
"1201","1994","平成","6","7","12~13","電柱建替工事跡のカラーペイント塗布工事現場において交通整理中、2tトラックにひかれた。","17","その他の事業","","","","","10~29","2","物上げ装置、運搬機械","22","動力運搬機","","","17","交通事故（道路）"
"1202","1994","平成","6","7","14~15","トラックで走行中、交差点で停車しようとしていたダンプカーに追突した。","4","運輸交通業","403","道路貨物運送業","","","10~29","2","物上げ装置、運搬機械","22","動力運搬機","","","17","交通事故（道路）"
"1203","1994","平成","6","7","15~16","段ボール印刷成型機械の起動リミットスイッチの交換作業中、充電部(交流200V)に指が触れた。","1","製造業","106","パルプ・紙・紙加工品製造業","","","50~99","1","動力機械","16","一般動力機械","","","13","感電"
"1204","1994","平成","6","7","15~16","樹木の伐採作業中、擁壁から足を滑らせ0.75m下の川床へ転落し、頭部を強打した。","6","農林業","602","林業","","","1~9","4","仮設物、建築物、構築物等","41","仮設物、建築物、構築物等","","","1","墜落、転落"
"1205","1994","平成","6","7","16~17","軽トラックで現場へ向う途中路肩に脱輪し、炎天下で約1時間をかけて軽トラックを道路に上げた後、再び車を走らせたが反対側の路肩に脱輪し、降車したところ熱中症で倒れた。","17","その他の事業","","","","","30~49","7","環境等","71","環境等","","","90","その他"
"1206","1994","平成","6","7","16~17","造林作業に従事していた被災者が、倒れていた。","6","農林業","601","農業","","","50~99","7","環境等","71","環境等","","","90","その他"
"1207","1994","平成","6","7","17~18","現場で柱材の枠組作業中、熱中症になった。","3","建設業","302","建築工事業","","","1~9","7","環境等","71","環境等","","","90","その他"
"1208","1994","平成","6","7","20~21","出張先より寮へ帰る途中、バイクにひかれた。","12","教育・研究業","","","","","500~999","2","物上げ装置、運搬機械","23","乗物","","","17","交通事故（道路）"
"1209","1994","平成","6","7","21~22","道路舗装改良工事現場で交通整理中、トラックにコンクリートガラを積んでいたユンボのバケットからガラが落ち、被災者を直撃した。","17","その他の事業","","","","","1~9","1","動力機械","14","建設機械等","","","4","飛来、落下"
"1210","1994","平成","6","7","8~9","塗装工事のための枠組足場を組立中、貯蔵庫屋根(高さ10m)上で傷み状況を確認していたところ、墜落した。","3","建設業","302","建築工事業","","","10~29","4","仮設物、建築物、構築物等","41","仮設物、建築物、構築物等","","","1","墜落、転落"
"1211","1994","平成","6","7","9~10","廃材をチップに加工するラインにおいて、ドラグ・ショベルを使いコンベヤーに運んでいたところ、廃材(径10センチメートル、長さ15センチメートル)が近くにいた被災者の頭部に当たった。","1","製造業","104","木材・木製品製造業","","","10~29","5","物質、材料","52","材料","","","4","飛来、落下"
"1212","1994","平成","6","7","11~12","林業作業用歩道の草刈中、谷側に150m転落した。","6","農林業","601","農業","","","1~9","7","環境等","71","環境等","","","1","墜落、転落"
"1213","1994","平成","6","7","16~17","郵便収集車で走行中、カーブを曲がりきれずにスリップした対向車両と衝突した。","5","貨物取扱業","501","陸上貨物取扱業","","","100~299","2","物上げ装置、運搬機械","22","動力運搬機","","","17","交通事故（道路）"
"1214","1994","平成","6","7","9~10","反対車線に向かってUターンしようとした大型トラックに追突した。","1","製造業","113","一般機械器具製造業","","","1~9","2","物上げ装置、運搬機械","22","動力運搬機","","","17","交通事故（道路）"
"1215","1994","平成","6","7","10~11","汚水ピットの中に脚立を降ろして入ったところ、腐敗した魚から発生した硫化水素を吸入し意識を失った。","17","その他の事業","","","","","1~9","5","物質、材料","51","危険物、有害物等","","","12","有害物等との接触"
"1216","1994","平成","6","7","10~11","フォークリフトで工場内通路を走行中、Uターンする際に横転し、フォークリフトのヘッドガード枠と通路面に挟まれた。","1","製造業","101","食料品製造業","","","30~49","2","物上げ装置、運搬機械","22","動力運搬機","","","7","はさまれ、巻き込まれ"
"1217","1994","平成","6","7","15~16","送電線の架線工事において、鉄塔上で延線用ワイヤを中線アームから地線アームへ移動する作業中、延線用ワイヤの引きロープ巻上ウインチが横転したためワイヤが落下し、ワイヤの端を工具吊りフックに掛けていた被災者が、ワイヤに引っ張られ約43m下に墜落した。","3","建設業","303","その他の建設業","","","10~29","4","仮設物、建築物、構築物等","41","仮設物、建築物、構築物等","","","1","墜落、転落"
"1218","1994","平成","6","7","16~17","親企業の工場内において、船体ブロック部材の仮止め溶接作業中、溶接棒又はホルダーが腹部に触れ感電した。","1","製造業","113","一般機械器具製造業","","","50~99","3","その他の装置等","33","溶接装置","","","13","感電"
"1219","1994","平成","6","7","16~17","1階屋根の桁とタルキの上に載り、携帯用丸のこ盤でタルキの長さを揃えていたところ、タルキが折れ3.53m下の地上に墜落した。","3","建設業","302","建築工事業","","","1~9","4","仮設物、建築物、構築物等","41","仮設物、建築物、構築物等","","","1","墜落、転落"
"1220","1994","平成","6","7","8~9","伐倒木(胸高直径22センチメートル)が倒れる際に近くの立木の枝に接触し、跳ねた根元部分が被災者に激突した。","6","農林業","601","農業","","","1~9","7","環境等","71","環境等","","","6","激突され"
"1221","1994","平成","6","7","8~9","路面に砂利敷作業をする際、砂利運搬のため後進してきたダンプカーにひかれた。","3","建設業","301","土木工事業","","","10~29","2","物上げ装置、運搬機械","22","動力運搬機","","","7","はさまれ、巻き込まれ"
"1222","1994","平成","6","7","8~9","簡易リフト(積載荷重200キログラム)で昇降中、搬器の上で倒れ、1階天井部と搬器の間に胸を挟まれた。","8","商業","","","","","10~29","2","物上げ装置、運搬機械","21","動力クレーン等","","","7","はさまれ、巻き込まれ"
"1223","1994","平成","6","7","9~10","土場に積んだ材の積込を手伝っていたところ、転がり落ちてきた材の下敷きになった。","6","農林業","601","農業","","","1~9","5","物質、材料","52","材料","","","5","崩壊、倒壊"
"1224","1994","平成","6","7","9~10","産業廃棄物運搬船上において、舷燈付近の補修作業中、足場から約3.2m下に墜落した。","1","製造業","115","輸送用機械等製造業","","","1~9","4","仮設物、建築物、構築物等","41","仮設物、建築物、構築物等","","","1","墜落、転落"
"1225","1994","平成","6","7","10~11","工事現場で交通整理中、後進してきたドラグ・ショベルにひかれた。","17","その他の事業","","","","","100~299","1","動力機械","14","建設機械等","","","6","激突され"
"1226","1994","平成","6","7","11~12","市場のポンプピット内で機械を修理中、汚水が漏れてきて倒れた。","1","製造業","117","その他の製造業","","","1~9","5","物質、材料","51","危険物、有害物等","","","10","おぼれ"
"1227","1994","平成","6","7","11~12","ショッピングセンターの生ゴミ処理設備の内部を清掃中、ゴミ排出口の蓋に挟まれた。","15","清掃・と畜業","","","","","30~49","3","その他の装置等","39","その他の装置、設備","","","7","はさまれ、巻き込まれ"
"1228","1994","平成","6","7","13~14","石灰石の小割貯石施設のストレージタンクの整備を終え片付け作業中、10m下のタンク底に墜落した。","2","鉱業","203","その他の鉱業","","","50~99","3","その他の装置等","39","その他の装置、設備","","","1","墜落、転落"
"1229","1994","平成","6","7","14~15","一側足場上で外壁塗装作業中、13階から12階へ移動する際、昇降設備がないため足場の建枠を伝って降りる途中、8m下の10階ベランダ上に墜落した。","3","建設業","302","建築工事業","","","不明","4","仮設物、建築物、構築物等","41","仮設物、建築物、構築物等","","","1","墜落、転落"
"1230","1994","平成","6","7","14~15","宿泊施設の倉庫の屋根上において、日干しにした布団の取り入れ作業中、倉庫とそれに隣接する建物の隙間(約1.5m)から約8m下に墜落した。","14","接客娯楽業","","","","","1~9","4","仮設物、建築物、構築物等","41","仮設物、建築物、構築物等","","","1","墜落、転落"
"1231","1994","平成","6","7","17~18","バイクで新聞配達中、交差点で軽トラックと衝突した。","8","商業","","","","","10~29","2","物上げ装置、運搬機械","22","動力運搬機","","","17","交通事故（道路）"
"1232","1994","平成","6","7","17~18","ダンプカーで帰社途中、高速道路出口の立体交差点の橋脚に激突した。","4","運輸交通業","403","道路貨物運送業","","","10~29","2","物上げ装置、運搬機械","22","動力運搬機","","","17","交通事故（道路）"
"1233","1994","平成","6","7","9~10","立木の皆伐作業中、伐倒木に直撃された。","6","農林業","601","農業","","","1~9","7","環境等","71","環境等","","","6","激突され"
"1234","1994","平成","6","7","10~11","自転車で客先へ向う途中、センターラインを越えてきた大型ダンプカーと衝突した。","3","建設業","303","その他の建設業","","","1~9","2","物上げ装置、運搬機械","22","動力運搬機","","","17","交通事故（道路）"
"1235","1994","平成","6","7","11~12","トラック荷台上(高さ約1m)で鉄鋼材料をレバーブロック(チェーン式締付具)で閉めていたところ、このフックとチェーンを固定しているピンが折れ、その反動で荷台から転落し鋼板の角で頭部を打った。","8","商業","","","","","10~29","3","その他の装置等","36","人力機械工具等","","","1","墜落、転落"
"1236","1994","平成","6","7","11~12","施盤により鋼棒の穴あけ等の加工作業中、着衣が銅棒の端部に巻き込まれ、首を締められた。","1","製造業","112","金属製品製造業","","","1~9","1","動力機械","16","一般動力機械","","","7","はさまれ、巻き込まれ"
"1237","1994","平成","6","7","15~16","ホテル内レストランの厨房の配線作業中、200Vの電源に接触した。","3","建設業","303","その他の建設業","","","1~9","3","その他の装置等","35","電気設備","","","13","感電"
"1238","1994","平成","6","7","15~16","土捨場造成工事現場において、立木(胸高直径33.6センチメートル、高さ18m)をチェーンソーで伐倒中、倒れてきた伐倒木の下敷きになった。","3","建設業","301","土木工事業","","","10~29","7","環境等","71","環境等","","","6","激突され"
"1239","1994","平成","6","7","16~17","上記現場において、ブラケット一側足場上での作業を終えた直後、3.8m下に墜落した。","3","建設業","302","建築工事業","","","1~9","4","仮設物、建築物、構築物等","41","仮設物、建築物、構築物等","","","1","墜落、転落"
"1240","1994","平成","6","7","3~4","トラックで国道を走行中、工事用信号で停まっていたトラックに追突した。","4","運輸交通業","403","道路貨物運送業","","","50~99","2","物上げ装置、運搬機械","22","動力運搬機","","","17","交通事故（道路）"
"1241","1994","平成","6","7","6~7","4tトラックで国道を走行中、信号待ち中の4t保冷車に追突した。","4","運輸交通業","403","道路貨物運送業","","","10~29","2","物上げ装置、運搬機械","22","動力運搬機","","","17","交通事故（道路）"
"1242","1994","平成","6","7","11~12","甲板よりカニカゴを海中に投入中、同僚にカゴを手渡していたところ、海中転落した。","7","畜産・水産業","","","","","1~9","2","物上げ装置、運搬機械","23","乗物","","","10","おぼれ"
"1243","1994","平成","6","7","13~14","生コンプラントの混和剤(リスニンスルホン酸塩)貯蔵タンク(直径2m、高さ3.5m)内に入り、塩ビ管取付作業を始めようとしたところ倒れた。","1","製造業","109","窯業土石製品製造業","","","10~29","5","物質、材料","51","危険物、有害物等","","","12","有害物等との接触"
"1244","1994","平成","6","7","16~17","仮置きされていたトラクター・ショベルを移動させようとしたところ、運転を誤りトラクター・ショベルとともに転落した。","8","商業","","","","","1~9","1","動力機械","14","建設機械等","","","1","墜落、転落"
"1245","1994","平成","6","7","16~17","原料タンク最上部の配管を修理した後、梯子を降りる途中、3m下に転落した。","1","製造業","101","食料品製造業","","","10~29","3","その他の装置等","37","用具","","","1","墜落、転落"
"1246","1994","平成","6","7","3~4","大型トラックで高速道路を走行中、前車の大型トレーラーに追突した。","4","運輸交通業","403","道路貨物運送業","","","30~49","2","物上げ装置、運搬機械","22","動力運搬機","","","17","交通事故（道路）"
"1247","1994","平成","6","7","12~13","昼休み時間中、枠組足場4層目で休憩していた被災者が、立ち上がろうとして足を滑らせ、足場の筋交いと作業床の間から6.93m下の地面に墜落した。","3","建設業","302","建築工事業","","","30~49","4","仮設物、建築物、構築物等","41","仮設物、建築物、構築物等","","","1","墜落、転落"
"1248","1994","平成","6","7","15~16","清掃工場の電気集じん器解体工事において、中央部分より溶断し片側端を溶接固定のグレーチングを通路として通行中、グレーチングが外れ6.5m下に墜落した。","3","建設業","303","その他の建設業","","","10~29","4","仮設物、建築物、構築物等","41","仮設物、建築物、構築物等","","","1","墜落、転落"
"1249","1994","平成","6","7","17~18","取引先の工場内において、車体昇降用リフトの操作用ペンダントスイッチの中の端子(250V充電)をドライバーで調整中、感電した。","8","商業","","","","","30~49","2","物上げ装置、運搬機械","21","動力クレーン等","","","13","感電"
"1250","1994","平成","6","7","17~18","木造住宅建築現場において、2階梁上で軒先部分のタルキを携帯用丸のこ盤で切断中、6.6m下に墜落した。","3","建設業","302","建築工事業","","","1~9","4","仮設物、建築物、構築物等","41","仮設物、建築物、構築物等","","","1","墜落、転落"
"1251","1994","平成","6","7","8~9","手押し台車に鉄板を載せて運搬中、荷崩れした鉄板が胸部に落下した。","1","製造業","115","輸送用機械等製造業","","","100~299","3","その他の装置等","36","人力機械工具等","","","4","飛来、落下"
"1252","1994","平成","6","7","11~12","農業用水のパイプ埋設工事において、バックホウで掘削した地山の掘削箇所に入りパイプの接続作業中、土止めをしていなかったため地山が崩壊した。","3","建設業","301","土木工事業","","","10~29","7","環境等","71","環境等","","","5","崩壊、倒壊"
"1253","1994","平成","6","7","12~13","乗用車が側溝に脱輪したため、被災者が運転席で操作し同僚が車を押していたところ、車がバックで急発進したため車外に飛び出し、右前輪にひかれた。","17","その他の事業","","","","","100~299","2","物上げ装置、運搬機械","23","乗物","","","17","交通事故（道路）"
"1254","1994","平成","6","7","13~14","ブロック製造のための加圧成型機のホッパーを点検中、加圧部の上型と下型の間に身を乗り出す状態で作業していたところ、下降してきた上型に腹部を挟まれた。","1","製造業","109","窯業土石製品製造業","","","10~29","1","動力機械","16","一般動力機械","","","7","はさまれ、巻き込まれ"
"1255","1994","平成","6","7","13~14","フォークリフトでトラックにパレットを積み込んだ後、運転席から降りたところ、フォークリフトが動き出し、手で止めようとしたがトラックとフォークリフトの間に挟まれた。","4","運輸交通業","403","道路貨物運送業","","","100~299","2","物上げ装置、運搬機械","22","動力運搬機","","","7","はさまれ、巻き込まれ"
"1256","1994","平成","6","7","14~15","4tトラックで帰社途中、県道のセンターラインを越え、対向してきた大型ダンプカーと正面衝突した。","4","運輸交通業","403","道路貨物運送業","","","50~99","2","物上げ装置、運搬機械","22","動力運搬機","","","17","交通事故（道路）"
"1257","1994","平成","6","7","15~16","可燃物処理場内において、工事で出た残材を投入口から投入中、ピットに転落した。","3","建設業","302","建築工事業","","","10~29","4","仮設物、建築物、構築物等","41","仮設物、建築物、構築物等","","","1","墜落、転落"
"1258","1994","平成","6","7","23~24","普通トラックで走行中、交差点で信号待ち中の大型トラックに追突した。","4","運輸交通業","403","道路貨物運送業","","","10~29","2","物上げ装置、運搬機械","22","動力運搬機","","","17","交通事故（道路）"
"1259","1994","平成","6","7","3~4","倉庫2階開口部より昆布を引き上げていたところ、開口部から転落した。","7","畜産・水産業","","","","","1~9","4","仮設物、建築物、構築物等","41","仮設物、建築物、構築物等","","","1","墜落、転落"
"1260","1994","平成","6","7","6~7","大型トラックで荷の運搬中、信号待ち中のトラックに追突した。","4","運輸交通業","403","道路貨物運送業","","","30~49","2","物上げ装置、運搬機械","22","動力運搬機","","","17","交通事故（道路）"
"1261","1994","平成","6","7","9~10","ガソリンスタンドで洗車機を操作中、洗車機と洗車場入口シャッター支柱の間に胸を挟まれた。","8","商業","","","","","1~9","3","その他の装置等","39","その他の装置、設備","","","7","はさまれ、巻き込まれ"
"1262","1994","平成","6","7","15~16","石油系洗浄液を使いドライクリーニング作業中、洗浄槽内で爆発が起こった。","1","製造業","117","その他の製造業","","","10~29","5","物質、材料","51","危険物、有害物等","","","14","爆発"
"1263","1994","平成","6","7","17~18","作業終了後、裏棚(高さ2.4m)に上がって着替え、梯子を降りる際転落した。","8","商業","","","","","1~9","3","その他の装置等","37","用具","","","1","墜落、転落"
"1264","1994","平成","6","7","20~21","自転車で牛乳配達中、交差点で乗用車と正面衝突した。","8","商業","","","","","1~9","3","その他の装置等","36","人力機械工具等","","","17","交通事故（道路）"
"1265","1994","平成","6","7","16~17","アルミ合金製脚立の頂部(高さ1.73m)に乗り几張を取り付けていたところ、バランスを崩して墜落した。","17","その他の事業","","","","","50~99","3","その他の装置等","37","用具","","","1","墜落、転落"
"1266","1994","平成","6","7","10~11","河川敷において草刈後の雑草を焼却中、燃え広がったためブル・ドーザーで雑草を寄せ集めていた被災者が飛び降りたところ、ブル・ドーザーにひかれた。","3","建設業","301","土木工事業","","","10~29","1","動力機械","14","建設機械等","","","7","はさまれ、巻き込まれ"
"1267","1994","平成","6","7","11~12","増築工事に伴う既設配電盤移設工事において、配電盤付近の電線配管を取付中、天井クレーンのトロリ線(裸電線200V)に首が接触した。","3","建設業","303","その他の建設業","","","1~9","3","その他の装置等","35","電気設備","","","13","感電"
"1268","1994","平成","6","7","11~12","養生の終わったコンクリート管の型わくの脱型作業中、母型の両端を押さえていた型わく(キャスティング、800キログラム)をクレーンで吊らないまま母型から離したため、型わくが落下した。","1","製造業","109","窯業土石製品製造業","","","10~29","5","物質、材料","52","材料","","","4","飛来、落下"
"1269","1994","平成","6","7","12~13","林道建設現場で法切り作業中、高さ約6mの法面から墜落した。","3","建設業","301","土木工事業","","","1~9","7","環境等","71","環境等","","","1","墜落、転落"
"1270","1994","平成","6","7","14~15","既設マンション屋上の雨水溝を清掃中、塔屋屋上から4.8m下の5階廊下屋根に墜落した。","3","建設業","302","建築工事業","","","10~29","4","仮設物、建築物、構築物等","41","仮設物、建築物、構築物等","","","1","墜落、転落"
"1271","1994","平成","6","7","15~16","自社工場の勾配のない屋根上で換気設備を清掃中、明かり取り(14.2×109.5センチメートル)より15.5m下のコンクリート床面に墜落した。","1","製造業","106","パルプ・紙・紙加工品製造業","","","30~49","4","仮設物、建築物、構築物等","41","仮設物、建築物、構築物等","","","1","墜落、転落"
"1272","1994","平成","6","7","16~17","工事現場から2tトラックで帰社途中、国道で前車の同僚のトラックが停車したのに気付くのが遅れ、追突した。","3","建設業","301","土木工事業","","","10~29","2","物上げ装置、運搬機械","22","動力運搬機","","","17","交通事故（道路）"
"1273","1994","平成","6","7","18~19","ポリビニルアルコールを貯蔵タンクから抜き取る作業のためマンホールを開けた直後、粉じん爆発が起こった。","1","製造業","108","化学工業","","","1000~9999","5","物質、材料","51","危険物、有害物等","","","14","爆発"
"1274","1994","平成","6","7","19~20","大型トラックで高速道路を走行中、高架橋の防音壁に激突した。","4","運輸交通業","403","道路貨物運送業","","","100~299","2","物上げ装置、運搬機械","22","動力運搬機","","","17","交通事故（道路）"
"1275","1994","平成","6","7","11~12","資材置場において、10tトラック荷台に積み込んだ建築用鋼管をワイヤロープで荷締めする際、荷台より1.2m下の地面に墜落した。","4","運輸交通業","403","道路貨物運送業","","","10~29","2","物上げ装置、運搬機械","22","動力運搬機","","","1","墜落、転落"
"1276","1994","平成","6","7","11~12","工場正門から自転車に乗り歩道に出たところ、進入しようとしたトラックと接触して巻き込まれた。","1","製造業","115","輸送用機械等製造業","","","500~999","2","物上げ装置、運搬機械","22","動力運搬機","","","17","交通事故（道路）"
"1277","1994","平成","6","7","13~14","工場内において、手摺のない足場作業床上でガーターを塗装中、5.35m下の床面に墜落した。","3","建設業","303","その他の建設業","","","1~9","4","仮設物、建築物、構築物等","41","仮設物、建築物、構築物等","","","1","墜落、転落"
"1278","1994","平成","6","7","13~14","屋根大梁施工用の足場組立中、単管パイプを調整するため枠組足場3層目の作業床でクランプを緩めようとしたところ、足を滑らせ5.4m下の土間に墜落した。","3","建設業","302","建築工事業","","","10~29","4","仮設物、建築物、構築物等","41","仮設物、建築物、構築物等","","","1","墜落、転落"
"1279","1994","平成","6","7","14~15","私有林内において不整地運搬車で材(約70本)を運搬中、林道から(勾配11~14度)5.5m下に墜落した。","6","農林業","601","農業","","","1~9","2","物上げ装置、運搬機械","22","動力運搬機","","","1","墜落、転落"
"1280","1994","平成","6","7","14~15","農器具のエンジン用ストレーナーの空気漏れ検査のため、ストレーナーの油流入口に差し込むビニール製チューブの差し口を、ライターで暖めて広げていたところ、用意してあったガソリンに引火した。","1","製造業","113","一般機械器具製造業","","","1~9","5","物質、材料","51","危険物、有害物等","","","16","火災"
"1281","1994","平成","6","7","15~16","ロール機で原紙を送る作業中、ロール機内のコロナ処理機付近で損傷した電源コードの漏電により感電した。","1","製造業","108","化学工業","","","100~299","1","動力機械","16","一般動力機械","","","13","感電"
"1282","1994","平成","6","7","16~17","クレーン(つり上げ荷重14.5t)でコンクリート破片(約7.8t)をダム湖底約50m地点から集積場へ移動中、吊具のベッセルが無線合図をしていた被災者に当たった。","3","建設業","301","土木工事業","","","1~9","2","物上げ装置、運搬機械","21","動力クレーン等","","","6","激突され"
"1283","1994","平成","6","7","16~17","故障した天井クレーンの修理の際、電源を切ったトロリー上に足を置いて作業中、同僚が別系統のクレーンを走行させたところ通電状態となり、感電した。","1","製造業","111","非鉄金属製造業","","","100~299","3","その他の装置等","35","電気設備","","","13","感電"
"1284","1994","平成","6","7","18~19","トラックで高速道路を走行中、渋滞している車の列に追突した。","4","運輸交通業","403","道路貨物運送業","","","30~49","2","物上げ装置、運搬機械","22","動力運搬機","","","17","交通事故（道路）"
"1285","1994","平成","6","7","22~23","10tトラックで国道を走行中、運転を誤り川に転落した。","4","運輸交通業","403","道路貨物運送業","","","10~29","2","物上げ装置、運搬機械","22","動力運搬機","","","17","交通事故（道路）"
"1286","1994","平成","6","7","4~5","トラックで走行中、乗用車と衝突した。","4","運輸交通業","403","道路貨物運送業","","","100~299","2","物上げ装置、運搬機械","23","乗物","","","17","交通事故（道路）"
"1287","1994","平成","6","7","4~5","駅構内線路上においてバラストの締め固め作業中、列車にはねられた。","3","建設業","301","土木工事業","","","10~29","2","物上げ装置、運搬機械","23","乗物","","","18","交通事故（その他）"
"1288","1994","平成","6","7","6~7","4tトラックで荷を運搬中、国道で事故を起こした。","4","運輸交通業","403","道路貨物運送業","","","10~29","2","物上げ装置、運搬機械","23","乗物","","","17","交通事故（道路）"
"1289","1994","平成","6","7","9~10","工事で使用する鮫防護用ネットを岸壁で広げるためトラッククレーンで吊り上げていたところ、ネットに絡まっていた流木が外れて落下し、下で合図をしていた被災者を直撃した。","3","建設業","301","土木工事業","","","1~9","6","荷","61","荷","","","4","飛来、落下"
"1290","1994","平成","6","7","9~10","海外出張中、サンディエゴで乗用車を運転中、急ハンドルを切った際、対向してきたトラックと正面衝突した。","1","製造業","112","金属製品製造業","","","50~99","2","物上げ装置、運搬機械","23","乗物","","","17","交通事故（道路）"
"1291","1994","平成","6","7","13~14","農事用電力新設に伴う電力供給工事において、高所作業車の作業床上で高圧電線(6600V)の活線作業中、感電した。","3","建設業","303","その他の建設業","","","300~499","3","その他の装置等","35","電気設備","","","13","感電"
"1292","1994","平成","6","7","17~18","建屋が完成し周囲の片付けをしていたところ、敷地端より3.36m下の階段に墜落した。","3","建設業","302","建築工事業","","","1~9","4","仮設物、建築物、構築物等","41","仮設物、建築物、構築物等","","","1","墜落、転落"
"1293","1994","平成","6","7","4~5","4tトラックで高速道路を走行中、多重衝突事故に巻き込まれた。","4","運輸交通業","403","道路貨物運送業","","","100~299","2","物上げ装置、運搬機械","22","動力運搬機","","","17","交通事故（道路）"
"1294","1994","平成","6","7","6~7","2tトラックで荷を配送中、国道で事故を起こした。","4","運輸交通業","403","道路貨物運送業","","","30~49","2","物上げ装置、運搬機械","23","乗物","","","17","交通事故（道路）"
"1295","1994","平成","6","7","8~9","2tトラックで走行中、左側のガソリンスタンドに入ろうとしている大型トレーラーに追突した。","4","運輸交通業","403","道路貨物運送業","","","10~29","2","物上げ装置、運搬機械","22","動力運搬機","","","17","交通事故（道路）"
"1296","1994","平成","6","7","9~10","外壁工事のための足場を組立中、建屋の引込電線の劣化した被覆に触れた。","3","建設業","302","建築工事業","","","1~9","3","その他の装置等","35","電気設備","","","13","感電"
"1297","1994","平成","6","7","10~11","増築部の基礎完了後、工事の邪魔になる母屋の鼻を鋸で切断中、4.7m下の地上に墜落した。","3","建設業","302","建築工事業","","","1~9","4","仮設物、建築物、構築物等","41","仮設物、建築物、構築物等","","","1","墜落、転落"
"1298","1994","平成","6","7","11~12","移動式作業台に乗り空調用配管を溶接中、気分が悪くなり倒れた。","3","建設業","303","その他の建設業","","","1~9","9","その他","99","分類不能","","","99","分類不能"
"1299","1994","平成","6","7","13~14","荷受けのため倉庫入口で待っていた被災者が転倒し、頭部を床に打ち付けた。","4","運輸交通業","403","道路貨物運送業","","","30~49","4","仮設物、建築物、構築物等","41","仮設物、建築物、構築物等","","","2","転倒"
"1300","1994","平成","6","7","14~15","故障した木材加工・接合用機械(フィンガージョイント)を修理中、同僚が誤って起動させたため、送材用ベルトとベルトの鉄製覆の間に巻き込まれた。","1","製造業","104","木材・木製品製造業","","","50~99","1","動力機械","13","木材加工用機械","","","7","はさまれ、巻き込まれ"
"1301","1994","平成","6","7","14~15","軽トラックで走行中、信号のない交差点でトラックと出会い頭に衝突した。","8","商業","","","","","1~9","2","物上げ装置、運搬機械","22","動力運搬機","","","17","交通事故（道路）"
"1302","1994","平成","6","7","0~1","トラックで走行中、工事のための片側通行により停車中の大型トラックに追突した。","4","運輸交通業","403","道路貨物運送業","","","10~29","2","物上げ装置、運搬機械","22","動力運搬機","","","17","交通事故（道路）"
"1303","1994","平成","6","7","9~10","切羽上(土場より約80~90センチメートル)においてパワー・ショベルで掘削中、路肩が崩壊し土場に転落した。","2","鉱業","202","土石採取業","","","10~29","1","動力機械","14","建設機械等","","","1","墜落、転落"
"1304","1994","平成","6","7","13~14","バイクで集金先へ向う途中、右折する際、直進してきた大型トラックと正面衝突した。","8","商業","","","","","10~29","2","物上げ装置、運搬機械","23","乗物","","","17","交通事故（道路）"
"1305","1994","平成","6","7","14~15","整備工場において、10tトラックをジャッキアップしグリースアップ作業後、ジャッキを外したところ、トラックが動き出し後輪にひかれた。","4","運輸交通業","403","道路貨物運送業","","","30~49","2","物上げ装置、運搬機械","22","動力運搬機","","","7","はさまれ、巻き込まれ"
"1306","1994","平成","6","7","4~5","道路上への標示作業現場において交通整理中、乗用車に跳ねられた。","3","建設業","301","土木工事業","","","10~29","2","物上げ装置、運搬機械","23","乗物","","","17","交通事故（道路）"
"1307","1994","平成","6","7","6~7","バイクで新聞配達中、信号のない交差点で乗用車と衝突した。","8","商業","","","","","10~29","2","物上げ装置、運搬機械","23","乗物","","","17","交通事故（道路）"
"1308","1994","平成","6","7","8~9","冠帽機(牛乳ビン頭部にフィルムを熱風でつける機械、16本の熱管、200V)の切れたヒーターリード線を取り替えた後、管が暖まっているかどうか手で触って確認したところ、感電した。","1","製造業","101","食料品製造業","","","100~299","1","動力機械","16","一般動力機械","","","13","感電"
"1309","1994","平成","6","7","11~12","工事用引込線の撤去作業中、電柱に登り電線を巻き上げていたところ、活線に触れた。","3","建設業","302","建築工事業","","","1~9","3","その他の装置等","35","電気設備","","","13","感電"
"1310","1994","平成","6","7","11~12","木造家屋増築工事現場において、足場の3段目に登り、固定金具を取り付けた所に足場板を敷こうとしたところ、バランスを崩し高さ5.2mから墜落した。","3","建設業","302","建築工事業","","","1~9","4","仮設物、建築物、構築物等","41","仮設物、建築物、構築物等","","","1","墜落、転落"
"1311","1994","平成","6","7","11~12","ビルの窓拭き作業中、6階より約20m下の地上に墜落した。","15","清掃・と畜業","","","","","100~299","4","仮設物、建築物、構築物等","41","仮設物、建築物、構築物等","","","1","墜落、転落"
"1312","1994","平成","6","7","11~12","建物内部のキャットウォーク(張出スラブ)上で墨出し作業中、足場との隙間(74センチメートル)より3.8m下のコンクリート床に墜落した。","3","建設業","302","建築工事業","","","1~9","4","仮設物、建築物、構築物等","41","仮設物、建築物、構築物等","","","1","墜落、転落"
"1313","1994","平成","6","7","14~15","絶縁不良箇所点検のためビデオプロジェクターに乗り上昇中、運転操作者との合図不十分により上昇し続け、上部鉄骨とビデオプロジェクターの間に胸部を挟まれた。","3","建設業","302","建築工事業","","","1~9","3","その他の装置等","39","その他の装置、設備","","","7","はさまれ、巻き込まれ"
"1314","1994","平成","6","7","15~16","工場の冷房設備工事において、鉄骨梁上(高さ5.57m)で配線ラックの送り作業中、梁と直角に通っていた天井クレーンのトロリー線(200V)に接触した。","3","建設業","303","その他の建設業","","","100~299","3","その他の装置等","35","電気設備","","","13","感電"
"1315","1994","平成","6","7","17~18","工場構内において、帰宅しようとした乗用車と工場から飛び出してきた被災者が出会い頭に衝突した。","1","製造業","104","木材・木製品製造業","","","100~299","2","物上げ装置、運搬機械","23","乗物","","","3","激突"
"1316","1994","平成","6","7","17~18","ベルトコンベヤー上にグラスウールとその下に敷く紙を流すため給紙装置の紙を交換中、紙が切れたためコンベヤー下部に入り手で紙を流そうとした際、ローラーに巻き込まれた。","1","製造業","109","窯業土石製品製造業","","","300~499","2","物上げ装置、運搬機械","22","動力運搬機","","","7","はさまれ、巻き込まれ"
"1317","1994","平成","6","7","6~7","タクシーで帰社途中、県道脇の電柱に激突した。","4","運輸交通業","402","道路旅客運送業","","","30~49","2","物上げ装置、運搬機械","23","乗物","","","17","交通事故（道路）"
"1318","1994","平成","6","7","11~12","自社倉庫2階で作業中、作業床から墜落した。","3","建設業","302","建築工事業","","","1~9","4","仮設物、建築物、構築物等","41","仮設物、建築物、構築物等","","","1","墜落、転落"
"1319","1994","平成","6","7","14~15","体線工場内において、ナイフスイッチのスイッチボックスを交換作業中、感電した。","1","製造業","110","鉄鋼業","","","300~499","3","その他の装置等","35","電気設備","","","13","感電"
"1320","1994","平成","6","7","17~18","国有林の伐採現場において目立作業中、道の取付で生じた浮石が落下してきた。","6","農林業","601","農業","","","10~29","7","環境等","71","環境等","","","4","飛来、落下"
"1321","1994","平成","6","7","17~18","社有マイクロバスに乗り帰宅途中、バスが橋の右側ガードレールを突き破り転落した。","1","製造業","101","食料品製造業","","","30~49","2","物上げ装置、運搬機械","23","乗物","","","17","交通事故（道路）"
"1322","1994","平成","6","8","11~12","スーパーマーケットの受電室内において、電気設備の保守管理をしていた被災者が床の漏水を除去していたところ、低圧電力盤(三相交流220V)の電気配線に接触した。","17","その他の事業","","","","","30~49","3","その他の装置等","35","電気設備","","","13","感電"
"1323","1994","平成","6","8","14~15","棚(高さ2.13m)上の材料を取るため梯子を掛けて登る途中、足を踏み外し床に転落した。","1","製造業","112","金属製品製造業","","","50~99","3","その他の装置等","37","用具","","","1","墜落、転落"
"1324","1994","平成","6","8","15~16","電柱の腕金上において低圧配線の張替作業中、100Vの低圧配電用コネクターの充電部分に接触した。","3","建設業","303","その他の建設業","","","10~29","3","その他の装置等","35","電気設備","","","13","感電"
"1325","1994","平成","6","8","17~18","鋳造工場で積込作業中、トレーラーの荷台とリモコン操作式の積込用ゲートの間に挟まれた。","1","製造業","111","非鉄金属製造業","","","1~9","2","物上げ装置、運搬機械","22","動力運搬機","","","7","はさまれ、巻き込まれ"
"1326","1994","平成","6","8","17~18","製材所内において、背板をチップ材と製品とに振り分ける作業中、チェーンコンベヤー端部と搬送装置の間に挟まれた。","1","製造業","104","木材・木製品製造業","","","50~99","1","動力機械","16","一般動力機械","","","7","はさまれ、巻き込まれ"
"1327","1994","平成","6","8","19~20","石炭運搬船の船倉内の階段を昇っていたところ、船底に墜落した。","5","貨物取扱業","502","港湾運送業","","","50~99","2","物上げ装置、運搬機械","23","乗物","","","1","墜落、転落"
"1328","1994","平成","6","8","10~11","ショベルローダーで地山斜面(勾配約25度)を後進中、斜面を約19m転落した。","3","建設業","301","土木工事業","","","10~29","1","動力機械","14","建設機械等","","","1","墜落、転落"
"1329","1994","平成","6","8","12~13","郵便配達を終え町道をバイクで走行中、バランスを崩して横倒しになり、対向してきた車に衝突した。","11","通信業","","","","","10~29","2","物上げ装置、運搬機械","23","乗物","","","17","交通事故（道路）"
"1330","1994","平成","6","8","13~14","手持ちグラインダーに砥石を取り付け、天井のアルミ材に穴を開けていたところ、砥石が破断し、その破片が頚静脈を切断した。","3","建設業","303","その他の建設業","","","1~9","1","動力機械","16","一般動力機械","","","4","飛来、落下"
"1331","1994","平成","6","8","13~14","石材置場において、トレーラーのコンテナから木枠で梱包された石材を荷卸し作業中、荷崩れを起こし梱包材の間に挟まれた。","8","商業","","","","","1~9","6","荷","61","荷","","","5","崩壊、倒壊"
"1332","1994","平成","6","8","14~15","道路工事現場で警備作業中、日射病で倒れた。","17","その他の事業","","","","","50~99","7","環境等","71","環境等","","","90","その他"
"1333","1994","平成","6","8","14~15","展示用パネル材を降ろし倉庫に入れる作業中、後退してきたトラックとプラットホームの鉄柱の間に挟まれた。","17","その他の事業","","","","","10~29","2","物上げ装置、運搬機械","22","動力運搬機","","","7","はさまれ、巻き込まれ"
"1334","1994","平成","6","8","15~16","高速道路脇の草刈作業に従事していた被災者が、休憩時間中に意識不明になった(熱中症)。","15","清掃・と畜業","","","","","1~9","7","環境等","71","環境等","","","90","その他"
"1335","1994","平成","6","8","15~16","フォークリフトでコンクリート製品の配筋の移動作業をしていた被災者が、フォークの荷の下で倒れていた。","1","製造業","109","窯業土石製品製造業","","","100~299","7","環境等","71","環境等","","","11","高温・低温の物との接触"
"1336","1994","平成","6","8","16~17","山林内で間伐作業の人力木寄せ作業中、山林斜面に集められた丸太上で鳶口を打ち込み引き寄せようとしたところ、鳶口が抜け後方の谷に転落した。","6","農林業","601","農業","","","1~9","5","物質、材料","52","材料","","","1","墜落、転落"
"1337","1994","平成","6","8","17~18","現場からトラックで帰社途中、国道でセンターラインを越えてきた保冷車に追突された。","3","建設業","301","土木工事業","","","10~29","2","物上げ装置、運搬機械","22","動力運搬機","","","17","交通事故（道路）"
"1338","1994","平成","6","8","17~18","現場からトラックで帰社途中、国道でセンターラインを越えてきた保冷車に追突された。","3","建設業","301","土木工事業","","","10~29","2","物上げ装置、運搬機械","22","動力運搬機","","","17","交通事故（道路）"
"1339","1994","平成","6","8","2~3","トラックで国道を走行中、センターラインをはみ出して来た乗用車と激突した。","4","運輸交通業","403","道路貨物運送業","","","50~99","2","物上げ装置、運搬機械","22","動力運搬機","","","17","交通事故（道路）"
"1340","1994","平成","6","8","9~10","2tトラックで県道を走行中、対向車線をはみ出してきたトラックと正面衝突した。","8","商業","","","","","10~29","2","物上げ装置、運搬機械","22","動力運搬機","","","17","交通事故（道路）"
"1341","1994","平成","6","8","13~14","2tトラックで配達中、遮断機のない踏切で電車と衝突した。","8","商業","","","","","10~29","2","物上げ装置、運搬機械","22","動力運搬機","","","18","交通事故（その他）"
"1342","1994","平成","6","8","13~14","工場内でミストコレクター用ダクトを取付中、H鋼製の梁から6.5m下のコンクリート床面に墜落した。","3","建設業","303","その他の建設業","","","1~9","4","仮設物、建築物、構築物等","41","仮設物、建築物、構築物等","","","1","墜落、転落"
"1343","1994","平成","6","8","15~16","国道の横断歩道を自転車を押しながら横断中、大型トラックにはねられた。","13","保健・衛生業","","","","","100~299","2","物上げ装置、運搬機械","22","動力運搬機","","","17","交通事故（道路）"
"1344","1994","平成","6","8","15~16","発掘調査現場で人力により掘削作業中、体の不調を訴えた。","3","建設業","301","土木工事業","","","1~9","7","環境等","71","環境等","","","90","その他"
"1345","1994","平成","6","8","15~16","マンションの室内改装工事中、トラックから4階作業場に階段を使ってコンパネ材を運搬した後、熱射病により倒れた。","3","建設業","302","建築工事業","","","1~9","7","環境等","71","環境等","","","90","その他"
"1346","1994","平成","6","8","18~19","自転車で構内通路を走行中、トラックと衝突した。","1","製造業","110","鉄鋼業","","","1000~9999","2","物上げ装置、運搬機械","22","動力運搬機","","","6","激突され"
"1347","1994","平成","6","8","23~24","タクシー乗務中、センターラインを越えてきたライトバンと衝突した。","4","運輸交通業","402","道路旅客運送業","","","300~499","2","物上げ装置、運搬機械","23","乗物","","","17","交通事故（道路）"
"1348","1994","平成","6","8","10~11","4tタンクローリーで走行中、バイパスのインター付近で渋滞のため停車中の大型保冷車に追突した。","1","製造業","108","化学工業","","","1~9","2","物上げ装置、運搬機械","22","動力運搬機","","","17","交通事故（道路）"
"1349","1994","平成","6","8","11~12","配電線架設工事の実地研修中、突然意識を失った。","3","建設業","303","その他の建設業","","","1~9","9","その他","92","起因物なし","","","90","その他"
"1350","1994","平成","6","8","11~12","産業廃棄物処理場内において不整地運搬車で走行中、下り坂でスピードを出しすぎ、路肩から15m下の沢に転落した。","3","建設業","303","その他の建設業","","","1~9","2","物上げ装置、運搬機械","22","動力運搬機","","","1","墜落、転落"
"1351","1994","平成","6","8","11~12","4tトラックで国道を走行中、運転を誤って対向車線を突き抜け、道路右側建物に激突した。","4","運輸交通業","403","道路貨物運送業","","","100~299","2","物上げ装置、運搬機械","22","動力運搬機","","","17","交通事故（道路）"
"1352","1994","平成","6","8","12~13","客を迎えに行く途中、踏切で特急と衝突した。","4","運輸交通業","402","道路旅客運送業","","","100~299","2","物上げ装置、運搬機械","23","乗物","","","17","交通事故（道路）"
"1353","1994","平成","6","8","13~14","50ccバイクで集金先に向う途中、左カーブで交通規制のため停車した乗用車に接触し、その弾みでセンターラインを越え、対向してきた大型ダンプカーにひかれた。","8","商業","","","","","1~9","2","物上げ装置、運搬機械","23","乗物","","","17","交通事故（道路）"
"1354","1994","平成","6","8","14~15","小型バックホウで花壇の床掘り後、スコップで表面を均していたところ、熱射病で倒れた。","3","建設業","301","土木工事業","","","1~9","7","環境等","71","環境等","","","90","その他"
"1355","1994","平成","6","8","14~15","4tトラックに同乗し帰社途中、トラックが横転し車外に投げ出された。","4","運輸交通業","403","道路貨物運送業","","","10~29","2","物上げ装置、運搬機械","22","動力運搬機","","","17","交通事故（道路）"
"1356","1994","平成","6","8","16~17","道路改修工事現場において、ローラーで路面の締め固め作業中、運転を誤り高さ3mの路肩から転落した。","3","建設業","301","土木工事業","","","1~9","1","動力機械","14","建設機械等","","","1","墜落、転落"
"1357","1994","平成","6","8","16~17","作業中に気分が悪くなり、現場から離れた駐車場へ行く途中、倒れた。","3","建設業","302","建築工事業","","","30~49","7","環境等","71","環境等","","","90","その他"
"1358","1994","平成","6","8","16~17","変電室内で低圧動力配電盤の配線工事中、低圧活線に接触した。","3","建設業","303","その他の建設業","","","1~9","3","その他の装置等","35","電気設備","","","13","感電"
"1359","1994","平成","6","8","17~18","脚立に乗り街路樹を剪定中、脚立より柳の枝に移動する際、枝が折れ歩道に墜落した。","6","農林業","602","林業","","","1~9","7","環境等","71","環境等","","","1","墜落、転落"
"1360","1994","平成","6","8","19~20","親企業工場内での作業を終え、倉庫の引き戸(約200キログラム)を閉じたところ、戸が倒れ下敷きになった。","1","製造業","106","パルプ・紙・紙加工品製造業","","","50~99","4","仮設物、建築物、構築物等","41","仮設物、建築物、構築物等","","","5","崩壊、倒壊"
"1361","1994","平成","6","8","5~6","国道を走行中、前車に追突した。","4","運輸交通業","403","道路貨物運送業","","","50~99","2","物上げ装置、運搬機械","22","動力運搬機","","","17","交通事故（道路）"
"1362","1994","平成","6","8","7~8","採石場において、岸壁に開けた穴にホースを入れエアーを吹き込んで掃除中、岸壁上部が崩れ石塊(約100キログラム)に直撃された。","2","鉱業","202","土石採取業","","","30~49","7","環境等","71","環境等","","","4","飛来、落下"
"1363","1994","平成","6","8","9~10","水道管敷設現場の掘削溝の残土を運ぶため、その路肩にダンプカーを止めていたところ、路肩が崩れて車体が傾き、側溝壁と車体に挟まれた。","3","建設業","301","土木工事業","","","10~29","7","環境等","71","環境等","","","5","崩壊、倒壊"
"1364","1994","平成","6","8","11~12","地下鉄工事現場においてトラクター・ショベルを後進中、土止め材切梁に頭部を激突させた。","3","建設業","301","土木工事業","","","10~29","1","動力機械","14","建設機械等","","","3","激突"
"1365","1994","平成","6","8","11~12","玉切材を二段式土場の上段から下段におろす作業中、上段土場から2.7m下の下段土場に墜落した。","6","農林業","601","農業","","","1~9","4","仮設物、建築物、構築物等","41","仮設物、建築物、構築物等","","","1","墜落、転落"
"1366","1994","平成","6","8","14~15","学校の給食室に保冷庫を設置した後、姿が見えなくなった被災者が、校舎4階の窓から墜落していた。","1","製造業","112","金属製品製造業","","","1~9","4","仮設物、建築物、構築物等","41","仮設物、建築物、構築物等","","","1","墜落、転落"
"1367","1994","平成","6","8","14~15","山林内で伐木作業中、伐倒した木が隣の立木のかかり木となったが、そのまま放置して作業を続けていたところ、かかり木が突然倒れた。","6","農林業","601","農業","","","1~9","7","環境等","71","環境等","","","6","激突され"
"1368","1994","平成","6","8","16~17","徒歩で夕刊配達中、熱射病で倒れた。","8","商業","","","","","50~99","7","環境等","71","環境等","","","90","その他"
"1369","1994","平成","6","8","16~17","旅館改修工事において、アーク溶接作業を終え後片付け中、旅館の変圧器を利用し200Vのケーブルを接続していたブレーカー端子の接続部に接触した。","3","建設業","303","その他の建設業","","","10~29","3","その他の装置等","35","電気設備","","","13","感電"
"1370","1994","平成","6","8","0~1","外注先より帰社途中、県道で車が横転し電柱に激突した。","1","製造業","114","電気機械器具製造業","","","10~29","2","物上げ装置、運搬機械","22","動力運搬機","","","17","交通事故（道路）"
"1371","1994","平成","6","8","9~10","ボンゴ車で得意先へ向う途中、停止していた保冷車に追突した。","8","商業","","","","","1~9","2","物上げ装置、運搬機械","23","乗物","","","17","交通事故（道路）"
"1372","1994","平成","6","8","9~10","2階建住宅外部改築作業のため2階ベランダで丸太足場を組立中、ベランダの手摺に上ったところ、足を滑らせ約4.3m下に転落した。","3","建設業","302","建築工事業","","","1~9","4","仮設物、建築物、構築物等","41","仮設物、建築物、構築物等","","","1","墜落、転落"
"1373","1994","平成","6","8","14~15","基礎コンクリートをハンマーで割る作業中、熱射病により倒れた。","3","建設業","302","建築工事業","","","10~29","7","環境等","71","環境等","","","90","その他"
"1374","1994","平成","6","8","15~16","鋼板の切断作業に従事していた被災者が、道路向側の自販機に飲み物を買いに行く途中、走行してきた軽自動車にはねられた。","1","製造業","115","輸送用機械等製造業","","","10~29","2","物上げ装置、運搬機械","23","乗物","","","17","交通事故（道路）"
"1375","1994","平成","6","8","16~17","鉄スクラップ加工ラインにおいて、ベルトコンベヤーの計量器のガイドローラに、右手から巻き込まれた。","1","製造業","110","鉄鋼業","","","10~29","2","物上げ装置、運搬機械","22","動力運搬機","","","7","はさまれ、巻き込まれ"
"1376","1994","平成","6","8","18~19","ホテルのダムウェーダー(食器類専用搬器)の点検整備中、突然搬器が上昇し始め、取出口に頭を入れて作業していた被災者が頭部を挟まれた。","1","製造業","117","その他の製造業","","","30~49","2","物上げ装置、運搬機械","21","動力クレーン等","","","7","はさまれ、巻き込まれ"
"1377","1994","平成","6","8","19~20","バイクで集金先に向う途中、国道交差点で乗用車と衝突した。","8","商業","","","","","10~29","2","物上げ装置、運搬機械","23","乗物","","","17","交通事故（道路）"
"1378","1994","平成","6","8","5~6","絶縁油の取替作業中、油の入った鉄製タンクと遮断機の可動接触子がショートしたため絶縁油に引火し、その油を全身に浴びた。","3","建設業","303","その他の建設業","","","1~9","5","物質、材料","51","危険物、有害物等","","","11","高温・低温の物との接触"
"1379","1994","平成","6","8","15~16","スーパーの駐車場で駐車車両の案内、誘導をしていたが、猛暑のため熱射病になった。","17","その他の事業","","","","","50~99","7","環境等","71","環境等","","","90","その他"
"1380","1994","平成","6","8","15~16","機械設備冷却用ドライアイス(300キログラム)を積んだワゴン車で工事現場に向う途中、道路脇で停車中のワゴン車の中で酸欠により死亡している被災者が発見された。","3","建設業","303","その他の建設業","","","100~299","5","物質、材料","51","危険物、有害物等","","","12","有害物等との接触"
"1381","1994","平成","6","8","16~17","池の清掃のためトラクター・ショベルを運転中、スロープ側面に乗り上げ転倒した。","7","畜産・水産業","","","","","1~9","1","動力機械","14","建設機械等","","","2","転倒"
"1382","1994","平成","6","8","20~21","花火大会会場において、トラック荷台より花火を運ぶ作業中、打ち上げた花火の1つが地上に落下してから爆発し、近くに置いてあった花火が引火爆発した。(外)","1","製造業","117","その他の製造業","","","10~29","5","物質、材料","51","危険物、有害物等","","","14","爆発"
"1383","1994","平成","6","8","9~10","風倒木を集材中、当該材木の上に載っていた材が飛び上がり、被災者の上に落下した。","6","農林業","601","農業","","","30~49","5","物質、材料","52","材料","","","4","飛来、落下"
"1384","1994","平成","6","8","9~10","港停泊中の漁船魚槽内において、揚貨装置で冷凍カツオを荷揚げ中、魚槽内の冷凍カツオの塊が崩落した。","5","貨物取扱業","502","港湾運送業","","","100~299","6","荷","61","荷","","","5","崩壊、倒壊"
"1385","1994","平成","6","8","9~10","丸屋根上において、清掃作業のためのブランコのメインロープを取付中、約15m下の地面に墜落した。","15","清掃・と畜業","","","","","10~29","4","仮設物、建築物、構築物等","41","仮設物、建築物、構築物等","","","1","墜落、転落"
"1386","1994","平成","6","8","9~10","ジブクレーンに取り付けた搭乗設備を使い船舶の煙突を塗装中、煙突下デッキ上で当該搭乗設備のロープを引っ張っていた被災者が、デッキの物品揚卸口より約16m下の機関室に墜落した。","1","製造業","115","輸送用機械等製造業","","","10~29","4","仮設物、建築物、構築物等","41","仮設物、建築物、構築物等","","","1","墜落、転落"
"1387","1994","平成","6","8","10~11","回収巻取作業所内で電線巻取機の速度調整中、バランスを崩して中腰状態から後方へ倒れ、床面で後頭部を打った。","15","清掃・と畜業","","","","","50~99","4","仮設物、建築物、構築物等","41","仮設物、建築物、構築物等","","","2","転倒"
"1388","1994","平成","6","8","10~11","側溝の砕石を除去中、後進してきた転圧作業中のタイヤローラーにひかれた。","3","建設業","301","土木工事業","","","10~29","1","動力機械","14","建設機械等","","","7","はさまれ、巻き込まれ"
"1389","1994","平成","6","8","11~12","山砂採取場のベンチカットされた砂山下部において、ドラグ・ショベルで削り落とされた土砂をダンプに積み込む作業中、法面の表層土砂が崩れ落ちドラグ・ショベルが埋まった。","8","商業","","","","","1~9","7","環境等","71","環境等","","","5","崩壊、倒壊"
"1390","1994","平成","6","8","12~13","県道と工事用道路の交差点において、第三者通行車両等の誘導をしていたが、熱暑で倒れた。","17","その他の事業","","","","","50~99","7","環境等","71","環境等","","","90","その他"
"1391","1994","平成","6","8","14~15","木造3階建住宅の建方作業中、3階床底部の梁をかけやで叩いて組み込んでいたところ、組込済みの梁が外れてバランスを崩し、約6.2m下のコンクリート部に墜落した。","3","建設業","302","建築工事業","","","1~9","4","仮設物、建築物、構築物等","41","仮設物、建築物、構築物等","","","1","墜落、転落"
"1392","1994","平成","6","8","14~15","チェーンソーで立木を伐倒したところ、近くの木の枝に伐倒木が接触し、折れた枝が頭部に落下した。","6","農林業","601","農業","","","1~9","7","環境等","71","環境等","","","4","飛来、落下"
"1393","1994","平成","6","8","15~16","作業を終えたフォークリフトが後進しながら方向転換したところ、歩行中の被災者に激突した。","5","貨物取扱業","502","港湾運送業","","","100~299","2","物上げ装置、運搬機械","22","動力運搬機","","","6","激突され"
"1394","1994","平成","6","8","16~17","砕石を不整地運搬車で運搬中、路肩より30m下に滑り落ちた。","2","鉱業","202","土石採取業","","","1~9","2","物上げ装置、運搬機械","22","動力運搬機","","","1","墜落、転落"
"1395","1994","平成","6","8","17~18","配電線の取替作業中、右上腕部が200Vの電線に触れ、発汗により着衣が湿潤していたため感電した。","3","建設業","303","その他の建設業","","","1~9","3","その他の装置等","35","電気設備","","","13","感電"
"1396","1994","平成","6","8","17~18","スクラップ回収作業を終えタイヤショベルで帰社途中、橋の欄干を乗り越え河原に転落した。","8","商業","","","","","1~9","1","動力機械","14","建設機械等","","","17","交通事故（道路）"
"1397","1994","平成","6","8","23~24","地下調節池構築のためのシールド工事現場においてセグメントの組立作業中、取付中のセグメントと油圧ジャッキの間に左肩を挟まれた。","3","建設業","301","土木工事業","","","300~499","1","動力機械","14","建設機械等","","","7","はさまれ、巻き込まれ"
"1398","1994","平成","6","8","0~1","大型トラックで国道を走行中、赤信号のため減速した大型トラックに追突した。","4","運輸交通業","403","道路貨物運送業","","","100~299","2","物上げ装置、運搬機械","22","動力運搬機","","","17","交通事故（道路）"
"1399","1994","平成","6","8","8~9","吐水槽の屋上で仮手摺の撤去作業中、手摺撤去済み箇所から約6m下に墜落した。","3","建設業","302","建築工事業","","","1~9","4","仮設物、建築物、構築物等","41","仮設物、建築物、構築物等","","","1","墜落、転落"
"1400","1994","平成","6","8","8~9","11階建マンション外壁改修工事において、塗装用足場を解体するため建枠を伝って上に昇ろうとしたところ、足元が滑り3.4m下のコンクリート床に墜落した。","3","建設業","302","建築工事業","","","1~9","4","仮設物、建築物、構築物等","41","仮設物、建築物、構築物等","","","1","墜落、転落"
"1401","1994","平成","6","8","9~10","法面工事現場において、草刈作業をしていた被災者が法面枠内で休憩後、作業再開のためロリップを親綱に取り付けようとしたところ、6m下に転落した。","3","建設業","301","土木工事業","","","1~9","4","仮設物、建築物、構築物等","41","仮設物、建築物、構築物等","","","1","墜落、転落"
"1402","1994","平成","6","8","10~11","搬送先の工場内において、床上操作式天井クレーン(つり上げ荷重2.5t)でトレーラーからメッキフープ(ロール状帯鋼、1.8t)を卸していたところ、メッキフープが倒れ、誘導していた被災者が既に卸していたメッキフープとの間に挟まれた。","4","運輸交通業","403","道路貨物運送業","","","50~99","2","物上げ装置、運搬機械","21","動力クレーン等","","","7","はさまれ、巻き込まれ"
"1403","1994","平成","6","8","11~12","ケーブルラック上のケーブル(200V)に銅線(径2ミリメートル)を巻き付ける作業中、感電した。","3","建設業","303","その他の建設業","","","1~9","3","その他の装置等","35","電気設備","","","13","感電"
"1404","1994","平成","6","8","11~12","6tキャリアカーから廃車を下ろす作業中、エンジンを駆けたままフォークリフトから降りたところ、フォークリフトが後進し始め、それを止めようと飛び乗ったところフォークリフトが横転し、その下敷きになった。","1","製造業","111","非鉄金属製造業","","","50~99","2","物上げ装置、運搬機械","22","動力運搬機","","","6","激突され"
"1405","1994","平成","6","8","11~12","フォークリフトのフォークに鉄製柵を取り付けて乗り、梁の取付工事中、フォークが前進した際、工場の柱とフォークに取り付けた柵の間に挟まれた。","3","建設業","303","その他の建設業","","","1~9","2","物上げ装置、運搬機械","22","動力運搬機","","","7","はさまれ、巻き込まれ"
"1406","1994","平成","6","8","12~13","軽自動車で得意先より帰社途中、交差点で大型トラックと衝突した。","9","金融・広告業","","","","","10~29","2","物上げ装置、運搬機械","23","乗物","","","17","交通事故（道路）"
"1407","1994","平成","6","8","12~13","自動車工場内で機械装置の設置工事中、熱射病になった。","3","建設業","303","その他の建設業","","","10~29","9","その他","99","分類不能","","","99","分類不能"
"1408","1994","平成","6","8","13~14","ドラグ・ショベルで荷を吊り移動中、ドラグ・ショベルとともに擁壁から約4.8m下に転落した。","3","建設業","301","土木工事業","","","1~9","1","動力機械","14","建設機械等","","","1","墜落、転落"
"1409","1994","平成","6","8","14~15","農作業小屋2階部分で床張り作業中、高さ3.48mから墜落した。","3","建設業","302","建築工事業","","","1~9","4","仮設物、建築物、構築物等","41","仮設物、建築物、構築物等","","","1","墜落、転落"
"1410","1994","平成","6","8","16~17","ため池の取水口(径69.5m、深さ3.7m)を塞いでいる土砂を取り除くため潜水中、取水口に吸い込まれた。","3","建設業","301","土木工事業","","","不明","7","環境等","71","環境等","","","10","おぼれ"
"1411","1994","平成","6","8","17~18","道路工事現場においてタンクローリーで移動中、転落した。","3","建設業","301","土木工事業","","","1~9","1","動力機械","14","建設機械等","","","1","墜落、転落"
"1412","1994","平成","6","8","19~20","船上でウインチ作業中、高さ18mにあった鳥居型マストの鉄製滑車が落下し、滑車のロープ(径2.5センチメートル)が当たった。","17","その他の事業","","","","","1~9","2","物上げ装置、運搬機械","21","動力クレーン等","","","4","飛来、落下"
"1413","1994","平成","6","8","1~2","踏切の舗装ブロック据付作業中、トラクター・ショベルで吊り上げたコンクリート板をローダー前方で動かないように押さえていたところ、ひかれた。","3","建設業","301","土木工事業","","","10~29","1","動力機械","14","建設機械等","","","7","はさまれ、巻き込まれ"
"1414","1994","平成","6","8","9~10","炎天下でマンション工事のスラブ鉄筋配筋作業中、日射病になった。","3","建設業","302","建築工事業","","","1~9","7","環境等","71","環境等","","","90","その他"
"1415","1994","平成","6","8","10~11","小規模急傾斜工事(山の斜面にブロックを積み整備する工事)において、パワー・ショベルで掘削した地面の底均し作業中、斜面が崩壊した。","3","建設業","301","土木工事業","","","1~9","7","環境等","71","環境等","","","5","崩壊、倒壊"
"1416","1994","平成","6","8","12~13","屋外で地面を掘削中、熱射病により倒れた。","3","建設業","302","建築工事業","","","1~9","7","環境等","71","環境等","","","90","その他"
"1417","1994","平成","6","8","13~14","倉庫敷地内を歩行中、ログフォーク付ホイールローダーにひかれた。","4","運輸交通業","403","道路貨物運送業","","","30~49","2","物上げ装置、運搬機械","22","動力運搬機","","","7","はさまれ、巻き込まれ"
"1418","1994","平成","6","8","14~15","車庫内で洗車を終えたゴミ収集車が、左前方で手袋を洗っていた被災者に気付かず前進し、ひいた。","15","清掃・と畜業","","","","","100~299","2","物上げ装置、運搬機械","22","動力運搬機","","","6","激突され"
"1419","1994","平成","6","8","14~15","工場内西側ガーターに梯子を掛けて電線管の配管作業中、梯子が横滑りし、約4.9m下の床に墜落した。","3","建設業","303","その他の建設業","","","10~29","3","その他の装置等","37","用具","","","1","墜落、転落"
"1420","1994","平成","6","8","14~15","工場内変電所のフェンス移設工事中、猛暑により倒れた。","3","建設業","302","建築工事業","","","1~9","7","環境等","71","環境等","","","90","その他"
"1421","1994","平成","6","8","16~17","フォークリフトで9.6tトラックに荷を積み終えた後、フォークリフトから降りたところ、後進してきた当該トラックにひかれた。","8","商業","","","","","1~9","2","物上げ装置、運搬機械","22","動力運搬機","","","18","交通事故（その他）"
"1422","1994","平成","6","8","16~17","道路拡張工事現場において、トラクター・ショベルに取り付けたフックにワイヤロープを掛け覆工板を吊り上げ運搬中、吊り荷の揺れを押さえていた被災者が転倒し、トラクター・ショベルにひかれた。","3","建設業","301","土木工事業","","","1~9","1","動力機械","14","建設機械等","","","7","はさまれ、巻き込まれ"
"1423","1994","平成","6","8","9~10","砂防ダム工事現場において、ドラグ・ショベルで伐採木を吊上げ旋回中、材が被災者に激突した。","3","建設業","301","土木工事業","","","10~29","1","動力機械","14","建設機械等","","","6","激突され"
"1424","1994","平成","6","8","9~10","配管工事をするにあたり、天井クレーンのトロリー線に近接する作業箇所に絶縁カバーを装着していたところ、トロリー線に身体が触れた。","3","建設業","303","その他の建設業","","","10~29","2","物上げ装置、運搬機械","21","動力クレーン等","","","13","感電"
"1425","1994","平成","6","8","10~11","石材の研磨作業で自動研磨機の砥石と石材の間隔を調整中、研磨機の砥石と石材の間に頭部を挟まれた。","1","製造業","109","窯業土石製品製造業","","","1~9","1","動力機械","16","一般動力機械","","","7","はさまれ、巻き込まれ"
"1426","1994","平成","6","8","11~12","パワー・ショベルでコンクリートパイルを吊り上げた際、当該パイルが横方向に滑り、側にいた被災者がパイルと掘削した残土の間に挟まれた。","3","建設業","302","建築工事業","","","1~9","1","動力機械","14","建設機械等","","","7","はさまれ、巻き込まれ"
"1427","1994","平成","6","8","11~12","クレーンで腹おこし材を撤去中、材が水中ポンプに繋がる3相式の電線を引っかけて2相が切断され、被災者が切れ掛かった電線を処理する際感電した。","3","建設業","302","建築工事業","","","1~9","3","その他の装置等","35","電気設備","","","13","感電"
"1428","1994","平成","6","8","11~12","下水道施設新築工事現場で土工として作業中、体の不調を訴え、熱射病により死亡した。","3","建設業","301","土木工事業","","","1~9","7","環境等","71","環境等","","","90","その他"
"1429","1994","平成","6","8","13~14","運搬作業に支障があるため、取り外して立て掛けて置いたサッシ戸に激突し、ガラスで左肩を切傷した。","1","製造業","101","食料品製造業","","","30~49","5","物質、材料","52","材料","","","3","激突"
"1430","1994","平成","6","8","13~14","フランジの刻印作業工程において、刻印されたフランジを自動送給する動力運搬機の中に何らかの理由で頭部を入れたところ、下降してきたラムと下部フレームの間に挟まれた。","1","製造業","112","金属製品製造業","","","1~9","2","物上げ装置、運搬機械","22","動力運搬機","","","7","はさまれ、巻き込まれ"
"1431","1994","平成","6","8","15~16","2tルートバンで現金輸送中、対向車線にはみ出し、ダンプカーと正面衝突した。","4","運輸交通業","403","道路貨物運送業","","","50~99","2","物上げ装置、運搬機械","22","動力運搬機","","","17","交通事故（道路）"
"1432","1994","平成","6","8","16~17","鋼製梁材(7.2×1.25×0.2m)を橋型クレーンで運搬し、クランプを外して巻き上げたところ、クランプが引っかかって梁材が転倒し、クレーン操作をしていた被災者が挟まれた。","1","製造業","112","金属製品製造業","","","50~99","3","その他の装置等","37","用具","","","5","崩壊、倒壊"
"1433","1994","平成","6","8","3~4","自転車で新聞配達中、坂道を下っていたところ、民家に激突した。","8","商業","","","","","10~29","2","物上げ装置、運搬機械","23","乗物","","","17","交通事故（道路）"
"1434","1994","平成","6","8","4~5","トラックで走行中、車線変更してきた車両に追突した。","4","運輸交通業","403","道路貨物運送業","","","10~29","2","物上げ装置、運搬機械","22","動力運搬機","","","17","交通事故（道路）"
"1435","1994","平成","6","8","8~9","枠組足場解体に伴う壁つなぎ取付部の穴の修復状況確認のため、枠組足場に設置した架設階段を昇降中、約2.5m下の地上に墜落した。","3","建設業","302","建築工事業","","","10~29","4","仮設物、建築物、構築物等","41","仮設物、建築物、構築物等","","","1","墜落、転落"
"1436","1994","平成","6","8","9~10","国道バイパスを走行中、ガソリンスタンドから出ようとした大型トレーラーに衝突した。","1","製造業","101","食料品製造業","","","100~299","2","物上げ装置、運搬機械","22","動力運搬機","","","17","交通事故（道路）"
"1437","1994","平成","6","8","9~10","ピット内のきり壁天端で作業中、同僚から投光器でピット内を照らすよう頼まれたため、天井に付いていた投光器を取ろうとしたところ、墜落した。","3","建設業","303","その他の建設業","","","10~29","4","仮設物、建築物、構築物等","41","仮設物、建築物、構築物等","","","1","墜落、転落"
"1438","1994","平成","6","8","11~12","基礎コンクリートの後片付け作業に従事していた被災者が意識不明になり、熱射病で死亡した。","3","建設業","302","建築工事業","","","10~29","7","環境等","71","環境等","","","90","その他"
"1439","1994","平成","6","8","11~12","ゴミ収集車でゴミ集積場に向う途中、車両後部のバンパーに乗っていた被災者が路上に落ちて頭部を強打した。","15","清掃・と畜業","","","","","10~29","2","物上げ装置、運搬機械","22","動力運搬機","","","1","墜落、転落"
"1440","1994","平成","6","8","10~11","木造家屋建築工事において梁上で隅木材を取付中、3.7m下のコンクリート床に墜落した。","3","建設業","302","建築工事業","","","1~9","4","仮設物、建築物、構築物等","41","仮設物、建築物、構築物等","","","1","墜落、転落"
"1441","1994","平成","6","8","10~11","地下室のドレン回収タンクのマンホールを開放し、タンク内で防錆塗装作業中、手持型電灯が落下破損し爆発が起こった。","1","製造業","108","化学工業","","","10~29","5","物質、材料","51","危険物、有害物等","","","14","爆発"
"1442","1994","平成","6","8","16~17","山頂の廃棄物を麓に降ろすため営業終了したゴンドラを運転させ、ゴンドラ通過エリア内で作業中、ゴンドラに追突され15m下に墜落した。","14","接客娯楽業","","","","","100~299","2","物上げ装置、運搬機械","22","動力運搬機","","","6","激突され"
"1443","1994","平成","6","8","1~2","タクシー乗務中、交差点で乗用車に衝突された。","4","運輸交通業","402","道路旅客運送業","","","10~29","2","物上げ装置、運搬機械","23","乗物","","","17","交通事故（道路）"
"1444","1994","平成","6","8","9~10","配電室内で電気工事中、盤付け結線で配電盤のアースをしゃがみ込んで接線していたところ、前頭部が低圧充電部(200V)に触れた。","3","建設業","303","その他の建設業","","","10~29","3","その他の装置等","35","電気設備","","","13","感電"
"1445","1994","平成","6","8","9~10","スリッターラインの軸を受けるアームを天井クレーンで吊り上げ、その下に入って改修作業中、玉掛ワイヤが切れスリッターラインとアームの間に挟まれた。","1","製造業","113","一般機械器具製造業","","","10~29","3","その他の装置等","37","用具","","","6","激突され"
"1446","1994","平成","6","8","13~14","車両積載形トラッククレーンによりトラック荷台の鋼材を荷卸し中、当該クレーンが転倒し鋼材との間に挟まれた。","8","商業","","","","","1~9","2","物上げ装置、運搬機械","21","動力クレーン等","","","7","はさまれ、巻き込まれ"
"1447","1994","平成","6","8","14~15","フェルト撹拌機の綿を送る部分に詰まった綿を除去するため、左手に掃除棒を持ち鉄製垂直タラップを昇っていたところ、5.8m下のコンクリート床に墜落した。","1","製造業","102","繊維工業","","","30~49","1","動力機械","16","一般動力機械","","","1","墜落、転落"
"1448","1994","平成","6","8","9~10","移動式クレーンで発電機を移動させようとしてブームを旋回したところ、クレーンが横転し堤防との間に挟まれた。","3","建設業","301","土木工事業","","","1~9","2","物上げ装置、運搬機械","21","動力クレーン等","","","2","転倒"
"1449","1994","平成","6","8","13~14","施盤で長大管鉄筋編成機のシャフトにねじ切りを行っていた際、切り粉を除去するため右手を被加工物に近付けたところ、袖が切り粉に引っかかりシャフトに右手を巻き込まれた。","1","製造業","109","窯業土石製品製造業","","","100~299","1","動力機械","16","一般動力機械","","","7","はさまれ、巻き込まれ"
"1450","1994","平成","6","8","13~14","落石を避けようとしたドラグ・ショベルの運転者が、肘を操作アームにぶつけた際にブームが旋回し、近くにいた被災者に当たった。","3","建設業","301","土木工事業","","","30~49","1","動力機械","14","建設機械等","","","6","激突され"
"1451","1994","平成","6","8","14~15","乗用車で現場へ向う途中、対向車線にはみ出し、大型トラックと正面衝突した。","3","建設業","302","建築工事業","","","1~9","2","物上げ装置、運搬機械","23","乗物","","","17","交通事故（道路）"
"1452","1994","平成","6","8","16~17","冷蔵庫内において、高さ2.8mの作業床端部から1階に墜落した。","1","製造業","101","食料品製造業","","","10~29","4","仮設物、建築物、構築物等","41","仮設物、建築物、構築物等","","","1","墜落、転落"
"1453","1994","平成","6","8","9~10","トラックで帰社途中、信号待ちの車に追突した。","4","運輸交通業","403","道路貨物運送業","","","50~99","2","物上げ装置、運搬機械","22","動力運搬機","","","17","交通事故（道路）"
"1454","1994","平成","6","8","10~11","伐木作業中、伐倒木を乗り越える際に転倒し、頭部を石で強打した。","6","農林業","601","農業","","","1~9","7","環境等","71","環境等","","","2","転倒"
"1455","1994","平成","6","8","11~12","大型トラックで国道を走行中、右折待ちをしていた大型トラックに追突した。","4","運輸交通業","403","道路貨物運送業","","","50~99","2","物上げ装置、運搬機械","22","動力運搬機","","","17","交通事故（道路）"
"1456","1994","平成","6","8","13~14","林道開設工事現場において、チェーンソーを肩に担いで道を上っていたところ、路肩から足を滑らせ約20m墜落した。","3","建設業","301","土木工事業","","","30~49","7","環境等","71","環境等","","","1","墜落、転落"
"1457","1994","平成","6","8","15~16","高さ約17mの斜面で伐木作業中、伐倒木を斜面下方へ落とそうとしたところ転落した。","3","建設業","301","土木工事業","","","10~29","7","環境等","71","環境等","","","1","墜落、転落"
"1458","1994","平成","6","8","15~16","事業場向かいの駐車場より横断歩道を渡っていたところ、10tトラックにはねられた。","17","その他の事業","","","","","100~299","2","物上げ装置、運搬機械","22","動力運搬機","","","17","交通事故（道路）"
"1459","1994","平成","6","8","16~17","鋼製足場上(高さ1.53m)で乾燥機の排風ダクトを据付中、墜落した。","3","建設業","303","その他の建設業","","","1~9","4","仮設物、建築物、構築物等","41","仮設物、建築物、構築物等","","","1","墜落、転落"
"1460","1994","平成","6","8","17~18","乗用車で出張先へ向う途中、高速道路で雨のためスリップし、後続の高速バスに追突された。","1","製造業","113","一般機械器具製造業","","","1~9","2","物上げ装置、運搬機械","23","乗物","","","17","交通事故（道路）"
"1461","1994","平成","6","8","14~15","コンクリート工場の汚水処理槽内でセンサーを修理中、槽内の撹拌機が突然回転し巻き込まれた。","17","その他の事業","","","","","1~9","1","動力機械","16","一般動力機械","","","7","はさまれ、巻き込まれ"
"1462","1994","平成","6","8","15~16","食肉加工作業場において、スライス肉を昇降リフトに載せ起動スイッチを押した後、上昇した搬器から落下した肉片を取ろうと身を乗り出したところ、搬器が下降し胸部を挟まれた。","1","製造業","101","食料品製造業","","","50~99","2","物上げ装置、運搬機械","22","動力運搬機","","","7","はさまれ、巻き込まれ"
"1463","1994","平成","6","8","15~16","I形鋼(1.5t)の片方を天井クレーンで吊り溶接部を研磨中、同僚が当該クレーンを使うため吊具を外して移動させようとした時、クレーンのフックがI形鋼に取り付けてあったハッカーに引っかかり、I形鋼が被災者の上に倒れた。","1","製造業","112","金属製品製造業","","","10~29","2","物上げ装置、運搬機械","21","動力クレーン等","","","3","激突"
"1464","1994","平成","6","8","4~5","下水道工事現場において、発進立坑に覆工板を設置する作業中、深さ約2mの立坑に墜落した。","3","建設業","301","土木工事業","","","10~29","4","仮設物、建築物、構築物等","41","仮設物、建築物、構築物等","","","1","墜落、転落"
"1465","1994","平成","6","8","11~12","高さ2.4mの脚立上で配管作業中、バランスを崩し墜落した。","3","建設業","302","建築工事業","","","1~9","3","その他の装置等","37","用具","","","1","墜落、転落"
"1466","1994","平成","6","8","11~12","構内駐車場の鉄製門扉(レール式)が突風により閉まった際、門扉の車輪が脱輪して傾斜状態になったため被災者が近付いたところ、倒れてきた門扉の下敷きになった。","8","商業","","","","","30~49","4","仮設物、建築物、構築物等","41","仮設物、建築物、構築物等","","","5","崩壊、倒壊"
"1467","1994","平成","6","8","12~13","ゴルフ練習場のグリーンネット上下用のウィンチワイヤの交換作業を終え、支柱頂部より地上へ降りる途中、高さ約7mのグリーンネット上部から墜落した。","3","建設業","303","その他の建設業","","","1~9","4","仮設物、建築物、構築物等","41","仮設物、建築物、構築物等","","","1","墜落、転落"
"1468","1994","平成","6","8","16~17","現場よりワゴン車で帰宅途中、国道交差点で右折車両と激突した。","3","建設業","302","建築工事業","","","1~9","2","物上げ装置、運搬機械","23","乗物","","","17","交通事故（道路）"
"1469","1994","平成","6","8","20~21","9tトラックで高速道路を走行中、運転操作を誤り、中央分離帯を乗り越え横転した。","4","運輸交通業","403","道路貨物運送業","","","50~99","2","物上げ装置、運搬機械","22","動力運搬機","","","17","交通事故（道路）"
"1470","1994","平成","6","8","9~10","2.8t天井クレーンのクランプでH形鋼(400キログラム)先端を挟み吊り立ててベースの仮付け後、H形鋼を寝かせようとしたところ、方向が変わってクランプから外れ、被災者に当たった。","1","製造業","112","金属製品製造業","","","1~9","3","その他の装置等","37","用具","","","4","飛来、落下"
"1471","1994","平成","6","8","10~11","倉庫前の台車内に立て掛けたパーチカルボード(1×4.8m、50キログラム)16枚にビニールシートを掛けていたところ、8枚が倒れその間に挟まれた。","8","商業","","","","","50~99","5","物質、材料","52","材料","","","5","崩壊、倒壊"
"1472","1994","平成","6","8","15~16","4t冷凍車で高速道路を走行中、左側のガードレールに激突した。","4","運輸交通業","403","道路貨物運送業","","","10~29","2","物上げ装置、運搬機械","22","動力運搬機","","","17","交通事故（道路）"
"1473","1994","平成","6","8","8~9","下水処理場工事現場において、トラックの積荷をフォークリフトで荷卸し中、曝気槽開口部を養生していた木製板上に乗り上げ、フォークリフトとともに11m下の底部に墜落した。","4","運輸交通業","403","道路貨物運送業","","","1~9","2","物上げ装置、運搬機械","22","動力運搬機","","","1","墜落、転落"
"1474","1994","平成","6","8","9~10","塗装工事に使った足場を解体中、自分の乗った足場の単管の直行クランプを外し、3.47m下に墜落した。","3","建設業","302","建築工事業","","","1~9","4","仮設物、建築物、構築物等","41","仮設物、建築物、構築物等","","","1","墜落、転落"
"1475","1994","平成","6","8","9~10","高さ約3.5mの桁上で梁を桁に取り付けていたところ、コンクリート床に墜落した。","3","建設業","302","建築工事業","","","1~9","4","仮設物、建築物、構築物等","41","仮設物、建築物、構築物等","","","1","墜落、転落"
"1476","1994","平成","6","8","14~15","ドックで定期点検中の船(9947t)の第2ホールド(ハッチ)横のクロスデッキを通行中、クロスデッキより約12m下の船底に墜落した。","1","製造業","115","輸送用機械等製造業","","","1000~9999","4","仮設物、建築物、構築物等","41","仮設物、建築物、構築物等","","","1","墜落、転落"
"1477","1994","平成","6","8","16~17","セメント製造プラント定期補修工事において焼成炉内を掃除中、炉内の付着物が剥離落下した。","1","製造業","109","窯業土石製品製造業","","","10~29","3","その他の装置等","34","炉窯等","","","4","飛来、落下"
"1478","1994","平成","6","8","16~17","不整地運搬車で林道を走行中、林道から外れたため降車して修復していたところ、不整地運搬車の下敷きになった。","3","建設業","301","土木工事業","","","1~9","2","物上げ装置、運搬機械","22","動力運搬機","","","7","はさまれ、巻き込まれ"
"1479","1994","平成","6","8","6~7","フォークリフトでヒューム管をトラック荷台に積込中、地上の被災者が荷台後部に積まれたヒューム管を、荷台前部へ転がし移動させていたところ、転がり落ちてきたヒューム管の下敷きになった。","4","運輸交通業","403","道路貨物運送業","","","10~29","2","物上げ装置、運搬機械","22","動力運搬機","","","4","飛来、落下"
"1480","1994","平成","6","8","14~15","マンション新築工事において、既設コンクリート擁壁に補強コンクリートを打設するため掘削箇所(3.3×7.2×深さ2.6m)にコンパネを設置中、側壁の土砂が崩壊した。","3","建設業","302","建築工事業","","","10~29","7","環境等","71","環境等","","","5","崩壊、倒壊"
"1481","1994","平成","6","8","15~16","鉄枠内にある鉛板(約250キログラム)をクレーンで吊り上げたところ、鉄枠外に立て掛けてある鉛板に押されて動き出し、別の鉄枠との間に挟まれた。","1","製造業","111","非鉄金属製造業","","","10~29","6","荷","61","荷","","","7","はさまれ、巻き込まれ"
"1482","1994","平成","6","8","16~17","国有林内で集材機の設置作業中、立木に登り元柱の控え用ワイヤを張ったところ、立木が折れて墜落した。","6","農林業","601","農業","","","1~9","7","環境等","71","環境等","","","1","墜落、転落"
"1483","1994","平成","6","8","8~9","焼鈍した反応器の胴(径2.8m、長さ14m)を移動台車でガス炉から出し胴上の熱伝対を取り外す際、熱伝対の状態確認のため胴内側の歪防止治具に足を掛けて上がろうとしたところ、治具が外れて60センチメートル下の台車上に落ち、台車と治具に頭を挟まれた。","1","製造業","113","一般機械器具製造業","","","1000~9999","5","物質、材料","52","材料","","","5","崩壊、倒壊"
"1484","1994","平成","6","8","10~11","ゴルフコース造成工事現場において、傾斜地で動けなくなったセミトレーラーから重機を降ろそうとした際、突然セミトレーラーが動き出したため重機から飛び降りたところ、後退してきたセミトレーラーにひかれた。","4","運輸交通業","403","道路貨物運送業","","","30~49","2","物上げ装置、運搬機械","22","動力運搬機","","","6","激突され"
"1485","1994","平成","6","8","10~11","山林間伐作業現場で玉切り作業中、斜面上部より杉丸太(径18センチメートル、長さ約10m)が転がり落ちてきて別の丸太との間に挟まれた。","6","農林業","601","農業","","","1~9","7","環境等","71","環境等","","","4","飛来、落下"
"1486","1994","平成","6","8","11~12","資材置場で草刈作業中、同僚の草刈機が古タイヤに当たって跳ね、移動中の被災者に当たった。","3","建設業","302","建築工事業","","","1~9","1","動力機械","16","一般動力機械","","","8","切れ、こすれ"
"1487","1994","平成","6","8","13~14","工場内において、鋼管をホイールクレーンで吊上げトラックへ積み込む作業中、玉掛用ナイロンスリングが切れ、荷が被災者を直撃した。","1","製造業","112","金属製品製造業","","","50~99","3","その他の装置等","37","用具","","","4","飛来、落下"
"1488","1994","平成","6","8","14~15","取引先工場内において10tトラックに砂を積み込む作業中、トラックのキャビン屋根に乗っていた被災者が、ホッパーの操作ボタンを操作しようとトラックのタラップを昇っていたところ、地上に墜落した。","4","運輸交通業","403","道路貨物運送業","","","10~29","2","物上げ装置、運搬機械","22","動力運搬機","","","1","墜落、転落"
"1489","1994","平成","6","8","5~6","荷を運送中、高速道路で前方のトラックに追突した。","4","運輸交通業","403","道路貨物運送業","","","30~49","2","物上げ装置、運搬機械","22","動力運搬機","","","17","交通事故（道路）"
"1490","1994","平成","6","8","9~10","市場の屋内駐車場通路において、バイクで市場内を配達していた被災者が、軽トラックと出会い頭に衝突した。","8","商業","","","","","1~9","2","物上げ装置、運搬機械","22","動力運搬機","","","18","交通事故（その他）"
"1491","1994","平成","6","8","13~14","看板塔の塗り替え作業にかかるため、高さ3.5mの枠組足場の作業床へ上がる途中、墜落した。","3","建設業","302","建築工事業","","","1~9","4","仮設物、建築物、構築物等","41","仮設物、建築物、構築物等","","","1","墜落、転落"
"1492","1994","平成","6","8","14~15","3階窓から身体を乗り出して窓ガラスを清掃中、7.9m下のアスファルト面に墜落した。","15","清掃・と畜業","","","","","100~299","4","仮設物、建築物、構築物等","41","仮設物、建築物、構築物等","","","1","墜落、転落"
"1493","1994","平成","6","8","14~15","駐輪場の柱を立てるためコンクリートブロック塀(幅3.2m、高さ1.6m、約1t)の基礎の一部をはつり、付近の土を取り除いていたところ、ブロック塀が倒れてきた。","3","建設業","301","土木工事業","","","1~9","4","仮設物、建築物、構築物等","41","仮設物、建築物、構築物等","","","5","崩壊、倒壊"
"1494","1994","平成","6","8","5~6","車両積載形トラッククレーンで高速道路を走行中、サービスエリアから出てきた大型トレーラーに追突した。","4","運輸交通業","403","道路貨物運送業","","","10~29","2","物上げ装置、運搬機械","21","動力クレーン等","","","17","交通事故（道路）"
"1495","1994","平成","6","8","5~6","11tトラックで高速道路を走行中、前方のトレーラーに激突した。","4","運輸交通業","403","道路貨物運送業","","","10~29","2","物上げ装置、運搬機械","23","乗物","","","17","交通事故（道路）"
"1496","1994","平成","6","8","8~9","林内作業車で作業道を登っていたところ、作業車にひかれた。","6","農林業","601","農業","","","1~9","2","物上げ装置、運搬機械","22","動力運搬機","","","7","はさまれ、巻き込まれ"
"1497","1994","平成","6","8","10~11","ブロック積擁壁工の埋め戻し作業箇所より、約2.8m下の側溝へ転落した。","3","建設業","301","土木工事業","","","1~9","4","仮設物、建築物、構築物等","41","仮設物、建築物、構築物等","","","1","墜落、転落"
"1498","1994","平成","6","8","11~12","木材伐出作業中、斜面(勾配32~40度)上の伐倒木の上でバランスを崩し転落した。","6","農林業","601","農業","","","10~29","7","環境等","71","環境等","","","1","墜落、転落"
"1499","1994","平成","6","8","14~15","鉄骨造2階建新築現場において、2階鉄骨梁上から約4m下の地面に墜落した。","3","建設業","302","建築工事業","","","1~9","4","仮設物、建築物、構築物等","41","仮設物、建築物、構築物等","","","1","墜落、転落"
"1500","1994","平成","6","8","15~16","トラックで国道を走行中、国道沿いの工場敷地に突っ込み、駐車中の乗用車に衝突した。","4","運輸交通業","403","道路貨物運送業","","","30~49","2","物上げ装置、運搬機械","22","動力運搬機","","","17","交通事故（道路）"
"1501","1994","平成","6","8","16~17","倉庫新築現場の枕工事において、ボーリングロッドを置くスペースを確保するため、杭打ち機のクレーンで周辺の単管パイプ束を移動する際、合図をしていた被災者側に当該クレーンが転倒した。","3","建設業","302","建築工事業","","","1~9","2","物上げ装置、運搬機械","21","動力クレーン等","","","6","激突され"
"1502","1994","平成","6","8","7~8","バイクで新聞配達中、交差点で乗用車と衝突した。","8","商業","","","","","30~49","2","物上げ装置、運搬機械","23","乗物","","","17","交通事故（道路）"
"1503","1994","平成","6","8","11~12","鋳鋼材料入りの金属製箱(770キログラム)を天井クレーンで共吊りし副資材容器に搬入中、ワイヤロープの一端が外れ、箱と容器の間に頭部を挟まれた。","1","製造業","110","鉄鋼業","","","100~299","3","その他の装置等","37","用具","","","7","はさまれ、巻き込まれ"
"1504","1994","平成","6","8","11~12","伐倒した木(胸高直径約30センチメートル、長さ約17m)がかかり木になったため、これを直そうとしたところ、当該木に全身を打たれた。","6","農林業","601","農業","","","1~9","7","環境等","71","環境等","","","5","崩壊、倒壊"
"1505","1994","平成","6","8","14~15","外周道路の排水溝工事のため側溝(幅1.3m、深さ1m)を掘削中、残土が崩壊した。","3","建設業","302","建築工事業","","","1~9","7","環境等","71","環境等","","","5","崩壊、倒壊"
"1506","1994","平成","6","8","16~17","廃材を4tトラックに積み込む際、トラック荷台上で廃材を均していた被災者が、バランスを崩し高さ3mから墜落した。","3","建設業","302","建築工事業","","","1~9","5","物質、材料","52","材料","","","1","墜落、転落"
"1507","1994","平成","6","8","10~11","ローラーにより工事用道路を転圧中、他の車両を通過させるため後進したところ、約6m下に転落した。","3","建設業","301","土木工事業","","","100~299","1","動力機械","14","建設機械等","","","1","墜落、転落"
"1508","1994","平成","6","8","11~12","廃熱回収ボイラー製造組立現場において足場上で配管作業中、開口部から3.23m下に墜落した。","1","製造業","113","一般機械器具製造業","","","30~49","4","仮設物、建築物、構築物等","41","仮設物、建築物、構築物等","","","1","墜落、転落"
"1509","1994","平成","6","8","13~14","積載型トラッククレーンに積み込んだ丸太材にロープを掛けた後、再度ロープを緩めたため、トラックの近くでチェーンソーの刃を研いでいた被災者の上に材が落下した。","1","製造業","104","木材・木製品製造業","","","1~9","5","物質、材料","52","材料","","","4","飛来、落下"
"1510","1994","平成","6","8","14~15","車で配送中、赤信号中に交差点に進入し、中央分離帯に衝突した。","9","金融・広告業","","","","","50~99","2","物上げ装置、運搬機械","23","乗物","","","17","交通事故（道路）"
"1511","1994","平成","6","8","14~15","ゴルフ場造成現場で排水管を埋設中、地山(深さ2.8m)が崩壊した。","3","建設業","301","土木工事業","","","1~9","7","環境等","71","環境等","","","5","崩壊、倒壊"
"1512","1994","平成","6","8","14~15","工場内において、西棟より東棟へ電動扉(12×14m)を移動させる際、扉の出入口部に乗ったまま移動していた被災者が、中央の区切り部分に挟まれた。","1","製造業","115","輸送用機械等製造業","","","50~99","4","仮設物、建築物、構築物等","41","仮設物、建築物、構築物等","","","7","はさまれ、巻き込まれ"
"1513","1994","平成","6","8","16~17","舞台照明器具を取り付けている鉄製パイプにロープを掛け、ロープの一方を手で持って支えながら照明器具を撤去中、当該パイプが上昇したため身体が持ち上げられ、高さ約5mから墜落した。","10","映画・演劇業","","","","","50~99","3","その他の装置等","39","その他の装置、設備","","","1","墜落、転落"
"1514","1994","平成","6","8","16~17","モタレ式擁壁工最上部(長さ30m、幅1m、高さ2m)にコンクリート打設するため、既設部分の上面を草ぼうきで掃除中、差筋につまづき転倒し、左横腹を打撲した。","3","建設業","301","土木工事業","","","10~29","4","仮設物、建築物、構築物等","41","仮設物、建築物、構築物等","","","2","転倒"
"1515","1994","平成","6","8","17~18","市道脇の水道管布設工事現場において、被災者が掘削溝底部(深さ1.6m)で待機中、路肩が崩壊した。","3","建設業","301","土木工事業","","","1~9","7","環境等","71","環境等","","","5","崩壊、倒壊"
"1516","1994","平成","6","8","21~22","スーパー改修工事現場においてコンセント電源の配線切替作業中、2階天井裏の配線を接続していたところ、誤って活線(100V)に触れた。","3","建設業","302","建築工事業","","","1~9","3","その他の装置等","35","電気設備","","","13","感電"
"1517","1994","平成","6","8","10~11","スキー場のし尿汲み取り作業を終えたバキュームカーをブル・ドーザーで牽引し、作業道の傾斜が緩やかになったところで牽引ロープを外そうとした際、急に動き出したブル・ドーザーにひかれた。","8","商業","","","","","10~29","1","動力機械","14","建設機械等","","","6","激突され"
"1518","1994","平成","6","8","11~12","剪定作業を終え作業箇所の写真を撮ろうとしたところ、坂道に停車させた移動式クレーンが動き出したため、止めようとして後輪と縁石の間に挟まれた。","3","建設業","301","土木工事業","","","1~9","2","物上げ装置、運搬機械","21","動力クレーン等","","","17","交通事故（道路）"
"1519","1994","平成","6","8","11~12","剪定作業を終え作業箇所の写真を撮ろうとしたところ、坂道に停車させた移動式クレーンが動き出したため、止めようとして後輪と縁石の間に挟まれた。","3","建設業","301","土木工事業","","","1~9","2","物上げ装置、運搬機械","21","動力クレーン等","","","17","交通事故（道路）"
"1520","1994","平成","6","8","11~12","高校校舎3階(高さ約7.8m)窓ガラスの外面を清掃中、窓の外部に張られていた防球用ネットの避難用扉の閂が無くなっていたため扉が開き、校庭に墜落した。","15","清掃・と畜業","","","","","1~9","4","仮設物、建築物、構築物等","41","仮設物、建築物、構築物等","","","1","墜落、転落"
"1521","1994","平成","6","8","13~14","積載形トラッククレーン(つり上げ荷重2.98t)でU字溝(1.43t)を荷卸し中、玉掛用具が外れかかったため、下に角材を掛け渡しU字溝を仮置きしたところ、角材が折れU字溝が倒れた。","3","建設業","301","土木工事業","","","50~99","5","物質、材料","52","材料","","","5","崩壊、倒壊"
"1522","1994","平成","6","8","17~18","電柱に登り絶縁管の取付工事中、高圧充電部(6600V)に接触した。","3","建設業","303","その他の建設業","","","30~49","3","その他の装置等","35","電気設備","","","13","感電"
"1523","1994","平成","6","8","19~20","大型トレーラーを運転し交差点で停車中、保冷車に追突され、積荷の電柱が運転席ガラスを突き抜け、電柱と座席の間に挟まれた。","1","製造業","101","食料品製造業","","","50~99","2","物上げ装置、運搬機械","22","動力運搬機","","","17","交通事故（道路）"
"1524","1994","平成","6","8","20~21","10tトラックで国道を走行中、カーブの下り坂途中にある高さ制限ゲートの支柱に激突した。","4","運輸交通業","403","道路貨物運送業","","","1~9","2","物上げ装置、運搬機械","22","動力運搬機","","","17","交通事故（道路）"
"1525","1994","平成","6","8","5~6","社用車で国道を走行中、大型トラックと正面衝突した。","17","その他の事業","","","","","10~29","2","物上げ装置、運搬機械","23","乗物","","","17","交通事故（道路）"
"1526","1994","平成","6","8","9~10","工場内において、皮革脱毛用タイコ内に脱脂済皮革が投入されているか確認するため、フォークリフトで高さ1.9mに持ち上げられた函(金属容器)に乗ろうとフォークリフトの昇降用タラップを昇っていたところ、足を滑らせ墜落した。","1","製造業","108","化学工業","","","1~9","2","物上げ装置、運搬機械","22","動力運搬機","","","1","墜落、転落"
"1527","1994","平成","6","8","11~12","国有林内治山工事現場の堰堤において、ビニールシートの片付け作業中、上流からの鉄砲水に流された。","3","建設業","301","土木工事業","","","1~9","7","環境等","71","環境等","","","6","激突され"
"1528","1994","平成","6","8","13~14","フォークリフトの修理のため高さ約4mのマストの乗っていた被災者が、バランスを崩し地面に墜落した。","8","商業","","","","","10~29","2","物上げ装置、運搬機械","22","動力運搬機","","","1","墜落、転落"
"1529","1994","平成","6","9","7~8","工場内の窓を開けていたところ、立て掛けてあった切削用円形治具3枚(計760キログラム)が倒れてきた。","1","製造業","112","金属製品製造業","","","1~9","3","その他の装置等","37","用具","","","5","崩壊、倒壊"
"1530","1994","平成","6","9","8~9","一部鉄骨木造建屋の解体工事中、スレート屋根上を移動していたところ、スレートを踏み抜き約5m下のコンクリート土間に墜落した。","3","建設業","302","建築工事業","","","10~29","4","仮設物、建築物、構築物等","41","仮設物、建築物、構築物等","","","1","墜落、転落"
"1531","1994","平成","6","9","10~11","電柱に登りCF(高圧カットアウトスイッチ)交換後、高圧線(6600V)と取り外し前の旧CFを接続していたリード線の切断部に接触した。","3","建設業","303","その他の建設業","","","10~29","3","その他の装置等","35","電気設備","","","13","感電"
"1532","1994","平成","6","9","11~12","フォークリフトのエンジンオイルを交換中、後輪の下に敷いていたリン木(角材(9×9×200センチメートル)4本を2列2段重ねにした)が崩れ、車体下に潜っていた被災者が挟まれた。","1","製造業","108","化学工業","","","300~499","2","物上げ装置、運搬機械","22","動力運搬機","","","7","はさまれ、巻き込まれ"
"1533","1994","平成","6","9","13~14","塗料製造機の付着物をトルエンを染み込ませた布とブラシで取り除いていたところ、突然機械から出た火花がトルエンに引火した。","1","製造業","108","化学工業","","","10~29","5","物質、材料","51","危険物、有害物等","","","16","火災"
"1534","1994","平成","6","9","14~15","5階建ビルの屋根に昇り防水作業前の洗浄作業中、約10m下の玄関屋根上に墜落した。","3","建設業","303","その他の建設業","","","1~9","4","仮設物、建築物、構築物等","41","仮設物、建築物、構築物等","","","1","墜落、転落"
"1535","1994","平成","6","9","14~15","フッ酸回収設備の定期修理作業中、熱交換器に接続された配管のフランジボルトを緩めたところ、残留液(硫酸フッ化水素)が吹き出した。","3","建設業","303","その他の建設業","","","10~29","5","物質、材料","51","危険物、有害物等","","","12","有害物等との接触"
"1536","1994","平成","6","9","14~15","電柱上で高圧線張替作業を終え、鎮電線(電車動力用電線の元線)に着けていた絶縁用防具の取り外し作業中、1500Vの鎮電線に触れた。","3","建設業","303","その他の建設業","","","1~9","3","その他の装置等","35","電気設備","","","13","感電"
"1537","1994","平成","6","9","17~18","出張先の南アフリカ共和国において、バスで視察先に向う途中、バスが強風にあおられ転倒した。","1","製造業","116","電気・ガス・水道業","","","1000~9999","2","物上げ装置、運搬機械","23","乗物","","","17","交通事故（道路）"
"1538","1994","平成","6","9","3~4","印刷工場より新聞を販売所に配達中、交差点で乗用車に衝突された。","1","製造業","107","印刷・製本業","","","100~299","2","物上げ装置、運搬機械","23","乗物","","","17","交通事故（道路）"
"1539","1994","平成","6","9","9~10","委託契約先で電気設備の保守管理等を行っていた被災者が、建屋2階ベランダ上に倒れていた。","17","その他の事業","","","","","50~99","4","仮設物、建築物、構築物等","41","仮設物、建築物、構築物等","","","1","墜落、転落"
"1540","1994","平成","6","9","9~10","キュービクル式高圧受電設備内の変成器と質力量計の撤去作業に際して、電柱の充電電路を短絡作業中、高圧ケーブル(6600V)のリード線に接触した。","3","建設業","303","その他の建設業","","","10~29","3","その他の装置等","35","電気設備","","","13","感電"
"1541","1994","平成","6","9","11~12","3.5tトラックで高速道路を走行中、渋滞で停車していた車両に追突した。","4","運輸交通業","403","道路貨物運送業","","","10~29","2","物上げ装置、運搬機械","22","動力運搬機","","","17","交通事故（道路）"
"1542","1994","平成","6","9","12~13","海苔切断機の海苔押さえ金物部品を取替中、漏電していた3相200Vで感電した。","1","製造業","101","食料品製造業","","","30~49","1","動力機械","16","一般動力機械","","","13","感電"
"1543","1994","平成","6","9","14~15","業務打合せを終えトラックで帰社途中、国道で対向してきた大型バスと衝突した。","3","建設業","303","その他の建設業","","","1~9","2","物上げ装置、運搬機械","22","動力運搬機","","","17","交通事故（道路）"
"1544","1994","平成","6","9","15~16","立木の伐採作業後、枝や草を燃やしていたところ、火が燃え広がり約2000m2焼いた。","6","農林業","601","農業","","","1~9","7","環境等","71","環境等","","","16","火災"
"1545","1994","平成","6","9","17~18","資材置場において、基礎工事に使った型わく資材を荷卸しする際、荷締めロープを外したところ鋼材が落下した。","3","建設業","302","建築工事業","","","1~9","5","物質、材料","52","材料","","","4","飛来、落下"
"1546","1994","平成","6","9","23~24","トラックで国道を走行中、降雨のためスリップして対向車線にはみ出し、大型トレーラーに衝突した。","4","運輸交通業","403","道路貨物運送業","","","10~29","2","物上げ装置、運搬機械","22","動力運搬機","","","17","交通事故（道路）"
"1547","1994","平成","6","9","2~3","タクシー乗務中、乗客に刺殺された。","4","運輸交通業","402","道路旅客運送業","","","50~99","9","その他","99","分類不能","","","90","その他"
"1548","1994","平成","6","9","7~8","工事現場の路肩付近で保安規制材の確認点検作業中、走行してきた4tトラックに跳ねられた。","3","建設業","301","土木工事業","","","10~29","2","物上げ装置、運搬機械","22","動力運搬機","","","17","交通事故（道路）"
"1549","1994","平成","6","9","9~10","人力で掘削作業中、近くで作業中のクラムシェルのバケットが被災者に当たった。","3","建設業","301","土木工事業","","","30~49","1","動力機械","14","建設機械等","","","6","激突され"
"1550","1994","平成","6","9","13~14","送電鉄塔建設現場で資材運搬用索道の架設工事中、掘削穴(3.5×1.3×4m)の中で主索終点シーブのアンカーを設置していたところ、土砂が崩壊した。","3","建設業","303","その他の建設業","","","1~9","7","環境等","71","環境等","","","5","崩壊、倒壊"
"1551","1994","平成","6","9","16~17","立木に登りワイヤロープで固定した枝(長さ3m、切口直径37センチメートル)を伐採した時、宙吊りになった枝に激突された。","6","農林業","601","農業","","","1~9","7","環境等","71","環境等","","","6","激突され"
"1552","1994","平成","6","9","9~10","廃止した吊りコンベヤーを解体中、足場にしていた製品転落防止用鉄製網の支柱の上端をガス溶断したため、自重で網が傾き、4.6m下のコンクリート床に墜落した。","3","建設業","303","その他の建設業","","","1~9","4","仮設物、建築物、構築物等","41","仮設物、建築物、構築物等","","","1","墜落、転落"
"1553","1994","平成","6","9","10~11","道路を横断中、走行してきたオートバイにはねられた。","9","金融・広告業","","","","","300~499","2","物上げ装置、運搬機械","23","乗物","","","17","交通事故（道路）"
"1554","1994","平成","6","9","13~14","下水道工事のためのマンホールを築造中、内部の型ばらしのためマンホール内の水をポンプで抜いていたところ、ポンプのガソリンエンジンが停止したため被災者がマンホール内に入り、一酸化中毒になった。","3","建設業","301","土木工事業","","","1~9","5","物質、材料","51","危険物、有害物等","","","12","有害物等との接触"
"1555","1994","平成","6","9","13~14","立坑内に小型移動式クレーンでコンクリート製マンホール(280キログラム)吊り下ろし中、クレーンの巻上げ用ワイヤロープが切断し、落下したマンホールが立坑内の被災者に当たった。","3","建設業","301","土木工事業","","","10~29","2","物上げ装置、運搬機械","21","動力クレーン等","","","4","飛来、落下"
"1556","1994","平成","6","9","4~5","2t保冷車で県道を走行中、停車中のトレーラーに追突した。","4","運輸交通業","403","道路貨物運送業","","","30~49","2","物上げ装置、運搬機械","22","動力運搬機","","","17","交通事故（道路）"
"1557","1994","平成","6","9","10~11","社用車で高速道路を走行中、ガードレールに激突した。","12","教育・研究業","","","","","30~49","2","物上げ装置、運搬機械","23","乗物","","","17","交通事故（道路）"
"1558","1994","平成","6","9","17~18","作業を終えた労働者を迎えに行った帰途、交差点で停止しようとしたところ、砂利道のため停止できずに交差点内に進入し、乗用車と衝突した。","4","運輸交通業","403","道路貨物運送業","","","30~49","2","物上げ装置、運搬機械","23","乗物","","","17","交通事故（道路）"
"1559","1994","平成","6","9","4~5","橋梁上(高さ約5m)において台車からレールをおろす作業中、バールでレールを台車端に移動させていたところ、バールがレールから外れた反動により墜落した。","3","建設業","301","土木工事業","","","1~9","4","仮設物、建築物、構築物等","41","仮設物、建築物、構築物等","","","1","墜落、転落"
"1560","1994","平成","6","9","6~7","校舎改修工事において、可搬式グラインダーで廊下のコンクリートのはつり作業中、グラインダーの充電部分に触れた。","3","建設業","302","建築工事業","","","1~9","1","動力機械","16","一般動力機械","","","13","感電"
"1561","1994","平成","6","9","9~10","岸壁から約80m沖合いにおいて、タグボートと作業船により大型台船を接岸作業中、作業船から接岸ロープを台船に渡す際、潮流により作業船が台船に接触し転覆した。","1","製造業","115","輸送用機械等製造業","","","100~299","2","物上げ装置、運搬機械","23","乗物","","","10","おぼれ"
"1562","1994","平成","6","9","13~14","団地内で樹木剪定中、手を掛けた枝が折れ、高さ約2mから墜落した。","3","建設業","301","土木工事業","","","10~29","7","環境等","71","環境等","","","1","墜落、転落"
"1563","1994","平成","6","9","14~15","二硫化炭素が入っていたタンク内をカラーチェック検査中、倒れた。","17","その他の事業","","","","","10~29","5","物質、材料","51","危険物、有害物等","","","12","有害物等との接触"
"1564","1994","平成","6","9","15~16","道路法面のモルタル吹付工事現場において、法面中腹の小段(幅80センチメートル)を歩行中、足を踏み外し約10m下の地面に墜落した。","3","建設業","301","土木工事業","","","1~9","7","環境等","71","環境等","","","1","墜落、転落"
"1565","1994","平成","6","9","8~9","公道から現場敷地に通じる進入路を後進してきた移動式クレーンにひかれた。","3","建設業","302","建築工事業","","","1~9","2","物上げ装置、運搬機械","21","動力クレーン等","","","17","交通事故（道路）"
"1566","1994","平成","6","9","9~10","屋上の状況を調べるため、屋上に通じる固定梯子を登っていたところ、バランスを崩し高さ8mから墜落した。","15","清掃・と畜業","","","","","1~9","4","仮設物、建築物、構築物等","41","仮設物、建築物、構築物等","","","1","墜落、転落"
"1567","1994","平成","6","9","14~15","木造家屋の建方作業中、梁上から3.8m下の基礎コンクリート上に墜落した。","3","建設業","302","建築工事業","","","1~9","4","仮設物、建築物、構築物等","41","仮設物、建築物、構築物等","","","1","墜落、転落"
"1568","1994","平成","6","9","14~15","車両整備工場において、2柱リフトで上げた車両の下に入り、エンジン部を浮かすためエンジンの下に棒を立て2柱リフトのアームを下げたところ、車両が落下した。","1","製造業","117","その他の製造業","","","1~9","2","物上げ装置、運搬機械","23","乗物","","","4","飛来、落下"
"1569","1994","平成","6","9","16~17","松の剪定作業中、脚立の2段目(高さ60センチメートル)からコンクリート地面に転落した。","6","農林業","602","林業","","","1~9","3","その他の装置等","37","用具","","","5","崩壊、倒壊"
"1570","1994","平成","6","9","16~17","コンクリートブロックの張り付け作業中、後進してきたドラグ・ショベルにひかれた。","3","建設業","301","土木工事業","","","100~299","1","動力機械","14","建設機械等","","","7","はさまれ、巻き込まれ"
"1571","1994","平成","6","9","6~7","事業場構内でトレーラーを移動中、タイヤがスリップするため降りて調べていたところ、トレーラーが動き出し、自動販売機との間に挟まれた。","4","運輸交通業","403","道路貨物運送業","","","10~29","2","物上げ装置、運搬機械","22","動力運搬機","","","7","はさまれ、巻き込まれ"
"1572","1994","平成","6","9","8~9","高さ4.1mのガレージ屋根上において、張り替え前のトタン板及び塩化ビニルを外す作業中、塩化ビニル板を踏み抜き墜落した。","3","建設業","302","建築工事業","","","1~9","4","仮設物、建築物、構築物等","41","仮設物、建築物、構築物等","","","1","墜落、転落"
"1573","1994","平成","6","9","23~24","工場内で鋳型造型機の補修作業中、点検孔に頭部を入れた際に手がスイッチに触れ、スライドしてきた鋳型に挟まれた。","1","製造業","113","一般機械器具製造業","","","500~999","1","動力機械","16","一般動力機械","","","7","はさまれ、巻き込まれ"
"1574","1994","平成","6","9","8~9","木造家屋新築現場において丸太足場を解体中、高さ8.3mの足場上より墜落した。","3","建設業","302","建築工事業","","","1~9","4","仮設物、建築物、構築物等","41","仮設物、建築物、構築物等","","","1","墜落、転落"
"1575","1994","平成","6","9","13~14","ワゴン車で得意先に向う途中、交差点で右折する際、前方に停車していたトラックに追突した。","1","製造業","107","印刷・製本業","","","30~49","2","物上げ装置、運搬機械","23","乗物","","","17","交通事故（道路）"
"1576","1994","平成","6","9","16~17","橋の右岸側拱台を設置するに当たり、斜面に落石防止ネットを張っていたところ、斜面が崩壊した。","3","建設業","301","土木工事業","","","1~9","7","環境等","71","環境等","","","5","崩壊、倒壊"
"1577","1994","平成","6","9","16~17","橋の右岸側拱台を設置するに当たり、斜面に落石防止ネットを張っていたところ、斜面が崩壊した。","3","建設業","301","土木工事業","","","1~9","7","環境等","71","環境等","","","5","崩壊、倒壊"
"1578","1994","平成","6","9","17~18","鉄骨造2階建新築現場において、ALC板取付工事終了後、2階から外部足場を伝い地上に降りようとして、高さ約3mから墜落した。","3","建設業","302","建築工事業","","","1~9","4","仮設物、建築物、構築物等","41","仮設物、建築物、構築物等","","","1","墜落、転落"
"1579","1994","平成","6","9","9~10","小学校校庭周囲の擁壁上に生えた雑草を鎌で刈り取っていたところ、高さ4.74mの擁壁の走り部分から墜落した。","3","建設業","301","土木工事業","","","10~29","4","仮設物、建築物、構築物等","41","仮設物、建築物、構築物等","","","1","墜落、転落"
"1580","1994","平成","6","9","10~11","農場内の空き地をトラクター・ショベルで造成中、横転した。","7","畜産・水産業","","","","","1~9","1","動力機械","14","建設機械等","","","2","転倒"
"1581","1994","平成","6","9","11~12","坂道(勾配14.5度)に停めた軽トラック荷台よりU字溝を下ろした後、後進してきた同トラックにひかれた。","3","建設業","301","土木工事業","","","10~29","2","物上げ装置、運搬機械","22","動力運搬機","","","7","はさまれ、巻き込まれ"
"1582","1994","平成","6","9","17~18","工場構内駐車場より軽乗用車で帰宅する際、構内道路に出ようとしたショベルローダーに激突した。","1","製造業","109","窯業土石製品製造業","","","10~29","2","物上げ装置、運搬機械","22","動力運搬機","","","3","激突"
"1583","1994","平成","6","9","0~1","大型トラックで高速道路を走行中、スリップして橋手前のガードレールに衝突し、約20m下の川に転落した。","4","運輸交通業","403","道路貨物運送業","","","30~49","2","物上げ装置、運搬機械","22","動力運搬機","","","17","交通事故（道路）"
"1584","1994","平成","6","9","8~9","高さ6mの足場を解体中、作業床を撤去する際、作業床端の天秤状部分に足を掛けたところ、地上に墜落した。","3","建設業","303","その他の建設業","","","10~29","4","仮設物、建築物、構築物等","41","仮設物、建築物、構築物等","","","1","墜落、転落"
"1585","1994","平成","6","9","10~11","立木の伐採作業中、かかり木が落下してきた。","6","農林業","601","農業","","","1~9","7","環境等","71","環境等","","","6","激突され"
"1586","1994","平成","6","9","10~11","8階建マンションの屋上で清掃作業中、墜落した。","8","商業","","","","","1~9","4","仮設物、建築物、構築物等","41","仮設物、建築物、構築物等","","","1","墜落、転落"
"1587","1994","平成","6","9","14~15","屋根上で雨漏り箇所を点検中、通路上の明かり取りガラスを踏み抜き、4m下のコンクリート土間に墜落した。","15","清掃・と畜業","","","","","300~499","4","仮設物、建築物、構築物等","41","仮設物、建築物、構築物等","","","1","墜落、転落"
"1588","1994","平成","6","9","10~11","法面コンクリートブロック設置のため下面に砂利を敷いていたところ、頭上約2mの所にあったヒューム管(約1.2m突出しコンクリート塊が付着)が折れて落下した。","3","建設業","301","土木工事業","","","1~9","4","仮設物、建築物、構築物等","41","仮設物、建築物、構築物等","","","4","飛来、落下"
"1589","1994","平成","6","9","12~13","軽自動車で走行中、対向してきた大型トラックの側面に衝突した。","8","商業","","","","","1~9","2","物上げ装置、運搬機械","22","動力運搬機","","","17","交通事故（道路）"
"1590","1994","平成","6","9","13~14","坑口から約7キロ離れた採炭現場において、掘削機で石炭を掘削後の安全確認をしていたところ、石炭塊が崩壊した。","2","鉱業","203","その他の鉱業","","","1000~9999","7","環境等","71","環境等","","","5","崩壊、倒壊"
"1591","1994","平成","6","9","8~9","建築現場において、架設スロープに停めたトラックにクローラクレーンで吊り上げられた杭工事用鉄板を積込中、トラックが動き出し、荷台上の被災者が吊り荷と運転席後部の間に挟まれた。","4","運輸交通業","403","道路貨物運送業","","","30~49","2","物上げ装置、運搬機械","22","動力運搬機","","","7","はさまれ、巻き込まれ"
"1592","1994","平成","6","9","8~9","工場内の廃液保有タンクの水位状況確認作業を終え、タンクの垂直タラップを降りていたところ、高さ90センチメートルの所からコンクリート上に墜落した。","1","製造業","108","化学工業","","","10~29","3","その他の装置等","32","化学設備","","","1","墜落、転落"
"1593","1994","平成","6","9","10~11","砂利採取場において、ドラグ・ショベルで土砂を搬出中、近接する地山(高さ約25m)が崩壊した。","2","鉱業","202","土石採取業","","","10~29","7","環境等","71","環境等","","","5","崩壊、倒壊"
"1594","1994","平成","6","9","10~11","トルエンの入っていた空タンク(高さ約1.9m、約5m3)の上で、ガスバーナーにより配管のボルトを溶断中、タンクが爆発した。","3","建設業","303","その他の建設業","","","1~9","3","その他の装置等","32","化学設備","","","14","爆発"
"1595","1994","平成","6","9","14~15","事業場構内を歩行中、後進してきた大型トラックにひかれた。","1","製造業","106","パルプ・紙・紙加工品製造業","","","100~299","2","物上げ装置、運搬機械","22","動力運搬機","","","6","激突され"
"1596","1994","平成","6","9","14~15","伐倒木が風の影響を受けて予定伐倒方向から外れ、玉切り中の被災者を直撃した。","6","農林業","601","農業","","","50~99","7","環境等","71","環境等","","","6","激突され"
"1597","1994","平成","6","9","15~16","納品先においてトレーラーより荷卸し中、荷崩れしてあおりが倒れ、車体とあおりの間に挟まれた。","4","運輸交通業","403","道路貨物運送業","","","10~29","6","荷","61","荷","","","5","崩壊、倒壊"
"1598","1994","平成","6","9","15~16","舗装用アスファルト混合剤製造設備において、製品のトラック荷台への落とし口が詰まったため、落とし口の下から鋼管で突いて落とそうとしたところ、塊が落ちてきた。","1","製造業","108","化学工業","","","10~29","3","その他の装置等","39","その他の装置、設備","","","4","飛来、落下"
"1599","1994","平成","6","9","22~23","ミニバイクで配達先から戻る途中、交差点で乗用車に衝突された。","8","商業","","","","","10~29","2","物上げ装置、運搬機械","23","乗物","","","17","交通事故（道路）"
"1600","1994","平成","6","9","23~24","抄紙機を洗浄中、フェルトロールに巻き込まれた。","1","製造業","106","パルプ・紙・紙加工品製造業","","","30~49","1","動力機械","16","一般動力機械","","","7","はさまれ、巻き込まれ"
"1601","1994","平成","6","9","6~7","トラックに同乗し会社へ向う途中、停車していた大型トラックに追突した。","3","建設業","301","土木工事業","","","30~49","2","物上げ装置、運搬機械","22","動力運搬機","","","17","交通事故（道路）"
"1602","1994","平成","6","9","6~7","トラックに同乗し会社へ向う途中、停車していた大型トラックに追突した。","3","建設業","301","土木工事業","","","30~49","2","物上げ装置、運搬機械","22","動力運搬機","","","17","交通事故（道路）"
"1603","1994","平成","6","9","6~7","トラックに同乗し会社へ向う途中、停車していた大型トラックに追突した。","3","建設業","301","土木工事業","","","30~49","2","物上げ装置、運搬機械","22","動力運搬機","","","17","交通事故（道路）"
"1604","1994","平成","6","9","9~10","既設電話線ケーブルに掛けたキャリアーに乗り、光ファイバーケーブル架設のためのロープを張っていたところ、走行してきたダンプカーにロープが引っかかり、キャリアーとともに7m下の地上に転落した。","3","建設業","303","その他の建設業","","","1~9","2","物上げ装置、運搬機械","22","動力運搬機","","","1","墜落、転落"
"1605","1994","平成","6","9","10~11","舗装工事現場のブロック塀にもたれて休憩中、後進してきたマカダム・ローラーと塀の間に挟まれた。","3","建設業","301","土木工事業","","","10~29","1","動力機械","14","建設機械等","","","7","はさまれ、巻き込まれ"
"1606","1994","平成","6","9","15~16","建前作業中、2階床の根太を取り付けていたところ、仮置きしてあった根太と梁の隙間(45センチメートル)から4m下の基礎に墜落した。","3","建設業","302","建築工事業","","","1~9","4","仮設物、建築物、構築物等","41","仮設物、建築物、構築物等","","","1","墜落、転落"
"1607","1994","平成","6","9","16~17","トラック荷台上で、フォークリフトによる板硝子運搬用パレットの牽引の補助作業中、倒れかかったパレットを支えようとしたが支えきれず、パレットとともに墜落した。","4","運輸交通業","403","道路貨物運送業","","","10~29","3","その他の装置等","37","用具","","","5","崩壊、倒壊"
"1608","1994","平成","6","9","16~17","農業用トラクターで牽引してきた脱穀機を停める位置を直そうとして、トラクターを移動させたところ、脱穀機後方で作業をしていた被災者がひかれた。","6","農林業","602","林業","","","10~29","2","物上げ装置、運搬機械","22","動力運搬機","","","6","激突され"
"1609","1994","平成","6","9","9~10","4tダンプカーで走行中、道路側面の水銀灯に激突した。","6","農林業","601","農業","","","10~29","2","物上げ装置、運搬機械","22","動力運搬機","","","17","交通事故（道路）"
"1610","1994","平成","6","9","9~10","ガソリンスタンド増築現場において水道局の完成検査に立会中、しゃがんでバルブ操作をしていたところ、後進してきた高所作業車にひかれた。","3","建設業","303","その他の建設業","","","1~9","1","動力機械","14","建設機械等","","","7","はさまれ、巻き込まれ"
"1611","1994","平成","6","9","9~10","ボックス・カルバート製作所において、コンクリートから鉄製型枠を外す作業中、3tクレーンで型枠(約0.5t)を吊り上げたところ、フックが外れて倒壊し、その下敷きになった。","1","製造業","109","窯業土石製品製造業","","","50~99","3","その他の装置等","37","用具","","","5","崩壊、倒壊"
"1612","1994","平成","6","9","10~11","納品先工場倉庫内において、フォークリフトのバックレストに乗った際、墜落した。","1","製造業","102","繊維工業","","","10~29","2","物上げ装置、運搬機械","22","動力運搬機","","","1","墜落、転落"
"1613","1994","平成","6","9","10~11","木造2階建住宅の建前作業中、2階梁上でボルト締めをしていた被災者が、約4m下に墜落した。","3","建設業","302","建築工事業","","","10~29","4","仮設物、建築物、構築物等","41","仮設物、建築物、構築物等","","","1","墜落、転落"
"1614","1994","平成","6","9","11~12","マンション新築現場において足場を組立中、両手で建枠を持って足場上を移動していたところ、約4m下の踊り場に墜落した。","3","建設業","302","建築工事業","","","10~29","4","仮設物、建築物、構築物等","41","仮設物、建築物、構築物等","","","1","墜落、転落"
"1615","1994","平成","6","9","14~15","小型トラックで走行中、停止中の大型トラックに追突した。","8","商業","","","","","50~99","2","物上げ装置、運搬機械","22","動力運搬機","","","17","交通事故（道路）"
"1616","1994","平成","6","9","15~16","店舗新築現場前にトラックを停め雑材整理中、対向車線側で接触事故を起こした軽ワゴン車が衝突した。","3","建設業","302","建築工事業","","","50~99","2","物上げ装置、運搬機械","23","乗物","","","17","交通事故（道路）"
"1617","1994","平成","6","9","15~16","発電所取水設備の除塵機の点検作業を行っていた被災者が、沈砂池底部から溺死体で発見された。","1","製造業","116","電気・ガス・水道業","","","10~29","4","仮設物、建築物、構築物等","41","仮設物、建築物、構築物等","","","10","おぼれ"
"1618","1994","平成","6","9","15~16","発電所取水設備の除塵機の点検作業を行っていた被災者が、沈砂池底部から溺死体で発見された。","1","製造業","116","電気・ガス・水道業","","","10~29","4","仮設物、建築物、構築物等","41","仮設物、建築物、構築物等","","","10","おぼれ"
"1619","1994","平成","6","9","17~18","林道を走行中、ハンドル操作を誤って路肩を踏み外し、20m転落した。","3","建設業","301","土木工事業","","","1~9","2","物上げ装置、運搬機械","22","動力運搬機","","","17","交通事故（道路）"
"1620","1994","平成","6","9","17~18","ダンプカーで採石場内道路の下り坂を走行中、運転を誤って左に急旋回し、車外に投げ出された。","2","鉱業","202","土石採取業","","","30~49","2","物上げ装置、運搬機械","22","動力運搬機","","","2","転倒"
"1621","1994","平成","6","9","20~21","客先へ普通乗用車で向う途中、信号のない交差点で普通乗用車と出会い頭に衝突した。","8","商業","","","","","100~299","2","物上げ装置、運搬機械","23","乗物","","","17","交通事故（道路）"
"1622","1994","平成","6","9","3~4","高速道路の補修工事中、規制帯に停まっていた2tトラックに大型トレーラーが突っ込み、その反動で押し出された2tトラックに巻き込まれた。","3","建設業","301","土木工事業","","","50~99","2","物上げ装置、運搬機械","22","動力運搬機","","","17","交通事故（道路）"
"1623","1994","平成","6","9","3~4","高速道路で防音壁改築工事現場の写真を撮影中、規制帯に停まっていた2tトラックに大型トレーラーが突っ込み、その反動で押し出された2tトラックに巻き込まれた。","3","建設業","301","土木工事業","","","1~9","2","物上げ装置、運搬機械","22","動力運搬機","","","17","交通事故（道路）"
"1624","1994","平成","6","9","9~10","木造住宅2階の屋根瓦と下地の取り外し作業中、開口部より6.7m下のコンクリート土間に墜落した。","3","建設業","302","建築工事業","","","1~9","4","仮設物、建築物、構築物等","41","仮設物、建築物、構築物等","","","1","墜落、転落"
"1625","1994","平成","6","9","10~11","建造中の鋼造船船首にガイド金物(193キログラム)を取り付ける際、吊りピースを溶接で仮付けしたガイド金物をチェーンブロックで吊っていたところ、仮付け部が外れ、近くで溶接機を修理していた被災者を直撃した。","1","製造業","115","輸送用機械等製造業","","","10~29","6","荷","61","荷","","","4","飛来、落下"
"1626","1994","平成","6","9","11~12","事業場内において、乗用車のワックスがけをする際、後進してきた乗用車とコンクリートブロック塀の間に挟まれた。","1","製造業","117","その他の製造業","","","30~49","2","物上げ装置、運搬機械","23","乗物","","","7","はさまれ、巻き込まれ"
"1627","1994","平成","6","9","14~15","2tダンプカーで現場に土を捨てた後、約30m走行した所で崖下約10mに転落した。","3","建設業","301","土木工事業","","","1~9","2","物上げ装置、運搬機械","22","動力運搬機","","","1","墜落、転落"
"1628","1994","平成","6","9","16~17","親企業構内梱包場において、コイル状にした建材用亜鉛メッキ鋼板(径140センチメートル、幅9センチメートル、850キログラム)2個を他の1個と所定位置で梱包するため、2個のコイルを転がそうとしたところ倒れた。","1","製造業","110","鉄鋼業","","","10~29","6","荷","61","荷","","","5","崩壊、倒壊"
"1629","1994","平成","6","9","1~2","道路工事区域手前で交通整理中、停車させたワゴン車に後続のバルク車が衝突し、その弾みでワゴン車にはねられた。","17","その他の事業","","","","","10~29","2","物上げ装置、運搬機械","22","動力運搬機","","","17","交通事故（道路）"
"1630","1994","平成","6","9","9~10","高さ6.3mの吊り足場上から墜落した。","3","建設業","301","土木工事業","","","10~29","4","仮設物、建築物、構築物等","41","仮設物、建築物、構築物等","","","1","墜落、転落"
"1631","1994","平成","6","9","15~16","瓦葺替工事において、屋根妻部の墨出しをしていたところ、バランスを崩し高さ4.5mから墜落した。","3","建設業","302","建築工事業","","","1~9","4","仮設物、建築物、構築物等","41","仮設物、建築物、構築物等","","","1","墜落、転落"
"1632","1994","平成","6","9","16~17","材木集積所において、アタッチメントをクラブに替えたバックホウで丸太をトラックに積込中、トラック荷台上で丸太を揃えていた被災者に、クラブで挟んだ丸太が当たった。","6","農林業","601","農業","","","1~9","1","動力機械","14","建設機械等","","","6","激突され"
"1633","1994","平成","6","9","19~20","高速道路を走行中、停車していたトラックに激突した。","4","運輸交通業","403","道路貨物運送業","","","10~29","2","物上げ装置、運搬機械","22","動力運搬機","","","17","交通事故（道路）"
"1634","1994","平成","6","9","19~20","高速道路を走行中、停車していたトラックに激突した。","4","運輸交通業","403","道路貨物運送業","","","10~29","2","物上げ装置、運搬機械","22","動力運搬機","","","17","交通事故（道路）"
"1635","1994","平成","6","9","0~1","2tトラックで国道を走行中、信号待ちをしていた4tトラックに追突した。","4","運輸交通業","403","道路貨物運送業","","","30~49","2","物上げ装置、運搬機械","22","動力運搬機","","","17","交通事故（道路）"
"1636","1994","平成","6","9","11~12","トラック荷台に浄化槽を積込中、ロープを掛けようと積荷上に上がったところ、誤って道路に転落し、走行してきた乗用車にはねられた。","4","運輸交通業","403","道路貨物運送業","","","50~99","2","物上げ装置、運搬機械","23","乗物","","","17","交通事故（道路）"
"1637","1994","平成","6","9","12~13","砂利採取場でショベルローダーを運転中、砂利掘削箇所(深さ3m)に転落し溺死した。","1","製造業","117","その他の製造業","","","1~9","1","動力機械","14","建設機械等","","","10","おぼれ"
"1638","1994","平成","6","9","12~13","工場内で鋼板を架台に固定して溶断中、支えている万力が邪魔になったため外したところ、架台から滑り落ちた鋼板の下敷きになった。","1","製造業","112","金属製品製造業","","","50~99","5","物質、材料","52","材料","","","4","飛来、落下"
"1639","1994","平成","6","9","13~14","家屋増改築現場で梁上を移動中、3m下の地面に墜落した。","3","建設業","302","建築工事業","","","1~9","4","仮設物、建築物、構築物等","41","仮設物、建築物、構築物等","","","1","墜落、転落"
"1640","1994","平成","6","9","15~16","トラックに同乗し工事現場より帰社途中、県道交差点で乗用車に左側面を衝突された。(外)","3","建設業","301","土木工事業","","","1~9","2","物上げ装置、運搬機械","23","乗物","","","17","交通事故（道路）"
"1641","1994","平成","6","9","15~16","天井レールに取り付けられた搬送設備のフック部分の補修作業中、作業を見ていた被災者が開口部より約6m下に墜落した。","1","製造業","112","金属製品製造業","","","1~9","4","仮設物、建築物、構築物等","41","仮設物、建築物、構築物等","","","1","墜落、転落"
"1642","1994","平成","6","9","18~19","ライトバンに乗り埠頭に停泊中の船の見回り中、岸壁から海中に転落した。","5","貨物取扱業","501","陸上貨物取扱業","","","30~49","2","物上げ装置、運搬機械","23","乗物","","","17","交通事故（道路）"
"1643","1994","平成","6","9","11~12","事業場構内に停めた4tトラックが逸走し始めたため、トラックの前に出て止めようとしたが、そのまま押され、斜面から約1.3m転落した。","4","運輸交通業","403","道路貨物運送業","","","1~9","2","物上げ装置、運搬機械","22","動力運搬機","","","1","墜落、転落"
"1644","1994","平成","6","9","13~14","4tトラックに竹を積み上げていたところ、荷台上でバランスを崩し、転落した。","8","商業","","","","","1~9","2","物上げ装置、運搬機械","22","動力運搬機","","","1","墜落、転落"
"1645","1994","平成","6","9","14~15","外壁下地木材を撤去中、足場から4.1m下に墜落した。","3","建設業","302","建築工事業","","","10~29","4","仮設物、建築物、構築物等","41","仮設物、建築物、構築物等","","","1","墜落、転落"
"1646","1994","平成","6","9","15~16","道路斜面上(高さ9.6m)においてチェーンソーで雑木伐採中、雑木切断の反動で翻ったチェーンソーの刃が首筋に接触した。","3","建設業","301","土木工事業","","","10~29","1","動力機械","13","木材加工用機械","","","8","切れ、こすれ"
"1647","1994","平成","6","9","17~18","木造2階建住宅新築現場において、高さ3.5mの下屋垂木上で面揃えのための墨付け作業中、墜落した。","3","建設業","302","建築工事業","","","1~9","4","仮設物、建築物、構築物等","41","仮設物、建築物、構築物等","","","1","墜落、転落"
"1648","1994","平成","6","9","7~8","傾斜地を利用しトレーラー荷台よりブレーカーを降ろす作業中、ブレーカーが転落し、その下敷きになった。","3","建設業","301","土木工事業","","","10~29","1","動力機械","14","建設機械等","","","1","墜落、転落"
"1649","1994","平成","6","9","10~11","工事現場の杭打ち機をトレーラーで搬出し、町道を低速走行していた当該トレーラーに飛び乗った際、足を滑らせ転落し後輪に巻き込まれた。","3","建設業","302","建築工事業","","","1~9","2","物上げ装置、運搬機械","22","動力運搬機","","","17","交通事故（道路）"
"1650","1994","平成","6","9","12~13","ギャングリッパーの刃を調整中、スイッチボックスの板押さえ下降ボタンと丸鋸起動ボタンを押し間違え、丸鋸で大腿部を切った。","1","製造業","104","木材・木製品製造業","","","100~299","1","動力機械","13","木材加工用機械","","","8","切れ、こすれ"
"1651","1994","平成","6","9","13~14","クラッチカバー組立機の修理・調整作業中、同機の搬送用ローダーと躯体の間に頭部を挟まれた。","1","製造業","115","輸送用機械等製造業","","","300~499","1","動力機械","16","一般動力機械","","","7","はさまれ、巻き込まれ"
"1652","1994","平成","6","9","13~14","地下駐車場地下1階天井梁付近をコンクリート破砕機で撤去中、天井の一部が落下し、下で鉄筋溶断作業中の被災者に当たった。","3","建設業","301","土木工事業","","","1~9","4","仮設物、建築物、構築物等","41","仮設物、建築物、構築物等","","","5","崩壊、倒壊"
"1653","1994","平成","6","9","15~16","スリッターヤード庇の取付工事中、ローリングタワー作業床より3.5m下の地上に墜落した。","3","建設業","302","建築工事業","","","1~9","4","仮設物、建築物、構築物等","41","仮設物、建築物、構築物等","","","1","墜落、転落"
"1654","1994","平成","6","9","17~18","脚立(高さ約90センチメートル)に乗り塗装作業をしていたが、脚立から降りる際転落した。","3","建設業","302","建築工事業","","","1~9","3","その他の装置等","37","用具","","","1","墜落、転落"
"1655","1994","平成","6","9","8~9","サイクリング道路の舗装替え作業において、ローラー(600キログラム)をバックホウのバケットに取り付けたフックで吊り上げ旋回したところ、バックホウが倒れ傾斜面を転落した。","3","建設業","301","土木工事業","","","10~29","1","動力機械","14","建設機械等","","","2","転倒"
"1656","1994","平成","6","9","9~10","2階の既設天井クレーンで1階から資材を吊り上げる際、天井クレーンの揚程が足りないためフックにチェーンブロック(1t)を取り付けて作業中、クレーンの巻ドラムからワイヤロープが抜け落ち、チェーンブロックが当たった。","3","建設業","303","その他の建設業","","","10~29","2","物上げ装置、運搬機械","21","動力クレーン等","","","4","飛来、落下"
"1657","1994","平成","6","9","9~10","橋梁下部工事現場において、塗装工事のための足場を掛けていたところ、足場が外れ運河に転落した。","3","建設業","301","土木工事業","","","1~9","4","仮設物、建築物、構築物等","41","仮設物、建築物、構築物等","","","10","おぼれ"
"1658","1994","平成","6","9","10~11","ガソリンスタンド新築現場において、鉄骨屋根上で屋根材を仮置きする作業中、バランスを崩し6.5m下の地上に墜落した。","3","建設業","302","建築工事業","","","1~9","4","仮設物、建築物、構築物等","41","仮設物、建築物、構築物等","","","1","墜落、転落"
"1659","1994","平成","6","9","10~11","SRC造16階建新築現場において、2階床梁の吊り足場上で作業床をチェーンで固定作業中、約9.5m下の地下1階床に墜落した。","3","建設業","302","建築工事業","","","1~9","4","仮設物、建築物、構築物等","41","仮設物、建築物、構築物等","","","1","墜落、転落"
"1660","1994","平成","6","9","11~12","山林内で下刈作業中、蜂から逃げようとして転倒し、持っていた刈払機の刃で左大腿部を切った。","6","農林業","601","農業","","","1~9","1","動力機械","16","一般動力機械","","","8","切れ、こすれ"
"1661","1994","平成","6","9","15~16","バイパスケーブル取付のため電柱に昇っていた被災者が移動中、約4.3m下の高所作業車の荷台に墜落した。","3","建設業","303","その他の建設業","","","1~9","3","その他の装置等","35","電気設備","","","1","墜落、転落"
"1662","1994","平成","6","9","15~16","水道の配管工事中、屋上で受水槽への配管継ぎ込みを終えた被災者が、屋上端から6m下の地上に墜落した。","3","建設業","303","その他の建設業","","","1~9","4","仮設物、建築物、構築物等","41","仮設物、建築物、構築物等","","","1","墜落、転落"
"1663","1994","平成","6","9","16~17","軽ワゴン車でクリーニング集配業務中、反対車線にはみ出し、対向車と衝突した。","1","製造業","117","その他の製造業","","","1~9","2","物上げ装置、運搬機械","22","動力運搬機","","","17","交通事故（道路）"
"1664","1994","平成","6","9","18~19","自社敷地内の冷凍庫において保冷車に荷を積込中、同僚が保冷車を移動させるためエンジンを掛けたところ、突然後進し、後部にいた被災者が保冷車と冷凍庫の間に挟まれた。","8","商業","","","","","10~29","2","物上げ装置、運搬機械","22","動力運搬機","","","7","はさまれ、巻き込まれ"
"1665","1994","平成","6","9","0~1","国道の事故現場において、転倒したトラッククレーンの油漏れ処理の準備作業中、突っ込んできたトラックにはねられた。","3","建設業","303","その他の建設業","","","1~9","2","物上げ装置、運搬機械","22","動力運搬機","","","17","交通事故（道路）"
"1666","1994","平成","6","9","4~5","4tトラックで国道を走行中、路肩に駐車していた10tトラックに追突した。","4","運輸交通業","403","道路貨物運送業","","","30~49","2","物上げ装置、運搬機械","22","動力運搬機","","","17","交通事故（道路）"
"1667","1994","平成","6","9","9~10","深礎工工事において、立坑上部のライナープレート外側の地面が陥没して崩壊した。","3","建設業","301","土木工事業","","","1~9","7","環境等","71","環境等","","","5","崩壊、倒壊"
"1668","1994","平成","6","9","10~11","路上に停めたトラックの下で修理作業中、走行してきたトラックに追突された。","4","運輸交通業","403","道路貨物運送業","","","10~29","2","物上げ装置、運搬機械","22","動力運搬機","","","17","交通事故（道路）"
"1669","1994","平成","6","9","11~12","刈払機で下刈作業中、スズメ蜂に刺された。","6","農林業","601","農業","","","1~9","7","環境等","71","環境等","","","90","その他"
"1670","1994","平成","6","9","14~15","加工棟内においてロの字型建設用梁を組み立てる際、鋼板を固定するためのBOX仮枠機を操作していた被災者が、仮枠機の可動アームと本体に頭部を挟まれた。","1","製造業","112","金属製品製造業","","","100~299","1","動力機械","16","一般動力機械","","","7","はさまれ、巻き込まれ"
"1671","1994","平成","6","9","14~15","郵便局のオンラインシステムのメンテナンス終了後、乗用車で視察に向う途中、土砂崩壊に巻き込まれた。","1","製造業","117","その他の製造業","","","300~499","7","環境等","71","環境等","","","5","崩壊、倒壊"
"1672","1994","平成","6","9","14~15","オンラインシステム業者と乗用車で島内視察に出掛け、土砂崩壊に巻き込まれた。","11","通信業","","","","","1~9","7","環境等","71","環境等","","","5","崩壊、倒壊"
"1673","1994","平成","6","9","14~15","U字溝の吊り金具をサンダーで切断中、斜面(高さ約20m、勾配50度)が崩れた。","3","建設業","301","土木工事業","","","10~29","7","環境等","71","環境等","","","5","崩壊、倒壊"
"1674","1994","平成","6","9","14~15","集材装置で木材を集材場所へ移動させていたところ、斜面上の材に当たり、その反動で被災者に材が飛来した。","6","農林業","601","農業","","","1~9","7","環境等","71","環境等","","","4","飛来、落下"
"1675","1994","平成","6","9","20~21","市道上でエンジンのかからない社有車を同僚と押していたところ、乗用車に追突された。","17","その他の事業","","","","","10~29","2","物上げ装置、運搬機械","23","乗物","","","17","交通事故（道路）"
"1676","1994","平成","6","9","6~7","商品配送途中、降雨のため国道上に駐車し、荷台上でシートを掛けていたところ、後続の大型トラックに追突され、地上に転落した。","8","商業","","","","","1~9","2","物上げ装置、運搬機械","22","動力運搬機","","","17","交通事故（道路）"
"1677","1994","平成","6","9","9~10","木造平屋住宅の屋根上を移動中、高さ6mの足場上から墜落した。","3","建設業","302","建築工事業","","","1~9","4","仮設物、建築物、構築物等","41","仮設物、建築物、構築物等","","","1","墜落、転落"
"1678","1994","平成","6","9","9~10","古紙搬送用ベルトコンベヤー上に乗り、滞留していた古紙を取り除いた後、バランスを崩し高さ2.5mから墜落した。","15","清掃・と畜業","","","","","1~9","5","物質、材料","52","材料","","","1","墜落、転落"
"1679","1994","平成","6","9","11~12","乗用車で走行中、反対車線にはみ出し、対向してきたトラックと正面衝突した。","8","商業","","","","","1~9","2","物上げ装置、運搬機械","23","乗物","","","17","交通事故（道路）"
"1680","1994","平成","6","9","13~14","貯蔵タンクのエチルアルコールを別のタンクにホースを引き込み移していたところ、突然爆発炎上した。","1","製造業","101","食料品製造業","","","30~49","5","物質、材料","51","危険物、有害物等","","","14","爆発"
"1681","1994","平成","6","9","15~16","乗用型草刈機で芝刈り中、傾斜地(勾配30度)で草刈機が横転し、沢底へ転落した。","14","接客娯楽業","","","","","100~299","1","動力機械","16","一般動力機械","","","1","墜落、転落"
"1682","1994","平成","6","9","23~24","乗用車で出張先より帰社途中、歩道の樹木に激突した。","8","商業","","","","","1~9","2","物上げ装置、運搬機械","23","乗物","","","17","交通事故（道路）"
"1683","1994","平成","6","9","6~7","ダンプカーの荷台を上げて始業点検中、降下してきた荷台とシャーシの間に挟まれた。","3","建設業","301","土木工事業","","","10~29","2","物上げ装置、運搬機械","22","動力運搬機","","","7","はさまれ、巻き込まれ"
"1684","1994","平成","6","9","8~9","大型トラックで国道を走行中、車線変更した際にハンドル操作が不能になり、ガードレールに激突した。","4","運輸交通業","403","道路貨物運送業","","","50~99","2","物上げ装置、運搬機械","22","動力運搬機","","","17","交通事故（道路）"
"1685","1994","平成","6","9","11~12","公営住宅テラス部分の配筋作業中、高さ約5mの足場上から墜落した。","3","建設業","302","建築工事業","","","10~29","4","仮設物、建築物、構築物等","41","仮設物、建築物、構築物等","","","1","墜落、転落"
"1686","1994","平成","6","9","15~16","造成地法面下部において地下配水管を敷設中、法面が高さ約40m、幅約60mに渡って崩壊した。","3","建設業","301","土木工事業","","","1~9","7","環境等","71","環境等","","","5","崩壊、倒壊"
"1687","1994","平成","6","9","13~14","国道を走行中、対向してきた4tトラックと正面衝突した。","4","運輸交通業","403","道路貨物運送業","","","10~29","2","物上げ装置、運搬機械","23","乗物","","","17","交通事故（道路）"
"1688","1994","平成","6","9","14~15","事業場内に設置された塔形ジブクレーンの運転室への昇降用梯子より、10m下に墜落した。","1","製造業","115","輸送用機械等製造業","","","10~29","2","物上げ装置、運搬機械","21","動力クレーン等","","","1","墜落、転落"
"1689","1994","平成","6","9","14~15","現場から乗用車で帰社途中、対向車線にはみ出し、トラックと正面衝突した。","3","建設業","302","建築工事業","","","10~29","2","物上げ装置、運搬機械","23","乗物","","","17","交通事故（道路）"
"1690","1994","平成","6","9","14~15","テレビ取材を終えワゴン車に同乗して移動中、山道の路肩から約100m下の崖に転落した。","17","その他の事業","","","","","10~29","2","物上げ装置、運搬機械","23","乗物","","","17","交通事故（道路）"
"1691","1994","平成","6","9","14~15","現場から乗用車で帰社途中、対向車線にはみ出し、トラックと正面衝突した。","3","建設業","302","建築工事業","","","10~29","2","物上げ装置、運搬機械","23","乗物","","","17","交通事故（道路）"
"1692","1994","平成","6","9","14~15","テレビ取材を終えワゴン車に同乗して移動中、山道の路肩から約100m下の崖に転落した。","9","金融・広告業","","","","","50~99","2","物上げ装置、運搬機械","23","乗物","","","17","交通事故（道路）"
"1693","1994","平成","6","9","14~15","現場から乗用車で帰社途中、対向車線にはみ出し、トラックと正面衝突した。","3","建設業","302","建築工事業","","","10~29","2","物上げ装置、運搬機械","23","乗物","","","17","交通事故（道路）"
"1694","1994","平成","6","9","14~15","現場から乗用車で帰社途中、対向車線にはみ出し、トラックと正面衝突した。","3","建設業","302","建築工事業","","","10~29","2","物上げ装置、運搬機械","23","乗物","","","17","交通事故（道路）"
"1695","1994","平成","6","9","17~18","16.5tトレーラーで港湾幹線道路を走行中、スピードを出しすぎてカーブを曲がりきれず、側壁に激突した。","4","運輸交通業","403","道路貨物運送業","","","10~29","2","物上げ装置、運搬機械","22","動力運搬機","","","17","交通事故（道路）"
"1696","1994","平成","6","9","18~19","火災報知器が鳴った際に閉じた空調機械のダンパーの復旧を行うため、吸気孔室に入ったところ、開口部より7.8m下の2階床面に墜落した。","12","教育・研究業","","","","","30~49","4","仮設物、建築物、構築物等","41","仮設物、建築物、構築物等","","","1","墜落、転落"
"1697","1994","平成","6","10","7~8","ドラグ・ショベルのバケットのフックにワイヤロープを掛け、丸太資材を吊り上げたところ、突然ワイヤロープが解け被災者を直撃した。","3","建設業","302","建築工事業","","","10~29","4","仮設物、建築物、構築物等","41","仮設物、建築物、構築物等","","","4","飛来、落下"
"1698","1994","平成","6","10","9~10","採石場内において、トラクター・ショベルで地均し作業中、約30m転落した。","2","鉱業","202","土石採取業","","","30~49","1","動力機械","14","建設機械等","","","1","墜落、転落"
"1699","1994","平成","6","10","9~10","工場2階へ段ボールを取りに行く際、台車を載せたエレベータを外から操作したが停止したため、2階から修理をしていたところ、降下してきた搬器と床の間に挟まれた。","1","製造業","109","窯業土石製品製造業","","","30~49","2","物上げ装置、運搬機械","21","動力クレーン等","","","7","はさまれ、巻き込まれ"
"1700","1994","平成","6","10","11~12","路上に清掃用トラックを停め、道路縁を清掃中、脇見運転をしていた車にはねられた。","3","建設業","301","土木工事業","","","10~29","2","物上げ装置、運搬機械","23","乗物","","","17","交通事故（道路）"
"1701","1994","平成","6","10","15~16","4tトラックで国道を走行中、停車中のトレーラーに追突した。","4","運輸交通業","403","道路貨物運送業","","","10~29","2","物上げ装置、運搬機械","22","動力運搬機","","","17","交通事故（道路）"
"1702","1994","平成","6","10","11~12","脚立の6段目(高さ180センチメートル)に登り、火災報知器の感知管を配管調整していたところ、墜落した。","3","建設業","303","その他の建設業","","","10~29","3","その他の装置等","37","用具","","","1","墜落、転落"
"1703","1994","平成","6","10","15~16","工場内に生息している野鳩の駆除作業中、屋根上で射殺された野鳩を片付けていたところ、明かり取り窓を踏み抜き、7.5m下のコンクリート床に墜落した。","8","商業","","","","","30~49","4","仮設物、建築物、構築物等","41","仮設物、建築物、構築物等","","","1","墜落、転落"
"1704","1994","平成","6","10","8~9","地下6mで土止め支保工を解体中、腹起こし(H形鋼、540キログラム)を床面に落とすためウインチで横引きしたところ、隣の腹起こしに当たって落下した。","3","建設業","301","土木工事業","","","10~29","4","仮設物、建築物、構築物等","41","仮設物、建築物、構築物等","","","4","飛来、落下"
"1705","1994","平成","6","10","9~10","ホテル6階の窓を清掃中、10.7m下の2階屋根上に墜落した。","15","清掃・と畜業","","","","","50~99","4","仮設物、建築物、構築物等","41","仮設物、建築物、構築物等","","","1","墜落、転落"
"1706","1994","平成","6","10","9~10","ユニック車で吊り上げたコンパネが落下し、下を通過中の被災者に当たった。","3","建設業","302","建築工事業","","","30~49","2","物上げ装置、運搬機械","21","動力クレーン等","","","4","飛来、落下"
"1707","1994","平成","6","10","12~13","冷凍倉庫の地下室において、冷凍機械から漏れたフロンガスにより酸欠状態になった。","1","製造業","117","その他の製造業","","","1~9","3","その他の装置等","39","その他の装置、設備","","","12","有害物等との接触"
"1708","1994","平成","6","10","7~8","トラックで高速道路を走行中、大型トラックに追突した。","4","運輸交通業","403","道路貨物運送業","","","50~99","2","物上げ装置、運搬機械","23","乗物","","","17","交通事故（道路）"
"1709","1994","平成","6","10","9~10","ライトバンを運転中、中央分離帯を越えてきた大型トラックに衝突された。","8","商業","","","","","50~99","2","物上げ装置、運搬機械","22","動力運搬機","","","17","交通事故（道路）"
"1710","1994","平成","6","10","10~11","槽タンク底部をガスで分割溶断し、溶断された鉄板を移動式クレーンで吊り起こそうとした際、鉄板がクランプから外れ、被災者に当たった。","3","建設業","303","その他の建設業","","","10~29","3","その他の装置等","37","用具","","","6","激突され"
"1711","1994","平成","6","10","12~13","トレーラーで国道を走行中、急な下り坂で左カーブを曲がりきれず、ガードレールを突き破り斜面を横転した。","4","運輸交通業","403","道路貨物運送業","","","50~99","2","物上げ装置、運搬機械","22","動力運搬機","","","17","交通事故（道路）"
"1712","1994","平成","6","10","14~15","ドラグ・ショベルのバケットのフックに生コンを入れたホッパーを吊り下げてアームを伸ばした際、ドラグ・ショベルが横倒しになり、近くで作業をしていた被災者が挟まれた。","3","建設業","301","土木工事業","","","1~9","1","動力機械","14","建設機械等","","","2","転倒"
"1713","1994","平成","6","10","15~16","真空成型機でプラスチック製平板を加工中、降りてきたクランプに頭部を挟まれた。","1","製造業","108","化学工業","","","10~29","1","動力機械","16","一般動力機械","","","7","はさまれ、巻き込まれ"
"1714","1994","平成","6","10","15~16","バイパスの防音壁の応急補修作業中、道路管理の大型トラックに追突された。","17","その他の事業","","","","","1~9","2","物上げ装置、運搬機械","22","動力運搬機","","","17","交通事故（道路）"
"1715","1994","平成","6","10","16~17","木造家屋建築現場において屋根野地仕舞作業後、2階梁上にコンパネ3枚を敷き、余ったコンパネを下ろすため足場からコンパネ上に飛び乗ったところ、固定されていなかったコンパネが横にずれ、3.7m下の地上に墜落した。","3","建設業","302","建築工事業","","","1~9","4","仮設物、建築物、構築物等","41","仮設物、建築物、構築物等","","","1","墜落、転落"
"1716","1994","平成","6","10","22~23","10tトラックで高速道路を走行中、集中豪雨のため視界が悪く、事故渋滞で停車中の大型トラックに追突した。","4","運輸交通業","403","道路貨物運送業","","","10~29","2","物上げ装置、運搬機械","22","動力運搬機","","","17","交通事故（道路）"
"1717","1994","平成","6","10","3~4","大型トラックで国道を走行中、信号待ち中のトレーラーに追突した。","4","運輸交通業","403","道路貨物運送業","","","50~99","2","物上げ装置、運搬機械","22","動力運搬機","","","17","交通事故（道路）"
"1718","1994","平成","6","10","8~9","林道開設工事現場において法面の修復作業中、高さ約13mののり頭上から転落した。","3","建設業","301","土木工事業","","","10~29","4","仮設物、建築物、構築物等","41","仮設物、建築物、構築物等","","","1","墜落、転落"
"1719","1994","平成","6","10","14~15","小型トラックで県道を走行中、右折のため交差点内で停止していたところ、直進してきた大型トラックと正面衝突した。","8","商業","","","","","100~299","2","物上げ装置、運搬機械","22","動力運搬機","","","17","交通事故（道路）"
"1720","1994","平成","6","10","14~15","大型トラックで走行中、右カーブで路外に転落した。","4","運輸交通業","403","道路貨物運送業","","","10~29","2","物上げ装置、運搬機械","22","動力運搬機","","","17","交通事故（道路）"
"1721","1994","平成","6","10","17~18","トラックで高速道路を走行中、インター出口を通り過ぎたため走行車線を後進していた車両を発見し、回避しようとしたが間に合わず、トラック3台が次々に追突した。","5","貨物取扱業","501","陸上貨物取扱業","","","100~299","2","物上げ装置、運搬機械","22","動力運搬機","","","17","交通事故（道路）"
"1722","1994","平成","6","10","5~6","納品を終え帰社途中、バイパスの中央分離帯を越えてきた対向車と衝突した。","4","運輸交通業","403","道路貨物運送業","","","10~29","2","物上げ装置、運搬機械","22","動力運搬機","","","17","交通事故（道路）"
"1723","1994","平成","6","10","5~6","バイパスを走行中、ハンドル操作を誤って中央分離帯を乗り越え、対向車と正面衝突した。","4","運輸交通業","403","道路貨物運送業","","","1~9","2","物上げ装置、運搬機械","22","動力運搬機","","","17","交通事故（道路）"
"1724","1994","平成","6","10","10~11","屋根の下地材を葺く作業中、下地材を踏み抜き約8.4m下の地上に墜落した。","3","建設業","302","建築工事業","","","1~9","4","仮設物、建築物、構築物等","41","仮設物、建築物、構築物等","","","1","墜落、転落"
"1725","1994","平成","6","10","10~11","50ccバイクで機械修理現場へ向う途中、国道で大型トラックと衝突した。","1","製造業","117","その他の製造業","","","50~99","2","物上げ装置、運搬機械","23","乗物","","","17","交通事故（道路）"
"1726","1994","平成","6","10","10~11","ドラグ・ショベルで古いU字溝を取り外して溝幅を広げた後、床均しのため溝内に入ったところ、民家のコンクリートブロック塀が倒壊した。","3","建設業","301","土木工事業","","","1~9","4","仮設物、建築物、構築物等","41","仮設物、建築物、構築物等","","","5","崩壊、倒壊"
"1727","1994","平成","6","10","14~15","工場内造形ラインにおいて、圧縮空気のストップバルブを閉め、製品を横移動する装置(プッシャー)を修理中、機械内に残っていた空気で製品を上下移動するリフターが突然作動し、リフターに頭部が挟まれた。","1","製造業","110","鉄鋼業","","","50~99","1","動力機械","16","一般動力機械","","","7","はさまれ、巻き込まれ"
"1728","1994","平成","6","10","16~17","工場2階の開口部で荷揚げ作業中、脚立に乗り邪魔になる梁を外した後、降り際に足を滑らせ、開口部から約7.3m下の地上に墜落した。","3","建設業","303","その他の建設業","","","1~9","4","仮設物、建築物、構築物等","41","仮設物、建築物、構築物等","","","1","墜落、転落"
"1729","1994","平成","6","10","22~23","電気溶解炉の炉壁等の解体を終え、炉内より炉の上方縁に出て床に降りようとしたところ、高さ1.8mから湯口部のピットに転落した。","1","製造業","113","一般機械器具製造業","","","500~999","3","その他の装置等","34","炉窯等","","","1","墜落、転落"
"1730","1994","平成","6","10","0~1","4tトラックで国道を走行中、交差点で信号待ち中の18tトレーラーに追突した。","4","運輸交通業","403","道路貨物運送業","","","10~29","2","物上げ装置、運搬機械","22","動力運搬機","","","17","交通事故（道路）"
"1731","1994","平成","6","10","1~2","移送コンベヤーを点検中、綿屑を除去しようとしてローラーに巻き込まれた。","1","製造業","102","繊維工業","","","50~99","2","物上げ装置、運搬機械","22","動力運搬機","","","7","はさまれ、巻き込まれ"
"1732","1994","平成","6","10","10~11","軽量砂貯蔵用コルゲートタンク(径10m、高さ12m)内の砂を、ホッパー内でスコップを使い落としていたところ、足元の砂が崩落した。","1","製造業","109","窯業土石製品製造業","","","10~29","3","その他の装置等","39","その他の装置、設備","","","5","崩壊、倒壊"
"1733","1994","平成","6","10","11~12","村道拡幅工事において道路面の嵩上げ作業中、ハンドガイド式振動ローラーを後進させながら転圧中の被災者が、後進してきた2tダンプカーとの間に挟まれた。","3","建設業","301","土木工事業","","","1~9","2","物上げ装置、運搬機械","22","動力運搬機","","","6","激突され"
"1734","1994","平成","6","10","13~14","残土処理予定地において、ドラグ・ショベルで伐倒木を片付け中、近くで見張りをしていた被災者がドラグ・ショベルにひかれた。","3","建設業","301","土木工事業","","","10~29","1","動力機械","14","建設機械等","","","7","はさまれ、巻き込まれ"
"1735","1994","平成","6","10","14~15","可搬式ゴンドラ(積載荷重0.3t)に乗り、マンション窓の鉄柵を塗装中、上部支持金具が外れゴンドラが落下した。","3","建設業","302","建築工事業","","","1~9","2","物上げ装置、運搬機械","21","動力クレーン等","","","1","墜落、転落"
"1736","1994","平成","6","10","15~16","木造2階建住宅の高さ7mの屋根上において、瓦葺き作業のため小型リフトを使って寄ってくる屋根工を受け取っていたところ、屋根から墜落した。","3","建設業","302","建築工事業","","","1~9","4","仮設物、建築物、構築物等","41","仮設物、建築物、構築物等","","","1","墜落、転落"
"1737","1994","平成","6","10","19~20","事業場構内でゴミ拾い中、後進してきた2tトラックに激突された。","4","運輸交通業","403","道路貨物運送業","","","100~299","2","物上げ装置、運搬機械","22","動力運搬機","","","6","激突され"
"1738","1994","平成","6","10","23~24","4tトラックで国道を走行中、前車の20tダンプカーが右折しようとして停止したため、追突した。","4","運輸交通業","403","道路貨物運送業","","","10~29","2","物上げ装置、運搬機械","22","動力運搬機","","","17","交通事故（道路）"
"1739","1994","平成","6","10","2~3","普通トラックで帰社途中、前車を追い越そうとして対向車線にはみ出し、大型トレーラーと正面衝突した。","4","運輸交通業","403","道路貨物運送業","","","30~49","2","物上げ装置、運搬機械","22","動力運搬機","","","17","交通事故（道路）"
"1740","1994","平成","6","10","2~3","普通トラックで帰社途中、前車を追い越そうとして対向車線にはみ出し、大型トレーラーと正面衝突した。","4","運輸交通業","403","道路貨物運送業","","","30~49","2","物上げ装置、運搬機械","22","動力運搬機","","","17","交通事故（道路）"
"1741","1994","平成","6","10","8~9","単管ブラケット足場の解体作業中、鋼製足場板上を移動していたところ、約10m下の道路上に墜落した。","3","建設業","302","建築工事業","","","1~9","4","仮設物、建築物、構築物等","41","仮設物、建築物、構築物等","","","1","墜落、転落"
"1742","1994","平成","6","10","8~9","集材道でチェーンソーを修理中、登ってきたブル・ドーザーにひかれた。","6","農林業","601","農業","","","10~29","1","動力機械","14","建設機械等","","","6","激突され"
"1743","1994","平成","6","10","9~10","漬物工場内で撹拌機を回しながら砂糖を投入中、撹拌機の羽根に巻き込まれた。","1","製造業","101","食料品製造業","","","30~49","1","動力機械","16","一般動力機械","","","7","はさまれ、巻き込まれ"
"1744","1994","平成","6","10","9~10","県道工事現場において、路肩に溜まった切削屑を竹ぼうきで掃いていたところ、後進してきた10tダンプカーにひかれた。","3","建設業","301","土木工事業","","","1~9","2","物上げ装置、運搬機械","22","動力運搬機","","","7","はさまれ、巻き込まれ"
"1745","1994","平成","6","10","15~16","国有林伐木現場内で転倒し、伐倒木の元口で頭部を強打した。","6","農林業","601","農業","","","1~9","7","環境等","71","環境等","","","2","転倒"
"1746","1994","平成","6","10","16~17","トタン屋根の塗り替え工事中、アルミ製梯子を降りる際に足を踏み外し、高さ80センチメートルから墜落した。","3","建設業","302","建築工事業","","","1~9","3","その他の装置等","37","用具","","","1","墜落、転落"
"1747","1994","平成","6","10","17~18","リサイクルセンター入口の門前でトラックを降り、門を開けようとしていたところ、トラックが動き始め、トラックと門の間に挟まれた。","8","商業","","","","","10~29","2","物上げ装置、運搬機械","22","動力運搬機","","","17","交通事故（道路）"
"1748","1994","平成","6","10","18~19","マンション新築現場において、クライミングクレーンで角鋼管を吊り上げ旋回中、荷が崩れ被災者に当たった。","3","建設業","302","建築工事業","","","1~9","6","荷","61","荷","","","4","飛来、落下"
"1749","1994","平成","6","10","16~17","ガソリンタンクとラック(ローリー積み場)間の配管工事において、配管継ぎ目のフランジ部分からガソリンが流出し、引火、炎上した(点火源不明)。","8","商業","","","","","1000~9999","5","物質、材料","51","危険物、有害物等","","","16","火災"
"1750","1994","平成","6","10","18~19","ガソリンタンクとラック(ローリー積み場)間の配管工事において、配管継ぎ目のフランジ部分からガソリンが流出し、引火、炎上した(点火源不明)。","3","建設業","303","その他の建設業","","","10~29","5","物質、材料","51","危険物、有害物等","","","16","火災"
"1751","1994","平成","6","10","18~19","ガソリンタンクとラック(ローリー積み場)間の配管工事において、配管継ぎ目のフランジ部分からガソリンが流出し、引火、炎上した(点火源不明)。","3","建設業","303","その他の建設業","","","100~299","5","物質、材料","51","危険物、有害物等","","","16","火災"
"1752","1994","平成","6","10","9~10","工場内において、自動運転のリフト(積載荷重0.24t)を修理中、搬器が落下し下敷きになった。","1","製造業","117","その他の製造業","","","100~299","2","物上げ装置、運搬機械","21","動力クレーン等","","","4","飛来、落下"
"1753","1994","平成","6","10","14~15","神社の祭典で花火の打ち上げ作業中、不発の玉が中に残っている筒が倒れ、それを起こそうとしていたところ、玉が暴発した。","1","製造業","117","その他の製造業","","","30~49","5","物質、材料","51","危険物、有害物等","","","6","激突され"
"1754","1994","平成","6","10","15~16","事業場構内において、スワレープドーザーを運転し入れ替え作業中、約3m下の駐車場に転落した。","4","運輸交通業","403","道路貨物運送業","","","1~9","1","動力機械","14","建設機械等","","","1","墜落、転落"
"1755","1994","平成","6","10","16~17","テレビのブラウン管製造工程において、溶接後の部材を冷やすクーラーを点検中、移載機が動き出し、クーラーとの間に頭部を挟まれた。","1","製造業","114","電気機械器具製造業","","","1000~9999","2","物上げ装置、運搬機械","22","動力運搬機","","","7","はさまれ、巻き込まれ"
"1756","1994","平成","6","10","23~24","4tトラックで国道を走行中、カーブを曲がりきれず、対向してきた大型トラックと接触し、更にその後続車と正面衝突した。","4","運輸交通業","403","道路貨物運送業","","","50~99","2","物上げ装置、運搬機械","22","動力運搬機","","","17","交通事故（道路）"
"1757","1994","平成","6","10","4~5","工事現場よりワゴン車で帰社途中、高速道路の路肩でパンクの修理をしていたところ、トラックに追突された。","3","建設業","303","その他の建設業","","","1~9","2","物上げ装置、運搬機械","23","乗物","","","17","交通事故（道路）"
"1758","1994","平成","6","10","8~9","掘削残土処理中の移動式クレーンが10m下の掘削底面へ転落し、その際クレーンのジブが、被災者が入っていた仮設トイレに激突した。","3","建設業","302","建築工事業","","","10~29","2","物上げ装置、運搬機械","21","動力クレーン等","","","6","激突され"
"1759","1994","平成","6","10","8~9","小型トラックでLPGボンベを搬送中、カーブで対向車線にはみ出し、ダンプカーと正面衝突した。","4","運輸交通業","403","道路貨物運送業","","","10~29","2","物上げ装置、運搬機械","22","動力運搬機","","","17","交通事故（道路）"
"1760","1994","平成","6","10","10~11","屋根上でパラペット上部のトタン板を補修中、6.1m下の道路上に墜落した。","3","建設業","303","その他の建設業","","","1~9","4","仮設物、建築物、構築物等","41","仮設物、建築物、構築物等","","","1","墜落、転落"
"1761","1994","平成","6","10","11~12","乾燥機(遠心分離機)で着色されたネジの乾燥作業中、乾燥機の中を覗き込んだところ、クランプと乾燥機の縁に頭部を挟まれた。","1","製造業","112","金属製品製造業","","","100~299","1","動力機械","16","一般動力機械","","","7","はさまれ、巻き込まれ"
"1762","1994","平成","6","10","11~12","かかり木となった伐倒木をそのままにして、下方の木を伐倒していたところ、かかり木が落下した。","6","農林業","601","農業","","","1~9","7","環境等","71","環境等","","","6","激突され"
"1763","1994","平成","6","10","14~15","工事の準備作業としての山の斜面を草刈中、足を滑らせ転倒した。","3","建設業","301","土木工事業","","","50~99","7","環境等","71","環境等","","","2","転倒"
"1764","1994","平成","6","10","14~15","天井裏の基盤状の既設金具の上に鋼製足場(長さ2m、幅25センチメートル)を掛け渡した上で作業中、足を踏み外し9.5m下の床面に墜落した。","3","建設業","303","その他の建設業","","","10~29","4","仮設物、建築物、構築物等","41","仮設物、建築物、構築物等","","","1","墜落、転落"
"1765","1994","平成","6","10","15~16","工事用エレベータの12階乗り入れステージを設置中、開口部より1階に停めてあったエレベータの屋根上に墜落した。","3","建設業","302","建築工事業","","","1~9","4","仮設物、建築物、構築物等","41","仮設物、建築物、構築物等","","","1","墜落、転落"
"1766","1994","平成","6","10","18~19","新聞配達中、国道を横断していたところ、乗用車にはねられた。","1","製造業","107","印刷・製本業","","","50~99","2","物上げ装置、運搬機械","23","乗物","","","17","交通事故（道路）"
"1767","1994","平成","6","10","9~10","鋼橋架設工事現場においてワイヤブリッジ組立中、ころばし取付を行っていたところ、ブリッジワイヤ2本のホークアンカーが抜け、約16m下の川底へ転落した。","3","建設業","301","土木工事業","","","1~9","4","仮設物、建築物、構築物等","41","仮設物、建築物、構築物等","","","1","墜落、転落"
"1768","1994","平成","6","10","9~10","鋼橋架設工事現場においてワイヤブリッジ組立中、ころばし取付を行っていたところ、ブリッジワイヤ2本のホークアンカーが抜け、約16m下の川底へ転落した。","3","建設業","301","土木工事業","","","1~9","4","仮設物、建築物、構築物等","41","仮設物、建築物、構築物等","","","1","墜落、転落"
"1769","1994","平成","6","10","9~10","線路内の作業場所へ向う途中、線路脇を歩いていたところ、電車に接触した。","3","建設業","303","その他の建設業","","","1~9","2","物上げ装置、運搬機械","23","乗物","","","18","交通事故（その他）"
"1770","1994","平成","6","10","9~10","バックホウでH形鋼を吊り上げたところ、吊具から荷が外れ、その下敷きになった。","3","建設業","301","土木工事業","","","1~9","1","動力機械","14","建設機械等","","","4","飛来、落下"
"1771","1994","平成","6","10","10~11","溝内(深さ約2m、幅約1m)で下水管の埋設作業中、片側壁面が崩壊した。","3","建設業","301","土木工事業","","","1~9","7","環境等","71","環境等","","","5","崩壊、倒壊"
"1772","1994","平成","6","10","13~14","アースアンカー工法により土止め支保工築造中、近くで掘削中のドラグ・ショベルのバケットが支保工の腹起こしを下から突き上げたため、腹起こしが落下した。","3","建設業","302","建築工事業","","","1~9","4","仮設物、建築物、構築物等","41","仮設物、建築物、構築物等","","","4","飛来、落下"
"1773","1994","平成","6","10","13~14","工場屋根上において波板を布設中、強風で揺られた波板が当たり、5.26m下の地上に墜落した。","3","建設業","302","建築工事業","","","1~9","4","仮設物、建築物、構築物等","41","仮設物、建築物、構築物等","","","1","墜落、転落"
"1774","1994","平成","6","10","6~7","ワゴン車で作業場へ向う途中、対向車線にはみ出し、対向車と正面衝突した。","8","商業","","","","","30~49","2","物上げ装置、運搬機械","23","乗物","","","17","交通事故（道路）"
"1775","1994","平成","6","10","9~10","合紙貼合機(上下プレスローラー4基装備)のローラーの間に入り、ローラーの付着物を金属製ヘラで取り除いていたところ、ローラーに左腕を取られそのまま引き込まれた。","1","製造業","106","パルプ・紙・紙加工品製造業","","","10~29","1","動力機械","16","一般動力機械","","","7","はさまれ、巻き込まれ"
"1776","1994","平成","6","10","10~11","2階梁上で根太を取付中、約4m下の1階床に転落した。","3","建設業","302","建築工事業","","","1~9","4","仮設物、建築物、構築物等","41","仮設物、建築物、構築物等","","","1","墜落、転落"
"1777","1994","平成","6","10","11~12","大学教棟新築現場において、タイル貼付工事をしていた被災者が資材置場内のトイレから戻る途中、後進してきたトラックにひかれた。","3","建設業","302","建築工事業","","","1~9","2","物上げ装置、運搬機械","22","動力運搬機","","","7","はさまれ、巻き込まれ"
"1778","1994","平成","6","10","11~12","木造2階建住宅の屋根上でタルキの先端を切り揃えていたところ、高さ約5.8mから墜落した。","3","建設業","302","建築工事業","","","1~9","4","仮設物、建築物、構築物等","41","仮設物、建築物、構築物等","","","1","墜落、転落"
"1779","1994","平成","6","10","11~12","移動式型枠支保工のセッティング作業中、支保工の高さを調整するためチェーンブロックを巻き上げていたところ、チェーンブロックを吊っていた台付ワイヤが切断し、下方にいた被災者にチェーンブロックが当たった。","3","建設業","302","建築工事業","","","10~29","3","その他の装置等","37","用具","","","4","飛来、落下"
"1780","1994","平成","6","10","13~14","PC板(鉄筋コンクリート製建設資材、2t)4枚を積み込んだトラック荷台上にいた被災者が、傾いたPC板とトラック荷台枠に挟まれた。","4","運輸交通業","403","道路貨物運送業","","","10~29","5","物質、材料","51","危険物、有害物等","","","5","崩壊、倒壊"
"1781","1994","平成","6","10","13~14","製鋼工場の転炉のダスト秤量ホッパー下部ロータリーバルブが故障したため、状況を確認しようとマンホール内部を点検中、酸欠空気を吸入しマンホールからホッパー内部に転落した。","1","製造業","110","鉄鋼業","","","1000~9999","7","環境等","71","環境等","","","12","有害物等との接触"
"1782","1994","平成","6","10","15~16","山林内(勾配約15度)で間伐材の集材作業中、伐倒木(胸高直径15センチメートル、長さ16m)に直撃された。","6","農林業","601","農業","","","1~9","7","環境等","71","環境等","","","6","激突され"
"1783","1994","平成","6","10","12~13","山小屋の資材置場で作業中、飲料水の缶が載った棚が落下し、棚と床にあった資材の間に挟まれた。","14","接客娯楽業","","","","","1~9","4","仮設物、建築物、構築物等","41","仮設物、建築物、構築物等","","","4","飛来、落下"
"1784","1994","平成","6","10","15~16","山林現場で伐倒作業中、足を滑らせ転倒し、切株で頭部を強打した。","6","農林業","601","農業","","","1~9","7","環境等","71","環境等","","","2","転倒"
"1785","1994","平成","6","10","16~17","高さ3.3mの梁に根太材を固定する作業中、梁に掛けた根太材上を移動していたところ、まだ固定されていなかったためコンクリート床に転落した。","3","建設業","302","建築工事業","","","10~29","4","仮設物、建築物、構築物等","41","仮設物、建築物、構築物等","","","1","墜落、転落"
"1786","1994","平成","6","10","16~17","4階建建物屋根の防水工事を終え、後片付けのため外部枠組足場6層目に取り付けたウインチのフックに塗装缶(18リットル)を掛けていたところ、足場から約10m下の地面に墜落した。","3","建設業","302","建築工事業","","","1~9","4","仮設物、建築物、構築物等","41","仮設物、建築物、構築物等","","","1","墜落、転落"
"1787","1994","平成","6","10","9~10","客先に運搬してきた段ボールをテーブルリフターに載せ、2階へ揚げていたところ、2階床の梁と同リフターの床面に首を挟まれた。","4","運輸交通業","403","道路貨物運送業","","","1~9","2","物上げ装置、運搬機械","21","動力クレーン等","","","7","はさまれ、巻き込まれ"
"1788","1994","平成","6","10","11~12","下水道管埋設工事において、掘削箇所(幅1m、深さ3.2m)で簡易土止矢板を1段目(下側)に設置した後、2段目に使う矢板が来るまで待機していたところ、1段目矢板上部の土砂が崩壊した。","3","建設業","301","土木工事業","","","10~29","7","環境等","71","環境等","","","5","崩壊、倒壊"
"1789","1994","平成","6","10","15~16","原木の上皮を剥ぐ皮むき機に原木を自動送給する機械を運転中、木屑を清掃しようとして送給装置と原木把持部に挟まれた。","1","製造業","104","木材・木製品製造業","","","100~299","1","動力機械","13","木材加工用機械","","","7","はさまれ、巻き込まれ"
"1790","1994","平成","6","10","16~17","石切場の高さ約20mの掘削面下で間知石の切り出し作業中、岩塊(約1m3)が落下してきた。","2","鉱業","202","土石採取業","","","1~9","7","環境等","71","環境等","","","5","崩壊、倒壊"
"1791","1994","平成","6","10","16~17","石切場の高さ約20mの掘削面下で間知石の切り出し作業中、岩塊(約1m3)が落下してきた。","2","鉱業","202","土石採取業","","","1~9","7","環境等","71","環境等","","","5","崩壊、倒壊"
"1792","1994","平成","6","10","17~18","ライトバンで帰社途中、対向車線にはみ出し、トレーラーと正面衝突した。","3","建設業","303","その他の建設業","","","10~29","2","物上げ装置、運搬機械","23","乗物","","","17","交通事故（道路）"
"1793","1994","平成","6","10","4~5","事業場構内において、総合生活廃水処理装置からのオーバーフローの原因調査をしていた被災者が、当該装置の曝気槽に沈んでいた。","1","製造業","115","輸送用機械等製造業","","","1000~9999","4","仮設物、建築物、構築物等","41","仮設物、建築物、構築物等","","","10","おぼれ"
"1794","1994","平成","6","10","16~17","2階屋根上から下に降りる際、妻梁と小屋梁に置かれたタルキ束付近から約7m下の土間コンクリート上に墜落した。","3","建設業","302","建築工事業","","","1~9","4","仮設物、建築物、構築物等","41","仮設物、建築物、構築物等","","","1","墜落、転落"
"1795","1994","平成","6","10","2~3","トレーラーで国道を走行中、集中豪雨のためスリップし、左側ガードレールを突き破り約5m落下した。","4","運輸交通業","403","道路貨物運送業","","","10~29","2","物上げ装置、運搬機械","22","動力運搬機","","","17","交通事故（道路）"
"1796","1994","平成","6","10","9~10","歩道の植樹帯の除草作業中、4tトラックにひかれた。","3","建設業","301","土木工事業","","","1~9","2","物上げ装置、運搬機械","22","動力運搬機","","","17","交通事故（道路）"
"1797","1994","平成","6","10","9~10","木造2階建住宅の大屋根破風を塗り替えるため、屋根に針金で取り付けた直板(幅8.5センチメートル、長さ3.35m、厚さ4センチメートル)を足場にして古い壁を解体中、5m下の地上に転落した。","3","建設業","302","建築工事業","","","1~9","4","仮設物、建築物、構築物等","41","仮設物、建築物、構築物等","","","1","墜落、転落"
"1798","1994","平成","6","10","10~11","水路を迂回させるための土嚢を積む作業現場において、キャリアダンプで架設の取付道路に乗り入れたところ、路肩から11.5m下の川へ転落した。","3","建設業","301","土木工事業","","","30~49","2","物上げ装置、運搬機械","22","動力運搬機","","","1","墜落、転落"
"1799","1994","平成","6","10","13~14","送電ケーブル布設工事において、接続予定のケーブルヘッド架台に昇り、接続するケーブルの長さを確認しようとしたところ、活線中のケーブルの充電部(66KV)に接近したため感電した。","3","建設業","303","その他の建設業","","","1~9","3","その他の装置等","35","電気設備","","","13","感電"
"1800","1994","平成","6","10","14~15","掘削坑(深さ1.8m)内に水路から入った水を排水ポンプで排水中、ポンプの調子が悪いため坑内に入り点検していたところ、土砂が崩壊した。","3","建設業","303","その他の建設業","","","50~99","7","環境等","71","環境等","","","5","崩壊、倒壊"
"1801","1994","平成","6","10","14~15","屋根の葺替工事中、屋根上の工具を取るため高所作業車のバケットに乗り、同僚が下降操作をしたところ、バケットが振れて被災者がよろけた際に前進操作レバーに触れ、梁に激突して挟まれた。","3","建設業","302","建築工事業","","","10~29","1","動力機械","14","建設機械等","","","7","はさまれ、巻き込まれ"
"1802","1994","平成","6","10","21~22","工場内において、噴射音がアキュムレーター部より発生し、エアーボトル安全弁手前のL字管等が吹き飛び、配線がショートして火災が発生した。","1","製造業","110","鉄鋼業","","","1000~9999","3","その他の装置等","31","圧力容器","","","15","破裂"
"1803","1994","平成","6","10","2~3","駅構内で起電線新設作業を行うに当たり、起電線下方のトローリー線とそれを吊る吊架線が起電線と交差する地点に、感電防止用カバーを設置する際、起電線に接触した。","3","建設業","303","その他の建設業","","","10~29","3","その他の装置等","35","電気設備","","","13","感電"
"1804","1994","平成","6","10","4~5","営業先に向う途中、追突事故を起こしたため車から降りたところ、走行中の乗用車にひかれた。","17","その他の事業","","","","","1000~9999","2","物上げ装置、運搬機械","23","乗物","","","17","交通事故（道路）"
"1805","1994","平成","6","10","8~9","油圧リフターを修理中、配線を確認するためリフターから工場棟の胴縁に乗り、配電盤まで伝って歩いていた途中に設置された看板を持った時、看板が外れ地上に墜落した。","3","建設業","303","その他の建設業","","","30~49","4","仮設物、建築物、構築物等","41","仮設物、建築物、構築物等","","","1","墜落、転落"
"1806","1994","平成","6","10","9~10","同僚が階段踊り場の蛍光灯を交換するために上っていた脚立を下で押さえていたところ、脚立が揺れて同僚が脚立から墜落し、その反動で被災者が脚立と壁の間に頭部を挟まれた。","12","教育・研究業","","","","","1~9","3","その他の装置等","37","用具","","","7","はさまれ、巻き込まれ"
"1807","1994","平成","6","10","9~10","埠頭で検定作業中、走行してきたフォークリフトにひかれた。","17","その他の事業","","","","","300~499","2","物上げ装置、運搬機械","22","動力運搬機","","","7","はさまれ、巻き込まれ"
"1808","1994","平成","6","10","10~11","取材用ヘリコプターで飛行中、他のヘリコプターと接触し、畑に墜落した。","8","商業","","","","","1000~9999","2","物上げ装置、運搬機械","23","乗物","","","18","交通事故（その他）"
"1809","1994","平成","6","10","10~11","取材用ヘリコプターで飛行中、他のヘリコプターと接触し、畑に墜落した。","8","商業","","","","","1000~9999","2","物上げ装置、運搬機械","23","乗物","","","18","交通事故（その他）"
"1810","1994","平成","6","10","10~11","取材用ヘリコプターで飛行中、他のヘリコプターと接触し、畑に墜落した。","8","商業","","","","","1000~9999","2","物上げ装置、運搬機械","23","乗物","","","18","交通事故（その他）"
"1811","1994","平成","6","10","10~11","大型トレーラーで運んできたコンクリートパイル(径30センチメートル、長さ8m、16本)を3本降ろし、4本目をバールで動かそうとしたところ、残りの13本が崩壊した。","4","運輸交通業","403","道路貨物運送業","","","30~49","6","荷","61","荷","","","5","崩壊、倒壊"
"1812","1994","平成","6","10","11~12","倉庫屋根スレート葺替工事のため安全帯取付設備を設置中、部材を持って屋根伝いに移動していたところ、スレートを踏み抜き約12m下のコンクリート床に墜落した。","3","建設業","302","建築工事業","","","1~9","4","仮設物、建築物、構築物等","41","仮設物、建築物、構築物等","","","1","墜落、転落"
"1813","1994","平成","6","10","13~14","木造住宅の瓦葺替作業中、野地板張と下屋根の土を掃除するため下屋根(高さ2m)に登ったところ、乾いた土に足を取られて墜落した。","3","建設業","302","建築工事業","","","10~29","4","仮設物、建築物、構築物等","41","仮設物、建築物、構築物等","","","1","墜落、転落"
"1814","1994","平成","6","10","14~15","ドラグ・ショベルを運転中、斜面の石に乗り上げ、ドラグ・ショベルが転倒した。","3","建設業","301","土木工事業","","","10~29","1","動力機械","14","建設機械等","","","2","転倒"
"1815","1994","平成","6","10","14~15","地上10階のハイステージにおいて、移動式クレーンで吊り上げたパレットから荷(本締用ボルト)を取り込む作業中、片側のみから取り込んでいたためパレットが傾いて荷が足場に落下し、その反動で墜落した。","3","建設業","302","建築工事業","","","1~9","4","仮設物、建築物、構築物等","41","仮設物、建築物、構築物等","","","1","墜落、転落"
"1816","1994","平成","6","10","14~15","解体した外部足場材をクレーンで運搬中、躯体5階屋上でオペレーターに合図を送っていた被災者が、垂れ下がっていた吊り荷の介錯ロープを手直した後、吊上げの合図をしたところ、手袋が引っかかって引っ張られ屋上から墜落した。","3","建設業","302","建築工事業","","","10~29","3","その他の装置等","37","用具","","","1","墜落、転落"
"1817","1994","平成","6","10","14~15","国道を走行中、カーブを曲がりきれずセンターラインを越え、対向車と正面衝突した。","8","商業","","","","","1~9","2","物上げ装置、運搬機械","22","動力運搬機","","","17","交通事故（道路）"
"1818","1994","平成","6","10","14~15","地上10階のハイステージにおいて、移動式クレーンで吊り上げたパレットから荷(本締用ボルト)を取り込む作業中、片側のみから取り込んでいたためパレットが傾いて荷が足場に落下し、その反動で墜落した。","3","建設業","302","建築工事業","","","1~9","4","仮設物、建築物、構築物等","41","仮設物、建築物、構築物等","","","1","墜落、転落"
"1819","1994","平成","6","10","15~16","下水道工事現場において、故障した掘削推進機を点検するため横穴の鋼管(径60センチメートル、長さ60m)の中に入ったところ、鋼管口から約57m付近で急性呼吸不全になった。","3","建設業","301","土木工事業","","","1~9","7","環境等","71","環境等","","","90","その他"
"1820","1994","平成","6","10","19~20","印刷機近くでインクを調合中、インクに薄め液を注いでいたところ、インクから出火した。","1","製造業","107","印刷・製本業","","","10~29","5","物質、材料","51","危険物、有害物等","","","16","火災"
"1821","1994","平成","6","10","10~11","乗用車で工事現場へ向う途中、センターラインを越え、対向してきたダンプカーと正面衝突した。","3","建設業","301","土木工事業","","","10~29","2","物上げ装置、運搬機械","22","動力運搬機","","","17","交通事故（道路）"
"1822","1994","平成","6","10","10~11","貨物駅構内において、コンテナ等貨物車両の入れ替え作業中、走行中の車両上から転落した。","4","運輸交通業","401","鉄道・軌道・水運・航空業","","","30~49","2","物上げ装置、運搬機械","23","乗物","","","1","墜落、転落"
"1823","1994","平成","6","10","11~12","木造3階建住宅新築現場において、2階屋根上で塗装作業中、6.6m下の地上に墜落した。","3","建設業","302","建築工事業","","","1~9","4","仮設物、建築物、構築物等","41","仮設物、建築物、構築物等","","","1","墜落、転落"
"1824","1994","平成","6","10","12~13","トラッククレーンで国道を走行中、道路脇のコンクリート造の出店に衝突した。","8","商業","","","","","1~9","2","物上げ装置、運搬機械","21","動力クレーン等","","","17","交通事故（道路）"
"1825","1994","平成","6","10","13~14","鋼板をトラッククレーンに積み込む作業中、トラック荷台上で鋼板の位置調整等をしていたところ、フックが鋼板から外れ、荷台から鋼板とともに地面に転落した。","3","建設業","301","土木工事業","","","30~49","3","その他の装置等","37","用具","","","1","墜落、転落"
"1826","1994","平成","6","10","13~14","河川改修工事現場に2段に積まれていたヒューム管(径9.3センチメートル、長さ243センチメートル)をパワー・ショベルで移動する際、1段目(4本)のヒューム管上に乗り、2段目(2本)のヒューム管にワイヤロープで玉掛中、荷崩れを起こし挟まれた。","3","建設業","301","土木工事業","","","1~9","5","物質、材料","52","材料","","","7","はさまれ、巻き込まれ"
"1827","1994","平成","6","10","14~15","4tトラックで帰社途中、高速道路で散水車に追突した。","8","商業","","","","","10~29","2","物上げ装置、運搬機械","22","動力運搬機","","","17","交通事故（道路）"
"1828","1994","平成","6","10","14~15","事務所正門横の郵便受けに郵便物を取りに行ったところ、正門を後進してきたワゴン車に引かれた。","1","製造業","113","一般機械器具製造業","","","30~49","2","物上げ装置、運搬機械","23","乗物","","","6","激突され"
"1829","1994","平成","6","10","15~16","磯船を高台に引き上げる際、金棒に固定した滑車にワイヤロープを通しトラクター・ショベルで引っ張ったところ、金棒が曲がって滑車が外れ、被災者を直撃した。","7","畜産・水産業","","","","","1~9","1","動力機械","14","建設機械等","","","4","飛来、落下"
"1830","1994","平成","6","10","17~18","ライトバンで県道を走行中、センターラインをはみ出し、対向してきた大型トラックと正面衝突した。","8","商業","","","","","300~499","2","物上げ装置、運搬機械","23","乗物","","","17","交通事故（道路）"
"1831","1994","平成","6","10","6~7","2tトラックに同乗し国道を走行中、センターラインを越え、対向してきた大型トラックと正面衝突した。","1","製造業","112","金属製品製造業","","","10~29","2","物上げ装置、運搬機械","22","動力運搬機","","","17","交通事故（道路）"
"1832","1994","平成","6","10","8~9","シラス船曵網漁を終え帰港途中、船尾で網を洗っていたところ、誤って海中に転落した。","7","畜産・水産業","","","","","1~9","2","物上げ装置、運搬機械","23","乗物","","","10","おぼれ"
"1833","1994","平成","6","10","9~10","機械を牽引していた3.5tフォークリフトが、必要以上にバックしてきたため、被災者がフォークリフトと機械の間に挟まれた。","3","建設業","303","その他の建設業","","","1~9","2","物上げ装置、運搬機械","22","動力運搬機","","","7","はさまれ、巻き込まれ"
"1834","1994","平成","6","10","13~14","下水道工事の立坑(深さ17.3m)内において、レバーブロックを橋型クレーンで吊り上げたところ、ワイヤから外れ被災者に当たった。","3","建設業","301","土木工事業","","","1~9","3","その他の装置等","37","用具","","","4","飛来、落下"
"1835","1994","平成","6","10","14~15","荷卸し作業中、水で濡れた路面に左足を取られて後向きに倒れ、頭部を打った。","1","製造業","105","家具・装備品製造業","","","1~9","4","仮設物、建築物、構築物等","41","仮設物、建築物、構築物等","","","2","転倒"
"1836","1994","平成","6","10","15~16","ドラム缶焼却炉で廃材を焼却中、ラッカーシンナーを注いだため火が燃え上がった。","17","その他の事業","","","","","1~9","5","物質、材料","51","危険物、有害物等","","","11","高温・低温の物との接触"
"1837","1994","平成","6","10","16~17","トラックで帰社途中、信号のない交差点で軽ワゴン車と衝突した。","1","製造業","105","家具・装備品製造業","","","10~29","2","物上げ装置、運搬機械","22","動力運搬機","","","17","交通事故（道路）"
"1838","1994","平成","6","10","17~18","外部鉄骨階段の屋根の折版葺き作業中、踊り場から外部足場へ鋼製布板上(幅50センチメートル)を移動中、高さ7.6mから墜落した。","3","建設業","302","建築工事業","","","1~9","4","仮設物、建築物、構築物等","41","仮設物、建築物、構築物等","","","1","墜落、転落"
"1839","1994","平成","6","10","17~18","鋼板切断加工ライン中間の鋼板のサイドを切断する設備のスタンド固定ボルトを緩める作業中、ローラー駆動用ユニバーサルジョイント部のボルトに着衣が引っかかり、巻き込まれた。","1","製造業","110","鉄鋼業","","","30~49","1","動力機械","16","一般動力機械","","","7","はさまれ、巻き込まれ"
"1840","1994","平成","6","10","0~1","トラック(積載荷重3.75t)で国道を走行中、渋滞で停車中のトラックに追突した。","4","運輸交通業","403","道路貨物運送業","","","1~9","2","物上げ装置、運搬機械","22","動力運搬機","","","17","交通事故（道路）"
"1841","1994","平成","6","10","14~15","バイクで新聞配達中、交差点で右折待ち中の乗用車に追突した。","4","運輸交通業","403","道路貨物運送業","","","10~29","2","物上げ装置、運搬機械","23","乗物","","","17","交通事故（道路）"
"1842","1994","平成","6","10","15~16","道路拡幅工事現場において、掘削した土砂が川へ落ちるのを防止するための土止めが崩壊した。","3","建設業","301","土木工事業","","","10~29","7","環境等","71","環境等","","","5","崩壊、倒壊"
"1843","1994","平成","6","10","2~3","ダンプカーで土砂運搬中、信号待ち中のダンプカーに追突した。","4","運輸交通業","403","道路貨物運送業","","","1~9","2","物上げ装置、運搬機械","22","動力運搬機","","","17","交通事故（道路）"
"1844","1994","平成","6","10","9~10","資材置場において、資材をトラックに積み込んでいたフォークリフトがぬかるみにはまったため、トラックで牽引したところ転倒し、側にいた被災者がその下敷きになった。","3","建設業","302","建築工事業","","","10~29","2","物上げ装置、運搬機械","22","動力運搬機","","","2","転倒"
"1845","1994","平成","6","10","10~11","鉄道線の電線補強工事現場で作業中、電車に接触した。","4","運輸交通業","401","鉄道・軌道・水運・航空業","","","300~499","2","物上げ装置、運搬機械","23","乗物","","","6","激突され"
"1846","1994","平成","6","10","10~11","張り出し足場組立のため鋼管をクランクで継ぐ作業中、足場にしていた板が崩れ、約8m下の川に墜落した。","3","建設業","301","土木工事業","","","1~9","4","仮設物、建築物、構築物等","41","仮設物、建築物、構築物等","","","10","おぼれ"
"1847","1994","平成","6","10","14~15","特設ステージに出演中、敷地内の立木に登り、枝(径約4センチメートル)にぶら下がったところ、枝が根元から折れ約3.3m下の地上に墜落した。","10","映画・演劇業","","","","","10~29","7","環境等","71","環境等","","","1","墜落、転落"
"1848","1994","平成","6","10","23~24","寄宿舎から火災が発生した。","3","建設業","301","土木工事業","","","10~29","4","仮設物、建築物、構築物等","41","仮設物、建築物、構築物等","","","16","火災"
"1849","1994","平成","6","10","23~24","寄宿舎から火災が発生した。","3","建設業","301","土木工事業","","","10~29","4","仮設物、建築物、構築物等","41","仮設物、建築物、構築物等","","","16","火災"
"1850","1994","平成","6","10","23~24","寄宿舎から火災が発生した。","3","建設業","301","土木工事業","","","10~29","4","仮設物、建築物、構築物等","41","仮設物、建築物、構築物等","","","16","火災"
"1851","1994","平成","6","10","2~3","駅構内においてポイント切換工事に立会中、貨物列車と接触した。","4","運輸交通業","401","鉄道・軌道・水運・航空業","","","50~99","2","物上げ装置、運搬機械","23","乗物","","","18","交通事故（その他）"
"1852","1994","平成","6","10","2~3","トラック(積載荷重750キログラム)で国道を走行中、カーブを曲がりきれず、中央分離帯に激突した。","17","その他の事業","","","","","10~29","2","物上げ装置、運搬機械","22","動力運搬機","","","17","交通事故（道路）"
"1853","1994","平成","6","10","9~10","親企業構内において成型機で鉄板を加工中、加工後の板を積み上げる自動パイラーと板の間に挟まれた。","1","製造業","112","金属製品製造業","","","1~9","1","動力機械","16","一般動力機械","","","7","はさまれ、巻き込まれ"
"1854","1994","平成","6","10","13~14","ダンプカーで走行中、センターラインを越え、対向してきたダンプカーと正面衝突した。","4","運輸交通業","403","道路貨物運送業","","","1~9","2","物上げ装置、運搬機械","22","動力運搬機","","","17","交通事故（道路）"
"1855","1994","平成","6","10","14~15","現場で簡易型枠を組立中、型わく材を携帯用丸のこ盤で切断した際、誤って右大腿部を切った。","3","建設業","301","土木工事業","","","10~29","1","動力機械","13","木材加工用機械","","","8","切れ、こすれ"
"1856","1994","平成","6","10","19~20","化成槽の上に敷いた道板上で、槽に設置されているプレートを外していたところ、バランスを崩し隣接する化成槽(85°Cの弱酸性水溶液)内に転落した。","1","製造業","115","輸送用機械等製造業","","","50~99","5","物質、材料","51","危険物、有害物等","","","11","高温・低温の物との接触"
"1857","1994","平成","6","10","7~8","トラックで工事現場に向う途中、脇道から出てきたトラックと衝突した。","3","建設業","302","建築工事業","","","10~29","2","物上げ装置、運搬機械","22","動力運搬機","","","17","交通事故（道路）"
"1858","1994","平成","6","10","8~9","乗用車で客先に向う途中、国道でセンターラインを越え、対向してきたトラックと正面衝突した。","8","商業","","","","","50~99","2","物上げ装置、運搬機械","23","乗物","","","17","交通事故（道路）"
"1859","1994","平成","6","10","10~11","得意先で書類を作成中、鈍器で強打された。","9","金融・広告業","","","","","10~29","9","その他","99","分類不能","","","9","踏み抜き"
"1860","1994","平成","6","10","13~14","フォークリフトで約50センチメートル持ち上げた鉄骨台(700キログラム)の脚を溶接中、台が倒れてきた。","1","製造業","115","輸送用機械等製造業","","","10~29","2","物上げ装置、運搬機械","22","動力運搬機","","","5","崩壊、倒壊"
"1861","1994","平成","6","10","16~17","軽トラックに稲わらを積み込む作業中、高さ約1.5mの荷台から転落した。","3","建設業","301","土木工事業","","","10~29","2","物上げ装置、運搬機械","22","動力運搬機","","","1","墜落、転落"
"1862","1994","平成","6","10","17~18","小型バインダーの修理作業中、バインダーを後進させたところ、鳥小屋支柱とバインダーのハンドルに首を絞められた。","8","商業","","","","","1~9","1","動力機械","16","一般動力機械","","","7","はさまれ、巻き込まれ"
"1863","1994","平成","6","10","20~21","トレーラーで高速道路を走行中、車線変更した際、大型トラックに追突した。","4","運輸交通業","403","道路貨物運送業","","","10~29","2","物上げ装置、運搬機械","22","動力運搬機","","","17","交通事故（道路）"
"1864","1994","平成","6","10","1~2","ステンレス箔の竪型雰囲気焼鈍炉(アルゴンガス使用)の下部ピット内に入った被災者が、窒息死した。","1","製造業","112","金属製品製造業","","","30~49","5","物質、材料","51","危険物、有害物等","","","12","有害物等との接触"
"1865","1994","平成","6","10","9~10","中窯ガイド(筒上の箱形、1.3t)をホイストクレーンで吊り上げて架台に仮置きし、アーク溶接する作業を繰り返していたところ、クレーンで吊り上げた際にシャクルが外れ、クレーン操作をしていた被災者に中窯ガイドが当たった。","1","製造業","112","金属製品製造業","","","10~29","3","その他の装置等","37","用具","","","4","飛来、落下"
"1866","1994","平成","6","10","9~10","バーカーで丸太の皮むき作業中、運転中のバーカーに近付いた際、丸太を回転させるためのローラーに挟まれた。","1","製造業","104","木材・木製品製造業","","","10~29","1","動力機械","13","木材加工用機械","","","7","はさまれ、巻き込まれ"
"1867","1994","平成","6","10","13~14","国道拡幅工事現場で型枠組立作業をしていた被災者が、隣接する海水溜まりで溺死していた。","3","建設業","301","土木工事業","","","1~9","7","環境等","71","環境等","","","10","おぼれ"
"1868","1994","平成","6","10","15~16","下水道本管にエア抜き立坑を造るため地上から削進機で坑を開ける作業中、近くの移動式クレーンが旋回した際、そのカウンターウエイトと削進機の間に挟まれた。","3","建設業","301","土木工事業","","","1~9","2","物上げ装置、運搬機械","21","動力クレーン等","","","7","はさまれ、巻き込まれ"
"1869","1994","平成","6","10","17~18","バイクで新聞配達中、市道交差点で普通乗用車に追突された。","8","商業","","","","","30~49","2","物上げ装置、運搬機械","23","乗物","","","17","交通事故（道路）"
"1870","1994","平成","6","10","18~19","軽トラックで市道を走行中、信号のない交差点で対向車と衝突した。","8","商業","","","","","1~9","2","物上げ装置、運搬機械","22","動力運搬機","","","17","交通事故（道路）"
"1871","1994","平成","6","10","8~9","ユニック車よりハウエル管(径1m、長さ3m、340キログラム)6本を降ろそうとしたところ、荷崩れが起き、その下敷きになった。","4","運輸交通業","403","道路貨物運送業","","","10~29","6","荷","61","荷","","","5","崩壊、倒壊"
"1872","1994","平成","6","10","10~11","国道沿いの法面上で立木の伐採作業中、伐倒木が落下し、道路上で作業していた被災者に当たった。","3","建設業","301","土木工事業","","","1~9","7","環境等","71","環境等","","","4","飛来、落下"
"1873","1994","平成","6","10","17~18","ジョブサン(車輌系建設機)で地山を掘削し、窪地にずりを運搬する作業中、リフトアームと車体の間に頭部を挟まれた。","7","畜産・水産業","","","","","1~9","1","動力機械","14","建設機械等","","","7","はさまれ、巻き込まれ"
"1874","1994","平成","6","10","11~12","ベルトコンベヤーの清掃作業中、ベルトコンベヤーとスキップコンベヤーの間に頭部を挟まれた。","1","製造業","101","食料品製造業","","","10~29","2","物上げ装置、運搬機械","22","動力運搬機","","","7","はさまれ、巻き込まれ"
"1875","1994","平成","6","10","12~13","バイクで新聞配達中、センターラインでスリップ、転倒し、対向してきたバスにひかれた。","8","商業","","","","","10~29","2","物上げ装置、運搬機械","23","乗物","","","17","交通事故（道路）"
"1876","1994","平成","6","10","13~14","伐採作業を手伝っていたところ、伐採木(径20センチメートル、長さ約12m)の下敷きになった。","6","農林業","601","農業","","","1~9","7","環境等","71","環境等","","","4","飛来、落下"
"1877","1994","平成","6","10","14~15","砂利運搬ベルトコンベヤーのリターンキャリアとゴムベルトの間に巻き込まれた。","2","鉱業","202","土石採取業","","","10~29","2","物上げ装置、運搬機械","22","動力運搬機","","","7","はさまれ、巻き込まれ"
"1878","1994","平成","6","10","16~17","土砂採取場でトラクター・ショベルにひかれた。","2","鉱業","202","土石採取業","","","1~9","1","動力機械","14","建設機械等","","","6","激突され"
"1879","1994","平成","6","10","18~19","トラック荷台より円筒型鋼管(軽13.5センチメートル、長さ1.9m、230キログラム)の3本束を降ろしていたところ、荷を抱えるような状態で荷台から落ちた。","1","製造業","110","鉄鋼業","","","1~9","6","荷","61","荷","","","4","飛来、落下"
"1880","1994","平成","6","10","2~3","タクシーで高速道路を走行中、コンクリートバリアに激突した。","4","運輸交通業","402","道路旅客運送業","","","50~99","2","物上げ装置、運搬機械","23","乗物","","","17","交通事故（道路）"
"1881","1994","平成","6","10","6~7","新聞配達中、車にひき逃げされた。","8","商業","","","","","100~299","2","物上げ装置、運搬機械","23","乗物","","","17","交通事故（道路）"
"1882","1994","平成","6","10","6~7","バイクで新聞配達中、運転を誤り町道から4.8m下の河原へ転落した。","8","商業","","","","","50~99","2","物上げ装置、運搬機械","23","乗物","","","17","交通事故（道路）"
"1883","1994","平成","6","10","8~9","ケーソン上において、クローラクレーンのジブ解体作業中、ジブ先端を接地した状態で中間ジブのコネクターピンを外したところ、ジブが落下し、ジブ内側で作業中の被災者が挟まれた。","3","建設業","301","土木工事業","","","1~9","2","物上げ装置、運搬機械","21","動力クレーン等","","","4","飛来、落下"
"1884","1994","平成","6","10","11~12","建設用リフトに乗り、搬器に立て掛けた足場板を支えながら上昇中、高さ16.1mより墜落した。","3","建設業","302","建築工事業","","","1~9","2","物上げ装置、運搬機械","21","動力クレーン等","","","1","墜落、転落"
"1885","1994","平成","6","10","11~12","バイクで出勤途中、4tトラックにはねられた。","1","製造業","109","窯業土石製品製造業","","","30~49","2","物上げ装置、運搬機械","22","動力運搬機","","","17","交通事故（道路）"
"1886","1994","平成","6","10","13~14","2tトラックで走行中、前車を追い越すため車線変更したところ、スリップして中央分離帯に激突した。","4","運輸交通業","403","道路貨物運送業","","","50~99","2","物上げ装置、運搬機械","22","動力運搬機","","","17","交通事故（道路）"
"1887","1994","平成","6","10","13~14","4tトラックで国道を走行中、対向してきた8tトラックがセンターラインをはみ出し、正面衝突した。","8","商業","","","","","1~9","2","物上げ装置、運搬機械","22","動力運搬機","","","17","交通事故（道路）"
"1888","1994","平成","6","10","4~5","乳母車を押して新聞配達中、乗用車にはねられた。","8","商業","","","","","50~99","2","物上げ装置、運搬機械","23","乗物","","","17","交通事故（道路）"
"1889","1994","平成","6","10","14~15","唐松の皆伐作業中、かかり木となり、かかられた木を切っていたところ、かかり木が外れ頭部を直撃した。","6","農林業","601","農業","","","1~9","7","環境等","71","環境等","","","6","激突され"
"1890","1994","平成","6","10","22~23","乗用車で巡回現場へ向う途中、対向車と衝突した。","17","その他の事業","","","","","50~99","2","物上げ装置、運搬機械","23","乗物","","","17","交通事故（道路）"
"1891","1994","平成","6","10","7~8","上り坂に停車していたトラッククレーンが後進し、工事現場で作業中の被災者をひいた。","3","建設業","301","土木工事業","","","10~29","2","物上げ装置、運搬機械","22","動力運搬機","","","17","交通事故（道路）"
"1892","1994","平成","6","10","8~9","平貝採取の潜水作業に使う重りを調整するため潜水中、空気圧縮機の送気ホースから給気を受けていたが、何らかの理由により肺に水が入り、呼吸困難になった。","7","畜産・水産業","","","","","1~9","7","環境等","71","環境等","","","10","おぼれ"
"1893","1994","平成","6","10","8~9","工場のゴミをトラックで運搬するため、ゴミ置場に徒歩で向かっていたところ、後進してきたトラックにひかれた。","5","貨物取扱業","501","陸上貨物取扱業","","","10~29","2","物上げ装置、運搬機械","22","動力運搬機","","","6","激突され"
"1894","1994","平成","6","10","8~9","トラックで走行中、運転を誤り電柱に衝突した。","3","建設業","302","建築工事業","","","1~9","2","物上げ装置、運搬機械","22","動力運搬機","","","17","交通事故（道路）"
"1895","1994","平成","6","10","10~11","現場内で資材を片付け中、掘削作業中のバックホウにひかれた。","3","建設業","301","土木工事業","","","1~9","1","動力機械","14","建設機械等","","","7","はさまれ、巻き込まれ"
"1896","1994","平成","6","10","13~14","木造2階建住宅屋根上で瓦を葺替中、高さ6mより駐車中のトラック荷台上に落下した。","3","建設業","302","建築工事業","","","1~9","4","仮設物、建築物、構築物等","41","仮設物、建築物、構築物等","","","1","墜落、転落"
"1897","1994","平成","6","10","17~18","レーザー加工機械(炭酸ガスレーザー、20KV)の出力低下原因を調査するため、当該機械の発振機本体のカバーを外し、スパナを反射鏡付近に近付けたところ、高電圧部に接触した。","1","製造業","113","一般機械器具製造業","","","100~299","1","動力機械","16","一般動力機械","","","13","感電"
"1898","1994","平成","6","11","8~9","事業場内において、積載型トラッククレーン荷台に自走でバックホウを積み込む作業中、バックホウが旋回した際、近くにいた被災者にバケットが当たった。","3","建設業","301","土木工事業","","","10~29","1","動力機械","14","建設機械等","","","6","激突され"
"1899","1994","平成","6","11","9~10","事業場から最寄りのポストへ歩いて行く途中、車に追突された。","8","商業","","","","","1~9","2","物上げ装置、運搬機械","23","乗物","","","17","交通事故（道路）"
"1900","1994","平成","6","11","11~12","土砂運搬中のダンプカーの脱輪した前輪を上げるため、バックホウにワイヤを付け引き上げていたところ、ワイヤが切れてダンプカーが堤防を滑り落ち、近くにいた被災者がバンパー前部に挟まれた。","3","建設業","301","土木工事業","","","30~49","2","物上げ装置、運搬機械","22","動力運搬機","","","6","激突され"
"1901","1994","平成","6","11","14~15","高速道路下部の植栽工事において、擁壁にタイル貼りのためのスミ出し作業中、高さ5mの張出足場から墜落した。","3","建設業","301","土木工事業","","","10~29","4","仮設物、建築物、構築物等","41","仮設物、建築物、構築物等","","","1","墜落、転落"
"1902","1994","平成","6","11","15~16","自社の敷地をミニコンボで造成中、後進しようとして残土に乗り上げ、横転した。","3","建設業","303","その他の建設業","","","1~9","1","動力機械","14","建設機械等","","","2","転倒"
"1903","1994","平成","6","11","16~17","高さ約6mの法面上で伐倒した木が、下方で作業中の被災者に当たった。","3","建設業","301","土木工事業","","","1~9","7","環境等","71","環境等","","","4","飛来、落下"
"1904","1994","平成","6","11","17~18","フォークリフトのパレットを足場にして工場天井の蛍光灯を取り替えた後、マストを伝って降りる際、足が操作レバーに触れたためフォークが下がり、アウターマストとインナーマストの間に頭部を挟まれた。","1","製造業","101","食料品製造業","","","10~29","2","物上げ装置、運搬機械","22","動力運搬機","","","7","はさまれ、巻き込まれ"
"1905","1994","平成","6","11","0~1","タクシー乗務中、道路縁石に接触し、電柱に激突した。","4","運輸交通業","402","道路旅客運送業","","","100~299","2","物上げ装置、運搬機械","23","乗物","","","17","交通事故（道路）"
"1906","1994","平成","6","11","1~2","トラックで配送中、路肩に停車した際、走行してきたトラックに追突された。","4","運輸交通業","403","道路貨物運送業","","","30~49","2","物上げ装置、運搬機械","22","動力運搬機","","","17","交通事故（道路）"
"1907","1994","平成","6","11","6~7","自転車で新聞配達中、信号のない交差点で乗用車に衝突された。","8","商業","","","","","100~299","2","物上げ装置、運搬機械","23","乗物","","","17","交通事故（道路）"
"1908","1994","平成","6","11","11~12","木造平屋建築現場において建前工事中、桁の取付補強材(羽子板)のナットを締めていたところ、バランスを崩し3.3m下のコンクリート床上に墜落した。","3","建設業","302","建築工事業","","","1~9","4","仮設物、建築物、構築物等","41","仮設物、建築物、構築物等","","","1","墜落、転落"
"1909","1994","平成","6","11","3~4","軽自動車で新聞配達中、国道交差点を右折しようとして、直進してきた大型トラックと衝突した。","8","商業","","","","","30~49","2","物上げ装置、運搬機械","23","乗物","","","17","交通事故（道路）"
"1910","1994","平成","6","11","6~7","送迎用マイクロバスを運転中、対向してきた10tトラックが雨でスピンして中央分離帯を乗り越え、衝突した。","17","その他の事業","","","","","30~49","2","物上げ装置、運搬機械","23","乗物","","","17","交通事故（道路）"
"1911","1994","平成","6","11","9~10","調整池の堰堤において、セパ斫り作業とモルタル詰め作業中、背後の地山が高さ1.2m、幅15mに渡って崩れた。","3","建設業","303","その他の建設業","","","1~9","7","環境等","71","環境等","","","5","崩壊、倒壊"
"1912","1994","平成","6","11","9~10","5階建鉄骨組立工事において、クレーンで吊り上げた柱をボルト締めした後、玉掛ワイヤロープを外すため柱を登っていたところ、墜落した。","3","建設業","302","建築工事業","","","1~9","4","仮設物、建築物、構築物等","41","仮設物、建築物、構築物等","","","1","墜落、転落"
"1913","1994","平成","6","11","11~12","出張先の営業所内において、スクラップ処理機械の油圧シリンダーの分解作業中、シリンダー下端に取り付けられた金具(100キログラム)が落下してきた。","3","建設業","303","その他の建設業","","","1~9","1","動力機械","16","一般動力機械","","","7","はさまれ、巻き込まれ"
"1914","1994","平成","6","11","14~15","電柱に引っかかったアドバルーンの垂れ幕を撤去する際、高圧(6600V)線碍子充電部に接触した。","8","商業","","","","","10~29","3","その他の装置等","35","電気設備","","","13","感電"
"1915","1994","平成","6","11","9~10","工場新築現場で移動式クレーン(つり上げ荷重25t)の設置場所を変更するため、玉掛用具(吊りクランプ、シャックル、ワイヤロープ)を吊ったまま旋回・巻き上げをした際、玉掛用具が落下し、付近で作業していた被災者に当たった。","3","建設業","302","建築工事業","","","10~29","2","物上げ装置、運搬機械","21","動力クレーン等","","","4","飛来、落下"
"1916","1994","平成","6","11","11~12","ブル・ドーザーで残土処理中、後進する際に運転席から落ち、ブル・ドーザーにひかれた。","3","建設業","302","建築工事業","","","1~9","1","動力機械","14","建設機械等","","","7","はさまれ、巻き込まれ"
"1917","1994","平成","6","11","13~14","セミコンテナ船を建造中、船殼ブロックを伝い既設足場を上っていたところ、手が滑り約3.5m下の船台上に墜落した。","1","製造業","115","輸送用機械等製造業","","","30~49","4","仮設物、建築物、構築物等","41","仮設物、建築物、構築物等","","","1","墜落、転落"
"1918","1994","平成","6","11","14~15","砂防ダム工事現場において、ダム堤体部の鋼製型枠を解体中、型枠側面に取り付けた吊り足場を掛け替えていたところ、約4m下に墜落した。","3","建設業","301","土木工事業","","","1~9","4","仮設物、建築物、構築物等","41","仮設物、建築物、構築物等","","","1","墜落、転落"
"1919","1994","平成","6","11","16~17","ミニバックホウのバケットを取り付ける作業中、ブームとアーム部分に掛けたホイストクレーンのワイヤロープを掛け替えようとしたところ、当該部分が転倒し、その下敷きになった。","1","製造業","113","一般機械器具製造業","","","100~299","6","荷","61","荷","","","5","崩壊、倒壊"
"1920","1994","平成","6","11","16~17","道路工事現場でロードローラーを修理中、当該ロードローラーと運転中の他の小型ロードローラーとの間に挟まれた。","1","製造業","117","その他の製造業","","","30~49","1","動力機械","14","建設機械等","","","7","はさまれ、巻き込まれ"
"1921","1994","平成","6","11","16~17","木造2階建倉庫の建方作業中、2階の根太を取り付けていたところ、足を滑らせ4.2m下のコンクリート床に墜落した。","3","建設業","302","建築工事業","","","1~9","4","仮設物、建築物、構築物等","41","仮設物、建築物、構築物等","","","1","墜落、転落"
"1922","1994","平成","6","11","8~9","工事現場から残土捨場にバイクで向う途中、交差点で右折する際、直進してきた乗用車と正面衝突した。","3","建設業","301","土木工事業","","","50~99","2","物上げ装置、運搬機械","23","乗物","","","17","交通事故（道路）"
"1923","1994","平成","6","11","10~11","停車させたバスのトランクから荷を卸し始めたところ、バスが緩い傾斜面を後進し始め、飛び乗ろうとしたがしがみついた状態になり、左後方に停車していたバスとの間に挟まれた。","4","運輸交通業","402","道路旅客運送業","","","100~299","2","物上げ装置、運搬機械","23","乗物","","","7","はさまれ、巻き込まれ"
"1924","1994","平成","6","11","14~15","木造2階建倉庫新築現場において、外部足場三段目(高さ5.3m)上でゴミを片付けていたところ、墜落した。","3","建設業","302","建築工事業","","","10~29","4","仮設物、建築物、構築物等","41","仮設物、建築物、構築物等","","","1","墜落、転落"
"1925","1994","平成","6","11","16~17","事業場のトラック置場より作業現場へ行くため国道を横断中、軽乗用車にひかれた。","3","建設業","301","土木工事業","","","1~9","2","物上げ装置、運搬機械","23","乗物","","","17","交通事故（道路）"
"1926","1994","平成","6","11","16~17","機械集材装置による風倒木の搬出作業において、単独で伐倒木の荷掛けをしていた被災者が、足を滑らせ斜面を転落した。","6","農林業","601","農業","","","30~49","7","環境等","71","環境等","","","1","墜落、転落"
"1927","1994","平成","6","11","19~20","貯木場でトラックから木材を降ろす作業中、スタンション(荷が荷台より側方へはみ出さないように取り付けられた鉄製支柱)が外れ、被災者に激突した。","4","運輸交通業","403","道路貨物運送業","","","1~9","2","物上げ装置、運搬機械","22","動力運搬機","","","6","激突され"
"1928","1994","平成","6","11","23~24","2tトラックで高速道路を走行中、4tトラックに追突された。","4","運輸交通業","403","道路貨物運送業","","","10~29","2","物上げ装置、運搬機械","22","動力運搬機","","","17","交通事故（道路）"
"1929","1994","平成","6","11","9~10","民家の井戸用ポンプ室取り壊し工事中、8段積みブロックを積載型トラッククレーンで吊り上げて倒すためワイヤを掛けた直後、ブロックが突然倒れてきた。","3","建設業","302","建築工事業","","","1~9","4","仮設物、建築物、構築物等","41","仮設物、建築物、構築物等","","","5","崩壊、倒壊"
"1930","1994","平成","6","11","11~12","ホイストの組付作業中、ガーター上を移動する際、ホイストを乗り越えようとしてバランスを崩し、高さ約5.5mから墜落した。","3","建設業","303","その他の建設業","","","1~9","4","仮設物、建築物、構築物等","41","仮設物、建築物、構築物等","","","1","墜落、転落"
"1931","1994","平成","6","11","13~14","農場内において、4tトラックから荷を降ろすため、飼料置場からトラック停止位置までフォークリフトを運転中、スロープ上で操作を誤りフォークリフトが横転した。","7","畜産・水産業","","","","","1~9","2","物上げ装置、運搬機械","22","動力運搬機","","","2","転倒"
"1932","1994","平成","6","11","13~14","ベルトコンベヤー下部に入り、ローラー部の綿ぼこりを取り除いていたところ、ベルトとローラーの間に挟まれた。","1","製造業","106","パルプ・紙・紙加工品製造業","","","100~299","2","物上げ装置、運搬機械","22","動力運搬機","","","7","はさまれ、巻き込まれ"
"1933","1994","平成","6","11","15~16","工場内において、トラック荷台より荷(鋼板124キログラム×4枚)を降ろす際、あおりを下げて待機していたところ、荷が倒れて落下した。","1","製造業","112","金属製品製造業","","","10~29","6","荷","61","荷","","","4","飛来、落下"
"1934","1994","平成","6","11","15~16","チェーンソーで伐木作業中、切り倒そうとした木が倒れてこなかったため、約20m離れた所で別の木を切っていたところ、倒れなかった木が風にあおられて突然倒れ、首に当たった。","6","農林業","601","農業","","","1~9","7","環境等","71","環境等","","","4","飛来、落下"
"1935","1994","平成","6","11","16~17","下水道工事現場で、旋回した重機と道路脇のガードレールの間に挟まれた。","3","建設業","301","土木工事業","","","1~9","1","動力機械","14","建設機械等","","","7","はさまれ、巻き込まれ"
"1936","1994","平成","6","11","4~5","夜行高速バスで高速道路を走行中、タンクローリーに追突した。","4","運輸交通業","402","道路旅客運送業","","","100~299","2","物上げ装置、運搬機械","23","乗物","","","17","交通事故（道路）"
"1937","1994","平成","6","11","7~8","水道工事のための道路標識取付作業を終え、トラックに乗り込もうとしたところ、走行してきたトラックに追突された。","3","建設業","301","土木工事業","","","10~29","2","物上げ装置、運搬機械","22","動力運搬機","","","17","交通事故（道路）"
"1938","1994","平成","6","11","9~10","工場内静電粉体塗装ラインの吹付ガンの取替工事中、照明にしていた投光器が過熱し、床に堆積した粉体に引火した。","1","製造業","112","金属製品製造業","","","30~49","3","その他の装置等","35","電気設備","","","16","火災"
"1939","1994","平成","6","11","10~11","埠頭団地内で漁礁ブロックを製作中、高さ1.8mの足場上から墜落した。","3","建設業","301","土木工事業","","","1~9","4","仮設物、建築物、構築物等","41","仮設物、建築物、構築物等","","","1","墜落、転落"
"1940","1994","平成","6","11","13~14","ホテルの外壁塗装工事で外部足場を組立中、足を滑らせ約7m墜落した。","3","建設業","302","建築工事業","","","1~9","4","仮設物、建築物、構築物等","41","仮設物、建築物、構築物等","","","1","墜落、転落"
"1941","1994","平成","6","11","13~14","コンクリート打設作業中、ドラグ・ショベルに乗り込もうとした同僚が、誤ってレバーに触れたためバケットが下降し、被災者に激突した。","3","建設業","301","土木工事業","","","1~9","1","動力機械","14","建設機械等","","","6","激突され"
"1942","1994","平成","6","11","5~6","4tトラックで走行中、後進してきた前方のトラックに接触し、道路左側の民家の石塀に衝突した。","4","運輸交通業","403","道路貨物運送業","","","1~9","2","物上げ装置、運搬機械","23","乗物","","","17","交通事故（道路）"
"1943","1994","平成","6","11","7~8","養殖魚用の角形冷凍エサを粉砕中、左足を粉砕機の冷凍エサ投入口に巻き込まれた。","7","畜産・水産業","","","","","1~9","1","動力機械","16","一般動力機械","","","7","はさまれ、巻き込まれ"
"1944","1994","平成","6","11","9~10","出張先より帰社途中、高速道路パーキングエリアより出てきた車を避けようとして中央分離帯に接触し、6tトラックに追突された。","1","製造業","112","金属製品製造業","","","50~99","2","物上げ装置、運搬機械","23","乗物","","","17","交通事故（道路）"
"1945","1994","平成","6","11","9~10","大型保冷車で高速道路を走行中、大型トラックに追突した。","4","運輸交通業","403","道路貨物運送業","","","50~99","2","物上げ装置、運搬機械","22","動力運搬機","","","17","交通事故（道路）"
"1946","1994","平成","6","11","14~15","マンホール位置決めのための測定ピンを、しゃがみ込んだ姿勢で打ち込んでいたところ、走行してきたワゴン車にはねられた。","3","建設業","301","土木工事業","","","10~29","2","物上げ装置、運搬機械","23","乗物","","","17","交通事故（道路）"
"1947","1994","平成","6","11","15~16","鉄塔(高さ50m)最上部から張り出しているグランド線の張替準備中、グランド線に固定金具を取り付けカッターで切断したところ、グランド線が金具から抜け、被災者が約60m下の谷に墜落した。","3","建設業","303","その他の建設業","","","10~29","3","その他の装置等","35","電気設備","","","1","墜落、転落"
"1948","1994","平成","6","11","9~10","工事現場内で下草刈り作業中、蜂に刺された。","3","建設業","301","土木工事業","","","30~49","7","環境等","71","環境等","","","90","その他"
"1949","1994","平成","6","11","9~10","事業場内コーヒー抽出機の加圧タンク内において、炭焼きコーヒー豆から発生した一酸化炭素により中毒になった。","1","製造業","101","食料品製造業","","","100~299","5","物質、材料","51","危険物、有害物等","","","12","有害物等との接触"
"1950","1994","平成","6","11","9~10","溝(深さ3m)内でコンクリート製擁壁(高さ2m)の型枠解体中、後方の地山が高さ4.3m、幅5.4mに渡って崩壊した。","3","建設業","301","土木工事業","","","30~49","7","環境等","71","環境等","","","5","崩壊、倒壊"
"1951","1994","平成","6","11","13~14","4tトラックで高速道路を走行中、渋滞のため停車していたトラックに追突した。","4","運輸交通業","403","道路貨物運送業","","","30~49","2","物上げ装置、運搬機械","22","動力運搬機","","","17","交通事故（道路）"
"1952","1994","平成","6","11","21~22","アスファルト道路面改修工事において、道路脇の雨水桝内部の仕上げ作業を路上に腹這いになって行っていたところ、当該現場に機械を運搬してきたトラックにひかれた。","3","建設業","301","土木工事業","","","10~29","2","物上げ装置、運搬機械","22","動力運搬機","","","7","はさまれ、巻き込まれ"
"1953","1994","平成","6","11","7~8","鉄道線路の軌道をはさんで両側に作業場のある建設現場内で、軌道上に設けられた作業通路を横断中、電車にはねられた。","17","その他の事業","","","","","10~29","2","物上げ装置、運搬機械","23","乗物","","","18","交通事故（その他）"
"1954","1994","平成","6","11","9~10","抄造室において、紙切れの警報が鳴ったため機械の異常箇所を調べていた被災者が、トツフ毛布洗浄装置とロールの間に胸部を挟まれた。","1","製造業","106","パルプ・紙・紙加工品製造業","","","100~299","1","動力機械","16","一般動力機械","","","7","はさまれ、巻き込まれ"
"1955","1994","平成","6","11","9~10","鋳込作業場において、砂型に鋳鋼湯を鋳込んだ後の片付け作業中、砂型(8×5×3.5m)上部の給湯口(75×40センチメートル)に誤って足を突っ込み、約1500度の湯に触れた。","1","製造業","110","鉄鋼業","","","10~29","4","仮設物、建築物、構築物等","41","仮設物、建築物、構築物等","","","1","墜落、転落"
"1956","1994","平成","6","11","9~10","下水処理場2階空調室に送風機を設置するためコンクリート床の斫り作業中、前日に開けられた穴から5.5m下の1階床へ墜落した。","3","建設業","303","その他の建設業","","","10~29","4","仮設物、建築物、構築物等","41","仮設物、建築物、構築物等","","","1","墜落、転落"
"1957","1994","平成","6","11","9~10","故障したユニック車をジープで牽引したところ、ユニック車が逸走し、停車させようとしてこの2台の間に挟まれた。","3","建設業","301","土木工事業","","","10~29","2","物上げ装置、運搬機械","22","動力運搬機","","","6","激突され"
"1958","1994","平成","6","11","15~16","自然崩壊した法面の整形工事において、法面上部の表土を取り除く作業中、表土が崩落し土砂とともに墜落した。","3","建設業","301","土木工事業","","","50~99","7","環境等","71","環境等","","","1","墜落、転落"
"1959","1994","平成","6","11","15~16","自然崩壊した法面の整形工事において、法面上部の表土を取り除く作業中、表土が崩落し土砂とともに墜落した。","3","建設業","301","土木工事業","","","50~99","7","環境等","71","環境等","","","1","墜落、転落"
"1960","1994","平成","6","11","17~18","高所作業車の油漏れ修理作業中、油圧系統のチェックバルブが外れて荷台支持ブームが降下し、ブームとスイッチボックスの間に挟まれた。","1","製造業","117","その他の製造業","","","1~9","1","動力機械","14","建設機械等","","","7","はさまれ、巻き込まれ"
"1961","1994","平成","6","11","6~7","トラックで走行中、左折しようとした乗用車に追突し、更に信号柱に激突した。","4","運輸交通業","403","道路貨物運送業","","","30~49","2","物上げ装置、運搬機械","22","動力運搬機","","","17","交通事故（道路）"
"1962","1994","平成","6","11","6~7","不燃物収納庫にしている貨車にゴミを搬入するため戸を開けていたところ、後進してきたゴミ収集用2tトラックと貨車の間に挟まれた。","15","清掃・と畜業","","","","","1~9","2","物上げ装置、運搬機械","22","動力運搬機","","","7","はさまれ、巻き込まれ"
"1963","1994","平成","6","11","9~10","チップソーの刃を付けたディスクグラインダーで軒先の屋根材に切れ目を入れる作業中、刃が屋根材に引っかかって跳ねた反動で首に当たった。","3","建設業","302","建築工事業","","","10~29","1","動力機械","16","一般動力機械","","","8","切れ、こすれ"
"1964","1994","平成","6","11","9~10","傾斜地の造成作業中、ドラグ・ショベルで掘削土を移し替えていたところ、残土に乗り上げて横転し、ドラグ・ショベルの下敷きになった。","3","建設業","301","土木工事業","","","10~29","1","動力機械","14","建設機械等","","","2","転倒"
"1965","1994","平成","6","11","10~11","台船を曳航中、曳航ロープが切断し、顔面を直撃した。","3","建設業","301","土木工事業","","","1~9","3","その他の装置等","37","用具","","","4","飛来、落下"
"1966","1994","平成","6","11","13~14","農業用トラクターでスキー場ゲレンデ内の草刈中、下り斜面で小山に乗り上げてバランスを崩し、転倒したトラクターの下敷きになった。","14","接客娯楽業","","","","","10~29","1","動力機械","16","一般動力機械","","","2","転倒"
"1967","1994","平成","6","11","13~14","RC3階建倉庫解体作業において、1階倉庫内の鋼製棚をアセチレンガスで溶断中、火粉がコンクリート壁に吹き付けられた断熱材に引火し、逃げ遅れた。","3","建設業","302","建築工事業","","","1~9","3","その他の装置等","33","溶接装置","","","16","火災"
"1968","1994","平成","6","11","15~16","船舶から卸した荷をトラクター・ショベルで仮置場へ運搬中、運転交替のためバイクで現場に来た被災者をひいた。","5","貨物取扱業","502","港湾運送業","","","300~499","1","動力機械","14","建設機械等","","","7","はさまれ、巻き込まれ"
"1969","1994","平成","6","11","6~7","自転車で新聞配達中、町道を横断する際、軽トラックにひかれた。","8","商業","","","","","1~9","2","物上げ装置、運搬機械","22","動力運搬機","","","17","交通事故（道路）"
"1970","1994","平成","6","11","9~10","ヘリコプターを操縦中、墜落した。","4","運輸交通業","401","鉄道・軌道・水運・航空業","","","10~29","2","物上げ装置、運搬機械","23","乗物","","","18","交通事故（その他）"
"1971","1994","平成","6","11","10~11","原付バイクで営業先に向う途中、交差点で乗用車と衝突した。","9","金融・広告業","","","","","10~29","2","物上げ装置、運搬機械","23","乗物","","","17","交通事故（道路）"
"1972","1994","平成","6","11","14~15","木造2階建住宅の屋根上で作業中、約3m下の2階仮床(コンパネ)上に墜落した。","3","建設業","302","建築工事業","","","10~29","4","仮設物、建築物、構築物等","41","仮設物、建築物、構築物等","","","1","墜落、転落"
"1973","1994","平成","6","11","15~16","棟上げ作業において、1階梁上で木槌を使い柱の打ち込み作業中、バランスを崩し墜落した。","3","建設業","302","建築工事業","","","1~9","4","仮設物、建築物、構築物等","41","仮設物、建築物、構築物等","","","1","墜落、転落"
"1974","1994","平成","6","11","8~9","4tトラックで国道を走行中、下り坂で45tトレーラーに追突した。","4","運輸交通業","403","道路貨物運送業","","","1~9","2","物上げ装置、運搬機械","22","動力運搬機","","","17","交通事故（道路）"
"1975","1994","平成","6","11","9~10","取材のため搭乗していたヘリコプターが、墜落した。","10","映画・演劇業","","","","","50~99","2","物上げ装置、運搬機械","23","乗物","","","18","交通事故（その他）"
"1976","1994","平成","6","11","9~10","ALC板(280×60×10センチメートル)を電動ウインチで吊り上げ、2階壁面に取り付ける作業中、鉄骨柱とALC板の間に挟まれた。","3","建設業","302","建築工事業","","","1~9","5","物質、材料","52","材料","","","7","はさまれ、巻き込まれ"
"1977","1994","平成","6","11","11~12","ビル屋上の高圧変流器配電盤室内で点検中、充電部分(高圧電流6600V)に接触した。","17","その他の事業","","","","","1~9","3","その他の装置等","35","電気設備","","","13","感電"
"1978","1994","平成","6","11","11~12","店周辺のゴミを収集後、保冷車の後部リフトに乗りゴミ収集場所へ移動中、転落した。","8","商業","","","","","30~49","2","物上げ装置、運搬機械","22","動力運搬機","","","1","墜落、転落"
"1979","1994","平成","6","11","11~12","急傾斜地崩壊対策工事現場において、斜面の雑草等の片付け作業中、高さ13.6mから転落した。","3","建設業","301","土木工事業","","","1~9","7","環境等","71","環境等","","","1","墜落、転落"
"1980","1994","平成","6","11","12~13","ライトバンで営業先へ向う途中、センターラインをはみ出してきたトラックと衝突した。","8","商業","","","","","30~49","2","物上げ装置、運搬機械","22","動力運搬機","","","17","交通事故（道路）"
"1981","1994","平成","6","11","13~14","下水管築造工事において、シールドマシンの準備作業のため地下7階に降りる途中、通気孔の換気窓を閉める際、16m下の地下に墜落した。","3","建設業","301","土木工事業","","","1~9","4","仮設物、建築物、構築物等","41","仮設物、建築物、構築物等","","","1","墜落、転落"
"1982","1994","平成","6","11","13~14","国道のガードレールの撤去作業中、大型トレーラーが突っ込んできた。","3","建設業","301","土木工事業","","","10~29","2","物上げ装置、運搬機械","22","動力運搬機","","","17","交通事故（道路）"
"1983","1994","平成","6","11","13~14","国道のガードレールの撤去作業中、大型トレーラーが突っ込んできた。","3","建設業","301","土木工事業","","","10~29","2","物上げ装置、運搬機械","22","動力運搬機","","","17","交通事故（道路）"
"1984","1994","平成","6","11","14~15","冷凍庫の霜取り装置を取り付ける作業中、冷凍庫内で作業していたフォークリフトが冷凍庫出入口付近のローリングタワーに接触し、そのはずみで作業床から転落した。","3","建設業","303","その他の建設業","","","1~9","2","物上げ装置、運搬機械","22","動力運搬機","","","6","激突され"
"1985","1994","平成","6","11","18~19","給油を終えた乗用車を国道に誘導中、当該乗用車の運転手が、ブレーキとアクセルを間違えて踏んだため、被災者をボンネットに乗せたまま道路に飛び出し、走行してきた大型トレーラーと衝突した。","8","商業","","","","","1~9","2","物上げ装置、運搬機械","23","乗物","","","6","激突され"
"1986","1994","平成","6","11","19~20","サイレンを鳴らして緊急輸送中、交差点でジープと衝突した。","1","製造業","108","化学工業","","","100~299","2","物上げ装置、運搬機械","22","動力運搬機","","","17","交通事故（道路）"
"1987","1994","平成","6","11","3~4","国道を走行中、交差点で停車中のトラックに追突した。","4","運輸交通業","403","道路貨物運送業","","","100~299","2","物上げ装置、運搬機械","22","動力運搬機","","","17","交通事故（道路）"
"1988","1994","平成","6","11","9~10","上水道管埋設工事において、深さ1.8mの所で床掘り作業中、土砂が崩壊した。","3","建設業","301","土木工事業","","","10~29","7","環境等","71","環境等","","","5","崩壊、倒壊"
"1989","1994","平成","6","11","10~11","団地の庭園内において、2.93tユニッククレーンで吊り上げた立木(約800キログラム)をチェーンソーで切断中、一部切断しなかった部分をクレーンを操作して引きちぎったところ、立木が激突した。","6","農林業","601","農業","","","1~9","7","環境等","71","環境等","","","6","激突され"
"1990","1994","平成","6","11","10~11","施設監査のため水抜きした放水路上の通路を歩行中、足を滑らせ約7.5m下のコンクリート床面に墜落した。","1","製造業","116","電気・ガス・水道業","","","30~49","4","仮設物、建築物、構築物等","41","仮設物、建築物、構築物等","","","1","墜落、転落"
"1991","1994","平成","6","11","14~15","垂直に掘削(深さ3m)した地山底部でヒューム管布設の準備作業中、側面が約2mに渡って崩壊した。","3","建設業","301","土木工事業","","","1~9","7","環境等","71","環境等","","","5","崩壊、倒壊"
"1992","1994","平成","6","11","14~15","トラックで走行中、割り込みをしてきた乗用車を避けるため急ブレーキを掛けたところ、荷台に積んであった角パイプが前方にずれ、運転席後ろのキャビンを押し潰した。","4","運輸交通業","403","道路貨物運送業","","","50~99","2","物上げ装置、運搬機械","22","動力運搬機","","","17","交通事故（道路）"
"1993","1994","平成","6","11","14~15","既存の電柱付近に通じる人道を歩行中、足を滑らせ斜面を道路まで転落し、U字溝で頭部を強打した。","3","建設業","303","その他の建設業","","","30~49","7","環境等","71","環境等","","","1","墜落、転落"
"1994","1994","平成","6","11","16~17","道路及び法面工事において、パワー・ショベルにブロック積みの玉掛作業中、パワー・ショベルが斜面を50m転落した。","3","建設業","301","土木工事業","","","1~9","1","動力機械","14","建設機械等","","","1","墜落、転落"
"1995","1994","平成","6","11","18~19","精錬場において、天井クレーン(つり上げ荷重25t)で吊った専用吊具を空の取鍋のハンガーに掛けようとしたところ、吊具が取鍋に接触してフックから外れ、落下した。","1","製造業","113","一般機械器具製造業","","","300~499","2","物上げ装置、運搬機械","21","動力クレーン等","","","4","飛来、落下"
"1996","1994","平成","6","11","23~24","夜間水道工事現場で交通誘導中、乗用車にはねられた。","17","その他の事業","","","","","50~99","2","物上げ装置、運搬機械","23","乗物","","","17","交通事故（道路）"
"1997","1994","平成","6","11","8~9","トラックで商品(建築用資材)を配送するため倉庫へ行った被災者が、荷崩れを起こした荷の下敷きになっていた。","8","商業","","","","","1~9","6","荷","61","荷","","","5","崩壊、倒壊"
"1998","1994","平成","6","11","9~10","5階建ビルの窓ガラス清掃中、ブランコの取付ロープが解け、約15m下のフェンス上に墜落した。","15","清掃・と畜業","","","","","30~49","3","その他の装置等","37","用具","","","1","墜落、転落"
"1999","1994","平成","6","11","10~11","民家のコンクリートブロック塀を解体中、塀が倒れてきた。","3","建設業","302","建築工事業","","","1~9","4","仮設物、建築物、構築物等","41","仮設物、建築物、構築物等","","","5","崩壊、倒壊"
"2000","1994","平成","6","11","12~13","15tトレーラーに積んだシートパイルの下から緩衝角板を取り除こうとした時、シートパイルが異常に動いた弾みで地面に転落し、その上にシートパイルが落下してきた。","4","運輸交通業","403","道路貨物運送業","","","10~29","2","物上げ装置、運搬機械","22","動力運搬機","","","4","飛来、落下"
"2001","1994","平成","6","11","14~15","木造2階建新築住宅の建方終了後、構造部材のボルト増締め作業中、高さ6.3mの梁上から墜落した。","3","建設業","302","建築工事業","","","1~9","4","仮設物、建築物、構築物等","41","仮設物、建築物、構築物等","","","1","墜落、転落"
"2002","1994","平成","6","11","14~15","コンクリートポンプ車で帰社途中、センターラインを越え、対向してきた観光バスと正面衝突した。","8","商業","","","","","10~29","2","物上げ装置、運搬機械","22","動力運搬機","","","17","交通事故（道路）"
"2003","1994","平成","6","11","14~15","ホッパー下部のバイプレーターを修理していた被災者が、修理作業後に投入された砂利に埋もれているのを発見された。","2","鉱業","202","土石採取業","","","10~29","5","物質、材料","52","材料","","","4","飛来、落下"
"2004","1994","平成","6","11","15~16","4tトラックで国道を走行中、前方の大型トラックが赤信号で急停車したため、止まりきれずに追突した。","4","運輸交通業","403","道路貨物運送業","","","10~29","2","物上げ装置、運搬機械","22","動力運搬機","","","17","交通事故（道路）"
"2005","1994","平成","6","11","15~16","乗用車で国道を走行中、交差点で信号柱に衝突した。","8","商業","","","","","10~29","2","物上げ装置、運搬機械","23","乗物","","","17","交通事故（道路）"
"2006","1994","平成","6","11","16~17","移動式クレーンでトラックより杭打機のステイを荷卸し中、玉掛ワイヤロープがフックから外れて落下し、玉掛作業をしていた被災者が荷の下敷きになった。","4","運輸交通業","403","道路貨物運送業","","","1~9","3","その他の装置等","37","用具","","","4","飛来、落下"
"2007","1994","平成","6","11","16~17","トレーラーで国道を走行中、運転を誤り水銀灯に激突した。","4","運輸交通業","403","道路貨物運送業","","","10~29","2","物上げ装置、運搬機械","22","動力運搬機","","","17","交通事故（道路）"
"2008","1994","平成","6","11","17~18","ゴンドラを使用し清掃作業終了後、通路ではない配管部分を歩いていたところ、5m下に墜落した。","17","その他の事業","","","","","10~29","4","仮設物、建築物、構築物等","41","仮設物、建築物、構築物等","","","1","墜落、転落"
"2009","1994","平成","6","11","7~8","建物6階(高さ約22m)の印画紙巻き取り自動ラインで異常が発生し、異常状態の印画紙ロールがコンベヤーで自動倉庫内に送られたため、自動倉庫内のゲートに入って確認中、1階まで墜落した。","1","製造業","108","化学工業","","","500~999","4","仮設物、建築物、構築物等","41","仮設物、建築物、構築物等","","","1","墜落、転落"
"2010","1994","平成","6","11","9~10","タクシー乗務中、踏切で列車と衝突した。","4","運輸交通業","402","道路旅客運送業","","","10~29","2","物上げ装置、運搬機械","23","乗物","","","18","交通事故（その他）"
"2011","1994","平成","6","11","11~12","2階建住宅の空調室外機をホイストで地上から屋上に移設する際、当該ホイストを取り付ける段取りのため、屋上のパラペット(高さ約60センチメートル)に上がっていたところ、バランスを崩し約7m下の地上に墜落した。","3","建設業","303","その他の建設業","","","10~29","4","仮設物、建築物、構築物等","41","仮設物、建築物、構築物等","","","1","墜落、転落"
"2012","1994","平成","6","11","13~14","樹木移植作業において、樹木を支えている支柱を撤去するため、高さ3.8mの所で支柱の結束を取り外していたところ、つかまった枝が折れ、地上に墜落した。","3","建設業","301","土木工事業","","","1~9","7","環境等","71","環境等","","","1","墜落、転落"
"2013","1994","平成","6","11","14~15","下水処理場築造現場において、クライミングクレーンの解体に伴い据付基礎部分のコンクリート打設のための型枠組立作業中、作業箇所近くに出来た溜まり水(水深約2m)に落ちた。","3","建設業","301","土木工事業","","","30~49","4","仮設物、建築物、構築物等","41","仮設物、建築物、構築物等","","","10","おぼれ"
"2014","1994","平成","6","11","17~18","トラックに同乗して走行中、電柱に衝突した。","8","商業","","","","","30~49","2","物上げ装置、運搬機械","23","乗物","","","17","交通事故（道路）"
"2015","1994","平成","6","11","17~18","工場内においてポンプの試運転中、電線接続部に接触した。","1","製造業","113","一般機械器具製造業","","","50~99","1","動力機械","11","原動機（電動機を除く）","","","13","感電"
"2016","1994","平成","6","11","18~19","大根漬け作業を終え後片付け中、空の大根漬槽(3×3×3m)に転落した。","1","製造業","101","食料品製造業","","","50~99","4","仮設物、建築物、構築物等","41","仮設物、建築物、構築物等","","","1","墜落、転落"
"2017","1994","平成","6","11","9~10","構内近くのトイレから現場に戻る際、停車していたトラックの影から出てきたフォークリフトと激突した。","3","建設業","303","その他の建設業","","","30~49","2","物上げ装置、運搬機械","22","動力運搬機","","","6","激突され"
"2018","1994","平成","6","11","9~10","ブロック積み工事において、路肩に据えたドラグ・ショベルによりブロック埋込用生コンをバケットで運んでいたところ、路肩が崩れてドラグ・ショベルが転落し、下方にいた被災者がその下敷きになった。","3","建設業","301","土木工事業","","","30~49","1","動力機械","14","建設機械等","","","1","墜落、転落"
"2019","1994","平成","6","11","10~11","河川護岸ブロック張工の作業中、バックホウで吊り上げたプレキャストコンクリート床版を護岸法面最上部に据付後、吊り金具を外し、オペレーターが吊り金具を引き上げたところ、金具が床版に引っかかったため床版上で作業していた被災者がバランスを崩し、法面下へ転落した。","3","建設業","301","土木工事業","","","1~9","4","仮設物、建築物、構築物等","41","仮設物、建築物、構築物等","","","5","崩壊、倒壊"
"2020","1994","平成","6","11","10~11","下水管埋設工事において、溝内(深さ約2.2m、幅約1.2m)で床づけ作業中、掘削面が崩壊した。","3","建設業","301","土木工事業","","","1~9","7","環境等","71","環境等","","","5","崩壊、倒壊"
"2021","1994","平成","6","11","12~13","4tトラックで国道を走行中、信号待ち中の10tトラックに衝突した。","4","運輸交通業","403","道路貨物運送業","","","10~29","2","物上げ装置、運搬機械","22","動力運搬機","","","17","交通事故（道路）"
"2022","1994","平成","6","11","14~15","乾燥装置設置工事において、当該装置内底部で溶接状況検査のためカラーチェック用の溶剤を多量に使ったところ、近くでアーク溶接作業を行っていたため、その火花が点火源となり火災が発生した。","3","建設業","303","その他の建設業","","","1~9","5","物質、材料","51","危険物、有害物等","","","16","火災"
"2023","1994","平成","6","11","14~15","乾燥装置設置工事において、当該装置内底部で溶接状況検査のためカラーチェック用の溶剤を多量に使ったところ、近くでアーク溶接作業を行っていたため、その火花が点火源となり火災が発生した。","3","建設業","303","その他の建設業","","","1~9","5","物質、材料","51","危険物、有害物等","","","16","火災"
"2024","1994","平成","6","11","14~15","砂防ダム建設現場で掘削作業中、岩盤に当たったためコンクリート破砕器(CCR)を使ったところ、約30m離れた所で作業中の被災者が、胸部圧迫で死亡した。","3","建設業","301","土木工事業","","","10~29","5","物質、材料","51","危険物、有害物等","","","14","爆発"
"2025","1994","平成","6","11","16~17","採石場において、5段ベンチのオーバハング部分に発破をかけて崩落させた後、発破用母線を回収しながら移動中、5段ベンチ部分が幅10m、長さ50mに渡って崩壊した。","2","鉱業","202","土石採取業","","","10~29","7","環境等","71","環境等","","","5","崩壊、倒壊"
"2026","1994","平成","6","11","17~18","事業場敷地内を歩行中、走行してきたトラックに激突された。","9","金融・広告業","","","","","1~9","2","物上げ装置、運搬機械","22","動力運搬機","","","6","激突され"
"2027","1994","平成","6","11","1~2","交差点の交通事故発生現場において、事故損害程度の検分中、加害者の車にはねられた。","4","運輸交通業","402","道路旅客運送業","","","500~999","2","物上げ装置、運搬機械","23","乗物","","","17","交通事故（道路）"
"2028","1994","平成","6","11","8~9","揚荷装置を使い木材を船から降ろす作業中、ワイヤを通していた3本の丸太のうち最上部のものが落下し、玉掛作業中の被災者に当たった。","5","貨物取扱業","502","港湾運送業","","","300~499","6","荷","61","荷","","","4","飛来、落下"
"2029","1994","平成","6","11","14~15","個人住宅の庭木剪定作業において、竹製三脚梯子を立て2方向にロープで控を取り、1方向は道路を隔てた支柱に取っていたところ、走行してきたトラックがロープを引っかけ、梯子が倒れて墜落した。","6","農林業","602","林業","","","1~9","3","その他の装置等","37","用具","","","1","墜落、転落"
"2030","1994","平成","6","11","14~15","国道改築現場の法面上において型枠の準備作業中、上方から石(約40キログラム)が落ちてきて当たり、そのまま約16m下に転落した。","3","建設業","301","土木工事業","","","10~29","7","環境等","71","環境等","","","4","飛来、落下"
"2031","1994","平成","6","11","16~17","ワゴン車に同乗し採石現場より帰社途中、対向車線にはみ出し、対向してきた大型ダンプカーと正面衝突した。","3","建設業","302","建築工事業","","","30~49","2","物上げ装置、運搬機械","23","乗物","","","17","交通事故（道路）"
"2032","1994","平成","6","11","0~1","大型トレーラーで走行中、カーブでセンターラインを越え、ガードレールに衝突した。","4","運輸交通業","403","道路貨物運送業","","","10~29","2","物上げ装置、運搬機械","22","動力運搬機","","","17","交通事故（道路）"
"2033","1994","平成","6","11","2~3","レストラン閉店後、拳銃を持った強盗が裏口から侵入し、被災者の口にガムテープを貼る際、発砲した。","14","接客娯楽業","","","","","30~49","9","その他","91","その他の起因物","","","90","その他"
"2034","1994","平成","6","11","5~6","バイクで新聞配達中、交差点でライトバンにはねられた。","8","商業","","","","","50~99","2","物上げ装置、運搬機械","22","動力運搬機","","","17","交通事故（道路）"
"2035","1994","平成","6","11","8~9","土砂に埋まった海中の型枠を解体するためドラグ・ショベルで掘削作業中、潜水作業中の被災者をバケットで引っ掛けた。","3","建設業","301","土木工事業","","","10~29","1","動力機械","14","建設機械等","","","6","激突され"
"2036","1994","平成","6","11","8~9","港内で漁船と給油船が衝突し、漁船乗組員である被災者が、海中に転落した。","7","畜産・水産業","","","","","1~9","2","物上げ装置、運搬機械","23","乗物","","","18","交通事故（その他）"
"2037","1994","平成","6","11","9~10","鉄骨組立作業中、鉄骨梁上より16m下の3階床まで墜落した。","3","建設業","302","建築工事業","","","1~9","4","仮設物、建築物、構築物等","41","仮設物、建築物、構築物等","","","1","墜落、転落"
"2038","1994","平成","6","11","9~10","工場内で自動車のアルミバンをふいていたところ、足場にしていたリフター(高さ1.5m)から墜落した。","1","製造業","115","輸送用機械等製造業","","","100~299","3","その他の装置等","39","その他の装置、設備","","","1","墜落、転落"
"2039","1994","平成","6","11","11~12","河川改修工事現場において、側壁の土砂崩壊防止のため鋼矢板を使って防護した直後に土砂崩壊し、ポンプの点検をしていた被災者が下敷きになった。","3","建設業","301","土木工事業","","","10~29","7","環境等","71","環境等","","","5","崩壊、倒壊"
"2040","1994","平成","6","11","12~13","出張先で生コンクリート製造設備であるバッチャープラントを視察中、当該プラント2階踊り場から転落した。","8","商業","","","","","50~99","4","仮設物、建築物、構築物等","41","仮設物、建築物、構築物等","","","1","墜落、転落"
"2041","1994","平成","6","11","15~16","工場内の廃止したボイラー及びその建屋(5層)の解体作業中、作業床上の工具等を片付けていたところ、23.2m下の地上に転落した。","3","建設業","302","建築工事業","","","10~29","4","仮設物、建築物、構築物等","41","仮設物、建築物、構築物等","","","1","墜落、転落"
"2042","1994","平成","6","11","16~17","事業場でトラックから荷をおろす際、被災者が荷台後部のあおりを開けた後、同僚がトラックを後進させたところ、トラックとプラットホームの間に挟まれた。","4","運輸交通業","403","道路貨物運送業","","","10~29","2","物上げ装置、運搬機械","22","動力運搬機","","","7","はさまれ、巻き込まれ"
"2043","1994","平成","6","11","16~17","小型移動式クレーン(つり上げ荷重2.9t)で運んできた角材をおろす作業中、アウトリガーを張り出していなかったためクレーンが横転し、荷台に積んでいた角材の下敷きになった。","4","運輸交通業","403","道路貨物運送業","","","10~29","2","物上げ装置、運搬機械","21","動力クレーン等","","","4","飛来、落下"
"2044","1994","平成","6","11","1~2","青信号で交差点に入ったところ、信号を無視して来た乗用車に衝突された。","4","運輸交通業","402","道路旅客運送業","","","30~49","2","物上げ装置、運搬機械","23","乗物","","","17","交通事故（道路）"
"2045","1994","平成","6","11","1~2","ガス管修理工事終了後、バックホウをダンプカーに載せるため道路で安全確認誘導中、走行してきたトラックにはねられた。","3","建設業","303","その他の建設業","","","50~99","2","物上げ装置、運搬機械","22","動力運搬機","","","17","交通事故（道路）"
"2046","1994","平成","6","11","2~3","トラックで高速道路を走行中、前方の事故のため徐行運転中のトラックに追突した。","4","運輸交通業","403","道路貨物運送業","","","50~99","2","物上げ装置、運搬機械","22","動力運搬機","","","17","交通事故（道路）"
"2047","1994","平成","6","11","2~3","紙ロールを運搬中、国道で信号待ち中のトラックに追突した。","4","運輸交通業","403","道路貨物運送業","","","10~29","2","物上げ装置、運搬機械","22","動力運搬機","","","17","交通事故（道路）"
"2048","1994","平成","6","11","2~3","9.5tトラックで高速道路を走行中、前方で停止した大型トラックに追突した。","4","運輸交通業","403","道路貨物運送業","","","30~49","2","物上げ装置、運搬機械","22","動力運搬機","","","17","交通事故（道路）"
"2049","1994","平成","6","11","5~6","10tトラックで高速道路を走行中、停車中のトラックに追突した。","4","運輸交通業","403","道路貨物運送業","","","10~29","2","物上げ装置、運搬機械","22","動力運搬機","","","17","交通事故（道路）"
"2050","1994","平成","6","11","8~9","ライトバンで国道を走行中、センターラインを越え、対向してきた大型トラックと正面衝突した。","3","建設業","301","土木工事業","","","50~99","2","物上げ装置、運搬機械","23","乗物","","","17","交通事故（道路）"
"2051","1994","平成","6","11","11~12","チェーンブロックで制圧器を吊り上げ、別のチェーンブロックで横引きしていたところ、吊りチェーンブロックのフックから荷掛け用ワイヤロープ等が外れ、制圧器に乗っていた被災者が落下した。","3","建設業","303","その他の建設業","","","1~9","3","その他の装置等","36","人力機械工具等","","","1","墜落、転落"
"2052","1994","平成","6","11","15~16","鉄骨の骨組み作業に伴う母屋の取付作業中、高さ4.95mの合掌から足を滑らせ地面に墜落した。","3","建設業","302","建築工事業","","","1~9","4","仮設物、建築物、構築物等","41","仮設物、建築物、構築物等","","","1","墜落、転落"
"2053","1994","平成","6","11","17~18","乗用車に同乗して走行中、脇道から出てきた乗用車と衝突した。","9","金融・広告業","","","","","50~99","2","物上げ装置、運搬機械","23","乗物","","","17","交通事故（道路）"
"2054","1994","平成","6","11","11~12","高速道路の舗装工事中、アスファルトフィシャーのスコップマンである被災者が、アスファルトを最終転圧していたタイヤローラーに激突された。","3","建設業","301","土木工事業","","","10~29","1","動力機械","14","建設機械等","","","6","激突され"
"2055","1994","平成","6","11","11~12","資材置場において、脚立上で鉄骨材をガス溶断中、後方に置かれていた鉄骨材に触れたため鉄骨材がずれ、脚立との間に挟まれた。","1","製造業","112","金属製品製造業","","","1~9","5","物質、材料","52","材料","","","7","はさまれ、巻き込まれ"
"2056","1994","平成","6","11","13~14","連続プレスラインで金型の取替作業中、型交換装置の定板と台車の間に足を挟まれた。","1","製造業","115","輸送用機械等製造業","","","50~99","1","動力機械","16","一般動力機械","","","7","はさまれ、巻き込まれ"
"2057","1994","平成","6","11","5~6","タクシー乗務中、客に撲殺された。","4","運輸交通業","402","道路旅客運送業","","","100~299","9","その他","99","分類不能","","","99","分類不能"
"2058","1994","平成","6","11","6~7","鉛溶解炉の点検のため早朝出社し、社用車の中で一酸化炭素中毒になった。","1","製造業","111","非鉄金属製造業","","","10~29","5","物質、材料","51","危険物、有害物等","","","12","有害物等との接触"
"2059","1994","平成","6","11","9~10","揚貨装置で20フィートコンテナを本船から岸壁へおろす作業中、コンテナの四端に玉掛したワイヤを張るため巻き上げたところ、コンテナが傾き、コンテナ上の被災者が16m下の船底に墜落した。","5","貨物取扱業","502","港湾運送業","","","100~299","2","物上げ装置、運搬機械","21","動力クレーン等","","","1","墜落、転落"
"2060","1994","平成","6","11","11~12","エレベータの搬器上で点検作業中、搬器の上昇により昇降路内の鉄枠との間に挟まれ、12m下の昇降路底部に墜落した。","1","製造業","117","その他の製造業","","","10~29","2","物上げ装置、運搬機械","21","動力クレーン等","","","7","はさまれ、巻き込まれ"
"2061","1994","平成","6","11","13~14","ゴルフ場のラフを乗用芝刈機で芝刈り中、斜面を降りる途中で芝刈機ごと横転し、放り出された。","14","接客娯楽業","","","","","10~29","1","動力機械","16","一般動力機械","","","2","転倒"
"2062","1994","平成","6","11","13~14","ゴンドラリフトの事故に対する救助訓練中、索条走行装置を使い空中に停止しているゴンドラリフトに乗り移る際、装置が主索から外れ20m下に墜落した。","14","接客娯楽業","","","","","100~299","3","その他の装置等","36","人力機械工具等","","","1","墜落、転落"
"2063","1994","平成","6","11","14~15","トレンチャーを使い排水用暗渠施設工事中、工事用材料の片付けをしていた被災者が、後進してきたトレンチャーにひかれた。","3","建設業","301","土木工事業","","","1~9","1","動力機械","14","建設機械等","","","7","はさまれ、巻き込まれ"
"2064","1994","平成","6","11","14~15","10階建共同住宅の防水工事のため枠組足場上で吹付塗装中、足場から建物へ移動する際、足場と躯体の間(約40センチメートル)から約26m下の地上へ墜落した。","3","建設業","302","建築工事業","","","10~29","4","仮設物、建築物、構築物等","41","仮設物、建築物、構築物等","","","1","墜落、転落"
"2065","1994","平成","6","11","16~17","混合機で作業中、スクリューと混合機本体の間に挟まれた。","1","製造業","108","化学工業","","","500~999","1","動力機械","16","一般動力機械","","","7","はさまれ、巻き込まれ"
"2066","1994","平成","6","11","17~18","立て掛けてあったステンレス鋼板(1.22×2.44m、厚さ3ミリメートル:8枚、厚さ1ミリメートル:31枚)の中から、厚さ1ミリメートルの鋼板を抜き取ろうとしたところ、厚さ3ミリメートルの鋼板8枚が倒れてきた。","1","製造業","112","金属製品製造業","","","10~29","5","物質、材料","52","材料","","","5","崩壊、倒壊"
"2067","1994","平成","6","11","0~1","高速道路を走行中、大型車に追突した。","4","運輸交通業","403","道路貨物運送業","","","100~299","2","物上げ装置、運搬機械","22","動力運搬機","","","17","交通事故（道路）"
"2068","1994","平成","6","11","5~6","自転車で新聞配達中、交差点で乗用車と衝突した。","8","商業","","","","","1~9","2","物上げ装置、運搬機械","23","乗物","","","17","交通事故（道路）"
"2069","1994","平成","6","11","9~10","トラック積載型移動式クレーン(つり上げ荷重2.8t)でコンクリート排水桝(1t)を吊り上げ旋回した際、アウトリガーの敷角が折れたためトラックが転倒し、クレーンを操作していた被災者が下敷きになった。","3","建設業","301","土木工事業","","","1~9","2","物上げ装置、運搬機械","21","動力クレーン等","","","2","転倒"
"2070","1994","平成","6","11","10~11","スケートリンク内側のテニスコートのネットを片付けるためリンクを渡ろうとしたところ、滑走してきた客と激突し、リンクで頭部を強打した。","14","接客娯楽業","","","","","10~29","4","仮設物、建築物、構築物等","41","仮設物、建築物、構築物等","","","6","激突され"
"2071","1994","平成","6","11","10~11","乗用車で患者宅へ向う途中、交差点でトラックと衝突した。","13","保健・衛生業","","","","","10~29","2","物上げ装置、運搬機械","23","乗物","","","17","交通事故（道路）"
"2072","1994","平成","6","11","11~12","電気配線に使う金属管の取付工事中、梯子に乗り電気ドリルで鉄骨柱に穴を開けていたところ、1.5m下のコンクリート床に転落した。","3","建設業","302","建築工事業","","","1~9","3","その他の装置等","37","用具","","","1","墜落、転落"
"2073","1994","平成","6","11","11~12","隧道履行工事現場において、小型ドラグ・ショベルでずりを積む作業中、後進した際に掘削面上部と運転席のロールバーに挟まれた。","3","建設業","301","土木工事業","","","1~9","1","動力機械","14","建設機械等","","","7","はさまれ、巻き込まれ"
"2074","1994","平成","6","11","16~17","木造家屋建築現場において、2階作業床で筋交いを仮釘止め中、開口部より3.2m下に墜落した。","3","建設業","302","建築工事業","","","1~9","4","仮設物、建築物、構築物等","41","仮設物、建築物、構築物等","","","1","墜落、転落"
"2075","1994","平成","6","11","16~17","スイミングクラブの生徒を乗せたマイクロバスを運転中、市道交差点でトラックと衝突した。","14","接客娯楽業","","","","","10~29","2","物上げ装置、運搬機械","23","乗物","","","17","交通事故（道路）"
"2076","1994","平成","6","11","17~18","1階庇部分の垂木を釘で固定する作業中、高さ3.23mからアスファルト道路上に墜落した。","3","建設業","302","建築工事業","","","1~9","4","仮設物、建築物、構築物等","41","仮設物、建築物、構築物等","","","1","墜落、転落"
"2077","1994","平成","6","11","4~5","納品後、車両後部扉を閉めていたところ、ルートバン(2t車)が追突してきた。","4","運輸交通業","403","道路貨物運送業","","","50~99","2","物上げ装置、運搬機械","22","動力運搬機","","","17","交通事故（道路）"
"2078","1994","平成","6","11","5~6","トラックで走行中、後続の大型トラックに追突されてガードレールを突き破り、20m下の川に転落した。","4","運輸交通業","403","道路貨物運送業","","","100~299","2","物上げ装置、運搬機械","22","動力運搬機","","","17","交通事故（道路）"
"2079","1994","平成","6","11","9~10","船揚げ場でトラクター・ショベルで船を押し出した後の片付け作業中、停車してあったトラクター・ショベルが突然動きだし、これを停めようとして左後輪にひかれた。","7","畜産・水産業","","","","","10~29","1","動力機械","14","建設機械等","","","7","はさまれ、巻き込まれ"
"2080","1994","平成","6","11","13~14","バイクで集金先に向う途中、交差点を右折する際、トラックにはねられた。","8","商業","","","","","10~29","2","物上げ装置、運搬機械","23","乗物","","","17","交通事故（道路）"
"2081","1994","平成","6","11","13~14","伐木作業中、伐採していた立木が割れ、倒れてきた。","6","農林業","601","農業","","","10~29","7","環境等","71","環境等","","","6","激突され"
"2082","1994","平成","6","11","15~16","鉄骨材買い取りのため、解体工事現場でトラックの運転席屋根上に立ち、重機のオペレーターに積み込みの指示をしていたところ、誤って3m下のアスファルト上に墜落した。","1","製造業","112","金属製品製造業","","","10~29","2","物上げ装置、運搬機械","22","動力運搬機","","","1","墜落、転落"
"2083","1994","平成","6","11","15~16","斜面(勾配35度)上で伐倒木の処理作業中、17m転落した。","3","建設業","301","土木工事業","","","1~9","7","環境等","71","環境等","","","1","墜落、転落"
"2084","1994","平成","6","11","16~17","現場よりワゴン車で帰宅途中、林道から約80m下の谷に転落した。","6","農林業","601","農業","","","10~29","2","物上げ装置、運搬機械","23","乗物","","","17","交通事故（道路）"
"2085","1994","平成","6","11","16~17","現場よりワゴン車で帰宅途中、林道から約80m下の谷に転落した。","6","農林業","601","農業","","","10~29","2","物上げ装置、運搬機械","23","乗物","","","17","交通事故（道路）"
"2086","1994","平成","6","11","9~10","地下電気室内の電灯盤、動力盤の電力計の端子取替工事中、6600V端子に接触した。","3","建設業","302","建築工事業","","","1~9","3","その他の装置等","35","電気設備","","","13","感電"
"2087","1994","平成","6","11","13~14","林道脇にはい積みした材木上で材木の均し作業中、はい積み材の支柱が折れてはい崩れを起こし、材木とともに林道脇の崖下に転落した。","6","農林業","601","農業","","","1~9","5","物質、材料","52","材料","","","1","墜落、転落"
"2088","1994","平成","6","11","15~16","ヘルメット式潜水器を着用し海中で丁張作業を行っていたが、インターホンの応答がないため引き上げたところ、死亡していた。","3","建設業","301","土木工事業","","","30~49","9","その他","99","分類不能","","","99","分類不能"
"2089","1994","平成","6","11","7~8","トラックから原木をおろすため荷台のステッキを取り外していたところ、原木を束ねていたワイヤロープの止め金が外れ、荷崩れを起こした原木が当たった。","4","運輸交通業","403","道路貨物運送業","","","10~29","6","荷","61","荷","","","4","飛来、落下"
"2090","1994","平成","6","11","9~10","高所作業車の搬器上で工場屋根の鉄骨ボルトを塗装中、造船作業に使う天井クレーンに激突され、地面に墜落した。","3","建設業","302","建築工事業","","","1~9","2","物上げ装置、運搬機械","21","動力クレーン等","","","6","激突され"
"2091","1994","平成","6","11","9~10","体育館等建築現場において外部足場を解体中、ビティ足場8段目の布枠から12.4m下の地上に墜落した。","3","建設業","302","建築工事業","","","1~9","4","仮設物、建築物、構築物等","41","仮設物、建築物、構築物等","","","1","墜落、転落"
"2092","1994","平成","6","11","10~11","集材作業中、土場で玉切りしていた被災者に、切断した荷揚げ索(径12ミリメートル)が当たった。","6","農林業","601","農業","","","1~9","2","物上げ装置、運搬機械","21","動力クレーン等","","","4","飛来、落下"
"2093","1994","平成","6","11","11~12","客先より帰社途中、対向車線にはみ出し、対向してきた大型トラックと正面衝突した。","8","商業","","","","","10~29","2","物上げ装置、運搬機械","23","乗物","","","17","交通事故（道路）"
"2094","1994","平成","6","11","13~14","アルミサッシの重量測定のためフォークリフトのフォークに鉄製箱を載せ、計量器上に乗ろうとフォークリフトを前進させたところ、左前輪が計量器脇の傾斜を踏み外し横転した。","1","製造業","111","非鉄金属製造業","","","1~9","2","物上げ装置、運搬機械","22","動力運搬機","","","2","転倒"
"2095","1994","平成","6","11","14~15","足場上で壁にドリルで穴を開けていたところ、ドリルが壁から抜けなくなり、引き抜こうとしてバランスを崩し、2.25m下に転落した。","3","建設業","301","土木工事業","","","10~29","4","仮設物、建築物、構築物等","41","仮設物、建築物、構築物等","","","1","墜落、転落"
"2096","1994","平成","6","11","15~16","庭木の剪定作業中、立木から墜落した。","6","農林業","602","林業","","","1~9","7","環境等","71","環境等","","","1","墜落、転落"
"2097","1994","平成","6","11","16~17","レンタカーで集金業務中、国道で大型クレーンと正面衝突した。","9","金融・広告業","","","","","1~9","2","物上げ装置、運搬機械","23","乗物","","","17","交通事故（道路）"
"2098","1994","平成","6","11","16~17","レンタカーで集金業務中、国道で大型クレーンと正面衝突した。","9","金融・広告業","","","","","1~9","2","物上げ装置、運搬機械","23","乗物","","","17","交通事故（道路）"
"2099","1994","平成","6","11","18~19","校舎屋根上部の型枠を組立中、足場から約7m下の地上に墜落した。","3","建設業","302","建築工事業","","","10~29","4","仮設物、建築物、構築物等","41","仮設物、建築物、構築物等","","","1","墜落、転落"
"2100","1994","平成","6","11","7~8","ワゴン車で工事現場へ向う途中、凍結路面でスリップし、路外に転落した。","3","建設業","301","土木工事業","","","10~29","2","物上げ装置、運搬機械","23","乗物","","","17","交通事故（道路）"
"2101","1994","平成","6","11","7~8","ワゴン車で工事現場へ向う途中、凍結路面でスリップし、路外に転落した。","3","建設業","301","土木工事業","","","10~29","2","物上げ装置、運搬機械","23","乗物","","","17","交通事故（道路）"
"2102","1994","平成","6","11","11~12","木造家屋新築現場で整地作業中、ブロック塀(1.7×12m)が倒れてきた。","3","建設業","302","建築工事業","","","1~9","4","仮設物、建築物、構築物等","41","仮設物、建築物、構築物等","","","5","崩壊、倒壊"
"2103","1994","平成","6","11","11~12","山林内で伐木作業中、同僚が伐倒した木が近くの枯木に接触し、根元から折れた枯木が被災者に激突した。","6","農林業","601","農業","","","1~9","7","環境等","71","環境等","","","6","激突され"
"2104","1994","平成","6","11","12~13","林道新設工事に伴う測量作業に従事していた被災者が、昼休みのため起点付近に引き返す途中、山肌(勾配57度)より足を滑らせ、約29m下に転落した。","3","建設業","301","土木工事業","","","1~9","7","環境等","71","環境等","","","1","墜落、転落"
"2105","1994","平成","6","11","14~15","公園の樹木の剪定作業中、切断する枝が地面に落ちないように移動式クレーンで吊り、地上約7mの所で枝を切ったところ、切断した枝が揺れた反動でバランスを崩し、歩道に墜落した。","6","農林業","602","林業","","","10~29","7","環境等","71","環境等","","","1","墜落、転落"
"2106","1994","平成","6","11","5~6","新聞配達中、国道で乗用車にはねられた。","8","商業","","","","","30~49","9","その他","99","分類不能","","","17","交通事故（道路）"
"2107","1994","平成","6","11","6~7","積載型トラッククレーンより「コンクリートだめ」をクレーンでおろそうとしたところ横転し、ガードレールとクレーンの間に挟まれた。","3","建設業","301","土木工事業","","","10~29","2","物上げ装置、運搬機械","21","動力クレーン等","","","7","はさまれ、巻き込まれ"
"2108","1994","平成","6","11","8~9","突堤新設工事において、ドラグ・ショベルで海中の捨て石を均していたところ、その付近に潜っていた被災者が、何らかの原因で負傷した。","3","建設業","301","土木工事業","","","1~9","5","物質、材料","52","材料","","","4","飛来、落下"
"2109","1994","平成","6","11","8~9","鉄骨3階建家屋解体工事において、鉄骨補強材を伝って2階スラブへ上がる際、約2m下のコンクリート上に墜落した。","3","建設業","302","建築工事業","","","1~9","4","仮設物、建築物、構築物等","41","仮設物、建築物、構築物等","","","1","墜落、転落"
"2110","1994","平成","6","11","9~10","国道の草刈作業中、タンクローリーが作業車に追突した。","6","農林業","602","林業","","","10~29","2","物上げ装置、運搬機械","22","動力運搬機","","","17","交通事故（道路）"
"2111","1994","平成","6","11","9~10","国道の草刈作業中、タンクローリーが作業車に追突した。","6","農林業","602","林業","","","10~29","2","物上げ装置、運搬機械","22","動力運搬機","","","17","交通事故（道路）"
"2112","1994","平成","6","11","11~12","普通トラックで高速道路を運転中、渋滞で停車していたところ、3tトラックに追突された。","8","商業","","","","","1~9","2","物上げ装置、運搬機械","22","動力運搬機","","","17","交通事故（道路）"
"2113","1994","平成","6","11","14~15","鉄骨3階建工事現場において、3階梁下の吊り足場上で鉄骨ブレスのボルト締め作業中、足を滑らせ約8.3m下の地面に墜落した。","3","建設業","302","建築工事業","","","1~9","4","仮設物、建築物、構築物等","41","仮設物、建築物、構築物等","","","1","墜落、転落"
"2114","1994","平成","6","11","15~16","トラック荷台上のアルミサッシ形材用4段積ラックとフォークリフトを専用治具で繋いだ後、ラックを荷台中央から端まで引き動かし、治具を外そうとしたところ、ラックが倒れてきた。","4","運輸交通業","403","道路貨物運送業","","","30~49","6","荷","61","荷","","","5","崩壊、倒壊"
"2115","1994","平成","6","11","16~17","コンクリート破砕機で外部階段の2階踊り場を解体中、踊り場が崩れ、5m下の地面に墜落した。","3","建設業","302","建築工事業","","","1~9","4","仮設物、建築物、構築物等","41","仮設物、建築物、構築物等","","","1","墜落、転落"
"2116","1994","平成","6","11","18~19","トレーラーでブル・ドーザーを搬送中、トレーラーが脱輪したためブル・ドーザーが荷台から転落し、ブル・ドーザーの運転席にいた被災者も一緒に転落した。","3","建設業","301","土木工事業","","","10~29","1","動力機械","14","建設機械等","","","1","墜落、転落"
"2117","1994","平成","6","11","22~23","10tトラックで高速道路を走行中、渋滞で停車中のトラックに追突した。","4","運輸交通業","403","道路貨物運送業","","","30~49","2","物上げ装置、運搬機械","22","動力運搬機","","","17","交通事故（道路）"
"2118","1994","平成","6","12","9~10","資材倉庫2階より浄化槽を降ろす際、フォークリフトに載せるため後向きで作業中、2階作業床端部から墜落した。","8","商業","","","","","10~29","4","仮設物、建築物、構築物等","41","仮設物、建築物、構築物等","","","1","墜落、転落"
"2119","1994","平成","6","12","11~12","配管塗装作業用に組み立てていた枠組足場を解体中、高さ約8mから墜落した。","3","建設業","302","建築工事業","","","1~9","4","仮設物、建築物、構築物等","41","仮設物、建築物、構築物等","","","1","墜落、転落"
"2120","1994","平成","6","12","15~16","出張作業先から宿舎への帰途、対向してきたトラックに正面衝突された。","17","その他の事業","","","","","50~99","2","物上げ装置、運搬機械","22","動力運搬機","","","17","交通事故（道路）"
"2121","1994","平成","6","12","20~21","シールド工事立坑内でパワー・ショベルを操作中、掘削用クラムシェルのバケットがパワー・ショベルの排土板に接触したためショベルが傾き、ヘッドガードと連壁の間に挟まれた。","3","建設業","301","土木工事業","","","10~29","1","動力機械","14","建設機械等","","","7","はさまれ、巻き込まれ"
"2122","1994","平成","6","12","22~23","10tトラックで高速道路を走行中、事故を起こした前車の3tトラックに追突した。","4","運輸交通業","403","道路貨物運送業","","","10~29","2","物上げ装置、運搬機械","22","動力運搬機","","","17","交通事故（道路）"
"2123","1994","平成","6","12","5~6","1tトラック(冷凍車)で国道を走行中、バックホウの積み卸し作業中のトレーラーに追突した。","8","商業","","","","","10~29","2","物上げ装置、運搬機械","22","動力運搬機","","","17","交通事故（道路）"
"2124","1994","平成","6","12","5~6","大型トラックで国道を走行中、前車に追突した。","4","運輸交通業","403","道路貨物運送業","","","30~49","2","物上げ装置、運搬機械","22","動力運搬機","","","17","交通事故（道路）"
"2125","1994","平成","6","12","6~7","徒歩で新聞配達中、国道を横断していたところ、普通トラックにはねられた。","8","商業","","","","","50~99","2","物上げ装置、運搬機械","22","動力運搬機","","","17","交通事故（道路）"
"2126","1994","平成","6","12","9~10","コンベヤーに付いたざらめ糖をエアガンで取り除く作業中、コンベヤー内部に身体を挟まれた。","8","商業","","","","","10~29","2","物上げ装置、運搬機械","22","動力運搬機","","","7","はさまれ、巻き込まれ"
"2127","1994","平成","6","12","10~11","工場内で梯子を昇降中、梯子の転位防止措置が不十分であったため梯子が滑り、そのはずみで床面に墜落した。","1","製造業","115","輸送用機械等製造業","","","500~999","3","その他の装置等","37","用具","","","1","墜落、転落"
"2128","1994","平成","6","12","11~12","製油所構内のパージ場において、タンクローリーのガスパージ作業中、タンク上部から墜落した。","4","運輸交通業","403","道路貨物運送業","","","50~99","2","物上げ装置、運搬機械","22","動力運搬機","","","1","墜落、転落"
"2129","1994","平成","6","12","11~12","野積みされた廃材上でドラグ・ショベルを運転中、同機が転倒した。","15","清掃・と畜業","","","","","1~9","1","動力機械","14","建設機械等","","","2","転倒"
"2130","1994","平成","6","12","11~12","木造住宅建築現場において、1階屋根の瓦葺き作業中、高さ約4.4mの屋根から墜落した。","3","建設業","302","建築工事業","","","10~29","4","仮設物、建築物、構築物等","41","仮設物、建築物、構築物等","","","1","墜落、転落"
"2131","1994","平成","6","12","14~15","橋梁補修用吊り足場(高さ8m)の解体作業中、墜落した。","3","建設業","301","土木工事業","","","1~9","4","仮設物、建築物、構築物等","41","仮設物、建築物、構築物等","","","1","墜落、転落"
"2132","1994","平成","6","12","14~15","ユニック車で吊り上げた型枠を波返し上に置いた後、フックを巻き上げたところ、玉掛ワイヤが型枠に引っかかり、動いた型枠が被災者に当たり2.4m下に墜落した。","3","建設業","301","土木工事業","","","1~9","2","物上げ装置、運搬機械","21","動力クレーン等","","","1","墜落、転落"
"2133","1994","平成","6","12","15~16","砂利おろし場において、運転してきた9tダンプカー後方の荷卸しした砂利の中に被災者が埋まっていた。","4","運輸交通業","403","道路貨物運送業","","","10~29","2","物上げ装置、運搬機械","22","動力運搬機","","","4","飛来、落下"
"2134","1994","平成","6","12","16~17","天狗取りで枠組足場の解体作業中、バランスを崩し足場上から約5.4m下の木製ステージに墜落した。","3","建設業","302","建築工事業","","","10~29","4","仮設物、建築物、構築物等","41","仮設物、建築物、構築物等","","","1","墜落、転落"
"2135","1994","平成","6","12","17~18","垂木取付箇所より足場(高さ4.7m)上に降りようとして、転落した。","3","建設業","302","建築工事業","","","10~29","4","仮設物、建築物、構築物等","41","仮設物、建築物、構築物等","","","1","墜落、転落"
"2136","1994","平成","6","12","4~5","タクシーで国道を走行中、交差点でタンクローリーに衝突された。","4","運輸交通業","402","道路旅客運送業","","","100~299","2","物上げ装置、運搬機械","22","動力運搬機","","","17","交通事故（道路）"
"2137","1994","平成","6","12","9~10","ガードレールを搬入してきた4tトラックが、停車した道路が狭かったため、車を道端に寄せて停め直そうと発進したところ、その反動で積荷が落下し、近くで作業していた被災者に当たった。","3","建設業","301","土木工事業","","","10~29","6","荷","61","荷","","","4","飛来、落下"
"2138","1994","平成","6","12","10~11","モッコに載せた荷(鉄製アングル、箱物)をクレーンで8階に揚げ、モッコのアイ部分4個の内2個を外して荷を転がり出させたところ、モッコに引っ掛かって荷の一部が残ったため、それを地上へ降ろす途中、落下した。","3","建設業","302","建築工事業","","","1~9","2","物上げ装置、運搬機械","21","動力クレーン等","","","4","飛来、落下"
"2139","1994","平成","6","12","15~16","コンクリートプラントのオペレーターである被災者が、コンクリートミキサーに骨材を投入するバケットの巻き上げ用ウインチに巻き込まれていた。","1","製造業","109","窯業土石製品製造業","","","1~9","2","物上げ装置、運搬機械","21","動力クレーン等","","","7","はさまれ、巻き込まれ"
"2140","1994","平成","6","12","16~17","木造家屋の屋根にフェルト(防水シート)を張る作業中、フェルトの筒が転がりだしたため止めようとしたところ、高さ約3mの屋根から墜落した。","3","建設業","302","建築工事業","","","1~9","4","仮設物、建築物、構築物等","41","仮設物、建築物、構築物等","","","1","墜落、転落"
"2141","1994","平成","6","12","16~17","カヌー教室において、カヌーで沖合い150mに出たところ、強風のため転覆した。","14","接客娯楽業","","","","","50~99","3","その他の装置等","36","人力機械工具等","","","10","おぼれ"
"2142","1994","平成","6","12","21~22","忘年会会場の階段を降りる際、転落した。","8","商業","","","","","1~9","4","仮設物、建築物、構築物等","41","仮設物、建築物、構築物等","","","1","墜落、転落"
"2143","1994","平成","6","12","3~4","自転車で新聞配達中、県道と市道の交差点で乗用車と出会い頭に衝突した。","8","商業","","","","","10~29","2","物上げ装置、運搬機械","23","乗物","","","17","交通事故（道路）"
"2144","1994","平成","6","12","11~12","残土捨場においてダンプカーで残土を運搬中、後進した際に路肩が崩壊し、転落した。","3","建設業","301","土木工事業","","","10~29","2","物上げ装置、運搬機械","22","動力運搬機","","","1","墜落、転落"
"2145","1994","平成","6","12","15~16","工場棟の屋根雨樋を清掃中、堆積物を入れた段ボール箱(30キログラム)を地上に降ろそうとしてスレート屋根を踏み抜き、約7m下のコンクリート床に墜落した。","3","建設業","302","建築工事業","","","1~9","4","仮設物、建築物、構築物等","41","仮設物、建築物、構築物等","","","9","踏み抜き"
"2146","1994","平成","6","12","6~7","新聞配達中、国道の横断歩道で乗用車にはねられた。","8","商業","","","","","50~99","2","物上げ装置、運搬機械","23","乗物","","","17","交通事故（道路）"
"2147","1994","平成","6","12","7~8","エレベーターに積んだ工事用ガードフェンスを事務所3階屋上から降ろす際、搬器と屋上の床に当該フェンスが挟まったため、取り外そうとして搬器を揺すったところ、搬器が約7.1m落下し、その反動で落下した搬器の天井に墜落した。","3","建設業","302","建築工事業","","","1~9","2","物上げ装置、運搬機械","21","動力クレーン等","","","1","墜落、転落"
"2148","1994","平成","6","12","8~9","2階の更衣室へ階段を上がっていく途中、バランスを崩して転落した。","1","製造業","108","化学工業","","","30~49","4","仮設物、建築物、構築物等","41","仮設物、建築物、構築物等","","","1","墜落、転落"
"2149","1994","平成","6","12","8~9","工場内でインターロッキングブロックを製造中、成型機の表層材の給材ボックスのアームと機械本体との間に頭部を挟まれた。","1","製造業","109","窯業土石製品製造業","","","50~99","1","動力機械","16","一般動力機械","","","7","はさまれ、巻き込まれ"
"2150","1994","平成","6","12","11~12","営業先の会社の階段を下降中、転落した。","17","その他の事業","","","","","100~299","4","仮設物、建築物、構築物等","41","仮設物、建築物、構築物等","","","1","墜落、転落"
"2151","1994","平成","6","12","11~12","敷設したU字溝の脇に掘削した土砂を盛り、その上にU字溝の蓋を10枚1組にして2段に積んでいたところ、上段の蓋がU字溝の目地詰め作業をしていた被災者の頭部に落下した。","3","建設業","301","土木工事業","","","10~29","5","物質、材料","52","材料","","","5","崩壊、倒壊"
"2152","1994","平成","6","12","14~15","取引先へ向う途中、駅構内の階段で転倒し、頭部を強打した。","17","その他の事業","","","","","1~9","4","仮設物、建築物、構築物等","41","仮設物、建築物、構築物等","","","1","墜落、転落"
"2153","1994","平成","6","12","14~15","自動送材車式帯のこ盤で作業中、送材車から外れ落ちた原木を載せようとしたところ、バランスを崩して切粉をためる穴に落ち、作動中の帯のこに接触した。","1","製造業","104","木材・木製品製造業","","","10~29","1","動力機械","13","木材加工用機械","","","8","切れ、こすれ"
"2154","1994","平成","6","12","15~16","ドラグ・ショベル先端に廃材をつかむ装置を取り付け、トラック荷台に廃材を積み込んでいたところ、荷台上で廃材の均し作業をしていた被災者が、ドラグ・ショベルのつかんでいた廃材にたたき落とされた。","3","建設業","302","建築工事業","","","1~9","1","動力機械","14","建設機械等","","","6","激突され"
"2155","1994","平成","6","12","17~18","配送先からの帰路、対向してきたダンプカーがスリップして車線をふさぎ、これに衝突した。","4","運輸交通業","403","道路貨物運送業","","","50~99","2","物上げ装置、運搬機械","22","動力運搬機","","","17","交通事故（道路）"
"2156","1994","平成","6","12","18~19","護岸埋立現場において、ブル・ドーザーで土砂を海中へ投棄していたところ、運転操作を誤り、ブル・ドーザーとともに海中へ転落した。","3","建設業","301","土木工事業","","","1~9","1","動力機械","14","建設機械等","","","1","墜落、転落"
"2157","1994","平成","6","12","4~5","県道に自転車を停め、荷台から新聞を取り出していた時、乗用車にはねられた。","8","商業","","","","","1~9","2","物上げ装置、運搬機械","23","乗物","","","17","交通事故（道路）"
"2158","1994","平成","6","12","8~9","工事現場へ搬入される資材確認の立ち合いに向う途中、対向してきた大型トレーラーと衝突した。","3","建設業","301","土木工事業","","","1~9","2","物上げ装置、運搬機械","23","乗物","","","17","交通事故（道路）"
"2159","1994","平成","6","12","9~10","事業場内の商品搬入口(ドックと言われるステージ)周りを竹ぼうきで清掃中、パワーゲート(トラックの搬入出のためのもの)を上げた状態(ドックに位置に合わせた)で4tトラックが後進してきたため、パワーゲートとドックの間に挟まれた。","1","製造業","101","食料品製造業","","","100~299","2","物上げ装置、運搬機械","22","動力運搬機","","","7","はさまれ、巻き込まれ"
"2160","1994","平成","6","12","10~11","チェーンソーで伐木作業中、伐倒木が(元口60センチメートル、高さ16m)が当たった。","6","農林業","601","農業","","","1~9","7","環境等","71","環境等","","","6","激突され"
"2161","1994","平成","6","12","11~12","駅のホームで列車を待っていたところ、軌道上に転落し、列車にひかれた。","4","運輸交通業","401","鉄道・軌道・水運・航空業","","","10~29","2","物上げ装置、運搬機械","23","乗物","","","18","交通事故（その他）"
"2162","1994","平成","6","12","11~12","国道の高木の剪定作業で発生した枝等を2tダンプカーに積み込んでいたところ、ダンプカーの後ろの規制車に乗用車が突っ込み、押し出された規制車とダンプカーの間に挟まれた。","3","建設業","301","土木工事業","","","1~9","2","物上げ装置、運搬機械","23","乗物","","","17","交通事故（道路）"
"2163","1994","平成","6","12","11~12","倉庫外壁に断熱材を取付中、高さ3.43mのビティ足場から墜落した。","3","建設業","302","建築工事業","","","1~9","4","仮設物、建築物、構築物等","41","仮設物、建築物、構築物等","","","1","墜落、転落"
"2164","1994","平成","6","12","13~14","洗車場内で10tミキサー車を洗浄中、1.85m下の側溝に墜落した。","1","製造業","109","窯業土石製品製造業","","","30~49","4","仮設物、建築物、構築物等","41","仮設物、建築物、構築物等","","","1","墜落、転落"
"2165","1994","平成","6","12","15~16","乗用車で特約店に向う途中、対向してきた大型トラックが追い越しをする際に車線をはみ出し、正面衝突した。","8","商業","","","","","1~9","2","物上げ装置、運搬機械","22","動力運搬機","","","17","交通事故（道路）"
"2166","1994","平成","6","12","6~7","圧延棒鋼工場の棒鋼を精製する装置内において、棒鋼をガスで切断した際に落下した切断片を取るため、身体をプレッシャーと材料の間に入れたところ、ガスホースでリミットを解除してしまい、同部分に挟まれた。","1","製造業","110","鉄鋼業","","","100~299","1","動力機械","16","一般動力機械","","","7","はさまれ、巻き込まれ"
"2167","1994","平成","6","12","10~11","工場内で製材用帯のこ盤で製材作業中、材料の手直しのため台車に乗り、手直し後操作盤に戻る途中、のこ刃に触れた。","1","製造業","104","木材・木製品製造業","","","30~49","1","動力機械","13","木材加工用機械","","","8","切れ、こすれ"
"2168","1994","平成","6","12","14~15","清掃センター内で不燃物の仕分け作業中、ゴミを運搬してきたショベルローダーにひかれた。","15","清掃・と畜業","","","","","10~29","1","動力機械","14","建設機械等","","","7","はさまれ、巻き込まれ"
"2169","1994","平成","6","12","14~15","トラクター・ショベルで市道を走行中、道路より約2.5m下の畑へ転落した。","3","建設業","301","土木工事業","","","10~29","1","動力機械","14","建設機械等","","","17","交通事故（道路）"
"2170","1994","平成","6","12","15~16","250ccバイクで納品先へ向う途中、高速道路トンネル内で壁に接触して転倒し、後続のトラックにひかれた。","4","運輸交通業","403","道路貨物運送業","","","1~9","2","物上げ装置、運搬機械","22","動力運搬機","","","17","交通事故（道路）"
"2171","1994","平成","6","12","16~17","砂防ダム建設工事において、足場上(高さ6.5m)から鋼管を地上に降ろす作業中、墜落した。","3","建設業","301","土木工事業","","","50~99","4","仮設物、建築物、構築物等","41","仮設物、建築物、構築物等","","","1","墜落、転落"
"2172","1994","平成","6","12","6~7","大型タンクローリーで走行中、信号待ち中の大型トラックに追突した。","4","運輸交通業","403","道路貨物運送業","","","50~99","2","物上げ装置、運搬機械","22","動力運搬機","","","17","交通事故（道路）"
"2173","1994","平成","6","12","9~10","鉄骨建物新設工事において小梁の取付作業中、鉄骨柱を起こす必要からレバーブロックで柱を引いたところ、全体の鉄骨が倒壊し、梁上にいた被災者が約15m下の床に墜落した。","3","建設業","302","建築工事業","","","1~9","4","仮設物、建築物、構築物等","41","仮設物、建築物、構築物等","","","1","墜落、転落"
"2174","1994","平成","6","12","9~10","フォークリフトでトラックから間仕切板をおろす作業中、荷を持ち上げたフォークリフトが後進したところ、荷が前方に崩れ、トラック荷台上で作業していた被災者が荷とともに転落した。","4","運輸交通業","403","道路貨物運送業","","","50~99","2","物上げ装置、運搬機械","22","動力運搬機","","","5","崩壊、倒壊"
"2175","1994","平成","6","12","9~10","マンション建築現場において、根切りの位置を石灰で線引きしていたところ、掘削工事中のドラグ・ショベルのバケットが頭部に激突した。","3","建設業","302","建築工事業","","","30~49","1","動力機械","14","建設機械等","","","6","激突され"
"2176","1994","平成","6","12","9~10","搬送先の工場内において、トラックより成形機を所定の位置へおくためジャッキアップし、下のローラーを引き抜こうとしたところ、成形機が倒れその下敷きになった。","4","運輸交通業","403","道路貨物運送業","","","10~29","6","荷","61","荷","","","7","はさまれ、巻き込まれ"
"2177","1994","平成","6","12","11~12","松食い虫被害木を牽引具を使って倒す作業中、支柱にしていた立木が倒れ、被災者に当たった。","6","農林業","601","農業","","","50~99","7","環境等","71","環境等","","","6","激突され"
"2178","1994","平成","6","12","14~15","特高送電線下の樹木の伐採作業を監督していたところ、伐倒木(胸高直径約25センチメートル、長さ約20m)に直撃された。","17","その他の事業","","","","","10~29","7","環境等","71","環境等","","","6","激突され"
"2179","1994","平成","6","12","15~16","川岸の在積擁壁部補強工事において、パワー・ショベルで掘り下げた河床(幅3m、長さ20m、深さ1m)に入り床付作業中、石積みが25mに渡って崩れた。","3","建設業","301","土木工事業","","","1~9","4","仮設物、建築物、構築物等","41","仮設物、建築物、構築物等","","","5","崩壊、倒壊"
"2180","1994","平成","6","12","15~16","川岸の在積擁壁部補強工事において、パワー・ショベルで掘り下げた河床(幅3m、長さ20m、深さ1m)に入り床付作業中、石積みが25mに渡って崩れた。","3","建設業","301","土木工事業","","","1~9","4","仮設物、建築物、構築物等","41","仮設物、建築物、構築物等","","","5","崩壊、倒壊"
"2181","1994","平成","6","12","16~17","クローラダンプの修理作業中、降下してきた荷台と運転席の間に挟まれた。","1","製造業","117","その他の製造業","","","1~9","2","物上げ装置、運搬機械","22","動力運搬機","","","7","はさまれ、巻き込まれ"
"2182","1994","平成","6","12","23~24","空パレットの搬送コンベヤーが止まって下降しないため、上側カバーを外して処置しようとした時、リフターが下降し上半身を挟まれた。","1","製造業","115","輸送用機械等製造業","","","1000~9999","2","物上げ装置、運搬機械","22","動力運搬機","","","7","はさまれ、巻き込まれ"
"2183","1994","平成","6","12","5~6","11tトラックで高速道路を走行中、前車の11tトラックに追突した。","4","運輸交通業","403","道路貨物運送業","","","10~29","2","物上げ装置、運搬機械","22","動力運搬機","","","17","交通事故（道路）"
"2184","1994","平成","6","12","6~7","社有車で出張先へ向う途中、停車中の大型トレーラーに衝突した。","3","建設業","302","建築工事業","","","10~29","2","物上げ装置、運搬機械","23","乗物","","","17","交通事故（道路）"
"2185","1994","平成","6","12","6~7","大型トラックで走行中、赤信号で停車中の11t車に追突した。","4","運輸交通業","403","道路貨物運送業","","","50~99","2","物上げ装置、運搬機械","22","動力運搬機","","","17","交通事故（道路）"
"2186","1994","平成","6","12","6~7","包装資材倉庫内のエレベーターで1階から2階に行く際、搬器と壁の間に挟まれた。","1","製造業","101","食料品製造業","","","30~49","2","物上げ装置、運搬機械","21","動力クレーン等","","","7","はさまれ、巻き込まれ"
"2187","1994","平成","6","12","11~12","ゴミ収集車でゴミを収集中、被災者が走行中の収集車のステップから落ちた。","15","清掃・と畜業","","","","","30~49","2","物上げ装置、運搬機械","22","動力運搬機","","","1","墜落、転落"
"2188","1994","平成","6","12","14~15","2階建木造家屋の建方作業中、2階梁上の歩み板から3.8m下に墜落した。","3","建設業","302","建築工事業","","","1~9","4","仮設物、建築物、構築物等","41","仮設物、建築物、構築物等","","","1","墜落、転落"
"2189","1994","平成","6","12","15~16","修繕船の船倉で溶接作業中、ジブクレーンで運搬中の吊り荷が落下してきた。","1","製造業","115","輸送用機械等製造業","","","10~29","2","物上げ装置、運搬機械","21","動力クレーン等","","","4","飛来、落下"
"2190","1994","平成","6","12","16~17","工事現場より帰社途中、アイスバーンの下りカーブを曲がりきれず、路外へ転落した。","3","建設業","302","建築工事業","","","30~49","2","物上げ装置、運搬機械","23","乗物","","","17","交通事故（道路）"
"2191","1994","平成","6","12","19~20","事業場構内において、停車した2tトラックから運転手が離れた後に車輌が動き出し、それを見ていた被災者が止めようとしたところ、開いたドアが防火壁に当たり、ドアと車輌の間に挟まれた。","4","運輸交通業","403","道路貨物運送業","","","30~49","2","物上げ装置、運搬機械","22","動力運搬機","","","7","はさまれ、巻き込まれ"
"2192","1994","平成","6","12","6~7","自転車で新聞配達中、トラックにはねられた。","8","商業","","","","","50~99","2","物上げ装置、運搬機械","22","動力運搬機","","","17","交通事故（道路）"
"2193","1994","平成","6","12","13~14","伐倒木を整理中、転倒し頭部を強打した。","6","農林業","601","農業","","","50~99","7","環境等","71","環境等","","","2","転倒"
"2194","1994","平成","6","12","14~15","飼料運搬トラックで配送中、対向してきたトラックが、追い越しをする際にセンターラインを越え、衝突した。","8","商業","","","","","1~9","2","物上げ装置、運搬機械","22","動力運搬機","","","17","交通事故（道路）"
"2195","1994","平成","6","12","16~17","道路拡幅工事において、オペレーターがタイヤローラーを発進させたところ、当該ローラーの直前で中腰になり道路舗装部の仕上げ作業をしていた被災者をひいた。","3","建設業","301","土木工事業","","","1~9","1","動力機械","14","建設機械等","","","7","はさまれ、巻き込まれ"
"2196","1994","平成","6","12","17~18","軽乗用車で帰社途中、下り急カーブを曲がりきれず、反対側の造成地斜面に乗り上げ横転した。","8","商業","","","","","50~99","2","物上げ装置、運搬機械","23","乗物","","","17","交通事故（道路）"
"2197","1994","平成","6","12","8~9","乗用車で現場へ向う途中、スリップして対向車線にはみ出し、路外に飛び出した。","3","建設業","303","その他の建設業","","","10~29","2","物上げ装置、運搬機械","23","乗物","","","17","交通事故（道路）"
"2198","1994","平成","6","12","16~17","作業終了後、タイヤローラーを移動中、路肩より側溝に転落した。","3","建設業","301","土木工事業","","","10~29","1","動力機械","14","建設機械等","","","1","墜落、転落"
"2199","1994","平成","6","12","2~3","トラックで高速道路を走行中、トラックに追突した。","4","運輸交通業","403","道路貨物運送業","","","30~49","2","物上げ装置、運搬機械","22","動力運搬機","","","17","交通事故（道路）"
"2200","1994","平成","6","12","9~10","木造住宅の屋根上で瓦を撤去中、高さ6.25mから墜落した。","3","建設業","302","建築工事業","","","1~9","4","仮設物、建築物、構築物等","41","仮設物、建築物、構築物等","","","1","墜落、転落"
"2201","1994","平成","6","12","9~10","シールドの2次覆工作業において、ソリ台車をチェーンブロックで吊り上げたところ、台車が横移動し、ビームとチェーンの間に挟まれた。","3","建設業","301","土木工事業","","","1~9","3","その他の装置等","36","人力機械工具等","","","7","はさまれ、巻き込まれ"
"2202","1994","平成","6","12","14~15","調味撹拌機から生野菜を取り出す作業中、稼働させたまま行ったため撹拌用羽根に巻き込まれた。","1","製造業","101","食料品製造業","","","100~299","1","動力機械","16","一般動力機械","","","7","はさまれ、巻き込まれ"
"2203","1994","平成","6","12","16~17","外溝工事を終えた小型バックホウを2tトラック荷台に積み込む際、トラック荷台に掛けた道板からバックホウとともに転落した。","3","建設業","302","建築工事業","","","10~29","1","動力機械","14","建設機械等","","","1","墜落、転落"
"2204","1994","平成","6","12","2~3","トラックで走行中、信号待ちをしていたトラックに追突した。","4","運輸交通業","403","道路貨物運送業","","","30~49","2","物上げ装置、運搬機械","22","動力運搬機","","","17","交通事故（道路）"
"2205","1994","平成","6","12","7~8","木造住宅建築現場において、もや材取付作業準備のため2階の胴差材上で雪を払う作業中、地面に墜落した。","3","建設業","302","建築工事業","","","1~9","4","仮設物、建築物、構築物等","41","仮設物、建築物、構築物等","","","1","墜落、転落"
"2206","1994","平成","6","12","8~9","親企業内で片脚橋形クレーンの改造工事中、ローリングタワーの上面(高さ5.4m)から墜落した。","1","製造業","112","金属製品製造業","","","10~29","3","その他の装置等","37","用具","","","1","墜落、転落"
"2207","1994","平成","6","12","9~10","造型機で造られた砂型に中子を入れる作業中、安全装置に異常が見られたため造型機を手動に切り替えて作業を続けていたところ、造型機の金型フレームと砂型の間に頭部を挟まれた。","1","製造業","110","鉄鋼業","","","100~299","1","動力機械","16","一般動力機械","","","7","はさまれ、巻き込まれ"
"2208","1994","平成","6","12","13~14","20tトラッククレーンでコンクリートブロック(約2t)を吊り上げようとした際、コンクリートブロックが傾き、後方にいた被災者が当該ブロックと土壁の間に挟まれた。","3","建設業","301","土木工事業","","","1~9","2","物上げ装置、運搬機械","21","動力クレーン等","","","7","はさまれ、巻き込まれ"
"2209","1994","平成","6","12","14~15","機械置場において、杭打機のリーダーをブームとしてトラック上の荷を移動する作業中、旋回した際に吊り荷が被災者に接触し、落下した。","4","運輸交通業","403","道路貨物運送業","","","10~29","3","その他の装置等","37","用具","","","4","飛来、落下"
"2210","1994","平成","6","12","15~16","バックホウで水道管を吊り上げ移動中、水道管を手で押さえながら移動していた被災者が転倒し、バックホウにひかれた。","3","建設業","301","土木工事業","","","1~9","1","動力機械","14","建設機械等","","","7","はさまれ、巻き込まれ"
"2211","1994","平成","6","12","20~21","荷の配送先に向う途中、アイスバーンの路上でスリップしてセンターラインを越え、対向してきたバスと衝突した。","4","運輸交通業","403","道路貨物運送業","","","1~9","2","物上げ装置、運搬機械","22","動力運搬機","","","17","交通事故（道路）"
"2212","1994","平成","6","12","10~11","町道上に置いた三脚に乗り庭木を剪定中、走行してきた軽トラックが三脚に接触したため墜落した。","6","農林業","602","林業","","","1~9","2","物上げ装置、運搬機械","22","動力運搬機","","","17","交通事故（道路）"
"2213","1994","平成","6","12","10~11","4tトラックで国道を走行中、センターラインを越え、対向してきた大型トラックと正面衝突した。","4","運輸交通業","403","道路貨物運送業","","","10~29","2","物上げ装置、運搬機械","22","動力運搬機","","","17","交通事故（道路）"
"2214","1994","平成","6","12","11~12","岸壁に係留する350t艀船倉のシート掛け作業中、シートが風にあおられてバランスを崩し、運河に転落した。","5","貨物取扱業","502","港湾運送業","","","1~9","2","物上げ装置、運搬機械","23","乗物","","","10","おぼれ"
"2215","1994","平成","6","12","16~17","ガソリンスタンドにおいて、運転してきたダンプカーに給油し、その近くにいたところ、停車場所に勾配があったためダンプカーが前進し、激突された。","3","建設業","301","土木工事業","","","10~29","2","物上げ装置、運搬機械","22","動力運搬機","","","6","激突され"
"2216","1994","平成","6","12","17~18","工場内で鉄骨の溶接作業中、天井クレーンで鉄骨を架台に仮置きしたところ、鉄骨が倒れ、その下敷きになった。(外)","1","製造業","112","金属製品製造業","","","10~29","5","物質、材料","52","材料","","","5","崩壊、倒壊"
"2217","1994","平成","6","12","18~19","高速道路の降雪状況を巡回中に事故車を発見し、二次災害防止のため標示板を設置しようとして、後続車にはねられた。","3","建設業","301","土木工事業","","","10~29","2","物上げ装置、運搬機械","23","乗物","","","17","交通事故（道路）"
"2218","1994","平成","6","12","9~10","林道開設工事で掘削した残土を不整地運搬車で残土捨て場へ運搬し、残土捨て場端より降ろそうとした時、下に転落した。","3","建設業","301","土木工事業","","","10~29","2","物上げ装置、運搬機械","22","動力運搬機","","","1","墜落、転落"
"2219","1994","平成","6","12","10~11","木造2階建家屋の1階屋根上に設置した脚立に乗り、軒先の雨樋支持金具を引き抜いたところ、その反動で脚立が倒れ、約3.5m下の地上に墜落した。","3","建設業","302","建築工事業","","","1~9","4","仮設物、建築物、構築物等","41","仮設物、建築物、構築物等","","","1","墜落、転落"
"2220","1994","平成","6","12","18~19","木造2階建家屋の屋根上を移動中、高さ6.5mの屋根から墜落した。","3","建設業","302","建築工事業","","","1~9","4","仮設物、建築物、構築物等","41","仮設物、建築物、構築物等","","","1","墜落、転落"
"2221","1994","平成","6","12","5~6","10tトラックで走行中、交差点で信号待ち中の大型トラックに追突した。","4","運輸交通業","403","道路貨物運送業","","","10~29","2","物上げ装置、運搬機械","22","動力運搬機","","","17","交通事故（道路）"
"2222","1994","平成","6","12","9~10","倉庫建築現場において鉄骨組立中、建方の終わったH形鋼に取り付けられたC形鋼の固定金具を利用してH形鋼を昇っていたところ、足を滑らせ高さ4.2mより墜落した。","3","建設業","302","建築工事業","","","1~9","4","仮設物、建築物、構築物等","41","仮設物、建築物、構築物等","","","1","墜落、転落"
"2223","1994","平成","6","12","9~10","線路内で砂利の交換作業中、電車にはねられた。","3","建設業","301","土木工事業","","","1~9","2","物上げ装置、運搬機械","23","乗物","","","18","交通事故（その他）"
"2224","1994","平成","6","12","9~10","配水管埋設工事現場で埋め戻し箇所を転圧ローラー(走行式)で均していたところ、後方に停止していたトラックに気付かずローラーを後進させたため、トラックとの間に挟まれた。","3","建設業","301","土木工事業","","","10~29","1","動力機械","14","建設機械等","","","7","はさまれ、巻き込まれ"
"2225","1994","平成","6","12","9~10","線路内で砂利の交換作業中、電車にはねられた。","3","建設業","301","土木工事業","","","1~9","2","物上げ装置、運搬機械","23","乗物","","","18","交通事故（その他）"
"2226","1994","平成","6","12","9~10","線路内で砂利の交換作業中、電車にはねられた。","3","建設業","301","土木工事業","","","1~9","2","物上げ装置、運搬機械","23","乗物","","","18","交通事故（その他）"
"2227","1994","平成","6","12","11~12","タイヤローラーで後進中、路肩から約5m下に転落した。","3","建設業","301","土木工事業","","","30~49","1","動力機械","14","建設機械等","","","1","墜落、転落"
"2228","1994","平成","6","12","13~14","フォークリフトではい積みされた米袋(30キログラム)のはいの上(高さ約2m)のパレットに乗り、隣のはい(高さ約3m)から米袋をパレットに移す作業中、墜落した。","8","商業","","","","","10~29","6","荷","61","荷","","","1","墜落、転落"
"2229","1994","平成","6","12","13~14","林業架線の撤去作業中、本線ワイヤロープを立木にクリップで仮止めしながら少しずつ降ろしていた時、クリップが外れ、外れたワイヤロープの先が輪になっていたためその中に身体が入ってしまい、ワイヤロープ重さで下方に引きづられ、支柱に当たった。","6","農林業","601","農業","","","1~9","2","物上げ装置、運搬機械","21","動力クレーン等","","","6","激突され"
"2230","1994","平成","6","12","14~15","2階倉庫内でゲーム機を整理中、床の開口部の蓋を開けようとしたところ、4m下に墜落した。","14","接客娯楽業","","","","","10~29","4","仮設物、建築物、構築物等","41","仮設物、建築物、構築物等","","","1","墜落、転落"
"2231","1994","平成","6","12","9~10","ハッチで木材の積み卸し作業中、甲板上で移動式クレーンの運転者に合図を送っていたところ、ハッチボード開閉用ワイヤにクレーンのフックが引っかかったためワイヤに身体を押され、ハッチの底へ墜落した。","5","貨物取扱業","502","港湾運送業","","","100~299","2","物上げ装置、運搬機械","21","動力クレーン等","","","1","墜落、転落"
"2232","1994","平成","6","12","14~15","積載型トラッククレーンで長尺鉄板を2階屋根上へ降ろす作業中、屋根上にいた被災者が墜落した。","4","運輸交通業","403","道路貨物運送業","","","10~29","4","仮設物、建築物、構築物等","41","仮設物、建築物、構築物等","","","1","墜落、転落"
"2233","1994","平成","6","12","16~17","傾斜地に停車させていた10tダンプカーが動き出したため、止めようとして飛び乗ったところ、電柱に運転席のドアが当たり、車体とドアの間に挟まれた。","2","鉱業","202","土石採取業","","","10~29","2","物上げ装置、運搬機械","22","動力運搬機","","","7","はさまれ、巻き込まれ"
"2234","1994","平成","6","12","12~13","研究用子牛をトラックに積み込むためトラック後部のアオリを降ろそうと、アオリ止めのハンドルを外し、アオリを押さえていたワイヤロープを外してトラック荷台のステップから飛び降りたところ、アオリが落下してきた。","12","教育・研究業","","","","","300~499","2","物上げ装置、運搬機械","22","動力運搬機","","","4","飛来、落下"
"2235","1994","平成","6","12","12~13","電線宙吊り器に乗り送電線の点検作業中、宙吊り器から鉄塔のアームに移る際、地上に墜落した。","3","建設業","303","その他の建設業","","","100~299","3","その他の装置等","35","電気設備","","","1","墜落、転落"
"2236","1994","平成","6","12","13~14","掘削箇所に入りスコップで床均し作業中、掘削側面が崩壊し、地上にあったコンクリート塊の下敷きになった。","3","建設業","301","土木工事業","","","1~9","7","環境等","71","環境等","","","5","崩壊、倒壊"
"2237","1994","平成","6","12","13~14","梁製作工場において、梁を天井クレーンで移動する際、梁の中心に掛けたハッカーの掛け方が悪く、これを直すため降ろそうとしたところ、クレーンを横行させてしまい、梁から外れたハッカーが当たった。","1","製造業","112","金属製品製造業","","","50~99","2","物上げ装置、運搬機械","21","動力クレーン等","","","6","激突され"
"2238","1994","平成","6","12","14~15","トラックの後進を誘導中、コンクリート製ポールとトラックの間に挟まれた。","4","運輸交通業","403","道路貨物運送業","","","30~49","2","物上げ装置、運搬機械","22","動力運搬機","","","7","はさまれ、巻き込まれ"
"2239","1994","平成","6","12","18~19","外国船を東京港へ水先案内した後、出迎えのパイロット船に乗り移るためジャコップラダー(縄ばしご)を降りている途中、海に転落した。","17","その他の事業","","","","","100~299","3","その他の装置等","37","用具","","","10","おぼれ"
"2240","1994","平成","6","12","9~10","ホイールクレーンにバイブロハンマーを装着した杭抜機でシートパイルの引き抜き作業中、バイブロハンマーを自由落下させてシートパイルを噛ませようとしたところ、バイブロハンマーが傾き、油圧ホース介助をしていた被災者に衝突した。","3","建設業","301","土木工事業","","","10~29","1","動力機械","14","建設機械等","","","6","激突され"
"2241","1994","平成","6","12","9~10","親会社のヤード内において、フォークリフトで木材をトラック荷台に積み込む作業中、荷崩れを起こし、荷台上で荷の下に敷く角材の位置調整をしていた被災者に当たった。","4","運輸交通業","403","道路貨物運送業","","","10~29","6","荷","61","荷","","","4","飛来、落下"
"2242","1994","平成","6","12","11~12","従業員駐車場を清掃中、ベール缶で枯草とベニヤ板を燃やしていたところ、火が着衣に燃え移った。","1","製造業","115","輸送用機械等製造業","","","10~29","9","その他","91","その他の起因物","","","16","火災"
"2243","1994","平成","6","12","13~14","刈払機で竹の玉切り作業中、足を滑らせバランスを崩した際、回転中の刃に触れた。","3","建設業","301","土木工事業","","","1~9","1","動力機械","16","一般動力機械","","","8","切れ、こすれ"
"2244","1994","平成","6","12","15~16","フォークローダーで原木をはいから降ろし、これをチェーンソーで玉切りしようとしたところ、はいから丸太が3本転がり落ちてきた。","1","製造業","104","木材・木製品製造業","","","30~49","5","物質、材料","52","材料","","","5","崩壊、倒壊"
"2245","1994","平成","6","12","15~16","木造家屋建築現場において、2階の梁上で準備作業中、足を滑らせ地面に墜落した。","3","建設業","302","建築工事業","","","1~9","4","仮設物、建築物、構築物等","41","仮設物、建築物、構築物等","","","1","墜落、転落"
"2246","1994","平成","6","12","18~19","工場内の井戸(径2.2m、深さ4.9m)の側にある井戸ポンプスイッチを切りに行った際、井戸の蓋が取り外されていたため転落した。","1","製造業","109","窯業土石製品製造業","","","10~29","4","仮設物、建築物、構築物等","41","仮設物、建築物、構築物等","","","1","墜落、転落"
"2247","1994","平成","6","12","3~4","大型トラックで国道を走行中、センターラインを越えてきた大型トラックと正面衝突した。","4","運輸交通業","403","道路貨物運送業","","","50~99","2","物上げ装置、運搬機械","22","動力運搬機","","","17","交通事故（道路）"
"2248","1994","平成","6","12","3~4","4tトラックで国道を走行中、スリップして反対車線にはみ出し、対向してきたトラックと正面衝突した。","8","商業","","","","","1~9","2","物上げ装置、運搬機械","22","動力運搬機","","","17","交通事故（道路）"
"2249","1994","平成","6","12","7~8","浚渫船の甲板補修のための鉄板をトラック荷台より降ろす際、両端アイワイヤロープを浚渫船のバケットのフックに掛けて鉄板を吊り上げ、トラックを動かしたところ、鉄板が傾いてロープを切断し、落下した鉄板が当たった。","3","建設業","301","土木工事業","","","100~299","3","その他の装置等","37","用具","","","4","飛来、落下"
"2250","1994","平成","6","12","10~11","砕石プラントの原石ストックヤードのホッパーに原石が詰まったため、パイルフィーダー(送り出し装置)上に乗り、その原石を鉄棒で突いていたところ、原石が落下し上半身が埋まった。","1","製造業","109","窯業土石製品製造業","","","10~29","5","物質、材料","52","材料","","","4","飛来、落下"
"2251","1994","平成","6","12","11~12","杭打機下部リーダーのボルト締め作業中、減速機モーターを吊っていたワイヤロープが切れ、モーターが当たった。","3","建設業","301","土木工事業","","","1~9","1","動力機械","14","建設機械等","","","4","飛来、落下"
"2252","1994","平成","6","12","11~12","軽ワゴン車で集配作業中、交差点で乗用車と出会い頭に衝突した。","11","通信業","","","","","10~29","2","物上げ装置、運搬機械","23","乗物","","","17","交通事故（道路）"
"2253","1994","平成","6","12","12~13","ローリングタワー(高さ3.75m)に乗り天井(高さ約4.6m)への水銀灯増設のための準備作業中、墜落した。","3","建設業","303","その他の建設業","","","1~9","4","仮設物、建築物、構築物等","41","仮設物、建築物、構築物等","","","1","墜落、転落"
"2254","1994","平成","6","12","13~14","運輸会社の駐車場において、積載型移動式クレーンでブレーカーをトラックに積込中、当該クレーンがトラック側に倒れ、2台の間に挟まれた。","3","建設業","301","土木工事業","","","10~29","2","物上げ装置、運搬機械","21","動力クレーン等","","","2","転倒"
"2255","1994","平成","6","12","15~16","木造3階建住宅の建方作業中、3階の梁上からコンクリート土間に墜落した。","3","建設業","302","建築工事業","","","1~9","4","仮設物、建築物、構築物等","41","仮設物、建築物、構築物等","","","1","墜落、転落"
"2256","1994","平成","6","12","2~3","荷を運搬中、前車を追い越そうと対向車線に出たところ、対向してきたトラックと正面衝突した。","4","運輸交通業","403","道路貨物運送業","","","100~299","2","物上げ装置、運搬機械","22","動力運搬機","","","17","交通事故（道路）"
"2257","1994","平成","6","12","4~5","3tトラックで走行中、陸橋出口付近に停まっていた大型ダンプカーに追突した。","4","運輸交通業","403","道路貨物運送業","","","50~99","2","物上げ装置、運搬機械","22","動力運搬機","","","17","交通事故（道路）"
"2258","1994","平成","6","12","15~16","ビル7階の三面窓外周にある植え込み部分から路上に転落した。","8","商業","","","","","1~9","4","仮設物、建築物、構築物等","41","仮設物、建築物、構築物等","","","1","墜落、転落"
"2259","1994","平成","6","12","16~17","H鋼杭を海底に打設するため、浮きクレーンにアースオーガを取り付けたアースオーガ船で穿孔掘削し、ケーシング(鋼管)を引き抜くためワイヤを掛けて吊り上げたところ、クレーンの台座が折れ、カウンターウェイトが外れ飛んだ。","3","建設業","301","土木工事業","","","10~29","1","動力機械","14","建設機械等","","","5","崩壊、倒壊"
"2260","1994","平成","6","12","0~1","タクシー乗務中、交差点で乗用車と衝突した。","4","運輸交通業","402","道路旅客運送業","","","100~299","2","物上げ装置、運搬機械","23","乗物","","","17","交通事故（道路）"
"2261","1994","平成","6","12","10~11","脚立に乗り浴室内の壁タイルを掃除中、脚立が倒れ、転落した。","13","保健・衛生業","","","","","1~9","3","その他の装置等","37","用具","","","1","墜落、転落"
"2262","1994","平成","6","12","11~12","配送センター内において、トラックを移動させるため降ろしてあった後部パワーゲートを上昇させたところ、同ゲートの上に乗っていた被災者がコンクリート床に転落した。","4","運輸交通業","403","道路貨物運送業","","","1~9","2","物上げ装置、運搬機械","22","動力運搬機","","","1","墜落、転落"
"2263","1994","平成","6","12","14~15","木材(15本)を河原の土場に荷卸し中、荷外しをするため河原沿いの道路に退避していた被災者に、吊り荷の1本が抜け落ちて当たった。","6","農林業","601","農業","","","1~9","2","物上げ装置、運搬機械","21","動力クレーン等","","","4","飛来、落下"
"2264","1994","平成","6","12","14~15","土取場より工事現場へ土砂を運搬中、交差点でトラックと衝突した。","3","建設業","301","土木工事業","","","10~29","2","物上げ装置、運搬機械","22","動力運搬機","","","17","交通事故（道路）"
"2265","1994","平成","6","12","15~16","不整地運搬車で走行中、下り坂でブレーキを掛けた際、運転席から車の前に放り出された。","3","建設業","301","土木工事業","","","1~9","2","物上げ装置、運搬機械","22","動力運搬機","","","17","交通事故（道路）"
"2266","1994","平成","6","12","10~11","196mの橋梁建設工事において、アーチ橋上部桁を支えるワイヤロープを調整していたところ、ロープを支える鉄塔が倒壊し、桁先端内部の空洞でボルト締付作業をしていた被災者が、桁とともに落下した。","3","建設業","301","土木工事業","","","10~29","4","仮設物、建築物、構築物等","41","仮設物、建築物、構築物等","","","1","墜落、転落"
"2267","1994","平成","6","12","10~11","鉄骨3階建マンション建築工事において、3階鉄骨部のタラップから6.4m下の地上に墜落した。","3","建設業","302","建築工事業","","","1~9","4","仮設物、建築物、構築物等","41","仮設物、建築物、構築物等","","","1","墜落、転落"
"2268","1994","平成","6","12","10~11","親会社倉庫内の合板(1束720キログラム)をフォークリフトでトラックに積み込む作業中、倉庫内で降車した際、7段積みの合板が荷崩れを起こし、その下敷きになった。","5","貨物取扱業","501","陸上貨物取扱業","","","50~99","5","物質、材料","52","材料","","","5","崩壊、倒壊"
"2269","1994","平成","6","12","12~13","工場内の出荷場前において、タンクローリー上部に上がり、ハッチを開けシュートを広げる作業中、バランスを崩して転落した。","4","運輸交通業","403","道路貨物運送業","","","50~99","2","物上げ装置、運搬機械","22","動力運搬機","","","1","墜落、転落"
"2270","1994","平成","6","12","14~15","木造家屋建築工事中、足場板を並べていたところ、バランスを崩し2.8m下のコンクリート面に墜落した。","3","建設業","302","建築工事業","","","10~29","4","仮設物、建築物、構築物等","41","仮設物、建築物、構築物等","","","1","墜落、転落"
"2271","1994","平成","6","12","15~16","靴底加工工場で靴底の研磨、塗装作業中、ゴム屑を集める集塵機付近で爆発が発生した。","1","製造業","108","化学工業","","","50~99","3","その他の装置等","39","その他の装置、設備","","","14","爆発"
"2272","1994","平成","6","12","15~16","仮設事務所近くの駐車場から4tトラックを移動するため、上り坂を後進させていたところ、路肩から約25m転落した。","17","その他の事業","","","","","100~299","2","物上げ装置、運搬機械","22","動力運搬機","","","1","墜落、転落"
"2273","1994","平成","6","12","15~16","靴底加工工場で靴底の研磨、塗装作業中、ゴム屑を集める集塵機付近で爆発が発生した。","1","製造業","108","化学工業","","","50~99","3","その他の装置等","39","その他の装置、設備","","","14","爆発"
"2274","1994","平成","6","12","15~16","靴底加工工場で靴底の研磨、塗装作業中、ゴム屑を集める集塵機付近で爆発が発生した。","1","製造業","108","化学工業","","","50~99","3","その他の装置等","39","その他の装置、設備","","","14","爆発"
"2275","1994","平成","6","12","15~16","靴底加工工場で靴底の研磨、塗装作業中、ゴム屑を集める集塵機付近で爆発が発生した。","1","製造業","108","化学工業","","","50~99","3","その他の装置等","39","その他の装置、設備","","","14","爆発"
"2276","1994","平成","6","12","15~16","2.93tトラッククレーンに足場部材(約520キログラム)を2本吊りにして作業中、クレーンが横倒しになり、操作していた被災者が、クレーンと墜落防止用手摺の間に挟まれた。","3","建設業","302","建築工事業","","","1~9","2","物上げ装置、運搬機械","21","動力クレーン等","","","7","はさまれ、巻き込まれ"
"2277","1994","平成","6","12","15~16","靴底加工工場で靴底の研磨、塗装作業中、ゴム屑を集める集塵機付近で爆発が発生した。","1","製造業","108","化学工業","","","50~99","3","その他の装置等","39","その他の装置、設備","","","14","爆発"
"2278","1994","平成","6","12","21~22","発砲コンクリート(建築外壁材)製造工程において、コンクリート打設した型枠からコンクリートの液漏れが見つかったため、コンベヤーラインを停めようとしたところ、通路の柱と移動中の型枠の間に挟まれた。","1","製造業","109","窯業土石製品製造業","","","100~299","2","物上げ装置、運搬機械","22","動力運搬機","","","7","はさまれ、巻き込まれ"
"2279","1994","平成","6","12","12~13","社内教育受講先より帰る途中、車がスリップして対向車線にはみ出し、トラックと衝突した。","17","その他の事業","","","","","100~299","2","物上げ装置、運搬機械","23","乗物","","","17","交通事故（道路）"
"2280","1994","平成","6","12","1~2","4tトラックで国道を走行中、センターラインを越えてきた大型トラックと正面衝突した。","4","運輸交通業","403","道路貨物運送業","","","10~29","2","物上げ装置、運搬機械","22","動力運搬機","","","17","交通事故（道路）"
"2281","1994","平成","6","12","4~5","大型トラックで高速道路を走行中、前車のトラックに追突した。","4","運輸交通業","403","道路貨物運送業","","","100~299","2","物上げ装置、運搬機械","22","動力運搬機","","","17","交通事故（道路）"
"2282","1994","平成","6","12","11~12","足場(高さ5m)上でダクトの補修作業中、バランスを崩して墜落した。","1","製造業","117","その他の製造業","","","1~9","4","仮設物、建築物、構築物等","41","仮設物、建築物、構築物等","","","1","墜落、転落"
"2283","1994","平成","6","12","11~12","トラックで高速道路を走行中、事故のため停車していた大型トラックに追突した。","4","運輸交通業","403","道路貨物運送業","","","30~49","2","物上げ装置、運搬機械","22","動力運搬機","","","17","交通事故（道路）"
"2284","1994","平成","6","12","16~17","乗用車で集金先に向う途中、センターラインを越え、対向車と衝突した。","9","金融・広告業","","","","","10~29","2","物上げ装置、運搬機械","23","乗物","","","17","交通事故（道路）"
"2285","1994","平成","6","12","18~19","練炭コンロを入れて養生中のコンクリート貯水槽内で、一酸化炭素中毒により倒れた。","3","建設業","301","土木工事業","","","10~29","5","物質、材料","51","危険物、有害物等","","","12","有害物等との接触"
"2286","1994","平成","6","12","1~2","軽トラックで国道を走行中、交差点でトラックと衝突した。","8","商業","","","","","10~29","2","物上げ装置、運搬機械","22","動力運搬機","","","17","交通事故（道路）"
"2287","1994","平成","6","12","6~7","4tトラックで高速道路を走行中、渋滞により停車中の車両に追突した。","4","運輸交通業","403","道路貨物運送業","","","100~299","2","物上げ装置、運搬機械","22","動力運搬機","","","17","交通事故（道路）"
"2288","1994","平成","6","12","10~11","タクシー乗務中、対向してきた乗用車がセンターラインを越え、正面衝突した。","4","運輸交通業","402","道路旅客運送業","","","1~9","2","物上げ装置、運搬機械","23","乗物","","","17","交通事故（道路）"
"2289","1994","平成","6","12","11~12","傾斜地で伐採作業中、伐倒木(胸高直径19センチメートル、高さ19.5m)に激突された。","6","農林業","601","農業","","","10~29","7","環境等","71","環境等","","","5","崩壊、倒壊"
"2290","1994","平成","6","12","14~15","有機溶剤(1-1-1 トリクロルエタン等)の入っていた洗浄槽内を清掃中、有機溶剤中毒になった。","1","製造業","112","金属製品製造業","","","10~29","5","物質、材料","51","危険物、有害物等","","","12","有害物等との接触"
"2291","1994","平成","6","12","14~15","乗用車で空調設備の補修の依頼先へ向う途中、カーブでセンターラインを越え、対向車と衝突した。","17","その他の事業","","","","","10~29","2","物上げ装置、運搬機械","23","乗物","","","17","交通事故（道路）"
"2292","1994","平成","6","12","14~15","乗用車で空調設備の補修の依頼先へ向う途中、カーブでセンターラインを越え、対向車と衝突した。","17","その他の事業","","","","","10~29","2","物上げ装置、運搬機械","23","乗物","","","17","交通事故（道路）"
"2293","1994","平成","6","12","15~16","事業場の出荷場前の側溝を掃除中、出荷場を出ようとした10tトラックにひかれた。","1","製造業","101","食料品製造業","","","50~99","2","物上げ装置、運搬機械","22","動力運搬機","","","17","交通事故（道路）"
"2294","1994","平成","6","12","16~17","溜池改修作業中のドラグ・ショベルが、堤体上から約2.5m転落し、下方で作業中の被災者に激突した。","3","建設業","301","土木工事業","","","30~49","1","動力機械","14","建設機械等","","","6","激突され"
"2295","1994","平成","6","12","19~20","フォークリフトで集配品の整理作業中、フォークリフトを後進させたところ、テーブルリフターのピットに転落した。","5","貨物取扱業","501","陸上貨物取扱業","","","30~49","2","物上げ装置、運搬機械","22","動力運搬機","","","2","転倒"
"2296","1994","平成","6","12","8~9","フォークリフトでトラックに荷を積込中、パレット上の段ボール箱が荷崩れを起こしたため、フォークリフトのフレームに登りこれを直していたところ、マスト操作レバーに足が触れ、後傾してきたマストとヘッドガードとの間に挟まれた。","8","商業","","","","","1~9","2","物上げ装置、運搬機械","22","動力運搬機","","","7","はさまれ、巻き込まれ"
"2297","1994","平成","6","12","9~10","高速道路料金所のブース内で作業中、何らかの用事でブースの外に出たところ、大型トレーラーに巻き込まれた。","17","その他の事業","","","","","100~299","2","物上げ装置、運搬機械","22","動力運搬機","","","17","交通事故（道路）"
"2298","1994","平成","6","12","16~17","木造2階建アパート建築工事において、2階間柱を取付中、3.4m下に墜落した。","3","建設業","302","建築工事業","","","1~9","4","仮設物、建築物、構築物等","41","仮設物、建築物、構築物等","","","1","墜落、転落"
"2299","1994","平成","6","12","23~24","2階建プレハブ宿舎が火災になった。","3","建設業","301","土木工事業","","","1~9","3","その他の装置等","35","電気設備","","","16","火災"
"2300","1994","平成","6","12","9~10","脚立に乗り古紙プレス機を清掃中、墜落した。","15","清掃・と畜業","","","","","1~9","3","その他の装置等","37","用具","","","1","墜落、転落"
"2301","1994","平成","6","12","21~22","国道に架かる大橋上で地震被害の調査中、一般車両を誘導していた被災者が、乗用車にひかれた。","3","建設業","301","土木工事業","","","50~99","2","物上げ装置、運搬機械","23","乗物","","","17","交通事故（道路）"
