"ID","西暦","年号","年","月","発生時間","災害状況","業種（大分類）コード","業種（大分類）分類名","業種（中分類）コード","業種（中分類）分類名","業種（小分類）コード","業種（小分類）分類名","事業場規模","起因物（大分類）コード","起因物（大分類）分類名","起因物（中分類）コード","起因物（中分類）分類名","起因物（小分類）コード","起因物（小分類）分類名","事故の型コード","事故の型分類名"
"1","2004","平成","16","1","23~24","冷凍車で国道を走行中、他の大型トラックと正面衝突し、双方の車両の運転者が死亡した。","4","運輸交通業","403","道路貨物運送業","40301","一般貨物自動車運送業","10~29","2","物上げ装置、運搬機械","22","動力運搬機","221","トラック","17","交通事故（道路）"
"2","2004","平成","16","2","9~10","リフトの滑車塔に登り除雪作業を行っていたところ、滑車に巻き込まれた。","17","その他の事業","1702","その他の事業","170209","その他の事業－その他","100~299","2","物上げ装置、運搬機械","22","動力運搬機","229","その他の動力運搬機","7","はさまれ、巻き込まれ"
"3","2004","平成","16","2","10~11","宿泊先のホテルから健診会場に徒歩で向かっていたところ、国道と町道との交差点で、右折したダンプトラックにひかれた。","13","保健・衛生業","1301","医療保健業","130109","その他の医療保健業","10~29","2","物上げ装置、運搬機械","22","動力運搬機","221","トラック","17","交通事故（道路）"
"4","2004","平成","16","4","9~10","木造住宅の修繕工事現場において、外壁に立て掛けた長さ約4mのはしご上で、煙突と外壁の隙間にできた鳥の巣の穴を塞ぐ作業中、はしごが倒れ、3m下の地上に墜落した。","3","建設業","302","建築工事業","30202","木造家屋建築工事業","1~9","3","その他の装置等","37","用具","371","はしご等","1","墜落、転落"
"5","2004","平成","16","5","11~12","一般住宅新築工事現場内において、建設物2階のユニットバス設置予定部分の開口部から1階床部に墜落した。","3","建設業","302","建築工事業","30202","木造家屋建築工事業","30~49","4","仮設物、建築物、構築物等","41","仮設物、建築物、構築物等","414","開口部","1","墜落、転落"
"6","2004","平成","16","6","4~5","出張先から、仕事を終え車で帰社途中、対向車線を越えてきた対向車と正面衝突した。","9","金融・広告業","902","広告・あっせん業","90209","その他の広告・あっせん業","1~9","2","物上げ装置、運搬機械","23","乗物","231","乗用車、バス、バイク","17","交通事故（道路）"
"7","2004","平成","16","6","4~5","出張先から、仕事を終え車で帰社途中、対向車線を越えてきた対向車と正面衝突した。","9","金融・広告業","902","広告・あっせん業","90209","その他の広告・あっせん業","10~29","2","物上げ装置、運搬機械","23","乗物","231","乗用車、バス、バイク","17","交通事故（道路）"
"8","2004","平成","16","9","19~20","トレーラーで農産物を運搬中、カーブを曲がりきれず、5m下の畑に転落して死亡した。","4","運輸交通業","403","道路貨物運送業","40301","一般貨物自動車運送業","10~29","2","物上げ装置、運搬機械","22","動力運搬機","221","トラック","17","交通事故（道路）"
"9","2004","平成","16","9","0~1","単独で野菜を運搬するため、緩い右カープの道路を大型トレーラーで走行中、道路わきのガードレールに接触後、車両感知器の支柱に衝突し炎上した。現場は緩い右カーブであった。","4","運輸交通業","403","道路貨物運送業","40301","一般貨物自動車運送業","1~9","2","物上げ装置、運搬機械","22","動力運搬機","221","トラック","17","交通事故（道路）"
"10","2004","平成","16","8","13~14","ガソリンスタンド解体工事において、地下にあるガソリンタンクを洗浄するため残留ガソリンを抜き、中和剤の散布および換気をした後、タンク内に入り清掃作業を開始したところ、突然爆発した。","17","その他の事業","1702","その他の事業","170209","その他の事業－その他","30~49","3","その他の装置等","32","化学設備","321","化学設備","14","爆発"
"11","2004","平成","16","10","10~11","紙箱を製作する工場において、打抜機を用いて板紙の打ち抜き作業を行っていたところブレーキがきかず打抜機の面板に挟まれた。","1","製造業","106","パルプ・紙・紙加工品製造業","10602","紙加工品製造業","10~29","1","動力機械","16","一般動力機械","169","その他の一般動力機械","7","はさまれ、巻き込まれ"
"12","2004","平成","16","10","18~19","トレーラーを運転中、国道の左カーブを曲がりきれずに道路右側へ逸脱横転し、その反動で車外へ放り出され車の下敷きになった。","4","運輸交通業","403","道路貨物運送業","40301","一般貨物自動車運送業","1~9","2","物上げ装置、運搬機械","22","動力運搬機","221","トラック","17","交通事故（道路）"
"13","2004","平成","16","10","11~12","一人で、排水槽の浚渫作業のため中に入りストレーナー(ろ過器)の泥を取り除く作業をしていたところ、槽内にある仕切り壁(高さ2m)を乗り越えてきた泥に埋まった。","2","鉱業","203","その他の鉱業","20301","金属鉱業","100~299","7","環境等","71","環境等","719","その他の環境等","10","おぼれ"
"14","2004","平成","16","11","23~24","トラック(4t)に家具を積載し緩やかな右カーブを走行中、反対車線のトラックがセンターラインを超えて来て衝突し、さらに後続のトラックに追突され、車体が炎上した。","4","運輸交通業","403","道路貨物運送業","40301","一般貨物自動車運送業","30~49","2","物上げ装置、運搬機械","22","動力運搬機","221","トラック","17","交通事故（道路）"
"15","2004","平成","16","12","9~10","高速道路のインターから降りた坂道で路面凍結により前方の車が滑って逆向きに停車したため接触し、車を停止し車外に出たところ、後続車に激突された。","8","商業","802","小売業","80209","その他の小売業","30~49","2","物上げ装置、運搬機械","23","乗物","231","乗用車、バス、バイク","17","交通事故（道路）"
"16","2004","平成","16","5","13~14","自社ビルの上層階から飛び降り自殺をした。","1","製造業","111","非鉄金属製造業","11101","非鉄金属精錬・圧延業","300~499","9","その他","92","起因物なし","921","起因物なし","90","その他"
"17","2004","平成","16","2","8~9","法面(のりめん)工事において、フリーフレーム用アンカー作業中、クローラクレーン(つり上げ荷重80t)で作業架台を約20mつり上げ、作業者の3名は法面(のりめん)上部から架台に乗り移るため親綱にロリップを取り付け順次作業架台に移動し、最後の作業者が架台に乗り移ったとき、クローラクレーンが転倒し作業架台とともに作業者が墜落した。","3","建設業","301","土木工事業","30108","砂防工事業","10~29","2","物上げ装置、運搬機械","21","動力クレーン等","212","移動式クレーン","1","墜落、転落"
"18","2004","平成","16","2","8~9","法面(のりめん)工事において、フリーフレーム用アンカー作業中、クローラクレーン(つり上げ荷重80t)で作業架台を約20mつり上げ、作業者の3名は法面(のりめん)上部から架台に乗り移るため親綱にロリップを取り付け順次作業架台に移動し、最後の作業者が架台に乗り移ったとき、クローラクレーンが転倒し作業架台とともに作業者が墜落した。","3","建設業","301","土木工事業","30108","砂防工事業","10~29","2","物上げ装置、運搬機械","21","動力クレーン等","212","移動式クレーン","1","墜落、転落"
"19","2004","平成","16","3","13~14","河川改修工事において、農業用水路の水門を解体するため、ドラグ・ショベルを使用し、河川内に土嚢を積んでせき止める作業中、土嚢の下の川床に敷くためのブルーシートを持って、ドラグ・ショベル後部と解体中の水門の間を通り抜けようとした際に、水門と旋回したドラグ・ショベルの右カウンターウエイトとの間に挟まれた。","3","建設業","301","土木工事業","30107","河川土木工事業","10~29","1","動力機械","14","建設機械等","142","掘削用機械","7","はさまれ、巻き込まれ"
"20","2004","平成","16","3","11~12","国道を大型トラックで走行中、カーブした登り坂に差し掛かったところ、対向してきた大型トレーラーが道路中央線をオーバーし、これと衝突した。","4","運輸交通業","403","道路貨物運送業","40301","一般貨物自動車運送業","10~29","2","物上げ装置、運搬機械","22","動力運搬機","221","トラック","17","交通事故（道路）"
"21","2004","平成","16","4","4~5","タクシーを運転して交差点を走行していたところ、右側から一方通行を逆走して交差点に進入してきた乗用車と衝突した。","4","運輸交通業","402","道路旅客運送業","40201","ハイヤー・タクシー業","500~999","2","物上げ装置、運搬機械","23","乗物","231","乗用車、バス、バイク","17","交通事故（道路）"
"22","2004","平成","16","7","22~23","建築工事現場において、コンクリートポンプ車の洗浄作業中、車体と左後部アウトリガーとの間に挟まれた。","3","建設業","301","土木工事業","30199","その他の土木工事業","10~29","1","動力機械","14","建設機械等","149","その他の建設機械等","7","はさまれ、巻き込まれ"
"23","2004","平成","16","8","1~2","25tトラック(冷凍車)を運転し、国道を走行中、突然、対向車線にはみ出し、中央分離帯を越えて道路右側のガードレールを突破、側道に飛び出し、車外に放り出されトラックの下敷きとなった。","4","運輸交通業","403","道路貨物運送業","40301","一般貨物自動車運送業","100~299","2","物上げ装置、運搬機械","22","動力運搬機","221","トラック","17","交通事故（道路）"
"24","2004","平成","16","8","16~17","養豚場の浄化槽新設に伴い排水管埋設作業(延長300m)を行っていた際に掘削溝が崩壊し、生き埋めとなった。","3","建設業","301","土木工事業","30110","上下水道工事業","1~9","7","環境等","71","環境等","711","地山、岩石","5","崩壊、倒壊"
"25","2004","平成","16","9","10~11","デパートの開店前の店内のエレベーター起動作業の際、外部開放キー(強制的にエレベーターの扉を開ける道具)を用いて、1階エレベーターの外部から扉を開けた直後、エレベーターのピット内に墜落した。","17","その他の事業","1702","その他の事業","170201","警備業","1~9","4","仮設物、建築物、構築物等","41","仮設物、建築物、構築物等","414","開口部","1","墜落、転落"
"26","2004","平成","16","10","13~14","集荷作業のため土産物店横の歩道にトラックを駐車し、荷台に積み込み作業中、車両が動き出したため、慌てて運転席に乗り込もうとしたが、間に合わず店舗のコンクリート壁とトラックの荷台との間に挟まれた。","4","運輸交通業","403","道路貨物運送業","40301","一般貨物自動車運送業","1~9","2","物上げ装置、運搬機械","22","動力運搬機","221","トラック","17","交通事故（道路）"
"27","2004","平成","16","10","13~14","ダム取水口(水深約4.9m)に堆積した沈木等の除去作業中、取水口のゲート下部の隙間に吸い込まれて身動きがとれなくなり、その後、取水口から下流に流され溺死した。","3","建設業","301","土木工事業","30199","その他の土木工事業","1~9","7","環境等","71","環境等","713","水","10","おぼれ"
"28","2004","平成","16","10","9~10","2t保冷車を運転中、町道の緩い右カーブにおいて道路左側に転落した。","1","製造業","101","食料品製造業","10102","水産食料品製造業","10~29","2","物上げ装置、運搬機械","22","動力運搬機","221","トラック","17","交通事故（道路）"
"29","2004","平成","16","11","9~10","バッテリー式フォークリフト(重量2.6t)を他の倉庫に移動させるため、車両積載形トラッククレーン(4t車、能力2.93t)を使用し、トラックの荷台に積み込む作業中、フォークリフトをつり上げ、荷台上に移動させようとしたところ、玉掛けしたワイヤロープが切断し、近くにいた作業者が落下したフォークリフトの下敷きとなった。","1","製造業","117","その他の製造業","11701","自動車整備業","1~9","3","その他の装置等","37","用具","372","玉掛用具","4","飛来、落下"
"30","2004","平成","16","12","21~22","ドラグ・ショベルを運転し間伐材搬出のための林道の拡幅作業を行っていたところ、林道片側の斜面が幅16mに渡って立木とともに崩落し、その土砂や倒木に巻き込まれドラグ・ショベルごと谷底(約50m)に墜落した。","6","農林業","602","林業","60201","木材伐出業","10~29","7","環境等","71","環境等","711","地山、岩石","1","墜落、転落"
"31","2004","平成","16","3","11~12","錨を製造する工程において油圧プレス機械で鉄板の曲げ加工中、油圧ポンプを操作し材料を押し曲げたところ上部金型が破損し、破片がプレス機械の前方でプレス機械の操作をしていた被災者に飛来した。","1","製造業","112","金属製品製造業","11209","その他の金属製品製造業","1~9","1","動力機械","15","金属加工用機械","154","プレス機械","4","飛来、落下"
"32","2004","平成","16","10","1~2","青果物を市場に運搬するため4tトラックで国道を走行中、交差点で信号待ちのため停車中のトレーラーに追突し、車内に閉じ込められた。","8","商業","801","卸売業","80109","その他の卸売業","1~9","2","物上げ装置、運搬機械","22","動力運搬機","221","トラック","17","交通事故（道路）"
"33","2004","平成","16","3","10~11","土場にある支障木(樹高約13m)の伐倒作業において、伐倒木の下敷きになった。","6","農林業","602","林業","60201","木材伐出業","1~9","7","環境等","71","環境等","712","立木等","6","激突され"
"34","2004","平成","16","4","8~9","土地区画整理工事現場において不整地運搬車の運行経路上で盛土を掘削するための目印となる水糸を巻き取っていたところ、後方から近づいてきた不整地運搬車のクローラにひかれた。","3","建設業","301","土木工事業","30109","土地整理土木工事業","30~49","2","物上げ装置、運搬機械","22","動力運搬機","227","不整地運搬車","6","激突され"
"35","2004","平成","16","5","9~10","観光バスを運転して高速道を走行中、徐々に中央分離帯の盛り土に乗り上げ、運転席側が下になり横転した。","4","運輸交通業","402","道路旅客運送業","40202","バス業","10~29","2","物上げ装置、運搬機械","23","乗物","231","乗用車、バス、バイク","17","交通事故（道路）"
"36","2004","平成","16","5","7~8","国道でセミトレーラーを運転中、運転を誤り道路の下に転落した。","4","運輸交通業","403","道路貨物運送業","40301","一般貨物自動車運送業","10~29","2","物上げ装置、運搬機械","22","動力運搬機","221","トラック","17","交通事故（道路）"
"37","2004","平成","16","7","1~2","牛乳の運搬を終えて会社に帰る途中の休憩において、国道沿いのドライブインの駐車場にトラックを停車させて下車したところ、トラックが突然自走した。このためトラックを止めるためにトラックの前方に入ったが、そのままトラックの下敷きとなった。","4","運輸交通業","403","道路貨物運送業","40301","一般貨物自動車運送業","50~99","2","物上げ装置、運搬機械","22","動力運搬機","221","トラック","17","交通事故（道路）"
"38","2004","平成","16","8","23~24","ライトバンを運転中、直線道路で何らかの原因で蛇行状態となり、対向車線にはみ出し対向の乗用車と正面衝突し、その後、路肩に転落した。","15","清掃・と畜業","1501","清掃・と畜業","150101","ビルメンテナンス業","1~9","2","物上げ装置、運搬機械","23","乗物","231","乗用車、バス、バイク","17","交通事故（道路）"
"39","2004","平成","16","8","15~16","作業ローテーションで別の作業場所に移動するため正規の通路を通らず休止中の機械の上を通っていた際に幅約90センチメートルのすき間から約3m下のコンクリート床面に墜落した。","17","その他の事業","1702","その他の事業","170209","その他の事業－その他","50~99","1","動力機械","16","一般動力機械","169","その他の一般動力機械","1","墜落、転落"
"40","2004","平成","16","8","16~17","乗用自動車を運転中、トンネル内において、運転を誤って対向車線に進入して対向してきた大型トレーラと正面衝突した。","8","商業","802","小売業","80209","その他の小売業","10~29","2","物上げ装置、運搬機械","23","乗物","231","乗用車、バス、バイク","17","交通事故（道路）"
"41","2004","平成","16","9","11~12","天井クレーンでホッパーをつり上げ、車両積載形トラッククレーンの荷台に乗せようとして、荷台にホッパーを降ろそうとした時、つり荷がクランプから外れ被災者を直撃し、その反動で被災者はトラック荷台から転落した。","1","製造業","112","金属製品製造業","11209","その他の金属製品製造業","10~29","6","荷","61","荷","611","荷姿の物","6","激突され"
"42","2004","平成","16","9","7~8","工事現場に向うため、会社を車両3台で出発した。先頭を走行していた小型貨物自動車が信号待ちのため停止したところへ、2台目を走行していた普通貨物自動車がブレーキを掛けたが間に合わずに衝突し、普通貨物自動車を運転していた被災者が死亡した。","3","建設業","301","土木工事業","30106","道路建設工事業","10~29","2","物上げ装置、運搬機械","22","動力運搬機","221","トラック","17","交通事故（道路）"
"43","2004","平成","16","10","17~18","7人で肥料の入ったフレコンバック(重量500キログラム)のはい(4列×3~4列で4~5段積み)の上部にブルーシートを掛ける作業中、隣接するフレコンバックのはい(2列×4列、4段積み)の一部が崩壊し、地上で作業していた被災者が、その下敷きになった。","4","運輸交通業","403","道路貨物運送業","40301","一般貨物自動車運送業","10~29","6","荷","61","荷","611","荷姿の物","5","崩壊、倒壊"
"44","2004","平成","16","10","18~19","昇降盤で、製品となるテーブル用の天板の外周の面の加工作業中に、材が反ぱつして、被災者に当たった。","1","製造業","105","家具・装備品製造業","10501","木製家具製造業","30~49","1","動力機械","13","木材加工用機械","131","丸のこ盤","4","飛来、落下"
"45","2004","平成","16","12","15~16","工事現場から乗用車で国道を走行中、乗用車がスリップして対向車線に進入し、対向車の大型ダンプトラックと正面衝突した。","3","建設業","301","土木工事業","30106","道路建設工事業","1~9","2","物上げ装置、運搬機械","23","乗物","231","乗用車、バス、バイク","17","交通事故（道路）"
"46","2004","平成","16","2","10~11","保冷車(最大積載量2t)を運転中、交差点で右折のために停車中の前方のダンプへ後方から追突した。","8","商業","802","小売業","80209","その他の小売業","10~29","2","物上げ装置、運搬機械","22","動力運搬機","221","トラック","17","交通事故（道路）"
"47","2004","平成","16","8","15~16","発電設備の使用前自主検査を実施中、負荷遮断試験が終了したところで、蒸気タービンが停止したその直後、蒸気タービンの排気管(直径60センチメートル)に接続されたエキスパンション(伸縮継手)部分が破裂し、その破片がタービン発電機室で点検作業を行っていた被災者に当たった。","3","建設業","303","その他の建設業","30301","電気通信工事業","300~499","3","その他の装置等","31","圧力容器","312","圧力容器","15","破裂"
"48","2004","平成","16","9","13~14","地ごしらえ作業の現地確認のために、傾斜地の上部に乗用車を駐車し、道具類を車内後部から取り出そうとした際、動き出した乗用車にひかれた。","6","農林業","602","林業","60209","その他の林業","1~9","2","物上げ装置、運搬機械","23","乗物","231","乗用車、バス、バイク","7","はさまれ、巻き込まれ"
"49","2004","平成","16","10","14~15","トレーラーの積載重量を計量するため車両計測器にトレーラーを移動し、計量後トレーラーを前進させハンドルを左に切ったところ、近くにいた被災者がトレーラー荷台後部と建物の外壁との間に挟まれた。","1","製造業","112","金属製品製造業","11209","その他の金属製品製造業","10~29","2","物上げ装置、運搬機械","22","動力運搬機","221","トラック","7","はさまれ、巻き込まれ"
"50","2004","平成","16","10","17~18","橋梁工事において25t移動式クレーンを用いてエレクションガーダーの仮ベンド撤去作業中、仮ベンドの上に敷いていた鉄板を地上へ降ろすために、鉄板にクランプを取り付け単管をコロにして移動させていたところ、鉄板が滑り落ちてつり足場に落下、それと同時に被災者は鉄板を避けようとして、高さ約3.6m下の橋脚上に墜落した。","3","建設業","301","土木工事業","30105","橋梁建設工事業","10~29","4","仮設物、建築物、構築物等","41","仮設物、建築物、構築物等","418","建築物、構築物","1","墜落、転落"
"51","2004","平成","16","12","10~11","バスの運転業務中、前方を走るトラックが左折するため減速したところに後方から追突した。","4","運輸交通業","402","道路旅客運送業","40202","バス業","100~299","2","物上げ装置、運搬機械","23","乗物","231","乗用車、バス、バイク","17","交通事故（道路）"
"52","2004","平成","16","9","15~16","バッテリー式フォークリフトを使用して、倉庫内でパレットに乗った荷(ペーパータオルが箱詰めされたもの)を荷置き作業をしていた時に、パレット二段積みの上部が荷崩れした。このため被災者は運転席前に載り、ヘッドガードとマストの間からこれを直そうとしたが、この時、誤ってティルトレバーに触れたためにフォークリフトのマストが傾斜し、ヘッドガードとマストとの間に挟まれた。","5","貨物取扱業","501","陸上貨物取扱業","50101","陸上貨物取扱業","1~9","2","物上げ装置、運搬機械","22","動力運搬機","222","フォークリフト","7","はさまれ、巻き込まれ"
"53","2004","平成","16","12","20~21","フォークローダーを使用してトラック上の丸太を荷降ろしし、ローダーを所定の場所に置いたあと、トラックの向きを変えたとき、近くで作業をしていた同僚にトラックがぶつかった。","4","運輸交通業","403","道路貨物運送業","40301","一般貨物自動車運送業","10~29","2","物上げ装置、運搬機械","22","動力運搬機","221","トラック","7","はさまれ、巻き込まれ"
"54","2004","平成","16","1","16~17","ブル・ドーザーを運転してゴミの集積・締固め等の作業を行っていた際に、堆積したゴミの山からブル・ドーザーごと転落した。","15","清掃・と畜業","1501","清掃・と畜業","150103","その他の廃棄物処理業","10~29","1","動力機械","14","建設機械等","141","整地・運搬・積込み用機械","1","墜落、転落"
"55","2004","平成","16","6","9~10","海水を取水する貯水槽の清掃作業中、槽内で発生した硫化水素ガスにより被災した。","15","清掃・と畜業","1501","清掃・と畜業","150109","その他の清掃・と畜業","1~9","5","物質、材料","51","危険物、有害物等","514","有害物","12","有害物等との接触"
"56","2004","平成","16","6","17~18","事業場の敷地内において、農業用トラクターにプラウ(畑の土を起こし平滑にならす機械)を取り付けるため、運転手がトラクターを後退させたところ、被災者がトラクターとプラウの間に挟まれた。","6","農林業","601","農業","60101","農業","10~29","1","動力機械","16","一般動力機械","169","その他の一般動力機械","7","はさまれ、巻き込まれ"
"57","2004","平成","16","7","8~9","麦の乾燥工場内において、設備上を移動していた際に、足を滑らせて、約9m下の床面に墜落した。","17","その他の事業","1702","その他の事業","170209","その他の事業－その他","50~99","3","その他の装置等","34","炉窯等","342","乾燥設備","1","墜落、転落"
"58","2004","平成","16","7","11~12","牛の排泄物運搬等に使用しているトラクター・ショベルのエンジンルームの清掃を行うため、後輪を角材の上に乗せエンジンルームの底板を取り外すため車両の下に潜って作業していたところ、後輪が角材端部から落ち車両と地面の間に挟まれた。","7","畜産・水産業","701","畜産業","70101","畜産業","1~9","1","動力機械","14","建設機械等","141","整地・運搬・積込み用機械","7","はさまれ、巻き込まれ"
"59","2004","平成","16","8","6~7","曳航される小型船舶で、作業箇所付近まで移動中、横波により当該船舶が転覆した。","7","畜産・水産業","702","水産業","70201","漁業","10~29","2","物上げ装置、運搬機械","23","乗物","239","その他の乗物","18","交通事故（その他）"
"60","2004","平成","16","9","10~11","交差点において、10tトラックとライトバンが出会い頭に衝突し、ライトバンに乗車していた2名が死亡し、トラックの運転手が軽傷を負った。","3","建設業","301","土木工事業","30199","その他の土木工事業","30~49","2","物上げ装置、運搬機械","23","乗物","231","乗用車、バス、バイク","17","交通事故（道路）"
"61","2004","平成","16","9","10~11","交差点において、10tトラックとライトバンが出会い頭に衝突し、ライトバンに乗車していた2名が死亡し、トラックの運転手が軽傷を負った。","3","建設業","301","土木工事業","30199","その他の土木工事業","30~49","2","物上げ装置、運搬機械","23","乗物","231","乗用車、バス、バイク","17","交通事故（道路）"
"62","2004","平成","16","9","18~19","帰社するため、事業場所有のワゴン車に乗車し、国道を走行中、信号機のない町道との十字路交差点において、側方より走行してきた軽自動車と衝突した。","3","建設業","301","土木工事業","30106","道路建設工事業","10~29","2","物上げ装置、運搬機械","23","乗物","231","乗用車、バス、バイク","17","交通事故（道路）"
"63","2004","平成","16","9","18~19","帰社するため、事業場所有のワゴン車に乗車し、国道を走行中、信号機のない町道との十字路交差点において、側方より走行してきた軽自動車と衝突した。","3","建設業","301","土木工事業","30106","道路建設工事業","10~29","2","物上げ装置、運搬機械","23","乗物","231","乗用車、バス、バイク","17","交通事故（道路）"
"64","2004","平成","16","9","13~14","ブル・ドーザーを用いて伐倒木の集材作業中、被災者が伐倒木にワイヤロープを掛け、同僚が運転するブル・ドーザーのウインチで牽引したところ、伐倒木に引きずられたつるが枯れ木に引っかかり、枯れ木が根本から倒れ、被災者にぶつかった。","6","農林業","602","林業","60201","木材伐出業","1~9","7","環境等","71","環境等","712","立木等","5","崩壊、倒壊"
"65","2004","平成","16","10","14~15","馬鈴薯の収穫に使用している農業用機械(ハーベスター)の清掃を行うため、高圧洗浄機を用いて作業していたところ、トラクターとハーベスターを連結しているプロペラシャフトに巻き込まれた。","6","農林業","601","農業","60101","農業","1~9","2","物上げ装置、運搬機械","22","動力運搬機","229","その他の動力運搬機","7","はさまれ、巻き込まれ"
"66","2004","平成","16","4","17~18","工場の屋根上(高さ約14m)における作業終了後に地上に降りるため建屋外壁に既設の垂直はしごに乗り移ろうとした際、はしごの上端に設けられていた手すりが腐食していたため脱落し、地上に墜落した。","3","建設業","302","建築工事業","30209","その他の建築工事業","10~29","3","その他の装置等","37","用具","371","はしご等","1","墜落、転落"
"67","2004","平成","16","6","21~22","高炉ガス等を燃料とするボイラー内部の点検修理準備のため、ボイラーの運転を停止しボイラーを冷却中に、ボイラー室内でバルブの操作を行っていたところ一酸化炭素中毒となった。","1","製造業","110","鉄鋼業","11001","製鉄・製鋼・圧延業","500~999","5","物質、材料","51","危険物、有害物等","514","有害物","12","有害物等との接触"
"68","2004","平成","16","7","14~15","コンパネ材をトレーラーに積み直す作業で、繊維ロープをほどいていたところ、荷が落下して下敷きになった。","4","運輸交通業","403","道路貨物運送業","40301","一般貨物自動車運送業","10~29","6","荷","61","荷","611","荷姿の物","4","飛来、落下"
"69","2004","平成","16","8","15~16","朴の木に上り枝切りをしていたところ、幹が反時計回りにねじれ、バランスを崩して高さ約3mの所から墜落した。","3","建設業","301","土木工事業","30199","その他の土木工事業","10~29","7","環境等","71","環境等","712","立木等","1","墜落、転落"
"70","2004","平成","16","9","8~9","コンクリートミキサー車を運転中、対向車線をダンプカーが走行してきたため、いったん停止し窓から身を乗り出した状態でバックしたところ、道路幅が3mほど狭くなっている地点にさしかかったときに助手席側の後輪が脱輪し、路肩から転落横転し立木とミキサー車の間に挟まれた。","4","運輸交通業","403","道路貨物運送業","40301","一般貨物自動車運送業","10~29","2","物上げ装置、運搬機械","22","動力運搬機","221","トラック","17","交通事故（道路）"
"71","2004","平成","16","1","23~24","フェリーに乗船するため国道を走行中、対向車線を走行してきた大型トラックと正面衝突した。","4","運輸交通業","403","道路貨物運送業","40301","一般貨物自動車運送業","30~49","2","物上げ装置、運搬機械","22","動力運搬機","221","トラック","17","交通事故（道路）"
"72","2004","平成","16","6","13~14","木造家屋建築工事現場において、サッシに窓ガラスを取り付けるため、足場(高さ1.7m)に上がり、下にいる同僚と窓ガラスを持ち上げていたところ、ガラス運搬用工具のゴム製吸盤が外れたため窓ガラスが落ちて割れ、その反動で足場から落ち、割れたガラス上に墜落し、さらにガラスの破片で切った。","3","建設業","302","建築工事業","30203","建築設備工事業","1~9","4","仮設物、建築物、構築物等","41","仮設物、建築物、構築物等","411","足場","1","墜落、転落"
"73","2004","平成","16","7","13~14","道路の排水溝設置工事において、U字溝敷設用モルタルの練合せ、運搬の作業中、熱中症になった。","3","建設業","301","土木工事業","30106","道路建設工事業","10~29","7","環境等","71","環境等","719","その他の環境等","90","その他"
"74","2004","平成","16","8","8~9","電柱移設工事において、トラックを後退させようとしたところ斜面に止まっていたトラック(エンジン停止中)が徐々に前方に動きだし、トラック前方に回り込み停止させようとしたが停止させることができず、トラックとその前の建柱車に挟まれた。","3","建設業","303","その他の建設業","30301","電気通信工事業","10~29","2","物上げ装置、運搬機械","22","動力運搬機","221","トラック","7","はさまれ、巻き込まれ"
"75","2004","平成","16","8","7~8","舗装用材料を積載した大型ダンプトラックを運転中、進行方向左側から交差点に進入してきた積載形トラッククレーン右側面のアウトリガー部に衝突した。","4","運輸交通業","403","道路貨物運送業","40301","一般貨物自動車運送業","100~299","2","物上げ装置、運搬機械","22","動力運搬機","221","トラック","17","交通事故（道路）"
"76","2004","平成","16","9","10~11","護岸付近の水深18mの個所でフーカ式潜水器を用いて取水管の接続作業(ボルト締め)を行っていたところ、何らかの原因により潜水士船のコンプレッサーが故障し、潜水器への送気が停止した。","3","建設業","301","土木工事業","30111","港湾海岸工事業","100~299","7","環境等","71","環境等","713","水","10","おぼれ"
"77","2004","平成","16","10","15~16","チェーンソーにより立木の伐採作業中、先に伐倒した立木がかかり木になったが、そのままの状態で次の立木を伐倒し、枝払い作業を行っていたところ、かかり木になっていた伐倒木が落下し、被災者に当たった。","6","農林業","602","林業","60201","木材伐出業","10~29","7","環境等","71","環境等","712","立木等","4","飛来、落下"
"78","2004","平成","16","11","13~14","防波堤建設工事現場において消波ブロックをクレーン船で海中に設置作業中、設置済みの消波ブロック側面と次に設置予定のためクレーンにつられて海中で一時停止させた状態(着床していない)の消波ブロック側面との間に挟まれた。","3","建設業","301","土木工事業","30111","港湾海岸工事業","10~29","2","物上げ装置、運搬機械","21","動力クレーン等","212","移動式クレーン","6","激突され"
"79","2004","平成","16","11","23~24","トラックで国道を走行中、上記災害発生場所で対向車線にはみ出して対向車のトラックと正面衝突した。","4","運輸交通業","403","道路貨物運送業","40301","一般貨物自動車運送業","30~49","2","物上げ装置、運搬機械","22","動力運搬機","221","トラック","17","交通事故（道路）"
"80","2004","平成","16","12","4~5","曳網漁船で漁場に向けて出港後まもなく、何らかの原因で海中に転落し、行方不明となった。","7","畜産・水産業","702","水産業","70201","漁業","1~9","2","物上げ装置、運搬機械","23","乗物","239","その他の乗物","10","おぼれ"
"81","2004","平成","16","4","13~14","屋内ロビーの窓ガラスを清掃作業中、はしごから墜落した。","15","清掃・と畜業","1501","清掃・と畜業","150101","ビルメンテナンス業","10~29","3","その他の装置等","37","用具","371","はしご等","1","墜落、転落"
"82","2004","平成","16","9","14~15","強風ではがれた車庫の屋根を、吹き飛ばないように切断し固定する作業を行っていたところ、強風でバランスを失い、約5m下の地面に墜落した。","3","建設業","302","建築工事業","30202","木造家屋建築工事業","10~29","4","仮設物、建築物、構築物等","41","仮設物、建築物、構築物等","415","屋根、はり、もや、けた、合掌","1","墜落、転落"
"83","2004","平成","16","1","17~18","ワゴン車で走行中、対向車線にはみ出し、対向車の大型バスと衝突した。","3","建設業","301","土木工事業","30105","橋梁建設工事業","1~9","2","物上げ装置、運搬機械","23","乗物","231","乗用車、バス、バイク","17","交通事故（道路）"
"84","2004","平成","16","3","22~23","抄紙機の調整・洗浄作業中にリターンロールに巻き込まれた。","1","製造業","106","パルプ・紙・紙加工品製造業","10601","パルプ・紙製造業","50~99","1","動力機械","16","一般動力機械","169","その他の一般動力機械","7","はさまれ、巻き込まれ"
"85","2004","平成","16","11","10~11","乗用車の車検整備作業中、交換が必要な部品(排気温センサー)を同一メーカーの廃車から取り外そうと、廃車の前部側方に油圧ジャッキをあてて約50センチメートルリフトアップさせた後、車両下部に潜って取り外し作業を行っていたところ、突然車が後方にずれ、同時にジャッキが倒れたため、車の下敷きとなった。","1","製造業","117","その他の製造業","11701","自動車整備業","1~9","2","物上げ装置、運搬機械","23","乗物","231","乗用車、バス、バイク","7","はさまれ、巻き込まれ"
"86","2004","平成","16","2","8~9","河川の流雪溝の取水口付近で氷雪を捨てる作業中に川に流された。","1","製造業","116","電気・ガス・水道業","11603","水道業","10~29","7","環境等","71","環境等","713","水","10","おぼれ"
"87","2004","平成","16","4","15~16","木材製品製造工場の工場建屋内に駐車するために移動していたトラクター・ショベルの後方に誤って立ち入り、後退してきたトラクター・ショベルに接触した。","1","製造業","104","木材・木製品製造業","10401","製材業","1~9","1","動力機械","14","建設機械等","141","整地・運搬・積込み用機械","7","はさまれ、巻き込まれ"
"88","2004","平成","16","1","9~10","ロータリー除雪車を用いての除雪・排雪作業中に、道路の左側の除雪作業を行っていた除雪車が前方の交差点でUターンしようとして、オーガーを持ち上げて道路の右側に移動し、前進していたところに、除雪車と並進歩行していた被災者が除雪車の前に滑り込むようにして転倒し、車輪にひかれた。","3","建設業","301","土木工事業","30106","道路建設工事業","30~49","1","動力機械","14","建設機械等","149","その他の建設機械等","7","はさまれ、巻き込まれ"
"89","2004","平成","16","3","10~11","トラックにおがくずを積込み、荷台にシートを掛けていたところ、トラックの荷台(高さ約3m)から墜落した。","1","製造業","104","木材・木製品製造業","10401","製材業","10~29","2","物上げ装置、運搬機械","22","動力運搬機","221","トラック","1","墜落、転落"
"90","2004","平成","16","6","20~21","車で走行中、ハンドル操作を誤り、路外へ転落した。","4","運輸交通業","403","道路貨物運送業","40301","一般貨物自動車運送業","50~99","2","物上げ装置、運搬機械","23","乗物","231","乗用車、バス、バイク","17","交通事故（道路）"
"91","2004","平成","16","1","8~9","コンベヤの除雪作業中、コンベヤの上に乗り、上部に設置してあるモーターの調整を行っていたところ、コンベヤ先端と点検用通路の間の砂利投下口から約5m下の地面に墜落した。","2","鉱業","202","土石採取業","20202","砂利採取業","1~9","4","仮設物、建築物、構築物等","41","仮設物、建築物、構築物等","414","開口部","1","墜落、転落"
"92","2004","平成","16","2","7~8","トラックを運転し、トンネルを走行中、トンネル出口付近でブラックアイスバーンによりスリップして、トンネル側壁に衝突し、更にトンネルを抜けたところにある中央分離帯に激突、横転した。","4","運輸交通業","403","道路貨物運送業","40301","一般貨物自動車運送業","30~49","2","物上げ装置、運搬機械","22","動力運搬機","221","トラック","17","交通事故（道路）"
"93","2004","平成","16","5","10~11","フォークアタッチメントを装着した農業用トラクターで、麦稈ロール(直径1.8m・幅1.2m、重量約200キログラム)を運搬する作業を行っていたところ、フォーク上に載せていた麦稈ロールが運転席側に転がり落ち、運転中の被災者に激突した。","7","畜産・水産業","701","畜産業","70101","畜産業","30~49","1","動力機械","16","一般動力機械","169","その他の一般動力機械","4","飛来、落下"
"94","2004","平成","16","7","9~10","ブル・ドーザー(機体重量15.58t)を運転し、水面から高さ約3m、勾配20~28度の法面(のりめん)を整形しようと上部から法面に沿って降りていたところ、そのままブル・ドーザーごとダム貯水池(水深約3m)に転落した。","3","建設業","301","土木工事業","30107","河川土木工事業","50~99","1","動力機械","14","建設機械等","141","整地・運搬・積込み用機械","1","墜落、転落"
"95","2004","平成","16","2","16~17","シャッターの上扉(上下スライド式で、扉は波形鉄板とアングルにより製作されている。下扉は1tの電動チェーンブロックで昇降させており、上扉は下扉の下端アングル部分に引っ掛けて昇降させる)がレールのストッパーを突き破り落下し被災者を直撃した。","17","その他の事業","1702","その他の事業","170209","その他の事業－その他","50~99","3","その他の装置等","39","その他の装置、設備","391","その他の装置、設備","4","飛来、落下"
"96","2004","平成","16","3","15~16","貨物船から合板をおろす荷役作業中、揚貨装置運転手への誘導を行っていたところ、前進してきたフォークリフトにひかれた。","5","貨物取扱業","502","港湾運送業","50202","港湾荷役業","10~29","2","物上げ装置、運搬機械","22","動力運搬機","222","フォークリフト","7","はさまれ、巻き込まれ"
"97","2004","平成","16","3","16~17","社用車で国道を走行中、対向車線にはみ出し、対向して来た車両と正面衝突した。","8","商業","801","卸売業","80109","その他の卸売業","10~29","2","物上げ装置、運搬機械","23","乗物","231","乗用車、バス、バイク","17","交通事故（道路）"
"98","2004","平成","16","1","11~12","社用車で走行中、渋滞により前走車が急停車したため追突を避けようとブレーキを掛け左にハンドルを切ったが止まれず、前走車の左後部に接触し停車した。そこへ後続のトラックが追突し、その衝撃で前方にはじかれ左車線に止まっていた他の車両に再追突した。","17","その他の事業","1702","その他の事業","170209","その他の事業－その他","10~29","2","物上げ装置、運搬機械","23","乗物","231","乗用車、バス、バイク","17","交通事故（道路）"
"99","2004","平成","16","4","8~9","病院の改修工事において、袋詰めされた石膏ボードをトラックの荷台に積み込む作業中、屋上の端から袋ごと墜落した。","3","建設業","302","建築工事業","30201","鉄骨・鉄筋コンクリート造家屋建築工事業","1~9","4","仮設物、建築物、構築物等","41","仮設物、建築物、構築物等","415","屋根、はり、もや、けた、合掌","1","墜落、転落"
"100","2004","平成","16","6","19~20","加工仕上げカッター室の巻き取り紙置き場において、巻き取り紙をクレーンでつり上げ移動させようとして、巻き取り紙と巻き取り紙の間に挟まれた。","1","製造業","106","パルプ・紙・紙加工品製造業","10609","その他のパルプ・紙・紙加工品製造業","100~299","6","荷","61","荷","611","荷姿の物","7","はさまれ、巻き込まれ"
"101","2004","平成","16","8","15~16","屋根葺き替え工事における外部足場の組立作業中、電気線の接続部分に触れ感電した。","3","建設業","302","建築工事業","30201","鉄骨・鉄筋コンクリート造家屋建築工事業","1~9","3","その他の装置等","35","電気設備","351","送配電線等","13","感電"
"102","2004","平成","16","9","11~12","フォークリフトを用いて、トラックに積載していた牧草ロールを倉庫に運搬する作業を行っていたところ、3段積み(高さ3.5m)の最上段の牧草ロールが落下し、落下地点付近で掃除をしていた被災者を直撃した。","4","運輸交通業","403","道路貨物運送業","40301","一般貨物自動車運送業","50~99","6","荷","61","荷","611","荷姿の物","5","崩壊、倒壊"
"103","2004","平成","16","9","11~12","雨漏りの修理の見積り作業で、伸縮式のアルミ製のはしごで屋根に上ろうとしたときに墜落した。","3","建設業","302","建築工事業","30209","その他の建築工事業","1~9","3","その他の装置等","37","用具","371","はしご等","1","墜落、転落"
"104","2004","平成","16","10","9~10","船から石炭を荷上げした際に所定場所まで運ぶ専用のベルトコンベアの塗装工事において、ベルトコンベアに付着した石炭の残りをベルトコンベアから取り除くために稼動させたところ、ベルトとベルトの間に入りコンベアの鉄骨部分の塗装作業を行っていた被災者がベルトとローラーの間に挟まれた。","3","建設業","302","建築工事業","30209","その他の建築工事業","1~9","2","物上げ装置、運搬機械","22","動力運搬機","224","コンベア","7","はさまれ、巻き込まれ"
"105","2004","平成","16","8","15~16","ゴルフ場でグリーンの芝刈りと機械整備を行っている時に、ハチに刺され、後に、アナフィラキーショック(蜂アレルギー)となった。","17","その他の事業","1702","その他の事業","170209","その他の事業－その他","10~29","7","環境等","71","環境等","719","その他の環境等","90","その他"
"106","2004","平成","16","1","10~11","特殊焼却施設内にある消石灰タンクが詰まり焼却運転中に頻繁に閉塞するため、タンクの消石灰を全て抜き取るためにタンク内部に入り、固まった消石灰を棒で押していたところ、消石灰に埋没した。","15","清掃・と畜業","1501","清掃・と畜業","150102","産業廃棄物処理業","50~99","3","その他の装置等","39","その他の装置、設備","391","その他の装置、設備","1","墜落、転落"
"107","2004","平成","16","1","4~5","トラックで走行中、対向の大型トレーラーが緩い左カーブでセンターラインを越えて飛び出し衝突した。","4","運輸交通業","403","道路貨物運送業","40301","一般貨物自動車運送業","50~99","2","物上げ装置、運搬機械","22","動力運搬機","221","トラック","17","交通事故（道路）"
"108","2004","平成","16","2","14~15","移動式クレーンで破砕機を架台にのせた後、ワイヤロープを外すために破砕機上部に上り、作業を終えて下りる際に転落した。","3","建設業","303","その他の建設業","30302","機械器具設置工事業","1~9","4","仮設物、建築物、構築物等","41","仮設物、建築物、構築物等","418","建築物、構築物","1","墜落、転落"
"109","2004","平成","16","2","8~9","鉄骨柱部材(重量2.5t)の塗装作業に先立ち、マスキングテープを貼るために、当該柱部材に取り付けられているプレートに足を掛けたところ、その荷重で柱部材が被災者側に倒れ、隣の同種部材との間に挟まれた。","3","建設業","302","建築工事業","30209","その他の建築工事業","1~9","5","物質、材料","52","材料","521","金属材料","7","はさまれ、巻き込まれ"
"110","2004","平成","16","3","10~11","建設現場から発生する残土を受け入れる作業場において、入場してくるトラックに廃棄場所を指示し、伝票を受け取る業務を行っていたところ、残土を廃棄し終え、バックしてきたダンプトラックにひかれた。","17","その他の事業","1702","その他の事業","170209","その他の事業－その他","1~9","2","物上げ装置、運搬機械","22","動力運搬機","221","トラック","6","激突され"
"111","2004","平成","16","4","0~1","敷鉄板(縦170センチメートル×横302センチメートル×厚さ2センチメートル、重量750キログラム)を5tトラックの荷台に、小型移動式クレーン(つり上げ荷重2.93t)で、つり上げようと、つりクランプ1個を敷板に掛けたところ、敷鉄板が倒れ、同敷鉄板とトラックの車体に挟まれた。","4","運輸交通業","403","道路貨物運送業","40301","一般貨物自動車運送業","1~9","3","その他の装置等","37","用具","372","玉掛用具","5","崩壊、倒壊"
"112","2004","平成","16","6","17~18","木造2階建て住宅の2階部分の増改築工事現場において、建物2階内部の片付け作業を終了後、2階作業床から足場に移動しようとしたところ、建物と足場との隙間から高さ約5.5m下の地面に墜落した。","3","建設業","302","建築工事業","30202","木造家屋建築工事業","1~9","4","仮設物、建築物、構築物等","41","仮設物、建築物、構築物等","414","開口部","1","墜落、転落"
"113","2004","平成","16","6","3~4","トラックで走行中、道路の中央分離帯に設置された標識に激突横転し、さらに、距離をおいて後ろから来たトラックに衝突された。","4","運輸交通業","403","道路貨物運送業","40301","一般貨物自動車運送業","50~99","2","物上げ装置、運搬機械","22","動力運搬機","221","トラック","17","交通事故（道路）"
"114","2004","平成","16","7","15~16","国道の路肩で橋梁工事に伴う支間長測量に従事していたところ、対向車を避けようとしてガードレールに衝突してきた軽乗用車に接触した。","3","建設業","301","土木工事業","30105","橋梁建設工事業","1~9","2","物上げ装置、運搬機械","23","乗物","231","乗用車、バス、バイク","17","交通事故（道路）"
"115","2004","平成","16","8","18~19","4tトラックを運転中、道路の右カーブで左側(助手席側)に横転し、トラックの運転席の屋根部がガードロープの支柱で押し潰され被災した。","8","商業","802","小売業","80209","その他の小売業","1~9","2","物上げ装置、運搬機械","22","動力運搬機","221","トラック","17","交通事故（道路）"
"116","2004","平成","16","7","9~10","木造住宅新築工事現場において、朝から基礎掘削作業に従事していたところ、熱中症になった。","3","建設業","302","建築工事業","30202","木造家屋建築工事業","10~29","7","環境等","71","環境等","715","高温・低温環境","11","高温・低温の物との接触"
"117","2004","平成","16","11","13~14","ガードレール部材をトレーラーに積み込むため、これをホイールクレーンで2mほどつり上げたところ、当該部材が落下、その下敷きとなった。","3","建設業","301","土木工事業","30106","道路建設工事業","50~99","3","その他の装置等","37","用具","372","玉掛用具","4","飛来、落下"
"118","2004","平成","16","11","9~10","訪問販売のため徒歩で営業活動中、信号機のある交差点の横断歩道を青信号で横断していたところ、右折してきたトラック(2t)にひかれた。","8","商業","802","小売業","80209","その他の小売業","10~29","2","物上げ装置、運搬機械","22","動力運搬機","221","トラック","17","交通事故（道路）"
"119","2004","平成","16","2","9~10","水路工事現場において、水路内に入り測量作業の補助作業を行っていたところ、前日に掘削した法面(のりめん)の上部が崩れ、さらに法面に設置していた鉄板(幅3m、高さ1.5m)が倒れて下敷きとなった。","3","建設業","301","土木工事業","30107","河川土木工事業","1~9","7","環境等","71","環境等","711","地山、岩石","5","崩壊、倒壊"
"120","2004","平成","16","2","10~11","2階建て住宅工事中、足場の2段目(高さ約3.5m)に立ち、ビス一箱を既設の中2階にいた他の作業者に手渡したところ、足を滑らせ墜落し、墜落個所付近に置かれていた溶接用アセチレンボンベにぶつかった。","3","建設業","302","建築工事業","30202","木造家屋建築工事業","1~9","4","仮設物、建築物、構築物等","41","仮設物、建築物、構築物等","411","足場","1","墜落、転落"
"121","2004","平成","16","6","11~12","貨物自家用車(車両重量1.76t)をエアーフロアジャッキ(耐圧荷重1.8t)でジャッキアップし、車両下部に潜り込んでのエンジンオイル交換作業中、車両が落下し下敷きとなった。","1","製造業","117","その他の製造業","11701","自動車整備業","1~9","3","その他の装置等","37","用具","379","その他の用具","7","はさまれ、巻き込まれ"
"122","2004","平成","16","8","15~16","病院改築工事現場内において、仮設の分電盤を撤去するため、天井裏の送配電線分岐ボックスにおいて送配電線の切り替え作業で、活線状態(電圧:100V、電流:20~40A)にて作業を行っていたところ、送配電線に触れ感電した。","3","建設業","303","その他の建設業","30301","電気通信工事業","1~9","3","その他の装置等","35","電気設備","351","送配電線等","13","感電"
"123","2004","平成","16","10","16~17","デジタルカメラ等のレンズの洗浄作業中、バスケットにレンズを差し込み、洗浄槽(トリクロルエチレン)に浸して洗浄していたところ、当該レンズが洗浄槽内に落ちたため、身を乗り出してレンズを取ろうとした際、有機溶剤の蒸気を吸い込み、誤って洗浄槽内に転落した。","1","製造業","113","一般機械器具製造業","11303","光学機械・レンズ製造業","1~9","5","物質、材料","51","危険物、有害物等","514","有害物","12","有害物等との接触"
"124","2004","平成","16","5","12~13","トラックで高速道を走行していたところ、道路左側のガードレールとフェンスを突き破って約10m下の町道に転落した。","4","運輸交通業","403","道路貨物運送業","40301","一般貨物自動車運送業","10~29","2","物上げ装置、運搬機械","22","動力運搬機","221","トラック","17","交通事故（道路）"
"125","2004","平成","16","12","9~10","赤松の立木をチェーンソーを使用して伐倒したところ、この伐倒木から2.5m離れた場所の赤松の小径木の幹が地面から約7mの個所で折れて落下し、被災者に当たった。","6","農林業","602","林業","60201","木材伐出業","1~9","7","環境等","71","環境等","712","立木等","4","飛来、落下"
"126","2004","平成","16","5","15~16","災害防止工事現場で落石防護工事終了に伴い、親綱の撤去作業を行っていたところ、ロックネットと法枠の間に転落した。","3","建設業","301","土木工事業","30106","道路建設工事業","10~29","7","環境等","71","環境等","711","地山、岩石","1","墜落、転落"
"127","2004","平成","16","1","17~18","スクリューコンベアを運転しながら高圧洗浄水で洗浄中、スクリューコンベア内に転落し巻き込まれた。","1","製造業","101","食料品製造業","10109","その他の食料品製造業","1~9","2","物上げ装置、運搬機械","22","動力運搬機","224","コンベア","7","はさまれ、巻き込まれ"
"128","2004","平成","16","1","10~11","軽トラックで走行中、信号のない交差点において、右折しようとしたところ、左側から走行してきたワゴン車と出合頭に衝突した。","3","建設業","303","その他の建設業","30301","電気通信工事業","10~29","2","物上げ装置、運搬機械","23","乗物","231","乗用車、バス、バイク","17","交通事故（道路）"
"129","2004","平成","16","9","16~17","4tダンプカーに乗り帰宅しようとしたところ、近くに止めていたドラグ・ショベルの運転席ドアが開いていたため、乗っていたダンプカーを止めて、当該ドラグ・ショベルの運転席ドアを締めようとした際、ダンプカーが動き出し手で止めようとしたが、止めきれずダンプカーとドラグ・ショベルの機体の間に挟まれた。","8","商業","802","小売業","80209","その他の小売業","1~9","2","物上げ装置、運搬機械","22","動力運搬機","221","トラック","7","はさまれ、巻き込まれ"
"130","2004","平成","16","10","11~12","杉の木の伐倒作業中、杉の木が倒れ、下敷きとなった。","6","農林業","602","林業","60201","木材伐出業","10~29","7","環境等","71","環境等","712","立木等","6","激突され"
"131","2004","平成","16","7","12~13","ガソリンスタンドで勤務中、売上金を盗もうとした同僚に殺害された。","8","商業","802","小売業","80204","燃料小売業","1~9","9","その他","99","分類不能","999","分類不能","99","分類不能"
"132","2004","平成","16","9","14~15","木造家屋建築工事現場において、2階窓の手すりを取り付けるための穴開け作業中、高さ約3.5mの足場から墜落した。","3","建設業","302","建築工事業","30202","木造家屋建築工事業","1~9","4","仮設物、建築物、構築物等","41","仮設物、建築物、構築物等","411","足場","1","墜落、転落"
"133","2004","平成","16","10","11~12","杉の間伐作業において、赤松を伐倒したところ杉にかかり木となった。かかられている杉を伐倒しようとしたところ赤松が落下し、被災者を直撃した。","6","農林業","602","林業","60201","木材伐出業","1~9","7","環境等","71","環境等","712","立木等","5","崩壊、倒壊"
"134","2004","平成","16","2","16~17","作業を終え、ワゴン車で会社に戻る途中、トンネルで対向車線を越えて側壁に衝突、横転した。","3","建設業","302","建築工事業","30201","鉄骨・鉄筋コンクリート造家屋建築工事業","10~29","2","物上げ装置、運搬機械","23","乗物","231","乗用車、バス、バイク","17","交通事故（道路）"
"135","2004","平成","16","9","17~18","林道開設工事現場で、法面(のりめん)のラス張りのためのアンカーピン打ちの作業中、法面(高さ約15m、長さ約20m)が崩れ、生き埋めになった。","3","建設業","301","土木工事業","30106","道路建設工事業","1~9","7","環境等","71","環境等","711","地山、岩石","5","崩壊、倒壊"
"136","2004","平成","16","1","10~11","資材置場の敷地内に掘った焼却穴を塞いでいた四角すい形の鉄製の蓋を角材で支えていたところ、角材が外れて蓋が閉まり、近くにいた被災者に接触した。","17","その他の事業","1702","その他の事業","170209","その他の事業－その他","1~9","4","仮設物、建築物、構築物等","41","仮設物、建築物、構築物等","419","その他の仮設物、建築物、構築物等","5","崩壊、倒壊"
"137","2004","平成","16","1","15~16","鋼製フレーム(縦1.9m、横2.4m、重量約350キログラム)の転倒防止のために使用していたホイスト式天井クレーン(つり上げ荷重2.8t)を、別の作業に使用するために移動しようとして、玉掛用チェーンを鋼製フレームから外してフックの巻上げを行ったところ、クレーンのフックに掛けられていた玉掛用チェーンのフックが鋼製フレームに引っ掛かり、鋼製フレームが転倒してその下敷きになった。","1","製造業","113","一般機械器具製造業","11301","機械（精密機械を除く）器具製造業","30~49","2","物上げ装置、運搬機械","21","動力クレーン等","211","クレーン","5","崩壊、倒壊"
"138","2004","平成","16","2","9~10","傾斜約3度の工事用道路を移動していたドラグ・ショベルが、方向転換を行おうとして車体を転向させたところ、路面が凍結していたため横滑りを起こして滑走し、道路上に止めていたトラックとドラグ・ショベルの車体との間に挟まれた。","3","建設業","301","土木工事業","30199","その他の土木工事業","30~49","1","動力機械","14","建設機械等","142","掘削用機械","7","はさまれ、巻き込まれ"
"139","2004","平成","16","4","2~3","4tトラックで国道を走行中、左カーブで対向車線にはみ出したため、対向してきた大型トレーラーと正面衝突した。","4","運輸交通業","403","道路貨物運送業","40301","一般貨物自動車運送業","10~29","2","物上げ装置、運搬機械","22","動力運搬機","221","トラック","17","交通事故（道路）"
"140","2004","平成","16","7","18~19","自動車用鋳物部品製造工場において、鋳型製造ラインの鋳物砂計量用ボックスの中に入り計量装置の調整作業を行っていたところ、別の作業者が鋳型製造ラインの起動スイッチを押したため、動き出した計量用ボックスの枠と同ボックス上部にある鋳物砂投下用ホッパーの側壁に挟まれた。","1","製造業","115","輸送用機械等製造業","11502","自動車・同付属品製造業","100~299","1","動力機械","16","一般動力機械","169","その他の一般動力機械","7","はさまれ、巻き込まれ"
"141","2004","平成","16","7","18~19","自動車用鋳物部品製造工場において、鋳型製造ラインの鋳物砂計量用ボックスの中に入り計量装置の調整作業を行っていたところ、別の作業者が鋳型製造ラインの起動スイッチを押したため、動き出した計量用ボックスの枠と同ボックス上部にある鋳物砂投下用ホッパーの側壁に挟まれた。","1","製造業","115","輸送用機械等製造業","11502","自動車・同付属品製造業","100~299","1","動力機械","16","一般動力機械","169","その他の一般動力機械","7","はさまれ、巻き込まれ"
"142","2004","平成","16","7","18~19","自動車用鋳物部品製造工場において、鋳型製造ラインの鋳物砂計量用ボックスの中に入り計量装置の調整作業を行っていたところ、別の作業者が鋳型製造ラインの起動スイッチを押したため、動き出した計量用ボックスの枠と同ボックス上部にある鋳物砂投下用ホッパーの側壁に挟まれた。","1","製造業","115","輸送用機械等製造業","11502","自動車・同付属品製造業","100~299","1","動力機械","16","一般動力機械","169","その他の一般動力機械","7","はさまれ、巻き込まれ"
"143","2004","平成","16","8","10~11","住宅の電気引き込み線を交換する工事において、作業場所に高所作業車を設置するため、車体後方に備え付けられているエンジン始動用スイッチを入れたところ、突然高所作業車が前方に走り出し、高所作業車の前で工事の準備作業を行っていた被災者が巻き込まれた。","3","建設業","303","その他の建設業","30301","電気通信工事業","1~9","1","動力機械","14","建設機械等","146","高所作業車","7","はさまれ、巻き込まれ"
"144","2004","平成","16","9","10~11","車両系建設機械を運転する業務に係る職業訓練の実習中、訓練生が運転しやすくするためにブル・ドーザーを使って盛土をならす作業を行っていたところ、盛土個所にあった高さ約1.5mの段差を後進で乗り越えた衝撃でブル・ドーザーを運転していた被災者が運転席から後ろに投げ出され、後進を続けていたブル・ドーザーのクローラにひかれた。","12","教育・研究業","1201","教育・研究業","120109","その他の教育研究業","30~49","1","動力機械","14","建設機械等","141","整地・運搬・積込み用機械","7","はさまれ、巻き込まれ"
"145","2004","平成","16","10","8~9","車両点検を行うため、15t大型トレーラーのトレーラーをトラクタから切り離す作業を行っていた際、トレーラー部分を支えるジャッキを動力により昇降させるための準備作業を鉄製のクランク型ハンドル(縦40センチメートル×横50センチメートル×太さ3センチメートル重さ約5キログラム)を使用して手動で行った後、ハンドルを抜かずに動力稼動スイッチを入れたところ、ハンドルが動力により回転し被災者に当たった。","4","運輸交通業","403","道路貨物運送業","40301","一般貨物自動車運送業","50~99","2","物上げ装置、運搬機械","22","動力運搬機","221","トラック","6","激突され"
"146","2004","平成","16","8","6~7","接近している台風の被害を防ぐため、事務所の屋根をロープで固定する作業を行っていたところ、高さ約3mの屋根上から地面の鉄板上に墜落した。","1","製造業","112","金属製品製造業","11209","その他の金属製品製造業","1~9","4","仮設物、建築物、構築物等","41","仮設物、建築物、構築物等","415","屋根、はり、もや、けた、合掌","1","墜落、転落"
"147","2004","平成","16","10","13~14","台風で破損した木造2階建住宅の屋根の補修工事で枠組足場に乗って、屋根を一時的に支えるジャッキをセットする作業を行っていたところ、バランスを崩して約4.5m下の地面に墜落した。","3","建設業","302","建築工事業","30202","木造家屋建築工事業","1~9","4","仮設物、建築物、構築物等","41","仮設物、建築物、構築物等","411","足場","1","墜落、転落"
"148","2004","平成","16","12","20~21","社用車で帰宅途中、県道交差点で大型トレーラーと出合い頭に衝突した。","1","製造業","113","一般機械器具製造業","11301","機械（精密機械を除く）器具製造業","100~299","2","物上げ装置、運搬機械","23","乗物","231","乗用車、バス、バイク","17","交通事故（道路）"
"149","2004","平成","16","4","14~15","移動式クレーンで、船を台座から海に移動させるための滑車をつり上げようと、ジブを約17m伸ばしたところ、移動式クレーンが転倒し、フックが被災者に激突した。","1","製造業","115","輸送用機械等製造業","11501","造船業","10~29","2","物上げ装置、運搬機械","21","動力クレーン等","212","移動式クレーン","6","激突され"
"150","2004","平成","16","3","14~15","工場の設備解体撤去工事において、5基ある配電盤の解体撤去作業中、2基目を倒した時に残りの3基が倒れてきて下敷きとなった。","3","建設業","303","その他の建設業","30302","機械器具設置工事業","1~9","3","その他の装置等","35","電気設備","352","電力設備","5","崩壊、倒壊"
"151","2004","平成","16","5","13~14","電線の張替え工事で、直径15センチメートルの木製の電柱にはしごを立てかけ、電柱の頂点付近に安全帯を取り付けて作業を行っていた際に、他の作業者が工具を渡すためはしごを上ったところ、電柱が根元から折れ、地上に墜落した。","3","建設業","303","その他の建設業","30301","電気通信工事業","1~9","3","その他の装置等","35","電気設備","351","送配電線等","1","墜落、転落"
"152","2004","平成","16","7","12~13","高速自動車道でサービスエリアに入ろうとして減速した車両積載形トラッククレーンに追突した。","4","運輸交通業","403","道路貨物運送業","40301","一般貨物自動車運送業","10~29","2","物上げ装置、運搬機械","22","動力運搬機","221","トラック","17","交通事故（道路）"
"153","2004","平成","16","7","10~11","炉頂外壁改修のため設置した単管足場の解体作業において、約35m下に墜落した。","3","建設業","302","建築工事業","30209","その他の建築工事業","1~9","4","仮設物、建築物、構築物等","41","仮設物、建築物、構築物等","411","足場","1","墜落、転落"
"154","2004","平成","16","3","10~11","から松の伐採作業現場で、かかり木の処理をしないまま、他の伐倒木の枝払い作業をしていたところ、かかっている木が倒れ、被災者に激突した。","6","農林業","602","林業","60201","木材伐出業","1~9","7","環境等","71","環境等","712","立木等","5","崩壊、倒壊"
"155","2004","平成","16","7","11~12","下刈作業中、杉の木の下の草むらに営巣していたハチに刺された。","6","農林業","602","林業","60209","その他の林業","30~49","7","環境等","71","環境等","719","その他の環境等","90","その他"
"156","2004","平成","16","11","16~17","民有林の皆伐作業において、伐倒していた栗の木が被災者に激突した。","6","農林業","602","林業","60209","その他の林業","1~9","7","環境等","71","環境等","712","立木等","6","激突され"
"157","2004","平成","16","2","3~4","高速自動車道において、大型トラックを運転中、前を走っていた大型トレーラーに追突した。","4","運輸交通業","403","道路貨物運送業","40301","一般貨物自動車運送業","30~49","2","物上げ装置、運搬機械","22","動力運搬機","221","トラック","17","交通事故（道路）"
"158","2004","平成","16","3","15~16","沼の浄化排水路工事において、クレーン機能付油圧ショベルのバケットとクレーン付きトラックのクレーン支柱との間に挟まれた。","3","建設業","301","土木工事業","30107","河川土木工事業","1~9","2","物上げ装置、運搬機械","21","動力クレーン等","212","移動式クレーン","6","激突され"
"159","2004","平成","16","3","9~10","生コン製造工場内で、ベルトコンベアの点検作業をしていたところコンベアに挟まれた。","1","製造業","109","窯業土石製品製造業","10901","セメント・同製品製造業","10~29","2","物上げ装置、運搬機械","22","動力運搬機","224","コンベア","7","はさまれ、巻き込まれ"
"160","2004","平成","16","4","2~3","高速自動車道をトレーラーで走行中、前方で多重衝突事故があり、これらの車両との衝突を避けようと、左ハンドルを切ったところ、ガイドロープを突き破り、約4m下の雑木林に転落した。","4","運輸交通業","403","道路貨物運送業","40301","一般貨物自動車運送業","300~499","2","物上げ装置、運搬機械","22","動力運搬機","221","トラック","17","交通事故（道路）"
"161","2004","平成","16","4","8~9","一般ごみ収集用トラック(2t)で走行中、荷台に乗っていた作業者が転落した。","15","清掃・と畜業","1501","清掃・と畜業","150103","その他の廃棄物処理業","10~29","2","物上げ装置、運搬機械","22","動力運搬機","221","トラック","1","墜落、転落"
"162","2004","平成","16","5","12~13","トラックで高速自動車道を走行していたところ、道路左側のガードレールとフェンスを突き破って約10m下の町道に転落した。","4","運輸交通業","403","道路貨物運送業","40301","一般貨物自動車運送業","1~9","2","物上げ装置、運搬機械","22","動力運搬機","221","トラック","17","交通事故（道路）"
"163","2004","平成","16","5","22~23","農道においてタクシー内で運転手が刃物で刺された。","4","運輸交通業","402","道路旅客運送業","40201","ハイヤー・タクシー業","100~299","9","その他","99","分類不能","999","分類不能","8","切れ、こすれ"
"164","2004","平成","16","6","7~8","バイクの積み込み作業中、トラックのパワーゲートの調子が悪いため、最上部で動かなくなったゲートにぶらさがったところ、突然ゲートが落下し、落下したゲートとトラック荷台の縁に挟まれた。","4","運輸交通業","403","道路貨物運送業","40301","一般貨物自動車運送業","50~99","2","物上げ装置、運搬機械","22","動力運搬機","221","トラック","7","はさまれ、巻き込まれ"
"165","2004","平成","16","8","4~5","町道を大型トラックで走行中、センターラインを越えて対向車線側の電柱に衝突した。","4","運輸交通業","403","道路貨物運送業","40301","一般貨物自動車運送業","30~49","2","物上げ装置、運搬機械","22","動力運搬機","221","トラック","17","交通事故（道路）"
"166","2004","平成","16","2","10~11","仕事の繁忙期に入り残業や休日出勤が増加した結果、体調が悪くなり、病院に行き診療を受けていたところ、症状が悪化して死亡した。","17","その他の事業","1702","その他の事業","170202","情報処理サービス業","30~49","9","その他","91","その他の起因物","911","その他の起因物","90","その他"
"167","2004","平成","16","9","17~18","がれき受入ヤード入口付近の緩やかなスロープ部で、砂利入りのコンテナバック(1m×1m円筒形、重量1.2t)をフォークリフトでつり上げて移動中、右側前輪がスロープから脱輪、バランスを崩し横転したフォークリフトに挟まれた。","15","清掃・と畜業","1501","清掃・と畜業","150102","産業廃棄物処理業","30~49","2","物上げ装置、運搬機械","22","動力運搬機","222","フォークリフト","7","はさまれ、巻き込まれ"
"168","2004","平成","16","11","16~17","構内を歩行中、角材を積んで前進してきたフォークリフト(最大積載荷重4.5t)に激突された。","1","製造業","104","木材・木製品製造業","10409","その他の木材・木製品製造業","30~49","2","物上げ装置、運搬機械","22","動力運搬機","222","フォークリフト","6","激突され"
"169","2004","平成","16","7","3~4","トラッククレーンで国道を走行中、意識不明となった。","4","運輸交通業","403","道路貨物運送業","40301","一般貨物自動車運送業","10~29","9","その他","91","その他の起因物","911","その他の起因物","90","その他"
"170","2004","平成","16","12","3~4","タクシーを下車し、国道の側道を歩いていた運転手が、乗用車にはねられた。","4","運輸交通業","402","道路旅客運送業","40201","ハイヤー・タクシー業","50~99","2","物上げ装置、運搬機械","23","乗物","231","乗用車、バス、バイク","17","交通事故（道路）"
"171","2004","平成","16","6","9~10","研修日に会議室に入った途端、倒れた。","1","製造業","114","電気機械器具製造業","11403","電子機器用・通信機器用部品製造業","300~499","9","その他","91","その他の起因物","911","その他の起因物","90","その他"
"172","2004","平成","16","12","8~9","資材置場で、トラックの窓拭き作業中、脚立(高さ1.3m)の2段目から転落した。","3","建設業","302","建築工事業","30209","その他の建築工事業","1~9","3","その他の装置等","37","用具","371","はしご等","1","墜落、転落"
"173","2004","平成","16","4","6~7","市道交差点において、飲酒運転で事故を起こし逃走中の軽自動車が信号無視で交差点に進入し、タクシーに衝突し、タクシーの運転手が被災した。","4","運輸交通業","402","道路旅客運送業","40201","ハイヤー・タクシー業","30~49","2","物上げ装置、運搬機械","23","乗物","231","乗用車、バス、バイク","17","交通事故（道路）"
"174","2004","平成","16","4","11~12","プラント建物内で部材を交換し、電動チェーンブロックで地上に降ろす作業中、2階開口部(約1.5m×1m)より約6m下のコンクリート床に部材、鉄板とともに墜落した。","1","製造業","109","窯業土石製品製造業","10901","セメント・同製品製造業","10~29","4","仮設物、建築物、構築物等","41","仮設物、建築物、構築物等","414","開口部","1","墜落、転落"
"175","2004","平成","16","7","10~11","発電所定期点検工事において、タービン建屋の外にある循環水放水管上部にあるピットマンホールから内部に入り込み、約21m下の放水管底部まで墜落した。","17","その他の事業","1702","その他の事業","170209","その他の事業－その他","10~29","4","仮設物、建築物、構築物等","41","仮設物、建築物、構築物等","418","建築物、構築物","1","墜落、転落"
"176","2004","平成","16","3","1~2","過重な業務が続き、自宅寝室で就寝中、死亡した。","1","製造業","101","食料品製造業","10102","水産食料品製造業","10~29","9","その他","91","その他の起因物","911","その他の起因物","90","その他"
"177","2004","平成","16","12","15~16","民家の外壁改修工事において、高さ1.8mの足場作業床で樋をハケで塗装していたところ、手すりの端から約4m下の隣家の敷地に墜落した。","3","建設業","302","建築工事業","30202","木造家屋建築工事業","10~29","4","仮設物、建築物、構築物等","41","仮設物、建築物、構築物等","411","足場","1","墜落、転落"
"178","2004","平成","16","6","2~3","高速自動車道を走行中、別のトラックとタクシーが接触事故を起こして、停車しているところに、追突した。","4","運輸交通業","403","道路貨物運送業","40301","一般貨物自動車運送業","10~29","2","物上げ装置、運搬機械","22","動力運搬機","221","トラック","17","交通事故（道路）"
"179","2004","平成","16","6","15~16","橋型クレーンで、つりクランプを用いH型鋼をつり上げ移動中、クランプがはずれ落下したH型鋼の下敷きとなった。","1","製造業","112","金属製品製造業","11209","その他の金属製品製造業","10~29","3","その他の装置等","37","用具","372","玉掛用具","4","飛来、落下"
"180","2004","平成","16","4","17~18","高速自動車道を走行中、ガードレールに激突した。","1","製造業","101","食料品製造業","10104","パン、菓子製造業","1000~9999","2","物上げ装置、運搬機械","23","乗物","231","乗用車、バス、バイク","17","交通事故（道路）"
"181","2004","平成","16","6","9~10","軽量鉄骨2階建ての建物の2階の床を張る作業を行っていたところ、高さ約4mの梁の上から墜落した。","13","保健・衛生業","1303","その他の保健衛生業","130301","浴場業","1~9","4","仮設物、建築物、構築物等","41","仮設物、建築物、構築物等","415","屋根、はり、もや、けた、合掌","1","墜落、転落"
"182","2004","平成","16","2","17~18","単独で立木の伐採作業を行っていたが、終業時に倒れているところを発見された。代木が当たったものと思われる。","6","農林業","602","林業","60201","木材伐出業","1~9","7","環境等","71","環境等","712","立木等","4","飛来、落下"
"183","2004","平成","16","3","8~9","会社の車で、国道を走行していたところ、対向車線からはみ出してきたダンプカーと衝突した。","8","商業","801","卸売業","80109","その他の卸売業","1~9","2","物上げ装置、運搬機械","23","乗物","231","乗用車、バス、バイク","17","交通事故（道路）"
"184","2004","平成","16","5","8~9","木造2階建て住宅建設工事現場で、2階の床を敷くために準備してあったコンパネ(約800キログラム)を移動式クレーンを用いて、移動させるためつり上げたところ、高さ4m位のところで荷崩れ、落下し、近くにいた被災者の上に落ちた。","3","建設業","302","建築工事業","30202","木造家屋建築工事業","1~9","3","その他の装置等","37","用具","372","玉掛用具","4","飛来、落下"
"185","2004","平成","16","6","9~10","会社の車を運転中、運転操作を誤り道路左脇の防風ネットに衝突し、ネットを支えていた単管がエンジンルームを突き破り、助手席に乗っていた被災者に激突した。","8","商業","801","卸売業","80109","その他の卸売業","10~29","2","物上げ装置、運搬機械","23","乗物","231","乗用車、バス、バイク","17","交通事故（道路）"
"186","2004","平成","16","7","11~12","2時間半程度炎天下で作業した後、会社の車を運転していたところ、交差点において信号待ちの際、体調が悪くなり意識を失った。","1","製造業","109","窯業土石製品製造業","10901","セメント・同製品製造業","10~29","7","環境等","71","環境等","715","高温・低温環境","90","その他"
"187","2004","平成","16","10","16~17","ほ場整備工事において配水管を敷設作業中、掘削溝内で待機していた作業者2名が、崩壊した法面(のりめん)(幅約1m、長さ約22m、高さ約2m)の土砂に埋もれた。","3","建設業","301","土木工事業","30106","道路建設工事業","10~29","7","環境等","71","環境等","711","地山、岩石","5","崩壊、倒壊"
"188","2004","平成","16","10","16~17","ほ場整備工事において配水管を敷設作業中、掘削溝内で待機していた作業者2名が、崩壊した法面(のりめん)(幅約1m、長さ約22m、高さ約2m)の土砂に埋もれた。","3","建設業","301","土木工事業","30106","道路建設工事業","10~29","7","環境等","71","環境等","711","地山、岩石","5","崩壊、倒壊"
"189","2004","平成","16","1","9~10","ドラグ・ショベルを用いて、作業道に積もった雪をドラグ・ショベルのクローラで踏み固める作業中、下り勾配(22度)の雪でスリップ、作業道路肩から沢に転落し、被災者がドラグ・ショベルの下敷きになった。","3","建設業","301","土木工事業","30199","その他の土木工事業","10~29","1","動力機械","14","建設機械等","141","整地・運搬・積込み用機械","1","墜落、転落"
"190","2004","平成","16","5","10~11","20tトレーラを運転中、スピードの出し過ぎの為、カーブを曲がりきれずトレーラーが横転し、運転していた被災者が下敷きになった。","4","運輸交通業","403","道路貨物運送業","40301","一般貨物自動車運送業","10~29","2","物上げ装置、運搬機械","22","動力運搬機","221","トラック","17","交通事故（道路）"
"191","2004","平成","16","8","13~14","工場新築工事現場内において、荷揚げ用に使用していたエレベーターの昇降路の2階開口部から約4m下の1階床面に転落した。","3","建設業","302","建築工事業","30201","鉄骨・鉄筋コンクリート造家屋建築工事業","10~29","4","仮設物、建築物、構築物等","41","仮設物、建築物、構築物等","414","開口部","1","墜落、転落"
"192","2004","平成","16","6","9~10","RC造2階建の既存建物にエレベーターを設置する工事において、鉄骨支柱の設置作業中、屋上でクレーン運転者に無線により指示を出していた被災者が、見やすい位置に移動しようと安全帯を外し移動する際、エレベーター室用開口部から、ピット内を約8m墜落した。","3","建設業","302","建築工事業","30209","その他の建築工事業","30~49","4","仮設物、建築物、構築物等","41","仮設物、建築物、構築物等","416","作業床、歩み板","1","墜落、転落"
"193","2004","平成","16","10","6~7","鉄道車両基地内のレール交換工事で、取り外したレールを車両積載型トラッククレーンにより同トラックに積み込む作業中、クレーンのジブが架空電線(電圧2万V)に触れ、玉掛作業をしていた被災者らが感電した。","3","建設業","301","土木工事業","30104","鉄道軌道建設工事業","10~29","2","物上げ装置、運搬機械","21","動力クレーン等","212","移動式クレーン","13","感電"
"194","2004","平成","16","9","14~15","資材置場において、資材の整理中地面に散乱していた角材につまづき転倒した。","3","建設業","301","土木工事業","30199","その他の土木工事業","1~9","5","物質、材料","52","材料","522","木材、竹材","2","転倒"
"195","2004","平成","16","6","11~12","ビニールハウスの解体作業中、休憩をとるため近くにある小屋に入ろうとした時、小屋入り口のシャッターをつっていたワイヤロープが切断したためシャッターが落下し、被災者が下敷きとなった。","1","製造業","108","化学工業","10803","医薬品製造業","10~29","4","仮設物、建築物、構築物等","41","仮設物、建築物、構築物等","418","建築物、構築物","4","飛来、落下"
"196","2004","平成","16","11","13~14","生コンプラントの骨材投入口に取り付けられている保護用ラバーを交換する作業において、取り外したラバーをホッパー内部から拾うために点検口よりタラップを降りようとして墜落し、ホッパー内の砕砂に埋没した。","1","製造業","109","窯業土石製品製造業","10901","セメント・同製品製造業","10~29","4","仮設物、建築物、構築物等","41","仮設物、建築物、構築物等","418","建築物、構築物","1","墜落、転落"
"197","2004","平成","16","2","16~17","砂利採取場において、表層土等を掘削採取した個所をトラクター・ショベルにより砂利で埋め戻し作業中、砂利掘削個所に転落した。","1","製造業","109","窯業土石製品製造業","10901","セメント・同製品製造業","50~99","1","動力機械","14","建設機械等","141","整地・運搬・積込み用機械","1","墜落、転落"
"198","2004","平成","16","5","15~16","解体工事現場において、フロントアタッチメント(カッター)を取り付けたドラグ・ショベルにてプラント建屋の鉄骨支柱を切断作業中、当該プラント建屋がドラグ・ショベルの上に倒壊し、当該機械の運転席にいた被災者が運転席と共に押しつぶされた。","17","その他の事業","1702","その他の事業","170209","その他の事業－その他","1~9","4","仮設物、建築物、構築物等","41","仮設物、建築物、構築物等","418","建築物、構築物","5","崩壊、倒壊"
"199","2004","平成","16","12","15~16","携帯用丸のこ盤により、アルミ縞板を切断しようとしゃがみこんだ際、誤って切創した。","1","製造業","117","その他の製造業","11701","自動車整備業","1~9","1","動力機械","13","木材加工用機械","131","丸のこ盤","8","切れ、こすれ"
"200","2004","平成","16","10","3~4","普通貨物自動車で国道上を走行中、信号待ちしていた大型貨物自動車に追突した。","4","運輸交通業","403","道路貨物運送業","40301","一般貨物自動車運送業","10~29","2","物上げ装置、運搬機械","22","動力運搬機","221","トラック","17","交通事故（道路）"
"201","2004","平成","16","10","8~9","大型トレーラーから荷降ろしするため荷台に上り、シートを外す作業中、バランスを崩し墜落した。","4","運輸交通業","403","道路貨物運送業","40301","一般貨物自動車運送業","10~29","2","物上げ装置、運搬機械","22","動力運搬機","221","トラック","1","墜落、転落"
"202","2004","平成","16","12","8~9","木造2階建アパートの屋根・外壁改修工事において、屋根ふき作業中、場所を移動しようとして立ち上がったところ足を滑らせ、約6m下に墜落した。","3","建設業","302","建築工事業","30202","木造家屋建築工事業","1~9","4","仮設物、建築物、構築物等","41","仮設物、建築物、構築物等","415","屋根、はり、もや、けた、合掌","1","墜落、転落"
"203","2004","平成","16","2","1~2","高速道を大型トラックで走行中、本線車線とインターチェンジに向かう減速車線との分岐点で両道路を分けるガードレールに衝突した。","4","運輸交通業","403","道路貨物運送業","40301","一般貨物自動車運送業","30~49","2","物上げ装置、運搬機械","22","動力運搬機","221","トラック","17","交通事故（道路）"
"204","2004","平成","16","2","11~12","一般家屋の解体工事で工具を取りに行った被災者が、圧鋏機付ドラグ・ショベルの周囲に立入り、同ショベルの旋回によりカウンターウエイトと解体中の家屋との間に挟まれた。","3","建設業","302","建築工事業","30209","その他の建築工事業","10~29","1","動力機械","14","建設機械等","145","解体用機械","7","はさまれ、巻き込まれ"
"205","2004","平成","16","4","17~18","製品運搬作業でフォークリフトを操作中、ヘッドガード支柱と工場内の鉄骨柱との間に挟まれた。","1","製造業","108","化学工業","10806","ゴム製品製造業","30~49","2","物上げ装置、運搬機械","22","動力運搬機","222","フォークリフト","7","はさまれ、巻き込まれ"
"206","2004","平成","16","8","0~1","伐採現場である山林において、作業車を運転中、路肩より左側にある約20m下の沢に転落した。","6","農林業","602","林業","60201","木材伐出業","1~9","2","物上げ装置、運搬機械","22","動力運搬機","229","その他の動力運搬機","1","墜落、転落"
"207","2004","平成","16","12","9~10","屋上内の壁上部への笠木取付作業中、屋上に置かれた笠木を一人で運搬しようとして、強風によりバランスを崩し、笠木とともに墜落した。","3","建設業","302","建築工事業","30201","鉄骨・鉄筋コンクリート造家屋建築工事業","1~9","4","仮設物、建築物、構築物等","41","仮設物、建築物、構築物等","417","通路","1","墜落、転落"
"208","2004","平成","16","1","5~6","50CCバイクで新聞配達中、右折のため、国道中央線付近で停車していたところ、後ろから来た軽乗用車に追突され、路上に投げ出され、後続の大型トラックと別の軽乗用車にはねられた。","8","商業","802","小売業","80205","新聞販売業","10~29","2","物上げ装置、運搬機械","23","乗物","231","乗用車、バス、バイク","17","交通事故（道路）"
"209","2004","平成","16","2","8~9","修理のためトラクタ・ショベルのバケットを最上部まで上げて油圧ホースの点検中、バケットアーム上下用シリンダーの油圧ホース2本を抜いたため急降下したバケットアームに激突された。","1","製造業","117","その他の製造業","11702","機械修理業","1~9","1","動力機械","14","建設機械等","141","整地・運搬・積込み用機械","6","激突され"
"210","2004","平成","16","3","17~18","自転車で信号のない十字路交差点を横切ろうとしたところ、側方道路を直進してきた乗用車と衝突した。","17","その他の事業","1702","その他の事業","170201","警備業","30~49","2","物上げ装置、運搬機械","23","乗物","231","乗用車、バス、バイク","17","交通事故（道路）"
"211","2004","平成","16","6","14~15","林道の用水路付け替え作業において、側溝敷設後、タンパーでの埋め戻し材の締め固め作業中、砕石を積んで後進してきた4tダンプトラックに激突され、タンパーとダンプトラックの左後輪の間に挟まれた。","3","建設業","301","土木工事業","30107","河川土木工事業","10~29","2","物上げ装置、運搬機械","22","動力運搬機","221","トラック","7","はさまれ、巻き込まれ"
"212","2004","平成","16","8","0~1","ジェットコースターの始業点検作業において、試運転のため空車走行後、先頭車両に乗って走行していたところ、上り坂後の左カーブで座席から右側に振り落とされ、点検用の歩行帯の床面に激突した。","1","製造業","115","輸送用機械等製造業","11502","自動車・同付属品製造業","100~299","2","物上げ装置、運搬機械","23","乗物","239","その他の乗物","1","墜落、転落"
"213","2004","平成","16","9","10~11","マンホール内における下水道管(直径70センチメートル)の内壁点検作業において、上流側の管を止水ボールで閉塞し下流側の管を点検をしようとしていたところ、止水ボールが外れ、流れ込んだ下水により下流側に流された。","17","その他の事業","1702","その他の事業","170209","その他の事業－その他","1~9","4","仮設物、建築物、構築物等","41","仮設物、建築物、構築物等","418","建築物、構築物","10","おぼれ"
"214","2004","平成","16","11","9~10","高速道路舗装工事現場内で、交通誘導作業中、工事現場内をバックで進行して来たダンプトラックにひかれた。","17","その他の事業","1702","その他の事業","170201","警備業","30~49","2","物上げ装置、運搬機械","22","動力運搬機","221","トラック","6","激突され"
"215","2004","平成","16","10","4~5","パン工場で操業準備作業を行っていたところ、足を滑らせて転倒した。","1","製造業","101","食料品製造業","10104","パン、菓子製造業","30~49","4","仮設物、建築物、構築物等","41","仮設物、建築物、構築物等","417","通路","2","転倒"
"216","2004","平成","16","12","14~15","倉庫増築工事現場で、鉄骨のもやに屋根材を取り付けるためにローリングタワーの最上部に乗り溶接作業中、約5m下のコンクリート土間に墜落した。","3","建設業","302","建築工事業","30201","鉄骨・鉄筋コンクリート造家屋建築工事業","1~9","4","仮設物、建築物、構築物等","41","仮設物、建築物、構築物等","411","足場","1","墜落、転落"
"217","2004","平成","16","12","9~10","乗用車で県道を走行中、対向車線にはみ出し、コンクリートミキサー車と正面衝突した。","3","建設業","301","土木工事業","30199","その他の土木工事業","10~29","2","物上げ装置、運搬機械","23","乗物","231","乗用車、バス、バイク","17","交通事故（道路）"
"218","2004","平成","16","3","10~11","乗用車を運転中、左カーブで積雪のためスリップし、センターラインをオーバーしたところへ対向して来た大型トラックが正面衝突した。","17","その他の事業","1701","派遣業","170101","派遣業","1~9","2","物上げ装置、運搬機械","23","乗物","231","乗用車、バス、バイク","17","交通事故（道路）"
"219","2004","平成","16","3","3~4","トラックで走行中、対向車線にはみ出し対向車の右側面に衝突した。","4","運輸交通業","403","道路貨物運送業","40301","一般貨物自動車運送業","30~49","2","物上げ装置、運搬機械","22","動力運搬機","221","トラック","17","交通事故（道路）"
"220","2004","平成","16","4","0~1","ベルトコンベアからこぼれた鉱石をスコップでコンベアに乗せたり、シュートから下ろしたりする脱鉱作業をしていたところ、ベルトコンベアの下部のリターンローラーとベルトの間に巻き込まれた。","17","その他の事業","1702","その他の事業","170209","その他の事業－その他","1~9","2","物上げ装置、運搬機械","22","動力運搬機","224","コンベア","7","はさまれ、巻き込まれ"
"221","2004","平成","16","7","2~3","4t保冷車が走行中、中央分離帯に乗り上げた後、ガードフェンスの支柱に衝突した。このため、運転席後部の寝台で仮眠していた被災者が車外へ投げ出された。","4","運輸交通業","403","道路貨物運送業","40301","一般貨物自動車運送業","1~9","2","物上げ装置、運搬機械","22","動力運搬機","221","トラック","17","交通事故（道路）"
"222","2004","平成","16","7","15~16","工場新築工事現場の鉄骨組み立て作業中に、高所作業車に乗り、梁上の親綱張り作業を行っていたところ、スタンションが外れ、梁上から約9m下の地面に墜落した。","3","建設業","302","建築工事業","30201","鉄骨・鉄筋コンクリート造家屋建築工事業","1~9","4","仮設物、建築物、構築物等","41","仮設物、建築物、構築物等","415","屋根、はり、もや、けた、合掌","1","墜落、転落"
"223","2004","平成","16","7","13~14","ダクト更新工事において、ダクト接続部の溶接作業を行っていたところ、高さ7.4mの足場から墜落した。","17","その他の事業","1702","その他の事業","170209","その他の事業－その他","10~29","4","仮設物、建築物、構築物等","41","仮設物、建築物、構築物等","411","足場","1","墜落、転落"
"224","2004","平成","16","9","11~12","防波堤の基礎工事のため海中深度23mでの潜水作業を終了し、浮上したところ、痛みが出たので再圧タンクに入ったが回復しなかった。","3","建設業","301","土木工事業","30111","港湾海岸工事業","30~49","7","環境等","71","環境等","714","異常環境等","12","有害物等との接触"
"225","2004","平成","16","10","14~15","ポンプ場の止水ゲートでアクアラング潜水により流木の除去作業の確認をしているときに、止水ゲートに挟まれた。","17","その他の事業","1702","その他の事業","170209","その他の事業－その他","30~49","4","仮設物、建築物、構築物等","41","仮設物、建築物、構築物等","419","その他の仮設物、建築物、構築物等","7","はさまれ、巻き込まれ"
"226","2004","平成","16","1","14~15","天井クレーンの走行ギア部の異音調査のため、走行中のクレーン運転台の踊り場から身を乗り出しながらギア部の目視確認を行っていたところ、後方に迫ったコンクリートの柱に気付かずクレーン運転台のアングルとの間に挟まれた。","3","建設業","303","その他の建設業","30302","機械器具設置工事業","50~99","2","物上げ装置、運搬機械","21","動力クレーン等","211","クレーン","7","はさまれ、巻き込まれ"
"227","2004","平成","16","10","14~15","クローラダンプで下り坂を走行中、左カーブを曲がり切れず、クローラダンプとともに、約12m下の沢に転落した。","6","農林業","602","林業","60201","木材伐出業","10~29","2","物上げ装置、運搬機械","22","動力運搬機","227","不整地運搬車","1","墜落、転落"
"228","2004","平成","16","11","15~16","砂貯蔵用のホッパー内で貯蔵していた砂が固まり、ホッパー下部の開放口から落ちないため、ホッパー内部に入り、鋼製の棒を使って砂を叩いていたところ、突然落ちはじめた砂に巻き込まれ埋没した。","1","製造業","109","窯業土石製品製造業","10901","セメント・同製品製造業","1~9","4","仮設物、建築物、構築物等","41","仮設物、建築物、構築物等","418","建築物、構築物","1","墜落、転落"
"229","2004","平成","16","6","22~23","高速自動車道を走行中、車線中央に停車中の大型ダンプに追突した。","4","運輸交通業","403","道路貨物運送業","40301","一般貨物自動車運送業","10~29","2","物上げ装置、運搬機械","22","動力運搬機","221","トラック","17","交通事故（道路）"
"230","2004","平成","16","8","16~17","建設工事のストックヤードで、資材整理をするために小型移動式クレーンを用いて足場用鋼板21枚に玉掛けワイヤーを一本掛けし、地上から約1.2mの高さにつり上げて約6m移動したところで、玉掛けワイヤーが切断、荷を介添えしてクレーンを誘導していた被災者につり荷が激突した。","3","建設業","302","建築工事業","30209","その他の建築工事業","10~29","3","その他の装置等","37","用具","372","玉掛用具","4","飛来、落下"
"231","2004","平成","16","9","14~15","軽自動車で、県道を走行中に対向車線にはみ出し、対向してきた大型車と正面衝突した。","8","商業","801","卸売業","80109","その他の卸売業","10~29","2","物上げ装置、運搬機械","23","乗物","231","乗用車、バス、バイク","17","交通事故（道路）"
"232","2004","平成","16","2","15~16","道路整備工事において、交通誘導作業中、移動中のドラックショベルのクローラ部にひかれた。","17","その他の事業","1702","その他の事業","170201","警備業","50~99","1","動力機械","14","建設機械等","142","掘削用機械","7","はさまれ、巻き込まれ"
"233","2004","平成","16","2","15~16","大型トレーラーに鉄骨材を積載して走行中、右折のため停車していた乗用車に気付きブレーキをかけたところ、荷台に積んでいた鉄骨材4本(長さ10m、幅90センチメートル、高さ30センチメートル、重量21t)が前に滑り運転席を直撃した。","4","運輸交通業","403","道路貨物運送業","40301","一般貨物自動車運送業","1~9","2","物上げ装置、運搬機械","22","動力運搬機","221","トラック","17","交通事故（道路）"
"234","2004","平成","16","3","13~14","道路工事等に使用する砕石を製造している事業場において、車両系建設機械(ブレーカー付ドラグシャベル)を使用し、採取した砕石を砕く小割り作業に従事していたところ、作業場所の上部の棚が崩壊し、機械ごと土砂に埋まった。","2","鉱業","202","土石採取業","20201","採石業","10~29","7","環境等","71","環境等","711","地山、岩石","5","崩壊、倒壊"
"235","2004","平成","16","4","4~5","緩やかな右カーブにさしかかったところで、道路左側の電柱に衝突した。","4","運輸交通業","402","道路旅客運送業","40209","その他の道路旅客運送業","30~49","2","物上げ装置、運搬機械","23","乗物","231","乗用車、バス、バイク","17","交通事故（道路）"
"236","2004","平成","16","4","4~5","緩やかな右カーブにさしかかったところで、道路左側の電柱に衝突した。","4","運輸交通業","402","道路旅客運送業","40209","その他の道路旅客運送業","30~49","2","物上げ装置、運搬機械","23","乗物","231","乗用車、バス、バイク","17","交通事故（道路）"
"237","2004","平成","16","4","9~10","不整地運搬車により、残土の運搬作業中、工事用に作られた作業用通路上から、不整地運搬車とともに斜面を転落した。","3","建設業","301","土木工事業","30106","道路建設工事業","10~29","2","物上げ装置、運搬機械","22","動力運搬機","227","不整地運搬車","1","墜落、転落"
"238","2004","平成","16","5","13~14","メッキ工場で、屋根上に設置された換気扇の取替え工事を行っていたところ、スレート屋根を踏み抜き、約9m墜落した。","3","建設業","303","その他の建設業","30301","電気通信工事業","1~9","4","仮設物、建築物、構築物等","41","仮設物、建築物、構築物等","415","屋根、はり、もや、けた、合掌","1","墜落、転落"
"239","2004","平成","16","9","17~18","木造2階建て個人住宅の新築工事現場において、2階床梁上に掛け渡した足場板上に上がって、部材の荷下ろし作業中、足を踏み外して3.6m下のコンクリート土間へ墜落した。","3","建設業","302","建築工事業","30202","木造家屋建築工事業","1~9","4","仮設物、建築物、構築物等","41","仮設物、建築物、構築物等","411","足場","1","墜落、転落"
"240","2004","平成","16","8","5~6","新聞配達中、配達先の敷地から出たときに、左方から来たダンプカーと衝突した。","8","商業","802","小売業","80205","新聞販売業","50~99","2","物上げ装置、運搬機械","22","動力運搬機","221","トラック","17","交通事故（道路）"
"241","2004","平成","16","10","2~3","店舗前の道路上に止めた車両運搬車の荷台部分で積み込み準備の作業を始めたところ、車両運搬車後方から走行して来た粉体運搬車に追突された。","4","運輸交通業","403","道路貨物運送業","40301","一般貨物自動車運送業","50~99","2","物上げ装置、運搬機械","22","動力運搬機","221","トラック","17","交通事故（道路）"
"242","2004","平成","16","10","9~10","倉庫内の出荷作業で、製品を積むパレットの上に乗って、フォークリフトで3mほどの高さに昇り、製品棚から製品を取り出す作業を行っていたところ、パレット上から3m下の床に転落した。","5","貨物取扱業","501","陸上貨物取扱業","50101","陸上貨物取扱業","10~29","2","物上げ装置、運搬機械","22","動力運搬機","222","フォークリフト","1","墜落、転落"
"243","2004","平成","16","9","20~21","発電機に、高電圧をかけて性能検査を行っていたとき、発電機の端子箱と変圧器とを結んでいたリード線に接触したため短絡が起こり、瞬時に飛び散ったアークにより火傷を負った。","17","その他の事業","1702","その他の事業","170209","その他の事業－その他","50~99","3","その他の装置等","35","電気設備","351","送配電線等","11","高温・低温の物との接触"
"244","2004","平成","16","10","14~15","農業集落排水管路施設工事の深さ約1.8m、幅0.9mの溝掘削部において、土止めプレートの内側の凸部(溝底部より高さ約1m)に両足を跨ぐように掛け、2段目の上部切梁のジャッキを大ハンマーを使用して回転させたとき、当該個所より墜落した。","3","建設業","301","土木工事業","30110","上下水道工事業","10~29","4","仮設物、建築物、構築物等","41","仮設物、建築物、構築物等","412","支保工","1","墜落、転落"
"245","2004","平成","16","11","10~11","市道脇に雨水を通すU字溝を敷設する工事で掘削作業中に、市道脇の民家のブロック塀(高さ160センチメートル)が基礎を残し8.5mにわたり倒壊、溝の床固め作業を行っていた被災者がブロック塀と溝の縁に挟まれた。","3","建設業","301","土木工事業","30110","上下水道工事業","1~9","4","仮設物、建築物、構築物等","41","仮設物、建築物、構築物等","418","建築物、構築物","5","崩壊、倒壊"
"246","2004","平成","16","12","15~16","木造平屋建て新築工事現場において、玄関屋根の、防水用シート(1mのロール)を大型のステープラーで貼る作業中、約4m下のコンクリート土間へ墜落した。","3","建設業","302","建築工事業","30202","木造家屋建築工事業","1~9","4","仮設物、建築物、構築物等","41","仮設物、建築物、構築物等","415","屋根、はり、もや、けた、合掌","1","墜落、転落"
"247","2004","平成","16","2","11~12","道路拡張工事現場で、帯工の型枠をはずしていた時、突然当該帯工が倒壊し、コンクリート床との下敷きになった。","3","建設業","301","土木工事業","30106","道路建設工事業","1~9","4","仮設物、建築物、構築物等","41","仮設物、建築物、構築物等","418","建築物、構築物","5","崩壊、倒壊"
"248","2004","平成","16","3","21~22","自動車にて走行中、工事のため設置されていた単管パイプでできたバリケードに衝突した際、この単管パイプが車の前部を突き抜け、運転席まで貫通し、被災者に当たった。","17","その他の事業","1702","その他の事業","170209","その他の事業－その他","30~49","9","その他","91","その他の起因物","911","その他の起因物","17","交通事故（道路）"
"249","2004","平成","16","3","14~15","事業場建屋の外部配管の塗装作業中、高所作業車のバケット操作を誤り、地上から高さ5mの配管とバケット手すりに挟まれた。","3","建設業","302","建築工事業","30209","その他の建築工事業","1~9","1","動力機械","14","建設機械等","146","高所作業車","7","はさまれ、巻き込まれ"
"250","2004","平成","16","11","1~2","国道を走行中、前方の交差点に停車していた大型トレーラーに追突した。","4","運輸交通業","403","道路貨物運送業","40301","一般貨物自動車運送業","10~29","2","物上げ装置、運搬機械","22","動力運搬機","221","トラック","17","交通事故（道路）"
"251","2004","平成","16","12","13~14","工場内において、クレーンにより、鉄製の台座をつり上げ移動させようとしたところ、荷の台座が倒れ、被災者に激突した。","1","製造業","113","一般機械器具製造業","11301","機械（精密機械を除く）器具製造業","10~29","2","物上げ装置、運搬機械","21","動力クレーン等","211","クレーン","4","飛来、落下"
"252","2004","平成","16","9","12~13","仕事から帰宅し食事をしていた時、突然嘔吐しながら倒れこんだ後、意識を失った。","4","運輸交通業","403","道路貨物運送業","40301","一般貨物自動車運送業","1~9","9","その他","91","その他の起因物","911","その他の起因物","90","その他"
"253","2004","平成","16","1","10~11","桁の組み立て作業において、移動式クレーンにより桁材をロープにくくりつり上げ、移動させていた時、据え付け済みの桁上においてつり上げた桁を誘導し支えていた被災者に、つり上げていた桁が当たり、バランスをくずし墜落した。","3","建設業","302","建築工事業","30202","木造家屋建築工事業","1~9","4","仮設物、建築物、構築物等","41","仮設物、建築物、構築物等","415","屋根、はり、もや、けた、合掌","1","墜落、転落"
"254","2004","平成","16","3","16~17","砕石用ベルトコンベアの駆動部スプロケット(歯車)交換作業において、供給シューター付近に堆積した砕石を除去していたところ、コンベア上の砕石の自重でコンベアが逆転し、ベルトコンベアとシューターの間に挟まれた。","15","清掃・と畜業","1501","清掃・と畜業","150109","その他の清掃・と畜業","10~29","2","物上げ装置、運搬機械","22","動力運搬機","224","コンベア","7","はさまれ、巻き込まれ"
"255","2004","平成","16","4","10~11","ロール状製品の自動包装機を、包装機の電源が入ったまま調整作業をしていたところ、包装機の内部において、せりあがったローラーと上部の間に挟まれた。","1","製造業","108","化学工業","10805","プラスチック製品製造業","100~299","1","動力機械","16","一般動力機械","169","その他の一般動力機械","7","はさまれ、巻き込まれ"
"256","2004","平成","16","9","14~15","民家の雨戸等の修理作業において、修理材料であるベニヤ板(915×545×25ミリメートル)を右手に抱えてはしごを登っていたところ、墜落した。","3","建設業","302","建築工事業","30202","木造家屋建築工事業","1~9","3","その他の装置等","37","用具","371","はしご等","1","墜落、転落"
"257","2004","平成","16","9","5~6","社用車で、建設現場へ向かう途中、交差点において、左から直進してきた相手乗用車と接触し、横転した。","3","建設業","302","建築工事業","30203","建築設備工事業","1~9","2","物上げ装置、運搬機械","23","乗物","231","乗用車、バス、バイク","17","交通事故（道路）"
"258","2004","平成","16","9","10~11","建築材料(重量600キログラム)を移動式クレーンでつり上げ移動中、つり荷が足場に接触、落下し、つり荷の下で準備作業を行っていた被災者に激突した。","4","運輸交通業","403","道路貨物運送業","40301","一般貨物自動車運送業","10~29","2","物上げ装置、運搬機械","21","動力クレーン等","212","移動式クレーン","4","飛来、落下"
"259","2004","平成","16","1","5~6","4tトラックを運転中、燃料切れにより交差点の手前で停車したため、トラックから降りてキャビンを上げて助手席側でエアー抜き作業を行っていたところ、後方から走行してきたバスがトラックの後部に追突したため被災した。","4","運輸交通業","403","道路貨物運送業","40301","一般貨物自動車運送業","1~9","2","物上げ装置、運搬機械","22","動力運搬機","221","トラック","17","交通事故（道路）"
"260","2004","平成","16","8","15~16","ブレーカーの運転席から身をのり出したときに身体が操作レバーに接触し、ブームが降下して、ブームと車体の間に挟まれた。","2","鉱業","202","土石採取業","20201","採石業","10~29","1","動力機械","14","建設機械等","145","解体用機械","7","はさまれ、巻き込まれ"
"261","2004","平成","16","8","14~15","社用車(普通乗用車)を運転中、片側1車線の道路で対向車線にはみ出し、対向車に正面衝突した。","3","建設業","302","建築工事業","30201","鉄骨・鉄筋コンクリート造家屋建築工事業","1~9","2","物上げ装置、運搬機械","23","乗物","231","乗用車、バス、バイク","17","交通事故（道路）"
"262","2004","平成","16","10","17~18","資材置場において、ドラグ・ショベルで廃材を集積し焼却炉に投入する作業を行っていたところ、廃材の山の上から、ドラグ・ショベルとともに転落、ドラグ・ショベルの下敷きとなった。","3","建設業","302","建築工事業","30209","その他の建築工事業","10~29","1","動力機械","14","建設機械等","149","その他の建設機械等","1","墜落、転落"
"263","2004","平成","16","12","9~10","ライトバンでデイサービスの利用者の送迎中、踏切(遮断機、警報機なし)内で、線路上を走って来た列車が衝突した。","13","保健・衛生業","1302","社会福祉施設","130201","社会福祉施設","30~49","2","物上げ装置、運搬機械","23","乗物","232","鉄道車両","18","交通事故（その他）"
"264","2004","平成","16","9","14~15","倉庫の清掃中に落下してきた麻袋(米が入っており、約60キログラム)の下敷きとなった。","4","運輸交通業","403","道路貨物運送業","40301","一般貨物自動車運送業","10~29","6","荷","61","荷","611","荷姿の物","5","崩壊、倒壊"
"265","2004","平成","16","10","9~10","製罐工場の屋根上に、地上から移動式クレーンを使用して資材を荷揚げ作業中、屋根(スレート製)を踏み抜いて10m下の床面に墜落した。","3","建設業","302","建築工事業","30201","鉄骨・鉄筋コンクリート造家屋建築工事業","1~9","4","仮設物、建築物、構築物等","41","仮設物、建築物、構築物等","415","屋根、はり、もや、けた、合掌","1","墜落、転落"
"266","2004","平成","16","4","5~6","バイクで朝刊を配達中、狭い道路より一般道路へ出たところ、右側から来たトラックと衝突し、20~30m引きずられた。","8","商業","802","小売業","80205","新聞販売業","100~299","2","物上げ装置、運搬機械","22","動力運搬機","221","トラック","17","交通事故（道路）"
"267","2004","平成","16","6","8~9","PC杭をトレーラーから荷卸するため玉掛を行い、また移動式クレーンオペレータが巻き上げを開始した。しかし、玉掛したものとは別のPC杭が荷台から転げ落ちそうになったため、被災者は危険を感じ荷台から飛び降りたが、当該PC杭は荷台から落下、被災者を直撃した。","4","運輸交通業","403","道路貨物運送業","40301","一般貨物自動車運送業","100~299","3","その他の装置等","37","用具","372","玉掛用具","4","飛来、落下"
"268","2004","平成","16","9","11~12","スタッカークレーン(能力0.5t)の解体作業中、搬器が最下位置、ウエイトが最上部にある状態で、点検用ステージ上から支柱内のウエイトに接続される駆動チェーンをガス溶断し、ウエイトを落下させたところ、その衝撃で昇降用モーターの取付ボルトが破断してモーターが落下し、点検用ステージおよびステージに通じる昇降タラップごと崩壊し、地上に墜落した。","3","建設業","302","建築工事業","30201","鉄骨・鉄筋コンクリート造家屋建築工事業","10~29","2","物上げ装置、運搬機械","21","動力クレーン等","211","クレーン","1","墜落、転落"
"269","2004","平成","16","12","11~12","カットした野菜をオゾン水により自動洗浄をする回転式野菜洗浄機において、内部に付着した野菜を取り除くため右手に水道ホース、左手に内部のドラムを回転させるためのグリップスイッチを持って清掃作業を行っていたところ、内部の回転ドラムに挟まれた。","1","製造業","101","食料品製造業","10109","その他の食料品製造業","30~49","1","動力機械","16","一般動力機械","165","食品加工用機械","7","はさまれ、巻き込まれ"
"270","2004","平成","16","2","0~1","化成品の製造プラントで、反応が終了した製品のろ過を行うタンク(深さ2.3m)において、製造の合間に洗浄され、窒素充填(酸素濃度0%)されている状態の空のタンクの蓋(直径50センチメートル)をあけ、付近の汚れを布で拭き取ろうとしたところ誤って内部に転落した。","1","製造業","108","化学工業","10801","無機・有機化学工業製品製造業","100~299","7","環境等","71","環境等","714","異常環境等","12","有害物等との接触"
"271","2004","平成","16","3","11~12","薬品循環タンクの据付け作業中、チェーンブロックを取り付けるためのはしごを地上で支えていたところ、タンクをつっていたシャックルが外れ、タンクの下方にいた被災者にタンクが落下し、激突した。","3","建設業","303","その他の建設業","30302","機械器具設置工事業","1~9","3","その他の装置等","37","用具","372","玉掛用具","4","飛来、落下"
"272","2004","平成","16","5","9~10","事業所構内を巡回中、冷却塔上部より冷却水がこぼれ落ちているのを発見し、高さ約1.2mの階段を昇り、進入扉を手前に引いたところ、手がすべり、反動でアスファルト路面に転落した。","1","製造業","110","鉄鋼業","11009","その他の鉄鋼業","100~299","4","仮設物、建築物、構築物等","41","仮設物、建築物、構築物等","418","建築物、構築物","1","墜落、転落"
"273","2004","平成","16","7","10~11","フィルタープレスの解体作業において、ダンパー上でフランジ取り外し作業を行っていたところ、被災者の体重でダンパーが開き、約8m下の1階床に墜落した。","3","建設業","303","その他の建設業","30302","機械器具設置工事業","1~9","1","動力機械","16","一般動力機械","169","その他の一般動力機械","1","墜落、転落"
"274","2004","平成","16","10","0~1","3tトラックで片側一車線の道路を走行中、センターラインを越え対向車のトラックと衝突した。","4","運輸交通業","403","道路貨物運送業","40301","一般貨物自動車運送業","1~9","2","物上げ装置、運搬機械","22","動力運搬機","221","トラック","17","交通事故（道路）"
"275","2004","平成","16","11","9~10","移動式クレーンのジブ先端に取り付けられた専用の搭乗設備(搬器)に乗り込み、地上25m付近に設置されているベルトコンベア架台の点検作業(H鋼の肉厚測定)を行っていたが、3カ所目の点検を終えたところで、H鋼と搬器との間に挟まれた。","1","製造業","110","鉄鋼業","11001","製鉄・製鋼・圧延業","1~9","2","物上げ装置、運搬機械","21","動力クレーン等","212","移動式クレーン","7","はさまれ、巻き込まれ"
"276","2004","平成","16","2","8~9","町道のガス配管工事において、片側車線の中間付近で交通整理を行っていた警備員が、入り口の警備員の誘導で走行してきた4tトラックにひかれた。","17","その他の事業","1702","その他の事業","170201","警備業","100~299","2","物上げ装置、運搬機械","22","動力運搬機","221","トラック","17","交通事故（道路）"
"277","2004","平成","16","4","16~17","母屋上でたる木の取付作業中、たる木の長さを調整するため携帯用丸のこ盤を取ろうとした際、バランスを崩して5.3m下の土間コンクリート部分に墜落、被災した。","3","建設業","302","建築工事業","30202","木造家屋建築工事業","1~9","4","仮設物、建築物、構築物等","41","仮設物、建築物、構築物等","415","屋根、はり、もや、けた、合掌","1","墜落、転落"
"278","2004","平成","16","5","10~11","トラックで県道を走行中、道路左側の歩道縁石に乗り上げ、田んぼに横転し電柱に激突した。","4","運輸交通業","403","道路貨物運送業","40301","一般貨物自動車運送業","30~49","2","物上げ装置、運搬機械","22","動力運搬機","221","トラック","17","交通事故（道路）"
"279","2004","平成","16","10","13~14","木造住宅建築工事において、1階の梁の上で2階床の根太の墨出し作業中、バランスを崩しコンクリート床に墜落した。","3","建設業","302","建築工事業","30202","木造家屋建築工事業","1~9","4","仮設物、建築物、構築物等","41","仮設物、建築物、構築物等","415","屋根、はり、もや、けた、合掌","1","墜落、転落"
"280","2004","平成","16","10","16~17","事業場内の草刈作業において、刈取った草をショベルローダーのバケットに入れるため坂(幅:4m、勾配:6度)にショベルローダーを停車させたところ、ショベルローダーが動き出し、ショベルローダーとともに出入口の坂の法面(のりめん)(勾配:38度)から1.5m下のコンクリート面に転落し、ショベルローダーの下敷きになった。","1","製造業","106","パルプ・紙・紙加工品製造業","10601","パルプ・紙製造業","100~299","2","物上げ装置、運搬機械","22","動力運搬機","225","ローダー","1","墜落、転落"
"281","2004","平成","16","10","3~4","乗用車で公道を走行中、道路左側の電柱に激突した。","17","その他の事業","1702","その他の事業","170209","その他の事業－その他","10~29","2","物上げ装置、運搬機械","23","乗物","231","乗用車、バス、バイク","17","交通事故（道路）"
"282","2004","平成","16","10","3~4","乗用車で公道を走行中、道路左側の電柱に激突した。","17","その他の事業","1702","その他の事業","170209","その他の事業－その他","10~29","2","物上げ装置、運搬機械","23","乗物","231","乗用車、バス、バイク","17","交通事故（道路）"
"283","2004","平成","16","10","5~6","作業を終え普通トラックに6人が乗り高速自動車道を走行中、大型トラックを追い越そうとして接触し、追い越し車線に飛び出して停車した。このとき運転者がトラックの車内に閉じ込められたため、助けようとしていたところに、後続の2台の大型トラックが突っ込んだ。","3","建設業","301","土木工事業","30104","鉄道軌道建設工事業","1~9","2","物上げ装置、運搬機械","22","動力運搬機","221","トラック","17","交通事故（道路）"
"284","2004","平成","16","10","5~6","作業を終え普通トラックに6人が乗り高速自動車道を走行中、大型トラックを追い越そうとして接触し、追い越し車線に飛び出して停車した。このとき運転者がトラックの車内に閉じ込められたため、助けようとしていたところに、後続の2台の大型トラックが突っ込んだ。","3","建設業","301","土木工事業","30104","鉄道軌道建設工事業","1~9","2","物上げ装置、運搬機械","22","動力運搬機","221","トラック","17","交通事故（道路）"
"285","2004","平成","16","10","5~6","作業を終え普通トラックに6人が乗り高速自動車道を走行中、大型トラックを追い越そうとして接触し、追い越し車線に飛び出して停車した。このとき運転者がトラックの車内に閉じ込められたため、助けようとしていたところに、後続の2台の大型トラックが突っ込んだ。","3","建設業","301","土木工事業","30104","鉄道軌道建設工事業","1~9","2","物上げ装置、運搬機械","22","動力運搬機","221","トラック","17","交通事故（道路）"
"286","2004","平成","16","12","13~14","山林における伐木作業で、チェーンソーを使用して立木を伐り、ワイヤーを取り付けた後ウインチで立木を引っ張る作業を行っていたところ、木が倒れる際に、倒れてきた木の枝に激突された。","6","農林業","602","林業","60209","その他の林業","1~9","7","環境等","71","環境等","712","立木等","6","激突され"
"287","2004","平成","16","2","14~15","資源ごみ回収中、次のゴミステーションまで収集車の後部荷室内に被災者を乗せドアを開けたまま時速約15キロメートルで走行していた。30m程走行したところで右カーブに差し掛かり曲がった際にパリンという硝子の割れる音がしたため、運転者が車を停車し荷室を見るとビンの入ったカゴと一緒に転落している被災者を発見した。","15","清掃・と畜業","1501","清掃・と畜業","150109","その他の清掃・と畜業","100~299","2","物上げ装置、運搬機械","22","動力運搬機","221","トラック","1","墜落、転落"
"288","2004","平成","16","9","23~24","道路舗装修繕工事の交通整理中、直進してきた乗用車を当該車両の前方に出て停止させようとした時に衝突された。","17","その他の事業","1702","その他の事業","170201","警備業","30~49","2","物上げ装置、運搬機械","23","乗物","231","乗用車、バス、バイク","17","交通事故（道路）"
"289","2004","平成","16","11","3~4","13tトラックを運転中、時速35キロメートルで前方を走行していた大型トレーラーに激突した。","4","運輸交通業","403","道路貨物運送業","40301","一般貨物自動車運送業","50~99","2","物上げ装置、運搬機械","22","動力運搬機","221","トラック","17","交通事故（道路）"
"290","2004","平成","16","3","5~6","ワゴン車で県道を走行中、道路上左側に駐車していた大型トレーラーに追突した。","3","建設業","301","土木工事業","30105","橋梁建設工事業","10~29","2","物上げ装置、運搬機械","23","乗物","231","乗用車、バス、バイク","17","交通事故（道路）"
"291","2004","平成","16","8","0~1","ポリエチレン樹脂をラミネート状にする加工ラインにおいて、巻き取り機の回転機構部に挟まれた。","1","製造業","106","パルプ・紙・紙加工品製造業","10602","紙加工品製造業","100~299","1","動力機械","16","一般動力機械","163","ロール機（印刷ロール機を除く。）","7","はさまれ、巻き込まれ"
"292","2004","平成","16","8","16~17","農道整備にかかる下層路盤の置換工事現場で、10tダンプカーから小分けし下ろされた砕石の山を、ドラグ・ショベルの排土板を使い前進、後退させながら路面を平らに整地、転圧を行っていた際、ドラグ・ショベルの後方でスコップを使いならしていた被災者に激突した。","3","建設業","301","土木工事業","30106","道路建設工事業","1~9","1","動力機械","14","建設機械等","141","整地・運搬・積込み用機械","7","はさまれ、巻き込まれ"
"293","2004","平成","16","9","5~6","大型車で国道を走行中、交差点にて、赤信号で停止中の別の大型車に追突した。","4","運輸交通業","403","道路貨物運送業","40301","一般貨物自動車運送業","10~29","2","物上げ装置、運搬機械","22","動力運搬機","221","トラック","17","交通事故（道路）"
"294","2004","平成","16","12","5~6","2t保冷車で国道を走行中、対向車線を走行していたトラックが車線をはみ出し、保冷車と正面衝突した。","8","商業","801","卸売業","80101","各種商品卸売業","1~9","2","物上げ装置、運搬機械","22","動力運搬機","221","トラック","17","交通事故（道路）"
"295","2004","平成","16","5","16~17","土地の片付け作業で杭をトラックの荷台に乗せるため、トラックを杭の近くまで移動させようとバックしたところ、トラックの死角となった杭の近くにおいて何らかの作業を行っていたと思われる被災者に激突した。","9","金融・広告業","901","金融業","90102","証券業・商品取引業","1~9","2","物上げ装置、運搬機械","22","動力運搬機","221","トラック","6","激突され"
"296","2004","平成","16","3","13~14","車体重量32tの鉱山用ダンプの修理作業で、車体下にもぐり修理をしていたところ、動いたダンプ右後輪にひかれた。","1","製造業","117","その他の製造業","11702","機械修理業","10~29","2","物上げ装置、運搬機械","22","動力運搬機","221","トラック","7","はさまれ、巻き込まれ"
"297","2004","平成","16","10","9~10","ゴルフの練習用グリーン上で、バーチドレンと呼ばれる機械を運転し、土の中を乾燥させるためにグリーン表面へ穴(径約1センチメートル)を開ける土壌改良作業を単独で行っていたところ、同機械が転倒、グリーン法面(のりめん)下方で当該機械の下敷きになってた。","14","接客娯楽業","1403","その他の接客娯楽業","140301","ゴルフ場","50~99","1","動力機械","16","一般動力機械","169","その他の一般動力機械","1","墜落、転落"
"298","2004","平成","16","1","8~9","造成工事現場にて、雑木を伐採している際に木が電線に接触し、はずみで近くの立木の枝に電線がかかってしまったことから、その電線を枝から外すため、電線がかかっている立木にはしごを掛けて上っていったところ、バランスを崩して転落した。","3","建設業","301","土木工事業","30109","土地整理土木工事業","1~9","3","その他の装置等","37","用具","371","はしご等","1","墜落、転落"
"299","2004","平成","16","1","21~22","バキュームキャリアを使用して鉄板を送材する工程において、バキュームパットが下降したまま動かなくなったので、バキュームパットとバキュームキャリアの間に入ってキャリアのスライドボタンを押したところ、バキュームパットが上昇し、バキュームパットとバキュームキャリアの枠に挟まれた。","1","製造業","112","金属製品製造業","11203","金属プレス製品製造業","1~9","2","物上げ装置、運搬機械","21","動力クレーン等","219","その他の動力クレーン等","7","はさまれ、巻き込まれ"
"300","2004","平成","16","11","9~10","発電所内の固定式自動除じん機のメンテナンス作業で、集じん装置のチェーンについたグリスを取る作業を行っていたところ、上昇してきたゴミ除去用のバケットと回転軸の間に挟まれた。","17","その他の事業","1702","その他の事業","170209","その他の事業－その他","1~9","1","動力機械","16","一般動力機械","169","その他の一般動力機械","7","はさまれ、巻き込まれ"
"301","2004","平成","16","1","9~10","交差点において、赤信号で停止中の大型トラックに、被災者の運転するトラックが後ろから追突し、衝撃により運転席がつぶれた。","4","運輸交通業","403","道路貨物運送業","40301","一般貨物自動車運送業","10~29","2","物上げ装置、運搬機械","22","動力運搬機","221","トラック","17","交通事故（道路）"
"302","2004","平成","16","1","13~14","管路付設のため掘削した溝に、土止めのための軽量鋼矢板を建て込む作業中、ドラグ・ショベルのバケットで矢板の先端を下方へ押していたところ、矢板が急に曲がり、溝の底で当該矢板を押さえていた被災者に激突した。","3","建設業","302","建築工事業","30202","木造家屋建築工事業","10~29","1","動力機械","14","建設機械等","142","掘削用機械","6","激突され"
"303","2004","平成","16","7","13~14","工場内の空調用ダクトを撤去するため、ダクトの状況を確認しようとして、ローリングタワーのはしごを昇っていたところ、下から5段目(高さ約2.5m)の踏さんからバランスを崩し、墜落した。","3","建設業","302","建築工事業","30203","建築設備工事業","10~29","4","仮設物、建築物、構築物等","41","仮設物、建築物、構築物等","411","足場","1","墜落、転落"
"304","2004","平成","16","8","14~15","成型工場内で製造された製品を乾燥室に搬入する作業を行っていたところ、熱中症となった。","1","製造業","108","化学工業","10805","プラスチック製品製造業","100~299","7","環境等","71","環境等","715","高温・低温環境","11","高温・低温の物との接触"
"305","2004","平成","16","10","9~10","橋梁上部工建設工事現場の架設作業車で組立作業中に、作業車最上部に設置されている張り出し足場の足場板を支持している支持材(C型チャンネル)の位置を変更しようとして、足場板に乗ったところ、支持材、足場板が固定されていなかったため、天秤状態となり、約13m下の地面に墜落した。","3","建設業","301","土木工事業","30105","橋梁建設工事業","100~299","4","仮設物、建築物、構築物等","41","仮設物、建築物、構築物等","411","足場","1","墜落、転落"
"306","2004","平成","16","1","14~15","トラクター・ショベルを運転し、牧場内の整地作業(ダンプで運搬した土砂を平らにならす作業)を行っていたところ、作業中にトラクター・ショベルとともに横転し、下敷きになった。","7","畜産・水産業","701","畜産業","70101","畜産業","1~9","1","動力機械","14","建設機械等","141","整地・運搬・積込み用機械","2","転倒"
"307","2004","平成","16","1","16~17","下水道工事に係るボックスカルバートの埋設作業で、地面に重ねてあった長さ3m幅1.5m厚さ0.1m重さ400キログラムの金属製の土止め支保工のパネルが深さ3.66mの溝の底で作業していた被災者に落下した。","3","建設業","301","土木工事業","30110","上下水道工事業","1~9","3","その他の装置等","39","その他の装置、設備","391","その他の装置、設備","4","飛来、落下"
"308","2004","平成","16","3","11~12","木造家屋新築工事現場で、高さ3.5mの2階床下地作業中に土間コンクリート上に墜落した。","3","建設業","302","建築工事業","30202","木造家屋建築工事業","1~9","4","仮設物、建築物、構築物等","41","仮設物、建築物、構築物等","415","屋根、はり、もや、けた、合掌","1","墜落、転落"
"309","2004","平成","16","4","5~6","大型トレーラーにで高速自動車道を走行中、燃料切れおよびエンジントラブルのため、路肩に停車し三角表示板を立てて車両左前部分で修理していたところ、後ろから走ってきた大型トラックがトレーラに衝突し被災した。","4","運輸交通業","403","道路貨物運送業","40301","一般貨物自動車運送業","30~49","2","物上げ装置、運搬機械","22","動力運搬機","221","トラック","6","激突され"
"310","2004","平成","16","6","15~16","パレットに乗せた製品をプラットホームに置くために前進してきたフォークリフトの直前に飛び出し、プラットホームとフォーク上のパレット部分に挟まれた。","1","製造業","101","食料品製造業","10109","その他の食料品製造業","10~29","2","物上げ装置、運搬機械","22","動力運搬機","222","フォークリフト","7","はさまれ、巻き込まれ"
"311","2004","平成","16","8","12~13","4tトラックで国道を走行中、バイクを追い越し走行車線に戻ったところ、ガソリンスタンドへ入るために停車していたトラックの後部に追突した。","4","運輸交通業","403","道路貨物運送業","40301","一般貨物自動車運送業","30~49","2","物上げ装置、運搬機械","22","動力運搬機","221","トラック","17","交通事故（道路）"
"312","2004","平成","16","9","10~11","酒の貯蔵タンク内の洗浄、殺菌を行うため、タンクの天井部周辺で作業中、何らかの原因によりタンク天井部に掛け渡してある歩み板からコンクリート床面に墜落した。","1","製造業","101","食料品製造業","10105","酒類製造業","10~29","4","仮設物、建築物、構築物等","41","仮設物、建築物、構築物等","416","作業床、歩み板","1","墜落、転落"
"313","2004","平成","16","9","10~11","工場内に組まれた足場の解体作業中、建地のクランプの一部を取り外した状態の張出し部分の作業床に誤って上がったところ、当該足場の枠が回転したため、工場の床面に墜落した。","3","建設業","302","建築工事業","30209","その他の建築工事業","1~9","4","仮設物、建築物、構築物等","41","仮設物、建築物、構築物等","411","足場","1","墜落、転落"
"314","2004","平成","16","9","3~4","朝刊を配達するために県道をバイクで走行中、乗用車に追突され、反対車線に押し出されて転倒したところ、対向して来た2台の乗用車にひかれた。","8","商業","802","小売業","80205","新聞販売業","30~49","2","物上げ装置、運搬機械","23","乗物","231","乗用車、バス、バイク","17","交通事故（道路）"
"315","2004","平成","16","10","8~9","工事用道路の坂道を利用してドラグ・ショベル(機体重量6t)を車両積載形トラッククレーン車(最大積載過重4t)に積み込んだ後、車両積載形トラッククレーン車のアウトリガーを戻していたところ、突然、車両積載形トラッククレーンが下り坂を下りはじめ、約12m逸走したところで坂道から転落、その衝撃で車両積載形トラッククレーンの荷台からドラグ・ショベルがずり落ち被災者に激突した。","3","建設業","301","土木工事業","30199","その他の土木工事業","10~29","1","動力機械","14","建設機械等","141","整地・運搬・積込み用機械","6","激突され"
"316","2004","平成","16","10","10~11","下水管敷設工事現場内において、被災者が仮置中の土止め支保工付近で作業を行っていたところ、ドラグ・ショベルがバックしてきて、ドラッグ・ショベルと土止め支保工との間に挟まれた。","3","建設業","301","土木工事業","30110","上下水道工事業","10~29","1","動力機械","14","建設機械等","142","掘削用機械","7","はさまれ、巻き込まれ"
"317","2004","平成","16","2","10~11","工場の屋根の塗装作業をしていた被災者が、誤って屋根の採光窓のガラスを突き破り、高さ7.2mの屋根から床に墜落した。","3","建設業","302","建築工事業","30209","その他の建築工事業","1~9","4","仮設物、建築物、構築物等","41","仮設物、建築物、構築物等","418","建築物、構築物","1","墜落、転落"
"318","2004","平成","16","6","3~4","トラックで国道を走行中、赤信号のため停車中の大型貨物自動車に追突した。","4","運輸交通業","403","道路貨物運送業","40301","一般貨物自動車運送業","50~99","2","物上げ装置、運搬機械","22","動力運搬機","221","トラック","17","交通事故（道路）"
"319","2004","平成","16","1","7~8","出張先(海外)の宿泊施設の浴室内で、都市ガスにより一酸化炭素中毒となった。","1","製造業","114","電気機械器具製造業","11403","電子機器用・通信機器用部品製造業","100~299","9","その他","91","その他の起因物","911","その他の起因物","12","有害物等との接触"
"320","2004","平成","16","8","17~18","飼料保管倉庫内において、はい付け、はいくずし作業中、倉庫中央部にできた空間で袋詰め飼料(フレコンバック:500~1000キログラム)をクレーンで下ろす作業を行っていたところ、はいの一部が崩れ、袋詰め飼料の下敷きになった。","4","運輸交通業","403","道路貨物運送業","40301","一般貨物自動車運送業","30~49","6","荷","61","荷","611","荷姿の物","5","崩壊、倒壊"
"321","2004","平成","16","10","8~9","間伐作業のため、チェーンソーによる立木伐採作業中、伐採する杉に桜の枝がかかり木となった状態であったが、そのまま杉を切り倒したところ、よりかかっていた桜の枝が折れ杉と一緒に倒れ、桜の枝の下にいた被災者に激突した。","6","農林業","602","林業","60209","その他の林業","10~29","7","環境等","71","環境等","712","立木等","6","激突され"
"322","2004","平成","16","11","10~11","ゴミ集積所内において作業中、停車していたゴミ収集車が緩い下り坂で後ろに動き出し、車とゴミ集積所の棚との間に挟まれた。","15","清掃・と畜業","1501","清掃・と畜業","150102","産業廃棄物処理業","10~29","2","物上げ装置、運搬機械","22","動力運搬機","221","トラック","6","激突され"
"323","2004","平成","16","12","9~10","工場内で鋼材の片付け作業を行うため、鉄製ラックに積まれた角パイプをラックごと天井クレーンでつり上げ、移動し90度荷物を旋回させたところ、角パイプが長手方向に崩れ、ラックもろとも玉掛けチェーンからはずれて落ち、荷の横で補助をしていた被災者が下敷きとなった。","1","製造業","112","金属製品製造業","11209","その他の金属製品製造業","10~29","3","その他の装置等","37","用具","372","玉掛用具","4","飛来、落下"
"324","2004","平成","16","12","4~5","国道をトラックで走行中、路肩にトラックを停車し、車外に出ていたところ、後方より走行してきたトレーラーに追突された。","4","運輸交通業","403","道路貨物運送業","40301","一般貨物自動車運送業","100~299","2","物上げ装置、運搬機械","22","動力運搬機","221","トラック","17","交通事故（道路）"
"325","2004","平成","16","8","0~1","引越し作業において、家財搬入作業中、熱中症となり倒れた。","4","運輸交通業","403","道路貨物運送業","40301","一般貨物自動車運送業","30~49","9","その他","92","起因物なし","921","起因物なし","90","その他"
"326","2004","平成","16","3","21~22","普通乗用車で国道を走行していたところ、突然うめきだし、意識を失った。","12","教育・研究業","1201","教育・研究業","120109","その他の教育研究業","50~99","9","その他","91","その他の起因物","911","その他の起因物","90","その他"
"327","2004","平成","16","2","1~2","トラックで国道を走行中、凍結した車道に停車中のトラックに追突した。","4","運輸交通業","403","道路貨物運送業","40301","一般貨物自動車運送業","10~29","2","物上げ装置、運搬機械","22","動力運搬機","221","トラック","17","交通事故（道路）"
"328","2004","平成","16","4","4~5","バイクで新聞配達中、後ろから来た大型トレーラーに衝突された。","8","商業","802","小売業","80205","新聞販売業","10~29","2","物上げ装置、運搬機械","22","動力運搬機","221","トラック","17","交通事故（道路）"
"329","2004","平成","16","7","6~7","雨中の国道をダンプで走行中、車線変更したところスリップしたので慌ててハンドルを切り返したところ、そのまま中央分離帯を乗り越えて対向車と衝突した。","3","建設業","302","建築工事業","30209","その他の建築工事業","1~9","2","物上げ装置、運搬機械","22","動力運搬機","221","トラック","17","交通事故（道路）"
"330","2004","平成","16","10","9~10","工場内の部品倉庫で雨漏れ対策のビニールシートを撤去し、改めてブルーシートを張る作業において、スレート屋根の梁上(ボルトの出ている場所)を移動中、屋根の明かり取り部分から、約8m下の倉庫内(コンクリート床)に転落した。","3","建設業","302","建築工事業","30209","その他の建築工事業","1~9","4","仮設物、建築物、構築物等","41","仮設物、建築物、構築物等","415","屋根、はり、もや、けた、合掌","1","墜落、転落"
"331","2004","平成","16","8","8~9","林野において、パルプ材に使用する木材の木出しと材の運搬作業で被災者が木材を積載した農用運搬機(クローラ式)を運転していたところ、林道の端から農用運搬機ごと約3m下の地面に転落した。","6","農林業","602","林業","60201","木材伐出業","1~9","2","物上げ装置、運搬機械","22","動力運搬機","229","その他の動力運搬機","1","墜落、転落"
"332","2004","平成","16","9","18~19","小型トラックで高速自動車道を走行中、中央分離帯に接触し、横転した。","8","商業","802","小売業","80201","各種商品小売業","10~29","2","物上げ装置、運搬機械","22","動力運搬機","221","トラック","17","交通事故（道路）"
"333","2004","平成","16","12","8~9","ドラグ・ショベルを運転中、ドラグ・ショベルのクローラ下の地面が崩落し、滑りをバケットにより止めようとブームを左旋回させたところ、近くで作業中の被災者に激突した。","3","建設業","301","土木工事業","30107","河川土木工事業","1~9","1","動力機械","14","建設機械等","142","掘削用機械","6","激突され"
"334","2004","平成","16","1","9~10","ゴルフ場のコース内で雑木の伐採作業中、チェーンソーで胸高直径約35センチメートルの樫の木を切り倒したところ、倒れた反動で根元側の幹が跳ね返り、離れて様子を見ていた被災者に激突した。","14","接客娯楽業","1403","その他の接客娯楽業","140301","ゴルフ場","10~29","7","環境等","71","環境等","712","立木等","6","激突され"
"335","2004","平成","16","11","2~3","単独事故を発生させたトラッククレーンをレッカー移動するため、同僚が行っていたジャッキの位置決め作業を近くで見ていたところ、傾いていた同クレーンの荷台のあおりが突然開き、あおり部に溜まっていた積荷のガードレール資材が被災者に落下・激突した。","4","運輸交通業","403","道路貨物運送業","40302","特定貨物自動車運送業","1~9","2","物上げ装置、運搬機械","22","動力運搬機","221","トラック","4","飛来、落下"
"336","2004","平成","16","4","15~16","有機肥料を製造する作業場において、発酵ロータリーマシン(円型旋回型)の台車の上に乗り、機械に付着した堆積物の清掃作業を行っていたところ、堆肥の上に落ち、台車の下部にあるロータリー部回転軸に巻き込まれた。","7","畜産・水産業","701","畜産業","70101","畜産業","10~29","1","動力機械","16","一般動力機械","162","混合機、粉砕機","7","はさまれ、巻き込まれ"
"337","2004","平成","16","2","14~15","携帯丸のこ盤を使用して木材を切断中、誤って切創した。","3","建設業","302","建築工事業","30201","鉄骨・鉄筋コンクリート造家屋建築工事業","1~9","1","動力機械","13","木材加工用機械","131","丸のこ盤","8","切れ、こすれ"
"338","2004","平成","16","2","14~15","高さ24mのマンション新築工事において、屋上の配管接続作業中、調整具合を後ずさりしながら目視点検していた時、外壁立ち上りに当たり墜落した。","3","建設業","302","建築工事業","30201","鉄骨・鉄筋コンクリート造家屋建築工事業","1~9","4","仮設物、建築物、構築物等","41","仮設物、建築物、構築物等","418","建築物、構築物","1","墜落、転落"
"339","2004","平成","16","2","0~1","会社所有の50ccスクーターで集金業務をしている時、自車進行方向車線が渋滞していたため、トラックの左側をすり抜けようとしたところ、対向車線から右折して駐車場に入ろうとしていた乗用車と激突した。","9","金融・広告業","901","金融業","90103","保険業","100~299","2","物上げ装置、運搬機械","23","乗物","231","乗用車、バス、バイク","17","交通事故（道路）"
"340","2004","平成","16","2","11~12","3階建て木造建築物の建前作業中、3階床部分の梁の上から足を踏み外し、約6m下の1階土間に墜落した。","3","建設業","302","建築工事業","30202","木造家屋建築工事業","1~9","4","仮設物、建築物、構築物等","41","仮設物、建築物、構築物等","418","建築物、構築物","1","墜落、転落"
"341","2004","平成","16","3","11~12","マンションの敷地内にある立木の枝をのこぎりで切断していたところ、高さ約7mの個所から墜落した。","17","その他の事業","1702","その他の事業","170209","その他の事業－その他","50~99","7","環境等","71","環境等","712","立木等","1","墜落、転落"
"342","2004","平成","16","6","11~12","ヘリコプターが空港に着陸する際に同空港敷地内に墜落した。","4","運輸交通業","401","鉄道・軌道・水運・航空業","40103","航空業","10~29","2","物上げ装置、運搬機械","23","乗物","239","その他の乗物","18","交通事故（その他）"
"343","2004","平成","16","5","4~5","トラックで高速道路を走行中、工事渋滞による車列の最後尾の大型トラックに追突した。","4","運輸交通業","403","道路貨物運送業","40301","一般貨物自動車運送業","30~49","2","物上げ装置、運搬機械","22","動力運搬機","221","トラック","17","交通事故（道路）"
"344","2004","平成","16","6","18~19","空調設備の更新工事において、予め開放した空調機用の配線(3相3線200V)を専用工具で切断する作業の際、誤って通電している幹配線(3相3線200V)を切断してしまい感電した。","3","建設業","303","その他の建設業","30301","電気通信工事業","100~299","3","その他の装置等","35","電気設備","351","送配電線等","13","感電"
"345","2004","平成","16","6","6~7","大型トラックで高速自動車道の本線から料金所へ向かう途中のスロープにおいて、スピードを超過していたためカーブを曲がり切れず防音壁に衝突した。","4","運輸交通業","403","道路貨物運送業","40301","一般貨物自動車運送業","10~29","2","物上げ装置、運搬機械","22","動力運搬機","221","トラック","17","交通事故（道路）"
"346","2004","平成","16","4","13~14","かばん縫製作業中に材料を天井に引っ掛けるため、ミシンの台の上に乗ったところ、滑って床に転落した。","1","製造業","108","化学工業","10807","皮革・同製品製造業","10~29","3","その他の装置等","39","その他の装置、設備","391","その他の装置、設備","1","墜落、転落"
"347","2004","平成","16","7","9~10","建物の外溝工事において、ダンプトラックを運転して土砂を現場へ運び入れ、所定の場所へバックで進入していたところ、そこで待機していた被災者が、ダンプトラックと建物の間に挟まれた。","3","建設業","301","土木工事業","30199","その他の土木工事業","30~49","2","物上げ装置、運搬機械","22","動力運搬機","221","トラック","7","はさまれ、巻き込まれ"
"348","2004","平成","16","9","8~9","機械設置用の架台の開口部の位置を変更する工事において、工事にとりかかろうと、それまで開口部を塞いでいた蓋を被災者を含め2名で取り外し、これをフォークリフトに受け渡した後、ステージを降りようと階段に向かおうとした時に、当該開口部から墜落した。","17","その他の事業","1702","その他の事業","170209","その他の事業－その他","1~9","4","仮設物、建築物、構築物等","41","仮設物、建築物、構築物等","414","開口部","1","墜落、転落"
"349","2004","平成","16","10","9~10","強風の影響で破損したテント倉庫の修理に先立ち、破損状況調査および見積り等のために同倉庫の屋根上に上がり調査を行っていたところ、足元のシートが裂け、アスファルト敷きの床の上に墜落した。","1","製造業","103","衣服その他の繊維製品製造業","10309","その他の繊維製品製造業","10~29","4","仮設物、建築物、構築物等","41","仮設物、建築物、構築物等","415","屋根、はり、もや、けた、合掌","1","墜落、転落"
"350","2004","平成","16","11","10~11","ダクト等の厨房用機器を設置するスペースである2階において、排気用チャンバーを設置するため、床面に矩形の穴を開けようと、予め墨出ししていたケガキ線に沿ってのこぎりを使用して切断していたところ、自身の体重により床面が壊れ、1階床面に墜落した。","3","建設業","302","建築工事業","30202","木造家屋建築工事業","10~29","4","仮設物、建築物、構築物等","41","仮設物、建築物、構築物等","416","作業床、歩み板","1","墜落、転落"
"351","2004","平成","16","12","20~21","店内の寝具売場付近から出火し、消火活動を行っていた労働者3名が煙にまかれた。","8","商業","802","小売業","80201","各種商品小売業","50~99","9","その他","92","起因物なし","921","起因物なし","16","火災"
"352","2004","平成","16","12","20~21","店内の寝具売場付近から出火し、消火活動を行っていた作業者3名が煙にまかれた。","8","商業","802","小売業","80201","各種商品小売業","50~99","9","その他","92","起因物なし","921","起因物なし","16","火災"
"353","2004","平成","16","12","20~21","店内の寝具売場付近から出火し、消火活動を行っていた作業者3名が煙にまかれた。","8","商業","802","小売業","80201","各種商品小売業","50~99","9","その他","92","起因物なし","921","起因物なし","16","火災"
"354","2004","平成","16","11","15~16","ドラグ・ショベルをクレーンとして使用して、トラック等の通行帯用の鉄板を敷く作業中、敷鉄板へフックを掛け外しする作業を行っていた被災者が、次の鉄板をフックに掛けるため、鉄板が置いてある場所に向う際に、旋回中のドラグ・ショベルに接触した。","3","建設業","301","土木工事業","30109","土地整理土木工事業","1~9","1","動力機械","14","建設機械等","142","掘削用機械","7","はさまれ、巻き込まれ"
"355","2004","平成","16","6","9~10","マンションの共用部分の清掃作業の準備をマンション出入口の前で実施していた時、マンションの屋上33mの所から墜落して来た女性が被災者に激突した。","15","清掃・と畜業","1501","清掃・と畜業","150101","ビルメンテナンス業","1~9","9","その他","92","起因物なし","921","起因物なし","4","飛来、落下"
"356","2004","平成","16","2","9~10","地上において、鉄骨梁(重さ約1t)につり足場を取り付けるため、高さ約1mのうま足場2脚に当該梁を載せて作業を行っていたところ、当該梁が、作業者側に倒れて被災者に激突した。","3","建設業","302","建築工事業","30201","鉄骨・鉄筋コンクリート造家屋建築工事業","10~29","5","物質、材料","52","材料","521","金属材料","6","激突され"
"357","2004","平成","16","7","10~11","マンションの塔屋上の高架水槽を点検清掃し、ひさしの上に移り、道具を下ろす準備中にマンション屋上に墜落した。","15","清掃・と畜業","1501","清掃・と畜業","150101","ビルメンテナンス業","1~9","4","仮設物、建築物、構築物等","41","仮設物、建築物、構築物等","418","建築物、構築物","1","墜落、転落"
"358","2004","平成","16","8","13~14","鋳型製造過程において、鋳型の表面に塗布する塗型剤の入ったバケツを手に持って通路を歩いていたところ転倒し、そばにあった注湯後の鋳型(約600°C)に塗型剤がかかり引火し、引火した火が被災者に燃え移った。","1","製造業","110","鉄鋼業","11002","鋳物業","1~9","5","物質、材料","51","危険物、有害物等","512","引火性の物","11","高温・低温の物との接触"
"359","2004","平成","16","11","10~11","加工工場内で、フォークリフトの運転席前のフレームに乗り、マスト上部にある歯車にグリスを塗布していたところ、誤って足でマストに仰角を調整するレバーを動かしてしまい、マスト裏側とヘッドガードとの間に挟まれた。","8","商業","804","その他の商業","80401","倉庫業","30~49","2","物上げ装置、運搬機械","22","動力運搬機","222","フォークリフト","7","はさまれ、巻き込まれ"
"360","2004","平成","16","12","3~4","50ccバイクで朝刊配達途中に、交差点で右折するため停止していたところ後ろから来た乗用車に追突され、そのはずみで交差点にはみ出し、右から来た乗用車にはねられた。","8","商業","802","小売業","80205","新聞販売業","10~29","2","物上げ装置、運搬機械","23","乗物","231","乗用車、バス、バイク","17","交通事故（道路）"
"361","2004","平成","16","4","15~16","トラックで輸送されてきた荷の荷卸作業を行っていたところ、フォークリフトのフォークの先に取り付けた玉掛用の部材が外れて、荷台にいた被災者に激突した。","1","製造業","112","金属製品製造業","11209","その他の金属製品製造業","100~299","3","その他の装置等","37","用具","379","その他の用具","6","激突され"
"362","2004","平成","16","3","19~20","ワゴン車で走行中、片側1車線の道路の左カーブにおいて、対向車と正面衝突した。","8","商業","801","卸売業","80109","その他の卸売業","30~49","2","物上げ装置、運搬機械","23","乗物","231","乗用車、バス、バイク","17","交通事故（道路）"
"363","2004","平成","16","5","7~8","製餡(あん)工場内で製餡作業中、小豆および煮汁の入った貯蔵槽に転落した。","1","製造業","101","食料品製造業","10109","その他の食料品製造業","1~9","3","その他の装置等","34","炉窯等","349","その他の炉窯等","11","高温・低温の物との接触"
"364","2004","平成","16","6","11~12","歩道舗装工事において、ダンプトラック(4t)の荷台からアスファルト合材を降ろす作業後、ダンプトラックを少し前進させたところ、バランスを崩した被災者がトラックから後向きで地上に墜落した。","3","建設業","301","土木工事業","30106","道路建設工事業","1~9","2","物上げ装置、運搬機械","22","動力運搬機","221","トラック","1","墜落、転落"
"365","2004","平成","16","10","9~10","事業場構内天井部の蛍光灯を交換する作業のため、フォークリフトに積載された18段のパレット上で作業していたところ、パレットの上でバランスを崩し、約5m下の地上に墜落した。","4","運輸交通業","403","道路貨物運送業","40301","一般貨物自動車運送業","10~29","2","物上げ装置、運搬機械","22","動力運搬機","222","フォークリフト","1","墜落、転落"
"366","2004","平成","16","9","13~14","吸着式冷凍機の冷水タンク配管に電気ドリルで穴を開け、温度センサー用ソケットをアーク溶接機で溶着する作業を行っていた際、何らかの物質に引火して爆発し、同冷水タンクに取り付けられた鉄製の蓋2枚のうち1枚が被災者を直撃した。","3","建設業","303","その他の建設業","30302","機械器具設置工事業","1~9","4","仮設物、建築物、構築物等","41","仮設物、建築物、構築物等","418","建築物、構築物","14","爆発"
"367","2004","平成","16","12","4~5","原動機付自転車にて朝刊を配達中、道路のセンターラインを越えて反対車線に出てしまったところへ乗用車が、対向してきたため衝突した。","8","商業","802","小売業","80205","新聞販売業","10~29","2","物上げ装置、運搬機械","23","乗物","231","乗用車、バス、バイク","17","交通事故（道路）"
"368","2004","平成","16","1","14~15","民家宅地内において合併浄化槽の埋設工事を行うため、穴(深さ約2m)に入り、ならしの作業をしていたところ、穴内部の土砂が崩れその下敷きになった。","3","建設業","301","土木工事業","30110","上下水道工事業","1~9","7","環境等","71","環境等","711","地山、岩石","5","崩壊、倒壊"
"369","2004","平成","16","4","10~11","射出成形機用の金型(重量5t)から型となるピンを取り外すため、2名で金型の両側に分かれ作業を行っていたところ、金型が被災者側に転倒した。","17","その他の事業","1702","その他の事業","170209","その他の事業－その他","100~299","6","荷","61","荷","612","機械装置","5","崩壊、倒壊"
"370","2004","平成","16","4","14~15","自動車整備工場内で車両の入れ替え作業を行っていたところ、被災者の乗った軽乗用車が急発進し、工場敷地内の駐車場および駐車場が面した国道を横切り、国道の反対側にある住宅のブロック塀と建物の外壁に衝突した。","1","製造業","117","その他の製造業","11701","自動車整備業","1~9","2","物上げ装置、運搬機械","23","乗物","231","乗用車、バス、バイク","17","交通事故（道路）"
"371","2004","平成","16","7","15~16","民間木造2階建て住宅のリフォーム工事において、コンパネ貼り作業の補助を行っていたところ、熱中症となった。","3","建設業","302","建築工事業","30209","その他の建築工事業","1~9","7","環境等","71","環境等","715","高温・低温環境","11","高温・低温の物との接触"
"372","2004","平成","16","10","14~15","汚水処理施設建設工事において、鉄筋組みをしていたところ、鉄筋上に倒れその際に鉄筋(直径13ミリメートル)が刺さった。","3","建設業","302","建築工事業","30201","鉄骨・鉄筋コンクリート造家屋建築工事業","1~9","4","仮設物、建築物、構築物等","41","仮設物、建築物、構築物等","419","その他の仮設物、建築物、構築物等","99","分類不能"
"373","2004","平成","16","1","19~20","回収されてきた宅配用商品容器をローラーコンベアにて上げる作業を行っていた被災者が、コンベアを跨いで反対側へ渡ろうとしたところ、バランスを崩して倒れ、コンベアに激突した。","8","商業","804","その他の商業","80401","倉庫業","500~999","4","仮設物、建築物、構築物等","41","仮設物、建築物、構築物等","417","通路","2","転倒"
"374","2004","平成","16","1","14~15","ダンボールを積載したパッカー車が、荷下ろし場所へ向かって、バックで進入した際に後輪で近くで作業していた被災者をひいた。","8","商業","801","卸売業","80109","その他の卸売業","1~9","2","物上げ装置、運搬機械","22","動力運搬機","221","トラック","7","はさまれ、巻き込まれ"
"375","2004","平成","16","2","9~10","事業場構内にあるテント倉庫のシャッターが、前夜からの強風により壊れたのを修理するため、同僚の運転手1名とともにフォークリフトのヘッドガードを足場代わりにして作業を行っていたところチルトレバーを踏んでしまい、フォークリフトのヘッドガードとマストとの間に挟まれた。","4","運輸交通業","403","道路貨物運送業","40301","一般貨物自動車運送業","30~49","2","物上げ装置、運搬機械","22","動力運搬機","222","フォークリフト","7","はさまれ、巻き込まれ"
"376","2004","平成","16","5","19~20","フォークリフトを用いて普通トラックの荷台から専用パレットに固定されたガラス板約800キログラムの荷下ろし作業中、当該荷を少し上げたところ、荷が倒れかかったため荷台上でフォークリフト運転士に合図を行っていた被災者が転落し、当該荷の下敷きになった。","1","製造業","105","家具・装備品製造業","10503","建具製造業","1~9","6","荷","61","荷","611","荷姿の物","5","崩壊、倒壊"
"377","2004","平成","16","7","17~18","木造2階建て住宅の改修工事現場において、既存の床や壁材の解体作業を行っていたところ、熱中症になった。","3","建設業","302","建築工事業","30202","木造家屋建築工事業","1~9","7","環境等","71","環境等","715","高温・低温環境","11","高温・低温の物との接触"
"378","2004","平成","16","8","15~16","住宅建築工事の杭工事において、ドラグ・ショベル脇にあったスコップを取るためにかがんでいたところへ、ドラグ・ショベルの操作者がドラグ・ショベルを左旋回させたため、立ち上がった被災者がドラグ・ショベルの後部と隣りあった移動式クレーンの間に挟まれた。","3","建設業","301","土木工事業","30199","その他の土木工事業","10~29","1","動力機械","14","建設機械等","142","掘削用機械","7","はさまれ、巻き込まれ"
"379","2004","平成","16","8","9~10","バイクに乗って集金業務を行っていた被災者が、交差点手前の歩道から交差点に進入したところ、右後方から来た乗用車に追突された。","8","商業","802","小売業","80205","新聞販売業","10~29","2","物上げ装置、運搬機械","23","乗物","231","乗用車、バス、バイク","17","交通事故（道路）"
"380","2004","平成","16","9","16~17","原動機付自転車に乗って道路を走行中、対向車が中央線をはみだしてきたために衝突した。","8","商業","802","小売業","80205","新聞販売業","30~49","2","物上げ装置、運搬機械","23","乗物","231","乗用車、バス、バイク","17","交通事故（道路）"
"381","2004","平成","16","9","11~12","公園造成工事現場の木製杭の回収作業中、トラックの荷台からバランスを崩し転落した。","3","建設業","301","土木工事業","30109","土地整理土木工事業","1~9","2","物上げ装置、運搬機械","22","動力運搬機","221","トラック","1","墜落、転落"
"382","2004","平成","16","9","5~6","原動機付自転車に乗って新聞配達中、T字路を右折しようとした際、右側から来た乗用車と衝突した。","8","商業","802","小売業","80205","新聞販売業","50~99","2","物上げ装置、運搬機械","23","乗物","231","乗用車、バス、バイク","17","交通事故（道路）"
"383","2004","平成","16","7","6~7","軽貨物自動車を運転して配送先に向かう途中、交差点左側から来た自動車と衝突した。","4","運輸交通業","403","道路貨物運送業","40303","貨物軽自動車運送業","1~9","2","物上げ装置、運搬機械","22","動力運搬機","221","トラック","17","交通事故（道路）"
"384","2004","平成","16","9","11~12","電話管撤去作業中、掘削個所内部に立ち入った際、土砂崩壊が発生し生き埋めとなった。","3","建設業","301","土木工事業","30199","その他の土木工事業","10~29","7","環境等","71","環境等","711","地山、岩石","5","崩壊、倒壊"
"385","2004","平成","16","10","13~14","クローラクレーンを現場に運ぶためトラックの荷台にカウンタウエイト、その上に先端側のジブを載せて荷締め機で固定する作業中、ジブが落下しジブの下敷きになった。","17","その他の事業","1702","その他の事業","170209","その他の事業－その他","1~9","6","荷","61","荷","612","機械装置","4","飛来、落下"
"386","2004","平成","16","11","18~19","おしぼりのクリーニング後の乾燥機(内径1.25m、長さ2m)において、付近の作業者が異音に気づき、上司に報告後、見に行ったところ内部にいる被災者を発見した。","1","製造業","117","その他の製造業","11703","クリーニング業","100~299","3","その他の装置等","34","炉窯等","342","乾燥設備","7","はさまれ、巻き込まれ"
"387","2004","平成","16","11","14~15","シートパイルを四方に打ち込み資材置場を作る工事において、強風により、シートパイルを掴んでいた被災者が荷とともに外部足場外に押し出され、建地に掛けていた安全帯のフックが抜け、5.4m下の地面に墜落した。","3","建設業","301","土木工事業","30199","その他の土木工事業","30~49","4","仮設物、建築物、構築物等","41","仮設物、建築物、構築物等","411","足場","1","墜落、転落"
"388","2004","平成","16","11","0~1","工事現場の資材置場において、階段状に積まれた電柱(最高高さ約1.7m)の上から転落した。","17","その他の事業","1702","その他の事業","170201","警備業","30~49","6","荷","61","荷","611","荷姿の物","1","墜落、転落"
"389","2004","平成","16","12","6~7","大型トラック(積載荷重10t)で高速道路を走行中、走行車線に停車した別のトラックに追突した。","4","運輸交通業","403","道路貨物運送業","40301","一般貨物自動車運送業","50~99","2","物上げ装置、運搬機械","22","動力運搬機","221","トラック","17","交通事故（道路）"
"390","2004","平成","16","2","16~17","建物の解体作業中、2階押入れの天袋の梁上でバールを使って作業していたところ、誤って約7メートル下の地面に転落した。","3","建設業","302","建築工事業","30202","木造家屋建築工事業","1~9","4","仮設物、建築物、構築物等","41","仮設物、建築物、構築物等","418","建築物、構築物","1","墜落、転落"
"391","2004","平成","16","5","0~1","ゴルフ場の池(水深90センチメートル)の周囲で刈払機で草刈をしていたところ、池に転落した。","14","接客娯楽業","1403","その他の接客娯楽業","140301","ゴルフ場","100~299","7","環境等","71","環境等","713","水","10","おぼれ"
"392","2004","平成","16","7","13~14","倉庫兼住宅の解体工事中、1階倉庫の2階床梁を解体するため梁の東端をガス溶断により一部を残して切断後、ついで西端を切断したところ、突然東端の切り残してあった部分が自重により破断し、梁の東端が下方に落下、梁の下で廃材の整理をしていた被災者が梁の下敷きとなった。","3","建設業","302","建築工事業","30209","その他の建築工事業","1~9","4","仮設物、建築物、構築物等","41","仮設物、建築物、構築物等","415","屋根、はり、もや、けた、合掌","4","飛来、落下"
"393","2004","平成","16","11","9~10","屋根の雨漏りの補修作業を行っていたところ、屋根から約5.5m下の地面に転落した。","3","建設業","302","建築工事業","30202","木造家屋建築工事業","不明","4","仮設物、建築物、構築物等","41","仮設物、建築物、構築物等","415","屋根、はり、もや、けた、合掌","1","墜落、転落"
"394","2004","平成","16","11","11~12","手押し台車にガラス板(330キログラム)を載せて工場入口のスロープ上を移動中、ガラス板の束の重量により台車の重心が後方に掛かったため台車が転倒しガラス板の下敷きとなった。","1","製造業","109","窯業土石製品製造業","10902","ガラス・同製品製造業","1~9","5","物質、材料","52","材料","529","その他の材料","7","はさまれ、巻き込まれ"
"395","2004","平成","16","1","9~10","住宅の庭の植木枝切り作業において、高さ約3mの高さの枝を枝切りするために、脚立を門柱に立てかけて踏さんの上で作業していたところ、高さ約2mの個所から墜落した。","6","農林業","601","農業","60101","農業","1~9","3","その他の装置等","37","用具","371","はしご等","1","墜落、転落"
"396","2004","平成","16","4","3~4","朝刊配達のため原動機付自転車で走行中、普通乗用車にはねられた。","8","商業","802","小売業","80205","新聞販売業","30~49","2","物上げ装置、運搬機械","23","乗物","231","乗用車、バス、バイク","17","交通事故（道路）"
"397","2004","平成","16","5","11~12","校舎増築工事の鉄骨建方作業において、鉄骨支柱を移動式クレーンを用いてつり上げ、地面に垂直に据え、各部のボルト締めを行っていたところ、支柱が倒れ、上部で作業をしていた被災者が支柱もろとも地面に叩きつけられた。","3","建設業","302","建築工事業","30209","その他の建築工事業","1~9","4","仮設物、建築物、構築物等","41","仮設物、建築物、構築物等","418","建築物、構築物","5","崩壊、倒壊"
"398","2004","平成","16","10","13~14","道路の清掃作業で、国道上に落ちていた落下物を回収するため、パトロールカーを停車させ後部のハッチドアを開け片付けの準備を始めたところ、後方から来た大型トラックに追突された。","3","建設業","301","土木工事業","30106","道路建設工事業","30~49","2","物上げ装置、運搬機械","22","動力運搬機","221","トラック","17","交通事故（道路）"
"399","2004","平成","16","11","19~20","会社構内において、駐車場から歩行者専用道路を歩行中、出勤してきた車に衝突された。","1","製造業","114","電気機械器具製造業","11409","その他の電気機械器具製造業","500~999","2","物上げ装置、運搬機械","23","乗物","231","乗用車、バス、バイク","18","交通事故（その他）"
"400","2004","平成","16","2","10~11","発電所えん提修繕工事において、岩石をせき止め用として使用するため移動に使用するワイヤーを岩石に巻いたところ、岩石が被災者側に倒れた。","3","建設業","301","土木工事業","30107","河川土木工事業","10~29","7","環境等","71","環境等","711","地山、岩石","7","はさまれ、巻き込まれ"
"401","2004","平成","16","2","11~12","自動車保管場所の調査のため、バイクを運転し、片側1車線の道路を走行していたところ、対向車線を走行してきた乗用車がガソリンスタンドに入ろうと右折した際にはねられた。","17","その他の事業","1702","その他の事業","170209","その他の事業－その他","1~9","2","物上げ装置、運搬機械","23","乗物","231","乗用車、バス、バイク","17","交通事故（道路）"
"402","2004","平成","16","10","14~15","工場内で鉄骨階段の製造中、塗装用架台上に並べ置いた鉄骨階段の部分品の間で塗装作業を行っていたところ、同架台上で将棋倒し状に倒れた同部分品(重さ約0.4t)に挟まれた。","1","製造業","112","金属製品製造業","11209","その他の金属製品製造業","10~29","5","物質、材料","52","材料","521","金属材料","5","崩壊、倒壊"
"403","2004","平成","16","3","16~17","塩ビ管の敷設が完了した下水道整備工事の到達立坑からカッタービット(掘削推進装置の先端部)を取り出すため、発進立坑内に設置されている推進装置と敷設した塩ビ管内のスクリューオーガーに別のスクリューオーガー(80センチメートル)が取り付けられていたが、被災者が発進立坑内に入ってスクリューオーガーの回転操作を行ったとき剥き出しの状態となっているスクリューオーガーに作業服が巻き込まれた。","3","建設業","301","土木工事業","30110","上下水道工事業","30~49","1","動力機械","14","建設機械等","149","その他の建設機械等","7","はさまれ、巻き込まれ"
"404","2004","平成","16","3","14~15","シートパイル(1枚の長さ約6m、重量約360キログラム)の端を切断機で揃えるためシートパイルがヤード内に16枚積まれ仮置きされていたが、仮置き場への移動に使用したチェーンハッカーがシートパイルに掛かったままクレーン操作を行ったことから、16枚のシートパイル(高さ約1m)が被災者側に転倒し、脇に積まれていたH鋼(高さ約90センチメートル)との間に挟まれた。","1","製造業","112","金属製品製造業","11209","その他の金属製品製造業","1~9","2","物上げ装置、運搬機械","21","動力クレーン等","211","クレーン","5","崩壊、倒壊"
"405","2004","平成","16","4","9~10","引越積込み先のマンションで荷物の運び出しの準備中、階段で転落した。","4","運輸交通業","403","道路貨物運送業","40301","一般貨物自動車運送業","10~29","4","仮設物、建築物、構築物等","41","仮設物、建築物、構築物等","413","階段、桟橋","1","墜落、転落"
"406","2004","平成","16","4","16~17","ハードディスクを製造するクリーンルーム内で、メンテナンスの作業に従事していたが、作業を中断し屋外の休憩場所で休憩するため、クリーンルーム内の階段を下りたとき、足を踏み外して転落した。","1","製造業","114","電気機械器具製造業","11403","電子機器用・通信機器用部品製造業","50~99","4","仮設物、建築物、構築物等","41","仮設物、建築物、構築物等","413","階段、桟橋","1","墜落、転落"
"407","2004","平成","16","5","15~16","鋼板のコイルを移動する台車のセンサーを点検する作業中に、鋼板の巻取り装置が動き出し、当該巻取り装置とコイルを置く架台の部分に挟まれた。","1","製造業","114","電気機械器具製造業","11409","その他の電気機械器具製造業","50~99","2","物上げ装置、運搬機械","22","動力運搬機","229","その他の動力運搬機","7","はさまれ、巻き込まれ"
"408","2004","平成","16","4","14~15","赤信号で信号待ちをしていたところ、後方より乗用車に追突された。その衝撃により交差点内に押し出されて転倒したところ、左側より走行してきた大型バスに巻き込まれた。","8","商業","802","小売業","80209","その他の小売業","10~29","2","物上げ装置、運搬機械","23","乗物","231","乗用車、バス、バイク","17","交通事故（道路）"
"409","2004","平成","16","6","9~10","木造2階建ての住宅新築工事で、1階の軸組み作業を行っていた時に、上部から墜落した。","3","建設業","302","建築工事業","30202","木造家屋建築工事業","10~29","4","仮設物、建築物、構築物等","41","仮設物、建築物、構築物等","411","足場","1","墜落、転落"
"410","2004","平成","16","7","10~11","ステンレス鋼板をテンションリール(リコイラー)により巻取る工程において、鋼板の先端をリールのグリップに挟み込み2巻きしてから張力を掛けたところ、鋼板の先端がグリップから外れ、ロールに巻かれていた鋼板が跳ね被災者に激突した。","1","製造業","110","鉄鋼業","11009","その他の鉄鋼業","50~99","1","動力機械","16","一般動力機械","163","ロール機（印刷ロール機を除く。）","6","激突され"
"411","2004","平成","16","8","9~10","被災者は作業講台上でトラックの荷台から鋼管を仮置場へ荷卸しするため、トラック荷台上で玉掛け作業を行っていた。玉掛けのため、鋼管の片端をいったんつり上げ、その下に板をかませた上で下ろしたところ、突然鋼管が転がり被災者に激突し、被災者は鋼管とともに荷台に転落し、鋼管の下敷きとなった。","4","運輸交通業","403","道路貨物運送業","40309","その他の道路貨物運送業","1~9","6","荷","61","荷","611","荷姿の物","6","激突され"
"412","2004","平成","16","9","5~6","共同溝シールド工事で被災者は軌道装置の走行範囲内の枕木(H鋼)と枕木の間で、泥水シールドの排泥管からこぼした排泥を清掃作業中、セグメントを切羽におろし発進立坑に戻る途中の8tバッテリーロコに激突された。","3","建設業","301","土木工事業","30102","トンネル建設工事業","30~49","2","物上げ装置、運搬機械","22","動力運搬機","223","軌道装置","6","激突され"
"413","2004","平成","16","9","9~10","小学校の植木手入れ作業現場において、脚立を用い、飛来落下物用の保護帽を着用して、キンモクセイ(高さ約5.3m)の刈込み作業を行っていたところ、脚立から下方のコンクリート面に墜落した。","3","建設業","301","土木工事業","30199","その他の土木工事業","1~9","3","その他の装置等","37","用具","371","はしご等","1","墜落、転落"
"414","2004","平成","16","12","15~16","車両積載形トラッククレーンの荷台に積載された玉切された杉の上から、バランスを崩し、約2m下の地面に墜落した。","6","農林業","602","林業","60201","木材伐出業","10~29","2","物上げ装置、運搬機械","22","動力運搬機","221","トラック","1","墜落、転落"
"415","2004","平成","16","12","10~11","2階木造家屋建築工事の骨組み作業で、被災者は2階床張りした箇所で柱と梁等とに専用金具を打ち込んでいるとき、移動式クレーンで2階から組み上げるための柱材の束をつり上げて合図を待っていたところ、何らかの原因で柱材が束ごと飛来落下し、被災者に当たった。","3","建設業","302","建築工事業","30202","木造家屋建築工事業","1~9","2","物上げ装置、運搬機械","21","動力クレーン等","212","移動式クレーン","4","飛来、落下"
"416","2004","平成","16","12","7~8","予防治山工事において、ドラグ・ショベルを用いて抜根を2.5t貨物自動車に積み込む作業中、被災者が当該貨物自動車を止め、運転席から降りたところ、貨物自動車が急に動き出したことから、それを止めるため、被災者が貨物自動車の荷台に取り付けられた昇降設備をつかんだものの、停止せず、そのまま被災者はバランスを崩し、右後輪にひかれ死亡した。","3","建設業","301","土木工事業","30199","その他の土木工事業","30~49","2","物上げ装置、運搬機械","22","動力運搬機","221","トラック","6","激突され"
"417","2004","平成","16","1","9~10","前日より天井クレーンから異音がしていたため、被災者がガーダ上で点検作業を行っていたとき、クラブと配電盤に挟まれた。","5","貨物取扱業","502","港湾運送業","50201","一般港湾運送業","50~99","2","物上げ装置、運搬機械","21","動力クレーン等","211","クレーン","7","はさまれ、巻き込まれ"
"418","2004","平成","16","1","9~10","構内の鋼片置場で、鋼片の出荷作業に従事していたとき、後進してきたフォークリフト左後輪にひかれた。","1","製造業","110","鉄鋼業","11001","製鉄・製鋼・圧延業","100~299","2","物上げ装置、運搬機械","22","動力運搬機","222","フォークリフト","6","激突され"
"419","2004","平成","16","1","19~20","バーストしたタイヤを交換するため、コンクリートポンプ車のスペアタイヤを地上に降ろそうと車台から外しているとき、転倒してコンクリートポンプ車に激突した。","3","建設業","302","建築工事業","30201","鉄骨・鉄筋コンクリート造家屋建築工事業","10~29","1","動力機械","14","建設機械等","149","その他の建設機械等","2","転倒"
"420","2004","平成","16","2","14~15","下水道管敷設工事において、土止め支保工を設置するための深さ2.8m幅90センチメートルの溝の中で、溝の壁をスコップでならす作業をしていたところ、片側の地山が崩壊し被災した。","3","建設業","301","土木工事業","30110","上下水道工事業","1~9","7","環境等","71","環境等","711","地山、岩石","5","崩壊、倒壊"
"421","2004","平成","16","3","9~10","鋼板コイル(約8t)を倉庫に保管するため、15tの床上操作式クレーンでコイルを倉庫に搬入し、クレーンでつった状態でコイルの位置を調整していた際に、このコイルが、3つのコイルで2段にはい付けされたコイルに接触したことにより、はい付けされたコイルのうち下段にあったコイルが、近くでクレーン操作していた被災者の方向に移動し、移動したコイルと背後にあった別のはい付けコイルとの間に挟まれた。","17","その他の事業","1702","その他の事業","170209","その他の事業－その他","1~9","6","荷","61","荷","611","荷姿の物","6","激突され"
"422","2004","平成","16","3","14~15","めっき槽に付属する配管の塗装作業中、めっき槽上に取り付けてあったカバーが外されていたが、被災者はカバーがあると勘違いしてカバーの上を渡ろうとして、めっき槽の中に落ちて被災した。","3","建設業","303","その他の建設業","30302","機械器具設置工事業","10~29","3","その他の装置等","34","炉窯等","341","炉、窯","11","高温・低温の物との接触"
"423","2004","平成","16","3","9~10","住宅の屋根工事中、地上からはしごを登り1階の屋根に渡ろうとしたときに、高さ約3mのところから墜落した。","3","建設業","302","建築工事業","30202","木造家屋建築工事業","1~9","3","その他の装置等","37","用具","371","はしご等","1","墜落、転落"
"424","2004","平成","16","6","3~4","被災者が、鋼板塗装ラインの出側で同僚と検査作業中、鋼板に傷が検出されたため原因を確認していたところ、稼動していた2台のローラーに挟まれた。","1","製造業","110","鉄鋼業","11009","その他の鉄鋼業","100~299","1","動力機械","16","一般動力機械","163","ロール機（印刷ロール機を除く。）","7","はさまれ、巻き込まれ"
"425","2004","平成","16","8","10~11","河川敷での除草後、フォークを使用した集草作業中に、川に転落した。","3","建設業","301","土木工事業","30199","その他の土木工事業","1~9","7","環境等","71","環境等","713","水","10","おぼれ"
"426","2004","平成","16","8","11~12","住宅のエアコン取付工事において、下屋の屋根で室外機の配管に真空ポンプを接続するために接続部のボルトをスパナで緩めていたところ、下屋の屋根から地上に墜落した。","3","建設業","302","建築工事業","30209","その他の建築工事業","1~9","4","仮設物、建築物、構築物等","41","仮設物、建築物、構築物等","415","屋根、はり、もや、けた、合掌","1","墜落、転落"
"427","2004","平成","16","9","13~14","鉄筋コンクリート3階建て新築工事現場で、外部鋼管枠組足場の足場解体作業を行っていたところ、足場3段目の作業床から地面に墜落した。","3","建設業","302","建築工事業","30201","鉄骨・鉄筋コンクリート造家屋建築工事業","30~49","4","仮設物、建築物、構築物等","41","仮設物、建築物、構築物等","411","足場","1","墜落、転落"
"428","2004","平成","16","10","7~8","杭打工事に使用する鋼管ヤットコを加工する為、65tクローラクレーンを使って格納場所からヤットコを取り出す作業中に、玉掛けを行っていた被災者の背後に積まれていた他のヤットコが突然崩れ、被災者に激突した。","3","建設業","301","土木工事業","30199","その他の土木工事業","50~99","6","荷","61","荷","611","荷姿の物","5","崩壊、倒壊"
"429","2004","平成","16","11","13~14","産業廃棄物中間処理場において、残土と石灰を混合するパドルミキサー内部に固着した固形物の除去作業をしていたところ、パドルミキサーが突然動き出して、パドルミキサーの回転軸に巻き込まれた。","15","清掃・と畜業","1501","清掃・と畜業","150102","産業廃棄物処理業","10~29","1","動力機械","16","一般動力機械","162","混合機、粉砕機","7","はさまれ、巻き込まれ"
"430","2004","平成","16","11","13~14","産業廃棄物中間処理場において、残土と石灰を混合するパドルミキサー内部に固着した固形物の除去作業をしていたところ、パドルミキサーが突然動き出して、パドルミキサーの回転軸に巻き込まれた。","15","清掃・と畜業","1501","清掃・と畜業","150102","産業廃棄物処理業","10~29","1","動力機械","16","一般動力機械","162","混合機、粉砕機","7","はさまれ、巻き込まれ"
"431","2004","平成","16","12","5~6","厩舎脇の運動場にて、乗り運動(馬の背に乗り歩かせる)を行っていた当舎管理馬の後ろに付いて、別の馬の引き運動(手綱を引張って馬を歩かせる)を行っていたところ、突然、前を歩いていた乗り運動中の馬の後ろ足で蹴られた。","17","その他の事業","1702","その他の事業","170209","その他の事業－その他","1~9","7","環境等","71","環境等","719","その他の環境等","6","激突され"
"432","2004","平成","16","1","3~4","業務が終了して本社に帰り、駐車場に社用車を止めて鍵を返却し、自車の鍵を持ち、自車のエンジンをかけておこうと道路を横断しようとしたところ、右から走ってきた乗用車にはねられた。","4","運輸交通業","402","道路旅客運送業","40201","ハイヤー・タクシー業","50~99","2","物上げ装置、運搬機械","23","乗物","231","乗用車、バス、バイク","17","交通事故（道路）"
"433","2004","平成","16","8","14~15","工場内において、3名で2階屋根下のダクトのガイド取り付け作業中、1階屋根を歩行している時、スレート屋根を踏み抜いて約3m下へ墜落した。","1","製造業","112","金属製品製造業","11209","その他の金属製品製造業","1~9","4","仮設物、建築物、構築物等","41","仮設物、建築物、構築物等","415","屋根、はり、もや、けた、合掌","9","踏み抜き"
"434","2004","平成","16","1","7~8","建設現場での測量作業のため社用車に乗り合って現場へ向かう途中、交差点で右折信号に従い右折しようとしたところ、信号を無視して交差点に進入してきた直進対向車に左側面から衝突された。","17","その他の事業","1702","その他の事業","170209","その他の事業－その他","10~29","2","物上げ装置、運搬機械","22","動力運搬機","221","トラック","17","交通事故（道路）"
"435","2004","平成","16","9","9~10","焼鈍炉の積重装置(エアーリフト)のシャッター部の枠を溶接により取り替えるため、積重装置とシャッター部の隙間に入り作業中、別の作業者から溶接ホルダーを受け取ろうした時、別の作業者がリミットスイッチに誤って触れたため、積重装置が上昇しシャッター部との間に挟まれた。","1","製造業","111","非鉄金属製造業","11109","その他の非鉄金属製造業","50~99","1","動力機械","16","一般動力機械","169","その他の一般動力機械","7","はさまれ、巻き込まれ"
"436","2004","平成","16","10","8~9","コンプレッサー装置を2階の設置場所に上げる準備のため、2階の機械搬入用ハッチ(2階床上)を被災者他1名で開ける作業中、ハッチとともに6m下の1階コンクリート床上に墜落した。","3","建設業","303","その他の建設業","30302","機械器具設置工事業","1~9","4","仮設物、建築物、構築物等","41","仮設物、建築物、構築物等","414","開口部","1","墜落、転落"
"437","2004","平成","16","12","11~12","マンションの基礎工事において、被災者が掘削底面で埋戻し作業を行うため、人通孔の養生を行っていたところ、ドラグ・ショベルのオペレーターが被災者の付近の地山を切り崩したため、被災者が土砂に埋没した。","3","建設業","302","建築工事業","30201","鉄骨・鉄筋コンクリート造家屋建築工事業","30~49","7","環境等","71","環境等","711","地山、岩石","5","崩壊、倒壊"
"438","2004","平成","16","3","5~6","トラックで高速道路を運転し、サービスエリアに入ろうと入口から2車線ある進入路右車線を進行中、駐停禁止の進入路右側に仮眠のため停車中のトレーラー(ハザードランプ点灯ナシ)の左後部に追突し、運転席に挟まれた。","4","運輸交通業","403","道路貨物運送業","40302","特定貨物自動車運送業","30~49","2","物上げ装置、運搬機械","22","動力運搬機","221","トラック","17","交通事故（道路）"
"439","2004","平成","16","6","11~12","トラックで運んできた醤油粕を置くためのスペースを作るため、ショベルローダーを使って構内の醤油粕を移動する作業を行っていたところ、突然ショベルローダーが左へ横転し、被災者に激突した。","17","その他の事業","1702","その他の事業","170209","その他の事業－その他","10~29","2","物上げ装置、運搬機械","22","動力運搬機","225","ローダー","1","墜落、転落"
"440","2004","平成","16","8","5~6","朝刊をバイクにて配達中、畑の中のアスファルト道路から道を外れて畑にタイヤを取られてしまい、転倒した。","8","商業","802","小売業","80205","新聞販売業","50~99","2","物上げ装置、運搬機械","23","乗物","231","乗用車、バス、バイク","17","交通事故（道路）"
"441","2004","平成","16","6","14~15","顧客の集金のため、国道を走行していた被災者の運転する乗用車に、対向車のトラックの積荷の鉄パイプが崩れ落ち、被災者に当たった。","9","金融・広告業","901","金融業","90109","その他の金融業","1~9","6","荷","61","荷","611","荷姿の物","17","交通事故（道路）"
"442","2004","平成","16","10","14~15","マンションベランダの軒下工事において、足場組立作業中、被災者が設置中の足場板の上を安全帯を使用せず通行し、足場材もろとも約18m下の地上に墜落した。","3","建設業","302","建築工事業","30203","建築設備工事業","1~9","4","仮設物、建築物、構築物等","41","仮設物、建築物、構築物等","411","足場","1","墜落、転落"
"443","2004","平成","16","8","13~14","公道上で高所作業車を運転していた際、下り坂の路肩に停車し降車したところ、車両が動き出したので、車両を追いかけ運転席に乗り込もうとしたときに、車両とともに転落し、横転した車両の下敷きとなった。","3","建設業","303","その他の建設業","30301","電気通信工事業","10~29","1","動力機械","14","建設機械等","146","高所作業車","6","激突され"
"444","2004","平成","16","8","14~15","トラクター・ショベルのマフラー交換作業中、トラクター・ショベル上、高さ2.4mのところから墜落した。","2","鉱業","202","土石採取業","20202","砂利採取業","1~9","1","動力機械","14","建設機械等","141","整地・運搬・積込み用機械","1","墜落、転落"
"445","2004","平成","16","4","8~9","物置の組立作業中、高さ2.4mの足場上で長さ約4m重さ約70キログラムの通し梁の片側を肩に背負って移動している最中、バランスを失い梁と一緒に墜落した。","3","建設業","302","建築工事業","30202","木造家屋建築工事業","1~9","4","仮設物、建築物、構築物等","41","仮設物、建築物、構築物等","411","足場","1","墜落、転落"
"446","2004","平成","16","4","13~14","構内の再生骨材資材置場で破砕プラントのスクリーンの網の交換作業をするため、ショベルローダーを網の下に位置するように停止し、ショベルローダーの前タイヤに乗っているとき、足を滑らせ1.5m下の地面に墜落した。","1","製造業","109","窯業土石製品製造業","10909","その他の土石製品製造業","30~49","2","物上げ装置、運搬機械","22","動力運搬機","225","ローダー","1","墜落、転落"
"447","2004","平成","16","10","5~6","新聞配達の途中、増水した川に流された。","8","商業","802","小売業","80205","新聞販売業","1~9","7","環境等","71","環境等","713","水","10","おぼれ"
"448","2004","平成","16","12","5~6","夜間の保線工事に従事し、軽自動車を運転して事務所に戻る途中、国道において、前方を走行していた10tトラックに追突した。","3","建設業","301","土木工事業","30104","鉄道軌道建設工事業","10~29","2","物上げ装置、運搬機械","23","乗物","231","乗用車、バス、バイク","17","交通事故（道路）"
"449","2004","平成","16","12","6~7","車を運転して工事の打ち合わせに行く途中、交通事故に遭い、死亡した。","3","建設業","301","土木工事業","30106","道路建設工事業","1~9","2","物上げ装置、運搬機械","23","乗物","231","乗用車、バス、バイク","17","交通事故（道路）"
"450","2004","平成","16","5","9~10","原料の入った金属製コンテナ(高さ149センチメートル、重さ約1t)をフォークリフト(積載荷重2t)に積載し、上昇させながら搬入口プラットホームに向けて走行していたとき、プラットホームの直前で、プラットホーム下に被災者がいることに気づき急ブレーキをかけたところ、積載していたコンテナが約180センチメートルの高さから滑り落ち、コンテナの一部とプラットホーム床の間に被災者が挟まれた。","1","製造業","101","食料品製造業","10101","肉製品、乳製品製造業","100~299","2","物上げ装置、運搬機械","22","動力運搬機","222","フォークリフト","4","飛来、落下"
"451","2004","平成","16","6","4~5","夜間工事勤務終了後、現場から社用車で帰宅途中、下り道路の左カーブを曲がりきれずにガードレールに衝突し、車が横転、炎上した。","3","建設業","303","その他の建設業","30301","電気通信工事業","10~29","2","物上げ装置、運搬機械","23","乗物","231","乗用車、バス、バイク","17","交通事故（道路）"
"452","2004","平成","16","7","21~22","国道沿いのLPGスタンドで燃料充填後、右折で国道に出て下り(反対)車線に入ろうとしたところ、中央分離帯(ゼブラゾーン)付近で、上り車線を進行してきた乗用車が被災者運転のタクシーに衝突した。","4","運輸交通業","402","道路旅客運送業","40201","ハイヤー・タクシー業","100~299","2","物上げ装置、運搬機械","23","乗物","231","乗用車、バス、バイク","17","交通事故（道路）"
"453","2004","平成","16","8","10~11","輸入原木(約36t)をトレーラーに積み国道を走行中、緩やかな下りカーブを曲がり切れずにガードレールや建物に衝突しながら数m蛇行し横転、被災者が車外に投げ出されところに積荷の原木が落下した。","4","運輸交通業","403","道路貨物運送業","40301","一般貨物自動車運送業","1~9","2","物上げ装置、運搬機械","22","動力運搬機","221","トラック","17","交通事故（道路）"
"454","2004","平成","16","10","0~1","社有車で営業活動のため国道を走行中、反対車線にはみ出し対向車と衝突した。","8","商業","801","卸売業","80109","その他の卸売業","10~29","2","物上げ装置、運搬機械","23","乗物","231","乗用車、バス、バイク","17","交通事故（道路）"
"455","2004","平成","16","1","14~15","コンクリートやアスファルトの粉砕機の修理が終ったので、被災者が粉砕機の粉砕ローラー付近に立ち、自ら合図をし、他の者がスイッチを入れたところ、動き出した粉砕機のローラーに巻き込まれた。","1","製造業","109","窯業土石製品製造業","10909","その他の土石製品製造業","1~9","1","動力機械","16","一般動力機械","162","混合機、粉砕機","7","はさまれ、巻き込まれ"
"456","2004","平成","16","2","14~15","止水壁として使用していたシートパイルの引抜き作業中、シートパイルにクランプ(1個)を付け、移動式クレーンで抜き、地上に下ろそうとしたところ、クランプが外れてシートパイルが落下し、近くにいた被災者に激突した。","3","建設業","301","土木工事業","30199","その他の土木工事業","10~29","3","その他の装置等","37","用具","372","玉掛用具","4","飛来、落下"
"457","2004","平成","16","2","15~16","U字溝生産ラインにおいて、生コンクリート投入機と柱との間に挟まれた。","1","製造業","109","窯業土石製品製造業","10901","セメント・同製品製造業","30~49","1","動力機械","16","一般動力機械","169","その他の一般動力機械","7","はさまれ、巻き込まれ"
"458","2004","平成","16","3","7~8","水酸化ナトリウム(2~3%)入りの消毒槽の中から消毒中のプラスチック網の入ったコンテナ箱(約10キログラム)を引き上げようとしたところ、槽の中に転落した。","1","製造業","101","食料品製造業","10102","水産食料品製造業","10~29","3","その他の装置等","34","炉窯等","341","炉、窯","11","高温・低温の物との接触"
"459","2004","平成","16","4","8~9","造成工事においてブルドーザーで山砂をならそうとしてエンジンをかけたところ後進し、法面(のりめん)(高さ85センチメートル・傾斜51度)からブル・ドーザーごと転落した際放り出されて地面に激突したところへブルドーザーがまたぐ形で通過し、そのまま排土板に引きずられた。その後、同機が田んぼに差し掛かり上下に揚動した排土板に激突された。","3","建設業","301","土木工事業","30109","土地整理土木工事業","1~9","1","動力機械","14","建設機械等","141","整地・運搬・積込み用機械","1","墜落、転落"
"460","2004","平成","16","6","6~7","バイクで朝刊を配達中、誤って水路に転落した。","8","商業","802","小売業","80205","新聞販売業","30~49","2","物上げ装置、運搬機械","23","乗物","231","乗用車、バス、バイク","17","交通事故（道路）"
"461","2004","平成","16","7","8~9","博物館において、文書収蔵室内の害虫駆除作業を行うため同室内でくん煙剤を炊いたところ、突然爆発し、文書収蔵室と学芸員室との間仕切りが爆風で吹き飛び、被災者が同壁と学芸員室の壁に挟まれ死亡した。","12","教育・研究業","1201","教育・研究業","120109","その他の教育研究業","1~9","5","物質、材料","51","危険物、有害物等","513","可燃性のガス","14","爆発"
"462","2004","平成","16","8","9~10","トラック荷台に積載したALC板(寸法:4300×600×120ミリメートル、180キログラム)6枚を専用玉掛用具を使用して移動式クレーンでつり上げ2階床に荷上げしようとしたところ、シャックルの1つのねじが抜け落ち、つり荷であるALC板が約3.5mの高さから落下し、被災者に激突した。","3","建設業","302","建築工事業","30201","鉄骨・鉄筋コンクリート造家屋建築工事業","10~29","3","その他の装置等","37","用具","372","玉掛用具","4","飛来、落下"
"463","2004","平成","16","8","17~18","清掃の終わった大根の皮むき機を台の上にフォークリフトで乗せる際、安定が悪かったので、被災者がフォークの上に乗って支えていたところ、当該皮むき機がバランスを崩し転倒・落下、被災者はそれを支えようとして当該皮むき機とともに転落した。","1","製造業","101","食料品製造業","10109","その他の食料品製造業","100~299","2","物上げ装置、運搬機械","22","動力運搬機","222","フォークリフト","1","墜落、転落"
"464","2004","平成","16","10","8~9","被災当日の午後に上陸するおそれのある台風に備え、港湾工事のH鋼杭が流されないよう補強する作業を行っていたところ、被災者2名が高波にさらわれ行方不明となった。","3","建設業","301","土木工事業","30111","港湾海岸工事業","1~9","7","環境等","71","環境等","713","水","10","おぼれ"
"465","2004","平成","16","10","8~9","被災当日の午後に上陸するおそれのある台風に備え、港湾工事のH鋼杭が流されないよう補強する作業を行っていたところ、被災者2名が高波にさらわれ行方不明となった。","3","建設業","301","土木工事業","30111","港湾海岸工事業","1~9","7","環境等","71","環境等","713","水","10","おぼれ"
"466","2004","平成","16","12","3~4","トラックの、荷降ろしのため車外で準備中、突然車体が前進し始めたため、被災者はこれを止めようと両手で押さえたが止まらず、同車の前に停車していた別のトラックとの間に挟まれた。","4","運輸交通業","403","道路貨物運送業","40309","その他の道路貨物運送業","1~9","2","物上げ装置、運搬機械","22","動力運搬機","221","トラック","7","はさまれ、巻き込まれ"
"467","2004","平成","16","2","13~14","ビルの建築設備検査のため、ビルの屋上に検査業者とともに上り、点検対象の機械から下りようとしたところ、転落した。","17","その他の事業","1702","その他の事業","170209","その他の事業－その他","1000~9999","4","仮設物、建築物、構築物等","41","仮設物、建築物、構築物等","418","建築物、構築物","1","墜落、転落"
"468","2004","平成","16","4","14~15","フィルム現像の溶液タンクに落ちたフィルムを取ろうとした被災者が、溶液を抜いたタンク内に逆さまにはさまり、抜けなくなった。","17","その他の事業","1702","その他の事業","170209","その他の事業－その他","30~49","3","その他の装置等","39","その他の装置、設備","391","その他の装置、設備","10","おぼれ"
"469","2004","平成","16","4","1~2","SRC造のビル解体工事において、5階部のコンクリート柱の内部の鉄筋および鉄骨をガス溶断作業中、同柱が壁と共に倒壊し、被災者が挟まれた。","3","建設業","302","建築工事業","30209","その他の建築工事業","1~9","4","仮設物、建築物、構築物等","41","仮設物、建築物、構築物等","418","建築物、構築物","5","崩壊、倒壊"
"470","2004","平成","16","4","13~14","既存建物の改造工事(鉄骨造り2階建)において、脚立と建物境界の塀との間に架け渡した足場板に乗り、外壁モルタル下地材のビス止めを行っていたところ、約1.7m下の地面に墜落した。","3","建設業","302","建築工事業","30209","その他の建築工事業","1~9","4","仮設物、建築物、構築物等","41","仮設物、建築物、構築物等","411","足場","1","墜落、転落"
"471","2004","平成","16","6","14~15","墨出し等の作業のため、2階床部分に作業床として仮置きしてあったコンパネ、垂木等の片付け作業中に、高さ3.15m下のコンクリートべた基礎部に墜落した。","3","建設業","302","建築工事業","30202","木造家屋建築工事業","1~9","4","仮設物、建築物、構築物等","41","仮設物、建築物、構築物等","415","屋根、はり、もや、けた、合掌","1","墜落、転落"
"472","2004","平成","16","7","16~17","ビル新築工事において、アーク溶接作業中、猛暑であったため、意識障害を起こし、誤って溶接棒が接触した。","3","建設業","302","建築工事業","30201","鉄骨・鉄筋コンクリート造家屋建築工事業","10~29","3","その他の装置等","33","溶接装置","332","アーク溶接装置","13","感電"
"473","2004","平成","16","4","0~1","バイクで国道を走行中、進路変更してきた乗用車と接触、転倒し、ガードレールに激突した。","17","その他の事業","1702","その他の事業","170209","その他の事業－その他","100~299","2","物上げ装置、運搬機械","23","乗物","231","乗用車、バス、バイク","17","交通事故（道路）"
"474","2004","平成","16","1","6~7","代理店訪問のため出張中、宿泊先客室の浴室において、死亡した。","17","その他の事業","1702","その他の事業","170209","その他の事業－その他","50~99","7","環境等","71","環境等","713","水","10","おぼれ"
"475","2004","平成","16","8","0~1","マンション屋上の防水工事の積算のために、一人で脚立を使用して5階廊下から屋上を見ていたところ、脚立から転倒した。","3","建設業","302","建築工事業","30209","その他の建築工事業","30~49","3","その他の装置等","37","用具","371","はしご等","1","墜落、転落"
"476","2004","平成","16","10","16~17","カニクレーン(クローラクレーン)を使用して地下駐車場の鉄骨組立終了後、深さ5.7mの地下から地上へ、ウィンチを使用して作業中、カニクレーンをつり上げる作業を開始したところ、1階天井部に取り付けていた滑車から突然ワイヤロープがはずれウィンチを運転していた被災者がワイヤロープと側壁に挟まれた。","3","建設業","303","その他の建設業","30302","機械器具設置工事業","1~9","2","物上げ装置、運搬機械","21","動力クレーン等","219","その他の動力クレーン等","7","はさまれ、巻き込まれ"
"477","2004","平成","16","5","13~14","うつ病により休業していたところ、静養先にて自殺を図った。","1","製造業","114","電気機械器具製造業","11409","その他の電気機械器具製造業","10~29","9","その他","91","その他の起因物","911","その他の起因物","90","その他"
"478","2004","平成","16","5","5~6","車を運転して事業場に帰る途中の高速道路でガードロープに衝突した。","17","その他の事業","1702","その他の事業","170209","その他の事業－その他","10~29","2","物上げ装置、運搬機械","23","乗物","231","乗用車、バス、バイク","17","交通事故（道路）"
"479","2004","平成","16","2","7~8","トラックへの荷積み作業中に、後退してきた車両とプラットホームに挟まれた。","4","運輸交通業","403","道路貨物運送業","40301","一般貨物自動車運送業","50~99","2","物上げ装置、運搬機械","22","動力運搬機","221","トラック","7","はさまれ、巻き込まれ"
"480","2004","平成","16","2","0~1","高速道路を走行中、車の右側後輪タイヤがパンクし、中央分離帯に衝突し、次いで左側のガードレールに衝突、再び中央分離帯に衝突した。","17","その他の事業","1702","その他の事業","170209","その他の事業－その他","100~299","2","物上げ装置、運搬機械","23","乗物","231","乗用車、バス、バイク","17","交通事故（道路）"
"481","2004","平成","16","6","13~14","埠頭に接岸している貨物船デッキ上において揚荷役中、コンテナの巻上を行った際、ベースコーンが当該コンテナについた状態で地切・巻上が行われ、山側へ横行させた際、山側通路上でベースコーンがコンテナから外れ、落下し、被災者を直撃した。","5","貨物取扱業","502","港湾運送業","50202","港湾荷役業","50~99","3","その他の装置等","37","用具","379","その他の用具","4","飛来、落下"
"482","2004","平成","16","8","0~1","午前中の作業終了前に3階の外壁が傾いたので倒壊を防止するため、重機のアームで押さえワイヤーを架ける作業を開始しようとしたところ、外壁がさらに傾き、重機で支えきれず足場と共に崩壊したため、被災者は逃げ切れずにそのまま被災した。","3","建設業","302","建築工事業","30209","その他の建築工事業","50~99","1","動力機械","14","建設機械等","149","その他の建設機械等","5","崩壊、倒壊"
"483","2004","平成","16","7","7~8","13階建てマンションの屋上にある広告用看板のシートを張替える工事で、養生ネットを張る作業をしているとき、被災者が看板の上から約45m下の地上に墜落した。","17","その他の事業","1702","その他の事業","170209","その他の事業－その他","1~9","4","仮設物、建築物、構築物等","41","仮設物、建築物、構築物等","418","建築物、構築物","1","墜落、転落"
"484","2004","平成","16","8","15~16","マンション建設工事現場において、圧接作業の補助を行っていたところ、体調が悪くなった。","3","建設業","302","建築工事業","30201","鉄骨・鉄筋コンクリート造家屋建築工事業","1~9","7","環境等","71","環境等","715","高温・低温環境","11","高温・低温の物との接触"
"485","2004","平成","16","10","17~18","新設工事中のシールドトンネル内で排水施設の点検中、折からの台風による集中豪雨により、溢れた雨水が下水管に予想を超えて流入したため、管路同士の接合部を間仕切りしている鋼製の隔壁に大きな水頭圧がかかり破壊され、新設管路内で排水ポンプの動作確認をしていた被災者が流された。","3","建設業","301","土木工事業","30110","上下水道工事業","1~9","7","環境等","71","環境等","713","水","10","おぼれ"
"486","2004","平成","16","5","16~17","業務終了後、自転車で事務所ヘ帰社途中、交差点で右折のため発進したトレーラーに接触した。","17","その他の事業","1702","その他の事業","170209","その他の事業－その他","50~99","2","物上げ装置、運搬機械","22","動力運搬機","221","トラック","17","交通事故（道路）"
"487","2004","平成","16","8","0~1","粗大ゴミ処理施設において、廃棄物の荷卸作業中にバックしてきたショベルローダーにひかれた。","3","建設業","302","建築工事業","30202","木造家屋建築工事業","1~9","2","物上げ装置、運搬機械","22","動力運搬機","225","ローダー","6","激突され"
"488","2004","平成","16","9","13~14","雑居ビルのエレベーター1階外扉についたキズの状況を確認し、キズついた扉の交換のための採寸作業を行うため、一人で雑居ビル内で作業中にエレベーターピット内で墜落した。","15","清掃・と畜業","1501","清掃・と畜業","150101","ビルメンテナンス業","10~29","4","仮設物、建築物、構築物等","41","仮設物、建築物、構築物等","418","建築物、構築物","1","墜落、転落"
"489","2004","平成","16","12","17~18","ビルの立体駐車場の出入口のターンテーブルに乗せた車を後退させるつもりが、誤って強くアクセルを踏み込んだため急発進し、近くで待機していた被災者に衝突した。","17","その他の事業","1702","その他の事業","170209","その他の事業－その他","50~99","2","物上げ装置、運搬機械","23","乗物","231","乗用車、バス、バイク","7","はさまれ、巻き込まれ"
"490","2004","平成","16","4","9~10","冷凍倉庫内において、フォークリフトを使って荷物を移動中、荷崩れをした荷物を直そうとして運転席を乗り越え、マストと本体の間に入った際、操作レバーに衣服等が引っ掛かり、挟まれた。","8","商業","804","その他の商業","80401","倉庫業","10~29","2","物上げ装置、運搬機械","22","動力運搬機","222","フォークリフト","7","はさまれ、巻き込まれ"
"491","2004","平成","16","8","14~15","ビルの消防検査に立ち会っていた被災者が、8階のベランダに設置された避難器具(体にベルトを装着して地上にゆっくりと下降する緩降機と呼ばれるもの)の下降試験をするため、ベルトを装着してベランダの外に身を乗り出したところ、1階のコンクリート屋根上に転落した。","15","清掃・と畜業","1501","清掃・と畜業","150101","ビルメンテナンス業","10~29","3","その他の装置等","39","その他の装置、設備","391","その他の装置、設備","1","墜落、転落"
"492","2004","平成","16","10","0~1","業務の打合わせのため、バイクで現場に向かっている途中、交差点を直進していたとき、前方から急に乗用車が右折してきて衝突した。","17","その他の事業","1702","その他の事業","170209","その他の事業－その他","10~29","2","物上げ装置、運搬機械","23","乗物","231","乗用車、バス、バイク","17","交通事故（道路）"
"493","2004","平成","16","10","15~16","トレーラーを運転中、トレーラーの左横を走行していた2tトラックと接触し、そのはずみでガードレールに衝突した際、運転席から投げ出された。","4","運輸交通業","403","道路貨物運送業","40301","一般貨物自動車運送業","30~49","2","物上げ装置、運搬機械","22","動力運搬機","221","トラック","17","交通事故（道路）"
"494","2004","平成","16","3","8~9","ビル新築工事現場にて3階床の型枠材料のベニヤ板約70枚を道路上の車両積載形トラッククレーンの荷台からクレーンで外部足場上に荷上げしていたときに荷崩れを起こし、ベニヤ板とともに足場上で荷上げの補助をしていた作業者が2.06m下の躯(く)体2階床上に墜落した。その際、2階床上で作業していた被災者に墜落した作業者と数枚のベニヤ板がぶつかった。","3","建設業","302","建築工事業","30201","鉄骨・鉄筋コンクリート造家屋建築工事業","1~9","6","荷","61","荷","611","荷姿の物","4","飛来、落下"
"495","2004","平成","16","4","10~11","清掃工場解体工事において、ごみピット上部に位置する送風機室内で送風機等の溶断作業を行っていたとき、送風機ダクトを撤去した跡にできた床面開口部から22m下のごみピット底に墜落した。","17","その他の事業","1702","その他の事業","170209","その他の事業－その他","100~299","4","仮設物、建築物、構築物等","41","仮設物、建築物、構築物等","414","開口部","1","墜落、転落"
"496","2004","平成","16","7","13~14","工事現場において、電柱の転倒防止用支線(鋼鉄製ワイヤー)を撤去し、撤去跡を舗装する作業中、熱中症となった。","3","建設業","303","その他の建設業","30301","電気通信工事業","1~9","7","環境等","71","環境等","715","高温・低温環境","11","高温・低温の物との接触"
"497","2004","平成","16","7","23~24","駐車場から出庫する車両を誘導するため車道に出たところ、片側2車線道路の左車線を走行してきた車両にひかれた。","17","その他の事業","1702","その他の事業","170201","警備業","100~299","2","物上げ装置、運搬機械","23","乗物","231","乗用車、バス、バイク","17","交通事故（道路）"
"498","2004","平成","16","10","11~12","台風の対策として、メッシュシートの取り付け作業をしていたところ、屋上外部足場から地上に墜落した。","3","建設業","302","建築工事業","30201","鉄骨・鉄筋コンクリート造家屋建築工事業","10~29","4","仮設物、建築物、構築物等","41","仮設物、建築物、構築物等","411","足場","1","墜落、転落"
"499","2004","平成","16","12","7~8","出勤のためオフィス棟の地下2階から地下3階に階段を降りる際、足を踏み外し踊り場へ転落した。","15","清掃・と畜業","1501","清掃・と畜業","150102","産業廃棄物処理業","10~29","4","仮設物、建築物、構築物等","41","仮設物、建築物、構築物等","413","階段、桟橋","1","墜落、転落"
"500","2004","平成","16","11","9~10","木造3階建て住宅新築工事現場において、3階部分の床張り工事中に、3階梁上に積み置きされた床板用構造用合板の上に誤って乗り、当該合板と共に約5m下の1階に墜落した。","3","建設業","302","建築工事業","30202","木造家屋建築工事業","1~9","5","物質、材料","52","材料","522","木材、竹材","1","墜落、転落"
"501","2004","平成","16","1","10~11","営業活動中、反対側の歩道へ渡るため、片側3車線の道路で渋滞している車の間をすり抜けようとして、走行してきた軽トラックにはねられた。","17","その他の事業","1702","その他の事業","170209","その他の事業－その他","30~49","2","物上げ装置、運搬機械","22","動力運搬機","221","トラック","17","交通事故（道路）"
"502","2004","平成","16","2","13~14","消防設備の火災警報器の地下の警報ランプが点いていたので、地下電気室の天井にある煙感知センサーを点検中、近くにあった変電設備の6600Vの高圧電路のジスコンに触れ感電した。","14","接客娯楽業","1401","旅館業","140101","旅館業","1~9","3","その他の装置等","35","電気設備","352","電力設備","13","感電"
"503","2004","平成","16","3","15~16","ビル屋上において、屋上フェンス扉の修理作業の確認写真を撮ろうとしたとき、約40m下の地面に墜落した。","17","その他の事業","1702","その他の事業","170209","その他の事業－その他","500~999","4","仮設物、建築物、構築物等","41","仮設物、建築物、構築物等","418","建築物、構築物","1","墜落、転落"
"504","2004","平成","16","10","10~11","被災者が住み込み管理するマンションにおいて、エントランス部分の玄関ひさしの雨漏りを確認するため、マンション管理組合員とともに脚立を垂直に伸ばしてはしご状にし、ひさしに立てかけて登っていたとき、突然脚立の脚部が滑り、脚立がひさしから外れ玄関床面に墜落した。","17","その他の事業","1702","その他の事業","170209","その他の事業－その他","500~999","3","その他の装置等","37","用具","371","はしご等","1","墜落、転落"
"505","2004","平成","16","11","9~10","9階建ビルの屋上の塔屋上に設置された広告塔の鉄骨の塗装工事のために設けられたつり足場の解体作業中、バランスを崩し、約20m下の隣のビルの屋上に墜落した。","17","その他の事業","1702","その他の事業","170209","その他の事業－その他","1~9","4","仮設物、建築物、構築物等","41","仮設物、建築物、構築物等","411","足場","1","墜落、転落"
"506","2004","平成","16","12","7~8","荷物をトラックの荷台に積み込む作業中、被災者がトラック後部荷台の扉を開け立っていたところ、同僚の運転手が被災者の位置を確認することなくトラックを後退させたためトラック後部と建物(ドッグシェルター)との間に挟まれた。","4","運輸交通業","403","道路貨物運送業","40301","一般貨物自動車運送業","50~99","2","物上げ装置、運搬機械","22","動力運搬機","221","トラック","7","はさまれ、巻き込まれ"
"507","2004","平成","16","10","15~16","2階建て物置の屋根部分の解体作業を2階床(高さ約2m)で内側から行っていたとき、1階土間部分に墜落した。","3","建設業","302","建築工事業","30209","その他の建築工事業","1~9","4","仮設物、建築物、構築物等","41","仮設物、建築物、構築物等","418","建築物、構築物","1","墜落、転落"
"508","2004","平成","16","5","8~9","追い越し車線を走行中、中央分離帯を越えて、対向車線の相手車両(3tトラック)が進入、先行車両に衝突した後、被災者運転のタクシーに衝突した。","4","運輸交通業","402","道路旅客運送業","40201","ハイヤー・タクシー業","300~499","2","物上げ装置、運搬機械","22","動力運搬機","221","トラック","17","交通事故（道路）"
"509","2004","平成","16","5","18~19","マンション外壁の老朽破損状況調査において、ブランコ作業をしていたとき、16m以上の高さからブランコおよびロープごと地面に墜落した。","17","その他の事業","1702","その他の事業","170209","その他の事業－その他","1~9","3","その他の装置等","37","用具","379","その他の用具","1","墜落、転落"
"510","2004","平成","16","10","9~10","シャッターの点検修理作業中、シャッターの下に入り引っ掛かっていた木の棒を取り除いたところ、突然シャッターが下がり、コンクリート床とシャッターの部分に挟まれた。","3","建設業","302","建築工事業","30202","木造家屋建築工事業","1~9","3","その他の装置等","39","その他の装置、設備","391","その他の装置、設備","7","はさまれ、巻き込まれ"
"511","2004","平成","16","11","14~15","RC造4階建住宅解体工事において、階段室の側壁を解体していたところ、突然壁が被災者の方に倒壊し、下敷きとなった。","3","建設業","302","建築工事業","30209","その他の建築工事業","1~9","4","仮設物、建築物、構築物等","41","仮設物、建築物、構築物等","418","建築物、構築物","5","崩壊、倒壊"
"512","2004","平成","16","11","17~18","勤務するパチンコ景品交換所に強盗が押し入り千枚通しで被災者を刺した。","17","その他の事業","1702","その他の事業","170209","その他の事業－その他","1~9","3","その他の装置等","36","人力機械工具等","364","手工具","90","その他"
"513","2004","平成","16","11","4~5","高速道路の本線上でカラーコーンの撤収作業に従事していたところ、背後から時速80キロメートルで規制帯域に進入してきた13tトラックに激突された。","15","清掃・と畜業","1501","清掃・と畜業","150101","ビルメンテナンス業","1~9","2","物上げ装置、運搬機械","22","動力運搬機","221","トラック","17","交通事故（道路）"
"514","2004","平成","16","5","7~8","前日からの勤務を終え午前8時頃に帰宅したが、翌日は体調不良のため欠勤し、さらに次の日の朝、自宅の寝室で妻が起こしに行ったところ、死亡していた。","17","その他の事業","1702","その他の事業","170209","その他の事業－その他","1000~9999","9","その他","91","その他の起因物","911","その他の起因物","90","その他"
"515","2004","平成","16","9","14~15","5階建ビルの改修工事中、地下1階部分において天井材、配管等を撤去していたところ、都市ガスが漏れガス爆発が発生し、1階部分にて作業していた労働者2名が爆風により現場外の道路まで吹き飛ばされ、地下にて作業していた下請の役員1名が爆発によりがれきの下に埋まった。","3","建設業","302","建築工事業","30209","その他の建築工事業","10~29","5","物質、材料","51","危険物、有害物等","513","可燃性のガス","14","爆発"
"516","2004","平成","16","9","14~15","5階建ビルの改修工事中、地下1階部分において天井材、配管等を撤去していたところ、都市ガスが漏れガス爆発が発生し、1階部分にて作業していた労働者2名が爆風により現場外の道路まで吹き飛ばされ、地下にて作業していた下請の役員1名が爆発によりがれきの下に埋まった。","3","建設業","302","建築工事業","30209","その他の建築工事業","10~29","5","物質、材料","51","危険物、有害物等","513","可燃性のガス","14","爆発"
"517","2004","平成","16","2","10~11","10tトラックに旋盤の付属装置(重量約1t)を積み込むため、付属装置にシャフトを2本通し、玉掛作業中、シャフトから玉掛ワイヤロープが外れ、付属装置が付属装置を押さえていた被災者の上に倒れた。","3","建設業","303","その他の建設業","30302","機械器具設置工事業","1~9","3","その他の装置等","37","用具","372","玉掛用具","4","飛来、落下"
"518","2004","平成","16","8","15~16","脚立の上で蛍光灯結線取り付け工事中(200V)、感電した。","3","建設業","303","その他の建設業","30301","電気通信工事業","1~9","3","その他の装置等","35","電気設備","351","送配電線等","13","感電"
"519","2004","平成","16","7","4~5","トラックの運転業務中、交差点で相手方の信号無視により、出会い頭に衝突した。","4","運輸交通業","403","道路貨物運送業","40301","一般貨物自動車運送業","10~29","2","物上げ装置、運搬機械","23","乗物","231","乗用車、バス、バイク","17","交通事故（道路）"
"520","2004","平成","16","11","15~16","マンション新築工事の掘削作業において、被災者は車両系建設機械(掘削機械)を運転し、GL-2.5m付近を掘削していた。前方のGL-1.5mの高さにある切梁をくぐろうとしたところ、運転席後のヘッドガード取付用支柱受け部がこの切梁に当たった。アームとバケットを動かし、掘削機械前方を上げたところ、機体が傾き運転レバーと切梁に挟まれた。","3","建設業","302","建築工事業","30201","鉄骨・鉄筋コンクリート造家屋建築工事業","10~29","1","動力機械","14","建設機械等","142","掘削用機械","7","はさまれ、巻き込まれ"
"521","2004","平成","16","1","16~17","川の護岸の杭打ち作業において、潜水(ボンベ吸気式)して旧護岸の深さを調査中に被災した。","3","建設業","301","土木工事業","30107","河川土木工事業","1~9","7","環境等","71","環境等","713","水","10","おぼれ"
"522","2004","平成","16","2","10~11","木造3階建住宅新築工事の建方作業において、高さ5.6mの3階床組の梁上で作業していて地上まで墜落した。","3","建設業","302","建築工事業","30202","木造家屋建築工事業","1~9","4","仮設物、建築物、構築物等","41","仮設物、建築物、構築物等","415","屋根、はり、もや、けた、合掌","1","墜落、転落"
"523","2004","平成","16","8","17~18","乗用車を運転し国道を走行中、道路上の中央分離帯のバリケードに衝突した。","8","商業","802","小売業","80209","その他の小売業","1~9","2","物上げ装置、運搬機械","23","乗物","231","乗用車、バス、バイク","17","交通事故（道路）"
"524","2004","平成","16","9","9~10","社宅において、会社の部下に殺害された。","4","運輸交通業","403","道路貨物運送業","40301","一般貨物自動車運送業","1~9","5","物質、材料","52","材料","521","金属材料","90","その他"
"525","2004","平成","16","5","7~8","被災者は、精米工場内の第2計量室から第1計量室へ歩いて移動中、第1計量室内から出てきたフォークリフトに激突された。","1","製造業","101","食料品製造業","10109","その他の食料品製造業","1~9","2","物上げ装置、運搬機械","22","動力運搬機","222","フォークリフト","6","激突され"
"526","2004","平成","16","9","13~14","クレーンを使用して、長さ120センチメートルのパイプサポート42本を、躯(く)体19階付近の鋼製枠組み足場に設けた作業構台(地上55.1m)から、躯体屋上へ荷上げしようと作業構台から約9mつり上げたところ、6本のパイプサポートが地上に落下し、地上で作業を行っていた被災者に当たった。","3","建設業","302","建築工事業","30201","鉄骨・鉄筋コンクリート造家屋建築工事業","10~29","5","物質、材料","52","材料","521","金属材料","4","飛来、落下"
"527","2004","平成","16","11","8~9","ベニヤセッター機(薄い単板を2枚・3枚等に組み合わせる機械)の空気圧で上昇する機構部と上部のチェーンカバーとの間に挟まれた。","1","製造業","104","木材・木製品製造業","10402","合板製造業","100~299","1","動力機械","13","木材加工用機械","139","その他の木材加工用機械","7","はさまれ、巻き込まれ"
"528","2004","平成","16","12","14~15","倉庫から搬出されたコーヒー豆の袋(重さ60キログラム)合計267袋を、20tシャーシの荷台へ順次積み込む作業をしていたときに、シャーシ荷台のあおりを乗り越えて、約2m下の地上へ墜落した。","4","運輸交通業","403","道路貨物運送業","40301","一般貨物自動車運送業","30~49","2","物上げ装置、運搬機械","22","動力運搬機","221","トラック","1","墜落、転落"
"529","2004","平成","16","12","8~9","ビル新築工事現場において鉄骨柱搬入作業中、つり荷の鉄骨柱(約14t)をつり上げ荷重50tクローラクレーンを用いてトレーラーからつり上げ、地上3m程の位置で左旋回させ所定の位置まで移動させていたところ、つり荷がクローラクレーンから約18mの場所で別の作業を行っていた被災者に激突した。","3","建設業","302","建築工事業","30201","鉄骨・鉄筋コンクリート造家屋建築工事業","10~29","2","物上げ装置、運搬機械","21","動力クレーン等","212","移動式クレーン","6","激突され"
"530","2004","平成","16","3","10~11","木造2階建住宅新築工事現場において、瓦工事を行っていた被災者が休憩するため、屋根から足場を通って地上に下りる際、屋根端から5m下の地面に墜落した。","3","建設業","302","建築工事業","30202","木造家屋建築工事業","1~9","4","仮設物、建築物、構築物等","41","仮設物、建築物、構築物等","415","屋根、はり、もや、けた、合掌","1","墜落、転落"
"531","2004","平成","16","7","19~20","7階スラブのコンクリート打設作業終了後、コンクリート圧送車の後部ホッパ内で回転中の攪拌羽根にこびりついた生コンクリートを被災者がバールで除去中に、攪拌羽根に巻き込まれた。","3","建設業","302","建築工事業","30201","鉄骨・鉄筋コンクリート造家屋建築工事業","10~29","1","動力機械","14","建設機械等","149","その他の建設機械等","7","はさまれ、巻き込まれ"
"532","2004","平成","16","8","9~10","共同住宅3階の部屋の引越作業において、作業者2名が窓からセパレート式箪笥の上段(重量40キログラム)をつりロープを用いてつり下ろしていたところ、窓の外側に設置されていたアルミ製の手すりが外れ、7m下の地上に墜落した。","4","運輸交通業","403","道路貨物運送業","40301","一般貨物自動車運送業","30~49","4","仮設物、建築物、構築物等","41","仮設物、建築物、構築物等","414","開口部","1","墜落、転落"
"533","2004","平成","16","11","10~11","訪問先へ向かうため、原動機付自転車で走行中、後ろから追い越そうとした乗用車に接触され転倒し、直後に後方からきたダンプカーにひかれた。","13","保健・衛生業","1302","社会福祉施設","130201","社会福祉施設","10~29","2","物上げ装置、運搬機械","23","乗物","231","乗用車、バス、バイク","17","交通事故（道路）"
"534","2004","平成","16","1","15~16","作業構台の下にある配管(仮設トイレ下水管)を撤去する作業を行うため、構台から階段を通り地面に降りる途中で階段の手すりを乗り越え1.26m離れた高さ4.32mの梁(H鋼)に飛び移った後、梁上を移動中にバランスを崩し墜落した。","3","建設業","301","土木工事業","30110","上下水道工事業","30~49","4","仮設物、建築物、構築物等","41","仮設物、建築物、構築物等","415","屋根、はり、もや、けた、合掌","1","墜落、転落"
"535","2004","平成","16","4","9~10","地中配電線用管路敷設のため幅90センチメートル、深さ2.2m、長さ11mの掘削を溝の底で作業中、土止め支保工のない掘削面が崩れ土砂で埋まった。","3","建設業","303","その他の建設業","30301","電気通信工事業","1~9","7","環境等","71","環境等","711","地山、岩石","5","崩壊、倒壊"
"536","2004","平成","16","6","16~17","産業廃棄物中間処理業におけるコンクリート塊等破砕プラントのゴム製ベルトと金属製ローラーの間に挟まれた。","15","清掃・と畜業","1501","清掃・と畜業","150102","産業廃棄物処理業","10~29","2","物上げ装置、運搬機械","22","動力運搬機","224","コンベア","7","はさまれ、巻き込まれ"
"537","2004","平成","16","8","10~11","ビル2階通路上より、はしごを設置し、ガラスクリーニング作業を行っていたところ、バランスを崩し、墜落した。","15","清掃・と畜業","1501","清掃・と畜業","150101","ビルメンテナンス業","10~29","3","その他の装置等","37","用具","371","はしご等","1","墜落、転落"
"538","2004","平成","16","8","20~21","後続台車上に設置されている排泥管(重さ250キログラム)を撤去するため、被災者が高さ約1.2mの台車の中桟を足場として排泥管のジョイント金具を取り外す作業をしていた際、排泥管とともに墜落した。","3","建設業","301","土木工事業","30102","トンネル建設工事業","30~49","2","物上げ装置、運搬機械","22","動力運搬機","223","軌道装置","2","転倒"
"539","2004","平成","16","8","13~14","鋼鉄製材料(重量870キログラム)を塗装する為、材料の両端にアイボルトを、さらにそのアイボルトに専用のつり下げ治具を付け、天井よりつり下げた状態で、被災者がエアーサンダーで表面の目粗し作業を行っていたところ、アイボルトの一つが破断し材料が落下したため、下敷きとなった。","1","製造業","112","金属製品製造業","11209","その他の金属製品製造業","30~49","3","その他の装置等","37","用具","379","その他の用具","4","飛来、落下"
"540","2004","平成","16","2","3~4","2tトラックで走行中、自動車道入口付近にて走行車線前方が工事のため通行止めになっていたので右側の車線に変更しようとしたところ、右側車線後方より走行してきた4tトラックに追突され、停車していた工事用トラックに激突した。","4","運輸交通業","403","道路貨物運送業","40301","一般貨物自動車運送業","50~99","2","物上げ装置、運搬機械","22","動力運搬機","221","トラック","17","交通事故（道路）"
"541","2004","平成","16","3","17~18","個人住宅のリフォーム工事において、2階部分の内装工事を行っていたが、業務が終了し、地上へ下りようと2階の窓からひさしへ出たときバランスを崩し墜落した。","3","建設業","302","建築工事業","30202","木造家屋建築工事業","1~9","4","仮設物、建築物、構築物等","41","仮設物、建築物、構築物等","415","屋根、はり、もや、けた、合掌","1","墜落、転落"
"542","2004","平成","16","3","0~1","食材の配送中、食材を下ろすため車を停車させ後部にまわったところ、後方より走行してきた自動車に追突された。","14","接客娯楽業","1402","飲食店","140201","一般飲食店","1~9","2","物上げ装置、運搬機械","23","乗物","231","乗用車、バス、バイク","17","交通事故（道路）"
"543","2004","平成","16","5","5~6","バイクでの朝刊配達を終えて帰店途中にトラックと衝突した。","8","商業","802","小売業","80205","新聞販売業","10~29","2","物上げ装置、運搬機械","22","動力運搬機","221","トラック","17","交通事故（道路）"
"544","2004","平成","16","9","10~11","ごみ集積場の屋根の雨どいにたまった枯葉を取り除くため、トラックの荷台にはしごを設置して屋根に上り、屋根上を歩いていたところ、屋根材料(採光用に設置していたポリカーボネート材質)を踏み抜いて約6.4m下の床面に墜落した。","17","その他の事業","1702","その他の事業","170209","その他の事業－その他","100~299","4","仮設物、建築物、構築物等","41","仮設物、建築物、構築物等","415","屋根、はり、もや、けた、合掌","1","墜落、転落"
"545","2004","平成","16","10","9~10","台風の接近に備えて、足場の周囲に設けられていた飛来落下防止用のメッシュシートを一時的に取り外す作業に従事していたところ、足場とメッシュシートを緊結していたひもを外していたとき足場から約16m下の駐車場に墜落したもの。","3","建設業","302","建築工事業","30209","その他の建築工事業","1~9","4","仮設物、建築物、構築物等","41","仮設物、建築物、構築物等","411","足場","1","墜落、転落"
"546","2004","平成","16","10","14~15","エレベーターの保守点検作業中、ピット内に溜まっている水を外にくみ出す作業を行うため、被災者はピット内に入って2階へのかご上昇自動運転を行ったところ、かご上昇に伴い下降してきた釣り合い錘と床の間に挟まれた。","17","その他の事業","1702","その他の事業","170209","その他の事業－その他","100~299","2","物上げ装置、運搬機械","21","動力クレーン等","214","エレベータ、リフト","7","はさまれ、巻き込まれ"
"547","2004","平成","16","12","15~16","営業活動のため自社乗用車で走行中、電柱に激突した。","17","その他の事業","1702","その他の事業","170209","その他の事業－その他","10~29","2","物上げ装置、運搬機械","23","乗物","231","乗用車、バス、バイク","17","交通事故（道路）"
"548","2004","平成","16","12","18~19","発電所で、電機機器の調整作業中、発電機設置下の開口部(災害発生時、発電機はなく開口部が露出していた)から約8m下ののピット底部に転落した。","1","製造業","114","電気機械器具製造業","11409","その他の電気機械器具製造業","300~499","4","仮設物、建築物、構築物等","41","仮設物、建築物、構築物等","414","開口部","1","墜落、転落"
"549","2004","平成","16","12","16~17","下水道推進工事現場において、被災者は立坑下で残土積載バケットを門型クレーンに玉掛けする作業を行っていたが、上を走るバッテリーカーが、停止すべき位置を約1m逸走したため、残土バケットと立坑底部に挟まれた。","3","建設業","301","土木工事業","30110","上下水道工事業","1~9","2","物上げ装置、運搬機械","22","動力運搬機","223","軌道装置","6","激突され"
"550","2004","平成","16","10","22~23","ファミリーレストラン内で、クレーム処理を行った後、歩いて事務所に帰る途中、後方から高速で走行してきた乗用車(クレーム処理の相手が運転)に跳ねられた。","8","商業","802","小売業","80201","各種商品小売業","500~999","2","物上げ装置、運搬機械","23","乗物","231","乗用車、バス、バイク","90","その他"
"551","2004","平成","16","3","13~14","所属事務所から仕事先に向かうため、青信号で横断歩道を横断していたところ、右折車に衝突された。","13","保健・衛生業","1302","社会福祉施設","130201","社会福祉施設","100~299","2","物上げ装置、運搬機械","23","乗物","231","乗用車、バス、バイク","17","交通事故（道路）"
"552","2004","平成","16","12","7~8","荷捌場内で、荷の建築部材(長さ約3m×20本、総重量350キログラム)を立てて積んであるキャスター付きの鋼製カゴ(幅108センチメートル×奥行110センチメートル×高さ180センチメートル)をトラックに積み込むため移動させようと手前に引いたところ、荷および鋼製カゴが被災者側に倒れ、下敷きとなった。","4","運輸交通業","403","道路貨物運送業","40301","一般貨物自動車運送業","30~49","6","荷","61","荷","611","荷姿の物","5","崩壊、倒壊"
"553","2004","平成","16","4","13~14","倉庫塗装工事において、枠組足場の組立作業途中、上方で作業する労働者が足場資材を落下させ、下方で作業していた被災者に激突した。","3","建設業","302","建築工事業","30209","その他の建築工事業","10~29","5","物質、材料","52","材料","521","金属材料","4","飛来、落下"
"554","2004","平成","16","6","10~11","工場内のリサイクルセンターでアームロールと呼ばれる長さ367センチメートル、幅203センチメートル、高さ148センチメートルの廃棄物運搬容器内に容器外側からビニール、発泡スチロール等を詰め込む作業を行う場所に設置してある長さ90センチメートル、幅30センチメートル、高さ31センチメートルの踏み台の横で倒れているところを発見された。","17","その他の事業","1702","その他の事業","170209","その他の事業－その他","10~29","3","その他の装置等","37","用具","371","はしご等","1","墜落、転落"
"555","2004","平成","16","11","15~16","ラージベール(古紙をシュート上部から投入しホッパに貯蔵の上、シリンダで圧縮し番線で梱包する機械)内に設置されている攪拌機に異常が発生したため、同僚とともに攪拌機をシュートから引き出し、古紙を取り除くなど障害復旧を行っていたところ、攪拌機とホッパ扉の間に挟まれた。","8","商業","801","卸売業","80109","その他の卸売業","1~9","1","動力機械","16","一般動力機械","169","その他の一般動力機械","7","はさまれ、巻き込まれ"
"556","2004","平成","16","5","22~23","天井クレーン運転中、運転室内で倒れた。","1","製造業","110","鉄鋼業","11009","その他の鉄鋼業","50~99","9","その他","91","その他の起因物","911","その他の起因物","90","その他"
"557","2004","平成","16","1","10~11","被災者3名が小型飛行機に乗り込み、航空記念写真を撮影した後、次の撮影場所に向かおうと上空を旋回中に失速し、電線を切断しながら墜落し地上に激突した。","4","運輸交通業","401","鉄道・軌道・水運・航空業","40103","航空業","30~49","2","物上げ装置、運搬機械","23","乗物","239","その他の乗物","18","交通事故（その他）"
"558","2004","平成","16","1","10~11","被災者3名が小型飛行機に乗り込み、航空記念写真を撮影した後、次の撮影場所に向かおうと上空を旋回中に失速し、電線を切断しながら墜落し地上に激突した。","4","運輸交通業","401","鉄道・軌道・水運・航空業","40103","航空業","30~49","2","物上げ装置、運搬機械","23","乗物","239","その他の乗物","18","交通事故（その他）"
"559","2004","平成","16","1","10~11","被災者3名が小型飛行機に乗り込み、航空記念写真を撮影した後、次の撮影場所に向かおうと上空を旋回中に失速し、電線を切断しながら墜落し地上に激突した。","17","その他の事業","1702","その他の事業","170209","その他の事業－その他","1~9","2","物上げ装置、運搬機械","23","乗物","239","その他の乗物","18","交通事故（その他）"
"560","2004","平成","16","7","9~10","2階建て住宅(最高軒高さ:約7m)の建設工事において、足場の解体のため上部の単管を地上へ下ろしている際、足場3層目の作業床(高さ5.4m)から転落した。","3","建設業","302","建築工事業","30202","木造家屋建築工事業","1~9","4","仮設物、建築物、構築物等","41","仮設物、建築物、構築物等","411","足場","1","墜落、転落"
"561","2004","平成","16","9","23~24","事務所の段差がある通路で転倒した。","3","建設業","302","建築工事業","30203","建築設備工事業","1~9","4","仮設物、建築物、構築物等","41","仮設物、建築物、構築物等","413","階段、桟橋","2","転倒"
"562","2004","平成","16","11","14~15","整地していたブル・ドーザーが、隣接現場のキャリアカー(不整地運搬車)が前進してきたので、それを通過させようとバックした際、ブル・ドーザーの後方にいた被災者が、当該ブル・ドーザーにひかれた。","3","建設業","301","土木工事業","30107","河川土木工事業","10~29","1","動力機械","14","建設機械等","141","整地・運搬・積込み用機械","6","激突され"
"563","2004","平成","16","8","8~9","店舗開店準備のため応援で出張中、体調が悪くなり、病院で死亡した。","17","その他の事業","1702","その他の事業","170209","その他の事業－その他","300~499","9","その他","91","その他の起因物","911","その他の起因物","90","その他"
"564","2004","平成","16","3","7~8","出社のため起床し、着替えをしていたところ、体調が悪くなったため、救急車で運ばれ、搬送先の病院で死亡した。","8","商業","802","小売業","80209","その他の小売業","10~29","9","その他","91","その他の起因物","911","その他の起因物","90","その他"
"565","2004","平成","16","1","20~21","社内において顧客と打ち合わせが終了後、自席に戻ったが、気分が悪くなり、救急車で搬送された。","17","その他の事業","1702","その他の事業","170209","その他の事業－その他","1000~9999","9","その他","91","その他の起因物","911","その他の起因物","90","その他"
"566","2004","平成","16","3","10~11","自動車を運転し営業先に向かう途中、体調不良を訴えたため、病院に搬送されたが、死亡した。","15","清掃・と畜業","1501","清掃・と畜業","150103","その他の廃棄物処理業","100~299","9","その他","91","その他の起因物","911","その他の起因物","90","その他"
"567","2004","平成","16","2","2~3","道路整備工事の夜間作業所内において、作業エリア外を横断中、一般通行車両(大型タンクローリー)にはねられた。","3","建設業","301","土木工事業","30106","道路建設工事業","50~99","2","物上げ装置、運搬機械","22","動力運搬機","221","トラック","17","交通事故（道路）"
"568","2004","平成","16","3","23~24","橋脚間の中床版架設中、ベント作業足場の中床版端部付近より墜落した。","3","建設業","301","土木工事業","30105","橋梁建設工事業","1~9","4","仮設物、建築物、構築物等","41","仮設物、建築物、構築物等","411","足場","1","墜落、転落"
"569","2004","平成","16","4","7~8","50ccバイクで、市道を走行中転倒した。","5","貨物取扱業","501","陸上貨物取扱業","50101","陸上貨物取扱業","10~29","2","物上げ装置、運搬機械","23","乗物","231","乗用車、バス、バイク","17","交通事故（道路）"
"570","2004","平成","16","5","6~7","乗用車を運転中、運転を誤って道路脇の信号機に激突した。","3","建設業","303","その他の建設業","30302","機械器具設置工事業","30~49","2","物上げ装置、運搬機械","23","乗物","231","乗用車、バス、バイク","17","交通事故（道路）"
"571","2004","平成","16","8","17~18","河川の河床部浚渫工事現場において、ドラグ・ショベルを運転し、河川内部に設けた乗入れ構台(高さ1.5m)を後退しながら20度の傾斜面を上っていたところ、誤って、構台端からドラグ・ショベルごと河川に墜落した。","3","建設業","301","土木工事業","30107","河川土木工事業","10~29","1","動力機械","14","建設機械等","142","掘削用機械","10","おぼれ"
"572","2004","平成","16","9","16~17","マンション新築工事において、透水枡設置工事の終了後、敷鉄板により枡上部の養生をするため、被災者はドラッグショベルを運転して敷鉄板をつり上げたところ、運転席の左側方向にドラッグショベルが転倒し、ドラグ・ショベルのヘッドガードと敷鉄板の間に挟まれた。","3","建設業","302","建築工事業","30201","鉄骨・鉄筋コンクリート造家屋建築工事業","10~29","1","動力機械","14","建設機械等","142","掘削用機械","2","転倒"
"573","2004","平成","16","9","9~10","公園予定地内の防空壕の立入禁止柵修繕工事において、鉄骨の立入防護柵取り付けのため、既存の防護柵の解体作業中に、防空壕入り口の岩盤が崩落した。","17","その他の事業","1702","その他の事業","170209","その他の事業－その他","1~9","7","環境等","71","環境等","711","地山、岩石","5","崩壊、倒壊"
"574","2004","平成","16","9","18~19","シャーシ置き場においてシャーシを縦に並べて駐車させる作業中、他の労働者が、トレーラーを後退させたところ、地上にいた被災者が、トレーラー後部とシャーシの間に挟まれた。","4","運輸交通業","403","道路貨物運送業","40301","一般貨物自動車運送業","30~49","2","物上げ装置、運搬機械","22","動力運搬機","221","トラック","7","はさまれ、巻き込まれ"
"575","2004","平成","16","9","13~14","作業場内でエアーホースの切回し作業をしていたところ、シートパイルに移動式クレーンのワイヤロープを掛けたまま待機していた所へドラグ・ショベルが激突し、シートパイルが振れ、被災者に激突した。","3","建設業","302","建築工事業","30201","鉄骨・鉄筋コンクリート造家屋建築工事業","30~49","1","動力機械","14","建設機械等","142","掘削用機械","6","激突され"
"576","2004","平成","16","11","9~10","宅地造成工事において、木に登り伐木作業中、当該木の幹を途中で切り落とした反動で幹が跳ね上がり、作業地点から振り落とされ、約6.3m下の切り株に激突後、さらに3.7m下の地面に墜落した。","3","建設業","301","土木工事業","30199","その他の土木工事業","10~29","7","環境等","71","環境等","712","立木等","1","墜落、転落"
"577","2004","平成","16","12","3~4","岸壁に停泊中の貨物船のハッチ内で、コンテナの積込作業を行っていたところ、2段目と3段目のコンテナの間に挟まれた。","5","貨物取扱業","502","港湾運送業","50202","港湾荷役業","50~99","6","荷","61","荷","611","荷姿の物","7","はさまれ、巻き込まれ"
"578","2004","平成","16","1","11~12","積載荷重3tの荷物用エレベーター撤去のため、つり上げ荷重2tの電動チェーンブロック2台とワイヤロープを使用して搬器をつり上げ、エレベーターの主索を切断し、搬器を下降させようとしたところ、搬器が動かなかったため、確認していたところ、ワイヤロープが破断し、搬器とともに18m下のピットに墜落した。","17","その他の事業","1702","その他の事業","170209","その他の事業－その他","1~9","3","その他の装置等","37","用具","379","その他の用具","1","墜落、転落"
"579","2004","平成","16","1","10~11","書類を破砕、圧縮、梱包する機械を使用して書類をコンベアに投入していたところ、書類の投入コンベア上部の破砕装置に巻き込まれた。","17","その他の事業","1702","その他の事業","170209","その他の事業－その他","1~9","1","動力機械","16","一般動力機械","169","その他の一般動力機械","7","はさまれ、巻き込まれ"
"580","2004","平成","16","2","10~11","バイクで国道を走行中、交差点を直進していたところ、反対車線を走行してきて右折しようとしたタクシーと衝突した。","8","商業","803","理美容業","80302","美容業","10~29","2","物上げ装置、運搬機械","23","乗物","231","乗用車、バス、バイク","17","交通事故（道路）"
"581","2004","平成","16","11","18~19","国道を走行中、反対車線を走行してきたトラックが追越のため車線をはみ出してきたため正面衝突した。","4","運輸交通業","403","道路貨物運送業","40301","一般貨物自動車運送業","10~29","2","物上げ装置、運搬機械","22","動力運搬機","221","トラック","17","交通事故（道路）"
"582","2004","平成","16","7","6~7","岸壁に接岸していた貨物船の船内でコイル(重さ17t)の積込み作業中、1段目に積んだコイルが横方向にすべることを防止するためのストッパーの位置を、コイルとコイルの間に潜り込んで修正していたところ、コイルの重みでストッパーがずれ、下のコイルが横滑りし、上のコイルが被災者に落下した。","5","貨物取扱業","502","港湾運送業","50202","港湾荷役業","10~29","5","物質、材料","52","材料","521","金属材料","4","飛来、落下"
"583","2004","平成","16","8","13~14","原油排出後にタンク内の底部に残留しているワックス分を原油をかけて溶かしながらポンプで排出する作業において、原油のガス成分を吸引し、タンク内で倒れた。","3","建設業","302","建築工事業","30203","建築設備工事業","1~9","5","物質、材料","51","危険物、有害物等","519","その他の危険物、有害物等","90","その他"
"584","2004","平成","16","11","12~13","自動車道の本線への進入のループにおいて、減速不十分のため運転中のコンテナ車が横転し、ガードレールのポールに激突した。","4","運輸交通業","403","道路貨物運送業","40301","一般貨物自動車運送業","30~49","2","物上げ装置、運搬機械","22","動力運搬機","221","トラック","17","交通事故（道路）"
"585","2004","平成","16","12","13~14","リサイクルセンターにおいて、ダンプカーの荷台に積まれたアスファルト合材をおろす作業をダンプカーの荷台の後方で行っていたところ、廃材運搬のために同リサイクルセンター内を走行していたトラクター・ショベルに激突された。","4","運輸交通業","403","道路貨物運送業","40301","一般貨物自動車運送業","10~29","1","動力機械","14","建設機械等","141","整地・運搬・積込み用機械","6","激突され"
"586","2004","平成","16","7","18~19","マンション新築工事において、コンクリート打設終了後、コンクリートポンプ車の清掃のため、同ポンプ車の後部にあるホッパーの横に上がって内部を水道ホースの水で洗い流していたところ、ホッパーの攪拌用スクリューブレードを回転させていたため、作業服が絡まって巻き込まれた。","3","建設業","302","建築工事業","30201","鉄骨・鉄筋コンクリート造家屋建築工事業","10~29","1","動力機械","14","建設機械等","149","その他の建設機械等","7","はさまれ、巻き込まれ"
"587","2004","平成","16","8","13~14","建設会社の資材置場で、被災者が運転していた車両積載形トラッククレーンの荷台後方が脇に野積みされていた鋼管の束に接触し、これを緊結していた鉄帯2カ所のうち1カ所が切れ、被災者がこれを直そうと車から降りたところ、上段の鋼管数束が落下、崩壊したため、車両積載形トラッククレーンと鋼管の間に挟まれて死亡した。","3","建設業","302","建築工事業","30201","鉄骨・鉄筋コンクリート造家屋建築工事業","1~9","6","荷","61","荷","611","荷姿の物","5","崩壊、倒壊"
"588","2004","平成","16","11","15~16","分譲地の造成工事において、車両系建設機械(ドラグ・ショベル)で掘削した穴(深さ2.5m、幅5.5m、長さ6m)に入って、直径250ミリメートルの雨水管(塩ビ管)の敷設作業を行っていたところ、開削部分の中央に残していた高さ1.5mの地山の一部が約5mにわたって倒れるように崩壊して被災した。","3","建設業","301","土木工事業","30109","土地整理土木工事業","10~29","7","環境等","71","環境等","711","地山、岩石","5","崩壊、倒壊"
"589","2004","平成","16","11","11~12","木造2階建住宅の外壁塗装工事において、建物周囲に設けた単管抱き足場にメッシュシートを取り付ける作業中、地上4mの作業場所からコンクリート道路上に墜落した。","3","建設業","302","建築工事業","30209","その他の建築工事業","1~9","4","仮設物、建築物、構築物等","41","仮設物、建築物、構築物等","411","足場","1","墜落、転落"
"590","2004","平成","16","1","18~19","海上で貨物船の水先案内業務を行い、投錨し、停泊した貨物船からパイロットボートに乗り移るため、貨物船からなわばしごを用いて下りていたところ、なわばしごの途中から海面に転落した。","17","その他の事業","1702","その他の事業","170209","その他の事業－その他","100~299","2","物上げ装置、運搬機械","23","乗物","239","その他の乗物","10","おぼれ"
"591","2004","平成","16","4","3~4","コンバインドローラーを用いた道路舗装作業において、道路上で写真撮影をしていた被災者に後進中のローラーが激突した。","3","建設業","301","土木工事業","30110","上下水道工事業","500~999","1","動力機械","14","建設機械等","144","締固め用機械","6","激突され"
"592","2004","平成","16","9","0~1","自家用自動車で、高速道路を走行中、追い越し車線上に故障のため停車していたトラックに追突した。","1","製造業","115","輸送用機械等製造業","11502","自動車・同付属品製造業","1000~9999","2","物上げ装置、運搬機械","23","乗物","231","乗用車、バス、バイク","17","交通事故（道路）"
"593","2004","平成","16","10","23~24","作業船2隻を避難港の護岸に係留していたが、台風が接近し、係留していたロープの数本が切れたため、当該作業船上において補強を行ったところ、波浪にあおられ、海中に転落、船体間に挟まれた。","3","建設業","301","土木工事業","30111","港湾海岸工事業","10~29","7","環境等","71","環境等","719","その他の環境等","7","はさまれ、巻き込まれ"
"594","2004","平成","16","10","11~12","平屋倉庫の屋根スレートの上に新しくトタン屋根を設置する工事中、スレートを踏み抜き、約5m下方の床に墜落した。","3","建設業","302","建築工事業","30201","鉄骨・鉄筋コンクリート造家屋建築工事業","1~9","4","仮設物、建築物、構築物等","41","仮設物、建築物、構築物等","415","屋根、はり、もや、けた、合掌","1","墜落、転落"
"595","2004","平成","16","12","14~15","深さ26mの深礎坑内において、底盤から高さ約7.5mのタラップ上で半月板の撤去作業を行っていたところ、タラップから墜落した。","3","建設業","301","土木工事業","30106","道路建設工事業","10~29","4","仮設物、建築物、構築物等","41","仮設物、建築物、構築物等","413","階段、桟橋","1","墜落、転落"
"596","2004","平成","16","1","11~12","自社の資材置き場を拡張する工事中、法面(のりめん)(約65度)に面した手すりを撤去するため車両系建設機械で引き抜いていたところ、車両系建設機械が転倒したため、近くで手元作業中の被災者が、これを避けようとして法面を約5m墜落した。","3","建設業","301","土木工事業","30199","その他の土木工事業","1~9","4","仮設物、建築物、構築物等","41","仮設物、建築物、構築物等","418","建築物、構築物","1","墜落、転落"
"597","2004","平成","16","2","14~15","共同住宅新築工事現場の地下駐車場の建設工事において、土止め支保工の解体作業中、切梁が突然落下し、下を通りかかった被災者が下敷きになった。","3","建設業","302","建築工事業","30201","鉄骨・鉄筋コンクリート造家屋建築工事業","50~99","4","仮設物、建築物、構築物等","41","仮設物、建築物、構築物等","412","支保工","4","飛来、落下"
"598","2004","平成","16","2","21~22","油圧伸縮作業台を使用して天井付近にあるバー(鉄パイプ)にカーテンを取り付ける作業で、1つ目のカーテンを取り付け後、油圧伸縮作業台に被災者が乗ったまま、別の作業者が油圧伸縮作業台を人力で移動させたところ、車輪がダンスパネル(厚さ2.5センチメートル)に乗り上げて油圧伸縮作業台が転倒し、作業台上にいた被災者が、3.65m下の床に墜落した。","14","接客娯楽業","1401","旅館業","140101","旅館業","30~49","3","その他の装置等","39","その他の装置、設備","391","その他の装置、設備","1","墜落、転落"
"599","2004","平成","16","3","18~19","線路内に落したお金を拾って欲しいとの依頼を受けた被災者が、駅ホームから線路内に降りて、お金を探していたところ、時速100キロメートルほどで駅を通過した電車にひかれた。","4","運輸交通業","401","鉄道・軌道・水運・航空業","40101","鉄道・軌道業","30~49","2","物上げ装置、運搬機械","23","乗物","232","鉄道車両","18","交通事故（その他）"
"600","2004","平成","16","3","1~2","高速道路上で、トラックを運転中、工事渋滞中の車列最後尾の乗用車に追突した。","17","その他の事業","1702","その他の事業","170209","その他の事業－その他","1~9","2","物上げ装置、運搬機械","22","動力運搬機","221","トラック","17","交通事故（道路）"
"601","2004","平成","16","3","1~2","高速道路上で、トラックを運転中、工事渋滞中の車列最後尾の乗用車に追突した。","17","その他の事業","1702","その他の事業","170209","その他の事業－その他","1~9","2","物上げ装置、運搬機械","22","動力運搬機","221","トラック","17","交通事故（道路）"
"602","2004","平成","16","9","8~9","配水池耐震補強工事において、配水池内部で使用していたはしごを切断したところ貯水量監視室から搬出する前に切りくず飛散防止用のブルーシートを設置するため入口スラブに立ち、監視スペースのコンクリート壁へ足をかけようとしたところを、足を滑らせて約6m下のコンクリート床に墜落した。","3","建設業","301","土木工事業","30110","上下水道工事業","30~49","4","仮設物、建築物、構築物等","41","仮設物、建築物、構築物等","414","開口部","1","墜落、転落"
"603","2004","平成","16","10","13~14","集合住宅の防水工事において、被災者が枠組足場を移動中地面に墜落した。","3","建設業","302","建築工事業","30201","鉄骨・鉄筋コンクリート造家屋建築工事業","1~9","4","仮設物、建築物、構築物等","41","仮設物、建築物、構築物等","411","足場","1","墜落、転落"
"604","2004","平成","16","11","2~3","タクシーを運転し、交差点を直進していたところ、同じ交差点を右方から信号無視の車両が直進してきて、タクシーの右側面に衝突した。","4","運輸交通業","402","道路旅客運送業","40201","ハイヤー・タクシー業","500~999","2","物上げ装置、運搬機械","23","乗物","231","乗用車、バス、バイク","17","交通事故（道路）"
"605","2004","平成","16","12","5~6","国道を走行中、後方から追い越し車線を走行してきた自家用車と接触した。","8","商業","802","小売業","80205","新聞販売業","30~49","2","物上げ装置、運搬機械","23","乗物","231","乗用車、バス、バイク","17","交通事故（道路）"
"606","2004","平成","16","12","16~17","鉄くず等廃材の集積作業場において、ショベルカーのアームの先端にハサミ状のアタッチメントをつけたニブラを使い、廃材の山を整理している途中、運転者が車体を旋回させたところ、アームの先端が高さ3mの冷温水器のユニットの上に置いていた廃タイヤに接触、タイヤが落下し、近くにいた被災者に激突した。","8","商業","801","卸売業","80109","その他の卸売業","1~9","2","物上げ装置、運搬機械","22","動力運搬機","229","その他の動力運搬機","4","飛来、落下"
"607","2004","平成","16","2","0~1","店舗巡回のため、電車に乗っていたが、目的の駅を乗り過ごしてしまったので下車し、反対ホームに行ったところプラットホーム上で倒れた。","8","商業","802","小売業","80201","各種商品小売業","100~299","9","その他","91","その他の起因物","911","その他の起因物","90","その他"
"608","2004","平成","16","12","10~11","高速道の法面(のりめん)にて草刈作業の片付け(集草・積込)作業をしていたところ、集めた草と共に法面(のりめん)から道路上へ滑り落ち、落ちた際に積み込みのため移動中であった4tゴミ収集車にひかれた。","6","農林業","601","農業","60101","農業","10~29","2","物上げ装置、運搬機械","22","動力運搬機","221","トラック","17","交通事故（道路）"
"609","2004","平成","16","1","6~7","社用車で高速道路を走行中、エンジン故障のため中央分離帯寄りの追越車線に停車したところ、後続の自動車に追突された。","3","建設業","302","建築工事業","30203","建築設備工事業","100~299","2","物上げ装置、運搬機械","23","乗物","231","乗用車、バス、バイク","17","交通事故（道路）"
"610","2004","平成","16","1","7~8","社有車で走行中、センターラインをはみ出し対向車と衝突した。","1","製造業","117","その他の製造業","11703","クリーニング業","1~9","2","物上げ装置、運搬機械","23","乗物","231","乗用車、バス、バイク","17","交通事故（道路）"
"611","2004","平成","16","3","8~9","アパート塗装工事現場において、屋根面の塗装を開始するため頂上部に上がったところ、屋根上を滑落し、軒から道路上に約10m墜落した。","3","建設業","302","建築工事業","30202","木造家屋建築工事業","1~9","4","仮設物、建築物、構築物等","41","仮設物、建築物、構築物等","415","屋根、はり、もや、けた、合掌","1","墜落、転落"
"612","2004","平成","16","3","15~16","半導体材料ガスの無害化装置に装着する吸着剤カートリッジの組立て作業で、半導体製造会社から吸着剤詰め替えのために移送された使用済みカートリッジ(キャスター付き)を他の作業者が手押して移動していたところ、工場敷地の雨水排水溝にキャスター車輪が取られカートリッジが転倒して使用済みカートリッジが爆発し、その蓋が被災者に飛来、激突した。","1","製造業","108","化学工業","10801","無機・有機化学工業製品製造業","10~29","5","物質、材料","51","危険物、有害物等","511","爆発性の物等","14","爆発"
"613","2004","平成","16","5","4~5","普通自動車で走行中、信号がある交差点に進入したところ、側方から走行してきた大型トラックと衝突した。","17","その他の事業","1702","その他の事業","170209","その他の事業－その他","1~9","2","物上げ装置、運搬機械","23","乗物","231","乗用車、バス、バイク","17","交通事故（道路）"
"614","2004","平成","16","6","1~2","トラックで国道を走行中、信号停車中の25t大型保冷車の後部に追突した。","4","運輸交通業","403","道路貨物運送業","40301","一般貨物自動車運送業","1~9","2","物上げ装置、運搬機械","22","動力運搬機","221","トラック","17","交通事故（道路）"
"615","2004","平成","16","10","11~12","トラックにプラントの機械部品をホイールクレーンで積込む作業において、トラック荷台上で次の部品を積むため、既に積み終わった部品(幅約60センチメートルの金属製の板)の上を歩行中、体のバランスを崩し約2.5m下のアスファルト路面上に墜落した。","4","運輸交通業","403","道路貨物運送業","40301","一般貨物自動車運送業","10~29","6","荷","61","荷","612","機械装置","1","墜落、転落"
"616","2004","平成","16","6","14~15","木造住宅建築現場において、躯(く)体の外部階段を移動式クレーンを使用して取り付ける作業に従事していた被災者が仮止めした外部階段に上って作業していたところ、墜落した。","3","建設業","302","建築工事業","30202","木造家屋建築工事業","1~9","4","仮設物、建築物、構築物等","41","仮設物、建築物、構築物等","413","階段、桟橋","1","墜落、転落"
"617","2004","平成","16","3","10~11","駅前ロータリーで清掃作業中、後方から来た普通乗用車に衝突された。","15","清掃・と畜業","1501","清掃・と畜業","150109","その他の清掃・と畜業","50~99","2","物上げ装置、運搬機械","23","乗物","231","乗用車、バス、バイク","17","交通事故（道路）"
"618","2004","平成","16","11","6~7","搬入されたコンテナから製品を荷下ろしする作業の準備でフォークリフトを使用し、専用パレットの用意をしていたところ、専用パレットの手すりが外れていたので、当該手すりを運転席に乗り直していたところ、右足がマストのレバーを押し下げ、被災者がマストとヘッドガードに挟まれた。","5","貨物取扱業","501","陸上貨物取扱業","50101","陸上貨物取扱業","1~9","2","物上げ装置、運搬機械","22","動力運搬機","222","フォークリフト","7","はさまれ、巻き込まれ"
"619","2004","平成","16","12","11~12","木造家屋解体工事現場において、周囲への飛散防止のシート養生をするための骨組みを単管パイプで組立作業中、1段目の水平つなぎの単管パイプ上(高さ1.65m)で2段目の水平つなぎをクランプにて取り付けていたところ、墜落した。","3","建設業","302","建築工事業","30202","木造家屋建築工事業","1~9","4","仮設物、建築物、構築物等","41","仮設物、建築物、構築物等","419","その他の仮設物、建築物、構築物等","1","墜落、転落"
"620","2004","平成","16","3","11~12","鉄道の軌道修繕工事に作業責任者として就労していた被災者が倒れた。","3","建設業","301","土木工事業","30104","鉄道軌道建設工事業","1~9","9","その他","91","その他の起因物","911","その他の起因物","90","その他"
"621","2004","平成","16","12","9~10","工場の床の新設工事中、既設の中2階から、新設の2階に上るか上部の様子をのぞこうかして、新設のH鋼に手を掛けたが、手がはずれ、約2m下の中2階床に転落し、さらに、中2階床面の開口部(1.1m×1.6mの長方形)から、約5m下の1階床面に墜落した。","3","建設業","302","建築工事業","30203","建築設備工事業","10~29","4","仮設物、建築物、構築物等","41","仮設物、建築物、構築物等","414","開口部","1","墜落、転落"
"622","2004","平成","16","2","14~15","大型冷蔵庫からパレットを取ろうとした際、動力式扉に挟まれた。","1","製造業","101","食料品製造業","10101","肉製品、乳製品製造業","1~9","3","その他の装置等","39","その他の装置、設備","391","その他の装置、設備","7","はさまれ、巻き込まれ"
"623","2004","平成","16","3","13~14","工事現場に7t車で鉄板型枠を搬送してきた被災者が、荷降場所近くの下り勾配の路上に停車し、運転席から降りたところ車が動き始めたため、車前で押しとめようとしたが、そのまま下敷きとなった。","4","運輸交通業","403","道路貨物運送業","40301","一般貨物自動車運送業","10~29","2","物上げ装置、運搬機械","22","動力運搬機","221","トラック","7","はさまれ、巻き込まれ"
"624","2004","平成","16","5","18~19","4tトラックで国道を走行中、緩い左カーブのセンターラインをはみ出したため、対向する10tトラックに衝突した。","4","運輸交通業","403","道路貨物運送業","40301","一般貨物自動車運送業","50~99","2","物上げ装置、運搬機械","22","動力運搬機","221","トラック","17","交通事故（道路）"
"625","2004","平成","16","11","13~14","廃品ダンボール箱回収用の金網かご(1.7×1.7×高さ1.8m)が一杯になったので、かごの中のダンボール(全て解体済み)の上に上がり、体重でダンボールを圧縮しようとしたところ、かごの外の地上に墜落し、隣の整理棚に激突した。","1","製造業","115","輸送用機械等製造業","11502","自動車・同付属品製造業","10~29","3","その他の装置等","39","その他の装置、設備","391","その他の装置、設備","1","墜落、転落"
"626","2004","平成","16","6","13~14","軽乗用車を運転中、道路上で対向してきたダンプカーと衝突した。","13","保健・衛生業","1302","社会福祉施設","130201","社会福祉施設","10~29","2","物上げ装置、運搬機械","23","乗物","231","乗用車、バス、バイク","17","交通事故（道路）"
"627","2004","平成","16","4","11~12","スクーターを運転中、交差点で右折しようとした際、車列3台後方にいたオートバイが、センターライン右側に出て車列を一気に追越そうと突進、被災者のスクーターに追突したため被災者が宙に飛ばされた。","8","商業","802","小売業","80205","新聞販売業","30~49","2","物上げ装置、運搬機械","23","乗物","231","乗用車、バス、バイク","17","交通事故（道路）"
"628","2004","平成","16","6","13~14","土止め支保工の変更作業中、既設の土止め支保工の親杭(H形鋼材、200×200×8×12ミリメートル)を杭頭から約5mの個所でガス溶断した際に親杭の裏側の土砂が崩壊して、下敷きになった。","3","建設業","302","建築工事業","30201","鉄骨・鉄筋コンクリート造家屋建築工事業","1~9","7","環境等","71","環境等","711","地山、岩石","5","崩壊、倒壊"
"629","2004","平成","16","8","15~16","法面(のりめん)吹付用生育基盤材(50L×50袋パレット積)をフォークリフトで現場に搬入していたところ、路面に置いていたコンパネを踏んだはずみでフォークリフトがバランスを崩し、斜面を10m滑落、横転し、車体のヘッドガードと路面との間に挟まれた。","3","建設業","301","土木工事業","30108","砂防工事業","10~29","2","物上げ装置、運搬機械","22","動力運搬機","222","フォークリフト","2","転倒"
"630","2004","平成","16","9","9~10","立坑築造及び管布設を行う工事において、6.5m鋼管を立坑へ移動式クレーンでつり下げ、開削管路内に横引きして仮置きする作業中、開削管路の覆工板開口部に掛けられたはしごで下りる際、はしごから約7.5m下の開削管路コンクリ床面に墜落した。","3","建設業","301","土木工事業","30110","上下水道工事業","10~29","4","仮設物、建築物、構築物等","41","仮設物、建築物、構築物等","414","開口部","1","墜落、転落"
"631","2004","平成","16","2","12~13","パチンコ店閉店後に役員への報告のため制服で店内待機中、店の前で泥酔し騒ぐ男に対し外に出て注意したところ、男に路上まで引きずられ、殴打された。","17","その他の事業","1702","その他の事業","170209","その他の事業－その他","10~29","9","その他","99","分類不能","999","分類不能","99","分類不能"
"632","2004","平成","16","10","5~6","対向の上り線で15tトラックが落下タイヤに乗り上げ中央分離帯に衝突する事故が起こり、積荷固定ワイヤロープが切れ、積荷である石油タンク外壁鉄材(長さ6m幅3m重さ6.5t)が下り線へ落下した。直後に下り線を走ってきた被災者の4tトラックはこれに衝突し、全焼した。","4","運輸交通業","403","道路貨物運送業","40301","一般貨物自動車運送業","10~29","2","物上げ装置、運搬機械","22","動力運搬機","221","トラック","17","交通事故（道路）"
"633","2004","平成","16","10","9~10","団地の外壁補修塗装工事において足場組立中、床付布枠を持上げて建枠の上に乗せた直後バランスを崩し約33m下の地上に墜落した。","3","建設業","302","建築工事業","30201","鉄骨・鉄筋コンクリート造家屋建築工事業","300~499","4","仮設物、建築物、構築物等","41","仮設物、建築物、構築物等","411","足場","1","墜落、転落"
"634","2004","平成","16","10","3~4","配水管の敷設工事において機材の撤去をしていたところ、推進工用の深さ約6.5mの到達立坑に墜落した。","3","建設業","301","土木工事業","30110","上下水道工事業","1~9","4","仮設物、建築物、構築物等","41","仮設物、建築物、構築物等","414","開口部","1","墜落、転落"
"635","2004","平成","16","11","11~12","木造建築工事現場においての足場解体作業中、躯(く)体ひさし上にて建地単管を解体し、下で解体した単管パイプを受け取るという作業を2人で行っていたところ、下でパイプを受けていた被災者が足を滑らせ、すぐ脇の擁壁(高さ約3.5m)から道路側へ墜落した。","3","建設業","302","建築工事業","30202","木造家屋建築工事業","1~9","4","仮設物、建築物、構築物等","41","仮設物、建築物、構築物等","419","その他の仮設物、建築物、構築物等","1","墜落、転落"
"636","2004","平成","16","12","4~5","消火設備の点検作業において、テスト用ボンベが配管から外れて窒素の圧力により勢いよく転倒したため、付近にいた被災者に激突した。","15","清掃・と畜業","1501","清掃・と畜業","150101","ビルメンテナンス業","1~9","3","その他の装置等","31","圧力容器","319","その他の圧力容器","6","激突され"
"637","2004","平成","16","2","9~10","4tダンプトラック解体のため、被災者が橋形クレーンを使用し、解体以前から荷台前方部に溶接されていた鋼製リング状金具(飛散防止用シートを取り付けるためのもの)につりチェ-ンフックを掛け、荷台部をつって、ダンプアップした状態で作業していたところ、鋼製リング状金具の溶接面が破断、荷台部が下がり、荷台と車体フレームとの間にいた被災者が挟まれた。","8","商業","801","卸売業","80109","その他の卸売業","1~9","6","荷","61","荷","611","荷姿の物","7","はさまれ、巻き込まれ"
"638","2004","平成","16","2","4~5","積載量約14tの貨物自動車に紙製品を積み、国道を走行中、対向車線のタンクローリー車がセンターラインを超え、被災者の運転する貨物自動車に正面衝突した。","4","運輸交通業","403","道路貨物運送業","40301","一般貨物自動車運送業","30~49","2","物上げ装置、運搬機械","22","動力運搬機","221","トラック","17","交通事故（道路）"
"639","2004","平成","16","4","10~11","乗用車で高速自動車道を走行中、雨のためスリップして左側方の車道外へ逸脱し、トンネル標識柱に衝突した。","17","その他の事業","1702","その他の事業","170209","その他の事業－その他","100~299","2","物上げ装置、運搬機械","23","乗物","231","乗用車、バス、バイク","17","交通事故（道路）"
"640","2004","平成","16","4","10~11","乗用車で高速自動車道を走行中、雨のためスリップして左側方の車道外へ逸脱し、トンネル標識柱に衝突した。","17","その他の事業","1702","その他の事業","170209","その他の事業－その他","100~299","2","物上げ装置、運搬機械","23","乗物","231","乗用車、バス、バイク","17","交通事故（道路）"
"641","2004","平成","16","8","10~11","米菓の入った1個重さ約590キログラムの製品充填タンク(鉄製タンク)8個を1tフォークリフトを使って、10t大型トラックに積み込んでいたが、7番目の製品充填タンクの位置が悪かったため、フォークリフトを降り、直そうと近づいた際、高さ1.2mの荷台から製品充填タンクが落下し、被災者が下敷きになった。","4","運輸交通業","403","道路貨物運送業","40301","一般貨物自動車運送業","100~299","6","荷","61","荷","611","荷姿の物","4","飛来、落下"
"642","2004","平成","16","9","4~5","会社の商用車を運転して商品配送中、他車との接触により物損の交通事故に遭ったため、車を反対車線路側帯に停車させ、道路を横断し公衆トイレに立ち寄り用を足した後、自車に戻るため、横断歩道付近の道路を横断中、左方より直進してきた2t貨物自動車にはねられた。","8","商業","802","小売業","80209","その他の小売業","1~9","2","物上げ装置、運搬機械","22","動力運搬機","221","トラック","17","交通事故（道路）"
"643","2004","平成","16","11","8~9","スレートでふかれた工場の屋根に同僚と2人で上がり、屋根上の苔等を除去する作業を行っていたところ、スレートを踏み抜き9.5m下のコンクリート床面に墜落した。","15","清掃・と畜業","1501","清掃・と畜業","150102","産業廃棄物処理業","10~29","4","仮設物、建築物、構築物等","41","仮設物、建築物、構築物等","415","屋根、はり、もや、けた、合掌","1","墜落、転落"
"644","2004","平成","16","12","22~23","10t積大型トラックを運転し、高速自動車道を走行していたところ、同じ走行車線の前方を走行していた大型トレーラーに気付いたが発見が遅れ、追い越し車線に車線変更をしたが避けきれず追突し、反動により中央分離帯のガードレールに衝突横転した。","4","運輸交通業","403","道路貨物運送業","40301","一般貨物自動車運送業","100~299","2","物上げ装置、運搬機械","22","動力運搬機","221","トラック","17","交通事故（道路）"
"645","2004","平成","16","1","12~13","業務終了後、帰宅するため更衣室において着替えていた際、突然倒れて意識不明となり、救急車にて病院へ搬送された。","1","製造業","112","金属製品製造業","11209","その他の金属製品製造業","50~99","9","その他","91","その他の起因物","911","その他の起因物","90","その他"
"646","2004","平成","16","5","9~10","木造家屋住宅の瓦吹き替え工事にて、瓦をはがしている際、高さ6.3mの屋根から墜落し、隣接した民家との境界基礎の上に落ちた。","3","建設業","302","建築工事業","30202","木造家屋建築工事業","10~29","4","仮設物、建築物、構築物等","41","仮設物、建築物、構築物等","415","屋根、はり、もや、けた、合掌","1","墜落、転落"
"647","2004","平成","16","9","10~11","製麺工場において、製麺が終了したので攪拌機内に付着したカスをエアガンで噴いていたところ、攪拌機の攪拌棒(2本)に巻き込まれた。","1","製造業","101","食料品製造業","10109","その他の食料品製造業","300~499","1","動力機械","16","一般動力機械","162","混合機、粉砕機","7","はさまれ、巻き込まれ"
"648","2004","平成","16","2","3~4","軽乗用車を運転して会社に戻る途中、県道T字交差点において、右折した直後、正面から直進してきた普通乗用車と出会い頭に衝突した。","17","その他の事業","1702","その他の事業","170209","その他の事業－その他","30~49","2","物上げ装置、運搬機械","23","乗物","231","乗用車、バス、バイク","17","交通事故（道路）"
"649","2004","平成","16","3","16~17","アパートの2階ベランダ撤去のため、2層2列に組んだ枠組足場上でベランダをバールを使い撤去作業中、ベランダが落下しその拍子で足場が傾き足場上から墜落した。","3","建設業","302","建築工事業","30202","木造家屋建築工事業","1~9","4","仮設物、建築物、構築物等","41","仮設物、建築物、構築物等","411","足場","1","墜落、転落"
"650","2004","平成","16","6","4~5","4tトラックに乗り荷物の運搬作業中、交差点で、赤信号で停車していた8tトラックに追突した。","4","運輸交通業","403","道路貨物運送業","40301","一般貨物自動車運送業","30~49","2","物上げ装置、運搬機械","22","動力運搬機","221","トラック","17","交通事故（道路）"
"651","2004","平成","16","4","13~14","牛乳用タンクローリー(2t)を運転し、集配先に向かって走行中、交差点で左折しようとした時、後方から走行してきたトラック(10t)に追突され横転し、信号機柱に激突した。","1","製造業","101","食料品製造業","10101","肉製品、乳製品製造業","50~99","2","物上げ装置、運搬機械","22","動力運搬機","221","トラック","17","交通事故（道路）"
"652","2004","平成","16","7","15~16","住宅新築現場で風呂の設置工事を行っていた時、大雨のため川の堤防が決壊し濁流が押し寄せてきたため、トラックを運転して高台に移動させていたところ濁流に流された。","3","建設業","302","建築工事業","30202","木造家屋建築工事業","1~9","7","環境等","71","環境等","713","水","10","おぼれ"
"653","2004","平成","16","7","15~16","川の堤防の決壊で濁流が押し寄せてきたため、電気遮断処置を行うために事業場に向かっていた時、濁流に流された。","1","製造業","114","電気機械器具製造業","11402","軽電機製造業","500~999","7","環境等","71","環境等","713","水","10","おぼれ"
"654","2004","平成","16","12","10~11","3tトラックで高速自動車道を走行中、中央分離帯に衝突した。","3","建設業","302","建築工事業","30202","木造家屋建築工事業","1~9","2","物上げ装置、運搬機械","22","動力運搬機","221","トラック","17","交通事故（道路）"
"655","2004","平成","16","12","16~17","廃材置き場で発泡スチロールの廃材を固めたものを、作業台を使って2人でパレットの上に積み重ねる作業中に、高さ90センチメートルの作業台から墜落した。","1","製造業","108","化学工業","10805","プラスチック製品製造業","30~49","3","その他の装置等","37","用具","371","はしご等","1","墜落、転落"
"656","2004","平成","16","3","15~16","勤務を終え、帰宅し、着替えていたところ、倒れた。","1","製造業","107","印刷・製本業","10701","印刷業","50~99","9","その他","91","その他の起因物","911","その他の起因物","90","その他"
"657","2004","平成","16","11","11~12","農道改良工事現場において、被災者は、盛土・転圧を終えた状況をドラグ・ショベルの後方で写真撮影を行っていたところ、被災者の指示により退避させていたドラグ・ショベルが被災者の方向に移動してきてクローラ部分にひかれた。","3","建設業","302","建築工事業","30209","その他の建築工事業","30~49","1","動力機械","14","建設機械等","142","掘削用機械","7","はさまれ、巻き込まれ"
"658","2004","平成","16","8","11~12","林道工事において、チェ-ンソ-を用いて伐採済みの木の枝打ち作業を行っていたところ、近くで伐採作業を行っていた同僚の切った杉の木が被災者の後方より倒れてきて激突した。","3","建設業","301","土木工事業","30199","その他の土木工事業","10~29","7","環境等","71","環境等","712","立木等","6","激突され"
"659","2004","平成","16","8","17~18","エスカレーターの照明器具取替え作業を行っていたところ、照明カバーの止め金具が同エスカレーターのひさしに落ちたため、被災者はそれを取ろうと同エスカレーターの外側に身を乗り出した時に、約12m下に墜落した。","17","その他の事業","1702","その他の事業","170209","その他の事業－その他","10~29","4","仮設物、建築物、構築物等","41","仮設物、建築物、構築物等","418","建築物、構築物","1","墜落、転落"
"660","2004","平成","16","9","8~9","処理済鶏糞をホイール式トラクタショベルで、4tトラックに積み込む作業中、トラクタショベルの後方にいた被災者がバックしたトラクタショベルの左側後輪にひかれた。","7","畜産・水産業","701","畜産業","70101","畜産業","10~29","1","動力機械","14","建設機械等","141","整地・運搬・積込み用機械","7","はさまれ、巻き込まれ"
"661","2004","平成","16","10","16~17","建築工事現場において、コンクリートポンプ車を使用したコンクリート打設終了後、同ポンプ車の清掃をするため、車両後方のステップ上でカバーをはずしてホッパー内にある攪拌機を起動させたまま、ホッパーの表面に付着したコンクリートをブラシを使って落としている際、攪拌機の羽根部分に巻き込まれた。","3","建設業","302","建築工事業","30209","その他の建築工事業","1~9","1","動力機械","14","建設機械等","149","その他の建設機械等","7","はさまれ、巻き込まれ"
"662","2004","平成","16","7","8~9","排水路工事現場において、車両積載形トラッククレーン(つり上げ荷重2.93t)を用いて荷台に積んでいた鉄板1枚(重さ800キログラム)を同クレーンで積み降し作業中、車体が倒れ、クレーンをリモコン操作していた被災者が車体とガードレールの間に挟まれた。","3","建設業","301","土木工事業","30199","その他の土木工事業","10~29","2","物上げ装置、運搬機械","21","動力クレーン等","212","移動式クレーン","7","はさまれ、巻き込まれ"
"663","2004","平成","16","3","18~19","個人住宅の庭の造園作業が終了し、8.5tトラックを誘導しようと国道上に出たところ、走行してきた軽貨物トラックにはねられた。","17","その他の事業","1702","その他の事業","170209","その他の事業－その他","1~9","2","物上げ装置、運搬機械","22","動力運搬機","221","トラック","17","交通事故（道路）"
"664","2004","平成","16","5","3~4","新聞配達のため、県道を自転車で走行中、後方から来た軽自動車に追突された。","8","商業","802","小売業","80205","新聞販売業","50~99","2","物上げ装置、運搬機械","23","乗物","231","乗用車、バス、バイク","17","交通事故（道路）"
"665","2004","平成","16","7","14~15","ごみ焼却施設において、ごみ焼却溶融炉の配管に設けた集じん装置の点検、掃除作業中、集じん装置内に充満していた一酸化炭素を吸引し被災した。","3","建設業","302","建築工事業","30201","鉄骨・鉄筋コンクリート造家屋建築工事業","100~299","5","物質、材料","51","危険物、有害物等","514","有害物","12","有害物等との接触"
"666","2004","平成","16","11","13~14","高床式2階の木造家屋の新築工事において、2階小屋組みの建方作業を行うために上がっていた小屋梁から、約6.5m下のコンクリート造基礎の階段部分に墜落した。","3","建設業","302","建築工事業","30202","木造家屋建築工事業","1~9","4","仮設物、建築物、構築物等","41","仮設物、建築物、構築物等","415","屋根、はり、もや、けた、合掌","1","墜落、転落"
"667","2004","平成","16","7","19~20","旅館の夕食に振舞う予定の刺身を近くの鮮魚店から仕入れ、手押し車にのせて旅館に運搬中、横断歩道において、国道を走行してきた軽自動車にはねられた。","14","接客娯楽業","1401","旅館業","140101","旅館業","1~9","2","物上げ装置、運搬機械","23","乗物","231","乗用車、バス、バイク","17","交通事故（道路）"
"668","2004","平成","16","9","8~9","法面(のりめん)のラス張りをするため法面天端の親綱を取り付けるアンカーの状態を確認していたところ、天端より6.1m下に墜落した。","3","建設業","301","土木工事業","30199","その他の土木工事業","1~9","7","環境等","71","環境等","711","地山、岩石","1","墜落、転落"
"669","2004","平成","16","10","14~15","農業用水路の管を付設するためドラグ・ショベルで溝(深さ1m)を掘削し、その溝の中に入り寸法確認、写真撮影を行っていたところ上部法面(のりめん)の地山(高さ5m)が崩落し生き埋めとなった。","3","建設業","301","土木工事業","30107","河川土木工事業","10~29","7","環境等","71","環境等","711","地山、岩石","5","崩壊、倒壊"
"670","2004","平成","16","10","14~15","農業用水路の管を付設するためドラグ・ショベルで溝(深さ1m)を掘削し、その溝の中に入り寸法確認、写真撮影を行っていたところ上部法面(のりめん)の地山(高さ5m)が崩落し生き埋めとなった。","3","建設業","301","土木工事業","30107","河川土木工事業","10~29","7","環境等","71","環境等","711","地山、岩石","5","崩壊、倒壊"
"671","2004","平成","16","8","11~12","残土置き場に仮置きしていたダンプカー(部品取用の不動車)を別の残土置き場に移動させるため、ブル・ドーザーで牽引中、牽引に使用していたワイヤロープ(直径18ミリメートル、全長4.5m)が切断し、ダンプカーが坂道を下り、約50m下がったカーブに差し掛かったところで路肩に乗り上げ、その反動で横転し、運転手がダンプカーに挟まれた。","2","鉱業","202","土石採取業","20201","採石業","10~29","3","その他の装置等","37","用具","379","その他の用具","1","墜落、転落"
"672","2004","平成","16","8","11~12","推進工法による下水道工事において、発進立坑(内径2.1m、深さ3.1m)内で、推進機により鋼管(直径40センチメートル)を回転させながら推進中、推進機を操作していた被災者が推進機のジャッキと鋼管との間に巻き込まれた。","3","建設業","301","土木工事業","30110","上下水道工事業","10~29","1","動力機械","14","建設機械等","149","その他の建設機械等","7","はさまれ、巻き込まれ"
"673","2004","平成","16","11","13~14","ダム浚渫工事のため、取水口のゲートを開放したまま、ゲートの状況を確認しようとダム内に潜水した後、他のダイバーにより、水面下7mの取水ゲートに覆い被さるように貼り付いているのが発見された。","3","建設業","301","土木工事業","30199","その他の土木工事業","1~9","4","仮設物、建築物、構築物等","41","仮設物、建築物、構築物等","418","建築物、構築物","10","おぼれ"
"674","2004","平成","16","4","20~21","自動紙打ち抜き機の段取り替え作業において、シートから打ち抜く木枠の調整中、打ち抜いた製品を置くパレットの上に乗り木枠を調整しているとき、パレットが上昇し、パレットと木枠の間に挟まれた。","1","製造業","107","印刷・製本業","10701","印刷業","300~499","1","動力機械","16","一般動力機械","169","その他の一般動力機械","7","はさまれ、巻き込まれ"
"675","2004","平成","16","6","14~15","林道維持補修工事において、被災者は法面(のりめん)上高さ約8.5mのところにあった倒木を撤去するため、法面に登り、手のこで倒木を切断していたところ、バランスを崩し林道上に転落した。","3","建設業","301","土木工事業","30199","その他の土木工事業","1~9","7","環境等","71","環境等","711","地山、岩石","1","墜落、転落"
"676","2004","平成","16","2","4~5","タンクローリーで国道を走行中にセンターラインを超え、対向車線の大型トラックに激突した。","4","運輸交通業","403","道路貨物運送業","40302","特定貨物自動車運送業","50~99","2","物上げ装置、運搬機械","22","動力運搬機","221","トラック","17","交通事故（道路）"
"677","2004","平成","16","4","3~4","新聞配達業務中、乗用車で国道を走行していたところ、緩い下り坂の右カーブの道路左側にある電柱に激突した。","8","商業","802","小売業","80205","新聞販売業","10~29","2","物上げ装置、運搬機械","23","乗物","231","乗用車、バス、バイク","17","交通事故（道路）"
"678","2004","平成","16","4","1~2","ワゴン車で新聞朝刊を新聞販売店に配送するため、国道を走行中、交差点にて、側方より走行して来た乗用車と出会い頭に衝突した。","4","運輸交通業","403","道路貨物運送業","40301","一般貨物自動車運送業","30~49","2","物上げ装置、運搬機械","23","乗物","231","乗用車、バス、バイク","17","交通事故（道路）"
"679","2004","平成","16","4","16~17","工場屋内に設けられた足場上で、箒とサンダーを使って梁や柱の錆び落とし作業を行っていたところ、足場の作業床(高さ8.6m)から、工場床面へ墜落した。","3","建設業","302","建築工事業","30209","その他の建築工事業","10~29","4","仮設物、建築物、構築物等","41","仮設物、建築物、構築物等","411","足場","1","墜落、転落"
"680","2004","平成","16","5","17~18","ニッケルメッキラインのラインシャフトに巻き込まれた。","1","製造業","111","非鉄金属製造業","11101","非鉄金属精錬・圧延業","100~299","1","動力機械","12","動力伝導機構","121","動力伝導機構","7","はさまれ、巻き込まれ"
"681","2004","平成","16","5","4~5","軽自動車で新聞配達中、県道交差点(信号機なし)を横切ろうとしたところ、直進していた別の軽自動車と衝突した。","8","商業","802","小売業","80205","新聞販売業","10~29","2","物上げ装置、運搬機械","23","乗物","231","乗用車、バス、バイク","17","交通事故（道路）"
"682","2004","平成","16","8","9~10","ワゴン車を運転し、作業小屋から草刈場所に移動していたところ、林道(緩やかな左カーブ)の路肩から車ごと転落し、30m下の斜面に投げ出された。","6","農林業","602","林業","60209","その他の林業","1~9","2","物上げ装置、運搬機械","23","乗物","231","乗用車、バス、バイク","17","交通事故（道路）"
"683","2004","平成","16","4","14~15","砕石プラントにおいて、砕石の搬入、搬出を行うダンプトラックが砕石プラントのベルトコンベア部分に接触するのを防止するための門(高さ約3m)を設置する作業を行っていたところ、門の上で作業していた被災者が墜落した。","1","製造業","109","窯業土石製品製造業","10909","その他の土石製品製造業","1~9","4","仮設物、建築物、構築物等","41","仮設物、建築物、構築物等","419","その他の仮設物、建築物、構築物等","1","墜落、転落"
"684","2004","平成","16","7","11~12","護岸工事現場内でコンクリート打設後の雨天用養生シート(ブルーシート)を運んでいた被災者が、現場内資材の片付け作業を行っていたドラグ・ショベルの付近を通ろうとしたところ、後進してきたドラグ・ショベルにひかれた。","3","建設業","301","土木工事業","30107","河川土木工事業","30~49","1","動力機械","14","建設機械等","142","掘削用機械","6","激突され"
"685","2004","平成","16","8","13~14","トラックに積まれたドラム缶(重量約200キログラム)を、荷台からトラック横に付けたフォークリフトのパレットに載せて降ろす作業を行っていた際に、いったんパレットに載せたドラム缶の位置を被災者がずらそうとした時に、そのドラム缶とともに地面に墜落し、ドラム缶の下敷きになった。","4","運輸交通業","403","道路貨物運送業","40301","一般貨物自動車運送業","50~99","6","荷","61","荷","611","荷姿の物","4","飛来、落下"
"686","2004","平成","16","7","10~11","工場内で、平面仮組立されていた橋梁斜材を解体作業中、ボルトで緊結されていたH形鋼のボルトを地上に立って取外した後、H形鋼のバランスが崩れ、被災者の上に落下し、被災者が下敷きとなった。","1","製造業","112","金属製品製造業","11209","その他の金属製品製造業","10~29","3","その他の装置等","37","用具","372","玉掛用具","4","飛来、落下"
"687","2004","平成","16","7","8~9","自動倉庫のラックを解体する作業で、高さ約10mの位置にあったラック部材2カ所を足場にして、高さ約11mの位置にあったラック部材1本をガス溶断して取り外していた際、バランスを崩して、地上に墜落した。","3","建設業","303","その他の建設業","30302","機械器具設置工事業","10~29","2","物上げ装置、運搬機械","22","動力運搬機","229","その他の動力運搬機","1","墜落、転落"
"688","2004","平成","16","11","16~17","鶏舎の鶏の世話を行っていた際、秒速約8センチメートルで無人自動運転中だった給餌用機械が接近してきたことに気付かず、当該給餌用機械と柱の間に挟まれた。","7","畜産・水産業","701","畜産業","70101","畜産業","10~29","1","動力機械","16","一般動力機械","169","その他の一般動力機械","7","はさまれ、巻き込まれ"
"689","2004","平成","16","12","22~23","ショッピングセンターの清掃業務を終え会社に向かい車を運転中、先行していた同僚の運転する車から清掃道具が道路へ落下したため、停車しその清掃道具を回収していたところ、後続車にはねられた。","15","清掃・と畜業","1501","清掃・と畜業","150101","ビルメンテナンス業","50~99","2","物上げ装置、運搬機械","23","乗物","231","乗用車、バス、バイク","17","交通事故（道路）"
"690","2004","平成","16","2","0~1","車庫内において、ごみ収集車のタイヤチェーンの状態を点検をしようとしていた作業者が、横に停車していたごみ収集車のエンジンがかかっていたので近づいたところ、ごみ収集車後部の回転するパッカー(圧縮)部分で挟まれた。","15","清掃・と畜業","1501","清掃・と畜業","150103","その他の廃棄物処理業","100~299","2","物上げ装置、運搬機械","22","動力運搬機","221","トラック","7","はさまれ、巻き込まれ"
"691","2004","平成","16","2","13~14","会社倉庫前で車両積載形トラッククレーン(つり上げ荷重2.9t)を用いて、井戸掘削用の鉄製刃先付金棒(質量2.52t)を地上に下ろす作業中、当該クレーンが転倒し、荷台上にいた被災者が荷とともに地上に投げ出され、つり荷と激突した。","3","建設業","301","土木工事業","30199","その他の土木工事業","10~29","2","物上げ装置、運搬機械","21","動力クレーン等","212","移動式クレーン","6","激突され"
"692","2004","平成","16","3","22~23","10tトラックで国道を走行していた際、道路工事による片側交互通行のため停止中の乗用車に追突した。","4","運輸交通業","403","道路貨物運送業","40301","一般貨物自動車運送業","50~99","2","物上げ装置、運搬機械","22","動力運搬機","221","トラック","17","交通事故（道路）"
"693","2004","平成","16","5","14~15","会社に戻るため市道(片側1車線、中央分離帯なし)をライトバンにて走行中、反対車線走行中の大型トラックと正面から衝突した。","3","建設業","303","その他の建設業","30301","電気通信工事業","50~99","2","物上げ装置、運搬機械","23","乗物","231","乗用車、バス、バイク","17","交通事故（道路）"
"694","2004","平成","16","5","10~11","建物改修工事において、建物内の鉄製らせん階段取付け作業中、2階作業床端(高さ3.65m)から、すぐ下に置かれていたローリングタワーに乗り移った時、ローリングタワーが転倒し、被災者が1階作業床に墜落した。","3","建設業","302","建築工事業","30201","鉄骨・鉄筋コンクリート造家屋建築工事業","1~9","4","仮設物、建築物、構築物等","41","仮設物、建築物、構築物等","411","足場","5","崩壊、倒壊"
"695","2004","平成","16","7","13~14","集水井の掘削で発生した土を林道まで運搬するため、延長約130mのモノレールを設置し、土の運搬作業を行っていたところ、スイッチバック個所の手前で荷台が傾き、積載していた土の入った鉄製容器3個(1個が約60キログラム)が落下、被災者がこの下敷きとなった。","3","建設業","301","土木工事業","30108","砂防工事業","30~49","2","物上げ装置、運搬機械","22","動力運搬機","229","その他の動力運搬機","4","飛来、落下"
"696","2004","平成","16","10","0~1","プラント運転者がプラントを稼動させようとしたところ、骨材ビン(砂ストック個所)の砂の中に埋まっている被災者を発見した。","3","建設業","301","土木工事業","30108","砂防工事業","1~9","4","仮設物、建築物、構築物等","41","仮設物、建築物、構築物等","418","建築物、構築物","4","飛来、落下"
"697","2004","平成","16","11","17~18","物流センター倉庫内において、フォークリフトを操作し、木製のパレット(1段の重量約20キログラム)の回収作業を行っていたところ、フォークリフトに積んでいた12段のパレットのうち上部2段と運転席前面の金網に挟まれた。","8","商業","801","卸売業","80109","その他の卸売業","100~299","3","その他の装置等","37","用具","379","その他の用具","7","はさまれ、巻き込まれ"
"698","2004","平成","16","11","7~8","工場入口に、ミキサー車を停止して車から離れ、資材を持ってミキサー車に戻ったところ、停止してあったはずのミキサー車が無人のまま動き出したので、ミキサー車の前に立ち自力で止めようとしたてミキサー車の下敷きになった。","1","製造業","109","窯業土石製品製造業","10901","セメント・同製品製造業","10~29","2","物上げ装置、運搬機械","22","動力運搬機","221","トラック","7","はさまれ、巻き込まれ"
"699","2004","平成","16","11","9~10","屋内練習場新築工事現場で、屋内練習場の天井および壁に防球ネットを取り付けていた被災者が、ローリングタワー(手すりまでの高さ約6.4メートル、作業床の高さ約5m)から墜落した。","3","建設業","302","建築工事業","30201","鉄骨・鉄筋コンクリート造家屋建築工事業","1~9","4","仮設物、建築物、構築物等","41","仮設物、建築物、構築物等","411","足場","1","墜落、転落"
"700","2004","平成","16","3","11~12","合材プラントのホッパー内部で、ホッパーを振動させるバイブレーターの取付けボルトの締め付け作業を行っていた際、砕石運搬業者のダンプから誤って砕石が投入されたため被災した。","1","製造業","108","化学工業","10804","石油製品・石炭製品製造業","10~29","2","物上げ装置、運搬機械","22","動力運搬機","221","トラック","4","飛来、落下"
"701","2004","平成","16","6","8~9","墓地において、墓石の撤去作業を行うため、小型移動式クレーンを作業場所へ移動させていたところ、段差があったため、道板(アルミ合金製)を敷き、その上を走行中、当該小型移動式クレーンが転倒し、操作していた被災者が下敷きになった。","1","製造業","109","窯業土石製品製造業","10909","その他の土石製品製造業","1~9","2","物上げ装置、運搬機械","21","動力クレーン等","212","移動式クレーン","6","激突され"
"702","2004","平成","16","9","9~10","町道において、対向車線のトラックが雨のためスリップし、センターラインをはみ出して来て、被災者の運転するトラックと正面衝突した。","4","運輸交通業","403","道路貨物運送業","40301","一般貨物自動車運送業","10~29","2","物上げ装置、運搬機械","22","動力運搬機","221","トラック","17","交通事故（道路）"
"703","2004","平成","16","3","16~17","建物改修工事現場の地下1階において、コンクリートブロック製の間仕切り壁(高さ4.9m、横4.2m、厚さ0.15m)を解体中、壁の下部分をハンマーで叩いていたところ、壁が手前に倒れ、その下敷きとなった。","3","建設業","302","建築工事業","30201","鉄骨・鉄筋コンクリート造家屋建築工事業","1~9","4","仮設物、建築物、構築物等","41","仮設物、建築物、構築物等","418","建築物、構築物","5","崩壊、倒壊"
"704","2004","平成","16","11","0~1","倉庫新築工事現場において、被災者が建物の柱に立てかけられていた合掌と呼ばれる屋根の部材に、玉掛け用のベルトスリングを取り付ける準備をしようと近づいたところ、突風により合掌が被災者側に倒れ、下敷きとなった。","3","建設業","302","建築工事業","30202","木造家屋建築工事業","1~9","4","仮設物、建築物、構築物等","41","仮設物、建築物、構築物等","415","屋根、はり、もや、けた、合掌","5","崩壊、倒壊"
"705","2004","平成","16","3","9~10","深さ19.4mの取水槽底版からクレーンを使用して、解体した足場材料を搬出する作業の準備中、取水槽中床版の通路にある開口部から8.6m下に墜落した。","3","建設業","303","その他の建設業","30302","機械器具設置工事業","500~999","4","仮設物、建築物、構築物等","41","仮設物、建築物、構築物等","414","開口部","1","墜落、転落"
"706","2004","平成","16","7","15~16","H鋼を加工する作業場において、クレーン運転士が、H鋼を移動させた後、巻上げと移動を同時に行ったところ、つり具の先端がH鋼に引っかかり、H鋼を加工するために線引きをしていた被災者の上に落下した。","1","製造業","112","金属製品製造業","11209","その他の金属製品製造業","30~49","2","物上げ装置、運搬機械","21","動力クレーン等","211","クレーン","4","飛来、落下"
"707","2004","平成","16","7","10~11","工場の搬出口にある張り出し屋根の解体工事において、屋根の雨どいを手持ち式グラインダーで切断解体中、ローリングタワーから屋根の上に移り、2mほど切断したところで高さ5.5mの屋根の上から墜落した。","3","建設業","302","建築工事業","30201","鉄骨・鉄筋コンクリート造家屋建築工事業","10~29","4","仮設物、建築物、構築物等","41","仮設物、建築物、構築物等","415","屋根、はり、もや、けた、合掌","1","墜落、転落"
"708","2004","平成","16","10","0~1","掘削途中の地山の上で通行者の確認(見張り)作業を行っていたところ、その地山から約11m下に墜落した。","3","建設業","301","土木工事業","30108","砂防工事業","10~29","7","環境等","71","環境等","711","地山、岩石","1","墜落、転落"
"709","2004","平成","16","3","0~1","木造2階建てアパートの解体工事現場において、解体した廃材を10tダンプトラックの荷台に積み込み、積み込んだ廃材が運搬中飛散しないようネット掛け作業を行っていたところ荷台から墜落した。","3","建設業","302","建築工事業","30202","木造家屋建築工事業","1~9","2","物上げ装置、運搬機械","22","動力運搬機","221","トラック","1","墜落、転落"
"710","2004","平成","16","7","14~15","道路拡幅工事現場において、掘削部の床ならし作業を行っていたところ、掘削した法面(のりめん)上部の地山が崩壊し、生き埋めとなった。","3","建設業","301","土木工事業","30199","その他の土木工事業","1~9","7","環境等","71","環境等","711","地山、岩石","5","崩壊、倒壊"
"711","2004","平成","16","8","8~9","7階建てマンションの補修工事のため設置されていた足場を解体する作業において、作業の前の下見をしていたところ、足場(高さ約20m)から墜落した。","3","建設業","302","建築工事業","30201","鉄骨・鉄筋コンクリート造家屋建築工事業","10~29","4","仮設物、建築物、構築物等","41","仮設物、建築物、構築物等","411","足場","1","墜落、転落"
"712","2004","平成","16","10","21~22","乗用車で高速自動車道を走行していたところ、中央分離帯に衝突し、その後、後続のトラック等に衝突した。","8","商業","801","卸売業","80109","その他の卸売業","1~9","2","物上げ装置、運搬機械","23","乗物","231","乗用車、バス、バイク","17","交通事故（道路）"
"713","2004","平成","16","10","20~21","トラックで走行中、国道沿いで渋滞に巻き込まれたときに、台風の影響で近くの川が増水してトラックが冠水し、運転していた被災者がおぼれた。","4","運輸交通業","403","道路貨物運送業","40301","一般貨物自動車運送業","10~29","7","環境等","71","環境等","713","水","10","おぼれ"
"714","2004","平成","16","8","15~16","発電所タービン建屋内において復水配管が破口し、配管内部を通っていた2次冷却水が噴出したため、付近で定検準備作業を行っていた被災者らが高温の蒸気および熱湯を浴び被災した。","3","建設業","303","その他の建設業","30302","機械器具設置工事業","10~29","3","その他の装置等","31","圧力容器","312","圧力容器","15","破裂"
"715","2004","平成","16","8","15~16","発電所タービン建屋内において復水配管が破口し、配管内部を通っていた2次冷却水が噴出したため、付近で定検準備作業を行っていた被災者らが高温の蒸気および熱湯を浴び被災した。","3","建設業","303","その他の建設業","30302","機械器具設置工事業","10~29","3","その他の装置等","31","圧力容器","312","圧力容器","15","破裂"
"716","2004","平成","16","8","15~16","発電所タービン建屋内において復水配管が破口し、配管内部を通っていた2次冷却水が噴出したため、付近で定検準備作業を行っていた被災者らが高温の蒸気および熱湯を浴び被災した。","3","建設業","303","その他の建設業","30302","機械器具設置工事業","10~29","3","その他の装置等","31","圧力容器","312","圧力容器","15","破裂"
"717","2004","平成","16","8","15~16","発電所タービン建屋内において復水配管が破口し、配管内部を通っていた2次冷却水が噴出したため、付近で定検準備作業を行っていた被災者らが高温の蒸気および熱湯を浴び被災した。","3","建設業","303","その他の建設業","30302","機械器具設置工事業","10~29","3","その他の装置等","31","圧力容器","312","圧力容器","15","破裂"
"718","2004","平成","16","8","15~16","発電所タービン建屋内において復水配管が破口し、配管内部を通っていた2次冷却水が噴出したため、付近で定検準備作業を行っていた被災者らが高温の蒸気および熱湯を浴び被災した。","3","建設業","303","その他の建設業","30302","機械器具設置工事業","10~29","3","その他の装置等","31","圧力容器","312","圧力容器","15","破裂"
"719","2004","平成","16","9","10~11","下水道管の敷設のため、不整地運搬車(最大積載荷重0.8t)に掘削土砂を積み、運転席から降りながら運転レバーを操作し後進運転していたところ、駐車してあった貨物自動車と不整地運搬車の間に挟まれた。","3","建設業","301","土木工事業","30110","上下水道工事業","30~49","2","物上げ装置、運搬機械","22","動力運搬機","227","不整地運搬車","6","激突され"
"720","2004","平成","16","6","10~11","コンクリートミキサー車を運転して、県道を走行していたところ、県道と国道とが交差するT字路に進入する際、停車することなく正面の民家の石垣に衝突し、その弾みで外れた生コンクリートタンクが運転席後部を直撃し被災した。","1","製造業","109","窯業土石製品製造業","10901","セメント・同製品製造業","30~49","2","物上げ装置、運搬機械","22","動力運搬機","221","トラック","17","交通事故（道路）"
"721","2004","平成","16","8","14~15","側溝のコンクリート打設作業のため2tトラックの荷台上で生コンをスコップでバケツに入れる作業中、熱中症となった。","3","建設業","301","土木工事業","30109","土地整理土木工事業","10~29","7","環境等","71","環境等","715","高温・低温環境","11","高温・低温の物との接触"
"722","2004","平成","16","9","16~17","道路上で、鍬を用いて道路端の地ならし作業を行っていた被災者が、同じく地ならし作業のため後進してきたドラグ・ショベル(機体重量10t)にひかれた。","3","建設業","301","土木工事業","30106","道路建設工事業","1~9","1","動力機械","14","建設機械等","142","掘削用機械","7","はさまれ、巻き込まれ"
"723","2004","平成","16","12","15~16","フォークリフトのフォークが上がったままになっていたので、運転者がフォークを下げようと運転席に乗らず運転席右側から手を伸ばしエンジンキーを回したところ、ギアが1速および前進に入っていたため前進し、付近で選別作業を行っていた被災者をひいた。","15","清掃・と畜業","1501","清掃・と畜業","150102","産業廃棄物処理業","1~9","2","物上げ装置、運搬機械","22","動力運搬機","222","フォークリフト","7","はさまれ、巻き込まれ"
"724","2004","平成","16","4","16~17","砕石プラントのベルトコンベヤのローラーと軸受けとの隙間(5センチメートル)に、巻き込まれた。","2","鉱業","202","土石採取業","20202","砂利採取業","10~29","2","物上げ装置、運搬機械","22","動力運搬機","224","コンベア","7","はさまれ、巻き込まれ"
"725","2004","平成","16","9","17~18","橋の耐震補強工事において、つり足場の組み立て作業中、緊結されていない足場板の上に乗り、これが滑り落ちたために、約4m下のダム湖に墜落した。","3","建設業","302","建築工事業","30201","鉄骨・鉄筋コンクリート造家屋建築工事業","1~9","4","仮設物、建築物、構築物等","41","仮設物、建築物、構築物等","411","足場","1","墜落、転落"
"726","2004","平成","16","11","23~24","トラックを運転し国道を走行していたところ、対向車がセンターラインを越え激突した。","4","運輸交通業","403","道路貨物運送業","40301","一般貨物自動車運送業","30~49","2","物上げ装置、運搬機械","22","動力運搬機","221","トラック","17","交通事故（道路）"
"727","2004","平成","16","12","7~8","送迎バスに乗車するため駐車場に向かっていた被災者が、給食の配送を終え、給食棟にバック走行していた配膳車に激突された。","13","保健・衛生業","1302","社会福祉施設","130201","社会福祉施設","100~299","2","物上げ装置、運搬機械","22","動力運搬機","221","トラック","6","激突され"
"728","2004","平成","16","11","13~14","高速自動車道のインターチェンジ付近において、追越車線を走行していた貨物乗用車が中央分離帯側の溝で脱輪した後、スピンしながら走行車線を走行中の貨物トラックに接触し、本線とインターチェンジとの合流地点で交通誘導をしていた作業者をはねた。","17","その他の事業","1702","その他の事業","170201","警備業","30~49","2","物上げ装置、運搬機械","23","乗物","231","乗用車、バス、バイク","17","交通事故（道路）"
"729","2004","平成","16","11","13~14","高速自動車道のインターチェンジ付近において、追越車線を走行していた貨物乗用車が中央分離帯側の溝で脱輪した後、スピンしながら走行車線を走行中の貨物トラックに接触し、本線とインターチェンジとの合流地点で交通誘導をしていた作業者をはねた。","3","建設業","301","土木工事業","30199","その他の土木工事業","10~29","2","物上げ装置、運搬機械","23","乗物","231","乗用車、バス、バイク","17","交通事故（道路）"
"730","2004","平成","16","11","13~14","高速自動車道のインターチェンジ付近において、追越車線を走行していた貨物乗用車が中央分離帯側の溝で脱輪した後、スピンしながら走行車線を走行中の貨物トラックに接触し、本線とインターチェンジとの合流地点で交通誘導をしていた作業者をはねた。","3","建設業","301","土木工事業","30199","その他の土木工事業","10~29","2","物上げ装置、運搬機械","23","乗物","231","乗用車、バス、バイク","17","交通事故（道路）"
"731","2004","平成","16","11","13~14","高速自動車道のインターチェンジ付近において、追越車線を走行していた貨物乗用車が中央分離帯側の溝で脱輪した後、スピンしながら走行車線を走行中の貨物トラックに接触し、本線とインターチェンジとの合流地点で交通誘導をしていた作業者をはねた。","3","建設業","301","土木工事業","30199","その他の土木工事業","10~29","2","物上げ装置、運搬機械","23","乗物","231","乗用車、バス、バイク","17","交通事故（道路）"
"732","2004","平成","16","8","16~17","工場内の壁際に設置してあったベンダー(プレスブレーキ)を建物の外に出すため、ハンドリフトを使用中に、ベンダーが倒れ、作業中の被災者が隣にあった旋盤との間に挟まれた。","1","製造業","112","金属製品製造業","11209","その他の金属製品製造業","1~9","3","その他の装置等","36","人力機械工具等","362","人力運搬機","6","激突され"
"733","2004","平成","16","3","14~15","ガードレール設置工事現場において、打設されたガードレールの基礎コンクリートの法面(のりめん)側にある型枠を法肩に立って解体していたところ、法長約20m下にある県道の側溝付近まで法面を転落した。","3","建設業","301","土木工事業","30106","道路建設工事業","10~29","4","仮設物、建築物、構築物等","41","仮設物、建築物、構築物等","418","建築物、構築物","1","墜落、転落"
"734","2004","平成","16","6","9~10","削孔機を運搬するため、十字に2基設置されたケーブルクレーンを使用し、つり上げていたところ、固定ハンガーに荷上げワイヤーが引っ掛かり、約30m移動したとき、引っ掛かりが外れ、戻った荷が被災者に激突した。","3","建設業","301","土木工事業","30108","砂防工事業","10~29","2","物上げ装置、運搬機械","21","動力クレーン等","211","クレーン","6","激突され"
"735","2004","平成","16","8","10~11","購入した旋盤(重量1.5t)を工場内に設置するため、台車を使用し搬入していた時、工場入口のスロープ(勾配5度)を斜め(勾配3度)に、台車の取っ手部分を前方にして上らせていた。台車がそのスロープを上りきったとき、台車の荷台に載っていた旋盤が被災者の方へ傾き、そのまま旋盤の下敷きとなった。","1","製造業","111","非鉄金属製造業","11102","非鉄金属鋳物業","10~29","3","その他の装置等","36","人力機械工具等","362","人力運搬機","6","激突され"
"736","2004","平成","16","5","15~16","建方作業で、つなぎを設置するための敷きばりのほぞ穴の位置が約25センチメートルずれていたため、高さ3.6mの敷きばり(幅12センチメートル)の上で、正しい位置にほぞ穴を掘る作業中にバランスを崩してベタ基礎(コンクリートの土間)に墜落した。","3","建設業","302","建築工事業","30202","木造家屋建築工事業","1~9","4","仮設物、建築物、構築物等","41","仮設物、建築物、構築物等","415","屋根、はり、もや、けた、合掌","1","墜落、転落"
"737","2004","平成","16","3","10~11","下水道処理施設の地下1階の床面に敷かれた鉄板の取替え工事において、新品の鉄板を地上部1階から搬入するため被災者ほか1名が人力で地上部の床面の鉄板(1枚あたり重量約100キログラム)を取り外す作業を行っていたところ、バランスを崩して当該鉄板を外した開口部(約330センチメートル×110センチメートル)から約6メートル下の地下1階の床面へ墜落した。","3","建設業","303","その他の建設業","30302","機械器具設置工事業","10~29","4","仮設物、建築物、構築物等","41","仮設物、建築物、構築物等","416","作業床、歩み板","1","墜落、転落"
"738","2004","平成","16","3","9~10","木造家屋屋根の張替え工事において材料を手に持って脚立(最大高さ1.7m)を上っているときに、バランスを崩し、脚立から地上に墜落した。","3","建設業","302","建築工事業","30201","鉄骨・鉄筋コンクリート造家屋建築工事業","1~9","3","その他の装置等","37","用具","371","はしご等","1","墜落、転落"
"739","2004","平成","16","8","10~11","タクシーで走行中、途中のトンネル内の左カーブにおいて、左側歩道の縁石に衝突し、対向車線にはみ出し、対向走行のバスと正面衝突した。","4","運輸交通業","402","道路旅客運送業","40201","ハイヤー・タクシー業","100~299","2","物上げ装置、運搬機械","23","乗物","231","乗用車、バス、バイク","17","交通事故（道路）"
"740","2004","平成","16","9","10~11","伐倒および集材作業現場において、集材装置で木材を引き出していた際に、幹材の先端が地面に当たり、約6mの個所に退避していた被災者の方に振られて被災者に激突した。","6","農林業","602","林業","60201","木材伐出業","10~29","2","物上げ装置、運搬機械","21","動力クレーン等","217","機械集材装置、運材索道","6","激突され"
"741","2004","平成","16","9","10~11","工場内において、つり足場の解体作業を行っている際に、バランスを崩して約7m下の地面に墜落した。","1","製造業","112","金属製品製造業","11209","その他の金属製品製造業","1~9","4","仮設物、建築物、構築物等","41","仮設物、建築物、構築物等","411","足場","1","墜落、転落"
"742","2004","平成","16","12","11~12","ドラグ・ショベルの旋回台の上部部品を移動させる作業中、同部品が被災者の方へ崩れ、停めてあったフォークリフトと旋回台の上部部品の角との間に挟まれた。","1","製造業","113","一般機械器具製造業","11301","機械（精密機械を除く）器具製造業","30~49","6","荷","61","荷","611","荷姿の物","5","崩壊、倒壊"
"743","2004","平成","16","3","9~10","ヘリコプターに搭乗し、上空からカメラ取材していたところ、ヘリコプターが地面からの高さ150mの架空電路(77000V)の1本に接触し、機体の一部を損壊し、バランスを失って墜落した。","1","製造業","111","非鉄金属製造業","11101","非鉄金属精錬・圧延業","100~299","2","物上げ装置、運搬機械","23","乗物","239","その他の乗物","18","交通事故（その他）"
"744","2004","平成","16","3","9~10","ヘリコプターに搭乗し、上空からカメラ取材していたところ、ヘリコプターが地面からの高さ150mの架空電路(77000V)の1本に接触し、機体の一部を損壊し、バランスを失って墜落した。","10","映画・演劇業","1001","映画・演劇業","100101","映画製作・配給業","30~49","2","物上げ装置、運搬機械","23","乗物","239","その他の乗物","18","交通事故（その他）"
"745","2004","平成","16","8","5~6","トラックで高速自動車道のトンネル内の走行車線を走行中、前方を走っていた大型トラックに追突しそうになったため、追突を避けるため、右にハンドルを切ったが避け切れず、大型トラックの右後方に追突し、さらに右側壁に衝突し、はずみでトラックが横転した。","4","運輸交通業","403","道路貨物運送業","40301","一般貨物自動車運送業","1~9","2","物上げ装置、運搬機械","22","動力運搬機","221","トラック","17","交通事故（道路）"
"746","2004","平成","16","12","16~17","シロアリ駆除の営業のため、軽自動車を運転し、国道交差点を右折する際、直進車(トラック)と衝突した。","17","その他の事業","1702","その他の事業","170209","その他の事業－その他","1~9","2","物上げ装置、運搬機械","23","乗物","231","乗用車、バス、バイク","17","交通事故（道路）"
"747","2004","平成","16","5","16~17","赤松の伐採作業において、南側に倒そうと北側からチェーンソーで追口を入れる際に、チェーンソーがかんで動かなくなったため、東側から別のチェーンソーで切り込みを入れている時に西側に倒れ、15m離れた場所で既に伐倒したカラ松の枝払い作業をしていた被災者に激突した。","6","農林業","602","林業","60201","木材伐出業","1~9","7","環境等","71","環境等","712","立木等","6","激突され"
"748","2004","平成","16","9","11~12","砂利等製造プラントの清掃(機械設備にたまった砂利等の粉じんを除去するもの)作業中、動力伝導用ベルトとプーリーとの間に誤って巻き込まれた。","1","製造業","109","窯業土石製品製造業","10909","その他の土石製品製造業","1~9","1","動力機械","12","動力伝導機構","121","動力伝導機構","7","はさまれ、巻き込まれ"
"749","2004","平成","16","3","10~11","交通信号機改良工事において、運搬中に荷崩れした信号柱(直径20センチメートル、長さ9m、質量220キログラム)を荷台上で直そうとした際、トラックの前部支持台からこの柱が外れ、落下した弾みで柱の元口が跳ね上がり、被災者が元口部分を持っていたため、柱と一緒に荷台から転落し、柱の下敷きになった。","3","建設業","303","その他の建設業","30301","電気通信工事業","100~299","5","物質、材料","52","材料","521","金属材料","4","飛来、落下"
"750","2004","平成","16","11","5~6","鋳造機内の外型と上型の間に挟まれた。","1","製造業","115","輸送用機械等製造業","11502","自動車・同付属品製造業","500~999","1","動力機械","16","一般動力機械","169","その他の一般動力機械","7","はさまれ、巻き込まれ"
"751","2004","平成","16","9","8~9","個人住宅の庭木の枝切り作業で、アルミ製三脚の2段目に登り、約2mの高さの生垣の刈り込み作業を刈り込みバサミで行っていたところ、三脚の脚部の爪がコンクリート製の側溝の蓋で滑り、三脚が開いた衝撃で墜落した。","6","農林業","601","農業","60101","農業","1~9","3","その他の装置等","37","用具","371","はしご等","1","墜落、転落"
"752","2004","平成","16","7","12~13","しめじ製造工場において、しめじ培養用のビンの入ったコンテナ(16本入り、40×40×9センチメートル)を反転させて菌掻を行う菌掻機下部に落ちていたビンを拾おうとして、反転稼動部分に挟まれた。","1","製造業","101","食料品製造業","10109","その他の食料品製造業","10~29","1","動力機械","16","一般動力機械","169","その他の一般動力機械","7","はさまれ、巻き込まれ"
"753","2004","平成","16","10","20~21","乗用車で高速自動車道上り線を走行中、雨のためスリップして中央分離帯に衝突して180度反転して止まった。被災者らは、車外に出て後続車に事故発生を知らせるために本線上に立っていたところ、後続車の大型トラックにはねられた。","3","建設業","303","その他の建設業","30301","電気通信工事業","30~49","2","物上げ装置、運搬機械","22","動力運搬機","221","トラック","17","交通事故（道路）"
"754","2004","平成","16","1","23~24","圧力容器(使用圧力0.35MPa)が、充分に減圧されないうちに容器を開けたため、蓋が飛び、被災者を直撃した。","1","製造業","113","一般機械器具製造業","11305","その他の精密機械器具製造業","100~299","3","その他の装置等","31","圧力容器","312","圧力容器","4","飛来、落下"
"755","2004","平成","16","3","9~10","国道で発生した道路交通事故を上空から取材中のヘリコプターが、送電線に接触し約150m墜落した。","4","運輸交通業","401","鉄道・軌道・水運・航空業","40103","航空業","1~9","2","物上げ装置、運搬機械","23","乗物","239","その他の乗物","18","交通事故（その他）"
"756","2004","平成","16","3","9~10","国道で発生した道路交通事故を上空から取材中のヘリコプターが、送電線に接触し約150m墜落した。","4","運輸交通業","401","鉄道・軌道・水運・航空業","40103","航空業","1~9","2","物上げ装置、運搬機械","23","乗物","239","その他の乗物","18","交通事故（その他）"
"757","2004","平成","16","9","9~10","木造2階建て住宅新築工事現場において、被災者は高さ6.85mの個所に取り付けられた母屋(幅9センチメートル)または梁(幅12センチメートル)を足場にして2階天井部に仮置きされていた垂木を移動する作業を行っていたところ、コンクリートが打設された土間に墜落した。","3","建設業","302","建築工事業","30202","木造家屋建築工事業","1~9","4","仮設物、建築物、構築物等","41","仮設物、建築物、構築物等","415","屋根、はり、もや、けた、合掌","1","墜落、転落"
"758","2004","平成","16","9","14~15","3t冷凍冷蔵車を運転中、下り坂左カーブで、横転、右ガードレールに激突した。","4","運輸交通業","403","道路貨物運送業","40301","一般貨物自動車運送業","50~99","2","物上げ装置、運搬機械","22","動力運搬機","221","トラック","17","交通事故（道路）"
"759","2004","平成","16","1","0~1","トリクロルエチレンの入っていた洗浄槽(縦1.0m×横2.5m×高さ1.2m)内に入り、作業中、洗浄槽内に滞留していた高濃度のトリクロルエチレン蒸気にばく露し、急性有機溶剤中毒となった。","1","製造業","113","一般機械器具製造業","11301","機械（精密機械を除く）器具製造業","10~29","5","物質、材料","51","危険物、有害物等","514","有害物","12","有害物等との接触"
"760","2004","平成","16","3","0~1","自動車で走行中、道路右側の石積みへ衝突した後、左へ横転し炎上した。","13","保健・衛生業","1301","医療保健業","130101","病院","100~299","2","物上げ装置、運搬機械","23","乗物","231","乗用車、バス、バイク","17","交通事故（道路）"
"761","2004","平成","16","8","19~20","倉庫の雨漏りの修理のため、倉庫の屋根に上り、波板鉄板の取替え作業終了後、屋根からはしごを使用し順番に降りているとき、屋根上でよろけ、屋根の端から5.4m墜落した。","14","接客娯楽業","1403","その他の接客娯楽業","140301","ゴルフ場","10~29","4","仮設物、建築物、構築物等","41","仮設物、建築物、構築物等","415","屋根、はり、もや、けた、合掌","1","墜落、転落"
"762","2004","平成","16","11","9~10","霊園内において、土砂運搬を行うため、石材運搬車を操作していたところ、運転操作を誤り、石材運搬車が後退してきて、石材運搬車と被災者の背後に駐車していた2tトラックとの間に挟まれた。","1","製造業","109","窯業土石製品製造業","10909","その他の土石製品製造業","1~9","2","物上げ装置、運搬機械","22","動力運搬機","229","その他の動力運搬機","6","激突され"
"763","2004","平成","16","3","14~15","フォークリフトにより荷の積み込み作業を行っていたところ、フォークリフト上の荷が崩れ、一時運転席を離れて、フォークリフトの近くにいた被災者に落下した。","5","貨物取扱業","501","陸上貨物取扱業","50101","陸上貨物取扱業","1~9","6","荷","61","荷","611","荷姿の物","4","飛来、落下"
"764","2004","平成","16","8","2~3","4t車で高速道を走行中、前方を走行中のトレーラーに追突した。","4","運輸交通業","403","道路貨物運送業","40303","貨物軽自動車運送業","1~9","2","物上げ装置、運搬機械","22","動力運搬機","221","トラック","17","交通事故（道路）"
"765","2004","平成","16","8","11~12","軽四輪貨物車を運転中、対向の2tトラックが、車線をはみ出したため、正面衝突した。","17","その他の事業","1702","その他の事業","170209","その他の事業－その他","1~9","2","物上げ装置、運搬機械","23","乗物","231","乗用車、バス、バイク","17","交通事故（道路）"
"766","2004","平成","16","9","20~21","製品(総重量約300キログラム)を仮置場から所定置場へフォークリフト(最大荷重1.5t)を使用して運搬する作業中、砂地に右側車輪が脱輪した。そのため、友人に事業場のトラック(積載荷重2t)にロープをかけて引っ張ってもらい、自らはフォークリフトの運転席に座って脱出を試みたところ、砂地から脱出したはずみでフォークリフトが車体左側に転倒し、被災者はヘッドガードと地面の間に挟まれた。","8","商業","801","卸売業","80109","その他の卸売業","10~29","2","物上げ装置、運搬機械","22","動力運搬機","222","フォークリフト","2","転倒"
"767","2004","平成","16","2","20~21","大型自動二輪を運転中、進行方向右側から国道に出てきた乗用車の左後部に衝突した。","8","商業","802","小売業","80209","その他の小売業","10~29","2","物上げ装置、運搬機械","23","乗物","231","乗用車、バス、バイク","17","交通事故（道路）"
"768","2004","平成","16","10","6~7","国道を原動機付自転車で走行していたところ、対向車線を走行する軽自動車が、突然右折をし、被災者に激突した。","8","商業","802","小売業","80205","新聞販売業","10~29","2","物上げ装置、運搬機械","23","乗物","231","乗用車、バス、バイク","17","交通事故（道路）"
"769","2004","平成","16","1","0~1","コンテナ着脱装置付トラック修理後の試運転中、被災者は、燃料タンクとサイドバンパーの間に立ち、オイルポンプの音を上から聞いていたところ、下降してきたミドルフレームについているチルトセンサーに挟まれた。","1","製造業","115","輸送用機械等製造業","11502","自動車・同付属品製造業","1~9","2","物上げ装置、運搬機械","22","動力運搬機","221","トラック","7","はさまれ、巻き込まれ"
"770","2004","平成","16","4","4~5","グレーチング(側溝に被せる鋼製の格子蓋)の製造工程において主部材(格子になる鋼帯)とらせん状の綱棒を圧接(加圧して電気溶接)する機械を管理する被災者が何らかの理由により圧接部と圧接された製品を引き出す台車との間に入っていたところ、製品を引き出した台車が圧接部に戻ってきたため、圧接部と台車の間に挟まれ死亡した。","1","製造業","112","金属製品製造業","11209","その他の金属製品製造業","10~29","1","動力機械","15","金属加工用機械","159","その他の金属加工用機械","7","はさまれ、巻き込まれ"
"771","2004","平成","16","3","19~20","客1人をタクシーに乗せ、市道上で停車して降ろそうとしたとき、同客が売上金を奪う目的で、被災者を包丁で刺した。","4","運輸交通業","402","道路旅客運送業","40201","ハイヤー・タクシー業","50~99","9","その他","91","その他の起因物","911","その他の起因物","90","その他"
"772","2004","平成","16","1","9~10","以前、主に天井、壁等に使用する不燃建築材であるケイ酸カルシウム板の製造に従事し、その原料である石綿にばく露したことにより腹膜悪性中皮腫となった。","1","製造業","109","窯業土石製品製造業","10909","その他の土石製品製造業","100~299","5","物質、材料","51","危険物、有害物等","514","有害物","12","有害物等との接触"
"773","2004","平成","16","5","15~16","電柱立替工事現場において被災者が交通誘導を行っていた際、高所作業車が次の場所へ移動したため、急いで後を追いかけていたときに転倒した。","17","その他の事業","1702","その他の事業","170201","警備業","100~299","4","仮設物、建築物、構築物等","41","仮設物、建築物、構築物等","417","通路","2","転倒"
"774","2004","平成","16","1","16~17","配達のためトラックで県道を走行中、被災者の運転する車がセンターラインを越えて反対車線側に進入し対向車線を走行中の大型ダンプ車に正面衝突した。","4","運輸交通業","403","道路貨物運送業","40301","一般貨物自動車運送業","10~29","2","物上げ装置、運搬機械","22","動力運搬機","221","トラック","17","交通事故（道路）"
"775","2004","平成","16","7","8~9","事故当時、被災者は一人で2階梁鉄骨のボルトの本締め作業中、バランスをくずして高さ3.4mから墜落した。","3","建設業","302","建築工事業","30201","鉄骨・鉄筋コンクリート造家屋建築工事業","1~9","4","仮設物、建築物、構築物等","41","仮設物、建築物、構築物等","418","建築物、構築物","1","墜落、転落"
"776","2004","平成","16","7","14~15","伐倒された杉の枝払いをチェーンソーで行い、枝払いの終わった同材の元から約13m位置の幹を玉切りした後、同材の下側で、枝払いした材の処理等を行っていた時、この玉切り材(長さ約13m)が滑動して、被災者に激突した。","6","農林業","602","林業","60201","木材伐出業","1~9","7","環境等","71","環境等","712","立木等","6","激突され"
"777","2004","平成","16","5","15~16","被災者が軽貨物自動車で夕刊を配達中、信号のない交差点を直進していたところ、横から来たワゴン車と出会い頭に衝突した。","8","商業","802","小売業","80205","新聞販売業","10~29","2","物上げ装置、運搬機械","23","乗物","231","乗用車、バス、バイク","17","交通事故（道路）"
"778","2004","平成","16","9","15~16","フォークリフトで倉庫から坂道を下って行き、ほぼ坂を下りきったあたりで曲がろうとした際、フォークリフトが横転し投げ出された。","8","商業","801","卸売業","80109","その他の卸売業","1~9","2","物上げ装置、運搬機械","22","動力運搬機","222","フォークリフト","2","転倒"
"779","2004","平成","16","2","13~14","パソコンサポートカウンターにおいてアルバイトに対する稼動計画を作成中、床に倒れ意識を失った。","8","商業","801","卸売業","80101","各種商品卸売業","50~99","9","その他","91","その他の起因物","911","その他の起因物","90","その他"
"780","2004","平成","16","11","8~9","事務所の階段を2階から3階に上る途中、足を踏みはずし転落した。","17","その他の事業","1702","その他の事業","170209","その他の事業－その他","10~29","4","仮設物、建築物、構築物等","41","仮設物、建築物、構築物等","413","階段、桟橋","1","墜落、転落"
"781","2004","平成","16","12","8~9","普通貨物車(バン)を運転し、高速道路線を走行中、中央分離帯に接触し、反動で反対(左)側のガードレールに激突反転し、車外に放り出された。","1","製造業","113","一般機械器具製造業","11301","機械（精密機械を除く）器具製造業","10~29","2","物上げ装置、運搬機械","23","乗物","231","乗用車、バス、バイク","17","交通事故（道路）"
"782","2004","平成","16","9","14~15","貨物トラックを運転中、高速道路分離帯に衝突し乗っていた車両が炎上した。","1","製造業","113","一般機械器具製造業","11301","機械（精密機械を除く）器具製造業","100~299","2","物上げ装置、運搬機械","22","動力運搬機","221","トラック","17","交通事故（道路）"
"783","2004","平成","16","1","6~7","新聞配達を終了して、ミニバイクで販売所に戻る途中に、信号のない市道で側方から来た乗用車と出会い頭に衝突した。","8","商業","802","小売業","80205","新聞販売業","1~9","2","物上げ装置、運搬機械","23","乗物","231","乗用車、バス、バイク","17","交通事故（道路）"
"784","2004","平成","16","1","8~9","被災者が高さ3.5mの所につり下げてあるくす球(直径90センチメートル重さ8キログラム)を、単独うま足場の最上部(高さ2.14m)に上り、つり下げてある金具から外そうとしたところ、簡単に外れなかったため、片足を上げてくす玉を浮かせようとしたところ、バランスを崩してうまからコンクリートの床に転落した。","9","金融・広告業","902","広告・あっせん業","90209","その他の広告・あっせん業","10~29","3","その他の装置等","37","用具","371","はしご等","1","墜落、転落"
"785","2004","平成","16","3","3~4","トラックで国道を走行中に、チェーン装着のために国道上に停車していた別のトラック後部に追突した。","4","運輸交通業","403","道路貨物運送業","40301","一般貨物自動車運送業","1~9","2","物上げ装置、運搬機械","22","動力運搬機","221","トラック","17","交通事故（道路）"
"786","2004","平成","16","8","10~11","被災者は、中古衣料梱包機で、中古衣料の圧縮作業に一人で従事していたが、同機械のベルトコンベアーが空荷の際に発する異音を出したことに気づいた同僚が、機械を停止して被災者を探したところ、被災者がホッパー下部のプーリー部分で発見された。","1","製造業","103","衣服その他の繊維製品製造業","10309","その他の繊維製品製造業","10~29","2","物上げ装置、運搬機械","22","動力運搬機","224","コンベア","7","はさまれ、巻き込まれ"
"787","2004","平成","16","7","7~8","木造平屋倉庫新築現場において、屋根の瓦葺き工事を行うために、既に設置されていた丸太足場の点検をするために、被災者が足場板に乗って点検していたところ、固定されていなかった足場板が腕木から外れ、足場板と共に約5m墜落した。","3","建設業","302","建築工事業","30202","木造家屋建築工事業","1~9","4","仮設物、建築物、構築物等","41","仮設物、建築物、構築物等","411","足場","1","墜落、転落"
"788","2004","平成","16","11","16~17","再破砕工場の設備を巡回中、スクリーンで分けられた砕石(粒径20ミリメートル~40ミリメートル)を破砕機に搬送するベルトコンベア(長さ約25m)の後部プーリーの回転軸に巻き込まれた。","1","製造業","109","窯業土石製品製造業","10909","その他の土石製品製造業","10~29","2","物上げ装置、運搬機械","22","動力運搬機","224","コンベア","7","はさまれ、巻き込まれ"
"789","2004","平成","16","12","9~10","電子機器の原材料(粉体)からトルエンを乾燥除去する工程において、テルハでつり下げられた当該原材料の入ったフレコンの底を広げて、乾燥タンクのマンホールから投入していたところ、爆発火災が発生した。","1","製造業","108","化学工業","10801","無機・有機化学工業製品製造業","30~49","5","物質、材料","51","危険物、有害物等","512","引火性の物","14","爆発"
"790","2004","平成","16","2","8~9","建設機材倉庫敷地において、倉庫整理係の被災者がショベルローダーを運転して敷地内の除雪作業中、ショベルローダーが猛烈なスピードでバック走行し、運転席が倉庫内の中2階の梁に激突したため、運転席が押しつぶされ、運転席の天井部分で挟まれた。","3","建設業","301","土木工事業","30199","その他の土木工事業","50~99","2","物上げ装置、運搬機械","22","動力運搬機","225","ローダー","3","激突"
"791","2004","平成","16","5","9~10","護岸用コンクリートブロックの製造ラインにある自動金型脱型装置において、運転状態のまま脱型装置の中に入り、製品が入った型枠の位置修正をしていたところ、脱型装置のアームが下降したため、当該アームと金型の間に挟まれた。","1","製造業","109","窯業土石製品製造業","10901","セメント・同製品製造業","10~29","1","動力機械","16","一般動力機械","167","産業用ロボット","7","はさまれ、巻き込まれ"
"792","2004","平成","16","5","9~10","資源リサイクルセンター内に設置されているゴミ焼却施設の一部となる廃熱ボイラの性能検査を受けるための清掃および点検作業中、開放された気水ドラムの中でスプレー式の染色浸透探傷剤で溶接個所のカラーチェックを行った後に、缶内で爆発が発生したため、気水ドラム外側マンホール付近にいた被災者が爆風で吹き飛ばされた。","3","建設業","303","その他の建設業","30302","機械器具設置工事業","1~9","5","物質、材料","51","危険物、有害物等","513","可燃性のガス","14","爆発"
"793","2004","平成","16","4","11~12","車を運転中、ハンドル操作を誤り車が横転し、車外に放り出された。","14","接客娯楽業","1401","旅館業","140101","旅館業","1~9","2","物上げ装置、運搬機械","23","乗物","231","乗用車、バス、バイク","17","交通事故（道路）"
"794","2004","平成","16","4","17~18","アスファルトフィニッシャーの運搬作業中、舗装工事現場近くの下り坂に停車したトラックにアスファルトフィニッシャーを積み込み、トラック横で積荷の確認作業中にトラックが動き出し、被災者がトラックの横を追いかけて走っているときにトラックの後輪に巻き込まれた。","4","運輸交通業","403","道路貨物運送業","40309","その他の道路貨物運送業","10~29","2","物上げ装置、運搬機械","22","動力運搬機","221","トラック","7","はさまれ、巻き込まれ"
"795","2004","平成","16","8","14~15","ダンプカーで国道を走行中、前方で右折するため停車中のトラックに追突した。","3","建設業","301","土木工事業","30199","その他の土木工事業","10~29","2","物上げ装置、運搬機械","22","動力運搬機","221","トラック","17","交通事故（道路）"
"796","2004","平成","16","7","5~6","軽自動車で国道を走行中、方向指示器を点滅させて右折待ちをしていたところに、後方からきた8tトラックに追突され、対向車線に押し出された。その時、対向車線を直進してきたトラックと正面衝突した。","8","商業","802","小売業","80205","新聞販売業","10~29","2","物上げ装置、運搬機械","22","動力運搬機","221","トラック","17","交通事故（道路）"
"797","2004","平成","16","3","16~17","農業排水路の整備作業のため、排水路に小型ドラグ・ショベルと不整地運搬車を入れて水路に堆積した土を運搬中、コンクリート製の橋の下部に不整地運搬車のシートがぶつかって持ち上がり、バーハンドルに挟まれた。","3","建設業","301","土木工事業","30199","その他の土木工事業","10~29","2","物上げ装置、運搬機械","22","動力運搬機","227","不整地運搬車","3","激突"
"798","2004","平成","16","10","15~16","会社の資材置き場で、製材所へ持っていく丸太をトラックに載せるため、つり上げ荷重4.8tのトラッククレーンで運ぶ作業を行っていた際、直径50センチメートルの赤松をつり上げるため、ワイヤーを使って片方の端を持ち上げ、角材を丸太の両側からかました後、2本つりの準備作業をしていたところ、角材を支えていた別の丸太が動き、運ぼうとした丸太を持ち上がったため被災者は丸太とともに地面に墜落した。","1","製造業","104","木材・木製品製造業","10401","製材業","1~9","5","物質、材料","52","材料","522","木材、竹材","5","崩壊、倒壊"
"799","2004","平成","16","2","16~17","トラックへの材木の積込作業中、被災者が荷台に積まれた材木上で整理を行っていたところ、足を滑らせ1.7mほど転落した。","3","建設業","302","建築工事業","30202","木造家屋建築工事業","1~9","5","物質、材料","52","材料","522","木材、竹材","1","墜落、転落"
"800","2004","平成","16","9","7~8","高速道のガードレール脇で規制作業の準備を行っていたところ、走行してきた一般車のトラックが被災者に激突した。","17","その他の事業","1702","その他の事業","170209","その他の事業－その他","1~9","2","物上げ装置、運搬機械","22","動力運搬機","221","トラック","17","交通事故（道路）"
"801","2004","平成","16","7","7~8","トラックで高速道を走行中、自動車道対向車線に飛び出し、対面から走行してきた乗用車と正面衝突した。","3","建設業","302","建築工事業","30201","鉄骨・鉄筋コンクリート造家屋建築工事業","10~29","2","物上げ装置、運搬機械","22","動力運搬機","221","トラック","17","交通事故（道路）"
"802","2004","平成","16","7","7~8","トラックで高速道を走行中、自動車道対向車線に飛び出し、対面から走行してきた乗用車と正面衝突した。","3","建設業","302","建築工事業","30201","鉄骨・鉄筋コンクリート造家屋建築工事業","10~29","2","物上げ装置、運搬機械","22","動力運搬機","221","トラック","17","交通事故（道路）"
"803","2004","平成","16","1","3~4","トラックを運転し国道を走行中、前方を走っていたトラックが急停車したため後続の車が次々に巻き込まれ衝突し、そのうちの1台に追突した。","4","運輸交通業","403","道路貨物運送業","40301","一般貨物自動車運送業","100~299","2","物上げ装置、運搬機械","22","動力運搬機","221","トラック","17","交通事故（道路）"
"804","2004","平成","16","4","13~14","浴衣の生地の水洗を行う機械(ソーパー)を操作していた被災者が、生地の送りロール上のしわを伸ばそうとしたところ、機械のローラー駆動の動力伝達のためのシャフトの繋ぎ部分のフランジに作業服を巻き込まれて、当該シャフトと水槽等に挟まれた。","1","製造業","102","繊維工業","10204","染色整理業","1~9","1","動力機械","12","動力伝導機構","121","動力伝導機構","7","はさまれ、巻き込まれ"
"805","2004","平成","16","5","15~16","道路拡幅工事現場において路盤を振動ローラーで転圧作業中に、振動ローラーと停車中のダンプカーに挟まれた。","3","建設業","301","土木工事業","30106","道路建設工事業","10~29","1","動力機械","14","建設機械等","144","締固め用機械","7","はさまれ、巻き込まれ"
"806","2004","平成","16","8","4~5","トラックで国道を走行中、前に止まっていたトラックに追突した。","4","運輸交通業","403","道路貨物運送業","40301","一般貨物自動車運送業","10~29","2","物上げ装置、運搬機械","22","動力運搬機","221","トラック","17","交通事故（道路）"
"807","2004","平成","16","9","17~18","工場内で、ホイスト式天井クレーンを用いて、荷(鉄パイプの束、約800キログラム)を荷置き場に移動し、下ろそうとしたところ、リモコン操作(無線式)を誤り、つり上げていた荷が被災者に激突した。","1","製造業","112","金属製品製造業","11209","その他の金属製品製造業","10~29","2","物上げ装置、運搬機械","21","動力クレーン等","211","クレーン","6","激突され"
"808","2004","平成","16","10","11~12","公営住宅の改修工事において、枠組み足場からパネル部材を滑車で下ろす作業をしていたところ、滑車に取り付けられた同部材を足場外側へ押し出したはずみに地上へ墜落した。","3","建設業","302","建築工事業","30209","その他の建築工事業","1~9","4","仮設物、建築物、構築物等","41","仮設物、建築物、構築物等","411","足場","1","墜落、転落"
"809","2004","平成","16","10","13~14","トラックを運転中、渋滞で停止していた前のトラックに追突した。","4","運輸交通業","403","道路貨物運送業","40301","一般貨物自動車運送業","1~9","2","物上げ装置、運搬機械","22","動力運搬機","221","トラック","17","交通事故（道路）"
"810","2004","平成","16","11","16~17","フォークリフトのマスト下部にある油圧ホース接続部分からのオイル漏れを修理していたところ、マストを支えていた角材が外れ、マストおよびフォークが最下部まで落下し、フォーク部分に挟まれた。","8","商業","802","小売業","80202","自動車小売業","10~29","2","物上げ装置、運搬機械","22","動力運搬機","222","フォークリフト","4","飛来、落下"
"811","2004","平成","16","6","11~12","バスの誘導を行う業務中に、熱中症を発症した。","17","その他の事業","1702","その他の事業","170201","警備業","100~299","7","環境等","71","環境等","719","その他の環境等","90","その他"
"812","2004","平成","16","11","16~17","型枠解体作業終了後、使用していたベニヤ板を搬出する作業中に、パイプサポートに立てかけていた900ミリメートル×1800ミリメートルのベニヤ板40枚が倒壊し、その下敷きとなった。","3","建設業","302","建築工事業","30201","鉄骨・鉄筋コンクリート造家屋建築工事業","1~9","5","物質、材料","52","材料","522","木材、竹材","5","崩壊、倒壊"
"813","2004","平成","16","12","11~12","衣服のクリーニング作業中、乾燥機とトラバーサに挟まれた。","1","製造業","117","その他の製造業","11703","クリーニング業","10~29","1","動力機械","16","一般動力機械","169","その他の一般動力機械","7","はさまれ、巻き込まれ"
"814","2004","平成","16","1","9~10","引越作業で大型冷蔵庫を搬出するため、2階の窓からスカイポーターのキャリア(あおりを倒し、フラットにした状態)に乗せようと、大型冷蔵庫を4人の作業者が2階から押し、被災者ともう1人の作業者がキャリアの上で引っぱり、大型冷蔵庫をキャリアに乗せる作業をしていたとき、被災者がキャリアから墜落した。","4","運輸交通業","403","道路貨物運送業","40301","一般貨物自動車運送業","30~49","2","物上げ装置、運搬機械","22","動力運搬機","229","その他の動力運搬機","1","墜落、転落"
"815","2004","平成","16","4","4~5","国道のバイパスインターから本線に合流しようとした被災者運転の乗用車が加速車線に駐車していた大型トレーラーに追突し、乗用車はその反動で下り本線を走っていた大型トレーラーに衝突した。","8","商業","802","小売業","80209","その他の小売業","1~9","2","物上げ装置、運搬機械","23","乗物","231","乗用車、バス、バイク","17","交通事故（道路）"
"816","2004","平成","16","6","16~17","林道から治山工事現場付近まで敷設した単軌条運搬機の点検作業を3名で実施し、点検作業が終了して3名で当該運搬機に乗り、回収したレールを積んで林道に戻る途中、46度の斜面を上っていたところ、運搬機がレール上約17m滑落、立木に激突し1名が死亡した。","3","建設業","301","土木工事業","30108","砂防工事業","10~29","2","物上げ装置、運搬機械","22","動力運搬機","229","その他の動力運搬機","3","激突"
"817","2004","平成","16","12","8~9","車両積載形トラッククレーンの荷台から鉄筋の束を下ろすため移動式クレーン運転者が荷台から無線操作をし鉄筋をつり上げブームを旋回させたところ、定格荷重を超えていたため車両積載形トラッククレーンが転倒し、玉外しを行うため現場内にいた被災者にブームの先端が激突、倒れたブームの下敷きになった。","3","建設業","302","建築工事業","30201","鉄骨・鉄筋コンクリート造家屋建築工事業","10~29","2","物上げ装置、運搬機械","21","動力クレーン等","212","移動式クレーン","6","激突され"
"818","2004","平成","16","2","11~12","片側2車線で上り線が緩い下り坂の右カーブのにおいて、被災者がトラックを運転していたところ、対向車線を走行していたトレーラーが中央分離帯を乗り越え被災者のトラックに正面衝突した。","4","運輸交通業","403","道路貨物運送業","40301","一般貨物自動車運送業","30~49","2","物上げ装置、運搬機械","22","動力運搬機","221","トラック","17","交通事故（道路）"
"819","2004","平成","16","2","9~10","建物の解体工事における飛散防止養生のため、布枠を足がかりに登り、足場板に乗ったところ、足場板が外れたため、その拍子で8.7m下のアスファルトの上に墜落した。","3","建設業","302","建築工事業","30209","その他の建築工事業","10~29","4","仮設物、建築物、構築物等","41","仮設物、建築物、構築物等","411","足場","1","墜落、転落"
"820","2004","平成","16","1","15~16","マフラー工場レイアウト変更工事において、バフ機を1階から2階へ移設し、ベースの調整のためバールで押し上げたところ、ベースの調整を行っていた被災者にバフ機がバランスを崩して転倒して、被災者が挟まれた。","5","貨物取扱業","501","陸上貨物取扱業","50101","陸上貨物取扱業","1~9","6","荷","61","荷","612","機械装置","5","崩壊、倒壊"
"821","2004","平成","16","3","13~14","軽自動車を運転して県道を走行していたところ、対向車線をはみ出した軽乗用車と正面衝突した。","3","建設業","302","建築工事業","30202","木造家屋建築工事業","1~9","2","物上げ装置、運搬機械","23","乗物","231","乗用車、バス、バイク","17","交通事故（道路）"
"822","2004","平成","16","4","9~10","フォークリフトに、自動車部品を入れたボックスパレットを4段積みにし、工場内の通路を作業者が後ろ向きで運転していたところ、通路に面して設けられている休憩場付近でボックスパレットが崩壊し、休憩場にいた被災者を、崩壊したボックスパレットが直撃した。","1","製造業","115","輸送用機械等製造業","11502","自動車・同付属品製造業","300~499","2","物上げ装置、運搬機械","22","動力運搬機","222","フォークリフト","5","崩壊、倒壊"
"823","2004","平成","16","8","16~17","前日の大雨によりバンカーに土が侵入したため、三輪バギー車に廃土板、ならし装置を取り付けた車両を使って、被災者が単独でバンカーのならし作業を行っていたところ、左後輪が斜面に乗り上げ横転し、運転席から投げ出された被災者が下敷きとなった。","17","その他の事業","1702","その他の事業","170209","その他の事業－その他","1~9","1","動力機械","16","一般動力機械","169","その他の一般動力機械","2","転倒"
"824","2004","平成","16","9","20~21","ドラムに巻かれている電線を指定寸法に巻きなおす検尺工程において、指定寸法に切り終えた後の残線処理を元のサプライドラムに巻き取る作業中、巻き取りドラムの回転速度が通常より4倍ほど速く設定されていたため、電線を巻き取るためにスイッチを入れたところ、高速で巻き取りだし、手に持っていた残線に引っ張られドラムの反対側に投げ飛ばされた。","1","製造業","111","非鉄金属製造業","11109","その他の非鉄金属製造業","50~99","1","動力機械","16","一般動力機械","163","ロール機（印刷ロール機を除く。）","3","激突"
"825","2004","平成","16","5","6~7","大麦を積載した大型トレーラー(30t)を運転し、国道を走行中、下りのカーブで横転した。","4","運輸交通業","403","道路貨物運送業","40301","一般貨物自動車運送業","30~49","2","物上げ装置、運搬機械","22","動力運搬機","221","トラック","17","交通事故（道路）"
"826","2004","平成","16","4","23~24","トラックを運転し、高速道路を走行中、トンネル入口のトンネル側面に衝突した。","4","運輸交通業","403","道路貨物運送業","40301","一般貨物自動車運送業","50~99","2","物上げ装置、運搬機械","22","動力運搬機","221","トラック","17","交通事故（道路）"
"827","2004","平成","16","11","15~16","ロープウエイのゴンドラに接触するおそれのある木をチェーンソーを使用して伐採する作業中に、被災者が直径22センチメートルの木に切り口を入れたが思うように倒れなかったために手で押して倒そうとしたところ、他の木に引っかかり斜面下に落とすことができずさらに木を押していたところ、勢い余ってバランスを崩し約36m下まで墜落した。","4","運輸交通業","401","鉄道・軌道・水運・航空業","40101","鉄道・軌道業","10~29","7","環境等","71","環境等","711","地山、岩石","1","墜落、転落"
"828","2004","平成","16","1","11~12","会議室改修工事において、冷暖房用のダクトを取り外すため、ダクトを囲むコンクリート壁を解体中、コンクリート壁の下部のはつりが終わったため一時作業を中断しようと移動を開始した直後、突然東側のコンクリート壁が倒壊し下敷きとなった。","3","建設業","302","建築工事業","30201","鉄骨・鉄筋コンクリート造家屋建築工事業","10~29","4","仮設物、建築物、構築物等","41","仮設物、建築物、構築物等","418","建築物、構築物","5","崩壊、倒壊"
"829","2004","平成","16","1","10~11","4階建てビルの屋上防水工事において、屋上ペントハウス部の外壁を塗装作業をしていた被災者が、ビルの屋上(高さ約12m)端部に脚立を設置し、ペントハウス西側の上部の壁を塗ろうと脚立に登ったところ、突風にあおられ、はしごから転落し、そのまま屋上から地上に墜落した。","3","建設業","302","建築工事業","30209","その他の建築工事業","1~9","3","その他の装置等","37","用具","371","はしご等","1","墜落、転落"
"830","2004","平成","16","3","9~10","森林内で、間伐材の伐採および造材中、伐採した木が被災者を直撃した。","6","農林業","602","林業","60201","木材伐出業","10~29","7","環境等","71","環境等","712","立木等","6","激突され"
"831","2004","平成","16","3","11~12","風倒木の除去作業中に木が折れ、反動で路上に転落した。","17","その他の事業","1702","その他の事業","170209","その他の事業－その他","10~29","7","環境等","71","環境等","712","立木等","1","墜落、転落"
"832","2004","平成","16","4","9~10","ごみの焼却場施設で、被災者の姿が見えないため、全員で探し回ったところ、深さ7.5mのごみ投入ピットに被災者が仰向けで倒れているのが発見された。","15","清掃・と畜業","1501","清掃・と畜業","150103","その他の廃棄物処理業","1~9","4","仮設物、建築物、構築物等","41","仮設物、建築物、構築物等","414","開口部","1","墜落、転落"
"833","2004","平成","16","5","13~14","採石場において、採取し破砕された土石を積載した10tダンプトラックを運転し、構内の中腹にある土石選別プラントに運ぶため、山道を下っていたところ、運転操作を誤り、ダンプトラックが山腹に突っ込み横転し、そのはずみで被災者は車外に投げ出された。","2","鉱業","202","土石採取業","20201","採石業","10~29","2","物上げ装置、運搬機械","22","動力運搬機","221","トラック","3","激突"
"834","2004","平成","16","6","16~17","電柱建替に伴う民家への低圧(100V)引込線切り替え作業において、電柱(鋼製)上で作業中感電した。","3","建設業","303","その他の建設業","30301","電気通信工事業","10~29","3","その他の装置等","35","電気設備","351","送配電線等","13","感電"
"835","2004","平成","16","7","11~12","お寺の墓地内で墓石を設置する作業において、墓地の斜面にアルミ製の道板(登坂用具)を敷いて、クローラ型の運搬車に重さ約300キログラムの墓石を積んで運転者が後ろ向きで進行中(斜度約26.5度)、突然、運搬車の運転操作側のクローラが浮き上がりそのまま後ろ向きに転倒し、運搬車の脇にいた被災者に激突した。","3","建設業","301","土木工事業","30199","その他の土木工事業","1~9","2","物上げ装置、運搬機械","22","動力運搬機","229","その他の動力運搬機","6","激突され"
"836","2004","平成","16","9","16~17","屋外に保管したファブデッキにはしごで登り、ブルーシートをかけなおす際に、高さ3.15mのファブデッキ上部より墜落した。","1","製造業","112","金属製品製造業","11209","その他の金属製品製造業","10~29","6","荷","61","荷","611","荷姿の物","1","墜落、転落"
"837","2004","平成","16","10","21~22","用水路において、台風による増水に備えた特別な措置を通常措置に戻す作業に従事していたところ、誤って川に転落した。","7","畜産・水産業","702","水産業","70209","その他の水産業","1~9","7","環境等","71","環境等","713","水","3","激突"
"838","2004","平成","16","1","10~11","トラックの荷台のシートをはずしている際、足を引っ掛けて転落した。","4","運輸交通業","403","道路貨物運送業","40301","一般貨物自動車運送業","1~9","2","物上げ装置、運搬機械","22","動力運搬機","221","トラック","1","墜落、転落"
"839","2004","平成","16","4","10~11","ウォッシャーの洗浄工事において、被災者がスプレーガンでドラムの高圧洗浄をするためにスクリューコンベアの上に乗り、同僚がドラムの回転スイッチを入れようとしたところ、誤ってスクリューコンベアのスイッチを入れたため、被災者がスクリューコンベアに巻き込まれた。","15","清掃・と畜業","1501","清掃・と畜業","150109","その他の清掃・と畜業","30~49","1","動力機械","16","一般動力機械","169","その他の一般動力機械","7","はさまれ、巻き込まれ"
"840","2004","平成","16","4","11~12","葬儀場館内の清掃を行おうと床に洗剤をまき、洗浄機で洗っていたところ、配達先から戻ってきた被災者が洗剤で足を滑らせ転倒した。","17","その他の事業","1702","その他の事業","170209","その他の事業－その他","30~49","4","仮設物、建築物、構築物等","41","仮設物、建築物、構築物等","419","その他の仮設物、建築物、構築物等","2","転倒"
"841","2004","平成","16","5","12~13","貨物船で運ばれたパルプを岸壁に降ろすため船に設置された揚貨装置を運転していたが、運転を他の者と交替した後、運転を再開した揚貨装置が急に止まったので調べたところ、クレーンガーター上の非常停止装置レバーが「ON」となり被災者が倒れていた。","5","貨物取扱業","502","港湾運送業","50202","港湾荷役業","100~299","2","物上げ装置、運搬機械","21","動力クレーン等","215","揚貨装置","6","激突され"
"842","2004","平成","16","5","10~11","新聞紙を原料として、粉砕機により綿状パルプ(2~3ミリメートル)を製造するラインで、2次粉砕機(1次粉砕機により2.5センチメートル×5~8センチメートルに粉砕されたものを綿状パルプに加工するもの)の内部で金属片による火花が発生し、爆発して引火した綿状パルプが吹き出した。","1","製造業","106","パルプ・紙・紙加工品製造業","10602","紙加工品製造業","10~29","1","動力機械","16","一般動力機械","169","その他の一般動力機械","14","爆発"
"843","2004","平成","16","7","15~16","プラスチック材料の入ったフレコンバックを巻き上げ機でつり、材料搬入用の容器上に下ろす作業において、フォークリフトに載せたフレコンバックを、材料搬入用容器の上方に置きフォークリフトの運転席と、マストとの間から身をのり出し、荷かけをしようとした際に、後傾したバックレストと運転席の枠に挟まれた。","1","製造業","108","化学工業","10805","プラスチック製品製造業","50~99","2","物上げ装置、運搬機械","22","動力運搬機","222","フォークリフト","7","はさまれ、巻き込まれ"
"844","2004","平成","16","8","13~14","燃料パイプ製造工場において、部品を中2階から1階へ下ろすため簡易リフト(積載過重約1t)に部品を入れた台車を乗せてたが、台車が昇降路のアングルに引っかかり、搬器が停止した。他の労働者がバールでひっかかり部分を外したところ、急に搬器が落下し、中2階で作業を見ていた被災者が搬器の枠と中2階の床に挟まれた。","1","製造業","115","輸送用機械等製造業","11502","自動車・同付属品製造業","100~299","2","物上げ装置、運搬機械","21","動力クレーン等","214","エレベータ、リフト","7","はさまれ、巻き込まれ"
"845","2004","平成","16","8","11~12","トラックを運転して搬入した荷台上のパルプ54個(1個約200キログラム)を、別事業場の労働者1名がクランプ式フォークリフトで荷下ろし作業中、トラック車体を挟んで荷下ろし側と反対側に、トラックを運転して来た被災者が倒れているのが発見された。","4","運輸交通業","403","道路貨物運送業","40301","一般貨物自動車運送業","10~29","6","荷","61","荷","611","荷姿の物","4","飛来、落下"
"846","2004","平成","16","10","11~12","不定型に固められた残留ポリエチレンを運搬するため、バケットを取り付けたフォークリフトで残留ポリエチレンをすくいバケットを約2.6m上昇させところ、帯状の残留ポリエチレンが垂れていたため、これを切断した時に残留ポリエチレンのかたまり(約300キログラム)が落下し、その下敷きとなった。","4","運輸交通業","403","道路貨物運送業","40303","貨物軽自動車運送業","1~9","2","物上げ装置、運搬機械","22","動力運搬機","222","フォークリフト","4","飛来、落下"
"847","2004","平成","16","10","18~19","自家用車でを運転中、前のトラックを追い抜くため追い越し車線に入り、追い抜いてから走行車線に戻ったところ、自動車がスピンし左のガードロープに衝突し、リアウインドウより対向車線へ放り出され、下り線を走っていた自動車3台にひかれた。","3","建設業","303","その他の建設業","30301","電気通信工事業","10~29","2","物上げ装置、運搬機械","23","乗物","231","乗用車、バス、バイク","17","交通事故（道路）"
"848","2004","平成","16","12","13~14","脚立を使用し、のこぎりで立木の枝切りを行っていたところ、脚立が倒れ、転落した。","17","その他の事業","1702","その他の事業","170209","その他の事業－その他","30~49","3","その他の装置等","37","用具","371","はしご等","1","墜落、転落"
"849","2004","平成","16","12","14~15","公民館屋上に倒れ掛かった木を撤去する作業において、当該風倒木の根元(直径約25センチメートル)をチェーンソーで切断したが、木は切断面が離れず屋上から落下しないため、被災者が屋上に上がり、端に立って木を揺すって落とそうとしたところ、突然木が落下し、これに当たった被災者が外階段の踊り場に墜落した。","3","建設業","302","建築工事業","30202","木造家屋建築工事業","1~9","4","仮設物、建築物、構築物等","41","仮設物、建築物、構築物等","418","建築物、構築物","1","墜落、転落"
"850","2004","平成","16","1","9~10","民家裏の法面(のりめん)の立木を伐採する作業において、移動式クレーンでつるしたかごに人が搭乗し、立木を伐採していたところ、かごの吊り上げに使用していたベルトスリングがフックからはずれ、約10mの高さから、かごごと墜落した。","3","建設業","301","土木工事業","30199","その他の土木工事業","1~9","3","その他の装置等","37","用具","372","玉掛用具","1","墜落、転落"
"851","2004","平成","16","2","16~17","農道拡幅工事において、道路谷側半分を掘削しL型擁壁を据え付けるために床掘り、床均しを行っていたところ、法面(のりめん)が長さ12m、巾0.5mにわたって崩壊し被災者が埋まった。","3","建設業","301","土木工事業","30106","道路建設工事業","1~9","7","環境等","71","環境等","711","地山、岩石","5","崩壊、倒壊"
"852","2004","平成","16","3","10~11","組立工場エレメント置場のスレート葺屋根で、雨漏りの修繕作業終了後、屋根を移動しているときに、明り取り用に設けた塩化ビニール製の板を踏み抜き、約5mの高さから墜落した。","1","製造業","112","金属製品製造業","11209","その他の金属製品製造業","100~299","4","仮設物、建築物、構築物等","41","仮設物、建築物、構築物等","415","屋根、はり、もや、けた、合掌","1","墜落、転落"
"853","2004","平成","16","2","12~13","代行運転のため、社用軽自動車で走行中、道路左側の民家のブロック塀に衝突した。","17","その他の事業","1702","その他の事業","170209","その他の事業－その他","10~29","2","物上げ装置、運搬機械","23","乗物","231","乗用車、バス、バイク","17","交通事故（道路）"
"854","2004","平成","16","4","9~10","道路開設工事現場において、工事の完成検査を受けるための準備作業をしていたところ、被災者は法面(のりめん)長の測定の準備のために法肩へ登り、法肩から測定用巻尺を垂らすため、足場確保として安全帯用の親綱を設置(高さ29m)していた時、墜落した。","3","建設業","301","土木工事業","30199","その他の土木工事業","1~9","7","環境等","71","環境等","711","地山、岩石","1","墜落、転落"
"855","2004","平成","16","6","13~14","枝刈機械(乗用型中刈機)で茶畑の枝刈り作業を行っていたところ、当該茶畑の農道脇から谷に機械と共に転落した。","17","その他の事業","1702","その他の事業","170209","その他の事業－その他","1~9","1","動力機械","16","一般動力機械","169","その他の一般動力機械","1","墜落、転落"
"856","2004","平成","16","6","9~10","高速道路高架下で、通信ケーブルを増設するためのつり足場の設置作業中に12m下の雑草地に墜落した。","3","建設業","302","建築工事業","30201","鉄骨・鉄筋コンクリート造家屋建築工事業","1~9","4","仮設物、建築物、構築物等","41","仮設物、建築物、構築物等","411","足場","1","墜落、転落"
"857","2004","平成","16","7","4~5","路面改修工事に係る車線規制に伴う交通誘導作業中、交通誘導を行っていた被災者が、規制車両(表示板を載せた車)と照明器具搭載車の間に居たところ、自動車が車線規制中の工事区間に侵入し規制車両に激突し、被災者が規制車両と照明器具搭載車とに挟まれた。","17","その他の事業","1702","その他の事業","170201","警備業","10~29","2","物上げ装置、運搬機械","23","乗物","231","乗用車、バス、バイク","6","激突され"
"858","2004","平成","16","10","15~16","県道を軽トラックで走行中、対向車線に飛び出し、対向車線を走行中の大型トラックと正面衝突した。","1","製造業","101","食料品製造業","10104","パン、菓子製造業","10~29","2","物上げ装置、運搬機械","22","動力運搬機","221","トラック","17","交通事故（道路）"
"859","2004","平成","16","1","0~1","バイクで走行中、信号機のない交差点で左側からタクシーがいったん停止後、交差点に進入してきて出会い頭に衝突し、対向車線に飛ばされ、対向車線を走行してきた乗用車に接触した。","17","その他の事業","1702","その他の事業","170209","その他の事業－その他","1~9","2","物上げ装置、運搬機械","23","乗物","231","乗用車、バス、バイク","17","交通事故（道路）"
"860","2004","平成","16","5","16~17","鉄骨2階建倉庫解体工事現場で鉄骨の梁(長さ約6m、重量約300キログラム)を、アームの先端に鉄骨カッターを取り付けたドラグ・ショベルで2階から下ろそうと梁を挟んで持ち上げたところ、梁が振れて近くにいた被災者がその梁を避けようとして墜落した。","3","建設業","302","建築工事業","30201","鉄骨・鉄筋コンクリート造家屋建築工事業","1~9","4","仮設物、建築物、構築物等","41","仮設物、建築物、構築物等","418","建築物、構築物","1","墜落、転落"
"861","2004","平成","16","6","13~14","冷凍倉庫内でリーチフォークリフトで4段積パレットを移動させる作業中、上2段のパレットが崩れ、運転席側に落下してきたパレットに押し倒された。","17","その他の事業","1701","派遣業","170101","派遣業","50~99","2","物上げ装置、運搬機械","22","動力運搬機","222","フォークリフト","5","崩壊、倒壊"
"862","2004","平成","16","7","16~17","コンクリートセグメントをフォークリフトで製品置場まで運び、いったん仮置きした後、運転席から降りて、運んできたセグメントを2段目に積むために台木を置く作業をしていたところ、フォークリフトで運んできたセグメント1ピースが倒れその前で作業していた被災者が挟まれた。","1","製造業","109","窯業土石製品製造業","10901","セメント・同製品製造業","30~49","6","荷","61","荷","611","荷姿の物","5","崩壊、倒壊"
"863","2004","平成","16","1","16~17","冷水が入ったタンクの中に、タンク上部(木製の蓋でタンク上部の半分は覆われている)から転落し死亡した。","1","製造業","101","食料品製造業","10105","酒類製造業","10~29","3","その他の装置等","39","その他の装置、設備","391","その他の装置、設備","10","おぼれ"
"864","2004","平成","16","1","10~11","飴製造の自動ラインで鍋に香料、酸味料等を投入したり、飴がラインの中にくっついたりして残ることのないように、ときどき油をかけたりへらでこすったりする作業に従事していたところ、飴を鍋から次の工程であるニーダー(飴をこねながら冷やす機械)に進めるためのプッシャーとニーダーのフレームとの間に挟まれた。","1","製造業","101","食料品製造業","10104","パン、菓子製造業","50~99","1","動力機械","16","一般動力機械","165","食品加工用機械","7","はさまれ、巻き込まれ"
"865","2004","平成","16","2","12~13","トラックへの鉢物台車の積込み作業においてトラックに装着されたリフトに鉢物台車とともに乗り上昇させたところ、台車上の鉢物が倒れた。これを直そうとリフト上を移動した際にリフトより転落した。","8","商業","801","卸売業","80109","その他の卸売業","50~99","2","物上げ装置、運搬機械","22","動力運搬機","221","トラック","1","墜落、転落"
"866","2004","平成","16","2","5~6","国道修繕工事の車線規制準備作業中に規制用のバリケードの配置確認作業のための作業車にひかれた。","17","その他の事業","1702","その他の事業","170201","警備業","100~299","2","物上げ装置、運搬機械","22","動力運搬機","221","トラック","6","激突され"
"867","2004","平成","16","3","15~16","購入した中古トラックを運搬用トラックに積載する作業を一人で行っていたが、トラック右側の地面で倒れているのが発見された。","8","商業","802","小売業","80202","自動車小売業","1~9","6","荷","61","荷","612","機械装置","7","はさまれ、巻き込まれ"
"868","2004","平成","16","5","4~5","国道の交差点で、信号待ちのトラック2台の後方から被災者が乗った別のトラック1台が追突し、計3台の玉突き衝突となったもの。","4","運輸交通業","403","道路貨物運送業","40301","一般貨物自動車運送業","1~9","2","物上げ装置、運搬機械","22","動力運搬機","221","トラック","17","交通事故（道路）"
"869","2004","平成","16","7","15~16","屋外にて屋根部材の段取り作業を行っていた作業者が、午後の休憩後、動くことができず、休憩していたマイクロバスの中で意識を失った。","3","建設業","302","建築工事業","30201","鉄骨・鉄筋コンクリート造家屋建築工事業","100~299","7","環境等","71","環境等","715","高温・低温環境","11","高温・低温の物との接触"
"870","2004","平成","16","2","3~4","深夜に帰宅し、就寝中に苦しそうな声を出して嘔吐し、病院へ救急車で搬送された。","8","商業","801","卸売業","80109","その他の卸売業","30~49","9","その他","91","その他の起因物","911","その他の起因物","90","その他"
"871","2004","平成","16","1","14~15","道路舗装工事現場において、掘削溝内(幅1.2m、深さ1.7m)で、農業用水配管の取替作業中、法面(のりめん)が崩壊し、溝内で作業していた2人が生き埋めになった。","3","建設業","301","土木工事業","30199","その他の土木工事業","1~9","7","環境等","71","環境等","711","地山、岩石","5","崩壊、倒壊"
"872","2004","平成","16","1","14~15","道路舗装工事現場において、掘削溝内(幅1.2m、深さ1.7m)で、農業用水配管の取替作業中、法面(のりめん)が崩壊し、溝内で作業していた2人が生き埋めになった。","3","建設業","301","土木工事業","30199","その他の土木工事業","1~9","7","環境等","71","環境等","711","地山、岩石","5","崩壊、倒壊"
"873","2004","平成","16","2","15~16","被災者がドラグ・ショベルの横を通って、後方のトラックへ行こうとした時に、作業中のドラグ・ショベルと横にあった廃材とに挟まれた。","15","清掃・と畜業","1501","清掃・と畜業","150102","産業廃棄物処理業","1~9","1","動力機械","14","建設機械等","142","掘削用機械","7","はさまれ、巻き込まれ"
"874","2004","平成","16","5","16~17","ガソリンスタンドの従業員である被災者が、入り口脇に設置されている看板の支柱に取り付けられていた布製の広告を取り外そうとして、隣地との境界にある防火壁(高さ約2.4m)の上に、アルミ製脚立をはしご状に伸ばして置き、看板支柱に立て掛け、その脚立伝いに上ろうとしていたとき、バランスを崩して転落した。","8","商業","802","小売業","80204","燃料小売業","10~29","3","その他の装置等","37","用具","371","はしご等","1","墜落、転落"
"875","2004","平成","16","6","15~16","共同車庫(トレーラ置場)敷地内で、トラクタとトレーラを連結する作業をしていた被災者が、連結した際にランディングギアを巻き上げていたところ、当該車両(トラクタ、トレーラとも)のブレーキがしっかり掛かっておらず、また敷地が若干傾斜していたため、車両が動き出し、あわててその車両を止めようとしたときに、トラクタの左側タイヤに巻き込まれひかれた。","4","運輸交通業","403","道路貨物運送業","40301","一般貨物自動車運送業","30~49","2","物上げ装置、運搬機械","22","動力運搬機","221","トラック","7","はさまれ、巻き込まれ"
"876","2004","平成","16","6","14~15","機械工場内で旋盤を運転して矯正機用凸型ロールのロール部のカラーチェック作業を行っていたところ、ウエスまたは作業服が当該ロールのシャフト部に装着してあった心出用キャップのボルトに引っかかり巻き込まれた。","1","製造業","113","一般機械器具製造業","11301","機械（精密機械を除く）器具製造業","100~299","1","動力機械","15","金属加工用機械","151","旋盤","7","はさまれ、巻き込まれ"
"877","2004","平成","16","8","11~12","トラックで走行中、国道の分離帯が途切れているところで右折のため停車していた他のトラックに追突した。","4","運輸交通業","403","道路貨物運送業","40301","一般貨物自動車運送業","10~29","2","物上げ装置、運搬機械","22","動力運搬機","221","トラック","17","交通事故（道路）"
"878","2004","平成","16","8","4~5","トラックで国道を走行中、前方を走行していたトレーラーに追突、積荷のコイルが運転席後部まで荷ずれを起こし、運転席にいた被災者が挟まれた。","4","運輸交通業","403","道路貨物運送業","40301","一般貨物自動車運送業","50~99","2","物上げ装置、運搬機械","22","動力運搬機","221","トラック","17","交通事故（道路）"
"879","2004","平成","16","8","15~16","トラックで国道を走行中、渋滞で前方に止まっていた競走馬輸送トラックに追突した。","3","建設業","302","建築工事業","30209","その他の建築工事業","10~29","2","物上げ装置、運搬機械","22","動力運搬機","221","トラック","17","交通事故（道路）"
"880","2004","平成","16","10","2~3","鋳造板の製造工程において、点検作業中、連続鋳造設備の可動部分であるカッターシフトテーブル(連続鋳造した物を切断する場所)に挟まれた。","1","製造業","110","鉄鋼業","11001","製鉄・製鋼・圧延業","300~499","1","動力機械","16","一般動力機械","169","その他の一般動力機械","7","はさまれ、巻き込まれ"
"881","2004","平成","16","6","13~14","トラックの確認作業を行うために、車道に立っていたところ、走行してきたトラックに接触された。","3","建設業","301","土木工事業","30105","橋梁建設工事業","100~299","2","物上げ装置、運搬機械","22","動力運搬機","221","トラック","17","交通事故（道路）"
"882","2004","平成","16","4","10~11","保険業務で自転車乗車中、左折するトラックに巻き込まれた。","9","金融・広告業","901","金融業","90103","保険業","100~299","2","物上げ装置、運搬機械","22","動力運搬機","221","トラック","17","交通事故（道路）"
"883","2004","平成","16","5","8~9","エアコンのコンプレッサーの部品であるスクロールの硬さを検査(ロックウェル硬さ試験)するために、左手でスクロールを持ち、右手で手持ちグラインダーを持ち、スクロールの表面を研削しているときに、誤って手持ちグラインダーで切った。","1","製造業","112","金属製品製造業","11209","その他の金属製品製造業","10~29","1","動力機械","15","金属加工用機械","153","研削盤、バフ盤","8","切れ、こすれ"
"884","2004","平成","16","4","8~9","精鋼工場においてコイル材の表面処理を行っていたところ、被災者が操作していた天井クレーンのペンダントスイッチが、近接した他のクレーンつり具に引っかかり、石灰槽の中へ落ちてしまった。このため被災者はペンダントをとるために慌てて石灰槽の縁に上ったところ、ペンダントに通電しクレーンが動き出し、被災者は石灰槽へ転落した。","1","製造業","112","金属製品製造業","11209","その他の金属製品製造業","100~299","3","その他の装置等","34","炉窯等","341","炉、窯","1","墜落、転落"
"885","2004","平成","16","6","9~10","工事現場において、車両積載形トラッククレーンで現場内で不要となった建築資材を2階バルコニーから地上へ荷降したところ、つり上げた荷資材(床用下地ボード、重量約315キログラム)が荷崩れを起こし地上へ落下し、トラッククレーンの近くにいた被災者に激突した。","3","建設業","301","土木工事業","30199","その他の土木工事業","10~29","2","物上げ装置、運搬機械","21","動力クレーン等","212","移動式クレーン","4","飛来、落下"
"886","2004","平成","16","2","16~17","粉砕室において、移動式の階段を使用して粉砕機の投入機より原料を投入していたところ、階段の脇で倒れた。","17","その他の事業","1702","その他の事業","170209","その他の事業－その他","10~29","9","その他","99","分類不能","999","分類不能","99","分類不能"
"887","2004","平成","16","8","13~14","マンション新築工事現場において、3階部分へのコンクリート打設をするために、その近くの足場へ移ろうと壁用横筋に足をかけて躯(く)体側から渡ろうとしたところ、横筋と縦筋を固定している番線が切れて墜落した。","3","建設業","302","建築工事業","30201","鉄骨・鉄筋コンクリート造家屋建築工事業","1~9","4","仮設物、建築物、構築物等","41","仮設物、建築物、構築物等","419","その他の仮設物、建築物、構築物等","1","墜落、転落"
"888","2004","平成","16","9","16~17","鉄骨建て方現場において、高さ約8mの梁(幅10センチメートル)の上で、長さ約4mのC型チャンネルを両手で持って運んでいる時、バランスを崩し、墜落した。","3","建設業","302","建築工事業","30201","鉄骨・鉄筋コンクリート造家屋建築工事業","1~9","4","仮設物、建築物、構築物等","41","仮設物、建築物、構築物等","415","屋根、はり、もや、けた、合掌","1","墜落、転落"
"889","2004","平成","16","9","4~5","アルマイト処理工程において、熱湯の入った槽にまたがり、ハンガー掛けした自動車部品を水道水(ホース)を使用して洗浄していたところ、足を掛けていた当該湯槽の縁のカバーが外れ、足を踏み外して湯槽内に転落した。","1","製造業","112","金属製品製造業","11209","その他の金属製品製造業","10~29","3","その他の装置等","34","炉窯等","341","炉、窯","1","墜落、転落"
"890","2004","平成","16","12","0~1","下り坂道路(傾斜角4度)に、車体後部を下り側に向けて据え付られた高所作業車(作業床の高さ26m)のジャッキポストを戻し、タイヤが接地した時、同高所作業車が後進を始め、後部(下り側)でジャッキポストを操作していた被災者が、車体下部に巻き込まれた。","3","建設業","301","土木工事業","30105","橋梁建設工事業","10~29","1","動力機械","14","建設機械等","146","高所作業車","7","はさまれ、巻き込まれ"
"891","2004","平成","16","1","15~16","倉庫内のエレベーターを使用して作業机数脚を2階に上げようとした際に、搬器内の作業机が昇降路の壁に引っかかり搬器が途中で停止したため、被災者が搬器に入っていたところ、2階床面と搬器天板の間に挟まれた。","1","製造業","113","一般機械器具製造業","11303","光学機械・レンズ製造業","100~299","2","物上げ装置、運搬機械","21","動力クレーン等","214","エレベータ、リフト","7","はさまれ、巻き込まれ"
"892","2004","平成","16","2","5~6","市道において、原動機自転車で走行中、後ろから来た乗用車に追突された。","8","商業","802","小売業","80205","新聞販売業","1~9","2","物上げ装置、運搬機械","23","乗物","231","乗用車、バス、バイク","17","交通事故（道路）"
"893","2004","平成","16","2","16~17","鉄道車両の新規製造の際のさび止め塗装作業において、車両外部に設置されている高さ2mの作業床(幅約70センチメートル)に乗り移って移動していたところ、作業床と車両の隙間(約50センチメートル)からコンクリートの床に墜落した。","1","製造業","115","輸送用機械等製造業","11503","鉄道車両・同部分品製造業","500~999","4","仮設物、建築物、構築物等","41","仮設物、建築物、構築物等","416","作業床、歩み板","1","墜落、転落"
"894","2004","平成","16","2","2~3","トラックで高速道を走行中、前方を走行中の大型トレーラーの後部に追突した。","4","運輸交通業","403","道路貨物運送業","40301","一般貨物自動車運送業","10~29","2","物上げ装置、運搬機械","22","動力運搬機","221","トラック","17","交通事故（道路）"
"895","2004","平成","16","3","16~17","木造住宅建築工事(2階建)現場において、建前作業後、コンパネ材を取付ける準備をしていた被災者が、高さ約6mの2階部分の軒桁の上から墜落した。","3","建設業","302","建築工事業","30202","木造家屋建築工事業","1~9","4","仮設物、建築物、構築物等","41","仮設物、建築物、構築物等","415","屋根、はり、もや、けた、合掌","1","墜落、転落"
"896","2004","平成","16","3","8~9","林道開設工事現場において、地山の掘削・法面(のりめん)整形工事を行った後、法尻にU字溝敷設のため、法尻にて被災者が床均しをしていたところ、法面が高さ約12m、幅3mにわたり崩落し、その土石により被災者は埋没した。","3","建設業","301","土木工事業","30106","道路建設工事業","1~9","7","環境等","71","環境等","711","地山、岩石","5","崩壊、倒壊"
"897","2004","平成","16","4","10~11","ビニールハウスの材料を荷下ろしするため、トラックの荷台上で玉掛け作業中、荷崩れを起こした材料とともに転落した。","4","運輸交通業","403","道路貨物運送業","40301","一般貨物自動車運送業","10~29","5","物質、材料","52","材料","521","金属材料","5","崩壊、倒壊"
"898","2004","平成","16","4","9~10","足場の解体作業において、解体した5枚の足場部材(鳥居枠)を被災者が結束して、タワークレーンをリモコン操作してつり下ろしていたところ、隣接するビルに墜落した。","3","建設業","302","建築工事業","30201","鉄骨・鉄筋コンクリート造家屋建築工事業","1~9","4","仮設物、建築物、構築物等","41","仮設物、建築物、構築物等","411","足場","1","墜落、転落"
"899","2004","平成","16","8","9~10","工場内の電気室において、主機起動盤の点検作業を行っていたところ、3.3kVの高電圧に感電した。","1","製造業","110","鉄鋼業","11001","製鉄・製鋼・圧延業","1000~9999","3","その他の装置等","35","電気設備","351","送配電線等","13","感電"
"900","2004","平成","16","8","13~14","信号のない交差点において、配達用バイクに乗り郵便物の配達作業中、左方向より乗用車が交差点に進入し、被災者のバイクに衝突した。","1","製造業","111","非鉄金属製造業","11101","非鉄金属精錬・圧延業","100~299","2","物上げ装置、運搬機械","23","乗物","231","乗用車、バス、バイク","17","交通事故（道路）"
"901","2004","平成","16","9","9~10","5階建てマンションの屋上で、防水シートの張り替えを行う工事を行っていたところ、約15m下の駐車場に墜落した。","3","建設業","302","建築工事業","30203","建築設備工事業","1~9","4","仮設物、建築物、構築物等","41","仮設物、建築物、構築物等","415","屋根、はり、もや、けた、合掌","1","墜落、転落"
"902","2004","平成","16","10","8~9","2階木造建築物の解体作業中、玄関屋根上において前日取り外したカラーベスト(屋根材)の断片をフレコンバックに入れて、重機を使用して1階屋根上から下ろす作業に従事していた被災者が、屋根の上でフレコンバックの紐を重機のフックに引っ掛け、地切りをするまでその荷を手で支えていたところ、バランスを崩して屋根上で転倒し、そのまま高さ約3.3m下に墜落した。","17","その他の事業","1702","その他の事業","170209","その他の事業－その他","10~29","4","仮設物、建築物、構築物等","41","仮設物、建築物、構築物等","415","屋根、はり、もや、けた、合掌","1","墜落、転落"
"903","2004","平成","16","11","8~9","ビル屋上広告塔撤去工事のうちの広告塔内部塗装工事において、被災者が丸太足場上で、広告塔内部に設けた道板(長さ4m、幅20センチメートル)足場を移動させるため道板の端を持ち上げたところ、反対側の足場端が梁からずれ落ち、丸太足場と一緒に約8m下のコンクリート床に墜落した。","3","建設業","302","建築工事業","30201","鉄骨・鉄筋コンクリート造家屋建築工事業","1~9","4","仮設物、建築物、構築物等","41","仮設物、建築物、構築物等","411","足場","1","墜落、転落"
"904","2004","平成","16","12","11~12","車両修理のため2tダンプトラックの下に入り仰向けの姿勢でドライブシャフトを外していたところ、車両が自然に下り坂を下がったため右後輪でひかれた。","1","製造業","117","その他の製造業","11701","自動車整備業","30~49","2","物上げ装置、運搬機械","22","動力運搬機","221","トラック","7","はさまれ、巻き込まれ"
"905","2004","平成","16","12","8~9","駐車場に逸走防止のためアウトリガーでジャッキアップして駐車させていた高所作業車に軽油燃料を入れるため、ジャッキを下げたところ車両が後進して車両後部と隣接地の土止めブロックの間に挟まれた。","17","その他の事業","1702","その他の事業","170209","その他の事業－その他","1~9","1","動力機械","14","建設機械等","146","高所作業車","6","激突され"
"906","2004","平成","16","4","14~15","ミニバイクで走行中、交差点に赤点滅信号で進入したところ横から来た乗用車と衝突した。","1","製造業","112","金属製品製造業","11209","その他の金属製品製造業","1~9","2","物上げ装置、運搬機械","23","乗物","231","乗用車、バス、バイク","17","交通事故（道路）"
"907","2004","平成","16","7","9~10","住宅解体工事作業中、足場のテラスから約3m下の地面に転落し、クーラー室外機に激突した。","17","その他の事業","1702","その他の事業","170209","その他の事業－その他","1~9","4","仮設物、建築物、構築物等","41","仮設物、建築物、構築物等","415","屋根、はり、もや、けた、合掌","1","墜落、転落"
"908","2004","平成","16","1","1~2","橋梁上部工工事現場でつり足場組み立て中に、組み立て中の足場の一部が崩壊し、足場上で組立作業を行っていた被災者が約16m下の地面に墜落した。","3","建設業","301","土木工事業","30105","橋梁建設工事業","1~9","4","仮設物、建築物、構築物等","41","仮設物、建築物、構築物等","411","足場","1","墜落、転落"
"909","2004","平成","16","12","5~6","2tトラックで交差点に進入したところ、右側交差路から進入してきたライトバンに衝突され左側交差路のガードレールにトラックが激突し、その衝撃で被災者が車外に投げ出された。","4","運輸交通業","403","道路貨物運送業","40301","一般貨物自動車運送業","50~99","2","物上げ装置、運搬機械","22","動力運搬機","221","トラック","17","交通事故（道路）"
"910","2004","平成","16","12","7~8","乗用車で移動中、交差点に赤信号無視で進入し、左側交差路から来た乗用車と衝突し、水田に乗用車ごと転落した。","17","その他の事業","1702","その他の事業","170201","警備業","30~49","2","物上げ装置、運搬機械","23","乗物","231","乗用車、バス、バイク","17","交通事故（道路）"
"911","2004","平成","16","5","2~3","国道を走行中、信号待ちで停車中の車両に追突した。","4","運輸交通業","403","道路貨物運送業","40301","一般貨物自動車運送業","1~9","2","物上げ装置、運搬機械","22","動力運搬機","221","トラック","17","交通事故（道路）"
"912","2004","平成","16","8","9~10","工場新築工事現場において、建家内部の仮設足場解体作業中、足場4段目上で上段(5段目)からの足場材(建枠)を、手渡しで受け取っていたところ、足場材とともに墜落し、途中の単管に当たった後、6.5m下のコンクリート床に激突した。","3","建設業","302","建築工事業","30201","鉄骨・鉄筋コンクリート造家屋建築工事業","30~49","4","仮設物、建築物、構築物等","41","仮設物、建築物、構築物等","411","足場","1","墜落、転落"
"913","2004","平成","16","10","17~18","ドラグ・ショベルを用いて作業をしていた被災者が、作業を終了しようとして、直前まで作業をしていた積み上げられた残土の上(傾斜角約18度)からアームを持ち上げた状態のまま下ろうとした際、バランスを崩したドラグ・ショベルが傾き、被災者が前方へ放り出され、その上から転倒してきたドラグ・ショベルのヘッドガード部支柱と地面に挟まれた。","3","建設業","301","土木工事業","30199","その他の土木工事業","10~29","1","動力機械","14","建設機械等","142","掘削用機械","2","転倒"
"914","2004","平成","16","9","11~12","中央分離帯のガードレールを据え付け作業中に気分が悪くなり、病院に搬送された。","3","建設業","301","土木工事業","30106","道路建設工事業","1~9","7","環境等","71","環境等","715","高温・低温環境","11","高温・低温の物との接触"
"915","2004","平成","16","3","22~23","朝、自宅にて被災者が起きてこないため家族が様子を見に行ったところ死亡していた。","1","製造業","115","輸送用機械等製造業","11502","自動車・同付属品製造業","50~99","9","その他","91","その他の起因物","911","その他の起因物","90","その他"
"916","2004","平成","16","2","15~16","建築型枠用セパレーターを製造する機械を操作中、部材を投入するホッパー部分に取り付けてある回転軸に、着用していたエプロンの一部が巻き込まれた。","1","製造業","112","金属製品製造業","11209","その他の金属製品製造業","10~29","1","動力機械","15","金属加工用機械","159","その他の金属加工用機械","7","はさまれ、巻き込まれ"
"917","2004","平成","16","2","12~13","県道上で、被災者が運転するタクシーに対向してきた乗用車が、高さ25センチメートルの中央分離帯を乗り越えて来て衝突した。","4","運輸交通業","402","道路旅客運送業","40201","ハイヤー・タクシー業","10~29","2","物上げ装置、運搬機械","23","乗物","231","乗用車、バス、バイク","17","交通事故（道路）"
"918","2004","平成","16","11","9~10","岸壁に接岸された台船上のコンテナ上からもう一つのコンテナに飛び移ろうとしたところ、コンテナクレーンからつり下げられていたスプレッダーに激突し、コンテナ間に墜落した。","5","貨物取扱業","502","港湾運送業","50202","港湾荷役業","1~9","6","荷","61","荷","611","荷姿の物","1","墜落、転落"
"919","2004","平成","16","6","11~12","ALC版加工機械運転作業中、加工後の製品をパレットに積み上げる工程において、床に敷かれたパレットと機械により供給されてきたパレットとの間に挟まれた。","1","製造業","109","窯業土石製品製造業","10901","セメント・同製品製造業","100~299","1","動力機械","16","一般動力機械","169","その他の一般動力機械","7","はさまれ、巻き込まれ"
"920","2004","平成","16","6","13~14","トラックで国道を走行中、反対車線を走行していたダンプ車がスリップし、センターラインを越えて飛び込んできたため、よけきれず、当該ダンプ車に激突した。","4","運輸交通業","403","道路貨物運送業","40301","一般貨物自動車運送業","10~29","2","物上げ装置、運搬機械","22","動力運搬機","221","トラック","17","交通事故（道路）"
"921","2004","平成","16","11","11~12","公園内において、松の枝切り作業中、乗っていた脚立(1.6m)から転落し、枝切り中の木の枝が刺さった。","6","農林業","601","農業","60101","農業","1~9","3","その他の装置等","37","用具","371","はしご等","1","墜落、転落"
"922","2004","平成","16","4","15~16","高圧電線埋設工事の最終工程である新設ケーブルの耐圧試験中、新設ケーブルの監視を行っていたところ、同ケーブルに接触し感電した。","3","建設業","303","その他の建設業","30301","電気通信工事業","10~29","3","その他の装置等","35","電気設備","351","送配電線等","13","感電"
"923","2004","平成","16","5","11~12","側溝の撤去および設置工事で、ドラグ・ショベルを使用して既設の側溝(コンクリートの塊)をつり上げて旋回したところ、当該側溝が玉掛けしたワイヤーから抜け落ち、道路に落下し被災者に当たった。","3","建設業","301","土木工事業","30106","道路建設工事業","1~9","1","動力機械","14","建設機械等","142","掘削用機械","4","飛来、落下"
"924","2004","平成","16","6","17~18","台風の影響により、倉庫入口の天井に取り付けてあった蛍光灯の鎖が外れたため、被災者は同僚と2名で、フォークリフトを使用し修理作業を行っていたところ、フォークリフトの天井から運転席へ移動していた被災者がマストとヘッドガードとの間に挟まれた。","1","製造業","115","輸送用機械等製造業","11502","自動車・同付属品製造業","10~29","2","物上げ装置、運搬機械","22","動力運搬機","222","フォークリフト","7","はさまれ、巻き込まれ"
"925","2004","平成","16","6","18~19","作業を終了し帰宅準備を終えた後、現場内のドラグ・ショベルに鍵を戻しに行くため現場に戻ろうとして鍵を閉めてあったクロスゲートを乗り越えようとしたところ、ゲート上部でバランスを崩し飛び降り、着地時に下に敷いてあった鉄板で足を滑らせ転倒した。","3","建設業","302","建築工事業","30201","鉄骨・鉄筋コンクリート造家屋建築工事業","30~49","4","仮設物、建築物、構築物等","41","仮設物、建築物、構築物等","417","通路","2","転倒"
"926","2004","平成","16","6","10~11","木の枝切り作業を行うに当たり、高所にある木の枝に足をかけたところ、枝が折れたためレンガ敷の地面に墜落した。","6","農林業","601","農業","60101","農業","1~9","7","環境等","71","環境等","712","立木等","1","墜落、転落"
"927","2004","平成","16","11","0~1","高速道路で、工事による渋滞で停車中のトレーラーに被災者運転の4t車が追突し、更に後続の乗用車に追突された。","8","商業","802","小売業","80204","燃料小売業","30~49","2","物上げ装置、運搬機械","22","動力運搬機","221","トラック","17","交通事故（道路）"
"928","2004","平成","16","6","5~6","国道を運転中、左カーブを曲がりきれず、センターラインをオーバーして反対車線に出てしまい、対向車と衝突した。","4","運輸交通業","403","道路貨物運送業","40301","一般貨物自動車運送業","1~9","2","物上げ装置、運搬機械","22","動力運搬機","221","トラック","17","交通事故（道路）"
"929","2004","平成","16","2","11~12","工事現場で掘削した土をダンプカーに載せて4キロメートルほど離れた残土置き場に運搬・処理していた被災者が、残土置き場内でダンプカーの荷台と車体フレームとの間に挟まれた。","3","建設業","301","土木工事業","30107","河川土木工事業","10~29","2","物上げ装置、運搬機械","22","動力運搬機","221","トラック","7","はさまれ、巻き込まれ"
"930","2004","平成","16","8","14~15","住宅の2階のひさしの裏地張替え作業中転落した。","3","建設業","302","建築工事業","30202","木造家屋建築工事業","1~9","4","仮設物、建築物、構築物等","41","仮設物、建築物、構築物等","415","屋根、はり、もや、けた、合掌","1","墜落、転落"
"931","2004","平成","16","10","11~12","アルミ鋳造工場でアルミダイカストマシンの型替え作業を行っていたところ、突然当該マシン付近より出火した。","1","製造業","111","非鉄金属製造業","11102","非鉄金属鋳物業","30~49","5","物質、材料","51","危険物、有害物等","513","可燃性のガス","16","火災"
"932","2004","平成","16","11","6~7","見通しの悪い交差点において、自転車で走行中、自動車と衝突した。","8","商業","802","小売業","80205","新聞販売業","300~499","2","物上げ装置、運搬機械","23","乗物","231","乗用車、バス、バイク","17","交通事故（道路）"
"933","2004","平成","16","2","9~10","道路改良工事現場において、測量用木杭を一輪車に載せ、ドラグ・ショベルの近くを通行中、後進してきたドラグ・ショベルにひかれた。","3","建設業","301","土木工事業","30106","道路建設工事業","1~9","1","動力機械","14","建設機械等","142","掘削用機械","7","はさまれ、巻き込まれ"
"934","2004","平成","16","2","14~15","太陽熱温水器(ソーラーパネル)の取替え工事で、屋根に設置してある古い温水器を取り外し、屋根の棟に乗せたところ、その弾みでソーラーパネルのガラスが割れ、そのまま前かがみの姿勢で屋根を滑り落ちアスファルトの地面に墜落した。","3","建設業","303","その他の建設業","30302","機械器具設置工事業","1~9","4","仮設物、建築物、構築物等","41","仮設物、建築物、構築物等","415","屋根、はり、もや、けた、合掌","1","墜落、転落"
"935","2004","平成","16","4","13~14","橋桁架設のためのベント組立作業中、横になっていたベント(縦2m横2m高さ4m重さ1.5t)を25t移動式クレーンを用い、立てようとしたところ、玉掛けに使用していたスイベルフックが外れ、被災者にベントが落下した。","3","建設業","301","土木工事業","30105","橋梁建設工事業","10~29","3","その他の装置等","37","用具","372","玉掛用具","4","飛来、落下"
"936","2004","平成","16","5","7~8","被災者は他の作業者から、製品(バンパー)にバリが出ているとの連絡を受け、当該機械の点検を行った。その際、安全プラグが外されていたことから、「スイッチ入れるな」と記載された札を機械の入り口に掛け、機械の中に入った。安全プラグを抜いた他の作業者は、安全プラグを持ち、補修材を取りに詰所から戻り、被災者に気づかず、機械を再始動させたところ、被災者が機械に挟まれた。","1","製造業","115","輸送用機械等製造業","11502","自動車・同付属品製造業","1000~9999","1","動力機械","16","一般動力機械","164","射出成形機","7","はさまれ、巻き込まれ"
"937","2004","平成","16","7","15~16","屋根のない屋外にて検査等の作業に従事した後、熱中症となった。","17","その他の事業","1702","その他の事業","170209","その他の事業－その他","500~999","7","環境等","71","環境等","715","高温・低温環境","11","高温・低温の物との接触"
"938","2004","平成","16","9","17~18","既設橋脚の補強をするためフーチング上にて油圧式コアドリルを使用して杭を打ち込むためのボーリングをしていたところ、コアチューブが回転しなくなったためコアボーリングの削孔管に専用の蓋(コアキャッップ8キログラム)をしてコアキャップの口にコンプレッサーホースを取り付け圧力をかけたところ、コアキャップがはずれ上部にある点検用通路に当たった後、被災者に激突した。","3","建設業","301","土木工事業","30106","道路建設工事業","1~9","4","仮設物、建築物、構築物等","41","仮設物、建築物、構築物等","419","その他の仮設物、建築物、構築物等","4","飛来、落下"
"939","2004","平成","16","9","13~14","地上にてトラックの荷台に積まれていた材料(角材、重さ約80キログラム)を一人で下ろす作業をしていた時、材料の下敷きとなった。","3","建設業","302","建築工事業","30209","その他の建築工事業","1~9","5","物質、材料","52","材料","522","木材、竹材","4","飛来、落下"
"940","2004","平成","16","10","10~11","物置として使用している高さ(最高)3.5mの1階スレート葺き建屋の解体作業において、トラック荷台に乗って、屋根スレートを1枚ずつ引き落とそうとして墜落した。","3","建設業","302","建築工事業","30209","その他の建築工事業","1~9","2","物上げ装置、運搬機械","22","動力運搬機","221","トラック","1","墜落、転落"
"941","2004","平成","16","12","12~13","国道で大型トラックを運転していたところ対向車線をはみだし、前方から来た大型トラックと正面衝突した。","4","運輸交通業","403","道路貨物運送業","40309","その他の道路貨物運送業","10~29","2","物上げ装置、運搬機械","22","動力運搬機","221","トラック","17","交通事故（道路）"
"942","2004","平成","16","2","6~7","事業所内の廃水処理場における沈殿槽において、沈殿槽内の水位測定を行おうと移動途中、なんらかの原因で手すりのある既設の通路から墜落した。","17","その他の事業","1702","その他の事業","170209","その他の事業－その他","1~9","4","仮設物、建築物、構築物等","41","仮設物、建築物、構築物等","417","通路","1","墜落、転落"
"943","2004","平成","16","2","5~6","荷を積込んだ10tトラックを運転中、橋の手前から左へ車道を外れ、ガードレールを倒し、そのまま直進し、約5m下の川へ墜落した。","4","運輸交通業","403","道路貨物運送業","40301","一般貨物自動車運送業","100~299","2","物上げ装置、運搬機械","22","動力運搬機","221","トラック","17","交通事故（道路）"
"944","2004","平成","16","3","16~17","原料倉庫内で開袋機(袋詰めのゴマ(1袋約50キログラム)を開封する機械)の運転業務中、当該機械にトラブルが発生したため、これを解消する作業中、高さ1.5mの既設の作業床に昇降するために取り付けられたはしごから墜落した。","1","製造業","101","食料品製造業","10103","農業保存食料品製造業","50~99","3","その他の装置等","37","用具","371","はしご等","1","墜落、転落"
"945","2004","平成","16","4","4~5","ミニバイクで朝刊を配達中、用水路に架かっている橋を渡る際、誤って橋の右側手前から用水路へミニバイクとともに転落した。","8","商業","802","小売業","80205","新聞販売業","10~29","2","物上げ装置、運搬機械","23","乗物","231","乗用車、バス、バイク","17","交通事故（道路）"
"946","2004","平成","16","4","0~1","タンクローリーで国道を走行中、対向車線より7tトラックが中央分離帯を飛び越え、被災者の運転するタンクローリーに衝突した。","4","運輸交通業","403","道路貨物運送業","40302","特定貨物自動車運送業","100~299","2","物上げ装置、運搬機械","22","動力運搬機","221","トラック","17","交通事故（道路）"
"947","2004","平成","16","5","10~11","工場内に4段積みされた圧縮梱包古紙(1個あたり100センチメートル×170センチメートル×110センチメートル:重さ840キログラム)をフォークリフト(アタッチメントはクランプ)で2個トラックに運搬したところ、運搬した古紙の隣に積んであった古紙2個が崩れ落ちて、そのうち1個が近くで古紙の仕分け作業を行っていた被災者を直撃した。","8","商業","801","卸売業","80109","その他の卸売業","1~9","6","荷","61","荷","611","荷姿の物","4","飛来、落下"
"948","2004","平成","16","6","3~4","4tトラックに荷物を積んで、国道を走行中、信号待ちで停車中の大型ダンプ(10t)に被災者の運転する4tトラックが追突した。","4","運輸交通業","403","道路貨物運送業","40301","一般貨物自動車運送業","1~9","2","物上げ装置、運搬機械","22","動力運搬機","221","トラック","17","交通事故（道路）"
"949","2004","平成","16","9","10~11","圧延機の巻取り側のリールにかませたスプール(芯の部分)の位置がずれていたため、その位置を直そうとして作業を行っていたところ、何らかの原因でベルトラッパー(巻取りをした伸銅の薄板をガイドし覆う機械)が作動し、リール部分とベルトラッパーに挟まれた。","1","製造業","111","非鉄金属製造業","11101","非鉄金属精錬・圧延業","100~299","1","動力機械","16","一般動力機械","163","ロール機（印刷ロール機を除く。）","7","はさまれ、巻き込まれ"
"950","2004","平成","16","10","0~1","コンクリートミキサーの羽の裏に固着したコンクリートを取り除くため、シュートに足場を設け、コンクリートミキサーの底から頭を出してハンマーを用いて作業していたが、シュートとコンクリートミキサーとの間にある開閉鉄板が閉まり、当該鉄板とコンクリートミキサーの底との間に挟まれた。","1","製造業","109","窯業土石製品製造業","10901","セメント・同製品製造業","30~49","1","動力機械","16","一般動力機械","162","混合機、粉砕機","7","はさまれ、巻き込まれ"
"951","2004","平成","16","10","10~11","機械の点検作業を終え、帰社する途中運転を誤り、道路右側の土手に衝突した。","17","その他の事業","1702","その他の事業","170209","その他の事業－その他","1~9","2","物上げ装置、運搬機械","23","乗物","231","乗用車、バス、バイク","17","交通事故（道路）"
"952","2004","平成","16","11","10~11","軽ワゴン車にて、医薬品の営業及び配達中に、軽トラックと出会い頭に衝突した。","8","商業","801","卸売業","80109","その他の卸売業","10~29","2","物上げ装置、運搬機械","23","乗物","231","乗用車、バス、バイク","17","交通事故（道路）"
"953","2004","平成","16","11","8~9","スクリュー車(10tトラック)の荷台の上で、建屋に固定されたサイロからパーライト(粉状の鉱物)をスクリュー車の荷台へ移送するため、シュート(サイロ下部と荷台上の投入口を連結する袋状のもの)を取り付ける作業を行っていたところ、墜落した。","4","運輸交通業","403","道路貨物運送業","40301","一般貨物自動車運送業","1~9","2","物上げ装置、運搬機械","22","動力運搬機","221","トラック","1","墜落、転落"
"954","2004","平成","16","10","5~6","普通乗用車の後部座席に同乗していた時、運転手が運転を誤り車線をはみ出し反対車線を越えてコンクリート壁に衝突した。","3","建設業","302","建築工事業","30203","建築設備工事業","1~9","2","物上げ装置、運搬機械","23","乗物","231","乗用車、バス、バイク","17","交通事故（道路）"
"955","2004","平成","16","5","9~10","4トントラックで国道を走行中、左カーブを曲がりきれず右側の約4m下の山林に転落した。","4","運輸交通業","403","道路貨物運送業","40301","一般貨物自動車運送業","30~49","2","物上げ装置、運搬機械","22","動力運搬機","221","トラック","17","交通事故（道路）"
"956","2004","平成","16","9","9~10","店舗解体工事において使用する資材等を調達するため、4トントラックを運転し、構内を走行中、敷地境界に設けられた幅3.6mの非舗装直線道から敷地外左側の高さ3.7m下の雑草地にトラックとともに転落した。","3","建設業","302","建築工事業","30201","鉄骨・鉄筋コンクリート造家屋建築工事業","1~9","2","物上げ装置、運搬機械","22","動力運搬機","221","トラック","1","墜落、転落"
"957","2004","平成","16","10","18~19","葬儀場の交通整理作業中、国道を挟んだ葬儀場駐車場から横断してくる人を誘導するため誘導灯で停止合図をして道路に出たところ、走行してきた乗用車にはねられた。","17","その他の事業","1702","その他の事業","170201","警備業","10~29","2","物上げ装置、運搬機械","23","乗物","231","乗用車、バス、バイク","17","交通事故（道路）"
"958","2004","平成","16","11","11~12","住宅地造成工事現場において斜面に生えた立木の伐採作業中、他の作業者がチェーンソーにより切り倒した木の下敷きになった。","3","建設業","301","土木工事業","30109","土地整理土木工事業","30~49","7","環境等","71","環境等","712","立木等","5","崩壊、倒壊"
"959","2004","平成","16","12","19~20","店舗倉庫内に積み上げられた商品の上に登り、トイレットペーパー入りの段ボールを取ろうとしていたところ、足を滑らせ2.42mの高さから墜落した。","8","商業","802","小売業","80201","各種商品小売業","50~99","6","荷","61","荷","611","荷姿の物","1","墜落、転落"
"960","2004","平成","16","1","20~21","乗用車で国道を走行中、交差点において、赤信号のため停車していたトラックの後部へ追突した。","1","製造業","115","輸送用機械等製造業","11502","自動車・同付属品製造業","1~9","2","物上げ装置、運搬機械","23","乗物","231","乗用車、バス、バイク","17","交通事故（道路）"
"961","2004","平成","16","12","3~4","バイクで朝刊配達中、信号のない交差点を直進しようとしたところ、左側から走行してきた車にはねられた。","8","商業","802","小売業","80205","新聞販売業","10~29","2","物上げ装置、運搬機械","23","乗物","231","乗用車、バス、バイク","17","交通事故（道路）"
"962","2004","平成","16","11","18~19","国道バイパスで10t大型トラックで走行、15t大型トラックと正面衝突した。","4","運輸交通業","403","道路貨物運送業","40301","一般貨物自動車運送業","10~29","2","物上げ装置、運搬機械","22","動力運搬機","221","トラック","17","交通事故（道路）"
"963","2004","平成","16","12","13~14","被災者は、補助者を付けて、機体重量8.39tのドラグ・ショベルを運転し鉄板の移動作業に従事していた。補助者が作業場所を離れた時、異常な音が発生したため補助者が振り返ると、旋回レバーに被災者の安全帯のロープが引っかかり宙つり状態で振り回されているのを発見した。","3","建設業","302","建築工事業","30201","鉄骨・鉄筋コンクリート造家屋建築工事業","30~49","1","動力機械","14","建設機械等","142","掘削用機械","3","激突"
"964","2004","平成","16","9","17~18","レーン内へ種類別にタイヤを投入する作業において、誤って別レーンにタイヤを投入したため、そのタイヤを取り出そうとレーン内に入ったところ、タイヤ送給用ストッパーとガイドレールの間に挟まれた。","1","製造業","108","化学工業","10806","ゴム製品製造業","50~99","1","動力機械","16","一般動力機械","169","その他の一般動力機械","7","はさまれ、巻き込まれ"
"965","2004","平成","16","9","8~9","砂利運搬船の船舵の取り付けのため、フォークリフトにバケットを装着し、バックレストからバケット越しにワイヤーでつり、船舵を固定した後、フォークリフトが船体から離れる際、バケットを固定していたピンが外れ、バケットが落下し、被災者に当たった。","1","製造業","115","輸送用機械等製造業","11501","造船業","1~9","2","物上げ装置、運搬機械","22","動力運搬機","222","フォークリフト","4","飛来、落下"
"966","2004","平成","16","10","14~15","県道と敷地の境界の側溝工事を行っていたところ、県道を走行してきた乗用車にはねられた。","3","建設業","302","建築工事業","30201","鉄骨・鉄筋コンクリート造家屋建築工事業","1~9","2","物上げ装置、運搬機械","23","乗物","231","乗用車、バス、バイク","17","交通事故（道路）"
"967","2004","平成","16","10","13~14","台風で破損した工場の屋根を修理するため、屋根の上で補修作業を行っていたところ、屋根(防水シート、防水ゴム、ベニヤ板の3層構造)を踏み抜き、約7.5m下のコンクリート床に墜落した。","1","製造業","112","金属製品製造業","11209","その他の金属製品製造業","1~9","4","仮設物、建築物、構築物等","41","仮設物、建築物、構築物等","415","屋根、はり、もや、けた、合掌","1","墜落、転落"
"968","2004","平成","16","11","4~5","ミニバイクで新聞配達中、信号機のない交差点を直進しようと交差点に進入したところ、左側から直進してきたワゴン車と出合い頭に衝突した。","8","商業","802","小売業","80205","新聞販売業","30~49","2","物上げ装置、運搬機械","23","乗物","231","乗用車、バス、バイク","17","交通事故（道路）"
"969","2004","平成","16","6","13~14","台風接近に伴い、現場の状況確認を行うため、被災者が会社の軽トラックを運転し、現場に向かう途中、国道に設置された車両感知器柱に衝突後、横転した。","3","建設業","302","建築工事業","30202","木造家屋建築工事業","1~9","2","物上げ装置、運搬機械","22","動力運搬機","221","トラック","17","交通事故（道路）"
"970","2004","平成","16","1","8~9","配管のフランジを製造するため、ステンレス製円形材をプレス機で打ち抜いていたが、材が下型から離れなかったので、プレス機から下型を外し、ガスバーナーで温めた後、材をハンマーでたたいていたところ、材が勢いよく外れ飛び、作業を近くで見守っていた被災者を直撃した。","1","製造業","112","金属製品製造業","11209","その他の金属製品製造業","10~29","3","その他の装置等","37","用具","379","その他の用具","4","飛来、落下"
"971","2004","平成","16","1","8~9","軽トラックを運転途中、軽トラックが道路から約1.5m下の水田に転落し、横転した軽トラックの下敷きになった。","3","建設業","302","建築工事業","30203","建築設備工事業","10~29","2","物上げ装置、運搬機械","23","乗物","231","乗用車、バス、バイク","17","交通事故（道路）"
"972","2004","平成","16","3","9~10","店舗改修工事現場において、天井つりエアコンのつりボルトの取り付け作業を行っていて、高さ約2.5mの移動式足場から墜落した。","3","建設業","302","建築工事業","30203","建築設備工事業","1~9","4","仮設物、建築物、構築物等","41","仮設物、建築物、構築物等","411","足場","1","墜落、転落"
"973","2004","平成","16","6","11~12","屋外資材置き場に搬入された一般工作機械の部品を各加工工程に振り分けるための段取作業において、作業場所から転落した。","1","製造業","113","一般機械器具製造業","11301","機械（精密機械を除く）器具製造業","30~49","5","物質、材料","52","材料","529","その他の材料","1","墜落、転落"
"974","2004","平成","16","7","15~16","被災者は、同僚1名と建物天井部の照明器具取付け作業を行うため、ケーブルを天井に沿って引いていた。同僚がフォークリフトを操作し、被災者はフォークリフトのフォークに木製のパレット7段を積み、上昇させたフォークのパレット上(地上からの高さ4.48m)で作業を行っていたが、コンクリートの床面に墜落した。","3","建設業","303","その他の建設業","30301","電気通信工事業","1~9","2","物上げ装置、運搬機械","22","動力運搬機","222","フォークリフト","1","墜落、転落"
"975","2004","平成","16","11","2~3","国道を走行中、交差点で信号待ちをしていた大型トレーラー後部に、追突した。","4","運輸交通業","403","道路貨物運送業","40301","一般貨物自動車運送業","10~29","2","物上げ装置、運搬機械","22","動力運搬機","221","トラック","17","交通事故（道路）"
"976","2004","平成","16","12","3~4","新聞配達中、高さ20センチメートルの歩道に乗り上げた走行中の乗用車にはねられた。","8","商業","802","小売業","80205","新聞販売業","10~29","2","物上げ装置、運搬機械","23","乗物","231","乗用車、バス、バイク","17","交通事故（道路）"
"977","2004","平成","16","6","15~16","機械集材装置による原木運搬作業において、枝打ちのためにいったん地山に下ろした原木を再び運搬するため、集材機を作動させたところ、荷掛け用具として用いていた木片(幅5センチメートル×長さ30センチメートル)からワイヤロープが外れ、原木1本が落下し、枝打ちおよび枝収集の作業を行っていた被災者に激突した。","6","農林業","602","林業","60201","木材伐出業","1~9","3","その他の装置等","37","用具","379","その他の用具","4","飛来、落下"
"978","2004","平成","16","3","14~15","砕石工場のプラントに設置されているコンベアのプーリーとコンベアベルトの間に巻き込まれた。","1","製造業","109","窯業土石製品製造業","10909","その他の土石製品製造業","1~9","2","物上げ装置、運搬機械","22","動力運搬機","224","コンベア","7","はさまれ、巻き込まれ"
"979","2004","平成","16","4","23~24","ペレット入りの1tのフレコン(ナイロン製の袋状のコンテナ)を2段に重ね、その上に25キログラムの紙袋を重ねてあったが、下段のフレコンが破れ中のペレットが流出し、バランスが崩れて上段のフレコンおよび紙袋が落下、被災者が下敷きとなった。","1","製造業","108","化学工業","10805","プラスチック製品製造業","100~299","6","荷","61","荷","611","荷姿の物","4","飛来、落下"
"980","2004","平成","16","4","3~4","国道を普通トラックにて走行中、前方の信号待ちで停止中の大型トラックに追突した。","4","運輸交通業","403","道路貨物運送業","40301","一般貨物自動車運送業","10~29","2","物上げ装置、運搬機械","22","動力運搬機","221","トラック","17","交通事故（道路）"
"981","2004","平成","16","4","10~11","つり上げ荷重2.8tのホイスト式天井クレーンを用いて、円柱状の鋼材計7本(重量約2.3t)をつり上げた際、直径12ミリメートルの玉掛け用ワイヤロープ2本が切断し、被災者が落下した鋼材の下敷きになった。","1","製造業","110","鉄鋼業","11009","その他の鉄鋼業","1~9","3","その他の装置等","37","用具","372","玉掛用具","4","飛来、落下"
"982","2004","平成","16","7","5~6","バイクで牛乳の集配作業中、脇道から県道に出たところ乗用車と出会い頭に衝突した。","8","商業","802","小売業","80209","その他の小売業","1~9","2","物上げ装置、運搬機械","23","乗物","231","乗用車、バス、バイク","17","交通事故（道路）"
"983","2004","平成","16","10","5~6","国道上で、交通規制の誘導中、走行中の大型トレーラーにはねられた。","17","その他の事業","1702","その他の事業","170201","警備業","30~49","2","物上げ装置、運搬機械","22","動力運搬機","221","トラック","17","交通事故（道路）"
"984","2004","平成","16","12","12~13","電話工事作業において、進行してきたワゴン車が片側通行の指示に従い右車線を走行中、突然左車線に侵入したため、左車線の通行規制区間内の作業場所付近で打ち合わせ中の被災者2名がはねられた。","17","その他の事業","1702","その他の事業","170209","その他の事業－その他","1~9","2","物上げ装置、運搬機械","23","乗物","231","乗用車、バス、バイク","17","交通事故（道路）"
"985","2004","平成","16","12","12~13","電話工事作業において、進行してきたワゴン車が片側通行の指示に従い右車線を走行中、突然左車線に侵入したため、左車線の通行規制区間内の作業場所付近で打ち合わせ中の被災者2名がはねられた。","17","その他の事業","1702","その他の事業","170209","その他の事業－その他","1~9","2","物上げ装置、運搬機械","23","乗物","231","乗用車、バス、バイク","17","交通事故（道路）"
"986","2004","平成","16","2","4~5","朝、自宅において倒れた。","8","商業","802","小売業","80209","その他の小売業","10~29","9","その他","91","その他の起因物","911","その他の起因物","90","その他"
"987","2004","平成","16","2","8~9","高速道路のトンネル内で、前方の事故で停車していた車列最後尾の大型貨物自動車(10tトラック)に、被災者の運転する普通貨物自動車(4tトラック)が追突した。","4","運輸交通業","403","道路貨物運送業","40301","一般貨物自動車運送業","10~29","2","物上げ装置、運搬機械","22","動力運搬機","221","トラック","17","交通事故（道路）"
"988","2004","平成","16","3","11~12","原付バイクで停車していたところ、後方より大型トラックに追突された。","9","金融・広告業","901","金融業","90101","銀行・信託業","10~29","2","物上げ装置、運搬機械","22","動力運搬機","221","トラック","17","交通事故（道路）"
"989","2004","平成","16","4","0~1","くず米倉庫において、米の入ったフレコンバッグ(重量約1t)をはい積みしていたところ、4段に積み上げたフレコンバッグが崩れ落ち、その下敷きになった。","1","製造業","101","食料品製造業","10109","その他の食料品製造業","10~29","6","荷","61","荷","611","荷姿の物","5","崩壊、倒壊"
"990","2004","平成","16","6","9~10","建築資材(H鋼、300×300×6000ミリメートル、0.6tを2本横に繋げたもの)をトレーラーからクレーンで荷下ししていたが、1つ目を下ろす際、H鋼間に敷く番木がなかったため、階段状の3段目に仮置きした状態で番木を探しに行った。その後、被災者が番木を見つけて戻って来たところ、突然、仮置きしていたH鋼が崩れ落ち、被災者を直撃した。","5","貨物取扱業","501","陸上貨物取扱業","50101","陸上貨物取扱業","1~9","5","物質、材料","52","材料","521","金属材料","4","飛来、落下"
"991","2004","平成","16","10","10~11","5階建ての建物の4階にあるプレヒーター(石灰岩を仮燃焼させる炉)を解体する作業において、被災者が下部をガス溶断していたところ、溶断個所上部の一部分が落下し、被災者を直撃した。","17","その他の事業","1702","その他の事業","170209","その他の事業－その他","1~9","4","仮設物、建築物、構築物等","41","仮設物、建築物、構築物等","418","建築物、構築物","4","飛来、落下"
"992","2004","平成","16","7","19~20","製品置場にて高さ約6mの既設の塩ビ管の上から電気配線中継ボックスの蓋を閉めようとしていた被災者が、足を滑らせ墜落した。","3","建設業","303","その他の建設業","30301","電気通信工事業","1~9","3","その他の装置等","39","その他の装置、設備","391","その他の装置、設備","1","墜落、転落"
"993","2004","平成","16","11","11~12","乗用車で港湾道路を走行中、車線を区切るコンクリート壁に衝突した。","8","商業","802","小売業","80202","自動車小売業","10~29","2","物上げ装置、運搬機械","23","乗物","231","乗用車、バス、バイク","17","交通事故（道路）"
"994","2004","平成","16","12","15~16","建設現場で使用した足場をトラック(1.5t積み)に積み帰社する途中、トラックなど4台が衝突する事故に、トラックの運転をしていた被災者が巻き込まれた。","3","建設業","302","建築工事業","30201","鉄骨・鉄筋コンクリート造家屋建築工事業","10~29","2","物上げ装置、運搬機械","22","動力運搬機","221","トラック","17","交通事故（道路）"
"995","2004","平成","16","1","5~6","新聞配達作業中、車が動いているのを発見したため車の前部に回り止めようとしたが止めきれず、車とともに段差40センチメートル下の畑に落ちた。","8","商業","802","小売業","80205","新聞販売業","10~29","2","物上げ装置、運搬機械","23","乗物","231","乗用車、バス、バイク","17","交通事故（道路）"
"996","2004","平成","16","2","8~9","高速道路に停車し、養生確認を実施した後、車に乗り込み出発しようとしたところ、後方より普通トラックに衝突され、遮音壁に激突し、その反動で走行車線側に飛び出し、再度トラックと衝突した。","3","建設業","301","土木工事業","30199","その他の土木工事業","1~9","2","物上げ装置、運搬機械","23","乗物","231","乗用車、バス、バイク","17","交通事故（道路）"
"997","2004","平成","16","3","11~12","立抗掘削時に使用する鋼管ケーシングの製作過程において、鋼管ケーシングを回転させるターニングロールにケーシングを載せ、ケーシングジョイント用の穴あけのため寸法取り作業中、当該ケーシングが倒れ、作業中の製缶工がケーシングの下敷きになり死亡した。","1","製造業","112","金属製品製造業","11209","その他の金属製品製造業","1~9","5","物質、材料","52","材料","521","金属材料","5","崩壊、倒壊"
"998","2004","平成","16","6","23~24","国道管渠(下水道)築造工事現場において、交通整理業務を行っていた被災者が、工事現場内から掘削土砂を積み、仮置場に向かうため国道に出ようとした4tダンプトラックにひかれた。","17","その他の事業","1702","その他の事業","170201","警備業","10~29","2","物上げ装置、運搬機械","22","動力運搬機","221","トラック","7","はさまれ、巻き込まれ"
"999","2004","平成","16","9","14~15","電話線等のケーブル布設工事で、地上から高さ約7mのケーブルラック上にて、ケーブルの結束、整線作業を行っていたところ、ケーブルラック上部(ラックから高さ約1m)に走っている床上操作式クレーンのトロリー線(交流200V)に接触し、感電した。","3","建設業","303","その他の建設業","30301","電気通信工事業","10~29","3","その他の装置等","35","電気設備","351","送配電線等","13","感電"
"1000","2004","平成","16","9","14~15","タンクローリーから酢酸廃液を注入する作業が終了し、後片付け中に、同タンクが爆発し、火災が発生した。","4","運輸交通業","403","道路貨物運送業","40301","一般貨物自動車運送業","10~29","5","物質、材料","51","危険物、有害物等","519","その他の危険物、有害物等","14","爆発"
"1001","2004","平成","16","10","10~11","歩道上に脚立を置き植木の枝切り作業を行っていたところ、自転車が脚立に衝突したため、バランスを崩し、高さ2.2m(推定)下の地面に墜落した。","6","農林業","601","農業","60101","農業","10~29","3","その他の装置等","37","用具","371","はしご等","1","墜落、転落"
"1002","2004","平成","16","12","15~16","個人宅の庭木手入れ作業現場において、木に直接登って枝の枝切り作業中枝が折れ、約3.5m下の地面に墜落した。","6","農林業","601","農業","60101","農業","1~9","7","環境等","71","環境等","712","立木等","1","墜落、転落"
"1003","2004","平成","16","9","9~10","ビル解体工事現場において、床を支持するためのパイプサポートを3階にウインチにて搬入中、3階開口部から墜落した。","3","建設業","302","建築工事業","30209","その他の建築工事業","1~9","4","仮設物、建築物、構築物等","41","仮設物、建築物、構築物等","414","開口部","1","墜落、転落"
"1004","2004","平成","16","3","20~21","自動車で荷物を運んでいる途中、国道で、民家のコンクリート塀に衝突した。","14","接客娯楽業","1402","飲食店","140209","その他の飲食店","10~29","2","物上げ装置、運搬機械","23","乗物","231","乗用車、バス、バイク","17","交通事故（道路）"
"1005","2004","平成","16","2","16~17","店内の商品倉庫に設置された荷物用リフト(積載荷重240キログラム)に搭乗して2階へ上がる際にリフトの搬器の囲いと2階の床面との間に挟まれた。","8","商業","802","小売業","80209","その他の小売業","10~29","2","物上げ装置、運搬機械","21","動力クレーン等","214","エレベータ、リフト","7","はさまれ、巻き込まれ"
"1006","2004","平成","16","2","7~8","作業場内において、生地製造工程の原材料混合機のバッチ内部の清掃作業中、突然、停止していたバッチ内部の撹拌部が起動し、撹拌棒に巻き込まれた。","1","製造業","101","食料品製造業","10104","パン、菓子製造業","10~29","1","動力機械","16","一般動力機械","162","混合機、粉砕機","7","はさまれ、巻き込まれ"
"1007","2004","平成","16","3","2~3","たばこのフィルター自動供給システムにおいて、自動搬送装置のローラーコンベヤ上で5段積み段ボール箱が所定位置からずれて停止したため、昇降機(搬送装置の一部)の昇降路開口部に体を入れ上記ダンボール箱を押し込んだところ、昇降機の搬器が上昇し、搬器と昇降路横枠の間に挟まれた。","1","製造業","117","その他の製造業","11704","たばこ製造業","100~299","2","物上げ装置、運搬機械","22","動力運搬機","229","その他の動力運搬機","7","はさまれ、巻き込まれ"
"1008","2004","平成","16","4","23~24","プレス機械に接続された部品供給用のエレベーターの昇降路内において残部品の確認作業を行っていたが、下降してきたエレベーターの搬器に気付かず、搬器と部品供給棚(プレス機械に供給する部品をストックしておく設備)との間に挟まれた。","1","製造業","113","一般機械器具製造業","11301","機械（精密機械を除く）器具製造業","500~999","2","物上げ装置、運搬機械","22","動力運搬機","229","その他の動力運搬機","7","はさまれ、巻き込まれ"
"1009","2004","平成","16","4","14~15","鶏糞肥料(15キログラム袋入り)を運搬するベルトコンべアのベルトに緩みが発生したため、針金で応急処置作業中、パレタイザーのアームに挟まれた。","7","畜産・水産業","701","畜産業","70101","畜産業","10~29","2","物上げ装置、運搬機械","22","動力運搬機","229","その他の動力運搬機","7","はさまれ、巻き込まれ"
"1010","2004","平成","16","4","15~16","店舗の天井に取り付けられた空調設備の配管の接続を行うため、ローリングタワー(作業床高さ約3.6m)上で作業中、ローリングタワーの手すりが外れ、地上に墜落した。","3","建設業","303","その他の建設業","30302","機械器具設置工事業","10~29","4","仮設物、建築物、構築物等","41","仮設物、建築物、構築物等","411","足場","1","墜落、転落"
"1011","2004","平成","16","12","20~21","工場で解体した10tトラックの荷台を移動するため、作業者2名を乗せたままクレーン2基で荷台をつり上げたところ、玉掛用具(フック付チェーン)を掛けていた荷台の一部が破損し、高さ2.5mの位置から荷台ごと墜落した。","8","商業","802","小売業","80209","その他の小売業","1~9","2","物上げ装置、運搬機械","21","動力クレーン等","211","クレーン","1","墜落、転落"
"1012","2004","平成","16","11","6~7","自動販売機で飲み物を購入するため、駐車スペースにトラックを駐車し、道路の反対側に渡るため横断歩道を歩行中、走行してきた大型トラックにはねられ、さらに後続のキャリアカーにもひかれた。","5","貨物取扱業","501","陸上貨物取扱業","50101","陸上貨物取扱業","30~49","2","物上げ装置、運搬機械","22","動力運搬機","221","トラック","6","激突され"
"1013","2004","平成","16","10","11~12","手水鉢を据え付けるため、被災者が運転する原動機付運搬車で石を運んでいたところ、運搬車が横転し、被災者が投げ出された。","17","その他の事業","1702","その他の事業","170209","その他の事業－その他","50~99","2","物上げ装置、運搬機械","22","動力運搬機","227","不整地運搬車","2","転倒"
"1014","2004","平成","16","10","9~10","講習会に参加した被災者が、同僚1名とともに、展示機械(キャスター付き、重量約150キログラム)を搬入中、搬入経路に敷いた養生板が進行方向に滑り、その養生板に足を載せていた被災者が転倒しその上に移動中の機械が倒れ、下敷きとなった。","1","製造業","113","一般機械器具製造業","11302","計量器測定器製造業","10~29","6","荷","61","荷","612","機械装置","6","激突され"
"1015","2004","平成","16","1","23~24","可搬式のリフターを台車に載せ、台車の先頭部分に取り付けられているワイヤロープを天井クレーンのフックに掛けて工場床面を水平に移動させていたところ、台車上のリフターが被災者側に倒れ、当該リフターと炉の間に挟まれた。","1","製造業","109","窯業土石製品製造業","10909","その他の土石製品製造業","30~49","6","荷","61","荷","612","機械装置","5","崩壊、倒壊"
"1016","2004","平成","16","6","9~10","竹の伐採作業現場で、切り落とされた竹を竹林内で整理作業中、ハチに刺された。","3","建設業","303","その他の建設業","30301","電気通信工事業","10~29","7","環境等","71","環境等","719","その他の環境等","90","その他"
"1017","2004","平成","16","9","17~18","看板の補修作業終了後、帰社するため車両積載形トラッククレーン(つり上げ荷重2.9t)で200mほど走行したところ、クレーンのジブが伸びたままの状態であったため、ジブが電線に引っかかり横転した。","9","金融・広告業","902","広告・あっせん業","90209","その他の広告・あっせん業","1~9","2","物上げ装置、運搬機械","21","動力クレーン等","212","移動式クレーン","17","交通事故（道路）"
"1018","2004","平成","16","9","9~10","立木を伐倒した後、その木の株を処理するため、チェーンソーを用いて切断作業中、チェーンソーが反発してソーチェーンで切った。","6","農林業","602","林業","60209","その他の林業","30~49","1","動力機械","13","木材加工用機械","136","チェーンソー","8","切れ、こすれ"
"1019","2004","平成","16","2","6~7","事業場敷地内の門扉前地面上において被災者が仰向けに倒れていた。","4","運輸交通業","402","道路旅客運送業","40202","バス業","10~29","4","仮設物、建築物、構築物等","41","仮設物、建築物、構築物等","419","その他の仮設物、建築物、構築物等","2","転倒"
"1020","2004","平成","16","3","9~10","4tダンプトラックで国道を走行中、対向車線で追突事故を起こし、車線を越えてきた大型貨物自動車と正面衝突した。","4","運輸交通業","403","道路貨物運送業","40302","特定貨物自動車運送業","1~9","2","物上げ装置、運搬機械","22","動力運搬機","221","トラック","17","交通事故（道路）"
"1021","2004","平成","16","12","18~19","スーパー駐車場の誘導係を行っていた被災者が、当該駐車場から出庫していく車を国道上で誘導していたところ、走行してきた軽自動車にはねられた。","17","その他の事業","1702","その他の事業","170201","警備業","30~49","2","物上げ装置、運搬機械","22","動力運搬機","221","トラック","17","交通事故（道路）"
"1022","2004","平成","16","2","9~10","改修空調工事において、設置した冷温水配管のエアーテスト終了後、配管端部のキャップ(ストラブカップリング)の取り外し作業をしていたところ、配管内の残圧でキャップが飛び、正面にいた被災者が吹き飛ばされ、3.4m下の地面に墜落した。","17","その他の事業","1702","その他の事業","170209","その他の事業－その他","10~29","3","その他の装置等","39","その他の装置、設備","391","その他の装置、設備","4","飛来、落下"
"1023","2004","平成","16","2","19~20","事業場から50m離れた駐車場へ書類を取りに行く途中、後方から走行してきた原動機付自転車に追突された。","1","製造業","112","金属製品製造業","11209","その他の金属製品製造業","50~99","2","物上げ装置、運搬機械","23","乗物","231","乗用車、バス、バイク","17","交通事故（道路）"
"1024","2004","平成","16","5","3~4","集配業務に使用するプラットホームから下に転落した。","4","運輸交通業","403","道路貨物運送業","40301","一般貨物自動車運送業","30~49","4","仮設物、建築物、構築物等","41","仮設物、建築物、構築物等","419","その他の仮設物、建築物、構築物等","1","墜落、転落"
"1025","2004","平成","16","7","13~14","交差点において、被災者運転のバイクが直進中、右折してきた大型トラックと接触した。","9","金融・広告業","901","金融業","90101","銀行・信託業","10~29","2","物上げ装置、運搬機械","22","動力運搬機","221","トラック","17","交通事故（道路）"
"1026","2004","平成","16","4","6~7","コピー用紙を積んだパレットをフォークリフトをバックで旋回移動中、上部の荷が崩れそうになった。そのため、荷を地上に下ろし荷を押して修正しようとしたが支えきれず、荷が倒れて被災者に当たった。","4","運輸交通業","403","道路貨物運送業","40301","一般貨物自動車運送業","30~49","6","荷","61","荷","611","荷姿の物","5","崩壊、倒壊"
"1027","2004","平成","16","8","4~5","高速自動車道で、路側帯にタクシーを止め、パンクを修理中、後方から来たトラックにはねられた。","4","運輸交通業","402","道路旅客運送業","40201","ハイヤー・タクシー業","50~99","2","物上げ装置、運搬機械","22","動力運搬機","221","トラック","17","交通事故（道路）"
"1028","2004","平成","16","9","9~10","マンション新築工事現場の5階作業床の端付近で、コンクリート打設時の飛散防止のため、周囲の足場にシートを緊結するシート張り作業を行っていたところ、同作業床から墜落した。","3","建設業","302","建築工事業","30201","鉄骨・鉄筋コンクリート造家屋建築工事業","1~9","4","仮設物、建築物、構築物等","41","仮設物、建築物、構築物等","416","作業床、歩み板","1","墜落、転落"
"1029","2004","平成","16","12","10~11","工場内において、亜鉛メッキ槽から排出される酸化亜鉛集じん機のマンホールを開け、フィルター交換及び粉じんの掻き出し作業を行っていたところ、当該集じん機内に滞留していた一酸化炭素を吸い込んだ。","17","その他の事業","1702","その他の事業","170209","その他の事業－その他","1~9","5","物質、材料","51","危険物、有害物等","514","有害物","12","有害物等との接触"
"1030","2004","平成","16","10","18~19","店外商品陳列棚の最上部に保管されていた土嚢袋(1束約20キログラム)を店内売場に移動させようと陳列棚によじ登り、土嚢袋を取り出そうとした際に墜落した。","8","商業","802","小売業","80209","その他の小売業","100~299","4","仮設物、建築物、構築物等","41","仮設物、建築物、構築物等","419","その他の仮設物、建築物、構築物等","1","墜落、転落"
"1031","2004","平成","16","3","8~9","構内において荷物配達先までの道順を同僚の運転手に教示してもらうため、前後約2mの車間を空けて停めた2台のトラックの間に地図を広げて、後車の運転手に道順を聞いた。話を終えて車に戻った後車の運転手が、別れた後も同じ場所にしゃがんで地図を広げていた被災者に気づかず、右にハンドルを切ってトラックを発進させたところ、前車の運転手である被災者はトラックに巻き込まれてひかれた。","4","運輸交通業","403","道路貨物運送業","40301","一般貨物自動車運送業","100~299","2","物上げ装置、運搬機械","22","動力運搬機","221","トラック","7","はさまれ、巻き込まれ"
"1032","2004","平成","16","10","8~9","10階の住戸玄関前廊下の端部の開口部付近で脚立を使用して壁の吹付養生を行っていたが、その際にバランスを崩し墜落した。","3","建設業","302","建築工事業","30201","鉄骨・鉄筋コンクリート造家屋建築工事業","1~9","4","仮設物、建築物、構築物等","41","仮設物、建築物、構築物等","414","開口部","1","墜落、転落"
"1033","2004","平成","16","10","7~8","倉庫内のホイスト式天井クレーンを使用して作業を行っていたところ、つり上げていた鋼板が荷崩れをおこし、当該鋼板が被災者を強打した。","4","運輸交通業","403","道路貨物運送業","40301","一般貨物自動車運送業","1~9","2","物上げ装置、運搬機械","21","動力クレーン等","211","クレーン","4","飛来、落下"
"1034","2004","平成","16","11","14~15","仮置きした荷を所定の場所に保管するため、フォークリフトを後進させていた時、走行中のフォークリフトの運転位置から離れようとした被災者が、フォークリフトの後部と倉庫の柱との間に挟まれた。","4","運輸交通業","403","道路貨物運送業","40301","一般貨物自動車運送業","10~29","2","物上げ装置、運搬機械","22","動力運搬機","222","フォークリフト","7","はさまれ、巻き込まれ"
"1035","2004","平成","16","3","14~15","工具を買いに行くため、青信号になった交差点に自転車で進入したところ、左折してきた大型トラックに巻き込まれた。","1","製造業","117","その他の製造業","11701","自動車整備業","1~9","2","物上げ装置、運搬機械","22","動力運搬機","221","トラック","17","交通事故（道路）"
"1036","2004","平成","16","1","16~17","揚貨装置により、作業に使用した4.5tフォークリフトを沿岸につり上げるための玉掛け作業をしようとした時、フォークリフトのタイヤガード(高さ約95センチメートル)からバランスを崩して墜落した。","5","貨物取扱業","502","港湾運送業","50202","港湾荷役業","50~99","2","物上げ装置、運搬機械","22","動力運搬機","222","フォークリフト","1","墜落、転落"
"1037","2004","平成","16","2","10~11","10tトラックの修理作業中、車両後部のフデ塗りを行っている時に、他の作業者がそのトラックを移動する準備として、ブレーキ用のコンプレッサーにエアーを溜めるためエンジンをかけたところ、ギアがバックに入っており、10tトラックがバックして被災者が金属製の棚との間に挟まれた。","1","製造業","117","その他の製造業","11701","自動車整備業","1~9","2","物上げ装置、運搬機械","22","動力運搬機","221","トラック","7","はさまれ、巻き込まれ"
"1038","2004","平成","16","3","10~11","河川巡視業務を終え、横断歩道を自転車で渡ろうとしたところ、走行中の2tトラックにはねられた。","3","建設業","301","土木工事業","30199","その他の土木工事業","1~9","2","物上げ装置、運搬機械","22","動力運搬機","221","トラック","17","交通事故（道路）"
"1039","2004","平成","16","4","11~12","鉄骨2階デッキプレート敷き込み作業において、デッキプレートを取りに行くため大梁から小梁へ移動する際バランスを崩し、5m下の地中梁に墜落した。","3","建設業","302","建築工事業","30201","鉄骨・鉄筋コンクリート造家屋建築工事業","1~9","4","仮設物、建築物、構築物等","41","仮設物、建築物、構築物等","415","屋根、はり、もや、けた、合掌","1","墜落、転落"
"1040","2004","平成","16","5","9~10","清掃作業を行っていた際に火災が発生し、逃げ遅れた。","15","清掃・と畜業","1501","清掃・と畜業","150103","その他の廃棄物処理業","1~9","9","その他","99","分類不能","999","分類不能","16","火災"
"1041","2004","平成","16","6","10~11","揚貨装置にて荷下ろしされた木材の束に、荷主ごとの番号をスプレーにて吹き付けて記載し、その番号に基づいて、フォークリフトが仮置き場に運搬する作業中、材木2束を積載し、前進にて走行中のフォークリフト(最大積載荷重6t)にひかれた。","17","その他の事業","1702","その他の事業","170209","その他の事業－その他","1~9","2","物上げ装置、運搬機械","22","動力運搬機","222","フォークリフト","7","はさまれ、巻き込まれ"
"1042","2004","平成","16","8","10~11","下水管の洗浄作業後の点検作業のために人孔に入り倒れた。","1","製造業","116","電気・ガス・水道業","11603","水道業","50~99","5","物質、材料","51","危険物、有害物等","514","有害物","12","有害物等との接触"
"1043","2004","平成","16","8","10~11","下水管の洗浄作業後の点検作業のために人孔に入り倒れた。","1","製造業","116","電気・ガス・水道業","11603","水道業","50~99","5","物質、材料","51","危険物、有害物等","514","有害物","12","有害物等との接触"
"1044","2004","平成","16","10","13~14","原料倉庫内において、ショベルローダーにより菜種粕の山の整理作業を終えた被災者がショベルローダーを後進させたときに、前輪が側壁に接触し運転席から投げ出され転落し、ショベルローダー後輪と側壁に挟まれた。","1","製造業","108","化学工業","10809","化学肥料製造業","10~29","2","物上げ装置、運搬機械","22","動力運搬機","225","ローダー","7","はさまれ、巻き込まれ"
"1045","2004","平成","16","12","9~10","鋼板コイルの積み込み作業において、横倒しになった鋼板コイルの下敷きとなった。","4","運輸交通業","403","道路貨物運送業","40309","その他の道路貨物運送業","10~29","6","荷","61","荷","611","荷姿の物","5","崩壊、倒壊"
"1046","2004","平成","16","4","23~24","帰宅途中に電車内で倒れ、搬送された病院で死亡した。","17","その他の事業","1702","その他の事業","170209","その他の事業－その他","10~29","9","その他","92","起因物なし","921","起因物なし","90","その他"
"1047","2004","平成","16","3","16~17","トリクロルエチレンの入った常温槽および高温槽の2槽式の洗浄槽内で、つり具に製品をつり、洗浄作業中、常温槽で洗浄した製品を高温槽側に移そうとしたところ、製品の数個が高温槽の中に落ちた。そのため、被災者は落ちた製品を探そうと洗浄槽内に何回か出入りしていたところ、洗浄槽内で意識不明となった。","1","製造業","112","金属製品製造業","11204","めっき業","10~29","5","物質、材料","51","危険物、有害物等","514","有害物","12","有害物等との接触"
"1048","2004","平成","16","1","17~18","溶解炉のバーナーの修理作業を終了後、手洗いのため工場構内を通行中に炉用インゴット冷却用水槽(水温約70°C・深さ約1m)に転落した。","8","商業","801","卸売業","80109","その他の卸売業","1~9","4","仮設物、建築物、構築物等","41","仮設物、建築物、構築物等","418","建築物、構築物","1","墜落、転落"
"1049","2004","平成","16","5","11~12","高速道路料金所において徒歩でブース間を移動中、ETC用レーンに進入してきた車両に接触した。","17","その他の事業","1702","その他の事業","170209","その他の事業－その他","100~299","2","物上げ装置、運搬機械","22","動力運搬機","221","トラック","17","交通事故（道路）"
"1050","2004","平成","16","8","10~11","鉄骨5階建て、倉庫新築工事において、本柱と本柱との間に間柱および耐風梁を取り付け作業中、地上約30mに設置されていたタラップから墜落した。","3","建設業","302","建築工事業","30201","鉄骨・鉄筋コンクリート造家屋建築工事業","10~29","4","仮設物、建築物、構築物等","41","仮設物、建築物、構築物等","419","その他の仮設物、建築物、構築物等","1","墜落、転落"
"1051","2004","平成","16","8","6~7","構内運搬車を運転し、市場内のエレベーターに乗ろうとしたとき、運転を誤り、構内運搬車がエレベーターの扉に当たり、扉を押し開けたため、構内運搬車から振り落とされ、エレベーターのピット内に墜落した。","8","商業","801","卸売業","80109","その他の卸売業","1~9","2","物上げ装置、運搬機械","22","動力運搬機","229","その他の動力運搬機","1","墜落、転落"
"1052","2004","平成","16","8","13~14","抜油・予備洗浄装置を完成させ、検査後、納品のため、当該装置を天井クレーンで解体作業中、ワイヤロープで転倒防止措置を講じていた門型台車フレーム(約4t)が倒れ、門型台車フレームに接触したつり荷(鋼材約300キログラム)が作業に従事していた被災者に激突した。","1","製造業","110","鉄鋼業","11001","製鉄・製鋼・圧延業","500~999","3","その他の装置等","39","その他の装置、設備","391","その他の装置、設備","4","飛来、落下"
"1053","2004","平成","16","8","4~5","製鋼工場において、電気炉に原料の鉄スクラップを投入後、炉の外側に残ったスクラップの除去作業中電気炉内に転落した。","1","製造業","110","鉄鋼業","11001","製鉄・製鋼・圧延業","100~299","3","その他の装置等","34","炉窯等","341","炉、窯","1","墜落、転落"
"1054","2004","平成","16","10","16~17","配達の途中、道路上においてトラックにはねられた。","4","運輸交通業","403","道路貨物運送業","40309","その他の道路貨物運送業","10~29","2","物上げ装置、運搬機械","22","動力運搬機","221","トラック","17","交通事故（道路）"
"1055","2004","平成","16","3","9~10","ポンプ場での異常通報装置の設置工事において、マンホール(開口部)から深さ約11mの雨水槽の底に転落した。","17","その他の事業","1702","その他の事業","170209","その他の事業－その他","1~9","4","仮設物、建築物、構築物等","41","仮設物、建築物、構築物等","414","開口部","1","墜落、転落"
"1056","2004","平成","16","4","19~20","会議終了後、2階会議室から1階の事務所へ移動するために階段を降りる際に、階段より転落した。","1","製造業","112","金属製品製造業","11209","その他の金属製品製造業","30~49","4","仮設物、建築物、構築物等","41","仮設物、建築物、構築物等","413","階段、桟橋","1","墜落、転落"
"1057","2004","平成","16","6","10~11","250tプレスを試験稼動したところ加工物に不具合が生じたため、つり上げ荷重2.8tの床上操作式クレーンで上下金型を床面に下ろす作業を2人で開始した。1人がプレス後方から金型後方2カ所に玉掛けしたところ、クレーンが作動し、プレス前面にいた被災者に上下金型が激突した。この際、被災者の後方に作業台があったため上下金型と作業台の間で挟まれた。","1","製造業","113","一般機械器具製造業","11301","機械（精密機械を除く）器具製造業","1~9","2","物上げ装置、運搬機械","21","動力クレーン等","211","クレーン","6","激突され"
"1058","2004","平成","16","6","1~2","高速自動車道を大型トラックで運行中、料金所手前1キロメートルの地点で前方の4tトラックが減速したことに気付かず追突し、さらに道路側壁に激突した。","4","運輸交通業","403","道路貨物運送業","40301","一般貨物自動車運送業","30~49","2","物上げ装置、運搬機械","22","動力運搬機","221","トラック","17","交通事故（道路）"
"1059","2004","平成","16","7","7~8","タクシーで走行中、対抗車両がセンターラインをオーバーし被災者運転車両の前方を走行中の車両に接触後、被災者が運転するタクシー車両に正面衝突した。","4","運輸交通業","402","道路旅客運送業","40201","ハイヤー・タクシー業","100~299","2","物上げ装置、運搬機械","23","乗物","231","乗用車、バス、バイク","17","交通事故（道路）"
"1060","2004","平成","16","8","13~14","高さ3.44mの資材棚最上段にあるプラスチック製の波板を同僚とともに取り出していたところ、最上段にいた被災者が地上に墜落した。","1","製造業","113","一般機械器具製造業","11301","機械（精密機械を除く）器具製造業","10~29","4","仮設物、建築物、構築物等","41","仮設物、建築物、構築物等","416","作業床、歩み板","1","墜落、転落"
"1061","2004","平成","16","11","9~10","鉄筋7階建てビル新築工事現場において、基礎部分の掘削(最深部250センチメートル)および矢板の設置作業を被災者ら3名で行っていたところ、突然掘削側面の上部から土砂が崩れ落ち、そのまま土砂に埋まった。","3","建設業","302","建築工事業","30201","鉄骨・鉄筋コンクリート造家屋建築工事業","10~29","7","環境等","71","環境等","711","地山、岩石","5","崩壊、倒壊"
"1062","2004","平成","16","2","0~1","駐車場において、被災者と同僚の2名で、ゴミ収集車のテールゲートを開け、ゴミを取り除く作業を行っていたが、作業終了後、同僚がテールゲートを閉める際、テールゲートと車体の間に挟まれた。","15","清掃・と畜業","1501","清掃・と畜業","150109","その他の清掃・と畜業","10~29","2","物上げ装置、運搬機械","22","動力運搬機","221","トラック","7","はさまれ、巻き込まれ"
"1063","2004","平成","16","3","15~16","ダンボール製の空容器をフォークリフトに積載して運搬中、後進したところへ、被災者が通りかかり、フォークリフトに激突された。","1","製造業","108","化学工業","10805","プラスチック製品製造業","1~9","2","物上げ装置、運搬機械","22","動力運搬機","222","フォークリフト","6","激突され"
"1064","2004","平成","16","3","0~1","クロムめっき槽内にこぼれ落ちた半製品を棒状の道具で取っていたところ、バランスを崩してクロムめっき槽に転落した。","1","製造業","112","金属製品製造業","11204","めっき業","1~9","5","物質、材料","51","危険物、有害物等","514","有害物","12","有害物等との接触"
"1065","2004","平成","16","6","16~17","キャスター付きの鋼製枠組台車の上に載せているエアープレス機(自社製の空気式プラスチック製品の圧入装置)を二人がかりで押して移動している最中、作業床にある段差(高さ約3ミリメートル)に台車が引っかかり、台車とともに同機が傾き、被災者に落下した。","1","製造業","108","化学工業","10805","プラスチック製品製造業","10~29","1","動力機械","16","一般動力機械","169","その他の一般動力機械","6","激突され"
"1066","2004","平成","16","7","18~19","積載荷重4tのダンプトラックの荷台(床面から荷台までの高さ101センチメートル)に機体重量2.5tのドラグ・ショベルを自走により荷積み作業中、被災者が掛けた2枚の道板(2.9m×50センチメートル)の内の1枚が外れ、ドラグ・ショベルが横転し、運転していた被災者が投げ出され、ドラグ・ショベルと横に置いてあった発電機に挟まれた。","17","その他の事業","1702","その他の事業","170209","その他の事業－その他","1~9","1","動力機械","14","建設機械等","142","掘削用機械","2","転倒"
"1067","2004","平成","16","10","6~7","スタッカー(鋼板に印刷後、乾燥させたものを積み上げる機械)から反転機(両面に印刷するため、片面印刷完了したものを動力により反転させる機械)にローラー上を鋼板を手押しで移動させる作業中、反転機を覗き込んだところ、挟まれた。","1","製造業","107","印刷・製本業","10701","印刷業","30~49","1","動力機械","16","一般動力機械","169","その他の一般動力機械","7","はさまれ、巻き込まれ"
"1068","2004","平成","16","12","12~13","国道を走行していた大型トラックが、対向車線にはみ出し、走行中の被災者が運転する大型トラックと正面衝突した。","4","運輸交通業","403","道路貨物運送業","40301","一般貨物自動車運送業","1~9","2","物上げ装置、運搬機械","22","動力運搬機","221","トラック","17","交通事故（道路）"
"1069","2004","平成","16","1","11~12","運転中の被災者が、信号待ち中、車内で倒れた。","8","商業","801","卸売業","80109","その他の卸売業","10~29","9","その他","92","起因物なし","921","起因物なし","90","その他"
"1070","2004","平成","16","8","12~13","帰宅した後、食事をしたところ、急激に体調が悪化。救急車で病院に搬送されたが、死亡した。","8","商業","802","小売業","80209","その他の小売業","30~49","9","その他","92","起因物なし","921","起因物なし","90","その他"
"1071","2004","平成","16","4","11~12","工場内で、8個のフライヤーを有する高速筒型撚線機の全枠替作業を行うにあたり、(つなぎ目ロスを抑える為)所定の4個のボビンについてまず先に載せ替え作業を行い、その後、連結シャフト部前でレバーを操作し、載せ替えた4本のストランドのつなぎ目を所定位置に寸動で停止させる作業を行っていたところ、連結シャフトに巻き込まれた。","1","製造業","112","金属製品製造業","11209","その他の金属製品製造業","100~299","1","動力機械","15","金属加工用機械","159","その他の金属加工用機械","7","はさまれ、巻き込まれ"
"1072","2004","平成","16","6","17~18","中古の業務用乾燥機(約1t)を、2.5tのフォークリフトでトラックの荷台から移動させようとした。しかし安定が悪かったため、いったん地面に降ろし、近くで4.5tのフォークリフトを使用していた他の作業者に、別方向から乾燥機を持ち上げ移動するよう指示した。他の作業者がフォークリフトで乾燥機を持ち上げようと地切したところ、乾燥機が倒れ、近くにいた被災者が乾燥機とトラックの間に挟まれた。","4","運輸交通業","403","道路貨物運送業","40302","特定貨物自動車運送業","1~9","2","物上げ装置、運搬機械","22","動力運搬機","222","フォークリフト","5","崩壊、倒壊"
"1073","2004","平成","16","6","4~5","普通貨物自動車で荷物を配送中、交差点において、赤信号で停車中の大型10tトラックに追突した。","4","運輸交通業","403","道路貨物運送業","40302","特定貨物自動車運送業","10~29","2","物上げ装置、運搬機械","22","動力運搬機","221","トラック","17","交通事故（道路）"
"1074","2004","平成","16","7","15~16","倉庫内に積まれた、ラック(自転車をのせるもの)の山を上る最中に墜落した。","4","運輸交通業","403","道路貨物運送業","40301","一般貨物自動車運送業","30~49","3","その他の装置等","37","用具","379","その他の用具","1","墜落、転落"
"1075","2004","平成","16","8","0~1","4tトラックで走行中、交差点で運転操作を誤り、中央分離帯(高さ約20センチメートル、幅約2m)を乗り越え、反対車線の大型貨物自動車に接触、運転手が車外に放り出された。","3","建設業","301","土木工事業","30199","その他の土木工事業","1~9","2","物上げ装置、運搬機械","22","動力運搬機","221","トラック","17","交通事故（道路）"
"1076","2004","平成","16","9","15~16","11tトラックにて走行中、前方で赤信号のため停車していた10tダンプカーに追突した。","4","運輸交通業","403","道路貨物運送業","40302","特定貨物自動車運送業","10~29","2","物上げ装置、運搬機械","22","動力運搬機","221","トラック","17","交通事故（道路）"
"1077","2004","平成","16","8","7~8","普通貨物自動車で高速道路を走行中、カーブでスリップし側壁に衝突した。故障したため全員車外に出て、業務連絡・後続車の誘導等を行っていたところ、後続車が突っ込んで来た。","3","建設業","302","建築工事業","30203","建築設備工事業","1~9","2","物上げ装置、運搬機械","23","乗物","231","乗用車、バス、バイク","17","交通事故（道路）"
"1078","2004","平成","16","12","5~6","トラックで高速道路を走行中、カーブを直進し道路左側側壁に衝突、車外に投げ出された。","4","運輸交通業","403","道路貨物運送業","40301","一般貨物自動車運送業","10~29","2","物上げ装置、運搬機械","22","動力運搬機","221","トラック","17","交通事故（道路）"
"1079","2004","平成","16","2","2~3","公共下水道の下水管敷設工事において、道路掘削中、地山が崩壊し、下敷きとなった。","3","建設業","301","土木工事業","30110","上下水道工事業","1~9","7","環境等","71","環境等","711","地山、岩石","5","崩壊、倒壊"
"1080","2004","平成","16","1","15~16","不法投棄廃棄物の撤去作業完了後、重機をコンテナ車に載せようとコンテナの半分ほどまで載せたとき、上部旋回体を約90度旋回させたところ前方部が浮き始めたので被災者が重機から飛び降りようとしたが操作レバーにつまずき転倒し、その転倒したところに重機が倒れてきてヘッドガードと地面に挟まれた。","15","清掃・と畜業","1501","清掃・と畜業","150102","産業廃棄物処理業","30~49","1","動力機械","14","建設機械等","149","その他の建設機械等","7","はさまれ、巻き込まれ"
"1081","2004","平成","16","4","9~10","タンクローリーを運転中、右折しようとしたトラックと接触し、タンクローリーが横転した。","4","運輸交通業","403","道路貨物運送業","40302","特定貨物自動車運送業","10~29","2","物上げ装置、運搬機械","22","動力運搬機","221","トラック","17","交通事故（道路）"
"1082","2004","平成","16","5","15~16","トラックの荷台よりスクラップにする機械(重量約2t)を荷下ろしするため、当該機械のフックにワイヤロープをかけクレーン運転手に合図しつり上げ、トラックの後部に移動したとき、つり上げていた機械のフックの片方のボルトが折れ機械が宙づりとなり傾き、当該機械とトラックの荷台に挟まれた。","1","製造業","112","金属製品製造業","11209","その他の金属製品製造業","1~9","2","物上げ装置、運搬機械","21","動力クレーン等","211","クレーン","7","はさまれ、巻き込まれ"
"1083","2004","平成","16","6","16~17","事務所内でパソコン入力作業中、椅子から崩れ落ちるように仰向けに横倒しになった。","8","商業","804","その他の商業","80401","倉庫業","10~29","9","その他","92","起因物なし","921","起因物なし","90","その他"
"1084","2004","平成","16","1","11~12","店舗正面のひさしに取り付けられていたテントの撤去作業を脚立の上で行っていたとき、突然テントがずれ落ち、被災者はバランスを崩し脚立から約1.1m下の地面に転落した。","3","建設業","302","建築工事業","30209","その他の建築工事業","1~9","3","その他の装置等","37","用具","371","はしご等","1","墜落、転落"
"1085","2004","平成","16","5","8~9","貨物用エレベーター(地上2階地下1階)の1階部分から地下1階床面まで約4m墜落して死亡した。","1","製造業","104","木材・木製品製造業","10409","その他の木材・木製品製造業","10~29","4","仮設物、建築物、構築物等","41","仮設物、建築物、構築物等","414","開口部","1","墜落、転落"
"1086","2004","平成","16","7","10~11","工事現場において、壁と床の間の隙間をモルタルで詰める作業中、2階開口部附近までモルタル用のホースを後ろ向きに後退しながら引っ張ってきたところ、何らかの原因で開口部を塞いでいたベニヤ板がずれて、その開口部から墜落した。","3","建設業","302","建築工事業","30201","鉄骨・鉄筋コンクリート造家屋建築工事業","1~9","4","仮設物、建築物、構築物等","41","仮設物、建築物、構築物等","414","開口部","1","墜落、転落"
"1087","2004","平成","16","9","16~17","道路のカーブ道路(道路は右への曲がり角で、ゆるやかな下り坂)中央部において、運転中のバイクが転倒し、その下敷きとなった。","13","保健・衛生業","1302","社会福祉施設","130201","社会福祉施設","300~499","2","物上げ装置、運搬機械","23","乗物","231","乗用車、バス、バイク","2","転倒"
"1088","2004","平成","16","12","8~9","山林で木の間伐作業を行っていたところ、足をすべらし転落し、約6m下の立木に激突した。","6","農林業","602","林業","60209","その他の林業","10~29","7","環境等","71","環境等","711","地山、岩石","1","墜落、転落"
"1089","2004","平成","16","4","10~11","老人ホーム新築工事で、塔屋部の鉄骨梁にまたがって梁の本締め作業を行っていたところ、バランスを崩して約11m下の地上に墜落した。","3","建設業","302","建築工事業","30201","鉄骨・鉄筋コンクリート造家屋建築工事業","1~9","4","仮設物、建築物、構築物等","41","仮設物、建築物、構築物等","415","屋根、はり、もや、けた、合掌","1","墜落、転落"
"1090","2004","平成","16","4","6~7","コピー用紙を積んだパレットをフォークリフトをバックで旋回移動中、上部の荷が崩れそうになったため、荷を地上に降ろし荷を押して修正しようとしたが支えきれず、荷が当たった。","4","運輸交通業","403","道路貨物運送業","40301","一般貨物自動車運送業","30~49","6","荷","61","荷","611","荷姿の物","5","崩壊、倒壊"
"1091","2004","平成","16","5","16~17","染色工場の反物を貯蔵する穴入れ場にて、反物をピットに入れる作業をしていたところ、倒れて動けなくなったところに、穴入れパイラーによって自動的に反物(重さ約100キログラム)に覆われ、圧迫された。","1","製造業","102","繊維工業","10204","染色整理業","50~99","5","物質、材料","52","材料","529","その他の材料","90","その他"
"1092","2004","平成","16","6","6~7","4tトラックを運転中、対向車線を走っていたトラックがセンターラインをオーバーして正面衝突した。","4","運輸交通業","403","道路貨物運送業","40301","一般貨物自動車運送業","10~29","2","物上げ装置、運搬機械","22","動力運搬機","221","トラック","17","交通事故（道路）"
"1093","2004","平成","16","7","13~14","鋼板の平面加工を行うレベラーの取扱い鋼板を長尺の物から短尺の物に切り替えるため、金具の取外し作業を行っていた時に、金具と連動していたセンサーが金具を外す際に解除され、それに連動したコンベアが降下し挟まれた。","1","製造業","112","金属製品製造業","11209","その他の金属製品製造業","1~9","1","動力機械","15","金属加工用機械","159","その他の金属加工用機械","7","はさまれ、巻き込まれ"
"1094","2004","平成","16","7","9~10","工場内の集じん機入替工事において、高さ4.5mの集じん機の上で作業をしていたところ、墜落した。","3","建設業","302","建築工事業","30209","その他の建築工事業","1~9","4","仮設物、建築物、構築物等","41","仮設物、建築物、構築物等","416","作業床、歩み板","1","墜落、転落"
"1095","2004","平成","16","8","15~16","トラックに段ボールを積み込む作業において、作業場を移動中、別のトラックに使用する作業用の台を運んでいたフォークリフト(バックで移動中)後部と激突した。","4","運輸交通業","403","道路貨物運送業","40301","一般貨物自動車運送業","10~29","2","物上げ装置、運搬機械","22","動力運搬機","222","フォークリフト","6","激突され"
"1096","2004","平成","16","12","14~15","鉄骨2階建の解体工事にて、床の穴空けでドラグ・ショベルに装着していたブレーカーアタッチメントを、再びバケットに取り替えた被災者が、バケット装着ピンのズレに気づき、調整するためにショベル座席にいた運転者に声をかけ、運転者が被災者の話を聞こうと座席を立ったところ、誤ってレバーに当たりバケットが動きだし、被災者がバケットと背後の壁に挟まれた。","3","建設業","302","建築工事業","30209","その他の建築工事業","1~9","1","動力機械","14","建設機械等","142","掘削用機械","7","はさまれ、巻き込まれ"
"1097","2004","平成","16","11","16~17","アスファルトの合材サイロに設置された製品供給用の搬送装置が停止したため再起動させようと、高さ約16mの位置で機械の状態の確認作業を行っていたところ、当該搬送装置が突然動きだしため、バランスを崩し作業床から足を滑らせ墜落した。","1","製造業","112","金属製品製造業","11209","その他の金属製品製造業","1~9","2","物上げ装置、運搬機械","22","動力運搬機","229","その他の動力運搬機","1","墜落、転落"
"1098","2004","平成","16","2","14~15","ポールトレーラーが工場から出庫しようとした際、ポールトレーラーの荷が工場内に積んでいたH鋼に接触し、H鋼3本が落下し、近くにいた被災者に激突した。","1","製造業","112","金属製品製造業","11209","その他の金属製品製造業","10~29","5","物質、材料","52","材料","521","金属材料","4","飛来、落下"
"1099","2004","平成","16","7","11~12","ボイラー煙突の地上約100mの部分に設けられている既設の作業床を踏み抜き、地上約75mの部分に設けられた既設の作業床へ墜落した。","3","建設業","302","建築工事業","30203","建築設備工事業","10~29","4","仮設物、建築物、構築物等","41","仮設物、建築物、構築物等","418","建築物、構築物","1","墜落、転落"
"1100","2004","平成","16","7","15~16","トレーラーにビールの空容器の積込作業を行っていたところ、フォークリフトにひかれた。","4","運輸交通業","403","道路貨物運送業","40301","一般貨物自動車運送業","10~29","2","物上げ装置、運搬機械","22","動力運搬機","222","フォークリフト","7","はさまれ、巻き込まれ"
"1101","2004","平成","16","5","14~15","ビル(10階建)6階フロア窓清掃作業において、室内から窓枠に足をかけ、体を外に乗り出して窓拭き作業を行っていたところ、約17m下の地上に墜落し死亡した。","15","清掃・と畜業","1501","清掃・と畜業","150101","ビルメンテナンス業","1~9","4","仮設物、建築物、構築物等","41","仮設物、建築物、構築物等","418","建築物、構築物","1","墜落、転落"
"1102","2004","平成","16","3","10~11","工場新築工事現場において、3階での作業を終えて階段を下りていたところ、つまずいて2階床面まで墜落した。","3","建設業","302","建築工事業","30201","鉄骨・鉄筋コンクリート造家屋建築工事業","1~9","4","仮設物、建築物、構築物等","41","仮設物、建築物、構築物等","413","階段、桟橋","1","墜落、転落"
"1103","2004","平成","16","6","3~4","原動機付自転車で新聞配達中、市道交差点で右折待ちをしていたところ、後方より走行してきた四輪自動車に追突された。","17","その他の事業","1702","その他の事業","170209","その他の事業－その他","10~29","2","物上げ装置、運搬機械","23","乗物","231","乗用車、バス、バイク","17","交通事故（道路）"
"1104","2004","平成","16","8","11~12","自動車販売会社の建屋改修工事において、足場組立業者の手元作業をしていたところ、バランスを崩して2階屋根から約8m墜落した。","3","建設業","302","建築工事業","30209","その他の建築工事業","1~9","4","仮設物、建築物、構築物等","41","仮設物、建築物、構築物等","415","屋根、はり、もや、けた、合掌","1","墜落、転落"
"1105","2004","平成","16","7","12~13","自動車販売会社の建屋改修工事において、足場組立業者の手元作業をしていたところ、バランスを崩して2階屋根から約8m墜落した。","4","運輸交通業","403","道路貨物運送業","40301","一般貨物自動車運送業","10~29","2","物上げ装置、運搬機械","22","動力運搬機","221","トラック","17","交通事故（道路）"
"1106","2004","平成","16","9","10~11","堤防管理用道路が陥没し、その養生のために、車両積載形トラッククレーンで鉄板のつり上げ作業中、当該クレーンが横転し、運転していた被災者がクレーンもろとも河原へ転落した。","3","建設業","301","土木工事業","30107","河川土木工事業","10~29","2","物上げ装置、運搬機械","21","動力クレーン等","212","移動式クレーン","2","転倒"
"1107","2004","平成","16","10","0~1","自転車で走行中、電柱に左ハンドルが接触し転倒した。","15","清掃・と畜業","1501","清掃・と畜業","150101","ビルメンテナンス業","500~999","3","その他の装置等","36","人力機械工具等","362","人力運搬機","17","交通事故（道路）"
"1108","2004","平成","16","12","15~16","スクレーパコンベアを清掃中、スクレーパコンベアの歯車とコンベアチェーンの間に巻き込まれた。","15","清掃・と畜業","1501","清掃・と畜業","150102","産業廃棄物処理業","30~49","2","物上げ装置、運搬機械","22","動力運搬機","224","コンベア","7","はさまれ、巻き込まれ"
"1109","2004","平成","16","12","17~18","建設廃材を細かく砕いた再生土が入ったピット(6m×6m×4.7m)のその再生土の上に乗り、ベルトコンベア補修作業をしていたところ、ピット内の再生土がピット下部にあるホッパーから流れ出たため、再生土に飲み込まれ生き埋めになった。","1","製造業","109","窯業土石製品製造業","10909","その他の土石製品製造業","1~9","4","仮設物、建築物、構築物等","41","仮設物、建築物、構築物等","418","建築物、構築物","1","墜落、転落"
"1110","2004","平成","16","2","10~11","国道舗装修繕工事に伴い、交差点の中央分離帯付近で歩行者の誘導を行っていたところ、4tトラックが信号待ちをしていた車に追突し、中央分離帯に乗り上げ、さらに被災者をはねた。","17","その他の事業","1702","その他の事業","170201","警備業","100~299","2","物上げ装置、運搬機械","22","動力運搬機","221","トラック","17","交通事故（道路）"
"1111","2004","平成","16","3","10~11","はしけ係留場へ曳船を用いてはしけを曳航中、海中に転落して、おぼれた。","5","貨物取扱業","502","港湾運送業","50202","港湾荷役業","10~29","2","物上げ装置、運搬機械","23","乗物","239","その他の乗物","10","おぼれ"
"1112","2004","平成","16","3","8~9","岸壁において、出品車両の盗難防止のための警備業務を行っていたところ海中に転落した。","17","その他の事業","1702","その他の事業","170201","警備業","10~29","4","仮設物、建築物、構築物等","41","仮設物、建築物、構築物等","419","その他の仮設物、建築物、構築物等","10","おぼれ"
"1113","2004","平成","16","5","14~15","整備工場のピットにおいて、バスの下廻りに係るなんらかの作業を行っていたところ、当該バスが動き出したため、バスの前にまわり停止させようとした際、バスと給油所柱に挟まれた。","1","製造業","117","その他の製造業","11701","自動車整備業","1~9","2","物上げ装置、運搬機械","23","乗物","231","乗用車、バス、バイク","7","はさまれ、巻き込まれ"
"1114","2004","平成","16","10","11~12","曳き船を用いてはしけを曳航中、海中に転落しおぼれた。","5","貨物取扱業","502","港湾運送業","50209","その他の港湾運送業","10~29","2","物上げ装置、運搬機械","23","乗物","239","その他の乗物","10","おぼれ"
"1115","2004","平成","16","12","9~10","ビルディング東側の電柱に架けられていたケーブルテレビの線を北側の電柱に架け替える作業に従事していて、作業が終ったので電柱から降りようとしていたところ、誤ってはしごから4.5m下の路上に墜落した。","3","建設業","303","その他の建設業","30301","電気通信工事業","1~9","3","その他の装置等","37","用具","371","はしご等","1","墜落、転落"
"1116","2004","平成","16","2","15~16","工場内において圧縮梱包機での番線結合作業を終え移動中に、3段に積み上げられたパレット付籠と圧縮梱包機の支柱の間を通過した際、フォークリフトが当該3段積みのパレット付籠に接触し、その衝撃によりパレット付籠が横滑りして被災者に激突した。","1","製造業","106","パルプ・紙・紙加工品製造業","10609","その他のパルプ・紙・紙加工品製造業","1~9","2","物上げ装置、運搬機械","22","動力運搬機","222","フォークリフト","6","激突され"
"1117","2004","平成","16","2","8~9","建設機械のブレーカをダンプに積んで現場に搬入し、ダンプの荷台とコンクリート舗装の地面との間にアルミ製の板を渡して、ブレーカを自ら運転してダンプから降ろしていたときに、ブレーカが転倒し、被災者はブレーカから投げ出された。","3","建設業","302","建築工事業","30201","鉄骨・鉄筋コンクリート造家屋建築工事業","30~49","1","動力機械","14","建設機械等","145","解体用機械","2","転倒"
"1118","2004","平成","16","6","10~11","工事現場で、雨よけに使用しているプラスチック製の波形板に乗って家の外壁の塗装作業をしている際に、5.6m下の地面に墜落した。","3","建設業","302","建築工事業","30202","木造家屋建築工事業","1~9","4","仮設物、建築物、構築物等","41","仮設物、建築物、構築物等","419","その他の仮設物、建築物、構築物等","1","墜落、転落"
"1119","2004","平成","16","6","18~19","夕刊の配達中、道路上で転倒した。","8","商業","802","小売業","80205","新聞販売業","30~49","4","仮設物、建築物、構築物等","41","仮設物、建築物、構築物等","417","通路","2","転倒"
"1120","2004","平成","16","8","15~16","県道トンネル内で、自動車を運転中、側壁に衝突し、被災者は車外に放り出され、後続の車両にひかれた。","4","運輸交通業","402","道路旅客運送業","40201","ハイヤー・タクシー業","100~299","2","物上げ装置、運搬機械","23","乗物","231","乗用車、バス、バイク","17","交通事故（道路）"
"1121","2004","平成","16","12","13~14","木造2階建新築工事において、高さ6.4mの建屋から墜落した。","3","建設業","302","建築工事業","30202","木造家屋建築工事業","1~9","4","仮設物、建築物、構築物等","41","仮設物、建築物、構築物等","418","建築物、構築物","1","墜落、転落"
"1122","2004","平成","16","1","14~15","暖房設備の修理作業中、ヒューズの型を調べるためにヒューズボックスを取り外していたときに感電した。","17","その他の事業","1702","その他の事業","170209","その他の事業－その他","10~29","3","その他の装置等","35","電気設備","351","送配電線等","13","感電"
"1123","2004","平成","16","3","10~11","資材置き場に橋梁工事に使用する支保工(ベント)が積み上げてあり、その上にベントの間にかませる番木がおいてあった。その番木を片付けるため高さ約4mのベント上に上がり番木をトラックの荷台に投げ入れる作業をしていたときに、トラック荷台上に墜落し、さらに地面に墜落した。","3","建設業","301","土木工事業","30105","橋梁建設工事業","10~29","5","物質、材料","52","材料","521","金属材料","1","墜落、転落"
"1124","2004","平成","16","3","11~12","重油タンク解体作業中、屋根板のガス溶断を行っていたところ、屋根板および梁が落下し、その上で作業していた3名が被災し、うち2名が死亡した。","3","建設業","302","建築工事業","30209","その他の建築工事業","1~9","4","仮設物、建築物、構築物等","41","仮設物、建築物、構築物等","418","建築物、構築物","1","墜落、転落"
"1125","2004","平成","16","3","11~12","重油タンク解体作業中、屋根板のガス溶断を行っていたところ、屋根板および梁が落下し、その上で作業していた3名が被災し、うち2名が死亡した。","3","建設業","302","建築工事業","30209","その他の建築工事業","1~9","4","仮設物、建築物、構築物等","41","仮設物、建築物、構築物等","418","建築物、構築物","1","墜落、転落"
"1126","2004","平成","16","3","9~10","階段取付作業中、階段の仮溶接が終了したので、被災者は階段をつっていたワイヤーを外そうと仮付けしたばかりの階段に載りワイヤーを外したところ、クレーン2基で階段をつっていたのでワイヤーを外したことにより一方のクレーンに階段が引っ張られて跳ね上がり、その弾みで階段から墜落した。","3","建設業","302","建築工事業","30209","その他の建築工事業","10~29","4","仮設物、建築物、構築物等","41","仮設物、建築物、構築物等","413","階段、桟橋","1","墜落、転落"
"1127","2004","平成","16","3","10~11","荷物用の簡易リフトの搬器からドラム缶の留金具を荷下ろしする作業に従事していた被災者が、何らかの理由によって下降した搬器の天井部分と2階床の間に挟まれた。","17","その他の事業","1702","その他の事業","170209","その他の事業－その他","10~29","2","物上げ装置、運搬機械","21","動力クレーン等","214","エレベータ、リフト","7","はさまれ、巻き込まれ"
"1128","2004","平成","16","8","11~12","コンクリート製下水管をホイスト式天井クレーンで高さ1.2mまでつり上げ移動作業を行っていたところ、当該つり荷の下水管が振れて、被災者が当該つり荷と近くに置いてあった別の下水管との間に挟まれた。","1","製造業","109","窯業土石製品製造業","10901","セメント・同製品製造業","1~9","2","物上げ装置、運搬機械","21","動力クレーン等","211","クレーン","7","はさまれ、巻き込まれ"
"1129","2004","平成","16","9","3~4","高速道を走行していたトラックに被災者が運転していたトラックが追突し、被災者は運転席に挟まれ脱出できなくなった。このため追突されたトラックの運転手が発炎筒をたいて待機していたところ、その後、後方から走ってきた別のトラックが、被災者が閉じこめられたトラックに追突した。","4","運輸交通業","403","道路貨物運送業","40301","一般貨物自動車運送業","30~49","2","物上げ装置、運搬機械","22","動力運搬機","221","トラック","17","交通事故（道路）"
"1130","2004","平成","16","10","16~17","内面仕上げのために作業場内に仮置きした鋳鉄管の位置を微調整しようと、他の作業者がトラバーサーで約30センチメートル移動させたところ、被災者が当該鋳鉄管と隣の作業台に置いてあった鋳鉄管の間に挟まれた。","5","貨物取扱業","501","陸上貨物取扱業","50101","陸上貨物取扱業","50~99","5","物質、材料","52","材料","521","金属材料","7","はさまれ、巻き込まれ"
"1131","2004","平成","16","10","14~15","船舶エンジン用台座(重量1.5t)を、油圧式テーブルリフター2基で支持して1.5mの高さに上昇させ、その台座の下で溶接部の検査を行っていたところ、片方のテーブルリフターから脱落した台座の下敷きになった。","1","製造業","112","金属製品製造業","11209","その他の金属製品製造業","10~29","3","その他の装置等","39","その他の装置、設備","391","その他の装置、設備","4","飛来、落下"
"1132","2004","平成","16","10","9~10","工場屋根を補修するために屋根上に上がっていてスレート板を踏み抜き、約11m下の工場床上に置いてあった金属くず入れの上に墜落した。","3","建設業","302","建築工事業","30209","その他の建築工事業","1~9","4","仮設物、建築物、構築物等","41","仮設物、建築物、構築物等","415","屋根、はり、もや、けた、合掌","1","墜落、転落"
"1133","2004","平成","16","10","11~12","仮設構台設置工事現場でのH型鋼の建て込み作業において、H型鋼と土嚢の間に挟まれた水道用ホースを取り除くため、H型鋼を両手で掴んで手前に引いたところ、H型鋼が回転して足元に落下した。医療機関で治療後現場に戻り、帰宅のため乗用車に乗り込もうとしていたところ、突然倒れ、その後、救急車で搬送されたが死亡した。","17","その他の事業","1702","その他の事業","170209","その他の事業－その他","1~9","5","物質、材料","52","材料","521","金属材料","4","飛来、落下"
"1134","2004","平成","16","1","0~1","木造家屋新築工事現場にアルミサッシを納入しに来た建材販売店の労働者が、建屋2階の階段設置予定個所の開口部(0.9m×0.6m)から3.5m下のコンクリート床に墜落した。","8","商業","802","小売業","80209","その他の小売業","1~9","4","仮設物、建築物、構築物等","41","仮設物、建築物、構築物等","414","開口部","1","墜落、転落"
"1135","2004","平成","16","4","4~5","朝刊新聞配達中に、県道を自転車で走っていたところ、車にひき逃げされた。","8","商業","802","小売業","80205","新聞販売業","10~29","2","物上げ装置、運搬機械","23","乗物","231","乗用車、バス、バイク","17","交通事故（道路）"
"1136","2004","平成","16","4","9~10","ビル内ダストシュートから投棄されるゴミを集積する地下2階において、被災者は当該ゴミを圧縮するために設置されたゴミ圧縮機械を操作していたところ、誤って当該機械のホッパー内部に入り込み、挟まれた。","15","清掃・と畜業","1501","清掃・と畜業","150101","ビルメンテナンス業","30~49","1","動力機械","16","一般動力機械","169","その他の一般動力機械","7","はさまれ、巻き込まれ"
"1137","2004","平成","16","7","15~16","中学校の大規模改修工事現場において、校舎3階のトイレのはつり作業に伴うガラの撤去作業を行っていたところ、休憩時間中に気分が悪くなり、同僚の車で病院に搬送されたものの熱中症で死亡した。","3","建設業","302","建築工事業","30209","その他の建築工事業","50~99","7","環境等","71","環境等","715","高温・低温環境","11","高温・低温の物との接触"
"1138","2004","平成","16","9","9~10","中学校の運動場通路の舗装工事において、中学校の外の駐車場に止めていたバイブレーションローラーを町道を通って工事場所に移動させようと、被災者が運転して駐車場から町道に出て前進させていたところ、町道から約2.3mの畑に車両とともに転落した。","3","建設業","301","土木工事業","30106","道路建設工事業","1~9","1","動力機械","14","建設機械等","144","締固め用機械","17","交通事故（道路）"
"1139","2004","平成","16","10","10~11","軽トラックを停車してすぐに、ゴミステーションのある反対車線側へ車から飛び出したところ、反対車線側から走行してきた普通乗用車にはねられた。","15","清掃・と畜業","1501","清掃・と畜業","150103","その他の廃棄物処理業","100~299","2","物上げ装置、運搬機械","23","乗物","231","乗用車、バス、バイク","17","交通事故（道路）"
"1140","2004","平成","16","10","10~11","台風で、流されたカキ養殖用いかだの下に入り込んだ浮き灯台から、カキ養殖用いかだを引き離す作業を、当該養殖用いかだ上で行っていた被災者が行方不明になり、翌日海中で溺死しているのが発見された。","7","畜産・水産業","702","水産業","70209","その他の水産業","1~9","3","その他の装置等","39","その他の装置、設備","391","その他の装置、設備","10","おぼれ"
"1141","2004","平成","16","9","5~6","トラックで走行中、対向車(トラック)が誤って車線を越えてきて正面衝突した。","3","建設業","301","土木工事業","30199","その他の土木工事業","1~9","2","物上げ装置、運搬機械","22","動力運搬機","221","トラック","17","交通事故（道路）"
"1142","2004","平成","16","12","7~8","守衛業務中、事務所の鍵を開けて守衛室に戻る途中で、夜勤作業を終えて帰宅しようとしていた別の労働者の運転する自家用車にはねられた。","4","運輸交通業","403","道路貨物運送業","40301","一般貨物自動車運送業","30~49","2","物上げ装置、運搬機械","23","乗物","231","乗用車、バス、バイク","17","交通事故（道路）"
"1143","2004","平成","16","12","9~10","下水道用マンホール内部(深さ約5m)で深さ約1.5mの個所に真横に突き出た下水管の入り口に、ビニールシートでカバーをする作業中、硫化水素により意識を失い、マンホールの底まで墜落した。","3","建設業","301","土木工事業","30106","道路建設工事業","1~9","7","環境等","71","環境等","714","異常環境等","12","有害物等との接触"
"1144","2004","平成","16","1","0~1","木造家屋新築工事現場にアルミサッシを納入しに来た被災者が、建屋2階の階段設置予定個所の開口部(0.9×0.6m)から3.5m下のコンクリート床に墜落した。","8","商業","802","小売業","80209","その他の小売業","1~9","4","仮設物、建築物、構築物等","41","仮設物、建築物、構築物等","414","開口部","1","墜落、転落"
"1145","2004","平成","16","6","13~14","事業場内の庭木の松の木の枝切り作業中に、枝切り用脚立の5段目にのって枝切りしていた被災者が、バランスを崩して1.8m下のアスファルト路面に落ちた。","1","製造業","101","食料品製造業","10109","その他の食料品製造業","100~299","3","その他の装置等","37","用具","371","はしご等","1","墜落、転落"
"1146","2004","平成","16","3","9~10","産業廃棄物処理会社の防音対策工事で、壁に鉄板を溶接して取り付ける作業中、高さ約3メートルの木製の歩み板の上で溶接作業していた際、足を滑らせコンクリート土間に墜落した。","3","建設業","302","建築工事業","30201","鉄骨・鉄筋コンクリート造家屋建築工事業","1~9","4","仮設物、建築物、構築物等","41","仮設物、建築物、構築物等","416","作業床、歩み板","1","墜落、転落"
"1147","2004","平成","16","8","13~14","事業場構内の配電柱上に設置している電気スイッチ二次側開閉器の「入」側の操作紐が切れたため、当該柱上に登り操作紐を解こうとした際に感電し、約7m下の地上に墜落した。","2","鉱業","202","土石採取業","20201","採石業","1~9","3","その他の装置等","35","電気設備","351","送配電線等","13","感電"
"1148","2004","平成","16","10","14~15","住宅の2階屋根に上がって点検、応急処置をした後、脚立はしごで降りようとしていたところ、バランスを崩して約6m下のコンクリート製の階段に墜落した。","3","建設業","302","建築工事業","30202","木造家屋建築工事業","1~9","3","その他の装置等","37","用具","371","はしご等","1","墜落、転落"
"1149","2004","平成","16","11","10~11","大型コンクリートミキサー車で、生コンを運ぶため県道を走っていたところ、ハンドル操作を誤って車が横転し、その勢いで路肩側のガードレールを突き破り側溝の水路に転落した。","1","製造業","109","窯業土石製品製造業","10901","セメント・同製品製造業","10~29","2","物上げ装置、運搬機械","22","動力運搬機","221","トラック","17","交通事故（道路）"
"1150","2004","平成","16","12","11~12","道路の舗装工事のため4tダンプトラックの後退を誘導していたところ、当該道路の後方から走行してきた軽トラックにはね飛ばされて、誘導していた前記4tダンプトラックに激突した。","17","その他の事業","1702","その他の事業","170201","警備業","1~9","2","物上げ装置、運搬機械","22","動力運搬機","221","トラック","17","交通事故（道路）"
"1151","2004","平成","16","1","16~17","15tトラックに積んだアルミスクラップを荷卸しする作業中、左側アオリを開けて準備していたところ、荷が崩壊し、最上部に積んでいたアルミスクラップ3束が崩れ落ち、そのうち1束(約600キログラム)が被災者を直撃した。","4","運輸交通業","403","道路貨物運送業","40301","一般貨物自動車運送業","10~29","6","荷","61","荷","611","荷姿の物","5","崩壊、倒壊"
"1152","2004","平成","16","2","9~10","ホテル内プール棟8階ベランダ上に仮設されていた足場を解体するため、被災者はベランダの手すりを乗り越え、腰壁(高さ約20センチメートル)上で防網を取り外す作業を行っていたところ、誤って足を踏み外し、ベランダから約19m下の隣棟3階の屋上に墜落した。","3","建設業","302","建築工事業","30209","その他の建築工事業","1~9","4","仮設物、建築物、構築物等","41","仮設物、建築物、構築物等","418","建築物、構築物","1","墜落、転落"
"1153","2004","平成","16","4","8~9","ビル駐車場で自家用車を駐車する際に、ブレーキとアクセルを踏み間違えたため車が暴走し、フェンスを突き破り7m下の道路に転落した。","12","教育・研究業","1201","教育・研究業","120109","その他の教育研究業","100~299","2","物上げ装置、運搬機械","23","乗物","231","乗用車、バス、バイク","1","墜落、転落"
"1154","2004","平成","16","7","10~11","マンションの4階から引越の荷物を搬出するため、荷の上げ下ろしに使用する引越リフト車の搬器を、あおりを倒した状態で4階通路外側まで上昇させ、荷を搬器に積み込む作業を行っていた際に、同搬器のあおりに乗って作業をしていた被災者が、搬器のあおりから墜落した。","4","運輸交通業","403","道路貨物運送業","40301","一般貨物自動車運送業","10~29","2","物上げ装置、運搬機械","22","動力運搬機","229","その他の動力運搬機","1","墜落、転落"
"1155","2004","平成","16","8","16~17","翌日に配達予定であるトイレットペーパー等の荷を事前にトラックへ積み込むため、当該荷を2階から1階へエレベーターを用いて運搬していたところ、昇降路2階扉が開いていたにもかかわらず扉のない搬器が動き、搬器内に入り込んでいた被災者が2階床部分と搬器上枠との間に挟まれた。","1","製造業","117","その他の製造業","11703","クリーニング業","30~49","2","物上げ装置、運搬機械","21","動力クレーン等","214","エレベータ、リフト","7","はさまれ、巻き込まれ"
"1156","2004","平成","16","10","10~11","台風で破損したサイロ棟屋根の改修工事中の屋根上へ立ち入った際、硬質木片セメント板を踏み抜き、約5m下のサイロ棟7階床上へ墜落した。","8","商業","804","その他の商業","80401","倉庫業","10~29","4","仮設物、建築物、構築物等","41","仮設物、建築物、構築物等","415","屋根、はり、もや、けた、合掌","1","墜落、転落"
"1157","2004","平成","16","5","11~12","スクリューコンベアのスクリュー羽根の磨耗個所を修理するため、コンベアを停止しアーク溶接で修理作業をしていた際に、溶接用ケーブルが作業位置まで届かなくなったのでこれを引っ張ったところ、コンベアの正転・逆転切替スイッチにケーブルが接触して同スイッチが逆転側に入り、スクリューが回転した。これに足を掛け作業していた被災者が巻き込まれ被災した。","1","製造業","117","その他の製造業","11702","機械修理業","10~29","2","物上げ装置、運搬機械","22","動力運搬機","224","コンベア","7","はさまれ、巻き込まれ"
"1158","2004","平成","16","4","15~16","トラックで荷物の運送中、インター付近で大雨のためスリップし、道路側壁に車体が激突し、その衝撃により車外に放り出された。","4","運輸交通業","403","道路貨物運送業","40301","一般貨物自動車運送業","10~29","2","物上げ装置、運搬機械","22","動力運搬機","221","トラック","17","交通事故（道路）"
"1159","2004","平成","16","9","3~4","荷物を運送するため、高速道路を10tトラックで走行中、前方を走行中のトラックが事故を起こして横転しているところへ追突し、自身のトラックも横転、大破炎上した。","4","運輸交通業","403","道路貨物運送業","40301","一般貨物自動車運送業","10~29","2","物上げ装置、運搬機械","22","動力運搬機","221","トラック","17","交通事故（道路）"
"1160","2004","平成","16","9","8~9","他の作業者がフォークリフトを旋回させた際、車体後部が半開き状態のごみ収集車用コンテナの横蓋に接触し、横蓋を支えていた鋼管式治具が外れて横蓋が閉まり、コンテナの塗装の準備を行っていた被災者がその横蓋とコンテナ本体に挟まれた。","1","製造業","115","輸送用機械等製造業","11509","その他の輸送用機械等製造業","10~29","2","物上げ装置、運搬機械","22","動力運搬機","222","フォークリフト","7","はさまれ、巻き込まれ"
"1161","2004","平成","16","9","7~8","自家用車で出勤してきて、事業場構内の駐車場にバックで駐車させようと運転席の窓から顔を出し、車を後進運転させていた際、その状態でパワーウィンドウのスイッチを上げてしまい、挟まれた。","1","製造業","109","窯業土石製品製造業","10902","ガラス・同製品製造業","500~999","2","物上げ装置、運搬機械","23","乗物","231","乗用車、バス、バイク","7","はさまれ、巻き込まれ"
"1162","2004","平成","16","10","0~1","木造建築現場において、荷物を、受け渡す要領で荷卸し作業を行っていたところ、荷の受け手であった被災者がバランスを崩し、2m下のアスファルト道路に墜落した。","4","運輸交通業","403","道路貨物運送業","40301","一般貨物自動車運送業","50~99","4","仮設物、建築物、構築物等","41","仮設物、建築物、構築物等","418","建築物、構築物","1","墜落、転落"
"1163","2004","平成","16","10","3~4","国道を自社所有のトレーラーで走行中、交差点で信号待ちをしていたトレーラーに後方から衝突した。","4","運輸交通業","403","道路貨物運送業","40301","一般貨物自動車運送業","10~29","2","物上げ装置、運搬機械","22","動力運搬機","221","トラック","17","交通事故（道路）"
"1164","2004","平成","16","12","5~6","バイクで朝刊を配達中、後方からトラックに追突され、転倒したところをさらに同トラックにひかれた。","8","商業","802","小売業","80205","新聞販売業","10~29","2","物上げ装置、運搬機械","23","乗物","231","乗用車、バス、バイク","17","交通事故（道路）"
"1165","2004","平成","16","9","16~17","屋根の雨漏り防止用の養生措置作業において、高所作業車に戻ろうとした途中、スレート屋根を踏み抜き、直下の工場床面へ約11m墜落した。","3","建設業","302","建築工事業","30209","その他の建築工事業","1~9","4","仮設物、建築物、構築物等","41","仮設物、建築物、構築物等","415","屋根、はり、もや、けた、合掌","1","墜落、転落"
"1166","2004","平成","16","10","14~15","工事現場で使用していたタイヤローラーを、運転して大型トラックの荷台に後進で積み込んでいたところ、トラック荷台前方のフレームと後進したタイヤローラーの間に挟まれた。","4","運輸交通業","403","道路貨物運送業","40301","一般貨物自動車運送業","10~29","1","動力機械","14","建設機械等","144","締固め用機械","7","はさまれ、巻き込まれ"
"1167","2004","平成","16","11","13~14","鉄骨造平屋倉庫を解体作業中、解体中の屋根の状況を確認するために屋根上に上がった被災者が、屋根断熱材として葺かれていた木毛板を踏み抜き、高さ約4mの位置から墜落した。","3","建設業","302","建築工事業","30209","その他の建築工事業","1~9","4","仮設物、建築物、構築物等","41","仮設物、建築物、構築物等","415","屋根、はり、もや、けた、合掌","1","墜落、転落"
"1168","2004","平成","16","4","17~18","屋外の汚水処理施設汚泥貯槽内に降りる際に転落し、溺死した。","15","清掃・と畜業","1501","清掃・と畜業","150105","と畜業","1~9","4","仮設物、建築物、構築物等","41","仮設物、建築物、構築物等","418","建築物、構築物","10","おぼれ"
"1169","2004","平成","16","7","16~17","国道を3tトラックで走行中、センターラインをはみ出して対向車のトラックと接触し、次に後続のトラックと衝突した。","1","製造業","112","金属製品製造業","11209","その他の金属製品製造業","1~9","2","物上げ装置、運搬機械","22","動力運搬機","221","トラック","17","交通事故（道路）"
"1170","2004","平成","16","9","0~1","地すべり防止工事において、工事完了後、現場からクローラクレーンを搬出するため幅約3.5mの町道上を走行中、路肩から約18m下の駐車場に車両とともに転落し、車外に投げ出されて車両の下敷きになった。","3","建設業","301","土木工事業","30199","その他の土木工事業","1~9","2","物上げ装置、運搬機械","21","動力クレーン等","212","移動式クレーン","17","交通事故（道路）"
"1171","2004","平成","16","9","17~18","木造家屋の増改築工事現場において、屋根の上の作業が終了し、屋根に立て掛けていた脚立から地上に降りようとした際、墜落した。","3","建設業","302","建築工事業","30202","木造家屋建築工事業","1~9","3","その他の装置等","37","用具","371","はしご等","1","墜落、転落"
"1172","2004","平成","16","11","13~14","台風による風倒木の処理作業中、中折れ(高さ約4m)して寺の参道階段に先端側が落ちた折損木を処理するため、枝払い・玉切り作業として支点になっていた枝部(直径約17センチメートル)をチェーンソーで玉切りしたところ、もう一方の支点であった中折れ部が落下して幹全体が跳ね、これが激突した。","6","農林業","602","林業","60209","その他の林業","10~29","7","環境等","71","環境等","712","立木等","6","激突され"
"1173","2004","平成","16","2","8~9","作業開始直前に、既設のスロープを駆け降りようとした被災者がスロープの端から2.3m下のアスファルトに墜落した。","3","建設業","301","土木工事業","30199","その他の土木工事業","10~29","4","仮設物、建築物、構築物等","41","仮設物、建築物、構築物等","418","建築物、構築物","1","墜落、転落"
"1174","2004","平成","16","6","9~10","貨物自動車で国道を走行中、下り坂の左カーブで走行中の車線を逸脱、対向車線路側のガードレールに衝突横転し、車両ドア等に挟まれた。","17","その他の事業","1702","その他の事業","170209","その他の事業－その他","10~29","2","物上げ装置、運搬機械","22","動力運搬機","221","トラック","17","交通事故（道路）"
"1175","2004","平成","16","9","14~15","台風による工場建屋の屋根等破損個所復旧工事において、スレート屋根補修材料を取りに行くため隣接建屋のトタン葺き屋根上を歩行中、樹脂製波板の明り採り部に乗ったために当該波板が割れ、約8m下の工場床に墜落した。","17","その他の事業","1702","その他の事業","170209","その他の事業－その他","1~9","4","仮設物、建築物、構築物等","41","仮設物、建築物、構築物等","415","屋根、はり、もや、けた、合掌","1","墜落、転落"
"1176","2004","平成","16","7","13~14","資材置場に止めていたブル・ドーザー(機体重量3.3t)を資材置場から約100m離れた工事現場へ運転し向かったが、途中でエンジンが止まったため歩いて工事現場に行き、同僚にその旨を伝えてから再びブル・ドーザーに戻った。その後、現場に戻ってこない被災者のことを不審に思った同僚が見に行くと、ブル・ドーザー右側のクローラに仰向けの状態でひかれている被災者を発見した。","3","建設業","301","土木工事業","30109","土地整理土木工事業","1~9","1","動力機械","14","建設機械等","141","整地・運搬・積込み用機械","7","はさまれ、巻き込まれ"
"1177","2004","平成","16","1","14~15","深さ3.95mの下水道工事のたて坑でライナープレートの組立中、地上の別な場所で清掃作業をしていた被災者が立入禁止のために設けられていたカラーコーンを乗り越え、たて坑の開口部の中を覗き込んだところ、墜落した。","3","建設業","301","土木工事業","30110","上下水道工事業","1~9","4","仮設物、建築物、構築物等","41","仮設物、建築物、構築物等","414","開口部","1","墜落、転落"
"1178","2004","平成","16","4","10~11","トラックに荷物を積み込み、国道を走行中、左カーブで対向車線にはみ出し、対向のトラックと正面衝突した。","4","運輸交通業","403","道路貨物運送業","40301","一般貨物自動車運送業","10~29","2","物上げ装置、運搬機械","22","動力運搬機","221","トラック","17","交通事故（道路）"
"1179","2004","平成","16","4","14~15","焼却炉の上屋の塗装作業のためにペンキを片手に持ち、はしごで屋根に上る途中にはしごから転落し、コンクリート床に激突した。","1","製造業","108","化学工業","10801","無機・有機化学工業製品製造業","100~299","3","その他の装置等","37","用具","371","はしご等","1","墜落、転落"
"1180","2004","平成","16","4","4~5","4tトラックを運転走行中、前方の赤信号で停止しようとした10tトラックに追突した。","4","運輸交通業","403","道路貨物運送業","40301","一般貨物自動車運送業","1~9","2","物上げ装置、運搬機械","22","動力運搬機","221","トラック","17","交通事故（道路）"
"1181","2004","平成","16","8","16~17","事業場内において被災者がプレス機(200t、両手操作式)で、ステンレストレーの加工を行っていた際、加工品が上型から外れなかったため、金属製のブロックを下金型の前後に置き上金型を降下させたところ、降下した上金型がブロックに接触した際に弾き飛ばされ被災者に激突した。","1","製造業","112","金属製品製造業","11203","金属プレス製品製造業","10~29","1","動力機械","15","金属加工用機械","154","プレス機械","4","飛来、落下"
"1182","2004","平成","16","10","11~12","石材の設置作業において、コンクリート打設するため仮置きしていた石材から当該石材を移動させるときに用いたワイヤロープを外そうとしたとき、当該石材が倒れ、挟まれた。","3","建設業","302","建築工事業","30201","鉄骨・鉄筋コンクリート造家屋建築工事業","1~9","5","物質、材料","52","材料","523","石、砂、砂利","5","崩壊、倒壊"
"1183","2004","平成","16","1","14~15","トラックを運転して走行中、県道交差点で軽乗用車と出会い頭に衝突し、弾みで道路脇の電柱に衝突、トラックが横転した。","4","運輸交通業","403","道路貨物運送業","40301","一般貨物自動車運送業","10~29","2","物上げ装置、運搬機械","23","乗物","231","乗用車、バス、バイク","17","交通事故（道路）"
"1184","2004","平成","16","1","11~12","倉庫2階で商品の仕分け作業において、荷揚げ用開口部脇のパレットに商品を積む作業中、転落防止用鎖の隙間から約2.8m下の1階へ墜落した。","8","商業","804","その他の商業","80401","倉庫業","10~29","4","仮設物、建築物、構築物等","41","仮設物、建築物、構築物等","414","開口部","1","墜落、転落"
"1185","2004","平成","16","3","13~14","車両の塗装作業を終えた車体塗装装置の整備中に待避坑の入口横で同装置と建物の壁の約23センチメートルの隙間に挟まれた。","1","製造業","117","その他の製造業","11702","機械修理業","300~499","1","動力機械","16","一般動力機械","169","その他の一般動力機械","7","はさまれ、巻き込まれ"
"1186","2004","平成","16","10","15~16","軽自動車で、走行中、交差点のガードレールに衝突した。","1","製造業","102","繊維工業","10209","その他の繊維工業","50~99","2","物上げ装置、運搬機械","23","乗物","231","乗用車、バス、バイク","17","交通事故（道路）"
"1187","2004","平成","16","3","15~16","2t車の荷台から、積んでいたコンパネを、手作業で下ろそうとした際に、コンパネが滑り落ちてきて下敷きになった。","3","建設業","301","土木工事業","30106","道路建設工事業","1~9","5","物質、材料","52","材料","522","木材、竹材","5","崩壊、倒壊"
"1188","2004","平成","16","5","10~11","かかり木を処理するため、かかっている木の根元部分から60センチメートルの個所を切ろうとしたところ、チェーンソーの刃が噛みこんだことにより、かかり木が動き始め、かかり木と立ち木の間に被災者が挟まれた。","6","農林業","602","林業","60201","木材伐出業","1~9","7","環境等","71","環境等","712","立木等","7","はさまれ、巻き込まれ"
"1189","2004","平成","16","5","17~18","養殖池のアマゴを網ですくい上げ、大小の選別作業中、養殖池に転落した。","7","畜産・水産業","702","水産業","70209","その他の水産業","1~9","7","環境等","71","環境等","713","水","10","おぼれ"
"1190","2004","平成","16","6","10~11","被災者が伐木したところ、この木が過去に間伐し捨て切りされていた木(伐倒木)の上に倒れ、この時の衝撃により、伐倒木の根元付近にあった岩石が落下し、下方にいた被災者に激突した。","6","農林業","602","林業","60209","その他の林業","1~9","7","環境等","71","環境等","711","地山、岩石","6","激突され"
"1191","2004","平成","16","7","11~12","よう壁ブロックの積み上げ工事において、ドラグ・ショベルを用いバケットに生コンクリートを入れ、現場まで走行し型枠内に生コンクリートを流し込もうと旋回したところ、バランスを崩し重機ごと転落した。","3","建設業","301","土木工事業","30199","その他の土木工事業","1~9","1","動力機械","14","建設機械等","142","掘削用機械","1","墜落、転落"
"1192","2004","平成","16","12","15~16","32tダンプトラックのオペレーターとして、切土場所から盛土場所まで、土の運搬を行っていたところ、一定速度のまま路肩マウンドを乗り越え、法面(のりめん)下にダンプトラックとともに転落した。","3","建設業","301","土木工事業","30106","道路建設工事業","100~299","2","物上げ装置、運搬機械","22","動力運搬機","221","トラック","1","墜落、転落"
"1193","2004","平成","16","2","3~4","大型トレーラー(25t)で国道を走行中、路肩に止まっていたトラックに気づくのが遅れ追突し、そのはずみでハンドルを取られ左ガードレールに接触、ガードレールを突き破ってトラックもろとも約10m下に墜落した。","4","運輸交通業","403","道路貨物運送業","40301","一般貨物自動車運送業","10~29","2","物上げ装置、運搬機械","22","動力運搬機","221","トラック","17","交通事故（道路）"
"1194","2004","平成","16","4","23~24","スクリーンプリント2号機のベルト下で、ロールの汚れを除去する作業をしているときベルトに巻き込まれ、ベルトとコンクリート床面の間に挟まれた。","1","製造業","102","繊維工業","10204","染色整理業","100~299","2","物上げ装置、運搬機械","22","動力運搬機","224","コンベア","7","はさまれ、巻き込まれ"
"1195","2004","平成","16","8","9~10","製菓作業中に一酸化炭素中毒により倒れた。","1","製造業","101","食料品製造業","10104","パン、菓子製造業","1~9","1","動力機械","16","一般動力機械","165","食品加工用機械","12","有害物等との接触"
"1196","2004","平成","16","8","11~12","住宅の2階屋根塗装工事中、塗料で足が滑り高さ約8mの軒先から墜落、隣家との境界に有るブロック塀頂部に激突した。","3","建設業","302","建築工事業","30202","木造家屋建築工事業","1~9","4","仮設物、建築物、構築物等","41","仮設物、建築物、構築物等","415","屋根、はり、もや、けた、合掌","1","墜落、転落"
"1197","2004","平成","16","9","9~10","高さ約2mのブロック塀を縦に必要個所切断し、その後ドラグ・ショベルで倒壊させる工事において、被災者は、倒壊させるより前に、そのブロック塀付近で準備作業を行っていた時に、ブロック塀が幅約5mにわたって倒壊し、その下敷きとなった。","3","建設業","302","建築工事業","30209","その他の建築工事業","1~9","4","仮設物、建築物、構築物等","41","仮設物、建築物、構築物等","418","建築物、構築物","5","崩壊、倒壊"
"1198","2004","平成","16","9","19~20","走行中の乗用車がセンターラインを越えてきた対向車と接触、コントロールを失い対向車のトラックと正面衝突した。","1","製造業","110","鉄鋼業","11001","製鉄・製鋼・圧延業","1000~9999","2","物上げ装置、運搬機械","23","乗物","231","乗用車、バス、バイク","17","交通事故（道路）"
"1199","2004","平成","16","9","15~16","屋根葺き替え工事中、コンクリートの土間に転落した。","3","建設業","302","建築工事業","30202","木造家屋建築工事業","1~9","4","仮設物、建築物、構築物等","41","仮設物、建築物、構築物等","415","屋根、はり、もや、けた、合掌","1","墜落、転落"
"1200","2004","平成","16","11","16~17","古紙プレス機のチャンバー内で電源を切らずに、プレッシャープレートに引っかかった結束用番線を取り除く作業をしていたところ、プレス機が作動し、プレッシャープレートと古紙の壁との間に挟まれた。","8","商業","801","卸売業","80109","その他の卸売業","10~29","1","動力機械","16","一般動力機械","169","その他の一般動力機械","7","はさまれ、巻き込まれ"
"1201","2004","平成","16","4","14~15","スクリューに漁網が絡まって航行不能になった漁船が他船に曳航されていたが、絡まった漁網を外そうとした被災者が、誤って漁網に手を絡ませ、水圧で回転していたスクリューに巻き取られた漁網と共に海中に引きずり込まれた。","7","畜産・水産業","702","水産業","70201","漁業","1~9","2","物上げ装置、運搬機械","23","乗物","239","その他の乗物","10","おぼれ"
"1202","2004","平成","16","12","10~11","軽トラックに乗って、同社が施工する工事現場にセメントの空き袋を回収に行っていたところ、林道から約20m下の谷川の河原に軽トラックごと転落した。","3","建設業","301","土木工事業","30106","道路建設工事業","10~29","2","物上げ装置、運搬機械","22","動力運搬機","221","トラック","17","交通事故（道路）"
"1203","2004","平成","16","3","10~11","杉の伐木作業を行っていたところ、東向きに伐倒する予定だった木が南東方向に倒れ、別の木の化粧巻き作業を行っていた被災者に激突した。","6","農林業","602","林業","60201","木材伐出業","1~9","7","環境等","71","環境等","712","立木等","6","激突され"
"1204","2004","平成","16","9","13~14","ホイールローダーで町道を走行している際に、運転を誤って山側斜面に乗り上げ、切り返してバックする際に転倒し、ホイールローダーの下敷きになった。","14","接客娯楽業","1403","その他の接客娯楽業","140301","ゴルフ場","10~29","1","動力機械","14","建設機械等","141","整地・運搬・積込み用機械","17","交通事故（道路）"
"1205","2004","平成","16","10","2~3","県道を2tトラックで走行中、他の2tトラックと正面衝突し、さらにその直後、被災者のトラックに軽自動車が衝突した。","4","運輸交通業","403","道路貨物運送業","40301","一般貨物自動車運送業","30~49","2","物上げ装置、運搬機械","22","動力運搬機","221","トラック","17","交通事故（道路）"
"1206","2004","平成","16","11","16~17","コンクリートの堤防設置工事において、測量作業中、事前に掘削し終えていた掘削面(高さ約2.5m、3分勾配)の岩石が、その上部とともにいきなり大量に崩落し、被災者が巻き込まれた。","3","建設業","301","土木工事業","30109","土地整理土木工事業","30~49","7","環境等","71","環境等","711","地山、岩石","5","崩壊、倒壊"
"1207","2004","平成","16","12","14~15","事業場構内の自動車保管場所でフォークリフトによる作業を終え、下り坂(勾配13度)をフォークリフトを運転して下っているときに、進行方向右側の土手に乗り上げバランスを崩しフォークリフトごと転倒した。","15","清掃・と畜業","1501","清掃・と畜業","150102","産業廃棄物処理業","1~9","2","物上げ装置、運搬機械","22","動力運搬機","222","フォークリフト","2","転倒"
"1208","2004","平成","16","2","8~9","2tトラックに鉄板を積み込もうとして、ドラグ・ショベルのエンジンを始動したところ、突然アームが回転し、近くでトラックに乗ろうとしていた被災者がアーム先端のバケットとトラックの間に挟まれた。","3","建設業","301","土木工事業","30199","その他の土木工事業","1~9","1","動力機械","14","建設機械等","142","掘削用機械","6","激突され"
"1209","2004","平成","16","11","15~16","1階建て個人住宅の屋根において、下塗剤塗布後、地上に降りるため、隣接する物干場の屋根(プラスチック製)に置いた歩み板を通り、昇降のため立てかけてあった金属製うまから地面に降りようとして、安全帯のフックを親綱から外したところ、バランスを崩し、軒から地面(コンクリート)まで墜落した。","3","建設業","302","建築工事業","30202","木造家屋建築工事業","1~9","4","仮設物、建築物、構築物等","41","仮設物、建築物、構築物等","416","作業床、歩み板","1","墜落、転落"
"1210","2004","平成","16","7","16~17","自動車販売店に自動車を降ろす作業中、キャリアカー後方において後片付けを行っていたところ、走行してきたトラックがキャリアカー後方に追突し、被災者がトラックとキャリアカーとの間に挟まれた。","4","運輸交通業","403","道路貨物運送業","40301","一般貨物自動車運送業","1~9","2","物上げ装置、運搬機械","22","動力運搬機","221","トラック","17","交通事故（道路）"
"1211","2004","平成","16","10","13~14","ビルの壁に設置された懸垂幕を、台風に備えて撤去する作業を行っていたところ、地上約19mの高さの塔屋部に設置された懸垂幕取付設備から地上に墜落した。","17","その他の事業","1702","その他の事業","170209","その他の事業－その他","1~9","4","仮設物、建築物、構築物等","41","仮設物、建築物、構築物等","419","その他の仮設物、建築物、構築物等","1","墜落、転落"
"1212","2004","平成","16","2","11~12","簡易水道配水管敷設工事現場において、仮置きしていた転石を移動しようと重機(ブレーカー)でつり上げ旋回しようとした際、重機が転倒し下敷きとなった。","3","建設業","301","土木工事業","30199","その他の土木工事業","50~99","1","動力機械","14","建設機械等","145","解体用機械","2","転倒"
"1213","2004","平成","16","7","14~15","杉の間伐作業を行っていた作業者の切り倒した木(重量800キログラム)が斜面を滑り落ち、斜面下にいた被災者に激突した。","6","農林業","602","林業","60201","木材伐出業","1~9","7","環境等","71","環境等","712","立木等","6","激突され"
"1214","2004","平成","16","1","0~1","ローラーにて転圧作業中、ローラーを運転していた被災者が機体に引っ掛かって引きずられ、コンクリートブロック壁とローラーの側面に挟まれた。","3","建設業","301","土木工事業","30199","その他の土木工事業","30~49","1","動力機械","14","建設機械等","144","締固め用機械","7","はさまれ、巻き込まれ"
"1215","2004","平成","16","11","3~4","国道を4tトラックにて芝を運送中、交差点に赤信号で停車していたトラックに追突した。","4","運輸交通業","403","道路貨物運送業","40301","一般貨物自動車運送業","1~9","2","物上げ装置、運搬機械","22","動力運搬機","221","トラック","17","交通事故（道路）"
"1216","2004","平成","16","9","21~22","営業車で国道を走行中、対向車と正面衝突した。","8","商業","802","小売業","80209","その他の小売業","10~29","2","物上げ装置、運搬機械","23","乗物","231","乗用車、バス、バイク","17","交通事故（道路）"
"1217","2004","平成","16","4","4~5","国道を4トントラックで走行中、センターラインを越え、対向車線を走行していた大型トラックと衝突、また、その後続を走行していたトラックにも衝突した。","4","運輸交通業","403","道路貨物運送業","40301","一般貨物自動車運送業","10~29","2","物上げ装置、運搬機械","22","動力運搬機","221","トラック","17","交通事故（道路）"
"1218","2004","平成","16","3","2~3","新聞配達のため、バイクで走行中、運転操作を誤り民家のブロック壁に衝突した。","8","商業","802","小売業","80205","新聞販売業","1~9","2","物上げ装置、運搬機械","23","乗物","231","乗用車、バス、バイク","17","交通事故（道路）"
"1219","2004","平成","16","6","4~5","バイクを運転し、走行中、交差点を右折しようとしたところ、後方から走行してきたトラックに追突された。","8","商業","802","小売業","80205","新聞販売業","1~9","2","物上げ装置、運搬機械","22","動力運搬機","221","トラック","17","交通事故（道路）"
"1220","2004","平成","16","1","0~1","下水道管敷設工事現場から資材置場に搬入される土砂を台地状に盛り上げる作業終了後に盛土から下ろそうとした重機が転倒し、投げ出された被災者が地面と重機の天蓋との間に挟まれた。","3","建設業","301","土木工事業","30110","上下水道工事業","1~9","1","動力機械","14","建設機械等","141","整地・運搬・積込み用機械","1","墜落、転落"
"1221","2004","平成","16","3","11~12","木材加工用丸のこ盤で、長さ約500センチメートル、幅約30センチメートルの木材を作業者2名がそれぞれ材の先端を持ち、縦引きしていた際に、材が反発し、丸のこ盤の作業者のうち、1人の作業者に飛来、激突した。","1","製造業","104","木材・木製品製造業","10409","その他の木材・木製品製造業","30~49","1","動力機械","13","木材加工用機械","131","丸のこ盤","4","飛来、落下"
"1222","2004","平成","16","3","9~10","車両積載形トラッククレーンのジブが、市道に突出し一般車通行の支障となるため、ジブの向きを前から横へかわすこととなり、エンジンを始動し運転席から降りた時にトラックがずるずると前進し、気を利かせクレーンのフックを外すため前にいた被災者がトラック前面と塀に挟まれた。","17","その他の事業","1702","その他の事業","170201","警備業","10~29","2","物上げ装置、運搬機械","22","動力運搬機","221","トラック","7","はさまれ、巻き込まれ"
"1223","2004","平成","16","4","3~4","4tトラックでバイパスの加速車線から本線に入ろうとしている時、加速車線のゼブラゾーンに停車していた10tトラックに衝突した。","4","運輸交通業","403","道路貨物運送業","40301","一般貨物自動車運送業","10~29","2","物上げ装置、運搬機械","22","動力運搬機","221","トラック","17","交通事故（道路）"
"1224","2004","平成","16","4","4~5","4tトラックで走行中、道路脇の建物に激突した。","4","運輸交通業","403","道路貨物運送業","40301","一般貨物自動車運送業","10~29","2","物上げ装置、運搬機械","22","動力運搬機","221","トラック","17","交通事故（道路）"
"1225","2004","平成","16","4","21~22","バイクを運転中、対向して来た自動車と衝突した。","17","その他の事業","1702","その他の事業","170209","その他の事業－その他","10~29","2","物上げ装置、運搬機械","23","乗物","231","乗用車、バス、バイク","17","交通事故（道路）"
"1226","2004","平成","16","6","11~12","トラックで高速自動車道を走行中、自動車道の側壁に激突し、運転者はシートベルトを着用していなかったので車外に投げ出された。","4","運輸交通業","403","道路貨物運送業","40301","一般貨物自動車運送業","1~9","2","物上げ装置、運搬機械","22","動力運搬機","221","トラック","17","交通事故（道路）"
"1227","2004","平成","16","7","14~15","宅地造成工事において石垣組み作業を行っている際に、約70センチメートル×70センチメートル×60センチメートルの石が被災者に激突し、背部にあった石との間に挟まれた。","3","建設業","301","土木工事業","30109","土地整理土木工事業","1~9","7","環境等","71","環境等","711","地山、岩石","6","激突され"
"1228","2004","平成","16","7","12~13","乗用車で国道を走行中、センターラインを越えて対向して来た大型トラックと正面衝突した。","8","商業","801","卸売業","80109","その他の卸売業","1~9","2","物上げ装置、運搬機械","23","乗物","231","乗用車、バス、バイク","17","交通事故（道路）"
"1229","2004","平成","16","3","11~12","大型トラックを県道の道路脇に止めて、歩いて交差点を渡っている時、乗用車にはねられた。","4","運輸交通業","403","道路貨物運送業","40301","一般貨物自動車運送業","50~99","2","物上げ装置、運搬機械","23","乗物","231","乗用車、バス、バイク","17","交通事故（道路）"
"1230","2004","平成","16","12","17~18","パッカー車から、荷降ろし場に収集したダンボールを降ろした後、テールゲート内に小さいダンボール屑が残っていたので、これを取ろうとしたときに、他の作業者がテールゲート内の回転板の起動ボタンを押したためテールゲート内に挟まれた。","8","商業","801","卸売業","80109","その他の卸売業","10~29","2","物上げ装置、運搬機械","22","動力運搬機","221","トラック","7","はさまれ、巻き込まれ"
"1231","2004","平成","16","12","10~11","駐車場において送迎バスの清掃作業中、転倒・墜落した。","17","その他の事業","1701","派遣業","170101","派遣業","10~29","2","物上げ装置、運搬機械","23","乗物","231","乗用車、バス、バイク","1","墜落、転落"
"1232","2004","平成","16","3","14~15","休止中の反応器の配管工事のため、足場材を移動式クレーン(つり上げ荷重45t)で反応器の2階床につり込んでいたところ、つり荷につけてあった介錯ロープ(長さ7.9m)が既に組んであった反応器の足場に引っかかり、荷が傾き足場材が落下し、作業中の被災者に激突した。","3","建設業","303","その他の建設業","30302","機械器具設置工事業","1~9","6","荷","61","荷","611","荷姿の物","4","飛来、落下"
"1233","2004","平成","16","6","16~17","伸縮ブーム型高所作業車のブームシリンダーの補修作業中、ブームの降下を防止するため、鋼管パイプ(外径50ミリメートル、長さ850ミリメートル)1本をブームのジャバラとジャバラの間に設置し、シリンダーホースを取り外したところ、鋼管パイプが折損し、被災者が挟まれた。","1","製造業","117","その他の製造業","11702","機械修理業","10~29","1","動力機械","14","建設機械等","146","高所作業車","7","はさまれ、巻き込まれ"
"1234","2004","平成","16","6","1~2","高速自動車道を2tトラックにて走行中、前方を走っていた大型トレーラーの後部に追突した。","4","運輸交通業","403","道路貨物運送業","40301","一般貨物自動車運送業","50~99","2","物上げ装置、運搬機械","22","動力運搬機","221","トラック","17","交通事故（道路）"
"1235","2004","平成","16","7","8~9","ボイラー用煙道として直径3mダクトを10本設置する工事で、トラック荷台に固縛されたダクト上にはしごで上がり、上架のため本ワイヤーに交換後、はしごから降りる際、はしごが滑って、墜落した。","3","建設業","303","その他の建設業","30302","機械器具設置工事業","1~9","6","荷","61","荷","612","機械装置","1","墜落、転落"
"1236","2004","平成","16","8","11~12","家畜飼料の原料となるふすま(粉砕した小麦の皮)を貯蔵している原料タンク下部からのふすまの排出量が少なかったため、点検のためタンク内に入ったところ、ふすまの中に生き埋めとなった。","17","その他の事業","1702","その他の事業","170209","その他の事業－その他","10~29","5","物質、材料","52","材料","529","その他の材料","5","崩壊、倒壊"
"1237","2004","平成","16","8","15~16","つり上げ荷重2.93tの移動式クレーンを用いてアウトリガー最小張り出しにて、修理依頼された重量約1.6tのトラクター・ショベルをつり上げてトラックに積載しようとしたところ過負荷となり、移動式クレーンが転倒し、移動式クレーンの運転を行っていた被災者が下敷きとなり死亡した。","1","製造業","117","その他の製造業","11702","機械修理業","10~29","2","物上げ装置、運搬機械","21","動力クレーン等","212","移動式クレーン","6","激突され"
"1238","2004","平成","16","8","5~6","軽トラック(保冷車)で国道を走行中、交差点で対向から右折しようとした乗用車と衝突した。","8","商業","801","卸売業","80109","その他の卸売業","50~99","2","物上げ装置、運搬機械","22","動力運搬機","221","トラック","17","交通事故（道路）"
"1239","2004","平成","16","1","14~15","構内の造船ドック内において、トラクター・ショベルを使用してポンツーン(浮き桟橋)製作中に出たコンクリートガラの除去作業(トラックへの積込作業)および当該ドック内のヘドロの除去作業において、トラックにガラを積載後、トラクター・ショベルでバックしたところ、ヘドロの溜まっているピット(縦8m、横6m、深さ約2.2m)に転落した。","3","建設業","301","土木工事業","30199","その他の土木工事業","10~29","1","動力機械","14","建設機械等","141","整地・運搬・積込み用機械","1","墜落、転落"
"1240","2004","平成","16","6","17~18","バイクで郵便配達中、バイクがスリップし転倒、そこへ対向してきた軽乗用車と衝突した。","1","製造業","111","非鉄金属製造業","11101","非鉄金属精錬・圧延業","100~299","2","物上げ装置、運搬機械","23","乗物","231","乗用車、バス、バイク","17","交通事故（道路）"
"1241","2004","平成","16","10","16~17","台風が接近してきて親会社の裏山から流水が流れてきたため、土嚢を積み排水溝に水が流れるようスコップを使い山からの流水の流れを変えていたところ、土砂崩壊に巻き込まれた。","4","運輸交通業","403","道路貨物運送業","40309","その他の道路貨物運送業","30~49","7","環境等","71","環境等","711","地山、岩石","5","崩壊、倒壊"
"1242","2004","平成","16","5","6~7","高速自動車道トンネル内をトラックで走行中、トンネル内の道路左側の車両退避所出口部の側壁に衝突し、車外に投げ出された。","4","運輸交通業","403","道路貨物運送業","40301","一般貨物自動車運送業","50~99","2","物上げ装置、運搬機械","22","動力運搬機","221","トラック","17","交通事故（道路）"
"1243","2004","平成","16","6","11~12","村道の法面(のりめん)修繕工事現場において、ドラグ・ショベルを運転して法面の掘削作業を行っていたところ、当該ドラグ・ショベルがバランスを崩し約5m下の谷川へ転落した。","3","建設業","301","土木工事業","30106","道路建設工事業","10~29","1","動力機械","14","建設機械等","141","整地・運搬・積込み用機械","1","墜落、転落"
"1244","2004","平成","16","8","15~16","杉・ヒノキ人工林の間伐作業中、重心が山側に掛かっている杉(胸高直径22センチメートル、樹高約20m)を山方向へ伐倒しようと受け口を入れて追い切りをしたところ、その木の上にあった杉に掛かり木となった。その時山側から風が吹付け、伐倒しようとした方向と反対方向に倒れ、その付近で玉切り作業等をしていた被災者に樹冠部が激突した。","6","農林業","602","林業","60209","その他の林業","30~49","7","環境等","71","環境等","712","立木等","6","激突され"
"1245","2004","平成","16","12","13~14","台風の強風で傾斜した木を引き起こすため、8.6m離れた柿の木(胸高直径30センチメートル)とナイロンロープ(12ミリメートル径)で張力を掛けて結んだ。そのロープの中間部付近を、高さ1.6mの法面(のりめん)へ身体を乗り出すようにして引っ張ったところ、結び目が解け、仰向けに墜落した。","6","農林業","602","林業","60201","木材伐出業","1~9","3","その他の装置等","37","用具","379","その他の用具","1","墜落、転落"
"1246","2004","平成","16","1","11~12","屋根葺き替え工事現場のスレート屋根において、屋根葺き替え工事に伴って出た土やゴミを清掃作業中、スレート屋根を踏み抜いて、墜落した。","3","建設業","302","建築工事業","30209","その他の建築工事業","1~9","4","仮設物、建築物、構築物等","41","仮設物、建築物、構築物等","415","屋根、はり、もや、けた、合掌","1","墜落、転落"
"1247","2004","平成","16","8","16~17","荷置場において、つり上げ荷重35t移動式クレーンで建築用鋼材を貨物自動車に3本を2段で水平に積み込む作業で、上段の鋼材を積み込んでいたところ、下段の鋼材上でつり荷の収まる位置を確認していた被災者が約2.8m下の地面に墜落した。","1","製造業","112","金属製品製造業","11209","その他の金属製品製造業","1~9","2","物上げ装置、運搬機械","22","動力運搬機","221","トラック","1","墜落、転落"
"1248","2004","平成","16","11","13~14","工場2階の集卵室に設置していた集卵機の入れ替えに伴う搬出作業のため、工場2階の既設外壁を取り外し、そこから搬出作業を行っていたところ、外壁を取り外していた作業床の端から4m下の地面に墜落した。","7","畜産・水産業","701","畜産業","70101","畜産業","10~29","4","仮設物、建築物、構築物等","41","仮設物、建築物、構築物等","416","作業床、歩み板","1","墜落、転落"
"1249","2004","平成","16","8","16~17","屋根改修工事現場において、高さ3.3mの屋根上で野地板の貼り付け作業を行っていたところ、コンクリート地面に墜落した。","3","建設業","302","建築工事業","30202","木造家屋建築工事業","1~9","4","仮設物、建築物、構築物等","41","仮設物、建築物、構築物等","415","屋根、はり、もや、けた、合掌","1","墜落、転落"
"1250","2004","平成","16","12","10~11","事業主がトラッククレーン(つり上げ荷重2.93t)を操作し、林内作業車(重量1.9t)を荷台から地面へ下ろしていたところ、被災者がつり荷の林内作業車と塀との間に挟まれた。","1","製造業","104","木材・木製品製造業","10401","製材業","1~9","2","物上げ装置、運搬機械","21","動力クレーン等","212","移動式クレーン","7","はさまれ、巻き込まれ"
"1251","2004","平成","16","3","7~8","25tホイールクレーンを運転中、通行していた道路路肩が崩れ、約4.5m下の川に転落、溺死した。","17","その他の事業","1702","その他の事業","170209","その他の事業－その他","1~9","2","物上げ装置、運搬機械","21","動力クレーン等","212","移動式クレーン","17","交通事故（道路）"
"1252","2004","平成","16","11","11~12","垂直に立っているダム取水管の水密金具取り付けのため、管外周に組んだ足場上で作業中、足場とダム提体とのすき間から8.5m下に墜落した。","3","建設業","301","土木工事業","30101","水⼒発電所等建設工事業","1~9","4","仮設物、建築物、構築物等","41","仮設物、建築物、構築物等","411","足場","1","墜落、転落"
"1253","2004","平成","16","1","7~8","汚泥運搬用のバキュームカーの始業前点検を運転手と被災者で行っていた際に、運転手が、タンク後部の油圧式で開閉するハッチを50~60センチメートル開けてタンク内の汚泥の量を確認するためのフロートや、バルブの働きが正常であるかを点検し、これを終えたためにハッチを閉じようとしてレバー操作したところ、被災者がハッチに挟まれた。","15","清掃・と畜業","1501","清掃・と畜業","150102","産業廃棄物処理業","30~49","2","物上げ装置、運搬機械","22","動力運搬機","221","トラック","7","はさまれ、巻き込まれ"
"1254","2004","平成","16","2","8~9","加工砂を船に積み込むコンベアのシュ-ト部において、加工砂の品質管理の為、細骨材サンプルを土のう袋に受けていたところ、何らかの原因によりシュート内に転落した。","1","製造業","109","窯業土石製品製造業","10905","その他の窯業","1~9","2","物上げ装置、運搬機械","22","動力運搬機","224","コンベア","1","墜落、転落"
"1255","2004","平成","16","2","8~9","マンション新築工事の杭掘削作業において、掘削に使用するコアバケットのピンの固定作業を行っていたところ、後退して来たアース・ドリル掘削機のカウンターウエイト部とコアバケットに挟まれた。","3","建設業","302","建築工事業","30201","鉄骨・鉄筋コンクリート造家屋建築工事業","1~9","1","動力機械","14","建設機械等","143","基礎工事用機械","7","はさまれ、巻き込まれ"
"1256","2004","平成","16","3","11~12","4tトラックで帰社途中、道路交差点にて信号待ちで停車していた大型トラックに後ろから追突した。","4","運輸交通業","403","道路貨物運送業","40301","一般貨物自動車運送業","10~29","2","物上げ装置、運搬機械","22","動力運搬機","221","トラック","17","交通事故（道路）"
"1257","2004","平成","16","3","1~2","夜間道路舗装工事現場において、片側交互通行規制中、ガードマンが車線中央にて先頭車両(4tトラック)を停車させたところ、後続車(11tトラック)が先頭車両に後ろから追突した。その際、先頭車両が押し出され、ガードマン2人が跳ねられ、死傷した。","17","その他の事業","1702","その他の事業","170201","警備業","30~49","2","物上げ装置、運搬機械","22","動力運搬機","221","トラック","17","交通事故（道路）"
"1258","2004","平成","16","3","11~12","カムシャフト研掃装置新設工事現場にて、バケットエレベーターのケーシングを組み付けるため10t移動式クレーンとチェーンブロックを用いて当該ケーシングをつり上げていたところ、つり荷が横転、落下し、玉掛けを修正しようとしていた被災者が当該吊荷と床の間に挟まれた。","3","建設業","303","その他の建設業","30302","機械器具設置工事業","1~9","2","物上げ装置、運搬機械","21","動力クレーン等","212","移動式クレーン","4","飛来、落下"
"1259","2004","平成","16","3","21~22","国道において、給油所に入るため停車していたトレーラーに被災者が運転する大型トラックが追突した。","4","運輸交通業","403","道路貨物運送業","40301","一般貨物自動車運送業","30~49","2","物上げ装置、運搬機械","22","動力運搬機","221","トラック","17","交通事故（道路）"
"1260","2004","平成","16","3","22~23","国道を走行中、前方を走行していた乗用車がUターンの為、走行車線にて急停止した。そのため、後続の車両が次々に急ブレーキをかけて停車したが、被災者の運転するトラックは停止しきれず、前方のトラックに追突した。","4","運輸交通業","403","道路貨物運送業","40301","一般貨物自動車運送業","50~99","2","物上げ装置、運搬機械","22","動力運搬機","221","トラック","17","交通事故（道路）"
"1261","2004","平成","16","4","17~18","住宅の屋根を点検し、2階屋根から1階屋根に降りるため移動はしごに足を掛け、これを支えていた被災者が当該はしごとともに地面に墜落した。","3","建設業","302","建築工事業","30202","木造家屋建築工事業","10~29","3","その他の装置等","37","用具","371","はしご等","1","墜落、転落"
"1262","2004","平成","16","4","10~11","国道を走行中のタクシーが右折しようとしたとき、タクシーの側面に、後続の2tトラックが衝突し、タクシーの運転手が被災した。","4","運輸交通業","402","道路旅客運送業","40201","ハイヤー・タクシー業","1~9","2","物上げ装置、運搬機械","22","動力運搬機","221","トラック","17","交通事故（道路）"
"1263","2004","平成","16","5","16~17","自社の資材置場から水路に土砂が流れることを防止するため、敷地と水路の境界にコンクリートブロックを設置する作業において、ドラグ・ショベル(機体重量5.3t)を用いてブロック(重量約1.5t)1個をつり上げ、左に旋回中、ドラグ・ショベルが転倒し、その下敷きになった。","3","建設業","301","土木工事業","30199","その他の土木工事業","1~9","1","動力機械","14","建設機械等","142","掘削用機械","2","転倒"
"1264","2004","平成","16","4","0~1","乗用車で国道を運転中、カーブで対向車線に飛び出し、対向車線を走行中のトレーラーに正面衝突した。","8","商業","802","小売業","80209","その他の小売業","10~29","2","物上げ装置、運搬機械","23","乗物","231","乗用車、バス、バイク","17","交通事故（道路）"
"1265","2004","平成","16","6","13~14","急な坂をトラックで下っていたところ、宅地の土手に乗り上げ、片輪走行の状態となり民家の手前で横転し、民家のブロックの壁にぶつかった。","17","その他の事業","1701","派遣業","170101","派遣業","1~9","2","物上げ装置、運搬機械","22","動力運搬機","221","トラック","17","交通事故（道路）"
"1266","2004","平成","16","7","15~16","ダンプトラックに鉄製水槽(縦3.2m×横1.9m×1.6m、重さ約2t)を載せて、水の運搬を行った後、残った水を場内へ散水するため、ダンプトラック荷台後部に乗った被災者がダンプアップしながら移動する作業中に、ずり落ちてきた水槽とダンプトラックの後部扉板との間に挟まれた。","4","運輸交通業","403","道路貨物運送業","40301","一般貨物自動車運送業","10~29","2","物上げ装置、運搬機械","22","動力運搬機","221","トラック","7","はさまれ、巻き込まれ"
"1267","2004","平成","16","8","6~7","4tトラックで高速道路を走行中、トンネル出口の側壁に接触し、約70m先の中央分離帯のガードレールに衝突した。","3","建設業","302","建築工事業","30209","その他の建築工事業","10~29","2","物上げ装置、運搬機械","22","動力運搬機","221","トラック","17","交通事故（道路）"
"1268","2004","平成","16","4","23~24","中古自動車オークションに出品される車両の現況調査業務を行っていたところ、気分が悪くなり、救急車で病院に搬送され死亡した。","8","商業","802","小売業","80202","自動車小売業","1~9","9","その他","91","その他の起因物","911","その他の起因物","90","その他"
"1269","2004","平成","16","10","11~12","鋼構造物(クレーンや橋梁)のショットブラスト作業場にて、排砂作業(作業場に飛散したショット玉を回収する作業)を行っていた被災者が、バケットコンベア入側にあるスクリューコンベアの回転軸と溝の間に挟まれた。","1","製造業","112","金属製品製造業","11209","その他の金属製品製造業","100~299","2","物上げ装置、運搬機械","22","動力運搬機","224","コンベア","7","はさまれ、巻き込まれ"
"1270","2004","平成","16","10","13~14","漁港の浮橋桟において、岸壁から浮桟橋に渡るための橋(渡橋)の端部(浮桟橋側)に敷いた鉄板に穴を明ける作業を二人で行っていたところ、発電機やエンジンウェルダー等を荷台に積んだ最大積載量2.25tのトラック(車両積載形トラッククレーン)が駐車していた渡橋から浮桟橋側にバックし、作業を行っていた2名の作業者に激突した。","3","建設業","301","土木工事業","30111","港湾海岸工事業","1~9","2","物上げ装置、運搬機械","22","動力運搬機","221","トラック","6","激突され"
"1271","2004","平成","16","10","9~10","コンクリートもたれ擁壁の天端付近において、落石防護柵の基礎の型枠を締め付ける作業等に従事していた作業者2名が、滑り落ちてきた上部擁壁(コンクリートで吹付けられた法面(のりめん))ともたれ擁壁の天端との間に挟まれた。","3","建設業","301","土木工事業","30199","その他の土木工事業","10~29","4","仮設物、建築物、構築物等","41","仮設物、建築物、構築物等","419","その他の仮設物、建築物、構築物等","5","崩壊、倒壊"
"1272","2004","平成","16","10","9~10","コンクリートもたれ擁壁の天端付近において、落石防護柵の基礎の型枠を締め付ける作業等に従事していた作業者2名が、滑り落ちてきた上部擁壁(コンクリートで吹付けられた法面(のりめん))ともたれ擁壁の天端との間に挟まれた。","3","建設業","301","土木工事業","30199","その他の土木工事業","10~29","4","仮設物、建築物、構築物等","41","仮設物、建築物、構築物等","419","その他の仮設物、建築物、構築物等","5","崩壊、倒壊"
"1273","2004","平成","16","11","14~15","工場内で、マシニングセンターを使用して自動車部品を自動研削作業中、当該機械が作動しなくなり、加工部品を送り出すオートパレットチェンジャーが停止したため、復帰させようとこの稼動範囲内に立入り点検していたところ、オートパレットチェンジャーが突然動き出し、このストローク端と搬送用ローラコンベアーの側面に挟まれた。","1","製造業","115","輸送用機械等製造業","11502","自動車・同付属品製造業","300~499","1","動力機械","15","金属加工用機械","159","その他の金属加工用機械","7","はさまれ、巻き込まれ"
"1274","2004","平成","16","12","23~24","エンジン・リヤサスペンション組立ラインにある自動垂直搬送機の故障を点検するため、昇降路にある安全柵を外し、そこから昇降路内に立ち入って作業を行っていたところ、搬送機が急に下降し始め、搬送機の上部フレームと安全柵を外した開口部分の下部に挟まれた。","1","製造業","115","輸送用機械等製造業","11502","自動車・同付属品製造業","1000~9999","2","物上げ装置、運搬機械","22","動力運搬機","229","その他の動力運搬機","7","はさまれ、巻き込まれ"
"1275","2004","平成","16","1","13~14","自動車で営業活動に出かける途中、国道沿いの歩道境ブロックに接触して停車しているところを発見され、救急車で病院に搬送されたが、死亡した。","3","建設業","302","建築工事業","30203","建築設備工事業","30~49","9","その他","91","その他の起因物","911","その他の起因物","90","その他"
"1276","2004","平成","16","12","19~20","片側1車線の緩やかなカーブをトラック(最大積載量3.2t)で走行中、中央線をはみ出したため、対向車のトラックと正面衝突した。","4","運輸交通業","403","道路貨物運送業","40301","一般貨物自動車運送業","30~49","2","物上げ装置、運搬機械","22","動力運搬機","221","トラック","17","交通事故（道路）"
"1277","2004","平成","16","5","15~16","フレートセンター構内において、荷卸しの順番待ちをしていたところ、体調不良を訴えたため救急車で病院に搬送されたが、死亡した。","4","運輸交通業","403","道路貨物運送業","40309","その他の道路貨物運送業","10~29","9","その他","91","その他の起因物","911","その他の起因物","90","その他"
"1278","2004","平成","16","12","5~6","カキいかだでの作業を終え、約100m航行したところで、漁船前方でカキの網の針金を切断していた被災者が海中に転落した。","7","畜産・水産業","702","水産業","70209","その他の水産業","10~29","2","物上げ装置、運搬機械","23","乗物","239","その他の乗物","10","おぼれ"
"1279","2004","平成","16","1","7~8","トラックに荷物を積込み、目的地まで運送する途中、雪のため、県道の路肩にトラックを止めてチェーンを取り付けていたところ、後方から4tトラックが衝突し、自車と相手車との間に挟まれた。","4","運輸交通業","403","道路貨物運送業","40301","一般貨物自動車運送業","30~49","2","物上げ装置、運搬機械","22","動力運搬機","221","トラック","17","交通事故（道路）"
"1280","2004","平成","16","2","16~17","船舶用の排気用パイプを旋盤で加工中、被災者が何らかの理由で、加工中のパイプと接近したため、パイプについていた突起物に作業服が引っ掛かり巻き込まれた。","1","製造業","113","一般機械器具製造業","11301","機械（精密機械を除く）器具製造業","10~29","1","動力機械","15","金属加工用機械","151","旋盤","7","はさまれ、巻き込まれ"
"1281","2004","平成","16","3","0~1","瓦のふき替えに際して、野地板等の点検のため軒高約3mの屋根に上がっていたところ、地面に墜落した。","3","建設業","302","建築工事業","30202","木造家屋建築工事業","1~9","4","仮設物、建築物、構築物等","41","仮設物、建築物、構築物等","415","屋根、はり、もや、けた、合掌","1","墜落、転落"
"1282","2004","平成","16","3","7~8","軽ワゴン車で走行中、トンネル内でセンターラインを越え、対向車と衝突した。","3","建設業","301","土木工事業","30199","その他の土木工事業","1~9","2","物上げ装置、運搬機械","23","乗物","231","乗用車、バス、バイク","17","交通事故（道路）"
"1283","2004","平成","16","6","15~16","宅地内排水配管埋設用の側溝内に、レベルを測るため降りようとして滑り落ちた。","3","建設業","301","土木工事業","30110","上下水道工事業","1~9","4","仮設物、建築物、構築物等","41","仮設物、建築物、構築物等","418","建築物、構築物","1","墜落、転落"
"1284","2004","平成","16","7","9~10","建造中のコンテナ運搬船の左舷船首側のアッパーデッキを含む船体ブロックをジブクレーンでつり上げて船体に据付け後、突然当該ブロックが外側に倒れ、ドック底に向けて倒壊し、ブロック天端で作業中の被災者がドック底に転落した。","1","製造業","115","輸送用機械等製造業","11501","造船業","100~299","4","仮設物、建築物、構築物等","41","仮設物、建築物、構築物等","418","建築物、構築物","1","墜落、転落"
"1285","2004","平成","16","7","9~10","建造中のコンテナ運搬船の左舷船首側のアッパーデッキを含む船体ブロックをジブクレーンでつり上げて船体に据付け後、突然当該ブロックが外側に倒れ、ドック底に向けて倒壊し、ブロック天端で作業中の被災者がドック底に転落した。","1","製造業","115","輸送用機械等製造業","11501","造船業","1~9","4","仮設物、建築物、構築物等","41","仮設物、建築物、構築物等","418","建築物、構築物","1","墜落、転落"
"1286","2004","平成","16","9","9~10","台風被害による屋根の補修工事(小規模の穴や亀裂等を確認しながらコーキング材等を用いて補修を行っていく作業)を高さ約12mの屋根上で行っていたところ、コンクリート製スレート板を踏み抜き、工場内のコンクリート床に墜落した。","3","建設業","302","建築工事業","30209","その他の建築工事業","10~29","4","仮設物、建築物、構築物等","41","仮設物、建築物、構築物等","415","屋根、はり、もや、けた、合掌","1","墜落、転落"
"1287","2004","平成","16","9","13~14","木造家屋解体工事現場において、駐車スペースの内部の鳥居状の鉄骨が倒れ、被災者を強打した。","17","その他の事業","1702","その他の事業","170209","その他の事業－その他","1~9","4","仮設物、建築物、構築物等","41","仮設物、建築物、構築物等","415","屋根、はり、もや、けた、合掌","5","崩壊、倒壊"
"1288","2004","平成","16","1","18~19","見通しの良い交差点近くを走行中、信号待ちで停車中の車に追突した後、さらに前方に駐車中の車に追突した。","4","運輸交通業","402","道路旅客運送業","40201","ハイヤー・タクシー業","100~299","2","物上げ装置、運搬機械","23","乗物","231","乗用車、バス、バイク","17","交通事故（道路）"
"1289","2004","平成","16","11","15~16","立木の伐採をするため、立木にはしごをかけてチェーンソーで伐採作業中、約3mの高さから地面に墜落した。","17","その他の事業","1702","その他の事業","170209","その他の事業－その他","10~29","3","その他の装置等","37","用具","371","はしご等","1","墜落、転落"
"1290","2004","平成","16","11","11~12","台風被害による工場屋根の補修工事のため、高さ11.5mの屋根上で作業を行っていたところ、スレートを踏み抜き、工場内のコンクリート床に墜落した。","3","建設業","302","建築工事業","30209","その他の建築工事業","10~29","4","仮設物、建築物、構築物等","41","仮設物、建築物、構築物等","415","屋根、はり、もや、けた、合掌","1","墜落、転落"
"1291","2004","平成","16","3","0~1","信号待ちのトラックに、被災者の運転するトラックが追突した。","4","運輸交通業","403","道路貨物運送業","40301","一般貨物自動車運送業","50~99","2","物上げ装置、運搬機械","22","動力運搬機","221","トラック","17","交通事故（道路）"
"1292","2004","平成","16","5","19~20","工場敷地内を自転車で夜間巡回警備中に、岸壁から自転車で海に転落した。","17","その他の事業","1702","その他の事業","170201","警備業","100~299","4","仮設物、建築物、構築物等","41","仮設物、建築物、構築物等","418","建築物、構築物","1","墜落、転落"
"1293","2004","平成","16","6","4~5","被災者運転の普通トラックが中央線を越え、対向車線の大型トラックと正面衝突した。","4","運輸交通業","403","道路貨物運送業","40301","一般貨物自動車運送業","50~99","2","物上げ装置、運搬機械","22","動力運搬機","221","トラック","17","交通事故（道路）"
"1294","2004","平成","16","7","9~10","構内排水路沿いで草刈機で雑草の除草作業を行っているとき、水路(水深1.8m)に転落した。","17","その他の事業","1702","その他の事業","170209","その他の事業－その他","500~999","7","環境等","71","環境等","711","地山、岩石","1","墜落、転落"
"1295","2004","平成","16","6","4~5","国道を大型トラックで走行中、中央線を越えた対向車と衝突した後、対向車線にはみ出しさらに、走行してきた大型トラックと衝突した。","4","運輸交通業","403","道路貨物運送業","40301","一般貨物自動車運送業","30~49","2","物上げ装置、運搬機械","22","動力運搬機","221","トラック","17","交通事故（道路）"
"1296","2004","平成","16","8","2~3","被災者運転の大型トラックが道路左側の防護壁に接触、その後道路反対側の中央分離帯の金網フェンスに衝突した。","4","運輸交通業","403","道路貨物運送業","40301","一般貨物自動車運送業","10~29","2","物上げ装置、運搬機械","22","動力運搬機","221","トラック","17","交通事故（道路）"
"1297","2004","平成","16","8","10~11","郵便物集配中の被災者運転の乗ったバイクと軽乗用車が出合い頭に衝突した。","1","製造業","111","非鉄金属製造業","11101","非鉄金属精錬・圧延業","300~499","2","物上げ装置、運搬機械","23","乗物","231","乗用車、バス、バイク","17","交通事故（道路）"
"1298","2004","平成","16","8","16~17","空倉庫の重量約1.4tの天井走行式ホイストクレーン(つり上げ荷重2.8t)のガーダをホイールクレーンの吊上げ荷重1.4t補巻フックで吊上げ、撤去する作業中、ガーダが約3.5mの高さから地上に落下し、地上にいた被災者に当たった。","4","運輸交通業","403","道路貨物運送業","40301","一般貨物自動車運送業","30~49","2","物上げ装置、運搬機械","21","動力クレーン等","212","移動式クレーン","4","飛来、落下"
"1299","2004","平成","16","9","12~13","高炉内の通路を被災者が小型ドラグ・ショベルで移動中、通路の柱とドラグ・ショベルが激突し、その音を聞きつけてきた他の作業者がドラグ・ショベルの左後方で倒れている被災者を発見した。","1","製造業","110","鉄鋼業","11001","製鉄・製鋼・圧延業","1000~9999","1","動力機械","14","建設機械等","142","掘削用機械","6","激突され"
"1300","2004","平成","16","9","15~16","鍛造プレスでシャックルに使用する六角ボルトを鍛造中、上型と下型に挟まれた。","1","製造業","112","金属製品製造業","11209","その他の金属製品製造業","10~29","1","動力機械","15","金属加工用機械","159","その他の金属加工用機械","7","はさまれ、巻き込まれ"
"1301","2004","平成","16","9","4~5","2tトラックで配送する途中に、渋滞で停車していたトラックに追突した。","4","運輸交通業","403","道路貨物運送業","40301","一般貨物自動車運送業","1~9","2","物上げ装置、運搬機械","22","動力運搬機","221","トラック","17","交通事故（道路）"
"1302","2004","平成","16","10","8~9","ドックの渠底の掃除を開始する前にドック側面の移動式足場の走行レールに平行して設けられている水パイプのバルブを開けるため、移動式足場の下部に入っていたところ、移動式足場が動き出し、水パイプと移動式足場下部ボックスに挟まれた。","1","製造業","115","輸送用機械等製造業","11501","造船業","10~29","3","その他の装置等","39","その他の装置、設備","391","その他の装置、設備","7","はさまれ、巻き込まれ"
"1303","2004","平成","16","12","5~6","車を運転して三差路を右折したところへ、対向からきた車が中央線を越えて衝突した。","4","運輸交通業","403","道路貨物運送業","40301","一般貨物自動車運送業","50~99","2","物上げ装置、運搬機械","23","乗物","231","乗用車、バス、バイク","17","交通事故（道路）"
"1304","2004","平成","16","12","10~11","増築工事現場において、鉄骨に立掛けられた移動はしごに上がり筋かいの端を鉄骨の取り付け部にボルトで取付ける作業中、上がっていたはしごが転位し、モルタルの法面(のりめん)に墜落した。","3","建設業","302","建築工事業","30201","鉄骨・鉄筋コンクリート造家屋建築工事業","1~9","3","その他の装置等","37","用具","371","はしご等","1","墜落、転落"
"1305","2004","平成","16","3","16~17","バラ積船の右舷側に張り出し足場(ブラケット2本及び鋼製足場板1枚)を設置し、溶接作業を行っていたところ海中に足場と共に墜落した。","1","製造業","115","輸送用機械等製造業","11501","造船業","30~49","4","仮設物、建築物、構築物等","41","仮設物、建築物、構築物等","411","足場","1","墜落、転落"
"1306","2004","平成","16","10","10~11","トラックを運転中、センターラインを超えてしまい対向してきた大型トラックと正面衝突した。","8","商業","802","小売業","80209","その他の小売業","30~49","2","物上げ装置、運搬機械","22","動力運搬機","221","トラック","17","交通事故（道路）"
"1307","2004","平成","16","6","13~14","急な坂をトラックで下っていたところ、宅地の土手に乗り上げ、片輪走行の状態となり民家の手前で横転し、民家のブロックの壁にぶつかった。","15","清掃・と畜業","1501","清掃・と畜業","150103","その他の廃棄物処理業","10~29","2","物上げ装置、運搬機械","22","動力運搬機","221","トラック","17","交通事故（道路）"
"1308","2004","平成","16","7","8~9","新造船船体一部の2重底タンク内のバラストパイプをエアーにより圧力テスト中、パイプの閉止用ドレッサーカップリング(伸縮継手にパイプを取り付けた物で直径450ミリメートル、長さ1000ミリメートル、重さ約160キログラム)が吹き飛び、2m離れた位置で図面のチェツクをしていた被災者に当たった。","1","製造業","115","輸送用機械等製造業","11501","造船業","300~499","5","物質、材料","52","材料","521","金属材料","4","飛来、落下"
"1309","2004","平成","16","7","16~17","朝から、コンクリート打設作業に従事していたところ、午後になって熱中症で倒れた。","3","建設業","302","建築工事業","30201","鉄骨・鉄筋コンクリート造家屋建築工事業","30~49","7","環境等","71","環境等","719","その他の環境等","90","その他"
"1310","2004","平成","16","9","14~15","山法面(のりめん)において、台風による風倒木の撤去作業中、法面と枝で浮き上がっていた風倒木の隙間に入ってチェーンソーで枝を切断したところ、風倒木が動き、法面のコンクリートと風倒木の間に挟まれた。","6","農林業","602","林業","60201","木材伐出業","10~29","7","環境等","71","環境等","712","立木等","6","激突され"
"1311","2004","平成","16","9","8~9","台風により吹き飛んだ工場屋根の波形スレート(セメント製)および明り取りのための波形スレート(塩化ビニール製)を取り替える作業中、材料を取りに行くために屋根上を移動していた被災者が明り取りスレートを踏み抜き、約14.4m下の床面に墜落した。","3","建設業","302","建築工事業","30201","鉄骨・鉄筋コンクリート造家屋建築工事業","10~29","4","仮設物、建築物、構築物等","41","仮設物、建築物、構築物等","415","屋根、はり、もや、けた、合掌","1","墜落、転落"
"1312","2004","平成","16","10","19~20","約3キログラムの円筒形樹脂製品をNC旋盤で切削加工中、その製品がチャックと呼ばれる固定治具から外れて飛来し被災者に当たった。","1","製造業","108","化学工業","10805","プラスチック製品製造業","100~299","1","動力機械","16","一般動力機械","169","その他の一般動力機械","4","飛来、落下"
"1313","2004","平成","16","12","9~10","山林において松の木を切り倒したところ、かかり木となったため、この元口をチェーンソーで1mづつ4本切ったとき、かかり木が外れ、付近にいた被災者に激突した。","6","農林業","602","林業","60209","その他の林業","50~99","7","環境等","71","環境等","712","立木等","6","激突され"
"1314","2004","平成","16","3","9~10","高速自動車道において、路面清掃作業に従事していた被災者が、中央分離帯付近に落下していた毛布を回収し、登坂車線路肩に停車していた作業車に戻る途中、追越車線を走行してきた乗用車にはねられた。","3","建設業","301","土木工事業","30106","道路建設工事業","1~9","2","物上げ装置、運搬機械","23","乗物","231","乗用車、バス、バイク","17","交通事故（道路）"
"1315","2004","平成","16","5","10~11","マサ土採取工事現場にて、支障木の伐採・集材作業を行っていた際、集材作業を行っていた重機が掴んでいた木材が、アタッチメントの誤操作により回転したため、近くで木材を玉切りしていた被災者に激突した。","3","建設業","301","土木工事業","30109","土地整理土木工事業","10~29","1","動力機械","14","建設機械等","149","その他の建設機械等","6","激突され"
"1316","2004","平成","16","7","13~14","工場のスレート屋根の雨漏り補修作業を行っていたところ、スレートを踏抜き、約6m墜落した。","3","建設業","302","建築工事業","30209","その他の建築工事業","1~9","4","仮設物、建築物、構築物等","41","仮設物、建築物、構築物等","415","屋根、はり、もや、けた、合掌","1","墜落、転落"
"1317","2004","平成","16","10","11~12","工場のスレート屋根の補修を行っていたところ、スレート屋根を踏み抜き4m下のコンクリート土間に墜落した。","1","製造業","109","窯業土石製品製造業","10902","ガラス・同製品製造業","50~99","4","仮設物、建築物、構築物等","41","仮設物、建築物、構築物等","415","屋根、はり、もや、けた、合掌","1","墜落、転落"
"1318","2004","平成","16","1","11~12","木造2階建屋建築現場において、2階小屋梁に架け渡した木製歩み板上で、掛矢を用いて建て方作業を行っていた際に歩み板を踏み外し、2階の養生板に当たった後、1階コンクリート基礎に墜落した。","3","建設業","302","建築工事業","30202","木造家屋建築工事業","1~9","4","仮設物、建築物、構築物等","41","仮設物、建築物、構築物等","416","作業床、歩み板","1","墜落、転落"
"1319","2004","平成","16","3","11~12","立形マシニングセンターの前面ドアを開放した状態で、金属製品を加工していた際、被災者が可動中のマシニングセンター内部に上半身を入れたため、動いていた治具(可動するテーブル上に固定されていたNC円テーブル)と、マシニングセンターの金属製外板との間に挟まれた。","1","製造業","113","一般機械器具製造業","11301","機械（精密機械を除く）器具製造業","10~29","1","動力機械","15","金属加工用機械","159","その他の金属加工用機械","7","はさまれ、巻き込まれ"
"1320","2004","平成","16","3","14~15","鶏糞堆肥生産設備の堆肥冷却装置において、堆肥を冷却装置の端部まで自動で移動させるためのスクレーパー部と、鋼板製フードとの間に挟まれた。","7","畜産・水産業","701","畜産業","70101","畜産業","1~9","1","動力機械","16","一般動力機械","169","その他の一般動力機械","7","はさまれ、巻き込まれ"
"1321","2004","平成","16","7","18~19","実験室内において、試験中に出たアルカリ水洗水500mL~1000mLを汚水入れ専用のポリ容器の中に移し入れたところ、ポリ容器内部に残留していたアクリル酸クロライドとアルカリ水が反応したため、多量の塩化水素ガスが発生し中毒となった。","1","製造業","108","化学工業","10801","無機・有機化学工業製品製造業","50~99","5","物質、材料","51","危険物、有害物等","514","有害物","12","有害物等との接触"
"1322","2004","平成","16","3","15~16","造雪機の製氷機の修理を行うため、被災者は製氷機内に入り、他1名は製氷機制御盤の位置で、製氷機内にいる被災者の指示で製氷機運転の入り、切りを行っていた時、、被災者が製氷機ローターの羽部と下部支持アームに挟まれた。","17","その他の事業","1702","その他の事業","170209","その他の事業－その他","30~49","3","その他の装置等","39","その他の装置、設備","391","その他の装置、設備","7","はさまれ、巻き込まれ"
"1323","2004","平成","16","3","0~1","チップ製造機の点検口カバーを開けてチップ製造機の刃を取替え中、点検口から製造機の内部に落ちたので、角度が付いている円形の回転物(刃が6枚付いている)が、被災者の体重で回転し、これに挟まれた。","1","製造業","104","木材・木製品製造業","10409","その他の木材・木製品製造業","1~9","1","動力機械","13","木材加工用機械","139","その他の木材加工用機械","7","はさまれ、巻き込まれ"
"1324","2004","平成","16","4","2~3","大型トレーラーを運転中、道路と並走する線路上にトレーラーが横転した。","4","運輸交通業","403","道路貨物運送業","40301","一般貨物自動車運送業","30~49","2","物上げ装置、運搬機械","22","動力運搬機","221","トラック","17","交通事故（道路）"
"1325","2004","平成","16","7","5~6","高速自動車道を走行中、わき見運転のため追越車線から走行車線に入ってきたトラック(3.1t)に追突されたはずみで、道路左側のコンクリート壁に激突した。","4","運輸交通業","403","道路貨物運送業","40301","一般貨物自動車運送業","1~9","2","物上げ装置、運搬機械","22","動力運搬機","221","トラック","17","交通事故（道路）"
"1326","2004","平成","16","7","14~15","道路下法面(のりめん)の崩壊復旧工事現場において、被災者は、午前8時から道路脇に設置した植生基材製造・吹付プラントに原材料を供給する作業を行っていたところ、体調不良を訴え、駐車場に停めていた自社トラック内で休息していたが、その後死亡した。","3","建設業","301","土木工事業","30199","その他の土木工事業","1~9","7","環境等","71","環境等","719","その他の環境等","90","その他"
"1327","2004","平成","16","8","8~9","河川改修工事現場において、ドラグ・ショベルを使用し土嚢2個をつり上げ右旋回中に岸から河床へ約3mの高さを当該ショベルが転落し、それにより被災者は運転席から投げ出された結果、ショベルのクローラ部の下敷きとなった。","3","建設業","301","土木工事業","30107","河川土木工事業","30~49","1","動力機械","14","建設機械等","141","整地・運搬・積込み用機械","1","墜落、転落"
"1328","2004","平成","16","8","13~14","4tトラックで国道を走行していたところ、対向車線にはみ出し、対向してきたトラックの側面に衝突した後、ガードレールに衝突、さらに対向してきた軽自動車と正面衝突した。","4","運輸交通業","403","道路貨物運送業","40301","一般貨物自動車運送業","10~29","2","物上げ装置、運搬機械","22","動力運搬機","221","トラック","17","交通事故（道路）"
"1329","2004","平成","16","9","9~10","台風により破損した工場屋根の補修工事において、スレート屋根上で、破損したスレートの破片を回収していたところ、スレートを踏み抜き、高さ約9mの屋根上より、工場床上(コンクリート上)に墜落した。","3","建設業","302","建築工事業","30209","その他の建築工事業","1~9","4","仮設物、建築物、構築物等","41","仮設物、建築物、構築物等","415","屋根、はり、もや、けた、合掌","1","墜落、転落"
"1330","2004","平成","16","3","9~10","高速自動車道をライトバンで走行中、前方を走行中のトレラーに追突した。","1","製造業","113","一般機械器具製造業","11301","機械（精密機械を除く）器具製造業","100~299","2","物上げ装置、運搬機械","23","乗物","231","乗用車、バス、バイク","17","交通事故（道路）"
"1331","2004","平成","16","7","5~6","原動機付自転車で新聞配達中、交差点に進入したところ、側方から直進してきた乗用車に側面衝突された。","8","商業","802","小売業","80205","新聞販売業","10~29","2","物上げ装置、運搬機械","23","乗物","231","乗用車、バス、バイク","17","交通事故（道路）"
"1332","2004","平成","16","3","9~10","ビル解体現場において、飛散防止用シートを取り外す作業中、約8m下の解体がら上に墜落した。","17","その他の事業","1702","その他の事業","170209","その他の事業－その他","1~9","4","仮設物、建築物、構築物等","41","仮設物、建築物、構築物等","418","建築物、構築物","1","墜落、転落"
"1333","2004","平成","16","9","3~4","空のドラム缶およそ20本を積んだ14tトラックを運転中、ガードレールを破り5~6m下に転落した。","4","運輸交通業","403","道路貨物運送業","40301","一般貨物自動車運送業","100~299","2","物上げ装置、運搬機械","22","動力運搬機","221","トラック","17","交通事故（道路）"
"1334","2004","平成","16","11","8~9","10tトラックに積み込まれた機械装置の荷張り作業を行っていたところ、バランスを崩し約4m下のコンクリート地面に墜落した。","4","運輸交通業","403","道路貨物運送業","40301","一般貨物自動車運送業","30~49","2","物上げ装置、運搬機械","22","動力運搬機","221","トラック","1","墜落、転落"
"1335","2004","平成","16","1","13~14","ごみ収集車を道路上に停車させ、ごみ収集作業を行おうとしたところ、停車していた位置が約5%の傾斜地であったため、その位置からごみ収集車が後退し、後方のブロック壁に衝突した。その際、被災者は、ごみ収集車と当該ブロック壁の間に挟まれた。","15","清掃・と畜業","1501","清掃・と畜業","150102","産業廃棄物処理業","1~9","2","物上げ装置、運搬機械","23","乗物","239","その他の乗物","17","交通事故（道路）"
"1336","2004","平成","16","4","21~22","トレーラー型タンクローリーを運転し、高速道インターチェンジより本線合流のためランプウェイを走行中、運転を誤まりランプウェイガードレールに接触横転、本線中央分離帯の縁石に激突した。","17","その他の事業","1702","その他の事業","170209","その他の事業－その他","30~49","2","物上げ装置、運搬機械","22","動力運搬機","221","トラック","17","交通事故（道路）"
"1337","2004","平成","16","7","13~14","橋りょう整備工事現場において、橋梁に仮設されているつり足場を移動し、橋脚ブラケット足場に昇降するとき、橋脚と橋脚ブラケット足場の隙間より川(水深2.2m)に墜落した。","3","建設業","301","土木工事業","30105","橋梁建設工事業","1~9","4","仮設物、建築物、構築物等","41","仮設物、建築物、構築物等","411","足場","1","墜落、転落"
"1338","2004","平成","16","9","10~11","工場のスレート屋根に天井換気扇を取り付ける工事において、歩み板の撤去を終え、屋根の頂上に向かって歩いていたところ、スレートが割れて高さ約13m下の工場内に墜落した。","3","建設業","303","その他の建設業","30302","機械器具設置工事業","10~29","4","仮設物、建築物、構築物等","41","仮設物、建築物、構築物等","415","屋根、はり、もや、けた、合掌","1","墜落、転落"
"1339","2004","平成","16","9","9~10","国道を大型トレーラーを運転して走行中、連続したS字カーブを通過したとき車両が横転し、ガードレールに接触しながら橋の欄干に衝突し、被災者は車内より投げ出され、約8m下の川に墜落した。","4","運輸交通業","403","道路貨物運送業","40309","その他の道路貨物運送業","30~49","2","物上げ装置、運搬機械","22","動力運搬機","221","トラック","17","交通事故（道路）"
"1340","2004","平成","16","9","10~11","4tトラックの荷台に積んであった金属製角パイプ4束をトラックの荷台から降ろすため、束に金属製バールを差し込む作業をしていた時、バールが滑り、バランスを崩して荷台からコンクリート床面に墜落した。","1","製造業","112","金属製品製造業","11209","その他の金属製品製造業","10~29","2","物上げ装置、運搬機械","22","動力運搬機","221","トラック","1","墜落、転落"
"1341","2004","平成","16","12","3~4","新聞配達のため林道をバイクで走行していたところ、突然動物が前方を横切ったため衝突し、転倒した。","8","商業","802","小売業","80205","新聞販売業","10~29","2","物上げ装置、運搬機械","23","乗物","231","乗用車、バス、バイク","17","交通事故（道路）"
"1342","2004","平成","16","7","12~13","被災者(タクシー運転手)が客を乗せて運行中、交差点内で右折のため停車中の被災者のタクシーと、後続で停車中のワゴン車に、後ろから大型トラックが追突する玉突き事故が発生した。被災者は、タクシーを対向車線側に移動し停車させた後、道路を横断、降車していた客と話をした後タクシーに戻ろうと横断歩道近くの路上を横断中、対向車線を走行してきた別のタクシーにはねられた。","4","運輸交通業","402","道路旅客運送業","40201","ハイヤー・タクシー業","10~29","2","物上げ装置、運搬機械","23","乗物","231","乗用車、バス、バイク","17","交通事故（道路）"
"1343","2004","平成","16","3","3~4","軽貨物自動車で新聞配達中、三差路交差点を直進し民家の石垣に衝突した。","8","商業","802","小売業","80205","新聞販売業","10~29","2","物上げ装置、運搬機械","22","動力運搬機","221","トラック","17","交通事故（道路）"
"1344","2004","平成","16","9","8~9","台風による被害でカート道上に倒れ掛かった松の木に登り枝打ちして降りようとしたところ足を滑らし約4m下に墜落した。","14","接客娯楽業","1403","その他の接客娯楽業","140301","ゴルフ場","50~99","7","環境等","71","環境等","712","立木等","1","墜落、転落"
"1345","2004","平成","16","9","3~4","4tトラックで国道を走行中、前方に停車していた14tトラックに追突した。","4","運輸交通業","403","道路貨物運送業","40301","一般貨物自動車運送業","10~29","2","物上げ装置、運搬機械","22","動力運搬機","221","トラック","17","交通事故（道路）"
"1346","2004","平成","16","10","16~17","テレストシュートの除去工事中、作業効率を上げるため、事前に溶断作業を行っていたところ、誤ってチェーンを溶断してしまい、バランスウエイトの重さでシュートが動き、シュートとフレームに挟まれた。","3","建設業","302","建築工事業","30209","その他の建築工事業","10~29","1","動力機械","16","一般動力機械","169","その他の一般動力機械","7","はさまれ、巻き込まれ"
"1347","2004","平成","16","6","15~16","脚立の上で植木の枝切り作業を行っていたところ、脚立から転落した。","6","農林業","601","農業","60101","農業","1~9","3","その他の装置等","37","用具","371","はしご等","1","墜落、転落"
"1348","2004","平成","16","2","9~10","道路上から高さにして約4.6m下の擁壁の裏込めした場所に、つり上げ荷重約3tの車両積載形トラッククレーンで荷台からヘッドガードを取り外したドラグ・ショベルを下ろそうとしたところ、クレーンが斜面側に横転し、逃げ遅れた被災者がクレーンの下敷きになった。","3","建設業","301","土木工事業","30108","砂防工事業","1~9","2","物上げ装置、運搬機械","21","動力クレーン等","212","移動式クレーン","6","激突され"
"1349","2004","平成","16","3","5~6","原動機付自転車で新聞配達をしていたところ、市道で乗用車と正面衝突した。","8","商業","802","小売業","80205","新聞販売業","10~29","2","物上げ装置、運搬機械","23","乗物","231","乗用車、バス、バイク","17","交通事故（道路）"
"1350","2004","平成","16","6","15~16","橋脚建築現場の深礎杭施工で、ライナープレート(深さ14m、直径8m)内に設けた鉄筋にコンクリート打設用ブラケット足場を取り付け作業中、ブラケット足場用手すりの溶接をする際、安全帯での身体確保が十分に出来ず、深礎杭底部に墜落した。","3","建設業","301","土木工事業","30106","道路建設工事業","50~99","4","仮設物、建築物、構築物等","41","仮設物、建築物、構築物等","419","その他の仮設物、建築物、構築物等","1","墜落、転落"
"1351","2004","平成","16","6","15~16","マンションの5階通路で清掃作業をしていた被災者が約13m下のアスファルトの地面に墜落した。","15","清掃・と畜業","1501","清掃・と畜業","150109","その他の清掃・と畜業","10~29","3","その他の装置等","37","用具","371","はしご等","1","墜落、転落"
"1352","2004","平成","16","6","4~5","直前を走行していたトラックが中央車線をはみ出し、対向車線を走行していたトラックに接触し、その反動で接触した直前を走行中のトラックが被災者のトラックと正面衝突した。","4","運輸交通業","403","道路貨物運送業","40301","一般貨物自動車運送業","100~299","2","物上げ装置、運搬機械","22","動力運搬機","221","トラック","17","交通事故（道路）"
"1353","2004","平成","16","9","13~14","山林の下刈作業を行っていたところ、ハチに刺され、救急車で病院に運ばれたが死亡した。","6","農林業","602","林業","60209","その他の林業","50~99","7","環境等","71","環境等","719","その他の環境等","90","その他"
"1354","2004","平成","16","3","15~16","セルラーブロック製作工事においてつり上げ荷重40tの移動式クレーンを用いて鋼製型枠をつり上げていたところ、当該クレーンが横転し、同鋼製型枠が完成したケーソン上(高さ4m)で作業をしていた被災者に激突した。","3","建設業","301","土木工事業","30107","河川土木工事業","10~29","2","物上げ装置、運搬機械","21","動力クレーン等","212","移動式クレーン","6","激突され"
"1355","2004","平成","16","8","15~16","鉄筋コンクリート造建築工事にかかる玄関ポーチひさしの鉄骨組立作業中において、ひさし鉄骨の水平出しのため、ホイールクレーン(10t)で鉄骨梁先の先端部をつり上げ、パイプサポートで支持作業中、番線で仮固定されていた溝形鋼(長さ10m、約350キログラム)が落下し、被災者に当たった。","3","建設業","302","建築工事業","30201","鉄骨・鉄筋コンクリート造家屋建築工事業","10~29","4","仮設物、建築物、構築物等","41","仮設物、建築物、構築物等","415","屋根、はり、もや、けた、合掌","4","飛来、落下"
"1356","2004","平成","16","9","0~1","屋上防水補修工事において、3階建て建屋の屋上で、清掃、片付け等の雑役作業を行っていたところ、屋上の端から地上に墜落した。","3","建設業","302","建築工事業","30209","その他の建築工事業","1~9","4","仮設物、建築物、構築物等","41","仮設物、建築物、構築物等","415","屋根、はり、もや、けた、合掌","1","墜落、転落"
"1357","2004","平成","16","11","2~3","大型貨物自動車を運転し高速道路を走行中、路肩に停車したトレーラ右車体部分と接触した後、さらに渋滞で停車中の大型貨物自動車後部に追突した。","4","運輸交通業","403","道路貨物運送業","40301","一般貨物自動車運送業","30~49","2","物上げ装置、運搬機械","22","動力運搬機","221","トラック","17","交通事故（道路）"
"1358","2004","平成","16","6","14~15","最大積載荷重3.5tのフォークリフトを運転して、本社から約100m離れた同社資材置場へ移動中、同資材置場入口付近で右折した際にフォークリフトが転倒し、同フォークリフトのヘッドガードの下敷きになった。","17","その他の事業","1702","その他の事業","170209","その他の事業－その他","50~99","2","物上げ装置、運搬機械","22","動力運搬機","222","フォークリフト","2","転倒"
"1359","2004","平成","16","1","16~17","道路局部改良工事現場において、被災者を含めた3名が工事記録の写真撮影作業を行っていた。終業時間になって被災者がいないことに気づいた同僚が、周囲を捜索したところ、現場事務所が置かれた県道から51m下の川に転落している被災者を発見した。","3","建設業","301","土木工事業","30106","道路建設工事業","10~29","9","その他","99","分類不能","999","分類不能","1","墜落、転落"
"1360","2004","平成","16","3","7~8","軽自動車で走行中、町道から車とともに約30m下の農道に転落した。","3","建設業","301","土木工事業","30106","道路建設工事業","10~29","2","物上げ装置、運搬機械","23","乗物","231","乗用車、バス、バイク","17","交通事故（道路）"
"1361","2004","平成","16","4","9~10","山林の間伐作業現場において、間伐材を機械集材装置を使用して搬出する作業中、荷掛け作業に従事していた被災者が荷掛けを行い同僚がリモコンにより巻き上げ操作を行ったところ、材が谷側に転がり、その材が被災者に当たり、被災者は斜面を転がり落ちた。","6","農林業","602","林業","60201","木材伐出業","1~9","2","物上げ装置、運搬機械","21","動力クレーン等","217","機械集材装置、運材索道","6","激突され"
"1362","2004","平成","16","8","14~15","修理した木工機械(チッパー)を設置した後、機械搬出入のため外していた屋根(スレート・鉄板)を元に戻そうと屋根の上に乗り、作業を行っていたところ、スレート製の屋根を踏み抜いて約6.1m下の地面に墜落した。","1","製造業","113","一般機械器具製造業","11301","機械（精密機械を除く）器具製造業","1~9","4","仮設物、建築物、構築物等","41","仮設物、建築物、構築物等","415","屋根、はり、もや、けた、合掌","1","墜落、転落"
"1363","2004","平成","16","6","15~16","木造新築店舗への電線の引込み線工事中に感電した。","3","建設業","303","その他の建設業","30301","電気通信工事業","1~9","3","その他の装置等","35","電気設備","351","送配電線等","13","感電"
"1364","2004","平成","16","8","8~9","クローラクレーンにアタッチメントとして取り付け、使用していたくい打ち機を解体する作業において、同機のキャッチフォークと称する補助材上で同キャッチフォークのつり上げ等に使用したワイヤロープを取り外し中、リーダ(くい打ち部分)が内側に振れて、同時にキャッチフォークがクレーンのジブ側に振れて被災者がキャッチフォークとジブの間に挟まれた。","3","建設業","302","建築工事業","30203","建築設備工事業","50~99","1","動力機械","14","建設機械等","143","基礎工事用機械","6","激突され"
"1365","2004","平成","16","7","14~15","2階建て木造家屋の新築現場において、2階天井部分のはりに登って棟上げの作業をしていたところ、被災者がはりを移動中に固定されていないもやに体重をかけ、バランスを崩して、いったん1階天井のはりに墜落してからさらに1階土台まで墜落した。","3","建設業","302","建築工事業","30202","木造家屋建築工事業","1~9","4","仮設物、建築物、構築物等","41","仮設物、建築物、構築物等","415","屋根、はり、もや、けた、合掌","1","墜落、転落"
"1366","2004","平成","16","5","14~15","国道の土砂崩壊防止用の擁壁を築造するためのコンクリート打設工事現場において、型枠支保工を組んでその上部に足場板を敷き、コンクリート打設を行っていた作業者が、型枠支保工の一部が損壊したため、コンクリート打設部分に落ち込み、生コンクリートの中に埋まった。","3","建設業","301","土木工事業","30108","砂防工事業","1~9","4","仮設物、建築物、構築物等","41","仮設物、建築物、構築物等","412","支保工","1","墜落、転落"
"1367","2004","平成","16","5","14~15","解体工事現場にて、丸太足場を設置し、高さ3.6mで養生シートを取り付ける作業中、地面に墜落した。","3","建設業","302","建築工事業","30202","木造家屋建築工事業","1~9","4","仮設物、建築物、構築物等","41","仮設物、建築物、構築物等","411","足場","1","墜落、転落"
"1368","2004","平成","16","1","4~5","新聞配達作業のため、新聞をバイクに積み、市道を走行中、交差点を右折するため進路変更しようとしたところ、後方を走行していた軽乗用車に追突された。","8","商業","802","小売業","80205","新聞販売業","10~29","2","物上げ装置、運搬機械","23","乗物","231","乗用車、バス、バイク","17","交通事故（道路）"
"1369","2004","平成","16","8","16~17","建造中の貨物船の船底部(ホールド間を区切る隔壁下部のスペース内部)で塗装作業中に、爆発が起こった。","1","製造業","115","輸送用機械等製造業","11501","造船業","10~29","5","物質、材料","51","危険物、有害物等","512","引火性の物","14","爆発"
"1370","2004","平成","16","8","16~17","建造中の貨物船の船底部(ホールド間を区切る隔壁下部のスペース内部)で塗装作業中に、爆発が起こった。","1","製造業","115","輸送用機械等製造業","11501","造船業","10~29","5","物質、材料","51","危険物、有害物等","512","引火性の物","14","爆発"
"1371","2004","平成","16","10","17~18","台風の対応のため、自動車で河川の水門等の点検を行ったところ、車ごと川に流された。","3","建設業","301","土木工事業","30199","その他の土木工事業","50~99","7","環境等","71","環境等","719","その他の環境等","5","崩壊、倒壊"
"1372","2004","平成","16","10","14~15","岸壁に接岸しているばら積運搬船において、機関室下方の廃油タンク内の塗装終了後、換気のため、ポータブルファンを準備中、廃油タンクで爆発が起きた。","1","製造業","115","輸送用機械等製造業","11501","造船業","1~9","5","物質、材料","51","危険物、有害物等","512","引火性の物","14","爆発"
"1373","2004","平成","16","3","16~17","工事用に使用されている敷鉄板の入出荷に伴い、トラックへの敷鉄板の積み卸しおよび敷鉄板の補修作業を行っていたところ、積み重ねられた敷鉄板(高さ約1.4m、1枚の厚み22ミリメートル、大きさ約1500×6000ミリメートル)とホイスト式橋形クレーン(つり上げ荷重4.87t)のサドル上に取り付けてある配電盤に挟まれた。","1","製造業","112","金属製品製造業","11209","その他の金属製品製造業","1~9","2","物上げ装置、運搬機械","21","動力クレーン等","211","クレーン","7","はさまれ、巻き込まれ"
"1374","2004","平成","16","4","0~1","バイクで交差点に進入したところ、横から来た乗用車と出会い頭に衝突した。","9","金融・広告業","901","金融業","90101","銀行・信託業","30~49","2","物上げ装置、運搬機械","23","乗物","231","乗用車、バス、バイク","17","交通事故（道路）"
"1375","2004","平成","16","6","7~8","水路の草刈作業を行うため、事業場所有の2tダンプを運転して現場に到着した被災者が、水路脇にダンプを停車していたところ、当該ダンプが傾斜を後退し始め、被災者とともに約1.4m下の水田に転落した。","3","建設業","301","土木工事業","30107","河川土木工事業","30~49","2","物上げ装置、運搬機械","22","動力運搬機","221","トラック","1","墜落、転落"
"1376","2004","平成","16","10","13~14","牛の内臓を搬送するコンベアの搬器を所定位置において傾けるためのエアシリンダーの圧力計を点検中、移動してきた搬器と壁との間に挟まれた。","15","清掃・と畜業","1501","清掃・と畜業","150105","と畜業","30~49","2","物上げ装置、運搬機械","22","動力運搬機","224","コンベア","7","はさまれ、巻き込まれ"
"1377","2004","平成","16","11","10~11","墜落防止用ネットを4tトラックに積み込むため、同ネットが入った保管ケースをフォークリフトでトラックの荷台上に置き、保管ケースから荷台に移し替える作業中、荷台からアスファルト舗装された地面に転落した。","17","その他の事業","1702","その他の事業","170209","その他の事業－その他","10~29","2","物上げ装置、運搬機械","22","動力運搬機","221","トラック","1","墜落、転落"
"1378","2004","平成","16","12","9~10","窓拭き作業に従事していた被災者は、高さ1.2mの擁壁を乗り越えてひさしからベランダへ移動するため、タラップが取り付けてある場所を登って擁壁を越えようとしたところ、バランスを崩しベランダに転落した。","15","清掃・と畜業","1501","清掃・と畜業","150101","ビルメンテナンス業","1~9","4","仮設物、建築物、構築物等","41","仮設物、建築物、構築物等","418","建築物、構築物","1","墜落、転落"
"1379","2004","平成","16","1","9~10","同僚とトラクター・ショベルの運転を交替し、運転室横ステージに乗っていた被災者が、トラクター・ショベルが前進した際に転落、後輪に巻き込まれてひかれた。","2","鉱業","202","土石採取業","20201","採石業","10~29","1","動力機械","14","建設機械等","141","整地・運搬・積込み用機械","7","はさまれ、巻き込まれ"
"1380","2004","平成","16","7","10~11","高圧線のグリップカバーを取替える工事の下準備を行うため、柱を昇っている途中で、低圧線の分岐ヒューズの部分に汗で湿っていた作業服が接触したため、感電した。","3","建設業","303","その他の建設業","30301","電気通信工事業","1~9","3","その他の装置等","35","電気設備","351","送配電線等","13","感電"
"1381","2004","平成","16","8","8~9","工場のヒサシを取付ける工事において、フォークリフトで上昇させたパレット上でネットのワイヤロープの取外し作業を行っていたところ、被災者が墜落した。","3","建設業","302","建築工事業","30201","鉄骨・鉄筋コンクリート造家屋建築工事業","1~9","2","物上げ装置、運搬機械","22","動力運搬機","222","フォークリフト","1","墜落、転落"
"1382","2004","平成","16","11","4~5","バイクで国道を走行中、右折をするため道路中央付近へと進路変更をしたところ、後方から走行してきた軽ワゴン車が被災者のバイクに接触し、そのはずみでバイクごと反対側車線に転倒し、さらに走って来た保冷車にひかれた。","8","商業","802","小売業","80205","新聞販売業","10~29","2","物上げ装置、運搬機械","23","乗物","231","乗用車、バス、バイク","17","交通事故（道路）"
"1383","2004","平成","16","5","11~12","瓦のふき替え工事現場において、屋根土運搬作業に従事していた被災者が、屋根土を運搬するために運搬車を運転して私道を下っていたところ、運転操作を誤り、私道の端から下方約4.5mの地点に当該運搬車ごと転落した。","3","建設業","302","建築工事業","30202","木造家屋建築工事業","10~29","2","物上げ装置、運搬機械","22","動力運搬機","229","その他の動力運搬機","1","墜落、転落"
"1384","2004","平成","16","10","10~11","集荷場において、被災者は台風により破損したスレート屋根の補修見積りをするため、屋根上で、道板と単管を屋根に上げて安全通路を確保する作業をしていたところ、スレートを踏み抜いて墜落した。","3","建設業","302","建築工事業","30201","鉄骨・鉄筋コンクリート造家屋建築工事業","1~9","4","仮設物、建築物、構築物等","41","仮設物、建築物、構築物等","415","屋根、はり、もや、けた、合掌","1","墜落、転落"
"1385","2004","平成","16","11","8~9","入浴車を運転し、国道を走行中、センターラインを越え、道路右側脇の道路案内標識の支柱に激突した。","17","その他の事業","1702","その他の事業","170209","その他の事業－その他","10~29","2","物上げ装置、運搬機械","23","乗物","231","乗用車、バス、バイク","17","交通事故（道路）"
"1386","2004","平成","16","9","8~9","木造2階建ての店舗新築工事において、2階部分の作業床の組み立て作業の際、桁の上で足場板を並べる作業に取り掛かったとき、足が滑り下のコンクリート土間に墜落した。","3","建設業","302","建築工事業","30202","木造家屋建築工事業","10~29","4","仮設物、建築物、構築物等","41","仮設物、建築物、構築物等","415","屋根、はり、もや、けた、合掌","1","墜落、転落"
"1387","2004","平成","16","11","16~17","立木の伐採作業中、伐採木の枝の下敷になった。","6","農林業","602","林業","60201","木材伐出業","10~29","7","環境等","71","環境等","712","立木等","5","崩壊、倒壊"
"1388","2004","平成","16","6","3~4","社用車を運転中、国道で対向車と衝突した。","1","製造業","108","化学工業","10899","その他の化学工業","1~9","2","物上げ装置、運搬機械","23","乗物","231","乗用車、バス、バイク","17","交通事故（道路）"
"1389","2004","平成","16","11","0~1","砂防ダム建設現場へ生コンを納めるため、ミキサー車を運転中、林道から、約30m下の川へ転落した。","1","製造業","109","窯業土石製品製造業","10901","セメント・同製品製造業","10~29","2","物上げ装置、運搬機械","22","動力運搬機","221","トラック","17","交通事故（道路）"
"1390","2004","平成","16","12","10~11","紙オムツ製造工程において、粉砕された紙原料中に混ざった番線を取り除く作業中、微粉砕後の原料の攪拌装置の外壁を一部外して、点検していたところ、他の作業者が、停止していたファンを寸動させたため、ファンに被災者が巻き込まれた。","1","製造業","106","パルプ・紙・紙加工品製造業","10602","紙加工品製造業","10~29","1","動力機械","16","一般動力機械","162","混合機、粉砕機","7","はさまれ、巻き込まれ"
"1391","2004","平成","16","12","12~13","自社車庫を出発して、配送作業のため高速道路を走行途中、車両点検のため路側帯に停車し、トラックから降りて車両前方を点検していたところ、停車中のトラックに後方からトラックが追突してきたため、反動で停車中のトラックに激突された。","4","運輸交通業","403","道路貨物運送業","40301","一般貨物自動車運送業","10~29","2","物上げ装置、運搬機械","22","動力運搬機","221","トラック","17","交通事故（道路）"
"1392","2004","平成","16","12","13~14","圧力能力1500tの油圧プレスで鉄板の曲げ加工中、上金型を取り付けているボルト8本(直径3センチメートル)全てが破断し、スライド部から外れた上金型が、材料を保持していた作業者2名に倒れかかり、逃げ遅れた作業者1名がその下敷きとなった。","1","製造業","112","金属製品製造業","11209","その他の金属製品製造業","1~9","1","動力機械","15","金属加工用機械","154","プレス機械","5","崩壊、倒壊"
"1393","2004","平成","16","5","13~14","組立工場において、貨物船の2重底の組立作業を4名で行っていた。ブロックの側面の鋼板をクレーンで定盤上のブロックの所定の位置に設置し、チェーンブロックで4カ所を固定した。3名で鋼板をブロックに仮溶接し、チェーンブロックを調整した直後、鋼板が突然落下し、ブロックの外側にいた被災者と他の作業者が鋼板の下敷きになった。","1","製造業","115","輸送用機械等製造業","11501","造船業","1~9","4","仮設物、建築物、構築物等","41","仮設物、建築物、構築物等","418","建築物、構築物","4","飛来、落下"
"1394","2004","平成","16","7","11~12","ドック内で建造中の船体外板部のエアーサンダー掛けが終了し、ドック内で使用したエアーホースを撤去するため、ドック上から当該ホースを手で引っ張ってたぐり上げていたところ、足元の木製足場板が天秤状態となり、足場板とともに4.7m下のドック底に墜落した。","1","製造業","115","輸送用機械等製造業","11501","造船業","1~9","4","仮設物、建築物、構築物等","41","仮設物、建築物、構築物等","416","作業床、歩み板","1","墜落、転落"
"1395","2004","平成","16","7","9~10","下水道管路敷設工事において、縦ばりプレート方式の土止め支保工の組み立てを行うため、ダンプトラックに縦ばりプレートを立て掛けて、切りばりの取り付け金具を取り付け中、当該プレートが転倒し、その下敷きになった。","3","建設業","301","土木工事業","30110","上下水道工事業","1~9","4","仮設物、建築物、構築物等","41","仮設物、建築物、構築物等","412","支保工","5","崩壊、倒壊"
"1396","2004","平成","16","8","9~10","台風対策のため沖に停泊していた建造船のアンカーチェーン2本が絡まり、これを解く作業を行っていた小型作業船が転覆し、被災者は海に転落した。","1","製造業","115","輸送用機械等製造業","11501","造船業","50~99","7","環境等","71","環境等","713","水","10","おぼれ"
"1397","2004","平成","16","9","14~15","えん堤設置工事において使用するケーブルクレーンの架設作業中、索張りした作業索に触れる立木(高さ1.7m)を避けるため、作業索を持ち上げ、立木を越えさせた時、地山の肩部から斜面を約80m転落した。","3","建設業","301","土木工事業","30108","砂防工事業","1~9","7","環境等","71","環境等","711","地山、岩石","1","墜落、転落"
"1398","2004","平成","16","11","11~12","伐採終了後の現場において、木材をトラックに積み込む作業のために一人でドラグ・ショベルを運転して、木材の整理等の作業を行っていた被災者は、積み込み個所の林道路肩より沢に転落、運転席より投げ出され、機械の下敷きとなった。","8","商業","801","卸売業","80109","その他の卸売業","1~9","2","物上げ装置、運搬機械","22","動力運搬機","229","その他の動力運搬機","1","墜落、転落"
"1399","2004","平成","16","11","11~12","工場屋根葺き替え工事において、スレート屋根の撤去作業中、屋根の明り取りとして設けられていたグラス繊維製の板を踏み抜き、約7m下のコンクリート床に墜落した。","3","建設業","302","建築工事業","30209","その他の建築工事業","10~29","4","仮設物、建築物、構築物等","41","仮設物、建築物、構築物等","415","屋根、はり、もや、けた、合掌","1","墜落、転落"
"1400","2004","平成","16","9","18~19","住宅新築工事現場にて作業中、他の作業者が被災者にバールで襲い掛かり、死亡させた。","3","建設業","302","建築工事業","30202","木造家屋建築工事業","1~9","9","その他","91","その他の起因物","911","その他の起因物","90","その他"
"1401","2004","平成","16","8","5~6","原動機付自転車で新聞配達のため走行中、交差点で普通乗用車と出会い頭に衝突した。","8","商業","802","小売業","80205","新聞販売業","10~29","2","物上げ装置、運搬機械","23","乗物","231","乗用車、バス、バイク","17","交通事故（道路）"
"1402","2004","平成","16","8","9~10","ドラグ・ショベルを使用し雑木を集めていたところ、ドラグ・ショベルが掴んでいた雑木が落下し被災者に衝突した。","3","建設業","301","土木工事業","30106","道路建設工事業","1~9","1","動力機械","16","一般動力機械","169","その他の一般動力機械","4","飛来、落下"
"1403","2004","平成","16","9","13~14","ドラグ・ショベルの操作者が運転席の扉を開けようと左手にて内側から扉を押して開けていたところ、運転席左側にある操作レバーに誤って腕が接触し当該機械のバケット部が前方に動き、作業中の被災者が当該機械のバケット部と既設擁壁との間に挟まれた。","3","建設業","301","土木工事業","30106","道路建設工事業","10~29","1","動力機械","14","建設機械等","142","掘削用機械","6","激突され"
"1404","2004","平成","16","9","0~1","台風に備え、シートの掛け直し作業を行った後に屋根から地上に降りようと移動していた際に足を滑らせて、墜落した。","3","建設業","302","建築工事業","30209","その他の建築工事業","10~29","4","仮設物、建築物、構築物等","41","仮設物、建築物、構築物等","415","屋根、はり、もや、けた、合掌","1","墜落、転落"
"1405","2004","平成","16","11","11~12","乗用車を運転中、左カーブで中央線をはみ出し、対向の大型トラックと衝突した。","8","商業","801","卸売業","80109","その他の卸売業","10~29","2","物上げ装置、運搬機械","23","乗物","231","乗用車、バス、バイク","17","交通事故（道路）"
"1406","2004","平成","16","1","9~10","宅地造成現場において、ドラグ・ショベルの移動中、仮桟橋の段差を乗り越えるため、バケットを地面に押し付けて本体を浮かそうとしているとき、バケットが前方に滑り被災者に当たった。","3","建設業","301","土木工事業","30109","土地整理土木工事業","10~29","1","動力機械","14","建設機械等","142","掘削用機械","6","激突され"
"1407","2004","平成","16","4","11~12","トラクター・ショベルの修理を終え、会社に戻るため普通貨物自動車を運転して県道を走行中、道路脇の街路樹に激突した。","1","製造業","117","その他の製造業","11702","機械修理業","10~29","2","物上げ装置、運搬機械","22","動力運搬機","221","トラック","17","交通事故（道路）"
"1408","2004","平成","16","5","13~14","火災現場から出た廃棄物を4tトラックで運送中、堤防上の県道から道路下の用水路に転落した。","3","建設業","302","建築工事業","30209","その他の建築工事業","10~29","2","物上げ装置、運搬機械","22","動力運搬機","221","トラック","17","交通事故（道路）"
"1409","2004","平成","16","8","16~17","河口において、砂浜から投げた石が波によってどのように運ばれるかの研究を行っていたところ、高波にさらわれた。","12","教育・研究業","1201","教育・研究業","120109","その他の教育研究業","100~299","7","環境等","71","環境等","713","水","10","おぼれ"
"1410","2004","平成","16","8","13~14","アパートの入居者退去後の清掃作業中にバタンという音がしたので、同僚が見に行くと浴室を清掃していた被災者が、浴室を出たところで倒れていた。","15","清掃・と畜業","1501","清掃・と畜業","150101","ビルメンテナンス業","1~9","5","物質、材料","51","危険物、有害物等","514","有害物","12","有害物等との接触"
"1411","2004","平成","16","9","15~16","引越作業において、移動式クレーンで搬送作業専用つり具に荷物のソファーを積み、被災者が一緒に搭乗し、ソファーが倒れ落下しないように手で押さえた状態で2階ベランダから引越先で隣接するマンションの3階ベランダへつり上げ運ぼうと移動させたとき、バランスを崩してソファーとともに約7mの高さから地面に墜落した。","4","運輸交通業","403","道路貨物運送業","40301","一般貨物自動車運送業","30~49","3","その他の装置等","37","用具","372","玉掛用具","1","墜落、転落"
"1412","2004","平成","16","10","0~1","杉にワイヤロープをかけ、伐倒したところ、作業中の元口から約30m離れた山側の位置で、伐倒木の先端が被災者を直撃した。","6","農林業","602","林業","60201","木材伐出業","1~9","7","環境等","71","環境等","712","立木等","6","激突され"
"1413","2004","平成","16","11","15~16","鉄工所内で、鋼材を溶接で組み合わせた長さ8.6m、幅1.5m、重さ290キログラムの建設資材を製作中に、被災者が作業台の上に上がり、この資材を床上操作式天井クレーン(つり上げ荷重1t)でつり上げていた時、フックから資材が外れ、資材とともに被災者も転落し、その下敷きになった。","1","製造業","112","金属製品製造業","11209","その他の金属製品製造業","1~9","2","物上げ装置、運搬機械","21","動力クレーン等","211","クレーン","4","飛来、落下"
"1414","2004","平成","16","10","16~17","コンバインド型振動ローラを移送するため3tダンプトラックの荷台に道板をかけ、後進で積込中、前輪がすべって脱輪し、運転していた被災者が運転席から1.25m下の道板に墜落、さらに0.75m下の路上に落ちた。","3","建設業","301","土木工事業","30199","その他の土木工事業","1~9","1","動力機械","14","建設機械等","144","締固め用機械","1","墜落、転落"
"1415","2004","平成","16","11","15~16","コンクリートミキサー車のドラム内部の撹拌ブレードを溶接修理する前処理としてドラムの中に入りブレードに付着したコンクリートをハンマーで除去していた被災者が、作業する個所を変えるためドラムを少し回すよう上司に依頼し上司が車外からエンジンを始動したところミキサー車が急にバックし、同時にドラムも回転したため、被災者がドラムの開口部と車体との間に挟まれた。","1","製造業","109","窯業土石製品製造業","10901","セメント・同製品製造業","10~29","2","物上げ装置、運搬機械","22","動力運搬機","221","トラック","7","はさまれ、巻き込まれ"
"1416","2004","平成","16","2","10~11","ベルトコンベアの点検のため会社所有の乗用車で国道を移動中、道路脇のガードレールを突き破り約15m下の川に転落した。","17","その他の事業","1702","その他の事業","170209","その他の事業－その他","100~299","2","物上げ装置、運搬機械","23","乗物","231","乗用車、バス、バイク","17","交通事故（道路）"
"1417","2004","平成","16","2","16~17","農道の道路改良工事現場において、作業終了前に路面の凹凸の整地作業を行っていたドラグ・ショベルの後進中に、人力整地作業中の作業者が巻き込まれ、下敷きとなった。","3","建設業","301","土木工事業","30106","道路建設工事業","10~29","1","動力機械","14","建設機械等","142","掘削用機械","7","はさまれ、巻き込まれ"
"1418","2004","平成","16","4","9~10","トラックを運転中、前からきた大型トラックがセンターラインを越えてきたため避けれず正面衝突した。","17","その他の事業","1702","その他の事業","170209","その他の事業－その他","100~299","2","物上げ装置、運搬機械","22","動力運搬機","221","トラック","17","交通事故（道路）"
"1419","2004","平成","16","6","10~11","山の中腹にある風化した岩を小割りして取り除く作業において、小割りした際に下の道路に落石することによる危険を防止するため、取り除く予定の岩の下方に防護柵を設置することとした。この防護柵の設置場所を下見中、足を滑らせ岩盤の急斜面を約15m墜落した。","3","建設業","301","土木工事業","30199","その他の土木工事業","1~9","7","環境等","71","環境等","711","地山、岩石","1","墜落、転落"
"1420","2004","平成","16","7","8~9","ケーブルクレーン設置工事で支柱鉄塔(高さ8m)に上がり、ガイドシーブの台付け角度の調整作業を行っていたところ、高さ約6mの位置から墜落し、さらに地山斜面を約11m転び落ちた。","3","建設業","301","土木工事業","30199","その他の土木工事業","50~99","2","物上げ装置、運搬機械","21","動力クレーン等","211","クレーン","1","墜落、転落"
"1421","2004","平成","16","8","14~15","林道開設工事のため支障木の伐木作業中、同僚が伐倒した胸高直径38センチメートル、全長約25mの杉が被災者を直撃した。","3","建設業","301","土木工事業","30106","道路建設工事業","1~9","7","環境等","71","環境等","712","立木等","4","飛来、落下"
"1422","2004","平成","16","3","16~17","無線中継所新設工事現場において、通信用鉄柱上で避雷針を取り付ける作業中、上にある作業袋を下ろすために移動したところ、安全帯の掛け替えができていなかったために約10m下の架台上に墜落した。","3","建設業","303","その他の建設業","30301","電気通信工事業","10~29","4","仮設物、建築物、構築物等","41","仮設物、建築物、構築物等","418","建築物、構築物","1","墜落、転落"
"1423","2004","平成","16","6","8~9","造林の下刈作業で、作業開始直後に急勾配(45度から60度)の斜面で刈払機を使用中に何らかの原因で回転中の刈払機の刈刃で切創し、その後20mほど斜面を滑り落ちた。","6","農林業","602","林業","60209","その他の林業","10~29","1","動力機械","13","木材加工用機械","139","その他の木材加工用機械","8","切れ、こすれ"
"1424","2004","平成","16","7","14~15","間伐作業において、伐倒したシイにつるが絡んでおりそれが被災者上方のクロガネモチ(樹高約12m)とも絡んでいた。しばらくして伐倒したシイに引っ張られてクロガネモチが根こそぎ倒され、近くにいた被災者に激突した。","6","農林業","602","林業","60209","その他の林業","50~99","7","環境等","71","環境等","712","立木等","6","激突され"
"1425","2004","平成","16","10","15~16","台風の影響により架線に支障を与えるおそれのある支障木を伐採する為、低圧引込線(100V)を仮外した。伐採終了後、復旧するために引込み柱に再び登り、低圧引込線を接続中に感電した。","1","製造業","116","電気・ガス・水道業","11601","電気業","100~299","3","その他の装置等","35","電気設備","351","送配電線等","13","感電"
"1426","2004","平成","16","11","21~22","被災者が単独乗船していた船を含む5隻の漁船で巻き網漁をしていたところ、被災者に連絡がとれない状況となったので、他の船の労働者らで捜索をしたところ、アンカーロープを巻き取るドラムに巻き込まれた被災者を発見した。","7","畜産・水産業","702","水産業","70201","漁業","10~29","2","物上げ装置、運搬機械","21","動力クレーン等","219","その他の動力クレーン等","7","はさまれ、巻き込まれ"
"1427","2004","平成","16","12","9~10","事業主、客、被災者の3人で海浜より沖約100mまで船で行き、事業主と客が海に潜り1時間後船にあがったところ、被災者の姿がなかった為、捜索したところ、約30mの海底でうつ伏せの状態で発見された。","17","その他の事業","1702","その他の事業","170209","その他の事業－その他","1~9","7","環境等","71","環境等","713","水","10","おぼれ"
"1428","2004","平成","16","5","10~11","自社所有地から出た土砂をダンプ3台で災害発生地まで運搬、災害発生地内にある池を埋め立てる作業を、ドラグ・ショベル(車重35t)を運転し行っていたところ、ドラグ・ショベルごと池に転落した。","2","鉱業","202","土石採取業","20202","砂利採取業","1~9","1","動力機械","14","建設機械等","142","掘削用機械","1","墜落、転落"
"1429","2004","平成","16","7","14~15","幅約40m、高さ約25mの法面(のりめん)に金属製の網を被せる養生工事現場において、網設置に支障となる木の根株を伐採する作業中墜落した。","3","建設業","301","土木工事業","30199","その他の土木工事業","1~9","7","環境等","71","環境等","711","地山、岩石","1","墜落、転落"
"1430","2004","平成","16","12","14~15","杉の間伐作業において、高さ約21m、胸高直径25センチメートルの杉を切ったところ、杉が伐倒予定方向より90度右に倒れ、被災者を直撃した。","6","農林業","602","林業","60201","木材伐出業","30~49","7","環境等","71","環境等","712","立木等","4","飛来、落下"
"1431","2004","平成","16","1","21~22","高速自動車道を走行中、前を走っていた大型トラックに追突した。","4","運輸交通業","403","道路貨物運送業","40301","一般貨物自動車運送業","30~49","2","物上げ装置、運搬機械","22","動力運搬機","221","トラック","17","交通事故（道路）"
"1432","2004","平成","16","2","0~1","社屋改装工事現場において、事務所棟内部換気扇のベンドキャップ取付け作業を行うに当たり、被災者は脚立の踏さんに両足を跨る格好で乗せた上、電気ドリルを使用し、事務所棟の壁の所定位置に穴を開ける作業を行っていたところ、身体のバランスを崩し、床面(コンクリート)へ墜落した。","17","その他の事業","1702","その他の事業","170209","その他の事業－その他","1~9","3","その他の装置等","37","用具","371","はしご等","1","墜落、転落"
"1433","2004","平成","16","2","17~18","トラックに積載してあった発電機をクレーンで下ろすための準備をしていたところ、トラックの荷台から高さ約1.25m下の地面に墜落した。","3","建設業","301","土木工事業","30106","道路建設工事業","1~9","2","物上げ装置、運搬機械","22","動力運搬機","221","トラック","1","墜落、転落"
"1434","2004","平成","16","2","14~15","被災者はビルの1階から2階への階段部において、脚立を広げたはしごを壁に立てかけ高さ約1.8mの位置の踏さんの上に乗り、床からの高さ約3.8mの位置に設置していた照明の電球を取替えていたところバランスを崩して後方に墜落した。","8","商業","801","卸売業","80109","その他の卸売業","50~99","3","その他の装置等","37","用具","371","はしご等","1","墜落、転落"
"1435","2004","平成","16","5","13~14","裏山にある屋外トイレを掃除に行く途中、転倒した。","15","清掃・と畜業","1501","清掃・と畜業","150101","ビルメンテナンス業","500~999","7","環境等","71","環境等","711","地山、岩石","2","転倒"
"1436","2004","平成","16","7","0~1","民家改修工事において、屋根上の換気口の掃除を行っていたところ、足を滑らせ約7m下の地上に転落した。","3","建設業","302","建築工事業","30202","木造家屋建築工事業","1~9","4","仮設物、建築物、構築物等","41","仮設物、建築物、構築物等","415","屋根、はり、もや、けた、合掌","1","墜落、転落"
"1437","2004","平成","16","8","18~19","集荷先民家そば路上に停車させていた集荷用トラックが後進し、当該トラック後方にいた被災者が、トラック後部とコンクリート擁壁(民家塀)に挟まれた。","4","運輸交通業","403","道路貨物運送業","40301","一般貨物自動車運送業","30~49","2","物上げ装置、運搬機械","22","動力運搬機","221","トラック","17","交通事故（道路）"
"1438","2004","平成","16","9","8~9","高さ約11mの、マンションの踊り場付近のパラペットに上り、隣の個人住宅の屋根に異常がないかを確認していたところ、誤って墜落した。","3","建設業","302","建築工事業","30202","木造家屋建築工事業","10~29","4","仮設物、建築物、構築物等","41","仮設物、建築物、構築物等","419","その他の仮設物、建築物、構築物等","1","墜落、転落"
"1439","2004","平成","16","11","10~11","ビルの地下に設置された貯水槽の検査中に、地上から3.8m下の地下室へ続く垂直のタラップから墜落した。","17","その他の事業","1702","その他の事業","170209","その他の事業－その他","100~299","3","その他の装置等","37","用具","371","はしご等","1","墜落、転落"
"1440","2004","平成","16","6","15~16","鴨居の取付け作業を行うため、3脚の脚立に足場板(杉材)を通して作業床を設置して(高さ1.1m)、当該作業床上を移動していた際に足を踏み外し、床に墜落した。","3","建設業","302","建築工事業","30209","その他の建築工事業","1~9","4","仮設物、建築物、構築物等","41","仮設物、建築物、構築物等","411","足場","1","墜落、転落"
"1441","2004","平成","16","12","8~9","踏切付近において、道床整備工事と呼ばれる線路の下に敷き詰めている石材を締め固める作業を行っていたところ、通過する列車にはねられ死亡した。","3","建設業","301","土木工事業","30104","鉄道軌道建設工事業","10~29","2","物上げ装置、運搬機械","23","乗物","232","鉄道車両","18","交通事故（その他）"
"1442","2004","平成","16","1","6~7","自転車で新聞配達中に滑って転倒した。","8","商業","802","小売業","80205","新聞販売業","1~9","3","その他の装置等","36","人力機械工具等","362","人力運搬機","2","転倒"
"1443","2004","平成","16","2","13~14","ゴルフ場内の舗装修理を行うため、公用車を用いて自宅から修復資材を運び出し、ゴルフ場に向かう途中、乗用車に追突され、弾みで左助手席側から車外に放り出された。","1","製造業","101","食料品製造業","10109","その他の食料品製造業","1~9","2","物上げ装置、運搬機械","22","動力運搬機","221","トラック","17","交通事故（道路）"
"1444","2004","平成","16","5","14~15","軽貨物車で国道を走行中、対向車線を走っていた四輪駆動車が中央線を越えて衝突した。","1","製造業","111","非鉄金属製造業","11101","非鉄金属精錬・圧延業","10~29","2","物上げ装置、運搬機械","23","乗物","231","乗用車、バス、バイク","17","交通事故（道路）"
"1445","2004","平成","16","6","6~7","軽ワゴン車で国道を運転中、誤って車線をはみ出し、反対車線を走行して来た4tトラックに正面衝突した。","3","建設業","302","建築工事業","30201","鉄骨・鉄筋コンクリート造家屋建築工事業","1~9","2","物上げ装置、運搬機械","23","乗物","231","乗用車、バス、バイク","17","交通事故（道路）"
"1446","2004","平成","16","9","8~9","トラックの荷台から荷(ドラグ・ショベルのベース部分(重量約2.6t))を荷降ししていたところ、高さ1.34mの荷台から荷とともに墜落し、荷の下敷きになった。","4","運輸交通業","403","道路貨物運送業","40301","一般貨物自動車運送業","10~29","2","物上げ装置、運搬機械","22","動力運搬機","221","トラック","1","墜落、転落"
"1447","2004","平成","16","12","17~18","工場内で籾殻を灰にするための釜(高さ2m、直径2.3m)の上で、A重油に浸して丸めた新聞紙にライターで火をつけ、釜の中央にある筒状の煙突から投げ入れる作業中、体のバランスを崩して、着衣に引火した。","17","その他の事業","1702","その他の事業","170209","その他の事業－その他","1~9","9","その他","91","その他の起因物","911","その他の起因物","11","高温・低温の物との接触"
"1448","2004","平成","16","11","20~21","下水道築造工事において、現場近くの歩道で待機していたところ、走行してきた乗用車にはねられた。","17","その他の事業","1702","その他の事業","170201","警備業","30~49","2","物上げ装置、運搬機械","23","乗物","231","乗用車、バス、バイク","17","交通事故（道路）"
"1449","2004","平成","16","12","6~7","国道において、ゆるい右カーブの上り坂を走行中に対向車と正面衝突した。","4","運輸交通業","403","道路貨物運送業","40301","一般貨物自動車運送業","30~49","2","物上げ装置、運搬機械","22","動力運搬機","221","トラック","17","交通事故（道路）"
"1450","2004","平成","16","1","19~20","パーティクルボード製造ライン稼働中、突然の爆発音とともに火災が発生し、パーティクルボード成型プレス付近にいた労働者2名のうち1名が死亡した。","1","製造業","104","木材・木製品製造業","10402","合板製造業","50~99","5","物質、材料","51","危険物、有害物等","519","その他の危険物、有害物等","14","爆発"
"1451","2004","平成","16","12","13~14","フォークリフトのフォークを上げたまま、後方に急旋回して、フォークリフトが転倒した。その際、フォークリフトを運転していた被災者が、転倒したフォークリフトと地面に挟まれた。","1","製造業","108","化学工業","10801","無機・有機化学工業製品製造業","10~29","2","物上げ装置、運搬機械","22","動力運搬機","222","フォークリフト","2","転倒"
"1452","2004","平成","16","1","6~7","無線配車により乗客4名を乗車させた後、ファミリーレストラン駐車場から国道に出る際、直進してきたワゴン車が右側より衝突した。","4","運輸交通業","402","道路旅客運送業","40201","ハイヤー・タクシー業","30~49","2","物上げ装置、運搬機械","23","乗物","231","乗用車、バス、バイク","17","交通事故（道路）"
"1453","2004","平成","16","3","5~6","国道でトラック同士の追突事故が発生し、積荷のドラム缶の一部が中央分離帯を飛び越えて上り線を走行していたトラックに激突した。ドラム缶に激突されたトラックは、その弾みで中央分離帯を乗り越えて下り線に飛び出し、下り線を走行していたトラックに正面衝突した。衝突した2台のトラックは炎上し、このトラックの運転手2名が死亡した。","4","運輸交通業","403","道路貨物運送業","40301","一般貨物自動車運送業","10~29","2","物上げ装置、運搬機械","22","動力運搬機","221","トラック","17","交通事故（道路）"
"1454","2004","平成","16","3","10~11","新築工事のために既存の2階建て木造家屋を解体し、残骸の運搬準備作業中、トラックの側面にいた被災者が、他の作業者が運転するドラグ・ショベルのバケット部分とトラックのアオリ部に挟まれた。","3","建設業","302","建築工事業","30202","木造家屋建築工事業","1~9","1","動力機械","14","建設機械等","142","掘削用機械","7","はさまれ、巻き込まれ"
"1455","2004","平成","16","2","14~15","トラックコンテナからホッパーに魚粉を入れる作業を行うため、詰所から作業場所へ向かって岸壁を歩いているときに、海中に転落した。","5","貨物取扱業","501","陸上貨物取扱業","50101","陸上貨物取扱業","30~49","9","その他","99","分類不能","999","分類不能","10","おぼれ"
"1456","2004","平成","16","4","9~10","校舎壁面の時計を交換する作業中、高所から転落した。","8","商業","801","卸売業","80109","その他の卸売業","1~9","3","その他の装置等","37","用具","371","はしご等","1","墜落、転落"
"1457","2004","平成","16","4","12~13","工事の事前準備として、国道上のハンドホール内の水抜きを行っていた。約130m離れた次のハンドホールに向かうため、横断歩道を渡っていたところ、被災者後方から右折してきた一般車両に跳ねられた。","3","建設業","303","その他の建設業","30301","電気通信工事業","10~29","2","物上げ装置、運搬機械","23","乗物","231","乗用車、バス、バイク","17","交通事故（道路）"
"1458","2004","平成","16","5","15~16","自社駐車場にホイールクレーンを入れるため、駐車場内のトラックを一般道へ出そうとしたが、バッテリーが上がって動かなかった。駐車場から一般道へは、若干下っているのでこの下り坂を利用してエンジンを掛け、ホイールクレーンでトラックを引っ張ろうと玉掛けワイヤロープをトラックとホイールクレーンの牽引フックに掛けようとしたところ、トラックが動き出し、ホイールクレーンとトラックの前面に挟まれた。","3","建設業","301","土木工事業","30199","その他の土木工事業","1~9","2","物上げ装置、運搬機械","22","動力運搬機","221","トラック","17","交通事故（道路）"
"1459","2004","平成","16","8","13~14","電気集じん機の電線取替工事において、集じん機内の碍子室で、感電した。","17","その他の事業","1702","その他の事業","170209","その他の事業－その他","1~9","1","動力機械","16","一般動力機械","169","その他の一般動力機械","13","感電"
"1460","2004","平成","16","10","6~7","乗用車(ライトバン)で走行中、緩やかな右カーブで道路脇の信号柱に激突した。","4","運輸交通業","403","道路貨物運送業","40301","一般貨物自動車運送業","10~29","2","物上げ装置、運搬機械","23","乗物","231","乗用車、バス、バイク","17","交通事故（道路）"
"1461","2004","平成","16","10","9~10","ゴミ焼却場において、パンコンベア点検口より3m付近で巻き込まれた。","1","製造業","110","鉄鋼業","11001","製鉄・製鋼・圧延業","100~299","2","物上げ装置、運搬機械","22","動力運搬機","224","コンベア","7","はさまれ、巻き込まれ"
"1462","2004","平成","16","10","8~9","庭の植木の植え替え作業において、被災者は4m位の植木を低くするため脚立2台を植木に立てかけて、片方の足は脚立、片方の足は木に乗せて電動チェーンソーで植木を伐採していた際、誤って切創した。","6","農林業","601","農業","60101","農業","1~9","1","動力機械","13","木材加工用機械","136","チェーンソー","8","切れ、こすれ"
"1463","2004","平成","16","9","8~9","台風の接近に伴う強風下で、差し替え式になっている看板の取り付けを行っていたところ、強風にあおられ転倒した。","17","その他の事業","1702","その他の事業","170209","その他の事業－その他","10~29","7","環境等","71","環境等","719","その他の環境等","2","転倒"
"1464","2004","平成","16","10","16~17","原動機付自転車で新聞代の集金業務中、道路左側の緑石に前タイヤが接触し、バランスを失って路側帯の桜の木に衝突した。","8","商業","802","小売業","80205","新聞販売業","50~99","2","物上げ装置、運搬機械","23","乗物","231","乗用車、バス、バイク","17","交通事故（道路）"
"1465","2004","平成","16","6","8~9","休日出勤にて出社した直後、急に体調不良となり救急車で病院に搬送されたが死亡した。","17","その他の事業","1702","その他の事業","170209","その他の事業－その他","1~9","9","その他","91","その他の起因物","911","その他の起因物","90","その他"
"1466","2004","平成","16","5","0~1","自社の駐車場においてコンクリートポンプ車を点検中、ポンプを空廻ししていたところ、先端のホースが跳ねて被災者を直撃した。","3","建設業","302","建築工事業","30209","その他の建築工事業","10~29","1","動力機械","14","建設機械等","149","その他の建設機械等","6","激突され"
"1467","2004","平成","16","2","13~14","出勤途中に体調が悪くなったため、出社後病院で受診し、その後会社へ戻った。翌日、工場内の通路に倒れているところを、出勤してきた同僚に発見されたが、既に死亡していた。","1","製造業","113","一般機械器具製造業","11301","機械（精密機械を除く）器具製造業","30~49","9","その他","91","その他の起因物","911","その他の起因物","90","その他"
"1468","2004","平成","16","12","20~21","タンクローリーを運転して国道を走行中、対向車線を越え道路右側の電柱に激突した。","4","運輸交通業","403","道路貨物運送業","40301","一般貨物自動車運送業","30~49","2","物上げ装置、運搬機械","22","動力運搬機","221","トラック","17","交通事故（道路）"
"1469","2004","平成","16","5","9~10","工場のスレート屋根上において、スレート屋根の補修個所の寸法取り作業中、スレート屋根を踏み抜き、工場内の精米機に激突し、約8.5m下のコンクリート床上に墜落した。","3","建設業","302","建築工事業","30209","その他の建築工事業","1~9","4","仮設物、建築物、構築物等","41","仮設物、建築物、構築物等","415","屋根、はり、もや、けた、合掌","9","踏み抜き"
"1470","2004","平成","16","7","10~11","林道開設工事現場において、入口付近に置かれていたブレーカを施工場所まで移動すると同時に、塩ビ管(長さ3m)を施工場所付近に運搬するため、塩ビ管の一方の端を運転席正面の上下開閉式の窓に挟み、もう一方の端をアタッチメントの開口部に差し込んだ状態で、ブレーカを運転し、移動する途中、誤操作によりアームが手前方向に動いたため、塩ビ管が被災者側に移動し、運転席と塩ビ管の運転席側の端との間に挟まれた。","3","建設業","301","土木工事業","30106","道路建設工事業","10~29","1","動力機械","14","建設機械等","145","解体用機械","7","はさまれ、巻き込まれ"
"1471","2004","平成","16","8","15~16","4tトラックを運転して国道を走行中、中央線をはみ出し、対向車線を走行していた10tミキサー車と衝突した。","3","建設業","302","建築工事業","30202","木造家屋建築工事業","1~9","2","物上げ装置、運搬機械","22","動力運搬機","221","トラック","17","交通事故（道路）"
"1472","2004","平成","16","7","13~14","鉄骨コンクリート造2階建の2階床上において、鉄骨の溶断作業中、1辺約1.2mの正方形状をした開口部から約3.3m下の1階コンクリート床面に墜落した。","3","建設業","302","建築工事業","30209","その他の建築工事業","10~29","4","仮設物、建築物、構築物等","41","仮設物、建築物、構築物等","414","開口部","1","墜落、転落"
"1473","2004","平成","16","11","7~8","ほ場整備作業において、不整地運搬車を運転中、不整地運搬車と共に仮設道路から約3.5m下の仮設道路に墜落し、不整地運搬車の下敷きとなった。","3","建設業","301","土木工事業","30106","道路建設工事業","1~9","2","物上げ装置、運搬機械","22","動力運搬機","227","不整地運搬車","1","墜落、転落"
"1474","2004","平成","16","6","15~16","電気室内において、制御盤の部品の取付作業を行っていたところ、体調が悪くなり病院に搬送された。","1","製造業","114","電気機械器具製造業","11403","電子機器用・通信機器用部品製造業","10~29","9","その他","91","その他の起因物","911","その他の起因物","90","その他"
"1475","2004","平成","16","4","12~13","高速自動車道インター近くで、大型トラックが被災者運転の4tトラックに追突したため、トラックは弾みでガードロープに衝突、横転し、被災した。","4","運輸交通業","403","道路貨物運送業","40301","一般貨物自動車運送業","100~299","2","物上げ装置、運搬機械","22","動力運搬機","221","トラック","17","交通事故（道路）"
"1476","2004","平成","16","1","14~15","高速道路を4tトラックで走行中、重機を積載し走行していたトレーラーに追突した。その際、前車の積載していた重機のバケットが自車トラックに刺さり、その状態で前車に約500m引きずられ路肩に停止したところへ、後方から来た大型トラックに追突された。","4","運輸交通業","403","道路貨物運送業","40301","一般貨物自動車運送業","1~9","2","物上げ装置、運搬機械","22","動力運搬機","221","トラック","17","交通事故（道路）"
"1477","2004","平成","16","9","14~15","ロボット工場の配電盤等の取付作業において、仮止めされた溶接個所を、本付けするために脚立(高さ2.6m)に上がり、作業を行おうとしたところ、溶接棒のホルダー欠損部の金属露出部等に触れ、感電し脚立から転落した。","3","建設業","303","その他の建設業","30302","機械器具設置工事業","1~9","3","その他の装置等","33","溶接装置","332","アーク溶接装置","13","感電"
"1478","2004","平成","16","12","10~11","固形金属ナトリウムを自社内で処理する為に、メタノールに金属ナトリウムを溶かし、メチラートに変え不活性化を行っていたところ、発火し被災者の作業服に燃え移り、被災した。","1","製造業","108","化学工業","10803","医薬品製造業","300~499","5","物質、材料","51","危険物、有害物等","512","引火性の物","16","火災"
"1479","2004","平成","16","11","8~9","風倒木の処理作業において、チェーンソーを使用して杉の木(長さ約18m、直径23センチメートル)を伐採したところ、当該杉の木が隣の杉の立ち木にかかり木となった。被災者らは、かかり木はそのままの状態で、前に伐採した杉の木の枝払いを、当該かかり木付近で行っていたところ、かかり木が突然倒れ、被災者に激突した。","6","農林業","602","林業","60201","木材伐出業","1~9","7","環境等","71","環境等","712","立木等","5","崩壊、倒壊"
"1480","2004","平成","16","3","5~6","4tトラックで国道を走行中、下り車線で追突事故を起こしたトラックの積み荷である塗料入りのドラム缶が飛び出してきた。被災者はそれに乗り上げ、中央分離帯を越えたところで下り車線を走ってきた大型トラックと衝突した。その際、ドラム缶に引火し爆発した。","4","運輸交通業","403","道路貨物運送業","40301","一般貨物自動車運送業","10~29","2","物上げ装置、運搬機械","22","動力運搬機","221","トラック","17","交通事故（道路）"
"1481","2004","平成","16","5","15~16","雨水幹線築造付帯工事現場において、移動式クレーンによりスリングベルト2本つりで玉掛けした金属製扉を雨水管ピット部(深さ約2m)よりつり出す作業をしていた被災者が当該つり荷とピット壁面の間に挟まれた。","1","製造業","112","金属製品製造業","11209","その他の金属製品製造業","1~9","2","物上げ装置、運搬機械","21","動力クレーン等","212","移動式クレーン","6","激突され"
"1482","2004","平成","16","6","3~4","印刷工場からの新聞配送の到着を待つ間、被災者を含む数人が会社の前の道路の路側帯に座って会話をしたところ、突然、車道を走行していた軽自動車が路側帯に進入し、被災者に追突した。","8","商業","802","小売業","80205","新聞販売業","30~49","2","物上げ装置、運搬機械","23","乗物","231","乗用車、バス、バイク","17","交通事故（道路）"
"1483","2004","平成","16","7","1~2","被災者の運転する4tトラックが、信号で停車していた4tトラックおよび10tトラックの後部から追突した。","4","運輸交通業","403","道路貨物運送業","40301","一般貨物自動車運送業","30~49","2","物上げ装置、運搬機械","22","動力運搬機","221","トラック","17","交通事故（道路）"
"1484","2004","平成","16","9","9~10","砂採取場所にできた池の端にドラグ・ショベルを設置し、掘削作業を行っていたところ、ドラグ・ショベルごと池に転落した。","2","鉱業","202","土石採取業","20202","砂利採取業","1~9","1","動力機械","14","建設機械等","142","掘削用機械","1","墜落、転落"
"1485","2004","平成","16","2","14~15","鉄骨組スレート葺きの工場、一部解体工事において、スレート外壁を鉄骨の横桟の上に乗って、手持ちハンマーで破砕していたところ、当該作業個所から墜落した。","3","建設業","302","建築工事業","30209","その他の建築工事業","1~9","4","仮設物、建築物、構築物等","41","仮設物、建築物、構築物等","418","建築物、構築物","1","墜落、転落"
"1486","2004","平成","16","12","16~17","コンクリート会社敷地内において、余剰となった生コンクリートにより作成したコンクリートブロックを仮置き作業していたところ、このブロック塊の間に挟まれた。","1","製造業","109","窯業土石製品製造業","10901","セメント・同製品製造業","10~29","1","動力機械","14","建設機械等","142","掘削用機械","6","激突され"
"1487","2004","平成","16","12","12~13","配送のため、トラックで信号停車中、後方より車両が追突してきた。","17","その他の事業","1702","その他の事業","170209","その他の事業－その他","30~49","2","物上げ装置、運搬機械","22","動力運搬機","221","トラック","17","交通事故（道路）"
"1488","2004","平成","16","2","7~8","被災者は、朝のミーティング時に資材置き場へ行った。しばらくして被災者らしき者のうめき声がしたため資材置き場を確認すると、コンクリート床に仰向けに倒れている被災者が発見された。","3","建設業","301","土木工事業","30199","その他の土木工事業","30~49","4","仮設物、建築物、構築物等","41","仮設物、建築物、構築物等","418","建築物、構築物","1","墜落、転落"
"1489","2004","平成","16","3","9~10","乗用車で道路を走行中、所定の左折場所を通過したため、Uターンしようとした時に直進車と衝突した。","8","商業","802","小売業","80209","その他の小売業","10~29","2","物上げ装置、運搬機械","23","乗物","231","乗用車、バス、バイク","17","交通事故（道路）"
"1490","2004","平成","16","6","0~1","道路工事現場で、運搬車にタイヤローラーを積み込む作業で、被災者が積み込んだタイヤローラーを運搬車にワイヤロープで固定する作業がほぼ完了し、タイヤ止めを行おうとした時に固定ワイヤロープが切断し、タイヤローラーと運搬車の間に挟まれた。","3","建設業","301","土木工事業","30106","道路建設工事業","1~9","1","動力機械","14","建設機械等","144","締固め用機械","7","はさまれ、巻き込まれ"
"1491","2004","平成","16","8","11~12","クレーンアーム仕様のフォークリフトで飼料500キログラム入りフレコンバックをつり下げ、トラックまで前進で運搬していたところ、柱の基礎ブロックにフォークリフトが接触、横転した。","17","その他の事業","1702","その他の事業","170209","その他の事業－その他","50~99","2","物上げ装置、運搬機械","22","動力運搬機","222","フォークリフト","2","転倒"
"1492","2004","平成","16","11","13~14","擁壁工事用のブロックを積んだ2t貨物自動車のブロック荷卸作業が一段落したので、当該貨物自動車を前進で移動さようと発進させたところ、貨物自動車の左前側で水抜きパイプの切断作業を行っていた被災者に激突した。","3","建設業","301","土木工事業","30106","道路建設工事業","10~29","2","物上げ装置、運搬機械","22","動力運搬機","221","トラック","7","はさまれ、巻き込まれ"
"1493","2004","平成","16","12","21~22","ヘリコプターによる遊覧飛行を終了し空港へ帰る途中に海の沖合に墜落した。","4","運輸交通業","401","鉄道・軌道・水運・航空業","40103","航空業","10~29","2","物上げ装置、運搬機械","23","乗物","239","その他の乗物","18","交通事故（その他）"
"1494","2004","平成","16","12","21~22","ヘリコプターによる遊覧飛行を終了し空港へ帰る途中に海の沖合に墜落した。","4","運輸交通業","401","鉄道・軌道・水運・航空業","40103","航空業","10~29","2","物上げ装置、運搬機械","23","乗物","239","その他の乗物","18","交通事故（その他）"
"1495","2004","平成","16","12","21~22","ヘリコプターによる遊覧飛行を終了し空港へ帰る途中に海の沖合に墜落した。","4","運輸交通業","401","鉄道・軌道・水運・航空業","40103","航空業","10~29","2","物上げ装置、運搬機械","23","乗物","239","その他の乗物","18","交通事故（その他）"
"1496","2004","平成","16","7","11~12","下水道工事に伴う測量の補助作業において、中腰の姿勢で測量のためのピンを持っていた被災者が、背後から後退してきたドラグ・ショベルの排土板で押し倒された。","3","建設業","301","土木工事業","30110","上下水道工事業","10~29","1","動力機械","14","建設機械等","141","整地・運搬・積込み用機械","6","激突され"
"1497","2004","平成","16","3","15~16","住宅の室内塗装工事において、浴室の塗装作業を行っていたところ有機溶剤中毒となり、浴室内の浴槽と壁の間に倒れた。","3","建設業","302","建築工事業","30209","その他の建築工事業","1~9","5","物質、材料","51","危険物、有害物等","514","有害物","12","有害物等との接触"
"1498","2004","平成","16","6","15~16","橋面上において、ワーゲントラスを組立中に、主体トラスに安全帯をかけた状態で横つなぎ梁を組み立てる準備を行っていたところ、主体トラス(2.7t)が倒れ、橋面上から約20.5mの下の地盤まで被災者が墜落した。","3","建設業","301","土木工事業","30105","橋梁建設工事業","10~29","4","仮設物、建築物、構築物等","41","仮設物、建築物、構築物等","419","その他の仮設物、建築物、構築物等","1","墜落、転落"
"1499","2004","平成","16","6","9~10","単独で小型漁船を操作し、沖にある養殖場へ、空のいけすを曳航していたところ、船の動揺により海に転落した。","7","畜産・水産業","702","水産業","70209","その他の水産業","10~29","2","物上げ装置、運搬機械","23","乗物","239","その他の乗物","10","おぼれ"
"1500","2004","平成","16","9","9~10","タイヤリサイクルセンターの敷地内で、コンクリートブロック擁壁の設置工事のため、設置個所の敷砂を敷均中、既存の3段積コンクリートブロック擁壁(重量1.35t)が倒壊し被災者にコンクリートブロックが直撃した。","3","建設業","302","建築工事業","30209","その他の建築工事業","1~9","7","環境等","71","環境等","711","地山、岩石","5","崩壊、倒壊"
"1501","2004","平成","16","10","14~15","台風被害による工場スレート屋根の補修作業のため、屋根上にて親綱張り作業中、ワイヤロープが不足したので、仮置きしていたワイヤロープを取りに行き、肩に担いで作業場所へ戻ろうとしたところ、スレート屋根を踏み抜き、12.5mの高さから工場床面に墜落した。","3","建設業","302","建築工事業","30209","その他の建築工事業","10~29","4","仮設物、建築物、構築物等","41","仮設物、建築物、構築物等","415","屋根、はり、もや、けた、合掌","1","墜落、転落"
"1502","2004","平成","16","10","6~7","大型トラックを運転中、他の大型トラックと正面衝突した。","4","運輸交通業","403","道路貨物運送業","40301","一般貨物自動車運送業","10~29","2","物上げ装置、運搬機械","23","乗物","231","乗用車、バス、バイク","17","交通事故（道路）"
"1503","2004","平成","16","12","10~11","スレート屋根の台風による補修工事において、スレート屋根張替えを行っていたところ、スレート屋根を踏み抜き高さ、8.87m下に墜落した。","3","建設業","302","建築工事業","30209","その他の建築工事業","1~9","4","仮設物、建築物、構築物等","41","仮設物、建築物、構築物等","415","屋根、はり、もや、けた、合掌","1","墜落、転落"
"1504","2004","平成","16","1","14~15","養殖いかだで網の手入れを終え帰港中、漁船と衝突後転覆し、海に落ちた。","7","畜産・水産業","702","水産業","70209","その他の水産業","1~9","2","物上げ装置、運搬機械","23","乗物","239","その他の乗物","18","交通事故（その他）"
"1505","2004","平成","16","1","14~15","養殖いかだで網の手入れを終え帰港中、漁船と衝突後転覆し、海に落ちた。","7","畜産・水産業","702","水産業","70209","その他の水産業","1~9","2","物上げ装置、運搬機械","23","乗物","239","その他の乗物","18","交通事故（その他）"
"1506","2004","平成","16","3","9~10","民家の屋根の塗装工事において、2階屋根上にて一人で塗装作業をしていた被災者が、約6.5m下の地面に墜落した。","3","建設業","302","建築工事業","30209","その他の建築工事業","10~29","4","仮設物、建築物、構築物等","41","仮設物、建築物、構築物等","415","屋根、はり、もや、けた、合掌","1","墜落、転落"
"1507","2004","平成","16","7","16~17","新築マンションの工事現場にて、外部足場を降りてきた被災者の様子がふらふらとしておかしいので、2階のベランダにてハツリ作業をしていた他社の作業者が気付き休ませていたが回復しないため、被災者の所属する事業場の事業主が被災者を自宅に連れ帰ったところ熱中症で死亡した。","3","建設業","302","建築工事業","30201","鉄骨・鉄筋コンクリート造家屋建築工事業","10~29","7","環境等","71","環境等","715","高温・低温環境","11","高温・低温の物との接触"
"1508","2004","平成","16","10","14~15","橋脚下部の基礎コンクリート用作業足場のステージ上で、ステージ端部に6枚分積み重ねた鋼製の足場板(高さ34センチメートル)の上に載り、約15m上方の構台にいる作業者の姿を確認しようとステージの単管手すり(100センチメートル)から身を乗り出していたところ、約4.9m下の地面に墜落した。","3","建設業","301","土木工事業","30105","橋梁建設工事業","10~29","4","仮設物、建築物、構築物等","41","仮設物、建築物、構築物等","416","作業床、歩み板","1","墜落、転落"
"1509","2004","平成","16","7","17~18","船体ブロック組み立てのため交流アーク溶接にて取付作業中、溶接棒を握り感電した。","1","製造業","113","一般機械器具製造業","11301","機械（精密機械を除く）器具製造業","10~29","3","その他の装置等","33","溶接装置","332","アーク溶接装置","13","感電"
"1510","2004","平成","16","11","14~15","台所サンルーム屋根の設置工事(高さ約3.5m)を、一人ではしご等を使用して行っていたところ、墜落した。","3","建設業","302","建築工事業","30202","木造家屋建築工事業","30~49","3","その他の装置等","37","用具","371","はしご等","1","墜落、転落"
"1511","2004","平成","16","1","9~10","地すべり防止工事調査等業務の現場において、アンカー調査ボーリング作業中、回転中のボーリングマシンのロッド部分に作業服が巻き込まれた。","17","その他の事業","1702","その他の事業","170209","その他の事業－その他","10~29","1","動力機械","14","建設機械等","149","その他の建設機械等","7","はさまれ、巻き込まれ"
"1512","2004","平成","16","10","8~9","農地整備工事現場において測量作業を行っていたところ、被災者の左側方から後退で進行してきた不整地運搬車(最大積載量6000キログラム)のクローラにひかれた。","3","建設業","301","土木工事業","30109","土地整理土木工事業","10~29","2","物上げ装置、運搬機械","22","動力運搬機","227","不整地運搬車","7","はさまれ、巻き込まれ"
"1513","2004","平成","16","12","19~20","フォークリフトを使用した荷下ろし作業終了後、伝票を渡そうとフォークリフトの運転席を離れたところ、フォークリフトが逸走し、トラック後部とフォークリフトに挟まれた。","4","運輸交通業","403","道路貨物運送業","40301","一般貨物自動車運送業","10~29","2","物上げ装置、運搬機械","22","動力運搬機","222","フォークリフト","7","はさまれ、巻き込まれ"
"1514","2004","平成","16","6","2~3","トラックで、高速道路を時速90キロメートルで走行していたところ、前を走っていた大型トラックに追突し、前方に投げ出され、自車にひかれた。","4","運輸交通業","403","道路貨物運送業","40301","一般貨物自動車運送業","10~29","2","物上げ装置、運搬機械","22","動力運搬機","221","トラック","17","交通事故（道路）"
"1515","2004","平成","16","7","3~4","県道を4tトラックにて走行中、前方を走行していた10tトラックに追突した。","4","運輸交通業","403","道路貨物運送業","40301","一般貨物自動車運送業","100~299","2","物上げ装置、運搬機械","22","動力運搬機","221","トラック","17","交通事故（道路）"
"1516","2004","平成","16","8","9~10","住宅新築工事現場において、基礎工事に使用する鉄筋(50本、300キログラム)をドラグ・ショベルのアームの先端部に取り付けられているフックに玉掛けを行い、つり上げていたところ、玉掛けに使用していたワイヤロープが切断し、つり荷を支えていた被災者に鉄筋が激突した。","3","建設業","302","建築工事業","30202","木造家屋建築工事業","1~9","3","その他の装置等","37","用具","372","玉掛用具","4","飛来、落下"
"1517","2004","平成","16","3","13~14","コンクリート再生プラントのベルトコンベアの途中で、手作業による木片等の除去作業を行っていた被災者が、ベルトコンベアの端のローラー部分とベルトの間に挟まれた。","15","清掃・と畜業","1501","清掃・と畜業","150103","その他の廃棄物処理業","1~9","2","物上げ装置、運搬機械","22","動力運搬機","224","コンベア","7","はさまれ、巻き込まれ"
"1518","2004","平成","16","4","12~13","ピアノ4台(荷の重量量500キログラム)を、2t車を使用し、運送する途中、高速自動車道で、前を走行していた保冷車に追突し、車両が炎上した。","4","運輸交通業","403","道路貨物運送業","40301","一般貨物自動車運送業","10~29","2","物上げ装置、運搬機械","22","動力運搬機","221","トラック","17","交通事故（道路）"
"1519","2004","平成","16","4","9~10","理容店のテント張替え工事を、高さ約3mのテント上に設置した道板の上で行っていた作業者がコンクリート舗装された地面に墜落した。","3","建設業","302","建築工事業","30209","その他の建築工事業","1~9","4","仮設物、建築物、構築物等","41","仮設物、建築物、構築物等","416","作業床、歩み板","1","墜落、転落"
"1520","2004","平成","16","6","11~12","工場の屋上に設置されている雨樋の清掃作業を行っている際に、約9m下の地面に墜落した。","3","建設業","302","建築工事業","30209","その他の建築工事業","1~9","4","仮設物、建築物、構築物等","41","仮設物、建築物、構築物等","415","屋根、はり、もや、けた、合掌","1","墜落、転落"
"1521","2004","平成","16","6","13~14","最大積載量3tの貨物自動車の荷台においてジュースの箱を積む作業を行っていた被災者が、あおりに寄り掛かったところ、あおりの留め金が外れていたことからあおりが倒れ、荷台の上から墜落した。","4","運輸交通業","403","道路貨物運送業","40301","一般貨物自動車運送業","10~29","2","物上げ装置、運搬機械","22","動力運搬機","221","トラック","1","墜落、転落"
"1522","2004","平成","16","6","15~16","発注者所有のフォークリフトを使用し、自社トラックで搬入してきたコンプレッサーをトラック荷台から降ろす作業を行っていたところ、トラック後部に設置してあるパワーゲートの段差でフォークリフトが傾斜したため、コンプレッサーがフォークから落下し、被災者を直撃した。","1","製造業","117","その他の製造業","11702","機械修理業","1~9","2","物上げ装置、運搬機械","22","動力運搬機","222","フォークリフト","4","飛来、落下"
"1523","2004","平成","16","7","14~15","県道舗装工事の一方通行規制区間において、軽ワゴン車がゴムホースの片付け作業中の被災者をはねた。","3","建設業","301","土木工事業","30106","道路建設工事業","10~29","2","物上げ装置、運搬機械","22","動力運搬機","221","トラック","17","交通事故（道路）"
"1524","2004","平成","16","9","10~11","浄化槽を設置する作業において、掘削した場所(直径約5m、深さ約3m)に槽を設置後、槽の設置個所補強のための支柱のベース配筋にたまった土砂を取り除く作業を行っていたところ、地山の崩壊防止措置が講じられていなかったため地山が崩壊し、被災者が崩壊した地山に埋まった。","3","建設業","302","建築工事業","30209","その他の建築工事業","1~9","7","環境等","71","環境等","711","地山、岩石","5","崩壊、倒壊"
"1525","2004","平成","16","9","14~15","河川調査の準備作業を行っていたところ、雨が降ってきたため、いったん左岸側に避難した。その後、右岸側に渡ろうと川を横切ったとき、急に濁流が押し寄せ流された。","17","その他の事業","1702","その他の事業","170209","その他の事業－その他","10~29","7","環境等","71","環境等","713","水","10","おぼれ"
"1526","2004","平成","16","9","7~8","高さ5mの木材チップタンクの底面を開放し、チップタンク下のトラックに、木材チップを積み込む作業を行っていたところ、5m下の地面に墜落した。","4","運輸交通業","403","道路貨物運送業","40301","一般貨物自動車運送業","10~29","4","仮設物、建築物、構築物等","41","仮設物、建築物、構築物等","418","建築物、構築物","1","墜落、転落"
"1527","2004","平成","16","9","10~11","屋根修繕工事において、瓦屋根の手前にある車庫のスレート屋根上にたまった砂の清掃作業をしていたところ、スレート屋根を踏み抜き、高さ約3m下のコンクリート床に墜落した。","3","建設業","302","建築工事業","30209","その他の建築工事業","1~9","4","仮設物、建築物、構築物等","41","仮設物、建築物、構築物等","415","屋根、はり、もや、けた、合掌","1","墜落、転落"
"1528","2004","平成","16","10","10~11","一輪車で廃棄物を運搬中、前方より同僚の操作する車両系機械が後進して来たのを避けきれず、接触しひかれた。","8","商業","801","卸売業","80109","その他の卸売業","100~299","1","動力機械","16","一般動力機械","169","その他の一般動力機械","6","激突され"
"1529","2004","平成","16","11","13~14","木造2階建建築工事において、1階の柱を立て、桁等を取り付けた状態で、墜落防止措置がないまま、桁上に置かれた火打ち(直交する水平部材を補強する斜め材)を配る作業を行っていた被災者が約3.6m下のコンクリート基礎部分に墜落した。","3","建設業","302","建築工事業","30202","木造家屋建築工事業","10~29","4","仮設物、建築物、構築物等","41","仮設物、建築物、構築物等","415","屋根、はり、もや、けた、合掌","1","墜落、転落"
"1530","2004","平成","16","12","0~1","橋取付部の舗装工事現場において、コンバイントローラーを堤防道路に停車中、対向から生コン車が接近してきたため、離合が可能な場所まで後退させていたところ、被災者がコンバイントローラーと共に、路肩から水田へ転落した。","3","建設業","301","土木工事業","30107","河川土木工事業","50~99","1","動力機械","14","建設機械等","144","締固め用機械","17","交通事故（道路）"
"1531","2004","平成","16","1","14~15","張ブロック(コンクリート製、1枚50キログラム)を側溝へ据付けるため、ドラグ・ショベルで張ブロック15枚をつり、約4.2m下の土手に下ろそうとしていたところ、ドラグ・ショベルが転倒し、運転していた被災者がドラグ・ショベルの下敷きになった。","3","建設業","301","土木工事業","30107","河川土木工事業","10~29","1","動力機械","14","建設機械等","142","掘削用機械","1","墜落、転落"
"1532","2004","平成","16","11","23~24","道路路面補修工事において、既設のアスファルトをはぎとり、路面清掃車での清掃が終了したため、被災者が道路上で携帯電話にて、ディストリビューター(油散布車)の手配の指示を行っている時にバックしてきた路面清掃車にひかれた。","3","建設業","301","土木工事業","30106","道路建設工事業","50~99","1","動力機械","14","建設機械等","149","その他の建設機械等","7","はさまれ、巻き込まれ"
"1533","2004","平成","16","7","17~18","建造中の貨物船内で、エンジン(重量590t)据付作業のため、油圧ジャッキを用いて高さの微調整を行っていたところ、エンジンと油圧ジャッキの間に高さ調整のため入れた鋼材(コマピース:直径7センチメートル、高さ6センチメートル)がジャッキの圧力により潰れて弾き飛び、被災者を直撃した。","1","製造業","115","輸送用機械等製造業","11501","造船業","500~999","3","その他の装置等","36","人力機械工具等","361","人力クレーン等","4","飛来、落下"
"1534","2004","平成","16","9","11~12","自社の低温倉庫の改築工事中、フォークリフトでリフトアップしたパレット上に乗り、天井部分に断熱材を貼り付ける作業を行っていたところ、バランスを崩し、約4.5m下のコンクリートの床に転落した。","8","商業","802","小売業","80209","その他の小売業","1~9","2","物上げ装置、運搬機械","22","動力運搬機","222","フォークリフト","1","墜落、転落"
"1535","2004","平成","16","11","13~14","投入口に鉄製の桟がついたホッパー上で、桟に詰まった砂塊を唐鍬で砕き落としていたが、唐鍬を桟の間から落としたため、取り出そうと機械を止めずにホッパー内に入ったところ砂に埋もれた。","2","鉱業","202","土石採取業","20202","砂利採取業","10~29","7","環境等","71","環境等","711","地山、岩石","5","崩壊、倒壊"
"1536","2004","平成","16","11","6~7","トラック(最大積載荷重7t)後部に積載されているグラップルローダを用いて、丸太(長さ4m、径30センチメートル)を搬入していたとき、トラックが横転したため、被災者が運転席から投げ出され死亡した。","4","運輸交通業","403","道路貨物運送業","40301","一般貨物自動車運送業","10~29","2","物上げ装置、運搬機械","21","動力クレーン等","212","移動式クレーン","2","転倒"
"1537","2004","平成","16","2","4~5","民有林の立木を伐倒作業中、被災者が高さ約14m、胸高直径27センチメートルの雑木をチェーンソーで伐倒していたとき、木が縦割れしたため、根元がいったん跳ね上がった後、落ちてきて被災者に当たった。","6","農林業","602","林業","60201","木材伐出業","1~9","7","環境等","71","環境等","712","立木等","6","激突され"
"1538","2004","平成","16","3","11~12","車両積載形トラッククレーンを使用して、公道から1段下がった自社資材置き場にプレハブの現場用事務所を荷台からつり下ろしていたとき、トラッククレーンが傾き、下ろし側に立って操作していた被災者が機体とガードレールの間に挟まれた。","3","建設業","301","土木工事業","30106","道路建設工事業","10~29","2","物上げ装置、運搬機械","21","動力クレーン等","212","移動式クレーン","7","はさまれ、巻き込まれ"
"1539","2004","平成","16","4","9~10","海老養殖場において、えさの状況を確認するため、酸素ボンベを使用して潜水作業を行っていたところ、おぼれた。","7","畜産・水産業","702","水産業","70209","その他の水産業","1~9","7","環境等","71","環境等","713","水","10","おぼれ"
"1540","2004","平成","16","3","6~7","新聞配達中、配達先の民家からバイクで村道に出たときに右側から走ってきたワゴン車にはねられた。","8","商業","802","小売業","80205","新聞販売業","100~299","2","物上げ装置、運搬機械","23","乗物","231","乗用車、バス、バイク","17","交通事故（道路）"
"1541","2004","平成","16","7","11~12","堆肥舎新築工事現場において、基礎床掘の整地作業を行っていた被災者が、法面(のりめん)(高さ約3m)の土砂崩壊によって生き埋めとなった。","3","建設業","301","土木工事業","30199","その他の土木工事業","1~9","7","環境等","71","環境等","711","地山、岩石","5","崩壊、倒壊"
"1542","2004","平成","16","11","17~18","車両積載形トラッククレーンを使用し、荷(重さ約1200キログラムの鋼製の架台)のつり上げ作業を行っていたところ、当該クレーンが転倒し、操作を行っていた被災者がこれに巻き込まれた。","1","製造業","109","窯業土石製品製造業","10901","セメント・同製品製造業","10~29","2","物上げ装置、運搬機械","21","動力クレーン等","212","移動式クレーン","7","はさまれ、巻き込まれ"
"1543","2004","平成","16","1","6~7","自転車で新聞配達をしていた被災者が、国道の横断歩道でない部分を横断し、中央分離帯から出てきたところ、走行中の乗用車にはねられた。","8","商業","802","小売業","80205","新聞販売業","10~29","2","物上げ装置、運搬機械","23","乗物","231","乗用車、バス、バイク","17","交通事故（道路）"
"1544","2004","平成","16","6","5~6","ダンボール用ロール紙をトラックにて搬送し、荷降ろしのためトラックの荷台上にて荷にかけていたシートをはがしていていたところ、高さ2.6mの荷台の上より墜落した。","4","運輸交通業","403","道路貨物運送業","40301","一般貨物自動車運送業","50~99","2","物上げ装置、運搬機械","22","動力運搬機","221","トラック","1","墜落、転落"
"1545","2004","平成","16","5","7~8","かわ鋳付置場(屋外)において、構内下請け事業場の被災者が、錬銅建屋内の大割場から鉱滓のかたまりをトラクター・ショベルで運搬し、床面に下ろした際、水蒸気爆発が生じた。","1","製造業","111","非鉄金属製造業","11101","非鉄金属精錬・圧延業","30~49","5","物質、材料","52","材料","521","金属材料","14","爆発"
"1546","2004","平成","16","5","9~10","産業廃棄物選別棟において、分別棟内の電線置き場に廃棄物を置き、所定の持ち場に戻る際、方向転換のため後退したトラクター・ショベルの後輪にひかれた。","15","清掃・と畜業","1501","清掃・と畜業","150102","産業廃棄物処理業","1~9","1","動力機械","14","建設機械等","141","整地・運搬・積込み用機械","7","はさまれ、巻き込まれ"
"1547","2004","平成","16","3","12~13","運転代行業務で客を送り、戻る途中、車が中央線を越えて対向車線にはみ出し、対向車線を走ってきたタクシーに衝突した。","17","その他の事業","1702","その他の事業","170209","その他の事業－その他","10~29","2","物上げ装置、運搬機械","23","乗物","231","乗用車、バス、バイク","17","交通事故（道路）"
"1548","2004","平成","16","7","9~10","高さ約9mの工場屋根上で、火気養生用のシートをたたむ際、養生シート端を手に持ち後退したところ、明り取り用の波板を踏み抜き、工場内の床へ墜落した。","3","建設業","302","建築工事業","30201","鉄骨・鉄筋コンクリート造家屋建築工事業","10~29","4","仮設物、建築物、構築物等","41","仮設物、建築物、構築物等","415","屋根、はり、もや、けた、合掌","1","墜落、転落"
"1549","2004","平成","16","2","11~12","木造建築現場において玄関部分の筋交上部の固定用金具を取り付けるため、脚立(高さ1.8m)を使用し作業中、転落した。","3","建設業","302","建築工事業","30202","木造家屋建築工事業","1~9","3","その他の装置等","37","用具","371","はしご等","1","墜落、転落"
"1550","2004","平成","16","11","15~16","台風でスレート葺き鉄骨造平屋の工場の棟のスレートが破損したため、応急措置として破損部分周辺に足場板を並べてブルーシートを乗せ、木材で挟み、釘止めする作業中、スレートを踏み割り、約8m下の地上に墜落した。","3","建設業","301","土木工事業","30199","その他の土木工事業","30~49","4","仮設物、建築物、構築物等","41","仮設物、建築物、構築物等","415","屋根、はり、もや、けた、合掌","1","墜落、転落"
"1551","2004","平成","16","12","19~20","厚板工場内において、厚板の矯正を行う矯正機の調整工事中、前面ピンチロールにアイボルトを取り付けるため、テーブルロール減速機からスピンドルカバー上を通り、テーブルロール架台へ渡ろうとした際、梁にぶつかってバランスを崩し、スピンドルカバーと前面ピンチロールとの間にある開口部から3.7m下の基礎部に墜落した。","3","建設業","303","その他の建設業","30302","機械器具設置工事業","300~499","4","仮設物、建築物、構築物等","41","仮設物、建築物、構築物等","414","開口部","1","墜落、転落"
"1552","2004","平成","16","12","17~18","桟橋に停泊中のフェリーにトレーラーを積み込む作業中、トレーラーを切り離しトラクターのみで下船しようとしたが、ピンが外れておらず、トラクターを降りピンを外す操作をしたところトラクターが動き出した。急いで運転席に乗り込もうとしたところ、トラクターの運転席側が別のトレーラーに接触し、しまりかけたトラクターの扉に挟まれた。","4","運輸交通業","403","道路貨物運送業","40301","一般貨物自動車運送業","10~29","2","物上げ装置、運搬機械","22","動力運搬機","221","トラック","7","はさまれ、巻き込まれ"
"1553","2004","平成","16","1","10~11","国道において、管工事現場の交通誘導を行っていたところ、走行してきた一般車両(ワゴン車)を通過させようと誘導した際、当該ワゴン車が被災者に突っ込んだ。","17","その他の事業","1702","その他の事業","170201","警備業","10~29","2","物上げ装置、運搬機械","23","乗物","231","乗用車、バス、バイク","6","激突され"
"1554","2004","平成","16","9","13~14","もみ殻を4tトラックに積み込むため、トラックの荷台上で、ホッパーから荷台上に出されたもみ殻を敷き均す作業を行っていた際、荷台上にいた被災者が、積み込んだもみ殻に足を取られ、バランスを崩し、約3.5m下の地面に墜落した。","17","その他の事業","1702","その他の事業","170209","その他の事業－その他","1~9","2","物上げ装置、運搬機械","22","動力運搬機","221","トラック","1","墜落、転落"
"1555","2004","平成","16","2","14~15","法面(のりめん)に、コンクリート製の溝を縦に17.2m設置する工事において、ドラグ・ショベルのアタッチメントをブレーカに変更して、本工事のために作った盛土(高さ7.33m)上で、法面を掘削している際に、一部盛土が崩壊し、盛土からブレーカが転落した。運転手は転落の際に運転席から飛び出したが転落するブレーカのアーム部分の下敷きとなった。","3","建設業","301","土木工事業","30199","その他の土木工事業","10~29","1","動力機械","14","建設機械等","145","解体用機械","1","墜落、転落"
"1556","2004","平成","16","6","9~10","木材をトラッククレーンの荷台から降ろすため、荷の最上部に昇り、荷の落下防止の鎖を外した後、荷からトラックの荷台後部に設置されている操作台へ乗り移ろうとしたとき、足を踏み外し約3m下へ墜落した。","4","運輸交通業","403","道路貨物運送業","40301","一般貨物自動車運送業","1~9","2","物上げ装置、運搬機械","21","動力クレーン等","212","移動式クレーン","1","墜落、転落"
"1557","2004","平成","16","7","20~21","山車曳きを行っていた際、カーブにおいて曳いていたロープが緩み、前のめりになり足がもつれそうになったとき、急にロープが張ったため体が大きく振られ、張ったロープの勢いでロープより手が放れ転倒した。","1","製造業","101","食料品製造業","10109","その他の食料品製造業","50~99","3","その他の装置等","37","用具","379","その他の用具","2","転倒"
"1558","2004","平成","16","10","14~15","観光用シーサイクルボート(足こぎ式ボート)の清掃を行っていたところ、水中に転落した。","6","農林業","601","農業","60101","農業","10~29","7","環境等","71","環境等","713","水","10","おぼれ"
"1559","2004","平成","16","10","4~5","新聞配達のためバイクで走行中、運転操作を誤り川へ転落した。","8","商業","802","小売業","80205","新聞販売業","30~49","2","物上げ装置、運搬機械","23","乗物","231","乗用車、バス、バイク","17","交通事故（道路）"
"1560","2004","平成","16","5","10~11","電柱建替工事現場において、移動式クレーン(2.9t)を使用して、既設の電柱の支柱(重量900キログラム、長さ12m)を撤去する作業中、当該移動式クレーンにて支柱をつり上げて移動させていたところ、当該移動式クレーンが転倒したことにより、補助作業に従事していた被災者が転倒した移動式クレーンのジブと支柱との間に挟まれた。","3","建設業","303","その他の建設業","30301","電気通信工事業","10~29","2","物上げ装置、運搬機械","21","動力クレーン等","212","移動式クレーン","6","激突され"
"1561","2004","平成","16","7","6~7","自転車を運転して新聞を配達中、アスファルト舗装された町道の坂道(勾配約5度)を下っていたところ、カーブを曲がりきれずに町道を飛び出したため、5.8m下の町道に転落した。","8","商業","802","小売業","80205","新聞販売業","10~29","3","その他の装置等","36","人力機械工具等","362","人力運搬機","17","交通事故（道路）"
"1562","2004","平成","16","12","13~14","スキー場内において、高さ11mの鉄塔に上り、照明の調整作業終了後、ロープを使用して下へ下りようとしたところ、地面に墜落した。","17","その他の事業","1702","その他の事業","170209","その他の事業－その他","10~29","4","仮設物、建築物、構築物等","41","仮設物、建築物、構築物等","419","その他の仮設物、建築物、構築物等","1","墜落、転落"
"1563","2004","平成","16","6","12~13","4tトラックおよび8人乗り普通乗用車に分乗し高速自動車道を走行していたところ、前方に停車している大型トラックを確認、追い越し車線に車線変更したが、道路中央車線上に落下物(幅3m、奥行き2m、高さ60センチメートル)があったため、急ブレーキを掛けたが、間に合わず、当該落下物に衝突した後、その先に停車していた大型トラックに衝突した。","10","映画・演劇業","1001","映画・演劇業","100109","その他の映画・演劇業","1~9","2","物上げ装置、運搬機械","22","動力運搬機","221","トラック","17","交通事故（道路）"
"1564","2004","平成","16","7","6~7","フェリーの車両デッキ内において、下船のため、トレーラーを前進させようとした際、後部台車のブレーキを解除していなかったことに気付き、トレーラーを下車して、後部台車のブレーキを解除したところ、トレーラーが動き出した。このため、被災者はトレーラーを止めようと運転席に行ったところ、ドアがフェリーの鋼製柱にぶつかり、しまったドアに挟まれた。","4","運輸交通業","403","道路貨物運送業","40302","特定貨物自動車運送業","30~49","2","物上げ装置、運搬機械","22","動力運搬機","221","トラック","7","はさまれ、巻き込まれ"
"1565","2004","平成","16","12","15~16","水道管敷設工事現場において、掘削した溝内に水道管敷設後、水道管上に砂を敷き、その上に栗石を入れ、ドラグ・ショベルの排土板でならす作業をしていた際、運転手が当該ドラグ・ショベルを数メートル後退させたところ、交通誘導をしていた被災者をひいた。","17","その他の事業","1702","その他の事業","170201","警備業","10~29","1","動力機械","14","建設機械等","142","掘削用機械","7","はさまれ、巻き込まれ"
"1566","2004","平成","16","1","11~12","自社工場の生コンを生コンミキサー車で納入先の工事現場に配送終了後の帰社途中、林道の左カーブを通り過ぎた直線路にさしかかったところ、林道左側の路肩から35m下の谷に転落し、その際、車外に投げ出され運転していた生コンミキサー車の下敷きとなった。","1","製造業","109","窯業土石製品製造業","10901","セメント・同製品製造業","10~29","2","物上げ装置、運搬機械","22","動力運搬機","221","トラック","1","墜落、転落"
"1567","2004","平成","16","3","13~14","ツイン丸のこ盤で丸太から切断された背板をベルトコンベアで移動したあと、鋸屑製造機に人力で投入するために、背板上げ機から背板を受け取る作業をしていた被災者が、同機の駆動軸に巻き込まれた。","1","製造業","104","木材・木製品製造業","10401","製材業","1~9","2","物上げ装置、運搬機械","22","動力運搬機","224","コンベア","7","はさまれ、巻き込まれ"
"1568","2004","平成","16","5","15~16","骨材プラントに設置してある砕石ダスト貯蔵コルゲートビン(鋼製の円筒形のタンクで直径5m、高さ4.9m)内で、被災者が1人で同ビン底部の排出ゲートから砂岩の砕石ダストをスコップを使用して排出する作業を行っていたところ、貯蔵していた砕石ダストに埋没した。","3","建設業","301","土木工事業","30101","水⼒発電所等建設工事業","10~29","4","仮設物、建築物、構築物等","41","仮設物、建築物、構築物等","418","建築物、構築物","1","墜落、転落"
"1569","2004","平成","16","6","14~15","トラックで走行中、道路の中央線を超え対向車の乗用車と正面衝突した。","17","その他の事業","1702","その他の事業","170209","その他の事業－その他","10~29","2","物上げ装置、運搬機械","22","動力運搬機","221","トラック","17","交通事故（道路）"
"1570","2004","平成","16","10","17~18","軽ワゴン車で走行中、中央線を超え対向車のトラックに正面衝突し、軽ワゴン車の運転者および同乗していた労働者2名が死亡した。","17","その他の事業","1702","その他の事業","170209","その他の事業－その他","1~9","2","物上げ装置、運搬機械","23","乗物","231","乗用車、バス、バイク","17","交通事故（道路）"
"1571","2004","平成","16","10","17~18","軽ワゴン車で走行中、中央線を超え対向車のトラックに正面衝突し、軽ワゴン車の運転者および同乗していた労働者2名が死亡した。","17","その他の事業","1702","その他の事業","170209","その他の事業－その他","1~9","2","物上げ装置、運搬機械","23","乗物","231","乗用車、バス、バイク","17","交通事故（道路）"
"1572","2004","平成","16","10","17~18","軽ワゴン車で走行中、中央線を超え対向車のトラックに正面衝突し、軽ワゴン車の運転者および同乗していた労働者2名が死亡した。","17","その他の事業","1702","その他の事業","170209","その他の事業－その他","1~9","2","物上げ装置、運搬機械","23","乗物","231","乗用車、バス、バイク","17","交通事故（道路）"
"1573","2004","平成","16","1","11~12","水路トンネル補修工事において斜路(勾配20度)の軌条に水路で使用するバッテリーカー(重量0.5t)を載せ、ブレーキで停車させていた。バッテリーカーを水路に下ろすため、巻上げ機のワイヤー端末をバッテリーカーの運転席の背もたれ部に通し、抜けないようにアイに杉材を差し込んで連結しワイヤーが緩んだ状態でブレーキを解除したところ、ワイヤーの張力により杉材が割れアイが抜け滑走し約70m下の水路壁に激突した。","3","建設業","301","土木工事業","30102","トンネル建設工事業","30~49","2","物上げ装置、運搬機械","22","動力運搬機","223","軌道装置","3","激突"
"1574","2004","平成","16","3","18~19","送別会の会場へ向かう途中、横断歩道を歩行中に軽ワゴン車にはねられた。","17","その他の事業","1702","その他の事業","170209","その他の事業－その他","100~299","2","物上げ装置、運搬機械","23","乗物","231","乗用車、バス、バイク","17","交通事故（道路）"
"1575","2004","平成","16","8","9~10","県道の除草作業現場において、ある地点で草を積み終え、次の積込み地点までトラックを移動させていたところ、トラックの荷台に乗っていた被災者が路上に転落した。","3","建設業","301","土木工事業","30199","その他の土木工事業","10~29","2","物上げ装置、運搬機械","22","動力運搬機","221","トラック","1","墜落、転落"
"1576","2004","平成","16","12","8~9","上水道管布設工事現場において、交通誘導を行っていた被災者は、材料等を搬入して来た2tトラックが、道路脇に置かれていたカラーコーンを車体の下に巻き込んだことに気付き、道路脇に停車したトラックの左前下部にもぐり込む格好でコーンを取り除く作業をしていたところ、発進したトラックにひかれた。","17","その他の事業","1702","その他の事業","170201","警備業","10~29","2","物上げ装置、運搬機械","22","動力運搬機","221","トラック","7","はさまれ、巻き込まれ"
"1577","2004","平成","16","11","10~11","事務所において打合せ中に突然倒れ、死亡した。","17","その他の事業","1702","その他の事業","170209","その他の事業－その他","1~9","9","その他","91","その他の起因物","911","その他の起因物","90","その他"
"1578","2004","平成","16","2","19~20","工場内において、不要機械設備の撤去作業が終り、既設棟と新棟を仕切るために設置してあったブルーシートの復旧作業を終え、フォークリフトに設置した高所作業台を下降していたところ、高さ2.1mのところで高所作業台のバランスが崩れ、搭乗していた被災者が高所作業台とともに墜落した。","3","建設業","303","その他の建設業","30302","機械器具設置工事業","1~9","2","物上げ装置、運搬機械","22","動力運搬機","222","フォークリフト","1","墜落、転落"
"1579","2004","平成","16","9","16~17","砂利採取船で、採取した砂利を採石プラントまで運んでいたところ、船から川へ落ちた。","2","鉱業","202","土石採取業","20202","砂利採取業","1~9","7","環境等","71","環境等","713","水","10","おぼれ"
"1580","2004","平成","16","11","14~15","送電線(6600V)に樹木が接触、近接していないか調査を行うため、電柱に登り、3本ある送電線の中線(地上約9.2m)付近に位置取りし、電線と樹木との垂直距離等を目視にて測定しようとしたところ、誤って電柱のステップを踏み外し、送電線に接触し感電した。","3","建設業","303","その他の建設業","30301","電気通信工事業","100~299","3","その他の装置等","35","電気設備","351","送配電線等","13","感電"
"1581","2004","平成","16","1","5~6","新聞配達のアルバイト中の被災者がバイクに乗って緩やかな下り右カーブを走行しているとき、センターラインをはみ出して走行してきた乗用車と衝突した。","8","商業","802","小売業","80205","新聞販売業","1~9","2","物上げ装置、運搬機械","23","乗物","231","乗用車、バス、バイク","17","交通事故（道路）"
"1582","2004","平成","16","2","13~14","産業廃棄物処理場中間保管場所敷地に隣接する川の堰堤(高さ約6.5m)の端から墜落した。","15","清掃・と畜業","1501","清掃・と畜業","150102","産業廃棄物処理業","30~49","4","仮設物、建築物、構築物等","41","仮設物、建築物、構築物等","418","建築物、構築物","1","墜落、転落"
"1583","2004","平成","16","2","1~2","運転代行業務中に国道を走行中、中央線を越えてきた乗用車と衝突した。","17","その他の事業","1702","その他の事業","170209","その他の事業－その他","10~29","2","物上げ装置、運搬機械","23","乗物","231","乗用車、バス、バイク","17","交通事故（道路）"
"1584","2004","平成","16","1","15~16","お寺の納骨堂新築工事のため、本堂と渡り廊下でつながっている家屋を解体する作業において、渡り廊下の途中を切断するため、渡り廊下の屋根に上り軒げたをのこぎりで切っているとき約3m下の地面に墜落した。","3","建設業","302","建築工事業","30201","鉄骨・鉄筋コンクリート造家屋建築工事業","1~9","4","仮設物、建築物、構築物等","41","仮設物、建築物、構築物等","415","屋根、はり、もや、けた、合掌","1","墜落、転落"
"1585","2004","平成","16","1","13~14","トラックで走行中、道路脇の電柱に激突し、同乗者であった被災者が車外に投げ出された。","3","建設業","302","建築工事業","30209","その他の建築工事業","1~9","2","物上げ装置、運搬機械","22","動力運搬機","221","トラック","17","交通事故（道路）"
"1586","2004","平成","16","4","10~11","電気炉解体現場において、電気炉建屋の3階でダクトに取り付けられたダンパー等の取り外し作業を行っているときに墜落した。","3","建設業","302","建築工事業","30209","その他の建築工事業","10~29","4","仮設物、建築物、構築物等","41","仮設物、建築物、構築物等","414","開口部","1","墜落、転落"
"1587","2004","平成","16","6","15~16","岸壁に係留している浮きクレーンの補巻のワイヤロープを交換する作業中、立て置きしていた主巻のフックブロック(重量約1.3t)が倒れ、下敷きになった。","3","建設業","301","土木工事業","30199","その他の土木工事業","10~29","2","物上げ装置、運搬機械","21","動力クレーン等","212","移動式クレーン","7","はさまれ、巻き込まれ"
"1588","2004","平成","16","6","9~10","墓石を移動式クレーンでつっていたところ、玉掛け用繊維ベルトが切断したため墓石が落下し、被災者が墓石の下敷きとなった。","1","製造業","109","窯業土石製品製造業","10909","その他の土石製品製造業","1~9","3","その他の装置等","37","用具","372","玉掛用具","4","飛来、落下"
"1589","2004","平成","16","7","3~4","高速自動車道を大型トラック(25t車)で走行中、故障のため登坂車線で停車していた大型トラックに追突し、その衝撃で2台の大型トラックが中央分離帯に衝突した。","4","運輸交通業","403","道路貨物運送業","40301","一般貨物自動車運送業","100~299","2","物上げ装置、運搬機械","22","動力運搬機","221","トラック","17","交通事故（道路）"
"1590","2004","平成","16","8","14~15","工場の商品搬入口に保冷車をバックで停めて、店舗から運んできた箱を降ろした後、工場前の道路で保冷車の下敷きになっているところを発見された。","1","製造業","101","食料品製造業","10104","パン、菓子製造業","10~29","2","物上げ装置、運搬機械","22","動力運搬機","221","トラック","7","はさまれ、巻き込まれ"
"1591","2004","平成","16","11","8~9","車両系建設機械のバケットに乗り、型枠材を取り外す作業をしていたところ、バケットから墜落し、さらに谷に転落した。","3","建設業","301","土木工事業","30106","道路建設工事業","1~9","1","動力機械","14","建設機械等","142","掘削用機械","1","墜落、転落"
"1592","2004","平成","16","11","11~12","予防治山事業現場において、砂防ダムの前堤付近で型枠の脱枠作業等を行っていたところ、前堤設置個所の左岸法面(のりめん)上方の地山が突然地滑りを起こし、作業者4名が土砂に流され、1人が土砂に生き埋めとなった。","3","建設業","301","土木工事業","30108","砂防工事業","10~29","7","環境等","71","環境等","711","地山、岩石","5","崩壊、倒壊"
"1593","2004","平成","16","3","2~3","事業場の寮において就寝中に死亡した。","3","建設業","301","土木工事業","30104","鉄道軌道建設工事業","10~29","9","その他","92","起因物なし","921","起因物なし","90","その他"
"1594","2004","平成","16","2","14~15","伐倒木集材において、主索の先端を固定したエンドレス索を立木に丸太を組み設けた足場に設置した集材機で送り出す運転操作を行っていたところ、集材機の後方の固定索(ワイヤロープ8ミリメートル)が切断したため、集材機が前方の結束部を支点として約180度前転し、被災者に激突した。","6","農林業","602","林業","60201","木材伐出業","1~9","2","物上げ装置、運搬機械","21","動力クレーン等","217","機械集材装置、運材索道","6","激突され"
"1595","2004","平成","16","4","17~18","海上で、ちりめん漁を行っていたところ、引船上において、巻き上げローラーに巻き込まれた。","7","畜産・水産業","702","水産業","70201","漁業","10~29","2","物上げ装置、運搬機械","21","動力クレーン等","219","その他の動力クレーン等","7","はさまれ、巻き込まれ"
"1596","2004","平成","16","5","8~9","冷凍保存庫の電動式ドア(引き戸式)を半開きの状態で、被災者が庫外へ商品を持ち出す作業を行っていた際に、他の作業者がドアをさらに開こうとドアのボタンを押したところ、ドアが閉まり、被災者が挟まれた。","1","製造業","101","食料品製造業","10109","その他の食料品製造業","1~9","3","その他の装置等","39","その他の装置、設備","391","その他の装置、設備","7","はさまれ、巻き込まれ"
"1597","2004","平成","16","10","20~21","岸壁に係留した船のエンジンの修理を行っていたところ、海中に転落した。","1","製造業","117","その他の製造業","11702","機械修理業","1~9","7","環境等","71","環境等","713","水","10","おぼれ"
"1598","2004","平成","16","12","13~14","重さ350キログラムの杉の木を、チェーンソーで追い口を入れ、人力で押し倒そうとしたところ、受け口方向(東側)に倒れず、南側約10mの場所で、別の木にチェーンソーで受け口を入れていた被災者を直撃した。","3","建設業","301","土木工事業","30199","その他の土木工事業","10~29","7","環境等","71","環境等","712","立木等","6","激突され"
"1599","2004","平成","16","1","11~12","排水路敷設工事現場において、道路下をドラグ・ショベルで床堀した後、床堀内で土止め材を設置する作業中、床堀した地山が幅6m、高さ1.2mにわたり民家の石積塀(高さ1.6m)とともに崩壊し、倒れ落ちた石積塀と道路中央側の掘削面との間に挟まれた。","3","建設業","301","土木工事業","30199","その他の土木工事業","10~29","7","環境等","71","環境等","711","地山、岩石","5","崩壊、倒壊"
"1600","2004","平成","16","9","16~17","養豚場内において、台風で壊れた豚舎の屋根を被災者が2連式はしごの上に乗って補修作業を行っていたところ、当該はしごが倒れ、高さ2.6m下のコンクリート床面に墜落した。","7","畜産・水産業","701","畜産業","70101","畜産業","30~49","3","その他の装置等","37","用具","371","はしご等","1","墜落、転落"
"1601","2004","平成","16","9","10~11","マンション新築現場において、3階部分の窓ガラス取付けのため、足場の昇降階段からガラス板(1200×49、厚さ6ミリメートル)を1人で抱え運びあげる作業中、足場の下から3層目の踊場でバランスを崩し3.6m下に墜落し、そこにガラスが落下してきた。","3","建設業","302","建築工事業","30201","鉄骨・鉄筋コンクリート造家屋建築工事業","10~29","4","仮設物、建築物、構築物等","41","仮設物、建築物、構築物等","411","足場","1","墜落、転落"
"1602","2004","平成","16","11","16~17","道路新設工事現場において、立木伐採後の斜面上に残っていた枝木を斜面下のドラグ・ショベルのところへ投げ落とす作業中、被災者が斜面から棚状に突き出た岩石の上から足を滑らせ、斜面に墜落した。","3","建設業","301","土木工事業","30106","道路建設工事業","10~29","7","環境等","71","環境等","711","地山、岩石","1","墜落、転落"
"1603","2004","平成","16","7","17~18","木造家屋建築工事において、軒下張り作業の補助をおこなっていた被災者の歩行状態が異常であったため他の作業者が病院に連れて行ったところ、熱中症により死亡した。","3","建設業","302","建築工事業","30202","木造家屋建築工事業","1~9","7","環境等","71","環境等","715","高温・低温環境","90","その他"
"1604","2004","平成","16","10","17~18","林道改良工事において法面(のりめん)の立木(胸高直径40センチメートル、高さ22m)をチェーンソーで伐倒したところ、約13m離れた被災者に激突した。","3","建設業","301","土木工事業","30106","道路建設工事業","10~29","7","環境等","71","環境等","712","立木等","6","激突され"
"1605","2004","平成","16","11","14~15","発電所から、変電所に通じている6600Vの送電線に、樹木等の接触、近接がないかの調査を行っていたところ、誤って体のバランスを崩した際に、送電線に接触し感電した。","3","建設業","303","その他の建設業","30301","電気通信工事業","100~299","4","仮設物、建築物、構築物等","41","仮設物、建築物、構築物等","419","その他の仮設物、建築物、構築物等","13","感電"
"1606","2004","平成","16","7","13~14","研磨機を使用した床の研磨作業において、研磨機につないだ移動電線の接続のために使用していたブレーカを持ち上げて移動しようとしたところ、感電した。","3","建設業","302","建築工事業","30209","その他の建築工事業","1~9","3","その他の装置等","35","電気設備","351","送配電線等","13","感電"
"1607","2004","平成","16","2","8~9","作業開始点検後、ハーベスタを作業場まで移動する際に、ハーベスタ後部の原料袋を下げる荷台アームと本体に挟まれた。","6","農林業","601","農業","60101","農業","30~49","2","物上げ装置、運搬機械","22","動力運搬機","229","その他の動力運搬機","7","はさまれ、巻き込まれ"
"1608","2004","平成","16","3","8~9","足場材(鋼製布板等)を仮置きしている敷地内で、束ねていた鋼製布板(重量約750キログラム)が約2.4mの高さから落下し、被災者に激突した。","17","その他の事業","1702","その他の事業","170209","その他の事業－その他","10~29","5","物質、材料","52","材料","521","金属材料","4","飛来、落下"
"1609","2004","平成","16","4","10~11","採石の選別機のオペレータをしていた被災者が、採石を運ぶベルトコンベアとホッパー出口のスカート部との間に挟まれた。","2","鉱業","202","土石採取業","20201","採石業","10~29","2","物上げ装置、運搬機械","22","動力運搬機","224","コンベア","7","はさまれ、巻き込まれ"
"1610","2004","平成","16","9","6~7","新聞配達中、被災者が自転車に乗って道路を横断したところ、右から走行してきた普通乗用車にはねられた。","8","商業","802","小売業","80205","新聞販売業","30~49","2","物上げ装置、運搬機械","23","乗物","231","乗用車、バス、バイク","17","交通事故（道路）"
"1611","2004","平成","16","3","10~11","共同住宅新築工事の躯(く)体2階ベランダの型枠解体作業で、天井部分のベニヤ板を外す作業を外部足場2層目から行おうとしたところ、手すりのない足場から墜落した。","3","建設業","302","建築工事業","30201","鉄骨・鉄筋コンクリート造家屋建築工事業","1~9","4","仮設物、建築物、構築物等","41","仮設物、建築物、構築物等","411","足場","1","墜落、転落"
"1612","2004","平成","16","3","21~22","擁壁側の路盤の手直し作業を急きょ行うこととなったため、夜間まで残業をすることになり、暗くなった後、西側から東側へ照らす投光器が1台しかない状況の中で、作業場所間を移動していた時に、擁壁の上から、深さ5.7mの水の入っていない貯水池の底に墜落した。","3","建設業","301","土木工事業","30199","その他の土木工事業","1~9","4","仮設物、建築物、構築物等","41","仮設物、建築物、構築物等","418","建築物、構築物","1","墜落、転落"
"1613","2004","平成","16","4","11~12","町道で、送迎用マイクロバスの方向転換をしていて、道路から脱輪していないか確かめるためバスからおり、バスの前に回りこんだところ、無人のマイクロバスが前方に動き出し、そのマイクロバスと民家のブロック塀の間に挟まれた。","17","その他の事業","1702","その他の事業","170209","その他の事業－その他","1~9","2","物上げ装置、運搬機械","23","乗物","231","乗用車、バス、バイク","7","はさまれ、巻き込まれ"
"1614","2004","平成","16","6","10~11","銀行の応接室において面談中の客にいきなり包丁で刺された。","9","金融・広告業","901","金融業","90101","銀行・信託業","1~9","9","その他","99","分類不能","999","分類不能","99","分類不能"
"1615","2004","平成","16","12","13~14","下水道工事現場で、掘削の深さが約3.7mの溝内に土止め支保工を設けないまま床ならし作業を行っていたところ、掘削面が崩壊し土砂で生き埋めとなった。","3","建設業","301","土木工事業","30110","上下水道工事業","1~9","7","環境等","71","環境等","711","地山、岩石","5","崩壊、倒壊"
"1616","2004","平成","16","3","11~12","かかり木の除去作業中かかり木となっていた松が倒れ、被災者を直撃した。","6","農林業","602","林業","60209","その他の林業","1~9","7","環境等","71","環境等","712","立木等","6","激突され"
"1617","2004","平成","16","6","16~17","下水道管布設工事現場において、新設マンホール管(直径0.9m、深さ4m)の継ぎ目部分をモルタルで充填する仕上げ作業中、マンホール壁とステップにかかったツルハシに挟まれ宙つり状態となった。","3","建設業","301","土木工事業","30110","上下水道工事業","1~9","3","その他の装置等","36","人力機械工具等","364","手工具","7","はさまれ、巻き込まれ"
"1618","2004","平成","16","2","5~6","バイクで朝刊配達中、駐車場からバイクで道路に出たところ、直進してきた乗用車に追突された。","8","商業","802","小売業","80205","新聞販売業","1~9","2","物上げ装置、運搬機械","23","乗物","231","乗用車、バス、バイク","17","交通事故（道路）"
"1619","2004","平成","16","7","15~16","橋工事中の橋面にて、電話線用の塩化ビニールパイプを橋面上に敷設するため材料置場から作業場所へパイプを運ぶ作業をしていたところ、落雷に当たった。","3","建設業","303","その他の建設業","30301","電気通信工事業","1~9","7","環境等","71","環境等","719","その他の環境等","13","感電"
"1620","2004","平成","16","9","4~5","国道を走行中の乗用車が対向車線に進入し、路側帯を自転車で走っていた被災者をはねた。","8","商業","802","小売業","80205","新聞販売業","1~9","2","物上げ装置、運搬機械","23","乗物","231","乗用車、バス、バイク","17","交通事故（道路）"
