"ID","西暦","年号","年","月","発生時間","災害状況","業種（大分類）コード","業種（大分類）分類名","業種（中分類）コード","業種（中分類）分類名","業種（小分類）コード","業種（小分類）分類名","事業場規模","起因物（大分類）コード","起因物（大分類）分類名","起因物（中分類）コード","起因物（中分類）分類名","起因物（小分類）コード","起因物（小分類）分類名","事故の型コード","事故の型分類名"
"1","2002","平成","14","1","17~18","コンクリート2次製品(ケーブル用ボックス)の鋼製型枠調整のため、L型の側板(454キログラム)を取り外し仮置きしていたところ、側板が倒れ下敷きとなった。","1","製造業","112","金属製品製造業","11209","その他の金属製品製造業","1~9","3","その他の装置等","37","用具","379","その他の用具","7","はさまれ、巻き込まれ"
"2","2002","平成","14","11","1~2","走行中のタクシーが、橋上の凍結部分でスリップして歩道に乗り上げ、橋の欄干を突き破って約10m下の川(水深75センチメートル)に落下してタクシー運転手は溺死して乗客1名が外傷性ショックで死亡した。","4","運輸交通業","402","道路旅客運送業","40201","ハイヤー・タクシー業","300~499","2","物上げ装置、運搬機械","23","乗物","231","乗用車、バス、バイク","17","交通事故（道路）"
"3","2002","平成","14","1","1~2","走行中のタクシーが、橋上の凍結部分でスリップして歩道に乗り上げ、橋の欄干を突き破って約10m下の川(水深75センチメートル)に落下して乗客1名が外傷性ショックで死亡した。","1","製造業","107","印刷・製本業","10701","印刷業","1000~9999","2","物上げ装置、運搬機械","23","乗物","231","乗用車、バス、バイク","17","交通事故（道路）"
"4","2002","平成","14","1","12~13","埠頭にある船舶誘導用の導灯点検中、第2号導灯の不点灯があったので予備灯に切り換える作業を行い、車に乗り込んで後退させたときに誤って車ごと海中に転落し、約2キロメートル離れた岸壁で水死体で発見された。","5","貨物取扱業","502","港湾運送業","50202","港湾荷役業","10~29","2","物上げ装置、運搬機械","23","乗物","231","乗用車、バス、バイク","10","おぼれ"
"5","2002","平成","14","1","6~7","トラック運転手として、材木(輸入材の束、1束、長さ3.68mの板を96本、約1.1t)をトラックで運送し、搬入先の従業員が3段積みの荷をフォークリフトで持ち上げその下に台木を入れていたときに、3段のうち最上段のものが落下し下敷きになった。","4","運輸交通業","403","道路貨物運送業","40301","一般貨物自動車運送業","10~29","2","物上げ装置、運搬機械","22","動力運搬機","222","フォークリフト","4","飛来、落下"
"6","2002","平成","14","1","19~20","出口の扉の補修作業を行って者が、何らかの理由でトランスミッションの歯車を焼き入れする侵炭炉に入って一酸化炭素中毒で死亡した。なお、救出しようとして炉内に入った同僚も倒れた。","1","製造業","115","輸送用機械等製造業","11502","自動車・同付属品製造業","1000~9999","5","物質、材料","51","危険物、有害物等","514","有害物","12","有害物等との接触"
"7","2002","平成","14","6","7~8","タンクローリー(牛乳16800L積載)を運転して高速道路の下り線を走行中、料金所手前の急な左カーブを曲がりきれずに道路右のガードレールに衝突して首などを強打した。","4","運輸交通業","403","道路貨物運送業","40301","一般貨物自動車運送業","10~29","2","物上げ装置、運搬機械","22","動力運搬機","221","トラック","17","交通事故（道路）"
"8","2002","平成","14","1","6~7","朝刊の配達を終えて販売店へバイクで戻る途中、道路脇の警戒標識の柱に激突した。","8","商業","802","小売業","80205","新聞販売業","10~29","2","物上げ装置、運搬機械","23","乗物","231","乗用車、バス、バイク","17","交通事故（道路）"
"9","2002","平成","14","1","4~5","3tトラックで高速道路を走行中、ガードレールに衝突して走行車線に止まっていた乗用車に接触したので、トラックを降りて乗用車の方へ歩いていたとき後続車にはねられた。","4","運輸交通業","403","道路貨物運送業","40301","一般貨物自動車運送業","10~29","2","物上げ装置、運搬機械","23","乗物","231","乗用車、バス、バイク","17","交通事故（道路）"
"10","2002","平成","14","1","8~9","工場内の除雪のため、車庫より除雪車両(RV車に除雪用ブレードを取付けた車)を出そうとしてドアを開けて車外からエンジンを駆けたところ、ギアが入っていたために車両が前進し、開けたドアが車庫の壁にぶつかってドアと車体の間に身体を挟まれた。","17","その他の事業","1702","その他の事業","170209","その他の事業－その他","100~299","2","物上げ装置、運搬機械","23","乗物","231","乗用車、バス、バイク","7","はさまれ、巻き込まれ"
"11","2002","平成","14","1","10~11","4tトラックの荷台でコンクリート製のL字型側溝をドラグショベルで路上におろす作業中、側溝を吊った直後に地上にいた合図者がトラック運転者に前進させる合図を出してトラックが前進したため、バランスを崩して側溝とともに地上に墜落した。","3","建設業","301","土木工事業","30106","道路建設工事業","1~9","2","物上げ装置、運搬機械","22","動力運搬機","221","トラック","1","墜落、転落"
"12","2002","平成","14","1","16~17","地上約43mのサイロ上のコンベアー付近で集塵ダクトの取り替え工事中、コンベアー上に設けられた覆いの上からサイロの上まで約8.3m墜落した。","3","建設業","303","その他の建設業","30302","機械器具設置工事業","50~99","2","物上げ装置、運搬機械","22","動力運搬機","224","コンベア","1","墜落、転落"
"13","2002","平成","14","1","11~12","建造中の30万tタンカー船首部分のボースンストア内で足場の解体撤去作業中、開口部より約24m下の船底部に墜落した。","1","製造業","115","輸送用機械等製造業","11501","造船業","1~9","4","仮設物、建築物、構築物等","41","仮設物、建築物、構築物等","414","開口部","1","墜落、転落"
"14","2002","平成","14","1","15~16","軽自動車で片側二車線の右側車線を走行中、中央車線を突破して反対車線を走行中の大型トラックに激突した。","17","その他の事業","1702","その他の事業","170209","その他の事業－その他","1~9","2","物上げ装置、運搬機械","23","乗物","231","乗用車、バス、バイク","17","交通事故（道路）"
"15","2002","平成","14","4","16~17","木造平屋建て家屋の屋根の防水塗装中、3.5m下に転落した。","3","建設業","302","建築工事業","30209","その他の建築工事業","1~9","4","仮設物、建築物、構築物等","41","仮設物、建築物、構築物等","415","屋根、はり、もや、けた、合掌","1","墜落、転落"
"16","2002","平成","14","1","13~14","一部平家の2階建て住宅解体作業中、解体用のアタッチメントを取り付けたバックホーの作業範囲内に立ち入り、2階建屋の外壁と右旋回した重機の旋回体との間に挟まれた。","3","建設業","302","建築工事業","30209","その他の建築工事業","10~29","1","動力機械","14","建設機械等","145","解体用機械","7","はさまれ、巻き込まれ"
"17","2002","平成","14","1","16~17","抄紙機ドライパ-ト(多筒式)部の通紙作業で、22番目のドライロ-ル(全部で約30本ある)の下から上へ通紙しているときに、23番目のドライロ-ル食込み部に上半身を巻込まれた。","1","製造業","106","パルプ・紙・紙加工品製造業","10601","パルプ・紙製造業","100~299","1","動力機械","16","一般動力機械","163","ロール機（印刷ロール機を除く。）","7","はさまれ、巻き込まれ"
"18","2002","平成","14","1","19~20","翌日のパンの仕入れのため乗用車で行き、その帰り道に片側一車線の見通しの良い直線道路で道路右側の道路標識の支柱に激突した。","14","接客娯楽業","1402","飲食店","140201","一般飲食店","1~9","2","物上げ装置、運搬機械","23","乗物","231","乗用車、バス、バイク","17","交通事故（道路）"
"19","2002","平成","14","1","4~5","産業廃棄物を運搬するため4tトラックで大橋を走行中、欄干を突き破り約10m下の川に転落した。","15","清掃・と畜業","1501","清掃・と畜業","150102","産業廃棄物処理業","10~29","2","物上げ装置、運搬機械","22","動力運搬機","221","トラック","17","交通事故（道路）"
"20","2002","平成","14","8","15~16","チップの原材料となる雑木の伐倒予定木の根元の雪堀作業をしていたところ、他の者がナラ立木(胸高径:16センチメートル)を伐倒したため伐倒木の下敷きになった。","6","農林業","602","林業","60201","木材伐出業","1~9","7","環境等","71","環境等","712","立木等","6","激突され"
"21","2002","平成","14","1","10~11","道路新設工事における水路用ボックスカルバートの設置作業で掘削した盛土の整形のため、盛土の最上部までドラグショベルを進行させたときに、ドラグショベルが盛土を乗り越え反対側で転倒し、ドラグショベルの下敷きになった。","3","建設業","301","土木工事業","30106","道路建設工事業","1~9","1","動力機械","14","建設機械等","142","掘削用機械","2","転倒"
"22","2002","平成","14","1","13~14","会社の別荘の屋根の雪下ろし作業中、1.5mほど積もっていた雪が滑落したため巻き込まれて転落し、軒先より約4mあった雪の中に埋没した。","17","その他の事業","1702","その他の事業","170209","その他の事業－その他","1~9","7","環境等","71","環境等","719","その他の環境等","1","墜落、転落"
"23","2002","平成","14","1","3~4","片側1車線の道路をタクシーで走行中、カーブを曲がりきれずに中央線をはみ出してきた対向車に正面衝突された。","4","運輸交通業","402","道路旅客運送業","40201","ハイヤー・タクシー業","50~99","2","物上げ装置、運搬機械","23","乗物","231","乗用車、バス、バイク","17","交通事故（道路）"
"24","2002","平成","14","1","6~7","軽トラックで会社の土場へ向かうため堤防道路を走行中、緩い左カーブのところでブレーキを掛けたときに、軽トラックが横滑りして対向の乗用車と正面衝突した。","3","建設業","301","土木工事業","30199","その他の土木工事業","10~29","2","物上げ装置、運搬機械","22","動力運搬機","221","トラック","17","交通事故（道路）"
"25","2002","平成","14","1","14~15","ドラグショベルのバケットでクラッシャランをブロック積の裏側に入れる作業中、コンクリートブロックの写真撮影をしようとした者が移動したドラグショベルに轢かれた。","3","建設業","301","土木工事業","30106","道路建設工事業","10~29","1","動力機械","14","建設機械等","142","掘削用機械","7","はさまれ、巻き込まれ"
"26","2002","平成","14","3","14~15","国道を走行中、道路左側の縁石に乗り上げてセンターラインを超え、さらに対向車線の縁石も乗り越えて電柱に衝突した。","4","運輸交通業","403","道路貨物運送業","40301","一般貨物自動車運送業","10~29","2","物上げ装置、運搬機械","22","動力運搬機","221","トラック","17","交通事故（道路）"
"27","2002","平成","14","12","9~10","22t大型トレーラーで砂糖を積んで走行中、降雪のため右カーブを曲がりきれずに路外に転落した。","4","運輸交通業","403","道路貨物運送業","40301","一般貨物自動車運送業","1~9","2","物上げ装置、運搬機械","22","動力運搬機","221","トラック","17","交通事故（道路）"
"28","2002","平成","14","1","10~11","産業廃棄物リサイクルセンターで廃木材を粉砕してチップ状にする粉砕機の操作業務中、旋回した廃木材投入用重機(ドラグショベルに爪状のアタッチメントを取付けたもの)の右後部のカウンターウエイト部と粉砕機の昇降階段部分に頭部等を挟まれた。","15","清掃・と畜業","1501","清掃・と畜業","150102","産業廃棄物処理業","1~9","1","動力機械","14","建設機械等","149","その他の建設機械等","7","はさまれ、巻き込まれ"
"29","2002","平成","14","1","8~9","吐水槽躯体工事の外部足場解体前の養生用屋根撤去作業で、手すりとクリアシートを約半分まで撤去を終えたときに、クリアシート撤去後の開口部(幅110センチメートル)から墜落し、11.8m下の吐水槽底のコンクリート面に激突した。","3","建設業","301","土木工事業","30199","その他の土木工事業","1~9","4","仮設物、建築物、構築物等","41","仮設物、建築物、構築物等","419","その他の仮設物、建築物、構築物等","1","墜落、転落"
"30","2002","平成","14","1","8~9","牛舎のパドックにおいて、カッティングミキサー(自走式で飼料を混合、搬出する機械)で乳牛に給餌中、ミキサーのホッパー上部で餌(乾草、グラスサイレージ、飼料の混合物)が固まってしまったので、ホッパーのへり上で掻き落とす作業を行っていたときにホッパー内に転落し、稼働していたスクリュー部分に右足部分から巻き込まれた。","7","畜産・水産業","701","畜産業","70101","畜産業","30~49","1","動力機械","16","一般動力機械","162","混合機、粉砕機","7","はさまれ、巻き込まれ"
"31","2002","平成","14","11","15~16","鉄溝工場内において水門巻上げ装置の製作で、円筒状巻上げドラム(長さ1.7m、直径2.3m、重さ約8.5t)にフランジ取付用リングを仮留め溶接するため、クラブトロリ式天井クレーン(30t)で主巻・補巻で左右を共吊りしているときに吊り荷が振れ、後方に仮置きしてあった別の円筒状巻上げドラム(長さ1m、直径1.4m、重さ約2t)の間に頭部を挟まれた。","1","製造業","112","金属製品製造業","11209","その他の金属製品製造業","100~299","2","物上げ装置、運搬機械","21","動力クレーン等","211","クレーン","7","はさまれ、巻き込まれ"
"32","2002","平成","14","3","9~10","二階建てアパートの屋根・外壁塗り替え工事で、棟木(屋根の頂上)側から北面の屋根を塗りながら降りてきたところ、高さ5.5mの軒先から墜落した。","3","建設業","302","建築工事業","30209","その他の建築工事業","1~9","4","仮設物、建築物、構築物等","41","仮設物、建築物、構築物等","415","屋根、はり、もや、けた、合掌","1","墜落、転落"
"33","2002","平成","14","1","9~10","自社の新築工場のエアー配管工事を2名で実施していて、一人がはしごに登り、もう一人がはしごを押さえていたが、配管を取付けるための部品が不足していたため一人が取りにいっている間に一人が床に転落した。","1","製造業","115","輸送用機械等製造業","11509","その他の輸送用機械等製造業","100~299","3","その他の装置等","37","用具","371","はしご等","1","墜落、転落"
"34","2002","平成","14","1","11~12","鉄板(長さ6m、巾1.5m、厚さ2センチメートル、重量1.6t)を車両積載型トラッククレーン(2.9t吊、リモコン操作)の荷台に載せるときに鉄板を斜めに吊ったため、鉄板が滑りトラックの荷台と鉄板との間に挟まれた。","4","運輸交通業","403","道路貨物運送業","40301","一般貨物自動車運送業","1~9","2","物上げ装置、運搬機械","21","動力クレーン等","212","移動式クレーン","6","激突され"
"35","2002","平成","14","1","10~11","プレヒーター下部の補修工事で、上部からの落下物による危害防止のための養生用の床の設置作業中、上部からキャスタブル(不定形耐火物)が落下してきて頭部に激突した。","1","製造業","109","窯業土石製品製造業","10901","セメント・同製品製造業","50~99","4","仮設物、建築物、構築物等","41","仮設物、建築物、構築物等","418","建築物、構築物","4","飛来、落下"
"36","2002","平成","14","1","13~14","バックホーによる擁壁周囲の埋め戻し作業中、付近で作業していた者が見当たらないので、もう1台のバックホーで埋め戻し箇所を掘り返したところ、1.5mの深さのところに埋まっていた。","3","建設業","302","建築工事業","30201","鉄骨・鉄筋コンクリート造家屋建築工事業","1~9","1","動力機械","14","建設機械等","142","掘削用機械","6","激突され"
"37","2002","平成","14","1","11~12","枕木交換工事現場で列車の待避中、工事責任者が待避位置を離れ列車と接触した。","3","建設業","301","土木工事業","30199","その他の土木工事業","100~299","2","物上げ装置、運搬機械","23","乗物","232","鉄道車両","18","交通事故（その他）"
"38","2002","平成","14","1","10~11","排水路の改修工事で、蓋付きのU字溝を布設するためドラグショベルで深さ約90センチメートル、幅約140センチメートル掘削し、床部に約10センチメートルの生コンクリートを入れて均しているとき、コンクリートブロック製の擁壁(基礎部分も含め高さ約160センチメートル、長さ約190センチメートル)が倒れ、擁壁と掘削した道路の舗装部との間に頭部を挟まれた。","3","建設業","301","土木工事業","30106","道路建設工事業","10~29","4","仮設物、建築物、構築物等","41","仮設物、建築物、構築物等","418","建築物、構築物","5","崩壊、倒壊"
"39","2002","平成","14","7","10~11","養護施設の新築工事現場において、休憩後、外壁の型枠取付作業を開始しようとした時に、足場の手すり(高さ82.5センチメートル)と作業床の間の隙間から5.17m下に墜落した。","3","建設業","302","建築工事業","30201","鉄骨・鉄筋コンクリート造家屋建築工事業","1~9","4","仮設物、建築物、構築物等","41","仮設物、建築物、構築物等","411","足場","1","墜落、転落"
"40","2002","平成","14","1","13~14","最大荷重2.5tのフォークリフトで、事業場敷地内の伐採した木の切り株をつり上げた状態で走行中、路肩段差(約23センチメートル)のところでフォークリフトが転倒し、フォークリフトと地面との間に挟まれた。","8","商業","801","卸売業","80109","その他の卸売業","1~9","2","物上げ装置、運搬機械","22","動力運搬機","222","フォークリフト","2","転倒"
"41","2002","平成","14","1","9~10","コンクリートミキサー車で下り坂の緩い右カーブを走行中、土留め用のブロックに衝突し、その反動で反対車線のガードレールを突き破り約2m下の畑に転落した。","1","製造業","109","窯業土石製品製造業","10901","セメント・同製品製造業","30~49","2","物上げ装置、運搬機械","22","動力運搬機","221","トラック","17","交通事故（道路）"
"42","2002","平成","14","1","7~8","資材置場において1人で片付をしているときに、近くで作業中の移動式クレーン(2.52t)が倒れ、クレーンと地面との間に挟まれた。","3","建設業","301","土木工事業","30106","道路建設工事業","10~29","2","物上げ装置、運搬機械","21","動力クレーン等","212","移動式クレーン","7","はさまれ、巻き込まれ"
"43","2002","平成","14","1","8~9","製材用皮むき機の動力伝達部である歯車に右肩・右胸部を巻き込まれた。","1","製造業","104","木材・木製品製造業","10401","製材業","10~29","1","動力機械","13","木材加工用機械","139","その他の木材加工用機械","7","はさまれ、巻き込まれ"
"44","2002","平成","14","1","19~20","顧客先から事業場に戻るため軽乗用車で走行中、緩やかなカーブで運転操作を誤り道路左側の電柱に衝突した。","1","製造業","114","電気機械器具製造業","11403","電子機器用・通信機器用部品製造業","1~9","2","物上げ装置、運搬機械","23","乗物","231","乗用車、バス、バイク","17","交通事故（道路）"
"45","2002","平成","14","11","0~1","トラック(7tの冷蔵冷凍車)に食肉を積み込んで片側1車線の道道を走行中、対向の農家のトラックと正面衝突した。","4","運輸交通業","403","道路貨物運送業","40301","一般貨物自動車運送業","30~49","2","物上げ装置、運搬機械","22","動力運搬機","221","トラック","17","交通事故（道路）"
"46","2002","平成","14","1","15~16","川から引水している工場角に設けてある木片焼却場の消火用パイプが詰まったため、パイプの取りかえ作業中に転落した。","1","製造業","104","木材・木製品製造業","10409","その他の木材・木製品製造業","1~9","7","環境等","71","環境等","711","地山、岩石","1","墜落、転落"
"47","2002","平成","14","1","16~17","採石現場においてタイヤショベルでクラッシャーのホッパーに砕石を投入作業中、通路を外れて高さ約7m、勾配約40度の斜面をショベルが後ろ向きに滑り落ち、運転席から投げ出された。","2","鉱業","202","土石採取業","20201","採石業","1~9","1","動力機械","14","建設機械等","141","整地・運搬・積込み用機械","1","墜落、転落"
"48","2002","平成","14","1","11~12","工場内で道路用コンクリート二次製品(重量約2t)を移動するため、フォークリフト(最大荷重4t)を使用して持上げる作業中、不安定なため2~3度バランスを取る操作を行っていたときに、合図作業を行っていた者に突然製品が倒れ掛かり頭部を強打した。","1","製造業","109","窯業土石製品製造業","10901","セメント・同製品製造業","30~49","2","物上げ装置、運搬機械","22","動力運搬機","222","フォークリフト","6","激突され"
"49","2002","平成","14","1","8~9","道路工事用の標識(約300キログラム)をフォークリフトで2tトラックの荷台に載せる作業中、標識の荷重が偏るので3名で支えていたところ、標識が倒れ2名は逃げたが1名が標識の下敷きとなった。","3","建設業","301","土木工事業","30199","その他の土木工事業","100~299","2","物上げ装置、運搬機械","22","動力運搬機","222","フォークリフト","7","はさまれ、巻き込まれ"
"50","2002","平成","14","1","6~7","立体駐車場(18階建て、高さ31m)の搬器(左右17段)の点検作業のため、作業員4名が搬器(2×4m)に乗り込み最上階(18階)へリフトアップしたところ、上限リミッタスイッチが効かずにチェーンの結束金具がめり込んだので吊り金具を外そうとしたときに、4個所のうち3個所の金具が突然外れて搬器が傾き、1名が開口部(2×2m)から31m下の地面に墜落した。","17","その他の事業","1702","その他の事業","170209","その他の事業－その他","1~9","2","物上げ装置、運搬機械","21","動力クレーン等","214","エレベータ、リフト","1","墜落、転落"
"51","2002","平成","14","1","10~11","製材工場を倉庫に改造する作業で、警備会社から依頼された防犯用センサーを高さ3.7mのシャッター収納箱の下部に取り付けるため、高さ2mの脚立を使って作業中にコンクリートの土間に転落した。","17","その他の事業","1702","その他の事業","170209","その他の事業－その他","1~9","3","その他の装置等","37","用具","371","はしご等","1","墜落、転落"
"52","2002","平成","14","1","8~9","4.5tトラックでパレット3枚を運び、それを降ろすためフォークリフトでパレットを挟んで後退しようとしたところ、フォークリフトがバランスをくずし横転し運転者が下敷きになった。","8","商業","802","小売業","80209","その他の小売業","50~99","2","物上げ装置、運搬機械","22","動力運搬機","222","フォークリフト","2","転倒"
"53","2002","平成","14","1","0~1","フォークリフトでフレコンバックに入ったタイル原料を原料投入口に投入中、足でマストの起伏レバーを踏んだため起伏したマストとヘッドガードの間に腹部を挟まれた。","1","製造業","109","窯業土石製品製造業","10903","陶磁器・同関連製品製造業","30~49","2","物上げ装置、運搬機械","22","動力運搬機","222","フォークリフト","7","はさまれ、巻き込まれ"
"54","2002","平成","14","1","8~9","道路工事現場において、ドラグ・ショベルに装備されているフックにワイヤーロープを引っかけてスクリューロッドを吊り上げ中、ロッドが落下してきて胸腹部を強打した。","3","建設業","301","土木工事業","30106","道路建設工事業","1~9","3","その他の装置等","37","用具","372","玉掛用具","6","激突され"
"55","2002","平成","14","1","5~6","朝刊を配達するため自転車で道路左側を走行中、後方から来た貨物自動車にはねられた。","8","商業","802","小売業","80205","新聞販売業","30~49","2","物上げ装置、運搬機械","22","動力運搬機","221","トラック","17","交通事故（道路）"
"56","2002","平成","14","1","9~10","社有車で別荘地内の水道施設を巡回点検中、ガードレールのない左カーブ地点の路面がわだち状に凍結していたため、スリップして約70m下の林に転落した。","17","その他の事業","1702","その他の事業","170209","その他の事業－その他","10~29","2","物上げ装置、運搬機械","23","乗物","231","乗用車、バス、バイク","1","墜落、転落"
"57","2002","平成","14","1","13~14","年始挨拶のため会社の乗用車で走行中、凍結路面のためスリップし対向車線にはみ出してトラック後部に衝突し、横滑りとなってトラックの後続車の軽乗用車と衝突した。","8","商業","801","卸売業","80109","その他の卸売業","10~29","2","物上げ装置、運搬機械","23","乗物","231","乗用車、バス、バイク","17","交通事故（道路）"
"58","2002","平成","14","1","10~11","ガス管埋設工事現場において、埋設管内の窒素ガスを抜くために帽甲(ぼうこう)と呼ばれる閉止蓋(金属製)と押し輪(帽甲を固定させる金具)とのボルト接合部をトルクレンチとモンキースパナを使って緩めているときに、ガス管内に封入されていた窒素ガスの圧力により帽甲と押し輪(約25キログラム)がガス管より外れ右脇腹部に当たった。","3","建設業","301","土木工事業","30199","その他の土木工事業","1~9","4","仮設物、建築物、構築物等","41","仮設物、建築物、構築物等","418","建築物、構築物","4","飛来、落下"
"59","2002","平成","14","1","15~16","公園整備工事において、クレーン機能(最大吊上荷重1.7t)付ドラグショベルにより自然石階段の施工作業中、石(71×61×50センチメートル)が旋回したときに玉掛者に激突した。","3","建設業","301","土木工事業","30199","その他の土木工事業","30~49","2","物上げ装置、運搬機械","21","動力クレーン等","212","移動式クレーン","6","激突され"
"60","2002","平成","14","1","17~18","耐震対策のための鋼板設置工事において、交通整理員が移動式クレーンの旋回範囲に立ち入り、クレーンのカウンターウエイトと鋼管手すりとの間に挟まれた。","17","その他の事業","1702","その他の事業","170201","警備業","10~29","2","物上げ装置、運搬機械","21","動力クレーン等","212","移動式クレーン","7","はさまれ、巻き込まれ"
"61","2002","平成","14","1","11~12","下水道工事において、ドラグショベルで掘削した幅0.9m、深さ3.76mの溝内に入りジョレンで掘削面の整形作業中、片側の掘削面が崩れ生き埋めとなった。","3","建設業","301","土木工事業","30110","上下水道工事業","1~9","4","仮設物、建築物、構築物等","41","仮設物、建築物、構築物等","418","建築物、構築物","5","崩壊、倒壊"
"62","2002","平成","14","1","16~17","帰宅のために製鉄所の構内道路を正門に向かって自転車で走行し交差点に差しかかったところ、交差点を東進してきた11tダンプに衝突された。","1","製造業","117","その他の製造業","11702","機械修理業","30~49","2","物上げ装置、運搬機械","22","動力運搬機","221","トラック","6","激突され"
"63","2002","平成","14","10","3~4","鉄骨を積んだ大型トラックで走行中、対向車線に入ったのちガードレールを突き破って3m下の道路に転落した。","4","運輸交通業","403","道路貨物運送業","40301","一般貨物自動車運送業","50~99","2","物上げ装置、運搬機械","22","動力運搬機","221","トラック","17","交通事故（道路）"
"64","2002","平成","14","1","0~1","国道の路肩にトラックを停車させて積み荷の点検作業を行っていたところ、後方より来た乗用車がトラックに追突し、乗用車とトラックとの間に挟まれた。","4","運輸交通業","403","道路貨物運送業","40301","一般貨物自動車運送業","10~29","2","物上げ装置、運搬機械","23","乗物","231","乗用車、バス、バイク","17","交通事故（道路）"
"65","2002","平成","14","1","9~10","県道沿いの川に設けた作業台の解体作業で出た部材をケ-ブルクレ-ンで荷揚げ作業中、高さ95センチメートルの手すりを超えて40m滑落した。","3","建設業","301","土木工事業","30106","道路建設工事業","30~49","4","仮設物、建築物、構築物等","41","仮設物、建築物、構築物等","416","作業床、歩み板","1","墜落、転落"
"66","2002","平成","14","1","6~7","徒歩で新聞配達を行っていたところ、凍結した路面で転倒した。","8","商業","802","小売業","80205","新聞販売業","50~99","7","環境等","71","環境等","719","その他の環境等","2","転倒"
"67","2002","平成","14","1","11~12","河床の掘削工事において、4tトラックで土砂を運搬中に土砂が踏切の路線上に落ちたので、路線上の土砂を取り除くため遮断機が下りている踏切内に入り、特急列車にはねられた。","3","建設業","301","土木工事業","30107","河川土木工事業","10~29","2","物上げ装置、運搬機械","23","乗物","232","鉄道車両","18","交通事故（その他）"
"68","2002","平成","14","1","2~3","焼石灰製造ラインの夜間パトロール中に発見したベルトコンベアーのリターンローラーの修理をしていたときに、開口部から墜落した。","1","製造業","110","鉄鋼業","11009","その他の鉄鋼業","100~299","4","仮設物、建築物、構築物等","41","仮設物、建築物、構築物等","418","建築物、構築物","1","墜落、転落"
"69","2002","平成","14","2","9~10","産業廃棄物再生処理工場において、破砕状況の監視業務中に異常が発見されたので操作盤の停止釦を順に押して全ての機械の稼動を停止させたが、そのときに二次破砕機の投入口から誤って破砕機の内部に転落し、惰性で回転中のローターに巻き込まれた。","1","製造業","108","化学工業","10804","石油製品・石炭製品製造業","10~29","1","動力機械","16","一般動力機械","162","混合機、粉砕機","7","はさまれ、巻き込まれ"
"70","2002","平成","14","2","10~11","屋根付き駐車場の鉄骨の建方工事において、高さ175センチメートルのうまの上から2段目(高さ130センチメートル)に載り、地上から280センチメートルの高さにあるボルト締めの作業中にバランスを崩して頭から地面に墜落した。","3","建設業","302","建築工事業","30201","鉄骨・鉄筋コンクリート造家屋建築工事業","1~9","3","その他の装置等","37","用具","371","はしご等","1","墜落、転落"
"71","2002","平成","14","1","6~7","重油(約1000L)をタンクローリー(最大運搬量14kl)に積んで国道を走行中、長い下り坂の路面が凍結していたためスリップし、陸橋から柵を突き破って約7m下の草地に転落した。","4","運輸交通業","403","道路貨物運送業","40302","特定貨物自動車運送業","10~29","2","物上げ装置、運搬機械","22","動力運搬機","221","トラック","17","交通事故（道路）"
"72","2002","平成","14","1","5~6","会社のワゴン車を運転して客先に製品を配達する途中、10tトラックと衝突した。","1","製造業","114","電気機械器具製造業","11409","その他の電気機械器具製造業","10~29","2","物上げ装置、運搬機械","22","動力運搬機","221","トラック","17","交通事故（道路）"
"73","2002","平成","14","4","8~9","製錬所の貯鉱舎のスレート取替工事のため同僚の後についてスレート屋根上を移動中、スレートを踏み抜いて約14.5mの高さから墜落した。","17","その他の事業","1702","その他の事業","170209","その他の事業－その他","10~29","4","仮設物、建築物、構築物等","41","仮設物、建築物、構築物等","415","屋根、はり、もや、けた、合掌","1","墜落、転落"
"74","2002","平成","14","1","14~15","移動式クレーンの旋回半径内のアウトリガー付近に立っていて、旋回してきた上部旋回体とアウトリガーとの間に挟まれた。","3","建設業","301","土木工事業","30109","土地整理土木工事業","30~49","2","物上げ装置、運搬機械","21","動力クレーン等","212","移動式クレーン","7","はさまれ、巻き込まれ"
"75","2002","平成","14","2","15~16","工事現場において、ダンプトラック(2t)の荷台上のコンクリートブロック(質量約2t)をブレーカー(ドラグショベルのアタッチメントを交換したもの)で吊り上げ作業中、路肩からブレーカーごと約6.5m下に転落した。","3","建設業","301","土木工事業","30107","河川土木工事業","1~9","1","動力機械","14","建設機械等","145","解体用機械","1","墜落、転落"
"76","2002","平成","14","2","10~11","胸高直径約46センチメートル、高さ約24.5mの杉をチェーンソーを使用して間伐作業中、伐倒木と地面との間に頭部を挟まれた。","6","農林業","602","林業","60209","その他の林業","50~99","7","環境等","71","環境等","712","立木等","7","はさまれ、巻き込まれ"
"77","2002","平成","14","1","8~9","土場にある丸太2本(直径24~30センチメートル、長さ3.6m、質量70~80キログラム)をホイ-ルローダーで製材工場内に運び、工場の軒先付近で雪を落とすため地上から高さ約1.9mの位置でフォークを傾け丸太を落としたときに、丸太の下敷きとなった。","1","製造業","104","木材・木製品製造業","10401","製材業","10~29","1","動力機械","14","建設機械等","149","その他の建設機械等","6","激突され"
"78","2002","平成","14","6","3~4","90ccのオートバイで新聞配達中、軽自動車と正面衝突した。","8","商業","802","小売業","80205","新聞販売業","10~29","2","物上げ装置、運搬機械","23","乗物","231","乗用車、バス、バイク","17","交通事故（道路）"
"79","2002","平成","14","2","15~16","遊歩道の整備工事において、残土を不整地運搬車で搬送中(推定時速:8キロメートル)に路肩から約5m下に転落し、不整地運搬車から投げ出されてキャタピラと地面との間に頭を挟まれた。","3","建設業","301","土木工事業","30109","土地整理土木工事業","1~9","2","物上げ装置、運搬機械","22","動力運搬機","227","不整地運搬車","1","墜落、転落"
"80","2002","平成","14","4","14~15","鉄骨モルタル造建物の解体工事において、屋根のトタンをはがした後の下地材(木毛セメント板、厚さ20ミリメートル)上で鉄骨材をガス溶断する作業をしていて、次の溶断箇所へ移動中に下地材を踏み抜き、約5.7m下のコンクリート床へ頭部から墜落した。","3","建設業","302","建築工事業","30201","鉄骨・鉄筋コンクリート造家屋建築工事業","10~29","4","仮設物、建築物、構築物等","41","仮設物、建築物、構築物等","415","屋根、はり、もや、けた、合掌","1","墜落、転落"
"81","2002","平成","14","1","3~4","公衆浴場の支配人が、男女2名に頭部を殴られたうえ、首を絞められ窒息死した。(男女2名は強盗殺人の疑いで逮捕)","13","保健・衛生業","1303","その他の保健衛生業","130301","浴場業","1~9","9","その他","92","起因物なし","921","起因物なし","90","その他"
"82","2002","平成","14","1","10~11","営業活動ためライトバンで国道を走行中、路面凍結のため対向車線にはみ出してトラックと正面衝突した。","1","製造業","117","その他の製造業","11703","クリーニング業","100~299","2","物上げ装置、運搬機械","23","乗物","231","乗用車、バス、バイク","17","交通事故（道路）"
"83","2002","平成","14","1","8~9","胸高直径28センチメートルのカバの木を谷側に伐倒したところ、伐倒方向が予定よりずれて前方にあった胸高直径20センチメートルのカエデの枝と幹の二股部にかかり木となり、そのときに伐倒木の元口が振られて伐倒木に激突された。","6","農林業","602","林業","60201","木材伐出業","10~29","7","環境等","71","環境等","712","立木等","6","激突され"
"84","2002","平成","14","2","0~1","貯木場内の材木を徒歩により確認する作業中、水深2.6m、水温0度、氷の厚さ4~10センチメートルの貯木場に転落し水死した。","5","貨物取扱業","502","港湾運送業","50201","一般港湾運送業","1~9","4","仮設物、建築物、構築物等","41","仮設物、建築物、構築物等","419","その他の仮設物、建築物、構築物等","10","おぼれ"
"85","2002","平成","14","1","15~16","倉庫から鋼材(コイル)をトラック荷台に積み込み、倉庫を出て荷物にシートを掛ける作業をしていたときに荷台から足を踏み外し、約1m下に背面から転落し後頭部を強打した。","4","運輸交通業","403","道路貨物運送業","40301","一般貨物自動車運送業","10~29","2","物上げ装置、運搬機械","22","動力運搬機","221","トラック","1","墜落、転落"
"86","2002","平成","14","2","15~16","伐倒した杉が、付近にあるから松にかかり木となったのにその処理をしないまま下に立ち入ったときに、かかり木が外れ直撃された。","6","農林業","602","林業","60201","木材伐出業","1~9","7","環境等","71","環境等","712","立木等","6","激突され"
"87","2002","平成","14","2","21~22","スクラップヤードで、製紙用ロール(10t)を電炉向けスクラップサイズ(1t以下)にガス溶断(酸素+LPG)作業中、切断中のロールに下半身を挟まれ、ガスのホースからでていた火炎で頭部に火傷を受けた。","1","製造業","110","鉄鋼業","11009","その他の鉄鋼業","300~499","5","物質、材料","52","材料","521","金属材料","11","高温・低温の物との接触"
"88","2002","平成","14","2","22~23","貨物トラックで走行中、前方で乗用車、10tトラック、ライトバンの3台の玉突き事故があり、ブレーキをかけたが間に合わず停止中の10tトラック後部に追突した。・(停車中の3台の車両の乗員は車両から離れて避難していたため負傷しなかった)","4","運輸交通業","403","道路貨物運送業","40301","一般貨物自動車運送業","30~49","2","物上げ装置、運搬機械","22","動力運搬機","221","トラック","17","交通事故（道路）"
"89","2002","平成","14","2","15~16","ビル外壁補修工事に伴う足場組立作業中、足場上から約33.1m下の歩道(レンガ敷詰め)に墜落した。","3","建設業","302","建築工事業","30201","鉄骨・鉄筋コンクリート造家屋建築工事業","1~9","4","仮設物、建築物、構築物等","41","仮設物、建築物、構築物等","411","足場","1","墜落、転落"
"90","2002","平成","14","1","14~15","資材置場において、搬送されてきた機器スクラップを車輌積載形トラッククレーン(つり上げ荷重2.93t)で荷降ろしするため、荷台上で作業中に荷台後部のあおりに引っ掛かり、荷台(高さ1.1m)から転落した。","1","製造業","113","一般機械器具製造業","11301","機械（精密機械を除く）器具製造業","30~49","2","物上げ装置、運搬機械","21","動力クレーン等","212","移動式クレーン","1","墜落、転落"
"91","2002","平成","14","12","7~8","5人乗りバンで建設現場に向かう途中、高速道路のトンネル付近で事故により追い越し車線に停車していた大型トラックに気が付きブレーキを踏んだがスリップして追突し、同乗者2名が死亡した。","3","建設業","302","建築工事業","30201","鉄骨・鉄筋コンクリート造家屋建築工事業","1~9","2","物上げ装置、運搬機械","23","乗物","231","乗用車、バス、バイク","17","交通事故（道路）"
"92","2002","平成","14","1","7~8","5人乗りバンで建設現場に向かう途中、高速道路のトンネル付近で事故により追い越し車線に停車していた大型トラックに気が付きブレーキを踏んだがスリップして追突し、同乗者2名が死亡した。","3","建設業","302","建築工事業","30201","鉄骨・鉄筋コンクリート造家屋建築工事業","1~9","2","物上げ装置、運搬機械","23","乗物","231","乗用車、バス、バイク","17","交通事故（道路）"
"93","2002","平成","14","1","10~11","団地テレビ共同受信施設専用の円柱状の塔(長さ約8m、直径約13センチメートル、地上高約6.6m)73本の撤去作業中、その内の1本の鉄塔が腐食により根元より折れ、円柱状の鉄塔と共に地面に叩き付けられた。","3","建設業","303","その他の建設業","30301","電気通信工事業","不明","4","仮設物、建築物、構築物等","41","仮設物、建築物、構築物等","419","その他の仮設物、建築物、構築物等","5","崩壊、倒壊"
"94","2002","平成","14","1","16~17","7階の外部に面した柱の型枠を解体するため、建築物の床の端部に設けられた手すりの上に乗って作業していて、22.5m下の地面に墜落した。","3","建設業","302","建築工事業","30201","鉄骨・鉄筋コンクリート造家屋建築工事業","1~9","4","仮設物、建築物、構築物等","41","仮設物、建築物、構築物等","418","建築物、構築物","1","墜落、転落"
"95","2002","平成","14","2","1~2","地下鉄工事で掘削場所から排出された廃材を運搬等をする作業中、開口部下の掘削床部に転落した。","3","建設業","301","土木工事業","30103","地下鉄建設工事業","30~49","4","仮設物、建築物、構築物等","41","仮設物、建築物、構築物等","414","開口部","1","墜落、転落"
"96","2002","平成","14","2","12~13","都市ガスの供給管の撤去作業で、供給管の既設穴より2種類の袋を入れて空気を充填して膨張させて都市ガスを遮断し、本管と供給管のつなぎ目のパッキン及び供給管をはずしたところ、都市ガスが本管より流出し窒息死した。","3","建設業","301","土木工事業","30199","その他の土木工事業","10~29","5","物質、材料","51","危険物、有害物等","513","可燃性のガス","12","有害物等との接触"
"97","2002","平成","14","2","12~13","都市ガスの供給管の撤去作業で、供給管の既設穴より2種類の袋を入れて空気を充填して膨張させて都市ガスを遮断し、本管と供給管のつなぎ目のパッキン及び供給管をはずしたところ、都市ガスが本管より流出し窒息死した。","3","建設業","301","土木工事業","30199","その他の土木工事業","10~29","5","物質、材料","51","危険物、有害物等","513","可燃性のガス","12","有害物等との接触"
"98","2002","平成","14","2","11~12","農業用排水路築造工事において、昼休みで施工箇所から現場事務所兼休憩所へ戻るため、不整地運搬車(最大積載量4t)の荷台の最後部に立って乗車して移動していたところ、左カーブを曲がった時に高さ1.12mの荷台上から地面へ転落した。","3","建設業","301","土木工事業","30199","その他の土木工事業","1~9","2","物上げ装置、運搬機械","22","動力運搬機","227","不整地運搬車","1","墜落、転落"
"99","2002","平成","14","2","14~15","夕刊配達のため原動機付き自転車で町道を走行中、十字路を右折したときに前方から来たダンプと出会い頭に衝突した。","8","商業","802","小売業","80205","新聞販売業","1~9","2","物上げ装置、運搬機械","23","乗物","231","乗用車、バス、バイク","17","交通事故（道路）"
"100","2002","平成","14","2","0~1","激甚災害対策特別緊急河川工事で、ドラグショベルで川の中央部に土嚢を積む作業中、昼休憩のためにドラグショベルを左岸に移動させていたところ川の深みにはまりバランスを崩して転倒し、脱出できずに溺死した。","3","建設業","301","土木工事業","30107","河川土木工事業","10~29","1","動力機械","14","建設機械等","142","掘削用機械","10","おぼれ"
"101","2002","平成","14","2","16~17","工場の一部改修工事で、アルミサッシュを取り外すため脚立(うま)を3つ並べ鋼製の足場板(長さ4m、幅24センチメートル)を架け渡し、その上に乗って、工具でサッシュ周囲の壁面の石膏板をはがしていたときに、高さ、1.87mのコンクリート床に墜落した。","3","建設業","302","建築工事業","30201","鉄骨・鉄筋コンクリート造家屋建築工事業","1~9","4","仮設物、建築物、構築物等","41","仮設物、建築物、構築物等","416","作業床、歩み板","1","墜落、転落"
"102","2002","平成","14","1","16~17","配水管の移設工事の完了後、断水作業に伴う濁水処理確認のため道路上の消火栓バルブ脇で点検作業をしていたときに、下水道工事(他社施工)の埋め戻し用土砂をバック走行で搬入してきた4tダンプトラックに轢かれた。","3","建設業","301","土木工事業","30110","上下水道工事業","10~29","2","物上げ装置、運搬機械","22","動力運搬機","221","トラック","17","交通事故（道路）"
"103","2002","平成","14","1","14~15","貨物自動車(2t)で自動車道を走行中、前方の貨物自動車(2t)が渋滞で減速していることに気づくのが遅れ、あわてて右回避しようとしたが避けきれず、左助手席部分が前方車両の右後部に衝突し助手席の同乗者が即死した。","3","建設業","302","建築工事業","30202","木造家屋建築工事業","30~49","2","物上げ装置、運搬機械","22","動力運搬機","221","トラック","17","交通事故（道路）"
"104","2002","平成","14","2","8~9","瓦葺の準備作業のため2階屋根に掛け渡した梯子を昇っていたときに、梯子がずれ約3mの高さから地上に墜落した。","3","建設業","302","建築工事業","30202","木造家屋建築工事業","1~9","3","その他の装置等","37","用具","371","はしご等","1","墜落、転落"
"105","2002","平成","14","2","16~17","ケーソン製作用枠組足場解体のため、枠組足場4列3段をクローラクレーンで吊り仮置場に移動し、足場に上がって玉掛用ワイヤロープを外し、クレーン運転者に巻き上げの合図を行ったところ、ワイヤロープが足場に引っ掛かって足場が転倒し頭部を強打した。","3","建設業","302","建築工事業","30209","その他の建築工事業","1~9","4","仮設物、建築物、構築物等","41","仮設物、建築物、構築物等","411","足場","1","墜落、転落"
"106","2002","平成","14","1","16~17","会社の所定休日で機械が停止している間を利用して7名で工場内の機械設備の点検作業中、サイロの間にある螺旋階段の手すりの間(高さ80センチメートル、中さん無し)から約20m下の地面に墜落した。","1","製造業","101","食料品製造業","10109","その他の食料品製造業","100~299","4","仮設物、建築物、構築物等","41","仮設物、建築物、構築物等","413","階段、桟橋","1","墜落、転落"
"107","2002","平成","14","1","0~1","ダム管理用道路の開設工事現場で、切り株(直径30センチメートル、長さ50センチメートル)を機体質量2.48tのドラグ・ショベルで吊り上げて旋回していたところ、バランスをくずしてドラグ・ショベルが転倒し、運転席から投げ出されて約28m下の谷へ転落した。","3","建設業","301","土木工事業","30106","道路建設工事業","50~99","1","動力機械","14","建設機械等","142","掘削用機械","1","墜落、転落"
"108","2002","平成","14","1","16~17","移動式クレーン(25t)で鋼矢板(長さ9.5m、重さ約600キログラム)の吊り上げ作業中、玉掛け用シャックルから鋼矢板が外れて激突された。","17","その他の事業","1702","その他の事業","170209","その他の事業－その他","50~99","2","物上げ装置、運搬機械","21","動力クレーン等","212","移動式クレーン","4","飛来、落下"
"109","2002","平成","14","2","6~7","9人が2台のワゴン車に分乗して建築現場に向う途中、乗用車3台による追突事故の手前で停車していたトラックに、ワゴン車の1台が追突した。","3","建設業","302","建築工事業","30209","その他の建築工事業","30~49","2","物上げ装置、運搬機械","23","乗物","231","乗用車、バス、バイク","17","交通事故（道路）"
"110","2002","平成","14","1","6~7","建設工事現場へ向かうため、会社のワゴン車に4名が同乗して自動車道を走行中、前方の追い越し車線にトレーラーが停車して他の乗用車の同乗者と殴り合いのけんかをしており、その停車中のトレーラーに追突した。(4名が死亡し、1名が重傷)","3","建設業","301","土木工事業","30107","河川土木工事業","10~29","2","物上げ装置、運搬機械","23","乗物","231","乗用車、バス、バイク","17","交通事故（道路）"
"111","2002","平成","14","1","6~7","建設工事現場へ向かうため会社のワゴン車に4名が同乗して、自動車道を走行中、前方の追い越し車線にトレーラーが停車して他の乗用車の同乗者と殴り合いのけんかをしており、その停車中のトレーラーに追突した。(4名が死亡し、1名が重傷)","3","建設業","301","土木工事業","30107","河川土木工事業","10~29","2","物上げ装置、運搬機械","23","乗物","231","乗用車、バス、バイク","17","交通事故（道路）"
"112","2002","平成","14","1","6~7","建設工事現場へ向かうため会社のワゴン車に4名が同乗して、自動車道を走行中、前方の追い越し車線にトレーラーが停車して他の乗用車の同乗者と殴り合いのけんかをしており、その停車中のトレーラーに追突した。(4名が死亡し、1名が重傷)","3","建設業","301","土木工事業","30107","河川土木工事業","10~29","2","物上げ装置、運搬機械","23","乗物","231","乗用車、バス、バイク","17","交通事故（道路）"
"113","2002","平成","14","1","6~7","建設工事現場へ向かうため会社のワゴン車に4名が同乗して、自動車道を走行中、前方の追い越し車線にトレーラーが停車して他の乗用車の同乗者と殴り合いのけんかをしており、その停車中のトレーラーに追突した。(4名が死亡し、1名が重傷)","3","建設業","301","土木工事業","30107","河川土木工事業","10~29","2","物上げ装置、運搬機械","23","乗物","231","乗用車、バス、バイク","17","交通事故（道路）"
"114","2002","平成","14","2","14~15","排気量90ccのバイクで郵便物の集配作業中、市道交差点で乗用車と出会い頭に衝突した。","11","通信業","1101","通信業","110101","通信業","100~299","2","物上げ装置、運搬機械","23","乗物","231","乗用車、バス、バイク","17","交通事故（道路）"
"115","2002","平成","14","2","11~12","工場軒下の鉄骨塗装作業のため、高所作業車の作業床より足場板を張り出し、その上で塗装作業を行っていたときに、3m下のコンクリート床に墜落した。","3","建設業","302","建築工事業","30209","その他の建築工事業","10~29","4","仮設物、建築物、構築物等","41","仮設物、建築物、構築物等","411","足場","1","墜落、転落"
"116","2002","平成","14","6","17~18","邸宅の屋根改修工事で1階屋根の野地板に防水シートを張る作業中、バランスを崩して約4m下のアスファルト路上に転落した。","3","建設業","302","建築工事業","30202","木造家屋建築工事業","1~9","4","仮設物、建築物、構築物等","41","仮設物、建築物、構築物等","415","屋根、はり、もや、けた、合掌","1","墜落、転落"
"117","2002","平成","14","2","14~15","地上14mの橋台で型枠の組立て作業中、型枠に仮差し込みしていたセパレーター(径12ミリメートル、長さ1m、重さ0.88キログラム)16本のうち座金の取付けが終わっていなかった1本が抜け落ちて、資材を取りに下を通行中の者のヘルメットを突き抜け前頭部に突き刺さった。","3","建設業","301","土木工事業","30105","橋梁建設工事業","10~29","5","物質、材料","52","材料","521","金属材料","4","飛来、落下"
"118","2002","平成","14","2","13~14","道路舗装工事の現場内で誘導員がロードスイーパー(道路清掃車)の後進運転を誘導したが、その必要なくなったと判断して誘導員が所定の誘導位置に戻ったときに、ロードスイーパーが仮区画線引きの作業をしていた者を轢いた。","3","建設業","301","土木工事業","30106","道路建設工事業","10~29","2","物上げ装置、運搬機械","22","動力運搬機","229","その他の動力運搬機","6","激突され"
"119","2002","平成","14","2","12~13","公共下水道管渠布設工事現場で、交通整理員が進行してきた通行車両を止めようとしてその車に接触して反対車線に飛ばされ、反対車線を進行してきた車両にも接触した。","17","その他の事業","1702","その他の事業","170201","警備業","10~29","2","物上げ装置、運搬機械","23","乗物","231","乗用車、バス、バイク","17","交通事故（道路）"
"120","2002","平成","14","2","20~21","高速道路のトンネル掘削のため、坑口より約400mの地点で発破をかけずり取りが終了したが、切羽で肌落ちの危険を感じたので作業員に切羽に入らないよう職長が指示した後に1人が切羽右部に居て肌落ちした岩石に直撃された。","3","建設業","301","土木工事業","30102","トンネル建設工事業","1~9","7","環境等","71","環境等","711","地山、岩石","5","崩壊、倒壊"
"121","2002","平成","14","2","16~17","建設工事現場から社有車で会社に戻る途中の市道で追突事故を起こしたので、同乗していた者が後続車に事故を知らせるために道路に立っていたところ、後から走行して来たトラックがスリップしたため社有車とトラックとの間に挟まれた。","3","建設業","301","土木工事業","30199","その他の土木工事業","1~9","2","物上げ装置、運搬機械","22","動力運搬機","221","トラック","17","交通事故（道路）"
"122","2002","平成","14","2","14~15","排水路改良工事現場において、一般車両及び工事用ダンプの誘導を行っていた警備員が、後進したバックホーのキャタピラに轢かれた。","17","その他の事業","1702","その他の事業","170201","警備業","10~29","1","動力機械","14","建設機械等","142","掘削用機械","7","はさまれ、巻き込まれ"
"123","2002","平成","14","2","8~9","築堤工事においてダンプ車(10t)の誘導をしていた者が、誘導を終えて納入伝票をもらう為に誘導場所からダンプの前面に移動したときに、ダンプに残った土を完全に落とすために動かしたダンプ車の左前輪に頭部と頚部を轢かれた。","3","建設業","301","土木工事業","30107","河川土木工事業","30~49","2","物上げ装置、運搬機械","22","動力運搬機","221","トラック","7","はさまれ、巻き込まれ"
"124","2002","平成","14","1","6~7","朝刊配達のためバイクで走行中、交差点付近で大型トラックを避けようとして転倒し、病院で受診後、翌日、翌々日と通常勤務をしたが、配達中に胸が苦しくなりバイクで転倒した。","8","商業","802","小売業","80205","新聞販売業","10~29","2","物上げ装置、運搬機械","23","乗物","231","乗用車、バス、バイク","17","交通事故（道路）"
"125","2002","平成","14","2","10~11","食品加工工場新築現場の2階のサッシ枠をアーク溶接作業中、床と壁面の隙間から火種が1階の天井に落下し、保冷断熱のために1階天井全面に吹き付けられていた発泡ウレタンが燃えて火災となり、2階まで広がったため2階の中央部に居た者が焼死した。","3","建設業","302","建築工事業","30201","鉄骨・鉄筋コンクリート造家屋建築工事業","10~29","3","その他の装置等","33","溶接装置","332","アーク溶接装置","16","火災"
"126","2002","平成","14","2","10~11","道路整備工事現場において、整地作業に使用するロードローラーを取りに行き戻ってくる途中、誤って道路整備脇の水路に重機ごと転落してロードローラーの下敷きになり、水路に深さ30センチメートルほどの水があったため溺死した。","3","建設業","301","土木工事業","30106","道路建設工事業","1~9","1","動力機械","14","建設機械等","144","締固め用機械","1","墜落、転落"
"127","2002","平成","14","2","11~12","かかり木の処理を行うため、かかられた立木(胸高直径33センチメートル)を伐倒したところ、かかり木(胸高直径30センチメートル)が倒れその下敷きになった。","6","農林業","602","林業","60201","木材伐出業","1~9","7","環境等","71","環境等","712","立木等","5","崩壊、倒壊"
"128","2002","平成","14","2","9~10","民有林内で杉の間伐作業中、伐倒した木がかかり木になったまま別の木を伐倒して枝払いを行っていたところ、かかり木が倒れ頭部に激突した。","6","農林業","602","林業","60201","木材伐出業","1~9","7","環境等","71","環境等","712","立木等","5","崩壊、倒壊"
"129","2002","平成","14","2","9~10","工場で加工された鉄骨の梁材(長さ6.5m、重さ1.1t)を塗装するため、天井クレーン(つり上げ荷重2.8t)でつり上げてトラックの荷台に積み込んでいるときに、荷台に置いた梁材が倒れて荷台上で玉掛作業をしていた者が地上に落下し、梁材の下敷きになった。","1","製造業","112","金属製品製造業","11209","その他の金属製品製造業","1~9","5","物質、材料","52","材料","521","金属材料","1","墜落、転落"
"130","2002","平成","14","1","8~9","牛舎内で牛に激突された。","12","教育・研究業","1201","教育・研究業","120109","その他の教育研究業","100~299","7","環境等","71","環境等","719","その他の環境等","6","激突され"
"131","2002","平成","14","2","16~17","採石作業現場において、四輪駆動のトラクターショベルを運転して傾斜角23度の斜面を移動(下降)中、バランスを崩して斜面上を約30m(高さ約12m)転落した。","2","鉱業","202","土石採取業","20209","その他の土石採取業","10~29","1","動力機械","14","建設機械等","141","整地・運搬・積込み用機械","2","転倒"
"132","2002","平成","14","1","9~10","10tの貨物自動車にプラスチック容器を積み込んで搬送し、容器を降ろし公道に車を移動したときに、公道ガードレールと同車左側あおりとの間に首を挟まれた。","4","運輸交通業","403","道路貨物運送業","40301","一般貨物自動車運送業","10~29","2","物上げ装置、運搬機械","22","動力運搬機","221","トラック","7","はさまれ、巻き込まれ"
"133","2002","平成","14","1","11~12","4tトラックにほ場整備工事用の塩ビ管(直径50センチメートル、長さ430センチメートル、質量150キログラム)12本を積んで現場に到着後、塩ビ管6本をワイーロープで玉掛けして移動式クレーンで吊り上げたところ、塩ビ管3本が滑り落ち、その内の1本がトラックのボディで跳ね返って胸に激突した。","4","運輸交通業","403","道路貨物運送業","40301","一般貨物自動車運送業","30~49","3","その他の装置等","37","用具","372","玉掛用具","4","飛来、落下"
"134","2002","平成","14","7","23~24","6tトラックに市場から青果物を積んで自動車道を走行中、追い越し車線を走行してきた10tトラックが車体右後部に接触し、はずみで6tトラックが横転した。","4","運輸交通業","403","道路貨物運送業","40301","一般貨物自動車運送業","10~29","2","物上げ装置、運搬機械","22","動力運搬機","221","トラック","17","交通事故（道路）"
"135","2002","平成","14","2","13~14","高所作業車2台でケーブルテレビの架線工事中、後方の高所作業車がアウトリガーを出したまま前方の高所作業車の前へ出ようと追い抜いた時に、前方の高所作業車の右後方で作業を行っていた者にアウトリガーが激突し、転倒したところへ後方の高所作業車の左後輪で頭部を轢いた。","3","建設業","301","土木工事業","30199","その他の土木工事業","1~9","1","動力機械","14","建設機械等","146","高所作業車","17","交通事故（道路）"
"136","2002","平成","14","2","9~10","新規入場者に1階から上の階へ順に現場案内を行った後、5階北側のベランダの状況確認中に墜落した。","3","建設業","302","建築工事業","30201","鉄骨・鉄筋コンクリート造家屋建築工事業","500~999","4","仮設物、建築物、構築物等","41","仮設物、建築物、構築物等","418","建築物、構築物","1","墜落、転落"
"137","2002","平成","14","2","11~12","産業廃棄物処理施設工事において、床板取付け作業中にチェーンブロックで仮吊り(1点吊り)されていた床板上に乗ったため、床板が傾いてコンクリート土間に墜落した。","3","建設業","303","その他の建設業","30302","機械器具設置工事業","10~29","4","仮設物、建築物、構築物等","41","仮設物、建築物、構築物等","418","建築物、構築物","1","墜落、転落"
"138","2002","平成","14","4","9~10","物流倉庫トラックヤード庇部分の塗装工事の品質・進捗状況管理のため、庇の上で写真を撮影していたときに、誤って庇に設けてある明かり取りの天窓(トップライト)のガラスを踏み抜き、8.5m下の地上部分に墜落した。","3","建設業","302","建築工事業","30209","その他の建築工事業","1~9","4","仮設物、建築物、構築物等","41","仮設物、建築物、構築物等","415","屋根、はり、もや、けた、合掌","1","墜落、転落"
"139","2002","平成","14","2","9~10","国道の歩道整備工事において、3次下請の労働者が運転する大型特殊自動車(26t)が後退して警備員に激突した。","17","その他の事業","1702","その他の事業","170201","警備業","50~99","1","動力機械","14","建設機械等","149","その他の建設機械等","6","激突され"
"140","2002","平成","14","2","14~15","工場内材料置場において、鉄製のラックに立て掛けられたコイル状の金属材料(幅22ミリメートル、直径100センチメートル、質量約108.5キログラム)が15個バンドで結束されたもの(総質量1630キログラム)を近くのプレス機械のところへ運搬するためバンドを切断したところ、金属材料が倒れてラックと材料のと間に首が挟まれた。","1","製造業","112","金属製品製造業","11203","金属プレス製品製造業","10~29","5","物質、材料","52","材料","521","金属材料","5","崩壊、倒壊"
"141","2002","平成","14","2","15~16","ショットブラストでドラム缶に蓋をするためのバンドを研摩するため、ショットブラスト内に上半身を入れてバンドを置いていたところ、ショットブラスト入口の空圧扉が下降して上肢部が挟まれた。","1","製造業","112","金属製品製造業","11209","その他の金属製品製造業","10~29","1","動力機械","15","金属加工用機械","159","その他の金属加工用機械","7","はさまれ、巻き込まれ"
"142","2002","平成","14","5","5~6","10tトラックでアスファルト鋼材を廃材置き場に降ろした後に国道を走行中、上がったままの荷台が道路標識に衝突し、トラックが横転した。","4","運輸交通業","403","道路貨物運送業","40301","一般貨物自動車運送業","10~29","2","物上げ装置、運搬機械","22","動力運搬機","221","トラック","17","交通事故（道路）"
"143","2002","平成","14","2","14~15","天井クレーン移設のため、移動式クレーンを用いて子フックで吊上げたが上がらなかったので親フックで吊上げることとし、ガーターから上の大梁に乗って子フックの格納作業中に墜落した。","3","建設業","303","その他の建設業","30302","機械器具設置工事業","1~9","2","物上げ装置、運搬機械","21","動力クレーン等","211","クレーン","1","墜落、転落"
"144","2002","平成","14","7","3~4","二人で集荷センターでそれぞれのトラックに荷物を積み込み、配達先であるスーパーへ向かう途中、信号待ちで停車していた同僚の車両へ追突した。","4","運輸交通業","403","道路貨物運送業","40301","一般貨物自動車運送業","50~99","2","物上げ装置、運搬機械","22","動力運搬機","221","トラック","17","交通事故（道路）"
"145","2002","平成","14","2","8~9","大型トラックを運転して製品等を運送途中、上り勾配の道路路側帯に駐車して車外に出ていたところ、トラックが後進を始めたのでトラックを追いかけ止めようとして運転席側のドアと近くにあった立木の間に挟まれた。","4","運輸交通業","403","道路貨物運送業","40301","一般貨物自動車運送業","10~29","2","物上げ装置、運搬機械","22","動力運搬機","221","トラック","7","はさまれ、巻き込まれ"
"146","2002","平成","14","2","15~16","7階建マンション外装工事において、7階部分に設けられたつり足場(隣接した2つの建屋の屋上パラペットに渡された単管から吊り下げられたもの)の解体を行うため、足場の作業床を取り外したところ足場が振れたため、バランスを崩して約19m下の地面に墜落した。","3","建設業","302","建築工事業","30201","鉄骨・鉄筋コンクリート造家屋建築工事業","1~9","4","仮設物、建築物、構築物等","41","仮設物、建築物、構築物等","411","足場","1","墜落、転落"
"147","2002","平成","14","1","20~21","食材を簡易リフトで2階に運ぶため2階にあった搬器を呼んだところ、2階に降ろすべき「ご飯」が載っていたので、再度搬器を2階に移動する操作をした後、自分も簡易リフトで2階に上がるため乗り込もうとして搬器と扉枠との間に挟まれた。","1","製造業","101","食料品製造業","10109","その他の食料品製造業","30~49","2","物上げ装置、運搬機械","21","動力クレーン等","214","エレベータ、リフト","7","はさまれ、巻き込まれ"
"148","2002","平成","14","1","23~24","納豆工場において、煮豆入りのトレーを醗酵室に運搬するために使用する台車の軌道付近にいて、軌道上を走行する台車(一部トレー搭載済み、推定質量約2t)とベルトコンベアのラックの支柱との間に挟まれた。","1","製造業","101","食料品製造業","10109","その他の食料品製造業","100~299","2","物上げ装置、運搬機械","22","動力運搬機","223","軌道装置","7","はさまれ、巻き込まれ"
"149","2002","平成","14","2","17~18","事業場の岸壁から約15m離れたの海面に浮かんでいるところを同僚が発見し、消防隊が救助しようとしたがろ海中に沈み、2日後に水死体で発見された。","5","貨物取扱業","501","陸上貨物取扱業","50101","陸上貨物取扱業","10~29","7","環境等","71","環境等","713","水","10","おぼれ"
"150","2002","平成","14","2","8~9","自動車道の高架橋工事現場で、床版コンクリート打設作業で付着した鋼桁のノロ(コンクリートの汁)の水洗い作業準備中に、約27m下のコンクリート道路上に墜落した。","3","建設業","301","土木工事業","30105","橋梁建設工事業","10~29","4","仮設物、建築物、構築物等","41","仮設物、建築物、構築物等","411","足場","1","墜落、転落"
"151","2002","平成","14","2","4~5","自転車で朝刊の配達中、農道において転倒して胸を強打し3日後に死亡した。","8","商業","802","小売業","80205","新聞販売業","30~49","3","その他の装置等","36","人力機械工具等","362","人力運搬機","17","交通事故（道路）"
"152","2002","平成","14","2","15~16","鉄骨部材(質量約600キログラム)のメッキ処理作業で、天井クレーンで鉄骨部材を吊り上げてメッキ槽に投入する際、部材の確認をしようと吊られている荷の下に入ったところ、シャックルが外れたため吊り荷の鉄骨部材が落下してきた。","1","製造業","112","金属製品製造業","11204","めっき業","10~29","2","物上げ装置、運搬機械","21","動力クレーン等","211","クレーン","4","飛来、落下"
"153","2002","平成","14","2","22~23","採石場の切羽近くにおいて、ブル・ドーザーを運転して「ずり」を押していたところ、14m下の段へブルごと転落し、さらにその勢いで60m下の崖下に転落し「ずり」に埋まった。","2","鉱業","202","土石採取業","20201","採石業","30~49","1","動力機械","14","建設機械等","141","整地・運搬・積込み用機械","1","墜落、転落"
"154","2002","平成","14","2","15~16","寺の建設工事(SRC1階建て、最高高さ55m、軒の高さ32m)において、天井先端化粧パイプ養生材の撤去を行うため足場の昇降設備を降りていたときに、枠組み足場の交差筋交いの隙間(高さ15.6m)から墜落した。","3","建設業","302","建築工事業","30209","その他の建築工事業","1~9","4","仮設物、建築物、構築物等","41","仮設物、建築物、構築物等","413","階段、桟橋","1","墜落、転落"
"155","2002","平成","14","3","11~12","軽四輪車でモップ等の清掃用品をレンタルの客先に配送中、信号の無い交差点で右折しようとしたところに左からきた4tトラックと衝突した。","17","その他の事業","1702","その他の事業","170209","その他の事業－その他","10~29","2","物上げ装置、運搬機械","23","乗物","231","乗用車、バス、バイク","17","交通事故（道路）"
"156","2002","平成","14","8","5~6","油圧重機部品をトラックに積み国道を走行中、赤信号で止まっていたトラックに追突した。","4","運輸交通業","403","道路貨物運送業","40301","一般貨物自動車運送業","10~29","2","物上げ装置、運搬機械","22","動力運搬機","221","トラック","17","交通事故（道路）"
"157","2002","平成","14","2","15~16","車両系建設機械(機体質量380キログラムのドラグショベル)で橋梁下の土砂を掘削していたときに、橋梁の主桁と車両系建設機械との間に胸部を挟まれた。","3","建設業","301","土木工事業","30105","橋梁建設工事業","1~9","1","動力機械","14","建設機械等","142","掘削用機械","7","はさまれ、巻き込まれ"
"158","2002","平成","14","3","16~17","用水路上を歩道にするため、既設水路の上に敷くコンクリート製床板2枚(約700キログラム)をドラグショベルに吊り下げて移動していたところドラグショベルが横転し、近くにいた者が車体に押されて水路内に転落した。","3","建設業","301","土木工事業","30106","道路建設工事業","1~9","1","動力機械","14","建設機械等","142","掘削用機械","6","激突され"
"159","2002","平成","14","12","7~8","事業場から作業場所へ軽トラックで走行中、道路渋滞で停止していたところに、対向車線を後方から追い抜いてきたダンプトラック(10t)に車体右後部を追突された。","3","建設業","302","建築工事業","30201","鉄骨・鉄筋コンクリート造家屋建築工事業","1~9","2","物上げ装置、運搬機械","22","動力運搬機","221","トラック","17","交通事故（道路）"
"160","2002","平成","14","1","9~10","道路防災工事で山側法枠部分の張出足場の解体中、足場材を地上に降ろすために法枠に沿って設けられた単管足場に乗り上から手渡しで降ろす作業を行っていたときに2.37m下に墜落した。","3","建設業","301","土木工事業","30106","道路建設工事業","10~29","4","仮設物、建築物、構築物等","41","仮設物、建築物、構築物等","411","足場","1","墜落、転落"
"161","2002","平成","14","12","21~22","4tトラックを運転して走行中、大型トラックがセンターラインを超えて来たため正面衝突した。","4","運輸交通業","403","道路貨物運送業","40301","一般貨物自動車運送業","10~29","2","物上げ装置、運搬機械","22","動力運搬機","221","トラック","17","交通事故（道路）"
"162","2002","平成","14","2","13~14","工事現場で使用した鉄板を別の工事現場へ運ぶため、ドラグショベルのバケット背部のフックにワイヤーロープを掛けて吊り上げ左方向に旋回させたときドラグショベルが左側に横倒しになり、運転していた者がドラグショベルの下敷きになった。","3","建設業","301","土木工事業","30106","道路建設工事業","1~9","1","動力機械","14","建設機械等","142","掘削用機械","2","転倒"
"163","2002","平成","14","2","11~12","畑地の灌漑用水管(塩ビ管)の布設工事において、深さ1.5m、床幅55センチメートル、長さ20mの掘削溝の側面が長さ1.5m、地表からの深さ70センチメートル、幅40センチメートルに亘り崩壊し、掘削溝内で作業していた作業員のうち1名が崩壊した土砂と反対側の法面との間に挟まれた。","3","建設業","301","土木工事業","30199","その他の土木工事業","30~49","7","環境等","71","環境等","711","地山、岩石","5","崩壊、倒壊"
"164","2002","平成","14","3","14~15","航空機の教官が訓練生と二人乗り単発プロペラ機で離陸し、きりもみ状の飛行を体験する「スピン訓練」を実施していて、防風林内に水平状態で墜落した。","12","教育・研究業","1201","教育・研究業","120109","その他の教育研究業","10~29","2","物上げ装置、運搬機械","23","乗物","239","その他の乗物","18","交通事故（その他）"
"165","2002","平成","14","3","16~17","下水管布設工事現場において、ドラグ・ショベル(機体質量:2.57t)で埋め戻し後の転圧作業を行っていたときに、交通整理を行っていた者を後進で轢いた。","17","その他の事業","1702","その他の事業","170201","警備業","30~49","1","動力機械","14","建設機械等","142","掘削用機械","7","はさまれ、巻き込まれ"
"166","2002","平成","14","2","21~22","国道を横断する既設のガス管の撤去のため、カラーコーンによる車線規制を行い作業を開始しようとしたところに、走行してきたワゴン車が突入し、規制車線内にいた警備員2名を次々に跳ねた。","17","その他の事業","1702","その他の事業","170201","警備業","50~99","2","物上げ装置、運搬機械","23","乗物","231","乗用車、バス、バイク","17","交通事故（道路）"
"167","2002","平成","14","2","21~22","国道を横断する既設のガス管の撤去のため、カラーコーンによる車線規制を行い作業を開始しようとしたところに、走行してきたワゴン車が突入し、規制車線内にいた警備員2名を次々にはねた。","17","その他の事業","1702","その他の事業","170201","警備業","50~99","2","物上げ装置、運搬機械","23","乗物","231","乗用車、バス、バイク","17","交通事故（道路）"
"168","2002","平成","14","3","13~14","国道の路側整備工事現場において、路側に止めていたトラックの荷台でコンプレッサーのホースを片づけていて、誤って道路下約10mの海岸に転落した。","3","建設業","301","土木工事業","30106","道路建設工事業","1~9","2","物上げ装置、運搬機械","22","動力運搬機","221","トラック","1","墜落、転落"
"169","2002","平成","14","2","16~17","家畜の飼料用牧草倉庫において、床面に積まれていた20個の牧草(質量約1t)を最大荷重3tのクランプフォークリフト(アタッチメントが伸縮する)に積みバックで走行中、フォークリフトが転倒してヘッドガードと床面との間に挟まれた。","17","その他の事業","1702","その他の事業","170209","その他の事業－その他","10~29","2","物上げ装置、運搬機械","22","動力運搬機","222","フォークリフト","2","転倒"
"170","2002","平成","14","2","17~18","倉庫1階の物上げ装置荷台に載っていた製品を2階に上げるため、物上げ装置の荷台に乗って製品を運んでいたところ、物上げ装置を吊っていたワイヤーロープが結束部から抜けたため、荷台とともに3.9m下の1階に墜落した。","1","製造業","108","化学工業","10899","その他の化学工業","10~29","2","物上げ装置、運搬機械","21","動力クレーン等","214","エレベータ、リフト","1","墜落、転落"
"171","2002","平成","14","3","10~11","林道開設工事現場において、ドラグショベルで法面上にある木の除根作業を行なおうとしていたところ、突然、作業面の約4mから11mの地山が崩壊したため、作業面の一部が欠落してドラグショベルが約200m下の一般道路まで転落した。","3","建設業","301","土木工事業","30106","道路建設工事業","10~29","7","環境等","71","環境等","711","地山、岩石","1","墜落、転落"
"172","2002","平成","14","1","10~11","港の改修工事において、浚渫した土砂を沖合10キロメートルの捨場に運搬するため、土砂運搬船を引船で曳航中に土砂運搬船が転覆した。","3","建設業","301","土木工事業","30111","港湾海岸工事業","50~99","2","物上げ装置、運搬機械","23","乗物","239","その他の乗物","18","交通事故（その他）"
"173","2002","平成","14","3","13~14","住宅建築の基礎工事(深さ2.44m)において、掘削上部にあるさん木(長さ2.9m)2本を掘削した法面に立てかけたのち、脚立(長さ1.75m)を使用して後ろ向きで下りる途中に脚立の上3段目から墜落し、そこにあった鉄筋(長さ1.08m)が左大腿部に刺さり出血性ショックのため死亡した。","3","建設業","302","建築工事業","30202","木造家屋建築工事業","50~99","3","その他の装置等","37","用具","371","はしご等","1","墜落、転落"
"174","2002","平成","14","2","7~8","トレセン内を馬に乗り運動中、他の馬が放馬したのに驚いて暴れたため頭部より落馬した。","7","畜産・水産業","701","畜産業","70101","畜産業","10~29","7","環境等","71","環境等","719","その他の環境等","1","墜落、転落"
"175","2002","平成","14","3","13~14","道路排水施設工事において、U字側溝(長さ4m、重さ2t)の高さ調整のため車両積載型クレーン(2.93t)に戻す作業を行っていたときにU字側溝が落下し、吊荷の下で誘導していた者が大腿部から腰にかけて下敷きになった。","3","建設業","302","建築工事業","30209","その他の建築工事業","1~9","5","物質、材料","52","材料","529","その他の材料","4","飛来、落下"
"176","2002","平成","14","3","10~11","県道の舗装修繕工事において、工事用写真を撮影していたところ、背後から後進してきたドラグ・ショベル(機体質量2865キログラム)のクローラに腰・腹部を轢かれた。","3","建設業","301","土木工事業","30199","その他の土木工事業","10~29","1","動力機械","14","建設機械等","142","掘削用機械","7","はさまれ、巻き込まれ"
"177","2002","平成","14","2","9~10","ゴミ収集車で路上においてある家庭ゴミの収集作業中、車両後方の踏台に立ち乗りして次の収集箇所に向っていたときに、踏み台から転落して後頭部をアスファルト路面に打ちつけた。","15","清掃・と畜業","1501","清掃・と畜業","150103","その他の廃棄物処理業","10~29","2","物上げ装置、運搬機械","22","動力運搬機","229","その他の動力運搬機","1","墜落、転落"
"178","2002","平成","14","3","11~12","配電線の支障木の伐倒作業中、立木の幹が途中で裂けながら倒れて跳ね上がり顎部分に当った。","3","建設業","301","土木工事業","30199","その他の土木工事業","1~9","7","環境等","71","環境等","712","立木等","6","激突され"
"179","2002","平成","14","3","13~14","圧力容器によるビタミン原料の菌の培養工程が終了して、別の圧力容器へ窒素圧力を用いて移し替えたのち、一人でマンホールの外からジェットガン、水道のホースを用いて洗浄を行っていて容器内で酸素欠乏症になった。","1","製造業","108","化学工業","10803","医薬品製造業","100~299","7","環境等","71","環境等","714","異常環境等","12","有害物等との接触"
"180","2002","平成","14","2","10~11","茶畑の防霜ファン修理のため、鉄柱に登って防霜ファンを取外中に約7m下に墜落した。","8","商業","802","小売業","80209","その他の小売業","1~9","4","仮設物、建築物、構築物等","41","仮設物、建築物、構築物等","418","建築物、構築物","1","墜落、転落"
"181","2002","平成","14","3","16~17","倉庫内でフォークリフトを用いて荷出し作業中、高さ3.2mの運転席から転落し頭部を強打した。","5","貨物取扱業","501","陸上貨物取扱業","50101","陸上貨物取扱業","50~99","2","物上げ装置、運搬機械","22","動力運搬機","222","フォークリフト","1","墜落、転落"
"182","2002","平成","14","2","5~6","キビナゴ漁のため、海上で錨を下ろして刺し網を投入していたところ、船尾スクリュー付近に網が流れたため錨を引き上げようとアンカーロープを持って移動したときに、右足首にアンカーロープを絡ませ海中に転落した。","7","畜産・水産業","702","水産業","70201","漁業","1~9","7","環境等","71","環境等","713","水","10","おぼれ"
"183","2002","平成","14","3","13~14","海中ケーブル修繕工事に使用していた作業船の補修作業を行うため、ドライスーツなど潜水具一式(ウェイト26キログラム)着用し、岸壁(高さ約1.2m)から海面に飛び降りた直後、海中に沈み行方不明となった。","3","建設業","301","土木工事業","30107","河川土木工事業","10~29","7","環境等","71","環境等","713","水","10","おぼれ"
"184","2002","平成","14","2","16~17","足場資材置場で小型移動式クレーンを用いて足場資材の荷下ろし作業中、約4mの高さに積み上げられていた足場資材が荷崩れを起こして崩壊し、足場資材の間に胸部を挟まれた。","17","その他の事業","1702","その他の事業","170209","その他の事業－その他","1~9","5","物質、材料","52","材料","521","金属材料","5","崩壊、倒壊"
"185","2002","平成","14","3","9~10","医療用機械の販売を行うため社用車で国道を走行中、前方の乗用車を追い越しして車線に戻ったときに、前方で右折するため徐行していた除雪車に追突した。","8","商業","802","小売業","80209","その他の小売業","10~29","2","物上げ装置、運搬機械","23","乗物","231","乗用車、バス、バイク","17","交通事故（道路）"
"186","2002","平成","14","11","7~8","ミニバイクで新聞配達を終了して店へ戻る途中、交差点を右折したときに右方向より直進してきた乗用車と衝突した。","8","商業","802","小売業","80205","新聞販売業","10~29","2","物上げ装置、運搬機械","23","乗物","231","乗用車、バス、バイク","17","交通事故（道路）"
"187","2002","平成","14","3","14~15","材木置場でフォークリフトで木材の運搬・はい積み作業中、はい積みした木材をフォークリフトに装着したウィンチで引き抜いたときに、フォークリフトの後輪が敷地境界の溝に落ちて転倒し、運転手がフォークリフトと斜面との間に挟まれた。","17","その他の事業","1702","その他の事業","170209","その他の事業－その他","1~9","2","物上げ装置、運搬機械","22","動力運搬機","222","フォークリフト","6","激突され"
"188","2002","平成","14","3","10~11","国道の歩道上において、高さ約5mの街路樹を高さ2.4mの脚立を使用して剪定作業中に転落した。","6","農林業","601","農業","60101","農業","1~9","3","その他の装置等","37","用具","371","はしご等","1","墜落、転落"
"189","2002","平成","14","2","11~12","0.15haの民有林の間伐作業現場において、玉切りまで終えた材(根元直径35センチメートル、長さ220センチメートルの杉)を林内作業車に積込む作業中、材が落ちてきて左足くるぶしに当たり細菌性髄膜炎で死亡した。","6","農林業","602","林業","60201","木材伐出業","10~29","5","物質、材料","52","材料","522","木材、竹材","4","飛来、落下"
"190","2002","平成","14","2","11~12","事務所兼倉庫において、電気工事配線資材を2階から1階に降ろしているときに、階段3段目(約60センチメートル)付近から転倒し脂肪血栓症により死亡した。","3","建設業","303","その他の建設業","30301","電気通信工事業","1~9","4","仮設物、建築物、構築物等","41","仮設物、建築物、構築物等","413","階段、桟橋","1","墜落、転落"
"191","2002","平成","14","3","9~10","予告看板の日付の書替のため、道路横断中に車に跳ねられた。","3","建設業","301","土木工事業","30106","道路建設工事業","10~29","2","物上げ装置、運搬機械","23","乗物","231","乗用車、バス、バイク","17","交通事故（道路）"
"192","2002","平成","14","3","22~23","道路舗装工事に付帯する下水管埋設工事において、バックホーを用いて長さ6m、幅1m、深さ2mに掘削し、土止め支保工を設置するため未施工箇所に降りたところ、掘削片面の土砂が縦2.3m、横2.9m、奥行き0.4mにわたり崩壊し生き埋めとなった。","3","建設業","301","土木工事業","30106","道路建設工事業","10~29","7","環境等","71","環境等","711","地山、岩石","5","崩壊、倒壊"
"193","2002","平成","14","2","10~11","加工を終えた鉄板(厚さ0.35ミリメートル 829枚 重さ269.4キログラム)をキャスタ-付き作業台に載せて次の工程に鉄板を運ぶため、作業台を手前に引いたところ作業台上の鉄板が崩壊し鉄板の下敷になった。","1","製造業","113","一般機械器具製造業","11301","機械（精密機械を除く）器具製造業","30~49","3","その他の装置等","36","人力機械工具等","362","人力運搬機","5","崩壊、倒壊"
"194","2002","平成","14","6","1~2","10tトラックを運転して国道を走行中、トンネル内で信号停止していた10t冷凍車に追突した。","4","運輸交通業","403","道路貨物運送業","40301","一般貨物自動車運送業","10~29","2","物上げ装置、運搬機械","22","動力運搬機","221","トラック","17","交通事故（道路）"
"195","2002","平成","14","3","7~8","競馬場内において馬運車より馬を降ろす際に、馬が暴れたため馬とともに転落し馬の下敷きとなった。","7","畜産・水産業","701","畜産業","70101","畜産業","10~29","7","環境等","71","環境等","719","その他の環境等","1","墜落、転落"
"196","2002","平成","14","3","14~15","リサイクルラインの配管が詰まったため、フォークリフトを配管の下に配置してパレットを刺したフォークを上昇させて高さ3.8mのところに固定し、パレットの上で詰まりを取る作業中にパレットから転落した。","1","製造業","109","窯業土石製品製造業","10909","その他の土石製品製造業","10~29","4","仮設物、建築物、構築物等","41","仮設物、建築物、構築物等","418","建築物、構築物","1","墜落、転落"
"197","2002","平成","14","3","20~21","ガソリンスタンドでの勤務を終えて隣接の支店に入り売上金を保管したときに、強盗に頭部を鈍器で殴られ頭蓋骨骨折による脳挫傷で死亡した。","17","その他の事業","1702","その他の事業","170209","その他の事業－その他","10~29","9","その他","91","その他の起因物","911","その他の起因物","90","その他"
"198","2002","平成","14","2","13~14","工場内において、単独で空調設備の客先立会い検査のための準備作業を脚立(高さ1.97m)に上って実施中、バランスをくずし転落した。","1","製造業","112","金属製品製造業","11209","その他の金属製品製造業","100~299","3","その他の装置等","37","用具","371","はしご等","1","墜落、転落"
"199","2002","平成","14","3","11~12","スクリーン設置工事において、排水の異物分別用アルミ製枠(スクリーン、約1.1t)の設置のため、クレーンで吊り上げて既設の溝に嵌る作業中、上手く嵌らないので玉掛けフックを付け替えたときにスクリーンが溝から滑り激突された。","3","建設業","301","土木工事業","30199","その他の土木工事業","1~9","2","物上げ装置、運搬機械","21","動力クレーン等","212","移動式クレーン","6","激突され"
"200","2002","平成","14","2","11~12","工場内のストックヤード下部に設けられている引出しコンベア室内で、ベルトコンベアの点検調整作業中にベルトとテールプーリーとの間に巻き込まれた。","1","製造業","109","窯業土石製品製造業","10901","セメント・同製品製造業","1~9","2","物上げ装置、運搬機械","22","動力運搬機","224","コンベア","7","はさまれ、巻き込まれ"
"201","2002","平成","14","3","10~11","汚泥から肥料を製造している工場の発酵室において、発酵させている肥料をかきまぜる機械(スクーパー)の運転を停止してスクーパー上で昇降用モーターを点検中、チェーンがギアから外れることを防止するピンを抜いたため、チェーンが外れてかきまぜ部と一体となっている背板が下降し、昇降用モーターとの間に胸部と腹部を挟まれた。","15","清掃・と畜業","1501","清掃・と畜業","150103","その他の廃棄物処理業","1~9","1","動力機械","16","一般動力機械","162","混合機、粉砕機","7","はさまれ、巻き込まれ"
"202","2002","平成","14","2","20~21","閉店後に当日の売上代金を夜間金庫へ投函するためバイクで移動中、道路の中央分離帯に接触し転倒した。","8","商業","802","小売業","80209","その他の小売業","1~9","2","物上げ装置、運搬機械","23","乗物","231","乗用車、バス、バイク","17","交通事故（道路）"
"203","2002","平成","14","7","16~17","2階建て木造アパートの建方作業で、2階床面部の梁上(高さ約3.5m)で作業を行っていて土間コンクリートに墜落した。","3","建設業","302","建築工事業","30202","木造家屋建築工事業","1~9","4","仮設物、建築物、構築物等","41","仮設物、建築物、構築物等","415","屋根、はり、もや、けた、合掌","1","墜落、転落"
"204","2002","平成","14","3","11~12","空港埋立現場で起重機船から海に転落し溺死した。","3","建設業","301","土木工事業","30111","港湾海岸工事業","10~29","2","物上げ装置、運搬機械","23","乗物","239","その他の乗物","10","おぼれ"
"205","2002","平成","14","3","10~11","産業廃棄物処理場の満水になったピット(直径1.4mの円筒状で深さ2.1m)の清掃のため、蓋(格子状、質量70キログラム)を開けようとしたときに蓋もろともピットに墜落した。","15","清掃・と畜業","1501","清掃・と畜業","150102","産業廃棄物処理業","10~29","4","仮設物、建築物、構築物等","41","仮設物、建築物、構築物等","418","建築物、構築物","1","墜落、転落"
"206","2002","平成","14","2","10~11","スレート生産ラインに設けられたベルトコンベアの下で不良製品(スレート屋根)をくず処理コンベアーに載せていたところ、作業服がベルトコンベアーに取り付けられているテンションローラーの回転軸に巻きつき、作業服の襟で喉を締め付けられて窒息した。","1","製造業","109","窯業土石製品製造業","10901","セメント・同製品製造業","100~299","2","物上げ装置、運搬機械","22","動力運搬機","224","コンベア","7","はさまれ、巻き込まれ"
"207","2002","平成","14","2","7~8","宿舎から会社所有のワゴン車で現場に向け走行中、アイスバーンによりスリップして進行方向右側の路外へ逸脱し、1名が死亡し3名が負傷した。","3","建設業","302","建築工事業","30209","その他の建築工事業","1~9","2","物上げ装置、運搬機械","23","乗物","231","乗用車、バス、バイク","17","交通事故（道路）"
"208","2002","平成","14","3","9~10","三又木となっていたナラ(樹高16.3m、胸高直径95センチメートル)の伐倒作業において、伐倒後に根元近くの短い枝(元口径46センチメートル)を切り落とし、二又木の状態から幹の下側になった大枝(元口径80センチメートル)を切り離したところ、谷側に落ちると予測していた幹が転動し先に切り落としていた枝との間に挟まれた。","6","農林業","602","林業","60201","木材伐出業","10~29","7","環境等","71","環境等","712","立木等","7","はさまれ、巻き込まれ"
"209","2002","平成","14","9","5~6","50ccのバイクで新聞配達中、公道から民家の脇道に入ったところでバイクと共に側溝(巾1.8m、深さ1.2m)に転落した。","8","商業","802","小売業","80205","新聞販売業","10~29","2","物上げ装置、運搬機械","23","乗物","231","乗用車、バス、バイク","17","交通事故（道路）"
"210","2002","平成","14","3","10~11","廃棄物処理場において、産業廃棄物解体用機械の後方で仕分けした廃棄物を手作業によりコンテナ箱に入れる作業中に、旋回した解体機械の後部とコンテナ箱との間に挟まれた。","15","清掃・と畜業","1501","清掃・と畜業","150102","産業廃棄物処理業","10~29","1","動力機械","16","一般動力機械","169","その他の一般動力機械","7","はさまれ、巻き込まれ"
"211","2002","平成","14","3","11~12","10tダンプで運ばれてきた砂利をドラグショベルの後方で鋤簾を使用して均し作業中、後退してきたドラグショベルに轢かれた。","3","建設業","301","土木工事業","30106","道路建設工事業","10~29","1","動力機械","14","建設機械等","142","掘削用機械","7","はさまれ、巻き込まれ"
"212","2002","平成","14","3","16~17","農業集落排水工事において、県道を復旧させるために路盤材で埋め戻しを行い振動ローラー(機体質量3t)で路盤の締め固め作業中、路盤材の敷きならし作業を行っていた者が後退してきた振動ローラーに頭部を轢かれた。","3","建設業","301","土木工事業","30106","道路建設工事業","30~49","1","動力機械","14","建設機械等","144","締固め用機械","7","はさまれ、巻き込まれ"
"213","2002","平成","14","3","14~15","工場内の瓦乾燥枠(瓦を2列に整列させ自然乾燥させるための枠)付近において、降し機(自然乾燥させた瓦を吸盤で吸い付けて降し整列コンベヤーに載せる機械)により、整列コンベヤー(瓦を白地90度ターン移載機(瓦を90度ターンさせ、瓦を1列にして釉薬ラインに載せる機械)に移動させるラインを稼働中、降し機の吸盤がついた鉄製のバーと白地90度ターン移載機の鉄製のプレートとの間に挟まれた。","1","製造業","109","窯業土石製品製造業","10905","その他の窯業","50~99","1","動力機械","16","一般動力機械","169","その他の一般動力機械","7","はさまれ、巻き込まれ"
"214","2002","平成","14","3","15~16","ずい道内において、ずり積み機の油圧ホース端末が固定されていないことに気付き、バケットテーブル(ずりをすくい上げる装置)に乗って番線で固定していたときに、ずり積み機のオペレーターがバケットテーブルを開いたため、テーブルと坑内の壁面との間に胸部と腹部を挟まれた。","3","建設業","301","土木工事業","30102","トンネル建設工事業","1~9","1","動力機械","14","建設機械等","141","整地・運搬・積込み用機械","7","はさまれ、巻き込まれ"
"215","2002","平成","14","1","1~2","スケソウダラ刺し網漁船が僚船14隻とともに漁港を出港して操業中、時化が激しくなって一隻が転覆し、3人の乗組員が行方不明となった。","7","畜産・水産業","702","水産業","70201","漁業","1~9","2","物上げ装置、運搬機械","23","乗物","239","その他の乗物","18","交通事故（その他）"
"216","2002","平成","14","1","1~2","スケソウダラ刺し網漁船が僚船14隻とともに漁港を出港して操業中、時化が激しくなって一隻が転覆し、3人の乗組員が行方不明となった。","7","畜産・水産業","702","水産業","70201","漁業","1~9","2","物上げ装置、運搬機械","23","乗物","239","その他の乗物","18","交通事故（その他）"
"217","2002","平成","14","1","1~2","スケソウダラ刺し網漁船が僚船14隻とともに漁港を出港して操業中、時化が激しくなって一隻が転覆し、3人の乗組員が行方不明となった。","7","畜産・水産業","702","水産業","70201","漁業","1~9","2","物上げ装置、運搬機械","23","乗物","239","その他の乗物","18","交通事故（その他）"
"218","2002","平成","14","3","9~10","河川改修工事で巨石積み作業中、重機で掴んでいた巨石が法面に接触したため石が落下し激突された。","3","建設業","301","土木工事業","30107","河川土木工事業","1~9","1","動力機械","14","建設機械等","149","その他の建設機械等","4","飛来、落下"
"219","2002","平成","14","2","10~11","バックホーによる大型ブロック(1.2t)の据付け作業で、据付け微調整のため運転手が作業員へ位置の状態を話すために運転席の脇から顔を出し、その後運転席へ座ろうとしたときに左肘が操作レバーに当たったためアームが手前に動いてブロックがずり落ち、ブロックと掘削面との間に作業員が挟まれた。","3","建設業","301","土木工事業","30106","道路建設工事業","50~99","2","物上げ装置、運搬機械","21","動力クレーン等","212","移動式クレーン","7","はさまれ、巻き込まれ"
"220","2002","平成","14","3","14~15","町道改良工事で、ボックスカルバート設置後の埋め戻し作業中、土砂を運搬してきた10t積ダンプを誘導するため徐行しているダンプの後方から左前方に向けて歩行しているときに、ダンプの左前部に接触して転倒し左前輪で腹部を轢かれた。","17","その他の事業","1702","その他の事業","170201","警備業","1~9","2","物上げ装置、運搬機械","22","動力運搬機","221","トラック","6","激突され"
"221","2002","平成","14","2","16~17","リサイクルマスターと呼ばれる空缶プレス機械により回収された空缶をプレス加工中、プレス機内で残ったかすを除去しようとしていたときに、操作盤にかかった右手で投入口開閉スイッチを誤操作したため蓋が閉まり頭部を挟まれた。","15","清掃・と畜業","1501","清掃・と畜業","150102","産業廃棄物処理業","10~29","1","動力機械","15","金属加工用機械","159","その他の金属加工用機械","7","はさまれ、巻き込まれ"
"222","2002","平成","14","3","10~11","舗装補修工事現場で、道路中央付近で路面に散乱していたアスファルト骨材をほうきで掃いていたところ、後ろからきたマカダムローラーに轢かれた。","3","建設業","301","土木工事業","30106","道路建設工事業","30~49","1","動力機械","14","建設機械等","144","締固め用機械","7","はさまれ、巻き込まれ"
"223","2002","平成","14","3","14~15","会社構内でフォークリフトを使用して4tトラックに荷を積んでいたときに、フォークリフトのマストと運転席のガードとの間に挟まれた。","4","運輸交通業","403","道路貨物運送業","40301","一般貨物自動車運送業","50~99","2","物上げ装置、運搬機械","22","動力運搬機","222","フォークリフト","7","はさまれ、巻き込まれ"
"224","2002","平成","14","3","14~15","トラッククレーンの荷台から鉄板(質量約800キログラム)を降ろすため、フック付きワイヤロープで玉掛した鉄板をドラッグショベルで吊り、既に積んでいた鉄板(12枚)の上に降ろして積み重ねようとしたところ、鉄板に掛けていたフックが外れ付近で荷降ろしの合図を行なっていた者が鉄板の下敷きとなった。","3","建設業","301","土木工事業","30199","その他の土木工事業","10~29","3","その他の装置等","37","用具","372","玉掛用具","4","飛来、落下"
"225","2002","平成","14","10","11~12","木造2階建新築工事で、2階の軸組作業中に桁から1階のたたきの上に墜落した。","3","建設業","302","建築工事業","30202","木造家屋建築工事業","不明","4","仮設物、建築物、構築物等","41","仮設物、建築物、構築物等","415","屋根、はり、もや、けた、合掌","1","墜落、転落"
"226","2002","平成","14","1","14~15","送電線下の鉄塔敷地内において高さ21mの杉の木を伐倒中、木が予定外の方向に倒れたため避難していた作業者が木の下敷となった。","6","農林業","602","林業","60201","木材伐出業","30~49","7","環境等","71","環境等","712","立木等","5","崩壊、倒壊"
"227","2002","平成","14","9","4~5","トラックにドラム缶を積んで自動車道を走行中、後方より走行してきた10tトラックに追突されて路肩の土手に乗り上げ横転した。","4","運輸交通業","403","道路貨物運送業","40301","一般貨物自動車運送業","30~49","2","物上げ装置、運搬機械","22","動力運搬機","221","トラック","17","交通事故（道路）"
"228","2002","平成","14","5","4~5","自動車道を大型トラックで走行中、他の大型トラックと衝突した。","4","運輸交通業","403","道路貨物運送業","40301","一般貨物自動車運送業","50~99","2","物上げ装置、運搬機械","22","動力運搬機","221","トラック","17","交通事故（道路）"
"229","2002","平成","14","2","10~11","精米工場の庇の化粧用ALC板の塗装作業中、高さ5.1mの足場から墜落した。","3","建設業","302","建築工事業","30201","鉄骨・鉄筋コンクリート造家屋建築工事業","1~9","4","仮設物、建築物、構築物等","41","仮設物、建築物、構築物等","411","足場","1","墜落、転落"
"230","2002","平成","14","3","10~11","土地造成工事で、ブルドーザーを運転して高さ1.35mの盛土を乗り越えたときに、運転席から転落してブルドーザーに轢かれた。","3","建設業","301","土木工事業","30109","土地整理土木工事業","1~9","1","動力機械","14","建設機械等","141","整地・運搬・積込み用機械","7","はさまれ、巻き込まれ"
"231","2002","平成","14","8","22~23","10tトラックに荷を積み国道を走行中、大型トレーラーに追突し、さらに別の10tトラックに追突された。","4","運輸交通業","403","道路貨物運送業","40301","一般貨物自動車運送業","10~29","2","物上げ装置、運搬機械","22","動力運搬機","221","トラック","17","交通事故（道路）"
"232","2002","平成","14","3","13~14","トラッククレーンでトラックの荷台から内装材のプラスターボード(約500キログラム)を吊って旋回しながら運搬中、つり荷が単管足場の建地に接触したため玉掛け用具のベルトスリングから抜け落ち、2階ベランダ出入り口から出てきた者の頭部に激突した。","3","建設業","302","建築工事業","30201","鉄骨・鉄筋コンクリート造家屋建築工事業","1~9","3","その他の装置等","37","用具","372","玉掛用具","4","飛来、落下"
"233","2002","平成","14","3","0~1","伐出現場で伐倒木を移動式クレーン(つり上げ荷重2.93t)で林道に引き上げる作業中、引いていた伐倒木7本(長さ約3mから4m)が横に振れ、付近にいた作業員が伐倒木と岩との間に挟まれた。","6","農林業","602","林業","60201","木材伐出業","1~9","2","物上げ装置、運搬機械","21","動力クレーン等","212","移動式クレーン","6","激突され"
"234","2002","平成","14","8","11~12","車庫新築工事において、完成した建物の窓ガラスを高さ約4mの位置で清掃作業中、移動梯子からバランスを崩して地面に墜落した。","3","建設業","302","建築工事業","30201","鉄骨・鉄筋コンクリート造家屋建築工事業","30~49","3","その他の装置等","37","用具","371","はしご等","1","墜落、転落"
"235","2002","平成","14","3","11~12","トラックローダーのアタッチメント取付基部(バケットストッパー)の調整中、アームが下降してきて本体とアームとの間に挟まれた。","1","製造業","117","その他の製造業","11702","機械修理業","1~9","1","動力機械","14","建設機械等","141","整地・運搬・積込み用機械","7","はさまれ、巻き込まれ"
"236","2002","平成","14","3","4~5","射出成形機等の点検整備を行っていたところ、成形機と連動している「パレットチェンジャー(自動パレット移送機)」の「パレット位置決めユニット」が降下し、本体と「ユニット・フレーム」との間に胸部等を挟まれた。","1","製造業","108","化学工業","10805","プラスチック製品製造業","50~99","1","動力機械","16","一般動力機械","164","射出成形機","7","はさまれ、巻き込まれ"
"237","2002","平成","14","3","13~14","製品配達のためライトバンで町道を走行中、右側の砂利採取場から町道に進入してきたダンプトラックと出会い頭に衝突した。","1","製造業","108","化学工業","10806","ゴム製品製造業","10~29","2","物上げ装置、運搬機械","22","動力運搬機","221","トラック","17","交通事故（道路）"
"238","2002","平成","14","4","19~20","顧客先から会社に戻るため自動車道をワゴン車で走行中、中央分離帯に衝突し車が全焼した。","8","商業","801","卸売業","80109","その他の卸売業","10~29","2","物上げ装置、運搬機械","23","乗物","231","乗用車、バス、バイク","17","交通事故（道路）"
"239","2002","平成","14","3","6~7","一方通行の道路上で、パッカー車の運転者が他の作業員を手伝うためパッカー車から降り、道路反対側にある塵芥収納庫に出されたごみを回収するためパッカー車前方から道路を横断していたときに、走行してきたトラックに跳ねられた。","15","清掃・と畜業","1501","清掃・と畜業","150102","産業廃棄物処理業","1~9","2","物上げ装置、運搬機械","22","動力運搬機","221","トラック","17","交通事故（道路）"
"240","2002","平成","14","3","2~3","国道の追い越し車線を走行中の普通乗用車が、橋の吊足場設置作業の交通整理に従事していた者を跳ね飛ばした。","17","その他の事業","1702","その他の事業","170201","警備業","1~9","2","物上げ装置、運搬機械","23","乗物","231","乗用車、バス、バイク","17","交通事故（道路）"
"241","2002","平成","14","3","16~17","木造二階建住宅新築工事で、主構造部分の組立てが終わって施主に最後の棟木を納める儀式としてカケヤで叩かせるため、高さ約8.7mの梁(通称 天秤梁)の上で施主に手順を説明中にバランスを崩して地上の基礎部分に墜落した。","3","建設業","302","建築工事業","30202","木造家屋建築工事業","1~9","4","仮設物、建築物、構築物等","41","仮設物、建築物、構築物等","415","屋根、はり、もや、けた、合掌","1","墜落、転落"
"242","2002","平成","14","3","16~17","福祉施設の新築工事で、屋根材(木毛板、1枚60キログラム)の荷(12枚、720キログラム)を屋根に上げる作業中、吊った荷のナイロンスリングが荷にビニールカバーが被せてあったため滑って荷がスリングから抜けて落下し、2名のうち1名が死亡した。","8","商業","802","小売業","80209","その他の小売業","30~49","6","荷","61","荷","611","荷姿の物","4","飛来、落下"
"243","2002","平成","14","10","2~3","主要地方道の下り坂のカーブで、道路が凍結していたため乗っていたトラックがスリップしてガードレールに接触し、電柱に衝突した。","4","運輸交通業","403","道路貨物運送業","40301","一般貨物自動車運送業","10~29","2","物上げ装置、運搬機械","22","動力運搬機","221","トラック","17","交通事故（道路）"
"244","2002","平成","14","11","5~6","トラックで走行中、車両火災のため停車していたトラックに追突した。","4","運輸交通業","403","道路貨物運送業","40301","一般貨物自動車運送業","10~29","2","物上げ装置、運搬機械","22","動力運搬機","221","トラック","17","交通事故（道路）"
"245","2002","平成","14","3","4~5","壁材を50枚毎に積重ねて運ぶラインで、そのテーブルリフターに積重ねられていく製品の調整をベルトコンベアーの間にあるステップ上で単独で行っていたところ、パレットがベルトコンベアーに載って動き出し、足を挟まれて転倒したのちコンベアーのアングルに頭をぶっつけ、さらに動いてきたパレットとアングルとの間に頭を挟まれた。","1","製造業","109","窯業土石製品製造業","10905","その他の窯業","100~299","2","物上げ装置、運搬機械","22","動力運搬機","224","コンベア","7","はさまれ、巻き込まれ"
"246","2002","平成","14","7","21~22","空荷の13tトラックで国道を走行中、トラックが前走の車に衝突した。","4","運輸交通業","403","道路貨物運送業","40301","一般貨物自動車運送業","10~29","2","物上げ装置、運搬機械","22","動力運搬機","221","トラック","17","交通事故（道路）"
"247","2002","平成","14","3","11~12","営業先に向かうため軽トラックを運転して県道を走行中、対向車線からセンターラインを超えて走行してきたトレーラーと衝突した。","17","その他の事業","1702","その他の事業","170209","その他の事業－その他","1~9","2","物上げ装置、運搬機械","22","動力運搬機","221","トラック","17","交通事故（道路）"
"248","2002","平成","14","2","10~11","ゴルフ練習場において、1階天井の塗装作業を行っていて高さ2.3mの手すりのない足場上から墜落した。","17","その他の事業","1702","その他の事業","170209","その他の事業－その他","10~29","4","仮設物、建築物、構築物等","41","仮設物、建築物、構築物等","411","足場","1","墜落、転落"
"249","2002","平成","14","3","14~15","雨水管の清掃作業が終了し片付け作業をしていたところ、雨水管沿いにマンホールの上に昇ってくる作業員の一人が墜落したので、これを助けようとして4名が雨水管内に降りて硫化中毒で倒れ、さらに満潮で増水していた汚水まじりの流水中で溺死した。","15","清掃・と畜業","1501","清掃・と畜業","150109","その他の清掃・と畜業","不明","5","物質、材料","51","危険物、有害物等","514","有害物","12","有害物等との接触"
"250","2002","平成","14","3","14~15","雨水管の清掃作業が終了し、片付け作業をしていたところ、雨水管よりマンホールの上に昇ってくる作業員の一人が墜落したので、これを助けようとして4名が雨水管内に降りて硫化中毒で倒れ、さらに満潮で増水していた汚水まじりの流水中で溺死した。","15","清掃・と畜業","1501","清掃・と畜業","150109","その他の清掃・と畜業","不明","5","物質、材料","51","危険物、有害物等","514","有害物","12","有害物等との接触"
"251","2002","平成","14","3","10~11","椎茸木や炭の材料とする木を切り出すために山に林道を開く作業で、高さ約20mの木をチェーンソーで伐木していたところ、幹が裂けて跳ね上がって倒木の下端が顔面を直撃した。","6","農林業","602","林業","60209","その他の林業","1~9","7","環境等","71","環境等","712","立木等","4","飛来、落下"
"252","2002","平成","14","3","9~10","マリーナ内のマンションの管理員がガス管交換工事の写真を写すため、マンションの屋上に上がってパラペット(高さ約50センチメートル)から身を乗り出す形で地上で行われている工事の状況を撮影していて30m下の地面に墜落した。","17","その他の事業","1702","その他の事業","170209","その他の事業－その他","30~49","4","仮設物、建築物、構築物等","41","仮設物、建築物、構築物等","418","建築物、構築物","1","墜落、転落"
"253","2002","平成","14","1","14~15","岸壁に接岸していた艀(全長33.5m、幅7.8m 積載量400t)に鋼管約64tを積み終えた後、艀の船長が単独で曳航前の準備を行っていて海に墜落した。","5","貨物取扱業","502","港湾運送業","50209","その他の港湾運送業","10~29","2","物上げ装置、運搬機械","23","乗物","239","その他の乗物","10","おぼれ"
"254","2002","平成","14","3","16~17","縦95センチメートル、横60センチメートル、高さ25センチメートルの鉄骨を主軸53.7センチメートルのラジアルボール盤で加工中、右足のズボンの裾をボール盤に巻き込まれ、回転しながら付近にあった鉄骨等に全身をぶつけた。","1","製造業","112","金属製品製造業","11209","その他の金属製品製造業","10~29","1","動力機械","15","金属加工用機械","152","ボール盤、フライス盤","7","はさまれ、巻き込まれ"
"255","2002","平成","14","2","9~10","家屋の屋根の瓦が風等で飛ばないようにラバーで瓦同士を接着する作業のため、屋根(2.5分勾配、軒先の高さ地上から2.9m)に登ったときに、屋根上で転倒し地上に墜落した。","3","建設業","302","建築工事業","30209","その他の建築工事業","1~9","4","仮設物、建築物、構築物等","41","仮設物、建築物、構築物等","415","屋根、はり、もや、けた、合掌","1","墜落、転落"
"256","2002","平成","14","3","14~15","雨水管の清掃作業が終了し、片付け作業をしていたところ、雨水管よりマンホールの上に昇ってくる作業員の一人が墜落したので、これを助けようとして4名が雨水管内に降りてとも硫化中毒で倒れ、さらに満潮で増水していた汚水まじりの流水中で溺死した。","15","清掃・と畜業","1501","清掃・と畜業","150109","その他の清掃・と畜業","不明","5","物質、材料","51","危険物、有害物等","514","有害物","12","有害物等との接触"
"257","2002","平成","14","3","14~15","雨水管の清掃作業が終了し、片付け作業をしていたところ、雨水管よりマンホールの上に昇ってくる作業員の一人が墜落したので、これを助けようとして4名が雨水管内に降りてとも硫化中毒で倒れ、さらに満潮で増水していた汚水まじりの流水中で溺死した。","15","清掃・と畜業","1501","清掃・と畜業","150109","その他の清掃・と畜業","不明","5","物質、材料","51","危険物、有害物等","514","有害物","12","有害物等との接触"
"258","2002","平成","14","3","14~15","雨水管の清掃作業が終了し、片付け作業をしていたところ、雨水管よりマンホールの上に昇ってくる作業員の一人が墜落したので、これを助けようとして4名が雨水管内に降りてとも硫化中毒で倒れ、さらに満潮で増水していた汚水まじりの流水中で溺死した。","15","清掃・と畜業","1501","清掃・と畜業","150109","その他の清掃・と畜業","不明","5","物質、材料","51","危険物、有害物等","514","有害物","12","有害物等との接触"
"259","2002","平成","14","3","15~16","自動車道高架橋耐震補強工事の安全パトロールで橋脚上部の足場上にいたところ、撤去のためチェーンブロックで吊り下げていたコンクリートブロックが大きく傾いて、足場上から押し出され9.6m下に墜落したもの。","3","建設業","301","土木工事業","30105","橋梁建設工事業","30~49","6","荷","61","荷","611","荷姿の物","1","墜落、転落"
"260","2002","平成","14","3","8~9","フォークリフトのパレットの上でベルトコンベアーの移設作業中、ベルトコンベアーの電源を切るためマストを伝って床に降りようとした際に、足がフォークリフトのマストを操作するレバーに触れたため、マストが運転席側に動いてマストと運転席のフレームとの間に頭を挟まれた。","1","製造業","101","食料品製造業","10103","農業保存食料品製造業","100~299","2","物上げ装置、運搬機械","22","動力運搬機","222","フォークリフト","7","はさまれ、巻き込まれ"
"261","2002","平成","14","6","22~23","客を乗せて国道を走行中、後続車に後方から追突され客(出張中)の1名が死亡、1名が軽傷、ハイヤーの運転手が死亡した。","4","運輸交通業","402","道路旅客運送業","40201","ハイヤー・タクシー業","10~29","2","物上げ装置、運搬機械","23","乗物","231","乗用車、バス、バイク","17","交通事故（道路）"
"262","2002","平成","14","3","19~20","高速道路のトンネル工事現場で、切羽上部より岩石(長さ2.5m、幅0.7m、重さ約4t)が落下して、装薬作業を行っていた者を直撃した。","3","建設業","301","土木工事業","30102","トンネル建設工事業","50~99","7","環境等","71","環境等","711","地山、岩石","5","崩壊、倒壊"
"263","2002","平成","14","3","2~3","道路拡幅工事において、走行してきた乗用車が工事規制帯に突っ込み、コンクリートミキサー車を誘導していた者を跳ねた。","3","建設業","301","土木工事業","30106","道路建設工事業","10~29","2","物上げ装置、運搬機械","23","乗物","231","乗用車、バス、バイク","17","交通事故（道路）"
"264","2002","平成","14","3","13~14","雨水調整池内の換気設備設置工事において、調整池の上段梁で足場を組み立てる作業中に足場作業床より足を踏み外して、約16m下の調整池の床に墜落した。","3","建設業","303","その他の建設業","30302","機械器具設置工事業","10~29","4","仮設物、建築物、構築物等","41","仮設物、建築物、構築物等","418","建築物、構築物","1","墜落、転落"
"265","2002","平成","14","3","10~11","地上29階の建物の7階で雑壁のPC板(重さ0.9t)を設置するため、PC板の両側面にあるアイボルトにシャックルをかけチェーンブロック(1.5t)2基で少しづづ起こしていたときに、突然アイボルトが根元から折れて作業者に激突した。","3","建設業","302","建築工事業","30201","鉄骨・鉄筋コンクリート造家屋建築工事業","10~29","5","物質、材料","52","材料","529","その他の材料","5","崩壊、倒壊"
"266","2002","平成","14","3","9~10","工場敷地内通路を協力会社の作業員が台車を押して歩行していたところ、親企業の作業員が運転するフォークリフトに正面から激突された。","1","製造業","112","金属製品製造業","11209","その他の金属製品製造業","1~9","2","物上げ装置、運搬機械","22","動力運搬機","222","フォークリフト","6","激突され"
"267","2002","平成","14","2","11~12","フォークリフトのパレットに荷を乗せるためフォークリフト後部に足をかけて高さ2mの棚の上に乗りパレットに荷を乗せた後、運転席とマストの間から運転席へ降りようとしたときにマストチルトレバーに足が当たってマストが手前に動き出し、マストとヘッドガードとの間に頭部を挟まれた。","1","製造業","107","印刷・製本業","10702","製本業","10~29","2","物上げ装置、運搬機械","22","動力運搬機","222","フォークリフト","7","はさまれ、巻き込まれ"
"268","2002","平成","14","2","11~12","スタンドの工事現場内で天井部分に空調ダクトを設置する作業中、天井デッキ近くまで上昇した高所作業車の作業床で倒れていた。","3","建設業","302","建築工事業","30201","鉄骨・鉄筋コンクリート造家屋建築工事業","10~29","1","動力機械","14","建設機械等","146","高所作業車","7","はさまれ、巻き込まれ"
"269","2002","平成","14","2","15~16","地下水槽をコンクリートブレーカーで解体中に、幅14m、高さ6m、厚さ0.3mに亘ってコンクリート壁が倒壊し作業員に激突した。","3","建設業","302","建築工事業","30209","その他の建築工事業","1~9","1","動力機械","14","建設機械等","142","掘削用機械","5","崩壊、倒壊"
"270","2002","平成","14","2","6~7","ドラグショベルを2tダンプに積み込むため、バケットをダンプの荷台に置いて後ろ向きにクローラの後端を浮き上がらせて荷台に載せた後、アームを旋回してバケットを地上に接地させて車体を荷台に積み込もうとしたときに、クローラの後端がダンプの荷台から外れてドラグショベルが横転し、運転者が運転席から投げ出されヘッドガードと地上との間に挟まれた。","3","建設業","301","土木工事業","30110","上下水道工事業","10~29","1","動力機械","14","建設機械等","142","掘削用機械","1","墜落、転落"
"271","2002","平成","14","2","10~11","建物解体工事において、土間の解体ガラの搬出作業をドラグ・ショベルを使用し行っていたときに、作業箇所へ散水をしていた者がドラグ・ショベルの作業範囲内に立ち入ったため旋回したドラグ・ショベルのバケットが頭部に激突した。","3","建設業","302","建築工事業","30201","鉄骨・鉄筋コンクリート造家屋建築工事業","10~29","1","動力機械","14","建設機械等","142","掘削用機械","6","激突され"
"272","2002","平成","14","2","11~12","鉄骨造3階建て建物の解体工事で、鉄骨柱のアンカーボルト部分を溶断中、柱(高さ3m)部分とそれに附帯する2階床スラブ(厚さ13センチメートル、幅1.2m)が建物中央方向に倒れその下敷きとなった。","3","建設業","302","建築工事業","30209","その他の建築工事業","1~9","4","仮設物、建築物、構築物等","41","仮設物、建築物、構築物等","418","建築物、構築物","5","崩壊、倒壊"
"273","2002","平成","14","1","6~7","正月休み中に工場2階にある寮に一人で残っていて、自室の電気ストーブから出火した火災のため有毒ガス(一酸化炭素)を吸い込んだ。","1","製造業","112","金属製品製造業","11209","その他の金属製品製造業","10~29","9","その他","91","その他の起因物","911","その他の起因物","12","有害物等との接触"
"274","2002","平成","14","1","11~12","事務所の引越しでビル内に荷物を搬入するため、コンビテナー(84×64×高さ138センチメートル、パイプ製天井無しのカゴ型人力運搬機)に長さ180センチメートル、質量約20キログラムの机天板16枚を載せて2名で運搬中、36センチメートルの段差部分に長さ242センチメートル、厚さ2センチメートルの板を架けたスロープ(傾斜角約10度)の個所でコンビテナーが後方に転倒し、後方で押していた者が下敷きになった。","5","貨物取扱業","501","陸上貨物取扱業","50101","陸上貨物取扱業","100~299","3","その他の装置等","36","人力機械工具等","362","人力運搬機","5","崩壊、倒壊"
"275","2002","平成","14","1","16~17","客先でプラスチック射出成形機の生産性向上テストを実施中、プラスチック成形品が取り出し用自動ロボットに引っかかったので、成形機内に入り手で成形品を取り出したところ、成形機が自動復旧して動き出したため成形品取り出し自動ロボットと機械の支柱との間に胸部を挟まれた。","1","製造業","113","一般機械器具製造業","11301","機械（精密機械を除く）器具製造業","300~499","1","動力機械","16","一般動力機械","164","射出成形機","7","はさまれ、巻き込まれ"
"276","2002","平成","14","1","17~18","焼却炉の減温塔を清掃するための足場を内部に組立中、開口部より墜落して2.3m下の補強用プレートに当たり、さらに2m下の足場上に墜落した。","3","建設業","302","建築工事業","30209","その他の建築工事業","10~29","4","仮設物、建築物、構築物等","41","仮設物、建築物、構築物等","414","開口部","1","墜落、転落"
"277","2002","平成","14","1","16~17","梁上で屋根下地用のベニヤ板70枚の束(約800キログラム)を移動式クレーン(吊上げ荷重10t)で梁上に降ろし、もう1束を隣りに降ろそうとしたが吊り荷で挟まれてしまうおそれがあるので移動していたときに、高さ3.7mの梁上よりコンクリート床上に頭から墜落した。","3","建設業","302","建築工事業","30202","木造家屋建築工事業","1~9","4","仮設物、建築物、構築物等","41","仮設物、建築物、構築物等","415","屋根、はり、もや、けた、合掌","1","墜落、転落"
"278","2002","平成","14","1","11~12","客先の天井クレーンの月例点検で、つり上げ荷重10.2tの天井クレーンのブレーキライニング部を調整中、クレーンの巻き上げドラムに巻き込まれた。","17","その他の事業","1702","その他の事業","170209","その他の事業－その他","100~299","2","物上げ装置、運搬機械","21","動力クレーン等","211","クレーン","7","はさまれ、巻き込まれ"
"279","2002","平成","14","2","12~13","公共下水道工事において、立坑掘削作業箇所の掘削が終了したので車両系建設機械を立坑掘削作業箇所に移動させるため、誘導者が車道中央に向かい移動したときに走行してきた乗用車にはね飛ばされ、さらに対向車線の車両にもはね飛ばされた。","17","その他の事業","1702","その他の事業","170201","警備業","50~99","2","物上げ装置、運搬機械","23","乗物","231","乗用車、バス、バイク","17","交通事故（道路）"
"280","2002","平成","14","2","15~16","マンション新築工事現場の入口で、警備員が生コン車の現場入場の誘導をするため公道へ出たところ、走行してきたトラックに跳ねられた。","17","その他の事業","1702","その他の事業","170201","警備業","30~49","2","物上げ装置、運搬機械","22","動力運搬機","221","トラック","17","交通事故（道路）"
"281","2002","平成","14","3","6~7","建設予定現場の下見のため自動二輪車で国道を走行中、交差点で右折してきたワゴン車と衝突した。","3","建設業","301","土木工事業","30199","その他の土木工事業","1~9","2","物上げ装置、運搬機械","23","乗物","231","乗用車、バス、バイク","17","交通事故（道路）"
"282","2002","平成","14","11","15~16","シルバー人材センター敷地内において、高さ約4mの庭木の剪定作業を脚立に乗って行っていて墜落した。","17","その他の事業","1702","その他の事業","170209","その他の事業－その他","10~29","3","その他の装置等","37","用具","371","はしご等","1","墜落、転落"
"283","2002","平成","14","3","5~6","トラックで配送先へ向かう途中、用を足したくなり車から出てしばらくしても戻って来ないので同乗の妻が付近を探したところ、ガードレール下4.5m下の用水路に転落していた。","4","運輸交通業","403","道路貨物運送業","40301","一般貨物自動車運送業","1~9","9","その他","91","その他の起因物","911","その他の起因物","1","墜落、転落"
"284","2002","平成","14","3","10~11","簡易リフトで倉庫3階フロアから1階へゴム長靴を梱包したダンボール箱3個を出庫する作業中、リフト搬器内にいて動き出した搬器とフロアとの間に胸部を挟まれた。","8","商業","801","卸売業","80109","その他の卸売業","50~99","2","物上げ装置、運搬機械","21","動力クレーン等","214","エレベータ、リフト","7","はさまれ、巻き込まれ"
"285","2002","平成","14","3","14~15","塩化ビニル製の消毒槽の製造工程において、加圧成形機の上型と下型(40センチメートル×67.5センチメートル)との間に頭、左肩を挟まれた。","1","製造業","108","化学工業","10805","プラスチック製品製造業","30~49","1","動力機械","16","一般動力機械","169","その他の一般動力機械","7","はさまれ、巻き込まれ"
"286","2002","平成","14","3","21~22","ダイカスト用亜鉛合金インゴットの鋳造作業中、自動運転中のインゴット積重機の製品昇降テーブルと架台との間に頭部を挟まれた。","1","製造業","111","非鉄金属製造業","11101","非鉄金属精錬・圧延業","30~49","2","物上げ装置、運搬機械","21","動力クレーン等","219","その他の動力クレーン等","7","はさまれ、巻き込まれ"
"287","2002","平成","14","3","11~12","養鶏場から死んだ鶏を処分場に運ぶため軽トラックで走行中、赤信号を無視して交差点に進入してきた普通トラックと交差点内で衝突した。","7","畜産・水産業","701","畜産業","70101","畜産業","1~9","2","物上げ装置、運搬機械","22","動力運搬機","221","トラック","17","交通事故（道路）"
"288","2002","平成","14","3","11~12","民有地の外構工事において、敷設してあった鉄板(1540×3060×19ミリメートル、質量710キログラム)の中心に横吊り用クランプを取付け、他端のワイヤーロープをドラグショベルのバケットに溶接しフックに掛けて一本吊りしていたところ、鉄板がクランプから外れて落下し鉄板の下敷きとなった。","3","建設業","301","土木工事業","30199","その他の土木工事業","1~9","3","その他の装置等","37","用具","372","玉掛用具","4","飛来、落下"
"289","2002","平成","14","2","16~17","伐採作業が終了して現場から社用車で事務所に戻るため町道を走行中、道路から田んぼに転落し、車ははずみで道路側にあった民家の土留めブロックに激突して助手席に乗っていた者が死亡した。","6","農林業","602","林業","60201","木材伐出業","30~49","2","物上げ装置、運搬機械","23","乗物","231","乗用車、バス、バイク","17","交通事故（道路）"
"290","2002","平成","14","3","0~1","10tトラックへフォークリフトを用いて杉丸太の積み込作業中、トラックが後方へ動き出したのでフォークリフトを飛び降り後進を止めようとしてトラックの荷台と他のトラックの前部との間に挟まれた。","4","運輸交通業","403","道路貨物運送業","40301","一般貨物自動車運送業","1~9","2","物上げ装置、運搬機械","22","動力運搬機","221","トラック","7","はさまれ、巻き込まれ"
"291","2002","平成","14","2","17~18","工事現場での作業が終了したワゴン車で会社に戻る途中、対向車線を走行中の乗用車がセンターラインをはみ出してきて衝突した。","3","建設業","301","土木工事業","30104","鉄道軌道建設工事業","1~9","2","物上げ装置、運搬機械","23","乗物","231","乗用車、バス、バイク","17","交通事故（道路）"
"292","2002","平成","14","3","18~19","ヘリウムガス洩れ検査装置の気密検査(容器の内部に圧縮空気を注入)中、溶接部が破断して容器が破裂し、破片(ステンレス製の平板)が後頭部に当った。","1","製造業","113","一般機械器具製造業","11301","機械（精密機械を除く）器具製造業","500~999","3","その他の装置等","37","用具","379","その他の用具","15","破裂"
"293","2002","平成","14","2","10~11","高架橋建設工事において、用水路に張っていた防護ネットを移動式クレーンで撤去するため1個目のネットを移動式クレーンで吊り上げネットをおろそうとしていたときに、用水路の擁壁上で作業していた者が用水路に転落し、2時間後に約4.2キロメートル下流の用水路の貯水池で発見された。","3","建設業","301","土木工事業","30105","橋梁建設工事業","10~29","4","仮設物、建築物、構築物等","41","仮設物、建築物、構築物等","418","建築物、構築物","10","おぼれ"
"294","2002","平成","14","3","10~11","国道改築工事で、汚水のダム内への進入を防止する土嚢が置かれていたが、ダムの水位が上昇したのでもう一段土嚢を積み上げる作業を行っていたときに、一段目の土嚢上で合図作業をしていた者が足場にしていた土嚢がダム内に滑ったため一緒にダム内に落ち水死した。","3","建設業","301","土木工事業","30106","道路建設工事業","50~99","7","環境等","71","環境等","713","水","10","おぼれ"
"295","2002","平成","14","3","15~16","工作機械の前後移動用油圧シリンダーの交換作業で新しいシリンダーを取付けるため機械下部の位置合わせ中、シリンダーが突然伸びて取付け部分に激突して、機械が前に押し出され頭部を挟まれた。","3","建設業","303","その他の建設業","30302","機械器具設置工事業","50~99","1","動力機械","16","一般動力機械","169","その他の一般動力機械","7","はさまれ、巻き込まれ"
"296","2002","平成","14","3","5~6","ブリキの冷延に使用する鋼製ロール(直径43センチメートル、長さ3.5m)にショットブラストで表面処理を行う作業中、鋼製ロールに付いた油を除去しようとして検査台車の硬製ゴムロールと鋼製ロールとの間に右手を挟まれ、台車から落下したロールに頭部を挟まれた。","1","製造業","112","金属製品製造業","11209","その他の金属製品製造業","300~499","1","動力機械","15","金属加工用機械","159","その他の金属加工用機械","7","はさまれ、巻き込まれ"
"297","2002","平成","14","3","10~11","ゴルフ練習場内に倒れていた松の倒木を撤去するため、トラクタショベルで取付け道路を下っていたときに、路肩から転落しトラクタショベルの下敷になった。","14","接客娯楽業","1401","旅館業","140101","旅館業","10~29","1","動力機械","14","建設機械等","149","その他の建設機械等","1","墜落、転落"
"298","2002","平成","14","5","15~16","クレーン(最大吊り上げ能力55t)で10tトラックからケーシングチューブ(長さ1.9m、径1.7m、重さ2.5t)の積み下ろし作業中、ワイヤーロープの片方のフックがはずれたため、チューブが立ち上がり腹部を直撃れた。","4","運輸交通業","403","道路貨物運送業","40301","一般貨物自動車運送業","10~29","2","物上げ装置、運搬機械","21","動力クレーン等","211","クレーン","4","飛来、落下"
"299","2002","平成","14","3","8~9","道路を舗装するために幅を計測して赤スプレーでマーキングする作業中、バックホーが作業場に入ってきたので通り過ぎるのを待ち、バックホーが停車した後作業を再開したときに、バックホーがバックしてきたためキャタピラに巻込まれた。","3","建設業","301","土木工事業","30106","道路建設工事業","1~9","1","動力機械","14","建設機械等","142","掘削用機械","7","はさまれ、巻き込まれ"
"300","2002","平成","14","4","17~18","農業用水配水管埋設のため掘削した溝の中で、クラムシェルにより降ろした土砂をドラグショベルで切梁下へ敷き均していたときに、ドラグショベルが後退したためドラグショベルの走行レバーと後方に設置されていた切梁との間に挟まれた。","3","建設業","301","土木工事業","30107","河川土木工事業","30~49","1","動力機械","14","建設機械等","141","整地・運搬・積込み用機械","7","はさまれ、巻き込まれ"
"301","2002","平成","14","4","16~17","農機具格納庫の中二階からビニールハウス用のビニールを投げ降ろしていて、2.35m下のコンクリート床面に転落した。","6","農林業","601","農業","60101","農業","1~9","4","仮設物、建築物、構築物等","41","仮設物、建築物、構築物等","416","作業床、歩み板","1","墜落、転落"
"302","2002","平成","14","4","14~15","坑口より約1000m付近でNATM工法により切羽掘削作業を行っていたところ、切羽が高さ約3m、幅約1.5mほど崩れて岩塊に直撃された。","3","建設業","301","土木工事業","30102","トンネル建設工事業","100~299","7","環境等","71","環境等","711","地山、岩石","5","崩壊、倒壊"
"303","2002","平成","14","4","11~12","基礎の掘削作業で深さ1.4mのところで床付作業を行っていたところ、壁面が突然崩落し土砂に埋まった。","3","建設業","302","建築工事業","30201","鉄骨・鉄筋コンクリート造家屋建築工事業","30~49","7","環境等","71","環境等","711","地山、岩石","5","崩壊、倒壊"
"304","2002","平成","14","4","9~10","社宅新築工事で、既設木造2階建建物を解体して出た廃材を搬出するため、10tダンプトラックの荷台に乗り、クランプアタッチメントを取り付けたバックホーでの廃材積みの誘導及び荷台上の廃材の整頓作業を行っていたときに、荷台上から約3m下のアスファルト上へ墜落した。","3","建設業","302","建築工事業","30209","その他の建築工事業","1~9","2","物上げ装置、運搬機械","22","動力運搬機","221","トラック","1","墜落、転落"
"305","2002","平成","14","3","13~14","交通安全施設(標識、ガードレール、カーブミラー)の新設・補修工事で出た廃材を積載型トラッククレーンへ積み込む作業中、移動するために積載型トラッククレーンを動かし始めたとき左前方車輪に接触した。","3","建設業","301","土木工事業","30199","その他の土木工事業","30~49","2","物上げ装置、運搬機械","22","動力運搬機","221","トラック","7","はさまれ、巻き込まれ"
"306","2002","平成","14","1","15~16","完成したえん堤を撮影するため、えん堤上流側に降雨等により堆積した土砂をドラグショベルで掘削したのち、えん堤の最下部の床掘部分に残った土砂を2人でスコップ、ジョレンで平らに均す作業を行なっていたときに、上部の法面が高さ約9m、約12mにわたり崩壊し生き埋めとなった。","3","建設業","301","土木工事業","30108","砂防工事業","1~9","7","環境等","71","環境等","711","地山、岩石","5","崩壊、倒壊"
"307","2002","平成","14","1","15~16","完成したえん堤を撮影するため、えん堤上流側に降雨等により堆積した土砂をドラグショベルで掘削したのち、えん堤の最下部の床掘部分に残った土砂を2人でスコップ、ジョレンで平らに均す作業を行なっていたときに上部の法面が高さ約9m、幅約12mにわたり崩壊し生き埋めとなった。","3","建設業","301","土木工事業","30108","砂防工事業","1~9","7","環境等","71","環境等","711","地山、岩石","5","崩壊、倒壊"
"308","2002","平成","14","2","8~9","荷卸しを終えて帰社のためトラックで国道を走行中、対向車がセンターラインを越えてきて正面衝突した。","8","商業","801","卸売業","80109","その他の卸売業","10~29","2","物上げ装置、運搬機械","22","動力運搬機","221","トラック","17","交通事故（道路）"
"309","2002","平成","14","1","14~15","2tトラックの助手席に乗って配達先から会社へ戻る途中、国道上で運転者がジュースを取ろうと脇見をしてハンドル操作を誤り、トラックの片輪が歩道に乗り上げて約10m走行した後、歩道上の電柱に激突したため胸などを強打した。","4","運輸交通業","403","道路貨物運送業","40301","一般貨物自動車運送業","30~49","2","物上げ装置、運搬機械","22","動力運搬機","221","トラック","17","交通事故（道路）"
"310","2002","平成","14","4","3~4","荷卸し作業が終了したので後部ドアを閉めようとトラックの後部にまわりこんだときに、サイドブレーキが完全に引かれていなかったため、トラックが後退しトラックとホームとの間に挟まれた。","4","運輸交通業","403","道路貨物運送業","40301","一般貨物自動車運送業","100~299","2","物上げ装置、運搬機械","22","動力運搬機","221","トラック","7","はさまれ、巻き込まれ"
"311","2002","平成","14","3","14~15","11tトラックで資材置場へ土を運搬中、交差点を右折しようとしたところに直進してきた11tトラックと衝突した。","3","建設業","302","建築工事業","30201","鉄骨・鉄筋コンクリート造家屋建築工事業","1~9","2","物上げ装置、運搬機械","22","動力運搬機","221","トラック","17","交通事故（道路）"
"312","2002","平成","14","4","15~16","道路工事現場でトラックの荷台からアスファルト合材を工事用の機械に投入していて、荷台より落下し頭部を強打した。","3","建設業","301","土木工事業","30106","道路建設工事業","10~29","2","物上げ装置、運搬機械","22","動力運搬機","221","トラック","1","墜落、転落"
"313","2002","平成","14","11","11~12","店舗の向側にある銀行へ向かうため国道を徒歩で横断中、左方向から来た普通貨物自動車に跳ねられた。","8","商業","802","小売業","80209","その他の小売業","1~9","2","物上げ装置、運搬機械","22","動力運搬機","221","トラック","17","交通事故（道路）"
"314","2002","平成","14","9","5~6","コンクリート柱7本を積んで14tトラックで国道を走行中、交差点の赤信号で停車していた大型トラックに追突した。","4","運輸交通業","403","道路貨物運送業","40301","一般貨物自動車運送業","50~99","2","物上げ装置、運搬機械","22","動力運搬機","221","トラック","17","交通事故（道路）"
"315","2002","平成","14","4","15~16","立体駐車場(地下、車2台を上下に収納する構造)の点検作業中に、駆動チェーンのピンの1つが外れているのを発見したので車2台を収納した状態の搬器を最上方に揚げ隣の搬器を下げて、その床上でハンマー等を用いて駆動チェーンの応急措置を行っていたところ、チェーンが切れて搬器が落下し搬器とピットとの間に挟まれた。","17","その他の事業","1702","その他の事業","170209","その他の事業－その他","1~9","2","物上げ装置、運搬機械","22","動力運搬機","229","その他の動力運搬機","7","はさまれ、巻き込まれ"
"316","2002","平成","14","1","16~17","農道の排水路工事において、トラックを運転して埋め立て用の土砂を降ろしたのち床均し作業を行っていたところ、近接して重機作業をしていたドラクショベル運転手が気づかずにバケットを旋回させたため、トラックの運転手を直撃しトラックのあおり部分との間に頭部を挟まれた。","3","建設業","301","土木工事業","30107","河川土木工事業","1~9","1","動力機械","14","建設機械等","142","掘削用機械","6","激突され"
"317","2002","平成","14","2","0~1","橋梁補修工事において、橋梁基礎補強のための「場所打ち杭」の作業でクローラークレーンでケーシング鋼管(長さ3m、直径1.5m)を吊り上げ連結していたところ、連結部分がはずれて手前に振られた形となり、ケーシングと既設の杭(地上部に出ていた杭継ぎ足し用鉄筋部分)との間に頭部を挟まれた。","3","建設業","301","土木工事業","30105","橋梁建設工事業","1~9","2","物上げ装置、運搬機械","21","動力クレーン等","212","移動式クレーン","6","激突され"
"318","2002","平成","14","10","11~12","給食センターの天井裏で、空調ダクトのフィルター交換の補助作業を行っていて天井床(格子状のアルミ製梁に石膏ボードがネジ止めされて断熱材が敷詰められている)に載ったときに石膏ボードを踏み抜き、さらにアルミ製梁の取り付け部分が外れたため4.5m下のコンクリート床に墜落した。","15","清掃・と畜業","1501","清掃・と畜業","150101","ビルメンテナンス業","30~49","4","仮設物、建築物、構築物等","41","仮設物、建築物、構築物等","415","屋根、はり、もや、けた、合掌","1","墜落、転落"
"319","2002","平成","14","3","22~23","上水道管内の錆落し工事において、縦抗を鉄板で養生しその上に仮設の歩道を確保した状況を写すため、車道に出ていたときに直進してきた車に轢かれた。","3","建設業","302","建築工事業","30203","建築設備工事業","30~49","2","物上げ装置、運搬機械","23","乗物","231","乗用車、バス、バイク","17","交通事故（道路）"
"320","2002","平成","14","4","11~12","エレベーターの囲いの無い搬器(150センチメートル×250センチメートル)に商品搬送用のキャスター付コンテナ(幅58×奥行81×高さ155センチメートル)4個と共に乗り込み、エレベーターを操作して3階倉庫に向かう途中、搬器上のコンテナが昇降路のフレームに引っかかって、押し潰されたコンテナが倒れてきてコンテナと昇降路との間に挟まれた。","1","製造業","101","食料品製造業","10109","その他の食料品製造業","100~299","2","物上げ装置、運搬機械","21","動力クレーン等","214","エレベータ、リフト","7","はさまれ、巻き込まれ"
"321","2002","平成","14","3","2~3","10tトラックで営業所から本社に向かって走行中、道路を逸脱してトラックごと川に転落し、運転手は全身打撲で死亡、助手が軽傷を負った。","4","運輸交通業","403","道路貨物運送業","40301","一般貨物自動車運送業","10~29","2","物上げ装置、運搬機械","22","動力運搬機","221","トラック","17","交通事故（道路）"
"322","2002","平成","14","10","3~4","トラックで高速道の片側2車線の右側を走行中、前方を走っていたトラックが左へ車線変更して前方を走行していたトラックの後部に追突したため、追突されたトラックが左側の路肩に激突して右車線まで横転したところへ衝突した。","4","運輸交通業","403","道路貨物運送業","40301","一般貨物自動車運送業","10~29","2","物上げ装置、運搬機械","22","動力運搬機","221","トラック","17","交通事故（道路）"
"323","2002","平成","14","3","17~18","海産物を積んだトラック(最大積載荷重10t)で走行中、アクアライン入口の右カーブで後輪がスリップして車体が振れ、右側の道路壁に車体が衝突した。","4","運輸交通業","403","道路貨物運送業","40301","一般貨物自動車運送業","30~49","2","物上げ装置、運搬機械","22","動力運搬機","221","トラック","17","交通事故（道路）"
"324","2002","平成","14","4","16~17","鉄骨スレート葺1階建て駐車場解体のため屋根上でスレートの撤去を行っていたときに、明かり取り(塩ビ製波板)を踏み抜き高さ5.1m下の1階土間コンクリートへ墜落した。","3","建設業","302","建築工事業","30209","その他の建築工事業","50~99","4","仮設物、建築物、構築物等","41","仮設物、建築物、構築物等","415","屋根、はり、もや、けた、合掌","9","踏み抜き"
"325","2002","平成","14","3","7~8","駐車場から店にパンを搬入し、空台車を押して車に戻る途中、店員が運転していたバイクに激突して転倒し頭部を強打した。","4","運輸交通業","403","道路貨物運送業","40301","一般貨物自動車運送業","100~299","2","物上げ装置、運搬機械","23","乗物","231","乗用車、バス、バイク","6","激突され"
"326","2002","平成","14","3","6~7","百貨店へ板ガラスを軽トラックで搬送し帰社のため国道を走行中、側壁に激突した。","17","その他の事業","1702","その他の事業","170209","その他の事業－その他","50~99","2","物上げ装置、運搬機械","22","動力運搬機","221","トラック","17","交通事故（道路）"
"327","2002","平成","14","3","3~4","出張業務が終了し乗用車で自動車道を走行中、後続のトラック(10t車)に追突された。","8","商業","801","卸売業","80109","その他の卸売業","1~9","2","物上げ装置、運搬機械","23","乗物","231","乗用車、バス、バイク","17","交通事故（道路）"
"328","2002","平成","14","4","11~12","現場から現場へ2台の高所作業車で移動中、前を走行していた高所作業車が荷を落として停車したのを後の高所作業車が気付かずに追突し、助手席に同乗していた者が死亡した。","17","その他の事業","1702","その他の事業","170201","警備業","100~299","2","物上げ装置、運搬機械","22","動力運搬機","221","トラック","17","交通事故（道路）"
"329","2002","平成","14","4","15~16","掘削作業の際に大量に水が流出したので、対処のために構内に水張り部を作ることになり、中間杭の周囲の足場板を少しずらしてその上に更に足場板を敷き番線で留める作業を行なっていたが、立入禁止の足場下に降りて作業を行なっていた者が行方不明になり水中で発見された。","3","建設業","302","建築工事業","30201","鉄骨・鉄筋コンクリート造家屋建築工事業","10~29","7","環境等","71","環境等","713","水","10","おぼれ"
"330","2002","平成","14","3","15~16","納屋の新築工事において、一側ブラケット足場上(高さ約4.2m)で外部真壁の下地塗り作業を行っていて足場の内側より墜落し、一階窓の庇でバウンドしたのち、足場の外側にあるアスファルト道路横のコンクリートの蓋で覆われた水路上に墜落した。","3","建設業","302","建築工事業","30202","木造家屋建築工事業","1~9","4","仮設物、建築物、構築物等","41","仮設物、建築物、構築物等","411","足場","1","墜落、転落"
"331","2002","平成","14","4","15~16","農家の共有道をコンクリートで補修する作業中、コンクリートを積んだ最大積載量が1.2tの不整地運搬車で共有道から進入路(幅1.8m)へ進入した直後に、進入路から1.4m下の田へ転落しその下敷きになった。","3","建設業","301","土木工事業","30199","その他の土木工事業","30~49","2","物上げ装置、運搬機械","22","動力運搬機","227","不整地運搬車","1","墜落、転落"
"332","2002","平成","14","4","5~6","ダイカスト部品(約3t)を積んだ10tトラックで国道を走行中、右カーブの場所で道路左側に飛び出して高さ約7m下の川に転落した。","4","運輸交通業","403","道路貨物運送業","40301","一般貨物自動車運送業","10~29","2","物上げ装置、運搬機械","22","動力運搬機","221","トラック","17","交通事故（道路）"
"333","2002","平成","14","1","15~16","書類受け渡しのため自動車で走行中、前方を走行中のトレーラーの運転席側に接触し、その弾みでもう1台前方の車輌に接触したのち、対向車線にはみ出し対向車線を走行中のトレーラと正面衝突した。","4","運輸交通業","403","道路貨物運送業","40301","一般貨物自動車運送業","30~49","2","物上げ装置、運搬機械","22","動力運搬機","221","トラック","17","交通事故（道路）"
"334","2002","平成","14","8","16~17","工場内の「防災池緊急拡張工事」の防災池内に設けられた取付道路をドラグショベルで走行していたところ、防災池の南斜面が崩壊したためドラグショベルが崩壊した土砂に押し流されて約10m下の防災池に転落し、崩壊した土砂に押しつぶされた。","3","建設業","301","土木工事業","30199","その他の土木工事業","1~9","7","環境等","71","環境等","711","地山、岩石","5","崩壊、倒壊"
"335","2002","平成","14","7","5~6","食品団地の配送センターからスーパーへ食品を配送するため保冷車(4t)で県道を走行中、反対車線を走行していたトラックがはみ出してきて正面衝突した。","4","運輸交通業","403","道路貨物運送業","40301","一般貨物自動車運送業","50~99","2","物上げ装置、運搬機械","22","動力運搬機","221","トラック","17","交通事故（道路）"
"336","2002","平成","14","3","1~2","空港国際線ターミナルビルのボーディングブリッジ(旅客搭乗橋)定期補修作業で、高さ2.2mの移動足場に乗り目視点検を終えて地上に降りようとしてバランスを崩し転落した。","3","建設業","303","その他の建設業","30302","機械器具設置工事業","1~9","4","仮設物、建築物、構築物等","41","仮設物、建築物、構築物等","411","足場","1","墜落、転落"
"337","2002","平成","14","4","11~12","工場内の回収酸タンク新設工事現場において、トラックで搬入したタンクの屋根部材(ステンレス鋼板、長さ7.5m、質量300キログラム)10枚をトラッククレーン(つり上荷重:110t)で吊り上げ仮置き場に運搬していたときに、荷がベルトスリングから外れ合図者の上に落下した。","3","建設業","303","その他の建設業","30302","機械器具設置工事業","10~29","3","その他の装置等","37","用具","372","玉掛用具","4","飛来、落下"
"338","2002","平成","14","3","15~16","工事資材を1階から地下へ下ろす作業で、同僚と二人で1階床ハッチ(重さ67キログラム、133センチメートル×88センチメートル)を外すためにハッチを少し手前にひいたところ、ハッチが枠縁から脱落してハッチとともに5.5m下の地下1階コンクリート床上に墜落した。","3","建設業","302","建築工事業","30203","建築設備工事業","1~9","4","仮設物、建築物、構築物等","41","仮設物、建築物、構築物等","414","開口部","1","墜落、転落"
"339","2002","平成","14","4","9~10","船のエンジン修理を行う前にエンジンの不具合を確認するため、漁港沖合い500m付近で漁船の試運転中に船から海に墜落しおぼれた。","1","製造業","117","その他の製造業","11702","機械修理業","1~9","2","物上げ装置、運搬機械","23","乗物","239","その他の乗物","10","おぼれ"
"340","2002","平成","14","4","11~12","発電設備であるガスタービンの鉄製防音カバー(天井部分と側壁2面がボルトにより結合されたもので、質量約1.1t)内側のシート張りと解体作業中、倒壊防止のための補強が不十分であったためカバー倒壊し、中で作業していた2名のうち1名がカバーの下敷きになり死亡し、1名が骨盤、脚を骨折した。","1","製造業","112","金属製品製造業","11209","その他の金属製品製造業","1~9","5","物質、材料","52","材料","521","金属材料","5","崩壊、倒壊"
"341","2002","平成","14","3","9~10","ブロック積擁壁設置工事のコンクリート打設作業で、ドラグショベル(機体質量9220キログラム)のバケット(容量0.5立方メートル)のフックにワイヤーをかけて吊る作業が終了したので、県道上でバケットをショベルのバケットフックから外しているときに、ショベルのバケットとコンクリートバケットとの間に身体を挟まれ死亡した。","3","建設業","301","土木工事業","30106","道路建設工事業","10~29","1","動力機械","14","建設機械等","141","整地・運搬・積込み用機械","7","はさまれ、巻き込まれ"
"342","2002","平成","14","3","1~2","トラックで走行中、バイパス付近の左側側壁に衝突した反動で対向車線に飛び出し、対向車(10tトラック)と正面衝突した。","4","運輸交通業","403","道路貨物運送業","40301","一般貨物自動車運送業","10~29","2","物上げ装置、運搬機械","23","乗物","231","乗用車、バス、バイク","17","交通事故（道路）"
"343","2002","平成","14","2","6~7","下水道工事の竣工検査の打合せのため社有車を運転して走行中、反対車線を走っていた自動車と正面衝突した。","3","建設業","301","土木工事業","30199","その他の土木工事業","30~49","2","物上げ装置、運搬機械","23","乗物","231","乗用車、バス、バイク","17","交通事故（道路）"
"344","2002","平成","14","8","7~8","サラブレット3歳の騎乗調教中、馬がつまづいたため前方へ投げ出されて背中から落馬した。","7","畜産・水産業","701","畜産業","70101","畜産業","10~29","7","環境等","71","環境等","719","その他の環境等","1","墜落、転落"
"345","2002","平成","14","4","11~12","建設中の橋桁橋面上で壁高欄(欄干)のコンクリート打設作業中、「ドン」という音が3回聞こえたので型枠の底板が下がったものと考えてブラケット足場に下りて底板を確認していたときに、突然型枠支保工と足場が長さ22mにわたり崩壊し17.2m下の地面に落下した。","3","建設業","301","土木工事業","30105","橋梁建設工事業","100~299","4","仮設物、建築物、構築物等","41","仮設物、建築物、構築物等","411","足場","5","崩壊、倒壊"
"346","2002","平成","14","6","1~2","トラックに荷物を積んで走行中、ハンドルの操作を誤って中央分離帯を越えて反対車線のトラックに衝突した。","4","運輸交通業","403","道路貨物運送業","40301","一般貨物自動車運送業","1~9","2","物上げ装置、運搬機械","22","動力運搬機","221","トラック","17","交通事故（道路）"
"347","2002","平成","14","4","8~9","採石場内において、近くの工事現場で発生した土を再利用するため仮置きすることとなり、ダンプによる搬入に備えホイールローダー(17t)を使用し掻き揚げを行っていたところ、高さ約5mの頂上付近でホイールローダーが転落し運転室が圧潰した。","2","鉱業","202","土石採取業","20201","採石業","1~9","1","動力機械","14","建設機械等","141","整地・運搬・積込み用機械","1","墜落、転落"
"348","2002","平成","14","1","14~15","工事で使用した資材をケ-ブルクレ-ンで吊り上げ移動中、ウインチ運転者に合図をしていた者が40m下の林道に転落した。","3","建設業","301","土木工事業","30199","その他の土木工事業","10~29","7","環境等","71","環境等","711","地山、岩石","1","墜落、転落"
"349","2002","平成","14","1","14~15","機械を停止して生コンプラントのミキサー及びホッパー内でミキサー内部のライナー(鉄板)を張り替えていたところ、突然ゲートが閉まり首と肩を挟まれた。","1","製造業","109","窯業土石製品製造業","10901","セメント・同製品製造業","10~29","1","動力機械","16","一般動力機械","162","混合機、粉砕機","7","はさまれ、巻き込まれ"
"350","2002","平成","14","4","17~18","車を納車して事業場へ帰るため国道を走行中、運転していたトラックが左側ガードレールの衝突した。","8","商業","802","小売業","80202","自動車小売業","1~9","2","物上げ装置、運搬機械","22","動力運搬機","221","トラック","17","交通事故（道路）"
"351","2002","平成","14","3","11~12","船体ブロックに吊り足場を設置する作業において、組立中の吊り足場び吊り具(帯鋼 支持材)が座屈して作業床が大きく傾いたため、約11m下の地上に墜落した。","1","製造業","115","輸送用機械等製造業","11501","造船業","10~29","4","仮設物、建築物、構築物等","41","仮設物、建築物、構築物等","411","足場","1","墜落、転落"
"352","2002","平成","14","3","17~18","桟橋に停泊中の渡船に当日の午前中に貸し出していた灯油のポリ缶容器を回収するため、貨物自動車で行き桟橋より約7.0m下の海底まで貨物自動車ごと転落した。","8","商業","802","小売業","80204","燃料小売業","1~9","2","物上げ装置、運搬機械","22","動力運搬機","221","トラック","18","交通事故（その他）"
"353","2002","平成","14","3","11~12","邸宅のソーラー温水器の取外し工事で、ソーラーパネル(長さ1.5m、幅1m、厚さ0.85m、質量25キログラム)を2名で伸縮式はしご(長さ7.15m)を利用して降りていたところ、はしごの上部より1.92mのところではしごが折れ、1名が高さ約5mのところより転落した。","3","建設業","303","その他の建設業","30302","機械器具設置工事業","1~9","3","その他の装置等","37","用具","371","はしご等","1","墜落、転落"
"354","2002","平成","14","3","13~14","昼休憩が終わって砕石プラントを再始動させる前に、ベルトコンベアー等のプラントの状況を点検するためプラントの架設通路を歩行中、通路の手すりが設けられていなかった箇所から約3.6m下の砂利地面上に墜落した。","2","鉱業","202","土石採取業","20209","その他の土石採取業","10~29","4","仮設物、建築物、構築物等","41","仮設物、建築物、構築物等","417","通路","1","墜落、転落"
"355","2002","平成","14","3","13~14","遠隔操作の定置常用エンジン発電機(定格出力545KVA)のエンジンファンのカバーを外してラジエターの清掃作業中、他社の労働者が作動ボタンをONにしたため、エンジンが作動しエンジンのファンに頭部が挟まれた。","1","製造業","117","その他の製造業","11702","機械修理業","10~29","3","その他の装置等","35","電気設備","352","電力設備","7","はさまれ、巻き込まれ"
"356","2002","平成","14","3","3~4","夜間に道路の補修作業をしていたところへ飲酒運転の一般車両が突っ込み、作業員1名死亡、1名が重傷を負った。","3","建設業","301","土木工事業","30106","道路建設工事業","10~29","2","物上げ装置、運搬機械","23","乗物","231","乗用車、バス、バイク","17","交通事故（道路）"
"357","2002","平成","14","4","2~3","トレーラーで県道を走行中、交差点で左側より信号無視で通過した乗用車の側面に衝突し、その弾みで交差点左側信号機に衝突した。","4","運輸交通業","403","道路貨物運送業","40301","一般貨物自動車運送業","30~49","2","物上げ装置、運搬機械","23","乗物","231","乗用車、バス、バイク","17","交通事故（道路）"
"358","2002","平成","14","9","3~4","10tトラックに荷を積み自動車道を走行中、トンネル内で前方を走行していた大型トレーラーに追突した。","4","運輸交通業","403","道路貨物運送業","40301","一般貨物自動車運送業","50~99","2","物上げ装置、運搬機械","22","動力運搬機","221","トラック","17","交通事故（道路）"
"359","2002","平成","14","11","3~4","炊いた飯500キログラムを工場からスーパー等へ配送するため車で国道を走行中、赤信号で停止しようと減速していた10tトラックに追突した。","4","運輸交通業","403","道路貨物運送業","40309","その他の道路貨物運送業","10~29","2","物上げ装置、運搬機械","22","動力運搬機","221","トラック","17","交通事故（道路）"
"360","2002","平成","14","4","11~12","木造家屋の改修工事現場において、屋根塗装作業のため単管足場の2層目を通行していて足を踏み外し、3.9m下の地上へ墜落した。","3","建設業","302","建築工事業","30202","木造家屋建築工事業","1~9","4","仮設物、建築物、構築物等","41","仮設物、建築物、構築物等","411","足場","1","墜落、転落"
"361","2002","平成","14","4","15~16","橋桁工事用のつり足場に設けられたネット上にボルトが落ちていないかを約41m下の地上から双眼鏡を覗きながらチェックし、橋上にいる現場作業員に携帯電話で連絡していた者から連絡がないので探したところ、海に沈んでいた。","3","建設業","302","建築工事業","30209","その他の建築工事業","300~499","4","仮設物、建築物、構築物等","41","仮設物、建築物、構築物等","417","通路","10","おぼれ"
"362","2002","平成","14","4","14~15","店舗の改装工事で、屋外駐車場の下水管を敷設するためを幅約80センチメートル、長さ約7m、深さ約2mにわたり溝掘削を行って排水管(塩ビ製100ミリメートル)を敷設し、排水管の傾斜を確認して溝から出ようとしたときに、幅約70センチメートル、長さ約4m、深さ約2mにわたり側面の土砂が崩壊し生き埋めとなった。","3","建設業","302","建築工事業","30203","建築設備工事業","10~29","7","環境等","71","環境等","711","地山、岩石","5","崩壊、倒壊"
"363","2002","平成","14","3","8~9","ユニットハウス(縦2.3m×横7.5m×高2.6m、重さ約1.5t)床の裏側に断熱材を取り付けるため、組立工場内にある天井クレーン(2.83t)でハウス上部の四隅にある吊ピースにL字型の金具を取り付け玉掛けワイヤーで高さ約1.8mほど吊り上げ、その下で断熱材を取り付ける作業をしていたときに、吊ピースからL字型の金具が四隅とも外れてハウスが落下し下敷きとなった。","1","製造業","112","金属製品製造業","11209","その他の金属製品製造業","1~9","3","その他の装置等","37","用具","372","玉掛用具","4","飛来、落下"
"364","2002","平成","14","4","16~17","フォークリフトを使用して小割材を荷積みする作業中、補助作業者がフォークリフトに接触して轢かれた。","1","製造業","104","木材・木製品製造業","10401","製材業","50~99","2","物上げ装置、運搬機械","22","動力運搬機","222","フォークリフト","6","激突され"
"365","2002","平成","14","10","2~3","冷凍車で高速道を走行中、三重衝突となり最後尾で車線をふさぐように止まった大型トラックに追突した。","4","運輸交通業","403","道路貨物運送業","40301","一般貨物自動車運送業","10~29","2","物上げ装置、運搬機械","22","動力運搬機","221","トラック","17","交通事故（道路）"
"366","2002","平成","14","4","13~14","木造住宅2階建ての建築工事現場で、骨組みの補強のための仮筋かい(木製)を2階部分に上げて運搬中、地上に墜落した。","3","建設業","302","建築工事業","30202","木造家屋建築工事業","1~9","4","仮設物、建築物、構築物等","41","仮設物、建築物、構築物等","415","屋根、はり、もや、けた、合掌","1","墜落、転落"
"367","2002","平成","14","4","15~16","スポンジチタンの製造ラインで、粉砕したスポンジチタンを次工程に搬送するベルトコンベアに全身を巻き込まれた。","1","製造業","111","非鉄金属製造業","11101","非鉄金属精錬・圧延業","300~499","2","物上げ装置、運搬機械","22","動力運搬機","224","コンベア","7","はさまれ、巻き込まれ"
"368","2002","平成","14","3","9~10","天井クレーンの巻上部のブレーキの修理作業を終えクレーンから地上へ降りるため、クレーンガーターの歩道(高さ9m)上からランウェイ上の歩道上へ渡ろうとして足を踏み外し地上に墜落した。","1","製造業","110","鉄鋼業","11002","鋳物業","100~299","2","物上げ装置、運搬機械","21","動力クレーン等","211","クレーン","1","墜落、転落"
"369","2002","平成","14","4","13~14","整備工場において大型トラックのタイヤ交換のためエアコンプレッサーで空気充填を行っていたときに、鉄製リム(環状の部品)が吹き飛んで顔面に当たった。","4","運輸交通業","403","道路貨物運送業","40301","一般貨物自動車運送業","10~29","2","物上げ装置、運搬機械","22","動力運搬機","221","トラック","4","飛来、落下"
"370","2002","平成","14","1","9~10","農業用倉庫の補強及びシャッター出入口の改修工事で、側壁をよじ登って高さ5.30mにある幅6センチメートル、厚さ4センチメートルの胴縁に足を掛け、高さ6.34mの屋根裏に新しくタルキを設置しているときに、バランスを崩しコンクリート床に墜落した。","3","建設業","302","建築工事業","30209","その他の建築工事業","1~9","4","仮設物、建築物、構築物等","41","仮設物、建築物、構築物等","415","屋根、はり、もや、けた、合掌","1","墜落、転落"
"371","2002","平成","14","4","16~17","古紙再生用のサイロ(直径3.5m、高さ約9mの円筒状)へ古紙を溶かした水を供給するための水路(幅3m、高さ1.34mの角型ダクト状パイプ)の上面に直径60センチメートルのマンホールを造るため、水路の中で溶接していてサイロの中へ7.7mの高さから墜落した。","3","建設業","303","その他の建設業","30302","機械器具設置工事業","10~29","3","その他の装置等","39","その他の装置、設備","391","その他の装置、設備","1","墜落、転落"
"372","2002","平成","14","4","11~12","自動車工場内の制御盤電源ケーブル敷設工事において、高さ7mの梁(幅約25センチメートル)上に動力ケーブルをかり渡すため、梁上で動力ケーブルを渡していて墜落した。","3","建設業","303","その他の建設業","30302","機械器具設置工事業","10~29","4","仮設物、建築物、構築物等","41","仮設物、建築物、構築物等","415","屋根、はり、もや、けた、合掌","1","墜落、転落"
"373","2002","平成","14","8","13~14","高さ3.6mの梁上で2階の柱が垂直であるか否かの確認作業を行っていて、1階コンクリート土間上に墜落した。","3","建設業","302","建築工事業","30202","木造家屋建築工事業","1~9","4","仮設物、建築物、構築物等","41","仮設物、建築物、構築物等","415","屋根、はり、もや、けた、合掌","1","墜落、転落"
"374","2002","平成","14","3","11~12","軽トラックを運転して県道を走行中、右折しようとした軽乗用車と衝突して弾みで横転して対向車線に飛び出し、さらに対向車線を直進していた軽乗用車と衝突した。","8","商業","802","小売業","80201","各種商品小売業","1~9","2","物上げ装置、運搬機械","22","動力運搬機","221","トラック","17","交通事故（道路）"
"375","2002","平成","14","3","19~20","出張を終え事務所に帰るため県道を乗用車で走行中、片側一車線の高架上で対向車線を走行していたトレーラーと衝突した。","8","商業","801","卸売業","80109","その他の卸売業","100~299","2","物上げ装置、運搬機械","23","乗物","231","乗用車、バス、バイク","17","交通事故（道路）"
"376","2002","平成","14","4","11~12","エアー鍛造プレス6tの金型の交換作業中、スライドを支えていた角材(165センチメートル×13.5センチメートル×2.5センチメートル)が外れたため、スライドが降下して頭部を挟まれた。","1","製造業","110","鉄鋼業","11001","製鉄・製鋼・圧延業","50~99","1","動力機械","15","金属加工用機械","155","鍛圧ハンマ","7","はさまれ、巻き込まれ"
"377","2002","平成","14","12","11~12","作業道造成予定箇所にあった杉立木に前日の作業で生じたかかり木があったので、グラップルアタッチメントを取り付けたドラグショベルで揺らしてかかり木を倒そうとしたところ、グラップルで揺らした杉立木と近接している他の立木が幹上部で接触し揺れ動き、近接している立木にもかかっていた別のかかり木が突然倒れ落ち激突した。","6","農林業","602","林業","60201","木材伐出業","1~9","7","環境等","71","環境等","712","立木等","6","激突され"
"378","2002","平成","14","3","8~9","ホテルの解体工事現場において、圧砕機(ドラグショベルのアタッチメントを換えたもの)で5階建てビルの屋上に設けられたエレベーターの機械室を解体中、機械室に設置されていた重さ約1tのエレベーター昇降用電動機が圧砕機のアームとブームを伝わって落下し、12.4m下の圧砕機運転席に直撃した。","3","建設業","302","建築工事業","30209","その他の建築工事業","30~49","1","動力機械","14","建設機械等","149","その他の建設機械等","4","飛来、落下"
"379","2002","平成","14","4","10~11","運送業者が運搬してきた積み荷(ヨシズ)をトラック(10t、平ボデイ)の荷台から降ろす作業中、積み荷の上(高さ約3m)から足を滑らせ地上に墜落した。","8","商業","801","卸売業","80109","その他の卸売業","1~9","2","物上げ装置、運搬機械","22","動力運搬機","221","トラック","1","墜落、転落"
"380","2002","平成","14","5","7~8","自動車道インター付近を走行中、事故で渋滞していた前方の車に追突したのち、中央分離帯に再度激突し運転席が押しつぶされた。","4","運輸交通業","403","道路貨物運送業","40301","一般貨物自動車運送業","1~9","2","物上げ装置、運搬機械","22","動力運搬機","221","トラック","17","交通事故（道路）"
"381","2002","平成","14","4","3~4","新聞販売店前の国道にトラック(2.0t)を停車し、その後部で新聞の荷降ろし作業を行っていたところ、後方から来た乗用車に追突され乗用車とトラックとの間に挟まれた。","4","運輸交通業","403","道路貨物運送業","40301","一般貨物自動車運送業","10~29","2","物上げ装置、運搬機械","23","乗物","231","乗用車、バス、バイク","17","交通事故（道路）"
"382","2002","平成","14","4","8~9","軽ワゴン車に乗り建設工事現場に向かう途中、交差点で対向車線で右折待ちの乗用車の横を直進してきたマイクロバスに正面衝突された。","3","建設業","302","建築工事業","30203","建築設備工事業","1~9","2","物上げ装置、運搬機械","23","乗物","231","乗用車、バス、バイク","17","交通事故（道路）"
"383","2002","平成","14","12","4~5","朝刊配達のためバイクで走行中、軽自動車が反対側車線にはみだしてきて正面衝突した。","8","商業","802","小売業","80205","新聞販売業","30~49","2","物上げ装置、運搬機械","23","乗物","231","乗用車、バス、バイク","17","交通事故（道路）"
"384","2002","平成","14","4","13~14","道路新設工事に支障のある立木をチェーンソーで伐倒しようとしたがチェーンソーがはさまり取れなくなったので、ドラグ・ショベルのバケットのフックにワイヤロープを掛けて木をつり上げて外そうとしたときに、木がドラグ・ショベル側に倒れてバウンドして木の近くにいた者の頚部及び頭部に激突した。","3","建設業","301","土木工事業","30106","道路建設工事業","100~299","7","環境等","71","環境等","712","立木等","6","激突され"
"385","2002","平成","14","3","8~9","自宅車庫の解体作業で、天井梁下の地上4.88mの位置にある鉄骨梁(幅6センチメートル)に足を掛けて鉄製の筋交いを固定しているボルトのナットをレンチで緩めようとしたときに、足を踏み外して墜落した。","3","建設業","302","建築工事業","30201","鉄骨・鉄筋コンクリート造家屋建築工事業","1~9","4","仮設物、建築物、構築物等","41","仮設物、建築物、構築物等","415","屋根、はり、もや、けた、合掌","1","墜落、転落"
"386","2002","平成","14","4","10~11","物流センターの庇下(高さ約5.6m)に吊下型水銀灯取付けのため、フォークにパレット6段を積みその上に乗って作業を行い、安全帯を外してリフトが下がるのを待っていたところ、オペレーターが操作レバーを間違えフォークリフトを前進させたため、バランスを崩し墜落した。","3","建設業","303","その他の建設業","30301","電気通信工事業","1~9","2","物上げ装置、運搬機械","22","動力運搬機","222","フォークリフト","1","墜落、転落"
"387","2002","平成","14","4","18~19","廃プラスチックによる成形材料(樹脂ペレット)製造工場で、製品置き場の2段積みのはい(荷姿コンテナバッグ、質量500キログラム)のうち、上段のコンテナバッグが荷崩れ(落下)し下敷きとなった。","1","製造業","108","化学工業","10805","プラスチック製品製造業","10~29","6","荷","61","荷","611","荷姿の物","4","飛来、落下"
"388","2002","平成","14","3","8~9","トラックの荷台上でフォークリフトから荷を積み終えたフォークリフトのマストを伝って運転席に降りようとしたときに、マストを前傾させるチルトレバーに足をかけたためマストが前傾し、マストとヘッドガードとの間に腹部を挟まれた。","8","商業","801","卸売業","80109","その他の卸売業","10~29","2","物上げ装置、運搬機械","22","動力運搬機","222","フォークリフト","7","はさまれ、巻き込まれ"
"389","2002","平成","14","3","20~21","住込みで管理するマンションの夜間定期巡回中、烏の巣を除去する必要があるかどうかを確認するため3階屋根の端から身を乗り出して巣があると思われる樹木を上から確認しようとしたときに地上まで墜落した。","17","その他の事業","1702","その他の事業","170209","その他の事業－その他","500~999","4","仮設物、建築物、構築物等","41","仮設物、建築物、構築物等","415","屋根、はり、もや、けた、合掌","1","墜落、転落"
"390","2002","平成","14","3","7~8","岩石破砕機のホッパー内において、ホッパー中央部の溝周辺に詰まった石を手で掻き出してドラグショベルのバケットに入れ、ホッパーの四隅に仮置きする作業をしていたところ、ドラグショベル運転手がバケットを操作して作業員に激突させた。","2","鉱業","202","土石採取業","20201","採石業","10~29","1","動力機械","14","建設機械等","142","掘削用機械","6","激突され"
"391","2002","平成","14","12","12~13","出張作業を終え会社に戻るため乗用車で走行中、駐車していた車両に衝突した。","4","運輸交通業","403","道路貨物運送業","40301","一般貨物自動車運送業","30~49","2","物上げ装置、運搬機械","22","動力運搬機","221","トラック","17","交通事故（道路）"
"392","2002","平成","14","4","13~14","工場解体用の足場を組立てたのち、養生用のシートを取り付けるためスレート葺きの屋根上でシートを運搬中に、スレートを踏み抜き7.6m下の土間に墜落した。","3","建設業","302","建築工事業","30209","その他の建築工事業","1~9","4","仮設物、建築物、構築物等","41","仮設物、建築物、構築物等","415","屋根、はり、もや、けた、合掌","1","墜落、転落"
"393","2002","平成","14","4","14~15","つり上げ荷重2.75tのクローラークレーンで、約5m四方の開口部から地下の構台に使用していた溝型鋼の廃材(質量約1.1t)を地上へつり上げる作業中に1階床の梁部の鉄筋1本が約1.7m張出していたので、それをかわすためクレーンのブームを伸ばして伏せていたところ、クレーンが転倒し開口部からクローラークレーンとともに地下1階へ墜落(5.1m)した。","3","建設業","302","建築工事業","30201","鉄骨・鉄筋コンクリート造家屋建築工事業","30~49","2","物上げ装置、運搬機械","21","動力クレーン等","212","移動式クレーン","1","墜落、転落"
"394","2002","平成","14","4","11~12","大学食堂に卵の配達に行きトラックの荷台上で仕分け作業をしていたところ、トラックが後退したので飛び降りトラックに轢かれた。","8","商業","801","卸売業","80109","その他の卸売業","10~29","2","物上げ装置、運搬機械","22","動力運搬機","221","トラック","6","激突され"
"395","2002","平成","14","4","10~11","過燐酸石灰を搬送するベルトコンベアの修理のため、バケット容量1立方メートルのショベルローダーのバケットに乗って移動中に、高さ4.6mの位置にあった鋼製の足場補強構造物とバケットとの間に頭部を挟まれた。","1","製造業","108","化学工業","10809","化学肥料製造業","30~49","2","物上げ装置、運搬機械","22","動力運搬機","225","ローダー","7","はさまれ、巻き込まれ"
"396","2002","平成","14","1","16~17","既設住宅の外壁塗装作業において、1階の屋根上(無落雪建築のほぼ平らな屋根)で2階東側の外壁をローラーを使用して仕上塗装作業中に、高さ約5.4mの屋根の端から半地下の車庫のコンクリート路面上に墜落した。","3","建設業","302","建築工事業","30209","その他の建築工事業","1~9","4","仮設物、建築物、構築物等","41","仮設物、建築物、構築物等","415","屋根、はり、もや、けた、合掌","1","墜落、転落"
"397","2002","平成","14","4","8~9","かれい刺網漁のため船(4.89t)に乗込み漁場に到着後、網揚機を操作し刺網を海中より船に揚げていたときに網とドラムに巻込まれ海中に転落した。","7","畜産・水産業","702","水産業","70201","漁業","1~9","1","動力機械","16","一般動力機械","169","その他の一般動力機械","7","はさまれ、巻き込まれ"
"398","2002","平成","14","4","16~17","整備工場で2t車の排気ガス漏れ修理のため、同僚が油圧ジャッキを持ち上げているときにジャッキが外れたため、車体の下で点検中の者が車とコンクリート床との間に挟まれた。","4","運輸交通業","403","道路貨物運送業","40301","一般貨物自動車運送業","50~99","3","その他の装置等","36","人力機械工具等","361","人力クレーン等","7","はさまれ、巻き込まれ"
"399","2002","平成","14","4","11~12","セメント工場へ4tトラックで原料の受け取りに行き、トラックを止めて運転席より降りようとしたときに運転席(高さ約1m)から転落した。","1","製造業","109","窯業土石製品製造業","10901","セメント・同製品製造業","1~9","2","物上げ装置、運搬機械","22","動力運搬機","221","トラック","1","墜落、転落"
"400","2002","平成","14","4","10~11","キノコのほだ木に詰める種駒を製造する機械のシャフト部分に髪の毛を巻き込まれ、その反動でシャフト付近のフレームに頭部を強打した。","1","製造業","104","木材・木製品製造業","10409","その他の木材・木製品製造業","10~29","1","動力機械","13","木材加工用機械","139","その他の木材加工用機械","7","はさまれ、巻き込まれ"
"401","2002","平成","14","4","8~9","スチームエジェクターの蒸気配管を取替えるため4名で足場の組立作業を行っていたところ、足場の1段目階段を昇っていた1名が気を失って地上に落下、続いて3名も相次いで倒れ、1名が死亡した。(スチームエジェクターであるホットウェルから一酸化炭素が大気中に排出されていた。)","3","建設業","302","建築工事業","30209","その他の建築工事業","10~29","5","物質、材料","51","危険物、有害物等","514","有害物","12","有害物等との接触"
"402","2002","平成","14","4","10~11","花火製造所で木造平屋建て倉庫の解体を4名で手作業で行っていたところ、建物が崩れ落ち中で作業していた1名が下敷きになった。","3","建設業","302","建築工事業","30202","木造家屋建築工事業","1~9","4","仮設物、建築物、構築物等","41","仮設物、建築物、構築物等","418","建築物、構築物","5","崩壊、倒壊"
"403","2002","平成","14","2","5~6","11tトラックで国道を走行中、センターラインを越え反対車線にはみ出して前方から来た3tトラックと正面衝突した。","4","運輸交通業","403","道路貨物運送業","40301","一般貨物自動車運送業","10~29","2","物上げ装置、運搬機械","22","動力運搬機","221","トラック","17","交通事故（道路）"
"404","2002","平成","14","4","8~9","工場新設工事現場に4tトラックで鉄骨材3本(1本約1t)を運搬し、荷台上で台付けワイヤーロープを解いた状態で待機していたときに、鉄骨2本が崩れたため荷とともに地上に落下し下敷きになった。","4","運輸交通業","403","道路貨物運送業","40301","一般貨物自動車運送業","10~29","5","物質、材料","52","材料","521","金属材料","5","崩壊、倒壊"
"405","2002","平成","14","4","14~15","水路岸のコンクリート法面(傾斜角35度)の除草作業で、水路内外を隔てる柵の外から草を受け取るためガードレール支柱と柵にそれぞれ足をかけて水路側へ身を乗り出したときに、水路側へ墜落し約3キロメートル下流で発見された。","3","建設業","301","土木工事業","30106","道路建設工事業","30~49","4","仮設物、建築物、構築物等","41","仮設物、建築物、構築物等","418","建築物、構築物","1","墜落、転落"
"406","2002","平成","14","4","2~3","朝刊配達のためバイクで信号がない交差点を直進しようとしたときに、左側から走行して来た乗用車と衝突した。","8","商業","802","小売業","80205","新聞販売業","30~49","2","物上げ装置、運搬機械","23","乗物","231","乗用車、バス、バイク","17","交通事故（道路）"
"407","2002","平成","14","4","10~11","整備工場の自動車完成検査(車検)場所において、ブレーキテストのため乗用車(2000cc)の前輪をテスターに乗せシフトをDレンジに入れた状態で車から降り、次のサイドモールテスト(車両バランス)の準備のため車の前方付近で作業中、テスターのストッパーが解除されたためアイドリング状態であった車が走り出し車両と壁との間に胸を挟まれた。","8","商業","802","小売業","80202","自動車小売業","10~29","2","物上げ装置、運搬機械","23","乗物","231","乗用車、バス、バイク","7","はさまれ、巻き込まれ"
"408","2002","平成","14","2","13~14","木造建築工事において、2階柱の建方作業のため2階根太の上(幅11センチメートル)を歩いていたときに、根太と根太の間の開口部(幅89センチメートル)から3.4m下の1階コンクリート部に墜落した。","3","建設業","302","建築工事業","30202","木造家屋建築工事業","1~9","4","仮設物、建築物、構築物等","41","仮設物、建築物、構築物等","415","屋根、はり、もや、けた、合掌","1","墜落、転落"
"409","2002","平成","14","4","15~16","工場建屋内で、重機(フォークグラブ)で軽量コンクリート板を粉砕機に投入する前処理のため、フォークグラブのフォークで粉砕やキャタピラーで踏みつけ粗粉砕しているときに、近くで発じん防止のため散水していた者がフォークグラブのカウンターウエイトとコンクリート壁との間に挟まれた。","15","清掃・と畜業","1501","清掃・と畜業","150102","産業廃棄物処理業","1~9","2","物上げ装置、運搬機械","22","動力運搬機","229","その他の動力運搬機","6","激突され"
"410","2002","平成","14","3","5~6","会社から作業車を運転して作業現場へ向かって走行中、交差点前方(駐車禁止区域)に駐車中の大型トラックに追突した。","15","清掃・と畜業","1501","清掃・と畜業","150101","ビルメンテナンス業","10~29","2","物上げ装置、運搬機械","23","乗物","231","乗用車、バス、バイク","17","交通事故（道路）"
"411","2002","平成","14","3","11~12","自動車道を霊柩車にて走行中、道路近くの野焼きの煙が道路上に滞留したため先行車両が急減速し、後続車が次々と追突する多重衝突事故に巻き込まれた。(霊柩車には、遺体とその遺族二人が同乗)","17","その他の事業","1702","その他の事業","170209","その他の事業－その他","1~9","2","物上げ装置、運搬機械","23","乗物","231","乗用車、バス、バイク","17","交通事故（道路）"
"412","2002","平成","14","4","8~9","営業のため客先に向けて50cc原付バイクで走行中、信号の無い交差点で左側方から乗用車が一時停止を無視し走行してきて激突された。","1","製造業","107","印刷・製本業","10701","印刷業","10~29","2","物上げ装置、運搬機械","23","乗物","231","乗用車、バス、バイク","17","交通事故（道路）"
"413","2002","平成","14","4","16~17","建物3階の型わく解体のため、4尺脚立に上り梁と壁の間のスラブ型わくを解体していたときに、脚立が転倒して落下し頭部に激突した。","3","建設業","302","建築工事業","30201","鉄骨・鉄筋コンクリート造家屋建築工事業","10~29","4","仮設物、建築物、構築物等","41","仮設物、建築物、構築物等","419","その他の仮設物、建築物、構築物等","1","墜落、転落"
"414","2002","平成","14","2","16~17","町道の舗装完了後にコンバインドローラーで仕上げ転圧作業中、後進したコンバインドローラーが片付けのため歩行していた者をローラーで轢いた。","3","建設業","301","土木工事業","30106","道路建設工事業","10~29","1","動力機械","14","建設機械等","144","締固め用機械","7","はさまれ、巻き込まれ"
"415","2002","平成","14","4","16~17","液体酸素充填場において、ボンベに液体酸素を充填し95センチメートル下の舗装された地上へ移動させる作業中、墜落して左側頭部を強打した。","8","商業","801","卸売業","80109","その他の卸売業","30~49","4","仮設物、建築物、構築物等","41","仮設物、建築物、構築物等","418","建築物、構築物","1","墜落、転落"
"416","2002","平成","14","4","11~12","携帯用丸のこ盤を使用して事務所のストーブに使用する桑の木を適当な大きさに切断中に、誤って右太股の内側を丸のこで切った。","1","製造業","113","一般機械器具製造業","11301","機械（精密機械を除く）器具製造業","1~9","1","動力機械","13","木材加工用機械","131","丸のこ盤","8","切れ、こすれ"
"417","2002","平成","14","4","13~14","雪害で根株より倒れた杉(直径31センチメートル)を撤去するため、根元からチェーンソーで切り離したところ先端側の幹が跳ねて胸部に激突し、倒れたところに跳ねた杉の木が滑り落ちてきて下敷きになった。","6","農林業","602","林業","60209","その他の林業","10~29","7","環境等","71","環境等","712","立木等","6","激突され"
"418","2002","平成","14","4","14~15","河川改良工事で、法面と護岸ブロックとの間を埋め戻すため対岸からドラグショベルで土砂を投入していて、7m余り先にある対岸に投入するためアームを伸ばしたときに、ドラグショベルの安定が崩れて川に転落し、運転者が運転席内で頭部を挟まれた。","3","建設業","301","土木工事業","30107","河川土木工事業","10~29","1","動力機械","14","建設機械等","142","掘削用機械","1","墜落、転落"
"419","2002","平成","14","4","22~23","埠頭において、貨物船から内航船へ積荷のカオリン(粉末;バラ荷)を貨物船の揚荷装置にクラムシェル状のバケットを取付けたものを使用して積替作業を行い、積替作業を終わって内航船の船倉にシートを掛けるため内航船に縄ばしごを使って移ったときに海に墜落した。","5","貨物取扱業","502","港湾運送業","50202","港湾荷役業","10~29","7","環境等","71","環境等","713","水","10","おぼれ"
"420","2002","平成","14","11","8~9","紙おむつのパッケージをダンボールケースに自動で装填を行う装置の製品変更に伴う段替え作業中、製品を上から自動で掴む装置の奥の板を取り外すため上半身を装置内に入れたときに、上方から垂直アームが下降してきて頭部を挟まれた。","1","製造業","106","パルプ・紙・紙加工品製造業","10602","紙加工品製造業","300~499","1","動力機械","16","一般動力機械","169","その他の一般動力機械","7","はさまれ、巻き込まれ"
"421","2002","平成","14","4","18~19","ローリングタワー(高さ3.65m)を使用して工場内の天井にケーブルラックを取り付ける作業を行うため、ローリングタワーの補剛材を利用して昇降を行っているときに墜落した。","3","建設業","303","その他の建設業","30301","電気通信工事業","1~9","4","仮設物、建築物、構築物等","41","仮設物、建築物、構築物等","411","足場","1","墜落、転落"
"422","2002","平成","14","4","16~17","表面加工を行う部品をバケットに入れ溶液槽に自動搬送(移動、沈浸)していくラインの内部点検のため、液を抜いた漕の内部に入ったがラインが止まっていなかったためにキャリアーに当って隣の槽まで身体を引きずられ、隣の槽内のバケット上部の取手部分(バレル)との間に挟まれた。","1","製造業","112","金属製品製造業","11209","その他の金属製品製造業","10~29","2","物上げ装置、運搬機械","22","動力運搬機","229","その他の動力運搬機","7","はさまれ、巻き込まれ"
"423","2002","平成","14","9","5~6","荷降しを終えて会社へ戻るため県道をトラックで走行中、反対車線にはみ出して対向のトラックと正面衝突した。","4","運輸交通業","403","道路貨物運送業","40301","一般貨物自動車運送業","1~9","2","物上げ装置、運搬機械","22","動力運搬機","221","トラック","17","交通事故（道路）"
"424","2002","平成","14","3","0~1","自動車で用務先の病院へ行き、その帰路T字路の電柱に衝突した。","13","保健・衛生業","1302","社会福祉施設","130201","社会福祉施設","100~299","2","物上げ装置、運搬機械","23","乗物","231","乗用車、バス、バイク","17","交通事故（道路）"
"425","2002","平成","14","4","11~12","郵便配達のため軽ワゴン車で走行中、右折するために停車していたところへ後ろから来た乗用車に追突され、そのはずみで対向車線にはみ出しダンプカーと正面衝突した。","11","通信業","1101","通信業","110101","通信業","10~29","2","物上げ装置、運搬機械","23","乗物","231","乗用車、バス、バイク","17","交通事故（道路）"
"426","2002","平成","14","3","19~20","染色する巻糸(1本の径18センチメートル、厚み15センチメートル、質量1150g)を倉庫から取り出す作業で、自動化された床上型スタッカークレーンを使用せずに昇降設備のないラックを登っていて、高さ約7.3mから地上コンクリート面に墜落した。","1","製造業","102","繊維工業","10204","染色整理業","50~99","4","仮設物、建築物、構築物等","41","仮設物、建築物、構築物等","418","建築物、構築物","1","墜落、転落"
"427","2002","平成","14","6","6~7","車両で走行中、赤信号で停車中であった車両に追突しかけたため右ハンドルを切り回避しようとしたが間に合わず追突した。","4","運輸交通業","403","道路貨物運送業","40301","一般貨物自動車運送業","100~299","2","物上げ装置、運搬機械","22","動力運搬機","221","トラック","17","交通事故（道路）"
"428","2002","平成","14","4","11~12","焼却炉の扉を取り付けるため、扉(約800キログラム、105×184×23センチメートル)を焼却炉本体に取り付けていたワイヤーロープに吊るしていたところ、レバーブロック(手動:つり上げ荷重1.5t)のチェーンが切れて扉が落下してきて下敷きになった。","17","その他の事業","1702","その他の事業","170209","その他の事業－その他","10~29","3","その他の装置等","36","人力機械工具等","361","人力クレーン等","4","飛来、落下"
"429","2002","平成","14","1","14~15","病棟2階にある看護詰所より1階の便所へ向かうため階段を下りているときに、1階床まで3段目の箇所から転落し左側頭部を強打した。","13","保健・衛生業","1301","医療保健業","130101","病院","100~299","4","仮設物、建築物、構築物等","41","仮設物、建築物、構築物等","413","階段、桟橋","1","墜落、転落"
"430","2002","平成","14","4","8~9","木造家屋解体工事において、水撒きをしていた者が「がら」を搬出していたバックホーの旋回体後部と民家の壁との間に背中を挟まれた。","3","建設業","302","建築工事業","30209","その他の建築工事業","1~9","1","動力機械","14","建設機械等","142","掘削用機械","7","はさまれ、巻き込まれ"
"431","2002","平成","14","5","10~11","プラ窓輪転機(窓付き封筒のロウ付け及び印刷をする機械)用のコンプレッサーが故障したため、プラ窓輪転機に背を向けコンプレッサーを修理しているときに、着ていたジャンパーの背中のすそが輪転機のシャフトに巻き込まれた。","1","製造業","106","パルプ・紙・紙加工品製造業","10602","紙加工品製造業","50~99","1","動力機械","12","動力伝導機構","121","動力伝導機構","7","はさまれ、巻き込まれ"
"432","2002","平成","14","5","13~14","工場で牛乳17tをタンクローリーに積み他の工場に向かうためカーブを時速約60キロメートルで走行していたときに、曲がりきれず横転し電柱に衝突した。","4","運輸交通業","403","道路貨物運送業","40301","一般貨物自動車運送業","100~299","2","物上げ装置、運搬機械","22","動力運搬機","221","トラック","17","交通事故（道路）"
"433","2002","平成","14","3","8~9","積載型トラッククレーン(つり上げ荷重2.93t)の荷台から小型ドラグショベルを吊り下ろしていたところ、トラッククレーンが転倒しトラッククレーンの操作者がトラッククレーンに挟まれた。","3","建設業","301","土木工事業","30110","上下水道工事業","30~49","2","物上げ装置、運搬機械","21","動力クレーン等","212","移動式クレーン","7","はさまれ、巻き込まれ"
"434","2002","平成","14","5","9~10","林道開設工事において、あらかじめ伐倒して斜面に仮置きしていた支障木を斜面の下の方まで落とす作業で、上の伐倒木から順に1本づつ行っていたところ、1本が斜面の途中で引っ掛かったので斜面を降りて伐倒木を鳶口でこねているときに、斜面上方の伐倒木数本が崩れ落ちてきて下敷きになった。","3","建設業","301","土木工事業","30106","道路建設工事業","1~9","7","環境等","71","環境等","712","立木等","4","飛来、落下"
"435","2002","平成","14","5","14~15","邸宅新築工事において、2階部分の床面コンクリートに接着剤の塗布作業中に高さ3.1mの開口部分より墜落した。","3","建設業","302","建築工事業","30202","木造家屋建築工事業","1~9","4","仮設物、建築物、構築物等","41","仮設物、建築物、構築物等","414","開口部","1","墜落、転落"
"436","2002","平成","14","4","17~18","工場内のボイラ2基を撤去し新規ボイラに更新する作業で、ボイラ1基を解体したのちスレート屋根のボイラ煙突部分の空間を塞ぐ作業を行うための鋼製足場板(190センチメートル×25センチメートルr)3枚を煙突方向に向って置いて行ったときに、煙突の空間部付近でスレート屋根を踏み抜き5.20センチメートル下の床面に墜落した。","3","建設業","303","その他の建設業","30302","機械器具設置工事業","1~9","4","仮設物、建築物、構築物等","41","仮設物、建築物、構築物等","415","屋根、はり、もや、けた、合掌","1","墜落、転落"
"437","2002","平成","14","4","2~3","新聞配達に使用するバイクのガソリンが足りないのでガソリンスタンドに向い、交差点を青信号で直進しようとしたときに、右折しようとした乗用車の左側面に衝突した。","8","商業","802","小売業","80205","新聞販売業","10~29","2","物上げ装置、運搬機械","23","乗物","231","乗用車、バス、バイク","17","交通事故（道路）"
"438","2002","平成","14","4","0~1","圧力釜(小型圧力容器、内容積0.21立方メートル、最高使用圧力0.09Mp)でラーメンのスープをつくるための煮込みを行っていて、圧力釜の本体と蓋の間から水分が漏れていることに気付き、火を止めて蓋に付いている蒸気の逃がし弁を開け、しばらくしてから蓋の留具のボルトを緩めたところ、蓋と本体の隙間から蒸気が吹き出し顔などに蒸気を浴びた。","14","接客娯楽業","1402","飲食店","140201","一般飲食店","10~29","3","その他の装置等","31","圧力容器","319","その他の圧力容器","11","高温・低温の物との接触"
"439","2002","平成","14","2","10~11","楽器店の看板取付工事で、現場の交通誘導員が現場2階にあるトイレに行き、用済み後にトイレから廊下に出る際に転倒し頭と腰を強打した。","17","その他の事業","1702","その他の事業","170201","警備業","10~29","4","仮設物、建築物、構築物等","41","仮設物、建築物、構築物等","417","通路","2","転倒"
"440","2002","平成","14","3","18~19","車で信号待ちをしていたところへ後からきた乗用車に追突され、衝撃で車が炎上した。","8","商業","802","小売業","80209","その他の小売業","10~29","2","物上げ装置、運搬機械","23","乗物","231","乗用車、バス、バイク","17","交通事故（道路）"
"441","2002","平成","14","5","22~23","鋳鍛工場で、加熱炉から加熱された圧延ロールを天井クレーンで鍛造プレス周辺へ置いたのち天井クレーンから降りようとしたときに、昇降ステージ横の柱と天井クレーンとの間に挟まれた。","1","製造業","110","鉄鋼業","11001","製鉄・製鋼・圧延業","300~499","2","物上げ装置、運搬機械","21","動力クレーン等","211","クレーン","7","はさまれ、巻き込まれ"
"442","2002","平成","14","7","9~10","車庫解体工事において、軽量鉄骨梁にワイヤーロープを掛けるため踏面のない脚立の2段目(高さ91センチメートル)に上がって作業をしていたときに、バランスを崩してアスファルトの地面に墜落し、墜落する途中で鉄骨梁に触れたため鉄骨枠が倒れてきて梁部分の下敷きになった。","3","建設業","302","建築工事業","30209","その他の建築工事業","10~29","4","仮設物、建築物、構築物等","41","仮設物、建築物、構築物等","418","建築物、構築物","5","崩壊、倒壊"
"443","2002","平成","14","9","17~18","木造2階建て住宅新築工事において、2階床面の根太を釘止めしているときに、固定していない根太が動いてできた開口部から1階基礎コンクリート上に墜落した。","3","建設業","302","建築工事業","30202","木造家屋建築工事業","1~9","4","仮設物、建築物、構築物等","41","仮設物、建築物、構築物等","415","屋根、はり、もや、けた、合掌","1","墜落、転落"
"444","2002","平成","14","5","0~1","トラック(2t)で販売先に製材製品を納入して会社に帰る途中、運転を誤って対向車線に進入し対向の路線バスと正面衝突した。","1","製造業","104","木材・木製品製造業","10401","製材業","30~49","2","物上げ装置、運搬機械","22","動力運搬機","221","トラック","17","交通事故（道路）"
"445","2002","平成","14","4","13~14","鉄筋コンクリート造2階建て住宅の幅約50センチメートルの1階ひさし上において、外壁のエアコン用ダクトの取外し作業を行っていたときに、高さ約3.6m下のタイル床面上に転落した。","3","建設業","303","その他の建設業","30302","機械器具設置工事業","1~9","4","仮設物、建築物、構築物等","41","仮設物、建築物、構築物等","418","建築物、構築物","1","墜落、転落"
"446","2002","平成","14","7","16~17","鉄骨平屋建ての店舗新築工事で、鉄骨の組立作業中に高さ3.7mの梁の上から地上へ墜落した。","3","建設業","302","建築工事業","30201","鉄骨・鉄筋コンクリート造家屋建築工事業","1~9","4","仮設物、建築物、構築物等","41","仮設物、建築物、構築物等","415","屋根、はり、もや、けた、合掌","1","墜落、転落"
"447","2002","平成","14","3","15~16","木造倉庫の解体材の整理積み込み等を行っていて転落し、頭部を強打した。","17","その他の事業","1702","その他の事業","170209","その他の事業－その他","1~9","3","その他の装置等","37","用具","371","はしご等","1","墜落、転落"
"448","2002","平成","14","4","10~11","網船2隻(各4名)、手船(運搬船)1隻(2名)、監視船1隻(1名)の漁で、巻き上げた魚網を囲み網底の袋状になった部分に残った魚をすくい上げる作業中、2隻の網船後部で作業をしていた4名のうち1名が網船の後端部に設けられた巻上機に頭を挟まれた。","7","畜産・水産業","702","水産業","70201","漁業","10~29","2","物上げ装置、運搬機械","21","動力クレーン等","219","その他の動力クレーン等","7","はさまれ、巻き込まれ"
"449","2002","平成","14","3","22~23","出張中の2名がハイヤーで宿泊先へ行くため国道を走行中、後続車に後部から追突された。(出張中の労働者1名が死亡、1名が軽傷、ハイヤーの運転手が死亡)","1","製造業","108","化学工業","10809","化学肥料製造業","30~49","2","物上げ装置、運搬機械","23","乗物","231","乗用車、バス、バイク","17","交通事故（道路）"
"450","2002","平成","14","5","16~17","河川改修工事において、土止め支保工を設置した河床で車両系建設機械(油圧式ドラグショベル)により川底の掘削作業を行っていたときに、土止め支保工の切梁と車体運転席との間に挟まれた。","3","建設業","301","土木工事業","30107","河川土木工事業","10~29","1","動力機械","14","建設機械等","141","整地・運搬・積込み用機械","7","はさまれ、巻き込まれ"
"451","2002","平成","14","5","14~15","工場建屋の改築工事で、L字型間仕切り(コンクリートブロック製)の一面を解体して基礎部分のはつり作業を行っていたところ、残りの一面(2.5m×3.1m、約1t)が倒れ下敷きになった。","3","建設業","302","建築工事業","30201","鉄骨・鉄筋コンクリート造家屋建築工事業","10~29","4","仮設物、建築物、構築物等","41","仮設物、建築物、構築物等","418","建築物、構築物","5","崩壊、倒壊"
"452","2002","平成","14","1","14~15","食品加工所の鉄骨組み立て作業で、西側に取り付けるパラペットをアーク溶接で仮止めしたのち、移動式クレーンで吊り上げてきた鉄骨部材を北側の位置へボルト締めするため高さ約4mの鉄骨の梁上で待機していたところ、西側の仮止めした鉄骨部材につり上げた鉄骨部材が触れたために鉄骨部材とともにコンクリート床上へ墜落した。","3","建設業","302","建築工事業","30201","鉄骨・鉄筋コンクリート造家屋建築工事業","1~9","4","仮設物、建築物、構築物等","41","仮設物、建築物、構築物等","415","屋根、はり、もや、けた、合掌","1","墜落、転落"
"453","2002","平成","14","5","9~10","原動機付自転車で取引先に向って片側2車線の市道を走行中、車線左端から右車線に車線変更したところへ右車線を走っていた後続の乗用車に追突された。","9","金融・広告業","901","金融業","90101","銀行・信託業","100~299","2","物上げ装置、運搬機械","23","乗物","231","乗用車、バス、バイク","17","交通事故（道路）"
"454","2002","平成","14","5","6~7","9名乗りワゴン車に7名が乗車してイベント会場に向けて自動車で走行中、道路左側のガードロープの支柱に激突して横転し、二列目座席に座っていた者が車から投げ出された。","10","映画・演劇業","1001","映画・演劇業","100101","映画製作・配給業","1~9","2","物上げ装置、運搬機械","23","乗物","231","乗用車、バス、バイク","17","交通事故（道路）"
"455","2002","平成","14","3","14~15","生コンクリート工場において、傾斜コンベアのベルトが切れたためテンションプーリー部の作業台で傾斜コンベアのベルト蛇行調整を行っていたときに、テンションプーリーとベルトとの間に身体を巻き込まれた。","1","製造業","108","化学工業","10806","ゴム製品製造業","10~29","2","物上げ装置、運搬機械","22","動力運搬機","224","コンベア","7","はさまれ、巻き込まれ"
"456","2002","平成","14","3","16~17","主要地方道の交通安全施設整備工事において、現場内を移動していた者がわだちを残さないようアスファルトを転圧するために後進させていたローラーに轢かれた。","3","建設業","301","土木工事業","30106","道路建設工事業","10~29","1","動力機械","14","建設機械等","144","締固め用機械","6","激突され"
"457","2002","平成","14","5","18~19","2tトラックのオートマチックトランスミッション交換のため、油圧式リフトを使用してトラックを1m50センチメートル持ち上げ前作業となるプロペラシャフトの取り外しを行ったところ、トラックが後方に動き出したためジャッキから滑り落ちてトラック前部に頭部を打たれた。","1","製造業","117","その他の製造業","11701","自動車整備業","10~29","2","物上げ装置、運搬機械","22","動力運搬機","221","トラック","6","激突され"
"458","2002","平成","14","5","13~14","鉄工所において、ショットブラストで研磨が終わったH鋼(30センチメートル×60センチメートル、長さ8m68センチメートル、重さ1.25t)を天井クレーン(5t)で吊り上げて移動させようとしたところ、吊り上げたH鋼が倒れてきて背後に積まれていたH鋼との間に挟まれた。","1","製造業","112","金属製品製造業","11209","その他の金属製品製造業","30~49","2","物上げ装置、運搬機械","21","動力クレーン等","211","クレーン","6","激突され"
"459","2002","平成","14","5","10~11","林道開設工事現場における伐木作業中、ロープで介錯していた伐倒した立木(約12m)の下敷きになった。","3","建設業","301","土木工事業","30199","その他の土木工事業","30~49","7","環境等","71","環境等","712","立木等","6","激突され"
"460","2002","平成","14","5","15~16","機材センターで、トンネル用スライドセントルを仮組したのち運搬するための解体作業中、橋形クレーン(吊り上げ荷重4.8t)でセントルの型枠部材(質量約1.6tのアーチ形状)を横吊用クランプ2個で吊り上げ、位置を変えて再び地上に降ろしたときに、クランプから部材が外れて頭部を直撃された。","1","製造業","112","金属製品製造業","11209","その他の金属製品製造業","10~29","2","物上げ装置、運搬機械","21","動力クレーン等","211","クレーン","6","激突され"
"461","2002","平成","14","5","10~11","農業用水のボックスカルバート下に配水管を通す作業で、ボックスカルバートの南側を幅50センチメートル、深さ約2m、長さ約2mにわたりパワー・ショベルで掘削し、掘った溝の中に入って人力で配水管を通す穴を掘削中に側壁が崩れ生き埋めとなった。","3","建設業","301","土木工事業","30110","上下水道工事業","1~9","7","環境等","71","環境等","711","地山、岩石","5","崩壊、倒壊"
"462","2002","平成","14","10","18~19","新聞配達のため原付車で走行中、見通しのよい直線道路で縁石に接触し、その反動でバランスを崩して転倒した。","8","商業","802","小売業","80205","新聞販売業","10~29","2","物上げ装置、運搬機械","23","乗物","231","乗用車、バス、バイク","17","交通事故（道路）"
"463","2002","平成","14","4","13~14","2tダンプを運転して畑を作るための土石(約700キログラム)を運搬中、農道の急カーブで道路に隣接した段差(約40センチメートル)に片方のタイヤが乗り上げたためにダンプが傾いた状態で停車し、ダンプのドアを開けて運転席から外に出ようとしたときにダンプが横転し下敷きとなった。","3","建設業","301","土木工事業","30199","その他の土木工事業","1~9","2","物上げ装置、運搬機械","22","動力運搬機","221","トラック","17","交通事故（道路）"
"464","2002","平成","14","4","16~17","砂防ダム建設現場において、堤体建設予定場所の直近上部で作業していたドラグショベルの履帯下の盛土が重量に耐え切れず崩壊し、傾斜約35~30度、水平距離約20m、高さ約10mの谷底に機体の左側から転落して運転席が直径1m程の岩に激突し潰れた。","3","建設業","301","土木工事業","30108","砂防工事業","10~29","1","動力機械","14","建設機械等","141","整地・運搬・積込み用機械","1","墜落、転落"
"465","2002","平成","14","4","8~9","誘導加熱式真空溶解炉で、真空タンク内の鋳型を天井クレーンで取り出すための玉掛けのため真空タンク内に入ったときに、真空タンクに入れたアルゴンガスが残存していたため酸欠状態となり倒れた。","1","製造業","110","鉄鋼業","11001","製鉄・製鋼・圧延業","500~999","3","その他の装置等","34","炉窯等","341","炉、窯","12","有害物等との接触"
"466","2002","平成","14","4","9~10","ホテルの4階客室のガラス窓をスクイジ(窓を拭くT字の器具)を用いて拭く作業で、窓から外に出て約1m離れた外部柱と躯体を繋ぐコンクリート梁(幅70センチメートル)に移り作業を行い、客室内に戻ろうとしたときにバランスを崩し9.8m下の地面に墜落した。","15","清掃・と畜業","1501","清掃・と畜業","150101","ビルメンテナンス業","300~499","4","仮設物、建築物、構築物等","41","仮設物、建築物、構築物等","418","建築物、構築物","1","墜落、転落"
"467","2002","平成","14","4","16~17","トラクターショベル(機体質量6.8t)で束ねられたビニールハウスの骨組用鉄製パイプを吊り上げて運搬中、トラクターショベルの前方でパイプの振れ防止のため介添えしていた者がトラクターショベルに轢かれた。","17","その他の事業","1702","その他の事業","170209","その他の事業－その他","1~9","1","動力機械","14","建設機械等","141","整地・運搬・積込み用機械","7","はさまれ、巻き込まれ"
"468","2002","平成","14","5","16~17","現場仮設事務所前に掲示物・旗を設置して屋根から降りるときに、仮設事務所裏側の約30m崖下に転落した。","3","建設業","301","土木工事業","30105","橋梁建設工事業","1~9","4","仮設物、建築物、構築物等","41","仮設物、建築物、構築物等","415","屋根、はり、もや、けた、合掌","1","墜落、転落"
"469","2002","平成","14","10","16~17","2階大屋根上において、瓦を葺替えるための位置決め用の墨付け作業を行っていたがうまく墨が付かないため、同僚のいる屋根端に移動したときに体勢を崩して高さ6.27m下の地上へ墜落した。","3","建設業","302","建築工事業","30202","木造家屋建築工事業","1~9","4","仮設物、建築物、構築物等","41","仮設物、建築物、構築物等","415","屋根、はり、もや、けた、合掌","1","墜落、転落"
"470","2002","平成","14","5","15~16","林道新設工事において、ミニワイヤーウォール工法を用いて道路谷側壁面の補強作業を行っていた小型のドラグショベルが180度旋回(機体上部のみ)したときに、谷側に転倒しそのまま谷の斜面を約20m転落した。","3","建設業","301","土木工事業","30106","道路建設工事業","30~49","1","動力機械","14","建設機械等","142","掘削用機械","1","墜落、転落"
"471","2002","平成","14","5","10~11","4tトラックから杉丸太5本を降ろすため荷掛けロープを外したときに、1本(長さ4m10センチメートル、直径45センチメートル、質量130キログラム)の丸太が崩れ落ち下敷きになった。","1","製造業","104","木材・木製品製造業","10401","製材業","1~9","5","物質、材料","52","材料","522","木材、竹材","4","飛来、落下"
"472","2002","平成","14","5","21~22","トラック荷台上で移動式クレーンを無線で操作しながらU字溝をつり上げていたところ、玉かけ用ワイヤロープがフックから外れU字溝が落ちてきて下敷きになった。","4","運輸交通業","403","道路貨物運送業","40301","一般貨物自動車運送業","10~29","3","その他の装置等","37","用具","372","玉掛用具","4","飛来、落下"
"473","2002","平成","14","5","12~13","タクシーに乗客2名を乗せて走行中、赤点滅信号の交差点に一時停止をせずに徐行で進入したところ、西から交差点に進入した自動車と衝突し運転手が死亡した。(乗客1名も死亡)","4","運輸交通業","402","道路旅客運送業","40201","ハイヤー・タクシー業","100~299","2","物上げ装置、運搬機械","23","乗物","231","乗用車、バス、バイク","17","交通事故（道路）"
"474","2002","平成","14","5","17~18","菓子製造の仕事を終えワゴン車に5名が同乗しアパートに帰宅途中、市道交差点において軽トラックと衝突し運転手が死亡した。(被災者6名は、すべて日系ブラジル人)","1","製造業","101","食料品製造業","10104","パン、菓子製造業","50~99","2","物上げ装置、運搬機械","23","乗物","231","乗用車、バス、バイク","17","交通事故（道路）"
"475","2002","平成","14","3","10~11","解体した枠組み足場を部材ごとトラック上のクレーン(つり上げ荷重2.93t)で積み込み、積み荷にワイヤーロープをかけるため2名が地上でワイヤーロープが外れないように手で押さえ、1名が荷に上がりレバーブロックで締め付けたときに、ワイヤーロープが掛かっていなかった部材の束(筋かい、質量約444キログラム)が落下し地上の1名を直撃した。","3","建設業","302","建築工事業","30209","その他の建築工事業","1~9","5","物質、材料","52","材料","521","金属材料","4","飛来、落下"
"476","2002","平成","14","4","0~1","木造3階建て住宅の2階の床部分に厚さ30ミリメートルの合板を張る作業中、90センチメートル間隔の梁と梁の間から1階の土間コンクリート上へ転落した。","3","建設業","302","建築工事業","30202","木造家屋建築工事業","1~9","4","仮設物、建築物、構築物等","41","仮設物、建築物、構築物等","415","屋根、はり、もや、けた、合掌","1","墜落、転落"
"477","2002","平成","14","4","0~1","工事現場の工事用仮設道路上(盛土)で昼休憩中、ゴザを敷いて寝ていた者が造成工事場所までバックで移動していた2tトラックに轢かれた。","3","建設業","301","土木工事業","30199","その他の土木工事業","10~29","2","物上げ装置、運搬機械","22","動力運搬機","221","トラック","18","交通事故（その他）"
"478","2002","平成","14","5","13~14","4tトラックで搬送した空ペットボトルを配送先側がフォークリフトにより荷降ろし作業を行うのをトラック荷台の上に昇って手伝っていて、バランスを崩して荷台から転落した。","4","運輸交通業","403","道路貨物運送業","40301","一般貨物自動車運送業","30~49","2","物上げ装置、運搬機械","22","動力運搬機","221","トラック","1","墜落、転落"
"479","2002","平成","14","4","11~12","伐開作業を行うため杉立木に登り手鋸を使用して枝打ち作業を行っていて、約4.4mのところで枝を落としていたときに墜落した。","3","建設業","301","土木工事業","30106","道路建設工事業","10~29","7","環境等","71","環境等","712","立木等","1","墜落、転落"
"480","2002","平成","14","9","14~15","得意先を訪問して軽トラックで事業場へ帰る途中、対向車線で脇見運転の大型トラックに衝突された。","8","商業","802","小売業","80209","その他の小売業","1~9","2","物上げ装置、運搬機械","22","動力運搬機","221","トラック","17","交通事故（道路）"
"481","2002","平成","14","4","5~6","建築資材を積んだ4tトラックで国道を走行中、対向車線の4tトラックがセンターラインをはみ出して来て正面衝突した。","4","運輸交通業","403","道路貨物運送業","40301","一般貨物自動車運送業","1~9","2","物上げ装置、運搬機械","22","動力運搬機","221","トラック","17","交通事故（道路）"
"482","2002","平成","14","5","10~11","作業道に使用する杉丸太材を積載形トラッククレーン(つり上げ荷重2.93t)で運んできて道路端に仮置きし、ジブの長さ5.46m、傾斜角50度、アウトリガー最小張出しの状態で12本の丸太材を吊り上げて左旋回させ、既に置いていた丸太材の上に置こうとしたときにクレーンが右側に横転し、逃げ遅れて頭部をクレーンと丸太材との間に挟まれた。","6","農林業","602","林業","60209","その他の林業","1~9","2","物上げ装置、運搬機械","21","動力クレーン等","212","移動式クレーン","6","激突され"
"483","2002","平成","14","5","15~16","社会福祉法人で、同施設の労働者(28歳)が面談していた入所中の男性に出刃包丁で胸を刺された。","13","保健・衛生業","1302","社会福祉施設","130201","社会福祉施設","30~49","9","その他","91","その他の起因物","911","その他の起因物","90","その他"
"484","2002","平成","14","5","8~9","砕石プラントのベルトコンベヤーの点検・注油作業中に、ベルトコンベヤーと砕石ホッパーとの間に挟まれた。","2","鉱業","202","土石採取業","20201","採石業","10~29","2","物上げ装置、運搬機械","22","動力運搬機","224","コンベア","7","はさまれ、巻き込まれ"
"485","2002","平成","14","5","0~1","グラビヤ印刷機3台が設置されている印刷室の印刷機間の通路において、印刷用インキ(トルエン、メチルエチルケトン等の有機溶剤を含む)3缶分を濾し網を用いてろ過していて、2缶目をろ過し終えたところで倒れていた。","1","製造業","107","印刷・製本業","10701","印刷業","30~49","5","物質、材料","51","危険物、有害物等","514","有害物","12","有害物等との接触"
"486","2002","平成","14","5","23~24","自動車道をトラックで走行中、事故により停車していた車に衝突したので相手の様子を見に行こうと路肩に出たときに、後続の乗用車が停車していた相手車両を避け損なって中央分離帯に激突し、その反動で跳ね返ってきて激突された。","4","運輸交通業","403","道路貨物運送業","40301","一般貨物自動車運送業","10~29","2","物上げ装置、運搬機械","23","乗物","231","乗用車、バス、バイク","17","交通事故（道路）"
"487","2002","平成","14","4","12~13","10tトラックで荷物を積んで国道を走行中、トンネル出口すぐの右カーブで谷に転落した。","4","運輸交通業","403","道路貨物運送業","40301","一般貨物自動車運送業","1~9","2","物上げ装置、運搬機械","22","動力運搬機","221","トラック","17","交通事故（道路）"
"488","2002","平成","14","5","14~15","NCラインの設置工事において、バリニーダー(混合機、重量約1.5t)を工場内に搬入して据付け位置調整のためジャッキアップしてローラーを取り付けていたときに、機械のバランスが崩れて横転しその下敷きとなった。","3","建設業","303","その他の建設業","30302","機械器具設置工事業","1~9","1","動力機械","16","一般動力機械","162","混合機、粉砕機","5","崩壊、倒壊"
"489","2002","平成","14","5","0~1","砕石の積み込みを行うため、ショベルローダー(20t)の近くに大型ダンプを止めてダンプから降りて敷地内を歩いていたところ、後退してきたショベルローダーに轢かれた。","17","その他の事業","1702","その他の事業","170209","その他の事業－その他","10~29","1","動力機械","14","建設機械等","141","整地・運搬・積込み用機械","7","はさまれ、巻き込まれ"
"490","2002","平成","14","5","11~12","川の護岸工事において、準備の一部として現況確認のための測量作業を小型の手漕ぎボートを使用し、1名が船上、2名が岸でその補助作業に従事していたところ、船が転覆して船上で作業していた者が川に転落したので、これを救助しようと川に飛び込み行方不明となった。","17","その他の事業","1702","その他の事業","170209","その他の事業－その他","1~9","7","環境等","71","環境等","713","水","10","おぼれ"
"491","2002","平成","14","5","15~16","下水道工事において、歩道部分に管を布設し埋め戻しのちバックホウで敷鉄板(約800キログラム)を敷き並べるため、バケットのフックに玉掛け用ワイヤーを掛け鉄板の荷掛け用の穴にC形フックを掛けて吊り上げいつたん地面に垂直に同鉄板を置いたところ、穴からフックが外れたので近くにいた者が後ろに下がったときに車道に出てしまい、走行してきたトラックに跳ねられた。","3","建設業","301","土木工事業","30110","上下水道工事業","30~49","2","物上げ装置、運搬機械","22","動力運搬機","221","トラック","17","交通事故（道路）"
"492","2002","平成","14","9","2~3","4t車で走行中、右側面中央部の排気マフラー付近から出火していたため先路上にトラックを停止させて、運転席から降り消火活動をしていたところ、後方から来たトラックに跳ねられた。","4","運輸交通業","403","道路貨物運送業","40301","一般貨物自動車運送業","30~49","2","物上げ装置、運搬機械","22","動力運搬機","221","トラック","17","交通事故（道路）"
"493","2002","平成","14","5","15~16","自動車解体現場において、ドア部が外された乗用車をフォークリフトのフォークで持ち上げ、その真下に潜り込んで部品を取り外していたところ、車体が落下して下敷きになった。","8","商業","801","卸売業","80109","その他の卸売業","1~9","2","物上げ装置、運搬機械","22","動力運搬機","222","フォークリフト","4","飛来、落下"
"494","2002","平成","14","3","9~10","ごみ収集車で一般家庭ごみの収集中、収集車後部のごみの投入口のステップ(幅約22センチメートル)に立ち乗りして次の収集所へ移動して、運転手が収集場所に収集車を近づけるためバックで右旋回したところ、掴んでいた蓋が突然下に落ちたため反動でステツプから落ち、後退してきたごみ収集車に轢かれた。","15","清掃・と畜業","1501","清掃・と畜業","150103","その他の廃棄物処理業","30~49","2","物上げ装置、運搬機械","22","動力運搬機","221","トラック","7","はさまれ、巻き込まれ"
"495","2002","平成","14","5","0~1","最大積載量12.5tのバルク車で牛用飼料を農家に運び、牛舎に設置されている高さ約6.5m、容積9.7立方メートルのタンクに上部より飼料を投入していたところ、タンクが倒壊して下半身がタンクの下敷きとなり上半身が牛用飼料に埋もれた。","4","運輸交通業","403","道路貨物運送業","40301","一般貨物自動車運送業","30~49","4","仮設物、建築物、構築物等","41","仮設物、建築物、構築物等","418","建築物、構築物","5","崩壊、倒壊"
"496","2002","平成","14","5","14~15","地上1階部分のコンクリート打設作業において、コンクリートポンプ車から生コンクリートの圧送作業を行い労働者がコンクリート均し作業を行っていたところ、コンクリートポンプ車のブームが折れてブーム先端部が地上に落下し、地上1階付近でコンクリート均し作業を行っていた者に当たった。","3","建設業","302","建築工事業","30201","鉄骨・鉄筋コンクリート造家屋建築工事業","1~9","1","動力機械","14","建設機械等","149","その他の建設機械等","4","飛来、落下"
"497","2002","平成","14","5","17~18","2台の車両で都道を走行中、前方車両が駐車場に入庫するために急速に車線変更をしたため、後方の車両に追突されてハンドル操作を誤り駐車場入口看板を巻き込みながら駐車場係員3名を跳ね、そのうち1名が死亡した。","14","接客娯楽業","1403","その他の接客娯楽業","140302","公園・遊園地","1000~9999","2","物上げ装置、運搬機械","23","乗物","231","乗用車、バス、バイク","17","交通事故（道路）"
"498","2002","平成","14","5","9~10","管渠築造工事においてマンホール(立坑)の補修、清掃を行うための作業準備をしていたが、道具を忘れたので相方が自宅に道具を取りに行き現場に戻ってきたところ、姿が見当たらなかったので全工区内を探したところ、他発注の完了済み下水マンホールで死亡していた。","3","建設業","301","土木工事業","30110","上下水道工事業","1~9","4","仮設物、建築物、構築物等","41","仮設物、建築物、構築物等","414","開口部","1","墜落、転落"
"499","2002","平成","14","4","16~17","アパート及び倉庫の解体工事に付随した立木(樫、高さ約7m)の伐採作業で、立木に登って枝払い作業を行っていて高さ約4.5mから墜落した。","17","その他の事業","1702","その他の事業","170209","その他の事業－その他","1~9","7","環境等","71","環境等","712","立木等","1","墜落、転落"
"500","2002","平成","14","2","8~9","工場屋上に設置されたベンチレーターの取替工事のため、ベンチレーターの周囲のスレート屋根上に足場板を敷く作業を行っていたところ、地上にいた被災者(足場板を敷く作業には従事せず)が屋根に上がってベンチレーターに近づこうとして足場板が敷かれていないスレートを踏み抜き、7.4m下の工場内コンクリート土間へ墜落した。","17","その他の事業","1702","その他の事業","170209","その他の事業－その他","1~9","4","仮設物、建築物、構築物等","41","仮設物、建築物、構築物等","415","屋根、はり、もや、けた、合掌","1","墜落、転落"
"501","2002","平成","14","4","8~9","高さ3.2m、直径2mのFRP製塩酸タンクの更新作業において、タンク内の濃度35%の塩酸を抜き取るため、タンクタラップを登って頂部のマンホールを開けるため頂部の鏡板に乗ったときに、鏡板が破れたためタンク内に落下した。","15","清掃・と畜業","1501","清掃・と畜業","150102","産業廃棄物処理業","50~99","3","その他の装置等","32","化学設備","321","化学設備","1","墜落、転落"
"502","2002","平成","14","4","9~10","上水道の立坑内の最下層(地下6階)で電気設備の取り付けを行うために排水ピット内の滞水を排除する必要があったので、地上にいた同僚に排水ポンプのスイッチを入れるように合図し同僚がスイッチを入れたときに、電源盤の誤配線のため上水道管の地下5階の位置に取付けられた仕切弁が開放されて水が噴出し、逃げ遅れて溺れた。","3","建設業","303","その他の建設業","30302","機械器具設置工事業","1~9","3","その他の装置等","39","その他の装置、設備","391","その他の装置、設備","10","おぼれ"
"503","2002","平成","14","4","13~14","マンション新築工事において、土中に仮埋めした長さ4mの杭の上の同種の杭を移動式クレーンを用いて吊ったまま2つの杭を仮溶接し、その直後に写真撮影を行うため杭の至近距離で黒板を持っていたところ、仮溶接が外れてきて杭が身体に激突し、反動でクレーンのアウトリガーに頭部を強打した。","17","その他の事業","1702","その他の事業","170201","警備業","30~49","4","仮設物、建築物、構築物等","41","仮設物、建築物、構築物等","419","その他の仮設物、建築物、構築物等","6","激突され"
"504","2002","平成","14","2","21~22","トラックで国道を走行中、赤信号で停車中の大型トラックに追突した。","4","運輸交通業","403","道路貨物運送業","40301","一般貨物自動車運送業","100~299","2","物上げ装置、運搬機械","22","動力運搬機","221","トラック","17","交通事故（道路）"
"505","2002","平成","14","5","16~17","下水道工事現場にセメント袋を運ぶため、袋を担いで国道を横断しようとしたところ、右方から走行してきた大型貨物自動車(最大積載量13.5t)に激突した。","3","建設業","301","土木工事業","30110","上下水道工事業","1~9","2","物上げ装置、運搬機械","22","動力運搬機","221","トラック","17","交通事故（道路）"
"506","2002","平成","14","3","11~12","講習会の講師をするため同僚と営業車で走行中、道路近くの野焼きの煙が道路上に滞留したため先行車両が急減速し、後続車が次々と追突する多重衝突事故(14台衝突、4人死亡、10人負傷)に巻き込まれた。","17","その他の事業","1702","その他の事業","170209","その他の事業－その他","30~49","2","物上げ装置、運搬機械","23","乗物","231","乗用車、バス、バイク","17","交通事故（道路）"
"507","2002","平成","14","2","11~12","講習会の講師をするため同僚と営業車で走行中、道路近くの野焼きの煙が道路上に滞留したため先行車両が急減速し、後続車が次々と追突する多重衝突事故(14台衝突、4人死亡、10人負傷)に巻き込まれた。","17","その他の事業","1702","その他の事業","170209","その他の事業－その他","30~49","2","物上げ装置、運搬機械","23","乗物","231","乗用車、バス、バイク","17","交通事故（道路）"
"508","2002","平成","14","3","9~10","事業場2階で菓子(ポテトチップ・せんべい)等の品揃えの作業が終わり、下に降りようとして梯子から転落した。","8","商業","801","卸売業","80109","その他の卸売業","1~9","3","その他の装置等","37","用具","371","はしご等","1","墜落、転落"
"509","2002","平成","14","3","13~14","粉砕機周辺で作業をしていて、粉砕機に巻き込まれた。","17","その他の事業","1702","その他の事業","170209","その他の事業－その他","1~9","1","動力機械","16","一般動力機械","162","混合機、粉砕機","7","はさまれ、巻き込まれ"
"510","2002","平成","14","5","10~11","RC造5階建て建物解体現場の3階において、4階スラブ小梁を補強(4階に重機が乗るので)するための支柱(514.5センチメートル)を立てる作業で大引き受けジャッキの微調整を行っていたところ、支柱が倒壊し支柱共々地面に倒れて支柱の下敷きになった。","3","建設業","303","その他の建設業","30302","機械器具設置工事業","1~9","4","仮設物、建築物、構築物等","41","仮設物、建築物、構築物等","411","足場","1","墜落、転落"
"511","2002","平成","14","4","13~14","大型トラックで機械を積んで国道を走行中、道路左側のガードレールに接触して横転し運転席に挟まれた。","15","清掃・と畜業","1501","清掃・と畜業","150109","その他の清掃・と畜業","1~9","2","物上げ装置、運搬機械","22","動力運搬機","221","トラック","17","交通事故（道路）"
"512","2002","平成","14","5","14~15","定期船の荷下し作業で、長さ9mの鉄筋5束(1束300本、1束の質量2.68t)を玉掛けし(2点吊り)、能力45tのホイールクレーンを使用してハッチを通過させるため荷を回転させたところ、荷の一端が船内の壁に当たって荷の回転が速くなり、輪木の片付作業を行っていた者が荷をよけきれずに荷に激突され、荷と船の壁との間に挟まれた。","5","貨物取扱業","502","港湾運送業","50202","港湾荷役業","1~9","6","荷","61","荷","611","荷姿の物","6","激突され"
"513","2002","平成","14","9","9~10","くず鉄搬出用ベルトコンベヤに取り付けられた送り刃に頭部を引っ掛けられ、そのまま同ベルトコンベヤ内へ引きずり込まれた。","1","製造業","113","一般機械器具製造業","11301","機械（精密機械を除く）器具製造業","1000~9999","2","物上げ装置、運搬機械","22","動力運搬機","224","コンベア","7","はさまれ、巻き込まれ"
"514","2002","平成","14","5","9~10","宅地造成工事において、クレーン機能付き車両系建設機械でコンクリート製の排水溝の蓋9枚を不整地運搬車の荷台に積み込む作業中、荷台上で荷の誘導等をしていた者が不整地運搬車のダンプボデーと荷との間に挟まれた。","3","建設業","301","土木工事業","30109","土地整理土木工事業","1~9","2","物上げ装置、運搬機械","21","動力クレーン等","212","移動式クレーン","6","激突され"
"515","2002","平成","14","5","15~16","配水管の埋設終了後、仮設鉄板を埋め戻したところに敷き直すため、ドラグショベルを後退させたときに後方にいた者を轢いた。","3","建設業","301","土木工事業","30110","上下水道工事業","1~9","1","動力機械","14","建設機械等","142","掘削用機械","7","はさまれ、巻き込まれ"
"516","2002","平成","14","5","9~10","埠頭岸壁に接岸していた船の船倉から荷揚げした梱包された合板(縦185×横95×高さ125センチメートル、質量約1.5t)9梱包(3段×3列)を、岸壁においてフォークリフトを用いる荷さばき作業と同時並行して検品作業を行っていたところ、3段目の梱包された合板の一つが(高さ約2.7m)落下し検品作業を行っていた者が下敷きになった。","17","その他の事業","1702","その他の事業","170209","その他の事業－その他","10~29","6","荷","61","荷","611","荷姿の物","4","飛来、落下"
"517","2002","平成","14","5","9~10","パワーショベルの解体作業でショベルのアームと車体をガスで切断し、その後アームが倒れ落ちる場所を整理していたときに、アームと車体が完全に切断されていたためアームが倒れその下敷きになった。","8","商業","801","卸売業","80109","その他の卸売業","1~9","5","物質、材料","52","材料","521","金属材料","5","崩壊、倒壊"
"518","2002","平成","14","5","15~16","山で伐採した玉切り後の木材を犬走り(作業道で巾約2.5m)へ木落し作業中、斜度約35度を滑り落ちて頭部を強打した。","6","農林業","602","林業","60201","木材伐出業","1~9","7","環境等","71","環境等","711","地山、岩石","1","墜落、転落"
"519","2002","平成","14","4","2~3","20tトレーラーに石膏ボードを積んで首都高速を走行中、中央分離帯に接触し衝撃で反対車線に投げ出された。","4","運輸交通業","403","道路貨物運送業","40301","一般貨物自動車運送業","10~29","2","物上げ装置、運搬機械","22","動力運搬機","221","トラック","17","交通事故（道路）"
"520","2002","平成","14","5","21~22","立体駐車場において、管理人が所在不明となったので整備業者らが捜索していたところ、地上階と地階をつなぐハシゴの直近で地下4階(最下階)床面に倒れているのを発見した。(客が落とした眼鏡を回収するためハシゴを昇降していたと推定される。)","8","商業","801","卸売業","80109","その他の卸売業","10~29","4","仮設物、建築物、構築物等","41","仮設物、建築物、構築物等","418","建築物、構築物","1","墜落、転落"
"521","2002","平成","14","5","16~17","電柱建替え工事の段取り作業を行っていたところ、走行してきたトラックが駐車していた建柱車に追突したため、建柱車と高所作業車の間にいた者が両車に挟まれた。","3","建設業","301","土木工事業","30106","道路建設工事業","10~29","2","物上げ装置、運搬機械","22","動力運搬機","221","トラック","17","交通事故（道路）"
"522","2002","平成","14","5","10~11","旋盤に鋼棒(長さ1100ミリメートル、φ25ミリメートル)をセットしようとしていたときに、旋盤の起動レバーに体が触れたため主軸が回転し、未だチャックで固定していなかった鋼棒で頭部を強打された。","1","製造業","113","一般機械器具製造業","11301","機械（精密機械を除く）器具製造業","30~49","1","動力機械","15","金属加工用機械","151","旋盤","6","激突され"
"523","2002","平成","14","5","16~17","熱間鍛造プレス機械で鍛造作業中、上型を固定しているクサビ型の部材(長さ395ミリメートル、重さ約11キログラム)が飛び出し、腹部に当たって内臓破裂となった。","1","製造業","110","鉄鋼業","11001","製鉄・製鋼・圧延業","10~29","1","動力機械","15","金属加工用機械","159","その他の金属加工用機械","4","飛来、落下"
"524","2002","平成","14","4","9~10","チェーンソーで松の立木(胸高直径約60センチメートル、高さ約20m)の伐倒作業中、チェーンソーのエンジン音が聞こえなくなったのを他の作業員が気づき、行って見ると作業者がうつ伏せの状態で倒れていて背中に木が覆い被さっていた。","6","農林業","602","林業","60201","木材伐出業","1~9","7","環境等","71","環境等","712","立木等","6","激突され"
"525","2002","平成","14","4","6~7","社用車に3名が乗って宿舎に向けて自動車道を走行中、道外に逸脱した。","3","建設業","301","土木工事業","30109","土地整理土木工事業","10~29","2","物上げ装置、運搬機械","23","乗物","231","乗用車、バス、バイク","17","交通事故（道路）"
"526","2002","平成","14","5","21~22","パチンコ店のごみを駐車場横にあるごみ捨て場に捨て、台車を押して店に帰るため市道を横断していたところ、左側より走行してきた乗用車にはねられた。","17","その他の事業","1702","その他の事業","170209","その他の事業－その他","30~49","2","物上げ装置、運搬機械","23","乗物","231","乗用車、バス、バイク","17","交通事故（道路）"
"527","2002","平成","14","10","4~5","同僚と普通貨物自動車で市場で仕入れを終えて事業場へ帰る途中、運転手が居眠りをしたため路肩に停車していた大型貨物自動車に追突し、助手席の者が死亡した。","8","商業","801","卸売業","80109","その他の卸売業","10~29","2","物上げ装置、運搬機械","22","動力運搬機","221","トラック","17","交通事故（道路）"
"528","2002","平成","14","5","0~1","資材置場に積み上げられたコンクリートがら(高さ約12m、幅約50ミリメートル、奥行約9.5m)を処理するため、ダンプトラックの荷台にバックホーでコンクリートがらを移し替えていたところ、コンクリートがらの一部が崩れ落ちバックホーの運転手を直撃した。","15","清掃・と畜業","1501","清掃・と畜業","150102","産業廃棄物処理業","10~29","7","環境等","71","環境等","711","地山、岩石","5","崩壊、倒壊"
"529","2002","平成","14","5","16~17","RC5階建築現場の2階壁のコンクリート打設で使用した12ミリメートルベニヤ製型わくパネル(7m×4.8m)を3階へ上げるため、クレーンのフックにワイヤを2本掛けし、アイの部分をパネルにフォームタイで固定した単管とベニヤ板の隙間に通して、アイ部分に短く切った単管を通してフォームタイを締めて吊り上げたところ、フォームタイが抜けてパネルが落下した。","3","建設業","302","建築工事業","30201","鉄骨・鉄筋コンクリート造家屋建築工事業","10~29","5","物質、材料","52","材料","522","木材、竹材","4","飛来、落下"
"530","2002","平成","14","12","5~6","バルク車(飼料運搬車・積載4t)で農家へ飼料を配達後、会社へ戻るため県道を走行中、運転を誤って道路右側にある喫茶店の駐車場へ突入したのち駐車場の崖下(高さ約2m)の畑に転落した。","4","運輸交通業","403","道路貨物運送業","40301","一般貨物自動車運送業","10~29","2","物上げ装置、運搬機械","22","動力運搬機","221","トラック","17","交通事故（道路）"
"531","2002","平成","14","5","14~15","サーマルリサイクル施設の感染性廃棄物貯留場内で、感染性廃棄物供給装置の運転を指示されて1人で4階の中央操作室を出て1階の操作盤に行き起動させたが約10秒後に異常が発生し、その後2~3分経過してもリセットされないので、同僚が確認に行ったところ1階NO2感染性廃棄物コンベア横で倒れていた。","15","清掃・と畜業","1501","清掃・と畜業","150102","産業廃棄物処理業","30~49","2","物上げ装置、運搬機械","22","動力運搬機","229","その他の動力運搬機","7","はさまれ、巻き込まれ"
"532","2002","平成","14","5","10~11","町道わきの草刈り作業で、休憩をとるため路肩から約2m離れた草地に同僚と2人で座っていたところ、軽自動車が突っ込んできてはねられた。","6","農林業","602","林業","60209","その他の林業","1~9","2","物上げ装置、運搬機械","23","乗物","231","乗用車、バス、バイク","17","交通事故（道路）"
"533","2002","平成","14","5","10~11","収集してきた家庭可燃ごみをごみ焼却場のごみピットに空ける作業で、ごみ収集車からごみを掻き落とす補助作業を行っていてピットの開口部から8m下のごみピットに墜落した。","15","清掃・と畜業","1501","清掃・と畜業","150109","その他の清掃・と畜業","100~299","4","仮設物、建築物、構築物等","41","仮設物、建築物、構築物等","414","開口部","1","墜落、転落"
"534","2002","平成","14","5","16~17","生コン製造プラントタワ-の最上部に設置してある骨材(砂利)投入装置のベルトコンベアーの清掃作業を行っていて、ホッパ-への投入シュ-トに挟まれた。","1","製造業","109","窯業土石製品製造業","10901","セメント・同製品製造業","1~9","2","物上げ装置、運搬機械","22","動力運搬機","224","コンベア","7","はさまれ、巻き込まれ"
"535","2002","平成","14","5","5~6","軽ワゴン車で米の配達に行き帰社のため国道を走行中、センターラインを越えたため対向車線のトラックが衝突を避けようとして左側電柱へ衝突し止まったところへ軽ワゴン車が衝突し、衝突の弾みで元の車線に戻ったところへ後から走行してきた乗用車が衝突した。","1","製造業","101","食料品製造業","10109","その他の食料品製造業","10~29","2","物上げ装置、運搬機械","23","乗物","231","乗用車、バス、バイク","17","交通事故（道路）"
"536","2002","平成","14","6","14~15","電柱の頂部の「腕金(うでかね)」及びその他の金具を交換するため、電柱に昇り腕金に安全帯を取り付け身体を支えたが作業中に腕金が水平に倒れたため、安全帯が腕金から外れ高さ6mの位置から地面に墜落した。","3","建設業","303","その他の建設業","30301","電気通信工事業","1~9","4","仮設物、建築物、構築物等","41","仮設物、建築物、構築物等","418","建築物、構築物","1","墜落、転落"
"537","2002","平成","14","4","13~14","工事契約成立先に挨拶に赴き帰社のため社用車で県道を走行中、下り車線のカーブでセンターラインを超えて対向の車に激突した。","8","商業","802","小売業","80209","その他の小売業","不明","2","物上げ装置、運搬機械","23","乗物","231","乗用車、バス、バイク","17","交通事故（道路）"
"538","2002","平成","14","5","4~5","フレコンバックを積んで国道を走行中、対向車のトラックがセンターラインを超えてきて正面衝突した。","4","運輸交通業","403","道路貨物運送業","40309","その他の道路貨物運送業","30~49","2","物上げ装置、運搬機械","22","動力運搬機","221","トラック","17","交通事故（道路）"
"539","2002","平成","14","2","11~12","ドラグショベルで廃棄物を圧縮梱包機のホッパーへ投入する作業で、ドラグショベルのアタッチメントを取替えるため接続ピンを鉄筋棒でたたいて抜こうとしたときに鉄筋棒がホッパー内へ落ちたので、拾うために飛び降りたところへゴミを押し出す主押が動いてきて主押とホッパー内壁との間に両足を挟まれた。","15","清掃・と畜業","1501","清掃・と畜業","150103","その他の廃棄物処理業","1~9","1","動力機械","16","一般動力機械","169","その他の一般動力機械","7","はさまれ、巻き込まれ"
"540","2002","平成","14","5","0~1","県道を軽保冷車で走行中、対向のワゴン車が中央線を越えてきて正面衝突した。","1","製造業","101","食料品製造業","10109","その他の食料品製造業","10~29","2","物上げ装置、運搬機械","23","乗物","231","乗用車、バス、バイク","17","交通事故（道路）"
"541","2002","平成","14","6","16~17","土捨て場に運び込まれた土砂の均し作業で、途中でブル・ドーザーが動かなくなったため運転席左側の覆帯に乗り運転席前方のエンジン部分を点検していたときに、突然ブル・ドーザーが動き出したためキャタピラに巻き込まれた。","3","建設業","301","土木工事業","30199","その他の土木工事業","1~9","1","動力機械","14","建設機械等","141","整地・運搬・積込み用機械","7","はさまれ、巻き込まれ"
"542","2002","平成","14","6","13~14","前週から保管されていたコンクリートブロック3段積み(2列、計6個)上にコンクリートブロック2個(4段目、1個250キログラム)を専用アタッチメント付フォークリフトで積み上げ、4段積みになったブロック(高さ2m25センチメートル)付近でバランス等を確認していたところ、突然4段目から3段目のブロック等が崩れ下敷きになった。","1","製造業","109","窯業土石製品製造業","10901","セメント・同製品製造業","10~29","6","荷","61","荷","611","荷姿の物","5","崩壊、倒壊"
"543","2002","平成","14","6","13~14","松食い虫の被害木を伐倒し玉切り作業を行っていところ、造材木が約40度の斜面を滑落してきてその下敷きになった。","6","農林業","602","林業","60201","木材伐出業","1~9","7","環境等","71","環境等","712","立木等","6","激突され"
"544","2002","平成","14","6","14~15","ゴルフ場のグリーンの芝生に目土を散布するため、目土散布機のホッパーに砂を入れてグリーンに上がる途中、傾斜約22度の勾配のところで後方に横転し目土散布機の下敷きになった。","14","接客娯楽業","1403","その他の接客娯楽業","140301","ゴルフ場","50~99","1","動力機械","16","一般動力機械","169","その他の一般動力機械","2","転倒"
"545","2002","平成","14","6","9~10","前日に堆肥を散布した畑を耕運するため、トラクターにロータリーを取り付けその位置を調整のためロータリーを持上げるレバーを運転席に上がらずに操作したところ、ロータリー昇降用レバーとロータリーの駆動レバーを間違えて操作したためロータリーが回転してトラクターが前進し、後輪及びロータリーに轢かれた。","6","農林業","601","農業","60101","農業","10~29","1","動力機械","16","一般動力機械","169","その他の一般動力機械","7","はさまれ、巻き込まれ"
"546","2002","平成","14","4","14~15","船台ブロックの取付作業(ブロックとブロックを溶接するため、ガス溶断でブロック接合部の開先をとる作業)を行うため、船のタンク内にハッチから入り、木の足場板の上を歩いて作業場所に行く途中で足場板を踏み抜き約15m下に墜落した。","1","製造業","115","輸送用機械等製造業","11501","造船業","50~99","4","仮設物、建築物、構築物等","41","仮設物、建築物、構築物等","411","足場","1","墜落、転落"
"547","2002","平成","14","5","15~16","配達先から支店へ戻るため社長が運転する1.5tトラックの助手席に乗って走行中、国道の下り車線で道路脇のコンクリート柱に衝突し頭などを強打した。","4","運輸交通業","403","道路貨物運送業","40301","一般貨物自動車運送業","1~9","2","物上げ装置、運搬機械","22","動力運搬機","221","トラック","17","交通事故（道路）"
"548","2002","平成","14","5","8~9","廃木材をチップ材に再生する再生工場において、始業時にプラントを稼働させるため別の場所にいた同僚がシュレッダー(粉砕機)の運転スイッチを入れたところ、シュレッダー(粉砕機)に巻き込まれた。","15","清掃・と畜業","1501","清掃・と畜業","150102","産業廃棄物処理業","1~9","1","動力機械","16","一般動力機械","162","混合機、粉砕機","7","はさまれ、巻き込まれ"
"549","2002","平成","14","5","9~10","高さ約3mの足場上で配管及び金具の塗装作業を行っていて、足場から地上に墜落した。","3","建設業","302","建築工事業","30203","建築設備工事業","10~29","4","仮設物、建築物、構築物等","41","仮設物、建築物、構築物等","411","足場","1","墜落、転落"
"550","2002","平成","14","6","14~15","オイルターミナルにおいて、タンクローリーにガソリン等の積み込み作業を行っていて転落し頚椎を損傷した。","4","運輸交通業","403","道路貨物運送業","40301","一般貨物自動車運送業","100~299","2","物上げ装置、運搬機械","22","動力運搬機","221","トラック","1","墜落、転落"
"551","2002","平成","14","6","8~9","邸宅の新築工事において、移動式クレーンで重ねあわせた壁面パネル8枚(質量0.7t)を作業箇所に吊り上げているときに、壁面パネルが荷崩れして下の作業者を直撃した。","3","建設業","302","建築工事業","30202","木造家屋建築工事業","1~9","6","荷","61","荷","611","荷姿の物","4","飛来、落下"
"552","2002","平成","14","6","14~15","国道の道路工事現場で、片側交互通行の交通誘導作業中に走行して来た普通トラツクに跳ねられた。","17","その他の事業","1702","その他の事業","170201","警備業","50~99","2","物上げ装置、運搬機械","22","動力運搬機","221","トラック","17","交通事故（道路）"
"553","2002","平成","14","6","17~18","新築倉庫の鉄骨建方作業で、柱4本を建て長手方向の傾斜梁を2本架設し次の梁を架設するために、高所作業車(ケージ内で運転)で移動して梁横で待機しているときに、架設した柱と梁が倒れたため高所作業車のケージと倒れた梁との間に挟まれた。","3","建設業","302","建築工事業","30201","鉄骨・鉄筋コンクリート造家屋建築工事業","1~9","4","仮設物、建築物、構築物等","41","仮設物、建築物、構築物等","418","建築物、構築物","5","崩壊、倒壊"
"554","2002","平成","14","6","12~13","プレス工場のプレス機4台の金型及びロボットのアタッチメントの交換作業で、完了品取出しロボットのアタッチメントの交換を終えてスタートボタンを押してプレス機に上半身を入れて金型の確認作業を行っていて2名が挟まれた。","1","製造業","115","輸送用機械等製造業","11502","自動車・同付属品製造業","1000~9999","1","動力機械","15","金属加工用機械","154","プレス機械","7","はさまれ、巻き込まれ"
"555","2002","平成","14","6","12~13","プレス工場のプレス機4台の金型及びロボットのアタッチメントの交換作業で、完了品取出しロボットのアタッチメントの交換を終えてスタートボタンを押してプレス機に上半身を入れて金型の確認作業を行っていて2名が挟まれた。","1","製造業","115","輸送用機械等製造業","11502","自動車・同付属品製造業","1000~9999","1","動力機械","15","金属加工用機械","154","プレス機械","7","はさまれ、巻き込まれ"
"556","2002","平成","14","2","1~2","鋼管を積載したトレーラーで国道を走行中、緩やかな下り坂から左カーブの上り坂に差し掛かったところで横転し対向車線側のガードレールに激突した。","4","運輸交通業","403","道路貨物運送業","40301","一般貨物自動車運送業","10~29","2","物上げ装置、運搬機械","22","動力運搬機","221","トラック","17","交通事故（道路）"
"557","2002","平成","14","6","2~3","10tトラックを運転して国道を走行中、道路脇に停車して自動販売機を利用するためにトラックから降りたときに、サイドブレーキを確実に引いていなかったためトラックがバックしたので、トラックの後部に回って止めようとしたときトラックが路肩から脱輪しその下敷きになった。","4","運輸交通業","403","道路貨物運送業","40301","一般貨物自動車運送業","30~49","2","物上げ装置、運搬機械","22","動力運搬機","221","トラック","7","はさまれ、巻き込まれ"
"558","2002","平成","14","6","14~15","マンション(11階建)の9階の窓清掃作業で、支障となる網戸を取り外すため窓をまたぐ姿勢で網戸を取り外していたときに、約24m下の植え込み部に墜落した。","15","清掃・と畜業","1501","清掃・と畜業","150109","その他の清掃・と畜業","1~9","4","仮設物、建築物、構築物等","41","仮設物、建築物、構築物等","418","建築物、構築物","1","墜落、転落"
"559","2002","平成","14","3","0~1","建設現場へ生コンを運搬するため林道を走行中、左カーブの所で生コン車が横転し運転者が運転席で挟まれ胸部を強打した。","1","製造業","109","窯業土石製品製造業","10901","セメント・同製品製造業","30~49","2","物上げ装置、運搬機械","22","動力運搬機","221","トラック","17","交通事故（道路）"
"560","2002","平成","14","5","11~12","鋼板(2.4m×厚さ9ミリメートル、質量約230キログラム)の錆止めを手刷毛塗りしていて、片面を塗り終えたので2.8t天井クレーン(無線操作式)を使用して一点吊りで板材を反転しようとしていたときに、クランプが板材から外れ近くにいた者の頭部に当たった。","1","製造業","112","金属製品製造業","11209","その他の金属製品製造業","1~9","3","その他の装置等","37","用具","372","玉掛用具","4","飛来、落下"
"561","2002","平成","14","6","8~9","砂利採取現場の土捨場おいて、残土を積んだダンプ(4t)を誘導者の指示のもと後進していたところ、後進しすぎて水の溜まっている残土捨場(深さ約12m:うち水深約5m)にダンプごと転落して水没した。","17","その他の事業","1702","その他の事業","170209","その他の事業－その他","1~9","2","物上げ装置、運搬機械","22","動力運搬機","221","トラック","1","墜落、転落"
"562","2002","平成","14","6","10~11","沈殿槽下部から脱水装置へ汚泥を送る配管の詰まりを除去するため、沈殿槽下部のピット内でフランジを外して沈殿槽の水圧で詰まりを押し出すためにフランジ上流のバルブを開いたところ、内容物が一気に噴出して高濃度の硫化水素に暴露し、救助者を含めて4名が死亡した。","1","製造業","102","繊維工業","10203","織物業","100~299","5","物質、材料","51","危険物、有害物等","514","有害物","12","有害物等との接触"
"563","2002","平成","14","6","10~11","沈殿槽下部から脱水装置へ汚泥を送る配管の詰まりを除去するため、沈殿槽下部のピット内でフランジを外して沈殿槽の水圧で詰まりを押し出すためにフランジ上流のバルブを開いたところ、内容物が一気に噴出して高濃度の硫化水素に暴露し、救助者を含めて4名が死亡した。","1","製造業","102","繊維工業","10203","織物業","100~299","5","物質、材料","51","危険物、有害物等","514","有害物","12","有害物等との接触"
"564","2002","平成","14","6","10~11","沈殿槽下部から脱水装置へ汚泥を送る配管の詰まりを除去するため、沈殿槽下部のピット内でフランジを外して沈殿槽の水圧で詰まりを押し出すためにフランジ上流のバルブを開いたところ、内容物が一気に噴出して高濃度の硫化水素に暴露し、救助者を含めて4名が死亡した。","1","製造業","102","繊維工業","10203","織物業","100~299","5","物質、材料","51","危険物、有害物等","514","有害物","12","有害物等との接触"
"565","2002","平成","14","6","10~11","沈殿槽下部から脱水装置へ汚泥を送る配管の詰まりを除去するため、沈殿槽下部のピット内でフランジを外して沈殿槽の水圧で詰まりを押し出すためにフランジ上流のバルブを開いたところ、内容物が一気に噴出して高濃度の硫化水素に暴露し、救助者を含めて4名が死亡した。","1","製造業","102","繊維工業","10203","織物業","1~9","5","物質、材料","51","危険物、有害物等","514","有害物","12","有害物等との接触"
"566","2002","平成","14","3","22~23","タクシーで市道を走行していたところ、センターラインをオーバーしてきた乗用車に正面衝突された。","4","運輸交通業","402","道路旅客運送業","40201","ハイヤー・タクシー業","10~29","2","物上げ装置、運搬機械","23","乗物","231","乗用車、バス、バイク","17","交通事故（道路）"
"567","2002","平成","14","1","3~4","国道をトラックで走行中、信号停止していたトラックに追突した。","4","運輸交通業","403","道路貨物運送業","40301","一般貨物自動車運送業","10~29","2","物上げ装置、運搬機械","22","動力運搬機","221","トラック","17","交通事故（道路）"
"568","2002","平成","14","6","9~10","ジクロルメタンを使用してガス器具部品を洗浄する3槽式有機溶剤自動洗浄装置に入っていたジクロルメタンをバルブで排出したのち、洗浄装置内に入りジクロルメタン中毒で倒れた。(槽内には10センチメートル程度のジクロルメダンが残っていた。)","1","製造業","112","金属製品製造業","11203","金属プレス製品製造業","30~49","5","物質、材料","51","危険物、有害物等","514","有害物","12","有害物等との接触"
"569","2002","平成","14","6","15~16","県道をトマトを積んだトラックで走行中、対向のトラックが中央線をはみ出してきて正面衝突した。","4","運輸交通業","403","道路貨物運送業","40301","一般貨物自動車運送業","10~29","2","物上げ装置、運搬機械","22","動力運搬機","221","トラック","17","交通事故（道路）"
"570","2002","平成","14","6","15~16","自動車修理工場内で、3t積載型トラッククレーンのトラック後部ランプの点滅点検作業を行っていたところ、バックランプが点灯しないので同僚にエンジンを掛けるように指示したときに、トラックが突然バックしてトラックと壁との間に挟まれた。","1","製造業","117","その他の製造業","11701","自動車整備業","30~49","2","物上げ装置、運搬機械","21","動力クレーン等","212","移動式クレーン","7","はさまれ、巻き込まれ"
"571","2002","平成","14","7","15~16","林道開設工事の土砂捨て場において、谷側法面の整形作業を行っていた2台のドラグ・ショベルのうち1台のドラグ・ショベルを作業箇所から移動したときに、突然土砂が崩壊してドラグ・ショベルが運転席ごと埋まった。","3","建設業","301","土木工事業","30106","道路建設工事業","30~49","7","環境等","71","環境等","711","地山、岩石","5","崩壊、倒壊"
"572","2002","平成","14","7","17~18","社長と2人で1階及び2階の外壁左官作業を行っていたが、午後に社長が1階の左官作業を命じ現場を離れて午後5時頃に現場に戻ってきたところ、家屋西側の地面に倒れていた。","3","建設業","302","建築工事業","30202","木造家屋建築工事業","1~9","4","仮設物、建築物、構築物等","41","仮設物、建築物、構築物等","415","屋根、はり、もや、けた、合掌","1","墜落、転落"
"573","2002","平成","14","6","16~17","自動車ドア部分のトライアル作業で、プレス1号機の金型が不具合のため金型とともに取り出していた半製品を2号機(フリクションクラッチ1300t)のラインに乗せるために、手で抱えて開いていた安全ガード部分から入って金型に設置したときに、ワーク確認用のリミットスイッチが入ったため上金型が下降し、スクラップカッターに頭、肩部分が挟まれた。","1","製造業","115","輸送用機械等製造業","11502","自動車・同付属品製造業","100~299","1","動力機械","15","金属加工用機械","154","プレス機械","7","はさまれ、巻き込まれ"
"574","2002","平成","14","5","14~15","林道及び斜面に大量に落下した枝の取り除き作業において、地山を切り取って作業箇所を確保しグラップルにより斜面の枝を取り除いていたときに、作業箇所が崩壊しグラップルとともに約26.5m下の河原に転落した。","3","建設業","301","土木工事業","30106","道路建設工事業","10~29","2","物上げ装置、運搬機械","22","動力運搬機","229","その他の動力運搬機","1","墜落、転落"
"575","2002","平成","14","6","14~15","地上4階地下2階のダム管理事務所の改修工事において、足場の仮設配電盤の撤去作業を行っていて作業床から16m下の基礎部分に墜落した。","3","建設業","303","その他の建設業","30301","電気通信工事業","1~9","4","仮設物、建築物、構築物等","41","仮設物、建築物、構築物等","418","建築物、構築物","1","墜落、転落"
"576","2002","平成","14","6","4~5","原付バイクで新聞配達中、ガードレールのない幅4mの道路から2m下の用水路へ転落し溺死した。","8","商業","802","小売業","80205","新聞販売業","10~29","2","物上げ装置、運搬機械","23","乗物","231","乗用車、バス、バイク","17","交通事故（道路）"
"577","2002","平成","14","6","11~12","ガラス容器をリサイクルするためコンベア上でガラスの色ごとに選別してロータリークラシャーで破砕作業中、ロータリークラシャーから雑音が聞こえてきたので、ロータリークラシャー上の異物を取り除こうとロータリークラシャーに近づき巻き込まれた。","8","商業","801","卸売業","80109","その他の卸売業","30~49","1","動力機械","16","一般動力機械","162","混合機、粉砕機","7","はさまれ、巻き込まれ"
"578","2002","平成","14","11","6~7","大型トラックで自動車道を走行中、左のフロントタイヤがパンクして路肩に停車していた大型トラックに時速約80キロメートル/hで追突した。","4","運輸交通業","403","道路貨物運送業","40301","一般貨物自動車運送業","50~99","2","物上げ装置、運搬機械","22","動力運搬機","221","トラック","17","交通事故（道路）"
"579","2002","平成","14","6","15~16","破砕機(クローラ式の下部走行体に2軸せん断機とホッパー・排出コンベヤーがついている、質量16t)で畳の破砕中に、せん断機が詰まったのでホッパー内に降り、せん断機のカッターに両下肢、両上肢を巻き込まれた。","15","清掃・と畜業","1501","清掃・と畜業","150102","産業廃棄物処理業","30~49","1","動力機械","16","一般動力機械","162","混合機、粉砕機","7","はさまれ、巻き込まれ"
"580","2002","平成","14","9","2~3","保冷トラック(4t車)で高速道路を走行中、前を走行していたタンクローリー車に追突した。","4","運輸交通業","403","道路貨物運送業","40301","一般貨物自動車運送業","30~49","2","物上げ装置、運搬機械","22","動力運搬機","221","トラック","17","交通事故（道路）"
"581","2002","平成","14","6","20~21","客先で警備システムの作動状況を示すため、2階の窓から隣接の倉庫のスレート葺屋根上に出て移動していたところ、スレート屋根を踏み抜きそのまま地上に転落した。","8","商業","802","小売業","80209","その他の小売業","50~99","4","仮設物、建築物、構築物等","41","仮設物、建築物、構築物等","415","屋根、はり、もや、けた、合掌","1","墜落、転落"
"582","2002","平成","14","3","16~17","納品のため高速道を走行中、故障のため路肩に停車中のトラックに衝突した。","8","商業","802","小売業","80209","その他の小売業","1~9","2","物上げ装置、運搬機械","22","動力運搬機","221","トラック","17","交通事故（道路）"
"583","2002","平成","14","3","13~14","塗装場横の空地で不要になった木製の格納箱の焼却中、燃焼を促進するため1斗缶に入った廃油を箱にかけてたところ1斗缶が爆発し、衝撃で廃油が飛び散り衣服に付着して引火し、下半身・両腕・顎から喉にかけて火傷を負った。","1","製造業","113","一般機械器具製造業","11302","計量器測定器製造業","10~29","5","物質、材料","51","危険物、有害物等","512","引火性の物","16","火災"
"584","2002","平成","14","3","16~17","クリーニング工場の建物3階乾燥場の乾燥機が故障したので、搬入用のベルトコンベヤー上の荷を取り除くためコンベヤー内に立ち入ったところ、センサーが感知してコンベヤーが起動し、下部コンベヤーと上部コンベヤーとの間に胸部を挟まれた。","1","製造業","117","その他の製造業","11703","クリーニング業","30~49","1","動力機械","16","一般動力機械","169","その他の一般動力機械","7","はさまれ、巻き込まれ"
"585","2002","平成","14","4","14~15","産業廃棄物の選別作業を行っていたときに、他の者がトラクター・ショベルを後退させたためトラクター・ショベルに巻き込まれた。","15","清掃・と畜業","1501","清掃・と畜業","150102","産業廃棄物処理業","10~29","1","動力機械","14","建設機械等","141","整地・運搬・積込み用機械","6","激突され"
"586","2002","平成","14","4","9~10","地上14階建て建築工事の高さ40.8mの外部足場解体作業において、解体済み足場材のブレスを1組づつ降ろししていたところ、2組の長さの違うブレス材が混じりこみその内1組が18段目(高さ30.8m)から落下し、下で足場材の片付け作業に従事していた者に激突した。","3","建設業","302","建築工事業","30201","鉄骨・鉄筋コンクリート造家屋建築工事業","30~49","4","仮設物、建築物、構築物等","41","仮設物、建築物、構築物等","419","その他の仮設物、建築物、構築物等","4","飛来、落下"
"587","2002","平成","14","9","16~17","レストランの解体工事で出た廃材を4tトラックに積み自動車道を走行中、トラック右後方のタイヤがパンクしてバランスを失い横転した。","17","その他の事業","1702","その他の事業","170209","その他の事業－その他","1~9","2","物上げ装置、運搬機械","22","動力運搬機","221","トラック","17","交通事故（道路）"
"588","2002","平成","14","4","8~9","産業廃棄物を焼却するため、車両系建設機械を用いて運搬中に横転した。","15","清掃・と畜業","1501","清掃・と畜業","150102","産業廃棄物処理業","1~9","1","動力機械","14","建設機械等","149","その他の建設機械等","1","墜落、転落"
"589","2002","平成","14","6","8~9","職員4名を乗せた軽ワゴン車で国道を走行中、センターラインをはみ出した対向の乗用車と衝突し路外へ転落した。","16","官公署","1601","官公署","160101","官公署","50~99","2","物上げ装置、運搬機械","23","乗物","231","乗用車、バス、バイク","17","交通事故（道路）"
"590","2002","平成","14","3","15~16","自動車の解体作業場でトラック荷台の解体作業中、荷台の鳥居部分と床部分を外すためフォークリフトでトラック荷台を1.5m程度持ち上げた状態で接合部のボルトをガス溶断し、鳥居部分の正面下から大ハンマーで鳥居部分を叩いていたときに、鳥居部分が倒れて下敷きになった。","8","商業","802","小売業","80202","自動車小売業","10~29","3","その他の装置等","36","人力機械工具等","364","手工具","5","崩壊、倒壊"
"591","2002","平成","14","6","1~2","国道に情報ボックスを設置作業で、片側規制のバリケード内で交通誘導をしていたところへ走行してきたRV車が突っ込んできて激突された。","17","その他の事業","1702","その他の事業","170201","警備業","30~49","2","物上げ装置、運搬機械","23","乗物","231","乗用車、バス、バイク","17","交通事故（道路）"
"592","2002","平成","14","6","16~17","造林地内で刈払機を使用して下草刈り作業中、刈払機の刈刃が伐根に当たって刃が跳ね返り右足大腿部を切創した。","6","農林業","602","林業","60209","その他の林業","1~9","1","動力機械","13","木材加工用機械","139","その他の木材加工用機械","8","切れ、こすれ"
"593","2002","平成","14","6","10~11","直径260センチメートル、質量7.76tの鋳鉄管に穴をあけるため運んでいるときに、所定の位置に止まらず行き過ぎたため、進行方向で作業していた者が建物の柱と鋳鉄管との間に頭を挟まれた。","1","製造業","110","鉄鋼業","11002","鋳物業","500~999","5","物質、材料","52","材料","521","金属材料","7","はさまれ、巻き込まれ"
"594","2002","平成","14","10","1~2","積み荷を配送するため8tトラックで国道を走行中、対向のトレーラーが中央線をはみ出してきて正面衝突した。","4","運輸交通業","403","道路貨物運送業","40301","一般貨物自動車運送業","10~29","2","物上げ装置、運搬機械","22","動力運搬機","221","トラック","17","交通事故（道路）"
"595","2002","平成","14","11","13~14","4tトラックで県道を走行中、対向の大型ダンプ(9.7t)と正面衝突した。","4","運輸交通業","403","道路貨物運送業","40301","一般貨物自動車運送業","10~29","2","物上げ装置、運搬機械","22","動力運搬機","221","トラック","17","交通事故（道路）"
"596","2002","平成","14","6","9~10","1.5tトラックで国道を走行中、緩やかな下り坂でセンターラインをオーバーし対向のトラックと正面衝突した。","5","貨物取扱業","501","陸上貨物取扱業","50101","陸上貨物取扱業","10~29","2","物上げ装置、運搬機械","22","動力運搬機","221","トラック","17","交通事故（道路）"
"597","2002","平成","14","6","8~9","リフターでスクラップを所定の場所運んで空荷で戻るときに、工場の出入口付近の段差(約13センチメートル)でリフターが転倒したためコンクリート床面との間に挟まれた。","1","製造業","111","非鉄金属製造業","11109","その他の非鉄金属製造業","1~9","3","その他の装置等","36","人力機械工具等","363","人力機械","7","はさまれ、巻き込まれ"
"598","2002","平成","14","10","15~16","杉、桧の植林山の下刈り作業で、刈払い機で左上腕部を切断し出血多量で死亡した。","6","農林業","602","林業","60209","その他の林業","1~9","1","動力機械","16","一般動力機械","169","その他の一般動力機械","8","切れ、こすれ"
"599","2002","平成","14","6","15~16","タンクローリーに積載したセメントをサイロに降ろすためハッチへ上ったときタンク内部圧力が抜けてハッチが跳ね上がり、その影響で地面に転落した。","4","運輸交通業","403","道路貨物運送業","40301","一般貨物自動車運送業","30~49","2","物上げ装置、運搬機械","22","動力運搬機","221","トラック","1","墜落、転落"
"600","2002","平成","14","1","7~8","大型トレーラーで国道を走行中、右カーブを曲がりきれずに左側の法面に激突し、さらに、運転席側が電柱に激突した。","4","運輸交通業","403","道路貨物運送業","40301","一般貨物自動車運送業","1~9","2","物上げ装置、運搬機械","22","動力運搬機","221","トラック","17","交通事故（道路）"
"601","2002","平成","14","5","17~18","新造船のぎ装で、前日に塗装した船首船倉部の上部甲板上でぎ装品(ロープを巻きつける鉄製の棒)をアーク溶接で取り付けていたところ、アーク溶接の熱で溶接箇所の裏側の塗料に着火し、船倉内に溜まっていた有機溶剤のガスに引火し爆発して船倉の上部甲板がめくれあがり、その甲板に頭部を直撃されて約50mはね飛ばされた。","1","製造業","115","輸送用機械等製造業","11501","造船業","1~9","5","物質、材料","51","危険物、有害物等","512","引火性の物","14","爆発"
"602","2002","平成","14","12","6~7","大型トラックで自動車道を走行中、前を走行していた大型トレーラーに追突した。","4","運輸交通業","403","道路貨物運送業","40301","一般貨物自動車運送業","10~29","2","物上げ装置、運搬機械","22","動力運搬機","221","トラック","17","交通事故（道路）"
"603","2002","平成","14","5","0~1","ごみ収集車を運転して国道を走行中、中央分離帯に接触したはずみで左側壁、さらに中央線ガードレールに激突し、運転手が車外に投げ出された。","15","清掃・と畜業","1501","清掃・と畜業","150103","その他の廃棄物処理業","30~49","2","物上げ装置、運搬機械","22","動力運搬機","221","トラック","17","交通事故（道路）"
"604","2002","平成","14","5","5~6","トラックで国道を走行中、対向車線へはみ出してトラックと正面衝突した。","4","運輸交通業","403","道路貨物運送業","40301","一般貨物自動車運送業","1~9","2","物上げ装置、運搬機械","22","動力運搬機","221","トラック","17","交通事故（道路）"
"605","2002","平成","14","6","9~10","防犯灯の交換作業中に転落した。","3","建設業","303","その他の建設業","30301","電気通信工事業","1~9","2","物上げ装置、運搬機械","22","動力運搬機","221","トラック","1","墜落、転落"
"606","2002","平成","14","9","4~5","大型トラックで国道を走行中、大型トラックに追突し、さらに中央分離帯にある水銀灯に激突した。","4","運輸交通業","403","道路貨物運送業","40301","一般貨物自動車運送業","10~29","2","物上げ装置、運搬機械","22","動力運搬機","221","トラック","17","交通事故（道路）"
"607","2002","平成","14","5","23~24","空車のタクシーで国道を走行中、センターラインをオーバーした酒酔い運転の乗用車と正面衝突した。","4","運輸交通業","402","道路旅客運送業","40201","ハイヤー・タクシー業","100~299","2","物上げ装置、運搬機械","23","乗物","231","乗用車、バス、バイク","17","交通事故（道路）"
"608","2002","平成","14","6","13~14","大型トラックにコンテナを積み込み雨から防ぐため荷台に上りシート掛けをしていたときに、荷台上から地上へ転落した。","1","製造業","101","食料品製造業","10109","その他の食料品製造業","10~29","2","物上げ装置、運搬機械","22","動力運搬機","221","トラック","1","墜落、転落"
"609","2002","平成","14","6","15~16","就業時間終了後、事務所内で休憩するため床上82.5センチメートルの高さにある窓枠に腰をかけたとき、開放していた窓から20.2m下の駐車場に墜落した。","8","商業","802","小売業","80209","その他の小売業","10~29","4","仮設物、建築物、構築物等","41","仮設物、建築物、構築物等","418","建築物、構築物","1","墜落、転落"
"610","2002","平成","14","4","7~8","商品の搬入先に到着し先着していた他車の商品の降ろし作業を手伝うため、車の荷台に乗ろうとして足を踏み外し転落した。","4","運輸交通業","403","道路貨物運送業","40301","一般貨物自動車運送業","10~29","2","物上げ装置、運搬機械","23","乗物","231","乗用車、バス、バイク","1","墜落、転落"
"611","2002","平成","14","4","3~4","自分の担当地域(約300社)の警備のため車内で待機していたところ、異常通報があり現場確認して「異常なし」と監視センターに報告があった後に連絡が途絶えたので、同僚が最後の連絡場所に赴いたところ背中を包丁で刺され死亡していた。","17","その他の事業","1702","その他の事業","170201","警備業","50~99","3","その他の装置等","36","人力機械工具等","364","手工具","99","分類不能"
"612","2002","平成","14","5","9~10","会社のシャッターを閉めるためフックで引いたがシャッターが降りてこないので、高さ171センチメートルのスチール製の棚の上に乗りシャッターを引っ張ったときに、棚の上から地面に墜落した。","1","製造業","104","木材・木製品製造業","10402","合板製造業","1~9","4","仮設物、建築物、構築物等","41","仮設物、建築物、構築物等","416","作業床、歩み板","1","墜落、転落"
"613","2002","平成","14","5","15~16","あられ選別台から計量器供給ホッパーにあられを投入しホッパーからこぼれたあられを取り除いていたときに、ホッパーのバケットが下降してきてバケットと計量器供給ホッパーの架台との間に挟まれた。","1","製造業","101","食料品製造業","10104","パン、菓子製造業","50~99","2","物上げ装置、運搬機械","21","動力クレーン等","219","その他の動力クレーン等","7","はさまれ、巻き込まれ"
"614","2002","平成","14","5","16~17","工場内に置かれた中間製品であるロール紙(直径82センチメートル、幅96センチメートル、質量約500キログラム)をクレーンで吊り上げ移動させていたときに、ロール紙が落下してクレーンの操作者に激突した。","1","製造業","106","パルプ・紙・紙加工品製造業","10602","紙加工品製造業","50~99","3","その他の装置等","37","用具","372","玉掛用具","6","激突され"
"615","2002","平成","14","5","15~16","取引先で集金し自家用車で帰社途中、うどん店の駐車場から出てきた2tトラックと衝突した。","3","建設業","301","土木工事業","30199","その他の土木工事業","1~9","2","物上げ装置、運搬機械","22","動力運搬機","221","トラック","17","交通事故（道路）"
"616","2002","平成","14","6","18~19","リサイクルセンターでコンクリートの荷降し後、ミキサー車の外れていた雨カバーを修理しようとして高さ約3.4mのステップから墜落した。","4","運輸交通業","403","道路貨物運送業","40302","特定貨物自動車運送業","1~9","2","物上げ装置、運搬機械","22","動力運搬機","221","トラック","1","墜落、転落"
"617","2002","平成","14","6","9~10","建設廃材のリサイクル工場内で、コンクリート廃材破砕装置を用いコンクリートがらの粉砕をしていたときに、機械の開口部から転落(約2m)しクラッシャーに挟まれた。","1","製造業","109","窯業土石製品製造業","10909","その他の土石製品製造業","1~9","1","動力機械","16","一般動力機械","162","混合機、粉砕機","1","墜落、転落"
"618","2002","平成","14","6","14~15","観光バスを誘導するため駐車場前の国道に出たところ、国道を走行していた別の観光バスに激突された。","1","製造業","101","食料品製造業","10109","その他の食料品製造業","50~99","2","物上げ装置、運搬機械","23","乗物","231","乗用車、バス、バイク","17","交通事故（道路）"
"619","2002","平成","14","9","15~16","空港事務所から注文があったハイジャック防止訓練用のナイフを届けに行く途中、信号機の無い県道と町道の交差点で4tダンプと出合頭に衝突した。","17","その他の事業","1702","その他の事業","170201","警備業","50~99","2","物上げ装置、運搬機械","23","乗物","231","乗用車、バス、バイク","17","交通事故（道路）"
"620","2002","平成","14","6","11~12","ゴルフコース維持管理で、乗用型の芝刈り機で芝刈り作業を行っていたときに、深さ3.5m、幅3.5mのコンクリート製排水路に転落した。","6","農林業","601","農業","60101","農業","1~9","1","動力機械","14","建設機械等","149","その他の建設機械等","1","墜落、転落"
"621","2002","平成","14","7","11~12","営業のため軽自動車で走行中、反対車線を走行していた大型バスと正面衝突した。","8","商業","802","小売業","80209","その他の小売業","10~29","2","物上げ装置、運搬機械","23","乗物","231","乗用車、バス、バイク","17","交通事故（道路）"
"622","2002","平成","14","3","10~11","プレハブ倉庫の撤去工事で、倉庫の骨組みとなっていた門型鉄骨(高さ2.5m×幅2.5m、質量約160キログラム)の梁部分にロープをかけて手で引っ張ったとき、その鉄骨の下に歩いてきた者が倒壊した鉄骨が激突した。","3","建設業","302","建築工事業","30209","その他の建築工事業","1~9","4","仮設物、建築物、構築物等","41","仮設物、建築物、構築物等","418","建築物、構築物","5","崩壊、倒壊"
"623","2002","平成","14","3","13~14","倉庫内で、フォークリフを使用して18パレットのうち17パレット目をエレベーターに搬入したのち倉庫内をバックで走行してプラットホームまで来たときに、プラットホームから約1m下の地面にフォークリフトとともに転落し、地面とヘッドガードとの間に頭部を挟まれた。","5","貨物取扱業","501","陸上貨物取扱業","50101","陸上貨物取扱業","10~29","2","物上げ装置、運搬機械","22","動力運搬機","222","フォークリフト","1","墜落、転落"
"624","2002","平成","14","3","10~11","新築倉庫の垂直搬送機設置工事で、垂直搬送機出入口となる開口部から垂直搬送機の部材を各フロアーに荷取りするため、開口部の単管手すりに安全帯のフックを掛けてシャフト内部に身を乗り出したところ、手すりが外れて19m下のピットに墜落した。","3","建設業","302","建築工事業","30201","鉄骨・鉄筋コンクリート造家屋建築工事業","1~9","4","仮設物、建築物、構築物等","41","仮設物、建築物、構築物等","414","開口部","1","墜落、転落"
"625","2002","平成","14","3","9~10","マンション新築工事現場で、ドラグショベルを用いて高さ1mほどの地山を掘削していたところ、ユンボが転落してその下敷きになった。","3","建設業","302","建築工事業","30201","鉄骨・鉄筋コンクリート造家屋建築工事業","10~29","7","環境等","71","環境等","711","地山、岩石","1","墜落、転落"
"626","2002","平成","14","3","11~12","深さ約5m、幅約3mの掘削溝に雨水管(長さ3.2m、Φ1650ミリメートル、約3.8t)を収め、玉掛けに使用したナイロスリング(12m、幅10センチメートル)をドラグショベルで引き上げているときに、スリングの端部が管の下部に引っ掛かったため、簡易土留めの支柱とドラグショベルで引っ張られていたナイロンスリングとの間に上半身を挟まれた。","3","建設業","301","土木工事業","30110","上下水道工事業","10~29","1","動力機械","14","建設機械等","142","掘削用機械","7","はさまれ、巻き込まれ"
"627","2002","平成","14","4","10~11","外訪活動のためバイクで走行中、交差点で右側から走行してきた大型ミキサー車に衝突された。","9","金融・広告業","901","金融業","90101","銀行・信託業","10~29","2","物上げ装置、運搬機械","22","動力運搬機","221","トラック","17","交通事故（道路）"
"628","2002","平成","14","4","9~10","下水道排水施設工事で、埋め戻される掘削土の土質改良を行う土質改良プラントの施工状況を写真撮影するため、黒板にかがんで記入していたときに、後退してきたトラクターショベルに轢かれた。","3","建設業","301","土木工事業","30110","上下水道工事業","1~9","1","動力機械","14","建設機械等","141","整地・運搬・積込み用機械","7","はさまれ、巻き込まれ"
"629","2002","平成","14","4","14~15","国道をトレーラーで走行中、急ブレーキをかけたときに荷台に積んであった鋼材(L字鋼長さ約6m)が反動で前に飛び出して運転席後部を直撃した。","4","運輸交通業","403","道路貨物運送業","40301","一般貨物自動車運送業","10~29","6","荷","61","荷","611","荷姿の物","6","激突され"
"630","2002","平成","14","4","22~23","トンネル掘削工事において、長さ約9m、質量約400キログラムのアーチ型鋼製支保工をドラグショベルのバケットにワイヤーロープを掛け吊り上げたときに、作業員が吊り荷の下に入ったのでオペレーターが急停止したところ、ワイヤーロープが外れて作業員が鋼製支保工の下敷きになった。","3","建設業","301","土木工事業","30102","トンネル建設工事業","10~29","1","動力機械","14","建設機械等","142","掘削用機械","4","飛来、落下"
"631","2002","平成","14","5","11~12","車庫の新設工事において、カーポートの屋根材を取り付ける作業中に脚立から墜落した。","3","建設業","302","建築工事業","30203","建築設備工事業","1~9","3","その他の装置等","37","用具","371","はしご等","1","墜落、転落"
"632","2002","平成","14","5","18~19","信号交差点で停止させていた乗用車を発進させたところ、交差点の右側から直進してきた乗用車に衝突した。","9","金融・広告業","901","金融業","90103","保険業","30~49","2","物上げ装置、運搬機械","23","乗物","231","乗用車、バス、バイク","17","交通事故（道路）"
"633","2002","平成","14","5","10~11","住宅新築工事において、高さ約6.5mの小屋梁の上に幅約30センチメートルの歩み板を敷き、その上で4段目の桁を小屋束の上に固定する作業を行っているときに、足を踏み外し土間に墜落した。","3","建設業","302","建築工事業","30202","木造家屋建築工事業","1~9","4","仮設物、建築物、構築物等","41","仮設物、建築物、構築物等","416","作業床、歩み板","1","墜落、転落"
"634","2002","平成","14","5","8~9","掘削溝(巾1.3m、深さ0.7m)に土止支保工の鋼板をドラグショベルで吊り込んで溝壁に立てかけ、ドラグショベルからワイヤロープを外した2、3分後に鋼板が倒れたため、反対側に既に立込んであった鋼板との間に胴部が挟まれた。","3","建設業","302","建築工事業","30201","鉄骨・鉄筋コンクリート造家屋建築工事業","10~29","5","物質、材料","52","材料","521","金属材料","7","はさまれ、巻き込まれ"
"635","2002","平成","14","5","11~12","24階建てマンションの新築工事において、23階で型枠作業に従事していた者が22階に資材を取りにいくため階段付近を通行中に、高さ約2.4mのパイプサポート上に仮置きされていた重さ2.4tのPC梁が胴体部に落下し頭蓋骨破砕骨折となった。","3","建設業","302","建築工事業","30201","鉄骨・鉄筋コンクリート造家屋建築工事業","10~29","4","仮設物、建築物、構築物等","41","仮設物、建築物、構築物等","412","支保工","5","崩壊、倒壊"
"636","2002","平成","14","5","14~15","キャスター付きコンテナ(給食用食器等が入ったもので空の状態の質量は140キログラム)を小学校の敷地内にある調理場に運搬する作業を1人で行っていて、2tトラック(冷蔵冷凍車)後部にある昇降リフター上でコンテナの下敷きとなり仰向けで倒れているところを発見された。","4","運輸交通業","403","道路貨物運送業","40301","一般貨物自動車運送業","10~29","2","物上げ装置、運搬機械","22","動力運搬機","221","トラック","1","墜落、転落"
"637","2002","平成","14","9","11~12","大型タンクローリーで温泉のホテルへA重油14klを配達するため走行中、急勾配の下り坂右カーブで道路左側の山肌に激突し、その後転覆した。","4","運輸交通業","403","道路貨物運送業","40301","一般貨物自動車運送業","50~99","2","物上げ装置、運搬機械","22","動力運搬機","221","トラック","17","交通事故（道路）"
"638","2002","平成","14","6","15~16","民有林の下草刈作業中、自ら操作する刈払機の刈歯により右足首を切断し出血性ショックで死亡した。","6","農林業","602","林業","60209","その他の林業","1~9","1","動力機械","16","一般動力機械","169","その他の一般動力機械","8","切れ、こすれ"
"639","2002","平成","14","6","9~10","構内にある山砂貯蔵ビンの内壁に張り付いた砂を取り除くため、ビンの内部に入り鉄棒により突く作業をしていたところ、張り付いていた砂がはがれて落下し生埋めになった。","1","製造業","109","窯業土石製品製造業","10901","セメント・同製品製造業","10~29","4","仮設物、建築物、構築物等","41","仮設物、建築物、構築物等","418","建築物、構築物","1","墜落、転落"
"640","2002","平成","14","6","13~14","国道を軽トラックで走行中、前方のトラックを追い越そうとして反対車線にはみ出したときに、直進してきたトレーラーと正面衝突した。","3","建設業","301","土木工事業","30106","道路建設工事業","50~99","2","物上げ装置、運搬機械","22","動力運搬機","221","トラック","17","交通事故（道路）"
"641","2002","平成","14","3","15~16","天井クレーン(20/10t吊り)でH鋼(質量約1.1t)をトラック(15t高床平ボデー)に吊り上げ、荷台上で玉掛けに使用したクランプを外してフックを巻き上げたときに、クランプがH鋼に引っ掛かったためH鋼とともに落下しH鋼の下敷きになった。","4","運輸交通業","403","道路貨物運送業","40301","一般貨物自動車運送業","1~9","2","物上げ装置、運搬機械","21","動力クレーン等","211","クレーン","4","飛来、落下"
"642","2002","平成","14","5","10~11","箱型トラックの荷台から荷の入ったコンビラック(質量約710キログラム)をリフトのストッパーの位置まで移動させて、ゲートを下げた途端にコンビラックがリフト後方に動き落下し、ゲート後方でコンビラックを支えていた者が下敷きになった。","8","商業","802","小売業","80201","各種商品小売業","10~29","6","荷","61","荷","611","荷姿の物","4","飛来、落下"
"643","2002","平成","14","4","13~14","道路緊急整備工事において、機械掘削された法面(高さ約4m、掘削勾配約65度)の直近で「鍬」で河床の整形作業を行っていたとき、上方約3.5mの法面から石(質量113キログラム)が落下し前かがみの状態で作業していた者の背中を直撃した。","3","建設業","301","土木工事業","30106","道路建設工事業","30~49","7","環境等","71","環境等","711","地山、岩石","4","飛来、落下"
"644","2002","平成","14","12","4~5","3tトラックで国道を走行中、はみ出し禁止区間で対向車線にはみ出し走行中の14tトラックと正面衝突した。","4","運輸交通業","403","道路貨物運送業","40301","一般貨物自動車運送業","100~299","2","物上げ装置、運搬機械","22","動力運搬機","221","トラック","17","交通事故（道路）"
"645","2002","平成","14","6","1~2","国道を走行していた21tトレーラーが、工事のため片側通行規制で停車していたトラックに接触して対向車線にはみ出し、走行してきた4tトラックと正面衝突した。","4","運輸交通業","403","道路貨物運送業","40301","一般貨物自動車運送業","10~29","2","物上げ装置、運搬機械","22","動力運搬機","221","トラック","17","交通事故（道路）"
"646","2002","平成","14","6","10~11","敷地内の事務所から作業場に向って歩行中、コンクリートがらを山積みしたトラクターショベルが後進してきて、後部バンパーと激突して転倒したところを右後輪で轢かれた。","1","製造業","109","窯業土石製品製造業","10909","その他の土石製品製造業","1~9","1","動力機械","14","建設機械等","141","整地・運搬・積込み用機械","6","激突され"
"647","2002","平成","14","5","8~9","ゴミ回収業務をパッカー車で行うため国道を走行中、後続車に追突され、はずみで対向車線にはみ出して対向の大型車と衝突した。","15","清掃・と畜業","1501","清掃・と畜業","150103","その他の廃棄物処理業","30~49","2","物上げ装置、運搬機械","23","乗物","231","乗用車、バス、バイク","17","交通事故（道路）"
"648","2002","平成","14","5","8~9","原糖荷役の掻き寄せ作業のために2番ハッチ(船倉)に入ったが、班とハッチを間違えたのでブルドーザー用燃料を入れて正規の5番ハッチに戻るため、空のポリタン容器を持って船倉に備え付けのタラップを昇降中に約11m下の船底に墜落した。","5","貨物取扱業","502","港湾運送業","50202","港湾荷役業","10~29","3","その他の装置等","37","用具","371","はしご等","1","墜落、転落"
"649","2002","平成","14","6","11~12","トップドライブリバースサーキュレーションドリルで場所打ち杭孔の掘削作業中、サクションホースを取り付けたエルボの向きを変えるため2名でスイベルヘッド上に昇り機体とエルボにレバーブロックを掛けレバーブロックを操作中に、ヘッドから降りる途中のオペレータの身体(または雨合羽等)がヘッド昇降操作用レバーに触れたため、ヘッドが上昇しエルボと機体上部のフレームとの間に挟まれた。","3","建設業","301","土木工事業","30104","鉄道軌道建設工事業","30~49","1","動力機械","14","建設機械等","143","基礎工事用機械","7","はさまれ、巻き込まれ"
"650","2002","平成","14","6","2~3","私鉄の駅間でダンプトロリーに積載した砕石を順次降ろす作業を行っていて、工事桁に差し掛かったところで桁の開口部に足をとられレール側に転倒したときに、移動中のダンプトロリー轢かれた。","4","運輸交通業","401","鉄道・軌道・水運・航空業","40101","鉄道・軌道業","30~49","2","物上げ装置、運搬機械","23","乗物","232","鉄道車両","7","はさまれ、巻き込まれ"
"651","2002","平成","14","6","15~16","1階の土止め切梁に設置されている安全帯取付用の親綱(被覆ワイヤーロープ)に安全帯を掛け親綱に足をかけて登って鉄骨梁をつかんだときに、親綱を接いでいるクリップ(4個)からワイヤーロープが抜けたため、バランスを崩し約13m下の地下2階の鉄骨梁に張られた安全ネットまで墜落した。","3","建設業","302","建築工事業","30201","鉄骨・鉄筋コンクリート造家屋建築工事業","300~499","3","その他の装置等","37","用具","379","その他の用具","1","墜落、転落"
"652","2002","平成","14","6","19~20","地上約11mにある本社ビルの屋根上で、雨漏りの原因と思われる箇所をビニールシートで覆う作業を行っていたときに、屋根から地上に墜落した。","17","その他の事業","1702","その他の事業","170209","その他の事業－その他","100~299","4","仮設物、建築物、構築物等","41","仮設物、建築物、構築物等","415","屋根、はり、もや、けた、合掌","1","墜落、転落"
"653","2002","平成","14","6","13~14","病院の工事において、作業構台上で掘削した土砂を運び出すダンプトラックの誘導を行っていて、土砂をダンプトラックに積み込む作業を行っていたパワーショベルの旋回した上部機構と作業構台の単管手すりとの間に押しつけられ挟まれた。","3","建設業","302","建築工事業","30201","鉄骨・鉄筋コンクリート造家屋建築工事業","30~49","1","動力機械","14","建設機械等","142","掘削用機械","7","はさまれ、巻き込まれ"
"654","2002","平成","14","6","7~8","アスファルト再生プラントにおいて生産開始前の点検作業を行っていたところ、二次破砕ホッパーの下部排出口の詰まりを発見したので長さ2mの鋼管を持ってホッパー内に入ったときに、突然、足元の内容物(アスファルトを砕いたもの)が崩れホッパー内で生き埋めになった。","15","清掃・と畜業","1501","清掃・と畜業","150102","産業廃棄物処理業","1~9","3","その他の装置等","39","その他の装置、設備","391","その他の装置、設備","1","墜落、転落"
"655","2002","平成","14","9","6~7","クレーン付トラック(8t)に約4tのワイヤーメッシュを積んで国道を走行中、対向車線に入って路肩(高さ約1.5m)から転落して電話線の電柱に激突した。","4","運輸交通業","403","道路貨物運送業","40301","一般貨物自動車運送業","10~29","2","物上げ装置、運搬機械","22","動力運搬機","221","トラック","17","交通事故（道路）"
"656","2002","平成","14","12","2~3","タクシーに乗客を乗せ国道を走行中、反対車線を走行していた乗用車が中央車線を越えてきて正面衝突し、タクシー運転手と乗客が死亡した。","4","運輸交通業","402","道路旅客運送業","40201","ハイヤー・タクシー業","50~99","2","物上げ装置、運搬機械","23","乗物","231","乗用車、バス、バイク","17","交通事故（道路）"
"657","2002","平成","14","12","2~3","作業を終えて4t貨物自動車で自動車道を走行中、運転を誤って前方のワゴン車に追突接触し、ハンドルを取られてガードレールに激突した。","17","その他の事業","1702","その他の事業","170209","その他の事業－その他","1~9","2","物上げ装置、運搬機械","22","動力運搬機","221","トラック","17","交通事故（道路）"
"658","2002","平成","14","6","9~10","埠頭に接岸した船に艀から鋼管パイプ(12m×0.7m、質量6tン)を積込む作業中、巻上げた荷が横にずれて荷と艀の縁の間で玉掛け作業中の者が挟まった。","5","貨物取扱業","502","港湾運送業","50202","港湾荷役業","100~299","6","荷","61","荷","611","荷姿の物","7","はさまれ、巻き込まれ"
"659","2002","平成","14","5","8~9","アスファルトプラント解体工事において、吊上げ荷重40tのクローラクレーンにバイブロハンマーを取り付け、基礎杭の引き抜き作業を行うため左旋回したところ、吊上げたバイブロハンマーが4.7mの高さから地上に落下し、バウンドしたバイブロハンマー(質量約3.5t)が側を歩いていた者を直撃した。","3","建設業","302","建築工事業","30209","その他の建築工事業","10~29","1","動力機械","14","建設機械等","143","基礎工事用機械","6","激突され"
"660","2002","平成","14","6","17~18","オーダーピッキングトラック(運転席と荷役装置が一緒に上下動するフォークリフト)を使用して、約4mの高さの位置で隣接する商品棚にあった商品を取ろうとしていたときに、運転席から墜落して床面に頭部を激しく打ちつけた。","4","運輸交通業","403","道路貨物運送業","40301","一般貨物自動車運送業","10~29","2","物上げ装置、運搬機械","22","動力運搬機","222","フォークリフト","1","墜落、転落"
"661","2002","平成","14","6","16~17","4tトラックでスクラップ品をスクラップ場まで運搬し荷を括っていたワイヤーをほどいたところ、スクラップ品の一つである車をトラックに載せて運ぶための荷台がトラックの荷台から落下し、その下敷きになった。","8","商業","801","卸売業","80109","その他の卸売業","1~9","6","荷","61","荷","611","荷姿の物","4","飛来、落下"
"662","2002","平成","14","7","7~8","治山工事現場に社用車で向かうため林道を走行中、林道沿いの法面が約50m上方で崩落し、落下してきた土砂に車が埋った。","3","建設業","301","土木工事業","30108","砂防工事業","30~49","7","環境等","71","環境等","711","地山、岩石","5","崩壊、倒壊"
"663","2002","平成","14","6","15~16","砕石プラントのスクリーン(石の大きさを選別する機械)架台の解体作業で、高さ約5mの箇所に設けられている架台(長さ約9.5m)の落下を防止するため移動式クレーンで吊った状態で溶断をしていたところ、接合部を焼き切ったときに吊っていた架台が回転し腹部に当たった。","1","製造業","112","金属製品製造業","11209","その他の金属製品製造業","1~9","2","物上げ装置、運搬機械","21","動力クレーン等","212","移動式クレーン","6","激突され"
"664","2002","平成","14","6","11~12","アセチレンガス及び酸素を用いて鋼板を溶断するため吹管(バーナー)に点火したところ、漏れていたアセチレンガスに引火し爆発した。","1","製造業","112","金属製品製造業","11209","その他の金属製品製造業","1~9","5","物質、材料","51","危険物、有害物等","513","可燃性のガス","14","爆発"
"665","2002","平成","14","6","14~15","NC旋盤でフォークリフト用油圧シリンダーロッドの加工中、φ22×623ミリメートルのネジ加工が終わったのでφ22×689ミリメートルの加工をするため新しいワークに合せてストッパーを調整し起動ボタンを押したところ、トラブルが発生したので状況を確認しようとしたときに突然ストッパーが曲がり顔面を直撃した。","1","製造業","115","輸送用機械等製造業","11509","その他の輸送用機械等製造業","100~299","1","動力機械","15","金属加工用機械","151","旋盤","6","激突され"
"666","2002","平成","14","6","5~6","10t自動車で走行中、前の車を追い越すため追い越し車線に出たときに、中央分離帯に接触しその弾みで走行車線を走行中のトラックに接触して運転手が車外に投げ出された。","4","運輸交通業","403","道路貨物運送業","40301","一般貨物自動車運送業","30~49","2","物上げ装置、運搬機械","22","動力運搬機","221","トラック","17","交通事故（道路）"
"667","2002","平成","14","6","16~17","現場作業が終了して部分使用されている交差点で、中央分離帯が破損してコンクリート破片が下り走行車線に散らばって危険との連絡が入ったので、現場事務所より現地へ行って破損状況の撮影をしたのち横断歩道を歩行中に、乗用車にはねられた。","3","建設業","301","土木工事業","30106","道路建設工事業","30~49","2","物上げ装置、運搬機械","23","乗物","231","乗用車、バス、バイク","17","交通事故（道路）"
"668","2002","平成","14","5","4~5","トラックで国道を走行中、前の大型トラックに追突した。","4","運輸交通業","403","道路貨物運送業","40301","一般貨物自動車運送業","30~49","2","物上げ装置、運搬機械","22","動力運搬機","221","トラック","17","交通事故（道路）"
"669","2002","平成","14","6","9~10","フォークリフト(積載荷重1t)にガス発生装置(重さ約2t)を載せフォークを上昇させたところ、その直後にバランスを崩してガス発生装置が工場の壁に倒れかかり、その作業の補助をしていた者がガス発生装置と壁との間に挟まれた。","3","建設業","303","その他の建設業","30302","機械器具設置工事業","1~9","2","物上げ装置、運搬機械","22","動力運搬機","222","フォークリフト","7","はさまれ、巻き込まれ"
"670","2002","平成","14","7","15~16","建物解体工事において、トラック荷台上の束ねてある廃材のベルトを外すため解体用機械のアッタチメント先端にそのベルトを掛け引っ張ったときに、アタッチメント先端がトラック荷台上にいた者に激突した。","3","建設業","301","土木工事業","30199","その他の土木工事業","1~9","1","動力機械","16","一般動力機械","169","その他の一般動力機械","6","激突され"
"671","2002","平成","14","4","7~8","トレーラーで荷を卸し数時間の仮眠ののち自動車道を走行中、道路分岐点の緩やかなカーブで道路側面に衝突した。","4","運輸交通業","403","道路貨物運送業","40301","一般貨物自動車運送業","10~29","2","物上げ装置、運搬機械","22","動力運搬機","221","トラック","17","交通事故（道路）"
"672","2002","平成","14","6","13~14","住宅の新築工事において、2階の梁の組立て作業中に足場(先行足場)から8.15m下のコンクリート土間に墜落した。","3","建設業","302","建築工事業","30202","木造家屋建築工事業","1~9","4","仮設物、建築物、構築物等","41","仮設物、建築物、構築物等","411","足場","1","墜落、転落"
"673","2002","平成","14","6","16~17","軽自動車で県道を走行中、急な登りのカーブにさしかかった時に対向車線を走行してきたクレーン車とセンターライン付近で衝突した。","17","その他の事業","1702","その他の事業","170209","その他の事業－その他","10~29","2","物上げ装置、運搬機械","21","動力クレーン等","212","移動式クレーン","17","交通事故（道路）"
"674","2002","平成","14","6","8~9","木造家屋新築工事の現場に床合板(910×1820×25、数量18枚、質量約600キログラム)を小型移動式クレーン(つり上げ荷重2.93t)で搬入し、足場上に仮置きしたのち建屋側に搬入するため再度クレーンで巻上げたところ、クレーンのワイヤーロープが切断して材料と小型移動式クレーンとの間に挟まれた。","4","運輸交通業","403","道路貨物運送業","40301","一般貨物自動車運送業","1~9","2","物上げ装置、運搬機械","21","動力クレーン等","212","移動式クレーン","4","飛来、落下"
"675","2002","平成","14","6","18~19","工場内の造管機の接地工事において、幅約80センチメートルの箇所でピットを両足で跨ぎ携帯式アース棒打込機を用いてアース棒(1.4φ、長さ150センチメートル)を打込んでいたときに、約30センチメートル入ったところで体のバランスを失って前に倒れ、アース棒が右眼から頭部に刺さった。","17","その他の事業","1702","その他の事業","170209","その他の事業－その他","10~29","4","仮設物、建築物、構築物等","41","仮設物、建築物、構築物等","418","建築物、構築物","2","転倒"
"676","2002","平成","14","6","20~21","すし店の駐車場の駐車整理・誘導者が第2駐車場に向うため横断歩道ではない箇所を横断中、ステップワゴン車と接触した。","17","その他の事業","1702","その他の事業","170201","警備業","1~9","2","物上げ装置、運搬機械","23","乗物","231","乗用車、バス、バイク","17","交通事故（道路）"
"677","2002","平成","14","7","4~5","大型トレーラー(20.5t)で冷凍品(19.7t)を配送中、下りカーブで横転して橋の欄干に衝突した。","1","製造業","101","食料品製造業","10102","水産食料品製造業","100~299","2","物上げ装置、運搬機械","22","動力運搬機","221","トラック","17","交通事故（道路）"
"678","2002","平成","14","6","13~14","温泉ホテルの屋上でテレビアンテナの設置、配線工事中、屋上端部から25.5m下の地面に墜落した。","3","建設業","302","建築工事業","30203","建築設備工事業","1~9","4","仮設物、建築物、構築物等","41","仮設物、建築物、構築物等","415","屋根、はり、もや、けた、合掌","1","墜落、転落"
"679","2002","平成","14","7","20~21","構内の巡回作業中に裏門の電動式の上下開閉式の鉄製ゲート(たて3.4m、横6.7m、質量860キログラム)をペンダントスイッチで閉めるときにゲート落下防止用に固定ボルトの片方を抜かないまま下降させたため、ゲートが引掛かって閉まらなくなったので金切鋸でボルトを切断したところ、ゲートが落下して下敷きとなった。","17","その他の事業","1702","その他の事業","170201","警備業","10~29","4","仮設物、建築物、構築物等","41","仮設物、建築物、構築物等","418","建築物、構築物","4","飛来、落下"
"680","2002","平成","14","6","13~14","機材センターへ仮設資材を取りに行くため軽トラックで国道を走行中、交差点で前方で右折しようとした車輌3台に玉突き衝突した。","17","その他の事業","1702","その他の事業","170209","その他の事業－その他","50~99","2","物上げ装置、運搬機械","22","動力運搬機","221","トラック","17","交通事故（道路）"
"681","2002","平成","14","6","10~11","土蔵の移設及び屋根の葺替工事において、高さ5.35mある枠組足場上で屋根に歩み板を設置するため屋根上にあった葺替用の瓦を作業床に仮置きしようとしたときに、作業床から墜落して地面に激突した。","3","建設業","302","建築工事業","30202","木造家屋建築工事業","1~9","4","仮設物、建築物、構築物等","41","仮設物、建築物、構築物等","411","足場","1","墜落、転落"
"682","2002","平成","14","6","19~20","運転代行業務の依頼先に向かうため普通乗用車に2名が同乗して市道を走行中、緩やかな右カーブを曲がりきれずに路肩のコンクリート製電柱に激突し、助手席の同乗者が死亡、運転者が重傷を負った。","17","その他の事業","1702","その他の事業","170209","その他の事業－その他","50~99","2","物上げ装置、運搬機械","23","乗物","231","乗用車、バス、バイク","17","交通事故（道路）"
"683","2002","平成","14","6","15~16","橋梁用鋼製桁(高さ2.1m、重さ5t)をハッカーで玉掛けして25tクレーンで吊上げたところ、作業変更となったので一旦桁を元の位置に降ろしてハッカーを外しクレーンを巻き上げたときに、ハッカーの爪が桁に引っ掛かったためその下敷きになった。","1","製造業","112","金属製品製造業","11209","その他の金属製品製造業","1~9","5","物質、材料","52","材料","521","金属材料","5","崩壊、倒壊"
"684","2002","平成","14","7","17~18","資材置場で、フォークリフトを使用して廃棄物の整理を行っていた者が翌朝になっても帰宅しなかったので資材置場を探したところ、フォークリフトに積載していたと思われる鉄製の箱と置いてあった大型冷蔵庫との間に体を挟まれていた。","15","清掃・と畜業","1501","清掃・と畜業","150103","その他の廃棄物処理業","1~9","2","物上げ装置、運搬機械","22","動力運搬機","222","フォークリフト","5","崩壊、倒壊"
"685","2002","平成","14","7","15~16","林道復旧工事現場に生コンクリートを運搬するためコンクリートミキサー車で林道(幅3mの砂利道)を走行中、林道の路肩から約7m下の沢に転落した。","1","製造業","109","窯業土石製品製造業","10901","セメント・同製品製造業","10~29","2","物上げ装置、運搬機械","22","動力運搬機","221","トラック","17","交通事故（道路）"
"686","2002","平成","14","6","9~10","製鋼転炉の集塵機のバグフィルターが損傷したため乾燥設備を停止して内部を窒素置換し、翌朝、窒素を止めて空気置換したのち集塵機内部の点検のために4名でホッパー部の点検口を開放したところ、ダストが流失して赤熱したダストを浴び2名が死亡した。","1","製造業","110","鉄鋼業","11001","製鉄・製鋼・圧延業","1000~9999","3","その他の装置等","39","その他の装置、設備","391","その他の装置、設備","11","高温・低温の物との接触"
"687","2002","平成","14","6","9~10","製鋼転炉の集塵機のバグフィルターが損傷したため乾燥設備を停止して内部を窒素置換し、翌朝、窒素を止めて空気置換したのち集塵機内部の点検のために4名でホッパー部の点検口を開放したところ、ダストが流失して赤熱したダストを浴び2名が死亡した。","1","製造業","110","鉄鋼業","11001","製鉄・製鋼・圧延業","1000~9999","3","その他の装置等","39","その他の装置、設備","391","その他の装置、設備","11","高温・低温の物との接触"
"688","2002","平成","14","7","19~20","防火水槽の掘削床付け完了後、水槽の位置出しのため2名で掘削法面の異常の有無を確認し墨入れ作業していたところ、敷き鉄板下の土砂が突然崩壊し1名が逃げ遅れた。","3","建設業","302","建築工事業","30201","鉄骨・鉄筋コンクリート造家屋建築工事業","1~9","7","環境等","71","環境等","711","地山、岩石","5","崩壊、倒壊"
"689","2002","平成","14","7","9~10","タクシー回送中、センターラインをオーバーしてきた対向車と正面衝突し、さらに、後方から進行してきた車両に追突された。","4","運輸交通業","402","道路旅客運送業","40201","ハイヤー・タクシー業","100~299","2","物上げ装置、運搬機械","23","乗物","231","乗用車、バス、バイク","17","交通事故（道路）"
"690","2002","平成","14","6","11~12","交差点でトラックと衝突した乗用車が事務所に突っ込んできて事務室内の机で事務処理を行なっていた者に背後から激突し、机と車との間に挟まれた。","8","商業","801","卸売業","80109","その他の卸売業","10~29","2","物上げ装置、運搬機械","23","乗物","231","乗用車、バス、バイク","17","交通事故（道路）"
"691","2002","平成","14","7","11~12","全自動洗濯機の1工程が終了して水平状態で待機しているときに、操作盤で運転スイッチを手動に切り換え、洗濯機を後傾にしたのちドアを開いた状態にして再び自動に切り換え、洗濯機の前で作業を行っていたときに後ろから自動運転で前進してきた投入トラバースと洗濯機との間に挟まれた。","1","製造業","117","その他の製造業","11703","クリーニング業","100~299","1","動力機械","16","一般動力機械","169","その他の一般動力機械","7","はさまれ、巻き込まれ"
"692","2002","平成","14","7","15~16","道路拡幅工事現場の法面で高さ約2m、幅約1.5m、奥行約0.5mの崩壊があり、退避後、上段で5名が吹付け法枠の枠内清掃を、下段でドラグショベルを用いて応急処置として崩壊部分に土を入れる作業を再開したところ、法面頂部より大規模崩壊が発生し1名が死亡した。","3","建設業","301","土木工事業","30106","道路建設工事業","1~9","7","環境等","71","環境等","711","地山、岩石","5","崩壊、倒壊"
"693","2002","平成","14","7","9~10","高所作業車で船舶に乗り移るためドックの約1m手前に停車し旋回しようとしたところ、急発進したため2.5m下のドックに墜落した。","1","製造業","115","輸送用機械等製造業","11501","造船業","30~49","1","動力機械","14","建設機械等","146","高所作業車","1","墜落、転落"
"694","2002","平成","14","7","15~16","市道拡幅工事において、L字擁壁設置予定箇所(高さ2.4m幅1.8m)の土手をドラグショベルで掘削するため掘削面の下でドラグショベルに合図をしていたところ、深さ1mの位置に埋設されていたヒューム管(径33センチメートル、長さ4m)が掘削面の土砂および街灯(長さ4m、根入60センチメートル)ともに倒壊して激突された。","3","建設業","301","土木工事業","30106","道路建設工事業","1~9","4","仮設物、建築物、構築物等","41","仮設物、建築物、構築物等","418","建築物、構築物","5","崩壊、倒壊"
"695","2002","平成","14","4","15~16","鉄骨3階建て住宅新築工事において、2階ベランダ天上部の仕上げ作業を終えて2階床面階段部の開口部に掛けていたはしごで1階に降りようとしたときに、約3m下の1階床面に墜落した。","3","建設業","302","建築工事業","30201","鉄骨・鉄筋コンクリート造家屋建築工事業","1~9","3","その他の装置等","37","用具","371","はしご等","1","墜落、転落"
"696","2002","平成","14","4","6~7","自動車の販売店で泊まり込みの警備業務に就いていて、朝シャッターを開けていたところへ国道を走行していた乗用車が飛び込んできて轢かれた。","17","その他の事業","1702","その他の事業","170201","警備業","300~499","2","物上げ装置、運搬機械","23","乗物","231","乗用車、バス、バイク","17","交通事故（道路）"
"697","2002","平成","14","6","9~10","高速道路のポットホール埋め戻し工事のため路肩に停車していた標識車に、本線を走行していた大型トレーラー(14t)が追突し、警備員が跳ね飛ばされて高架下の町道に墜落した。","17","その他の事業","1702","その他の事業","170201","警備業","10~29","2","物上げ装置、運搬機械","22","動力運搬機","221","トラック","17","交通事故（道路）"
"698","2002","平成","14","7","15~16","伐採した雑木を搬出するため、山の斜面にある伐木をドラグ・ショベルのバケットで道路上に引き落とす作業を行っていたときに、監視員が落下してきた伐木に激突された。","3","建設業","301","土木工事業","30106","道路建設工事業","1~9","1","動力機械","14","建設機械等","142","掘削用機械","4","飛来、落下"
"699","2002","平成","14","7","13~14","路盤コンクリートの型枠パネルの荷下ろし作業で、事前に高架橋の荷下ろし材料の位置を確認し高架橋より地上に降りようとしたときに、架設通路最上部の筋交いを乗り越えて約15m下に墜落した。","3","建設業","301","土木工事業","30105","橋梁建設工事業","50~99","4","仮設物、建築物、構築物等","41","仮設物、建築物、構築物等","419","その他の仮設物、建築物、構築物等","1","墜落、転落"
"700","2002","平成","14","6","8~9","納品先の倉庫において、10tトラックで運搬してきた木枠に梱包した重さ約1.3tのガラスの荷、合計6個を同倉庫の作業員が運転する天井クレーン(2.8t)で荷下しする作業中、荷台上でラッシングベルトで固定されていた荷を外そうとしてベルトを緩めたときに荷が倒れ、荷台とあおりとの間に挟まれた。","4","運輸交通業","403","道路貨物運送業","40301","一般貨物自動車運送業","1~9","6","荷","61","荷","611","荷姿の物","5","崩壊、倒壊"
"701","2002","平成","14","6","17~18","営業のため小型自動車で走行中、対向車線のワゴン車がセンターラインを超えてきたため激突した。","17","その他の事業","1701","派遣業","170101","派遣業","1~9","2","物上げ装置、運搬機械","23","乗物","231","乗用車、バス、バイク","17","交通事故（道路）"
"702","2002","平成","14","7","14~15","採石場でブレーカーにより掘削作業を行っていたところ、ブレーカー先端の掘削箇所の上部にあった岩石(約1t以上)が崩落して運転席に落下し、運転席もろとも押しつぶされた。","2","鉱業","202","土石採取業","20201","採石業","10~29","7","環境等","71","環境等","711","地山、岩石","4","飛来、落下"
"703","2002","平成","14","7","14~15","しいの木の支障木の剪定作業中、約18m下の池に墜落した。","6","農林業","601","農業","60101","農業","10~29","7","環境等","71","環境等","712","立木等","1","墜落、転落"
"704","2002","平成","14","7","20~21","大型冷凍車(11t)で高速道路を走行中、トラック、路線バス、乗用車など9台の玉突き衝突事故に巻き込まれた。(合計:3人死亡、45人が重軽傷)","4","運輸交通業","403","道路貨物運送業","40301","一般貨物自動車運送業","100~299","2","物上げ装置、運搬機械","22","動力運搬機","221","トラック","17","交通事故（道路）"
"705","2002","平成","14","7","13~14","倉庫内に設置された天井クレーンの性能検査前の整備中に、床面(土間)に墜落した。","8","商業","804","その他の商業","80401","倉庫業","30~49","2","物上げ装置、運搬機械","21","動力クレーン等","211","クレーン","1","墜落、転落"
"706","2002","平成","14","10","1~2","金属製パイプを運搬するため国道を4tトラックで走行中、前方で約200mにわたり渋滞が発生していて、最後尾の大型トレーラーに追突した。","4","運輸交通業","403","道路貨物運送業","40301","一般貨物自動車運送業","10~29","2","物上げ装置、運搬機械","22","動力運搬機","221","トラック","17","交通事故（道路）"
"707","2002","平成","14","6","19~20","自動車道をトラックで走行中、雨天のためスリップして横転し後続車に追突された。","1","製造業","114","電気機械器具製造業","11403","電子機器用・通信機器用部品製造業","1~9","2","物上げ装置、運搬機械","22","動力運搬機","221","トラック","17","交通事故（道路）"
"708","2002","平成","14","12","5~6","バイクで新聞配達中、交差点で右から走行してきた乗用車と衝突した。","8","商業","802","小売業","80205","新聞販売業","30~49","2","物上げ装置、運搬機械","23","乗物","231","乗用車、バス、バイク","17","交通事故（道路）"
"709","2002","平成","14","6","10~11","休日に、金属製品の脱脂を行うトリクロルエチレンの入った脱脂槽からトリクロルエチレンを排出するため槽の中に入り、中毒症状を起こして翌朝になって発見された。","1","製造業","112","金属製品製造業","11209","その他の金属製品製造業","1~9","5","物質、材料","51","危険物、有害物等","514","有害物","12","有害物等との接触"
"710","2002","平成","14","7","11~12","道路改良工事において、作業員6名が既存の掘削箇所で床堀りを行っていたときに、背後の地山が崩壊し1名が土砂に埋まった。","3","建設業","301","土木工事業","30106","道路建設工事業","1~9","7","環境等","71","環境等","711","地山、岩石","5","崩壊、倒壊"
"711","2002","平成","14","7","11~12","自動車運搬船を接岸させるため、係留ロープをピットへ設置し運搬船の船員が船内のウインチを使い巻き上げたところ、途中のピットに引っかかっていた係留ロープが外れて飛び、ロープの内角側にいた者の胸部に激突し、反動で後ろ向きに倒れてコンクリート地面で後頭部を強打した。","17","その他の事業","1702","その他の事業","170209","その他の事業－その他","1~9","3","その他の装置等","37","用具","379","その他の用具","6","激突され"
"712","2002","平成","14","7","15~16","舗装材製造プラント用の合材サイロ(直径3.3m、長さ11m)内面のアスファルトを除去するため、エアー式ピックハンマーで内面上部を叩いたときに、アスファルト(幅275センチメートル、長さ235センチメートル、厚さ25センチメートル、重さ約2t)が剥離、落下し、アスファルトに下半身を挟まれた。","1","製造業","108","化学工業","10804","石油製品・石炭製品製造業","1~9","3","その他の装置等","32","化学設備","321","化学設備","4","飛来、落下"
"713","2002","平成","14","7","0~1","マンション新築工事で、型枠資材の荷降し中に玉掛けに使用したチェーンが破断し、2.9tクレーンを無線操縦していた者の顔面に型枠資材(約200キログラム)が落下した。","3","建設業","302","建築工事業","30201","鉄骨・鉄筋コンクリート造家屋建築工事業","30~49","3","その他の装置等","37","用具","372","玉掛用具","4","飛来、落下"
"714","2002","平成","14","5","10~11","路側帯にごみ収集車を停車して後方で廃棄物の収集搬入作業を行っていたところに、鰻の出前の回収に来た乗用車が接近してきてブレーキ操作を誤ってごみ収集車に追突したため、乗用車とごみ収集車との間に挟まれた。","15","清掃・と畜業","1501","清掃・と畜業","150103","その他の廃棄物処理業","30~49","2","物上げ装置、運搬機械","23","乗物","231","乗用車、バス、バイク","17","交通事故（道路）"
"715","2002","平成","14","7","10~11","8階建マンション屋上の防水工事において、防水テープの増し張りを行っていた者が休憩中には約20m下の地面に墜落した。","3","建設業","302","建築工事業","30209","その他の建築工事業","1~9","4","仮設物、建築物、構築物等","41","仮設物、建築物、構築物等","418","建築物、構築物","1","墜落、転落"
"716","2002","平成","14","12","15~16","7階建の工場棟建築工事において、仮止めのため高さ17.9mの地点で胴縁の取付作業を行っていたところ、足を掛けていたと思われる下から15本目の胴縁がピースから外れたため地面に墜落した。","3","建設業","302","建築工事業","30201","鉄骨・鉄筋コンクリート造家屋建築工事業","10~29","4","仮設物、建築物、構築物等","41","仮設物、建築物、構築物等","418","建築物、構築物","1","墜落、転落"
"717","2002","平成","14","6","9~10","研磨工場において研磨機の脇でスイッチを点検中に、回転していた砥石が破裂して腹部に当った。","1","製造業","112","金属製品製造業","11203","金属プレス製品製造業","10~29","1","動力機械","15","金属加工用機械","153","研削盤、バフ盤","4","飛来、落下"
"718","2002","平成","14","6","10~11","資材倉庫で、携帯用丸鋸で丁張り杭(角材、縦5センチメートル×横5センチメートル×長さ100センチメートル)の先端を尖らせるために切断していて、右足大腿部を切傷した。","3","建設業","301","土木工事業","30199","その他の土木工事業","50~99","1","動力機械","13","木材加工用機械","131","丸のこ盤","8","切れ、こすれ"
"719","2002","平成","14","4","9~10","清掃工場の解体作業において、ゴミ焼却灰を地下に搬送するシューターの一部(質量約1t)を溶断する作業をしていたところ、シューターが転倒したため地上との間に挟まれた。","3","建設業","302","建築工事業","30209","その他の建築工事業","1~9","4","仮設物、建築物、構築物等","41","仮設物、建築物、構築物等","418","建築物、構築物","5","崩壊、倒壊"
"720","2002","平成","14","6","11~12","ホットプレス機のラム(油圧シリンダー)のパッキンを交換するためフランジを外しパッキンを抜き取ろうとしたところ、パッキンとともに作動油が飛び出し、ラムで押し上げていた可動板(質量約600キログラム)とホットプレスの扉フレームとの間に頭部を挟まれた。","4","運輸交通業","403","道路貨物運送業","40301","一般貨物自動車運送業","10~29","1","動力機械","16","一般動力機械","169","その他の一般動力機械","7","はさまれ、巻き込まれ"
"721","2002","平成","14","7","13~14","転炉工場の解体工事において、予熱装置の切り離しのためガス溶断作業中に切断していた装置が作業床へ倒れ、近くに居た者が下敷きになった。","1","製造業","110","鉄鋼業","11001","製鉄・製鋼・圧延業","500~999","3","その他の装置等","39","その他の装置、設備","391","その他の装置、設備","5","崩壊、倒壊"
"722","2002","平成","14","7","13~14","木造平屋1階建の新築工事において、鋼製枠組足場の1層目の布板上で出窓の取付け作業中に転落した。","3","建設業","302","建築工事業","30202","木造家屋建築工事業","1~9","4","仮設物、建築物、構築物等","41","仮設物、建築物、構築物等","411","足場","1","墜落、転落"
"723","2002","平成","14","9","3~4","トラックで国道を走行中、対向車線にはみだし対向の大型トレーラーと正面衝突した。","4","運輸交通業","403","道路貨物運送業","40301","一般貨物自動車運送業","10~29","2","物上げ装置、運搬機械","22","動力運搬機","221","トラック","17","交通事故（道路）"
"724","2002","平成","14","6","1~2","飲食店でイベントの反省会を実施したのち社用車で会社に戻る途中、交差点を右折したときに対向車と衝突し後部座席の者が死亡した。","9","金融・広告業","902","広告・あっせん業","90209","その他の広告・あっせん業","10~29","2","物上げ装置、運搬機械","23","乗物","231","乗用車、バス、バイク","17","交通事故（道路）"
"725","2002","平成","14","7","14~15","橋梁補修工事において、橋脚上に足場板を掛け渡すためにチェーンで吊られた足場板上を移動しているときに、バランスを崩して12m下の川へ墜落し溺死した。","3","建設業","302","建築工事業","30209","その他の建築工事業","10~29","4","仮設物、建築物、構築物等","41","仮設物、建築物、構築物等","411","足場","1","墜落、転落"
"726","2002","平成","14","12","8~9","ダンボールケースを3tトラックに積み国道を走行中、対向の10tダンプカーと衝突した。","4","運輸交通業","403","道路貨物運送業","40301","一般貨物自動車運送業","10~29","2","物上げ装置、運搬機械","22","動力運搬機","221","トラック","17","交通事故（道路）"
"727","2002","平成","14","6","7~8","自宅から工事現場に向かってトラックで走行中、反対車線のトラックが直前で右折したためセンターラインを超えて対向車線側に入り、後方から来た大型タンクローリーと正面衝突して車外に放り出された。","1","製造業","112","金属製品製造業","11209","その他の金属製品製造業","10~29","2","物上げ装置、運搬機械","22","動力運搬機","221","トラック","17","交通事故（道路）"
"728","2002","平成","14","1","1~2","タクシーで交差点を青信号で通過しようとしたときに、赤信号側の乗用車が交差点に進入してきて衝突し運転手が死亡した。","4","運輸交通業","402","道路旅客運送業","40201","ハイヤー・タクシー業","100~299","2","物上げ装置、運搬機械","23","乗物","231","乗用車、バス、バイク","17","交通事故（道路）"
"729","2002","平成","14","11","13~14","2tトラックで国道を走行中、対向車線にはみ出して4tトラックと正面衝突した。","4","運輸交通業","403","道路貨物運送業","40301","一般貨物自動車運送業","1~9","2","物上げ装置、運搬機械","22","動力運搬機","221","トラック","17","交通事故（道路）"
"730","2002","平成","14","7","11~12","エアコン取り替えのため、古いエアコンの配管の切断を行い新しい配管を接続する作業中に、手すりから5m下の地面に墜落した。","8","商業","802","小売業","80209","その他の小売業","1~9","4","仮設物、建築物、構築物等","41","仮設物、建築物、構築物等","418","建築物、構築物","1","墜落、転落"
"731","2002","平成","14","6","4~5","トラックで国道を走行中、対向車線の脇からバックで出てきたトラックと衝突した。","4","運輸交通業","403","道路貨物運送業","40301","一般貨物自動車運送業","10~29","2","物上げ装置、運搬機械","22","動力運搬機","221","トラック","17","交通事故（道路）"
"732","2002","平成","14","4","1~2","作業を終了し社有車で2名が同乗して宿舎に帰る途中、対向車線からはみ出た車と正面衝突し2名とも死亡した。","1","製造業","112","金属製品製造業","11209","その他の金属製品製造業","1~9","2","物上げ装置、運搬機械","23","乗物","231","乗用車、バス、バイク","17","交通事故（道路）"
"733","2002","平成","14","4","1~2","作業を終了し社有車で2名が同乗して宿舎に帰る途中、対向車線からはみ出た車と正面衝突し2名とも死亡した。","1","製造業","112","金属製品製造業","11209","その他の金属製品製造業","1~9","2","物上げ装置、運搬機械","23","乗物","231","乗用車、バス、バイク","17","交通事故（道路）"
"734","2002","平成","14","6","14~15","資材置場から搬入したコンパネ(一束約800キログラム)をつり上げ荷重2.52tのトラッククレーンで吊り下ろす作業中に、吊り荷が激突した。","17","その他の事業","1702","その他の事業","170209","その他の事業－その他","1~9","2","物上げ装置、運搬機械","21","動力クレーン等","212","移動式クレーン","6","激突され"
"735","2002","平成","14","11","4~5","トラックで走行中、交差点で信号待ちしていたトラックに後方から追突した。","4","運輸交通業","403","道路貨物運送業","40301","一般貨物自動車運送業","1~9","2","物上げ装置、運搬機械","23","乗物","231","乗用車、バス、バイク","17","交通事故（道路）"
"736","2002","平成","14","7","8~9","コンテナのメンテナンスのため普通ワゴン車で作業ヤードに停車していたときに、最大積載荷重42tのスプレッダーリフトが輸出用タイヤの入っているコンテナを積載したまま走行してきて、普通ワゴン車に気付かず普通ワゴン車の上にコンテナを降ろしたため押しつぶされた。","1","製造業","112","金属製品製造業","11209","その他の金属製品製造業","10~29","2","物上げ装置、運搬機械","22","動力運搬機","222","フォークリフト","7","はさまれ、巻き込まれ"
"737","2002","平成","14","6","9~10","乗用車で住宅新築工事現場から次の工事現場への移動中、車ごと川へ転落した。","3","建設業","302","建築工事業","30202","木造家屋建築工事業","10~29","2","物上げ装置、運搬機械","22","動力運搬機","221","トラック","17","交通事故（道路）"
"738","2002","平成","14","3","5~6","配送センターで荷物を載せトラックで走行中、信号待ちをしていた大型トラックに追突した。","4","運輸交通業","403","道路貨物運送業","40301","一般貨物自動車運送業","1~9","2","物上げ装置、運搬機械","22","動力運搬機","221","トラック","17","交通事故（道路）"
"739","2002","平成","14","6","9~10","停車させた4tトラックのパワーゲート上でコンテナ(約600キログラム)を降ろす作業中、地上約40センチメートルまで降下させた時点でストッパーを外したところ動き始めたので、とっさに飛び降りて支えようとして下敷きになった。","4","運輸交通業","403","道路貨物運送業","40301","一般貨物自動車運送業","30~49","6","荷","61","荷","611","荷姿の物","6","激突され"
"740","2002","平成","14","7","13~14","橋脚建設のため地山の掘削作業中(深さ約6m)、地山が崩壊し、土止め支保工の最上段の火打上で、中の作業を見ていた現場責任者が火打とともに掘削孔内に墜落し、崩れてきた土砂の下敷きになった。","3","建設業","301","土木工事業","30108","砂防工事業","30~49","7","環境等","71","環境等","711","地山、岩石","5","崩壊、倒壊"
"741","2002","平成","14","7","13~14","応接室内のエアコンが故障したので室外機の点検のため工場のスレート(高さ9.3m)上を歩行していて、スレートを踏み抜き落下した。","1","製造業","114","電気機械器具製造業","11409","その他の電気機械器具製造業","1~9","4","仮設物、建築物、構築物等","41","仮設物、建築物、構築物等","415","屋根、はり、もや、けた、合掌","1","墜落、転落"
"742","2002","平成","14","7","14~15","90ccオートバイで郵便物の午後の集配のため、郵便局から出て国道を横断しようと信号待ちをしていたときに、信号を無視して進入してきた10tトラックに跳ねられた。","11","通信業","1101","通信業","110101","通信業","30~49","2","物上げ装置、運搬機械","22","動力運搬機","221","トラック","17","交通事故（道路）"
"743","2002","平成","14","7","11~12","約10年前まで捺染工場であった建物の排水処理設備の清掃作業で、作業員3名が浄化槽ピット内で水を撒きながら堆積していた汚泥を水中ポンプで汲み出す作業中に3名とも倒れた。","17","その他の事業","1702","その他の事業","170209","その他の事業－その他","1~9","7","環境等","71","環境等","714","異常環境等","12","有害物等との接触"
"744","2002","平成","14","7","11~12","約10年前まで捺染工場であった建物の排水処理設備の清掃作業で、作業員3名が浄化槽ピット内で水を撒きながら堆積していた汚泥を水中ポンプで汲み出す作業中に3名とも倒れた。","17","その他の事業","1702","その他の事業","170209","その他の事業－その他","1~9","7","環境等","71","環境等","714","異常環境等","12","有害物等との接触"
"745","2002","平成","14","7","11~12","約10年前まで捺染工場であった建物の排水処理設備の清掃作業で、作業員3名が浄化槽ピット内で水を撒きながら堆積していた汚泥を水中ポンプで汲み出す作業中に3名とも倒れた。","17","その他の事業","1702","その他の事業","170209","その他の事業－その他","1~9","7","環境等","71","環境等","714","異常環境等","12","有害物等との接触"
"746","2002","平成","14","6","17~18","大型ストアーの駐車場出入口で車の誘導を路上で行っていたときに、駐車場から出てきた乗用車に右足をひかれて転倒し、路面に頭部を強打した。","17","その他の事業","1702","その他の事業","170201","警備業","100~299","2","物上げ装置、運搬機械","23","乗物","231","乗用車、バス、バイク","17","交通事故（道路）"
"747","2002","平成","14","7","14~15","鋳物製の自動車部品を鍍金したのち焼き付け処理する自動機械で、材料を昇降させるリフターが下降しリフターとチェーンコンベヤーのフレームとの間に挟まれた。","1","製造業","112","金属製品製造業","11204","めっき業","30~49","1","動力機械","16","一般動力機械","169","その他の一般動力機械","7","はさまれ、巻き込まれ"
"748","2002","平成","14","7","15~16","有線放送用ケーブルの架線工事で、電柱の地上から約4.5mの高さで作業を行っていたときに、電柱から墜落し、さらに約43mの崖下まで転落した。","3","建設業","303","その他の建設業","30301","電気通信工事業","1~9","4","仮設物、建築物、構築物等","41","仮設物、建築物、構築物等","419","その他の仮設物、建築物、構築物等","1","墜落、転落"
"749","2002","平成","14","7","14~15","エレベーター(積載荷重:600キログラム)の増設で、最上層の角パイプの胴縁(10センチメートル角、長さ:450センチメートル)を取付けるため梁上で胴縁の片側をボルトで取付けたのち別の側のボルトを取り付けていたときに、バランスを崩して胴縁とともに建屋からせり出し、胴縁の端につかまっていたが力尽きて16m下のコンクリート上に墜落した。","1","製造業","112","金属製品製造業","11209","その他の金属製品製造業","1~9","4","仮設物、建築物、構築物等","41","仮設物、建築物、構築物等","418","建築物、構築物","1","墜落、転落"
"750","2002","平成","14","7","10~11","国道に設置されている遮断機の定期点検中、遮断棒が降下したところへ大型トラックの屋根が接触したため断棒が振れて交通整理員に当たった。","17","その他の事業","1702","その他の事業","170201","警備業","50~99","3","その他の装置等","39","その他の装置、設備","391","その他の装置、設備","6","激突され"
"751","2002","平成","14","7","21~22","県道をタクシーを運転して走行中、対向乗用車と正面衝突した。","4","運輸交通業","402","道路旅客運送業","40201","ハイヤー・タクシー業","1~9","2","物上げ装置、運搬機械","23","乗物","231","乗用車、バス、バイク","17","交通事故（道路）"
"752","2002","平成","14","11","11~12","木造2階建の家屋の新築工事において、足場から梯子へ乗り移るときに3.8m下のコンクリート土間に墜落した。","3","建設業","302","建築工事業","30202","木造家屋建築工事業","50~99","4","仮設物、建築物、構築物等","41","仮設物、建築物、構築物等","411","足場","1","墜落、転落"
"753","2002","平成","14","6","13~14","マンション13階のサービスバルコニー(エアコン室外機等置場、地上約35m)と共用通路との間に折りたたんだままの脚立を架け渡して鳩の卵の除去作業を行っていたときに、移動中に脚立が手すり上から外れ脚立とともに地上へ墜落した。","17","その他の事業","1702","その他の事業","170209","その他の事業－その他","50~99","3","その他の装置等","37","用具","371","はしご等","1","墜落、転落"
"754","2002","平成","14","12","1~2","タクシーに3人の客を乗せ、途中で一人降ろして残る2人を送るため走行中、右側面を後続の乗用車に猛スピードで衝突された。","4","運輸交通業","402","道路旅客運送業","40201","ハイヤー・タクシー業","100~299","2","物上げ装置、運搬機械","23","乗物","231","乗用車、バス、バイク","17","交通事故（道路）"
"755","2002","平成","14","1","14~15","パート労働者の勤務終了後に店長が乗用車で送っていく途中、国道上でスピードを出しすぎてセンターラインをはみ出し対向のダンブトラックと衝突した。","14","接客娯楽業","1402","飲食店","140201","一般飲食店","10~29","2","物上げ装置、運搬機械","23","乗物","231","乗用車、バス、バイク","17","交通事故（道路）"
"756","2002","平成","14","7","10~11","スチール製の椅子を加工する作業で、製品の一部に汚れを認めたためバフ盤(布バフ)で表面を磨いていたところ、椅子の脚(直径9ミリメートル)が左胸に突き刺さった。","1","製造業","112","金属製品製造業","11204","めっき業","10~29","5","物質、材料","52","材料","521","金属材料","6","激突され"
"757","2002","平成","14","6","12~13","タクシーに客3名を乗せて走行中、市道上でセンターラインを越えてきた車両に正面衝突された。","4","運輸交通業","402","道路旅客運送業","40201","ハイヤー・タクシー業","100~299","2","物上げ装置、運搬機械","23","乗物","231","乗用車、バス、バイク","17","交通事故（道路）"
"758","2002","平成","14","6","9~10","得意先へ鉄型(電気炉の枠)を取りに行くため軽四貨物を鉄工所前の坂道に駐車し、その場を離れようとしたところ車が動き出したので、車の前方から押し止めようとしたが止まらず下敷きになった。","1","製造業","113","一般機械器具製造業","11301","機械（精密機械を除く）器具製造業","1~9","2","物上げ装置、運搬機械","23","乗物","231","乗用車、バス、バイク","6","激突され"
"759","2002","平成","14","7","16~17","圧縮したプラスチックをワイヤーで梱包する機械の近くで物を拾おうとして、機械と柱との間に挟まれた。","15","清掃・と畜業","1501","清掃・と畜業","150102","産業廃棄物処理業","10~29","1","動力機械","16","一般動力機械","169","その他の一般動力機械","7","はさまれ、巻き込まれ"
"760","2002","平成","14","5","14~15","埠頭に停泊しているタグボートから注文を受けた船員用具(船内で使用する日用雑貨)の納品に向かい、埠頭で海中に墜落し翌日水死体で発見された。","8","商業","802","小売業","80201","各種商品小売業","1~9","4","仮設物、建築物、構築物等","41","仮設物、建築物、構築物等","417","通路","10","おぼれ"
"761","2002","平成","14","7","0~1","ゴルフ場コース内のリフトカー(ケーブルカー)の軌道内において草取り作業をしていたところ、キャディが気付かずにリフトカーに客を乗せて上昇させたため、リフトカーとワイヤロープでつながれたバランスウエイト台車が下降してきて轢かれた。","14","接客娯楽業","1403","その他の接客娯楽業","140301","ゴルフ場","100~299","2","物上げ装置、運搬機械","23","乗物","239","その他の乗物","6","激突され"
"762","2002","平成","14","7","10~11","台風で崩落土砂が堆積した町道の復旧作業において、崩壊箇所の上部にあった立木に親綱を取り付けて法面の浮石を除去し、町道管理者の確認検査に対応するため崩壊箇所の脇に安全帯を装着したまま待機していたところ、上方約20mほどの法面が崩壊して親綱を取り付けていた立木もろとも町道の約50m下まで流された。","3","建設業","301","土木工事業","30199","その他の土木工事業","100~299","7","環境等","71","環境等","711","地山、岩石","5","崩壊、倒壊"
"763","2002","平成","14","4","16~17","住宅解体工事現場の2階屋根上において、テレビアンテナを撤去作業中に5m40センチメートル下の地上に墜落した。","3","建設業","302","建築工事業","30202","木造家屋建築工事業","1~9","4","仮設物、建築物、構築物等","41","仮設物、建築物、構築物等","415","屋根、はり、もや、けた、合掌","1","墜落、転落"
"764","2002","平成","14","7","6~7","小学校体育館屋根の防水工事準備のため体育館屋根のパラペット上を歩行中、高さ約7mの屋根上より墜落した。","3","建設業","302","建築工事業","30209","その他の建築工事業","1~9","4","仮設物、建築物、構築物等","41","仮設物、建築物、構築物等","415","屋根、はり、もや、けた、合掌","1","墜落、転落"
"765","2002","平成","14","7","16~17","県道改良工事において、盛土敷均し後の転圧のため振動ローラーを作業場所まで移動していたところ、路肩をオーバーし法面部分(約20度)で横転したのでローラーから飛び降りたときに、法面に停止していたドラグショベルのカウンタウェイトとローラーの運転席の手すりとの間に胸部を挟まれた。","3","建設業","301","土木工事業","30199","その他の土木工事業","30~49","1","動力機械","14","建設機械等","144","締固め用機械","2","転倒"
"766","2002","平成","14","7","15~16","落石対策のため立木に親綱を固定しロリップ付き安全帯で斜面の草刈り作業中、落石(約50センチメートル×40センチメートル×25センチメートル、重さ56キログラム)が右側頭部に当たった。","3","建設業","301","土木工事業","30199","その他の土木工事業","30~49","7","環境等","71","環境等","711","地山、岩石","4","飛来、落下"
"767","2002","平成","14","7","18~19","橋桁内で制振装置の調整作業中に気分が悪くなり、約10m橋梁内を歩行したがその場で倒れた。(熱中症)","3","建設業","301","土木工事業","30105","橋梁建設工事業","1~9","7","環境等","71","環境等","715","高温・低温環境","11","高温・低温の物との接触"
"768","2002","平成","14","7","8~9","賃貸住宅の屋根葺き替え工事で、屋根上(勾配24度、高さ4.63m)の通信線支柱を動かそうとしたときにバランスを崩して墜落した。","3","建設業","302","建築工事業","30202","木造家屋建築工事業","1~9","4","仮設物、建築物、構築物等","41","仮設物、建築物、構築物等","415","屋根、はり、もや、けた、合掌","1","墜落、転落"
"769","2002","平成","14","7","10~11","客先工場内で真空焼鈍炉のリーク調査作業を行っていたが、調査結果を確認に来た顧客会社の社員によって炉の脇でうずくまっているのを発見された。(頚椎脱臼骨折で死亡していた。)","8","商業","802","小売業","80209","その他の小売業","1~9","3","その他の装置等","34","炉窯等","341","炉、窯","1","墜落、転落"
"770","2002","平成","14","8","13~14","送配電線の移設工事で、電線を目的の腕金上に移設し終えたところで電線に接触し感電した。","3","建設業","303","その他の建設業","30301","電気通信工事業","10~29","3","その他の装置等","35","電気設備","351","送配電線等","13","感電"
"771","2002","平成","14","7","16~17","駅の建築修繕工事において、駅の庇上に足場を設置するため6段目の交差筋交いを取付けようとしていたときに、誤って5段目布板上から8.81m下の庇に墜落し、さらに4.15m下の地上に落下した。","3","建設業","302","建築工事業","30209","その他の建築工事業","10~29","4","仮設物、建築物、構築物等","41","仮設物、建築物、構築物等","411","足場","1","墜落、転落"
"772","2002","平成","14","7","14~15","除草作業で道路に散らばった草を収集していたときに、後方より走行してきた4t冷凍車に激突された。","3","建設業","301","土木工事業","30199","その他の土木工事業","10~29","2","物上げ装置、運搬機械","22","動力運搬機","221","トラック","17","交通事故（道路）"
"773","2002","平成","14","2","17~18","セメント粉体を入れたフレコンをダンプトラックに積み込むため、トラクター・ショベルにフレコン2袋を吊り下げて後進したところ、電話機(子機)で話しながら通行していた者を跳ねた。","4","運輸交通業","403","道路貨物運送業","40302","特定貨物自動車運送業","1~9","1","動力機械","14","建設機械等","141","整地・運搬・積込み用機械","6","激突され"
"774","2002","平成","14","8","11~12","民家の庭木(アカマツ、高さ5m)に施されている雪吊りを外すため、造園作業用の梯子を登っていたときに、3段目のところでバランスを失って後方へ墜落し、コンクリート地面に頭を強打した。","6","農林業","601","農業","60101","農業","1~9","3","その他の装置等","37","用具","371","はしご等","1","墜落、転落"
"775","2002","平成","14","7","15~16","電話線の引込み線撤去工事において、仮設の屋外線を固定している吊線(通称:ストランド)に梯子を立て掛けて登り、屋外線(コネクター側)を切離したときに梯子が大きく揺れたため、バランスを崩して約6mの梯子上から墜落した。","3","建設業","303","その他の建設業","30301","電気通信工事業","50~99","3","その他の装置等","37","用具","371","はしご等","1","墜落、転落"
"776","2002","平成","14","7","11~12","倉庫上屋前で、貨物自動車のバン木を取り除く作業を行っていたところ、プレス機械を貨物自動車へ積込むためバックしてきて旋回したフォークリフトのプレス機械が横転し、貨物自動車とプレス機械との間に挟まれた。","5","貨物取扱業","502","港湾運送業","50202","港湾荷役業","30~49","2","物上げ装置、運搬機械","22","動力運搬機","222","フォークリフト","6","激突され"
"777","2002","平成","14","6","11~12","トラックに使用した防水シートを乾かすため、倉庫内の棚(高さ3m)に昇って作業中に墜落した。","8","商業","802","小売業","80209","その他の小売業","1~9","3","その他の装置等","39","その他の装置、設備","391","その他の装置、設備","1","墜落、転落"
"778","2002","平成","14","11","11~12","瓦を取り除く作業で、トラック荷台から玄関先の庇上に上がり移動しながら、さらに樋に足を掛けて屋根上に登ろうとしたときに樋が破損し約2.8m下に墜落した。","3","建設業","302","建築工事業","30209","その他の建築工事業","50~99","4","仮設物、建築物、構築物等","41","仮設物、建築物、構築物等","415","屋根、はり、もや、けた、合掌","1","墜落、転落"
"779","2002","平成","14","7","9~10","工場のピット内配管の詰りを取るためピット内に入ったときに、滞留していた硫化水素を吸い込み中毒となった。","17","その他の事業","1702","その他の事業","170209","その他の事業－その他","1~9","5","物質、材料","51","危険物、有害物等","514","有害物","12","有害物等との接触"
"780","2002","平成","14","7","18~19","発電所取水口のゲートに引っ掛かった流木(長さ約10m)を撤去するため、流木にワイヤーを掛けて引張ったところ流木の影響で足場としていた場所が川水により崩れたため、バランスをくずして川に転倒し約60m流された。","3","建設業","301","土木工事業","30199","その他の土木工事業","10~29","7","環境等","71","環境等","713","水","10","おぼれ"
"781","2002","平成","14","7","6~7","原付バイクで新聞配達中、交差点を右折したところで右方向からきた車と激突した。","8","商業","802","小売業","80205","新聞販売業","10~29","2","物上げ装置、運搬機械","22","動力運搬機","221","トラック","17","交通事故（道路）"
"782","2002","平成","14","7","3~4","養殖飼料を小分けするため、フォークリフトで吊上げた質量約700キログラムのフレコンバックの下部に立入っていたときにバッグが落下して下敷きになった。","17","その他の事業","1702","その他の事業","170209","その他の事業－その他","50~99","2","物上げ装置、運搬機械","22","動力運搬機","222","フォークリフト","4","飛来、落下"
"783","2002","平成","14","7","13~14","陸に揚げた定置網にシートを被せるため、防潮堤上(幅50.5センチメートル)に上がって作業中に4m下の砂浜に墜落した。","7","畜産・水産業","702","水産業","70201","漁業","10~29","4","仮設物、建築物、構築物等","41","仮設物、建築物、構築物等","418","建築物、構築物","1","墜落、転落"
"784","2002","平成","14","7","15~16","歩道舗装用ブロックを載せたパレットを車両積載型トラッククレーン(吊上げ荷重2.93t)で吊上げて荷台に積み込む作業を2名で行っていたときに、他の場所のパレットを積むため車両積載型トラッククレーンが後進してきたため、後方にいた者が右後輪で腹部を轢かれた。","3","建設業","301","土木工事業","30199","その他の土木工事業","10~29","2","物上げ装置、運搬機械","21","動力クレーン等","212","移動式クレーン","7","はさまれ、巻き込まれ"
"785","2002","平成","14","7","14~15","炎天下の屋外路上において、配管等埋戻し後の本舗装を行うため午前中より準備作業を行っていたが、午後になって意識朦朧としていたので、日陰で休憩させたが容態が悪化した。","17","その他の事業","1702","その他の事業","170209","その他の事業－その他","1~9","7","環境等","71","環境等","715","高温・低温環境","11","高温・低温の物との接触"
"786","2002","平成","14","7","9~10","外壁塗装準備のため躯体と外部足場の間に取り付けられた水平養生ネットの撤去作業中に、高さ約6mの足場作業床と躯体の間から墜落した。","3","建設業","302","建築工事業","30201","鉄骨・鉄筋コンクリート造家屋建築工事業","100~299","4","仮設物、建築物、構築物等","41","仮設物、建築物、構築物等","411","足場","1","墜落、転落"
"787","2002","平成","14","7","15~16","杉を中心とした伐採作業で、斜面勾配43.5度の場所でミズキを谷側に向かって伐倒していて伐倒木の下敷きになった。","6","農林業","602","林業","60201","木材伐出業","10~29","7","環境等","71","環境等","712","立木等","5","崩壊、倒壊"
"788","2002","平成","14","7","17~18","ビニールハウス内でたい肥散布機に乗ってたい肥の散布作業中、ビニールハウスの鉄製梁(高さ約1.4m)と散布機の背もたれとの間に頭部を挟まれた。","17","その他の事業","1702","その他の事業","170209","その他の事業－その他","10~29","2","物上げ装置、運搬機械","22","動力運搬機","229","その他の動力運搬機","7","はさまれ、巻き込まれ"
"789","2002","平成","14","4","16~17","鉄骨2階建の倉庫建築工事において、鉄骨建方作業のため2階床面の梁(幅30センチメートル)の上(高さ約10m)でボルト入れの作業を行っていて次の作業場所へ移るため、梁の上を移動中に5m下のクレーン設置用の梁上に墜落した。","3","建設業","302","建築工事業","30201","鉄骨・鉄筋コンクリート造家屋建築工事業","1~9","4","仮設物、建築物、構築物等","41","仮設物、建築物、構築物等","415","屋根、はり、もや、けた、合掌","1","墜落、転落"
"790","2002","平成","14","5","14~15","工場新設工事において、屋根の垂木材の切断作業をパイプ脚立を用いた足場(高さ178センチメートル、長さ400センチメートル)上で作業を行っていたときに、パイプ脚立の脚が地面にめり込んで足場が不安定になり178センチメートル下の地面に墜落した。","3","建設業","302","建築工事業","30202","木造家屋建築工事業","10~29","4","仮設物、建築物、構築物等","41","仮設物、建築物、構築物等","411","足場","1","墜落、転落"
"791","2002","平成","14","7","13~14","軽自動車で営業のため国道を走行中、対向の4tトラックが中央分離帯を乗り越えてきて衝突された。","8","商業","801","卸売業","80109","その他の卸売業","10~29","2","物上げ装置、運搬機械","22","動力運搬機","221","トラック","17","交通事故（道路）"
"792","2002","平成","14","7","14~15","電柱(交流6600V)へインターネット通信用光ファイバーケーブルの架線工事中に、変圧器で交流100Vに落として送電していた住宅内で漏電事故が発生していたため、漏電電流が電柱を経て変圧器へ戻る回路が作られ、右手から右膝へ漏電電流が流れて感電した。","3","建設業","303","その他の建設業","30301","電気通信工事業","10~29","3","その他の装置等","35","電気設備","351","送配電線等","13","感電"
"793","2002","平成","14","7","14~15","工場内でエアプラズマ機2台等を使用して遠心分離器の鋼製架台の解体作業中に、接触不良となった1台のエアプラズマ機の電源コード接続部分を修理するため2つあるブレーカースイッチを一旦切ったが、正常なプラズマ機に繋がっているブレーカースイッチは解体作業を続けるため投入の必要があると考え直してスイッチを入れようとしたときに、誤って修理する方のスイッチを入れたため感電した。","1","製造業","113","一般機械器具製造業","11301","機械（精密機械を除く）器具製造業","1~9","3","その他の装置等","35","電気設備","359","その他の電気設備","13","感電"
"794","2002","平成","14","6","1~2","大型トラックで国道を走行中、赤信号で停車中の大型トラックに追突した。","4","運輸交通業","403","道路貨物運送業","40301","一般貨物自動車運送業","30~49","2","物上げ装置、運搬機械","22","動力運搬機","221","トラック","17","交通事故（道路）"
"795","2002","平成","14","7","15~16","個人所有のヘリコプターのエンジン始動が悪いとの連絡を受け2人で故障探求をしたところ、バッテリーが弱いことが判明したのでバッテリー交換のため、整備工場へヘリコプターで飛び着陸直前に墜落炎上し2人が死亡した。","4","運輸交通業","401","鉄道・軌道・水運・航空業","40103","航空業","30~49","2","物上げ装置、運搬機械","23","乗物","239","その他の乗物","18","交通事故（その他）"
"796","2002","平成","14","6","12~13","社用車で営業に出発し自宅で昼食後行方不明になったので捜索したところ、道路から約6m下の沢に転落していた。","9","金融・広告業","901","金融業","90109","その他の金融業","10~29","2","物上げ装置、運搬機械","23","乗物","231","乗用車、バス、バイク","17","交通事故（道路）"
"797","2002","平成","14","6","11~12","発泡スチロール成型機の金型交換後、一人でその機械の調整作業をおこなっていて可動式金型台プレートと安全ドアとの間に頚部を挟まれた。","1","製造業","108","化学工業","10805","プラスチック製品製造業","50~99","1","動力機械","16","一般動力機械","169","その他の一般動力機械","7","はさまれ、巻き込まれ"
"798","2002","平成","14","8","9~10","2階建倉庫の塗装工事で、枠組み足場の先に単管で作られたブラッケット足場に立ったときに歩み板が外れ、歩み板とともに5.8m墜落した。","3","建設業","302","建築工事業","30209","その他の建築工事業","1~9","4","仮設物、建築物、構築物等","41","仮設物、建築物、構築物等","411","足場","1","墜落、転落"
"799","2002","平成","14","7","11~12","汚泥貯留槽(縦5m×横3m×高さ3m、地下埋設)内の汚泥をポンプで他の槽内に移し、その後槽内に入って水道水で洗浄作業中に倒れた。","1","製造業","101","食料品製造業","10102","水産食料品製造業","50~99","7","環境等","71","環境等","714","異常環境等","12","有害物等との接触"
"800","2002","平成","14","7","14~15","チップ貯蔵庫(地上より高さ4.93m)のチップを貯蔵庫下に停車した18tトレーラーに積込むため、フォークを使用して作業を行っていたときにチップが崩れ落ちてチップの中に埋まった。","4","運輸交通業","403","道路貨物運送業","40301","一般貨物自動車運送業","10~29","5","物質、材料","52","材料","522","木材、竹材","5","崩壊、倒壊"
"801","2002","平成","14","12","23~24","トラックで国道を走行中、前を走っていた大型トラックが赤信号で停車しようとしたところに追突した。","4","運輸交通業","403","道路貨物運送業","40301","一般貨物自動車運送業","10~29","2","物上げ装置、運搬機械","22","動力運搬機","221","トラック","17","交通事故（道路）"
"802","2002","平成","14","9","3~4","大型トラック(10t)で国道を走行中、赤信号で停止中の大型トレーラーとトラック(4t車)に追突した。","4","運輸交通業","403","道路貨物運送業","40301","一般貨物自動車運送業","100~299","2","物上げ装置、運搬機械","22","動力運搬機","221","トラック","17","交通事故（道路）"
"803","2002","平成","14","7","15~16","牛乳工場の商品搬送用プラットホームにトラック(3.9t)をバックで付け運転席から降りようとしたときに、トラックが下がったためトラックとプラットホームとの間に誘導者が腹部を挟まれた。","4","運輸交通業","403","道路貨物運送業","40302","特定貨物自動車運送業","30~49","2","物上げ装置、運搬機械","22","動力運搬機","221","トラック","7","はさまれ、巻き込まれ"
"804","2002","平成","14","8","9~10","霊園内の草刈り現場において刈った草を集めて一輪車で運んだのち、草を手でかかえて幅約2mの通路端から勾配約30度の斜面に投げ置いていたときに、斜面から約11m転落し、草の運搬用に停めてあった2tトラックに激突した。","3","建設業","301","土木工事業","30199","その他の土木工事業","1~9","7","環境等","71","環境等","711","地山、岩石","1","墜落、転落"
"805","2002","平成","14","7","22~23","建設用資材配送のため4tトラックで国道を走行中、交通渋滞により停止していた25tトラックにブレーキをかけないまま追突した。","4","運輸交通業","403","道路貨物運送業","40301","一般貨物自動車運送業","1~9","2","物上げ装置、運搬機械","22","動力運搬機","221","トラック","17","交通事故（道路）"
"806","2002","平成","14","7","10~11","転炉内の耐火煉瓦解体工事において、7名が炉内に入り炉に付着した銅の不純物等除去のための発破穿孔作業中、耐火煉瓦が長さ8m、幅1.5mにわたって崩落して全員が生き埋めとなり5名が死亡した。","3","建設業","302","建築工事業","30209","その他の建築工事業","1~9","3","その他の装置等","34","炉窯等","341","炉、窯","5","崩壊、倒壊"
"807","2002","平成","14","7","10~11","転炉内の耐火煉瓦解体工事において、7名が炉内に入り、炉に付着した銅の不純物等除去のための発破穿孔作業中、耐火煉瓦が長さ8m、幅1.5mにわたって崩落して全員が生き埋めとなり5名が死亡した。","3","建設業","302","建築工事業","30209","その他の建築工事業","1~9","3","その他の装置等","34","炉窯等","341","炉、窯","5","崩壊、倒壊"
"808","2002","平成","14","7","10~11","転炉内の耐火煉瓦解体工事において、7名が炉内に入り、炉に付着した銅の不純物等除去のための発破穿孔作業中、耐火煉瓦が長さ8m、幅1.5mにわたって崩落して全員が生き埋めとなり5名が死亡した。","3","建設業","302","建築工事業","30209","その他の建築工事業","1~9","3","その他の装置等","34","炉窯等","341","炉、窯","5","崩壊、倒壊"
"809","2002","平成","14","7","10~11","転炉内の耐火煉瓦解体工事において、7名が炉内に入り、炉に付着した銅の不純物等除去のための発破穿孔作業中、耐火煉瓦が長さ8m、幅1.5mにわたって崩落して全員が生き埋めとなり5名が死亡した。","3","建設業","302","建築工事業","30209","その他の建築工事業","1~9","3","その他の装置等","34","炉窯等","341","炉、窯","5","崩壊、倒壊"
"810","2002","平成","14","7","10~11","転炉内の耐火煉瓦解体工事において、7名が炉内に入り、炉に付着した銅の不純物等除去のための発破穿孔作業中、耐火煉瓦が長さ8m、幅1.5mにわたって崩落して全員が生き埋めとなり5名が死亡した。","3","建設業","302","建築工事業","30209","その他の建築工事業","1~9","3","その他の装置等","34","炉窯等","341","炉、窯","5","崩壊、倒壊"
"811","2002","平成","14","7","8~9","水生生物による水質調査において、地元中学生が行う水生生物採取の前段階として同僚1名と水深約50~100センチメートルの川で投網による生物の採取をしていたときに、水流に流され溺れた。","17","その他の事業","1702","その他の事業","170209","その他の事業－その他","10~29","7","環境等","71","環境等","713","水","10","おぼれ"
"812","2002","平成","14","7","17~18","海中に打ち込まれた鋼製杭(直径60センチメートル)にこびりついたフジツボや貝などをケレン棒を用いてかき落とす作業が終了し、後片付けを行って衣服の着替え中に体調不良を訴え意識不明となった。","3","建設業","301","土木工事業","30111","港湾海岸工事業","10~29","7","環境等","71","環境等","715","高温・低温環境","11","高温・低温の物との接触"
"813","2002","平成","14","2","13~14","邸宅新築工事において、のぼり梁を取り付けるため建屋正面妻側の抜きに上がったところ、柱に固定していた抜きの片方が外れて高さ7.19mのところからベタ基礎のコンクリート床に墜落した。","3","建設業","302","建築工事業","30202","木造家屋建築工事業","1~9","4","仮設物、建築物、構築物等","41","仮設物、建築物、構築物等","415","屋根、はり、もや、けた、合掌","1","墜落、転落"
"814","2002","平成","14","8","9~10","散水車を停止して給水作業を行っていたところ、散水車が動き出して接触し水路に落ちたところへ散水車の後輪も落ちたため、後輪と水路壁との間に挟まれた。","3","建設業","301","土木工事業","30106","道路建設工事業","30~49","2","物上げ装置、運搬機械","22","動力運搬機","221","トラック","6","激突され"
"815","2002","平成","14","7","14~15","テレビの共同アンテナ及び関連施設の点検のため県道を2人で歩行中、進行してきたトラックに轢かれた。","3","建設業","303","その他の建設業","30301","電気通信工事業","10~29","2","物上げ装置、運搬機械","22","動力運搬機","221","トラック","17","交通事故（道路）"
"816","2002","平成","14","7","14~15","テレビの共同アンテナ及び関連施設の点検のため県道を2人で歩行中、進行してきたトラックに轢かれた。","3","建設業","303","その他の建設業","30301","電気通信工事業","10~29","2","物上げ装置、運搬機械","22","動力運搬機","221","トラック","17","交通事故（道路）"
"817","2002","平成","14","7","3~4","7tトラックにセメント製品を積み国道を走行中、対向の乗用車が縁石に衝突した反動で対向車線より飛び出してきて衝突した。","1","製造業","109","窯業土石製品製造業","10904","耐火物製造業","30~49","2","物上げ装置、運搬機械","23","乗物","231","乗用車、バス、バイク","17","交通事故（道路）"
"818","2002","平成","14","8","10~11","4階建てマンションの鉄骨組立て作業で3階部分の鉄骨のボルト締め作業中、床に墜落した。","3","建設業","302","建築工事業","30201","鉄骨・鉄筋コンクリート造家屋建築工事業","1~9","4","仮設物、建築物、構築物等","41","仮設物、建築物、構築物等","418","建築物、構築物","1","墜落、転落"
"819","2002","平成","14","3","5~6","魚介類を運ぶためトラックで高速道路を走行中、急に左側に寄って路肩を逸脱し工事現場の足場及び橋脚に接触して横転した。(居眠り運転)","4","運輸交通業","403","道路貨物運送業","40301","一般貨物自動車運送業","50~99","2","物上げ装置、運搬機械","22","動力運搬機","221","トラック","17","交通事故（道路）"
"820","2002","平成","14","8","11~12","ダム工事用道路工事でダンプトラックに土砂を積んで走行中、道路外に転落して下敷きとなった。","3","建設業","301","土木工事業","30106","道路建設工事業","30~49","2","物上げ装置、運搬機械","22","動力運搬機","221","トラック","17","交通事故（道路）"
"821","2002","平成","14","8","10~11","現場に行くため高所作業車で走行中、左前方を走っていたミニバイクが急に右折したので衝突を避けるため右にハンドルを切ったときに、高所作業車が対向車線を蛇行してバス停、電柱等にぶつかり、最後に道路より2mほど低い位置に建っているマンションに突っ込んだ。","17","その他の事業","1702","その他の事業","170209","その他の事業－その他","10~29","1","動力機械","14","建設機械等","146","高所作業車","17","交通事故（道路）"
"822","2002","平成","14","7","13~14","岸壁に接岸した貨物運搬船の荷揚げ作業中、船倉に転落した。","5","貨物取扱業","502","港湾運送業","50202","港湾荷役業","10~29","2","物上げ装置、運搬機械","23","乗物","239","その他の乗物","1","墜落、転落"
"823","2002","平成","14","8","7~8","カニかごを引き揚げるため漁場に到着し、仕掛けていた9本のはえ縄のうち6本目を引き揚げていたときに、揚網機を操作してカニかごと幹縄を切り離す作業に従事していた者が船縁と揚網機との間に上肢を挟まれた。","7","畜産・水産業","702","水産業","70201","漁業","1~9","1","動力機械","16","一般動力機械","169","その他の一般動力機械","7","はさまれ、巻き込まれ"
"824","2002","平成","14","7","16~17","中学校体育館の解体工事において、近隣への騒音対策として枠組足場に取り付けて設置しておいた防音パネルを4段目の作業床で上部のパネル(90×180センチメートル 重さ約10キログラム)を取り外ずそうとしたところ、下部パネルも同時に外れてパネルごと7.12m下に墜落した。","3","建設業","302","建築工事業","30209","その他の建築工事業","10~29","4","仮設物、建築物、構築物等","41","仮設物、建築物、構築物等","419","その他の仮設物、建築物、構築物等","1","墜落、転落"
"825","2002","平成","14","7","10~11","同僚6名と軌道脇法面の除草後の草の集積作業に取り組むことになっていたところ、橋下の公道にうつ伏せになって倒れていた。(状況、原因不明)","3","建設業","301","土木工事業","30199","その他の土木工事業","10~29","9","その他","99","分類不能","999","分類不能","99","分類不能"
"826","2002","平成","14","7","11~12","山で間伐作業を行っていたところかかり木となったので、これを処理するため玉切りを行っていて伐倒木の下敷きになった。","6","農林業","602","林業","60201","木材伐出業","30~49","7","環境等","71","環境等","712","立木等","6","激突され"
"827","2002","平成","14","7","13~14","自動運転中のアルミダイカストマシンに異常が発生したため機械を止めずに金型の間に上半身を入れたときに、金型が閉まり胸部を挟まれた。","1","製造業","111","非鉄金属製造業","11102","非鉄金属鋳物業","50~99","1","動力機械","16","一般動力機械","169","その他の一般動力機械","7","はさまれ、巻き込まれ"
"828","2002","平成","14","7","13~14","水圧バーカーによる木材の皮むき作業で、昼食後に作業を開始したが機械が停止し10分ほど経っても機械が動き出さないので同僚が見に行ったところ、機械の操作場所から離れたところでコンクリート敷きの地面に仰向で倒れていた。","1","製造業","104","木材・木製品製造業","10409","その他の木材・木製品製造業","1~9","4","仮設物、建築物、構築物等","41","仮設物、建築物、構築物等","417","通路","2","転倒"
"829","2002","平成","14","7","16~17","電柱の移設工事において、ドラグショベルで1m掘削してアルミ製の矢板で土止めを行い掘削した箇所へケーブルを設置して20センチメートル程土を埋め戻したのち矢板を人力で引き抜いていたところ、急に気分が悪くなりエアコンの効いた車の中で休息していたが手足に痙攣がきて入院後死亡した。(熱中症)","3","建設業","303","その他の建設業","30301","電気通信工事業","10~29","7","環境等","71","環境等","715","高温・低温環境","11","高温・低温の物との接触"
"830","2002","平成","14","7","12~13","走行中の20tトラックが、スピードを落とすことなく停止線を突破して車線規制のため置いていた車両(2tトラック)の脇で規制区間の車両誘導を行っていた者に激突し、約30mはじき飛ばした。","17","その他の事業","1702","その他の事業","170201","警備業","50~99","2","物上げ装置、運搬機械","22","動力運搬機","221","トラック","17","交通事故（道路）"
"831","2002","平成","14","6","9~10","フォークリフトのフォークにパレットをセットしてその上で高さ635センチメートルの棟梁に鉄骨部材の取り合いプレートをアーク溶接し、作業を終ったので運転者がフォークを降下させたとき作業者から安全帯を外すのを忘れたとの声がかかったので約1m下降させて停止し、作業者がフックを筋かいから外そうとしたときに、筋かいが折れたため4m下の地面に墜落した。","3","建設業","302","建築工事業","30201","鉄骨・鉄筋コンクリート造家屋建築工事業","10~29","2","物上げ装置、運搬機械","22","動力運搬機","222","フォークリフト","1","墜落、転落"
"832","2002","平成","14","6","15~16","国道のゆるやかな右カーブの地点を10t保冷車で走行中、反対車線を走行中の10tダンプがはみ出してきて保冷車の正面とダンプの右後方が激突した。","4","運輸交通業","403","道路貨物運送業","40301","一般貨物自動車運送業","30~49","2","物上げ装置、運搬機械","22","動力運搬機","221","トラック","17","交通事故（道路）"
"833","2002","平成","14","8","9~10","船殻工場において、船台に船舶部品の手すり(2束)を積み込むための玉掛けで、高さ60センチメートルのところで手すりがある鉄板に上がろうとしたときに、手すりの1束(270キログラム)が倒れ手すりとともに地上に墜落した。","1","製造業","115","輸送用機械等製造業","11501","造船業","100~299","6","荷","61","荷","611","荷姿の物","1","墜落、転落"
"834","2002","平成","14","7","11~12","残土の整地及び周囲の草刈り作業で、整地のためにドラグショベルを後退させたときに刈った草の取りまとめ作業をしていた者を轢いた。","3","建設業","301","土木工事業","30199","その他の土木工事業","10~29","1","動力機械","14","建設機械等","142","掘削用機械","7","はさまれ、巻き込まれ"
"835","2002","平成","14","7","11~12","家屋の解体工事に先立って畳、ふすま、サッシ等を取り外して運搬車に積込む作業中、屋根上で転倒して停めてあった運搬車のアオリで強打した。","3","建設業","302","建築工事業","30209","その他の建築工事業","10~29","4","仮設物、建築物、構築物等","41","仮設物、建築物、構築物等","418","建築物、構築物","2","転倒"
"836","2002","平成","14","8","10~11","港から約3000mの海上で、2隻で船びき網漁により「いりこ」の捕獲を行っていたところ、船体左後方に設置されたネットローラーのローラーに左手から左肩部分を巻き込まれた。","7","畜産・水産業","702","水産業","70201","漁業","10~29","1","動力機械","16","一般動力機械","169","その他の一般動力機械","7","はさまれ、巻き込まれ"
"837","2002","平成","14","8","11~12","タンカー船体ブロックの組立で、三角形の鉄製補強板を取りつけているときに、補強板(重さ約1.6t)が倒れ下敷きになった。","1","製造業","115","輸送用機械等製造業","11501","造船業","50~99","5","物質、材料","52","材料","521","金属材料","5","崩壊、倒壊"
"838","2002","平成","14","2","17~18","邸宅の新築工事において、2階の屋根上で垂木に野地板を張り、墨壷を使用して墨打ちをしているときに約8.33m下に墜落した。","3","建設業","302","建築工事業","30202","木造家屋建築工事業","1~9","4","仮設物、建築物、構築物等","41","仮設物、建築物、構築物等","415","屋根、はり、もや、けた、合掌","1","墜落、転落"
"839","2002","平成","14","8","14~15","110tプレスで自動車部品(エアバック)の穴あけ及び曲げ加工を行っていたところ、金型(下型)の一部が破損してその破片が首を直撃した。","1","製造業","115","輸送用機械等製造業","11502","自動車・同付属品製造業","50~99","1","動力機械","15","金属加工用機械","154","プレス機械","4","飛来、落下"
"840","2002","平成","14","7","9~10","木造家屋建築工事において、外部足場と梁との間に架け渡した足場板の上で屋根垂木を携帯用丸のこ盤で切断中、のこ歯が垂木の節に接触してはね返り、この歯が右大腿部に接触した。","3","建設業","302","建築工事業","30202","木造家屋建築工事業","1~9","1","動力機械","13","木材加工用機械","131","丸のこ盤","8","切れ、こすれ"
"841","2002","平成","14","8","7~8","河川敷に仮置きしていた登坂台が大雨で増水した川に流されたので、残された4つの移動式クレーンで吊り上げて移動していて最後の登坂台を吊り上げるため上に登って玉掛けをしていたときに、登坂台もろとも川に転落し増水した川に流され行方不明になり、下流のダムで遺体で発見された。","3","建設業","301","土木工事業","30105","橋梁建設工事業","1~9","7","環境等","71","環境等","713","水","10","おぼれ"
"842","2002","平成","14","7","15~16","製材で発生した木屑を鋼製の廃材箱に入れフォークリフトで焼却炉のホッパーに投入するため、焼却炉前の道路上にフォークリフトを一旦停車させて、投入時に廃材箱が木屑と一緒に落ちないようフォークリフトのバックレストと廃材箱をワイヤーロープとシャックルを用いて繋ぐ作業を運転席から行っていたところ、突然フォークリフトが動き出し廃材箱との間に挟まれた。","1","製造業","104","木材・木製品製造業","10401","製材業","10~29","2","物上げ装置、運搬機械","22","動力運搬機","222","フォークリフト","7","はさまれ、巻き込まれ"
"843","2002","平成","14","8","23~24","食パン焼成工程前のパンケースの蓋かぶせ作業を行うリッターで、蓋をつかむスライド部分とパンケースの間に身体を挟まれた。","1","製造業","101","食料品製造業","10104","パン、菓子製造業","300~499","1","動力機械","16","一般動力機械","165","食品加工用機械","7","はさまれ、巻き込まれ"
"844","2002","平成","14","8","10~11","ダンプトラック(11.5t)に道路養生の砂利を積載して運搬途中に、作業用道路(傾斜約10度)に車両を止めて運転席を降り同僚(重機オペ)のところへ歩いて向かっていたときに無人の車両が動き出し、左後輪で轢かれた。","2","鉱業","202","土石採取業","20202","砂利採取業","1~9","2","物上げ装置、運搬機械","22","動力運搬機","221","トラック","6","激突され"
"845","2002","平成","14","8","16~17","雑林地で自走式草刈機(長さ2.5m、幅1.3m、高さ1.2m、重さ890キログラム)を使用して法面(高さ約3m)の草刈り作業中、バランスを崩して滑り落ち乗っていた機械の下敷になった。","3","建設業","301","土木工事業","30109","土地整理土木工事業","10~29","1","動力機械","16","一般動力機械","169","その他の一般動力機械","2","転倒"
"846","2002","平成","14","7","17~18","木造住宅2階建ての新築工事において、台風に備えるため野地板等の部材を結束する作業を1階の梁上(幅170ミリメートル、高さ4090ミリメートル)で行っているときに、梁上から土間コンクリートに墜落した。","3","建設業","302","建築工事業","30202","木造家屋建築工事業","1~9","4","仮設物、建築物、構築物等","41","仮設物、建築物、構築物等","415","屋根、はり、もや、けた、合掌","1","墜落、転落"
"847","2002","平成","14","8","16~17","現場作業を終えて帰社するため2tトラックのエンジンを掛けて動き出したが、車止めがあることに気づいて車から降りて前輪の車止めを取り除いたときに、トラックが無人のまま動き出して轢かれた。","3","建設業","301","土木工事業","30108","砂防工事業","1~9","2","物上げ装置、運搬機械","22","動力運搬機","221","トラック","7","はさまれ、巻き込まれ"
"848","2002","平成","14","7","20~21","客先へ商品を届けるため乗用車で走行中、交差点で一旦停止せず飛び出して走行してきた乗用車と衝突した。","8","商業","802","小売業","80209","その他の小売業","10~29","2","物上げ装置、運搬機械","23","乗物","231","乗用車、バス、バイク","17","交通事故（道路）"
"849","2002","平成","14","10","22~23","6tトラックで国道を走行中、インター付近で登坂車線に故障で駐車していた10tトラックに追突した。","4","運輸交通業","403","道路貨物運送業","40301","一般貨物自動車運送業","50~99","2","物上げ装置、運搬機械","22","動力運搬機","221","トラック","17","交通事故（道路）"
"850","2002","平成","14","8","14~15","砂防堰堤新設工事において、地上より6mの足場上(キャットウォーク)で型枠解体作業中に休憩に入るため、足場から堰堤の上部コンクリート上に降りようとしたときに、足を滑らせて6m下の河床に墜落した。","3","建設業","301","土木工事業","30108","砂防工事業","1~9","4","仮設物、建築物、構築物等","41","仮設物、建築物、構築物等","411","足場","1","墜落、転落"
"851","2002","平成","14","3","8~9","仕事依頼先の車の後に付いて50ccのバイクで作業現場へ向かうため脇道より国道を横断中、走行してきた乗用車と衝突した。","17","その他の事業","1702","その他の事業","170201","警備業","1~9","2","物上げ装置、運搬機械","23","乗物","231","乗用車、バス、バイク","17","交通事故（道路）"
"852","2002","平成","14","7","11~12","3階建て集合住宅の屋上で、2名で防水シートの貼り付け作業中にシートのたわみじわを伸ばすため、両者が互いにシートを引き合っていて後退した拍子に、50センチメートルの屋上端につまずいて8.6m下の地上に墜落した。","17","その他の事業","1702","その他の事業","170209","その他の事業－その他","10~29","4","仮設物、建築物、構築物等","41","仮設物、建築物、構築物等","415","屋根、はり、もや、けた、合掌","1","墜落、転落"
"853","2002","平成","14","6","0~1","自動車道の法面の草刈作業終了後、部材を回収するため3.5tトラックで走行車線から非常駐車帯へ進入しようとしていたときに後続のトラックに追突され、非常駐車帯で待機していた者がトラックと法面との間に挟まれた。","3","建設業","301","土木工事業","30199","その他の土木工事業","50~99","2","物上げ装置、運搬機械","22","動力運搬機","221","トラック","17","交通事故（道路）"
"854","2002","平成","14","8","20~21","顧客に配置薬品を届けて社用車で走行中、緩い左カーブで対向車線にはみ出して前方から来たトラックと正面衝突した。","8","商業","802","小売業","80209","その他の小売業","10~29","2","物上げ装置、運搬機械","23","乗物","231","乗用車、バス、バイク","17","交通事故（道路）"
"855","2002","平成","14","7","8~9","業務用車両で走行中、交差点で左側から走行してきた車両に衝突された。","17","その他の事業","1702","その他の事業","170209","その他の事業－その他","1~9","2","物上げ装置、運搬機械","23","乗物","231","乗用車、バス、バイク","17","交通事故（道路）"
"856","2002","平成","14","8","14~15","川堤防において、肩掛けの刈り払い機による除草作業中に熱射病で倒れ死亡した。","3","建設業","301","土木工事業","30199","その他の土木工事業","10~29","7","環境等","71","環境等","715","高温・低温環境","11","高温・低温の物との接触"
"857","2002","平成","14","5","8~9","飼料の原材料が入ったタンクから原材料を抜き取る作業中、ホッパーから落ちてこなくなったのでタンク内の様子を確認に行ったが暫く経っても戻ってこないため同僚が探したところ、タンク内で倒れていた。","17","その他の事業","1702","その他の事業","170209","その他の事業－その他","1~9","7","環境等","71","環境等","714","異常環境等","12","有害物等との接触"
"858","2002","平成","14","7","21~22","国道のバス停留所において、バスターミナル内の店舗改修工事で発生した廃材を停車中の2tトラックへ積み込む作業を行っていたところ、バス路線を走行してきた乗用車に撥ねられた。","3","建設業","302","建築工事業","30201","鉄骨・鉄筋コンクリート造家屋建築工事業","1~9","2","物上げ装置、運搬機械","23","乗物","231","乗用車、バス、バイク","17","交通事故（道路）"
"859","2002","平成","14","6","5~6","バイクで新聞配達中、交差点に進入したときに右側(赤色点滅)から進入してきた車両に激突された。","8","商業","802","小売業","80205","新聞販売業","10~29","2","物上げ装置、運搬機械","23","乗物","231","乗用車、バス、バイク","17","交通事故（道路）"
"860","2002","平成","14","8","11~12","チェンソーで伐採する木の周りの下刈りをしていたところ、ムモンホソアシナガバチの巣があって右耳の後ろを刺され、少し休憩していたが容体が悪くなったので病院に搬送したが死亡した。","6","農林業","602","林業","60201","木材伐出業","1~9","7","環境等","71","環境等","719","その他の環境等","90","その他"
"861","2002","平成","14","6","8~9","軽ワゴン車に4名が乗って国有林の収穫調査(売却する立木を選定する作業)を行うため国道を走行中、センターラインをはみ出した対向の乗用車と衝突し路外へ転落して3名が死亡した。","16","官公署","1601","官公署","160101","官公署","50~99","2","物上げ装置、運搬機械","23","乗物","231","乗用車、バス、バイク","17","交通事故（道路）"
"862","2002","平成","14","6","8~9","軽ワゴン車に4名が乗って国有林の収穫調査(売却する立木を選定する作業)を行うため、国道を走行中、センターラインをはみ出した対向の乗用車と衝突し路外へ転落して3名が死亡した。","16","官公署","1601","官公署","160101","官公署","50~99","2","物上げ装置、運搬機械","23","乗物","231","乗用車、バス、バイク","17","交通事故（道路）"
"863","2002","平成","14","6","8~9","軽ワゴン車に4名が乗って国有林の収穫調査(売却する立木を選定する作業)を行うため、国道を走行中、センターラインをはみ出した対向の乗用車と衝突し路外へ転落して3名が死亡した。","16","官公署","1601","官公署","160101","官公署","50~99","2","物上げ装置、運搬機械","23","乗物","231","乗用車、バス、バイク","17","交通事故（道路）"
"864","2002","平成","14","7","13~14","高圧ケーブルを撤去するため高所作業車上で検電しようとしたときに、搬器にケーブル(200v)の切断面が接触していたため感電した。","3","建設業","303","その他の建設業","30301","電気通信工事業","10~29","3","その他の装置等","35","電気設備","351","送配電線等","13","感電"
"865","2002","平成","14","7","16~17","木造2階建て住宅新築工事において、枠組足場上(高さ3.5m)で布板上のカラートタンを屋根に取り付ける作業中に足場から地上に転落した。","3","建設業","302","建築工事業","30202","木造家屋建築工事業","1~9","4","仮設物、建築物、構築物等","41","仮設物、建築物、構築物等","411","足場","1","墜落、転落"
"866","2002","平成","14","8","8~9","商店の土間に砂利石を敷く作業が終了し、門扉(高さ1.8m、長さ9.4m、重さ約200キログラム)を閉めたときに門扉が倒れ、地面と門扉との間に挟まれた。","3","建設業","301","土木工事業","30199","その他の土木工事業","1~9","4","仮設物、建築物、構築物等","41","仮設物、建築物、構築物等","419","その他の仮設物、建築物、構築物等","5","崩壊、倒壊"
"867","2002","平成","14","10","12~13","4tトラックで食肉を搬送中、対向車線にはみ出して大型トラックと正面衝突した。","4","運輸交通業","403","道路貨物運送業","40301","一般貨物自動車運送業","10~29","2","物上げ装置、運搬機械","22","動力運搬機","221","トラック","17","交通事故（道路）"
"868","2002","平成","14","8","13~14","製鐡所内酸素工場の解体作業で、空気分離装置内の保冷剤(パーライト、容量5000立方メートル)を回収するためにガスで溶断中、飛散防止ネットの火災防止の監視をしていた者が開いた口から流れ出た保冷剤に埋まった。","17","その他の事業","1702","その他の事業","170209","その他の事業－その他","10~29","3","その他の装置等","32","化学設備","321","化学設備","5","崩壊、倒壊"
"869","2002","平成","14","8","11~12","軽自動車に3名が乗り町道を走行中、大型ダンプカーと衝突し2名が死亡した。","9","金融・広告業","901","金融業","90103","保険業","1~9","2","物上げ装置、運搬機械","22","動力運搬機","221","トラック","17","交通事故（道路）"
"870","2002","平成","14","8","11~12","軽自動車に3名が乗り町道を走行中、大型ダンプカーと衝突し2名が死亡した。","9","金融・広告業","901","金融業","90103","保険業","1~9","2","物上げ装置、運搬機械","22","動力運搬機","221","トラック","17","交通事故（道路）"
"871","2002","平成","14","8","14~15","浄化槽内にある高さ約7.5m足場上で、解体した部材を地上に上げる作業中に足場板と足場板の隙間から墜落した。","3","建設業","301","土木工事業","30110","上下水道工事業","1~9","4","仮設物、建築物、構築物等","41","仮設物、建築物、構築物等","414","開口部","1","墜落、転落"
"872","2002","平成","14","6","18~19","眼科の看板の清掃作業中、脚立3段目(踏面198センチメートル)から転落し後頭部を強打した。","9","金融・広告業","902","広告・あっせん業","90209","その他の広告・あっせん業","1~9","3","その他の装置等","37","用具","371","はしご等","1","墜落、転落"
"873","2002","平成","14","12","11~12","納品を終えて自動車で国道を走行中、信号のある交差点で右側から来た乗用車が運転席側面に衝突した。","8","商業","802","小売業","80209","その他の小売業","1~9","2","物上げ装置、運搬機械","23","乗物","231","乗用車、バス、バイク","17","交通事故（道路）"
"874","2002","平成","14","3","11~12","車庫新築工事において、小梁の取付け作業のためアルミ製の梯子をかけて7段目(約2.1m)まで上ったときに、梯子が横滑りして墜落した。","3","建設業","302","建築工事業","30201","鉄骨・鉄筋コンクリート造家屋建築工事業","1~9","3","その他の装置等","37","用具","371","はしご等","1","墜落、転落"
"875","2002","平成","14","8","10~11","ゴルフコース内の池の周囲の草刈り作業中に、芝刈り機(非乗用型)が池に落ちてしまったので池をのぞいるときに、池に転落し溺れた。","6","農林業","601","農業","60101","農業","10~29","7","環境等","71","環境等","713","水","10","おぼれ"
"876","2002","平成","14","7","3~4","新聞配達のため軽乗用車で走行中、乗用車と衝突した。","8","商業","802","小売業","80205","新聞販売業","1~9","2","物上げ装置、運搬機械","23","乗物","231","乗用車、バス、バイク","17","交通事故（道路）"
"877","2002","平成","14","4","9~10","ボール盤を使用して金属板の穿孔作業中、穿孔していた金属板の「切りこ」が作業服の裾口に引っ掛かりボール盤に巻き込まれた。","1","製造業","113","一般機械器具製造業","11301","機械（精密機械を除く）器具製造業","1~9","1","動力機械","15","金属加工用機械","152","ボール盤、フライス盤","7","はさまれ、巻き込まれ"
"878","2002","平成","14","8","9~10","貨物用トラック(最大積載量4.5t)でH形鋼5本(長さ12m、合計約2t)と軽量鉄鋼等を運搬し、荷降しスペースを空けるため工場前の駐車場にトラックを停車し荷卸の段取りをしていたところ、駐車場横を通った10tダンプの運転席上部に鋼材が引っかかったため鋼材が跳ね飛ばされ、トラック横にいた者にあたった。","8","商業","801","卸売業","80109","その他の卸売業","1~9","2","物上げ装置、運搬機械","22","動力運搬機","221","トラック","4","飛来、落下"
"879","2002","平成","14","8","8~9","木造2階建て住宅の建築工事において、2階床にコンパネ作業床を仮置きする作業中に作業床の端から1階コンクリート床まで墜落(高さ3.76m)した。","3","建設業","302","建築工事業","30202","木造家屋建築工事業","1~9","4","仮設物、建築物、構築物等","41","仮設物、建築物、構築物等","416","作業床、歩み板","1","墜落、転落"
"880","2002","平成","14","6","10~11","事業場内の溜池において、車両系建設機械を用いて溜池の浮き草の除去作業を行っていた同僚から作業内容の説明を受けているときに、顔が急に青くなってしゃがみこみ後ろ向きに池に転落し溺死した。","1","製造業","109","窯業土石製品製造業","10901","セメント・同製品製造業","50~99","7","環境等","71","環境等","713","水","10","おぼれ"
"881","2002","平成","14","8","10~11","山林敷地の測量整備として山林斜面を草刈機で下草刈り作業中、高さ3.3mの斜面の端から用水路に墜落し側溝で頭を強打した。","3","建設業","301","土木工事業","30199","その他の土木工事業","10~29","7","環境等","71","環境等","711","地山、岩石","1","墜落、転落"
"882","2002","平成","14","5","16~17","4人が乗った軽自動車で走行中、センターラインをオーバーして前方から来たクレーン車と正面衝突し、後部座席に乗っていた者が車外へ投げ出さて死亡し3名も重軽傷を負った。","5","貨物取扱業","501","陸上貨物取扱業","50101","陸上貨物取扱業","10~29","2","物上げ装置、運搬機械","23","乗物","231","乗用車、バス、バイク","17","交通事故（道路）"
"883","2002","平成","14","8","16~17","ごみ焼却場内のボイラー水管、集塵装置の清掃のため、ボイラー内で水管に付着した灰を掻き落とす作業をしていたが午後になって体の不調を訴え、休憩所で横になっていたが容体が変化し病院で死亡した。","17","その他の事業","1702","その他の事業","170209","その他の事業－その他","1~9","7","環境等","71","環境等","715","高温・低温環境","90","その他"
"884","2002","平成","14","7","5~6","ワゴン車(レンタカー)に6人が乗って降雨の自動車道を走行中、スリップして横転したところへ後続の大型トラックに追突され3名が死亡した。","8","商業","802","小売業","80209","その他の小売業","10~29","2","物上げ装置、運搬機械","23","乗物","231","乗用車、バス、バイク","17","交通事故（道路）"
"885","2002","平成","14","7","5~6","ワゴン車(レンタカー)に6人が乗って降雨の自動車道を走行中、スリップして横転したところへ後続の大型トラックに追突され3名が死亡した。","8","商業","802","小売業","80209","その他の小売業","10~29","2","物上げ装置、運搬機械","23","乗物","231","乗用車、バス、バイク","17","交通事故（道路）"
"886","2002","平成","14","7","5~6","ワゴン車(レンタカー)に6人が乗り降雨の自動車道を走行中、スリップして横転したところへ後続の大型トラックに追突され3名が死亡した。","8","商業","802","小売業","80209","その他の小売業","10~29","2","物上げ装置、運搬機械","23","乗物","231","乗用車、バス、バイク","17","交通事故（道路）"
"887","2002","平成","14","7","10~11","団地のプロパンガス集合貯蔵庫ボンベの交換で、2tトラックを貯蔵庫前の坂道に駐車し貯蔵庫内の空ボンベの確認をしていたときに、駐車していたトラックが後ろに下がったためトラックを追いかけて運転席側からトラックを止めようとしたときに、トラックとガードレールとの間に挟まれた。","4","運輸交通業","403","道路貨物運送業","40309","その他の道路貨物運送業","1~9","2","物上げ装置、運搬機械","22","動力運搬機","221","トラック","17","交通事故（道路）"
"888","2002","平成","14","7","10~11","高速道路高架橋工事において、高欄の鉄筋組立に従事していて、午前の2回目の休憩時間中に気分が悪くなったのち意識不明になり、病院に運ばれたが死亡した。","3","建設業","301","土木工事業","30105","橋梁建設工事業","1~9","7","環境等","71","環境等","715","高温・低温環境","11","高温・低温の物との接触"
"889","2002","平成","14","8","7~8","玉掛ワイヤーロープが掛けられた丸太(直径15センチメートル、長さ1.8m)約50本を移動させるため、ドラグショベルのバケットのフックを使用して丸太を吊上げた状態で谷側に旋回したところ、ドラグショベルが横転しキャビンに頭部を挟まれた。","3","建設業","302","建築工事業","30201","鉄骨・鉄筋コンクリート造家屋建築工事業","1~9","1","動力機械","14","建設機械等","142","掘削用機械","2","転倒"
"890","2002","平成","14","7","11~12","型枠の解体作業で、解体材の整理作業を行っていて突然体調不良を訴え、現場内の休憩所で約1時間休憩したのち、病院に移送したが死亡した。","3","建設業","302","建築工事業","30209","その他の建築工事業","1~9","7","環境等","71","環境等","715","高温・低温環境","11","高温・低温の物との接触"
"891","2002","平成","14","8","0~1","新幹線関係の電気工事(配管、配線、アース棒の取付)を柵内で行って工具類の点検をしたのち、巻尺を持って堤防道路を横断しようとしたときに道路を走行してきたタンクローリーに撥ねられた。","3","建設業","303","その他の建設業","30301","電気通信工事業","1~9","2","物上げ装置、運搬機械","22","動力運搬機","221","トラック","17","交通事故（道路）"
"892","2002","平成","14","6","14~15","プラスチックのペレット(約3ミリメートル角)をタンブラーに投入する作業をしているときに、何らかの原因で爆発して火傷により死亡した。(タンブラー内には少量のスレアリン酸亜鉛が入っていた)","1","製造業","108","化学工業","10805","プラスチック製品製造業","10~29","5","物質、材料","51","危険物、有害物等","511","爆発性の物等","14","爆発"
"893","2002","平成","14","8","4~5","林業架線集材作業において、先山で1人で荷掛け作業を行っていたときに、集材機付近で作業道を確保するために掘削作業をしていたバックホーのアームが引戻し索に当たったため、その反動で重錘が振れ後頭部を打たれた。","6","農林業","602","林業","60201","木材伐出業","1~9","2","物上げ装置、運搬機械","21","動力クレーン等","217","機械集材装置、運材索道","6","激突され"
"894","2002","平成","14","8","11~12","ゴルフコース横の法面(約40度)の芝を乗用の芝刈機で刈っていたときに、芝刈機とともに転落し芝刈機の下敷きになった。","14","接客娯楽業","1403","その他の接客娯楽業","140301","ゴルフ場","100~299","1","動力機械","16","一般動力機械","169","その他の一般動力機械","1","墜落、転落"
"895","2002","平成","14","8","11~12","フィルム工場内で、樹脂フィルムロールの荷造りのため最大積載荷重1.25tのリーチフォークリフトを運転していたときに、フォークリフトの後部と工場内の柱との間に両肢を挟まれた。","1","製造業","108","化学工業","10899","その他の化学工業","50~99","2","物上げ装置、運搬機械","22","動力運搬機","222","フォークリフト","7","はさまれ、巻き込まれ"
"896","2002","平成","14","7","11~12","落石防止ネットを張るための金属パイプを肩に担いで110mほど運搬する作業中、作業開始より体調が悪く途中休みながら作業していたので同僚が涼しいところで休むように指示をして現場を離れた直後にうつ伏せで倒れて死亡した。(熱中症)","3","建設業","301","土木工事業","30199","その他の土木工事業","1~9","7","環境等","71","環境等","715","高温・低温環境","11","高温・低温の物との接触"
"897","2002","平成","14","8","8~9","斜面の草取りで石の上に足をかけて上方の草を取ろうとしたときに、足が滑って側溝に転落し頭部を強打した。","14","接客娯楽業","1401","旅館業","140101","旅館業","10~29","7","環境等","71","環境等","711","地山、岩石","1","墜落、転落"
"898","2002","平成","14","8","17~18","3階作業場で瓦加工作業が終了し排出された瓦の切り屑を1階へ運搬するため、エレベーターに荷とともに乗りエレベーターを下降させたときに、エレベーターの上わくと3階床との間に頭部を挟まれた。","1","製造業","109","窯業土石製品製造業","10905","その他の窯業","1~9","2","物上げ装置、運搬機械","21","動力クレーン等","214","エレベータ、リフト","7","はさまれ、巻き込まれ"
"899","2002","平成","14","8","17~18","ラテックスゴム重合用反応器内でたい積していたゴムを高圧水で洗浄する作業中に足を滑らせ転倒し、その際に下鏡板から285ミリメートル突き出ていたサンプル採取用のノズル(φ18ミリメートル)が大腿部に刺さった。","1","製造業","108","化学工業","10801","無機・有機化学工業製品製造業","10~29","3","その他の装置等","31","圧力容器","319","その他の圧力容器","2","転倒"
"900","2002","平成","14","8","11~12","国道の舗装工事において、道路沿いのコンビニへ出入りする車の誘導を行っていて後進してきたタイヤローラーに轢かれた。","17","その他の事業","1702","その他の事業","170201","警備業","30~49","1","動力機械","14","建設機械等","144","締固め用機械","6","激突され"
"901","2002","平成","14","8","16~17","海岸に投入する捨石を積込むため、起重機船積込場に接岸して船を固定させる係船作業を行い、船に戻るため岸壁から右足を船に掛けたときに、バランスを崩して転落し岸壁防舷材と船の緩衝用タイヤとの間に頭部、胸部を挟まれた。","3","建設業","301","土木工事業","30111","港湾海岸工事業","1~9","2","物上げ装置、運搬機械","23","乗物","239","その他の乗物","7","はさまれ、巻き込まれ"
"902","2002","平成","14","8","9~10","トンネル出口より約50mの地点で交通誘導中、走行してきた4tトラックが規制区間範囲を見誤ってセーフティコーンをなぎ倒しながら突っ込んできた。","17","その他の事業","1702","その他の事業","170201","警備業","10~29","2","物上げ装置、運搬機械","22","動力運搬機","221","トラック","17","交通事故（道路）"
"903","2002","平成","14","7","16~17","農協の倉庫内において、ジャガイモの入ったコンテナ(重さ1.4t)をフォークリフトで冷蔵庫内へ運ぶため、冷蔵倉庫前に仮置きした後エンジンをかけたままフォークリフトの運転席から離れてバックレストとコンテナの間に入り名札をコンテナに取付けていたときに、無人のフォークリフトが前進してきて挟まれた。","1","製造業","101","食料品製造業","10109","その他の食料品製造業","30~49","2","物上げ装置、運搬機械","22","動力運搬機","222","フォークリフト","7","はさまれ、巻き込まれ"
"904","2002","平成","14","8","14~15","橋梁上部工に使用した型枠支保工の解体作業で、トラスガーターの緊結部を取り外していたところ、突然ガーターが15mほど落下してガーター上部で作業していた者に激突した。","3","建設業","301","土木工事業","30105","橋梁建設工事業","10~29","4","仮設物、建築物、構築物等","41","仮設物、建築物、構築物等","412","支保工","1","墜落、転落"
"905","2002","平成","14","6","9~10","携帯用グラインダーにワイヤーブラシを取り付けて錆びた手斧の歯を磨いていたときに、マスク代わりに顔に巻いていたTシャツがワイヤーブラシに巻き付いて首が絞まった。","3","建設業","301","土木工事業","30110","上下水道工事業","10~29","1","動力機械","15","金属加工用機械","153","研削盤、バフ盤","7","はさまれ、巻き込まれ"
"906","2002","平成","14","7","9~10","サッカースタジアムの広告看板に掛けていた隠ぺい幕を撤去するため、スライド梯子上の高さ約3.4mの箇所で幕を固定していた番線を切って梯子を降りるときに墜落した。","9","金融・広告業","902","広告・あっせん業","90209","その他の広告・あっせん業","1~9","3","その他の装置等","37","用具","371","はしご等","1","墜落、転落"
"907","2002","平成","14","7","14~15","焼却灰から金属類の除去作業中、暑さのため体調不良となり日陰で休憩していたときに痙攣を起こし、意識不明の状態に陥って病院へ運ばれたが死亡した。","15","清掃・と畜業","1501","清掃・と畜業","150109","その他の清掃・と畜業","10~29","7","環境等","71","環境等","715","高温・低温環境","11","高温・低温の物との接触"
"908","2002","平成","14","11","8~9","乗用車で国道を走行中、交差点でミニバイクと軽トラックに衝突したのち道路右側の電柱に激突した。","17","その他の事業","1702","その他の事業","170209","その他の事業－その他","30~49","2","物上げ装置、運搬機械","23","乗物","231","乗用車、バス、バイク","17","交通事故（道路）"
"909","2002","平成","14","7","13~14","駐車場で7日前に発生した事故で塗装のはがれた自動清算装置の補修箇所の確認作業を行っていたときに、駐車場を出庫しようとした自動車と自動清算装置との間に挟まれた。","1","製造業","117","その他の製造業","11702","機械修理業","10~29","2","物上げ装置、運搬機械","23","乗物","231","乗用車、バス、バイク","6","激突され"
"910","2002","平成","14","7","6~7","コンビニで勤務中、おにぎりなどを万引きした男を見つけたので事務所に連れて行こうとしたが逃走したため、追いかけて事務所から50mほどの地点でもみ合いになり、刃物で腹部を刺された。","8","商業","802","小売業","80209","その他の小売業","10~29","9","その他","92","起因物なし","921","起因物なし","90","その他"
"911","2002","平成","14","8","14~15","取壊した建築廃材の袋詰め作業中、作業者の異常に気付いて床に座るように指示をしたが意識が無い様子で、数人で横にすると嘔吐して意識不明になったため、病院に運んだが死亡した。","3","建設業","302","建築工事業","30209","その他の建築工事業","50~99","7","環境等","71","環境等","715","高温・低温環境","11","高温・低温の物との接触"
"912","2002","平成","14","8","13~14","寿司店改装のため厨房カウンター、冷蔵庫、厨房、看板等の撤去作業中、1階の流し台の正面に設置してある蛍光灯をワイヤーカッターで配線を切断し感電した。","3","建設業","302","建築工事業","30209","その他の建築工事業","1~9","3","その他の装置等","35","電気設備","351","送配電線等","13","感電"
"913","2002","平成","14","8","16~17","朝から屋上で型枠設置作業を行った後、4階へ移動して4階天井スラブ面のダメ穴を塞ぐための作業を1人で行っていて倒れた。(熱中症)","3","建設業","302","建築工事業","30201","鉄骨・鉄筋コンクリート造家屋建築工事業","1~9","7","環境等","71","環境等","715","高温・低温環境","11","高温・低温の物との接触"
"914","2002","平成","14","8","14~15","高校の大規模改造工事において、校舎屋上の水槽タンク用配管の撤去作業中に雷が鳴り始めたため、屋上から校舎外部に設置された枠組足場を使って3階の教室内部へ渡ろうと筋かいを超えて教室の窓枠に足を掛けたときに、足を滑らせて8.7m下へ墜落した。","3","建設業","302","建築工事業","30203","建築設備工事業","1~9","4","仮設物、建築物、構築物等","41","仮設物、建築物、構築物等","411","足場","1","墜落、転落"
"915","2002","平成","14","1","16~17","木造建築2階部分の仮筋交い取り付け作業中に、バランスを崩して2.9m下の2階床桁部分で腹部を打った後2.95m下の1階床のコンパネ上に墜落した。","3","建設業","302","建築工事業","30202","木造家屋建築工事業","1~9","4","仮設物、建築物、構築物等","41","仮設物、建築物、構築物等","415","屋根、はり、もや、けた、合掌","1","墜落、転落"
"916","2002","平成","14","7","18~19","翌日出荷する冷蔵庫内の荷の確認作業を行っていたときに、冷蔵庫の入口の鋼製電動扉(高さ2m、幅2m)が閉まったため、胴体を冷蔵庫の外側、頭部を冷蔵庫の内側の状態で挟まれた。","8","商業","801","卸売業","80109","その他の卸売業","10~29","3","その他の装置等","39","その他の装置、設備","391","その他の装置、設備","7","はさまれ、巻き込まれ"
"917","2002","平成","14","7","0~1","建築部材積込みのため4tトラックで国道を走行中、前方を走っていたトレーラに追突した。","4","運輸交通業","403","道路貨物運送業","40301","一般貨物自動車運送業","10~29","2","物上げ装置、運搬機械","22","動力運搬機","221","トラック","17","交通事故（道路）"
"918","2002","平成","14","8","9~10","重機用マットの製造ラインで、材料の粒状ゴムを計量して円柱型攪拌用ミキサーへ投入後、攪拌用ミキサー内に立ち入っていたときに、製造ラインに戻ったオペレーターがミキサーを起動してしまったため巻き込まれた。","1","製造業","108","化学工業","10806","ゴム製品製造業","10~29","1","動力機械","16","一般動力機械","162","混合機、粉砕機","7","はさまれ、巻き込まれ"
"919","2002","平成","14","8","8~9","病院の増築工事で、車両系建設機械で整地作業を行っていたときに、重機の作業範囲内に立ち入った者が重機のクローラに巻き込まれた。","3","建設業","302","建築工事業","30201","鉄骨・鉄筋コンクリート造家屋建築工事業","50~99","1","動力機械","14","建設機械等","142","掘削用機械","7","はさまれ、巻き込まれ"
"920","2002","平成","14","8","14~15","杭打機設置のため、敷き鉄板をジブの伸縮しないクローラクレーンで吊り上げて所定位置に移動させる作業中、8枚のうち7枚目(1.5m×6m×20ミリメートル、質量約1.2t)を吊り上げ旋回していたときに突然巻き上げブレーキが効かなくなって鉄板が自然下降し、玉掛けを終わって待避しようとしていた者に激突した。","3","建設業","301","土木工事業","30105","橋梁建設工事業","1~9","2","物上げ装置、運搬機械","21","動力クレーン等","212","移動式クレーン","6","激突され"
"921","2002","平成","14","7","10~11","フッ素樹脂を入れるステンレスタンク(縦・横1250ミリメートル、深さ1690ミリメートル)を横に寝かせた状態で、タンク内のバフ掛け作業を行っていて感電死した。","1","製造業","112","金属製品製造業","11209","その他の金属製品製造業","1~9","1","動力機械","15","金属加工用機械","153","研削盤、バフ盤","13","感電"
"922","2002","平成","14","10","4~5","大型トラックで走行中、3車線の中央車線前方を走行していたトラックに追突し、その弾みで左側壁に激突して横転した。","4","運輸交通業","403","道路貨物運送業","40301","一般貨物自動車運送業","100~299","2","物上げ装置、運搬機械","22","動力運搬機","221","トラック","17","交通事故（道路）"
"923","2002","平成","14","8","23~24","ピザの宅配のため国道を軽ライトバンで走行中、緩いカーブに差し掛かったところで対向車線に進入し、走行してきた大型トラックと正面衝突した。","8","商業","802","小売業","80209","その他の小売業","10~29","2","物上げ装置、運搬機械","23","乗物","231","乗用車、バス、バイク","17","交通事故（道路）"
"924","2002","平成","14","8","14~15","伐倒した杉を搬出する道を開設するため、トラグショベルで地山の掘削作業を行っていたときに左側の地山が崩壊し(高さ約9m、幅約10m)、崩壊した土砂と立木で運転席を押し潰された。","6","農林業","602","林業","60201","木材伐出業","1~9","7","環境等","71","環境等","711","地山、岩石","5","崩壊、倒壊"
"925","2002","平成","14","8","8~9","木造家屋解体工事のため、ドラグショベルのバケットを取外してグラスパー(解体工事用のアタッチメント)の取付けていたところ、グラスパーの爪の部分が急に開放したためショベルのアームとグラスパーの爪との間に頭部を挟まれた。","3","建設業","302","建築工事業","30202","木造家屋建築工事業","1~9","1","動力機械","14","建設機械等","149","その他の建設機械等","7","はさまれ、巻き込まれ"
"926","2002","平成","14","8","16~17","道路工事現場で、前日までに掘削した残土をダンプ(9t)にドラグショベルで積み終えたとき勾配約12度の仮道からダンプが動きだしたので、ドラグショベルの運転席から飛出してダンプの運転席に乗ってダンプを制止させようと併走していて轢かれた。","3","建設業","301","土木工事業","30106","道路建設工事業","10~29","2","物上げ装置、運搬機械","22","動力運搬機","221","トラック","6","激突され"
"927","2002","平成","14","8","15~16","団地の防水工事の見積もり作業のため4→2→1→3号棟の順に屋上の屋根の亀裂の確認作業中、3号棟の住宅屋上(4階建て)で墨だし作業中に高さ12.05mの屋上から地上へ墜落した。","3","建設業","302","建築工事業","30203","建築設備工事業","1~9","4","仮設物、建築物、構築物等","41","仮設物、建築物、構築物等","418","建築物、構築物","1","墜落、転落"
"928","2002","平成","14","4","16~17","農業用水管の設置工事において、管を敷設するため掘削された溝(幅40センチメートル、長さ10m、深さ約3m)の中に入って作業を行っていたとき、地山の一部(高さ1.1m、幅1.7m)と地山の上に置かれた掘削土が崩壊し生き埋めになった。","3","建設業","301","土木工事業","30199","その他の土木工事業","100~299","7","環境等","71","環境等","711","地山、岩石","5","崩壊、倒壊"
"929","2002","平成","14","8","0~1","ワゴン車に仕入れた荷を積み込んで店舗に一部下ろして会社へ戻る途中、市道の交差点(信号機あり)で乗用車と衝突した。","6","農林業","601","農業","60101","農業","30~49","2","物上げ装置、運搬機械","23","乗物","231","乗用車、バス、バイク","17","交通事故（道路）"
"930","2002","平成","14","8","2~3","ニッケル合金を製造する工程において、電気炉(重さ6t)の傾動用油圧ジャッキホースにオイル漏れが生じていたので、炉体の下部に入りホースを交換するためレンチで油圧ホースを外したときに、油圧が低下したため電気炉が降下して挟まれた。","1","製造業","111","非鉄金属製造業","11101","非鉄金属精錬・圧延業","100~299","3","その他の装置等","34","炉窯等","341","炉、窯","7","はさまれ、巻き込まれ"
"931","2002","平成","14","8","15~16","同僚が伐倒木(ナラの木)の玉切りを終えたので、ラフタークレーンで吊るため谷側にある吊り具を取りに伐倒木の下側を通ったときに、玉切りした木(重さ1.1t、径57センチメートル、長さ3.77m)が転がってきて腰等に激突した。","3","建設業","301","土木工事業","30106","道路建設工事業","50~99","7","環境等","71","環境等","712","立木等","6","激突され"
"932","2002","平成","14","1","10~11","可燃物圧縮梱包機上部に投入ホッパーを取り付けるため、梱包機内で溶接作業中に試運転準備で電気工事業者が油圧モーターに通電したため、産廃物を圧縮するための圧縮板が作動し圧縮板と梱包機内壁との間に挟まれた。","1","製造業","117","その他の製造業","11702","機械修理業","10~29","1","動力機械","16","一般動力機械","169","その他の一般動力機械","7","はさまれ、巻き込まれ"
"933","2002","平成","14","7","17~18","屋内作業場でエルボ管(水道管の内側に塩化ビニル管を圧着させたもの)のアタッチメントの取り外し作業中、気分が悪くなり救急車で病院に移送したが死亡した。","1","製造業","112","金属製品製造業","11209","その他の金属製品製造業","50~99","7","環境等","71","環境等","715","高温・低温環境","11","高温・低温の物との接触"
"934","2002","平成","14","7","21~22","航空機の修理のため空港内駐機場に駐機し、横付けしたカーゴローダーに設けられた幅74センチメートルの補助プラットホーム上を通って貨物庫内に入ろうとしたところ、補助プラットホームを固定する閂が外れていたため足がかりを失って約2.8m下の地上に墜落した。","4","運輸交通業","401","鉄道・軌道・水運・航空業","40103","航空業","100~299","2","物上げ装置、運搬機械","22","動力運搬機","225","ローダー","1","墜落、転落"
"935","2002","平成","14","7","8~9","RC造2階建の建設物の外壁改修工事に使用した枠組み足場の解体作業で、建枠を取り外したときにバランスを崩して高さ8.8mのところから隣接する屋根に転落したのち地上に墜落した。","3","建設業","302","建築工事業","30201","鉄骨・鉄筋コンクリート造家屋建築工事業","1~9","4","仮設物、建築物、構築物等","41","仮設物、建築物、構築物等","411","足場","1","墜落、転落"
"936","2002","平成","14","8","14~15","12tセルフローダーに載せられていたコンバインドローラーを事業所の敷地に駐車させるため運転して移動していたところ、敷地に隣接する水路に約2.5mの高さからローラーとともに転落し下敷きになった。","4","運輸交通業","403","道路貨物運送業","40301","一般貨物自動車運送業","10~29","1","動力機械","14","建設機械等","144","締固め用機械","1","墜落、転落"
"937","2002","平成","14","8","11~12","伐倒・集材作業現場で、班長が昼食の際に敷くブルーシートを取りに集材路へ行ったときに、集材路から2.79m下の伐根の山側でヒバ(胸高直径30センチメートル、樹高14m)の下敷きになっている作業員を発見した。","6","農林業","602","林業","60201","木材伐出業","1~9","7","環境等","71","環境等","712","立木等","6","激突され"
"938","2002","平成","14","8","8~9","ドック内に入渠している貨物船のチェンロッカーを清掃するため、仮設の乗船タラップを通って船のデッキ上にあるタラップを降りようとしたときに、船首側の手すりの間から16.5m下のドック底に墜落した。","15","清掃・と畜業","1501","清掃・と畜業","150109","その他の清掃・と畜業","10~29","4","仮設物、建築物、構築物等","41","仮設物、建築物、構築物等","413","階段、桟橋","1","墜落、転落"
"939","2002","平成","14","8","3~4","4tトラック(保冷車)に冷凍鮪を積んで走行中、前を走っていた大型トレーラーに追突した。","4","運輸交通業","403","道路貨物運送業","40309","その他の道路貨物運送業","50~99","2","物上げ装置、運搬機械","22","動力運搬機","221","トラック","17","交通事故（道路）"
"940","2002","平成","14","7","13~14","介護訪問先の食材の買い物のため乗用車で走行中、反対車線にはみ出して対向の大型バスと正面衝突した。","13","保健・衛生業","1302","社会福祉施設","130201","社会福祉施設","10~29","2","物上げ装置、運搬機械","23","乗物","231","乗用車、バス、バイク","17","交通事故（道路）"
"941","2002","平成","14","8","0~1","橋上部工事で支保工組立作業に従事いていたが、昼前に体調不良を訴え日陰で休み、他の作業員より一足早く宿舎に戻る途中の路上で倒れた。(熱中症)","3","建設業","301","土木工事業","30105","橋梁建設工事業","30~49","7","環境等","71","環境等","715","高温・低温環境","11","高温・低温の物との接触"
"942","2002","平成","14","8","11~12","大学正門のフェンス設置工事において、歩道の片側交互通行の誘導を行っていたガードマンが足の屈伸運動を2~3回行っていて急に倒れ、縁石(コンクリート製)に後頭部を打ちつけた。","15","清掃・と畜業","1501","清掃・と畜業","150101","ビルメンテナンス業","500~999","4","仮設物、建築物、構築物等","41","仮設物、建築物、構築物等","419","その他の仮設物、建築物、構築物等","2","転倒"
"943","2002","平成","14","8","10~11","杉(約28.4m、胸高直径約53センチメートル)を伐倒するため、地上約3.3mの箇所にワイヤーを掛けてチルホールで引っ張って同僚がチェーンソーで伐根部分を切っていたとき、倒れる方向に自分のチェーンソーを置いていたので取ってから逃げようとして倒れてきた伐倒木の下敷きになった。","6","農林業","602","林業","60201","木材伐出業","1~9","7","環境等","71","環境等","712","立木等","5","崩壊、倒壊"
"944","2002","平成","14","4","15~16","首都高速道をトレーラーで走行中、4台前方を走行中の乗用車が急停車したため玉突き衝突した。","4","運輸交通業","403","道路貨物運送業","40301","一般貨物自動車運送業","10~29","2","物上げ装置、運搬機械","22","動力運搬機","221","トラック","17","交通事故（道路）"
"945","2002","平成","14","3","7~8","台船を曳航するため、汽船に乗り台船に向かう途中で後方からきた船に追突され、汽船が沈没して乗船していた2名が溺死した。","17","その他の事業","1702","その他の事業","170209","その他の事業－その他","1~9","2","物上げ装置、運搬機械","23","乗物","239","その他の乗物","18","交通事故（その他）"
"946","2002","平成","14","3","7~8","台船を曳航するため、汽船に乗り台船に向かう途中で後方からきた船に追突され、汽船が沈没して乗船していた2名が溺死した。","1","製造業","115","輸送用機械等製造業","11501","造船業","1~9","2","物上げ装置、運搬機械","23","乗物","239","その他の乗物","18","交通事故（その他）"
"947","2002","平成","14","4","11~12","カラーベスト製造建屋内の高さ6.92mの吊り足場上で梁に堆積したアスベスト粉じんの清掃作業を行っていて、昼食休憩のために下に降りるため足場上を移動中に、足を踏み外してコンクリート床に墜落した。","17","その他の事業","1702","その他の事業","170209","その他の事業－その他","1~9","4","仮設物、建築物、構築物等","41","仮設物、建築物、構築物等","411","足場","1","墜落、転落"
"948","2002","平成","14","8","16~17","住宅新築工事において、基礎材(長さ3m60センチメートル、高さ60センチメートル、幅15センチメートル)を固定する接続板を据付けるためのモルタル練りを一輪車の上で行っていたが、3時の休憩のときに気分の悪さを訴えて現場から出て行ったので同僚が心配して後を追ったところ、急に走り出して100mほど走った地点の道路の歩道面で倒れ意識を失った。(熱中症)","3","建設業","302","建築工事業","30202","木造家屋建築工事業","10~29","7","環境等","71","環境等","715","高温・低温環境","11","高温・低温の物との接触"
"949","2002","平成","14","1","15~16","伐木作業を3名が場所で個別に伐木を行っていたが、午後3時の休憩時間に声をかけても作業方向から返事がないので探したところ、伐木した杉の下敷きになっていた。","6","農林業","602","林業","60201","木材伐出業","10~29","7","環境等","71","環境等","712","立木等","6","激突され"
"950","2002","平成","14","8","14~15","廃棄物処理プラントにおいて、破砕機へ投入するコンベヤーのプーリーに付着した異物を取除こうとして、コンベヤー先端付近から稼働している破砕機ホッパー内に墜落し、下肢を破砕機の回転歯に巻き込まれた。","15","清掃・と畜業","1501","清掃・と畜業","150102","産業廃棄物処理業","10~29","1","動力機械","16","一般動力機械","162","混合機、粉砕機","7","はさまれ、巻き込まれ"
"951","2002","平成","14","9","14~15","住宅新築工事において、玄関先の外溝工事のため止めてあった2tトラックからスコップで砕石を降していたときに、トラックが突然後方に動き出し、トラック荷台のあおりと玄関先の柱との間に挟まれた。","3","建設業","302","建築工事業","30202","木造家屋建築工事業","1~9","2","物上げ装置、運搬機械","22","動力運搬機","221","トラック","7","はさまれ、巻き込まれ"
"952","2002","平成","14","3","21~22","貨物運送のため大型トラックで自動車道を走行中、対向の乗用車が中央線を越えてトラックの右前面に衝突し、その反動でトラックはスリップして走行車線側のガードロープに接触して跳ね返され、対向車線側のガードロープを破って路外に転落した。","4","運輸交通業","403","道路貨物運送業","40301","一般貨物自動車運送業","100~299","2","物上げ装置、運搬機械","22","動力運搬機","221","トラック","17","交通事故（道路）"
"953","2002","平成","14","9","11~12","6F建パチンコ店及び駐車場の新築工事において、屋上部分の墨出し作業を電気工事士が行うために仮置きされていたデッキプレートが作業の邪魔になるので移動していたときに、敷設されていた屋上デッキプレートの端(地上約24m)から3階部分(地上約7m)まで墜落した。","3","建設業","302","建築工事業","30201","鉄骨・鉄筋コンクリート造家屋建築工事業","1~9","4","仮設物、建築物、構築物等","41","仮設物、建築物、構築物等","418","建築物、構築物","1","墜落、転落"
"954","2002","平成","14","7","9~10","地滑り対策工事において、グリ石を約50m先の作業場まで不整地運搬車(積載荷重3t)で運搬し、空荷で傾斜角32度の斜面を前進で下っていたときに、前方に一回転したため運転者が頭部を不整地運搬車と地面との間に挟まれた。","3","建設業","301","土木工事業","30108","砂防工事業","10~29","2","物上げ装置、運搬機械","22","動力運搬機","227","不整地運搬車","1","墜落、転落"
"955","2002","平成","14","8","15~16","庭園築造工事において、石(縦130センチメートル、横110センチメートル、厚さ50センチメートル)をドラグショベルで移動させるため、事業者がドラグショベルを運転し2人で石のワイヤーロープ掛け作業を行っていたところ、ドラグショベルが左旋回してきたためカウンターウェイトと石との間に体を挟まれた。","3","建設業","301","土木工事業","30199","その他の土木工事業","1~9","1","動力機械","14","建設機械等","142","掘削用機械","7","はさまれ、巻き込まれ"
"956","2002","平成","14","8","17~18","軽トラックに商品を積んで走行中、信号のない市道交差点で乗用車と出合頭に衝突した。","8","商業","801","卸売業","80109","その他の卸売業","10~29","2","物上げ装置、運搬機械","23","乗物","231","乗用車、バス、バイク","17","交通事故（道路）"
"957","2002","平成","14","8","9~10","出荷桟橋に係留していた貨物船(バラセメント専用船)の甲板上に設けられた集塵室屋上で、粉状セメントを桟橋から船倉内に送りこむためダクト位置の調整を行っていて集塵室屋上端部から約4m下の甲板へ墜落した。","5","貨物取扱業","502","港湾運送業","50202","港湾荷役業","30~49","2","物上げ装置、運搬機械","23","乗物","239","その他の乗物","1","墜落、転落"
"958","2002","平成","14","8","15~16","自社の資材置場で、ホイールクレーン(吊上げ荷重45t)のオイル交換を終了してクレーンの保管場所である駐車場に戻るため、資材置場から農道に左折した直後に対向車線の路肩から1.3m下の路外に運転席を下にして転落した。","2","鉱業","202","土石採取業","20202","砂利採取業","10~29","2","物上げ装置、運搬機械","21","動力クレーン等","212","移動式クレーン","17","交通事故（道路）"
"959","2002","平成","14","8","21~22","営業所を出て帰宅途中で別の営業所の社員と待ち合わせるため県道を走行中、対向の大型トラックがはみ出してきて車に衝突された。","8","商業","802","小売業","80201","各種商品小売業","1~9","2","物上げ装置、運搬機械","22","動力運搬機","221","トラック","17","交通事故（道路）"
"960","2002","平成","14","7","9~10","屋上防水工事の資材を足場に設置した巻上機を使用して屋上に荷揚げする作業中、4階屋上部分で資材を受け取るためにパラペット上に立っていて体調不良を訴え、その直後に約12m下の通路上に墜落した。","3","建設業","302","建築工事業","30209","その他の建築工事業","1~9","4","仮設物、建築物、構築物等","41","仮設物、建築物、構築物等","411","足場","1","墜落、転落"
"961","2002","平成","14","8","11~12","トラックに商品を積み自動車道を走行中、作業中の道路維持作業車に追突した。","8","商業","801","卸売業","80109","その他の卸売業","1~9","2","物上げ装置、運搬機械","22","動力運搬機","221","トラック","17","交通事故（道路）"
"962","2002","平成","14","8","15~16","倉庫1階の側壁に取付けられた3段棚の角材整理で、角材を縛るために角材の上を移動していて天井クレーンの裸トロリ線に背中を接触させた。","3","建設業","302","建築工事業","30202","木造家屋建築工事業","1~9","3","その他の装置等","35","電気設備","351","送配電線等","13","感電"
"963","2002","平成","14","12","11~12","会社所有のトラック(5.5t)でコンクリート製品の荷積みのため国道を走行中、信号待ちをしていた大型トラックに追突した。","4","運輸交通業","403","道路貨物運送業","40301","一般貨物自動車運送業","1~9","2","物上げ装置、運搬機械","22","動力運搬機","221","トラック","17","交通事故（道路）"
"964","2002","平成","14","9","5~6","発泡酒(5.7t)を積んだ13tトラックで国道を走行中、この道路と平行して建設された高速道路の中央分離帯にある橋脚に激突した。","4","運輸交通業","403","道路貨物運送業","40301","一般貨物自動車運送業","1~9","2","物上げ装置、運搬機械","22","動力運搬機","221","トラック","17","交通事故（道路）"
"965","2002","平成","14","8","7~8","2階から1階玄関エントランスにせり出している段飾り(2段)内にある植木鉢の清掃と水遣り作業中、上段から下段に移動しようとしてに約4m下の1階フロアに落下した。","15","清掃・と畜業","1501","清掃・と畜業","150101","ビルメンテナンス業","100~299","4","仮設物、建築物、構築物等","41","仮設物、建築物、構築物等","418","建築物、構築物","1","墜落、転落"
"966","2002","平成","14","9","14~15","展示ホール内において、脚立を2脚使用して天井(高さ約4.8m)付近に設置している留め金具に布製のスクリーンを吊す作業中に、片方の脚立(高さ約2.9m)が転倒したため約2.6m下のフロアーに墜落した。","17","その他の事業","1702","その他の事業","170209","その他の事業－その他","100~299","3","その他の装置等","37","用具","371","はしご等","1","墜落、転落"
"967","2002","平成","14","8","14~15","コンベアの操作盤にケーブルの入線作業を行っていたところ、誤って操作盤内の充電部に身体の一部を接触させ感電した。","3","建設業","303","その他の建設業","30301","電気通信工事業","1~9","2","物上げ装置、運搬機械","22","動力運搬機","224","コンベア","13","感電"
"968","2002","平成","14","8","11~12","集金のためバイクで走行中、交差点を右折していたときに直進してきた軽乗用車と衝突した。","17","その他の事業","1702","その他の事業","170209","その他の事業－その他","30~49","2","物上げ装置、運搬機械","23","乗物","231","乗用車、バス、バイク","17","交通事故（道路）"
"969","2002","平成","14","8","11~12","小学校校舎の外部窓清掃で、2階の窓を窓枠に足を掛け身を乗り出して清掃していて約5m下のコンクリート通路に墜落した。","15","清掃・と畜業","1501","清掃・と畜業","150109","その他の清掃・と畜業","10~29","4","仮設物、建築物、構築物等","41","仮設物、建築物、構築物等","414","開口部","1","墜落、転落"
"970","2002","平成","14","9","9~10","自動プラズマ切断機で鉄板(6×2100×6096ミリメートル)を加工していて、切断機と柱との間に挟まれた。","1","製造業","112","金属製品製造業","11203","金属プレス製品製造業","10~29","1","動力機械","15","金属加工用機械","159","その他の金属加工用機械","7","はさまれ、巻き込まれ"
"971","2002","平成","14","9","16~17","芝刈り機で次の作業場所に向かってカート道を走行中、カート道から外れて勾配20度の斜面に進入し、コントロールできずに立木に激突した。","14","接客娯楽業","1403","その他の接客娯楽業","140301","ゴルフ場","10~29","1","動力機械","16","一般動力機械","169","その他の一般動力機械","3","激突"
"972","2002","平成","14","7","6~7","休耕田となった農地で「そば」を栽培するため、トラクターを使用して一人で農地を耕していたが、付近を散歩中の人にトラクターのローター部に巻込まれて横たわっているのを発見された。","6","農林業","601","農業","60101","農業","1~9","1","動力機械","16","一般動力機械","169","その他の一般動力機械","7","はさまれ、巻き込まれ"
"973","2002","平成","14","3","11~12","個人宅庭園で、アルミ脚立を使用して庭木の剪定作業をしているときに脚立(高さ1.2m前後の位置)から転落した。","6","農林業","601","農業","60101","農業","1~9","3","その他の装置等","37","用具","371","はしご等","1","墜落、転落"
"974","2002","平成","14","9","15~16","ビル新築工事において、一般人が運転していた乗用車が現場前に駐車していた軽トラックに激突したため、激突された軽トラックが動きだし現場前にいた警備員に激突した。","17","その他の事業","1702","その他の事業","170201","警備業","100~299","2","物上げ装置、運搬機械","23","乗物","231","乗用車、バス、バイク","17","交通事故（道路）"
"975","2002","平成","14","8","9~10","小規模水道施設工事において、ヒューム管の設置箇所に敷き詰める栗石を不整地運搬車に積んで作業道(平均こう配20度)を後進で下っていたときに、路肩より約3m下へ墜落し不整地運搬車の下敷きになった。","3","建設業","301","土木工事業","30199","その他の土木工事業","10~29","2","物上げ装置、運搬機械","22","動力運搬機","227","不整地運搬車","1","墜落、転落"
"976","2002","平成","14","8","11~12","台風で座礁した貨物船の船内と海洋に流れ出た重油の回収作業のため、10名の労働者が左舷バラストタンク内に立ち入ったときに硫化水素中毒となり2名が死亡した。","15","清掃・と畜業","1501","清掃・と畜業","150109","その他の清掃・と畜業","10~29","9","その他","91","その他の起因物","911","その他の起因物","12","有害物等との接触"
"977","2002","平成","14","8","11~12","台風で座礁した貨物船の船内と海洋に流れ出た重油の回収作業のため、10名の労働者が左舷バラストタンク内に立ち入ったときに硫化水素中毒となり2名が死亡した。","15","清掃・と畜業","1501","清掃・と畜業","150109","その他の清掃・と畜業","10~29","9","その他","91","その他の起因物","911","その他の起因物","12","有害物等との接触"
"978","2002","平成","14","9","9~10","鋼製焼却場の撤去で、高さ2.5mのうまを用いて高さ3.2mの焼却場屋根に上り、壁板を吊り上げるための玉掛け作業を行うため、屋根からうまに乗り移り降りようとしたときに足を踏み外して墜落した。","1","製造業","112","金属製品製造業","11209","その他の金属製品製造業","50~99","3","その他の装置等","37","用具","371","はしご等","1","墜落、転落"
"979","2002","平成","14","11","11~12","2階建て木造住宅新築工事において、2階(高さ約3.3m)床板を敷き詰める作業中、固定されていない床板に左足をかけたときに床板とともに墜落した。","3","建設業","302","建築工事業","30202","木造家屋建築工事業","1~9","4","仮設物、建築物、構築物等","41","仮設物、建築物、構築物等","416","作業床、歩み板","1","墜落、転落"
"980","2002","平成","14","9","12~13","電気炉で銑鉄等の溶解作業中に、電気炉のあるステージから回収くず置場の鉄材の上に墜落(高さ1.65m)した。","1","製造業","110","鉄鋼業","11002","鋳物業","30~49","4","仮設物、建築物、構築物等","41","仮設物、建築物、構築物等","418","建築物、構築物","1","墜落、転落"
"981","2002","平成","14","9","7~8","前日から現場に堆積していたコンクリート構造物の残がいをダンプで片付ける作業で、残がい付近に停車してあったタイヤローラーが邪魔になるため移動させたときに、路肩から約4m下の沢に重機とともに転落した。","3","建設業","301","土木工事業","30106","道路建設工事業","50~99","1","動力機械","14","建設機械等","144","締固め用機械","1","墜落、転落"
"982","2002","平成","14","9","14~15","醤油製造工場で、85°C程度まで加熱殺菌した醤油を貯蔵室のタンク(高さ1.79m、直径1.6m)に投入したのち、タンク上部に設置してある木製足場(幅68センチメートル)に上がり蓋をしようとしたときに、タンク内に転落し全身(頭部を除く)火傷となった。","1","製造業","101","食料品製造業","10109","その他の食料品製造業","10~29","3","その他の装置等","39","その他の装置、設備","391","その他の装置、設備","11","高温・低温の物との接触"
"983","2002","平成","14","7","11~12","傾斜地に植えられている木の剪定作業で、三脚(はしご)の足を樹木の根元と側溝にかけて作業していたところ、側溝の方の足が外れたため三脚が倒れて高さ約1.6mの箇所から転落した。","15","清掃・と畜業","1501","清掃・と畜業","150109","その他の清掃・と畜業","10~29","3","その他の装置等","37","用具","371","はしご等","1","墜落、転落"
"984","2002","平成","14","8","10~11","雑木林でパルプやチップの原料となる伐採したナラなどの雑木(長さ2m)を運び出す作業中に、蜂(種類は不明)に刺された。なお、同人は以前にも何度が刺されていた。","6","農林業","602","林業","60209","その他の林業","1~9","7","環境等","71","環境等","719","その他の環境等","90","その他"
"985","2002","平成","14","2","5~6","4t保冷車でコンビニの配送センターへ向けて国道を走行中、緩い左カーブで対向車線にはみ出し10tダンプと正面衝突した。","4","運輸交通業","403","道路貨物運送業","40301","一般貨物自動車運送業","10~29","2","物上げ装置、運搬機械","22","動力運搬機","221","トラック","17","交通事故（道路）"
"986","2002","平成","14","8","11~12","倉庫内の床清掃に邪魔になる木材の束を2.5tのフォークリフトにより屋外へ仮置きする作業で、最初に運び出した木材の上に次の木材を載せるため運転席を降りて最初の束の上に台木を置き、再びフォークリフトの運転席へ乗り込もうと前輪カバーに足をかけたときに転落して頭部をアスファルト床に強打した。","8","商業","801","卸売業","80109","その他の卸売業","10~29","2","物上げ装置、運搬機械","22","動力運搬機","222","フォークリフト","1","墜落、転落"
"987","2002","平成","14","1","4~5","10tトラックに鋼材を積み走行中、下りの左カーブを曲がりきれずに5m下の崖に転落した。","4","運輸交通業","403","道路貨物運送業","40301","一般貨物自動車運送業","10~29","2","物上げ装置、運搬機械","22","動力運搬機","221","トラック","17","交通事故（道路）"
"988","2002","平成","14","9","7~8","トラックで走行中、右後輪がバーストして中央分離帯に接触しそうになったので左側にハンドルを切ったところ、走行車線を飛び出してしまい、助手席にいた者が車外に放り出されて防音壁に激突した。","3","建設業","301","土木工事業","30110","上下水道工事業","30~49","2","物上げ装置、運搬機械","22","動力運搬機","221","トラック","17","交通事故（道路）"
"989","2002","平成","14","9","0~1","電線の張替工事で、次の電柱に登っている途中に高さ7~8mのところで手が滑り道路に墜落した。","3","建設業","303","その他の建設業","30301","電気通信工事業","30~49","3","その他の装置等","35","電気設備","351","送配電線等","1","墜落、転落"
"990","2002","平成","14","8","10~11","商店街の街路灯の防錆及び塗装工事をローリングタワー(157×185×高さ487センチメートル)を車道上に設置して行っていたところ、T字路交差点を右折して進入してきた軽ワゴン車がローリングタワーに衝突し、その衝撃でローリングタワーが半回転し、上で作業していた作業員2名のうち1名が死亡した。","17","その他の事業","1702","その他の事業","170209","その他の事業－その他","1~9","4","仮設物、建築物、構築物等","41","仮設物、建築物、構築物等","411","足場","1","墜落、転落"
"991","2002","平成","14","9","10~11","砕石プラントの二次クラッシャー内に石が詰まってクラッシャーが自動停止したので、石を除去しベルトコンベアー上で作業者2名が点検口を閉じたのを見た別の作業者2名が操作室にいた操作者にクラッシャーを動かしてみるよう合図を送ったところ、操作者が通常運転再開の合図と勘違いしてベルトコンベアーを動かしたため、コンベアーとクラッシャーのアンダーホッパーとの間に挟まれ1名が死亡した。","2","鉱業","202","土石採取業","20201","採石業","30~49","2","物上げ装置、運搬機械","22","動力運搬機","224","コンベア","7","はさまれ、巻き込まれ"
"992","2002","平成","14","8","13~14","倉庫屋外点検用階段を昇降しているときに、階段を踏み外して上から3段目の踊り場まで転落した。","1","製造業","110","鉄鋼業","11001","製鉄・製鋼・圧延業","1000~9999","4","仮設物、建築物、構築物等","41","仮設物、建築物、構築物等","413","階段、桟橋","1","墜落、転落"
"993","2002","平成","14","8","12~13","トラックに鉄骨を積み雨が降る国道を走行中、停車中のトラックに追突した。","4","運輸交通業","403","道路貨物運送業","40301","一般貨物自動車運送業","50~99","2","物上げ装置、運搬機械","22","動力運搬機","221","トラック","17","交通事故（道路）"
"994","2002","平成","14","9","11~12","岩石採取場の作業道を作るため、発破をかけた15分後に単独でドラグショベルを用いて作業を行っていたが、その後ドラグショベルが稼働していないことを同僚が不審に思い様子を見に行ったところ、斜面の崩壊で落下した石によりドラグショベルの運転席内で押しつぶされているのを発見した。","2","鉱業","202","土石採取業","20201","採石業","10~29","7","環境等","71","環境等","711","地山、岩石","5","崩壊、倒壊"
"995","2002","平成","14","9","16~17","林道開設工事において、長さ約20mの杉を伐倒したが山の斜面上に倒れたために玉切りしたところ、長さ12.2mの杉材が根元側を上にして林道上のドラグ・ショベルにもたれかかったので、ドラグ・ショベルを移動させて落下させたときに、林道上で玉切り作業をしていた者の頭部を直撃した。","3","建設業","301","土木工事業","30106","道路建設工事業","1~9","7","環境等","71","環境等","712","立木等","6","激突され"
"996","2002","平成","14","8","10~11","鉄骨造ブロック積み3階建てビルの解体工事において、午前の休憩後に解体用重機のオペレーターが現場に戻るときに、ビルの鉄骨階段(階段手すりは撤去されていた)から2.5m離れた地面に解体工が倒れているのを発見した。","3","建設業","302","建築工事業","30201","鉄骨・鉄筋コンクリート造家屋建築工事業","1~9","9","その他","99","分類不能","999","分類不能","99","分類不能"
"997","2002","平成","14","6","4~5","朝刊配達中、突然暴漢に襲われて、ヘルメット及び暴漢の車両に積まれていたチャイルドシートで数十度にわたり殴られて死亡した。","8","商業","802","小売業","80205","新聞販売業","30~49","9","その他","91","その他の起因物","911","その他の起因物","90","その他"
"998","2002","平成","14","8","6~7","現場倉庫内の資材を整理するためライトバンに3人が乗って走行中、交差点で前方から右折してきた乗用車と衝突し1人が死亡した。","3","建設業","302","建築工事業","30209","その他の建築工事業","10~29","2","物上げ装置、運搬機械","23","乗物","231","乗用車、バス、バイク","17","交通事故（道路）"
"999","2002","平成","14","9","17~18","工場内で、20枚ごとに鉄製の枠に入れて鉄柱に立て掛けて保管されていた大板ガラス3枚を自動ガラス切断機で切断するため、鉄製の枠の木製の蓋を取り外したところ、鉄製の枠内の大板ガラス20枚(約800キログラム)が蓋とともに倒壊してきて下敷きになった。","8","商業","802","小売業","80209","その他の小売業","100~299","5","物質、材料","52","材料","529","その他の材料","5","崩壊、倒壊"
"1000","2002","平成","14","9","14~15","直径3.0m、深さ6.5mの掘削穴の中からボーリング用のケーシングパイプ(10本;200キログラム)を移動式クレーン(吊上げ荷重2.52t)で吊上げているとき、移動式クレーンのワイヤーロープが切断しためつり荷が穴の中にいた者の上に落下した。","3","建設業","301","土木工事業","30108","砂防工事業","1~9","2","物上げ装置、運搬機械","21","動力クレーン等","212","移動式クレーン","4","飛来、落下"
"1001","2002","平成","14","8","9~10","トンネル内で、事業主が高所作業車の上ではつっていたコンクリート片が、下で重機の誘導作業を行っていた者の頭部に落下した。","3","建設業","301","土木工事業","30102","トンネル建設工事業","10~29","4","仮設物、建築物、構築物等","41","仮設物、建築物、構築物等","418","建築物、構築物","4","飛来、落下"
"1002","2002","平成","14","9","1~2","ヨーグルト容器の成型・ラベル張り機械が停止したので運転停止のボタンを押して機械の中を調べたところ、シリンダーを留めるピンが外れてずれたシリンダーに機械の一部が引っ掛かかっていたので、シリンダーをプラスチックハンマーで叩いてずらしたときに、機械が動きオペレータが頭部を挟まれた。","1","製造業","101","食料品製造業","10101","肉製品、乳製品製造業","100~299","1","動力機械","16","一般動力機械","169","その他の一般動力機械","7","はさまれ、巻き込まれ"
"1003","2002","平成","14","11","11~12","個人住宅の新築工事において、2階の梁上に仮置きした合板に乗ったため合板が傾いて梁に後頭部を強打し、さらに3.7m下のコンクリート床に墜落した。","3","建設業","302","建築工事業","30202","木造家屋建築工事業","1~9","4","仮設物、建築物、構築物等","41","仮設物、建築物、構築物等","415","屋根、はり、もや、けた、合掌","1","墜落、転落"
"1004","2002","平成","14","9","10~11","最大荷重3tのフォークリフトを運転して灰の計量を行うため後退させていたときに、フォークリフトの後方から歩いて近づいてきた同僚を跳ねた。","1","製造業","112","金属製品製造業","11209","その他の金属製品製造業","100~299","2","物上げ装置、運搬機械","22","動力運搬機","222","フォークリフト","6","激突され"
"1005","2002","平成","14","9","11~12","ダム本堤下流部の垂直壁リフトの型枠組立て作業で、足場上(キャットウオーク)で型枠固めのためチェーンを張っていたときに手が滑り、その反動で足場と手すりの間から2m下の地面に墜落した。","3","建設業","301","土木工事業","30199","その他の土木工事業","10~29","4","仮設物、建築物、構築物等","41","仮設物、建築物、構築物等","411","足場","1","墜落、転落"
"1006","2002","平成","14","3","5~6","50ccバイクで朝刊の配達中、信号のない交差点を直進しようとしたとき右側から走行してきた乗用車に激突された。","8","商業","802","小売業","80205","新聞販売業","30~49","2","物上げ装置、運搬機械","23","乗物","231","乗用車、バス、バイク","17","交通事故（道路）"
"1007","2002","平成","14","9","16~17","倉庫における作業を終了し作業員詰所へ他の労働者と歩いているとき、後方から来たフォークリフト(最大荷重6t)に押し倒されて左前輪、後輪で全身を轢かれた。","5","貨物取扱業","502","港湾運送業","50202","港湾荷役業","30~49","2","物上げ装置、運搬機械","22","動力運搬機","222","フォークリフト","7","はさまれ、巻き込まれ"
"1008","2002","平成","14","11","3~4","トラックで国道を走行中、センターラインをはみ出して対向車と正面衝突した。","4","運輸交通業","403","道路貨物運送業","40301","一般貨物自動車運送業","1~9","2","物上げ装置、運搬機械","22","動力運搬機","221","トラック","17","交通事故（道路）"
"1009","2002","平成","14","9","10~11","病室天井に設置された冷暖房機のモーターバルブを交換する作業で、通電したまま切断した配線に圧着ペンチでコネクターを取付ようとして感電した。","13","保健・衛生業","1301","医療保健業","130101","病院","500~999","3","その他の装置等","39","その他の装置、設備","391","その他の装置、設備","13","感電"
"1010","2002","平成","14","9","14~15","休止ダクト撤去の準備作業として堆積粉じんを床面に落とすため、遮蔽板を支えていた鋼材をグラインダーで切断しかけたときに、遮蔽板もろとも堆積粉じん約20立方メートルが落下し埋まった。","15","清掃・と畜業","1501","清掃・と畜業","150102","産業廃棄物処理業","1~9","5","物質、材料","51","危険物、有害物等","519","その他の危険物、有害物等","4","飛来、落下"
"1011","2002","平成","14","2","5~6","トラックで国道を走行中、赤信号のため停車中の大型トラックに追突した。","4","運輸交通業","403","道路貨物運送業","40301","一般貨物自動車運送業","1~9","2","物上げ装置、運搬機械","22","動力運搬機","221","トラック","17","交通事故（道路）"
"1012","2002","平成","14","2","5~6","事業場内の斜面に約13mの電柱を設置する工事において、穴を掘って電柱を立てて埋め戻しを行ったのち休憩していたところ、自立していた電柱が倒れてきて下敷きになった。","15","清掃・と畜業","1501","清掃・と畜業","150102","産業廃棄物処理業","10~29","4","仮設物、建築物、構築物等","41","仮設物、建築物、構築物等","419","その他の仮設物、建築物、構築物等","7","はさまれ、巻き込まれ"
"1013","2002","平成","14","2","10~11","作業工程の変更に伴う糊付け機ロールの洗浄作業中、ロールを逆回転させないでロールの水拭き作業を行っていて、ウエスとともに右手を肩までロールに巻き込まれた。","1","製造業","104","木材・木製品製造業","10402","合板製造業","50~99","1","動力機械","16","一般動力機械","163","ロール機（印刷ロール機を除く。）","7","はさまれ、巻き込まれ"
"1014","2002","平成","14","4","2~3","大型トラックで走行中、トラックに追突しそのトラックが横転したので、車から降りて横転したトラックに駆け寄ろうとしたときに、後続の車が突っ込んできて2名の運転手が死亡した。","4","運輸交通業","403","道路貨物運送業","40301","一般貨物自動車運送業","30~49","2","物上げ装置、運搬機械","22","動力運搬機","221","トラック","17","交通事故（道路）"
"1015","2002","平成","14","4","6~7","幌付4tトラックにロールペーパー及び雑貨を積んで国道を走行中、荷崩れがあったと思いエンジンを切らずにサイドブレーキだけをかけて路肩に停車し、トラックの後部に回りシートをめくって点検しようとしたときに、急にトラックが後進して大腿部をトラックのシャフトに巻き込まれた。","4","運輸交通業","403","道路貨物運送業","40301","一般貨物自動車運送業","10~29","2","物上げ装置、運搬機械","22","動力運搬機","221","トラック","17","交通事故（道路）"
"1016","2002","平成","14","6","7~8","物流センター構内で、バッテリー式フォークリフト(最大荷重0.9t)を運転中、高さ1mのプラットホームからフォークリフトとともに後方)から墜落し、地面とフォークリフトのヘッドガードとの間に挟まれた。","5","貨物取扱業","501","陸上貨物取扱業","50101","陸上貨物取扱業","1000~9999","2","物上げ装置、運搬機械","22","動力運搬機","222","フォークリフト","1","墜落、転落"
"1017","2002","平成","14","9","17~18","退社のため事務所前に停車していたマイクロバスに乗ったが、忘れ物をしたためバスを降りてバスの前を横切って事務所へ戻ろうとしたときに、バスの後方から走行してきたライトバンに轢かれた。","3","建設業","302","建築工事業","30203","建築設備工事業","1000~9999","2","物上げ装置、運搬機械","23","乗物","231","乗用車、バス、バイク","7","はさまれ、巻き込まれ"
"1018","2002","平成","14","9","7~8","米海軍基地内で道路を横断していたときに、基地従業員運転の移動式クレーン(米軍所有、51tホイールクレーン)に激突された。","17","その他の事業","1702","その他の事業","170209","その他の事業－その他","1000~9999","2","物上げ装置、運搬機械","21","動力クレーン等","212","移動式クレーン","6","激突され"
"1019","2002","平成","14","8","5~6","JR駅前の清掃作業で使用していた伸縮ブーム型高所作業車(最大地上高9.9m)のバケットにワイヤー掛け、別の小型の垂直昇降型高所作業車(最大地上高4m、200キログラム)を4tトラックに載せようと吊り上げたときバランスを崩し、乗っていた労働者が投げ出された。","15","清掃・と畜業","1501","清掃・と畜業","150109","その他の清掃・と畜業","10~29","1","動力機械","14","建設機械等","146","高所作業車","1","墜落、転落"
"1020","2002","平成","14","8","16~17","生コン車で生コンクリートを積み国道を走行中、路肩に生コン車を停車して運転席から下車して道路を横断しようとしたときに走行中の乗用車にはねられた。","4","運輸交通業","403","道路貨物運送業","40301","一般貨物自動車運送業","10~29","2","物上げ装置、運搬機械","23","乗物","231","乗用車、バス、バイク","17","交通事故（道路）"
"1021","2002","平成","14","9","10~11","前年に伐採した傾斜地にトド松の苗を植えるため、重機で(油圧ショベル先端にグラップルアタッチメント取付)伐倒木の残材、枝の整理作業を行っていたときに重機が転倒し下敷きになった。","6","農林業","602","林業","60201","木材伐出業","10~29","2","物上げ装置、運搬機械","22","動力運搬機","229","その他の動力運搬機","2","転倒"
"1022","2002","平成","14","9","13~14","水道管改良工事において、完了部分の気密テスト(水圧試験)のため、道路上のマンホール(直径60センチメートル、深さ1.2m)を開けマンホール内の圧力計を点検していたときに、マンホールの近くに駐車していたワゴン車が発進したため轢かれた。","3","建設業","301","土木工事業","30110","上下水道工事業","1~9","2","物上げ装置、運搬機械","23","乗物","231","乗用車、バス、バイク","7","はさまれ、巻き込まれ"
"1023","2002","平成","14","3","14~15","建材を2tトラックで現場へ運送し帰社のためトンネル内を走行中、対向のトレーラーが緩い左カーブではみ出して前方を走行していた乗用車に接触し、さらトラックに正面衝突してきた。","8","商業","802","小売業","80209","その他の小売業","10~29","2","物上げ装置、運搬機械","22","動力運搬機","221","トラック","17","交通事故（道路）"
"1024","2002","平成","14","9","0~1","ゴルフ場造成工事において、乗用式芝刈り機(四輪駆動で燃料は軽油)でコース内の芝刈り作業を行っていたところ、燃料切れでエンジンが停止したので下り勾配となっているカート用通路を惰性で走行していて、ハンドル操作を誤り路外へ逸脱して芝刈り機から投げ出され芝刈り機の下敷きになった。","3","建設業","301","土木工事業","30199","その他の土木工事業","10~29","1","動力機械","16","一般動力機械","169","その他の一般動力機械","1","墜落、転落"
"1025","2002","平成","14","8","11~12","住宅新築工事において、型枠解体作業中に急に現場から姿が見えなり、現場から約400m離れた場所で倒れていた。(熱中症)","3","建設業","302","建築工事業","30209","その他の建築工事業","10~29","7","環境等","71","環境等","715","高温・低温環境","11","高温・低温の物との接触"
"1026","2002","平成","14","9","16~17","トンネル改修工事の交通整理に従事した3名が軽貨物車で帰宅途中、国道脇の標識に衝突して縁石に乗り上げ横転し運転手が死亡した。","17","その他の事業","1702","その他の事業","170201","警備業","10~29","2","物上げ装置、運搬機械","23","乗物","231","乗用車、バス、バイク","17","交通事故（道路）"
"1027","2002","平成","14","10","9~10","牧場の牛舎において、2人でストレート屋根の補修作業中に、1人が屋根の一部を踏み抜き約10m下の地面に墜落した。","3","建設業","302","建築工事業","30201","鉄骨・鉄筋コンクリート造家屋建築工事業","1~9","4","仮設物、建築物、構築物等","41","仮設物、建築物、構築物等","415","屋根、はり、もや、けた、合掌","1","墜落、転落"
"1028","2002","平成","14","9","9~10","残土処分場で、敷地境界線部分に土手(盛土)を形成するため1人でブルドーザーを運転(前後進)していたが、2度目の後進途中で何らかの原因によりブルドーザーの排土板に激突された。","3","建設業","301","土木工事業","30199","その他の土木工事業","10~29","1","動力機械","14","建設機械等","141","整地・運搬・積込み用機械","6","激突され"
"1029","2002","平成","14","9","9~10","ホイスト式天井走行クレーン(つり上げ荷重5t)の走行部の車輪が脱輪したので、移動式クレーン(つり上げ荷重4.9t)でガーダをつり上げようとしたところ、ガーダを吊っていたワイヤロープ(径10ミリメートル)が切れてガーダが落下し激突された。","1","製造業","109","窯業土石製品製造業","10909","その他の土石製品製造業","10~29","3","その他の装置等","37","用具","372","玉掛用具","4","飛来、落下"
"1030","2002","平成","14","9","8~9","解体工事現場から廃材をトラックで処理場の敷地に運び、処理場の労働者が重機を用いて廃材を降ろす作業中に重機の爪で掴んだ廃材の一部が撥ねて飛び、トラック荷台側にいた運転手の頭部に当たった。","3","建設業","302","建築工事業","30202","木造家屋建築工事業","1~9","5","物質、材料","52","材料","522","木材、竹材","4","飛来、落下"
"1031","2002","平成","14","2","5~6","大型トレーラーで荷物を運び、宿舎で休憩をとって再び遠距離にある下の場所に向けて走行中、前方のトラックに接触して横転した。","4","運輸交通業","403","道路貨物運送業","40301","一般貨物自動車運送業","30~49","2","物上げ装置、運搬機械","22","動力運搬機","221","トラック","17","交通事故（道路）"
"1032","2002","平成","14","2","3~4","新聞の配達で、道路の西側から東側へ横断しようとしたときに走行してきた乗用車に跳ねられた。","8","商業","802","小売業","80205","新聞販売業","30~49","2","物上げ装置、運搬機械","23","乗物","231","乗用車、バス、バイク","17","交通事故（道路）"
"1033","2002","平成","14","9","10~11","港湾荷役で使用したトラッククレーンのタワー(約6t)部分を港で解体してトレーラーで自社の土場に運搬し、所定置場に置くためトラッククレーン(吊上げ能力35t)で吊上げて左旋回させたところ、側方吊りの位置でクレーンが傾いたため、荷の振れ止めロープを持って荷とともに移動してきた作業者の頭部に荷が落下した。","5","貨物取扱業","502","港湾運送業","50202","港湾荷役業","50~99","2","物上げ装置、運搬機械","21","動力クレーン等","212","移動式クレーン","4","飛来、落下"
"1034","2002","平成","14","9","15~16","道路改良工事現場において、交通誘導員が制止したのにもかかわらずワゴン車が突っ込んできて、センターラインのピン打ちをしていた作業者と交通誘導員を跳ね2名とも死亡した。","3","建設業","301","土木工事業","30106","道路建設工事業","1~9","2","物上げ装置、運搬機械","23","乗物","231","乗用車、バス、バイク","17","交通事故（道路）"
"1035","2002","平成","14","6","15~16","道路改良工事現場において、交通誘導員が制止したのにもかかわらずワゴン車が突っ込んできて、センターラインのピン打ちをしていた作業者と交通誘導員を跳ね2名とも死亡した。","17","その他の事業","1702","その他の事業","170201","警備業","30~49","2","物上げ装置、運搬機械","23","乗物","231","乗用車、バス、バイク","17","交通事故（道路）"
"1036","2002","平成","14","9","16~17","県道の跨線橋上で、営業途中の乗用車と対向車線をはみ出してきた無職男性の運転する乗用車とが衝突した。","8","商業","802","小売業","80201","各種商品小売業","50~99","2","物上げ装置、運搬機械","23","乗物","231","乗用車、バス、バイク","17","交通事故（道路）"
"1037","2002","平成","14","7","16~17","空港停車場に向かうためタクシーを運転して県道を走行中、中央車線をはみ出して対向のタンクローリー車に衝突した。","4","運輸交通業","402","道路旅客運送業","40201","ハイヤー・タクシー業","10~29","2","物上げ装置、運搬機械","23","乗物","231","乗用車、バス、バイク","17","交通事故（道路）"
"1038","2002","平成","14","9","19~20","電柱の建て替え工事において、交通誘導等を行っていた警備員が軽トラックに跳ねられた。","17","その他の事業","1702","その他の事業","170201","警備業","1~9","2","物上げ装置、運搬機械","23","乗物","231","乗用車、バス、バイク","17","交通事故（道路）"
"1039","2002","平成","14","2","3~4","2tトラックで高速道路の左側車線を走行中、後方より中央車線を走行してきた大型トラックが左側車線に進入してきて追突され、はずみで路肩壁、中央分離帯に衝突して横転した。","4","運輸交通業","403","道路貨物運送業","40301","一般貨物自動車運送業","10~29","2","物上げ装置、運搬機械","22","動力運搬機","221","トラック","17","交通事故（道路）"
"1040","2002","平成","14","9","18~19","売上金を社長宅へ届けるため乗用車で国道を走行中、緩い右カーブの下り坂で対向車線にはみ出してトラックと正面衝突した。","8","商業","802","小売業","80204","燃料小売業","1~9","2","物上げ装置、運搬機械","23","乗物","231","乗用車、バス、バイク","17","交通事故（道路）"
"1041","2002","平成","14","5","6~7","新聞配達を終えタイムカードを打刻したのち途中にあるに支店に立寄って自宅へ乗用車で走行中、運転を誤りコンクリートブロックに衝突した。","8","商業","802","小売業","80205","新聞販売業","30~49","2","物上げ装置、運搬機械","23","乗物","231","乗用車、バス、バイク","17","交通事故（道路）"
"1042","2002","平成","14","9","14~15","国道の道路脇で、道路標識設置のため手持ち式電動ブレーカーで穴掘り作業を行っていたときワゴン車にはねられた。","3","建設業","301","土木工事業","30199","その他の土木工事業","1~9","2","物上げ装置、運搬機械","23","乗物","231","乗用車、バス、バイク","17","交通事故（道路）"
"1043","2002","平成","14","8","8~9","林道工事現場で、擁壁の足場解体作業中に梯子から足を踏み外して墜落した。","3","建設業","301","土木工事業","30106","道路建設工事業","10~29","3","その他の装置等","37","用具","371","はしご等","1","墜落、転落"
"1044","2002","平成","14","9","15~16","新規に設置した油圧プレス機械(能力800t)の試運転で建屋内の配電線を一時移設するため、建屋の壁に沿って設置されているケーブルラック(高さ3.9m、幅50センチメートル)上で作業中に工場内のコンクリート床に墜落した。","3","建設業","303","その他の建設業","30301","電気通信工事業","10~29","4","仮設物、建築物、構築物等","41","仮設物、建築物、構築物等","416","作業床、歩み板","1","墜落、転落"
"1045","2002","平成","14","9","13~14","崩壊した法面の改修工事において、法面の頂部で測量の支障になる木の枝及び下草を刈り落とす作業のため、外した親綱を手に持って移動中にバランスを崩し、高さ19m下のアスファルト舗装された県道に転落した。","3","建設業","301","土木工事業","30106","道路建設工事業","10~29","7","環境等","71","環境等","711","地山、岩石","1","墜落、転落"
"1046","2002","平成","14","6","6~7","10tダンプトラックに生コン用の砂を積んで走行中、対向車を避けようとして土手下に転落した。","4","運輸交通業","403","道路貨物運送業","40301","一般貨物自動車運送業","30~49","2","物上げ装置、運搬機械","22","動力運搬機","221","トラック","17","交通事故（道路）"
"1047","2002","平成","14","9","17~18","農道新設工事で、重機と人力により道路盛土の敷き均し作業中、バックしてきた重機のキャタピラに押し倒され右足及び腰部を轢かれた。","3","建設業","301","土木工事業","30106","道路建設工事業","10~29","1","動力機械","14","建設機械等","142","掘削用機械","7","はさまれ、巻き込まれ"
"1048","2002","平成","14","9","10~11","きのこの入っているコンテナーを生育室にローラコンベアで運びコンテナーを出し入れする移載装置(通称棚ロボット)にトラブルが生じたため、その確認作業をしていたときに何らかの理由で同装置のスライドテーブルが下降してきて頭部に激突された。","1","製造業","101","食料品製造業","10109","その他の食料品製造業","100~299","2","物上げ装置、運搬機械","22","動力運搬機","229","その他の動力運搬機","6","激突され"
"1049","2002","平成","14","3","3~4","トラックで国道を走行中、対向車線を走行中のトラックが正面衝突し2名が死亡した。","4","運輸交通業","403","道路貨物運送業","40301","一般貨物自動車運送業","50~99","2","物上げ装置、運搬機械","22","動力運搬機","221","トラック","17","交通事故（道路）"
"1050","2002","平成","14","9","14~15","住宅新築工事において、2階部分に組まれた脚立足場(地上高さ約4.4m)の上に乗り天上部分の補強材を取り付ける作業中、バランスを崩して開口部から1階の地面上に墜落した。","3","建設業","302","建築工事業","30202","木造家屋建築工事業","10~29","4","仮設物、建築物、構築物等","41","仮設物、建築物、構築物等","411","足場","1","墜落、転落"
"1051","2002","平成","14","9","16~17","屋根の塗装作業に使用した足場の解体作業で、解体した布枠を足場上の一個所に運んで積む作業中に足場の作業床から10.60m下に墜落した。","3","建設業","302","建築工事業","30209","その他の建築工事業","10~29","4","仮設物、建築物、構築物等","41","仮設物、建築物、構築物等","411","足場","1","墜落、転落"
"1052","2002","平成","14","9","9~10","木造建築物の解体工事で、廃材の積込を終えたクラッシャーが1階の床を踏み抜き後部から転倒したときに運転者が旋回レバーを引いてしまったため、ダンプカー運転席屋根上(高さ2.7m)で作業をしていたダンプ運転手のところへブームが倒れ、その衝撃で5.9m離れたアスファルト舗装の地面に飛ばされた。","3","建設業","302","建築工事業","30202","木造家屋建築工事業","10~29","1","動力機械","14","建設機械等","149","その他の建設機械等","6","激突され"
"1053","2002","平成","14","9","16~17","家屋新築工事において、外壁を張る前作業として防水シートを取付け作業中、足を踏み外して足場外側の5.9m下の地面に置かれた単管部材の上に墜落した。","3","建設業","302","建築工事業","30202","木造家屋建築工事業","1~9","4","仮設物、建築物、構築物等","41","仮設物、建築物、構築物等","411","足場","1","墜落、転落"
"1054","2002","平成","14","10","23~24","トラックを駐車場へ駐車するため後退しているときに、何かにぶつかって乗り上げたような衝撃があったので運転席から降りて見ると、労働者がトラックの下に横たわっていた。","3","建設業","302","建築工事業","30209","その他の建築工事業","10~29","2","物上げ装置、運搬機械","22","動力運搬機","221","トラック","7","はさまれ、巻き込まれ"
"1055","2002","平成","14","9","9~10","4tトラックで貨物配送のため高速道を走行中、中央分離帯のロープに接触してバランスを崩したところに後続車が衝突した。","4","運輸交通業","403","道路貨物運送業","40301","一般貨物自動車運送業","50~99","2","物上げ装置、運搬機械","22","動力運搬機","221","トラック","17","交通事故（道路）"
"1056","2002","平成","14","4","2~3","2tトラックを回送するため自動車道を走行中、後続の大型トラックに追突され中央分離帯に衝突して横転した。なお、大型トラックの運転手が降車して追突した車に近寄っていたときに後続の大型トレーラー、大型トラックに衝突された。","4","運輸交通業","403","道路貨物運送業","40301","一般貨物自動車運送業","10~29","2","物上げ装置、運搬機械","22","動力運搬機","221","トラック","17","交通事故（道路）"
"1057","2002","平成","14","10","10~11","倉庫解体作業で、骨組みの丸太梁の両側をチェーンソーで切断し、金属のパイプ(長さ2.3m)でつっついて落とそうとしたときに丸太梁が金属のパイプの先端に落下したため、その反動で金属のパイプの先端が右首に激突し、倒れた時に地面に頭を強打した。","3","建設業","302","建築工事業","30209","その他の建築工事業","1~9","5","物質、材料","52","材料","521","金属材料","3","激突"
"1058","2002","平成","14","6","5~6","単車で新聞配達中、交差点で出会い頭にトラックと衝突した。","8","商業","802","小売業","80205","新聞販売業","1~9","2","物上げ装置、運搬機械","23","乗物","231","乗用車、バス、バイク","17","交通事故（道路）"
"1059","2002","平成","14","10","15~16","コークス炉に石炭を投入する装入車が異常停止したので、復旧作業を行い装入車の上部で確認しているときに、石炭棟と装入車との間に挟まれた。","1","製造業","110","鉄鋼業","11001","製鉄・製鋼・圧延業","1000~9999","3","その他の装置等","34","炉窯等","349","その他の炉窯等","7","はさまれ、巻き込まれ"
"1060","2002","平成","14","8","4~5","15tトラックで国道を走行中、トンネルを出たところの対向車線が登坂車線を含む2車線となっていたためセンターラインを超え大型トラックに正面衝突した。","4","運輸交通業","403","道路貨物運送業","40301","一般貨物自動車運送業","10~29","2","物上げ装置、運搬機械","22","動力運搬機","221","トラック","17","交通事故（道路）"
"1061","2002","平成","14","9","10~11","製鋼原料置場である屋外スクラップヤードで、天井クレーン(つり上げ荷重15.3t)と隣接建物の壁との間に挟まれた。","1","製造業","110","鉄鋼業","11001","製鉄・製鋼・圧延業","100~299","2","物上げ装置、運搬機械","21","動力クレーン等","211","クレーン","7","はさまれ、巻き込まれ"
"1062","2002","平成","14","9","10~11","乗用グリーンスエア(芝更新作業車)で移動中、法面(傾斜約15度)で横転し振り落とされ、1回転した作業車の下敷になった。","14","接客娯楽業","1403","その他の接客娯楽業","140301","ゴルフ場","100~299","1","動力機械","14","建設機械等","149","その他の建設機械等","2","転倒"
"1063","2002","平成","14","10","11~12","飲料缶等の製造ラインを停止した月初めのメンテナンス作業で、テーブル面で作業を行うため上昇中のリフター(113センチメートルを約25秒で上昇)に乗ろうとしてアングルに胸部を挟まれた。","1","製造業","112","金属製品製造業","11203","金属プレス製品製造業","300~499","2","物上げ装置、運搬機械","22","動力運搬機","229","その他の動力運搬機","7","はさまれ、巻き込まれ"
"1064","2002","平成","14","9","20~21","移動式クレーン(つり上げ荷重2.9t)でガラスの梱包木枠(長さ2.9m、幅1.8m、厚さ12ミリメートル、質量380キログラム)をトラックから荷卸しする作業で、梱包木枠に玉掛けすべきところを専用スタンド台に玉掛けして吊り上げたところ、梱包木枠が倒れて荷台で作業中の者が梱包木枠とアオリとの間に挟まれた。","4","運輸交通業","403","道路貨物運送業","40301","一般貨物自動車運送業","1~9","2","物上げ装置、運搬機械","21","動力クレーン等","212","移動式クレーン","7","はさまれ、巻き込まれ"
"1065","2002","平成","14","3","7~8","調教のために騎乗して馬場に向かう途中、突然馬が暴れ出してを逆走し、静止しきれずに約60m暴走して落馬した。","7","畜産・水産業","701","畜産業","70101","畜産業","10~29","7","環境等","71","環境等","719","その他の環境等","1","墜落、転落"
"1066","2002","平成","14","9","8~9","タンクローリーで県道を走行中、十字路で右側から一時停止を無視して進行してきた普通乗用車を避けるため左側に急ハンドルを切ったところ、横転して道路脇の土手に激突した。","4","運輸交通業","403","道路貨物運送業","40301","一般貨物自動車運送業","30~49","2","物上げ装置、運搬機械","22","動力運搬機","221","トラック","17","交通事故（道路）"
"1067","2002","平成","14","12","15~16","木造2階建家屋新築工事において、母屋を組み立てるため高さ7.07mの桁の上で母屋及び小屋づかを組み立てる場所に運ぼうとしたときに墜落した。","3","建設業","302","建築工事業","30202","木造家屋建築工事業","1~9","4","仮設物、建築物、構築物等","41","仮設物、建築物、構築物等","415","屋根、はり、もや、けた、合掌","1","墜落、転落"
"1068","2002","平成","14","10","16~17","台風により電線にかかった樹木を取り外すため、高所作業車で電線にかかった樹木にロープを掛けて引っ張っていたところ、ロープが切れてその反動でバッケトが揺れ約8m下のアスファルト地面に墜落した。","3","建設業","303","その他の建設業","30301","電気通信工事業","1~9","1","動力機械","14","建設機械等","146","高所作業車","1","墜落、転落"
"1069","2002","平成","14","6","13~14","トラックで荷物を納品して高速道路を走行中、防音壁にぶつかり車外に投げ出された。","4","運輸交通業","403","道路貨物運送業","40301","一般貨物自動車運送業","30~49","2","物上げ装置、運搬機械","22","動力運搬機","221","トラック","17","交通事故（道路）"
"1070","2002","平成","14","9","9~10","テレビ塔の塗装工事において、鉄骨上に仮置きしていたパイプを鳶工が取上げたとき、そのうちの1本が転がり落ちて高さ87mの位置からネットの間隙を通って地上に落下し、テレビ塔西側の自動販売機付近にいた労働者の頭部に激突した。","17","その他の事業","1702","その他の事業","170209","その他の事業－その他","30~49","5","物質、材料","52","材料","521","金属材料","4","飛来、落下"
"1071","2002","平成","14","9","11~12","建設会社の資材置場の水はけが悪いので、3mほど掘削して地盤の改良(表土返し)作業中に、ドラグ・ショベルが滑って掘削した穴に転落し運転席に挟まれた。","3","建設業","301","土木工事業","30199","その他の土木工事業","10~29","1","動力機械","14","建設機械等","142","掘削用機械","1","墜落、転落"
"1072","2002","平成","14","10","11~12","朝からカラマツの伐木作業に従事していた作業者が、昼食の予定時間となっても戻らないので同僚が呼びに行ったところ、胸高直径約27センチメートル、樹高約21.5mの伐倒木の下敷きになっていた。","6","農林業","602","林業","60201","木材伐出業","10~29","7","環境等","71","環境等","712","立木等","5","崩壊、倒壊"
"1073","2002","平成","14","10","7~8","タイムカードを押しに行くため工場敷地内を歩行中、バックで走行してきたトラックに跳ねられた。","1","製造業","117","その他の製造業","11703","クリーニング業","100~299","2","物上げ装置、運搬機械","22","動力運搬機","221","トラック","6","激突され"
"1074","2002","平成","14","4","16~17","自家用電気工作物の保安点検を終え車で事務所へ戻る途中、交差点を右折しようとしたときに直進してきたトラックと衝突した。","17","その他の事業","1702","その他の事業","170209","その他の事業－その他","10~29","2","物上げ装置、運搬機械","22","動力運搬機","221","トラック","17","交通事故（道路）"
"1075","2002","平成","14","10","11~12","ロッジトイレの水洗化工事に伴う便槽の設置工事において、不整地運搬車(最大積載荷重990キログラム)の運転者が土砂を積むために静止していたバックホーのバケットに後部から衝突され、胸部をバケットと不整地運搬車座席前部との間に挟まれた。","3","建設業","302","建築工事業","30203","建築設備工事業","1~9","2","物上げ装置、運搬機械","22","動力運搬機","227","不整地運搬車","3","激突"
"1076","2002","平成","14","10","13~14","油圧リフターシリンダーから油が漏れていたので、リフターのテーブルを上昇させリフターの下降を防止するための支持棒を設置してテーブルの下に入って給油タンクに給油していたところ、何らかの原因で支持棒が外れてテーブルが下降し給油タンクとテーブルとの間に胸部を挟まれた。","1","製造業","115","輸送用機械等製造業","11502","自動車・同付属品製造業","100~299","2","物上げ装置、運搬機械","21","動力クレーン等","219","その他の動力クレーン等","7","はさまれ、巻き込まれ"
"1077","2002","平成","14","10","13~14","ダンボール資材をフォークリフトを用いて運搬しているときに、マストとヘッドガードとの間に挟まれた。","1","製造業","101","食料品製造業","10101","肉製品、乳製品製造業","100~299","2","物上げ装置、運搬機械","22","動力運搬機","222","フォークリフト","7","はさまれ、巻き込まれ"
"1078","2002","平成","14","8","11~12","林道において除草集積した雑草を2tダンプトラックに人力で積込み作業中に、荷台上から約3m下の路肩に転落した。","3","建設業","301","土木工事業","30199","その他の土木工事業","10~29","2","物上げ装置、運搬機械","22","動力運搬機","221","トラック","1","墜落、転落"
"1079","2002","平成","14","5","2~3","トラックに秋刀魚を積んで国道を走行中、センターラインを越えて対向車線に入り走行してきた対向のトレーラーと衝突した。","4","運輸交通業","403","道路貨物運送業","40301","一般貨物自動車運送業","10~29","2","物上げ装置、運搬機械","22","動力運搬機","221","トラック","17","交通事故（道路）"
"1080","2002","平成","14","2","23~24","10tトラックを運送先の工場前の国道に停車し、守衛事務所に行って連絡したのち停車中のトラックに戻ろうとしたときに、後ろから走行してしたキャリアカーにはねられた。","4","運輸交通業","403","道路貨物運送業","40301","一般貨物自動車運送業","50~99","2","物上げ装置、運搬機械","22","動力運搬機","221","トラック","17","交通事故（道路）"
"1081","2002","平成","14","10","10~11","家庭用小型ガス給湯機の出荷検査ラインの給湯機検査装置のうち規定の検査水圧にまで上らなくなったので、ターンテーブルの下に入って検査装置の制御装置用電磁弁付属ボルトを交換中、回転するターンテーブルの枠とターンテーブルの架台の枠との間に頭部を挟まれた。","1","製造業","113","一般機械器具製造業","11301","機械（精密機械を除く）器具製造業","500~999","3","その他の装置等","39","その他の装置、設備","391","その他の装置、設備","7","はさまれ、巻き込まれ"
"1082","2002","平成","14","10","9~10","砂防工事に伴う立木の伐採作業で、直径35センチメートルの杉を伐採(斜面とほぼ直角方向に伐採)しているとき、伐倒の合図をしたにもかかわらず伐倒方向の上方で待機していた者が突然伐倒木方向に移動し、伐採木の下敷きになった。","6","農林業","602","林業","60201","木材伐出業","10~29","7","環境等","71","環境等","712","立木等","6","激突され"
"1083","2002","平成","14","10","0~1","木材チップをサイロの真下に停めたトラックで木材チップを積み込む作業で、サイロの床材を1枚づつ外し鍬のようなもので床の空いた隙間からトラックの荷台に落下させ、最後の床材1枚を外して木材チップを落下させて床材を元に戻しているときに、サイロ内の木材チップに埋もれて窒息した。","4","運輸交通業","403","道路貨物運送業","40301","一般貨物自動車運送業","10~29","5","物質、材料","52","材料","522","木材、竹材","5","崩壊、倒壊"
"1084","2002","平成","14","9","10~11","公道上でガス管工事の警備中、突然腹痛となったので2tダンプを借りて(トイレを探すためと思われる)300mほど走行したとき、運転を誤って左側の立ち木に激突した。","17","その他の事業","1702","その他の事業","170201","警備業","30~49","2","物上げ装置、運搬機械","22","動力運搬機","221","トラック","17","交通事故（道路）"
"1085","2002","平成","14","9","13~14","菓子製造工場2階の廃ダンボール搬出用扉の前で廃棄ダンボールの荷造り作業中、50センチメートルほど空いていた扉から約3m下のアスファルト道路に転落し頭頂部を強打した。","1","製造業","101","食料品製造業","10104","パン、菓子製造業","10~29","4","仮設物、建築物、構築物等","41","仮設物、建築物、構築物等","418","建築物、構築物","1","墜落、転落"
"1086","2002","平成","14","12","13~14","台風で工場附設の鉄骨梁製テントハウスが潰れたので解体するため、高さ5m、40センチメートル幅の部材上に乗り鉄骨梁をガス溶断していて地上に墜落した。","17","その他の事業","1702","その他の事業","170209","その他の事業－その他","10~29","4","仮設物、建築物、構築物等","41","仮設物、建築物、構築物等","415","屋根、はり、もや、けた、合掌","1","墜落、転落"
"1087","2002","平成","14","9","9~10","国道の橋梁点検業務のため片側交互通行に規制した道路で交通整理を行っていて、走行してきた4tトラックを停止させようとしてトラックに轢かれた。","17","その他の事業","1702","その他の事業","170201","警備業","1~9","2","物上げ装置、運搬機械","22","動力運搬機","221","トラック","17","交通事故（道路）"
"1088","2002","平成","14","9","13~14","公園内に設置されていた高さ3.4mの藤棚の上で、藤の剪定作業を行っていて藤棚の端部から地上に転落した。","16","官公署","1601","官公署","160101","官公署","500~999","4","仮設物、建築物、構築物等","41","仮設物、建築物、構築物等","418","建築物、構築物","1","墜落、転落"
"1089","2002","平成","14","9","10~11","木造平屋住宅の改修工事において、外壁をサイディング貼りに変更するための前処理として移動はしごに登ってバールでモルタルを剥がす作業をしていて転落した。","3","建設業","302","建築工事業","30202","木造家屋建築工事業","1~9","3","その他の装置等","37","用具","371","はしご等","1","墜落、転落"
"1090","2002","平成","14","10","0~1","掘削箇所に下水道用の塩ビ管3本を設置する作業で、土止め用の矢板を設置して腹起こしを仮止めするため掘削箇所に入って作業を行っていたときに、掘削箇所の片側法面が長さ約10m、幅約1m、深さ約2.5mに亘って崩落し2名が埋まった。","3","建設業","301","土木工事業","30110","上下水道工事業","100~299","7","環境等","71","環境等","711","地山、岩石","5","崩壊、倒壊"
"1091","2002","平成","14","10","0~1","掘削箇所に下水道用の塩ビ管3本を設置する作業で、土止め用の矢板を設置して腹起こしを仮止めするため掘削箇所に入って作業を行っていたときに、掘削箇所の片側法面が長さ約10m、幅約1m、深さ約2.5mに亘って崩落し2名が埋まった。","3","建設業","301","土木工事業","30110","上下水道工事業","100~299","7","環境等","71","環境等","711","地山、岩石","5","崩壊、倒壊"
"1092","2002","平成","14","10","14~15","根株付の材1本(質量約1t)を県道脇の山林に降ろすため、積載型トラッククレーン(吊上げ荷重2.93t)で吊上げ作業中、トラッククレーンが山林側に転倒したためクレーンとガードレールとの間に挟まれた。","3","建設業","301","土木工事業","30199","その他の土木工事業","1~9","2","物上げ装置、運搬機械","21","動力クレーン等","212","移動式クレーン","6","激突され"
"1093","2002","平成","14","9","11~12","2段積みされた硫酸ピッチ入りのドラム缶(容量200L)のうち上方の1缶をフォークリフトで運搬していたときに、ドラム缶の底が破れて中から硫酸ピッチが噴出し、顔面等に降りかかって火傷した。","8","商業","802","小売業","80204","燃料小売業","1~9","5","物質、材料","51","危険物、有害物等","514","有害物","12","有害物等との接触"
"1094","2002","平成","14","10","8~9","廃材の入った袋をフォークリフトで原料倉庫に運び、空袋を原料倉庫脇の空袋置場に持って行くため地上から2.6mの高さに上げたフォークに空袋を掛けて走行中、同様に空袋をフォークに掛けて原料倉庫内から後進してきたフォークリフトの左側マストにフォークリフトの左側のフォークが接触して転倒し、地面とサイドガードとの間に腰部を挟まれた。","5","貨物取扱業","501","陸上貨物取扱業","50101","陸上貨物取扱業","50~99","2","物上げ装置、運搬機械","22","動力運搬機","222","フォークリフト","2","転倒"
"1095","2002","平成","14","10","6~7","デパートのの社員食堂の調理人が、タイムカードを打刻するため地下1階の指定場所へ向かっていたときに、階段の手すりの隙間から転落した。","14","接客娯楽業","1402","飲食店","140201","一般飲食店","100~299","4","仮設物、建築物、構築物等","41","仮設物、建築物、構築物等","413","階段、桟橋","1","墜落、転落"
"1096","2002","平成","14","5","3~4","トラックで高速道路を走行中、前方で別のトラックによる追突事故があって積荷の鋼材が本線上に散乱したため、後続の車両はこの鋼材を避けるために次々に停止していたところに追突した。","4","運輸交通業","403","道路貨物運送業","40301","一般貨物自動車運送業","30~49","2","物上げ装置、運搬機械","22","動力運搬機","221","トラック","17","交通事故（道路）"
"1097","2002","平成","14","10","9~10","53833tのコンテナ船上で、コンテナの積み下ろしのためクレーンで吊った状態のままコンテナとコンテナを固定する「スタッカー」をハンマーで叩いて解除していたところ、「スタッカー」が突然外れて荷振れしたコンテナーに接触しそうになったので、後方に逃げたときに約20m下の海面に転落して溺れた。","5","貨物取扱業","502","港湾運送業","50202","港湾荷役業","100~299","6","荷","61","荷","611","荷姿の物","10","おぼれ"
"1098","2002","平成","14","10","10~11","15tトラックで走行中、トンネル内で観光バスが故障して白煙を上げていたため後続車が徐行運転をしていたところへ追突(大型トラックに)した。","4","運輸交通業","403","道路貨物運送業","40301","一般貨物自動車運送業","1~9","2","物上げ装置、運搬機械","22","動力運搬機","221","トラック","17","交通事故（道路）"
"1099","2002","平成","14","10","9~10","駅構内で積載型移動式クレーンを使用して枕木を荷台へ積み込む作業中、枕木を吊り上げたときにジブが高圧線(2万V)に接触し運転者が感電した。","3","建設業","301","土木工事業","30104","鉄道軌道建設工事業","30~49","2","物上げ装置、運搬機械","21","動力クレーン等","212","移動式クレーン","13","感電"
"1100","2002","平成","14","10","11~12","フォークリフトで廃材(鉄骨材)をトラックに積み込む作業中、フォークリフトが深さ約80センチメートルのくぼ地に後部から転落しフォークリフトの下敷きになった。","15","清掃・と畜業","1501","清掃・と畜業","150103","その他の廃棄物処理業","1~9","2","物上げ装置、運搬機械","22","動力運搬機","222","フォークリフト","1","墜落、転落"
"1101","2002","平成","14","10","11~12","機械集材装置により丸太を運搬し土場へ降ろす作業を単独で行っていて、丸太の下敷きとなった。","6","農林業","602","林業","60201","木材伐出業","1~9","2","物上げ装置、運搬機械","21","動力クレーン等","217","機械集材装置、運材索道","6","激突され"
"1102","2002","平成","14","10","9~10","ゴルフ場のグリーンの土壌改良のため目土散布機を使用して砂を散布する作業を4番ホールから行っていて、6番ホールへ向かう約100mの下り坂の左カーブのカート道でスピードが出過ぎていたため曲がりきれずに散布機が転倒し、その下敷になった。","14","接客娯楽業","1403","その他の接客娯楽業","140301","ゴルフ場","10~29","1","動力機械","16","一般動力機械","169","その他の一般動力機械","2","転倒"
"1103","2002","平成","14","10","8~9","タイヤローラー(機体質量8.5t)のエンジンが作動しないので、同僚が4tダンプトラックに乗ってワイヤロープで両方の車両をつなぎ、ダンプでタイヤローラーを牽引しながらエンジンを作動させたところエンジンがかかったので、タイヤローラーから降りてつないでいたワイヤロープを外していたときに、無人のタイヤローラーが前進してダンプとの間に頭部を挟まれた。","3","建設業","302","建築工事業","30201","鉄骨・鉄筋コンクリート造家屋建築工事業","10~29","1","動力機械","14","建設機械等","144","締固め用機械","7","はさまれ、巻き込まれ"
"1104","2002","平成","14","10","15~16","建売住宅建設現場工事において、基礎コンクリートの配筋に使用する鉄筋の束(約220本:600キログラム)をトラックの荷台からドラグショベルで吊り降ろす作業中に吊荷が振れたため、振れを止めようと吊荷に近寄ったときドラグショベルが転倒しその下敷きになった。","3","建設業","302","建築工事業","30202","木造家屋建築工事業","1~9","1","動力機械","14","建設機械等","142","掘削用機械","2","転倒"
"1105","2002","平成","14","10","17~18","軽乗用自動車で塗装工場に向かうため農道を走行中、前方を走行中の農業用トラクターに追突した。","1","製造業","105","家具・装備品製造業","10501","木製家具製造業","1~9","2","物上げ装置、運搬機械","23","乗物","231","乗用車、バス、バイク","17","交通事故（道路）"
"1106","2002","平成","14","9","7~8","トラックで自動車道を走行中、緩やかな下りカーブでスリップして中央分離帯に衝突横転し、その衝撃で車外に放り出された。","17","その他の事業","1702","その他の事業","170209","その他の事業－その他","1~9","2","物上げ装置、運搬機械","22","動力運搬機","221","トラック","17","交通事故（道路）"
"1107","2002","平成","14","10","16~17","米の入った2段積みのフレキシブルコンテナ(1辺約90センチメートルの立方体、重さ900キログラム)の2段目のプラスチック製パレットの上(高さ180センチメートル)で、チェーンブロックで吊り上げられたフレコン下部の紐を引いて米を落とす作業をしていて米と一緒に逆さに落ちて米に埋もれ窒息した。","1","製造業","101","食料品製造業","10109","その他の食料品製造業","30~49","4","仮設物、建築物、構築物等","41","仮設物、建築物、構築物等","416","作業床、歩み板","1","墜落、転落"
"1108","2002","平成","14","10","16~17","食品の製造工場でドーンという音がしたため駆けつけたところ、事業場2階の資材倉庫傍にあるエレベーター前で作業者が頭部から出血して倒れていた。","1","製造業","101","食料品製造業","10109","その他の食料品製造業","30~49","2","物上げ装置、運搬機械","21","動力クレーン等","214","エレベータ、リフト","7","はさまれ、巻き込まれ"
"1109","2002","平成","14","10","10~11","「サイクルパラシュート」と呼ばれる遊戯施設の始業点検作業中に、「サイクルパラシュート」のゴンドラ状の搬器脇の地上に墜落した。","14","接客娯楽業","1403","その他の接客娯楽業","140302","公園・遊園地","30~49","2","物上げ装置、運搬機械","21","動力クレーン等","219","その他の動力クレーン等","1","墜落、転落"
"1110","2002","平成","14","10","11~12","砂型注湯ラインの湯を補充するため造型機から20m離れたリミットスイッチで機械を停止させ、3分後にリミットスイッチを操作し再起動させたところ、機械の裏面から内部に立ち入っていた者が動き出した上枠と下枠の間に足を挟まれたまま上枠と機械上部の鉄製外枠との間に上半身を挟まれた。","1","製造業","110","鉄鋼業","11002","鋳物業","30~49","1","動力機械","16","一般動力機械","169","その他の一般動力機械","7","はさまれ、巻き込まれ"
"1111","2002","平成","14","10","15~16","林道と隣接している残土捨場で、11tダンプトラックを用いて林道工事現場の掘削土石を排出作業中に路肩が崩れたため、67m下の谷底へダンプもろとも転落し車外に投げ出された。","3","建設業","301","土木工事業","30106","道路建設工事業","10~29","2","物上げ装置、運搬機械","22","動力運搬機","221","トラック","1","墜落、転落"
"1112","2002","平成","14","9","15~16","7番ゲートの施検後に右隣6番ゲート担当者からRESEALの作業方法を聞かれたので、タンク専用シャーシーの左後輪二軸の間に入り説明していたところ、ゲートクラークから発進の合図を受けたトレーラの運転手が発進したため、後輪に轢かれて転倒し両足を骨折した。","17","その他の事業","1702","その他の事業","170209","その他の事業－その他","50~99","2","物上げ装置、運搬機械","22","動力運搬機","221","トラック","7","はさまれ、巻き込まれ"
"1113","2002","平成","14","9","18~19","米・麦を貯蔵しておくサイロのある倉庫のシャッターを閉めるスイッチを押したときに、乗っていた自転車とその籠に乗せられていた9.5キログラムの米ごと転倒しシャッターに首を挟まれた。","17","その他の事業","1702","その他の事業","170209","その他の事業－その他","300~499","3","その他の装置等","36","人力機械工具等","362","人力運搬機","7","はさまれ、巻き込まれ"
"1114","2002","平成","14","10","16~17","配電盤内のブスバーの絶縁抵抗を測定しようとしたときに、充電電路(6600V)に左手が触れ感電した。","4","運輸交通業","401","鉄道・軌道・水運・航空業","40101","鉄道・軌道業","100~299","3","その他の装置等","35","電気設備","352","電力設備","13","感電"
"1115","2002","平成","14","10","17~18","仮設駅の建設工事において、仮設ホーム下部のジャッキベースと敷板を固定する作業を行っていて、高さ約1mのホーム上に乗り上がろうとしていたときに特急電車と接触した。","3","建設業","302","建築工事業","30209","その他の建築工事業","1~9","2","物上げ装置、運搬機械","23","乗物","232","鉄道車両","18","交通事故（その他）"
"1116","2002","平成","14","10","9~10","高速道路用防音壁支柱の溶接作業(長さ約8m、質量337.8キログラムのH鋼曲り材と長さ52センチメートル、質量21キログラムのH鋼直材をアーク溶接する)で、H鋼の1辺を溶接した後に他の1辺を溶接するためH鋼の先端に横吊用クランプを取付け天井クレーンでH鋼を起こしたときに、クランプから外れたH鋼が落下して下敷きになった。","1","製造業","112","金属製品製造業","11209","その他の金属製品製造業","10~29","3","その他の装置等","37","用具","372","玉掛用具","4","飛来、落下"
"1117","2002","平成","14","10","14~15","飼料置き場増築工事において、梁として設置するH鋼を小型移動式クレーンで仮置きして溶接するため、補助者が高さ約5mの飼料置き場屋根上からH鋼を支えていたところ、仮置きしていたH鋼が落下し同時に補助者も墜落した。","3","建設業","302","建築工事業","30201","鉄骨・鉄筋コンクリート造家屋建築工事業","1~9","4","仮設物、建築物、構築物等","41","仮設物、建築物、構築物等","415","屋根、はり、もや、けた、合掌","1","墜落、転落"
"1118","2002","平成","14","6","3~4","道路上でカーキャリアーに車を積込む作業で、カーキャリアーの上段に車3台積み込んだのち下段に積み込むため、上段床の昇降装置のボタンを押した状態で物を差込んで固定し、自動的に床部を上昇させながらカーキャリアーの左後部横から手を入れて上段部に積込んだ車の下側をフックで固定していたときに、上段の床の端部と車体の梁部との間に挟まれた。","4","運輸交通業","403","道路貨物運送業","40301","一般貨物自動車運送業","30~49","2","物上げ装置、運搬機械","22","動力運搬機","221","トラック","7","はさまれ、巻き込まれ"
"1119","2002","平成","14","1","0~1","2tトラックで国道を走行中、ガードレールにぶつかったのち中央分離帯に衝突した。","4","運輸交通業","403","道路貨物運送業","40301","一般貨物自動車運送業","1~9","2","物上げ装置、運搬機械","22","動力運搬機","221","トラック","17","交通事故（道路）"
"1120","2002","平成","14","11","7~8","トラックで高速道路を走行中、片側3車線の中央の道路から左車線に車線変更していたときに前方のトレーラーに追突した。","4","運輸交通業","403","道路貨物運送業","40301","一般貨物自動車運送業","30~49","2","物上げ装置、運搬機械","22","動力運搬機","221","トラック","17","交通事故（道路）"
"1121","2002","平成","14","9","20~21","トラックで飼料を運搬したのち運転手が行方不明になったので捜索していたところ、事務所へ帰る途中の通路横に設置してある汚水処理槽に転落していた。","1","製造業","101","食料品製造業","10109","その他の食料品製造業","50~99","4","仮設物、建築物、構築物等","41","仮設物、建築物、構築物等","418","建築物、構築物","10","おぼれ"
"1122","2002","平成","14","9","11~12","賃貸アパートの新築工事において、駐車場のアスファルト舗装材の締め固めのため、コンバインド・ローラー(機体質量3.3t)を後進させていたときにローラーの右後方にいた者を轢いた。","3","建設業","302","建築工事業","30201","鉄骨・鉄筋コンクリート造家屋建築工事業","10~29","1","動力機械","14","建設機械等","144","締固め用機械","7","はさまれ、巻き込まれ"
"1123","2002","平成","14","8","9~10","倉庫の解体工事で、幅7.5センチメートルの鉄骨製の梁(高さ6.03m)を足場にしてスレート屋根の取り壊し作業を行っていたときに、バランスを崩してコンクリート土間に墜落した。","3","建設業","302","建築工事業","30201","鉄骨・鉄筋コンクリート造家屋建築工事業","1~9","4","仮設物、建築物、構築物等","41","仮設物、建築物、構築物等","415","屋根、はり、もや、けた、合掌","1","墜落、転落"
"1124","2002","平成","14","7","16~17","トラックに荷物を積み国道を走行中、右カーブでハンドル操作を誤って左側に横転しながら路肩の石垣に激突した。","4","運輸交通業","403","道路貨物運送業","40301","一般貨物自動車運送業","1~9","2","物上げ装置、運搬機械","22","動力運搬機","221","トラック","17","交通事故（道路）"
"1125","2002","平成","14","8","11~12","荷物積み込みのためトラックで取引先へ向かう途中、対向の車が車線変更時に急ブレーキをかけて停車中の乗用車に接触し、ハンドルを右に切った反動で中央分離帯を乗り越えてきて正面衝突された。","4","運輸交通業","403","道路貨物運送業","40301","一般貨物自動車運送業","50~99","2","物上げ装置、運搬機械","22","動力運搬機","221","トラック","17","交通事故（道路）"
"1126","2002","平成","14","8","7~8","会社事務所内で経理事務作業中に、背中を刺されたうえ油をかけられて焼死した。","9","金融・広告業","901","金融業","90102","証券業・商品取引業","100~299","9","その他","92","起因物なし","921","起因物なし","90","その他"
"1127","2002","平成","14","8","17~18","ハバロフスク地方にある蟹加工工場へ蟹の検品作業を行うため、ハバロフスク空港から旅客機に乗ってアヤン空港に着陸直前に、パイロットが濃霧で高度を誤まって空港近くの岸壁に激突し、乗員(3人)、乗客(14人)全員が死亡した。","17","その他の事業","1702","その他の事業","170209","その他の事業－その他","1~9","2","物上げ装置、運搬機械","23","乗物","239","その他の乗物","18","交通事故（その他）"
"1128","2002","平成","14","4","17~18","住宅の増改築工事において、2階の既存屋根と増築屋根とのつなぎ工事を屋根上で行っていたときに、屋根上から約2.7m下の2階ベランダに墜落した。","3","建設業","302","建築工事業","30202","木造家屋建築工事業","1~9","4","仮設物、建築物、構築物等","41","仮設物、建築物、構築物等","415","屋根、はり、もや、けた、合掌","1","墜落、転落"
"1129","2002","平成","14","9","11~12","モルタル入りのペール缶(重さ約10キログラム)を高さ約3.5mのステージ上へトラロープで引き揚げる作業中、ペール缶が落下しそうになったのでペール缶を掴むため手すりと中さんの隙間から身を乗り出して墜落した。","3","建設業","302","建築工事業","30201","鉄骨・鉄筋コンクリート造家屋建築工事業","10~29","4","仮設物、建築物、構築物等","41","仮設物、建築物、構築物等","411","足場","1","墜落、転落"
"1130","2002","平成","14","9","16~17","橋梁下部耐震補強工事のつり足場架設作業において、高所作業車によるつりチェ-ンの修正作業を終えたので高所作業車を片づけようとして操作を誤り、橋梁の桁とバケットとの間に頭部を挟まれた。","3","建設業","301","土木工事業","30105","橋梁建設工事業","1~9","1","動力機械","14","建設機械等","146","高所作業車","7","はさまれ、巻き込まれ"
"1131","2002","平成","14","10","9~10","スキー場のゴンドラリフト頂上駅新築工事において、ゴンドラリフト押送装置を設置するため駅構内の高さ約4.5mに設置されたH鋼(幅30センチメートル)上を歩いていて墜落した。","3","建設業","303","その他の建設業","30302","機械器具設置工事業","10~29","4","仮設物、建築物、構築物等","41","仮設物、建築物、構築物等","418","建築物、構築物","1","墜落、転落"
"1132","2002","平成","14","10","18~19","営業先から帰社して冷凍室内に保管されている冷凍食品を確認しようとして、冷凍室扉に挟まれた。","17","その他の事業","1702","その他の事業","170209","その他の事業－その他","10~29","3","その他の装置等","39","その他の装置、設備","391","その他の装置、設備","7","はさまれ、巻き込まれ"
"1133","2002","平成","14","8","14~15","シンガポールにある工場へ出張し、工場内に設置されている自動機械装置のシャッター部の調整をしていたときに、動いてきた搬送装置と自動機械装置との間に頭部を挟まれた。","1","製造業","114","電気機械器具製造業","11409","その他の電気機械器具製造業","30~49","2","物上げ装置、運搬機械","22","動力運搬機","223","軌道装置","7","はさまれ、巻き込まれ"
"1134","2002","平成","14","11","18~19","道路工事の誘導作業が終わり、翌日も同じ現場での仕事があったため社有車で会社の寮へ戻る途中、反対車線の車に前方の車を追い越したところで正面から衝突された。","17","その他の事業","1702","その他の事業","170201","警備業","30~49","2","物上げ装置、運搬機械","23","乗物","231","乗用車、バス、バイク","17","交通事故（道路）"
"1135","2002","平成","14","10","15~16","天井裏に保温材を敷き詰める作業で、作業灯用に天井裏まで延長コードを10m×4本、30m×1本を継ぎ足して使用していて、作業終了後に延長コード1本ずつ巻き取りながら天井裏昇降口へ向っていて10mのコードを巻取るため延長コードの次のコンセントを差し込んだとき差込方法を誤り感電した。","3","建設業","303","その他の建設業","30302","機械器具設置工事業","1~9","3","その他の装置等","35","電気設備","351","送配電線等","13","感電"
"1136","2002","平成","14","9","9~10","重さ187キログラムの鋼板8枚を定格荷重2.8tの天井クレーンで工場内の加工場から材料置場まで移動中、玉掛ワイヤーがフックから外れたため、吊り荷の下でまくら木の据えつけ作業をしていた者の上に荷が落下した。","1","製造業","112","金属製品製造業","11209","その他の金属製品製造業","1~9","2","物上げ装置、運搬機械","21","動力クレーン等","211","クレーン","4","飛来、落下"
"1137","2002","平成","14","10","8~9","台車2台に載せた菓子入りのダンボール箱を0.95tのエレベータを使用して搬送中に、挟まれて圧死した。","4","運輸交通業","403","道路貨物運送業","40301","一般貨物自動車運送業","10~29","2","物上げ装置、運搬機械","21","動力クレーン等","214","エレベータ、リフト","7","はさまれ、巻き込まれ"
"1138","2002","平成","14","10","10~11","2階建の建築工事において、駐車場棟の車の出入口部の既設側溝解体のため、バックホーで解体したコンクリートブロックを2tトラックに積み込んでいるときに、バックホーのバケットの爪に掛けていたワイヤーロープが外れコンクリートブロック(重さ370キログラム)が落下した。","3","建設業","302","建築工事業","30201","鉄骨・鉄筋コンクリート造家屋建築工事業","1~9","1","動力機械","14","建設機械等","142","掘削用機械","4","飛来、落下"
"1139","2002","平成","14","10","2~3","製紙会社で、パルパー(間口の直径2m、深さ2.3m)へ原料(損紙等)の投入作業を夜勤で従事していた者の姿が未明から見当たらなくなったので探したところ、パルパーの底部で遺体となって発見された。","1","製造業","106","パルプ・紙・紙加工品製造業","10601","パルプ・紙製造業","10~29","1","動力機械","16","一般動力機械","162","混合機、粉砕機","1","墜落、転落"
"1140","2002","平成","14","10","16~17","中央市場敷地内で外溝の工事中、直径600ミリメートルの埋設配管(塩化ビニール製、長さ4m)を地面から深さ2.65mの位置に設置し、配管内に入り込んだ土砂を取り除くため掘削場所に入って作業をしていたときに、土止め支保工下部の土砂が崩れたため上部にあったコンクリート塊(約900キログラム)が落下して激突された。","3","建設業","301","土木工事業","30110","上下水道工事業","10~29","5","物質、材料","52","材料","523","石、砂、砂利","5","崩壊、倒壊"
"1141","2002","平成","14","3","16~17","木造平屋建て新築工事において、1階屋根部分の梁(火打ち材)を取付けているときに、体のバランスを崩して高さ約3mの足場または梁の上からコンクリートの基礎上に墜落した。","3","建設業","302","建築工事業","30202","木造家屋建築工事業","1~9","4","仮設物、建築物、構築物等","41","仮設物、建築物、構築物等","415","屋根、はり、もや、けた、合掌","1","墜落、転落"
"1142","2002","平成","14","10","16~17","ダブルプレーナーギャングリッパーの排出側で、小割された角材(57×45×400ミリメートル)の不良品の選別のため、縦送りベルトコンベヤーとライブローラとの間隙(70センチメートル)にギャングリッパーを背にして入ろうとしたときに、ギャングリッパーから送出された角材とライブローラとの間に腰部を挟まれた。","1","製造業","104","木材・木製品製造業","10401","製材業","30~49","1","動力機械","13","木材加工用機械","139","その他の木材加工用機械","6","激突され"
"1143","2002","平成","14","8","13~14","駐車場の造成工事の一環として側溝にU字溝を敷設するため、隣家との境界にあるコンクリート塀のコンクリート基礎部の一部をはつり機ではつっていたときに、コンクリート塀が倒れて地面との間に挟まれた。","3","建設業","301","土木工事業","30109","土地整理土木工事業","1~9","4","仮設物、建築物、構築物等","41","仮設物、建築物、構築物等","418","建築物、構築物","5","崩壊、倒壊"
"1144","2002","平成","14","10","11~12","足場解体作業で、建枠材(幅900ミリメートル)18枚(計270キログラム)を電動ウィンチ(能力400キログラム)で荷卸していて吊荷が地上約2mの高さまで下りてきたときに、フックに掛けていた玉掛ロープのシャックルが外れて地上に落下したため、下にいた者が吊荷の下敷きになった。","3","建設業","302","建築工事業","30201","鉄骨・鉄筋コンクリート造家屋建築工事業","1~9","3","その他の装置等","37","用具","372","玉掛用具","4","飛来、落下"
"1145","2002","平成","14","10","17~18","9階建てビル解体工事において、オペレーター2名、散水者2名の計4名でドラグショベル2台を用いて解体及び解体小割作業中、自分の作業を終えて作業場所から離れた者が17時を過ぎても姿が見えなかったので全作業員で捜索したところ、解体ガラの荷卸開口部1階で倒れているのを発見した。","17","その他の事業","1702","その他の事業","170209","その他の事業－その他","10~29","4","仮設物、建築物、構築物等","41","仮設物、建築物、構築物等","414","開口部","1","墜落、転落"
"1146","2002","平成","14","5","9~10","出張先で自社製作のローリングシャーの刃部と自動送り装置の補修を行っていたときに、材料を刃部まで送り出すための送り箱が逆送し、送り箱と格納庫上部との間に下腹部を挟まれた。","1","製造業","113","一般機械器具製造業","11301","機械（精密機械を除く）器具製造業","1~9","2","物上げ装置、運搬機械","22","動力運搬機","224","コンベア","7","はさまれ、巻き込まれ"
"1147","2002","平成","14","8","14~15","産業廃棄物処理会社の焼却炉の蓋の補修工事において、当日の朝まで焼却が行われていたため午前7時から炉内の灰に水をかけて炉を冷やし午前10時から作業を開始したが、午前2時頃に気分が悪くなり屋外の休憩場所で休んでいても回復しないので病院に移送したが死亡した。(熱中症)","15","清掃・と畜業","1501","清掃・と畜業","150102","産業廃棄物処理業","10~29","7","環境等","71","環境等","715","高温・低温環境","11","高温・低温の物との接触"
"1148","2002","平成","14","10","9~10","鉄骨造平屋建て建築工事において、屋根梁上でデッキプレートの敷き込み作業を行なっていて3.2m下の基礎コンクリート上に墜落した。","3","建設業","302","建築工事業","30201","鉄骨・鉄筋コンクリート造家屋建築工事業","1~9","4","仮設物、建築物、構築物等","41","仮設物、建築物、構築物等","415","屋根、はり、もや、けた、合掌","1","墜落、転落"
"1149","2002","平成","14","11","4~5","トラックで取引先に向けて走行中、自動車道で路側の防音壁に接触し200m先で車体が横転して車外に投げ出された。","4","運輸交通業","403","道路貨物運送業","40301","一般貨物自動車運送業","1~9","2","物上げ装置、運搬機械","22","動力運搬機","221","トラック","17","交通事故（道路）"
"1150","2002","平成","14","10","17~18","トンネル坑口より約700mの切羽において、ホイールジャンボのマンケージ(高所作業用かご)内でロックボルトの注入作業中、切羽鏡面より地山が約20立方メートル崩壊し土砂とマンケージの手すりとの間に挟まれた。","3","建設業","301","土木工事業","30102","トンネル建設工事業","30~49","7","環境等","71","環境等","711","地山、岩石","5","崩壊、倒壊"
"1151","2002","平成","14","10","11~12","橋梁下部工の橋台において、壁面けれん(モルタルかす等除去)作業を外部枠組足場3段目足場上で行っていたときに、転倒して足場の筋かいの隙間から5.5m下のコンクリート踊り場へ墜落した。","3","建設業","301","土木工事業","30105","橋梁建設工事業","1~9","4","仮設物、建築物、構築物等","41","仮設物、建築物、構築物等","411","足場","1","墜落、転落"
"1152","2002","平成","14","10","7~8","通信ケーブル撤去工事(夜間工事)での交通誘導の仕事を終えて会社のライトバンで事務所に戻る途中、国道の下りカーブで中央線を越えて反対車線に飛び出し約37m下の農道に転落した。","17","その他の事業","1702","その他の事業","170201","警備業","30~49","2","物上げ装置、運搬機械","23","乗物","231","乗用車、バス、バイク","17","交通事故（道路）"
"1153","2002","平成","14","10","0~1","トラックにより電線(510キログラム)を配送先へ運び、フォークリフトで後進により地上高55センチメートルの工場床面から鋼板製のスロープ(勾配8.5度)を通って地上へ下りるときに、スロープ上でフォークリフトが転倒しヘッドガードとアスファルト地面との間に挟まれた。","4","運輸交通業","403","道路貨物運送業","40301","一般貨物自動車運送業","10~29","2","物上げ装置、運搬機械","22","動力運搬機","222","フォークリフト","7","はさまれ、巻き込まれ"
"1154","2002","平成","14","10","1~2","トラックに冷凍食品等を積んで配達先へ向かう途中、片側2車線道路の中央分離帯を越えて反対車線の電柱に衝突した。","8","商業","802","小売業","80209","その他の小売業","1~9","2","物上げ装置、運搬機械","23","乗物","239","その他の乗物","17","交通事故（道路）"
"1155","2002","平成","14","10","11~12","倉庫のスレート屋根の補修工事において、破損した屋根のスレートの撤去のためスレートの止め金具をカッターで切断中に、スレートを踏み抜いて7.6m下のコンクリート床に墜落した。","3","建設業","302","建築工事業","30209","その他の建築工事業","1~9","4","仮設物、建築物、構築物等","41","仮設物、建築物、構築物等","415","屋根、はり、もや、けた、合掌","1","墜落、転落"
"1156","2002","平成","14","10","0~1","セメントサイロ(直径21m、高さ26m)の内部清掃作業で、サイロ中央部の排出口横のセメント排出作業中に高さ約3mのシュート内に転落し窒息死した。","17","その他の事業","1702","その他の事業","170209","その他の事業－その他","10~29","4","仮設物、建築物、構築物等","41","仮設物、建築物、構築物等","418","建築物、構築物","1","墜落、転落"
"1157","2002","平成","14","10","11~12","水路用ボックスカルバートを設置するため県道に接する部分をドラグシヨベルで掘削中、道路擁壁下部のU字溝の基礎部分の土砂が幅0.6m長さ2.0mに亘って崩落したので掘削及び床ならし作業を中止して道具等の片付けを行っていたときに、土砂とともに道路擁壁が崩壊し下敷きになった。","3","建設業","301","土木工事業","30109","土地整理土木工事業","1~9","4","仮設物、建築物、構築物等","41","仮設物、建築物、構築物等","418","建築物、構築物","5","崩壊、倒壊"
"1158","2002","平成","14","10","0~1","ガソリンスタンドで保冷車に給油しその場で洗車を行っていたところ、保冷車が動き出して(エンジンは動いていなかった)道路を横断し堤防に衝突しそうになったので、それを制止しようと保冷車の前方に回り込んで保冷車と堤防との間に挟まれた。","8","商業","801","卸売業","80109","その他の卸売業","10~29","2","物上げ装置、運搬機械","22","動力運搬機","221","トラック","7","はさまれ、巻き込まれ"
"1159","2002","平成","14","2","4~5","ワゴン車で国道走行中、センターラインを越えてきた対向車と衝突して運転席が下敷きになった。","8","商業","801","卸売業","80109","その他の卸売業","10~29","2","物上げ装置、運搬機械","22","動力運搬機","221","トラック","17","交通事故（道路）"
"1160","2002","平成","14","10","11~12","工場内の非常階段の組立で、鉄骨柱に踊り場部分(約250キログラム)をアーク溶接で仮組みし、踊り場部分を吊っていたクレーンのシャックルをはずして次の作業に取り掛かろうしていたときに、踊り場部分がバランスを失って倒れたため鉄骨柱と踊り場部分との間に挟まれた。","1","製造業","112","金属製品製造業","11209","その他の金属製品製造業","1~9","5","物質、材料","52","材料","521","金属材料","7","はさまれ、巻き込まれ"
"1161","2002","平成","14","10","0~1","市道交差点でマンホール蓋の交換作業をしていたときに、走行してきたライトバンに跳ねられた。","3","建設業","301","土木工事業","30110","上下水道工事業","1~9","2","物上げ装置、運搬機械","23","乗物","231","乗用車、バス、バイク","17","交通事故（道路）"
"1162","2002","平成","14","10","17~18","夕刊を自転車で配達中、国道を横断していたときに走行してきた乗用車にはねられた。","8","商業","802","小売業","80205","新聞販売業","50~99","2","物上げ装置、運搬機械","23","乗物","231","乗用車、バス、バイク","17","交通事故（道路）"
"1163","2002","平成","14","10","17~18","道路上の敷鉄板表面についた泥をドラグショベルのバケットで取り除く作業で、オペレーターが運転席から後方に誰もいないことを確認したのち1mほど後進したときに、交通誘導員を右側クローラで轢いた。","17","その他の事業","1702","その他の事業","170201","警備業","10~29","1","動力機械","14","建設機械等","141","整地・運搬・積込み用機械","7","はさまれ、巻き込まれ"
"1164","2002","平成","14","10","14~15","マンション屋上の手すりにロープを結び窓拭き用ブランコを用いて窓拭き作業中、手すりに結んでいたロープがほどけて高さ約16.05mのところから墜落した。","15","清掃・と畜業","1501","清掃・と畜業","150101","ビルメンテナンス業","10~29","3","その他の装置等","39","その他の装置、設備","391","その他の装置、設備","1","墜落、転落"
"1165","2002","平成","14","10","7~8","ワゴン車で市道を走行中、通勤途中の乗用車と出会い頭に衝突しワゴン車の助手席に乗っていた者が死亡した。","3","建設業","301","土木工事業","30199","その他の土木工事業","1~9","2","物上げ装置、運搬機械","23","乗物","231","乗用車、バス、バイク","17","交通事故（道路）"
"1166","2002","平成","14","10","14~15","公共工事の施工管理業務を終えて乗用車で走行中、見通しの良い片側一車線の緩い右カーブ後の直線部分で対向車線の道路から飛び出し、運転席側から電柱と取付道路法面に衝突した。","17","その他の事業","1702","その他の事業","170209","その他の事業－その他","50~99","2","物上げ装置、運搬機械","23","乗物","231","乗用車、バス、バイク","17","交通事故（道路）"
"1167","2002","平成","14","10","15~16","シラス船引き網漁船で漁場に移動中、甲板上で次の漁の前に網の修繕等を行うため巻き上げ機を作動させたときに網と一緒に巻き込まれた。","7","畜産・水産業","702","水産業","70201","漁業","1~9","2","物上げ装置、運搬機械","21","動力クレーン等","219","その他の動力クレーン等","7","はさまれ、巻き込まれ"
"1168","2002","平成","14","10","7~8","既存倉庫の屋根改修工事において、垂木、野地板の撤去のため垂木の上(端部)に乗ったときに、桁を支点としてテンビン状になり約2.2mの位置から墜落した。","3","建設業","302","建築工事業","30202","木造家屋建築工事業","1~9","4","仮設物、建築物、構築物等","41","仮設物、建築物、構築物等","415","屋根、はり、もや、けた、合掌","1","墜落、転落"
"1169","2002","平成","14","10","15~16","伐採作業において、1名が伐採した木の枝打ち(チェンソー使用)を行い他の2名が伐採したときに、伐採木(杉、長さ約20m)が枝打ちをしていた者に直撃した。","6","農林業","602","林業","60201","木材伐出業","10~29","7","環境等","71","環境等","712","立木等","4","飛来、落下"
"1170","2002","平成","14","6","15~16","刈払機を使用して競輪学校の敷地(平均斜度約37度)の草取り作業中、足を滑らせたときに刈払機が左足膝裏部分に接触し出血した。","6","農林業","602","林業","60209","その他の林業","10~29","1","動力機械","16","一般動力機械","169","その他の一般動力機械","8","切れ、こすれ"
"1171","2002","平成","14","10","11~12","6階の鉄骨床の端で、鉄骨に長さ約30センチメートルの鉄製アングルを本溶接により取り付ける作業で、仮溶接されたアングルを手で動かして水平器を使い位置決めをしていたときに、アングルが外れ20m下に墜落して地上にあった型枠に激突した。","3","建設業","302","建築工事業","30201","鉄骨・鉄筋コンクリート造家屋建築工事業","30~49","4","仮設物、建築物、構築物等","41","仮設物、建築物、構築物等","416","作業床、歩み板","1","墜落、転落"
"1172","2002","平成","14","10","15~16","溶接用ポジショナー(溶接物を溶接しやすい角度に自在に動作させることができる架台)にシールドマシンのカッターヘッド(約7t)を溶接し、ほぼ垂直に傾けて門型クレーンに似た構造の足場を接近させて溶接の準備作業をしていたときに、カッターヘッドが溶接部分から外れ落下した。","1","製造業","112","金属製品製造業","11209","その他の金属製品製造業","50~99","1","動力機械","15","金属加工用機械","159","その他の金属加工用機械","4","飛来、落下"
"1173","2002","平成","14","7","11~12","本社社屋において、屋根として使用していた塩化ビニール製波板の張替作業中に波板を踏み抜き5m下の床に墜落した。","3","建設業","302","建築工事業","30209","その他の建築工事業","1~9","4","仮設物、建築物、構築物等","41","仮設物、建築物、構築物等","415","屋根、はり、もや、けた、合掌","1","墜落、転落"
"1174","2002","平成","14","10","19~20","4tトラックでコーンスターチ(袋物)の受け取りに来て積み込みが終了したが、その後も同じ場所に停まっていて夜になってトラックのドアと倉庫前の柱との間に挟まれているのが発見された。","4","運輸交通業","403","道路貨物運送業","40301","一般貨物自動車運送業","1~9","2","物上げ装置、運搬機械","22","動力運搬機","221","トラック","7","はさまれ、巻き込まれ"
"1175","2002","平成","14","12","17~18","鉱山の廃土堆積場に新しい擁壁を建設するため、ドラグショベルで床掘りし同僚がブレーカーで擁壁を壊していたところ、上部の堆積された廃土が崩壊してブレーカーはその場で埋まり、ドラグショベルは約20m下の川に転落して廃土に埋まって2名とも死亡した。","3","建設業","301","土木工事業","30199","その他の土木工事業","10~29","7","環境等","71","環境等","711","地山、岩石","5","崩壊、倒壊"
"1176","2002","平成","14","10","17~18","鉱山の廃土堆積場に新しい擁壁を建設するにあたり、ドラグショベルで床掘りし同僚はブレーカーで擁壁を壊していたところ、上部の堆積された廃土が崩壊してブレーカーはその場で埋まり、ドラグショベルは約20m下の川に転落して廃土に埋まって2名とも死亡した。","3","建設業","301","土木工事業","30199","その他の土木工事業","1~9","7","環境等","71","環境等","711","地山、岩石","5","崩壊、倒壊"
"1177","2002","平成","14","10","15~16","国道の拡張工事において、工事に伴う片側交互通行の車両誘導を行うための「交通誘導警備員」研修を受けていたときに、走行してきたライトバンにはねられ路肩のコンクリート塀に頭及び腰を打ちつけた。","17","その他の事業","1702","その他の事業","170201","警備業","10~29","2","物上げ装置、運搬機械","22","動力運搬機","221","トラック","17","交通事故（道路）"
"1178","2002","平成","14","10","16~17","土砂崩れ防止工事において、降雨から法面を保護するため法面にブルーシートを掛けていたときに、法面(勾配53゜)が高さ約9m、巾約15mにわたり崩壊し法面の下方にいた作業員が巻き込まれた。","3","建設業","301","土木工事業","30108","砂防工事業","10~29","7","環境等","71","環境等","711","地山、岩石","5","崩壊、倒壊"
"1179","2002","平成","14","10","23~24","高速道路の出口附近の工事区間において、出口分岐点に設置した工事用電光表示板に用いる発電機にガソリンを給油していたところへ走行していた13tトラックが突っ込み、作業中の2名が跳ねられた。","15","清掃・と畜業","1501","清掃・と畜業","150109","その他の清掃・と畜業","50~99","2","物上げ装置、運搬機械","22","動力運搬機","221","トラック","17","交通事故（道路）"
"1180","2002","平成","14","10","23~24","高速道路の出口附近の工事区間において、出口分岐点に設置した工事用電光表示板に用いる発電機にガソリンを給油していたところへ走行していた13tトラックが突っ込み、作業中の2名が跳ねられた。","15","清掃・と畜業","1501","清掃・と畜業","150109","その他の清掃・と畜業","50~99","2","物上げ装置、運搬機械","22","動力運搬機","221","トラック","17","交通事故（道路）"
"1181","2002","平成","14","5","12~13","鋼材を積載した10tトラックを運転して走行中、国道の交差点で停車していた10tトラックに追突した。","4","運輸交通業","403","道路貨物運送業","40301","一般貨物自動車運送業","30~49","2","物上げ装置、運搬機械","22","動力運搬機","221","トラック","17","交通事故（道路）"
"1182","2002","平成","14","6","15~16","道路拡幅工事において、下段で高さ約2m、幅約1.5m、奥行約0.5mの崩壊があったのでいったん退避し、その後、上段で5名が吹付けと法枠の清掃を、下段でドラグショベルを用いて応急処置として崩壊部分に土を入れる作業を再開したところ、法面頂部で大規模崩壊が発生し、崩壊とともに転落した1名が落石(約1m)を腰部に受けた。","3","建設業","301","土木工事業","30106","道路建設工事業","1~9","7","環境等","71","環境等","711","地山、岩石","5","崩壊、倒壊"
"1183","2002","平成","14","10","3~4","大型トラックで高速道を走行中、前を走っていた大型トレーラーに追突したのち中央分離帯のガードレールを突き破って反対車線に飛び出し、荷物を輸送中であったトラックに衝突して運転手を死亡させた。","4","運輸交通業","403","道路貨物運送業","40301","一般貨物自動車運送業","30~49","2","物上げ装置、運搬機械","22","動力運搬機","221","トラック","17","交通事故（道路）"
"1184","2002","平成","14","9","8~9","現場で使用する覆工板をドラグショベルで運搬用のトラッククレーン荷台に積み込む作業中、バケットに取付けてあった玉掛け用具のフックを覆工板の穴に引っ掛けて旋回したところ、フックから覆工板が外れて付近にいた者の上に落下した。","3","建設業","301","土木工事業","30199","その他の土木工事業","1~9","3","その他の装置等","37","用具","379","その他の用具","4","飛来、落下"
"1185","2002","平成","14","2","18~19","商品配達業務を終え帰社するため社有車で有料道路を走行中、トンネルの入口から約600m入った地点で道路左側の非常駐車帯の壁に激突した。","8","商業","802","小売業","80209","その他の小売業","1~9","2","物上げ装置、運搬機械","23","乗物","231","乗用車、バス、バイク","17","交通事故（道路）"
"1186","2002","平成","14","2","11~12","トラックで自動車部品を積んで国道を走行中、対向車線を横切りガードレールに激突した。","8","商業","802","小売業","80209","その他の小売業","30~49","2","物上げ装置、運搬機械","22","動力運搬機","221","トラック","17","交通事故（道路）"
"1187","2002","平成","14","10","16~17","機械集材装置のキャレージを先山の荷掛け位置に合わせる作業中に、引戻し索が引っ掛かったので外そうとして引戻し索に弾かれた。","6","農林業","602","林業","60201","木材伐出業","1~9","2","物上げ装置、運搬機械","21","動力クレーン等","217","機械集材装置、運材索道","6","激突され"
"1188","2002","平成","14","10","11~12","法面保護のモルタル吹付け作業終了後の出来高管理のための法長の測定作業で、高さ約31.5mの法肩上で巻尺を持って各側点における法長を計測していて、次の計測点に行くため隣の親綱に向って移動中に23.5m下に墜落しさらに8m下に墜落した。","3","建設業","301","土木工事業","30199","その他の土木工事業","10~29","7","環境等","71","環境等","711","地山、岩石","1","墜落、転落"
"1189","2002","平成","14","10","8~9","トラック(最大積載荷重15t)に古紙18個(1個の重さ700~800キログラム)を積込む作業で、クランプフォークリフトでトラック荷台に8列まで積み、残りの1列を荷台最後部に積込んでいたときに、荷台後方に立っていた者の頭部が古紙と支柱に挟まれた。","4","運輸交通業","403","道路貨物運送業","40301","一般貨物自動車運送業","10~29","2","物上げ装置、運搬機械","22","動力運搬機","222","フォークリフト","7","はさまれ、巻き込まれ"
"1190","2002","平成","14","7","20~21","高速道路を走行中のトラックが白煙を出しながら路側帯に停車したため、減速した後続の定期運行バス、ワゴン型タクシーなど車両8台が次々と追突し、ワゴン型タクシーの乗客3名が死亡した。","8","商業","802","小売業","80202","自動車小売業","50~99","2","物上げ装置、運搬機械","23","乗物","231","乗用車、バス、バイク","17","交通事故（道路）"
"1191","2002","平成","14","7","20~21","高速道路を走行中のトラックが白煙を出しながら路側帯に停車したため、減速した後続の定期運行バス、ワゴン型タクシーなど車両8台が次々と追突し、ワゴン型タクシーの乗客3名が死亡した。","4","運輸交通業","402","道路旅客運送業","40201","ハイヤー・タクシー業","30~49","2","物上げ装置、運搬機械","23","乗物","231","乗用車、バス、バイク","17","交通事故（道路）"
"1192","2002","平成","14","7","20~21","高速道路を走行中のトラックが白煙を出しながら路側帯に停車したため、減速した後続の定期運行バス、ワゴン型タクシーなど車両8台が次々と追突し、ワゴン型タクシーの乗客3名が死亡した。","8","商業","802","小売業","80202","自動車小売業","50~99","2","物上げ装置、運搬機械","23","乗物","231","乗用車、バス、バイク","17","交通事故（道路）"
"1193","2002","平成","14","8","9~10","ダイオキシン対策のための焼却設備の増設工事において、屋根(高さ約15m)に設けた開口部からトラッククレーンで荷(質量約4t)を吊り上げて搬入中、屋上の雨除け用シートの重しに使用していたH鋼に吊荷が接触したため、H鋼(長さ4m、質量約200キログラム)が落下し、一度ダクトに当ってバウンドしたのち足場上で荷を待っていた者の背中に激突した。","3","建設業","303","その他の建設業","30302","機械器具設置工事業","10~29","2","物上げ装置、運搬機械","21","動力クレーン等","212","移動式クレーン","4","飛来、落下"
"1194","2002","平成","14","10","20~21","乗用車で中国の高速道路を走行中、前方を徐行していたトラックに追突し、助手席後部に乗っていた日本人が頚椎損傷で死亡した。(運転手は、現地法人の中国人)","1","製造業","108","化学工業","10803","医薬品製造業","1000~9999","2","物上げ装置、運搬機械","23","乗物","231","乗用車、バス、バイク","17","交通事故（道路）"
"1195","2002","平成","14","7","1~2","セメントを積んで途中で仮眠を取ったのち牽引パラセメント車で走行中、右カーブで道路左側の橋の欄干に衝突し約10m下の川岸に転落した。","4","運輸交通業","403","道路貨物運送業","40301","一般貨物自動車運送業","10~29","2","物上げ装置、運搬機械","22","動力運搬機","221","トラック","17","交通事故（道路）"
"1196","2002","平成","14","10","16~17","河川改修工事において、降雨のため軟弱化した作業用道路をドラグ・ショベル(クローラ式)で整地するため、作業用道路を下流側から上流側に向かって約85m走行して停止し上部旋回体を90度右旋回したときに、右後方(クローラ後端部から約2m)にいた者を轢いた。","3","建設業","301","土木工事業","30107","河川土木工事業","10~29","1","動力機械","14","建設機械等","142","掘削用機械","7","はさまれ、巻き込まれ"
"1197","2002","平成","14","11","10~11","市道の改良舗装工事の交通警備を行っていて、現場内を後退してきたブルドーザーの右後方のキャタピラーに轢かれた。","17","その他の事業","1702","その他の事業","170201","警備業","10~29","1","動力機械","14","建設機械等","141","整地・運搬・積込み用機械","6","激突され"
"1198","2002","平成","14","11","11~12","フォークリフトのパレットに縞鋼板2枚を積載してプラットホーム(幅員3.77m)上を走行してピットまで運搬し、プラットホーム上の縞鋼板残材の手前で一旦停止したのち、残材を避けながらフォークリフトを前進させ左旋回したときに、右後輪がプラットホームの端で脱輪し、フォークリフトごと56センチメートル下の線路へ転落してヘッドガードと線路との間に挟まれた。","1","製造業","115","輸送用機械等製造業","11503","鉄道車両・同部分品製造業","1000~9999","2","物上げ装置、運搬機械","22","動力運搬機","222","フォークリフト","1","墜落、転落"
"1199","2002","平成","14","11","16~17","タクシー乗務が終わって帰社し洗車のため事務所の隣の洗車機のところへ車を移動したのち、エンジンを掛けたままトランクに付いているアンテナを取り外そうとしていたときに、サイドブレーキが十分に掛かっていなかったため車がバックし車体後方の下部と地面との間に挟まれた。","4","運輸交通業","402","道路旅客運送業","40201","ハイヤー・タクシー業","50~99","2","物上げ装置、運搬機械","23","乗物","231","乗用車、バス、バイク","7","はさまれ、巻き込まれ"
"1200","2002","平成","14","11","11~12","フォークリフト(最大荷重6t)で管廃材の運搬中、構内道路を横断中の者を右後輪で轢いた。","1","製造業","111","非鉄金属製造業","11101","非鉄金属精錬・圧延業","1000~9999","2","物上げ装置、運搬機械","22","動力運搬機","222","フォークリフト","7","はさまれ、巻き込まれ"
"1201","2002","平成","14","10","17~18","一般木造住宅(2階建)の築後5年点検で、建物西側の玄関脇外壁の状況をアルミ製はしごに登り確認中に約3m下のコンクリート土間に転落した。","3","建設業","302","建築工事業","30202","木造家屋建築工事業","10~29","3","その他の装置等","37","用具","371","はしご等","1","墜落、転落"
"1202","2002","平成","14","10","15~16","放送局の取材班3人とパキスタン人の運転手の乗った車が、道路から100m下の川に転落し4人とも死亡した。","11","通信業","1101","通信業","110101","通信業","1000~9999","2","物上げ装置、運搬機械","23","乗物","231","乗用車、バス、バイク","17","交通事故（道路）"
"1203","2002","平成","14","10","15~16","放送局の取材班3人とパキスタン人の運転手の乗った車が、道路から100m下の川に転落し4人とも死亡した。","10","映画・演劇業","1001","映画・演劇業","100101","映画製作・配給業","500~999","2","物上げ装置、運搬機械","23","乗物","231","乗用車、バス、バイク","17","交通事故（道路）"
"1204","2002","平成","14","10","15~16","放送局の取材班3人とパキスタン人の運転手の乗った車が、道路から100m下の川に転落し4人とも死亡した。","10","映画・演劇業","1001","映画・演劇業","100101","映画製作・配給業","10~29","2","物上げ装置、運搬機械","23","乗物","231","乗用車、バス、バイク","17","交通事故（道路）"
"1205","2002","平成","14","10","10~11","小売り店舗の営業指導のため次の店舗へ車で走行中、大型トラックを追い越すため対向車線に出たときに、右折しようとした大型トラックに接触しその反動で電柱に激突した。","17","その他の事業","1702","その他の事業","170209","その他の事業－その他","1000~9999","2","物上げ装置、運搬機械","23","乗物","231","乗用車、バス、バイク","17","交通事故（道路）"
"1206","2002","平成","14","7","10~11","ビルの裏側にある駐車場とビルの間にあるドライエリア(非常用通路)の清掃作業を行うため、梯子を降りている(もしくは上っている)ときに転落した。","15","清掃・と畜業","1501","清掃・と畜業","150101","ビルメンテナンス業","10~29","3","その他の装置等","37","用具","371","はしご等","1","墜落、転落"
"1207","2002","平成","14","2","9~10","250ccバイクで集荷先へ向って走行中、交差点において対向車線の右折帯から右折してきたワゴン車と衝突した。","11","通信業","1101","通信業","110101","通信業","10~29","2","物上げ装置、運搬機械","23","乗物","231","乗用車、バス、バイク","17","交通事故（道路）"
"1208","2002","平成","14","11","14~15","客を迎えに行くため国道をタクシーで走行中、対向車線側の道路下約8mに車ごと転落した。","4","運輸交通業","402","道路旅客運送業","40201","ハイヤー・タクシー業","1~9","2","物上げ装置、運搬機械","23","乗物","231","乗用車、バス、バイク","17","交通事故（道路）"
"1209","2002","平成","14","10","8~9","保冷車による冷凍マグロの運送業務終了後のトラック清掃等で、窒素ガスによる保冷装置の温度センサーの補修中に酸欠により死亡した。","4","運輸交通業","403","道路貨物運送業","40301","一般貨物自動車運送業","50~99","7","環境等","71","環境等","714","異常環境等","12","有害物等との接触"
"1210","2002","平成","14","10","16~17","製品出荷のため、工場2階の倉庫に置いてあったパレット2個を工場に設置してあるエレベーターに乗せ、自分も乗っていて搬器床と2階梁との間に頭部を挟まれた。","1","製造業","106","パルプ・紙・紙加工品製造業","10602","紙加工品製造業","10~29","2","物上げ装置、運搬機械","21","動力クレーン等","214","エレベータ、リフト","7","はさまれ、巻き込まれ"
"1211","2002","平成","14","10","0~1","採石場で岩盤から岩を切り出す作業をジェットバーナーを使用して行っていて、崩落した岩(20立方メートル)に激突された。","2","鉱業","202","土石採取業","20201","採石業","1~9","7","環境等","71","環境等","711","地山、岩石","5","崩壊、倒壊"
"1212","2002","平成","14","11","16~17","林道新設工事において、2t積みダンプに現場内の切土を積みバックで約80m離れた盛土場所まで運搬しているときに、林道(幅員約7m)の路肩から約18m下の谷へ転落した。","3","建設業","301","土木工事業","30106","道路建設工事業","1~9","2","物上げ装置、運搬機械","22","動力運搬機","221","トラック","1","墜落、転落"
"1213","2002","平成","14","10","13~14","小売店の駐車場で、ごみ収集車で段ボールの回収作業中に収集車の回転板に上半身を巻き込まれた。","15","清掃・と畜業","1501","清掃・と畜業","150102","産業廃棄物処理業","10~29","2","物上げ装置、運搬機械","22","動力運搬機","221","トラック","7","はさまれ、巻き込まれ"
"1214","2002","平成","14","1","11~12","木造2階建て住宅建築工事において、2階床梁に根太を取り付ける作業中に梁から4m下のコンクリート床に墜落した。","3","建設業","302","建築工事業","30202","木造家屋建築工事業","1~9","4","仮設物、建築物、構築物等","41","仮設物、建築物、構築物等","415","屋根、はり、もや、けた、合掌","1","墜落、転落"
"1215","2002","平成","14","7","9~10","松の木の葉剪定で、枝から枝に移動途中、足をかけた枝が折れ約4m下の石段に転落した。","6","農林業","601","農業","60101","農業","1~9","7","環境等","71","環境等","712","立木等","1","墜落、転落"
"1216","2002","平成","14","7","18~19","電気製品量販店の駐車場に出入りする車の誘導作業中、走行してきた軽ワゴン車にはねられた。","17","その他の事業","1702","その他の事業","170201","警備業","30~49","2","物上げ装置、運搬機械","23","乗物","231","乗用車、バス、バイク","17","交通事故（道路）"
"1217","2002","平成","14","10","12~13","児童支援専門員が、宿直勤務中に施設に入所していた少年に首を絞められて殺害された。","13","保健・衛生業","1302","社会福祉施設","130201","社会福祉施設","10~29","9","その他","92","起因物なし","921","起因物なし","90","その他"
"1218","2002","平成","14","7","1~2","同僚のトレーラーが故障により走行不能となったため、整備管理者が修理及びレッカー車による移動のため現場側道で作業を行っていたときに、車線変更しようとした4tトラックがスリップして停車中のトレーラーに激突したのち管理者を跳ねた。","4","運輸交通業","403","道路貨物運送業","40301","一般貨物自動車運送業","30~49","2","物上げ装置、運搬機械","22","動力運搬機","221","トラック","17","交通事故（道路）"
"1219","2002","平成","14","10","10~11","原付自転車で営業活動中、信号機、標識のない住宅地の交差点で普通乗用車と出会い頭に衝突した。","9","金融・広告業","901","金融業","90101","銀行・信託業","10~29","2","物上げ装置、運搬機械","23","乗物","231","乗用車、バス、バイク","17","交通事故（道路）"
"1220","2002","平成","14","10","17~18","ビル内の定期巡回に出ていた者が事業所に戻らないので同僚が探しに行ったところ、9階の改装中のフロアで窓枠の下敷きになっていた。","15","清掃・と畜業","1501","清掃・と畜業","150101","ビルメンテナンス業","300~499","7","環境等","71","環境等","719","その他の環境等","4","飛来、落下"
"1221","2002","平成","14","11","3~4","国道上で道路の舗装工事中、前進してきたマカダムローラーに接触し、マカダムローラーとアスファルトフィニッシャーとの間に挟まれた。","3","建設業","301","土木工事業","30106","道路建設工事業","10~29","1","動力機械","14","建設機械等","144","締固め用機械","3","激突"
"1222","2002","平成","14","11","13~14","2tトラックで家屋廃材を積んで走行中、ガードレールに接触して横転したところに対向のトラックが衝突し、さらにこのトラックに後続の乗用車が追突した。","15","清掃・と畜業","1501","清掃・と畜業","150102","産業廃棄物処理業","10~29","2","物上げ装置、運搬機械","22","動力運搬機","221","トラック","17","交通事故（道路）"
"1223","2002","平成","14","10","15~16","林業作業員が通常の時間に自宅に戻らないため、心配した家族が林業現場を訪れたところ、約4mの丸太(根元直径約30センチメートル)の下敷きになっていた。","6","農林業","602","林業","60201","木材伐出業","1~9","5","物質、材料","52","材料","522","木材、竹材","1","墜落、転落"
"1224","2002","平成","14","10","9~10","タクシーで乗客を降ろして走行中、信号機のある県道の交差点で右側から走行してきた乗用車と衝突し、さらに対向車線にはみだして信号待ちしていた乗用車に衝突した。","4","運輸交通業","402","道路旅客運送業","40201","ハイヤー・タクシー業","10~29","2","物上げ装置、運搬機械","23","乗物","231","乗用車、バス、バイク","17","交通事故（道路）"
"1225","2002","平成","14","10","13~14","廃車となった中古車をトラック積載型移動式クレーン(吊上荷重2.93t)でトラック荷台へ積み込むため、ワイヤーロープ(直径10ミリメートル)を中古車に玉掛けして約1.2mまで吊上げたときに、掛けていたワイヤーロープが切断して中古車が落下し下敷きになった。","8","商業","801","卸売業","80109","その他の卸売業","1~9","3","その他の装置等","37","用具","372","玉掛用具","4","飛来、落下"
"1226","2002","平成","14","4","18~19","新聞代金の集金のため自転車で集金先に向かう途中、道路を横断していたときに左側から来た乗用車と衝突した。","8","商業","802","小売業","80205","新聞販売業","1~9","2","物上げ装置、運搬機械","23","乗物","231","乗用車、バス、バイク","17","交通事故（道路）"
"1227","2002","平成","14","10","16~17","トレーラーから牧草ロール(約400キログラム)を専用アタッチメント装着のトラクターで降ろしていたときに、運転手が姿が見えなくなった作業者に気付き荷台の反対側に回ったところ、荷台から落下したロールと荷台の間に倒れていた。","4","運輸交通業","403","道路貨物運送業","40301","一般貨物自動車運送業","10~29","1","動力機械","16","一般動力機械","169","その他の一般動力機械","4","飛来、落下"
"1228","2002","平成","14","11","10~11","製麺の製造が終ったので製麺機械の下部に落ちた製粉等をエアーガンを用いて吹き飛ばす清掃作業を一人で行っていて、傍にあった電動モーターの駆動用ギヤーチェーンに右手甲を巻込まれた。","1","製造業","101","食料品製造業","10109","その他の食料品製造業","30~49","1","動力機械","16","一般動力機械","165","食品加工用機械","7","はさまれ、巻き込まれ"
"1229","2002","平成","14","11","15~16","屋根しっくい工事を同僚と一緒に軒高6.18mの2階屋根上で行っていて、軒高2.93mの1階屋根部に一度墜落し、さらに地面まで墜落した。","3","建設業","302","建築工事業","30209","その他の建築工事業","1~9","4","仮設物、建築物、構築物等","41","仮設物、建築物、構築物等","415","屋根、はり、もや、けた、合掌","1","墜落、転落"
"1230","2002","平成","14","4","4~5","新聞配達のため県道の道路脇を自転車を押して歩いていたところ、後方から走行してきた乗用車にはねられた。","8","商業","802","小売業","80205","新聞販売業","30~49","2","物上げ装置、運搬機械","23","乗物","231","乗用車、バス、バイク","17","交通事故（道路）"
"1231","2002","平成","14","11","14~15","道路拡幅工事において、水路用溝(深さ1.8m、幅1.2m、延長26m)を掘削して土止め用の鉄板(長さ6.1m、高さ1.5m、厚さ25ミリメートル、質量1.8t)をドラグショベルで降して木片(長さ1.3m及び1m)2つを組み合わせもの一点で仮支えし、もう1枚をつり降ろした後に溝内に入り切梁の長さを測定していたときに、木片の支えが外れて倒れてきた鉄板に頭部を挟まれた。","3","建設業","301","土木工事業","30106","道路建設工事業","1~9","5","物質、材料","52","材料","521","金属材料","5","崩壊、倒壊"
"1232","2002","平成","14","10","2~3","トラックで国道を走行中、前方の4tトラックが左車線に大型車が駐車していたため右車線に車線変更したため追突した。","4","運輸交通業","403","道路貨物運送業","40301","一般貨物自動車運送業","10~29","2","物上げ装置、運搬機械","22","動力運搬機","221","トラック","17","交通事故（道路）"
"1233","2002","平成","14","10","14~15","休止していた水管ボイラーの使用再開の準備中、メインバーナーの着火に2回失敗したので燃料弁を遮断しようとしたときに、ボイラー炉内で爆発が起り煙道側でボイラー外壁ケーシングの取り付け作業をしていた2名が全身火傷を負った。","3","建設業","303","その他の建設業","30302","機械器具設置工事業","1~9","3","その他の装置等","31","圧力容器","311","ボイラー","14","爆発"
"1234","2002","平成","14","10","14~15","休止していた水管ボイラーの使用再開の準備中、メインバーナーの着火に2回失敗したので燃料弁を遮断しようとしたときに、ボイラー炉内で爆発が起り煙道側でボイラー外壁ケーシングの取り付け作業をしていた2名が全身火傷を負った。","3","建設業","303","その他の建設業","30302","機械器具設置工事業","1~9","3","その他の装置等","31","圧力容器","311","ボイラー","14","爆発"
"1235","2002","平成","14","11","10~11","邸宅の改修工事において、高さ約6mの2階屋根上で銅板の取り替え作業を行っていて、休憩を取るため垂直梯子で降りようとしたときに最上段から墜落した。","3","建設業","302","建築工事業","30201","鉄骨・鉄筋コンクリート造家屋建築工事業","1~9","4","仮設物、建築物、構築物等","41","仮設物、建築物、構築物等","413","階段、桟橋","1","墜落、転落"
"1236","2002","平成","14","11","8~9","輸入バイクの販売促進のためのバイク・ツーリングのため顧客4名と国道を走行中、最後尾を走行していてバランスを崩し、車道と歩道の区切りに設けられたコンクリート縁石に激突した。","8","商業","802","小売業","80202","自動車小売業","10~29","2","物上げ装置、運搬機械","23","乗物","231","乗用車、バス、バイク","17","交通事故（道路）"
"1237","2002","平成","14","11","10~11","駐車場管理人が駐車場入り口付近で血を流して倒れているのを通行人が発見し、病院に移送したが意識は回復せず、外傷性くも膜下出血、急性硬膜下出血、脳挫傷、頭皮裂創で死亡した。","17","その他の事業","1702","その他の事業","170209","その他の事業－その他","50~99","4","仮設物、建築物、構築物等","41","仮設物、建築物、構築物等","417","通路","2","転倒"
"1238","2002","平成","14","11","19~20","一部崩壊した道路の危険防止のため、強風により倒れている囲い(プラスチック製)を起こしたのち囲いの中に入り固定する資材を探しているときに、崩壊した穴(6.5×3.1m、深さ1.3m~3.4m)に墜落した。","3","建設業","301","土木工事業","30106","道路建設工事業","10~29","4","仮設物、建築物、構築物等","41","仮設物、建築物、構築物等","419","その他の仮設物、建築物、構築物等","1","墜落、転落"
"1239","2002","平成","14","11","15~16","大型トラックのコンテナ内で、2人で縦積みされていた鉄製フェンス(縦150センチメートル、横2m、厚さ1センチメートル、重さ70キログラム)を1枚ずつ引き出して下ろす作業中に、残り42枚の荷が倒れかかっててきて1名が死亡した。","5","貨物取扱業","502","港湾運送業","50202","港湾荷役業","50~99","6","荷","61","荷","611","荷姿の物","5","崩壊、倒壊"
"1240","2002","平成","14","10","9~10","郵便物の集配のためバイクで走行中、対向車が追い越し途中にバイクを発見して走行車線に戻ろうとハンドルを切ったがハンドル操作が急であったためコントロールを失い、バイク側の車線に侵入してきて衝突された。","11","通信業","1101","通信業","110101","通信業","500~999","2","物上げ装置、運搬機械","23","乗物","231","乗用車、バス、バイク","17","交通事故（道路）"
"1241","2002","平成","14","11","9~10","深さ4.6mのところに据え付けた雨水排水用のヒューム管(直径1.65m)の型枠材(長さ約4m)を地上に上げるため、土止め支保工の切梁上で作業をしていたときに深さ約3.5mの掘削部に墜落した。","3","建設業","301","土木工事業","30199","その他の土木工事業","10~29","4","仮設物、建築物、構築物等","41","仮設物、建築物、構築物等","412","支保工","1","墜落、転落"
"1242","2002","平成","14","11","11~12","射出成形機でプラスチック製のオートバイ用冷却水タンクを製造する工程において、半自動で成形加工作業中に射出成形機と柱との間(30センチメートル)に立ち入ったときに、自動的で水平方向に開閉する金型が開いたため金型の外側と柱との間(15センチメートル)に胸部を挟まれた。","1","製造業","108","化学工業","10805","プラスチック製品製造業","300~499","1","動力機械","16","一般動力機械","164","射出成形機","7","はさまれ、巻き込まれ"
"1243","2002","平成","14","10","7~8","定置網漁場において、船上で定置網の巻上げロープをドラムで巻き上げていたところ、巻上げロープを支える支柱が根元から折れたため巻上げロープと別の柱との間に挟まれた。","7","畜産・水産業","702","水産業","70201","漁業","1~9","3","その他の装置等","37","用具","379","その他の用具","7","はさまれ、巻き込まれ"
"1244","2002","平成","14","11","8~9","ワゴン車で国道を走行中、センターラインから反対車線側の工事用バリケードを越えて進入し、丁張りかけを行っていた作業者を跳ねた。","3","建設業","301","土木工事業","30106","道路建設工事業","10~29","2","物上げ装置、運搬機械","23","乗物","231","乗用車、バス、バイク","18","交通事故（その他）"
"1245","2002","平成","14","11","16~17","病院のトイレ専用棟の増築工事において、トイレ専用棟の鉄骨にデッキプレートを設置するため、鉄骨の外部に取り付けた昇降用タラップを移動中に約13m下のコンクリートの階段に墜落した。","3","建設業","302","建築工事業","30201","鉄骨・鉄筋コンクリート造家屋建築工事業","1~9","4","仮設物、建築物、構築物等","41","仮設物、建築物、構築物等","418","建築物、構築物","1","墜落、転落"
"1246","2002","平成","14","11","9~10","工事現場の交通誘導を行っていて、何らかの理由でドラグショベル後方に立ち入ったためバックしてきたドラグショベルに轢かれた。","17","その他の事業","1702","その他の事業","170201","警備業","50~99","1","動力機械","14","建設機械等","142","掘削用機械","7","はさまれ、巻き込まれ"
"1247","2002","平成","14","11","11~12","下水道新設工事において、ボックスカルバートの内部型枠を脱型しているときに、管路のために空けられている横開口部(幅2.3m、高さ1.8m)から約6.4立方メートルの埋め戻してあった土砂が入り込み、作業員2名が生き埋めとなり1名が死亡した。","3","建設業","301","土木工事業","30110","上下水道工事業","1~9","5","物質、材料","52","材料","523","石、砂、砂利","5","崩壊、倒壊"
"1248","2002","平成","14","11","14~15","農業用水路内の清掃作業に使用した不整地運搬車(最大積載量850キログラム)を撤収するため後進しているときに、後方の水路横断管(鋼管製・直径35センチメートル)に運転席が激突し、運転席前方の荷台と前傾した座席との間に挟まれた。","15","清掃・と畜業","1501","清掃・と畜業","150109","その他の清掃・と畜業","10~29","2","物上げ装置、運搬機械","22","動力運搬機","227","不整地運搬車","7","はさまれ、巻き込まれ"
"1249","2002","平成","14","2","7~8","事業所のワゴン車2台で工事現場に向けて国道を走行中、ゆるやかなカーブで先頭車が対向のダンプトラックと衝突し、ワゴン車の2列目に乗っていた者が死亡した。","3","建設業","302","建築工事業","30201","鉄骨・鉄筋コンクリート造家屋建築工事業","10~29","2","物上げ装置、運搬機械","22","動力運搬機","221","トラック","17","交通事故（道路）"
"1250","2002","平成","14","10","14~15","2名で立木の伐倒作業を行っていたところかかり木となったので、木に玉掛けワイヤーを掛け機械集材装置で引き倒し作業を行うため機械集材装置の運転手に無線で「巻き」の合図をしていたときに、かかり木が倒れ伐倒した場所から約35m離れて合図していた者に激突した。","6","農林業","602","林業","60201","木材伐出業","1~9","2","物上げ装置、運搬機械","21","動力クレーン等","217","機械集材装置、運材索道","6","激突され"
"1251","2002","平成","14","10","3~4","湾沖で巻き網作業を行っていた船の乗組員が巻上げドラムを操作して網の巻上げ作業をしていたときに、巻上げドラムとドラムに巻きつけたワイヤロープとの間に上半身を巻き込まれた。","7","畜産・水産業","702","水産業","70201","漁業","10~29","2","物上げ装置、運搬機械","21","動力クレーン等","219","その他の動力クレーン等","7","はさまれ、巻き込まれ"
"1252","2002","平成","14","11","11~12","圧縮梱包されたポリエステル綿(質量170キログラム)を工場から倉庫へフォークリフトで4個づつ運んで12個を1ブロックとするはい積み作業を行っていて、フォークリフトから降りて次のはい積みの準備をしているときにはい積みしたブロックが崩れてその下敷きになった。","1","製造業","108","化学工業","10802","化学繊維製造業","50~99","6","荷","61","荷","611","荷姿の物","5","崩壊、倒壊"
"1253","2002","平成","14","10","21~22","自動車用電池の組立工程において、電池のケースに電極をセットする機械の回転アームとフレームとの間に胸部を挟まれた。","1","製造業","114","電気機械器具製造業","11409","その他の電気機械器具製造業","500~999","1","動力機械","16","一般動力機械","169","その他の一般動力機械","7","はさまれ、巻き込まれ"
"1254","2002","平成","14","10","15~16","8階傾斜屋根の防水シート貼り作業中、7階屋根の吹抜部分から1階床まで墜落した。","3","建設業","302","建築工事業","30209","その他の建築工事業","1~9","4","仮設物、建築物、構築物等","41","仮設物、建築物、構築物等","414","開口部","1","墜落、転落"
"1255","2002","平成","14","10","15~16","倉庫内で可搬式の昇降装置を用いて2段ラック最上段(高さ3.5m)に置かれた商品を取り出す作業で、取り出した商品とともに搬器で下降中に搬器から墜落した。","8","商業","804","その他の商業","80401","倉庫業","10~29","2","物上げ装置、運搬機械","21","動力クレーン等","219","その他の動力クレーン等","1","墜落、転落"
"1256","2002","平成","14","11","14~15","邸宅の解体工事において、養生ネットを張るため設置していた丸太を解体lしていて約5mの高さから墜落した。","3","建設業","302","建築工事業","30209","その他の建築工事業","30~49","4","仮設物、建築物、構築物等","41","仮設物、建築物、構築物等","419","その他の仮設物、建築物、構築物等","1","墜落、転落"
"1257","2002","平成","14","3","1~2","タクシー乗務中に、乗客にナイフで刺されたので車外に逃げ出したが、さらに首・背中を刺されて死亡した。","4","運輸交通業","402","道路旅客運送業","40201","ハイヤー・タクシー業","100~299","9","その他","91","その他の起因物","911","その他の起因物","90","その他"
"1258","2002","平成","14","2","15~16","2tトラックで国道を走行中、対向車線を走行してきたバンと衝突した。","4","運輸交通業","403","道路貨物運送業","40301","一般貨物自動車運送業","10~29","2","物上げ装置、運搬機械","22","動力運搬機","221","トラック","17","交通事故（道路）"
"1259","2002","平成","14","12","9~10","同僚が手運搬をしてきた受水槽パネルの仕分け状況を確認するため1階の開口部養生用の蓋の上を歩行中に、蓋がずれたため地下1階コンクリート床へ墜落した。","3","建設業","302","建築工事業","30209","その他の建築工事業","1~9","4","仮設物、建築物、構築物等","41","仮設物、建築物、構築物等","414","開口部","1","墜落、転落"
"1260","2002","平成","14","12","21~22","トラックで運転計画にそって配送業務中、交差点で信号待ちしていた大型ダンプカーに追突した。","4","運輸交通業","403","道路貨物運送業","40301","一般貨物自動車運送業","50~99","2","物上げ装置、運搬機械","22","動力運搬機","221","トラック","17","交通事故（道路）"
"1261","2002","平成","14","8","0~1","石油会社の構内において、20tトレーラーで運ばれてきたコンテナ内の「白土」の袋(20キログラム)をフォークリフトで倉庫へ移動させる作業中、急に気分が悪くなったので救急車で病院に移送したが死亡した。","5","貨物取扱業","502","港湾運送業","50201","一般港湾運送業","10~29","7","環境等","71","環境等","715","高温・低温環境","11","高温・低温の物との接触"
"1262","2002","平成","14","8","13~14","4階建物の新築工事において、鉄骨組立終了後のボルト締めのため、ボルトの入ったダンボールを担いで4階の東側に設置されていた階段から降りる途中で階段下のデッキプレートを布設していない箇所から地面に墜落した。","3","建設業","302","建築工事業","30201","鉄骨・鉄筋コンクリート造家屋建築工事業","1~9","4","仮設物、建築物、構築物等","41","仮設物、建築物、構築物等","418","建築物、構築物","1","墜落、転落"
"1263","2002","平成","14","9","7~8","製鉄所の転炉に附属するサイドドアの開閉に異常が認められたため点検したところ、ドアに地金(銑鉄の固まり)が挟まっていたことが判明したのでドアの隙間に入り込んで地金を除去したときに、障害となっていた地金が取り除かれたことからサイドドアが動き出してドアに挟まれた。","1","製造業","110","鉄鋼業","11001","製鉄・製鋼・圧延業","1000~9999","3","その他の装置等","34","炉窯等","341","炉、窯","7","はさまれ、巻き込まれ"
"1264","2002","平成","14","9","13~14","木造住宅新築工事において、2階桁上でクレーンで吊っている床合板を受けようとしたところ、床合板を結束していたナイロンスリングが切れて床合板が落下し、足場の歩み板に当たって方向を変えたため右足に当たった反動で1階へ墜落した。","3","建設業","302","建築工事業","30202","木造家屋建築工事業","1~9","6","荷","61","荷","611","荷姿の物","6","激突され"
"1265","2002","平成","14","9","14~15","タンク(高さ19.37m、直径14.44m)の内部を手持ち式のショットブラストで研磨中、タンク内部側面に設置された足場の6段目(高さ9.3m)から墜落した。","17","その他の事業","1702","その他の事業","170209","その他の事業－その他","1~9","4","仮設物、建築物、構築物等","41","仮設物、建築物、構築物等","411","足場","1","墜落、転落"
"1266","2002","平成","14","10","10~11","製鉄所の冷間圧延工場において、食事休憩をとるため天井クレーンの運転室から同僚が運転する同一ランウェイ上の他の天井クレーン(25t)のサドル部分を経て建屋に設けられた乗降口まで移動しようとして、クレーンと建屋の柱(若しくは筋かい)との間に挟まれた。","1","製造業","110","鉄鋼業","11001","製鉄・製鋼・圧延業","500~999","2","物上げ装置、運搬機械","21","動力クレーン等","211","クレーン","7","はさまれ、巻き込まれ"
"1267","2002","平成","14","7","3~4","トレーラーで高速道を走行中、後方から来た大型トラックに追突され弾みでトレーラーが道路左側の壁に衝突して横転した。","4","運輸交通業","403","道路貨物運送業","40301","一般貨物自動車運送業","10~29","2","物上げ装置、運搬機械","22","動力運搬機","221","トラック","17","交通事故（道路）"
"1268","2002","平成","14","10","10~11","自動車整備工場において、部品交換のためジャッキを使用して乗用車の前部を約60センチメートル上昇させ車の下に入って作業をしていたところ、ジャッキが車から外れたため上半身が車の下敷きとなった。","1","製造業","117","その他の製造業","11701","自動車整備業","1~9","2","物上げ装置、運搬機械","23","乗物","231","乗用車、バス、バイク","7","はさまれ、巻き込まれ"
"1269","2002","平成","14","9","11~12","瓦の取替え作業に使用する瓦を屋根の上に準備する作業中に、体勢を崩して高さ3.8mの屋根の上から墜落した。","3","建設業","302","建築工事業","30202","木造家屋建築工事業","1~9","4","仮設物、建築物、構築物等","41","仮設物、建築物、構築物等","415","屋根、はり、もや、けた、合掌","1","墜落、転落"
"1270","2002","平成","14","10","13~14","浄化槽の設置工事において、深さ約2mの明かり掘削溝内で掘削底の補強を行うため角材を設置していたときに、掘削面の土砂が幅2.6m、奥行0.6m、高さ2.3mに亘って崩壊し胸部まで埋まった。","3","建設業","303","その他の建設業","30302","機械器具設置工事業","1~9","7","環境等","71","環境等","711","地山、岩石","5","崩壊、倒壊"
"1271","2002","平成","14","10","11~12","新しいU字溝の敷設(総延長約1000m)工事において、掘削した箇所(深さ約70センチメートル)に木の根が見えたので切断していたときに、擁壁が倒壊して腹部を挟まれた。","3","建設業","301","土木工事業","30199","その他の土木工事業","30~49","4","仮設物、建築物、構築物等","41","仮設物、建築物、構築物等","418","建築物、構築物","5","崩壊、倒壊"
"1272","2002","平成","14","11","8~9","作業場に搬入した鉄骨材をトラックに積み込む作業で、鋼材を連結していたボルトを外したときに、鋼材のバランスが崩れて70センチメートル下の地面に落下し、地上でしゃがんだ姿勢で別の鋼材の溶断作業をしていた者の背中に激突した。","1","製造業","112","金属製品製造業","11209","その他の金属製品製造業","1~9","5","物質、材料","52","材料","521","金属材料","4","飛来、落下"
"1273","2002","平成","14","11","11~12","採石山において、次の発破の前作業としてドラグショベルで地面を均していたときに、岩盤が掘削面からはがれてドラグショベルを直撃し運転者が運転室内で押し潰された。","2","鉱業","202","土石採取業","20201","採石業","1~9","7","環境等","71","環境等","711","地山、岩石","5","崩壊、倒壊"
"1274","2002","平成","14","6","2~3","2.7t普通貨物自動車で高速道路を走行中、前方で発生した事故渋滞のため停止していた大型貨物自動車に追突し、さらに走行車線に停止中の2台の大型貨物自動車に衝突した。","4","運輸交通業","403","道路貨物運送業","40301","一般貨物自動車運送業","50~99","2","物上げ装置、運搬機械","22","動力運搬機","221","トラック","17","交通事故（道路）"
"1275","2002","平成","14","11","22~23","自動車道の上り線に停車していたパトロール車に、後方より走行してきた10tトラックが衝突しパトロール車に乗車していた警備員2名が死亡した。","17","その他の事業","1702","その他の事業","170201","警備業","100~299","2","物上げ装置、運搬機械","22","動力運搬機","221","トラック","17","交通事故（道路）"
"1276","2002","平成","14","10","15~16","自動車道の上り線に停車していたパトロール車に、後方より走行してきた10tトラックが衝突しパトロール車に乗車していた警備員2名が死亡した。","17","その他の事業","1702","その他の事業","170201","警備業","100~299","2","物上げ装置、運搬機械","22","動力運搬機","221","トラック","17","交通事故（道路）"
"1277","2002","平成","14","11","22~23","10建マンションのベランダ改修工事において、足場(19層目)の交さ筋かいに安全帯をかけメッシュ製養生シート(質量4.5キログラム)5枚をロープで引き上げていたときに、交さ筋かいが交差部で折れたため27.7m下のコンクリート屋根に墜落した。","3","建設業","302","建築工事業","30201","鉄骨・鉄筋コンクリート造家屋建築工事業","1~9","4","仮設物、建築物、構築物等","41","仮設物、建築物、構築物等","411","足場","1","墜落、転落"
"1278","2002","平成","14","11","16~17","下水管埋設工事において、振動コンパクターを使用して路盤砕石の転圧をしていたときに、後方から方向転換をするため後退してきた2tダンプと振動コンパクターのレバーとの間に挟まれた。","3","建設業","301","土木工事業","30110","上下水道工事業","100~299","2","物上げ装置、運搬機械","22","動力運搬機","221","トラック","7","はさまれ、巻き込まれ"
"1279","2002","平成","14","10","23~24","片側2車線のうち内側1車線をコーンで通行規制して中央分離帯脇の排水溝の清掃作業を行っているところの交通監視中、工事区域内(規制車線内)で待機していた2tダンプトラックが背後から走行してきて轢かれた。","17","その他の事業","1702","その他の事業","170201","警備業","50~99","2","物上げ装置、運搬機械","22","動力運搬機","221","トラック","17","交通事故（道路）"
"1280","2002","平成","14","11","10~11","1階のオートリールローダ(印刷機に給紙する装置)の巻取部に給紙ロール(直径85センチメートル、長さ117センチメートル、質量約1t)を半自動操作で装着するときに、給紙ロールを巻取部まで上昇させるリフターが所定の高さで停止しなかったため上部ロールに激突し、そのはずみでリフターから給紙ロールが落下し(高さ約12センチメートル)後方のオートリールローダの給紙ロールとの間に挟まれた。","1","製造業","107","印刷・製本業","10701","印刷業","100~299","1","動力機械","16","一般動力機械","166","印刷用機械","7","はさまれ、巻き込まれ"
"1281","2002","平成","14","11","14~15","産業廃棄物(金属くず等)をフォークリフトで回収してダンプに積みフォークリフトをバックしたところ、フォークリフトの爪(高さ2.55m)から金属製コンテナ(112キログラム)が落下して胸に激突し、激突した衝撃で後ろに転倒した。","15","清掃・と畜業","1501","清掃・と畜業","150102","産業廃棄物処理業","1~9","6","荷","61","荷","611","荷姿の物","4","飛来、落下"
"1282","2002","平成","14","11","12~13","鉄橋塗装工事用の足場を設置するため、電車運転終了後に同僚とともにトロッコに資材を積んで鉄橋の上り線のレール上を進んでいたときに、鉄橋中央付近で上り線と下り線のレールの間から約12m下の河原に墜落した。","3","建設業","302","建築工事業","30209","その他の建築工事業","1~9","4","仮設物、建築物、構築物等","41","仮設物、建築物、構築物等","414","開口部","1","墜落、転落"
"1283","2002","平成","14","10","11~12","擁壁新設場所周辺の伐木作業が終了し、斜面直下の道路上においてチェーンソーで玉切を行っていたところ、山の斜面上に引っかかった状態となっていた伐倒木が滑動してきて頭部に落下した。","3","建設業","301","土木工事業","30199","その他の土木工事業","1~9","7","環境等","71","環境等","712","立木等","4","飛来、落下"
"1284","2002","平成","14","11","9~10","JR線の高圧電線の張り替え工事において、張り替えない電線に絶縁防護管を取り付けているときに、誤って左膝が1500Vの活線に触れて感電した。","3","建設業","303","その他の建設業","30301","電気通信工事業","30~49","3","その他の装置等","35","電気設備","351","送配電線等","13","感電"
"1285","2002","平成","14","11","15~16","事務所で打合せたのち構内を移動するために使用している乗用車で現場に戻り、岸壁付近に駐車しようとしたときに車ごと海中へ転落した。","1","製造業","115","輸送用機械等製造業","11501","造船業","500~999","2","物上げ装置、運搬機械","23","乗物","231","乗用車、バス、バイク","1","墜落、転落"
"1286","2002","平成","14","9","11~12","屋根瓦の葺き替え工事において、瓦揚げ機(タワー)で2階屋根上に揚げた瓦2束(1束は瓦4枚、1枚2.8キログラム)を抱えて屋根上に配置しているときに、1階屋根上に転落しさらに地面に転落した。","3","建設業","302","建築工事業","30202","木造家屋建築工事業","1~9","4","仮設物、建築物、構築物等","41","仮設物、建築物、構築物等","415","屋根、はり、もや、けた、合掌","1","墜落、転落"
"1287","2002","平成","14","11","9~10","鋼矢板を引き抜く作業で、バイブロハンマーを鋼矢板に差し込み油圧チャックを締めずにバイブロハンマーの起動スイッチを入れたため、バイブロハンマーが起振してクローラークレーンのフックから外れて作業者の上に倒れた。","3","建設業","301","土木工事業","30199","その他の土木工事業","1~9","1","動力機械","14","建設機械等","143","基礎工事用機械","4","飛来、落下"
"1288","2002","平成","14","11","21~22","コーヒーの抽出作業で、抽出したコーヒーを貯めるためのステンレス製ストレージタンク(高さ約2.5m、直径2m、容量5.63立方メートル)の中に誤って落とした柄杓を拾うため、タンク内の仮洗浄後にタンク内へ入ったところそのまま倒れた。","1","製造業","101","食料品製造業","10109","その他の食料品製造業","100~299","5","物質、材料","51","危険物、有害物等","519","その他の危険物、有害物等","12","有害物等との接触"
"1289","2002","平成","14","11","18~19","トラックに荷物を積んで走行中、赤信号のため停車していた大型10tトラックに追突した。","4","運輸交通業","403","道路貨物運送業","40301","一般貨物自動車運送業","10~29","2","物上げ装置、運搬機械","22","動力運搬機","221","トラック","17","交通事故（道路）"
"1290","2002","平成","14","10","16~17","宿泊する予定のホテルに向けて乗用車で国道を走行中、左カーブを曲がりきれずに車がスピンして対向車線にはみだし、前方より来た乗用車と衝突した。","12","教育・研究業","1201","教育・研究業","120109","その他の教育研究業","10~29","2","物上げ装置、運搬機械","23","乗物","231","乗用車、バス、バイク","17","交通事故（道路）"
"1291","2002","平成","14","11","11~12","収穫機によるビートの収獲作業で、ビートを運ぶコンベアーにビートの葉、茎、土が付着したので、コンベアーを止め専用の工具で付着物を取り除いていたところ、収穫機より100m以上離れたところで収獲機が取りこぼしたビートの収拾作業を行っていた者が収獲機に近づいてきてシャフトに上着を巻込まれて左上腕部が切断された。","6","農林業","601","農業","60101","農業","1~9","1","動力機械","16","一般動力機械","169","その他の一般動力機械","7","はさまれ、巻き込まれ"
"1292","2002","平成","14","11","18~19","現場作業が終了して帰社する途中で車が故障したので、元請の車で牽引し始めたところ故障車を運転しようとしていた者が故障車に轢かれた。","3","建設業","302","建築工事業","30203","建築設備工事業","1~9","2","物上げ装置、運搬機械","23","乗物","231","乗用車、バス、バイク","17","交通事故（道路）"
"1293","2002","平成","14","11","17~18","バイクによる郵便配達で、不規則なT字型交差点を右折しようとしたときに、対向車線を直進してきた2人乗りの自動二輪車と衝突し約10m飛ばされた。","11","通信業","1101","通信業","110101","通信業","100~299","2","物上げ装置、運搬機械","23","乗物","231","乗用車、バス、バイク","17","交通事故（道路）"
"1294","2002","平成","14","11","8~9","床上操作式天井クレ-ン(つり上げ荷重2.5t)で工場で製作した建築部材(梁、質量約317キログラム、長さ4.58m)をトレーラーに積み込む作業で、クランプで1点吊りして運搬中にバランスが崩れて運転者に当たったため、転倒してコンクリート床で頭部を打った。","1","製造業","112","金属製品製造業","11209","その他の金属製品製造業","1~9","3","その他の装置等","37","用具","372","玉掛用具","4","飛来、落下"
"1295","2002","平成","14","11","10~11","ブルドーザーでバックしたときに、トドマツ(長さ18m、胸高直径28センチメートル)のかかり木にブルドーザーの後部が接触してかかり木が倒れたので、それを見た他の作業員が「あぶない」と叫んだので運転者がブルドーザーのキャビンから顔を出したときに、かかり木が頭部に当たった。","6","農林業","602","林業","60201","木材伐出業","10~29","1","動力機械","14","建設機械等","141","整地・運搬・積込み用機械","4","飛来、落下"
"1296","2002","平成","14","11","16~17","客先での営業を終えてトラックで走行中、前方の追突事故を目撃して減速した乗用車に追突し、さらに前方の事故車両に衝突して横転した。","8","商業","801","卸売業","80109","その他の卸売業","1~9","2","物上げ装置、運搬機械","22","動力運搬機","221","トラック","17","交通事故（道路）"
"1297","2002","平成","14","11","16~17","工事終了間際に、ドラグショベルのライトの前で作業日報を記入していたときに、4tトラックがバックしてきたため荷台とドラグショベルのタイヤとの間に挟まれた。","3","建設業","301","土木工事業","30110","上下水道工事業","30~49","2","物上げ装置、運搬機械","22","動力運搬機","221","トラック","7","はさまれ、巻き込まれ"
"1298","2002","平成","14","11","19~20","大学の観光旅行のためバスを運転して走行中、対向の乗用車がガードレールにぶつかった反動で中央線をはみ出してきてバスと衝突し、バスは弾みで跨線橋のガードレールを突き破り約10m下の線路上に転落した。","4","運輸交通業","402","道路旅客運送業","40202","バス業","10~29","2","物上げ装置、運搬機械","23","乗物","231","乗用車、バス、バイク","17","交通事故（道路）"
"1299","2002","平成","14","10","18~19","24tトレーラーに玉ねぎ(20t)を積んで自動車道を走行中、左カーブで道路右側のガードレールに衝突して横転した。","4","運輸交通業","403","道路貨物運送業","40301","一般貨物自動車運送業","10~29","2","物上げ装置、運搬機械","22","動力運搬機","221","トラック","17","交通事故（道路）"
"1300","2002","平成","14","11","15~16","鉄骨6階建の構造補強及びエレベータの新設工事において、エレベータ・シャフトの上端(地上1570センチメートル)の鉄骨梁上で鉄骨の溶接作業中、バランスを崩して1680センチメートル下の地下エレベーターピットに墜落した。","17","その他の事業","1702","その他の事業","170209","その他の事業－その他","1~9","4","仮設物、建築物、構築物等","41","仮設物、建築物、構築物等","418","建築物、構築物","1","墜落、転落"
"1301","2002","平成","14","11","15~16","乗用車で自動車道を走行中、走行車線を走行中のトレーラーに追突した。","17","その他の事業","1702","その他の事業","170209","その他の事業－その他","500~999","2","物上げ装置、運搬機械","23","乗物","231","乗用車、バス、バイク","17","交通事故（道路）"
"1302","2002","平成","14","11","15~16","下水道管布設工事において、簡易舗装のための砕石を2t積ダンプから投入しているとき、別の2tダンプで待機中の者が砕石投入中のダンプに近づき、下降してきた荷台と車体との間に挟まれた。","3","建設業","301","土木工事業","30110","上下水道工事業","10~29","2","物上げ装置、運搬機械","22","動力運搬機","221","トラック","7","はさまれ、巻き込まれ"
"1303","2002","平成","14","11","15~16","50ccのバイクで新聞の配達中、市道の交差点(4差路)で対向の乗用車に正面衝突した。","8","商業","802","小売業","80205","新聞販売業","10~29","2","物上げ装置、運搬機械","23","乗物","231","乗用車、バス、バイク","17","交通事故（道路）"
"1304","2002","平成","14","11","16~17","パスタ製造室の蛍光灯増設工事において、蛍光灯機器を取付け後に別の蛍光灯(100V)から配線し圧着ペンチで圧着したときに、感電して約1m下のクーラー設備用配管上に転落した。","3","建設業","303","その他の建設業","30301","電気通信工事業","1~9","3","その他の装置等","35","電気設備","351","送配電線等","13","感電"
"1305","2002","平成","14","11","10~11","市道の側溝設置工事において、溝内(深さ65センチメートル)でスコップを使って掘削した土をドラグ・ショベルのバケットに入れる作業中、ドラグ・ショベル運転者が運転席に乗り込み中腰で安全ロックを解除したときに、着ていた雨衣が旋回レバーに引っかかったため、上部旋回体が旋回しバケットと溝脇の擁壁との間に挟まれた。","3","建設業","301","土木工事業","30106","道路建設工事業","1~9","1","動力機械","14","建設機械等","142","掘削用機械","6","激突され"
"1306","2002","平成","14","10","14~15","自動車道の保全工事において、規制区域内で行っている樹木剪定、除草、排水溝・集水マス清掃等の安全確保のために旗振りをしていた者をバキューム車が巻き込んだ。","3","建設業","301","土木工事業","30199","その他の土木工事業","30~49","2","物上げ装置、運搬機械","22","動力運搬機","221","トラック","7","はさまれ、巻き込まれ"
"1307","2002","平成","14","10","7~8","ペットボトルの中間生産品を整形する射出成形ラインで、射出成形ラインに組み込まれた製品取り出し機のマニプレータと射出成形機の金型部分との間に頭部を挟まれた。","1","製造業","108","化学工業","10805","プラスチック製品製造業","300~499","1","動力機械","16","一般動力機械","169","その他の一般動力機械","7","はさまれ、巻き込まれ"
"1308","2002","平成","14","3","11~12","7階建の雑居ビル(高さ約26.5m)の窓の清掃のため、ブランコ作業の準備を行っていて屋上から墜落した。","15","清掃・と畜業","1501","清掃・と畜業","150101","ビルメンテナンス業","1~9","4","仮設物、建築物、構築物等","41","仮設物、建築物、構築物等","415","屋根、はり、もや、けた、合掌","1","墜落、転落"
"1309","2002","平成","14","8","16~17","小学校の大規模改造工事において、トラックから足場部材を降ろす作業を行っていた者が身体の不調(足がつる症状)を訴えたため、病院に移送したが熱中症により死亡した。","3","建設業","302","建築工事業","30201","鉄骨・鉄筋コンクリート造家屋建築工事業","10~29","7","環境等","71","環境等","715","高温・低温環境","11","高温・低温の物との接触"
"1310","2002","平成","14","10","13~14","トラクターショベル(機体質量2560キログラム)でゴルフコースのグリーンに目土を入れているときに、斜面(傾斜が15度から30度)でトラクターショベルが横転し下敷きになった。","17","その他の事業","1702","その他の事業","170209","その他の事業－その他","1~9","1","動力機械","14","建設機械等","141","整地・運搬・積込み用機械","1","墜落、転落"
"1311","2002","平成","14","4","8~9","工場内の各生産機械から出たダンボール屑を空気搬送で集める槽(モールド)の詰りを取り除いているときに、モールド内に転落しダンボール屑とともにダンボール屑を締め固める部分に落下し、油圧シリンダによって全身を圧迫された。","1","製造業","106","パルプ・紙・紙加工品製造業","10602","紙加工品製造業","50~99","1","動力機械","16","一般動力機械","169","その他の一般動力機械","7","はさまれ、巻き込まれ"
"1312","2002","平成","14","11","9~10","空調機修理の打合せのため乗用車で国道を走行中、反対車線を走行していた大型トラックが中央車線を越えてきて正面衝突した。","17","その他の事業","1702","その他の事業","170209","その他の事業－その他","30~49","2","物上げ装置、運搬機械","22","動力運搬機","221","トラック","17","交通事故（道路）"
"1313","2002","平成","14","11","0~1","住宅総合展示場の高さ約7mの看板の貼り替え作業において、高さ3.7mの足場作業床から墜落して頭部を激突した。","17","その他の事業","1702","その他の事業","170209","その他の事業－その他","1~9","4","仮設物、建築物、構築物等","41","仮設物、建築物、構築物等","411","足場","1","墜落、転落"
"1314","2002","平成","14","6","8~9","雨が降っていたので会社事務所で待機中に、責任者から近くのコンビニエンスストアで缶コーヒーを買ってくるよう指示され、買いに行ったときにストアのトイレで転倒して頭部を激突した。","3","建設業","301","土木工事業","30110","上下水道工事業","1~9","4","仮設物、建築物、構築物等","41","仮設物、建築物、構築物等","417","通路","2","転倒"
"1315","2002","平成","14","9","15~16","顧客先を訪問するため会社の乗用車で走行中、左カーブでセンターラインを約40センチメートルはみ出したときに、対向の2tミキサー車も約20センチメートルセンターラインをはみ出してきて正面衝突した。","8","商業","802","小売業","80202","自動車小売業","10~29","2","物上げ装置、運搬機械","23","乗物","231","乗用車、バス、バイク","17","交通事故（道路）"
"1316","2002","平成","14","10","13~14","線路沿いの電柱の支線を設置する工事において、作業箇所へ向うため線路を上り線から下り線の方へ横切っているとき、上り線と下り線の間に張ってある高さ約60センチメートルのロープに引っ掛かって転倒し電車に轢かれた。","3","建設業","301","土木工事業","30104","鉄道軌道建設工事業","1~9","2","物上げ装置、運搬機械","23","乗物","232","鉄道車両","7","はさまれ、巻き込まれ"
"1317","2002","平成","14","10","8~9","ドラグショベル(機体質量12t)のバケットに取り付けられたフックにワイヤーロープを掛けてコンプレッサーを吊り上げ移動しようとしたときに、ショベルが転倒して運転席から投げ出され頭部を挟まれた。","3","建設業","301","土木工事業","30106","道路建設工事業","10~29","1","動力機械","14","建設機械等","142","掘削用機械","2","転倒"
"1318","2002","平成","14","7","9~10","一般住宅の黒松(高さ2m50センチメートル)の剪定作業中、脚立(三脚式)上でバランスを崩して高さ約2m下のアスファルト舗装の道路に墜落した。","6","農林業","601","農業","60101","農業","1~9","3","その他の装置等","37","用具","371","はしご等","1","墜落、転落"
"1319","2002","平成","14","8","8~9","伐根等のゴミ焼却施設敷地内において、ドラグ・ショベルで金属等の選別作業を行っているときに、集積していた雑木等ゴミの斜面からショベルごと転落して運転席から投げ出され下敷きになった。","6","農林業","602","林業","60201","木材伐出業","1~9","2","物上げ装置、運搬機械","22","動力運搬機","229","その他の動力運搬機","1","墜落、転落"
"1320","2002","平成","14","9","9~10","石材加工場において、屋根上にある給水タンクのフロートの状態を確認するためスレート葺きの屋根に登ったときに、棟部分に葺かれた金属板から足を踏み外して明り取り用の樹脂製波板を踏み抜き工場内に墜落した。","1","製造業","109","窯業土石製品製造業","10909","その他の土石製品製造業","1~9","4","仮設物、建築物、構築物等","41","仮設物、建築物、構築物等","415","屋根、はり、もや、けた、合掌","9","踏み抜き"
"1321","2002","平成","14","12","4~5","ダムの工事現場に資材を運搬するトラック(4t車)がダム近くで脱輪したと会社に電話があり、会社からトラック2台が出て救出し3台で帰社する途中、1台のトラックが反対車線にはみ出して対向の10tダンプと正面衝突した。","4","運輸交通業","403","道路貨物運送業","40301","一般貨物自動車運送業","10~29","2","物上げ装置、運搬機械","22","動力運搬機","221","トラック","17","交通事故（道路）"
"1322","2002","平成","14","11","10~11","同僚3名と上架した漁船を所定の箇所まで移動する横取り作業で、ウインチのスプールに横取りワイヤロープ中間部を巻付けてワイヤロープを巻取っているときに、定滑車を固定していた台付けワイヤロープが切断し、その反動で横取りワイヤロープが跳ねて頭部に激突した。","1","製造業","115","輸送用機械等製造業","11501","造船業","30~49","2","物上げ装置、運搬機械","22","動力運搬機","223","軌道装置","6","激突され"
"1323","2002","平成","14","11","4~5","水銀を含む汚泥を焙焼する処理装置において、ガスをシャワーリングする工程で強酸(PH2)となった洗浄水が入った送水タンク(容量1000L)にPH調整のため大量の苛性ソーダ(粒状)を投入したところ、洗浄水と苛性ソーダが急激に反応して爆発的に噴出し全身に浴びた。","15","清掃・と畜業","1501","清掃・と畜業","150102","産業廃棄物処理業","100~299","5","物質、材料","51","危険物、有害物等","514","有害物","12","有害物等との接触"
"1324","2002","平成","14","11","16~17","土木工事を終えて元請現場責任者1名を含む5名が下山を開始したが、下山途中に1名の具合が悪くなったので下山をいったん中断し様子を見ていたが死亡したものと推定し、その者を置いて下山を再開した。しかし、腰までの積雪のため身動きが取れなくなり、翌日にヘリコプターで救助されるまで遭難状態となった。","3","建設業","301","土木工事業","30199","その他の土木工事業","10~29","7","環境等","71","環境等","715","高温・低温環境","11","高温・低温の物との接触"
"1325","2002","平成","14","11","14~15","工場天井付近の内部足場解体作業中に、足場から約10m下の工場床面まで墜落した。","3","建設業","302","建築工事業","30209","その他の建築工事業","10~29","4","仮設物、建築物、構築物等","41","仮設物、建築物、構築物等","411","足場","1","墜落、転落"
"1326","2002","平成","14","7","7~8","塩化ビニールパイプの荷を積んだトラック2台で県道を走行中、交差点で後方を走行していたトラックが信号待ちしていた同僚の運転するトラックに追突し、同僚は全身打撲で死亡した。","4","運輸交通業","403","道路貨物運送業","40301","一般貨物自動車運送業","50~99","2","物上げ装置、運搬機械","22","動力運搬機","221","トラック","17","交通事故（道路）"
"1327","2002","平成","14","11","16~17","木造3階建て分譲住宅の建方作業で、屋根の下地を張る作業を終了して片づけをしているときに、3階屋根より約9m下に墜落した。","3","建設業","302","建築工事業","30202","木造家屋建築工事業","30~49","4","仮設物、建築物、構築物等","41","仮設物、建築物、構築物等","418","建築物、構築物","1","墜落、転落"
"1328","2002","平成","14","4","17~18","フォークリフト(最大荷重0.43t)で入荷商品を所定の棚に収納していて、パレットと3段目棚板(高さ3.2m)を跨いで缶詰の箱(約20キログラム)の積替えをしていたときに、バランスを崩してコンクリート床に墜落した。","8","商業","801","卸売業","80109","その他の卸売業","10~29","2","物上げ装置、運搬機械","22","動力運搬機","222","フォークリフト","1","墜落、転落"
"1329","2002","平成","14","11","11~12","公民館ホールの屋根(勾配約32度、鋼板横葺)の塗装工事において、塗装作業前に高圧洗浄機で屋根の洗浄作業を2名で行っていたが、親綱の長さが足りなくなったため伸ばそうと思って、反対側の屋根の雪止めに向かって移動していたときに足を滑らせ約10m下の地上に落下した。","3","建設業","302","建築工事業","30209","その他の建築工事業","1~9","4","仮設物、建築物、構築物等","41","仮設物、建築物、構築物等","415","屋根、はり、もや、けた、合掌","1","墜落、転落"
"1330","2002","平成","14","11","16~17","テント倉庫内で、ベニヤ板(100枚束、質量約1t)の間に万棒(荷と荷の間に入れる隙間用角材)を入れるため待機していたときに、後方で別のベニヤ板を運ぶため持ち上げたフォークリフトの爪がベニヤ板の束に引っ掛かったためベニヤ板の束が落下して下敷きになった。","8","商業","804","その他の商業","80401","倉庫業","30~49","5","物質、材料","52","材料","522","木材、竹材","4","飛来、落下"
"1331","2002","平成","14","11","13~14","ビル設備管理を行っている者が工事の立会いで出勤したが勤務終了時間になっても戻らないため探したところ、隣接する建物の敷地内で倒れていた。なお、倒れていた上部の塩ビ製屋根は壊れており、鋸と剪定した木と塩ビ製屋根の破片が散らばっていた。","15","清掃・と畜業","1501","清掃・と畜業","150101","ビルメンテナンス業","1~9","4","仮設物、建築物、構築物等","41","仮設物、建築物、構築物等","415","屋根、はり、もや、けた、合掌","9","踏み抜き"
"1332","2002","平成","14","11","13~14","フォークリフト運転技能講習資格取得のため、社内研修を工場内ストックヤードで指導員から受けていて、フォークリフト(最大荷重1.5t)を運転してストックヤードと構内道路の境界部分の段差(約30センチメートル)を避けようと左に急転回したところバランスを崩し横転し、フォークリフトのヘッドガードの下敷きとなった。","1","製造業","101","食料品製造業","10105","酒類製造業","50~99","2","物上げ装置、運搬機械","22","動力運搬機","222","フォークリフト","1","墜落、転落"
"1333","2002","平成","14","9","14~15","設備の一部に組込まれた昇降式ベルトコンベア(リフト)の作動範囲に立ち入ったときに、下降してきたリフトに胸部を挟まれた。","1","製造業","117","その他の製造業","11703","クリーニング業","10~29","2","物上げ装置、運搬機械","21","動力クレーン等","214","エレベータ、リフト","7","はさまれ、巻き込まれ"
"1334","2002","平成","14","11","9~10","10t天井クレーンで鋼板の束約5tを移動するため、玉掛けをして運転手に荷をつり上げさせたところ、荷が振れたため後に積んであった他の鋼板との間に腰部を挟まれた。","1","製造業","110","鉄鋼業","11009","その他の鉄鋼業","30~49","6","荷","61","荷","611","荷姿の物","7","はさまれ、巻き込まれ"
"1335","2002","平成","14","8","0~1","タンクローリー車(積載荷重20t)で国道を走行中、車が横転してセンターラインを越えて対向車線側のガードレールに激突した。","4","運輸交通業","403","道路貨物運送業","40301","一般貨物自動車運送業","100~299","2","物上げ装置、運搬機械","22","動力運搬機","221","トラック","17","交通事故（道路）"
"1336","2002","平成","14","11","10~11","光ファイバーケーブルの設置工事において、高所作業車を設置箇所である電信柱横へバックで移動させていたときに、高所作業車の後方で誘導を行っていた警備員がひかれた。","17","その他の事業","1702","その他の事業","170201","警備業","50~99","1","動力機械","14","建設機械等","146","高所作業車","17","交通事故（道路）"
"1337","2002","平成","14","9","6~7","社用車でライスセンターに向けて走行中、対向車線にはみ出して対向車と接触し反動で左前方の歩道を超えて壁に激突した。","8","商業","802","小売業","80209","その他の小売業","10~29","2","物上げ装置、運搬機械","23","乗物","231","乗用車、バス、バイク","17","交通事故（道路）"
"1338","2002","平成","14","3","3~4","10tトラックで国道を走行中、信号待ちしていた搬送用トラックに追突した。","4","運輸交通業","403","道路貨物運送業","40309","その他の道路貨物運送業","10~29","2","物上げ装置、運搬機械","22","動力運搬機","221","トラック","17","交通事故（道路）"
"1339","2002","平成","14","11","8~9","道路舗装工事において、4tダンプを土砂積込み場まで約30m後進していたときに、異常を感じたので下車してダンプ後方を確認したところ、工事現場の誘導員を左後輪で轢いていた。","17","その他の事業","1702","その他の事業","170201","警備業","30~49","2","物上げ装置、運搬機械","22","動力運搬機","221","トラック","6","激突され"
"1340","2002","平成","14","10","4~5","自転車で新聞配達中、T字路を横断しようとして右方より走行してきた軽乗用車と出会い頭に衝突した。","8","商業","802","小売業","80205","新聞販売業","10~29","2","物上げ装置、運搬機械","23","乗物","231","乗用車、バス、バイク","17","交通事故（道路）"
"1341","2002","平成","14","7","6~7","道路維持工事現場に向かうため乗用車で国道を走行中、信号待ちで停車中の車に追突した。","17","その他の事業","1702","その他の事業","170201","警備業","50~99","2","物上げ装置、運搬機械","23","乗物","231","乗用車、バス、バイク","17","交通事故（道路）"
"1342","2002","平成","14","12","16~17","貨物自動車で商品の配達を行うため町道を走行中、道路右側の法面に衝突した。","17","その他の事業","1702","その他の事業","170209","その他の事業－その他","500~999","2","物上げ装置、運搬機械","22","動力運搬機","221","トラック","17","交通事故（道路）"
"1343","2002","平成","14","7","8~9","治山工事において、谷止工(長さ20m、高さ9m、幅5m)を打設するため左岸側の地山(レキ質土)をバックホーで掘削し、左岸上流側の岩に削岩機であけた4箇所の穴に2名の作業員がハンマーでくさびを打ち込む作業を行っていたときに、上から岩石が落下し1名の左顔面に激突した。","3","建設業","301","土木工事業","30108","砂防工事業","1~9","7","環境等","71","環境等","711","地山、岩石","4","飛来、落下"
"1344","2002","平成","14","12","16~17","高校の耐震補強工事において、3階トイレのパイプスペースの隔壁(ブロック積、モルタル仕上げ)の下部をコンクリートブレーカーで破砕していたときに、隔壁の一部(1m×3m×14センチメートル、約540キログラム)が突然崩壊しその下敷きになった。","3","建設業","302","建築工事業","30209","その他の建築工事業","50~99","4","仮設物、建築物、構築物等","41","仮設物、建築物、構築物等","418","建築物、構築物","5","崩壊、倒壊"
"1345","2002","平成","14","12","4~5","自動車部品を積んだトラックで高速道を走行中、前方で発生した追突事故のため中央分離帯付近に停止していたトラックに追突した。","4","運輸交通業","403","道路貨物運送業","40301","一般貨物自動車運送業","100~299","2","物上げ装置、運搬機械","22","動力運搬機","221","トラック","17","交通事故（道路）"
"1346","2002","平成","14","10","14~15","鋳物製造のため中子に塗型材をタンク上で塗布したのち地上で着火していたときに、他の中子を同じように塗型するため天井クレーンで吊り上げていた中子がクレーンのフックから外れてタンク内に落ち、タンク内に入っていた塗型材とエタノールの混合液がタンク外に飛び散って浴びたため着火していた中子の火が燃え移って火災となった。","1","製造業","110","鉄鋼業","11002","鋳物業","10~29","5","物質、材料","51","危険物、有害物等","512","引火性の物","16","火災"
"1347","2002","平成","14","11","18~19","資材置き場で、ダンプトラックのパンクを修理してタイヤの組立てを行い、コンプレッサーで空気を充填してダンプトラックにタイヤを運んでいるときに、タイヤが破裂し頭部に激突した。","3","建設業","301","土木工事業","30199","その他の土木工事業","100~299","3","その他の装置等","31","圧力容器","312","圧力容器","4","飛来、落下"
"1348","2002","平成","14","10","9~10","農作業小屋の屋根トタンの張替え工事において、屋根上でアンテナを外そうとしていたときに腐食してもろくなっていたトタンを踏み抜き約4m下の土間に墜落した。","3","建設業","302","建築工事業","30209","その他の建築工事業","1~9","4","仮設物、建築物、構築物等","41","仮設物、建築物、構築物等","415","屋根、はり、もや、けた、合掌","1","墜落、転落"
"1349","2002","平成","14","5","4~5","得意先へ荷物を運送するため4tトラックで国道を走行中、交差点で大型トラックに追突した。","4","運輸交通業","403","道路貨物運送業","40301","一般貨物自動車運送業","10~29","2","物上げ装置、運搬機械","22","動力運搬機","221","トラック","17","交通事故（道路）"
"1350","2002","平成","14","12","10~11","現場近くの市道上(勾配6度)で、工事で使用された重機をトラックに積込んでいるときに、トラックが後方に自走したので止めようとしてトラック運転席ドアと道路沿いのブロック塀との間に挟まれた。","4","運輸交通業","403","道路貨物運送業","40301","一般貨物自動車運送業","1~9","2","物上げ装置、運搬機械","22","動力運搬機","221","トラック","7","はさまれ、巻き込まれ"
"1351","2002","平成","14","7","22~23","フェリーの車載用タラップの製作で、自動電撃防止装置が取付けられていない溶接機でタラップの内部(高さ60センチメートル、幅130センチメートル)の仮溶接をしていて溶接棒に触れ感電した。","1","製造業","112","金属製品製造業","11209","その他の金属製品製造業","10~29","3","その他の装置等","33","溶接装置","332","アーク溶接装置","13","感電"
"1352","2002","平成","14","10","11~12","木造平屋建住宅新築工事において、柱、梁等の軸組材の建て方作業を終え屋根上に昇って、瓦葺き作業のための屋根の実寸法測定及び野地板の取付け作業を行っていたときに屋根から約3.7m下に転落した。","3","建設業","302","建築工事業","30202","木造家屋建築工事業","1~9","4","仮設物、建築物、構築物等","41","仮設物、建築物、構築物等","415","屋根、はり、もや、けた、合掌","1","墜落、転落"
"1353","2002","平成","14","11","13~14","杉の木(胸高直径30センチメートル)をチェーンソーで伐倒中、かかり木のまま放置していた杉の木(胸高直径24センチメートル、長さ27m)が倒れてきて下敷となった。","6","農林業","602","林業","60201","木材伐出業","1~9","7","環境等","71","環境等","712","立木等","5","崩壊、倒壊"
"1354","2002","平成","14","12","14~15","水道連絡管布設工事において、ダンプトラックで残土を集積場所に運んで現場に戻り、次の残土を積み込むため後進していたときに、左後方でとんぼを用いて土均しをしていた者を後輪でひいた。","3","建設業","301","土木工事業","30110","上下水道工事業","1~9","2","物上げ装置、運搬機械","22","動力運搬機","221","トラック","7","はさまれ、巻き込まれ"
"1355","2002","平成","14","11","16~17","落石防止用コンクリート擁壁の設置工事において、打設したコンクリート擁壁の型枠点検中に、山側法面の土砂(岩)が崩壊したため擁壁と岩との間に挟まれた。","3","建設業","301","土木工事業","30106","道路建設工事業","1~9","7","環境等","71","環境等","711","地山、岩石","5","崩壊、倒壊"
"1356","2002","平成","14","5","17~18","出張業務を終え一人でホテルに投宿していたが、翌日の午後3時過ぎになってもチェックアウトしないのでホテル従業員が部屋を確認に行ったところ、意識不明の心肺停止状態で床に座っていたので病院へ移送したが脳内出血で死亡した。","1","製造業","113","一般機械器具製造業","11301","機械（精密機械を除く）器具製造業","50~99","9","その他","92","起因物なし","921","起因物なし","90","その他"
"1357","2002","平成","14","7","17~18","警備の業務が終了したので事業場指定のガソリンスタンドへ車で向かう途中、信号機のない十字路交差点を右折したときに左方から直進してきたトラックと衝突した。","17","その他の事業","1702","その他の事業","170201","警備業","50~99","2","物上げ装置、運搬機械","23","乗物","231","乗用車、バス、バイク","17","交通事故（道路）"
"1358","2002","平成","14","9","11~12","スクリューシャフト(長さ11.2m、径45センチメートル、質量約14t)を旋盤からトレーラーに積み込むため、並置された天井クレーン2基(定格荷重40/10tの主巻及び定格荷重40/15tの補巻)を使用して合い吊りし走行運転していたところ、玉掛けスリングベルト2本のうち後方のスリングベルトがスクリューシャフトから抜けて荷が落下し天井クレーン運転士を直撃した。","1","製造業","112","金属製品製造業","11209","その他の金属製品製造業","1~9","2","物上げ装置、運搬機械","21","動力クレーン等","211","クレーン","4","飛来、落下"
"1359","2002","平成","14","11","19~20","タバコ広告塔の張替工事完了の報告のため、物件近くの高台である国道橋上の車道でネオンの状況の写真を撮影していたとこきに、後方より走行してきた乗用車に跳ねられた。","17","その他の事業","1702","その他の事業","170209","その他の事業－その他","10~29","2","物上げ装置、運搬機械","23","乗物","231","乗用車、バス、バイク","17","交通事故（道路）"
"1360","2002","平成","14","10","13~14","工場内に設置された事務所の屋上を掃除するため、パイプと床用吸込口を一体とした掃除用具を持って梁(H鋼幅30センチメートル)上を歩行していて8.05m下のコンクリート床面に墜落した。","17","その他の事業","1702","その他の事業","170209","その他の事業－その他","30~49","4","仮設物、建築物、構築物等","41","仮設物、建築物、構築物等","415","屋根、はり、もや、けた、合掌","1","墜落、転落"
"1361","2002","平成","14","11","15~16","乗用車で国道を走行中、交差点で右折のため停車中の大型トラックに追突した。","9","金融・広告業","902","広告・あっせん業","90201","旅行業","10~29","2","物上げ装置、運搬機械","23","乗物","231","乗用車、バス、バイク","17","交通事故（道路）"
"1362","2002","平成","14","11","16~17","乗用車を運転して市道を走行中、走行車線から路外(左側)に逸脱転落し炎上した。","17","その他の事業","1702","その他の事業","170209","その他の事業－その他","50~99","2","物上げ装置、運搬機械","23","乗物","231","乗用車、バス、バイク","17","交通事故（道路）"
"1363","2002","平成","14","11","13~14","同僚と2名で営業活動のため乗用車で走行中、対向車線をはみ出して対向の乗用車と衝突し、さらに後続のダンプカーに激突された。","9","金融・広告業","901","金融業","90103","保険業","100~299","2","物上げ装置、運搬機械","23","乗物","231","乗用車、バス、バイク","17","交通事故（道路）"
"1364","2002","平成","14","11","13~14","同僚と2名で営業活動のため乗用車で走行中、対向車線をはみ出して対向の乗用車と衝突し、さらに後続のダンプカーに激突された。","9","金融・広告業","901","金融業","90103","保険業","100~299","2","物上げ装置、運搬機械","23","乗物","231","乗用車、バス、バイク","17","交通事故（道路）"
"1365","2002","平成","14","11","9~10","牛舎新築工事において、トタン屋根の敷設作業中に下地のベニヤ板(厚さ9ミリメートル)を踏み抜き、約8m下のコンクリート床に墜落した。","3","建設業","302","建築工事業","30209","その他の建築工事業","1~9","4","仮設物、建築物、構築物等","41","仮設物、建築物、構築物等","415","屋根、はり、もや、けた、合掌","1","墜落、転落"
"1366","2002","平成","14","12","15~16","地上10階建てホテルの新築工事において、建物屋上の広告塔(高さ約15m)設置に使用する足場(8段・高さ約14m)の組立作業で、広告塔鉄骨の最上部に設けられているステージ(幅1.5m)を歩行中に、昇降用タラップの開口部(縦85センチメートル、横81センチメートル)から建物屋上(約12m下)に墜落した。","3","建設業","302","建築工事業","30209","その他の建築工事業","10~29","4","仮設物、建築物、構築物等","41","仮設物、建築物、構築物等","414","開口部","1","墜落、転落"
"1367","2002","平成","14","12","8~9","木造3階建住宅新築工事において、野地板を3階床へ運び上げるため3階床上で野地板1束を手渡しで受け取り、2束目を待っている時に3階床端部より約4m下のコンクリート製ベランダに墜落した。","3","建設業","302","建築工事業","30202","木造家屋建築工事業","1~9","4","仮設物、建築物、構築物等","41","仮設物、建築物、構築物等","416","作業床、歩み板","1","墜落、転落"
"1368","2002","平成","14","12","12~13","大型トレーラー(20t)で輸入したカニ籠を運搬するため走行中、対向してきたトラックとすれ違い時に後部が接触し、対向車線側の路外に逸脱横転した。","4","運輸交通業","403","道路貨物運送業","40301","一般貨物自動車運送業","30~49","2","物上げ装置、運搬機械","22","動力運搬機","221","トラック","17","交通事故（道路）"
"1369","2002","平成","14","6","15~16","建築用の鉄骨製作で、コラム柱(全長7.5m)をポジショナーにセットするため天井クレーン(5.07t)で反転作業を行っていたところ、先端の母屋ピースが他の部材に引っ掛かったので柱を揺らしながらつり上げて外そうとしているときに、仮付け溶接部分が破断して柱が落下し下敷きとなった。","1","製造業","112","金属製品製造業","11209","その他の金属製品製造業","30~49","2","物上げ装置、運搬機械","21","動力クレーン等","211","クレーン","4","飛来、落下"
"1370","2002","平成","14","7","8~9","自宅から会社の車(4WD、ABS有)でスーパーのATM調整のため市道を走行中、スリップして対向車線にはみ出し大型ダンプと衝突した。","17","その他の事業","1702","その他の事業","170209","その他の事業－その他","1~9","2","物上げ装置、運搬機械","23","乗物","231","乗用車、バス、バイク","17","交通事故（道路）"
"1371","2002","平成","14","11","6~7","工場長宅へ工場長を迎えに行くため国道を走行中、交差点(青信号)を右折しようとして直進車と衝突した。","1","製造業","108","化学工業","10801","無機・有機化学工業製品製造業","50~99","2","物上げ装置、運搬機械","23","乗物","231","乗用車、バス、バイク","17","交通事故（道路）"
"1372","2002","平成","14","11","9~10","水道工事後の舗装復旧工事で、砕石の敷均しのためドラグ・ショベル(0.2立方メートル)を後退させたときに、後方で敷均しを手伝っていたダンプ運転手をドラグ・ショベルで轢いた。","3","建設業","301","土木工事業","30110","上下水道工事業","10~29","1","動力機械","14","建設機械等","142","掘削用機械","7","はさまれ、巻き込まれ"
"1373","2002","平成","14","12","8~9","8階建てマンションの屋上塔屋塗装工事において、塔屋下のマンション屋上の端で塗料飛沫の拡散防止用養生シートの設置作業を2人で行っていて、一人が屋上の端から約23m下のアスファルト舗装の駐車場に墜落した。","3","建設業","302","建築工事業","30209","その他の建築工事業","1~9","4","仮設物、建築物、構築物等","41","仮設物、建築物、構築物等","418","建築物、構築物","1","墜落、転落"
"1374","2002","平成","14","3","7~8","自動二輪車で新聞配達中、青信号の交差点を東から西へ直進しようとしていたときに右折してきた普通自動車と衝突した。","8","商業","802","小売業","80205","新聞販売業","10~29","2","物上げ装置、運搬機械","23","乗物","231","乗用車、バス、バイク","17","交通事故（道路）"
"1375","2002","平成","14","11","13~14","ガソリンスタンドで小型タンクローリー(3kL)に軽油を入れて走行中、右カーブで車体のバランスを崩して横転し、そのままガードレールを破って道路脇の溝(深さ約3m、幅約6m)に車体ごと転落した。","5","貨物取扱業","501","陸上貨物取扱業","50101","陸上貨物取扱業","100~299","2","物上げ装置、運搬機械","22","動力運搬機","221","トラック","17","交通事故（道路）"
"1376","2002","平成","14","12","16~17","冷却庫修理のため冷却庫の上に登り、スパイラルネット(ゆで麺を冷却するための螺旋状のコンベア)の補修作業中に、4.9m下のコンクリート床に転落した。","1","製造業","113","一般機械器具製造業","11301","機械（精密機械を除く）器具製造業","10~29","3","その他の装置等","39","その他の装置、設備","391","その他の装置、設備","1","墜落、転落"
"1377","2002","平成","14","11","14~15","植木の剪定作業のため、塀(幅16センチメートル)に上ったときに1.68m下に墜落した。","6","農林業","601","農業","60101","農業","1~9","4","仮設物、建築物、構築物等","41","仮設物、建築物、構築物等","419","その他の仮設物、建築物、構築物等","1","墜落、転落"
"1378","2002","平成","14","12","16~17","マンションの新築工事において、トラックの荷台(高さ約90センチメートル)に積んである廃材等の上に乗って軽自動車の後方にあるコンテナに廃材を投げ込んでいたときに、荷台の上で転倒し側面に立ててあったベニヤ板の上端に後頭部を打ちつけた。","3","建設業","302","建築工事業","30201","鉄骨・鉄筋コンクリート造家屋建築工事業","10~29","2","物上げ装置、運搬機械","22","動力運搬機","221","トラック","2","転倒"
"1379","2002","平成","14","12","11~12","木造家屋増築工事において、外部足場(高さ1.8m)上で外壁モルタル下地のラス網貼り作業中に、足場から足を踏み外して転落した。","3","建設業","302","建築工事業","30202","木造家屋建築工事業","1~9","4","仮設物、建築物、構築物等","41","仮設物、建築物、構築物等","411","足場","1","墜落、転落"
"1380","2002","平成","14","12","19~20","工事現場の交通誘導業務を終了し、当日の作業報告を行うため事務所附近の駐車場から事務所へ徒歩で国道を横断中、走行してきたトラックに跳ねられた。","17","その他の事業","1702","その他の事業","170201","警備業","30~49","2","物上げ装置、運搬機械","22","動力運搬機","221","トラック","17","交通事故（道路）"
"1381","2002","平成","14","12","9~10","横5.5m、高さ2.3m、幅30センチメートル、重さ1tの建築用梁材を馬(台)に乗せて溶接作業中、馬と梁を固定していたクランプを外して梁の脇にいたときに、梁が倒れてきて別の鉄製台との間に頭部を挟まれた。","1","製造業","112","金属製品製造業","11209","その他の金属製品製造業","10~29","5","物質、材料","52","材料","521","金属材料","5","崩壊、倒壊"
"1382","2002","平成","14","11","5~6","新聞配達のため道路を横断していたときに、無灯火の自転車に衝突されて転倒し頭部を強打した。","8","商業","802","小売業","80205","新聞販売業","50~99","3","その他の装置等","36","人力機械工具等","362","人力運搬機","17","交通事故（道路）"
"1383","2002","平成","14","7","2~3","飲食チェーン店の営業を終了し店舗状況を確認したのち営業拠点に戻るため自動車道を走行中、センターラインを越えて対向の大型貨物自動車と衝突した。","17","その他の事業","1702","その他の事業","170209","その他の事業－その他","100~299","2","物上げ装置、運搬機械","23","乗物","231","乗用車、バス、バイク","17","交通事故（道路）"
"1384","2002","平成","14","1","10~11","増改築工事において、3階サンルーム解体用のステージ組立のため、鋼管枠組足場1段目布板上(高さ1.81m)で2段目布板上の足場板を番線で固定しているときに1.81m下の2階床面に墜落した。","3","建設業","302","建築工事業","30201","鉄骨・鉄筋コンクリート造家屋建築工事業","1~9","4","仮設物、建築物、構築物等","41","仮設物、建築物、構築物等","411","足場","1","墜落、転落"
"1385","2002","平成","14","11","5~6","路上に停車中のタクシーの後方で運転手が血を流して倒れており、胸や背中など十数箇所を刺されていた。","4","運輸交通業","402","道路旅客運送業","40201","ハイヤー・タクシー業","100~299","9","その他","92","起因物なし","921","起因物なし","90","その他"
"1386","2002","平成","14","11","16~17","建物屋上に排水パイプを設置する工事で、取付け位置を床下から確認するため屋上から外部足場に乗り移ったときに、約8.5m下に墜落した。","3","建設業","302","建築工事業","30201","鉄骨・鉄筋コンクリート造家屋建築工事業","1~9","4","仮設物、建築物、構築物等","41","仮設物、建築物、構築物等","411","足場","1","墜落、転落"
"1387","2002","平成","14","11","11~12","地上28階地下4階建ビル新築工事の7階鉄骨組立作業において、7階の梁上で鉄骨柱間のひずみ調整のためレバーブロックを使用していたところ、レバーブロックのチェーンが切れ、その反動で梁上から13m下の階段に墜落した。","3","建設業","302","建築工事業","30201","鉄骨・鉄筋コンクリート造家屋建築工事業","30~49","4","仮設物、建築物、構築物等","41","仮設物、建築物、構築物等","415","屋根、はり、もや、けた、合掌","1","墜落、転落"
"1388","2002","平成","14","6","1~2","タクシーを運転して走行中、交差点で右側から来た信号無視の乗用車に衝突されて50m位飛ばされ民家の塀に衝突した。","4","運輸交通業","402","道路旅客運送業","40201","ハイヤー・タクシー業","100~299","2","物上げ装置、運搬機械","23","乗物","231","乗用車、バス、バイク","17","交通事故（道路）"
"1389","2002","平成","14","12","9~10","宅地造成地において、トラック積載型小型移動式クレーン(つり上げ荷重2.93t)で法面(全長約24m)に緑化ブロック(質量725キログラム)を積み上げる作業中、ブロック3段目が終わり4段目(高さ約3m)を全長の半分まで積み上げたときに、裏込めをしていなかったためブロックの自重で3、4段目が倒壊し、作業中の4名がブロックの下敷きになり1名が死亡した。","3","建設業","301","土木工事業","30199","その他の土木工事業","1~9","4","仮設物、建築物、構築物等","41","仮設物、建築物、構築物等","418","建築物、構築物","5","崩壊、倒壊"
"1390","2002","平成","14","12","15~16","屋外に設置してあるホイスト式橋形クレーン(吊り上げ荷重2.8t)で鉄骨部材の移動中に、クランプが外れたため地上でペンダントスイッチを操作していた者がクレーン脚部と鉄骨との間に頚部を挟まれた。","1","製造業","112","金属製品製造業","11209","その他の金属製品製造業","10~29","3","その他の装置等","37","用具","372","玉掛用具","4","飛来、落下"
"1391","2002","平成","14","12","10~11","墓石の設置作業で、約80キログラムの墓石を小型運搬車(車幅60センチメートル、積載荷重250キログラム)に載せて幅約110センチメートル、傾斜14度から20度の上り勾配の通路を上っていたときに、通路から8.3m下の道路に小型運搬車とともに墜落した。","1","製造業","109","窯業土石製品製造業","10909","その他の土石製品製造業","10~29","2","物上げ装置、運搬機械","22","動力運搬機","229","その他の動力運搬機","1","墜落、転落"
"1392","2002","平成","14","9","15~16","木造2階建て住宅増築工事において、既存の住宅屋根鉄板の一部を剥がすため、屋根越しに地上の2tトラックとロープ(親綱)で結んだ状態で作業を行っていて、2tトラックが発進したときに引きずられて約4m下の地面に墜落した。","3","建設業","302","建築工事業","30202","木造家屋建築工事業","1~9","4","仮設物、建築物、構築物等","41","仮設物、建築物、構築物等","415","屋根、はり、もや、けた、合掌","1","墜落、転落"
"1393","2002","平成","14","11","0~1","量販店に荷物を納入するため3階の荷物用エレベーター前まで一人で荷を運んでいたときに、突然大きな音が聞こえたので同じフロアにいた部長がエレベーター前まで見に行ったところ、エレベーターの扉が開いていてピットの底に荷物とともに倒れているのを発見した。","8","商業","801","卸売業","80109","その他の卸売業","1~9","2","物上げ装置、運搬機械","21","動力クレーン等","214","エレベータ、リフト","1","墜落、転落"
"1394","2002","平成","14","12","16~17","漁港の建設現場での車輌誘導が終了し、会社所有の乗用車で走行中、林道でカーブを曲がりきれず対向車線にはみ出し対向車と正面衝突した。","17","その他の事業","1702","その他の事業","170201","警備業","10~29","2","物上げ装置、運搬機械","23","乗物","231","乗用車、バス、バイク","17","交通事故（道路）"
"1395","2002","平成","14","12","13~14","道路改良工事において、一人でローラーによる転圧作業を行っていて路肩より約2m下の水路に転落し、ローラーから投げ出されて深さ約20センチメートルの水中でローラーの下敷きになった。","3","建設業","301","土木工事業","30106","道路建設工事業","10~29","1","動力機械","14","建設機械等","144","締固め用機械","1","墜落、転落"
"1396","2002","平成","14","9","11~12","空車のタクシーで走行中、交差点で信号待ちで停車していた2tトラックに追突した。","4","運輸交通業","402","道路旅客運送業","40201","ハイヤー・タクシー業","500~999","2","物上げ装置、運搬機械","23","乗物","231","乗用車、バス、バイク","17","交通事故（道路）"
"1397","2002","平成","14","12","15~16","排水管敷設工事において、社長と労働者6名でバックホーで掘削して排水管(径15センチメートル×長さ4m)を敷設し、別のバックホーで埋め戻しながら作業を進めていたときに、横壁の土砂が約5.3mにわたり崩壊し、穴の中にいた4名のうち管の設置据付を行っていた3名が生き埋めとなり2名が死亡した。","3","建設業","301","土木工事業","30110","上下水道工事業","1~9","7","環境等","71","環境等","711","地山、岩石","5","崩壊、倒壊"
"1398","2002","平成","14","12","15~16","排水管敷設工事において、社長と労働者6名でバックホーで掘削して排水管(径15センチメートル×長さ4m)を敷設し、別のバックホーで埋め戻しながら作業を進めていたときに、横壁の土砂が約5.3mにわたり崩壊し、穴の中にいた4名のうち管の設置据付を行っていた3名が生き埋めとなり2名が死亡した。","3","建設業","301","土木工事業","30110","上下水道工事業","1~9","7","環境等","71","環境等","711","地山、岩石","5","崩壊、倒壊"
"1399","2002","平成","14","9","7~8","フェリーで運ばれたドラグショベル2台をトレーラーに積み終えた後に姿がみえなくなったので、別業者のトレーラー運転手が警察署に通報し捜したところ、港の水深約8mの海底で発見された。","4","運輸交通業","403","道路貨物運送業","40302","特定貨物自動車運送業","10~29","1","動力機械","14","建設機械等","142","掘削用機械","10","おぼれ"
"1400","2002","平成","14","12","14~15","タンカーの船体ブロックの塗装作業で、地上から塗料を小分けした小さなバケツを持って船体ブロック上部へ船体ブロック端部のロンジ(船の長さ方向に取り付けられているL字型の鋼材)を使って移動中に、地上から高さ6.67mの箇所のロンジに設置されていた木製の足場板とともに墜落した。","1","製造業","115","輸送用機械等製造業","11501","造船業","10~29","4","仮設物、建築物、構築物等","41","仮設物、建築物、構築物等","416","作業床、歩み板","1","墜落、転落"
"1401","2002","平成","14","11","15~16","ドラグショベルで採石場への進入路の拡幅作業を行っていたときに、高さ約70m下の土場にドラグショベルとともに転落した。","2","鉱業","202","土石採取業","20201","採石業","10~29","1","動力機械","14","建設機械等","142","掘削用機械","1","墜落、転落"
"1402","2002","平成","14","7","1~2","タクシーを運転して国道を走行中、スリップして道路脇の水銀灯に衝突した。","4","運輸交通業","402","道路旅客運送業","40201","ハイヤー・タクシー業","50~99","2","物上げ装置、運搬機械","23","乗物","231","乗用車、バス、バイク","17","交通事故（道路）"
"1403","2002","平成","14","12","16~17","営業に向かうため乗用車で走行中、見通しの悪い交差点で横から飛び出してきた乗用車と衝突した。","3","建設業","302","建築工事業","30202","木造家屋建築工事業","1~9","2","物上げ装置、運搬機械","23","乗物","231","乗用車、バス、バイク","17","交通事故（道路）"
"1404","2002","平成","14","11","4~5","トラックで高速道を走行中、渋滞のため本線上に約50mに亘って停滞中の車群の最後尾の大型トラック(15tウイング)に追突した。","4","運輸交通業","403","道路貨物運送業","40301","一般貨物自動車運送業","50~99","2","物上げ装置、運搬機械","22","動力運搬機","221","トラック","17","交通事故（道路）"
"1405","2002","平成","14","12","11~12","6階の柱の建て方を行ってその後6階の孫梁を納めていたところ、同僚の側のボルトが入り難い状態になったので、応援するため建て方の終わった小梁上に左足をかけたときに、足を滑らせて約7m下に墜落した。","3","建設業","302","建築工事業","30201","鉄骨・鉄筋コンクリート造家屋建築工事業","1~9","4","仮設物、建築物、構築物等","41","仮設物、建築物、構築物等","418","建築物、構築物","1","墜落、転落"
"1406","2002","平成","14","12","15~16","作業場の1階床面に従業員が仰向けに倒れているのを、通りかかった隣の事業場の従業員が発見した。","3","建設業","302","建築工事業","30209","その他の建築工事業","10~29","4","仮設物、建築物、構築物等","41","仮設物、建築物、構築物等","418","建築物、構築物","1","墜落、転落"
"1407","2002","平成","14","12","14~15","重量選別自動桟積機で柱材(長さ3m、幅135ミリメートル角、質量38.6キログラム)の積み上げ作業中に機械が柱材を吊り上げたまま停止したので、柱材を肩に担いだまま同僚に柱材の吊り上げ解除のための機械操作を指示したところ、機械が柱材を引っかけて横行したため柱材と付近のリフターとの間に頭を挟まれた。","1","製造業","104","木材・木製品製造業","10401","製材業","1~9","1","動力機械","16","一般動力機械","167","産業用ロボット","7","はさまれ、巻き込まれ"
"1408","2002","平成","14","10","11~12","台風で被害を受けた平屋建て民家の屋根補修工事中、屋根または2段の枠組み足場作業床の何れかから地上のコンクリート床へ墜落した。","3","建設業","302","建築工事業","30209","その他の建築工事業","10~29","4","仮設物、建築物、構築物等","41","仮設物、建築物、構築物等","415","屋根、はり、もや、けた、合掌","1","墜落、転落"
"1409","2002","平成","14","11","11~12","木材用破砕機の片付け作業中、周辺の木屑を均していたドラグショベルが破砕機のベルトコンベアーに当たったため、留金から外れたコンベアーが破砕機の下で木屑を拾っていた者に激突した。","15","清掃・と畜業","1501","清掃・と畜業","150103","その他の廃棄物処理業","10~29","1","動力機械","14","建設機械等","142","掘削用機械","6","激突され"
"1410","2002","平成","14","11","16~17","増改築工事において、積載型トラッククレーン(2.93t)でトラックの荷台から高さ3.7mまで吊上げた鉄筋(直径1.3ミリメートル×長さ2、6m×本数27本、質量71.2キログラム)を2階へ取り込むためブームを旋回させたところ、吊上げていた荷のバランスが崩れて落下し、トラック荷台上で次に運ぶ鉄筋を束ねていた者の頭部に落下した。","3","建設業","302","建築工事業","30201","鉄骨・鉄筋コンクリート造家屋建築工事業","50~99","6","荷","61","荷","611","荷姿の物","4","飛来、落下"
"1411","2002","平成","14","12","0~1","工事現場のエンジン発電機のオイルタンクにA重油を入れるため、タンクローリーをバックで下がっていたときに、路肩に寄りすぎて8.5m下に転落しタンクローリーから投げ出された。","8","商業","802","小売業","80204","燃料小売業","10~29","2","物上げ装置、運搬機械","22","動力運搬機","221","トラック","1","墜落、転落"
"1412","2002","平成","14","12","14~15","胸高直径27センチメートル、高さ14.6mの杉の伐倒作業中に、伐倒した木の下敷きとなっているのを発見された。","6","農林業","602","林業","60201","木材伐出業","1~9","7","環境等","71","環境等","712","立木等","6","激突され"
"1413","2002","平成","14","12","16~17","印刷用ロール紙(高さ765ミリメートル×直径1085ミリメートル、質量405キログラム)をトラックから自動倉庫の搬入口にフォークリフトで搬入中、印刷用ロール紙の搬入口へのセットが完全では無かったたのでその状況を確認、調整に行ったときに、高さ約1.5mの搬入口から落下した印刷用ロール紙の下敷きになった。","5","貨物取扱業","501","陸上貨物取扱業","50101","陸上貨物取扱業","10~29","6","荷","61","荷","611","荷姿の物","4","飛来、落下"
"1414","2002","平成","14","12","11~12","川に架かった水管橋の上で、塗装工事用の足場設置のための親綱を張っているときに、水管と作業通路を結ぶ鉄骨の開口部から約13m下の地面に墜落した。","3","建設業","302","建築工事業","30209","その他の建築工事業","30~49","4","仮設物、建築物、構築物等","41","仮設物、建築物、構築物等","418","建築物、構築物","1","墜落、転落"
"1415","2002","平成","14","12","2~3","巻取包装機ラインで作業中に、側面包装機内の円盤と円盤下方の紙置台との間に頭部を挟まれた。","1","製造業","106","パルプ・紙・紙加工品製造業","10601","パルプ・紙製造業","100~299","1","動力機械","16","一般動力機械","169","その他の一般動力機械","7","はさまれ、巻き込まれ"
"1416","2002","平成","14","12","11~12","タンクローリーのタイヤに空気を充填するときに、タイヤホールを固定せずに作業を行ったところ、ホイールが1センチメートル歪んでいたため圧縮空気が漏れ出しその反動でタイヤホイールが飛んで作業者に激突した。","1","製造業","117","その他の製造業","11701","自動車整備業","10~29","5","物質、材料","52","材料","529","その他の材料","4","飛来、落下"
"1417","2002","平成","14","11","4~5","トラックで国道を走行中、交差点でハンドル操作を誤って中央分離帯にあった信号柱に激突した。","4","運輸交通業","403","道路貨物運送業","40301","一般貨物自動車運送業","10~29","2","物上げ装置、運搬機械","22","動力運搬機","221","トラック","17","交通事故（道路）"
"1418","2002","平成","14","12","17~18","ダンボールシートを連続して打抜き製品に仕上げる機械のセンサーが働いて機械が停止したので、2名で3か所に詰まった紙を取り除いているときに、機械内部でシートをスライド移動させるバーとフレームとの間に挟まれた。","1","製造業","106","パルプ・紙・紙加工品製造業","10602","紙加工品製造業","10~29","1","動力機械","16","一般動力機械","169","その他の一般動力機械","7","はさまれ、巻き込まれ"
"1419","2002","平成","14","12","13~14","立体駐車場の解体作業において、昼食が終わって午後の作業場所に向かうため、既設リフトの点検用垂直梯子を昇降しているときに17m下に墜落した。","3","建設業","302","建築工事業","30201","鉄骨・鉄筋コンクリート造家屋建築工事業","100~299","4","仮設物、建築物、構築物等","41","仮設物、建築物、構築物等","419","その他の仮設物、建築物、構築物等","1","墜落、転落"
"1420","2002","平成","14","12","13~14","休止中の塔形水平引込式クレーン(定格荷重40t)解体のため、クレーン上部にある機械室を上下にガスで溶断していたときに、切断部分の下半分が口が開くように傾いて宙ぶらりんとなったため作業員2名が約26m下に墜落した。","3","建設業","302","建築工事業","30209","その他の建築工事業","1~9","2","物上げ装置、運搬機械","21","動力クレーン等","211","クレーン","1","墜落、転落"
"1421","2002","平成","14","12","13~14","休止中の塔形水平引込式クレーン(定格荷重40t)解体のため、クレーン上部にある機械室を上下にガスで溶断していたときに、切断部分の下半分が口が開くように傾いて宙ぶらりんとなったため作業員2名が約26m下に墜落した。","3","建設業","302","建築工事業","30209","その他の建築工事業","1~9","2","物上げ装置、運搬機械","21","動力クレーン等","211","クレーン","1","墜落、転落"
"1422","2002","平成","14","12","9~10","軽ワゴン車で牛乳の配達を終え国道を走行中、中央線を越えて対向のタンクローリー車と正面衝突した。","8","商業","801","卸売業","80109","その他の卸売業","1~9","2","物上げ装置、運搬機械","23","乗物","231","乗用車、バス、バイク","17","交通事故（道路）"
"1423","2002","平成","14","12","10~11","掘割内の切断済み柱列杭(モルタルH鋼杭)の荷揚げを行うため構台上の覆工板(1m×3m)を開けているときに、開口部(2×2m)より足を踏み外して11.5m下に墜落した。","3","建設業","301","土木工事業","30104","鉄道軌道建設工事業","10~29","4","仮設物、建築物、構築物等","41","仮設物、建築物、構築物等","414","開口部","1","墜落、転落"
"1424","2002","平成","14","12","1~2","会館ビル1階の内装工事において、脚立上でダクト盛替作業を行っていてバランスを崩して1.7m下に転落し後頭部を強打した。","3","建設業","302","建築工事業","30203","建築設備工事業","10~29","3","その他の装置等","37","用具","371","はしご等","1","墜落、転落"
"1425","2002","平成","14","11","4~5","コンテナヤードでトラクターをコンテナに連結して発車しようとしたが、コンテナのエア抜きバルブを開け忘れたため動かなかったので降車してバルブを開けたところ、トラクターのサイドブレーキをかけていなかったためトラクターが動き出し、止めようとして運転席に飛び乗ったときに、車体が右に寄って運転席の扉と隣に止めてあったコンテナとの間に挟まれた。","4","運輸交通業","403","道路貨物運送業","40301","一般貨物自動車運送業","10~29","2","物上げ装置、運搬機械","22","動力運搬機","221","トラック","7","はさまれ、巻き込まれ"
"1426","2002","平成","14","11","11~12","ベルトコンベアのピット部の掃除でピット内に入ったとき、コンベアベルトとキャリアロールとの間に衣服を挟まれた。","1","製造業","104","木材・木製品製造業","10409","その他の木材・木製品製造業","50~99","2","物上げ装置、運搬機械","22","動力運搬機","224","コンベア","7","はさまれ、巻き込まれ"
"1427","2002","平成","14","9","2~3","タクシーで走行中、高速道路の出口を出て一般道に入ったときモノレールの橋脚に激突した。","4","運輸交通業","402","道路旅客運送業","40201","ハイヤー・タクシー業","300~499","2","物上げ装置、運搬機械","23","乗物","231","乗用車、バス、バイク","17","交通事故（道路）"
"1428","2002","平成","14","4","7~8","フォークリフトでボビン入りダンボール(2列7段積み)を一度に運搬しようとしたが最上部の一箱が荷崩れを起したので、エンジンを切らずに運転席とマストの間に体を入れて荷を動かそうとしたときに、誤って運転レバーに触れたためマストが動いて運転席とマストとの間に挟まれた。","1","製造業","102","繊維工業","10202","紡績業","10~29","2","物上げ装置、運搬機械","22","動力運搬機","222","フォークリフト","7","はさまれ、巻き込まれ"
"1429","2002","平成","14","8","16~17","防音工事において、2階外壁部の足場上で壁下地を撤去作業していて急に足場の上でふらついてしゃがみこみ、熱中症で死亡した。","3","建設業","302","建築工事業","30202","木造家屋建築工事業","1~9","7","環境等","71","環境等","715","高温・低温環境","11","高温・低温の物との接触"
"1430","2002","平成","14","12","9~10","木造建築家屋の解体作業において、グラップルで家屋から梁を外すため梁の右端をグラップルで掴み持ち上げたところ、反対側の左端が思わぬ方向へ外れ、外れた梁を切断するために準備をしていた者に激突した。","3","建設業","302","建築工事業","30209","その他の建築工事業","1~9","4","仮設物、建築物、構築物等","41","仮設物、建築物、構築物等","415","屋根、はり、もや、けた、合掌","6","激突され"
"1431","2002","平成","14","8","8~9","朝出勤して建物3階にある事務所に上がる途中、2階踊り場から12段目あたりから踊り場まで転落した。","9","金融・広告業","901","金融業","90101","銀行・信託業","100~299","4","仮設物、建築物、構築物等","41","仮設物、建築物、構築物等","413","階段、桟橋","1","墜落、転落"
"1432","2002","平成","14","12","18~19","ワゴン車で走行中、対向のワゴン車が凍結した橋上でスリップしてセンターラインをはみ出してきて衝突した。","3","建設業","303","その他の建設業","30301","電気通信工事業","100~299","2","物上げ装置、運搬機械","23","乗物","231","乗用車、バス、バイク","17","交通事故（道路）"
"1433","2002","平成","14","6","6~7","トラックで国道を走行中、信号機付交差点を右折してきたトレーラーと衝突した。","4","運輸交通業","403","道路貨物運送業","40301","一般貨物自動車運送業","30~49","2","物上げ装置、運搬機械","22","動力運搬機","221","トラック","17","交通事故（道路）"
"1434","2002","平成","14","4","2~3","ダム工事現場で法面吹付用機械を4tトラック(クレーン付)に積み国道を走行中、中央線をはみ出して対向車と正面衝突した。","17","その他の事業","1702","その他の事業","170209","その他の事業－その他","30~49","2","物上げ装置、運搬機械","22","動力運搬機","221","トラック","17","交通事故（道路）"
"1435","2002","平成","14","10","13~14","建造中のコンクリート水槽の上を歩行中、開口部より4m17センチメートル下の水槽のコンクリート底に墜落した。","3","建設業","301","土木工事業","30110","上下水道工事業","1~9","4","仮設物、建築物、構築物等","41","仮設物、建築物、構築物等","418","建築物、構築物","1","墜落、転落"
"1436","2002","平成","14","12","14~15","医薬品調達のためトラックで走行中、トンネル内の多重衝突事故に巻き込まれた。","8","商業","801","卸売業","80109","その他の卸売業","10~29","2","物上げ装置、運搬機械","23","乗物","231","乗用車、バス、バイク","17","交通事故（道路）"
"1437","2002","平成","14","2","8~9","4tトラックで走行中、信号待ちで並んでいる車の列に追突した。","4","運輸交通業","403","道路貨物運送業","40301","一般貨物自動車運送業","10~29","2","物上げ装置、運搬機械","22","動力運搬機","221","トラック","17","交通事故（道路）"
"1438","2002","平成","14","12","0~1","既設擁壁に排水管を貫通する作業を終えてワゴン車で国道を走行中、坂道が続く直線道路で対向車線にはみだして貨物自動車と正面衝突した。","3","建設業","301","土木工事業","30199","その他の土木工事業","1~9","2","物上げ装置、運搬機械","23","乗物","231","乗用車、バス、バイク","17","交通事故（道路）"
"1439","2002","平成","14","11","11~12","6階建てホテルの解体工事中に、各階の床面に設けられた廃材投下用開口部(1.5m四方)の5階開口部から約13m下の1階床面の廃材の山(高さ1.5m)の上に墜落した。","3","建設業","302","建築工事業","30209","その他の建築工事業","30~49","4","仮設物、建築物、構築物等","41","仮設物、建築物、構築物等","414","開口部","1","墜落、転落"
"1440","2002","平成","14","12","8~9","トラック(最大積載量15t)の荷台上で、石膏ボードを固定している台付ワイヤーを外すために積荷上を移動中、2.5m下の地面へ墜落した。","4","運輸交通業","403","道路貨物運送業","40303","貨物軽自動車運送業","100~299","2","物上げ装置、運搬機械","22","動力運搬機","221","トラック","1","墜落、転落"
"1441","2002","平成","14","12","13~14","ゴルフコース内の松を伐木し玉切りした丸太をトラック荷台に積み込む作業中、ショベルローダーのバケットに載せた丸太(直径50センチメートル、長さ1m90センチメートル)を荷台上へ降ろしたとき丸太の積込を行っていた者の方向に転げ落ちたため、丸太とともにトラックの荷台から約1m下の地面に転落した。","14","接客娯楽業","1403","その他の接客娯楽業","140301","ゴルフ場","30~49","2","物上げ装置、運搬機械","22","動力運搬機","229","その他の動力運搬機","1","墜落、転落"
"1442","2002","平成","14","11","8~9","急傾斜地の崩壊対策工事において、傾斜地の立木(高さ約15m、重さ約1t)をチェーンソーをで伐倒したところ、倒れた木が斜面の下方に転がったため、傍にいた者が木の元口と地面との間に挟まれた。","3","建設業","301","土木工事業","30199","その他の土木工事業","10~29","5","物質、材料","52","材料","522","木材、竹材","7","はさまれ、巻き込まれ"
"1443","2002","平成","14","11","10~11","採石場において、小型ドラグショベルで水路内の土砂を取り除く作業を行っていたところ、直径104センチメートルの石が落下してきて下敷きになった。","2","鉱業","202","土石採取業","20201","採石業","10~29","7","環境等","71","環境等","711","地山、岩石","7","はさまれ、巻き込まれ"
"1444","2002","平成","14","12","23~24","国道の夜間舗装工事で交通誘導を行っていたとき、走行してきた軽自動車に跳ね飛ばされ、停車していたダンプに激突した。","17","その他の事業","1702","その他の事業","170201","警備業","10~29","2","物上げ装置、運搬機械","23","乗物","231","乗用車、バス、バイク","17","交通事故（道路）"
"1445","2002","平成","14","12","11~12","JR線の踏切付近で矢板打込み作業の見張をしていて、普通列車に接触して水路内に転落した。","3","建設業","301","土木工事業","30107","河川土木工事業","30~49","2","物上げ装置、運搬機械","23","乗物","232","鉄道車両","18","交通事故（その他）"
"1446","2002","平成","14","12","15~16","アース・オーガの昇降速度および深度計の確認を行うため、攪拌軸の位置調整をしてマーキングしその箇所を溶接するため下部移動ガイド上に乗っていたときに、攪拌機から吊っていた上部移動ガイド(約700キログラム)のチェーンが破断して上部移動ガイドが落下し頭部を直撃した。。","3","建設業","301","土木工事業","30111","港湾海岸工事業","1~9","1","動力機械","14","建設機械等","143","基礎工事用機械","4","飛来、落下"
"1447","2002","平成","14","12","16~17","勾配(10度)の住宅の進入路にトラック(1.5t)を停車し、後部ドアを開けて荷物を取り出そうとしたときに、トラックが後進して車体に巻き込まれた。","8","商業","801","卸売業","80109","その他の卸売業","10~29","2","物上げ装置、運搬機械","22","動力運搬機","221","トラック","7","はさまれ、巻き込まれ"
"1448","2002","平成","14","10","16~17","水路工事において、村道の片側通行の交通誘導を行っていた者が誘導場所から離れて掘削溝(幅約4m、深さ2.7m)に転落した。","17","その他の事業","1702","その他の事業","170201","警備業","30~49","4","仮設物、建築物、構築物等","41","仮設物、建築物、構築物等","418","建築物、構築物","1","墜落、転落"
"1449","2002","平成","14","12","13~14","反応槽から取り出した難燃性繊維を脱水する工程で、脱水槽に繊維を運ぶ釘状の突起の付いたスパイクコンベアに挟まれた。","1","製造業","108","化学工業","10801","無機・有機化学工業製品製造業","50~99","2","物上げ装置、運搬機械","22","動力運搬機","224","コンベア","7","はさまれ、巻き込まれ"
"1450","2002","平成","14","12","8~9","9階建マンションの外壁等塗装工事において、屋上に設置したゴンドラで塗装作業の準備、養生作業を行っていて、9階でゴンドラから909号室のベランダに移ろうとしたときに、手掛かりにしていたパイプサポートが外れたため墜落した。","3","建設業","302","建築工事業","30209","その他の建築工事業","1~9","2","物上げ装置、運搬機械","21","動力クレーン等","216","ゴンドラ","1","墜落、転落"
"1451","2002","平成","14","6","13~14","松くい虫の防除作業において、チェーンソーで伐木を行ったとき伐倒木が予定より90度ずれて倒れてきたので、急斜面(38度勾配)の谷側に逃げ、斜面を止まり切れずに崖から約24m下の小川に墜落した。","6","農林業","602","林業","60209","その他の林業","1~9","7","環境等","71","環境等","711","地山、岩石","1","墜落、転落"
"1452","2002","平成","14","4","21~22","制御盤の配線変更作業が終了して乗用車で自動道を走行中、中央分離帯に衝突し助手席の同乗者が死亡した。","1","製造業","114","電気機械器具製造業","11409","その他の電気機械器具製造業","1~9","2","物上げ装置、運搬機械","23","乗物","231","乗用車、バス、バイク","17","交通事故（道路）"
"1453","2002","平成","14","12","17~18","リン青銅帯(6t)をフォークに差して前進で走行中、帰宅のため工場内の横断歩道を歩いていた者に気が付かずに轢いた。","1","製造業","111","非鉄金属製造業","11101","非鉄金属精錬・圧延業","1000~9999","2","物上げ装置、運搬機械","22","動力運搬機","222","フォークリフト","6","激突され"
"1454","2002","平成","14","12","9~10","自社の門柱を移動させるため基礎付近を掘削していたところ、基礎の底にコンクリートの塊が付着したのでバールで塊を削ったときに、門柱が倒れ直撃された。","3","建設業","301","土木工事業","30199","その他の土木工事業","10~29","4","仮設物、建築物、構築物等","41","仮設物、建築物、構築物等","418","建築物、構築物","5","崩壊、倒壊"
"1455","2002","平成","14","12","7~8","普通貨物自動車に6人が同乗して工場現場に向けて走行中、運転を誤って流出車線に入ったので走行車線に戻ろうとしたところ、走行車線を車両が走行していたたため、これを避けようとして流出車線と走行車線を分岐しているガードレールに衝突、転倒し3人が死亡した。","3","建設業","302","建築工事業","30209","その他の建築工事業","1~9","2","物上げ装置、運搬機械","22","動力運搬機","221","トラック","17","交通事故（道路）"
"1456","2002","平成","14","12","7~8","普通貨物自動車に6人が同乗して工場現場に向けて走行中、運転を誤って流出車線に入ったので走行車線に戻ろうとしたところ、走行車線を車両が走行していたたため、これを避けようとして流出車線と走行車線を分岐しているガードレールに衝突、転倒し3人が死亡した。","3","建設業","302","建築工事業","30209","その他の建築工事業","1~9","2","物上げ装置、運搬機械","22","動力運搬機","221","トラック","17","交通事故（道路）"
"1457","2002","平成","14","12","7~8","普通貨物自動車に6人が同乗して工場現場に向けて走行中、運転を誤って流出車線に入ったので走行車線に戻ろうとしたところ、走行車線を車両が走行していたたため、これを避けようとして流出車線と走行車線を分岐しているガードレールに衝突、転倒し3人が死亡した。","3","建設業","302","建築工事業","30209","その他の建築工事業","1~9","2","物上げ装置、運搬機械","22","動力運搬機","221","トラック","17","交通事故（道路）"
"1458","2002","平成","14","11","8~9","木造平屋建住宅の解体工事において、トタン屋根の雪下ろしをしていたときに、足を滑らせて屋根から2.4m下に墜落した。","3","建設業","302","建築工事業","30202","木造家屋建築工事業","1~9","4","仮設物、建築物、構築物等","41","仮設物、建築物、構築物等","418","建築物、構築物","1","墜落、転落"
"1459","2002","平成","14","12","9~10","トイレ清掃のため、用具等を載せた一輪車を押して構内の道路を移動していたときに、貨物自動車(構内専用車)が方向転換するためバックしてきて左前輪に轢かれた。","1","製造業","110","鉄鋼業","11001","製鉄・製鋼・圧延業","30~49","2","物上げ装置、運搬機械","22","動力運搬機","221","トラック","6","激突され"
"1460","2002","平成","14","12","13~14","ビニルハウス内での養土製造作業で、養土攪拌機に土を入れようとしたが底部に前回の土が残っていたため、攪拌機を動かしながらシャベルで残土を取り除こうとして、攪拌機の土を攪拌するバーと攪拌機の底部との間に頭部、右腕部を挟まれた。","6","農林業","601","農業","60101","農業","1~9","1","動力機械","16","一般動力機械","162","混合機、粉砕機","7","はさまれ、巻き込まれ"
"1461","2002","平成","14","12","8~9","住宅新築工事において、トラックで運んだ床パネルを移動式クレーンで吊り上げたときに、床パネルが落下して付近にいた者を直撃した。","4","運輸交通業","403","道路貨物運送業","40301","一般貨物自動車運送業","10~29","3","その他の装置等","37","用具","372","玉掛用具","4","飛来、落下"
"1462","2002","平成","14","12","10~11","堆肥生産工場において、バークに混在していた木の枝が供給機のドラムで詰まったので取り除こうとしてドラムに巻き込まれた。","17","その他の事業","1702","その他の事業","170209","その他の事業－その他","1~9","1","動力機械","16","一般動力機械","169","その他の一般動力機械","7","はさまれ、巻き込まれ"
"1463","2002","平成","14","2","11~12","うまに歩み板を渡して足場(高さ1.3m)とし、かけやで梁のかけ替え作業を行っているときに、バランスを崩して足場からコンクリート床に墜落した。","3","建設業","302","建築工事業","30202","木造家屋建築工事業","1~9","4","仮設物、建築物、構築物等","41","仮設物、建築物、構築物等","411","足場","1","墜落、転落"
"1464","2002","平成","14","12","9~10","廃車するトレーラーの部品(タイヤ、ミッション、燃料タンク等)を2m後方のトレーラーに移すため、前方のトレーラーのサイドブレーキをゆるめてタイヤに歯止めをしてジャッキアップしたところ、トレーラーが歯止めを乗り越えて後方へ動き出したので、止めようとして前方と後方のトレーラーの間に挟まれた。","1","製造業","117","その他の製造業","11701","自動車整備業","1~9","2","物上げ装置、運搬機械","22","動力運搬機","221","トラック","7","はさまれ、巻き込まれ"
"1465","2002","平成","14","12","9~10","電線管端部のねじ切り作業中、着用していた安全帯のロープがねじ切り機械の回転体に巻き込まれて上半身を圧迫された。","3","建設業","303","その他の建設業","30301","電気通信工事業","1~9","1","動力機械","15","金属加工用機械","159","その他の金属加工用機械","7","はさまれ、巻き込まれ"
"1466","2002","平成","14","12","11~12","マンション新築工事のための床掘り作業において、敷地境界のよう壁(厚さ44センチメートル、高さ1.3m、長さ15m)を補強するためドラグショベルで深さ2.3m、幅1.2m、長さ16mにわたり床掘りし型枠を組んでいたときに、よう壁が倒壊し挟まれた。","3","建設業","302","建築工事業","30201","鉄骨・鉄筋コンクリート造家屋建築工事業","10~29","4","仮設物、建築物、構築物等","41","仮設物、建築物、構築物等","418","建築物、構築物","5","崩壊、倒壊"
"1467","2002","平成","14","12","7~8","資材置場の通路で携帯電話で話をしていたところ、他の現場に向うために通路を後進してきたトラック(積載型小型移動式クレーン付き)の左後輪に頭部を轢かれた。","3","建設業","301","土木工事業","30110","上下水道工事業","10~29","2","物上げ装置、運搬機械","22","動力運搬機","221","トラック","6","激突され"
"1468","2002","平成","14","1","21~22","食品を輸送するため大型トレーラーで走行中、橋のところで道路左側の防護柵を突き破って約11m下の河川敷に転落した。","4","運輸交通業","403","道路貨物運送業","40301","一般貨物自動車運送業","1~9","2","物上げ装置、運搬機械","22","動力運搬機","221","トラック","17","交通事故（道路）"
"1469","2002","平成","14","12","16~17","トンネルの補強工事において、用水路の管理道路(幅3.8m、アスファルト舗装)上を歩行中に、後進してきた4tトラックに跳ねられた。","3","建設業","301","土木工事業","30107","河川土木工事業","1~9","2","物上げ装置、運搬機械","22","動力運搬機","221","トラック","17","交通事故（道路）"
"1470","2002","平成","14","12","11~12","営業活動を終え乗用車で国道を走行中、緩い左カーブのアイスバーン状態の路面でスピンし、左回転しながら対向車線にはみ出して対向の4tトラックと衝突した。","3","建設業","301","土木工事業","30199","その他の土木工事業","30~49","2","物上げ装置、運搬機械","23","乗物","231","乗用車、バス、バイク","17","交通事故（道路）"
"1471","2002","平成","14","12","10~11","民有林の伐木作業で枝払い中に、跳ねた枝の勢いでチェーンソー本体上部が右顔面に激突した。","6","農林業","602","林業","60201","木材伐出業","1~9","7","環境等","71","環境等","712","立木等","6","激突され"
"1472","2002","平成","14","11","14~15","トラクターショベル(タイヤ式四輪駆動)で養鶏場の鶏糞をダンプトラックに積載し、後進で戻るときに後方右輪が約70センチメートルの段差で脱輪したため横転し下敷きになった。","1","製造業","101","食料品製造業","10101","肉製品、乳製品製造業","100~299","1","動力機械","14","建設機械等","141","整地・運搬・積込み用機械","2","転倒"
"1473","2002","平成","14","12","19~20","コルゲートマシーンで発生した不良品の段ボールを裁断機に投入しているときに、左腕から頭部まで巻き込まれた。","1","製造業","106","パルプ・紙・紙加工品製造業","10602","紙加工品製造業","50~99","1","動力機械","16","一般動力機械","169","その他の一般動力機械","7","はさまれ、巻き込まれ"
"1474","2002","平成","14","5","7~8","配送先で荷卸を終え、トラック荷台に防水シートを掛けているときに転倒して頭を打った。","4","運輸交通業","403","道路貨物運送業","40301","一般貨物自動車運送業","30~49","4","仮設物、建築物、構築物等","41","仮設物、建築物、構築物等","416","作業床、歩み板","2","転倒"
"1475","2002","平成","14","11","8~9","砕石工場の井戸に設置している水中ポンプを交換するため、ポンプに接続された鉄管(直径15.5センチメートル、長さ7m)にワイヤーロープを掛けドラグ・ショベルで引き上げ地面に着地させたときに、バケットの吊りフックからワイヤーロープが外れたため鉄管が落下し激突された。","4","運輸交通業","403","道路貨物運送業","40301","一般貨物自動車運送業","10~29","1","動力機械","14","建設機械等","142","掘削用機械","4","飛来、落下"
"1476","2002","平成","14","12","11~12","公園の樹木の剪定作業中、足場としていた石垣の上で躓いて1m下の石畳通路に転落し、そのとき使用していた剪定バサミが左上腕に刺さった。","6","農林業","601","農業","60101","農業","1~9","4","仮設物、建築物、構築物等","41","仮設物、建築物、構築物等","418","建築物、構築物","1","墜落、転落"
"1477","2002","平成","14","12","16~17","倉庫内でフォークリフトにより荷物を運搬中、メインマストとリフトブラケットとの隙間に頭部を入れて積荷の状況を確認しようとしたときに、リフトレバーに体の一部が触れたためフォークが上昇し頭部をはさまれた。","8","商業","801","卸売業","80109","その他の卸売業","30~49","2","物上げ装置、運搬機械","22","動力運搬機","222","フォークリフト","7","はさまれ、巻き込まれ"
"1478","2002","平成","14","12","11~12","25tダンプトラックに採石場で出たズリを積んでプラントに向かう途中、路肩より約60m下にダンプごと転落した。","2","鉱業","202","土石採取業","20201","採石業","30~49","2","物上げ装置、運搬機械","22","動力運搬機","221","トラック","1","墜落、転落"
"1479","2002","平成","14","6","11~12","3tトラックに醤油及びみりんを約2.4t積んで国道を走行中、左カーブの登り坂で欄干に接触して横転しながら反対側の欄干及びガードレールに衝突した。","4","運輸交通業","403","道路貨物運送業","40301","一般貨物自動車運送業","10~29","2","物上げ装置、運搬機械","22","動力運搬機","221","トラック","17","交通事故（道路）"
"1480","2002","平成","14","5","5~6","冷凍冷蔵車(積載荷重3t)に青果物を積み県道を走行中、対向のトラック(積載荷重6t)と衝突し反対側の堤防下に転落した。","4","運輸交通業","403","道路貨物運送業","40301","一般貨物自動車運送業","50~99","2","物上げ装置、運搬機械","22","動力運搬機","221","トラック","17","交通事故（道路）"
"1481","2002","平成","14","11","9~10","鋼板製造工程にあるリコイル装置の定期修理でコイルカーのモーターを取り外したところ、付属するバランスウエイトが重力により降下したため、真下で清掃作業をしていた者が降下してきたバランスウエイトに挟まれた。","1","製造業","110","鉄鋼業","11001","製鉄・製鋼・圧延業","1000~9999","1","動力機械","16","一般動力機械","169","その他の一般動力機械","7","はさまれ、巻き込まれ"
"1482","2002","平成","14","11","10~11","住宅の増築工事において、屋根上で寸法取りをしていて3.25m下に墜落した。","3","建設業","302","建築工事業","30202","木造家屋建築工事業","1~9","4","仮設物、建築物、構築物等","41","仮設物、建築物、構築物等","415","屋根、はり、もや、けた、合掌","1","墜落、転落"
"1483","2002","平成","14","11","15~16","鋼製パイプ(直径1.4m、長さ14m、質量11t)の仕上加工中、パイプの側面に溶接されていた鋼製の矢板部材(直径14センチメートル、長さ9.3mのパイプ)がターニングロールと接触したため、パイプがターニングロール上からずれ落ちて作業員に当たった。","1","製造業","112","金属製品製造業","11209","その他の金属製品製造業","10~29","1","動力機械","15","金属加工用機械","159","その他の金属加工用機械","6","激突され"
"1484","2002","平成","14","6","4~5","ダンプカーで残土を捨場まで運搬中に荷崩れして残土が国道に散乱したため、一旦残土を捨場まで運んだのちに散乱した場所まで戻ってダンプカーを反対車線に駐車し、スコップで片付けていたときに走行中の乗用車に轢かれた。","4","運輸交通業","403","道路貨物運送業","40301","一般貨物自動車運送業","50~99","2","物上げ装置、運搬機械","23","乗物","231","乗用車、バス、バイク","17","交通事故（道路）"
"1485","2002","平成","14","11","11~12","ずい道上部を開削するため、岩盤上の土被り状況調査の掘削をしているときに、作業床端部より重機とともに転落し、車外に放り出されて重機の下敷きとなった。","3","建設業","301","土木工事業","30102","トンネル建設工事業","1~9","1","動力機械","14","建設機械等","142","掘削用機械","1","墜落、転落"
"1486","2002","平成","14","12","11~12","15tトラックに鉄筋13tを積んでマンション新築工事現場に到着し、移動式クレーンで鉄筋を降ろしているときに、トラックが前方に動き出したので荷台上で玉掛け作業をしていた者が荷台から飛び降りてトラックを止めようとして、トラックと土手との間に挟まれた。","4","運輸交通業","403","道路貨物運送業","40301","一般貨物自動車運送業","50~99","2","物上げ装置、運搬機械","22","動力運搬機","221","トラック","7","はさまれ、巻き込まれ"
"1487","2002","平成","14","12","9~10","倉庫内で棚卸作業を行うため、フォークリフトの爪にパレット差し込んでそれに乗り、高さ4.9mの棚上にある製品数を確認しているときに足を踏み外して墜落した。","1","製造業","107","印刷・製本業","10701","印刷業","30~49","2","物上げ装置、運搬機械","22","動力運搬機","222","フォークリフト","1","墜落、転落"
"1488","2002","平成","14","11","16~17","水質管理センターの沈砂池機械設備の改造工事において、沈砂排出機の補塗装を行うため点検口より中へ入ったときに、メーカーの試運転立会者が機械を動かしたため、沈砂排出機コンベア内の羽根に挟まれた。","3","建設業","303","その他の建設業","30302","機械器具設置工事業","30~49","2","物上げ装置、運搬機械","22","動力運搬機","224","コンベア","7","はさまれ、巻き込まれ"
"1489","2002","平成","14","12","14~15","変圧器を設置して高圧(6600V)を送電したところ、接続違いで隣設変圧器との異相が生じたため、接続換えの作業に取り掛かったときに開閉器の開放を誤っため感電した。","3","建設業","303","その他の建設業","30301","電気通信工事業","10~29","3","その他の装置等","35","電気設備","352","電力設備","13","感電"
"1490","2002","平成","14","10","23~24","8tトラックに荷を積んで自動車道を走行中、インターチェンジの料金所を突破して県道沿いの地下道入口の擁壁に衝突した。","4","運輸交通業","403","道路貨物運送業","40301","一般貨物自動車運送業","1~9","2","物上げ装置、運搬機械","22","動力運搬機","221","トラック","17","交通事故（道路）"
"1491","2002","平成","14","12","16~17","木造2階建てアパートの新築工事において、外部足場(高さ4.2m)上で屋根の組立作業を行っていて、足場と躯体との間の開口部(38センチメートル×2.8m)から4.2m下の1階コンクリート基礎部分に墜落した。","3","建設業","302","建築工事業","30202","木造家屋建築工事業","1~9","4","仮設物、建築物、構築物等","41","仮設物、建築物、構築物等","411","足場","1","墜落、転落"
"1492","2002","平成","14","12","10~11","地下2階の排水タンクのスラブ上で、配管サポート金具にFRPライニングによる耐食加工を行うための下見していて、3.95m下のタンク底に墜落した。","3","建設業","303","その他の建設業","30302","機械器具設置工事業","1~9","4","仮設物、建築物、構築物等","41","仮設物、建築物、構築物等","414","開口部","1","墜落、転落"
"1493","2002","平成","14","12","19~20","自動車販売店の鉄骨造りテントの設置作業において、鉄骨上に張ったテント上でテント布の接合部に布を貼る作業を行っているときに、テントの端から約3.7m下の道路に墜落した。","3","建設業","302","建築工事業","30201","鉄骨・鉄筋コンクリート造家屋建築工事業","1~9","4","仮設物、建築物、構築物等","41","仮設物、建築物、構築物等","415","屋根、はり、もや、けた、合掌","1","墜落、転落"
"1494","2002","平成","14","12","19~20","圧延工場で、手直場に置いていた長尺物専用吊りビーム(高さ0.9m、長さ10m、質量約1t)を天井クレーンのフックに掛けるため、クレーン運転士に巻下げの合図を行ったときに、吊りビームが倒れてきて吊りビームと後方にあったH形鋼(高さ0.8m)との間に挟まれた。","1","製造業","110","鉄鋼業","11001","製鉄・製鋼・圧延業","30~49","3","その他の装置等","37","用具","372","玉掛用具","5","崩壊、倒壊"
"1495","2002","平成","14","9","11~12","ダンボール等の古紙をプレス機で圧縮したものを番線により結束した状態で出荷する作業中に、プレス機の主押(古紙を圧縮する)部分を押し出すシリンダーを覆う架台(鋼製アングル等により組み立て)部分の清掃に立ち入って頭部を挟まれた。","1","製造業","106","パルプ・紙・紙加工品製造業","10602","紙加工品製造業","10~29","1","動力機械","16","一般動力機械","169","その他の一般動力機械","7","はさまれ、巻き込まれ"
"1496","2002","平成","14","12","21~22","1tトラックで帰社するため走行中、会社の手前約300mの路上に駐車していたトレーラーに衝突した。","8","商業","802","小売業","80209","その他の小売業","10~29","2","物上げ装置、運搬機械","22","動力運搬機","221","トラック","17","交通事故（道路）"
"1497","2002","平成","14","7","13~14","県道を大型トレーラーで走行中、下り坂の右カーブを曲がろうとして横転し、左側のガードレールを突き破って10m下に転落した。","4","運輸交通業","403","道路貨物運送業","40301","一般貨物自動車運送業","30~49","2","物上げ装置、運搬機械","22","動力運搬機","221","トラック","17","交通事故（道路）"
"1498","2002","平成","14","12","13~14","道路新設工事において、砕石を敷き終わってローラーで転圧作業中に、ローラーの後方にいた者をローラーで轢いた。","3","建設業","301","土木工事業","30106","道路建設工事業","1~9","1","動力機械","14","建設機械等","144","締固め用機械","7","はさまれ、巻き込まれ"
"1499","2002","平成","14","11","13~14","平屋木造家屋の解体作業において、土壁を倒すため控えを外したとき脚立を置き忘れたことに気づいて取りに行こうとしたときに、壁が倒壊して下敷きになった。","3","建設業","302","建築工事業","30202","木造家屋建築工事業","1~9","4","仮設物、建築物、構築物等","41","仮設物、建築物、構築物等","418","建築物、構築物","5","崩壊、倒壊"
"1500","2002","平成","14","12","5~6","スラブの研削を行うラインで、1人作業を行っていてベルトコンベヤーに足を挟まれた。","1","製造業","110","鉄鋼業","11001","製鉄・製鋼・圧延業","500~999","2","物上げ装置、運搬機械","22","動力運搬機","224","コンベア","7","はさまれ、巻き込まれ"
"1501","2002","平成","14","9","11~12","木造家屋の新築工事において、2階床梁のコンパネ上で2階の間柱立て込み作業中、コンパネがずれて足場板が外れたため3m下の1階梁上に墜落した。","3","建設業","302","建築工事業","30202","木造家屋建築工事業","50~99","4","仮設物、建築物、構築物等","41","仮設物、建築物、構築物等","416","作業床、歩み板","1","墜落、転落"
"1502","2002","平成","14","12","14~15","林道開設工事において、法面が高さ約60m、長さ約50mにわたり崩壊したため、下方で打合せをしていた2名のうち逃げ遅れた1名が生き埋めになった。","3","建設業","301","土木工事業","30106","道路建設工事業","10~29","7","環境等","71","環境等","711","地山、岩石","5","崩壊、倒壊"
"1503","2002","平成","14","12","10~11","土地区画整理に伴う擁壁工事において、擁壁内側の水捌けを良くする粗石を入れるときに土と混合しないための仕切り鉄板(153センチメートル×355センチメートル×2センチメートル、質量約800キログラム)を桟木で仮固定(4箇所)していたときに、先に仮固定した2箇所のうち上部の桟木が外れたために鉄板が倒れ、鉄板を背に作業をしていた者に激突した。","3","建設業","301","土木工事業","30109","土地整理土木工事業","30~49","5","物質、材料","52","材料","522","木材、竹材","5","崩壊、倒壊"
"1504","2002","平成","14","12","16~17","屋上の鉄筋ヤードにおいて、つり上げ荷重2.8tのクレーンを使用して鉄筋の束(1束60本、長さ約9m、重さ約2t)を所定のラックの支柱に寄せて荷卸ししたときに、ラックの支柱(H鋼)2本の根元の溶接箇所が破断して傾いたため、支柱と隣の支柱との間に挟まれた。","3","建設業","301","土木工事業","30199","その他の土木工事業","10~29","4","仮設物、建築物、構築物等","41","仮設物、建築物、構築物等","419","その他の仮設物、建築物、構築物等","7","はさまれ、巻き込まれ"
"1505","2002","平成","14","12","8~9","木造住宅の建築工事において、運搬した荷(建築用木材を金属製ラックに入れたもの)をトラッククレーンで降ろしていたときに、荷が傾いたため荷とトラックの荷台との間に胸部を挟まれた。","4","運輸交通業","403","道路貨物運送業","40301","一般貨物自動車運送業","1~9","3","その他の装置等","37","用具","372","玉掛用具","4","飛来、落下"
"1506","2002","平成","14","12","16~17","木造3階建の建築工事において、3階に合板床材を貼り付けるためベランダ部分の寸法を計測しているときに、3m下の2階のコンクリートスラブ上に墜落した。","3","建設業","302","建築工事業","30202","木造家屋建築工事業","1~9","4","仮設物、建築物、構築物等","41","仮設物、建築物、構築物等","414","開口部","1","墜落、転落"
"1507","2002","平成","14","12","14~15","コークス炉解体物の仮置場において、コークスを炉から運搬車に移すガイド車を解体するためガイド車のドアリフター架台(重さ18t)のロックピンをガス溶接機で切断したところ、リフター旋回シリンダーが開いてリフター架台が直近で作業していた者の方に倒れたため、リフター架台端部と地面との間に挟まれた。","3","建設業","303","その他の建設業","30302","機械器具設置工事業","10~29","3","その他の装置等","39","その他の装置、設備","391","その他の装置、設備","5","崩壊、倒壊"
"1508","2002","平成","14","12","4~5","客を乗用車で送り届け国道を走行中、街路樹に激突した。","14","接客娯楽業","1402","飲食店","140209","その他の飲食店","1~9","2","物上げ装置、運搬機械","23","乗物","231","乗用車、バス、バイク","17","交通事故（道路）"
"1509","2002","平成","14","11","9~10","浄水場配水池改良工事において、換気塔の点検用タラップの踊場(コンクリート製、3m×1.2m、厚さ20センチメートル、推定質量1.48t)の型枠下部パイプサポートを撤去したところ、踊場が突然落下し踊場と足場板との間に胸部を挟まれた。","3","建設業","301","土木工事業","30199","その他の土木工事業","100~299","4","仮設物、建築物、構築物等","41","仮設物、建築物、構築物等","418","建築物、構築物","5","崩壊、倒壊"
"1510","2002","平成","14","11","16~17","歩道を横断歩行中に右折してきたトレーラーに轢かれた。","15","清掃・と畜業","1501","清掃・と畜業","150101","ビルメンテナンス業","1~9","2","物上げ装置、運搬機械","22","動力運搬機","221","トラック","17","交通事故（道路）"
"1511","2002","平成","14","1","15~16","クレーンで加工母材を搬出するため吊り上げたときに、荷と材料置場に置いていた材料との間に腹部を挟まれた。","1","製造業","112","金属製品製造業","11209","その他の金属製品製造業","10~29","2","物上げ装置、運搬機械","21","動力クレーン等","211","クレーン","7","はさまれ、巻き込まれ"
"1512","2002","平成","14","12","4~5","大型トラックで高速道路を走行中、トンネル入口付近で外側のガードレールに衝突して道路中央付近に停止していた乗用車に追突し、さらに約200m先のトンネル入口のコンクリート壁に激突した。","4","運輸交通業","403","道路貨物運送業","40301","一般貨物自動車運送業","10~29","2","物上げ装置、運搬機械","22","動力運搬機","221","トラック","17","交通事故（道路）"
"1513","2002","平成","14","12","8~9","アパートの改修工事において、単管抱き足場の解体中に5.1m下に墜落した。","3","建設業","302","建築工事業","30202","木造家屋建築工事業","10~29","4","仮設物、建築物、構築物等","41","仮設物、建築物、構築物等","411","足場","1","墜落、転落"
"1514","2002","平成","14","12","9~10","家庭の排水を流し込むマンホール(内径40センチメートル、深さ1.1m)の中に頭から上半身を入れて、マンホール底の家庭排水管(塩ビ製直径15センチメートル)と町下水管との接合部周囲にモルタルを手作業で盛っていたときに、頭からマンホール底に落ち込んで自力で脱出できなくなり、もがいているうちに力尽きた。","3","建設業","301","土木工事業","30110","上下水道工事業","1~9","4","仮設物、建築物、構築物等","41","仮設物、建築物、構築物等","418","建築物、構築物","1","墜落、転落"
"1515","2002","平成","14","12","10~11","自動車で会社から郵便局に向けて市道を走行中、ガードレール脇に駐車していたトラックに追突した。","17","その他の事業","1702","その他の事業","170209","その他の事業－その他","1~9","2","物上げ装置、運搬機械","23","乗物","231","乗用車、バス、バイク","17","交通事故（道路）"
"1516","2002","平成","14","12","19~20","市営バスで走行中、ランプ出口の手前で前方を走る大型トレーラーが道路壁に接触して道路を塞ぐ形で停車したので、バスを急停車して後続車輌に事故を知らせるため車外に出て合図を送ろうとしたとき、後続のトレーラーと道路壁との間に挟まれた。","4","運輸交通業","402","道路旅客運送業","40202","バス業","100~299","2","物上げ装置、運搬機械","23","乗物","231","乗用車、バス、バイク","17","交通事故（道路）"
"1517","2002","平成","14","12","16~17","庭園での作業を終えたので作業車(軽ワゴン車)を敷地内駐車場に入れるため、助手席からいったん降りてゲートを開けたのち戻ろうとしたときに、作業車が発進したため跳ねられた。","14","接客娯楽業","1403","その他の接客娯楽業","140302","公園・遊園地","10~29","2","物上げ装置、運搬機械","23","乗物","231","乗用車、バス、バイク","6","激突され"
"1518","2002","平成","14","10","8~9","タンカー(19500t)機関室内のユニット艤装品を溶接するため、ワイヤー(質量約12.5キログラム)を持って梯子を降りていたとき足を踏み外して高さ約1.05mのところから機関台デッキに転落し、さらに0.8m下のタンクトップへ転落した。","1","製造業","115","輸送用機械等製造業","11501","造船業","100~299","3","その他の装置等","37","用具","371","はしご等","1","墜落、転落"
"1519","2002","平成","14","12","14~15","トラックでプロパンガスを配達して走行中、交差点で乗用車と出会い頭に衝突して車外に投げ出され、トラックの下敷きになった。","8","商業","802","小売業","80204","燃料小売業","10~29","2","物上げ装置、運搬機械","23","乗物","231","乗用車、バス、バイク","17","交通事故（道路）"
"1520","2002","平成","14","12","7~8","ドラグショベルでトラックに瓦礫等を積載作業中に、身体を車外に乗り出してブームに挟まれた。","15","清掃・と畜業","1501","清掃・と畜業","150102","産業廃棄物処理業","1~9","1","動力機械","14","建設機械等","142","掘削用機械","7","はさまれ、巻き込まれ"
"1521","2002","平成","14","12","11~12","特別収集で搬入されたゴミをプラットホームからピット内へ投入作業中、3名の誘導者のち1名の姿が見えなくなったので探したところ、ピット内のゴミの中で発見した。","15","清掃・と畜業","1501","清掃・と畜業","150103","その他の廃棄物処理業","10~29","4","仮設物、建築物、構築物等","41","仮設物、建築物、構築物等","414","開口部","1","墜落、転落"
"1522","2002","平成","14","12","14~15","雨水の浸透槽設置工事において、バックホーで掘削した部分(深さ約3m)に土止め支保工を設置するため、内部に入って作業中に地山が崩壊(約2.5立方メートル)し生き埋めとなった。","3","建設業","301","土木工事業","30199","その他の土木工事業","1~9","7","環境等","71","環境等","711","地山、岩石","5","崩壊、倒壊"
"1523","2002","平成","14","12","20~21","物流センターの一階倉庫(主に酒類置場)において、フォークリフト(オーダーピッカー)を使用して商品ラック4段目にあった商品を取ろうとしていたときに、運転席(高さ3.04m)からコンクリート製の床面に墜落し頭部を強打した。","8","商業","801","卸売業","80101","各種商品卸売業","100~299","2","物上げ装置、運搬機械","22","動力運搬機","222","フォークリフト","1","墜落、転落"
"1524","2002","平成","14","6","2~3","タクシーに乗客を乗せ走行中、対向車が雪でバウンドして進入してきたため正面衝突した。","4","運輸交通業","402","道路旅客運送業","40201","ハイヤー・タクシー業","100~299","2","物上げ装置、運搬機械","23","乗物","231","乗用車、バス、バイク","17","交通事故（道路）"
"1525","2002","平成","14","11","5~6","自転車で新聞配達中、誤って自転車ごと水路に転落し溺死した。","8","商業","802","小売業","80205","新聞販売業","10~29","2","物上げ装置、運搬機械","23","乗物","239","その他の乗物","17","交通事故（道路）"
"1526","2002","平成","14","11","5~6","新聞配達のため自転車で町道を走行中、町道の端にある用水路に自転車ごと転落し溺死した。","8","商業","802","小売業","80205","新聞販売業","10~29","2","物上げ装置、運搬機械","23","乗物","239","その他の乗物","17","交通事故（道路）"
"1527","2002","平成","14","11","16~17","瓦の下地材製造に使用する混合機の清掃中に混合機が突然動き出したため、中にいた者が内部の混合用のスクリューに下半身を巻き込まれた。","1","製造業","109","窯業土石製品製造業","10909","その他の土石製品製造業","1~9","1","動力機械","16","一般動力機械","162","混合機、粉砕機","7","はさまれ、巻き込まれ"
"1528","2002","平成","14","12","11~12","ガス管布設工事において、開削時に使用する鉄板(1220×2440×20ミリメートル)2枚をドラグショベルで吊り上げ水路内に降ろそうとしたときに、機体が横転し電信柱と機体との間に首を挟まれた。","17","その他の事業","1702","その他の事業","170209","その他の事業－その他","30~49","1","動力機械","14","建設機械等","141","整地・運搬・積込み用機械","2","転倒"
"1529","2002","平成","14","12","14~15","雨で道路工事ができないので、工事場所に隣接する自社所有の山から葉が落ちて工事を行っているU字溝へ溜まる原因となる立木をチェーンソーで伐倒中、伐倒していた立木(高さ約18m、胸高直径33センチメートル)が裂けて落下し激突された。","3","建設業","301","土木工事業","30106","道路建設工事業","1~9","7","環境等","71","環境等","712","立木等","6","激突され"
"1530","2002","平成","14","12","4~5","新聞配達のため県道をオートバイで走行中、普通乗用車と衝突した。","8","商業","802","小売業","80205","新聞販売業","1~9","2","物上げ装置、運搬機械","23","乗物","231","乗用車、バス、バイク","17","交通事故（道路）"
"1531","2002","平成","14","10","12~13","トラックに荷を積んで走行中、道路の中央分離帯に衝突し40m先で横転した。","4","運輸交通業","403","道路貨物運送業","40301","一般貨物自動車運送業","30~49","2","物上げ装置、運搬機械","22","動力運搬機","221","トラック","17","交通事故（道路）"
"1532","2002","平成","14","12","9~10","フォークリフトで合板等を運搬してきて、フォーク上に荷を積載したままの状態で前に回り込み他の荷の確認と取出しを行っていたときに、フォーク上の荷が頭上に落下した。","8","商業","801","卸売業","80102","家具・建具・じゅう器等卸売業","1~9","2","物上げ装置、運搬機械","22","動力運搬機","222","フォークリフト","5","崩壊、倒壊"
"1533","2002","平成","14","12","0~1","年末の終礼に出席するため自家用車で国道を走行中、交差点で信号無視のトレーラートラック(30t)に衝突された。","1","製造業","115","輸送用機械等製造業","11501","造船業","10~29","2","物上げ装置、運搬機械","22","動力運搬機","221","トラック","17","交通事故（道路）"
"1534","2002","平成","14","12","1~2","国道のアスファルト補修工事を行うため、現場に到着してカラーコーンの設置等の準備中に、ワゴン車が突進してきて跳ねられた。","3","建設業","301","土木工事業","30106","道路建設工事業","1~9","2","物上げ装置、運搬機械","23","乗物","231","乗用車、バス、バイク","17","交通事故（道路）"
"1535","2002","平成","14","12","3~4","路線バスで圧雪状態の自動車道を走行中、前車のトラックがスリップして横転したのでそれを避けようとしたが避けきれず、横転したトラックに衝突した。","4","運輸交通業","402","道路旅客運送業","40202","バス業","100~299","2","物上げ装置、運搬機械","22","動力運搬機","221","トラック","17","交通事故（道路）"
"1536","2002","平成","14","9","12~13","トラックで高速道路を走行中、中央分離帯に衝突した。","4","運輸交通業","403","道路貨物運送業","40301","一般貨物自動車運送業","10~29","2","物上げ装置、運搬機械","22","動力運搬機","221","トラック","17","交通事故（道路）"
"1537","2002","平成","14","12","10~11","ゴルフ場のグリーンローラー(三輪式の車体の下に芝整備用ローラーを備えたもの)でグリーン整備作業中、次のホールの手前のカート道を移動していたときに、グリーンローラーが転倒し下敷きとなった。","14","接客娯楽業","1403","その他の接客娯楽業","140301","ゴルフ場","10~29","1","動力機械","14","建設機械等","149","その他の建設機械等","2","転倒"
"1538","2002","平成","14","12","14~15","農作業場の改築工事において、高さ2.94mのところで折板屋根取り付けの補助作業を行っていて、作業床から地上に墜落した。","3","建設業","302","建築工事業","30201","鉄骨・鉄筋コンクリート造家屋建築工事業","1~9","4","仮設物、建築物、構築物等","41","仮設物、建築物、構築物等","416","作業床、歩み板","1","墜落、転落"
"1539","2002","平成","14","12","15~16","砂防ダム建設工事において、クルミの木(胸高直径24センチメートル、高さ18m)をチェーンソーで伐倒したところ、突然切り口から幹が裂けるように倒れて地面に着地したのち根元部分が跳ね上がり頭部に激突した。","3","建設業","301","土木工事業","30108","砂防工事業","50~99","7","環境等","71","環境等","712","立木等","4","飛来、落下"
"1540","2002","平成","14","11","9~10","製造ラインの搬送用ロボットの可動中に、可動範囲内に立ち入ってロボットのアームと加工ワークとの間に挟まれた。","1","製造業","115","輸送用機械等製造業","11502","自動車・同付属品製造業","1000~9999","1","動力機械","16","一般動力機械","167","産業用ロボット","7","はさまれ、巻き込まれ"
"1541","2002","平成","14","5","5~6","トラックに荷物を積んで国道を走行中、片側2車線の左側に停車していたコンテナ車に追突した。","4","運輸交通業","403","道路貨物運送業","40301","一般貨物自動車運送業","10~29","2","物上げ装置、運搬機械","22","動力運搬機","221","トラック","17","交通事故（道路）"
"1542","2002","平成","14","11","13~14","法面の仕上げに使用する土のうをドラグショベルのバケット(0.45立方メートル)で仮置場に移動するためエンジンを始動してロックレバーを解除した瞬間、バケットが法面側に動き出したため退避していた者が左足膝下を挟まれた。","3","建設業","301","土木工事業","30108","砂防工事業","30~49","1","動力機械","14","建設機械等","142","掘削用機械","7","はさまれ、巻き込まれ"
"1543","2002","平成","14","12","10~11","砂防ダム建設工事において堤体横の盛土に芝張作業中、芝のシートを取りに行くため擁壁の天端脇を移動していて、高さ2.65mのところから擁壁下の川床に墜落した。","3","建設業","301","土木工事業","30107","河川土木工事業","1~9","4","仮設物、建築物、構築物等","41","仮設物、建築物、構築物等","418","建築物、構築物","1","墜落、転落"
"1544","2002","平成","14","12","0~1","ごみ収集パッカー車の後部のテールゲートの機械に、脚部から背中中央部までを挟まれた。","15","清掃・と畜業","1501","清掃・と畜業","150103","その他の廃棄物処理業","1~9","2","物上げ装置、運搬機械","22","動力運搬機","221","トラック","7","はさまれ、巻き込まれ"
"1545","2002","平成","14","12","17~18","作業構台上の水銀灯を移動させる作業を50tクローラクレーンの立入禁止区域で行っていたため、クレーンが右旋回したときにカウンターウェイトと構台手すりとの間に挟まれた。","3","建設業","302","建築工事業","30201","鉄骨・鉄筋コンクリート造家屋建築工事業","10~29","2","物上げ装置、運搬機械","21","動力クレーン等","212","移動式クレーン","7","はさまれ、巻き込まれ"
"1546","2002","平成","14","12","15~16","4階建鉄筋コンクリート造新築工事において、2階のコンクリート打設床面を均す作業をしていて、2階床の開口部の枠組み足場最上段(2段足場)に積んであった歩み板に乗ったときに5.4m下の地上に墜落した。","3","建設業","302","建築工事業","30201","鉄骨・鉄筋コンクリート造家屋建築工事業","1~9","5","物質、材料","52","材料","521","金属材料","1","墜落、転落"
"1547","2002","平成","14","1","9~10","荷卸したトラックで走行中、交差点で右折のため止まっていた車4台の最後尾に追突し運転台に挟まれた。","4","運輸交通業","403","道路貨物運送業","40301","一般貨物自動車運送業","10~29","2","物上げ装置、運搬機械","22","動力運搬機","221","トラック","17","交通事故（道路）"
"1548","2002","平成","14","9","8~9","岸壁の車止めで休憩中に、岸壁から2.6m下の海面に転落し溺死した。","8","商業","804","その他の商業","80401","倉庫業","10~29","4","仮設物、建築物、構築物等","41","仮設物、建築物、構築物等","418","建築物、構築物","1","墜落、転落"
"1549","2002","平成","14","9","10~11","2階屋根上で、瓦下地の隙間の漏れ止めモルタルを詰める作業を行っていて、モルタルの運搬中に足を滑らせ5.8m下の1階床面に墜落した。","3","建設業","302","建築工事業","30202","木造家屋建築工事業","1~9","4","仮設物、建築物、構築物等","41","仮設物、建築物、構築物等","415","屋根、はり、もや、けた、合掌","1","墜落、転落"
"1550","2002","平成","14","9","13~14","定置網の端を船上クレーンに吊上げ、甲板上でホースを括り付けているボールローラーの支柱に跨って放水を行っていたときにボールローラーが動いたため、ボールローラーに跨っていた左足とローラーにとられた右足とで股間が裂けた状態となった。","7","畜産・水産業","702","水産業","70201","漁業","30~49","2","物上げ装置、運搬機械","23","乗物","239","その他の乗物","7","はさまれ、巻き込まれ"
"1551","2002","平成","14","1","7~8","乗用車で自動車道を走行中、道路を飛び出して道路左脇の法面を駆け上がり、その後、法面を転落した。","3","建設業","302","建築工事業","30201","鉄骨・鉄筋コンクリート造家屋建築工事業","10~29","2","物上げ装置、運搬機械","23","乗物","231","乗用車、バス、バイク","17","交通事故（道路）"
"1552","2002","平成","14","12","7~8","自社の自動車に労働者9名が同乗して工事現場に向けて自動車道を走行中、自動車の左後輪がバーストしたため、バランスを崩して道路の右側壁及び左側壁への激突を続けて横転し1名が死亡した。","3","建設業","302","建築工事業","30201","鉄骨・鉄筋コンクリート造家屋建築工事業","10~29","2","物上げ装置、運搬機械","23","乗物","231","乗用車、バス、バイク","17","交通事故（道路）"
"1553","2002","平成","14","12","15~16","梱包用資材をストックしている棚の最上段(高さ2.5m)から梱包用資材を地上に降ろす作業中に、コンクリート床に墜落した。","17","その他の事業","1702","その他の事業","170209","その他の事業－その他","1~9","4","仮設物、建築物、構築物等","41","仮設物、建築物、構築物等","419","その他の仮設物、建築物、構築物等","1","墜落、転落"
"1554","2002","平成","14","10","21~22","出張先で発注者との打合せが終了し、徒歩で宿泊先へ向かう途中の県道交差点の歩道上で立ち止まっていたときに、走行してきた乗用車が歩道上へ突っ込んできて跳ね飛ばされた。","17","その他の事業","1702","その他の事業","170209","その他の事業－その他","1000~9999","2","物上げ装置、運搬機械","23","乗物","231","乗用車、バス、バイク","17","交通事故（道路）"
"1555","2002","平成","14","9","9~10","雇用保険の手続に行くため自転車で走行中、コンクリート製の車止めに右ペダルが接触したためバランスを崩し転倒した。","1","製造業","101","食料品製造業","10109","その他の食料品製造業","30~49","3","その他の装置等","36","人力機械工具等","362","人力運搬機","2","転倒"
"1556","2002","平成","14","8","20~21","当日の売上金をコンビニエンスストアにバイク(50cc)で入金に行く途中、交差点において走行中のバイクに跳ねられた。","12","教育・研究業","1201","教育・研究業","120109","その他の教育研究業","10~29","2","物上げ装置、運搬機械","23","乗物","231","乗用車、バス、バイク","17","交通事故（道路）"
"1557","2002","平成","14","10","15~16","ケーブルクレーンの主索張り替え作業において、山頂側タワー付近で主索のクリップ止め作業を行っていたときに、工具(ラチェット)を山の斜面に落としたので、それを拾うため安全帯のロープを外して山の斜面に立ち入り崖から沢に墜落した。","3","建設業","303","その他の建設業","30302","機械器具設置工事業","10~29","7","環境等","71","環境等","711","地山、岩石","1","墜落、転落"
"1558","2002","平成","14","11","16~17","染色した綿織物を抜色するため、塩素酸ナトリウムを主成分とする抜色剤を塗布して蒸し器に入れ加熱していたときに爆発火災が発生し火傷を負った。","1","製造業","102","繊維工業","10204","染色整理業","1~9","5","物質、材料","52","材料","529","その他の材料","16","火災"
"1559","2002","平成","14","10","13~14","4tトラックで高速道を走行中、単独事故を起こした普通車に後方から走行してきた大型トレーラーが追突し、そのトレーラーに追突した。","4","運輸交通業","403","道路貨物運送業","40301","一般貨物自動車運送業","100~299","2","物上げ装置、運搬機械","22","動力運搬機","221","トラック","17","交通事故（道路）"
"1560","2002","平成","14","12","6~7","4tトラックで椅子を納品して国道を走行中、反対車線で発生した追突事故の弾みで中央分離帯を乗り越えてきたタンクローリーに衝突され、トラックごと約5m下の法面に転落した。","4","運輸交通業","403","道路貨物運送業","40301","一般貨物自動車運送業","10~29","2","物上げ装置、運搬機械","22","動力運搬機","221","トラック","17","交通事故（道路）"
"1561","2002","平成","14","12","9~10","住宅新築工事において、足場上で屋根の樋受けを取付けているときに、約4.5mのところから仰向けに墜落した。","3","建設業","302","建築工事業","30202","木造家屋建築工事業","1~9","4","仮設物、建築物、構築物等","41","仮設物、建築物、構築物等","411","足場","1","墜落、転落"
"1562","2002","平成","14","12","9~10","ヒノキの伐採作業で、約20mのヒノキを谷側に倒そうとクサビを打込んだが、尾根側に倒れて他の伐採夫を直撃した。","6","農林業","602","林業","60201","木材伐出業","50~99","7","環境等","71","環境等","712","立木等","6","激突され"
"1563","2002","平成","14","12","13~14","倉庫の増改築工事において、高さ4mの箇所に胴縁を取り付けるため鉄骨に立て掛けた移動はしご(全長4.4m)に昇っていたときに、移動はしごが倒れ一緒に墜落した。","3","建設業","302","建築工事業","30201","鉄骨・鉄筋コンクリート造家屋建築工事業","1~9","3","その他の装置等","37","用具","371","はしご等","1","墜落、転落"
"1564","2002","平成","14","11","14~15","高さ4.4mの梁の上で大工作業中に、バランスを崩して墜落した。","3","建設業","302","建築工事業","30202","木造家屋建築工事業","1~9","4","仮設物、建築物、構築物等","41","仮設物、建築物、構築物等","415","屋根、はり、もや、けた、合掌","1","墜落、転落"
"1565","2002","平成","14","1","15~16","個人住宅の2階ベランダに流し台を設置するため、屋根上で配管工事を単独で行っているときに、屋外の軒下に設けられたコンクリートブロック製の流し台上に転落した。","17","その他の事業","1702","その他の事業","170209","その他の事業－その他","1~9","3","その他の装置等","37","用具","371","はしご等","1","墜落、転落"
"1566","2002","平成","14","6","16~17","木造建築において、2階床の火打ちにコンパネを取り付けるためコンパネをずらしたときに、その上に乗ったためコンパネとともに3.5m下の一階床へ墜落した。","3","建設業","302","建築工事業","30202","木造家屋建築工事業","1~9","4","仮設物、建築物、構築物等","41","仮設物、建築物、構築物等","416","作業床、歩み板","1","墜落、転落"
"1567","2002","平成","14","12","7~8","工事現場へ移動するため事務所から乗用車で出発し信号待ちをしていたところ、白バイに追われていた車に後方から追突されたので、運転席から降りたときに逃走車が急発進して跳ねられ、そのまま約17m引きずられた。","3","建設業","301","土木工事業","30106","道路建設工事業","100~299","2","物上げ装置、運搬機械","23","乗物","231","乗用車、バス、バイク","17","交通事故（道路）"
"1568","2002","平成","14","11","17~18","地面に置いていた鉄函(積み重ねたもので高さ約1.8m)の前を通り抜けようとしたとき、上積みの鉄函が傾いて脇にあった別の鉄函との間に挟まれた。","8","商業","801","卸売業","80109","その他の卸売業","1~9","6","荷","61","荷","611","荷姿の物","5","崩壊、倒壊"
"1569","2002","平成","14","2","5~6","新聞配達が終了してバイク(90cc)で走行中、犬が飛び出して来たので避けようとしてハンドル操作を誤り、路側帯にある街路樹に激突した。","8","商業","802","小売業","80205","新聞販売業","10~29","2","物上げ装置、運搬機械","23","乗物","231","乗用車、バス、バイク","17","交通事故（道路）"
"1570","2002","平成","14","10","17~18","工場の工業用水管布設工事において、深さ約2.8mの溝内に布設した送水管の写真を撮って掘削構から出ようとしたときに、側壁が幅約6.7m、高さ約2.5mに亘って崩壊し、2名のうち1名が全身生き埋めとなった。","3","建設業","301","土木工事業","30199","その他の土木工事業","1~9","7","環境等","71","環境等","711","地山、岩石","5","崩壊、倒壊"
"1571","2002","平成","14","12","22~23","資材置場で、車両積載型クレーンのサイドブレーキのワイヤーを調整してクレーンを動かしたとき、エンジンから動力を伝えるプロペラシャフトのネジ部に作業服を巻き込まれた。","3","建設業","301","土木工事業","30106","道路建設工事業","1~9","1","動力機械","12","動力伝導機構","121","動力伝導機構","7","はさまれ、巻き込まれ"
"1572","2002","平成","14","11","6~7","4tトラック(積載型移動式クレーン)に運送会社から依頼された荷物を積んで走行中、交差点を右折しようとして前から来た大型トラックと衝突した。","4","運輸交通業","403","道路貨物運送業","40301","一般貨物自動車運送業","10~29","2","物上げ装置、運搬機械","21","動力クレーン等","212","移動式クレーン","17","交通事故（道路）"
"1573","2002","平成","14","12","8~9","会社のトラックで工事現場に向って走行中、コンビニエンスストアに寄るため右折したときに、直進のトラックと激突し助手席の同僚が死亡した。","3","建設業","302","建築工事業","30209","その他の建築工事業","1~9","2","物上げ装置、運搬機械","22","動力運搬機","221","トラック","17","交通事故（道路）"
"1574","2002","平成","14","11","7~8","工事に使用した道具類の撤収のため軽貨物自動車で国道を走行中、緩やかなカーブを抜けた見通しの良い道路のセンターライン付近で前方から来た大型貨物自動車(10t)と衝突した。","3","建設業","302","建築工事業","30201","鉄骨・鉄筋コンクリート造家屋建築工事業","30~49","2","物上げ装置、運搬機械","22","動力運搬機","221","トラック","17","交通事故（道路）"
"1575","2002","平成","14","12","0~1","地下2.5mの位置に水道管(長さ6m、径1m)を埋設し、溶接が終って管末に止水栓を取り付けていたときに、土止めをしていなかった掘削溝の末端部が崩壊して身体の大部分が土砂に埋まった。","3","建設業","301","土木工事業","30199","その他の土木工事業","1~9","7","環境等","71","環境等","711","地山、岩石","5","崩壊、倒壊"
"1576","2002","平成","14","11","11~12","木造平屋建てのアパート建築工事において、梁(10.5センチメートル)上で部材取付作業を行っていて、約3.3m下のコンクリート床に墜落した。","3","建設業","302","建築工事業","30202","木造家屋建築工事業","10~29","4","仮設物、建築物、構築物等","41","仮設物、建築物、構築物等","415","屋根、はり、もや、けた、合掌","1","墜落、転落"
"1577","2002","平成","14","12","14~15","送電鉄塔付近の樹木の芯止め作業で、補助胴綱を取りつけた杉の枝に体重をかけて上昇しようとしたときに、枝が折れて胴綱とともに4.8m墜落し、地上の古木の切り株に後頭部を強打した。","3","建設業","303","その他の建設業","30301","電気通信工事業","10~29","7","環境等","71","環境等","712","立木等","1","墜落、転落"
"1578","2002","平成","14","12","12~13","大型貨物自動車で自動車道を走行中、前走の大型貨物自動車に追突しキャビンを大破した。","4","運輸交通業","403","道路貨物運送業","40301","一般貨物自動車運送業","10~29","2","物上げ装置、運搬機械","22","動力運搬機","221","トラック","17","交通事故（道路）"
"1579","2002","平成","14","1","4~5","トラックで国道を走行中、対向車が中央線を越えてきたので回避したときに左側ガードレールに接触して横転した。","4","運輸交通業","403","道路貨物運送業","40301","一般貨物自動車運送業","30~49","2","物上げ装置、運搬機械","22","動力運搬機","221","トラック","17","交通事故（道路）"
"1580","2002","平成","14","2","15~16","社内で、椅子に座って仕事を行っていたときに、突然意識を失って椅子から床に倒れ、病院で死亡した。","8","商業","802","小売業","80202","自動車小売業","10~29","9","その他","92","起因物なし","921","起因物なし","90","その他"
"1581","2002","平成","14","10","1~2","お好み焼き屋の店長が売上金を3軒隣にある系列のパチンコ屋に届けた後、厨房の清掃をしていたときに瞬間湯沸器から出た一酸化炭素を吸って死亡した。","14","接客娯楽業","1402","飲食店","140201","一般飲食店","1~9","5","物質、材料","51","危険物、有害物等","514","有害物","12","有害物等との接触"
"1582","2002","平成","14","11","3~4","バラセメント車で走行中、交差点で信号待ちをしていた4t車に追突した。","1","製造業","109","窯業土石製品製造業","10901","セメント・同製品製造業","10~29","2","物上げ装置、運搬機械","22","動力運搬機","221","トラック","17","交通事故（道路）"
"1583","2002","平成","14","9","23~24","トラックで自動車道を走行中、スリップして逆向きに停車していた乗用車とその車を避けるために止まった乗用車の2台に追突し、はずみで道路左側壁を破って停止したが、ハンドルと運転席との間に挟まれた。","4","運輸交通業","403","道路貨物運送業","40301","一般貨物自動車運送業","50~99","2","物上げ装置、運搬機械","22","動力運搬機","221","トラック","17","交通事故（道路）"
"1584","2002","平成","14","12","13~14","トラック積載型クレーン(2.63t)で建設機械(質量1.3t)を駐車場に降ろす作業中、クレーン車が転倒したためクレーンの操作者がクレーン車と脇にあった乗用車との間に挟まれた。","17","その他の事業","1702","その他の事業","170209","その他の事業－その他","30~49","2","物上げ装置、運搬機械","21","動力クレーン等","212","移動式クレーン","6","激突され"
"1585","2002","平成","14","12","11~12","4名がプレジャーボートに乗って湖の水深などの調査・測量中、風が強くなったので作業を中止して入江の岸に向って走行しているときにプレジャーボートが転覆し、操縦者だけが船内に閉じ込められ死亡した。","17","その他の事業","1702","その他の事業","170209","その他の事業－その他","100~299","2","物上げ装置、運搬機械","23","乗物","239","その他の乗物","10","おぼれ"
"1586","2002","平成","14","9","6~7","トラックで走行中、交差点で信号待ちをしている10tトラックに追突した。","4","運輸交通業","403","道路貨物運送業","40301","一般貨物自動車運送業","30~49","2","物上げ装置、運搬機械","22","動力運搬機","221","トラック","17","交通事故（道路）"
"1587","2002","平成","14","3","8~9","ビル新築工事現場前の公道で鉄筋機材の荷降ろしを行うため、通行車両の交通誘導警備作業中に、現場近くの信号を急発進した乗用車が降り始めた雨でスリップして跳ねられた。","17","その他の事業","1702","その他の事業","170201","警備業","100~299","2","物上げ装置、運搬機械","23","乗物","231","乗用車、バス、バイク","17","交通事故（道路）"
"1588","2002","平成","14","12","21~22","12mの高さにあるベルトコンベアの取替工事で、旧ベルトにウインチのワイヤーを掛けて地上に引き降ろしていたところ、ベルトが9mのところの梁に引っ掛かって降りなくなったので、引っ掛かりを外すため手すりを乗り越え150ミリメートルの梁を渡っていたとき9m下の地上に墜落した。","1","製造業","117","その他の製造業","11702","機械修理業","1~9","4","仮設物、建築物、構築物等","41","仮設物、建築物、構築物等","415","屋根、はり、もや、けた、合掌","1","墜落、転落"
"1589","2002","平成","14","12","15~16","軽自動車で集金業務のため走行中、交差点で赤信号のため停車していた車に追突した。","9","金融・広告業","901","金融業","90101","銀行・信託業","10~29","2","物上げ装置、運搬機械","23","乗物","231","乗用車、バス、バイク","17","交通事故（道路）"
"1590","2002","平成","14","11","10~11","セレモニーホールに生花等を配達して自家用貨物自動車で走行中、信号機が無い交差点で一旦停止せずに直進し、左側から直進してきた乗用車と衝突して両車とも田んぼへ転落し両運転者とも死亡した。","17","その他の事業","1702","その他の事業","170209","その他の事業－その他","10~29","2","物上げ装置、運搬機械","23","乗物","231","乗用車、バス、バイク","17","交通事故（道路）"
"1591","2002","平成","14","11","22~23","当日の業務を終えて同僚警備員が運転する乗用車で走行中、路面が凍結した緩い右カーブでタイヤが滑って対向車線にはみ出し対向車と衝突して助手席の者が死亡した。","17","その他の事業","1702","その他の事業","170201","警備業","10~29","2","物上げ装置、運搬機械","23","乗物","231","乗用車、バス、バイク","17","交通事故（道路）"
"1592","2002","平成","14","10","13~14","個人住宅の解体工事で出た廃材を約1キロメートル離れた休耕地に2tダンプトラックで運搬し、バックホーで掘削した穴に投棄する作業中に、バックホーが休耕地の端の斜面から2.7m下のあぜ道に転落し下敷きになった。","17","その他の事業","1702","その他の事業","170209","その他の事業－その他","1~9","1","動力機械","14","建設機械等","142","掘削用機械","2","転倒"
"1593","2002","平成","14","11","17~18","溶融亜鉛メッキ工場の水銀灯交換のため、移動はしごを使用して作業中に、剥離槽(塩酸濃度9%)内に転落した。","1","製造業","112","金属製品製造業","11204","めっき業","10~29","3","その他の装置等","37","用具","371","はしご等","1","墜落、転落"
"1594","2002","平成","14","11","14~15","農業用トラクターで作業通路を通って現場の下方に移動していたところ、トラクターが急に速度を上げて通路脇の法面に乗り上げ、その反動で地面に投げ出されトラクターのロータリー部分に激突した。","3","建設業","301","土木工事業","30106","道路建設工事業","30~49","1","動力機械","14","建設機械等","149","その他の建設機械等","1","墜落、転落"
"1595","2002","平成","14","7","15~16","鉄骨造の病院新築工事において、玄関の庇部材であるチャンネルを取付けるボルトを締めしようとしたときに、高さ4.46mの鉄骨上から基礎のコンクリート床へ墜落した。","3","建設業","302","建築工事業","30201","鉄骨・鉄筋コンクリート造家屋建築工事業","1~9","4","仮設物、建築物、構築物等","41","仮設物、建築物、構築物等","418","建築物、構築物","1","墜落、転落"
"1596","2002","平成","14","11","15~16","外注先へ4tトラックで製品を引き取りに行き、トラックに積み込んだ荷の上で荷締め作業を行っているときに、荷が崩れて荷とともに地上に落下し荷の下敷きになった。","1","製造業","112","金属製品製造業","11209","その他の金属製品製造業","1~9","6","荷","61","荷","611","荷姿の物","5","崩壊、倒壊"
"1597","2002","平成","14","8","21~22","トラックで国道を走行中、前方で信号待ちしていた大型トラックに追突した。","4","運輸交通業","403","道路貨物運送業","40301","一般貨物自動車運送業","50~99","2","物上げ装置、運搬機械","22","動力運搬機","221","トラック","17","交通事故（道路）"
"1598","2002","平成","14","12","10~11","艤装中のタンカーの足場を解体中、誤って足場板の上(高さ8.17m)から船底へ墜落した。","1","製造業","115","輸送用機械等製造業","11501","造船業","10~29","4","仮設物、建築物、構築物等","41","仮設物、建築物、構築物等","411","足場","1","墜落、転落"
"1599","2002","平成","14","8","17~18","駐車場整備工場で一輪車を用いて色付ブロックを敷詰めする作業に従事していたが、夕方になって足がもつれるように倒れ込み、まもなく意識不明となった。(熱中症)","3","建設業","301","土木工事業","30199","その他の土木工事業","1~9","7","環境等","71","環境等","715","高温・低温環境","11","高温・低温の物との接触"
"1600","2002","平成","14","12","5~6","駐車していた運転代行車輌を同僚と2人で回収し、分乗して事務所に戻る途中の国道交差点で右折したときに、信号を無視して直進してきた乗用車と衝突した。","17","その他の事業","1702","その他の事業","170209","その他の事業－その他","10~29","2","物上げ装置、運搬機械","23","乗物","231","乗用車、バス、バイク","17","交通事故（道路）"
"1601","2002","平成","14","11","2~3","トラックで首都高速道を走行中、分岐付近で他のトラックと衝突して横転し車体の下敷きになった。","4","運輸交通業","403","道路貨物運送業","40301","一般貨物自動車運送業","30~49","2","物上げ装置、運搬機械","22","動力運搬機","221","トラック","17","交通事故（道路）"
"1602","2002","平成","14","12","18~19","社用車で国道を走行中、カーブでセンターラインをはみ出して対向の大型トラックと衝突した。","17","その他の事業","1702","その他の事業","170209","その他の事業－その他","10~29","2","物上げ装置、運搬機械","23","乗物","231","乗用車、バス、バイク","17","交通事故（道路）"
"1603","2002","平成","14","1","11~12","顧客への商品配送と年末挨拶のため自家用軽自動車で国道を走行中、センターラインをはみ出して対向の普通乗用車と衝突した。","8","商業","802","小売業","80209","その他の小売業","1~9","2","物上げ装置、運搬機械","23","乗物","231","乗用車、バス、バイク","17","交通事故（道路）"
"1604","2002","平成","14","11","16~17","スポーツ用品店の実地診断を行って事業場へ戻るため社有車で走行中、下りカーブで路面凍結のためスリップして対向車線にはみ出し対向車と正面衝突した。","17","その他の事業","1702","その他の事業","170209","その他の事業－その他","1~9","2","物上げ装置、運搬機械","23","乗物","231","乗用車、バス、バイク","17","交通事故（道路）"
"1605","2002","平成","14","12","21~22","スーパー内の店舗を閉店させたのち、会社の車で本社倉庫に翌日の商品の不足分を取りに行く途中、信号が青に変わり発車して間もなく大型トレーラーの後部に追突した。","8","商業","802","小売業","80209","その他の小売業","1~9","2","物上げ装置、運搬機械","23","乗物","231","乗用車、バス、バイク","17","交通事故（道路）"
"1606","2002","平成","14","3","22~23","荷物の配送のためトラックで国道を走行中、交通規制(工事中の片側通行)のため停車していた大型トラックに追突した。","4","運輸交通業","403","道路貨物運送業","40301","一般貨物自動車運送業","30~49","2","物上げ装置、運搬機械","22","動力運搬機","221","トラック","17","交通事故（道路）"
"1607","2002","平成","14","8","15~16","作業場の電気配線工事を行っていて、脚立の踏面(床から3段目、床からの高さは80センチメートル)から転落した。","3","建設業","302","建築工事業","30203","建築設備工事業","1~9","3","その他の装置等","37","用具","371","はしご等","1","墜落、転落"
"1608","2002","平成","14","12","1~2","大型トラックAで自動車道を走行中、前方を走行していた大型トラックBに追突し、弾みで中央車線に飛び出した大型トラックAに後続の大型トラックC及び乗用車2台が次々に衝突し、トラックCの運転手が死亡した。","4","運輸交通業","403","道路貨物運送業","40301","一般貨物自動車運送業","30~49","2","物上げ装置、運搬機械","22","動力運搬機","221","トラック","17","交通事故（道路）"
"1609","2002","平成","14","12","14~15","木造平屋建の集会場新築工事において、基礎コンクリートから高さ5.9mのつま桁上で棟木の取り付け作業中に墜落した。","3","建設業","302","建築工事業","30202","木造家屋建築工事業","1~9","4","仮設物、建築物、構築物等","41","仮設物、建築物、構築物等","415","屋根、はり、もや、けた、合掌","1","墜落、転落"
"1610","2002","平成","14","12","13~14","ゲームセンターの2階からゲーム機を搬出しているときに、雨が降っていたため足を滑らせて転落した。","4","運輸交通業","403","道路貨物運送業","40301","一般貨物自動車運送業","10~29","3","その他の装置等","39","その他の装置、設備","391","その他の装置、設備","1","墜落、転落"
"1611","2002","平成","14","10","11~12","鉄筋を固めたスクラップ(長さ約2m、直径約1mの円筒状)7個を解体用機械でダンプに積み込んでいたときに、スクラップの下敷きになった。","3","建設業","302","建築工事業","30209","その他の建築工事業","50~99","1","動力機械","14","建設機械等","149","その他の建設機械等","6","激突され"
"1612","2002","平成","14","11","8~9","電柱のストックヤードで、運送会社の運転手2名が電柱をウィンチでトラック荷台に積み込んでいたときに、電柱(16m)のバランスが崩れたので両名が電柱の先端側に回りバールで修正していたところ、両名が気付かぬうちにストックヤードの管理人が電柱と仮置きしてあった電柱との間挟まれていた。","8","商業","804","その他の商業","80401","倉庫業","30~49","2","物上げ装置、運搬機械","21","動力クレーン等","219","その他の動力クレーン等","7","はさまれ、巻き込まれ"
"1613","2002","平成","14","11","10~11","積荷の枕木を降ろす準備のため、トレーラー荷台上の枕木の荷締め具を取外したのち地上に降りてアオリを開けようとしたときに、積載枕木の端部にあった2本(1本当たり質量60キログラム)がアオリの内側に落下し、その衝撃でアオリが開いて頭に激突した。","4","運輸交通業","403","道路貨物運送業","40301","一般貨物自動車運送業","10~29","6","荷","61","荷","611","荷姿の物","4","飛来、落下"
"1614","2002","平成","14","10","15~16","事務長が看護師寮を覆っている蔦を除去するため、建物周囲の高さ3.6mの石垣に上がっていてバランスを失い墜落した。","13","保健・衛生業","1301","医療保健業","130101","病院","30~49","4","仮設物、建築物、構築物等","41","仮設物、建築物、構築物等","418","建築物、構築物","1","墜落、転落"
"1615","2002","平成","14","7","16~17","2tダンプを使用した伐採木の撤去作業で、伐採木を積み込んだ荷台で伐採木を押さえていてダンプから墜落した。","15","清掃・と畜業","1501","清掃・と畜業","150109","その他の清掃・と畜業","1~9","2","物上げ装置、運搬機械","22","動力運搬機","221","トラック","1","墜落、転落"
"1616","2002","平成","14","3","22~23","タクシー運転手がパンクしていたタイヤをスペアタイヤと交換した直後に、急性心筋梗塞で倒れた。","4","運輸交通業","402","道路旅客運送業","40201","ハイヤー・タクシー業","100~299","9","その他","91","その他の起因物","911","その他の起因物","90","その他"
"1617","2002","平成","14","5","15~16","乗用車で取引先に商品を配達して県道を走行中、センターラインをオーバーして対向の大型トラックと正面衝突した。","8","商業","801","卸売業","80109","その他の卸売業","10~29","2","物上げ装置、運搬機械","23","乗物","231","乗用車、バス、バイク","17","交通事故（道路）"
"1618","2002","平成","14","12","12~13","工場の焼却炉の燃焼ガス冷却塔の清掃で、冷却塔内部の堆積粉じんを崩すため、冷却塔の清掃扉から身体を入れて棒で突いたところ、堆積粉じんが崩壊落下し生き埋めになった。","17","その他の事業","1702","その他の事業","170209","その他の事業－その他","10~29","3","その他の装置等","39","その他の装置、設備","391","その他の装置、設備","5","崩壊、倒壊"
"1619","2002","平成","14","12","13~14","墓地の石垣築造に伴う残土の搬出作業で、ハンドガイド式運搬機に残土を積み、後進で途中まで走行しそこで方向転換を行ったときに、足を側溝に踏み外して転倒し運転していた運搬機に轢かれた。","3","建設業","301","土木工事業","30199","その他の土木工事業","10~29","4","仮設物、建築物、構築物等","41","仮設物、建築物、構築物等","417","通路","2","転倒"
"1620","2002","平成","14","4","11~12","町有林の間伐作業現場において、ヒノキ(高さ20m)の伐採作業を行っていた者が切株の上に仰向けになって倒れているのを同僚が発見した。(各自離れた場所で作業を行っていたため目撃者はいない)","6","農林業","602","林業","60201","木材伐出業","10~29","7","環境等","71","環境等","712","立木等","6","激突され"
"1621","2002","平成","14","12","15~16","粉砕加工した製品が製品タンク内に詰まったため、木槌でタンク側面を叩いて落としているときに、タンク下部のロータリーバルブの露出したシャフト(直径3.6センチメートル、20r.p.m)に衣服を巻き込まれた。","1","製造業","109","窯業土石製品製造業","10909","その他の土石製品製造業","10~29","1","動力機械","12","動力伝導機構","121","動力伝導機構","7","はさまれ、巻き込まれ"
"1622","2002","平成","14","12","11~12","ごみ収集車で走行中、信号機のない市道交差点で乗用車と出会い頭に衝突し、その弾みで道路脇の電柱に衝突した。","15","清掃・と畜業","1501","清掃・と畜業","150109","その他の清掃・と畜業","50~99","2","物上げ装置、運搬機械","23","乗物","231","乗用車、バス、バイク","17","交通事故（道路）"
"1623","2002","平成","14","12","10~11","高さ約6.8mのところで足場の解体作業中に、移動しようとして足を滑らせ墜落した。","3","建設業","302","建築工事業","30209","その他の建築工事業","10~29","4","仮設物、建築物、構築物等","41","仮設物、建築物、構築物等","411","足場","1","墜落、転落"
"1624","2002","平成","14","12","14~15","マンションの駐輪場において、脚立を閉じた状態で立て掛けて地面より2.5m上に設置されている電灯(直管蛍光管)の交換中に転落した。","15","清掃・と畜業","1501","清掃・と畜業","150101","ビルメンテナンス業","300~499","4","仮設物、建築物、構築物等","41","仮設物、建築物、構築物等","419","その他の仮設物、建築物、構築物等","1","墜落、転落"
"1625","2002","平成","14","7","11~12","住み込みのマンション管理人がマンションの内部階段からおよそ1m下の床に転落して頭部を強打した。","17","その他の事業","1702","その他の事業","170209","その他の事業－その他","1~9","4","仮設物、建築物、構築物等","41","仮設物、建築物、構築物等","413","階段、桟橋","1","墜落、転落"
"1626","2002","平成","14","1","8~9","工場内において、フィリピン労働者に対して「鉄骨の塗装の仕上がりが悪い」と注意して殴ったところ、腹を立てて近く置いてあった作業用のナイフ(長さ約23センチメートル)で胸を刺された。","1","製造業","112","金属製品製造業","11209","その他の金属製品製造業","10~29","7","環境等","71","環境等","719","その他の環境等","8","切れ、こすれ"
"1627","2002","平成","14","6","1~2","業務中に転倒し、湖で遺体で発見された。(溺死の疑い)","3","建設業","303","その他の建設業","30302","機械器具設置工事業","1~9","9","その他","91","その他の起因物","911","その他の起因物","90","その他"
"1628","2002","平成","14","8","1~2","タクシー運転中に意識不明となっていたところを他社の乗務員に発見された。","4","運輸交通業","402","道路旅客運送業","40201","ハイヤー・タクシー業","100~299","9","その他","91","その他の起因物","911","その他の起因物","90","その他"
"1629","2002","平成","14","10","13~14","仮設資材置場前の道路上で、2tトラックの荷台に積んだ荷の上に乗って結束していたロープを外そうとしたときに、荷の上(高さ約2.3m)から道路上に転落した。","3","建設業","301","土木工事業","30199","その他の土木工事業","30~49","2","物上げ装置、運搬機械","22","動力運搬機","221","トラック","1","墜落、転落"
"1630","2002","平成","14","11","10~11","架空電線の張り替え工事で、2車線道路を片側通行にするためカラーコーンを出しているときに、後方から走行してきた軽トラックに跳ねられた。","17","その他の事業","1702","その他の事業","170201","警備業","100~299","2","物上げ装置、運搬機械","22","動力運搬機","221","トラック","17","交通事故（道路）"
"1631","2002","平成","14","5","5~6","現場作業が終了してワゴン車で走行中、交差点で停車していたところへ対向車がハンドル操作を誤って衝突してきた。","3","建設業","303","その他の建設業","30301","電気通信工事業","10~29","2","物上げ装置、運搬機械","23","乗物","231","乗用車、バス、バイク","17","交通事故（道路）"
"1632","2002","平成","14","12","14~15","住宅リフォーム工事の確認中、屋根上(庇までの高さ3m)から墜落した。","17","その他の事業","1702","その他の事業","170209","その他の事業－その他","1~9","4","仮設物、建築物、構築物等","41","仮設物、建築物、構築物等","415","屋根、はり、もや、けた、合掌","1","墜落、転落"
"1633","2002","平成","14","1","10~11","会社恒例の年頭挨拶会(屋外グランド)に参加したのち午前10時からの会議に出席していて、腹痛のため会議室から出たところで倒れた。","1","製造業","113","一般機械器具製造業","11301","機械（精密機械を除く）器具製造業","1000~9999","9","その他","92","起因物なし","921","起因物なし","90","その他"
"1634","2002","平成","14","12","16~17","刑務所の増築工事において、外壁の上で逃走防止用センサーの取付作業を行っていたところ、モッコを吊って旋回していたホイールクレーン(吊上げ荷重26t)がバランスを崩して転倒してきて、モッコとブームとの間に挟まれた。","3","建設業","303","その他の建設業","30301","電気通信工事業","10~29","2","物上げ装置、運搬機械","21","動力クレーン等","212","移動式クレーン","6","激突され"
"1635","2002","平成","14","11","14~15","路上犯罪等防止の巡回パトロールで国道を走行中、橋上から約65m下の沢に墜落した。","17","その他の事業","1702","その他の事業","170209","その他の事業－その他","30~49","4","仮設物、建築物、構築物等","41","仮設物、建築物、構築物等","418","建築物、構築物","1","墜落、転落"
"1636","2002","平成","14","11","8~9","集材装置を用いて盤台上で作業中、盤台に積まれた玉切り材木から足を滑らせて約7m下の道路に墜落した。","6","農林業","602","林業","60201","木材伐出業","1~9","5","物質、材料","52","材料","522","木材、竹材","1","墜落、転落"
"1637","2002","平成","14","7","9~10","RC造4階建店舗の内外装改修工事において、廃材を運搬する空の一輪車を3階に持っていくため、階段を後ろ向きで一輪車を引っ張って登っていたときに、エレベーター設置のために階段近くの2階床に当日開けた開口部(1m四方)から1階に墜落した。","3","建設業","302","建築工事業","30209","その他の建築工事業","1~9","4","仮設物、建築物、構築物等","41","仮設物、建築物、構築物等","414","開口部","1","墜落、転落"
"1638","2002","平成","14","3","5~6","冷凍車(4t)で配達のため走行中、信号で停止中の大型トラックに追突した。","4","運輸交通業","403","道路貨物運送業","40301","一般貨物自動車運送業","30~49","2","物上げ装置、運搬機械","22","動力運搬機","221","トラック","17","交通事故（道路）"
"1639","2002","平成","14","12","19~20","自動販売機への商品供給等のためトラックで首都高速道を走行中、他の首都高速道から車輌が強引に合流してきたため、トラックがこの車輌に追突した。","8","商業","801","卸売業","80109","その他の卸売業","10~29","2","物上げ装置、運搬機械","22","動力運搬機","221","トラック","17","交通事故（道路）"
"1640","2002","平成","14","7","15~16","河川の災害復旧工事において、重機のアタッチメント交換作業に従事していて、作業後に現場内で突然倒れた。","3","建設業","301","土木工事業","30199","その他の土木工事業","1~9","7","環境等","71","環境等","715","高温・低温環境","90","その他"
"1641","2002","平成","14","8","19~20","乗客を乗せてタクシーを運転中、脳動脈瘤が破裂してクモ膜下出血を発症し、身体が助手席側に倒れてハンドルが左側に切られたため道路脇の電柱に激突した。","4","運輸交通業","402","道路旅客運送業","40201","ハイヤー・タクシー業","50~99","2","物上げ装置、運搬機械","23","乗物","231","乗用車、バス、バイク","17","交通事故（道路）"
"1642","2002","平成","14","6","8~9","市民センター資材置場の空地の草刈作業現場で、前日刈った草を収集して車に運ぶ作業に従事していた者が法面でうつ伏せに倒れていたのが発見された。","3","建設業","301","土木工事業","30199","その他の土木工事業","10~29","9","その他","99","分類不能","999","分類不能","2","転倒"
"1643","2002","平成","14","6","4~5","大型長距離トラックの運転手として貨物運送業務に従事し製紙原料を積み込んでフェリーに乗船したが、下船しないためフェリー船員が確認に行ったところ、運転席で急性心不全で死亡していた。","4","運輸交通業","403","道路貨物運送業","40301","一般貨物自動車運送業","10~29","9","その他","92","起因物なし","921","起因物なし","90","その他"
"1644","2002","平成","14","2","5~6","自宅の寝室において倒れているのを発見し病院に移送したが、くも膜下出血のため死亡した。","4","運輸交通業","403","道路貨物運送業","40301","一般貨物自動車運送業","10~29","9","その他","99","分類不能","999","分類不能","99","分類不能"
"1645","2002","平成","14","2","11~12","市水道部の住宅竣工検査を受けるため、一人で水道メーターボックスに付着していたコンクリートをはつる作業をしていて倒れた。","17","その他の事業","1702","その他の事業","170209","その他の事業－その他","1~9","9","その他","99","分類不能","999","分類不能","90","その他"
"1646","2002","平成","14","2","20~21","製鉄所構内で行われた配管移設工事に立ち会って帰宅し、入浴して食事を済ませたときに呼吸困難となり死亡した。","17","その他の事業","1702","その他の事業","170209","その他の事業－その他","50~99","9","その他","99","分類不能","999","分類不能","99","分類不能"
"1647","2002","平成","14","7","8~9","ワゴン車を使用して遊園地の従業員の送迎を行っていたが、夜勤者より出迎えがないと連絡があり、電話連絡したが応答ないので捜索したところ路上の車内で意識を失っていた。","17","その他の事業","1702","その他の事業","170201","警備業","50~99","9","その他","99","分類不能","999","分類不能","99","分類不能"
"1648","2002","平成","14","12","15~16","鉄骨平屋造り社屋の新築工事において、左足を鉄骨にかけて2階床の根太取付け作業中に、足が滑って約3m下のコンクリート床に墜落した。","3","建設業","302","建築工事業","30201","鉄骨・鉄筋コンクリート造家屋建築工事業","1~9","4","仮設物、建築物、構築物等","41","仮設物、建築物、構築物等","418","建築物、構築物","1","墜落、転落"
"1649","2002","平成","14","11","14~15","ライスセンターにおいて、トラックで搬入された大豆のサンプリング中に倒れているのを運転者が発見した。(心筋梗塞)","17","その他の事業","1702","その他の事業","170209","その他の事業－その他","100~299","9","その他","91","その他の起因物","911","その他の起因物","90","その他"
"1650","2002","平成","14","3","1~2","トレーラーに石材を積んで国道を走行中、カーブを曲がりきれずにガードレールを突き破り2m下の休耕田に転落した。","4","運輸交通業","403","道路貨物運送業","40301","一般貨物自動車運送業","1~9","2","物上げ装置、運搬機械","22","動力運搬機","221","トラック","17","交通事故（道路）"
"1651","2002","平成","14","8","13~14","乗用車を公道の左側に駐車し、取引先に書類を届けるため運転席側後方部ドアを開け書類を取出していたところへ対向車が中央線をはみ出して来て正面衝突し、後部ドアに押されて路面に叩きつけられた。","17","その他の事業","1702","その他の事業","170209","その他の事業－その他","1~9","2","物上げ装置、運搬機械","23","乗物","231","乗用車、バス、バイク","17","交通事故（道路）"
"1652","2002","平成","14","12","7~8","下請社員を電気設備工事現場に送るため会社所有のワゴン車で走行中、赤信号で停車していたトラックに追突した。","3","建設業","303","その他の建設業","30301","電気通信工事業","10~29","2","物上げ装置、運搬機械","23","乗物","231","乗用車、バス、バイク","17","交通事故（道路）"
"1653","2002","平成","14","4","8~9","トラックによる運送業務を行っていて、客先に午前4時10分に到着し午前8時半頃より荷卸作業を開始したが、午前10時頃に意識不明となった。(くも膜下出血)","4","運輸交通業","403","道路貨物運送業","40301","一般貨物自動車運送業","30~49","9","その他","92","起因物なし","921","起因物なし","90","その他"
"1654","2002","平成","14","10","11~12","水路用のボックスカルバートを設置するため県道に接する部分をドラグシヨベルで掘削していたところ、道路擁壁下部の土砂が幅0.6m、長さ2.0mに亘って崩落したので掘削及び床ならし作業を中止して道具等の片付けを行っていたときに、土砂とともに道路擁壁が崩壊し2人が下敷きになり1人が死亡した。","3","建設業","301","土木工事業","30109","土地整理土木工事業","1~9","4","仮設物、建築物、構築物等","41","仮設物、建築物、構築物等","418","建築物、構築物","5","崩壊、倒壊"
"1655","2002","平成","14","7","10~11","事業場の事務室で朝食をとっていて突然意識を失い、救急車で病院に移送したが急性心不全により死亡した。","14","接客娯楽業","1403","その他の接客娯楽業","140301","ゴルフ場","30~49","9","その他","91","その他の起因物","911","その他の起因物","90","その他"
"1656","2002","平成","14","1","3~4","工場からチップが積載されているトレーラーを牽引して走行中、右カーブを曲がりきれずに道路左側のガードレールを突破して約4.5m下の河川敷に転落した。","4","運輸交通業","403","道路貨物運送業","40301","一般貨物自動車運送業","10~29","2","物上げ装置、運搬機械","22","動力運搬機","221","トラック","17","交通事故（道路）"
"1657","2002","平成","14","7","14~15","立坑(深さ約33m、直径4.5m)の掘削工事現場で、資材搬入用ケーシングパイプ(直径1.35m)内を4.9tのクローラクレーンを使用してライナープレート9枚の荷降ろし作業を行っていたところ、ライナープレートを載せた搬器が吊り具から外れてケーシングパイプの一部とともに落下し、下に居た作業者に激突した。","3","建設業","301","土木工事業","30199","その他の土木工事業","1~9","3","その他の装置等","37","用具","372","玉掛用具","4","飛来、落下"
"1658","2002","平成","14","1","22~23","時間外労働が月間最大140時間近くなったため、うつ病を発症し自宅で縊死した。","8","商業","802","小売業","80209","その他の小売業","30~49","9","その他","91","その他の起因物","911","その他の起因物","90","その他"
