"ID","西暦","年号","年","月","発生時間","災害状況","業種（大分類）コード","業種（大分類）分類名","業種（中分類）コード","業種（中分類）分類名","業種（小分類）コード","業種（小分類）分類名","事業場規模","起因物（大分類）コード","起因物（大分類）分類名","起因物（中分類）コード","起因物（中分類）分類名","起因物（小分類）コード","起因物（小分類）分類名","事故の型コード","事故の型分類名"
"1","2012","平成","24","12","6~7","被災者は徒歩で新聞配達業務を行っていた。大方配り終え残り数部を持って片側一車線の国道の路肩を歩行中、後ろから走行してきたミキサー車にはねられ間もなく死亡した。ミキサー車は対向車の除雪車のライトがまぶしく、排土板が自車線にはみ出していたため減速しながら左によって走行していた。路肩にいた被災者に気付きハンドルを切ったが、圧雪アイスバーンのため滑って避けられず、車両左側方が被災者に接触し、左路外に逸脱した。","8","商業","802","小売業","80205","新聞販売業","10~29","2","物上げ装置、運搬機械","22","動力運搬機","221","トラック","17","交通事故（道路）"
"2","2012","平成","24","12","10~11","改修中の歩道において、当日舗装を予定していた一帯を被災者を含む複数の労働者で養生用にかけていたブルーシートをはがす作業及び除雪作業を行っていたところ、舗装作業開始場所まで舗装用アスファルトの合材を運搬するべく後進してきたダンプトラックにより激突され、被災者が轢かれた。なお、当該トラックが後進する際、誘導者による誘導は行われていなかった。","3","建設業","301","土木工事業","30106","道路建設工事業","1~9","2","物上げ装置、運搬機械","22","動力運搬機","221","トラック","6","激突され"
"3","2012","平成","24","12","14~15","被災者は国有林の間伐作業現場において伐倒作業中、かかり木を処理することなくかかられた木を伐倒していたところ、倒れてきたかかり木に激突され死亡した。","6","農林業","602","林業","60209","その他の林業","30~49","7","環境等","71","環境等","712","立木等","5","崩壊、倒壊"
"4","2012","平成","24","12","4~5","被災者は深夜に行われていた鉄道工事が終了し、複数の同僚と一緒にワンボックスカーに乗車し事務所へ戻るため国道を走行中、ワンボックスカーがセンターラインをはみ出してしまい、対向車の小型トラックと衝突し被災した。なお、被災時、当該国道は、片側1車線、圧雪アイスバーン、60キロ規制であった。","3","建設業","301","土木工事業","30104","鉄道軌道建設工事業","10~29","2","物上げ装置、運搬機械","23","乗物","231","乗用車、バス、バイク","17","交通事故（道路）"
"5","2012","平成","24","12","4~5","被災者は深夜に行われていた鉄道工事が終了し、複数の同僚と一緒にワンボックスカーに乗車し事務所へ戻るため国道を走行中、ワンボックスカーがセンターラインをはみ出してしまい、対向車の小型トラックと衝突し被災した。なお、被災時、当該国道は、片側1車線、圧雪アイスバーン、60キロ規制であった。","3","建設業","301","土木工事業","30104","鉄道軌道建設工事業","10~29","2","物上げ装置、運搬機械","23","乗物","231","乗用車、バス、バイク","17","交通事故（道路）"
"6","2012","平成","24","12","9~10","被災者は市道の縁石の一部取り替え工事のため、縁石より約1m離れた車道側に立って交通誘導を行っていたところ、複数台連なって走ってきた車列の最後尾の軽自動車が被災者に気付かず走行してきたため、はね飛ばされた。加害者はそのまま逃走した。","17","その他の事業","1702","その他の事業","170201","警備業","50~99","2","物上げ装置、運搬機械","23","乗物","231","乗用車、バス、バイク","17","交通事故（道路）"
"7","2012","平成","24","11","13~14","被災者は工事現場が悪天候のため、午前中のみで終了したため帰宅することとなったが、会社からの指示で途中、市内のガソリンスタンドに立ち寄り、車両系建設機械に入れる燃料の打合せを行うことになった。被災者は乗用車を単独で運転し、目的地に向かって運転中、直線の片側1車線の道路でアイスバーンのためスリップし、反対車線に飛び出し走行してきたダンプトラックに正面衝突した。","3","建設業","301","土木工事業","30199","その他の土木工事業","30~49","2","物上げ装置、運搬機械","23","乗物","231","乗用車、バス、バイク","17","交通事故（道路）"
"8","2012","平成","24","11","8~9","現場は片側1車線の緩やかな左カーブで、クリーニングの配送のためワゴン車で走行していた被災者が前方に停止していた右折車を右側から追い越したところ、対向車線から来た大型トラックと正面衝突し、全身打撲等により死亡した。なお、被災当時現場はみぞれが降っており、路面はシャーベット状態であった。","1","製造業","117","その他の製造業","11703","クリーニング業","10~29","2","物上げ装置、運搬機械","23","乗物","231","乗用車、バス、バイク","17","交通事故（道路）"
"9","2012","平成","24","11","7~8","ダンプトラック(最大積載重量4t)を運転して道路工事現場に向かっていた被災者が、凍結路面でスリップしてカーブを曲がりきれずに路外に逸脱、横転し、車体と地面に挟まれて死亡した。","3","建設業","301","土木工事業","30106","道路建設工事業","10~29","2","物上げ装置、運搬機械","22","動力運搬機","221","トラック","17","交通事故（道路）"
"10","2012","平成","24","11","13~14","被災者は荷主の構内で積載型トラッククレーンで電線の荷積み作業を行っていた。その際、木製ドラムに巻いた電線を他の作業員がフォークリフトで当該トラックに乗せた後、被災者がクレーンのリモコンを操作して荷を荷台の中心部に移動させていたところ、玉掛に使用していた2本の繊維ベルトのうち1本が切断し、荷が倒れ、あおりとの間に挟まれた。","4","運輸交通業","403","道路貨物運送業","40301","一般貨物自動車運送業","10~29","3","その他の装置等","37","用具","372","玉掛用具","6","激突され"
"11","2012","平成","24","10","11~12","被災者は圧縮機を用いて産業廃棄物(廃プラスチック)を圧縮する作業に従事していた。高さ約3mのホッパー付近に詰まった廃棄物を取り除こうとしたところ、誤って圧縮機内のプレス部分に転落し、廃棄物とともにはさまれた。消防に通報し救出されたが、その場で死亡が確認された。","15","清掃・と畜業","1501","清掃・と畜業","150102","産業廃棄物処理業","1~9","1","動力機械","16","一般動力機械","169","その他の一般動力機械","1","墜落、転落"
"12","2012","平成","24","10","16~17","林道の新設工事において、路面上をドラグショベルが後進しながら地均ししていたところ、同路面横の地山(高さ約1.8m)上を作業終了後の片付け作業のために歩行していた被災者を、ドラグショベルのキャタピラでひいてしまった。","3","建設業","301","土木工事業","30106","道路建設工事業","50~99","1","動力機械","14","建設機械等","142","掘削用機械","7","はさまれ、巻き込まれ"
"13","2012","平成","24","10","10~11","被災者は屋上において、防水設備工事の施工管理の一環として写真撮影をしていたところ、作業床の端(パラペット)を越えて地上に墜落した。なお、地上からパラペットの上端まで約30m。パラペットは、高さ50センチメートル×幅20センチメートルであった。また、被災者は保護帽を着用し、安全帯は着用していたが使用していなかった。","3","建設業","302","建築工事業","30209","その他の建築工事業","1~9","4","仮設物、建築物、構築物等","41","仮設物、建築物、構築物等","415","屋根、はり、もや、けた、合掌","1","墜落、転落"
"14","2012","平成","24","10","14~15","被災者は貯氷庫内に設置されている氷を均す機械(レーク)の上部から氷上に墜落し、レークの刃部に巻き込まれ、頭部損傷により死亡した。なお、貯氷庫入口扉を開けるとレークの通電を遮断するスイッチは切られ、レークは運転状態となっていた。","17","その他の事業","1702","その他の事業","170209","その他の事業－その他","1~9","1","動力機械","16","一般動力機械","169","その他の一般動力機械","7","はさまれ、巻き込まれ"
"15","2012","平成","24","10","9~10","被災者はホタテ漁のためホタテ漁船に乗り、「八尺」と呼ばれる爪付きのけた網を海中に投入する作業に従事していたところ、八尺のチェーンに足が引っ掛かり、八尺と共に海中に転落した。乗組員に救助され病院に搬送されたが、死亡した。","7","畜産・水産業","702","水産業","70209","その他の水産業","50~99","2","物上げ装置、運搬機械","23","乗物","239","その他の乗物","10","おぼれ"
"16","2012","平成","24","10","1~2","高所作業車を使って鉄骨の組み立て作業中、災害発生現場にあった開口部養生蓋に付けられていた単管パイプが、高所作業車の停車位置と重なり、作業の障害となっていたため、当該高所作業車操作者は開口部養生蓋をずらして作業を行っていた。被災者は当該高所作業車の操作者に工具を借りるため近づいたところ、開口部より約9m墜落し死亡した。","3","建設業","301","土木工事業","30101","水⼒発電所等建設工事業","30~49","4","仮設物、建築物、構築物等","41","仮設物、建築物、構築物等","414","開口部","1","墜落、転落"
"17","2012","平成","24","10","14~15","被災者を含め複数で刈り取った飼料用デントコーンの山にビニールシートをかぶせる作業中、デントコーン上に掛けられたビニールシートの下に入り込んだ際、ビニールシート下の酸素が低濃度である空気を吸ったことにより体調に異常をきたし、自身の嘔吐物により窒息した。なお、デントコーンはコの字形をした盛土内に、山積みにされていた。","7","畜産・水産業","701","畜産業","70101","畜産業","10~29","7","環境等","71","環境等","714","異常環境等","12","有害物等との接触"
"18","2012","平成","24","10","13~14","広告塔の看板を張り替える作業中、被災者らは広告塔に備え付けられていた設備(アルミ製のはしごを加工したもの)に乗り、看板の張り替えを行っていたところ、はしごの部材が破断したため同設備ごと地面に墜落し、うち1名が死亡した(地面から看板下端まで約15m)。なお、同設備は看板に設けられているレールにかけられた状態で設置されており、人力により水平方向に移動することができる。","3","建設業","302","建築工事業","30209","その他の建築工事業","1~9","4","仮設物、建築物、構築物等","41","仮設物、建築物、構築物等","418","建築物、構築物","5","崩壊、倒壊"
"19","2012","平成","24","10","8~9","被災者はレンタル事業を行っている事業場のハイエースにレンタル商品を積込み、利用者宅に向かって走行中、トンネル内の反対車線側の待避所の壁に正面衝突し死亡した。","8","商業","804","その他の商業","80409","その他の商業－その他","10~29","2","物上げ装置、運搬機械","23","乗物","231","乗用車、バス、バイク","17","交通事故（道路）"
"20","2012","平成","24","9","11~12","被災者は林業現場において伐採の作業に従事していた。かかり木の処理をせず、かかられていた木を伐倒していたところ、かかり木が倒れ、被災者を直撃した。","6","農林業","602","林業","60201","木材伐出業","1~9","7","環境等","71","環境等","712","立木等","5","崩壊、倒壊"
"21","2012","平成","24","9","14~15","被災者は電柱建替工事現場において、交通誘導員として片側交互通行の交通誘導を行っていたところ、手旗による停止合図を無視した大型バイクに激突され、反対車線側の草むらまで約40m跳ね飛ばされ、搬送先の病院で死亡した。なお、大型バイクはそのまま逃走した。","17","その他の事業","1702","その他の事業","170201","警備業","10~29","2","物上げ装置、運搬機械","23","乗物","231","乗用車、バス、バイク","17","交通事故（道路）"
"22","2012","平成","24","9","11~12","被災者は粉乳乾燥機の頂部にある部品の移動に使用するテルハクレーンのペンダントスイッチの修理作業を単独で行っていたところ、誤って背面カバーが取り外されたペンダントスイッチに触れてしまい、電撃症により死亡した。","1","製造業","101","食料品製造業","10101","肉製品、乳製品製造業","300~499","2","物上げ装置、運搬機械","21","動力クレーン等","211","クレーン","13","感電"
"23","2012","平成","24","9","16~17","他の事業場のトラック運転手がいも畑内にフォークリフトを立ち往生させたため、被災者がフォークリフトに乗りトラックで横方向から牽引し脱出させようとしたところ、フォークリフトがバランスを崩して横転し、運転していた被災者がフォークリフトから投げ出され、ヘッドガードと地面の間に挟まれ死亡した。","6","農林業","601","農業","60101","農業","1~9","2","物上げ装置、運搬機械","22","動力運搬機","221","トラック","2","転倒"
"24","2012","平成","24","9","15~16","被災者は個人住宅の屋根改修工事現場において、屋根からはみ出ている野地板の切断作業を開始し、はみ出ている野地板に上がったところ、野地板が折れ、約10m下の地面に墜落した。なお、被災者は、ヘルメットを被っていたが、安全帯は未着用であった。","3","建設業","302","建築工事業","30203","建築設備工事業","1~9","4","仮設物、建築物、構築物等","41","仮設物、建築物、構築物等","415","屋根、はり、もや、けた、合掌","1","墜落、転落"
"25","2012","平成","24","9","18~19","被災者は工事の打ち合わせを行なった後、社用車(1tダブルキャブトラック)を運転して宿泊先の旅館に向けて走行中、転回中であったスクールバスの右側面に衝突し、車両が炎上して焼死した。","3","建設業","303","その他の建設業","30301","電気通信工事業","10~29","2","物上げ装置、運搬機械","22","動力運搬機","221","トラック","17","交通事故（道路）"
"26","2012","平成","24","9","14~15","被災者は鋼橋の上部架設工事現場において、組立て中のつり足場の作業床上を歩いていたところ、体勢を崩して約10m下方の地上に墜落した。なお、つり足場には、手すり、防網等の墜落防止設備は未設置であった。また、安全帯は着用していたが、取付け設備は設置されておらず使用していなかった。","3","建設業","301","土木工事業","30105","橋梁建設工事業","10~29","4","仮設物、建築物、構築物等","41","仮設物、建築物、構築物等","411","足場","1","墜落、転落"
"27","2012","平成","24","9","14~15","雨水用排水路の改修工事において被災者らは、排水路のコンクリート床のはつり殻の掻き出し作業をしていたところ、取り壊し予定のなかった北側の側壁が倒れてきて、被災者が挟まれて即死した。なお、災害発生場所における南側の側壁は、前日までに取り壊しが完了して、はつり作業をしていた排水路はL字型の状態だった。","3","建設業","301","土木工事業","30107","河川土木工事業","10~29","4","仮設物、建築物、構築物等","41","仮設物、建築物、構築物等","418","建築物、構築物","5","崩壊、倒壊"
"28","2012","平成","24","9","15~16","荷主のプラットホームにおいて、被災者は単独で荷を乗せたカーゴコンテナをトラック荷台に積込作業中、プラットホームとトラック荷台との段差(約10センチメートル)によりカーゴコンテナが倒れ掛り、カーゴコンテナを引いて積込していたことから、カーゴコンテナが傾き、倒れてきたカーゴコンテナとトラックの床に挟まれ、搬送先の病院で死亡した。","4","運輸交通業","403","道路貨物運送業","40301","一般貨物自動車運送業","10~29","3","その他の装置等","36","人力機械工具等","362","人力運搬機","7","はさまれ、巻き込まれ"
"29","2012","平成","24","8","8~9","被災者は冷蔵庫内において、吊り下げられている豚の「枝肉」と呼ばれる肉の塊にカタ部、ロース・バラ部、モモ部の3ブロックに分ける前処理作業を行っていた。枝肉に「切れ目」をナイフ(刃渡り15センチメートル、刃幅3センチメートル)で入れていた際、誤ってナイフを自身の右足大腿部に刺してしまい、右大腿部静動脈を切断したことによる出血性ショックにより死亡した。","1","製造業","101","食料品製造業","10101","肉製品、乳製品製造業","50~99","3","その他の装置等","36","人力機械工具等","364","手工具","8","切れ、こすれ"
"30","2012","平成","24","8","10~11","被災者は鉄骨平屋建ての商業施設新築工事において、躯体外部の鉄骨部材の据え付け位置を微調整するため、地上から約5mの高さにある鉄骨部材に足をかけ、足をかけた鉄骨部材の上方の鉄骨部材のボルトを外したところ、バランスを崩し地面に墜落した。","3","建設業","302","建築工事業","30201","鉄骨・鉄筋コンクリート造家屋建築工事業","10~29","4","仮設物、建築物、構築物等","41","仮設物、建築物、構築物等","418","建築物、構築物","1","墜落、転落"
"31","2012","平成","24","8","14~15","被災者は国道の耐震補強工事現場において、橋の伸縮装置を取り替えるため、ナイロンシートで覆われた中で橋のコンクリート床版端をハンドガン(超高圧水)ではつっていたところ、誤って自分自身に超高圧水を直撃させてしまい、失血死した。","3","建設業","301","土木工事業","30199","その他の土木工事業","10~29","1","動力機械","16","一般動力機械","169","その他の一般動力機械","8","切れ、こすれ"
"32","2012","平成","24","8","11~12","被災者は郵便配達用のバイクにより郵便物を積んで配達作業中、市道を走行していたところ、片側1車線の緩い右カーブで対向してきた路線バスがセンターラインをはみ出してきたため、バスの前方右側にバイクが正面衝突。頭や胸を強打し、搬送先の病院で死亡した。","11","通信業","1101","通信業","110101","通信業","100~299","2","物上げ装置、運搬機械","23","乗物","231","乗用車、バス、バイク","17","交通事故（道路）"
"33","2012","平成","24","8","13~14","国道において、帰社するため走行中のワゴン車が、路外に逸脱し道路脇の電柱に衝突し、乗車していた労働者のうち、複数が死亡した。","17","その他の事業","1701","派遣業","170101","派遣業","100~299","2","物上げ装置、運搬機械","23","乗物","231","乗用車、バス、バイク","17","交通事故（道路）"
"34","2012","平成","24","8","13~14","国道において、帰社するため走行中のワゴン車が、路外に逸脱し道路脇の電柱に衝突し、乗車していた労働者のうち、複数が死亡した。","17","その他の事業","1701","派遣業","170101","派遣業","100~299","2","物上げ装置、運搬機械","23","乗物","231","乗用車、バス、バイク","17","交通事故（道路）"
"35","2012","平成","24","8","13~14","国道において、帰社するため走行中のワゴン車が、路外に逸脱し道路脇の電柱に衝突し、乗車していた労働者のうち、複数が死亡した。","17","その他の事業","1701","派遣業","170101","派遣業","100~299","2","物上げ装置、運搬機械","23","乗物","231","乗用車、バス、バイク","17","交通事故（道路）"
"36","2012","平成","24","8","6~7","被災者は前夜に発生した地震による貯水池の防水シートの亀裂状況等の点検のため、貯水池の設備再点検を行っていたところ、誤って貯水池に転落し、溺死した。","8","商業","804","その他の商業","80401","倉庫業","50~99","7","環境等","71","環境等","713","水","10","おぼれ"
"37","2012","平成","24","8","10~11","被災者は国道を社有の大型トレーラーを運転し商品を運搬中、左路肩下に転落、大破し、死亡した。なお、事故現場は直線道路で、路面は乾燥していた。","4","運輸交通業","403","道路貨物運送業","40301","一般貨物自動車運送業","30~49","2","物上げ装置、運搬機械","22","動力運搬機","221","トラック","17","交通事故（道路）"
"38","2012","平成","24","8","10~11","被災者は植林現場において刈払機を使用し、地ごしらえ(笹刈り)作業に従事していたところ、熱中症を発症。刈払機にもたれかかるように倒れていたところを同僚により発見され、救急搬送されたが死亡した。","6","農林業","602","林業","60201","木材伐出業","1~9","7","環境等","71","環境等","715","高温・低温環境","11","高温・低温の物との接触"
"39","2012","平成","24","8","9~10","民有林の間伐事業において、被災者は立木(胸高径20センチメートル、から松)を伐倒したが、かかり木になったためこれを放置し、別の立木を伐倒していた最中、かかり木が倒れ、被災者に激突した。","6","農林業","602","林業","60201","木材伐出業","10~29","7","環境等","71","環境等","712","立木等","5","崩壊、倒壊"
"40","2012","平成","24","8","16~17","被災者は事業場内で手持ち式のグラインダー(ベビーサンダー)を使用し、鉄パイプの研磨作業を行っていたが、誤って感電し、救急搬送先の病院で死亡した。","1","製造業","112","金属製品製造業","11209","その他の金属製品製造業","10~29","1","動力機械","15","金属加工用機械","153","研削盤、バフ盤","13","感電"
"41","2012","平成","24","8","15~16","被災者は木くずを堆積保管しているチップヤードにおいて、ドラグショベルの運転業務を行っていたところ、誤ってドラグショベルごと木くずの山の上部から転落し死亡した。","15","清掃・と畜業","1501","清掃・と畜業","150103","その他の廃棄物処理業","30~49","1","動力機械","14","建設機械等","142","掘削用機械","1","墜落、転落"
"42","2012","平成","24","8","13~14","コンテナ船からコンテナの荷卸し作業のため、別事業場の労働者が運転する「リーチスタッカー」と呼ばれるコンテナ積卸専用機械が船とコンテナ置き場との間を往復していた。被災者は、コンテナの検数業務後に詰所へ行くため構内を歩行していたところ、コンテナを持ち上げ後退して来た同機械の右後輪に腹部を轢かれ即死した。","17","その他の事業","1702","その他の事業","170209","その他の事業－その他","1~9","2","物上げ装置、運搬機械","22","動力運搬機","229","その他の動力運搬機","7","はさまれ、巻き込まれ"
"43","2012","平成","24","7","0~1","被災者はトラックに建材のサッシを積み目的地まで運送するため、高速道路下り車線を走行していた。その際、運転を誤り、トンネルの入口にトラックを衝突させ、トンネルの壁面にトラックをこすりながら数十m進んだところでトラックは止まった。救急搬送されたが、失血性ショックにより死亡した。","4","運輸交通業","403","道路貨物運送業","40301","一般貨物自動車運送業","10~29","2","物上げ装置、運搬機械","22","動力運搬機","221","トラック","17","交通事故（道路）"
"44","2012","平成","24","7","12~13","被災者は既設建築物外部に枠くみ足場を3段設置し、屋根や壁の塗り替え作業を行っていた。被災者が外部足場に設置された階段枠を使用して地上に降りる際、3段目と2段目の間に設置されていた階段枠が外れたことによりバランスを崩し、3段目の外側の筋かいを超えて、足場から約5m下の歩道に墜落した。なお、安全帯、保護帽の着用はなかった。筋かいのみ設置されていた。","3","建設業","302","建築工事業","30209","その他の建築工事業","1~9","4","仮設物、建築物、構築物等","41","仮設物、建築物、構築物等","411","足場","1","墜落、転落"
"45","2012","平成","24","7","12~13","被災者は抄造工程のドライヤーパート(乾燥機)入口のカンバス(湿紙を運ぶ布)に付着した紙粉等をホース先端から吹き出すエアーにより清掃していた。その際、誤ってカンバスロールとブローボックス(空気を吹き出してカンバスと湿紙を吸付ける装置)の隙間に上半身が巻き込まれ死亡した。なお、カンバスは毎分200mの速度で回転させていた。","1","製造業","106","パルプ・紙・紙加工品製造業","10601","パルプ・紙製造業","100~299","1","動力機械","16","一般動力機械","163","ロール機（印刷ロール機を除く。）","7","はさまれ、巻き込まれ"
"46","2012","平成","24","7","14~15","被災者は林内作業車を運転し、切り盛り土作業で発生した掘削土の運搬作業を行っていた。目的地に到着後、掘削土を降ろすため作業道で方向転換中、後進しすぎて林内作業車ごと約30m下まで斜度約45度の斜面を滑落し、横転している林内作業車から投げ出され、死亡した。","3","建設業","301","土木工事業","30106","道路建設工事業","1~9","2","物上げ装置、運搬機械","22","動力運搬機","229","その他の動力運搬機","1","墜落、転落"
"47","2012","平成","24","6","15~16","被災者は汚水タンクに設置された排水ポンプの修理作業を行うため、ポンプをタンク内からロープで取り出し、排水ポンプのファンの取り換え作業を行っていた。取り換え作業を終了し、ポンプを戻した後、被災者は工具を置き忘れたことに気づき、タンク内に再度進入したところ、タンク内に充満していた硫化水素ガスを吸引し意識を失い、搬出先の病院で死亡した。なお、被災場所からは、26ppmの硫化水素が検出された。","1","製造業","117","その他の製造業","11709","その他の製造業－その他","1~9","5","物質、材料","51","危険物、有害物等","514","有害物","12","有害物等との接触"
"48","2012","平成","24","6","18~19","資材センターにおいて、トラック荷台からの荷降ろし終了後、トラックが前方へ逸走、置いてあったフォークリフトにトラックのドアが激突したため、ドアとトラックの車体の間にいた被災者が挟まれ、死亡した。","3","建設業","302","建築工事業","30201","鉄骨・鉄筋コンクリート造家屋建築工事業","10~29","2","物上げ装置、運搬機械","22","動力運搬機","221","トラック","6","激突され"
"49","2012","平成","24","6","15~16","被災者はPC橋のボックス桁内において、清掃後の塩分濃度測定のため、桁から橋脚の検査路への入退場に使用する開口部付近で作業していたところ、急に意識を失い開口部に墜落し、。開口部から約3m下にある橋脚検査路(鋼製)に頭を強く打ち付け、頭蓋骨骨折等により死亡した。なお、通常、開口部は、スライド式の鋼製蓋で覆われているが、被災時は蓋が開いていた。","3","建設業","301","土木工事業","30105","橋梁建設工事業","1~9","4","仮設物、建築物、構築物等","41","仮設物、建築物、構築物等","414","開口部","1","墜落、転落"
"50","2012","平成","24","6","0~1","被災者は荷を積み、出発地へ戻るため高速道路を走行中、追突事故に巻き込まれた。その際、トラックの損傷程度を確認するため車外へ出たところ、後続の別のトラックに追突され、その反動で自社トラックが押し出されて自社トラックの下敷きになり死亡した。","4","運輸交通業","403","道路貨物運送業","40301","一般貨物自動車運送業","10~29","2","物上げ装置、運搬機械","22","動力運搬機","221","トラック","17","交通事故（道路）"
"51","2012","平成","24","5","12~13","被災者はビート植付け作業に従事し、農業用トラクターにビート移植機を連結させた状態で暖機運転を行っていたところ、動力源であるドライブシャフト(PTO軸)に左腕が巻き込まれ、上腕部を切断された。なお、ドライブシャフトには、プラスチック製の安全カバーが設置されていたが、当該カバーと移植機本体との隙間に作業服の繊維が巻き込まれた。","7","畜産・水産業","701","畜産業","70101","畜産業","10~29","1","動力機械","16","一般動力機械","169","その他の一般動力機械","7","はさまれ、巻き込まれ"
"52","2012","平成","24","5","15~16","個人住宅の新築工事において、被災者は2階部分の仮筋交いの取付け準備のため、道具を取りに2階の梁の上を歩行中、梁に渡されたコンパネで作った型枠材に乗ったところ、同コンパネの一部が抜け落ち、約4m下の土間コンクリートに墜落し、後頭部を強打し死亡した。","3","建設業","302","建築工事業","30202","木造家屋建築工事業","1~9","4","仮設物、建築物、構築物等","41","仮設物、建築物、構築物等","415","屋根、はり、もや、けた、合掌","1","墜落、転落"
"53","2012","平成","24","5","22~23","被災者は目的地までの荷の運搬業務のため、箱型トラックを運転し片側一車線の国道を走行中、緩やかな右カーブに差し掛かったところ、車体が横転した勢いで運転席から放り出され、道路脇の電柱を倒しながら路外に逸脱したトラックの荷箱と倒れた電柱の間に挟まれ、全身打撲により死亡した。なお、被災者は制限速度50キロメートルの道路上を80キロメートルで走行し、シートベルトを着用していなかった。","4","運輸交通業","403","道路貨物運送業","40301","一般貨物自動車運送業","30~49","2","物上げ装置、運搬機械","22","動力運搬機","221","トラック","17","交通事故（道路）"
"54","2012","平成","24","5","9~10","被災者は木造平屋の屋根の建て込み作業中、高さ約5mの梁の上に足を乗せ、母屋材を梁に釘止めしていたところバランスを崩し、左側面からコンクリート床に墜落、心臓破裂により死亡した。","3","建設業","302","建築工事業","30202","木造家屋建築工事業","1~9","4","仮設物、建築物、構築物等","41","仮設物、建築物、構築物等","418","建築物、構築物","1","墜落、転落"
"55","2012","平成","24","5","13~14","被災者は梁の上で梁と母屋を固定している釘抜き作業をしていたところ、バランスを崩して高さ約5mから墜落し死亡した。なお、被災者は保護帽、安全帯は着用していなかった。","1","製造業","113","一般機械器具製造業","11301","機械（精密機械を除く）器具製造業","1~9","4","仮設物、建築物、構築物等","41","仮設物、建築物、構築物等","415","屋根、はり、もや、けた、合掌","1","墜落、転落"
"56","2012","平成","24","5","14~15","被災者は換気扇フード取り外し作業を開始するため、脚立から足場に上る際、脚立2段目から転落し、第6頸椎脱臼骨折、頸椎損傷で入院していたが、数か月後に傷病が起因した肺炎により死亡した。なお、被災者は保護帽及び安全帯を着用していなかった。","13","保健・衛生業","1302","社会福祉施設","130201","社会福祉施設","50~99","3","その他の装置等","37","用具","371","はしご等","1","墜落、転落"
"57","2012","平成","24","5","9~10","被災者はエレベーター搬器の天井部分と3階床部との間にうつ伏せで上半身を搬器内に入れた状態で挟まれ、救急搬送先の病院で死亡した。なお、扉には開閉リミットスイッチは付いておらず、扉が開いた状態であった。","8","商業","801","卸売業","80109","その他の卸売業","10~29","2","物上げ装置、運搬機械","21","動力クレーン等","214","エレベータ、リフト","7","はさまれ、巻き込まれ"
"58","2012","平成","24","4","8~9","被災者は販売業務等のため、自宅から自家用車で直接業務先へ向かう途中、自動車の運転操作を誤り、対向車線側にはみだして橋の欄干に衝突し死亡した。","17","その他の事業","1702","その他の事業","170209","その他の事業－その他","300~499","2","物上げ装置、運搬機械","23","乗物","231","乗用車、バス、バイク","17","交通事故（道路）"
"59","2012","平成","24","4","5~6","被災者はトラックで雑貨を運搬すべく、国道を目的地に向かう途中、左カーブに差し掛かった際対向車線にはみ出し、対向車線を走行していたトラックに正面衝突した。被災者は、頭等を強く打ち死亡した。","4","運輸交通業","403","道路貨物運送業","40301","一般貨物自動車運送業","30~49","2","物上げ装置、運搬機械","22","動力運搬機","221","トラック","17","交通事故（道路）"
"60","2012","平成","24","4","9~10","被災者はワゴン車で国道を走向中、スリップしてセンターラインをはみ出し、対向してきたタンクローリー車と正面衝突した。この交通事故で、ワゴン車の助手席に乗っていた被災者が死亡し、運転者が胸部打撲で負傷した。","17","その他の事業","1702","その他の事業","170201","警備業","100~299","2","物上げ装置、運搬機械","23","乗物","231","乗用車、バス、バイク","17","交通事故（道路）"
"61","2012","平成","24","3","10~11","被災者は走行中交差点において、急性心機能不全を発症し、社有車を信号柱に衝突させ、脳挫傷により死亡した。","8","商業","802","小売業","80209","その他の小売業","10~29","2","物上げ装置、運搬機械","23","乗物","231","乗用車、バス、バイク","17","交通事故（道路）"
"62","2012","平成","24","3","15~16","石炭運搬船のハッチで石炭を荷降し作業中、揚貨装置の運転手はバケットを降ろしたが位置が悪かったため、再度バケットを横移動させたところ、ハッチ内で合図を行っていた被災者を直撃した。","5","貨物取扱業","502","港湾運送業","50202","港湾荷役業","30~49","2","物上げ装置、運搬機械","21","動力クレーン等","215","揚貨装置","6","激突され"
"63","2012","平成","24","3","14~15","被災者は、プレハブ小屋の移設作業中、積載型小型トラッククレーンの荷台に積載した同小屋の屋根に上り、四隅に縛りつけられていた繊維ロープをフックに玉掛けしてその場に留まり、クレーン運転者が荷台より数十cm吊り上げたところロープが破断し、トラックの荷台上に落下したはずみで、被災者が約4m下の地上に墜落した。なお、被災者は、玉掛けの資格を有していなかった。","3","建設業","302","建築工事業","30202","木造家屋建築工事業","10~29","3","その他の装置等","37","用具","372","玉掛用具","1","墜落、転落"
"64","2012","平成","24","3","11~12","被災者は牛舎改修工事現場において、牛舎(D型ハウス)の屋根アーチ鉄骨の積雪に対する補強材を取り付けるための金属板を、高さ約4mの屋根アーチ鉄骨に溶接するため、うまの踏み桟の4段目(高さ約2m)に足を乗せて、またがった状態で作業していたところ転落し、コンクリートの床に頭部を強打し死亡した。","3","建設業","302","建築工事業","30209","その他の建築工事業","1~9","3","その他の装置等","37","用具","371","はしご等","1","墜落、転落"
"65","2012","平成","24","3","4~5","被災者は新聞配達中、原動機付自転車を運転し交差点内(信号機なし)に進入したところ、同交差点を直進するタンクローリー車と出会い頭に衝突した。なお、交差点の周囲には雪山があり見通しが悪かった。","8","商業","802","小売業","80205","新聞販売業","10~29","2","物上げ装置、運搬機械","23","乗物","231","乗用車、バス、バイク","17","交通事故（道路）"
"66","2012","平成","24","3","6~7","被災者はシステム部長に就任後、業務量の増加に伴い長時間労働が続き、前日、同僚との深夜までの打合せ後、会社に残り翌早朝に事務室内で首を吊って自殺した。","17","その他の事業","1702","その他の事業","170202","情報処理サービス業","50~99","9","その他","92","起因物なし","921","起因物なし","90","その他"
"67","2012","平成","24","3","18~19","被災者は会社から顧客先にワゴン車を取りに行き、帰社するため県道を走行していた。その際、対向車線を走行していた普通乗用車が、センターラインを超えて被災者が運転するワゴン車に正面衝突した。被災者は、脳内出血等により死亡した。","8","商業","802","小売業","80202","自動車小売業","10~29","2","物上げ装置、運搬機械","23","乗物","231","乗用車、バス、バイク","17","交通事故（道路）"
"68","2012","平成","24","2","8~9","学校敷地内にあるトレーニングセンター(2階建)の屋根に積もった雪の除雪業務を行うため、被災者が1階の窓をコンパネで覆う作業中、屋根からの落雪が発生し、被災者が落下した雪に埋まった。","3","建設業","301","土木工事業","30199","その他の土木工事業","10~29","4","仮設物、建築物、構築物等","41","仮設物、建築物、構築物等","415","屋根、はり、もや、けた、合掌","4","飛来、落下"
"69","2012","平成","24","2","14~15","被災者は凍結防止剤散布機付き除雪トラックのホッパー上で、凍結防止剤を積み込む作業を行っていた。積み込み作業を終え、ホッパーから荷台上に降り、トラックに据え付けられた昇降設備を使って地面に降りるため、荷台上を移動していたところ、足を滑らせ、約2m下の地面に墜落し、首を骨折し、入院先の病院で死亡した。","3","建設業","301","土木工事業","30199","その他の土木工事業","10~29","1","動力機械","14","建設機械等","149","その他の建設機械等","1","墜落、転落"
"70","2012","平成","24","2","11~12","農作物保管倉庫の屋根の上にて、被災者を含め複数で除雪作業を行っていたところ、突然屋根に積もっていた雪が滑り落ち、その雪とともに屋根の上で作業を行っていた被災者が墜落し、雪に埋もれた。なお、被災者は安全帯等の墜落防止措置を行っていなかった。","17","その他の事業","1702","その他の事業","170209","その他の事業－その他","100~299","4","仮設物、建築物、構築物等","41","仮設物、建築物、構築物等","415","屋根、はり、もや、けた、合掌","1","墜落、転落"
"71","2012","平成","24","2","10~11","雪処理場である埠頭にて、海水の水質検査業務に従事していた被災者は、バケツにロープを括り付け、海水を採取しようと岸壁の端まで移動したところ、岸壁に着いていた雪庇(40~80センチメートルほど張り出していた)に乗ったため、雪庇を踏み抜き約2m下の海面に墜落した。なお、ライフジャケットは着用していなかった。","3","建設業","301","土木工事業","30199","その他の土木工事業","1~9","4","仮設物、建築物、構築物等","41","仮設物、建築物、構築物等","418","建築物、構築物","10","おぼれ"
"72","2012","平成","24","2","7~8","被災者は同僚と自社倉庫がある敷地内で地主所有の倉庫(D型ハウス)の除雪作業を行っていた。ハシゴを使用し、倉庫の屋根に上がり、約20センチメートル積もった雪の除雪作業を行っていた時、屋根の一部に透明の塩化ビニル波板を張った天窓を踏み抜き、約5m下の倉庫内に墜落。頭等、全身を強く地面に打ちつけ、死亡した。なお、保護具は着用していなかった。","4","運輸交通業","403","道路貨物運送業","40301","一般貨物自動車運送業","10~29","4","仮設物、建築物、構築物等","41","仮設物、建築物、構築物等","415","屋根、はり、もや、けた、合掌","1","墜落、転落"
"73","2012","平成","24","2","7~8","被災者はタラ刺し網漁船の乗組員。出港後しばらくして、高波にあおられた被災者は海上に転落した。気象庁のデータによると、当日の波の高さは1~2mであった。","7","畜産・水産業","702","水産業","70201","漁業","1~9","2","物上げ装置、運搬機械","23","乗物","239","その他の乗物","10","おぼれ"
"74","2012","平成","24","1","17~18","被災者は営業活動終了後、事業場に戻るため社有車を運転し走行中、片側1車線で中央分離帯のない緩いカーブで、センターラインをはみ出した対向車に正面衝突された。","8","商業","802","小売業","80209","その他の小売業","1~9","2","物上げ装置、運搬機械","23","乗物","231","乗用車、バス、バイク","17","交通事故（道路）"
"75","2012","平成","24","1","15~16","被災者はシャッターを倉庫内で修理するため、アルミ製移動はしご(長さ約5m)を使用し修理作業を行っていた。その際、はしごの上部をシャッターのスプリングに掛けて使用していたところ、はしごが左にずれ、はしごと共に倉庫の床に墜落し、頭蓋骨骨折により死亡した。なお、保護帽は着用していなかった。床からシャッターのスプリングまでの直高は約5m。","17","その他の事業","1702","その他の事業","170209","その他の事業－その他","1~9","3","その他の装置等","37","用具","371","はしご等","1","墜落、転落"
"76","2012","平成","24","1","9~10","被災者はフォークリフトで約1m持ち上げられたFRP製の魚タンク(タンクは固定されていない。)の中に入り、タンクから他のフォークリフトのバケットに魚を移し替え作業中、タンクのバランスが崩れて片側が床に落下し、タンクと共にコンクリートの床に墜落、頭を床に強く打ち、脳挫傷により死亡した。なお、保護帽は着用していなかった。墜落高さは、約1mであった。","1","製造業","101","食料品製造業","10102","水産食料品製造業","100~299","6","荷","61","荷","611","荷姿の物","1","墜落、転落"
"77","2012","平成","24","1","8~9","被災者は、着岸したフェリーから牽引車とトレーラーを連結し、搬出する作業を行っていた。牽引車とトレーラー部のブレーキのうち、一部のブレーキのエアバルブの未開放に気づき、運転席から離れ、当該バルブを開放したところ、トレーラー側のブレーキが解除され、牽引車とトレーラーが動きだし、運転席に戻ろうとした際、牽引車とフェリーの内壁との間に体を挟まれ、骨盤骨折等により死亡した。なお、船内の勾配は、約3度であった。","4","運輸交通業","403","道路貨物運送業","40301","一般貨物自動車運送業","10~29","2","物上げ装置、運搬機械","22","動力運搬機","221","トラック","7","はさまれ、巻き込まれ"
"78","2012","平成","24","1","8~9","被災者は段差のある地山(全5段)3段目の既設半円コルゲート管(排水管)を撤去した雨水桝設置場所で、上方からの土砂及び転石落下防止のコンパネを土留柵に設置する作業を行っていた。その際、斜め上方法面では、他業者が重機足場に使用する単管を法肩から下ろす作業を行っており、うち1本がコルゲート管上に滑り落ちてコルゲート管上を約20m滑走し、被災者の右側頭部に激突した。","3","建設業","301","土木工事業","30108","砂防工事業","10~29","5","物質、材料","52","材料","521","金属材料","4","飛来、落下"
"79","2012","平成","24","4","11~12","発症前1ヶ月間の時間外労働時間数が100時間を超えていた被災者は、倉庫での積込作業終了後、くも膜下出血を発症し死亡した。","4","運輸交通業","403","道路貨物運送業","40301","一般貨物自動車運送業","1~9","9","その他","92","起因物なし","921","起因物なし","90","その他"
"80","2012","平成","24","8","22~23","観光バスのガイドである被災者は、業務終了後バスの車内清掃を行っていたところ、くも膜下出血を発症し、救急搬送先の病院で死亡した。","4","運輸交通業","402","道路旅客運送業","40202","バス業","30~49","9","その他","92","起因物なし","921","起因物なし","90","その他"
"81","2012","平成","24","1","6~7","高速道路パーキングエリア内で、被災者はくも膜下出血を発症し、救急搬送先の病院で死亡した。","14","接客娯楽業","1401","旅館業","140101","旅館業","10~29","9","その他","92","起因物なし","921","起因物なし","90","その他"
"82","2012","平成","24","9","7~8","鮭漁を行うため漁場に到着後、海中に仕掛けた底建網(そこだてあみ)を引き揚げその下に漁船を滑り込ませ、網の端部から掛かった魚を取った後、再び底建網を海中に沈めるため漁船を前進させていたところ、被災者の足元にあったロープが被災者の足に絡まり、漁船から海中に転落した。なお、被災者はライフジャケットを着用していなかった。","7","畜産・水産業","702","水産業","70201","漁業","1~9","2","物上げ装置、運搬機械","23","乗物","239","その他の乗物","10","おぼれ"
"83","2012","平成","24","10","2~3","被災者はたこ篭漁業操業漁船甲板員として乗船し、漁場に向け出港した。出港後、仕掛けの準備を終えた被災者は、船員室で漁場に着くまで休息をとっていたが、何かの理由で甲板に戻ったところ、海中に転落した。","7","畜産・水産業","702","水産業","70201","漁業","1~9","2","物上げ装置、運搬機械","23","乗物","239","その他の乗物","10","おぼれ"
"84","2012","平成","24","12","9~10","倉庫の屋根補修作業において、屋根の葺替えを行うため、複数の労働者で損傷部分を仮固定していた防水材をはがす作業を行っていたところ、そのうち1人が高さ約5mの軒先から墜落した。","3","建設業","302","建築工事業","30202","木造家屋建築工事業","1~9","4","仮設物、建築物、構築物等","41","仮設物、建築物、構築物等","415","屋根、はり、もや、けた、合掌","1","墜落、転落"
"85","2012","平成","24","10","9~10","被災者は橋梁の塗装工事現場において、吊り足場の組立作業を道路脇で監視していたところ、国道を通行してきたダンプトラックのタイヤが外れ、直撃された。","3","建設業","301","土木工事業","30105","橋梁建設工事業","1~9","2","物上げ装置、運搬機械","22","動力運搬機","221","トラック","17","交通事故（道路）"
"86","2012","平成","24","7","18~19","コンクリート打設作業を終了し、コンクリートポンプ車の生コンクリート投入ホッパー部分の洗浄作業を行っていたところ、当該ホッパー内のスクリュー状のローターに上半身を巻き込まれた。","3","建設業","302","建築工事業","30201","鉄骨・鉄筋コンクリート造家屋建築工事業","10~29","1","動力機械","14","建設機械等","149","その他の建設機械等","7","はさまれ、巻き込まれ"
"87","2012","平成","24","7","13~14","家屋の新築工事現場において、2階部分の床板を張っていたところ、誤って高さ約4mの開口部から土間床に墜落した。","3","建設業","302","建築工事業","30202","木造家屋建築工事業","1~9","4","仮設物、建築物、構築物等","41","仮設物、建築物、構築物等","414","開口部","1","墜落、転落"
"88","2012","平成","24","5","15~16","作業を終え、事業場に戻るため普通ワゴン車を運転して国道を走行中、対向車線にはみ出し、対向車線を走行していた普通乗用車と正面衝突した。","17","その他の事業","1702","その他の事業","170209","その他の事業－その他","1~9","2","物上げ装置、運搬機械","23","乗物","231","乗用車、バス、バイク","17","交通事故（道路）"
"89","2012","平成","24","4","2~3","配達先の入口付近において、トラックから積荷を降ろす作業中、清涼飲料水を積んだカートラックを引っ張りながら後退していたところ、トラックの後部に装着されている昇降機から足を踏み外して墜落するとともにカートラックも落下し、下敷きになった。","4","運輸交通業","403","道路貨物運送業","40301","一般貨物自動車運送業","10~29","6","荷","61","荷","611","荷姿の物","4","飛来、落下"
"90","2012","平成","24","4","3~4","荷物を積み事業場に戻るため、大型トラックを運転し高速道路を走行中、事故で横転していた大型トラックに追突した。","4","運輸交通業","403","道路貨物運送業","40301","一般貨物自動車運送業","50~99","2","物上げ装置、運搬機械","22","動力運搬機","221","トラック","17","交通事故（道路）"
"91","2012","平成","24","3","14~15","道路工事現場において、請負業者が下り坂(勾配約10%)の途中に駐車した4t積み積載型トラッククレーンが、無人のまま下り坂を後退し、下方にいた被災者に激突した。","3","建設業","301","土木工事業","30199","その他の土木工事業","50~99","2","物上げ装置、運搬機械","21","動力クレーン等","212","移動式クレーン","6","激突され"
"92","2012","平成","24","2","8~9","住宅の屋根にできた氷及び雪庇の除去作業において、元請作業者が氷をチェーンソーで切断し、被災者がハンマーを使って雪庇を砕く作業を行っていたところ、氷を1m程切断したところで雪庇が倒壊し、被災者がその下敷きとなり窒息により心肺停止となった。","3","建設業","301","土木工事業","30199","その他の土木工事業","1~9","7","環境等","71","環境等","719","その他の環境等","4","飛来、落下"
"93","2012","平成","24","2","13~14","建築物の解体工事に伴って発生した廃棄物の堆積場において、廃棄物をダンプトラックに積み込みするため、フォーク(物を掴むためのアタッチメント)を装着した油圧ショベルを旋回させたところ、旋回体の後部が被災者に激突した。","3","建設業","303","その他の建設業","30309","その他の建設業－その他","30~49","1","動力機械","14","建設機械等","149","その他の建設機械等","6","激突され"
"94","2012","平成","24","2","10~11","事業場へ戻る際、高速道路を被災者の運転する積載車のほか一般車両数台が連なって走行中、当該車両複数台が絡む衝突事故が発生し車線をふさぐ形で停車したため、最後尾を走行していた被災者は積載車から降りて事故状況を確認していたところ、後続車両が更に追突し、押し出された積載車と前方車との間に挟まれた。","1","製造業","117","その他の製造業","11701","自動車整備業","1~9","7","環境等","71","環境等","719","その他の環境等","17","交通事故（道路）"
"95","2012","平成","24","2","11~12","ホタテ籠をつるしているロープに浮き玉を取り付ける作業中、ホタテ籠ロープに鉤を引っかけ、当該鉤に取り付けたロープを船上のロープ巻き上げ機で巻き上げていたところ、当該ロープ巻き上げ機に、右腕から胴体にかけて巻き込まれた。","7","畜産・水産業","702","水産業","70201","漁業","1~9","2","物上げ装置、運搬機械","21","動力クレーン等","219","その他の動力クレーン等","7","はさまれ、巻き込まれ"
"96","2012","平成","24","1","4~5","高速道路で運送業務中の被災者が運転する大型トレーラが前方を走行していた大型トラックと衝突し、さらに中央分離帯に衝突した。","8","商業","804","その他の商業","80401","倉庫業","1~9","2","物上げ装置、運搬機械","22","動力運搬機","221","トラック","17","交通事故（道路）"
"97","2012","平成","24","1","13~14","港の沖合でスクーバ式潜水器具を用いて潜水し、ナマコを採取する作業に従事していた被災者が、浮上予定時刻を経過しても浮上してこなかったため捜索したところ、水深約18mの海底付近で発見されたものの死亡した。","7","畜産・水産業","702","水産業","70201","漁業","10~29","9","その他","92","起因物なし","921","起因物なし","90","その他"
"98","2012","平成","24","12","15~16","資材をバックホーのバケットに入れ、資材置場に運搬している際、勾配約18度の坂道を上っている途中でクローラがスリップし、数十cm滑り落ちた。その際、バックホーのすぐ後ろを歩いていた被災者のつま先にクローラが乗り上げたが、運転者はそれに気付かず坂道を登り直すためバックホーを後進させ、つま先をクローラに踏まれ動けない被災者をそのまま轢いた。","3","建設業","301","土木工事業","30105","橋梁建設工事業","50~99","1","動力機械","14","建設機械等","142","掘削用機械","7","はさまれ、巻き込まれ"
"99","2012","平成","24","12","15~16","アルミ製のカーポートを新築する工事中、基礎用の2つの溝内に、梁を取付けた支柱を各4本建てた後、被災者が溝の中に入り、支柱をハンマーで叩き、間口の間隔を調整していたところ、支柱が4本目から1本目まで順次倒れ、被災者の頚部及び胸腹が支柱の間に挟まれた。","3","建設業","302","建築工事業","30209","その他の建築工事業","1~9","4","仮設物、建築物、構築物等","41","仮設物、建築物、構築物等","418","建築物、構築物","5","崩壊、倒壊"
"100","2012","平成","24","11","7~8","業務のため単独で目的地に車で向かっていたところ、県道の橋の上でスリップし対向車線にはみ出し、対向車と衝突し脳挫傷により死亡した。なお、災害発生時、橋の上は凍結していたが、車は冬用のタイヤを装着していた。","3","建設業","302","建築工事業","30203","建築設備工事業","10~29","2","物上げ装置、運搬機械","23","乗物","231","乗用車、バス、バイク","17","交通事故（道路）"
"101","2012","平成","24","10","8~9","事業場(デイサービス)の利用者を迎えに行くため、利用者宅に車で向かっていたところ、自損事故(電柱に激突)を起こし、出血性ショックにより死亡した。","13","保健・衛生業","1302","社会福祉施設","130201","社会福祉施設","1~9","2","物上げ装置、運搬機械","23","乗物","231","乗用車、バス、バイク","17","交通事故（道路）"
"102","2012","平成","24","10","8~9","買い付けた魚を工場へ運搬するために魚市場に来ていた被災者が、水揚げに使用する氷の入ったプラスチック製のボックス(2段積み)を運んでいた他社のフォークリフトと接触した。","8","商業","802","小売業","80209","その他の小売業","10~29","2","物上げ装置、運搬機械","22","動力運搬機","222","フォークリフト","17","交通事故（道路）"
"103","2012","平成","24","9","15~16","信号のある交差点において、社有車であるライトバンに2名で乗車し、右折信号を右折していたところ、信号を無視して直進してきたトラック(最大積載荷重12t)に助手席側の側部に追突され、助手席に乗車していた労働者が死亡、運転していた労働者が顔、胸等を負傷した。","8","商業","802","小売業","80209","その他の小売業","30~49","2","物上げ装置、運搬機械","22","動力運搬機","221","トラック","17","交通事故（道路）"
"104","2012","平成","24","7","18~19","被災者は木造家屋建築工事現場で、家屋の基礎の型枠材の加工・組立て作業に従事していた。被災者が休憩中にふらついていたため、現場内で休ませていたが、その後、被災者の呂律が回らなくなり、痙攣し始めたため、救急搬送したが、翌日死亡した。","3","建設業","302","建築工事業","30202","木造家屋建築工事業","1~9","7","環境等","71","環境等","715","高温・低温環境","11","高温・低温の物との接触"
"105","2012","平成","24","7","11~12","法面からの落石等を防止するため、親綱にロリップを掛けて法面上方から下方に向かって保護ネットと固定用ワイヤーを結束する作業を行っていた際、親綱が短く法尻から約15mの高さの位置で途切れていた状況のまま作業を行ったところ、墜落した。","3","建設業","301","土木工事業","30199","その他の土木工事業","30~49","7","環境等","71","環境等","711","地山、岩石","1","墜落、転落"
"106","2012","平成","24","7","9~10","浄化設備の汚泥槽のくみ取り作業中、被災者は何かの理由で、当該汚泥槽内部に転落し、死亡した。","15","清掃・と畜業","1501","清掃・と畜業","150102","産業廃棄物処理業","10~29","4","仮設物、建築物、構築物等","41","仮設物、建築物、構築物等","414","開口部","1","墜落、転落"
"107","2012","平成","24","7","15~16","落石防護ネットの施工のため、法面上の倒木を処理する必要があり、被災者がチェーンソーで当該倒木を切断したところ、根元部分が跳ね上がり、その反動で親綱ごと跳ね飛ばされ、法面に全身を強打した。","3","建設業","301","土木工事業","30108","砂防工事業","1~9","7","環境等","71","環境等","712","立木等","3","激突"
"108","2012","平成","24","5","13~14","被災者は工場内にて、研磨機の投入バケットへ製品の移し替え作業を行っていたところ、前進してきたフォークリフトに両足を轢かれ骨折し、入院中、肺血栓塞栓症を発症し死亡した。なお、フォークリフトの運転者は、前方の視界を確保していたが、運搬していた荷に気を取られ、前方にいた被災者に気付かなかった。","1","製造業","115","輸送用機械等製造業","11502","自動車・同付属品製造業","100~299","2","物上げ装置、運搬機械","22","動力運搬機","222","フォークリフト","7","はさまれ、巻き込まれ"
"109","2012","平成","24","3","14~15","集材装置の架線の張り替え作業中、法面の立木の脇に束ねて置いていたワイヤーを解き、滑車を持って移動していたところ、雪で足を滑らせて作業道に滑落し、死亡した。なお、被災者が滑落した個所(直高10m以上)は傾斜角が約35度であった。また、被災当日、被災者が移動していた場所には雪が積もっていた。","6","農林業","602","林業","60201","木材伐出業","1~9","7","環境等","71","環境等","711","地山、岩石","1","墜落、転落"
"110","2012","平成","24","2","10~11","リングバーカーを用いてカラマツの皮むきを行っていたところ、規格外の寸法でリングバーカーに入らなかったカラマツを送り装置をリバースさせて送り装置の端部から落下させたところ、送り装置下部に溜まっていたカラマツの皮を集めていた被災者に激突した。","1","製造業","104","木材・木製品製造業","10401","製材業","30~49","2","物上げ装置、運搬機械","22","動力運搬機","224","コンベア","4","飛来、落下"
"111","2012","平成","24","2","16~17","2tトラックの下でギヤの整備中、回転していたプロペラシャフトに作業着が引っ掛かり左腕が巻き込まれ、作業着で頚部が圧迫され窒息死した。","1","製造業","117","その他の製造業","11701","自動車整備業","1~9","2","物上げ装置、運搬機械","22","動力運搬機","221","トラック","7","はさまれ、巻き込まれ"
"112","2012","平成","24","1","16~17","被災者は、油圧ショベルに掴みアタッチメントを取り付けた重機を使用して、出荷する廃棄配電盤をトレーラーに積み込む作業を行っていた。仮置場から配電盤を掴み上げたが、掴み方が不安定だったため、一旦トレーラーの脇に置いて掴み直そうと掴みアタッチメントを離したところ、傾斜して置かれた配電盤が倒れてトレーラーの運転者がその下敷きになった。","8","商業","801","卸売業","80109","その他の卸売業","30~49","6","荷","61","荷","611","荷姿の物","5","崩壊、倒壊"
"113","2012","平成","24","1","16~17","停電により停止した機械プレス(自動プレス・フリクションクラッチ)の復旧・点検作業において、異音の発生場所を確認するため、プレスに付属する加工部品搬出用ベルトコンベアーに被災者が一人で上がり、部下にプレスを寸動で稼働させたところ、プレスに同期して作動するフィードキャリア(加工部品搬出装置)のフレーム部とプレスのフレーム部に頭部を挟まれた。","1","製造業","115","輸送用機械等製造業","11502","自動車・同付属品製造業","100~299","2","物上げ装置、運搬機械","22","動力運搬機","229","その他の動力運搬機","7","はさまれ、巻き込まれ"
"114","2012","平成","24","12","13~14","優先道路をバイクで走行中、交差点で一時停止せずに走行してきた加害車両と衝突した。","11","通信業","1101","通信業","110101","通信業","300~499","2","物上げ装置、運搬機械","23","乗物","231","乗用車、バス、バイク","17","交通事故（道路）"
"115","2012","平成","24","12","1~2","線路下部を跨いで水路を設置するため、非開削工法(HEP&JES)にて施工していた。粘土質の地層に当たり推進機械が動かなくなり、手掘り掘削に変更しようと、推進機械を引き抜くためにエレメントと推進機械にチェーンブロックを掛け、被災者がその間で合図作業をしていたところ、引っ張っていた推進機械が2m程度急に飛び出してきたため、推進機械とエレメントの間に頭部を挟まれた。","3","建設業","301","土木工事業","30199","その他の土木工事業","10~29","1","動力機械","14","建設機械等","149","その他の建設機械等","7","はさまれ、巻き込まれ"
"116","2012","平成","24","11","11~12","木造家屋新築工事現場において、建て方作業中に高さ約4mの梁から墜落した。","3","建設業","302","建築工事業","30202","木造家屋建築工事業","1~9","4","仮設物、建築物、構築物等","41","仮設物、建築物、構築物等","415","屋根、はり、もや、けた、合掌","1","墜落、転落"
"117","2012","平成","24","11","14~15","自動車道の草刈り及び樹木剪定作業中、被災者が塵芥車の前方で草木の集積作業を行っていたところ、塵芥車の運転手が被災者に気付かずに塵芥車を前進させてしまい被災者が轢かれた。","3","建設業","301","土木工事業","30106","道路建設工事業","30~49","2","物上げ装置、運搬機械","22","動力運搬機","221","トラック","7","はさまれ、巻き込まれ"
"118","2012","平成","24","10","10~11","休憩時間中、作業場へ向かう階段から墜落した。","1","製造業","114","電気機械器具製造業","11403","電子機器用・通信機器用部品製造業","100~299","4","仮設物、建築物、構築物等","41","仮設物、建築物、構築物等","413","階段、桟橋","1","墜落、転落"
"119","2012","平成","24","9","9~10","車両の燃料タンクであるガス容器を自動車解体業者から回収し、当該事業場内に保管していた。ガス容器は廃棄処理するものであったが、容器の処理については詳しく指示がされないまま、一般のLPG容器と混在して敷地内に置かれており、被災者はこのCNG容器を解体しようとして、ベビーサンダーで容器を切断していたところ、当該容器が破裂して被災した。","1","製造業","117","その他の製造業","11709","その他の製造業－その他","10~29","5","物質、材料","51","危険物、有害物等","513","可燃性のガス","15","破裂"
"120","2012","平成","24","7","14~15","被災者は工事現場で土間の配筋作業中、「暑い、暑い」と声を上げ飲み物の自動販売機に向かって歩いていたところ、突然倒れた。","3","建設業","302","建築工事業","30201","鉄骨・鉄筋コンクリート造家屋建築工事業","1~9","7","環境等","71","環境等","715","高温・低温環境","11","高温・低温の物との接触"
"121","2012","平成","24","7","10~11","被災者は午前中ブロック積み工事現場で具合が悪くなり、午後に帰宅したが途中で意識を失い、救急搬送先の病院で死亡した。","3","建設業","301","土木工事業","30199","その他の土木工事業","1~9","7","環境等","71","環境等","715","高温・低温環境","11","高温・低温の物との接触"
"122","2012","平成","24","7","8~9","アスファルト切削機を重機仮置場から工事規制帯内へ搬入するため約50mほど自走させ、交差点で左折させようとした際、側方の歩道にある電柱脇に立っていた被災者を左前輪で轢いた。","3","建設業","301","土木工事業","30106","道路建設工事業","10~29","1","動力機械","14","建設機械等","149","その他の建設機械等","7","はさまれ、巻き込まれ"
"123","2012","平成","24","6","11~12","被災者は、出勤後社有車で出掛けたところ、橋脚に激突し死亡した。","1","製造業","117","その他の製造業","11701","自動車整備業","1~9","2","物上げ装置、運搬機械","23","乗物","231","乗用車、バス、バイク","17","交通事故（道路）"
"124","2012","平成","24","3","14~15","下水管の止水栓を開けるためにマンホールの蓋を開けて中に入ったところ、実際は止水栓は開いていたものの汚水が詰まって流れてこなかったため棒で突いた。その後、汚水が流れ出た際、マンホール内に居た1名が意識不明となり救急車で搬送された。","15","清掃・と畜業","1501","清掃・と畜業","150109","その他の清掃・と畜業","10~29","7","環境等","71","環境等","714","異常環境等","12","有害物等との接触"
"125","2012","平成","24","3","15~16","木造平屋の屋根葺き替え工事において、既存の瓦を撤去し、野地板にアスファルトルーフィングを敷いている作業中に屋根の端から約4m下の道路に墜落した。なお、足場等の墜落防止措置はなく、災害発生日は強風警報が発令されていた。","3","建設業","302","建築工事業","30202","木造家屋建築工事業","1~9","4","仮設物、建築物、構築物等","41","仮設物、建築物、構築物等","415","屋根、はり、もや、けた、合掌","1","墜落、転落"
"126","2012","平成","24","1","11~12","家屋解体工事現場において、バケットをグラップルに変えた油圧ショベルを移動させるため、高さ約3mのがれきの山(角度約20度)を走行しながら旋回していたところ、約4m走行したところで転倒し、付近で他作業をしていた被災者の頭部にアーム部分が激突した。","3","建設業","302","建築工事業","30202","木造家屋建築工事業","1~9","1","動力機械","14","建設機械等","149","その他の建設機械等","6","激突され"
"127","2012","平成","24","9","11~12","災害発生日直前の1か月の時間外労働は概ね100時間と、著しい疲労の蓄積をもたらす過重な業務に就労していた被災者は、通勤途中に駅の待合室で倒れた。。","14","接客娯楽業","1402","飲食店","140201","一般飲食店","10~29","9","その他","92","起因物なし","921","起因物なし","90","その他"
"128","2012","平成","24","1","8~9","仕事量増大に起因するストレスでうつ病を発症し、発作的にマンションから飛び降り、自殺した。","12","教育・研究業","1201","教育・研究業","120109","その他の教育研究業","300~499","9","その他","92","起因物なし","921","起因物なし","90","その他"
"129","2012","平成","24","8","0~1","被災者は、管理職としての業務と営業業務を兼務し、通常でも出張業務を行った後、事務所で事後処理や管理職業務を行い、休日である土曜日もたびたび出勤していた。特に死亡前の1ヶ月は、時間外労働が月110時間以上に及んでおり、会社内において自殺した。","8","商業","802","小売業","80209","その他の小売業","10~29","9","その他","92","起因物なし","921","起因物なし","90","その他"
"130","2012","平成","24","3","5~6","業務が激増し、著しい疲労をもたらす過重な業務に従事していた被災者は、通勤途上、自宅玄関前で倒れているところを発見された。","3","建設業","302","建築工事業","30202","木造家屋建築工事業","10~29","9","その他","92","起因物なし","921","起因物なし","90","その他"
"131","2012","平成","24","5","8~9","早朝、駐車場でトラックから降車し、歩いているところを目撃されていた被災者は、同日午後帰着した駐車場の当該トラック内で死亡しているところを発見された。","4","運輸交通業","403","道路貨物運送業","40301","一般貨物自動車運送業","50~99","9","その他","92","起因物なし","921","起因物なし","90","その他"
"132","2012","平成","24","10","16~17","杉立木の収穫間伐作業中、1本がかかり木となったので、それを外そうと他の立木(杉、胸高直径約40センチメートル、樹高約25m)を当該かかり木に浴びせ倒ししたところ、かかり木を支点として伐倒木の根元が跳ね上がり、待避した伐倒手の頭部を直撃した。","6","農林業","602","林業","60201","木材伐出業","10~29","7","環境等","71","環境等","712","立木等","6","激突され"
"133","2012","平成","24","10","15~16","被災者はクレーン作業終了後、傾斜した路面に駐車しているホイールクレーンを撤収しようと、駐車用ブレーキをかけないまま、車外の車体左側側面でアウトリガーの格納操作中、当該クレーンが路面を逸走した。被災者は一旦運転席にしがみつき、その後下の小段に飛び降りたところ、当該クレーンが被災者の上に転落し下敷きとなった。","3","建設業","301","土木工事業","30199","その他の土木工事業","10~29","2","物上げ装置、運搬機械","21","動力クレーン等","212","移動式クレーン","1","墜落、転落"
"134","2012","平成","24","9","8~9","コンクリート2次製品(L型擁壁)を車両積載型移動式クレーンで荷台に積み込む作業中、被災者は積み込みを終えたL型擁壁から玉掛用具(フック3か所)を外し、リモコン操作でクレーンを巻き上げたところ、1か所のフックが外れていない状況であったため、L型擁壁の底部が持ち上げられて被災者方向に倒れ、積まれていた他の擁壁との間に挟まれた。","4","運輸交通業","403","道路貨物運送業","40301","一般貨物自動車運送業","30~49","3","その他の装置等","37","用具","372","玉掛用具","7","はさまれ、巻き込まれ"
"135","2012","平成","24","8","10~11","災害発生日、被災者を含む複数の作業員で現場の下刈り作業を開始した。午前中、各自が付近にあった木の陰で休憩をとり、その後、作業を再開しようとしたが、被災者が立ち上がらず、近くで休んでいた作業員が声をかけたところ、応答がなく意識がなかった。直ちに被災者を救急搬送したが、搬送先の病院で死亡した。","6","農林業","602","林業","60209","その他の林業","10~29","7","環境等","71","環境等","715","高温・低温環境","11","高温・低温の物との接触"
"136","2012","平成","24","6","14~15","被災者は同僚らと光線の移設工事を行った後、事業場へ戻るため被災者が軽ワゴン車を運転し、助手席に同僚を乗せ、国道を走行していた。その際、被災者が対向車線にはみ出したため、対向してきた4tトラックと正面衝突した。被災者は外傷性ショックにより死亡し、同僚は負傷した。","3","建設業","303","その他の建設業","30301","電気通信工事業","10~29","2","物上げ装置、運搬機械","23","乗物","231","乗用車、バス、バイク","17","交通事故（道路）"
"137","2012","平成","24","4","10~11","事業場であるクマ牧場にて、複数の労働者で牧場内の通路の除雪作業、クマへの餌やり作業等を行っていたところ、運動場から逃げ出したクマ(ヒグマ)に被災者が襲われ死亡した。なお、当該運動場は、コンクリート塀で囲まれ、更に上部には柵(フェンス)が設けられていたが、運動場は雪が溜まった状態(雪山)となっており、クマは当該雪山をよじ登って柵を越え、脱走した。","14","接客娯楽業","1403","その他の接客娯楽業","140309","その他の接客娯楽業－その他","1~9","7","環境等","71","環境等","719","その他の環境等","90","その他"
"138","2012","平成","24","4","10~11","事業場であるクマ牧場にて、複数の労働者で牧場内の通路の除雪作業、クマへの餌やり作業等を行っていたところ、運動場から逃げ出したクマ(ヒグマ)に被災者が襲われ死亡した。なお、当該運動場は、コンクリート塀で囲まれ、更に上部には柵(フェンス)が設けられていたが、運動場は雪が溜まった状態(雪山)となっており、クマは当該雪山をよじ登って柵を越え、脱走した。","14","接客娯楽業","1403","その他の接客娯楽業","140309","その他の接客娯楽業－その他","1~9","7","環境等","71","環境等","719","その他の環境等","90","その他"
"139","2012","平成","24","3","15~16","胸高直径約40センチメートル、樹高約20mの杉の間伐作業中に、隣接のクルミの木が同杉にかかり木状になっていたが、杉が伐倒されたために支えを失い、また、クルミの木の幹が腐食しており、腐食部から折れて落下し、被災者に激突した。","6","農林業","602","林業","60201","木材伐出業","1~9","7","環境等","71","環境等","712","立木等","4","飛来、落下"
"140","2012","平成","24","1","14~15","被災者は、資材置き場上で味噌販売用容器(段ボール箱)を収納するため作業中、端部に手すり等が無いため、高さ約3mの作業床の端部からコンクリート床に墜落した。","1","製造業","101","食料品製造業","10109","その他の食料品製造業","1~9","4","仮設物、建築物、構築物等","41","仮設物、建築物、構築物等","416","作業床、歩み板","1","墜落、転落"
"141","2012","平成","24","12","9~10","除雪作業を終え、被災者ら複数名が自社所有のワゴン車に乗車し事業場へ戻る途中、県道において、路面が凍結していたためにスリップし速度超過となり、道路脇のガードレールを突き破り、斜面下約10mの沢へ転落した。その際、後部座席の中央に乗車していた被災者が出血多量等により死亡した。","3","建設業","301","土木工事業","30199","その他の土木工事業","30~49","2","物上げ装置、運搬機械","23","乗物","231","乗用車、バス、バイク","17","交通事故（道路）"
"142","2012","平成","24","12","18~19","工事現場での仕事を終え、被災者ら複数名が軽ワゴン車に乗車し帰宅途中、県道の橋上において、路面が凍結していたためスリップし対向車線にはみ出し、横向きになったところに対向車線を走行してきた軽ワゴン車と衝突した。後部座席の左側に乗車していた被災者が胸を強く打ち、外傷性胸部大動脈破裂で死亡した。","3","建設業","302","建築工事業","30202","木造家屋建築工事業","1~9","2","物上げ装置、運搬機械","23","乗物","231","乗用車、バス、バイク","17","交通事故（道路）"
"143","2012","平成","24","10","17~18","タンク車の車検整備のため、車体をジャッキ(前後4点)に乗せ後輪の板バネ付属品の交換を行っていたところ、車体が傾き、車体後部と作業床の間に腹部をはさまれ、内臓破裂で死亡した。","8","商業","802","小売業","80202","自動車小売業","10~29","2","物上げ装置、運搬機械","22","動力運搬機","221","トラック","7","はさまれ、巻き込まれ"
"144","2012","平成","24","10","8~9","電話線の更新工事中、空中に張った電話線の撚りを取るため、安全帯を電話線を支持している張線に掛け、中吊り状態で電話線の撚りを取っていたところ、安全帯が胴部から胸部にずり上がり胸部を圧迫され、死亡した。","3","建設業","303","その他の建設業","30301","電気通信工事業","1~9","3","その他の装置等","37","用具","379","その他の用具","90","その他"
"145","2012","平成","24","8","16~17","バイクで郵便物の配達中、交差点を直進していたところ、被災者の進行方向右側から交差点内に進入してきた軽自動車に衝突され、死亡した。","11","通信業","1101","通信業","110101","通信業","10~29","2","物上げ装置、運搬機械","23","乗物","231","乗用車、バス、バイク","17","交通事故（道路）"
"146","2012","平成","24","7","16~17","林道専用道を新設する工事において、ドラグショベルで地山を掘削し、2台の不整地運搬車で盛土箇所まで残土を運搬する作業を行っていた。被災者は、不整地運搬車の運転に従事し、もう1台の不整地運搬車とすれ違うため、運行経路の途中にある広い幅員が確保された沢側の待機場所で待機していたところ、10m下の沢に不整地運搬車とともに転落した。なお、路肩が崩壊した形跡は見当たらない。","3","建設業","301","土木工事業","30106","道路建設工事業","10~29","2","物上げ装置、運搬機械","22","動力運搬機","227","不整地運搬車","1","墜落、転落"
"147","2012","平成","24","6","18~19","砕石プラントの保守作業中、稼働しているベルトコンベアに上半身を挟まれ死亡した。","2","鉱業","202","土石採取業","20202","砂利採取業","30~49","2","物上げ装置、運搬機械","22","動力運搬機","224","コンベア","7","はさまれ、巻き込まれ"
"148","2012","平成","24","6","3~4","被災者は新聞配達のため、町道を原動機付き自転車を運転して走行中、転倒して頭部を強打し死亡した。","8","商業","802","小売業","80205","新聞販売業","10~29","2","物上げ装置、運搬機械","23","乗物","231","乗用車、バス、バイク","17","交通事故（道路）"
"149","2012","平成","24","5","10~11","国道維持補修工事で、道路と歩道を隔てるコンクリート製縁石の補修作業を行っていた被災者は、走行中の乗用車にはねられ、死亡した。","3","建設業","301","土木工事業","30199","その他の土木工事業","50~99","2","物上げ装置、運搬機械","23","乗物","231","乗用車、バス、バイク","17","交通事故（道路）"
"150","2012","平成","24","4","7~8","トラック運転手である被災者は、積み込んだ荷物を目的地へ運送する途中、コンビニエンスストア駐車場でウイングを開けて積み荷の点検作業中、突然ウイングが下降し、トラックの荷台のウイングとあおりの間に頸部をはさまれ死亡した。","4","運輸交通業","403","道路貨物運送業","40301","一般貨物自動車運送業","50~99","2","物上げ装置、運搬機械","22","動力運搬機","221","トラック","7","はさまれ、巻き込まれ"
"151","2012","平成","24","3","16~17","樹高約30mの杉の立木の伐採作業中、伐倒した立木が被災者が待避した場所に滑り落ち、別の杉立木との間で両下肢をはさまれ、搬送された病院で出血性ショックのため死亡した。","6","農林業","602","林業","60201","木材伐出業","10~29","7","環境等","71","環境等","712","立木等","6","激突され"
"152","2012","平成","24","2","8~9","不具合が生じたハンドガイド式除雪機を修理するため、修理を依頼する整備工場に持ち込んで同工場内を後進で運転していたところ、後方にあったダンプトラックとの間に挟まれた。","3","建設業","301","土木工事業","30199","その他の土木工事業","10~29","1","動力機械","14","建設機械等","149","その他の建設機械等","7","はさまれ、巻き込まれ"
"153","2012","平成","24","1","13~14","積載型トラッククレーンを使用し、荷台から小型ドラグ・ショベルを降ろすためにつり上げていたところ、積載型トラッククレーンが転倒して、運転を行っていた被災者は、後方の雪壁と積載型トラッククレーンとの間に挟まれた。なお、被災者は小型移動式クレーンの運転に係る資格を有していなかった。","3","建設業","302","建築工事業","30209","その他の建築工事業","1~9","2","物上げ装置、運搬機械","21","動力クレーン等","212","移動式クレーン","6","激突され"
"154","2012","平成","24","1","9~10","母屋の雪下ろし作業において、はしごを母屋(軒の高さ約4m)に掛け、はしごの上部をロープで固定するため上っていたところ、はしごの脚部が滑って、はしごと共にコンクリートの地面に墜落した。","3","建設業","302","建築工事業","30209","その他の建築工事業","1~9","3","その他の装置等","37","用具","371","はしご等","1","墜落、転落"
"155","2012","平成","24","12","12~13","被災者は浴槽の窓を清掃中、誤って崖から(約40m)下に転落し、救急搬送先の病院で死亡した。","14","接客娯楽業","1401","旅館業","140101","旅館業","50~99","4","仮設物、建築物、構築物等","41","仮設物、建築物、構築物等","417","通路","1","墜落、転落"
"156","2012","平成","24","12","17~18","タイヤのパンク修理作業において、タイヤを洗うために建屋外の水道蛇口付近にいた被災者が、後進してきた同僚が運転するトラックに激突され、その反動で転倒した際に頭部をアスファルト地面に強打した。","8","商業","802","小売業","80209","その他の小売業","1~9","2","物上げ装置、運搬機械","22","動力運搬機","221","トラック","6","激突され"
"157","2012","平成","24","12","9~10","松の剪定作業において、二連梯子をそえ柱と松に立て掛け、梯子の上で剪定作業に従事していたところ、梯子の下から11段目(約3m)の位置辺りから墜落した。なお、二連梯子、そえ柱は松等に固定されていなかった。また、被災者はヘルメットを被っておらず、安全帯も使用していなかった。","3","建設業","301","土木工事業","30199","その他の土木工事業","1~9","3","その他の装置等","37","用具","371","はしご等","1","墜落、転落"
"158","2012","平成","24","12","13~14","被災者は、路床の締固めを機械で転圧作業中、誤って約5m下に落下した。","3","建設業","301","土木工事業","30106","道路建設工事業","10~29","1","動力機械","14","建設機械等","144","締固め用機械","1","墜落、転落"
"159","2012","平成","24","11","16~17","街路灯の新設及び老朽化した街路灯の撤去を行う工事の資材置き場において、撤去された街路灯のコンクリート基礎部分を移動式クレーン(車両積載型トラッククレーン)を用いてつり上げて旋回した際、当該クレーンがバランスを崩して倒れ、当該クレーンを運転していた被災者が当該クレーンと資材置き場に置かれていたコンクリートブロックとの間に身体を挟まれて死亡した。","3","建設業","303","その他の建設業","30309","その他の建設業－その他","10~29","2","物上げ装置、運搬機械","21","動力クレーン等","212","移動式クレーン","6","激突され"
"160","2012","平成","24","11","2~3","被災者は高速道路を走行中、追い越し車線に停車中の大型トラックを避けようとしたが避けきれず追突し、頭蓋骨骨折等で死亡した。","4","運輸交通業","403","道路貨物運送業","40301","一般貨物自動車運送業","10~29","2","物上げ装置、運搬機械","22","動力運搬機","221","トラック","17","交通事故（道路）"
"161","2012","平成","24","9","16~17","キノコ栽培で使用が終わったおがくずをトラクターショベルを使用して掻き上げた。作業終了後、トラクターショベルの置き場に戻る途中の作業道(下り坂)にて、当該トラクターショベルが横転した。","6","農林業","601","農業","60101","農業","10~29","1","動力機械","14","建設機械等","141","整地・運搬・積込み用機械","7","はさまれ、巻き込まれ"
"162","2012","平成","24","9","16~17","被災者はコンクリート壁を解体中、6段積まれているブロックのうち一番下のコンクリート壁を壊し、鉄筋を見える状態してからエアカッターで鉄筋を切断している際、鉄筋が壁を支えられなくなり倒れ、逃げ遅れたため下敷きとなった。","3","建設業","302","建築工事業","30201","鉄骨・鉄筋コンクリート造家屋建築工事業","1~9","4","仮設物、建築物、構築物等","41","仮設物、建築物、構築物等","418","建築物、構築物","5","崩壊、倒壊"
"163","2012","平成","24","9","14~15","精米機廃棄のための積み込み作業において、トラック荷台上で精米機を並べる作業中、当該精米機の脚部が荷台開口部にはまったことにより当該精米機が被災者側に倒れ込み、被災者は精米機とともに荷台から墜落、さらに、墜落した被災者の頭部に精米機が落下し、後頭部の粉砕骨折、脳ヘルニアにより死亡した。","3","建設業","303","その他の建設業","30302","機械器具設置工事業","1~9","6","荷","61","荷","612","機械装置","4","飛来、落下"
"164","2012","平成","24","9","14~15","ジェットコースターの登り部送り装置(チェーン式)の下側の歯車(スプロケット)部で油さし等の補修作業を行っていたところ、動いてきたジェットコースターの車両(搬器)とレールの間にはさまれた。なお、当該補修作業は、ジェットコースターを通常通りの営業(運転)しながらの作業であり、ジェットコースターの起動は、ジェットコースターの運転操作者と被災者の間での相互確認により行われていた。","17","その他の事業","1702","その他の事業","170209","その他の事業－その他","10~29","3","その他の装置等","39","その他の装置、設備","391","その他の装置、設備","7","はさまれ、巻き込まれ"
"165","2012","平成","24","8","13~14","法面にコンクリートブロックを設置し擁壁を建設する工事において、事業者がドラグショベルを運転し、最後の一枚を吊って設置し、被災者がワイヤーロープの玉外し作業を行っていたところ、コンクリートブロックが被災者側に倒れ、下敷きとなった。被災者は、骨盤骨折等による大動脈損傷により失血死した。","3","建設業","301","土木工事業","30199","その他の土木工事業","1~9","4","仮設物、建築物、構築物等","41","仮設物、建築物、構築物等","418","建築物、構築物","5","崩壊、倒壊"
"166","2012","平成","24","7","16~17","パルパーと呼ばれる古紙再生設備上(高さ:約9m)のコンベアの保全点検作業中、パルパー上の点検口(幅:約1m)からパルパー内に墜落した。なお、通常保全点検では点検口の蓋を開けて作業することはない。","1","製造業","106","パルプ・紙・紙加工品製造業","10601","パルプ・紙製造業","50~99","4","仮設物、建築物、構築物等","41","仮設物、建築物、構築物等","414","開口部","1","墜落、転落"
"167","2012","平成","24","7","13~14","ドラグショベルを使用し、石塀を解体撤去する作業をしていたところ、塀全体が倒壊し、当該石塀付近に停車したトラックの運転席から降車した被災者がトラックと石塀の間に挟まれ、脳挫傷により死亡した。","3","建設業","301","土木工事業","30199","その他の土木工事業","10~29","1","動力機械","14","建設機械等","142","掘削用機械","5","崩壊、倒壊"
"168","2012","平成","24","6","4~5","大型トレーラーで国道を走行中、運転していたトレーラーが中央分離帯のフェンスを突き破って反対車線の土手に衝突横転し、その際に、腹などを強く打ち死亡した。なお、トレーラーには、最大積載量を超える化学物質が積載されていた。","4","運輸交通業","403","道路貨物運送業","40302","特定貨物自動車運送業","1~9","2","物上げ装置、運搬機械","22","動力運搬機","221","トラック","17","交通事故（道路）"
"169","2012","平成","24","6","16~17","被災者は民家の納屋に網戸を取り付ける作業を行っていた。網戸の取付終了後、何らかの理由により、被災者が使用していたトラックが、当該民家敷地内の下り坂(勾配約5度)から市道へ動き出し、被災者が市道にある電柱とトラックに挟まれた。","3","建設業","302","建築工事業","30209","その他の建築工事業","1~9","2","物上げ装置、運搬機械","22","動力運搬機","221","トラック","6","激突され"
"170","2012","平成","24","6","11~12","被災者は配達終了後、バイクで事業場に戻るため、見通しの悪い交差点(信号なし、一時停止線あり)を通過する際、優先側道路を直進していた乗用車の右側面に衝突した。","8","商業","802","小売業","80209","その他の小売業","10~29","2","物上げ装置、運搬機械","23","乗物","231","乗用車、バス、バイク","17","交通事故（道路）"
"171","2012","平成","24","6","11~12","被災者は前日の台風により地山の一部(傾斜20度)が崩壊したことに伴う復旧作業を行っていたところ、自身が運転するホイールローダーが何らかの原因により転倒し、被災者が車体から投げ出された後、当該ホイールローダーと地面との間に挟まれ、死亡した。","14","接客娯楽業","1403","その他の接客娯楽業","140301","ゴルフ場","30~49","1","動力機械","14","建設機械等","141","整地・運搬・積込み用機械","7","はさまれ、巻き込まれ"
"172","2012","平成","24","6","0~1","研修終了後、帰宅のため国道を走行中、被災者が運転する車がセンターラインをオーバーし対向車と正面衝突した。被災者は、救急搬送先の病院で死亡し、助手席に乗車していた同僚が重傷を負った。","8","商業","802","小売業","80202","自動車小売業","10~29","2","物上げ装置、運搬機械","23","乗物","231","乗用車、バス、バイク","17","交通事故（道路）"
"173","2012","平成","24","4","14~15","被災者は資材の運搬のため後退するトラックを誘導していたところ、道路上に停止しているバックホウと当該トラックとの間に挟まれた。","3","建設業","301","土木工事業","30107","河川土木工事業","10~29","2","物上げ装置、運搬機械","22","動力運搬機","221","トラック","6","激突され"
"174","2012","平成","24","4","8~9","被災者は自転車で出勤し勤務先の駐輪場を走行中、歩道の段差で前輪のバランスが崩れ、自転車とともに転倒した。","13","保健・衛生業","1301","医療保健業","130101","病院","300~499","2","物上げ装置、運搬機械","23","乗物","239","その他の乗物","2","転倒"
"175","2012","平成","24","4","5~6","新聞配達のため、原動機付自転車を運転していたところ、乗用車と正面衝突し、救急搬送先の病院で死亡した。","8","商業","802","小売業","80205","新聞販売業","10~29","2","物上げ装置、運搬機械","23","乗物","231","乗用車、バス、バイク","17","交通事故（道路）"
"176","2012","平成","24","2","10~11","木造納屋新築工事において、被災者は高さ約6mの位置にある雲筋交いの取付作業を行っていたところ、墜落して地上に激突した。","3","建設業","302","建築工事業","30202","木造家屋建築工事業","1~9","4","仮設物、建築物、構築物等","41","仮設物、建築物、構築物等","415","屋根、はり、もや、けた、合掌","1","墜落、転落"
"177","2012","平成","24","2","4~5","荷物を降ろした後、事業場へ戻るため高速道路をトラックで走行中、何らかの原因で運転を誤り、左側のガードロープに衝突した。","4","運輸交通業","403","道路貨物運送業","40301","一般貨物自動車運送業","1~9","2","物上げ装置、運搬機械","22","動力運搬機","221","トラック","17","交通事故（道路）"
"178","2012","平成","24","2","13~14","被災者は高さ約15m、胸高直径約30センチメートルの伐木した欅を、グラップルを用いて玉切りを行う箇所に移動させていたところ、何らかの原因で欅がグラップル運転席に落下し、被災者が落下した欅の間に挟まれた。","6","農林業","602","林業","60201","木材伐出業","1~9","7","環境等","71","環境等","712","立木等","6","激突され"
"179","2012","平成","24","1","16~17","作業を終え事業場へ帰る途中、被災者の運転していた会社所有の乗用車が路面凍結によりスリップし、対向車線にはみ出した際に対向車両と正面衝突し、その後、後続車にも追突され、顎骨、左大腿骨骨折等により死亡した。","3","建設業","303","その他の建設業","30309","その他の建設業－その他","1~9","2","物上げ装置、運搬機械","23","乗物","231","乗用車、バス、バイク","17","交通事故（道路）"
"180","2012","平成","24","1","7~8","災害発生日前1ヶ月間の時間外労働時間数が約100時間であった被災者は、脳梗塞を発症し自宅で倒れた。","1","製造業","113","一般機械器具製造業","11301","機械（精密機械を除く）器具製造業","100~299","9","その他","92","起因物なし","921","起因物なし","90","その他"
"181","2012","平成","24","12","21~22","被災者2名は運転代行業の労働者であり、客を送り届けて、次の客先へ向かう途中、国道の交差点において、直進しようとしたところ、右折してきた乗用車と衝突し、同乗者が全身打撲で死亡し、運転者は負傷した。なお、交差点は、Y字路であり信号機があった。","4","運輸交通業","404","その他の運輸交通業","40409","その他の運輸交通業－その他","10~29","2","物上げ装置、運搬機械","23","乗物","231","乗用車、バス、バイク","17","交通事故（道路）"
"182","2012","平成","24","12","11~12","庭木の手入れ作業に従事している際、立木(高さ約8m)から墜落したもの。なお、作業は欅の立木の枝払いを行うもので複数で作業を行っており、被災者だけが樹上に登り枝を剪定していた。","6","農林業","601","農業","60101","農業","1~9","7","環境等","71","環境等","712","立木等","1","墜落、転落"
"183","2012","平成","24","12","15~16","被災者は工場内において、金属製部品をシャックル及びフック付ワイヤーロープ、アイボルトで玉掛けし、天井クレーンで高さ約2mにつり上げた状態で塗装(上塗り)の下準備のヤスリ掛けを行っていたところ、片側のアイボルトが外れたため当該部品が落下し、その下敷きになり死亡した。","1","製造業","112","金属製品製造業","11209","その他の金属製品製造業","1~9","3","その他の装置等","37","用具","372","玉掛用具","4","飛来、落下"
"184","2012","平成","24","11","11~12","被災者が、一人で、W166センチメートル、H90センチメートル、D89センチメートル、重さ600キログラムの鉄骨組トロッコを、邪魔にならない場所に置くため、クレーンを用いて移動させ荷台の上に置いて玉掛け道具を外した後、次の作業に取りかかろうとしていた際、荷台に置いたトロッコが倒れて被災者に当たり、胸部大動脈破裂で死亡した。","1","製造業","113","一般機械器具製造業","11301","機械（精密機械を除く）器具製造業","30~49","3","その他の装置等","37","用具","379","その他の用具","4","飛来、落下"
"185","2012","平成","24","11","18~19","被災者はフォークリフトを運転中、運行経路上に置かれていたローディングランプ(コンテナ車に直接フォークリフトで荷受けするためのスロープ付き架台)のスロープに左前輪部を乗り上げてしまい右方向に横転、運転席から投げ出され、ヘッドガードと地面との間に胸部を挟まれ死亡した。なお、被災者は保護帽を着用していた。","1","製造業","114","電気機械器具製造業","11409","その他の電気機械器具製造業","300~499","2","物上げ装置、運搬機械","22","動力運搬機","222","フォークリフト","2","転倒"
"186","2012","平成","24","11","8~9","道路災害復旧工事において、整地作業を行っていたドラグ・ショベルが後進した際、当該ドラグ・ショベルの後方にいた被災者がキャタピラに轢かれ、死亡した。","3","建設業","301","土木工事業","30106","道路建設工事業","1~9","1","動力機械","14","建設機械等","142","掘削用機械","7","はさまれ、巻き込まれ"
"187","2012","平成","24","11","5~6","被災者はバイクで新聞配達中、信号のない国道丁字路交差点で軽トラックと出合い頭に衝突し、脳挫傷で死亡した。","8","商業","802","小売業","80205","新聞販売業","30~49","2","物上げ装置、運搬機械","23","乗物","231","乗用車、バス、バイク","17","交通事故（道路）"
"188","2012","平成","24","10","16~17","被災者は鶏舎の屋根上で屋根の修理を行っている際、プラスチック製の波板を踏み抜き、約3mの高さから墜落し、コンクリートの床に頭部を強打し死亡した。","7","畜産・水産業","701","畜産業","70101","畜産業","1~9","4","仮設物、建築物、構築物等","41","仮設物、建築物、構築物等","415","屋根、はり、もや、けた、合掌","1","墜落、転落"
"189","2012","平成","24","10","6~7","沖合い数百mの海上においてシラス漁の操業中、被災者は船尾付近で網入れを開始したところ、網に足が引っ掛かかり海中に転落した。","7","畜産・水産業","702","水産業","70201","漁業","1~9","2","物上げ装置、運搬機械","23","乗物","239","その他の乗物","10","おぼれ"
"190","2012","平成","24","9","11~12","被災者は軽自動車を運転し事業場に戻る途中、信号機がない交差点において片側2車線の国道に出ようとしたところ、その国道を走行していた大型トラックに衝突し、全身打撲により死亡した。","14","接客娯楽業","1401","旅館業","140101","旅館業","50~99","2","物上げ装置、運搬機械","23","乗物","231","乗用車、バス、バイク","17","交通事故（道路）"
"191","2012","平成","24","9","20~21","被災者は工場内でトラックの荷台に積み込まれた木材の荷絞め作業を行っていた。荷台上の木材に上り、スリングベルトにより荷絞め器で固定していたところ、約3m下の地面に墜落。頭部を強打し死亡した。なお、被災者はヘルメットをかぶっていたが、あごひもをしていなかった。","4","運輸交通業","403","道路貨物運送業","40301","一般貨物自動車運送業","10~29","2","物上げ装置、運搬機械","22","動力運搬機","221","トラック","1","墜落、転落"
"192","2012","平成","24","9","9~10","水力発電水路護岸等の除草作業現場において、水路周囲に設けられたフェンス内の草取を行っていた被災者が誤って水路内に転落し、そのまま水管内を流され、約3キロメートルほど下流で発見され、病院に搬送されたが間もなく死亡(溺水)が確認された。","3","建設業","301","土木工事業","30199","その他の土木工事業","1~9","4","仮設物、建築物、構築物等","41","仮設物、建築物、構築物等","418","建築物、構築物","10","おぼれ"
"193","2012","平成","24","8","11~12","住宅の改修工事において、テラスの天井に張ってある鉄線入りガラスが作業中に割れてしまったため、そのガラスを交換し、コーキング作業を2名で行うことになった。1名がそのガラスの上に敷いてあるコンパネの上に登り、被災者はその補助者として約2mの脚立の3~4段目を登っている時に後ろに倒れ、背中から落ちて、後頭部を床のコンクリートに強打した。","3","建設業","302","建築工事業","30202","木造家屋建築工事業","10~29","3","その他の装置等","37","用具","371","はしご等","1","墜落、転落"
"194","2012","平成","24","8","15~16","工場からフォークリフトを移動するために、被災者がフォークリフトを運転し、町道の交差点を右折しようとしたところ、町道から約50センチメートル下の水田に転落した。被災者は横転したフォークリフトの下敷きとなり、外傷性心肺停止により死亡した。","6","農林業","601","農業","60101","農業","1~9","2","物上げ装置、運搬機械","22","動力運搬機","222","フォークリフト","17","交通事故（道路）"
"195","2012","平成","24","8","3~4","被災者は原付バイクで新聞を配達中、右方向から来た乗用車と衝突した。","8","商業","802","小売業","80205","新聞販売業","30~49","2","物上げ装置、運搬機械","23","乗物","231","乗用車、バス、バイク","17","交通事故（道路）"
"196","2012","平成","24","7","3~4","被災者が運転するトラックが交差点に差し掛かったところ、左から来た乗用車に激突された。なお、交差点は夜間も3色点灯する信号機で見通しはよかった。","4","運輸交通業","403","道路貨物運送業","40301","一般貨物自動車運送業","10~29","2","物上げ装置、運搬機械","22","動力運搬機","221","トラック","17","交通事故（道路）"
"197","2012","平成","24","7","9~10","被災者は業務多忙に加え、他事務社員の退職により労働時間が増加していたところ、自宅の風呂場で心肺停止状態で倒れているところを家族に発見され、救急搬送されたものの、びまん性くも膜下出血により死亡した。","4","運輸交通業","403","道路貨物運送業","40301","一般貨物自動車運送業","1~9","9","その他","92","起因物なし","921","起因物なし","90","その他"
"198","2012","平成","24","7","16~17","被災者は、大型トラックの荷降ろし作業に取り掛かった際、後部扉を開き、荷台に上がって、荷を固定していたラッシングベルトを取り外し荷台から降りた。そこへ左右2列に並んだ荷のうち、右列の荷が後方へ滑り出し荷台から転落した。次いで、左列の荷も同様に滑り出して荷台から転落し、その場にいた被災者が下敷きとなった。","4","運輸交通業","403","道路貨物運送業","40301","一般貨物自動車運送業","30~49","6","荷","61","荷","611","荷姿の物","5","崩壊、倒壊"
"199","2012","平成","24","7","8~9","木造家屋屋根瓦補修工事のため、被災者がバケツを持ち屋根に登ったところ、バランスを崩して屋根(高さ約4m)から墜落した。","3","建設業","302","建築工事業","30202","木造家屋建築工事業","1~9","4","仮設物、建築物、構築物等","41","仮設物、建築物、構築物等","415","屋根、はり、もや、けた、合掌","1","墜落、転落"
"200","2012","平成","24","6","11~12","岸壁建設工事において、被災者らは岸壁海側のたれ壁(鉄筋コンクリート製)を作るため鉄筋を組み立てていたところ、当該鉄筋が海側へ傾きながら倒れ、3名が海に投げ出された。1名は自力で岸壁に泳ぎ着いたが、2名が海中で鉄筋の下敷き状になり、死亡した。なお、被災者らは救命胴衣を着用していた。","3","建設業","301","土木工事業","30111","港湾海岸工事業","30~49","4","仮設物、建築物、構築物等","41","仮設物、建築物、構築物等","418","建築物、構築物","5","崩壊、倒壊"
"201","2012","平成","24","6","11~12","岸壁建設工事において、被災者らは岸壁海側のたれ壁(鉄筋コンクリート製)を作るため鉄筋を組み立てていたところ、当該鉄筋が海側へ傾きながら倒れ、3名が海に投げ出された。1名は自力で岸壁に泳ぎ着いたが、3名が海中で鉄筋の下敷き状になり、死亡した。なお、被災者らは救命胴衣を着用していた。","3","建設業","301","土木工事業","30111","港湾海岸工事業","30~49","4","仮設物、建築物、構築物等","41","仮設物、建築物、構築物等","418","建築物、構築物","5","崩壊、倒壊"
"202","2012","平成","24","6","5~6","被災者は片側1車線の道路で緩やかな左カーブを走行中、反対車線からはみ出してきたトラックと衝突し、全身を強く打って死亡した。","4","運輸交通業","403","道路貨物運送業","40301","一般貨物自動車運送業","30~49","2","物上げ装置、運搬機械","22","動力運搬機","221","トラック","17","交通事故（道路）"
"203","2012","平成","24","6","18~19","翌週の作業の準備終了後、被災者は製品置き場にあった金属製ラックにぶら下がったところ、ラックが倒れ、その下敷きとなって死亡した。","1","製造業","112","金属製品製造業","11209","その他の金属製品製造業","30~49","5","物質、材料","52","材料","521","金属材料","5","崩壊、倒壊"
"204","2012","平成","24","5","13~14","高速道路の上り車線において、道路工事で片側交互通行になっていたため停車していたところ、大型トラックが被災者が運転するキャリアカーに追突し、キャリアカーはその前に停車していた大型トラックに追突した。","8","商業","802","小売業","80202","自動車小売業","10~29","2","物上げ装置、運搬機械","22","動力運搬機","221","トラック","17","交通事故（道路）"
"205","2012","平成","24","5","13~14","高速道路の上り車線において、道路工事で片側交互通行になっていたため停車していたところ、大型トラックが被災者が運転するキャリアカーに追突し、キャリアカーはその前に停車していた大型トラックに追突した。","8","商業","802","小売業","80202","自動車小売業","10~29","2","物上げ装置、運搬機械","22","動力運搬機","221","トラック","17","交通事故（道路）"
"206","2012","平成","24","5","11~12","下水道工事において、簡易土止めを行い掘削し下水管を埋設した。土を埋め戻すため、簡易土止めをまたぐ形でバックホーを前進させたところ、地盤が陥没しバックホーが前方に傾いた。その際、バックホーのバケットが被災者の背中に激突した。","3","建設業","301","土木工事業","30110","上下水道工事業","1~9","1","動力機械","14","建設機械等","142","掘削用機械","6","激突され"
"207","2012","平成","24","5","9~10","被災者は鉄骨造の建屋の解体作業において、トタン製の屋根部分の上に乗って、自分の乗っているトタン屋根をサンダーで切断していた。トタン屋根の切断を終えた際、トタン屋根が梁を支点に天秤のように傾き、高さ約10mの屋根から墜落した。","3","建設業","303","その他の建設業","30309","その他の建設業－その他","1~9","4","仮設物、建築物、構築物等","41","仮設物、建築物、構築物等","415","屋根、はり、もや、けた、合掌","1","墜落、転落"
"208","2012","平成","24","4","9~10","被災者は自動車解体業の事業場敷地内で、トラックに古タイヤを積み込む作業を行っていた。解体した軽トラックの荷台をパレットの代わりとしてタイヤを積み、フォークリフトにより持ち上げ、トラックの荷台に寄せた。被災者は、軽トラックの荷台の上でタイヤをトラックへ移し替えていたところ、軽トラックの荷台が転倒し、荷台とともに地面に墜落し頭部を強打した。","15","清掃・と畜業","1501","清掃・と畜業","150102","産業廃棄物処理業","1~9","2","物上げ装置、運搬機械","22","動力運搬機","222","フォークリフト","1","墜落、転落"
"209","2012","平成","24","4","13~14","被災者はU字溝を設置する作業を行っていた。中古のU字溝を所定の長さに切断するため、U字溝の上に乗ってエンジンカッターで切断ところ、切断部分が倒れて落下し、その際にU字溝に背中を強打した。","3","建設業","301","土木工事業","30199","その他の土木工事業","1~9","4","仮設物、建築物、構築物等","41","仮設物、建築物、構築物等","418","建築物、構築物","1","墜落、転落"
"210","2012","平成","24","4","14~15","被災者は電気設備の点検整備作業において、特別高圧変圧器の一次側ガイシをウエスで清掃しようと変圧器の一次側ガイシに近づいたところ、感電して約3m下に落下し、全身火傷を負い、背骨、頸椎を骨折した。","3","建設業","303","その他の建設業","30301","電気通信工事業","100~299","3","その他の装置等","35","電気設備","351","送配電線等","13","感電"
"211","2012","平成","24","3","14~15","粉状の有機化合物を製造する製品倉庫が、火災により全焼した。この火災により、当該倉庫内で小分けした製品を袋に詰める作業を行っていた労働者複数名が死亡した。","1","製造業","108","化学工業","10801","無機・有機化学工業製品製造業","100~299","1","動力機械","16","一般動力機械","169","その他の一般動力機械","16","火災"
"212","2012","平成","24","3","14~15","粉状の有機化合物を製造する製品倉庫が、火災により全焼した。この火災により、当該倉庫内で小分けした製品を袋に詰める作業を行っていた労働者複数名が死亡した。","1","製造業","108","化学工業","10801","無機・有機化学工業製品製造業","100~299","1","動力機械","16","一般動力機械","169","その他の一般動力機械","16","火災"
"213","2012","平成","24","3","8~9","トラックを運転し、同僚とともに事業所から同社の中間処理工場に向かっていたところ、片側2車線の緩いカーブで道路左脇の縁石に乗り上げ、街路樹数本をなぎ倒しトラックの前部が大破した。その反動で、運転していた労働者と助手席に座っていた労働者が車外に投げ出され死亡した。","15","清掃・と畜業","1501","清掃・と畜業","150102","産業廃棄物処理業","10~29","2","物上げ装置、運搬機械","22","動力運搬機","221","トラック","17","交通事故（道路）"
"214","2012","平成","24","3","8~9","トラックを運転し、同僚とともに事業所から同社の中間処理工場に向かっていたところ、片側3車線の緩いカーブで道路左脇の縁石に乗り上げ、街路樹数本をなぎ倒しトラックの前部が大破した。その反動で、運転していた労働者と助手席に座っていた労働者が車外に投げ出され死亡した。","15","清掃・と畜業","1501","清掃・と畜業","150102","産業廃棄物処理業","10~29","2","物上げ装置、運搬機械","22","動力運搬機","221","トラック","17","交通事故（道路）"
"215","2012","平成","24","2","2~3","原動機付自転車にて新聞配達中、交差点で左方向から走行してきた大型tトラックと衝突し、跳ね飛ばされた。","8","商業","802","小売業","80205","新聞販売業","1~9","2","物上げ装置、運搬機械","23","乗物","231","乗用車、バス、バイク","17","交通事故（道路）"
"216","2012","平成","24","2","7~8","トラックで走行中、道路脇に停車していた重機に後方から衝突し、全身を強打し、外傷性ショックのため死亡した","4","運輸交通業","403","道路貨物運送業","40301","一般貨物自動車運送業","10~29","2","物上げ装置、運搬機械","22","動力運搬機","221","トラック","17","交通事故（道路）"
"217","2012","平成","24","1","7~8","護岸工事の資材積み込みヤードにおいて、被災者はダンプの積み卸しのため荷台上でシートを外していたところ、緩やかな坂に停止させていたダンプが動き出し、坂を下り岸側の急斜面に乗り上げて横転。荷台から落ちた被災者の上に積んでいた岩石が落下した。","4","運輸交通業","403","道路貨物運送業","40301","一般貨物自動車運送業","10~29","2","物上げ装置、運搬機械","22","動力運搬機","221","トラック","4","飛来、落下"
"218","2012","平成","24","1","10~11","建材の成型を行う工場内で、当該成型作業に従事していた被災者は、モルタルカッターで所定の寸法に切断された際に発生する屑を吸着させダンパーまで移動する機械(吸引マット)と鉄柱との間に頭部を挟まれた。","1","製造業","109","窯業土石製品製造業","10901","セメント・同製品製造業","100~299","2","物上げ装置、運搬機械","22","動力運搬機","229","その他の動力運搬機","7","はさまれ、巻き込まれ"
"219","2012","平成","24","6","5~6","業務多忙による過労により死亡した。","3","建設業","301","土木工事業","30106","道路建設工事業","1~9","9","その他","92","起因物なし","921","起因物なし","90","その他"
"220","2012","平成","24","1","2~3","業務多忙による過労により死亡した。","8","商業","802","小売業","80209","その他の小売業","1~9","9","その他","92","起因物なし","921","起因物なし","90","その他"
"221","2012","平成","24","12","9~10","被災者は汎用旋盤を使用しカムシャフトのバリ取りを行っていたところ、高速回転により偏心したカムシャフトが根本から切断・飛来し、被災者の顔面を直撃した。","1","製造業","115","輸送用機械等製造業","11509","その他の輸送用機械等製造業","300~499","1","動力機械","15","金属加工用機械","151","旋盤","4","飛来、落下"
"222","2012","平成","24","12","16~17","被災者は、勤務を終え帰宅しようと事業場構内の通行道を横断中、後方から走行してきた事業場所属労働者の運転するフォークリフトに轢かれた。","1","製造業","112","金属製品製造業","11204","めっき業","10~29","2","物上げ装置、運搬機械","22","動力運搬機","222","フォークリフト","7","はさまれ、巻き込まれ"
"223","2012","平成","24","12","3~4","被災者はダンプトラックで荷物の運搬業務を終え、会社へ戻る途中、交差点にて赤信号で停車していた別ののダンプトラックに追突し、胸を強打し死亡した。","4","運輸交通業","403","道路貨物運送業","40301","一般貨物自動車運送業","1~9","2","物上げ装置、運搬機械","22","動力運搬機","221","トラック","17","交通事故（道路）"
"224","2012","平成","24","11","10~11","高さ約60mの送電線用鉄塔の防錆塗装工事において、被災者は準備作業のため、鉄塔に附設されたステージ(地上高さ20m)から身をのり出し、工具箱に入ったサンダーを取ろうとして、地上に墜落して死亡した。なお、被災者の腰には2丁掛けの安全帯が着用されていたが、被災時に使用されていなかった。","3","建設業","302","建築工事業","30209","その他の建築工事業","1~9","4","仮設物、建築物、構築物等","41","仮設物、建築物、構築物等","418","建築物、構築物","1","墜落、転落"
"225","2012","平成","24","10","23~24","高速道路上り線において、追突事故により停車していた大型トラックに被災者が運転する大型タンクローリーが追突し、死亡した。","4","運輸交通業","403","道路貨物運送業","40301","一般貨物自動車運送業","50~99","2","物上げ装置、運搬機械","22","動力運搬機","221","トラック","17","交通事故（道路）"
"226","2012","平成","24","10","9~10","ケヤキの枝打ち作業のため、梯子でケヤキに登り、チェーンソー使って作業していたところ、高さ約10mの箇所から墜落した。被災者は、ヘルメットを着用し、腰に安全帯を巻いていたが、安全帯のフックを掛けていなかった。","8","商業","804","その他の商業","80409","その他の商業－その他","1~9","7","環境等","71","環境等","712","立木等","1","墜落、転落"
"227","2012","平成","24","9","5~6","被災者は同僚とともに草刈り作業に向かうため、国道の路肩に軽トラックを停車させ、当該車両の後方で打ち合わせを行っていたところ、後方から来たワゴン車に追突され、被災者と同僚が共に死亡した。","15","清掃・と畜業","1501","清掃・と畜業","150101","ビルメンテナンス業","1~9","2","物上げ装置、運搬機械","23","乗物","231","乗用車、バス、バイク","17","交通事故（道路）"
"228","2012","平成","24","8","4~5","被災者は原付自転車を運転し、右折のため片側一車線の道路の中央線に近づいていたところ、後方から時速約100キロメートルで走行していた自動車に追突されて死亡した。","8","商業","802","小売業","80205","新聞販売業","10~29","2","物上げ装置、運搬機械","23","乗物","231","乗用車、バス、バイク","17","交通事故（道路）"
"229","2012","平成","24","8","14~15","被災者は工場内で粉砕機にてプラスチック製品の粉砕作業中、突然仰向けに倒れ、救急搬送先の病院で死亡した。","1","製造業","108","化学工業","10805","プラスチック製品製造業","10~29","9","その他","92","起因物なし","921","起因物なし","2","転倒"
"230","2012","平成","24","8","11~12","資材置き場前の道路において、トラック荷台へフォークリフトでH鋼を積込む作業を行っていたところ、積込んでいたH鋼が崩れ、荷台でH鋼の下へ角材を敷く作業等を行っていた被災者の頭部に激突した。","4","運輸交通業","403","道路貨物運送業","40301","一般貨物自動車運送業","1~9","6","荷","61","荷","611","荷姿の物","6","激突され"
"231","2012","平成","24","7","8~9","被災者はミキサー車に生コンを積み込み、住宅建築現場に向かって市道を走行中、道路外から進入した軽乗用車と衝突、ミキサー車は約50m先の反対車線で転覆(逆転)し、運転していた被災者が死亡した。","4","運輸交通業","403","道路貨物運送業","40301","一般貨物自動車運送業","10~29","2","物上げ装置、運搬機械","22","動力運搬機","221","トラック","17","交通事故（道路）"
"232","2012","平成","24","7","8~9","被災者は既設屋外配管架空架台上において、新設配管の敷設準備のため架空架台を移動中、当該架台から約10m下の地面(アスファルト)に墜落した。","3","建設業","303","その他の建設業","30309","その他の建設業－その他","1~9","4","仮設物、建築物、構築物等","41","仮設物、建築物、構築物等","418","建築物、構築物","1","墜落、転落"
"233","2012","平成","24","7","13~14","被災者はバイクにて市道交差点を走行中、右から来た乗用車と出会い頭に衝突し、全身を強打し死亡した。","8","商業","802","小売業","80205","新聞販売業","10~29","2","物上げ装置、運搬機械","23","乗物","231","乗用車、バス、バイク","17","交通事故（道路）"
"234","2012","平成","24","6","9~10","移動式クレーンを現場に向けて林道を走行させていたところ、斜面において移動式クレーンが横転しそうになったことからエンジンを切り、横転する側に被災者他1名で支えに入った。しかし、支え切れずに、逃げ遅れた被災者が移動式クレーンとともに転落し、移動式クレーンの下敷きとなって死亡した。","3","建設業","302","建築工事業","30209","その他の建築工事業","1~9","2","物上げ装置、運搬機械","21","動力クレーン等","212","移動式クレーン","1","墜落、転落"
"235","2012","平成","24","6","3~4","被災者は高さ約3mの階段を下りる際、足を踏み外し転倒し頸椎を損傷した。","8","商業","802","小売業","80205","新聞販売業","10~29","4","仮設物、建築物、構築物等","41","仮設物、建築物、構築物等","413","階段、桟橋","2","転倒"
"236","2012","平成","24","4","11~12","被災者はコンクリート擁壁を設置する河川護岸工事において、コンクリート打設の完了後、その型枠を解体しようと、既存の護岸と擁壁の間で作業していたところ、既存護岸の基礎コンクリートが崩壊し、その下敷きとなって死亡した。","3","建設業","301","土木工事業","30107","河川土木工事業","10~29","4","仮設物、建築物、構築物等","41","仮設物、建築物、構築物等","418","建築物、構築物","5","崩壊、倒壊"
"237","2012","平成","24","3","9~10","外壁補修及び塗装工事のため設置したくさび型鋼管足場(8層)を解体作業中、解体をしていた足場(6層目)の床からバランスを崩し、約10m下のアスファルト舗装に墜落した。","3","建設業","302","建築工事業","30209","その他の建築工事業","10~29","4","仮設物、建築物、構築物等","41","仮設物、建築物、構築物等","411","足場","1","墜落、転落"
"238","2012","平成","24","2","4~5","水道管埋設工事現場において、被災者は使用後の重機を道路脇にある仮設置場に戻すため、現場作業員と共に道路横断の誘導作業中、走行してきた加害車両に撥ねられ、全身打撲並びに骨盤等の骨折により、救急搬送先の病院で死亡した。","17","その他の事業","1702","その他の事業","170201","警備業","30~49","2","物上げ装置、運搬機械","23","乗物","231","乗用車、バス、バイク","17","交通事故（道路）"
"239","2012","平成","24","2","13~14","駐車場に停めた自家用車内で昼休みを過ごした被災者が事務所に戻る途中、荷の積み込み作業中のフォークリフトに轢かれ、死亡した。","8","商業","802","小売業","80202","自動車小売業","10~29","2","物上げ装置、運搬機械","22","動力運搬機","222","フォークリフト","7","はさまれ、巻き込まれ"
"240","2012","平成","24","12","7~8","凍結路面に滑り止めの砂を撒く作業をしていたところ、反対車線からはみ出した乗用車にはねられた。","3","建設業","301","土木工事業","30199","その他の土木工事業","10~29","2","物上げ装置、運搬機械","23","乗物","231","乗用車、バス、バイク","17","交通事故（道路）"
"241","2012","平成","24","12","16~17","解体工事現場において、トラックの荷台に積んだ廃材にロープ掛けをしようと荷台に上がろうとしたところ、車体脇のステップを踏み外して墜落した。","3","建設業","302","建築工事業","30209","その他の建築工事業","1~9","2","物上げ装置、運搬機械","22","動力運搬機","221","トラック","1","墜落、転落"
"242","2012","平成","24","12","12~13","被災者は旋盤を用いて鋼棒を切削加工する作業を行っていたところ、何らかの拍子に着用していた上着が加工中の製品に巻きついた。同僚が巻き込まれている被災者を発見し、病院に搬送するも頸椎圧迫により死亡した。","1","製造業","112","金属製品製造業","11209","その他の金属製品製造業","1~9","1","動力機械","15","金属加工用機械","151","旋盤","7","はさまれ、巻き込まれ"
"243","2012","平成","24","11","11~12","バイクにて走行中、交差点で対向車線から右折してきた乗用車と激突し、全身を強打し死亡した。","8","商業","802","小売業","80205","新聞販売業","30~49","2","物上げ装置、運搬機械","23","乗物","231","乗用車、バス、バイク","17","交通事故（道路）"
"244","2012","平成","24","11","10~11","屋根塗装工事において、ローラーを使って1階トタン屋根の塗装作業を行っていたところ、何らかの原因で高さ約3mの屋根から隣家の駐車場(アスファルト舗装)に転落し、脳挫傷により死亡した。なお、本件住宅の周囲及び屋根上に足場、手すり、親綱等は設けられておらず、被災者は保護帽、安全帯を着用していなかった。","3","建設業","302","建築工事業","30202","木造家屋建築工事業","1~9","4","仮設物、建築物、構築物等","41","仮設物、建築物、構築物等","415","屋根、はり、もや、けた、合掌","1","墜落、転落"
"245","2012","平成","24","9","16~17","解体現場において、解体用機械(重機)を用いて作業を行っていたところ、バランスを崩した重機が後ろ向きに倒れ、近くにいた被災者がアームの下敷きになった。","3","建設業","302","建築工事業","30209","その他の建築工事業","1~9","1","動力機械","14","建設機械等","145","解体用機械","7","はさまれ、巻き込まれ"
"246","2012","平成","24","9","8~9","車を駐車するために方向転換をした際、操作を誤り路肩を乗り越えて、沢に転落した。","6","農林業","602","林業","60209","その他の林業","10~29","2","物上げ装置、運搬機械","23","乗物","231","乗用車、バス、バイク","18","交通事故（その他）"
"247","2012","平成","24","9","1~2","被災者が運転する大型トレーラーが対向車線にはみ出し、対向車の大型トラックと衝突し、全身打撲により死亡した。","4","運輸交通業","403","道路貨物運送業","40301","一般貨物自動車運送業","10~29","2","物上げ装置、運搬機械","22","動力運搬機","221","トラック","17","交通事故（道路）"
"248","2012","平成","24","8","14~15","被災者は加熱室においてウインナーの製造業務に従事していたが、加熱室内でうずくまっているところを同僚により発見された。1時間ほど様子を見たが症状が改善しないため、救急を要請したものの、搬送先の病院で死亡した。","15","清掃・と畜業","1501","清掃・と畜業","150105","と畜業","300~499","3","その他の装置等","37","用具","371","はしご等","1","墜落、転落"
"249","2012","平成","24","8","14~15","間仕切りのブロック壁をエアピックハンマーによりはつっていたところ、突然間仕切りのブロック壁が倒壊し、近くでガラ(はつりカス)の片付け作業をしていた被災者がその下敷きとなった。","3","建設業","302","建築工事業","30209","その他の建築工事業","10~29","4","仮設物、建築物、構築物等","41","仮設物、建築物、構築物等","418","建築物、構築物","5","崩壊、倒壊"
"250","2012","平成","24","7","13~14","安山岩の採石場において、ベンチ部で発破で掘削した岩石をドラグ・ショベルで下に落としていた被災者は、ドラグ・ショベルとともに法肩から約100m下に転落した。","2","鉱業","202","土石採取業","20201","採石業","10~29","7","環境等","71","環境等","711","地山、岩石","1","墜落、転落"
"251","2012","平成","24","6","6~7","営業所に戻った被災者は、空ケースを所定の場所に下ろし、トラックを停車場所に止めるため場内を移動した。開けたままの荷台後部扉を閉めようと一旦停車し降りたところ、止めた場所が緩やかな下り勾配だったため、トラックが逸走した。止めようと運転席に乗り込もうとしたが、停車していた別のトラックに接触し、自車の運転席ドアと運転席の間に胸部を挟まれ死亡した。","8","商業","801","卸売業","80109","その他の卸売業","100~299","2","物上げ装置、運搬機械","22","動力運搬機","221","トラック","7","はさまれ、巻き込まれ"
"252","2012","平成","24","5","23~24","被災者は工場内にてドラムブラスト(表面研削機械)を用いて金属部品の加工を行っていたところ、当該機械のドラム内に入ってしまい、金属表面研削を行うドラム内に閉じこめられ、全身熱傷によるショック死により死亡した。","1","製造業","110","鉄鋼業","11001","製鉄・製鋼・圧延業","10~29","1","動力機械","15","金属加工用機械","159","その他の金属加工用機械","11","高温・低温の物との接触"
"253","2012","平成","24","3","13~14","伐木の造材作業を行った後、製品に出来ない木の先端部分2本を、事業主がグラップルを操作し谷側に移動させようとしたところ、その先で退避しきっていなかった被災者が、伐木と共に持ち上げられてしまい、そのまま谷側にはじき飛ばされるような形で約10m墜落した。","6","農林業","602","林業","60209","その他の林業","1~9","2","物上げ装置、運搬機械","22","動力運搬機","229","その他の動力運搬機","1","墜落、転落"
"254","2012","平成","24","2","2~3","新聞配達のためバイクにて県道を走行中、雪のため道が凍っていて滑り、新聞が道に散乱した。それを拾っていたところ、後続の車にはねられて死亡した。","8","商業","802","小売業","80205","新聞販売業","30~49","2","物上げ装置、運搬機械","23","乗物","231","乗用車、バス、バイク","17","交通事故（道路）"
"255","2012","平成","24","2","13~14","高速道路で被災者が運転するライトバンが渋滞の最後尾に停車していた大型トラックに追突し、炎上した。なお、現場は片側二車線の直線道路であるが、追い越し車線を規制して中央分離帯の工事が行われていたため、走行車線が渋滞していた。","8","商業","802","小売業","80209","その他の小売業","1~9","2","物上げ装置、運搬機械","23","乗物","231","乗用車、バス、バイク","17","交通事故（道路）"
"256","2012","平成","24","2","3~4","被災者は赤土採取場へ向かうため県道を走行中、運転操作を誤り沿道にあるコンビニエンスストアの看板柱に激突し、大動脈破裂による出血性ショックにより死亡した。","4","運輸交通業","403","道路貨物運送業","40302","特定貨物自動車運送業","10~29","2","物上げ装置、運搬機械","22","動力運搬機","221","トラック","17","交通事故（道路）"
"257","2012","平成","24","1","19~20","事業場のストックヤード内で、パックヨーグルトをトラックから被災者1人で荷降ろし作業を行っていたところ、使用していたカゴ車が被災者側に倒れ、倒れてきた当該カゴ車のパイプにより頚部を圧迫され窒息死した。","4","運輸交通業","403","道路貨物運送業","40301","一般貨物自動車運送業","50~99","3","その他の装置等","36","人力機械工具等","362","人力運搬機","5","崩壊、倒壊"
"258","2012","平成","24","12","8~9","高さ約1mの残土の上でブルドーザーを運転し残土の均し作業に従事していた被災者が、意識不明の状態で残土周辺の地面の上に倒れているのが発見され、搬送先の病院で死亡した。なお、発見時、被災者が運転していたブルドーザーは残土から約30mほど離れた場所に停止していた。","3","建設業","301","土木工事業","30199","その他の土木工事業","50~99","1","動力機械","14","建設機械等","141","整地・運搬・積込み用機械","1","墜落、転落"
"259","2012","平成","24","12","17~18","パワーゲート付きのトラックから、キャスター付きの台車に載せたコンピューター機器を梱包した荷を下ろすため、被災者が荷の前に、他の作業者が荷の後ろに分かれて、荷台からゲート部まで移動しようとしたところ、予想を超える速度で動き、トラックから荷が落ちそうな状態になり被災者が荷に押し出されるようなったため、被災者がゲート部から降り、荷を支えようとしたが支えきれず、荷の下敷きになった。","4","運輸交通業","403","道路貨物運送業","40301","一般貨物自動車運送業","1~9","6","荷","61","荷","611","荷姿の物","6","激突され"
"260","2012","平成","24","12","12~13","建屋集塵機の清掃の際、被災者は集合ダクト内の粉じん堆積状況を確認するため当該ダクト内に入り確認していたところ、集合ダクトから繋がる垂直ダクト(高さ約15m)の開口部から墜落した。","15","清掃・と畜業","1501","清掃・と畜業","150102","産業廃棄物処理業","10~29","3","その他の装置等","39","その他の装置、設備","391","その他の装置、設備","1","墜落、転落"
"261","2012","平成","24","11","17~18","被災者は駐車場の車が駐車場から公道へ出るのを誘導するため、公道上へ出たところ、走ってきた別の車にはねられた。","17","その他の事業","1702","その他の事業","170201","警備業","100~299","2","物上げ装置、運搬機械","23","乗物","231","乗用車、バス、バイク","17","交通事故（道路）"
"262","2012","平成","24","11","13~14","出張先へ徒歩にて移動中、押しボタン信号機のある交差点にて歩行者青信号により横断歩道中、前方からの右折車に交差点内にて激突され、死亡した。","9","金融・広告業","901","金融業","90103","保険業","300~499","2","物上げ装置、運搬機械","23","乗物","231","乗用車、バス、バイク","17","交通事故（道路）"
"263","2012","平成","24","10","16~17","廃車を引き取るため出張した際の事故。引き取り先は、県道から狭い幅員の未舗装山道を約100m上った先にあり、運搬車が入れないため、被災者は依頼主とともに、依頼主の車で廃車をワイヤロープで繋いで牽引し、県道に停めた運搬車まで運ぼうとした。依頼主は自車に乗り、廃車は空車のまま、被災者は車外で牽引前の準備を行っていたところ、下り坂で廃車が動き出し被災者に激突した。","15","清掃・と畜業","1501","清掃・と畜業","150103","その他の廃棄物処理業","10~29","2","物上げ装置、運搬機械","23","乗物","231","乗用車、バス、バイク","6","激突され"
"264","2012","平成","24","10","10~11","トラックの荷台に積んであった油圧ショベルが走行中道路上に落下した。そのため、トラックを運転していた被災者が油圧ショベルを荷台に積み込んだところ、荷台から道路わきに油圧ショベルとともに転落した。被災者は投げ出され、油圧ショベルとフェンスの間に挟まれ、死亡した。","4","運輸交通業","403","道路貨物運送業","40301","一般貨物自動車運送業","1~9","1","動力機械","14","建設機械等","145","解体用機械","7","はさまれ、巻き込まれ"
"265","2012","平成","24","10","9~10","被災者は木造建築の2階(高さ約3m)での棟上げ作業中、梁上より落下した。","3","建設業","302","建築工事業","30202","木造家屋建築工事業","1~9","4","仮設物、建築物、構築物等","41","仮設物、建築物、構築物等","415","屋根、はり、もや、けた、合掌","1","墜落、転落"
"266","2012","平成","24","9","16~17","被災者はH鋼を別の建屋へ運搬する作業を進めていた。H鋼1本の重量は約200キログラムで、凹凸部をかみ合わせて10本1組で積み上げられていたが、これら10本のH鋼が崩壊し、これとは別に積み上げられて壁のようになっていた鋼材との間に、被災者が胸から顎にかけて挟まれた。","1","製造業","112","金属製品製造業","11209","その他の金属製品製造業","1~9","2","物上げ装置、運搬機械","21","動力クレーン等","211","クレーン","5","崩壊、倒壊"
"267","2012","平成","24","9","15~16","被災者はキャップ等が閉まったままのドラム缶を溶断していたところ、ドラム缶が爆発した。","8","商業","801","卸売業","80109","その他の卸売業","1~9","6","荷","61","荷","611","荷姿の物","14","爆発"
"268","2012","平成","24","8","16~17","被災者はショットブラストで鋼材を研磨加工をしていたところ、積み重ねていたH型鋼材(長さ約3m、重さ約300キログラム)が崩れ、この下敷きとなって死亡した。","1","製造業","112","金属製品製造業","11209","その他の金属製品製造業","10~29","5","物質、材料","52","材料","521","金属材料","5","崩壊、倒壊"
"269","2012","平成","24","8","11~12","工場において、被災者は手工具の加工機械の設置高さを微調整するため、当該機械下部と床面の間にバールを入れて持ち上げ、スペーサーを挟む作業を行っていたところ、当該機械が被災者側に倒れ下敷きになり、頭部及び胸部を挟まれ死亡した。","1","製造業","113","一般機械器具製造業","11302","計量器測定器製造業","50~99","6","荷","61","荷","612","機械装置","6","激突され"
"270","2012","平成","24","8","8~9","ビケ足場から単管の腕木を躯体側に張り出し、そこに木製の板を渡して足場とした。被災者は足場に乗って屋根の上に野路板を載せる作業を行っていたが、乗っていた足場が崩壊した。この足場は、躯体の外側で庇の真上に設置されていたが、被災者は躯体の2階開口部を通って約4m下の1階コンクリート土間に墜落し、死亡した。","3","建設業","302","建築工事業","30202","木造家屋建築工事業","1~9","4","仮設物、建築物、構築物等","41","仮設物、建築物、構築物等","411","足場","1","墜落、転落"
"271","2012","平成","24","8","8~9","被災者は交通誘導警備業務中、階段そばの歩道で意識不明の状態で倒れているところを発見され、搬送先の病院で死亡した。","17","その他の事業","1702","その他の事業","170201","警備業","100~299","4","仮設物、建築物、構築物等","41","仮設物、建築物、構築物等","413","階段、桟橋","1","墜落、転落"
"272","2012","平成","24","7","11~12","被災者は足場の解体作業中、休憩をとるため足場から地上に降りようと建地を伝っていたところ、体調不良を訴え意識を失った。","3","建設業","302","建築工事業","30209","その他の建築工事業","1~9","4","仮設物、建築物、構築物等","41","仮設物、建築物、構築物等","411","足場","13","感電"
"273","2012","平成","24","6","9~10","体育センターの管理運営業務の委託を受けたJVを構成する事業場の所属労働者が、複数名で体育館の照明器具の取り換え作業を行っていたところ、うち1名が作業を行うために乗っていた鉄骨製の梁上からバランスを崩し、天井として張られてた防音板を突き抜け、高さ約20mの体育館床上に落下し死亡した。","15","清掃・と畜業","1501","清掃・と畜業","150101","ビルメンテナンス業","300~499","4","仮設物、建築物、構築物等","41","仮設物、建築物、構築物等","415","屋根、はり、もや、けた、合掌","1","墜落、転落"
"274","2012","平成","24","6","9~10","2層6連(高さ約3m、長さ約9m、幅約1m)の枠組足場を地上で組んで、クローラークレーンで吊上げ、既に構築された足場に設置する作業において、被災者は約30mの高さの足場上から地面に墜落した。なお、被災者は安全帯を装着していたが、足場上を移動するために親綱から安全帯を取り外した際、墜落した。","3","建設業","302","建築工事業","30201","鉄骨・鉄筋コンクリート造家屋建築工事業","30~49","4","仮設物、建築物、構築物等","41","仮設物、建築物、構築物等","411","足場","1","墜落、転落"
"275","2012","平成","24","6","10~11","伐倒木の搬送作業にて、被災者は機械集材装置の先柱(上部)側にて伐倒木の荷掛け作業を行っていたところ、作業場所下部の沢に転落した。なお、滑落した距離は約20mであった。","6","農林業","602","林業","60201","木材伐出業","1~9","7","環境等","71","環境等","711","地山、岩石","1","墜落、転落"
"276","2012","平成","24","6","9~10","被災者は河川の取水堰水門の修理作業を行っていた。手動式水門開閉装置(手動ハンドルを回すことにより、水門と結ばれたワイヤーが巻き上げられて水門が閉じる装置)のクラッチ修理作業中、不意に水門が開き、これに伴って開閉装置のハンドルが突如急回転し、ハンドルが取付部から外れて飛び、被災者の胸部を直撃した。","1","製造業","113","一般機械器具製造業","11301","機械（精密機械を除く）器具製造業","10~29","3","その他の装置等","36","人力機械工具等","363","人力機械","4","飛来、落下"
"277","2012","平成","24","5","11~12","テント倉庫(最頂部の高さは約8m)のテントの張り替え作業を行っていた被災者は、足をかけていた梁もしくは骨組の上から墜落した。なお、保護帽、安全帯は装着していた。","3","建設業","302","建築工事業","30209","その他の建築工事業","1~9","4","仮設物、建築物、構築物等","41","仮設物、建築物、構築物等","415","屋根、はり、もや、けた、合掌","1","墜落、転落"
"278","2012","平成","24","5","9~10","アルミパイプを加工する機械の修理作業中、その部品である鋼棒(Φ10ミリメートル、L550ミリメートル)を内製機械(旋盤のチャックを流用した保持器にワークを固定し、モーターで回転させ、ワークの研磨を行うもの)で研磨していたところ、ワークに側頭部を弾かれ、搬送先の病院で死亡した。","1","製造業","111","非鉄金属製造業","11101","非鉄金属精錬・圧延業","30~49","5","物質、材料","52","材料","521","金属材料","6","激突され"
"279","2012","平成","24","5","11~12","被災者は脇道から片側2車線の道路を横断しようとした際、手前車線の車が停車してくれたのでそのまま進入したところ、右側車線を直進してきた乗用車と衝突した。","11","通信業","1101","通信業","110101","通信業","100~299","2","物上げ装置、運搬機械","23","乗物","231","乗用車、バス、バイク","17","交通事故（道路）"
"280","2012","平成","24","4","10~11","被災者は工場内に設置されたテーブルリフターを使用し、製品を2階から1階に降ろす作業を行っていたところ、搬器が1階に下りていて開口部の状態になっていた2階搬入口(高さ約4m)から1階搬器上に墜落した。","1","製造業","101","食料品製造業","10109","その他の食料品製造業","1~9","4","仮設物、建築物、構築物等","41","仮設物、建築物、構築物等","414","開口部","1","墜落、転落"
"281","2012","平成","24","4","8~9","店舗の電気配線工事において、被災者は梁に配線を通す穴(高さ約3m)を開ける作業中、電気ドリルを持って脚立(最高位約1.5m)を昇る際、約1mの箇所から床面(コンクリート)に墜落して頭部を強打し、脳挫傷により死亡した。","3","建設業","303","その他の建設業","30301","電気通信工事業","1~9","3","その他の装置等","37","用具","371","はしご等","1","墜落、転落"
"282","2012","平成","24","4","13~14","被災者は自社から取引先へ乗用車で県道(片側1車線)を走行中、対向車線にはみ出して、対向してきた大型トラックと正面衝突し、即死した。","1","製造業","114","電気機械器具製造業","11403","電子機器用・通信機器用部品製造業","10~29","2","物上げ装置、運搬機械","23","乗物","231","乗用車、バス、バイク","17","交通事故（道路）"
"283","2012","平成","24","3","0~1","被災者の中型トラックは、渋滞で停車していた大型トラックに追突した。なお、被災者は頭等を強打し、搬送先の病院で死亡した。","4","運輸交通業","403","道路貨物運送業","40301","一般貨物自動車運送業","30~49","2","物上げ装置、運搬機械","22","動力運搬機","221","トラック","17","交通事故（道路）"
"284","2012","平成","24","3","2~3","片側2車線の高速道路での交通事故。本災害の前に事故があり、乗用車は右側の追越し車線に、トラックは路側帯に停車していた。被災者の乗った高所作業車は左側の走行車線を走っていたが、追越し車線を走行していたトラックが追越し車線に停車していた事故車(乗用車)を避けようと走行車線に入ってきたために激突された。この衝撃で、被災者の乗った高所作業車は路側帯に停車していたトラックに激突し、運転していた被災者は死亡した。","4","運輸交通業","403","道路貨物運送業","40301","一般貨物自動車運送業","10~29","2","物上げ装置、運搬機械","22","動力運搬機","221","トラック","17","交通事故（道路）"
"285","2012","平成","24","3","14~15","営業のため軽ワゴン車で市道(片道1車線)を走行中、緩い左カーブに差し掛かった際対向車線へはみ出し、対向してきた大型タンクローリーと正面衝突した。","1","製造業","116","電気・ガス・水道業","11602","ガス業","1~9","2","物上げ装置、運搬機械","23","乗物","231","乗用車、バス、バイク","17","交通事故（道路）"
"286","2012","平成","24","3","10~11","被災者は転造盤を使用し、全ねじボルトの転造加工中、回転していた回転軸の自在継手の箇所に被災者が腕から巻き込まれた。","1","製造業","112","金属製品製造業","11202","ねじ等製造業","10~29","1","動力機械","15","金属加工用機械","159","その他の金属加工用機械","7","はさまれ、巻き込まれ"
"287","2012","平成","24","3","5~6","社有車(ワゴン車)に5名の作業員が乗り込み、会社から当日の仕事先の建設現場へ向かっていた。片側2車線の幹線道路を走行中、緩い下り坂の緩い右カーブに差し掛かったところ、車体が右方向にスリップし対向車線へ飛び出した。そこへ、対向車線を走ってきた大型バスと正面衝突し、乗員1名が衝撃で車外に投げ出され死亡し、残り4名が重傷を負った。","3","建設業","302","建築工事業","30201","鉄骨・鉄筋コンクリート造家屋建築工事業","10~29","2","物上げ装置、運搬機械","23","乗物","231","乗用車、バス、バイク","17","交通事故（道路）"
"288","2012","平成","24","3","5~6","事業場構内にて、帰宅するため駐車場に向かって歩行者用通路を歩いていた被災者は、同事業場所属の自動車運転者が運転するトラックに轢かれ、搬送先の病院で死亡した。","4","運輸交通業","403","道路貨物運送業","40301","一般貨物自動車運送業","300~499","2","物上げ装置、運搬機械","22","動力運搬機","221","トラック","6","激突され"
"289","2012","平成","24","2","15~16","被災者は、13tトラックの荷台の後方で、開いていた観音開きの後部扉から飛来落下したコンパネ板(木製、900ミリメートル×1800ミリメートル、厚さ8ミリメートル、1枚あたり重量10キログラム)13枚の下敷きになり、搬送先の病院で死亡した。","5","貨物取扱業","501","陸上貨物取扱業","50101","陸上貨物取扱業","100~299","3","その他の装置等","37","用具","379","その他の用具","5","崩壊、倒壊"
"290","2012","平成","24","2","11~12","被災者はトラックにて会社に戻る途中、信号で停車していたダンプに後方から激突、頭を強打し死亡した。","4","運輸交通業","403","道路貨物運送業","40301","一般貨物自動車運送業","30~49","2","物上げ装置、運搬機械","22","動力運搬機","221","トラック","17","交通事故（道路）"
"291","2012","平成","24","1","14~15","天井式クレーン(主巻4.8t/補巻2.8t(一体型))を用い動力プレスに使用される金型を移動させていたところ、高さ約3mの棚上に置かれていたプレスの金型(つり上げていた荷とは別、上型及び下型の合計で約2t)が使用していない補巻につり下げされていたつり具(長さ約2m)に引っ掛かったことにより落下し、クレーンを運転していた被災者の頭部に激突した。","1","製造業","115","輸送用機械等製造業","11502","自動車・同付属品製造業","100~299","3","その他の装置等","37","用具","372","玉掛用具","4","飛来、落下"
"292","2012","平成","24","1","13~14","被災者は圧延・切断した数十本の鉄筋の端部を揃え、その鉄筋を結束機に運搬するコンベア機械の動作確認を行う作業を行っていた。その際、鉄筋をコンベアから別のコンベアに異動させる箇所に不具合を発見し、コンベア機械の動力を停止させず点検していたところ、機械が急に動き出し、機械のシャフトとコンベアの間に胸部が挟まれ死亡した。","1","製造業","110","鉄鋼業","11001","製鉄・製鋼・圧延業","100~299","2","物上げ装置、運搬機械","22","動力運搬機","224","コンベア","7","はさまれ、巻き込まれ"
"293","2012","平成","24","1","15~16","被災者は半年に1度行うセメント原料の入ったタンク内部の清掃作業(原料ダスト掻きだし作業及びバキューム作業)を行っていたところ、側壁に付着した原料ダストが崩落し、被災者は足を取られて転倒、原料ダストに埋もれた。","1","製造業","109","窯業土石製品製造業","10901","セメント・同製品製造業","50~99","5","物質、材料","52","材料","523","石、砂、砂利","5","崩壊、倒壊"
"294","2012","平成","24","11","9~10","圧延工場の敷地内において、夜勤を終えた被災者が同敷地内を通勤用の原動機付き自転車で走行中、ビレットを運搬するため、他の労働者が運転していたフォークリフトの右爪部分が被災者の腹部に激突し、出血多量で死亡した。","1","製造業","110","鉄鋼業","11001","製鉄・製鋼・圧延業","100~299","2","物上げ装置、運搬機械","22","動力運搬機","222","フォークリフト","6","激突され"
"295","2012","平成","24","8","6~7","被災者は大型洗濯機の投入口へ墜落し、洗濯物を脱水処理する油圧プレスで洗濯物のシーツとともにはさまれた。","1","製造業","117","その他の製造業","11703","クリーニング業","300~499","1","動力機械","16","一般動力機械","169","その他の一般動力機械","1","墜落、転落"
"296","2012","平成","24","8","17~18","印刷機のラインを設置する工事現場において、ラインに付属する原版搬送装置の調整作業を単独で行っていた被災者は、当該装置のストロークする部分と当該装置付近のガイドローラーに頚部をはさまれ、救急搬送されたが、窒息により死亡した。","3","建設業","303","その他の建設業","30302","機械器具設置工事業","10~29","1","動力機械","16","一般動力機械","166","印刷用機械","7","はさまれ、巻き込まれ"
"297","2012","平成","24","7","11~12","被災者は、工場屋根のスレートを交換中、スレートを踏みぬき、高さ約7mからコンクリートの床に墜落し、死亡した。なお、歩み板等は設けていなかった。","3","建設業","302","建築工事業","30201","鉄骨・鉄筋コンクリート造家屋建築工事業","10~29","4","仮設物、建築物、構築物等","41","仮設物、建築物、構築物等","415","屋根、はり、もや、けた、合掌","1","墜落、転落"
"298","2012","平成","24","6","17~18","生コンクリートを調合するミキサー洗浄作業を単独で行っていた被災者は、ミキサーに巻き込まれて死亡した。","1","製造業","109","窯業土石製品製造業","10901","セメント・同製品製造業","10~29","1","動力機械","16","一般動力機械","162","混合機、粉砕機","7","はさまれ、巻き込まれ"
"299","2012","平成","24","4","16~17","アルミ缶、建設資材等非鉄金属をスクラップする事業場において、スクラッププレスを使用してアルミサッシの切断を行った後、切断したアルミサッシをプレスしようと、同僚がプレス機の稼働ボタン(全自動)を押したところ、被災者がプレスの上蓋と資材投入口の間に首をはさまれ、死亡した。","8","商業","801","卸売業","80109","その他の卸売業","1~9","1","動力機械","16","一般動力機械","169","その他の一般動力機械","7","はさまれ、巻き込まれ"
"300","2012","平成","24","3","13~14","エレベーターの改修工事中、搬器上の配線作業の必要上搬器上部が3Fフロアから約30センチ、搬器下部を2Fフロアから約1.5m上部にある状態で搬器を止めて3Fのフロア上の作業者と搬器上の作業者2名で同配線作業を行っていた際、2Fのフロアのエレベーター前で計器(押しボタン)の交換を行っていた作業者が、扉を約30センチメートルほどあけた状態で固定したため、開口状態となった昇降路から墜落した。","3","建設業","303","その他の建設業","30302","機械器具設置工事業","1~9","2","物上げ装置、運搬機械","21","動力クレーン等","214","エレベータ、リフト","1","墜落、転落"
"301","2012","平成","24","2","10~11","屋上におけるケーブルラックの敷設工事中、休憩をするため、被災者は屋上から屋内の2階へ続くケーブルの引き込み口から入り、約80センチメートル下の梁を渡り、床に降りるため、更に梁から約80センチメートル下の枠組足場(4スパン2段)を通ったところ、足場の床の端から約4m下のコンクリート床に墜落し、重傷頭部外傷で死亡した。","3","建設業","302","建築工事業","30201","鉄骨・鉄筋コンクリート造家屋建築工事業","10~29","4","仮設物、建築物、構築物等","41","仮設物、建築物、構築物等","417","通路","1","墜落、転落"
"302","2012","平成","24","1","8~9","2階建軽量鉄骨造アパートの解体工事現場において、解体した資材を仮置き位置へ移動作業中、資材と共に重機が梁を引っ張ってしまい、2階外階段の床を支持していた鉄骨がたわみ、床が脱落、同床で溶断作業をしていた作業員2名が墜落し、1名が死亡し、1名が重傷を負った。","3","建設業","302","建築工事業","30201","鉄骨・鉄筋コンクリート造家屋建築工事業","10~29","4","仮設物、建築物、構築物等","41","仮設物、建築物、構築物等","418","建築物、構築物","5","崩壊、倒壊"
"303","2012","平成","24","12","19~20","第3製鋼工場の転炉に副原料を投入するための中継ホッパーのダンパーが動作不良を起こしたため点検したところ、ダンパーが取り付けられているフィーダーとよばれる部分の内張が捲れてダンパーに接触していた。被災者は単独で捲れた内張を点検口からグラインダーで切断することとし、常時ホッパーに供給されている窒素を止めるためバルブを閉めた後、点検口に上半身を入れた状態で意識を失い倒れた。","1","製造業","110","鉄鋼業","11001","製鉄・製鋼・圧延業","300~499","7","環境等","71","環境等","714","異常環境等","12","有害物等との接触"
"304","2012","平成","24","12","12~13","被災者は同僚3名と共にキュポラのメンテナンス作業の「薪上げ作業」を行うにあたり、高さ約20mまで上昇させたゴンドラの扉から手すり付きステップをおろし、炉頂部に設置されている扉を押し開けて屋上に出ようとしたところ、同扉にかんぬきがかかって開かなかった。その直後、被災者ははずみで体勢を崩し、炉底に墜落した。","1","製造業","110","鉄鋼業","11002","鋳物業","300~499","2","物上げ装置、運搬機械","21","動力クレーン等","216","ゴンドラ","1","墜落、転落"
"305","2012","平成","24","11","16~17","車寄せの屋根に取り付けられたトップライト(格子状にガラスがはめられた明かり取り)のガラスを交換した箇所に、ガラスの枠(幅約6センチメートル)に沿って雨漏り防止のためのコーキング(目地を埋める)を施した。その後、マスキングテープをはがすために被災者がガラスの枠上に登った際、誤ってガラス上に乗ったことによりガラスが割れ、高さ約6m下の地面に墜落した。","3","建設業","303","その他の建設業","30309","その他の建設業－その他","1~9","4","仮設物、建築物、構築物等","41","仮設物、建築物、構築物等","415","屋根、はり、もや、けた、合掌","1","墜落、転落"
"306","2012","平成","24","11","14~15","被災者は上棟式準備作業中に、高さ約4mの梁から墜落した。ネットなどの墜落防止措置は施されておらず、被災者はヘルメット、安全帯を着用していなかった。","3","建設業","302","建築工事業","30202","木造家屋建築工事業","1~9","4","仮設物、建築物、構築物等","41","仮設物、建築物、構築物等","415","屋根、はり、もや、けた、合掌","1","墜落、転落"
"307","2012","平成","24","9","12~13","被災者はS造建築物の解体作業現場において、作業準備中、躯体2階スラブの階段開口部から転落した。","3","建設業","303","その他の建設業","30309","その他の建設業－その他","10~29","4","仮設物、建築物、構築物等","41","仮設物、建築物、構築物等","414","開口部","1","墜落、転落"
"308","2012","平成","24","9","7~8","被災者は新築工事現場に使用する窓ガラスを搬入するため、当該現場の地下2階搬入ヤードにトラックを停めた。その後、ガラス工がトラックの荷台からガラスの荷降ろしをする準備中、被災者はトラックの荷台の脇にいたため、荷崩れを起こしたガラス10枚(1枚約80キログラム)の下敷きになった。","4","運輸交通業","403","道路貨物運送業","40301","一般貨物自動車運送業","50~99","6","荷","61","荷","611","荷姿の物","5","崩壊、倒壊"
"309","2012","平成","24","9","9~10","被災者は、パレタイザー(18リットル用の一斗缶を16缶、2段積みにし、包装するまでの機械設備)で作業中、自動でコンベアから送られてきた空パレットの位置を直すため、安全柵の内側から設備内に立ち入り所定の位置に直そうとしたところ、上部にある一斗缶をパレットに載せるためのフレームがセンサーに反応したことによりフレームが下降し、センサーとフレームの間に胸部が挟まり死亡した。","1","製造業","101","食料品製造業","10109","その他の食料品製造業","300~499","1","動力機械","16","一般動力機械","169","その他の一般動力機械","7","はさまれ、巻き込まれ"
"310","2012","平成","24","8","7~8","アスファルトの骨材を10tダンプトラックに積み込んで客先に運搬し、荷下ろし待ちしている際、ダンプトラックの荷台から墜落し、頭部をアスファルト道路に強打し、救急搬送先の病院で死亡した。","4","運輸交通業","403","道路貨物運送業","40301","一般貨物自動車運送業","10~29","2","物上げ装置、運搬機械","22","動力運搬機","221","トラック","1","墜落、転落"
"311","2012","平成","24","8","6~7","道路上でアルミ製のトラス状部材(長さ約5m)を積んだトラックを停車させ荷台のシート外し作業中、畳んだシートを積荷上から地面に投げ下ろそうとした際、バランスを崩し、シートと共に約4m下の歩道に墜落した。","4","運輸交通業","403","道路貨物運送業","40301","一般貨物自動車運送業","1~9","2","物上げ装置、運搬機械","22","動力運搬機","221","トラック","1","墜落、転落"
"312","2012","平成","24","8","11~12","被災者は地上から高さ約6m上方に敷設されているガス管を支える支柱の塗装作業を仮設足場上で行っていた際、突然仰向けの状態で倒れ、心肺停止の状態に陥り、救急搬送先の病院で死亡した。","3","建設業","302","建築工事業","30209","その他の建築工事業","10~29","3","その他の装置等","35","電気設備","351","送配電線等","13","感電"
"313","2012","平成","24","8","8~9","構内運搬車を運転していた被災者が半開き状態の冷蔵庫のシャッターに激突、救急搬送先の病院で脳挫傷により死亡した。","8","商業","801","卸売業","80109","その他の卸売業","1~9","2","物上げ装置、運搬機械","22","動力運搬機","229","その他の動力運搬機","3","激突"
"314","2012","平成","24","7","13~14","被災者は資材置き場の屋根の点検を行うために、伸縮する移動ハシゴをたてかけて屋根上に上がったが、バランスを崩し地面に墜落した。","3","建設業","301","土木工事業","30106","道路建設工事業","10~29","3","その他の装置等","37","用具","371","はしご等","1","墜落、転落"
"315","2012","平成","24","7","11~12","擁壁造成工事現場において、移動式クレーン仕様のドラグショベル(車体重量12.6t)により、積みブロックを運搬していたところ、丁張の解体作業をしていた被災者が当該ショベルに轢かれた。","3","建設業","301","土木工事業","30109","土地整理土木工事業","10~29","1","動力機械","14","建設機械等","142","掘削用機械","7","はさまれ、巻き込まれ"
"316","2012","平成","24","7","9~10","被災者は鉄板を延ばして巻き取る作業にて、鉄板に付いた付着物の除去のため、鉄板を延ばす機械に近づいたところ、鉄板を機械へ送るローラーに巻き込まれた。","1","製造業","112","金属製品製造業","11209","その他の金属製品製造業","50~99","1","動力機械","15","金属加工用機械","159","その他の金属加工用機械","7","はさまれ、巻き込まれ"
"317","2012","平成","24","7","11~12","船内でガス溶接機を使用して配管の溶断作業を行っていたところ、突然「ボン」と言う爆発音とともに煙が船内からあがり、船内で作業を行っていた3名の労働者が被災した。なお、当該船舶は土砂運搬船であり、土砂投入口は開閉式となっており、この開閉は油圧式であった。また、配管は船内に設置されており、作動油を通すものであり、配管を取り外すために、フランジを固定するボルトを溶断するためガス溶接機が使用されていた。","1","製造業","115","輸送用機械等製造業","11501","造船業","10~29","3","その他の装置等","33","溶接装置","331","ガス溶接装置","14","爆発"
"318","2012","平成","24","7","11~12","船内でガス溶接機を使用して配管の溶断作業を行っていたところ、突然「ボン」と言う爆発音とともに煙が船内からあがり、船内で作業を行っていた4名の労働者が被災した。なお、当該船舶は土砂運搬船であり、土砂投入口は開閉式となっており、この開閉は油圧式であった。また、配管は船内に設置されており、作動油を通すものであり、配管を取り外すために、フランジを固定するボルトを溶断するためガス溶接機が使用されていた。","1","製造業","115","輸送用機械等製造業","11501","造船業","10~29","3","その他の装置等","33","溶接装置","331","ガス溶接装置","14","爆発"
"319","2012","平成","24","7","11~12","船内でガス溶接機を使用して配管の溶断作業を行っていたところ、突然「ボン」と言う爆発音とともに煙が船内からあがり、船内で作業を行っていた5名の労働者が被災した。なお、当該船舶は土砂運搬船であり、土砂投入口は開閉式となっており、この開閉は油圧式であった。また、配管は船内に設置されており、作動油を通すものであり、配管を取り外すために、フランジを固定するボルトを溶断するためガス溶接機が使用されていた。","1","製造業","115","輸送用機械等製造業","11501","造船業","10~29","3","その他の装置等","33","溶接装置","331","ガス溶接装置","14","爆発"
"320","2012","平成","24","7","6~7","社用送迎車両を運転して空港内駐車場まで行った後、ロッカー室に向かうべく歩行中、横断歩道上で右折してきたトラックにはねられ、搬送先の病院で脳挫傷により死亡した。","5","貨物取扱業","501","陸上貨物取扱業","50101","陸上貨物取扱業","300~499","2","物上げ装置、運搬機械","22","動力運搬機","221","トラック","6","激突され"
"321","2012","平成","24","6","15~16","被災者はクレーン台船上でスパットを固定している鉄板の位置を変えるため、既に固定されていた鉄板の上部に新たに鉄板を取り付け、既に固定していた鉄板を外したところ、突然スパットが落下し、スパットに新たに取り付けた鉄板と床との間に頭部をはさまれた。","3","建設業","301","土木工事業","30111","港湾海岸工事業","1~9","3","その他の装置等","39","その他の装置、設備","391","その他の装置、設備","7","はさまれ、巻き込まれ"
"322","2012","平成","24","5","3~4","国道にて、赤信号で交差点に停車していた10tトレーラーが青信号に変わり動き始めたところへ4tトラックの自車が追突し、重傷を負って救急搬送されたが死亡した。","4","運輸交通業","403","道路貨物運送業","40301","一般貨物自動車運送業","30~49","2","物上げ装置、運搬機械","22","動力運搬機","221","トラック","17","交通事故（道路）"
"323","2012","平成","24","5","10~11","災害発生日は作業最終日であり、床清掃後、残っている機材を搬出して終了する予定であった。床清掃が終了後、被災者は複数台あるスタッカークレーン(つり上げ荷重6t)を定位置に戻すべく、運転台にて半自動運転で原点復帰の操作を行った。その後、何らかの理由でラックとスタッカークレーンとの間に頭部、胸部及び腹部を挟まれ死亡した。","3","建設業","302","建築工事業","30209","その他の建築工事業","100~299","2","物上げ装置、運搬機械","21","動力クレーン等","211","クレーン","7","はさまれ、巻き込まれ"
"324","2012","平成","24","4","15~16","被災者は道路を曲がり損ねたため、車輌後方で後退の状況を確認していたところ、後退してきた車輌と電柱との間に挟まれた。","4","運輸交通業","403","道路貨物運送業","40301","一般貨物自動車運送業","30~49","2","物上げ装置、運搬機械","22","動力運搬機","221","トラック","17","交通事故（道路）"
"325","2012","平成","24","4","20~21","交差点で右折しようとした乗用車が対向してきた被災者のトラックと衝突し、被災者のトラックは弾みで道路左側の信号柱に激突した。","4","運輸交通業","403","道路貨物運送業","40301","一般貨物自動車運送業","10~29","2","物上げ装置、運搬機械","22","動力運搬機","221","トラック","17","交通事故（道路）"
"326","2012","平成","24","3","6~7","高炉改修工事にあたり、炉周りに新たなデッキを設置作業中、被災者2名は溶接などにより完全に固定されていないデッキ上で作業を行っていたところ、このデッキが約6m下にある1層下のデッキに転落し、転落したデッキを追うようにして、被災者2名も墜落した。1名は、両側気胸による呼吸不全により死亡、もう1名は胸椎圧迫骨折、肋骨骨折により休業した。","3","建設業","302","建築工事業","30209","その他の建築工事業","10~29","4","仮設物、建築物、構築物等","41","仮設物、建築物、構築物等","416","作業床、歩み板","1","墜落、転落"
"327","2012","平成","24","3","17~18","被災者は遊具の設置工事中、遊具の屋根を固定するため、高さ約2mの作業床にてインパクトレンチを使用してボルトの増締め作業を行っていたが、バランスを崩し地面に頭を強打した。","3","建設業","302","建築工事業","30209","その他の建築工事業","1~9","4","仮設物、建築物、構築物等","41","仮設物、建築物、構築物等","416","作業床、歩み板","1","墜落、転落"
"328","2012","平成","24","3","10~11","木造住宅建築工事において、2階バルコニー上にて外壁張り作業を行っていた被災者はバランスを崩し、バルコニーの端から約4m下のコンクリート土間に墜落した。なお、バルコニーには手すり等は設けられていなかった。また、被災者は作業を行うにあたり、安全帯、保護帽を着用していなかった。安全帯取り付け設備も設けられていなかった。","3","建設業","302","建築工事業","30202","木造家屋建築工事業","1~9","4","仮設物、建築物、構築物等","41","仮設物、建築物、構築物等","416","作業床、歩み板","1","墜落、転落"
"329","2012","平成","24","3","4~5","被災者は橋形クレーンの始業前点検を行っていた際、異音がしたため、クレーンを稼働させながら異音の確認を行ったところ、稼働していたクレーンに巻き込まれた。","5","貨物取扱業","502","港湾運送業","50202","港湾荷役業","300~499","2","物上げ装置、運搬機械","21","動力クレーン等","211","クレーン","7","はさまれ、巻き込まれ"
"330","2012","平成","24","2","10~11","給食場の簡易リフト(床面積1平米、高さ約1m、積載荷重300キログラム)の昇降用ワイヤの交換作業中、ワイヤを固定するワイヤクリップの本締め作業前に、当該ワイヤを緊張させるため、最上階(5階)にあった搬器を固定していた台付ワイヤを取り外し約20センチメートル下降させたところ、昇降用ワイヤがカウンタウエイト側の取付ボルトから脱落して当該搬器がピットまで自由落下し、ピット内にいた被災者に激突した。","3","建設業","302","建築工事業","30203","建築設備工事業","1~9","2","物上げ装置、運搬機械","21","動力クレーン等","214","エレベータ、リフト","4","飛来、落下"
"331","2012","平成","24","2","15~16","被災者は地上高さ約5mのはしご上において、チェーンソーを用いて立木の伐木作業をしていたところ、伐倒木がほぼ垂直のまま倒壊して落下し、その際に伐倒木から張り出している枝が被災者に飛来して激突したため、体勢を崩して地上に墜落した。","6","農林業","601","農業","60101","農業","1~9","7","環境等","71","環境等","712","立木等","5","崩壊、倒壊"
"332","2012","平成","24","2","13~14","清掃工場屋上にベンチレーターを設置する工事において、ベンチレーター内部の塗装をするため内部に足を踏み入れたところバランスを崩し、ベンチレーター内部の開口部から約14m下にある建物4階箇所に墜落した。","3","建設業","302","建築工事業","30201","鉄骨・鉄筋コンクリート造家屋建築工事業","1~9","4","仮設物、建築物、構築物等","41","仮設物、建築物、構築物等","414","開口部","1","墜落、転落"
"333","2012","平成","24","1","14~15","清掃作業を終え、沈砂池(汚泥槽)の蓋を被災者単独で閉めた際、不完全な状態で置かれていた蓋の上に被災者が乗ったところ、汚泥中に落下し、汚泥を吸い込み死亡した。","15","清掃・と畜業","1501","清掃・と畜業","150103","その他の廃棄物処理業","50~99","5","物質、材料","51","危険物、有害物等","519","その他の危険物、有害物等","12","有害物等との接触"
"334","2012","平成","24","1","9~10","最大荷重3tのフォークリフトで荷(古新聞をプレスしたもの)を3段の積み荷の上に積み上げようとしたところ、荷を3段積みの上段の荷に当ててしまい、上段の荷がずれしまった。積み荷の落下の危険があるため、積もうとした荷は一旦下ろし、付近で別の荷の手直し作業をしていたところ、上段の荷(約1t)が落下し、作業者に激突した。","8","商業","801","卸売業","80109","その他の卸売業","1~9","6","荷","61","荷","611","荷姿の物","4","飛来、落下"
"335","2012","平成","24","1","17~18","社命で技能講習を受講した後、原付きバイクで帰宅する途中交差点を直進したところ、反対から来た右折車と衝突し、救急搬送先の病院で死亡した。","4","運輸交通業","403","道路貨物運送業","40301","一般貨物自動車運送業","10~29","2","物上げ装置、運搬機械","23","乗物","231","乗用車、バス、バイク","17","交通事故（道路）"
"336","2012","平成","24","1","9~10","地上3階建ての新築工事現場において、建設用リフト及び当該リフト回りの外部足場解体作業を行っていた被災者は、足場の6段目(高さ約11m)において作業中、足場上から墜落した。","3","建設業","302","建築工事業","30201","鉄骨・鉄筋コンクリート造家屋建築工事業","10~29","4","仮設物、建築物、構築物等","41","仮設物、建築物、構築物等","411","足場","1","墜落、転落"
"337","2012","平成","24","1","4~5","被災者は鋼材を運送するため搬送先に向けて出発し、高速道路を走行中、右カーブを曲がりきれず左車線側のガードレールに衝突し、トレーラーが横転し死亡した。","4","運輸交通業","403","道路貨物運送業","40301","一般貨物自動車運送業","10~29","2","物上げ装置、運搬機械","22","動力運搬機","221","トラック","17","交通事故（道路）"
"338","2012","平成","24","1","10~11","長年の長時間労働により、脳出血を惹起して死亡した。","17","その他の事業","1702","その他の事業","170209","その他の事業－その他","100~299","9","その他","92","起因物なし","921","起因物なし","90","その他"
"339","2012","平成","24","12","9~10","立坑内に設置してあるステージと通路の解体、及び取り合い部分の昇降用足場2段を解体する作業を、被災者を含む複数名の鳶工が行っていた。被災者はステージと通路の解体材であるクランプを土嚢袋へ集積する作業を単独で足場上でかがみこんだ姿勢で行っていたところ、前のめりで前転するような姿勢で約10m下へ墜落した。なお、被災者は安全帯を装着していたが、未使用であった。","3","建設業","301","土木工事業","30102","トンネル建設工事業","1~9","4","仮設物、建築物、構築物等","41","仮設物、建築物、構築物等","411","足場","1","墜落、転落"
"340","2012","平成","24","12","15~16","マンションの階段室1階(共用内部階段)において、当該箇所の塗装作業を行っていた被災者は、一酸化炭素中毒により意識を失って倒れた。なお、被災者は階段壁に模様をつける作業を行っていた際、エンジン式コンプレッサーを使用していた。","3","建設業","302","建築工事業","30209","その他の建築工事業","1~9","5","物質、材料","51","危険物、有害物等","514","有害物","12","有害物等との接触"
"341","2012","平成","24","12","9~10","被災者は大型の金属加工用機械の中に入り蛍光灯の取替作業をしている際、別の作業員が機械の起動ボタンを押したため、機械内の回転テーブルが稼働し、回転テーブルに巻き込まれ死亡した。","1","製造業","115","輸送用機械等製造業","11502","自動車・同付属品製造業","30~49","1","動力機械","15","金属加工用機械","151","旋盤","7","はさまれ、巻き込まれ"
"342","2012","平成","24","12","21~22","荷物を配送後、事業場車庫に戻るため高速道路を走行中、清掃作業していた清掃作業車に追突して、死亡した。","4","運輸交通業","403","道路貨物運送業","40301","一般貨物自動車運送業","1~9","2","物上げ装置、運搬機械","22","動力運搬機","221","トラック","17","交通事故（道路）"
"343","2012","平成","24","12","2~3","倉庫として使用している屋根上(床からの高さ約3m)の空きスペース(店舗では2階と呼称、昇降は木製の移動梯子を用いる)から商品を降ろすため、当該スペースに上がった際、被災者はバランスを崩し、当該スペースへ昇降するハシゴ付近から転落した。","8","商業","801","卸売業","80109","その他の卸売業","1~9","3","その他の装置等","37","用具","371","はしご等","1","墜落、転落"
"344","2012","平成","24","11","20~21","工事現場から高所作業車で会社に戻るため高速道路を走行中、雨で路面が濡れていたため、後輪がスリップして左側のガードレールに衝突後、横転し、被災者(運転手)が死亡した。","3","建設業","303","その他の建設業","30301","電気通信工事業","1~9","1","動力機械","14","建設機械等","146","高所作業車","17","交通事故（道路）"
"345","2012","平成","24","11","15~16","被災者と同僚の2名で重機による盛土作業終了後、同僚は盛土から下りた。被災者も同様に一旦下りたが、盛土に重機走行跡が付いていたため、盛土の頂上に向けてバケットを上げた状態で再度上昇したところ、姿勢を崩した重機が後転し、被災者は車外に投げ出され、その上に重機が落下した。","1","製造業","109","窯業土石製品製造業","10909","その他の土石製品製造業","1~9","1","動力機械","14","建設機械等","149","その他の建設機械等","1","墜落、転落"
"346","2012","平成","24","11","9~10","被災者は高さ約10mの街路樹に上り剪定作業を行っていたところ、同街路樹の上に架け渡されていた高圧送電線に接触して感電し、救急搬送先の病院で死亡した。","6","農林業","601","農業","60101","農業","1~9","3","その他の装置等","35","電気設備","351","送配電線等","13","感電"
"347","2012","平成","24","10","8~9","被災者はコンテナに鋼材の積込作業を終え、当該コンテナにコンテナシール(封印)を取り付けようとしていた。取り付け作業にあたり、通常はトレーラーの上で作業を行うが、当日は他事業場の労働者がトレーラーの上でコンテナ上側に取り付け作業を行っていたため、被災者はタイヤとタイヤの隙間に入り、コンテナ下側に取り付け作業を行っていた。その際、運転者がトレーラーを発車させてしまい轢かれた。","17","その他の事業","1702","その他の事業","170209","その他の事業－その他","50~99","2","物上げ装置、運搬機械","22","動力運搬機","221","トラック","7","はさまれ、巻き込まれ"
"348","2012","平成","24","10","17~18","被災者はサーキット内のロケハンを行っていた最中にピットの上部にある2階テラス(高さ約6m)から墜落し、頭部を強打し死亡した。","10","映画・演劇業","1001","映画・演劇業","100101","映画製作・配給業","1~9","4","仮設物、建築物、構築物等","41","仮設物、建築物、構築物等","418","建築物、構築物","1","墜落、転落"
"349","2012","平成","24","10","8~9","マンション玄関の庇の上から水が垂れてきたため、排水の詰まりを除去しようとして、脚立(約2m)に上り作業をしていたところ、排水口から突然水が出てきたため体勢を崩して落下した。","15","清掃・と畜業","1501","清掃・と畜業","150101","ビルメンテナンス業","100~299","3","その他の装置等","37","用具","371","はしご等","1","墜落、転落"
"350","2012","平成","24","9","14~15","製品輸送のクレーム対応のため、休日出勤の後、最寄駅から自転車を運転し帰宅中に乗用車と接触した。","8","商業","801","卸売業","80109","その他の卸売業","100~299","2","物上げ装置、運搬機械","23","乗物","231","乗用車、バス、バイク","17","交通事故（道路）"
"351","2012","平成","24","9","10~11","倉庫内にて入荷の商品を仮置きする作業中、既に置かれている製品の上にフォークリフトを使用し製品1パレットを荷積みしようとした際、既に置かれている製品の一部の荷ずれに気付き、フォークリフト運転席より身を乗り出して修正しようとしたところ、誤って操作レバーに触れ、フォークリフトのマストとヘッドガードの間に挟まれた。","4","運輸交通業","403","道路貨物運送業","40301","一般貨物自動車運送業","50~99","2","物上げ装置、運搬機械","22","動力運搬機","222","フォークリフト","7","はさまれ、巻き込まれ"
"352","2012","平成","24","9","10~11","被災者は高さ約5mの三点脚立を使用して、地上約4mの位置で高さ約5mの樹木の剪定作業を行っていたところ、バランスを崩して脚立から落下し、アスファルトの地面に墜落した。なお、被災者は安全帯及びヘルメットを使用していなかった。","6","農林業","601","農業","60101","農業","1~9","3","その他の装置等","37","用具","371","はしご等","1","墜落、転落"
"353","2012","平成","24","9","21~22","被災者は店舗内のバックヤードに集積してあったごみを台車に載せ、店舗が入っているビル1階にある共用ゴミ集積所に運んだ際、ゴミ収集所出入り口シャッターに首を挟まれた。","8","商業","802","小売業","80209","その他の小売業","10~29","3","その他の装置等","39","その他の装置、設備","391","その他の装置、設備","7","はさまれ、巻き込まれ"
"354","2012","平成","24","9","16~17","マンション外壁改修のための単管一側ブラケット足場の昇降設備として、単管を組み合わせたはしごを当該足場に組み立て中、はしごの踏さん(直交クランプで建地に緊結)の片方が外れ、そこに足をかけていた被災者が約6m墜落し、心臓破裂他で死亡した。","3","建設業","302","建築工事業","30201","鉄骨・鉄筋コンクリート造家屋建築工事業","10~29","4","仮設物、建築物、構築物等","41","仮設物、建築物、構築物等","411","足場","1","墜落、転落"
"355","2012","平成","24","8","8~9","建築物の屋上(高さ約15m)において、ヘリサイン(屋上に学校名等の場所の名前を書くことにより、災害発生時に救援ヘリコプターの目印の役割を持ったもの)のライン引きのための墨の追い出しで計測作業を複数名で行っていたところ、メジャー片端を持ってパラペット際に移動した被災者が、建物端部より墜落した。","3","建設業","302","建築工事業","30209","その他の建築工事業","1~9","4","仮設物、建築物、構築物等","41","仮設物、建築物、構築物等","418","建築物、構築物","1","墜落、転落"
"356","2012","平成","24","8","9~10","ビル解体工事において、被災者は躯体塔屋解体後の屋上床(8F)にて、エレベーターシャフトの開口(約1m×約1m)から、解体ガラを投下する作業に従事していたところ、当該開口から約25m下の解体ガラ上(1階床下レベル)へ墜落し、即死した。","3","建設業","302","建築工事業","30209","その他の建築工事業","1~9","4","仮設物、建築物、構築物等","41","仮設物、建築物、構築物等","414","開口部","1","墜落、転落"
"357","2012","平成","24","8","17~18","木造2階建家屋の解体現場において、解体した木材を積んだトラック荷台上で、ロープ掛け作業を行っていた被災者は、荷台上から道路面まで約3mの高さを墜落した。","3","建設業","302","建築工事業","30202","木造家屋建築工事業","1~9","2","物上げ装置、運搬機械","22","動力運搬機","221","トラック","1","墜落、転落"
"358","2012","平成","24","8","11~12","被災者は自宅より自家用三輪バイクで出張先へ行き、業務終了後、事業場に三輪バイクで向かっていたところ、対向車線を走っていた軽自動車がセンターラインを越え、被災者の三輪バイクの前を走行していた乗用車に接触した後、被災者の三輪バイクと正面衝突した。","1","製造業","113","一般機械器具製造業","11305","その他の精密機械器具製造業","300~499","2","物上げ装置、運搬機械","23","乗物","231","乗用車、バス、バイク","17","交通事故（道路）"
"359","2012","平成","24","8","15~16","被災者は食品倉庫内作業場にて仕分け作業を行っていた際、当該作業場所に配送業者が仮置きしていたフォークリフトを運転中、フォークリフトのフロントピラーとラックの支柱に頭部をはさまれ被災した。","5","貨物取扱業","501","陸上貨物取扱業","50101","陸上貨物取扱業","100~299","2","物上げ装置、運搬機械","22","動力運搬機","222","フォークリフト","7","はさまれ、巻き込まれ"
"360","2012","平成","24","8","11~12","被災者は同僚とともに、立体駐車場内で15段目のパレット上で鉄骨などのボルトにさび止めの塗装をする作業を行っていた。その後、同僚が他の作業員を迎えに行くため昇降装置に乗り、地下1階まで下降させ、待っていた作業員を乗せて再び15段目のパレットの所まで上昇させたところ、被災者が15段目のパレット上でカウンターウェイトの防護カバーにもたれ掛って倒れていたのを発見した。","3","建設業","302","建築工事業","30201","鉄骨・鉄筋コンクリート造家屋建築工事業","10~29","2","物上げ装置、運搬機械","21","動力クレーン等","214","エレベータ、リフト","7","はさまれ、巻き込まれ"
"361","2012","平成","24","8","10~11","被災者は階段のモップがけを行うため1階から2階に上がるとき、3人がかりで便器を下していた工事業者とすれちがう際に階段から転落した。","14","接客娯楽業","1402","飲食店","140201","一般飲食店","30~49","4","仮設物、建築物、構築物等","41","仮設物、建築物、構築物等","413","階段、桟橋","1","墜落、転落"
"362","2012","平成","24","7","12~13","客先へ向かうため、高速道路を乗用車で走行中、後方の大型トラックに追突された。なお、大型トラックは、鴎外乗用車をはさむ形でキャリアカーにも追突し、3台が炎上した。","8","商業","804","その他の商業","80409","その他の商業－その他","100~299","2","物上げ装置、運搬機械","22","動力運搬機","221","トラック","17","交通事故（道路）"
"363","2012","平成","24","7","14~15","道路工事現場で警備業務に従事していた被災者が、近くの公園で休憩中に鼻血を出し嘔吐している状態で発見された。救急車で病院へ搬送されたが、熱中症により死亡した。","17","その他の事業","1702","その他の事業","170201","警備業","100~299","7","環境等","71","環境等","715","高温・低温環境","11","高温・低温の物との接触"
"364","2012","平成","24","7","11~12","火災報知器点検の立会作業中、この立会の作業の引継を受けていた被災者は、地上階に設けられているフェンス扉を開け、その先にある開口部から、自家発電室の床面まで約14m墜落し、死亡した。","17","その他の事業","1702","その他の事業","170209","その他の事業－その他","10~29","4","仮設物、建築物、構築物等","41","仮設物、建築物、構築物等","414","開口部","1","墜落、転落"
"365","2012","平成","24","7","10~11","高さ約10mの立木を伐採するにあたり、長さ8mの梯子を設け、チェーンソーを使用し、梯子最上段を足場として作業を行っていたところ、伐採した枝が被災者に接触し、バランスを崩して墜落した。","15","清掃・と畜業","1501","清掃・と畜業","150101","ビルメンテナンス業","50~99","7","環境等","71","環境等","712","立木等","1","墜落、転落"
"366","2012","平成","24","7","10~11","被災者他3名で墓石の設置作業を行っていたところ、被災者がトラッククレーン(2.63t)を操作していた際に、吊り荷の墓石(約200キログラム)が被災者の頭上に落下して死亡した。","3","建設業","303","その他の建設業","30309","その他の建設業－その他","1~9","2","物上げ装置、運搬機械","21","動力クレーン等","212","移動式クレーン","4","飛来、落下"
"367","2012","平成","24","6","9~10","被災者は事務所内に設置されている段ボール製のゴミ箱が発煙しているのを発見し、事務所の台所にて水を汲み消火活動を行ったところ、煙を吸い込んだため死亡した。","1","製造業","101","食料品製造業","10101","肉製品、乳製品製造業","10~29","4","仮設物、建築物、構築物等","41","仮設物、建築物、構築物等","418","建築物、構築物","16","火災"
"368","2012","平成","24","6","11~12","新築工事中のマンションで、エアコン室内機の取り付け作業を行っていた被災者が、エアコン室内機を運搬中に躯体7階ベランダ部分から墜落した。","3","建設業","302","建築工事業","30203","建築設備工事業","1~9","4","仮設物、建築物、構築物等","41","仮設物、建築物、構築物等","418","建築物、構築物","1","墜落、転落"
"369","2012","平成","24","6","8~9","業務により、自宅から自家用車にて直行で出張先に向かっていたところ、高速道路のトンネル内で自損事故を起こし、車外に出ていたところを後方から走行する大型トラックにはねられて死亡した。","1","製造業","115","輸送用機械等製造業","11509","その他の輸送用機械等製造業","10~29","2","物上げ装置、運搬機械","22","動力運搬機","221","トラック","17","交通事故（道路）"
"370","2012","平成","24","6","13~14","被災者は、出張先であるライブ会場において機材等の設営作業を行うため、自動車を駐車した駐車場より徒歩でライブ会場へ向かっていたところ通り魔に遭い、刃物で腹部などを刺されて死亡した。","17","その他の事業","1702","その他の事業","170209","その他の事業－その他","30~49","9","その他","92","起因物なし","921","起因物なし","8","切れ、こすれ"
"371","2012","平成","24","6","11~12","落石監視員として監視業務を行っていた被災者は、街道直下を流れる川へ滑落し、救急搬送先の病院で死亡した。","17","その他の事業","1702","その他の事業","170201","警備業","30~49","7","環境等","71","環境等","711","地山、岩石","1","墜落、転落"
"372","2012","平成","24","6","10~11","テナントビルにおいて、被災者はエレベーターホールの床をモップで清掃していたところ、足を滑らせ前方に転倒し、頭部および胸部、大腿部を床面に打ちつけた。なお、被災者は最寄りの病院へ行き、頭部の検査を受け打撲と診断されたが、大腿部に骨折の疑いがあるため精密検査を受けるよう指示を受け、翌日別の病院で検査を受けたところ、心臓に異状が認められ入院していたが、1週間後に様態が急変し死亡した。","15","清掃・と畜業","1501","清掃・と畜業","150101","ビルメンテナンス業","10~29","4","仮設物、建築物、構築物等","41","仮設物、建築物、構築物等","417","通路","2","転倒"
"373","2012","平成","24","6","12~13","タクシー運転手である被災者は、業務中に自宅に立ち寄り、車を自宅前に停車させ車外に出たところ、車が動き出した。直後、車を止めようと運転席に体を半分入れたところ、開いていたドアが電柱に接触し、閉まったドアと車両の間に体を挟まれた。","4","運輸交通業","402","道路旅客運送業","40201","ハイヤー・タクシー業","50~99","2","物上げ装置、運搬機械","23","乗物","231","乗用車、バス、バイク","17","交通事故（道路）"
"374","2012","平成","24","5","11~12","被災者は事業場に戻る途中、片側一車線の直線道路で運転する車が反対車線に飛び出したため、対向車線の車と正面衝突した。","1","製造業","115","輸送用機械等製造業","11509","その他の輸送用機械等製造業","10~29","2","物上げ装置、運搬機械","23","乗物","231","乗用車、バス、バイク","17","交通事故（道路）"
"375","2012","平成","24","5","13~14","2階建て建物の屋根瓦の葺き替え工事において、被災者は、はしごを使用して建物の屋根に上がろうとしていたところ、はしごから墜落して死亡した。なお、被災者は両手が自由な状態ではしごを使用していた。また、はしごは固定されており転位することはなかった。","3","建設業","302","建築工事業","30202","木造家屋建築工事業","1~9","3","その他の装置等","37","用具","371","はしご等","1","墜落、転落"
"376","2012","平成","24","5","10~11","トンネル建設工事現場で、坑口から約1、500m付近に設置されていたコントラファン等を点検するために複数の作業員が坑内に入場したところ、トンネル内部に充満していた可燃性ガスに引火し、爆発により全員が死亡した。また、坑外にいた別工事の土木作業員複数名も爆発の飛散物等により負傷した。なお、トンネル工事は休工しており、当日は工事再開に向けた準備を行っていた。","8","商業","801","卸売業","80109","その他の卸売業","30~49","5","物質、材料","51","危険物、有害物等","513","可燃性のガス","14","爆発"
"377","2012","平成","24","5","10~11","トンネル建設工事現場で、坑口から約1、501m付近に設置されていたコントラファン等を点検するために複数の作業員が坑内に入場したところ、トンネル内部に充満していた可燃性ガスに引火し、爆発により全員が死亡した。また、坑外にいた別工事の土木作業員複数名も爆発の飛散物等により負傷した。なお、トンネル工事は休工しており、当日は工事再開に向けた準備を行っていた。","8","商業","801","卸売業","80109","その他の卸売業","30~49","5","物質、材料","51","危険物、有害物等","513","可燃性のガス","14","爆発"
"378","2012","平成","24","5","13~14","被災者は就業中に胸のあたりが苦しいと訴え、事業場内の健康管理室に行き、その後近隣のクリニックへ移動のため車いすに乗った直後、全身が硬直し意識を喪失、自発呼吸なしの状態に陥った。救急車にて救急搬送し蘇生措置を施したが、死亡した。","17","その他の事業","1702","その他の事業","170209","その他の事業－その他","300~499","9","その他","92","起因物なし","921","起因物なし","90","その他"
"379","2012","平成","24","5","10~11","3階建マンションの屋上防水工事現場において、同建物の屋上で防水シート貼の作業をしていた作業者が、高さ約30センチメートルのパラペットを超えて、約10m下のコンクリート地面に墜落した。","3","建設業","302","建築工事業","30209","その他の建築工事業","10~29","4","仮設物、建築物、構築物等","41","仮設物、建築物、構築物等","418","建築物、構築物","1","墜落、転落"
"380","2012","平成","24","5","17~18","被災者は業務を終了し、帰宅のため2F事務所の出入口から外部階段に通じる踊り場に出ようとしたところ、雨で濡れていたために転倒し、頸髄損傷により意識不明となり、救急搬送先の病院で死亡した。","3","建設業","302","建築工事業","30201","鉄骨・鉄筋コンクリート造家屋建築工事業","1~9","4","仮設物、建築物、構築物等","41","仮設物、建築物、構築物等","417","通路","2","転倒"
"381","2012","平成","24","4","16~17","3階建て鉄骨S造の屋上防水工事の施工中、被災者はトイレに行くため建物壁面に沿って設置されていた資材揚げおろしのための構造物(足場部材および電動ウィンチにより構成される)をつたって降りようとしたところ、高さ約9mの位置から足を踏み外して落下した。","3","建設業","302","建築工事業","30201","鉄骨・鉄筋コンクリート造家屋建築工事業","1~9","4","仮設物、建築物、構築物等","41","仮設物、建築物、構築物等","419","その他の仮設物、建築物、構築物等","1","墜落、転落"
"382","2012","平成","24","4","1~2","吊足場の解体中、朝顔材を取り外すため玉掛をしようと朝顔材に立て架けたはしごに乗ったところ、朝顔材の控え材(単管)が、足場床と固定していたクランプから抜け、朝顔パネルが外側に転倒し、立て架けたはしごとともに、約8m下の道路面に墜落した。","3","建設業","301","土木工事業","30105","橋梁建設工事業","30~49","4","仮設物、建築物、構築物等","41","仮設物、建築物、構築物等","411","足場","1","墜落、転落"
"383","2012","平成","24","4","7~8","被災者は既存建築物の屋上にて窓ガラスの清掃作業準備中、屋上から地上へ約20m墜落した。","15","清掃・と畜業","1501","清掃・と畜業","150101","ビルメンテナンス業","1~9","4","仮設物、建築物、構築物等","41","仮設物、建築物、構築物等","418","建築物、構築物","1","墜落、転落"
"384","2012","平成","24","4","11~12","被災者はスレート屋根の葺替え作業中、採光のために屋根に設けられた高さ約10mの強化プラスチック部から墜落した。","3","建設業","302","建築工事業","30201","鉄骨・鉄筋コンクリート造家屋建築工事業","1~9","4","仮設物、建築物、構築物等","41","仮設物、建築物、構築物等","415","屋根、はり、もや、けた、合掌","1","墜落、転落"
"385","2012","平成","24","4","8~9","橋桁の欄干(防風柵)の新設のため、橋桁につり足場を設置を行っていたところ、つり足場のつり枠とつり枠の間に仮設置した作業床が脱落し、作業床上で本固定しようとしていた作業員が作業床と一緒に、約15m下の運河に墜落した。","3","建設業","301","土木工事業","30105","橋梁建設工事業","50~99","4","仮設物、建築物、構築物等","41","仮設物、建築物、構築物等","411","足場","1","墜落、転落"
"386","2012","平成","24","4","7~8","被災者はクリーニング作業中、何かの原因で乾燥機後部のふたに首を挟まれ死亡した。","1","製造業","117","その他の製造業","11703","クリーニング業","10~29","3","その他の装置等","34","炉窯等","342","乾燥設備","7","はさまれ、巻き込まれ"
"387","2012","平成","24","4","20~21","出張先から直接自宅へ帰宅途中、誤ってプラットホームから線路内に転落。その際、ホームに入線してきた列車に轢かれ死亡した。","17","その他の事業","1702","その他の事業","170209","その他の事業－その他","300~499","2","物上げ装置、運搬機械","23","乗物","232","鉄道車両","18","交通事故（その他）"
"388","2012","平成","24","4","17~18","被災者は災害が発生した建物の設備等の保守・点検業務を行い、作業終了後建物の所有者に点検完了の報告を行った。しかし、その後も被災者は、建物11階のセットバックになっている屋根上の排水溝部分の目詰まりを確認するため当該場所へ向かい、確認作業を行ったところ、高さ約70センチメートルのパラペット部分を乗越え、約30mの高さから地上へ転落し、死亡した。","15","清掃・と畜業","1501","清掃・と畜業","150101","ビルメンテナンス業","300~499","4","仮設物、建築物、構築物等","41","仮設物、建築物、構築物等","418","建築物、構築物","1","墜落、転落"
"389","2012","平成","24","4","19~20","災害発生場所であるビル脇の路上にて、被災者が倒れているのが発見された。","17","その他の事業","1702","その他の事業","170209","その他の事業－その他","100~299","4","仮設物、建築物、構築物等","41","仮設物、建築物、構築物等","418","建築物、構築物","1","墜落、転落"
"390","2012","平成","24","3","0~1","取材対象車両を高速道路で追尾中、対象車両がサービスエリアに入ったため、サービスエリアの出口の本線合流部分の路肩に停車していたところ、トラックに追突され運転手が死亡した。","4","運輸交通業","402","道路旅客運送業","40201","ハイヤー・タクシー業","100~299","2","物上げ装置、運搬機械","22","動力運搬機","221","トラック","17","交通事故（道路）"
"391","2012","平成","24","3","3~4","トラック運転手複数名が、高速道路の片側3車線のうち中央分離帯側の追い越し車線と中央の走行車線に計3台のトラックを停車させ、路上で口論していたところ、別のトラックに追突され、2名が死亡した。","4","運輸交通業","403","道路貨物運送業","40301","一般貨物自動車運送業","100~299","2","物上げ装置、運搬機械","22","動力運搬機","221","トラック","17","交通事故（道路）"
"392","2012","平成","24","3","14~15","7階建て建築物改修工事において、足場組立に従事する被災者は、屋上に設けられた手すりを乗り越え、約20m下の地上に墜落した。なお、安全帯は着用していたが、使用した形跡は確認されていない。","3","建設業","302","建築工事業","30201","鉄骨・鉄筋コンクリート造家屋建築工事業","1~9","4","仮設物、建築物、構築物等","41","仮設物、建築物、構築物等","418","建築物、構築物","1","墜落、転落"
"393","2012","平成","24","3","16~17","木造二階建住宅を解体する工事にて、飛散防止のネットを取り付ける単管を格子状に三層で組み立てる作業中、被災者は、二層目の単管上(高さ約4m)に立って三層目の単管を取り付けようとした際にバランスを崩し、地面まで墜落し、死亡した。","3","建設業","302","建築工事業","30209","その他の建築工事業","10~29","4","仮設物、建築物、構築物等","41","仮設物、建築物、構築物等","419","その他の仮設物、建築物、構築物等","1","墜落、転落"
"394","2012","平成","24","3","13~14","下水管及び汚水管の布設のため、幅が約2m、深さ約3mの溝状に重機を用いて掘削し、その後、被災者が床づけ作業のために掘削底に立ち入ったところ、側面が崩落し、胸部圧迫により死亡した。","3","建設業","301","土木工事業","30110","上下水道工事業","10~29","7","環境等","71","環境等","711","地山、岩石","5","崩壊、倒壊"
"395","2012","平成","24","3","18~19","出張の後帰宅途中、駅構内のトイレを使用し、立ち上がってズボンを穿いている際に、バランスを崩して転倒し頭を強打した。被災者は一旦帰宅した後、救急搬送され「急性硬膜下血腫」で死亡した。","8","商業","802","小売業","80209","その他の小売業","10~29","9","その他","99","分類不能","999","分類不能","2","転倒"
"396","2012","平成","24","3","9~10","3階にてグレイチング付及び墨出し作業をしていたところ、被災者が何らかの理由により屋上へ上がり、パラペット上から約10m下に墜落した。","3","建設業","302","建築工事業","30201","鉄骨・鉄筋コンクリート造家屋建築工事業","10~29","4","仮設物、建築物、構築物等","41","仮設物、建築物、構築物等","418","建築物、構築物","1","墜落、転落"
"397","2012","平成","24","2","10~11","被災者が運転する社用車は、高速道路を走行中、中央分離帯の伐採作業を行うために片側2車線道路の中央側に停車していた貨物自動車に追突した。なお、現場にブレーキ痕は認められなかった。","4","運輸交通業","403","道路貨物運送業","40301","一般貨物自動車運送業","50~99","2","物上げ装置、運搬機械","22","動力運搬機","221","トラック","17","交通事故（道路）"
"398","2012","平成","24","2","10~11","下水道管取替工事において、バックホーにて市道を開削工事中、約3m掘り下げた際、被災者は溝内に降り、下水管の状態確認作業を行っていたところ、掘削側面が崩落し、脳挫傷にて死亡した。","3","建設業","301","土木工事業","30110","上下水道工事業","1~9","7","環境等","71","環境等","711","地山、岩石","5","崩壊、倒壊"
"399","2012","平成","24","2","16~17","低層棟東面3階部の壁を解体するため圧砕機(油圧ショベルのバケットを外し圧砕機を装着したもの)で柱上部を挟み、壁を内側に倒そうとしたところ、圧砕機が柱から外れた反動で3階壁及床の一部が外側に倒れた際、解体した足場を片付けるため2階床にいた被災者が倒れてきた壁に下半身を挟まれ死亡した。また、当該壁等が外側に倒れた足場が倒壊した際、足場解体作業を行うため外部足場上で待機していた労働者が墜落して負傷した。","3","建設業","302","建築工事業","30209","その他の建築工事業","1~9","1","動力機械","14","建設機械等","149","その他の建設機械等","5","崩壊、倒壊"
"400","2012","平成","24","2","11~12","被災者を含む作業員2名が交差点付近で道路標示の貼付作業を行っていたところ、作業場所から約60m離れた道路上に被災者が駐車させた工事用車両が坂道を下ってきたため、車両を止めようと作業員2名で車の正面から止めに入ったが止められず、うち1名が車両にひかれて死亡した。","3","建設業","301","土木工事業","30106","道路建設工事業","1~9","2","物上げ装置、運搬機械","22","動力運搬機","221","トラック","7","はさまれ、巻き込まれ"
"401","2012","平成","24","2","10~11","新築工事現場(地下1階、地上2階)において、地下1階で作業を行うため、1階開口部に設置された移動はしごから地下に降りようとしたところ、誤って約3m下の地下1階床まで転落した。","3","建設業","302","建築工事業","30201","鉄骨・鉄筋コンクリート造家屋建築工事業","1~9","4","仮設物、建築物、構築物等","41","仮設物、建築物、構築物等","414","開口部","1","墜落、転落"
"402","2012","平成","24","2","20~21","帰宅途中の電車内において倒れ、救急搬送先の病院で脳幹部の出血により死亡した。","17","その他の事業","1702","その他の事業","170209","その他の事業－その他","100~299","9","その他","92","起因物なし","921","起因物なし","90","その他"
"403","2012","平成","24","2","10~11","被災者は業務用エレベーターを使用して1階から地下部分に椅子を運搬する作業を行っていたが、エレベーター昇降路内(地下1階部分)で倒れているのを発見され、救急搬送先の病院にて死亡が確認された。","15","清掃・と畜業","1501","清掃・と畜業","150101","ビルメンテナンス業","100~299","2","物上げ装置、運搬機械","21","動力クレーン等","214","エレベータ、リフト","1","墜落、転落"
"404","2012","平成","24","2","8~9","トラック荷台から鋼材(半円筒形・重量約1t)を天井クレーン(定格荷重5t)で吊り下ろし、位置を調整しようとしたところ、玉掛けしていたクランプが外れ鋼材が落下し、トラック荷台の横にいた被災者を直撃した。なお、クレーンの操作を行ったのは荷主先の労働者であり、被災者は鋼材をトラックで運搬した労働者(運転手)だった。","4","運輸交通業","403","道路貨物運送業","40301","一般貨物自動車運送業","1~9","3","その他の装置等","37","用具","372","玉掛用具","4","飛来、落下"
"405","2012","平成","24","1","10~11","被災者はコンベアと当該コンベアの上方に設置されたモーター架台との間に挟まれ、そのままその隙間をコンベアで運搬され、コンベアの折り返しとなる排出口付近でうずくまるような形で発見された。","1","製造業","112","金属製品製造業","11209","その他の金属製品製造業","10~29","2","物上げ装置、運搬機械","22","動力運搬機","224","コンベア","7","はさまれ、巻き込まれ"
"406","2012","平成","24","1","4~5","高速道路を走行中、降雪等の影響によりスリップし、中央分離帯に激突。その後、被災者である運転手は車外に出て、携帯電話で警察等に通報していたところ、別の車両に追突され、その衝撃によって運転者は反対側車線に投げ出されて死亡した。","17","その他の事業","1702","その他の事業","170209","その他の事業－その他","50~99","2","物上げ装置、運搬機械","23","乗物","231","乗用車、バス、バイク","17","交通事故（道路）"
"407","2012","平成","24","1","11~12","品物を届けた帰りに、階段で足が引っ掛かり4段ほど落下した。その際、足を折った状態で角にぶつけ、右膝下を負傷した。その後、その傷が原因で肺動脈血栓症を発症し死亡した。","12","教育・研究業","1201","教育・研究業","120109","その他の教育研究業","10~29","4","仮設物、建築物、構築物等","41","仮設物、建築物、構築物等","413","階段、桟橋","1","墜落、転落"
"408","2012","平成","24","1","13~14","被災者は広告代理店の営業担当として勤務していたが、自宅のアパートでネクタイを用いて縊頸により縊死した。","9","金融・広告業","902","広告・あっせん業","90209","その他の広告・あっせん業","1~9","9","その他","92","起因物なし","921","起因物なし","90","その他"
"409","2012","平成","24","1","11~12","高速道路を走行していたところ、渋滞が発生し停車した。その際、後続車両が時速約80キロメートルの速度で追突してきたことにより、当該事業場の車両が前方車両に追突した。","8","商業","801","卸売業","80109","その他の卸売業","10~29","2","物上げ装置、運搬機械","23","乗物","231","乗用車、バス、バイク","17","交通事故（道路）"
"410","2012","平成","24","1","18~19","車両確認検査場にて車両を走行させたところ、後方車輪付近にいた被災者は後方車輪に巻き込まれ、死亡した。","1","製造業","115","輸送用機械等製造業","11502","自動車・同付属品製造業","300~499","2","物上げ装置、運搬機械","22","動力運搬機","221","トラック","7","はさまれ、巻き込まれ"
"411","2012","平成","24","1","19~20","分譲マンションモデルルーム内で同物件の販売準備業務に従事していたところ、同事務所内で突然意識を失って倒れた。","9","金融・広告業","902","広告・あっせん業","90209","その他の広告・あっせん業","300~499","9","その他","92","起因物なし","921","起因物なし","90","その他"
"412","2012","平成","24","1","5~6","被災者は高速道路をトラックで走行していたところ、路面凍結のためスリップし対向車線に出てしまい、対向車線を走行していた車両を避けきれず、正面衝突した。","4","運輸交通業","403","道路貨物運送業","40301","一般貨物自動車運送業","10~29","2","物上げ装置、運搬機械","22","動力運搬機","221","トラック","17","交通事故（道路）"
"413","2012","平成","24","4","0~1","被災者はアシスタント業務を行っており、同僚とのトラブル等を含め、業務を遂行するのに少なからず問題を抱え、月間の時間外労働時間が概ね80時間に及び過度の心理的負担を負い、自宅において自殺した。","8","商業","803","理美容業","80302","美容業","1~9","9","その他","92","起因物なし","921","起因物なし","90","その他"
"414","2012","平成","24","7","18~19","被災者は海外出張の際、現地ホテル滞在中に体調不良を訴え現地病院にて診察を受けたところ、大動脈瘤破裂と診断され治療を受けたが、解離性大動脈瘤により死亡した。","17","その他の事業","1702","その他の事業","170209","その他の事業－その他","1~9","9","その他","92","起因物なし","921","起因物なし","90","その他"
"415","2012","平成","24","5","22~23","被災者は1ヶ月の時間外労働時間が100時間を超え、休日勤務も多数ある状況であった。社内で残業中に体調が悪くなり、トイレで血便があり、退社した。帰宅途中に電車内で気分が悪くなり途中駅で下車し、救急搬送先の病院で「急性心筋梗塞」と診断され、死亡した。","12","教育・研究業","1201","教育・研究業","120102","ソフトウェア業","1~9","9","その他","92","起因物なし","921","起因物なし","90","その他"
"416","2012","平成","24","4","6~7","被災者は国道をトラックで走行中、過重労働により意識を失い、道路標識に衝突した。","4","運輸交通業","403","道路貨物運送業","40301","一般貨物自動車運送業","1~9","9","その他","92","起因物なし","921","起因物なし","90","その他"
"417","2012","平成","24","2","7~8","現場管理者である被災者は、現場関係敷地内のトイレで倒れて死亡していたのを発見された。直接死因は「心のうタンポナーデ」(急性大動脈解離に伴い発症したもの)。なお、被災者には発症前1ヶ月間に100時間を超える時間外労働が認められた。","3","建設業","302","建築工事業","30201","鉄骨・鉄筋コンクリート造家屋建築工事業","1~9","9","その他","92","起因物なし","921","起因物なし","90","その他"
"418","2012","平成","24","2","18~19","勤務を終え店舗の入口にて靴を履こうとしたところ、前のめりに倒れた。","14","接客娯楽業","1402","飲食店","140209","その他の飲食店","1~9","9","その他","92","起因物なし","921","起因物なし","90","その他"
"419","2012","平成","24","3","0~1","自宅の屋上より飛び降り自殺した。","17","その他の事業","1702","その他の事業","170209","その他の事業－その他","1~9","9","その他","92","起因物なし","921","起因物なし","90","その他"
"420","2012","平成","24","10","17~18","団地内公道を歩行していた被災者は、道路に駐車をしようとバック走行してきた大型tトラックにひかれ、死亡した。","4","運輸交通業","403","道路貨物運送業","40301","一般貨物自動車運送業","1~9","2","物上げ装置、運搬機械","22","動力運搬機","221","トラック","17","交通事故（道路）"
"421","2012","平成","24","12","16~17","解体工事現場にて、防護パネルの支持材となった足場簡易枠7枠を玉掛けワイヤーを用いて、コンクリート圧砕機の爪先に掛け、つり上げ移設しようとした際、アタッチメントが回転し、付近にいた被災者の胸部に激突した。","3","建設業","302","建築工事業","30209","その他の建築工事業","30~49","1","動力機械","14","建設機械等","145","解体用機械","6","激突され"
"422","2012","平成","24","11","13~14","マンションの大規模改修工事において、枠組み足場を解体作業中、被災者は足場の13段目から地面まで墜落した。","3","建設業","302","建築工事業","30209","その他の建築工事業","10~29","4","仮設物、建築物、構築物等","41","仮設物、建築物、構築物等","411","足場","1","墜落、転落"
"423","2012","平成","24","11","15~16","被災者は単管抱き足場解体作業中、取り外した単管を持って移動していたところ、バランスを崩して約30m下の地上に墜落したもの。なお、安全帯は装着していたが使用していなかった。","3","建設業","302","建築工事業","30209","その他の建築工事業","1~9","4","仮設物、建築物、構築物等","41","仮設物、建築物、構築物等","411","足場","1","墜落、転落"
"424","2012","平成","24","11","19~20","発電用スターリングエンジン(外燃機関)のクランクケース(耐圧5MPa)の窒素ガスによる気密試験中、3MPaまで昇圧し、ボルト部に漏れがあったので増し締め後、5MPaまで昇圧中にクランクケースが破裂し、1名が死亡、2名が腕等を負傷したもの。","1","製造業","113","一般機械器具製造業","11301","機械（精密機械を除く）器具製造業","1~9","3","その他の装置等","39","その他の装置、設備","391","その他の装置、設備","15","破裂"
"425","2012","平成","24","11","20~21","商談を終えて、高速道路を走行中にトラックの後部に追突した。","9","金融・広告業","901","金融業","90103","保険業","100~299","2","物上げ装置、運搬機械","23","乗物","231","乗用車、バス、バイク","17","交通事故（道路）"
"426","2012","平成","24","9","16~17","スクラップを積んだ20t積みトレーラーを運転して埠頭の荷捌き場に出向き、荷役を行う業者に荷降ろしを委ねたところ、荷台上にいてグラップルのアタッチメント部分に激突された。なお、荷台のあおりの高さは2mありグラップルの運転席から荷台上の被災者は見えない。","4","運輸交通業","403","道路貨物運送業","40301","一般貨物自動車運送業","10~29","1","動力機械","14","建設機械等","149","その他の建設機械等","6","激突され"
"427","2012","平成","24","9","14~15","建設現場でドラグショベルのバケットを交換するため、被災者は単独で自社の移動式クレーンで搬送し下ろそうとしていたところ、移動式クレーンが転倒して地面との間に挟まれ死亡した。","8","商業","804","その他の商業","80409","その他の商業－その他","1~9","2","物上げ装置、運搬機械","21","動力クレーン等","212","移動式クレーン","6","激突され"
"428","2012","平成","24","9","9~10","砂利の混合作業を行うため、トラクターショベルをバック走行で作業場所に向かっていたところ、砂利を野積みする場所を写真撮影するために後方を歩いていた被災者に気づかずに轢いてしまった。","8","商業","802","小売業","80209","その他の小売業","1~9","1","動力機械","14","建設機械等","141","整地・運搬・積込み用機械","7","はさまれ、巻き込まれ"
"429","2012","平成","24","9","8~9","工場内においてトラックの部品をメッキするため、表面処理前の洗浄作業をガソリンを使用して行っていたところ、引火して火傷を負った。","1","製造業","112","金属製品製造業","11204","めっき業","10~29","5","物質、材料","51","危険物、有害物等","512","引火性の物","16","火災"
"430","2012","平成","24","8","9~10","被災者は上から降りてきた垂直搬送機(搬器に袋を吊り、洗濯物を1Fから3Fへ上げる)搬器フレームとベルトコンベヤー端部のすき間で、ベルトコンベヤーに顔をのせて吊られた状態で首下を挟まれた状態で発見された。","1","製造業","117","その他の製造業","11703","クリーニング業","50~99","2","物上げ装置、運搬機械","22","動力運搬機","229","その他の動力運搬機","7","はさまれ、巻き込まれ"
"431","2012","平成","24","8","14~15","被災者は木造2階建アパート新築工事において、敷地内に単管の杭を打ち込む地盤改良工事を行っていた。単管の長さを調整しようと電動高速カッターで単管を切断していたところ、その電源である発電機の燃料がなくなったため、燃料であるガソリンを給油しようとした際、給油タンクからこぼれたガソリンが発火し、被災者の衣服に燃え移った。","3","建設業","302","建築工事業","30202","木造家屋建築工事業","1~9","5","物質、材料","51","危険物、有害物等","512","引火性の物","16","火災"
"432","2012","平成","24","8","14~15","トラックで運ばれてきた鋼材144枚(約12t)を、天井クレーン(定格荷重20t)を使用して、資材置き場に先に積んであった鋼材の上に積み重ね、被災者が玉外しを行おうと近づいたところ、直前に積んだ鋼材144枚が崩壊してその下敷きとなり、全身を強く圧迫され死亡した。","1","製造業","115","輸送用機械等製造業","11502","自動車・同付属品製造業","300~499","5","物質、材料","52","材料","521","金属材料","5","崩壊、倒壊"
"433","2012","平成","24","8","10~11","掘削作業中に、ドラグショベルのオペレータが転倒した機械の下敷きとなり死亡した。","3","建設業","301","土木工事業","30105","橋梁建設工事業","100~299","1","動力機械","14","建設機械等","142","掘削用機械","2","転倒"
"434","2012","平成","24","6","14~15","被災者は台風により倒れた木の撤去作業を行っていた際、斜面に生えていた幹の直径約50センチメートルの根株を撤去しようとしたところ、当該根株とともに斜面下に転落した。","14","接客娯楽業","1403","その他の接客娯楽業","140301","ゴルフ場","100~299","7","環境等","71","環境等","712","立木等","1","墜落、転落"
"435","2012","平成","24","6","16~17","資材置き場の補修工事用の足場を設置するため、資材置き場軒の高さ約6mの屋根上でチェーンソーを用いて雑木の伐倒を行っていたところ、切断直後に当該伐倒木とともに屋根を転がり、地面に墜落した。","3","建設業","302","建築工事業","30202","木造家屋建築工事業","30~49","7","環境等","71","環境等","712","立木等","1","墜落、転落"
"436","2012","平成","24","6","12~13","被災者はメッキ槽上の足場で板材を間隔的に配置し、その上にシートカバーを掛ける際、シートの先端を踏んでいることに気付かないまま引っ張り上げたため、そのままバランスを崩し、メッキ槽内に転落した。","1","製造業","112","金属製品製造業","11204","めっき業","30~49","5","物質、材料","51","危険物、有害物等","514","有害物","12","有害物等との接触"
"437","2012","平成","24","6","10~11","3階建の建物に設置されている機械室のないタイプのエレベーター(積載荷重約1t)の地震感知器の点検作業をピット内で行っていたところ、作動確認のため搬器を2階から3階に上昇させた際、降りてきたカウンターウェイトとレールブラケットに胸部を挟まれて被災した。","3","建設業","303","その他の建設業","30309","その他の建設業－その他","1~9","2","物上げ装置、運搬機械","21","動力クレーン等","214","エレベータ、リフト","7","はさまれ、巻き込まれ"
"438","2012","平成","24","6","17~18","被災者は駐車場において車輌の誘導業務を行っていた。公道を通行する車輌があったため、出庫しようとした車輌を一時停止させようとしたところ、当該車輌運転手がアクセルとブレーキを踏み間違え、被災者を轢いた。","17","その他の事業","1702","その他の事業","170201","警備業","30~49","2","物上げ装置、運搬機械","23","乗物","231","乗用車、バス、バイク","18","交通事故（その他）"
"439","2012","平成","24","4","15~16","被災者は共同住宅新築工事現場にて屋根部の施工作業中、屋根で足を滑らせて高さ約8mから墜落し、全身を強打した。","3","建設業","302","建築工事業","30209","その他の建築工事業","10~29","4","仮設物、建築物、構築物等","41","仮設物、建築物、構築物等","415","屋根、はり、もや、けた、合掌","1","墜落、転落"
"440","2012","平成","24","4","5~6","被災者は鮮魚の買い付け等の業務を行っていた。当日は、契約している漁船上から、魚種、漁獲量等の報告を行うため、漁の邪魔にならないよう船首部分で待機していたが、何らかの原因により、近くにあった錨を巻き上げるためのローラーのレバーに触れローラーが動き出し、ローラに巻きつけてあった定置網固定用のロープに巻き込まれて死亡した。","8","商業","801","卸売業","80109","その他の卸売業","1~9","1","動力機械","16","一般動力機械","169","その他の一般動力機械","7","はさまれ、巻き込まれ"
"441","2012","平成","24","4","7~8","昇降機技術者である被災者は、自宅のベッドで意識を消失している状態で発見され、救急搬送先の病院で「急性心機能不全症」により死亡した。なお、被災者には死亡前6ヶ月前から、業務のため3~4時間/日の時間外労働、及び週休2日のうち1日の休日出勤が恒常化しており、死亡前1ヶ月間で100時間以上、同2ヶ月~5ヶ月前の各月に80時間以上/月の時間外労働が認められた。","3","建設業","303","その他の建設業","30302","機械器具設置工事業","100~299","9","その他","92","起因物なし","921","起因物なし","90","その他"
"442","2012","平成","24","4","5~6","被災者は工事現場に向かうため、トラックに乗車し高速道路を走行中、トラックの後輪タイヤが破裂し、蛇行した後車両が横転した。乗車は4名おり、後部座席に乗車していた被災者が死亡。他1名が休業、2名は不休であった。","3","建設業","303","その他の建設業","30302","機械器具設置工事業","10~29","2","物上げ装置、運搬機械","22","動力運搬機","221","トラック","17","交通事故（道路）"
"443","2012","平成","24","4","14~15","マンションの立体駐車場ピット内にて、同マンションの管理人が立体駐車場脇の扉から7~8m下にあるパレット(自動車を載せる台)上に、扉位置口付近の作業床端部よりパレット内に墜落した被災者が横たわっているのを発見した。被災者は既に昏睡状態であったが、救急搬送先の病院にて死亡が確認された。","15","清掃・と畜業","1501","清掃・と畜業","150101","ビルメンテナンス業","30~49","4","仮設物、建築物、構築物等","41","仮設物、建築物、構築物等","418","建築物、構築物","1","墜落、転落"
"444","2012","平成","24","4","16~17","採石場から10tダンプトラックで砕石を資材置き場に運搬し、積荷を降ろした後、ダンプトラックの荷台が上がったままの状態で荷台下の修理をしていた時に安全レバーが不完全であったため、荷台が下がってきて挟まれた。","15","清掃・と畜業","1501","清掃・と畜業","150102","産業廃棄物処理業","1~9","2","物上げ装置、運搬機械","22","動力運搬機","221","トラック","7","はさまれ、巻き込まれ"
"445","2012","平成","24","4","2~3","被災者は立体横断施設施工現場にて、横断デッキ下部の電気ケーブルを高所作業車を用いて手工具で寄せる作業を行っていたところ、横断デッキ(桁下)と高所作業車のバケットとの間に挟まれた。消防のレスキューが救出し、救急搬送したものの死亡が確認された。","3","建設業","301","土木工事業","30106","道路建設工事業","1~9","1","動力機械","14","建設機械等","146","高所作業車","7","はさまれ、巻き込まれ"
"446","2012","平成","24","3","15~16","被災者はペット樹脂製造用の粉末原料の入ったフレコンバッグ(重量約1t)の下敷きとなり死亡した。被災者はフォークリフトを使い、3段に積み重ねられたフレコンバッグを一つずつ持ち上げ、原料をホッパーに投入する作業を単独で行っていたが、2段目のフレコンバッグの一つに穴が開き型崩れしたことに伴い、3段目のフレコンバックが落下、フレコンバックから流出する材料を手で押さえていた被災者を直撃した。","1","製造業","108","化学工業","10805","プラスチック製品製造業","50~99","6","荷","61","荷","611","荷姿の物","5","崩壊、倒壊"
"447","2012","平成","24","3","1~2","被災者の車が不自然な場所に停止していたため、不審に思った同僚の通報により、車内で意識不明となっていた被災者が発見された。直ちに救急搬送されたが、搬送先病院にて死亡が確認された。なお、発症前2ヶ月間に、被災者には80時間以上の過重労働が認められている。","4","運輸交通業","403","道路貨物運送業","40301","一般貨物自動車運送業","30~49","9","その他","92","起因物なし","921","起因物なし","90","その他"
"448","2012","平成","24","3","11~12","ゴミ焼却施設の清掃作業に従事していた被災者は、排ガス処理のためのろ過式集じん機の下部を清掃中、灰出し用のスクリューコンベアに両足を巻き込まれ、両足を切断、出血多量により死亡した。","15","清掃・と畜業","1501","清掃・と畜業","150109","その他の清掃・と畜業","10~29","2","物上げ装置、運搬機械","22","動力運搬機","224","コンベア","7","はさまれ、巻き込まれ"
"449","2012","平成","24","3","8~9","被災者は業務に伴い高速道路を走行中、前方のトラックに追突し、全身を強く打ち死亡した。","1","製造業","113","一般機械器具製造業","11301","機械（精密機械を除く）器具製造業","1~9","2","物上げ装置、運搬機械","22","動力運搬機","221","トラック","17","交通事故（道路）"
"450","2012","平成","24","3","10~11","配送先から帰社するため、高速道路のトンネル内をトラックで走行中トラックがスリップし、その際シートベルト未着用であった被災者は車外に放り出され、運転していたトラックの下敷きになり、死亡した。","4","運輸交通業","403","道路貨物運送業","40301","一般貨物自動車運送業","1~9","2","物上げ装置、運搬機械","22","動力運搬機","221","トラック","17","交通事故（道路）"
"451","2012","平成","24","2","0~1","高架道路の補修作業において、高架下に設置されたパネル式つり足場の解体作業中、つり足場上で取り外された足場板(パネル)を高所作業車が設置してある箇所まで運搬する作業を行っていた被災者が、何らかの理由により取り外し中の足場板(パネル)上に乗ったため、足場板(パネル)の片側が脱落、約17m下の地面に墜落した。","3","建設業","301","土木工事業","30106","道路建設工事業","1~9","4","仮設物、建築物、構築物等","41","仮設物、建築物、構築物等","411","足場","1","墜落、転落"
"452","2012","平成","24","2","10~11","製油所内の吸収塔付近で、吸収塔のトップデミスター洗浄作業中にバキューム車にて汚泥物を回収し、バキューム車のタンク上部にあるマンホールを開放して、(タンク内の汚泥物の堆積量を確認しようと)マンホール脇の作業台に上っていた被災者が作業台の上で倒れているところを発見された。直ちに救急搬送されたが、搬送先の病院で死亡した。","1","製造業","108","化学工業","10804","石油製品・石炭製品製造業","100~299","5","物質、材料","51","危険物、有害物等","514","有害物","12","有害物等との接触"
"453","2012","平成","24","2","9~10","増築工事現場の現場代理人が現場内で突然倒れ、救急搬送されたものの搬送先の病院で死亡した。なお、被災者は、過重労働による脳疾患として労災認定された。","3","建設業","301","土木工事業","30199","その他の土木工事業","10~29","9","その他","92","起因物なし","921","起因物なし","90","その他"
"454","2012","平成","24","2","10~11","アルミニウムを染める染料を製造する工程において、建屋の2階でろ過した原料をステンレスの皿の上に広げ、乾燥設備(蒸気による乾燥設備)で80度、38時間~48時間乾燥させたものを専用のポリ容器に重量を計測しながら移し入れる作業を行っていた。作業は、被災当時、被災者1人で行っていたところ、何らかの原因で当該原料が発火し、やけどを負った被災者は病院に救急搬送されたが、死亡した。","1","製造業","108","化学工業","10801","無機・有機化学工業製品製造業","10~29","5","物質、材料","51","危険物、有害物等","519","その他の危険物、有害物等","16","火災"
"455","2012","平成","24","1","9~10","3階建て建屋の塗装作業を行っていた被災者は、隣接する道路上に倒れているところを発見され、頭部及び全身打撲により、救急搬送先の病院で死亡した。","17","その他の事業","1702","その他の事業","170201","警備業","30~49","4","仮設物、建築物、構築物等","41","仮設物、建築物、構築物等","418","建築物、構築物","1","墜落、転落"
"456","2012","平成","24","1","15~16","資材置場を整地するため、労働者数名でドラグショベル等を用いて作業を行っていた。その整地作業中にて、ドラグショベル運転者が後退したところ、ドラグショベルの稼働範囲内に立ち入った被災者と接触してしまった。","3","建設業","302","建築工事業","30209","その他の建築工事業","10~29","1","動力機械","14","建設機械等","142","掘削用機械","6","激突され"
"457","2012","平成","24","1","10~11","屋外設置の10tつりジブクレーンで荷(玉掛け用棒天秤:長さ約10m、自重1.5t、鉄鋼製)を運搬台車上に積み降ろす際、被災者(玉掛け者)が荷を玉外した後、玉掛けワイヤロープ(長さ約8m)を着けたままクレーン運転士が巻上げを行った。その際、玉外しした棒天秤が斜めに持ち上がり、被災者に向かって横転し始め、支えようとしたが、棒天秤とともに地面に転落、地面に倒れた被災者の頭部に棒天秤が直撃した。","1","製造業","113","一般機械器具製造業","11301","機械（精密機械を除く）器具製造業","300~499","2","物上げ装置、運搬機械","21","動力クレーン等","211","クレーン","6","激突され"
"458","2012","平成","24","1","13~14","ダイビングスクールの講師である被災者は、講習先にてプール講習の休憩中に突然頭痛が起き、救急搬送先の病院で死亡した。なお、当事業場はダイビング講習の他、スキューバーダイビング資格取得ツアーの企画・実施も行っており、被災者は店長として、前月に沖縄等へのツアーコンダクターとして帯同し、月間の時間外労働時間は約160時間に及んでいる。","12","教育・研究業","1201","教育・研究業","120109","その他の教育研究業","1~9","9","その他","92","起因物なし","921","起因物なし","90","その他"
"459","2012","平成","24","1","9~10","コンクリート含有水をコンクリート分と水に分離する自動脱水機の中に入って清掃中、圧縮空気により作動するろ過板にはさまれ、心肺停止の状態いるところを発見され、救急搬送先の病院で死亡が確認された。","1","製造業","109","窯業土石製品製造業","10901","セメント・同製品製造業","10~29","1","動力機械","16","一般動力機械","169","その他の一般動力機械","7","はさまれ、巻き込まれ"
"460","2012","平成","24","1","14~15","船舶の修繕作業における高圧スプレーを用いての洗浄作業(古い塗装を剥がす作業)において、被災者は船底部分の作業を終え、次にドッグ内に置かれていた重さ約5tの錨を洗浄していたところ錨が倒れてきて、頭部を錨のアーム部分と地面に挟まれて死亡した。なお、錨は船舶から外されており、約60度の角度で木製パレットの上に立てられていたが、ワイヤー等で固定されてはいなかった。","1","製造業","115","輸送用機械等製造業","11501","造船業","10~29","3","その他の装置等","39","その他の装置、設備","391","その他の装置、設備","5","崩壊、倒壊"
"461","2012","平成","24","1","14~15","被災者は訪問介護先の買物代行の際、横断歩道を渡ろうとしたところワゴン車に接触て転倒し、頭部を強打して脳挫傷を負い、救急搬送先の病院で死亡した。","13","保健・衛生業","1302","社会福祉施設","130201","社会福祉施設","50~99","2","物上げ装置、運搬機械","23","乗物","231","乗用車、バス、バイク","17","交通事故（道路）"
"462","2012","平成","24","1","5~6","被災者は配送先でトラック脇に倒れているところを発見され、救急搬送された病院で死亡が確認された。","4","運輸交通業","403","道路貨物運送業","40303","貨物軽自動車運送業","30~49","9","その他","92","起因物なし","921","起因物なし","90","その他"
"463","2012","平成","24","2","0~1","工事現場事務所に出張中、同現場事務所の会議席に着席したときに倒れ、救急搬送先の病院にて急性心筋梗塞により死亡した。被災者は高血圧等の所見があり、死亡直前に月約140時間の時間外労働を行っていた。","3","建設業","302","建築工事業","30201","鉄骨・鉄筋コンクリート造家屋建築工事業","50~99","9","その他","92","起因物なし","921","起因物なし","90","その他"
"464","2012","平成","24","3","18~19","被災者は前日の夕方から頭痛を訴え、翌日も頭痛が治まらないまま我慢して出勤した。帰宅途中駅で倒れ病院に救急搬送されたが、意識が戻らずクモ膜下出血により死亡した。","1","製造業","115","輸送用機械等製造業","11502","自動車・同付属品製造業","10~29","9","その他","92","起因物なし","921","起因物なし","90","その他"
"465","2012","平成","24","1","7~8","システムエンジニアであった被災者が、自宅マンションで墜落死しているのが発見された。被災者は、顧客対応等で直近1月の時間外労働が160時間を超過しいてたことから、心理的負荷により精神障害を発症し、自殺が行われたとして労災認定された。","12","教育・研究業","1201","教育・研究業","120102","ソフトウェア業","30~49","9","その他","92","起因物なし","921","起因物なし","90","その他"
"466","2012","平成","24","8","19~20","産廃炉定検工事において、被災者が工事写真撮影に出たまま戻らないため探したところ、燃焼ストーカー下のシュートで倒れているのが発見された。","3","建設業","303","その他の建設業","30309","その他の建設業－その他","100~299","9","その他","92","起因物なし","921","起因物なし","90","その他"
"467","2012","平成","24","12","15~16","木造建築物の新築工事現場において、クサビ緊結式足場と連結している作業構台(高さ約5m、幅5.4m×奥行き3.6m)の上に作業小屋を設置する作業中、作業小屋の屋根となる波板(幅0.83m×長さ4.12m、荷重約8キログラム)の取付け作業を行っていたところ、作業構台の外側に設置したブラケット部の作業床から高さ約6m下の地面に墜落した。","3","建設業","302","建築工事業","30202","木造家屋建築工事業","1~9","4","仮設物、建築物、構築物等","41","仮設物、建築物、構築物等","411","足場","1","墜落、転落"
"468","2012","平成","24","12","9~10","資材置場にて、単管骨組みのコンパネ掲示板を作成する作業を行っていた。一段目のコンパネを取り付け、さらにその上に二段目のコンパネを同様に取り付ける作業を行っていたところ、バランスを崩し転落した。なお、被災者は保護帽(飛来・落下物用、電気用)を着用していた。","3","建設業","302","建築工事業","30209","その他の建築工事業","1~9","3","その他の装置等","37","用具","371","はしご等","1","墜落、転落"
"469","2012","平成","24","12","3~4","被災者は新聞配達のため、原付きバイクを運転して市道の交差点を通過中、右側から走行してきた配送中のトラックと出逢い頭に衝突した。交差点には一灯式の信号機があり、トラック側が黄色の点滅、原付きバイク側が赤の点滅だった。","8","商業","802","小売業","80205","新聞販売業","10~29","2","物上げ装置、運搬機械","23","乗物","231","乗用車、バス、バイク","17","交通事故（道路）"
"470","2012","平成","24","11","8~9","被災者は、キノコの菌床を製造する工場において、攪拌機でトウモロコシ粉などの原材料を混合する作業を行っていた際、撹拌機の天端で袋詰めされた原材料を投入していたところ、誤って稼働している撹拌機内に転落し、粉状の原材料に埋もれた状態で発見された。救急搬送されたが、粉状の原材料に気道を塞がれ窒息死した。","1","製造業","101","食料品製造業","10109","その他の食料品製造業","50~99","1","動力機械","16","一般動力機械","162","混合機、粉砕機","1","墜落、転落"
"471","2012","平成","24","11","9~10","住宅の解体工事現場にて、つかみ機を使用して廃材をトラックの荷台に積み込み作業中、荷台に載せた廃材上(幅約30センチメートル)で廃材の位置直しを行っていた際、位置直しを行っていた廃材(縦23センチメートル×横23センチメートル×長さ453センチメートル)とともに約2m下の歩道面に墜落し、脳挫傷により死亡した。","3","建設業","302","建築工事業","30202","木造家屋建築工事業","1~9","2","物上げ装置、運搬機械","22","動力運搬機","221","トラック","1","墜落、転落"
"472","2012","平成","24","10","15~16","被災者は携帯用丸のこ盤を用いて長さ約1mの建築廃材の切断作業を行っていた際、当該丸のこ盤で自身の右大腿部を切傷し、出血多量で死亡した。","3","建設業","302","建築工事業","30209","その他の建築工事業","1~9","1","動力機械","13","木材加工用機械","131","丸のこ盤","8","切れ、こすれ"
"473","2012","平成","24","10","11~12","樋門築造築堤工事現場において、樋門のコンクリートの打設作業中、コンクリートミキサー車が現場から出ようと前進した直後、この前方で作業していた被災者がコンクリートミキサー車に全身を轢かれ、死亡した。","3","建設業","301","土木工事業","30107","河川土木工事業","10~29","2","物上げ装置、運搬機械","22","動力運搬機","221","トラック","7","はさまれ、巻き込まれ"
"474","2012","平成","24","9","11~12","既設建築物に簡易リフトを設置する工事において、昇降路の鉄骨等の組立が終了し、設置した鉄骨と床面のわずかな隙間をコンクリートで埋めるため、鉄板(幅約50ミリメートルの長尺物)を溶接により取り付けていたところ、2階開口部付近(作業床の端)において、溶接の補助者として鉄板の端を押さえていた被災者は、誤って約5m下のコンクリート上に墜落した。","3","建設業","303","その他の建設業","30309","その他の建設業－その他","1~9","4","仮設物、建築物、構築物等","41","仮設物、建築物、構築物等","414","開口部","1","墜落、転落"
"475","2012","平成","24","7","16~17","被災者は根株に機械集材装置の引戻索及びガイドブロック(案内滑車)を取り付けるため、引戻索にガイドブロックを取付けワイヤーロープで引き寄せたところ、急傾斜地のため足元がすくわれ宙づりになり、そのまま搬器方向に約50m滑走、ガイドブロックがD環に当たって止まり、その場で約15m下の地面に墜落した。","6","農林業","602","林業","60201","木材伐出業","1~9","2","物上げ装置、運搬機械","21","動力クレーン等","217","機械集材装置、運材索道","1","墜落、転落"
"476","2012","平成","24","7","14~15","2階階段室付近において、間柱の設置作業中、開口部(幅4.4m、奥行き0.8m)から約4m下のコンクリート上に墜落した。","3","建設業","302","建築工事業","30202","木造家屋建築工事業","1~9","4","仮設物、建築物、構築物等","41","仮設物、建築物、構築物等","414","開口部","1","墜落、転落"
"477","2012","平成","24","7","12~13","被災者は単独で倉庫内においてフォークリフトを運転中、保管中の袋物のはい(肥料袋60袋/1パレット、重さ1.2t/1パレット、パレット3段重ね)の最下段に接触したため、フォークリフトを降りて破れた袋をガムテープで補修するとともに、ほうきとちりとりでこぼれた中身の掃除をしていたところ、はいの中段と最上段が崩壊して下敷きとなった。","4","運輸交通業","403","道路貨物運送業","40301","一般貨物自動車運送業","1~9","6","荷","61","荷","611","荷姿の物","5","崩壊、倒壊"
"478","2012","平成","24","6","10~11","乗用草刈機で河川堤防の除草作業を行っていた被災者は、法面上で乗用草刈機の下敷きになっているところを発見された。","3","建設業","301","土木工事業","30107","河川土木工事業","10~29","1","動力機械","16","一般動力機械","169","その他の一般動力機械","7","はさまれ、巻き込まれ"
"479","2012","平成","24","6","10~11","ダンプトラックに積まれたコンクリートの入ったベッセルを地上に降ろそうとドラグショベル(クレーン仕様)で吊り上げ旋回していたところ、ドラグショベルが傾き、荷物もろとも約3m下の斜面に転落した。その際、被災者は運転席から投げ出され、アームに上半身を挟まれ死亡した。また、近くにいた別の作業員は、ドラグショベルを避けようとして約3m下に墜落した。","3","建設業","301","土木工事業","30106","道路建設工事業","10~29","1","動力機械","14","建設機械等","142","掘削用機械","1","墜落、転落"
"480","2012","平成","24","5","6~7","アルミ成型工場において、単独で早朝作業中であった被災者は、ダイカストマシンのアームに着衣の襟が巻き込まれ状態で倒れていたところを同僚に発見され、救急搬送先の病院で死亡した。","1","製造業","111","非鉄金属製造業","11102","非鉄金属鋳物業","10~29","1","動力機械","15","金属加工用機械","159","その他の金属加工用機械","7","はさまれ、巻き込まれ"
"481","2012","平成","24","5","10~11","高規格トンネル建設工事現場で、坑口から約1500m付近に設置されていたコントラファン等を点検するために複数の作業員が坑内に入場したところ、トンネル内部に充満していた可燃性ガスに引火し、爆発により全員が死亡した。また、坑外にいた別工事の土木作業員3名も爆発の飛散物等により負傷した。なお、当該トンネル工事は休工しており、被災日は工事再開に向けた準備を行っていた。","3","建設業","301","土木工事業","30102","トンネル建設工事業","1~9","5","物質、材料","51","危険物、有害物等","513","可燃性のガス","14","爆発"
"482","2012","平成","24","5","10~11","高規格トンネル建設工事現場で、坑口から約1500m付近に設置されていたコントラファン等を点検するために複数の作業員が坑内に入場したところ、トンネル内部に充満していた可燃性ガスに引火し、爆発により全員が死亡した。また、坑外にいた別工事の土木作業員4名も爆発の飛散物等により負傷した。なお、当該トンネル工事は休工しており、被災日は工事再開に向けた準備を行っていた。","3","建設業","301","土木工事業","30102","トンネル建設工事業","100~299","5","物質、材料","51","危険物、有害物等","513","可燃性のガス","14","爆発"
"483","2012","平成","24","4","9~10","被災者は会社に出勤した直後自席に着くなり突然転倒し、意識不明、心肺停止の状態となって救急搬送され、「くも膜下出血」と診断された。","8","商業","802","小売業","80209","その他の小売業","10~29","9","その他","92","起因物なし","921","起因物なし","90","その他"
"484","2012","平成","24","2","15~16","住宅2階屋根において作業者複数名で屋根の雪下ろし作業中、被災者はスノーダンプを使用して軒先部分の除雪をしていた際、スノーダンプもろとも約8m下の歩道上に墜落した。","3","建設業","302","建築工事業","30202","木造家屋建築工事業","1~9","4","仮設物、建築物、構築物等","41","仮設物、建築物、構築物等","415","屋根、はり、もや、けた、合掌","1","墜落、転落"
"485","2012","平成","24","2","11~12","被災者はロータリ除雪車を用いて道路除排雪作業を行っていた際、オーガの回転が止まったため修理を行い、オーガ近くで回転を確認していたところ、同除雪車の運転者が被災者の位置を確認することなくオーガの操作スイッチを押してオーガを回転させたため、回転したオーガに巻き込まれオーガと路面に挟まれた。","3","建設業","301","土木工事業","30199","その他の土木工事業","1~9","1","動力機械","14","建設機械等","149","その他の建設機械等","7","はさまれ、巻き込まれ"
"486","2012","平成","24","1","7~8","被災者は工場増設工事にて工事関係車両の交通誘導等の警備業務に従事していた。被災当日、業務開始直後、工事で区画された歩行者通路を歩いていたところ、凍結した路面で足元が滑り転倒、頭部を路面に強打し、救急搬送先の病院で死亡した。なお、被災当日の朝の最低気温は氷点下8度であった。","17","その他の事業","1702","その他の事業","170201","警備業","30~49","4","仮設物、建築物、構築物等","41","仮設物、建築物、構築物等","417","通路","2","転倒"
"487","2012","平成","24","8","9~10","被災者は立坑掘削工事に使用する仮設資材の移動作業を行っていたところ、当該仮設資材に隣接して設置されていたモルタルミキサー(高さ約2m)が被災者に向かって倒れ、被災者はコンクリート製の擁壁と倒れたミキサーとの間に頭部を挟まれ、脳脱により死亡した。","3","建設業","301","土木工事業","30199","その他の土木工事業","1~9","1","動力機械","16","一般動力機械","162","混合機、粉砕機","5","崩壊、倒壊"
"488","2012","平成","24","7","21~22","被災者は、被災前日から当事業場に派遣されていたが、被災当日、帰宅時に会社駐輪場でバイクの下敷きになって倒れているところを発見された。","1","製造業","112","金属製品製造業","11209","その他の金属製品製造業","50~99","7","環境等","71","環境等","715","高温・低温環境","11","高温・低温の物との接触"
"489","2012","平成","24","7","12~13","被災者は交通誘導を委託された舗装補修工事の路肩部で倒れ、救急搬送先の病院で死亡が確認された。","17","その他の事業","1702","その他の事業","170201","警備業","50~99","7","環境等","71","環境等","715","高温・低温環境","11","高温・低温の物との接触"
"490","2012","平成","24","6","5~6","国道で被災者のバイクと対向車線を走行する自動車が衝突し、被災者が死亡した。","8","商業","802","小売業","80205","新聞販売業","10~29","2","物上げ装置、運搬機械","23","乗物","231","乗用車、バス、バイク","17","交通事故（道路）"
"491","2012","平成","24","6","4~5","被災者は事業場構内において、貨物自動車をバックで荷受用プラットフォームに付けるにあたり、貨物自動車の後部がプラットフォームから約2m離れた地点で運転者より荷崩れを防ぐため荷を支えるよう依頼され、プラットフォームから降りて荷台に乗り込もうとしたところ、貨物自動車が突然バックを開始し、貨物自動車とプラットフォームとの間にはさまれた。","4","運輸交通業","403","道路貨物運送業","40301","一般貨物自動車運送業","100~299","2","物上げ装置、運搬機械","22","動力運搬機","221","トラック","6","激突され"
"492","2012","平成","24","5","8~9","住宅増改築工事において、移動式クレーンを用いて生コンを入れたコンクリートバケットを吊り上げ、基礎打設作業を行っていたところ、移動式クレーンを設置した地盤が崩壊し移動式クレーンが倒れ、移動式クレーンのジブが基礎作業を行っていた被災者の背面に激突した。","3","建設業","302","建築工事業","30202","木造家屋建築工事業","1~9","2","物上げ装置、運搬機械","21","動力クレーン等","212","移動式クレーン","6","激突され"
"493","2012","平成","24","4","9~10","被災者は支管入替工事で発生したアスファルト舗装殻をトラックで産業廃棄物処理を行う事業場に運搬していたところ、前方にて右折待ちをしていた10tトラックに追突し、下半身を挟まれ、出血多量により死亡した。","3","建設業","301","土木工事業","30199","その他の土木工事業","1~9","2","物上げ装置、運搬機械","22","動力運搬機","221","トラック","17","交通事故（道路）"
"494","2012","平成","24","4","11~12","被災者は倉庫において、天井クレーンを用いてアルミ棒材を載せたパレットの積み替え作業を行うためクレーンを巻き上げたところ、5段積パレット(長さ3m、幅0.46m、高さ1.58m、重量1.6t)の最下層に設けられた4箇所のフックのうち、1箇所のつり具が外れていなかったため、当該パレットが被災者側に倒れ、被災者の胴体が当該パレットと建物の柱との間に挟まれた。","1","製造業","111","非鉄金属製造業","11101","非鉄金属精錬・圧延業","100~299","2","物上げ装置、運搬機械","21","動力クレーン等","211","クレーン","5","崩壊、倒壊"
"495","2012","平成","24","3","16~17","タクシー乗務員である被災者が客を乗せ走行を開始したところ、客が準備していた小刀で首を刺され死亡した。","4","運輸交通業","402","道路旅客運送業","40201","ハイヤー・タクシー業","100~299","9","その他","99","分類不能","999","分類不能","99","分類不能"
"496","2012","平成","24","3","19~20","被災者はアルミ製品を洗浄する水槽(深さ約7m)の底に落ちたホースの部品を取るため、縄ばしごを使用して降りる途中、縄ばしごの先端のフックを取り付けていた枠受け台の溶接部分が破断し、縄ばしごとともに約5m下の地面に墜落した。","1","製造業","112","金属製品製造業","11209","その他の金属製品製造業","100~299","3","その他の装置等","37","用具","371","はしご等","1","墜落、転落"
"497","2012","平成","24","12","14~15","立坑内で土止め支保工のうち、地上から約7m下にある4段目の腹起し(上下2本組のH鋼、一本当り長さ約8m、重さ約1t)を作業員3人で解体中、その2本組の腹起しが動いて玉掛作業のため待機していた被災者に激突した。腹起しは、元々、ブラケット上で、グランドアンカ-により両端と中央の3点を固定していたが、解体のため既に片端と中央を溶断し残り1つの状態となっていた。","3","建設業","301","土木工事業","30199","その他の土木工事業","10~29","4","仮設物、建築物、構築物等","41","仮設物、建築物、構築物等","412","支保工","6","激突され"
"498","2012","平成","24","11","0~1","運転代行業務において、随伴用自動車を月極駐車場に駐車した私用車と入替えようとした際、私用車を一旦前進させて停めて降りたところ、私用車が無人状態のまま逸走(後退)し轢かれた。なお、エンジンがかかったままでギアは後進に入っていた。","17","その他の事業","1702","その他の事業","170209","その他の事業－その他","1~9","2","物上げ装置、運搬機械","23","乗物","231","乗用車、バス、バイク","17","交通事故（道路）"
"499","2012","平成","24","10","14~15","人荷用エレベーターの扉が開き乗ろうとした際、搬器が急に上昇したため、高くなった搬器の床につまずき転倒、上半身が搬器内にある状態でそのまま上昇し、搬器の床と入口の上枠との間にはさまれた。","15","清掃・と畜業","1501","清掃・と畜業","150101","ビルメンテナンス業","300~499","2","物上げ装置、運搬機械","21","動力クレーン等","214","エレベータ、リフト","7","はさまれ、巻き込まれ"
"500","2012","平成","24","10","13~14","木造瓦葺2階建ての新築工事現場において、2階床面で筋交いプレートの取付作業に従事していた被災者は、高さが約3mの2階床面の開口部から1階土間へ墜落して頭部を強打し、頸髄損傷のため救急搬送先の病院で死亡した。","3","建設業","302","建築工事業","30202","木造家屋建築工事業","1~9","4","仮設物、建築物、構築物等","41","仮設物、建築物、構築物等","414","開口部","1","墜落、転落"
"501","2012","平成","24","10","18~19","ダムへの乗り入れ道路である県道の打換工事現場において、被災者を含む作業員3名が、車両の退避場所で、自動車のヘッドライトで照らしながら、約10m四方のブルーシートを折りたたんで片付ける作業を行っていたところ、被災者は退避場所の端の崖から、約60m下の沢に転落した。","3","建設業","301","土木工事業","30106","道路建設工事業","10~29","7","環境等","71","環境等","711","地山、岩石","1","墜落、転落"
"502","2012","平成","24","9","15~16","光ケーブル引き込み作業において、約8度の傾斜の道路で登り方向に対し前進で高所作業車を配置した。サイドブレーキを引き、全輪に車止めをし、高所作業車の後部の操作盤により後方のアウトリガーを張り出していたところ、後部車輪が浮いた瞬間に高所作業車が後方へ滑り出した。アウトリガーを操作するも止まらず、はさまれる間際まで退避しなかった被災者は、高所作業車と後方の電柱との間に挟まれた。","3","建設業","303","その他の建設業","30301","電気通信工事業","50~99","1","動力機械","14","建設機械等","146","高所作業車","7","はさまれ、巻き込まれ"
"503","2012","平成","24","9","22~23","被災者2名が乗った代行運転の軽自動車が、客を送迎した後事務所へ戻る途中、片側2車線の国道と片側2車線の県道が交差する信号機がある交差点において、国道を走行していた乗用車と、県道を走行していた被災者が運転する軽自動車が出合い頭に衝突した。助手席にいた被災者は出血性ショックのため死亡し、運転していた被災者も、大動脈損傷で死亡した。","17","その他の事業","1702","その他の事業","170209","その他の事業－その他","10~29","2","物上げ装置、運搬機械","23","乗物","231","乗用車、バス、バイク","17","交通事故（道路）"
"504","2012","平成","24","9","22~23","被災者2名が乗った代行運転の軽自動車が、客を送迎した後事務所へ戻る途中、片側2車線の国道と片側3車線の県道が交差する信号機がある交差点において、国道を走行していた乗用車と、県道を走行していた被災者が運転する軽自動車が出合い頭に衝突した。助手席にいた被災者は出血性ショックのため死亡し、運転していた被災者も、大動脈損傷で死亡した。","17","その他の事業","1702","その他の事業","170209","その他の事業－その他","10~29","2","物上げ装置、運搬機械","23","乗物","231","乗用車、バス、バイク","17","交通事故（道路）"
"505","2012","平成","24","6","4~5","被災者は自転車で朝刊配達中、小路から出た県道上において、進行中の加害車両(軽乗用車)に轢かれ、脳挫傷により死亡した。","8","商業","802","小売業","80205","新聞販売業","1~9","2","物上げ装置、運搬機械","23","乗物","231","乗用車、バス、バイク","17","交通事故（道路）"
"506","2012","平成","24","3","11~12","被災者はエンジンがついていないゴムボートに単独で乗って、流量観測業務を行っていたところ、誤って川に墜落し、溺死した。","17","その他の事業","1702","その他の事業","170209","その他の事業－その他","1~9","7","環境等","71","環境等","713","水","10","おぼれ"
"507","2012","平成","24","1","13~14","木製型枠を積載型トラッククレーンの荷台に積んで、資材置場に向かって県道走行中、積み荷が崩れそうになったため、被災者は路肩にトラックを止め、三段ある積み荷の最上層をクレーンで吊ったところ、二段目の型枠の束(長さ4m×幅25センチメートルの木製型枠が約20束、重さ約200キログラム)が荷崩れし、その下敷きとなり死亡した。","3","建設業","302","建築工事業","30201","鉄骨・鉄筋コンクリート造家屋建築工事業","10~29","2","物上げ装置、運搬機械","21","動力クレーン等","212","移動式クレーン","4","飛来、落下"
"508","2012","平成","24","8","17~18","室内の定期清掃業務において、被災者は男性トイレの床のワックスがけ前の準備作業として、トイレの床を業務用掃除機で除塵作業を行っていた際、当該トイレ内で倒れているところを同僚に発見され、救急搬送先の病院で死亡した。","15","清掃・と畜業","1501","清掃・と畜業","150101","ビルメンテナンス業","300~499","7","環境等","71","環境等","714","異常環境等","11","高温・低温の物との接触"
"509","2012","平成","24","11","15~16","被災者は可搬式作業台(高さ約2m)の上で中腰の状態で電線管に墨付けを行い、可搬式作業台の上でしゃがんで右に体をひねるようにして、横で控えていた作業員に墨付けをした電線管を手渡した後、バランスを崩し当該可搬式作業台から転落した。","3","建設業","303","その他の建設業","30301","電気通信工事業","10~29","4","仮設物、建築物、構築物等","41","仮設物、建築物、構築物等","419","その他の仮設物、建築物、構築物等","1","墜落、転落"
"510","2012","平成","24","11","11~12","被災者はホールディングタンク内に入っている牛乳の液面の高さを確認するために、液面に発生している泡を取り除こうと踏み台に乗り、タンク内に身を乗り出して金網で泡をすくい取っていたところ、体のバランスを崩し、タンク内に転落して全身に火傷を負った。","1","製造業","101","食料品製造業","10101","肉製品、乳製品製造業","30~49","3","その他の装置等","39","その他の装置、設備","391","その他の装置、設備","11","高温・低温の物との接触"
"511","2012","平成","24","9","13~14","被災者は商品を配送するため、自動車を運転し国道を北進していたところ、対向車線を南進し同交差点を右折してきた軽自動車と衝突、そのはずみで被災者の車の運転席側面が信号機柱に衝突し、内臓破裂により死亡した。","8","商業","801","卸売業","80109","その他の卸売業","1~9","2","物上げ装置、運搬機械","23","乗物","231","乗用車、バス、バイク","17","交通事故（道路）"
"512","2012","平成","24","8","9~10","樹高約25m、胸高直径約50センチメートルの杉の木を伐採するため、当該立木と災害当日最初の伐採した立木とにワイヤロープをかけ、「つる」を残した状態の当該立木をチルホールで引っ張って倒していたところ、退避が遅れ、伐採した立木に激突され死亡した。","6","農林業","602","林業","60201","木材伐出業","1~9","7","環境等","71","環境等","712","立木等","6","激突され"
"513","2012","平成","24","7","10~11","土止め支保工の設置(切り梁撤去のための、一部切り梁の盛り替え工事)のため、腹おこしの上に乗って、ハンマー(約5キログラム)で切り梁と腹おこしを繋ぐ部分を叩いて締めていたところ、ハンマーを空振り、腹おこしから約6m下の川(水深は膝以下)に墜落し死亡した。","3","建設業","301","土木工事業","30107","河川土木工事業","10~29","4","仮設物、建築物、構築物等","41","仮設物、建築物、構築物等","412","支保工","1","墜落、転落"
"514","2012","平成","24","3","12~13","被災者は軽ワゴン車を運転していたところ、反対車線を走行していたトラックが車線をはみ出して来たため正面衝突となり、外傷性ショック(脳挫傷、肺挫傷)により死亡した。","17","その他の事業","1702","その他の事業","170209","その他の事業－その他","1~9","2","物上げ装置、運搬機械","22","動力運搬機","221","トラック","17","交通事故（道路）"
"515","2012","平成","24","1","14~15","被災者はコンベヤー上に残った木材を排出するため、コンベヤーとコンベヤーの間(約30センチメートル)に入って作業をしていたところ、被災者の後方のコンベヤーが稼働し、被災者の体が当該コンベヤー上にあった木材(4.90m×1.16m×0.68m、約2t)と被災者の前方のコンベヤーのローラーとの間に挟まれた。","1","製造業","104","木材・木製品製造業","10401","製材業","100~299","2","物上げ装置、運搬機械","22","動力運搬機","224","コンベア","7","はさまれ、巻き込まれ"
"516","2012","平成","24","1","16~17","被災者はフォークリフトを使用して事業場の除雪を行っていた(除雪した雪は、駐車場と道路の間にある用水路に捨てていた)ところ、右前輪が傾き運転席から放り出され、その上にフォークリフトが倒れてきて、頭部がフォークリフトの下敷きとなり死亡した。","3","建設業","303","その他の建設業","30301","電気通信工事業","30~49","2","物上げ装置、運搬機械","22","動力運搬機","222","フォークリフト","2","転倒"
"517","2012","平成","24","11","8~9","被災者は造園用三脚を使って庭木の剪定作業を行っていたところ、バランスを崩して約4m付近から地上に墜落し、庭石に腹部を強打した。","6","農林業","601","農業","60101","農業","10~29","3","その他の装置等","37","用具","371","はしご等","1","墜落、転落"
"518","2012","平成","24","10","7~8","2tトラックに運転手及び2名の労働者が同乗し建設工事現場に向かう途中、高速道路出口付近で前方を走行していた大型トレーラーを追い越そうとしたところ、トレーラー最後尾右側と運転していた2tトラックの左前方が接触した後、2tトラックはトンネル左側壁に衝突し、同乗者が全身打撲により死亡した。","3","建設業","302","建築工事業","30209","その他の建築工事業","1~9","2","物上げ装置、運搬機械","22","動力運搬機","221","トラック","17","交通事故（道路）"
"519","2012","平成","24","10","14~15","被災者は狭い道路を原動機付自転車で進行し、主要道路との信号機のない交差点で右折したところ、右側から主要道路を直進してき自動二輪車と衝突し、重症頭部外傷により死亡した。","11","通信業","1101","通信業","110101","通信業","100~299","2","物上げ装置、運搬機械","23","乗物","231","乗用車、バス、バイク","17","交通事故（道路）"
"520","2012","平成","24","9","15~16","低圧(100V)及び高圧(6、600V)電線を被覆している樹木等の擦れによる損傷防止用のプロテクターを付け替える作業を行っていたところ、誤って高圧電線に右手が触れて感電死した。なお、被災者は低圧用保護手袋を着用しており、高圧用保護手袋はズボンのポケットに入っていた。","3","建設業","303","その他の建設業","30301","電気通信工事業","1~9","3","その他の装置等","35","電気設備","351","送配電線等","13","感電"
"521","2012","平成","24","9","0~1","国道で被災者の運転していた大型トレーラが左カーブでセンターラインをはみ出し、対向してきた中型トラックに衝突した。","4","運輸交通業","403","道路貨物運送業","40301","一般貨物自動車運送業","10~29","2","物上げ装置、運搬機械","22","動力運搬機","221","トラック","17","交通事故（道路）"
"522","2012","平成","24","8","12~13","鉄筋コンクリート造家屋建築工事現場で、地下ピットに溜まった水を排水ポンプで抜く作業を行っていた被災者は、ピット内に入り、酸素欠乏症により死亡した。また、死亡した被災者を救出するため、ピット内に入った現場代理人も意識を失ってピット内で倒れたが、救急隊によって救出され、搬送先の病院で治療を受けた。災害が発生したピットに隣接するピットの酸素濃度を測定したところ、酸素濃度は0.2%であった。","3","建設業","302","建築工事業","30209","その他の建築工事業","10~29","7","環境等","71","環境等","714","異常環境等","12","有害物等との接触"
"523","2012","平成","24","4","11~12","災害発生日前日に現場代理人と一般作業員の2名で伐木作業を行っていたところ、伐倒したアカマツがクリの立木にかかり木となったが、放置したまま当日の作業を終了した。翌災害発生日は、前日の2名と被災者の計3名で、前日の続きの伐木作業を行っていたところ、被災者がかかられた木を伐木したことにより、被災者の頭部がかかり木と伐木した立木の切り株の間に挟まれ、死亡した。","6","農林業","602","林業","60201","木材伐出業","10~29","7","環境等","71","環境等","712","立木等","6","激突され"
"524","2012","平成","24","12","8~9","移動式クレーン(つり上げ荷重25t)を用いて材木の束(プレカットされた集成材28本、重さ約700キログラム)を床上に搬入する作業を行っていたところ、材木の束ををつり上げていたベルトスリングが横方向に移動し、材木の束の片方が床面に落下し、その反動で材木の束が飛び跳ねた。この飛び跳ねた材木の束が、台木を置く作業をしていた被災者の頭部に激突した。","3","建設業","302","建築工事業","30202","木造家屋建築工事業","1~9","3","その他の装置等","37","用具","372","玉掛用具","6","激突され"
"525","2012","平成","24","11","11~12","被災者は山林にて、立木を獣害から防護するための薬剤塗布の作業を終え、林道に停車している車まで帰る下山途中に、急峻な斜面から約40m下にある沢の河原まで滑落して意識不明となり、救急搬送された病院で死亡した。","6","農林業","602","林業","60209","その他の林業","10~29","4","仮設物、建築物、構築物等","41","仮設物、建築物、構築物等","417","通路","1","墜落、転落"
"526","2012","平成","24","11","15~16","道路改良工事現場において、チェーンソーを使用し支障木の伐倒作業を行っていた被災者は、伐倒木(ナラ、胸高直径36センチメートル、伐根直径41センチメートル、樹高約14m、樹齢40~45年)の下敷きとなっているところを当該工事の現場代理人により発見された。","3","建設業","301","土木工事業","30106","道路建設工事業","10~29","7","環境等","71","環境等","712","立木等","6","激突され"
"527","2012","平成","24","9","17~18","被災者は事業場の機械室隣の廃水処理室でペットボトルの弗化水素酸を誤飲し、退社後事業場から自宅に車で戻ったが、体調が急変した。最寄りの病院に行ったが中毒症状が出ていたため総合病院に救急搬送され、急性弗化水素酸中毒により死亡した。","1","製造業","108","化学工業","10803","医薬品製造業","10~29","5","物質、材料","51","危険物、有害物等","514","有害物","12","有害物等との接触"
"528","2012","平成","24","9","8~9","豪雨により崩壊した林道の復旧工事現場において、足場の解体材を移動式クレーン(積載型トラッククレーン、つり上げ荷重2.9t)を用いて積み込んだ後に発生した災害。被災者は当該クレーンを移動させようと、アウトリガーを十数センチ程度引き上げたところ、当該クレーンが後退したことにより、アウトリガーと鋼製擁壁との間にはさまれた。","3","建設業","301","土木工事業","30199","その他の土木工事業","100~299","2","物上げ装置、運搬機械","21","動力クレーン等","212","移動式クレーン","7","はさまれ、巻き込まれ"
"529","2012","平成","24","9","10~11","被災者は学校のグラウンドに生えている桜の木の枝を剪定する作業を行っていた際、三脚脚立に上り、チェーンソーを用いて枝を剪定したところバランスを崩し、高さ約3mの位置から地上に墜落した。","12","教育・研究業","1201","教育・研究業","120109","その他の教育研究業","10~29","3","その他の装置等","37","用具","371","はしご等","1","墜落、転落"
"530","2012","平成","24","7","16~17","被災者は刈払機を使用し単独で土手における草刈り作業を行っていたところ、土手の端の石垣(高さ約1m強)から転落し、頭を負傷した。発見時、被災者は会話ができる状態であったが、その後搬送された病院にて容態が悪化し、死亡した。","14","接客娯楽業","1403","その他の接客娯楽業","140309","その他の接客娯楽業－その他","10~29","4","仮設物、建築物、構築物等","41","仮設物、建築物、構築物等","418","建築物、構築物","1","墜落、転落"
"531","2012","平成","24","6","11~12","重機(ドラグ・ショベル)を積載したトレーラーで、山中の公道を走行中、迂回路から市道へ戻る合流地点で切り返しをしている際、道路脇斜面から落石があり、運転席部分の屋根を直撃し被災した。直撃した落石は、約60センチメートル×約40センチメートル×約30センチメートルである。被災者は、レスキュー隊により救出されたが、救急搬送前に死亡が確認された。","3","建設業","301","土木工事業","30106","道路建設工事業","30~49","7","環境等","71","環境等","711","地山、岩石","5","崩壊、倒壊"
"532","2012","平成","24","3","11~12","砕石工場において、被災者はベルトコンベヤーの調整作業に従事していた。コンベヤーに付属している作業床上(地面からの高さ約10m)において、砕石等の落下防止用のスカートゴム板(長さ2.43m×幅0.22m)を取り付ける作業を行っていたところ、バランスを崩し開口部分より地面へ墜落し、脳挫傷により死亡した。","1","製造業","113","一般機械器具製造業","11301","機械（精密機械を除く）器具製造業","1~9","4","仮設物、建築物、構築物等","41","仮設物、建築物、構築物等","416","作業床、歩み板","1","墜落、転落"
"533","2012","平成","24","2","14~15","解体工事において、木造平屋の住宅屋根上で作業していた被災者を隣接する同じく木造平屋の住宅屋根上(屋根最上部の棟高約4m)に移動させるために、パワーショベルのバケット(ドラグショベルのバケット逆取付)に搭乗させたところ、労働者がバケットから屋根に完全に乗り移らないうちにバケットを逆方向に旋回させてしまったため、被災者は約4m下の地面に墜落し、死亡した。","3","建設業","302","建築工事業","30209","その他の建築工事業","1~9","1","動力機械","14","建設機械等","142","掘削用機械","1","墜落、転落"
"534","2012","平成","24","1","11~12","予備電源室において、電気設備の点検作業を行っていた被災者は、引込盤内底面に落ちていたネズミの死骸を掃除機を使用して吸い込もうとしたところ、右手が導帯(高圧活線)に触れてしまい感電して死亡した。なお、被災者が触れた引込盤の下部の高圧活線は、絶縁被覆がなされずむき出しの状態で、交流6600ボルトの電圧がかかっていた。","17","その他の事業","1702","その他の事業","170209","その他の事業－その他","50~99","3","その他の装置等","35","電気設備","352","電力設備","13","感電"
"535","2012","平成","24","1","10~11","流雪溝(雪を流水を利用して流下させ、排雪するための設備。幅80センチメートル、深さ65センチメートル、水深20センチメートル、水温3°C)の上部を覆った雪を取り除く作業において、スノーダンプを用いて雪を削り取るようにして流雪溝に落としていたところ、誤って、当該流雪溝に転落し、約70m流された。","3","建設業","303","その他の建設業","30309","その他の建設業－その他","10~29","4","仮設物、建築物、構築物等","41","仮設物、建築物、構築物等","418","建築物、構築物","10","おぼれ"
"536","2012","平成","24","1","6~7","事業場から建設工事現場に向かうため、国道を軽トラックで走行中、対向車線を越え、進行方向右側の電柱に激突した。","3","建設業","301","土木工事業","30199","その他の土木工事業","30~49","2","物上げ装置、運搬機械","22","動力運搬機","221","トラック","17","交通事故（道路）"
"537","2012","平成","24","12","16~17","被災者は工場の壁面の隙間を埋める作業を単独で行っていた際、壁面の前に置いてあった野菜を茹でる機械をフォークリフトで持ち上げ、その下で作業を行っていたところ当該機械が突然落下し、被災者に激突した。","1","製造業","101","食料品製造業","10103","農業保存食料品製造業","50~99","2","物上げ装置、運搬機械","22","動力運搬機","222","フォークリフト","4","飛来、落下"
"538","2012","平成","24","12","9~10","信号のない見通しの良い交差点で、被災者が運転する軽自動車が北進していたところ、東進してきたトラックと出合い頭に衝突した。被災者は頭などを強打しており、救急搬送先の病院で死亡した。","13","保健・衛生業","1302","社会福祉施設","130201","社会福祉施設","10~29","2","物上げ装置、運搬機械","23","乗物","231","乗用車、バス、バイク","17","交通事故（道路）"
"539","2012","平成","24","12","17~18","被災者が4tトラックで荷を運搬中、下り坂のゆるやかな左カーブを曲がりきれずに右側壁に激突し、そのはずみで対向車線を走行してきた乗用車に衝突して横転し、ガードレールを突き破り停止した。","4","運輸交通業","403","道路貨物運送業","40301","一般貨物自動車運送業","1~9","2","物上げ装置、運搬機械","22","動力運搬機","221","トラック","17","交通事故（道路）"
"540","2012","平成","24","11","9~10","被災者はスタッカークレーン(自動倉庫)の2階部分のラックがある床の清掃作業を行うため、モップを持って移動していた際、約10m下のクレーンの走行レール部に墜落し、死亡した。","1","製造業","108","化学工業","10803","医薬品製造業","300~499","4","仮設物、建築物、構築物等","41","仮設物、建築物、構築物等","414","開口部","1","墜落、転落"
"541","2012","平成","24","11","13~14","被災者は0.1立方メートルのバケットを装着したドラグショベルで、バケットや排土板を使用して散策路の路面を均す作業を行っていたところ、勾配18度の斜面(幅員約3m)において約10m下にドラグショベルごと転落した。","3","建設業","301","土木工事業","30199","その他の土木工事業","10~29","1","動力機械","14","建設機械等","142","掘削用機械","1","墜落、転落"
"542","2012","平成","24","11","12~13","トラック荷台から重量約1tのフレキシブルコンテナ(フレコン)をフォークリフトで吊り、4段積まれているパレット上に載せたところ、フレコンが建物にもたれかかるように傾いた。これを直そうとフレコンの吊り具にロープを通しフォークリフトの左フォークに掛け、上げたところフォークリフトが左側に転倒し、作業を補助していた被災者(トラックの運転者)が下敷きになった。","4","運輸交通業","403","道路貨物運送業","40301","一般貨物自動車運送業","10~29","2","物上げ装置、運搬機械","22","動力運搬機","222","フォークリフト","2","転倒"
"543","2012","平成","24","11","10~11","建物の3階で固定されている窓ガラスの拭き掃除作業を行っていた被災者は、誤って約10m下の構内通路上に墜落した。災害発生当時、窓ガラスの周囲に足場はなく、被災者は安全帯を装着していなかった。また、保護帽は被っていたものの飛来落下災害防止用であった。","15","清掃・と畜業","1501","清掃・と畜業","150101","ビルメンテナンス業","30~49","4","仮設物、建築物、構築物等","41","仮設物、建築物、構築物等","418","建築物、構築物","1","墜落、転落"
"544","2012","平成","24","10","7~8","出勤した従業員が、事業場の建屋入り口付近のアスファルト上で仰向けに倒れている被災者を発見した。被災者が強い腰の痛みを訴えたため救急を要請したが、骨盤骨折に起因する動脈破裂により、搬送先の病院で死亡した。なお、被災者はフォークリフトの運転を誤り、後方の柱との間に体が挟まれた。","1","製造業","117","その他の製造業","11709","その他の製造業－その他","1~9","2","物上げ装置、運搬機械","22","動力運搬機","222","フォークリフト","7","はさまれ、巻き込まれ"
"545","2012","平成","24","10","17~18","飼料畑にて、被災者はトラクターショベルで堆肥をならす作業をしていたところ、当該敷地に隣接し約2m下にある畑に重機ごと転落し、重機に挟まれ骨盤等の複雑骨折により死亡した。","7","畜産・水産業","701","畜産業","70101","畜産業","1~9","1","動力機械","14","建設機械等","141","整地・運搬・積込み用機械","1","墜落、転落"
"546","2012","平成","24","8","6~7","作業員4名が普通乗用車に同乗し、建設現場に向かって高速道路を走行中、道路上に落ちていたビニールシートを避けようと、運転手がハンドルを左に切ったところ、乗用車が道路左側のガードレールに衝突し、そのはずみで中央分離帯に激突し、後部座席に乗っていた2名が車外に放り出され、うち1名が死亡した。","3","建設業","303","その他の建設業","30309","その他の建設業－その他","1~9","2","物上げ装置、運搬機械","23","乗物","231","乗用車、バス、バイク","17","交通事故（道路）"
"547","2012","平成","24","8","3~4","被災者は軽ワゴン車を運転し、新聞を新聞販売店へ配達するため直線道路を西進していたところ、対向車線を東進してきた軽自動車がセンターラインをはみ出してきて、正面衝突した。","8","商業","802","小売業","80205","新聞販売業","50~99","2","物上げ装置、運搬機械","23","乗物","231","乗用車、バス、バイク","17","交通事故（道路）"
"548","2012","平成","24","7","18~19","圧縮した廃棄物(一辺が約1mの立方体、重量約1t、「ブロック」と称する)の積込み作業中、クランプリフト(最大荷重2t)で挟んだブロックを高さ約3mまで揚げた状態でクランプリフトを右旋回したところ、クランプリフトが横転し、クランプリフトのヘッドガードと地面の間に体がはさまれた(クランプリフト:フォークリフトのフォークをクランプに換装した車両で、積荷を挟んで荷役を行う)。","15","清掃・と畜業","1501","清掃・と畜業","150103","その他の廃棄物処理業","100~299","2","物上げ装置、運搬機械","22","動力運搬機","222","フォークリフト","2","転倒"
"549","2012","平成","24","6","15~16","被災者がピッキングフォークリフトを用いて入荷した製品(反物、約14キログラム)の棚入れ作業に従事していたところ、高さ約2mの位置から製品とともに墜落した。なお、当該フォークリフトは運転者席が昇降するタイプのものであるが、運転者席に手すり等は設けられていなかった。","8","商業","804","その他の商業","80401","倉庫業","10~29","2","物上げ装置、運搬機械","22","動力運搬機","222","フォークリフト","1","墜落、転落"
"550","2012","平成","24","4","5~6","被災者は本社で点呼を受けた後、11tトラックに建築材料を積み込み、配送先へ向かうため国道を走行していたところセンターラインを越え、大型トラックに正面衝突した。","4","運輸交通業","403","道路貨物運送業","40301","一般貨物自動車運送業","30~49","2","物上げ装置、運搬機械","22","動力運搬機","221","トラック","17","交通事故（道路）"
"551","2012","平成","24","1","15~16","被災者は路側帯に停車させたトラックから降車していた時、反対方向から中央線を越えて走行してきた軽自動車に跳ねられた。","4","運輸交通業","403","道路貨物運送業","40301","一般貨物自動車運送業","10~29","2","物上げ装置、運搬機械","23","乗物","231","乗用車、バス、バイク","17","交通事故（道路）"
"552","2012","平成","24","1","14~15","被災者は事業場内の実験棟において、電撃破砕薬の開発のため、アルミニウム粉と過酸化カルシウム粉の混合作業を行っていたところ爆発が発生し、全身の40%以上に熱傷を負ったもの。なお、電撃破砕薬とは、アルミニウムと過酸化カルシウムに電撃を加えることによりテルミット反応を発生させ、その時発生する熱により樹脂を気化させ爆発させるもので、岩盤の破砕等に用いられる。","1","製造業","109","窯業土石製品製造業","10909","その他の土石製品製造業","100~299","5","物質、材料","51","危険物、有害物等","511","爆発性の物等","14","爆発"
"553","2012","平成","24","1","4~5","被災者は原付スクーターに乗って朝刊配達中、信号のある交差点で左方向から走行してきた乗用車と出会い頭に衝突した。交差点の見通しは比較的良く、災害発生時の信号表示は、被災者側が「赤点滅」乗用車側が「黄点滅」であった。当日の天候は晴れていた。","8","商業","802","小売業","80205","新聞販売業","30~49","2","物上げ装置、運搬機械","23","乗物","231","乗用車、バス、バイク","17","交通事故（道路）"
"554","2012","平成","24","6","15~16","倉庫の棟部に設けられた排煙用の開口部の木製ガラリ(羽板)を取り除き、FRP製の波板を取り付ける鉄骨の下地を既存の鉄骨に溶接するため、被災者は当該倉庫のスレート葺き屋根に上って作業していたところ、スレートを踏み抜き、約7m下へ墜落した。","3","建設業","302","建築工事業","30201","鉄骨・鉄筋コンクリート造家屋建築工事業","1~9","4","仮設物、建築物、構築物等","41","仮設物、建築物、構築物等","415","屋根、はり、もや、けた、合掌","1","墜落、転落"
"555","2012","平成","24","11","2~3","国道の道路修繕工事現場に軽自動車が突っ込み、現場にいた被災者(警備員)と下請の代表者の2名が死亡し、現場監督員が重傷を負った。現場は片側3車線の見通しの良い直線道路で、当時は中央分離帯側の1車線を塞いで舗装工事を行っていたが、軽自動車の運転手からは、基準を上回るアルコールが検出された。","17","その他の事業","1702","その他の事業","170201","警備業","50~99","2","物上げ装置、運搬機械","23","乗物","231","乗用車、バス、バイク","17","交通事故（道路）"
"556","2012","平成","24","11","5~6","被災者はバイクに乗って勤務先に向かう途中、側道からT字路を右折しようとした際、左から被災者側の側道に右折してきたタンクローリーが通り過ぎた後にバイクを発進させたところ、道路右側から走行してきた軽自動車に衝突した。なお、当該T字路は信号機が設置されていて、事故時は被災者側が赤の点滅信号、道路側は黄色の点滅信号だった。","17","その他の事業","1702","その他の事業","170201","警備業","50~99","2","物上げ装置、運搬機械","23","乗物","231","乗用車、バス、バイク","17","交通事故（道路）"
"557","2012","平成","24","11","10~11","立木の伐採作業中に、伐倒された樹木が当初予定していた抜倒方向を逸れ、伐倒木の枝払い、玉切り作業を行っていた被災者に激突した。なお、被災者は、被災直後は意識があり話すことも出来たが、救急搬送後の外傷性ショックにより死亡した。","3","建設業","301","土木工事業","30106","道路建設工事業","1~9","7","環境等","71","環境等","712","立木等","6","激突され"
"558","2012","平成","24","10","11~12","2階建住宅の屋根張替工事現場において、屋根等を外し、新しい屋根の下地を作成していた。被災者は住宅の南東側の破風板の上部に取付ける板を釘止めする前に、釘を打込む箇所を側面より確認すべく、住宅の外周に設けられた一側足場の3層目の手すりの上に両足で乗り、当該個所で屈みながら、足場の外周に設けられていたネットに寄りかかるようにして確認していたところ、固定していたネットの紐が切れ、約6m下に落下した。","3","建設業","302","建築工事業","30209","その他の建築工事業","10~29","4","仮設物、建築物、構築物等","41","仮設物、建築物、構築物等","411","足場","1","墜落、転落"
"559","2012","平成","24","10","14~15","川の土砂の堆積具合を、被災者を含め3名で右岸と左岸に分かれて測量中、別の場所まで船外機付きゴムボートに乗り移動していたところ、左岸側の岸から出ていた長さ約10mほどの倒木(直径約40センチメートル)の枝に、当該ゴムボートが当たり、その反動で被災者のみが川へ投げ出され下流へ流された。被災者は、数日後に約4キロメートル下流で遺体で発見され、紐を引くと膨らむタイプのライフジャケットを着用していた。","17","その他の事業","1702","その他の事業","170209","その他の事業－その他","1~9","2","物上げ装置、運搬機械","23","乗物","239","その他の乗物","10","おぼれ"
"560","2012","平成","24","10","9~10","被災者は堤防先端にある灯台の塗り替え工事にかかる足場の見積りのため現場確認を行い、戻るために堤防上を移動中、高波に浚われて海中に転落、数日後に遺体で発見された。","17","その他の事業","1702","その他の事業","170209","その他の事業－その他","1~9","7","環境等","71","環境等","713","水","10","おぼれ"
"561","2012","平成","24","10","3~4","母親のアジア象が出産した仔象を攻撃していたため、被災者を含めた3名の飼育員が母親象の檻の中に入り、母親象と仔象を引き離そうとしていたところ、被災者は母親象に鼻で飛ばされ、仰向けに倒れたところを足で踏まれ、救急搬送先の病院で死亡した。","14","接客娯楽業","1403","その他の接客娯楽業","140302","公園・遊園地","100~299","7","環境等","71","環境等","719","その他の環境等","6","激突され"
"562","2012","平成","24","9","11~12","コンクリート2次製品製造工場(ED1)の解体工事で使用した足場を解体する作業において、足場の4層目の作業床にいた労働者が持っていた交さ筋かい2組のうち、1組が落下し、地上で同筋かいを受け取る役割をしていた同事業場の被災者の鎖骨を貫通して胸まで到達し、被災者は出血性ショックで死亡した。","3","建設業","302","建築工事業","30209","その他の建築工事業","1~9","5","物質、材料","52","材料","521","金属材料","4","飛来、落下"
"563","2012","平成","24","9","9~10","被災者は携帯電話のアンテナの保守点検作業を行うため、一人で山中の登山道をアンテナ塔へ向かって歩いていたところ、当該登山道から最大斜度約35度の箇所を約1m滑落した。これにより背負っていた機材を自力では引き上げられなくなったため、携帯電話を使って事業主に応援を頼んだが、事業主の手配により現場に到着した同僚により、滑落した箇所より15mほど離れた場所で、膝をつきうつ伏せで死亡している被災者が発見された。","11","通信業","1101","通信業","110101","通信業","10~29","7","環境等","71","環境等","711","地山、岩石","1","墜落、転落"
"564","2012","平成","24","8","15~16","SRC10階建の建物を5階建に改修する耐震補強工事において、7階スラブ上でコンクリート外壁(パイプスペース)部をワイヤーソーを用いて切断する運転作業を行っていたところ、ワイヤーソーのジョイント部より、金属片(ダイヤモンド入り)ビーズが外れ、被災者の右胸部に飛来し肺を貫通した。その後、直ちに救急搬送されたが、出血性ショックにより死亡した。","3","建設業","302","建築工事業","30201","鉄骨・鉄筋コンクリート造家屋建築工事業","1~9","5","物質、材料","52","材料","521","金属材料","4","飛来、落下"
"565","2012","平成","24","8","10~11","高速道路で中央分離帯の草刈り作業で刈った草をプラスチック製の箕に入れ、パッカー車に刈草のみを投入すべきところ、箕も一緒にパッカー車に入れてしまったため、被災者がとっさに箕を取ろうとしてパッカー車の回転板に上半身を巻き込まれた。","6","農林業","601","農業","60101","農業","10~29","2","物上げ装置、運搬機械","22","動力運搬機","221","トラック","7","はさまれ、巻き込まれ"
"566","2012","平成","24","8","4~5","被災者はトラックで納品終了後、自社へ帰る途中、高速道路パーキングエリア出口合流付近のガードレールを突き破り、50m下の川へトラックごと転落し、全身打撲により死亡した。","4","運輸交通業","403","道路貨物運送業","40301","一般貨物自動車運送業","10~29","2","物上げ装置、運搬機械","22","動力運搬機","221","トラック","17","交通事故（道路）"
"567","2012","平成","24","8","16~17","工場内で所定終業時間の直前に行われる清掃中に、被災者が倒れているのを他工程の作業者が発見して声を掛けたところ、意識がない状態であったため救急車を要請したが、搬送先の病院で死亡が確認された。","1","製造業","115","輸送用機械等製造業","11502","自動車・同付属品製造業","50~99","7","環境等","71","環境等","715","高温・低温環境","11","高温・低温の物との接触"
"568","2012","平成","24","7","15~16","被災者は単独で高圧洗浄機を用いた外壁の洗浄作業を行っていたところ、近くの公園でふらふらと倒れそうになっているのを近所の住民により発見され、救急搬送されたが、熱中症により死亡した。なお、発見時に被災者は、作業着にビニール合羽を着用していた。","3","建設業","302","建築工事業","30202","木造家屋建築工事業","1~9","7","環境等","71","環境等","715","高温・低温環境","11","高温・低温の物との接触"
"569","2012","平成","24","7","9~10","火打加工機(丸のこ盤)による加工作業中に、トラブルにより機械が停止した。被災者は機械の中をのぞき込みトラブルの原因となった大鋸屑を取り除こうとした際、何らかの原因により機械が動き出し、送材装置とフレームの間に頭部を挟まれた。","1","製造業","104","木材・木製品製造業","10401","製材業","50~99","1","動力機械","13","木材加工用機械","131","丸のこ盤","7","はさまれ、巻き込まれ"
"570","2012","平成","24","7","12~13","電車線(電線)の碍子交換等工事において、当該工事の下り線の中継列車見張り員として、当該工事箇所から東に約2キロメートル離れた駅構内のホームで業務を行っていた被災者は、昼の休憩後の作業開始前に立哨予定付近の下り線内で通過した特急列車に触車し死亡した。特急列車の運転手によると被災者を発見した際、被災者は後ろ向きで、警笛を鳴らした後は進行方向に走って行ったとのこと。","17","その他の事業","1702","その他の事業","170201","警備業","30~49","2","物上げ装置、運搬機械","23","乗物","232","鉄道車両","18","交通事故（その他）"
"571","2012","平成","24","7","8~9","台風により損傷を受けた工場屋根の修繕工事において、取り替えた屋根部材を固定するボルトを本締めする作業を予定していた。被災者並びに同僚の2名で作業を開始したが、その直後に被災者が明り取りとして設置されていたFRP板を踏み抜き、高さ約13mから工場建屋内のコンクリート面へ落下した。なお、親綱は設置、安全帯の装着はあったが、使用されていなかった。","3","建設業","302","建築工事業","30209","その他の建築工事業","10~29","4","仮設物、建築物、構築物等","41","仮設物、建築物、構築物等","415","屋根、はり、もや、けた、合掌","1","墜落、転落"
"572","2012","平成","24","6","10~11","被災者は解体工事現場で屋根のスレートをはがす作業中、スレートをはがした後、その下地の木工板にのってしまいこれを踏み抜き、約5mの高さから建屋外側のコンクリート土間に墜落した。","3","建設業","302","建築工事業","30201","鉄骨・鉄筋コンクリート造家屋建築工事業","10~29","4","仮設物、建築物、構築物等","41","仮設物、建築物、構築物等","415","屋根、はり、もや、けた、合掌","1","墜落、転落"
"573","2012","平成","24","6","12~13","河川地下を横断する延長1000mのシールド工事において、シールドマシンを到達坑内で解体作業中、マシンから重さ約1.2tのベアリング部品を引き抜く作業を坑内壁に取り付けたチェーンブロック2台と、転倒防止のためにシールドマシン上部に取り付けたレバーブロックで行っていた際、レバーブロックのチェーンが外れて同部品が転倒し、チェーンブロックで作業を行っていた被災者2名を直撃した。","3","建設業","301","土木工事業","30102","トンネル建設工事業","30~49","3","その他の装置等","36","人力機械工具等","361","人力クレーン等","5","崩壊、倒壊"
"574","2012","平成","24","6","8~9","抄紙機で紙切れが発生したため、被災者を含む3名でプレスロールから約100°Cに熱せられたドライヤーロールへの紙通し作業を行なっていた。この作業中、被災者は、ドライヤーロールとカンバスの間に右足を巻込まれ、そのまま身体全体がドライヤーロールとカンバスの間に約半周巻取られる形で挟まれた。","1","製造業","106","パルプ・紙・紙加工品製造業","10601","パルプ・紙製造業","50~99","1","動力機械","16","一般動力機械","163","ロール機（印刷ロール機を除く。）","7","はさまれ、巻き込まれ"
"575","2012","平成","24","6","11~12","約33度の傾斜地で、胸高直径約45センチメートル、長さ約21mの立木を伐倒後、根元に掛けてあった跳ね防止ワイヤーを外して次の作業工程の準備作業を行っていたところ、伐倒木が突然滑り落ち被災者に激突した。","3","建設業","301","土木工事業","30106","道路建設工事業","50~99","7","環境等","71","環境等","712","立木等","6","激突され"
"576","2012","平成","24","6","2~3","高速道路を走行中、追越し車線上に停車していた故障車に衝突した。","4","運輸交通業","403","道路貨物運送業","40301","一般貨物自動車運送業","50~99","2","物上げ装置、運搬機械","22","動力運搬機","221","トラック","17","交通事故（道路）"
"577","2012","平成","24","5","5~6","新茶の確認作業を行っていた被災者が急に「腰が痛い」と言い出し、その後「心臓が痛い」と言って倒れ込んだため、救急搬送されたが、急性大動脈乖離により死亡した。災害時は新茶シーズンの繁忙期であったこともあり、被災者の死亡直前1ヶ月の時間外労働時間は約140時間に達していた。","1","製造業","101","食料品製造業","10109","その他の食料品製造業","30~49","9","その他","92","起因物なし","921","起因物なし","90","その他"
"578","2012","平成","24","4","13~14","被災者は生徒とインストラクターの2人乗りパラグライダーの離陸補助をしていたところ、被災者の片腕がパラグライダーのハーネスに引っ掛かった状態で離陸し、被災者が数十m上空から山中へ墜落した。","12","教育・研究業","1201","教育・研究業","120109","その他の教育研究業","1~9","3","その他の装置等","39","その他の装置、設備","391","その他の装置、設備","1","墜落、転落"
"579","2012","平成","24","3","5~6","国道で被災者が運転するトラックが緩いカーブの連続する下り坂で右側車線を走っていたところ、中央分離帯に衝突し、被災者は頭を強打して死亡した。","4","運輸交通業","403","道路貨物運送業","40301","一般貨物自動車運送業","10~29","2","物上げ装置、運搬機械","22","動力運搬機","221","トラック","17","交通事故（道路）"
"580","2012","平成","24","3","13~14","被災者は院内の1階にある手術室に患者を送り届けた後、階段を使用し2階にある病院室に戻る途中に踊り場付近から転落し後頭部を強打した。発見時、被災者は1階で耳から流血し仰向けに倒れており、スリッパが踊り場に片方その数段下にもう片方が残っていた。","13","保健・衛生業","1301","医療保健業","130101","病院","30~49","4","仮設物、建築物、構築物等","41","仮設物、建築物、構築物等","413","階段、桟橋","1","墜落、転落"
"581","2012","平成","24","3","8~9","事業場の営業係の被災者が、顧客に商品を届けるため、会社の中型トラックに荷を積み会社を出発した後、高速道路を走行中に朝の通勤時間帯の渋滞で止まっていた自動車運搬車に追突した。この弾みで次々と玉突き衝突が起こり、被災者は救急搬送先の病院で死亡した。なお、現場は3車線のやや緩い右カーブであった。","8","商業","802","小売業","80209","その他の小売業","1~9","2","物上げ装置、運搬機械","22","動力運搬機","221","トラック","17","交通事故（道路）"
"582","2012","平成","24","3","5~6","朝礼の点呼のため、被災者を除く作業員はスタッフルームに集合していたが、被災者の姿が見えなかったため様子を見に行こうとスタッフルームのドアを開けて外に出たところ、階段下に倒れている被災者が発見された。救急搬送されたが、外傷性くも膜下出血のため意識不明の状態が続き、数日後に死亡した。なお、発見される5分程前に、屋外で何かがぶつかる大きな音が聞こえていた。","4","運輸交通業","403","道路貨物運送業","40301","一般貨物自動車運送業","100~299","4","仮設物、建築物、構築物等","41","仮設物、建築物、構築物等","413","階段、桟橋","1","墜落、転落"
"583","2012","平成","24","2","14~15","避難場所整備工事において、斜面での伐採木集材作業中、Y字型の木の一方の端にワイヤーを取り付け、バケットをアイアンホークに変えたバックホウで引っ張り、斜面に対し縦に引きずってきたところ、Y字のもう一端が地面に引っかかり、木が横に向いたため、少し離れていたところで合図を送っていた被災者に激突した。","3","建設業","301","土木工事業","30109","土地整理土木工事業","1~9","1","動力機械","14","建設機械等","149","その他の建設機械等","6","激突され"
"584","2012","平成","24","2","11~12","被災者は荷主先にて、フォークリフトのヘッドガードの上に乗り、上方からフォークリフトの崩れた荷を直そうとしたところ、マストとヘッドガードの支柱の間に墜落した。その際、両下肢がフォークリフトのティルト操作レバーに当たり、結果的に動くマストとヘッドガードの支柱に押しつぶされる状態となった。被災者は救急搬送されたが、意識不明の状態となり、死亡した。","4","運輸交通業","403","道路貨物運送業","40301","一般貨物自動車運送業","10~29","2","物上げ装置、運搬機械","22","動力運搬機","222","フォークリフト","7","はさまれ、巻き込まれ"
"585","2012","平成","24","2","15~16","護岸ブロック築造のために河川内の土台部を掘削し、掘削部の押さえのための土のう(フレコンバッグ:1t)をドラグショベル(移動式クレーン仕様)で運搬中、土のうを玉掛けし、玉外し箇所に行こうとした被災者は、旋回体と護岸法面との間に胸部を挟まれた。","3","建設業","301","土木工事業","30107","河川土木工事業","10~29","1","動力機械","14","建設機械等","142","掘削用機械","7","はさまれ、巻き込まれ"
"586","2012","平成","24","1","16~17","被災者は2階屋根上に設置されているテレビアンテナのブースター交換作業を開始した。その約30分後、道路に倒れ頭から出血した被災者が通行人により発見された。被災者の近くには、交換後のブースター器、1階屋根上から2階屋根上に昇降するためのアルミ製のはしご等が落ちていた。なお、屋根の端からの墜落防止措置(安全帽、安全帯等)はなかった。また、当該はしごを固定していた番線が2階屋根上の樋に残っていた。","8","商業","802","小売業","80209","その他の小売業","1~9","4","仮設物、建築物、構築物等","41","仮設物、建築物、構築物等","415","屋根、はり、もや、けた、合掌","1","墜落、転落"
"587","2012","平成","24","1","13~14","被災者は林道沿いの電線に接触する等支障がある立木を単独で伐採していた。被災者の叫び声が聞こえ、現場監督らが急行してみたところ、被災者は斜面を約30m滑落していた。なお、安全帯等墜落防止の措置はなかった。","3","建設業","303","その他の建設業","30309","その他の建設業－その他","1~9","7","環境等","71","環境等","711","地山、岩石","1","墜落、転落"
"588","2012","平成","24","1","9~10","被災者は10tトラックを運転して配送先事業場に到着した後、そのままトラックの運転席で仮眠し、朝方から荷卸しを行っていたところ、突然倒れ意識不明となった。救急搬送され一旦は意識が戻ったが、その後急性肺動脈血栓塞栓症により死亡した。","4","運輸交通業","403","道路貨物運送業","40301","一般貨物自動車運送業","10~29","2","物上げ装置、運搬機械","22","動力運搬機","221","トラック","90","その他"
"589","2012","平成","24","1","16~17","間伐作業を行っていた被災者が墜落したもの。災害発生当日、元請労働者ら6名で作業を行っていたが、作業終了時刻を過ぎても被災者が集合場所へ戻って来なかった。被災者は翌朝、間伐現場の崖下(約80m)で死亡しているのが発見された。","6","農林業","602","林業","60209","その他の林業","1~9","7","環境等","71","環境等","711","地山、岩石","1","墜落、転落"
"590","2012","平成","24","12","9~10","工場内で大掃除中、被災者は竹竿の先にエアーホースを結びつけ、そのエアーで天井クレーンのホイスト部分の埃を払う作業等をしていた際、乗っていた高さ約2mの作業台の登り口付近から墜落し、更に、その下に設置されていた深さ1.5mのタンクの底まで墜落した。","1","製造業","108","化学工業","10805","プラスチック製品製造業","10~29","4","仮設物、建築物、構築物等","41","仮設物、建築物、構築物等","418","建築物、構築物","1","墜落、転落"
"591","2012","平成","24","12","16~17","被災者は+xvん、￥ 1本社工場内において、コンクリート製品(L型擁壁、約460キログラム)を天井クレーンを使用し反転機に載せ、吊り具を外しクレーンを横行させた後、反転機を作動させ反転させようとしたところ、当該製品が倒れ、当該製品と反転機の間にはさまれた。","1","製造業","109","窯業土石製品製造業","10901","セメント・同製品製造業","10~29","5","物質、材料","52","材料","529","その他の材料","5","崩壊、倒壊"
"592","2012","平成","24","12","13~14","合板分配用テーブルリフター(高さ180センチ)で油漏れがあったので、被災者は同僚と2人で出張修理に出向いた。テーブルを上げ落下防止の角材を設置し、油を抜き、油圧シリンダーのパッキンを取り換えた後、起動確認しようとしたところテーブル上限リミッターが働いていて動かなかった。そのため、角材をはずしてテーブルを自重で下げようとした。バールを使用し、被災者が角材を取り除いたところ、テーブルが下降し、下敷きになった。","1","製造業","113","一般機械器具製造業","11301","機械（精密機械を除く）器具製造業","1~9","2","物上げ装置、運搬機械","22","動力運搬機","229","その他の動力運搬機","7","はさまれ、巻き込まれ"
"593","2012","平成","24","12","23~24","店内ホール係の被災者は、手が空いた時間をみて1階から3階までの配膳用の小型昇降機搬器内の清掃を行うこととした。被災者は、1階で扉を開けて搬器内に洗剤を吹きかけ、上半身を搬器内に入れて雑巾で搬器の床面を拭いていたところ、小型昇降機の扉が開いたままで搬器が上昇し、搬器の床と積み下ろし口上部のわくとの間に肩と胸を挟まれて死亡した。","14","接客娯楽業","1402","飲食店","140209","その他の飲食店","10~29","2","物上げ装置、運搬機械","21","動力クレーン等","214","エレベータ、リフト","7","はさまれ、巻き込まれ"
"594","2012","平成","24","11","15~16","被災者は、修理が終わり客先へ回送する車両を探して整備工場敷地内を歩いていたところ、別の労働者が修理のためバックで移動させていたトラックに轢かれた。","1","製造業","117","その他の製造業","11701","自動車整備業","30~49","2","物上げ装置、運搬機械","22","動力運搬機","221","トラック","7","はさまれ、巻き込まれ"
"595","2012","平成","24","11","1~2","化学工場において、配管からの漏えい対応作業においての転落事故。被災者らは、配管漏えい部分の調査確認と補修作業を行おうとしたが、漏えい箇所が作業用通路から離れていたため、応急措置として漏えい部分に吸引ホースを当てて仮固定することとした。調査確認に従事した2名のうち、1名がホース固定作業等を行っていたところ、近傍で待機していたもう1名の姿が見えなくなり、作業箇所の下方約10mの地面に転落しているのが発見された。","1","製造業","108","化学工業","10899","その他の化学工業","50~99","4","仮設物、建築物、構築物等","41","仮設物、建築物、構築物等","417","通路","1","墜落、転落"
"596","2012","平成","24","11","10~11","建設工事現場において、荷降ろし後のトレーラー(30t)が、退場するために現場内の通路を50mほどバックし、方向を転換しようとしたところ、何らかの理由で通路にいた被災者を轢いてしまった。","3","建設業","302","建築工事業","30209","その他の建築工事業","1~9","2","物上げ装置、運搬機械","22","動力運搬機","221","トラック","7","はさまれ、巻き込まれ"
"597","2012","平成","24","11","4~5","国道で発生した交通事故。事故の発生現場は、片側2車線の直線道路。赤信号で停止中のトラックに、被災者が運転する大型トラックが追突した。被災者は腹部などを強打し死亡した。","4","運輸交通業","403","道路貨物運送業","40301","一般貨物自動車運送業","1~9","2","物上げ装置、運搬機械","22","動力運搬機","221","トラック","17","交通事故（道路）"
"598","2012","平成","24","10","9~10","フォークリフトの爪にチェーンを巻きつけ、自動車のエンジン積み降ろし用フックにチェーンのフックをかけ、解体中の自動車の車体前方部分を持ち上げていたところ、被災者が自動車の下部を確認した際、エンジン用フックが重みに耐えきれず変形して自動車が落下し、その自動車の下敷きになり死亡した。なお、当該作業方法は通常方法で不具合が生じたため、例外的に行った作業方法であった。","8","商業","801","卸売業","80109","その他の卸売業","1~9","6","荷","61","荷","611","荷姿の物","4","飛来、落下"
"599","2012","平成","24","10","8~9","被災者は産業廃棄物中間処理施設であるリサイクルプラント内で、リサイクルプラントを起動させる作業に従事していた。当該プラントの異常ランプが点灯しているのを代表者が発見し、プラント内を確認したところ、ベルトコンベアに挟まれている被災者が発見された。","15","清掃・と畜業","1501","清掃・と畜業","150102","産業廃棄物処理業","1~9","2","物上げ装置、運搬機械","22","動力運搬機","224","コンベア","7","はさまれ、巻き込まれ"
"600","2012","平成","24","10","13~14","フッ化水素液の入ったタンクからの液漏れがひどくなったと報告を受けた被災者は、現場でタンクの確認をしていたところタンクが破裂し、フッ化水素液を全身に浴びた。","1","製造業","110","鉄鋼業","11001","製鉄・製鋼・圧延業","300~499","3","その他の装置等","32","化学設備","321","化学設備","15","破裂"
"601","2012","平成","24","8","11~12","被災者は、単独でローターダイカスト自動ライン内の冷却水槽北側において、ロボットアームの先端で頭を上から押さえ込まれ、顔が冷却水槽の中に入った状態で発見され、意識不明の重体となっていたが、入院先の病院で死亡した。","1","製造業","111","非鉄金属製造業","11102","非鉄金属鋳物業","30~49","1","動力機械","16","一般動力機械","167","産業用ロボット","6","激突され"
"602","2012","平成","24","8","14~15","被災者はトラックにコイル材(直径1.27m:重量約800キログラム×4)を積載後、荷台上で荷の状態を確認しようとした際、積載したコイル材が倒れ、既に積載積みのコイル材との間に挟まれた。なお、コイル材は荷台のラックに立て、ストッパーを置き、当該ストッパーをレバーブロックで引張固定されていたが、倒れた側はロックが解除されており、ニュートラルの状態となっていた。また、トラックは前方に2~2.5度傾斜していた。","4","運輸交通業","403","道路貨物運送業","40301","一般貨物自動車運送業","10~29","6","荷","61","荷","611","荷姿の物","5","崩壊、倒壊"
"603","2012","平成","24","8","3~4","国道で被災者の運転する4tトラックと相手方の運転する4tトラックが正面衝突し、被災者は、頭部及び胸部を強く打ち死亡した。なお、災害発生現場は片側一車線であり、被災者側からは緩やかな左カーブとなっていた。","4","運輸交通業","403","道路貨物運送業","40301","一般貨物自動車運送業","1~9","2","物上げ装置、運搬機械","22","動力運搬機","221","トラック","17","交通事故（道路）"
"604","2012","平成","24","8","9~10","プレス工場内に設置された天井クレーン(定格荷重2.8t)の月例点検作業のため、出張した被災者が横行により北側に寄せた同クレーンのチェーンブロック付近(ランウエイ下部)に移動はしご(伸縮機能を有し、この時のはしごの長さは約7m)を掛けた。被災者が同はしごを上っていたところ、はしごから転落した。","1","製造業","117","その他の製造業","11702","機械修理業","1~9","3","その他の装置等","37","用具","371","はしご等","1","墜落、転落"
"605","2012","平成","24","8","11~12","倉庫において、被災者は同業者からの注文品を探すため、フォークリフトの昇降機能を利用して高さ3.8mの移動式のスチール棚の最上部に至り、同所の在庫品から注文品を見つけようとしたものの見つけられず、再びフォークリフトで地上に引き返そうと同僚に声を掛けて合図した。合図を受けた同僚がフォークリフトの進入路を確保するためスチール棚を移動させたところ、棚と棚との間に生じた開口部から被災者が転落した。","1","製造業","102","繊維工業","10209","その他の繊維工業","50~99","3","その他の装置等","39","その他の装置、設備","391","その他の装置、設備","1","墜落、転落"
"606","2012","平成","24","8","14~15","外壁塗装工事を行っていた被災者は、道路から高さ約5mにある足場から道路上に墜落し、死亡した。","3","建設業","303","その他の建設業","30309","その他の建設業－その他","1~9","4","仮設物、建築物、構築物等","41","仮設物、建築物、構築物等","411","足場","1","墜落、転落"
"607","2012","平成","24","7","15~16","被災者はハンドガイド式草刈機(クローラ走行タイプ)に乗車操縦し、堤防道路から川側法面に行こうとしていたところ、草刈機が転倒して被災者とともに堤防下に転落し、草刈機の下敷きになった。","6","農林業","601","農業","60101","農業","1~9","1","動力機械","14","建設機械等","149","その他の建設機械等","2","転倒"
"608","2012","平成","24","7","12~13","道路の地下に設置してあるマンホール内の電線移動状況等の点検作業において、被災者はマンホール外での道路上作業を実施後、食事のため自動車を約50m運転したところ脱輪した。同乗者が異変に気付き、被災者を涼しい場所へ移動し、着衣を緩め、少量の水分を摂らせて濡れタオルで頭部と胸部を冷やし、救急車を手配し病院に搬送したが、熱中症と認められる原因で死亡した。なお、災害発生日の気温は36度、湿度は38%であった。","3","建設業","303","その他の建設業","30301","電気通信工事業","1~9","7","環境等","71","環境等","715","高温・低温環境","11","高温・低温の物との接触"
"609","2012","平成","24","7","8~9","小麦原料納入工程中、20フィートコンテナ(小麦19t)の払出ハッチ(30センチメートル角)が開かなかったため、コンテナ後部の観音扉左右をスリング紐で結び、右扉のみ少し開き原料納入を行おうとしたところ、右扉を開けた瞬間にスリング紐が切れ、被災者は一気にホッパーに流れ落ちた小麦に埋まった。","4","運輸交通業","403","道路貨物運送業","40301","一般貨物自動車運送業","30~49","6","荷","61","荷","611","荷姿の物","5","崩壊、倒壊"
"610","2012","平成","24","7","10~11","コンベア上の半製品に通電加熱を行う工程での感電災害。コンベア上に半製品を並べる作業を行っていた被災者は、隣接するコンベアで既に通電を行っている半製品に接触した。被災者が並べていた半製品が、既に通電作業を行っている半製品までコンベア上を転がってしまい、これを復旧しようとした被災者が通電部分に接触したもの。なお、コンベア上での作業は、一般作業として行われていた。","1","製造業","109","窯業土石製品製造業","10903","陶磁器・同関連製品製造業","300~499","3","その他の装置等","35","電気設備","359","その他の電気設備","13","感電"
"611","2012","平成","24","7","1~2","被災者はトラックを運転し国道の走行車線を走行中、前方の普通車に追突して左前方の路肩に駐車した。普通車は衝撃で追い越し車線上に横向きに停車した。被災者は停車中の普通車のところに行き確認し、一旦自社のトラックの右後方部付近まで戻った。そこへ後続のトレーラーが追い越し車線を塞さいでいた普通車の左側を通って被災者及びトラックに追突し横転した。被災者は横転したトレーラーの下敷きとなり死亡した。","4","運輸交通業","403","道路貨物運送業","40301","一般貨物自動車運送業","10~29","2","物上げ装置、運搬機械","22","動力運搬機","221","トラック","17","交通事故（道路）"
"612","2012","平成","24","7","1~2","被災者はトレーラーを運転して配送先へ向かう国道を走行中に、対向車線を走行して来た4tトラックがセンターラインを超え正面衝突してきた。この事故により、被災者は即死した。","4","運輸交通業","403","道路貨物運送業","40301","一般貨物自動車運送業","1~9","2","物上げ装置、運搬機械","22","動力運搬機","221","トラック","17","交通事故（道路）"
"613","2012","平成","24","6","7~8","製鉄所の圧延工場において、圧延設備の一部であるルーパーロールとサイドガイドとの間(幅約70センチメートル)に作業員2名が入って、サイドガイドの位置をルーパーロール側にずらすため、両者をワイヤーでつなぎ、チェーンブロックで引っ張ったところ、立てかけてあったルーパーロール(重さ約2t)が固定されておらず、逆にサイドガイド側に倒れてきて挟まれ、1名が死亡、1名が軽傷を負った。","1","製造業","110","鉄鋼業","11001","製鉄・製鋼・圧延業","30~49","1","動力機械","16","一般動力機械","163","ロール機（印刷ロール機を除く。）","5","崩壊、倒壊"
"614","2012","平成","24","6","9~10","事業場構内のLPガス充填場において、フォークリフトを使用して配管の塗装作業を行っていた被災者は、フォークリフトのマストとヘッドガードの間に挟まれ意識がない状態で発見され、救急搬送された病院で死亡した。","8","商業","801","卸売業","80109","その他の卸売業","10~29","2","物上げ装置、運搬機械","22","動力運搬機","222","フォークリフト","7","はさまれ、巻き込まれ"
"615","2012","平成","24","5","8~9","被災者は砕石場内にて、傾斜地(斜度6度)に駐車してあった貨物自動車の発動機を始動させたところ、約15m惰性走行し、高さ約40mの崖状の絶壁から転落した。なお、被災者は、転落途中事故機から離れたものの、高さ約15mの段差上の平坦部分に、約25m墜落(滑落)した。","2","鉱業","202","土石採取業","20201","採石業","1~9","2","物上げ装置、運搬機械","22","動力運搬機","221","トラック","1","墜落、転落"
"616","2012","平成","24","5","11~12","スレート葺き屋根の修繕工事において、被災者は屋根上に登り雨漏りをする箇所の補修を行っていたところ、スレート屋根を踏み抜いて約8m下の床面に落下した。","3","建設業","302","建築工事業","30209","その他の建築工事業","10~29","4","仮設物、建築物、構築物等","41","仮設物、建築物、構築物等","415","屋根、はり、もや、けた、合掌","1","墜落、転落"
"617","2012","平成","24","5","11~12","営業所の建屋の折板屋根上において、屋根の塗装作業前の高圧水洗浄作業に従事していた被災者は、樹脂製の明り取りの天窓を踏み抜き、約10m下の倉庫内アスファルト床面に墜落し、死亡した。","3","建設業","303","その他の建設業","30309","その他の建設業－その他","1~9","4","仮設物、建築物、構築物等","41","仮設物、建築物、構築物等","415","屋根、はり、もや、けた、合掌","1","墜落、転落"
"618","2012","平成","24","5","10~11","鋼板葺き工場屋根上に太陽電池パネル(モジュール)を設置する工事において、屋根上に荷揚げしたモジュールを二人一組で運搬作業中、被災者は、誤って屋根上のアクリル製明り取り窓に乗ったため、明り取り窓が同人の体重により破損して約7m下の工場床に墜落し、全身打撲により死亡した。","3","建設業","303","その他の建設業","30302","機械器具設置工事業","30~49","4","仮設物、建築物、構築物等","41","仮設物、建築物、構築物等","415","屋根、はり、もや、けた、合掌","1","墜落、転落"
"619","2012","平成","24","5","2~3","トラックでの配送を終えセンターに戻るため国道走行中、交差点で左折した直後、松並木の間から歩行者が出てきたため避けようと右に急ハンドルを切ったところ、歩行者が左ミラーにぶつかり、トラックは松並木に衝突した。当初被災直後は、意識があったもののふくらはぎの動脈を切断しており、救急搬送先の病院で失血死した。","4","運輸交通業","403","道路貨物運送業","40301","一般貨物自動車運送業","50~99","2","物上げ装置、運搬機械","22","動力運搬機","221","トラック","17","交通事故（道路）"
"620","2012","平成","24","5","15~16","被災者は単独でフォークリフトを使用し、4tトラックに積んだフレコンの位置の調整をしていた。フォークにフレコンのベルトを通し持ち上げるため、トラック荷台に上がり通そうとしたがフォークの位置が高すぎた。そのためトラックの荷台から手を伸ばしフォークリフトのレバーを操作したところフォークが下がりすぎ、フォークとトラックのあおりの間に腹部を挟まれた。","4","運輸交通業","403","道路貨物運送業","40301","一般貨物自動車運送業","30~49","2","物上げ装置、運搬機械","22","動力運搬機","222","フォークリフト","7","はさまれ、巻き込まれ"
"621","2012","平成","24","5","23~24","鋳造工場内において、溶解炉にコンベアを使用して溶解材料を投入する作業を行っていた被災者が見当たらないため、同僚が捜していたところ、溶解炉内で人骨及びスコップの一部が発見された。なお、炉の蓋及び縁には溶解炉内に投入される溶解材料が残っていた。","1","製造業","110","鉄鋼業","11002","鋳物業","300~499","3","その他の装置等","34","炉窯等","341","炉、窯","1","墜落、転落"
"622","2012","平成","24","5","7~8","被災者はガントリークレーンの塗装工事準備作業として、足場資材を当該クレーン上部に荷上げする準備作業を開始。当該作業は、吊上荷重100t移動式クレーンの最長ジブでの作業が必要なため、補助ジブを主ジブ横に取付後、オペレーターが主ジブを起伏した際に補助ジブが外れ、移動式クレーン上の補助ジブ直下付近にいた被災者2名の内1名が、補助ジブとアウトリガーにはさまれ死亡し、他1名は重傷を負った。","3","建設業","302","建築工事業","30209","その他の建築工事業","30~49","2","物上げ装置、運搬機械","21","動力クレーン等","212","移動式クレーン","4","飛来、落下"
"623","2012","平成","24","4","11~12","工場屋根葺替え工事に伴うルーフファン取替え工事において、スレート葺屋根上で資材作業をしていた被災者は、スレート屋根を踏み抜き、約6m下のコンクリート床に墜落し、全身打撲で死亡した。","3","建設業","303","その他の建設業","30302","機械器具設置工事業","1~9","4","仮設物、建築物、構築物等","41","仮設物、建築物、構築物等","415","屋根、はり、もや、けた、合掌","1","墜落、転落"
"624","2012","平成","24","4","8~9","テント倉庫の屋根修繕工事現場において、被災者がテントシート上で作業していたところ、誤ってシートを踏み抜き、約5m下のコンクリート床に墜落した。","3","建設業","302","建築工事業","30209","その他の建築工事業","1~9","4","仮設物、建築物、構築物等","41","仮設物、建築物、構築物等","415","屋根、はり、もや、けた、合掌","1","墜落、転落"
"625","2012","平成","24","4","15~16","被災者は荷役機械である連続式アンローダー(6CUL)のテーブルフィーダー内部で主スクレーパーのライナーの磨耗状況、テーブルフィーダー底面ライナーの磨耗状況の検査作業を行っていたところ、急に6号機の連続式アンローダーのテーブルフィーダーが動き出したため、テーブルフィーダーと一体となって回転したテーブルフィーダーのステー(リブ)と、主スクレーパーに挟まれた。","1","製造業","110","鉄鋼業","11001","製鉄・製鋼・圧延業","300~499","2","物上げ装置、運搬機械","22","動力運搬機","229","その他の動力運搬機","7","はさまれ、巻き込まれ"
"626","2012","平成","24","3","0~1","被災者はインター出口をUターンして下り車線を逆走し、トラック2台と衝突した。","9","金融・広告業","902","広告・あっせん業","90209","その他の広告・あっせん業","1~9","2","物上げ装置、運搬機械","23","乗物","231","乗用車、バス、バイク","17","交通事故（道路）"
"627","2012","平成","24","3","8~9","被災者は加工物を自動投入するショットブラストの作業を行っていた際、同機械の稼働中にその投入口前まで入ったところ、自動運転中の投入用バケットと、投入口のフレームに胸部を挟まれ死亡した。なお、当該機械の立ち入りについては、開けると停止する扉が設置されていたが、災害発生時は同安全装置がテープで留められており機能しなかった。","1","製造業","112","金属製品製造業","11209","その他の金属製品製造業","1~9","1","動力機械","15","金属加工用機械","159","その他の金属加工用機械","7","はさまれ、巻き込まれ"
"628","2012","平成","24","3","1~2","夜勤中の被災者が、射出成型機の金型(重量約1.5t)交換作業において、金型固定用のピンをセットしないまま作業を行っていたところ、何らかの理由で金型が成型機から脱落し、上半身が金型の下敷きになり死亡した。","1","製造業","108","化学工業","10805","プラスチック製品製造業","300~499","1","動力機械","16","一般動力機械","164","射出成形機","4","飛来、落下"
"629","2012","平成","24","3","16~17","高速道路(片側二車線で見通しは良い状況下)で法面工事の交通整理作業を終え、路肩の車両に乗り込もうとした被災者は、走行してきたトラックにはねられ、全身を強く打って死亡した。","17","その他の事業","1702","その他の事業","170201","警備業","100~299","2","物上げ装置、運搬機械","22","動力運搬機","221","トラック","17","交通事故（道路）"
"630","2012","平成","24","3","8~9","鋳造工場2階より鋳造屑を搬出するため、フォークリフトでスロープをバック走行していたところ、ガードレールに激突してフォークリフトと共に転倒し、ヘッドガードの下敷きになった。","1","製造業","111","非鉄金属製造業","11102","非鉄金属鋳物業","10~29","2","物上げ装置、運搬機械","22","動力運搬機","222","フォークリフト","2","転倒"
"631","2012","平成","24","3","13~14","被災者は防火水槽を道路下に設置する工事において、深さ約4mに重機で掘った穴に土止めを設置しようとしていた。穴の底に降りて作業を開始したところ、側面の土砂が崩れ被災した。","3","建設業","301","土木工事業","30199","その他の土木工事業","10~29","7","環境等","71","環境等","711","地山、岩石","5","崩壊、倒壊"
"632","2012","平成","24","2","6~7","職場内で自殺を図った被災者が発見された。","3","建設業","301","土木工事業","30199","その他の土木工事業","10~29","9","その他","92","起因物なし","921","起因物なし","90","その他"
"633","2012","平成","24","2","8~9","自宅から社用車を使用し、目的地へ向けて高速道路を走行中、トンネル内においてハンドル操作を誤り、対向車と正面衝突し死亡した。","8","商業","801","卸売業","80109","その他の卸売業","1~9","2","物上げ装置、運搬機械","23","乗物","231","乗用車、バス、バイク","17","交通事故（道路）"
"634","2012","平成","24","2","2~3","ミュール紡績機の修理中に、「どんぶり」と呼ばれるキャレージを停止させるクラッチを切って作業を行っていたものの、作業中にクラッチがつながり、キャレージが動き出し、はさまれた。","1","製造業","102","繊維工業","10202","紡績業","30~49","1","動力機械","16","一般動力機械","169","その他の一般動力機械","7","はさまれ、巻き込まれ"
"635","2012","平成","24","1","16~17","雨樋等補修工事において、片付け作業をしていた被災者は、スレート屋根を踏み抜き、墜落死した。","3","建設業","302","建築工事業","30209","その他の建築工事業","1~9","4","仮設物、建築物、構築物等","41","仮設物、建築物、構築物等","415","屋根、はり、もや、けた、合掌","1","墜落、転落"
"636","2012","平成","24","1","8~9","生ごみ処理装置の上部に上がってホッパーの中に入り、プロペラに付着したごみを取ろうとしたところ、装置内部に墜落し、プロペラ等の突起物で大腿動脈を損傷し失血死した。","15","清掃・と畜業","1501","清掃・と畜業","150109","その他の清掃・と畜業","1~9","1","動力機械","16","一般動力機械","169","その他の一般動力機械","8","切れ、こすれ"
"637","2012","平成","24","2","12~13","出勤日になっても出社してこない被災者と連絡が取れないため、社員数名で被災者の自宅に確認のため訪問したところ、自宅内で自死している被災者を発見した。","1","製造業","114","電気機械器具製造業","11409","その他の電気機械器具製造業","30~49","9","その他","92","起因物なし","921","起因物なし","90","その他"
"638","2012","平成","24","5","0~1","飲食店駐車場において、車内で被災者が死亡しているのを警備会社社員が発見した。検視の結果、虚血性心疾患による窒息にて死亡したものとされた。","8","商業","802","小売業","80209","その他の小売業","1~9","9","その他","92","起因物なし","921","起因物なし","90","その他"
"639","2012","平成","24","12","16~17","被災者は郵便の集配業務中に立ち寄った駅の建物前にいたところ、縁石に乗り上げ突っ込んできた普通自動車に衝突され、車と建物の間にはさまれ死亡した。","11","通信業","1101","通信業","110101","通信業","100~299","2","物上げ装置、運搬機械","23","乗物","231","乗用車、バス、バイク","17","交通事故（道路）"
"640","2012","平成","24","11","13~14","被災者はチェーンソーを用い、他の作業員と2人で立木(胸高直径約44センチメートル、樹高約8m)の伐木作業を行っていたが、チェーンソーで受口、追口等を入れた立木が倒れなかった。しばらくその場で試行錯誤していたところ、突然立木が予定していた伐倒方向と逆方向にいた被災者側に倒れてきたため、被災者は避けきれず、倒れた木の下敷きになった。","14","接客娯楽業","1403","その他の接客娯楽業","140301","ゴルフ場","30~49","7","環境等","71","環境等","712","立木等","6","激突され"
"641","2012","平成","24","10","14~15","法面への落石防護網を設置する工事において、当該防護網設置前に支障となる木を伐採した際に発生した玉切材が高さ約15mの箇所に残っており、交通誘導員として入場していた被災者が仮設防護柵の内側を移動中、当該玉切材が転げ落ち、被災者の右側頭部へ激突した。","17","その他の事業","1702","その他の事業","170201","警備業","50~99","7","環境等","71","環境等","712","立木等","4","飛来、落下"
"642","2012","平成","24","10","9~10","被災者は他の作業員と2名で発泡プレスにパネルをセットする作業中、8段の内の4段目の位置に上半身を入れていたところ、他の作業員が押え部分の下降操作を行ったため、はさまれた。なお、被災者はパネルを押さえ過ぎないように両端に設置した角パイプの位置を直すため、パネルの間に上半身を入れていた。","1","製造業","113","一般機械器具製造業","11301","機械（精密機械を除く）器具製造業","10~29","1","動力機械","16","一般動力機械","169","その他の一般動力機械","7","はさまれ、巻き込まれ"
"643","2012","平成","24","9","16~17","夕刊を配達中、市道交差点で乗用車と出会い頭に衝突した。","8","商業","802","小売業","80205","新聞販売業","10~29","2","物上げ装置、運搬機械","23","乗物","231","乗用車、バス、バイク","17","交通事故（道路）"
"644","2012","平成","24","9","6~7","被災者は担当地域の朝刊の配達業務を終え事務所へ帰る途中、原付バイクを運転して国道を走行中に後方から来た軽自動車に追突された。","8","商業","802","小売業","80205","新聞販売業","10~29","2","物上げ装置、運搬機械","23","乗物","231","乗用車、バス、バイク","17","交通事故（道路）"
"645","2012","平成","24","9","10~11","被災者は遠心機を使用してコンクリートを締め固める作業をしている際に、型枠から異音がしたため、遠心機の運転を停止し、工場長とともに型枠についたバリを防音カバー内に入ってエアグラインダーによって削り取った。その後、工場長が遠心機を寸動で動かし型枠の異音が無くなったことを確認し、運転ボタンを押したところ、遠心機の運転と連動して防音カバーが閉まり、被災者は頸部等を挟まれ死亡した。","1","製造業","109","窯業土石製品製造業","10901","セメント・同製品製造業","10~29","3","その他の装置等","39","その他の装置、設備","391","その他の装置、設備","7","はさまれ、巻き込まれ"
"646","2012","平成","24","8","10~11","斜面上にある倒木を撤去するため、被災者がチェーンソーを用いて玉切り作業を行っていたところ、切断した当該倒木の根株が転落し激突された。","3","建設業","301","土木工事業","30199","その他の土木工事業","1~9","5","物質、材料","52","材料","522","木材、竹材","6","激突され"
"647","2012","平成","24","8","8~9","被災者はトイレから工場へ戻る途中、重油タンクへの給油を終え、後退してきたタンクローリー(容量14kl)に轢かれた。","1","製造業","101","食料品製造業","10109","その他の食料品製造業","10~29","2","物上げ装置、運搬機械","22","動力運搬機","221","トラック","7","はさまれ、巻き込まれ"
"648","2012","平成","24","8","13~14","被災者はハウステント(倉庫)内で材料の移動作業に従事していたが、午後にハウステント裏側でうずくまっていたところを同僚に発見された。周囲には嘔吐した痕跡と体温低下等が見られた。救急搬送時には、意識があったが、搬送先の病院で熱中症により死亡した。","1","製造業","115","輸送用機械等製造業","11509","その他の輸送用機械等製造業","30~49","7","環境等","71","環境等","715","高温・低温環境","12","有害物等との接触"
"649","2012","平成","24","8","8~9","土場において、土のう(重さ1t)をクレーン機能付きドラグショベルで10tダンプに積み込む作業中、当該ドラグショベルのオペレーターが、土のうを積む位置について被災者と話合おうと運転席から身を乗り出したところ、オペレーターが着用していた安全チョッキが旋回レバーに引っ掛かり、当該ドラグショベルが旋回した結果、荷台の上にいた被災者が、動いた土嚢とトッラクのあおりの間に挟まれた。","3","建設業","301","土木工事業","30106","道路建設工事業","1~9","6","荷","61","荷","611","荷姿の物","7","はさまれ、巻き込まれ"
"650","2012","平成","24","7","16~17","被災者は法面吹付け作業前のアンカー打設における試験堀り作業において、削孔機を操作して作業していたところ、飛散防止シートに自ら座り込んだ。他の作業員が熱中症の疑いがあると判断し、日陰に移動させ冷却剤で体を冷やし、スポーツドリンクを飲ませて様子を見たが、体調の回復が見られなかった。その後、救急車で病院へ搬送されたが、死亡が確認された。","3","建設業","301","土木工事業","30106","道路建設工事業","1~9","7","環境等","71","環境等","715","高温・低温環境","11","高温・低温の物との接触"
"651","2012","平成","24","6","1~2","被災者は1ヶ月前より時間外勤務が増大した。過重な時間外労働が行われており、被災当日は午前0時頃帰宅し、風呂場の浴槽にて虚血性心疾患を発生し、翌朝発見された。","8","商業","802","小売業","80209","その他の小売業","50~99","9","その他","92","起因物なし","921","起因物なし","90","その他"
"652","2012","平成","24","5","4~5","工業用薬品の納品のため出発した。高速道路(片側4車線)を走行中、トラック2台が接触し停車しており、被災者が運転していた10tトラックがこれに追突した。","4","運輸交通業","403","道路貨物運送業","40301","一般貨物自動車運送業","10~29","2","物上げ装置、運搬機械","22","動力運搬機","221","トラック","17","交通事故（道路）"
"653","2012","平成","24","4","14~15","ホッパーへの砂利投入作業の際、ホッパーシュート部に砂利が堆積し作業に支障が生じたため、外部から除去作業を行った。被災者は、除去できなかった一部の砂利を除去するため、ホッパー下部に設置されているベルトフィーダからホッパーシュート内部に入った際、砂利に埋まり死亡した。","2","鉱業","202","土石採取業","20202","砂利採取業","1~9","4","仮設物、建築物、構築物等","41","仮設物、建築物、構築物等","418","建築物、構築物","5","崩壊、倒壊"
"654","2012","平成","24","2","8~9","クラブハウス(2階建て)の屋根から、約6m下の駐車場に墜落した。屋根の端部に手すり等はなく、被災者が着用していたのはヘルメットのみであった。","14","接客娯楽業","1403","その他の接客娯楽業","140301","ゴルフ場","1~9","4","仮設物、建築物、構築物等","41","仮設物、建築物、構築物等","415","屋根、はり、もや、けた、合掌","1","墜落、転落"
"655","2012","平成","24","2","14~15","被災者はグラップル(車両本体:クローラ式油圧ショベル)を使用して伐採した木材を搬出作業中、当該グラップルの左キャタピラに轢かれた。","6","農林業","602","林業","60209","その他の林業","1~9","1","動力機械","14","建設機械等","149","その他の建設機械等","7","はさまれ、巻き込まれ"
"656","2012","平成","24","1","14~15","被災者は事業場で生コン車に砂を乗せ建設現場に向かう途中の県道にて、左カーブでセンターラインを越え対向してきた軽トラックと衝突し、そのまま道路脇の側溝に転落し、死亡した。","1","製造業","109","窯業土石製品製造業","10901","セメント・同製品製造業","10~29","2","物上げ装置、運搬機械","22","動力運搬機","221","トラック","17","交通事故（道路）"
"657","2012","平成","24","1","21~22","水産作業場内の排水側溝末流に設置された「グリストラップ」と呼ばれる生ごみ等の回収溝(長さ100センチメートル、幅60センチメートル、深さ90センチメートル)に溜まった水(水深約40センチメートル)に上半身が入り、意識がない状態の被災者が発見され、救急搬送先の病院で死亡した。","8","商業","802","小売業","80201","各種商品小売業","100~299","7","環境等","71","環境等","713","水","10","おぼれ"
"658","2012","平成","24","1","13~14","道路開設工事現場において、10t積みダンプトラックが、丁張設置作業中の被災者と接触した。","3","建設業","301","土木工事業","30106","道路建設工事業","10~29","2","物上げ装置、運搬機械","22","動力運搬機","221","トラック","6","激突され"
"659","2012","平成","24","1","17~18","鋳造工場において、鋳造機、パンチアウトの機械設備から、下方に落ちた砂をストレージに運搬する地下ピット内のコンベア(コンベア幅40センチメートル、被災個所の高さは地面から8センチメートル)において、被災者は右手からコンベアに巻き込まれ、死亡した。","1","製造業","110","鉄鋼業","11002","鋳物業","30~49","2","物上げ装置、運搬機械","22","動力運搬機","224","コンベア","7","はさまれ、巻き込まれ"
"660","2012","平成","24","1","15~16","丸太集積土場において、事業者と被災者の2名は、フォークリフトを用いて、トラック荷台上の丸太の荷降ろし作業を行っていた。事業者が運転したフォークリフトで丸太の下にフォークリフトの爪を差し込み上昇させたところ、丸太の1本が荷台から落下し、トラックの反対側にいた被災者を直撃した。","6","農林業","602","林業","60209","その他の林業","1~9","5","物質、材料","52","材料","522","木材、竹材","4","飛来、落下"
"661","2012","平成","24","12","8~9","敷地内で、生ゴミ回収用の保冷車のフロント硝子を拭いていた被災者は、背後からバックしてきた同僚が運転する車両積載型トラッククレーンとの間に挟まれて死亡した。","15","清掃・と畜業","1501","清掃・と畜業","150102","産業廃棄物処理業","1~9","2","物上げ装置、運搬機械","21","動力クレーン等","212","移動式クレーン","6","激突され"
"662","2012","平成","24","11","11~12","倉庫新築工事現場において、被災者は屋根の据え付け工事を行っていたところ、全体の半分くらいまで屋根の据え付けが終了した状況で当該屋根の端の細かな補正作業中、約5m下のコンクリート製の床に転落し、死亡した。","3","建設業","302","建築工事業","30209","その他の建築工事業","1~9","4","仮設物、建築物、構築物等","41","仮設物、建築物、構築物等","415","屋根、はり、もや、けた、合掌","1","墜落、転落"
"663","2012","平成","24","11","16~17","建設現場で建築資材の積み下ろし業務を終え、高速道路を経由し帰庫するため、片側三車線の中央車線を積載量3tトラック(空車)で走行していたところ、右側後方の追い越し車線から中央車線に進路変更してきたトラックが被災者のトラック右側後部に追突した。追突を受けた勢いで被災者のトラックが左前方へ回転しながら横転し、ガードレールに激突した。","4","運輸交通業","403","道路貨物運送業","40301","一般貨物自動車運送業","30~49","2","物上げ装置、運搬機械","22","動力運搬機","221","トラック","17","交通事故（道路）"
"664","2012","平成","24","10","14~15","高速道路にて、車両故障したため路肩に停車させ、車外にて待機していたところ、後方からタンクローリーが停止中の車両に追突した。そのはずみで車両が押し出され、被災者が側壁にはさまれて死亡した。","4","運輸交通業","403","道路貨物運送業","40301","一般貨物自動車運送業","50~99","2","物上げ装置、運搬機械","22","動力運搬機","221","トラック","17","交通事故（道路）"
"665","2012","平成","24","8","16~17","道路維持修繕工事現場において、のり面除草作業のために2車線道路を片側交互通行に規制中、規制車線側から走行してきたトラックを停止させようとした被災者がトラックに轢かれた。トラックは、被災者と規制車両(車線変更誘導表示付き)に激突し、被災者はトラックに約30mひきずられて死亡した。なお、現場は緩やかなカーブの下り坂であった。","17","その他の事業","1702","その他の事業","170201","警備業","10~29","2","物上げ装置、運搬機械","22","動力運搬機","221","トラック","17","交通事故（道路）"
"666","2012","平成","24","6","9~10","新築マンション基礎工事のアース・オーガーでの土留め杭設置作業時、ドリルを低速回転させての掘削位置決定の際、杭つり上げ用の補巻きのフックが邪魔なため運転席正面右アウトリガーに固定させていた。補巻きのワイヤーロープがアース・オーガーのロッドに近接していたため、回転するロッドに絡まり強く引っ張られ、過重でアウトリガー固定金具が破損してアウトリガーが勢いよく機体側に折りたたまれ、被災者がはさまれた。","3","建設業","302","建築工事業","30201","鉄骨・鉄筋コンクリート造家屋建築工事業","10~29","1","動力機械","14","建設機械等","143","基礎工事用機械","7","はさまれ、巻き込まれ"
"667","2012","平成","24","3","9~10","被災者はタフト機(カーペット製造装置)の運転及び検査業務を行っていたが、タフト機のピンロール(送給ロール)に右腕を巻き込まれてピンロールの上側に引き込まれ、脳挫傷により死亡した。","1","製造業","102","繊維工業","10209","その他の繊維工業","50~99","1","動力機械","16","一般動力機械","163","ロール機（印刷ロール機を除く。）","7","はさまれ、巻き込まれ"
"668","2012","平成","24","2","17~18","被災者は荒地を農地に改良するため、単独でチェーンソーを使用し立木を伐採する作業に従事していた。被災者が作業終了時刻になっても、作業現場から帰社しないため、事業主が現場を確認したところ、切口付近から二股に裂けている伐倒木の裂目に挟まれ、死亡している被災者が発見された。","6","農林業","601","農業","60101","農業","1~9","7","環境等","71","環境等","712","立木等","7","はさまれ、巻き込まれ"
"669","2012","平成","24","2","8~9","橋梁上部工事において、橋梁下部に設置された吊足場の側面に設置されていたブルーシート(端部を足場部材に固定していたもの)が外れ、吊足場上の物の落下防止用のメッシュシートに引っかかっていた。被災者は吊足場の手すりから身を乗り出してブルーシートを引き上げようとしたところ、吊足場から約15m墜落し、その後、斜面を約15m滑落した。","3","建設業","301","土木工事業","30105","橋梁建設工事業","10~29","4","仮設物、建築物、構築物等","41","仮設物、建築物、構築物等","411","足場","1","墜落、転落"
"670","2012","平成","24","2","14~15","被災者は薬品自動計量機内の反転装置に不具合が生じたため、主電源を投入したまま、プラグスイッチが設置されてある整備用ドアを開け整備作業を行っていた。しかし、当該プラグスイッチは機械装置全体を止める構造でなかったため、修繕途中に反転装置が動きだし、反転装置と反転装置支柱の間に挟まれ、死亡した。","1","製造業","108","化学工業","10806","ゴム製品製造業","300~499","3","その他の装置等","39","その他の装置、設備","391","その他の装置、設備","7","はさまれ、巻き込まれ"
"671","2012","平成","24","2","14~15","貯水池底部に堆積した汚泥の浚渫、圧送、搬出し作業に使用する泥上掘削機(フロート構造のドラグショベル)のデモンストレーション作業を行うため、貯水池内(深さ6m)中央部まで進んで上部旋回体を150度旋回させたところ、右前方部から沈み込む形で泥上掘削機が転覆し、運転者と隣にいた被災者が投げ出された。運転室にいた運転者は自力で脱出し無事だったが、被災者は意識のない状態で浮上したことろを救出されたが、死亡が確認された。","3","建設業","301","土木工事業","30199","その他の土木工事業","1~9","1","動力機械","14","建設機械等","142","掘削用機械","10","おぼれ"
"672","2012","平成","24","11","8~9","事業場から林道新設工事現場に向かうため、ダンプトラックを運転し、既設の林道を通行していたところ、路肩からダンプトラックとともに傾斜約40度の斜面を転落した。なお、ダンプトラックは斜面の立木に引っかかったが、運転者は車外に投げ出されたことでさらに下方に転落し、脳挫傷で死亡し、同乗者は肋骨等を骨折した。","3","建設業","301","土木工事業","30199","その他の土木工事業","1~9","2","物上げ装置、運搬機械","22","動力運搬機","221","トラック","1","墜落、転落"
"673","2012","平成","24","11","14~15","枯れ松の伐倒及び搬出作業において、チェーンソーにて伐倒した松の木の幹にワイヤーロープを玉掛けし、ワイヤーロープの他端をトラクター・ショベル(機体重量2.3t)のバケット上面に溶接止めしたフックに掛け、被災者がトラクター・ショベルを後進させて伐倒木を運搬していたところ、トラクター・ショベルの機体が傾いて転倒し、当該トラクター・ショベルの下敷きとなった。","14","接客娯楽業","1403","その他の接客娯楽業","140301","ゴルフ場","30~49","1","動力機械","14","建設機械等","141","整地・運搬・積込み用機械","2","転倒"
"674","2012","平成","24","10","15~16","タクシー乗務中、タクシーを路上に駐車し道路を横断して道路の反対側にあるコンビニエンスストアに寄り、再度道路を横断してタクシーに戻ろうとした際、当該道路を走行してきたバイクに轢かれた。","4","運輸交通業","402","道路旅客運送業","40201","ハイヤー・タクシー業","30~49","2","物上げ装置、運搬機械","23","乗物","231","乗用車、バス、バイク","17","交通事故（道路）"
"675","2012","平成","24","9","11~12","被災当日、被災者は解体された足場材を運ぶ作業を行っていた。被災者の体調が悪そうであったため、職長から昼休憩を早く取るように指示があり、被災者は単独で徒歩にて休憩所まで移動していたが、休憩所前でふらふらとよろめき、熱中症の疑いがあるとして病院に救急搬送されたが、搬送先の病院にて死亡した。","3","建設業","301","土木工事業","30106","道路建設工事業","50~99","7","環境等","71","環境等","715","高温・低温環境","11","高温・低温の物との接触"
"676","2012","平成","24","4","9~10","被災者は工場の火災警報装置架線ケーブル張替工事において、はしごで作業中に墜落した。","3","建設業","303","その他の建設業","30301","電気通信工事業","10~29","3","その他の装置等","37","用具","371","はしご等","1","墜落、転落"
"677","2012","平成","24","4","13~14","加害者が運転する軽ワゴン車は、交差点南側において、被災者が運転するタクシーに衝突した後、赤信号を無視して当該交差点に進入し、歩行者をはねて更に北上し、別の被災者が運転する自転車を巻き込んで、同交差点の北方約200mの地点にある電柱に激突した。","13","保健・衛生業","1302","社会福祉施設","130201","社会福祉施設","30~49","2","物上げ装置、運搬機械","23","乗物","231","乗用車、バス、バイク","17","交通事故（道路）"
"678","2012","平成","24","3","5~6","店舗前の出入口付近を清掃作業中、加害者の運転する中型トラック(平式、ロングボディー型、最大積載荷重2.4t、全長約9m、全幅約2m)が店舗前に駐車するため、後進してきて激突され、さらに店舗の柱部との間にはさまれた。","8","商業","802","小売業","80209","その他の小売業","10~29","2","物上げ装置、運搬機械","22","動力運搬機","221","トラック","6","激突され"
"679","2012","平成","24","2","7~8","現場移動のため、国道を自動二輪車で移動中、信号のない交差点から進入してきた軽トラックと接触し、「外傷性くも膜下出血、脳挫傷」により死亡した。","17","その他の事業","1702","その他の事業","170201","警備業","10~29","2","物上げ装置、運搬機械","22","動力運搬機","221","トラック","17","交通事故（道路）"
"680","2012","平成","24","1","13~14","保冷トラック(積載荷重3t)で商品配送中、国道交差点の右折レーンにおいて、右折待ちトラック(積載荷重3t)に追突した(バス、トラック等計4台が絡んだ多重事故)。","4","運輸交通業","403","道路貨物運送業","40301","一般貨物自動車運送業","30~49","2","物上げ装置、運搬機械","22","動力運搬機","221","トラック","17","交通事故（道路）"
"681","2012","平成","24","1","17~18","シールド2次覆工における坑内電線撤去作業中、牽引中の電線台車が転倒し、電線台車の横にいた作業員が台車の下敷きになって死亡した。","3","建設業","301","土木工事業","30110","上下水道工事業","1~9","3","その他の装置等","39","その他の装置、設備","391","その他の装置、設備","5","崩壊、倒壊"
"682","2012","平成","24","11","10~11","人工林の立木の伐倒作業で、チェーンソーにより立木に受け口を切り、続いて追い口を切ったところ、立木が追い口から上方に向けて裂けて跳ね上がり被災者の背部に落下し、胸部圧迫骨折により死亡した。","6","農林業","602","林業","60209","その他の林業","1~9","7","環境等","71","環境等","712","立木等","4","飛来、落下"
"683","2012","平成","24","11","14~15","被災者は、住宅のウッドデッキの屋根部分に鋼板を貼付ける作業のため、現場に単独で入場した。午後に応援の労働者が、ウッドデッキ前の地面に頭部から血を流し倒れている被災者を発見した。周囲は血まみれで、はしごが倒れており、ヘルメット、靴、道具が散乱していた。病院へ救急搬送されるも意識不明が続き、死亡した。","3","建設業","302","建築工事業","30203","建築設備工事業","1~9","4","仮設物、建築物、構築物等","41","仮設物、建築物、構築物等","415","屋根、はり、もや、けた、合掌","1","墜落、転落"
"684","2012","平成","24","11","17~18","製品置き場において、作業員が3段に積み重ねた金属製の空箱(高さ約1.5m)を所定場所まで人力で移動させていたところ急に傾き、隣にあった網籠(高さ約3.5m)に3段目の空箱の角の一部が引っかかってしまった。作業員単独で引っかかりを外すため空箱をゆすっていたところ、網籠が3段目から崩れ、補助に来た被災者に激突した。","1","製造業","112","金属製品製造業","11209","その他の金属製品製造業","50~99","6","荷","61","荷","611","荷姿の物","5","崩壊、倒壊"
"685","2012","平成","24","11","7~8","被災者はプラスチック原材料を攪拌するヒータミキサー内に立ち入って掃除作業を行っていたところ、同僚作業者がヒータミキサーの起動スイッチを押したためヒータミキサー内の攪拌羽が回転し、攪拌羽に巻き込まれて死亡した。なお、同僚労働者はクーラミキサーの起動スイッチを押すつもりであったが、誤ってヒータミキサーの起動スイッチを押したため、本件災害が発生した。","1","製造業","108","化学工業","10805","プラスチック製品製造業","50~99","1","動力機械","16","一般動力機械","162","混合機、粉砕機","7","はさまれ、巻き込まれ"
"686","2012","平成","24","11","8~9","4階建てマンションの屋上防水工事現場において、当該マンションの屋上に移動するために隣接するマンションの屋上に上がり、床に養生シートを敷く作業中、屋上の外周にある立ち上がりに被災者が右足のかかとを引っ掛けて体勢を崩し、高さ約12mから地上に墜落し、死亡した。","3","建設業","303","その他の建設業","30309","その他の建設業－その他","1~9","4","仮設物、建築物、構築物等","41","仮設物、建築物、構築物等","418","建築物、構築物","1","墜落、転落"
"687","2012","平成","24","11","16~17","被災者はスリッターラインの一部の点検作業を行っていたところ、点検箇所が空気圧で昇降するテーブルの下部であり、そのテーブルが被災者の背中から下降したため、機械の土台のコンクリートとテーブルの間に挟まれて死亡した。","1","製造業","110","鉄鋼業","11009","その他の鉄鋼業","50~99","1","動力機械","15","金属加工用機械","159","その他の金属加工用機械","7","はさまれ、巻き込まれ"
"688","2012","平成","24","10","5~6","卸売市場において、トラックの荷台で生のスルメイカが入った発泡スチロール製の箱が崩れないよう2名で手で押さえていた。次の場所へ移動するため、トラックをゆっくり走行させたところ、被災者がトラックの荷台から墜落した。","8","商業","801","卸売業","80109","その他の卸売業","10~29","2","物上げ装置、運搬機械","22","動力運搬機","221","トラック","1","墜落、転落"
"689","2012","平成","24","10","5~6","4tトラックにより、国道を配送のため走行中、交差点手前で車道を歩いていた歩行者をはね、対向車線に進入して対向車に衝突し、被災者(運転手)が死亡した。","4","運輸交通業","403","道路貨物運送業","40301","一般貨物自動車運送業","10~29","2","物上げ装置、運搬機械","22","動力運搬機","221","トラック","17","交通事故（道路）"
"690","2012","平成","24","10","4~5","被災者が運転するトラックが、渋滞で停止していたワンボックス車に追突した。","4","運輸交通業","403","道路貨物運送業","40301","一般貨物自動車運送業","30~49","2","物上げ装置、運搬機械","22","動力運搬機","221","トラック","17","交通事故（道路）"
"691","2012","平成","24","10","12~13","小型自動二輪車を運転して営業所から本社へ移動中、道路上に停車中のトラックに後方から追突して負傷、死亡した。","8","商業","802","小売業","80205","新聞販売業","10~29","2","物上げ装置、運搬機械","23","乗物","231","乗用車、バス、バイク","17","交通事故（道路）"
"692","2012","平成","24","10","16~17","工場解体工事現場において、足場の組立作業を行っていた被災者は、解体予定の工場のスレート屋根上を移動中、明り取りの塩化ビニル波板を踏み抜き、約8mの高さから工場床に墜落した。","3","建設業","302","建築工事業","30209","その他の建築工事業","10~29","4","仮設物、建築物、構築物等","41","仮設物、建築物、構築物等","415","屋根、はり、もや、けた、合掌","1","墜落、転落"
"693","2012","平成","24","9","14~15","廃材として運び込まれた空ドラム缶(有機溶剤容器として使用していたもの)を事業場で使うガラ入れとするために、上部の蓋をくり抜こうとエアープラズマ切断機で作業していたところ、ドラム缶が爆発し被災した。","8","商業","801","卸売業","80109","その他の卸売業","1~9","5","物質、材料","51","危険物、有害物等","512","引火性の物","14","爆発"
"694","2012","平成","24","9","8~9","作業開始直後の1個目の製品を加工する時は、計測作業のために安全柵の中に入る必要があり、災害発生時、産業ロボットのサイクル停止操作を行い、定位置で停止させてから安全柵の入口に設置している安全プラグを抜き、2重の停止操作を行ってから安全柵の中に入って計測作業をしていた。この際、原因は不明であるが、産業ロボットが動き出し製品と産業用ロボットのアームとの間に胸部が挟まれた。","1","製造業","112","金属製品製造業","11209","その他の金属製品製造業","50~99","1","動力機械","16","一般動力機械","167","産業用ロボット","7","はさまれ、巻き込まれ"
"695","2012","平成","24","8","3~4","高架橋塗替塗装工事において、橋脚間につり足場を設置する作業中、ずれた足場の位置を補正するため、レバーブロックを使用してつり足場を牽引する作業を行っていた際、作業員がレバーブロックの緊張を戻したところ、牽引していた足場の一部(2m×4m)が崩壊し、崩壊した足場上にいた被災者は、足場材料と共に約14m下のコンクリート製通路に墜落した。","3","建設業","303","その他の建設業","30309","その他の建設業－その他","30~49","4","仮設物、建築物、構築物等","41","仮設物、建築物、構築物等","411","足場","1","墜落、転落"
"696","2012","平成","24","8","22~23","被災者は勤務を終えて通勤に使用している自転車に乗り、駐輪場を出て事業場の出口に向かって走行していた。階上にトラックを移動するための傾斜路(ランプウェイ)を横切ろうとしたところ、当該ランプウェイに左折して侵入してきた貨物自動車に激突され、死亡した。","8","商業","804","その他の商業","80401","倉庫業","300~499","2","物上げ装置、運搬機械","22","動力運搬機","221","トラック","6","激突され"
"697","2012","平成","24","8","7~8","工作所の工場のスレート屋根上で、雨漏り補修のため、波鉄板を敷き込む作業中、スレートを踏み抜き高さ約5mから墜落し、死亡した。","3","建設業","302","建築工事業","30209","その他の建築工事業","1~9","4","仮設物、建築物、構築物等","41","仮設物、建築物、構築物等","415","屋根、はり、もや、けた、合掌","1","墜落、転落"
"698","2012","平成","24","8","8~9","暑さ対策のため、工場屋根に散水機及びホースを設置するために事務所2階の窓から登って作業をしていたところ、スレート屋根の明り取り部分の波板を踏み抜き、約7m下の工場土間コンクリートに墜落して死亡した。","1","製造業","113","一般機械器具製造業","11301","機械（精密機械を除く）器具製造業","1~9","4","仮設物、建築物、構築物等","41","仮設物、建築物、構築物等","415","屋根、はり、もや、けた、合掌","1","墜落、転落"
"699","2012","平成","24","7","16~17","被災者は厨房内で作業中にしゃがみこむ等、体調不良であったため事務所内で休憩していたが、休憩中に意識を失い、救急搬送された病院で死亡した。なお、災害発生日の最高気温は34.7度であった(気象庁発表)。","14","接客娯楽業","1402","飲食店","140201","一般飲食店","10~29","7","環境等","71","環境等","715","高温・低温環境","11","高温・低温の物との接触"
"700","2012","平成","24","7","14~15","被災者は他の労働者5名とともに、コンバインにおける小麦の刈り取り性能調査を行うため、小麦畑において小麦の刈り取り作業を行っていた。被災者が、畑のへりにおいて方向転換のため後進したところ、へりの先の窪地(土手下)に機械とともに転落し、当該機械の下敷きになった。","1","製造業","113","一般機械器具製造業","11301","機械（精密機械を除く）器具製造業","300~499","1","動力機械","16","一般動力機械","169","その他の一般動力機械","1","墜落、転落"
"701","2012","平成","24","7","21~22","路上に停車中の冷蔵冷凍車の荷台内で、被災者が倒れているところを発見され、搬送先の病院で死亡が確認された。なお、荷台の扉は完全には閉まっておらず、積み荷は、アイスクリーム約500箱と冷凍の魚で、アイスクリームの箱の中には、個々にドライアイスが入っていた。","4","運輸交通業","403","道路貨物運送業","40301","一般貨物自動車運送業","30~49","7","環境等","71","環境等","714","異常環境等","12","有害物等との接触"
"702","2012","平成","24","7","11~12","住宅地盤沈下修正工事現場において、当該住宅床下の地盤を手掘りで横方向に掘削している際に、住宅基礎部分のコンクリートの一部が上から崩落し、被災者の体の一部が掘削地面との間に挟まった(掘削高さ約1.5m、奥行き約2m)。被災後、天候が豪雨となり、掘削箇所に浸水し、救出するまでの間に溺死した。","3","建設業","302","建築工事業","30202","木造家屋建築工事業","1~9","4","仮設物、建築物、構築物等","41","仮設物、建築物、構築物等","418","建築物、構築物","5","崩壊、倒壊"
"703","2012","平成","24","7","20~21","通勤途中単車で移動していたところ、観光バスと接触、救急搬送されたが、搬送先の病院で死亡した。","9","金融・広告業","902","広告・あっせん業","90209","その他の広告・あっせん業","50~99","2","物上げ装置、運搬機械","23","乗物","231","乗用車、バス、バイク","17","交通事故（道路）"
"704","2012","平成","24","7","11~12","橋梁の上部撤去工事現場において、トラスト部材(欄干)の切断撤去後の足場の解体作業中、地上からの高さ約8mの足場から河川敷へ墜落し、死亡した。","3","建設業","303","その他の建設業","30309","その他の建設業－その他","1~9","4","仮設物、建築物、構築物等","41","仮設物、建築物、構築物等","411","足場","1","墜落、転落"
"705","2012","平成","24","7","8~9","取引先へ商品を納入するため高速道路を走行中、ガードレールに激突し死亡した。","1","製造業","112","金属製品製造業","11209","その他の金属製品製造業","1~9","2","物上げ装置、運搬機械","22","動力運搬機","221","トラック","17","交通事故（道路）"
"706","2012","平成","24","7","14~15","建物の解体及び新築工事に係る事前調査を行っていた際、当該建物屋上にて、建物上空を通っている特別高圧の架空電線(屋上との距離約7m)と屋上の距離を測定しようとアルミ製標尺を架空電線に近づけたところ、感電し死亡した。","17","その他の事業","1702","その他の事業","170209","その他の事業－その他","10~29","3","その他の装置等","35","電気設備","351","送配電線等","13","感電"
"707","2012","平成","24","7","3~4","卸売市場地上1階にある勤務先の店舗から、同市場地下1階にある鮮魚卸売商の水槽(生簀)に活魚を仕入れるため、勤務先所有の自転車に乗り、地上1階から地下1階につながるスロープ(長さ約110m、勾配約4.5度)を下っていたところ、転倒し、コンクリート通路で右側頭部から後頭部にかけてを強打し、急性硬膜下血腫を発症、救急搬送先の病院で死亡した。","8","商業","801","卸売業","80109","その他の卸売業","1~9","2","物上げ装置、運搬機械","23","乗物","239","その他の乗物","2","転倒"
"708","2012","平成","24","6","16~17","体育館躯体解体工事現場において、強風による足場の倒壊を防止するため、足場と躯体を固縛すべく繊維ロープの取付け作業を行っている際に発生した。被災者は、高さ約13mの足場7段目若しくは8段目作業床から、手すり及び筋かいを乗り越えて躯体屋上の腰壁部分に移動しようとした際、躯体と足場の間から墜落し死亡した。","3","建設業","302","建築工事業","30201","鉄骨・鉄筋コンクリート造家屋建築工事業","1~9","4","仮設物、建築物、構築物等","41","仮設物、建築物、構築物等","411","足場","1","墜落、転落"
"709","2012","平成","24","6","9~10","住宅建築現場において、トラックで搬送してきた住宅資材を移動式クレーンでつり上げ現場へ降ろしている際に、資材が玉掛け用具(ベルトスリング)から滑り落ち、玉掛け作業を指示していた被災者は、その下敷きとなり死亡した。","4","運輸交通業","403","道路貨物運送業","40301","一般貨物自動車運送業","30~49","3","その他の装置等","37","用具","372","玉掛用具","4","飛来、落下"
"710","2012","平成","24","5","10~11","被災者は運送業の労働者であり、配送先において、テールゲートリフターを使用して荷(300~400キログラムのカーゴ)を降ろす作業中、地面近くで荷がリフターから滑り落ちそうになったため荷を支えようとしたところ荷が倒れ、その下敷きとなった。","4","運輸交通業","403","道路貨物運送業","40301","一般貨物自動車運送業","30~49","6","荷","61","荷","611","荷姿の物","5","崩壊、倒壊"
"711","2012","平成","24","5","12~13","工場内の水銀灯交換のため、フォークリフトにパレットを13枚を重ね、その上に被災者が乗ってマストを上げ電球の交換作業をしていたところ、被災者がパレットから、約7m転落した。","1","製造業","112","金属製品製造業","11209","その他の金属製品製造業","30~49","2","物上げ装置、運搬機械","22","動力運搬機","222","フォークリフト","1","墜落、転落"
"712","2012","平成","24","5","13~14","被災者らは、午前中にドラグ・ショベルでの掘削を終え、午後から溝の中に入り、掘削した溝の底をならす作業を終了し、樹脂製排水管を配置するため溝より出ようとしていたところ、溝の中央あたりで土砂が崩れ生き埋めとなった。なお、掘削の全長は約16m、幅約0.55m、深さは深いところで約2.6m、浅いところでは0.45mであった。","14","接客娯楽業","1403","その他の接客娯楽業","140301","ゴルフ場","100~299","7","環境等","71","環境等","711","地山、岩石","5","崩壊、倒壊"
"713","2012","平成","24","5","23~24","従業員が食器洗浄機を使用していた際、機械が突然停止し煙が出たため、電源を落とし作業を中断した。従業員は被災者(店長)に報告し、被災者は機械の扉を開け中を確認していた。その際、従業員は被災者に背を向け他の業務を行っていたが、しばらくして振り返ると、機械の中で感電し倒れている被災者を発見した。","14","接客娯楽業","1402","飲食店","140201","一般飲食店","10~29","3","その他の装置等","35","電気設備","359","その他の電気設備","13","感電"
"714","2012","平成","24","5","14~15","LNGプラントのおける取水設備の点検、清掃、クラゲ防止網取付作業の際、被災者は海面から深さ5mの位置にある取水配管内に潜水し最終確認作業を行っていた。作業開始から約45分後、送気ホースの動きが止まった事に気づいた労働者が手繰り寄せたところすでに被災者は意識を失っており、救急搬送された病院で死亡した。","3","建設業","303","その他の建設業","30309","その他の建設業－その他","100~299","7","環境等","71","環境等","713","水","10","おぼれ"
"715","2012","平成","24","4","22~23","社用車(2tトラック)を運転して出張中、信号待ちしていた車両(20tタンクローリー)に追突して死亡した。","1","製造業","114","電気機械器具製造業","11409","その他の電気機械器具製造業","300~499","2","物上げ装置、運搬機械","22","動力運搬機","221","トラック","17","交通事故（道路）"
"716","2012","平成","24","4","13~14","鍛造工場内にて、技能実習生の被災者がフリクションプレス稼働させた後、ヘルメットがプレス上部から落ちてきたため確認したところ、フライホイールとフリクションホイールの間に被災者がはさまれていた。被災者は、左側頭部及び左肩がはさまれて死亡した。","1","製造業","112","金属製品製造業","11203","金属プレス製品製造業","50~99","1","動力機械","15","金属加工用機械","154","プレス機械","7","はさまれ、巻き込まれ"
"717","2012","平成","24","4","14~15","除塵機にレーキ(鉄製の先端が櫛状になった部品)を取り付ける作業中、沈砂池ポンプ棟地下1階にいる作業者がテルハを用いてレーキを降下させていた際、レーキが急激に加速し、同地下3階にある水路内のスクリーン(鉄製の格子状の板)裏にいた被災者がスクリーン開口部とレーキの間に頭部を挟まれた。","3","建設業","303","その他の建設業","30302","機械器具設置工事業","1~9","3","その他の装置等","39","その他の装置、設備","391","その他の装置、設備","7","はさまれ、巻き込まれ"
"718","2012","平成","24","3","18~19","2階の調合室にて、パレット(1.1×2m)にのせたコーヒー豆250キログラムをフォークリフトにて1階まで荷下ろしするために、壁面を開口した資材搬入口(タテ1.97、ヨコ2.4m)まで金具をパレット穴に引っかけて後ろ歩きに引いて寄せる作業をしていたところ、誤って搬入口から3.6m下の1階床に墜落した。","1","製造業","101","食料品製造業","10106","飲料（酒類を除く）製造業","30~49","4","仮設物、建築物、構築物等","41","仮設物、建築物、構築物等","416","作業床、歩み板","1","墜落、転落"
"719","2012","平成","24","3","13~14","被災者は当該建設現場内に設置された工事用エレベーターの調整作業を行っていた。被災者がピット内に残り、同僚が搬器上でエレベーターを操作し、搬器を上昇させたところ、被災者は下降してきたカウンターウェイトと鉄骨梁に腹部を挟まれ死亡した。","3","建設業","303","その他の建設業","30302","機械器具設置工事業","100~299","2","物上げ装置、運搬機械","21","動力クレーン等","214","エレベータ、リフト","7","はさまれ、巻き込まれ"
"720","2012","平成","24","3","12~13","社用車で高速道路を運転中、下り線で中央分離帯の標識に激突し、追い越し車線に横転した。被災者は、救急搬送されたが、頭部を強打したことによる出血多量で死亡した。","17","その他の事業","1702","その他の事業","170209","その他の事業－その他","50~99","2","物上げ装置、運搬機械","23","乗物","231","乗用車、バス、バイク","17","交通事故（道路）"
"721","2012","平成","24","3","16~17","作業床の高さが約10mの高所作業車を用いて公園の高木の剪定作業を行っている際、当該高所作業車が被災者を乗せたまま転倒した。","6","農林業","601","農業","60101","農業","1~9","1","動力機械","14","建設機械等","146","高所作業車","2","転倒"
"722","2012","平成","24","3","16~17","作業床の高さが約11mの高所作業車を用いて公園の高木の剪定作業を行っている際、当該高所作業車が被災者を乗せたまま転倒した。","6","農林業","601","農業","60101","農業","1~9","1","動力機械","14","建設機械等","146","高所作業車","2","転倒"
"723","2012","平成","24","3","12~13","被災者は、50ccバイクに乗り県道走行中、交差点において、右折してきたトラックに衝突し、脳挫傷により死亡した。","8","商業","802","小売業","80205","新聞販売業","30~49","2","物上げ装置、運搬機械","23","乗物","231","乗用車、バス、バイク","17","交通事故（道路）"
"724","2012","平成","24","3","23~24","次の客先へ向かうため、高速道路出口を出たところ、本線からの直進車が車両側部に激突し、助手席に乗っていた被災者が死亡した。","17","その他の事業","1702","その他の事業","170209","その他の事業－その他","10~29","2","物上げ装置、運搬機械","23","乗物","231","乗用車、バス、バイク","17","交通事故（道路）"
"725","2012","平成","24","3","15~16","被災者は1階にある操作盤により、2階に停止中の荷物用昇降機を作動させたところ、不具合により2階から1階へ搬器が降りてこなかった。被災者は点検を行うため2階から搬器へ乗り点検を行っていたところ、突然に搬器が落下したため、1階へ墜落した。","1","製造業","106","パルプ・紙・紙加工品製造業","10602","紙加工品製造業","10~29","2","物上げ装置、運搬機械","21","動力クレーン等","214","エレベータ、リフト","1","墜落、転落"
"726","2012","平成","24","3","12~13","工場内工業用水の配管の修理終了後、工事立会人であった被災者は、補修工事のため閉めていた配管バルブを開けるため、工場内配線ラックの防護ボード(地上約5m、石膏厚さ1センチメートル)付近を歩行していたところ、防護ボードが割れて地上へ落下、救急搬送先の病院において死亡した。","1","製造業","110","鉄鋼業","11001","製鉄・製鋼・圧延業","100~299","4","仮設物、建築物、構築物等","41","仮設物、建築物、構築物等","418","建築物、構築物","1","墜落、転落"
"727","2012","平成","24","3","14~15","被災者は高速道路建設工事現場にてドラグ・ショベルを運転し、法面に生えた木の根を伐根・集積する作業を幅約4mの地山等で行っていたところ、当該地山等が崩落し、ドラグ・ショベルごと約17m下の谷底に転落した。","3","建設業","301","土木工事業","30106","道路建設工事業","10~29","1","動力機械","14","建設機械等","142","掘削用機械","1","墜落、転落"
"728","2012","平成","24","3","15~16","被災者は立体駐車場の機械部分等の保守点検作業を実施するため、高さ約16mの箇所に自動車用搬器の上に乗って移動し、当該自動車用搬器を作業床として、駆動部分等の点検を行っていたところ、開口部から墜落した。","8","商業","804","その他の商業","80409","その他の商業－その他","10~29","4","仮設物、建築物、構築物等","41","仮設物、建築物、構築物等","414","開口部","1","墜落、転落"
"729","2012","平成","24","2","11~12","カフェの厨房にて、立ったままカウンターに伏せている被災者が発見された。発見者が声かけするも返答なし。体を床に寝かし脈を確認したが無かったため救急車を呼び、看護師による心肺蘇生を行ったものの回復せず、救急搬送先の病院で「心筋梗塞」のため死亡した。","13","保健・衛生業","1302","社会福祉施設","130201","社会福祉施設","30~49","9","その他","99","分類不能","999","分類不能","99","分類不能"
"730","2012","平成","24","2","11~12","ポンプの金属部品(重量1.4t)を溶接加工していた際、仮止めしていた溶接箇所が外れて当該部品が落下し、被災者が下敷きとなり死亡した。","1","製造業","112","金属製品製造業","11209","その他の金属製品製造業","10~29","5","物質、材料","52","材料","521","金属材料","4","飛来、落下"
"731","2012","平成","24","2","11~12","到着した貨物船からコンテナを陸揚げするにあたり、コンテナが載ったシャーシ(コンテナを載せた状態で着港したもの)をトレーラーで牽引し、貨物船と岸壁を往復する作業中、岸壁部分でコンテナ(間口2.4m×2.5m、奥行6m、約9t)がシャーシから右前方に飛び出すように崩れ、運転席に激突した。","4","運輸交通業","403","道路貨物運送業","40301","一般貨物自動車運送業","30~49","2","物上げ装置、運搬機械","22","動力運搬機","221","トラック","6","激突され"
"732","2012","平成","24","2","4~5","被災者が運転する4tトラックは、高速道路を走行中、前方走行中のトレーラーに追突し、弾みで中央分離帯とガードレールに接触、炎上した。鎮火後、車内から被災者が遺体で発見された。","4","運輸交通業","403","道路貨物運送業","40301","一般貨物自動車運送業","1~9","2","物上げ装置、運搬機械","22","動力運搬機","221","トラック","17","交通事故（道路）"
"733","2012","平成","24","1","11~12","木造家屋解体工事において、廃材をニブラを用いてダンプトラックに積み込む作業を行っていたところ、積み込み後、荷掛のため荷台の廃材上で荷均作業中に体勢を崩し、後ろ向きに約3mの高さから地面に墜落した。被災者は、頸髄損傷のため、入院先の病院で死亡した。","3","建設業","303","その他の建設業","30309","その他の建設業－その他","1~9","2","物上げ装置、運搬機械","22","動力運搬機","221","トラック","1","墜落、転落"
"734","2012","平成","24","1","12~13","被災者は6階建て鉄骨建屋解体工事において、6階から屋上部分に通じる外部階段を切断する作業中、先行して撤去されていた手すり部分から墜落した。なお、安全帯は装着していたが、使用されていなかった。","3","建設業","302","建築工事業","30209","その他の建築工事業","10~29","4","仮設物、建築物、構築物等","41","仮設物、建築物、構築物等","413","階段、桟橋","1","墜落、転落"
"735","2012","平成","24","1","15~16","被災者は看板及び提灯設置用のフレーム取付作業中、フレームと躯体の間にできた隙間を、スライダー式のはしごに上って足元の高さ2.5mの位置で確認していたところ、バランスを崩し地面に墜落した。","3","建設業","303","その他の建設業","30309","その他の建設業－その他","1~9","3","その他の装置等","37","用具","371","はしご等","1","墜落、転落"
"736","2012","平成","24","1","9~10","配達のため車で走行中、大動脈断裂によりくも膜下出血で意識不明となり、交通事故を起こし失血死した。","8","商業","802","小売業","80209","その他の小売業","1~9","2","物上げ装置、運搬機械","23","乗物","231","乗用車、バス、バイク","17","交通事故（道路）"
"737","2012","平成","24","5","8~9","被災者は2階屋上に設けられた機械室の屋上(高さ3.7m)においてクレーンの誘導作業を行っていたが、2階屋上に倒れた状態で発見された。","3","建設業","303","その他の建設業","30302","機械器具設置工事業","10~29","4","仮設物、建築物、構築物等","41","仮設物、建築物、構築物等","418","建築物、構築物","1","墜落、転落"
"738","2012","平成","24","8","17~18","被災者は社用車にて交差点を西に向け直進したところ、右折してきた移動式クレーンと衝突した。","8","商業","801","卸売業","80109","その他の卸売業","10~29","2","物上げ装置、運搬機械","23","乗物","231","乗用車、バス、バイク","17","交通事故（道路）"
"739","2012","平成","24","10","23~24","国道において、4tトラックで走行中対向車線に入り、走ってきた大型トラックと正面衝突した。","4","運輸交通業","403","道路貨物運送業","40301","一般貨物自動車運送業","1~9","2","物上げ装置、運搬機械","22","動力運搬機","221","トラック","17","交通事故（道路）"
"740","2012","平成","24","12","7~8","被災者は砂利搬送作業を行うため採石船に乗り込んだ。その際、出航前の打ち合わせを行う前に珈琲を飲むため、早めに船に乗り込んでいた作業員が甲板下の空きスペースに備え付けられていたプロパンガスボンベが直結されていたガスコンロに火をつけようとしていたが、点火装置が故障していたため、柄の長い携帯用点火装置で火をつけたところ引火し、爆発した。","2","鉱業","202","土石採取業","20202","砂利採取業","1~9","5","物質、材料","51","危険物、有害物等","513","可燃性のガス","14","爆発"
"741","2012","平成","24","12","20~21","採用説明会に出席したあと、事業場へ帰るために高速道路を神戸方面に走行中、スリップにより中央分離帯に衝突し、はずみで反対の走行車線側の動物除け金網を突き破り、のり面で横転。運転者は脳挫傷により死亡した。","17","その他の事業","1702","その他の事業","170209","その他の事業－その他","30~49","2","物上げ装置、運搬機械","23","乗物","231","乗用車、バス、バイク","17","交通事故（道路）"
"742","2012","平成","24","7","7~8","被災者が出社してこないため、社員宿舎に上司が様子を見に行ったところ、被災者が居室のドアノブに洗濯ロープを掛けた状態で縊死していた。","1","製造業","112","金属製品製造業","11209","その他の金属製品製造業","50~99","9","その他","92","起因物なし","921","起因物なし","90","その他"
"743","2012","平成","24","12","12~13","道路舗装工事現場において、工事のため道路を片側交互通行としていた。被災者は交差点の北側で南進してくる自動車を停車させるために道路上で待機していたところ、南側から北進してきた自動車に激突された。","17","その他の事業","1702","その他の事業","170201","警備業","10~29","2","物上げ装置、運搬機械","23","乗物","231","乗用車、バス、バイク","17","交通事故（道路）"
"744","2012","平成","24","12","11~12","船の修理時に使用する船台の床面張り替え作業を行うため、被災者はジブクレーンを使用して、無線操作により材料である鉄板の端をクランプ1個で挟みつり上げていたところ、クランプから鉄板が外れ、鉄板の近くにいた被災者に落下し、地面と鉄板の間に挟まれた。","1","製造業","115","輸送用機械等製造業","11501","造船業","1~9","3","その他の装置等","37","用具","372","玉掛用具","4","飛来、落下"
"745","2012","平成","24","12","11~12","被災者は配達先に設置されているエレベーターを2階から下降させようとしたところ、2階床面と搬器の隙間に台車の車輪止めに使用していた角材が挟まり搬器が下降しなかったため、配達先の労働者が当該角材を取り除く作業を行った。その際、被災者が搬器内部に上半身を入れた状態で当該作業を見ていたところ、その角材が取り除かれた瞬間に搬器が落下し、搬器の天井部分と2階床面との間に挟まれた。","1","製造業","106","パルプ・紙・紙加工品製造業","10602","紙加工品製造業","30~49","2","物上げ装置、運搬機械","21","動力クレーン等","214","エレベータ、リフト","7","はさまれ、巻き込まれ"
"746","2012","平成","24","12","14~15","2階建て木造家屋建築工事現場において、移動式クレーンを使用して2階の外壁材(木材)を搬入中、つり上げていた外壁材が風の影響で揺れ、2階壁部の上枠の上に立っていた被災者がそれを回避しようとしたところ、約2.5m下の2階床面に墜落したもの。","3","建設業","302","建築工事業","30202","木造家屋建築工事業","1~9","4","仮設物、建築物、構築物等","41","仮設物、建築物、構築物等","415","屋根、はり、もや、けた、合掌","1","墜落、転落"
"747","2012","平成","24","11","11~12","公園にある角度33度、上下幅約10mの、のり枠内の草刈り作業を行っていた際、その下にある角度75度の擁壁から、垂直高さ約5.4m下のコンクリート溝に墜落した。","6","農林業","601","農業","60101","農業","1~9","4","仮設物、建築物、構築物等","41","仮設物、建築物、構築物等","418","建築物、構築物","1","墜落、転落"
"748","2012","平成","24","11","8~9","瓦の葺き替え工事において、被災者を含む3名で、1階の屋根上で既存の瓦を剥がす作業を行っていた。各々の分担場所に分かれて作業を行うため、分かれて間もなく、責任者が何かが落ちる音がしたため、移動はしご付近の軒下を見に行くと被災者が敷石の上に倒れていた。被災者は救急搬送されて処置を受けたが死亡した。","3","建設業","302","建築工事業","30209","その他の建築工事業","1~9","3","その他の装置等","37","用具","371","はしご等","1","墜落、転落"
"749","2012","平成","24","11","8~9","地すべりの復旧工事において、河川の護岸工として「ふとんかご」を設置する作業に被災者が従事していたところ、かご枠の部品(1枚20キログラム)20枚を現場に搬入するため車両系建設機械(バックホー)のバケットつり金具にワイヤロープを玉掛けしてつり上げていた際、玉掛けワイヤロープが外れて直下で荷降ろし準備をしていた被災者に荷が落下した。","3","建設業","301","土木工事業","30199","その他の土木工事業","1~9","3","その他の装置等","37","用具","372","玉掛用具","4","飛来、落下"
"750","2012","平成","24","10","16~17","被災者は2本あるシールドのうちひとつのシールド坑内にて作業中、PHSに応答しなかったため同僚が現場に駆けつけたところ、自走式台車と台車レールとの間にはさまった状態で発見された。","1","製造業","117","その他の製造業","11702","機械修理業","50~99","2","物上げ装置、運搬機械","21","動力クレーン等","211","クレーン","4","飛来、落下"
"751","2012","平成","24","10","6~7","のり採苗場において、被災者は同僚が運転するフォークリフトのフォークに乗り、場内に張っている高さ3~4mの日よけ網を直そうとしていた際、1.7mのフォーク上から体勢を崩し、頭からコンクリート床に墜落した。","7","畜産・水産業","702","水産業","70209","その他の水産業","10~29","2","物上げ装置、運搬機械","22","動力運搬機","222","フォークリフト","1","墜落、転落"
"752","2012","平成","24","10","3~4","事業所岸壁に、石炭の荷揚げのため接岸していた運搬船の船倉の石炭をベルトコンベアで陸上の貯炭場に供給中、当該コンベアのベルトとローラーの間に挟まれている被災者が発見された。","4","運輸交通業","401","鉄道・軌道・水運・航空業","40102","水運業","50~99","2","物上げ装置、運搬機械","22","動力運搬機","224","コンベア","7","はさまれ、巻き込まれ"
"753","2012","平成","24","9","13~14","スレート葺き建物の屋根材を撤去する作業中、被災者は屋根の石膏ボードを踏み抜いて約5mの高さから墜落した。","3","建設業","302","建築工事業","30202","木造家屋建築工事業","1~9","4","仮設物、建築物、構築物等","41","仮設物、建築物、構築物等","414","開口部","1","墜落、転落"
"754","2012","平成","24","9","14~15","被災者は荷物を届けるため、配送先の通用口前の駐車場に車両を停車させ降車し、通用口に向かったところ、車両が動き出し、通用口の庇下に張られている風除シートと車両との間に挟まれた。","4","運輸交通業","403","道路貨物運送業","40301","一般貨物自動車運送業","10~29","2","物上げ装置、運搬機械","22","動力運搬機","221","トラック","7","はさまれ、巻き込まれ"
"755","2012","平成","24","9","13~14","網船2隻と漁獲物運搬船(総t数6.2t、被災者と操舵者の2名が乗船)でシラス漁を行っていた際、漁獲運搬船に乗船していた被災者が船上におらず、行方不明となった。周辺を捜索したが見つからず、数日後海上で遺体が発見された。","7","畜産・水産業","702","水産業","70201","漁業","1~9","2","物上げ装置、運搬機械","22","動力運搬機","229","その他の動力運搬機","10","おぼれ"
"756","2012","平成","24","9","9~10","ボイラー室内の配管を取り替える工事において、被災者と他1名で銅製の既存配管を切断する作業を行っていた。被災者は、貯湯槽上で電動式の可搬式グラインダを用いて配管を切っていたところ、配管上に倒れ込んだ。","3","建設業","303","その他の建設業","30302","機械器具設置工事業","10~29","1","動力機械","15","金属加工用機械","153","研削盤、バフ盤","13","感電"
"757","2012","平成","24","9","9~10","ごみ収集のため、こう配12度の下り坂にパッカー車(機械式ごみ収集車)を停車させ、ごみを搬入していたところ、パッカー車が前に動き出したため、前に回り込み停止させようとしたが、止まらずに轢かれた。パッカー車は、右前タイヤが溝に脱輪し被災者の体の上で停止した。","15","清掃・と畜業","1501","清掃・と畜業","150103","その他の廃棄物処理業","100~299","2","物上げ装置、運搬機械","22","動力運搬機","221","トラック","17","交通事故（道路）"
"758","2012","平成","24","8","16~17","船舶の補修等を行うための潜水要員を育成するため、水深15mの海で新人と教官である被災者が潜水訓練を行っていた際、水没、行方不明になり、捜索数日後に海底で遺体が発見された。なお、発見時は空気ボンベを外した状態であった。","1","製造業","115","輸送用機械等製造業","11501","造船業","300~499","7","環境等","71","環境等","713","水","10","おぼれ"
"759","2012","平成","24","8","4~5","被災者は中型トラックで商品を配送中、高速道路サービスエリアの進入路において、トラックを駐車し仮眠をとっていたところ、後方より大型トラックに追突された。","4","運輸交通業","403","道路貨物運送業","40301","一般貨物自動車運送業","50~99","2","物上げ装置、運搬機械","22","動力運搬機","221","トラック","17","交通事故（道路）"
"760","2012","平成","24","8","10~11","建造中の船舶において、被災者はスポットクーラー(定格電圧200V)の修理作業を行っていたが、当該クーラーと電源とをつないでいたキャブタイヤケーブルを外そうとした際、右手がケーブルの充電部分に接触したことにより感電し、死亡した。","1","製造業","115","輸送用機械等製造業","11501","造船業","1~9","3","その他の装置等","35","電気設備","351","送配電線等","13","感電"
"761","2012","平成","24","8","6~7","原動機付自転車で朝刊配達中、普通乗用車と出合い頭に衝突し、病院に救急搬送されたが死亡した。","8","商業","802","小売業","80205","新聞販売業","10~29","2","物上げ装置、運搬機械","23","乗物","231","乗用車、バス、バイク","17","交通事故（道路）"
"762","2012","平成","24","7","5~6","バイクで朝刊の配達中、歩道から車道に出た際に、右方向から直進してきた軽四輪車と衝突し、搬送先の病院で死亡した。","8","商業","802","小売業","80205","新聞販売業","10~29","2","物上げ装置、運搬機械","23","乗物","231","乗用車、バス、バイク","17","交通事故（道路）"
"763","2012","平成","24","7","7~8","被災者は、タコいけす(幅1.96m奥行き1.03m高さ1.76m、木製、100キログラム程度)を岸壁から海面へジブクレーンを用いて降ろす作業をしていた。タコいけすを海面へ着床させた後、バランスを崩し、岸壁から推定約1.8m下の当該タコいけすの上面に墜落して頭部を強打し、死亡した。","17","その他の事業","1702","その他の事業","170209","その他の事業－その他","1~9","4","仮設物、建築物、構築物等","41","仮設物、建築物、構築物等","418","建築物、構築物","1","墜落、転落"
"764","2012","平成","24","7","13~14","被災者は結束機で束ねられたパルプ製品(約1t)を結束機の横に仮置きしようと、フォークリフト(2.5t)のクランプではさんだ製品を地上から約2.3mの高さに上げたまま、後方に積まれた別の製品をかわすため、バックしながらS字のように右から左にハンドルを切ったところ、急旋回動作となって車体が転倒し、ヘッドガードと床面の間に腰部をはさまれた。","1","製造業","106","パルプ・紙・紙加工品製造業","10601","パルプ・紙製造業","10~29","2","物上げ装置、運搬機械","22","動力運搬機","222","フォークリフト","2","転倒"
"765","2012","平成","24","7","8~9","新築工事現場において、2階床のコンクリートを打設するため、現場西側の公道上にコンクリートポンプ車を配置し、躯体側へブームを伸ばしたところ、ブームの先端が高圧電線に引っ掛かった。被災者が足場の最上層(わく組足場の6層目)で引っ掛かったブームを外そうとして、高圧電線を掴んだところ、感電して足場上に倒れた。","3","建設業","302","建築工事業","30201","鉄骨・鉄筋コンクリート造家屋建築工事業","10~29","3","その他の装置等","35","電気設備","351","送配電線等","13","感電"
"766","2012","平成","24","7","19~20","雑誌等を運搬するために、被災者が単独で13tトラックを運転し、高速道路から別の高速道路に合流する連絡路(ジャンクション)を走行中、キロポスト付近の急カーブを曲がりきれず、高架橋の壁(高さ約1m)を乗り越えて10数m下の地上に墜落した。","4","運輸交通業","403","道路貨物運送業","40301","一般貨物自動車運送業","10~29","2","物上げ装置、運搬機械","22","動力運搬機","221","トラック","17","交通事故（道路）"
"767","2012","平成","24","6","10~11","被災者は研修参加のため、軽乗用車を運転し事業場から研修会会場へ向かって県道を北進していたところ、カーブを曲がりきれずに反対車線に入り、南進してきたトラックと衝突した。","17","その他の事業","1702","その他の事業","170209","その他の事業－その他","30~49","2","物上げ装置、運搬機械","23","乗物","231","乗用車、バス、バイク","17","交通事故（道路）"
"768","2012","平成","24","6","1~2","4tトラックに荷物の積込みを終え、倉庫を出発した。配送先に到着後、荷物納品トラックヤードの電動シャッターをリモコン操作で開け、建物内の防犯装置を解除した後、シャッターを閉め、一旦トラックに戻ったところ、リモコンを建物内に忘れたことに気付き、閉まりかかっているシャッターの隙間から建物内に入ろうとして、シャッターと床にはさまれた。","4","運輸交通業","403","道路貨物運送業","40301","一般貨物自動車運送業","50~99","3","その他の装置等","39","その他の装置、設備","391","その他の装置、設備","7","はさまれ、巻き込まれ"
"769","2012","平成","24","6","8~9","被災者は作業場内の表土除去作業のためにダンプトラックを運転し(最大積載量36.5tに対して約32tを積載)、表土を作業場内の指定場所へ運搬していたところ、高さ約260mの地点からダンプトラックごと転落した。被災者は、転落中に運転席から投げ出され、高さ約200mの地点で保護帽を着用した状態で発見された。","3","建設業","301","土木工事業","30109","土地整理土木工事業","10~29","2","物上げ装置、運搬機械","22","動力運搬機","221","トラック","1","墜落、転落"
"770","2012","平成","24","5","15~16","林道災害復旧工事において、作業用道路確保のための伐木作業として、作業員3名により、胸高直径35センチメートル程度、高さ20m強の杉をチェーンソーを用いて伐倒したところ跳ね上がり、山手側立木において手動チルホール(ウィンチ)の操作を行っていた被災者に伐倒木が激突した。","3","建設業","301","土木工事業","30199","その他の土木工事業","30~49","7","環境等","71","環境等","712","立木等","6","激突され"
"771","2012","平成","24","4","11~12","火災現場で焼跡の撤去作業を行っていた被災者は、横転した状態の焼けたトラックと停止していたドラグショベルのバケットの間で焼けガラを単独で片付けていたところ、焼けたトラックが倒れ、焼けたトラックとバケットとの間に胸部を挟まれ窒息死した。","3","建設業","302","建築工事業","30202","木造家屋建築工事業","1~9","2","物上げ装置、運搬機械","22","動力運搬機","221","トラック","5","崩壊、倒壊"
"772","2012","平成","24","4","10~11","高さ約8mの斜面上にある庭園において、有害鳥獣用防護柵の設置及び庭園の整地を被災者を含めた労働者3名で行っていた。被災者は、斜面上において前日までに刈り取られた草を収集していたところ、斜面上より約8m下の地面に墜落した。","3","建設業","301","土木工事業","30199","その他の土木工事業","1~9","7","環境等","71","環境等","711","地山、岩石","1","墜落、転落"
"773","2012","平成","24","4","9~10","キュポラからの排熱を処理する溶解熱交換器の下部内で、耐火壁の剥離片等をバケツに入れて回収する作業に就いていた被災者と同僚労働者は、何らかの経路から流入した有毒ガス(一酸化炭素)にばく露し、被災者が収容先の病院で死亡、同僚労働者は、搬送先病院で一酸化炭素中毒と診断された。","1","製造業","110","鉄鋼業","11002","鋳物業","300~499","5","物質、材料","51","危険物、有害物等","514","有害物","12","有害物等との接触"
"774","2012","平成","24","4","14~15","被災者は倉庫の屋根点検作業中に、高さ約6mの位置から墜落した。","3","建設業","302","建築工事業","30209","その他の建築工事業","1~9","4","仮設物、建築物、構築物等","41","仮設物、建築物、構築物等","415","屋根、はり、もや、けた、合掌","1","墜落、転落"
"775","2012","平成","24","3","15~16","木造平屋建ての納屋の解体工事中、屋根瓦を撤去し、外壁材である杉板を取り外した状態で廃材の整理を行っていたところ、突然建物が南側に倒壊し、その下敷きになった。","3","建設業","302","建築工事業","30209","その他の建築工事業","1~9","4","仮設物、建築物、構築物等","41","仮設物、建築物、構築物等","418","建築物、構築物","5","崩壊、倒壊"
"776","2012","平成","24","2","10~11","国道維持管理工事で道路沿い崖の落石防護ネット(金網)を補修するため、高さ約11mの法面上で落石処理をしていた被災者が墜落し、死亡した。","3","建設業","301","土木工事業","30199","その他の土木工事業","1~9","7","環境等","71","環境等","711","地山、岩石","1","墜落、転落"
"777","2012","平成","24","2","17~18","道路舗装工事現場において、片側通行にして舗装工事を行っていた際、交通誘導を行っていた被災者は、車両の誘導作業中にローラーの後方に立ち入り、アスファルト転圧中のローラーが後進したためローラー後部車輪に轢かれた。","17","その他の事業","1702","その他の事業","170201","警備業","30~49","1","動力機械","14","建設機械等","144","締固め用機械","6","激突され"
"778","2012","平成","24","2","15~16","アーケード解体工事において、アーケード屋根上部にある消防用の消火足場の解体撤去準備のために消火足場の部材及び付設している消火管の一部分を切断する作業を2名で行っていた。1名が切断用電動鋸の刃を交換するためにアーケードより降りた後、残った被災者が消火足場上で電線等の廃材の片づけ作業を行っていたところ、消火足場上からアーケード屋根を破り、約8m下の地上に墜落した。","3","建設業","302","建築工事業","30209","その他の建築工事業","1~9","4","仮設物、建築物、構築物等","41","仮設物、建築物、構築物等","418","建築物、構築物","1","墜落、転落"
"779","2012","平成","24","1","14~15","被災者は単独で鉄工場の屋外外壁際に設置されたシャーを用いて鉄板の切断作業をしていたが、付近を通りかかった社員により、シャー下部の動力を伝達する回転軸とテーブル下面に、巻き込まれた状態で死亡しているのが発見された。","1","製造業","112","金属製品製造業","11201","洋食器・刃物製造業","10~29","1","動力機械","15","金属加工用機械","156","シャー","7","はさまれ、巻き込まれ"
"780","2012","平成","24","1","9~10","被災者は事業場から職場のバイクにより顧客宅へ向かう途中、市道交差点において出会い頭にトラックと衝突した。","13","保健・衛生業","1302","社会福祉施設","130201","社会福祉施設","100~299","2","物上げ装置、運搬機械","22","動力運搬機","221","トラック","17","交通事故（道路）"
"781","2012","平成","24","1","12~13","フォークリフト運転の技能を有しない労働者が、災害発生事業場でフォークリフト(TCM FD-30T3)を運転し、廃材仮置場からリサイクル用廃材置場に木屑等を構内運搬していた際、回転式アタッチメントを使って縦1m、横4mの鉄製の籠を縦向きにしていたが、当該籠が爪から外れて落下し、周辺で分別作業をしていた被災者が下敷きになり死亡した。","15","清掃・と畜業","1501","清掃・と畜業","150102","産業廃棄物処理業","1~9","2","物上げ装置、運搬機械","22","動力運搬機","222","フォークリフト","4","飛来、落下"
"782","2012","平成","24","1","8~9","造成地内の道路設置工事において、車両系建設機械(0.25tドラグ・ショベル)を用いて砕石を敷き均す作業中、車両系建設機械後方でとんぼを使って砕石を均していた被災者が、後退してきた車両系建設機械に激突され死亡した。","3","建設業","301","土木工事業","30106","道路建設工事業","1~9","1","動力機械","14","建設機械等","142","掘削用機械","6","激突され"
"783","2012","平成","24","1","12~13","資材置き場で、アース・オーガーの掘進機構部分(長さ約3m、直径約0.5m、重さ約1.5t)のモーターの修理を行った後、移動式クレーンを用いて移動させるため(移動式クレーンは、事業場の他労働者が運転)、被災者が移動対象物にワイヤロープをかけようと上がったところ、被災者もろとも倒れ、被災者が移動対象物に頭を強打し、死亡した。","3","建設業","301","土木工事業","30199","その他の土木工事業","10~29","6","荷","61","荷","612","機械装置","1","墜落、転落"
"784","2012","平成","24","11","7~8","車両積載型小型移動式クレーン(積載荷重3t)で住宅新築工事現場へ木材を運送し、荷降ろしのためにトラック荷台へ上がり、小型移動式クレーンの玉掛け作業を行った後、荷台から降りようとして転落し、地面で頭部を強打した。","4","運輸交通業","403","道路貨物運送業","40301","一般貨物自動車運送業","10~29","2","物上げ装置、運搬機械","22","動力運搬機","221","トラック","1","墜落、転落"
"785","2012","平成","24","11","5~6","工場敷地内において、労働者単独で、加工前の金属製材料の入ったケース約50個(1ケース重量約15キログラム)を積んだカゴ台車を、倉庫から工場建屋内に運搬する作業を行っていたところ、カゴ台車と工場外周の金網フェンスとの間に体を挟まれた。","1","製造業","112","金属製品製造業","11209","その他の金属製品製造業","30~49","3","その他の装置等","36","人力機械工具等","362","人力運搬機","7","はさまれ、巻き込まれ"
"786","2012","平成","24","10","13~14","被災者は檜の枝打ちを行っていたところ、誤って枝打ちに使用していた携帯用丸のこ盤で左腕を切り、出血性ショックで死亡した。","17","その他の事業","1702","その他の事業","170209","その他の事業－その他","1~9","1","動力機械","16","一般動力機械","169","その他の一般動力機械","8","切れ、こすれ"
"787","2012","平成","24","7","3~4","トラックから荷を降ろすため、プラットホームよりフォークリフトをトラック荷台に進入させたところ、フォークリフト前輪が荷台に乗った際にトラックが前方に動き出したためフォークリフトがバランスをくずして落下し、その際に飛び降りた運転手が落下してきたフォークリフトの下敷きとなった。","4","運輸交通業","403","道路貨物運送業","40301","一般貨物自動車運送業","50~99","2","物上げ装置、運搬機械","22","動力運搬機","222","フォークリフト","1","墜落、転落"
"788","2012","平成","24","6","12~13","被災者は同僚と2名で草刈り作業を行っていたが、昼食休憩のため最寄りの日陰である高架橋へ移動し、県道の下を通る町道の歩道上で昼食をとっていたところ、軽自動車が歩道に突っ込み轢かれ、同僚は負傷した。","3","建設業","301","土木工事業","30199","その他の土木工事業","1~9","2","物上げ装置、運搬機械","23","乗物","231","乗用車、バス、バイク","17","交通事故（道路）"
"789","2012","平成","24","5","8~9","法面工事に伴う法面上部の立木伐採の際、当該立木がかかり木となったため、杉の小径木を用い「てこの原理」の要領で外していたところ、支点になっていた箇所が外れた反動で、被災者は約40m下の道路上へ転落した。","3","建設業","301","土木工事業","30106","道路建設工事業","1~9","7","環境等","71","環境等","711","地山、岩石","1","墜落、転落"
"790","2012","平成","24","5","15~16","昇降設備(校舎3階バルコニーから屋上へ昇降する設備)の解体作業中に、被災者は校舎2階バルコニー上に設けた足場の1層目(2階バルコニーGLから1.7mの高さ)から墜落し、脳挫傷のため死亡した。なお、被災者は保護帽を着用しておらず、墜落防止措置も講じられていなかった。","15","清掃・と畜業","1501","清掃・と畜業","150102","産業廃棄物処理業","1~9","4","仮設物、建築物、構築物等","41","仮設物、建築物、構築物等","411","足場","1","墜落、転落"
"791","2012","平成","24","5","11~12","木造一戸建て建売住宅新築工事において、2階外壁防水工事のために外部足場の建地を登っていたところ、足を踏み外し高さ約4mから地面へ墜落した。","3","建設業","302","建築工事業","30202","木造家屋建築工事業","1~9","4","仮設物、建築物、構築物等","41","仮設物、建築物、構築物等","411","足場","1","墜落、転落"
"792","2012","平成","24","4","10~11","整備工場内でダンプカー(10t)の修理(クラッチブースターの交換)作業中、シャシーとダンプ(上げた)させた荷台の間に体を入れて作業していた被災者は、シャシーと下りてきた荷台に挟まれ死亡した。","4","運輸交通業","403","道路貨物運送業","40301","一般貨物自動車運送業","30~49","2","物上げ装置、運搬機械","22","動力運搬機","221","トラック","7","はさまれ、巻き込まれ"
"793","2012","平成","24","3","14~15","地滑り防止工事現場において、工事が完了した後の清掃・片付け作業を行うため、ダンプカーを現場事務所前に駐車していたところ、当該ダンプカーが突然逸走し、被災者は逸走してきたダンプカーに激突し轢かれ、死亡した。","3","建設業","301","土木工事業","30199","その他の土木工事業","1~9","2","物上げ装置、運搬機械","22","動力運搬機","221","トラック","6","激突され"
"794","2012","平成","24","2","5~6","道路交通信号の改修工事が終了し、高所作業車を運転して事業場倉庫へ戻るため県道を走行中、道路脇の田に高所作業車ごと転落した。","3","建設業","303","その他の建設業","30301","電気通信工事業","1~9","1","動力機械","14","建設機械等","146","高所作業車","17","交通事故（道路）"
"795","2012","平成","24","12","13~14","業務のため運転していた軽自動車が対向車線にはみ出し、道路脇に駐車していたトラックに正面衝突し、運転していた被災者が死亡した。","13","保健・衛生業","1302","社会福祉施設","130201","社会福祉施設","10~29","2","物上げ装置、運搬機械","23","乗物","231","乗用車、バス、バイク","17","交通事故（道路）"
"796","2012","平成","24","11","16~17","作業員6名で変圧器(重量2.9t)を配電盤内に設置するため、4機の油圧ジャッキを用いて、四隅をジャッキアップし、変圧器の下の車輪をレールに載せ換えようとした際、変圧器が配電盤の奥側に転倒し、(6名の作業員のうち)2名が被災した。被災者2名のうち1名は変圧器の下敷きとなって死亡し、もう1名は負傷した。","3","建設業","303","その他の建設業","30301","電気通信工事業","10~29","3","その他の装置等","35","電気設備","352","電力設備","6","激突され"
"797","2012","平成","24","11","12~13","被災者はバイクに乗り、集金のため客先へ向かっていたところ、交差点でトラックと衝突した。","8","商業","802","小売業","80205","新聞販売業","1~9","2","物上げ装置、運搬機械","22","動力運搬機","221","トラック","17","交通事故（道路）"
"798","2012","平成","24","10","8~9","被災者は3階事務室から屋内階段を通り4階倉庫へ資材を取りに行った。3階にいた同僚が屋内階段から大きな音がしたため階段へ行くと、3階と4階の踊り場で倒れている被災者と資材を発見した。","8","商業","802","小売業","80209","その他の小売業","50~99","4","仮設物、建築物、構築物等","41","仮設物、建築物、構築物等","413","階段、桟橋","1","墜落、転落"
"799","2012","平成","24","9","15~16","被災者はプレートランマーを使用して地表面の締固め作業を行っていた際、後進してきたドラグショベルに激突され、キャタピラ部分に轢かれ死亡したもの。なお、ドラグショベルの運転手は無資格者であった。","3","建設業","301","土木工事業","30106","道路建設工事業","10~29","1","動力機械","14","建設機械等","142","掘削用機械","6","激突され"
"800","2012","平成","24","8","15~16","円筒形の調味液タンク(直径約180センチメートル×深さ約180センチメートル)を清掃する作業中、内部に入った労働者から連絡がないため同僚が確認したところ、タンク内部で倒れている被災者を発見した。また、助けに入った同僚も同じく被災した。","1","製造業","101","食料品製造業","10103","農業保存食料品製造業","30~49","7","環境等","71","環境等","714","異常環境等","12","有害物等との接触"
"801","2012","平成","24","7","9~10","道路災害復旧工事において、2tトラックに積込んだ間知ブロック(コンクリート製、約40キログラム)をドラグ・ショベルにより降ろす作業中、荷台の上で作業を行っていた被災者が転落し、救急搬送先の病院で死亡した。","3","建設業","301","土木工事業","30106","道路建設工事業","1~9","2","物上げ装置、運搬機械","22","動力運搬機","221","トラック","1","墜落、転落"
"802","2012","平成","24","6","15~16","橋梁のかさ上げ工事を行うため、被災者はウォータージェット機を用いて鉄筋コンクリート橋脚のハツリ作業を行っていたところ、何らかの拍子で左大腿部に超高圧水を直射してしまい、受傷した。","3","建設業","301","土木工事業","30105","橋梁建設工事業","30~49","1","動力機械","14","建設機械等","149","その他の建設機械等","8","切れ、こすれ"
"803","2012","平成","24","4","9~10","工場において、40フィートハウスコンテナ組立てのため、被災者は天井クレーン(床上操作式、つり上げ荷重2.825t)を運転して、コンテナ側板(質量約1t、2点吊り)を立てた状態で移動させていたところ、クレーンの吊り具を掛けていたコンテナ側板に溶接されていた掛け金具の溶接部が剥がれてコンテナ側板が地上に落下し、一瞬地上で自立するも、被災者の方向にコンテナ側板が倒れ、下敷きとなった。","1","製造業","115","輸送用機械等製造業","11503","鉄道車両・同部分品製造業","50~99","5","物質、材料","52","材料","521","金属材料","4","飛来、落下"
"804","2012","平成","24","3","3~4","被災者は、トラックで荷物を運んでいる途中、高速道路で接触事故が発生し相手車両が停車しなかったため、被災者は、同僚に連絡をとり、被災者車両、同僚車両で相手車両を停止させた。その後、相手車両の前方で被災者、同僚、相手の3名で話し合いを行っていたところ、別の車両が相手車両の後方に追突しそのはずみで相手車両に被災者と同僚及び相手が接触した。","4","運輸交通業","403","道路貨物運送業","40301","一般貨物自動車運送業","30~49","2","物上げ装置、運搬機械","22","動力運搬機","221","トラック","17","交通事故（道路）"
"805","2012","平成","24","11","5~6","被災者は新聞配達のため、国道を原動機付自転車にて走行中、後方より走行してきたタンクローリーに激突され、死亡した。","8","商業","802","小売業","80205","新聞販売業","10~29","2","物上げ装置、運搬機械","22","動力運搬機","221","トラック","17","交通事故（道路）"
"806","2012","平成","24","9","16~17","配達のため国道を社用車で走行中、左カーブにて中央線をはみ出し、対向してきた大型トラックと正面衝突した。","8","商業","801","卸売業","80109","その他の卸売業","1~9","2","物上げ装置、運搬機械","22","動力運搬機","221","トラック","17","交通事故（道路）"
"807","2012","平成","24","6","1~2","高速道路にて大型トラックを運転中、左側壁に衝突した乗用車が中央線をはみ出し、自車右前部に衝突してきたため運転操作が不能となり、対向車線側壁に衝突した。更に、被災者は車外に放り出され、道路高架より約10m下方の崖に墜落した。","4","運輸交通業","403","道路貨物運送業","40301","一般貨物自動車運送業","10~29","2","物上げ装置、運搬機械","23","乗物","231","乗用車、バス、バイク","17","交通事故（道路）"
"808","2012","平成","24","4","14~15","農業用水路の配管設置工事の一環として、深さ1.68mの農業用水路内で小型バックホウの排土板を用いてバックで運転しながら用水路の底の堆積物を寄せ集める作業を行っていたところ、用水路に渡された梁に背中を押される格好で、梁と小型バックホウの運転席との間に挟まれた状態で同僚の労働者に発見され、外傷性窒息により死亡した。","3","建設業","301","土木工事業","30199","その他の土木工事業","1~9","1","動力機械","14","建設機械等","141","整地・運搬・積込み用機械","7","はさまれ、巻き込まれ"
"809","2012","平成","24","2","3~4","被災者は岸壁に停泊したチップ船において、揚貨装置を運転し、チップの荷役作業に従事していたところ、途中で行方がわからなくなった。同僚等が捜索したところ、チップ船から約500m離れたチップヤードのたい積したチップの山の中から被災者が発見され、死亡が確認された。","5","貨物取扱業","502","港湾運送業","50202","港湾荷役業","10~29","9","その他","99","分類不能","999","分類不能","99","分類不能"
"810","2012","平成","24","2","8~9","被災者は会社所有の軽乗用車を運転して現場へ向かっていたところ、対向車線を走っていた軽乗用車が対向車線をはみ出してきたため、正面衝突した。","3","建設業","301","土木工事業","30106","道路建設工事業","1~9","2","物上げ装置、運搬機械","23","乗物","231","乗用車、バス、バイク","17","交通事故（道路）"
"811","2012","平成","24","12","4~5","新聞配達のため原付バイクを運転していたところ、後方から走行してきた乗用車に追突された。","8","商業","802","小売業","80205","新聞販売業","10~29","2","物上げ装置、運搬機械","23","乗物","231","乗用車、バス、バイク","17","交通事故（道路）"
"812","2012","平成","24","11","13~14","被災者単独で、ドラグ・ショベルを用い法面の掘削作業を行っていたところ、ドラグ・ショベルもろとも転落した。","3","建設業","301","土木工事業","30108","砂防工事業","1~9","1","動力機械","14","建設機械等","141","整地・運搬・積込み用機械","1","墜落、転落"
"813","2012","平成","24","6","22~23","会社所有車を運転して国道を西進中、センターラインを越えて来た対向車と正面衝突した。","4","運輸交通業","402","道路旅客運送業","40201","ハイヤー・タクシー業","50~99","2","物上げ装置、運搬機械","23","乗物","231","乗用車、バス、バイク","17","交通事故（道路）"
"814","2012","平成","24","5","16~17","工場内において、作業終了後、コンベアの電灯が消えていないことに気付いた労働者が、電灯を消すためにスイッチのところに行った際、当該コンベアの脇に倒れていた被災者を発見した。なお、当該コンベアは、発見者が被災者を発見する前に、別の労働者が終業後も稼働していること気付き停止させていたが、通常は被災者が当該コンベアを停止させる役割であった。","1","製造業","110","鉄鋼業","11002","鋳物業","100~299","2","物上げ装置、運搬機械","22","動力運搬機","224","コンベア","7","はさまれ、巻き込まれ"
"815","2012","平成","24","4","11~12","道路舗装工事現場で一般車両等の交通誘導を行っていた際、現場作業員が積載型トラッククレーンの運転席に乗車せずに、運転席の窓の外からエンジンを掛けたところ、エンジンの始動と共に車両が動き、前方で交通誘導を行っていた被災者に激突し、車両右前輪に被災者の左足が轢かれ、入院加療先の病院で敗血症性ショックにより死亡した。","17","その他の事業","1702","その他の事業","170201","警備業","10~29","2","物上げ装置、運搬機械","21","動力クレーン等","212","移動式クレーン","17","交通事故（道路）"
"816","2012","平成","24","4","10~11","被災者はチェーンソーを使用して伐倒した木の枝払い作業中、誤って当該チェーンソーの刃で下肢を切断した。","6","農林業","602","林業","60209","その他の林業","50~99","1","動力機械","13","木材加工用機械","136","チェーンソー","8","切れ、こすれ"
"817","2012","平成","24","1","9~10","発生した残土を運搬するため、運搬路上を不整地運搬車で走行中、当該機械とともに転倒し、退避しようとした被災者の上に当該機が覆い被さる状態で激突し、当該機は運搬路の側方にある排水路まで転落、被災者は運搬路上に倒れこんだ。なお、発生場所の運搬路の傾斜角度は25度であった。","3","建設業","301","土木工事業","30109","土地整理土木工事業","10~29","2","物上げ装置、運搬機械","22","動力運搬機","227","不整地運搬車","2","転倒"
"818","2012","平成","24","12","10~11","自宅から現場に社有車で向かっていた際、国道のトンネルでハンドル操作を誤りセンターラインを越え、対向車線の大型トラックに正面衝突し、脳挫傷により死亡した。","3","建設業","302","建築工事業","30201","鉄骨・鉄筋コンクリート造家屋建築工事業","30~49","2","物上げ装置、運搬機械","23","乗物","231","乗用車、バス、バイク","17","交通事故（道路）"
"819","2012","平成","24","12","19~20","バイクで宅配の帰り、自動車と衝突し死亡した。","14","接客娯楽業","1402","飲食店","140201","一般飲食店","30~49","2","物上げ装置、運搬機械","23","乗物","231","乗用車、バス、バイク","17","交通事故（道路）"
"820","2012","平成","24","11","8~9","被災者は町の仕出し屋へ商品を配達するため出発し、国道にて配達先の町内案内板を見るため降車していたところ、後続の軽トラックにはねられ頭を強打し、死亡した。","8","商業","802","小売業","80209","その他の小売業","10~29","2","物上げ装置、運搬機械","23","乗物","231","乗用車、バス、バイク","17","交通事故（道路）"
"821","2012","平成","24","11","13~14","家屋解体工事において、建設機械(ドラグ・ショベルのバケットにアタッチメントのつかみ材を取付)を用い、解体した家屋の木材柱(長さ約2m、重量約10キログラム)を挟んで旋回したところ、他の木材の柱等を手作業でトラックに積込んでいた被災者の頭部に当該木材が激突した。","3","建設業","302","建築工事業","30209","その他の建築工事業","1~9","1","動力機械","14","建設機械等","149","その他の建設機械等","6","激突され"
"822","2012","平成","24","11","13~14","事業場を軽自動車で出発し、客先へ商品を納品するため国道を走行中、ハンドル操作を誤り左カーブでセンターラインを越え、対向の大型キャリアカー(車を運搬するトラック)と正面衝突し、死亡した。","17","その他の事業","1702","その他の事業","170202","情報処理サービス業","100~299","2","物上げ装置、運搬機械","23","乗物","231","乗用車、バス、バイク","17","交通事故（道路）"
"823","2012","平成","24","10","13~14","貯水池モーター修繕工事にあたり、作業員4名がクレーン搬入路造成のため、法面に土嚢を積む作業を行っていた。コンクリート地面に土嚢を5段、階段状に積み重ねた箇所(コンクリート地面からの高さ約4m)で、被災者がドラグショベルで運ばれた土砂を土嚢間に詰める作業を行っていたところ、誤ってバランスを崩してコンクリート地面まで転がり落ち、さらに約6m下の貯水池に転落した。","3","建設業","301","土木工事業","30106","道路建設工事業","1~9","4","仮設物、建築物、構築物等","41","仮設物、建築物、構築物等","419","その他の仮設物、建築物、構築物等","1","墜落、転落"
"824","2012","平成","24","9","13~14","被災者は高速道路で事業場から打ち合わせのため目的地へ向かっていたところ、後方から来た乗用車に追突された。被災者は、右血気胸、両側肺挫傷、両側多発肋骨骨折、外傷性くも膜下出血他により死亡した。","8","商業","801","卸売業","80109","その他の卸売業","50~99","2","物上げ装置、運搬機械","23","乗物","231","乗用車、バス、バイク","17","交通事故（道路）"
"825","2012","平成","24","9","15~16","被災者は倉庫に出張し、倉庫内で荷出し後に清掃・片付け業務を行っていたところ、出張先の労働者がりん木1本の上に置かれたコンクリート製の衝立(高さ2m、幅2m、重量1.9t)をフォークリフトを運転して移動させようとしたところ、その衝立が近くで作業中の被災者の上に倒れ、下敷きになって死亡した。","8","商業","804","その他の商業","80401","倉庫業","1~9","2","物上げ装置、運搬機械","22","動力運搬機","222","フォークリフト","5","崩壊、倒壊"
"826","2012","平成","24","9","8~9","製造所の新造船内において、船倉内の工事孔の閉鎖準備作業中、被災者が、ロー・スツールと呼ばれる船倉と船倉の間の空間を移動していたところ、床面に設置されていたバラストタンクへ通じるマンホールの開口部(楕円状60センチメートル×40センチメートル)から墜落し、頸椎を損傷した。","1","製造業","115","輸送用機械等製造業","11501","造船業","10~29","4","仮設物、建築物、構築物等","41","仮設物、建築物、構築物等","414","開口部","1","墜落、転落"
"827","2012","平成","24","8","15~16","被災者はタンク(重量約0.8t)のマンホールを上にして架台上に設置(アングルで固定)し、単独でショットブラストにより表面処理を行っていたところ、他の作業者にタンクのマンホールと架台の間に挟まれている状態で発見され、救急搬送先の病院で死亡した。","1","製造業","112","金属製品製造業","11209","その他の金属製品製造業","10~29","5","物質、材料","52","材料","521","金属材料","5","崩壊、倒壊"
"828","2012","平成","24","7","12~13","高速道路の追越車線の舗装工事による車線規制の影響で渋滞し、最後尾に停車していた乗用車に大型トラックが追突して乗り上げ、さらに前方の自動車運搬車に衝突し、この3台の車両が炎上した。大型トラックの運転手は窒息死、乗用車の運転手は外傷性ショックにより遺体で発見された。また、自動車運搬車の運転手は自力で脱出し、頸部に軽傷を負った。","4","運輸交通業","403","道路貨物運送業","40301","一般貨物自動車運送業","50~99","2","物上げ装置、運搬機械","22","動力運搬機","221","トラック","17","交通事故（道路）"
"829","2012","平成","24","7","16~17","同僚労働者がチェーンソーでツルを残すよう切り込みを入れ、その後被災者が重機を操作しワイヤーで引き倒そうとしていたところ、樹高24m、胸高直径27センチメートルの杉がかかり木になった。これを本来倒したい方向に倒そうと、被災者が重機のアームを動かして伐倒予定の木に取付けていたワイヤーを引っ張ったところ、かかり木がかかられていた木から外れて重機の方に倒れ、被災者がその木に激突された。","6","農林業","602","林業","60209","その他の林業","1~9","7","環境等","71","環境等","712","立木等","6","激突され"
"830","2012","平成","24","6","8~9","現場詰所において、被災者がテーブルの上に置かれた袋を食べ物と誤認して口にしたところ、「硬化遅延剤」と呼ばれる薬品だった。周囲の人から指摘され、吐き出したが、数時間後体調が悪くなり、救急搬送先の病院で死亡した。なお、被災者が口にした薬品は「ケイフッ化ナトリウム」と判明した。また、詰所は、薬品を置いておくような場所ではなかった。","9","金融・広告業","902","広告・あっせん業","90209","その他の広告・あっせん業","10~29","5","物質、材料","51","危険物、有害物等","514","有害物","12","有害物等との接触"
"831","2012","平成","24","6","2~3","コークス炉上で、原料コークスを石炭槽からコークス炉の炭化室へ運搬、仕込みをする「装炭車」のオペレーターをしていた被災者は、装炭車の最上階の床上に倒れているところを同僚により発見された。救急病院搬送したが、右半身を何かに挟まれており、搬送先病院で死亡した。なお、発見時、装炭車は自動運転モードとなっていた。","1","製造業","110","鉄鋼業","11001","製鉄・製鋼・圧延業","300~499","2","物上げ装置、運搬機械","22","動力運搬機","229","その他の動力運搬機","7","はさまれ、巻き込まれ"
"832","2012","平成","24","6","13~14","間伐作業において、斜面にある胸高直径約60センチメートルの立木を斜面上部に向かって伐倒すべく、立木にワイヤーロープをかけ、立木の約35m上部の林道に配置したザウルス(グラップル機能とバケット機能を併せ持つ林内作業車)に結び、ある程度チェーンソーで立木を切った後にザウルスで引き倒す予定であったが、被災者が追い口を設けたときに立木が倒れだし、被災者は伐倒木の下敷きになった。","6","農林業","602","林業","60201","木材伐出業","1~9","7","環境等","71","環境等","712","立木等","6","激突され"
"833","2012","平成","24","5","6~7","被災者がトラック(最大積載量7.1t)の暖機を行おうと運転席のドアを開け、地上からエンジンキーを回したところ、トラックが前進し、前方の木材集積箇所へトラックが突っ込み、当該木材が運転席ドアを閉める形となり、被災者はドアとキャビン後方との間に上半身を挟まれ、心肺停止に至った。","7","畜産・水産業","701","畜産業","70101","畜産業","30~49","2","物上げ装置、運搬機械","22","動力運搬機","221","トラック","7","はさまれ、巻き込まれ"
"834","2012","平成","24","4","10~11","乾粉タンク(鋼製の製品タンク)に詰まりが生じたため、修理班の3名が清掃作業を行っていた。被災者が、ガス溶断で穴あけされた同タンク側面から棒状のもので詰まりを除去していたところ、大量の粉が被災者に降りかかった。被災者は、3階のステージ面より約1.57m上方にあるスクリューコンベアの上部蓋板からバランスを崩し、ステージの手すりを乗り越えて約9m下の地面に墜落した。","1","製造業","109","窯業土石製品製造業","10909","その他の土石製品製造業","10~29","4","仮設物、建築物、構築物等","41","仮設物、建築物、構築物等","418","建築物、構築物","1","墜落、転落"
"835","2012","平成","24","4","14~15","被災者は水槽(高さ170、幅156、奥行156センチメートル)内のタラップに木製の足場板一枚(長さ145、幅25センチメートル)を置き、この足場板上で水槽内に取り付けているドラム(直径100、長さ100センチメートル)の表面の錆び取り作業している時に墜落し、回転中のドラムに巻き込まれ死亡した。","15","清掃・と畜業","1501","清掃・と畜業","150101","ビルメンテナンス業","1~9","4","仮設物、建築物、構築物等","41","仮設物、建築物、構築物等","416","作業床、歩み板","1","墜落、転落"
"836","2012","平成","24","4","4~5","ガス管敷設に伴うずい道新設工事において、坑内(内径215センチメートル)の切羽方向に歩いていた被災者は、抗口側から軌道装置上を逸走してきた車両2両に激突された。なお、逸走してきた車両は、坑口側から動力車2台にて後押し運転していた車両(先頭からセグメント台車1両、ズリを積み込むズリ台車4両、動力車と続くもの)のうちの先頭側2両であった。","3","建設業","301","土木工事業","30102","トンネル建設工事業","30~49","2","物上げ装置、運搬機械","22","動力運搬機","223","軌道装置","6","激突され"
"837","2012","平成","24","4","11~12","製鉄所構内の冷圧中央変電施設内において、変圧器と配電盤を結ぶダクト内の清掃作業を行っていた際、配電盤内の2次側ブスバーに被災者が接触し、感電死した。なお、配電盤内の1次側ブスバーについては停電していたが、2次側は通電(11Kv)されていた。","3","建設業","303","その他の建設業","30301","電気通信工事業","1~9","3","その他の装置等","35","電気設備","352","電力設備","13","感電"
"838","2012","平成","24","3","13~14","建物の吹抜け部に設置された高さ9mの枠組足場(4層)の解体作業において、被災者は2層毎に解体するため3層目の足場上(幅0.6m)でブラケット等の足場材料を取り外し中、筋交いの間から約5.3m下のコンクリートスラブに墜落し、頭部を強打し死亡した。","3","建設業","302","建築工事業","30201","鉄骨・鉄筋コンクリート造家屋建築工事業","10~29","4","仮設物、建築物、構築物等","41","仮設物、建築物、構築物等","411","足場","1","墜落、転落"
"839","2012","平成","24","2","10~11","工場内で作業中の作業者が「ドーン」という音を聞き、工場入口のシャッターの外を見たところ、屋外の管台(製作した配管の置き台)の間の通路に、帯状に炎が上がるのが見え、少し離れた場所で服の火を消そうとする被災者の姿が見えた。帯状の火の一方の端にゴミを燃やしたペール缶があり、反対側の端付近にシンナーの一斗缶が、上ふたが外れた状態で転がっていた。","1","製造業","112","金属製品製造業","11209","その他の金属製品製造業","1~9","5","物質、材料","51","危険物、有害物等","512","引火性の物","11","高温・低温の物との接触"
"840","2012","平成","24","2","12~13","営業の帰路の高速道路で、被災者が運転する乗用車が中央分離帯に接触、車線を横切り反対側のガードレールに激突し、跳ね返ったところに後方から来た中型トラックが衝突した。被災者は頭部を強く打ち、救急搬送された病院で死亡が確認された。","8","商業","802","小売業","80209","その他の小売業","10~29","2","物上げ装置、運搬機械","23","乗物","231","乗用車、バス、バイク","17","交通事故（道路）"
"841","2012","平成","24","2","12~13","製油所の工場間を結ぶ海底の配管用施設をシールド工法にて施工中、シールドマシンの付近から何らかの要因で異常出水し、発進立坑(直径11m、深さ34m)の海水面レベルまで冠水した。これにより、シールドトンネル(完成時の延長790m、災害時約160m到達)内にて作業を行っていた作業員6名中5名が行方不明となり、数日のうちに5名全員が遺体で発見された。","3","建設業","301","土木工事業","30102","トンネル建設工事業","100~299","4","仮設物、建築物、構築物等","41","仮設物、建築物、構築物等","412","支保工","5","崩壊、倒壊"
"842","2012","平成","24","2","12~13","製油所の工場間を結ぶ海底の配管用施設をシールド工法にて施工中、シールドマシンの付近から何らかの要因で異常出水し、発進立坑(直径11m、深さ34m)の海水面レベルまで冠水した。これにより、シールドトンネル(完成時の延長790m、災害時約160m到達)内にて作業を行っていた作業員6名中5名が行方不明となり、数日のうちに5名全員が遺体で発見された。","3","建設業","301","土木工事業","30102","トンネル建設工事業","30~49","4","仮設物、建築物、構築物等","41","仮設物、建築物、構築物等","412","支保工","5","崩壊、倒壊"
"843","2012","平成","24","2","12~13","製油所の工場間を結ぶ海底の配管用施設をシールド工法にて施工中、シールドマシンの付近から何らかの要因で異常出水し、発進立坑(直径11m、深さ34m)の海水面レベルまで冠水した。これにより、シールドトンネル(完成時の延長790m、災害時約160m到達)内にて作業を行っていた作業員6名中5名が行方不明となり、数日のうちに5名全員が遺体で発見された。","3","建設業","301","土木工事業","30102","トンネル建設工事業","30~49","4","仮設物、建築物、構築物等","41","仮設物、建築物、構築物等","412","支保工","5","崩壊、倒壊"
"844","2012","平成","24","2","12~13","製油所の工場間を結ぶ海底の配管用施設をシールド工法にて施工中、シールドマシンの付近から何らかの要因で異常出水し、発進立坑(直径11m、深さ34m)の海水面レベルまで冠水した。これにより、シールドトンネル(完成時の延長790m、災害時約160m到達)内にて作業を行っていた作業員6名中5名が行方不明となり、数日のうちに5名全員が遺体で発見された。","3","建設業","301","土木工事業","30102","トンネル建設工事業","100~299","4","仮設物、建築物、構築物等","41","仮設物、建築物、構築物等","412","支保工","5","崩壊、倒壊"
"845","2012","平成","24","2","12~13","製油所の工場間を結ぶ海底の配管用施設をシールド工法にて施工中、シールドマシンの付近から何らかの要因で異常出水し、発進立坑(直径11m、深さ34m)の海水面レベルまで冠水した。これにより、シールドトンネル(完成時の延長790m、災害時約160m到達)内にて作業を行っていた作業員6名中5名が行方不明となり、数日のうちに5名全員が遺体で発見された。","3","建設業","301","土木工事業","30102","トンネル建設工事業","100~299","4","仮設物、建築物、構築物等","41","仮設物、建築物、構築物等","412","支保工","5","崩壊、倒壊"
"846","2012","平成","24","2","4~5","走行車線を走行中の1台目のトラックに2台目のトラックが追突し停車、約5分後に追越車線を走行中の3台目のトラックが2台目のサイド部分に追突し、4台目の4tトラックが3台目のトラックに追突した。この事故により、4台目のトラック運転手が死亡、1、2、3台目のトラック運転手も負傷した。","4","運輸交通業","403","道路貨物運送業","40301","一般貨物自動車運送業","1~9","2","物上げ装置、運搬機械","22","動力運搬機","221","トラック","17","交通事故（道路）"
"847","2012","平成","24","2","19~20","中型トラック(4t車)を運転して高速道路を走行中、インター出口にある道路標識に衝突し、脳挫傷により死亡した。なお、この事故は、配送先に機械装置(重量2t)を運搬中の自損事故であった。","4","運輸交通業","403","道路貨物運送業","40301","一般貨物自動車運送業","10~29","2","物上げ装置、運搬機械","22","動力運搬機","221","トラック","17","交通事故（道路）"
"848","2012","平成","24","1","16~17","被災者はセメントを搬送するバケットコンベアーのモーター部のチェーンが切れ、ピット及びバケットコンベア内の下部にセメントが溜まっていることを確認した。そのため、被災者が点検口からバケットコンベアー内に入り溜まっているセメントの除去作業中、バケットと側壁の間(約15センチメートル)に胸部を挟まれ、窒息死した。","3","建設業","303","その他の建設業","30302","機械器具設置工事業","1~9","2","物上げ装置、運搬機械","22","動力運搬機","224","コンベア","7","はさまれ、巻き込まれ"
"849","2012","平成","24","1","16~17","被災者は不定形耐火物の混練機(高さ約1m、直径約2m)内のかくはん羽根に全身を巻き込まれた状態のまま発見された。発見時、混練機上部の原料投入口の蓋が開いており、何らかの原因で運転中の混練機内に転落した。","1","製造業","109","窯業土石製品製造業","10909","その他の土石製品製造業","10~29","1","動力機械","16","一般動力機械","162","混合機、粉砕機","7","はさまれ、巻き込まれ"
"850","2012","平成","24","1","16~17","工場立ち上げ担当者として海外へ出張中、滞在先ホテルにおいて突然、胸の痛みを訴え病院へ搬送されたが、同日、心臓性突然死により死亡した。","1","製造業","101","食料品製造業","10109","その他の食料品製造業","1~9","9","その他","92","起因物なし","921","起因物なし","90","その他"
"851","2012","平成","24","12","5~6","被災者は小型バイクで新聞配達中、市道脇の水路(幅:1.7m、深さ:2.6m、水深:0.2m)にバイクごと転落し、死亡した。","8","商業","802","小売業","80205","新聞販売業","50~99","2","物上げ装置、運搬機械","23","乗物","231","乗用車、バス、バイク","17","交通事故（道路）"
"852","2012","平成","24","12","11~12","国道を社用ため乗用車で走行中、対向車線の大型トレーラーの積み荷の鉄板(縦約3m、横約1.5m、厚さ約2センチメートル、重さ800キログラム)30枚を固定したワイヤロープが切れ、鉄板25枚が落下、うち16枚が被災者らの乗用車を直撃し、乗っていた被災者2名が死亡した。","8","商業","804","その他の商業","80409","その他の商業－その他","100~299","2","物上げ装置、運搬機械","22","動力運搬機","221","トラック","17","交通事故（道路）"
"853","2012","平成","24","12","11~12","国道を社用ため乗用車で走行中、対向車線の大型トレーラーの積み荷の鉄板(縦約3m、横約1.5m、厚さ約2センチメートル、重さ800キログラム)30枚を固定したワイヤロープが切れ、鉄板25枚が落下、うち16枚が被災者らの乗用車を直撃し、乗っていた被災者3名が死亡した。","8","商業","804","その他の商業","80409","その他の商業－その他","100~299","2","物上げ装置、運搬機械","22","動力運搬機","221","トラック","17","交通事故（道路）"
"854","2012","平成","24","12","14~15","埋立地の地先における、防波堤を新設する工事現場での事故。水深約17mの位置にて、防波堤本体の鋼製ジョイント内部に、労働者2名でコンクリート打設作業を実施していた際、次の手順であるコンクリート圧送ホースの接続準備のため被災者が単独で作業中に溺れ、死亡した。","3","建設業","301","土木工事業","30111","港湾海岸工事業","10~29","7","環境等","71","環境等","713","水","10","おぼれ"
"855","2012","平成","24","11","8~9","被災者は岸壁通路において、トレーラ(最大積載荷重24.5t)の荷台から荷のロンジ(船体ブロックの材料)を当該岸壁上にあるパレット内に降ろす作業を行うため、300tジブクレーンのフック下に吊り付けた吊りビーム(通称天秤と呼ばれる、長い荷を吊る為の吊具)の玉掛け用具(ワイヤロープとチェーンで構成)の掛け位置の変更作業中、乗っていた荷のロンジから持っていた玉掛け用具と共に2.4m下の岸壁通路に墜落した。","1","製造業","115","輸送用機械等製造業","11501","造船業","30~49","2","物上げ装置、運搬機械","22","動力運搬機","221","トラック","1","墜落、転落"
"856","2012","平成","24","11","6~7","車にて朝刊配達中、急な右カーブを曲がったところ、駐停車禁止区域に停車中のトラックに追突し、同乗していた被災者が死亡した。","8","商業","802","小売業","80205","新聞販売業","30~49","2","物上げ装置、運搬機械","23","乗物","231","乗用車、バス、バイク","17","交通事故（道路）"
"857","2012","平成","24","11","11~12","リサイクル製品を2tダンプで搬入した被災者は、2tダンプを勾配1度~6度のアスファルト上に停車させ、運転席から降車し、約8m離れた当該処分場事務所に入っていたところ、当該ダンプ車が逸走したため、逸走したダンプ車の進行方向に回り込んだところ、当該ダンプ車と進行方向に停車していた別のトラックとの間に挟まれた。","8","商業","801","卸売業","80109","その他の卸売業","1~9","2","物上げ装置、運搬機械","22","動力運搬機","221","トラック","6","激突され"
"858","2012","平成","24","10","8~9","工場構内の発電用ボイラーの定期点検作業において、ボイラー火炉内部に設置された足場解体作業を開始するにあたり、被災者は、投光器を移動させるため投光器キャブタイヤをセパレータのマンホールから引き出そうとしていたところ、火炉からセパレータへつながるガス出口床面の張り出し部から約25m下のボイラー底部まで墜落、脳挫傷等により死亡した。","3","建設業","303","その他の建設業","30309","その他の建設業－その他","1~9","4","仮設物、建築物、構築物等","41","仮設物、建築物、構築物等","416","作業床、歩み板","1","墜落、転落"
"859","2012","平成","24","10","16~17","鉄筋コンクリート2階建ての解体工事において、内装部品等の撤去後に2階床面に発生した開口部(2.7m×1.7m)から約3m下の1階床面に墜落した。","3","建設業","302","建築工事業","30209","その他の建築工事業","10~29","4","仮設物、建築物、構築物等","41","仮設物、建築物、構築物等","414","開口部","1","墜落、転落"
"860","2012","平成","24","10","18~19","仕入れた商品を本社に搬送するため、被災者が単独で3tトラックを運転していた。高速道路を走行中、トラックが道路左側の側壁に衝突し、弾みで中央分離帯のガードレールに衝突して横転し、死亡した。","8","商業","801","卸売業","80109","その他の卸売業","10~29","2","物上げ装置、運搬機械","22","動力運搬機","221","トラック","17","交通事故（道路）"
"861","2012","平成","24","10","14~15","高さ7.8mの鉄骨柱に設置した天井クレーンのレール付近で、LANケーブルの敷設作業をしていた被災者は、他の労働者が移動させてきた天井クレーン(20t)と鉄骨柱の間に挟まれ死亡した。","3","建設業","303","その他の建設業","30309","その他の建設業－その他","10~29","2","物上げ装置、運搬機械","21","動力クレーン等","211","クレーン","7","はさまれ、巻き込まれ"
"862","2012","平成","24","10","16~17","被災者は、重機(油圧ショベルの先にグラップルを取り付けたもの)の燃料が入ったドラム缶を林内運搬車で坂道を上りながら運搬し、重機の手前の坂道上で止めたところ、林内運搬車の前方が浮き上がった。林内運搬車の浮き上がりを押さえるため、重機の運転手が重機の先で林内運搬車の前方を押さえていたところ、押さえが外れ、林内運搬車が後ろ向きに坂道を下り始めたので、被災者が止めようとし、林内運搬車と一緒に転落した。","6","農林業","602","林業","60209","その他の林業","30~49","2","物上げ装置、運搬機械","22","動力運搬機","229","その他の動力運搬機","1","墜落、転落"
"863","2012","平成","24","9","6~7","海上で作業船に取付けられた牡蠣クレーンを使用し、筏につり下げられた牡蠣を海面上につり上げる作業を行っていたところ、巻き過ぎによって巻上げ用ワイヤロープが切断し、つり上げていた牡蠣と吊り具金具が落下した。その際、筏上で作業を行っていた被災者の身体に、吊り金具が直撃して死亡した。","7","畜産・水産業","702","水産業","70209","その他の水産業","1~9","2","物上げ装置、運搬機械","21","動力クレーン等","215","揚貨装置","4","飛来、落下"
"864","2012","平成","24","8","7~8","運搬先において、トレーラーから電柱を荷下ろしする作業を被災者単独で行っていた。荷下ろし方法は、人力作業であり、一端を固定したワイヤを電柱に巻きつけ、バールを使って少しづつ地面に下ろす方法で、被災者は、トレーラーの荷台に積んである電柱の上で作業をしていたところ、電柱2本とともに地面に落下し、その後落下してきた3本目の電柱と先に落下した電柱の間に身体が挟まれ、死亡した。","4","運輸交通業","403","道路貨物運送業","40301","一般貨物自動車運送業","10~29","5","物質、材料","52","材料","529","その他の材料","5","崩壊、倒壊"
"865","2012","平成","24","8","11~12","製品(クレーンのサドル部品:600~700キログラム))を2.8tホイストクレーンで反転させようとしたところ、自分の背中に製品が激突した。","1","製造業","112","金属製品製造業","11209","その他の金属製品製造業","1~9","2","物上げ装置、運搬機械","21","動力クレーン等","211","クレーン","6","激突され"
"866","2012","平成","24","7","8~9","被災者はフォークリフトに取り付けたられた作業台で船体の外板塗装作業を行っていたところ、フォークリフトがバランスを崩して横転、その衝撃で被災者も作業台から投げ出され、地面に体を強打して死亡した。","1","製造業","115","輸送用機械等製造業","11501","造船業","1~9","2","物上げ装置、運搬機械","22","動力運搬機","222","フォークリフト","2","転倒"
"867","2012","平成","24","7","12~13","大型トレーラー(30t)で撤去電柱15本(1本1t)を積み、インターチェンジのアクセス道路の本線を降りて料金所に向かっていたところ、道路右側の縁石に衝突し、横転した。運転していた被災者は車内に閉じ込められ、その後レスキュー隊員に救出されたが、救急搬送先の病院で死亡が確認された。","4","運輸交通業","403","道路貨物運送業","40301","一般貨物自動車運送業","10~29","2","物上げ装置、運搬機械","22","動力運搬機","221","トラック","17","交通事故（道路）"
"868","2012","平成","24","6","3~4","新聞配達をするため、当該事業場を90ccの配達用バイクで出発した被災者は、配達先付近を流れる川でバイクとともに倒れているのを発見された。","8","商業","802","小売業","80205","新聞販売業","30~49","2","物上げ装置、運搬機械","23","乗物","231","乗用車、バス、バイク","17","交通事故（道路）"
"869","2012","平成","24","6","12~13","解体業を営む被災者は、立木を伐木する作業を請け負い、労働者3名と共に伐採作業を行っていた。被災者は、胸高約50センチメートルのケヤキの木を伐採していたところ、倒れた木に激突され死亡した。","3","建設業","302","建築工事業","30209","その他の建築工事業","1~9","7","環境等","71","環境等","712","立木等","6","激突され"
"870","2012","平成","24","5","10~11","ベルトコンベヤー上方に設けられたシュートを補修するため、被災者ら2名がコンベヤーの上に乗り、シュートを補修していたところ、別の労働者がコンベヤーを起動させ、被災者がコンベヤーに巻き込まれた。","5","貨物取扱業","502","港湾運送業","50202","港湾荷役業","300~499","2","物上げ装置、運搬機械","22","動力運搬機","224","コンベア","7","はさまれ、巻き込まれ"
"871","2012","平成","24","5","8~9","被災者は浚渫船のワイヤーロープを取り替えるため、5.5m下の泥倉に移動はしごで降りていたところ、バランスを崩し泥倉に転落した。","3","建設業","301","土木工事業","30199","その他の土木工事業","1~9","3","その他の装置等","37","用具","371","はしご等","1","墜落、転落"
"872","2012","平成","24","5","9~10","倉庫内に仮置きしている輸入合板2パレット(1パレット110枚、1パレットあたり高さ約1m、重さ1.3t)を4tのフォークリフトでトラックに積み込んでいた際、上段の合板が被災者側に荷崩れし、合板とあおりとの間に挟まれ胸部圧迫で死亡した。","4","運輸交通業","403","道路貨物運送業","40301","一般貨物自動車運送業","100~299","5","物質、材料","52","材料","522","木材、竹材","5","崩壊、倒壊"
"873","2012","平成","24","3","10~11","商品を配送後事業場に戻る途中、被災者が運転する社用車がトレーラーと衝突し、死亡した。","8","商業","802","小売業","80209","その他の小売業","30~49","2","物上げ装置、運搬機械","23","乗物","231","乗用車、バス、バイク","17","交通事故（道路）"
"874","2012","平成","24","3","17~18","被災者はごみ収集車(パッカー車)内のダンボールを後方から排出するため、後方のテールゲートを上げダンブアップし排出、確認の後、テールゲートを下げ後方に回り、回転板等を起動させたところ、回転板に巻き込まれた。","15","清掃・と畜業","1501","清掃・と畜業","150102","産業廃棄物処理業","30~49","2","物上げ装置、運搬機械","22","動力運搬機","221","トラック","7","はさまれ、巻き込まれ"
"875","2012","平成","24","3","4~5","被災者は荷を運搬するためトラック(トレーラー)を運転中、国道の交差点で信号待ちをしていたところ、停車中のトラックの後方に追突した。","4","運輸交通業","403","道路貨物運送業","40301","一般貨物自動車運送業","10~29","2","物上げ装置、運搬機械","22","動力運搬機","221","トラック","17","交通事故（道路）"
"876","2012","平成","24","3","9~10","工場内において、天井クレーン2基を用いてハッチカバーを相吊りする方法で反転させる作業を行っていたところ、当該ハッチカバーの端部が所定の荷受架台にセットできないため、被災者の合図で地切りしたところ、荷が振れ、荷の横にいた被災者が別のハッチカバーとの間に挟まれた。","1","製造業","115","輸送用機械等製造業","11501","造船業","1~9","2","物上げ装置、運搬機械","21","動力クレーン等","211","クレーン","6","激突され"
"877","2012","平成","24","2","4~5","被災者は小型バイクで新聞の配達作業中、後ろから来た乗用車に激突されはね飛ばされ、救急搬送先の病院で死亡した。","8","商業","802","小売業","80205","新聞販売業","30~49","2","物上げ装置、運搬機械","23","乗物","231","乗用車、バス、バイク","17","交通事故（道路）"
"878","2012","平成","24","2","9~10","翌日開催される会議に同僚2名と出席するため、前日入りし宿泊。翌朝、同僚に体調不良との連絡があり、体温を測ったところ38度ほどあった。その後、体調が回復しないため会議を欠席し、チェックアウトまで休んで帰宅することにした。チェックアウト時間になってもチェックアウトしなかったため、ホテル従業員が確認したところ、ベッドで倒れているところを発見され、病院に救急搬送後、死亡が確認された。","17","その他の事業","1702","その他の事業","170209","その他の事業－その他","10~29","9","その他","92","起因物なし","921","起因物なし","90","その他"
"879","2012","平成","24","2","10~11","自社所有の焼却炉の修理のため、焼却炉蓋を移動式クレーンで吊り上げて外し、被災者の合図で地面に下ろしていたところ、下半身が蓋にはさまれている被災者が発見された。","3","建設業","301","土木工事業","30199","その他の土木工事業","10~29","2","物上げ装置、運搬機械","21","動力クレーン等","212","移動式クレーン","6","激突され"
"880","2012","平成","24","12","1~2","被災者は高炉の出銑口を閉塞した後、閉塞した出銑口周りの粕取り作業と、芯出し作業を他の作業者と2名で行っていたところ、出銑後の銑鉄とスラグが残っている大樋の中に転落した。","1","製造業","110","鉄鋼業","11001","製鉄・製鋼・圧延業","1~9","3","その他の装置等","34","炉窯等","341","炉、窯","1","墜落、転落"
"881","2012","平成","24","2","3~4","マンホール改修工事に伴い、片側交互通行としている道路のセンターライン付近に立って車の誘導を行っていたところ、車にはねられて死亡した。","17","その他の事業","1702","その他の事業","170201","警備業","30~49","2","物上げ装置、運搬機械","23","乗物","231","乗用車、バス、バイク","17","交通事故（道路）"
"882","2012","平成","24","12","4~5","被災者は、原動機付き自転車で新聞配達中、市道の交差点に差し掛かったとき、左方向から直進してきた普通乗用車と出合い頭に衝突した。","8","商業","802","小売業","80205","新聞販売業","10~29","2","物上げ装置、運搬機械","23","乗物","231","乗用車、バス、バイク","17","交通事故（道路）"
"883","2012","平成","24","12","15~16","キャストコート紙の巻取機において、中間位置に停止させていた「エアシリンダ昇降方式のライダロール」が突然下降し、当該ロールの清掃を行っていた被災者が、当該ロールと巻取用芯管との間に頭部を挟まれ死亡した。","1","製造業","106","パルプ・紙・紙加工品製造業","10601","パルプ・紙製造業","100~299","1","動力機械","16","一般動力機械","169","その他の一般動力機械","7","はさまれ、巻き込まれ"
"884","2012","平成","24","9","7~8","薄板のメッキラインの再稼働時の鋼鈑の表面点検で、試運転後の鋼鈑表面に押え跡が見られたため、該当するロール表面を確認していた被災者が、何らかの原因でロールと接触し、ロールに巻き込まれた。","1","製造業","110","鉄鋼業","11009","その他の鉄鋼業","300~499","1","動力機械","16","一般動力機械","163","ロール機（印刷ロール機を除く。）","7","はさまれ、巻き込まれ"
"885","2012","平成","24","9","14~15","被災者は市のクリーンセンター整備工事において、可燃物処理施設の屋根部でALC板を取付けたあとの目地にモルタルを流し込む作業を行っていた。屋根部には機械搬入用の開口部があり、その開口部(約7m×約9m)から被災者が約10m下のコンクリート床面上に転落したもの。なお、作業はモルタルを容器に充填しながら目地に沿って引っ張りながら行うもので、被災者はモルタルを目地に流し込むための容器を引っ張る作業を行っていた。","3","建設業","302","建築工事業","30201","鉄骨・鉄筋コンクリート造家屋建築工事業","1~9","4","仮設物、建築物、構築物等","41","仮設物、建築物、構築物等","414","開口部","1","墜落、転落"
"886","2012","平成","24","9","11~12","代表者と被災者の2名で、火災感知器の交換作業を行うため、コンクリート床面に高さ3.4mの脚立を設置し、被災者が脚立に上り、コンクリート床面から5.9mの位置の火災感知器の交換作業が可能かを確認したところ、脚立での作業は困難であったため、代表者が被災者に脚立から降りるよう指示。その直後、被災者は脚立から下りる際に墜落した。","17","その他の事業","1702","その他の事業","170209","その他の事業－その他","1~9","3","その他の装置等","37","用具","371","はしご等","1","墜落、転落"
"887","2012","平成","24","9","13~14","作業者2名で大型プレスの整備作業を高さ5.4mにあるプレス上部の作業台で行っていたところ、プレスの上をホイスト式天井クレーンが通過することになり、作業台上でクレーン運転者に対し走行の合図を行っていた被災者は、クレーンガータと作業台の内手すりとの間に首を挟まれ死亡した。","1","製造業","115","輸送用機械等製造業","11502","自動車・同付属品製造業","100~299","2","物上げ装置、運搬機械","21","動力クレーン等","211","クレーン","7","はさまれ、巻き込まれ"
"888","2012","平成","24","7","21~22","ノロ処理場において、被災者は冷却後のノロを移動するためトラクター・ショベル(機体質量9150キログラム)を運転し、駐機場から処理場に移動した。同僚がラガー車でノロを運んできた際、ノロ冷却に使用した水を貯めておくピットにトラクター・ショベルが転落しているのを発見し、被災者を捜索したが発見できないため警察に連絡。警察等が被災者を発見したが、既に死亡していた。","5","貨物取扱業","501","陸上貨物取扱業","50101","陸上貨物取扱業","30~49","1","動力機械","14","建設機械等","141","整地・運搬・積込み用機械","1","墜落、転落"
"889","2012","平成","24","6","10~11","新設道路の法面に落石防止用の網を設置する工事で、アンカー材(鋼製、152センチメートル、8.8キログラム)を施工場所に持って行くため法面を移動中、法肩上部から国道に転落した。","3","建設業","301","土木工事業","30199","その他の土木工事業","10~29","7","環境等","71","環境等","711","地山、岩石","1","墜落、転落"
"890","2012","平成","24","6","17~18","自社駐車場内において、大型バキューム車のタンク上部マンホールから高圧水ホースで散水しながら、内部の堆積汚泥等の洗浄を実施した後、内部に入って洗浄を続けようとした被災者が内部に入ってしゃがんだところ、突然倒れた。","15","清掃・と畜業","1501","清掃・と畜業","150102","産業廃棄物処理業","1~9","7","環境等","71","環境等","714","異常環境等","12","有害物等との接触"
"891","2012","平成","24","4","2~3","レゾルシン(RS)製造装置の緊急停止後の関連(二次操作)作業中、酸化塔内の有機過酸化物が暴走反応し圧力が上昇、酸化塔が破裂・爆発し、酸化塔付近で作業を行っていた作業者が吹き飛ばされた。この爆発による衝撃波により、周辺の広範囲(最大2.4キロメートル)に渡り民家の窓ガラス等が破損するなどして、付近住民14名も負傷した。","1","製造業","108","化学工業","10801","無機・有機化学工業製品製造業","300~499","3","その他の装置等","31","圧力容器","312","圧力容器","14","爆発"
"892","2012","平成","24","3","13~14","被災者は倉庫において、海外に出荷する中型タイヤ(重量362キログラム)を単独作業でラムフォークを使用し、コンテナへの積込み作業を開始していた。他の労働者が用事があるため電話連絡を行ったが被災者が応答しなかったため、コンテナ開口部から中を見たところ、左側側壁とタイヤに挟まっている被災者が発見された。","8","商業","804","その他の商業","80401","倉庫業","10~29","6","荷","61","荷","611","荷姿の物","7","はさまれ、巻き込まれ"
"893","2012","平成","24","2","10~11","2tトラックに積まれていた木材1本(土地丸太、長さ12m、胸高直径35センチメートル)をフォークリフトで降ろす作業中、フォークリフトで木材を地上から約2mの位置に持ち上げた状態で、フォークリフトの運転者が運転位置から離れていたところ、その木材(丸太)が転がり落ち、近くにいた被災者を直撃した。","3","建設業","302","建築工事業","30202","木造家屋建築工事業","1~9","2","物上げ装置、運搬機械","22","動力運搬機","222","フォークリフト","4","飛来、落下"
"894","2012","平成","24","2","10~11","線路下の埋設排水管補修工事で、列車先方見張を行っていた被災者と無線連絡を行ったが被災者からの応答がなかったため、他の見張員が被災者の見張位置に赴いたが、姿が見えなかった。周辺を捜索したところ、指示を受けた見張位置から約200m離れた踏切わきの側溝に、意識がなく呼吸していない状態で倒れてる被災者を発見した。救急搬送したものの、頚髄損傷による窒息で死亡した。なお、被災者に頚髄以外の外傷はなかった。","3","建設業","301","土木工事業","30104","鉄道軌道建設工事業","10~29","4","仮設物、建築物、構築物等","41","仮設物、建築物、構築物等","418","建築物、構築物","2","転倒"
"895","2012","平成","24","9","11~12","シラス機船船びき網(通称:バッチ網)漁で、2隻を連結した1隻側に作業員3人が集まり、既に船上に巻上げられている網の掃除のため、航行中の船尾で網の中の不要な物を船外へ振るい落とす(シャクとり)作業中に、網が海面に接触し、網が流れ出したので被災者たちは退避しようとしたが、流れ出している網に体の一部が引っ掛かり、網と共に海中へ転落し溺死した。","7","畜産・水産業","702","水産業","70201","漁業","1~9","2","物上げ装置、運搬機械","23","乗物","239","その他の乗物","10","おぼれ"
"896","2012","平成","24","9","11~12","シラス機船船びき網(通称:バッチ網)漁で、2隻を連結した1隻側に作業員4人が集まり、既に船上に巻上げられている網の掃除のため、航行中の船尾で網の中の不要な物を船外へ振るい落とす(シャクとり)作業中に、網が海面に接触し、網が流れ出したので被災者たちは退避しようとしたが、流れ出している網に体の一部が引っ掛かり、網と共に海中へ転落し溺死した。","7","畜産・水産業","702","水産業","70201","漁業","1~9","2","物上げ装置、運搬機械","23","乗物","239","その他の乗物","10","おぼれ"
"897","2012","平成","24","8","9~10","同僚労働者がフォークリフトで木材を運搬中、油圧オイルが漏れていたので、被災者とともに点検を行っていた。被災者は、フォークが下降しないように廃材(4.5センチメートル×5.5センチメートル×94.5センチメートル)でフォークを支え、フォークリフト前方にもぐりこんで点検していたが、廃材が折れて降下したフォークに前頭部を挟まれ、脳挫傷により死亡した。","1","製造業","104","木材・木製品製造業","10409","その他の木材・木製品製造業","1~9","2","物上げ装置、運搬機械","22","動力運搬機","222","フォークリフト","7","はさまれ、巻き込まれ"
"898","2012","平成","24","8","13~14","学習塾の野外活動を引率していた被災者が、川遊びをしていた小学生2名が溺れたのに気がつき、救助しょうとして、深さ約2mの川の深みにはまり、溺死した。","12","教育・研究業","1201","教育・研究業","120109","その他の教育研究業","30~49","7","環境等","71","環境等","713","水","10","おぼれ"
"899","2012","平成","24","7","12~13","駐車場建設工事現場において、被災者が65t吊りのクローラクレーンの主巻の玉掛け用具に掛けられていた荷の玉はずしを終えた後、次の作業に移るため、クレーン運転手が主巻フックを巻上げ、補巻フックを巻下げたところ、高さ11.8mの位置の補巻フックに掛けられていた玉掛け用具(約20キログラム)が落下し、その下にいた被災者の頭部に激突した(保護帽の着用有り)。なお、災害発生時に主巻・補巻共に荷を吊っていなかった。","3","建設業","302","建築工事業","30201","鉄骨・鉄筋コンクリート造家屋建築工事業","1~9","2","物上げ装置、運搬機械","21","動力クレーン等","212","移動式クレーン","4","飛来、落下"
"900","2012","平成","24","6","16~17","木造2階建の倉庫3棟(北棟、中棟、南棟)の解体工事現場で、中棟を解体するため、現場責任者がグラップルで中棟東側の梁を引き抜いたところ、中棟全体が倒壊し、作業員2名が西側の壁面の下敷きとなり、1名は死亡、1名は負傷を負ったもの。なお、被災者2名は倒壊防止用の控えを設置するため、梯子及び脚立に昇り西側壁面に穴を掘る作業を行っていた。","3","建設業","302","建築工事業","30209","その他の建築工事業","1~9","4","仮設物、建築物、構築物等","41","仮設物、建築物、構築物等","418","建築物、構築物","5","崩壊、倒壊"
"901","2012","平成","24","6","10~11","水道管給水工事のため、2車線通行の県道を1車線通行に規制し、県道上で被災者と同僚で交通誘導を行っていた。被災者は西側を向いて誘導をしていたが、西側から進行してきた2tトラックに激突され、14m程飛ばされた。","17","その他の事業","1702","その他の事業","170201","警備業","10~29","2","物上げ装置、運搬機械","22","動力運搬機","221","トラック","17","交通事故（道路）"
"902","2012","平成","24","4","13~14","事務所において、事務職員が施設利用者に暴力行為を受け死亡した。","17","その他の事業","1702","その他の事業","170209","その他の事業－その他","1~9","9","その他","99","分類不能","999","分類不能","99","分類不能"
"903","2012","平成","24","4","9~10","時間外労働が発症前6ヶ月間にわたり、1ヶ月平均80時間以上認められるなどの過重労働等により、クモ膜下出血を発症し死亡した。","8","商業","802","小売業","80202","自動車小売業","1~9","9","その他","92","起因物なし","921","起因物なし","90","その他"
"904","2012","平成","24","2","11~12","店舗改修工事現場において、3段組の枠組足場に上がるため、壁に立てかけられたアルミ製の2連梯子を登っていたところ、2連梯子から仰向けに墜落し、脳挫傷、急性硬膜下血腫により死亡した。なお、被災者の手には鋸が握りしめられていた。また、保護帽は着用していた。","3","建設業","302","建築工事業","30209","その他の建築工事業","1~9","3","その他の装置等","37","用具","371","はしご等","1","墜落、転落"
"905","2012","平成","24","11","3~4","LPGタンク内部の手直し作業が終了し、外に出るため内部階段を上がっていたところ、資材搬入等のために一部床(グレーチング)を取り外した状態の踊り場の開口部から、約10m下のタンク底部に墜落した。","1","製造業","112","金属製品製造業","11209","その他の金属製品製造業","100~299","4","仮設物、建築物、構築物等","41","仮設物、建築物、構築物等","413","階段、桟橋","1","墜落、転落"
"906","2012","平成","24","11","13~14","集じんダクト補修作業に、被災者と同僚2名の計3名が従事していた。工場屋根上にある集じんダクトのフランジを外す作業に必要なガムテープとナイロン袋を取りに被災者が一旦地上に下りて、再びスレート屋根に上がり補修現場へ向かおうとしたところ、スレート屋根を踏み抜き、約8m下の工場床面に墜落し、死亡した。","1","製造業","104","木材・木製品製造業","10409","その他の木材・木製品製造業","1~9","4","仮設物、建築物、構築物等","41","仮設物、建築物、構築物等","415","屋根、はり、もや、けた、合掌","1","墜落、転落"
"907","2012","平成","24","10","9~10","船体ブロックの組立作業中、センターガーダー(中心骨材、重量約1.5t)を溶接する準備のため、ピースを溶接取付けし、油圧ジャッキによりセンターガーダーを船体ブロックの壁面に押し付けていたところ、センターガーダーが作業中の被災者の方向へ倒れ、被災者はセンターガーダーの下敷きとなった。","1","製造業","115","輸送用機械等製造業","11501","造船業","10~29","4","仮設物、建築物、構築物等","41","仮設物、建築物、構築物等","419","その他の仮設物、建築物、構築物等","5","崩壊、倒壊"
"908","2012","平成","24","9","7~8","被災者はドック外の地上部分に設置されている水道管蛇口にホースを接続して、ドック内渠底で当該ホースを使用して船体の水洗作業を行っていた。船体水洗場所の移動に伴いホース接続場所も移動するため、ホースを蛇口から外し渠底まで下し、ホースを移動後、ホース引き上げ用のロープを被災者が渠底へ投げたが、ドック内側の犬走りの手すりにロープが乗り、同人が水道管等を乗り越え、足でロープを蹴落とそうとして滑り渠底へ墜落した。","1","製造業","115","輸送用機械等製造業","11501","造船業","10~29","4","仮設物、建築物、構築物等","41","仮設物、建築物、構築物等","418","建築物、構築物","1","墜落、転落"
"909","2012","平成","24","7","0~1","被災者は帰りの荷を大型トラックに積み、事業場に運送するため高速道路を走行中、前方を走行していた冷凍車に追突し、全身を強打し死亡した。","4","運輸交通業","403","道路貨物運送業","40301","一般貨物自動車運送業","10~29","2","物上げ装置、運搬機械","22","動力運搬機","221","トラック","17","交通事故（道路）"
"910","2012","平成","24","6","5~6","原付バイクで新聞配達をしていた被災者は県道を走行中、カーブミラーなどに接触、道路脇の溝(幅約50センチメートル、深さ約1.5m)に転落し、外傷性出血性ショックにより死亡した。","8","商業","802","小売業","80205","新聞販売業","1~9","2","物上げ装置、運搬機械","23","乗物","231","乗用車、バス、バイク","17","交通事故（道路）"
"911","2012","平成","24","6","13~14","被災者は下水管を埋設する作業において、ドラグ・ショベルでアスファルト舗装の道路を深さ2.1m掘削した床の長さを計測するため掘削した溝に入り、計測後に溝から出ようとした際、掘削した溝の片側の法面が崩落して頭部に崩壊した土砂等が当たり、脳挫傷により死亡した。","3","建設業","301","土木工事業","30110","上下水道工事業","10~29","7","環境等","71","環境等","711","地山、岩石","5","崩壊、倒壊"
"912","2012","平成","24","6","6~7","浚渫工事のため、浮きクレーン、押船、土運船、作業船の4隻をつないだ状態で岸壁を出港した。先ず、作業船(被災者と同僚の2名が乗船)を先行して現場に行かせたところ、土運船の右舷船首に接触し、沈没した。同僚は救助されたが、被災者は海に投げ出され、行方不明となり、数日後遺体で発見された。","3","建設業","301","土木工事業","30111","港湾海岸工事業","30~49","2","物上げ装置、運搬機械","23","乗物","239","その他の乗物","18","交通事故（その他）"
"913","2012","平成","24","5","5~6","被災者は紛失した工具を探すため、7階建ての化学プラントを1人で捜索し、「工具があったこと及び現在6階に居る」旨を無線にて同僚に伝えた後、地面へ墜落した。","1","製造業","108","化学工業","10899","その他の化学工業","100~299","4","仮設物、建築物、構築物等","41","仮設物、建築物、構築物等","418","建築物、構築物","1","墜落、転落"
"914","2012","平成","24","5","4~5","被災者は鋼管4本(直径60センチメートル、長さ6mの鋼管が2本、直径1m、長さ6mの鋼管が2本)の錆落とし作業を行うため、同径の鋼管2本ずつを直列に並べ、内部に自動ブラスト機をセットし、鋼管内面の錆落としを行っていたところ、直径60センチメートルの鋼管内部で、衣服の胸元にブラスト機の先端が入り込んだ状態で横たわっていた状態で発見された。","1","製造業","115","輸送用機械等製造業","11501","造船業","300~499","1","動力機械","15","金属加工用機械","159","その他の金属加工用機械","7","はさまれ、巻き込まれ"
"915","2012","平成","24","3","10~11","キャタピラ式グラップル(車両系建設機械には非該当)にて、伐木の仕分け作業中に横転し、運転していた被災者は、損壊したキャビンに胸部を圧迫されてれて死亡した。","2","鉱業","202","土石採取業","20209","その他の土石採取業","10~29","1","動力機械","14","建設機械等","149","その他の建設機械等","2","転倒"
"916","2012","平成","24","3","11~12","民家の外壁塗装工事現場の高さ約3.63mの銅板葺きの軒屋根上で、塗装作業において付着したペンキ等の汚れを取る作業を行っていた被災者は、足場の脚部で外壁にもたれるような姿勢で、この家の住人によって発見され、病院へ救急搬送されたが、延髄損傷で死亡した。","3","建設業","302","建築工事業","30202","木造家屋建築工事業","1~9","4","仮設物、建築物、構築物等","41","仮設物、建築物、構築物等","415","屋根、はり、もや、けた、合掌","1","墜落、転落"
"917","2012","平成","24","2","9~10","焼却場として使用していた既存建物の2階部分を解体撤去する工事において、1階のスレート屋根の上を移動していた被災者は、スレート屋根を踏み抜き、約7mの高さからコンクリートの地面に墜落し死亡した。","3","建設業","302","建築工事業","30201","鉄骨・鉄筋コンクリート造家屋建築工事業","1~9","4","仮設物、建築物、構築物等","41","仮設物、建築物、構築物等","415","屋根、はり、もや、けた、合掌","1","墜落、転落"
"918","2012","平成","24","2","7~8","2台のトラック(バン)のリアを向え合わせ、荷物の入ったカゴ車の積替えを行っていたところ、被災者が移動させていたカゴ車が倒れる音がした。被災者はカゴ車の脇で倒れていたが、意識はあり、外傷は確認されなかった。その後、被災者は、自らトラックを約30分運転し事業場に戻ったが、事業場到着後、徐々に声かけに応じなくなり、救急搬送先の病院で死亡した。","4","運輸交通業","403","道路貨物運送業","40301","一般貨物自動車運送業","30~49","2","物上げ装置、運搬機械","22","動力運搬機","221","トラック","2","転倒"
"919","2012","平成","24","2","5~6","新聞配達業務が終了し、被災者は自転車で帰社途中、飲酒運転の乗用車に追突され死亡した。","8","商業","802","小売業","80205","新聞販売業","1~9","2","物上げ装置、運搬機械","23","乗物","231","乗用車、バス、バイク","17","交通事故（道路）"
"920","2012","平成","24","2","17~18","立体自動倉庫内において、スタッカークレーンでラック棚にポリエステルフィルムが梱包された箱6個(1個:96.7キログラム)を搬入しようと、パレット上に被災者が箱を載せる作業中、5個目を載せる際隣の荷受け台上に乗り、箱を移動させている途中で足が滑り転倒。その際箱を持っていたため、被災者側へ箱が倒れてきて、箱の下敷きとなった。","1","製造業","108","化学工業","10805","プラスチック製品製造業","50~99","6","荷","61","荷","611","荷姿の物","2","転倒"
"921","2012","平成","24","1","15~16","樹木の剪定作業において、被災者は側溝等に落ちた剪定した木の収集を市道脇で行っていたところ、市道を東進してきた軽乗用車にはねられ死亡した。","3","建設業","301","土木工事業","30199","その他の土木工事業","1~9","2","物上げ装置、運搬機械","23","乗物","231","乗用車、バス、バイク","17","交通事故（道路）"
"922","2012","平成","24","1","22~23","岸壁に係留していたはしけ船のタンク(約30t)にホースで水道水を貯水していたのを止めようと岸壁に降りかけた際、はしけ船と岸壁の間の海に墜落した。","4","運輸交通業","401","鉄道・軌道・水運・航空業","40102","水運業","10~29","2","物上げ装置、運搬機械","23","乗物","239","その他の乗物","10","おぼれ"
"923","2012","平成","24","12","5~6","被災者は抄紙機のリールパート部において、製造されたティッシュペーパーを新しいロールに巻き替えるため、ティッシュペーパーの端部をロールに巻き付かせようとしたものの失敗して損紙が発生した。その損紙を庇状の部品の上で取り除く作業を行っていたところ、誤ってバランスを崩し、脇で回転していたロールに巻き込まれた。","1","製造業","106","パルプ・紙・紙加工品製造業","10601","パルプ・紙製造業","100~299","1","動力機械","16","一般動力機械","163","ロール機（印刷ロール機を除く。）","7","はさまれ、巻き込まれ"
"924","2012","平成","24","12","3~4","被災者は新聞配達のため、自転車で販売所から自分の担当する配達先へ向かう途中、水路に自転車ごと転落した。","8","商業","802","小売業","80205","新聞販売業","10~29","3","その他の装置等","36","人力機械工具等","362","人力運搬機","17","交通事故（道路）"
"925","2012","平成","24","9","15~16","胸高直径43センチメートルの杉の伐木作業中、当該杉が倒れる時、幹に絡んだ葛が近傍の大岩の上に堆積した土に根を張っていたため、その上にあった岩石(20センチメートル×10センチメートル程度)も一緒に剥ぎ落とし、当該岩石が退避中の被災者の頭部に当たり、約35度の斜面を転落した。","6","農林業","602","林業","60209","その他の林業","1~9","7","環境等","71","環境等","712","立木等","4","飛来、落下"
"926","2012","平成","24","9","11~12","被災者は同僚と架線集材箇所の伐倒作業に従事していた。被災者の約100m上方にいた同僚が、昼食のため被災者の方へ移動したところ伐倒木の下敷きとなっている被災者を発見した。防災ヘリにより救急搬送したものの、搬送先の病院で死亡した。","6","農林業","602","林業","60209","その他の林業","10~29","7","環境等","71","環境等","712","立木等","4","飛来、落下"
"927","2012","平成","24","8","14~15","被災者は所属する事業場の代表者と2名で、現場において電話線を引き込む作業を行っていた。被災者は、代表者と離れた箇所で保安器と呼ばれる設備の配線作業を行っていたが、代表者により作業を行っていた箇所の近くの水路で倒れているところを発見され、外傷性脳挫傷により、死亡が確認された。","3","建設業","303","その他の建設業","30301","電気通信工事業","1~9","4","仮設物、建築物、構築物等","41","仮設物、建築物、構築物等","418","建築物、構築物","1","墜落、転落"
"928","2012","平成","24","8","10~11","住宅改修工事において、壁の塗り替え作業の手伝いとして屋根上で壁材等の受け渡しを行っていた被災者は、軒の高さ2.5mの屋根上から墜落した。作業は事業主と2人で行われ、壁を塗る作業をしていた事業主の後方で大きな音がしたため(事業主が)振り返ると、被災者が地面に墜落していた。被災者は材料の受け渡し後、屋根上で待機していたが何らかの原因で墜落した。","3","建設業","302","建築工事業","30209","その他の建築工事業","1~9","4","仮設物、建築物、構築物等","41","仮設物、建築物、構築物等","415","屋根、はり、もや、けた、合掌","1","墜落、転落"
"929","2012","平成","24","7","19~20","骨材ヤード内砕砂骨材ビン底部に設置されている2基のホッパーを、業者が修理をすることとなった。そのための準備作業として、6名で砕砂骨材ビン内の砕砂を手作業でホッパーに落とし、排出する作業を開始した。約45tを排出し、砕砂骨材ビン底部北側ホッパー部分の回り約50センチメートルが露出するまで掘り進めた際、西側砕砂が崩れ6名が砂に埋まった。被災者のうち、完全に埋まった2名が死亡した。","1","製造業","109","窯業土石製品製造業","10901","セメント・同製品製造業","10~29","4","仮設物、建築物、構築物等","41","仮設物、建築物、構築物等","418","建築物、構築物","5","崩壊、倒壊"
"930","2012","平成","24","7","19~20","骨材ヤード内砕砂骨材ビン底部に設置されている2基のホッパーを、業者が修理をすることとなった。そのための準備作業として、6名で砕砂骨材ビン内の砕砂を手作業でホッパーに落とし、排出する作業を開始した。約45tを排出し、砕砂骨材ビン底部北側ホッパー部分の回り約50センチメートルが露出するまで掘り進めた際、西側砕砂が崩れ6名が砂に埋まった。被災者のうち、完全に埋まった2名が死亡した。","1","製造業","109","窯業土石製品製造業","10901","セメント・同製品製造業","10~29","4","仮設物、建築物、構築物等","41","仮設物、建築物、構築物等","418","建築物、構築物","5","崩壊、倒壊"
"931","2012","平成","24","5","10~11","PC桁の製作において、鋼製型枠の脱型作業を3名で行っていた。型枠に玉掛けワイヤーを掛けてから型枠を固定しているクランプ及び支柱を取り外した際、玉掛けワイヤーにたるみがあったため型枠が倒れ、当該型枠と橋形クレーンの脚部との間に2名が挟まれ死傷した。","1","製造業","109","窯業土石製品製造業","10909","その他の土石製品製造業","1~9","2","物上げ装置、運搬機械","21","動力クレーン等","211","クレーン","5","崩壊、倒壊"
"932","2012","平成","24","5","10~11","木材搬出用の道を作るための先行伐採を行っている現場で、被災者が樹高約21m、胸高直径23センチメートルの桧をチェーンソーを用い、伐木のための受口、追口を作成した後のつるだけの状態で放置し、当該桧から約8m離れた場所に移動して、既に伐倒した木の枝払い作業を行っていたところ、当該桧が倒れ、被災者の背中に激突。被災者は救急搬送されたものの、搬送先の病院で死亡した。","6","農林業","602","林業","60201","木材伐出業","10~29","7","環境等","71","環境等","712","立木等","6","激突され"
"933","2012","平成","24","4","4~5","高速道路にて、大型の故障車(A車)が路肩に停車していたところ、被災者が運転する大型車(B車)が中央車線を走行中突風にあおられ、左に斜行してA車に追突した。被災者は、降車し、A車の運転手と話し合いをしていたところ、後方から来た大型車(C車)がB車に玉突き衝突し、B車がA車に追突、A車が約1.5m前方に押し出された際、A車の前にいた両運転手に衝突、被災者は転倒し、死亡した。","4","運輸交通業","403","道路貨物運送業","40301","一般貨物自動車運送業","10~29","2","物上げ装置、運搬機械","22","動力運搬機","221","トラック","17","交通事故（道路）"
"934","2012","平成","24","3","6~7","被災者は漁業協同組合にて鮮魚の積み込みを行うため、同組合に到着後、同組合敷地内の岸壁に自ら運転していた活魚車を駐車していた。同組合の担当者が、被災者の姿が見えないことに気づき捜索したところ、活魚車を駐車している岸壁の海底に沈んでいるのが発見された。","4","運輸交通業","403","道路貨物運送業","40301","一般貨物自動車運送業","1~9","7","環境等","71","環境等","713","水","10","おぼれ"
"935","2012","平成","24","2","12~13","被災者は作業終了後、上司に「トイレ行ってくる」と伝えた後、戻ってこなかったため、上司が探したところ、駐車場に倒れていたのを発見され、救急搬送された病院で死亡した。なお、被災者は過去に何度も「てんかん」症状で就業中に倒れていた。","3","建設業","301","土木工事業","30108","砂防工事業","1~9","9","その他","99","分類不能","999","分類不能","2","転倒"
"936","2012","平成","24","1","9~10","木造3階建て個人住宅新築工事現場において、3階床はり上を移動中、約7m下に墜落し、頭を強打し死亡した。","3","建設業","302","建築工事業","30202","木造家屋建築工事業","1~9","4","仮設物、建築物、構築物等","41","仮設物、建築物、構築物等","415","屋根、はり、もや、けた、合掌","1","墜落、転落"
"937","2012","平成","24","1","15~16","皮はぎラインの責任者である被災者は、1人で皮はぎ機(リングバーカ)の運転を行っていた。午後になり、皮はぎラインの次の工程の作業員から木が送られてこないと申出があったため、同僚2人が皮はぎ機のある場所に行ったところ、被災者が皮はぎ機本体内部で原木を固定するための押えロールに挟まれているのを発見した。この時、既に被災者の意識は無く、直ちに救急搬送したが死亡が確認された。","1","製造業","104","木材・木製品製造業","10401","製材業","30~49","1","動力機械","13","木材加工用機械","139","その他の木材加工用機械","7","はさまれ、巻き込まれ"
"938","2012","平成","24","12","11~12","鉄骨造の倉庫を解体する作業現場で、フォークリフトの爪にパレットを差し込み、パレットの上に乗って、地上高さ2.8mで作業を行っていた被災者がバランスを崩し、フォークリフトのマストとパレットの隙間から地面に転落した。","8","商業","801","卸売業","80109","その他の卸売業","1~9","2","物上げ装置、運搬機械","22","動力運搬機","222","フォークリフト","1","墜落、転落"
"939","2012","平成","24","11","9~10","作業道を拡幅するため、法面掘削に支障木となる立木(桜、胸高直径42センチメートル)をチェーンソーを用いて伐倒していたところ、切断中に幹が割け、伐倒作業をしていた作業員に激突した。","3","建設業","301","土木工事業","30199","その他の土木工事業","1~9","7","環境等","71","環境等","712","立木等","6","激突され"
"940","2012","平成","24","11","10~11","けん引自動車で空のトレーラーをけん引して走行中、道路右側のガードレールを突き破り約20m下の川原に転落した。","4","運輸交通業","403","道路貨物運送業","40301","一般貨物自動車運送業","1~9","2","物上げ装置、運搬機械","22","動力運搬機","221","トラック","17","交通事故（道路）"
"941","2012","平成","24","10","7~8","夜間の道路施設建設工事を終え、工事のために借りていたトラック2台を返却するため、車3台(レンタルのトラック2台、乗用車1台)で移動していたところ、乗用車を運転していた被災者が走行中に反対車線にはみ出し、対向してきた運送業者のトラックと正面衝突した。","3","建設業","301","土木工事業","30199","その他の土木工事業","1~9","2","物上げ装置、運搬機械","23","乗物","231","乗用車、バス、バイク","17","交通事故（道路）"
"942","2012","平成","24","10","13~14","下水道建設工事で泥濃式推進工法で下水管を敷設中、推進機内の排泥口から突然土石と水が噴出したため推進機内で作業を行なっていた2名が土石に埋もれ、水は立坑にまで達した。救出作業を行なったが水の流入が止まらず難航し、被災した2名が水死した。","3","建設業","301","土木工事業","30102","トンネル建設工事業","1~9","1","動力機械","14","建設機械等","149","その他の建設機械等","10","おぼれ"
"943","2012","平成","24","10","13~14","下水道建設工事で泥濃式推進工法で下水管を敷設中、推進機内の排泥口から突然土石と水が噴出したため推進機内で作業を行なっていた2名が土石に埋もれ、水は立坑にまで達した。救出作業を行なったが水の流入が止まらず難航し、被災した3名が水死した。","3","建設業","301","土木工事業","30102","トンネル建設工事業","1~9","1","動力機械","14","建設機械等","149","その他の建設機械等","10","おぼれ"
"944","2012","平成","24","9","15~16","国道の新設工事において、ダンプトラックで搬入した砕石をドラグ・ショベル等の重機を用いて締め固めながら地面をかさ上げしていく作業中、砕石を降ろす場所をダンプトラックに指示するため、被災者が締め固め作業をしているドラグ・ショベルの後方に立ち入ったところ、後退してきたドラグ・ショベルのクローラに轢かれた。","3","建設業","301","土木工事業","30106","道路建設工事業","10~29","1","動力機械","14","建設機械等","142","掘削用機械","7","はさまれ、巻き込まれ"
"945","2012","平成","24","9","8~9","現場事務所での朝礼後、3台(先頭車両:軽トラック、次走車輌:電柱を積載した2tトラック、3台目車輌:被災者が運転する穴掘建柱車)に分乗して現場に向かっていたところ、先頭車両が道を間違えた事に気づき減速をはじめたが、3台目で追走していた被災者はそれに気づかず、前方の2tトラックに追突したため、(2tトラックが)積載していた電柱が被災者の顔面に激突した。","3","建設業","303","その他の建設業","30301","電気通信工事業","30~49","2","物上げ装置、運搬機械","22","動力運搬機","221","トラック","17","交通事故（道路）"
"946","2012","平成","24","8","17~18","被災者は防球ネット設置工事の警備を担当していたが、警備作業終了に伴い、グラウンド内への資材運搬車両通用口を施錠し、別の出口用の門から出て帰宅するため、施錠した通用口から出口用の門まで続くコンクリート舗装の通路を原動機付き自転車を運転し走行していたところ、通路に沿って植えられた樹木の根で波状に盛り上がった部分でバランスを崩して転倒、後頭部を強打し死亡した。","17","その他の事業","1702","その他の事業","170201","警備業","1~9","2","物上げ装置、運搬機械","23","乗物","231","乗用車、バス、バイク","2","転倒"
"947","2012","平成","24","7","14~15","住宅の浄化槽設備工事において、ドラグ・ショベル(機体重量3t未満)をダンプトラック(最大積載量3750キログラム)に積み込む作業中、道板を使用せずにドラグ・ショベルのバケットをダンプの荷台(高さ1.17m)に接地し、アームを支えにしてクローラの前部を浮かせて荷台に斜めに乗せた後、上部旋回体を右旋回さたところ、ドラグ・ショベルがバランスを崩して後方に倒れ、ドラグショベルを運転していた被災者が下敷きになった。","3","建設業","302","建築工事業","30203","建築設備工事業","10~29","1","動力機械","14","建設機械等","142","掘削用機械","2","転倒"
"948","2012","平成","24","4","15~16","自走式搬器を用いて間伐作業中、自走式搬器が動かなくなったため、主索及び走行索を緩め、自走式搬器を地上に下ろす作業を行っていたところ、走行索を緩めるために使用していた作業索が被災者に激突し、約8m下に墜落した。","6","農林業","602","林業","60201","木材伐出業","1~9","3","その他の装置等","37","用具","379","その他の用具","6","激突され"
"949","2012","平成","24","4","14~15","船舶引揚用斜路の改修工事において、海中の土のう(1t)にクレーンで吊り上げる際の目印(トラロープ)をくくり付ける作業中、潜水業務(水深約3m、斜路からの目測約2mの位置、ボンベを使用)を行っていた被災者が溺死した。なお、ボンベ内の空気は十分残っており、給気の作動も異常はなかった。また、ウエイトベルトは海中に落ちていた。","3","建設業","301","土木工事業","30111","港湾海岸工事業","1~9","4","仮設物、建築物、構築物等","41","仮設物、建築物、構築物等","419","その他の仮設物、建築物、構築物等","10","おぼれ"
"950","2012","平成","24","2","10~11","被災者は、自ら操縦する船でベルトコンベヤーを用いて生け簀(す)内に餌を撒く作業を行っていた。作業中に被災者が見当たらなくなったため、僚船が海を捜索していたところ、海底で発見された。","7","畜産・水産業","702","水産業","70209","その他の水産業","10~29","2","物上げ装置、運搬機械","23","乗物","239","その他の乗物","10","おぼれ"
"951","2012","平成","24","2","0~1","被災者は、軽自動車を運転し運転代行している車両を追走していたところ、緩いカーブに差しかかった際に中央線を越えて対向車線にはみ出し、対向してきた大型トラックと正面衝突した。","17","その他の事業","1702","その他の事業","170209","その他の事業－その他","1~9","2","物上げ装置、運搬機械","23","乗物","231","乗用車、バス、バイク","17","交通事故（道路）"
"952","2012","平成","24","1","7~8","プラスチック再生工場において、使用済ペットボトルを破砕する作業に従事していたが、金属探知コンベヤーにペットボトルを投入する作業中、コンベヤーのプーリー部分に挟まっていたペットボトルを取り除こうとして、機械の運転を停止せずに右手を入れたところ、コンベヤーのベルトとプーリー間に右肩付近まで巻き込まれた。","1","製造業","108","化学工業","10805","プラスチック製品製造業","10~29","1","動力機械","12","動力伝導機構","121","動力伝導機構","7","はさまれ、巻き込まれ"
"953","2012","平成","24","1","18~19","横中ぐり盤を使用し、金属製架台(ブラケット)を加工中、主軸に取り付けられた研削部分に作業服(腰部)が巻き込まれ、主軸の回転に合わせ身体が回転した。同僚労働者がこれを発見し、主軸の回転を止めて被災者を救助したが、救急搬送先の病院で内臓破裂により死亡した。","1","製造業","113","一般機械器具製造業","11302","計量器測定器製造業","10~29","1","動力機械","15","金属加工用機械","152","ボール盤、フライス盤","7","はさまれ、巻き込まれ"
"954","2012","平成","24","1","8~9","被災者が運転する観光バスは、日帰りバスツアーで目的地へ向かって、高速道路のトンネル内の追い越し車線を走行中、突如、走行車線から追い越し車線へ車線変更してきたトラックに激突され、バスに乗車していた添乗員が死亡、運転手が足を打撲する怪我を負った。","9","金融・広告業","902","広告・あっせん業","90201","旅行業","1~9","2","物上げ装置、運搬機械","22","動力運搬機","221","トラック","17","交通事故（道路）"
"955","2012","平成","24","1","6~7","被災者は会社のトラック(高さ2.8m、車両総重量5.195t)によりスーパー流通センターへの納品後、会社に戻る途上、高さ制限(2.5m)のある道路を走行したところ、車の上部が制限桁に激突したことにより、死亡した。","8","商業","801","卸売業","80109","その他の卸売業","1~9","2","物上げ装置、運搬機械","22","動力運搬機","221","トラック","17","交通事故（道路）"
"956","2012","平成","24","1","15~16","労働者Aが受け口・追い口を作り、労働者Bが楔を打ち込んでいたところ、斜面に対して水平方向に切り倒した檜(直径約27センチメートル、長さ約16m)が伐倒方向の約18m先で作業を行っていた被災者に直撃した。","6","農林業","602","林業","60201","木材伐出業","1~9","7","環境等","71","環境等","712","立木等","6","激突され"
"957","2012","平成","24","1","17~18","マシニングセンタ(数値制御工作機械)を使用し、食品計量器用アルミニウム部品を切削加工中、異音がしたため同僚労働者が駆けつけたところ、機械の内部で、自動工具交換機のアームの先端が右側頭部に刺さった状態の被災者を発見した。直ちに救急搬送したが、頭蓋骨陥没骨折、脳挫傷にて死亡した。","1","製造業","113","一般機械器具製造業","11302","計量器測定器製造業","1~9","1","動力機械","15","金属加工用機械","152","ボール盤、フライス盤","7","はさまれ、巻き込まれ"
"958","2012","平成","24","2","13~14","被災者はドラグ・ショベルの運転手とともに重さ約800キログラムの敷鉄板を移動させる作業を行っていた。運転手がドラグ・ショベルにて敷鉄板を吊上げ、コンクリートブロックに立てかけ、次に被災者が敷鉄板に掛けられていた玉掛ワイヤーを外していたところ、運転手が当該ワイヤーを外し終わったと誤認し旋回したため、敷鉄板が被災者の方に倒れ、下敷きとなり死亡した。","1","製造業","109","窯業土石製品製造業","10909","その他の土石製品製造業","1~9","1","動力機械","14","建設機械等","141","整地・運搬・積込み用機械","5","崩壊、倒壊"
"959","2012","平成","24","2","1~2","被災者は道路舗装工事現場内の勾配約2度の路面上において、他の作業者3名と施工ジョイント部分への合材搬入作業を行っていたが、坂道上方に停車していた無人の10tダンプ車が後退し始め、逃げ遅れた被災者は、左後輪に轢かれた。","3","建設業","301","土木工事業","30106","道路建設工事業","1~9","2","物上げ装置、運搬機械","22","動力運搬機","221","トラック","7","はさまれ、巻き込まれ"
"960","2012","平成","24","2","16~17","木造平屋建ての廃工場の解体作業中、被災者が梁上を移動していたところ、約5mの高さから地面へ墜落した。","3","建設業","302","建築工事業","30209","その他の建築工事業","10~29","4","仮設物、建築物、構築物等","41","仮設物、建築物、構築物等","415","屋根、はり、もや、けた、合掌","1","墜落、転落"
"961","2012","平成","24","3","16~17","被災者は原付自転車を運転して新聞代金の集金業務を行っていた際、交差点を進行中、軽乗用車と衝突した。","8","商業","802","小売業","80205","新聞販売業","30~49","2","物上げ装置、運搬機械","23","乗物","231","乗用車、バス、バイク","17","交通事故（道路）"
"962","2012","平成","24","3","13~14","雨の中、宅配用原付きにて配達の帰り、片側2車線道路の緩やかな左カーブでバランスを崩し、対向車線に転倒した際に、(対向車線を)走行してきた乗用車にはねられた。","14","接客娯楽業","1402","飲食店","140201","一般飲食店","10~29","2","物上げ装置、運搬機械","23","乗物","231","乗用車、バス、バイク","17","交通事故（道路）"
"963","2012","平成","24","3","16~17","被災者はトレーラーの荷台からコイル状の鋼材の荷卸し作業中に、当該鋼材4巻(約2.8t、直径1.5m)が何らかの原因で倒れたため、その下敷きになった。","4","運輸交通業","403","道路貨物運送業","40301","一般貨物自動車運送業","1~9","5","物質、材料","52","材料","521","金属材料","5","崩壊、倒壊"
"964","2012","平成","24","3","16~17","「超強力吸引車」のタンクに集めた粉を、タンクを傾斜させ、タンク後部のハッチを開けて、手作業で袋に投入する作業を行っていた。袋投入作業を終わり、傾斜させていたタンクを水平に戻し、ハッチを閉めたところ、閉塞部の清掃を行っていた被災者をはさんだ。なお、タンクの傾斜及びハッチの開閉は車両左側面前方にある操作レバーで油圧操作を行う。また、操作者は車両左後方に居る合図者の「タンクを水平に戻す」合図で操作した。","4","運輸交通業","403","道路貨物運送業","40301","一般貨物自動車運送業","10~29","2","物上げ装置、運搬機械","22","動力運搬機","221","トラック","7","はさまれ、巻き込まれ"
"965","2012","平成","24","4","14~15","ボイラーCOG(コークス・オーブン・ガス)ブーストブロア整備作業において、金属製の円形フタ(直径約1m、重量約50キログラム)を取り外していたところ、爆発音と共にフタが外れ、作業をしていた被災者に激突した。転倒した被災者は、頭部を強打し、救急搬送先の病院にて死亡が確認された。","1","製造業","117","その他の製造業","11702","機械修理業","1~9","5","物質、材料","51","危険物、有害物等","513","可燃性のガス","14","爆発"
"966","2012","平成","24","5","23~24","被災者は、工場内の脱臭塔(高さ約30m)において計器類の点検を始めた。終了予定時刻になっても被災者が戻って来ないことを不審に思った同僚が周辺を探したところ、脱臭塔の下で倒れている被災者を発見した。","1","製造業","101","食料品製造業","10109","その他の食料品製造業","100~299","4","仮設物、建築物、構築物等","41","仮設物、建築物、構築物等","418","建築物、構築物","1","墜落、転落"
"967","2012","平成","24","5","11~12","被災者は、荷主先の資材置場内に設置されていた覆工板を立てかけた状態で保管する設備(型鋼を溶接加工した構造)上において、覆工板と設備の一部との間に身体を挟まれた状態で発見された。なお、設備南側には、小型移動式クレーン(つり上げ荷重2.93t)がアイドリング状態のまま停車中で、ブーム先端が設備上に延び、玉掛け用具がフックに玉掛けされた状態であった。","4","運輸交通業","403","道路貨物運送業","40301","一般貨物自動車運送業","1~9","5","物質、材料","52","材料","521","金属材料","7","はさまれ、巻き込まれ"
"968","2012","平成","24","5","9~10","住宅市街地総合整備事業におけるよう壁築造工事において、車両系建設機械で床堀した場所に被災者を入れ、スコップを使用して掘削面を調整していたところ、L字型に隣接する法面(高さ約5m)が崩壊し、被災者が生き埋めとなった。直ちに救助し、救急搬送したが、搬送先の病院で頭蓋骨骨折、脳挫傷のため死亡した。","3","建設業","301","土木工事業","30110","上下水道工事業","10~29","7","環境等","71","環境等","711","地山、岩石","5","崩壊、倒壊"
"969","2012","平成","24","5","14~15","被災者は、木造2階建て住宅の雨戸修理工事現場において、住宅2階の雨戸の戸袋の撤去を行っていたところ、地面に墜落した。なお、戸袋の撤去作業は、高さ2.78mの庇上における単独作業であるが、被災者は、被災直後に救急隊員に対し、「昇降設備(梯子)から落ち、背中・腰等を打った」旨伝えている。","3","建設業","302","建築工事業","30202","木造家屋建築工事業","1~9","3","その他の装置等","37","用具","371","はしご等","1","墜落、転落"
"970","2012","平成","24","6","13~14","所属事業場の事務所の窓の外側に緑のカーテン(日除け用の植栽)を作る作業を行っていた被災者は、脚立(高さ約2m)とともに地面に仰向けに倒れているところを通りかかった別の作業員により発見された。なお、被災者はヘルメットを着用していなかった。","8","商業","801","卸売業","80109","その他の卸売業","10~29","3","その他の装置等","37","用具","371","はしご等","1","墜落、転落"
"971","2012","平成","24","6","5~6","高速道路を走行していた被災者らのトラックが、前方を走行していたトラックに追突した。追突したトラックの助手席に乗車していた被災者が死亡し、運転手は入院加療を要した。","8","商業","801","卸売業","80109","その他の卸売業","30~49","2","物上げ装置、運搬機械","22","動力運搬機","221","トラック","17","交通事故（道路）"
"972","2012","平成","24","6","14~15","小型移動式クレーン(つり上げ荷重2.95t、建柱車仕様)を用い、コンクリート製電柱(2.59t、長さ17.05m)を当該車両の荷台に積み込むため、電柱を1本づりで約1mつり上げ、被災者が電柱の一端を押しながら電柱を回転させていた際、前方のアウトリガーが浮き上がり、車体がつり荷側に傾いて電柱が落下し、被災者が電柱の下敷きになった。","3","建設業","303","その他の建設業","30301","電気通信工事業","1~9","2","物上げ装置、運搬機械","21","動力クレーン等","212","移動式クレーン","4","飛来、落下"
"973","2012","平成","24","6","10~11","生徒27名と引率教諭2名を乗せた大型バスが、高速道路を目的地に向かい走行中、中央分離帯に衝突し、バスの運転手が全身を強く打ち、搬送先の病院で死亡した。","4","運輸交通業","402","道路旅客運送業","40202","バス業","1~9","2","物上げ装置、運搬機械","23","乗物","231","乗用車、バス、バイク","17","交通事故（道路）"
"974","2012","平成","24","6","17~18","RDF(ごみ固形燃料)化施設において、ベルトコンベアを覆う金属製カバーの点検口で、コンベアを回転させるドラムと底板の間に、被災者が上半身をはさまれた状態で発見され、救急搬送された病院で死亡した。なお、被災者は、点検口の扉を開けてコンベアのドラム部分に溜まったごみを手鍵棒で取り除く作業を行っていた。","15","清掃・と畜業","1501","清掃・と畜業","150103","その他の廃棄物処理業","10~29","2","物上げ装置、運搬機械","22","動力運搬機","224","コンベア","7","はさまれ、巻き込まれ"
"975","2012","平成","24","6","15~16","被災者は賃貸住宅の退居部屋(9階)の間取り改善工事の仕上げである清掃作業を行っていたが、同室のベランダ部分から約26m下の地上に転落した。","3","建設業","302","建築工事業","30209","その他の建築工事業","10~29","4","仮設物、建築物、構築物等","41","仮設物、建築物、構築物等","418","建築物、構築物","1","墜落、転落"
"976","2012","平成","24","7","11~12","市営住宅外壁改修工事にて使用した足場の解体作業中、体調不良を訴えた被災者に対し、作業主任者は休憩を指示した。午後になり、休憩場所で再度様子を見たところ、症状悪化したと判断されたことから、救急搬送したが、搬送先病院で死亡した。司法解剖により、死因は多臓器不全(熱中症)とされた。","3","建設業","302","建築工事業","30201","鉄骨・鉄筋コンクリート造家屋建築工事業","1~9","7","環境等","71","環境等","715","高温・低温環境","11","高温・低温の物との接触"
"977","2012","平成","24","7","9~10","労働者3名で工場内に設置されているスタッカークレーンの年次点検を実施していたところ、昇降機が自然に降下し、昇降機の下で作業を行っていた被災者と同僚が昇降機とローラーコンベアのフレームに挟まれ、被災者は死亡し、同僚は腰を負傷した。","1","製造業","117","その他の製造業","11702","機械修理業","1~9","2","物上げ装置、運搬機械","21","動力クレーン等","211","クレーン","7","はさまれ、巻き込まれ"
"978","2012","平成","24","7","9~10","被災者は地上8階建てのホテルの屋上から墜落し、駐車していた自動車の横に倒れているところを発見された。","14","接客娯楽業","1401","旅館業","140101","旅館業","1~9","4","仮設物、建築物、構築物等","41","仮設物、建築物、構築物等","418","建築物、構築物","1","墜落、転落"
"979","2012","平成","24","7","9~10","工場のスレート葺き屋根上で、歩み板を設ける等の危険防止措置を講じることなく、傷んだスレート板の取替作業を行っていたところ、被災者はスレートを踏み抜いて約5m下のコンクリート床に墜落した。","3","建設業","302","建築工事業","30209","その他の建築工事業","1~9","4","仮設物、建築物、構築物等","41","仮設物、建築物、構築物等","415","屋根、はり、もや、けた、合掌","1","墜落、転落"
"980","2012","平成","24","7","10~11","被災者は公園の樹木の剪定作業中に、樹木から墜落して死亡した。","3","建設業","301","土木工事業","30199","その他の土木工事業","1~9","7","環境等","71","環境等","712","立木等","1","墜落、転落"
"981","2012","平成","24","8","18~19","被災者はビル屋上塔屋部の外部足場を解体中、枠組足場(2層2スパン)から張り出したブラケット足場に移動した際、足場が傾き、足場と共に約35m下の連絡通路に墜落した。","3","建設業","302","建築工事業","30201","鉄骨・鉄筋コンクリート造家屋建築工事業","1~9","4","仮設物、建築物、構築物等","41","仮設物、建築物、構築物等","411","足場","1","墜落、転落"
"982","2012","平成","24","8","15~16","800tプレス機械にて自動車部品の加工作業中、金型に付着した異物を確認しようと金型の間に頭部を差し入れたところ、同僚労働者が両手操作式押しボタンスイッチを起動させたため、頭部、肩部を金型にはさまれ死亡した。","1","製造業","115","輸送用機械等製造業","11502","自動車・同付属品製造業","10~29","1","動力機械","15","金属加工用機械","154","プレス機械","7","はさまれ、巻き込まれ"
"983","2012","平成","24","8","10~11","S造の家屋解体工事において、ドラグ・ショベルを用いて2階屋根スラブを解体中、下がっていたコンクリート片をバケットで下へ引っ張った時、コンクリート片が振り子のように振れ、ドラグ・ショベルの運転席上部へ激突したのち、横で水まきをしていた被災者の頭部に激突、被災者は下敷きとなった。","3","建設業","302","建築工事業","30209","その他の建築工事業","1~9","4","仮設物、建築物、構築物等","41","仮設物、建築物、構築物等","418","建築物、構築物","4","飛来、落下"
"984","2012","平成","24","8","2~3","排水路新設工事の作業現場において、占有区域へダンプカーを誘導していた被災者は、後進してきたドラグ・ショベルに轢かれた。","17","その他の事業","1702","その他の事業","170201","警備業","30~49","1","動力機械","14","建設機械等","142","掘削用機械","7","はさまれ、巻き込まれ"
"985","2012","平成","24","8","13~14","被災者は、集金業務のために原付バイクを運転し、市道を走行中、中央車線を越えて走行してきた普通乗用車に衝突し、救急搬送先の病院で死亡した。","11","通信業","1101","通信業","110101","通信業","50~99","2","物上げ装置、運搬機械","23","乗物","231","乗用車、バス、バイク","17","交通事故（道路）"
"986","2012","平成","24","8","14~15","昼から3名で病院の清掃作業を開始、被災者は病院2階の窓を掃除するため、梯子(高さ4.8m)を同僚労働者1人に支えさせ、窓拭き作業をしていたが、梯子が傾いて転落し、アスファルトの地面に頭部等を強打した。なお、作業時、被災者はヘルメット、安全帯等を着用していなかった。","15","清掃・と畜業","1501","清掃・と畜業","150101","ビルメンテナンス業","10~29","3","その他の装置等","37","用具","371","はしご等","1","墜落、転落"
"987","2012","平成","24","9","8~9","自動溶接機械のスチール棒溶接箇所に入り作業をしていたところ、スチール棒引き込み装置に挟まれ被災した。","1","製造業","112","金属製品製造業","11209","その他の金属製品製造業","10~29","3","その他の装置等","33","溶接装置","339","その他の溶接装置","7","はさまれ、巻き込まれ"
"988","2012","平成","24","9","20~21","被災者は雑貨を積載した10tトラックを運転し、高速道路を配送先へ向かっている際、前方を走行中の車両(移動式クレーン)の後方に激突した。","4","運輸交通業","403","道路貨物運送業","40301","一般貨物自動車運送業","10~29","2","物上げ装置、運搬機械","22","動力運搬機","221","トラック","17","交通事故（道路）"
"989","2012","平成","24","9","16~17","工場の新築工事現場で、天井クレーンのレールの取付作業を行っていた際、被災者はレールを取り付けるため組立中の足場上を移動していたところ、足場調整枠の足場板設置前の開口部から約10m下の地面に墜落した。","3","建設業","303","その他の建設業","30302","機械器具設置工事業","1~9","4","仮設物、建築物、構築物等","41","仮設物、建築物、構築物等","411","足場","1","墜落、転落"
"990","2012","平成","24","9","7~8","高速道路において、タンクローリー(14t)が路側帯に停止していた大型トラック(12t)に追突した後、トンネル内で横転し、運転していた被災者は、頭を強く打ち死亡した。","4","運輸交通業","403","道路貨物運送業","40301","一般貨物自動車運送業","10~29","2","物上げ装置、運搬機械","22","動力運搬機","221","トラック","17","交通事故（道路）"
"991","2012","平成","24","9","6~7","被災者は配送先で荷卸後帰社するために県道を走行中、中央分離帯に乗り上げた後、道路左側のガードレールを突き破り、電柱に衝突した。","4","運輸交通業","403","道路貨物運送業","40301","一般貨物自動車運送業","50~99","2","物上げ装置、運搬機械","22","動力運搬機","221","トラック","17","交通事故（道路）"
"992","2012","平成","24","10","10~11","被災者は廃材(木材)を粉砕機を使用し粉砕していた。作業内容は、グラップルで廃材を粉砕機に投入し、粉砕された廃材はマグネットを装着した重機で混在している金属を取除き、粉砕された廃材を山に寄せていた。作業開始後しばらくして、グラップルのオペレーターである被災者の姿がなかったので捜したところ、粉砕機内に巻き込まれているのを発見された。","15","清掃・と畜業","1501","清掃・と畜業","150102","産業廃棄物処理業","1~9","1","動力機械","16","一般動力機械","162","混合機、粉砕機","7","はさまれ、巻き込まれ"
"993","2012","平成","24","10","9~10","被災者は住宅外溝工事にて、電動工具を用いて既存コンクリートの切断作業を行っていたところ、ドラグ・ショベルにより損傷したガス配管から漏れて滞留していたプロパンガスに電動工具のモーター若しくはコンクリート部を切断している際の火花が着火源となって引火し、全身を火傷した。","3","建設業","301","土木工事業","30106","道路建設工事業","10~29","5","物質、材料","51","危険物、有害物等","513","可燃性のガス","11","高温・低温の物との接触"
"994","2012","平成","24","10","14~15","河川敷にて集草作業を行っていた被災者は、除草作業現場近くの河川内で溺れた状態で発見された。","3","建設業","301","土木工事業","30199","その他の土木工事業","10~29","7","環境等","71","環境等","713","水","10","おぼれ"
"995","2012","平成","24","11","11~12","ベルトコンベアのプーリー取替作業に際して、被災者は指示されたベルトコンベアにかかるテンションウエイトを緩めるため、玉掛作業を行っていたところ、突然ベルトコンベアが動き出し、被災者はウエイトとプーリーとのすき間(約20センチメートル)に体を巻き込まれた。","1","製造業","117","その他の製造業","11702","機械修理業","1~9","2","物上げ装置、運搬機械","22","動力運搬機","224","コンベア","7","はさまれ、巻き込まれ"
"996","2012","平成","24","11","11~12","伐採業務において、雑木林内でクローラ式自走式高所作業車(最大高さ12.1m)を使用して高さ10m以上の位置で大木の枝切り作業中、高所作業車がブームを伸ばした状態で転倒し、バスケットに乗っていた被災者が地面に投げ出された。","3","建設業","301","土木工事業","30199","その他の土木工事業","1~9","1","動力機械","14","建設機械等","146","高所作業車","2","転倒"
"997","2012","平成","24","11","8~9","客先事業場木材チップ仮置き場において、被災者はトラックにて木材チップを搬入した後、トラックを降りて木材チップ仮置き場に行き、チップサンプルを採取していたところ、客先労働者が運転し、後進しているトラクター・ショベルに轢かれた。","15","清掃・と畜業","1501","清掃・と畜業","150102","産業廃棄物処理業","10~29","1","動力機械","14","建設機械等","141","整地・運搬・積込み用機械","7","はさまれ、巻き込まれ"
"998","2012","平成","24","12","11~12","当日の作業を終えた被災者は、トレーラーにて荷主先から帰社する途中、片側2車線の道路を横道から右折するため、停止線を越えて道路に進入したところ、右方より道路を直進してきた大型トラックと衝突した。","4","運輸交通業","403","道路貨物運送業","40301","一般貨物自動車運送業","50~99","2","物上げ装置、運搬機械","22","動力運搬機","221","トラック","17","交通事故（道路）"
"999","2012","平成","24","12","10~11","廃プラスチックを原料として分解油を製造する「廃プラ油化施設」において火災が発生し、同施設の運転業務を行っていた作業者2名が火傷を負った。なお、被災者2名は、廃プラ油化施設の内部圧力が上昇したため、残渣油を取り出すダストキャッチャーのバルブを開けている際、油分が一気に出て何らかの火元により引火した。","15","清掃・と畜業","1501","清掃・と畜業","150109","その他の清掃・と畜業","30~49","5","物質、材料","51","危険物、有害物等","512","引火性の物","16","火災"
"1000","2012","平成","24","12","11~12","橋梁の撤去工事において、被災者は橋桁の下部工をカッターで分割解体し、それを移動式クレーンで吊りトラックに積み込む際、吊っていたコンクリートが割れて落ち、倒れてきたコンクリートの下敷きになった。","3","建設業","301","土木工事業","30107","河川土木工事業","1~9","5","物質、材料","52","材料","523","石、砂、砂利","6","激突され"
"1001","2012","平成","24","12","9~10","被災者は農道で同僚労働者が運転する貨物自動車(土砂積載)を、ドラグ・ショベルの停車箇所までバックで誘導していたが、その際、貨物自動車後部とドラグ・ショベル後部の間に身体を挟まれた。","3","建設業","301","土木工事業","30107","河川土木工事業","1~9","2","物上げ装置、運搬機械","22","動力運搬機","221","トラック","18","交通事故（その他）"
"1002","2012","平成","24","10","2~3","低速で走行中、歩行者の男性2名にタクシーを蹴られたため、停車して注意をしたところ、いきなり運転席のドアを開けて殴りかかってきた。車内から引きずり出されて金網に押し付けられ、後頭部を何度も殴打された。","4","運輸交通業","402","道路旅客運送業","40201","ハイヤー・タクシー業","10~29","7","環境等","71","環境等","719","その他の環境等","90","その他"
"1003","2012","平成","24","10","4~5","新聞配達中、国道を横断していたところ、バイクにはねられ、救急搬送先の病院で死亡した。","8","商業","802","小売業","80205","新聞販売業","10~29","2","物上げ装置、運搬機械","23","乗物","231","乗用車、バス、バイク","17","交通事故（道路）"
"1004","2012","平成","24","8","15~16","交差点で信号待ちの軽トラックにタンクローリーが追突し、軽トラックの運転手が全身を打ち死亡した。なお、タンクローリーはその後も止まらず、交差点を通過して対向車線側にはみ出し、7台に次々と衝突し、交差点から100mほど離れた建物に突っ込んで止まった。","3","建設業","303","その他の建設業","30309","その他の建設業－その他","30~49","2","物上げ装置、運搬機械","22","動力運搬機","221","トラック","17","交通事故（道路）"
"1005","2012","平成","24","7","11~12","工場の溶解室内で高所作業車を用いた天井ダクトの取り付け作業において、高所作業車のかごの手すり部分に足をかけてダクト上部の固定作業を行っていたところ、約10m下のコンクリート床面に墜落し、死亡した。","3","建設業","302","建築工事業","30203","建築設備工事業","1~9","1","動力機械","14","建設機械等","146","高所作業車","1","墜落、転落"
"1006","2012","平成","24","3","21~22","荷積先敷地内において、被災者は自分が運転してきたのトラック(2.9tの保冷車)と乗用車との間に挟まれた状態で発見された。","4","運輸交通業","403","道路貨物運送業","40301","一般貨物自動車運送業","10~29","2","物上げ装置、運搬機械","22","動力運搬機","221","トラック","7","はさまれ、巻き込まれ"
"1007","2012","平成","24","11","8~9","建造中の船倉内において、塗装後の換気のためフレキシブルダクトを設置していた被災者は、船倉中段の作業床の端から約10m下に墜落し、死亡した。","1","製造業","115","輸送用機械等製造業","11501","造船業","1~9","4","仮設物、建築物、構築物等","41","仮設物、建築物、構築物等","416","作業床、歩み板","1","墜落、転落"
"1008","2012","平成","24","10","12~13","塀の改修工事において、塀を解体するため塀の下部を電動ピックハンマーで横方向へ直線状に斫っていたところ、塀が幅262センチメートル×高さ105センチメートル(厚さ19.5センチメートル、重さ0.7t)にわたって倒れ、斫り作業を行っていた被災者が倒れた塀の下敷きとなり死亡した。","3","建設業","302","建築工事業","30209","その他の建築工事業","1~9","4","仮設物、建築物、構築物等","41","仮設物、建築物、構築物等","418","建築物、構築物","5","崩壊、倒壊"
"1009","2012","平成","24","10","14~15","被災者は建造船バラストタンク内の架設照明器具撤去作業中、最上階の梯子(角度75度)を昇る際に転落し、下部プラットフォームを乗り越え、同プラットフォームから約6m下へ墜落、死亡した。","1","製造業","115","輸送用機械等製造業","11501","造船業","30~49","4","仮設物、建築物、構築物等","41","仮設物、建築物、構築物等","413","階段、桟橋","1","墜落、転落"
"1010","2012","平成","24","8","8~9","被災者は同僚と2人でし尿収集車を使用して目的地に向かうため、収集車の運転を同僚が行い、被災者は後部ステップに立って乗った。市道上で後進して走行を開始し、約20mの位置で「ガクッ」と衝撃を感じたため停車して外に出たところ、収集車下に轢かれいた被災者を発見した。","15","清掃・と畜業","1501","清掃・と畜業","150109","その他の清掃・と畜業","1~9","2","物上げ装置、運搬機械","22","動力運搬機","221","トラック","17","交通事故（道路）"
"1011","2012","平成","24","7","10~11","取付け作業のため、被災労働者と同僚の2名は乗用ワゴン車で客先に向かい、客先の駐車場に駐車しようと駐車場に前進で進入したところ、運転操作を誤り、駐車場の端から5m下の畑に車両ごと転落した。この事故で運転手が死亡し、同乗していた同僚も負傷した。","3","建設業","302","建築工事業","30209","その他の建築工事業","1~9","2","物上げ装置、運搬機械","23","乗物","231","乗用車、バス、バイク","1","墜落、転落"
"1012","2012","平成","24","5","9~10","被災者は一般廃棄物の収集作業のためバッカー車を運転し、商業施設に到着し段ボールの積み込み作業を単独で開始した。同僚労働者が可燃ごみ、生ごみの収集のため、別の車両で当該商業施設に到着し積込み作業を終えた後、被災者の不在を不信に思いバッカー車の投入口を覗き込んだところ、奥に巻き込まれているのを発見した。","15","清掃・と畜業","1501","清掃・と畜業","150102","産業廃棄物処理業","100~299","2","物上げ装置、運搬機械","22","動力運搬機","221","トラック","7","はさまれ、巻き込まれ"
"1013","2012","平成","24","5","0~1","被災者は、トラック(4t)にパイプ類(約1t)を積み込み、配送先に向かう途中の国道の交差点で信号停車中のトラックに追突し、救急搬送先の病院で肺出血により死亡した。","4","運輸交通業","403","道路貨物運送業","40301","一般貨物自動車運送業","50~99","2","物上げ装置、運搬機械","22","動力運搬機","221","トラック","17","交通事故（道路）"
"1014","2012","平成","24","3","16~17","被災者は木製パレットの上に置いたコンクリートを石垣に打設するため、ドラグ・ショベルを運転し、バケットのフックにワイヤーを掛けて木製パレットを吊り上げていたところ、ドラグ・ショベルが転倒し、被災者が運転席から投げ出され、ドラグ・ショベルの下敷きとなった。","3","建設業","301","土木工事業","30107","河川土木工事業","1~9","1","動力機械","14","建設機械等","142","掘削用機械","2","転倒"
"1015","2012","平成","24","3","11~12","汚水管の布設のため、ドラグ・ショベルにて深さ2m以上の明かり掘削を行った後、被災者が掘削溝内に入り排水ポンプ設置のため掘削溝底部を10センチメートル程スコップで掘っていたところ、側壁が崩壊し被災した。","3","建設業","301","土木工事業","30110","上下水道工事業","10~29","7","環境等","71","環境等","711","地山、岩石","5","崩壊、倒壊"
"1016","2012","平成","24","1","11~12","被災者は冷却槽の横幅方向に渡していた2本のH鋼の上に大小2台の鋼製架台を重ねて仮置きし、大きな鋼製架台をメッキ作業で使用するためメッキ槽へ天井クレーンを使用して移動させようとしていたところ、1本のH鋼と鋼製架台とともに槽内に転落した。被災者は胸などを強打し、出血性ショックにより死亡した。","1","製造業","112","金属製品製造業","11204","めっき業","30~49","4","仮設物、建築物、構築物等","41","仮設物、建築物、構築物等","418","建築物、構築物","1","墜落、転落"
"1017","2012","平成","24","12","4~5","国道にて、被災者が運転するトラックと反対車線を走行する大型トレーラーが正面衝突し、トラックの運転手が死亡した。なお、現場は中央分離帯のない片側1車線の対面通行箇所であった。","4","運輸交通業","403","道路貨物運送業","40301","一般貨物自動車運送業","30~49","2","物上げ装置、運搬機械","22","動力運搬機","221","トラック","17","交通事故（道路）"
"1018","2012","平成","24","11","13~14","土砂置場で、ダンプカーの運転手である被災者は、同僚の労働者が運転するドラグ・ショベルに轢かれた。","3","建設業","301","土木工事業","30199","その他の土木工事業","1~9","1","動力機械","14","建設機械等","142","掘削用機械","7","はさまれ、巻き込まれ"
"1019","2012","平成","24","11","12~13","被災者は市役所へ行き、用事を済ませ営業所へ戻る途中、信号機のない十字路で乗用車と軽乗用車が衝突し、軽乗用車が横転して近くを歩行中の被災者が軽乗用車の下敷きとなった。","8","商業","801","卸売業","80109","その他の卸売業","1~9","2","物上げ装置、運搬機械","23","乗物","231","乗用車、バス、バイク","17","交通事故（道路）"
"1020","2012","平成","24","10","14~15","45度から50度の傾斜地で、ヒノキの幹に鹿被害防止用の枝条被覆をする作業をしていた際、足を滑らせて傾斜地に沿って墜落したもの。墜落の高さは垂直にして約30mであった。","6","農林業","602","林業","60201","木材伐出業","50~99","7","環境等","71","環境等","711","地山、岩石","1","墜落、転落"
"1021","2012","平成","24","10","9~10","砂防ダム建設工事において、法面途中の道の際にあった岩をブレーカー(車両系建設機械の作業装置を交換して、ブレーカーとしたもの)で割っていたところ、車両もろもと約30m下に転落し、車両の下敷きになり死亡した。","3","建設業","301","土木工事業","30108","砂防工事業","1~9","7","環境等","71","環境等","711","地山、岩石","1","墜落、転落"
"1022","2012","平成","24","9","10~11","木造2階建て新築工事において、被災者は2階の梁を取り付ける作業で梁の上を掛矢を持って移動していたところ、バランスを崩し、高さ約4mの梁から墜落した。","3","建設業","302","建築工事業","30202","木造家屋建築工事業","1~9","4","仮設物、建築物、構築物等","41","仮設物、建築物、構築物等","415","屋根、はり、もや、けた、合掌","1","墜落、転落"
"1023","2012","平成","24","9","7~8","パーテクルボード(1枚約18キログラム、50枚梱包)をフォークリフトにてトラックから降ろす作業をしていたところ、ボードを留めていたPPバンドが外れ、崩れたボードが対面にいた被災者を直撃した。","8","商業","801","卸売業","80109","その他の卸売業","30~49","2","物上げ装置、運搬機械","22","動力運搬機","222","フォークリフト","5","崩壊、倒壊"
"1024","2012","平成","24","9","9~10","チェーンソーにて、全長約17m、直径30センチメートルのシイの木の伐倒作業を行っていたところ、追い口から約4mの高さまで縦に裂け折れ、被災者の頭部に激突した。","6","農林業","602","林業","60201","木材伐出業","1~9","7","環境等","71","環境等","712","立木等","6","激突され"
"1025","2012","平成","24","9","14~15","熱交換器(縦約150センチメートル、横約60センチメートル、重量約680キログラム)を台車2台に乗せ、労働者2名で撤去作業を行なっていたところ、当該熱交換器が被災者側に倒れ下敷きになり、熱交換器の突起部分が被災者の左胸に刺さった。","3","建設業","303","その他の建設業","30302","機械器具設置工事業","10~29","6","荷","61","荷","612","機械装置","5","崩壊、倒壊"
"1026","2012","平成","24","8","11~12","一般住宅の屋根上に太陽光発電システムを設置する工事のため、足場の組み立て作業を行っていたところ、熱中症で意識不明に陥り、意識回復することなく救急搬送先の病院で死亡した。なお、熱中症を発症した時刻の気温は34.5度、湿度は42%であった。","3","建設業","302","建築工事業","30203","建築設備工事業","1~9","7","環境等","71","環境等","715","高温・低温環境","11","高温・低温の物との接触"
"1027","2012","平成","24","7","5~6","豪雨の中、事業場の施設管理業務を担当している被災者は、上司からの緊急出勤命令により、自宅から事業場へ乗用車で向かう途上、国道で土石流に巻き込まれて溺死した。","13","保健・衛生業","1301","医療保健業","130101","病院","100~299","7","環境等","71","環境等","711","地山、岩石","5","崩壊、倒壊"
"1028","2012","平成","24","5","14~15","店舗敷地の隣接地に生えている雑木が建物に干渉するほどに生い茂ったため、被災者がチェーンソーで伐倒したところ、当該伐倒木が建物に寄り掛かって止まった。被災者が建物の屋根に上り、寄り掛かった伐倒木を両手で揺すっていたところ、誤って約5mの高さから墜落した。","1","製造業","109","窯業土石製品製造業","10901","セメント・同製品製造業","30~49","4","仮設物、建築物、構築物等","41","仮設物、建築物、構築物等","415","屋根、はり、もや、けた、合掌","1","墜落、転落"
"1029","2012","平成","24","4","11~12","被災者が運転するトラックは、信号待ちで停車していた大型トレーラーに追突した。","4","運輸交通業","403","道路貨物運送業","40301","一般貨物自動車運送業","1~9","2","物上げ装置、運搬機械","22","動力運搬機","221","トラック","17","交通事故（道路）"
"1030","2012","平成","24","2","12~13","古着の選別作業を行っていた作業者が、梱包機械(上型と下型の間に衣類等が入り、上型と下型がそれぞれ衣類等を押し当て圧縮し、立方体の形に成形するもの)付近からうめき声が聞こえたため駆けつけたところ、当該機械の古着と上型の間に挟まれた被災者を発見した。なお、被災者は、胸より下が圧迫された状態で死亡していた。","1","製造業","103","衣服その他の繊維製品製造業","10309","その他の繊維製品製造業","10~29","1","動力機械","16","一般動力機械","164","射出成形機","7","はさまれ、巻き込まれ"
"1031","2012","平成","24","2","8~9","トラックの助手席側から車内に置いていた弁当を取る際に、ステップから足を滑らせ転落し、地面に頭を強打した。","3","建設業","301","土木工事業","30107","河川土木工事業","10~29","2","物上げ装置、運搬機械","22","動力運搬機","221","トラック","1","墜落、転落"
"1032","2012","平成","24","2","10~11","国道を走行中、雪のためトラックが滑り、車線中央を塞ぐように停止した。被災者はタイヤチェーンを装着する為に、降りてトラック横にいたところ、反対車線を走ってきたトラックが被災者のトラックに衝突し、被災者は、衝突された(自身の)トラックに轢かれ死亡した。","4","運輸交通業","403","道路貨物運送業","40301","一般貨物自動車運送業","10~29","2","物上げ装置、運搬機械","22","動力運搬機","221","トラック","17","交通事故（道路）"
"1033","2012","平成","24","1","22~23","工事現場へ向かう途中、走行中のワゴン車が横転し、道路左側のコンクリート法面に衝突した。本災害により、同乗していた運転者の同僚労働者が死亡し、運転者ほか2名が胸や顔に重軽傷を負った。","3","建設業","303","その他の建設業","30309","その他の建設業－その他","1~9","2","物上げ装置、運搬機械","23","乗物","231","乗用車、バス、バイク","17","交通事故（道路）"
"1034","2012","平成","24","4","2~3","出張先のホテルにおいて、朝になり部下が被災者を起こしに来たところ、死亡している被災者を発見したもの。被災者は就寝中に突然心肺停止状態になった。","17","その他の事業","1702","その他の事業","170209","その他の事業－その他","30~49","9","その他","92","起因物なし","921","起因物なし","90","その他"
"1035","2012","平成","24","9","15~16","被災者は事業場内にて頭痛を訴え、意識不明の状態となり救急車にて搬送され、くも膜下出血により死亡した。","14","接客娯楽業","1402","飲食店","140201","一般飲食店","10~29","9","その他","92","起因物なし","921","起因物なし","90","その他"
"1036","2012","平成","24","7","18~19","被災者は業務中にめまいを発症し、自ら自動車を運転して帰宅したが、自宅トイレで倒れているところを家族により発見され、救急搬送先の病院でくも膜下出血により死亡した。","8","商業","802","小売業","80209","その他の小売業","50~99","9","その他","92","起因物なし","921","起因物なし","90","その他"
"1037","2012","平成","24","10","13~14","被災者は事業場7階男子トイレ窓より飛び降り、地上へ転落し死亡した。","9","金融・広告業","901","金融業","90101","銀行・信託業","300~499","9","その他","92","起因物なし","921","起因物なし","90","その他"
"1038","2012","平成","24","12","21~22","高速道路のパーキングエリアで、運転していた大型トラックの荷台から転落して後頭部をアスファルトに強打し、頭蓋骨骨折、脳挫傷により死亡した。","4","運輸交通業","403","道路貨物運送業","40301","一般貨物自動車運送業","30~49","9","その他","99","分類不能","999","分類不能","99","分類不能"
"1039","2012","平成","24","12","20~21","作業終了後、被災者は灯油を運搬するために会社の軽トラック(灯油少量ローリー積載)を運転して走行中、センターラインをはみ出し、対向してきた乗用車と正面衝突した。","8","商業","802","小売業","80204","燃料小売業","1~9","2","物上げ装置、運搬機械","22","動力運搬機","221","トラック","17","交通事故（道路）"
"1040","2012","平成","24","12","9~10","被災者は間伐作業現場において、立木をチェーンソーにより伐倒していたところ、直前に伐倒しかかり木となっていた木が突然倒れ、被災者に激突した。","6","農林業","602","林業","60201","木材伐出業","1~9","7","環境等","71","環境等","712","立木等","6","激突され"
"1041","2012","平成","24","12","10~11","皆伐作業現場において、被災者がチェーンソーを用いて立木Aを伐倒したところ、つるが絡まっていたため隣接する木Bにぶらさがった状態となった。このため、被災者は立木Aがぶら下がったまま立木Bを伐倒しようと、受け口を切り、追い口を切りこんだところ、立木Bの幹が裂け、裂けた幹が落下して被災者の頭部に激突、その後、約8m下の斜面下に滑落したもの。","6","農林業","602","林業","60201","木材伐出業","1~9","7","環境等","71","環境等","712","立木等","6","激突され"
"1042","2012","平成","24","11","15~16","資材置場において、被災者が新たに購入した鋼板を置きやすくするため、鋼板を立てて置く場所に仕切りとして設置してあったC形チャンネル材の溶断作業を行っていたところ、最後の1本を溶断中、鋼板置場に立掛けてあった鋼板が被災者を直撃した。","3","建設業","303","その他の建設業","30309","その他の建設業－その他","10~29","5","物質、材料","52","材料","521","金属材料","5","崩壊、倒壊"
"1043","2012","平成","24","11","12~13","被災者は自家用車を運転し、上司と待ち合わせのため事業場に向け国道走行していたところ運転を誤り、自動車がセンターラインをはみ出し、対向車線を走行してきたトラックと正面衝突した。","1","製造業","101","食料品製造業","10103","農業保存食料品製造業","30~49","2","物上げ装置、運搬機械","23","乗物","231","乗用車、バス、バイク","17","交通事故（道路）"
"1044","2012","平成","24","10","10~11","液化ガス共同備蓄の船を係留し、液化ガスを出荷するための設備である「ローディングアーム」の足場の解体作業中、足場昇降用のはしごを足場の支柱に沿って設置していた際、最上階で作業していた被災者は、当該はしごを使用して降りようとしたところ、はしごがブランコのように揺れ、約8m下に墜落した。","3","建設業","303","その他の建設業","30309","その他の建設業－その他","10~29","4","仮設物、建築物、構築物等","41","仮設物、建築物、構築物等","413","階段、桟橋","1","墜落、転落"
"1045","2012","平成","24","10","8~9","資材置き場(型枠加工場)において、約2mの高さに積み重ねられていた木製の化粧合板(コンパネ)が崩れ落ち、その傍で使用済みのコンパネの釘抜き作業を行っていた被災者は、崩れ落ちたコンパネの下敷きとなり死亡した。","3","建設業","302","建築工事業","30209","その他の建築工事業","10~29","5","物質、材料","52","材料","522","木材、竹材","5","崩壊、倒壊"
"1046","2012","平成","24","9","15~16","ベルトコンベアの架台の側面(鉄骨製高さ2.6m、長さ9.3m)を解体する作業中、この側面が倒壊し、その下敷きとなり死亡した。なお、被災者は、ベルトコンベア架台の端の上部をガス切断機により切断作業を行っていたところ、側面がぐらついたことにより飛び降りた。そこへ側面が倒れ、下にあった別の鋼材と倒れてきた側面の鋼材に挟まれた。","1","製造業","112","金属製品製造業","11209","その他の金属製品製造業","1~9","4","仮設物、建築物、構築物等","41","仮設物、建築物、構築物等","419","その他の仮設物、建築物、構築物等","5","崩壊、倒壊"
"1047","2012","平成","24","7","1~2","県道脇にて歩道に乗り上げて止まっているタクシーの運転席で、上半身血まみれで死亡している被災者が発見された。","4","運輸交通業","402","道路旅客運送業","40201","ハイヤー・タクシー業","50~99","9","その他","91","その他の起因物","911","その他の起因物","90","その他"
"1048","2012","平成","24","7","11~12","ドラグ・ショベルの運転席から降りる際に、被災者が着用していた安全帯のロープ部分が運転席の左操作レバーに引っ掛かり、当該操作レバーを左上方向に動かしてしまったため、ドラグ・ショベルが右旋回して被災者が振り回され、左後方の履帯とキャビンのカウンターウエイト部分との間(約17センチメートル)にはさまれ、救急搬送先の病院で死亡した。","3","建設業","301","土木工事業","30107","河川土木工事業","10~29","1","動力機械","14","建設機械等","142","掘削用機械","7","はさまれ、巻き込まれ"
"1049","2012","平成","24","5","9~10","不整地運搬車にクローラを取り付けるため、当該クローラをドラグ・ショベル(バケット容量0.45立方m)のバケットで押し込もうとしたところ、当該バケットがアームの先端から外れて高さ約2mの位置から落下し、バケットの下部に居た被災者に激突した。","3","建設業","301","土木工事業","30108","砂防工事業","1~9","1","動力機械","14","建設機械等","142","掘削用機械","4","飛来、落下"
"1050","2012","平成","24","5","14~15","軽トラックを運転し、助手席に同僚を乗せて訪問営業中、脇道から市道へ左折しようとしたところ、市道の右方向を走行してきた一般車両に衝突された。被災者は、その後運転席を降りて数歩、歩行した後に意識を失って道路上に倒れ、搬送先の病院で脳血管破裂による脳内出血により死亡した。なお、同僚は不休災害となる軽傷であった。","8","商業","802","小売業","80209","その他の小売業","10~29","2","物上げ装置、運搬機械","22","動力運搬機","221","トラック","17","交通事故（道路）"
"1051","2012","平成","24","3","13~14","個人住宅の解体工事現場において、高さ約2.5m、幅6mのブロック塀のうち、地上から高さ1.2mの範囲のブロック塀を残して解体するため、被災者は、ピックを用いて幅6mにわたり、高さ1.2mの個所をはつり、その部分にあった鉄筋をサンダーにより切断していたところ、ブロック塀が倒壊し、下敷となった。","3","建設業","303","その他の建設業","30309","その他の建設業－その他","1~9","4","仮設物、建築物、構築物等","41","仮設物、建築物、構築物等","418","建築物、構築物","5","崩壊、倒壊"
"1052","2012","平成","24","3","9~10","海上に設置された「給餌ブイ」取外し工事において、「給餌ブイ」の固定のために海底に設置しているアンカーブロック(75t)を浮きクレーンで船上に吊り上げるため、潜水士3名で深さ約57mの地点で、シャックルの玉掛け作業を行っていたところ、潜水開始からしばらく経過した後、2人が意識不明の状態で浮上してきた。残る1人はアンカーブロックそばの海底で意識不明の状態で発見された。","3","建設業","301","土木工事業","30111","港湾海岸工事業","1~9","7","環境等","71","環境等","713","水","10","おぼれ"
"1053","2012","平成","24","3","9~10","海上に設置された「給餌ブイ」取外し工事において、「給餌ブイ」の固定のために海底に設置しているアンカーブロック(75t)を浮きクレーンで船上に吊り上げるため、潜水士3名で深さ約57mの地点で、シャックルの玉掛け作業を行っていたところ、潜水開始からしばらく経過した後、2人が意識不明の状態で浮上してきた。残る1人はアンカーブロックそばの海底で意識不明の状態で発見された。","3","建設業","301","土木工事業","30111","港湾海岸工事業","1~9","7","環境等","71","環境等","713","水","10","おぼれ"
"1054","2012","平成","24","3","9~10","海上に設置された「給餌ブイ」取外し工事において、「給餌ブイ」の固定のために海底に設置しているアンカーブロック(75t)を浮きクレーンで船上に吊り上げるため、潜水士3名で深さ約57mの地点で、シャックルの玉掛け作業を行っていたところ、潜水開始からしばらく経過した後、2人が意識不明の状態で浮上してきた。残る1人はアンカーブロックそばの海底で意識不明の状態で発見された。","3","建設業","301","土木工事業","30111","港湾海岸工事業","1~9","7","環境等","71","環境等","713","水","10","おぼれ"
"1055","2012","平成","24","2","15~16","町道において、トラックの左後輪の外側タイヤ1本にチェーンを装着する作業中、ジャッキアップに使用していたジャッキが外れ、車体が横滑りし、車体とガードレールとに胸部がはさまれ、窒息死した。","1","製造業","101","食料品製造業","10103","農業保存食料品製造業","1~9","2","物上げ装置、運搬機械","22","動力運搬機","221","トラック","7","はさまれ、巻き込まれ"
"1056","2012","平成","24","2","13~14","原材料をホッパーへ投入するため、つり上げ荷重が1tのクレーンのフックに、原材料の入ったフレコンバックのベルトを掛けて、フレコンバックからショベルローダーのバケットに原材料を移し替える作業を行っていたところ、当該フレコンバックのベルトが破断し、重量約850キログラムの当該フレコンバックが、被災者の上に落下した。","1","製造業","109","窯業土石製品製造業","10909","その他の土石製品製造業","30~49","6","荷","61","荷","611","荷姿の物","4","飛来、落下"
"1057","2012","平成","24","1","10~11","マンション新築工事現場において、基礎工事における単管と木製足場板で構成された防護壁を設置する作業を行う際、掘削溝内で作業員2名が防護壁に足場板を重ねる作業を行っていたところ、隣接駐車場敷地内にあるフェンスの基礎コンクリート部及び基礎コンクリート下部の土砂が長さ約7.4m、幅約80センチメートル、高さ1.66mにわたり崩壊し、作業員2名が土砂等に生き埋めになり1名が死亡、1名が負傷した。","3","建設業","302","建築工事業","30201","鉄骨・鉄筋コンクリート造家屋建築工事業","10~29","7","環境等","71","環境等","711","地山、岩石","5","崩壊、倒壊"
"1058","2012","平成","24","6","9~10","被災者は、出勤途中に事業場が入居しているビル1階の階段上り口で倒れているところを出勤してきた同僚に発見され、救急搬送されたが、急性心筋梗塞により死亡した。","9","金融・広告業","902","広告・あっせん業","90209","その他の広告・あっせん業","1~9","9","その他","92","起因物なし","921","起因物なし","90","その他"
"1059","2012","平成","24","12","12~13","タクシー運転手である被災者は、国道を走行中、道路沿いにある交通量感知機の支柱に衝突し、出血性ショックにより死亡した。","4","運輸交通業","402","道路旅客運送業","40201","ハイヤー・タクシー業","50~99","2","物上げ装置、運搬機械","23","乗物","231","乗用車、バス、バイク","17","交通事故（道路）"
"1060","2012","平成","24","12","20~21","被災者は荷積みし、最大積載量2tのトラックを運転して自宅へ戻る途中、国道(片側1車線の直線道路)において、中央線を超えた対向車(大型トラック、最大積載量14t)と正面衝突し、脳挫傷により死亡した。なお、対向車の運転手も死亡した。","4","運輸交通業","403","道路貨物運送業","40303","貨物軽自動車運送業","1~9","2","物上げ装置、運搬機械","22","動力運搬機","221","トラック","17","交通事故（道路）"
"1061","2012","平成","24","11","5~6","高速道路のトンネル南側50m付近で、標識設置工事の交通誘導作業を行っていた被災者は、南進してきた乗用車にはねられて死亡したもの。なお、南進してきた乗用車は駐車していた車などに衝突しながら、被災者をはねた。","17","その他の事業","1702","その他の事業","170201","警備業","10~29","2","物上げ装置、運搬機械","23","乗物","231","乗用車、バス、バイク","17","交通事故（道路）"
"1062","2012","平成","24","7","19~20","被災者は高所作業車を操作し、ケーブルテレビ線の引き込み作業を単独で行っていた。引き込み作業の終了後、当該高所作業車のアウトリガを収納する作業をしていたところ、高所作業車が突然動き出し、約30m逸走した後、道路脇の2階建て家屋に激突した。この時、被災者の上半身は運転席に入っていたため、運転席ドアが家屋にぶつかったことにより、運転席ドアと運転席に上半身を挟まれる形で被災した。","11","通信業","1101","通信業","110101","通信業","1~9","1","動力機械","14","建設機械等","146","高所作業車","7","はさまれ、巻き込まれ"
"1063","2012","平成","24","6","7~8","災害発生場所であるトンネル工事現場へ、L型擁壁(幅0.6m、高さ1m、長さ1.9m、重さ1.4t)を7.3t積みの積載型移動式クレーン(つり上げ荷重2.9t)で運搬した。現場到着後、同僚が当該移動式クレーンを運転し、被災者が当該擁壁の玉掛けを行い、擁壁の積下ろしを行った。積み下ろしている最中に、鉄筋を加工した玉掛け用具が破断し、当該擁壁が被災者の腹部から下腿部にかけて落下した。","4","運輸交通業","403","道路貨物運送業","40301","一般貨物自動車運送業","10~29","3","その他の装置等","37","用具","372","玉掛用具","4","飛来、落下"
"1064","2012","平成","24","6","9~10","大雨の影響で土砂崩れが発生し、鶏が水を飲むためのパイプが詰まったため、トラクターショベルにより土砂の除去作業を行っていたところ、バケットに入れた土砂の重量でバランスを崩し、横転。オペレーターであった被災者は、トラクターショベルの下敷きとなり死亡した。","7","畜産・水産業","701","畜産業","70101","畜産業","10~29","1","動力機械","14","建設機械等","141","整地・運搬・積込み用機械","2","転倒"
"1065","2012","平成","24","5","9~10","被災者は、事業場に設置してある鉄屑裁断機の点検作業を終わらせ事務所に戻るため、他の作業者が運転する移動式クレーン(車両系建設機械のバケットをリフティングマグネットに交換したもの)の後方を移動していたところ、移動式クレーンが旋回し、移動式クレーンのカウンターウエイトと集積された鉄屑の間に挟まれた。","15","清掃・と畜業","1501","清掃・と畜業","150102","産業廃棄物処理業","1~9","2","物上げ装置、運搬機械","21","動力クレーン等","212","移動式クレーン","7","はさまれ、巻き込まれ"
"1066","2012","平成","24","2","8~9","被災者は、枝切り作業のため傾斜面に高所作業車(積載荷重:150キログラム、作業床の最高高さ:9.9m)及び積載型トラッククレーンを停車させ、作業準備のために高所作業車の後方側アウトリガーを張り出した際、当該作業車が斜面を下る方向に突然動き出し、トラッククレーンとの間に挟まれた。","1","製造業","109","窯業土石製品製造業","10909","その他の土石製品製造業","1~9","1","動力機械","14","建設機械等","146","高所作業車","7","はさまれ、巻き込まれ"
"1067","2012","平成","24","2","9~10","被災者は大根棚(竹製の柱で組まれた三角やぐら)の上に乗り、干し大根の収穫作業に従事していたところ、誤って大根棚の7段目(高さ約2.9m)から畑上に転落し、救急搬送先の病院で死亡した。","6","農林業","601","農業","60101","農業","1~9","4","仮設物、建築物、構築物等","41","仮設物、建築物、構築物等","419","その他の仮設物、建築物、構築物等","1","墜落、転落"
"1068","2012","平成","24","10","16~17","橋台の基礎である深礎杭(直径2.5m、深さ8m)の建設工事において、深礎杭工事の掘削で発生した土石(ズリ)を鋼製のバケットに入れて、積載型移動式クレーン(吊上げ荷重2.9t)により吊上げ、地上の坑口付近に仮置きしていた。被災者は積載型移動式クレーンを運転し、当該バケットを5tダンプトラックの荷台に移動させる際、突然当該移動式クレーンが転倒し、20m下の崖に転落した。","3","建設業","301","土木工事業","30105","橋梁建設工事業","10~29","2","物上げ装置、運搬機械","21","動力クレーン等","212","移動式クレーン","1","墜落、転落"
"1069","2012","平成","24","10","14~15","資材置場で小型移動式クレーンの荷台からコンクリート製ブロック(重さ約2t、1.8m×0.8m×0.6mの直方体)を吊り下ろす作業を単独で行っていた被災者は、吊り荷(コンクリート製ブロック)と当該場所に集積されていた別のコンクリート製ブロックの角との間に頭部を挟まれ、脳挫傷により即死した。なお、被災者は、リモコン操作により当該小型移動式クレーンを運転していた。","4","運輸交通業","403","道路貨物運送業","40301","一般貨物自動車運送業","1~9","2","物上げ装置、運搬機械","21","動力クレーン等","212","移動式クレーン","7","はさまれ、巻き込まれ"
"1070","2012","平成","24","12","20~21","被災者は積載荷重14tのトラックで足場資材を運搬する途中、片側1車線の緩やかな下り坂で対向車線にはみ出し、直進してきた積載荷重2tのトラックと正面衝突し、被災者並びに相手車の運転手が死亡した。","4","運輸交通業","403","道路貨物運送業","40301","一般貨物自動車運送業","10~29","2","物上げ装置、運搬機械","22","動力運搬機","221","トラック","17","交通事故（道路）"
"1071","2012","平成","24","10","11~12","牛舎のスレート屋根の補修工事を行うため、被災者と他の労働者がスレート屋根の上に乗り、補修方法を話し合っていたところ、被災者がスレート屋根を踏み抜き、約5.6m下のコンクリート床に墜落した。","3","建設業","302","建築工事業","30201","鉄骨・鉄筋コンクリート造家屋建築工事業","1~9","4","仮設物、建築物、構築物等","41","仮設物、建築物、構築物等","415","屋根、はり、もや、けた、合掌","1","墜落、転落"
"1072","2012","平成","24","10","17~18","コンクリート二次製品製造業の工場建屋内に設置してあるコンクリート攪拌機の上部の枠(ヘリ部分)に立ち、高圧洗浄機を用いて、攪拌機内部のスクリュー部分(枠から1.3m下部分)を洗浄していた被災者は、右足をスクリューに巻き込まれた。","1","製造業","109","窯業土石製品製造業","10901","セメント・同製品製造業","10~29","1","動力機械","16","一般動力機械","162","混合機、粉砕機","7","はさまれ、巻き込まれ"
"1073","2012","平成","24","9","10~11","敷地内でセメントの原料をプラントに入れる作業をしていた被災者は、別の労働者が運転するフォークリフトに轢かれた。なお、フォークリフトは生コンを入れるホッパーを運搬中であったが、その前方を被災者が横切った。","15","清掃・と畜業","1501","清掃・と畜業","150102","産業廃棄物処理業","1~9","2","物上げ装置、運搬機械","22","動力運搬機","222","フォークリフト","6","激突され"
"1074","2012","平成","24","8","15~16","被災者は法面工事に使用したホースの巻き取り作業を行っていた際、同僚労働者が被災者に休憩の合図をしようとしたところ、被災者がふらついていたため、日陰に移動させ座らせた。しかし、意識がもうろうとした状態となり、救急搬送先の病院で熱中症と診断され、死亡した。なお、当日の最高気温は33.8度であった。","3","建設業","301","土木工事業","30106","道路建設工事業","1~9","7","環境等","71","環境等","715","高温・低温環境","11","高温・低温の物との接触"
"1075","2012","平成","24","8","11~12","被災者は契約事業場のごみ回収を終えた後、会社に帰着した。帰着後、被災者は会社敷地内の資源ごみ置き場に塵芥車を止め、運転席上部のルーフキャリア部に昇り、同所から荷箱(ホッパー)上部のルーフキャリア部に積んである資源ごみを置き場に投下する際、地上に墜落した。","15","清掃・と畜業","1501","清掃・と畜業","150103","その他の廃棄物処理業","10~29","2","物上げ装置、運搬機械","22","動力運搬機","221","トラック","1","墜落、転落"
"1076","2012","平成","24","7","8~9","道路建設工事において、盛土擁壁の端部で測量作業をしていた被災者は、約13.8m下の地面に墜落した。被災直後は意識もあり会話も行えたが、救急搬送中に意識が低下し心肺停止となり、搬送先の病院で死亡した。","3","建設業","301","土木工事業","30106","道路建設工事業","10~29","4","仮設物、建築物、構築物等","41","仮設物、建築物、構築物等","418","建築物、構築物","1","墜落、転落"
"1077","2012","平成","24","6","18~19","埠頭の岸壁に停泊していた貨物船上での玉外し作業を終了した被災者は、貨物船を降りて、倉庫の横に駐車してあるフォークリフトの方へ埠頭を歩いて移動している途中、後ろから走行してきた同僚が運転するフォークリフト(最大荷重22.5t)にひかれた。","5","貨物取扱業","502","港湾運送業","50202","港湾荷役業","50~99","2","物上げ装置、運搬機械","22","動力運搬機","222","フォークリフト","7","はさまれ、巻き込まれ"
"1078","2012","平成","24","6","8~9","被災者は、民有林の伐木を行うため現場(傾斜35度)に立ち入った。作業開始から4~5本の樹木を伐倒した後、そのうちの1本(杉:径約40センチメートル)が、隣に植生している別の杉の木(径約50センチメートル)に「かかり木」の状態となった。そのため、被災者はチェーンソー用いて、かかられている杉の木の伐倒作業を始めたところ、かかっている木が落下して被災者を直撃した。","6","農林業","602","林業","60201","木材伐出業","10~29","7","環境等","71","環境等","712","立木等","5","崩壊、倒壊"
"1079","2012","平成","24","5","17~18","当日の収穫場所である畑から、別の畑へホイールローダーを運転して市道を移動中、約70センチメートル下の畑へ転落したもの。体を投げ出され、ヘッドガードと地面の間に胸を挟まれ、救急搬送先の病院で肺圧迫のため死亡が確認された。","6","農林業","601","農業","60101","農業","1~9","1","動力機械","14","建設機械等","141","整地・運搬・積込み用機械","17","交通事故（道路）"
"1080","2012","平成","24","5","17~18","被災者並びに同僚の2名は杉林において、伐木及び搬出作業に従事していた。被災者は現場の作業責任者であり、被災当日は、同僚が伐採した木(杉)を林内作業車を使用し、林道脇の仮置き場まで運搬する作業を行っていた。同僚が伐採の作業終了後、被災者が作業を行っていた仮置き場に向かったところ、伐木(長さ4m、直径0.3~0.4m)の下敷きになっている被災者を発見した。","6","農林業","602","林業","60209","その他の林業","100~299","7","環境等","71","環境等","712","立木等","6","激突され"
"1081","2012","平成","24","3","2~3","配送のため、高速道路を4t冷蔵車で走行していたところ、事故を発生させて路上に停止していた2台の車両のうちの1台に衝突して横転、滑った状態で進み、その前方の路肩に停車していた2台の一般車両に衝突した。","4","運輸交通業","403","道路貨物運送業","40301","一般貨物自動車運送業","30~49","2","物上げ装置、運搬機械","22","動力運搬機","221","トラック","17","交通事故（道路）"
"1082","2012","平成","24","3","8~9","資材置き場において、被災者が一人で積載型トラッククレーン(つり上げ荷重2.93t、4tロング)の荷台後部に架けた登坂用足場板(アルミブリッジ)2本を使用し、トラクターショベル(機体重量1975キログラム)を後進させて同荷台に積み込む作業を行っていたところ、荷台後部にあった同トラッククレーンのジブ先端に激突し、ジブ先端と同ショベルのハンドルとの間に胸部を挟まれた状態で発見された。","3","建設業","301","土木工事業","30199","その他の土木工事業","10~29","1","動力機械","14","建設機械等","141","整地・運搬・積込み用機械","3","激突"
"1083","2012","平成","24","3","22~23","被災者がフォークリフト(最大荷重2.2t)を運転し、圧縮した再生固形燃料(縦1.05m、横1.05m、長さ1.05m、重量590キログラム)を専用のアタッチメントで挟み、高さ約3.4mに持ち上げ後進したところ、フォークリフトが転倒し、運転席天蓋のフレームで胸部をはさまれ胸部圧迫により死亡した。","1","製造業","117","その他の製造業","11709","その他の製造業－その他","30~49","2","物上げ装置、運搬機械","22","動力運搬機","222","フォークリフト","2","転倒"
"1084","2012","平成","24","2","13~14","松くい虫により枯損木となった松の木(胸高直系54センチメートル)を同僚が伐木したところ、蔓で上部が絡まっていた別の松の枯損木が、伐木した際の勢いで高さ約5mの位置で折れ、退避していた被災者に折れた立木が直撃した。被災者は救急搬送先の病院で、死亡が確認された。","6","農林業","602","林業","60201","木材伐出業","1~9","7","環境等","71","環境等","712","立木等","4","飛来、落下"
"1085","2012","平成","24","1","17~18","マンション建築工事現場にて、当日予定分のコンクリート基礎杭の打設作業が終了し、打設作業で使用した機械設備(コンクリート製造用プラント)の後片付けを行っていた被災者は、同機械設備と杭打機との間の地面で、頭から血を流して仰向けに倒れていたところを同僚労働者に発見された。","3","建設業","302","建築工事業","30201","鉄骨・鉄筋コンクリート造家屋建築工事業","10~29","4","仮設物、建築物、構築物等","41","仮設物、建築物、構築物等","419","その他の仮設物、建築物、構築物等","1","墜落、転落"
"1086","2012","平成","24","5","13~14","事業場敷地内製品置き場において、天井クレーン(つり上げ荷重10t)を用いて3段に積まれたコンクリート杭(長さ5m、直径0.8m、重さ約3.2t)を移動させる際、被災者が3段目に2本置いていたコンクリート杭のうち1本に玉掛けをし、つり上げたところ、もう1本のコンクリート杭が被災者の方に動き出し、被災者は2段目上から地面に飛び降りたが、被災者の上にコンクリート杭が直撃した。","1","製造業","109","窯業土石製品製造業","10901","セメント・同製品製造業","10~29","5","物質、材料","52","材料","529","その他の材料","4","飛来、落下"
"1087","2012","平成","24","12","16~17","被災者は産業廃棄物の処理場内において、ドラグ・ショベルを用い瓦礫の山の上でアームで破砕機をつり上げ作業中、ドラグ・ショベルが3.4m下方に転落し、ドラグ・ショベルのキャビンと瓦礫の間に挟まれた。","15","清掃・と畜業","1501","清掃・と畜業","150102","産業廃棄物処理業","1~9","1","動力機械","14","建設機械等","142","掘削用機械","1","墜落、転落"
"1088","2012","平成","24","11","15~16","職員3人と被災者との4人で廃棄用の耐火金庫(高さ144センチメートル、幅78センチメートル、奥行72.3センチメートル、重さ推定約800キログラム)を撤去するために平台車を用いて移動中、床の段差を乗越えようと職員3人が金庫を押した際、反対側でしゃがみこんでいた被災者の上に金庫が倒れて下敷きになった。","8","商業","801","卸売業","80109","その他の卸売業","10~29","6","荷","61","荷","611","荷姿の物","7","はさまれ、巻き込まれ"
"1089","2012","平成","24","9","0~1","勤務終了後、台風による暴風雨のため、上司の許可を得て食堂にある休憩室に泊まったが、台風による停電で業務用冷蔵庫に電気を供給する内燃式の発電機2台を屋内で稼働させていたため、就寝中にその発電機の排気ガスによる一酸化炭素中毒で死亡した。","12","教育・研究業","1201","教育・研究業","120109","その他の教育研究業","10~29","1","動力機械","11","原動機（電動機を除く）","111","原動機（電動機を除く）","12","有害物等との接触"
"1090","2012","平成","24","8","21~22","菓子パン等を製造する燃成室内オーブン出口付近でパンの焼き具合などの監視中に倒れ、救急搬送先の病院で死亡した。","1","製造業","101","食料品製造業","10104","パン、菓子製造業","300~499","7","環境等","71","環境等","715","高温・低温環境","11","高温・低温の物との接触"
"1091","2012","平成","24","8","13~14","平屋建て堆肥2次発酵施設屋根の雨漏りを防ぐための工事中、スレート屋根の上で作業を行っていたところ、スレートを踏み抜き、約6.5mの高さから墜落しコンクリート床に頭部を強打し死亡した。","1","製造業","117","その他の製造業","11709","その他の製造業－その他","1~9","4","仮設物、建築物、構築物等","41","仮設物、建築物、構築物等","415","屋根、はり、もや、けた、合掌","1","墜落、転落"
"1092","2012","平成","24","8","13~14","火力発電所内にある整粒室建屋の石炭サンプリング設備の運転状況を確認するため構内を単独で巡回中、4階の設備の点検口付近において被災者の上半身が設備内を走行してきたサンプリング装置の受け皿部分と設備内側の壁の間に挟まれているのが発見された。なお、被災者発見時に通常点検口付近に置いてある清掃棒が設備の内部にあった。","15","清掃・と畜業","1501","清掃・と畜業","150101","ビルメンテナンス業","50~99","2","物上げ装置、運搬機械","22","動力運搬機","224","コンベア","7","はさまれ、巻き込まれ"
"1093","2012","平成","24","1","5~6","被災者は新聞配達途中、公道に停車させていた車に戻る直前、後方からの車が被災者の車に追突したため、その反動で動いた被災者の車とガードレールの間に挟まれ、救急搬送先の病院で死亡した。","8","商業","802","小売業","80205","新聞販売業","1~9","2","物上げ装置、運搬機械","23","乗物","231","乗用車、バス、バイク","17","交通事故（道路）"
