"ID","西暦","年号","年","月","発生時間","災害状況","業種（大分類）コード","業種（大分類）分類名","業種（中分類）コード","業種（中分類）分類名","業種（小分類）コード","業種（小分類）分類名","事業場規模","起因物（大分類）コード","起因物（大分類）分類名","起因物（中分類）コード","起因物（中分類）分類名","起因物（小分類）コード","起因物（小分類）分類名","事故の型コード","事故の型分類名"
"1","2011","平成","23","12","9~10","被災者は営業で社用車を運転中、直線の道路でスリップし、中央分離帯を乗り越え対向車線を走行していた大型トラックに衝突し、病院に搬送される途中で死亡したもの。被災者は単独で営業に行っていたもので、シートベルトをしていたかどうかは不明である。","8","商業","801","卸売業","80109","その他の卸売業","10~29","2","物上げ装置、運搬機械","23","乗物","231","乗用車、バス、バイク","17","交通事故（道路）"
"2","2011","平成","23","12","14~15","被災者は高所作業車(橋梁点検車)のバスケットに搭乗しながら、他の作業員と供に橋桁側部で吊足場の組立て作業に従事した。橋脚部が狭く、バスケットでの作業が困難であり、被災者のみ橋脚上部に乗り移り建地を取り付ける作業を行った。この後高所作業車のタイヤがスリップし、これを押すために他の作業員は被災者を橋脚上部に残したまま橋上へと移動したが何かが落ちたような音がし、橋脚下部で倒れている被災者を発見した。","3","建設業","301","土木工事業","30105","橋梁建設工事業","10~29","4","仮設物、建築物、構築物等","41","仮設物、建築物、構築物等","411","足場","1","墜落、転落"
"3","2011","平成","23","11","20~21","被災者はタンクローリーを運転していたが、雪道でスリップし、いわゆるジャックナイフ型に道を塞いで停車したため、トラクタヘッドの後輪のタイヤにチェーンを装着しようとしていたところ、名寄から留萌方向に走行してきたタンクローリー車が追突し、死亡した。現場は長い直線の下り坂が左にカーブしたカーブの出口付近で、事故時はアイスバーンに粉雪が薄く積もっていていた。なお、両車のタンクは空だった。","4","運輸交通業","403","道路貨物運送業","40301","一般貨物自動車運送業","30~49","2","物上げ装置、運搬機械","22","動力運搬機","221","トラック","17","交通事故（道路）"
"4","2011","平成","23","11","9~10","当日の朝、自宅から事業場の車で午前9時から予定していた工事発注者との打ち合わせのため家を出た。途中11月上旬で終了した現場の様子を見に行ったと思われる。その後、町内の発注者事務所へ向かう途中、高速道路を支えるコンクリート壁に衝突し乗っていた車が炎上したもの。","3","建設業","301","土木工事業","30199","その他の土木工事業","10~29","2","物上げ装置、運搬機械","23","乗物","231","乗用車、バス、バイク","17","交通事故（道路）"
"5","2011","平成","23","11","11~12","被災者はトレーラーを運転して会社を出発し、県内でみかんを積み込んで(24t積載牽引)、市場へ荷下ろすため、高速道路を走行していたところ、ジャンクションの左カーブの右側ガードレールに衝突して横転し死亡したもの。","4","運輸交通業","403","道路貨物運送業","40301","一般貨物自動車運送業","30~49","2","物上げ装置、運搬機械","22","動力運搬機","221","トラック","17","交通事故（道路）"
"6","2011","平成","23","11","10~11","被災者は、荷主先工場のバラ出荷第2ゲートでバルク車(飼料運搬用タンクローリー)の荷台上に設置されている作業床(高さ3.28m、幅0.36m)に上がり、トウモロコシの飼料をバルク車に積み込んでいたところ墜落し、病院に救急車で搬送されたが25日に死亡したもの。ヘルメットは着用していたが、発見時は脱げていた。また、安全帯は装着していなかった。","4","運輸交通業","403","道路貨物運送業","40301","一般貨物自動車運送業","30~49","2","物上げ装置、運搬機械","22","動力運搬機","221","トラック","1","墜落、転落"
"7","2011","平成","23","11","15~16","被災者を含む3名は、ホタテ漁終了後の計量作業を終え、漁港内に係留してある漁船にかごを戻すため、自社トラック(最大積載量1.45t)の荷台に被災者と同僚1名を乗せて走行中(時速約10キロ)、被災者が荷台から転落し頭部を強打したもの。病院に搬送されたが11月23日に外傷性くも膜下出血により死亡した。トラックのあおりは全て下ろされており、保護帽は被っていたがあご紐をしていなかった。","7","畜産・水産業","702","水産業","70201","漁業","50~99","2","物上げ装置、運搬機械","22","動力運搬機","221","トラック","1","墜落、転落"
"8","2011","平成","23","11","8~9","町有林の間伐現場において、被災者はチェーンソーにより杉(人工林)の伐木作業を行っていた。午前8時50分ごろ、被災者の近くで作業をしていた同僚(班長)が、被災者の使用するチェーンソーの音などが聞こえなくなったため、様子を見に行ったところ、横向きの状態で胸高直径25.7センチメートルの杉の木の下敷きになっている被災者を発見した。搬送先の病院の診断によると即死であった。","6","農林業","602","林業","60209","その他の林業","10~29","7","環境等","71","環境等","712","立木等","6","激突され"
"9","2011","平成","23","11","22~23","浴場業を営む事業場内に住み込む被災者が11月1日午後10時頃から浴室清掃業務を始めた。事業場内で11月2日午前3時頃、事業場内に居住する代表者が浴室の電気がついていることを不審に思い浴室を見たところ、浴槽内に浮いている被災者を発見し119番通報したもの。検死の結果、死亡推定時刻11月1日午後11時頃、死因溺水とされたもの。","13","保健・衛生業","1303","その他の保健衛生業","130301","浴場業","10~29","3","その他の装置等","39","その他の装置、設備","391","その他の装置、設備","10","おぼれ"
"10","2011","平成","23","10","15~16","被災者は、午前中は工場内で鉄材の錆び取り等の軽作業を行い、午後からは同工場内で製作されたバイオディーゼル燃料タンク5台(内容量1.9KL)を塗装するため、屋外の塗装場に搬送する作業に従事していた。2台目の搬送作業中に午後3時の休憩時間(15分)となった。午後3時8分頃、搬送作業中のタンクの傍らで倒れているのを通りかかった同僚が発見したもの。災害時の目撃者はいない。","1","製造業","112","金属製品製造業","11209","その他の金属製品製造業","10~29","4","仮設物、建築物、構築物等","41","仮設物、建築物、構築物等","417","通路","2","転倒"
"11","2011","平成","23","10","8~9","4階建ての一般共同住宅の屋上防水改修工事現場おいて、被災者が屋上南東側端部で、仕上げ用防水シートを屋上面に貼り付ける前作業として、屋上面に残っていた雨水を雑巾で拭いていたところ、誤って10.5m下に墜落したものである。","3","建設業","302","建築工事業","30209","その他の建築工事業","30~49","4","仮設物、建築物、構築物等","41","仮設物、建築物、構築物等","415","屋根、はり、もや、けた、合掌","1","墜落、転落"
"12","2011","平成","23","10","3~4","被災者は、4トントラックで市内の荷主先に向けて走行しており、交差点で信号待ちのために停車していた時、後続車の10トントラックに追突された。被災者の運転する4トントラックは、交差点を越えて押し出され、フェンスに激突した。意識不明の重体となっていたが、平成23年10月26日、午後5時42分死亡。追突したトラックの運転手も軽傷を負った。","4","運輸交通業","403","道路貨物運送業","40301","一般貨物自動車運送業","1~9","2","物上げ装置、運搬機械","22","動力運搬機","221","トラック","17","交通事故（道路）"
"13","2011","平成","23","10","3~4","被災者は工事現場での作業終了後、同僚が運転する会社所有のライトバンの助手席に同乗し、運転者の自宅に向かって国道を走行中、運転者が運転操作を誤り道路脇の電柱に衝突し被災した。被災者は病院に搬送されたが、翌日の午前9時35分に搬送先の病院で死亡、又、同僚の運転者も負傷し休業している。なお、被災者は同僚の自宅に到着後は同車両を自ら運転して自宅に帰る予定であった。","3","建設業","301","土木工事業","30105","橋梁建設工事業","10~29","2","物上げ装置、運搬機械","23","乗物","231","乗用車、バス、バイク","17","交通事故（道路）"
"14","2011","平成","23","10","23~24","被災者は物流センターに所在する営業所から食品会社に向かうためトラックを運転していたが、その途中の経路上で停車したトラックの助手席側歩道付近でうつ伏せで倒れていた被災者を通りかかった近所の者が発見し、救急車で病院に搬送されたが死亡したもの。被災者の死因は急性心筋梗塞だった。","4","運輸交通業","403","道路貨物運送業","40301","一般貨物自動車運送業","100~299","9","その他","92","起因物なし","921","起因物なし","90","その他"
"15","2011","平成","23","9","11~12","被災者は、ごみ焼却施設のプラットホームで、機械式ごみ収集車で運んできたごみを施設のごみピットに棄てる作業の補助として従事していた。テールゲートを上げた状態でピット内にごみを棄てた後、運転手が被災者から合図を受け、テールゲートを下げたところ、被災者の上半身がテールゲートとごみ収集車との間に挟まれた。そのため運転手がテールゲートを上げたところ被災者がごみピットに墜落し死亡したもの。","15","清掃・と畜業","1501","清掃・と畜業","150102","産業廃棄物処理業","1~9","2","物上げ装置、運搬機械","22","動力運搬機","221","トラック","7","はさまれ、巻き込まれ"
"16","2011","平成","23","9","5~6","被災者は、港の沖約400mの海上の漁船(サケの定置漁業を行うもの。総トン数17t)において、接近中の台風に備えて海上に設置されたサケの定置網を船倉に引き上げるため、左舷側の甲板上で定置網を回転するローラーに送り込む作業を行っていた際、左半身をローラーに挟まれて被災したもの。","7","畜産・水産業","702","水産業","70201","漁業","1~9","3","その他の装置等","39","その他の装置、設備","391","その他の装置、設備","7","はさまれ、巻き込まれ"
"17","2011","平成","23","9","13~14","被災者は他の作業員3名と共に事業主が運転するトラクターに牽引された馬鈴薯収穫機に乗り、馬鈴薯選別作業を行っていた。昼食後、事業主がトラクターに乗り、午後から収穫する場所へ移動しようとした時、被災者も畑に戻り、トラクターの進行方向と平行に収穫機の右側を歩いていた。その後少し遅れて事業主の妻が畑に戻ったところ、収穫機の後方で這っている被災者を発見し、病院に搬送したが多発外傷により死亡したもの。","6","農林業","601","農業","60101","農業","1~9","1","動力機械","16","一般動力機械","169","その他の一般動力機械","7","はさまれ、巻き込まれ"
"18","2011","平成","23","9","10~11","上記の災害発生場所で自社の船2隻でサケの定置網の点検作業を午前9時54分頃から開始、1チーム2名で2チームの4名が潜水し、午前10時15分頃に1名が浮上したが、被災者が浮上してこないことから潜って確認したところ、水深約9mの箇所で定置網に引っかかっている被災者を発見したが、意識がなく病院に搬送したが死亡した。被災者を発見した時のボンベ内の空気量は空であった。","7","畜産・水産業","702","水産業","70201","漁業","10~29","7","環境等","71","環境等","713","水","10","おぼれ"
"19","2011","平成","23","9","9~10","被災者は午前4時頃、港の事業場に出勤し、トラクターヘッド(牽引車のみ)を運転して、前の乗用車を追い越すため、右に車線変更したところ、中央分離帯に接触し、反動で道路左脇の沢地に転落した。(事故時は未牽引)被災者は3日後の9月18日に死亡。現場は直線で、路面は乾いていた。天候は晴れ。","4","運輸交通業","403","道路貨物運送業","40301","一般貨物自動車運送業","30~49","2","物上げ装置、運搬機械","22","動力運搬機","221","トラック","17","交通事故（道路）"
"20","2011","平成","23","9","8~9","砂利採取場において、被災者はドラグショベル(機体重量15.38t)を運転して埋め戻しおよび転圧作業を行っていた。砂利を降ろしにきたダンプ運転手の同僚が、転圧作業をしていたドラグショベルが2m下の雨水が貯まってできた池(水深1m)に横転しているのを発見した。ドラグショベルは運転席まで水に浸かっていたが、死因は圧死によるものだった。","2","鉱業","202","土石採取業","20202","砂利採取業","10~29","1","動力機械","14","建設機械等","142","掘削用機械","1","墜落、転落"
"21","2011","平成","23","9","15~16","被災者は、民有林の皆伐現場においてハンノキ(高さ約16m、胸高直径28センチメートル)の伐倒中であったが、約30m離れグラップルを運転していた代表取締役が、「バリン」と木が裂けるような大きな音を聞いて被災者の様子を見に行ったところ、ハンノキが縦に裂けており、その脇で裂け倒れた伐木に右脚を挟まれた状態で、ヘルメットが割れ飛び、頭部から出血して倒れている被災者を発見したもの。","6","農林業","602","林業","60201","木材伐出業","1~9","7","環境等","71","環境等","712","立木等","6","激突され"
"22","2011","平成","23","9","13~14","会社所有のワゴン車で、顧客先へ2名で移動中、町道の見通しの良い片側一車線の直線道路を走行していた時、センターラインを越えて、対向車の乗用車(買い物のため、私用)と正面衝突し、助手席側の後部座席に座っていた被災者はその衝撃からシートベルトで内臓を圧迫され21時間後に死亡、運転手は打撲、裂傷を負った。相手方の乗用車の運転手はろっ骨を骨折した。","17","その他の事業","1702","その他の事業","170201","警備業","30~49","2","物上げ装置、運搬機械","23","乗物","231","乗用車、バス、バイク","17","交通事故（道路）"
"23","2011","平成","23","8","17~18","被災者は、社用車で、デイサービスの客2名を自宅に送っていたところ、国道で、対向車の都市間バスの運転席の右側に衝突し、頭を強く打って間もなく死亡した。乗用車に同乗していた2名は重傷と軽傷を負った。バスの運転手及び乗客4名(労働者以外)は現時点では軽傷で休業していない。また、道路上にブレーキ痕はなかった。","13","保健・衛生業","1302","社会福祉施設","130201","社会福祉施設","30~49","2","物上げ装置、運搬機械","23","乗物","231","乗用車、バス、バイク","17","交通事故（道路）"
"24","2011","平成","23","8","11~12","被災者は、砂利プラントにおいて、トラクターショベル(機体重量14.36t)を運転し、骨材原料の原石を原石山の下部から山の上部へと運搬する作業を1人で行っていたところ、同僚の作業員が原石山の山腹にある幅3m、傾斜角11度の斜路の側方下部3mのところに180度転倒し、運転席が潰れているトラクターショベルと供に運転席の中の被災者を発見したもの。なお斜路の一部は崩壊していた。","2","鉱業","202","土石採取業","20202","砂利採取業","1~9","1","動力機械","14","建設機械等","141","整地・運搬・積込み用機械","1","墜落、転落"
"25","2011","平成","23","7","12~13","被災者6人は派遣先である温泉のホテルにおいて、朝食の配膳等の仕事を終えて、会社所有の乗用車(ワゴン車)に乗り、市内に向かって走行中、町道において、対向車線に飛び出し路外の電柱に激突して、死傷したものである。事故現場は見通しのよい直線道路部分であり、路面は乾燥状態であった。死亡した被災者は助手席の後ろ(2列目)の席に乗車していた。","17","その他の事業","1701","派遣業","170101","派遣業","30~49","2","物上げ装置、運搬機械","23","乗物","231","乗用車、バス、バイク","17","交通事故（道路）"
"26","2011","平成","23","7","9~10","被災者2名は学生2名と共に7月28日午前、訓練飛行のため、小型プロペラ機で空港を離陸したが同日午後1時55分ごろ、斜面に墜落しているのが発見されたもの。機内などから3名(被災者2名、学生1名)を収容したが、間もなく死亡が確認された。なお、もう1名の学生は同町内の林道で負傷した状態で保護されたもの。","12","教育・研究業","1201","教育・研究業","120109","その他の教育研究業","10~29","2","物上げ装置、運搬機械","23","乗物","239","その他の乗物","18","交通事故（その他）"
"27","2011","平成","23","7","9~10","被災者2名は学生2名と共に7月28日午前、訓練飛行のため、小型プロペラ機で空港を離陸したが同日午後1時55分ごろ、斜面に墜落しているのが発見されたもの。機内などから3名(被災者2名、学生1名)を収容したが、間もなく死亡が確認された。なお、もう1名の学生は同町内の林道で負傷した状態で保護されたもの。","12","教育・研究業","1201","教育・研究業","120109","その他の教育研究業","10~29","2","物上げ装置、運搬機械","23","乗物","239","その他の乗物","18","交通事故（その他）"
"28","2011","平成","23","7","17~18","被災者は個人住宅の改修工事現場において、本作業を終え、枠組み足場の3段目において廃材等の後片付けをしていたが、しばらくして再び代表者が見たところ地面に倒れていた被災者を発見したもの。被災者は保護帽を着用しておらず、安全帯については腰巻にロープを取り付けた簡易的なものを装着していたが、使用していなかった。(発生から2日後の7月27日に死亡したもの。)","3","建設業","302","建築工事業","30209","その他の建築工事業","1~9","4","仮設物、建築物、構築物等","41","仮設物、建築物、構築物等","411","足場","1","墜落、転落"
"29","2011","平成","23","7","8~9","被災者は、タワークレーンのクライミング時に使用した鉄骨仮設梁(H鋼 1195×400×9000(mm)、重量4トン。以下「鉄骨という」。)をトラック荷台上に積み込む作業において、合図、誘導、玉外し作業を行っていた。2本目の鉄骨をトラックに積み込む際、タワークレーンで吊り下ろしてきた鉄骨が横ぶれし、トラック荷台上にいた被災者が、鉄骨とトラックのあおりとの間にはさまれたもの。救急車搬送後、同日死亡。","3","建設業","302","建築工事業","30201","鉄骨・鉄筋コンクリート造家屋建築工事業","1~9","2","物上げ装置、運搬機械","21","動力クレーン等","211","クレーン","7","はさまれ、巻き込まれ"
"30","2011","平成","23","6","6~7","早朝、自宅トイレで嘔吐した状態で死亡していたところを家族に発見されたもの。死亡原因は「脳内出血」であり、発症前1ヶ月間の時間外労働時間数が100時間を超えていたもの。(平成23年11月9日労災認定)","8","商業","802","小売業","80202","自動車小売業","10~29","9","その他","99","分類不能","999","分類不能","90","その他"
"31","2011","平成","23","6","12~13","被災者は、町内の取引先への配達業務のため、事業場所有のワゴン車を運転し、片側一車線の道を走行していたところ、対向車線にはみ出したため走行して来たトラックと正面衝突し、搬送先の病院で出血性ショックによる死亡が確認されたもの。現場は、直線道路であった。","8","商業","802","小売業","80209","その他の小売業","1~9","2","物上げ装置、運搬機械","23","乗物","231","乗用車、バス、バイク","17","交通事故（道路）"
"32","2011","平成","23","6","6~7","被災者は10トンダンプの右側前輪後方にあるマフラーの取付け金具の交換作業を行なうために事業場に隣接した車庫内に当該ダンプを入れ停止、作業空間確保のため、前輪を右に切ろうと、車外からエンジンを掛けたところ、ダンプが右側に約2.3メートル逸走し、被災者は、ダンプと車庫の間に胸部を挟まれ、死亡した。なお、現場の斜度は0度(水平)であった。","4","運輸交通業","403","道路貨物運送業","40301","一般貨物自動車運送業","1~9","2","物上げ装置、運搬機械","22","動力運搬機","221","トラック","7","はさまれ、巻き込まれ"
"33","2011","平成","23","6","13~14","小麦貯蔵施設において被災者はダクト配管等のメンテナンス作業に従事中、排熱ダクト上にある集塵ダクトのファンを取り外そうと、ボルトを外すため集塵ダクトに覆いかぶさりボルトにスパナを掛けようとしたところ、集塵ダクト側のボルトは取り外し済みで固定されていなかったため、覆いかぶさっていた集塵ダクトが折れて、バランスを崩し、排熱ダクト横の開口部から17.7m下のコンクリート製地面まで墜落したもの。","17","その他の事業","1702","その他の事業","170209","その他の事業－その他","10~29","4","仮設物、建築物、構築物等","41","仮設物、建築物、構築物等","418","建築物、構築物","1","墜落、転落"
"34","2011","平成","23","6","2~3","被災者ら2名は、運転代行業務を終えて次の客を送るのに客の車を一時保管している駐車場へ向かうため、随行車(軽乗用車)で片側2車線を左へ車線変更しながら北へ運転中に、片側1車線の左から来た軽乗用車を避けようとして、中央分離帯の街路灯に衝突した。被災者らははずみで車外に投げ出されて、被災者は横転した随行車の下敷きになり死亡、もう1名も負傷した。交差点に信号機はなく、相手車側に一時停止の標識があった。","17","その他の事業","1702","その他の事業","170209","その他の事業－その他","30~49","2","物上げ装置、運搬機械","23","乗物","231","乗用車、バス、バイク","17","交通事故（道路）"
"35","2011","平成","23","6","21~22","営業先から会社に戻るため乗用車により高速自動車道を走行中、走行車線(左車線)において前方を走行していた乗用車に急接近したため慌ててハンドルを切り追い越し車線へ入ったところ乗用車が蛇行し中央分離帯に激突した。その反動で乗用車は走行車線側に飛ばされ、前方を走行していた乗用車に衝突した。中央分離帯に激突した乗用車に乗車していた6人の内3人が車外に投げ出され1名が死亡した。","8","商業","801","卸売業","80109","その他の卸売業","10~29","2","物上げ装置、運搬機械","23","乗物","231","乗用車、バス、バイク","17","交通事故（道路）"
"36","2011","平成","23","6","10~11","被災者は砂利プラントの原石ホッパーに川砂利を投入する作業をトラクターショベルを使用して一人で行っていた。製品である砂利が出てなこないと同僚から報告を受けた工場長が原石ホッパーを見に来たところ、ホッパーの底部排出口から両足が出ている状態の被災者を発見した。被災者はすぐに救助され病院へ搬送したが、窒息により死亡したもの。","2","鉱業","202","土石採取業","20202","砂利採取業","1~9","4","仮設物、建築物、構築物等","41","仮設物、建築物、構築物等","418","建築物、構築物","1","墜落、転落"
"37","2011","平成","23","6","3~4","被災者は、午前3時38分頃に事業場へ出勤し、担当区域の朝刊配達のため自分の軽乗用車に新聞を積み事業場前の道路をUターンしようとしたときに、後方から走行してきた無免許運転の乗用車に被災者の軽乗用車の運転席部分を衝突され、気道閉鎖による窒息のため死亡したもの。なお、被災者の軽自動車は衝突した場所から、約20m移動した。","8","商業","802","小売業","80205","新聞販売業","30~49","2","物上げ装置、運搬機械","23","乗物","231","乗用車、バス、バイク","17","交通事故（道路）"
"38","2011","平成","23","5","16~17","港に停泊中の貨物船からのフレコンバック(内容物石灰、重量約1t)の荷降ろし作業(トラッククレーンで船から港に降ろし、トラクター・ショベル(アタッチメントはフォークに交換)で保管場所に運搬する)において、同僚と2人でハッカーからフレコンバックを外し、トラクター・ショベルに取り付けたフックにフレコンバック2つを取り付けていた被災者が、トラクター・ショベルにひかれて倒れているところを発見されたもの。","4","運輸交通業","403","道路貨物運送業","40301","一般貨物自動車運送業","10~29","1","動力機械","14","建設機械等","141","整地・運搬・積込み用機械","7","はさまれ、巻き込まれ"
"39","2011","平成","23","5","17~18","被災者は、工場内においてNCルータを用いた木材の加工作業に従事中、機械周囲に飛散した木くずの清掃作業のため、同機械を稼働させたまま安全柵の扉を開けフレーム付近に近づいたところ、移動してきたテーブルとフレームに挟まれ、肺挫傷にて死亡したもの。同機械には、危険箇所の周囲に安全柵が設けられているが、同柵の扉に設置されているセーフティドアスイッチが無効となっていた。","1","製造業","105","家具・装備品製造業","10501","木製家具製造業","30~49","1","動力機械","13","木材加工用機械","135","面とり盤、ルータ、木工フライス盤","7","はさまれ、巻き込まれ"
"40","2011","平成","23","5","13~14","道路舗装工事中の路肩に2段積みで仮置きしていたガードレール部材(1束20枚、長さ約4.3m、重量約1.3トン)を車両積載形トラッククレーン荷台に積込み作業中、玉掛け作業に従事していた被災者は、上段の同部材を玉掛けしようとした際、同部材が崩れ落ち、同部材とともに法面(法長約6m、直高約3.5m、勾配約35度)を転落し、同部材と工事用道路面に頭部を挟まれた。","3","建設業","301","土木工事業","30106","道路建設工事業","1~9","5","物質、材料","52","材料","521","金属材料","1","墜落、転落"
"41","2011","平成","23","5","17~18","カニ刺し網漁業の操業を終えて帰港中、被災者は船員室で食事を済ませ、船員室を出た後行方不明となったもの。(平成23年12月2日支給決定)","7","畜産・水産業","702","水産業","70201","漁業","1~9","2","物上げ装置、運搬機械","23","乗物","239","その他の乗物","10","おぼれ"
"42","2011","平成","23","4","11~12","被災者は同僚1名とショベルローダー(以下「ローダー」という。)で上屋4番口内にある粉状の肥料を同上屋1番口に運搬する作業を行っていた。上屋4番口内で被災者はローダーのバケットを接地せず、エンジンをかけたままパーキングブレーキをかけた状態でローダーから降りていたところ、被災者が降りたローダーが動き出し、上屋の壁とバケットに挟まれたもの。挟まれている被災者を同僚が見つけ、病院に搬送されたが死亡した。","5","貨物取扱業","502","港湾運送業","50201","一般港湾運送業","50~99","2","物上げ装置、運搬機械","22","動力運搬機","225","ローダー","6","激突され"
"43","2011","平成","23","4","7~8","大型トラック運転者である被災者は、一般住宅のユニット(鉄骨を箱形に溶接したもので、これを組み合わせて住宅の構造とする)2個を工場で積込み、輸送。荷下ろしするに当たり、防水シートを取り外すために荷の上に上がったところ、約3.9メートル墜落し、出血性ショックで死亡したもの。保護帽着用。なお被災者は登記簿上の取締役で、労災請求を契機とする調査で労働者性有と判断されたものである。","4","運輸交通業","403","道路貨物運送業","40301","一般貨物自動車運送業","10~29","2","物上げ装置、運搬機械","22","動力運搬機","221","トラック","1","墜落、転落"
"44","2011","平成","23","4","22~23","被災者は飲食店の材料買い出しのため、近隣のスーパーに向かうため、横断歩道の無い市道を横断しようとしたところ、右側から来た乗用車にはねられ、病院に搬送されたが、約8時間後に死亡が確認されたもの。","14","接客娯楽業","1402","飲食店","140201","一般飲食店","10~29","2","物上げ装置、運搬機械","23","乗物","231","乗用車、バス、バイク","17","交通事故（道路）"
"45","2011","平成","23","4","10~11","被災者は民有林(大澤木材(株))の皆伐作業場で事業者を含め3人で午前7時から開始。午前10時20分頃、チェーンソーを用い単独で立木の伐木作業を行っていたが、チェーンソーの音が聞こえない等作業している様子がないことから、他の労働者が被災者の作業場所を見に行ったところ、伐倒されたトウヒ(胸高直径43センチメートル、樹高25.8m)の切り口(根元)で仰向けになって倒れている被災者を発見し、救急搬送したが死亡した。","6","農林業","602","林業","60201","木材伐出業","1~9","7","環境等","71","環境等","712","立木等","6","激突され"
"46","2011","平成","23","3","12~13","平成23年3月28日12時15分頃、配送センター倉庫内で、労働者がピッキングフォークリフトを使用し、荷役作業に従事していたところ、高さ3メートルから4メートルにあった運転台から墜落し死亡したもの。","4","運輸交通業","403","道路貨物運送業","40301","一般貨物自動車運送業","1~9","2","物上げ装置、運搬機械","22","動力運搬機","222","フォークリフト","1","墜落、転落"
"47","2011","平成","23","3","4~5","被災者は採石を積んだダンプトラック(積載重量9トン)で走行していたところ、左カーブにおいて対向してきたトレーラーが凍結路面でスリップしてガードレールに激突し、ジャックナイフ現象を起こして走行車線を塞いだため、ダンプトラックがトレーラーの左側面に激突して死亡したもの。トレーラーの運転手は負傷により入院。","4","運輸交通業","403","道路貨物運送業","40301","一般貨物自動車運送業","1~9","2","物上げ装置、運搬機械","22","動力運搬機","221","トラック","17","交通事故（道路）"
"48","2011","平成","23","3","9~10","平成23年3月14日午前7時頃、会社敷地内上架場の漁船機関室内にて被災者2名が倒れているところを発見されたもの。2名とも発見時には既に死亡していた。(災害発生年月日、発生時間は推定)","1","製造業","114","電気機械器具製造業","11409","その他の電気機械器具製造業","1~9","5","物質、材料","51","危険物、有害物等","519","その他の危険物、有害物等","12","有害物等との接触"
"49","2011","平成","23","3","9~10","平成23年3月14日午前7時頃、会社敷地内上架場の漁船機関室内にて被災者2名が倒れているところを発見されたもの。2名とも発見時には既に死亡していた。(災害発生年月日、発生時間は推定)","1","製造業","114","電気機械器具製造業","11409","その他の電気機械器具製造業","1~9","5","物質、材料","51","危険物、有害物等","519","その他の危険物、有害物等","12","有害物等との接触"
"50","2011","平成","23","3","10~11","被災者は、自社の所有する山林において、木材の運搬業務のため、トラクター・ショベルを運転し同材を牽引していたところ、運搬中の斜面でトラクター・ショベルのクローラーに轢かれ倒れているところを、共に作業していた事業主に発見されたもの。トラクター・ショベルは、斜面を逸走して沢に転落し、エンジンがかかった状態で発見された。","6","農林業","602","林業","60209","その他の林業","1~9","1","動力機械","14","建設機械等","141","整地・運搬・積込み用機械","7","はさまれ、巻き込まれ"
"51","2011","平成","23","3","4~5","事業主及び被災者2名は、共に海老籠を仕掛けるため漁船(4.9トン)に乗船し漁港を出港した後、沖合の漁場へと航行させていたところ、漁船が転覆し行方不明となったもの。午前4時50分頃に、携帯電話により救助要請の連絡が入り、捜索が行われたものの、船体も含め発見には至らなかったもの。平成23年12月15日海上保安庁から死亡報告書の交付があったもの。","7","畜産・水産業","702","水産業","70201","漁業","1~9","2","物上げ装置、運搬機械","23","乗物","239","その他の乗物","18","交通事故（その他）"
"52","2011","平成","23","2","8~9","被災者は客先からのクレーム対応のため社有車(バン)を運転し車道を走行中、対向車線をはみ出し、対向してきたダンプと正面衝突したもの。被災者はシートベルトを着用していた。なお、現場は片側一車線のやや下り勾配で見通しの良い連続する曲線区間の直線道路で事故当時は路面にシャーベット状の雪が残っていた。","8","商業","801","卸売業","80109","その他の卸売業","10~29","2","物上げ装置、運搬機械","23","乗物","231","乗用車、バス、バイク","17","交通事故（道路）"
"53","2011","平成","23","2","13~14","被災者は、ダンプトラック(最大積載量10トン)で砂利運搬作業に従事していた。午前11時半頃4回目の運搬のための積込み後に、プラント敷地内において昼休憩を取った。午後12時過ぎに他の運転手が被災者のダンプの荷台が中途半端に上昇した状態になっているのを目撃している。午後1時になっても出発していないのを不審に思った同僚がダンプを見たところ荷台と車体に頭部を挟まれて被災しているのを発見したもの。","4","運輸交通業","403","道路貨物運送業","40301","一般貨物自動車運送業","1~9","2","物上げ装置、運搬機械","22","動力運搬機","221","トラック","7","はさまれ、巻き込まれ"
"54","2011","平成","23","2","16~17","被災者は勤務が終了し、帰宅しようと事務所建屋2階から建屋付属の外部階段(最上段高さ2.3メートル、階段斜面延長3.4メートル、傾斜42度、11段、階段は乾燥状態)を使用し階段を降りていたところ、途中から階段内で転落し、地上コンクリート面に倒れているところを発見されたもの。被災者は、被災後病院に搬送され入院加療を行っていたが、4月13日に死亡したもの。","4","運輸交通業","402","道路旅客運送業","40201","ハイヤー・タクシー業","50~99","4","仮設物、建築物、構築物等","41","仮設物、建築物、構築物等","413","階段、桟橋","1","墜落、転落"
"55","2011","平成","23","2","14~15","被災者は災害発生当日10時頃から約30分程度、屋内塗装作業場において建築用木材のニス(水性)塗りを、はけ及びエンジン式エアーコンプレッサーに接続したスプレーを用いて行った。同日15時頃、作業場近くの水性塗料倉庫内で、被災者が心肺停止状態で倒れているのを発見し、救急搬送したが、15時59分肺水腫による死亡が確認された。","3","建設業","302","建築工事業","30202","木造家屋建築工事業","1~9","1","動力機械","11","原動機（電動機を除く）","111","原動機（電動機を除く）","12","有害物等との接触"
"56","2011","平成","23","2","11~12","工場のシャッター上部にある屋根部分(高さ約7m)の除雪作業中、工場建屋の屋根から落雪の危険があり、安全帯を外し梯子を使用して地上に降りようとしたところ、落雪に押されて地上へ墜落したもの。","3","建設業","302","建築工事業","30209","その他の建築工事業","10~29","4","仮設物、建築物、構築物等","41","仮設物、建築物、構築物等","415","屋根、はり、もや、けた、合掌","1","墜落、転落"
"57","2011","平成","23","2","18~19","橋梁の撤去工事に伴う工事用道路の造成作業に従事していた被災者は、当日の道路造成が終了後、ドラグショベルを運転操作し河川の中州の工事用道路終点側の除雪等を行っていたが、後進したところ覆帯が雪庇に乗ったためドラグショベルが転倒、水中に運転席が埋没したため関係者が発見されるまでの間に低体温症となり、病院へ搬送された後に死亡が確認されたもの。","3","建設業","301","土木工事業","30105","橋梁建設工事業","10~29","1","動力機械","14","建設機械等","142","掘削用機械","2","転倒"
"58","2011","平成","23","2","9~10","2月2日に伐倒したカラマツをブルドーザーを用いて作業道へ引き上げる作業を行っていた被災者が、重機付近で倒れているのを同僚らが見つけ、その後、巡回に来た社長が救急車を呼び人口呼吸と心臓マッサージを行ったが、出血多量により死亡した。","6","農林業","602","林業","60209","その他の林業","1~9","9","その他","91","その他の起因物","911","その他の起因物","90","その他"
"59","2011","平成","23","1","8~9","被災者は、14トントラックを運転して石膏ボードを建材業者へ運搬し、運搬先事業場の労働者による荷卸し作業が終わるのを待っていたところ、同労働者がフォークリフトにてトラック荷台上の石膏ボードを持ち上げて後退したが、同ボードを荷台からずれた不安定な状態で荷台上に戻し、そのまま後退したことから、同ボードのバランスが崩れ倒壊し、トラックの横にいた被災者が下敷きとなったもの。","4","運輸交通業","403","道路貨物運送業","40301","一般貨物自動車運送業","10~29","6","荷","61","荷","611","荷姿の物","5","崩壊、倒壊"
"60","2011","平成","23","1","3~4","被災者は事業場出勤後、町内の配達担当地区(担当部数70件)に向かうため、社用車を運転し事業場を出発した。間もなく、住宅街の枝道と国道のT字交差点において、被災者は枝道から右折して国道に入ろうとしていたところ、右方向からきたトラックと衝突し、病院に搬送されたが死亡した。交差点の両脇には除雪された雪が雪山となって積まれており、路面はブラックアイスバーン。","8","商業","802","小売業","80205","新聞販売業","1~9","2","物上げ装置、運搬機械","23","乗物","231","乗用車、バス、バイク","17","交通事故（道路）"
"61","2011","平成","23","1","6~7","被災者は、営業所から米を運搬するため、5トントラックを運転し、配送センターに向かって国道を走行中、交差点において信号待ちのトラックの後部に追突被災したもの。被災者はシートベルトを着用していた。なお、追突された側のトラックの運転手に怪我はなかった。現場は片側2車線、見通しのよい直線道路、路面は一部が凍結していた。","4","運輸交通業","403","道路貨物運送業","40301","一般貨物自動車運送業","10~29","2","物上げ装置、運搬機械","22","動力運搬機","221","トラック","17","交通事故（道路）"
"62","2011","平成","23","11","20~21","汚泥等を乾燥させるプラントのオペレーターである被災者は、濁水を貯留しておく調整池で溺死しているのを発見されたもの。当該調整池の周囲には高さ約1.5メートルの鉄製フェンスが設置されている。被災時の目撃者はいない。","15","清掃・と畜業","1501","清掃・と畜業","150102","産業廃棄物処理業","10~29","4","仮設物、建築物、構築物等","41","仮設物、建築物、構築物等","418","建築物、構築物","10","おぼれ"
"63","2011","平成","23","3","4~5","事業主及び被災者2名は、共に海老籠を仕掛けるため漁船(4.9トン)に乗船し漁港を出港した後、沖合の漁場へと航行させていたところ、漁船が転覆し行方不明となったもの。午前4時50分頃に、携帯電話により救助要請の連絡が入り、捜索が行われたものの、船体も含め発見には至らなかったもの。平成23年12月15日海上保安庁から死亡報告書の交付があったもの。","7","畜産・水産業","702","水産業","70201","漁業","不明","2","物上げ装置、運搬機械","23","乗物","239","その他の乗物","18","交通事故（その他）"
"64","2011","平成","23","12","4~5","新聞配達中、後退してきた除雪車(トラクターショベル)に轢かれた。","8","商業","802","小売業","80205","新聞販売業","50~99","1","動力機械","14","建設機械等","141","整地・運搬・積込み用機械","17","交通事故（道路）"
"65","2011","平成","23","12","5~6","運転代行業務を行った後、自動車を運転して客待ち待機場所へ戻るため国道を走行中、路面凍結によりスリップし、道路左側の防雪柵に衝突した。また、助手席に乗車していた同僚労働者も頭部に裂傷を負った。","17","その他の事業","1702","その他の事業","170209","その他の事業－その他","1~9","7","環境等","71","環境等","719","その他の環境等","17","交通事故（道路）"
"66","2011","平成","23","12","14~15","電波塔のアンテナ及びケーブル線撤去工事現場において、高さ約30mの箇所から墜落した。","3","建設業","303","その他の建設業","30301","電気通信工事業","1~9","4","仮設物、建築物、構築物等","41","仮設物、建築物、構築物等","418","建築物、構築物","1","墜落、転落"
"67","2011","平成","23","11","8~9","工事現場において、移動式クレーン(つり上げ荷重25トン)を用いて単管パイプ20本をつり上げる作業を行っていたところ、当該単管パイプが落下し労働者に激突した。","3","建設業","301","土木工事業","30105","橋梁建設工事業","30~49","3","その他の装置等","37","用具","372","玉掛用具","4","飛来、落下"
"68","2011","平成","23","10","17~18","車両運搬車(カーキャリー)から車両を降ろしている作業中、車両運搬車(カーキャリー)下段の床上で倒れているのを発見された。","4","運輸交通業","403","道路貨物運送業","40301","一般貨物自動車運送業","10~29","2","物上げ装置、運搬機械","22","動力運搬機","221","トラック","1","墜落、転落"
"69","2011","平成","23","10","9~10","民有林の伐採作業現場において、赤松(高さ約18m、胸高直径約33センチメートル)をチェンソーで伐倒したところ、伐倒木が近くの立木に当たって途中で折れ、折れた伐倒木が被災者の頭部に激突した。","6","農林業","602","林業","60201","木材伐出業","1~9","7","環境等","71","環境等","712","立木等","6","激突され"
"70","2011","平成","23","9","9~10","病院構内の駐車場において、同病院の来院者の乗用車の後方に立ち、当該乗用車を誘導し後進させていたところ、当該乗用車の運転手がブレーキとアクセルを踏み間違えたため、後進してきた当該乗用車にひかれ、頭部及び胸部等を負傷した。被災者は、同病院において診療を行った後、別の病院に搬送され、治療を行っていたが、10月3日に死亡が確認された。","13","保健・衛生業","1301","医療保健業","130101","病院","100~299","2","物上げ装置、運搬機械","23","乗物","231","乗用車、バス、バイク","6","激突され"
"71","2011","平成","23","9","3~4","自転車で朝刊を配達中だった新聞配達員が、国道を走行中、後方から走行してきた軽自動車に接触され、そのはずみで路面に頭部を強打したもの。","8","商業","802","小売業","80205","新聞販売業","10~29","2","物上げ装置、運搬機械","23","乗物","231","乗用車、バス、バイク","17","交通事故（道路）"
"72","2011","平成","23","9","8~9","事業場敷地内において、フォークリフト2台を使用して冷凍機本体(重量1トン)を工場内へ搬入しようとしたところ、冷凍機本体が倒れ、付近にいた労働者が冷凍機本体の下敷きになった。","1","製造業","101","食料品製造業","10102","水産食料品製造業","30~49","2","物上げ装置、運搬機械","22","動力運搬機","222","フォークリフト","5","崩壊、倒壊"
"73","2011","平成","23","8","17~18","被災者が営業活動を行い帰社途中、乗用車を運転して国道を走行していたところ、トラックに追突され、その衝撃で対向車線にはみ出し、対向車の大型トラックと衝突した。なお、追突したトラックの行方は不明である。","17","その他の事業","1702","その他の事業","170209","その他の事業－その他","1~9","2","物上げ装置、運搬機械","22","動力運搬機","221","トラック","17","交通事故（道路）"
"74","2011","平成","23","7","15~16","キルン改修工事現場において、トラッククレーン(つり上げ荷重200t)のカウンターウェイトの交換作業中、同クレーンが旋回したところ、車体と上部旋回体の間に腰部、両足を挟まれて負傷した。その後、市内の病院で入院加療を行っていたが、8月9日に死亡した。","3","建設業","303","その他の建設業","30309","その他の建設業－その他","10~29","2","物上げ装置、運搬機械","21","動力クレーン等","212","移動式クレーン","7","はさまれ、巻き込まれ"
"75","2011","平成","23","5","14~15","大定修工事現場において、溶鉱炉の炉床の入れ替え作業中、油圧ジャッキの調整を行っていたところ、油圧ポンプユニットから油圧ホースが外れて、当該ホースの先端が顔面に激突した。","3","建設業","303","その他の建設業","30302","機械器具設置工事業","50~99","2","物上げ装置、運搬機械","21","動力クレーン等","219","その他の動力クレーン等","6","激突され"
"76","2011","平成","23","3","13~14","漁港の沖合約3キロメートル付近でスクーバ式潜水器具を用いて潜水し、ナマコを採取する作業に従事していた被災者が、浮上予定時刻を経過しても浮上してこなかったため捜索したところ、翌日水深約30メートルの海底付近で発見されたが、死亡していたもの。","7","畜産・水産業","702","水産業","70209","その他の水産業","10~29","7","環境等","71","環境等","713","水","10","おぼれ"
"77","2011","平成","23","3","7~8","資材置場において、現場で使用するコンクリート製側溝(高さ約1m、長さ2m、重さ約1t)をドラグ・ショベルを使用してダンプトラックの荷台に積み込む作業を行う際、被災者が2段重ねした側溝の1段目の上にあがり、ワイヤロープに手を掛けているときにつり上げを行ったところ、つり上げた側溝の上部が顎に当たり、1段目の側溝の中央にある開口部から地面に墜落した。","3","建設業","301","土木工事業","30110","上下水道工事業","1~9","1","動力機械","14","建設機械等","141","整地・運搬・積込み用機械","6","激突され"
"78","2011","平成","23","2","17~18","被災者ほか2名がロータリー除雪自動車を使用して農道の除雪業務を行い、業務終了後、被災者が農道を走行するロータリー除雪自動車の右側に沿って、積雪50センチメートル程度の雪上を歩行していたところ、当該車両の下に滑落し、轢かれた。","3","建設業","301","土木工事業","30106","道路建設工事業","10~29","1","動力機械","14","建設機械等","149","その他の建設機械等","17","交通事故（道路）"
"79","2011","平成","23","12","11~12","津波で損傷した建物の改修作業を作業員2名で行っていた。高所作業車に乗って作業を行っていた同僚作業員が、物音がしたため、音のした方を見るとローリングタワーの脇に倒れている被災者を発見した。直ちに救急車を手配したが、被災直後は腕の痛みを訴えるものの意識ははっきりとしており、会話ができる状態であったが、救急搬送先の病院で容態が急変し死亡したもの。","3","建設業","303","その他の建設業","30301","電気通信工事業","10~29","4","仮設物、建築物、構築物等","41","仮設物、建築物、構築物等","411","足場","1","墜落、転落"
"80","2011","平成","23","12","12~13","木材チップ工場において、のこ屑をサイロからトラックに積み込む作業中、のこ屑の出が悪くなり、被災者はサイロ内壁に堆積しているのこ屑をフォークで掻き落とすためサイロ上部に上った。被災者が戻ってこないので同僚が見に行ったところサイロ内にはおらず、13時過ぎにトラック荷台ののこ屑の中に埋もれているところを発見された。","4","運輸交通業","403","道路貨物運送業","40301","一般貨物自動車運送業","10~29","4","仮設物、建築物、構築物等","41","仮設物、建築物、構築物等","418","建築物、構築物","1","墜落、転落"
"81","2011","平成","23","12","6~7","資材置場から会社所有のトラックで工事現場に向かう際、トラックの前輪に掛けていた輪止を外し忘れていたことに気付き、トラックから降りて輪止を外したところ、トラックが逸走し、トラックの下敷きとなった。","3","建設業","301","土木工事業","30107","河川土木工事業","1~9","2","物上げ装置、運搬機械","22","動力運搬機","221","トラック","7","はさまれ、巻き込まれ"
"82","2011","平成","23","11","9~10","製材機がエラーで一時停止したことから、被災者は復旧のため装置内に入りエラーセンサーを調整したところ、突然装置が復旧して動き出し、送材車の横で待機していた丸太が送材車へと送られ、その間で調整作業していた被災者の上半身が送材車上で丸太の下敷きになった。丸太の下敷きになった被災者は送材車でダブルバンドソーへと送り出され、被災者はダブルバンドソーの刃で頭部を切断され死亡した。","1","製造業","104","木材・木製品製造業","10401","製材業","10~29","1","動力機械","13","木材加工用機械","132","帯のこ盤","8","切れ、こすれ"
"83","2011","平成","23","11","16~17","地上約40メートルの高さでの送電線の相間スペーサ(送電線のブレ止めのため送電線同士を固定する棒状のもの。)取付作業において、相間スペーサの取り付けが終わり地上に降りるため送電線から鉄塔に移る段階になって、被災者の異変に同僚が気付き、同僚が被災者をロープで地上へ降ろしたが既に意識がなく、救急車で病院へ搬送されるも低体温症による死亡が確認された。","3","建設業","303","その他の建設業","30301","電気通信工事業","30~49","7","環境等","71","環境等","715","高温・低温環境","11","高温・低温の物との接触"
"84","2011","平成","23","11","7~8","事業者所有のワゴン車で、作業員6名が災害発生当日の作業場所である農場に向かうため、県道を走行中、道路脇から出てきたトラクターと衝突し、2名が死亡、1名が重傷、3名が軽傷をおった。","7","畜産・水産業","701","畜産業","70101","畜産業","30~49","2","物上げ装置、運搬機械","23","乗物","231","乗用車、バス、バイク","17","交通事故（道路）"
"85","2011","平成","23","11","7~8","事業者所有のワゴン車で、作業員6名が災害発生当日の作業場所である農場に向かうため、県道を走行中、道路脇から出てきたトラクターと衝突し、2名が死亡、1名が重傷、3名が軽傷をおった。","7","畜産・水産業","701","畜産業","70101","畜産業","30~49","2","物上げ装置、運搬機械","23","乗物","231","乗用車、バス、バイク","17","交通事故（道路）"
"86","2011","平成","23","10","13~14","被災者は、下水処理施設の消泡水管交換工事を行うに当り、反応池(深さ約6.8メートル、東西方向約61.5メートル、南北方向約5.6メートル)の側壁に吊り足場を組立て中、手すりが設置されていない箇所(作業床の高さ約5.4メートル)から墜落し出血性ショックにより死亡した。足場の組立て作業は被災者と職長の2名が従事していた。被災者は安全帯は身に着けていたものの使用していなかった。","3","建設業","303","その他の建設業","30302","機械器具設置工事業","1~9","4","仮設物、建築物、構築物等","41","仮設物、建築物、構築物等","411","足場","1","墜落、転落"
"87","2011","平成","23","8","11~12","津波よる被害を受けた橋梁補修工事現場において、歩道付近で歩行者の交通誘導業務を行っていたところ、走ってきた軽トラックにはねられた。なお、災害発生現場は見通しのよい右カーブで、ブレーキ痕はなかった。","17","その他の事業","1702","その他の事業","170201","警備業","30~49","2","物上げ装置、運搬機械","22","動力運搬機","221","トラック","17","交通事故（道路）"
"88","2011","平成","23","7","9~10","民有林の皆伐作業現場。木材搬出に来たトラックの運転手が楢の木(胸高直径約30センチメートル、樹高約15m50センチメートル)の下敷きになっている被災者を発見した。倒れた楢の木から約2m離れた位置に胸高直径約20センチメートルの楢の木があり、枝が2本折れていた。","6","農林業","602","林業","60201","木材伐出業","1~9","7","環境等","71","環境等","712","立木等","5","崩壊、倒壊"
"89","2011","平成","23","6","12~13","個人住宅の味噌樽保管小屋(木造平屋)の解体工事中、当該小屋内でチェーンソーを用いて貫を切断していたところ、西側の土壁が倒れてきたはずみで、持っていたチェーンソーが頭部に当たり、脳挫傷で死亡した。当該小屋は、平成23年3月11日の東北地方太平洋沖地震により、損傷を受けたため、解体しているところであった。","3","建設業","302","建築工事業","30209","その他の建築工事業","30~49","1","動力機械","13","木材加工用機械","136","チェーンソー","8","切れ、こすれ"
"90","2011","平成","23","6","14~15","東日本大震災により一部倒壊した擁壁(石垣上にコンクリートブロックを積み上げたもの)の補強工事現場において、擁壁の根元から約0.6メートル離れた床堀箇所にいた被災者が、倒れてきた石垣及び土砂の下敷きとなったもの。被災時の被災者の作業内容は不明であるが、床堀箇所において、敷き均した砕石の手直し又は確認作業を行っていたものと推定される。","3","建設業","301","土木工事業","30199","その他の土木工事業","10~29","4","仮設物、建築物、構築物等","41","仮設物、建築物、構築物等","418","建築物、構築物","5","崩壊、倒壊"
"91","2011","平成","23","5","10~11","給水タンクの新設現場で基礎部分の型枠にパワーショベルでコンクリートを打設中、掘削部分の法肩が崩れパワーショベルが傾き、型枠の外側にコンクリートが飛散するのを防止するためコンパネを持っていた労働者がバケットの下敷きとなった。","3","建設業","301","土木工事業","30199","その他の土木工事業","30~49","1","動力機械","14","建設機械等","142","掘削用機械","6","激突され"
"92","2011","平成","23","4","14~15","工場敷地内の高圧受電設備(キュービクル)付近で、感電により倒れ死亡していたもの。被災者は高圧受電設備内の変圧器、コンデンサの製造年月日等、銘板を確認する作業を行っていたものと思われる。","1","製造業","109","窯業土石製品製造業","10901","セメント・同製品製造業","1~9","3","その他の装置等","35","電気設備","352","電力設備","13","感電"
"93","2011","平成","23","3","7~8","平成23年3月14日午前8時ごろ、地下1階厨房にあった湯沸かし器を使い始めたところ、その湯沸かし器につながっているガスホースが発火、消火しようとしたところで爆発した。爆発の衝撃により地下1階の天井(1階の床)が落下し、被災者が下敷きになった模様。当該湯沸かし器については、12日にも警報が鳴ったため、点検したが異常見つけられず。13日にも使用開始直後警報が鳴ったが、使えたので使っていたとのこと。","8","商業","802","小売業","80209","その他の小売業","1~9","5","物質、材料","51","危険物、有害物等","513","可燃性のガス","14","爆発"
"94","2011","平成","23","3","10~11","町内の民家に設置されている電気設備の保守・点検業務のため民家から別の民家までワンボックスカーで移動中、中央線のない道路でトラックと正面衝突した。","3","建設業","303","その他の建設業","30309","その他の建設業－その他","1~9","2","物上げ装置、運搬機械","23","乗物","231","乗用車、バス、バイク","17","交通事故（道路）"
"95","2011","平成","23","2","11~12","建築現場に床材を搬送するために入場し、荷降ろし作業は終了していたが車載型トラッククレーンのエンジンからクレーン部に動力を伝えるシャフトに右手を巻き込まれ、顔、腹部を挟まれた状態で死亡していた。","4","運輸交通業","403","道路貨物運送業","40301","一般貨物自動車運送業","30~49","2","物上げ装置、運搬機械","21","動力クレーン等","212","移動式クレーン","7","はさまれ、巻き込まれ"
"96","2011","平成","23","2","10~11","被災者は同僚6名と新築鶏舎(平屋建)内にてブロイラー用給餌設備などの設置作業に従事。午前11時頃、一瞬にして屋根が鶏舎東側から崩壊し始め鶏舎中央付近で大きく倒壊し、被災者は救出後脳死状態で病院に搬送されたが翌日死亡した。","3","建設業","303","その他の建設業","30302","機械器具設置工事業","1~9","4","仮設物、建築物、構築物等","41","仮設物、建築物、構築物等","415","屋根、はり、もや、けた、合掌","5","崩壊、倒壊"
"97","2011","平成","23","11","18~19","自社の整備工場内で自社の2tダンプトラックのクラッチ板を交換するために荷台を上昇させ、荷台昇降用オイルポンプを外している最中、何らかの理由により荷台が降下してきたのに気がつかず、事業者が現状を発見した時点で車体フレームと荷台との間に首をはさまれて意識がない状態で発見されたもの。(一人作業のため推定)","3","建設業","301","土木工事業","30199","その他の土木工事業","1~9","2","物上げ装置、運搬機械","22","動力運搬機","221","トラック","7","はさまれ、巻き込まれ"
"98","2011","平成","23","10","12~13","高速自動車道をトラックで走行中、高速道路工事のために停車していた大型トラックに追突し、運転席が大破してはさまれ死亡したもの。","4","運輸交通業","403","道路貨物運送業","40301","一般貨物自動車運送業","50~99","2","物上げ装置、運搬機械","22","動力運搬機","221","トラック","17","交通事故（道路）"
"99","2011","平成","23","10","15~16","鶏舎(鉄骨平屋建120坪)の解体作業を被災者を含む3名の労働者で作業中、解体した柱の部分(幅17センチメートル、長3mのH鋼、重量50キログラム程度)をスリングを使用しグラップル(バケットに交換し車両系建機に転用可能)で吊り上げるため、被災者がスリングのアイの部分をグラップルに掛けたときに、グラップルのオペレーターは被災者が退避したと思ってがグラップルを閉じたため、被災者の頭部がグラップルに挟まれた。","3","建設業","302","建築工事業","30201","鉄骨・鉄筋コンクリート造家屋建築工事業","30~49","1","動力機械","14","建設機械等","149","その他の建設機械等","7","はさまれ、巻き込まれ"
"100","2011","平成","23","10","14~15","屋根瓦の葺き替え工事において、被災者が屋根上で瓦を配置していたところ、屋根の端で、足を踏み外し、4m22センチメートル下方のアスファルト床面に墜落、同日、死亡したもの。","3","建設業","302","建築工事業","30202","木造家屋建築工事業","1~9","4","仮設物、建築物、構築物等","41","仮設物、建築物、構築物等","415","屋根、はり、もや、けた、合掌","1","墜落、転落"
"101","2011","平成","23","9","23~24","台風15号の大雨に伴う市民からの水路が溢水しているとの通報を受け、現地調査に向かったまま行方不明になり、水路下流で心肺停止状態で発見された。","1","製造業","116","電気・ガス・水道業","11603","水道業","30~49","7","環境等","71","環境等","713","水","10","おぼれ"
"102","2011","平成","23","9","23~24","台風15号の大雨に伴う市民からの水路が溢水しているとの通報を受け、現地調査に向かったまま行方不明になり、水路下流で心肺停止状態で発見された。","1","製造業","116","電気・ガス・水道業","11603","水道業","30~49","7","環境等","71","環境等","713","水","10","おぼれ"
"103","2011","平成","23","8","11~12","現場敷地西側に置いてあった畳を片付けるため、畳の上にあったバケットをグラップル仕様の油圧ショベルで、約2メートルの高さで把持、反時計回りに180度旋回し敷地東側に移動させようとした。約40度旋回したところで、バケットが落下し、下方で他作業をしていた被災者背部に激突したもの。なお、当該ショベルのアームは、高さ1.89メートルの塀を跨いでおり、塀の外にいた被災者は、オペからは死角にあったもの。","3","建設業","302","建築工事業","30202","木造家屋建築工事業","10~29","1","動力機械","14","建設機械等","149","その他の建設機械等","4","飛来、落下"
"104","2011","平成","23","8","11~12","ジェットコンクリート車(コンクリート打設機械)の混合機部分の清掃作業において、エアレススプレーを用いてコンクリート型枠剥離剤を塗布していたところ、混合機内に転落した。","4","運輸交通業","403","道路貨物運送業","40301","一般貨物自動車運送業","50~99","2","物上げ装置、運搬機械","22","動力運搬機","221","トラック","7","はさまれ、巻き込まれ"
"105","2011","平成","23","7","7~8","卸売市場内で他社のトラックの荷台上の荷物を片付け後、降りる際に足を踏み外して転落し、8月4日に脳挫傷で死亡したもの。","8","商業","801","卸売業","80109","その他の卸売業","10~29","2","物上げ装置、運搬機械","22","動力運搬機","221","トラック","1","墜落、転落"
"106","2011","平成","23","7","6~7","給食弁当を配達後、事務所に戻るために国道を走行中、センターラインを越えたため、対向してきた大型バスと正面衝突し胸部を強打して死亡したもの。","1","製造業","101","食料品製造業","10109","その他の食料品製造業","100~299","2","物上げ装置、運搬機械","23","乗物","231","乗用車、バス、バイク","17","交通事故（道路）"
"107","2011","平成","23","6","9~10","配管工事の準備のため、使用していない既設ダムウェーダーの昇降路内部の状況を目視確認するため、その障害となっていた搬器を一部解体しようとして当該昇降路内部に入り込み、搬器とカウンターウエイトをつなぐワイヤーロープを固定するロットを2本とも切断したところ、カウンターウエイト(推定62.5キログラム)が落下し被災者を直撃した。","3","建設業","302","建築工事業","30203","建築設備工事業","50~99","2","物上げ装置、運搬機械","21","動力クレーン等","214","エレベータ、リフト","4","飛来、落下"
"108","2011","平成","23","6","15~16","地震により被災したお寺の屋根瓦の葺き替え作業をしていたが、雨が降ってきたため片付けをしていたところ、足場の手すりと作業床の間から約5m下へ転落した。安全帯は使用していなかった。","3","建設業","302","建築工事業","30202","木造家屋建築工事業","1~9","4","仮設物、建築物、構築物等","41","仮設物、建築物、構築物等","411","足場","1","墜落、転落"
"109","2011","平成","23","5","8~9","店舗の害虫防除を行っていた被災者が、同店舗の屋根(高さ約4m)から墜落したもの。","8","商業","804","その他の商業","80409","その他の商業－その他","10~29","4","仮設物、建築物、構築物等","41","仮設物、建築物、構築物等","418","建築物、構築物","1","墜落、転落"
"110","2011","平成","23","5","9~10","震災復旧工事の班長として作業場所の巡視中、津波によって蓋がずれていた開口部から、約6m下の地下ピットに墜落した。(推定)","3","建設業","302","建築工事業","30201","鉄骨・鉄筋コンクリート造家屋建築工事業","50~99","4","仮設物、建築物、構築物等","41","仮設物、建築物、構築物等","414","開口部","1","墜落、転落"
"111","2011","平成","23","4","8~9","ビルの外壁補修工事に使う足場を組み立て作業において、足場15層目と16層目の間(高さ約28m)に滑車を設置し、地上から建地2本(1本当り重量12.8キログラム、長さ3.6m)をロープで揚げていたところ、ロープの結び目が解け建地1本が落下し、地上の作業員の頭部に当った。","3","建設業","302","建築工事業","30201","鉄骨・鉄筋コンクリート造家屋建築工事業","1~9","3","その他の装置等","37","用具","379","その他の用具","4","飛来、落下"
"112","2011","平成","23","4","14~15","別荘庭木の剪定作業において、白樺の木(樹高16m)の芯止めを行うため、梯子を立て掛け登り、高さ6m付近の踏みさん上に立ち、安全帯を梯子の踏みさんに掛け、地上から7.4mの箇所の幹を手のこで切断していた。幹を切断し終えたことから地上に落とすために手で押したものの落下しないため、使用していた安全帯を外して梯子を下りようとしたところ、先端部が切断部からずれて落下し、被災者は先端部とともに墜落した。","6","農林業","601","農業","60101","農業","1~9","3","その他の装置等","37","用具","371","はしご等","1","墜落、転落"
"113","2011","平成","23","3","6~7","東日本太平洋沖地震の被害で事務所荒らしが発生していたことから、施設の破損、盗難防止のために施設に2名で宿泊した。携帯発電機を持ち込んで投光器を点灯したまま就寝したが、翌朝出勤した別の労働者がベットで寝ていた被災者の心肺停止を確認した。","13","保健・衛生業","1302","社会福祉施設","130201","社会福祉施設","10~29","1","動力機械","11","原動機（電動機を除く）","111","原動機（電動機を除く）","12","有害物等との接触"
"114","2011","平成","23","3","12~13","照明設備工事において、工場内の照明設備の安定器の確認を行うため高さ約7mのデッキを移動中、デッキ中央部にある開口部(直径約2m)から床に墜落し死亡したもの。","3","建設業","303","その他の建設業","30301","電気通信工事業","1~9","4","仮設物、建築物、構築物等","41","仮設物、建築物、構築物等","414","開口部","1","墜落、転落"
"115","2011","平成","23","3","13~14","危険木の伐倒作業において、高所作業車を用いて立木の中間部を切断中、切断した立木の上部が強風にあおられて高所作業車のブームに落下し、ブームが折れてバケットごと地面に墜落したもの。","6","農林業","601","農業","60101","農業","1~9","7","環境等","71","環境等","712","立木等","4","飛来、落下"
"116","2011","平成","23","1","10~11","バックホウ位置よりも低く死角となる箇所の函渠の埋戻し作業において、埋戻しの土量及び他の作業員がいないことを確認した後、バックホウで埋戻しの土砂を3m以上の高さから投入する作業を開始したところ、被災者がなんらかの作業で立入り、埋め戻しの土砂に埋まり死亡した。","3","建設業","301","土木工事業","30106","道路建設工事業","50~99","1","動力機械","14","建設機械等","142","掘削用機械","4","飛来、落下"
"117","2011","平成","23","1","10~11","3階建ての建物屋上で雨量計の点検作業中、点検のために取り外した雨量計の外筒が突風で飛ばされたため、その外筒を慌てて取ろうとしたところ、屋上の端から転落したもの。(高さ約10m)","17","その他の事業","1702","その他の事業","170209","その他の事業－その他","10~29","4","仮設物、建築物、構築物等","41","仮設物、建築物、構築物等","415","屋根、はり、もや、けた、合掌","1","墜落、転落"
"118","2011","平成","23","1","7~8","クリーニング工場汚水処理施設において、クリーニング廃液の汚水処理設備のオペレーターをしていた被災者が汚水処理槽(長さ5m、幅2m、高さ1.8m)の汚水中に落ち、溺死した。","1","製造業","117","その他の製造業","11703","クリーニング業","30~49","5","物質、材料","51","危険物、有害物等","514","有害物","12","有害物等との接触"
"119","2011","平成","23","12","12~13","パチンコ店の工事終了後、会社に戻る際に高速自動車道上で運転手のハンドル操作ミスにより横転し、後部座席に乗っていた被災者が車外に投げ出されて頭部を強打したもの。","3","建設業","303","その他の建設業","30302","機械器具設置工事業","10~29","2","物上げ装置、運搬機械","23","乗物","231","乗用車、バス、バイク","17","交通事故（道路）"
"120","2011","平成","23","3","15~16","津波により行方不明。","8","商業","802","小売業","80204","燃料小売業","1~9","7","環境等","71","環境等","713","水","10","おぼれ"
"121","2011","平成","23","12","10~11","倉庫内において高さ5m(32段積み)に積んでいた米のはい崩し作業を作業者3名により行っていた。はいを3段のひな段状に組んだあと、高さ3mの位置(上段)に1人、高さ1.68m~2.05mの位置(中段)に1人及び床に1人配置(下段)して出荷していたところ、中段で作業していた作業者がはいの上でバランスを崩しコンクリート床に墜落し頭部を強打、脳挫傷により死亡した。なお、被災者は保護帽が未着用であった。","4","運輸交通業","403","道路貨物運送業","40301","一般貨物自動車運送業","10~29","6","荷","61","荷","611","荷姿の物","1","墜落、転落"
"122","2011","平成","23","12","8~9","廃車となった2tトラックのアルミ製の荷箱(長さ:約4m、縦横:約2m)を地面に下ろすため、事業者がフォークリフトを操作して荷箱後方を少し持ち上げ、また、被災者は車体と荷箱の間に台木を挿入するため、荷箱脇で待機していた。その際、荷箱が地面に横転し、被災者がその下敷きとなって死亡したもの。なお、トラックの車体と荷箱部分は、災害発生前に溶断等により切り離された状態となっていた。","8","商業","801","卸売業","80109","その他の卸売業","1~9","2","物上げ装置、運搬機械","22","動力運搬機","222","フォークリフト","6","激突され"
"123","2011","平成","23","12","13~14","被災者が顧客から預かった乗用車を自動洗車機で洗車する作業において、1操作盤で洗車コースを設定し、車を洗車機内の所定位置に停車させた後、2一旦運転席から降り何らかの作業を行い、3稼働した洗車機が前部から運転席扉より後部に移動したことを確認後、運転席に乗車しようとしたところ、4後部側から前部側に移動(折返)してきた洗車機の外殻と運転席扉との間に挟まれた災害発生から約1時間後に発見されたもの。","8","商業","802","小売業","80204","燃料小売業","1~9","1","動力機械","16","一般動力機械","169","その他の一般動力機械","7","はさまれ、巻き込まれ"
"124","2011","平成","23","11","8~9","被災者等6名は作業車1台、高所作業車3台、資材運搬車1台、巻取車1台に分乗し現場に向かう途中、被災者の乗車する高所作業車が県道を走行中、対向車の軽乗用車がガソリンスタンドに入ろうと右折したところに正面衝突した。そのはずみで、被災者の運転する高所作業車はガソリンスタンド構内に進入・横転した後、スタンド内防火壁に激突した。被災者は救出後病院で死亡が確認された。軽乗用車運転者は両手負傷。","3","建設業","303","その他の建設業","30301","電気通信工事業","10~29","2","物上げ装置、運搬機械","23","乗物","231","乗用車、バス、バイク","17","交通事故（道路）"
"125","2011","平成","23","11","19~20","事業場構内の廃棄物処理施設二号炉の二次燃焼炉下部のピット内において、灰出しコンベヤー下部に入って倒れていた合板(コンパネ、灰を一箇所に集めるためのガイド)の復元作業を二人で行い、その後一人で屈んだ姿勢で位置の微調整を行っていたところ、コンベヤーに付いている仕切り板(レーキ)とコンベヤー架台のアングル間に頭部をはさまれ、死亡した。","15","清掃・と畜業","1501","清掃・と畜業","150102","産業廃棄物処理業","50~99","2","物上げ装置、運搬機械","22","動力運搬機","224","コンベア","7","はさまれ、巻き込まれ"
"126","2011","平成","23","10","9~10","ゼオライトの採掘・加工業を営む事業場の工場内において、採掘したゼオライトを積載したダンプトラックが、荷卸しのため後退していた。その際、当該トラックが仕切用鋼板に接近し過ぎたため、運転手は一旦トラックを前進させ、再度、後退させたところ、被災者が頭から血を流し倒れているのを当該運転手が発見したもの。その後、被災者は病院に救急搬送されたものの、脳挫傷のため約5時間40分後に死亡したもの。","1","製造業","109","窯業土石製品製造業","10909","その他の土石製品製造業","1~9","2","物上げ装置、運搬機械","22","動力運搬機","221","トラック","7","はさまれ、巻き込まれ"
"127","2011","平成","23","8","10~11","災害発生日、被災者を含めた2名の作業員で一般住宅の屋根にアンテナの取り付け作業を行っていた。同僚の作業員が古いアンテナを取り外して、被災者がそのアンテナを屋根の上から地面に投げようとしたところ、アンテナのベースの一部が被災者の胸ポケットに引っ掛かっており、アンテナを投げたときに胸ポケットが破れ、その勢いで体勢を崩して4.18メートル下の地面に墜落した。その後、療養していたが8月26日に死亡した。","8","商業","802","小売業","80209","その他の小売業","1~9","4","仮設物、建築物、構築物等","41","仮設物、建築物、構築物等","415","屋根、はり、もや、けた、合掌","1","墜落、転落"
"128","2011","平成","23","5","15~16","国道において、道路区画線工事のため、同僚と2名で道路中央部付近で巻尺を使って計測作業を行っていたところ、能代市方向から大館市方向に走行してきた軽自動車にはねられ、病院に搬送されたが、死亡した。","3","建設業","301","土木工事業","30199","その他の土木工事業","30~49","2","物上げ装置、運搬機械","23","乗物","231","乗用車、バス、バイク","17","交通事故（道路）"
"129","2011","平成","23","3","15~16","被災者の運転する4tトラックが、トンネル内にて軽トラックに追突し、事故処理の為、軽トラックの後方で軽トラック運転者と話をしていたところ、当該事故現場で横手市方向から走行してきた2.5tトラックと、北上市方向から走行してきたワゴン車が正面衝突し、その反動で、ワゴン車が軽トラックの後方にいた被災者らに激突した。","4","運輸交通業","403","道路貨物運送業","40301","一般貨物自動車運送業","10~29","2","物上げ装置、運搬機械","23","乗物","231","乗用車、バス、バイク","17","交通事故（道路）"
"130","2011","平成","23","1","16~17","老朽化した橋梁の高欄部分を撤去し新設するため、つり足場の組立作業を行っていた。被災者は下から4段目となる手すりを設置するためのクランプ取り付け作業を終了したあと、足場板から15.7m下の河川に墜落し溺死した。墜落状況を確認している者がいないため、どこから墜落したか不明。また、救助のため河川に入った3名が低体温症の症状により治療を受け、1名が2日入院、2名が不休災害となった。","3","建設業","301","土木工事業","30105","橋梁建設工事業","1~9","4","仮設物、建築物、構築物等","41","仮設物、建築物、構築物等","411","足場","10","おぼれ"
"131","2011","平成","23","1","4~5","被災者は車を止め、道路を挟んだ向かい側の家に新聞を配達する為、道路を渡ったところ、右側から走行してきた軽自動車にはねられた。","8","商業","802","小売業","80205","新聞販売業","50~99","2","物上げ装置、運搬機械","23","乗物","231","乗用車、バス、バイク","17","交通事故（道路）"
"132","2011","平成","23","11","8~9","木造家屋建築で軸組作業中、梁の上を移動していて足を滑らせ約4mの高さから墜落し、床組材(大引き)に腹部を強打して入院加療中であったが、容体が急変し45日後に死亡したもの。現場には親綱が設置され、被災者は安全帯を携帯していたものの、これを親綱に取り付けていなかったもの。","3","建設業","302","建築工事業","30202","木造家屋建築工事業","1~9","4","仮設物、建築物、構築物等","41","仮設物、建築物、構築物等","415","屋根、はり、もや、けた、合掌","1","墜落、転落"
"133","2011","平成","23","11","10~11","工場内への雨漏りに対処するため、はしごを使って被災者と同僚労働者の2名で工場の屋根に昇り状態を確認した後、降りるためにはしごに乗り移る際8.2m下のコンクリート路面に墜落したもの。","1","製造業","101","食料品製造業","10104","パン、菓子製造業","50~99","3","その他の装置等","37","用具","371","はしご等","1","墜落、転落"
"134","2011","平成","23","9","11~12","ワゴン車を運転して自社の置賜店及び客先に商品を届け、帰社するため国道を走行中、トンネル内においてトンネル側壁に接触した弾みで対向車線にはみ出してしまい、対向してきたワゴン車と衝突して頭部陥没骨折により死亡したもの。なお、対向車の運転手も業務中であり、左足骨折を負ったもの。","8","商業","802","小売業","80204","燃料小売業","10~29","2","物上げ装置、運搬機械","23","乗物","231","乗用車、バス、バイク","17","交通事故（道路）"
"135","2011","平成","23","5","4~5","原付バイクで朝刊の配達中、バランスを崩して転倒し、頭部及び胸部を強打して3日後に死亡した。","8","商業","802","小売業","80205","新聞販売業","30~49","2","物上げ装置、運搬機械","23","乗物","231","乗用車、バス、バイク","17","交通事故（道路）"
"136","2011","平成","23","4","15~16","倉庫内において、フォークとともに運転席が昇降するタイプのフォークリフトの運転席に乗って、ラックに置かれた商品を取り出す作業中、4.2mの高さから墜落した。安全帯は着用していたが使用していなかった。ヘルメットは着用していた。","8","商業","801","卸売業","80109","その他の卸売業","50~99","2","物上げ装置、運搬機械","22","動力運搬機","222","フォークリフト","1","墜落、転落"
"137","2011","平成","23","3","11~12","被災者は一人でデスク3台の組み立て作業を行うため、作業に必要な工具を積載した事業場所有の軽自動車を運転中、トンネル内において路面凍結によりスリップし対向車線にはみ出し、対向してきた大型トラックと衝突し、さらに後続の乗用車とも衝突して意識不明の重体となり、6日後に死亡したもの。","17","その他の事業","1702","その他の事業","170209","その他の事業－その他","10~29","2","物上げ装置、運搬機械","23","乗物","231","乗用車、バス、バイク","17","交通事故（道路）"
"138","2011","平成","23","2","13~14","高圧耐張碍子取替作業において、直接活線工法で作業を行ったが、着用していた電気用ゴム手袋の絶縁効力が低下していたため、絶縁破壊を起こし、感電したもの。","3","建設業","303","その他の建設業","30301","電気通信工事業","1~9","3","その他の装置等","35","電気設備","351","送配電線等","13","感電"
"139","2011","平成","23","4","15~16","カーポート新築工事の着工時期が近づいた3月に東日本大震災が発生したため材料の入荷がストップし、会社としてこの工事の施工を断る連絡をした。しかし、この工事を担当していた被災者は施工要請を断り切れず、事業主にも話せないまま水面下で施工の話を継続していて、施工日当日の朝に失踪し、後日、自殺(縊死)しているのが発見された。","1","製造業","112","金属製品製造業","11209","その他の金属製品製造業","不明","9","その他","92","起因物なし","921","起因物なし","90","その他"
"140","2011","平成","23","12","10~11","座礁した堆砂処理船をガス溶断して分解撤去するため、L字状に残った船の側壁をガス溶断していたところ、溶断途中で破断して、側壁が被災者の方向に倒壊して下敷きになった。","3","建設業","303","その他の建設業","30309","その他の建設業－その他","10~29","5","物質、材料","52","材料","521","金属材料","5","崩壊、倒壊"
"141","2011","平成","23","12","10~11","丸太を加工する作業に従事していた被災者は、休憩時間となり、帯のこ盤(送材車付)のスイッチを切ったが、その余力を使用して丸太を加工しようとしたところ、何らかの理由により、防寒着(やっけ)が動かしていた送材車に引っ掛かり、送材車に体が引っ張られて、帯のこ盤に向かい、そのまま右下下腹部が帯のこに接触したもの。","1","製造業","104","木材・木製品製造業","10409","その他の木材・木製品製造業","30~49","1","動力機械","13","木材加工用機械","132","帯のこ盤","8","切れ、こすれ"
"142","2011","平成","23","12","2~3","市内で中型トラックへの荷積み後、出発した(6日1:00)。その途中、交差点で前から6番目に停車していた大型トラックに追突したもの。追突された大型トラックを運転していた労働者に怪我はなかった。","4","運輸交通業","403","道路貨物運送業","40301","一般貨物自動車運送業","30~49","2","物上げ装置、運搬機械","22","動力運搬機","221","トラック","17","交通事故（道路）"
"143","2011","平成","23","11","12~13","被災者は午前中に同僚と製品を配達し終え、事業場に戻ってきた後、午後の配達分の準備を行っていた。その後、中2階へ上るための梯子の下に、意識不明で倒れている所を同僚に発見された。意識が回復しないまま、12月3日に死亡した。","1","製造業","101","食料品製造業","10105","酒類製造業","1~9","9","その他","99","分類不能","999","分類不能","99","分類不能"
"144","2011","平成","23","11","10~11","橋の塗装工事で使用したつり足場の解体作業中、バランスを崩してつり足場から川に墜落した。(現認者なし)","3","建設業","302","建築工事業","30209","その他の建築工事業","1~9","4","仮設物、建築物、構築物等","41","仮設物、建築物、構築物等","411","足場","1","墜落、転落"
"145","2011","平成","23","11","15~16","石蔵解体後の鉄骨やガレキの運搬及び整地を行っていた現場で、解体後に発生した基礎のガレキを車両系建設機械(ブレーカー)で破断等を行っていたところ、周辺で鉄骨等の片付けをしていた被災者が、ブレーカーの後ろに行ったときに、後進してきたブレーカーにひかれた。","3","建設業","301","土木工事業","30199","その他の土木工事業","10~29","1","動力機械","14","建設機械等","145","解体用機械","7","はさまれ、巻き込まれ"
"146","2011","平成","23","11","8~9","被災者と同僚労働者は、工具運搬用木箱を処分するため、被災者が前日に割って寸法を整えた木箱の木片を焼却することとした。同僚労働者が種火をペール缶に入れ、被災者と種火に木片をくべはじめたが、種火が弱く木片が燃えなかったため、同僚作業者は近くあった灯油と有機溶剤の混合廃液が入った一斗缶を持って種火にかけたところ、瞬間2mの火柱が上がり、その炎が被災者の下腿部に燃え移った。","1","製造業","113","一般機械器具製造業","11301","機械（精密機械を除く）器具製造業","1~9","5","物質、材料","51","危険物、有害物等","512","引火性の物","16","火災"
"147","2011","平成","23","11","19~20","発電所の放水戸付近の土砂を潜水作業で除去しようとしたところ、何らかの原因で潜水士のマスクが外れて溺死した。(現認者なし)","3","建設業","303","その他の建設業","30309","その他の建設業－その他","30~49","3","その他の装置等","39","その他の装置、設備","391","その他の装置、設備","10","おぼれ"
"148","2011","平成","23","11","13~14","被災者は、工事現場で発生した廃材をダンプトラックで中間処理業者まで運搬し、同処理業者の廃材置き場で廃材を降ろす作業に従事していた。午後1時30分頃、被災者と同じ業務に従事していた労働者Aが、同処理業者の廃材仮置き場付近で、被災者が被災者の運転していたダンプトラックの運転席側前輪タイヤの後方の地面に倒れているのを発見した。","4","運輸交通業","403","道路貨物運送業","40301","一般貨物自動車運送業","1~9","2","物上げ装置、運搬機械","22","動力運搬機","221","トラック","7","はさまれ、巻き込まれ"
"149","2011","平成","23","9","13~14","復旧治山(谷止工)工事において、設置した型枠の上で工事写真を撮影しようとしたところ、バランスを崩して墜落し、さん木に腹部を激突した。(一人作業のため現認者なし)","3","建設業","301","土木工事業","30108","砂防工事業","50~99","4","仮設物、建築物、構築物等","41","仮設物、建築物、構築物等","412","支保工","1","墜落、転落"
"150","2011","平成","23","8","8~9","電気炉のレンガ組立作業中、被災者他一名で電極ブロック(約63キログラム)を運搬中、バランスを崩し、電気炉内(足場としてベニヤ板が敷き詰められており、ベニヤ板までの深さが約1.3m)に電極ブロックごと墜落し、電極ブロックが被災者の顔面に激突した。","3","建設業","303","その他の建設業","30302","機械器具設置工事業","10~29","5","物質、材料","52","材料","529","その他の材料","4","飛来、落下"
"151","2011","平成","23","8","16~17","被災者は、当日の配達等が終わって時間が余ったため、社長に申し出て会社所有の倉庫敷地内の草刈りを行っていたが、その後、何らかの理由で作業場所から約4m下の県道に墜落したもの。(現認者がいないため、被災者が倒れていた場所からの推測。草刈り機は墜落したと想定される場所から離れた所に置かれており、被災者の倒れていたそばには殺虫剤の缶が落ちていた。)","8","商業","802","小売業","80204","燃料小売業","1~9","4","仮設物、建築物、構築物等","41","仮設物、建築物、構築物等","417","通路","1","墜落、転落"
"152","2011","平成","23","8","13~14","被災者は、歩道側の縁石に「墨出し」をした後、墨の付き具合を見るため屈んでいたところ、路盤を掘削していたバケット容量0.1立方メートルのドラグショベルが後退してきて、轢かれて、7時間30分後に病院で死亡した。","3","建設業","301","土木工事業","30106","道路建設工事業","1~9","1","動力機械","14","建設機械等","142","掘削用機械","7","はさまれ、巻き込まれ"
"153","2011","平成","23","8","21~22","溶解炉から溶融状態の硝子を流す樋である「リファイナー」と呼ばれる設備において、リファイナー上部の足場から、リファイナーの点検孔(径130ミリメートル)に鋼製の棒を差し入れて溶融硝子の検量作業を一人で行っていた被災者が、リファイナー上に倒れ込んで死亡しているのが発見された。このリファイナー等には、溶融硝子の固化を防止するために、合計10箇所に電極が設置されており、溶融硝子には常時、通電加熱が行われていた。","1","製造業","109","窯業土石製品製造業","10902","ガラス・同製品製造業","300~499","3","その他の装置等","35","電気設備","359","その他の電気設備","13","感電"
"154","2011","平成","23","7","7~8","被災者は、市の仮設工事現場に向かうため、ワゴン車を運転していたが、対向車線を走行していた乗用車が、前を走っていた大型トラックを追い越すために走行車線にはみ出してきたため、これを避けようとハンドルを右に切ったところ、大型トラックと正面衝突した。ワゴン車に同乗していた事業主は即死。被災者も8/13に死亡した。","3","建設業","302","建築工事業","30202","木造家屋建築工事業","1~9","2","物上げ装置、運搬機械","23","乗物","231","乗用車、バス、バイク","17","交通事故（道路）"
"155","2011","平成","23","6","15~16","現場管理業務従事労働者が、社用車で県内の工事現場から県外の工事現場に移動するため国道を走行中、反対車線にはみ出し、反対車線を走行していたトラックと正面衝突した。","3","建設業","302","建築工事業","30203","建築設備工事業","1~9","2","物上げ装置、運搬機械","23","乗物","231","乗用車、バス、バイク","17","交通事故（道路）"
"156","2011","平成","23","6","10~11","国道上で、光ケーブルの埋設工事のための交通整理をしていたところ、走行してきたトラックにはねられたもの。","17","その他の事業","1702","その他の事業","170201","警備業","30~49","2","物上げ装置、運搬機械","22","動力運搬機","221","トラック","17","交通事故（道路）"
"157","2011","平成","23","6","10~11","墓地公園の墓石の設置工事において、ドラグ・ショベルで掘削した土をバケットに入れ、ハンドガイド式の運搬車で墓地公園に停めたトラッククレーンまで運んでいたところ、坂道を後退で進んでいた時に、運搬車とトラッククレーンの間に体を挟まれたもの。","1","製造業","109","窯業土石製品製造業","10909","その他の土石製品製造業","1~9","2","物上げ装置、運搬機械","22","動力運搬機","229","その他の動力運搬機","7","はさまれ、巻き込まれ"
"158","2011","平成","23","5","13~14","2階屋根上で、震災で破損した隅棟部にシートを掛ける作業中、強風にあおられでシートと共に約6.6m下のコンクリート床に転落した。","3","建設業","302","建築工事業","30203","建築設備工事業","1~9","4","仮設物、建築物、構築物等","41","仮設物、建築物、構築物等","415","屋根、はり、もや、けた、合掌","1","墜落、転落"
"159","2011","平成","23","4","16~17","鋳造品用ゴムエプロンブラスト機(ショットブラスト機)の稼働中に、機械側面部に取り付けられた安全カバーの下部隙間から機械内部に潜り込み、本体内の製品の残り状態若しくは仕上後の製品を入れるワーク搬出バックの状態を確認しようとした際、動き出したバケットローダーアームと当該アームのストッパーの間に腹部を挟まれ、一週間後に死亡したもの。(一人作業のため、発生状況は推定)","1","製造業","115","輸送用機械等製造業","11502","自動車・同付属品製造業","300~499","1","動力機械","15","金属加工用機械","159","その他の金属加工用機械","7","はさまれ、巻き込まれ"
"160","2011","平成","23","4","1~2","道路上で、登坂車線にエンジントラブルでハザードランプをつけ、三角板を設置して駐車していたトレーラーに被災労働者が運転していたトラックが追突し、全身を強く打ち死亡したもの。","4","運輸交通業","403","道路貨物運送業","40301","一般貨物自動車運送業","10~29","2","物上げ装置、運搬機械","22","動力運搬機","221","トラック","17","交通事故（道路）"
"161","2011","平成","23","4","4~5","被災者が、新聞配達のため原動機付自転車を運転し、主要地方道を進んでいたところ、センターラインをはみ出し、個人宅のブロック塀に衝突した。その後、病院に運ばれたが、頭などを強く打ち約2時間半後に死亡した。なお、事故当時は雨が降っていた。","8","商業","802","小売業","80205","新聞販売業","30~49","2","物上げ装置、運搬機械","23","乗物","231","乗用車、バス、バイク","17","交通事故（道路）"
"162","2011","平成","23","4","17~18","市内での出張作業を終えて、市外の会社事務所に戻るため、県道を車で走行中、午後5時16分に起きた「東北地方太平洋沖地震」の余震(最大震度6弱)によって発生した土砂崩壊に巻き込まれたもの。","3","建設業","303","その他の建設業","30309","その他の建設業－その他","1~9","7","環境等","71","環境等","711","地山、岩石","5","崩壊、倒壊"
"163","2011","平成","23","3","7~8","ブルドーザーを運転して、仮設道路(幅5.2m)を後進し、高さ1m、奥行約4mの盛土を乗り越えようとしたところ、運転していた被災者が後ろ側に投げ出され、そのまま進んできたブルドーザーの下敷きになった。","3","建設業","301","土木工事業","30199","その他の土木工事業","1~9","1","動力機械","14","建設機械等","141","整地・運搬・積込み用機械","7","はさまれ、巻き込まれ"
"164","2011","平成","23","3","10~11","工場東側機材置き場にて、1人で橋形クレーン操作中に、つり上げていた機材が下にあった機材に引っかかったため、移動させようとクレーンを動かした。その際、操作を誤り、つり上げていた機材が下にあった機材へぶつかり、それが本人左脚へ落下し骨折に至る。平成23年4月9日、肺塞栓症により死亡。","8","商業","804","その他の商業","80409","その他の商業－その他","1~9","6","荷","61","荷","612","機械装置","4","飛来、落下"
"165","2011","平成","23","3","11~12","震災で破損した瓦屋根の修復作業中、屋根の軒先から約4メートル下に墜落したもの。頚椎損傷・意識不明の状態で病院に搬送され、治療を受けていたが、3日後に死亡したもの。","3","建設業","302","建築工事業","30202","木造家屋建築工事業","300~499","4","仮設物、建築物、構築物等","41","仮設物、建築物、構築物等","415","屋根、はり、もや、けた、合掌","1","墜落、転落"
"166","2011","平成","23","2","15~16","クレーン付貨物自動車で建設現場のゴミかごを回収し、自社の土場でゴミの分別後、同貨物自動車を所定の停車位置に止めようとしたが、停車位置を超え約40センチの段差を下りた衝撃で、被災者はハンドルに腹部を強打した。","15","清掃・と畜業","1501","清掃・と畜業","150102","産業廃棄物処理業","1~9","2","物上げ装置、運搬機械","21","動力クレーン等","212","移動式クレーン","3","激突"
"167","2011","平成","23","2","15~16","本件は、発電所の屋外に設置されたテルハクレーンに付属するクラブハウスの屋根の雨漏りを修繕する工事における災害である。被災者が、そのクラブハウスの屋根上で、単管パイプとクランプによって工事のための仮設の雪除けを作っている途中、屋根から約16m下の川に墜落した。","3","建設業","302","建築工事業","30202","木造家屋建築工事業","300~499","4","仮設物、建築物、構築物等","41","仮設物、建築物、構築物等","415","屋根、はり、もや、けた、合掌","1","墜落、転落"
"168","2011","平成","23","1","12~13","公衆トイレ新築工事において、ピット内部のコンクリート養生のために、練炭を使用していたところ、ピット内に立ち入った労働者が一酸化炭素中毒のために死亡したもの。(一人作業のため現認者なし)","3","建設業","302","建築工事業","30209","その他の建築工事業","10~29","7","環境等","71","環境等","714","異常環境等","12","有害物等との接触"
"169","2011","平成","23","5","9~10","原発事故収束作業において特殊のこぎりを運搬中、心筋梗塞で倒れた。","3","建設業","303","その他の建設業","30309","その他の建設業－その他","1~9","9","その他","92","起因物なし","921","起因物なし","90","その他"
"170","2011","平成","23","12","10~11","工場内の電話機設置及び電話線布設工事を行っていた。被災者は、同僚と2階天井裏で電話線の引き込み作業を行っていたところ、電話線を固定する材料が不足したので、取りに行こうとして、被災者の後ろの開口部(点検口 70センチメートル四方)から3m下のコンクリート床に墜落した。病院へ搬送されたが、12月25日に死亡した。","3","建設業","303","その他の建設業","30301","電気通信工事業","1~9","4","仮設物、建築物、構築物等","41","仮設物、建築物、構築物等","414","開口部","1","墜落、転落"
"171","2011","平成","23","12","15~16","木造住宅新築工事現場において、被災者は1階の梁の上(高さ4.3メートル)で、すみ木の取り付け作業を行っていた。15時50分頃に材木が落ちる音がしたので同僚が見に行ったところ、被災者が右側頭部から血を流しながら、1階の床に倒れていた。","3","建設業","302","建築工事業","30202","木造家屋建築工事業","1~9","4","仮設物、建築物、構築物等","41","仮設物、建築物、構築物等","415","屋根、はり、もや、けた、合掌","1","墜落、転落"
"172","2011","平成","23","12","15~16","建築中のメタン発酵槽コンクリート躯体に設け、コンクリート打設したメンテナンス作業架台(庇状のコンクリート構造物のもの)の脱型のため、パイプサポートを外し1名が構造物の上で、1名が下で型枠材を取り外していたところ、アンカーボルトが躯体から抜け構造物が落下、その下敷きになった。","3","建設業","302","建築工事業","30201","鉄骨・鉄筋コンクリート造家屋建築工事業","1~9","4","仮設物、建築物、構築物等","41","仮設物、建築物、構築物等","418","建築物、構築物","5","崩壊、倒壊"
"173","2011","平成","23","11","15~16","被災者は1人でトラクタ・ショベルにて、3次側プラントのコンベアの下にたまった落鉱を1次堆積場の山の上に降ろし、バックで山の上からスロープを下る際に、左後方の法面に左後輪が乗り上げ、車体がバランスを崩し、右側に転倒した。トラクタ・ショベルはスロープ下の地面に転落し、運転していた被災者は運転席から落ち、転倒したトラクタ・ショベルの左側面と地面との間に挟まれ、8日後に死亡した。","2","鉱業","202","土石採取業","20201","採石業","10~29","1","動力機械","14","建設機械等","141","整地・運搬・積込み用機械","1","墜落、転落"
"174","2011","平成","23","11","0~1","物流センターから市内の事業場へ戻る途中、高速自動車道でガス欠になり、ロードサービスを呼び給油を依頼。運転していた4tトラックを路肩に止めてトラックの助手席脇で給油作業を見ていたところ、走行してきた大型トラックに追突され、4tトラックとガードレールの間に挟まれ死亡した。","4","運輸交通業","403","道路貨物運送業","40301","一般貨物自動車運送業","30~49","2","物上げ装置、運搬機械","22","動力運搬機","221","トラック","17","交通事故（道路）"
"175","2011","平成","23","11","13~14","訪問介護利用者宅に向かうため、被災者が自動車を運転して市道(幅員約3m)を走行していたが、左折するのを誤って直進したため、Uターンしようと後退したところ、運転操作のミスにより、川と市道の間にある堤防(高さ約60センチメートル)を乗り越えてしまい、川に自動車ごと転落した。その後、収容先の病院にて死亡した。","13","保健・衛生業","1303","その他の保健衛生業","130309","その他の保健衛生業－その他","50~99","2","物上げ装置、運搬機械","23","乗物","231","乗用車、バス、バイク","17","交通事故（道路）"
"176","2011","平成","23","11","10~11","被災者は下水処理ポンプ場建屋内で配電盤の撤去作業を行っていた。床には開口部(950ミリ×1510ミリ)があり、作業中はパレットを敷いて開口部を塞いでいたが、撤去作業が終了し、パレットを搬出しようと同僚と共に手で持ち上げ、横に移動しようとしたときに開口部から墜落した。3.74メートル下の地下ピット内に墜落し、真下の地下ピット内にも開口部があり、被災者はその下の汚水貯蔵槽に墜落した。","3","建設業","303","その他の建設業","30302","機械器具設置工事業","10~29","4","仮設物、建築物、構築物等","41","仮設物、建築物、構築物等","414","開口部","1","墜落、転落"
"177","2011","平成","23","11","17~18","震災で破損した原炭槽を増設する工事において、原炭槽(高さ18m)の最上部に生じていた開口部(長さ2.5m×奥行65センチメートル)を足場板で養生する作業中、開口部上に並べた足場板を番線で結束していたところ、被災者が足を掛けていた足場板がずれて外れ、足場板と共に約17m下の槽の底に転落した。被災者は安全帯(一方は2丁掛け用の補助ロープ)を使っていたが、取付元をカラビナに接続しており、墜落時の衝撃で外れた。","3","建設業","302","建築工事業","30203","建築設備工事業","1~9","4","仮設物、建築物、構築物等","41","仮設物、建築物、構築物等","418","建築物、構築物","1","墜落、転落"
"178","2011","平成","23","11","8~9","酒の仕込蔵の屋根修繕工事(震災復旧工事)において、屋根瓦及び屋根瓦下の土葺(20センチメートルから30センチメートルの土の層)の撤去作業を行っていたところ、土葺下の杉皮及び野地板を踏み抜き、約6.7メートル下の地面に落下し、出血性ショックにより死亡したもの。","3","建設業","302","建築工事業","30209","その他の建築工事業","1~9","4","仮設物、建築物、構築物等","41","仮設物、建築物、構築物等","415","屋根、はり、もや、けた、合掌","9","踏み抜き"
"179","2011","平成","23","11","4~5","路側帯から本線に進入してきたトラックと衝突し、助手席に乗車していた労働者が外に投げ出されて死亡したもの。","4","運輸交通業","403","道路貨物運送業","40301","一般貨物自動車運送業","1~9","2","物上げ装置、運搬機械","22","動力運搬機","221","トラック","17","交通事故（道路）"
"180","2011","平成","23","11","11~12","廃棄物処理施設において、不燃ゴミの運搬を行っていたショベルローダーが後退したところ、付近を歩行していた被災者がひかれ、その後、収容先の病院にて死亡した。","15","清掃・と畜業","1501","清掃・と畜業","150102","産業廃棄物処理業","10~29","2","物上げ装置、運搬機械","22","動力運搬機","225","ローダー","7","はさまれ、巻き込まれ"
"181","2011","平成","23","10","9~10","県内の事業場から県外にある個人住宅の浄化槽の設置工事現場へ向かうため、軽トラックを運転して片側1車線の県道上(緩やかなカーブ状)を走行中、何らかの原因により対向車線にはみ出し、対向してきた大型トラックと正面衝突した。被災者は全身を強く打っており、病院に搬送されたものの、同日、死亡した。","3","建設業","301","土木工事業","30110","上下水道工事業","1~9","2","物上げ装置、運搬機械","22","動力運搬機","221","トラック","17","交通事故（道路）"
"182","2011","平成","23","9","17~18","港の埠頭に係留中のバックホウ台船内の職員食堂にて夕食を済ませ、就寝場所である曳船に戻る際、何らかの状況により渡りそこね、海中に転落、溺死した。","3","建設業","301","土木工事業","30111","港湾海岸工事業","30~49","2","物上げ装置、運搬機械","23","乗物","239","その他の乗物","10","おぼれ"
"183","2011","平成","23","9","8~9","道路舗装補修工事において、一次下請の作業員がドラグショベルでマンホール周辺のアスファルトをはぎ取るため後進したところ、後方にいた交通誘導員をひいてしまった。","17","その他の事業","1702","その他の事業","170201","警備業","10~29","1","動力機械","14","建設機械等","142","掘削用機械","7","はさまれ、巻き込まれ"
"184","2011","平成","23","8","4~5","顧客の自動車とともに顧客を送り事務所に戻るため、一人が代行車(軽自動車)を運転、別の一人が同乗し国道を走行中、対向車線から中央分離帯を乗り越え代行車の前方に飛び出してきた乗用車に激突され、労働者2名とも死亡した。加害乗用車は代行車の後続のトラックにも激突し横転、加害運転手は軽傷を負った。トラック運転手は無傷。","17","その他の事業","1702","その他の事業","170209","その他の事業－その他","10~29","2","物上げ装置、運搬機械","23","乗物","231","乗用車、バス、バイク","17","交通事故（道路）"
"185","2011","平成","23","8","4~5","顧客の自動車とともに顧客を送り事務所に戻るため、一人が代行車(軽自動車)を運転、別の一人が同乗し国道を走行中、対向車線から中央分離帯を乗り越え代行車の前方に飛び出してきた乗用車に激突され、労働者2名とも死亡した。加害乗用車は代行車の後続のトラックにも激突し横転、加害運転手は軽傷を負った。トラック運転手は無傷。","17","その他の事業","1702","その他の事業","170209","その他の事業－その他","10~29","2","物上げ装置、運搬機械","23","乗物","231","乗用車、バス、バイク","17","交通事故（道路）"
"186","2011","平成","23","6","8~9","原共同墓地にて、震災により倒れた墓石を建て起こす作業のため、小型移動式クレーンに積んだミニクローラクレーンを当該小型移動式クレーンを用いて地上に降ろそうと吊り上げたところ、アウトリガーが地中に埋まり、小型移動式クレーンが傾き、ミニクローラクレーンと側方に停車していた乗用車の間に挟まれ、胸部を圧迫されて死亡したもの。","1","製造業","109","窯業土石製品製造業","10909","その他の土石製品製造業","1~9","2","物上げ装置、運搬機械","21","動力クレーン等","212","移動式クレーン","6","激突され"
"187","2011","平成","23","5","14~15","物流倉庫内で、仕分けした製品の運搬のため、製品ラックの間(通路)をフォークリフト(リーチフォーク)で運行中、方向転換をするため製品ラック方向にバックしていたところ、製品ラックに置かれた積荷パレット(重量約360キログラム)に激突、フォークリフトとパレットの間に挟まれ、胸部圧迫により死亡した。","5","貨物取扱業","501","陸上貨物取扱業","50101","陸上貨物取扱業","30~49","2","物上げ装置、運搬機械","22","動力運搬機","222","フォークリフト","3","激突"
"188","2011","平成","23","4","13~14","戸建の新築工事現場内において、当現場の一次下請の被災労働者が、外部足場の高さ約5.5m(墜落した躯体1階床面からは約4.6m)の足場板上で、躯体の2階部分の耐力壁として合板を設置する作業を行っていたところ、別の作業員から合板(大きさ:約280センチメートル×90センチメートル、厚さ:0.9センチメートル、重さ約15キログラム)を受け取った直後、躯体と足場板の開口部から躯体内部の1階床面上に転落し、5日後に死亡したものである。","3","建設業","302","建築工事業","30202","木造家屋建築工事業","1~9","4","仮設物、建築物、構築物等","41","仮設物、建築物、構築物等","411","足場","1","墜落、転落"
"189","2011","平成","23","4","13~14","木造2階建て民家兼店舗の屋根瓦撤去工事において、瓦撤去後、被災者を含む3名がブルーシートで屋根を覆う作業を行っていたところ、高さ約6メートルの屋根端部から被災者は墜落した。外部足場の設置、屋根端部の手すりの設置や、墜落時の作業場所で安全帯を使用するための親綱の設置等墜落防止措置が為されていなかった。また、被災者はヘルメットを着用していなかった。","3","建設業","302","建築工事業","30209","その他の建築工事業","1~9","4","仮設物、建築物、構築物等","41","仮設物、建築物、構築物等","415","屋根、はり、もや、けた、合掌","1","墜落、転落"
"190","2011","平成","23","3","14~15","集金活動のためバイクで走行中、トンネル内にて道路左側の縁石にバイクが接触し、備え付けの消火器ボックスに頭、胸を強打して転倒したと思われる。ヘルメットは着用していた。","9","金融・広告業","901","金融業","90101","銀行・信託業","10~29","2","物上げ装置、運搬機械","23","乗物","231","乗用車、バス、バイク","17","交通事故（道路）"
"191","2011","平成","23","2","0~1","路肩に車両運搬車を停めて中古車両の荷下ろし作業を単独でしていたところ、走ってきたトラックが当該車両運搬車に追突し、付近にいた被災者が巻き込まれて死亡したもの。","4","運輸交通業","403","道路貨物運送業","40301","一般貨物自動車運送業","1~9","2","物上げ装置、運搬機械","22","動力運搬機","221","トラック","17","交通事故（道路）"
"192","2011","平成","23","1","6~7","工事現場から会社事務所に社用車で戻る途中、ハンドルを誤って道路わきのグラウンドのフェンスに激突し、死亡したもの。他の従業員をそれぞれの自宅付近でおろし、最後に被災者が運転して一人で会社に戻る途中であった。","3","建設業","302","建築工事業","30209","その他の建築工事業","1~9","2","物上げ装置、運搬機械","23","乗物","231","乗用車、バス、バイク","17","交通事故（道路）"
"193","2011","平成","23","1","13~14","気象観測用鉄塔を上部から約4~6mづつに切断しての解体作業中(当初高さ216m、災害発生時高さ56m)、被災者は高さ50mに位置する踊り場においてU字つり専用安全帯を直径30センチメートルの鉄柱に回し鉄骨等の溶断作業に従事していたが、その鉄柱にクレーンで吊るためのシャックル通し穴を加工中、溶断時に発生する溶解した鉄の滴が安全帯のランヤードのロープ部にかかり、その熱がロープを浸食し切断、地上に墜落したもの。","3","建設業","302","建築工事業","30201","鉄骨・鉄筋コンクリート造家屋建築工事業","10~29","4","仮設物、建築物、構築物等","41","仮設物、建築物、構築物等","418","建築物、構築物","1","墜落、転落"
"194","2011","平成","23","1","12~13","客先でトラック荷台内の卵が入ったラック(約370キログラム)をトラック後部に設置されたパワーゲートに乗せて降ろす際、何らかの原因によりラックが倒れ、下敷きとなった。","4","運輸交通業","403","道路貨物運送業","40301","一般貨物自動車運送業","30~49","6","荷","61","荷","611","荷姿の物","5","崩壊、倒壊"
"195","2011","平成","23","10","10~11","下水道管敷設工事において、道路を横断するように埋設されていたカルバートボックスのベースコンクリート下方にて、人力による床付け作業を行っていたところ、ベースコンクリートが損壊して被災者に落下した。被災者は倒れるとともに、覆いかぶさった当該ベースコンクリート(131×61×9センチメートル)により身動きがとれず、被災者の足元に溜まっていた水により溺死したものである。","3","建設業","301","土木工事業","30110","上下水道工事業","1~9","4","仮設物、建築物、構築物等","41","仮設物、建築物、構築物等","419","その他の仮設物、建築物、構築物等","4","飛来、落下"
"196","2011","平成","23","10","13~14","東日本大震災により損傷した瓦にブルーシートをかけて養生してあったが、直前に降った雨などの影響でブルーシートの一部が外れてしまった。このためブルーシート養生の手直しを依頼され、被災者一人で現場へ出張、屋根に登って作業を行っていたところ、足を滑らせ高さ3.9m下の地面に落下、頭部等を強打し翌日死亡したもの。なお、当現場は11月に屋根の修繕工事も当該事業場が行う予定であった。","3","建設業","302","建築工事業","30209","その他の建築工事業","1~9","4","仮設物、建築物、構築物等","41","仮設物、建築物、構築物等","415","屋根、はり、もや、けた、合掌","1","墜落、転落"
"197","2011","平成","23","9","8~9","平屋民家のテラスのビニル製波板屋根の張り替えの為、被災者は屋根上で古い波板を取り外していたところ、波板を踏み抜いて2.51m下のコンクリート土間に墜落し、頭部を強打したもの。その後、病院に搬送されICUで経過を観察していたものの、10月3日午前7時47分に脳挫傷、外傷性くも膜下出血により死亡した。","3","建設業","302","建築工事業","30209","その他の建築工事業","1~9","4","仮設物、建築物、構築物等","41","仮設物、建築物、構築物等","415","屋根、はり、もや、けた、合掌","1","墜落、転落"
"198","2011","平成","23","9","8~9","被災者を含む労働者3名は、別荘地内の下草刈を行うため刈払機を用いて作業を開始した。その後、被災者は50m程離れた場所で作業をしていた同僚の方に近づいていて行った。その時、同僚がズメバチの巣に遭遇して驚き、持っていた刈払機を振り上げた瞬間、同僚の左背後にまで接近していた被災者の右頚部に回転歯が接触し、頚部切創により死亡したもの。","17","その他の事業","1702","その他の事業","170209","その他の事業－その他","1~9","1","動力機械","16","一般動力機械","169","その他の一般動力機械","8","切れ、こすれ"
"199","2011","平成","23","7","13~14","午前11時頃から食品工業内でフォークリフトを使用しトラックにフレコンバックの荷積み作業を行っていたが、午後1時半頃トラック運転席で具合の悪そうにしている被災者がいた。この時「頭が痛く、真っ白になった」と話しており、その後同僚が迎えにきて会社に戻って自宅に送り届けた。しかし翌朝、家族が口周辺に血が広がって意識のない被災者を発見したもの。その後病院へ搬送されるも様態が悪化し、8月25日死亡した。","4","運輸交通業","403","道路貨物運送業","40301","一般貨物自動車運送業","10~29","9","その他","99","分類不能","999","分類不能","99","分類不能"
"200","2011","平成","23","6","6~7","被災者は午前3時40分頃に土曜日に取引先で荷積み(電炉灰)を終えていた大型トレーラーに乗車し、町内にある事業場から納入先である精錬所に向け出庫した。出庫後、休憩を経て運転を再開し、午前6時35分頃に発生現場に差し掛かった際に、対向車と衝突したもので、その際に頭部を強打し死亡したもの。","4","運輸交通業","403","道路貨物運送業","40302","特定貨物自動車運送業","10~29","2","物上げ装置、運搬機械","22","動力運搬機","221","トラック","17","交通事故（道路）"
"201","2011","平成","23","5","14~15","荷物用エレベーターの定期補修において、ワイヤーロープの交換作業を3名で搬器上で行っていた。5本のワイヤーロープのうち2本が終了し、3本目の作業を行っていた際に搬器上から約35m下のカウンターウェイト上に墜落し、死亡したもの。","3","建設業","303","その他の建設業","30302","機械器具設置工事業","30~49","2","物上げ装置、運搬機械","21","動力クレーン等","214","エレベータ、リフト","1","墜落、転落"
"202","2011","平成","23","5","10~11","被災者は、工場の屋根の樋の清掃作業中に、屋根のスレート板及びガラス板を踏み抜き、約14m下のコンクリート床面に墜落し死亡したもの。","1","製造業","112","金属製品製造業","11204","めっき業","50~99","4","仮設物、建築物、構築物等","41","仮設物、建築物、構築物等","415","屋根、はり、もや、けた、合掌","1","墜落、転落"
"203","2011","平成","23","5","13~14","被災者は、鉄骨造の建築物のはりの塗装作業中に、はりの上から墜落(高さ約7m/目撃者なし)したものと推定され、死亡したもの。","3","建設業","302","建築工事業","30209","その他の建築工事業","1~9","4","仮設物、建築物、構築物等","41","仮設物、建築物、構築物等","415","屋根、はり、もや、けた、合掌","1","墜落、転落"
"204","2011","平成","23","4","11~12","棚卸作業において廃車部品の重量を計量するため、フォークリフトのフォークにフレコン(約30キログラム)をつり下げ運搬し台貫で計量した。この時次に台貫を使用する業者が待機していたため、急ぎ荷を元の位置に戻すべく、後進し方向転換をしたとき、フォークリフトが転倒し運転していた被災者がその下敷きとなって死亡したもの。","1","製造業","110","鉄鋼業","11002","鋳物業","100~299","2","物上げ装置、運搬機械","22","動力運搬機","222","フォークリフト","2","転倒"
"205","2011","平成","23","4","10~11","住宅団地の住宅建設工事において、目撃者がなく不明であるが、先行足場の設置中、足場内側から墜落(約4メートル)したものと思料され、首の骨を骨折し病院に搬送され重体であったが、事故から11日後の平成23年5月6日に死亡したもの。","3","建設業","302","建築工事業","30203","建築設備工事業","1~9","4","仮設物、建築物、構築物等","41","仮設物、建築物、構築物等","411","足場","1","墜落、転落"
"206","2011","平成","23","4","16~17","太陽光パネルの設置工事に伴い欠けた屋根瓦の撤去作業中、被災者が、高さ3メートル程のはしご中段まで登り、屋根上で作業を行っていた者に声をかけた後、地面に降りる途中で何らかの原因ではしごから転落した。被災者は、左側頭部を強打し、4月28日、急性硬膜下血腫で死亡した。","3","建設業","302","建築工事業","30209","その他の建築工事業","10~29","3","その他の装置等","37","用具","371","はしご等","1","墜落、転落"
"207","2011","平成","23","4","15~16","被災労働者は震災で破損した倉庫側壁の補修を行うため、昇降設備を使用せず自動倉庫のラックを上ろうとしたところ約5m下のコンクリート床面に墜落し死亡したもの。","3","建設業","303","その他の建設業","30309","その他の建設業－その他","1~9","4","仮設物、建築物、構築物等","41","仮設物、建築物、構築物等","418","建築物、構築物","1","墜落、転落"
"208","2011","平成","23","2","9~10","ゴルフ倶楽部コース1番ホールにて、被災者はアカマツの剪定作業のため、三脚脚立を使い幹に登り枝上を移動しながら枝を切り落としていたところ、地上高さ6.55mの枝(推定位置)から地面に墜落し死亡したもの。","6","農林業","601","農業","60101","農業","1~9","7","環境等","71","環境等","712","立木等","1","墜落、転落"
"209","2011","平成","23","1","14~15","幼稚園での公演が終了し、軽自動車を運転して、事業場に戻っていたところ、国道上にて、対向車線にはみ出し、対向車線を走行していたトレーラの側面に激突したもの。病院へ搬送されたが、8日後の1月28日、脳挫傷等により死亡した。","10","映画・演劇業","1001","映画・演劇業","100109","その他の映画・演劇業","10~29","2","物上げ装置、運搬機械","23","乗物","231","乗用車、バス、バイク","17","交通事故（道路）"
"210","2011","平成","23","12","14~15","受電設備から新設工場へ電線を引き込むため、ケーブルラックの取付を被災者1名で高所作業車を使用しながら行い、作業床を高さ約4.8mのまま次の位置まで移動したところ、ケーブルラック基礎部分に乗り上げ、高所作業車ごと転倒し、建屋壁に頭部を激突させ、被災日翌日の午前5時48分に、脳挫傷及び硬膜下血腫により死亡した。","3","建設業","303","その他の建設業","30301","電気通信工事業","1~9","1","動力機械","14","建設機械等","146","高所作業車","2","転倒"
"211","2011","平成","23","9","18~19","被災者は3階建てフェノール樹脂製造棟の屋根にある天窓(たて1m×横1m)のガラス(厚さ10ミリメートル)を踏み抜き、約10m下の3階床に墜落し、脳挫傷により、9月23日14時20分に収容先の病院で死亡した。","1","製造業","108","化学工業","10801","無機・有機化学工業製品製造業","100~299","4","仮設物、建築物、構築物等","41","仮設物、建築物、構築物等","415","屋根、はり、もや、けた、合掌","1","墜落、転落"
"212","2011","平成","23","4","8~9","デイサービス施設のワゴン車(運転手と施設職員一名)が施設利用者一名を乗せて、上信電鉄の白髭踏切を通行しようとした際に走行してきた下り電車と衝突し、施設職員と施設利用者が全身打撲で死亡したもの。ワゴン車の運転手は軽傷で電車の運転士、乗客にケガはなかった。踏切は見通しが悪く、遮断機、警報器が設置されていない場所である。","13","保健・衛生業","1302","社会福祉施設","130201","社会福祉施設","30~49","2","物上げ装置、運搬機械","23","乗物","231","乗用車、バス、バイク","18","交通事故（その他）"
"213","2011","平成","23","4","14~15","被災者は鶏舎で鶏糞処理を行っていたところ、上着が集卵機と集卵機の間にある、集卵機の動力伝達シャフトに引っかかり、そのまま巻き込まれ、上着が首を締め付けるように圧迫し、死亡した。","7","畜産・水産業","701","畜産業","70101","畜産業","10~29","1","動力機械","12","動力伝導機構","121","動力伝導機構","7","はさまれ、巻き込まれ"
"214","2011","平成","23","2","4~5","被災者は4tトラック(保冷車)で生洋菓子を愛知県内の物流センターに配送する業務に従事していた。中央自動車道下り線を走行中、「くも膜下出血」を発症し、同道路を走行する車両と接触した。病院に搬送されたものの平成23年3月14日16時38分に死亡したもの。","4","運輸交通業","403","道路貨物運送業","40301","一般貨物自動車運送業","10~29","9","その他","99","分類不能","999","分類不能","90","その他"
"215","2011","平成","23","2","11~12","倉庫改修工事において、スレート屋根の撤去作業中、作業床として使用していたアルミ製道板(幅:25センチメートル・長さ:2m)を盛り替えようとしたところ、誤ってスレート屋根に足を着いたため、踏み抜き、高さ3.92mからコンクリート床に墜落し、直ちに病院に搬送されたが、平成23年2月26日午後0時52分に死亡した。","3","建設業","302","建築工事業","30201","鉄骨・鉄筋コンクリート造家屋建築工事業","1~9","4","仮設物、建築物、構築物等","41","仮設物、建築物、構築物等","415","屋根、はり、もや、けた、合掌","1","墜落、転落"
"216","2011","平成","23","1","10~11","光ファイバーにかかる電柱の設備工事のため、被災者は労働者A、Bと共に、傾斜5~6度の道路脇に高所作業車を止め、車止めをタイヤ4つ全てに置き、アウトリガーを張り出し、作業を開始しようとしていたところ、高所作業車が雪で滑りだしたため、被災者と労働者Aが2人で高所作業車を人力で止めようとしたところ、被災者が雪で滑って高所作業車の下面と地面の間に挟まれ、頭部陥没のため死亡したもの。","3","建設業","303","その他の建設業","30301","電気通信工事業","1~9","2","物上げ装置、運搬機械","22","動力運搬機","229","その他の動力運搬機","7","はさまれ、巻き込まれ"
"217","2011","平成","23","10","5~6","3tトラックに住宅用壁面パネルを積み、午前5時15分頃に営業所を出発し走行中、積み荷が崩れそうになったため、路肩に停車させ、積み直しを行おうとしたところ、積んであった積荷(400キログラム)が被災者の頭部に落下し、負傷した。直ちに病院に搬送したが、午前8時15分に脳挫傷で死亡した。","4","運輸交通業","403","道路貨物運送業","40301","一般貨物自動車運送業","10~29","6","荷","61","荷","611","荷姿の物","4","飛来、落下"
"218","2011","平成","23","12","16~17","鉄骨造平屋建て建屋の改修工事において、鉄骨の塗装作業を2名で行っていた。建屋の外部と内部に足場を組み、これに上がって作業を進めていた。1名が作業していたところ、背後で「ドサッ」という音がし、振り返ると被災者が地面に倒れていた。救急車が到着した時点で心肺停止の状態で、2日後の26日に搬送先の病院で死亡が確認された。","3","建設業","302","建築工事業","30201","鉄骨・鉄筋コンクリート造家屋建築工事業","1~9","4","仮設物、建築物、構築物等","41","仮設物、建築物、構築物等","411","足場","1","墜落、転落"
"219","2011","平成","23","12","9~10","森林管理道開設工事現場において、山側斜面補強のためのコンクリート擁壁を設置するため、元請現場代理人及び下請作業員3名の計4名により、前日までに掘削した掘削溝でコンクリート壁の設置作業を行っていたところ、山側法面が高さ約12メートル、幅約13メートルにわたって崩壊し、掘削溝内(深さ約2メートル)で作業をしていた3名が土砂に生き埋めになったもの。","3","建設業","301","土木工事業","30106","道路建設工事業","10~29","7","環境等","71","環境等","711","地山、岩石","5","崩壊、倒壊"
"220","2011","平成","23","12","3~4","50ccのスクーターに乗って朝刊を配達中、県道へ出る道(車線の無い細い道)から県道(片側一車線。法定速度40キロメートル)に入って右へ曲がった直後、県道を走っていた乗用車(トヨタサーフ)に後ろから追突されたもの。県道へ出る道と県道はT字路をなしていた。県道へ出る道には一時停止の標識が有ったが、T字路には信号は無かった。","8","商業","802","小売業","80205","新聞販売業","10~29","2","物上げ装置、運搬機械","23","乗物","231","乗用車、バス、バイク","17","交通事故（道路）"
"221","2011","平成","23","12","17~18","配達中T字路に於いて車両(郵送用バイク)から投げ出された所に10トンミキサー車が直進、轢かれたもの。投げ出された原因については警察にて捜査中(加害者は身柄拘束中)転倒したバイク近くに緑石があった。","11","通信業","1101","通信業","110101","通信業","300~499","2","物上げ装置、運搬機械","22","動力運搬機","221","トラック","17","交通事故（道路）"
"222","2011","平成","23","12","15~16","スタッカークレーンの異常を知らせるブザーを聞いて第一発見者が、地下1階に行ったところ、当該クレーンの運転席下部に挟まれている被災者を発見したもの。","8","商業","804","その他の商業","80401","倉庫業","100~299","4","仮設物、建築物、構築物等","41","仮設物、建築物、構築物等","414","開口部","1","墜落、転落"
"223","2011","平成","23","12","4~5","被災者の運転するトラック(4t)が、追い越し車線から走行車線に車線変更した際、走行車線側のガードレールに接触、その後前方の車両に追突したため、その場に停車。携帯電話で事故の報告をした後、トラックを路肩に移動しようと乗り込んだ直後、後方から走ってきた車両がトラックに追突し、被災者はフロントガラスに頭を強打し、即死したもの。","10","映画・演劇業","1001","映画・演劇業","100101","映画製作・配給業","1~9","2","物上げ装置、運搬機械","22","動力運搬機","221","トラック","17","交通事故（道路）"
"224","2011","平成","23","12","10~11","川に面した水管用の橋台(橋座部)コンクリート打設時、コンクリートの気泡を取るために足場(手すり無し)上で型枠を木槌でたたいている時、橋座部の型枠の底の部分が崩落。それに伴い型枠、パイプサポート等が労働者に激突、川の側面に一度墜落(高さ2メートル62センチ)した後、川に転落した(115センチ)3週間後の22日に骨折、脳炎等の諸症状により死亡した。","3","建設業","301","土木工事業","30107","河川土木工事業","10~29","4","仮設物、建築物、構築物等","41","仮設物、建築物、構築物等","412","支保工","5","崩壊、倒壊"
"225","2011","平成","23","10","2~3","片側2車線の国道の走行車線において、事業場に戻る途中の被災者が運転する2トントラックが信号待ちをしていた15トントラックに追突し、胸部を打った被災者が同日死亡した。","4","運輸交通業","403","道路貨物運送業","40301","一般貨物自動車運送業","30~49","2","物上げ装置、運搬機械","22","動力運搬機","221","トラック","17","交通事故（道路）"
"226","2011","平成","23","10","12~13","被災者は、配達のため原動機付き自転車を運転中、道幅3.9m、緩い下り坂の左カーブ(中央線なし)において、坂を登ってきた対向車(10tトラック)と正面衝突し、頭部等全身を強打して約6時間後に死亡したもの。","11","通信業","1101","通信業","110101","通信業","100~299","2","物上げ装置、運搬機械","22","動力運搬機","221","トラック","17","交通事故（道路）"
"227","2011","平成","23","10","11~12","個人住宅の地盤改良工事現場で、被災者が一人でドラグショベルを使用して残土をダンプトラックの荷台に積み込む作業を行っていたところ、ダンプトラックの後部とドラグショベルの車体に胸部を挟まれ死亡したもの。発見時、ドラグショベルのエンジンは起動したままで、クローラー部分が駆動していた。","3","建設業","301","土木工事業","30199","その他の土木工事業","50~99","1","動力機械","14","建設機械等","142","掘削用機械","7","はさまれ、巻き込まれ"
"228","2011","平成","23","9","6~7","トラックで市内に在する建設現場へ建設資材を配送に行き、当該建設現場付近の市道上で待機中、車外にて他社運転手と会話していたところ、通り掛かった軽自動車にはねられたもの。","4","運輸交通業","403","道路貨物運送業","40301","一般貨物自動車運送業","30~49","2","物上げ装置、運搬機械","23","乗物","231","乗用車、バス、バイク","17","交通事故（道路）"
"229","2011","平成","23","8","15~16","壁面のALCボードの取り外し作業の後、H鋼の枠により自立していた鉄製の開閉扉の固定状態(上部H綱溶接不十分)が不安定であり、また下部溶接部も簡易なもので経年劣化していたため、4人の人力により早急に取り外しを行おうと、2人が枠組みの両脇を支え、1名が徐々に力を加え枠組みごと溶接部より切り離し体育館床に押倒そうと降下させていたところ、急に下部溶接部が切り離れ、反対側で支えていた労働者の上に崩落したもの","3","建設業","302","建築工事業","30201","鉄骨・鉄筋コンクリート造家屋建築工事業","10~29","4","仮設物、建築物、構築物等","41","仮設物、建築物、構築物等","418","建築物、構築物","5","崩壊、倒壊"
"230","2011","平成","23","8","13~14","残土処理場において、軽自動車の車内で休憩中であった被災者が、口から泡を吹いて意識不明の状態で発見されたが、その後死亡が確認されたもの。","17","その他の事業","1702","その他の事業","170201","警備業","10~29","7","環境等","71","環境等","715","高温・低温環境","11","高温・低温の物との接触"
"231","2011","平成","23","7","16~17","被災者は、はしご兼脚立をはしごとして使用し、そのはしごを足場に、自家発電装置の外壁に取り付けられていたその付属部品をガス溶断して取り外す作業を行っていた。外壁と付属部品を固定していたL字アングルや配管を溶断していた際に、付属部品が溶断途中の配管を中心に回転し、被災者に向かってきた。被災者とはしごが先に地面に墜落し、仰向けに倒れていた被災者の胸部に付属部品が落下激突したもの。","8","商業","801","卸売業","80109","その他の卸売業","1~9","3","その他の装置等","39","その他の装置、設備","391","その他の装置、設備","4","飛来、落下"
"232","2011","平成","23","7","19~20","現場作業を終え、帰社するのに普通貨物自動車へ同僚らと乗り、高速自動車道内に落下物があったため急ハンドルを左に切ったところ、壁面と接触、あわてて右に切ったところ車両が横転し後部座席にいた被災者が車外へと放り出され胸部を打ち、死亡したもの。","3","建設業","303","その他の建設業","30301","電気通信工事業","1~9","2","物上げ装置、運搬機械","23","乗物","231","乗用車、バス、バイク","17","交通事故（道路）"
"233","2011","平成","23","7","14~15","高速道路舗装工事の準備中、コーンで仕切られた工事帯内においてバックをしていた標識車両に、同工事区域の警備員である被災者が接触転倒、胸部を轢かれ搬送先の病院で死亡が確認されたもの。","17","その他の事業","1702","その他の事業","170201","警備業","10~29","2","物上げ装置、運搬機械","22","動力運搬機","221","トラック","6","激突され"
"234","2011","平成","23","7","23~24","国道をトラックで走行中、車両故障のために停車していた大型トレーラーに追突し、外傷性ショックで死亡したもの。","4","運輸交通業","403","道路貨物運送業","40301","一般貨物自動車運送業","50~99","2","物上げ装置、運搬機械","22","動力運搬機","221","トラック","17","交通事故（道路）"
"235","2011","平成","23","7","9~10","平成23年7月12日9時45分頃、被災者は2連はしごを使用して、フェンス設置工事に付随した庭木の剪定作業に従事していた際、当該はしごの踏さんから道路のアスファルト上に墜落したものである。被災時被災者の作業を目撃した者はいなかったが剪定した木の幹の高さ、被災者の身長から推定するに被災者は高さ2.45メートルの位置の踏さん上で剪定を行っている際にはしごから墜落したものと思われる","3","建設業","302","建築工事業","30209","その他の建築工事業","1~9","3","その他の装置等","37","用具","371","はしご等","1","墜落、転落"
"236","2011","平成","23","7","17~18","被災者は、災害発生時、プレス機で空き缶をつぶす作業に従事していたが、空き缶をプレス機に投入するために使用していたフォークリフトのマストとプレス機の壁の間に挟まれて死亡していたものである。","1","製造業","112","金属製品製造業","11209","その他の金属製品製造業","1~9","2","物上げ装置、運搬機械","22","動力運搬機","222","フォークリフト","7","はさまれ、巻き込まれ"
"237","2011","平成","23","7","5~6","トンネル内(下り線、トンネルから約5.8キロメートル地点)を走行していた2トン保冷車が、前方を走っていた10トンダンプに追突し、保冷車を運転していた被災者が出血性ショックにより死亡したもの。","1","製造業","101","食料品製造業","10101","肉製品、乳製品製造業","10~29","2","物上げ装置、運搬機械","22","動力運搬機","221","トラック","17","交通事故（道路）"
"238","2011","平成","23","7","6~7","配送先に向かう途中、片側2車線の国道上で被災者の運転するトラック(4トン車)がエンストしたため、レッカー車の到着を待っていたところ、大型トラックに追突され、頚部等を負傷し、同日死亡した。","4","運輸交通業","403","道路貨物運送業","40301","一般貨物自動車運送業","10~29","2","物上げ装置、運搬機械","22","動力運搬機","221","トラック","17","交通事故（道路）"
"239","2011","平成","23","6","8~9","けん引用動力運搬機の定期自主点検のため、同運搬機で工場2階通路を走行し、下階に降ろすエレベーターに向かうところで、何らかの原因によりエレベーターの扉を突き破りエレベーター箱上に転落、その際に頭を強く打ち死亡したもの。","1","製造業","115","輸送用機械等製造業","11502","自動車・同付属品製造業","300~499","2","物上げ装置、運搬機械","22","動力運搬機","229","その他の動力運搬機","1","墜落、転落"
"240","2011","平成","23","6","17~18","屋外で不燃物から資源ごみを拾い上げる作業をしていた被災者が、終業直後、事業場の休憩室で体がふらつき、体調が悪い様子であったため、他の従業員が被災者を車で被災者の自宅まで送り届けたところ、被災者が自宅玄関で倒れてしまったため、救急車で病院に搬送され医師の診断を受けたところ、熱中症と診断され入院した。被災者の容体は当初、小康状態であったが、容体が急変し翌日の午前0時30分に死亡が確認されたもの","15","清掃・と畜業","1501","清掃・と畜業","150103","その他の廃棄物処理業","10~29","7","環境等","71","環境等","715","高温・低温環境","11","高温・低温の物との接触"
"241","2011","平成","23","6","7~8","出張の為、自宅から自転車で駅に向かう途中。信号機のない交差点で、軽自動車と出合い頭に衝突し、数メートル飛ばされ向い側の塀に激突。頭部と胸部を強打し、直ちに救急病院に搬送されたが翌日の6月22日15時30分に死亡が確認された。なお、道路幅は約4メートルで、相手車両の走行道路は一方通行であった。","8","商業","801","卸売業","80109","その他の卸売業","10~29","2","物上げ装置、運搬機械","23","乗物","231","乗用車、バス、バイク","17","交通事故（道路）"
"242","2011","平成","23","6","13~14","1階の作業が一段落ついた被災者は、屋上で作業している同僚を手伝おうと事前に同僚へ声掛けしようとしたが、1階からでは屋上へ声が届かないため、4階踊場に設置した昇降設備(脚立にハシゴを取り付けたもの)を使用し昇降中、身体のバランスが崩れ、その反動で脚立が倒れて転落したもの。現認者がいないので詳細は不明。","15","清掃・と畜業","1501","清掃・と畜業","150101","ビルメンテナンス業","1~9","3","その他の装置等","37","用具","371","はしご等","1","墜落、転落"
"243","2011","平成","23","5","3~4","3t積トラックに荷を積んで、自社へ向けて高速自動車道上り線を走行中、PAの進入路に入ったところ、進入路の右路肩に駐車中の大型トラックに追突したもの。(追突された側の大型トラックは、当時、混雑のためPA内に入れず進入路の右路側帯に駐車中であった。)","4","運輸交通業","403","道路貨物運送業","40301","一般貨物自動車運送業","30~49","2","物上げ装置、運搬機械","22","動力運搬機","221","トラック","17","交通事故（道路）"
"244","2011","平成","23","5","15~16","被災者は、横型単動油圧押出プレス機械(3200t)設備内において作業を行っていた。オペレーターが、設備内に被災者がいることを認識しておらず、機械を起動させたところ、被災者が機械のスライド部分に挟まれ被災したもの。","1","製造業","111","非鉄金属製造業","11101","非鉄金属精錬・圧延業","100~299","1","動力機械","16","一般動力機械","164","射出成形機","7","はさまれ、巻き込まれ"
"245","2011","平成","23","5","13~14","被災者は、バケットを取り付けたフォークリフト(最大荷重1.8t)をエンジンがかかったまま停車させ、付近の材料置き場にいたところ、フォークリフトが横転し、バックレストの下敷きになったもの。被災者が運転していたフォークリフトのバケットには、チェーンフックにより荷(重量150キログラム)が吊られている状態であった。被災者は災害当日、病院で死亡が確認された。","1","製造業","110","鉄鋼業","11002","鋳物業","10~29","2","物上げ装置、運搬機械","22","動力運搬機","222","フォークリフト","6","激突され"
"246","2011","平成","23","4","9~10","資材置場のテント製倉庫の屋根に穴があいていたため、被災者が単独で修理を行おうとテント製の屋根(高さ3.66メートル)の上に上がったところ、屋根を破って床(コンクリート製)に落ち、災害発生日の翌日に死亡したもの。","4","運輸交通業","403","道路貨物運送業","40301","一般貨物自動車運送業","10~29","4","仮設物、建築物、構築物等","41","仮設物、建築物、構築物等","415","屋根、はり、もや、けた、合掌","1","墜落、転落"
"247","2011","平成","23","4","14~15","配水小管移設工事現場において、重機置場から工事帯に油圧ショベルを移動させる際、誘導のために油圧ショベルのあとを追ったところ、油圧ショベルがバックしたために被災者を轢いてしまったもの。","17","その他の事業","1702","その他の事業","170201","警備業","30~49","1","動力機械","14","建設機械等","142","掘削用機械","7","はさまれ、巻き込まれ"
"248","2011","平成","23","3","7~8","配送センターにて積載荷重3.3トンの箱型トラック(ウイング車)に荷を積み終わったのでフォークリフトの運転者が地上からあおりが閉まるか確認後、あおりを下ろしたとき、荷台上で荷崩れ防止のためベニヤ板で固定をしていた運転手があおりにもたれかかるようにして前向きに地上から高さ1メートルの荷台からアスファルト舗装上に墜落し頭部を打撲した。","4","運輸交通業","403","道路貨物運送業","40301","一般貨物自動車運送業","1~9","2","物上げ装置、運搬機械","22","動力運搬機","221","トラック","1","墜落、転落"
"249","2011","平成","23","3","9~10","伐採した枝の片付け作業を命じられた被災者が、コンクリート擁壁上で付近に落ちている枝を集めていたところ、約4メートル下の町道に墜落し、死亡したもの。","14","接客娯楽業","1401","旅館業","140101","旅館業","50~99","4","仮設物、建築物、構築物等","41","仮設物、建築物、構築物等","418","建築物、構築物","1","墜落、転落"
"250","2011","平成","23","3","14~15","出張先のサイクルスポーツセンター内のコースにてオートバイのテスト走行を行っている時、左カーブを曲がるとき後輪がスリップし転倒して左肩鎖骨を骨折した。病院にて治療後帰宅し、3月7日に出勤して災害の報告後、3月8日に久喜市の蓮江病院に入院し、3月9日骨折の手術中に死亡した。","12","教育・研究業","1201","教育・研究業","120109","その他の教育研究業","300~499","2","物上げ装置、運搬機械","23","乗物","231","乗用車、バス、バイク","2","転倒"
"251","2011","平成","23","2","13~14","建物の外壁補修工事中、高さ3.78メートルの足場の作業床(幅25センチメートル)から地面に墜落し治療中であったが、平成23年2月27日、重症頭部外傷により死亡したもの。作業床はブラケット足場で、手すりはあったが中さん等が設けられておらず、ネットの緊結も不十分であったため足場の外側に墜落した。被災労働者はヘルメット及び安全帯を着用していなかった。","3","建設業","302","建築工事業","30209","その他の建築工事業","1~9","4","仮設物、建築物、構築物等","41","仮設物、建築物、構築物等","411","足場","1","墜落、転落"
"252","2011","平成","23","2","12~13","投入コンベア(リフター)の油圧ユニットの電磁弁交換作業を一人で行っていた。うめき声を聞いた同僚1名が近づいたところ、被災者が投入コンベアと床に胴体を挟まれた状態であった。","1","製造業","117","その他の製造業","11703","クリーニング業","50~99","2","物上げ装置、運搬機械","21","動力クレーン等","214","エレベータ、リフト","7","はさまれ、巻き込まれ"
"253","2011","平成","23","2","9~10","民家の庭木剪定作業において、被災者は三脚(高さ3.5m)を用いて樹木を剪定していたところ、第三者の運転する小型ショベルローダーが三脚に接触し、その衝撃でバランスを崩して地面に墜落、頭部を強打したもの。墜落した高さは、樹木の剪定状況から、1.5m程度と推定される。","6","農林業","601","農業","60101","農業","1~9","2","物上げ装置、運搬機械","22","動力運搬機","225","ローダー","6","激突され"
"254","2011","平成","23","2","10~11","倉庫スレート屋根塗装工事において、被災者が休憩のために作業場所から昇降設備(はしご)まで屋根上を移動中、スレート屋根を踏み抜き、約7メートル下の地面まで墜落したもの。","3","建設業","302","建築工事業","30201","鉄骨・鉄筋コンクリート造家屋建築工事業","1~9","4","仮設物、建築物、構築物等","41","仮設物、建築物、構築物等","415","屋根、はり、もや、けた、合掌","1","墜落、転落"
"255","2011","平成","23","1","14~15","自動販売機(重量約260キログラム)の保管のために、フォークリフト(許容荷重1.1トン)を用いて運搬し、保管場所に設置し終えた自動販売機が倒れ、自動販売機とフォークリフトとの間にはさまれて死亡したもの。","8","商業","801","卸売業","80109","その他の卸売業","50~99","6","荷","61","荷","612","機械装置","5","崩壊、倒壊"
"256","2011","平成","23","1","12~13","営業活動のため、社有車にて支店を出発し、得意先へ向い運転走行中、右折のため停車している前車両を追い越す際、対向車線にはみ出し、対向車線より直進してきた中型トラックを正面衝突したもの。","8","商業","801","卸売業","80109","その他の卸売業","50~99","2","物上げ装置、運搬機械","23","乗物","231","乗用車、バス、バイク","17","交通事故（道路）"
"257","2011","平成","23","1","9~10","給食運搬用の簡易リフト修繕作業中、搬器の上部で、修繕箇所の確認をした後、搬器上から2階フロアーに降りようとしたところ、搬器が上昇し、胸部を簡易リフトの扉と搬器に挟まれた。意識不明であったが、病院搬送後死亡した。","8","商業","804","その他の商業","80409","その他の商業－その他","10~29","2","物上げ装置、運搬機械","21","動力クレーン等","214","エレベータ、リフト","7","はさまれ、巻き込まれ"
"258","2011","平成","23","4","5~6","東日本大震災に伴う配置転換で比較的不慣れな地域、業務を命ぜられ、心理的負荷が増していたところに、過重労働基準を超える長時間労働が相次ぎ、自殺に至ったもの。(自動車内での一酸化炭素中毒事故(推定)","4","運輸交通業","403","道路貨物運送業","40301","一般貨物自動車運送業","50~99","9","その他","92","起因物なし","921","起因物なし","90","その他"
"259","2011","平成","23","11","16~17","工場建屋内のピット床面から6m上方に据え付けられた製品として製作中のコンプレッサーの性能確認テストのため、当該コンプレッサーの下部の鉛直方向にテスト用送風配管(φ2m× L4m)を取り付ける作業の一環として、取り付け箇所に足場を組み立てていた際に、足場上方2mのコンプレッサーの架台から足場に降りようとした被災者が足場上に転落し、そのはずみで、足場の端の開口部から、6m下方のピット床面に墜落した。","1","製造業","113","一般機械器具製造業","11301","機械（精密機械を除く）器具製造業","1~9","4","仮設物、建築物、構築物等","41","仮設物、建築物、構築物等","418","建築物、構築物","1","墜落、転落"
"260","2011","平成","23","11","14~15","庭園管理業務において脚立に上りクロマツの枝の剪定作業を行っていたところ作業位置から地上に墜落し被災したもの。災害発生時に被災者の作業位置を現認していた者はいないが、枝の剪定箇所から被災者は地上からの高さ173センチメートルの位置にある脚立の踏み面に足を置き作業従事していたものと推定される。災害発生時に脚立はトンボ2本により固定されており転位等認められなかった。被災者は、安全帯、保護帽を着用していなかった。","3","建設業","301","土木工事業","30199","その他の土木工事業","1~9","3","その他の装置等","37","用具","371","はしご等","1","墜落、転落"
"261","2011","平成","23","11","2~3","被災者はバイクに乗車して新聞の朝刊を配達しながら県道を走行していたところ、後方から追い越そうと走行してきた乗用車に激突されたもの。","8","商業","802","小売業","80205","新聞販売業","10~29","2","物上げ装置、運搬機械","23","乗物","231","乗用車、バス、バイク","17","交通事故（道路）"
"262","2011","平成","23","10","13~14","足場材の資材置場にて、積載型トラッククレーン(つり上げ荷重2.93t)を使用し、結束された足場材60枚(835キログラム)をトラックの荷台から降ろす際にトラックのタイヤが浮き、ゆっくりと転倒した。なお、転倒した際に5段ブームのうち、4段ブームが被災者の脊髄を押すように激突した。","3","建設業","302","建築工事業","30201","鉄骨・鉄筋コンクリート造家屋建築工事業","1~9","2","物上げ装置、運搬機械","21","動力クレーン等","212","移動式クレーン","6","激突され"
"263","2011","平成","23","10","13~14","台風15号により屋根の損傷が生じ、その復旧工事作業中の災害。損傷した屋根材を撤去し、撤去後の梁上での作業中に墜落。地上から梁上までの高さは約5.5m。","3","建設業","302","建築工事業","30201","鉄骨・鉄筋コンクリート造家屋建築工事業","1~9","4","仮設物、建築物、構築物等","41","仮設物、建築物、構築物等","415","屋根、はり、もや、けた、合掌","1","墜落、転落"
"264","2011","平成","23","10","0~1","平成23年10月4日午前0時40分ごろ、地方卸売市場南部市場内において、大型トラック(ウイング車、11トン)の荷の積卸作業を行っていたトラックの運転手が、トラック荷台の下で、意識不明の状態で倒れているところを発見された。その後、病院に搬送された被災者は処置を受けるも、平成23年10月15日午前10時27分に脳挫傷により死亡した。なお、災害発生時の現認者はいない。","4","運輸交通業","403","道路貨物運送業","40301","一般貨物自動車運送業","10~29","2","物上げ装置、運搬機械","22","動力運搬機","221","トラック","1","墜落、転落"
"265","2011","平成","23","9","14~15","製銑工場の高炉に原料を投入するベルトコンベアーのギャラリー(四方を屋根・壁で囲む構造物)の波板の補修作業中、5名がギャラリー上の作業台車に乗って高炉方向に移動していたところ、台車を動かすウインチのモーターのケーシングが破断してモーターのシャフトが外れたため、台車が自重で自走(降下)し、約130メートル下方にあるベルトコンベアーのエンドストッパーに激突した。","3","建設業","302","建築工事業","30203","建築設備工事業","1~9","2","物上げ装置、運搬機械","22","動力運搬機","229","その他の動力運搬機","3","激突"
"266","2011","平成","23","9","11~12","保育園の運動会を市立小学校で行っていたところ、保育士(22歳)が気分が悪くなり、午前11時40分頃、救急車を要請し病院へ搬送される。午後2時10分頃、収容先の病院で熱中症により死亡した。","13","保健・衛生業","1302","社会福祉施設","130201","社会福祉施設","10~29","7","環境等","71","環境等","715","高温・低温環境","11","高温・低温の物との接触"
"267","2011","平成","23","8","9~10","塩酸の入ったタンクの上部配管を移設するため、作業員Aは、配管の切断位置等を確認するためタンク上へ乗ったところ、タンク天板が抜けてタンク内部に転落した。それを目撃した同僚Bは、Aを助けるため、タンク上のマンホール部にしゃがんで救助を試みるもマンホールごと抜けてしまい、Bもタンク内に転落した。タンクはFRP製で、塩酸濃度は35%であった。また、内容量は6.8立方メートル、水深約2mであった。","3","建設業","303","その他の建設業","30302","機械器具設置工事業","10~29","3","その他の装置等","39","その他の装置、設備","391","その他の装置、設備","12","有害物等との接触"
"268","2011","平成","23","8","9~10","塩酸の入ったタンクの上部配管を移設するため、作業員Aは、配管の切断位置等を確認するためタンク上へ乗ったところ、タンク天板が抜けてタンク内部に転落した。それを目撃した同僚Bは、Aを助けるため、タンク上のマンホール部にしゃがんで救助を試みるもマンホールごと抜けてしまい、Bもタンク内に転落した。タンクはFRP製で、塩酸濃度は35%であった。また、内容量は6.8立方メートル、水深約2mであった。","3","建設業","303","その他の建設業","30302","機械器具設置工事業","10~29","3","その他の装置等","39","その他の装置、設備","391","その他の装置、設備","12","有害物等との接触"
"269","2011","平成","23","8","10~11","平成23年8月6日午前10時10分頃、八千代市に所在する工場敷地内で、高さ6.5メートルの立木(マテバシイ)の剪定にあたり、当該木に上って作業していたところ、高さ約3.4メートルの地点から隣接する住宅敷地内に墜落し、被災したもの。","6","農林業","601","農業","60101","農業","10~29","7","環境等","71","環境等","712","立木等","1","墜落、転落"
"270","2011","平成","23","8","15~16","舗装修繕工事現場において、プレートコンパクター(小型締め固め振動機)を使用して舗装の継ぎ目(始端及び終端)部分の予備転圧作業を行っていた被災者が、予備転圧する際にプレートコンパクターとアスファルト舗装面との間に入れる敷板を手に持って次の施工箇所に移動中、後退してきたコンバインド振動ローラー(前輪がローラー、後輪がゴムタイヤである締め固め用の車両系建設機械、重量3.6トン)に轢かれ、死亡したもの。","3","建設業","301","土木工事業","30106","道路建設工事業","10~29","1","動力機械","14","建設機械等","144","締固め用機械","7","はさまれ、巻き込まれ"
"271","2011","平成","23","7","10~11","市発注の街路灯の更新工事において、被災者は街路灯の柱にハシゴをかけ、当該ハシゴを使用して地上2.8mの高さでガイシの取り付け作業を行ったところ、ハシゴのバランスが崩れ、被災者はハシゴとともに、地下道に続く階段(GLより深さ1.7m)に墜落したもの(墜落高さ約4.5m)被災者は病院に搬送されたが、7月15日死亡した。","3","建設業","303","その他の建設業","30301","電気通信工事業","1~9","3","その他の装置等","37","用具","371","はしご等","1","墜落、転落"
"272","2011","平成","23","6","9~10","構内において、転倒したフォークリフトのヘッドガードとコンクリートの地面の間に頸部を挟まれている被災者を同僚が発見したもの。フォークリフトは荷を積載していないが、走行したと思われる場所は南側に行くほど角度が大きくなる傾斜地であった。南側前輪が通過したと思われる場所は12度の傾斜地で凹凸があり、北側前輪が通過したと思われる場所は7度の傾斜地であった。","1","製造業","109","窯業土石製品製造業","10901","セメント・同製品製造業","10~29","2","物上げ装置、運搬機械","22","動力運搬機","222","フォークリフト","2","転倒"
"273","2011","平成","23","6","16~17","運動施設の立木の枝打ち作業にあたり、刈った枝を手作業で運搬していたところ、何等墜落防止措置を講じていなかったことから、高さ702センチメートルの擁壁上から地面に墜落し、死亡したもの。","6","農林業","601","農業","60101","農業","1~9","4","仮設物、建築物、構築物等","41","仮設物、建築物、構築物等","418","建築物、構築物","1","墜落、転落"
"274","2011","平成","23","6","14~15","被災者は2トントラックで、自社からタンク架台を工場内に運搬した。架台をフォークリフトでつり上げて降ろすため、労働者がフォークリフトをトラックの荷台に寄せて、荷台によじ登りフォークに繊維ベルトを掛けてシャックルで固定していたところ、シャックルを地面に落した。被災者がトラック荷台から降りてシャックルを拾おうとしたとき、架台が倒れて被災者の顔面を直撃した。","1","製造業","112","金属製品製造業","11209","その他の金属製品製造業","10~29","6","荷","61","荷","611","荷姿の物","5","崩壊、倒壊"
"275","2011","平成","23","5","14~15","バイクで夕刊配達業務の為、県道を走行中、後方から居眠り運転の乗用車に追突され、脳挫傷、心臓多量出血により死亡に至ったもの。","8","商業","802","小売業","80205","新聞販売業","10~29","2","物上げ装置、運搬機械","23","乗物","231","乗用車、バス、バイク","17","交通事故（道路）"
"276","2011","平成","23","5","8~9","2階建ての民家の外装塗装工事において、被災者が2階屋根の雨樋を塗装する業務を1階屋根の上(約4メートル)で行っていたところ、何らかの理由で足を滑らせ滑り落ち、そのまま門扉から玄関に通じるコンクリート舗装された階段上に墜落した。","3","建設業","302","建築工事業","30202","木造家屋建築工事業","1~9","4","仮設物、建築物、構築物等","41","仮設物、建築物、構築物等","415","屋根、はり、もや、けた、合掌","1","墜落、転落"
"277","2011","平成","23","5","14~15","利用者宅の訪問介護サービスを終了し、次の利用者宅に向かう前に一旦事務所に立ち寄るために自転車で走行中、交差点を横断していたところ、右折しようとしていたトラックと接触して転倒し、同日に死亡したもの。","13","保健・衛生業","1302","社会福祉施設","130201","社会福祉施設","1~9","2","物上げ装置、運搬機械","22","動力運搬機","221","トラック","17","交通事故（道路）"
"278","2011","平成","23","5","19~20","10tトラックの荷台左側下部に燃料タンクを取り付ける作業中に発生。被災者はフォーク先端に燃料タンクを載せたフォークリフトのフォークの間でバックレストの前に入り、燃料タンク取付場所に位置を合わせるため、フォークリフトの運転手に合図をしていた被災者がバックレストとトラック荷台の間に頭を挟まれ死亡した。","1","製造業","117","その他の製造業","11701","自動車整備業","1~9","2","物上げ装置、運搬機械","22","動力運搬機","222","フォークリフト","7","はさまれ、巻き込まれ"
"279","2011","平成","23","4","15~16","鉄骨平屋建て倉庫の解体作業中、屋根上でスレート板を外す作業をしていた鳶工がスレートを踏み抜き、母屋の間(75センチメートル間隔)から約5.2メートル下のコンクリート床の上に置かれたトタン板上に墜落した。","3","建設業","302","建築工事業","30209","その他の建築工事業","100~299","4","仮設物、建築物、構築物等","41","仮設物、建築物、構築物等","415","屋根、はり、もや、けた、合掌","1","墜落、転落"
"280","2011","平成","23","4","11~12","作業架台を解体作業において、作業開始時、架台の脚部に掛けていた倒壊防止用の玉掛け用布ロープを外した状態で架台の天板を確認していたところ、架台が作業者側に倒れ、腰を挟まれ内臓破裂により死亡した。","1","製造業","112","金属製品製造業","11209","その他の金属製品製造業","1~9","5","物質、材料","52","材料","521","金属材料","5","崩壊、倒壊"
"281","2011","平成","23","4","13~14","(092)3月11日の地震に伴う液状化現象により、鋼材を積んだ倉庫内に泥が隆起したため、泥を除去する作業中に発生。3人の作業員がI形鋼を5段積んだ鋼材の山をクレーンで他の場所に移動させ、当該部分に隆起した泥をスコップで一輪車に積み込み、外に運搬する作業中、隣に積まれていたI形鋼13段(高さ約1m)の山が突然倒れ、近くにいた被災者が下敷きになり死亡した。","8","商業","801","卸売業","80109","その他の卸売業","1~9","5","物質、材料","52","材料","521","金属材料","5","崩壊、倒壊"
"282","2011","平成","23","3","7~8","鶏糞肥料製袋工程における肥料供給機において、製袋工が肥料をほぐす攪拌棒に巻き込まれ死亡した。被災者は午前8時から一人作業(肥料の袋詰)を行っていたが、午前8時50分頃、上記状態にあるのを同僚に発見されたもの。なお当該機械の回転部には、前・側部ともに囲い込み(高さ90センチメートルのコンパネ製)がなされていた。","7","畜産・水産業","701","畜産業","70101","畜産業","10~29","1","動力機械","16","一般動力機械","162","混合機、粉砕機","7","はさまれ、巻き込まれ"
"283","2011","平成","23","3","13~14","(092)天井クレーン(つり上げ荷重4.87t)で荷(「コンポデッキ」約400キログラム)をつり上げ、ハッカーによる1点吊りの状態で荷を移動中、荷がハッカーから外れ落下し、被災者に激突した。","1","製造業","112","金属製品製造業","11209","その他の金属製品製造業","1~9","3","その他の装置等","37","用具","372","玉掛用具","4","飛来、落下"
"284","2011","平成","23","3","17~18","被災者は飼料運搬車(タンク車)で飼料を配送する者であるが、配送先にある高さ5.5メートルのサイロ下の地面でうつ伏せに倒れているところを発見された。","4","運輸交通業","403","道路貨物運送業","40302","特定貨物自動車運送業","10~29","4","仮設物、建築物、構築物等","41","仮設物、建築物、構築物等","418","建築物、構築物","1","墜落、転落"
"285","2011","平成","23","3","13~14","個人宅の上まで延びた木を伐採する現場において、被災者と共に作業を行っていた事業主が、被災者が前のめりに倒れこむところを目撃した。共に作業を行っていた作業員が、被災者を引き起こしたところ、意識がなかった。すぐに意識を取り戻し、事業主の車で病院まで搬送されたが、翌日に死亡した。被災者は保護帽を着用していなかった。","6","農林業","601","農業","60101","農業","1~9","7","環境等","71","環境等","712","立木等","2","転倒"
"286","2011","平成","23","3","6~7","6時20分より予定されていた計画停電対策のため早出出社し5時20分頃九十九里町須原の現場に向かい、その後1.5tトラックにて現場より会社倉庫に排水用パイプを取りに行く途中、県道大網白里線南今泉交差点にて3tトラックと衝突した。","3","建設業","303","その他の建設業","30309","その他の建設業－その他","1~9","2","物上げ装置、運搬機械","22","動力運搬機","221","トラック","17","交通事故（道路）"
"287","2011","平成","23","3","13~14","営業のため、オートバイで歩行者用押しボタン信号のある交差点を直進中に左側から走行してきたトラックと衝突した。事故後から入院治療を行っていたが、3月23日に脳挫傷により死亡した。","9","金融・広告業","901","金融業","90101","銀行・信託業","10~29","2","物上げ装置、運搬機械","23","乗物","231","乗用車、バス、バイク","17","交通事故（道路）"
"288","2011","平成","23","3","2~3","市内の国道において、車両4台が関係する交通事故が発生し、このうち大型貨物自動車を運転した運転手が搬送先の病院で死亡が確認された。","4","運輸交通業","403","道路貨物運送業","40301","一般貨物自動車運送業","1~9","2","物上げ装置、運搬機械","22","動力運搬機","221","トラック","17","交通事故（道路）"
"289","2011","平成","23","3","14~15","天井クレーンに不具合があり、状況確認のため被災者が同一走行レール上の他クレーンのサドル(歩廊無し)に乗り、進行方向に背を向けた状態で、運転者に走行の合図をした。合図に従い走行中、建物の梁付近で被災者が停止のような合図をし(走行距離約9m)、続けて後退のような合図がありそれに従った。後退したところ、被災者は、建物側壁とクレーンとの隙間に倒れ込んだ。以後、入院治療中であったが4月6日に死亡した。","1","製造業","111","非鉄金属製造業","11101","非鉄金属精錬・圧延業","50~99","2","物上げ装置、運搬機械","21","動力クレーン等","211","クレーン","7","はさまれ、巻き込まれ"
"290","2011","平成","23","2","15~16","工場Aヤード完成鋼板(KK)ライン設備内において、二次加工班として被災者を含む3名で作業を行っていた。15時頃から被災者一人で完成鋼板製品の形状保護のための添え木(角材)を携帯用丸のこ盤で切断する作業を行うため、椅子に座りダンボールの上に台木と角材を置き作業を行っていたところ、携帯用丸のこ盤の刃が右大腿部に当たり切創した。その後病院に搬送されたが、同日16時55分に出血性ショックにより死亡した。","1","製造業","110","鉄鋼業","11009","その他の鉄鋼業","30~49","1","動力機械","13","木材加工用機械","131","丸のこ盤","8","切れ、こすれ"
"291","2011","平成","23","1","9~10","屋内で新車のワックスコーティング作業を行っていた被災者がコンクリート床に仰向けに転倒して後頭部を強打。脳挫傷、頭蓋骨骨折により搬送先の病院で翌日死亡したもの。","17","その他の事業","1702","その他の事業","170209","その他の事業－その他","10~29","4","仮設物、建築物、構築物等","41","仮設物、建築物、構築物等","417","通路","2","転倒"
"292","2011","平成","23","12","15~16","11.6m(高さ)×4.5m×5.5mのコンクリート原料の砂を入れるためのホッパーの内部に入り、排出口周辺の砂を足で蹴って排出口に落としていたところ、足下の砂が崩れて排出口に転落し、右足が排出口にはさまり、また、同時に排出口周囲の砂が崩れて首の部分まで埋もれた。救出に時間を要し、日本大学板橋病院に搬送されたが、同日午後10時頃死亡が確認された。(労働者性については調査中である。)","1","製造業","109","窯業土石製品製造業","10901","セメント・同製品製造業","10~29","5","物質、材料","52","材料","523","石、砂、砂利","1","墜落、転落"
"293","2011","平成","23","12","2~3","駅付近の軌道の分岐器(複数の軌道を切り替える装置。本設のレールと枕木が一体になっている)の設置作業において、分岐器を仮設レールで運び、分岐器を4台の吊上器で4点で持ち上げ、仮設レール等の撤去を行っていたところ、吊上器が倒れ、ずい道内の壁側付近にいた労働者3名が、倒れてきたレール及び枕木と壁の間にはさまれ被災したもの。そのほか、分岐器の上にいた労働者1名が転倒し被災したもの。","3","建設業","301","土木工事業","30104","鉄道軌道建設工事業","10~29","3","その他の装置等","36","人力機械工具等","361","人力クレーン等","5","崩壊、倒壊"
"294","2011","平成","23","12","13~14","被災者は、地上から高さ5m17センチメートルの庇上(2階スラブ)において、仮置きした足場材の荷降ろし作業を行っていた際、当該箇所から墜落した。なお、当該スラブ端には、高さ75センチメートルの親綱が張られていた。","3","建設業","302","建築工事業","30201","鉄骨・鉄筋コンクリート造家屋建築工事業","1~9","4","仮設物、建築物、構築物等","41","仮設物、建築物、構築物等","416","作業床、歩み板","1","墜落、転落"
"295","2011","平成","23","11","10~11","木造2階建て共同住宅の2階共用外部通路の屋根板の交換作業を外部通路上に組んだ脚立足場(高さ1.2m)上で行っていたが、当該足場から下りるため外部通路に設けられている手すり(高さ0.8m)の上に足をかけたところ、足を滑らせ外部通路から約0.25m下の1階通路の屋根上に転落、さらに、当該屋根上に止まることなく屋根の端から2.67m下の地上に落下し、頚椎損傷により11月16日10時34分に死亡した。","3","建設業","302","建築工事業","30202","木造家屋建築工事業","1~9","4","仮設物、建築物、構築物等","41","仮設物、建築物、構築物等","411","足場","1","墜落、転落"
"296","2011","平成","23","11","10~11","エレベーターの定期点検のため、被災者1名で作業を行っていたところ、エレベーターの昇降中に、安全帯のロープがエレベーター昇降路内部扉側部材のどこかに引っ掛かり、腹部を圧迫し、被災したもの。","3","建設業","303","その他の建設業","30302","機械器具設置工事業","100~299","2","物上げ装置、運搬機械","21","動力クレーン等","214","エレベータ、リフト","7","はさまれ、巻き込まれ"
"297","2011","平成","23","10","15~16","中央分離帯上で除草作業を行っていた被災者に走ってきた乗用車が突っ込み、被災者に激突し、搬送先の病院で亡くなった。","15","清掃・と畜業","1501","清掃・と畜業","150109","その他の清掃・と畜業","30~49","2","物上げ装置、運搬機械","23","乗物","231","乗用車、バス、バイク","17","交通事故（道路）"
"298","2011","平成","23","10","15~16","中央分離帯上で交通整理を行っていた被災者に、走ってきた乗用車が突っ込み、被災者に激突し、搬送先の病院で亡くなった。","17","その他の事業","1702","その他の事業","170201","警備業","10~29","2","物上げ装置、運搬機械","23","乗物","231","乗用車、バス、バイク","17","交通事故（道路）"
"299","2011","平成","23","10","18~19","地下2階に停車した3トントラックから、台車に積まれた重さ約700キログラムのベニヤ板を荷降ろしするために、同ベニヤ板を押してテールゲートリフターに移動させていたところ、誤って台車の車輪がテールゲートリフターから外れて台車ごとベニヤ板がずり落ち、テールゲートリフターの下に立っていた被災者に激突し、ベニヤ板の下敷きになり死亡したもの。","17","その他の事業","1702","その他の事業","170209","その他の事業－その他","10~29","6","荷","61","荷","611","荷姿の物","4","飛来、落下"
"300","2011","平成","23","10","8~9","トラックの荷台から落下した可能性のある積み荷(リサイクル缶等)を拾うため、走行中のトラックの荷台から降りようとしたところ、頭と顔面を地面に強打した。","1","製造業","117","その他の製造業","11709","その他の製造業－その他","30~49","4","仮設物、建築物、構築物等","41","仮設物、建築物、構築物等","417","通路","3","激突"
"301","2011","平成","23","10","9~10","大型スーパーの外壁塗装工事に伴い、交通誘導員である被災者は、建物の周囲歩道で歩行者の交通誘導を行っていたところ、普通乗用車が車道上に設置してある交通標識に衝突し、その衝撃で交通標識が倒れ、交通標識の背後にいた被災者の頭部に直撃し被災したもの。","17","その他の事業","1702","その他の事業","170201","警備業","100~299","2","物上げ装置、運搬機械","23","乗物","231","乗用車、バス、バイク","17","交通事故（道路）"
"302","2011","平成","23","10","14~15","勾配6度の坂道に設置された電柱の電話線の故障修理の作業において、同電柱に掛けた伸縮はしごから降りる際に、被災者が足を滑らせ約3m(推定)の高さからアスファルトの地面に墜落し、平成23年11月5日午前0時52分に搬送先の病院にて死亡したもの。","11","通信業","1101","通信業","110101","通信業","30~49","3","その他の装置等","37","用具","371","はしご等","1","墜落、転落"
"303","2011","平成","23","10","8~9","民家の改修工事現場で、会社の代表者が単管抱き足場の3段目(約6.2m)において、屋根の破風板のコーキング材の汚れを取り除くためカッターナイフが必要となり、地上で作業していた被災者に上までカッターナイフを持ってくるように指示した。被災者は足場2段目(約4.5m)まで登り代表者にカッターナイフを手渡したあと、地上に降りようと移動中に墜落した。","3","建設業","302","建築工事業","30202","木造家屋建築工事業","1~9","4","仮設物、建築物、構築物等","41","仮設物、建築物、構築物等","411","足場","1","墜落、転落"
"304","2011","平成","23","10","4~5","被災者は、タンクローリー車で国道を片側2車線の右側を走行中、中央分離帯の縁石に続いて設置されたガードレールを突き破り、反対車線を横断して、さらに、崖下への転落防止用のガードレールも突き破り、約50メートルの崖下に転落し死亡した。","4","運輸交通業","403","道路貨物運送業","40301","一般貨物自動車運送業","10~29","2","物上げ装置、運搬機械","22","動力運搬機","221","トラック","17","交通事故（道路）"
"305","2011","平成","23","10","12~13","災害発生当日被災者2名が乗ったヘリコプターは、山中の登山道整備工事で使用する資材輸送のため、飛行場を離陸し、山中に設けられた作業用ヘリポートに向かった。当日は、13個の資材を輸送する予定であり、10個目の資材の輸送を終え、作業用ヘリポートに帰投途中、機体後部に異変が生じ、機体のバランスが崩れまもなく墜落したもの","4","運輸交通業","401","鉄道・軌道・水運・航空業","40103","航空業","50~99","2","物上げ装置、運搬機械","23","乗物","239","その他の乗物","18","交通事故（その他）"
"306","2011","平成","23","10","9~10","港の防波堤拡張工事現場の資材仮置場にて、大型トラック荷台から砂利の入った重さ約1トンの屯袋を、バックホウを用いて吊り卸作業を行っていた。大型トラック荷台で作業を行っていた被災者が、大型トラック荷台に載っている屯袋とバックホウで吊り上げた屯袋に挟まれ腰及び腹部を圧迫し負傷したもの。被災後は入院していたものの、様態が悪くなり、災害発生から54日後に死亡したもの。","3","建設業","303","その他の建設業","30309","その他の建設業－その他","10~29","1","動力機械","14","建設機械等","142","掘削用機械","6","激突され"
"307","2011","平成","23","9","3~4","お客様迎車のためタクシーを走行中、本線左車線にて、後続のトラックに追突され、タクシーは弾みで中央分離帯まで飛ばされ、追越し車線で停車した。被災者は、事故発生を営業所に電話連絡したが、直後に追越し車線を走行していた自家用車に追突され、被災したもの。なお、被災者に追突したのち自家用車は逃走したもの。","4","運輸交通業","402","道路旅客運送業","40201","ハイヤー・タクシー業","300~499","2","物上げ装置、運搬機械","22","動力運搬機","221","トラック","17","交通事故（道路）"
"308","2011","平成","23","9","11~12","市内のスーパーの駐車場前歩道で、交通誘導警備業務中、突然通り魔に刃物で腹部など複数箇所刺され、病院へ搬送されたが同日死亡した。","17","その他の事業","1702","その他の事業","170201","警備業","50~99","9","その他","91","その他の起因物","911","その他の起因物","90","その他"
"309","2011","平成","23","9","0~1","高速自動車道を4トントラックで走行中、数分前に前方を走行していた大型トラック2台が事故を起こし、1台が二車線を塞いで停車しており、被災者は、停車していた大型トラックに追突し死亡したもの。事故発生場所は、節電の影響で道路灯が消灯され、事故のため停車していた大型トラックもランプ類は消えていたため、付近一帯は暗闇となっていた。","4","運輸交通業","403","道路貨物運送業","40301","一般貨物自動車運送業","30~49","2","物上げ装置、運搬機械","22","動力運搬機","221","トラック","17","交通事故（道路）"
"310","2011","平成","23","9","9~10","被災者は、揚重作業中のタワークレーン上において、巻上ドラムと起伏ドラムとの間で、機器(クレーンの旋回状況を現場事務所でモニタリングするためのもの)の配線作業を行っていたところ、起伏ドラムが回転し、起伏ワイヤーの尻手部分が被災者の安全帯のロープ部に引っ掛かり、起伏ドラムとタワークレーン床面との間に体ごと巻き込まれた。","3","建設業","302","建築工事業","30201","鉄骨・鉄筋コンクリート造家屋建築工事業","30~49","2","物上げ装置、運搬機械","21","動力クレーン等","211","クレーン","7","はさまれ、巻き込まれ"
"311","2011","平成","23","9","3~4","高層棟1Fテナント用バックヤードにおいて、被災者が梯子を使用して非常用照明器具(100V)の設置作業中に感電し、意識がない状態で天井配管に取り付けした安全帯からぶら下がっていたのが発見された。その後被災者は病院に搬送されたが死亡が確認されたもの。","3","建設業","302","建築工事業","30201","鉄骨・鉄筋コンクリート造家屋建築工事業","1~9","3","その他の装置等","35","電気設備","351","送配電線等","13","感電"
"312","2011","平成","23","9","17~18","ニューマチックケーソン工事のうち、作業室内にコンクリートポンプ車により打設作業中、配管内でコンクリートが閉塞したため作業を中止し、地上において元請労働者及び下請労働者4名により同ポンプ車のフレキシブルホースと地下にコンクリートを供給する配管とを切り離した際、同ホースが大きく振れて先端のピンバルブ部分が元請労働者に激突した他、下請労働者4名が飛散したコンクリートに接触したもの。(請負金額56億)","3","建設業","301","土木工事業","30102","トンネル建設工事業","10~29","1","動力機械","14","建設機械等","149","その他の建設機械等","6","激突され"
"313","2011","平成","23","9","13~14","鉄骨造ビルの新築工事に伴う機械式立体駐車場の設置工事において、被災者ほか1名が、立体駐車場の昇降路内に設置されたゴンドラに搭乗して昇降路の柱を組立てていたところ、ゴンドラの吊元金物の固定ボルトが昇降路天井スラブ下から抜け落ち、高さ約10mのところからゴンドラが落下し、被災者ほか1名がゴンドラと共に墜落した。","3","建設業","302","建築工事業","30201","鉄骨・鉄筋コンクリート造家屋建築工事業","1~9","2","物上げ装置、運搬機械","21","動力クレーン等","216","ゴンドラ","1","墜落、転落"
"314","2011","平成","23","9","3~4","高速の下り車線で被災者は前方の車に追突し、事故処理で他の事故を誘発させないために、非常用の三角表示板を車両後部のトランクから取り出そうと後部にまわったところ、後方から来る車両に追突され、車両の間に挟まれて死亡したもの。","4","運輸交通業","402","道路旅客運送業","40201","ハイヤー・タクシー業","100~299","2","物上げ装置、運搬機械","23","乗物","231","乗用車、バス、バイク","7","はさまれ、巻き込まれ"
"315","2011","平成","23","8","15~16","被災者は、1人で、4m×5m、水深30センチメートルの池のコンクリート壁面にこびりついた苔を取り除くため、被災者所有の手持ちサンダーの砥石をバフにし、ゴム長、ゴム手袋(防電タイプかどうかは調査中)をして苔を取り除く作業をしたいたところ、漏電により感電死したものと推測される。漏電が起きた事実は、アラームが鳴った事実があるとのこと。清掃は2か月に1回ぐらい実施。契約上実施すべき業務。","15","清掃・と畜業","1501","清掃・と畜業","150101","ビルメンテナンス業","不明","1","動力機械","16","一般動力機械","169","その他の一般動力機械","13","感電"
"316","2011","平成","23","8","8~9","契約しているビルの窓ガラス清掃をメインロープとライフラインを通したハーネスを装着し、屋上部から順次作業を開始した。8階部の清掃作業を終え、7階部に下降したところ、メインロープとライフラインと供に、約30メートル下の地面に墜落したもの。","15","清掃・と畜業","1501","清掃・と畜業","150101","ビルメンテナンス業","50~99","3","その他の装置等","37","用具","379","その他の用具","1","墜落、転落"
"317","2011","平成","23","8","9~10","被災者は、自ら軽トラックを運転し市内へ納品するため、高速道路を走行した。高速道路を走行中に後輪がパンクし、中央分離帯に接触した反動で軽トラックが横転し、出血性ショックにより死亡したもの。","1","製造業","107","印刷・製本業","10709","その他の印刷・製本業","1~9","2","物上げ装置、運搬機械","22","動力運搬機","221","トラック","17","交通事故（道路）"
"318","2011","平成","23","8","23~24","駅のエスカレター設置のための土木改良工事における、地上から地下階への階段通路の側壁をウォールソーで7つに切断されたコンクリート塊を移動式クレーンでつり上げて搬出する解体作業において、側壁のうちコーナー部分のコンクリート塊をワイヤで玉掛けし、移動式クレーンでつり上げようとしていた時、隣のコンクリート塊(重量3.8トン)が倒れ、退避していた玉掛け者が下敷きになった。","3","建設業","301","土木工事業","30199","その他の土木工事業","10~29","4","仮設物、建築物、構築物等","41","仮設物、建築物、構築物等","418","建築物、構築物","5","崩壊、倒壊"
"319","2011","平成","23","8","12~13","新設する橋の橋台施工の作業場所において、被災者が測量の前段階である草刈り作業中に虫に刺されたため、作業場所に近接した休憩場所まで歩いて休んでいたところ、同僚が意識不明の被災者を発見した。病院に搬送されたが、死亡が確認された。","3","建設業","301","土木工事業","30105","橋梁建設工事業","1~9","7","環境等","71","環境等","719","その他の環境等","90","その他"
"320","2011","平成","23","7","9~10","木造3階建ての新築工事現場で上部の外壁(3階屋根と2階屋根の間の外壁)に防水シートを貼るために、2階べランダに置いていた防水シートを持って外部足場(一側足場・床幅24センチメートル)を通り、そして足場に設けた昇降梯子に移動する際、または昇っている時に墜落したもの思われる。被災者は搬送先の病院で8月10日に死亡した。昇降梯子は足場の外側に設置していた。","3","建設業","302","建築工事業","30202","木造家屋建築工事業","1~9","4","仮設物、建築物、構築物等","41","仮設物、建築物、構築物等","413","階段、桟橋","1","墜落、転落"
"321","2011","平成","23","7","10~11","工事で使用しているバックホー(機体重量11.5トン)の後方で作業を行っていた被災者に気付かずにバックホーをバックさせたため、被災者がバックホーに腰から下を轢かれた。","3","建設業","301","土木工事業","30107","河川土木工事業","1~9","1","動力機械","14","建設機械等","142","掘削用機械","7","はさまれ、巻き込まれ"
"322","2011","平成","23","7","11~12","屋根上で足場の部材を人力で運搬していたところ、屋根上にある天窓を踏み抜き高さ約11mを墜落した。","3","建設業","302","建築工事業","30201","鉄骨・鉄筋コンクリート造家屋建築工事業","1~9","4","仮設物、建築物、構築物等","41","仮設物、建築物、構築物等","415","屋根、はり、もや、けた、合掌","1","墜落、転落"
"323","2011","平成","23","6","11~12","マンションの消火室で消防用設備の定期点検を行うため泡消火ポンプの制御盤を操作したところ、漏えいした都市ガスに引火し爆発したもの。被災者は全身70%の火傷を負い治療を受けたが、7月2日午後3時30分に死亡した。","17","その他の事業","1702","その他の事業","170209","その他の事業－その他","1~9","5","物質、材料","51","危険物、有害物等","513","可燃性のガス","14","爆発"
"324","2011","平成","23","6","14~15","地上から'高さ約2.7メートルの材木置き場から道路上に墜落したもの。","13","保健・衛生業","1303","その他の保健衛生業","130301","浴場業","1~9","3","その他の装置等","37","用具","371","はしご等","1","墜落、転落"
"325","2011","平成","23","6","10~11","バイク雑誌の取材のため、農業集落道を走行中、対向車が対向車線をはみ出して衝突した。首の骨を折り死亡した。","17","その他の事業","1702","その他の事業","170209","その他の事業－その他","100~299","2","物上げ装置、運搬機械","23","乗物","231","乗用車、バス、バイク","17","交通事故（道路）"
"326","2011","平成","23","6","7~8","現場管理責任者として建物を巡回している途中で、9階建て建物の屋上から1階の植栽内へ墜落した。","15","清掃・と畜業","1501","清掃・と畜業","150101","ビルメンテナンス業","300~499","4","仮設物、建築物、構築物等","41","仮設物、建築物、構築物等","418","建築物、構築物","1","墜落、転落"
"327","2011","平成","23","6","11~12","会社主催のバイクツーリングイベントにおいて、参加者の案内役として参加していた被災者は、国道を走行していたころ、誤って転倒し、道路脇の標示板に衝突した。","8","商業","804","その他の商業","80409","その他の商業－その他","1~9","2","物上げ装置、運搬機械","23","乗物","231","乗用車、バス、バイク","17","交通事故（道路）"
"328","2011","平成","23","5","11~12","枠組足場解体作業中において、最上層で解体した鳥居枠2つを背負うように持って運んでいた労働者が、当該足場から地面まで墜落したもの。墜落高さは37.5m、安全帯を着用していたが、被災者が移動していたと思われる箇所には、安全帯を取り付ける親綱等が設置されていなかった。","3","建設業","302","建築工事業","30201","鉄骨・鉄筋コンクリート造家屋建築工事業","30~49","4","仮設物、建築物、構築物等","41","仮設物、建築物、構築物等","411","足場","1","墜落、転落"
"329","2011","平成","23","5","13~14","地上2階、地下4階建て建築物の新築工事現場において、ドリリングバケットを装着したくい打機での掘削作業を終えて、バケットを砂礫層掘削用バケットに交換するため、くい打機のオペレーターが被災者に、くい打機を旋回させて良いか確認をした後に、上部旋回体を旋回させていたところ、被災者が杭穴への墜落防止用の手すりとくい打機のカウンターウエイトとの間にはさまれた。","3","建設業","302","建築工事業","30201","鉄骨・鉄筋コンクリート造家屋建築工事業","10~29","1","動力機械","14","建設機械等","143","基礎工事用機械","7","はさまれ、巻き込まれ"
"330","2011","平成","23","5","17~18","被災者は、漁獲船で獲れた漁獲物を輸出するため、漁獲物を冷凍運搬船へ転載する業務に立ち会っていた。漁獲物転載中、冷凍運搬船の荷役機器のブームが落下し、ブームの下敷きになり死亡した。","7","畜産・水産業","702","水産業","70209","その他の水産業","50~99","2","物上げ装置、運搬機械","21","動力クレーン等","215","揚貨装置","7","はさまれ、巻き込まれ"
"331","2011","平成","23","5","15~16","被災者がケージに乗って上昇中、5m程度上昇した所で、ケージの前側ワイヤーが巻上げドラムから外れたため、ケージの前側がさがり、斜めになったため、被災者はケージから放り出され、墜落した。","3","建設業","303","その他の建設業","30302","機械器具設置工事業","100~299","2","物上げ装置、運搬機械","21","動力クレーン等","219","その他の動力クレーン等","1","墜落、転落"
"332","2011","平成","23","5","14~15","機械装置の増設工事が完了し、引渡し前の試運転を行っていたところ、加熱炉から出てきた鋼材をチェーンコンベアに送り出す装置(プッシャー)のエアシリンダーの作動に問題があったため、原因調査を行っていた。動作確認では作業責任者が安全確認を行っていたが、一時的に作業場所を離れていた被災者が作業場所に戻った際にエアシリンダーに近づき、作動させたエアシリンダーとコンベアの間に全身を挟まれ被災したもの。","3","建設業","303","その他の建設業","30302","機械器具設置工事業","1~9","1","動力機械","16","一般動力機械","169","その他の一般動力機械","7","はさまれ、巻き込まれ"
"333","2011","平成","23","5","13~14","大学キャンパスでパーテーション用パネル(高さ1m×幅1m厚さ4ミリメートル)を4tトラックボックス構造の荷台後方から建屋内へ搬入作業中、トラック内部からパネルをトラックパワーゲート上に搬出した際、風に煽られ、パワーゲートから高さ約1.2m下の地面に背面から墜落し平成23年5月7日に死亡したもの。(目撃者はいない)","4","運輸交通業","403","道路貨物運送業","40301","一般貨物自動車運送業","30~49","2","物上げ装置、運搬機械","22","動力運搬機","221","トラック","1","墜落、転落"
"334","2011","平成","23","4","10~11","被災者は、港から約10分の沖合において、スクーバ式潜水により採藻業を行っていた。作業に当たっては、潜水士4名(被災者含む)と船頭1名で作業を行っていた。潜水士2名は作業を終了したのち船上で待機し、3人目が海面に浮上したので、浮上者を迎えに行くため、船頭が船のエンジンを始動したところ、被災者が船のスクリュー箇所に首を巻き込まれ、被災したもの。","7","畜産・水産業","702","水産業","70201","漁業","1~9","2","物上げ装置、運搬機械","23","乗物","239","その他の乗物","7","はさまれ、巻き込まれ"
"335","2011","平成","23","4","14~15","高速道路の橋脚(鋼製ボックス構造)の内外における腐食補修作業において、被災者は橋脚外面の補修終了後、単独で当該橋脚の吊り足場の清掃作業を行っていた。当日の作業終了後、集合場所に被災者が見当たらないため、同僚が探したところ、当該橋脚の内部で倒れている被災者を発見した。消防隊による救出直後、当該橋脚内部の環境を測定したところ、一酸化炭素濃度測定器のメーターが振り切れている状態であったこと。","3","建設業","301","土木工事業","30105","橋梁建設工事業","1~9","5","物質、材料","51","危険物、有害物等","514","有害物","12","有害物等との接触"
"336","2011","平成","23","4","11~12","生コン製造プラントのメンテナンス中、プラント建屋屋上からバケットエレベーターに向かう途中の通路の金属製踊り場が腐食していたため、被災者が金属製踊り場に乗った際に床面を踏み抜き、地上まで9.54m墜落した。","1","製造業","109","窯業土石製品製造業","10901","セメント・同製品製造業","1~9","4","仮設物、建築物、構築物等","41","仮設物、建築物、構築物等","416","作業床、歩み板","1","墜落、転落"
"337","2011","平成","23","4","15~16","市内の事業場から3名でトラックに同乗し、建設現場に向かう途中、高速自動車道上のカーブで中央分離帯に激突した後、弾みで反対側のコンクリート壁に激突し、脳挫傷により死亡したもの。(同乗していた他の2名も負傷した。休業60日、休業10日)","3","建設業","302","建築工事業","30202","木造家屋建築工事業","1~9","2","物上げ装置、運搬機械","22","動力運搬機","221","トラック","17","交通事故（道路）"
"338","2011","平成","23","3","18~19","首都高速道路上で、出張から会社へ戻る帰路中、会社の車を運転していたところ、自車がセンターラインを完全にオーバーして対向車と衝突し2名が死亡、1名が骨折(休業見込6か月)したもの。","15","清掃・と畜業","1501","清掃・と畜業","150101","ビルメンテナンス業","10~29","2","物上げ装置、運搬機械","23","乗物","231","乗用車、バス、バイク","17","交通事故（道路）"
"339","2011","平成","23","3","18~19","首都高速道路上で、出張から会社へ戻る帰路中、会社の車を運転していたところ、自車がセンターラインを完全にオーバーして対向車と衝突し2名が死亡、1名が骨折(休業見込6か月)したもの。","15","清掃・と畜業","1501","清掃・と畜業","150101","ビルメンテナンス業","10~29","2","物上げ装置、運搬機械","23","乗物","231","乗用車、バス、バイク","17","交通事故（道路）"
"340","2011","平成","23","3","8~9","被災者は夜間道路工事の現場監督補助業務をしていたが、前夜9時頃から待機している間に現場付近の路上に会社の車を停め、車内でPCを用い書類を作成していた。PCは資材置き場にあった発電機を車内に持ち込んで電源をとって使用していた。次の日朝、8時20分頃上司が確認しに行ったところ、車内で心肺停止の状態でいる被災者を発見した。車内換気については助手席の窓ガラスのみが10センチメートルぐらい開いていた。","3","建設業","301","土木工事業","30106","道路建設工事業","10~29","5","物質、材料","51","危険物、有害物等","514","有害物","12","有害物等との接触"
"341","2011","平成","23","3","13~14","被災者を含め作業員6名にて、本船からコンテナを下ろす作業を行っていたところ、本船後方の海面に被災者のヘルメットが浮遊しているのを他の作業員が発見し、捜索したが行方不明となった。その後、警察署が捜索を続けていたところ、平成23年3月24日9時10分ごろに3バース付近にて、浮遊しているのが発見され、被災者と確認された。","5","貨物取扱業","502","港湾運送業","50202","港湾荷役業","100~299","2","物上げ装置、運搬機械","23","乗物","239","その他の乗物","1","墜落、転落"
"342","2011","平成","23","2","4~5","被災者は市内にある工場で製品を引き取り、別の市内にある事業場へ納入するため、2月14日夜半にトラックで自宅を出発した。当日は雪が降っていた。その後、2月15日の午前5時30分ごろ鹿沼市高谷1152の県道左側2メートル下の空き地に転落しているトラックが発見された。","8","商業","801","卸売業","80109","その他の卸売業","10~29","2","物上げ装置、運搬機械","22","動力運搬機","221","トラック","17","交通事故（道路）"
"343","2011","平成","23","2","18~19","新築工事現場で被災者は、電気工事作業終了後、後片付け作業中、防護管をワンボックスカーの屋根に取り付けてあるキャリアに積み込むため、キャリアの上に乗り防護管をキャリアに固定しようとした際、バランスを崩し道路に墜落した。","3","建設業","302","建築工事業","30203","建築設備工事業","1~9","2","物上げ装置、運搬機械","23","乗物","231","乗用車、バス、バイク","1","墜落、転落"
"344","2011","平成","23","1","11~12","被災者は、事業場の指示により書類発送のため、自宅を出て郵便局に向かう途中、踏切において、踏切遮断中にもかかわらず、踏切横断のため遮断機を手で下げ、踏切に進入したところ準特急電車に激突し死亡した。","17","その他の事業","1702","その他の事業","170209","その他の事業－その他","1~9","2","物上げ装置、運搬機械","23","乗物","232","鉄道車両","18","交通事故（その他）"
"345","2011","平成","23","1","8~9","トラックでドラグショベルを移送し、移送先でトラックの荷台後方に2枚の道板を掛けてドラグショベルを降ろそうとした。被災者は、道板の上を走行させながらドラグショベル降ろしていたところ、片側の道板が荷台から外れ、ドラグショベルと共に転落したもの。なお、被災者は災害発生後、意識不明の状態が続いていたものであるが、7月22日、入院先の病院で亡くなったものである。","3","建設業","301","土木工事業","30106","道路建設工事業","10~29","4","仮設物、建築物、構築物等","41","仮設物、建築物、構築物等","416","作業床、歩み板","1","墜落、転落"
"346","2011","平成","23","1","9~10","6機が同一シャフト(ビルの吹き抜け部)内に連なったエレベーターの間に設けられたエレベーター本体及びカウンターウエイトのガイドレールを保持するための枠状のブラケットの補修工事を行うため、ブラケットにトピック足場を取り付けていた被災者が、隣のエレベーターが動き上昇したため、ブラケットの枠内にカウンターウエイトが降下し、これにぶつかったものである。","3","建設業","302","建築工事業","30203","建築設備工事業","10~29","2","物上げ装置、運搬機械","21","動力クレーン等","214","エレベータ、リフト","6","激突され"
"347","2011","平成","23","2","23~24","会社業務繁忙時期が継続した中で、高速道路本線上にアンテナ設備を設置する工事を管理する担当をしていた被災者が、当日の作業終了後に帰宅した。翌朝から現場に出勤して来ないまま、1週間後、駐車場内で停車していた車内で自殺したところを発見されたもの。","17","その他の事業","1702","その他の事業","170209","その他の事業－その他","300~499","9","その他","92","起因物なし","921","起因物なし","90","その他"
"348","2011","平成","23","3","21~22","帰宅途中の路上で倒れている被災者を発見した通行人が救急車を要請し、大学付属病院に搬送されたが、翌日胸部大動脈瘤破裂により死亡したもの。","17","その他の事業","1702","その他の事業","170201","警備業","不明","9","その他","92","起因物なし","921","起因物なし","90","その他"
"349","2011","平成","23","3","14~15","当該事業場において度重なる叱責を上司から受け不眠を自覚するようになり平成21年1月7日に病院に受診したところうつ病と診断されたが、平成23年3月6日に自宅内で首を吊り自殺した。平成24年2月21日支給決定","17","その他の事業","1702","その他の事業","170209","その他の事業－その他","1~9","9","その他","92","起因物なし","921","起因物なし","90","その他"
"350","2011","平成","23","5","10~11","駅から顧客先への向かう途中倒れ、搬送先の病院にて、虚血性心疾患により死亡したもの。なお、発症前の2カ月の平均時間外労働時間数が107時間であったため、業務上となったものである。","12","教育・研究業","1201","教育・研究業","120102","ソフトウェア業","不明","9","その他","92","起因物なし","921","起因物なし","90","その他"
"351","2011","平成","23","6","20~21","出張先で帰りの駅に向かう途中、横断歩道を歩行中に乗用車にはねられた。救急車で病院へ搬送されたが、死亡が確認された。","9","金融・広告業","901","金融業","90102","証券業・商品取引業","100~299","2","物上げ装置、運搬機械","23","乗物","231","乗用車、バス、バイク","17","交通事故（道路）"
"352","2011","平成","23","6","5~6","被災者は、平成22年4月1日から派遣社員として勤務し、平成23年2月1日より正社員として直接雇用され、企業のホームページの構成や内容の企画立案の業務を担当した者であるが、月に100時間を超える時間外労働に従事することとなり、同年6月14日に医療機関で受診、薬を処方されていたが、そのまま勤務し、同年6月21日早朝に事業場内で首吊り自殺を図ったもの。","17","その他の事業","1702","その他の事業","170202","情報処理サービス業","50~99","9","その他","92","起因物なし","921","起因物なし","90","その他"
"353","2011","平成","23","7","21~22","中国出張中、滞在先ホテル前において車から降車し歩き出した所、スロープ脇のブロックにつまずき頭を強打した。現地の病院に搬送されたが、平成23年7月13日午前0時25分に死亡した。なお、平成24年2月に業務上として労災認定したもの。","8","商業","801","卸売業","80109","その他の卸売業","50~99","4","仮設物、建築物、構築物等","41","仮設物、建築物、構築物等","418","建築物、構築物","2","転倒"
"354","2011","平成","23","8","13~14","平成23年8月16日午後2時ころ、7階建てマンション1階にある店舗の看板取替工事に従事していた被災者が、同マンションに立て掛けたはしご上にて看板取替作業中、はしごから3メートル下の路上に落下し即死したもの。被災者の労働者性は現在調査中である。","3","建設業","303","その他の建設業","30309","その他の建設業－その他","1~9","3","その他の装置等","37","用具","371","はしご等","1","墜落、転落"
"355","2011","平成","23","8","11~12","作業場所において具合が悪くなり病院に搬送されたが、急性虚血性心不全により死亡したもの。発症前6か月における1か月あたりの平均時間外労働時間は約90時間であった。","14","接客娯楽業","1402","飲食店","140201","一般飲食店","不明","9","その他","92","起因物なし","921","起因物なし","90","その他"
"356","2011","平成","23","8","0~1","観光バス運転手である被災者は、平成23年8月18日にくも膜下出血、左椎骨動脈動離により死亡した。死亡直前1か月間の時間外労働時間が100時間を超えていた。","4","運輸交通業","402","道路旅客運送業","40202","バス業","不明","9","その他","92","起因物なし","921","起因物なし","90","その他"
"357","2011","平成","23","9","18~19","トラックで産業道路の上り線を走行中に苦しくなり、車道左側に臨時停車し自ら119番通報したが意識がなくなり、救急隊到着後には心肺停止状態で、病院へ搬送されたが死亡が確認された。平成24年2月21日支給決定","5","貨物取扱業","501","陸上貨物取扱業","50101","陸上貨物取扱業","10~29","9","その他","92","起因物なし","921","起因物なし","90","その他"
"358","2011","平成","23","10","5~6","被災者は、港湾荷役作業に従事する者であるが、平成23年10月25日午前6時頃、同僚により事業場内休憩室のソファに倒れているところを発見され、搬送された病院にて同日午前7時31分、橋脳出血により死亡が確認されたもの。なお、被災者は同日午前4時までの夜勤終了後、送迎バスの出発時刻まで同休憩室内で休憩していたものと思われる。","5","貨物取扱業","502","港湾運送業","50202","港湾荷役業","不明","9","その他","92","起因物なし","921","起因物なし","90","その他"
"359","2011","平成","23","11","10~11","ディスカウントストアに飲料水を納品し、被災者は1階へ戻るため、他事業場の労働者と地下1階より自動車用エレベーターに搭乗。自動車用エレベーターが上昇中、搬器内で突然倒れ、搬器の外に頭部が出てしまい、昇降路内の建物躯体と搬器の床との間に挟まれたもの。","4","運輸交通業","403","道路貨物運送業","40303","貨物軽自動車運送業","50~99","2","物上げ装置、運搬機械","21","動力クレーン等","214","エレベータ、リフト","7","はさまれ、巻き込まれ"
"360","2011","平成","23","11","14~15","平成23年10月23日に発生した地震の被害調査と救助活動を行うため、10月26日から現地で活動をしていたところ、平成23年11月9日夜に、トルコ東部で発生したM5.6の地震により宿泊していたホテルが倒壊。救出されたものの病院に搬送中に死亡したもの。","17","その他の事業","1702","その他の事業","170209","その他の事業－その他","不明","4","仮設物、建築物、構築物等","41","仮設物、建築物、構築物等","418","建築物、構築物","5","崩壊、倒壊"
"361","2011","平成","23","12","20~21","商談終了後、車で降雪により50キロメートル規制がされていた高速自動車道を走行中、対向車線にはみ出し、大型トラックと衝突したもの。","8","商業","801","卸売業","80109","その他の卸売業","不明","2","物上げ装置、運搬機械","23","乗物","231","乗用車、バス、バイク","17","交通事故（道路）"
"362","2011","平成","23","12","1~2","保養施設敷地内に建てられた従業員宿舎から出火、当該建物に一人で宿直していた被災者が、逃げ遅れて焼死した。","17","その他の事業","1702","その他の事業","170209","その他の事業－その他","不明","9","その他","99","分類不能","999","分類不能","16","火災"
"363","2011","平成","23","12","9~10","製糖工場内での蜜タンクの交換工事中に、現場で組立てたタンクの底板を裏返す作業に就いていた被災者が、当該タンク底板が73度の傾斜で立てられた状態のときに、墜落し、災害発生の翌日の午前10時ごろ、搬送先の病院で、肝臓損傷等のため死亡したもの。災害発生時の状況は不明だが、当該底板の工場床面から高さ3.3メートルの箇所付近から転落した可能性が高い。","3","建設業","303","その他の建設業","30302","機械器具設置工事業","1~9","6","荷","61","荷","612","機械装置","1","墜落、転落"
"364","2011","平成","23","12","9~10","工事現場内から国道に出ようとする2トントラックを優先するため、同国道から工事現場敷地内に入場しようとしたワゴン車は、警備員(被災者)からの要請で一時停止をしていたところ、同国道上を走行してきた工事関係外の10トンダンプに追突され、そのはずみで敷地内にいた同警備員(被災者)にワゴン車が激突したもの。(略図のラインの下側が工事現場敷地内である。)","17","その他の事業","1702","その他の事業","170201","警備業","30~49","2","物上げ装置、運搬機械","22","動力運搬機","221","トラック","17","交通事故（道路）"
"365","2011","平成","23","12","10~11","サンドドレーン工法により重機で砂杭を造成する工事現場において、砂杭用の砂を砂バケットに入れ、巻き上げ、ケーシング上部の砂ホッパーから投入作業中、砂バケットをつり上げていた玉掛けワイヤー(外径26ミリメートル)のアイ部分が切断し、約3m後方の運転席から顔を出していた被災者(重機の操作者)の頭部に砂バケットが飛来落下、激突したもの。","3","建設業","301","土木工事業","30111","港湾海岸工事業","10~29","1","動力機械","14","建設機械等","149","その他の建設機械等","4","飛来、落下"
"366","2011","平成","23","12","6~7","飲食店のゴミを収集するため、パッカー車を駐車場に停車し、当該車輌から降りていたところ、当該車両と飲食店の外壁との間に挟まれているところを発見されたもの。通行人が発見した時には、後退のブザー音が鳴っていたが原動機は止まっていた。単独作業で、停車した場所は平坦であり、当該車輌はマニュアル車であった。","15","清掃・と畜業","1501","清掃・と畜業","150102","産業廃棄物処理業","50~99","2","物上げ装置、運搬機械","22","動力運搬機","221","トラック","7","はさまれ、巻き込まれ"
"367","2011","平成","23","11","8~9","物流会社のテント倉庫で、高所作業車を使って屋根の補修作業を行っていたところ、作業員が誤って作業車から転落した。クローラ式高所作業車に乗って屋根の軒先でテント用シートをロープで固縛する作業をしていたが、何らかの原因で高所作業車が転倒し、誤っておよそ7.5メートルの高さから道路へ転落したもの。11月12日収容先の病院で死亡した。","3","建設業","302","建築工事業","30209","その他の建築工事業","1~9","1","動力機械","14","建設機械等","146","高所作業車","1","墜落、転落"
"368","2011","平成","23","10","11~12","市道上で選定作業をしていた庭師作業員が乗った脚立に、同僚の庭師作業員が運転する軽トラックが衝突し、脚立が転倒、脚立に乗っていた作業員は転落し約12時間後に死亡した。脚立高さは2.4m、軽トラックの前に設置しており、同僚の軽トラック運転手が軽トラックを発進させるのに、脚立をよけるため後進しようとしたが、誤って前進させた。","6","農林業","601","農業","60101","農業","1~9","2","物上げ装置、運搬機械","22","動力運搬機","221","トラック","17","交通事故（道路）"
"369","2011","平成","23","10","8~9","トラックで運搬してきた車輌系建設機械(バックホウ)を、荷台から降ろす作業中に発生した災害。被災者が自ら車輌系建設機械を運転し、トラックの荷台から道板を使用して地面に降ろそうとしたところ、道板が荷台から外れ、その拍子に被災者が車輌系建設機械とともに地面に投げ出され、直後に転倒した車輌系建設機械に巻き込まれ死亡したもの。","3","建設業","301","土木工事業","30110","上下水道工事業","1~9","1","動力機械","14","建設機械等","142","掘削用機械","1","墜落、転落"
"370","2011","平成","23","10","11~12","配送作業を終え、トラックの荷台で配送先の荷の準備を行い、荷台から降りようとした際、バランスを崩し墜落したもの。6日後の10月23日に死亡した。","4","運輸交通業","403","道路貨物運送業","40301","一般貨物自動車運送業","50~99","2","物上げ装置、運搬機械","22","動力運搬機","221","トラック","1","墜落、転落"
"371","2011","平成","23","10","8~9","当該事業場前の道路にトラックを止めて、フォークリフト運転手と協力して資材の積み込みを行っていた。被災者は荷台上で待機し、荷の積み込み後に固定作業を行う予定であった。最初の荷を積み込んだフォークリフトが転回し事業場内に戻ろうとしたところ通りがかりの自動車の運転手から「落ちたぞ」と声をかけられ、振り向いたところ、道路上にあおむけに倒れている被災者を発見した。","3","建設業","302","建築工事業","30201","鉄骨・鉄筋コンクリート造家屋建築工事業","1~9","2","物上げ装置、運搬機械","22","動力運搬機","221","トラック","1","墜落、転落"
"372","2011","平成","23","10","10~11","マンション建築工事における、基礎工事中に発生した災害。被災者は、深さ約1.9mに掘削された箇所の清掃作業を一旦終え、休憩のため地上に上がろうと、地面に手をかけ、柱鉄筋の上端に足を乗せて掘削箇所から直接地上に上がろうとしたところ、何らかの理由で足を滑らせ、柱鉄筋に右太ももを刺し貫かれ死亡したもの。","3","建設業","302","建築工事業","30201","鉄骨・鉄筋コンクリート造家屋建築工事業","1~9","4","仮設物、建築物、構築物等","41","仮設物、建築物、構築物等","419","その他の仮設物、建築物、構築物等","2","転倒"
"373","2011","平成","23","10","10~11","本船コンテナ荷役作業中、右舷キャットウォーク下のデッキ上で、デッキ通路より同僚からコンテナのロックピンを解除する際に使用する、長さ7メートルのピン返し棒を受け取り、船内に引き込もうとした時バランスを崩し、約13メートル下の岸壁に転落した。","5","貨物取扱業","502","港湾運送業","50202","港湾荷役業","30~49","4","仮設物、建築物、構築物等","41","仮設物、建築物、構築物等","416","作業床、歩み板","1","墜落、転落"
"374","2011","平成","23","9","17~18","駅前バス停から路線バスを運行中のバス運転手が、駅前バス停を通過直後、台風の影響により断線していた高圧電線が道路上に認められたため、バスを降りて当該電線を持ち、道路脇に向かって歩行中に、感電により倒れたもの。心肺停止状態で救急搬送されたが死亡した。","4","運輸交通業","402","道路旅客運送業","40202","バス業","100~299","3","その他の装置等","35","電気設備","351","送配電線等","13","感電"
"375","2011","平成","23","9","0~1","被災者が運転していた15トントラックが高速道路のトンネル内中央車線で炎上し、被災者が焼死したもの。なお、参考事項として本件発生前に災害発生場所付近で、2件の接触事故が発生している。(詳細は現在調査中)","4","運輸交通業","403","道路貨物運送業","40301","一般貨物自動車運送業","100~299","2","物上げ装置、運搬機械","22","動力運搬機","221","トラック","17","交通事故（道路）"
"376","2011","平成","23","9","17~18","製品積み込み用の油圧式パレッタイザーリフター(テーブルリフター)の油圧シリンダーに油漏れが発見されたため、修理しようとしてリフターの下に入ったところ、リフターが下がってきて胸部から腹部にかけて挟まれてしまったもの。","1","製造業","101","食料品製造業","10101","肉製品、乳製品製造業","100~299","2","物上げ装置、運搬機械","21","動力クレーン等","214","エレベータ、リフト","7","はさまれ、巻き込まれ"
"377","2011","平成","23","8","16~17","事業場に隣接する運河の護岸において、海水サンプル採取作業を行っていた被災者が行方不明となり、落水したと思われる地点から約7メートルの海底から発見されたもの。","8","商業","804","その他の商業","80401","倉庫業","10~29","7","環境等","71","環境等","713","水","10","おぼれ"
"378","2011","平成","23","8","15~16","092 RC造4階建て建物の外壁改修工事を請け負っていた建設会社の当該作業所長が、3階吸気口周囲の雨漏れ箇所を補修するため一人で、屋上から親綱とロリップと安全帯を使用し下降しようとしたところ、屋上から約1メートル下の箇所で動けなくなった。自ら携帯電話で救助を求め、約30分後に引き上げられたものの意識不明となり、翌日朝7:34に搬送先病院にて死亡したもの。","3","建設業","302","建築工事業","30209","その他の建築工事業","100~299","3","その他の装置等","37","用具","379","その他の用具","90","その他"
"379","2011","平成","23","8","11~12","自動運転中の大線引機(銅線を引き延ばして巻き取りする一連の装置)を構成するドラムトラバース巻取装置の鉄ドラムと銅線の間に左腕からはさまれ、死亡したもの。","1","製造業","111","非鉄金属製造業","11101","非鉄金属精錬・圧延業","50~99","1","動力機械","16","一般動力機械","163","ロール機（印刷ロール機を除く。）","7","はさまれ、巻き込まれ"
"380","2011","平成","23","8","10~11","S造平屋建ての工場増築工事において、朝9時から1階コンクリート土間打設作業を行っていたところ、バイブレーターを使用してコンクリートのならしを行っていた被災者が10時半頃に体調が悪そうなため、職長が休憩を指示した。しかし、その後も体調が回復しないため、病院に搬送して治療を行ったが、21時07分に死亡したもの。","3","建設業","302","建築工事業","30201","鉄骨・鉄筋コンクリート造家屋建築工事業","100~299","7","環境等","71","環境等","715","高温・低温環境","11","高温・低温の物との接触"
"381","2011","平成","23","8","11~12","市道の舗装補修工事現場で交通誘導を行っていた被災者が、昼休みをとるために休憩場所へ向かっていたところ、体調が急激に悪くなり、意識不明となって救急車で病院へ搬送されたがまもなく死亡したもの。なお、現場の作業開始時間は朝9時からであり、被災者は10時頃に15分程度の休憩もとっていた。","17","その他の事業","1702","その他の事業","170201","警備業","50~99","7","環境等","71","環境等","715","高温・低温環境","11","高温・低温の物との接触"
"382","2011","平成","23","8","16~17","岸壁防波堤の測量作業を行っているとき、測量場所を移動するため、労働者が防潮堤(海面からの高さ約3m、地上からの高さ約1.7m)の上面(幅約50センチメートル)を歩行していたところ、海中に転落し、溺死したもの。災害発生の際、転落防止措置を何ら講じておらず、被災者は救命胴衣を着用していなかった。転落の瞬間を目撃した者はいないが、被災者は泳ぐことができなかったと考えられる。","17","その他の事業","1702","その他の事業","170209","その他の事業－その他","30~49","7","環境等","71","環境等","713","水","10","おぼれ"
"383","2011","平成","23","7","12~13","被災者は、ビル6階店舗に販売したエアコンの点検・修理等を手配し、関係工事の完了を確認するため車中で待機していた。そして、工事完了の報告を受けて同店舗に行くためエレベーターホールに向かう際、通路脇の地下階段を踏み外して約4メートル下に転落し被災したもの。","8","商業","802","小売業","80209","その他の小売業","1~9","4","仮設物、建築物、構築物等","41","仮設物、建築物、構築物等","413","階段、桟橋","1","墜落、転落"
"384","2011","平成","23","7","17~18","木造2階建住宅の解体工事を行っていた。被災者は1階屋根上(高さ3.75m)に乗り、防水シートを下に投げ降ろしていた。その作業中、バランスを崩し、地面(コンクリート)上に墜落した。被災者は、安全帯、安全帽を使用していなかった。","3","建設業","302","建築工事業","30202","木造家屋建築工事業","1~9","4","仮設物、建築物、構築物等","41","仮設物、建築物、構築物等","415","屋根、はり、もや、けた、合掌","1","墜落、転落"
"385","2011","平成","23","7","8~9","2階建て木造住宅解体工事において、周囲を仮囲いしようとしたところ、屋外に設置されていた電気温水器(高さ1.9×幅0.66×奥行き0.66m)が邪魔となった。そのため、3名で移動しようとしたところ、被災者が倒れてきた電気温水器の下敷きとなり死亡したもの。","3","建設業","302","建築工事業","30209","その他の建築工事業","10~29","6","荷","61","荷","612","機械装置","5","崩壊、倒壊"
"386","2011","平成","23","6","8~9","簡易枠の外部足場上(6段目)で、外壁の型枠パネルの取り外し作業を行っていた被災者が、足場と躯体の間の1.4メートルある隙間から6.8メートル下の建物外階段の2階踊り場に墜落した。","3","建設業","302","建築工事業","30201","鉄骨・鉄筋コンクリート造家屋建築工事業","1~9","4","仮設物、建築物、構築物等","41","仮設物、建築物、構築物等","411","足場","1","墜落、転落"
"387","2011","平成","23","6","14~15","保養所の施設改修(側溝の補修)工事において、エンジンをかけたまま停車していた貨物自動車(2tダンプ)の運転者が運転席の外からエンジンを停止させたところ、貨物自動車が後方に逸走し、貨物自動車の後方で作業していた被災者がひかれたもの。サイドブレーキはかけられていなかった。貨物自動車には坂道発進補助装置が搭載されてたためエンジンが起動している状態では逸走しなかった。","3","建設業","301","土木工事業","30106","道路建設工事業","1~9","2","物上げ装置、運搬機械","22","動力運搬機","221","トラック","6","激突され"
"388","2011","平成","23","6","10~11","被災者所属事業場から町内に在る取引先に社用車を運転し向かう途中、道路の合流地点において、ガードレールに接触しそのはずみで対向車線に飛び出した。この際、反対車線を走行していたトレーラーに正面衝突しトレーラー運転手は負傷、被災者は死亡したもの。","1","製造業","112","金属製品製造業","11209","その他の金属製品製造業","100~299","2","物上げ装置、運搬機械","23","乗物","231","乗用車、バス、バイク","17","交通事故（道路）"
"389","2011","平成","23","5","6~7","バイクで新聞配達中、片側2車線道路の中原街道を走行し、信号機のない交差点を右折する際、対向車線から直進してきた2トントラックと衝突したもの。","8","商業","802","小売業","80205","新聞販売業","1~9","2","物上げ装置、運搬機械","22","動力運搬機","221","トラック","17","交通事故（道路）"
"390","2011","平成","23","5","9~10","葬儀場内部のクロス張替え等修繕工事において、電気工事を請け負った一次下請の労働者(一人親方特別加入者だが専属制、日給制、指揮命令状況からみて労働者の可能性が高い)が、作業開始直後に気分が悪くなり階段に倒れて脂汗をかいていたため、車中で休憩をするために作業仲間に付き添われて建物内部の階段を2階から1階へ降りていた際に、体がふらついて1階の床まで8段転落して頭蓋内損傷により死亡したもの。","3","建設業","302","建築工事業","30209","その他の建築工事業","10~29","4","仮設物、建築物、構築物等","41","仮設物、建築物、構築物等","413","階段、桟橋","1","墜落、転落"
"391","2011","平成","23","5","8~9","被災者が、当日の作業(屋外での配送用コンテナの片付け)が終了し、着替え等を行うため建物内に戻ろうと5段の階段を上っていたところ転倒し、仰向けのまま地面に後頭部を打ち付け、脳挫傷により死亡したもの。","4","運輸交通業","403","道路貨物運送業","40302","特定貨物自動車運送業","10~29","4","仮設物、建築物、構築物等","41","仮設物、建築物、構築物等","413","階段、桟橋","1","墜落、転落"
"392","2011","平成","23","5","14~15","廃棄物の焼却熱を利用しボイラーから蒸気タービンを稼働させる前に、ボイラーからタービンをつなぐ配管の蒸気フラッシング(配管内の赤さび等を清掃する)作業を行っていた。バルブ操作により、配管内に2MPaの圧力のかかった蒸気を流しては止めること20回程行うところ8回目のバルブの解放を行って全開に至る前に、配管の末端に設けていたサイレンサーと配管のつなぎ溶接部分と配管の溶接個所の2か所破断し、被災した。","3","建設業","303","その他の建設業","30302","機械器具設置工事業","10~29","3","その他の装置等","31","圧力容器","319","その他の圧力容器","15","破裂"
"393","2011","平成","23","5","9~10","木造2階建て新築工事現場の建方作業中、2階梁上にてかがんで金具の締め付け作業を行っていたところ、1階の基礎スラブ(コンクリート床)へ墜落(高さ3.43m)し、頭部および胸部を強打し負傷したもの。救急車で小田原市立病院へ搬送し入院したが、2日後死亡したもの。","3","建設業","302","建築工事業","30202","木造家屋建築工事業","1~9","4","仮設物、建築物、構築物等","41","仮設物、建築物、構築物等","415","屋根、はり、もや、けた、合掌","1","墜落、転落"
"394","2011","平成","23","5","9~10","雨水貯留ますの深さを変更するため、雨水貯留ますの横を、幅約2.6m、深さ約2.5mでバックホーを使用し掘削作業中、土砂が崩壊し、掘削溝の中にいた被災者に土砂が直撃したもの。","3","建設業","301","土木工事業","30199","その他の土木工事業","30~49","7","環境等","71","環境等","711","地山、岩石","5","崩壊、倒壊"
"395","2011","平成","23","5","4~5","粉末洗剤製造工程の充填機械において、粉末洗剤の梱包・充填業務のラインの糊付けローラー部分にグリスを塗る作業を行う際、ローラーを停止させておらず、ローラーの回転軸に突出した部分があったため、作業着の右胸のポケットから右腕、首元の作業着の部分までがローラーの回転軸に巻き込まれ死亡したものである。","1","製造業","108","化学工業","10899","その他の化学工業","100~299","1","動力機械","16","一般動力機械","169","その他の一般動力機械","7","はさまれ、巻き込まれ"
"396","2011","平成","23","4","15~16","脚立に上り非常口の誘導灯の交換作業中、脚立ごと倒れて脚立の内側に墜落し、頭を打って死亡したもの。","3","建設業","302","建築工事業","30209","その他の建築工事業","10~29","3","その他の装置等","37","用具","371","はしご等","1","墜落、転落"
"397","2011","平成","23","4","8~9","港湾倉庫に設置されるコーン等の穀物飼料が保管されているコンクリート製サイロ(3m×4m 深さ5m)内部において、飼料の増量保管する空間を確保するため、作業者3名で砂山状に堆積された穀物飼料を均していたところ、別作業者が当該飼料をサイロから取り出すために下部排出口を解放したため、内部にいた1名は梯子につかまり無事であったが、他の2名が流出する当該飼料に飲み込まれ、埋没し胸部圧迫により死亡したもの。","5","貨物取扱業","501","陸上貨物取扱業","50101","陸上貨物取扱業","10~29","4","仮設物、建築物、構築物等","41","仮設物、建築物、構築物等","418","建築物、構築物","1","墜落、転落"
"398","2011","平成","23","4","8~9","港湾倉庫に設置されるコーン等の穀物飼料が保管されているコンクリート製サイロ(3m×4m 深さ5m)内部において、飼料の増量保管する空間を確保するため、作業者3名で砂山状に堆積された穀物飼料を均していたところ、別作業者が当該飼料をサイロから取り出すために下部排出口を解放したため、内部にいた1名は梯子につかまり無事であったが、他の2名が流出する当該飼料に飲み込まれ、埋没し胸部圧迫により死亡したもの。","5","貨物取扱業","501","陸上貨物取扱業","50101","陸上貨物取扱業","10~29","4","仮設物、建築物、構築物等","41","仮設物、建築物、構築物等","418","建築物、構築物","1","墜落、転落"
"399","2011","平成","23","4","12~13","092 労働者5名で市内のボートヤードにおいて、架台上の屋形船の修理を行っていたところ、被災者が地面で倒れているところを発見されたもの。死因は外傷性クモ膜下出血。","1","製造業","115","輸送用機械等製造業","11501","造船業","10~29","2","物上げ装置、運搬機械","23","乗物","239","その他の乗物","1","墜落、転落"
"400","2011","平成","23","4","9~10","月次点検に向かう途中、原動機付き自転車で赤信号を見落として交差点に進入し、横断歩道上で自転車と接触し転倒したもの。入院加療中であったが、平成23年4月29日13時34分に死亡が確認された。","17","その他の事業","1702","その他の事業","170209","その他の事業－その他","50~99","2","物上げ装置、運搬機械","23","乗物","231","乗用車、バス、バイク","17","交通事故（道路）"
"401","2011","平成","23","3","16~17","コーヒー生豆を加湿攪拌する機械をエアガンを用いて清掃していたところ、攪拌部分に全身を巻き込まれ死亡したもの。","1","製造業","101","食料品製造業","10109","その他の食料品製造業","100~299","1","動力機械","16","一般動力機械","169","その他の一般動力機械","7","はさまれ、巻き込まれ"
"402","2011","平成","23","3","17~18","建物改修工事において、現場作業終了後に施工状況や建物の施錠確認などを行っていた被災者が、建物屋上に設けられている天窓を踏み抜き、9.5mの高さから墜落し、死亡したもの。","3","建設業","302","建築工事業","30209","その他の建築工事業","1~9","4","仮設物、建築物、構築物等","41","仮設物、建築物、構築物等","418","建築物、構築物","1","墜落、転落"
"403","2011","平成","23","3","16~17","震災時に事業場敷地内の駐車場に避難した際に、突然意識を失って倒れ、病院に搬送されるも「解離性大動脈瘤破裂」で死亡したもの。","1","製造業","113","一般機械器具製造業","11301","機械（精密機械を除く）器具製造業","100~299","9","その他","92","起因物なし","921","起因物なし","90","その他"
"404","2011","平成","23","2","13~14","RC壁柱(プレキャストコンクリート(PC)板(サイズ2540×880×200ミリメートル、重量980キログラム)をスリット状に建て込む構造の不連続壁)を築造するため、PC板を据え付け、控えサポートを設置後、クレーンの吊りワイヤロープの玉外しをしたところ、PC板が倒壊し、近くで次のPC板の建て込み準備作業をしていた被災者が下敷きとなったもの。","3","建設業","302","建築工事業","30201","鉄骨・鉄筋コンクリート造家屋建築工事業","30~49","4","仮設物、建築物、構築物等","41","仮設物、建築物、構築物等","418","建築物、構築物","5","崩壊、倒壊"
"405","2011","平成","23","2","11~12","前記建屋内で発電用タービン部品(鋼製の輪を半分した形状で重量4.1トン)の梱包作業中、被災者が床上操作式のクラブトロリ型天井走行クレーン(主巻80トン、補巻20トン)で同部品を梱包材である木製架台の上方約60センチメートルに移動し据置き位置の微調整のため一旦停止させた。次にクレーンを微調整走行させところ、同部品が上部から被災者側に反転し、落下した荷と床面との間に被災者が胸部を挟まれたもの。","1","製造業","117","その他の製造業","11709","その他の製造業－その他","1~9","6","荷","61","荷","612","機械装置","4","飛来、落下"
"406","2011","平成","23","2","13~14","荷を積載し構内の道路をバックで直進していたフォークリフト(最大積載荷重8トン)が突然進路を外れ縁石を乗り越え、屋外でプラント移設のための配管工事の準備作業が行われていたところに突っ込み、作業していた作業員1名を轢いたもの。","3","建設業","302","建築工事業","30203","建築設備工事業","10~29","2","物上げ装置、運搬機械","22","動力運搬機","222","フォークリフト","7","はさまれ、巻き込まれ"
"407","2011","平成","23","2","8~9","個人の別荘内の樹木の剪定作業中、乗っていた枝が折れて約2.5mの高さから落下し、頸部、胸部を地面に強打した。事故後入院して治療を続けていたが、平成23年7月1日午後11時40分死亡した。","6","農林業","601","農業","60101","農業","1~9","7","環境等","71","環境等","712","立木等","1","墜落、転落"
"408","2011","平成","23","2","13~14","被災労働者は、オーダーピッキングトラックを用いて、ピッキング作業中、ラック3段目から、ダンボール1ケースをピッキングする際に、運転席床面高さ約3メートルから、墜落したもの。オーダーピッキングトラック運転席には、取り外し可能な手すりが両脇と正面に設けられているが、正面の手すりは、使用されていなかった。また、被災労働者は、安全帯は着用していたものの、使用していなかった。","5","貨物取扱業","501","陸上貨物取扱業","50101","陸上貨物取扱業","50~99","2","物上げ装置、運搬機械","22","動力運搬機","222","フォークリフト","1","墜落、転落"
"409","2011","平成","23","1","14~15","木造2階建家屋屋根塗替工事において、被災者が軒先高さ5.88メートルのトタン屋根上で塗装作業を行っていたところ、公道のアスファルト上に墜落した。被災者は緊急搬送され治療を受けていたが、平成23年2月5日午後7時30分ごろ急性硬膜外血腫及びクモ膜下血腫により死亡したもの。","3","建設業","302","建築工事業","30209","その他の建築工事業","30~49","4","仮設物、建築物、構築物等","41","仮設物、建築物、構築物等","415","屋根、はり、もや、けた、合掌","1","墜落、転落"
"410","2011","平成","23","1","22~23","被災者が現場から事業場が借りている駐車場へ社用車を入庫する途中(業務中)の公道を運転走行中、反対車線にはみ出し、道路沿いの店舗に衝突する交通事故を発生させたもの。被災者は病院に搬送されたが死亡し、腹部大動脈瘤破裂と診断された。事故発生4年前の既往歴にて脳梗塞を発症しており、また事故発生6ヶ月以内の時間外労働時間は月平均88時間であった。","17","その他の事業","1702","その他の事業","170209","その他の事業－その他","10~29","9","その他","92","起因物なし","921","起因物なし","90","その他"
"411","2011","平成","23","1","18~19","コンテナ船内において、ラッシング・ブリッジ歩廊上で積荷コンテナの固定具(ツイストロックピン)の解除作業を行っていたところ、5.3m下の船舶デッキ上に墜落したもの。","5","貨物取扱業","502","港湾運送業","50202","港湾荷役業","30~49","4","仮設物、建築物、構築物等","41","仮設物、建築物、構築物等","418","建築物、構築物","1","墜落、転落"
"412","2011","平成","23","12","14~15","被災者は、公園井戸水位揚水量の測定のため社用車(軽自動車)で国道を走行中、渋滞で停止していたトラックに激突し被災したもの。","3","建設業","303","その他の建設業","30309","その他の建設業－その他","10~29","2","物上げ装置、運搬機械","23","乗物","231","乗用車、バス、バイク","17","交通事故（道路）"
"413","2011","平成","23","1","7~8","事業場内の配管にロープをかけて首を吊っている被災者が午前9時15分頃、発見されたもの。死体検案書による死亡時刻は、午前8時0分頃(推定)、自殺であった。業務上のトラブル及び仕事内容及び量等の変化から心理的負荷による精神疾患を発症し、自殺したものとして労災認定されたもの。","17","その他の事業","1702","その他の事業","170202","情報処理サービス業","300~499","9","その他","92","起因物なし","921","起因物なし","90","その他"
"414","2011","平成","23","9","5~6","平成23年9月16日9時15分頃、新潟への出張のため災害発生場所へ立ち寄った被災者が机に伏すように倒れたため、救急車で病院へ搬送され、搬送先病院で死亡したもの。診断結果はくも膜下出血・脳動脈瘤破裂。","3","建設業","301","土木工事業","30111","港湾海岸工事業","不明","9","その他","92","起因物なし","921","起因物なし","90","その他"
"415","2011","平成","23","6","20~21","平成23年6月17日午後7時30分頃、事業場内で調理作業中に倒れ、病院に搬送されたが、2日後の6月19日に脳出血により死亡したもの。直近の時間外労働が月100時間を超えており、著しい疲労の蓄積をもたらす特に過重な業務に従事していたものとして労災認定されたもの。","14","接客娯楽業","1402","飲食店","140201","一般飲食店","不明","9","その他","92","起因物なし","921","起因物なし","90","その他"
"416","2011","平成","23","9","6~7","保冷車庫内において、被災者が一人で荷を積み込む作業を行っていたところ、次に積み込みを行う作業者が、作業が止まっているのを不審に思い、保冷車を見に行ったところ、心肺停止状態で倒れている被災者が発見された。病院に搬送されたが、同日死亡が確認されたもの。目立った外傷はなし。","4","運輸交通業","403","道路貨物運送業","40301","一般貨物自動車運送業","不明","9","その他","92","起因物なし","921","起因物なし","90","その他"
"417","2011","平成","23","12","8~9","操作室2階の手すりを外してある開口部から、フォークリフトのパレットに上がり、ごみの入った袋を載せていたところ、パレットが壊れ高さ4.1mから墜落し床に頭部を強打した。","17","その他の事業","1702","その他の事業","170209","その他の事業－その他","1~9","2","物上げ装置、運搬機械","22","動力運搬機","222","フォークリフト","1","墜落、転落"
"418","2011","平成","23","11","9~10","被災者は、車両運搬用トラックであるキャリアカーの油圧により開閉するテールゲート(車両後部の道板兼あおり、約200キログラム)の油圧シリンダーに接続される油圧ホースを交換後、油圧の作動に使われる作動油の補充を災害発生場所であるガソリンスタンドにおいて行っていたところ、倒れてきたテールゲートとコンクリート床面との間に挟まれたもの。","6","農林業","601","農業","60101","農業","1~9","2","物上げ装置、運搬機械","22","動力運搬機","221","トラック","5","崩壊、倒壊"
"419","2011","平成","23","11","15~16","工場屋根の瓦葺き替え作業中、約6.3m下のコンクリート上に墜落した。","3","建設業","302","建築工事業","30202","木造家屋建築工事業","1~9","4","仮設物、建築物、構築物等","41","仮設物、建築物、構築物等","415","屋根、はり、もや、けた、合掌","1","墜落、転落"
"420","2011","平成","23","8","9~10","同僚2名とともにナラ木の伐採作業中、転倒した状態で同僚に発見され、病院に搬送されたが、大動脈破裂により死亡したもの。被災者は枯れて転倒したナラ木根株部の脇に倒れていた。","6","農林業","602","林業","60201","木材伐出業","1~9","7","環境等","71","環境等","712","立木等","5","崩壊、倒壊"
"421","2011","平成","23","7","11~12","住宅リフォーム工事において屋根の破風板を取り替える作業中、ブラケット一側足場の3層目から地上に通ずる昇降階段を降りていたところ、昇降階段の手すりの下から(中さんなし)、約5メートル下の地上に墜落し、死亡した。被災者は、墜落防止用ヘルメットを着用していたが墜落の際に脱げ、地上にあったコンクリートブロックに頭部を打ち付けたもの。","3","建設業","302","建築工事業","30202","木造家屋建築工事業","1~9","4","仮設物、建築物、構築物等","41","仮設物、建築物、構築物等","413","階段、桟橋","1","墜落、転落"
"422","2011","平成","23","7","9~10","砂利採取予定地において、被災者は1人でダンプトラックと掴み機を交互に運転し、材木の搬出作業を行っていた。被災者が掴み機を運転し、無人ダンプトラックに材木を積んでいた際、同トラックが下りの坂を逸走したため、これを止めようとした被災者が誤って同トラックに轢かれたものと推定される。なお、同トラック運転席側の後輪に血痕が付着していた。","2","鉱業","202","土石採取業","20202","砂利採取業","1~9","2","物上げ装置、運搬機械","22","動力運搬機","221","トラック","7","はさまれ、巻き込まれ"
"423","2011","平成","23","6","13~14","営業のため軽自動車を運転し、市内の事業場から別の市内の訪問先に向かう途中、国道を走行していたところ、センターラインを越えて対向車線にはみだし、対向の大型トレーラーと正面衝突して、内蔵破裂により死亡した(労働者性に疑義があったが、平成23年10月21日労災支給決定)。","8","商業","804","その他の商業","80409","その他の商業－その他","1~9","2","物上げ装置、運搬機械","23","乗物","231","乗用車、バス、バイク","17","交通事故（道路）"
"424","2011","平成","23","6","11~12","東北地方太平洋沖地震による震災復旧工事のため、船で港の防波堤等の測量及び被災写真の撮影を行った。帰港後、気分が悪くなったため、車で宿に戻る途中、意識を失い、特発性心室細動により死亡したもの。(過重な長時間労働により心臓疾患を発症、平成23年11月18日労災保険支給決定)","17","その他の事業","1702","その他の事業","170209","その他の事業－その他","10~29","9","その他","92","起因物なし","921","起因物なし","90","その他"
"425","2011","平成","23","6","15~16","配送先構内において、13トントラックの運転席で積荷の待機中、過重労働による急性心不全を発症して死亡したもの(平成24年2月9日労災保険支給決定)。","4","運輸交通業","403","道路貨物運送業","40301","一般貨物自動車運送業","100~299","9","その他","92","起因物なし","921","起因物なし","90","その他"
"426","2011","平成","23","5","10~11","被災者は展望タワーの日常点検のため、同タワー内部に設置してある作業用エレベーター(積載荷重200キロ:現在確認中)に搭乗し、地上から約100メートル上にある塔頂機械室に向かったが、到着直前に頭部をエレベーターの縁とプラットホームの間にはさまれた。","8","商業","804","その他の商業","80409","その他の商業－その他","50~99","2","物上げ装置、運搬機械","21","動力クレーン等","214","エレベータ、リフト","7","はさまれ、巻き込まれ"
"427","2011","平成","23","3","16~17","工場内で仕分けされた産業廃棄物を最終処分場に搬出するため、被災者の誘導の下、ダンプトラック(最大積載量8900キログラム)を工場搬出入口から工場内に後進にて進入させていたところ、被災者が同車両の右側後輪に頭部を轢かれ被災したもの。","15","清掃・と畜業","1501","清掃・と畜業","150102","産業廃棄物処理業","50~99","2","物上げ装置、運搬機械","22","動力運搬機","221","トラック","7","はさまれ、巻き込まれ"
"428","2011","平成","23","3","18~19","市内の店舗へ車両を輸送するため、車両搬送車で片側3車線道路の追い越し車線を走行中、前方にガス欠で放置されていた中型貨物自動車(4t、ハザードランプ点滅のみ)を避けきれず追突。","1","製造業","117","その他の製造業","11701","自動車整備業","10~29","2","物上げ装置、運搬機械","22","動力運搬機","221","トラック","17","交通事故（道路）"
"429","2011","平成","23","2","9~10","被災者を含む2名で、鋳型(砂)の成形を行っていたが、硬化剤不足により、硬化が不良な状態になってしまった。やり直しをするため、金型を反転させ中の砂などを排出しようと天井クレーンでつり上げたところ、中の木型が外れてしまったことから、金型の真下に入り砂に噛んだ木型の部品を専用工具で外していたところ、金型の内側に付着していた砂の塊(800キログラム)が落下し被災者を直撃した。","1","製造業","110","鉄鋼業","11002","鋳物業","30~49","5","物質、材料","52","材料","523","石、砂、砂利","4","飛来、落下"
"430","2011","平成","23","2","9~10","構内にいた別会社の労働者がタンクローリーに上がっていた被災者の姿が見えなくなったため、同タンクローリーのタンク(直径2.4m 長さ6m)内を覗いたところ、仰向けで倒れている2人を発見した。タンクローリーは積み荷の「アセトン」を降ろした後、窒素ガスを充填しており、タンク中は低酸素状態になっていた。タンク内に落とした異物を取りに入った運転手が重体、救出に入った被災者が死亡したものである。","4","運輸交通業","403","道路貨物運送業","40301","一般貨物自動車運送業","1~9","7","環境等","71","環境等","714","異常環境等","12","有害物等との接触"
"431","2011","平成","23","2","12~13","飲料水試験検査(試料採取)の出張業務として、被災者は社用車を運転して県道を走行し、町内の踏切を通行しようと同踏切内に入ったところ、列車に衝突された。当時、踏切の遮断機は故障しており、その両側に配置された社員各1人が手動によるその開閉と通行車両の誘導にあたっていたが、本件はその誘導者の誘導ミスにより発生したものとされる。","17","その他の事業","1702","その他の事業","170209","その他の事業－その他","100~299","2","物上げ装置、運搬機械","23","乗物","232","鉄道車両","18","交通事故（その他）"
"432","2011","平成","23","1","13~14","労働者2名により、スギ木の伐木作業中、かかり木状態にあるスギ木をつかみ機(ドラグショベルのバケットを替えたもの)で倒すため、つかみ機の背面でかかり木を上部に向かって押し上げていたところ、かかり木が倒れ、下方で伐採作業を行なっていた被災者が下敷きとなった。翌日の午後2時ごろ、収容先の病院で死亡したもの。","6","農林業","602","林業","60201","木材伐出業","10~29","1","動力機械","14","建設機械等","149","その他の建設機械等","5","崩壊、倒壊"
"433","2011","平成","23","1","2~3","早朝の道路除雪作業を行うため被災者は午前2時頃に出社し、事務室で除雪作業員を呼び出す電話連絡を行っていたところ、机に伏せるように前のめりになって倒れ、同僚の呼びかけにも応じなっかたため、手配された救急車で病院へ搬送されたものの、当日午前2時25分、急性心筋梗塞により死亡した。(平成23年8月31日労災保険支給決定)","3","建設業","301","土木工事業","30199","その他の土木工事業","10~29","9","その他","92","起因物なし","921","起因物なし","90","その他"
"434","2011","平成","23","1","9~10","同僚と二人でスノーダンプを使用し工場屋根の雪下ろし作業を行っていた。被災者が、軒先にある雪を下ろしたと同時にスノーダンプが落下し、その後被災者も4.015m下のコンクリート面に墜落した。雪下ろし作業は前日から引き続き二人で実施していたもので安全帯の着用はなく、墜落用保護帽の着用はあったが顔面から墜落し被災した。","1","製造業","110","鉄鋼業","11009","その他の鉄鋼業","10~29","4","仮設物、建築物、構築物等","41","仮設物、建築物、構築物等","415","屋根、はり、もや、けた、合掌","1","墜落、転落"
"435","2011","平成","23","1","17~18","工事現場の作業終了後、労働者3名は市内のアパートに帰宅するため、自社所有のワゴン車に乗車し、高速道路(片側一車線の対面通行)を走行中、路面の雪により車両がスリップして対向車線をはみ出し、大型トラックに衝突した。この事故によりワゴン車に乗車していた3名全員が死亡した。","3","建設業","301","土木工事業","30199","その他の土木工事業","10~29","2","物上げ装置、運搬機械","23","乗物","231","乗用車、バス、バイク","17","交通事故（道路）"
"436","2011","平成","23","1","17~18","工事現場の作業終了後、労働者3名は市内のアパートに帰宅するため、自社所有のワゴン車に乗車し、高速道路(片側一車線の対面通行)を走行中、路面の雪により車両がスリップして対向車線をはみ出し、大型トラックに衝突した。この事故によりワゴン車に乗車していた3名全員が死亡した。","3","建設業","301","土木工事業","30199","その他の土木工事業","10~29","2","物上げ装置、運搬機械","23","乗物","231","乗用車、バス、バイク","17","交通事故（道路）"
"437","2011","平成","23","1","17~18","工事現場の作業終了後、労働者3名は市内のアパートに帰宅するため、自社所有のワゴン車に乗車し、高速道路(片側一車線の対面通行)を走行中、路面の雪により車両がスリップして対向車線をはみ出し、大型トラックに衝突した。この事故によりワゴン車に乗車していた3名全員が死亡した。","3","建設業","301","土木工事業","30199","その他の土木工事業","10~29","2","物上げ装置、運搬機械","23","乗物","231","乗用車、バス、バイク","17","交通事故（道路）"
"438","2011","平成","23","12","15~16","廃木材から木炭を製造している工場において、木炭貯蔵サイロの内部を清掃するためサイロ内の貯蔵木炭を取り出す作業中、木炭が詰まって取出口から出てこなかったため、詰まった木炭を解そうと作業者1名がスコップを携えてサイロの中に立ち入ったところ突然意識を失って倒れ、倒れた作業者を救出しようとサイロの中に立ち入った作業者も同様に意識を失って倒れたもの。一酸化炭素中毒により1名が死亡、1名が入院治療となった。","15","清掃・と畜業","1501","清掃・と畜業","150102","産業廃棄物処理業","10~29","7","環境等","71","環境等","714","異常環境等","12","有害物等との接触"
"439","2011","平成","23","12","8~9","平成23年12月20日午前8時50分頃、高速自動車道上り線のIC付近のパーキングエリア入口で、建築用の足場を積んだ3トントラックが左カーブを曲がりきれず、道路右側のガードレールを突き破って横転し、運転していた被災者が死亡し、助手席にいた被災者が全身打撲で負傷したもの。","3","建設業","302","建築工事業","30201","鉄骨・鉄筋コンクリート造家屋建築工事業","1~9","2","物上げ装置、運搬機械","22","動力運搬機","221","トラック","17","交通事故（道路）"
"440","2011","平成","23","12","14~15","ダム吐水ゲート取替工事において、被災者2名が、H鋼にクランプ止めした単管の上に乗り、ボルト締め作業を行っていたところ、単管もろとも約6.0m下の作業構台に墜落したもの。","3","建設業","301","土木工事業","30101","水⼒発電所等建設工事業","100~299","4","仮設物、建築物、構築物等","41","仮設物、建築物、構築物等","416","作業床、歩み板","1","墜落、転落"
"441","2011","平成","23","11","14~15","車両積載トラックからドラグショベルを運転し降ろそうとしていたところ、ドラグショベルと共に横転し、当該ドラグショベルの下敷きとなった。","8","商業","804","その他の商業","80409","その他の商業－その他","1~9","1","動力機械","14","建設機械等","142","掘削用機械","1","墜落、転落"
"442","2011","平成","23","11","13~14","外壁張替工事で、高さ1.7メートルの足場上から墜落し、頭や肩を強打する。災害発生から12日後に死亡したもの。","3","建設業","302","建築工事業","30202","木造家屋建築工事業","1~9","4","仮設物、建築物、構築物等","41","仮設物、建築物、構築物等","416","作業床、歩み板","1","墜落、転落"
"443","2011","平成","23","10","10~11","砂防の工事用軌道沿線上の落石防止対策工事現場において、工事用資材置き場に使用していた作業構台の解体作業中、斜面上で解体した建地材(鋼管パイプ)を荷揚げしていた労働者が足を滑らせて約30m下に転げ落ちた。","3","建設業","301","土木工事業","30108","砂防工事業","1~9","7","環境等","71","環境等","711","地山、岩石","1","墜落、転落"
"444","2011","平成","23","10","0~1","大型トラックで荷の輸送中、中央分離帯の防護柵を越えて対向車線にはみ出し、対向してきた大型トラックと衝突し死亡したもの。対向車の運転手も足の骨を折る重傷を負った。","4","運輸交通業","403","道路貨物運送業","40301","一般貨物自動車運送業","50~99","2","物上げ装置、運搬機械","22","動力運搬機","221","トラック","17","交通事故（道路）"
"445","2011","平成","23","9","2~3","大型トレーラーに廃棄自動車(プレス済)を積載し、市内の国道を走行中、左コーナーを曲り切れず横転、多発外傷により死亡したものである。","1","製造業","112","金属製品製造業","11209","その他の金属製品製造業","30~49","2","物上げ装置、運搬機械","22","動力運搬機","229","その他の動力運搬機","17","交通事故（道路）"
"446","2011","平成","23","8","14~15","自社の工場において、神社建築の基礎部分を仮組みするために脚立作業を行っていたところ、墜落したもの。","3","建設業","302","建築工事業","30202","木造家屋建築工事業","1~9","3","その他の装置等","37","用具","371","はしご等","1","墜落、転落"
"447","2011","平成","23","8","13~14","橋梁上部工工事において橋桁間をアングルで固定する作業中、レンチでアングルを固定するボルトを締めていた時にレンチがボルトから外れ、その反動で身体のバランスを崩して橋桁から約8メートル下に墜落し、その7時間後に脳挫傷で死亡したもの。","3","建設業","301","土木工事業","30105","橋梁建設工事業","30~49","4","仮設物、建築物、構築物等","41","仮設物、建築物、構築物等","418","建築物、構築物","1","墜落、転落"
"448","2011","平成","23","6","15~16","下水道工事に使用する鉄板(長さ約3メートル、幅約1.5メートル、厚さ約2.5センチ、重さ約1トン)を移動式クレーン(定格荷重2.9トン)で吊っていたところ、吊り具のクランプが外れて被災者が鉄板の下敷きとなった。","3","建設業","301","土木工事業","30199","その他の土木工事業","1~9","3","その他の装置等","37","用具","372","玉掛用具","4","飛来、落下"
"449","2011","平成","23","6","17~18","新幹線工事において、当日の作業が早めに終了した。労働者4名が1台の車に同乗し、午後4時頃帰途につく途中の国道で自損事故により対向車線のガードレールに衝突。スピンし、後部座席に乗っていた被災者が車外に放り出されて5~6メートル下の崖に転落した。","3","建設業","301","土木工事業","30105","橋梁建設工事業","1~9","2","物上げ装置、運搬機械","23","乗物","231","乗用車、バス、バイク","17","交通事故（道路）"
"450","2011","平成","23","5","8~9","新幹線建設工事現場において、被災者は他の作業員とともに高架橋上部工(高さ9.6m)を点検するための昇降階段を足場材を用いて組み立てていたが、7mの作業床上で5層目の建て枠を設置しようとした際に南面より墜落し、地面に激突したもの。","3","建設業","301","土木工事業","30105","橋梁建設工事業","100~299","4","仮設物、建築物、構築物等","41","仮設物、建築物、構築物等","416","作業床、歩み板","1","墜落、転落"
"451","2011","平成","23","2","5~6","徒歩で新聞を配達していた被災者が、午前5時17分頃片側1車線の県道を横断中、走行中の自動車にはねられ、死亡したもの。","8","商業","802","小売業","80205","新聞販売業","100~299","2","物上げ装置、運搬機械","23","乗物","231","乗用車、バス、バイク","17","交通事故（道路）"
"452","2011","平成","23","2","13~14","被災者は牧場第1号厩舎へ牛に飼葉を与えに行ったが、通常の時間になっても戻ってこなかったことから、同僚労働者が第1号厩舎へ確認に行ったところ、意識混濁状態で鼻から血を流して歩いていたため、救急車により黒部市民病院に搬送、後頭部頭蓋骨骨折・脳挫傷により平成23年2月27日午前11時10死亡するに至ったものである。","7","畜産・水産業","701","畜産業","70101","畜産業","1~9","4","仮設物、建築物、構築物等","41","仮設物、建築物、構築物等","417","通路","2","転倒"
"453","2011","平成","23","2","16~17","新幹線高架橋建設工事において、つり足場上でPC桁の型枠の組立作業を行っていた被災者が何らかの原因で喉部を打ちつけ、気道損傷等で意識不明状態に陥り、9ヶ月後(11月11日)に死亡したもの。","3","建設業","301","土木工事業","30105","橋梁建設工事業","10~29","9","その他","99","分類不能","999","分類不能","99","分類不能"
"454","2011","平成","23","11","14~15","下請事業場が緩やかな傾斜の林道で高所作業車を使用して電話線敷設作業を行っていたが、作業終了後高所作業車を移動させるために高所作業車の運転者が逸走防止のために設置してあった輪止めを撤去した後、高所作業車のアウトリガーを格納しようとしたところ、高所作業車が後退したため、交通誘導していた被災者も加わって手で車を止めようとしたが、危険を感じ退避しようとした時、被災者が転倒し車と地面との間に挟まれ死亡した。","17","その他の事業","1702","その他の事業","170201","警備業","30~49","1","動力機械","14","建設機械等","146","高所作業車","7","はさまれ、巻き込まれ"
"455","2011","平成","23","11","20~21","自動車部品(チェーンピン)を鉄製の容器に入れて加熱・冷却する表面処理工程において、加熱処理後に冷却機に移されていた容器内の部品を取り出すため、容器の蓋(約20キログラム)を固定していたボルト4本のうち3本を外したところ、容器の内圧により蓋が飛んで被災者の頭部を直撃した。","1","製造業","115","輸送用機械等製造業","11509","その他の輸送用機械等製造業","100~299","3","その他の装置等","39","その他の装置、設備","391","その他の装置、設備","4","飛来、落下"
"456","2011","平成","23","9","2~3","市内の国道上において、被災者が運転するトラックが、信号待ちで前方に停車していたトレーラーに追突した。","4","運輸交通業","403","道路貨物運送業","40301","一般貨物自動車運送業","1~9","2","物上げ装置、運搬機械","22","動力運搬機","221","トラック","17","交通事故（道路）"
"457","2011","平成","23","9","9~10","市道上において、住宅販売の営業職である被災者が市道脇に乗用車を停め、電柱に住宅展示会の案内板を掲示する作業を行っていたところ、後方から走行してきた乗用車が、停車中の被災者の乗用車に追突し、その弾みで被災者が自らの車両と電柱の間に挟まれたもの。","3","建設業","302","建築工事業","30202","木造家屋建築工事業","1~9","2","物上げ装置、運搬機械","23","乗物","231","乗用車、バス、バイク","17","交通事故（道路）"
"458","2011","平成","23","7","6~7","町内の高速自動車道下り線において、荷物を搬送していた被災者の運転する4tトラックが、追い越し車線で作業中の平ボディ4tユニック車に追突した。現場は、追い越し車線の舗装工事のため、約2キロにわたり、走行車線のみの片側通行規制が敷かれていた。ユニック車には、車線規制のためのカラーコーンの設置確認をしていた警備員4名が乗車し、規制区間をゆっくりバックしていたもの。","4","運輸交通業","403","道路貨物運送業","40301","一般貨物自動車運送業","50~99","2","物上げ装置、運搬機械","22","動力運搬機","221","トラック","17","交通事故（道路）"
"459","2011","平成","23","7","9~10","小高い山の上に設置されたテレビアンテナの撤去工事において、アンテナ基礎の解体に使用したドラグ・ショベル(車体幅約85センチメートル)を下山させるために幅約90センチメートルの林道を走行中に、被災者ごと路肩から転落し、運転席から投げ出された被災者が当該ドラグ・ショベルの下敷きになったもの。","3","建設業","303","その他の建設業","30301","電気通信工事業","10~29","1","動力機械","14","建設機械等","142","掘削用機械","1","墜落、転落"
"460","2011","平成","23","6","1~2","市内の2つの県道が交差する交差点において、片方の県道を北向きに走行していた被災者が運転する4tトラックと、もう一方の県道を西向きに走行していた10tトラックが衝突したもの。衝撃で被災者が運転していたトラックは横転し、その遠心力で被災者が車外に放り出された。なお、被災者は、南砺市の事業場でカット野菜を卸し、金沢市の自社に戻る途中であった。","4","運輸交通業","403","道路貨物運送業","40301","一般貨物自動車運送業","1~9","2","物上げ装置、運搬機械","22","動力運搬機","221","トラック","17","交通事故（道路）"
"461","2011","平成","23","4","15~16","被災者は同僚1名と共に一般道から田んぼへ農耕機械を入れるための農道(道幅約2m)に砕石を敷く作業を行っていた。農道へドラグショベル(機体幅約2m)を入れて作業を行っていたが作業場所を変えるため移動しようとドラグショベルを後退させたところ、路肩からドラグショベルごと約5m下の田んぼに転落し、当該ドラグショベルの下敷きとなったもの。","3","建設業","301","土木工事業","30106","道路建設工事業","1~9","1","動力機械","14","建設機械等","142","掘削用機械","1","墜落、転落"
"462","2011","平成","23","4","2~3","40tトレーラの運転手である被災者はトレーラ荷台からフォークリフト(最大荷重2.8t)を使用し荷物(原木約70本を束ねたもの)を降ろす作業を行っていたところ、突然トレーラが前方に動き出したため荷台の支柱にフォークリフトの爪が接触、横転した。フォークリフトを運転していた被災者が運転席から地面に投げ出され、地面と横転したフォークリフトのヘッドガードとの間に挟まれ受傷し、その後死亡した。(出張作業)","4","運輸交通業","403","道路貨物運送業","40301","一般貨物自動車運送業","1~9","2","物上げ装置、運搬機械","22","動力運搬機","222","フォークリフト","2","転倒"
"463","2011","平成","23","2","22~23","市内の県道交差点において、被災者の運転する中型貨物トラック(最大積載量2.6t)が、対向車線を走行していた大型貨物トラックに衝突したもの。なお、被災者の運転するトラックが対向車線にはみ出し衝突しているが、被災者が右折しようとしていたか、何らかの理由で単に対向車線にはみ出したのかは不明である。","4","運輸交通業","403","道路貨物運送業","40301","一般貨物自動車運送業","1~9","2","物上げ装置、運搬機械","22","動力運搬機","221","トラック","17","交通事故（道路）"
"464","2011","平成","23","1","22~23","市内の国道において、被災者の運転するトラック(最大積載量4トン)がセンターラインを越え、対向車線走行中の大型貨物自動車に衝突したもの。被災者は荷物を積み込み、配送先に向かう途中であった。","4","運輸交通業","403","道路貨物運送業","40301","一般貨物自動車運送業","10~29","2","物上げ装置、運搬機械","22","動力運搬機","221","トラック","17","交通事故（道路）"
"465","2011","平成","23","11","16~17","被災者は、トラクターショベルにて砂利等の運搬作業を行い、作業が終了したため以前原石の貯蔵タンクとして使用していたサイロの下部(高さ約2m、幅約5m、奥行き約5m)にトラクターショベルを片付けようと後進したところ、天井から突き出しているダクトに運転座席が激突し、そのまま運転座席とハンドルの間にはさまれ、窒息により死亡した。","2","鉱業","202","土石採取業","20201","採石業","10~29","1","動力機械","14","建設機械等","141","整地・運搬・積込み用機械","7","はさまれ、巻き込まれ"
"466","2011","平成","23","11","15~16","林道上にて、枕木上の造材用の6本の杉のうち、谷側から2本目の杉をチェーンソーにて玉切りしていたところ、被災者の背面に位置する杉(谷側から3本目)が何らかの理由にて動き、被災者の左頭部に激突し死亡したもの。","6","農林業","602","林業","60201","木材伐出業","1~9","7","環境等","71","環境等","712","立木等","6","激突され"
"467","2011","平成","23","11","14~15","道路新設工事において、ドラグショベルで掘削した土砂を運搬するため、被災者は土砂を積んだ不整地運搬車を運転し工事用道路を下っていたところ、路肩から不整地運搬車ごと約8m下へ転落し、死亡した。","3","建設業","301","土木工事業","30106","道路建設工事業","30~49","2","物上げ装置、運搬機械","22","動力運搬機","227","不整地運搬車","1","墜落、転落"
"468","2011","平成","23","7","13~14","小学校の耐震補強工事現場において、校舎2階西側にある理科準備室のコンクリート壁を1段だけ組み立てた枠組足場の上で手持ち式のコンクリートブレーカーを使用して斫る作業中、作業者がバランスを崩して約1.7mの高さから後ろ向きに床へ墜落した。意識もはっきりしていて、後遺症が残る可能性がある程度のものと思料されていたが、平成23年9月19日になって死亡したもの。","3","建設業","302","建築工事業","30201","鉄骨・鉄筋コンクリート造家屋建築工事業","10~29","4","仮設物、建築物、構築物等","41","仮設物、建築物、構築物等","411","足場","1","墜落、転落"
"469","2011","平成","23","7","17~18","カントリーエレベーターのサイロ内において、冷却用ダクトを設置する工事において、作業者2名で溶接作業を行っていた。この際、1名の作業者が現場を数分離れ現場に戻ったところ被災者が倒れているのを発見し、感電死の疑いにより死亡したもの。この際、周囲の足場及び被災者に触れたところ「ビリッ」と感電する感覚が合ったとのことであった。","3","建設業","303","その他の建設業","30302","機械器具設置工事業","1~9","3","その他の装置等","33","溶接装置","332","アーク溶接装置","13","感電"
"470","2011","平成","23","3","11~12","工場の機械設備移転のため、高さ8.5mの工場の搬出口に移動式クレーンでつり上げた搬器を横付けして、機械の搬出を被災者を含め5名で行っていたところ、重さ約3.5tの機械を搬器に乗せた際、搬器が傾き機械と共に被災者が墜落したもの。","3","建設業","303","その他の建設業","30302","機械器具設置工事業","10~29","3","その他の装置等","37","用具","372","玉掛用具","1","墜落、転落"
"471","2011","平成","23","3","3~4","新聞配達員である被災者がバイク(スーパーカブ、50cc)で南方へ市道上を走行していたところ、後方から自動車に追突され、道路横の駐車場まではねとばされたと見られるもの。被災者は病院に運ばれたが、同日7時21分に死亡が確認された。","8","商業","802","小売業","80205","新聞販売業","10~29","2","物上げ装置、運搬機械","23","乗物","231","乗用車、バス、バイク","17","交通事故（道路）"
"472","2011","平成","23","2","14~15","平成23年2月11日に行方不明となり、2月14日山中で縊死した状態で発見された。(死亡推定時刻は平成23年2月13日午後3時頃)連続して発生したトラブルの責任者として時間外労働、休日労働が増え、疲労やストレスから心身共に疲れ果て心がやんでしまい自殺に至ったものとして労災請求があり、決定したもの。","1","製造業","116","電気・ガス・水道業","11601","電気業","100~299","9","その他","92","起因物なし","921","起因物なし","90","その他"
"473","2011","平成","23","1","7~8","被災者は除雪用品売り場のスコップが少なくなってきたために、スコップの補充をしに農業資材コーナーに行った。その後、客から人が倒れているとの連絡があり、売り場に確認に行くと9尺の脚立の傍で被災者が倒れていた。病院に搬送される時は意識があり、病院に運ばれてからもしばらくは人とも会話できていたが、11時頃になって急変し緊急手術を受けた。それから意識は戻らず、2月5日に死亡したもの。","8","商業","802","小売業","80209","その他の小売業","100~299","4","仮設物、建築物、構築物等","41","仮設物、建築物、構築物等","417","通路","2","転倒"
"474","2011","平成","23","11","15~16","都市ガスのガス管敷設工事現場において、休憩時間中に車線規制を行った道路上の作業帯に停めてあった4トンダンプトラックの前で被災者が休憩を取っていたところ、当該車両の運転手が被災者の存在に気付かず、当該車両に乗り込み、発進させたため、被災者が当該車両の右側前輪に背後から下敷きになるような形で背中から頭部にかけて轢かれ、死亡したものである。","3","建設業","301","土木工事業","30199","その他の土木工事業","1~9","2","物上げ装置、運搬機械","22","動力運搬機","221","トラック","7","はさまれ、巻き込まれ"
"475","2011","平成","23","11","10~11","間伐作業中、切り株に座っていたところ、斜面の上方から下方に向かって伐倒されていたスギ(長さ約30m、胸高直径35センチメートル)が滑り落ち、斜面に対し横向きに伐倒されていたスギ(胸高直径18センチメートル)と滑り落ちたスギの枝との間で、後頭部及びヘルメットが挟まれたことによりヘルメットが枝に押されて顔側にずれ、あご紐が首を絞める状態となり、外傷性窒息により死亡した。","6","農林業","602","林業","60209","その他の林業","1~9","7","環境等","71","環境等","712","立木等","7","はさまれ、巻き込まれ"
"476","2011","平成","23","10","15~16","被災者は、現場打ちコンクリート杭用の鉄筋籠(直径2.5m、長さ7mの円筒形、重量2.3トン)のボルト止めされた主筋(鉄筋籠は、補強リング、主筋、フープ筋の3つの部材で構成)の取り外し作業を行っていた。66本の主筋のうち20本が完全に取り外されている状態で、鉄筋籠を回転させようとしたところ、鉄筋籠が被災者のいた方向に転がり、転がった鉄筋籠と隣にあった別の鉄筋籠との間に頭部を挟まれ脳挫傷により死亡。","3","建設業","301","土木工事業","30106","道路建設工事業","30~49","5","物質、材料","52","材料","521","金属材料","7","はさまれ、巻き込まれ"
"477","2011","平成","23","9","19~20","2名の労働者が乗車した事業場所有の送迎車が工場に受かって走行していたところ、台風のため道路が渋滞しており橋の上で停車した。両労働者は送迎車から降車し、徒歩で工場に向かっていた際に、車道橋に併設している歩道橋に移ろうとして両労働者が車道橋の欄干(高さ約1m)を乗り越えたところ、車道橋と歩道橋は約50センチメートル離れていたため、その隙間から約5m下(台風により増水)の川に両労働者が墜落したもの。","1","製造業","108","化学工業","10805","プラスチック製品製造業","30~49","4","仮設物、建築物、構築物等","41","仮設物、建築物、構築物等","418","建築物、構築物","1","墜落、転落"
"478","2011","平成","23","7","14~15","工場倉庫内の棚(高さ1.55メートル)から紙箱材料となるボール紙を取り出すため、可搬式の踏み台(踏み面は3段、最上段の高さ91センチメートル)に乗って作業をしていたところ、コンクリート床面に被災者が転落し、平成23年7月16日に脳挫傷のため死亡したもの","1","製造業","106","パルプ・紙・紙加工品製造業","10602","紙加工品製造業","10~29","3","その他の装置等","37","用具","371","はしご等","1","墜落、転落"
"479","2011","平成","23","4","13~14","美術館に付属するレストランの厨房に商品を納入に来た被災者が、外部通路階段下で、倒れているところを発見されたもの。","8","商業","802","小売業","80201","各種商品小売業","1~9","4","仮設物、建築物、構築物等","41","仮設物、建築物、構築物等","413","階段、桟橋","1","墜落、転落"
"480","2011","平成","23","4","18~19","被災者は、責任者の指示により、同社の事務所内で待ち合わせた同僚をマイカーに同乗させ、工事現場に交通警備員として勤務するために、高速道路を走行していたが、高速自動車道下り線トンネル内でマイカーの故障により停車していたところ、走行してきた大型トラックが追突し、被災者と同乗者が死亡したもの。","17","その他の事業","1702","その他の事業","170201","警備業","10~29","2","物上げ装置、運搬機械","22","動力運搬機","221","トラック","17","交通事故（道路）"
"481","2011","平成","23","3","7~8","建設現場のトラック誘導のため軽自動車にて現場に向かい、誘導位置近くの空き地に車を止めようとしたところ、運転操作を誤ったことにより、130メートル程度下方の川へ墜落してしまったもの。","17","その他の事業","1702","その他の事業","170201","警備業","50~99","2","物上げ装置、運搬機械","23","乗物","231","乗用車、バス、バイク","1","墜落、転落"
"482","2011","平成","23","2","16~17","工事において、林道下方の法面に植生基材の吹付けを1人で行っていた被災者が、吹付材の圧送終了後30分位しても林道脇の吹付プラントが設置された場所に戻ってこなかったため、別の作業員が様子を見に行ったところ、当該工事の施工範囲より上方の既設の簡易法枠のコンクリート製水路に血を流して倒れていたもの。","3","建設業","301","土木工事業","30108","砂防工事業","50~99","7","環境等","71","環境等","711","地山、岩石","1","墜落、転落"
"483","2011","平成","23","1","17~18","従業員休憩室でお茶を飲むためキッチンのプロパンガスコンロ(家庭用の製品)でヤカンを用いて湯を沸かし、当該コンロに背を向けていたところ、着用していたエプロンのヒモにコンロの火が着火した。被災者は火を手で消し、火傷した手をキッチンの水道で冷やしていたところ、着衣の背中が燃えだしたもの。病院にて治療が行われていたが、2月8日に死亡した。","8","商業","802","小売業","80201","各種商品小売業","30~49","3","その他の装置等","39","その他の装置、設備","391","その他の装置、設備","11","高温・低温の物との接触"
"484","2011","平成","23","1","11~12","被災者が整経機を使用してポリエチレン製の糸をビームと呼ばれるシャフトに巻き取る整経作業を行っていたとき、露出している整経機の回転軸に被災者が巻き込まれたもの。","1","製造業","102","繊維工業","10209","その他の繊維工業","10~29","1","動力機械","16","一般動力機械","169","その他の一般動力機械","7","はさまれ、巻き込まれ"
"485","2011","平成","23","12","7~8","被災者は、生コン工場敷地内のストックヤードに積まれた砂の山の上に掛けられていたブルーシートを外す作業を同僚労働者と二人で始め、当該砂山の上部に登り、当該上部において横移動しながらブルーシートを水平方向に巻き取る作業を始めたところ、当該砂山上部に空いていた穴の内部に落ち、大量の砂に埋もれて窒息死したもの。","1","製造業","109","窯業土石製品製造業","10901","セメント・同製品製造業","10~29","5","物質、材料","52","材料","523","石、砂、砂利","1","墜落、転落"
"486","2011","平成","23","12","11~12","被災者は作業員3名と河川内の用水路の取水口に堆積した土砂をパワー・ショベルを使用して除去する作業を行い、パワー・ショベルのバケットの届かない場所などの土砂はバケットを下ろし、作業員がスコップで土砂をすくい当該バケットに土砂を入れていた。バケット一杯に土砂を入れ終わったため、パワー・ショベルの運転者が搬出しようと左に旋回させたところ、旋回内に立ち入った被災者にバケットが激突したもの。","3","建設業","301","土木工事業","30107","河川土木工事業","10~29","1","動力機械","14","建設機械等","142","掘削用機械","6","激突され"
"487","2011","平成","23","12","12~13","資材置場において、一人でねじ切り機を用いて、個人住宅用の水道管のねじ切り作業を行っていたところ、ねじ切り機の回転部に着衣を巻き込まれたもの。災害を現認した者はおらず、発見時(17時40分)は、機械(自重約40キロ)を抱きかかえるように座り込んだ状態で、胸部圧迫による窒息によりすでに死亡していた。","3","建設業","302","建築工事業","30203","建築設備工事業","1~9","1","動力機械","15","金属加工用機械","159","その他の金属加工用機械","7","はさまれ、巻き込まれ"
"488","2011","平成","23","12","13~14","平屋の工場(鉄骨造)の解体工事現場において、被災者は屋根の上で屋根材(スレート及び明かり取り用のFRP製の屋根材)を固定しているフックとナットを取り外す作業を行っていたところ、明かり取り用のFRP製の屋根材を踏み抜き、高さ約10m下のコンクリート床面に墜落し、頭部を強打して死亡したもの。当該作業を行うにあたり、歩み板、防網などの踏み抜きによる墜落防止措置は一切講じられていなかった。","3","建設業","302","建築工事業","30209","その他の建築工事業","10~29","4","仮設物、建築物、構築物等","41","仮設物、建築物、構築物等","415","屋根、はり、もや、けた、合掌","1","墜落、転落"
"489","2011","平成","23","12","13~14","自動車道において、引越しの荷物を4tトラックを使用して運送中、本線を降りてパーキングエリアへ向かう進入路を走行していたところ、本線から約100m先の右カーブ付近で、道路脇のガードレールに運転していたトラックが乗り上げ、本線の下を通るカルバートボックスと呼ばれるコンクリートの壁に激突し、車両と壁との間に挟まれた。なお、この事故により同乗の関連会社の労働者も負傷した。","4","運輸交通業","403","道路貨物運送業","40301","一般貨物自動車運送業","1~9","2","物上げ装置、運搬機械","22","動力運搬機","221","トラック","17","交通事故（道路）"
"490","2011","平成","23","11","9~10","廃棄物処理取引先の工場の出入口において、レールの上に乗っている工場の鉄製の扉を閉めようとしたところ、閉める扉を間違えて、手前にある短いレールに乗っている扉(高さ4.27m、幅2.44m、重量350キログラム)を奥まで動かそうと勢いをつけて押したため、上部に取り付いているストッパーを破損し、当該扉がレールから外れ倒壊し、それを支えようとして当該扉の下敷きとなった。","15","清掃・と畜業","1501","清掃・と畜業","150102","産業廃棄物処理業","50~99","4","仮設物、建築物、構築物等","41","仮設物、建築物、構築物等","419","その他の仮設物、建築物、構築物等","5","崩壊、倒壊"
"491","2011","平成","23","11","9~10","建材の塗装の前処理を行う作業場において、洗浄槽のメンテナンスのため、洗浄槽の内部に入り、噴射ノズルを外す作業を行っていた被災者が、洗浄槽から出ていく際にリフトとカウンターウエイトの間に挟まれ胸部を圧迫された結果死亡したもの。","1","製造業","112","金属製品製造業","11209","その他の金属製品製造業","50~99","1","動力機械","16","一般動力機械","169","その他の一般動力機械","7","はさまれ、巻き込まれ"
"492","2011","平成","23","11","7~8","商品を得意先に納品後、軽貨物自動車を運転して次の納品先へ配送作業中、下り坂のゆるいS字カーブに差し掛かったところ、何らかの原因により道路中央線を横切り、反対車線の電柱に衝突した。心肺停止の状態で病院に搬送され、約2時間20分後に死亡した。","8","商業","801","卸売業","80109","その他の卸売業","30~49","2","物上げ装置、運搬機械","22","動力運搬機","221","トラック","17","交通事故（道路）"
"493","2011","平成","23","10","11~12","被災者はビル改修工事のうち、給水管の配管更新工事において、ビルの屋上に設置されたペントハウスの屋根上で高架水槽につながる管の設置作業を行っていた。午前12時ごろ昼休みを取るため、作業をいったん中断したあと、階下に戻る前に被災者は何らかの理由でペントハウスの端に行き、その際笠木部分から墜落したと推定される。","3","建設業","302","建築工事業","30203","建築設備工事業","10~29","4","仮設物、建築物、構築物等","41","仮設物、建築物、構築物等","417","通路","1","墜落、転落"
"494","2011","平成","23","10","14~15","民家解体工事現場において、被災者が屈みこみ、コンクリートのガラを拾う作業を行っていたところ、被災者の後方から後退してきた建設用機械(ドラグショベルのアタッチメントをグラップルに変更したもの)の履帯に轢かれ、被災した。被災日の午後11時頃、搬送先の病院で死亡した。","3","建設業","302","建築工事業","30209","その他の建築工事業","1~9","1","動力機械","14","建設機械等","149","その他の建設機械等","7","はさまれ、巻き込まれ"
"495","2011","平成","23","10","21~22","被災労働者は、高速自動車道上り線を走行中、村内の218.7キロメートルポスト付近で単独事故を起こし、走行車線上に停車していたところに、後方から走行してきたトラックに衝突され、脳挫傷および全身打撲の重傷を負った。その後、搬送先医療機関で治療を施したが、同年10月31日18時03分に死亡した。","3","建設業","302","建築工事業","30202","木造家屋建築工事業","10~29","2","物上げ装置、運搬機械","22","動力運搬機","221","トラック","17","交通事故（道路）"
"496","2011","平成","23","10","14~15","被災者は、同僚と2人で公道にはみ出した敷地内のクヌギの木の枝(長さ約10m)を切る作業中、はしごに登り、チェーンソーを使用して枝を切り終えたところで、はしご上部でバランスを崩して高さ約4mの位置から地上に墜落したもの。被災者は、入院先の病院において10月20日に死亡した。","14","接客娯楽業","1401","旅館業","140101","旅館業","50~99","3","その他の装置等","37","用具","371","はしご等","1","墜落、転落"
"497","2011","平成","23","10","11~12","被災者が1人作業により杉(高さ約23m、伐根直径約45センチメートル)の間伐作業を行っていたところ、伐倒した杉に絡まっていた藤つるが近くの枯れたクルミの木にも絡みついていたため、杉を伐倒した際にクルミの木も藤つるにより引っ張られる形となって折れ、その折れたクルミの幹が被災者の頭部を直撃して死亡した。","6","農林業","602","林業","60201","木材伐出業","1~9","7","環境等","71","環境等","712","立木等","6","激突され"
"498","2011","平成","23","10","8~9","被災者は工場内にはい積みされた丸太(高さ1.5m)の横を通行していたところ、突然、はい積みされた丸太が崩れて、丸太(長さ約4m、直径約35センチメートル)が落下し、被災者に激突したもの。被災者は、入院先の病院において10月25日に死亡した。","1","製造業","104","木材・木製品製造業","10401","製材業","1~9","5","物質、材料","52","材料","522","木材、竹材","5","崩壊、倒壊"
"499","2011","平成","23","10","10~11","住宅減改築工事現場で、被災者が8時30分から1階の玄関前で解体作業の準備等を始め、9時から10時までの間、施主の兄と二人で同作業を行っていた。施主の兄が10時に一旦現場を離れた後、被災者は一人で作業を続け、施主の兄が11時頃に同現場に戻ってきた際、被災者が躯体東側の通路で血を流して倒れているのを発見した。その後、被災者は平成23年10月13日(木)に死亡した。","3","建設業","302","建築工事業","30202","木造家屋建築工事業","10~29","4","仮設物、建築物、構築物等","41","仮設物、建築物、構築物等","415","屋根、はり、もや、けた、合掌","1","墜落、転落"
"500","2011","平成","23","9","9~10","建築工事現場において、基礎工事を行う前の試験掘削を行うため、基礎工事用機械(くい打機)の組み立て作業中、杭回転埋設用オーガ(約5t)を吊り込んだ後に、その下方において、アース・オーガ用のガイド(リーダーガイド)を取り付けていたところ、突然、杭回転埋設用オーガが自然落下し、被災者の肩・背面部等にあたり、心臓部分を強打し、心臓破裂により死亡した。","3","建設業","301","土木工事業","30199","その他の土木工事業","10~29","1","動力機械","14","建設機械等","143","基礎工事用機械","4","飛来、落下"
"501","2011","平成","23","8","11~12","被災者が営業先へ所属する営業所の自転車を使用して移動している途中に、何らかの原因で車道に倒れていたところ、加害者が運転する自家用の普通乗用車に轢かれ、死亡したもの。発見時、被災者は仰向けになり両足が歩道の縁石に乗っていた。被災者が使用していた自転車は歩道に無傷のまま倒れていた。","9","金融・広告業","901","金融業","90103","保険業","10~29","2","物上げ装置、運搬機械","23","乗物","231","乗用車、バス、バイク","17","交通事故（道路）"
"502","2011","平成","23","8","15~16","会社敷地内において、被災者は一人で塗装作業が終わった耐震用外壁材(362センチ×200センチ×2センチ+補強材 重量1.5~1.8t)をホイスト式橋形クレーン(無線操作式 つり上げ荷重5t)を使用して移動させていた。16:00頃、被災者が作業を行っていた場所から大きな音がしたため、同僚が駆けつけたところ、耐震用外壁材の下敷きになった被災者を発見した。","1","製造業","112","金属製品製造業","11209","その他の金属製品製造業","1~9","3","その他の装置等","37","用具","372","玉掛用具","4","飛来、落下"
"503","2011","平成","23","8","14~15","乗用の堆肥散布車を用いて農地に堆肥を散布後、農道沿いで堆肥散布車を単独で洗浄していた。しばらくして、同僚が農道脇の法面下において、堆肥散布車の下敷きになっている被災者を発見した(災害発生状況を現認した者はいない)。病院に救急搬送し、入院加療中であったが、約1カ月後、死亡したもの。","17","その他の事業","1702","その他の事業","170209","その他の事業－その他","30~49","2","物上げ装置、運搬機械","22","動力運搬機","229","その他の動力運搬機","6","激突され"
"504","2011","平成","23","8","10~11","被災者は一人で乗用形4輪芝刈り機を使用して敷地内緑地の草刈り作業を09:00過ぎから行っていた。10:00から10:40まで事業場の食堂で休憩した後、草刈り作業を再開したが、昼食時間になっても食堂に現れなかったため、不審に思った同僚3名が探したところ、敷地の土手から3.4m下の農道に転落した当該芝刈り機の下敷きになった被災者を発見した。","1","製造業","101","食料品製造業","10105","酒類製造業","1~9","1","動力機械","16","一般動力機械","169","その他の一般動力機械","1","墜落、転落"
"505","2011","平成","23","7","2~3","事故当事者である宮下が運転する大型トラックが、高速自動車道下り線走行車線を進行中、同車線の前方を走行していた大型トラックに衝突。事故当事者の宮下が頚椎骨折により死亡、第二当事者(追突された側)のトラック運転手が頭頚部外傷性症候群(ムチ打ち)を負ったもの。","4","運輸交通業","403","道路貨物運送業","40301","一般貨物自動車運送業","10~29","2","物上げ装置、運搬機械","22","動力運搬機","221","トラック","17","交通事故（道路）"
"506","2011","平成","23","7","15~16","労働者2人で社屋の鳥(鳩)の巣を撤去するため、移動はしご(二連はしご)を当該建物に立てかけ、一人が地上ではしごを抑え、被災者がはしごを昇り、巣の位置等を確認した。確認を終えて、はしごを降りていたところ、突然、二連はしごのロック機構が外れ、不意に上段はしごが下方にスライドしたため、はしごから墜落し、直下にあったブロック塀の笠木に腹部を強打し、内臓出血により死亡した。","8","商業","802","小売業","80204","燃料小売業","1~9","3","その他の装置等","37","用具","371","はしご等","1","墜落、転落"
"507","2011","平成","23","5","13~14","林道脇の法面(高さ20~30m)にコンクリート等を吹き付けて補強する工事現場において、事前に、法面の成形(浮き石等の除去)作業を行っていたところ、上部の岩盤が突然崩壊し、崩壊した岩盤(幅約2m程度)が被災者に衝突し、その衝撃により、上部で固定していた命綱のロープも切断され、岩盤とともに地面に墜落した。被災者は、墜落した地面で落石の下敷きとなり死亡したもの。","3","建設業","301","土木工事業","30199","その他の土木工事業","10~29","7","環境等","71","環境等","711","地山、岩石","5","崩壊、倒壊"
"508","2011","平成","23","4","6~7","系列会社の労働者が運転する軽乗用車に乗車し、市内にある同社営業所へ向かう途中、高速自動車道、下り線トンネル内において、当該車両が故障したため、被災者と運転者は車外に出た。そこへ、後方から走行してきた大型トラックが当該車両に追突し、被災者らは、当該車両の後方に居たたため、トラックと当該車両の間に挟まれ、即死した。運転者も搬送先の病院にて死亡した。","17","その他の事業","1702","その他の事業","170201","警備業","100~299","2","物上げ装置、運搬機械","23","乗物","231","乗用車、バス、バイク","17","交通事故（道路）"
"509","2011","平成","23","3","14~15","谷止工設置のための工事現場において、支障となっていた杉の木を伐倒し、ケーブルクレーンで搬出しようとしたところ、当該伐倒した杉の木は、先端部分が地面に突き刺さった状態であり、この状態のまま吊り上げたところ、先端付近が折れ、折れたはずみで玉掛作業をしていた労働者の頭部に根元部分の先端側が激突したもの。詳細は調査中である。","3","建設業","301","土木工事業","30108","砂防工事業","10~29","7","環境等","71","環境等","712","立木等","6","激突され"
"510","2011","平成","23","3","20~21","事業場内の印刷工場において、当日の印刷作業が終了した後、労働者A(被災者)と労働者Bの二人で印刷機械の調整作業中、労働者Bが停止していた同機械の調整後の確認のため運転を開始したところ、印刷した紙を排出する箇所で、調整作業を行っていた被災者が、印刷紙を運搬する金属製のバーと排出口の間に頸部を挟まれて死亡したもの。","1","製造業","107","印刷・製本業","10701","印刷業","30~49","1","動力機械","16","一般動力機械","166","印刷用機械","7","はさまれ、巻き込まれ"
"511","2011","平成","23","12","8~9","他の作業者が配管から砂を取り出すための調査をしていた所、後方から見ていた被災者が、別の作業のために設けられた荷物搬入用の開口部から、6メートル下のコンクリート床に墜落した。2日前より、地下ピットにおける基礎修繕工事のため、開口部を塞ぐ鉄製の蓋板と階段途中の踏み板4枚を外していた。開口部上部に電動ウィンチを設置し、資材及びコンクリートガラを搬出入していた。","15","清掃・と畜業","1501","清掃・と畜業","150109","その他の清掃・と畜業","30~49","4","仮設物、建築物、構築物等","41","仮設物、建築物、構築物等","414","開口部","1","墜落、転落"
"512","2011","平成","23","11","10~11","被災者は、架台にH型鋼(25×100×480センチ、重量約2トン)をその短辺を下にして並べた状態で、防錆塗料の塗装作業を行っていた。被災者が天井クレーン(つり上げ荷重2.8トン)を操作した際に、フックに取り付けられていた吊りクランプがH型鋼に引っ掛かったため倒れ、隣のH型鋼との間で胸部を圧迫されたもの。直ちに病院に搬送され療養中であったが、1週間後に死亡した。","1","製造業","112","金属製品製造業","11209","その他の金属製品製造業","1~9","2","物上げ装置、運搬機械","21","動力クレーン等","211","クレーン","5","崩壊、倒壊"
"513","2011","平成","23","11","11~12","工場内に設置された包装を行う機械(重量約1トン、長さ3.5m、幅0.6m、高さ1.9m)を撤去するため、機械の足4か所を小型台車4台に載せて機械前方に1名、機械後方に2名で機械を移動しようとしたところ、機械が機械側面にいた被災者の上に倒れて下敷きとなったもの。","3","建設業","303","その他の建設業","30302","機械器具設置工事業","50~99","3","その他の装置等","36","人力機械工具等","362","人力運搬機","5","崩壊、倒壊"
"514","2011","平成","23","9","13~14","被災者は外注の仕事を依頼するために、製品(タイル3600枚)を会社が所有する車に積み込み、町内の工場から別の町内にある加工場に向かう途中に消息を絶った。翌21日午後3時45分頃、町内にて発生した土砂崩壊現場において、土砂崩壊に巻き込まれた状態で埋まり潰された車が発見され、その中で死亡しているところを発見されたもの。","1","製造業","109","窯業土石製品製造業","10903","陶磁器・同関連製品製造業","30~49","7","環境等","71","環境等","711","地山、岩石","5","崩壊、倒壊"
"515","2011","平成","23","8","9~10","被災者は半自動抵抗溶接機にて鉄筋を格子状にスポット溶接する作業を行っていた。足下のフットスイッチにより起動させた後、溶接の状況を確認するために機械の稼働範囲内に入ったところ、溶接した鉄筋を引き出すための金属製アームと溶接機の間に挟まれたもの。フットスイッチを踏むとすぐに鉄筋の溶接は行われるが、アームが動き出すまでには2秒かかる。","1","製造業","112","金属製品製造業","11209","その他の金属製品製造業","10~29","3","その他の装置等","33","溶接装置","339","その他の溶接装置","7","はさまれ、巻き込まれ"
"516","2011","平成","23","7","8~9","被災者は、リサイクルプラントのベルトコンベヤーの横で、ベルトの上に載せられ運ばれてくる細かく砕かれた建設廃材の中から、鉄筋などのゴミを取り除く作業を行っていた。その後、コンベヤーの端部でベルトとコンベヤーローラーに左腕を巻き込まれた状態で発見されたもの。発見されたときに既に腕は切断されていた。","1","製造業","109","窯業土石製品製造業","10909","その他の土石製品製造業","10~29","2","物上げ装置、運搬機械","22","動力運搬機","224","コンベア","7","はさまれ、巻き込まれ"
"517","2011","平成","23","7","10~11","国道において、ドラグショベル2台によりアスファルトの打換工事を行っている傍で、片側交互通行面と工事区画の境に立って交通誘導を行っていた警備員が、後進してきたドラグショベルのクローラに轢かれて死亡したもの。","17","その他の事業","1702","その他の事業","170201","警備業","10~29","1","動力機械","14","建設機械等","142","掘削用機械","7","はさまれ、巻き込まれ"
"518","2011","平成","23","7","16~17","被災者が左官工事現場から作業を終え、軽ワゴン車に道具等を積んで事業場へ帰るため、市内の国道を北進中、対向車線を走行してきたトレーラーの牽引車が雨のため、緩いカーブでスリップして対向車線を越え、被災者が運転する軽ワゴン車と正面衝突し、被災者は、大動脈損傷に伴う胸腔内出血により死亡し、トレーラーの運転手も負傷した。","3","建設業","302","建築工事業","30209","その他の建築工事業","1~9","2","物上げ装置、運搬機械","22","動力運搬機","221","トラック","17","交通事故（道路）"
"519","2011","平成","23","6","8~9","被災者は、天窓の位置決めをするために1階建屋の屋根上のもやの上を移動していた。野地板が張ってある箇所に足を置いたところ、2階の大屋根の垂木に頭を激突し、その反動で後方にたおれ、開口部から4.5メートル下のコンクリート基礎に墜落したもの。被災者は、現場監督であり、木建作業主任者の資格を有していた。","3","建設業","302","建築工事業","30202","木造家屋建築工事業","1~9","4","仮設物、建築物、構築物等","41","仮設物、建築物、構築物等","415","屋根、はり、もや、けた、合掌","1","墜落、転落"
"520","2011","平成","23","6","3~4","事業場北側のホームへ到着した20トン保冷車の運転手が、荷台上の全ての荷を降ろした後に、荷台の扉を開けたまま、事務所へ配送完了の報告に出向いた。この間にホーム上で別の作業を担当していた被災者が、荷台へ入り込んだ。運転手は事務所から戻り、荷台の確認をせず、扉を開けたまま事業場南側の燃料スタンドへ時速約25キロメートルで移動したところ、荷降ろしたホームから約65m離れた地点で被災者が荷台から転落した。","5","貨物取扱業","501","陸上貨物取扱業","50101","陸上貨物取扱業","300~499","2","物上げ装置、運搬機械","22","動力運搬機","221","トラック","1","墜落、転落"
"521","2011","平成","23","5","19~20","被災者が廃液を処理する生物処理槽等の巡回をしていたところ、処理槽上部の蓋板に載った時に、蓋板が傾き外れたため、蓋板とともに深さ4.15メートルの処理槽に墜落した。処理槽内は槽の下部より送気することで、曝気していることから、廃液が激しく回転して流れている。","1","製造業","114","電気機械器具製造業","11409","その他の電気機械器具製造業","100~299","4","仮設物、建築物、構築物等","41","仮設物、建築物、構築物等","419","その他の仮設物、建築物、構築物等","1","墜落、転落"
"522","2011","平成","23","5","8~9","国道において、ダンプ運転者Aが運転するダンプが緩やかな左カーブを北進中、スリップして対向車線にはみ出し、南進中のダンプ運転者Bが運転するダンプと正面衝突、運転者Aは肋骨を2本骨折、運転者Bは外傷性肝破裂で間もなく死亡したもの。現場は片側一車線の緩やかな左カーブ。事故当時は激しい雨が降っていた。","4","運輸交通業","403","道路貨物運送業","40302","特定貨物自動車運送業","10~29","2","物上げ装置、運搬機械","22","動力運搬機","221","トラック","17","交通事故（道路）"
"523","2011","平成","23","3","18~19","120tクローラークレーン操作者が立坑内(深さ35m)に吹付用コンクリートホッパー(重量4.3t)を荷降ろししていたところ、被災者が坑内にて高さ1.5mの吹付機械の上へ、据付はしごを昇っているところで、荷と吹付機械に、激突されて被災した。被災者本人がクレーン操作者と無線機を使用して荷降ろし作業を行っていた。無線での通話状態は明瞭であった。","3","建設業","301","土木工事業","30101","水⼒発電所等建設工事業","50~99","2","物上げ装置、運搬機械","21","動力クレーン等","212","移動式クレーン","6","激突され"
"524","2011","平成","23","3","11~12","プラットホーム(ごみピットへごみを投入するための場所)でごみの仕分け作業をしていた被災者が、投入口2の脇で、持ち込んだごみを廃棄するためプラットホームに進入してきた軽自動車を誘導していたところ、当該軽自動車の後進中に運転手がハンドル操作及びアクセル・ブレーキ操作を誤り急加速したため、被災者が避けきれず当該軽自動車に激突されたもの。","15","清掃・と畜業","1501","清掃・と畜業","150103","その他の廃棄物処理業","10~29","2","物上げ装置、運搬機械","23","乗物","231","乗用車、バス、バイク","6","激突され"
"525","2011","平成","23","3","11~12","7階建てビルの外壁塗装工事中、足場上でコーキング作業をしていた被災者が、足場とビルの隙間(約40センチメートル)から地面に墜落したもの。くさび式本足場には、ビル側にも手すりと中さんが設置されていたが、ビル側に設置されていた物体の落下防止用ネットは折りたたまれていた。","3","建設業","302","建築工事業","30209","その他の建築工事業","1~9","4","仮設物、建築物、構築物等","41","仮設物、建築物、構築物等","411","足場","1","墜落、転落"
"526","2011","平成","23","3","10~11","被災者が、工事現場から別の工事現場へ土砂を運搬するために、10tダンプトラックを運転し走行していたところ、対向車線を走行中の4tトラックがセンターラインを越えてきたため、避けようとしたがガードレールがあったため避けきれず衝突をしたもの。現場は見通しの良い、片側1車線の道路である。","4","運輸交通業","403","道路貨物運送業","40301","一般貨物自動車運送業","10~29","2","物上げ装置、運搬機械","22","動力運搬機","221","トラック","17","交通事故（道路）"
"527","2011","平成","23","2","14~15","屋根付き屋外通路屋根上の積雪を落とすため、脚立に乗って雪かき棒で雪を落とす作業を行っていた被災者が地面に倒れているのが発見されたもの。発見後救急搬送されたが、平成23年3月4日死亡したもの。","8","商業","802","小売業","80209","その他の小売業","1~9","3","その他の装置等","37","用具","371","はしご等","1","墜落、転落"
"528","2011","平成","23","12","9~10","四輪車の衝突実験により燃料タンクの漏れをテストする作業において、衝突実験後、実験車の燃料タンクからガソリンの替わりに入れていたクレンゾルを抜き取り、保管用ドラム缶へ移す際、何らかの原因により引火し、全身に火傷を負った。病院にて治療を行っていたが31日後死亡。","1","製造業","115","輸送用機械等製造業","11502","自動車・同付属品製造業","30~49","5","物質、材料","51","危険物、有害物等","512","引火性の物","16","火災"
"529","2011","平成","23","12","16~17","資材置き場で4tトラッククレーン(定格荷重2.9t)から荷(ダンプのタイヤ洗浄機)を下ろしていたところ、荷が荷台の真横に来たところで倒れてきた。操作者の他に、荷を置く予定の場所に被災者がいたが、倒れたトラッククレーン運転席上部と倒れた方向に置かれていた乗用車ボンネットとの間に被災者が挟まれた。操作者はその下の空洞部分に倒れたため無事だった。操作者は、玉掛けと小型移動式クレーンの資格を有していた。","3","建設業","301","土木工事業","30199","その他の土木工事業","1~9","2","物上げ装置、運搬機械","21","動力クレーン等","212","移動式クレーン","2","転倒"
"530","2011","平成","23","12","2~3","高速自動車道出口の料金所手前で、運転していた大型トレーラーを降り、道路上にいたところ、トレーラーが動き出し避けきれずに壁とトレーラに挟まれ死亡した。","4","運輸交通業","403","道路貨物運送業","40301","一般貨物自動車運送業","1~9","2","物上げ装置、運搬機械","22","動力運搬機","221","トラック","6","激突され"
"531","2011","平成","23","12","6~7","市内の営業所から、労働者3名がワンボックスカーに乗り、市内の工事現場に向かうため高速道路上り線追い越し車線を走行していたところ、中央分離帯に乗り上げスピンし、走行車線を並走していた大型トラックと衝突、横転し後部座席にいた被災者が投げ出され胸部圧迫により死亡し、また、運転席、助手席に乗車していた2名の労働者も、肋骨を骨折する等の休業災害となったもの。","3","建設業","302","建築工事業","30201","鉄骨・鉄筋コンクリート造家屋建築工事業","30~49","2","物上げ装置、運搬機械","23","乗物","231","乗用車、バス、バイク","17","交通事故（道路）"
"532","2011","平成","23","12","0~1","国道下り片側2車線の信号機のある交差点で、被災者の運転する中型トラックが赤信号で停車していた前方の大型トラックに追突した。これにより被災者は胸腹部内臓損傷による出血により、同日午前2時5分に死亡した。","4","運輸交通業","403","道路貨物運送業","40301","一般貨物自動車運送業","30~49","2","物上げ装置、運搬機械","22","動力運搬機","221","トラック","17","交通事故（道路）"
"533","2011","平成","23","11","9~10","平成23年11月16日午前9時15分ごろ、市内で建設会社が施工する土木工事現場において立木の伐倒の業務に従事していた被災者が、チェーンソーを使用し1人で杉の木を伐倒していたところ、伐倒した木がかかり木となった直後に元口が浮き上がり、当該伐倒木が被災者の上に落ちてきて、被災者に激突し下敷きとなった。救出後、病院に搬送されたが、脳挫傷により死亡した。","3","建設業","301","土木工事業","30199","その他の土木工事業","10~29","7","環境等","71","環境等","712","立木等","6","激突され"
"534","2011","平成","23","10","7~8","被災者は、当該事業場から市内の交通誘導業務を行う現場へ向かうため、バイクに乗り出発したところ、同事業場の南側にある町道交差点で、トラックと出合い頭に衝突したもの。バイクは同交差点を北から南へ直進しようと、また、トラックは東から西へ直進しようとしていた。なお、同交差点の南北両側には一時停止の標識がある。また、トラックの運転手にけがはなかった。詳細は調査中。","17","その他の事業","1702","その他の事業","170201","警備業","100~299","2","物上げ装置、運搬機械","23","乗物","231","乗用車、バス、バイク","17","交通事故（道路）"
"535","2011","平成","23","9","18~19","被災者が一人で工事現場から軽トラックで会社へ帰る途中、川の堤防でダンプと正面衝突し、全身を強く打って死亡。なお、ダンプの運転手(自営)、被災者の後ろを走っていた乗用車の男性、ダンプの後ろを走っていたオートバイの男性、計3名が軽傷(全員通勤途中)。","3","建設業","302","建築工事業","30201","鉄骨・鉄筋コンクリート造家屋建築工事業","10~29","2","物上げ装置、運搬機械","22","動力運搬機","221","トラック","17","交通事故（道路）"
"536","2011","平成","23","9","18~19","同僚が台風の影響により荒廃した治山工事用道路の復旧作業中に、トラクター・ショベルごと路肩を乗り越え崖に転落した事故を自宅にいた被災者が、同じ会社に勤める妻からの連絡により知り、現場に駆けつけて、既に亡くなっていた同僚の搬出作業が消防署の職員等により行われている中、現場付近の当該工事用道路路肩から44度の勾配の斜面を下りて行ったところ、約2m降りたところで転倒し、そのまま崖下に転落した。","3","建設業","301","土木工事業","30106","道路建設工事業","30~49","7","環境等","71","環境等","711","地山、岩石","1","墜落、転落"
"537","2011","平成","23","9","14~15","台風の影響により荒廃した治山工事用道路の復旧作業を、他の作業員と別れ一人でトラクター・ショベルを運転して行っていた被災者が行方不明となったため、同僚らが捜索したところ路肩から約35m下の崖の中腹に被災者が倒れていた。トラクターショベルは更に下方の沢に転落していた。現場の状況からトラクター・ショベルが路肩を乗り越え、勾配48度の崖を転落し、被災者が途中で運転室から投げ出されたものと推測される。","3","建設業","301","土木工事業","30106","道路建設工事業","30~49","1","動力機械","14","建設機械等","141","整地・運搬・積込み用機械","1","墜落、転落"
"538","2011","平成","23","9","15~16","被災者は剪定した枝葉を市内の同業者の広場へ一人で運搬途中に、トラックごと川に転落し死亡した。被災者は台風で折れた川沿いの桜の剪定と、その枝葉の運搬作業を行っていた。事故にあった現場の道幅は約2mと狭く、道路は登り坂で左にカーブしていた。","6","農林業","601","農業","60101","農業","1~9","2","物上げ装置、運搬機械","22","動力運搬機","221","トラック","17","交通事故（道路）"
"539","2011","平成","23","9","16~17","既存の木造2階建て住宅の屋根及び外壁の塗装工事において、屋根の破風板(はふいた)の塗装作業をくさび緊結式足場の3層目の作業床で行っていた被災者が、高さ約6m下の足場外側の道路面に墜落したもの。足場外側には高さ135センチメートル及び高さ90センチメートルの手すりがあり、高さ45センチメートルの中さんが取り付けられていた。また、足場外側にはメッシュシートが張られていたが、墜落後にはめくれた状態となっていた。","3","建設業","302","建築工事業","30209","その他の建築工事業","10~29","4","仮設物、建築物、構築物等","41","仮設物、建築物、構築物等","411","足場","1","墜落、転落"
"540","2011","平成","23","8","7~8","出勤後、大学研究実験棟南棟屋上防水改修工事の現場に向かう途中の交通事故。高速道路の198キロメートルポスト付近で中央分離帯の側溝部にぶつかり横転し、死亡した。","3","建設業","302","建築工事業","30201","鉄骨・鉄筋コンクリート造家屋建築工事業","1~9","2","物上げ装置、運搬機械","23","乗物","231","乗用車、バス、バイク","17","交通事故（道路）"
"541","2011","平成","23","7","15~16","市内の茶畑で農薬散布の作業中、午後3時30分頃、被災者が水分補給するため水筒が置いてあるダンプトラックに向かった。少しして事業主がダンプトラックの方を見たところ、被災者がダンプトラックにもたれぐったりしていた。事業主がすぐ近づくと意識はあったが5分ほどするといびきをかいて寝てしまったため119番通報し病院に搬送されたが、午後7時23分死亡した。","6","農林業","601","農業","60101","農業","1~9","7","環境等","71","環境等","715","高温・低温環境","11","高温・低温の物との接触"
"542","2011","平成","23","7","9~10","料亭新築工事に際し、境界壁の堀方をしているとき、被災者の気分が悪くなったため、被災者に休憩を取らせていたが、状態が悪くなったため、11時頃、同事業場所属の者が被災者を病院へ連れていった。病院では熱中症と診断され、医療処置の結果被災者は一時回復したが、1時間後被災者の容態が急変し死亡したもの。","3","建設業","302","建築工事業","30202","木造家屋建築工事業","1~9","7","環境等","71","環境等","715","高温・低温環境","11","高温・低温の物との接触"
"543","2011","平成","23","7","8~9","ビニールハウス内で7時30分すぎからトマトの収穫後の枝類を束ねたものを一輪車で運び出す作業を開始し、8時45分頃に被災者の様子がおかしくフラフラしている状態であり、ビニールハウスの柱にしがみついて動けなくなったため、日陰まで担いで移動させたところ嘔吐した。すぐに救急搬送したが、死亡した。","6","農林業","601","農業","60101","農業","10~29","7","環境等","71","環境等","715","高温・低温環境","11","高温・低温の物との接触"
"544","2011","平成","23","6","10~11","個人住宅のブロック塀の解体工事において、当該工事を請負った事業場の代表者が、下請け労働者1名(被災者)と2人で作業を行っていたが、高さ145センチメートル、幅176センチメートル、厚さ15センチメートル、重量680キログラムのブロック塀の基礎部を代表者がチッピングハンマーで斫っていたところ、当該ブロック塀が倒れ、近くでコンクリートがらを集積していた被災者がその下敷きとなった。","3","建設業","302","建築工事業","30209","その他の建築工事業","1~9","4","仮設物、建築物、構築物等","41","仮設物、建築物、構築物等","418","建築物、構築物","5","崩壊、倒壊"
"545","2011","平成","23","6","9~10","被災者が鉄製の空パレットを積み上げた荷をフォークリフト(最大積載荷重2.5t)にてバック走行で運搬中、スロープのある仮設の荷台に右後輪を乗り上げ、フォークリフトが転倒した。フォークリフトが転倒した際、被災者が運転席から放り出され、その上にフォークリフトが倒れてき、はさまれたもの。","8","商業","804","その他の商業","80401","倉庫業","10~29","2","物上げ装置、運搬機械","22","動力運搬機","222","フォークリフト","2","転倒"
"546","2011","平成","23","6","10~11","工場内で鋼管製の橋脚の製造を行っていた被災者が、外径110センチメートル、長さ82センチメートル重さ約1tの鋼管をH鋼に車輪を上向きに2カ所取り付けた設置台2本を並べた上にクレーンで横向きに載せ、周溶接を行うための裏当て金を取り付けていたところ(推定)、当該鋼管が設置台からずれ落ち半回転する形で倒れたため、鋼管の内面にドーナッツ型に取り付けられていたスチフナー等に上半身を挟まれた。","1","製造業","112","金属製品製造業","11209","その他の金属製品製造業","1~9","5","物質、材料","52","材料","521","金属材料","5","崩壊、倒壊"
"547","2011","平成","23","6","9~10","プレス機械(アマダ製、能力200t、ダブルクランク式)を用い、2人で鋼板のせん断作業をしていた際、1人が両手式ボタンでプレスを起動したところ、被災者の頭部が挟まれたもの。即死。プレスには両手式のボタンのほか、光線式の安全装置を具備していたものの、光線式の安全装置は機能した形跡なし。","1","製造業","113","一般機械器具製造業","11301","機械（精密機械を除く）器具製造業","50~99","1","動力機械","15","金属加工用機械","154","プレス機械","7","はさまれ、巻き込まれ"
"548","2011","平成","23","5","22~23","パルパー担当であった被災者が、災害発生当日行方不明となり、事業場内で捜索されていた。同日他のパルパー担当であった同僚が、被災者が担当していたパルパーの液量が少なくなっていたため、コンベアを動かし、すでにコンベア上に乗ってあった古紙をパルパーの中へ投入した際、人のようなものがパルパーに落ちるのを目撃した。翌日1時頃、レスキューによりパルパーの中にいた被災者を発見、救出と同時に死亡が確認された。","1","製造業","106","パルプ・紙・紙加工品製造業","10601","パルプ・紙製造業","10~29","6","荷","61","荷","611","荷姿の物","5","崩壊、倒壊"
"549","2011","平成","23","5","13~14","本件事業場の材木置き場で被災者がトラックから落下した木材の下敷きになっているところを通行人に発見された。被災者は一人で作業をおこなっていたため、木材の下敷きになったところを目撃したものはいない。現場の状況から被災者は運搬してきた木材をトラック荷台から降ろすため、荷掛け用ワイヤーロープを外そうと荷締機を取り外した際に、積荷の木材1本が落下し、下敷きになったものと推測される。","6","農林業","602","林業","60209","その他の林業","10~29","6","荷","61","荷","611","荷姿の物","4","飛来、落下"
"550","2011","平成","23","5","11~12","杉の苗木の植林作業を終えて、モノラック(動力車に長さ約2m、幅0.55mの荷台が連結されている運搬機)に3名が乗り下山していたところ、約40度の急勾配に差し掛かったところで当該モノラックがエンジンの異音とともにスピードの制御が不能となり、約20m滑走したところでピニオンの車輪が減速機の破損によりずれレールを咬み急停車した。これにより1名は途中で飛び降り難を逃れたが、2名は投げ出され立木に激突した。","6","農林業","602","林業","60209","その他の林業","1~9","2","物上げ装置、運搬機械","22","動力運搬機","229","その他の動力運搬機","3","激突"
"551","2011","平成","23","5","10~11","被災者は勤務場所より営業先に向かうため原動付自転車で走行中、見通しの悪い交差点で、2tトラックと出会い頭に衝突し、脳挫傷により収容先の病院で8日後に死亡したもの。なお、2tトラックの運転手にけがはなかった。現場は信号機のない十字路交差点で、ともに一時停止の標識等もなく、道幅の違いもない。また、当日の天気は雨であった。","9","金融・広告業","901","金融業","90101","銀行・信託業","10~29","2","物上げ装置、運搬機械","23","乗物","231","乗用車、バス、バイク","17","交通事故（道路）"
"552","2011","平成","23","4","13~14","事業場敷地内の木材置場の建物の梁に防鳥ネットを張るため、事業主が運転するフォークリフトの爪上に乗せた板の束を作業床(縦約0.9m、横約4.2m、地上からの高さ約3.5m)として、被災労働者山中俊雄を乗せ作業をさせていたところ、事業主がフォークリフトを左方向へ後退させた際、被災者がバランスを崩し墜落したもの。","1","製造業","104","木材・木製品製造業","10401","製材業","1~9","2","物上げ装置、運搬機械","22","動力運搬機","222","フォークリフト","1","墜落、転落"
"553","2011","平成","23","4","14~15","工場のスレート葺き屋根上にある7台のルーフファンのモーターの交換作業において、3台目のルーフファンのモーター交換作業が終了し、当該ルーフファンのカバーを閉じるため被災者を含め5名で作業にあたり、同作業が終了したため被災者は移動しようとしたところ、アルミ製足場板を敷いていない箇所のスレートを踏み抜き8m下の工場内の床面に墜落したもの。","3","建設業","303","その他の建設業","30309","その他の建設業－その他","30~49","4","仮設物、建築物、構築物等","41","仮設物、建築物、構築物等","415","屋根、はり、もや、けた、合掌","1","墜落、転落"
"554","2011","平成","23","4","19~20","平成23年4月1日午後7時24分ごろ、会社本社・工場で、労働者Aがアルミダイカスト鋳造機械の金型に挟まれているのを同僚の労働者Bが発見した。この日、被災した労働者Aは、午後2時から午後11時までの勤務であり、事故当時は一人でアルミダカスト鋳造機械で製造された自動車部品のバリ取り作業などを行っていた。労働者Aが金型に挟まれたところを見ていた者はいない。","1","製造業","111","非鉄金属製造業","11102","非鉄金属鋳物業","100~299","1","動力機械","16","一般動力機械","164","射出成形機","7","はさまれ、巻き込まれ"
"555","2011","平成","23","3","7~8","シラス漁の解禁日であったことから、A丸およびB丸はそれぞれ僚船とともに午前6時頃よりシラス漁の漁場に向かった。午前7時15分C市D海岸の南沖合約2キロメートル地点で、網を広げるために左方向へUターンするように進路を変えたA丸と後方から航行してきたB丸が衝突した。B丸の乗組員2名が受傷、A丸は転覆し6名が海に投げ出された。","7","畜産・水産業","702","水産業","70201","漁業","1~9","2","物上げ装置、運搬機械","23","乗物","239","その他の乗物","18","交通事故（その他）"
"556","2011","平成","23","3","7~8","シラス漁の解禁日であったことから、A丸およびB丸はそれぞれ僚船とともに午前6時頃よりシラス漁の漁場に向かった。午前7時15分C市D海岸の南沖合約2キロメートル地点で、網を広げるために左方向へUターンするように進路を変えたA丸と後方から航行してきたB丸が衝突した。B丸の乗組員2名が受傷、A丸は転覆し6名が海に投げ出された。","7","畜産・水産業","702","水産業","70201","漁業","1~9","2","物上げ装置、運搬機械","23","乗物","239","その他の乗物","18","交通事故（その他）"
"557","2011","平成","23","3","22~23","出張先から直接自宅に帰る際に交通事故にあい11日後の3月27日に死亡した。出張先から最寄り駅までは電車、最寄り駅から自宅までは自転車での移動。被災者は横断歩道を渡ろうとしたところ、交差点を左折しようとした乗用車にひかれた。","1","製造業","114","電気機械器具製造業","11403","電子機器用・通信機器用部品製造業","300~499","2","物上げ装置、運搬機械","23","乗物","231","乗用車、バス、バイク","17","交通事故（道路）"
"558","2011","平成","23","3","14~15","オフセット印刷機のメンテナンス作業中、被災者は印刷工程の最後にあたるでんぷん等の粉を噴射するデリバリーグリッパーと呼ばれるバーを低速運転しながらエアーガンを用いた印刷機の清掃作業を行っていた。被災者がデリバリーグリッパー等と印刷機内部を清掃していた際、回転してきたデリバリーグリッパーとフレームの間に頭部を巻き込まれ死亡したもの。","1","製造業","107","印刷・製本業","10701","印刷業","30~49","1","動力機械","16","一般動力機械","166","印刷用機械","7","はさまれ、巻き込まれ"
"559","2011","平成","23","2","11~12","被災者が正社員として勤務していた営業所(以下、営業所)は、片側2車線の県道沿いにあるが、被災者が出社後マイカーで営業の仕事に行き、終えて営業所に戻る際、営業所前の当該県道の向こう側で被災者等が契約している駐車場にマイカーを止め、当該県道を渡ろうとして横断歩道でない箇所で、信号で停車している車両の間を通っていたところ、右折車線を走行中の自家用車貨物自動車にはねられ、6日後に急性硬膜下血腫等により死亡","9","金融・広告業","901","金融業","90103","保険業","30~49","2","物上げ装置、運搬機械","22","動力運搬機","221","トラック","17","交通事故（道路）"
"560","2011","平成","23","2","13~14","植樹用の苗木を被災者と同僚の2名で山の中を探していた際、「わー」という声と滑落音を聞いた同僚が、被災者の様子を確認しに近づいたところ、湖面で溺れている被災者を発見した。同僚が被災者を救助したところ息をしていなかったため、心マッサージを行ったが、蘇生しなかったことから、助けを呼びに無線機のある車まで山道を戻り、事務所へ救助を求めた。被災者はヘリで県立総合病院へ搬送されたが、死亡が確認された。","12","教育・研究業","1201","教育・研究業","120109","その他の教育研究業","1~9","7","環境等","71","環境等","711","地山、岩石","10","おぼれ"
"561","2011","平成","23","2","10~11","12階建てマンション建築工事のクライミングクレーン(クライミング前は4マスト)のクライミング作業(3マスト追加)において発生。被災者は職長でありクレーン操作者。2マスト目を設置する際に地上で地切り後フロア上では強風のため作業中断を判断し5分ほど待機した。その後風が弱まり作業を開始した。マストを据え付けようとしたところ、マストが必要以上にガントリー側に振れウインチ付近にて操作していた被災に激突した。","3","建設業","302","建築工事業","30201","鉄骨・鉄筋コンクリート造家屋建築工事業","10~29","2","物上げ装置、運搬機械","21","動力クレーン等","211","クレーン","6","激突され"
"562","2011","平成","23","2","1~2","プラスチックパレットの製造ラインにおいて、ラインがトラブルにより停止した。被災者はパレット部品の表裏を反転させようとライン内部に入ったところパレット部品を積み上げる搬送装置が被災者の上部から下降してきて胸部を挟まれた。","1","製造業","108","化学工業","10805","プラスチック製品製造業","300~499","1","動力機械","16","一般動力機械","169","その他の一般動力機械","7","はさまれ、巻き込まれ"
"563","2011","平成","23","1","14~15","埠頭のスクラップ積込場所において大型トレーラー荷台の鉄くずを荷降ろし中、被災者が荷台の中に入り込んで鉄くずを集めているのに気付かずに、埠頭のクレーンオペレーターがクレーンのアームを荷台の中に入れてしまったため、アームと荷台の床との間で押し潰された。","4","運輸交通業","403","道路貨物運送業","40301","一般貨物自動車運送業","10~29","2","物上げ装置、運搬機械","21","動力クレーン等","212","移動式クレーン","7","はさまれ、巻き込まれ"
"564","2011","平成","23","1","21~22","被災者は3500トンプレス成形機の金型の移動作業を天井クレーンを使用して行っていた。同僚が金型のうえに作業帽が乗っているのを発見して近づいたところ地切りした金型と隣に置いてあった金型との間で挟まれている被災者を発見した。","1","製造業","108","化学工業","10805","プラスチック製品製造業","100~299","2","物上げ装置、運搬機械","21","動力クレーン等","211","クレーン","7","はさまれ、巻き込まれ"
"565","2011","平成","23","11","5~6","県内で通信設備の電気工事を終了後、トラックとバンに7名が分乗して会社に戻る途中、県内の高速道路下り線において、4名が乗車していた2トントラックの右前タイヤがパンクしたため、路肩に停止し、2名がパンク修理し、残り2名が当該車両の後方で交通整理を行っていたところ、後方より走行してきた大型トラックに3名が跳ねられ、いずれも死亡した。","3","建設業","303","その他の建設業","30301","電気通信工事業","1~9","2","物上げ装置、運搬機械","22","動力運搬機","221","トラック","17","交通事故（道路）"
"566","2011","平成","23","11","5~6","県内で通信設備の電気工事を終了後、トラックとバンに7名が分乗して会社に戻る途中、県内の高速道路下り線において、4名が乗車していた2トントラックの右前タイヤがパンクしたため、路肩に停止し、2名がパンク修理し、残り2名が当該車両の後方で交通整理を行っていたところ、後方より走行してきた大型トラックに3名が跳ねられ、いずれも死亡した。","3","建設業","303","その他の建設業","30301","電気通信工事業","1~9","2","物上げ装置、運搬機械","22","動力運搬機","221","トラック","17","交通事故（道路）"
"567","2011","平成","23","11","5~6","県内で通信設備の電気工事を終了後、トラックとバンに7名が分乗して会社に戻る途中、県内の高速道路下り線において、4名が乗車していた2トントラックの右前タイヤがパンクしたため、路肩に停止し、2名がパンク修理し、残り2名が当該車両の後方で交通整理を行っていたところ、後方より走行してきた大型トラックに3名が跳ねられ、いずれも死亡した。","3","建設業","303","その他の建設業","30301","電気通信工事業","1~9","2","物上げ装置、運搬機械","22","動力運搬機","221","トラック","17","交通事故（道路）"
"568","2011","平成","23","7","0~1","被災者は、平成23年4月に営業部署に異動となり、顧客への商品の紹介、販売を行う営業業務に従事してきたが、発病直前の1ヶ月に168時間56分の時間外労働を行わせたことにより、うつ病が発症し、自殺に至ったものと認定したもの。","8","商業","801","卸売業","80109","その他の卸売業","10~29","9","その他","92","起因物なし","921","起因物なし","90","その他"
"569","2011","平成","23","11","14~15","県内の補助事業である立木の間伐作業中、被災者が、同僚が倒した立木(口元直径26センチメートル、高さ約17メートル)に激突され、下敷きとなり、2日後に死亡したものである。","6","農林業","602","林業","60209","その他の林業","1~9","7","環境等","71","環境等","712","立木等","6","激突され"
"570","2011","平成","23","12","15~16","運送業トラック運転手である被災者が、配送先事業場内で配送先事業場のフォークリフトと運搬台車の間で牽引アタッチメント取り付け作業を行っていたところ、フォークリフト運転手(配送先事業場構内下請所属)がフォークリフト操作を誤り、アクセルを踏んだため、被災者の頭部がフォークリフトと運搬台車に挟まれたもの。","4","運輸交通業","403","道路貨物運送業","40301","一般貨物自動車運送業","30~49","2","物上げ装置、運搬機械","22","動力運搬機","222","フォークリフト","7","はさまれ、巻き込まれ"
"571","2011","平成","23","12","9~10","既設2階建木造家屋の外壁塗装(塗り替え)作業終了後の清掃作業をすべて終え、駐車場に止めてあった車に乗り込もうとした被災者が、1階の屋根上に軍手を置き忘れたことに気づき、当該屋根上まで戻ったところ、足を滑らせて屋根の端から墜落したもの。","3","建設業","302","建築工事業","30209","その他の建築工事業","1~9","4","仮設物、建築物、構築物等","41","仮設物、建築物、構築物等","415","屋根、はり、もや、けた、合掌","1","墜落、転落"
"572","2011","平成","23","12","9~10","配送センター外壁・屋根等塗替工事において、足場の解体作業中の災害。足場の12段目の床に外した鳥居枠を仮置きしていたところ、被災者が張り出していたブラケット足場に乗った際、ブラケットの取り付け部分が破損し、21本の鳥居枠と共に墜落し、死亡したものである。また、地上にいた塗装工に落下した鳥居枠があたり、被災したものである。","3","建設業","302","建築工事業","30209","その他の建築工事業","1~9","4","仮設物、建築物、構築物等","41","仮設物、建築物、構築物等","411","足場","1","墜落、転落"
"573","2011","平成","23","12","23~24","平成23年12月4日午後11時40分頃、A社の経営する店内で接客中、着ぐるみの衣装に着替えるため席を離れ、店内の入り口付近から通じるベランダに出て、カゴに入っていた着ぐるみ用のつなぎの衣装を取り出し、衣装を身に付ける際、誤ってベランダの落下防止用の擁壁を越えて1階地面まで墜落したものである。","14","接客娯楽業","1402","飲食店","140209","その他の飲食店","30~49","4","仮設物、建築物、構築物等","41","仮設物、建築物、構築物等","418","建築物、構築物","1","墜落、転落"
"574","2011","平成","23","11","12~13","片側2車線の直線道路で、追越車線を走っていた乗用車が車線変更し、走行車線を走行していた被災者のミニバイクに追突したもの","9","金融・広告業","901","金融業","90103","保険業","100~299","2","物上げ装置、運搬機械","23","乗物","231","乗用車、バス、バイク","17","交通事故（道路）"
"575","2011","平成","23","11","10~11","高所作業車で配管作業中、近くのプレス移設作業で使用されていた天井クレーンのガーターが当該高所作業車に接触し、同作業車が転倒し、同作業車の高さ約8メートル作業台上で作業をしていた被災者が、作業台とともに地上に激突、死亡したもの。","3","建設業","302","建築工事業","30201","鉄骨・鉄筋コンクリート造家屋建築工事業","1~9","2","物上げ装置、運搬機械","21","動力クレーン等","211","クレーン","6","激突され"
"576","2011","平成","23","11","14~15","9階建てビルの屋上ペントハウスに付随する広告塔改修工事において、広告塔の支柱となるH鋼サビ止め塗装を行う1次下請業者の作業員が、高さ約11メートルのコンクリート梁にて、サビ取り前処理作業を行っている際、屋上面に墜落したもの。","3","建設業","303","その他の建設業","30309","その他の建設業－その他","1~9","4","仮設物、建築物、構築物等","41","仮設物、建築物、構築物等","414","開口部","1","墜落、転落"
"577","2011","平成","23","11","15~16","平成23年11月8日午後3時30分頃、木材会社の労働者AがB町の峠の私有林で間伐作業中、共同作業者Cの処理したかかり木が激突したもの。11月10日までは昏睡状態が続いていたが、同日12時59分死亡が確認された。","6","農林業","602","林業","60201","木材伐出業","1~9","7","環境等","71","環境等","712","立木等","5","崩壊、倒壊"
"578","2011","平成","23","10","7~8","トレーニングセンター内において、競走馬の準備運動のため、乗馬した状態で厩舎周辺の馬道を歩かせていたところ、突然暴れだし、乗馬していた厩務員が振り落とされ、馬道周辺の木に当たり、車道側へ落ちた。","7","畜産・水産業","701","畜産業","70101","畜産業","1~9","7","環境等","71","環境等","719","その他の環境等","1","墜落、転落"
"579","2011","平成","23","10","4~5","原付バイクで新聞の配達中、信号のある交差点で乗用車と衝突した。","8","商業","802","小売業","80205","新聞販売業","10~29","2","物上げ装置、運搬機械","23","乗物","231","乗用車、バス、バイク","17","交通事故（道路）"
"580","2011","平成","23","10","3~4","空車台車を回送し、配車センターにてトレーラーヘッドを切り離し中、トレーラーヘッドが前方に動き出した。それを止めようと運転席に乗り込もうとするも、隣の台車との間隔が狭く、ドアが隣の台車に押され、体がドアに挟まれた。その後、午前4時40分頃救急通報、病院に搬送されるも、同日午前5時40分外傷性心挫傷により、死亡したもの。","4","運輸交通業","403","道路貨物運送業","40301","一般貨物自動車運送業","10~29","2","物上げ装置、運搬機械","22","動力運搬機","221","トラック","7","はさまれ、巻き込まれ"
"581","2011","平成","23","10","11~12","建設事務所の嘱託員として、2名でパトロール用作業車両による施設巡視を行なっていた被災者らは、道路脇の倒木を発見した。通行の妨げになるためこの倒木にロープを掛け、作業車両で牽引して除去しようと考えて車両を後進させた際、運転者が操作を誤り、被災者を巻き込んで車両ごと道路下約2.8Mの沢に転落した。このため被災者は車両の下敷きとなり脳挫傷により即死した。","3","建設業","301","土木工事業","30199","その他の土木工事業","30~49","2","物上げ装置、運搬機械","23","乗物","231","乗用車、バス、バイク","17","交通事故（道路）"
"582","2011","平成","23","10","10~11","既存の建物(地階部分)の解体工事にて、クローラドリルで床面のコンクリートの穿孔作業を行っていた被災者の後方の土砂が崩れ、生き埋めになったもの。","3","建設業","301","土木工事業","30199","その他の土木工事業","1~9","7","環境等","71","環境等","711","地山、岩石","5","崩壊、倒壊"
"583","2011","平成","23","10","1~2","A市内の配達先より戻る途中、高速道路上りB市内で、前方を走行中の大型トラックに追突した。","4","運輸交通業","403","道路貨物運送業","40301","一般貨物自動車運送業","50~99","2","物上げ装置、運搬機械","22","動力運搬機","221","トラック","17","交通事故（道路）"
"584","2011","平成","23","9","10~11","被災者の一人作業において、災害時の状況を現認していたものはいないが、被災者がショットブラストを自動運転させた後、すぐにタラップを使用してショットブラストのドラム付近の高さまで上がったところ、何らかの理由で材料を投入するバケット内に入ってしまったか、材料投入時にドラム付近まで近寄りドラムの蓋が閉まる前にドラム内に入り込んでしまったものと考えられる。","1","製造業","111","非鉄金属製造業","11101","非鉄金属精錬・圧延業","30~49","1","動力機械","16","一般動力機械","169","その他の一般動力機械","7","はさまれ、巻き込まれ"
"585","2011","平成","23","9","8~9","上記発生場所に所在する建設会社事務所屋外階段に設置されている屋根(塩化ビニール製)の張り替え作業を行うにあたり、老朽化した屋根を取り外す作業を行っていたところ、屋根を踏み抜き、約3メートル下のコンクリート製の階段部分へ墜落したもの。なお、当該作業は1人作業であったため、災害概要は推定である。","3","建設業","302","建築工事業","30209","その他の建築工事業","1~9","4","仮設物、建築物、構築物等","41","仮設物、建築物、構築物等","415","屋根、はり、もや、けた、合掌","1","墜落、転落"
"586","2011","平成","23","9","14~15","被災者は、事業場の屋上に設けられた排水口の清掃を行っていた。当該事業場は鉄筋コンクリート造の3階建てで、屋上階の東側が一部セットバックしており、セットバックした屋上部分には手すりが設けられているが、東側張り出した部分には手すりが設置されていない構造となっている。被災者は東側張り出した部分にある排水口の清掃を行うため、手すりを乗り越えたところ、地上(高さ9.28メートル)に墜落した。","8","商業","801","卸売業","80109","その他の卸売業","1~9","4","仮設物、建築物、構築物等","41","仮設物、建築物、構築物等","418","建築物、構築物","1","墜落、転落"
"587","2011","平成","23","9","15~16","平成23年9月8日午後4時頃、A市に所在する会社が特定元方事業者として施工する分譲住宅No.9新築工事現場において、同社より同建築工事の建前工事を含む大工工事を請け負った建築会社の労働者が、2階壁部の筋交となる部材を建屋内から取り付ける作業中、筋交の部材と共に3.5メートル下の地上に墜落被災したもの。搬送先の病院にて同15日死亡した。","3","建設業","302","建築工事業","30202","木造家屋建築工事業","1~9","4","仮設物、建築物、構築物等","41","仮設物、建築物、構築物等","418","建築物、構築物","1","墜落、転落"
"588","2011","平成","23","9","9~10","被災者は4tトラックを運転し引越荷物を運搬中に、町内の交差点で、左側ガードレールに接触後、その前方に停車中の10tトラックに追突し全身打撲により死亡。","4","運輸交通業","403","道路貨物運送業","40301","一般貨物自動車運送業","10~29","2","物上げ装置、運搬機械","22","動力運搬機","221","トラック","17","交通事故（道路）"
"589","2011","平成","23","8","16~17","被災者が、上記場所のT字路において、配電線工事の交通誘導業務を行っていたところ、交差点を左折しようと徐行で進入してきた軽トラックが急加速し、正面から激突され、軽トラックとともにビニールハウスのドアを突き破って押し倒されたもの。被災者は、転倒時の出血性ショックで同日午後5時43分に死亡した。","17","その他の事業","1702","その他の事業","170201","警備業","30~49","2","物上げ装置、運搬機械","22","動力運搬機","221","トラック","17","交通事故（道路）"
"590","2011","平成","23","8","14~15","道路(15.7キロポスト)下り線の右側車線を走行していた。後方から走行してきた2トン車が追突し、衝撃のはずみで左側車線方向に押し出されて縁石に乗り上げ横転した。車両は大破し、当社のドライバーは胸部に強い圧迫を受け死亡した。","4","運輸交通業","403","道路貨物運送業","40301","一般貨物自動車運送業","10~29","2","物上げ装置、運搬機械","22","動力運搬機","221","トラック","17","交通事故（道路）"
"591","2011","平成","23","8","9~10","被災者が地上から約1.8mの深さ付近の掘削溝で、手堀りにより掘削作業を行っていたところ、被災者背後の掘削面が崩壊するとともに、歩道の縁石が崩壊し、被災者頭部が崩壊した縁石と掘削面に挟まれたもの。","3","建設業","301","土木工事業","30110","上下水道工事業","1~9","4","仮設物、建築物、構築物等","41","仮設物、建築物、構築物等","419","その他の仮設物、建築物、構築物等","5","崩壊、倒壊"
"592","2011","平成","23","7","14~15","旋盤を利用して、注液パイプの表面仕上げ加工を行う際に、帯状のサンドペーパーの両端を持ってパイプにあてがって行っていたところ、軍手を付けた左手が巻き込まれ、左手と頭部を損壊し、死亡した。","1","製造業","113","一般機械器具製造業","11301","機械（精密機械を除く）器具製造業","50~99","1","動力機械","15","金属加工用機械","151","旋盤","7","はさまれ、巻き込まれ"
"593","2011","平成","23","6","10~11","テナントビル1階の空調機械室内で空調機修理作業のため、空調機の外装パネルを外したところ、何らかの理由により労働者Aが倒れ、労働者Bは身体の自由を失って座り込んだ。午後1時50分頃、巡回した建物管理会社の担当者が、空調機械室で一人が倒れ、もう一人が意識が混濁した状態で座り込んでいるのを発見し、救急車を要請した。Aが死亡しBは酸欠症で休業した。","1","製造業","117","その他の製造業","11709","その他の製造業－その他","50~99","7","環境等","71","環境等","715","高温・低温環境","12","有害物等との接触"
"594","2011","平成","23","6","17~18","平成23年6月25日(土)午後4時30分頃、A邸解体工事現場において、解体作業に当たっていた作業員が熱疲労の症状を発症、建屋内で休憩をさせていたところ、手バラシしで解体していた職長が、大きなイビキ、大声の発生に気付いたため、急ぎ救急搬送するも熱射病により死亡した。","3","建設業","302","建築工事業","30209","その他の建築工事業","1~9","7","環境等","71","環境等","715","高温・低温環境","11","高温・低温の物との接触"
"595","2011","平成","23","6","1~2","平成23年6月20日午前1時40分頃、被災者が積み荷を搬送中、高速道路上り線(112.9ポスト)で、前方の工事による車線規制で速度を落とした前車に後方から追突した。(現場は直線道路で、霧雨)","4","運輸交通業","403","道路貨物運送業","40301","一般貨物自動車運送業","30~49","2","物上げ装置、運搬機械","22","動力運搬機","221","トラック","17","交通事故（道路）"
"596","2011","平成","23","6","17~18","被災者は10tトラックにA県で荷を積みB県に戻るため、国道下り線を走行していた。一方、事故の相手方は車両積載型トラッククレーンにC県で荷を積み、D県へ戻るため上り線を走行していた。同国道下り線側で2台が正面衝突するように衝突した。衝突後、相手方は車外に逃れたが、被災者は足がはさまれて車外に出られずにいたところ、出火し、運転席が延焼して焼死したもの。","4","運輸交通業","403","道路貨物運送業","40301","一般貨物自動車運送業","10~29","2","物上げ装置、運搬機械","22","動力運搬機","221","トラック","17","交通事故（道路）"
"597","2011","平成","23","6","14~15","使用済み砥石のリサイクル処理工程において、ジョークラッシャーで破砕された砂状の砥石粒が排出用フレキシブルダクトの内部で詰まったので、担当作業者がダクト内部の詰まり状態を解消するためダクト近くのロッドミル(回転ドラム式粉砕機)のメンテナンス用作業台に上り、当該ダクトをハンマーで叩いていたところロッドミルの回転ドラムに身体が巻き込まれたもの。","1","製造業","109","窯業土石製品製造業","10909","その他の土石製品製造業","100~299","1","動力機械","16","一般動力機械","162","混合機、粉砕機","7","はさまれ、巻き込まれ"
"598","2011","平成","23","6","17~18","社用車に4名が同乗し、彦根料金所の現場から帰社するために高速道路を移動中、社用車の左前輪がパンクしたため、路肩に車を寄せてスペアタイヤに交換する作業を行っていたところ、後方から来た4tトラックが車線をはみ出し社用車に接触して、社用車の後部右ドア付近にいた被災者をはねたもの。他の3名は監視役の者の声掛けにより退避したが、被災者は逃げ遅れたものである。","3","建設業","303","その他の建設業","30301","電気通信工事業","10~29","2","物上げ装置、運搬機械","22","動力運搬機","221","トラック","17","交通事故（道路）"
"599","2011","平成","23","6","8~9","6月1日19時頃、トレーラーに鋼材21tを積み込みA市に向けてB市を出発。6月2日8時50分頃、高速道路・インターチェンジ上り料金所手前の左カーブを曲がり切れずガードレールに接触し横転した。","4","運輸交通業","403","道路貨物運送業","40301","一般貨物自動車運送業","100~299","2","物上げ装置、運搬機械","22","動力運搬機","221","トラック","17","交通事故（道路）"
"600","2011","平成","23","5","10~11","ドラグショベル及びダンプトラックを使用し、採石場ベンチ上において、岩石積み出し作業中、ベンチ上で場所を移動しようとした、ドラグショベルとともに高さ15メートル下のベンチに転落し、全身を打撲し死亡したもの。","2","鉱業","202","土石採取業","20201","採石業","10~29","7","環境等","71","環境等","711","地山、岩石","1","墜落、転落"
"601","2011","平成","23","5","15~16","建設用の鉄骨(1.5トン)をトレーラーに12本積む作業を2人で行っていた。被災者が荷台で玉はずし、もう1人が4.8トン門型クレーンで9メートル離れたヤードから鉄骨を移動させていた。ヤードで8本目をクレーンで垂直に吊り上げた時、荷台で待機していた被災者が高さ1.25メートルの荷台から地上に墜落し、外傷性頭蓋内出血で死亡した。ヘルメットは着用していた。","17","その他の事業","1702","その他の事業","170209","その他の事業－その他","10~29","2","物上げ装置、運搬機械","22","動力運搬機","221","トラック","1","墜落、転落"
"602","2011","平成","23","4","16~17","海外出張から戻った二日後、頭痛を訴え早退後自宅にて入浴中くも膜下出血を発症し、死亡したもの","1","製造業","113","一般機械器具製造業","11305","その他の精密機械器具製造業","300~499","9","その他","92","起因物なし","921","起因物なし","90","その他"
"603","2011","平成","23","4","16~17","平成23年4月13日午後4時40分頃、県道交差点(信号あり)において、ダンプトラックと軽自動車が交差点内で衝突し、軽自動車の助手席に乗っていた労働者が死亡し、同運転席の同僚が重傷を負ったもの。なお、軽自動車に乗車していた2名は資格試験の受験会場から社用車で事業場に帰る途中であった。","9","金融・広告業","901","金融業","90101","銀行・信託業","10~29","2","物上げ装置、運搬機械","22","動力運搬機","221","トラック","17","交通事故（道路）"
"604","2011","平成","23","4","8~9","被災者運転の保冷車が、前方で信号待ちをしていたタンクローリーに衝突後、道路左側の道路標識に激突し死亡した。","4","運輸交通業","403","道路貨物運送業","40301","一般貨物自動車運送業","30~49","2","物上げ装置、運搬機械","22","動力運搬機","221","トラック","17","交通事故（道路）"
"605","2011","平成","23","3","15~16","同僚がギロチンシャー(500トン)のスクラッププレス機横の地下床面に頭部から血を流して倒れている被災者を発見した。地上から当該地下床面までは2m47センチメートルで垂直の梯子が設置されているが、当該梯子設置箇所以外の開口部端には手すりが設置されていない。状況から当該開口部から墜落したと推定されるが、手すりが設置されていない開口部端にも血だまりが残っており、墜落直前、被災者が吐血した可能性がある。","1","製造業","110","鉄鋼業","11009","その他の鉄鋼業","1~9","4","仮設物、建築物、構築物等","41","仮設物、建築物、構築物等","414","開口部","1","墜落、転落"
"606","2011","平成","23","3","12~13","A県内の荷先から次の集荷先である町へ向かうためトラック(7t)を運転中、B県C市で道路に進入したところ、3台の車とガードレールに衝突後、緩い下り坂を60m程度走行し、ガードレールを突き破り、約4m下を併走する町道に落下し頭部外傷により同日15時50分に死亡したもの。","4","運輸交通業","403","道路貨物運送業","40301","一般貨物自動車運送業","10~29","2","物上げ装置、運搬機械","22","動力運搬機","221","トラック","17","交通事故（道路）"
"607","2011","平成","23","3","15~16","自動包装機を運転し、板紙を包装するための給紙作業を行っていた被災者が、木製パレットを排出するためのテーブルリフターのテーブル上に上半身を入れていたところ、同テーブルが上昇し、同テーブルとテーブルリフターの鋼製枠との間に挟まれたもの。病院搬送後治療を受けるも、3月8日15時40分死亡が確認された。","1","製造業","106","パルプ・紙・紙加工品製造業","10601","パルプ・紙製造業","10~29","2","物上げ装置、運搬機械","22","動力運搬機","229","その他の動力運搬機","7","はさまれ、巻き込まれ"
"608","2011","平成","23","3","11~12","平成23年3月6日午後0時頃、ホームセンター駐車場灯油コーナー傍において、男性従業員(68歳)が灯油タンク残量の確認作業中に、バックしてきた一般客の運転する軽自動車に巻き込まれ死亡する労働災害が発生した。","8","商業","802","小売業","80209","その他の小売業","50~99","2","物上げ装置、運搬機械","23","乗物","231","乗用車、バス、バイク","17","交通事故（道路）"
"609","2011","平成","23","3","18~19","青信号で通過車両が交差点内になかったので右折して通り過ぎようとしたところ対抗車両が交差点内に突入してきた。そのまま通過しようとしたところ、自車の後部に激突され2回半ほど車が回転したときに投げ出され停止していたバイクにぶつかり被災した。","17","その他の事業","1702","その他の事業","170201","警備業","300~499","2","物上げ装置、運搬機械","23","乗物","231","乗用車、バス、バイク","17","交通事故（道路）"
"610","2011","平成","23","2","10~11","ベルトコンベアの試運転中に当該コンベア周辺の作業台にいた被災者が当該コンベアのテンションロールとベルトの間に足から巻き込まれ、死亡した。","15","清掃・と畜業","1501","清掃・と畜業","150102","産業廃棄物処理業","10~29","2","物上げ装置、運搬機械","22","動力運搬機","224","コンベア","7","はさまれ、巻き込まれ"
"611","2011","平成","23","2","4~5","平成23年2月19日からの泊まり勤務で、起床後着替えを済ませ、仮眠室から靴を履き足を踏み出した際滑って仰向けに転倒し頭を強く打った。","4","運輸交通業","401","鉄道・軌道・水運・航空業","40101","鉄道・軌道業","100~299","4","仮設物、建築物、構築物等","41","仮設物、建築物、構築物等","416","作業床、歩み板","2","転倒"
"612","2011","平成","23","2","15~16","地上から約5.7mの位置に設置されていた天井クレーンの走行レール(長さ約13m)の両端をチェーンブロックのチェーンで吊った状態で、被災者がローリングタワーの最上部(高さ5.3m)に乗って撤去作業を行っていたところ、突然、吊っていたチェーンブロックの一端が外れ振り子のように落下し、ローリングタワーに激突・転倒し、被災者が転落したものである。","1","製造業","113","一般機械器具製造業","11301","機械（精密機械を除く）器具製造業","1~9","4","仮設物、建築物、構築物等","41","仮設物、建築物、構築物等","411","足場","1","墜落、転落"
"613","2011","平成","23","2","8~9","被災者が2tトラックを運転して仕入先に向け走行中、前夜から早朝にかけての降雪の影響により、前方大型車両のスリップ事故渋滞に遭遇した。その状況確認のためトラックより下車して凍結路面を歩行中、滑って転倒したもの。被災者は、右腕及び後頭部を強打し、3日後の2月18日、22時頃、急性硬膜膜下血腫により死亡した。","1","製造業","115","輸送用機械等製造業","11502","自動車・同付属品製造業","100~299","7","環境等","71","環境等","719","その他の環境等","2","転倒"
"614","2011","平成","23","1","10~11","平成23年1月27日(木)午前10時45分ごろ、市内の工場で製造された船外機を港から輸出するため、トレーラーで国道を運送していたところ、片側1車線の右カーブでスリップし、対向車線を超えて河川敷に転落したもの(単独事故)。","4","運輸交通業","403","道路貨物運送業","40301","一般貨物自動車運送業","100~299","2","物上げ装置、運搬機械","22","動力運搬機","221","トラック","17","交通事故（道路）"
"615","2011","平成","23","1","17~18","被災者は、営業を終え、会社へ戻る途中、対向車線にはみ出し、対向車線を走行して来た4tトラックと正面衝突し被災したもの。","8","商業","802","小売業","80209","その他の小売業","50~99","2","物上げ装置、運搬機械","23","乗物","231","乗用車、バス、バイク","17","交通事故（道路）"
"616","2011","平成","23","1","23~24","18日午後11時50分ごろ、国道交差点で、タクシー運転手の被災者が国道と交わる県道を走行中、国道を走行していた乗用車と衝突。被災者は、頭や胸を強く打って死亡した。乗用車の助手席にいた女性がひざに軽傷を負った。","4","運輸交通業","402","道路旅客運送業","40201","ハイヤー・タクシー業","100~299","2","物上げ装置、運搬機械","23","乗物","231","乗用車、バス、バイク","17","交通事故（道路）"
"617","2011","平成","23","1","22~23","23:35分頃、高さ9m、直径2.6mの液体糖質貯蔵タンク内(当日貯蔵率70%)に落下している被災者を、班長が発見した。ただちに119番通報がなされ、レスキュー隊による救出が行なわれたが、0:45分死亡が確認された(窒息死)。単独作業であるため目撃者はいないが、付近の状況から、同タンク上部のマンホールのふたを開け、粉末糖質を、投入しようとしていた時、同マンホールから誤って落下したものと推定される。","1","製造業","101","食料品製造業","10109","その他の食料品製造業","100~299","3","その他の装置等","39","その他の装置、設備","391","その他の装置、設備","1","墜落、転落"
"618","2011","平成","23","1","9~10","橋脚の基礎工事において、水中にて、高圧洗浄機を用いて鋼管についた泥を落とす作業をしていた潜水士(約7時間後救出、無傷)が、泥に埋もれ身動きがとれなくなったため、地上にいた他の潜水士が、同人の状況確認のため水中に潜ったところ、数分後、突然、後から潜った潜水士の交信が途絶え、すぐに引き揚げたが、すでに意識不明の状態であったもの。交信が途絶えた原因については不明。(平成23年1月18日死亡)","3","建設業","301","土木工事業","30199","その他の土木工事業","1~9","7","環境等","71","環境等","713","水","10","おぼれ"
"619","2011","平成","23","1","8~9","被災者は、ガス敷設工事現場の交通誘導警備業務を行うため、同僚作業員と共に、工事現場付近の市道交差点の歩道において、工事業者の到着を待っていたところ、北進中の乗用車と東進中の乗用車が交差点内で出会い頭に衝突し、はずみで東進中の乗用車が歩道内に突入して被災者をはねたもの。","17","その他の事業","1702","その他の事業","170201","警備業","100~299","2","物上げ装置、運搬機械","23","乗物","231","乗用車、バス、バイク","17","交通事故（道路）"
"620","2011","平成","23","1","16~17","悪天候のため、他従業員が乗車するトラックにスノーチェーンを装着する作業をしていたが、その後、他の従業員がトラック左側後部に倒れている被災者を発見し、病院に搬送されたが、翌日死亡が確認された。","17","その他の事業","1702","その他の事業","170209","その他の事業－その他","10~29","9","その他","92","起因物なし","921","起因物なし","90","その他"
"621","2011","平成","23","5","17~18","ロール紙製造の最終工程におけるロワリングテーブルの昇降用油圧シリンダーの交換作業において、駆動側の安全ピンを抜いたところピット内でテーブルを支えていた組長は落下してきたテーブルに激突され死亡した。付近で油圧ジャッキ操作をしていた組員は左肩を骨折した。","3","建設業","303","その他の建設業","30302","機械器具設置工事業","不明","1","動力機械","16","一般動力機械","169","その他の一般動力機械","6","激突され"
"622","2011","平成","23","7","6~7","深夜に及ぶ長時間労働による蓄積疲労が原因となり、自宅にて急性心筋梗塞を発症。救急車にて病院に搬送され治療を受けたが、9日後に死亡した。","1","製造業","115","輸送用機械等製造業","11502","自動車・同付属品製造業","不明","9","その他","92","起因物なし","921","起因物なし","90","その他"
"623","2011","平成","23","12","15~16","被災者は、2トントラックを運転し、市内の事業場へ荷(製品材料)の積み込みに行く途中、渋滞で停車していたトラックに追突したもの。","15","清掃・と畜業","1501","清掃・と畜業","150102","産業廃棄物処理業","50~99","2","物上げ装置、運搬機械","22","動力運搬機","221","トラック","17","交通事故（道路）"
"624","2011","平成","23","12","13~14","被災者は、手鎌を用いて養豚場敷地内の草刈り作業を行っていた。被災場所である石積みの上の法面の草刈り作業を行っていたところ、5.8メートル下の小川に墜落し、小川内の石に頭部をぶつけ被災した。","7","畜産・水産業","701","畜産業","70101","畜産業","1~9","7","環境等","71","環境等","711","地山、岩石","1","墜落、転落"
"625","2011","平成","23","11","9~10","被災者は、第4工場PC-R成型機♯10にてトレッド貼り付け作業中に、トレー受渡し機(トレッド移載機)が停止するトラブルが発生し、その処置をしているとき、上部に待機していたトレーハンドが下降し、トレーハンドとトレーの間に胸部を挟まれたもの(目撃者がいないため、推測)","1","製造業","108","化学工業","10806","ゴム製品製造業","300~499","1","動力機械","16","一般動力機械","167","産業用ロボット","7","はさまれ、巻き込まれ"
"626","2011","平成","23","10","14~15","被災者は、博物館ホールのシャンデリアの電球を取り換えるために使用する作業台車を、ホール横の部屋から同僚と二人で人力により移動中、作業台車を傾けないと通路を通ることができないため、台車を傾けようとしたところ、台車が倒れ、台車のマスト部分に被災者の下半身が挟まれた。作業台車は、重量約400キロ、マストの昇降には動力を用いるが、移動は人力による。","17","その他の事業","1702","その他の事業","170209","その他の事業－その他","10~29","1","動力機械","14","建設機械等","149","その他の建設機械等","6","激突され"
"627","2011","平成","23","9","11~12","被災者は、県道側溝清掃工事にかかる片側交互通行の交通誘導員として交通整理業務に従事していたところ、左車線を走行してきた軽トラックに轢かれ、救急車により病院に運ばれたが翌日死亡に至った。","17","その他の事業","1702","その他の事業","170201","警備業","10~29","2","物上げ装置、運搬機械","22","動力運搬機","221","トラック","17","交通事故（道路）"
"628","2011","平成","23","9","6~7","9月6日朝7時頃、宿直勤務中であった被災者が、宿直室と職員駐輪場の隙間で頭から血を流してうつぶせで倒れているのを学校長が発見、意識不明の状態で病院に運ばれたが、翌日朝に外傷性脳障害で死亡した。","12","教育・研究業","1201","教育・研究業","120109","その他の教育研究業","1~9","9","その他","99","分類不能","999","分類不能","99","分類不能"
"629","2011","平成","23","8","11~12","クラムシェルのバケットを交換するため、移動式クレーンを使用してバケットの開閉部材1を吊り、さらに開閉部材1と開閉部材2をL形アングルで溶接止めや、チェーンブロック等で繋ぎ止めていたが、被災者が開閉部材2に上って当該アングルをガス溶断したところ、開閉部材2が開閉部材1から離脱し落下したもの。被災者は落下して横倒しになった開閉部材2の下敷きになった。","1","製造業","117","その他の製造業","11702","機械修理業","1~9","1","動力機械","14","建設機械等","142","掘削用機械","5","崩壊、倒壊"
"630","2011","平成","23","8","14~15","被災者は午後2時40分頃、外壁のブロック積み作業中に意識が朦朧となり、その場に倒れ、救急車で搬送された。翌日の8月13日午前2時30分に死亡した。","3","建設業","302","建築工事業","30202","木造家屋建築工事業","1~9","7","環境等","71","環境等","715","高温・低温環境","11","高温・低温の物との接触"
"631","2011","平成","23","6","15~16","被災者は、浄水場内で除草作業に従事していたが、午後3時25分頃、不調を訴えたため、午後5時の終業まで休憩していた。終業後、他の労働者と共に帰社したが、帰社後、被災者は応答しない状況となり、午後7時40分頃、病院へ搬送された。搬送時、被災者は、既に心肺停止状態であり、午後8時40分に肺塞栓症の疑いにより死亡した。","3","建設業","301","土木工事業","30199","その他の土木工事業","1~9","7","環境等","71","環境等","715","高温・低温環境","11","高温・低温の物との接触"
"632","2011","平成","23","5","17~18","作業場所から約1.5キロメートル離れた林道内において、帰社のため2tトラックを運転中、道路走行上何らかの障害(動物の飛び出し等)がありハンドルを谷側に切ったところ、路肩から車両ごと墜落したもの。","3","建設業","302","建築工事業","30209","その他の建築工事業","1~9","2","物上げ装置、運搬機械","22","動力運搬機","221","トラック","17","交通事故（道路）"
"633","2011","平成","23","4","11~12","被災者は、積載荷重11tダンプトラックで高速自動車道を走行中、中央分離帯を乗り越え、反対車線のガードレールを突き破り、隣接して設置されているゴルフボールの防球ネットの鉄柱に衝突し、頭部を強打した。また、事故現場にブレーキ痕は無かった。被災者は、病院で治療を受けていたが7月21日午前0時0分に死亡した。","15","清掃・と畜業","1501","清掃・と畜業","150102","産業廃棄物処理業","10~29","2","物上げ装置、運搬機械","22","動力運搬機","221","トラック","17","交通事故（道路）"
"634","2011","平成","23","3","20~21","被災者は、7tトラックを使用し、複数の事業場から収集した飼料の原料(魚のあら等)を加工場に降ろし終え、当該トラックを運転して翌日の第一収集先事業場に駐車に行く途中、道路中央分離帯に乗り上げ、当該分離帯に植えられていた街路樹に衝突したもの。","8","商業","801","卸売業","80109","その他の卸売業","1~9","2","物上げ装置、運搬機械","22","動力運搬機","221","トラック","17","交通事故（道路）"
"635","2011","平成","23","2","17~18","木くず破砕チップの積込み作業を行うために事務所の北側から当該積込み作業場所へ向って走行していたトラクターショベルに、場内を歩行中の被災者が上半身を轢かれたもの。","2","鉱業","202","土石採取業","20201","採石業","10~29","1","動力機械","14","建設機械等","141","整地・運搬・積込み用機械","7","はさまれ、巻き込まれ"
"636","2011","平成","23","2","16~17","破砕されたアスファルト骨材搬送用の傾斜コンベアに取付けられている骨材飛散防止用ゴム板が外れ骨材がこぼれ出たため、被災者が一人で当該骨材の取除き作業及び当該ゴム板の修理等を行っていた。午後5時頃、他の作業者が作業状況を確認するため、当該コンベアが設置された建屋に行ったところ、コンベアのテールプーリー部に巻き込まれている状態の被災者を発見したもの。","1","製造業","108","化学工業","10899","その他の化学工業","1~9","2","物上げ装置、運搬機械","22","動力運搬機","224","コンベア","7","はさまれ、巻き込まれ"
"637","2011","平成","23","1","9~10","被災者は、おごえ川流末整備工事での排水を河川へ流す吐き出し口のコンクリート擁壁(1.9×2.0×0.45m 重量約3t 傾斜角63度)の製作において、コンクリート打設後の養生を終え、型枠の脱型作業を行っていたところ、当該擁壁が倒れ、その下敷きとなり被災したもの。","3","建設業","301","土木工事業","30106","道路建設工事業","50~99","4","仮設物、建築物、構築物等","41","仮設物、建築物、構築物等","418","建築物、構築物","5","崩壊、倒壊"
"638","2011","平成","23","1","7~8","工場に搬入された廃棄物であるタンクの一部を非鉄金属と鉄に分割切断するため、被災者(61歳、男、平成14年入社のフルタイムパート労働者)が溶解アセチレン容器及び酸素容器を用いて、ガス溶断作業中、長靴から上を焼身し、死亡したもの。トーチ(切断器)自体は火口から数十センチ程度を焼いた。","15","清掃・と畜業","1501","清掃・と畜業","150102","産業廃棄物処理業","50~99","5","物質、材料","51","危険物、有害物等","513","可燃性のガス","11","高温・低温の物との接触"
"639","2011","平成","23","12","10~11","製紐機で組紐を製造するラインで働いていた被災労働者が、製紐機下部の動力を伝達するシャフトに頭髪を巻き込まれ、頸椎骨折により死亡したもの。","1","製造業","102","繊維工業","10201","製糸業","30~49","1","動力機械","16","一般動力機械","169","その他の一般動力機械","7","はさまれ、巻き込まれ"
"640","2011","平成","23","8","17~18","被災者は、工場内において、同僚労働者とともに生産設備の電気制御盤の改造作業に従事していた。改造作業が完了したため、片付け作業が行われていたところ、被災者が倒れているのを別の労働者が発見し、救急要請が行われた。病院に到着後、処置が開始されたが、22時20分に熱中症により死亡が確認されたもの。","3","建設業","303","その他の建設業","30302","機械器具設置工事業","1~9","7","環境等","71","環境等","715","高温・低温環境","11","高温・低温の物との接触"
"641","2011","平成","23","8","13~14","新築住宅工事現場に設置していた自社リース品であるくさび緊結式足場を解体して、最大積載量1tの平ボディー車に足場部材を積み込んで自社の資材置場に戻ってくる道中で、運転手が単独の交通事故を惹起し、側溝わきに立っている電柱に衝突して助手席に座っていた技能実習生が死亡した。事故現場は道路の両側とも畑の見通しがいい片側一車線の直線道路であった。","8","商業","804","その他の商業","80409","その他の商業－その他","10~29","2","物上げ装置、運搬機械","22","動力運搬機","221","トラック","17","交通事故（道路）"
"642","2011","平成","23","7","16~17","金属のリサイクル業者である当該事業場が処理していた金属くずの中に混入していた内容物のわからない密閉容器(金属製で水筒のような形状)について、密閉されたままでは後次の処理業者が受け入れてくれないことから、被災者がガス溶接機(プロパン)を使用して容器を溶断していたところ、容器が爆発し、その一部が被災者に当たり死亡したもの。","1","製造業","110","鉄鋼業","11009","その他の鉄鋼業","10~29","5","物質、材料","51","危険物、有害物等","519","その他の危険物、有害物等","14","爆発"
"643","2011","平成","23","6","14~15","被災者他1名で天井に撮影機材等を吊り下げるボルトの取り付け作業を行っていた。天井に穴を開け、被災者が天井裏に上がり下から差し込んだボルトの固定作業を行った。ボルトの固定作業が完了したので、天井裏から床面に降りようと、45センチ角の開口部から床面に設置しておいた脚立(高さ2.6メートル)に足を掛けて降りようとしたところ、足を踏み外し高さ3.3メートルの床面に墜落した。","3","建設業","302","建築工事業","30209","その他の建築工事業","1~9","4","仮設物、建築物、構築物等","41","仮設物、建築物、構築物等","418","建築物、構築物","1","墜落、転落"
"644","2011","平成","23","6","10~11","飲食店店舗の改装工事における災害。被災者は、電気配線工事を請け負う1次下請事業場所属の労働者として入場していた。床面から3m57センチメートルの高さにある梁の上に乗り、スピーカーに係る電気配線を接続する作業を行っていたところ、梁上から墜落し、頭部を打ち、死亡したもの。","3","建設業","302","建築工事業","30202","木造家屋建築工事業","1~9","4","仮設物、建築物、構築物等","41","仮設物、建築物、構築物等","415","屋根、はり、もや、けた、合掌","1","墜落、転落"
"645","2011","平成","23","5","15~16","被災者及びバキュームカーの運転者は、上り坂となっている道路の路側帯において、地下し尿貯槽からし尿の汲み取りを行っていた。汲み取りを終えた直後、バキュームカーが後退を始めたため、被災者及び運転者が車両後方から手で押さえたものの、車両は約3メートル後退を続けた。運転者が運転席に乗り込み車両を停止させたが、被災者が何らかの原因で転倒し、後退してくる車の左後輪に轢かれ、外傷性心破裂により死亡したもの。","15","清掃・と畜業","1501","清掃・と畜業","150109","その他の清掃・と畜業","10~29","2","物上げ装置、運搬機械","22","動力運搬機","221","トラック","7","はさまれ、巻き込まれ"
"646","2011","平成","23","4","15~16","夕刊を配達していた被災者が、配達開始後1時間30分ほど経過した午後3時30分頃、市道交差点に北西方向からバイクで侵入したところ、北東方向から侵入してきたタンクローリーに出合い頭に衝突し腹部を強打。病院で治療を受けたが29日午前7時頃死亡した。当該交差点は信号や停止線のない道路であるが、見通しのきく交差点である。事故現場にブレーキ跡は無かった。当日の天気は雨。","8","商業","802","小売業","80205","新聞販売業","30~49","2","物上げ装置、運搬機械","22","動力運搬機","221","トラック","17","交通事故（道路）"
"647","2011","平成","23","3","11~12","被災労働者は、高島市森林組合の日雇い作業員として、椎茸の菌床栽培用の大鋸屑を作るための原木を伐採するために伐木作業に単独で従事した。直径65センチメートルの楢を周りの掛り木等を処理したうえで伐木し、枝払いを行った上で、切り口より120センチメートルのところで玉切りを行ったところ、太さ20センチメートルほどの枝で浮き上がった状態となっていた当該楢の木が労働者側に倒れ込み、下敷きとなったものである。","6","農林業","602","林業","60201","木材伐出業","10~29","7","環境等","71","環境等","712","立木等","6","激突され"
"648","2011","平成","23","1","13~14","住宅の造成地において、被災者を含む作業者5名は、敷地内に公道に通じる道路を造るため、隣人宅の擁壁に接する埋土を掘削する作業を行っていた。ドラグショベルで1m程掘削して、土の深さを測量していたところ、擁壁が割れて、その一部(上部厚さ15センチメートル、最大高さ1m60センチメートル、長さ4m25センチメートル)が倒壊して、掘削箇所に入り込んでいた被災者が、擁壁の角と土塊との間に左胸などを挟まれたもの。","3","建設業","302","建築工事業","30202","木造家屋建築工事業","1~9","7","環境等","71","環境等","711","地山、岩石","5","崩壊、倒壊"
"649","2011","平成","23","11","12~13","トラックの荷台から冷凍コンテナ(漬物運搬用:縦、横各110センチメートル、高さ200センチメートル、重さ約480キログラム)をパワーゲートで降ろそうとしたところ、パワーゲートのキャスターストッパーにコンテナの車輪が引っかかり、コンテナを動かそうとしたところ、倒れそうになったため、支えようとしたが、倒れてきて、地面との間に頭を挟まれたもの。","4","運輸交通業","403","道路貨物運送業","40301","一般貨物自動車運送業","30~49","6","荷","61","荷","611","荷姿の物","5","崩壊、倒壊"
"650","2011","平成","23","11","8~9","右折待ちをしていたターレットトラック(荷物運搬用小型三輪トラック)がタクシーに追突され、ターレットトラックを運転していた被災者が路上に投げ出され、対向車線を走っていた別のタクシーにはねられたもの。","8","商業","801","卸売業","80109","その他の卸売業","10~29","2","物上げ装置、運搬機械","23","乗物","231","乗用車、バス、バイク","17","交通事故（道路）"
"651","2011","平成","23","9","9~10","病院棟新築工事現場において、足場(工事用エレベーターのガイドレール支柱保持用の枠組足場)の外部側面防護ネット(メッシュシート)取付作業中、足場6層目(布板高さ8.8m)より、墜落した。(9月16日雇入れ、2日目の作業)10時52分死亡","3","建設業","302","建築工事業","30201","鉄骨・鉄筋コンクリート造家屋建築工事業","30~49","4","仮設物、建築物、構築物等","41","仮設物、建築物、構築物等","411","足場","1","墜落、転落"
"652","2011","平成","23","9","15~16","ドラグショベルのバケットにあるフックにワイヤーロープを掛け、鉄板(約3m×約1.5m 板厚約2センチメートル)を吊ろうとしていたところ、バケットが右旋回したため、ワイヤーロープを掛けていた鉄板が倒れ、被災者がはさまれたもの。","15","清掃・と畜業","1501","清掃・と畜業","150102","産業廃棄物処理業","1~9","1","動力機械","14","建設機械等","142","掘削用機械","6","激突され"
"653","2011","平成","23","8","9~10","3階建ての建物解体工事において、3階床面端部から約4.65メートル墜落したもの。","3","建設業","302","建築工事業","30209","その他の建築工事業","1~9","4","仮設物、建築物、構築物等","41","仮設物、建築物、構築物等","416","作業床、歩み板","1","墜落、転落"
"654","2011","平成","23","7","22~23","高速道路下線を大型トラック(10t)で走行中、渋滞の最後尾に停車中の大型トラックに追突した。(大型トラック3台と乗用車1台が絡む事故が発生)(搬送先の病院で、翌日1:10出血多量によりショック死した。平成23年8月18日災害調査実施、確定)","4","運輸交通業","403","道路貨物運送業","40301","一般貨物自動車運送業","30~49","2","物上げ装置、運搬機械","22","動力運搬機","221","トラック","17","交通事故（道路）"
"655","2011","平成","23","6","14~15","原動機付自転車で、夕刊配達中、T字交差点で、右折したところ、西行き直進中の自動車と正面衝突した。原動機付自転車(50CC、自社所有)、自動車(トヨタ、ランドクルーザー)、事故発生の1時間40分後、搬送先の病院で死亡(15時49分頃)(平成23年11月11日確定)","8","商業","802","小売業","80205","新聞販売業","10~29","2","物上げ装置、運搬機械","23","乗物","231","乗用車、バス、バイク","17","交通事故（道路）"
"656","2011","平成","23","5","12~13","物件手続書類作成等の業務に営業係長として従事していたが、長時間労働等により、精神障害を発症し自殺した。(平成24年1月5日業務上認定。)","3","建設業","302","建築工事業","30202","木造家屋建築工事業","1~9","9","その他","92","起因物なし","921","起因物なし","90","その他"
"657","2011","平成","23","5","13~14","緑茶生産機械の清掃のため、高さ4mのベルトコンベア上をエアーガンで清掃していたところ、工場床面に墜落した。","1","製造業","101","食料品製造業","10103","農業保存食料品製造業","30~49","2","物上げ装置、運搬機械","22","動力運搬機","224","コンベア","1","墜落、転落"
"658","2011","平成","23","4","9~10","枠組み足場の組み立てにおいて6段目で筋交の運搬作業を行っていた被災者が当該6段目作業床から墜落したもの(推定)","3","建設業","303","その他の建設業","30309","その他の建設業－その他","10~29","4","仮設物、建築物、構築物等","41","仮設物、建築物、構築物等","411","足場","1","墜落、転落"
"659","2011","平成","23","4","7~8","事務所兼資材置き場の荷物昇降用リフト(積載荷重:1t、搬器:縦1.5m×横1.5m×高さ1.7m)2階部分で、搬器内で扉上枠と搬器上枠の間に頭部と左上腕を挟まれているところを同僚に発見された。(搬送先の病院で低酸素症で死亡)7月5日災害調査復命書送付。確定","8","商業","802","小売業","80209","その他の小売業","1~9","2","物上げ装置、運搬機械","21","動力クレーン等","214","エレベータ、リフト","7","はさまれ、巻き込まれ"
"660","2011","平成","23","3","6~7","長時間労働による、著しい疲労の蓄積により、自宅で就寝中、心肺停止した。平成23年8月23日業務上決定","12","教育・研究業","1201","教育・研究業","120109","その他の教育研究業","30~49","9","その他","92","起因物なし","921","起因物なし","90","その他"
"661","2011","平成","23","3","11~12","工場内で、製品出庫作業中、何らかの原因で転倒し、頭部を強打した。(右側頭部の打撲による硬膜下血腫及び脳挫傷、3月27日(日)午前10:30入院先の病院で死亡)6月17日労災支給決定。確定","1","製造業","106","パルプ・紙・紙加工品製造業","10602","紙加工品製造業","100~299","4","仮設物、建築物、構築物等","41","仮設物、建築物、構築物等","417","通路","2","転倒"
"662","2011","平成","23","2","11~12","境内の平屋建て木造建築物が全焼し、焼け跡から被災者が遺体で発見された。","17","その他の事業","1702","その他の事業","170209","その他の事業－その他","1~9","3","その他の装置等","39","その他の装置、設備","391","その他の装置、設備","16","火災"
"663","2011","平成","23","7","16~17","国道27号脇の除草作業現場で、刈草をトラックに積み込む作業の交通整理をしていたところ、男性会社員の運転する車にはねられ、頭を強く打ち、病院搬送されるも約2時間後に死亡したもの。","17","その他の事業","1702","その他の事業","170201","警備業","30~49","2","物上げ装置、運搬機械","23","乗物","231","乗用車、バス、バイク","17","交通事故（道路）"
"664","2011","平成","23","12","10~11","天井クレーンでH型鋼材を移動させ、クランプを外してフックを巻き上げたところ、クランプがH型鋼材に引っ掛かりH型鋼材が倒れ、隣の同種鋼材との間に胸部を挟まれた。","1","製造業","112","金属製品製造業","11209","その他の金属製品製造業","10~29","2","物上げ装置、運搬機械","21","動力クレーン等","211","クレーン","5","崩壊、倒壊"
"665","2011","平成","23","4","11~12","出張中、新幹線の車中で突然心停止となり、死亡に至ったもの。","1","製造業","113","一般機械器具製造業","11302","計量器測定器製造業","300~499","9","その他","92","起因物なし","921","起因物なし","90","その他"
"666","2011","平成","23","2","14~15","被災者は、水道管取り替え工事の」誘導を行っていたが、午後3時頃から姿が見えなくなり周囲を探していたところ、集水枡で溺死している被災者が発見された。","17","その他の事業","1702","その他の事業","170201","警備業","30~49","7","環境等","71","環境等","713","水","10","おぼれ"
"667","2011","平成","23","12","11~12","荷降ろし先でトラックに積まれた荷を下ろす作業中、トラック上荷台の荷物上(高さ2.6m)に乗り移動していたところ、足を踏み外しそのまま地上へ墜落したもの。なお、被災者はヘルメットを着用していなかった。","4","運輸交通業","403","道路貨物運送業","40301","一般貨物自動車運送業","30~49","2","物上げ装置、運搬機械","22","動力運搬機","221","トラック","1","墜落、転落"
"668","2011","平成","23","12","不明","2tトラックで自社製品を納品するため取引先工場に早朝5時45分頃到着し、7時20分から始まる荷卸しまでの間に一人で荷解き作業を行っていた被災者が、積荷の固縛ロープを外そうとして誤って荷台から転落し、頭部を強打した。被災者はそのまま作業を継続して荷卸し完了し、9時前には取引先を出発したが、11時半以降連絡が途絶え、20時に取引先から50m程先の路上に停車したトラックの運転席から遺体で発見された。","1","製造業","112","金属製品製造業","11209","その他の金属製品製造業","不明","2","物上げ装置、運搬機械","22","動力運搬機","221","トラック","1","墜落、転落"
"669","2011","平成","23","12","12~13","鉄骨造4階建物解体工事現場内の4階において、被災者がコンクリート等のガラ出し用の開口部(約1.3m×1.1m)付近でうまを設置しうまの踏み桟上で、鉄骨に吹き付けられている耐火被覆材をケレン棒にて除去していたところ、うまが倒れ、開口部から1階(高さ約9.3m)に墜落したもの。病院に搬送され入院していたが、12月26日AM1:30頃亡くなったもの。","3","建設業","302","建築工事業","30209","その他の建築工事業","30~49","4","仮設物、建築物、構築物等","41","仮設物、建築物、構築物等","414","開口部","1","墜落、転落"
"670","2011","平成","23","12","20~21","平成23年12月12日に高速道路上り線の登板車線にて、営業所に勤務する運転手(被災者)が運転する10トントラックが前方を走行していた大型トラック(牛を運搬中)に追突し、死亡したものである。追突された大型トラックを運転していた運転手は、重傷である。","4","運輸交通業","403","道路貨物運送業","40309","その他の道路貨物運送業","10~29","2","物上げ装置、運搬機械","22","動力運搬機","221","トラック","17","交通事故（道路）"
"671","2011","平成","23","11","4~5","被災者がごみ収集車を傾斜地でバックで移動させた際に、ごみ収集車の右後部が電柱に接触した。被災者がその様子を確認するため、当該電柱に駆け寄ったところ、ごみ収集車が後ろに下がり、電柱とごみ収集車に挟まれ被災したもの。","15","清掃・と畜業","1501","清掃・と畜業","150109","その他の清掃・と畜業","1~9","2","物上げ装置、運搬機械","22","動力運搬機","221","トラック","7","はさまれ、巻き込まれ"
"672","2011","平成","23","11","11~12","貸し倉庫上部屋根のスレート部に鋼製の波板を貼り付ける工事中、約3m先行で貼り付けた後、2束の波板(約1枚40キログラム)20枚(約800キログラム)を移動式クレーンで吊り上げ、屋根に仮置きし、3束目の波板を降ろされるのを待っていたところ、強風のため積み重ねていた波板の1枚が跳ね上がりそれと共に約8m下へ墜落したもの。","3","建設業","302","建築工事業","30209","その他の建築工事業","10~29","4","仮設物、建築物、構築物等","41","仮設物、建築物、構築物等","415","屋根、はり、もや、けた、合掌","1","墜落、転落"
"673","2011","平成","23","11","16~17","被災者及びフォークリフト運転者の2名で、前日に解体し、仮置きしていた柱システム型枠を次の設置場所へ移動するため、型枠をフォークリフトの専用アタッチメントに固定しようと、被災者がフォークリフト本体とマストの間に入り、金物を締め付けをしていたところ、被災者の尻部がフォークリフトの操作レバーに接触し、マスト部分が後方に傾斜し、頭部がマストとヘッドガードに挟まれた。","3","建設業","302","建築工事業","30201","鉄骨・鉄筋コンクリート造家屋建築工事業","10~29","2","物上げ装置、運搬機械","22","動力運搬機","222","フォークリフト","7","はさまれ、巻き込まれ"
"674","2011","平成","23","11","11~12","屋根瓦滑落防止工事現場において、屋根上で瓦滑落防止のためのネットを取付中、約5m下の地上へ墜落したもの。","3","建設業","303","その他の建設業","30309","その他の建設業－その他","1~9","4","仮設物、建築物、構築物等","41","仮設物、建築物、構築物等","415","屋根、はり、もや、けた、合掌","1","墜落、転落"
"675","2011","平成","23","10","10~11","TCF成形機(横2.8m高さ3.8m奥行き4m)という、板状のプラスチック材料を加工し、機械のカバーや照明器具のカバーを製造する機械の上下にあるテーブルの上テーブルの調整作業中の事故。被災者が部下に「下テーブルを「急速下降」スイッチで下げるよう」に指示したところ、下テーブルと連動する上テーブルのさらに上に位置するバーが降りてきたことにより、このバーと上テーブルに挟まれたもの。","1","製造業","108","化学工業","10805","プラスチック製品製造業","30~49","1","動力機械","16","一般動力機械","169","その他の一般動力機械","7","はさまれ、巻き込まれ"
"676","2011","平成","23","10","11~12","小型移動式クレーンに搭乗出来る設備を装着して、これに乗って電光看板の点検を行っていた時、搭乗出来る設備と電光看板に挟まれ死亡したもの。","17","その他の事業","1702","その他の事業","170209","その他の事業－その他","1~9","2","物上げ装置、運搬機械","21","動力クレーン等","212","移動式クレーン","7","はさまれ、巻き込まれ"
"677","2011","平成","23","10","2~3","被災者は店舗営業終了後、食材の調達及び業務報告を行うため、自身の所有するバイク(125cc)で本店へ向かった。本店から店舗へ帰る途中、東方向へ走行していた被災者に、南方向から進入してきたタクシーと交差点で衝突したもの。当該交差点は、タクシー側に一時停止の義務があった。","14","接客娯楽業","1402","飲食店","140201","一般飲食店","10~29","2","物上げ装置、運搬機械","23","乗物","231","乗用車、バス、バイク","17","交通事故（道路）"
"678","2011","平成","23","9","15~16","旋盤を使用して金属の切削加工の作業を行っていた。加工材は円筒形のステンレス材で、直径14センチ、長さ405センチ、重さ約250キログラムのものを毎分126回転させ、直径を13センチまで切削加工する作業中に旋盤と加工材との間に巻き込まれ、入院加療中であったが10月6日に死亡したもの。","1","製造業","112","金属製品製造業","11209","その他の金属製品製造業","10~29","1","動力機械","15","金属加工用機械","151","旋盤","7","はさまれ、巻き込まれ"
"679","2011","平成","23","9","17~18","事前に積まれていた盛土上において、4台のドラグショベルを使用して、土砂の搬入作業を行っていた際、被災者が運転していたドラグショベル周辺の盛土が崩壊し、ドラグショベルごと盛土より転落し、土砂に埋まったもの。","17","その他の事業","1702","その他の事業","170209","その他の事業－その他","10~29","7","環境等","71","環境等","711","地山、岩石","5","崩壊、倒壊"
"680","2011","平成","23","9","11~12","鉄骨造4階建物解体作業に伴い、被災者が3階にてガラの集積・運搬作業に従事していたところ、1.9m×1.2mの開口部上に敷いてあった厚さ6ミリメートルのベニヤ板を踏み抜き約7.8m墜落した。その後、病院に搬送されたが、9月23日午後2時2分に亡くなったもの。","3","建設業","302","建築工事業","30209","その他の建築工事業","1~9","4","仮設物、建築物、構築物等","41","仮設物、建築物、構築物等","414","開口部","1","墜落、転落"
"681","2011","平成","23","9","7~8","現場へ向け2台に分乗し出発。道路を走行中に先頭車両から後続車両へ連絡事項が生じたため左路側帯に先頭車両と後続車両が続けて停車し、会話をしていたところ、後続車両の後方部に大型トラックが衝突し、先頭車両と後続車両間にいた河野が挟まれ死亡、他2名が巻き込まれ負傷したもの。","3","建設業","302","建築工事業","30201","鉄骨・鉄筋コンクリート造家屋建築工事業","1~9","2","物上げ装置、運搬機械","22","動力運搬機","221","トラック","17","交通事故（道路）"
"682","2011","平成","23","9","12~13","工場の屋根の修理のために屋根に登っていた被災者が、スレートを踏み抜いて4.7メートルの高さから工場のコンクリート床に転落した。","1","製造業","105","家具・装備品製造業","10502","金属製家具製造業","10~29","4","仮設物、建築物、構築物等","41","仮設物、建築物、構築物等","415","屋根、はり、もや、けた、合掌","1","墜落、転落"
"683","2011","平成","23","9","10~11","工場屋根改修工事現場で、工場に隣接する物置(高さ約3.3m)の上に乗り改修作業に際し設置していた養生シートの点検作業を行っていたところ、地面に墜落したもの。作業は一人で行っており被災状況を現認したものはいないが、被災日は台風が接近していたため風が強く吹いており、物置上で転倒し地面に墜落した、あるいは地上に降りる際にはしごから墜落したものと考えられる。","3","建設業","302","建築工事業","30209","その他の建築工事業","1~9","3","その他の装置等","37","用具","371","はしご等","1","墜落、転落"
"684","2011","平成","23","9","8~9","昇降路に囲いがない自動車を運搬するためのエレベーターが動いていたにもかかわらず、被災者が昇降路内に立ち入ったため、上から降りてきた搬器と地上との間に挟まれて死亡したもの。","1","製造業","109","窯業土石製品製造業","10901","セメント・同製品製造業","1~9","2","物上げ装置、運搬機械","21","動力クレーン等","214","エレベータ、リフト","7","はさまれ、巻き込まれ"
"685","2011","平成","23","9","13~14","同僚作業員1名とS造テント製倉庫の屋根に上がり、破損している開閉テントのワイヤークリップを交換する補修工事を行っていた被災者が、作業中に誤って鉄骨梁と屋根テントの継ぎ目から約6m下の倉庫内に墜落。頸椎を損傷し、一ヶ月後の10月3日に死亡した。軽量鉄骨の軸組躯体にシート貼りした構造のテントの屋根上作業であるが、奥まった作業箇所のため高所作業車等も寄り付けず、また、安全な作業床も設けられていなかった。","3","建設業","303","その他の建設業","30309","その他の建設業－その他","1~9","4","仮設物、建築物、構築物等","41","仮設物、建築物、構築物等","415","屋根、はり、もや、けた、合掌","1","墜落、転落"
"686","2011","平成","23","8","22~23","自転車で道路上を走行中、後方から来た車に跳ねられたもの。","3","建設業","303","その他の建設業","30309","その他の建設業－その他","1~9","2","物上げ装置、運搬機械","23","乗物","231","乗用車、バス、バイク","17","交通事故（道路）"
"687","2011","平成","23","8","12~13","被災労働者はフランチャイズ店にて弁当調理・単車での配達を担当していた。H23.8.23に単車にて弁当を届け、店に戻る途中の交差点で普通貨物自動車と衝突。病院に搬送されたが約5時間後に頭部外傷による急性脳膨脹により死亡確認された。","8","商業","802","小売業","80209","その他の小売業","1~9","2","物上げ装置、運搬機械","23","乗物","231","乗用車、バス、バイク","17","交通事故（道路）"
"688","2011","平成","23","8","0~1","午前0時35分頃、被災者は、乗客2名を乗せ、道路を南方面に向かって走行中、交差する電車を跨ぐ高架を上がろうとしたところ、道路左側の側道との分離帯に車体左前方が衝突し、右向きに横転、事故から約5時間40分後の午前6時15分に搬送先の病院で死亡したもの。","4","運輸交通業","402","道路旅客運送業","40201","ハイヤー・タクシー業","100~299","2","物上げ装置、運搬機械","23","乗物","231","乗用車、バス、バイク","17","交通事故（道路）"
"689","2011","平成","23","8","3~4","当該事業場は、数店舗経営しており、被災者は、各店舗を回り売上の集計業務等を行っている。平成23年8月22日、店舗巡回中に、ある店舗の2階事務室にて椅子に座ってパソコンデータの確認作業をしていた際に、意識不明となり「急性下壁心筋梗塞」と診断され、平成23年11月1日に死亡したものである。","14","接客娯楽業","1403","その他の接客娯楽業","140309","その他の接客娯楽業－その他","1~9","9","その他","92","起因物なし","921","起因物なし","90","その他"
"690","2011","平成","23","8","18~19","工場の荷卸し場の天井に設置されたテントの張り替え及びテントの鉄枠の塗装工事現場において、被災者が新しいテントを取り付けるため、高さ3.67mにある空調室外機の架台上でテントと鉄枠を紐で結び付ける作業をしていたところ、バランスを崩しアスファルト地面へ墜落したもの。","3","建設業","303","その他の建設業","30309","その他の建設業－その他","1~9","4","仮設物、建築物、構築物等","41","仮設物、建築物、構築物等","416","作業床、歩み板","1","墜落、転落"
"691","2011","平成","23","8","12~13","被災者は、ビル改修工事で電気工として勤務していた。午前中の作業終了後、工事現場付近に駐車していた社用車内で昼寝をしていたが、昼休憩終了後も部下の呼びかけに応じなかったので確認したところ、心肺停止の状態であった。その救急車で病院に搬送されたが、午後4時頃に死亡が確認されたものである。(元請の所轄である堺署により、業務上の認定がなされたもの。)","3","建設業","303","その他の建設業","30301","電気通信工事業","10~29","7","環境等","71","環境等","715","高温・低温環境","11","高温・低温の物との接触"
"692","2011","平成","23","8","11~12","当該事業場の荷受け場所である高さ88センチメートルのホーム上を歩行中、突然転落し頭部を強打した。病院に搬送されたが3日後に死亡したもの。","8","商業","802","小売業","80201","各種商品小売業","300~499","4","仮設物、建築物、構築物等","41","仮設物、建築物、構築物等","418","建築物、構築物","1","墜落、転落"
"693","2011","平成","23","8","0~1","深夜における下水道工事に、地下埋設設備(ケーブル)の立会中、地下埋設位置を確認するため、現場付近の道路上に設置しているマンホールへ移動していたところ、後方から走行してきたトラック(2t)にはねられた。","11","通信業","1101","通信業","110101","通信業","100~299","2","物上げ装置、運搬機械","22","動力運搬機","221","トラック","17","交通事故（道路）"
"694","2011","平成","23","7","16~17","型枠支保工の解体作業中、解体した型枠材を3m上のスラブ上に荷上げしていたところ、スラブ上で部材の受取り作業をしていた被災者が約8m下の地面上に墜落したもの。荷上げ作業は2人で1班、上下に別れて手渡しで部材の受け渡しを行うというもので、スラブ上には親綱が設置されていた。被災者は安全帯は装着していたが、災害時は親綱に安全帯を掛けていなかった。","3","建設業","301","土木工事業","30102","トンネル建設工事業","1~9","4","仮設物、建築物、構築物等","41","仮設物、建築物、構築物等","419","その他の仮設物、建築物、構築物等","1","墜落、転落"
"695","2011","平成","23","7","15~16","工場内にて検収台製作中、はしごの途中2m程から足を踏み外し転落した。災害発生以後意識はあったが、8月19日に容態が急変し死亡した。","1","製造業","112","金属製品製造業","11209","その他の金属製品製造業","10~29","3","その他の装置等","37","用具","371","はしご等","1","墜落、転落"
"696","2011","平成","23","6","10~11","採石現場において4.75トントラックで表土を切羽から下り坂を下りた先の表土置場に運ぶ際に、車両が右側の盛り土に乗り上げ、制御不能となったため、運転手は運転席から飛び出したかまたは投げ出され、車両に轢かれ死亡したもの。車両は運転手不在のまま40メートルほど走り、盛り土に乗り上げ横転して停止した。なお、車両の右前輪は車軸が折れた状態になっていた。","2","鉱業","202","土石採取業","20201","採石業","30~49","2","物上げ装置、運搬機械","22","動力運搬機","221","トラック","7","はさまれ、巻き込まれ"
"697","2011","平成","23","6","4~5","26日午前4時20分ごろ、市道交差点で、ミニバイクに乗って新聞配達をしていた被災者が、2トントラックと出合い頭に衝突。頭などを打って病院に運ばれ、間もなく死亡した。","8","商業","802","小売業","80205","新聞販売業","10~29","2","物上げ装置、運搬機械","22","動力運搬機","221","トラック","17","交通事故（道路）"
"698","2011","平成","23","6","9~10","被災日当日は、全日整理作業を行うことになっていた。被災者は2F北側の担当となり、一人でフォークリフトによる作業を行っていた。ラックの倒れる音が聞こえたため南側で作業していた同僚が被災者の様子を確認したところ、ラック間に仰向けで倒れていた被災者にフォークリフトで運搬していた2つ重ねた逆ネステ(ラック構成部材)が左太股の上に被さる状態で死亡していた。負傷状況から墜落によるものと推定される。","8","商業","804","その他の商業","80401","倉庫業","1~9","6","荷","61","荷","611","荷姿の物","1","墜落、転落"
"699","2011","平成","23","6","15~16","被災者が梱包場所で作業中、近くに積まれていた加工中の合板(923.5ミリメートル×935ミリメートル×35.5ミリメートル、35枚積み)の山が2段積まれた上に3段目を乗せたところ、2段目が荷崩れを始め、荷崩れを止めようとフォークを下げ抑えこもうとしたが間に合わず、弾みで3段目も崩れ、下で梱包作業をしていた被災者の頭部に落下したもの。","1","製造業","104","木材・木製品製造業","10402","合板製造業","30~49","6","荷","61","荷","611","荷姿の物","5","崩壊、倒壊"
"700","2011","平成","23","6","7~8","被災者は、配送先にて待機中、12トンウイングトラックに積載した荷物を確認しようと側面のウイングを顔が入る程度に半開し、サイドバンバーに足を掛けて荷台内を覗こうとした。その際、サイドバンバー付近にあるウイング開閉スイッチに右足先が触れてしまったためにウイングが閉まり、ボディのアオリとウイングに首を挟まれ宙吊り状態となり窒息し、病院に搬送されたものの13日後に死亡したもの。","4","運輸交通業","403","道路貨物運送業","40301","一般貨物自動車運送業","30~49","2","物上げ装置、運搬機械","22","動力運搬機","221","トラック","7","はさまれ、巻き込まれ"
"701","2011","平成","23","6","10~11","被災労働者は建設用資材を現場に配送する業務を行っており、当日は、会社から普通(3トン)トラックで、現場に荷降ろし、10時30分頃、次の現場に向かって出発。高速道路を経由し、11時頃高速インターチェンジ出口付近の渋滞列で待機中に後方の軽自動車に大型トラックが追突し、玉突き衝突で軽自動車が被災者の車に追突。被災者のトラックを含め5台が炎上、被災者は焼死体で発見される。","8","商業","802","小売業","80209","その他の小売業","1~9","2","物上げ装置、運搬機械","23","乗物","231","乗用車、バス、バイク","17","交通事故（道路）"
"702","2011","平成","23","6","4~5","平成23年6月10日午前4時40分頃、被災者は市内の自宅にて家族に胸の痛みを訴えるが出社、6時34分頃仕事場へ到着するも体調すぐれないため、同僚や上司から病院へ行くよう勧められるがこれを断りパレットに腰を掛けていた。その後被災者が倒れていることに同僚が気付き病院へ搬送したが、同日8時19分に致死性不整脈で死亡したもの。労災申請により、平成23年12月21日業務上と認定した。","4","運輸交通業","403","道路貨物運送業","40301","一般貨物自動車運送業","50~99","9","その他","92","起因物なし","921","起因物なし","90","その他"
"703","2011","平成","23","6","13~14","既設建物解体工事において、スレート屋根取り外し作業の指示を受けていない被災者が、安全帯を着用・使用せずスレート屋根取り外しのためスレート屋根上に上ったところ、スレート屋根を踏み抜き、約8m下の地面まで墜落したもの。","3","建設業","302","建築工事業","30209","その他の建築工事業","1~9","4","仮設物、建築物、構築物等","41","仮設物、建築物、構築物等","415","屋根、はり、もや、けた、合掌","1","墜落、転落"
"704","2011","平成","23","6","12~13","昼休憩(12時~13時)を終えて、産業廃棄物の圧縮梱包ラインによる作業を再開しようとした労働者が、共同作業者である被災者の姿が見えないことに気付き、他の労働者と共に探したところ、圧縮機のシュート付近(1階)の廃棄物の中に埋もれた状態となっている被災者を発見した。死因は窒息による。","15","清掃・と畜業","1501","清掃・と畜業","150102","産業廃棄物処理業","50~99","3","その他の装置等","39","その他の装置、設備","391","その他の装置、設備","1","墜落、転落"
"705","2011","平成","23","5","10~11","7階建てマンションの屋根の改修工事において、ペントハウス部の足場の解体終了後、被災者は頼まれた養生板をペントハウス内に取りに行って来た後、ペントハウス内のパイプスペースの開口部(幅73センチメートル奥行102センチメートル)から1階まで19m程墜落して死亡していたもの。","3","建設業","302","建築工事業","30209","その他の建築工事業","1~9","4","仮設物、建築物、構築物等","41","仮設物、建築物、構築物等","416","作業床、歩み板","1","墜落、転落"
"706","2011","平成","23","5","15~16","工場2階において、天井の梁から吊り下げられた蛍光灯の吊り金具の取り外し作業を行っている際、使用していた2段のローリングタワー上において、当該ローリングタワーから離れていた箇所にある吊り金具を外そうとして、無理な姿勢となりバランスを崩し、3.6メートル程下の床面に墜落したもの。","3","建設業","303","その他の建設業","30301","電気通信工事業","1~9","4","仮設物、建築物、構築物等","41","仮設物、建築物、構築物等","411","足場","1","墜落、転落"
"707","2011","平成","23","5","8~9","トラックの横乗り業務のために交差点から約10mのところでトラックの到着を待っていたところ、国道を自転車が横切り、これを避けようとした乗用車がタンクローリーの進路を塞いだため、乗用車を避けようとしたタンクローリーが歩道に乗り上げ、タンクローリの車体と民家の間に挟まれたもの。","4","運輸交通業","403","道路貨物運送業","40301","一般貨物自動車運送業","300~499","2","物上げ装置、運搬機械","23","乗物","239","その他の乗物","17","交通事故（道路）"
"708","2011","平成","23","5","22~23","22時50分に業務を終え退社し徒歩で最寄駅まで帰宅途中、突然意識がなくなり倒れた(虚血性心疾患)。病院へ救急搬送されたが翌日死亡した。(H23.9.26労災業務上認定)","1","製造業","113","一般機械器具製造業","11301","機械（精密機械を除く）器具製造業","100~299","9","その他","92","起因物なし","921","起因物なし","90","その他"
"709","2011","平成","23","4","0~1","被災者は、射出成型機の自動運転を停止し、成型部への材料供給を止めるため、成型部と射出ユニットを切り離そうと射出ユニットを移動させていたところ、射出ユニットと柱との間に胸部から腹部にかけて挟まれた。","1","製造業","108","化学工業","10805","プラスチック製品製造業","10~29","1","動力機械","16","一般動力機械","164","射出成形機","7","はさまれ、巻き込まれ"
"710","2011","平成","23","3","13~14","堤防工事が完成し、完成検査に参加するため、工事事業者に製品を納入している被災者所属会社から出張していた被災者が、何らかの理由で海に転落し、水面に浮いているのを発見された。","17","その他の事業","1702","その他の事業","170209","その他の事業－その他","10~29","7","環境等","71","環境等","713","水","10","おぼれ"
"711","2011","平成","23","3","11~12","鉄骨平屋建て貸し工場の解体工事現場で、スレート屋根を解体作業中に当該スレートを踏み抜き、約4メートル下の地面に墜落したもの。","3","建設業","303","その他の建設業","30309","その他の建設業－その他","10~29","4","仮設物、建築物、構築物等","41","仮設物、建築物、構築物等","415","屋根、はり、もや、けた、合掌","1","墜落、転落"
"712","2011","平成","23","3","15~16","被災者は、マンションの一室において、天井ボード及び床板の張替作業中に転倒または墜落する等により負傷し、そのことが原因で死亡したものである。被災者は一人で作業を行っていたため災害発生状況を目撃した者はおらず、災害発生状況の詳細は現在のところ不明である。","8","商業","804","その他の商業","80409","その他の商業－その他","10~29","3","その他の装置等","37","用具","371","はしご等","1","墜落、転落"
"713","2011","平成","23","3","22~23","被災者は事業場の接客カウンター内で閉店業務のため、店舗売上端末に向かっていたところ突然の体調不良があった。異常に気付いた労働者が見に行くと被災者は現場の床に倒れていた。救急車により病院に搬送される。このとき心肺停止だったが、病院で一時心臓の鼓動が回復するも、再び心肺停止となった。","14","接客娯楽業","1402","飲食店","140201","一般飲食店","30~49","9","その他","92","起因物なし","921","起因物なし","90","その他"
"714","2011","平成","23","3","8~9","資材置場で清掃作業中の被災者が動き出したフォークリフトとコンテナにはさまれて負傷、死亡した。詳細は不明だが、災害直前に他の作業者が作業の支障となっていたフォークリフトを運転して、移動、停車させ、エンジンを停止せずに運転席を離れたところ、当該フォークリフトが動き出したという。","15","清掃・と畜業","1501","清掃・と畜業","150102","産業廃棄物処理業","1~9","2","物上げ装置、運搬機械","22","動力運搬機","222","フォークリフト","7","はさまれ、巻き込まれ"
"715","2011","平成","23","3","10~11","建設工事現場で使用する足場材料を被災者が自社のトラックで、一次下請会社の資材センターに行き、足場材の積込完了後、検収の為に待機をしているときに、エンジンを掛けたままトラックを離れ、自車の前方に向かったときに、自車が動き出し、前方に停車していたトラックの後部と自車の前部に頭部を挟まれ死亡したもの。","3","建設業","303","その他の建設業","30309","その他の建設業－その他","30~49","2","物上げ装置、運搬機械","22","動力運搬機","221","トラック","7","はさまれ、巻き込まれ"
"716","2011","平成","23","3","19~20","被災者ら3名がトラック(4tユニック車)に乗車し、工事現場から帰社途中にトラックの前輪右側のタイヤが破裂したため、スペアタイヤへの交換作業中、後方より走行してきた軽自動車にはねられた。搬送先の病院で死亡が確認された。","3","建設業","302","建築工事業","30201","鉄骨・鉄筋コンクリート造家屋建築工事業","1~9","2","物上げ装置、運搬機械","23","乗物","231","乗用車、バス、バイク","17","交通事故（道路）"
"717","2011","平成","23","3","19~20","被災者ら3名がトラック(4tユニック車)に乗車し、工事現場から帰社途中にトラックの前輪右側のタイヤが破裂したため、スペアタイヤへの交換作業中、後方より走行してきた軽自動車にはねられた。搬送先の病院で死亡が確認された。","3","建設業","302","建築工事業","30201","鉄骨・鉄筋コンクリート造家屋建築工事業","1~9","2","物上げ装置、運搬機械","23","乗物","231","乗用車、バス、バイク","17","交通事故（道路）"
"718","2011","平成","23","3","13~14","鋼製コイルを裁断するため、切断機に鋼製コイルをセットする段取りをしていたところ、当該コイルは3束で梱包されているため、開梱したところ2束が倒れ(1束355キログラム)、下敷きになったもの。","1","製造業","112","金属製品製造業","11209","その他の金属製品製造業","10~29","6","荷","61","荷","611","荷姿の物","5","崩壊、倒壊"
"719","2011","平成","23","3","10~11","被災者が単独作業にて天井クレーン(定格荷重2.8トン)を用いて玉掛作業中、荷の鋼板(幅1メートル、長さ2メートル、厚さ4.5ミリメートルの鋼板31枚の束、総重量約2トン)をハッカーにてつり上げた際、荷が滑り、被災者が滑った荷と隣接して積み上げられていた鋼板との間に腹部を挟まれたもの。","1","製造業","112","金属製品製造業","11209","その他の金属製品製造業","10~29","3","その他の装置等","37","用具","372","玉掛用具","4","飛来、落下"
"720","2011","平成","23","3","3~4","被災者が運転するトラックが山陽自動車道から小谷サービスエリアにつづく道路へ入った際に、当該道路の右側に停車していたトラックの左後方に衝突し、被災した。搬送先の病院で死亡した。","4","運輸交通業","403","道路貨物運送業","40301","一般貨物自動車運送業","50~99","2","物上げ装置、運搬機械","22","動力運搬機","221","トラック","17","交通事故（道路）"
"721","2011","平成","23","2","5~6","1階倉庫での製品出荷準備を終えた被災労働者が、倉庫内の階段で2階へ上がろうとした際に、何らかの理由で階段から転落した。救命救急センターへ搬送されたが、死亡した。","1","製造業","117","その他の製造業","11709","その他の製造業－その他","10~29","4","仮設物、建築物、構築物等","41","仮設物、建築物、構築物等","413","階段、桟橋","1","墜落、転落"
"722","2011","平成","23","2","13~14","メッキ製品製造ラインにおいて、メッキ製品の入ったバケットを運ぶ装置が突然停止したため、これを確認するために被災者がライン内に入ったところ、同装置が突然動き出したため、同装置が運んでいたバケットとメッキ製品を乾燥させる槽との間に被災者が挟まれたもの。","1","製造業","112","金属製品製造業","11202","ねじ等製造業","10~29","2","物上げ装置、運搬機械","22","動力運搬機","229","その他の動力運搬機","7","はさまれ、巻き込まれ"
"723","2011","平成","23","2","14~15","建設会社が請け負う店舗新築工事現場において、下請事業場の被災者は、同僚作業員と共に、機体重量2.8トンのドラグ・ショベルを運転する現場代理人の指示を受けて、地盤の埋め立て作業を行っていたところ、バック走行中の当該ドラグ・ショベルにひかれて死亡したものである。","3","建設業","301","土木工事業","30199","その他の土木工事業","30~49","1","動力機械","14","建設機械等","142","掘削用機械","7","はさまれ、巻き込まれ"
"724","2011","平成","23","1","0~1","被災者が、廃液タンク内のアルカリ性廃液を中和処理するため、硫酸を廃液に添加したところ、大量の硫化水素ガスが発生した。被災者は、発生した硫化水素ガスを吸引し、被災した。","1","製造業","108","化学工業","10801","無機・有機化学工業製品製造業","10~29","5","物質、材料","51","危険物、有害物等","514","有害物","12","有害物等との接触"
"725","2011","平成","23","12","10~11","フォークリフトを使用し作業場の照明を取り替えるため、フォークで上げたパレット上に乗り作業をしていたところ、昇降時に墜落し、マストの一部に腹部を強打したことによる失血死と推定される。","8","商業","802","小売業","80209","その他の小売業","1~9","2","物上げ装置、運搬機械","22","動力運搬機","222","フォークリフト","1","墜落、転落"
"726","2011","平成","23","12","14~15","6階建てマンションに設置されているエレベーターの故障修理作業を1人で行っていた被災者が、マンション3階と4階との間の搬器上で、搬器とカウンターウェイトとの間に頭が挟まれているのが発見され、消防隊員が救出したが、間もなく死亡したもの。","1","製造業","117","その他の製造業","11702","機械修理業","10~29","2","物上げ装置、運搬機械","21","動力クレーン等","214","エレベータ、リフト","7","はさまれ、巻き込まれ"
"727","2011","平成","23","12","12~13","被災者と高所作業車の運転者の2名が作業床に乗り建物外壁等の清掃作業を行っていたところ、作業床の下の道路にトラックが来たため、高所作業車の運転者がトラックを通そうと、作業床を上昇させたところ、身を乗り出して清掃作業をしていた被災者が作業床の手すりと建物の出窓の下面部との間に挟まれたもの。","13","保健・衛生業","1303","その他の保健衛生業","130301","浴場業","10~29","1","動力機械","14","建設機械等","146","高所作業車","7","はさまれ、巻き込まれ"
"728","2011","平成","23","12","11~12","被災者は国道の長い下り坂を9tトラックで運転中、下り坂の最後の右カーブにて曲がりきれずに左側ガードレールを突き破り電柱に接触、約1メートル下の畑へ転落横転して、頭を打つなどして被災した。","4","運輸交通業","403","道路貨物運送業","40301","一般貨物自動車運送業","1~9","2","物上げ装置、運搬機械","22","動力運搬機","221","トラック","17","交通事故（道路）"
"729","2011","平成","23","12","12~13","事業所構内において、廃棄すべく大管モールド(=鋳鉄管の鋳型、金属製、円筒状、直径1、600ミリメートル、長さ1、800ミリメートル)のガス溶断作業を、請け負った会社所属の被災者外1名が、分割・切断作業(縦置きで12片に分割)を行っていたところ、被災者が倒れてきた切断片(約600キログラム、800ミリメートル×800ミリメートル)の下敷きになったもの。","1","製造業","110","鉄鋼業","11002","鋳物業","1~9","5","物質、材料","52","材料","521","金属材料","4","飛来、落下"
"730","2011","平成","23","11","12~13","古畳(わら畳)を裁断する機械の送りローラーに下半身から巻き込まれ、更に、送りローラー背部の5枚の回転刃により下半身を切断されたもの。","1","製造業","117","その他の製造業","11709","その他の製造業－その他","1~9","1","動力機械","16","一般動力機械","169","その他の一般動力機械","7","はさまれ、巻き込まれ"
"731","2011","平成","23","10","11~12","鉄骨、スレート屋根の駐車場を解体するため、手ばらしでスレート屋根の解体を行っていた。被災者は地上で片付け等の雑作業を行う作業員であったが、休憩時間中に屋根の上に登っていたので、地上で休憩していた職長が降りるように指示をした後、スレートを踏み抜き約4.5m下に墜落したもの。スレートに歩み板はなく、3本親綱が張られているのみで、被災者は安全帯を所持していなかった。屋根の鉄骨梁の幅12.5センチメートル。","3","建設業","302","建築工事業","30201","鉄骨・鉄筋コンクリート造家屋建築工事業","1~9","4","仮設物、建築物、構築物等","41","仮設物、建築物、構築物等","415","屋根、はり、もや、けた、合掌","1","墜落、転落"
"732","2011","平成","23","9","7~8","被災者は午前7時23分に出勤し、工場内での製造過程で発生するダンボールの切れ端を圧縮梱包するベイラー(梱包プレス)の内部に電源を入れた状態で点検口より入ったため機械が作動し、両下肢をはさまれ被災した。その後、他の労働者が朝の体操に参加していない被災者に気づき工場内を探したところ、ベイラー内部に倒れている被災者を発見、レスキューにより救出したが死亡していたもの。","1","製造業","106","パルプ・紙・紙加工品製造業","10602","紙加工品製造業","10~29","1","動力機械","16","一般動力機械","169","その他の一般動力機械","7","はさまれ、巻き込まれ"
"733","2011","平成","23","9","11~12","被災者が貨物自動車で高速道路を走行中、5.7キロポスト付近で、渋滞のため前方を走行していた2台の貨物自動車が相次いで減速停止したところ、その後方から追突したもの。被災者は運転席内で挟まれて死亡した。","4","運輸交通業","403","道路貨物運送業","40301","一般貨物自動車運送業","50~99","2","物上げ装置、運搬機械","22","動力運搬機","221","トラック","17","交通事故（道路）"
"734","2011","平成","23","9","5~6","被災者は、ある事業場付属の寮より同僚4名と共に社用車で工事現場へ向かう途中、高速道路上で社用車の右後輪がパンクしたため路肩に停車させパンクの修理を行っていたところ、通行車両(大型トラック)にはねられ死亡したもの。","3","建設業","303","その他の建設業","30302","機械器具設置工事業","10~29","2","物上げ装置、運搬機械","22","動力運搬機","221","トラック","17","交通事故（道路）"
"735","2011","平成","23","8","10~11","会社から工事現場へコンクリートミキサー車で生コンを運搬中に、道路の電柱に衝突したもの。自損事故である。(生コンの運搬のみ)","4","運輸交通業","403","道路貨物運送業","40309","その他の道路貨物運送業","30~49","2","物上げ装置、運搬機械","22","動力運搬機","221","トラック","17","交通事故（道路）"
"736","2011","平成","23","7","14~15","被災者が、バケットアタッチメントを装着したフォークリフトを運転し、搬入されたリサクル用廃棄物の荷寄せ作業中、バケットを上げたまま後進し左後方へ旋回したところ機体が傾き、被災者が運転席から飛び出た(あるいは飛び出した)ところへ機体が転倒、ヘッドガードの枠に胸部から首を挟まれ、救急搬送されたが同夜に死亡したもの。","15","清掃・と畜業","1501","清掃・と畜業","150102","産業廃棄物処理業","10~29","2","物上げ装置、運搬機械","22","動力運搬機","222","フォークリフト","2","転倒"
"737","2011","平成","23","7","10~11","瓦置き場において、2段ある金属製パレットの奥に貯蔵している瓦を取り出すため、被災者はパレットの2段目に昇り(高さ1.17m)、瓦を取り出し、パレットを降りようとした。その際、あやまって墜落し、パレットに前頭部を打ちつけ、地面に仰向けに落ちたもの。病院へ搬送され処置されていたが、9月4日に死亡したもの。","1","製造業","109","窯業土石製品製造業","10905","その他の窯業","10~29","3","その他の装置等","37","用具","379","その他の用具","1","墜落、転落"
"738","2011","平成","23","7","15~16","被災者を含む労働者3名は貨物船の船内で積み込み終わったパイプの束(7段、全体の高さ約3.4m)をワイヤロープで固定する作業を行っていた。その際、労働者3名がパイプの束の上で作業中に5段目から7段目のパイプの束が荷崩れし、被災者がパイプの束とともに落下し、死亡したもの。他の労働者2名は退避できたため、被災しなかった。","5","貨物取扱業","502","港湾運送業","50202","港湾荷役業","10~29","6","荷","61","荷","611","荷姿の物","5","崩壊、倒壊"
"739","2011","平成","23","6","14~15","木造2階建住宅増改築工事において、被災者が1階屋根の改修を行うために、垂木を設置した後、軒先から野地板(長さ:3m10センチメートル、幅:11.6センチメートル、厚さ:1.6センチメートル)を設置しようとしたところ、高さが3m33センチメートルある垂木の軒先から道路上に墜落したもの。","3","建設業","302","建築工事業","30202","木造家屋建築工事業","1~9","4","仮設物、建築物、構築物等","41","仮設物、建築物、構築物等","415","屋根、はり、もや、けた、合掌","1","墜落、転落"
"740","2011","平成","23","5","0~1","被災者が国道において下水道工事のために片側通行として交通誘導していたところ、西方向へ走って来た軽自動車が工事現場付近の車線規制区域域の手前で停止せずに走行し、被災者を轢いたもの。","17","その他の事業","1702","その他の事業","170201","警備業","30~49","2","物上げ装置、運搬機械","23","乗物","231","乗用車、バス、バイク","17","交通事故（道路）"
"741","2011","平成","23","5","7~8","被災者は、ダンボール製造設備に供給する原紙を倉庫へ取りに行こうとフォークリフト(最大荷重1.7トン)を空荷状態で運転していたところ、倉庫入口にある鉄骨柱の基礎部(高さ12センチメートル)にフォークリフトの右前輪が接触し、その状態から基礎部の補強材の上を走り抜けたため、フォークリフトの車体が横転し、乗車席から投げ出された被災者はフォークリフトのヘッドガードの下敷きとなり被災したものである。","1","製造業","106","パルプ・紙・紙加工品製造業","10602","紙加工品製造業","50~99","2","物上げ装置、運搬機械","22","動力運搬機","222","フォークリフト","2","転倒"
"742","2011","平成","23","5","10~11","事業場敷地内の雑草刈り業務に従事していた被災者は、事業場境界フェンスから敷地外に伸び育った雑草を剪定バサミで刈り取るため、敷地境界外側の県道路側帯より刈り取り作業を行っていたところ、県道下り車線を南下してきた一般乗用車が車道から逸走し被災者を巻き込んだ状態で事業場フェンスをなぎ倒し停車した。被災者は即死したもの。","1","製造業","108","化学工業","10899","その他の化学工業","30~49","2","物上げ装置、運搬機械","23","乗物","231","乗用車、バス、バイク","17","交通事故（道路）"
"743","2011","平成","23","4","17~18","被災者は、重量4.3t、幅1.78m、直径1.9mのロール紙を巻取り機から機械操作で台車の上に設置、垂直に降ろしてから、水平移動させたのち当該ロール紙の品質検査を行う予定であったが、台車リフターが降下した際に当該台車リフターの底部と台車基底部の間に胸を挟まれ、事故発生の2時間後窒息により死亡したもの。","1","製造業","106","パルプ・紙・紙加工品製造業","10601","パルプ・紙製造業","300~499","2","物上げ装置、運搬機械","22","動力運搬機","229","その他の動力運搬機","7","はさまれ、巻き込まれ"
"744","2011","平成","23","4","23~24","被災者は荷物を積んだ4tトラックで山陽自動車道を東に向かって走行していた。その際に大型トラックに後方から追突され、4tトラックを運転していた被災者が死亡したもの。大型トラックの運転手は両足を骨折し、休業を伴う負傷を負った。","4","運輸交通業","403","道路貨物運送業","40301","一般貨物自動車運送業","10~29","2","物上げ装置、運搬機械","22","動力運搬機","221","トラック","17","交通事故（道路）"
"745","2011","平成","23","4","15~16","2tトラックにて国道を南下走行中、左カーブを曲がりそこない、反対車線にはみ出し、対向車の乗用車とトラックに接触衝突したもの。","8","商業","801","卸売業","80102","家具・建具・じゅう器等卸売業","1~9","2","物上げ装置、運搬機械","22","動力運搬機","221","トラック","17","交通事故（道路）"
"746","2011","平成","23","4","8~9","道路肩の道路標識支柱に取り付けていた「凍結注意」看板を撤去するため、被災者と同僚の2名が道路端にトラック(最大積載量2トン)を止め、支柱から看板を取り外し、当該トラック前方の道路端で、取り外した金具を看板に取り付けていたとき、突然、一般車両がトラック後部右端に追突した。その衝撃でトラックが路肩方向へ飛ばされ、支柱を倒し、被災者が当該支柱とトラック車体前方底部に挟まれた。","3","建設業","301","土木工事業","30199","その他の土木工事業","1~9","2","物上げ装置、運搬機械","23","乗物","231","乗用車、バス、バイク","17","交通事故（道路）"
"747","2011","平成","23","3","17~18","作業を終えた被災者は、現場詰所から工場更衣所へ向け、自転車で向かっていたところ、同じく作業を終え、他の詰所から更衣所へ向かっていた同僚が運転する自動車に後部から激突され、病院へ搬送後、急性硬膜下血腫により死亡した。運転していた同僚は、被災者を現認していたが、被災者が、前進する自動車の右前方へ急接近したため、接触に至ったもの。","1","製造業","110","鉄鋼業","11001","製鉄・製鋼・圧延業","300~499","2","物上げ装置、運搬機械","23","乗物","231","乗用車、バス、バイク","6","激突され"
"748","2011","平成","23","3","15~16","発電所付近の立木伐採工事完了後の現場において、施工箇所下部の道路側溝にて発見され、死亡が確認された。","3","建設業","301","土木工事業","30199","その他の土木工事業","10~29","7","環境等","71","環境等","711","地山、岩石","1","墜落、転落"
"749","2011","平成","23","3","10~11","当該工場内でトレーラーから角鋼(長さ12メートル、重量1500キログラム)の荷卸しを行っていた際、2台の天井クレーンで共づりをしていた片側のつり具(ハッカー)が何らかの原因により外れ、運転者が角鋼の下敷きになり死亡したもの。","1","製造業","112","金属製品製造業","11209","その他の金属製品製造業","10~29","2","物上げ装置、運搬機械","21","動力クレーン等","211","クレーン","4","飛来、落下"
"750","2011","平成","23","3","11~12","ダムへ向かう通路橋上で定点写真を撮る作業を行っていた被災労働者が約32メートル下の川へ墜落し死亡したものである。","3","建設業","301","土木工事業","30199","その他の土木工事業","50~99","4","仮設物、建築物、構築物等","41","仮設物、建築物、構築物等","418","建築物、構築物","1","墜落、転落"
"751","2011","平成","23","3","9~10","上記トラックヤードにおいて貨物自動車(最大積載荷重13400キログラム)の後進を同車の後方にて誘導していた被災者が同車に轢かれたもの。","1","製造業","107","印刷・製本業","10701","印刷業","30~49","2","物上げ装置、運搬機械","22","動力運搬機","221","トラック","7","はさまれ、巻き込まれ"
"752","2011","平成","23","2","11~12","被災者が生コンが入った「バッカン」と呼ばれる運搬用容器をドラグ・ショベルにより吊り上げ、コンクリート打設箇所に運搬するためドラグ・ショベルを右旋回させたところ、ドラグ・ショベルが河川側に倒れ、運転していた被災者とともに、3.9m下の河川に転落し、ドラク・ショベルの下敷きになったもの。","3","建設業","301","土木工事業","30199","その他の土木工事業","1~9","1","動力機械","14","建設機械等","142","掘削用機械","1","墜落、転落"
"753","2011","平成","23","2","15~16","発注者自宅の立木(ケヤキ:樹齢120年、胸高直径約79センチメートル)を伐木するため、高さ6mの幹の分かれ箇所に移動はしごを使用して登り、チェーンソーを用いて幹を切断し、終えたとほぼ同時に被災者が立木の根元に向かって墜落し、そして根元から約1.8mの下の地面に墜落した。","6","農林業","602","林業","60201","木材伐出業","1~9","7","環境等","71","環境等","712","立木等","1","墜落、転落"
"754","2011","平成","23","1","4~5","タクシー乗務中、片側5車線道路を青信号で右折した際、直進してきた車と激突し、頭部を強打したもの。災害発生から約6か月後に、入院先の病院で呼吸不全により死亡した。","4","運輸交通業","402","道路旅客運送業","40201","ハイヤー・タクシー業","100~299","2","物上げ装置、運搬機械","23","乗物","231","乗用車、バス、バイク","17","交通事故（道路）"
"755","2011","平成","23","1","9~10","親綱にロリップを固定し、地面から高さ4.88メートル付近の位置で、ドリルで地山に坑を開ける作業をしていたところ、ドリルが故障、故障したドリルを被災者が降ろしている最中に墜落し、コンクリート擁壁に頭部をぶつけ、死亡した。","3","建設業","301","土木工事業","30108","砂防工事業","1~9","3","その他の装置等","37","用具","379","その他の用具","1","墜落、転落"
"756","2011","平成","23","1","16~17","耕運機のハンドル部とビニールハウスの支柱との間に、胸を挟まれて、倒れていたところを、発見された。","6","農林業","601","農業","60101","農業","10~29","1","動力機械","16","一般動力機械","169","その他の一般動力機械","7","はさまれ、巻き込まれ"
"757","2011","平成","23","1","14~15","被災者は地山崩壊防止設備の設置工事を、法面(約40度~55度)でロリップを使用して行っていたが、何らかの理由(調査中)でロリップを外したか外れたかしたため約25m法面を滑落し、法面端の垂直壁(約85度)から約5m下の林道に墜落したもの。","3","建設業","301","土木工事業","30108","砂防工事業","1~9","7","環境等","71","環境等","711","地山、岩石","1","墜落、転落"
"758","2011","平成","23","1","15~16","被災者は、ゴルフ練習場の外周に設けられたボールネット支柱の塗装工事に従事、高さ約36mの支柱の25m付近(現認者なし)に、支柱に設けられた梯子を使用し登っていたところ、支柱の12m付近に設けられた点検通路上に墜落、救急搬送後発生日夜に死亡したもの。被災者は、塗装作業の経験は長いものの災害発生日前日に雇い入れられ、現場入場2日目であった。また当日、当該支柱での作業は予定されていなかった。","3","建設業","303","その他の建設業","30309","その他の建設業－その他","10~29","4","仮設物、建築物、構築物等","41","仮設物、建築物、構築物等","418","建築物、構築物","1","墜落、転落"
"759","2011","平成","23","3","3~4","道路ジョイント部の舗装修繕工事現場において舗装修繕作業を管理していた被災者が、施工箇所から約750メートル離れた別の施工箇所を見にいくためバイパス側道を徒歩で移動していたところ、約450メートル移動した地点で心停止し倒れたもの。","3","建設業","301","土木工事業","30106","道路建設工事業","不明","9","その他","92","起因物なし","921","起因物なし","90","その他"
"760","2011","平成","23","5","14~15","被災者が社屋2階に在る倉庫において首を吊り、自殺縊死しているのが発見されたもの。","8","商業","802","小売業","80209","その他の小売業","不明","9","その他","92","起因物なし","921","起因物なし","90","その他"
"761","2011","平成","23","9","5~6","台風の豪雨で近くの山で土砂崩れが発生し、建設業寄宿舎内にいた被災者が土砂崩れに巻き込まれた。土砂に埋もれていたところを救助されたが、死亡したもの。","8","商業","802","小売業","80209","その他の小売業","不明","7","環境等","71","環境等","711","地山、岩石","5","崩壊、倒壊"
"762","2011","平成","23","12","7~8","商品配達のため道路を北進していた積載荷重800キログラムの保冷車と、事業場にて荷物を下ろしたのち道路を南進していた積載荷重26700キログラムトレーラーとが、団地入口付近の道路上にて正面衝突し、保冷車運転手が死亡し、トレーラー運転手が右ひざ等を打撲した。","8","商業","801","卸売業","80109","その他の卸売業","10~29","2","物上げ装置、運搬機械","22","動力運搬機","221","トラック","17","交通事故（道路）"
"763","2011","平成","23","11","8~9","マンション外壁の塗装修繕工事において使用した「くさび緊結式足場」を解体するにあたり、足場9層目から8層目に移動するのに昇降設備を使用せず、足場の外側をつたって移動したところ足を滑らせ約16メートル下の地面に墜落した。","3","建設業","302","建築工事業","30209","その他の建築工事業","10~29","4","仮設物、建築物、構築物等","41","仮設物、建築物、構築物等","411","足場","1","墜落、転落"
"764","2011","平成","23","10","14~15","道路の土砂崩れしている箇所の改修工事において、災害発生当日の午前中に改修工事が終了し、午後から後片付けのため林道内に置いていた原付バイクを林道入口の重機置き場まで運んでいる最中に、林道横の崖から転落し、その後ヘリコプターで救出され病院に搬送されたが、脳挫傷により死亡したもの。","3","建設業","301","土木工事業","30106","道路建設工事業","1~9","7","環境等","71","環境等","711","地山、岩石","1","墜落、転落"
"765","2011","平成","23","8","9~10","被災者と同僚2名で間伐作業中、同僚がチェーンソーによる伐倒を行い、被災者は伐倒方向を山側に確実にするため、立木に掛けたロープをけん引具を用いて引き、100年生の杉を伐倒した。その後、同僚が「休憩にしよう」と被災者に声を掛け、チェーンソーに燃料を入れていた時に、被災者の叫び声が聞こえたため振り返ったところ、被災者が伐倒した杉の木の下敷きになっており、病院に搬送されたが胸部圧迫により死亡したもの。","6","農林業","602","林業","60201","木材伐出業","1~9","7","環境等","71","環境等","712","立木等","6","激突され"
"766","2011","平成","23","8","15~16","堤防付近において、草刈機を使用して草刈作業を行っていたところ、3.4m下の空き地に転落し、草刈機の下敷きになり死亡したもの。","3","建設業","301","土木工事業","30107","河川土木工事業","1~9","1","動力機械","16","一般動力機械","169","その他の一般動力機械","1","墜落、転落"
"767","2011","平成","23","6","13~14","出張先の山林の土場において、同僚がフォークリフトを運転し杉の原木をトラックの荷台に運び、被災者が荷台で均す作業を行っていたところ、原木をトラックの荷台に下ろす際に原木がフォークから転がり落ち、荷台の外に落ちたため、同僚が原木が落ちた箇所を確認したところ、被災者が原木のそばで倒れており、救急車で搬送され脳挫傷および頚髄損傷により意識不明の重体となったが、その後死亡したもの。","4","運輸交通業","403","道路貨物運送業","40301","一般貨物自動車運送業","1~9","2","物上げ装置、運搬機械","22","動力運搬機","221","トラック","1","墜落、転落"
"768","2011","平成","23","5","9~10","ごみ収集車により収集したゴミを集積場ピットに排出した後、運転手がごみ収集車のテールゲートを閉鎖するため降下させたところ、ごみ収集車内のゴミを除去していた助手の頭部がテールゲートと車体との間に挟まれた。","15","清掃・と畜業","1501","清掃・と畜業","150103","その他の廃棄物処理業","30~49","2","物上げ装置、運搬機械","22","動力運搬機","221","トラック","7","はさまれ、巻き込まれ"
"769","2011","平成","23","4","15~16","木材を破砕し木材チップを製造するプラントにおいて、労働者4名で作業終了後の清掃作業を行っていたところ、そのうち1名が稼働中不具合があったフライトコンベアの調子を見るため、当該コンベアの起動スイッチを押したところ、破砕機下部の地下ピットに入っていた被災者がコンベアに巻き込まれ被災したもの。","1","製造業","104","木材・木製品製造業","10401","製材業","30~49","2","物上げ装置、運搬機械","22","動力運搬機","224","コンベア","7","はさまれ、巻き込まれ"
"770","2011","平成","23","9","6~7","医師である被災者が当直中に当直室内でクモ膜下出血により倒れているところを発見された。労災の遺族請求が行われ業務上と認定された。","13","保健・衛生業","1301","医療保健業","130101","病院","不明","9","その他","92","起因物なし","921","起因物なし","90","その他"
"771","2011","平成","23","12","4~5","夜間工事を終え、午前4時頃同僚5名で社用車に乗り、事務所に帰る途中、高速道路トンネル付近で左後輪が破裂したため横転し、死亡した。","3","建設業","302","建築工事業","30203","建築設備工事業","10~29","2","物上げ装置、運搬機械","23","乗物","231","乗用車、バス、バイク","17","交通事故（道路）"
"772","2011","平成","23","12","4~5","夜間工事を終え、午前4時頃同僚5名で社用車に乗り、事務所に帰る途中、高速道路トンネル付近で左後輪が破裂したため横転し、死亡した。","3","建設業","302","建築工事業","30203","建築設備工事業","10~29","2","物上げ装置、運搬機械","23","乗物","231","乗用車、バス、バイク","17","交通事故（道路）"
"773","2011","平成","23","11","15~16","電線鉄塔に近接した樹木の伐採工事において、高さ17m程のクヌギの木を伐倒するにあたり、長さ4m程の一本梯子を立てかけ、被災者1名が同梯子の上で墜落防止用の親綱を同木の幹に廻した状態で、チェーンソーを用いて同幹の上部を伐採していたところ、幹が切込途中で裂けて、親綱が引っ張られた結果、幹に腹部を強く圧迫され、大腸破裂により死亡した。","3","建設業","301","土木工事業","30199","その他の土木工事業","10~29","7","環境等","71","環境等","712","立木等","7","はさまれ、巻き込まれ"
"774","2011","平成","23","9","16~17","電柱に脚立をはしごとして立てかけ、当該脚立はしご上で作業していたところ墜落したもの。被災者は安全帯を使用しておらず、保護帽も着用していなかった。","3","建設業","303","その他の建設業","30301","電気通信工事業","10~29","3","その他の装置等","37","用具","371","はしご等","1","墜落、転落"
"775","2011","平成","23","9","21~22","午後10時頃、労働者2名が、台風の大雨を警戒し、会社工場にとめていた生コン車12台を、会社所有の資材置き場(南へ約500m)へ移動させようとしたところ、川が氾濫し、2名とも流され、翌月、1名は会社工場から300m下流、もう1名は約5キロメートル下流で、遺体で発見されたもの。なお、工場も壊滅的な被害を受けており、生コン車も下流へ流されている。","1","製造業","109","窯業土石製品製造業","10901","セメント・同製品製造業","1~9","7","環境等","71","環境等","713","水","10","おぼれ"
"776","2011","平成","23","9","21~22","午後10時頃、労働者2名が、台風の大雨を警戒し、会社工場にとめていた生コン車12台を、会社所有の資材置き場(南へ約500m)へ移動させようとしたところ、川が氾濫し、2名とも流され、翌月、1名は会社工場から300m下流、もう1名は約5キロメートル下流で、遺体で発見されたもの。なお、工場も壊滅的な被害を受けており、生コン車も下流へ流されている。","1","製造業","109","窯業土石製品製造業","10901","セメント・同製品製造業","1~9","7","環境等","71","環境等","713","水","10","おぼれ"
"777","2011","平成","23","7","9~10","被災者は、高さ6.27mの住宅の屋根の上で、太陽光発電パネルに取り付ける銘板を取り付ける作業中墜落した。","3","建設業","303","その他の建設業","30302","機械器具設置工事業","1~9","4","仮設物、建築物、構築物等","41","仮設物、建築物、構築物等","415","屋根、はり、もや、けた、合掌","1","墜落、転落"
"778","2011","平成","23","5","5~6","被災者は朝6時頃、委託先の厨房へ出勤し、本社へ出勤の電話連絡を行った際に脳梗塞を発症したもの。","1","製造業","101","食料品製造業","10109","その他の食料品製造業","1~9","9","その他","91","その他の起因物","911","その他の起因物","90","その他"
"779","2011","平成","23","5","13~14","配送後立ち寄ったガソリンスタンドで、自由に使用できる貸出し用の脚立を用いてトラックを洗車していたところ何らかの原因により脚立から転落し頭部を損傷死亡に至ったもの。","4","運輸交通業","403","道路貨物運送業","40301","一般貨物自動車運送業","1~9","3","その他の装置等","37","用具","371","はしご等","1","墜落、転落"
"780","2011","平成","23","3","14~15","施設内、休業中のレストランの改装作業において、壁に取り付けていたテレビ(46型、38キログラム)を取り外すため脚立の天板に乗り作業していたところ脚立から転落したもの。災害発生の20日後に容態が急変し死亡した。","14","接客娯楽業","1402","飲食店","140201","一般飲食店","50~99","3","その他の装置等","37","用具","371","はしご等","1","墜落、転落"
"781","2011","平成","23","12","9~10","林道開設工事の計画範囲にある立木の伐採作業において前日に伐倒した木の玉切り作業中、平均こう配40度の斜面に上下に並んだ2本の伐倒木の隙間に被災者が入り下側の木を玉切ったところ、下側の木の根元が上側の伐倒木の幹と接していたため上側の木が滑って下側の木に重量がかかり、その反動で玉切った木が切株を支点にして上方に動き上側の木との間に胸部を挟まれたもの。","6","農林業","602","林業","60201","木材伐出業","10~29","7","環境等","71","環境等","712","立木等","7","はさまれ、巻き込まれ"
"782","2011","平成","23","11","3~4","被災者が新聞配達のため原動機付き自転車で三叉路付近の道路を走行中、後方から直進してきた乗用車に追突された。","8","商業","802","小売業","80205","新聞販売業","30~49","2","物上げ装置、運搬機械","23","乗物","231","乗用車、バス、バイク","17","交通事故（道路）"
"783","2011","平成","23","8","7~8","木造住宅の新築工事中に現場において、建物2階で筋交いの取り付け作業を行っていたところ、階段設置予定箇所の開口部から328センチメートル下のコンクリートの基礎に墜落したもの。筋交いは前日の作業で所定の長さに切った上で各所に借り置きしてあった。","3","建設業","302","建築工事業","30202","木造家屋建築工事業","1~9","4","仮設物、建築物、構築物等","41","仮設物、建築物、構築物等","414","開口部","1","墜落、転落"
"784","2011","平成","23","8","15~16","コンクリートミキサー車(以下ミキサー車という)を用いて工事現場に生コンを搬入するため現場進入路を走行中、設置された規制ゲート内のこう配約7度の道路上にミキサー車を一旦停止させ、運転席を降りてミキサー車の後方に回り規制ゲートを閉める作業を行っていた運転者が、逸走してきたミキサー車に轢かれたもの。","4","運輸交通業","403","道路貨物運送業","40301","一般貨物自動車運送業","1~9","2","物上げ装置、運搬機械","22","動力運搬機","221","トラック","6","激突され"
"785","2011","平成","23","7","1~2","新聞を配達する為に、徒歩で道路を横断中、走行して来たタクシーにはねられた。","8","商業","802","小売業","80205","新聞販売業","1~9","2","物上げ装置、運搬機械","23","乗物","231","乗用車、バス、バイク","17","交通事故（道路）"
"786","2011","平成","23","7","11~12","山林において、事業主と被災者の2名で伐倒木の搬出の為の木寄せ作業を行っていたところ、被災者が直高7.2メートル、傾斜距離11.16メートル、傾斜角37度の斜面から転落した状態で発見された。","6","農林業","602","林業","60201","木材伐出業","1~9","9","その他","99","分類不能","999","分類不能","1","墜落、転落"
"787","2011","平成","23","5","8~9","被災者は材料の配達のため、事業場よりトレーラーを運転し、工場に向かっていた。8時30分頃、トンネルに進入する手前で、反対車線から対向車両がセンターラインをオーバーしてきたため、被災者は左歩道側にハンドルを切ったが間に合わず、相手車両と衝突した。","5","貨物取扱業","502","港湾運送業","50202","港湾荷役業","100~299","2","物上げ装置、運搬機械","22","動力運搬機","221","トラック","17","交通事故（道路）"
"788","2011","平成","23","4","15~16","災害発生場所である当該事業場の資材置き場前の道路を、被災者が所属する事業場の労働者が車で通りがかったところ、ダンプトラックが右に横転しているのに気づいたので状況を確認したところ、当該事業場の労働者が、横転したダンプトラックの開けられた右側の窓の上部と地面との間に頚部を挟まれた状況で発見された。その後消防により救出されたが死亡した。災害発生状況を見た者はいない。","15","清掃・と畜業","1501","清掃・と畜業","150102","産業廃棄物処理業","10~29","2","物上げ装置、運搬機械","22","動力運搬機","221","トラック","2","転倒"
"789","2011","平成","23","4","10~11","被災者が、元方事業者の工場の台車塗装装置の定期点検のために、当該装置の上部に乗って点検作業を行っていたところ、元方事業者の労働者の運転する天井クレーンの運転台に激突され、当該クレーンの運転台下部と塗装装置の上部の間に全身を挟まれ、死亡したもの。なお、災害発生時当該クレーンは床上操作式コントローラにより運転されており、当該運転台は使用されていなかったもの。","1","製造業","115","輸送用機械等製造業","11503","鉄道車両・同部分品製造業","100~299","2","物上げ装置、運搬機械","21","動力クレーン等","211","クレーン","7","はさまれ、巻き込まれ"
"790","2011","平成","23","1","13~14","施設の保守管理を担当する被災者Aは、施設管理事務所内で業務待機中に暖房器具を使用していたところ、ソファーで仰向けになった状態で発見されたが一酸化炭素中毒で死亡、また第一発見者である被災者Bも事務所内にて救急救命を行っているうちに一酸化炭素中毒となり病院に搬送されたもの。","14","接客娯楽業","1403","その他の接客娯楽業","140301","ゴルフ場","10~29","5","物質、材料","51","危険物、有害物等","514","有害物","12","有害物等との接触"
"791","2011","平成","23","12","9~10","積載型トラッククレーンを使用して、当該クレーンの荷台に据え付けてあったステンレス製還水タンク(高さ2m、奥行1m、幅1m、重量260キログラム)を、隣に駐車させたトラックの荷台に積み込み、その後、当該トラックの運転席の屋根(高さ1.96m)に上がって作業を行った後、当該クレーンの荷台の方向を向いた形で当該クレーンのあおりに覆いかぶさっているところを発見された。(どのようにして転落したのかは不明。)","3","建設業","302","建築工事業","30201","鉄骨・鉄筋コンクリート造家屋建築工事業","10~29","2","物上げ装置、運搬機械","22","動力運搬機","221","トラック","1","墜落、転落"
"792","2011","平成","23","12","16~17","坂道にコンクリートミキサー車を停め、コンクリート打設作業中、生コンの出が悪くなったことから、ミキサー車の前後を入れ替えようと、輪留めを外しサイドブレーキを解除したがロックが解除されず、ミキサー車の方向転換は出来なかった。その状態のまま、被災者は生コンの残量確認等のためミキサー車のステップ上で作業していた際、ミキサー車が動き出し110メートル下方のコンクリート壁に激突後横転しその下敷きとなった。","1","製造業","109","窯業土石製品製造業","10901","セメント・同製品製造業","1~9","2","物上げ装置、運搬機械","22","動力運搬機","221","トラック","17","交通事故（道路）"
"793","2011","平成","23","12","12~13","西工場より東工場へ、自動車にて移動中、トンネル内で対向車がセンターラインを超えて、被災者が運転する自動車へ衝突したものである。","1","製造業","108","化学工業","10806","ゴム製品製造業","100~299","2","物上げ装置、運搬機械","23","乗物","231","乗用車、バス、バイク","17","交通事故（道路）"
"794","2011","平成","23","9","13~14","ずい道建設工事現場の坑内において、被災者を含む5名が坑口から約2、700メートルの切羽付近で掘削作業を行っていた。発破作業が終わり、ドラグ・ショベルとトラクターショベルを切羽近くに配置して、各機械の運転者以外の被災者を含めた3名は後方で待機し、各機械によるずり出し作業が行われていたところ、被災者がドラグ・ショベルの切羽に向って左側を行き来し、ドラグ・ショベルの左後ろ側の履帯部分に轢かれたもの。","3","建設業","301","土木工事業","30102","トンネル建設工事業","30~49","1","動力機械","14","建設機械等","142","掘削用機械","7","はさまれ、巻き込まれ"
"795","2011","平成","23","9","11~12","工場の敷地内にある屋外コンクリート製品置き場において、積載型トラッククレーン(つり上げ荷重2.93トン)を使用してL字型の擁壁用ブロック(製品荷重約2.5トン)をリモコン操作により荷台に積み込む作業をしていたところ、当該クレーンの旋回ポストの取付ボルトが破断し、旋回ポストが荷台側に傾き、L字型の擁壁用ブロックが荷台に落下し、被災者が当該ブロックの下敷きになった。","4","運輸交通業","403","道路貨物運送業","40301","一般貨物自動車運送業","10~29","2","物上げ装置、運搬機械","21","動力クレーン等","212","移動式クレーン","4","飛来、落下"
"796","2011","平成","23","8","19~20","乾燥炉に単板(4ミリメートル×1080ミリメートル×2080ミリメートル)を送給する作業中に、乾燥炉の送給装置のコマと呼ばれる部品が外れたため、送給装置を停止させないまま、コマを取り除こうとしたところ、送給装置のプリフィーダーと呼ばれる歯車に作業着が巻き込まれ、窒息死したもの。","1","製造業","104","木材・木製品製造業","10402","合板製造業","30~49","1","動力機械","13","木材加工用機械","139","その他の木材加工用機械","7","はさまれ、巻き込まれ"
"797","2011","平成","23","5","10~11","ケヤキの伐採作業中、ケヤキが株立ち状に4本が繋がっていたため、約1.5m根元を残し伐採を行っていた。このうち3本の伐採が終わり、残る1本の伐採を行った所、伐採と同時に作業箇所上方(斜面上約4m)からの落石(最大直径1m)が発生し被災者の背中に激突し、伐倒木の切株との間に胸部を挟まれたもの。病院に搬送されたが、約11時間半後に死亡したものである。","6","農林業","602","林業","60201","木材伐出業","10~29","7","環境等","71","環境等","711","地山、岩石","4","飛来、落下"
"798","2011","平成","23","4","6~7","被災者は被災者の同僚が運転する軽ワゴン車に同乗し、現場から帰る途中、同僚が運転する軽ワゴン車がセンターラインを越えて、対向車と衝突したもの。","15","清掃・と畜業","1501","清掃・と畜業","150101","ビルメンテナンス業","10~29","2","物上げ装置、運搬機械","23","乗物","231","乗用車、バス、バイク","17","交通事故（道路）"
"799","2011","平成","23","4","11~12","被災者は、車両系建設機械を使用して、前日の掘削残土が仮置きされている土止め鉄板部の土砂を掻き出し、残土搬出場所である斜面下方へ落とす作業に従事していたが、当該作業箇所から前方にある斜面から当該機械と共に転落しているところを、別の作業員が目撃したもの。","3","建設業","301","土木工事業","30106","道路建設工事業","10~29","1","動力機械","14","建設機械等","142","掘削用機械","1","墜落、転落"
"800","2011","平成","23","3","12~13","スギ山林の切捨て間伐のため被災者を含む4名で入場した。作業は当日のみの予定である。作業配置は、間伐する場所を指定したあと、各々の判断で間伐の担当場所を選定した。昼休憩後、スギ間伐を再開した。別の作業者が高さ26m・胸高直径26センチメートルのスギを伐木したところ、伐木した場所から約15m離れた被災者に伐木したスギが直撃し、被災者が死亡したものである。","6","農林業","602","林業","60209","その他の林業","1~9","7","環境等","71","環境等","712","立木等","4","飛来、落下"
"801","2011","平成","23","1","10~11","道路沿いにおいて、電柱調査業務に従事していた労働者が道路を走行してきた自動車にはねられたもの。","3","建設業","302","建築工事業","30203","建築設備工事業","1~9","2","物上げ装置、運搬機械","23","乗物","231","乗用車、バス、バイク","17","交通事故（道路）"
"802","2011","平成","23","1","15~16","被災者は、スタジオの設備点検するために2階副調整室からスタジオに通ずる階段を降りようとした際、階段に取り付けられていた手すりを乗り越えて、高さ約4mのところからスタジオ内の床面に墜落した。","11","通信業","1101","通信業","110101","通信業","1~9","4","仮設物、建築物、構築物等","41","仮設物、建築物、構築物等","413","階段、桟橋","1","墜落、転落"
"803","2011","平成","23","11","10~11","農道整備工事において、掘削途中の小段(高さ2m・幅員4m)に置いていたブレーカが丁張作業の邪魔になると思った被災者は、下段に移動させるため、当該ブレーカを運転し、小段の法面をはつっていたところ、機体後方からバランスを崩して、法面(傾斜26~38度)をゆっくり横転しながら滑落した。被災者は運転席の扉を開いたまま運転していたため、運転席から放り出され、キャビンと地面に頭部を挟まれ死亡した。","3","建設業","301","土木工事業","30106","道路建設工事業","30~49","1","動力機械","14","建設機械等","145","解体用機械","2","転倒"
"804","2011","平成","23","11","14~15","2階ベランダ手すり下の外壁の塗装作業中、ベランダ手すりの外側から、ベランダの鉄骨梁のフランジ部分(高さ約2m40センチメートル、幅5.5センチメートル)にのり、ベランダ手すりの格子(65センチメートル×2センチメートル×1.5センチメートル)を片手でつかんで、手を伸ばして作業を行っていたところ、つかまっていた格子が外れて墜落したものと推定される。","3","建設業","302","建築工事業","30209","その他の建築工事業","1~9","4","仮設物、建築物、構築物等","41","仮設物、建築物、構築物等","415","屋根、はり、もや、けた、合掌","1","墜落、転落"
"805","2011","平成","23","11","16~17","工場内のサイロ・鉄骨・作業床等の解体工事のため、被災者が搭乗した搭乗設備(重量約100キログラム)を工場内の天井クレーン(定格荷重2.8t)で吊って溶断作業を行っていた。被災者は、当日の溶断作業が終了したので、一部作業床(約幅140センチメートル、長さ400センチメートル)が残っている箇所へ搭乗設備を降ろして、搭乗設備からフックを外して、搭乗設備から当作業床に移ろうとした時、搭乗設備と一緒に約8m下の2階床に墜落し死亡。","3","建設業","302","建築工事業","30201","鉄骨・鉄筋コンクリート造家屋建築工事業","1~9","4","仮設物、建築物、構築物等","41","仮設物、建築物、構築物等","418","建築物、構築物","1","墜落、転落"
"806","2011","平成","23","10","13~14","トラックで搬入されてきた材料(約2t)の荷を倉庫へ運搬するため、被災者はリーチフォークリフト(最大荷重1.57t)でトラック荷台上の荷をフォークに積み、後方へ下がってフォークを下に下げたところ、後輪が浮き上がって前方に傾いた。被災者は後方に飛び降りたが、フォークが地面に激突し、その後荷がフォークから外れて車体が元に戻ったため、被災者は車体の下敷きとなり死亡した。","1","製造業","112","金属製品製造業","11209","その他の金属製品製造業","100~299","2","物上げ装置、運搬機械","22","動力運搬機","222","フォークリフト","7","はさまれ、巻き込まれ"
"807","2011","平成","23","10","11~12","工場の屋根上に穴の開いた壁の改修作業に使用する丸太足場を組立てる作業を4名で行っていた。この丸太足場の昇降設備(タラップ)を取り付ける作業をしている時、被災者が屋根上(勾配15.8度)に置いていたタラップが滑り出したので、親綱から安全帯を外して追いかけたが、止まることが出来ず、高さ12.2mの当屋根の端からアスファルト地面に墜落した。","3","建設業","302","建築工事業","30201","鉄骨・鉄筋コンクリート造家屋建築工事業","1~9","4","仮設物、建築物、構築物等","41","仮設物、建築物、構築物等","415","屋根、はり、もや、けた、合掌","1","墜落、転落"
"808","2011","平成","23","10","13~14","船積されてきた銅鉱石をアンローダー、コンベヤーを使用して、工場内に搬送する作業を行っていた。コンベヤー1~4を経由して工場内へ入るが、設備が不具合で停止し、改善後、関係者に無線で同コンベヤーを起動させる旨連絡し起動させた。その後、他の労働者が工場内のモニターを見ると、埠頭秤量室にヘルメットらしきものが見え、おかしいと思い現地に行くと、被災者が第1コンベヤーの回転軸にはさまれていた。","5","貨物取扱業","502","港湾運送業","50202","港湾荷役業","100~299","2","物上げ装置、運搬機械","22","動力運搬機","224","コンベア","7","はさまれ、巻き込まれ"
"809","2011","平成","23","9","3~4","大型トラックでA支店からB支店に向けて出発後、路肩に故障のため停車中のトレーラーの右側後部に追突し、追突した車両の運転席後部で仮眠していた同乗者が車外に放り出され頭部及び胸部を強打した。同乗者は、2日後に多発外傷により死亡した。なお、運転手は、頚椎捻挫により2日間休業している。","4","運輸交通業","403","道路貨物運送業","40301","一般貨物自動車運送業","100~299","2","物上げ装置、運搬機械","22","動力運搬機","221","トラック","17","交通事故（道路）"
"810","2011","平成","23","9","9~10","共同アンテナケーブルを撤去するため、移動はしごを家屋に立てかけ、はしご上(高さ4.4m:下部を2名が支えていた)でケーブル切断作業中、切断したケーブルを持ってはしごを降りようとした所、ケーブルに引張られ墜落した。事故後リハビリ治療を行っていたが、脳挫傷を原因とする誤嚥性肺炎により死亡した。","3","建設業","303","その他の建設業","30301","電気通信工事業","10~29","3","その他の装置等","37","用具","371","はしご等","1","墜落、転落"
"811","2011","平成","23","8","8~9","工場内で被災者が、建屋の鉄骨に立てかけてあった製作中の歩廊(長さ5.4m・幅2.3m・厚さ0.2m・重さ約1t)を天井クレーン(定格荷重2.8t)で塗装場所に移動させるため、同僚の指示でクレーンのフックにワイヤーロープを掛けようと歩廊に足をかけて上ろうとしたところ、歩廊が倒れ、胸付近より下部が下敷きとなった。また頭部も地面で強打し、心臓破裂・脳挫傷により死亡した。被災者は保護帽未着用。","1","製造業","112","金属製品製造業","11209","その他の金属製品製造業","1~9","5","物質、材料","52","材料","521","金属材料","5","崩壊、倒壊"
"812","2011","平成","23","7","14~15","被災者は、排水管を敷設してマンホールに繋ぐ箇所をドラグショベルで深さ約1.6m、幅1.1m掘削した。被災者は、排水管敷設のため、この掘削した溝に入り底の整地作業している時、南側の土壁(約2立法メートル)が崩れ、ヘルメットの頂点が見える状態で頭まで土砂に埋まった。","3","建設業","302","建築工事業","30201","鉄骨・鉄筋コンクリート造家屋建築工事業","30~49","7","環境等","71","環境等","711","地山、岩石","5","崩壊、倒壊"
"813","2011","平成","23","6","15~16","APS工場内、造型機(鋳物用砂型の静圧造型機1ホッパーから「ルーパー」へ砂を入れる2ルーパー移動。底のゲートを開き、下型へ砂を落とす→下型が所定位置に移動すると上昇して砂型を圧縮する)のルーパーゲートが「完全に閉じない」ため自動運転が停止。作業者は復旧するため、ルーパー内に入って砂等を取り除いたところ、ルーパーがホッパー方向へ移動し、鉄骨フレームとルーパ南壁面の間に挟まれた。","1","製造業","110","鉄鋼業","11002","鋳物業","50~99","1","動力機械","16","一般動力機械","169","その他の一般動力機械","7","はさまれ、巻き込まれ"
"814","2011","平成","23","5","10~11","工場内において、被災者がホイスト式天井クレーンで玉掛用具のハッカーを使用して鋳物部品を吊って平面研削盤へ運んでいるとき、同部品がハッカーから外れて落下し左側頭部に当たり脳挫傷により死亡したと推定される。","1","製造業","113","一般機械器具製造業","11301","機械（精密機械を除く）器具製造業","1~9","3","その他の装置等","37","用具","372","玉掛用具","4","飛来、落下"
"815","2011","平成","23","5","14~15","外国船籍のバラ積み貨物船の2番ハッチ(船倉内)にスラグを積み込む作業中、同ハッチの船首側に積み重ねていたポンツーン(中甲板)5枚(20t/枚)が滑って動き、船倉の壁と同ポンツーンの間(約1メートル)を歩いていた被災者が挟まれ死亡した。","5","貨物取扱業","502","港湾運送業","50202","港湾荷役業","30~49","2","物上げ装置、運搬機械","23","乗物","239","その他の乗物","7","はさまれ、巻き込まれ"
"816","2011","平成","23","3","4~5","午前3時頃に3tトラックで会社を出発した被災者は、市内の片側一車線を走行中、何らかの原因で中央線を越え、対向車線を走行していた2tトラックと正面衝突し、両トラックの運転手が死亡した。現場は緩いカーブで、事故発生時は小雨が降っていた。","4","運輸交通業","403","道路貨物運送業","40301","一般貨物自動車運送業","100~299","2","物上げ装置、運搬機械","22","動力運搬機","221","トラック","17","交通事故（道路）"
"817","2011","平成","23","2","6~7","2名で管制から連絡のあった事故現場に向かう途中、路肩に止まった別の事故車両を発見。パトロール車を事故車両後方に止め、矢印板2枚、ラバーコーン5個を路肩規制のため設置した直後、管制から別のパトロール車をその現場に向かわせるので、最初に指示した現場へ向かうよう指示があり、設置した物を撤収作業中に、ライトバンが突っ込んできて1名が跳ね飛ばされ死亡、1名は弾き飛ばされたラバーコーンにあたりけがをした。","17","その他の事業","1702","その他の事業","170209","その他の事業－その他","10~29","2","物上げ装置、運搬機械","23","乗物","231","乗用車、バス、バイク","17","交通事故（道路）"
"818","2011","平成","23","9","6~7","会社所在地にある寮から、会社の車で同僚を迎えに行き、会社戻る前にトラック置場へ備品を取りに行く途中、片側一車線の道路で前の車に追越をかけた際、その車が右折したため側面に衝突し、外傷性肝障害、下丈静脈損傷で死亡した。当日は特定の工事を行っておらず雑務を行う予定であった。死傷病報告を保留していたが、業務上決定された。","3","建設業","302","建築工事業","30209","その他の建築工事業","1~9","2","物上げ装置、運搬機械","23","乗物","231","乗用車、バス、バイク","17","交通事故（道路）"
"819","2011","平成","23","1","2~3","バイクで新聞を配達中、交差点を左折時にバランスを崩して用水路に転落した際に用水の汚水を飲んでしまい発熱。レジオネラ肺炎により死亡した。","8","商業","802","小売業","80205","新聞販売業","1~9","2","物上げ装置、運搬機械","23","乗物","231","乗用車、バス、バイク","17","交通事故（道路）"
"820","2011","平成","23","12","9~10","被災者は、解体工事に伴うコンクリート廃材を10tダンプで処理施設まで運搬、廃材搬入の受付をするためダンプを降りてダンプ後方に移動したところ、停車中のダンプが後退し被災者に激突、死亡したもの。ダンプ停止箇所は、下り勾配の傾斜地(約4度)であった。","15","清掃・と畜業","1501","清掃・と畜業","150102","産業廃棄物処理業","50~99","2","物上げ装置、運搬機械","22","動力運搬機","221","トラック","6","激突され"
"821","2011","平成","23","12","9~10","漁港内において、岸壁の投棄場から牡蠣殻を接岸した台船に積み込む作業を行っていたところ、被災者が海中から発見され死亡した。","4","運輸交通業","401","鉄道・軌道・水運・航空業","40102","水運業","1~9","4","仮設物、建築物、構築物等","41","仮設物、建築物、構築物等","418","建築物、構築物","10","おぼれ"
"822","2011","平成","23","12","11~12","法面防災工事から出た残土を3トントラックで仮置場に運搬中、縁石に乗り上げ横転し、歩道の街路樹、電柱等に激突し、被災したものである。","3","建設業","301","土木工事業","30199","その他の土木工事業","1~9","2","物上げ装置、運搬機械","22","動力運搬機","221","トラック","17","交通事故（道路）"
"823","2011","平成","23","12","13~14","全使撤工事と呼ばれる引込電線撤去工事に1人作業で従事していた電線補修作業員が、高さ約4.9メートルの電柱上において、安全帯がヘルメットにかかり宙づりとなり、さらにヘルメットの顎紐で頸部を圧迫し窒息死したもの。","1","製造業","116","電気・ガス・水道業","11601","電気業","100~299","3","その他の装置等","35","電気設備","351","送配電線等","1","墜落、転落"
"824","2011","平成","23","12","10~11","倉庫内に保管されている500キログラムの肉骨粉が入っているフレコンバッグを倉庫の外にあるホッパーまでフォークリフトで運ぶためフォークリフトを降りて作業中、フォーク(爪)とフレコンバッグ上部に挟まれたものである。","5","貨物取扱業","502","港湾運送業","50201","一般港湾運送業","10~29","2","物上げ装置、運搬機械","22","動力運搬機","222","フォークリフト","7","はさまれ、巻き込まれ"
"825","2011","平成","23","12","14~15","市内の仕事を終え、次の現場に向かうため、インターから高速道路に入り、ジャンクション経由で下り線を走行中、突然、対向車線から軽自動車が中央線をはみ出して正面衝突した。直後に車両から出火。運転者は助け出されたが、助手席に同乗していた被災者は、トラックに挟まってしまっていて助け出せなかった。軽乗用車に乗っていた2名も死亡。","4","運輸交通業","403","道路貨物運送業","40301","一般貨物自動車運送業","10~29","2","物上げ装置、運搬機械","23","乗物","231","乗用車、バス、バイク","17","交通事故（道路）"
"826","2011","平成","23","12","18~19","ごみ焼却施設の焼却炉内で、焼却炉内の散気管に付着したクリンカ(灰などの塊)の除去作業中、壁面のクリンカ塊が落下したことにより、被災者Aが死亡し、被災者Bが負傷(第5頸椎剥離骨折)したもの。","3","建設業","303","その他の建設業","30302","機械器具設置工事業","1~9","5","物質、材料","52","材料","529","その他の材料","90","その他"
"827","2011","平成","23","11","10~11","建屋のスレート屋根の修理中に、被災者がスレート屋根を踏み抜いて約15m下の鉄板上に墜落した。搬送先の病院にて死亡となった。","3","建設業","302","建築工事業","30209","その他の建築工事業","1~9","4","仮設物、建築物、構築物等","41","仮設物、建築物、構築物等","415","屋根、はり、もや、けた、合掌","1","墜落、転落"
"828","2011","平成","23","10","14~15","トンネル舗装工事現場において、転圧作業を行っていたタイヤローラが、砕石を運搬してきたダンプトラックを通すため、後進で進路を変えた際、付近でトンネル床盤端をスコップで砕石のならし作業をしていた労働者を轢いたもの。","3","建設業","301","土木工事業","30106","道路建設工事業","1~9","1","動力機械","14","建設機械等","144","締固め用機械","7","はさまれ、巻き込まれ"
"829","2011","平成","23","10","9~10","設備の搬出、運搬のため、フォークリフト(最大荷重1.5トン)を運転していた被災者は、運転席を離れてマストとヘッドガードの間で何らかの作業をしていたところ、リフトレバー(フォークを上昇、下降させるレバー)及びティルトレバー(マストを傾斜させるレバー)に誤って触れ、マストが上昇及び運転席側への傾斜をしたため、マスト上部の横架材とヘッドガード前部フレームとの間に頭部を挟まれ、被災した。","5","貨物取扱業","501","陸上貨物取扱業","50101","陸上貨物取扱業","1~9","2","物上げ装置、運搬機械","22","動力運搬機","222","フォークリフト","7","はさまれ、巻き込まれ"
"830","2011","平成","23","9","9~10","被災者は、現場入口確認のためトラック(積載荷重15t)を停めトラック前方を歩いていたところ、無人のトラックが動き出し被災者に激突、被災者は死亡したもの。","4","運輸交通業","403","道路貨物運送業","40301","一般貨物自動車運送業","100~299","2","物上げ装置、運搬機械","22","動力運搬機","221","トラック","6","激突され"
"831","2011","平成","23","9","1~2","路上をタクシーでゆっくり走行していたところ、通りかかった男に呼び止められ声を掛けられ窓を開けたらボンネットを叩いたり蹴ったので窓を閉めたが、男がドアを開け、車から引きづり降ろされ殴られる等の暴行を受け被災したもの。","4","運輸交通業","402","道路旅客運送業","40201","ハイヤー・タクシー業","50~99","9","その他","91","その他の起因物","911","その他の起因物","90","その他"
"832","2011","平成","23","9","16~17","大学構内において、施設の巡回業務中に行方不明となっていた被災者が、構内に敷設されている角型集水桝(開口部50センチメートル×50センチメートル×深さ140センチメートル)内に頭から落ちた状態で、溺死しているところを発見されたもの。","12","教育・研究業","1201","教育・研究業","120109","その他の教育研究業","100~299","7","環境等","71","環境等","713","水","10","おぼれ"
"833","2011","平成","23","8","10~11","厚板工場に設置している天井クレーンの点検台上で、走行トロリー線から火花が出るとの連絡を受けて、目視による点検作業を行っていたところ、感電した。点検台上で倒れている被災者を、クレーン運転者との打ち合わせを終えて被災者に作業指示を行おうとした作業指揮者が発見し、救急車にて病院に搬送したが、死亡した。","1","製造業","110","鉄鋼業","11001","製鉄・製鋼・圧延業","300~499","2","物上げ装置、運搬機械","21","動力クレーン等","211","クレーン","13","感電"
"834","2011","平成","23","8","9~10","構内の3号ドック内に入渠していた自動車運搬船のボートダビットの定期検査のため、被災者とチームリーダーがプラットホームにいたところ、ボートダビットのアームが倒れて、近くにいた被災者が42m下のドック底に転落した。","17","その他の事業","1702","その他の事業","170209","その他の事業－その他","50~99","2","物上げ装置、運搬機械","21","動力クレーン等","219","その他の動力クレーン等","1","墜落、転落"
"835","2011","平成","23","7","13~14","豪雨災害関連復旧工事において、崩れた土砂をドラグ・ショベルにて掘削しながら整形作業を行っていた。災害発生時、上部から掘削した土砂が下部へ溜まっており、その溜まった箇所においてドラグ・ショベルで周りを掘削していたところ、その溜まった箇所の一部が崩れ、ドラグ・ショベルがバランスを崩し、咄嗟に運転席から飛び降りた運転手のところにドラグ・ショベルが転倒し、挟まれ死亡した。","3","建設業","301","土木工事業","30199","その他の土木工事業","1~9","1","動力機械","14","建設機械等","142","掘削用機械","2","転倒"
"836","2011","平成","23","6","7~8","踏切内で下り電車と衝突したもの。","4","運輸交通業","403","道路貨物運送業","40301","一般貨物自動車運送業","100~299","2","物上げ装置、運搬機械","22","動力運搬機","221","トラック","17","交通事故（道路）"
"837","2011","平成","23","6","6~7","セミトレーラーの運転手が配送先工場内で荷ほどき中、頭部がセミトレーラーの荷台から落下した鋼管の下敷きとなり死亡したもの。","4","運輸交通業","403","道路貨物運送業","40301","一般貨物自動車運送業","10~29","6","荷","61","荷","611","荷姿の物","4","飛来、落下"
"838","2011","平成","23","6","22~23","被災者が建造ドッグにて建造中のブロックの取り付け作業を終え、協力会社の共有事務所内のロッカー室に帰る途中、工事中の水路に転落したもの。","1","製造業","115","輸送用機械等製造業","11501","造船業","50~99","4","仮設物、建築物、構築物等","41","仮設物、建築物、構築物等","417","通路","10","おぼれ"
"839","2011","平成","23","6","9~10","鳥獣対策機器メーカーの営業マンである被災者が、糞害による鳩の駆除対策工事の見積り作業中、当該施工場所である運送会社の倉庫の屋根を歩行中、採光用樹脂製の板を踏抜き、約9.5メートル転落し死亡した。当該倉庫は鉄骨平屋で屋根、壁共にスレート製である。","8","商業","804","その他の商業","80409","その他の商業－その他","1~9","4","仮設物、建築物、構築物等","41","仮設物、建築物、構築物等","415","屋根、はり、もや、けた、合掌","1","墜落、転落"
"840","2011","平成","23","5","9~10","橋梁の下部工事において元請店社の現場管理者が土止め支保工(鋼矢板)の腹おこし部分を通行中、6m下の橋台の底版に墜落したもの。","3","建設業","301","土木工事業","30105","橋梁建設工事業","30~49","4","仮設物、建築物、構築物等","41","仮設物、建築物、構築物等","412","支保工","1","墜落、転落"
"841","2011","平成","23","5","13~14","修繕中のコンテナ船の船首において、甲板に設置されているハッチの内面に取っ手をつけるため、ハッチに入ってアーク溶接作業を行った際、下部の船倉が爆発し、上空に吹き飛ばされ、隣接する船倉の底に落下し死亡した。","1","製造業","115","輸送用機械等製造業","11501","造船業","1~9","5","物質、材料","51","危険物、有害物等","512","引火性の物","14","爆発"
"842","2011","平成","23","4","14~15","河川改良工事(総延長15m、高さ約1.8m、河川両岸のブロック壁設置)において、バックホー(総質量3.24t、バケット容量0.09)を使用して、コンクリートホッパー(容量0.3m3)をワイヤ吊りし、河床へ下ろしていたところバックホーが転落し、河床にいた満15歳の労働者の背部にアームが激突、下敷きになり死亡したもの。","3","建設業","301","土木工事業","30107","河川土木工事業","1~9","1","動力機械","14","建設機械等","141","整地・運搬・積込み用機械","4","飛来、落下"
"843","2011","平成","23","4","23~24","空港にて荷降ろしが完了し、支店より帰庫指示後、連絡が取れなくなり、捜索したところ、高速自動車道パーキング(下り)内で、車内のベッドに横になった状態で死亡していたところを発見された。","4","運輸交通業","403","道路貨物運送業","40301","一般貨物自動車運送業","10~29","9","その他","92","起因物なし","921","起因物なし","90","その他"
"844","2011","平成","23","2","10~11","製鋼原料とするため金属スクラップ(鋼材)のガス溶断作業を行っていたところ、当該鋼材の一部が倒れ、下敷きとなったもの。","1","製造業","110","鉄鋼業","11009","その他の鉄鋼業","50~99","5","物質、材料","52","材料","521","金属材料","6","激突され"
"845","2011","平成","23","2","6~7","機関長が、フェリー(総トン数:120トン)の運航準備中に、機関室にあるエンジンの横のシャフトのカップリングに、被災者である船長が着ていた防寒着のフードが巻き込まれた状態で発見した。船長を病院に搬送して治療をしていたが、死亡した。なお、事業場によると、被災者の船長は一人商店で、労働者ではないとの答弁をしており、労働者性も含めての調査となる。","4","運輸交通業","401","鉄道・軌道・水運・航空業","40102","水運業","10~29","1","動力機械","12","動力伝導機構","121","動力伝導機構","7","はさまれ、巻き込まれ"
"846","2011","平成","23","1","15~16","タクシー運転手が、ドライビングスクールの教習生の送迎準備として、スクールの玄関南東側に停車していた送迎車(15人乗り、軽油、MT)のエンジンを始動したところ、送迎車が前進にてスクール敷地外まで走行し、公道である歩車道間の街路樹に送迎車の運転席側ドアが衝突、当該ドアと送迎車右側Bピラーに胸部を挟まれ、翌日死亡したもの。","4","運輸交通業","402","道路旅客運送業","40201","ハイヤー・タクシー業","30~49","2","物上げ装置、運搬機械","23","乗物","231","乗用車、バス、バイク","7","はさまれ、巻き込まれ"
"847","2011","平成","23","1","7~8","被災者は出勤時に社員駐車場内を走行していたところ、駐車する為に駐車場内を北進して東向きに右折しようとしていた普通乗用車と被災者が接触し、転倒して被災した。","1","製造業","115","輸送用機械等製造業","11502","自動車・同付属品製造業","300~499","2","物上げ装置、運搬機械","23","乗物","231","乗用車、バス、バイク","6","激突され"
"848","2011","平成","23","1","16~17","荷をトラックで運送中、横転して10m程路面を滑り、ガードレールの支柱に激突し、頭蓋骨骨折により死亡した。","4","運輸交通業","403","道路貨物運送業","40301","一般貨物自動車運送業","100~299","2","物上げ装置、運搬機械","22","動力運搬機","221","トラック","17","交通事故（道路）"
"849","2011","平成","23","1","7~8","労働者4名で会社のワンボックスカーで、工事現場から別の工事現場に移動していたところ、道路上の緩やかな右カーブにさしかかった場所で車が横転した。後部座席に座っていた労働者1名が死亡、運転手他同乗者3名が軽傷を負ったもの。","3","建設業","301","土木工事業","30199","その他の土木工事業","1~9","2","物上げ装置、運搬機械","23","乗物","231","乗用車、バス、バイク","17","交通事故（道路）"
"850","2011","平成","23","11","15~16","第二塩ビモノマープラントのオキシ工程の不具合のため、プラントを全停止し、液処理作業中、塩化水素ガス漏れが発生し、その後爆発・火災が発生し、作業員1名の安否確認ができなかった。鎮火状態となったため捜索した結果、死亡している被災者を発見した。","1","製造業","108","化学工業","10801","無機・有機化学工業製品製造業","300~499","3","その他の装置等","32","化学設備","321","化学設備","14","爆発"
"851","2011","平成","23","11","4~5","4直3交替に勤務する被災者は、一人体制の1直勤務(0時~8時20分)に就いていたが、午前4時30分の定時連絡後、午前7時30分に連絡が取れなかったため行方を探していた。午前9時頃、出勤してきた労働者が、工場に隣接する水路内でうずくまっている被災者を発見した。すぐに救急搬送するも、11月8日午前2時22分、頭蓋骨骨折、急性硬膜下血腫急性硬膜外血腫、脳挫傷により死亡した。","2","鉱業","203","その他の鉱業","20309","その他の鉱業－その他","50~99","4","仮設物、建築物、構築物等","41","仮設物、建築物、構築物等","418","建築物、構築物","1","墜落、転落"
"852","2011","平成","23","10","10~11","道路を走行していた軽トラックが、同道路沿いの工事現場にバックで入ろうとしていた大型トラックに追突したもの。軽トラックを運転していた運転手が重体、助手席に乗っていた同僚が死亡したもの。","3","建設業","301","土木工事業","30199","その他の土木工事業","1~9","2","物上げ装置、運搬機械","22","動力運搬機","221","トラック","17","交通事故（道路）"
"853","2011","平成","23","10","11~12","ゴルフ場のグリーンの整備を行う作業用機械(バロネス管理機(重量820キログラム))を運転していたと思われる被災者が、ゴルフ場の作業用機械駐車場の奥にある法面(高さ3.2m)の下で、同機械の下敷きになっているのが発見されたもの。","14","接客娯楽業","1403","その他の接客娯楽業","140301","ゴルフ場","30~49","1","動力機械","16","一般動力機械","169","その他の一般動力機械","1","墜落、転落"
"854","2011","平成","23","9","13~14","納品先の敷地内で、納品の為に軽トラック運転中、隣車線に停まっていたフォークリフトに積まれていた鋼材(長さ750センチメートル、幅20センチメートル、厚さ約3センチメートルを18枚)に衝突、頭部外傷により死亡したもの。","1","製造業","101","食料品製造業","10109","その他の食料品製造業","1~9","2","物上げ装置、運搬機械","22","動力運搬機","221","トラック","3","激突"
"855","2011","平成","23","9","13~14","走行中、被災者が運転する自家用車がセンターラインをはみ出し、対向車線から走行してきたダンプトラックに激突し、死亡したもの。","8","商業","802","小売業","80209","その他の小売業","10~29","2","物上げ装置、運搬機械","22","動力運搬機","221","トラック","17","交通事故（道路）"
"856","2011","平成","23","6","11~12","竹林の整備作業に従事していた被災者は、気分が悪くなり現場で休息をとっていた。被災者の症状に改善がみられないため、病院に搬送したがその途中で意識不明となった。その後、熱中症と診断された被災者は、亡くなるまで意識が回復することはなかった。","6","農林業","602","林業","60209","その他の林業","30~49","7","環境等","71","環境等","715","高温・低温環境","11","高温・低温の物との接触"
"857","2011","平成","23","6","10~11","木造家屋新築工事において2階床で作業中、開口部から誤って3メートル下の1階床に転落した。","3","建設業","302","建築工事業","30202","木造家屋建築工事業","1~9","4","仮設物、建築物、構築物等","41","仮設物、建築物、構築物等","414","開口部","1","墜落、転落"
"858","2011","平成","23","4","2~3","被災者が交差点で信号待ちのため停車していたところ、後ろから居眠運転と思われる大型車両に追突されたもの。被災者はパイプを運送するため、4トントラックを運転していた。","4","運輸交通業","403","道路貨物運送業","40301","一般貨物自動車運送業","1~9","2","物上げ装置、運搬機械","22","動力運搬機","221","トラック","17","交通事故（道路）"
"859","2011","平成","23","4","3~4","走行中、被災者が運転する2トントラックがセンターラインをはみ出し、対向車線から走行してきたユニック車に激突し、横転したもの。救急車により搬送中に死亡したもの。","4","運輸交通業","403","道路貨物運送業","40302","特定貨物自動車運送業","10~29","2","物上げ装置、運搬機械","22","動力運搬機","221","トラック","17","交通事故（道路）"
"860","2011","平成","23","3","13~14","荷卸・積込作業を行っていたが、午後の連絡で手足がしびれると訴えがあり、救急車を手配して病院に搬送された。脳幹部出血を起こしており、翌日死去した。","4","運輸交通業","403","道路貨物運送業","40301","一般貨物自動車運送業","50~99","9","その他","91","その他の起因物","911","その他の起因物","90","その他"
"861","2011","平成","23","3","13~14","汚水処理場の建設現場において、被災者は躯体上部の片付け作業を行っていた。地下に多数の貯水槽があることから、躯体上部には多数の穴が存在し、それらはベニヤ板等を使って塞がれていたが、何らかの理由で蓋がずれ、被災者が貯水槽(深さ約6m)内に墜落し、死亡したもの。","3","建設業","301","土木工事業","30199","その他の土木工事業","1~9","4","仮設物、建築物、構築物等","41","仮設物、建築物、構築物等","418","建築物、構築物","1","墜落、転落"
"862","2011","平成","23","2","9~10","乾船渠の水密性扉(扉船)の浮き具合が悪くなったため、扉の空気槽への海水の漏水状況を確認するため槽内に入槽していた被災者が、槽内に漏水し滞留した海水中に落下し溺死したもの。","1","製造業","115","輸送用機械等製造業","11501","造船業","10~29","7","環境等","71","環境等","714","異常環境等","12","有害物等との接触"
"863","2011","平成","23","1","15~16","パーライト工場において、バケットエレベーター補修のため昇降路の腐食穴を塞ぐため鉄板で当板を行い周囲をアーク溶接作業中、衣服が燃え上がり、膝下から頭部まで重症熱傷を負い、翌日死亡した。","3","建設業","303","その他の建設業","30302","機械器具設置工事業","1~9","3","その他の装置等","33","溶接装置","332","アーク溶接装置","11","高温・低温の物との接触"
"864","2011","平成","23","7","2~3","当日は、早朝から出勤。夜にうなぎの配達を終了し、午後10時頃帰宅した。その後、風呂、食事を済ませ、午後11時過ぎに就寝した。翌朝の午前5時に起床する予定で目覚まし時計をセット。午前5時に目覚まし時計が鳴ったが鳴りやまないので、家族が被災者の元に行ったところ、既に死亡していた。","8","商業","802","小売業","80209","その他の小売業","不明","9","その他","92","起因物なし","921","起因物なし","90","その他"
"865","2011","平成","23","11","10~11","機械集材装置を用いた伐採木の搬出作業中、荷上索に伐倒木が引っかかった状態で搬器を移動させたところ、荷上索に張力がかかり、伐倒木が立ち上がった後、斜面を滑り落ち、下方で作業していたプロセッサの運転席上部を直撃した。プロセッサの運転をしていた被災者は運転席上部が潰れたことにより頭部を強打し、入院加療したが、死亡した。","6","農林業","602","林業","60201","木材伐出業","1~9","2","物上げ装置、運搬機械","21","動力クレーン等","217","機械集材装置、運材索道","4","飛来、落下"
"866","2011","平成","23","11","14~15","わかめ加工を行う工場内において、清掃片付け作業に従事していた被災者が、高さ約2.8メートルの中二階の片付け作業を行うに当たり、自らフォークリフトを運転し、同フォークリフトのマストを昇降設備として使用して、降りていたところ、マスト操作レバーを作動させてしまい、マストとヘッドガードの間に挟まれ、死亡したもの。","1","製造業","101","食料品製造業","10102","水産食料品製造業","1~9","2","物上げ装置、運搬機械","22","動力運搬機","222","フォークリフト","7","はさまれ、巻き込まれ"
"867","2011","平成","23","7","10~11","架線の索張りのための支障木伐採作業中、無線に応答しない被災者の姿が見えないことから、同僚が被災者の作業場付近を確認したところ、うつ伏せで伐倒木の下敷きになっている労働者を発見した。(かかり木処理で立木(かかられた木)をチェーンソーで伐倒しようとしたところ、木が切断箇所から上方に剥がれるように裂けて倒れ、被災者の頭部に当たったものと推定)","6","農林業","602","林業","60201","木材伐出業","1~9","7","環境等","71","環境等","712","立木等","6","激突され"
"868","2011","平成","23","5","17~18","軌道上の台車(約950キロ)に荷(4トン+7トン)を積み、4人で人力にて押していたところ、荷が前方に崩壊した反動により、台車が後部を浮き上がらせた状態で逆送し、台車後部にて荷を押していた被災者に激突したもの。台車は約6メートル程度逆送した後、台車の後部車軸を被災者の胸部に乗り上げた状態で停止した。また、被災者救出の際、同僚1人が腰痛を発症した。","1","製造業","113","一般機械器具製造業","11301","機械（精密機械を除く）器具製造業","50~99","2","物上げ装置、運搬機械","22","動力運搬機","223","軌道装置","6","激突され"
"869","2011","平成","23","4","10~11","河川の砂防工事現場で、竣工写真を撮影等の業務に従事した被災者が、布団籠設置状況が見下ろせる堤防上(高さ約4.3m)で写真撮影後、法面下部で布団籠の埋め戻しのため土砂の運搬を行うため後進してきた2tトラックの左後輪に上半身を頭部から敷かれ心臓破裂により死亡したもの。(写真データ記録時刻、緊急電話記録、同僚の直前の目撃情報より傾斜約36度の斜面を転落したとき轢かれたと推定)","3","建設業","301","土木工事業","30199","その他の土木工事業","10~29","7","環境等","71","環境等","711","地山、岩石","1","墜落、転落"
"870","2011","平成","23","3","5~6","配達先から新聞が届かないとの連絡を受け、同僚が探していたところ、道路脇の用水路(道路から路床まで約1.5m、水路幅約1.5m)に、ミニバイクにまたがった状態で倒れている被災者を発見、約1時間半後に搬送先の病院で死亡が確認された。","8","商業","802","小売業","80205","新聞販売業","1~9","2","物上げ装置、運搬機械","23","乗物","231","乗用車、バス、バイク","17","交通事故（道路）"
"871","2011","平成","23","2","14~15","崩落箇所の補修工事において、被災者はロリップ安全帯を使用してモリタル吹き付け作業に従事していた。原料が切れたため吹き付け機の操作を行っていた者が、約30分かけて原料の補充を行い、作業場所の上に戻るに被災者の姿が見えず、辺りを見たところ崖下の川に浮いている被災者を発見した。作業場上部の道路上には被災者の安全帯とロリップが別々に置かれていた。","3","建設業","301","土木工事業","30106","道路建設工事業","1~9","9","その他","92","起因物なし","921","起因物なし","1","墜落、転落"
"872","2011","平成","23","2","4~5","朝刊配達先直前の急勾配な右カーブをバイクで走行中、坂道を登りきれず、坂の途中からバイクとともに後退しながら坂下のコーナーに架かる橋から谷川へ約3.5m落ちた。","8","商業","802","小売業","80205","新聞販売業","10~29","2","物上げ装置、運搬機械","23","乗物","231","乗用車、バス、バイク","17","交通事故（道路）"
"873","2011","平成","23","8","18~19","ドック内の自動車運搬船にあるウォーターバラストタンク内で、当日の作業を終了した被災者が、船外へ向かうため作業場所を出て船内を通行中、通路上の送風機に接触し、送風機が漏電していたため感電死したもの。","1","製造業","115","輸送用機械等製造業","11501","造船業","300~499","3","その他の装置等","39","その他の装置、設備","391","その他の装置、設備","13","感電"
"874","2011","平成","23","8","16~17","加工工場にあるショットブラストのショット玉を運搬するベルトが切断したので、被災者は修理の段取りを行うため、ショットブラスト本体下部のカバーを開ける作業をピット内で行っていた。被災者が電動グラインダーでカバー横のナットを1本切断した後、2本目を切断しようと歯を交換しグラインダーを左手に持ったところ、グラインダー本体が漏電していたため感電し、死亡したもの。","1","製造業","115","輸送用機械等製造業","11501","造船業","10~29","1","動力機械","15","金属加工用機械","153","研削盤、バフ盤","13","感電"
"875","2011","平成","23","8","10~11","工場内のブロックマシンのパレットフィード部分(鉄板を押し出す部分)において、コンクリートブロックの型枠の下に敷く鉄板が詰まり、鉄板が送られてこなかったので、パレットフィードが停止したことに気付いた被災者が、パレットフィードの下部に潜り込んで、詰まった鉄板を取り除いたところ、パレットフィードが作動し、被災者の頭部に激突し、頭部がパレットフィードとフレームの間にはさまれ、死亡したもの。","1","製造業","109","窯業土石製品製造業","10901","セメント・同製品製造業","1~9","1","動力機械","16","一般動力機械","169","その他の一般動力機械","7","はさまれ、巻き込まれ"
"876","2011","平成","23","7","13~14","被災者は、一人で定格荷重4.8tの床上操作式クレーンを使用して、鋼板(縦2.5m、横2.1m、厚さ17ミリメートル、1枚の重量410キログラム)2枚を重ねた状態でハッカーにより2点吊りの状態でつり上げて移動中に、落下した鋼板が足に当たり、転倒した際に保護帽が横に置かれた鉄材に当たり脱げ、床で頭部を強打したものと推定され、同日死亡したもの。","1","製造業","115","輸送用機械等製造業","11501","造船業","100~299","5","物質、材料","52","材料","521","金属材料","2","転倒"
"877","2011","平成","23","4","10~11","生コンプラントにおいて、ミキサー内部に付着したコンクリートをミキサー開口部側から削岩機を使用して除去する作業を行っていたところ、ミキサーの開口部が上昇しないよう固定していた木製ストッパーが折れ、その反動でミキサー開口部が上昇して、ミキサーと投入ホッパーの間に顔面をはさまれ、出血性ショックにより死亡したもの。","1","製造業","112","金属製品製造業","11209","その他の金属製品製造業","1~9","1","動力機械","16","一般動力機械","162","混合機、粉砕機","7","はさまれ、巻き込まれ"
"878","2011","平成","23","4","10~11","インターネットの光回線をアパートの1室に引き込むため、被災者が電柱に上がりワイヤー固定用の金具を取り付けた後、一旦地上に降りようとして、高さ4.64メートルから地上に墜落し、病院に搬送されたが死亡したもの。","3","建設業","303","その他の建設業","30301","電気通信工事業","1~9","4","仮設物、建築物、構築物等","41","仮設物、建築物、構築物等","418","建築物、構築物","1","墜落、転落"
"879","2011","平成","23","3","18~19","工場において11トントラックに荷物を積み込みしたが、荷主より移動を命ぜられたので近くの道路に移動して荷物の確認を行った。その後、通行人が停車している11トントラック左側面のウイング扉に被災者がはさまれた状態でいるのを発見し、病院に搬送されたが死亡したもの。","4","運輸交通業","403","道路貨物運送業","40301","一般貨物自動車運送業","10~29","2","物上げ装置、運搬機械","22","動力運搬機","221","トラック","7","はさまれ、巻き込まれ"
"880","2011","平成","23","1","6~7","夜間工事が終了し、工事現場から軽トラックで、帰社する途中、信号のある交差点を東から西に直進中、北から南に進行してきた乗用車と衝突し、運転していた被災者が3時間後に死亡し、加害者、同乗していた同僚が軽傷を負ったもの。","3","建設業","302","建築工事業","30209","その他の建築工事業","30~49","2","物上げ装置、運搬機械","23","乗物","231","乗用車、バス、バイク","17","交通事故（道路）"
"881","2011","平成","23","1","15~16","被災者は、充電を終えたリーチフォークリフトを運転し、工場内の通路をバックで走行していたところ、充電箇所から約15mの通路上でフォークリフトが仰向けに転倒し、ヘッドガードと床に首を挟まれ死亡したもの。","1","製造業","113","一般機械器具製造業","11305","その他の精密機械器具製造業","300~499","2","物上げ装置、運搬機械","22","動力運搬機","222","フォークリフト","2","転倒"
"882","2011","平成","23","1","15~16","柱を加工するプレカット加工機械(自動送給)にて、溜った木くずをエアガンにて取除こうとし、柱材を掴んで移動するアームの走行範囲に身体を入れたため、走行してきたアームと機械に挟まれ被災したものである。","1","製造業","104","木材・木製品製造業","10402","合板製造業","10~29","1","動力機械","13","木材加工用機械","139","その他の木材加工用機械","7","はさまれ、巻き込まれ"
"883","2011","平成","23","12","11~12","岸壁に係留している新造船のWBT(ウォーターバラストタンク:海水を入れて船のバランスを取るタンク)内の塗装(スプレーガンによる吹き付け)作業をしていたところ、被災者が血を流して倒れているところを同僚が発見した。被災者が使用していたスプレーガンは、高さ約2.6mの位置にある船舶構造物(奥行約60センチメートルの作業床)に置かれていた。目撃者はいない。","1","製造業","115","輸送用機械等製造業","11501","造船業","30~49","4","仮設物、建築物、構築物等","41","仮設物、建築物、構築物等","418","建築物、構築物","1","墜落、転落"
"884","2011","平成","23","8","12~13","被災者は、事業場から離れた場所にある田において、1人でベーラと呼ばれる農業機械を運転して、稲わらロールを作製する作業を行っていた。事業主が被災者に作業状況を確認するも、応答がないため、事業主が被災者の作業場所である田に行ったところ、ベーラの機械内部に右腕を挟まれている被災者を発見した。この時、被災者の意識は無く、すぐに病院に搬送したが死亡が確認された。","7","畜産・水産業","701","畜産業","70101","畜産業","1~9","1","動力機械","16","一般動力機械","169","その他の一般動力機械","7","はさまれ、巻き込まれ"
"885","2011","平成","23","8","9~10","被災者が松の枯れ木(樹高約20m、胸高直径約33センチメートル)を、地面から約30センチメートルの箇所で伐倒したところ、かかり木となったため、さらにその上部をチェーンソーで切ったところ、切った部分より上部が3本に折れ、その先端の部分(長さ約3m、直径約15~19センチメートル)が被災者の背中の上に落下し、出血性ショックで死亡した。","6","農林業","602","林業","60209","その他の林業","100~299","7","環境等","71","環境等","712","立木等","4","飛来、落下"
"886","2011","平成","23","8","14~15","軽トラック(事業場所有)でガードレールのない作業道(幅2.5m)を走行中、運転操作を誤り、作業道から17メートル転落し、助手席の同乗者が車外に投げ出され死亡、運転者が被災したものである。","6","農林業","602","林業","60209","その他の林業","10~29","2","物上げ装置、運搬機械","22","動力運搬機","221","トラック","17","交通事故（道路）"
"887","2011","平成","23","7","16~17","法面の落石防護工事でモルタル吹付の前に、法面の草木浮石等を取り除く作業を行っていた。小規模な崩落があったため、崩壊箇所にネットを張った後法面の清掃作業を再開したところ、作業場所の上部(高さ約27m地点)から広範囲にわたり崩落が発生し、被災者が崩落した土石に巻き込まれたもの。被災者は約2時間半後に発見されたが既に死亡していた。","3","建設業","301","土木工事業","30199","その他の土木工事業","1~9","7","環境等","71","環境等","711","地山、岩石","5","崩壊、倒壊"
"888","2011","平成","23","7","14~15","砂利分別プラント(山から採取した土石をバラス、砂等に選別する装置)のホッパー(山から採取した土石を投入する箇所)下部に設置されているベルトコンベヤにおいて、ベルトとローラー(回転軸)の間に身体が挟まれた。","1","製造業","109","窯業土石製品製造業","10909","その他の土石製品製造業","1~9","2","物上げ装置、運搬機械","22","動力運搬機","224","コンベア","7","はさまれ、巻き込まれ"
"889","2011","平成","23","6","6~7","雨の中を会社所有の2トントラックで移動中、高速自動車道下り線において、トラックがスリップし中央分離帯に激突し横転した。助手席に乗っていた被災者が死亡、外2名が負傷したもの。","3","建設業","302","建築工事業","30201","鉄骨・鉄筋コンクリート造家屋建築工事業","1~9","2","物上げ装置、運搬機械","22","動力運搬機","221","トラック","17","交通事故（道路）"
"890","2011","平成","23","6","15~16","道路拡張工事のため、立木の伐倒作業を3名で行っていた。高さ22.4mの椎の木をチェーンソーで伐倒するため、チェーンソーで受け口を作り、チェーンソーを引き抜こうとしたところ、チェーンソーの歯が受け口部分に挟まり抜けなくなった。そのため、被災者にチェーンソーを保持させて、別のチェーンソーで伐倒したところ、椎の木がバウンドして根元部分が山側に流れ、被災者が椎の木の下敷きになって死亡した。","3","建設業","301","土木工事業","30106","道路建設工事業","1~9","7","環境等","71","環境等","712","立木等","4","飛来、落下"
"891","2011","平成","23","4","4~5","被災者は、当該事業場が所有する50ccバイクを使用して、配達を終え、担当最後の災害発生場所付近の2件の新聞配達先に向かっていたところ、バイクごと道脇の水路に転落した。散歩していた付近住民が、水路内に倒れている被災者を発見し、その後、病院に搬送され死亡が確認された。","8","商業","802","小売業","80205","新聞販売業","30~49","2","物上げ装置、運搬機械","23","乗物","231","乗用車、バス、バイク","17","交通事故（道路）"
"892","2011","平成","23","3","13~14","災害発生事業場は、船舶用の揚貨装置を製造する工場である。被災者が、工場内で船舶用揚貨装置の回転台となる部品の鉄板を加工するために、当該鉄板を反転させようと工場に設置された片脚橋形クレーン(つり上げ荷重推定5トン)でつり上げていたところ、吊り具であるつりチェーンが外れて、鉄板が被災者の上に落下して死亡したもの。当初取り付けられていたつりチェーンのフックの外れ止めは、取り付けられていなかった。","1","製造業","113","一般機械器具製造業","11301","機械（精密機械を除く）器具製造業","50~99","3","その他の装置等","37","用具","372","玉掛用具","4","飛来、落下"
"893","2011","平成","23","2","9~10","解体する自動車の残存ガソリンを抜くため、フォークリフトで車体を持ち上げ、燃料タンクに穴を開けてガソリンを容器に受けて回収した後、燃料庫で容器内のガソリンを漏斗を使用してドラム缶へ移し替えていたところ、火災が発生して被災したもの。災害発生後、病院にて加療中、死亡した。","8","商業","801","卸売業","80109","その他の卸売業","1~9","5","物質、材料","51","危険物、有害物等","512","引火性の物","16","火災"
"894","2011","平成","23","2","10~11","ゴルフ場コースの風通しをよくする目的で脚立に上り、9番ホール左側の黒松の枝をチェンソーを使用して切断作業中、切断した枝が乗っていた脚立に当たり脚立が転倒し高さ約3.5メートルから墜落したもの。","14","接客娯楽業","1403","その他の接客娯楽業","140301","ゴルフ場","10~29","3","その他の装置等","37","用具","371","はしご等","1","墜落、転落"
"895","2011","平成","23","1","9~10","スクラップ材を積載した鉄製箱(長さ2.5m、幅1.1m、高さ0.7m、重量410キログラム)の4点にチェーンを玉掛けし、橋形クレーンにて吊り上げ、トラック荷台に下ろした後、玉掛け位置を鉄製箱の片側の脚2点に変更し、鉄製箱を立たせた状態で吊り上げ、スクラップを荷台に投入した。その後、鉄製箱を立たせた状態のまま、地上に下ろした後、鉄製箱が転倒し、クレーン操作者が下敷きになった。","1","製造業","115","輸送用機械等製造業","11501","造船業","300~499","3","その他の装置等","37","用具","372","玉掛用具","5","崩壊、倒壊"
"896","2011","平成","23","5","17~18","被災者が、民家(一戸建て住宅)のテレビアンテナの調整作業のため、1階の屋根から2階の屋根に脚立を架けて上っていたところ、脚立と共に1階の屋根からアスファルト道路上に墜落した。","8","商業","802","小売業","80209","その他の小売業","不明","3","その他の装置等","37","用具","371","はしご等","1","墜落、転落"
"897","2011","平成","23","10","14~15","林業用作業道開設工事において先行伐採を行っていたところ、支障木(40年生の椎(シイ))を伐倒する際、複数に分かれた幹が上方で癒着していたため、同僚も加わり二本の幹に受口を取り追い口に楔(クサビ)を入れていた時、幹が同時に倒れ始めたが、途中でそのうちの1本の倒れる方向が変わったために伐倒作業を行った作業員が下敷きとなった。","3","建設業","301","土木工事業","30106","道路建設工事業","10~29","7","環境等","71","環境等","712","立木等","6","激突され"
"898","2011","平成","23","10","15~16","林道の開設工事において、被災者が地山斜面上部の幅40~60センチメートルの小道を移動中、バランスを崩し約14m下の作業道上に転落した。地山斜面は先行伐採が完了していたが、掘削前の状態であり、斜面のこう配は62~72度であった。(被災から14時間半後、出血性ショックにより死亡した。)","3","建設業","301","土木工事業","30106","道路建設工事業","10~29","7","環境等","71","環境等","711","地山、岩石","1","墜落、転落"
"899","2011","平成","23","7","13~14","廃業した養豚場の飼料サイロ(FRP製、高さ5.2m)を解体する作業中、サイロの鋼製支柱を溶断した後、サイロを倒すために被災者がサイロの下部で溶断後の支柱をハンマーで叩いたところ、サイロが倒れ、当該サイロの下敷きになったもの。","3","建設業","303","その他の建設業","30309","その他の建設業－その他","1~9","4","仮設物、建築物、構築物等","41","仮設物、建築物、構築物等","418","建築物、構築物","5","崩壊、倒壊"
"900","2011","平成","23","6","14~15","地上デジタル対応テレビ及びアンテナの設置工事のため、被災者及び設置業者が2階にある事務室の窓から車庫のスレート屋根に出て、さらに事務所の屋上に上がってアンテナの設置作業を行なっていた。設置業者が事務所内にあるテレビの映り具合を確認していたとき、被災者が車庫のスレート屋根の一部である厚さ1.75ミリメートルのプラスチック材(明かり窓)を踏み抜き、約5.5メートルの高さからコンクリート床に墜落した。","4","運輸交通業","402","道路旅客運送業","40201","ハイヤー・タクシー業","30~49","4","仮設物、建築物、構築物等","41","仮設物、建築物、構築物等","415","屋根、はり、もや、けた、合掌","1","墜落、転落"
"901","2011","平成","23","4","16~17","自社の資材置き場において、水上バイク(重量約265キログラム)を移動させるため、積載型トラッククレーン(つり上げ荷重2.9t)のスクラップ・グラップルに取り付けたワイヤロープを水上バイクのハンドルに掛けてつり上げ、所定の位置まで旋回させたところ、水上バイクのハンドルの根元が折れ、高さ約5mの位置から水上バイクが落下。誘導を行っていた被災者に当たり、転倒して、振動ふるい機の角に頭部をぶつけた。","15","清掃・と畜業","1501","清掃・と畜業","150102","産業廃棄物処理業","30~49","3","その他の装置等","37","用具","372","玉掛用具","4","飛来、落下"
"902","2011","平成","23","2","9~10","間伐した木材(直径14センチメートル・長さ400センチメートルの桧、約50本)を、林内作業車(フォワーダ、最大積載荷重4トン)に積載し、幅3.3mの作業道(未舗装)を走行していたところ、法肩から転落して運転していた被災者が当該車両の下敷きになった。","6","農林業","602","林業","60201","木材伐出業","10~29","2","物上げ装置、運搬機械","22","動力運搬機","229","その他の動力運搬機","1","墜落、転落"
"903","2011","平成","23","12","9~10","RC造14階建マンション新築工事において、南面7階付近の足場を解体中、足場上で2名の作業員が離合していたところ、安全帯を親綱から外した後踏み側の被災者がバランスを崩し、24m下の水路に墜落し、死亡したもの。足場上でバランスを崩し墜落した場所は、900ミリメートル幅の建枠に取り付けられていた階段を外し、その開口の一部を鋼製布板で養生していたものの、全面敷きされていない状況であった。","3","建設業","302","建築工事業","30201","鉄骨・鉄筋コンクリート造家屋建築工事業","10~29","4","仮設物、建築物、構築物等","41","仮設物、建築物、構築物等","411","足場","1","墜落、転落"
"904","2011","平成","23","12","15~16","小型移動式クレーン後部に積載されているコンクリートミキサーを洗浄作業中、稼働していたミキサーに挟まれ死亡したもの。","3","建設業","303","その他の建設業","30309","その他の建設業－その他","10~29","1","動力機械","16","一般動力機械","162","混合機、粉砕機","7","はさまれ、巻き込まれ"
"905","2011","平成","23","12","14~15","被災者が軽トラックで走行中、前方の4tトラックに追突し、その後病院に搬送され、死亡したもの。","4","運輸交通業","403","道路貨物運送業","40301","一般貨物自動車運送業","10~29","2","物上げ装置、運搬機械","22","動力運搬機","221","トラック","17","交通事故（道路）"
"906","2011","平成","23","11","21~22","3名で翌日配送する鉄筋4束(9トン)を13トン積みトラックに積み込み、被災者は、2人を帰して、荷の積み込み状態の確認作業を行っていた。翌日出勤してきた労働者が、トラック横の地面で仰向けに倒れていた被災者を発見した。","1","製造業","112","金属製品製造業","11209","その他の金属製品製造業","10~29","2","物上げ装置、運搬機械","22","動力運搬機","221","トラック","1","墜落、転落"
"907","2011","平成","23","11","4~5","被災労働者の運転する大型トラックは、信号待ちで停車していた大型トレーラーに追突した。追突された大型トレーラーは、更に前方に停車していた大型トラックに追突した。被災労働者は、1時間後に搬送先の病院で死亡が確認された。追突された大型トレーラーと大型トラックの運転者は、それぞれ軽傷を負った。","4","運輸交通業","403","道路貨物運送業","40301","一般貨物自動車運送業","10~29","2","物上げ装置、運搬機械","22","動力運搬機","221","トラック","17","交通事故（道路）"
"908","2011","平成","23","11","9~10","傭船した船舶(曳船:19トン)に航路案内のため同乗していたところ、大波を受け転覆・沈没し、船長他1名の船員とともに海上に投げ出された。救助されたが収容先の病院で死亡が確認された。同人に対する船員法の適用について、事務所宛照会中のところ、船員法の適用無し旨連絡があった。なお、船員1名についても死亡が確認された。","3","建設業","301","土木工事業","30111","港湾海岸工事業","10~29","2","物上げ装置、運搬機械","23","乗物","239","その他の乗物","18","交通事故（その他）"
"909","2011","平成","23","11","9~10","被災者は、他2名の作業者と屋外で建築用床材のFR板(コンクリート製品、12.7m×2.01m、約3.8t)の集積作業中、3枚目のFR板を積もうと、無線で橋形クレーン(つり上げ荷重10.2t)を操作しながら、位置決めを行い、FR板を巻下げようとしたところ、吊荷のFR板が被災者の方に振れて、被災者は、吊荷のFR板と背後に既に6枚積まれていたFR板との間に胴体を挟まれ負傷し、搬送先の病院にて死亡。","1","製造業","109","窯業土石製品製造業","10901","セメント・同製品製造業","1~9","2","物上げ装置、運搬機械","21","動力クレーン等","211","クレーン","7","はさまれ、巻き込まれ"
"910","2011","平成","23","9","10~11","河川堤防等維持工事にて、河口から上流へ約8キロメートル付近右岸にて被災者は、乗用式草刈機械(重量 約1.1トン)を操作して周囲の草刈り作業に従事していたところ、何らかの原因により上半身を同草刈機械の左キャタピラ後方から轢かれ、同日、脳挫傷等により死亡が確認されたもの。","3","建設業","301","土木工事業","30107","河川土木工事業","10~29","1","動力機械","16","一般動力機械","169","その他の一般動力機械","7","はさまれ、巻き込まれ"
"911","2011","平成","23","8","14~15","プレス機械に金型をセットするため、フォークリフトにて敷台を移動中、横に置いてあった治具(円筒形芯金:長さ2m、直径0.25m)に敷台の先端部分が接触し、これが動き、プレス機械の横に居た被災者の足に当たった。両足骨折にて療養中のところ、9月4日、容体急変し、死亡した。司法解剖によると、死因は足にできた血栓が肺に詰まったことによる肺塞栓症とされた。","1","製造業","112","金属製品製造業","11209","その他の金属製品製造業","30~49","2","物上げ装置、運搬機械","22","動力運搬機","222","フォークリフト","6","激突され"
"912","2011","平成","23","8","4~5","被災者が運転するトラックが走行中、前方を走行していた10tトレーラーに後方から追突し死亡したもの。","4","運輸交通業","403","道路貨物運送業","40301","一般貨物自動車運送業","10~29","2","物上げ装置、運搬機械","22","動力運搬機","221","トラック","17","交通事故（道路）"
"913","2011","平成","23","7","16~17","当該事業場は、R208号線を跨いで店舗があり、R208号線を横切り、店舗を移動していたところ、左折してきたワゴン車に跳ねられたもの。被災者は、横断歩道のない箇所で道路を横切っていたもの。","8","商業","802","小売業","80203","家具・建具・じゅう器小売業","30~49","2","物上げ装置、運搬機械","23","乗物","231","乗用車、バス、バイク","17","交通事故（道路）"
"914","2011","平成","23","7","1~2","マンホールの点検作業のため、交差点内にカラーコーン等でバリケードを作り誘導員を配置して点検作業を行っていたところ、第三者が運転する軽乗用車がバリケード内に突っ込み、被災者が軽乗用車に轢かれて死亡したもの。","17","その他の事業","1702","その他の事業","170209","その他の事業－その他","10~29","2","物上げ装置、運搬機械","23","乗物","231","乗用車、バス、バイク","17","交通事故（道路）"
"915","2011","平成","23","7","14~15","代表者が出先より会社に戻ってきた際に、被災者が使用していたトラックがエンジンがかかったままで止まっていたが、被災者の姿が見えないので携帯に電話をしたが出なかった。被災者を探していると、事務所から約8メートル離れた資材置場に積み上げられていた角材がトラックに倒れ掛かっており、その下で被災者が「切削作業用のウマ」の上面にアゴを載せて座り込み意識を喪失していた。救急搬送されたが、同日死亡した。","3","建設業","302","建築工事業","30202","木造家屋建築工事業","1~9","5","物質、材料","52","材料","522","木材、竹材","1","墜落、転落"
"916","2011","平成","23","7","11~12","被災者は当該事業場の工場内において、建設資材の表面に加工されたシール材の剥離作業を開始した。被災者の様子がおかしくなり、心配した同僚が声をかけ、被災者を休憩室に連れて行って介抱していたところ痙攣が発症したため救急車を要請し、病院に搬送され、病院で死亡したもの。","8","商業","802","小売業","80209","その他の小売業","10~29","7","環境等","71","環境等","715","高温・低温環境","11","高温・低温の物との接触"
"917","2011","平成","23","7","9~10","10tトラックを運転して、荷を運搬途中、駐車場に車を止め、ウィング式の荷台の扉を操作中に荷台側面の扉に首を挟まれ死亡したもの。","4","運輸交通業","403","道路貨物運送業","40301","一般貨物自動車運送業","10~29","2","物上げ装置、運搬機械","22","動力運搬機","221","トラック","7","はさまれ、巻き込まれ"
"918","2011","平成","23","7","9~10","倉庫屋根の補修工事において、わく組足場材を使用した架設通路兼作業構台の最上部に上がり、資材が結び付けられたロープを妻面から引き上げていたところ、9.65m下の地上に墜落し、2日後に死亡したもの。","3","建設業","302","建築工事業","30209","その他の建築工事業","1~9","4","仮設物、建築物、構築物等","41","仮設物、建築物、構築物等","416","作業床、歩み板","1","墜落、転落"
"919","2011","平成","23","7","3~4","被災者は、配送先のコンビニエンスストアに到着し、納品伝票を店員に手渡し、納入作業を開始するため店外に出た。しばらくたって、商品が納入されないことに気がついた店員は、様子を見るため店舗横の駐車場に向かったところ、トラック前方で吐血し座り込んでいる被災者を発見した。被災者は救急搬送されたものの、後頭部骨折に伴う脳梗塞により20日後に死亡したもの。","4","運輸交通業","403","道路貨物運送業","40301","一般貨物自動車運送業","10~29","2","物上げ装置、運搬機械","22","動力運搬機","221","トラック","1","墜落、転落"
"920","2011","平成","23","7","0~1","タクシー運転手の被災者は、客を装った犯人を乗車させた。被災者は、20キロメートル程離れた、犯行現場において、犯人に左脇腹などを数カ所を刺され、売上金1万円を奪われ、失血死した。","4","運輸交通業","402","道路旅客運送業","40201","ハイヤー・タクシー業","50~99","9","その他","99","分類不能","999","分類不能","99","分類不能"
"921","2011","平成","23","7","17~18","被災者は、当該事業場倉庫において、倉庫作業(資材の整理、掃除)を終え、ふらつきながら退社しようとする被災者の姿を見た事務員が被災者に声をかけると様子がおかしいことから、救急車を要請し、病院に搬送された。その後、死亡が確認されたもの。死亡原因は熱中症と診断された。","8","商業","801","卸売業","80109","その他の卸売業","30~49","7","環境等","71","環境等","715","高温・低温環境","11","高温・低温の物との接触"
"922","2011","平成","23","7","8~9","被災者は、積み荷を運ぶ準備のため、駐車場内において、トラクタ(牽引車)とコンテナセミトレーラ(被牽引車)を連結する作業を行っていたところ、車両が前方に動き出したため、トラクタ前面を両手で押さえ止めようとしたが、支えきれずに車体下に巻き込まれ、胸腹部圧迫による窒息により死亡した。","4","運輸交通業","403","道路貨物運送業","40301","一般貨物自動車運送業","10~29","2","物上げ装置、運搬機械","22","動力運搬機","221","トラック","7","はさまれ、巻き込まれ"
"923","2011","平成","23","6","7~8","被災者ら2名は災害当日の朝、事務所に集合し、会社の車両である1.5tトラックを同僚が運転して、現場に向かった。高速自動車道を走行し、前方を走行する15tトレーラーを追越そうと追越し車線に入った。15tトレーラーの100m後方で、タイヤが滑り走行車線に入り、ハンドルを右に切ったが間に合わず、15tトレーラー後方に追突した。助手席に同乗していた被災者が死亡した。","3","建設業","302","建築工事業","30202","木造家屋建築工事業","30~49","2","物上げ装置、運搬機械","22","動力運搬機","221","トラック","17","交通事故（道路）"
"924","2011","平成","23","6","17~18","事業場建屋(ボーリング場)屋上の断熱防水工事が完了し、支配人である被災者は、その施工状況を確認するため、工事業者が設置した仮設昇降階段(クサビ式鋼管足場材によるもの)を使い、屋上に向かっていたところ、地上10.5メートル付近より転落した。目撃者はなく、昇・降の別は不明のところ、水平部材に変形があるため、この位置からの転落と推定した。仮設昇降階段の地上登り口には警戒ロープのみで立入禁止表示はない。","14","接客娯楽業","1403","その他の接客娯楽業","140309","その他の接客娯楽業－その他","10~29","4","仮設物、建築物、構築物等","41","仮設物、建築物、構築物等","411","足場","1","墜落、転落"
"925","2011","平成","23","6","9~10","被災者がNC旋盤でブラケット用ボルトの加工作業中、扉のインターロックを解除して手作業で紙やすりをかけていたところ、上半身を巻き込まれたもの。右肩から肺にかけて負傷し、搬送後、病院にて死亡。","1","製造業","112","金属製品製造業","11203","金属プレス製品製造業","30~49","1","動力機械","15","金属加工用機械","151","旋盤","7","はさまれ、巻き込まれ"
"926","2011","平成","23","6","17~18","バイク展示場(平屋)の屋根(テント生地)の補修を行う為、屋根上に登ったところ、テント生地が破れ4.15m下のコンクリート床に墜落し被災した。被災者は、翌7日に死亡。","8","商業","802","小売業","80209","その他の小売業","1~9","4","仮設物、建築物、構築物等","41","仮設物、建築物、構築物等","415","屋根、はり、もや、けた、合掌","1","墜落、転落"
"927","2011","平成","23","6","10~11","カーセンター敷地内において、中古車を配送するため、被災者が、単独で中古車をキャリアカーへ積み込んでいた。その後、中古車を積んだ状態のキャリアカー横の地面に、被災者が仰向けで倒れていたのを、同センターに来店していた客が発見した。","4","運輸交通業","403","道路貨物運送業","40301","一般貨物自動車運送業","10~29","2","物上げ装置、運搬機械","22","動力運搬機","221","トラック","1","墜落、転落"
"928","2011","平成","23","5","14~15","午後から、被災者ら6名は、ホッパー(7m×7m、深さ12.7m)内に固着した原料の除去作業を再開した際、被災者が、投げ入れたスコップが跳ね上がり、開口部分(直径1.2m、深さ6.1m)に落ち込んだため、上部から垂らした親綱につかまり、開口部の底部まで入って行った。スコップを拾い上げたのでほかの作業員が上部へ引き揚げていたところ、開口部分の周囲が崩壊し、生き埋めとなり、死亡したものである。","1","製造業","110","鉄鋼業","11001","製鉄・製鋼・圧延業","10~29","4","仮設物、建築物、構築物等","41","仮設物、建築物、構築物等","418","建築物、構築物","5","崩壊、倒壊"
"929","2011","平成","23","5","3~4","被災者が、13トントラックを運転して、高速道路を走行していたところ、上り47.3kポスト付近で、前方の大型トラックに追突した。","4","運輸交通業","403","道路貨物運送業","40301","一般貨物自動車運送業","10~29","2","物上げ装置、運搬機械","22","動力運搬機","221","トラック","17","交通事故（道路）"
"930","2011","平成","23","5","9~10","工場敷地内で、被災者運転のショベルローダーが、隣接する用水路(深さ約2m、幅約5m)に転落し、転落の際に運転席から投げ出され首などを強く打ち病院へ搬送されたが、搬送先の病院で死亡した。","1","製造業","109","窯業土石製品製造業","10901","セメント・同製品製造業","50~99","2","物上げ装置、運搬機械","22","動力運搬機","225","ローダー","1","墜落、転落"
"931","2011","平成","23","4","17~18","被災者は、フォークリフト運転手とツーバイフォー材の(高さ74.5センチメートル、奥行き109センチメートル、幅233.6センチメートル、重さ0.8t)積荷運搬作業の補助作業を行っていた。フォークリフト運転者は、既に仮置きされていた資材の上に重ねて積載するために、被災者は、リンギを一段目の資材の上に置き、フォークリフトを誘導中にフォークリフトで運搬していた資材と仮置き場所の背後にあった鉄柱との間に頭部を挟まれ被災したもの。","1","製造業","104","木材・木製品製造業","10409","その他の木材・木製品製造業","30~49","2","物上げ装置、運搬機械","22","動力運搬機","222","フォークリフト","6","激突され"
"932","2011","平成","23","4","10~11","被災者が社用車を運転して、走行していたところ、直進するところを、右にそれて中央分離帯にある高速道路の橋脚に衝突し、死亡した。助手席に同乗していた同僚は右膝を骨折した。","3","建設業","302","建築工事業","30209","その他の建築工事業","1~9","2","物上げ装置、運搬機械","23","乗物","231","乗用車、バス、バイク","17","交通事故（道路）"
"933","2011","平成","23","4","7~8","下り路線にて大型トラクター(トレーラーヘッド)を運行中、交差点を左折時に雨で濡れた路面でスリップし、中央分離帯に接触、歩道脇のフェンスを突き破って約10メートル下に転落、左足切断術後、療養中であったが、翌日夕方に出血性ショックにより死亡した。","4","運輸交通業","403","道路貨物運送業","40301","一般貨物自動車運送業","1~9","2","物上げ装置、運搬機械","22","動力運搬機","221","トラック","17","交通事故（道路）"
"934","2011","平成","23","4","13~14","ビルのエレベーターの地下ピットにおいて、ワイヤーロープの取り換え作業を行っていた被災者がピット床に倒れていたもの。なお、事故発生の状況を現認したものはいないが、残された現場の状況から被災者が高さ2.43mのエレベーター乗降口からピット床までの間を昇降する際に墜落したものと考えられる。被災者は平成23年4月30日午前6時15分に死亡したもの。","3","建設業","303","その他の建設業","30302","機械器具設置工事業","10~29","3","その他の装置等","37","用具","371","はしご等","1","墜落、転落"
"935","2011","平成","23","4","4~5","被災者は、新聞配達中に車を後退させた際、運転を誤ってガードレールに衝突し、頭を強く打ち被災したもの。","8","商業","802","小売業","80205","新聞販売業","10~29","2","物上げ装置、運搬機械","23","乗物","231","乗用車、バス、バイク","17","交通事故（道路）"
"936","2011","平成","23","3","9~10","ボウリング場レーンのボウリングのピンをセットする機械(以下ピンセッター)内において、被災者が当該ピンセッターの修理をしていたところ、機械が急に動き出し、ピンを持ち上げる機械と上部のフックの間に後頭部および頸部を挟まれ、発生から18日後に死亡したもの。","14","接客娯楽業","1403","その他の接客娯楽業","140309","その他の接客娯楽業－その他","10~29","1","動力機械","16","一般動力機械","169","その他の一般動力機械","7","はさまれ、巻き込まれ"
"937","2011","平成","23","3","3~4","被災者はバイクに乗って朝刊の配達を行っていたところ、ハンドル操作を誤り、深さ約1.5mの側溝に転落したもの。救急車にて病院搬送を受け緊急手術が実施されたが、手術中に心筋梗塞を発症し、死亡に至ったもの。被災者は心臓疾患の基礎疾患があったが、当該交通事故により腹部を強打したことにより基礎疾患が引き起こされたとして、労災認定されたもの。","8","商業","802","小売業","80205","新聞販売業","10~29","2","物上げ装置、運搬機械","23","乗物","231","乗用車、バス、バイク","17","交通事故（道路）"
"938","2011","平成","23","3","11~12","山林の間伐作業において、被災者はチェーンソーで伐倒した杉の木(高さ約24m、直径約26.5センチメートル)に直撃されたもの。作業は被災者を含め2名で行われていたが、他の1名は被災場所から離れた場所で作業を行っていたため、被災時の状況は不明である。","6","農林業","602","林業","60209","その他の林業","1~9","7","環境等","71","環境等","712","立木等","6","激突され"
"939","2011","平成","23","2","13~14","バイパス建設工事において、高架橋床版下のつり足場の解体工事中、足場板と足場板を止めているコンパネ板を集めていたところ、つり足場と高所作業車のデッキの間から約15メートル下の地上に墜落したもの。","3","建設業","302","建築工事業","30209","その他の建築工事業","10~29","4","仮設物、建築物、構築物等","41","仮設物、建築物、構築物等","411","足場","1","墜落、転落"
"940","2011","平成","23","2","16~17","マンション新築工事の地中梁圧接作業の補助をしていた労働者が、高さ3.4メートルの配筋された鉄筋上から墜落したもの。","3","建設業","302","建築工事業","30201","鉄骨・鉄筋コンクリート造家屋建築工事業","1~9","4","仮設物、建築物、構築物等","41","仮設物、建築物、構築物等","419","その他の仮設物、建築物、構築物等","1","墜落、転落"
"941","2011","平成","23","1","23~24","被災者が運転していた大型トラックのライトが故障したため、高速自動車道下り線の路肩に停車し、トラックから降りて停止表示器材を置いていたところ、別の大型トラックが追突してきて、トラックとガードロープにはさまれて胸などを強く打ち即死した。","4","運輸交通業","403","道路貨物運送業","40301","一般貨物自動車運送業","30~49","2","物上げ装置、運搬機械","22","動力運搬機","221","トラック","17","交通事故（道路）"
"942","2011","平成","23","1","17~18","当該工事は雨水管及び汚水管を約15メートル敷設する工事で、管敷設、埋め戻し後の路盤工事において、路盤材(砕石)をドラグ・ショベルで敷き均していたところ、ドラグ・ショベル後方にいた被災者と後進してきたドラグ・ショベルが接触して被災した。病院搬送後、1月29日に死亡。","3","建設業","301","土木工事業","30110","上下水道工事業","10~29","1","動力機械","14","建設機械等","142","掘削用機械","6","激突され"
"943","2011","平成","23","5","13~14","船体ブロックのブラスト作業を行うための足場組立をしていた被災者が、足場3段目から約8.4メートル下のコンクリート地面に墜落したものである。災害発生後、療養中であったが6月25日に死亡した。","1","製造業","115","輸送用機械等製造業","11501","造船業","10~29","4","仮設物、建築物、構築物等","41","仮設物、建築物、構築物等","411","足場","1","墜落、転落"
"944","2011","平成","23","3","8~9","里道の下り坂で、3t車(トラック)の前輪横付近でアウトリガーを元に戻す作業を行っていた被災者が、下り坂を動き出した3t車の左前輪のタイヤの内側にある車軸と地面との間に挟まれた。(事故発生後、20日目に死亡)","6","農林業","601","農業","60101","農業","1~9","2","物上げ装置、運搬機械","22","動力運搬機","221","トラック","7","はさまれ、巻き込まれ"
"945","2011","平成","23","1","14~15","杉立木の伐木作業中、伐倒した立木が付近で作業をしていた被災者の頭部に激突したもの。被災者は2月7日に死亡した。","6","農林業","602","林業","60209","その他の林業","10~29","7","環境等","71","環境等","712","立木等","6","激突され"
"946","2011","平成","23","12","2~3","新聞配達のため、販売センター所有の軽自動車を運転中に、緩い左カーブの箇所で、右側のガードレールに衝突、軽自動車が大破し、運転していた被災者が死亡したもの。","8","商業","802","小売業","80205","新聞販売業","10~29","2","物上げ装置、運搬機械","23","乗物","231","乗用車、バス、バイク","17","交通事故（道路）"
"947","2011","平成","23","12","0~1","被災者はコンクリートミキサー船の船長であり、他の作業員2名と共に現場で作業をしながら同船内に宿泊していた。平成23年12月16日の作業終了後、船内で夕食を食べた後、居室内にいたと思われるが、翌朝になり姿が見えないため捜索したところ、午前8時50分頃、当該コンクリートミキサー船の右舷船尾付近の海底に沈んでいるところを発見され、死亡が確認された。","3","建設業","301","土木工事業","30111","港湾海岸工事業","30~49","7","環境等","71","環境等","713","水","10","おぼれ"
"948","2011","平成","23","10","15~16","ドック内で建造していたケミカルタンカーにおいて、被災者が当該ケミカルタンカーの船底の水タンクに通じるマンホール付近で作業を行っていたところ、水タンク内で爆発。被災者は、火傷を負い、平成23年11月9日午後11時頃死亡したもの。当該水タンクは、災害発生日前日の午後7時30分頃まで有機溶剤を使用した塗装作業が行われていた。","1","製造業","115","輸送用機械等製造業","11501","造船業","10~29","5","物質、材料","51","危険物、有害物等","513","可燃性のガス","14","爆発"
"949","2011","平成","23","8","16~17","道路改良工事において、被災者が片付け作業を行っていたところ、移動式クレーン仕様(つり上げ荷重1.7t)に切替え、ランマーをつり上げてきたドラグ・ショベルのクローラに激突され死亡したもの。","3","建設業","301","土木工事業","30106","道路建設工事業","30~49","2","物上げ装置、運搬機械","21","動力クレーン等","212","移動式クレーン","6","激突され"
"950","2011","平成","23","8","15~16","造船所において、被災者が船体ブロックの一部となる鉄骨材に鋼板(約780キログラム)を仮付け溶接する作業等を行っていたところ、当該鋼板に落下防止措置を講じていなかったため、鋼板が高さ約165センチメートルの位置から倒れ落ち、被災者の頭部を直撃したもの。","1","製造業","115","輸送用機械等製造業","11501","造船業","30~49","5","物質、材料","52","材料","521","金属材料","4","飛来、落下"
"951","2011","平成","23","7","17~18","災害発生当日、道路工事現場で土砂の運搬作業を終えて、事業場に帰着した被災者が、事務所から同一敷地内に止めていた会社所有の2トントラックに向かう途中で、突然コンクリート製の地面に倒れた。その後、医療機関に搬送され療養していたが、外傷性脳出血により7月21日に死亡した。","4","運輸交通業","403","道路貨物運送業","40301","一般貨物自動車運送業","1~9","4","仮設物、建築物、構築物等","41","仮設物、建築物、構築物等","419","その他の仮設物、建築物、構築物等","2","転倒"
"952","2011","平成","23","6","15~16","採石場内において、被災者は、トラクター・ショベルを使用し、道路脇に崩落した土砂の除去作業終了後、当該機械を土砂崩壊場所から採石場内の砂利置き場へ移動させる際に、当該機械とともに砂利置き場から崖下へ約20m転落し、死亡した。","2","鉱業","202","土石採取業","20201","採石業","10~29","1","動力機械","14","建設機械等","141","整地・運搬・積込み用機械","1","墜落、転落"
"953","2011","平成","23","6","15~16","民家屋根及び外壁塗装工事現場において、被災者が単独で塗装作業又は移動中に、単管足場上又は昇降用の脚立からコンクリート地面に墜落し被災したものと推定される。なお、災害発生時の目撃者がいないため、詳細は不明である。","3","建設業","302","建築工事業","30202","木造家屋建築工事業","1~9","3","その他の装置等","37","用具","371","はしご等","1","墜落、転落"
"954","2011","平成","23","5","10~11","被災者は牡蠣の殻を剥く作業台の上に乗り、2.8トンの天井クレーンで吊ったスチール製のかごの底を開いて、作業台に牡蠣を置いた後、作業台から降りようとしたところ、足を滑らせ、高さ1.27mより墜落し、コンクリート床で頭部を打撲し、30日未明に死亡したもの。","1","製造業","101","食料品製造業","10102","水産食料品製造業","10~29","4","仮設物、建築物、構築物等","41","仮設物、建築物、構築物等","419","その他の仮設物、建築物、構築物等","1","墜落、転落"
"955","2011","平成","23","5","15~16","被災者は現場作業終了後、同乗者を乗せて軽トラックを運転し帰社していたところ、加害者運転の対向車が中央車線を越えて被災者運転の軽トラックに正面衝突したもの。被災者は搬送先病院で約2時間後に死亡した。また、軽トラック同乗者(別会社所属)は顔面陥没骨折・右足骨折で入院した。加害者は同日、相浦警察署において逮捕拘留された。","3","建設業","303","その他の建設業","30309","その他の建設業－その他","10~29","2","物上げ装置、運搬機械","23","乗物","231","乗用車、バス、バイク","17","交通事故（道路）"
"956","2011","平成","23","4","14~15","積載荷重2トンの労安法適用の油圧式エレベーターの性能検査前の事前点検中、被災者が昇降路ピットで油圧ユニットの上にあがり、同ユニットの上に設置された起動盤に測定器を接続して定格速度で電流及び電圧を測定中、3階から下降してきた搬器と同ユニットの外装板との間に左足から下腹部を挟まれ、外傷性ショック死したもの。エレベーターの操作は、搬器内にて同僚が行い、昇降の合図はピットから被災者が口頭で行っていた。","17","その他の事業","1702","その他の事業","170209","その他の事業－その他","1~9","2","物上げ装置、運搬機械","21","動力クレーン等","214","エレベータ、リフト","7","はさまれ、巻き込まれ"
"957","2011","平成","23","3","11~12","被災者と同僚の2名で「折りたたみ式現場事務所」を組み立てようと、垂直方向に折りたたまれた床(重量約250キログラム)を支えていたところ、同僚が基礎石を取りに行ったたため、被災者1名で床を支えることになり、支えていた床が倒れかかり、被災者が床の下敷きとなったもの。","3","建設業","301","土木工事業","30108","砂防工事業","1~9","4","仮設物、建築物、構築物等","41","仮設物、建築物、構築物等","418","建築物、構築物","5","崩壊、倒壊"
"958","2011","平成","23","3","0~1","被災者は、工場内で平鋼切断ロボットによる加工が終了した鋼板12枚を、2クラブ2フック式天井クレーンを用いて仮置き場に移動させる作業を行うため、当該鋼板の片側に玉掛けし、次にもう片側に玉掛けしようとしていたところ、当該天井クレーンが走行し、同鋼板が天井クレーンに引きずられ、移動してきた鋼板とNC架台の間に挟まれたものである。","1","製造業","115","輸送用機械等製造業","11501","造船業","300~499","2","物上げ装置、運搬機械","21","動力クレーン等","211","クレーン","7","はさまれ、巻き込まれ"
"959","2011","平成","23","2","19~20","被災者がホテルフロントカウンター内に入室後間もなく入口付近にしゃがみ込み、立ち上がろうとして仰向けに倒れ、後頭部を打ち意識不明となったもの。被災者は、救急車で病院に搬送されたが、翌2月24日の18時35分に死亡した。","14","接客娯楽業","1401","旅館業","140101","旅館業","50~99","4","仮設物、建築物、構築物等","41","仮設物、建築物、構築物等","416","作業床、歩み板","2","転倒"
"960","2011","平成","23","2","9~10","被災者がフランジ付配管(長さ2.5m、外径47センチメートル、重量474キログラム)を床上操作式天井クレーン(定格荷重2.8t)を運転して、トラックに積み込み作業中、つり上げていた配管がずり落ち、被災者の頭部に激突したもの。","1","製造業","112","金属製品製造業","11209","その他の金属製品製造業","10~29","2","物上げ装置、運搬機械","21","動力クレーン等","211","クレーン","6","激突され"
"961","2011","平成","23","2","15~16","山林にて、杉の伐採作業を行っていた被災者が、伐採中の杉が頭部に当たり、死亡したもの。被災者は、保護帽を着用していなかったものである。","6","農林業","602","林業","60201","木材伐出業","1~9","7","環境等","71","環境等","712","立木等","3","激突"
"962","2011","平成","23","1","9~10","施設新築工事(鉄骨平屋建)現場において、屋根の造作工事のため、建屋の屋根上で屋根材である波板鋼板の取付け作業を行っていた1次下請の労働者が、強風により飛ばされた波板鋼板の影響で9.5メートル下のコンクリート構造物に墜落、胸部大動脈破裂により同日死亡したもの。","3","建設業","302","建築工事業","30209","その他の建築工事業","10~29","4","仮設物、建築物、構築物等","41","仮設物、建築物、構築物等","415","屋根、はり、もや、けた、合掌","1","墜落、転落"
"963","2011","平成","23","1","10~11","勤務終了後、1階事務室から2階にあるロッカーへ移動するため、階段を上っていたところ、3段目あたりから後方へ転倒し負傷した。","11","通信業","1101","通信業","110101","通信業","50~99","4","仮設物、建築物、構築物等","41","仮設物、建築物、構築物等","413","階段、桟橋","1","墜落、転落"
"964","2011","平成","23","12","6~7","新聞配達を終了した被災者が、踏切横に所在する新聞配達店にバイクを置きに行くため同踏切内に入ったところ、下り列車に跳ねられたもの。なお、踏切の遮断機は降りていた。","8","商業","802","小売業","80205","新聞販売業","30~49","2","物上げ装置、運搬機械","23","乗物","232","鉄道車両","18","交通事故（その他）"
"965","2011","平成","23","11","9~10","鉄骨造6階建てビルの解体工事現場において、1階部分の外壁を倒す作業を行う際に、外壁が倒れ込む区域に被災労働者がいたため、当該外壁に押しつぶされて被災したもの。","3","建設業","302","建築工事業","30209","その他の建築工事業","1~9","4","仮設物、建築物、構築物等","41","仮設物、建築物、構築物等","418","建築物、構築物","5","崩壊、倒壊"
"966","2011","平成","23","9","14~15","ゴルフ場内の除草作業をするため、カート用道路を2人乗りのカート(左ハンドル)で移動中、下り坂の左カーブで右側の助手席に乗っていた被災者が投げ出され転落したもの。","14","接客娯楽業","1403","その他の接客娯楽業","140301","ゴルフ場","100~299","2","物上げ装置、運搬機械","23","乗物","239","その他の乗物","1","墜落、転落"
"967","2011","平成","23","9","16~17","1.5tトラックの荷台に積んでいた断熱材が車道に落下したため、トラックを道路脇に停車した。被災者はトラックを降り、断熱材を拾った後、トラックへ戻るため車道の左端を歩いていたところ、後方から来た軽自動車にはねられ被災した。","8","商業","802","小売業","80209","その他の小売業","1~9","2","物上げ装置、運搬機械","23","乗物","231","乗用車、バス、バイク","17","交通事故（道路）"
"968","2011","平成","23","8","12~13","2階建て木造家屋新築工事の2階において、被災者は、断熱材の入った段ボール(8.5キログラム)を運搬していたところ、高さ3.5mの玄関吹き抜け部の作業床(通路)の端から、足を踏み外し、バランスを崩して転落し、脳挫傷により死亡したもの。","3","建設業","302","建築工事業","30202","木造家屋建築工事業","1~9","4","仮設物、建築物、構築物等","41","仮設物、建築物、構築物等","416","作業床、歩み板","1","墜落、転落"
"969","2011","平成","23","8","13~14","被災者は、炉筒煙管ボイラー内部の清掃のため、炉筒上に伏せた状態で、ブラシで煙管等の清掃を行っていたところ、ブラシを缶底に落としてしまった。被災者は、このブラシを拾うために、身体を缶底部に乗り出したところ、そのままずるずると落下して行き、缶底に長時間首を曲げた状態でいたため、首圧迫により窒息死したもの。","15","清掃・と畜業","1501","清掃・と畜業","150109","その他の清掃・と畜業","1~9","3","その他の装置等","31","圧力容器","311","ボイラー","1","墜落、転落"
"970","2011","平成","23","7","13~14","林業機械グラップルにて、伐木をつかんで、犬走り上の作業道を運行中、バランスを崩して、同機械ごと谷側斜面に転落したもの。","6","農林業","602","林業","60201","木材伐出業","1~9","1","動力機械","14","建設機械等","149","その他の建設機械等","1","墜落、転落"
"971","2011","平成","23","6","5~6","被災者は、軽トラックを運転し新聞を配達中、中央線の無い道幅約5メートルの市道にある橋の欄干(コンクリート製)に衝突した。被災者は、ドアと車体に上半身が挟まれ胸などを圧迫し死亡した。","8","商業","802","小売業","80205","新聞販売業","10~29","2","物上げ装置、運搬機械","22","動力運搬機","221","トラック","17","交通事故（道路）"
"972","2011","平成","23","5","5~6","事業場の事務所で作業員3名が事業場のワゴン車に乗り込み工事現場に向かう途中、路面の水溜りでワゴン車がスリップし対向車線側にある街路樹に激突し、後部座席の助手席側に乗っていた労働者が死亡したもの。","3","建設業","302","建築工事業","30203","建築設備工事業","1~9","2","物上げ装置、運搬機械","23","乗物","231","乗用車、バス、バイク","17","交通事故（道路）"
"973","2011","平成","23","5","7~8","めっき工場における排水処理施設の調整槽内(めっき処理にて発生した排水をPH調整を行う槽)で倒れている被災者を別の作業者が発見した。当時、被災者は調整槽の中に入り、槽に付着した汚泥物の除去作業を行っていた。また、事故直後の調整槽内の酸素濃度は9%であった。","1","製造業","112","金属製品製造業","11204","めっき業","100~299","3","その他の装置等","32","化学設備","321","化学設備","12","有害物等との接触"
"974","2011","平成","23","4","12~13","午前2時頃から乗客を乗せたまま勤務時間を過ぎても帰社せず、行方不明となっていた。その後、廃車置場にて、被災者が運転していたタクシーのトランクの中から被災者の遺体が発見された。遺体には、上半身に刃物によるとみられる複数の刺し傷があった。","4","運輸交通業","402","道路旅客運送業","40201","ハイヤー・タクシー業","30~49","9","その他","99","分類不能","999","分類不能","90","その他"
"975","2011","平成","23","3","8~9","船体の船底部組立作業において、被災者はストッパー間に立てたトランスブラケットに発生したひずみをガスで調整する作業を行っていたところ、トランスブラケットが倒れ、被災者の頭部を直撃したもの。","1","製造業","115","輸送用機械等製造業","11501","造船業","300~499","4","仮設物、建築物、構築物等","41","仮設物、建築物、構築物等","419","その他の仮設物、建築物、構築物等","6","激突され"
"976","2011","平成","23","2","3~4","被災者は平成23年2月4日午前3時15分頃、高速自動車道を走行中、中央分離帯のガードレールに衝突し、その後約400メートルに亘りガードレールに接触しながら走行し、追い越し車線上に停止した。発見時は被災者は心肺停止状態で午前3時15分頃に交通管理隊員に発見され、午前3時50分頃に病院へ搬送されたが、午前5時31分に死亡が確認された。","4","運輸交通業","403","道路貨物運送業","40301","一般貨物自動車運送業","30~49","9","その他","92","起因物なし","921","起因物なし","90","その他"
"977","2011","平成","23","1","7~8","事業場の土場において、当日の工事に使用する鉄製の桶(生コン、水等を入れるもの長さ290センチ幅155センチ高さ61.5センチ重さ480キロ)の中に張っていた氷を取り除くため、トラッククレーンで桶をつり上げ直立させた状態で、被災者が桶の裏側をハンマーで叩いて氷を取り除いていたところ、玉掛け用ワイヤーロープが切断し倒れた桶が被災者に当たり、その衝撃でトラッククレーンの荷台に頭を打ち死亡したもの。","3","建設業","301","土木工事業","30107","河川土木工事業","1~9","3","その他の装置等","37","用具","372","玉掛用具","6","激突され"
"978","2011","平成","23","1","14~15","被災者は、森林の間伐作業に従事していた。林道沿いの傾斜43度の斜面上で伐木材を玉切り作業中、玉切材とともに高さ約5.7mの斜面上から林道まで滑落し、約1時間後に病院へ搬送されたが、出血多量により死亡したものである。","6","農林業","602","林業","60201","木材伐出業","50~99","7","環境等","71","環境等","711","地山、岩石","1","墜落、転落"
"979","2011","平成","23","12","10~11","杉の間伐作業現場において、被災者は、かかり木の処理のためにチェンソーを用いてかかられている立木を伐倒作業中、かかり木がはずれたことにより、かかり木が被災者の頭部に激突し、被災したもの。","6","農林業","602","林業","60201","木材伐出業","1~9","7","環境等","71","環境等","712","立木等","6","激突され"
"980","2011","平成","23","10","10~11","被災者は、電気集塵機のホッパー内部において、パワープロペスター車を用いて堆積したダストをガス遮断板(h=5.6m、t=3.2ミリメートル)の下部マンホールから吸引する作業を行っていたところ、ガス遮断板が上部から破損したことにより、破損部から流出してきたダストに埋もれ被災したもの。","1","製造業","110","鉄鋼業","11001","製鉄・製鋼・圧延業","50~99","3","その他の装置等","39","その他の装置、設備","391","その他の装置、設備","5","崩壊、倒壊"
"981","2011","平成","23","9","11~12","木材乾燥機内に木材を入れる作業を行うため、乾燥機挿入用台車に木材の束を積み重ね、フォークリフトで乾燥機の中へ台車を押し込んだところ、当該乾燥機の扉の付近で作業していた被災者を台車とともに乾燥機内へと押し込んだ。数分後、乾燥機の中からの被災者の声がしたため、台車を引き出したところ、木材に引きずられた状態の被災者を発見した。","1","製造業","104","木材・木製品製造業","10401","製材業","1~9","2","物上げ装置、運搬機械","22","動力運搬機","222","フォークリフト","7","はさまれ、巻き込まれ"
"982","2011","平成","23","8","9~10","安定型産業廃棄物最終処分場の水質検査を受けるための準備作業を行っていた被災者が、酸素欠乏状態(調査時、約2%)にあった堅型集排水塔(直径1.4m、深さ6.8m、浸透水が底部から約0.5m溜まった状態。)の内部で倒れていたのを発見されたもの。なお、被災者の直接死因については溺死であった。※堅型集排水塔は、浸透水の水質検査を行うために設けられた立坑である。","15","清掃・と畜業","1501","清掃・と畜業","150102","産業廃棄物処理業","1~9","5","物質、材料","51","危険物、有害物等","514","有害物","12","有害物等との接触"
"983","2011","平成","23","8","9~10","被災者はグループホーム入居者からの呼び出しコールが鳴ったため、スタッフルームから走って居宅へ向かっていたところ、モップで水拭きした廊下で足を滑らせ転倒した際、後頭部を強打したもの。その後、被災者は8月30日7時1分に死亡した。","13","保健・衛生業","1302","社会福祉施設","130201","社会福祉施設","30~49","4","仮設物、建築物、構築物等","41","仮設物、建築物、構築物等","417","通路","2","転倒"
"984","2011","平成","23","8","15~16","被災者は、建設工事現場の出入口における交通車両(ダンプ等)誘導作業に従事していたが、15時30分頃、同僚ににふらついているところを発見され、その後に搬送先の病院にて死亡した。","17","その他の事業","1702","その他の事業","170201","警備業","50~99","7","環境等","71","環境等","715","高温・低温環境","11","高温・低温の物との接触"
"985","2011","平成","23","8","9~10","リサイクル店の鉄くず置き場において、車両系建設機械の機体にグラップル状の物を取付た建設機械で廃品を軽トラックから降ろすため旋回したところ、旋回範囲内に居た被災者が当該機械のカウンターウエイトに激突され死亡した。","13","保健・衛生業","1303","その他の保健衛生業","130309","その他の保健衛生業－その他","1~9","1","動力機械","14","建設機械等","149","その他の建設機械等","6","激突され"
"986","2011","平成","23","6","10~11","工場に設けられた、フェンスで囲まれている配電盤室の高調波フィルター(66000V)の温度点検作業を行っていた被災者が、配電盤室に入り高調波フィルターに触れ感電した。","1","製造業","110","鉄鋼業","11001","製鉄・製鋼・圧延業","300~499","3","その他の装置等","35","電気設備","359","その他の電気設備","13","感電"
"987","2011","平成","23","5","8~9","ドラグショベルでキュービクルをつり上げて移動させる作業中、被災者がキュービクルの天板の上でドラグショベルのフックに当該キュービクルを玉掛けした後、当該キュービクルの天板の上から降りようとした際、当該キュービクルが回転し、その反動で体勢を崩して、当該キュービクルの天板の上から約2.2m下のコンクリート土台上に墜落した。","3","建設業","302","建築工事業","30209","その他の建築工事業","1~9","1","動力機械","14","建設機械等","142","掘削用機械","1","墜落、転落"
"988","2011","平成","23","4","15~16","山中の小川から水を民家の貯水タンクへ引くため直径20ミリメートル、長さ120メートルのパイプ7本(840メートル)とため池用ポリタンク(100リットル)を設置する工事において、被災者は、山中にポリタンクを設置するために使用するセメント袋(約6キログラム)を抱えて、山の斜面を歩いて移動していたところ、約10メートル下の谷へ墜落し、被災したもの。","3","建設業","301","土木工事業","30110","上下水道工事業","1~9","7","環境等","71","環境等","711","地山、岩石","1","墜落、転落"
"989","2011","平成","23","4","12~13","資材置場において、建設現場に鋼材10本(1本当たり約26m、重量約2t)を運搬するため、23tトレーラーの前後に高さ約2.4mの鉄製の架台を仮置きし、当該架台の上に鋼材10本を載せて、資材置場の下り勾配箇所を走行していたところ、前方架台が倒壊し、架台の上に載っていた鋼材10本が運転席を押しつぶし、被災したものである。被災者は、同月24日午前10時20分死亡した。","4","運輸交通業","403","道路貨物運送業","40301","一般貨物自動車運送業","1~9","6","荷","61","荷","611","荷姿の物","5","崩壊、倒壊"
"990","2011","平成","23","2","18~19","既設の社会福祉施設にてスプリンクラー用の地下貯水槽の内壁を防水用塗料を2名にてローラー塗りしていたところ、塗料に含有する有機溶剤(キシレン等)を吸入したため、2名とも具合が悪くなり同貯水槽で動けなくなった。作業終了時刻になっても2名が姿を見せないため、現場代理人が付近を捜したところ、午後6時15分頃に地下貯水槽内底部にて2名を発見した。発見時には1名は心肺停止状態であり、もう1名は意識があった。","3","建設業","302","建築工事業","30203","建築設備工事業","1~9","5","物質、材料","51","危険物、有害物等","514","有害物","12","有害物等との接触"
"991","2011","平成","23","1","9~10","建築中のもやし工場建屋において、1階育成室の天井裏にて、ダクト配管作業を行う予定であったが、同作業場所に別途建築工事の請負業者が足場を組立てることになり、被災者(3次)と2次業者1名でダクト部材の片付けを行った際、被災者の姿が見えないため、捜していたところ、各育成室の間にある隙間に墜落している被災者を別業者が発見した。被災者は、頭部を強打しており、10日後に死亡した。","3","建設業","303","その他の建設業","30309","その他の建設業－その他","10~29","4","仮設物、建築物、構築物等","41","仮設物、建築物、構築物等","414","開口部","1","墜落、転落"
"992","2011","平成","23","1","8~9","倉庫内において、フォークの昇降と共に運転席が昇降する型式のフォークリフトを使用して、棚に置かれている製品を降ろそうとしていた被災者が、当該フォークリフトの運転席から約2.5メートル下の倉庫の床面に墜落し倒れているのを、同倉庫内で他の作業を行っていた同僚が発見した。その後、病院へ搬送されたものの災害発生より10日後に死亡したものである。","8","商業","801","卸売業","80109","その他の卸売業","10~29","2","物上げ装置、運搬機械","22","動力運搬機","222","フォークリフト","1","墜落、転落"
"993","2011","平成","23","12","14~15","橋梁新設工事(進捗率99%)において、橋桁歩道部の補修作業に欄干から『コの字』型に吊り下げた吊り足場が使用されていた。当該吊り足場を構成していた縦単管が直交クランプから抜ける等して足場作業床が宙吊りとなっていた。その真下の河川敷に墜落している被災者が発見された。吊り足場の作業床の高さは河川敷から8.4mであった。","3","建設業","301","土木工事業","30105","橋梁建設工事業","1~9","4","仮設物、建築物、構築物等","41","仮設物、建築物、構築物等","411","足場","1","墜落、転落"
"994","2011","平成","23","10","9~10","農業試験場内のヤシの害虫駆除作業中に、薬を散布する農業機械(スピードスプレーヤ、車両重量:2235キログラム)を移動させていたところ、下り勾配の作業路において法面に乗り上げ横転し、当該機械を運転していた被災者が、運転席より投げ出されたもの。","12","教育・研究業","1201","教育・研究業","120109","その他の教育研究業","10~29","2","物上げ装置、運搬機械","22","動力運搬機","229","その他の動力運搬機","2","転倒"
"995","2011","平成","23","7","14~15","平成23年7月20日午後2時45分頃、飫肥工場内において、製造設備の画像処理装置の調整作業中、頭痛を訴えて倒れた。救急車で病院に搬送されたが、くも膜下出血により平成23年7月22日に死亡した。","1","製造業","114","電気機械器具製造業","11409","その他の電気機械器具製造業","100~299","9","その他","92","起因物なし","921","起因物なし","90","その他"
"996","2011","平成","23","6","13~14","被災者は山中にて刈払機を用いて二年生の杉、雑草の下刈り作業を行っていた。作業当日は快晴で、作業範囲に樹木はなく、無風で直射日光を浴びながら作業を行っていた。30分毎に休憩をとりながら作業を行い、約5時間50分作業を行った。作業終了後、労働者全員が集合した際に、被災者は座り込み、意識を失い、病院へ搬送された。災害発生3日後に死亡した。","6","農林業","602","林業","60209","その他の林業","1~9","7","環境等","71","環境等","715","高温・低温環境","11","高温・低温の物との接触"
"997","2011","平成","23","5","17~18","地上6階、地下1階のRC造校舎の建築現場において、被災者は、地下1階スラブ打設用のデッキスラブ(金属製の型枠)の設置作業を行った後の片付を行っていた。17時50分頃、被災者が地下1階のデッキスラブの開口部(1.2m×2m)からパイプサポートを下に降ろしていたところ、高さ約2.8m下のコンクリート床に墜落した(スラブデッキの下は雨水の侵入防止等のため約3m掘削しコンクリートが打設されている)。","3","建設業","302","建築工事業","30201","鉄骨・鉄筋コンクリート造家屋建築工事業","1~9","4","仮設物、建築物、構築物等","41","仮設物、建築物、構築物等","414","開口部","1","墜落、転落"
"998","2011","平成","23","4","12~13","林業事業場の集材土場にて発生した災害で、集材土場を造るため被災者が地山の掘削をドラグ・ショベルにて行っていたところ、ドラグ・ショベルの足元の作業道(最大幅員5m)の路肩が幅4mに渡って崩壊したため、被災者はドラグ・ショベルと共に推定70m転落し、転落後のドラグ・ショベルから東に10.2m離れた位置で発見された。被災者は病院に搬送後、死亡が確認された。","6","農林業","602","林業","60201","木材伐出業","1~9","7","環境等","71","環境等","711","地山、岩石","1","墜落、転落"
"999","2011","平成","23","3","9~10","被災者は、前日に回収した古紙の仕分け作業を行った後、駐車場に駐車していた車両の入れ替えを行うため、パッカー車(最大積載量2t)を自ら運転して移動させた後、次に移動させる予定であったトラックに向かいパッカー車の後方を歩いていたところ、後退してきた他の労働者が運転するトラック(最大積載量4t)とパッカー車の間に挟まれたもの。","15","清掃・と畜業","1501","清掃・と畜業","150102","産業廃棄物処理業","30~49","2","物上げ装置、運搬機械","22","動力運搬機","221","トラック","7","はさまれ、巻き込まれ"
"1000","2011","平成","23","2","15~16","本工事において布設した汚水管が設計どおりの位置となっていなかったことから、再度ドラグ・ショベルと人力にて掘り起こし、汚水管の位置の調整作業を行っていた。汚水管の位置の調整が終了したため、深さ1.7mまで埋め戻し、土止め支保工を撤去した。その後、被災者2名が土止め支保工のない掘削溝の中に立ち入ったところ、地山が長さ約3.5m、幅約60センチメートル、高さ約1.7mにわたり崩壊し被災した。","3","建設業","301","土木工事業","30199","その他の土木工事業","10~29","7","環境等","71","環境等","711","地山、岩石","5","崩壊、倒壊"
"1001","2011","平成","23","12","8~9","被災者を含む3名が伐採作業をそれぞれ行っていたが、被災者のチェーンソーの音が聞こえないため、同僚が様子を見に行ったところ、伐倒した桧(全長16.2m)の下でうつ伏せに倒れている被災者を発見した。被災者は救急車で病院に搬送されたが12時40分胸部圧迫による死亡が確認された。","6","農林業","602","林業","60201","木材伐出業","10~29","7","環境等","71","環境等","712","立木等","6","激突され"
"1002","2011","平成","23","11","10~11","工事現場に、労働者がダンプを運転して盛土として使用するシラスを降ろした後、現場でタイヤ(前輪)がはまり動けなくなったため、後続のダンプの運転者であった被災者が、動けなくなったダンプの脱出作業の補助をダンプ後ろで作業していたところ、ダンプ後方のブルドーザーとダンプ後部に挟まれ被災した。","4","運輸交通業","403","道路貨物運送業","40309","その他の道路貨物運送業","1~9","2","物上げ装置、運搬機械","22","動力運搬機","221","トラック","7","はさまれ、巻き込まれ"
"1003","2011","平成","23","10","7~8","幌つきトラック(積載荷重3.5t)のあおりを下ろした荷台の側方から、保冷キャビネット(高さ179センチメートル×間口109センチメートル×奥行109センチメートル、重さ約380キログラム、キャスター付き)を荷卸しする作業において、荷台側方(高さ105センチメートル)から落下した保冷キャビネットが被災者の後頭部に激突した。被災者は、地面に座り、前屈した状態で後頭部に保冷キャビネットが覆い被さった状態で発見された。","4","運輸交通業","403","道路貨物運送業","40301","一般貨物自動車運送業","1~9","6","荷","61","荷","611","荷姿の物","4","飛来、落下"
"1004","2011","平成","23","8","19~20","ホテル新築工事現場において、2階床スラブ上で、ダクト工事のために約1.7メートル四方でスラブがはつられ1階天井材の鉄板(厚さ0.9ミリメートル)のみとなっていた個所を被災者が歩いたときに、当該鉄板が湾曲してできた隙間から3.8m下の1階に墜落したもの。","3","建設業","302","建築工事業","30203","建築設備工事業","1~9","4","仮設物、建築物、構築物等","41","仮設物、建築物、構築物等","418","建築物、構築物","1","墜落、転落"
"1005","2011","平成","23","7","12~13","事業場の昼休み(12時~13時)に入った12時5分頃、事業場敷地内の信号のない交差点を250CCのバイクで走行中、左方向から走行してきた同僚の運転する普通乗用車と出会い頭に衝突し、死亡したもの。被災者は、日頃、事業場敷地内にある食堂への移動にバイクを利用しているため、被災当日も食堂へ移動中だったものと推定される。また、普通乗用車の同僚は、自宅で昼食をとるために移動中であったもの。","12","教育・研究業","1201","教育・研究業","120109","その他の教育研究業","50~99","2","物上げ装置、運搬機械","23","乗物","231","乗用車、バス、バイク","6","激突され"
"1006","2011","平成","23","4","9~10","事業主事務所兼自宅の植木が枯れてきたため、栄養剤を散布しようと被災者がフォークリフトを運転し、フォークのパレット上に噴霧器を乗せてパレットを地上から77センチメートル上げたところで、フォークリフトを停止させた。その後、パレットの上に自らが乗り、噴霧作業を行っていたところ、フォークリフト横に倒れて頭部から出血していた被災者を発見したもの。業務上外については調査中であったが、10月に業務上と判断した。","1","製造業","101","食料品製造業","10109","その他の食料品製造業","10~29","2","物上げ装置、運搬機械","22","動力運搬機","222","フォークリフト","1","墜落、転落"
"1007","2011","平成","23","3","12~13","鉄塔解体工事において、地上高さ60メートルの鉄塔ステージ上で、ガイデリック(吊荷重1.95トン)の据え付け、デリックブームの起伏ワイヤロープをチルホールで緩める作業を行っていたところ、同起伏ワイヤロープがチルホールから抜けたため、ブームが倒れて、作業指示をしていた被災者がブームとステージ手すりとの間に頭部を挟まれたもの。救出にあたったが、現場で死亡が確認されたもの。","3","建設業","303","その他の建設業","30301","電気通信工事業","100~299","2","物上げ装置、運搬機械","21","動力クレーン等","213","デリック","5","崩壊、倒壊"
"1008","2011","平成","23","2","13~14","集水枡につながる排水用のコンクリート2次製品(U字溝)を敷設する作業において、コンクリート切断用器具(エンジンカッター)により同製品の切断作業を行っていた被災者が、首から血を流して倒れているところを同僚に発見された。被災者は首の左側に裂傷を負い、搬送先病院で治療を受けていたが約9時間後に死亡した。","3","建設業","301","土木工事業","30106","道路建設工事業","1~9","1","動力機械","16","一般動力機械","169","その他の一般動力機械","8","切れ、こすれ"
"1009","2011","平成","23","2","13~14","サトウキビを集荷・運搬するため、積載型トラッククレーンの荷台にサトウキビを積み込んだ後、当該トラッククレーンのアウトリガーを被災者が収納したところ、下り坂であったため、当該トラッククレーンが動き出し、畑と道路の段差で横転したため、被災者が下敷となり死亡した。","4","運輸交通業","403","道路貨物運送業","40302","特定貨物自動車運送業","1~9","2","物上げ装置、運搬機械","22","動力運搬機","221","トラック","6","激突され"
"1010","2011","平成","23","2","12~13","スキッドステアローダー(小型車両系建設機械:ホイール式トラクターショベル)の走行装置の修理作業中、運転席から身を乗り出すような姿勢で立ち上がったときに、アーム上下操作用の左ペダルを踏んでしまい、アームが上昇して、アームのバケットシリンダー部分とヘッドガード上部に頭部を挟まれ、脳挫傷により即死した。なお、災害は修理依頼に伴い熊本県へ出張し現地修理作業中に発生した。","8","商業","802","小売業","80209","その他の小売業","1~9","1","動力機械","14","建設機械等","141","整地・運搬・積込み用機械","7","はさまれ、巻き込まれ"
"1011","2011","平成","23","2","12~13","被災者が商品配達のため2tトラックで事務所を出発し道路を走行中、約15分後にセンターラインをはみ出し反対車線の10tトラックと正面衝突したもの。","8","商業","802","小売業","80209","その他の小売業","1~9","2","物上げ装置、運搬機械","22","動力運搬機","221","トラック","17","交通事故（道路）"
"1012","2011","平成","23","2","22~23","業務命令により出張し参加した研修旅行(企業懇談会開催)が終了し、解散場所から自家用車にて自宅へ帰る途中にガードレールに激突する交通事故を起こし、死亡したもの。","1","製造業","113","一般機械器具製造業","11301","機械（精密機械を除く）器具製造業","10~29","2","物上げ装置、運搬機械","23","乗物","231","乗用車、バス、バイク","17","交通事故（道路）"
"1013","2011","平成","23","2","10~11","床堀作業中のドラグショベルに被災者が接近(床堀の深さを測るため)したところ、旋回した同ドラグショベルのカウンターウェイト部分が被災者にあたり深さ約2.2mの床堀箇所に墜落被災したもの。搬送先の病院において加療中であったが死亡したもの。","3","建設業","301","土木工事業","30107","河川土木工事業","1~9","1","動力機械","14","建設機械等","142","掘削用機械","6","激突され"
"1014","2011","平成","23","1","10~11","いけすのハマチの数を数えるため、タモでハマチをすくい、選別機まで運ぶ作業中、タモにロープを結び支柱と滑車を介し、巻取りローラーで巻き取っていたところ、巻取りローラーの操作していた被災者の右腕が巻取りローラーとロープに巻き込まれた。被災者は、腕の筋を切断し、切断した筋を接続するため病院に入院していたが、19日後に突然死亡した。","7","畜産・水産業","702","水産業","70209","その他の水産業","1~9","1","動力機械","16","一般動力機械","163","ロール機（印刷ロール機を除く。）","7","はさまれ、巻き込まれ"
"1015","2011","平成","23","1","12~13","フォークリフトにて、一般道路を走行中、中央線を越え、さらに対向車線の縁石に乗り上げ転倒したもの。","1","製造業","101","食料品製造業","10109","その他の食料品製造業","10~29","2","物上げ装置、運搬機械","22","動力運搬機","222","フォークリフト","17","交通事故（道路）"
"1016","2011","平成","23","12","10~11","水道管敷設作業において、地山を深さ約2メートル、幅約1メートル、長さ約8メートルにわたり、開削方法で掘削中、側面が崩壊して被災者が土砂に埋まったもの。","3","建設業","302","建築工事業","30201","鉄骨・鉄筋コンクリート造家屋建築工事業","1~9","7","環境等","71","環境等","711","地山、岩石","5","崩壊、倒壊"
"1017","2011","平成","23","11","15~16","被災者は、建設現場ヤード敷地内に設置されたプレハブ造の平屋建て仮設事務所の屋根に上って点検作業を行っていた際、何らかの理由により高さ約3メートル下の地面に転落し被災したもの。被災後、被災者は、救急車にて病院に搬送されたが、3日後の11月12日に頸椎骨折のため死亡したもの。","3","建設業","301","土木工事業","30109","土地整理土木工事業","10~29","4","仮設物、建築物、構築物等","41","仮設物、建築物、構築物等","415","屋根、はり、もや、けた、合掌","1","墜落、転落"
"1018","2011","平成","23","7","13~14","既設の建物の塗装工事の左官工事において、6、600ボルトの高圧配電線付近の仮設足場上で左官の作業中、右手が高圧配電線に触れて感電したもの。","3","建設業","303","その他の建設業","30309","その他の建設業－その他","1~9","3","その他の装置等","35","電気設備","351","送配電線等","13","感電"
"1019","2011","平成","23","6","9~10","平成23年6月27日9時頃、被災者は、個人邸宅の一画に設けられているプレハブ小屋のベランダに、既設の墜落防止用の囲いをメッシュ状のフェンスを取り替える工事に従事していたところ、3m49センチメートル下の地面に墜落して頭を強く打ち、平成23年7月1日に死亡したものである。","8","商業","802","小売業","80209","その他の小売業","1~9","4","仮設物、建築物、構築物等","41","仮設物、建築物、構築物等","418","建築物、構築物","1","墜落、転落"
"1020","2011","平成","23","6","13~14","貨物トラックで鉄くずを製鉄会社に搬送していた被災者が、製鉄会社への搬送を終えて再び公道に出る直前、何らかの理由でトラックを降りて荷台の鉄製扉を開け、荷台を確認していたところ、突如扉が閉まったために、扉と荷台の間に頭頸部が挟まれて頭蓋骨骨折脳損傷により同日死亡したもの。","1","製造業","110","鉄鋼業","11009","その他の鉄鋼業","100~299","2","物上げ装置、運搬機械","22","動力運搬機","221","トラック","7","はさまれ、巻き込まれ"
"1021","2011","平成","23","6","16~17","高さ9.4mの石積斜面の端部に立つ高木の伐採作業終了後、高木の高さ2.05mの箇所から飛び降りたところ、バランスを崩して斜面から滑落し、9.4m下のコンクリート面に頭部を含む全身を強打した。","3","建設業","301","土木工事業","30199","その他の土木工事業","1~9","7","環境等","71","環境等","712","立木等","1","墜落、転落"
"1022","2011","平成","23","3","10~11","中型バスのエンジンを取り外すため、タイヤ後輪下に直径50センチメートル、幅15センチメートルのタイヤを上1つ、下2つ2段にかさ上げ状態で、クラッチをバックに入れ、下にもぐり、被災者がエンジン部品をガス溶断機などを使って取る作業を行っている際、中型バスが後方に動き、地面とバスに挟まれ、内臓を圧迫されて死亡した。","8","商業","802","小売業","80209","その他の小売業","10~29","2","物上げ装置、運搬機械","23","乗物","231","乗用車、バス、バイク","7","はさまれ、巻き込まれ"
"1023","2011","平成","23","2","15~16","現場の基礎工事において、ドラグ・ショベルによる掘削作業と、掘削後捨コンクリートを打設するため砂利を敷き均し、打ち込んであった杭(パイル)間の直線を紐で引く等の作業を被災者を含む5名で行っていたところ、ドラグ・ショベルのオペレーターは掘削箇所(地上から約1.5メートル下)で紐で引く作業を屈んで行っていた被災者に気づかず、土砂をすくい取ろうとしたバケットが被災者の右肩から頭部にかけて激突し即死した。","3","建設業","302","建築工事業","30201","鉄骨・鉄筋コンクリート造家屋建築工事業","30~49","1","動力機械","14","建設機械等","142","掘削用機械","6","激突され"
"1024","2011","平成","23","2","15~16","光ケーブルを海底から陸揚すための管路設置工事において、管の出口を確認するために沖合約170mにある作業船へウエットスーツ等を着用してして泳いで移動していたところ、途中で溺れたもの。","3","建設業","301","土木工事業","30199","その他の土木工事業","100~299","7","環境等","71","環境等","713","水","10","おぼれ"
