"ID","西暦","年号","年","月","発生時間","災害状況","業種（大分類）コード","業種（大分類）分類名","業種（中分類）コード","業種（中分類）分類名","業種（小分類）コード","業種（小分類）分類名","事業場規模","起因物（大分類）コード","起因物（大分類）分類名","起因物（中分類）コード","起因物（中分類）分類名","起因物（小分類）コード","起因物（小分類）分類名","事故の型コード","事故の型分類名"
"1","2018","平成","30","12","14~15","災害発生現場において、元請事業場の労働者2名がAタンク内の飼料の清掃作業に従事していた。Aタンクに隣接したBタンクの清掃作業を終えた被災者が来て、スクリューコンベヤーを稼働させたままタンク内に立ち入り清掃作業を行おうとしたところ、スクリューコンベヤーに巻き込まれて被災したもの。","1","製造業","101","食料品製造業","10109","その他の食料品製造業","10~29","2","物上げ装置、運搬機械","22","動力運搬機","224","コンベア","7","はさまれ、巻き込まれ"
"2","2018","平成","30","12","21~22","国道沿いにある飲食店の駐車場から下り三車線を横切って上り線に右折しようとしていたタクシーと、下り線を南進中の普通乗用車が衝突した。","4","運輸交通業","402","道路旅客運送業","40201","ハイヤー・タクシー業","10~29","2","物上げ装置、運搬機械","23","乗物","231","乗用車、バス、バイク","17","交通事故（道路）"
"3","2018","平成","30","12","16~17","同日、駅に入線する8名(本)の電車の運転士に対し、実設訓練を行っていた。被災者は2本目の電車の出発前に、出発信号機から約1.2m、線路の路盤から2.5mの高さにある、排気シャフトのコンクリート壁の縁(幅約20センチメートル)に立ち、表示灯に訓練カバーを取り付けていたところ、誤って排気シャフト内の約12.4mの地下3階に墜落し、死亡したもの。","4","運輸交通業","401","鉄道・軌道・水運・航空業","40101","鉄道・軌道業","100~299","4","仮設物、建築物、構築物等","41","仮設物、建築物、構築物等","418","建築物、構築物","1","墜落、転落"
"4","2018","平成","30","12","10~11","木造2階建新築住宅建設において、前日の基礎コンクリート打設作業に続き、モルタルの敷均しを行うための準備作業中、仰向けの状態で倒れている被災者を発見、病院に搬送されたが、後日死亡したもの。型枠の高さは145センチメートル、型枠上には歩み板が敷かれており、被災者が発見された際には、歩み板が1枚被災者の身体の下にあり、保護帽は着用していなかった。","3","建設業","302","建築工事業","30202","木造家屋建築工事業","1~9","4","仮設物、建築物、構築物等","41","仮設物、建築物、構築物等","416","作業床、歩み板","1","墜落、転落"
"5","2018","平成","30","12","12~13","マンションの清掃業務終了後、共用棟内のロッカー室において、地下へ通じる階段下に被災者が倒れているのを同僚が発見した。","15","清掃・と畜業","1501","清掃・と畜業","150101","ビルメンテナンス業","500~999","4","仮設物、建築物、構築物等","41","仮設物、建築物、構築物等","413","階段、桟橋","1","墜落、転落"
"6","2018","平成","30","12","18~19","現場で負傷した労働者を乗せた救急車が、自動車道を走行中、道を譲ったトラックを追い越す際、路肩に寄せていたトラックの右後部に追突した。この事故で、救急車内で付き添っていた同僚の被災者が死亡し、同乗していた救急隊員3名とトラックの運転者が軽いけがを負った。","1","製造業","115","輸送用機械等製造業","11501","造船業","10~29","2","物上げ装置、運搬機械","23","乗物","231","乗用車、バス、バイク","17","交通事故（道路）"
"7","2018","平成","30","12","8~9","被災者は、立体駐車場屋上(5F)の社用車置き場から墜落した。","12","教育・研究業","1201","教育・研究業","120109","その他の教育研究業","1000~9999","4","仮設物、建築物、構築物等","41","仮設物、建築物、構築物等","418","建築物、構築物","1","墜落、転落"
"8","2018","平成","30","12","8~9","製材所から収集してきた端材の束等を事業場敷地内においてトラックの荷台から降ろすため、被災者が台付け用具を取り外した。端材の束(重量約400キログラム)が荷台から落下し、近くで作業をしていた被災者が下敷きとなった。","1","製造業","104","木材・木製品製造業","10409","その他の木材・木製品製造業","1~9","5","物質、材料","52","材料","522","木材、竹材","4","飛来、落下"
"9","2018","平成","30","12","16~17","井戸掘削の工事現場で被災者が1人で井戸の掘削作業を行っていたが、夕方になっても被災者が戻って来なかったため、被災者の様子を見に行ったところ、さく井掘削機械のそばに倒れていた被災者が発見された。その後、病院へ搬送されたが、右肩付近で腕を切断しており、出血性ショックにより死亡した。","3","建設業","301","土木工事業","30199","その他の土木工事業","1~9","1","動力機械","12","動力伝導機構","121","動力伝導機構","7","はさまれ、巻き込まれ"
"10","2018","平成","30","12","14~15","RC4階建てビル解体工事現場において、被災者及び作業員2名の3名で内部解体作業を行っていたところ、2階作業床の端から誤って1階に墜落したもの。事故発生状況の目撃者はなく、廃材の回収に来たダンプトラックの運転手が発見し、救急搬送されたが、死亡確認されたもの。","3","建設業","302","建築工事業","30209","その他の建築工事業","30~49","4","仮設物、建築物、構築物等","41","仮設物、建築物、構築物等","416","作業床、歩み板","1","墜落、転落"
"11","2018","平成","30","12","10~11","ドラグ・ショベル(移動式クレーン仕様)を用いてつり上げた鋼製型枠の束(全長1.5メートル、推定質量約500キログラム)をトラックの荷台に下ろす作業において、玉掛けに使用したチェーンが切断して荷が崩れ、その下にいた被災者が下敷きになったもの。","7","畜産・水産業","701","畜産業","70101","畜産業","1~9","3","その他の装置等","37","用具","372","玉掛用具","4","飛来、落下"
"12","2018","平成","30","12","10~11","土捨て場において、ドラグショベルを運転していた被災者が、ドラグショベルと一緒に路肩から約15m(勾配35度)転落し、背面をドラグショベルで圧迫された状態で頭部が残土に埋もれ、窒息により死亡した。","4","運輸交通業","403","道路貨物運送業","40301","一般貨物自動車運送業","1~9","1","動力機械","14","建設機械等","142","掘削用機械","1","墜落、転落"
"13","2018","平成","30","12","6~7","10tトラックが片側1車線の国道から事業場構内に入る際、切り返しを行っていた。荷役作業をアシストするために屋外に出てきた被災者は任意で国道まで出てトラックを誘導していたところ、道路を走行してきた軽自動車にはねられたもの。なお、加害車両はブレーキ痕がなかった。","4","運輸交通業","403","道路貨物運送業","40301","一般貨物自動車運送業","10~29","2","物上げ装置、運搬機械","23","乗物","231","乗用車、バス、バイク","17","交通事故（道路）"
"14","2018","平成","30","12","12~13","警備を終え次の現場に原動機付バイクに乗って移動中の事故。信号待ちをしていたところ、右折をしようとしていたトラックに信号無視の乗用車がぶつかり、その反動でトラックが被災者に突進し、トラックの下敷きとなった。","17","その他の事業","1702","その他の事業","170201","警備業","30~49","2","物上げ装置、運搬機械","23","乗物","231","乗用車、バス、バイク","17","交通事故（道路）"
"15","2018","平成","30","12","0~1","被災者は自家用車にて新聞配達中に、車の方向転換をするため一般住宅敷地内に後進で侵入したところ、住宅の外壁に車の左後部が衝突したことから、衝突した外壁を確認するため運転席から降りたところ、直後に転倒して敷地の傾斜により逸走した車の車体下部と路面の隙間に腹部等を挟まれたもの。なお、車が逸走した距離は数十センチであり、逸走した路面の傾斜は最大3度程度であった。","8","商業","802","小売業","80205","新聞販売業","10~29","2","物上げ装置、運搬機械","23","乗物","231","乗用車、バス、バイク","7","はさまれ、巻き込まれ"
"16","2018","平成","30","12","18~19","台風で破損した倉庫屋根の端部に取り付けられた部材交換作業終了後、同僚とともに屋根上から高所作業車のバスケット部に乗り移り、被災者が運転し地上に移動しようとしたところ、高所作業車が動かなくなり、被災者が状況確認のため、バスケット部から屋根上に移動しようとしたところ、突然、高所作業車が動き出して24メートル下の地面に墜落した。","3","建設業","302","建築工事業","30201","鉄骨・鉄筋コンクリート造家屋建築工事業","1~9","1","動力機械","14","建設機械等","146","高所作業車","1","墜落、転落"
"17","2018","平成","30","12","10~11","被災者は、2階建て事務所の煙突掃除を同僚1名及び施設通所者1名と行っていた。事務所外の平屋部分に掛けてあった移動はしごを昇っていたところ、はしごが転位し、はしごから1.7メートル下の地上のコンクリートに墜落した。救急車で病院に搬送され入院したが、同病院で死亡した。","13","保健・衛生業","1302","社会福祉施設","130201","社会福祉施設","1~9","3","その他の装置等","37","用具","371","はしご等","1","墜落、転落"
"18","2018","平成","30","12","8~9","請け負った倉庫の外壁工事が終了したため、足場の解体作業を行っていた。被災者は駐輪場の屋根に置いてあったインパクトドライバーを取りに行き、駐輪場の屋根から屋根(巾約80センチメートル)に移動しようとしたところ、足を滑らせ約2.3m下のコンクリート床に墜落したもの。その後容体が急変し脳挫傷により死亡した。","3","建設業","302","建築工事業","30201","鉄骨・鉄筋コンクリート造家屋建築工事業","30~49","4","仮設物、建築物、構築物等","41","仮設物、建築物、構築物等","415","屋根、はり、もや、けた、合掌","1","墜落、転落"
"19","2018","平成","30","12","14~15","工場内において、直立ボール盤の主軸に作業服の襟とエプロンが巻き込まれて、被災労働者の首が絞まり、窒息し、死亡したもの。","1","製造業","112","金属製品製造業","11209","その他の金属製品製造業","1~9","1","動力機械","15","金属加工用機械","152","ボール盤、フライス盤","7","はさまれ、巻き込まれ"
"20","2018","平成","30","12","16~17","被災者は帰社後、一人でダンプの荷台から木柱を降ろしていた。同僚が敷地内の別の場所で作業していたところ、被災者の声を聞いた。声のした方を見ると、被災者がダンプの横の地面に倒れていた。病院に搬送されたものの、後日死亡した。","3","建設業","303","その他の建設業","30301","電気通信工事業","10~29","2","物上げ装置、運搬機械","22","動力運搬機","221","トラック","1","墜落、転落"
"21","2018","平成","30","12","12~13","被災者は、下り車線において、高速道路上の工事に伴う車線制限誘導作業を北に向かって行っていたところ、南から同僚の運転する2トントラックが後退し、それに轢かれた。その後、病院に搬送されたが、出血性ショックにより死亡した。","17","その他の事業","1702","その他の事業","170201","警備業","50~99","2","物上げ装置、運搬機械","22","動力運搬機","221","トラック","6","激突され"
"22","2018","平成","30","12","10~11","平屋建ての個人住宅(最大H=4.5m)の屋根上で、1人で屋根の袖(妻面側のふち)の屋根瓦の交換作業を行っていたところ、高さ約3.2mの位置から地面まで墜落した。会社では日常的には安全帯等の墜落防止措置を取っていなかった。なお、一人作業での墜落災害であり、墜落時の詳細は不明。","3","建設業","302","建築工事業","30209","その他の建築工事業","10~29","4","仮設物、建築物、構築物等","41","仮設物、建築物、構築物等","415","屋根、はり、もや、けた、合掌","1","墜落、転落"
"23","2018","平成","30","12","4~5","スリッターで切断したコイル材を、リコイラーから降ろそうと同僚が操作を行ったことにより、コイル材を支持しているアームが動き出し、被災者は、リコイラー本体とアームとの間に頸部を挟まれ死亡したもの。被災者はコイル材を外した際にコイル材が転がり落ちることを防止する支柱をコイル材の周りに取り付けるため、床に置かれていた支柱を持ち上げようとしゃがみ、アームの稼働範囲に入ってしまったもの。","1","製造業","110","鉄鋼業","11009","その他の鉄鋼業","30~49","1","動力機械","15","金属加工用機械","159","その他の金属加工用機械","7","はさまれ、巻き込まれ"
"24","2018","平成","30","12","18~19","自動車専用道路(制限速度70キロメートル/hの対面通行)の直線部分で、被災者が運転する2トントラックがセンターラインを越えて右側反対車線へはみ出し対向車と接触。その後、自車線左側のガードレールに車体を擦りながら逸走した後、道路左側のガードレールを突き破って約5メートル下の山林に転落し、胸などを強く打って死亡した。","4","運輸交通業","403","道路貨物運送業","40301","一般貨物自動車運送業","1~9","2","物上げ装置、運搬機械","22","動力運搬機","221","トラック","17","交通事故（道路）"
"25","2018","平成","30","12","14~15","被災者は、屋内開閉所(発電所と送電線を接続する箇所で開閉器等が設置されている)で2号線(3相275KV停止中)の1相分に設置されている避雷器の絶縁抵抗を測定していたものだが、接地線(アース)が接続されていると正確に測定できないことから、屋外へ出て1相分の接地線を素手で外していたところ、感電し火傷を負って死亡した。なお、被災時、隣の1号線(3相275KV)は受電状態となっていた。","3","建設業","303","その他の建設業","30309","その他の建設業－その他","30~49","3","その他の装置等","35","電気設備","351","送配電線等","13","感電"
"26","2018","平成","30","12","8~9","被災者は、傾斜45度の地山で立木に安全標識を取り付けようとして足を滑らせ、地山を約50メートル転落した。","3","建設業","301","土木工事業","30108","砂防工事業","30~49","7","環境等","71","環境等","711","地山、岩石","1","墜落、転落"
"27","2018","平成","30","12","8~9","ペットボトル選別作業場内にあるスクリューコンベアに挟まれている被災者を同僚が発見したもの","1","製造業","117","その他の製造業","11709","その他の製造業－その他","1~9","2","物上げ装置、運搬機械","22","動力運搬機","224","コンベア","7","はさまれ、巻き込まれ"
"28","2018","平成","30","12","18~19","国外の出張先において、客先での打ち合わせのため、現地の法人の運転者が運転する車両の助手席に同乗し、移動を行っていた。高速道路上を走行中、センターラインをはみ出してきた対向車両(バス)と正面衝突したもの。病院に搬送されたが、(同乗の運転者とともに)死亡が確認された。","3","建設業","302","建築工事業","30209","その他の建築工事業","100~299","2","物上げ装置、運搬機械","23","乗物","231","乗用車、バス、バイク","17","交通事故（道路）"
"29","2018","平成","30","12","10~11","工場に設置されているスクリューコンベヤー付近の清掃作業中、不意に動き出したスクリューコンベヤーに両大腿部付近まで巻き込まれた。","1","製造業","109","窯業土石製品製造業","10901","セメント・同製品製造業","1~9","2","物上げ装置、運搬機械","22","動力運搬機","224","コンベア","7","はさまれ、巻き込まれ"
"30","2018","平成","30","12","8~9","ドライアイスの製造工場にて、自動包装用産業用ロボットを用いて、角形のドライアイスの梱包作業を行っていたところ、産業用ロボットのアームとドライアイスに被災者が挟まれ、同日死亡したもの。","1","製造業","117","その他の製造業","11709","その他の製造業－その他","1~9","1","動力機械","16","一般動力機械","167","産業用ロボット","7","はさまれ、巻き込まれ"
"31","2018","平成","30","12","0~1","代行運転で、被災者が随伴用の軽自動車を運転し、同僚が運転する客の自動車の後ろを付いて走っていたところ、道路脇の縁石に乗り上げ、街路樹に衝突し、胸等を強く打つ等して死亡した。道路にブレーキ痕はなかった。事故現場は片側1車線の直線であった。","17","その他の事業","1702","その他の事業","170209","その他の事業－その他","10~29","2","物上げ装置、運搬機械","23","乗物","231","乗用車、バス、バイク","17","交通事故（道路）"
"32","2018","平成","30","12","14~15","民有林内において、杉の間伐作業を実施。杉立木を伐倒したところ、伐倒予定方向が狂い6m離れた杉立木にかかり木となった。このかかり木を外すため、山側の杉立木を浴びせ倒しにより外そうとしたところ、さらにかかり木となったため、2本かかられた杉立木(胸高直径57センチメートル、樹高約30m)を伐倒して、かかり木を外そうと、受け口のあと、追い口を入れていたとき、2本のかかり木が被災者に倒れて全身打撲により死亡した。","6","農林業","602","林業","60201","木材伐出業","10~29","7","環境等","71","環境等","712","立木等","5","崩壊、倒壊"
"33","2018","平成","30","12","10~11","橋梁の撤去工事現場において、河川水が工事箇所に流入することを防ぐため、工事箇所の周囲に盛土を行う作業中、ダンプカーを運転し、土砂を運搬する作業に従事していた被災者がダンプカーの荷台を上げ、土砂を降ろした後、撤去予定の橋桁の下方を通過しようとした際、ダンプカーの荷台が上がったままであったため、荷台が橋桁に激突した後、橋桁がダンプカーの運転席に落下し、同日、被災者の死亡が確認された。","3","建設業","301","土木工事業","30105","橋梁建設工事業","10~29","2","物上げ装置、運搬機械","22","動力運搬機","221","トラック","3","激突"
"34","2018","平成","30","12","8~9","被災者を含む4名で、個人宅(木建)の解体作業を行っていたところ、土壁が倒壊し、被災者1名が下敷きとなり、心破裂により死亡に至ったもの。","3","建設業","302","建築工事業","30209","その他の建築工事業","10~29","4","仮設物、建築物、構築物等","41","仮設物、建築物、構築物等","418","建築物、構築物","5","崩壊、倒壊"
"35","2018","平成","30","12","10~11","社長が車両積載型トラッククレーンを操作し産業廃棄物のコンテナを吊り上げて移動させた後、被災者は社長の指示により玉掛けフックを付け替えようと梯子を移動させていたところ、そのコンテナが倒壊し下敷きになったもの。","15","清掃・と畜業","1501","清掃・と畜業","150102","産業廃棄物処理業","1~9","6","荷","61","荷","611","荷姿の物","5","崩壊、倒壊"
"36","2018","平成","30","12","8~9","林内道路の舗装現場(道路幅約3m、道路勾配約18%)において、生コンクリートの荷卸し作業のためにミキサー車(アジテータ・トラック)を駐車し、被災者が運転席から降りて後方のステップに上がっていた際に車両が動き出した。運転席は無人で、停車させることができなかったことから車両は山肌に乗り上げ横転し、被災者は車両の下敷きとなった。","1","製造業","109","窯業土石製品製造業","10901","セメント・同製品製造業","1~9","2","物上げ装置、運搬機械","22","動力運搬機","221","トラック","6","激突され"
"37","2018","平成","30","12","22~23","紙の製造作業において、不良製品が発生したため、抄紙機(原料から紙を製造する機械)のプレスパート(濡紙をフェルトを用いてプレスで脱水する工程)の地下1階部分を点検していたところ、フェルトを送るローラーと鉄製の吸水棒の間に挟まれたもの。","1","製造業","106","パルプ・紙・紙加工品製造業","10601","パルプ・紙製造業","100~299","1","動力機械","16","一般動力機械","169","その他の一般動力機械","7","はさまれ、巻き込まれ"
"38","2018","平成","30","12","12~13","3泊4日の取引先への営業回りのため、労働者が社用車で本社を出発し、営業所所属の被災者と合流し取引先をいくつか訪問した。取引先へ向かう途中の道路上で、自車がスリップして対向車線にはみ出し、対向車線を走行していたタンクローリーに正面衝突した。助手席にいた営業所所属の労働者は死亡、運転していた本社所属労働者も骨折した。","1","製造業","112","金属製品製造業","11209","その他の金属製品製造業","1~9","2","物上げ装置、運搬機械","23","乗物","231","乗用車、バス、バイク","17","交通事故（道路）"
"39","2018","平成","30","12","21~22","被災者は、フォークリフトを用いて屋外に置かれていた、ペレット原料の運搬作業に従事していた。製造作業場所に戻ってこなかったので、同僚が探したところ、ペレットの入っていたフレコンバック(約1トン)の下敷きなっていたところを発見されたもの。","1","製造業","108","化学工業","10805","プラスチック製品製造業","10~29","6","荷","61","荷","611","荷姿の物","5","崩壊、倒壊"
"40","2018","平成","30","12","14~15","トラックに架設ベント材(50×50×500センチメートル、重量764キログラム)を積み込む作業を行っていた。移動式クレーンを用いて3列3段に下から順に積み込み、最後のベント材の玉掛け用ワイヤロープをベント材から外す際、クレーンを巻き上げることにより玉掛け用ワイヤロープをベント材から抜いたため、玉掛け用ワイヤロープがベント材に引っかかりベント材が2.5m落下し、被災者に当たった。","3","建設業","301","土木工事業","30105","橋梁建設工事業","1~9","5","物質、材料","52","材料","521","金属材料","4","飛来、落下"
"41","2018","平成","30","12","12~13","被災者は、事業場敷地内で伐倒した杉の枝払いをしていたが、杉と地面の間に頭部を挟まれた状態で発見されたもの。","1","製造業","117","その他の製造業","11709","その他の製造業－その他","1~9","7","環境等","71","環境等","712","立木等","4","飛来、落下"
"42","2018","平成","30","12","10~11","個人宅敷地内にある立木(高さ7.5m)を伐倒する作業を作業員2名で行っていたところ、被災者が倒れてきた立木の下敷きになり、骨盤部、頭部等を負傷し死亡したもの。","3","建設業","302","建築工事業","30209","その他の建築工事業","1~9","7","環境等","71","環境等","712","立木等","5","崩壊、倒壊"
"43","2018","平成","30","12","10~11","被災者は工事現場に向かうため、軽トラックに1人で乗り、会社を出発し、インターから自動車道を走行中、トンネル手前で対向車線にはみ出し、対向車線を走行していた乗用車に衝突、脳挫傷により死亡した。","3","建設業","303","その他の建設業","30301","電気通信工事業","10~29","2","物上げ装置、運搬機械","23","乗物","231","乗用車、バス、バイク","17","交通事故（道路）"
"44","2018","平成","30","12","10~11","被災者は、移動式クレーンで吊った埋め戻し用土砂を入れたバケット(土砂運搬用の金属容器)を用い、掘削面の埋め戻し作業を行っていたが、当該バケットを吊り上げている途中、高さ12メートルの場所で移動式クレーンのフックに取り付けられた補助吊り具に取り付けられた玉掛けワイヤーロープが外れて、バケットが地上に落下して跳ね、近くにいた被災者に激突したもの。","3","建設業","302","建築工事業","30201","鉄骨・鉄筋コンクリート造家屋建築工事業","1~9","3","その他の装置等","37","用具","372","玉掛用具","6","激突され"
"45","2018","平成","30","12","14~15","石油ストーブの間近で、エタノールを使用し、椅子に座りながら製品の洗浄作業を行っていたところ、椅子に敷いてあった座布団がストーブに接触していたことから、座布団から身体に燃え移り、火傷を負ったもの。後日死亡が確認された。","1","製造業","112","金属製品製造業","11209","その他の金属製品製造業","10~29","3","その他の装置等","39","その他の装置、設備","391","その他の装置、設備","16","火災"
"46","2018","平成","30","12","12~13","自動溶接機のロールに体がはさまれた状態で発見されたもの。被災者は溶接対象物(単管パイプ(長さ11m30センチメートル、直径6センチメートル)6本を、それぞれの単管の間に棒状の板をはさみ、縦方向に溶接し、いかだ状となったもの)に激突された結果、転倒し、体が当該溶接対象物の上にのって、そのまま運ばれ、進行方向にあったロールに体がはさまれたものと推定される。","1","製造業","113","一般機械器具製造業","11301","機械（精密機械を除く）器具製造業","300~499","3","その他の装置等","33","溶接装置","332","アーク溶接装置","6","激突され"
"47","2018","平成","30","12","14~15","フォークリフトを用いて農業機械の運搬作業に従事していた労働者が、横倒しになった当該フォークリフトのフォークに頭部を激突され、死亡したもの。","8","商業","801","卸売業","80109","その他の卸売業","1~9","2","物上げ装置、運搬機械","22","動力運搬機","222","フォークリフト","6","激突され"
"48","2018","平成","30","12","4~5","パレットに載せた段ボール製品をトラック荷台に積み込み、パレット積みの段ボールが搬送中に相互にぶつかって傷まないように、緩衝用として段ボールをかましていたところ、荷台の端から足を滑らせ墜落した。","4","運輸交通業","403","道路貨物運送業","40302","特定貨物自動車運送業","10~29","2","物上げ装置、運搬機械","22","動力運搬機","221","トラック","1","墜落、転落"
"49","2018","平成","30","12","21~22","横断歩道を歩行中に右方から走行してきた車に激突され死亡したもの。","8","商業","801","卸売業","80101","各種商品卸売業","100~299","2","物上げ装置、運搬機械","23","乗物","231","乗用車、バス、バイク","17","交通事故（道路）"
"50","2018","平成","30","12","14~15","被災者と作業員Aの2名はエアコンの取付工事を請け負い、発注者所有の脚立や三脚を使用し、地上から高さ約3.0メートルの位置に室外機の設置等を行っていたものであるが、3台中2台のエアコンの設置が終わり、作業員Aが別の現場に向かい、被災者が単独で作業を進めていた時、被災者が建屋の前でうずくまっている姿を近隣住民が発見したものである。","3","建設業","302","建築工事業","30203","建築設備工事業","10~29","3","その他の装置等","37","用具","371","はしご等","1","墜落、転落"
"51","2018","平成","30","12","14~15","被災者を探していた工場長が、工場内のバーナー室において、乾燥キルン付属の回転するホイールとバーナー発生装置の間に上半身を突っ込んだ状態の被災者を発見したもの。","1","製造業","117","その他の製造業","11709","その他の製造業－その他","1~9","1","動力機械","12","動力伝導機構","121","動力伝導機構","7","はさまれ、巻き込まれ"
"52","2018","平成","30","12","12~13","被災者は、ワゴン車で国道の緩やかな左カーブを走行中、対向車線にはみ出し、車両が横向きになったところ、直進してきた対向車のタンクローリが車両助手席側に追突した。被災者は病院に搬送されたが、頭部出血、骨盤骨折、心臓動脈乖離による多臓器不全のため、後日死亡した。","8","商業","802","小売業","80209","その他の小売業","30~49","2","物上げ装置、運搬機械","23","乗物","231","乗用車、バス、バイク","17","交通事故（道路）"
"53","2018","平成","30","12","8~9","搬入した建築資材の荷卸しをするため、被災者及び他の労働者1名が玉掛作業をするためにトラックの荷台に乗っていたところ、別会社に所属する労働者が運転する移動式クレーンでつり荷を地切りした際に、つり荷が水平方向に横ずれしたため、つり荷が被災者と接触し、荷台から墜落して負傷(頚髄損傷)し、病院で治療を受けていたが、後日死亡した。","4","運輸交通業","403","道路貨物運送業","40301","一般貨物自動車運送業","30~49","2","物上げ装置、運搬機械","22","動力運搬機","221","トラック","1","墜落、転落"
"54","2018","平成","30","12","12~13","木造平屋建ての音楽教室の手作業による解体中に、防音設備として設けられていた3.88×3.47m四方のコンクリートブロックの壁部分が倒れて、当該壁の側で床の解体をしていた被災者が背中側から下敷きとなり、床材との間に挟まり被災した。災害発生当日の午前中に当該壁の周囲の木製柱と梁が解体され自立した状態であったが、突然倒れたもの。救出後、医療機関に搬送されたが、後日死亡した。","3","建設業","302","建築工事業","30202","木造家屋建築工事業","10~29","4","仮設物、建築物、構築物等","41","仮設物、建築物、構築物等","418","建築物、構築物","5","崩壊、倒壊"
"55","2018","平成","30","12","21~22","被災者は配送先に到着後、構内ホームに後進で5tトラック(箱型冷蔵冷凍車)を停車し、荷卸しのために下車してトラックの後ろ扉を開けたところ、トラックが動き出してトラックとホームの間に挟まれ死亡したもの。","4","運輸交通業","403","道路貨物運送業","40301","一般貨物自動車運送業","10~29","2","物上げ装置、運搬機械","22","動力運搬機","221","トラック","7","はさまれ、巻き込まれ"
"56","2018","平成","30","12","16~17","木造2階建て一般家屋の屋根補修のための昇降用くさび緊結式単管足場を被災者が一人で組み立てていたところ、足場の2層目(高さ約3.6メートル)付近から地上(コンクリート製の通路面)に墜落した。","3","建設業","302","建築工事業","30202","木造家屋建築工事業","1~9","4","仮設物、建築物、構築物等","41","仮設物、建築物、構築物等","411","足場","1","墜落、転落"
"57","2018","平成","30","12","14~15","工場の壁に「火気厳禁」の看板を取り付け作業中にはしごから墜落したもの。(推定)物音で気がついた他の作業員が、床面に横たわっていた被災者を発見し、救急搬送されたが、入院先の病院で死亡した。","1","製造業","111","非鉄金属製造業","11102","非鉄金属鋳物業","50~99","3","その他の装置等","37","用具","371","はしご等","1","墜落、転落"
"58","2018","平成","30","12","2~3","被災者が販売店から配達エリアへバイクで向かっていたところ、道路上の道路標識の支柱に激突した。","8","商業","802","小売業","80205","新聞販売業","100~299","2","物上げ装置、運搬機械","23","乗物","231","乗用車、バス、バイク","17","交通事故（道路）"
"59","2018","平成","30","12","10~11","エアガンを用いて鶏舎内で羽毛を除去する清掃作業を行っていた被災者が、集卵エレベーター(以下コンベヤー)とコンベヤーとの間に取り付けられた動力伝達シャフ部分に、衣服、髪などが巻き込まれ意識不明の状態で発見された。その後、被災者は収容先の病院で死亡したもの。","7","畜産・水産業","701","畜産業","70101","畜産業","10~29","1","動力機械","12","動力伝導機構","121","動力伝導機構","7","はさまれ、巻き込まれ"
"60","2018","平成","30","12","10~11","ログハウス(平屋建て)の屋根葺き作業において、屋根端部から約2.9m下の地上に墜落し、頭部を強打したもの。負傷から11日後に死亡。","3","建設業","302","建築工事業","30209","その他の建築工事業","1~9","4","仮設物、建築物、構築物等","41","仮設物、建築物、構築物等","415","屋根、はり、もや、けた、合掌","1","墜落、転落"
"61","2018","平成","30","11","14~15","被災者は、2階建てアパートの屋根上で塗装作業を行っていたところ、屋根の端から足場作業床に墜落し、さらに作業床の手すりの下から地面まで墜落したもの(屋根の端から地面までの垂直高さ:約6.7m)","3","建設業","303","その他の建設業","30309","その他の建設業－その他","1~9","4","仮設物、建築物、構築物等","41","仮設物、建築物、構築物等","415","屋根、はり、もや、けた、合掌","1","墜落、転落"
"62","2018","平成","30","11","12~13","建築現場にて、地上からの高さ約3.1mのくさび式足場材で構成した一側ブラケット足場のブラケット(幅約40センチメートルの作業床(布板))の上で躯体ベランダのペンキ塗装作業中、当該足場上で横たわるようにして倒れていたことが確認された後、地上からの高さ約0.8mのウッドデッキへ墜落し、さらに反動で地上へ墜落したもの。","3","建設業","302","建築工事業","30202","木造家屋建築工事業","1~9","4","仮設物、建築物、構築物等","41","仮設物、建築物、構築物等","411","足場","1","墜落、転落"
"63","2018","平成","30","11","8~9","ビルの新築工事現場において、被災者は11階エレベーターシャフト内の仮設デッキプレート上にてラス取付け作業中、仮設デッキプレートが未敷設の開口部分に敷かれていた養生シートを踏み抜き1階まで墜落した。","3","建設業","302","建築工事業","30201","鉄骨・鉄筋コンクリート造家屋建築工事業","1~9","4","仮設物、建築物、構築物等","41","仮設物、建築物、構築物等","414","開口部","1","墜落、転落"
"64","2018","平成","30","11","6~7","成形機の金型取替え作業中に、手すり付脚立(高さ約80センチメートル)から墜落し、踏面の下から2段目に足が引っ掛かった状態で発見されたもの。","1","製造業","114","電気機械器具製造業","11402","軽電機製造業","30~49","3","その他の装置等","37","用具","371","はしご等","1","墜落、転落"
"65","2018","平成","30","11","14~15","つり上げ荷重70tのクローラクレーンで、クランプ2個を用いてつり上げていたH型鋼杭(長さ25m、重さ4.66t)を斜面に仮置きするため、H型鋼杭の片側端部を斜面に着地させ、さらに巻き下げにて荷を下ろそうとしていたところ、クランプからH型鋼杭が外れて落下し、合図者である被災者がH型鋼杭と切株との間にはさまれ死亡したもの。なお、クランプ1個の許容荷重は1tであった。","3","建設業","301","土木工事業","30105","橋梁建設工事業","10~29","3","その他の装置等","37","用具","372","玉掛用具","4","飛来、落下"
"66","2018","平成","30","11","14~15","構内(屋外)を徒歩で移動中に、後方から来たフォークリフトの左前輪に轢かれたもの。","1","製造業","115","輸送用機械等製造業","11501","造船業","30~49","2","物上げ装置、運搬機械","22","動力運搬機","222","フォークリフト","6","激突され"
"67","2018","平成","30","11","10~11","被災者は胸高直径30センチメートル、高さ16mの立木を伐倒するため、チェーンソーを用いて受け口と追い口を入れた後、2.7m離れた西側にある立木の裏側に退避した。立木は予定した方向である北東側へ倒れ始めたが、立木の上部に絡まっていたつるにより倒れきらず、同僚労働者が木材グラップル機のグラップル装置の側面で軽く押したところ、立木の根元側が西側へ向かって滑走したため退避していた被災者は激突された。","3","建設業","301","土木工事業","30109","土地整理土木工事業","10~29","7","環境等","71","環境等","712","立木等","6","激突され"
"68","2018","平成","30","11","16~17","死亡した被災者は1階屋根の下地工事中、屋根上を移動していたときに、軒先で作業していた別の作業員と接触し、軒先から2.75m下のコンクリート地面に墜落し死亡した。","3","建設業","302","建築工事業","30202","木造家屋建築工事業","1~9","4","仮設物、建築物、構築物等","41","仮設物、建築物、構築物等","415","屋根、はり、もや、けた、合掌","1","墜落、転落"
"69","2018","平成","30","11","12~13","被災者はトラクターを使用して田起こしの作業を行っていた。作業を終えた田の中から土手の上の農道へスロープ状の通路をトラクターで上り出ようとしたところ、左折途中でトラクターが脱輪し、トラクターごと土手から横転しながら滑落した。その際、地面にうつぶせに倒れこんだ被災者の上半身にトラクターが落下し、地面とトラクターのタイヤの間に挟まれたもの。","6","農林業","601","農業","60101","農業","1~9","1","動力機械","16","一般動力機械","169","その他の一般動力機械","1","墜落、転落"
"70","2018","平成","30","11","12~13","被災者は海上で浮沈式イケス(20m×20m)の周囲に設置されている浮き(60センチメートル×120センチメートル)を清掃する作業をしていたが、同僚が被災者の姿が見当たらないことに気付き捜索したところ、作業場所のすぐ脇の海面にうつぶせで浮いている状態で発見されたもの。救出後病院に搬送され死亡が確認された。被災者は自身で紐を引っ張り膨張させるベルトタイプの救命胴衣を着用していたが発見の時救命胴衣は膨張していなかった。","7","畜産・水産業","702","水産業","70209","その他の水産業","30~49","3","その他の装置等","39","その他の装置、設備","391","その他の装置、設備","10","おぼれ"
"71","2018","平成","30","11","10~11","信号のない交差点の横断歩道を横断中に直進してきたトラックにはねられた。","1","製造業","115","輸送用機械等製造業","11502","自動車・同付属品製造業","1000~9999","2","物上げ装置、運搬機械","22","動力運搬機","221","トラック","17","交通事故（道路）"
"72","2018","平成","30","11","12~13","既設送電鉄塔の点検保守作業後、アース(送電線を鉄塔に接地)取り外し作業を終えた被災者が鉄塔から地上に降りる際、約30メートルの高さから墜落したもの。アース取り外し作業は被災者を含め2名で行われており、降下の際被災者が背負っていた搬送部材の落下を防止するため中途で2名の上下位置を入れ替えようとした際に上側に移動した被災者がバランスを崩し墜落に至ったもの。","17","その他の事業","1702","その他の事業","170209","その他の事業－その他","100~299","4","仮設物、建築物、構築物等","41","仮設物、建築物、構築物等","418","建築物、構築物","1","墜落、転落"
"73","2018","平成","30","11","12~13","トラックで高速道路を走行中、乗用車に後方から追突され、トラックが横転し、運転者が死亡した。","4","運輸交通業","403","道路貨物運送業","40301","一般貨物自動車運送業","30~49","2","物上げ装置、運搬機械","22","動力運搬機","221","トラック","17","交通事故（道路）"
"74","2018","平成","30","11","10~11","清掃や給仕の補助作業を行っていた被災者が、建物内階段の踊り場に倒れているところを発見されたもの。","14","接客娯楽業","1402","飲食店","140201","一般飲食店","10~29","4","仮設物、建築物、構築物等","41","仮設物、建築物、構築物等","413","階段、桟橋","1","墜落、転落"
"75","2018","平成","30","11","12~13","2tトラックの荷台上にて、積み込んだ荷へのシート掛け作業を終え、地面に降りようとしたところ、そのまま転落し、頭部を打って死亡した。なお、保護帽は着用していなかった。","15","清掃・と畜業","1501","清掃・と畜業","150103","その他の廃棄物処理業","1~9","2","物上げ装置、運搬機械","22","動力運搬機","221","トラック","1","墜落、転落"
"76","2018","平成","30","11","10~11","被災者は、工場内で建築用鉄骨(H鋼重量約400キログラム長さ約5m)をハッカーで玉掛けし天井クレーンで吊り上げ、作業架台に降ろした。被災者が、ハッカーをH鋼より外したところ、当該H鋼が被災者方向に作業架台より落下し、下敷きになった。救急により病院に搬送されたが死亡が確認された。","1","製造業","110","鉄鋼業","11001","製鉄・製鋼・圧延業","1~9","3","その他の装置等","37","用具","372","玉掛用具","4","飛来、落下"
"77","2018","平成","30","11","4~5","被災者は、新聞配達を終え、バイクにて、事業場に向かっていたところ、信号機のない交差点で乗用車と出会頭に衝突し、全身を強く打って死亡した。","8","商業","802","小売業","80205","新聞販売業","30~49","2","物上げ装置、運搬機械","23","乗物","231","乗用車、バス、バイク","17","交通事故（道路）"
"78","2018","平成","30","11","12~13","牛用飼料の製造・梱包・出荷を行うセンター内において、エアブロワーを使用して、被災者がベルトコンベヤのローラー周辺の掃除作業を行っていた時、同機械を停止させずに掃除作業を行い、回転するベルトコンベヤのローラーとコンベアベルトの間に両腕を挟まれ、出血死したもの。","1","製造業","117","その他の製造業","11709","その他の製造業－その他","50~99","2","物上げ装置、運搬機械","22","動力運搬機","224","コンベア","7","はさまれ、巻き込まれ"
"79","2018","平成","30","11","10~11","災害発生当日は被災者Aと、Bの2名での作業であり、滝の正確な高さを計測するため、Bは被災者に滝下の岩盤にポールを立ててくるよう指示し、Aは滝側面の遊歩道を通って滝下へ向かった。岩盤に到着するとAから連絡が来ることになっていたが、連絡が来なかった。Bは岩盤に行ったが、Aはいなかったため、消防に連絡し、Aを捜索したところ、岩盤より上流の窪み(深さ約1m)に沈んでいたAを発見した。","17","その他の事業","1702","その他の事業","170209","その他の事業－その他","1~9","7","環境等","71","環境等","713","水","10","おぼれ"
"80","2018","平成","30","11","18~19","集成材の縦継ぎ加工作業を終え、フィンガージョイント(材を横切り及び切削を行う機械)の周辺清掃のため、集塵ダクトで木屑等を吸引していたところ、当該機械の切削回転歯に左腕が接触し巻き込まれた。","1","製造業","104","木材・木製品製造業","10409","その他の木材・木製品製造業","10~29","1","動力機械","13","木材加工用機械","139","その他の木材加工用機械","7","はさまれ、巻き込まれ"
"81","2018","平成","30","11","12~13","被災者はブラケット足場上で、換気扇の取替え作業に伴う換気口清掃作業を行っていたものであるが、作業中に足場から墜落し、約17.3メートル落下し、死亡したものである。","3","建設業","302","建築工事業","30209","その他の建築工事業","1~9","4","仮設物、建築物、構築物等","41","仮設物、建築物、構築物等","411","足場","1","墜落、転落"
"82","2018","平成","30","11","21~22","被災者を含む2名の作業者が、トラックへの荷の積込み作業を行っていたところ、カゴ台車が倒れ、カゴ台車の上の荷物(重さ約80キログラム×6個、長さ約3m)が被災者に激突した。カゴ台車の中には荷物は無く、上記の荷物をカゴ台車のわくの上に乗せているのみであった。","4","運輸交通業","403","道路貨物運送業","40301","一般貨物自動車運送業","50~99","3","その他の装置等","36","人力機械工具等","362","人力運搬機","5","崩壊、倒壊"
"83","2018","平成","30","11","14~15","工場棟内で、被災者と同僚1名がロールボックスパレット(以下「台車」という。)で、住宅用ドアの部材となる合板を運ぶ作業を行っていたところ、当該台車が転倒し、被災者が下敷きになった。被災者は病院に緊急搬送されたものの、約1時間半後に「外傷性くも膜下出血」で死亡が確認された。","1","製造業","104","木材・木製品製造業","10409","その他の木材・木製品製造業","100~299","3","その他の装置等","36","人力機械工具等","362","人力運搬機","6","激突され"
"84","2018","平成","30","11","14~15","被災者は、営業車を運転し自動車道上り線を走行していたところ、トンネル内となる上り35.7キロポスト付近にて、走行車線左側縁石に接触した。当該箇所は片側1車線道路であり、左側縁石に接触した反動で対向車線と区切るデリネーター付近にて制御不能となったところ、対向車線を走行してきたダンプトラックと衝突し、運転していた被災者は多発外傷で死亡したもの。","1","製造業","101","食料品製造業","10105","酒類製造業","50~99","2","物上げ装置、運搬機械","23","乗物","231","乗用車、バス、バイク","17","交通事故（道路）"
"85","2018","平成","30","11","12~13","被災者は工場内において、ホッパーに砂を充填する作業を行なおうとしていた。フォークリフトで砂の入ったフレコンをつり上げて、フレコンからホッパーに砂を充填しようとしたが、屋内での作業はスペース上、困難であったため、屋外で作業を行うことを考え、被災者は、ホッパーを人力で屋外に運んでいたが、ホッパーが転倒し被災者が下敷きになった。その後、被災者は搬送先の病院において、死亡が確認された。","1","製造業","109","窯業土石製品製造業","10909","その他の土石製品製造業","10~29","3","その他の装置等","39","その他の装置、設備","391","その他の装置、設備","7","はさまれ、巻き込まれ"
"86","2018","平成","30","11","10~11","航空基地への揚油作業(沖合200m付近のタンカーからタンクに納品。)を行うため、ゴムボートでタンカーをブイに係留する準備作業を行っていたところ、高波を受けボートが転覆し、作業者5人と自衛隊員1人が海上に投げ出されたもの。直後から被災者は意識なく、災害派遣要請により自衛隊ヘリコプターで救助、本土に搬送されるも、搬送先で死亡が確認された。","17","その他の事業","1702","その他の事業","170209","その他の事業－その他","10~29","7","環境等","71","環境等","713","水","10","おぼれ"
"87","2018","平成","30","11","10~11","台風により破損したスレート屋根補修作業中に、スレートを踏み抜き、高さ約10mから墜落したもの。","3","建設業","303","その他の建設業","30309","その他の建設業－その他","1~9","4","仮設物、建築物、構築物等","41","仮設物、建築物、構築物等","415","屋根、はり、もや、けた、合掌","1","墜落、転落"
"88","2018","平成","30","11","8~9","被災者は積載型トラッククレーン(ユニック車)を運転して法面養生用の鉄板を現場に搬入する業務に従事していたが、現場に同車両を駐車した際に、同車両が後方へ逸走し始めたため、これを被災者が止めようと車両の助手席ドア部分を押さえていたところ、押さえきれずに車両と共に車両停車位置の側方の路肩下部へ転倒・転落し、車両の下敷きとなったもの。","3","建設業","302","建築工事業","30209","その他の建築工事業","10~29","2","物上げ装置、運搬機械","21","動力クレーン等","212","移動式クレーン","7","はさまれ、巻き込まれ"
"89","2018","平成","30","11","8~9","民有林の間伐作業現場において、被災者はチェーンソーを用いて伐倒作業中、偏心したナラの木(胸高直径43センチメートル)を伐倒したところ、伐倒方向先にあった枯損木(ナラの木)に当たり、当該枯損木が被災者側に倒れてきて、頭部に激突したものである。被災者に激突した枯損木は、胸高直径21センチメートル、長さ14mであった。","6","農林業","602","林業","60201","木材伐出業","1~9","7","環境等","71","環境等","712","立木等","6","激突され"
"90","2018","平成","30","11","14~15","被災者は、当該工事において、地面からの高さ1.5mの一側足場(作業床の幅0.25m)の上で左官作業を行っていたが、地面から1.5m下の川岸の段差に墜落し、更にその1.9m下の川に墜落して、頭部に挫傷を負った。救急病院に搬送されたが、同日死亡した。当該店舗は川沿いに建っているが、川側の敷地が狭く、幅が0.4m~1.4mしかなかった。足場に手すりはあり、被災者は、保護帽を着用していた。","3","建設業","302","建築工事業","30202","木造家屋建築工事業","1~9","4","仮設物、建築物、構築物等","41","仮設物、建築物、構築物等","411","足場","1","墜落、転落"
"91","2018","平成","30","11","14~15","被災者は鋼板の成型で使用するローラーの組立作業を行っており、天井クレーンを用いてロールを台座の上に置き、ロールと台座をボルトで固定した後、玉掛け用ワイヤロープに付けたシャックルを外した。被災者が天井クレーンの運転者に巻き上げの合図を行い、当該ワイヤロープを天井クレーンで引き上げたところ、ロール及び台座(約1.7トン)が持ち上がって被災者の方へ転倒し、被災者の背面にあった台座との間に挟まれ被災した。","1","製造業","117","その他の製造業","11702","機械修理業","1~9","3","その他の装置等","37","用具","372","玉掛用具","5","崩壊、倒壊"
"92","2018","平成","30","11","6~7","県道(片側1車線)にて、被災者は汚泥をバキューム車で施設に運ぶ途中、センターラインをはみ出し、対向車線を走っていた11トントラックと正面衝突をした。バキューム車の運転手は全身を打ち、まもなく死亡。また、トラックの運転手は重傷を負ったもの。","15","清掃・と畜業","1501","清掃・と畜業","150103","その他の廃棄物処理業","30~49","2","物上げ装置、運搬機械","22","動力運搬機","221","トラック","17","交通事故（道路）"
"93","2018","平成","30","11","12~13","被災者は河川の岸側において鋼矢板の圧入作業のための溶接、玉掛け業務に従事していた。被災者が鋼矢板を玉掛けした後、クレーンのOPが吊り上げられた鋼矢板をパイラー上まで移動させ、鋼矢板の移動後、パイラーの近くにいた別の作業員が鋼矢板のセクションにあわせていた際、鋼矢板に溶接で固定されていたウォータージェット用の鋼管が外れ、岸側にいた被災者を直撃した。","3","建設業","301","土木工事業","30107","河川土木工事業","50~99","5","物質、材料","52","材料","521","金属材料","4","飛来、落下"
"94","2018","平成","30","11","21~22","空調機の新設工事において、給電ケーブルの敷設工事を作業員5名で行っていた。1名の作業員が脚立(高さ2.64m)に上がって天板にまたがる姿勢で、給電ケーブルを仮固定をしていた番線を解く(ペンチで切断)作業をしていたところ、解かれた同ケーブルが落下し、これを同作業員が受け止める形となり、はずみで脚立上から墜落したもの。(墜落時の足の位置は高さ2.02m)","3","建設業","303","その他の建設業","30301","電気通信工事業","1~9","3","その他の装置等","37","用具","371","はしご等","1","墜落、転落"
"95","2018","平成","30","11","14~15","納品先にて、トラックの荷台から荷(ロール状フィルム(50キログラム×20ロール=1t)を積んだパレット)を納品先労働者が運転するリーチフォークリフト(最大荷重1.35t)で下ろす際、荷台奥の荷にフォークが届かないため、ワイヤロープをパレットとフォークリフトのバックレストに掛け、フォークリフトを後退させ引いていたところ、荷台から荷が落ちそうになり、被災者が止めようとしたが支えきれず荷の下敷きになったもの。","1","製造業","107","印刷・製本業","10701","印刷業","1~9","2","物上げ装置、運搬機械","22","動力運搬機","222","フォークリフト","4","飛来、落下"
"96","2018","平成","30","11","10~11","顧客の商品自動車を引き取るため、顧客の店舗付近の車両を保管してある駐車場へ当該店舗の担当者の案内で移動中、道路を横断するため歩行者用信号が青になったことに従い横断歩道を渡っていたところ、被災者の左側から走行してきた軽貨物自動車にはねられ死亡したもの。","4","運輸交通業","403","道路貨物運送業","40301","一般貨物自動車運送業","50~99","2","物上げ装置、運搬機械","22","動力運搬機","221","トラック","17","交通事故（道路）"
"97","2018","平成","30","11","6~7","荷主の営業所が営業を開始する直前に、同営業所前の路上で、トラック(積載荷重11.6t)の荷台に積まれたフォークリフトを降ろすため、被災者が同僚と荷台後方の荷降ろし用スロープをセットしていたところ、荷台に縦列に積まれていたフォークリフト3台のうち、最も後方にあったフォークリフト(最大積載荷重3.5t)1台が逸走し、荷台後方のスロープ上で、フォークリフトに腰から下を挟まれて死亡したものである。","4","運輸交通業","403","道路貨物運送業","40301","一般貨物自動車運送業","1~9","2","物上げ装置、運搬機械","22","動力運搬機","222","フォークリフト","7","はさまれ、巻き込まれ"
"98","2018","平成","30","11","6~7","会社から土砂を積みに行くため、ダンプカーで国道を南進中、橋を渡って200メートルほどの地点で反対車線にはみ出して防雪柵に衝突、頚髄断裂により死亡した。小雨が降っており、路面は濡れていた。","4","運輸交通業","403","道路貨物運送業","40309","その他の道路貨物運送業","50~99","2","物上げ装置、運搬機械","22","動力運搬機","221","トラック","17","交通事故（道路）"
"99","2018","平成","30","11","14~15","被災者はLPガス補充のため、バルクローリー車をタンク前の所定の位置に停車させ、充填作業の準備作業を行っていたところ、誤ってローディングアームと呼ばれる連結管を接続することなくLPガス充填口のバルブを開けたため、バルクローリー車のタンクに残っていた-42°Cのプロパンガスが噴出して体に浴び、凍傷を負ったもの。","4","運輸交通業","403","道路貨物運送業","40302","特定貨物自動車運送業","30~49","2","物上げ装置、運搬機械","22","動力運搬機","221","トラック","11","高温・低温の物との接触"
"100","2018","平成","30","11","14~15","灯油販売用ローリー車でひとりで灯油を配達していた配達員が、客先の私道でローリー車を停車させ車外にいたところ、後退したローリー車もろとも約3m崖下の民家敷地に転落した。転落後に自力で這い出した配達員は救急搬送され、上半身圧迫による大動脈破裂のおそれや頭部裂傷のため入院加療するも、後日多臓器不全・大動脈乖離により死亡。配達員は転落時に地面又は崖とローリー車との間に挟まれたと思われる。","8","商業","802","小売業","80204","燃料小売業","1~9","2","物上げ装置、運搬機械","22","動力運搬機","221","トラック","7","はさまれ、巻き込まれ"
"101","2018","平成","30","11","10~11","出張による定期清掃を実施する施設において、、被災者は、脚立の天板から2段目(197センチメートル)の位置で、電球、電球傘及びはりの雑巾がけを行っていたところ、バランスをくずして墜落し頭部及び肩をコンクリートの床に強打し、右頸部骨折、右肩甲骨骨折等の重傷を負った。後日搬送先の病院で死亡した。","15","清掃・と畜業","1501","清掃・と畜業","150101","ビルメンテナンス業","10~29","3","その他の装置等","37","用具","371","はしご等","1","墜落、転落"
"102","2018","平成","30","11","8~9","スタッカーコンベアにおいて、コンベアの水洗作業中、コンベアとの接触防止用の柵を乗り越え、コンベア上に立ち入っていた被災者が、間欠起動したコンベアに巻き込まれた。","1","製造業","110","鉄鋼業","11001","製鉄・製鋼・圧延業","50~99","2","物上げ装置、運搬機械","22","動力運搬機","224","コンベア","7","はさまれ、巻き込まれ"
"103","2018","平成","30","11","8~9","事業場の敷地内において、派遣労働者がフォークリフトを運転して、半導体の洗浄機のブレーカユニット(高さ270センチメートル×幅78センチメートル×奥行き98センチメートル、重さ約850キログラム)を運搬していたところ、当該ブレーカーユニットが倒れ、誘導者としてフォークリフト付近にいた被災者が荷の下敷きになり即死したもの。","1","製造業","113","一般機械器具製造業","11301","機械（精密機械を除く）器具製造業","10~29","3","その他の装置等","39","その他の装置、設備","391","その他の装置、設備","6","激突され"
"104","2018","平成","30","11","8~9","被災者は、移動式クレーンのジブの先に取り付けられたカゴと呼ばれるアルミ製の搭乗設備に乗り、リモコンで操作しながら、高さ約7m、胸高直径40センチメートルのケヤキの木の剪定作業を行っていたが、何らかの理由でカゴから地上に墜落したもの。災害発生時、地上からカゴの作業床までの高さは6.4mで、被災者は安全帯、ヘルメットを着用していなかった。","6","農林業","601","農業","60101","農業","1~9","2","物上げ装置、運搬機械","21","動力クレーン等","212","移動式クレーン","1","墜落、転落"
"105","2018","平成","30","11","20~21","出張からの帰宅途中、高速道路上で被災者の運転するワゴン車が中央分離帯のガイドレールに接触し、横転した際に車外に放出されたもの。","8","商業","801","卸売業","80109","その他の卸売業","100~299","2","物上げ装置、運搬機械","23","乗物","231","乗用車、バス、バイク","17","交通事故（道路）"
"106","2018","平成","30","11","14~15","クローラクレーン(つり上げ荷重120トン、トラスジブ2段)のジブ解体作業にて、2段目のジブを1段目ジブ下部に格納、固定し、下向きになったジブ固定用ワイヤーロープのストラットを敷鉄板の上に置き、ジブ下部にてジブ先端に取り付けたカメラの配線、その他のケーブルの取り外し作業を行っていたところ、敷鉄板上ストラットが前方に滑り、そのはずみでジブがコンクリート床に落下しジブ下部で作業していた4名が被災した。","3","建設業","302","建築工事業","30201","鉄骨・鉄筋コンクリート造家屋建築工事業","10~29","2","物上げ装置、運搬機械","21","動力クレーン等","212","移動式クレーン","4","飛来、落下"
"107","2018","平成","30","11","8~9","電力会社の送電鉄塔の地上約25メートルの地点で点検完了箇所の写真撮影を行っていた際に感電したもの。被災者が写真撮影を行っていた箇所の上部には電圧6万6000ボルトのジャンパー線が設けられており、活線状態で作業が進められていた。災害発生当時、写真撮影を行っていたのは被災者のみであり、他の労働者(3名)は地上で監視業務等を行っていた。","3","建設業","303","その他の建設業","30301","電気通信工事業","10~29","3","その他の装置等","35","電気設備","351","送配電線等","13","感電"
"108","2018","平成","30","11","16~17","県道において被災者の運転するフォークリフト(4t)と他社の労働者が運転する2tトラックが衝突し、トラック運転手は左足骨折により入院、被災者は外傷性くも膜下出血により死亡したもの。災害発生場所は片側一車線の直線。災害発生時刻は帰宅ラッシュと重なる時間帯である。被災者はフォークリフト運転技能講習を修了していなかった。","1","製造業","115","輸送用機械等製造業","11509","その他の輸送用機械等製造業","1~9","2","物上げ装置、運搬機械","22","動力運搬機","221","トラック","17","交通事故（道路）"
"109","2018","平成","30","11","16~17","被災者はトンネル坑口より約2キロメートルの地点で、切羽の吹付作業終了後にコンクリ-トポンプ車のホッパーの掃除をしていた。約5m離れていた場所に停車していた無人のミキサー車が後進し、被災者はコンクリートポンプ車との間にはさまれ死亡したもの。ミキサー車を停車していた場所は7%の傾斜地であった。","3","建設業","301","土木工事業","30102","トンネル建設工事業","100~299","2","物上げ装置、運搬機械","22","動力運搬機","221","トラック","7","はさまれ、巻き込まれ"
"110","2018","平成","30","11","16~17","河川内において、動力の無い浮きクレーン台船により袋詰め玉石を川底に敷設する作業中、予定の敷設を終えて次の敷設箇所に移動させるため、水中に沈めていた係留用コンクリートアンカーを引き上げようと小型船外機船(総トン数0.4t)に搭乗した労働者2名が当該アンカーのロープを手繰っていた際、当該船外機船が転覆し、搭乗していた2名が水中に転落した。その後、1名は救出されたものの、もう1名が溺水により死亡した。","3","建設業","301","土木工事業","30199","その他の土木工事業","30~49","2","物上げ装置、運搬機械","23","乗物","239","その他の乗物","10","おぼれ"
"111","2018","平成","30","11","16~17","1か月ほど前に伐倒したダケカンバの下方で、被災者が他の伐倒木の造材作業を行っていたところ、枝切りされていた当該ダケカンバが何らかのきっかけで斜面を約20m滑り落ち、被災者に激突した。下敷きになった被災者は窒息死した。","6","農林業","602","林業","60201","木材伐出業","1~9","7","環境等","71","環境等","712","立木等","6","激突され"
"112","2018","平成","30","11","14~15","被災者は、同僚4名と共に木材伐出作業に従事していた。被災者の作業内容は、作業道を開設するためチェーンソーを用いて先行伐倒するものであり、当該作業には、被災者のみが従事していた。同僚が被災者の使用するチェーンソー音が聞こえないことに気づき、被災者の作業場所を確認したところ、当該作業場所に倒れている被災者を発見したもの。","6","農林業","602","林業","60201","木材伐出業","1~9","7","環境等","71","環境等","712","立木等","6","激突され"
"113","2018","平成","30","11","12~13","削孔作業終了後、移動式クレーンに取り付けられた削孔機のロッドと呼ばれる箇所を上下に分離して、ロッドの上の部分をつり上げて、移動させていたところ、削孔機の振れを押さえるため、リーダとロッドを繋ぐ金属製の振り止め(重さ約300キログラム)が外れて落下し、下にいた被災者の顔面に直撃したものである。","3","建設業","301","土木工事業","30106","道路建設工事業","10~29","1","動力機械","14","建設機械等","143","基礎工事用機械","4","飛来、落下"
"114","2018","平成","30","11","4~5","プラント2階にあるジクロロメタンが入った缶に、粉体ポンプを使用して活性炭を仕込む作業中、缶のマンホールに上半身が入って意識不明の状態で発見され、病院にて治療を受けていたが、後日低酸素脳症により死亡したもの。","1","製造業","108","化学工業","10801","無機・有機化学工業製品製造業","30~49","7","環境等","71","環境等","714","異常環境等","12","有害物等との接触"
"115","2018","平成","30","11","8~9","はしごを使用して樹上(ナナミの木)に登り、ミニチェーンソーを用いて剪定作業を行っていたところ、枝上に座っていた被災者が後方に倒れ、約6メートルの高さから墜落、死亡したもの。保護帽、安全帯は着用していなかった。","16","官公署","1601","官公署","160101","官公署","1~9","7","環境等","71","環境等","712","立木等","1","墜落、転落"
"116","2018","平成","30","11","16~17","工場内施設協力会駐車場において、駐車場に並列して駐車してあった高所作業車の助手席側前方アウトリガー付近とトラッククレーンの運転席側の側面との間に被災者が胸部を挟まれ意識を失っているところを仕事が終わり駐車場に立ち寄った作業員が発見した。","3","建設業","303","その他の建設業","30302","機械器具設置工事業","30~49","2","物上げ装置、運搬機械","21","動力クレーン等","212","移動式クレーン","7","はさまれ、巻き込まれ"
"117","2018","平成","30","11","12~13","被災者は、配達先から帰社するため、国道を3トントラックで走行していたが、緩やかなカーブにさしかかったときに対向車線にはみ出し、対向車線を走行していた10トントラックと正面衝突した。被災者は病院に搬送されたが、後日死亡した。","8","商業","801","卸売業","80109","その他の卸売業","10~29","2","物上げ装置、運搬機械","22","動力運搬機","221","トラック","17","交通事故（道路）"
"118","2018","平成","30","11","2~3","国道のスノーシェッド内の緩いカーブにおいて、被災者が運転する大型トラックと対向車の大型トレーラが正面衝突した。","4","運輸交通業","403","道路貨物運送業","40301","一般貨物自動車運送業","1~9","2","物上げ装置、運搬機械","22","動力運搬機","221","トラック","17","交通事故（道路）"
"119","2018","平成","30","11","20~21","事業場の3階にある製品倉庫から簡易リフトを使用して1階に製品を降ろしていたところ、何らかの理由で、荷卸し口の柵の外側から下降する搬器内に身を乗り出し、当該簡易リフト搬器内の天井と荷卸し口の柵との間にはさまれた。","8","商業","801","卸売業","80109","その他の卸売業","10~29","2","物上げ装置、運搬機械","21","動力クレーン等","214","エレベータ、リフト","7","はさまれ、巻き込まれ"
"120","2018","平成","30","11","14~15","鉛山鉱山通洞坑ズリたい積場耐震対策工事現場において、被災者は同僚と共に深礎杭を設置するためコンクリートポンプ車を用いコンクリート打設作業に従事。その後、当該作業を終えたため、同僚が当該車両のアウトリガーを格納し、被災者は当該車両後方において待機していたところ、当該車両が逸走し、被災者は当該車両とともに傍らの沢(深さ約3m)に転落。その際、なぎ倒された木とアウトリガーとの間に胸部をはさまれたもの。","3","建設業","301","土木工事業","30199","その他の土木工事業","10~29","1","動力機械","14","建設機械等","149","その他の建設機械等","6","激突され"
"121","2018","平成","30","11","10~11","索道上の支柱に設置された滑車の点検業務に従事していた被災者が、点検作業用搬機上部の足場に搭乗していたところ、何らかの理由で高さ約12メートル下の地上に墜落し、死亡したもの。点検作業用搬機には一部しか手すり等が設置されておらず、安全帯(U字つり)を着用していたが、災害発生時は使用していなかった。","4","運輸交通業","401","鉄道・軌道・水運・航空業","40101","鉄道・軌道業","30~49","2","物上げ装置、運搬機械","23","乗物","239","その他の乗物","1","墜落、転落"
"122","2018","平成","30","11","10~11","取引先の工場内において、取引先の労働者と被災者の2名で、トラック(最大積載量10トン)に製品(円柱形のロール紙、径80センチメートル、重さ166キログラム)を積み込み作業中、トラック荷台の荷の上(高さ約2.5m)で作業を行っていた被災者がバランスを崩して、地面に墜落したもの。災害発生時、被災者は保護帽を着用していなかった。取引先の労働者は、フォークリフトで製品を荷台まで運ぶ作業を行っていた。","4","運輸交通業","403","道路貨物運送業","40301","一般貨物自動車運送業","50~99","2","物上げ装置、運搬機械","22","動力運搬機","221","トラック","1","墜落、転落"
"123","2018","平成","30","11","8~9","観光農園の店頭で販売するブドウの在庫が減ったため、作業床が昇降する車両系の機械で、店先の駐車場上の高さ約4.3mのブドウ棚で栽培しているブドウを摘み取る作業をしていたところ、当該作業床から墜落したもの。","14","接客娯楽業","1403","その他の接客娯楽業","140309","その他の接客娯楽業－その他","10~29","1","動力機械","16","一般動力機械","169","その他の一般動力機械","1","墜落、転落"
"124","2018","平成","30","11","20~21","バイクで商品を配達中、片側3車線の右折レーンから右折をした際、対向片側2車線の第2レーンを直進してきた自動二輪車(400CC)と衝突した。被災者は右側に7メートルほど弾かれて転倒した。病院に搬送後、動脈破裂により死亡した。","8","商業","802","小売業","80209","その他の小売業","10~29","2","物上げ装置、運搬機械","23","乗物","231","乗用車、バス、バイク","17","交通事故（道路）"
"125","2018","平成","30","11","8~9","個人宅において植木の移植作業中、槇の木を移動式クレーン(2.9t)で吊り上げたところ、枝等がジブに接触し持ち上げることができなったたため、吊っていた木を一旦掘った穴(吊り上げた木の根を掘った穴)に戻したところ、被災者が穴に落ちていることに気づかず、胸を圧迫され死亡したもの。","3","建設業","301","土木工事業","30199","その他の土木工事業","1~9","2","物上げ装置、運搬機械","21","動力クレーン等","212","移動式クレーン","7","はさまれ、巻き込まれ"
"126","2018","平成","30","11","14~15","電柱の撤去作業中、電柱を2つに切断した後でそのうちの1方を建柱車の移動式クレーン機能を使って引き寄せる作業を行っていた。田の畔を乗り越えさせようとしたが、電柱が畔に引っ掛かってしまい、ショウレン(鋼鉄製の棒状の道具)を使いて電柱の向きを変えようとした際に、被災者がバランスを崩して畔から深さ60センチメートルの水路に落下したところへ、移動させていた電柱が落下したため下敷きとなった。","3","建設業","303","その他の建設業","30301","電気通信工事業","10~29","6","荷","61","荷","611","荷姿の物","4","飛来、落下"
"127","2018","平成","30","11","10~11","当該事業場内倉庫において、高さ約3.8メートルのフォークリフトのパレット上に乗って、商品をピッキングしていたところ、誤って墜落し、頭部を強打して被災したもの。","5","貨物取扱業","501","陸上貨物取扱業","50101","陸上貨物取扱業","30~49","2","物上げ装置、運搬機械","22","動力運搬機","222","フォークリフト","1","墜落、転落"
"128","2018","平成","30","11","10~11","4階建て共同住宅の建設工事において、くい打機を使用して基礎杭(リブ付きコンクリート既製杭)の打設中に、杭を圧入するパイルキャップの爪と杭の固定が緩み、被災者がパイルキャップと杭を再固定するため、杭をパイルキャップの真下にくるよう体で押していたところ、くい打機のオペレーターがパイルキャップを含むオーガー部分を下げたため、パイルキャップが約8mの高さから落下し被災者に激突したもの。","3","建設業","301","土木工事業","30199","その他の土木工事業","10~29","1","動力機械","14","建設機械等","143","基礎工事用機械","4","飛来、落下"
"129","2018","平成","30","11","4~5","トラックを運転していた被災者が、高速道路下り線を走行していたところ、渋滞で減速した高速バスの左後部に追突した。被災者が死亡し、追突された高速バスを運転していた運転手1名と高速バスの中で仮眠中の運転手1名が負傷したもの。","4","運輸交通業","403","道路貨物運送業","40301","一般貨物自動車運送業","1~9","2","物上げ装置、運搬機械","22","動力運搬機","221","トラック","17","交通事故（道路）"
"130","2018","平成","30","11","4~5","建設現場に向かうため、社有車のワゴン車に運転者を含む4名が乗車し、自動車道に入り走行していた。インターチェンジの6キロメートル手前に差し掛かった時、単独でワンボックスカーが横転しており、そこに追突したもの。後部座席に乗っていた1名が死亡、残る3名及びワンボックスカーの運転者も負傷した。","3","建設業","301","土木工事業","30199","その他の土木工事業","10~29","2","物上げ装置、運搬機械","23","乗物","231","乗用車、バス、バイク","17","交通事故（道路）"
"131","2018","平成","30","10","22~23","被災者は、県道において、樹脂約16トンをトレーラーで運搬中、センターラインをはみ出し、対向車線脇の電柱等に衝突して死亡したもの。","4","運輸交通業","403","道路貨物運送業","40301","一般貨物自動車運送業","10~29","2","物上げ装置、運搬機械","22","動力運搬機","221","トラック","17","交通事故（道路）"
"132","2018","平成","30","10","14~15","洗浄槽内に洗浄した部品が落ちていないか確認に行った被災者が戻ってこないため、同僚が探したところ洗浄槽内で倒れている被災者を発見した。被災者は心肺停止状態で救急搬送され、搬送先の病院で蘇生したものの低酸素脳症と診断を受け、入院加療していたが後日死亡したもの。被災者発見時、洗浄槽底部は洗浄液であるジクロロメタンの残液で濡れている状態で、再現による酸素濃度測定では約13%であった。","1","製造業","112","金属製品製造業","11209","その他の金属製品製造業","100~299","7","環境等","71","環境等","714","異常環境等","12","有害物等との接触"
"133","2018","平成","30","10","14~15","被災者が倉庫内の荷を移動させるため、ピッキングリフト(運転者が荷台に乗り昇降して荷役作業できるフォークリフト)に乗り、高さ2.43m上のパレット又は運転席(どちらで作業していたかは不明)で荷役作業をしていたところ何らかの理由で墜落した。なお、ピッキングリフトの運転席には手すりが設けられ、ヘルメット及び安全帯が置かれていたが、被災者は安全帯及びヘルメットを着用していなかった。","1","製造業","113","一般機械器具製造業","11301","機械（精密機械を除く）器具製造業","30~49","2","物上げ装置、運搬機械","22","動力運搬機","222","フォークリフト","1","墜落、転落"
"134","2018","平成","30","10","12~13","取引先の事業場に鉄製の網パレットを引き取りに行った被災者が、取引先事業場の敷地内に停めたトラックの近くで倒れていたところを発見され、収容先の病院で死亡したもの。目撃者はいないが、取引先事業場の敷地内で3tトラックの荷台に網パレットを積み込み、荷崩れ防止のために、ロープを使った網パレットの荷締め作業中に、足を滑らせ荷台から転落し頭部を強打したものと推定される。","8","商業","801","卸売業","80109","その他の卸売業","10~29","2","物上げ装置、運搬機械","22","動力運搬機","221","トラック","1","墜落、転落"
"135","2018","平成","30","10","10~11","工場にあるテント倉庫の天井が台風の影響で吹き飛ばされたため、ブルーシートがかけられた状態になっていた。ブルーシートに雨水がたまり、たわんでいたため、被災者は、テント倉庫の屋上に歩み板を敷き、柄杓とバケツで水を抜いていたところ、テント内に墜落し、死亡したもの。","3","建設業","302","建築工事業","30209","その他の建築工事業","1~9","4","仮設物、建築物、構築物等","41","仮設物、建築物、構築物等","415","屋根、はり、もや、けた、合掌","1","墜落、転落"
"136","2018","平成","30","10","0~1","被災者は製品の投入から排出までが自動化された銅錫鍍金装置を稼動させており、装置の一部である段バラシ機に製品台車をセットしていた際、段バラシ機内部に進入し、稼動しているアームと台車との間に胸部を挟まれた状態で発見された。段バラシ機は安全囲い及びインターロック付きの扉に囲まれていた。被災者が内部に進入した理由及び扉が閉じた理由は不明である。意識不明の状態が続いていたが、後日死亡した。","1","製造業","117","その他の製造業","11709","その他の製造業－その他","100~299","3","その他の装置等","32","化学設備","321","化学設備","7","はさまれ、巻き込まれ"
"137","2018","平成","30","10","10~11","被災者がライトバンで交差点を東進し、相手のトラック(8トン車)が同交差点を南進したところ、衝突事故を起こし、ライトバンを運転していた被災者が出血性ショックにより死亡したもの。道路はそれぞれ片側一車線で、交差点には信号機があったが、被災者が信号を見落として交差点に侵入したものと推察される。","4","運輸交通業","403","道路貨物運送業","40301","一般貨物自動車運送業","1~9","2","物上げ装置、運搬機械","23","乗物","231","乗用車、バス、バイク","17","交通事故（道路）"
"138","2018","平成","30","10","10~11","ゴミ処理施設内のプラットホームで、一般家庭から収集した可燃ゴミの排出作業中、ゴミ収集車後部の扉(テールゲート)に頭部を挟まれたもの。","17","その他の事業","1701","派遣業","170101","派遣業","1~9","2","物上げ装置、運搬機械","22","動力運搬機","229","その他の動力運搬機","7","はさまれ、巻き込まれ"
"139","2018","平成","30","10","2~3","高速道路の高欄等の改修工事において、右車線を走行中のタクシーが右側壁に激突し、その反動で、工事の規制帯である左車線に侵入し、塗装の仕上げ作業を行っていた被災者1名に衝突したもの。タクシーには運転手の他に乗客1名が乗車。タクシー運転者は負傷なし。乗客は打撲による負傷をした。","3","建設業","301","土木工事業","30106","道路建設工事業","10~29","2","物上げ装置、運搬機械","23","乗物","231","乗用車、バス、バイク","17","交通事故（道路）"
"140","2018","平成","30","10","18~19","被災者は、個人邸台風災害復旧工事において、高さ5.17mの鋼管枠組足場の上で、足場の解体作業を行っていたところ、同所より墜落したものと推察される。被災者は、安全帯の着用無く、単独で作業を行っていたものである。","3","建設業","302","建築工事業","30202","木造家屋建築工事業","1~9","4","仮設物、建築物、構築物等","41","仮設物、建築物、構築物等","411","足場","1","墜落、転落"
"141","2018","平成","30","10","14~15","ブロワー式射出成形機を用いてプラスチック製品の成形作業を行っていた際に、射出成形機の前面で作業していた被災者が、低速で前後に動く射出成形機と、射出成形機に近接する工場の構造柱との間に頸部を挟まれたもの。","1","製造業","108","化学工業","10805","プラスチック製品製造業","1~9","1","動力機械","16","一般動力機械","164","射出成形機","7","はさまれ、巻き込まれ"
"142","2018","平成","30","10","12~13","被災者が道路工事に伴う片側交互通行規制の交通誘導員をしていた際に、走行してきた乗用車が被災者の立つ停止位置に気付かず規制車線内に進入しようとし、被災者に激突したもの。","17","その他の事業","1702","その他の事業","170201","警備業","30~49","2","物上げ装置、運搬機械","23","乗物","231","乗用車、バス、バイク","17","交通事故（道路）"
"143","2018","平成","30","10","8~9","廃プラスチックの収集運搬作業中、集積所へ向かう途中、坂道でつまづき近くの電柱に体を支えようとしたが支えきれず前向きに転倒し顔を強打したもの。後日、死亡が確認されたもの。","4","運輸交通業","403","道路貨物運送業","40301","一般貨物自動車運送業","30~49","4","仮設物、建築物、構築物等","41","仮設物、建築物、構築物等","417","通路","2","転倒"
"144","2018","平成","30","10","4~5","被災者は、食品等の包装用フィルムに水分や酸素の透過を防止するためのコーティングを行う機械(LMV機)のうち、コーティング済のフィルムの巻取機構部分について、自主保全と呼ばれる定期点検業務を行っていたところ、何らかの理由で機械が動き出し、機械の内部にいた被災者が機械の部品(ローラー等)に胸部を挟まれ、被災したもの。","1","製造業","107","印刷・製本業","10701","印刷業","500~999","1","動力機械","16","一般動力機械","166","印刷用機械","7","はさまれ、巻き込まれ"
"145","2018","平成","30","10","22~23","会社所有のトラックに労働者4名を乗せ、工事現場から当該会社へ帰社途中、高速道路を走行途中で被災者が用を足したくなったためトラックを路肩に停車したところ、被災者が降車した際に後方から走行してきた乗用車に跳ねられ脳挫傷により死亡した。","3","建設業","303","その他の建設業","30302","機械器具設置工事業","1~9","2","物上げ装置、運搬機械","22","動力運搬機","221","トラック","17","交通事故（道路）"
"146","2018","平成","30","10","12~13","被災者は、業務終了後会社駐車場に止めてあった2トンダンプトラックの高さ約80センチメートルの荷台に、トラック後部から登ろうとして、墜落した。その際、頭部をアスファルトの地面に打ち付けたものと思料される。荷台には被災者の保護帽が残されていた。","3","建設業","301","土木工事業","30199","その他の土木工事業","10~29","2","物上げ装置、運搬機械","22","動力運搬機","221","トラック","1","墜落、転落"
"147","2018","平成","30","10","10~11","高さ4.5mの天井の照明器具取替工事において、高さ2.6mの脚立を用い作業を行っていた。被災者が脚立から降りようとしたところ、下から7段目の高さ2.1mの箇所で足を踏み外し墜落、頭部を負傷した。ヘルメットは着用していたが、墜落時に壁と接触した際に外れたもの。安全帯は着用していたが、使用していなかった。入院後、死亡したもの。","3","建設業","303","その他の建設業","30302","機械器具設置工事業","1~9","3","その他の装置等","37","用具","371","はしご等","1","墜落、転落"
"148","2018","平成","30","10","2~3","夜間、埠頭内の警備業務において、11ゲートから8ゲートに自転車で移動している際に、岸壁から海へ転落したもの。事故当時、雨天であった。","17","その他の事業","1702","その他の事業","170201","警備業","10~29","4","仮設物、建築物、構築物等","41","仮設物、建築物、構築物等","418","建築物、構築物","10","おぼれ"
"149","2018","平成","30","10","8~9","被災者は、受電変電施設内において、ガントリークレーン撤去工事に伴う電気ケーブル切断作業を行った後処理として変電盤の中の電気ケーブルの取り外し作業を行っていたとき、6600Vの母線に被災者の頭部が接触して感電により死亡した。","17","その他の事業","1702","その他の事業","170209","その他の事業－その他","1~9","3","その他の装置等","35","電気設備","352","電力設備","13","感電"
"150","2018","平成","30","10","16~17","製品である建築用鉄骨(長さ8.7メートル重さ約2.6トン)を橋形クレーンにて、構内運搬用のトラック荷台に4本積み込む作業中に発生したもの。最後の1本を積み込み、玉掛け用ワイヤロープを外し、フックを巻き上げたところ、当該鉄骨が崩れ、落下し、橋形クレーンを運転していた被災者が当該鉄骨と、背後に積まれていた鉄骨に胸部等を挟まれた。","1","製造業","112","金属製品製造業","11209","その他の金属製品製造業","100~299","2","物上げ装置、運搬機械","21","動力クレーン等","211","クレーン","4","飛来、落下"
"151","2018","平成","30","10","10~11","自動送材車式帯のこ盤を使用して原木の切断加工作業中にのこ刃と接触し、被災したもの。災害発生時、被災者は一人で作業を行っていたため、被災時の状況を見ていた者はいない。なお、被災者は操作レバー付近に仰向けで倒れているところを発見された。","1","製造業","104","木材・木製品製造業","10409","その他の木材・木製品製造業","10~29","1","動力機械","13","木材加工用機械","132","帯のこ盤","8","切れ、こすれ"
"152","2018","平成","30","10","8~9","被災者は、杉人工林内で、胸高直径35センチメートルの立木の伐倒を行っていたところ「かかり木」となってしまい、「かかり木」を処理するため「かかり木」の根本から玉切り(元玉切り)を繰り返し、4回目の玉切りの際に、チェーンソーの刃がはさまり動かなくなったため、補助作業者が「かかり木」を下から持ち上げ、はさまれた刃を抜いた際に「かかり木」が被災者の方向に倒れたもの。","6","農林業","602","林業","60201","木材伐出業","1~9","7","環境等","71","環境等","712","立木等","5","崩壊、倒壊"
"153","2018","平成","30","10","4~5","新聞配達中の原付が右折する際に、対向の直進車両と衝突したもの。","8","商業","802","小売業","80205","新聞販売業","30~49","2","物上げ装置、運搬機械","23","乗物","231","乗用車、バス、バイク","17","交通事故（道路）"
"154","2018","平成","30","10","16~17","造成工事現場内において、作業が終了し、片付け中に小型ドラグ・シヨベルで残ったノロセメントをダンプカーから降ろすため、盛土の上を移動中に盛土が削られた箇所に小型ドラグ・シヨベルの履帯が落ち、小型ドラグ・シヨベルが回転しながら前のめりに転倒し、振り出された被災者がヘッドガードではさまれ死亡したもの。","3","建設業","301","土木工事業","30199","その他の土木工事業","1~9","1","動力機械","14","建設機械等","142","掘削用機械","7","はさまれ、巻き込まれ"
"155","2018","平成","30","10","16~17","合板製造工程において、原板振り分け装置に不具合が生じ、被災者が単独で機械を停止させずに(スイッチを自動のままにして)当該機械内部に立ち入り何等かの作業中(作業内容不明)、不意に稼働した可動部分に頭部を挟まれた。災害発生後、機械の稼働音がしないことを不審に思った同僚が様子を見にきたところ、当該機械の出側(西側)ローラーコンベア上にうつぶせで倒れていた被災者を発見した。","1","製造業","104","木材・木製品製造業","10402","合板製造業","100~299","1","動力機械","13","木材加工用機械","139","その他の木材加工用機械","7","はさまれ、巻き込まれ"
"156","2018","平成","30","10","14~15","解体を行う鉄製の台船において、同船の甲板の下の槽内の排水を行うための準備作業を行っていたところ、蓋の開いた当該槽内に立ち入って倒れたもの。","1","製造業","112","金属製品製造業","11209","その他の金属製品製造業","1~9","7","環境等","71","環境等","714","異常環境等","12","有害物等との接触"
"157","2018","平成","30","10","14~15","解体を行う鉄製の台船において、同船の甲板の下の槽内の排水を行うための準備作業を行っていたところ、蓋の開いた当該槽内に立ち入って倒れたもの。","1","製造業","112","金属製品製造業","11209","その他の金属製品製造業","1~9","7","環境等","71","環境等","714","異常環境等","12","有害物等との接触"
"158","2018","平成","30","10","12~13","被災者は、機体重量1.3tのドラグショベルを使用し、民家裏で土砂の搬出作業を行っていたところ、高さ約3メートルの法面の小段(犬走り)よりドラグショベルが転落。被災者はドラグショベルと共に法面を転落し、ドラグショベルの下敷きとなり死亡した。災害発生時、被災者は単独で作業を行っており、事故が発生した瞬間を目撃した者はいない。","3","建設業","301","土木工事業","30108","砂防工事業","10~29","7","環境等","71","環境等","711","地山、岩石","1","墜落、転落"
"159","2018","平成","30","10","12~13","郵便配達のため原動機付き自転車を運転して砂利道を法定速度内で走行していたところ、減速して道沿いを曲がることなく、前方の河川に直進して転落。胸部圧迫等により死亡した。","11","通信業","1101","通信業","110101","通信業","100~299","2","物上げ装置、運搬機械","23","乗物","231","乗用車、バス、バイク","17","交通事故（道路）"
"160","2018","平成","30","10","10~11","畑地拡張のためチェーンソーによる杉の伐木作業を行っていたところ、伐倒した高さ約17m、胸高直径約23センチメートルの杉が、伐倒木付近にいた被災者に激突し被災したもの。伐倒の際、杉が想定外の方向に倒れないよう高さ約4mの箇所をドラグショベルのバケットで押しながら伐倒を行っていた。また、チェーンソーを使用し伐倒を行っていた者、玉切りをしていた被災者ともにチェーンソーの特別教育を修了していなかった。","1","製造業","117","その他の製造業","11709","その他の製造業－その他","10~29","7","環境等","71","環境等","712","立木等","6","激突され"
"161","2018","平成","30","10","16~17","被災者は、造船所構内のドッグで建造中のタンカー内において、船体のデッキの組み立てを行うための吊り足場を架設作業中、高さ17.7mの船底に墜落し、同日死亡したもの。","1","製造業","115","輸送用機械等製造業","11501","造船業","30~49","4","仮設物、建築物、構築物等","41","仮設物、建築物、構築物等","411","足場","1","墜落、転落"
"162","2018","平成","30","10","12~13","国有林の間伐現場において、被災者はチェーンソーを用いて伐倒作業に従事していた。チェーンソーの音が聞こえないことを不審に思った同僚が捜したところ、トドマツ2本(胸高直径20センチメートルと23センチメートル)の下敷きとなっている被災者を発見したもの。","6","農林業","602","林業","60201","木材伐出業","10~29","7","環境等","71","環境等","712","立木等","6","激突され"
"163","2018","平成","30","10","10~11","被災者はトラック(最大積載量8トン)を運転し、所属事業場へ向けて国道を走行中、片側交互通行規制された道路上で前方より走行してきたダンプトラック(最大積載量10トン)と衝突したもの。工事現場の誘導員はダンプトラックに対し停止合図を行っていたものの、当該ダンプがこれを振切り走行したもの。被災者はドクターヘリで医療機関に搬送され治療を受けていたが、翌日死亡した。","4","運輸交通業","403","道路貨物運送業","40301","一般貨物自動車運送業","10~29","2","物上げ装置、運搬機械","22","動力運搬機","221","トラック","17","交通事故（道路）"
"164","2018","平成","30","10","6~7","被災者は、マイカー(軽自動車)で会社の借り上げアパートを出発し、同僚を乗せ、工事現場に向かう途中、見通しの良い片側3車線の道路で、大型車(26tタンクローリー)が右折していたところに、マイカーを直進させ、大型車の左後方タイヤに激突した。同僚も多発性外傷により重傷を負った。","3","建設業","303","その他の建設業","30309","その他の建設業－その他","30~49","2","物上げ装置、運搬機械","22","動力運搬機","221","トラック","17","交通事故（道路）"
"165","2018","平成","30","10","16~17","工場建屋の造改築のために、、元方事業場の指示で、工場建屋の壁面に足場(高さ5m×長さ10m及び高さ8m×長さ10m)を組立てる作業を開始した。被災者は、引き込み線設備のある高さ6.8mの足場上で、足場の部材を取り付けようしていたところ、引き込み線設備の碍子絶縁被覆部に、体の胸部分が接触し感電した。","3","建設業","302","建築工事業","30209","その他の建築工事業","1~9","3","その他の装置等","35","電気設備","351","送配電線等","13","感電"
"166","2018","平成","30","10","14~15","マンション大規模修繕工事において、足場の組み立て作業中、地上からウインチで吊り上げられた建枠(600枠)4枚(約50キログラム)を受け取り、架設通路上を移動中に17層目(高さ約30m)から建枠と共に地上に墜落したもの。","3","建設業","303","その他の建設業","30309","その他の建設業－その他","1~9","4","仮設物、建築物、構築物等","41","仮設物、建築物、構築物等","417","通路","1","墜落、転落"
"167","2018","平成","30","10","10~11","ゴルフ場において、被災者(派遣労働者)が楠の木に引っかかっていた枯れ枝を取ろうとして当該木の高さ3.6メートルの箇所に登った。近くで作業していた同僚が「バキッ」「ドン」という音を聞いて振り返っていたところ、被災者が地上に倒れていた。病院へ搬送されたが、後日死亡した。","14","接客娯楽業","1403","その他の接客娯楽業","140301","ゴルフ場","50~99","7","環境等","71","環境等","712","立木等","1","墜落、転落"
"168","2018","平成","30","10","4~5","被災者は、地上約12メートルの位置に運転席があるクレーンの運転手であるが、詰所で休憩後、作業再開するため、運転席に戻る際、運転席に通じる歩道から約12メートル下方のアスファルト路面に墜落した。","1","製造業","110","鉄鋼業","11001","製鉄・製鋼・圧延業","100~299","4","仮設物、建築物、構築物等","41","仮設物、建築物、構築物等","417","通路","1","墜落、転落"
"169","2018","平成","30","10","12~13","工場のスレート屋根(明かり取り用)を交換する作業を行っていた労働者が、スレートを踏み抜いて高さ約5.23メートルの位置からコンクリート床に墜落したもの。","3","建設業","302","建築工事業","30209","その他の建築工事業","10~29","4","仮設物、建築物、構築物等","41","仮設物、建築物、構築物等","415","屋根、はり、もや、けた、合掌","1","墜落、転落"
"170","2018","平成","30","10","16~17","歩道の舗装補修工事が終了したため、片側1車線の道路の路側帯に駐車した3トンダンプトラックの後部で工事に使用した機材等の積み込み作業中、後方から走行してきた乗用車が衝突したため、ダンプトラックと乗用車の間に挟まれた。","3","建設業","301","土木工事業","30106","道路建設工事業","1~9","2","物上げ装置、運搬機械","23","乗物","231","乗用車、バス、バイク","17","交通事故（道路）"
"171","2018","平成","30","10","14~15","50ccバイクで夕刊配達中に信号のない交差点を出て道路を横切ろうとしたところ、左から来た乗用車と衝突、被災者は全身を強く打って病院に搬送されたが、同日死亡したもの。","8","商業","802","小売業","80205","新聞販売業","10~29","2","物上げ装置、運搬機械","23","乗物","231","乗用車、バス、バイク","17","交通事故（道路）"
"172","2018","平成","30","10","12~13","製品である自動車のギヤボックスの金型(高さ約2m、幅約1.7m、厚み約50センチメートル;重量約2トン)を天井クレーンで移動し床上に直立させ、出荷前の梱包のため、包装用フィルムを巻き付けながら金型の周囲を回っていたところ、当該金型が倒れ掛かってきてその下敷きとなり被災した。","1","製造業","113","一般機械器具製造業","11301","機械（精密機械を除く）器具製造業","30~49","5","物質、材料","52","材料","521","金属材料","5","崩壊、倒壊"
"173","2018","平成","30","10","10~11","橋台の周囲の鋼矢板内(幅25m)にダンプで運ばれた土砂をダンプアップして投入して埋め立てる作業で、ダンプの誘導者が、埋立開始間もない約3.2m下の埋立地面上に墜落した。墜落状況の目撃者はおらず、鋼矢板内にいた作業者二人が墜落した音を聞いて振り返り被災者の墜落に気付いた。鋼矢板の天端は地上と同じ高さであり地面以上の突出しも無く、その他端部の目印や墜落防止措置は何も無かった。","3","建設業","301","土木工事業","30106","道路建設工事業","30~49","4","仮設物、建築物、構築物等","41","仮設物、建築物、構築物等","414","開口部","1","墜落、転落"
"174","2018","平成","30","10","8~9","西側入口の高さ3.6メートルのキャノピーに設置されている蛍光灯の交換作業中、被災者は、キャノピー南側右端から開始するため、ヘルメットを装着し、補助者の支持のもと高さ2.3メートルの脚立に上った。被災者は、カバーである金属製の格子のねじをとりはずして地面に下ろそうとしたが、18キログラムの重量を持ちきれなかった。そして、同格子が地面に落ちる反動で、被災者も頭から墜落し、死亡した。","17","その他の事業","1702","その他の事業","170209","その他の事業－その他","10~29","3","その他の装置等","37","用具","371","はしご等","1","墜落、転落"
"175","2018","平成","30","10","4~5","国道において、大型トラックで南下していた被災者が北上していた中型トラックと正面衝突し、それぞれの運転手が死亡した。","15","清掃・と畜業","1501","清掃・と畜業","150102","産業廃棄物処理業","10~29","2","物上げ装置、運搬機械","22","動力運搬機","221","トラック","17","交通事故（道路）"
"176","2018","平成","30","10","4~5","中型トラックにて、国道を走行中、反対車線を走行してきた大型トラックと衝突し、双方の自動車運転者が死亡したもの。","4","運輸交通業","403","道路貨物運送業","40301","一般貨物自動車運送業","1~9","2","物上げ装置、運搬機械","22","動力運搬機","221","トラック","17","交通事故（道路）"
"177","2018","平成","30","10","22~23","被災者は、国外での出張業務を終え、空港から社用車で事業場に向かっていた。国道を北上中、対向車線を走行中の10tトラックが無理な追越しを行ったため、被災者の車と正面衝突したもの。","1","製造業","105","家具・装備品製造業","10501","木製家具製造業","100~299","2","物上げ装置、運搬機械","22","動力運搬機","221","トラック","17","交通事故（道路）"
"178","2018","平成","30","10","16~17","既存する橋梁の耐震補強設計を行うため、清掃・点検作業を3名で行っていた。橋台付近に親綱を設置し、被災者を除く2名が準備等のため一旦現場から離れた。その後、1名が現場に戻ってくる途中で、橋台付近から約20m下の河川に倒れている被災者を発見したもの。","17","その他の事業","1702","その他の事業","170209","その他の事業－その他","1~9","7","環境等","71","環境等","711","地山、岩石","1","墜落、転落"
"179","2018","平成","30","10","12~13","被災者がミキサー車を運転し県道を走行中、対向車と正面衝突した。","1","製造業","109","窯業土石製品製造業","10901","セメント・同製品製造業","10~29","2","物上げ装置、運搬機械","22","動力運搬機","221","トラック","17","交通事故（道路）"
"180","2018","平成","30","10","12~13","国道のトンネルを走行中、対向車の大型トラックがセンターラインをはみ出し、被災者の大型トラックと正面衝突し、死亡したもの。","4","運輸交通業","403","道路貨物運送業","40301","一般貨物自動車運送業","1~9","2","物上げ装置、運搬機械","22","動力運搬機","221","トラック","17","交通事故（道路）"
"181","2018","平成","30","10","12~13","荷卸し後、国道トンネル出口付近で対向の大型トラックと正面衝突したもの。","4","運輸交通業","403","道路貨物運送業","40301","一般貨物自動車運送業","1~9","2","物上げ装置、運搬機械","22","動力運搬機","221","トラック","17","交通事故（道路）"
"182","2018","平成","30","10","8~9","汚染土壌の搬出作業において、4トントラックの荷台の横にいたトラック運転手が、旋回してきたクレーン機能付きドラグ・ショベルのカウンターウエイトと同トラックの荷台の間に胸部を挟まれ、死亡したもの。","3","建設業","303","その他の建設業","30309","その他の建設業－その他","10~29","2","物上げ装置、運搬機械","21","動力クレーン等","212","移動式クレーン","7","はさまれ、巻き込まれ"
"183","2018","平成","30","10","2~3","被災者は出勤後、購読者宅に新聞を配達するため、所属事業場が所有する原動付き自転車(50CC)に乗り、市道を南進していたところ、用水路で転倒し、被災者と原動付き自転車が用水路(深さ80センチメートル)に落ちたもの。","8","商業","802","小売業","80205","新聞販売業","10~29","2","物上げ装置、運搬機械","23","乗物","231","乗用車、バス、バイク","17","交通事故（道路）"
"184","2018","平成","30","10","16~17","橋梁の塗装工事後に刷毛を洗うため、被災者は現場に乗り入れていたトラックのヘッドライトを照らしたが光が届かず、トラックを移動させようと輪止めを外したところトラックが下り坂を動きだし、法面に乗り上げて横転し、その下敷きになったもの。","3","建設業","301","土木工事業","30105","橋梁建設工事業","10~29","2","物上げ装置、運搬機械","22","動力運搬機","221","トラック","6","激突され"
"185","2018","平成","30","10","12~13","つり足場の撤去作業に使用した橋梁点検車を運転して林道を走行中、緩いカーブで車両が横転し、ガードレールに衝突したもの。","3","建設業","301","土木工事業","30199","その他の土木工事業","1~9","1","動力機械","14","建設機械等","146","高所作業車","17","交通事故（道路）"
"186","2018","平成","30","10","10~11","豪雨災害復旧工事現場において、被災者が法面の幅員1.5mこう配約20度のコンクリート舗装の直線路面上においてドラグショベル(機体重量約0.5t)を運転し、路面に隣接する法面の表面掘削を行っていたところ、路面下り面側に約5m転落し、当該機械と路面との間に胸部をはさまれたもの。病院で治療を受けていたが、後日死亡した。","3","建設業","301","土木工事業","30106","道路建設工事業","1~9","1","動力機械","14","建設機械等","142","掘削用機械","2","転倒"
"187","2018","平成","30","10","6~7","店舗敷地内の2階階段部で倒れている被災者が発見された。その後、救急車で病院に搬送されるも同日死亡したもの。","15","清掃・と畜業","1501","清掃・と畜業","150101","ビルメンテナンス業","300~499","4","仮設物、建築物、構築物等","41","仮設物、建築物、構築物等","413","階段、桟橋","1","墜落、転落"
"188","2018","平成","30","10","4~5","被災者は3tトラックを運転し、国道を西から東方向に走行していたところ、2車線から1車線に変わる箇所に停車していた大型貨物自動車(トレーラー)の被けん引車後部に追突したもの。","4","運輸交通業","403","道路貨物運送業","40301","一般貨物自動車運送業","10~29","2","物上げ装置、運搬機械","22","動力運搬機","221","トラック","17","交通事故（道路）"
"189","2018","平成","30","10","12~13","橋桁(PC桁)の製作に使用した鋼製型枠を片付けるため、型枠を4段に積み上げ、フォークリフトを用いて運搬していたところ、荷崩れが発生した。門型クレーンでつり上げ、3段目の型枠を積み直した際、2段目の型枠の一部に引っかかったため、つり上げたままの3段目の型枠を押し入れようと型枠の下に頭部を入れて、手で押していたところ、引っかかりが外れ、3段目の型枠が落下し、型枠の2段目と3段目に挟まれたもの。","1","製造業","109","窯業土石製品製造業","10901","セメント・同製品製造業","10~29","5","物質、材料","52","材料","521","金属材料","7","はさまれ、巻き込まれ"
"190","2018","平成","30","10","12~13","家屋の解体工事現場において、瓦礫を積み込んだ3tダンプトラック(解体工事現場に隣接する勾配12°程の道路に、運転席を下り方向に向けて停車。)の荷台上で、作業員2名が廃木材とその他瓦礫との選別作業をしていたところ、突然、このダンプトラックが下り方向に動き出したため、被災者が、あおりから飛び降りてダンプトラック前方に回り込み、止めようとしたが、転倒して胸部を同ダンプトラックにひかれた。","3","建設業","302","建築工事業","30209","その他の建築工事業","1~9","2","物上げ装置、運搬機械","22","動力運搬機","221","トラック","7","はさまれ、巻き込まれ"
"191","2018","平成","30","10","10~11","足場の組立作業中、足場材の運搬を行っていた被災者が足場の8層目(高さ約15m)から墜落した。","3","建設業","303","その他の建設業","30309","その他の建設業－その他","1~9","4","仮設物、建築物、構築物等","41","仮設物、建築物、構築物等","411","足場","1","墜落、転落"
"192","2018","平成","30","10","10~11","RC3階建学校改築工事現場において、被災者は3階壁型枠締付金具の取り付け作業を作業台(いわゆる立馬。天板高さ1.35m、長さ約1.6m、幅0.5m。)の上で行っていたが、作業台の脚が3階床面にある排水溝(幅20センチメートル、深さ15センチメートル。)に落ち、その反動で背中から床に落ちた(現認者なし)。被災者は脊椎損傷を負い、病院で入院治療中であったが、肺炎から低酸素脳症となり、死亡した。","3","建設業","302","建築工事業","30201","鉄骨・鉄筋コンクリート造家屋建築工事業","1~9","3","その他の装置等","37","用具","371","はしご等","1","墜落、転落"
"193","2018","平成","30","10","10~11","被災者を含む4名で枠組足場の解体作業を行っていた。被災者は、枠組足場の10段目で交差筋かいと下さん等を取り外し、スリングロープで束ねる作業に従事していたところ、墜落し、約17.4m下のアスファルト路面に激突し、搬送先の病院で死亡したもの。足場には親綱が設置されており、被災者は墜落制止用器具(胴ベルト型一本つり用安全帯)を着用していた。","3","建設業","302","建築工事業","30209","その他の建築工事業","1~9","4","仮設物、建築物、構築物等","41","仮設物、建築物、構築物等","411","足場","1","墜落、転落"
"194","2018","平成","30","10","2~3","国道をトラックにて走行中、赤信号のため、減速を始めた大型トラックに追突した。","4","運輸交通業","403","道路貨物運送業","40301","一般貨物自動車運送業","1~9","2","物上げ装置、運搬機械","22","動力運搬機","221","トラック","17","交通事故（道路）"
"195","2018","平成","30","10","16~17","被災者は、貯水槽の製作作業において、壁面で使用する鉄板の取付け位置の確認のため、クレーンで鉄板をつり上げ所定の位置に移動させ、うまに乗って取付け位置の確認を行っていたところ、うまに乗っていた被災者及び取付けようとしていた鉄板が倒れ、当該鉄板と貯水槽の壁面との間に首が挟まれた。","1","製造業","115","輸送用機械等製造業","11509","その他の輸送用機械等製造業","10~29","3","その他の装置等","37","用具","372","玉掛用具","5","崩壊、倒壊"
"196","2018","平成","30","10","8~9","精錬工場の定期修繕工事において、スクリューコンベアのスクリュー交換の前処理として同コンベアのホッパー内の異物除去作業を行っていたところ、同コンベアが起動してスクリューに巻き込まれたもの。","3","建設業","303","その他の建設業","30302","機械器具設置工事業","1~9","2","物上げ装置、運搬機械","22","動力運搬機","224","コンベア","7","はさまれ、巻き込まれ"
"197","2018","平成","30","10","12~13","工場の屋根補修工事を行っていた労働者が、屋根(スレート)を踏み抜き、地上まで9.3メートル墜落し死亡したもの。","3","建設業","303","その他の建設業","30309","その他の建設業－その他","10~29","4","仮設物、建築物、構築物等","41","仮設物、建築物、構築物等","415","屋根、はり、もや、けた、合掌","1","墜落、転落"
"198","2018","平成","30","10","14~15","酸化マグネシウム及び水素の製造設備(反応塔)内に原料のマグネシウム片及び着火剤の水素化マグネシウムを投入後、水蒸気を供給することで燃焼反応させていたところ、反応塔が爆発し、付近にいた労働者が死亡した。","3","建設業","303","その他の建設業","30302","機械器具設置工事業","1~9","5","物質、材料","51","危険物、有害物等","513","可燃性のガス","14","爆発"
"199","2018","平成","30","10","10~11","勾配が22度から35度程度の地山の法面にて被災者はドラグ・ショベル(※小型移動式クレーン仕様ではない)を運転し、重機搬入路の整形作業を行っていたが、現場監視を行っていた現場代理人が大きな音がしたのを聞き、音のした方を見ると被災者の運転するドラク・ショベルが転倒していた。その後すぐに被災者がドラク・ショベルの下から這い出てきて、病院に搬送されたが、搬送先の病院で搬送から約1時間後に死亡した。","3","建設業","301","土木工事業","30108","砂防工事業","1~9","1","動力機械","14","建設機械等","142","掘削用機械","1","墜落、転落"
"200","2018","平成","30","10","10~11","墓地内で基礎工事を行っていた際、ダンプカーから現場に砕石を移動させるため、現場に置いていたハンドガイド式運搬車(最大積載荷重650キログラム)を操作してバックさせたところ、背後にあったフェンスと運搬車操作用の手すりに腹部を挟まれたもの。","3","建設業","301","土木工事業","30199","その他の土木工事業","1~9","2","物上げ装置、運搬機械","22","動力運搬機","229","その他の動力運搬機","7","はさまれ、巻き込まれ"
"201","2018","平成","30","10","8~9","攪拌機に原料を投入作業中に、原料の入ったカゴと共に攪拌機内に転落し、原料が溶けた液(約60°C)により熱傷を負ったもの。入院加療中であったが、後日死亡したもの。","1","製造業","108","化学工業","10899","その他の化学工業","300~499","1","動力機械","16","一般動力機械","162","混合機、粉砕機","11","高温・低温の物との接触"
"202","2018","平成","30","10","10~11","構内下請事業場の労働者である被災者は、元請事業場内の船体ブロック組立定盤において、ブロックの部材に対しアーク溶接作業を行っていた。災害発生時、被災者の近くに置いていた錆止め塗料缶(有機溶剤含有)が倒れて作業床上にこぼれたため、溶接の火花が引火し、被災者の作業着に燃え移ったもの。被災者は、搬送先の病院で入院加療していたが、後日死亡した。","1","製造業","115","輸送用機械等製造業","11501","造船業","10~29","5","物質、材料","51","危険物、有害物等","512","引火性の物","16","火災"
"203","2018","平成","30","10","10~11","被災者が、屋上から4階出入り口に設置されている外部階段を使用し、屋上から荷物の運び出し作業を行っていたところ、当該階段の4階出入り口踊り場から2段目及び3段目の踏板が抜け、地上まで約9m墜落し、死亡したもの。","3","建設業","302","建築工事業","30201","鉄骨・鉄筋コンクリート造家屋建築工事業","50~99","4","仮設物、建築物、構築物等","41","仮設物、建築物、構築物等","413","階段、桟橋","1","墜落、転落"
"204","2018","平成","30","10","8~9","被災者はコンクリート製品であるボックスカルバートを製造を行う作業を一人で行っていた。工場長が現場巡視中にボックスカルバートと型枠(高さ2.1m、幅2.86m)との間に頭部がはさまれた状態で意識のない被災者を発見した。被災者は救急車で病院へ搬送されたが、後日死亡したもの。","1","製造業","109","窯業土石製品製造業","10901","セメント・同製品製造業","10~29","3","その他の装置等","39","その他の装置、設備","391","その他の装置、設備","5","崩壊、倒壊"
"205","2018","平成","30","10","2~3","タクシー運転手である被災者が、タクシーを県道走行中、町道を南から北に走っていた軽ワゴン車と信号機がある交差点で出会い頭に衝突し、タクシーは衝突の弾みで北東側の信号柱に激突した。病院に緊急搬送されたものの当日死亡が確認された。","4","運輸交通業","402","道路旅客運送業","40201","ハイヤー・タクシー業","30~49","2","物上げ装置、運搬機械","23","乗物","231","乗用車、バス、バイク","17","交通事故（道路）"
"206","2018","平成","30","10","8~9","材料(金属製直径17.2センチメートル、長さ20センチメートル)を定格能力6トンの油圧ハンマーで鍛造するため、炉から出た当該材料がコンベアで搬送された後、送り台からハンマーの金型上へシリンダーにて押し出す際、送り台の側面開口部(長さ25センチメートル)から床へ落下したため、被災者が専用治具の手箸を用いて元に戻そうと持ち上げたところ、着用していた前掛けに接触し、かつ引火したことを起因として全身火傷、その後死亡したものである。","1","製造業","110","鉄鋼業","11001","製鉄・製鋼・圧延業","50~99","5","物質、材料","52","材料","521","金属材料","11","高温・低温の物との接触"
"207","2018","平成","30","10","18~19","鉄・非鉄スクラップ加工処理場において、トラックの荷台上のスクラップを重機に取り付けたリフティングマグネットを使ってつり上げ作業をしていたところ、荷台内にいた合図者兼トラック運転者である被災者に、リフティングマグネットが激突したもの。","1","製造業","117","その他の製造業","11709","その他の製造業－その他","1~9","2","物上げ装置、運搬機械","21","動力クレーン等","212","移動式クレーン","6","激突され"
"208","2018","平成","30","10","16~17","被災者が1人で虎の屋外展示場の清掃のため、屋外展示場に入場して虎に頸部等を咬まれ死亡した。通常は、虎を屋外展示場から屋内飼育場に移動させ、屋外と屋内を仕切る扉を閉めたことを確認してから作業員は屋外展示場に入場する。しかし被災者は、虎が屋外展示場に居るにもかかわらず屋外展示場に入場したものである。","12","教育・研究業","1201","教育・研究業","120109","その他の教育研究業","50~99","7","環境等","71","環境等","719","その他の環境等","90","その他"
"209","2018","平成","30","10","8~9","排水処理設備の異常を知らせるパトランプが点灯していたため点検に行った同設備の担当者である被災者が帰ってこなかったので、探したところ、同設備のスクリーン室下の原水槽(深さ2m)にあおむけで倒れている被災者を発見したもの。","1","製造業","101","食料品製造業","10102","水産食料品製造業","10~29","3","その他の装置等","39","その他の装置、設備","391","その他の装置、設備","10","おぼれ"
"210","2018","平成","30","10","16~17","天井改修建築工事現場において、建屋内部に設置した足場(7層目)の開口部から切断して束ねた吊りボルトを荷下ろしするため、解体材を移動していたところ、体勢を崩し開口部から約12メートル下の床面に墜落した。","3","建設業","302","建築工事業","30209","その他の建築工事業","10~29","4","仮設物、建築物、構築物等","41","仮設物、建築物、構築物等","414","開口部","1","墜落、転落"
"211","2018","平成","30","10","14~15","被災者は、車両積載型クレーン(つり上げ荷重2.93t)を運転して、同クレーンの荷台に積んだポプラの玉切り木(重量2.44t、長さ350センチメートル、直径は最も太い箇所で101センチメートル)をつり上げ、続いて地面に下ろそうとしたところ、同クレーンが転倒して斜面から転落した。被災者は別の労働者によって斜面の下で同クレーンの横に倒れているのを発見され病院に搬送されたが、胸部外傷等により死亡が確認された。","3","建設業","301","土木工事業","30107","河川土木工事業","10~29","2","物上げ装置、運搬機械","21","動力クレーン等","212","移動式クレーン","1","墜落、転落"
"212","2018","平成","30","10","2~3","国道において国道の舗装修繕工事の事前調査のため片側通行の道路規制をかけていたところ、走行してきた大型トラックが道路規制の停止線を越え標識車の後部に追突し、標識車の運転席にいた労働者が追突によるショックで心肺停止し、搬送先の病院で死亡が確認された。また助手席にいた労働者も軽傷(鼻血のみ)を負ったもの。","17","その他の事業","1702","その他の事業","170201","警備業","10~29","2","物上げ装置、運搬機械","22","動力運搬機","221","トラック","17","交通事故（道路）"
"213","2018","平成","30","10","8~9","研掃機(研磨材とともに回転し、製品を研磨する機械)において、搬出側の扉が開き、製品の払出しがなされた後、被災者は搬出扉とドラムの間に身体を入れ作業を行っていたところ、自動運転となっていたため、搬出扉が閉まり扉とドラムに上半身をはさまれた。なお、被災者は当該場所において一人で作業を行っており、災害発生時の状況を見ていた者はいなかった。","1","製造業","115","輸送用機械等製造業","11502","自動車・同付属品製造業","1000~9999","1","動力機械","15","金属加工用機械","159","その他の金属加工用機械","7","はさまれ、巻き込まれ"
"214","2018","平成","30","10","8~9","上記支所内、購買倉庫のスレート屋根の雨漏り補修のため、職員6名が屋根に登りブルーシート掛け段取り作業中、被災者が明かり取り部分(ポリカーボネート部材)を踏み抜き約6.21m下に墜落した。(搬送先の病院で、死亡が確認された。)","17","その他の事業","1702","その他の事業","170209","その他の事業－その他","30~49","4","仮設物、建築物、構築物等","41","仮設物、建築物、構築物等","415","屋根、はり、もや、けた、合掌","1","墜落、転落"
"215","2018","平成","30","10","12~13","市道脇の斜面上にて、台風による倒木の撤去作業のため、被災者はクレーン車で支えられた立木をチェーンソーで伐倒する作業を行っていたが、立木の伐倒後、伐倒木から離れた場所で待機していたところ、待機場所上方の幅2.5メートル、高さ5メートルの斜面の土砂が崩壊し、生き埋めになったもの。被災者は救出されたが、現場で死亡が確認された。","3","建設業","301","土木工事業","30199","その他の土木工事業","1~9","7","環境等","71","環境等","711","地山、岩石","5","崩壊、倒壊"
"216","2018","平成","30","10","12~13","倉庫の屋根の補修工事の見積もりを行うため、同屋根上で屋根材の寸法測定を行っていた被災者が転倒し、同屋根の明かり取りの部分の屋根材を突き破り、約7メートル下の床面に墜落し、医療機関に搬送されたが、同日死亡した。","3","建設業","302","建築工事業","30202","木造家屋建築工事業","10~29","4","仮設物、建築物、構築物等","41","仮設物、建築物、構築物等","415","屋根、はり、もや、けた、合掌","1","墜落、転落"
"217","2018","平成","30","10","10~11","高さ25メートルの照明塔(内部に踊り場が7階、頂上に屋上を有する。)の附帯設備の更新工事を作業員7人で行い、被災者は床上までの高さ15メートルの5階踊り場において、1人で塔外側に張り出た無線アンテナ(単管の先端にアンテナが取り付けられている。)の交換作業をしていたところ、踊り場の周囲に設けられた高さ1.2メートルの手すりを乗り越え、地上に墜落し、死亡したものである。","3","建設業","302","建築工事業","30203","建築設備工事業","1~9","4","仮設物、建築物、構築物等","41","仮設物、建築物、構築物等","418","建築物、構築物","1","墜落、転落"
"218","2018","平成","30","10","2~3","被災者は、自転車で朝刊配達中に道路の白線でスリップし転倒、鉄製の歩道柵に背中を打ち付けたが(災害発生前に雨が降り始めていた)、その後も痛さを我慢しながら配達を続け、路上で倒れているところを発見され、救急車で搬送された病院で死亡したものである。","8","商業","802","小売業","80205","新聞販売業","10~29","3","その他の装置等","36","人力機械工具等","362","人力運搬機","17","交通事故（道路）"
"219","2018","平成","30","10","22~23","アルミニウム製品の熱処理を行う炉の内部の清掃を行うため、同炉の蓋を開け、移動はしごをかけて同炉の内部に降りた被災者が同移動はしごの下で倒れているところを同僚に発見され、医療機関に搬送されたが、翌日、死亡が確認された。また、被災者の救助を行うために同炉の内部に降りた同僚5名が不調を訴え、医療機関に搬送された。","1","製造業","111","非鉄金属製造業","11101","非鉄金属精錬・圧延業","300~499","5","物質、材料","51","危険物、有害物等","514","有害物","12","有害物等との接触"
"220","2018","平成","30","10","10~11","被災者は建設現場へ資材を運搬するために貨物自動車(種類:平ボデー、最大積載量:2トン、車両総重量:約4.5トン)を運転して向かっていたが、傾斜が緩やかな行き止まりの市道に立ち入ったため停車し、配送先の建設現場を確認しようと(推定)降車したところ、車両が動き出したため、車両を止めようと貨物自動車の前に立ち入り、貨物自動車と高さ約70センチメートルの車止めに挟まれ死亡したもの。","4","運輸交通業","403","道路貨物運送業","40303","貨物軽自動車運送業","1~9","2","物上げ装置、運搬機械","22","動力運搬機","221","トラック","17","交通事故（道路）"
"221","2018","平成","30","10","8~9","自動車部品(フロントグリル)製造工場の自動鍍金ラインにおいて、鍍金液面管理のため、鍍金槽にホースで純水を充填中の被災者が、鍍金槽側に身を乗り出して作業していたところ、鍍金加工中の部品を自動搬送するキャリアーのフレームと通路の鉄製柱の間に頭部をはさまれ、病院に救急搬送されたが同日死亡したもの。","1","製造業","115","輸送用機械等製造業","11502","自動車・同付属品製造業","100~299","1","動力機械","16","一般動力機械","169","その他の一般動力機械","7","はさまれ、巻き込まれ"
"222","2018","平成","30","10","16~17","フォークリフトが左折した際、フォークリフト背後にいた被災者が、当該フォークリフト右側後部と積み上げられた鉄製パレットの間に挟まれ被災したもの。","8","商業","804","その他の商業","80401","倉庫業","100~299","2","物上げ装置、運搬機械","22","動力運搬機","222","フォークリフト","7","はさまれ、巻き込まれ"
"223","2018","平成","30","10","16~17","台風により被災した倉庫の屋根を修理するため、補修材を持ち屋根上を移動中、スレートを踏み抜き9.8m墜落、死亡したもの。","3","建設業","303","その他の建設業","30309","その他の建設業－その他","1~9","4","仮設物、建築物、構築物等","41","仮設物、建築物、構築物等","415","屋根、はり、もや、けた、合掌","1","墜落、転落"
"224","2018","平成","30","10","14~15","台風により、敷地内の倉庫のスレート屋根が破損したことから、破損部分をビニールシートで覆う作業を被災者を含む2名が行なっていたところ、スレート屋根を踏み抜き約5.5メートル下のコンクリート床に墜落したもの。","14","接客娯楽業","1403","その他の接客娯楽業","140301","ゴルフ場","30~49","4","仮設物、建築物、構築物等","41","仮設物、建築物、構築物等","415","屋根、はり、もや、けた、合掌","1","墜落、転落"
"225","2018","平成","30","10","10~11","台風により破損した屋根明かり取り用FRP波板取替作業のため、被災者と同僚が屋根(スレート葺き)に登り、波板の取替作業を行っていたところ、バランスを崩し同建屋屋根上から建屋内に約4m墜落したもの。被災者は保護帽は着用していたが、安全帯は着用しておらず、屋根には安全帯取付設備や防網は設けられていなかった。なお、屋根上には幅約20センチメートルの歩み板2枚が設けられているものであった。","3","建設業","302","建築工事業","30201","鉄骨・鉄筋コンクリート造家屋建築工事業","1~9","4","仮設物、建築物、構築物等","41","仮設物、建築物、構築物等","415","屋根、はり、もや、けた、合掌","1","墜落、転落"
"226","2018","平成","30","10","4~5","被災者は貨物自動車による運送業務中、配送先である宅急便センター内において、荷卸しのために貨物自動車の荷台からロールボックスパレット(約300キログラム)をテールゲートリフターに移動させたところ、ロールボックスパレットがその端部で停止せず、テールゲートリフターから地上に飛び降りた被災者の上に落下し、下敷きとなった。","4","運輸交通業","403","道路貨物運送業","40301","一般貨物自動車運送業","30~49","3","その他の装置等","36","人力機械工具等","361","人力クレーン等","4","飛来、落下"
"227","2018","平成","30","10","18~19","トラックの荷台に積んだ木材をワイヤーロープとチェーンブロックを用いて荷締めする作業を、地面からの高さが2.1メートルある荷の上で行っていた際に、荷の上から地面に墜落したもの。","4","運輸交通業","403","道路貨物運送業","40301","一般貨物自動車運送業","10~29","2","物上げ装置、運搬機械","22","動力運搬機","221","トラック","1","墜落、転落"
"228","2018","平成","30","10","16~17","道路維持修繕業務の一環として、台風の影響により道路上に飛散した枝葉等を(ホイール式)トラクターショベルを用いて除去していたところ、ガードレールが設置されていない路肩から崖下にトラクターショベルごと転落したもの。","3","建設業","301","土木工事業","30106","道路建設工事業","1~9","1","動力機械","14","建設機械等","141","整地・運搬・積込み用機械","1","墜落、転落"
"229","2018","平成","30","10","14~15","ビル屋上に取り付けられていた外装パネル(金属製、厚さ2ミリ)が、地面まで約32メートルを飛来し、顧客先へ向かうため歩道上を、徒歩で移動中であった被災者を直撃したもの。","17","その他の事業","1702","その他の事業","170202","情報処理サービス業","30~49","4","仮設物、建築物、構築物等","41","仮設物、建築物、構築物等","418","建築物、構築物","4","飛来、落下"
"230","2018","平成","30","9","20~21","工場で警備警報があり被災者が現場に向かったが、その後、連絡がつかなくなった。同僚警備員が現場に駆け付けたところ、被災者が運転した車両がエンジンがかかったままで本人行方不明であったため警察に通報。警察で被災者の行方を捜査していたところ、後日、現場から12キロ下流の杣川の三角州において被災者の遺体が発見されたもの","17","その他の事業","1702","その他の事業","170201","警備業","10~29","7","環境等","71","環境等","713","水","10","おぼれ"
"231","2018","平成","30","9","18~19","台風の影響により養鶏場に水が入ったため、養鶏場の修理、確認作業等を行った被災者が養鶏場から自宅へ被災者が運転する車により直帰する途中に、台風による大雨の影響により、陥没していた農道から転落し死亡したもの。","1","製造業","101","食料品製造業","10101","肉製品、乳製品製造業","100~299","7","環境等","71","環境等","711","地山、岩石","1","墜落、転落"
"232","2018","平成","30","9","8~9","台風の強風で資材倉庫屋根上の手摺りとネットフェンスの一部が吹き飛ばされたため、復旧作業を行っていたところ、屋根の端より2.8メートル下に墜落したもの。","3","建設業","301","土木工事業","30199","その他の土木工事業","1~9","4","仮設物、建築物、構築物等","41","仮設物、建築物、構築物等","415","屋根、はり、もや、けた、合掌","1","墜落、転落"
"233","2018","平成","30","9","8~9","被災者は、ロッド(直径19ミリメートルの鋼線が、直径約1m、幅約1mの円柱状に巻かれているもの。重さ2トン)を酸洗するにあたり、ロッドを横置きにして立てかけ、鋼材をきつく固定していたバンドを切って、酸洗のため鋼線が重ならないよう、巻きを緩め、鋼材がバラバラにならないよう番線でロッドを緩めに縛る作業を行っていたところ、立てかけていたロッドが被災者側に倒れ、被災者は下敷きとなり死亡したもの。","1","製造業","112","金属製品製造業","11209","その他の金属製品製造業","10~29","5","物質、材料","52","材料","521","金属材料","5","崩壊、倒壊"
"234","2018","平成","30","9","6~7","古紙を圧縮したブロック(1m角、重さ540キログラム)の集積場所で、3段に積み上げたブロックが倒れ、近くで掃除作業を行っていた被災者が下敷きとなったもの。当該ブロックの3段目は直前にフォークリフトで積まれたものであった。","15","清掃・と畜業","1501","清掃・と畜業","150102","産業廃棄物処理業","10~29","6","荷","61","荷","611","荷姿の物","5","崩壊、倒壊"
"235","2018","平成","30","9","6~7","被災者を含む労働者3名が現場に向かうために、車両・資材置き場からトラックに乗り込んで、バイパス下り線を走行していたところ、合流車を避けようとブレーキをかけたためにスリップし、他車に接触後、後方走行のトラックに追突されたため、助手席の被災者がショック死したもの。","3","建設業","303","その他の建設業","30309","その他の建設業－その他","1~9","2","物上げ装置、運搬機械","22","動力運搬機","221","トラック","17","交通事故（道路）"
"236","2018","平成","30","9","16~17","被災者は、農場の建設物の基礎工事現場において、スコップで基礎杭周囲の土砂の埋戻し作業を行っていたところ、同じく土砂の埋戻し作業を行っていたドラグ・ショベル(機体重量15.9トン)が約3m後進して轢かれたものである。ドラグ・ショベルの作業範囲の立入禁止は講じられておらず、誘導者も配置されていなかった。当該作業に従事していた当該事業場の労働者は被災者1名のみである。","3","建設業","302","建築工事業","30209","その他の建築工事業","1~9","1","動力機械","14","建設機械等","142","掘削用機械","7","はさまれ、巻き込まれ"
"237","2018","平成","30","9","14~15","発電所の下流約500mの連合用水路内の左岸側壁部の修繕工事の準備のため、一輪車に約20キログラムの発電機を積載し用水路脇の巡視路と呼ばれる路を被災者と外国人労働者2名の3名で交替しながら運搬。被災者に交替し数メートル運搬した後、誤って巡視路から用水路(高さ3m、深さ1m)に発電機、一輪車と共に墜落したもの。墜落推定箇所の巡視路の幅は2.8メートルで柵が無い状態であった。","3","建設業","301","土木工事業","30199","その他の土木工事業","1~9","4","仮設物、建築物、構築物等","41","仮設物、建築物、構築物等","417","通路","1","墜落、転落"
"238","2018","平成","30","9","14~15","商業ビル解体工事現場において、被災者は7階フロア上にてエレベーターシャフトを利用して解体ガラを投下する準備作業中、何らかの理由により開口部となっているエレベーターシャフトより解体ガラとともに1階まで墜落した。","3","建設業","302","建築工事業","30209","その他の建築工事業","1~9","4","仮設物、建築物、構築物等","41","仮設物、建築物、構築物等","414","開口部","1","墜落、転落"
"239","2018","平成","30","9","4~5","朝刊を配達するため、原付バイクを運転中に信号機のある交差点を直進して交差点を抜けた後、道路沿いにあった電柱を支えるワイヤーロープに衝突して転倒したものと推定される。被災者は、全身を強く打っており、脊椎損傷で死亡したもの。被災者が市道で倒れているのを通行人が発見し、通報があったもの。被災者のそばに乗っていた原付バイクが横転していたもの。当時、雨で路面がぬれていた。","8","商業","802","小売業","80205","新聞販売業","50~99","2","物上げ装置、運搬機械","23","乗物","231","乗用車、バス、バイク","17","交通事故（道路）"
"240","2018","平成","30","9","0~1","地下駐車場で駐車装置の点検中、機械操作者が、被災者の乗ったパレットを最上部へ上昇移動させた。被災者はパレットに乗ったまま点検作業を行い、その位置での作業が終了したため、機械操作者が被災者の乗ったパレットを下降させようと操作したところ、パレットごと被災者が地下の地面へ墜落したもの。","17","その他の事業","1702","その他の事業","170209","その他の事業－その他","10~29","3","その他の装置等","39","その他の装置、設備","391","その他の装置、設備","1","墜落、転落"
"241","2018","平成","30","9","16~17","鋼棒表面加工工場にて、出荷前製品置場の金属製ラックの中に、盤木を介して4段積みされた丸鋼の最上段の丸鋼(長さ3.067m、直径16センチメートル、重量480キログラム)1本が1.14mの高さから転がり落ち、そばにいた派遣労働者が下敷きとなったもの。","1","製造業","112","金属製品製造業","11209","その他の金属製品製造業","30~49","5","物質、材料","52","材料","521","金属材料","4","飛来、落下"
"242","2018","平成","30","9","12~13","既設住宅の屋根改修工事のため屋根上で屋根材を設置していたところ、何らかの原因でバランスを崩し、当該住宅周囲に設置していた単管足場を使用した屋根上の手すりの隙間からメッシュシートを破って、隣地駐車場のアスファルトに約5.98m墜落した。","3","建設業","302","建築工事業","30203","建築設備工事業","1~9","4","仮設物、建築物、構築物等","41","仮設物、建築物、構築物等","415","屋根、はり、もや、けた、合掌","1","墜落、転落"
"243","2018","平成","30","9","20~21","トンネル掘削の発破終了後、坑口から切羽方向に後進してきた2tトラックに被災者が轢かれた。なお、2tトラックの運転者は、防音扉外に退避していたが、発破終了後にずり出し用の大型ダンプに乗換えるため、2tトラックを後退で運転していた。","3","建設業","301","土木工事業","30102","トンネル建設工事業","10~29","2","物上げ装置、運搬機械","22","動力運搬機","221","トラック","7","はさまれ、巻き込まれ"
"244","2018","平成","30","9","8~9","NC旋盤の保護扉を開けた状態で、手で持った紙やすりを円筒形の鋼製材料の表面に押し当てて研摩していたところ、回転軸に巻き込まれ、回転した身体(頭部)が機械内部に激突した。","1","製造業","115","輸送用機械等製造業","11502","自動車・同付属品製造業","1~9","1","動力機械","15","金属加工用機械","151","旋盤","7","はさまれ、巻き込まれ"
"245","2018","平成","30","9","8~9","被災者及び同僚の計2名で、トラックに乗車して事務所から作業現場(道路保守工事の一環で、通行の邪魔になっている枝を除去する作業。一日で終了するもの)へ向かうべく国道を走行中(運転者は被災者)、対向車線にはみ出し、大型トラック(ユニック)と正面衝突して、被災者は全身を強く打ち死亡したもの。助手席に乗っていた同僚及び大型トラックの運転者も負傷した。","3","建設業","302","建築工事業","30201","鉄骨・鉄筋コンクリート造家屋建築工事業","100~299","2","物上げ装置、運搬機械","22","動力運搬機","221","トラック","17","交通事故（道路）"
"246","2018","平成","30","9","16~17","岸壁のゴム製緩衝材の補修工事において、移動式クレーン機能付きドラグショベル(吊り上げ荷重0.9t。バケットは外している。)のフックに搭乗設備を吊り、被災者がその上に乗って海面から2m程の箇所で作業を行っていたところ、フックから搭乗設備の吊環が外れ、被災者は搭乗設備ごと海に落下した。被災者は吊環に安全帯を掛けていたため、水中に引き込まれて死亡した。なお、移動式クレーンモードへの切替えなし。","3","建設業","303","その他の建設業","30309","その他の建設業－その他","1~9","2","物上げ装置、運搬機械","21","動力クレーン等","212","移動式クレーン","10","おぼれ"
"247","2018","平成","30","9","8~9","工事に伴う内装解体作業において、解体用つかみ機(機体重量2.4トン)を運転する職長(一次下請)がアームを天井から床に下ろしたところ、解体した部材を回収しようとして、アームの直下に立ち入った被災労働者(三次下請)の頭部につかみ具が接触した。意識不明の重体であったが、1週間後に脳挫傷により死亡した。","3","建設業","303","その他の建設業","30309","その他の建設業－その他","10~29","1","動力機械","14","建設機械等","145","解体用機械","6","激突され"
"248","2018","平成","30","9","6~7","荷積みのため、高速道路を走行中に、不整脈を発症して意識を失い、走行車線左側ガードレールに衝突。その後、反動で追い越し車線右側ガードレールに衝突して停車した。","4","運輸交通業","403","道路貨物運送業","40301","一般貨物自動車運送業","50~99","9","その他","92","起因物なし","921","起因物なし","90","その他"
"249","2018","平成","30","9","14~15","焼却炉から取り外し補修した壁(材質:粘土等、大きさ:高さ1.53m、幅2.45m、厚さ8センチメートル、重量約200キログラム)を立て掛けた状態で、被災者がバールを用い固定位置の微調整を行っていたところ、立て掛けていた壁が倒れ、身体を倒壊した壁と後方のホッパー架台との間にはさまれたもの。","15","清掃・と畜業","1501","清掃・と畜業","150102","産業廃棄物処理業","1~9","4","仮設物、建築物、構築物等","41","仮設物、建築物、構築物等","418","建築物、構築物","5","崩壊、倒壊"
"250","2018","平成","30","9","10~11","被災者は、工場内でプレスブレーキを使用して金属部品を加工する作業を行っていたが、途中で工場を出た。しばらくして、事業者が敷地内にあるトイレに向かったところ、敷地内にある建物の玄関前で倒れている被災者が発見された。","1","製造業","112","金属製品製造業","11203","金属プレス製品製造業","1~9","9","その他","91","その他の起因物","911","その他の起因物","90","その他"
"251","2018","平成","30","9","0~1","自動車の運転代行業務中、客の自動車を運転して見通しの良い直線道路を走行していたところ、対向車と正面衝突して死亡したもの。また、本件客の自動車に随伴していた社有車にも衝突したことにより、当該随伴車を運転していた同僚労働者も負傷した。","17","その他の事業","1702","その他の事業","170209","その他の事業－その他","30~49","2","物上げ装置、運搬機械","23","乗物","231","乗用車、バス、バイク","17","交通事故（道路）"
"252","2018","平成","30","9","10~11","胸高直径約35センチメートルの杉の伐倒作業中、被災者はチェーンソーで受け口の下切り、受け口の斜め切りを行い、追い口切りをして立木が倒れ始めたため、約2.3m離れた退避場所に退避したが、伐倒方向が予定していた位置よりずれて、倒れた立木の先端が林道のコンクリート擁壁の上部に当たり、擁壁上を約2.2m滑走した反動で、倒れた立木の根元も滑走し、被災者は胸部と顔面を激突され死亡したもの。","3","建設業","301","土木工事業","30108","砂防工事業","1~9","7","環境等","71","環境等","712","立木等","6","激突され"
"253","2018","平成","30","9","8~9","ドラグショベルをダンプトラックに載せ個人の畑に搬入するため、道路を走行中、ダンプトラック運転者が道路を間違え進入路を通り過ぎたことに気づき、ダンプトラックを後進させたところ、ダンプトラックの後方にいた被災者が公道上においてダンプトラックに轢かれた。","6","農林業","601","農業","60101","農業","1~9","2","物上げ装置、運搬機械","22","動力運搬機","221","トラック","17","交通事故（道路）"
"254","2018","平成","30","9","8~9","工場において、被災者がホイスト式天井クレーン(つり上げ荷重4.843t)を用い、仮置きしていたH鋼(幅20センチメートル×長さ785センチメートル×高さ60センチメートル、重量800キログラム)を、積み上げられたH鋼の上(高さ127センチメートル)に移動させた後、H鋼からクランプを外しクレーンを巻き上げていたところクランプがH鋼に引っかかり、バランスを崩して倒壊したH鋼と床との間に被災者の胴体が挟まれたもの。","1","製造業","112","金属製品製造業","11209","その他の金属製品製造業","10~29","2","物上げ装置、運搬機械","21","動力クレーン等","211","クレーン","5","崩壊、倒壊"
"255","2018","平成","30","9","16~17","集合住宅新築工事のための宅地造成作業において、後退してきたドラグショベルに被災労働者が轢かれたもの。","3","建設業","301","土木工事業","30199","その他の土木工事業","10~29","1","動力機械","14","建設機械等","142","掘削用機械","7","はさまれ、巻き込まれ"
"256","2018","平成","30","9","16~17","一般住宅に隣接する物置小屋の改築工事において、代表者、被災者、施主の3名で屋根の上に上り、防水シートを貼る作業を行っていたところ、被災者が屋根から約4m下のコンクリートの地面に墜落したもの。","3","建設業","302","建築工事業","30209","その他の建築工事業","不明","4","仮設物、建築物、構築物等","41","仮設物、建築物、構築物等","415","屋根、はり、もや、けた、合掌","1","墜落、転落"
"257","2018","平成","30","9","8~9","鉄骨造1階建工場建屋建築工事に4人の屋根板金職人のうちの1人として入場した労働者が、他の3人の職人とともに梁の上に上って鋼板製屋根材を順次敷設する作業を行っていたところ、鉄骨梁に鋼板製屋根材を固定しようとした際に、当該屋根板の端部から高さ7.65メートル下の地面(砂利)に墜落して死亡したもの。","3","建設業","302","建築工事業","30209","その他の建築工事業","1~9","4","仮設物、建築物、構築物等","41","仮設物、建築物、構築物等","415","屋根、はり、もや、けた、合掌","1","墜落、転落"
"258","2018","平成","30","9","4~5","高速道路保守工事の交通誘導を行っていた被災者は、工事終了の後片付けで、500メートル先で工事を行っていることを走行車に知らせる標識の撤去作業に立ち会い、中央分離帯上から追い越し車線を通行する大型車を確認したので作業員に道路横断をやめさせ、減速を確認した上で、中央分離帯から路側帯へ横断しようとしたところ、大型車の後方を走行してきた加害者乗用車が、大型車を左側から追い越し、被災者をはね飛ばしたもの。","17","その他の事業","1702","その他の事業","170201","警備業","10~29","2","物上げ装置、運搬機械","23","乗物","231","乗用車、バス、バイク","17","交通事故（道路）"
"259","2018","平成","30","9","21~22","大型トラック(冷蔵冷凍車、最大総重量25トン)に鮮魚等を積込み、市内にある卸市場に向け、自動車道を走行中、トンネル内(310.3キロポスト付近)の右側壁に衝突し横転した。被災者は、車外で倒れており死亡(即死)が確認された。","4","運輸交通業","403","道路貨物運送業","40301","一般貨物自動車運送業","30~49","2","物上げ装置、運搬機械","22","動力運搬機","221","トラック","17","交通事故（道路）"
"260","2018","平成","30","9","16~17","深さ2.0メートルの掘削溝にハンドホール(コンクリート構造物)を敷設している際、掘削溝底面で作業を行っていた被災者の背後の法面が崩壊し、被災者は両膝付近まで土砂に埋没するとともに、崩壊した土砂の土圧によって前傾姿勢となり、腹部をハンドホールに強打したもの。","3","建設業","303","その他の建設業","30301","電気通信工事業","1~9","7","環境等","71","環境等","711","地山、岩石","5","崩壊、倒壊"
"261","2018","平成","30","9","16~17","公園内での剪定及び伐採作業の片付けを行っていた際、歩行中に前方向に転倒した。(4日後に腹部の痛みを訴え、救急搬送された病院では脾臓損傷と診断され、入院の10日後に死亡した。)","6","農林業","601","農業","60101","農業","1~9","4","仮設物、建築物、構築物等","41","仮設物、建築物、構築物等","417","通路","2","転倒"
"262","2018","平成","30","9","16~17","桧の切り捨て間伐現場において、同僚3名でそれぞれ100m程度の距離をとり、下方から山頂方向に向かって伐倒作業を行っていた。作業終了時刻になっても被災者が作業場所から戻ってこないので、同僚が確認しに向かったところ、伐倒した桧に首を挟まれた状態で倒れている被災者を発見した。","6","農林業","602","林業","60201","木材伐出業","1~9","7","環境等","71","環境等","712","立木等","6","激突され"
"263","2018","平成","30","9","10~11","橋梁上部補修工事のため設置された吊足場の解体中、足場から転落したもの。被災者は足場から約12m鉛直下の川に墜落し、一時所在不明であったが、2日後、下流600m、東岸にて溺死した被災者が発見されたもの。","3","建設業","301","土木工事業","30105","橋梁建設工事業","10~29","4","仮設物、建築物、構築物等","41","仮設物、建築物、構築物等","411","足場","1","墜落、転落"
"264","2018","平成","30","9","8~9","スレート屋根の雨漏り補修工事を鉄骨平屋建ての工場の屋根上で行っていたところ、1箇所目の作業が終わり、次の箇所へ移動中にスレート屋根を踏み抜いて高さ約8メートルの位置から工場内へ墜落して死亡したもの。現場では歩み板は使用しておらず、被災者は安全帯を着用していたが使用していなかった。","3","建設業","302","建築工事業","30209","その他の建築工事業","10~29","4","仮設物、建築物、構築物等","41","仮設物、建築物、構築物等","415","屋根、はり、もや、けた、合掌","1","墜落、転落"
"265","2018","平成","30","9","0~1","被災者は高速道路で側面衝突を起こし停車させた。車外に出て発生場所を確認していたところ、後方から来た車両に接触した。","4","運輸交通業","402","道路旅客運送業","40201","ハイヤー・タクシー業","100~299","2","物上げ装置、運搬機械","23","乗物","231","乗用車、バス、バイク","17","交通事故（道路）"
"266","2018","平成","30","9","8~9","被災者は、建造中の船のタンク内で、休憩と次の作業の段取り替えを行うため、甲板につながる垂直はしごを上っている途中、誤って垂直はしごの安全ガード(背かご)のすき間(幅40センチメートル)から約18メートル下のタンクの床面に墜落したもの。","1","製造業","115","輸送用機械等製造業","11501","造船業","1~9","3","その他の装置等","37","用具","371","はしご等","1","墜落、転落"
"267","2018","平成","30","9","18~19","被災者は一人で災害発生場所である個人宅の1階及び2階の屋根の雨どいの清掃作業を開始したが、同宅敷地脇の水路の中で、意識を失って倒れているところを発見され、病院に搬送されたが死亡が確認された。","15","清掃・と畜業","1501","清掃・と畜業","150101","ビルメンテナンス業","1~9","4","仮設物、建築物、構築物等","41","仮設物、建築物、構築物等","415","屋根、はり、もや、けた、合掌","1","墜落、転落"
"268","2018","平成","30","9","12~13","木造2階建て店舗兼住宅の屋根雪止め交換工事において、長さ7.3mの雪止め用丸太を2階屋根上へ上げるため、丸太にロープを掛け、被災者ほか1名が高さ5.44mの2階屋根から引き上げていたところ、被災者が地面へ墜落し、死亡した。","3","建設業","302","建築工事業","30209","その他の建築工事業","1~9","4","仮設物、建築物、構築物等","41","仮設物、建築物、構築物等","415","屋根、はり、もや、けた、合掌","1","墜落、転落"
"269","2018","平成","30","9","12~13","商品配送中、トラックを路肩に止め荷台上の片付け等をしていたところ、道路の勾配でトラックが前進しはじめたため運転席側のドアを開け乗り込もうとした際(目撃者がいないため推定)、運転席側の前輪及び後輪が側溝に落ちて車体が傾き、ドアの外面が側溝横の擁壁に接し、被災者の上半身が車体(運転席)とドア内面の間に挟まったもの。下半身は車外に出た状態であった。","8","商業","802","小売業","80209","その他の小売業","30~49","2","物上げ装置、運搬機械","22","動力運搬機","221","トラック","17","交通事故（道路）"
"270","2018","平成","30","9","16~17","マシニングセンターその他設備の更新のため、当該設備を含め15台の設備を搬出する工事に際し、災害発生に係るマシニングセンターの搬出には下部のクーラントタンクを本体に固定する必要が生じたことから、固定用のブラケットを取り付けるスペースを確保するため、本体前面に設置されていた搬送コンベアを本体から切り離して移動させていたところ、搬送コンベアが転倒し、その下敷きとなった被災者が外傷性脳挫傷により死亡した。","3","建設業","303","その他の建設業","30302","機械器具設置工事業","10~29","6","荷","61","荷","612","機械装置","6","激突され"
"271","2018","平成","30","9","10~11","空き家修理工事において、2階建て家屋の南側壁面窓の手すり(1階部分)のさび落とし後に、墜落し死亡した。墜落時には現場に誰もおらず、墜落状況は不明である。","3","建設業","302","建築工事業","30202","木造家屋建築工事業","1~9","4","仮設物、建築物、構築物等","41","仮設物、建築物、構築物等","411","足場","1","墜落、転落"
"272","2018","平成","30","9","10~11","自動車道上り線を走行中、被災者の運転する1.5トントラックが左側の法面に乗り上げ横転し、死亡したもの。","8","商業","801","卸売業","80109","その他の卸売業","1~9","2","物上げ装置、運搬機械","22","動力運搬機","221","トラック","17","交通事故（道路）"
"273","2018","平成","30","9","10~11","法面保護工事中の斜面にて、モルタル吹付工事前の養生作業をロープ高所作業で行っていたところ、高さ約12.3m(斜長約16m)の法面から、墜落して、頭を強く打って死亡した。","3","建設業","301","土木工事業","30199","その他の土木工事業","30~49","7","環境等","71","環境等","711","地山、岩石","1","墜落、転落"
"274","2018","平成","30","9","10~11","三脚脚立を使用して地上約1.5メートルの高さから庇の内部の雨水排水路のごみ取り作業中、脚立が倒れ、高さ3.26メートルの庇にぶら下がった状態になり、その後、落下した際、頭部を打ち、後日死亡したもの。","14","接客娯楽業","1403","その他の接客娯楽業","140309","その他の接客娯楽業－その他","1~9","3","その他の装置等","37","用具","371","はしご等","1","墜落、転落"
"275","2018","平成","30","9","16~17","台風により破損したスレート屋根の応急処置のためビニールシートで養生中、右手をついた箇所のスレートが折れ、約3m下に落下し、後頭部等を強打したもの。","3","建設業","302","建築工事業","30209","その他の建築工事業","1~9","4","仮設物、建築物、構築物等","41","仮設物、建築物、構築物等","415","屋根、はり、もや、けた、合掌","1","墜落、転落"
"276","2018","平成","30","9","14~15","採石場内において、被災者は階段採掘法で切られた地山の4段目ベンチ上でドラグショベル(機体重量48t)を運転していたところ、4段目ベンチが崩落しドラグショベルごと82m下のヤードに転落したもの。","2","鉱業","202","土石採取業","20201","採石業","10~29","7","環境等","71","環境等","711","地山、岩石","1","墜落、転落"
"277","2018","平成","30","9","12~13","刈払機を用いて草刈作業をしていたところ、後頸部を蜂に刺されアナフィラキシーショックを起こし、後日死亡したもの。","13","保健・衛生業","1302","社会福祉施設","130201","社会福祉施設","1~9","7","環境等","71","環境等","719","その他の環境等","90","その他"
"278","2018","平成","30","9","8~9","破砕されたダンボールを手作業で圧縮式ごみ収集車に積み込む作業を行っていたところ、ホッパー内のプレスプレートに全身をはさまれたもの。","8","商業","801","卸売業","80109","その他の卸売業","10~29","2","物上げ装置、運搬機械","22","動力運搬機","221","トラック","7","はさまれ、巻き込まれ"
"279","2018","平成","30","9","8~9","鶏糞発酵建屋の屋根材が台風で吹き飛ばされたため、ビニールシートで養生する前の段取りのために、屋根上に上っていたところ、劣化した樹脂製波板を踏み抜いて5.3m墜落した。頭・胸・腹部の外傷を負った。","7","畜産・水産業","701","畜産業","70101","畜産業","50~99","4","仮設物、建築物、構築物等","41","仮設物、建築物、構築物等","415","屋根、はり、もや、けた、合掌","1","墜落、転落"
"280","2018","平成","30","9","2~3","柱上のトラスビームに乗って作業をしていた作業員が、その80センチメートル上のき電線(直流1500V)に背中が触れ感電し、死亡したもの。","3","建設業","303","その他の建設業","30301","電気通信工事業","50~99","3","その他の装置等","35","電気設備","351","送配電線等","13","感電"
"281","2018","平成","30","9","16~17","運転中のフォークリフトが転倒し、頭がい骨骨折を受傷(頭部より出血、詳細不詳)した被災者を事業主の家族が発見したもの。","15","清掃・と畜業","1501","清掃・と畜業","150102","産業廃棄物処理業","1~9","2","物上げ装置、運搬機械","22","動力運搬機","222","フォークリフト","2","転倒"
"282","2018","平成","30","9","10~11","片側1車線を規制し道路工事を行っていたが、交通誘導をしていた警備員が、現場にバックで入場してきたトラックに轢かれたもの","17","その他の事業","1702","その他の事業","170201","警備業","50~99","2","物上げ装置、運搬機械","22","動力運搬機","221","トラック","17","交通事故（道路）"
"283","2018","平成","30","9","8~9","事業場に産業廃棄物の回収のため、自動車道をワゴン車で走行中、右後輪がバーストし、ハンドルをとられて構造物に激突して即死したもの","15","清掃・と畜業","1501","清掃・と畜業","150102","産業廃棄物処理業","1~9","2","物上げ装置、運搬機械","23","乗物","231","乗用車、バス、バイク","17","交通事故（道路）"
"284","2018","平成","30","9","4~5","自動車販売店前で、停車していたキャリアカーの荷台上において、被災者が荷扱いをしていたところ、同車の後方から居眠り運転の軽自動車が荷台上に乗り上げて被災者をひいたもの。","4","運輸交通業","403","道路貨物運送業","40301","一般貨物自動車運送業","30~49","2","物上げ装置、運搬機械","23","乗物","231","乗用車、バス、バイク","17","交通事故（道路）"
"285","2018","平成","30","9","18~19","工場新築現場において、空調の試運転時、接続未処理の配線を発見したため、配電盤のブレーカーを落とし結線作業を行おうとしたが、室内機と室外機を結ぶ配線が別の配線に入れ替わっていたことに気付かず、結線を試みた配線は活線(通電)のままとなっており、当該配線に触れて感電したものと推定される。","3","建設業","302","建築工事業","30203","建築設備工事業","1~9","3","その他の装置等","35","電気設備","351","送配電線等","13","感電"
"286","2018","平成","30","9","16~17","ガソリンスタンドにおいて、2トンダンプトラックに給油を終えて、事業場の作業場に戻るため国道を北進し、トンネルに入ったところ、濡れている路面でスリップし、左後輪が縁石にぶつかり、その反動で対向車線にはみ出して大型トラックと正面衝突し死亡した。","3","建設業","303","その他の建設業","30302","機械器具設置工事業","10~29","2","物上げ装置、運搬機械","22","動力運搬機","221","トラック","17","交通事故（道路）"
"287","2018","平成","30","9","12~13","被災者は、落石防止柵を設置する現場において、チェーンソーで雑木(胸高直径約30センチメートル)を伐採中に木が縦に裂け跳ね上がったため、避難をしようとしたところ、跳ね上がった木が落下し、被災者に直撃した。","3","建設業","301","土木工事業","30199","その他の土木工事業","10~29","7","環境等","71","環境等","712","立木等","4","飛来、落下"
"288","2018","平成","30","9","10~11","表面処理を行うために金属材料が入ったカゴ(バレル)を苛性ソーダなどが入った複数の処理槽に自動的に漬ける装置において、横行移動台車(バレルを移動させる装置)と建物の柱に身体がはさまれた。","1","製造業","110","鉄鋼業","11001","製鉄・製鋼・圧延業","300~499","3","その他の装置等","39","その他の装置、設備","391","その他の装置、設備","7","はさまれ、巻き込まれ"
"289","2018","平成","30","9","6~7","自宅から一般試験の為、会場に向かう際、駅のホームから転落し、侵入してきた列車にひかれた。","9","金融・広告業","901","金融業","90103","保険業","50~99","2","物上げ装置、運搬機械","23","乗物","232","鉄道車両","18","交通事故（その他）"
"290","2018","平成","30","9","20~21","出張先から社用車を運転し帰社途中に高速道路にて社用車がスリップし、横転した。","17","その他の事業","1702","その他の事業","170209","その他の事業－その他","1~9","2","物上げ装置、運搬機械","23","乗物","231","乗用車、バス、バイク","17","交通事故（道路）"
"291","2018","平成","30","9","12~13","被災者は貨物自動車(トラッククレーン)で片側2車線の高速道路を走行中、前方を走行していた貨物自動車に追突した後に横転し、同乗者の労働者が負傷し、運転していた被災者が死亡した。","4","運輸交通業","403","道路貨物運送業","40301","一般貨物自動車運送業","30~49","2","物上げ装置、運搬機械","22","動力運搬機","221","トラック","17","交通事故（道路）"
"292","2018","平成","30","9","2~3","被災者は、給油のために来店したタクシーを後方で誘導していた際に、タクシー運転手がアクセルを踏みすぎたために衝突され、地面に後頭部を強打した。","8","商業","802","小売業","80204","燃料小売業","10~29","2","物上げ装置、運搬機械","23","乗物","231","乗用車、バス、バイク","6","激突され"
"293","2018","平成","30","9","20~21","被災者は勤務終了後に店舗(当該事業場)のゴミ袋が不足していたため、系列の他店舗に被災者所有のバイクで取りに向かい、交差点を直進したところ乗用車と衝突したもの。","8","商業","802","小売業","80209","その他の小売業","10~29","2","物上げ装置、運搬機械","23","乗物","231","乗用車、バス、バイク","17","交通事故（道路）"
"294","2018","平成","30","9","12~13","国有林の間伐現場において、被災者は空荷のフォワーダを運転し、緩い下りカーブの作業道(幅員約3.2m)を後進していたところ、車両右後方のクローラが路肩から逸脱し、勾配40~45°の斜面を転落した。被災者は転落箇所から約34mの地点で車外に投げ出されて倒れており、外傷性ショックにより死亡した。運転室のドアは同箇所から約53m下、車両は同箇所から約190m下で発見された。","6","農林業","602","林業","60201","木材伐出業","10~29","1","動力機械","17","車両系木材伐出機械等","172","走行集材機械","1","墜落、転落"
"295","2018","平成","30","9","12~13","2階建て木造家屋の解体工事現場において、2階床部分の端で、解体した木材を1階部分に停めていたトラックの荷台に投げ下ろしていたところ、木材に付いていた釘が作業服に引っ掛かり、バランスを崩して木材と一緒に2.6m下のトラックの荷台に墜落した。被災者は医療機関へ搬送され、意識不明の重体であったが、後日死亡した。","3","建設業","302","建築工事業","30209","その他の建築工事業","10~29","4","仮設物、建築物、構築物等","41","仮設物、建築物、構築物等","418","建築物、構築物","1","墜落、転落"
"296","2018","平成","30","9","8~9","河川の築堤工事において、排水路に用いる鉄筋コンクリート製の大型U字溝を一部加工するため、エンジンカッターを用いて切断していたところ、歯が反発し、切断作業を行っていた作業員の肩から胸にかけて歯が接触し負傷。","3","建設業","301","土木工事業","30107","河川土木工事業","1~9","1","動力機械","16","一般動力機械","169","その他の一般動力機械","8","切れ、こすれ"
"297","2018","平成","30","9","6~7","工場建設工事に向かうため、労働者Aは自宅から社用車を運転し、途中で同僚の労働者Bを乗せ、国道IC付近の追越車線を走行していたところ、中央分離帯に接触し、ハンドルを左に急操作したことで法面に乗り上げ、当該車両が横転したもの。労働者Aは頭部を車体に挟まれて死亡し、労働者Bは左肩と左脛を打撲した(不休)。","3","建設業","302","建築工事業","30201","鉄骨・鉄筋コンクリート造家屋建築工事業","10~29","2","物上げ装置、運搬機械","23","乗物","231","乗用車、バス、バイク","17","交通事故（道路）"
"298","2018","平成","30","9","14~15","被災者は、地上約8メートルの高所作業車の作業床で鉄骨ボルトの本締め作業を1名で行っていた。休憩を終えて現場に戻った塗装工が、高所作業車と鉄骨の間に頚部がはさまっている被災者を発見した。被災者は、すぐに救出され、ドクターヘリで病院に搬送されたが、翌日のに入院中の病院で低酸素脳症により死亡が確認された。","3","建設業","302","建築工事業","30201","鉄骨・鉄筋コンクリート造家屋建築工事業","10~29","1","動力機械","14","建設機械等","146","高所作業車","7","はさまれ、巻き込まれ"
"299","2018","平成","30","9","14~15","空港内に設置された1~2階停止の乗用エレベーターの法定検査中、隣接するエレベーターの異音確認と対処を行うこととした。被災者は、昇降路ピット内に入りかご内の補助者に対し、低速で複数回昇降させたが、異音は再現できなかった。被災者は補助者に通常運転で2階まで上昇するよう指示し、補助者が通常運転で2階に上昇させたところ、被災者は下降してきたカウンターウェイトと壁面との隙間に頸部をはさまれ死亡した。","17","その他の事業","1702","その他の事業","170209","その他の事業－その他","10~29","2","物上げ装置、運搬機械","21","動力クレーン等","214","エレベータ、リフト","7","はさまれ、巻き込まれ"
"300","2018","平成","30","9","12~13","台風により損傷した屋根の応急措置としてブルーシートによる養生を行っていた。被災者が屋根の梁部を通行中、誤ってスレート部分に足を掛け、踏み抜き、約12mの高さから墜落した。(安全帯装着なし。歩み板なし。)","3","建設業","302","建築工事業","30209","その他の建築工事業","1~9","4","仮設物、建築物、構築物等","41","仮設物、建築物、構築物等","415","屋根、はり、もや、けた、合掌","1","墜落、転落"
"301","2018","平成","30","9","10~11","台風による2階建住宅の被害調査及び雨漏り養生を行うため、被災者と同僚の2名は屋根上で防水シート養生を行っていたが、防水シートが足りなくなったため、同僚がシートを取りに行っている間に、2階屋根から1階屋根に立てていたはしごを降りようとしたところ、一旦1階屋根に墜落して、地面まで墜落したもの。保護帽、安全帯は使用していない。被災者は緊急手術後も意識不明の状態であったが、後日死亡した。","3","建設業","302","建築工事業","30201","鉄骨・鉄筋コンクリート造家屋建築工事業","50~99","4","仮設物、建築物、構築物等","41","仮設物、建築物、構築物等","415","屋根、はり、もや、けた、合掌","1","墜落、転落"
"302","2018","平成","30","9","10~11","被災労働者が、荷主の敷地内で、フォークリフトを運転する荷主の労働者と共に、フォークリフトを使用して貨物自動車の荷台に建築用鉄骨を積む作業を行っていた際に、荷台に載せようとした鉄骨と共に荷台から墜落し、落下した当該鉄骨の下敷きになり、頭蓋骨を骨折し死亡したもの。","8","商業","804","その他の商業","80409","その他の商業－その他","10~29","2","物上げ装置、運搬機械","22","動力運搬機","222","フォークリフト","4","飛来、落下"
"303","2018","平成","30","9","10~11","山の標高600m付近において山林の地籍調査を5人体制で実施していた。境界点の杭打ち作業が終わり、次の境界点へのルートを班長が選定中、被災者が別方向に移動した際、転落したもの。およそ30mにわたり転落し、外傷性くも膜下出血により死亡したもの。","6","農林業","602","林業","60209","その他の林業","30~49","7","環境等","71","環境等","711","地山、岩石","1","墜落、転落"
"304","2018","平成","30","9","2~3","鉄骨造地下1階、地上8階建てビル新築工事現場において、トラックの荷台で外壁材(外壁パネル、長さ4.3m×幅0.7~0.9m×厚さ0.06m)を7枚玉掛し、移動式クレーンで約15m吊り上げ、旋回していたところ、吊り荷の下4枚の外壁材が割れ、ケヤキの木に落下し、落下位置から約6m離れた被災者に飛散した破片が当たり、頭、顔から出血した状態で倒れている被災者を発見した。","3","建設業","302","建築工事業","30201","鉄骨・鉄筋コンクリート造家屋建築工事業","1~9","6","荷","61","荷","611","荷姿の物","4","飛来、落下"
"305","2018","平成","30","9","14~15","台風により倉庫の屋根が破損したため、雨漏り防止用シートを敷くために、被災者と同僚がスレート拭き屋根上に上がり、2名で屋根端部から丸めたシートを広げていたところ、被災者が桟と桟の間のスレートを踏み抜き、約5m下に墜落したもの。屋根には歩み板、防網は設けられておらず、被災者は保護帽、安全帯を使用していなかった。","1","製造業","112","金属製品製造業","11209","その他の金属製品製造業","1~9","4","仮設物、建築物、構築物等","41","仮設物、建築物、構築物等","415","屋根、はり、もや、けた、合掌","1","墜落、転落"
"306","2018","平成","30","9","12~13","被災者は、長さ約1.3m、重量約10キログラムのステンレス棒を旋盤に固定して最高速で回転させ、サンドペーパーを用いて旋盤の外に出ている85センチメートル程の部分の表面を削っていたと推測されるが、ステンレス棒が旋盤への固定部分付近で約27度曲がり、本来の回転軸の軌道から大きく外れて回転したため、被災者の胸部から腹部にかけて激突したもの。","1","製造業","113","一般機械器具製造業","11301","機械（精密機械を除く）器具製造業","10~29","5","物質、材料","52","材料","521","金属材料","6","激突され"
"307","2018","平成","30","9","12~13","間伐作業現場において、昼休憩のため作業現場から土場に移動したが、被災者が戻ってこなかった。声かけを行ったが、応答がなかったため、被災者の様子を確認しにいったところ、斜面上でうずくまっている被災者を発見した。その際、被災者は脇腹の痛みをうったえていた。その後、被災者は搬送先の病院において、急性出血ショックにより死亡した。","6","農林業","602","林業","60201","木材伐出業","30~49","7","環境等","71","環境等","711","地山、岩石","2","転倒"
"308","2018","平成","30","9","10~11","産業廃棄物処理場内において、廃棄物の上に土砂をかぶせる作業を行っていた。土砂はフレコンバッグ(重量790キログラム)にて運搬され、車両系建設機械(解体用つかみ機)を使用してフレコンバッグをつり上げ、フレコンバック下部にあるロープを切断して、土砂を降ろす作業をしていた時、フレコンバッグの上部20センチメートル付近からフレコンバッグが裂け落ち、フレコンバッグ下部で作業していた被災者が下敷きになり脳挫傷で死亡した。","15","清掃・と畜業","1501","清掃・と畜業","150102","産業廃棄物処理業","30~49","1","動力機械","14","建設機械等","145","解体用機械","4","飛来、落下"
"309","2018","平成","30","9","8~9","被災者は2階建集合住宅の塗装工事現場において、2階屋根の軒先5.5mから、敷地境界に設置されたアルミ柵の上に落下した。現認者不在のため推定であるが、被災者は屋根上の化粧小窓の塗装のため、外部足場から屋根に渡り、傾斜角度25度の屋根上を移動中に足を滑らせ、建物外周に設けられた足場の手すり(約1m)を乗り越えたか、手すりの下をくぐり抜けて墜落したものと考えられる。","3","建設業","302","建築工事業","30209","その他の建築工事業","1~9","4","仮設物、建築物、構築物等","41","仮設物、建築物、構築物等","415","屋根、はり、もや、けた、合掌","1","墜落、転落"
"310","2018","平成","30","9","6~7","被災者は事業場から堤防に上る坂道を、災害発生日前日の台風の影響により木の枝が折れて道をふさいでいたため、当該木の枝を切り離すため、木に登り、のこぎりで木の枝を切断したところ、枝の切断とともに高さ約4メートルの位置から墜落し、頭部を強打した。病院に搬送されたが、同日死亡が確認されたもの。","3","建設業","303","その他の建設業","30309","その他の建設業－その他","1~9","7","環境等","71","環境等","712","立木等","1","墜落、転落"
"311","2018","平成","30","9","2~3","自動車道下り線において、走行車線を走っていた大型トレーラーが、2時間前に発生した車両4台が絡む玉突き事故により最後尾で停車していた大型トラックに追突した。追突した大型トレーラーの運転席は大きく破損変形し、当該トレーラーを運転していた男性が死亡した。","4","運輸交通業","403","道路貨物運送業","40301","一般貨物自動車運送業","10~29","2","物上げ装置、運搬機械","22","動力運搬機","221","トラック","17","交通事故（道路）"
"312","2018","平成","30","9","0~1","国道を走行中、上記発生場所付近の右曲がりカーブの路肩に止まっていた大型トラックに追突、全焼したもの。","4","運輸交通業","403","道路貨物運送業","40301","一般貨物自動車運送業","30~49","2","物上げ装置、運搬機械","22","動力運搬機","221","トラック","17","交通事故（道路）"
"313","2018","平成","30","9","20~21","被災者は、1人で中型トラックの荷の整理を行っていた。当該トラックの荷台は、スイッチ操作で荷台左右の壁(以下、ウイング)が上下に開閉するもので、被災者は、当該ウイングをわずかに開き、ウイングと荷台あおりの隙間に上半身を入れて作業をしていたが、何らかの拍子にウイングが下がり、ウイングとあおりに胸腹部を挟まれて窒息死した。","4","運輸交通業","403","道路貨物運送業","40301","一般貨物自動車運送業","30~49","2","物上げ装置、運搬機械","22","動力運搬機","221","トラック","7","はさまれ、巻き込まれ"
"314","2018","平成","30","9","18~19","ピッキング作業の1ラインを請け負っている物流センターの体感温度30°C以上の倉庫内にて、2時間ごとの休憩で水分補給を行いながら商品仕分け作業をしていたところ、3回目の休憩後に被災者から体調不良の申出がなされ、休憩を延長していたが、動けなくなるとともに過呼吸状態となり、救急搬送され、後日熱中症で死亡したもの。","5","貨物取扱業","501","陸上貨物取扱業","50101","陸上貨物取扱業","50~99","7","環境等","71","環境等","715","高温・低温環境","11","高温・低温の物との接触"
"315","2018","平成","30","9","12~13","被災者が路上に落下した屋根(金属製折板)の撤去作業中に台風の風により後ろ向きに転倒し、後頭部を打って被災したもの。","8","商業","802","小売業","80209","その他の小売業","10~29","7","環境等","71","環境等","719","その他の環境等","2","転倒"
"316","2018","平成","30","9","12~13","被災者はライトバンを運転して、県道を走行中、右折するにあたり、赤信号であったのに停止線で停止せず、車線を横切ろうとしたところ、走行中の32トンキャリアカーと衝突し、死亡したもの。32トンキャリアカーの運転手に怪我は無かった。","8","商業","802","小売業","80209","その他の小売業","1~9","2","物上げ装置、運搬機械","23","乗物","231","乗用車、バス、バイク","17","交通事故（道路）"
"317","2018","平成","30","9","12~13","木造2階建新築工事において、2階部分の建方作業中に、約3.1m下のコンクリート基礎部分に墜落し、頭部を強打した。被災者は、同日死亡した。","3","建設業","302","建築工事業","30202","木造家屋建築工事業","1~9","4","仮設物、建築物、構築物等","41","仮設物、建築物、構築物等","414","開口部","1","墜落、転落"
"318","2018","平成","30","9","12~13","事業場内の建物の間(汚泥再生処理棟とごみ燃料化施設)の通路付近に、仰向けに倒れている被災者が発見され、直ぐに救急搬送されるも、後日死亡したもの。被災者の発見直前(約5分前)は、ごみ処理施設の計量器付近の割れたガラスの措置のため、同僚らが集まったものの、台風による強風が治まってから行うことを決め、被災者は自身の作業場である計量室に戻る途中であった。","15","清掃・と畜業","1501","清掃・と畜業","150103","その他の廃棄物処理業","10~29","7","環境等","71","環境等","719","その他の環境等","2","転倒"
"319","2018","平成","30","9","16~17","杉の皆伐現場において、伐倒木の搬出作業を行うため、作業土場の下方にある伐倒木をハーベスタに備え付けられた集材ウインチで巻き上げ、ハーベスタで集積する場所まで伐倒木を掴んで運んでいたところ、集積する場所に伐倒木を据えようとしたが、伐倒木の元口が運転席に当たって据えつけられないので、一旦、伐倒木を地面に置き、掴み直そうとした時に伐倒木が転がり出し、下方の斜面を上っていた被災者に激突した。","6","農林業","602","林業","60201","木材伐出業","1~9","7","環境等","71","環境等","712","立木等","4","飛来、落下"
"320","2018","平成","30","9","4~5","被災者は工場内の夜間の巡回警備に従事する労働者で、工場内の労働者が運転する25tトラックが、工場で生産された木質チップの積込みを終え、工場の門を出た近くのT字路(公道)で方向転換のため後退したところ、被災者はトラック左後輪に轢かれ、多臓器不全(出血性ショック、右下肢高度挫滅・骨盤骨折)により後日死亡したもの。","1","製造業","104","木材・木製品製造業","10409","その他の木材・木製品製造業","10~29","2","物上げ装置、運搬機械","22","動力運搬機","221","トラック","17","交通事故（道路）"
"321","2018","平成","30","9","20~21","工事現場から、所属店社に帰社途中、自動車道下り線において、労働者3名が乗ったトラックが乗用車に追突し、運転者が脳挫傷により死亡、助手席の同乗者が右足首を骨折、後部座席の同乗者が肋骨を骨折した。","3","建設業","302","建築工事業","30201","鉄骨・鉄筋コンクリート造家屋建築工事業","10~29","2","物上げ装置、運搬機械","22","動力運搬機","221","トラック","17","交通事故（道路）"
"322","2018","平成","30","9","18~19","被災者は、コンバイン(農業機械:収穫機)を使用し蕎麦の収穫作業を終え、脱穀した実を4トントラックの荷台に積み込み作業中、コンバイン上部にある貯蔵タンクの内部において、タンク上部のスクリューコンベアのシャフトに作業着のフードが巻き込まれ、うずくまっている状態で発見された。被災者は、後日死亡した。","6","農林業","601","農業","60101","農業","1~9","1","動力機械","16","一般動力機械","169","その他の一般動力機械","7","はさまれ、巻き込まれ"
"323","2018","平成","30","9","8~9","1Fにて産廃用コンテナをトラックから降ろした後、トラックを待機場所に移動した。2次協力会社作業員がトラックへ廃棄物の積み込みを開始、その後終了したため被災者を探したところ、コンテナ設置場所に隣接する立体駐車場B3ピット(深さ17m)で倒れているのを発見し消防署に連絡した。救出され病院に搬送されたが、死亡が確認されたもの。","15","清掃・と畜業","1501","清掃・と畜業","150102","産業廃棄物処理業","50~99","4","仮設物、建築物、構築物等","41","仮設物、建築物、構築物等","414","開口部","1","墜落、転落"
"324","2018","平成","30","9","6~7","災害発生事業場は土木工事を請け負う事業場。被災者は事業場敷地内でダンプカーの荷台にドラグショベル(機体重量2.57t)を積み込もうとしていた。ドラグショベルを自走して乗せるために荷台へ前進ブームを左旋回その後急にブームを右旋回した。そのため、ドラグショベルがバランスを崩して横転し、被災者は地面とドラグショベルのヘッドガードとの間に上半身を挟まれて死亡したもの。","3","建設業","301","土木工事業","30106","道路建設工事業","1~9","1","動力機械","14","建設機械等","141","整地・運搬・積込み用機械","1","墜落、転落"
"325","2018","平成","30","8","2~3","自動車IC追越車線(車線規制内)において、交通規制撤去作業中の被災者は、保安用資機材(カラーコーン)を積込むために後退してきた2tトラック平ボディに轢かれた。なお、加害車両を運転していた者は、同じ事業場の同僚である。","17","その他の事業","1702","その他の事業","170201","警備業","30~49","2","物上げ装置、運搬機械","22","動力運搬機","221","トラック","7","はさまれ、巻き込まれ"
"326","2018","平成","30","8","10~11","被災者はゴミ収集場所において同僚1名と作業していたところ、僅かな勾配となっていたことで塵芥車が下がりはじめ、止めようとした同僚が助手席に入りサイドブレーキを引く等をしたが、止まらず。民家の塀に塵芥車がぶつかり、その付近に倒れていた被災者が発見された。","15","清掃・と畜業","1501","清掃・と畜業","150103","その他の廃棄物処理業","10~29","2","物上げ装置、運搬機械","22","動力運搬機","229","その他の動力運搬機","17","交通事故（道路）"
"327","2018","平成","30","8","6~7","県外の工事現場に向かうために、主要地方道を走行していたところ、ハンドル操作を誤り、トンネル壁面に車体助手席側が衝突し、その反動で対向車線側に振られ、そのままトンネルを出口付近に設置されている対向車線側のガードケーブルに衝突し、当該ガードケーブルを突き破り、川へ車ごと転落したもの。","3","建設業","301","土木工事業","30199","その他の土木工事業","10~29","2","物上げ装置、運搬機械","23","乗物","231","乗用車、バス、バイク","17","交通事故（道路）"
"328","2018","平成","30","8","16~17","工場内に設置された天井クレーンの上において、絶縁覆い等のない横行トロリ線の「給電子」を交換するため、当該電路を開路し交換作業にあたった後、再度通電したが、何らかの事情により再びトロリ線に近接し、接触することにより感電死したもの。","1","製造業","110","鉄鋼業","11009","その他の鉄鋼業","10~29","2","物上げ装置、運搬機械","21","動力クレーン等","211","クレーン","13","感電"
"329","2018","平成","30","8","12~13","台風により飛ばされた工場建屋の屋根張替え工事に従事していた労働者が屋根上を通行していたところ、屋根に葺かれた木毛板を踏み抜き、約13メートル下の工場床面に墜落して死亡した。","3","建設業","302","建築工事業","30201","鉄骨・鉄筋コンクリート造家屋建築工事業","1~9","4","仮設物、建築物、構築物等","41","仮設物、建築物、構築物等","415","屋根、はり、もや、けた、合掌","1","墜落、転落"
"330","2018","平成","30","8","12~13","ガス溶接機により、ドラム缶を円周方向に溶断し容器を作成する作業において、3本目のドラム缶を溶断しようとガス溶接機の炎をドラム缶に近づけ一部に穴が開いた際に、ドラム缶が爆発し、当該ドラム缶から出たガスにガス溶接機の炎が着火し、当該炎により全身やけどを負ったもの。被災後療養していたが、後日死亡したもの。","15","清掃・と畜業","1501","清掃・と畜業","150102","産業廃棄物処理業","30~49","5","物質、材料","51","危険物、有害物等","512","引火性の物","14","爆発"
"331","2018","平成","30","8","14~15","被災者は、工場棟3階にある投入ステージ(ゴミ収集車が持ち込んだごみをごみピット内に投入する場所)において、投入扉の前に落ちていたトレーを手で拾ってピット内に落とし入れようしたところ、前向きの状態で深さ約17メートル下のごみピット内に墜落し、搬送先病院にて死亡したもの。災害発生時、投入扉は全開であり、被災者は、保護帽、安全帯を着用していなかった。","15","清掃・と畜業","1501","清掃・と畜業","150102","産業廃棄物処理業","10~29","4","仮設物、建築物、構築物等","41","仮設物、建築物、構築物等","414","開口部","1","墜落、転落"
"332","2018","平成","30","8","14~15","被災者は作業場にてドラグショベルの右前方にて廃材分別作業を行っていたところ、ドラグショベルが前進し、ドラグショベルのキャタピラに激突された。","15","清掃・と畜業","1501","清掃・と畜業","150103","その他の廃棄物処理業","10~29","1","動力機械","14","建設機械等","142","掘削用機械","6","激突され"
"333","2018","平成","30","8","6~7","4台の車両(前から1台目3トントラック、2台目バン、3台目12トントラック、4台目2トントラック)が渋滞で止まっていたところ、4台目のトラックに、後方から12トントラックが追突した。これにより5台の車両の玉突き事故が発生した。4台目のトラックを運転していた被災者は3台目と5台目の車両に挟まれ全身を強く打って死亡した。被災者は運転兼工事作業員であり、資材を積み込み工事現場に運搬している途中であった。","3","建設業","303","その他の建設業","30309","その他の建設業－その他","10~29","2","物上げ装置、運搬機械","22","動力運搬機","221","トラック","17","交通事故（道路）"
"334","2018","平成","30","8","16~17","倉庫1階天井の蛍光灯を交換するため、パレット上に被災者を乗せ高さ約5mの位置までフォークリフトで上昇させた。被災者は蛍光灯の交換後、周辺の蜘蛛の巣を取り除く為、フォークリフト運転者が濡れ雑巾を持ってくるまでの間、上昇したパレット上で待機していたところ墜落した。","4","運輸交通業","403","道路貨物運送業","40301","一般貨物自動車運送業","1~9","2","物上げ装置、運搬機械","22","動力運搬機","222","フォークリフト","1","墜落、転落"
"335","2018","平成","30","8","12~13","民家の残置物の撤去作業を朝から行い、昼頃になって被災者の様子がおかしいことに気づき、日陰で休ませたが、回復が見られなかったため、救急車を要請し、病院に搬送されたものの、熱中症により病院で死亡した。","3","建設業","302","建築工事業","30201","鉄骨・鉄筋コンクリート造家屋建築工事業","50~99","7","環境等","71","環境等","715","高温・低温環境","11","高温・低温の物との接触"
"336","2018","平成","30","8","8~9","エンジンケーシング組立中、後部壁面に設置されるモノレールクレーンのメンテナンス用ステージの取付作業中に発生した。ステージ上の垂直梯子の部材を移動させるためステージの手すりに安全帯を繋ぎ、部材に吊り具を取付け、クレーン運転士に巻き上げ合図を送り、吊り上げたところ、部材から突き出た取付用ステーがステージの手すりに引っ掛かってステージが持上がり、被災者と共に13メートル下の定盤上に墜落した。","1","製造業","115","輸送用機械等製造業","11501","造船業","1~9","2","物上げ装置、運搬機械","21","動力クレーン等","211","クレーン","1","墜落、転落"
"337","2018","平成","30","8","10~11","杉林内の伐木・搬出現場においてチェーンソー作業を行っていた被災者が、立木の下敷きになり意識不明で倒れているところを発見されたもの。倒れていた木は胸高直径約20センチメートル、樹高約18mであった。また被災者の発見場所の近くの立木に水平傷(受け口を作ろうとチェーンソーで付けたと思われる傷)があった。死因は窒息で午後に死亡が確認された。","6","農林業","602","林業","60201","木材伐出業","1~9","7","環境等","71","環境等","712","立木等","5","崩壊、倒壊"
"338","2018","平成","30","8","10~11","トッパーと呼ばれる農業用機械で、緩い右カーブの堤防上を移動をしていた際に、路外に転落、横転し、運転手が機械の下敷きになったもの。","1","製造業","101","食料品製造業","10103","農業保存食料品製造業","100~299","1","動力機械","16","一般動力機械","169","その他の一般動力機械","1","墜落、転落"
"339","2018","平成","30","8","8~9","砕石工場内の火薬庫付近で、被災者が一人で発破作業の準備を行っていたところ、何らかの要因により、火薬庫内に保管されていた爆薬(合計約1.1t)が爆発した。","2","鉱業","202","土石採取業","20201","採石業","1~9","5","物質、材料","51","危険物、有害物等","511","爆発性の物等","14","爆発"
"340","2018","平成","30","8","12~13","海外出張中、昼食をとるため乗用車で3人で移動中、交差点を直進した際、信号無視の相手車両が自車の左側後部に激突し、後部座席に乗車していた被災者1名が車外へ投げ出され、頭部を強打した。前部座席に乗車していた被災者2名は肋骨を骨折した。","1","製造業","115","輸送用機械等製造業","11502","自動車・同付属品製造業","1000~9999","2","物上げ装置、運搬機械","23","乗物","231","乗用車、バス、バイク","17","交通事故（道路）"
"341","2018","平成","30","8","12~13","福祉施設において、施設内の庭に設置されているグリストラップ内のメンテナンス・清掃作業中、作業していた被災者がグリストラップ内(深さ:110センチメートル)に逆さまの状態で落ちているのを発見されたもの。その後、病院に搬送されたが、後日死亡したものである。","8","商業","804","その他の商業","80409","その他の商業－その他","10~29","4","仮設物、建築物、構築物等","41","仮設物、建築物、構築物等","418","建築物、構築物","10","おぼれ"
"342","2018","平成","30","8","10~11","被災者は、配送作業員として所属事業場所有のリース機械である高所作業車をつり上げ荷重2.6tの小型移動式クレーンの荷台に載せて、災害発生場所の建設現場に運搬した後、当該現場横の駐車場において、小型移動式クレーンを用いて荷台に載せた高所作業車をつり上げ地上に下ろそうとしたところ、当該小型移動式クレーンが横転し、つり上げていた高所作業車の下敷きとなったものである。","8","商業","804","その他の商業","80409","その他の商業－その他","1~9","2","物上げ装置、運搬機械","21","動力クレーン等","212","移動式クレーン","6","激突され"
"343","2018","平成","30","8","10~11","被災者は形鋼加工ラインにおいて作業中、H形鋼自動開先加工機の隣に設置されている切粉搬出用コンベアの回転部に切粉が詰まって動かなくなり、この切粉を取り除く補修作業を行うため、切粉搬出用コンベアのプーリーカバーを外した際、モーター取付け部の200V電線が破損し、モーターの筐体及びコンベアの金属筐体に電流が流れ、それに気付かず補修作業を開始したところ、電流が体内に流れ込み感電したものと推定される。","1","製造業","112","金属製品製造業","11209","その他の金属製品製造業","10~29","1","動力機械","15","金属加工用機械","159","その他の金属加工用機械","13","感電"
"344","2018","平成","30","8","8~9","木造平屋家屋の新築工事中に墜落災害が発生したもの。被災者を含む4人の労働者が垂木を屋根に上げる作業中に、梁と梁の間に架けられた3.61メートルの高さにあった歩み板の上で作業に従事していた被災者が、コンクリート造の基礎に墜落した。歩み板に手すり等の墜落防止措置はなく、被災者は安全帯をしていなかった。保護帽は飛来落下用のものを着用していた。","3","建設業","302","建築工事業","30202","木造家屋建築工事業","1~9","4","仮設物、建築物、構築物等","41","仮設物、建築物、構築物等","416","作業床、歩み板","1","墜落、転落"
"345","2018","平成","30","8","16~17","被災者は軽貨物車両による配送作業時において、客先への納品のために当該車両を路肩に停車し、道路を横断して客先へ歩いて移動していたところ、対向車線から走行してきた一般車両に衝突されたもの。","4","運輸交通業","403","道路貨物運送業","40301","一般貨物自動車運送業","10~29","2","物上げ装置、運搬機械","23","乗物","231","乗用車、バス、バイク","17","交通事故（道路）"
"346","2018","平成","30","8","12~13","工場のシャッター取付け工事において、長さ3.5mのシャッター(200キログラム)を高さ約3.5mの箇所にあるアングル材に設置するため、既設設備の上にのり、エアーリフトに乗せたシャッターを支えていたが、エアーリフトのバランスが崩れシャッターとともに3.45m下の床に墜落した。","3","建設業","302","建築工事業","30203","建築設備工事業","1~9","2","物上げ装置、運搬機械","22","動力運搬機","229","その他の動力運搬機","1","墜落、転落"
"347","2018","平成","30","8","16~17","メッキ処理前作業としてカゴ状のメッキ用冶具に鋼管を装填する作業を行っていた被災者が近傍の冷却槽(約70°C)内へ転落。全身の約8割を熱傷し、入院加療していたが後日死亡したもの。","1","製造業","112","金属製品製造業","11204","めっき業","10~29","3","その他の装置等","39","その他の装置、設備","391","その他の装置、設備","11","高温・低温の物との接触"
"348","2018","平成","30","8","16~17","解体工事現場で基礎杭抜き作業を行っていた被災者が、救急搬送後、後日死亡。原因が熱中症とされたもの。","3","建設業","302","建築工事業","30203","建築設備工事業","1~9","7","環境等","71","環境等","715","高温・低温環境","11","高温・低温の物との接触"
"349","2018","平成","30","8","14~15","被災者は、高所作業車の清掃作業に従事していた。作業を中断し、作業床上で仰向けに転倒した。災害発生時の作業内容は不明。被災者は、災害後、入院加療中であったが、急性硬膜外血腫及び脳挫傷により死亡した。","1","製造業","117","その他の製造業","11709","その他の製造業－その他","1~9","4","仮設物、建築物、構築物等","41","仮設物、建築物、構築物等","416","作業床、歩み板","2","転倒"
"350","2018","平成","30","8","16~17","被災者は、1人でショベルローダーの点検整備作業(オイル交換、各部清掃及びグリスアップ等の作業)を行っていた。ショベルローダーの前方左右2箇所に油圧ジャッキをかけ、車体を浮かせて、左右の前輪を外した状態で、車体下部に仰向けの状態で入り、グリスアップの作業を行っていたところ、ジャッキが外れ被災者は、車体が落下しその下敷きとなり、病院に搬送されたものの、死亡したもの。","1","製造業","117","その他の製造業","11702","機械修理業","1~9","2","物上げ装置、運搬機械","22","動力運搬機","225","ローダー","6","激突され"
"351","2018","平成","30","8","14~15","被災者が、クレーン(ホイスト式/つり上げ荷重不明)のボタンスイッチの交換・長さ調節のため、当該クレーンのガーダーに溶接された点検台(1.6m×1.1m×地上高6.5m/手すり等墜落防止措置なし)の上で作業をしていたところ、地上まで落下し、死亡したもの。当該作業は、被災者と電気工事業者1名の計2名で行っていた。また、災害発生時、被災者は安全帯と保護帽を着用していなかった。","1","製造業","112","金属製品製造業","11209","その他の金属製品製造業","10~29","2","物上げ装置、運搬機械","21","動力クレーン等","211","クレーン","1","墜落、転落"
"352","2018","平成","30","8","14~15","被災者は、資材置場の整理を単独で行っていた。脚立に上り、棚の上に工事用看板を載せ、後ろ向きに脚立から降りようとしたところバランスを崩し、高さ1.1m(踏み桟の上から2段目)の箇所から仰向けに転落したもの。保護帽の着用有り。当初は肋骨の骨折のみと診断され、自宅療養を続けていたが、容態が急変し、転送先の病院で死亡したもの。(直接死因:急性硬膜下血腫)","3","建設業","301","土木工事業","30199","その他の土木工事業","30~49","3","その他の装置等","37","用具","371","はしご等","1","墜落、転落"
"353","2018","平成","30","8","12~13","新築工事(旅館)の資材を波止場に置いてあったコンテナより荷さばき中(トラックへ運ぶ)に、資材の扉5枚が被災者に倒れてきたもの。","3","建設業","302","建築工事業","30201","鉄骨・鉄筋コンクリート造家屋建築工事業","10~29","6","荷","61","荷","611","荷姿の物","5","崩壊、倒壊"
"354","2018","平成","30","8","12~13","被災者は、配送先の事業場において、トラックの荷台から荷下ろし作業中に倒れ、救急車で病院に搬送されたが、くも膜下出血で当日死亡したもの。","4","運輸交通業","403","道路貨物運送業","40309","その他の道路貨物運送業","10~29","9","その他","92","起因物なし","921","起因物なし","90","その他"
"355","2018","平成","30","8","10~11","野外活動を目的とした子供向けツアーの引率中、水辺の岸で子供たちを撮影しようと、一人で待機していたところ、法面から落ちてきた3mほどの丸太、もしくは石が頭部に直撃した。頭頸部多傷により死亡したもの。","12","教育・研究業","1201","教育・研究業","120109","その他の教育研究業","10~29","7","環境等","71","環境等","712","立木等","4","飛来、落下"
"356","2018","平成","30","8","6~7","事業場は建設現場で杭打機による杭打作業を業としている法人であるが、自社の杭打機をメンテナンス会社に仮置きしていた。その機械を工事現場に出すため、被災者を含め3名の労働者が、自宅からそれぞれの自家用車で当該会社に集合し運送会社のトラックに積み込む作業を行った。作業が終わり自家用車を運転し、自宅に帰る途中信号待ちをしていたトラックに追突し、外傷性脳損傷により死亡した。","3","建設業","301","土木工事業","30199","その他の土木工事業","30~49","2","物上げ装置、運搬機械","23","乗物","231","乗用車、バス、バイク","17","交通事故（道路）"
"357","2018","平成","30","8","20~21","被災者が石炭の運搬船接岸に伴う係留作業中、ヒーブライン(補助綱)を拾おうとした際によろめいて海に転落し、5分後に陸上に引き揚げられたが意識がなく、その後救急搬送されたが、病院にて死亡確認されたもの。","1","製造業","108","化学工業","10804","石油製品・石炭製品製造業","300~499","7","環境等","71","環境等","713","水","10","おぼれ"
"358","2018","平成","30","8","8~9","被災当日は海洋土木工事に使用する潜水士船の錆落とし及び塗装作業を浮きクレーン台船上で行う予定であった。作業を行う予定であった浮きクレーン台船と、当該台船が停泊している岸壁との間の海面に被災者がうつぶせで浮遊しているのを同僚が発見し、救出した後、病院へ搬送され、入院していたが後日死亡が確認されたもの。","3","建設業","301","土木工事業","30111","港湾海岸工事業","50~99","7","環境等","71","環境等","713","水","10","おぼれ"
"359","2018","平成","30","8","22~23","高速道路のサービスエリアで急性心不全を発症。3か月間平均80時間以上の時間外労働が認められ、業務上として労災認定されたもの。","4","運輸交通業","403","道路貨物運送業","40301","一般貨物自動車運送業","10~29","9","その他","92","起因物なし","921","起因物なし","90","その他"
"360","2018","平成","30","8","12~13","斜面(高さ約130m、勾配約40~45度)において、浮石等の危険性の調査のため、同僚と2名で実地踏査を行っていた。その際、斜面下部からジグザグに登り、浮石等の確認をしていたところ、高さ約100mの地点で足を滑らせ、約20m滑落した。被災直後は意識はあったが、その後、重症胸部外傷で死亡した。","17","その他の事業","1702","その他の事業","170209","その他の事業－その他","50~99","7","環境等","71","環境等","711","地山、岩石","1","墜落、転落"
"361","2018","平成","30","8","8~9","停泊中のクルーザーに乗り移るために使用する手こぎボートを桟橋に備え付けるため、テーブルリフターでボートを湖面に下ろし、被災者は桟橋まで漕いでいったが、テーブルリフターの操作を終えた同僚が桟橋へ行くと、被災者の姿が見当たらなかった。湖面にボート、オール1本、被災者の靴が湖面に浮いていたため、湖を捜索したところ、30分後、ボート真下の深さ3.1mの湖底に沈んでいた被災者を発見し救出したが溺死したもの。","14","接客娯楽業","1401","旅館業","140101","旅館業","50~99","7","環境等","71","環境等","713","水","10","おぼれ"
"362","2018","平成","30","8","16~17","海浜公園にて、被災者が引率していた労働者の内3名が海で遊んでいたが、3名の内2名が溺れたので、被災者は助けようと海に入り、溺れた労働者の元に向かった。3名の労働者の内溺れていない労働者が、溺れた1名を救出した。しかしながら、被災者は、もう1名を救出し、応援に駆けつけた他の一般客に労働者を引き渡した後海に沈み、溺死したもの。","1","製造業","101","食料品製造業","10102","水産食料品製造業","100~299","7","環境等","71","環境等","713","水","10","おぼれ"
"363","2018","平成","30","8","8~9","被災者は、解体用建設機械のオペレーターと共に、駐車場の周囲にあるブロック塀(13段積み、高さ2.6メートル)上部(上から5段目まで)を撤去する作業を行っていたところ、ブロック塀が崩れ(上から3段目まで)、ブロックが被災者の頭部に当たり、死亡したものである。","3","建設業","302","建築工事業","30209","その他の建築工事業","1~9","4","仮設物、建築物、構築物等","41","仮設物、建築物、構築物等","418","建築物、構築物","5","崩壊、倒壊"
"364","2018","平成","30","8","14~15","階段下で被災者が下記状況で倒れているのが発見されたもの。・ヘルメットが外れ、飛んでいた。・汗をたくさんかいていた。・左頭部うしろに擦り傷があった。声をかけると自分で立ち上がり、制御盤の前まで歩き座ったが、意識が朦朧としていた為、救急車で病院に搬送。脳挫傷により死亡。","1","製造業","112","金属製品製造業","11209","その他の金属製品製造業","1~9","4","仮設物、建築物、構築物等","41","仮設物、建築物、構築物等","413","階段、桟橋","1","墜落、転落"
"365","2018","平成","30","8","12~13","生産設備に組み込まれたリフターの月例点検のため、現地へ出張し、ホイストの操作ボックスを開いて運転操作をしていた被災者が、足がかりにしていた搬器の囲い又は手すりから約4.7m下方に置いてあった金型上に墜落し、死亡した。","17","その他の事業","1702","その他の事業","170209","その他の事業－その他","1~9","4","仮設物、建築物、構築物等","41","仮設物、建築物、構築物等","419","その他の仮設物、建築物、構築物等","1","墜落、転落"
"366","2018","平成","30","8","8~9","生コンクリート製造用砕砂のストックヤードの下部に設置された排出用ホッパーゲートの交換のため、作業員3名がストックヤード内に入り、ホッパーゲート付近の砕砂をスコップ等で除去する作業を行っていた。当該除去作業が終了し、ストックヤードから出ようとしたところ、ストックヤードに残っていた砕砂が崩壊したため、崩壊した砕砂に被災者が埋まり、死亡したもの。","1","製造業","109","窯業土石製品製造業","10901","セメント・同製品製造業","10~29","5","物質、材料","52","材料","523","石、砂、砂利","5","崩壊、倒壊"
"367","2018","平成","30","8","8~9","牧場の牛舎屋根上にスプリンクラーを設置する作業を行う際に、スプリンクラーのホースを通すため、牛舎の屋根に上って作業を行っていたところ、屋根の明かり取りに乗った際に踏み抜き、約4.7m下の牛舎内通路に墜落したもの。容体急変し、死亡した。","7","畜産・水産業","701","畜産業","70101","畜産業","10~29","4","仮設物、建築物、構築物等","41","仮設物、建築物、構築物等","415","屋根、はり、もや、けた、合掌","1","墜落、転落"
"368","2018","平成","30","8","6~7","被災者は、ダンプトラックを運転し建設現場に向って走行中、差し掛かった橋の高欄に激突し車外へ投げ出され、約15メートル下方の川の中で倒れているところ発見された。災害発生現場の手前は片側1車線の緩い右カーブであり、カーブを曲がった先で対向車線にはみ出し高欄に激突した後、走行車線に戻った位置で車体が停車していた。シートベルト使用の有無は調査中だが、バックル等に損傷なし。","4","運輸交通業","403","道路貨物運送業","40301","一般貨物自動車運送業","1~9","2","物上げ装置、運搬機械","22","動力運搬機","221","トラック","17","交通事故（道路）"
"369","2018","平成","30","8","14~15","車両所運用検修センター資材庫の雨漏りに対する屋根補修作業完了後、地上に戻ろうと屋根上を移動していた際に、スレート屋根の重ね合わせの部分が浮いていると感じた被災者が、スレートを何度か踏んで浮きを確認していたところ、スレートを踏み抜いて約4.5m下の地面に墜落し、死亡したもの。","3","建設業","302","建築工事業","30201","鉄骨・鉄筋コンクリート造家屋建築工事業","1~9","4","仮設物、建築物、構築物等","41","仮設物、建築物、構築物等","415","屋根、はり、もや、けた、合掌","1","墜落、転落"
"370","2018","平成","30","8","12~13","工場内に設置された電動機のメンテナンス作業を行うに当たって、天井梁部分からチェーンブロックを用いてH鋼(レール)をつり、当該H鋼につり装置(チェーンブロックを取り付けたギヤードトロリー)を取り付け、当該装置で電動機の冷却器をつり、移動させていたところ、当該つり装置がレール端で止まらず、荷の前方にいた被災者に落下した。被災者は、荷に激突するとともに右大腿部が荷の下敷きとなった。","3","建設業","303","その他の建設業","30302","機械器具設置工事業","10~29","3","その他の装置等","36","人力機械工具等","361","人力クレーン等","4","飛来、落下"
"371","2018","平成","30","8","10~11","県境で開通予定の登山道視察のため、計9名がヘリコプターに搭乗して飛行中、何らかの原因で山中に墜落したもの。","4","運輸交通業","401","鉄道・軌道・水運・航空業","40103","航空業","1~9","2","物上げ装置、運搬機械","23","乗物","239","その他の乗物","18","交通事故（その他）"
"372","2018","平成","30","8","10~11","県境で開通予定の登山道視察のため、計9名がヘリコプターに搭乗して飛行中、何らかの原因で山中に墜落したもの。","4","運輸交通業","401","鉄道・軌道・水運・航空業","40103","航空業","1~9","2","物上げ装置、運搬機械","23","乗物","239","その他の乗物","18","交通事故（その他）"
"373","2018","平成","30","8","6~7","工場エンジン鋳造部に所属する被災者は、シリンダーブロック仕上げ検査工程にて、外段取り作業を担当し、主にライナーセット作業と品質抜取検査を行っていた。休憩所付近でふらついているのを発見され、休憩所で産業医等が対応していたが、回復が見られなかったため、救急車で病院に搬送した。意識不明の状態であったが、後日死亡したもの。","1","製造業","115","輸送用機械等製造業","11502","自動車・同付属品製造業","1000~9999","7","環境等","71","環境等","715","高温・低温環境","11","高温・低温の物との接触"
"374","2018","平成","30","8","14~15","被災者は同僚2名と山の法面から落石を防止するためのモルタル擁壁修繕工事を行っていた。作業は、既存のモルタル擁壁を剥して内部の土と併せて下方に落とすものでセーフティクライマー工法を用いていた。3名は、次の作業エリアに移るためワイヤロープを付け替える樹木を選定していたところ、上から石(直径約15センチメートル)が落ちてきて被災者の左側頭部に当たり、その衝撃で法面から約15m下に墜落し全身を強く打って死亡した。","3","建設業","301","土木工事業","30199","その他の土木工事業","1~9","7","環境等","71","環境等","711","地山、岩石","1","墜落、転落"
"375","2018","平成","30","8","14~15","木材市場において、現場から積んできた木材を卸す準備のために、固縛していたロープを解いたところ、最上段に積んでいた木材が落下し、被災者に激突したものである。","6","農林業","602","林業","60201","木材伐出業","1~9","5","物質、材料","52","材料","522","木材、竹材","4","飛来、落下"
"376","2018","平成","30","8","14~15","工場の増築工事において、既設の鉄骨の横梁の取外し作業を行っていた。被災者は、ローリングタワーを使用して横梁のボルトを取り外す作業を行っていたが、隣の列のボルトを取り外すためにローリングタワーから鉄骨に移り、鉄骨上でボルトの取外し作業を行っていたところ、約3m下のコンクリート床に墜落した。なお、災害発生時において、被災者は保護帽を着用していなかった。","3","建設業","302","建築工事業","30201","鉄骨・鉄筋コンクリート造家屋建築工事業","1~9","4","仮設物、建築物、構築物等","41","仮設物、建築物、構築物等","418","建築物、構築物","1","墜落、転落"
"377","2018","平成","30","8","8~9","被災者は、家屋解体工事現場で、フレコンバックを移動させるため、解体用つかみ機に取り付けたフックにつり下げる作業中に、建物の床の一部が抜けて解体用つかみ機が沈下し傾いたことから、被災者の左半身がつかみ具のツメに激突され、死亡したもの。","3","建設業","302","建築工事業","30202","木造家屋建築工事業","1~9","1","動力機械","14","建設機械等","145","解体用機械","6","激突され"
"378","2018","平成","30","8","8~9","当該事業場の敷地内に所在する西工場において、被災労働者Aがプレカット自動加工機を用いて、長さ300センチメートル×縦10.5センチメートル×横10.5センチメートルの木材を送り込み、2本の加工製品を製造していたところ、その木材を送り込む端部とフレームの間に上半身を挟まれ右鎖骨及び肋骨を骨折するとともに胸部圧迫による窒息により死亡したもの。","1","製造業","104","木材・木製品製造業","10409","その他の木材・木製品製造業","1~9","1","動力機械","13","木材加工用機械","139","その他の木材加工用機械","7","はさまれ、巻き込まれ"
"379","2018","平成","30","8","21~22","葬儀屋の労働者が、葬儀場から会社に戻る際、青信号で交差点に進入したところ、赤信号を無視した乗用車が横方向から進入し、運転席側に衝突されて死亡したもの。","17","その他の事業","1702","その他の事業","170209","その他の事業－その他","10~29","2","物上げ装置、運搬機械","23","乗物","231","乗用車、バス、バイク","17","交通事故（道路）"
"380","2018","平成","30","8","16~17","木材伐倒作業において、ドラグ・ショベルのベースマシンにつかみ用アタッチメントを装着した解体用つかみ機を用いて、道路上の枝葉を山に捨てる作業中に発生、解体用つかみ機の付近で道路上の枝葉を手作業で拾い集めていた被災者が、後進する解体用つかみ機のクローラーに轢かれたもの。","6","農林業","602","林業","60201","木材伐出業","1~9","1","動力機械","14","建設機械等","145","解体用機械","17","交通事故（道路）"
"381","2018","平成","30","8","16~17","被災者は、工事現場での作業を終え、ダンプを運転し事業場へ帰社中、片側二車線の右側車線を走行していたところ、前方を走行するトラックに追突し、反対車線へ飛び出し、街路樹、倉庫に衝突し、被災したもの。なお、追突されたトラックの運転手は、頸椎を痛め休業中。","4","運輸交通業","403","道路貨物運送業","40302","特定貨物自動車運送業","10~29","2","物上げ装置、運搬機械","22","動力運搬機","221","トラック","17","交通事故（道路）"
"382","2018","平成","30","8","14~15","被災者が50ccバイクに乗り、夕刊の配達を行っていたところ、中央線よりに対向車線を走行してきた2tトラックの右前方部分に衝突し、大動脈破裂で死亡したもの。災害発生場所は、見通しは良いが被災者から見て緩やかな下り坂であった。","8","商業","802","小売業","80205","新聞販売業","10~29","2","物上げ装置、運搬機械","22","動力運搬機","221","トラック","17","交通事故（道路）"
"383","2018","平成","30","8","16~17","終業時間前の労働者が、事業場内更衣室前の廊下の壁にもたれかかり、朦朧とした状態で発見されたもの。発見時には、かろうじて意識があったが、直後に意識を失い救急搬送され、搬送先の病院で容態が悪化し死亡。","1","製造業","112","金属製品製造業","11209","その他の金属製品製造業","500~999","7","環境等","71","環境等","715","高温・低温環境","11","高温・低温の物との接触"
"384","2018","平成","30","8","14~15","被災者は同僚と2人で荷崩れを起こしたみかんの乾皮入りの袋(1袋の重さ15キログラム、60個「12段」)の復旧を工場内で始め、約15分間作業した。その後、2名は約15分間の休憩を取り作業を再開したが、その後被災者は「暑い」と同僚に申告して再び現場を離れた。休憩を取るため休憩所を訪れた同僚が、意識なく倒れている被災者を発見した。なお、休憩所は冷房されていた。","4","運輸交通業","403","道路貨物運送業","40301","一般貨物自動車運送業","50~99","7","環境等","71","環境等","715","高温・低温環境","11","高温・低温の物との接触"
"385","2018","平成","30","8","10~11","被災者は配達場所に向かうため、バイクを運転して国道を走行していた。右折をするため、バイクを停車していたところ、後続の軽乗用車に追突され転倒して投げ出された被災者は対向してきた普通乗用車にはねられ死亡した。","11","通信業","1101","通信業","110101","通信業","100~299","2","物上げ装置、運搬機械","23","乗物","231","乗用車、バス、バイク","17","交通事故（道路）"
"386","2018","平成","30","8","4~5","商品運搬車(モートラック)で南方向に走行中、運搬車から振り落とされ、頭部を強打した。その後入院していたが、後日死亡したもの。","8","商業","801","卸売業","80109","その他の卸売業","10~29","2","物上げ装置、運搬機械","22","動力運搬機","229","その他の動力運搬機","17","交通事故（道路）"
"387","2018","平成","30","8","22~23","商業施設主催のイベント会場において、露店での飲食物の販売に伴う接客業務に従事していた被災者が、片付け作業を行っていた際に意識を失ったもの。その後救急車で病院に搬送されたが、同日、死亡(熱中症)が確認されたもの。","8","商業","802","小売業","80209","その他の小売業","1~9","7","環境等","71","環境等","715","高温・低温環境","11","高温・低温の物との接触"
"388","2018","平成","30","8","10~11","工場の雨漏り補修工事のため、スレート屋根の上を被災者と共同作業者Aの2名で板金材を運搬するために移動していたところ、スレートを踏み抜き、約9.8m下のコンクリート床に落下し、死亡したもの。","3","建設業","302","建築工事業","30203","建築設備工事業","1~9","4","仮設物、建築物、構築物等","41","仮設物、建築物、構築物等","415","屋根、はり、もや、けた、合掌","1","墜落、転落"
"389","2018","平成","30","8","16~17","新リサイクル工場内において、被災者はフライアッシュとセメントを混合するミキサー内の清掃及び給油作業を行っていたが、他の作業員がミキサーの運転開始操作を行ったため、被災者がミキサー内で挟まれたもの。","1","製造業","109","窯業土石製品製造業","10901","セメント・同製品製造業","10~29","1","動力機械","16","一般動力機械","162","混合機、粉砕機","7","はさまれ、巻き込まれ"
"390","2018","平成","30","8","8~9","自治会の資源物回収作業中、パッカー車の後方で仰向けに倒れている被災者が発見された。被災者は救急車で病院に搬送されたが、後日脳挫傷により死亡したもの。","15","清掃・と畜業","1501","清掃・と畜業","150102","産業廃棄物処理業","30~49","9","その他","92","起因物なし","921","起因物なし","2","転倒"
"391","2018","平成","30","8","12~13","被災者は、農業用水路の維持管理業務を行っていた。被災当日の午前中、1人で刈払機を使用して用水路の周りの野山の草刈り作業を行っていたが、当日の夜、家族から被災者が自宅に戻っていないとの連絡を受け、捜索を行ったが見つからなかった。翌日の明け方、草むらに仰向けに倒れているところを発見されたが、既に死亡していた。外傷なし。被災当日の被災場所の午前中の気温は23度から26度。","16","官公署","1601","官公署","160101","官公署","10~29","7","環境等","71","環境等","715","高温・低温環境","11","高温・低温の物との接触"
"392","2018","平成","30","8","4~5","道路拡張工事に伴う電柱工事の現場で交通規制誘導業務に従事していた被災者が資材をトラックへ積み込んでいたところ、加害車両が別の警備員の制止を振り切って直進し、被災者をはねて積込作業中のトラックに激突したもの。被災者は病院に搬送されたが、当日死亡した。","17","その他の事業","1702","その他の事業","170201","警備業","10~29","2","物上げ装置、運搬機械","23","乗物","231","乗用車、バス、バイク","17","交通事故（道路）"
"393","2018","平成","30","8","14~15","木造2階建て家屋の屋根の雨漏り改修のため、1階と2階の屋根瓦を全面葺き替える作業を代表者とアルバイト労働者(被災者)の2名で行っていたところ、2階屋根で作業をしていた被災者が1階北側樹脂波板上に墜落し、頸椎圧迫による酸欠で死亡したもの。被災者等はヘルメットや安全帯を着用しておらず、防網や足場も設けていなかった。","3","建設業","302","建築工事業","30202","木造家屋建築工事業","1~9","4","仮設物、建築物、構築物等","41","仮設物、建築物、構築物等","415","屋根、はり、もや、けた、合掌","1","墜落、転落"
"394","2018","平成","30","8","12~13","地上約10mのつり足場上で、同足場の解体作業を行っていた被災者が、上さんの取り外しを行うために下さんに昇って作業をしていたところ、既に片方のクランプ及びチェーン控えを取り外していたため、もう片方の手すり建地が外側に回転し被災者が投げ出され、約10m下の敷鉄板上に落下したものと推定。落下の際、被災者はハーネス型安全帯を装備していたものの、足場上に張られた親綱にはフックを掛けていなかったものと推定。","3","建設業","301","土木工事業","30105","橋梁建設工事業","30~49","4","仮設物、建築物、構築物等","41","仮設物、建築物、構築物等","411","足場","1","墜落、転落"
"395","2018","平成","30","8","10~11","2日がかりの予定で朝から、毎月次点検受託先の変電設備(キュービクル)の点検作業に従事していたところ、熱中症にり患し倒れたもの。同僚労働者と午後から交代することが予定されており、事前に電話をしたが被災者の応答はなく、作業場内を捜索したところ、キュービクルの前で意識を失って倒れている被災者を発見した。頭上からの日射に加えて工場用コンプレッサーからの排熱が滞留し、極めて暑い場所となっていた。","17","その他の事業","1702","その他の事業","170209","その他の事業－その他","1~9","7","環境等","71","環境等","715","高温・低温環境","11","高温・低温の物との接触"
"396","2018","平成","30","8","6~7","ダンプトラックで土砂を運搬中、休憩のためパーキングエリアに入ろうとしたところ、他のトラックに追突した。病院に搬送されたが、後日死亡した。","4","運輸交通業","403","道路貨物運送業","40302","特定貨物自動車運送業","1~9","9","その他","91","その他の起因物","911","その他の起因物","90","その他"
"397","2018","平成","30","8","14~15","土砂災害で走行不能となった自動車を指定の場所へ搬送するため、レッカー車へ積み込む作業を2名で行っていた。自動車のタイヤには土砂が堆積していたため、被災者はスコップを用いて、取除き作業を開始した。作業開始から10分程度経過した頃、被災者は息切れが激しくなり、車内で休むため、車へ移動する途中で、倒れ意識を失った。病院へ搬送されたが、意識は戻らず死亡した。","8","商業","804","その他の商業","80409","その他の商業－その他","1~9","9","その他","91","その他の起因物","911","その他の起因物","90","その他"
"398","2018","平成","30","7","16~17","事業場の敷地内に停車していたタンクローリー(粉末状のセメントの運搬車)のタンク上部の蓋が空いているいることに不審に思った社長がタンク内部を確認したところ、被災者が倒れているところを発見され、搬送されたが熱中症による死亡が確認された。被災者は当日の朝、夜勤業務終了後に同敷地内に停めていた自家用車の中で寝ていたところを目撃されていたが、その後は姿が確認されていなかった。","4","運輸交通業","403","道路貨物運送業","40301","一般貨物自動車運送業","1~9","7","環境等","71","環境等","715","高温・低温環境","11","高温・低温の物との接触"
"399","2018","平成","30","7","10~11","建物(鉄骨造)の解体作業中、天井板等をパワーショベル(機体重量1.5t、ヘッドガードなし)で落としていたところ、天井材等がパワーショベルのアーム部分に崩れ落ち、バランスを崩して側方に横転し、投げ出された被災者が柱(鉄骨)とパワーショベルの間に挟まれた。","3","建設業","301","土木工事業","30199","その他の土木工事業","10~29","1","動力機械","14","建設機械等","141","整地・運搬・積込み用機械","2","転倒"
"400","2018","平成","30","7","10~11","事業場内での熱中症を原因とする死亡災害。被災日前日から翌日まで1人で金型作業室にいた。その間、同僚と何回か会話をしており、体調が悪い、気分が悪いと被災者が話していたとのこと。トイレに入る被災者を見かけ、10分後トイレで倒れているところを発見。呼吸はあったが意識朦朧としており、呼びかけにも応じなかった。救急搬送されたがその後死亡が確認されたもの。","1","製造業","108","化学工業","10805","プラスチック製品製造業","10~29","7","環境等","71","環境等","715","高温・低温環境","11","高温・低温の物との接触"
"401","2018","平成","30","7","10~11","4階建て商業ビル屋上に設置された広告看板改修のため、看板製造等を行う会社に所属する被災者は、看板下地の鉄骨製作他を行う会社の2名と共に、ビル屋上で採寸他の現場事前調査を行っていた。屋上での作業を終えて、屋上へ上がる際にも使用したビル壁面に設置された垂直タラップを降りていた被災者は、ビル横の河川へ墜落し、心臓破裂により死亡した。","3","建設業","302","建築工事業","30209","その他の建築工事業","1~9","4","仮設物、建築物、構築物等","41","仮設物、建築物、構築物等","413","階段、桟橋","1","墜落、転落"
"402","2018","平成","30","7","14~15","国道沿いの道路脇の幅約1メートルを刈払機を用いて除草する作業中に、被災者が雑草等で覆われていた深さ5.6メートルの用水路の開口部へ墜落したもの。なお、事業者は工事の受注において発注者から、用水路の存在を知らされていなかったもの。","3","建設業","301","土木工事業","30199","その他の土木工事業","10~29","4","仮設物、建築物、構築物等","41","仮設物、建築物、構築物等","414","開口部","1","墜落、転落"
"403","2018","平成","30","7","12~13","ビル新築工事における土止め用H鋼の上部切断作業において、地上1階から地下1階に通じるドライエリア下へ墜落した。","3","建設業","302","建築工事業","30203","建築設備工事業","1~9","4","仮設物、建築物、構築物等","41","仮設物、建築物、構築物等","416","作業床、歩み板","1","墜落、転落"
"404","2018","平成","30","7","12~13","擁壁上に設置されているネットフェンスに絡んでいる雑草を擁壁上(高さ約2.4m)で撤去作業中に、墜落したもの。救急搬送後、死亡が確認されたもの。","15","清掃・と畜業","1501","清掃・と畜業","150101","ビルメンテナンス業","30~49","4","仮設物、建築物、構築物等","41","仮設物、建築物、構築物等","418","建築物、構築物","1","墜落、転落"
"405","2018","平成","30","7","12~13","事業場内において、昼休憩後、叫び声がしたので確認したところ、1階と2階を繋ぐ屋内階段の地上部分で倒れている被災者を発見、救急搬送されるも「外傷性くも膜下出血」により、搬送先で死亡したもの。なお、発生時の目撃者はいない。","1","製造業","112","金属製品製造業","11209","その他の金属製品製造業","10~29","4","仮設物、建築物、構築物等","41","仮設物、建築物、構築物等","413","階段、桟橋","1","墜落、転落"
"406","2018","平成","30","7","10~11","天井クレーン設置建屋に設けられた建屋側歩道の手すり(壁)のさらに内側(手すり(壁)と天井クレーン走行レールの間)に設置されたグレーチングの床に工事(建屋梁改修工事)で使用した架設部材(作業床、単管)を移動式クレーンで荷下ろしのため仮置き作業中、グレーチング床端部(天井クレーン走行レール内側)より25m下へ墜落したもの。","3","建設業","302","建築工事業","30201","鉄骨・鉄筋コンクリート造家屋建築工事業","1~9","4","仮設物、建築物、構築物等","41","仮設物、建築物、構築物等","418","建築物、構築物","1","墜落、転落"
"407","2018","平成","30","7","12~13","山頂にて安全誘導業務に従事していたが、台風接近に伴い早めに勤務交替をし、2名で下山中、強風により動けなくなり、救助を要請した。救助隊合流時には意識が朦朧としており、救急車で搬送中、心肺停止、翌日、搬送先の病院で低体温症にて死亡。","17","その他の事業","1702","その他の事業","170201","警備業","100~299","7","環境等","71","環境等","715","高温・低温環境","11","高温・低温の物との接触"
"408","2018","平成","30","7","18~19","被災者は、体調不良を感じたまま出勤し営業活動を行っていたが、体調が悪化したことから病院へ行き、そこで容体が急変し救急搬送された。その後死亡したもの。(急性心筋梗塞)","9","金融・広告業","901","金融業","90101","銀行・信託業","10~29","9","その他","92","起因物なし","921","起因物なし","90","その他"
"409","2018","平成","30","7","14~15","被災者は、取引先においてトラックの鳥居部に取り付けられている昇降はしごの真横(真下)で倒れているのを発見されたもの。現認者はいないため、推定ではあるが、荷台のシートが剥がされデッキに収納されていたことから、シートを収納後にトラックから降りようとした時に誤って転落したものと推定される。なお、被災者は保護帽未着用であった。","8","商業","801","卸売業","80109","その他の卸売業","1~9","2","物上げ装置、運搬機械","22","動力運搬機","221","トラック","1","墜落、転落"
"410","2018","平成","30","7","22~23","運転代行業務を営む事業場において、客の自動車を代行運転する同僚を、軽自動車を運転して伴走していた被災者が道路脇の電柱に激突したもの。","17","その他の事業","1702","その他の事業","170209","その他の事業－その他","30~49","2","物上げ装置、運搬機械","23","乗物","231","乗用車、バス、バイク","17","交通事故（道路）"
"411","2018","平成","30","7","16~17","被災者が、親事業場が移動式クレーンの試運転を行っている箇所に隣接する場所で屋外通路をペンキで塗り分ける作業に従事していたところ、荷重試験を行っていた移動式クレーンのジブが旋回中に折損して倒れ、被災者と下請け事業場の事業主が倒れてきたジブの下敷きになる等して死亡した。また、周辺で作業をしていた作業員が飛来してきた部品に当たる等して負傷した。","1","製造業","113","一般機械器具製造業","11301","機械（精密機械を除く）器具製造業","10~29","2","物上げ装置、運搬機械","21","動力クレーン等","212","移動式クレーン","5","崩壊、倒壊"
"412","2018","平成","30","7","12~13","現場内に設置されている作業構台の解体作業において、建物地下3階で作業構台柱(H鋼材)の溶断作業中、発生した火花が下階の免震ピットに施工された吹付ウレタンに引火し火災が発生したもの。","3","建設業","303","その他の建設業","30301","電気通信工事業","1~9","3","その他の装置等","33","溶接装置","331","ガス溶接装置","16","火災"
"413","2018","平成","30","7","12~13","現場内に設置されている作業構台の解体作業において、建物地下3階で作業構台柱(H鋼材)の溶断作業中、発生した火花が下階の免震ピットに施工された吹付ウレタンに引火し火災が発生したもの。","3","建設業","303","その他の建設業","30301","電気通信工事業","1~9","3","その他の装置等","33","溶接装置","331","ガス溶接装置","16","火災"
"414","2018","平成","30","7","10~11","林道建設工事において、被災者は、法面(法勾配約55°×法長約6m+約法勾配45°×法長約14m)の頂上部で草刈り作業をしていた。下方で作業していた同僚が、法面下の林道に倒れていた被災者を発見した。被災者は首を骨折する等外傷があった。","3","建設業","301","土木工事業","30199","その他の土木工事業","10~29","7","環境等","71","環境等","711","地山、岩石","1","墜落、転落"
"415","2018","平成","30","7","8~9","被災者は他1名とともに地盤調査を行っていたが、体調がすぐれない様子であったため、作業を中断し帰宅したところ、帰宅途中に通行人の通報で救急搬送された。入院治療先で死亡。","3","建設業","303","その他の建設業","30309","その他の建設業－その他","1~9","7","環境等","71","環境等","715","高温・低温環境","11","高温・低温の物との接触"
"416","2018","平成","30","7","6~7","被災者は、会社事務所に出勤後、会社所有の軽ワゴン車を運転し、建築工事現場へ向かう途中、県道を走行中、下り左カーブのところでセンターラインを越え、対向してきた普通乗用車に正面衝突した。これにより、被災者は頭部を強打し、外傷性くも膜下出血で死亡した。","3","建設業","302","建築工事業","30201","鉄骨・鉄筋コンクリート造家屋建築工事業","10~29","2","物上げ装置、運搬機械","23","乗物","231","乗用車、バス、バイク","17","交通事故（道路）"
"417","2018","平成","30","7","21~22","工事業者により工場内でめっき槽の交換工事が行われていたが、被災者はめっき槽を撤去したタイミングでめっき槽架台の腐食状況を確認するために現場に立ち入り、槽が撤去された開口部から少し下にある架台を覗き込んでいた際に転落した。","1","製造業","110","鉄鋼業","11001","製鉄・製鋼・圧延業","1000~9999","4","仮設物、建築物、構築物等","41","仮設物、建築物、構築物等","414","開口部","1","墜落、転落"
"418","2018","平成","30","7","16~17","請け負った冷蔵室の扉取付け工事が終了後、脚立の真下で倒れている被災者を同僚が発見。後日脳挫傷により搬送先の病院で死亡した。被災者は、脚立の下で屈んで施工箇所の最終チェックをした後、立ち上がろうとしたとき、後頭部を脚立の脚の角度を保つための金具に激突した弾みで、コンクリート製の床面に倒れ、顔面を強打したもの。保護帽未着用。","3","建設業","303","その他の建設業","30302","機械器具設置工事業","1~9","4","仮設物、建築物、構築物等","41","仮設物、建築物、構築物等","417","通路","2","転倒"
"419","2018","平成","30","7","12~13","児童福祉施設(児童デイサービス)が恒例行事として開催したレクリエーション海水浴において、沖に流された浮き輪を泳いで取りに行った児童指導員が溺れたもの。ドクターヘリで救急搬送し救命措置を受けたが同日死亡が確認された。レクリエーション海水浴には、施設代表者と指導員が児童を引率していた。","13","保健・衛生業","1302","社会福祉施設","130201","社会福祉施設","30~49","7","環境等","71","環境等","713","水","10","おぼれ"
"420","2018","平成","30","7","12~13","廃棄物収集運搬を行う事業場の有価物置場敷地内において、有価物(ラジオ等小型家電)を詰め込んだフレキシブルコンテナバック(重量123キログラム)の紐をフォークリフトの爪で引っかけて、吊り下げた状態でバック走行により運搬作業中、敷地と公道の出入口部分に傾斜した箇所があり、当該傾斜箇所にフォークリフトがバックで進入したことによりバランスが崩れて公道側に横転し、被災者の頭部が道路とヘッドガードに挟まれた。","15","清掃・と畜業","1501","清掃・と畜業","150102","産業廃棄物処理業","10~29","2","物上げ装置、運搬機械","22","動力運搬機","222","フォークリフト","2","転倒"
"421","2018","平成","30","7","10~11","河川の堤防の草苅作業中に被災者の姿が見えないため、他の労働者ら及び消防隊が捜索したところ、川の中で心肺停止の状態の被災者が見つかり、病院に搬送されたが、死亡したもの。","6","農林業","601","農業","60101","農業","1~9","7","環境等","71","環境等","713","水","10","おぼれ"
"422","2018","平成","30","7","4~5","フィルムロールを梱包するラインにおいて、コンベアと倒立機(コンベアで運搬されたフィルムロールを立て起こす機械)との間に被災労働者が頭から胸部にかけて挟まれたもの。災害発生後は脳死状態であったが、後日死亡判断が下された。","1","製造業","108","化学工業","10805","プラスチック製品製造業","300~499","2","物上げ装置、運搬機械","22","動力運搬機","224","コンベア","7","はさまれ、巻き込まれ"
"423","2018","平成","30","7","10~11","同会社の工場内において、被災者が積載荷重3800キログラムの貨物自動車で搬入された荷を、貨物自動車から荷下ろしする作業を行っていた際に、鉄板敷きの床面上からはしごを荷に立て掛け、当該はしご上で荷に玉掛け用のワイヤーロープを掛ける作業を行っていたところ、はしごの脚部が滑り、被災者はバランスを崩して高さ約1.6mから床面に墜落し、頭蓋骨を骨折し、後日死亡したもの。","15","清掃・と畜業","1501","清掃・と畜業","150103","その他の廃棄物処理業","1~9","3","その他の装置等","37","用具","371","はしご等","1","墜落、転落"
"424","2018","平成","30","7","8~9","皆伐現場において、傾斜約48度の斜面に倒された伐倒木を、斜面下方から林業グラップルで引っ張り、運搬する作業を行っていたところ、引っ張った伐倒木とは異なる伐倒木(カラマツ、長さ約26m、先端の直径7~10センチメートル)が斜面を滑落し、運転席の防護柵、運転者上半身、及び運転席後部の窓を貫通し、当該運転者が死亡したもの。","6","農林業","602","林業","60201","木材伐出業","10~29","7","環境等","71","環境等","712","立木等","6","激突され"
"425","2018","平成","30","7","6~7","橋梁建設工事において、警備業務に従事していた被災者が、作業現場内のトイレカーの横で俯せに倒れているところを発見、救急車で搬送したが、後日熱中症により死亡した。","17","その他の事業","1702","その他の事業","170201","警備業","50~99","7","環境等","71","環境等","715","高温・低温環境","11","高温・低温の物との接触"
"426","2018","平成","30","7","16~17","被災者はダンプトラックの車体と荷台の間にはさまれているところを発見され、その場で死亡が確認されたもの。荷台下の車体にはモンキーレンチ2本があり、荷台上昇用油圧シリンダのホース接続部分は外れており、ダンプトラック周辺には作動油が飛散していた。なお、荷台フレームの安全棒が当たる面付近には、こすれた跡が残っていた。","4","運輸交通業","403","道路貨物運送業","40301","一般貨物自動車運送業","10~29","2","物上げ装置、運搬機械","22","動力運搬機","221","トラック","7","はさまれ、巻き込まれ"
"427","2018","平成","30","7","12~13","川の左岸、護岸ブロック上の草刈りを行うため、乗用の草刈り機(小型特殊自動車)に乗り、傾斜のある護岸ブロックを自走で登ろうとしたところ、車体とともに転落し、車体と地面の間に頭部をはさまれ死亡したもの。","6","農林業","601","農業","60101","農業","1~9","1","動力機械","16","一般動力機械","169","その他の一般動力機械","1","墜落、転落"
"428","2018","平成","30","7","2~3","最大積載量29tの大型トレーラーに鉄骨約25tを積載し、県道(現場は走行方向に向かって、緩やかな下りの左カーブ)を南進中、対向車線を横切り、工場の社員寮に突っ込み、同車両が横転、運転手が死亡したもの。","4","運輸交通業","403","道路貨物運送業","40301","一般貨物自動車運送業","50~99","2","物上げ装置、運搬機械","22","動力運搬機","221","トラック","17","交通事故（道路）"
"429","2018","平成","30","7","14~15","大学の試験があり、会場周辺の道路での違法駐車防止及び道案内のため警備を行っていた被災者が、駐車場北側で倒れているところを通りがかった人が見つけ、消防に通報し、病院へ搬送されたが、熱中症により死亡と診断されたもの。","17","その他の事業","1702","その他の事業","170201","警備業","10~29","7","環境等","71","環境等","715","高温・低温環境","11","高温・低温の物との接触"
"430","2018","平成","30","7","16~17","現場(個人宅庭木剪定作業)で出た枝葉を、会社敷地隣接の山林にある仮置場に保管する為、トラックから降ろした枝葉約1.5立米を、トラクターショベル(機体重量:2585キログラム)で押していたところ、左側に転倒し、被災者の頭部がトラクターショベルのヘットガードの支柱と地面の間に挟まれ被災したもの。","3","建設業","301","土木工事業","30199","その他の土木工事業","10~29","1","動力機械","14","建設機械等","141","整地・運搬・積込み用機械","2","転倒"
"431","2018","平成","30","7","14~15","屋外の配管漏れ修理作業において、新規の配管を溶接で取り付ける作業をしていた被災者は、溶接作業終了後に体調不良を訴え休憩していたところ、急に痙攣を起こし、倒れ、心肺停止状態となったため医療機関に搬送されたが、熱中症により後日死亡した。当日の最高気温は36.5度であった。","3","建設業","303","その他の建設業","30309","その他の建設業－その他","1~9","7","環境等","71","環境等","715","高温・低温環境","11","高温・低温の物との接触"
"432","2018","平成","30","7","12~13","被災者は客先の牧場敷地内において自走できる給餌機を修理後、牛舎に戻すため給餌機を運転して敷地内道路を移動していたところ、バケットを上昇させたまま走行してきたトラクター・ショベルに激突され、給餌機の機械操作レバーに頭部が刺さり死亡したもの。なお、トラクター・ショベルの運転者は牧場事業主の親族であった。","8","商業","802","小売業","80209","その他の小売業","10~29","1","動力機械","14","建設機械等","141","整地・運搬・積込み用機械","6","激突され"
"433","2018","平成","30","7","6~7","立体駐車場3階において、バイクに乗って仕事中であった被災者が南北方向に、他社の車両が東西方向に走っていたところ、出会い頭に衝突し、後日被災者が死亡したもの。","8","商業","801","卸売業","80109","その他の卸売業","1~9","2","物上げ装置、運搬機械","23","乗物","231","乗用車、バス、バイク","17","交通事故（道路）"
"434","2018","平成","30","7","16~17","事業場内において、作業していたところ、倒れているところを発見、救急車搬送されたが、後日に死亡したもの。","1","製造業","114","電気機械器具製造業","11409","その他の電気機械器具製造業","1~9","7","環境等","71","環境等","715","高温・低温環境","11","高温・低温の物との接触"
"435","2018","平成","30","7","12~13","被災者が、クレーン機能付きドラグ・ショベルを運転していた際、当該ドラグ・ショベルが転落した。","3","建設業","301","土木工事業","30106","道路建設工事業","30~49","2","物上げ装置、運搬機械","21","動力クレーン等","212","移動式クレーン","1","墜落、転落"
"436","2018","平成","30","7","8~9","倉庫の屋根の改修工事現場において、当該倉庫の屋根の上でスレートの撤去作業を行っていたところ、スレートを踏み抜いて、高さ約6.5メートルの箇所から、コンクリート床面に墜落したもの。","3","建設業","302","建築工事業","30201","鉄骨・鉄筋コンクリート造家屋建築工事業","1~9","4","仮設物、建築物、構築物等","41","仮設物、建築物、構築物等","415","屋根、はり、もや、けた、合掌","1","墜落、転落"
"437","2018","平成","30","7","8~9","埠頭に接岸した船倉で、岸壁に設置したクローラクレーン(つり上げ荷重150t)を用いて7本組にしたH型鋼(1本の長さ6m、重さ85キロ)を3束にまとめて荷揚げ作業中、吊上げていた鋼材が落下し、吊荷の下にいた被災者に当たり死亡した。","5","貨物取扱業","502","港湾運送業","50201","一般港湾運送業","100~299","6","荷","61","荷","611","荷姿の物","4","飛来、落下"
"438","2018","平成","30","7","14~15","被災者は災害発生日の午前中、民家改修工事現場で足場設置前の既設ベランダ取り外し作業等を補助し、午後は事業場で足場用資材をトラックに積み込んだ後、上記現場において足場用資材の荷揚げ作業に従事したが、同作業を終了した後に足場上で動けなくなり、病院に救急搬送されたが熱中症による多臓器不全により死亡した。","3","建設業","302","建築工事業","30209","その他の建築工事業","1~9","7","環境等","71","環境等","715","高温・低温環境","11","高温・低温の物との接触"
"439","2018","平成","30","7","14~15","事業場内の庭の草刈り作業を行っていた被災者が倒れていたところを発見されたもの。救急車を要請するも現場で死亡が確認された。","9","金融・広告業","902","広告・あっせん業","90209","その他の広告・あっせん業","1~9","7","環境等","71","環境等","715","高温・低温環境","11","高温・低温の物との接触"
"440","2018","平成","30","7","12~13","被災者は午前から線路上で行われていた電気設備工事の現場で列車見張り警備の業務に従事。昼の休憩中に作業員集合場所の道路上で寝ていることを不審に思った同僚が声をかけたところ体調不良を訴えたため、応急手当を行ったが回復せず、救急車を要請、病院へ搬送されたが熱中症により死亡した。","17","その他の事業","1702","その他の事業","170201","警備業","100~299","7","環境等","71","環境等","715","高温・低温環境","11","高温・低温の物との接触"
"441","2018","平成","30","7","8~9","天井クレーンで鉄板(290センチメートル×1185センチメートル×0.9センチメートル)2枚(合計重量約4.8t)を吊ビームを用いて、玉掛けワイヤロープを介して6点のハッカーで吊台車に置こうとしたが、当該台車にパレットが置いてあったので、パレットを移動させるためクレーンを一旦止めた。この時、両端のハッカーが外れて鉄板が落下し、鉄板の下を通行していた被災者が下敷きになった。","1","製造業","115","輸送用機械等製造業","11501","造船業","10~29","3","その他の装置等","37","用具","372","玉掛用具","4","飛来、落下"
"442","2018","平成","30","7","8~9","コンクリートブロック生成機の、材料を貯蔵・区分するサイロの上部に備え付けられているシャトルコンベアで不具合が生じたため、被災者がレール脇の手すりから身を乗り出して作業していたところ、シャトルコンベアが動き出し、シャトルコンベアの車輪と手すりに挟まれた。病院に搬送され、治療を受けていたが後日、死亡した。","1","製造業","109","窯業土石製品製造業","10901","セメント・同製品製造業","30~49","2","物上げ装置、運搬機械","22","動力運搬機","224","コンベア","7","はさまれ、巻き込まれ"
"443","2018","平成","30","7","16~17","被災者は、工事現場で作業終了後、所属事業場の事務所へ戻るため、同僚が運転する社用車(ライトバン)に同乗して町道を直進走行中、交差点の進行方向右側から進入してきたトラックに側面から衝突され、その反動で進行方向左側の路外に転落したもの。当該車両には被災者を含め2現場4名の作業員が乗車していた。シートベルトの着用状況については不明。","3","建設業","301","土木工事業","30199","その他の土木工事業","10~29","2","物上げ装置、運搬機械","23","乗物","231","乗用車、バス、バイク","17","交通事故（道路）"
"444","2018","平成","30","7","16~17","被災者が新聞配達を行っていたところ、熱中症になり救急車で搬送されたもの。その後、意識不明の状態が約25日続いていたが、死亡が確認されたもの。","8","商業","802","小売業","80205","新聞販売業","10~29","7","環境等","71","環境等","715","高温・低温環境","11","高温・低温の物との接触"
"445","2018","平成","30","7","14~15","被災者は、勤務先の養護老人ホームと道路との境界付近に設置されたコンクリート擁壁上の作業床の端部で清掃作業に従事していたところ、3.75メートル下の道路上に墜落し、死亡した。被災者は、保護帽及び安全帯未着用であった。","13","保健・衛生業","1302","社会福祉施設","130201","社会福祉施設","30~49","4","仮設物、建築物、構築物等","41","仮設物、建築物、構築物等","418","建築物、構築物","1","墜落、転落"
"446","2018","平成","30","7","14~15","介護施設内において、生活相談員を呼びに行くため、2階から1階まで階段を使用して降りていたところ、1階の階段の下から6段目付近(高さ約1.08メートル)の踏面からバランスを崩して墜落したもの。","13","保健・衛生業","1302","社会福祉施設","130201","社会福祉施設","30~49","4","仮設物、建築物、構築物等","41","仮設物、建築物、構築物等","413","階段、桟橋","1","墜落、転落"
"447","2018","平成","30","7","10~11","25t移動式クレーンに取り付けた杭抜用アタッチメント(2.9t)が被災労働者に激突し、死亡したもの。25t移動式クレーンに取り付けた杭抜用アタッチメントを折り畳む作業をしていたところ、クレーンに付属していた主巻きフック取付け用金具が破断し、杭抜用アタッチメントが振り子状に振れ、被災労働者の頭部に激突し、被災者が死亡した。","3","建設業","301","土木工事業","30199","その他の土木工事業","10~29","1","動力機械","14","建設機械等","145","解体用機械","6","激突され"
"448","2018","平成","30","7","10~11","農業用ビニールハウスの建築工事において、組立中のビニールハウスの周囲に止水シートを埋設するため、被災者はドラグショベル(車幅83.5センチメートル)でビニールハウス周囲の地面を掘削していた。ビニールハウスと敷地南側の水路の間の法肩(幅員130センチメートル)で作業を行っていたところ、ドラグショベルが被災者とともに水路に転落し、被災者が水路の石積とドラグショベルの間に挟まれた。","3","建設業","302","建築工事業","30209","その他の建築工事業","1~9","1","動力機械","14","建設機械等","142","掘削用機械","1","墜落、転落"
"449","2018","平成","30","7","8~9","10階建てマンションの窓ふきのため、被災者は1人で屋上からブランコを設置した後、何らかの理由で約25.5m下のエントランスの屋根に墜落し、その後、約3.5m下の地上に墜落したもの。","15","清掃・と畜業","1501","清掃・と畜業","150101","ビルメンテナンス業","10~29","4","仮設物、建築物、構築物等","41","仮設物、建築物、構築物等","418","建築物、構築物","1","墜落、転落"
"450","2018","平成","30","7","16~17","構内下請の被災労働者は竹箒を使って倉庫内の清掃を行っている際に、ふらつきが認められたため、速やかにスポットクーラー前に寝かせるとともに、冷却剤や経口補水液等の処置が行われた。被災者は会話や自力での歩行が可能だったことから、病院には行かず、その日の夕刻に帰宅したが、翌日朝に自宅で死亡しているところを発見された。死因は熱中症だった。","5","貨物取扱業","501","陸上貨物取扱業","50101","陸上貨物取扱業","1~9","7","環境等","71","環境等","715","高温・低温環境","11","高温・低温の物との接触"
"451","2018","平成","30","7","10~11","ドラグ・ショベルによる掘削で出た廃土を積んだダンプトラックを運転するため、被災者がドラグ・ショベルとダンプトラックの間を通ったところ、オペレータがドラグ・ショベルを操作したため、ドラグ・ショベルのクローラーが後部側から掘削溝に落ち、ドラグ・ショベルのアームとダンプトラックのあおりに頭部及び胸部を挟まれ死亡したもの。クローラーは掘削溝と直角に交わるように配置されていた。","3","建設業","302","建築工事業","30202","木造家屋建築工事業","1~9","1","動力機械","14","建設機械等","142","掘削用機械","7","はさまれ、巻き込まれ"
"452","2018","平成","30","7","8~9","夜間、ずい道掘削を行っていたが、電線の長さが足りなくなったため、予定を変更し、朝から路盤整地等の作業を行うことになった。切羽前に残っていたズリをバックホウで寄せ集め、後方で大型タイヤショベルが待機していた。隣の小型バックホウが物を取りに前へ移動しようとしたため、これを除けようと大型バックホウが斜めに後退した後、前へ進んた。小型バックホウが後ろへ戻ったところ、被災者が倒れているのを発見した。","3","建設業","301","土木工事業","30102","トンネル建設工事業","30~49","1","動力機械","14","建設機械等","141","整地・運搬・積込み用機械","7","はさまれ、巻き込まれ"
"453","2018","平成","30","7","20~21","チルドセンターにてトラック(最大積載量2850キログラム)から荷卸し後、荷台の後部扉を閉めるため、当該トラックを前進させ、運転席から降りた際、当該トラックが前方に向かって動き出し、トラックの前面部とコンクリート壁に挟まれ被災。","4","運輸交通業","403","道路貨物運送業","40309","その他の道路貨物運送業","10~29","2","物上げ装置、運搬機械","22","動力運搬機","221","トラック","7","はさまれ、巻き込まれ"
"454","2018","平成","30","7","16~17","造船所構内の内作工場で、15t天井クレーンで船の壁材(鉄板)を吊って運搬中、吊っていた壁材を一旦、着地させた際、クランプが外れ倒れた壁材の下敷きになり死亡した。壁材は、3.35m×2.65m×厚さ6ミリメートル(重さ436キログラム)でクランプによる1点吊りにより、被災者が無線操作により当該クレーンを操作していた。","1","製造業","115","輸送用機械等製造業","11501","造船業","100~299","3","その他の装置等","37","用具","372","玉掛用具","6","激突され"
"455","2018","平成","30","7","16~17","派遣先の建物3階備品倉庫で崩れ落ちた感じで倒れていたところを発見された。備品倉庫は、人があまり立ち入らず、清掃業務をする場所でがなく、休憩所ではなかったが、休んでいたと思われる。","1","製造業","115","輸送用機械等製造業","11502","自動車・同付属品製造業","50~99","7","環境等","71","環境等","715","高温・低温環境","11","高温・低温の物との接触"
"456","2018","平成","30","7","10~11","自社の太陽光発電パネル設置工事現場において、現場周辺の藪の竹や草を伐採したものを車両系建設機械(解体用つかみ機)を使用して、現場の一定箇所に集積する作業を行っていた。続いて被災者は現場上部の集積を行うため車両系建設機械を走行させ、通路のうち上り斜面となっている部分を通行したところ車両系建設機械ごと転倒し、被災したもの。","3","建設業","303","その他の建設業","30309","その他の建設業－その他","1~9","1","動力機械","14","建設機械等","145","解体用機械","2","転倒"
"457","2018","平成","30","7","8~9","被災者外5名が個人住宅屋根に既存する瓦の撤去作業を開始し、休憩した。休憩中、被災者本人から現場に入場していた代表者の息子に入電があり、倉庫裏で嘔吐し動けないとの話しであったため駆けつけたところ、被災者が倒れている状況で発見された。消防へ通報し、約10分後に救急搬送されたが、搬送先の病院で同日死亡が確認された。熱中症が疑われる。","3","建設業","302","建築工事業","30209","その他の建築工事業","1~9","7","環境等","71","環境等","715","高温・低温環境","11","高温・低温の物との接触"
"458","2018","平成","30","7","8~9","停泊した定期船のスクリューから異音がするため、潜水作業により状況確認を行い、状況によってはその場で修理するため、ダイバー2名で潜水を行うことにした。被災者が先に入水し、遅れてもう一人入水したが、水中で被災者の姿が見えないため周辺を探したが見つからず、20分後に約10m離れた場所に浮かんでいるところを発見されたもの。","4","運輸交通業","401","鉄道・軌道・水運・航空業","40102","水運業","10~29","7","環境等","71","環境等","713","水","10","おぼれ"
"459","2018","平成","30","7","14~15","被災者は配管工として建設現場に入場していたが、1階で作業をしていた内装業者よりエレベーターピット付近で人が墜落したような音がしたとの連絡を受け、元請作業所長が確認したところエレベーターピット内で倒れている被災者を発見した。発見後、AEDによる救命措置等を行ったが搬送先の病院で脳挫傷による死亡が確認された。","3","建設業","302","建築工事業","30201","鉄骨・鉄筋コンクリート造家屋建築工事業","1~9","4","仮設物、建築物、構築物等","41","仮設物、建築物、構築物等","418","建築物、構築物","1","墜落、転落"
"460","2018","平成","30","7","12~13","個人住宅の2階のベランダ改修工事において、木製のベランダを組立て後に、被災者を含め2名で床部分をFRPによる防水処理する作業に従事していたところ、被災者が熱中症を発症してベランダ上で倒れた。救急隊が現場に到着したが、被災者をベランダ上から地上に降ろすことができないため、救助隊を要請し、倒れてから約1時間経過して病院に搬送された。後日死亡を確認。","3","建設業","302","建築工事業","30202","木造家屋建築工事業","1~9","7","環境等","71","環境等","715","高温・低温環境","11","高温・低温の物との接触"
"461","2018","平成","30","7","8~9","自社所有の10tセルフローダートラックが置いてある営業所に出社し、当該トラックにクローラクレーン(4.9t)を積み込み、配送先である建設工事現場に出発した。荷卸し指定時刻が9時であったため途中時間を調整し、現場で重機を降ろした。帰路において現場から車で5分ほどの山道(幅約6m)で緩い左カーブを直進し、山の法面に衝突した。","4","運輸交通業","403","道路貨物運送業","40301","一般貨物自動車運送業","10~29","2","物上げ装置、運搬機械","22","動力運搬機","221","トラック","17","交通事故（道路）"
"462","2018","平成","30","7","21~22","「バス乗降調査」の業務として業務終了後、会社指定の私用車で帰宅する途中に道路脇の擁壁に乗り上げて車輌が横転し、自損事故を起こしたもの。1名死亡5名負傷の計6名が被災した。","12","教育・研究業","1201","教育・研究業","120109","その他の教育研究業","10~29","2","物上げ装置、運搬機械","23","乗物","231","乗用車、バス、バイク","17","交通事故（道路）"
"463","2018","平成","30","7","10~11","鉄骨造のD形倉庫の新築工事現場において、鉄骨の建方作業中、屋根下地の溝形鋼(チャンネル材)のボルト締めのため、もやに乗って移動していたところ、もやが折れて6.4m下のコンクリート床に墜落し、搬送先の病院で6時間半後に外傷性脳損傷により死亡したもの。保護帽と胴ベルトの安全帯を着用していたが、安全帯は使用せず、親綱の設置も無かった。","3","建設業","302","建築工事業","30201","鉄骨・鉄筋コンクリート造家屋建築工事業","1~9","4","仮設物、建築物、構築物等","41","仮設物、建築物、構築物等","415","屋根、はり、もや、けた、合掌","1","墜落、転落"
"464","2018","平成","30","7","8~9","河川の護岸工事において、盛土の上に大型土のう(約1.4トン)を置き、仮締切りした箇所に、2台目の水中ポンプを設置していたところ、大型土のうの下の盛土が崩れ、土のうの上で作業を行っていた被災者が土のうと一緒に落ち、土のうとの間に挟まれたもの。","3","建設業","301","土木工事業","30107","河川土木工事業","30~49","7","環境等","71","環境等","711","地山、岩石","5","崩壊、倒壊"
"465","2018","平成","30","7","8~9","被災者は、工場内で建築用鉄骨(H250×250長さ4.9m)7本を玉掛けし橋形クレーンにて移動した。当該鉄骨を作業台に降ろしたところ、当該鉄骨が被災者側へ倒れ、作業台の梁と鉄骨に腹部を挟まれ死亡した。","1","製造業","112","金属製品製造業","11209","その他の金属製品製造業","1~9","6","荷","61","荷","611","荷姿の物","5","崩壊、倒壊"
"466","2018","平成","30","7","16~17","被災者は、デイサービスの利用者を自宅に送る準備をするため、事業場の駐車場において、事業場所有の乗用車を運転していたところ、運転操作を誤ったことで駐車場の柵を突き破り、勾配45度の斜面上を9.4メートルに渡って当該車両と共に転落し、意識不明の重体となっていたが、後日死亡したもの。","13","保健・衛生業","1302","社会福祉施設","130201","社会福祉施設","10~29","2","物上げ装置、運搬機械","23","乗物","231","乗用車、バス、バイク","1","墜落、転落"
"467","2018","平成","30","7","12~13","トラック運転者である被災者がトレーラーの後部座席で死亡しているのが確認され、死体検案書によると急性虚血性心疾患と診断されたものである。後日過重労働による業務上災害と認定された。","4","運輸交通業","403","道路貨物運送業","40301","一般貨物自動車運送業","30~49","9","その他","92","起因物なし","921","起因物なし","90","その他"
"468","2018","平成","30","7","14~15","被災者は、生徒が海で溺れているのを発見し、助けようと海に入ったが、溺れてしまった。被災者は、意識不明の重体で助け出されたが、翌日に搬送先の病院で死亡した。","12","教育・研究業","1201","教育・研究業","120109","その他の教育研究業","100~299","7","環境等","71","環境等","713","水","10","おぼれ"
"469","2018","平成","30","7","10~11","野菜畑での収穫作業において、被災者が農業用トラクターを運転して、収穫した野菜を入れるためのコンテナを取りに行くために後進していたところ、畑脇の斜面を約2.5メートル転落し、当該トラクターの下敷きとなった。なお、当該トラクターの運転席はキャビン仕様(運転室)となっており、転落前に運転室から外に出たため下敷きとなったものであるが、外に出た理由は不明である。","6","農林業","601","農業","60101","農業","1~9","1","動力機械","16","一般動力機械","169","その他の一般動力機械","1","墜落、転落"
"470","2018","平成","30","7","8~9","SRC造4階建の建築物を解体する工事現場内において、3階梁部分の解体作業を車両系建設機械(解体用)2台を使って作業していたところ、近くで粉じんの飛散防止作業(散水)をしていた被災者が倒れているのを発見したもの。被災者の着用していた保護帽には、何らかの物体が激突した陥没が残っていた。被災者の死因は、脳挫傷等。","3","建設業","302","建築工事業","30209","その他の建築工事業","10~29","5","物質、材料","52","材料","523","石、砂、砂利","4","飛来、落下"
"471","2018","平成","30","7","20~21","事業場を出発し、2日後にに荷下ろしをし、サービスエリアで休憩を始めた。車から降りる様子がドライブレコーダーに記録された後、その後運転席に戻ることがなかった。翌日、運転席下の地面に倒れているところを第三者に発見された。","4","運輸交通業","403","道路貨物運送業","40301","一般貨物自動車運送業","1~9","2","物上げ装置、運搬機械","22","動力運搬機","221","トラック","1","墜落、転落"
"472","2018","平成","30","7","16~17","自動車道下りインター付近にて、渋滞のため停車中、後方よりトラックに追突され、そのはずみで前方3台に玉突きし、車両が大破した。救急搬送されたが、死亡した。","17","その他の事業","1702","その他の事業","170209","その他の事業－その他","100~299","2","物上げ装置、運搬機械","22","動力運搬機","221","トラック","17","交通事故（道路）"
"473","2018","平成","30","7","14~15","事業場の屋外に設置されたチラー設備(冷却水循環装置)の異常確認を行っていたところ、仰向けの姿勢で倒れているのを同僚の労働者に発見された。被災者は病院に搬送後、死亡が確認された。なお、災害発生時にはチラー設備の配電盤の覆いが外され、導線がショートしている状態が認められた。","8","商業","804","その他の商業","80409","その他の商業－その他","10~29","3","その他の装置等","39","その他の装置、設備","391","その他の装置、設備","13","感電"
"474","2018","平成","30","7","14~15","木造住宅の解体現場で被災者は木くず等をトラック荷台に積み込む作業を行っていた。休憩していたところ気分が悪くなり、そのまま木陰で休憩していたが、体調が回復しないため仕事を切り上げ同僚が運転するトラックに乗って帰社する途中で嘔吐、痙攣したため、救急車で病院へ搬送したが、後日搬送先の病院で死亡したもの。","3","建設業","302","建築工事業","30202","木造家屋建築工事業","10~29","7","環境等","71","環境等","715","高温・低温環境","11","高温・低温の物との接触"
"475","2018","平成","30","7","12~13","被災者がフォークリフトを運転して、トラック荷台からロールボックスパレットを下ろそうとした際、隣に置かれていた別のロールボックスパレットが当該ロールボックスパレットに引っかかっていたためトラックの荷台から落ちそうになり、被災者がフォークリフトから降りてロールボックスパレットをトラック内へ押し戻そうとしたがかなわず、ロールボックスパレット上部の角が側頭部に当たった。","4","運輸交通業","403","道路貨物運送業","40301","一般貨物自動車運送業","10~29","2","物上げ装置、運搬機械","22","動力運搬機","222","フォークリフト","5","崩壊、倒壊"
"476","2018","平成","30","7","8~9","側壁のコンクリート打設作業のため、生コンが0.3立方メートル入っているコンクリートホッパーをドラグ・ショベルで吊り、対岸側の打設位置に移動させたとき、ドラグ・ショベルの前方の路肩が崩れ、ドラグ・ショベルが右側に転倒。えん堤に係る足場上でドラグ・ショベルを誘導していた被災者が、倒れたドラグ・ショベルのバケットとえん堤の間にはさまれた。","3","建設業","301","土木工事業","30106","道路建設工事業","1~9","1","動力機械","14","建設機械等","142","掘削用機械","6","激突され"
"477","2018","平成","30","7","8~9","送電線の架線作業において、ケブラーロープ(以下、「ロープ」という。)回収のため、鉄塔の帰線腕金(高さ約51メートル)に固定した金車(約2キログラム)を介して鉄塔下のウインチで巻取り中、金車が破断した。破断した金車はロープを伝ってウインチ方向に滑落し、ウインチ周辺でロープの整理を行っていた被災者の頭部に直撃したもの。意識不明の状態が続いていたが7月14日の深夜に死亡した。","3","建設業","303","その他の建設業","30301","電気通信工事業","10~29","2","物上げ装置、運搬機械","21","動力クレーン等","219","その他の動力クレーン等","4","飛来、落下"
"478","2018","平成","30","7","18~19","被災者は、有料老人ホームの建物外部南西にあるグリーストラップ(幅1000ミリメートル×奥行き550ミリメートル×深さ約1400ミリメートル)の清掃を行っていたところ、何らかの原因で、グリーストラップ内に溜まっていた深さ約400ミリメートルの汚水に頭から転落し、溺死したもの。","8","商業","802","小売業","80209","その他の小売業","1~9","4","仮設物、建築物、構築物等","41","仮設物、建築物、構築物等","418","建築物、構築物","10","おぼれ"
"479","2018","平成","30","7","14~15","現道路工事現場において、コンクリート型枠材として使用する木杭を作るため、労働者1名が携帯丸のこで角材(縦3センチメートル×横6センチメートル×長さ51センチメートル)の一端を切り尖らせていた時、誤って自らの右大腿部を切創した。","3","建設業","301","土木工事業","30106","道路建設工事業","30~49","1","動力機械","13","木材加工用機械","131","丸のこ盤","8","切れ、こすれ"
"480","2018","平成","30","7","10~11","カレーをかき混ぜるための撹拌ヘラの柄(木製)が折れたため、被災者はこれを修理しようと、当該ヘラのヘラ部(金属製)から柄を手で引っぱって抜こうとしたが、抜けなかった。そこで、詰まっている柄をバーナーで加熱して炙ってから引き抜こうと当該ヘラ部をガス台の五徳の上に載せた。その数分後、ボン、という破裂音と共にヘラ部のヘラ側が被災者の頭部に向けて飛来し、頭部から顔面部にかけての部位に激突したものである。","14","接客娯楽業","1402","飲食店","140201","一般飲食店","10~29","3","その他の装置等","36","人力機械工具等","364","手工具","4","飛来、落下"
"481","2018","平成","30","7","4~5","工場内で夜勤の作業員約60名が自動車部品製造中、工場西側の裏山が崩れて工場内に土砂や倒木が流れ込み、この裏山に近い場所でプレス作業に従事していた6名がプレス機械と一緒に押し流され、2名が死亡、4名が骨折等の負傷。","1","製造業","115","輸送用機械等製造業","11502","自動車・同付属品製造業","300~499","7","環境等","71","環境等","711","地山、岩石","5","崩壊、倒壊"
"482","2018","平成","30","7","4~5","工場内で夜勤の作業員約60名が自動車部品製造中、工場西側の裏山が崩れて工場内に土砂や倒木が流れ込み、この裏山に近い場所でプレス作業に従事していた6名がプレス機械と一緒に押し流され、2名が死亡、4名が骨折等の負傷。","1","製造業","115","輸送用機械等製造業","11502","自動車・同付属品製造業","300~499","7","環境等","71","環境等","711","地山、岩石","5","崩壊、倒壊"
"483","2018","平成","30","7","22~23","豪雨で川が増水したため、国道の通行止めを行うことになり、警備員22名を配置した。うち、10名及び行き場を失っていた4名の一般人は、国道上まで増水した濁流にのまれ、警備員2名が流され、残り12名は河川脇の竹林につかまり命は助かった。警備員2名は遺体で発見。","17","その他の事業","1702","その他の事業","170201","警備業","100~299","7","環境等","71","環境等","713","水","10","おぼれ"
"484","2018","平成","30","7","22~23","豪雨で川が増水したため、国道の通行止めを行うことになり、警備員22名を配置した。うち、10名及び行き場を失っていた4名の一般人は、国道上まで増水した濁流にのまれ、警備員2名が流され、残り12名は河川脇の竹林につかまり命は助かった。警備員2名は遺体で発見。","17","その他の事業","1702","その他の事業","170201","警備業","100~299","7","環境等","71","環境等","713","水","10","おぼれ"
"485","2018","平成","30","7","20~21","被災者は、タクシーの運転手であり、夕方、乗客1人を乗せて、その後、豪雨で行方が分からなくなった。後日、遺体として発見された。","4","運輸交通業","402","道路旅客運送業","40201","ハイヤー・タクシー業","30~49","9","その他","99","分類不能","999","分類不能","99","分類不能"
"486","2018","平成","30","7","20~21","業務が終了し、取締役事業長の指示により、被災者は自動車で同僚を自宅に送る際、豪雨災害による土砂崩れに同僚とも巻き込まれ、被災し死亡したもの。","1","製造業","115","輸送用機械等製造業","11502","自動車・同付属品製造業","10~29","7","環境等","71","環境等","711","地山、岩石","5","崩壊、倒壊"
"487","2018","平成","30","7","12~13","被災者は第二培養室の天井付近に設置されるクーラーの修理作業のため、他の労働者2名とともに培養棚上に設置された足場板上で作業を行い、同日午後、作業を終えて地上に戻ろうとしたところ、高さ約10.9メートルの位置から地上まで転落し、全身を強打するなどにより被災して、骨盤、肋骨骨折、多臓器損傷により、死亡したもの。","3","建設業","303","その他の建設業","30309","その他の建設業－その他","50~99","4","仮設物、建築物、構築物等","41","仮設物、建築物、構築物等","414","開口部","1","墜落、転落"
"488","2018","平成","30","7","10~11","コンクリートガラを破砕し、再生砕石を製造するプラントにおいて、ベルトコンベア脇の椅子に座り、コンベア上を流れる砕石から鉄筋等を取り除く作業を行っていた被災者が、突然持ち場を離れ、ベルトの折り返しローラーのあるピットへ降りて行った。その直後、コンベアが停止したため同僚が様子を見に行くと、ローラーおよびベルトの下敷きとなっている被災者を発見した。","1","製造業","109","窯業土石製品製造業","10909","その他の土石製品製造業","10~29","2","物上げ装置、運搬機械","22","動力運搬機","224","コンベア","7","はさまれ、巻き込まれ"
"489","2018","平成","30","7","0~1","配送員2名が災害発生現場に停車していた他者が所有する4tトラックの荷台の中で、当該事業場のトラック運転手が仰向でユニットバスのパネル等に押し倒される形で挟まれているのを発見した。緊急搬送されたものの、担当医より「急性心不全」により死亡が確認されたもの。","4","運輸交通業","403","道路貨物運送業","40301","一般貨物自動車運送業","1~9","6","荷","61","荷","611","荷姿の物","7","はさまれ、巻き込まれ"
"490","2018","平成","30","7","8~9","大雨のため、造成工事現場の点検を6人で行っていたところ、竪坑(沈砂池)で浮遊しているバイオログフィルター(沈砂池のフィルター材)を発見し、取り除こうと、ロープにて引上げ作業中、被災者Bが水の勢いで竪坑内に落ちかけ、救助のため被災者AとCの2名が竪坑に近寄った際に水の勢いで3名とも竪坑内(高さ約4m)に落下し、排水管(本管)内を流されたもの。被災者Aは約600m下流で救出されたが死亡した。","3","建設業","301","土木工事業","30109","土地整理土木工事業","50~99","7","環境等","71","環境等","713","水","1","墜落、転落"
"491","2018","平成","30","7","21~22","集成材の製造工程で、接着剤を塗布された板材を重ね、加圧しながら接着させる機械(以下「プレス機」という)の操作を行っていた同僚が異音に気づき、原因を調査したところ、プレス機に送材される木材が一部しか送材されておらず、重なりかたが乱れている状況を認めた。そのため、木材をプレス機外に排出し、その事後処理を行うため、他の労働者を探したところ、プレス機内で倒れていた被災者を発見したものである。","1","製造業","104","木材・木製品製造業","10402","合板製造業","100~299","1","動力機械","13","木材加工用機械","139","その他の木材加工用機械","7","はさまれ、巻き込まれ"
"492","2018","平成","30","7","10~11","事業場に通じる市道において、道路脇に生えていた樹木の枝が、高さ約4メートルの位置で道路上に突き出ていたため、高さ約3.4メートルの三脚脚立に乗り、手持ち折りたたみ式のこぎりで枝を切っていたところ、三脚脚立から墜落し、頭部を強打して死亡した。被災者は保護帽未着用、安全帯不使用であった。","1","製造業","114","電気機械器具製造業","11403","電子機器用・通信機器用部品製造業","100~299","3","その他の装置等","37","用具","371","はしご等","1","墜落、転落"
"493","2018","平成","30","7","16~17","マンション外壁改修工事(15階建て)において、足場組立て作業中にウインチを用いて足場部材(1200鳥居枠)の荷揚げ作業をしていたところ、13階部分で足場材を取り込む際、スリングベルトがフックから外れ部材が落下し、地上で作業をしていた被災者に当たり被災したもの。","3","建設業","302","建築工事業","30209","その他の建築工事業","1~9","3","その他の装置等","37","用具","372","玉掛用具","4","飛来、落下"
"494","2018","平成","30","7","14~15","トラックに搭載されたグラップル(法令上は移動式クレーン)を用いて、別のトラックの荷台に原木(杉丸太)を積み込み、荷締めワイヤロープを掛ける作業時に積み込まれた原木(長さ約4.8メートル、直径約24センチメートル、重さ210キログラム)が落下してトラック横にいた被災者に当たった。","6","農林業","602","林業","60201","木材伐出業","50~99","5","物質、材料","52","材料","522","木材、竹材","4","飛来、落下"
"495","2018","平成","30","7","12~13","RC造10階建てマンション屋上にて、防水工事の確認作業中、屋上から外部足場へ乗り移り、足場づたいに10階共用廊下に下りたところ、バランスを崩したのか、10階エレベーターシャフト開口部から2階の養生棚まで墜落したもの。","3","建設業","302","建築工事業","30201","鉄骨・鉄筋コンクリート造家屋建築工事業","1~9","4","仮設物、建築物、構築物等","41","仮設物、建築物、構築物等","414","開口部","1","墜落、転落"
"496","2018","平成","30","7","12~13","造船所内において、船体ブロックの溶接作業を行っていた被災者が近接する橋形ホイストクレーンの脚部のところで、ひかれているのが発見され、病院に搬送するも、死亡が確認された。","1","製造業","115","輸送用機械等製造業","11501","造船業","10~29","2","物上げ装置、運搬機械","21","動力クレーン等","211","クレーン","7","はさまれ、巻き込まれ"
"497","2018","平成","30","7","10~11","被災者は、荷台が上がらなくなった8.3トン深ダンプの修理のため、堆肥を積んだまま、荷台を上下に稼働させる油圧装置に給油する作業をしていたところ、突然荷台が上がり、傾れ落ちた堆肥に埋もれ、窒息死したもの。被災者発見当時、運転席内の荷台の操作レバーは荷台を上げる状態にされていた。荷台の後アオリは2個のピンロックが掛けられていたにもかかわらず開いており、堆肥はその隙間から傾れ落ちていた。","1","製造業","117","その他の製造業","11701","自動車整備業","10~29","2","物上げ装置、運搬機械","22","動力運搬機","221","トラック","5","崩壊、倒壊"
"498","2018","平成","30","7","8~9","ホテル内の階段の掃除作業中、2階階段から1階まで墜落し死亡した。","14","接客娯楽業","1401","旅館業","140101","旅館業","10~29","4","仮設物、建築物、構築物等","41","仮設物、建築物、構築物等","413","階段、桟橋","1","墜落、転落"
"499","2018","平成","30","7","16~17","熱中症。草刈りの補助業務(収集運搬積み込み、フェンスに絡みついた蔦などを手作業で除去)を行っていた。夕刻、立ち尽くしたまま動かないため他の作業員が声をかけたところ、卒倒した。ただちに大学病院へ搬送するも後日死亡したもの。","6","農林業","601","農業","60101","農業","10~29","7","環境等","71","環境等","715","高温・低温環境","11","高温・低温の物との接触"
"500","2018","平成","30","7","12~13","反応釜内で3種類の化学物質を加えている際に、爆発が発生し、作業の指示をしていた労働者1名が死亡し、同じ作業又は付近で作業をしていた労働者も負傷したほか、隣接する工場の労働者も負傷したもの。","1","製造業","108","化学工業","10803","医薬品製造業","10~29","9","その他","99","分類不能","999","分類不能","14","爆発"
"501","2018","平成","30","7","18~19","被災者は当該事業場の工務部に所属しており、災害発生日は工場の屋根裏にて集塵機ダクト延長工事の事前準備作業を被災者一人で行っていた。被災者は作業中又は移動中に歩み板を踏み外し、更に踏み外した先の天井化粧ボードを踏み抜き約5.5m下の1階に墜落したもの。","1","製造業","107","印刷・製本業","10701","印刷業","50~99","4","仮設物、建築物、構築物等","41","仮設物、建築物、構築物等","416","作業床、歩み板","1","墜落、転落"
"502","2018","平成","30","7","10~11","被災者が取引先の事務所(3階)で打ち合わせ後に事務所を退室した。その直後、ドスンという大きな音がしたので事務所から出てみると、2階から1階の途中で被災者が倒れており、搬送先で死亡が確認された。","4","運輸交通業","403","道路貨物運送業","40301","一般貨物自動車運送業","1~9","9","その他","99","分類不能","999","分類不能","99","分類不能"
"503","2018","平成","30","6","12~13","プレカット材をトラックから、建設現場内の作業員へ手渡しにより搬入作業を行っていたところ、昼の休憩中に具合が悪くなり、熱中症となり後日死亡したもの。(観測所気象データ30.7°C及び32.6°C)","3","建設業","302","建築工事業","30202","木造家屋建築工事業","10~29","7","環境等","71","環境等","715","高温・低温環境","11","高温・低温の物との接触"
"504","2018","平成","30","6","10~11","パラグライダースクールにて、被災者と利用客が、2人乗りパラグライダーでフライト中、キャノピー(布製の翼部)が窄まり、約30m上空から地面に墜落した。","14","接客娯楽業","1403","その他の接客娯楽業","140309","その他の接客娯楽業－その他","1~9","9","その他","99","分類不能","999","分類不能","1","墜落、転落"
"505","2018","平成","30","6","22~23","鉄骨部材(躯体梁となるH形鋼)を搬入したトラック荷台よりフォークリフトで降ろす作業中、鉄骨部材が荷台から落下し、この付近にいた被災者が当該鉄骨部材(約680キログラム)の下敷きとなり、死亡したもの。当時、鉄骨部材は全22本搬入されており、うち21本は降ろし終え、残された1本が落下したしたものであった。","3","建設業","302","建築工事業","30209","その他の建築工事業","1~9","2","物上げ装置、運搬機械","22","動力運搬機","222","フォークリフト","4","飛来、落下"
"506","2018","平成","30","6","14~15","スキー場デリジャンス管理用重機道修繕工事において、被災者がブルドーザーを運転し、スキー場下山コースを下山しようとしたところ、コースを逸脱し、コース外へブルドーザーと共に約50メートル転落し、心肺停止の状態で発見されたもの。","3","建設業","301","土木工事業","30199","その他の土木工事業","50~99","1","動力機械","14","建設機械等","141","整地・運搬・積込み用機械","1","墜落、転落"
"507","2018","平成","30","6","6~7","被災者が高さ1.12メートルの手すりが設置されている高さ1.9メートルの作業床面において、手すりから身を乗り出して点検口をのぞき込み点検作業を行っていたところ、何らかの原因により墜落したものと推定される。被災者は保護帽を着用していた。","1","製造業","109","窯業土石製品製造業","10909","その他の土石製品製造業","50~99","4","仮設物、建築物、構築物等","41","仮設物、建築物、構築物等","418","建築物、構築物","1","墜落、転落"
"508","2018","平成","30","6","16~17","道路脇に裏面崩落の復旧工事において、落石防護壁としてH鋼に固定されていた敷鉄板(約900キログラム)が倒れ、被災者が下敷きになり死亡したもの。現場では、H鋼を立てるため、ロータリーと呼ばれる機械で路面の穿孔作業中で、被災者は穿孔穴付近で砂かきの作業をしていた。","3","建設業","301","土木工事業","30106","道路建設工事業","30~49","4","仮設物、建築物、構築物等","41","仮設物、建築物、構築物等","419","その他の仮設物、建築物、構築物等","5","崩壊、倒壊"
"509","2018","平成","30","6","14~15","自社の車両を整備工場から引き取るため、代車(軽自動車)を運転し国道を走行中、センターラインをオーバーし、対向してきたダンプカーと正面衝突し死亡した。","4","運輸交通業","403","道路貨物運送業","40301","一般貨物自動車運送業","30~49","2","物上げ装置、運搬機械","23","乗物","231","乗用車、バス、バイク","17","交通事故（道路）"
"510","2018","平成","30","6","14~15","被災者は、事業場が使用している駐車場(輸出車の保管スペース)に、輸出リストに載っている車種を確認するように指示され、事業場所有のワゴン車で海岸沿いを運転していたが、なんらかの理由で、岸壁にある鉄製の停留柱に激突し、そのまま海中に沈み、約40分後にレスキュー隊に引き上げられたが溺死していた。","5","貨物取扱業","502","港湾運送業","50209","その他の港湾運送業","10~29","2","物上げ装置、運搬機械","23","乗物","231","乗用車、バス、バイク","1","墜落、転落"
"511","2018","平成","30","6","8~9","花火工場で何らかの原因により爆発及び火災が発生し、コンクリート製平屋建ての隣接する建屋3棟が全焼し、中央の建屋近くの屋外で被災者1が発見され、被災者は後日全身熱傷により死亡し、北東側の建屋から爆発による爆風、火災により焼死した被災者2が発見されたもの。中央の建屋のみコンクリート壁が吹き飛んでおり、この建屋内で爆発が発生したものと思われる。","1","製造業","108","化学工業","10899","その他の化学工業","10~29","5","物質、材料","51","危険物、有害物等","511","爆発性の物等","14","爆発"
"512","2018","平成","30","6","8~9","花火工場で何らかの原因により爆発及び火災が発生し、コンクリート製平屋建ての隣接する建屋3棟が全焼し、中央の建屋近くの屋外で被災者1が発見され、被災者は後日全身熱傷により死亡し、北東側の建屋から爆発による爆風、火災により焼死した被災者2が発見されたもの。中央の建屋のみコンクリート壁が吹き飛んでおり、この建屋内で爆発が発生したものと思われる。","1","製造業","108","化学工業","10899","その他の化学工業","10~29","5","物質、材料","51","危険物、有害物等","511","爆発性の物等","14","爆発"
"513","2018","平成","30","6","16~17","加工室内ラインのトンネルフリーザー(蒸した蒲鉾を冷却する装置)傍の通路上にて、頭部から出血し倒れている被災者が発見されたもの(倒れた際の現認者なし。)。救急搬送され療養していたが、後日死亡した。","1","製造業","101","食料品製造業","10102","水産食料品製造業","300~499","3","その他の装置等","39","その他の装置、設備","391","その他の装置、設備","1","墜落、転落"
"514","2018","平成","30","6","16~17","井戸水を電動ポンプで吸い上げて圧力タンクに貯水し、タンクの内部圧力で営業所内のトイレ等に供給する方式の自家用水道施設(屋外設置型)において、前日に発生した断水状況を営業所長が点検していたところ、圧力タンクが突然破裂し約10m弾き飛ばされて意識不明となり搬送先病院で死亡が確認された。圧力タンクは元の場所から約16m離れた地点に飛んでおりタンクの内部は著しく腐食していた。","8","商業","801","卸売業","80109","その他の卸売業","1~9","3","その他の装置等","31","圧力容器","319","その他の圧力容器","15","破裂"
"515","2018","平成","30","6","14~15","小学校の耐震工事現場において、交通誘導をしていた労働者が、現場近くの交番に押し入り拳銃を奪った加害者に銃撃され被災したもの。","17","その他の事業","1702","その他の事業","170201","警備業","50~99","9","その他","91","その他の起因物","911","その他の起因物","90","その他"
"516","2018","平成","30","6","12~13","警備を行っている店舗内において、「脳幹出血」を発症させ死亡したもの。","17","その他の事業","1702","その他の事業","170201","警備業","50~99","9","その他","92","起因物なし","921","起因物なし","90","その他"
"517","2018","平成","30","6","0~1","バイクで朝刊配達をしていたところ、交差点を右折した時に、直進してきた対向車と衝突したもの。","8","商業","802","小売業","80205","新聞販売業","10~29","2","物上げ装置、運搬機械","23","乗物","231","乗用車、バス、バイク","17","交通事故（道路）"
"518","2018","平成","30","6","14~15","戸建て住宅新築工事において、基礎土台組、床板貼作業をしていた被災者が気分が悪くなり動けなくなったため、病院に搬送したが治療中に死亡した。","3","建設業","302","建築工事業","30202","木造家屋建築工事業","1~9","7","環境等","71","環境等","715","高温・低温環境","11","高温・低温の物との接触"
"519","2018","平成","30","6","14~15","木造2階建ての屋根修繕工事において、被災者を含めた3人の作業員が屋根上で作業を行っていた。休憩時間が近づいたため、被災者は他の2人より先に屋根から降りたが、その約5分後に物音がしたため確認したところ、足場の昇降用に立てかけてある梯子の下で倒れている被災者を発見した。被災者は搬送先の病院で脳挫傷により死亡したもの。ヘルメットは着用していなかった。","3","建設業","302","建築工事業","30202","木造家屋建築工事業","1~9","3","その他の装置等","37","用具","371","はしご等","1","墜落、転落"
"520","2018","平成","30","6","6~7","被災者は営業職として担当していた駅の看板その他の表示物の改修工事の現場から事業場に戻るため社用車を運転していたところ、道路で対向車線にはみ出し、対向車(移動式クレーン)と衝突して死亡した。同乗者はいなかった。","3","建設業","302","建築工事業","30209","その他の建築工事業","100~299","2","物上げ装置、運搬機械","23","乗物","231","乗用車、バス、バイク","17","交通事故（道路）"
"521","2018","平成","30","6","16~17","翌日から開始予定の商業施設新築工事における地盤改良工事において、前泊予定地であるの宿泊施設にかうため、同僚運転の4tトラックと被災者運転の3tトラックで高速道路上り線を走行中、渋滞で減速した同僚の4tトラックに追突し、さらに前方乗用車2台が絡む車両4台の玉突き事故となった。被災者が失血死し、同僚が頸椎捻挫で5日間の休業、乗用車の5名(私用)が頸椎捻挫等を負ったもの。","3","建設業","302","建築工事業","30201","鉄骨・鉄筋コンクリート造家屋建築工事業","10~29","2","物上げ装置、運搬機械","22","動力運搬機","221","トラック","17","交通事故（道路）"
"522","2018","平成","30","6","10~11","林道の新設工事において、伐採した木の搬出作業のためドラグショベルを運転していたところ、ドラグショベルの下の路肩が崩壊し、ドラグショベルごと約35メートル下にある旧国道に墜落したもの。病院に救急搬送され、死亡が確認された。","3","建設業","301","土木工事業","30106","道路建設工事業","1~9","7","環境等","71","環境等","711","地山、岩石","1","墜落、転落"
"523","2018","平成","30","6","8~9","被災者は、高さ約1.9メートルの位置にある機械の縁に立ち、コンベアに詰まった木くずを取り除く作業を終えた後に、機械の縁から降りようとしたところ、床面に墜落した。被災者は、ただちに病院に運ばれたものの、後日死亡した。","1","製造業","104","木材・木製品製造業","10409","その他の木材・木製品製造業","10~29","1","動力機械","13","木材加工用機械","139","その他の木材加工用機械","1","墜落、転落"
"524","2018","平成","30","6","8~9","橋補修工事において、吊り足場設置作業を行うに当たり、吊りカーンに吊りチェーンを取付ける作業のため、2点掛けの安全帯を使用し、単管に渡した足場板上を移動中、2点掛けのうち一つのフックを掛け替えようとしたところ、もう一つのフックを掛けていた吊りカーンが抜け、約16.5メートルの高さから作業員が墜落したもの。","3","建設業","301","土木工事業","30105","橋梁建設工事業","1~9","4","仮設物、建築物、構築物等","41","仮設物、建築物、構築物等","411","足場","1","墜落、転落"
"525","2018","平成","30","6","8~9","25t型消波ブロック撤去のため、潜水士である被災者がフーカー潜水にて水面下8mに潜り、玉掛けを行っていた。3個目の消波ブロック撤去のため、水中で待機していたところ、通信機を介して被災者が「うっ」という声を発して息づかいが荒くなったことに気付いた連絡員及び送気員が送気ホースを引っ張り被災者を作業船に引っ張り上げたところ、意識不明だったため直ちに陸上に搬送後、救急搬送されたが病院にて死亡確認された。","3","建設業","301","土木工事業","30111","港湾海岸工事業","1~9","7","環境等","71","環境等","713","水","99","分類不能"
"526","2018","平成","30","6","6~7","被災者全員(5名)は資材置き場に集合し、事業場所有の2トントラックに乗り合せ、川上の建設工事現場へ出発した自動車道上り車線の121.6キロポスト付近において、片側2車線の左車線を通行中、雨によりできた路上の水溜まりに入ったところ、ハンドル操作ができなくなり、上り車線右端の中央分離帯のガードレールに衝突し、横転等し、上り車線左端で停止した。","3","建設業","301","土木工事業","30105","橋梁建設工事業","10~29","2","物上げ装置、運搬機械","22","動力運搬機","221","トラック","17","交通事故（道路）"
"527","2018","平成","30","6","0~1","被災者は国道で中型トラックを運転していた。交差点で信号待ちをしていた大型トラックに被災者が運転する中型トラックが衝突し死亡した。","4","運輸交通業","403","道路貨物運送業","40301","一般貨物自動車運送業","10~29","2","物上げ装置、運搬機械","22","動力運搬機","221","トラック","17","交通事故（道路）"
"528","2018","平成","30","6","12~13","被災者は現場内に置かれたセメントミキサーのドラムの内部に入りドラム内部のセメントの除去を行っていた。同僚の作業員(外国人技能実習生。国籍ベトナム。)がドラム内部に人がいるにもかかわらず、ポンプを作動させドラムに残留水を吸い上げようとしたところ、ポンプ作動ボタンと間違えてプラント作動ボタンを押してしまい、ドラム内部の撹拌翼が回転し、当該撹拌翼に被災者の足が巻き込まれ被災し、後日死亡したもの。","3","建設業","301","土木工事業","30199","その他の土木工事業","10~29","1","動力機械","16","一般動力機械","162","混合機、粉砕機","7","はさまれ、巻き込まれ"
"529","2018","平成","30","6","10~11","クレーン機能付ドラグ・ショベル(定格荷重2.9t、クレーンモードで使用)で、ロードマット(格子状の金属製敷板:重量約600キログラム)を吊った状態で車両通行路(上り勾配:約20度)を走行していたところ、履帯(クローラ)が滑ったため、運転手は吊荷を下し、バケットを地面に着いて滑りを止めようとしたが止められず、法面にいた被災者を巻き込み、路肩から約17m下に転落した。","3","建設業","301","土木工事業","30199","その他の土木工事業","10~29","2","物上げ装置、運搬機械","21","動力クレーン等","212","移動式クレーン","6","激突され"
"530","2018","平成","30","6","8~9","窓の清掃作業中に梯子から転落したもの(推定)。墜落制止用器具、保護帽は着用していたとのこと。","3","建設業","302","建築工事業","30209","その他の建築工事業","1~9","3","その他の装置等","37","用具","371","はしご等","1","墜落、転落"
"531","2018","平成","30","6","2~3","被災者は、高速道路下り線を大型トレーラーで走行中、中央分離帯に衝突し横転した。被災者は脳挫傷のため死亡した。","15","清掃・と畜業","1501","清掃・と畜業","150103","その他の廃棄物処理業","50~99","2","物上げ装置、運搬機械","22","動力運搬機","221","トラック","17","交通事故（道路）"
"532","2018","平成","30","6","22~23","国道の橋梁補修工事において、被災者は片側二車線の内、左車線の交通規制のため、右車線へ交通誘導を行っていたところ、左車線を走行してきた乗用車に激突された。","17","その他の事業","1702","その他の事業","170201","警備業","50~99","2","物上げ装置、運搬機械","23","乗物","231","乗用車、バス、バイク","6","激突され"
"533","2018","平成","30","6","16~17","造成工事中、スクレイパーの運転手が打ち合わせのため、運転席から降りて履帯の上に立ち、近くにいたブルドーザーの運転手と話をしていたところ、スクレーパーが動き出して履帯から前方に転落し、両大腿部を履帯に轢かれ被災した。現場は下り勾配(約10%)であった。","3","建設業","301","土木工事業","30109","土地整理土木工事業","10~29","1","動力機械","14","建設機械等","141","整地・運搬・積込み用機械","7","はさまれ、巻き込まれ"
"534","2018","平成","30","6","12~13","地震、火災等の非常事態を作業員に知らせるために、数ヶ月前に約30台の非常灯・サイレンを設置し、初期調整のため午前中に5台の設定を終了、午後から災害発生場所である製品倉庫内のクリーンルームの前室の天井(高さ3.7メートル)に設置した同機の設定のため天井を歩いたところ、天井を踏み抜き墜落したもの。","3","建設業","303","その他の建設業","30301","電気通信工事業","1~9","4","仮設物、建築物、構築物等","41","仮設物、建築物、構築物等","415","屋根、はり、もや、けた、合掌","1","墜落、転落"
"535","2018","平成","30","6","12~13","作業員2名で住宅解体工事現場で廃材をトラック(8t)に積み、帰社する途上、自動車道下り線において、走行中に助手席側後輪に絡まったレジャーシートを除去するべく、追越車線上にトラックを停車して、トラックを運転していた作業員が降車し除去を行っているところへ、後続して走行してきた軽自動車が追突し、同作業員がはねられた。トラックの助手席にいたもう1名も右腕骨折等の負傷をした。","3","建設業","302","建築工事業","30202","木造家屋建築工事業","1~9","2","物上げ装置、運搬機械","22","動力運搬機","221","トラック","17","交通事故（道路）"
"536","2018","平成","30","6","8~9","汚水配管設置のための掘削(約H:1.8m×L:5m×W:1.4m)作業終了後、土止め支保工の矢板設置のため掘削箇所に入り、スコップで整地していたところ、掘削法面が崩壊して被災者の腰まで土砂で埋もれ、病院で死亡したもの。","3","建設業","301","土木工事業","30110","上下水道工事業","10~29","7","環境等","71","環境等","711","地山、岩石","5","崩壊、倒壊"
"537","2018","平成","30","6","12~13","木造家屋建築物解体工事において、防音・防じん用仮設設備(仮囲い)の解体中、労働者Aが高さ2.7mの単管(手すり部材)の上に乗り、建地単管(長さ3.6m・重さ約13キログラム)を外していたところ、雨で足が滑った際、建地単管を手放してしまったところ、この建地単管が地上にいた被災者の方へ倒れ、被災者(保護帽着)の頭部に当たり被災した。被災時、被災者の意識が無く、翌日死亡した。","3","建設業","302","建築工事業","30202","木造家屋建築工事業","1~9","5","物質、材料","52","材料","521","金属材料","4","飛来、落下"
"538","2018","平成","30","6","10~11","個人宅へ灯油を配送する業務を行っていた被災者が、タンクローリーに轢かれて死亡したもの。災害発生直前、タンクローリーは原動機を稼動させ、サイドブレーキをかけた状態で配送先宅前の坂道に停車させてあったものの、輪留めが使用されておらず、坂道の下方へと逸走したもの。被災者はタンクローリーの後部にいたため、轢かれた。","8","商業","802","小売業","80204","燃料小売業","1~9","2","物上げ装置、運搬機械","22","動力運搬機","221","トラック","7","はさまれ、巻き込まれ"
"539","2018","平成","30","6","14~15","木造2階建てアパートの解体工事を行っていた。事業場代表及び作業員3人で作業を行っており、作業員は建物内部1階の内バラシ作業を、代表は解体用機械を使用して、アパート2階の屋外通路部分を解体していた。午後2時頃、半分残していた屋外通路が突然落下し、被災者は落下したコンクリート床(推定重量425キログラム)に右足を挟まれ、右足関節解放骨折、右大腿骨骨折、骨盤骨折を負い、後日搬送先の病院で死亡。","3","建設業","302","建築工事業","30202","木造家屋建築工事業","1~9","4","仮設物、建築物、構築物等","41","仮設物、建築物、構築物等","417","通路","4","飛来、落下"
"540","2018","平成","30","6","12~13","同僚が通路を歩いているとドサッという音がしたので振り返ってみると、階段下で倒れている被災者を発見したので、病院へ救急搬送・治療するも、急性硬膜外血腫・頭部脳挫傷により死亡した。被災者は昼休みに会社内の食堂で昼食をとった後、職場へ戻るために階段を降りていて、誤って転落したものと思われる。","1","製造業","107","印刷・製本業","10702","製本業","100~299","4","仮設物、建築物、構築物等","41","仮設物、建築物、構築物等","413","階段、桟橋","1","墜落、転落"
"541","2018","平成","30","6","10~11","被災者はタンクローリーを運転し、自動車道上り線トンネルを通過して次のトンネル連続区間手前を走行中、渋滞のため停車してたトラック1に追突、胸を強く打ち死亡した。なお追突されたトラック1はその前に停車していたトラック2に、トラック2は同じく前に停車していたトラック3に追突(玉突き)した。またトラック12の運転手も軽傷(休業の有無等不明)を負った(トラック3の運転手は無傷)。","4","運輸交通業","403","道路貨物運送業","40301","一般貨物自動車運送業","50~99","2","物上げ装置、運搬機械","22","動力運搬機","221","トラック","17","交通事故（道路）"
"542","2018","平成","30","6","10~11","解枠作業場において、チェーンスリング4本の先端のフックをインペラー4個にそれぞれ掛け、被災者がクレーンを使用して移動させようとしたところ、インペラーの一つが解枠装置格子部分に引っかかり、チェーンスリングのフックがインペラーから外れ、そのフックが被災者の左胸に当たり被災した。その後入院治療を行っていたが、急性呼吸不全で死亡したものである。","1","製造業","113","一般機械器具製造業","11301","機械（精密機械を除く）器具製造業","1~9","3","その他の装置等","37","用具","372","玉掛用具","6","激突され"
"543","2018","平成","30","6","16~17","学生共同住宅(2階建軽量鉄骨)の屋根塗替工事現場において塗装作業中、屋根の南側端部から地上に墜落した。(高さ6.05m)","3","建設業","302","建築工事業","30201","鉄骨・鉄筋コンクリート造家屋建築工事業","1~9","4","仮設物、建築物、構築物等","41","仮設物、建築物、構築物等","415","屋根、はり、もや、けた、合掌","1","墜落、転落"
"544","2018","平成","30","6","2~3","現場での作業を終了し会社に戻るため、積載型トラッククレーンに2名で乗車して国道を走行中、緩い右カーブの箇所で直進したことから、歩道の端に設置していたガードフェンスに衝突、助手席の労働者が搬送先の病院で死亡し、運転していた労働者が負傷した。","3","建設業","303","その他の建設業","30301","電気通信工事業","10~29","2","物上げ装置、運搬機械","21","動力クレーン等","212","移動式クレーン","17","交通事故（道路）"
"545","2018","平成","30","6","12~13","3階建木造家屋新築工事に伴う先行足場(くさび緊結式・一側)の組立作業において、最上段の手すり(高さ7.2m)取付けるため、その下の手すり(高さ6.3m)に足を乗せ建地に掴まり身体を保持する姿勢で取付け終えた後、当該箇所から墜落し、頭部等を打撲し死亡したもの。","3","建設業","302","建築工事業","30202","木造家屋建築工事業","1~9","4","仮設物、建築物、構築物等","41","仮設物、建築物、構築物等","411","足場","1","墜落、転落"
"546","2018","平成","30","6","10~11","艤装船の内部で、他の労働者が行う配管のアーク溶接作業中、補助作業をしていた被災者が倒れ、救急車で病院に搬送されたが当日死亡した。","1","製造業","115","輸送用機械等製造業","11501","造船業","1~9","3","その他の装置等","33","溶接装置","332","アーク溶接装置","13","感電"
"547","2018","平成","30","6","10~11","解体工事現場において、ダクトの撤去作業中に、当該ダクトが落下して、被災者の頭部に激突したもの。","3","建設業","302","建築工事業","30209","その他の建築工事業","10~29","4","仮設物、建築物、構築物等","41","仮設物、建築物、構築物等","419","その他の仮設物、建築物、構築物等","4","飛来、落下"
"548","2018","平成","30","6","8~9","被災者は、社用車(A)で客先へ向け市道を走行中、市道と市道の交わる信号機の無い交差点に差し掛かったところ、助手席側の一時停止標識のある道路から乗用車(B)が交差点に進入し、衝突、被災者の運転する車がはずみで対向車線に車線をふさぐように飛び出し、対向車線を走行してきた自動車(C)に運転席側が衝突し被災したもの。","14","接客娯楽業","1401","旅館業","140101","旅館業","50~99","2","物上げ装置、運搬機械","23","乗物","231","乗用車、バス、バイク","17","交通事故（道路）"
"549","2018","平成","30","6","10~11","5階建物の屋外階段の踊り場手すりに立ち(高さ約14m)、隣接する駐車場に設けたエアマット(厚さ2.5m)を目指して飛び降り時のアクション訓練を行っていたところ、8回目の飛び降り後からイビキをかき始め意識不明となり、後日死亡した。","10","映画・演劇業","1001","映画・演劇業","100109","その他の映画・演劇業","10~29","4","仮設物、建築物、構築物等","41","仮設物、建築物、構築物等","418","建築物、構築物","3","激突"
"550","2018","平成","30","6","10~11","ミーティング中に気分が悪くなりトイレで倒れているところを従業員に発見され、病院に搬送されたが、くも膜下出血により同日死亡した。","14","接客娯楽業","1401","旅館業","140101","旅館業","100~299","9","その他","92","起因物なし","921","起因物なし","90","その他"
"551","2018","平成","30","6","10~11","くい抜機を用いて杭を抜く作業の過程で、杭にワイヤーロープを掛ける必要があるが、その作業を被災者含む2名で行った後、杭に付着していた土が落下し、被災者の背中に直撃したことによりバランスを崩し、前日に引き抜いた杭穴に落下し、杭穴の底に溜まっていた泥水を吸引したことにより窒息したもの。","3","建設業","301","土木工事業","30199","その他の土木工事業","10~29","4","仮設物、建築物、構築物等","41","仮設物、建築物、構築物等","414","開口部","10","おぼれ"
"552","2018","平成","30","6","6~7","事業場の駐車場にて、駐車してあるトラックの隣に自家用車を駐車しようと運転席のドアを開け、身を乗り出してバックしていたところ、自家用車の右後部を当該トラックにぶつけてしまい、動揺した際にアクセルを踏み込み、当該トラックと運転していた自家乗用車に首を挟まれ死亡したもの。","4","運輸交通業","403","道路貨物運送業","40301","一般貨物自動車運送業","30~49","2","物上げ装置、運搬機械","23","乗物","231","乗用車、バス、バイク","3","激突"
"553","2018","平成","30","6","18~19","作業場兼倉庫の地上4mの庇上で作業場兼倉庫の外壁の釘打ち作業を行っていた被災者が墜落し、地面に頭を打ち付けた状態で発見された。病院に救急搬送されたものの、脳挫傷により後日死亡したもの。","3","建設業","302","建築工事業","30202","木造家屋建築工事業","1~9","4","仮設物、建築物、構築物等","41","仮設物、建築物、構築物等","418","建築物、構築物","1","墜落、転落"
"554","2018","平成","30","6","22~23","被災者は、退勤後から行方不明となっていたが、工場の敷地内にある水門の外側で浮かんでいるのを発見された。","3","建設業","303","その他の建設業","30302","機械器具設置工事業","10~29","3","その他の装置等","36","人力機械工具等","362","人力運搬機","10","おぼれ"
"555","2018","平成","30","6","12~13","郵便物の集配業務のため、軽ワゴン車を運転して郵便局を出発し県道を走行中、道路右側の電信柱に衝突し、頭部外傷により死亡した。","11","通信業","1101","通信業","110101","通信業","300~499","2","物上げ装置、運搬機械","23","乗物","231","乗用車、バス、バイク","17","交通事故（道路）"
"556","2018","平成","30","6","10~11","交差点内において雨模様の中、社用バイクにて交差点を左折した際に排水側溝のグレーチングに滑り転倒、左膝蓋骨を骨折し入院。入院休業中に肺塞栓症により死亡した。","9","金融・広告業","901","金融業","90101","銀行・信託業","10~29","2","物上げ装置、運搬機械","23","乗物","231","乗用車、バス、バイク","17","交通事故（道路）"
"557","2018","平成","30","6","2~3","所在する大学守衛室において、夜間の警備業務に従事する被災者は毎朝警備状況についての定時報告を行うことなっているにもかかわらず、当該報告がなされず、また、電話にも応答しなかったため、被災者所属事業場の労働者が当該守衛室に赴いたところ、血を流して倒れている被災者が発見されたもの。死因は「急性硬膜下血腫」。","17","その他の事業","1702","その他の事業","170201","警備業","50~99","3","その他の装置等","37","用具","371","はしご等","1","墜落、転落"
"558","2018","平成","30","6","8~9","被災者は、事業場敷地内、整備工場において、不整地運搬車(最大積載荷重3.8トン)の整備を行っていた。不整地運搬車の荷台を上昇させ、荷台下から運転席のアワーメーターの修理作業をしていたところ荷台が下降し、荷台と車体にはさまれたもの。不整地運搬車の整備は、被災者のみで行っており、目撃者はおらず、荷台と車体にはさまれた状態で同僚に発見された。","1","製造業","117","その他の製造業","11702","機械修理業","10~29","2","物上げ装置、運搬機械","22","動力運搬機","227","不整地運搬車","7","はさまれ、巻き込まれ"
"559","2018","平成","30","6","2~3","労働者が、レール上に設置したトロリー台車上に組立てられた足場の作業床から、安全ブロック及びハーネス型安全帯使用の上、当該足場外部に設けられたステップを伝って降りようとした際、当該労働者が足を滑らせたところ足場自体が転倒し、当該足場の下敷きとなった。なお、災害発生時、下請事業場の代表者が当該足場上に乗っており、足場倒壊と同時に墜落した(打撲のみ、治療なし)。","3","建設業","301","土木工事業","30105","橋梁建設工事業","50~99","4","仮設物、建築物、構築物等","41","仮設物、建築物、構築物等","411","足場","5","崩壊、倒壊"
"560","2018","平成","30","6","12~13","被災者は、刈払機を使用し、水力発電所へ水を供給する設備(導水路)の護岸に生えた草を刈る作業に従事していた。傾斜42度の護岸上部の縁にある幅0.7メートルの平らな箇所と幅0.1メートルの傾斜の緩い箇所を足場として被災者が草刈作業をしていた際、被災者は足を滑らせ導水路に転落した。転落時、被災者は自ら遊泳し、約100メートル下流で救出されたときには意識がなく、病院に搬送されたものの死亡した。","3","建設業","303","その他の建設業","30309","その他の建設業－その他","10~29","4","仮設物、建築物、構築物等","41","仮設物、建築物、構築物等","418","建築物、構築物","10","おぼれ"
"561","2018","平成","30","6","16~17","工場内でクレーン(つり上げ荷重4.8t)を使用しコンクリートブロック(高さ約2m、幅約1.3m、重さ約1.6t)を反転(立てた状態のものを横にするもの)する作業を被災者が単独で行っていたところ、当該コンクリートブロックが転倒して被災者が下敷きになり死亡したもの。","1","製造業","109","窯業土石製品製造業","10901","セメント・同製品製造業","10~29","2","物上げ装置、運搬機械","21","動力クレーン等","211","クレーン","6","激突され"
"562","2018","平成","30","6","6~7","被災者は、デイサービスの利用客を各自宅へ社用車で迎えに行くため、近隣のビルの地下1階の駐車場の社用車をとりに徒歩で向かっていたところ、傾斜角10度のスロープ(コンクリート面)において転倒し、2月後に死亡したもの。死亡診断書によると直接死因は、「両側前頭葉脳挫傷」である。","13","保健・衛生業","1302","社会福祉施設","130201","社会福祉施設","10~29","4","仮設物、建築物、構築物等","41","仮設物、建築物、構築物等","419","その他の仮設物、建築物、構築物等","2","転倒"
"563","2018","平成","30","6","2~3","被災者が大型トラック(14t)を運転し、国道を走行中、対向してきた大型トラック(13t)がセンターラインを越えて飛び出したため、被災者の運転するトラックと正面衝突して胸などを強打し、搬送先の病院で死亡が確認されたもの。","4","運輸交通業","403","道路貨物運送業","40301","一般貨物自動車運送業","10~29","2","物上げ装置、運搬機械","22","動力運搬機","221","トラック","17","交通事故（道路）"
"564","2018","平成","30","6","2~3","製紙工場において、原料の調整作業を行っていたところ、原料を調整する深さ約4.6mのピット(マシンチェスト)に異物が混入していた。異物除去の作業にとりかかり、ピットに入ったAが梯子の途中で転落した。Aの救助に向かったBも梯子の途中で転落し、次に救助に向かったCも転落した。消防隊員がピットより救出したが、3名とも死亡が確認された。","1","製造業","106","パルプ・紙・紙加工品製造業","10601","パルプ・紙製造業","50~99","5","物質、材料","51","危険物、有害物等","514","有害物","12","有害物等との接触"
"565","2018","平成","30","6","2~3","製紙工場において、原料の調整作業を行っていたところ、原料を調整する深さ約4.6mのピット(マシンチェスト)に異物が混入していた。異物除去の作業にとりかかり、ピットに入ったAが梯子の途中で転落した。Aの救助に向かったBも梯子の途中で転落し、次に救助に向かったCも転落した。消防隊員がピットより救出したが、3名とも死亡が確認された。","1","製造業","106","パルプ・紙・紙加工品製造業","10601","パルプ・紙製造業","50~99","5","物質、材料","51","危険物、有害物等","514","有害物","12","有害物等との接触"
"566","2018","平成","30","6","2~3","製紙工場において、原料の調整作業を行っていたところ、原料を調整する深さ約4.6mのピット(マシンチェスト)に異物が混入していた。異物除去の作業にとりかかり、ピットに入ったAが梯子の途中で転落した。Aの救助に向かったBも梯子の途中で転落し、次に救助に向かったCも転落した。消防隊員がピットより救出したが、3名とも死亡が確認された。","1","製造業","106","パルプ・紙・紙加工品製造業","10601","パルプ・紙製造業","50~99","5","物質、材料","51","危険物、有害物等","514","有害物","12","有害物等との接触"
"567","2018","平成","30","6","10~11","体育館南壁面の一部を覆っていた枯れたツタをはがすために、壁に全長4.15mのはしごを立て掛け、ツタを切る作業をしていたところ、はしごから約3m下の地上に墜落したもの。","12","教育・研究業","1201","教育・研究業","120109","その他の教育研究業","50~99","3","その他の装置等","37","用具","371","はしご等","1","墜落、転落"
"568","2018","平成","30","6","10~11","伐倒木をフォワーダに積んで土場に向かって作業道を走行中、勾配約12°の作業道を後進している時に誤って作業道から6m転落し、運転席から投げ出されフォワーダの下敷きとなった。","6","農林業","602","林業","60201","木材伐出業","10~29","1","動力機械","17","車両系木材伐出機械等","172","走行集材機械","1","墜落、転落"
"569","2018","平成","30","6","0~1","製造作業終了後、被災者はフォークリフトを用いて廃材を入れたスクラップ缶を屋外の所定の置き場に運んだ後、置き場より北側の幅6.2mの構内道路で、フォークリフトを旋回させている時、右後輪が側溝(幅20センチメートル、深さ19センチメートル)に脱輪し、フォークリフトが転倒。その際、ヘッドガードのフレーム部分の下敷きとなったもの。なお、被災者は別会社からの出向者。","1","製造業","115","輸送用機械等製造業","11502","自動車・同付属品製造業","100~299","2","物上げ装置、運搬機械","22","動力運搬機","222","フォークリフト","2","転倒"
"570","2018","平成","30","6","8~9","4tトラックのウイング式荷台の屋根上の補修作業を終えた後、脚立を伸ばしてトラックの荷台に立て掛けたはしごへと荷台の屋根上から移動して降りる際に、はしごが倒れたため地上に墜落して背中および頭部を強打し、後日死亡したもの。","8","商業","802","小売業","80202","自動車小売業","1~9","3","その他の装置等","37","用具","371","はしご等","1","墜落、転落"
"571","2018","平成","30","6","8~9","被災者は、現場の施工管理のため、床堀作業の写真撮影を行っていたところ、鶏舎基礎コンクリートに設けられていたコンベヤー設置用のピット開口部に足を踏み外して約1.7メートル下のコンクリート床に墜落し、病院に搬送されたものの、その後脳内出血等により亡くなったもの。","3","建設業","302","建築工事業","30201","鉄骨・鉄筋コンクリート造家屋建築工事業","1~9","4","仮設物、建築物、構築物等","41","仮設物、建築物、構築物等","414","開口部","1","墜落、転落"
"572","2018","平成","30","6","8~9","敷地内において、木製の柱(高さ約3メートル)に、アンカーボルト(上下2か所)及び、結束バンドで固定していた、鯉のぼり用金属製ポール(高さ12メートル、直径5センチメートル)を撤去しようとしていたところ、上部のアンカーボルトを支点にポールの先端が北西方向に倒れ、ポールの根本付近(南東方向)に、被災者が仰向けに倒れていた。","1","製造業","117","その他の製造業","11709","その他の製造業－その他","1~9","5","物質、材料","52","材料","521","金属材料","6","激突され"
"573","2018","平成","30","6","14~15","被災者は、ストラドルキャリヤーを運転し、コンテナ(塩酸200リットル入り樹脂製ドラム缶を80本積載)を後進にて輸送中に、カーブした際にバランスを崩し、車体ごと転倒した。その衝撃により心臓破裂により死亡したもの。","5","貨物取扱業","502","港湾運送業","50202","港湾荷役業","50~99","2","物上げ装置、運搬機械","22","動力運搬機","226","ストラドルキャリヤー","2","転倒"
"574","2018","平成","30","6","14~15","被災者は営業職であり、外回り中に自宅に立ち寄り昼食を取った後、同日午後に嘔吐し倒れているところを家族が発見し、その後、救急車で病院に搬送されたが用実に急性心筋梗塞により死亡した。被災者の発病前6か月平均の時間外労働時間は80時間以上であった。","14","接客娯楽業","1403","その他の接客娯楽業","140309","その他の接客娯楽業－その他","100~299","9","その他","92","起因物なし","921","起因物なし","90","その他"
"575","2018","平成","30","5","14~15","被災者は出張先である被災地において、舞台装置の点検のためにはしご道を移動している所、およそ13メートル下の床面に墜落し、死亡したもの。","17","その他の事業","1702","その他の事業","170209","その他の事業－その他","10~29","4","仮設物、建築物、構築物等","41","仮設物、建築物、構築物等","413","階段、桟橋","1","墜落、転落"
"576","2018","平成","30","5","14~15","物流センターの工事現場において、鉄骨建て方のため3Fの床に長さ約6.7メートルの鉄骨柱4本の根元の仮止めを行った。2本の柱に鉄骨梁を渡して柱と梁の仮止めを終えたところ、門型になった鉄骨が仮止めした柱の根元から倒れた。この時、仮止めのために柱の上部にいた作業者2人が投げ出され、一人が約20メートル下の地上に墜落、もう一人が墜落防止ネット上に墜落した。地上に墜落した作業者が頭部を強打し死亡したもの。","3","建設業","302","建築工事業","30201","鉄骨・鉄筋コンクリート造家屋建築工事業","1~9","4","仮設物、建築物、構築物等","41","仮設物、建築物、構築物等","418","建築物、構築物","1","墜落、転落"
"577","2018","平成","30","5","12~13","プラントで製造された生コンを被災者が運転するミキサー車で運搬していたところ、橋の欄干を突き破って川に転落し、死亡したもの。被災者はマンション新築現場へ向かう途中であり、当日4回目の運搬中での事故であった。","4","運輸交通業","403","道路貨物運送業","40301","一般貨物自動車運送業","10~29","2","物上げ装置、運搬機械","22","動力運搬機","221","トラック","17","交通事故（道路）"
"578","2018","平成","30","5","10~11","堤防斜面(勾配20~30°)の除草作業において、乗用集草機(重量1.5t、立位運転)を運転して集草作業を行っていたところ、集草機の運転台(大きさ35センチメートル×90センチメートル)から転落し、後退してきた集草機にひかれたもの。","3","建設業","301","土木工事業","30199","その他の土木工事業","10~29","1","動力機械","16","一般動力機械","169","その他の一般動力機械","6","激突され"
"579","2018","平成","30","5","16~17","焼却施設の解体工事において、4次下請の鳶工2名が煙突上部周辺(地上から高さ16.4mの位置)で足場の防音シート張り及び開口部に敷き詰めていた木製足場板の撤去作業を行っていたところ、木製足場板の撤去を行っていた労働者が足場と煙突躯体の間に墜落した(墜落の高さ:16.4m)。同僚からは死角となっていたため、墜落した瞬間を目撃した者はいない。","3","建設業","302","建築工事業","30209","その他の建築工事業","1~9","4","仮設物、建築物、構築物等","41","仮設物、建築物、構築物等","411","足場","1","墜落、転落"
"580","2018","平成","30","5","6~7","早出で10連自動洗濯乾燥ラインの運転業務を行っていた被災者が、ライン途中に設けられたリフト機能付きコンベアにおいてリフト昇降路フレームとコンベアとの間に挟まれているのが発見され、その後死亡が確認されたもの。","1","製造業","117","その他の製造業","11703","クリーニング業","100~299","2","物上げ装置、運搬機械","22","動力運搬機","224","コンベア","7","はさまれ、巻き込まれ"
"581","2018","平成","30","5","20~21","係留中のパナマ船籍の貨物船内において、コンテナ内の温度管理に従事する労働者が、コンテナ受け木の整理のためにかがんで作業を行っていたところ、後退してきたトレーラーと船内の柱との間にはさまれたもの。","3","建設業","303","その他の建設業","30302","機械器具設置工事業","50~99","2","物上げ装置、運搬機械","22","動力運搬機","221","トラック","6","激突され"
"582","2018","平成","30","5","16~17","事業所の定修工事において、被災者は、プラント装置の洗浄を行っていた。作業終了後、防毒マスクを外し、合羽等を脱いだところ、目、首、上半身等が真っ赤になっていた。病院に搬送され、入院。熱傷性ショックの疑いで死亡した。司法解剖の結果、直接死因の原因は化学熱傷と診断された。","3","建設業","303","その他の建設業","30302","機械器具設置工事業","30~49","5","物質、材料","51","危険物、有害物等","514","有害物","12","有害物等との接触"
"583","2018","平成","30","5","12~13","自動車道を走行中、工事渋滞で低速走行していた大型トラックに追突した。","4","運輸交通業","403","道路貨物運送業","40301","一般貨物自動車運送業","30~49","2","物上げ装置、運搬機械","22","動力運搬機","221","トラック","17","交通事故（道路）"
"584","2018","平成","30","5","6~7","被災者ら7人は普通乗用車(ワンボックス車)に乗り、建設現場へ向かうため、国道上り線を走行中、トンネル内において、渋滞で停車中の大型トラック後部に追突した。運転手が死亡し、同乗していた6人が重軽傷を負った。","3","建設業","301","土木工事業","30105","橋梁建設工事業","1~9","2","物上げ装置、運搬機械","23","乗物","231","乗用車、バス、バイク","17","交通事故（道路）"
"585","2018","平成","30","5","14~15","被災者は、床から天板までの高さ2メートル83センチメートルの脚立に乗り、電気配線を通すための穴(梁スリーブ)にゴムシートで養生し、電線を通す作業を行い、当該作業を終えた後、脚立から墜落したもの。なお、被災者は、床から高さ2メートル25センチメートルの高さでこの作業を行っていたものである。","3","建設業","302","建築工事業","30201","鉄骨・鉄筋コンクリート造家屋建築工事業","1~9","3","その他の装置等","37","用具","371","はしご等","1","墜落、転落"
"586","2018","平成","30","5","12~13","タンクローリーの運転者である被災者は、会社敷地内で同社が製造したアスファルトをタンクローリーに充填する作業を行っていたところ、突然タンクローリー内部のアスファルトが充填口から噴出した。被災者はアスファルトを全身に浴び、火傷を負い、救急車で救急センターに搬送され手術を行ったが死亡した。","4","運輸交通業","403","道路貨物運送業","40302","特定貨物自動車運送業","10~29","5","物質、材料","51","危険物、有害物等","519","その他の危険物、有害物等","11","高温・低温の物との接触"
"587","2018","平成","30","5","10~11","トラックを運転して有料道路を東進中、雨でスリップして側壁に3回衝突した。単独事故である。","4","運輸交通業","403","道路貨物運送業","40301","一般貨物自動車運送業","10~29","2","物上げ装置、運搬機械","22","動力運搬機","221","トラック","17","交通事故（道路）"
"588","2018","平成","30","5","2~3","朝刊業務を行うため、被災者所属事業場から六本木の作業場へバイクで向かう際、路上で駐車中の大型貨物自動車の後部に激突し、頭頸部外傷(推定)により死亡したもの。","8","商業","802","小売業","80205","新聞販売業","10~29","2","物上げ装置、運搬機械","23","乗物","231","乗用車、バス、バイク","17","交通事故（道路）"
"589","2018","平成","30","5","16~17","自転車に乗り、工場より本社へ向かう途中で乗用車にはねられたもの。","1","製造業","113","一般機械器具製造業","11301","機械（精密機械を除く）器具製造業","50~99","2","物上げ装置、運搬機械","23","乗物","231","乗用車、バス、バイク","17","交通事故（道路）"
"590","2018","平成","30","5","14~15","工事現場において、被災者は地下2階の天井部(スラブ下)にワイヤ固定吊具などを取り付ける作業を土止め支保工上で行っていた。当該天井部は、高所作業となるため、足がかりとして、土止め支保工の火打部分にクランプ2個を用いて、単管を立てて取り付けた。当該単管に被災者がよじ登り、天井部付近で作業していたところ、単管を固定していたクランプ1個が外れ、単管が横に倒れ、被災者は単管から約4.5m下に墜落した。","3","建設業","302","建築工事業","30201","鉄骨・鉄筋コンクリート造家屋建築工事業","1~9","4","仮設物、建築物、構築物等","41","仮設物、建築物、構築物等","419","その他の仮設物、建築物、構築物等","1","墜落、転落"
"591","2018","平成","30","5","4~5","新聞配達が終了し事業場にバイクで戻る途中、道路に落ちていた石に乗り上げ、バランスを崩して転倒。顔や頭を打ち、事故直後から意識不明が続いていたが、後日死亡した。","8","商業","802","小売業","80205","新聞販売業","10~29","2","物上げ装置、運搬機械","23","乗物","231","乗用車、バス、バイク","17","交通事故（道路）"
"592","2018","平成","30","5","10~11","被災者が清掃作業場所であるマンションの外階段をハンドバキュームを持って2階から1階へ移動中に1階まで転落した。","15","清掃・と畜業","1501","清掃・と畜業","150101","ビルメンテナンス業","100~299","4","仮設物、建築物、構築物等","41","仮設物、建築物、構築物等","413","階段、桟橋","1","墜落、転落"
"593","2018","平成","30","5","10~11","S造3階建アパート新築現場(施主が元請)において、屋上パラペットのコンクリート打設作業のために一時的に取り外していた足場最上階の手すりを同僚1名と復旧しようとしていたところ、当該手すりを取り外してあった箇所より9.5m下の地上に墜落した。被災者は病院に搬送されたが、後日死亡した。","3","建設業","302","建築工事業","30209","その他の建築工事業","1~9","4","仮設物、建築物、構築物等","41","仮設物、建築物、構築物等","411","足場","1","墜落、転落"
"594","2018","平成","30","5","14~15","2名にて竹林の伐採工事中、伐採した竹が付近の電柱に引っかかるのを防ぐため、被災者が刈払機を使用していた同僚の側に行き、竹を支えていたところ、バランスを崩し膝が下がったところへ竹を貫通した刈払機の歯があたった。被災者は両太ももを深く切り、死亡した。","3","建設業","301","土木工事業","30199","その他の土木工事業","1~9","1","動力機械","16","一般動力機械","169","その他の一般動力機械","8","切れ、こすれ"
"595","2018","平成","30","5","14~15","顧客からの注文に応じて、事業場内に保管されている衣料品を脚立にのって取り出す作業をしていた被災者がうめき声をあげて床に倒れているのを発見し、病院へ緊急搬送し、治療を受けていたが14日後に死亡した。","8","商業","802","小売業","80209","その他の小売業","10~29","3","その他の装置等","37","用具","371","はしご等","1","墜落、転落"
"596","2018","平成","30","5","14~15","県道道路維持工事で、側溝にたまった枯れ葉をドラグショベルにてすくい取り、ダンプに積み込む作業を行っていた際に、ダンプの運転手(被災者)がダンプを停めて、ダンプから降りてその周りで作業をしていたところ、下り坂によりダンプが逸走し、そのダンプを追いかけ乗ろうとするも間に合わず、ダンプが側溝に落ち、擁壁とダンプに挟まれた状態となったもの。","3","建設業","301","土木工事業","30106","道路建設工事業","10~29","2","物上げ装置、運搬機械","22","動力運搬機","221","トラック","7","はさまれ、巻き込まれ"
"597","2018","平成","30","5","14~15","10tトラックを運転し、荷卸し作業を終え、空車にて帰庫途中、高速道路下り線IC付近トンネル内で停車中の故障車(トラック)に、後方から追突し、追突した10tトラックの運転者が死亡したもの。","4","運輸交通業","403","道路貨物運送業","40301","一般貨物自動車運送業","50~99","2","物上げ装置、運搬機械","22","動力運搬機","221","トラック","17","交通事故（道路）"
"598","2018","平成","30","5","6~7","被災者は同僚2名と営業所からワゴン車に同乗し、工事現場に向う途中、道路でスリップし民家の塀に激突した。後部座席に乗っていた被災者が死亡した。","3","建設業","302","建築工事業","30201","鉄骨・鉄筋コンクリート造家屋建築工事業","1~9","2","物上げ装置、運搬機械","23","乗物","231","乗用車、バス、バイク","17","交通事故（道路）"
"599","2018","平成","30","5","10~11","新設鉄塔の基礎工事における災害である。地山掘削、基礎の打設・養生が終了したため、周囲のライナープレートを撤去する作業をしていた。プレート同士をつなぐ48本のボルトのうち2本がライナーに押されて外れず、プレートを吊る4本のワイヤーの張力の偏りを修正するため、バケットを斜め上方に微動させた。直後に土圧でライナープレートが動き、土砂がライナープレートの下部から流入して肩まで土砂に埋まった。","3","建設業","303","その他の建設業","30301","電気通信工事業","10~29","7","環境等","71","環境等","711","地山、岩石","5","崩壊、倒壊"
"600","2018","平成","30","5","14~15","S造1階建て工場新築工事において、ラフタークレーンで横置きの鉄骨柱(長さ9m、重量約1t)をつり上げるため、鉄骨柱の一方の端部に玉掛けをし、クレーンを巻き上げ、片側を浮かせたところ、玉掛け用具であるフック付きワイヤロープのフック外止めが破損して鉄骨柱から外れ、鉄骨柱(端部の高さ約6.4m)が安定を失い転倒した。周囲にいた玉掛者(休業)と通行中の作業者(死亡)が下敷きになった。","3","建設業","302","建築工事業","30201","鉄骨・鉄筋コンクリート造家屋建築工事業","10~29","3","その他の装置等","37","用具","372","玉掛用具","4","飛来、落下"
"601","2018","平成","30","5","14~15","出張先にてタクシーに乗車中、タクシーが反対車線に入りトレーラーと正面衝突した。被災者は頭を強く打ち死亡した。","17","その他の事業","1702","その他の事業","170209","その他の事業－その他","1000~9999","2","物上げ装置、運搬機械","23","乗物","231","乗用車、バス、バイク","17","交通事故（道路）"
"602","2018","平成","30","5","10~11","自社敷地内にてホイスト式片脚クレーンのホイスト交換作業中、クレーンで吊り上げた足場の上から約5メートル下の地面に転落した。","1","製造業","112","金属製品製造業","11209","その他の金属製品製造業","1~9","2","物上げ装置、運搬機械","21","動力クレーン等","211","クレーン","1","墜落、転落"
"603","2018","平成","30","5","6~7","被災者は、新聞配達業務中、バイク(原付)で県道を走行していたところ、右折しようとしたトラックに轢かれ、病院に搬送されるも約2時間後に外傷性くも膜下出血で死亡した。","8","商業","802","小売業","80205","新聞販売業","1~9","2","物上げ装置、運搬機械","22","動力運搬機","221","トラック","17","交通事故（道路）"
"604","2018","平成","30","5","12~13","被災者は、自宅の部屋で椅子ごと倒れ、仰向けの状態であったところを妻が発見し、救急車を呼んだがその場でくも膜下出血により死亡が確認されたもの。","17","その他の事業","1702","その他の事業","170209","その他の事業－その他","500~999","9","その他","92","起因物なし","921","起因物なし","90","その他"
"605","2018","平成","30","5","14~15","レストランの新築工事現場における駐車場舗装を行うため、車両系建設機械であるローラーを使用してアスファルトの転圧作業を行っていたところ、同作業を一人で行っていた運転者(被災者)が、同ローラーを後進させたまま運転席を離れ、同ローラーの下敷きになったというもの。被災者は、外傷性ショックにより、1時間後に死亡した。","3","建設業","302","建築工事業","30201","鉄骨・鉄筋コンクリート造家屋建築工事業","1~9","1","動力機械","14","建設機械等","144","締固め用機械","7","はさまれ、巻き込まれ"
"606","2018","平成","30","5","14~15","茶畑から茶の株を除去する作業場所において、解体用つかみ機を運転して茶の株の引き抜き作業を行っていた労働者が、転倒した解体用つかみ機の下敷きとなった状態で発見されたもの。","6","農林業","602","林業","60201","木材伐出業","1~9","1","動力機械","14","建設機械等","145","解体用機械","2","転倒"
"607","2018","平成","30","5","8~9","被災者が、普通自動二輪車にて二車線道路を走行中に車両と車両の間をすり抜けようとしたところスリップにより転倒、普通自動二輪車は、先ず、準中型貨物自動車の後部に衝突し弾みで被災者は、別の中型貨物自動車の後輪に滑り込み、後輪に轢かれ死亡したもの。","3","建設業","302","建築工事業","30209","その他の建築工事業","1~9","2","物上げ装置、運搬機械","23","乗物","231","乗用車、バス、バイク","17","交通事故（道路）"
"608","2018","平成","30","5","2~3","木材を加工し合板を製造する合板用ホットプレス機に付随し、合板を排出するスタッカーリフトの油圧ホース補修・点検作業を行っていた被災者が、リフトの下限部に入り、リフトの交差する脚部に背中を挟まれた状態で発見されたもの。病院へと搬送後、同日死亡が確認された。","1","製造業","104","木材・木製品製造業","10402","合板製造業","50~99","1","動力機械","16","一般動力機械","169","その他の一般動力機械","7","はさまれ、巻き込まれ"
"609","2018","平成","30","5","14~15","市発注の橋梁の架け替え工事において、現場代理人が被災者に休憩の際に使用するジュースを冷やすよう依頼したのを最後に被災者が行方不明となったもの。その後、瀬回しの終端部分にある岩の直下で岩と河床の隙間に体がはさまれるような状態で発見されたもの。","3","建設業","301","土木工事業","30105","橋梁建設工事業","10~29","7","環境等","71","環境等","713","水","10","おぼれ"
"610","2018","平成","30","5","16~17","被災者はトラックを岸壁から約1.5メートル離れたところに停車させ冷凍機能の不具合の点検中に突然姿がなくなった。付近をバイクで通行していた他社の労働者よりサイドミラーに人が海の方向に飛ぶような様子が映ったと申し立てがあり捜索したが見つからず通報に至り、その後海から被災者を発見したが死亡が確認されたもの。なお、被災者の姿がなくなった当時、トラックの助手席側の扉が開き、被災者の靴が片方地面に落ちていた。","4","運輸交通業","403","道路貨物運送業","40301","一般貨物自動車運送業","10~29","2","物上げ装置、運搬機械","22","動力運搬機","221","トラック","1","墜落、転落"
"611","2018","平成","30","5","10~11","くい打ち作業の準備作業として、くい製作用の穴を3点支持式くい打機で掘削後、被災者は当該穴に設けられた蓋の一部をガス溶断する作業を行っていた。くい打機のオペレーターが別作業を行うため、エンジンを切って運転席を離れた際、スクリューの振れ止めに係る足踏式ブレーキをかけ忘れたことから、数十分後にブレーキを把持していた油圧が低下し振れ止めが落下、被災者に激突し死亡したもの。","3","建設業","301","土木工事業","30199","その他の土木工事業","10~29","1","動力機械","14","建設機械等","143","基礎工事用機械","4","飛来、落下"
"612","2018","平成","30","5","16~17","2階建ての飲食店で、地下の倉庫に行く階段から転落した音がしたため、確認したところ階段下に倒れているところを発見した。病院へ搬送したところ後日死亡した。","14","接客娯楽業","1402","飲食店","140201","一般飲食店","1~9","4","仮設物、建築物、構築物等","41","仮設物、建築物、構築物等","413","階段、桟橋","1","墜落、転落"
"613","2018","平成","30","5","14~15","屋内階段(3階と4階の間)を通行していたところ、転落し、踊り場に頭部を打ち付け、後日死亡したもの。","8","商業","802","小売業","80209","その他の小売業","300~499","4","仮設物、建築物、構築物等","41","仮設物、建築物、構築物等","413","階段、桟橋","1","墜落、転落"
"614","2018","平成","30","5","14~15","バッテリー式フォークリフトのマスト部の修理作業中、身体がティルトレバーに触れ、後傾したマストとヘッドガードの間に頭部をはさまれ、死亡した。","1","製造業","117","その他の製造業","11701","自動車整備業","10~29","2","物上げ装置、運搬機械","22","動力運搬機","222","フォークリフト","7","はさまれ、巻き込まれ"
"615","2018","平成","30","5","10~11","ユニック(移動式クレーン)で現場に資材を搬入してきた被災者が資材(約1.4トン)をユニックのクレーンで吊っていたところ、ユニックが傾き、その車体と現場の仮囲いのポールとの間にはさまれたもの。","4","運輸交通業","403","道路貨物運送業","40301","一般貨物自動車運送業","50~99","2","物上げ装置、運搬機械","21","動力クレーン等","212","移動式クレーン","6","激突され"
"616","2018","平成","30","5","10~11","被災者は、同僚ら2名と共に、コンクリートミキサー車2台のドラム内部に付着したコンクリートを斫る作業をそれぞれ行っていた。被災者の担当するコンクリートミキサー車のドラムが、逆回転していることに同僚が気付き、ミキサー車の廻りを確認したところ、被災者の眼鏡が落ちていたためドラムを緊急停止させた後、ドラム内部をのぞいたところ被災者がドラム内部の奥の方で丸くなって倒れているのを発見したもの。","4","運輸交通業","403","道路貨物運送業","40301","一般貨物自動車運送業","50~99","2","物上げ装置、運搬機械","22","動力運搬機","221","トラック","7","はさまれ、巻き込まれ"
"617","2018","平成","30","5","8~9","事業場内土場において、平置きされたクレーンガーダを、作業スペースの確保のため3段(約3m)積み上げ、その横で部材のペンキ塗りをしていたところ、積み上げたクレーンガーダが崩れ落ち、被災者2名にクレーンガーダが激突し、1名が重傷、1名が軽傷を負ったもの。その後、重傷者の容態が悪化して死亡した。","1","製造業","112","金属製品製造業","11209","その他の金属製品製造業","1~9","5","物質、材料","52","材料","521","金属材料","5","崩壊、倒壊"
"618","2018","平成","30","5","10~11","工場の塗装室内で縊死しているところを発見されたもの。","1","製造業","117","その他の製造業","11701","自動車整備業","1~9","9","その他","92","起因物なし","921","起因物なし","90","その他"
"619","2018","平成","30","5","10~11","水処理後の汚泥・し尿を、圧送用ポンプを用いてバキューム車から予備処理タンクに移送する作業中、予備処理タンクが設置された高さ(深さ)約4mのピット内に墜落し、急性硬膜下血腫により死亡した。","15","清掃・と畜業","1501","清掃・と畜業","150102","産業廃棄物処理業","1~9","4","仮設物、建築物、構築物等","41","仮設物、建築物、構築物等","418","建築物、構築物","1","墜落、転落"
"620","2018","平成","30","5","16~17","被災者は、鉄骨スレート屋根葺き工場において、塔屋足場の組立作業をしていたところ、スレート屋根を踏み抜き、10.5メートル下のコンクリート床に墜落した。被災者の近くで同僚が作業していたが被災者の墜落した状況は確認していない。被災者は保護帽、安全帯を着用していた。スレート屋根には踏み抜きを防止する防網、道板は設置されていなかった。","3","建設業","303","その他の建設業","30309","その他の建設業－その他","1~9","4","仮設物、建築物、構築物等","41","仮設物、建築物、構築物等","415","屋根、はり、もや、けた、合掌","1","墜落、転落"
"621","2018","平成","30","5","10~11","被災者がビルの5階から4階にかけて階段をモップ掛けにより清掃していたところ、10段下(高さ約1.7m)の踊り場へ転落した。被災者は意識不明により、救急搬送されたが、後日死亡した。","15","清掃・と畜業","1501","清掃・と畜業","150101","ビルメンテナンス業","100~299","4","仮設物、建築物、構築物等","41","仮設物、建築物、構築物等","413","階段、桟橋","1","墜落、転落"
"622","2018","平成","30","5","20~21","多目的ホール内において、被災者は他の同僚11名とともに結婚披露宴終了後の後片づけ作業に従事しており、ホール内に設置されたせり上げ昇降装置(スクリュー駆動方式、積載荷重:100キログラム、搬器(テーブル)の床面積:約4.5平方m)で地下1階の倉庫から荷揚げされた造花を台車から降ろす際にバランスを崩して昇降装置の開口部から約4m下の搬器上に台車とともに墜落したもの。","14","接客娯楽業","1403","その他の接客娯楽業","140301","ゴルフ場","100~299","4","仮設物、建築物、構築物等","41","仮設物、建築物、構築物等","414","開口部","1","墜落、転落"
"623","2018","平成","30","5","10~11","移動式クレーンを使用して、建物の3階の医療検査機器(キャスター付)を1階に降ろすため、被災者は後ろ向きに引っ張るように3階踊り場に移動させたところ、踊り場より鋼製搬器に積み込むために開放していた手すりの無い状態の踊り場端部より足を踏み外して、9.98m下のアスファルト地面に墜落した。","4","運輸交通業","403","道路貨物運送業","40301","一般貨物自動車運送業","50~99","4","仮設物、建築物、構築物等","41","仮設物、建築物、構築物等","416","作業床、歩み板","1","墜落、転落"
"624","2018","平成","30","5","8~9","前日に発生した機械故障の復旧作業のため、県道を自動車で走行し現場へ向かっていたところ、勾配のある緩いカーブ箇所において、対向車がスリップしセンターラインを越えて対向車線に進入、対向車線を走行していた被災者の自動車に衝突したもの。被災者は助手席に同乗していたものであるが、衝突により腹部を強打し、腸管破裂により死亡した。","15","清掃・と畜業","1501","清掃・と畜業","150101","ビルメンテナンス業","10~29","2","物上げ装置、運搬機械","23","乗物","231","乗用車、バス、バイク","17","交通事故（道路）"
"625","2018","平成","30","5","6~7","センターにおいて冷凍製品の物流業務に従事していた被災者が、同センター2階冷凍庫において、フォークリフトに乗って意識を失っているところ、他の労働者に発見されてもの。発見後、救急搬送され、入院加療を行ったが、死亡した。","5","貨物取扱業","501","陸上貨物取扱業","50101","陸上貨物取扱業","100~299","9","その他","92","起因物なし","921","起因物なし","90","その他"
"626","2018","平成","30","5","16~17","被災者一人で、工場内において生葉自動コンテナ(以下、コンテナという。適採したばかりの生葉の品質劣化防止のために生葉に送風する機械)の生葉搬出箇所の下部に設置されたブラシ(コンテナ内に残った生葉を掃く部品)を修理するため、機械を止めずにコンテナ内に入り、コンテナの搬出箇所に近づいた際に、搬出箇所に設けられたかき落とし装置(コンテナから生葉をかき落とすための装置)の鉄製の可動式バーに巻き込まれたもの。","1","製造業","101","食料品製造業","10109","その他の食料品製造業","1~9","1","動力機械","16","一般動力機械","169","その他の一般動力機械","7","はさまれ、巻き込まれ"
"627","2018","平成","30","5","20~21","体調が優れずクリニックに受診するも虚血性心疾患により死亡。1ケ月100時間以上の時間外労働あり。","14","接客娯楽業","1402","飲食店","140209","その他の飲食店","1~9","9","その他","92","起因物なし","921","起因物なし","90","その他"
"628","2018","平成","30","5","16~17","平屋民家の屋根葺き替え工事において、雨漏り防止のため、被災者が屋根にブルーシートをかけていたところ、バランスを崩し、軒先から約5m下の地面に墜落し、死亡した。","3","建設業","302","建築工事業","30202","木造家屋建築工事業","1~9","4","仮設物、建築物、構築物等","41","仮設物、建築物、構築物等","415","屋根、はり、もや、けた、合掌","1","墜落、転落"
"629","2018","平成","30","4","22~23","電気炉にて鉄屑等を溶解する工程における災害。被災者Aは同僚Bとともに、高効率燃焼のために炉へ酸素ガスを供給するためのパイプを炉の作業口扉の穴へ入れる作業を行おうとしていたが、当該パイプを推進する「ランシングマシン」が異常停止した。その後、当該機へ酸素を送るホースやコードリールなどが配置されている地下ピット内で火災が発生し、ピット内に進入したAが全身熱傷し、搬送先で死亡。救出に入ったBも全身熱傷。","1","製造業","110","鉄鋼業","11001","製鉄・製鋼・圧延業","50~99","5","物質、材料","51","危険物、有害物等","519","その他の危険物、有害物等","16","火災"
"630","2018","平成","30","4","4~5","フォークリフトでプラスチック原料を運搬後、空荷でフォークリフトのマストを高く上げた状態で走行移動中、減速せずに急ハンドルを行った為、フォークリフトが転倒し、負傷した(負傷原因詳細不明)。後日びまん性脳損傷により死亡した。","1","製造業","108","化学工業","10805","プラスチック製品製造業","30~49","2","物上げ装置、運搬機械","22","動力運搬機","222","フォークリフト","2","転倒"
"631","2018","平成","30","4","14~15","被災労働者は、解体工事現場において現場に隣接した公道(6m道路最大傾斜6度)に車両後部を突き合わせて縦列駐車した2台のトラックの間に立ち資材を搬入するための準備を行っていたところ、同僚が4トントラックを誤操作し4トントラックの後部荷台あおりと3トントラックの後部荷台あおりとの間に胸部を挟まれてしまったもの。","3","建設業","302","建築工事業","30209","その他の建築工事業","1~9","2","物上げ装置、運搬機械","22","動力運搬機","221","トラック","7","はさまれ、巻き込まれ"
"632","2018","平成","30","4","16~17","被災者は、午後からモール店舗屋上のダクトスペース外壁のガラリの錆取り作業を行っていた。被災者が作業から戻ってこないため、探索を開始したところ、約25m下のダクトスペース(ダクトが入っている空間)の地下1階のダクトの上に倒れている被災者が発見された。","15","清掃・と畜業","1501","清掃・と畜業","150101","ビルメンテナンス業","10~29","4","仮設物、建築物、構築物等","41","仮設物、建築物、構築物等","414","開口部","1","墜落、転落"
"633","2018","平成","30","4","14~15","オペレーターが山腹斜面の倒木を「RCM掘削機」のアームで、山腹斜面の下部に落とそうとしたところ、意に反し、倒木が一回転して、RCM掘削機から目測9m離れた位置を移動していた被災者に激突し、被災者は山腹斜面を目測10m滑落した。同日夕方、被災者は全身打撲による臓器損傷により死亡が確認されたもの。","3","建設業","301","土木工事業","30199","その他の土木工事業","100~299","1","動力機械","14","建設機械等","142","掘削用機械","6","激突され"
"634","2018","平成","30","4","14~15","機械用の空調機ユニット(高さ257×縦382×横160センチメートル、重さ2.9t)を台車(縦50.5×横70.5センチメートル)2個を用い、4人で押して運搬中、押し作業に従事せず、監督員として手元で誘導作業をしていた被災者の方向に同空調機ユニットが倒れ、下敷きになり死亡したもの。","3","建設業","303","その他の建設業","30302","機械器具設置工事業","50~99","6","荷","61","荷","612","機械装置","5","崩壊、倒壊"
"635","2018","平成","30","4","8~9","荷主事業場の構内において、トラックからの荷卸作業(飼料の原料を荷台からホッパーに投入する作業)中、トラックの降下途中の可動式荷台と車体との間に胸部を挟まれたもの。","4","運輸交通業","403","道路貨物運送業","40301","一般貨物自動車運送業","10~29","2","物上げ装置、運搬機械","22","動力運搬機","221","トラック","7","はさまれ、巻き込まれ"
"636","2018","平成","30","4","8~9","災害発生現場となった事業場において火災が発生し、設備に被害が生じたため、被災者は別の電気工事業者と共に災害発生現場となった事業場を訪問し、打ち合わせ後に単独で設備の点検作業を行っていたが、砂型を再利用する設備のタンク内で死亡している状態で発見されたもの。","8","商業","801","卸売業","80109","その他の卸売業","1~9","5","物質、材料","51","危険物、有害物等","513","可燃性のガス","12","有害物等との接触"
"637","2018","平成","30","4","4~5","被災者は、コンテナを運搬するため、トレーラーを運転して国道を走行中、何等かの原因により車体のコントロールを失い、跨線橋左側のガードレールを乗り越え、約10m下の側道に転落した。被災者は、車外に投げ出され、全身を打つなどして死亡した。なお、現場は片側3車線の直線道路であり、事故当時は雨が降っていた。","4","運輸交通業","403","道路貨物運送業","40301","一般貨物自動車運送業","10~29","2","物上げ装置、運搬機械","22","動力運搬機","221","トラック","17","交通事故（道路）"
"638","2018","平成","30","4","16~17","風屋ダム取水口ゲートでつり足場の撤去作業中に階段枠を取り外したところ、バランスを崩し、取り外した階段枠とともに、約2.3m下の水面へ墜落した。被災者は、水面より約16m下の位置で発見され、引き上げられたが、搬送先で死亡した。被災当時、保護帽、安全帯、安全靴、革手を着用していたが、ライフジャケットは着用していなかった。","3","建設業","301","土木工事業","30101","水⼒発電所等建設工事業","1~9","4","仮設物、建築物、構築物等","41","仮設物、建築物、構築物等","411","足場","1","墜落、転落"
"639","2018","平成","30","4","14~15","古紙の保管場所において、巡視中の代表者が、2列4段の高さ(床面から約3.6m)に積み上げられた8個の古紙の塊について、列間に隙間を認め、倒壊の危険を感じ、塊を掴むアタッチメントを装備したフォークリフトを運転し、地上から2段目以上の合計6個の塊を列の隙間がなくなるように整えた。代表者がフォークリフトから降りた直後、西側1列の上部3個の塊が崩れ落ち、付近で清掃作業中の被災者に激突した。","1","製造業","106","パルプ・紙・紙加工品製造業","10601","パルプ・紙製造業","10~29","6","荷","61","荷","611","荷姿の物","5","崩壊、倒壊"
"640","2018","平成","30","4","10~11","集合住宅の地下室にある、キュービクル式高圧受電設備の2ヶ月に1回の月次点検作業中(絶縁監視装置があるため、点検は隔月)、高圧受電盤の計器用変圧器の端子に触れ感電死したもの(接触箇所は6600Vの箇所)。高圧受電盤の扉を開けると、アクリル板が設置されており、月次点検では目視点検程度の箇所でアクリル板を取り外す必要性がない箇所であるが、アクリル板を外して、上半身を入れた状態で端子に触れてしまった。","17","その他の事業","1702","その他の事業","170209","その他の事業－その他","10~29","3","その他の装置等","35","電気設備","352","電力設備","13","感電"
"641","2018","平成","30","4","0~1","国道を時速約70キロメートルで走行中、カーブを曲がりきれずにトラックが横転し、道路脇の鉄柱に衝突したもの。","4","運輸交通業","403","道路貨物運送業","40301","一般貨物自動車運送業","10~29","2","物上げ装置、運搬機械","22","動力運搬機","221","トラック","17","交通事故（道路）"
"642","2018","平成","30","4","18~19","他店舗に食材を取りに行くため、国道を被災者がバイクで北東方向に走行中、反対車線から右折してきたトラックの側面に被災者が衝突し、被災者がバイクから投げ出され、当該トラックの後続車に撥ねられた。","14","接客娯楽業","1402","飲食店","140201","一般飲食店","10~29","2","物上げ装置、運搬機械","22","動力運搬機","221","トラック","17","交通事故（道路）"
"643","2018","平成","30","4","8~9","被災者が10段の三脚脚立を使用(作業高さ不明)し、松の芽摘作業中、バランスを崩して墜落し、頸髄損傷で療養していたが、入院中の病院で、脳幹梗塞により病死したもの。なお、墜落時の目撃者なし。","6","農林業","601","農業","60101","農業","1~9","3","その他の装置等","37","用具","371","はしご等","1","墜落、転落"
"644","2018","平成","30","4","8~9","倉庫解体工事におけるスレート屋根撤去作業中に、屋根上で作業していた被災者が木毛板を踏み抜き約8m下の地面に墜落したもの。被災者の災害直前の作業状況から判断すると、屋根上のベンチレータを取り外そうとしたときに、木毛板に足をかけてしまったものと推定される。","3","建設業","302","建築工事業","30201","鉄骨・鉄筋コンクリート造家屋建築工事業","10~29","4","仮設物、建築物、構築物等","41","仮設物、建築物、構築物等","415","屋根、はり、もや、けた、合掌","1","墜落、転落"
"645","2018","平成","30","4","16~17","被災者はコンクリート製品製造工場の製品置き場において、吊り上げ荷重2.93トンの車両積載型トラッククレーンをリモコンで操作し、コンクリート製品の荷台への荷積み作業を行っていたが、作業中、当該クレーンのジブが積み込む対象とは別のコンクリート製品(いわゆるU字溝)に衝突したのか、4段に積まれた製品の最上段の製品が落下し、下でクレーンを操作していた被災者に激突したものと推定される。","4","運輸交通業","403","道路貨物運送業","40301","一般貨物自動車運送業","10~29","6","荷","61","荷","611","荷姿の物","4","飛来、落下"
"646","2018","平成","30","4","12~13","事務所内において、被災者本人から休憩したいとの申し出があり休憩室で休憩していた。その後、他の職員が被災者の様子を確認しに行ったところ、心肺停止状態の被災者が発見された。","13","保健・衛生業","1303","その他の保健衛生業","130309","その他の保健衛生業－その他","10~29","9","その他","92","起因物なし","921","起因物なし","90","その他"
"647","2018","平成","30","4","8~9","工場の屋根及び雨樋の修繕工事において、現場代理人である被災者が同工場の波板スレート屋根(スレート部分とFRP部分あり)を歩いていたところ、FRPの波板を踏み抜き、約8.6メートル下のコンクリート床に墜落して死亡した。","3","建設業","302","建築工事業","30201","鉄骨・鉄筋コンクリート造家屋建築工事業","10~29","4","仮設物、建築物、構築物等","41","仮設物、建築物、構築物等","415","屋根、はり、もや、けた、合掌","1","墜落、転落"
"648","2018","平成","30","4","4~5","被災者は、新聞を配達する労働者であるが、朝刊の配達業務を行っていたところ、川に架かる橋を高速度で軽自動車が走ってきて、道路の縁石を越えたところで元に戻ろうと右(道路方向)にハンドルを切った時、被災者はバイク共々約20メートル飛ばされて死亡したものである。","8","商業","802","小売業","80205","新聞販売業","10~29","2","物上げ装置、運搬機械","23","乗物","231","乗用車、バス、バイク","17","交通事故（道路）"
"649","2018","平成","30","4","10~11","一般住宅の増築に伴う地質調査を地質調査機械(動力により回転するロッドの直径30ミリメートル)を使用して、労働者2名で地質調査の作業を行っていたところ、被災者の雨合羽の襟が巻き込まれた。その後、搬送先の病院で死亡が確認された(死因は窒息死)。なお、当該作業は当日のみで、約2~3時間で完了する予定であった。また、現地での作業は、地質調査のみであった。","17","その他の事業","1702","その他の事業","170209","その他の事業－その他","30~49","1","動力機械","16","一般動力機械","169","その他の一般動力機械","7","はさまれ、巻き込まれ"
"650","2018","平成","30","4","8~9","民家の庭で胸高直径55.4センチメートル、高さ約15mの偏心木の伐採作業の追い口を切る工程で、被災者はチェンソーを使用して追い口を切り、補助者は偏心木をチルホールにより牽引していたところ、被災者と補助者が、偏心木の重心及びチルホールの牽引の力により、偏心木が倒れると想定していた方向と異なる方向へ突如として偏心木が倒れ、被災者がその下敷きになり、死亡したもの。","6","農林業","601","農業","60101","農業","1~9","7","環境等","71","環境等","712","立木等","6","激突され"
"651","2018","平成","30","4","8~9","被災者は、道路拡幅工事現場で、交通誘導業務を行っていたところ、道路上に設置されたカラーコーンをなぎ倒しながら走行してきた軽トラックにはねられ、病院で治療を受けたが、死亡したもの。また、被災者の近くで作業を行っていた別法人の事業者の役員(専務取締役)もトラックにはねられ負傷したもの。","17","その他の事業","1702","その他の事業","170201","警備業","50~99","2","物上げ装置、運搬機械","22","動力運搬機","221","トラック","17","交通事故（道路）"
"652","2018","平成","30","4","6~7","所有する2基のキユポラのメンテンナンスを請け負っている当該事業場の労働者が作業中に2基のキユポラに接続されている排熱ダクト内で倒れているのを発見、救出し、救急搬送したが搬送先の病院において死亡が確認された。","1","製造業","110","鉄鋼業","11002","鋳物業","1~9","5","物質、材料","51","危険物、有害物等","514","有害物","12","有害物等との接触"
"653","2018","平成","30","4","6~7","被災者はバイクに乗り新聞の配達作業中、交差点において普通自動車に衝突し、搬送された病院で死亡した。","8","商業","802","小売業","80205","新聞販売業","1~9","2","物上げ装置、運搬機械","23","乗物","231","乗用車、バス、バイク","17","交通事故（道路）"
"654","2018","平成","30","4","2~3","被災者は、軽ワゴン車を運転して配達業務を行っていたが、配達が終了したことから事務所に戻ろうとして市内の市道を西進中、県道の感応式信号機のある十字路交差点を横断しようとしたところ、県道を北進していた4tトラックと出会い頭に衝突した。当交差点の信号機はトラック側が常時青信号で、軽ワゴン車側が停止すれば切り替わるものとなっている。","8","商業","802","小売業","80205","新聞販売業","30~49","2","物上げ装置、運搬機械","23","乗物","231","乗用車、バス、バイク","17","交通事故（道路）"
"655","2018","平成","30","4","2~3","コークス乾式消火設備(CDQ)の送風ファンのバランス調整作業をほぼ終え、片付け作業の段階で、被災者は、送風ファンのダクト内壁の修繕も行おうと、ダクト側面のマンホールより送風ファンダクト内に一人で立ち入ったものと推測される。作業用の仕切板が外されており、ダクト内に消火用の窒素ガスが充満し酸素欠乏状態となったもの。被災者は約20分後に発見されたが、既に心肺停止状態となっていた。","1","製造業","110","鉄鋼業","11001","製鉄・製鋼・圧延業","1000~9999","7","環境等","71","環境等","714","異常環境等","12","有害物等との接触"
"656","2018","平成","30","4","2~3","被災者は、新聞配達のため、原付バイクに乗って片側1車線の県道を右折しようとしたところ、対向車(乗用車)と衝突し、骨盤骨折等による出血性ショックにより死亡した。","8","商業","802","小売業","80205","新聞販売業","30~49","2","物上げ装置、運搬機械","23","乗物","231","乗用車、バス、バイク","17","交通事故（道路）"
"657","2018","平成","30","4","0~1","被災者が自宅で倒れているのを家族が発見し、病院へ搬送したが、心筋梗塞により同日死亡した。なお、被災者は所属事業場において、延べ19日、合計140時間以上の時間外労働を行っていた。業務上と認定された。","1","製造業","101","食料品製造業","10109","その他の食料品製造業","100~299","9","その他","92","起因物なし","921","起因物なし","90","その他"
"658","2018","平成","30","4","0~1","被災者が運転するトラックは、交差点を直進するため進入したところ、対向車線から右折しようとしたトラックに衝突したもの。","4","運輸交通業","403","道路貨物運送業","40301","一般貨物自動車運送業","10~29","2","物上げ装置、運搬機械","22","動力運搬機","221","トラック","17","交通事故（道路）"
"659","2018","平成","30","4","14~15","本工事において線路南側歩道にアスファルトの亀裂を発見したため、被災者は、しゃがんで亀裂の入った箇所を砂で埋める作業を行っていた。そのところ、突然、被災者が前のめりに倒れたものである。その後、被災者は、「心停止」により死亡した。","3","建設業","301","土木工事業","30105","橋梁建設工事業","50~99","9","その他","92","起因物なし","921","起因物なし","90","その他"
"660","2018","平成","30","4","16~17","原料製造工場において、被災者が一人でつり上げ荷重4.843tのホイスト式天井クレーンを用い機械のメンテナンス作業中、ホイストがクレーンガータから外れ、被災者の上に落下し被災したもの。","15","清掃・と畜業","1501","清掃・と畜業","150102","産業廃棄物処理業","100~299","2","物上げ装置、運搬機械","21","動力クレーン等","211","クレーン","4","飛来、落下"
"661","2018","平成","30","4","14~15","ホテルへ出張し、塗装作業を単独で行っていた被災者が、床面に倒れているところを発見されたもの。被災者は、はしご状に開いた脚立の上で屋根の塗装作業を行っていたところ、バランスを崩して脚立と共に転落したものと推定される。保護帽、安全帯の着用はなかった。","14","接客娯楽業","1401","旅館業","140101","旅館業","10~29","3","その他の装置等","37","用具","371","はしご等","1","墜落、転落"
"662","2018","平成","30","4","8~9","メッキ自動ラインにおいて、運搬装置(キャリア)が動作中、ラインの終わりにある乾燥設備で別の製品を乾燥させるため、被災者がラインの横から運搬装置の可動範囲内に身を乗り出して乾燥させる製品をセットし起き上がったところ、走行してきた運搬装置の端と、運搬装置の走行レールを支えるフレームの支柱に取り付けられたスイッチボックスとの間に挟まれた。後日入院先で死亡した。","1","製造業","112","金属製品製造業","11204","めっき業","100~299","1","動力機械","16","一般動力機械","169","その他の一般動力機械","7","はさまれ、巻き込まれ"
"663","2018","平成","30","4","16~17","工場解体工事において、屋根上で波型スレートの取り外し作業中に出来た開口部から、約9メートル下のコンクリート床に墜落した。","3","建設業","302","建築工事業","30209","その他の建築工事業","10~29","4","仮設物、建築物、構築物等","41","仮設物、建築物、構築物等","415","屋根、はり、もや、けた、合掌","1","墜落、転落"
"664","2018","平成","30","4","14~15","町道の災害復旧工事を行っていた作業者が道路から約10m下の斜面に転落し死亡したもの。","3","建設業","301","土木工事業","30106","道路建設工事業","1~9","7","環境等","71","環境等","711","地山、岩石","1","墜落、転落"
"665","2018","平成","30","4","4~5","冷蔵庫で商品を積み込んでから、納品先へ向け走行中、高速道路上り線で前方大型車へ追突したもの。","4","運輸交通業","403","道路貨物運送業","40301","一般貨物自動車運送業","100~299","2","物上げ装置、運搬機械","22","動力運搬機","221","トラック","17","交通事故（道路）"
"666","2018","平成","30","4","0~1","使用済みの原紙紙管を片付けるため所定の紙管置き場へ歩いて移動していた被災者が、原紙置き場を通りかかったところ、既に置かれていた別の原紙ロールの横に原紙ロールを置こうと前進したクランプリフト(アタッチメントに回転クランプを使用したフォークリフト)で運搬していた原紙ロールと置かれていた原紙ロールとの間に挟まれたもの。","1","製造業","106","パルプ・紙・紙加工品製造業","10602","紙加工品製造業","100~299","2","物上げ装置、運搬機械","22","動力運搬機","222","フォークリフト","7","はさまれ、巻き込まれ"
"667","2018","平成","30","4","8~9","わかさぎ釣りを行うための「ドーム船」と呼ばれる船舶を、2艘のエンジン付きボートで牽引作業中、被災者が何等かの原因により、ボートから落水したもの。ドーム船を牽引するため、ドーム船とボートを固定していた繊維ロープは切断されていたが、落水した状況を目撃した者がいないため、詳細は不明である。","4","運輸交通業","401","鉄道・軌道・水運・航空業","40102","水運業","1~9","2","物上げ装置、運搬機械","23","乗物","239","その他の乗物","10","おぼれ"
"668","2018","平成","30","4","8~9","被災者は集荷先の構内において、コンテナ(幅1.7m、奥行き1.1m、高さ1m)入り馬鈴薯の積み込み準備作業のため徒歩で移動していたところ、荷主従業員が運転する前進してきたフォークリフトの荷(コンテナ2個をロングフォークで水平に保持)に接触、転倒し、轢かれて死亡したもの。","4","運輸交通業","403","道路貨物運送業","40301","一般貨物自動車運送業","10~29","2","物上げ装置、運搬機械","22","動力運搬機","222","フォークリフト","7","はさまれ、巻き込まれ"
"669","2018","平成","30","4","8~9","造船場の事業所第2組立工場内において、被災者は配材・取付作業の準備のため、鋼板搬送用のローラコンベアを始動(下降)させた後、運転中のコンベアを横断していたところ、ローラコンベアと地面との間に頭部を挟まれ死亡したものである。","1","製造業","115","輸送用機械等製造業","11501","造船業","1~9","2","物上げ装置、運搬機械","22","動力運搬機","224","コンベア","7","はさまれ、巻き込まれ"
"670","2018","平成","30","4","2~3","原動機付自転車(50cc)で新聞配達中、路上に飛び出して来た、鹿に激突され、転倒し、頭部を強打した病院に搬送され、意識不明の重体であったが、後日死亡。","8","商業","802","小売業","80205","新聞販売業","10~29","7","環境等","71","環境等","719","その他の環境等","17","交通事故（道路）"
"671","2018","平成","30","4","12~13","事業場内にて打ち合わせ中、労働者がくも膜下出血を発症して倒れ、死亡したもの。","1","製造業","108","化学工業","10805","プラスチック製品製造業","100~299","9","その他","92","起因物なし","921","起因物なし","90","その他"
"672","2018","平成","30","4","8~9","会社の業務のため軽トラックにて国道を走行中、交差点右折のため右車線で一時停止していたところ、後方から大型貨物自動車に追突され、対向車線に押し出され、走行してきた中型貨物自動車と衝突し、助手席に乗っていた被災者は胸などを強く打ち死亡した。","4","運輸交通業","402","道路旅客運送業","40202","バス業","1~9","2","物上げ装置、運搬機械","23","乗物","231","乗用車、バス、バイク","17","交通事故（道路）"
"673","2018","平成","30","4","8~9","被災者が一人で坂になっている道路に停めていたユニック車のクレーンのブームを伸ばしていたところエンストしたため、エンジンをかけた。その後しばらく経っても被災者の姿が見えなかったため、他の労働者が土手の下を見たところ、約10メートル下で俯せで倒れていた。道路から土手へ転落し、頭部等を強打したしたと思われ、救急車を呼び病院に搬送後、死亡した。","8","商業","802","小売業","80209","その他の小売業","10~29","2","物上げ装置、運搬機械","21","動力クレーン等","212","移動式クレーン","1","墜落、転落"
"674","2018","平成","30","4","8~9","耐火物ガラ上に寝かせてあったダンディッシュ(溶鋼の一時受け容器)の蓋(L3×W1×t0.1m、重量約1t)を天井クレーン(30t)で起こしてつり上げようした。つりチェーンのフック(外れ止めなし)を蓋のつり金具2か所に掛け(2点づり)、巻き上げ操作をしていたところ、蓋が直立したところでフックがつり金具から外れたため、蓋が倒れて天井クレーンの運転をしていた被災者が下敷きとなった。","1","製造業","110","鉄鋼業","11001","製鉄・製鋼・圧延業","1~9","3","その他の装置等","37","用具","372","玉掛用具","5","崩壊、倒壊"
"675","2018","平成","30","4","6~7","イベントに出席するため事業主と出張し、翌日の朝に宿泊先のホテル客室で死亡しているところを発見されたもの。発症前1ヶ月間の時間外労働が100時間を超えていた。","1","製造業","108","化学工業","10805","プラスチック製品製造業","30~49","9","その他","92","起因物なし","921","起因物なし","90","その他"
"676","2018","平成","30","4","10~11","移動式クレーンの整備で、ブーム上のグリス穴にグリスを指すために、車体に設けられた地上から高さ2.7mの位置にあるステップを登っていたところ、足を滑らせ、墜落し、頭部を負傷したもの。救急搬送され、治療を受けたが、死亡した。","3","建設業","303","その他の建設業","30309","その他の建設業－その他","10~29","2","物上げ装置、運搬機械","21","動力クレーン等","212","移動式クレーン","1","墜落、転落"
"677","2018","平成","30","4","10~11","被災者は、アパートの解体現場において、約3メートルの高さにある鉄骨から飛び出た梁をバーナーで溶断するため、壁に梯子を立て掛けて登り作業していたところ、梯子から墜落したと推定される。その後、同日死亡が確認された。被災時、被災者はヘルメットは着用していたが、安全帯は未着用だった。災害発生前には同僚が梯子を押さえていたが、溶断終了間際に同僚は梯子から離れており、災害は目撃していなかった。","3","建設業","302","建築工事業","30202","木造家屋建築工事業","1~9","3","その他の装置等","37","用具","371","はしご等","1","墜落、転落"
"678","2018","平成","30","4","12~13","被災者は地上から高さ3m93センチメートル以上の1階屋根上で瓦に跳ねた漆喰の清掃作業中、屋根上から道路に墜落し、死亡した。屋根上の周りは手すりが設置されていなかった。また、被災者はヘルメット、安全帯を着用。墜落時は、安全帯を使用していなかった。","3","建設業","302","建築工事業","30203","建築設備工事業","1~9","4","仮設物、建築物、構築物等","41","仮設物、建築物、構築物等","415","屋根、はり、もや、けた、合掌","1","墜落、転落"
"679","2018","平成","30","4","0~1","被災者の自宅にて就寝中に心停止(心臓性突然死)により死亡したもの。発症前2か月平均においておおむね80時間の時間外労働が認められ、著しい疲労の蓄積をもたらす特に過重な業務に就労していた。","8","商業","802","小売業","80209","その他の小売業","30~49","9","その他","92","起因物なし","921","起因物なし","90","その他"
"680","2018","平成","30","4","2~3","被災者の勤務地である守衛室において、体調異変が生じたため救急隊に搬送された(急性心筋梗塞)。その後、死亡したもの。","17","その他の事業","1702","その他の事業","170201","警備業","1~9","9","その他","92","起因物なし","921","起因物なし","90","その他"
"681","2018","平成","30","3","18~19","自動車メーカーの敷地内において、労働者がコンクリートポンプ車のホッパー内の清掃作業中、撹拌機に巻き込まれたもの。","3","建設業","302","建築工事業","30201","鉄骨・鉄筋コンクリート造家屋建築工事業","1~9","1","動力機械","14","建設機械等","149","その他の建設機械等","7","はさまれ、巻き込まれ"
"682","2018","平成","30","3","12~13","水田の漏水修繕工事現場において、石積み擁壁の裏側を深さ約1メートル、幅約80センチ、長さ約20メートルにわたってドラグショベルで掘削後、作業者2名が当該掘削溝に入り擁壁下部付近をスコップで人力掘削中、石積み擁壁が突然作業者側に倒れて被災者の下半身が挟まれた。","3","建設業","301","土木工事業","30199","その他の土木工事業","1~9","4","仮設物、建築物、構築物等","41","仮設物、建築物、構築物等","418","建築物、構築物","5","崩壊、倒壊"
"683","2018","平成","30","3","0~1","経理の仕事に従事し他の事務員が帰社した際は自席で一人残り業務を行っていたが翌日、事業場のトイレで脳出血により死亡している被災者が発見された。100時間超の時間外労働。","4","運輸交通業","402","道路旅客運送業","40201","ハイヤー・タクシー業","100~299","9","その他","92","起因物なし","921","起因物なし","90","その他"
"684","2018","平成","30","3","6~7","高等学校の駐車場付近で縊死の方法により自殺。","12","教育・研究業","1201","教育・研究業","120109","その他の教育研究業","50~99","9","その他","92","起因物なし","921","起因物なし","90","その他"
"685","2018","平成","30","3","4~5","荷物を運搬途中、車両トラブルが発生し、高速道路の2車線のうち、左側の走行車線に停車した。車両トラブル解消のために車外で作業を行っていたところ、後ろから大型トラックに追突されて死亡した。","4","運輸交通業","403","道路貨物運送業","40301","一般貨物自動車運送業","1~9","2","物上げ装置、運搬機械","22","動力運搬機","221","トラック","17","交通事故（道路）"
"686","2018","平成","30","3","8~9","事業場内で起きた事象により自殺に到った。","8","商業","802","小売業","80204","燃料小売業","10~29","9","その他","92","起因物なし","921","起因物なし","90","その他"
"687","2018","平成","30","3","16~17","被災者は事業場所有の乗用車を運転し、事業場の郵便物を近くの郵便ポストまで出しに行き、その後事業場へ戻る途中に運転操作を誤って、道路脇の電柱及びガードレールに衝突し頚椎損傷を負った。その後、被災者は入院して治療が行われていたが、後日死亡した。","4","運輸交通業","403","道路貨物運送業","40301","一般貨物自動車運送業","30~49","2","物上げ装置、運搬機械","23","乗物","231","乗用車、バス、バイク","17","交通事故（道路）"
"688","2018","平成","30","3","14~15","高さ12mのコンクリート柱へアンテナ取付工事中、安全帯のフックを本来胴綱のD環に付けるが、工具サックの落下防止紐取付部に掛け間違えたため、体重をかけた際に工具サックが壊れ、地上に墜落した。","3","建設業","303","その他の建設業","30301","電気通信工事業","1~9","3","その他の装置等","37","用具","379","その他の用具","1","墜落、転落"
"689","2018","平成","30","3","12~13","防波堤拡幅工事現場において、起重機船を使用して海中から被覆ブロックを1個(重量4.0t)を引き上げて防波堤に仮置きした。その後、クレーン機能付きドラグ・ショベル(つり上げ荷重2.9トン)で被覆ブロックを積み上げるため、被覆ブロックをつり上げた状態で後進し、右旋回させたところ、旋回角度が90度付近でバランスを崩し、ドラグ・ショベルとともに海中に墜落したもの。","3","建設業","301","土木工事業","30111","港湾海岸工事業","50~99","1","動力機械","14","建設機械等","141","整地・運搬・積込み用機械","10","おぼれ"
"690","2018","平成","30","3","16~17","高速道路において、走行していた大型トラックが、渋滞により減速した大型観光バスに後方から激突したもの。大型トラックの運転手が死亡し、大型観光バスの乗員乗客38名が負傷したもの。また、大型観光バスが事故の衝撃により、前方に停車していた別の大型トラック(以下、「大型トラックB」という。)に激突し、大型トラックBの運転手も負傷したもの。","4","運輸交通業","403","道路貨物運送業","40301","一般貨物自動車運送業","50~99","2","物上げ装置、運搬機械","22","動力運搬機","221","トラック","17","交通事故（道路）"
"691","2018","平成","30","3","16~17","農道の拡幅工事現場において、被災者が幅員2.5mに拡幅した道路を振動ローラーにより転圧作業中、路肩が崩れ、振動ローラーとともに法面(こう配30~35度)を約8m転落し死亡したもの。","3","建設業","301","土木工事業","30106","道路建設工事業","10~29","1","動力機械","14","建設機械等","144","締固め用機械","1","墜落、転落"
"692","2018","平成","30","3","12~13","3トントラックで食品の配達中に、県道を走行中虫をはらうために脇見をしたところ、走行車線右側の電柱に激突し、全身負傷、足を切断した。","4","運輸交通業","403","道路貨物運送業","40301","一般貨物自動車運送業","30~49","2","物上げ装置、運搬機械","22","動力運搬機","221","トラック","17","交通事故（道路）"
"693","2018","平成","30","3","10~11","建設工事現場において、ダンプトラックの手すりにロープを掛け、縊死しているところを発見されたもの。","3","建設業","301","土木工事業","30199","その他の土木工事業","1~9","9","その他","92","起因物なし","921","起因物なし","90","その他"
"694","2018","平成","30","3","12~13","現場代理人たる被災者が、水路トンネル出口から約80メートル先の湧水源に続く通路の除雪を行っていたところ、上部にあった積雪が崩れ、雪とともにおよそ14メートル下の沢に転落し、窒息死したもの。","3","建設業","301","土木工事業","30102","トンネル建設工事業","50~99","7","環境等","71","環境等","719","その他の環境等","5","崩壊、倒壊"
"695","2018","平成","30","3","10~11","民有林の伐木作業中、斜面上方向へ伐倒した木(樹高約29.3m、胸高径約40センチメートルのカラマツ)と他の伐倒された木に挟まれた状態で現場責任者に発見されたもの。発見された被災者位置と伐根の距離は約2.6mであり、伐根には、くさびを使用した形跡がなく、つるも残っていなかった。伐倒した木が周辺のかかり木に衝突した痕跡が認められ、被災者の左手元にアイドリング状態のチェーンソーも落ちていた。","6","農林業","602","林業","60201","木材伐出業","1~9","7","環境等","71","環境等","712","立木等","6","激突され"
"696","2018","平成","30","3","14~15","同営業所敷地内に駐車中の4tトラックが無人のまま逸走、後進し、同車両近くに居た被災者が同トラックの運転席と隣の車両のあおりとの間に挟まれ死亡した。単独作業で詳細不明であるが、逸走したトラックは、バッテリーが上がっていたため、被災者はその復旧のため、隣のトラックのバッテリーとブースターケーブルでつなぐための準備をしていたものと思われる。","8","商業","804","その他の商業","80409","その他の商業－その他","1~9","2","物上げ装置、運搬機械","22","動力運搬機","221","トラック","7","はさまれ、巻き込まれ"
"697","2018","平成","30","3","12~13","伐木作業者と被災者の2名で立木の伐倒作業中、伐木者がアカシアの偏心木(胸高直径30センチメートル、樹高22m)をチェーンソーを使用し伐倒したところ、伐倒予定方向からずれ、倒れた先にいた被災者に伐倒木が激突し、死亡した。","6","農林業","602","林業","60209","その他の林業","1~9","7","環境等","71","環境等","712","立木等","6","激突され"
"698","2018","平成","30","3","8~9","被災者は、自社で所有しているセメント原料破砕設備において、同僚と共に4名で原料破砕設備の始業前の点検作業を行っていた。点検を終えた後、オペレーターがベルトコンベヤー等の可動スイッチを順次入れた際、No3ベルトコンベヤーの電流異常表示が出たため、確認したところ、No3ベルトコンベヤーに頭部を挟まれていた被災者を同僚が発見したもの。","1","製造業","110","鉄鋼業","11001","製鉄・製鋼・圧延業","100~299","2","物上げ装置、運搬機械","22","動力運搬機","224","コンベア","7","はさまれ、巻き込まれ"
"699","2018","平成","30","3","2~3","新聞配達のため、自転車を運転し国道を走行していた被災者に軽乗用車が追突した。","8","商業","802","小売業","80205","新聞販売業","1~9","2","物上げ装置、運搬機械","23","乗物","231","乗用車、バス、バイク","17","交通事故（道路）"
"700","2018","平成","30","3","12~13","8階建て集合住宅の消火用連結送水管の耐圧試験を実施するため、被災者は屋上で送水状況等を確認し、その後、使用していたホースを巻き取るため、一旦ホースを伸ばそうと後退していたところ、屋上の端から後ろ向きに落ち、地上に駐車していた乗用車の上に墜落したもの。","1","製造業","115","輸送用機械等製造業","11502","自動車・同付属品製造業","30~49","4","仮設物、建築物、構築物等","41","仮設物、建築物、構築物等","418","建築物、構築物","1","墜落、転落"
"701","2018","平成","30","3","16~17","三輪バイク(原付)で商品を配達に行く途中、下り坂の左カーブの場所で左側ガードレールに激突し死亡した。","8","商業","804","その他の商業","80409","その他の商業－その他","10~29","2","物上げ装置、運搬機械","23","乗物","231","乗用車、バス、バイク","17","交通事故（道路）"
"702","2018","平成","30","3","14~15","取引先相手から嫌がらせや暴言を継続的に受け、パーキングエリア駐車場において死亡しているところを発見されたもの。","8","商業","801","卸売業","80109","その他の卸売業","10~29","9","その他","92","起因物なし","921","起因物なし","90","その他"
"703","2018","平成","30","3","12~13","リサイクルセンターの作業場内で、社会福祉法人の障害者支援員が廃棄物の積みおろし作業中、後退してきた解体用機械に轢かれ、腰や右足等を強打。病院に緊急搬送されたが、約3時間後に出血性ショックにより死亡が確認されたもの。","13","保健・衛生業","1302","社会福祉施設","130201","社会福祉施設","10~29","1","動力機械","14","建設機械等","145","解体用機械","7","はさまれ、巻き込まれ"
"704","2018","平成","30","3","16~17","事業場敷地内の足場用資材置場において、空荷でフォークリフトを走行させていたところ、フォークリフトが横転し、運転していた被災者がフォークリフトの下敷きになった。","3","建設業","302","建築工事業","30209","その他の建築工事業","1~9","2","物上げ装置、運搬機械","22","動力運搬機","222","フォークリフト","2","転倒"
"705","2018","平成","30","3","14~15","トラックの荷の積み込み作業を終えて運転席に戻ろうとしたときに、別会社の労働者が運転するトラッククレーンにはねられて死亡したものである。","4","運輸交通業","403","道路貨物運送業","40301","一般貨物自動車運送業","10~29","2","物上げ装置、運搬機械","21","動力クレーン等","212","移動式クレーン","6","激突され"
"706","2018","平成","30","3","10~11","県道において、橋接ぎ部等の改修工事に伴う車線規制(片側交互通行)が行われていた。車線規制の中程(上流側)路側帯で交通誘導を行っていた被災者が、前方不注意の乗用車に跳ね飛ばされ、その勢いで欄干(高さ93センチメートル)を乗り越えて約9m下の河川中州(根固めブロック上)に墜落し、死亡した。","17","その他の事業","1702","その他の事業","170201","警備業","10~29","2","物上げ装置、運搬機械","23","乗物","231","乗用車、バス、バイク","17","交通事故（道路）"
"707","2018","平成","30","3","2~3","片側3車線の市道の信号機のある交差点で、進行方向を変えるためUターンを終えた被災者が運転するタクシーに乗用車が追突した。なお、事故後の検査で相手方の運転手の呼気から基準値を超えるアルコールが検出された。","4","運輸交通業","402","道路旅客運送業","40201","ハイヤー・タクシー業","50~99","2","物上げ装置、運搬機械","23","乗物","231","乗用車、バス、バイク","17","交通事故（道路）"
"708","2018","平成","30","3","10~11","被災者は、ドラム破砕機より異音がして停止したのでドラム破砕機の破砕刃に干渉していた金属塊を取り除くため、上部からドラム破砕機のホッパー内に立ち入り、約3メートル下にある破砕刃まで降り立った直後に意識を失い倒れたもの。ドラム破砕機のホッパー内は破砕時の薬液への引火防止のため、窒素ガスが注入され酸素欠乏状態となっていた。被災者は、低酸素脳症を発症し、病院で治療を受けていたが、後日死亡した。","15","清掃・と畜業","1501","清掃・と畜業","150102","産業廃棄物処理業","30~49","7","環境等","71","環境等","714","異常環境等","12","有害物等との接触"
"709","2018","平成","30","3","10~11","被災者が1人でダンボールの回収作業を行っていたところ、ごみ収集車が前進し、ごみ収集車と門柱にはさまれたもの。","15","清掃・と畜業","1501","清掃・と畜業","150102","産業廃棄物処理業","30~49","2","物上げ装置、運搬機械","22","動力運搬機","221","トラック","7","はさまれ、巻き込まれ"
"710","2018","平成","30","3","10~11","被災者は、一般国道入口付近をダンプトラック運転中、くも膜下出血により意識を失い、対向車線側の道路横へ転落した。後日右中大脳動脈瘤破裂によるくも膜下出血を原因とした脳梗塞により死亡したもの。","4","運輸交通業","403","道路貨物運送業","40301","一般貨物自動車運送業","1~9","9","その他","92","起因物なし","921","起因物なし","90","その他"
"711","2018","平成","30","3","4~5","オークション会場に車を納車後、徒歩で駅に向かっていたところ、後方から来たタクシーに被災者が持っていたキャリーバッグが接触、車側に引きずられると同時に被災者本人も引きずられ頭部を強打した。","4","運輸交通業","403","道路貨物運送業","40301","一般貨物自動車運送業","10~29","2","物上げ装置、運搬機械","23","乗物","231","乗用車、バス、バイク","17","交通事故（道路）"
"712","2018","平成","30","3","16~17","終業時間が近づいたため、事務所から離れた場所にある作業場所(通称:駐車場)にて中古車販売用の10tトラックのホイール磨き作業に従事している労働者を迎えに行ったところ、作業場所に居なかったことから、駐車場内を探していたら、駐車場の外側を流れる用水路(幅80センチメートル、深さ1m、水深9センチメートル)の中でうつ伏せになって死亡している労働者を発見したもの。","1","製造業","117","その他の製造業","11701","自動車整備業","30~49","9","その他","99","分類不能","999","分類不能","10","おぼれ"
"713","2018","平成","30","3","16~17","橋脚建設工事用の仮桟橋の支持杭(鋼管杭)を所定の位置に打設するための仮設物の組立作業中に発生したもの。下流側の導枠(打設済の鋼管杭に溶接により取付けたブラケット上に設置されたH形鋼)の先端部付近に、導枠に取付けたガイドに沿って、くい打機により導杭(H形鋼)を挿入していたところ、ブラケットの鋼管杭への溶接部が剥がれ、当該導枠上で合図等を行っていた被災者が導枠ごと川に転落した。","3","建設業","301","土木工事業","30106","道路建設工事業","1~9","4","仮設物、建築物、構築物等","41","仮設物、建築物、構築物等","419","その他の仮設物、建築物、構築物等","10","おぼれ"
"714","2018","平成","30","3","8~9","スクラップベーリングプレスのピット内(スクラップを圧縮成形する箇所)に立ち入り、詰まったスクラップ材を取り除いていたところ、当該プレスが起動し、蓋が閉まり、ピット内にいた被災者がはさまれ、死亡したもの。","15","清掃・と畜業","1501","清掃・と畜業","150103","その他の廃棄物処理業","10~29","1","動力機械","15","金属加工用機械","159","その他の金属加工用機械","7","はさまれ、巻き込まれ"
"715","2018","平成","30","3","0~1","別の追突事故により高速道路上に停車していた2台のトラックに、約20分後に別のトラックが追突し、当該の運転手が死亡したもの。","4","運輸交通業","403","道路貨物運送業","40301","一般貨物自動車運送業","10~29","2","物上げ装置、運搬機械","22","動力運搬機","221","トラック","17","交通事故（道路）"
"716","2018","平成","30","3","16~17","アンテナ設置工事の見積もりを行うため、同僚と2人でマンションの屋上塔屋部へ登り、既設アンテナの状態とケーブルの配線状況を確認するため、幅24センチメートルのパラペット上を移動していたところ、バランスを崩して23.3m下のアスファルト道路に墜落したもの。","3","建設業","303","その他の建設業","30301","電気通信工事業","1~9","4","仮設物、建築物、構築物等","41","仮設物、建築物、構築物等","418","建築物、構築物","1","墜落、転落"
"717","2018","平成","30","3","12~13","2階建住宅外壁改修工事現場において、被災者が脚立(天板高さ116センチメートル)を使用し玄関ポーチ庇下部の養生作業を行っていたところ、ドスンという音が聞こえ駆けつけた同僚が脚立と一緒に倒れている被災者を発見したもの。","3","建設業","302","建築工事業","30209","その他の建築工事業","1~9","3","その他の装置等","37","用具","371","はしご等","1","墜落、転落"
"718","2018","平成","30","3","0~1","工場内において被災者は車輌内で待機中、気分が悪くなり、車輌を降りて、構内の事務所にいる職員へその旨を伝えに事務所に向かった。その途中、事務所の出入り口付近で被災者は倒れた。すぐに職員が消防へ連絡をし救急車にて搬送。","4","運輸交通業","403","道路貨物運送業","40301","一般貨物自動車運送業","30~49","9","その他","92","起因物なし","921","起因物なし","90","その他"
"719","2018","平成","30","3","14~15","倉庫解体工事において、杭抜機で鉄筋コンクリート製の杭を地面から引き抜いてつり上げた状態にした後、ドラグショベルで杭の下部もつり上げることにより杭を水平にして地面に下ろすため、被災者が杭の下部に玉掛け用ワイヤロープを取り付けていたところ、杭の表面に付着していた砂が落下して被災者に当たった。","3","建設業","302","建築工事業","30209","その他の建築工事業","10~29","1","動力機械","14","建設機械等","143","基礎工事用機械","4","飛来、落下"
"720","2018","平成","30","3","12~13","被災者が、納品先のドラッグストアーで納品を終えた後、運転席に乗り込みドアを閉めたところ、広告用の幟をドアに挟んでしまった。ドアを挟んだことに気づかずに被災者がトラックを発進させたところ、幟が動き出したため、トラックを停車し、運転席のドアを開けながらトラックを後退させたところ、被災者が運転席から墜落し、そのまま後退をしているトラックと金属製の車止めにはさまり死亡した。","4","運輸交通業","403","道路貨物運送業","40301","一般貨物自動車運送業","10~29","2","物上げ装置、運搬機械","22","動力運搬機","221","トラック","6","激突され"
"721","2018","平成","30","3","10~11","県道において、被災者が運転する2tダンプが、緩やかなカーブの手前で急にセンターラインを超えて反対車線にはみ出し、対向してきた大型クレーン車(70t)と正面衝突。この事故で、2tダンプを運転していた被災者は全身を強く打ち死亡(心破裂)。被災者は、工事現場で出た土砂を積み込み、土捨置場(約15キロメートル先)まで向かう途中であった。クレーンの運転者は軽傷であった。","3","建設業","301","土木工事業","30199","その他の土木工事業","1~9","2","物上げ装置、運搬機械","22","動力運搬機","221","トラック","17","交通事故（道路）"
"722","2018","平成","30","3","16~17","市発注の下水道工事(L=600m)において、民家へ引き込むための取出し管(事前に本管に取付けていた)周辺の掘削(最深部でH=1.7m)を行なっていたところ、手掘りをするため掘削溝内に入った際、突然、砕石・土砂(H=0.8m×W0.5m)が崩壊し、被災者の首付近に直撃した。崩壊した砕石・土砂は、上部40センチメートルが砕石であった。","3","建設業","301","土木工事業","30110","上下水道工事業","1~9","7","環境等","71","環境等","711","地山、岩石","5","崩壊、倒壊"
"723","2018","平成","30","3","10~11","機械装置の保守点検業務(グリスアップ等)に従事。当該作業を終え、機械装置の周辺を移動していたところ、安全帯(ランヤード:U字吊用)から垂れ下がったロープが、滑車(φ3.6m:1回転/2秒)に絡み、体が引っ張られて滑車と支柱との隙間(20~30センチメートル)を通過。さらに持ち上げられて、滑車上部の保護装置(金網)に激突してから落下。骨盤骨折による出血性ショックにより死亡。","4","運輸交通業","401","鉄道・軌道・水運・航空業","40101","鉄道・軌道業","10~29","1","動力機械","12","動力伝導機構","121","動力伝導機構","7","はさまれ、巻き込まれ"
"724","2018","平成","30","3","14~15","桟橋を支える鋼管杭の塗装のために海上につり足場が組まれていたが、その足場解体作業中、強風(風速12.5m/s)にあおられて、桟橋を構成する梁(直径80センチメートルの鋼管)から墜落し溺死したもの。","3","建設業","303","その他の建設業","30309","その他の建設業－その他","10~29","4","仮設物、建築物、構築物等","41","仮設物、建築物、構築物等","415","屋根、はり、もや、けた、合掌","10","おぼれ"
"725","2018","平成","30","3","12~13","河川の災害復旧工事において、河川内の一部を仮締切し左岸側の落差工(水叩部)のコンクリート(捨てコン)の打設中、突然、上流側から大量の雪氷が一気に押し流されて来たため、すぐに被災者含む7人は逃げたが、逃げ遅れた被災者(現場代理人)は生き埋めとなった。約1時間後に救出されたが、搬送先の病院で翌日死亡したもの。なお、災害発生時は、雨が降っており気温もプラスであった。","3","建設業","301","土木工事業","30107","河川土木工事業","100~299","7","環境等","71","環境等","719","その他の環境等","5","崩壊、倒壊"
"726","2018","平成","30","3","10~11","マンション新築工事において、三次下請事業場所属の労働者が、14階において、部材を運ぶため、高さ19センチの台車に部材を乗せ、当該台車を押しつつ低姿勢で移動していたところ、同階の躯体端より地上まで墜落したもの。躯体端の手すりの隙間からすり抜け、墜落したものと推測される。","3","建設業","302","建築工事業","30201","鉄骨・鉄筋コンクリート造家屋建築工事業","1~9","4","仮設物、建築物、構築物等","41","仮設物、建築物、構築物等","417","通路","1","墜落、転落"
"727","2018","平成","30","3","10~11","被災者は、客先工場にて電気設備の月例点検を行っていた。当該工場平屋部の屋上に設置されているキュービクル式高圧受電設備(受電電圧6600V)の内部を点検していたところ、感電し、4.86mの高さから地上に墜落して後日死亡したもの。当該屋上の端部付近には、高さ27センチメートルのパラペットの他には、何もなかった。","17","その他の事業","1702","その他の事業","170209","その他の事業－その他","30~49","3","その他の装置等","35","電気設備","352","電力設備","13","感電"
"728","2018","平成","30","3","10~11","商業ビルの機械式駐車場の警備員が、車両の入庫誘導作業を行っていた際に、入庫者の求めに応じて、搬器奥にある車誘導ミラーの清掃を行おうとしたところ、搬器と躯体との間の隙間から約11メートル下の地下2階に墜落し、腹腔内臓器損傷により死亡したもの。","17","その他の事業","1702","その他の事業","170201","警備業","1000~9999","4","仮設物、建築物、構築物等","41","仮設物、建築物、構築物等","416","作業床、歩み板","1","墜落、転落"
"729","2018","平成","30","3","18~19","バイクで郵便配達中に運転を誤り、ガードレールに接触、電柱に衝突した。","11","通信業","1101","通信業","110101","通信業","300~499","2","物上げ装置、運搬機械","23","乗物","231","乗用車、バス、バイク","17","交通事故（道路）"
"730","2018","平成","30","3","12~13","国道を南下していたトレーラーが、交差点の手前50メートル付近において、右折車線から対向車線の追越車線にはみ出たため、当該追越車線を北上していた被災者の運転するトラックに正面衝突した。当該トラックはオフセット衝突により運転席が大破し、被災者は頭部等を強く打ち死亡した。事故当時は雨が降っており、トレーラーは速いスピードで走行していた。","4","運輸交通業","403","道路貨物運送業","40301","一般貨物自動車運送業","10~29","2","物上げ装置、運搬機械","22","動力運搬機","221","トラック","17","交通事故（道路）"
"731","2018","平成","30","3","10~11","橋脚築造工事現場において、土止め支保工解体作業の際、被災者は腹起こしの鋼材を支持するブラケット材をガス溶断していたところ、腹起こしが落下しないよう、あらかじめチェーンブロックを両端2箇所に掛け、一段上の腹起こしに当該腹起しを吊り下げるようにしていたが、ブラケット材が溶断されたときに片方のチェーンブロックが破断し、腹起こしが両方とも落下し、上段の腹起こしの下敷きとなり、死亡したもの。","3","建設業","301","土木工事業","30105","橋梁建設工事業","30~49","5","物質、材料","52","材料","521","金属材料","4","飛来、落下"
"732","2018","平成","30","3","8~9","機械製品(重量約2t)出荷のため10tトラックへ積み込み作業中、同僚と2人で丸鋼棒を製品下部フレーム部に空けられた2箇所の穴に左右35センチメートルほどフレームから出るように各々差し込み、フレームから出た部分に約7mの繊維スリングをたすき掛けに目掛けし、天井クレーンでつり上げ、約20m移動させたところ、荷のバランスが突然崩れ吊り荷が落下、荷の介添えをしながらクレーンを運転していた被災者が下敷きになったもの。","1","製造業","113","一般機械器具製造業","11301","機械（精密機械を除く）器具製造業","10~29","3","その他の装置等","37","用具","372","玉掛用具","4","飛来、落下"
"733","2018","平成","30","3","18~19","組立工場において、堅型射出成型機(能力150t)の出荷前試運転の結果、モーターから異音が発生したため、モーター取外し作業を、被災者を含め3名で開始した。ロッド状の安全装置、ターンテーブル横の取付プレートを取外し、モーター周りの部品・配線を取外した。大きな衝撃音があり、機械下部の点検口で、機械のプーリー部と最下部オイルパンに挟まれていた被災者が発見された。","1","製造業","113","一般機械器具製造業","11301","機械（精密機械を除く）器具製造業","50~99","1","動力機械","16","一般動力機械","164","射出成形機","7","はさまれ、巻き込まれ"
"734","2018","平成","30","3","16~17","河川の落差工(コンクリート構造物=幅4.3m・高さ2.2m・奥行0.8m重さ約10トン)及び石積み護岸を修繕する工事において、掘削作業終了後、被災者は落差工の直下において、排水用の水中ポンプを移設する作業をしていたところ、落差工が倒壊して下敷きとなった。","3","建設業","301","土木工事業","30107","河川土木工事業","1~9","4","仮設物、建築物、構築物等","41","仮設物、建築物、構築物等","418","建築物、構築物","5","崩壊、倒壊"
"735","2018","平成","30","3","12~13","ガラス繊維織物を製造する高速部分整経機を使用して、ガラス繊維製の経糸(たていと)を直径10.5センチメートルの鉄心(ビームという)に巻く作業において、手が糸と共に巻き込まれ死亡したもの。","1","製造業","117","その他の製造業","11709","その他の製造業－その他","10~29","1","動力機械","16","一般動力機械","169","その他の一般動力機械","7","はさまれ、巻き込まれ"
"736","2018","平成","30","3","8~9","RC造、地上7階建内階段のコンクリート打設作業を行っていた労働者が、4階開口部から地上1Fまで10.5メートル墜落し死亡したもの。","3","建設業","302","建築工事業","30201","鉄骨・鉄筋コンクリート造家屋建築工事業","10~29","4","仮設物、建築物、構築物等","41","仮設物、建築物、構築物等","414","開口部","1","墜落、転落"
"737","2018","平成","30","3","8~9","山林において伐採作業中、樹高約20mのカラマツにチェーンソーで受け口と追い口をつくった後、木材グラップル機を用いてカラマツを倒そうとしたが、倒れなかったため更にチェーンソーで追い口を切り込んだところ、カラマツが倒れ、倒れたカラマツとともに約6.8m滑落し、カラマツと石の間に足がはさまれたものと推測される。","6","農林業","602","林業","60201","木材伐出業","30~49","7","環境等","71","環境等","712","立木等","6","激突され"
"738","2018","平成","30","3","8~9","一般国道道路改良工事において、重さ1.8トンのL字型擁壁を現場から搬出するため、現場代理人である被災者がつり上げ荷重2.93トンの車両積載形トラッククレーンを操作し同擁壁をつり上げトラックの荷台側へ旋回したところ、当該クレーンが転倒し、当該クレーンとトラックの間に被災者が挟まれ死亡したもの。","3","建設業","301","土木工事業","30106","道路建設工事業","1~9","2","物上げ装置、運搬機械","21","動力クレーン等","212","移動式クレーン","7","はさまれ、巻き込まれ"
"739","2018","平成","30","3","16~17","自衛隊演習場内にある「市街地訓練所」での訓練により生じた破片の清掃や損傷した訓練施設の修繕を自衛隊の担当者の管理のもと行う作業に従事。被災者らは作業車両にて市街地訓練所を出たが、集合場所への被災者らの戻りが遅いので同僚ら探しに行くも荒天のため被災者らの所在確認が出来なかった。捜索にあたっていた自衛隊員が、演習場内の調節池で死亡している被災者2名を発見したもの。","15","清掃・と畜業","1501","清掃・と畜業","150101","ビルメンテナンス業","30~49","7","環境等","71","環境等","713","水","10","おぼれ"
"740","2018","平成","30","3","16~17","自衛隊演習場内にある「市街地訓練所」での訓練により生じた破片の清掃や損傷した訓練施設の修繕を自衛隊の担当者の管理のもと行う作業に従事。被災者らは作業車両にて市街地訓練所を出たが、集合場所への被災者らの戻りが遅いので同僚ら探しに行くも荒天のため被災者らの所在確認が出来なかった。捜索にあたっていた自衛隊員が、演習場内の調節池で死亡している被災者2名を発見したもの。","15","清掃・と畜業","1501","清掃・と畜業","150101","ビルメンテナンス業","30~49","7","環境等","71","環境等","713","水","10","おぼれ"
"741","2018","平成","30","3","12~13","高さ約3mで3段積みとしていたフレコンバック(シリカ粉入り)が荷崩れを起こし、被災者は約640キログラムの3段目のフレコンバックの下敷きとなり、圧死したもの。災害の現認者はおらず、1段目のフレコンバックが破れシリカ粉が散乱しガムテープが残っていたことから、被災者は1段目のフレコンバックが破れをガムテープにて補修していたものと思われる。","1","製造業","108","化学工業","10801","無機・有機化学工業製品製造業","500~999","6","荷","61","荷","611","荷姿の物","5","崩壊、倒壊"
"742","2018","平成","30","3","4~5","被災者は、他の2名とともに脱りん炉に併設されている排ガスボイラーの第二輻射部ダクト内に堆積した粉じんを除去する作業の準備を行っていたが、第二輻射部マンホールからダクト内入った後に行方不明となり、探したところダクトに接続されたガスクーラーの底部で発見された。ダクト内に入った後、ダクト内を滑り落ち、ガスクーラー底部まで約45メートル墜落したものと推定される。","1","製造業","110","鉄鋼業","11001","製鉄・製鋼・圧延業","1000~9999","3","その他の装置等","31","圧力容器","311","ボイラー","1","墜落、転落"
"743","2018","平成","30","3","14~15","事業場敷地内の破損した倉庫の屋根(ポリカーボネート樹脂板)の修理作業を単独で行っていた被災者(元大工)が、高さ5.57mの屋根の波板を踏抜き、地上に墜落し倒れているのが発見された。被災者は病院に搬送されたが、死亡が確認された。発見時の被災者は保護帽、安全帯ともに未着用であり、屋根に防網等も設置されていなかった。","3","建設業","301","土木工事業","30109","土地整理土木工事業","1~9","4","仮設物、建築物、構築物等","41","仮設物、建築物、構築物等","415","屋根、はり、もや、けた、合掌","1","墜落、転落"
"744","2018","平成","30","3","12~13","ベルトコンベヤーを動かしながらローラーに付着した土砂をスコップ(長さ約50センチメートル)を使用して取り除く作業を行っていたところ、ベルトコンベヤーのベルトとローラーの間に挟まれた。","1","製造業","109","窯業土石製品製造業","10909","その他の土石製品製造業","1~9","2","物上げ装置、運搬機械","22","動力運搬機","224","コンベア","7","はさまれ、巻き込まれ"
"745","2018","平成","30","3","4~5","林道で雪のため車が動けなくなったとの救助要請により、被災者と同僚2名はレスキュー車で現場に向かったが、レスキュー車も雪のため動けなくなった。被災者は救助要請者の車又はレスキュー車を救助に来た除雪車に向けて徒歩で移動していたところ連絡が取れなくなった。警察、消防及び自衛隊で捜索したところ、林道に倒れている被災者を発見したもの。","4","運輸交通業","403","道路貨物運送業","40301","一般貨物自動車運送業","1~9","7","環境等","71","環境等","715","高温・低温環境","11","高温・低温の物との接触"
"746","2018","平成","30","3","12~13","木造家屋新築工事において被災者が1階でクロス貼り作業中、屋外では当該工事現場の近隣住民が生活ごみが風で飛散し、本件工事現場内にも飛んでくるおそれがあったため、被災者は屋外に出て生活ごみを拾い集めようとしていたところ、本件工事現場から西に2軒隣で施工中であった別の木造家屋新築工事現場内に敷かれてあった泥よけ用の木製板が風で飛び、被災者の頭部に当たった。","3","建設業","302","建築工事業","30202","木造家屋建築工事業","1~9","7","環境等","71","環境等","719","その他の環境等","4","飛来、落下"
"747","2018","平成","30","3","2~3","六フッ化りん酸リチウム製造過程にあるタンクに付属しているフィルターを交換するため、フィルター内に溜まっていた溶剤(フッ化水素80%含有)を抜き取る作業を行っていたところ、同溶剤を顔面に浴び病院へ搬送されたが搬送先の病院で死亡したもの。","1","製造業","108","化学工業","10801","無機・有機化学工業製品製造業","100~299","5","物質、材料","51","危険物、有害物等","514","有害物","12","有害物等との接触"
"748","2018","平成","30","2","10~11","弁当用のパック、箸等が保管されている2階建ての物置場において、被災者は2階(1階床面から2階床面の高さ2.015m)に置かれた弁当用のパックを取りに行くため、積載荷重100キログラムのポーリフトの搬器に乗り、1階から2階へ上昇していく途中で、搬器の手すりと2階床面開口部の縁との間に胸部を挟まれ、外傷性下行大動脈損傷により死亡したもの。","8","商業","802","小売業","80209","その他の小売業","10~29","2","物上げ装置、運搬機械","21","動力クレーン等","214","エレベータ、リフト","7","はさまれ、巻き込まれ"
"749","2018","平成","30","2","2~3","被災者が、軽ワゴン車を使用して新聞配達のため、県道を運転していたところ、走行車線をはみだし、対向車線脇にある立木に激突。激突したはずみで走行車線脇まで車が移動し、停車したもの。頭を強打し、災害発生場所で死亡が確認された。","8","商業","802","小売業","80205","新聞販売業","10~29","2","物上げ装置、運搬機械","23","乗物","231","乗用車、バス、バイク","17","交通事故（道路）"
"750","2018","平成","30","2","16~17","被災者は、作業現場の施工状況を確認するため、地上より約4メートル下にある地下作業場に梯子を使用して降りていたところ、墜落して死亡した。なお、梯子には、安全ブロックを取り付けていたが、使用していなかった。","3","建設業","302","建築工事業","30201","鉄骨・鉄筋コンクリート造家屋建築工事業","100~299","4","仮設物、建築物、構築物等","41","仮設物、建築物、構築物等","413","階段、桟橋","1","墜落、転落"
"751","2018","平成","30","2","16~17","同日午前4時より作業の予定があるにも関わらず出勤してこないことを不審に思った他の労働者が、被災者の自宅を訪問したところ、布団の中で目が半開きのまま固く冷たくなっている被災者を発見したもの。","8","商業","804","その他の商業","80401","倉庫業","30~49","9","その他","92","起因物なし","921","起因物なし","90","その他"
"752","2018","平成","30","2","10~11","フォークリフトで持ち上げていた貯水タンクが落下し、付近にいた被災者にぶつかり、肋骨が折れ、当該肋骨が肺に刺さり肺挫傷により死亡したものである。なお、当初被災者は経営者であると考えられたが、その後労働者であることが判明したものである。","1","製造業","117","その他の製造業","11709","その他の製造業－その他","10~29","3","その他の装置等","37","用具","379","その他の用具","4","飛来、落下"
"753","2018","平成","30","2","8~9","ダムの利水放流設備点検用ゲート設置工事のため、潜水したところ放流管に流れ込む水に流され死亡した。","3","建設業","301","土木工事業","30101","水⼒発電所等建設工事業","1~9","7","環境等","71","環境等","713","水","10","おぼれ"
"754","2018","平成","30","2","0~1","被災者が、1人で運転していた車両総重量24970キログラムの貨物自動車の異常を感じたため、国道上で、交差点付近の道路右側に停車した後、当該自動車左側前から2輪目のタイヤ付近から出火し、毛布で出火場所を覆うことで消火活動を行っていたところ、当該タイヤが破裂し、重症頭部外傷により死亡したもの。","4","運輸交通業","403","道路貨物運送業","40301","一般貨物自動車運送業","10~29","2","物上げ装置、運搬機械","22","動力運搬機","221","トラック","17","交通事故（道路）"
"755","2018","平成","30","2","4~5","被災者は、D型ハウス内に保管されていた牧草ロールのはい崩し及びトラックへの積込み作業に従事していたところ、牧草ロール1個(重量約350キログラム、直径1.6m×幅1.2mの円柱型)に仰向けで下敷きになった状態で、牧場代表者に発見されたもの。牧草ロールは3列分(3~4段、33個分)が倒壊していた。","8","商業","801","卸売業","80109","その他の卸売業","1~9","6","荷","61","荷","611","荷姿の物","5","崩壊、倒壊"
"756","2018","平成","30","2","6~7","被災労働者が新聞(朝刊)配達のため、50ccの原動機付自転車に乗り、県道を南に向かって走行していたところ、カーブで対向車の軽乗用車と正面衝突して転倒、全身を強く打ち死亡したもの。災害が発生した道路は中央線のない対面通行の道路である。","8","商業","802","小売業","80205","新聞販売業","30~49","2","物上げ装置、運搬機械","23","乗物","231","乗用車、バス、バイク","17","交通事故（道路）"
"757","2018","平成","30","2","14~15","マンション新築工事現場において、移動式クレーンを用いて鉄筋の(総重量約360キログラム)6個の束を、輸送してきた運送会社の労働者(運転手)が玉掛け作業を行い、9階につり上げていたところ、6個のうち1個の束が外れ地上に落下し、運送会社の労働者の頭部に当たり死亡。","4","運輸交通業","403","道路貨物運送業","40301","一般貨物自動車運送業","10~29","3","その他の装置等","37","用具","372","玉掛用具","4","飛来、落下"
"758","2018","平成","30","2","10~11","「舗装道修繕工事現場」において、道路ほ装工事のため路面切削機により切削されたほ装道の状況を屈んで接写撮影していたところ、路面切削を終えた個所の清掃作業のため後退してきた路面清掃機「スイーパー」の右後輪にひかれ、「外傷性心破裂」により死亡したものである。","3","建設業","301","土木工事業","30106","道路建設工事業","50~99","1","動力機械","14","建設機械等","149","その他の建設機械等","7","はさまれ、巻き込まれ"
"759","2018","平成","30","2","8~9","2階建て一般住宅の塗装工事のため設置したくさび緊結式の一側足場を解体するため、作業者3名が各々の場所で足場外面に張られたメッシュシートを剥がしていた。建屋北西面から異音がしたことから作業者2名が駆けつけたところ、隣接アパートの敷地に倒れている被災者を発見したもの。保護帽は被災者の周囲に転がっており、安全帯は着用していなかった。","3","建設業","302","建築工事業","30209","その他の建築工事業","10~29","4","仮設物、建築物、構築物等","41","仮設物、建築物、構築物等","411","足場","1","墜落、転落"
"760","2018","平成","30","2","8~9","立木を伐採するため3人で作業中、職長が伐採する立木を倒れる方向にロープで引っ張った上で、他2人に周囲に近づかないように指示しチェーンソーで伐採したところ、伐倒木の先端が被災者の身体と接触し被災したもの。被災者は入院加療中であったが入院先で死亡したもの。","3","建設業","301","土木工事業","30199","その他の土木工事業","1~9","7","環境等","71","環境等","712","立木等","6","激突され"
"761","2018","平成","30","2","14~15","当該機材センター敷地内に設置されたテント内において、地盤改良機(杭打ち機)のオーガーの撹拌羽根を切断するため、被災者はガス溶接装置を使用して撹拌羽根の根元部分を切断しようとしたところ、火花が防護用の前掛けの中の衣服に引火して火傷を負い、治療のため入院していたが、広範囲熱傷による多臓器不全により死亡したもの。","3","建設業","301","土木工事業","30199","その他の土木工事業","1~9","3","その他の装置等","33","溶接装置","331","ガス溶接装置","11","高温・低温の物との接触"
"762","2018","平成","30","2","10~11","利用者宅へ訪問看護のため、軽自動車で県道を運転し停止中、後方から接近してきた中型トラックに追突された。その弾みで被災者が運転していた軽自動車が対向車線にはみ出し、別のトラックと正面衝突した。","13","保健・衛生業","1301","医療保健業","130109","その他の医療保健業","1~9","2","物上げ装置、運搬機械","22","動力運搬機","221","トラック","17","交通事故（道路）"
"763","2018","平成","30","2","8~9","休耕している水田内に工事用仮設作業道として設置していた敷鉄板の搬出作業中、クレーン機能付きドラグショベルで吊った敷鉄板がダンプの荷台上で引っかかり動かない状態となった。クレーン機能付きドラグショベルを運転していた被災者が運転席から降り、自らダンプの後アオリを下したところ、敷鉄板が振り子状に動き被災者の胸にに激突し、続けて被災者後方の重機に背中から激突したものである。","3","建設業","301","土木工事業","30199","その他の土木工事業","1~9","2","物上げ装置、運搬機械","21","動力クレーン等","212","移動式クレーン","6","激突され"
"764","2018","平成","30","2","16~17","給油車(航空機に給油するためのポンプを備えたタンクローリー)の整備点検作業に際し、当該車両装備のポンプの能力を点検するため、給油ホースをタンク上部のマンホールから挿入し、灯油とみられる液体を循環させていたところ、突然マンホール付近から火災が発生し、タンク上部でホースを保持していた2名及び車両後部で機器の操作と点検を行っていた2名が被災したもの。","1","製造業","117","その他の製造業","11701","自動車整備業","30~49","5","物質、材料","51","危険物、有害物等","512","引火性の物","16","火災"
"765","2018","平成","30","2","18~19","隣接する寺で飼われている猫が、湯殿館内に展示している遺構(昔の風呂の跡)の底部(床から1.8メートル下)で倒れているのを寺の住人が発見したため、住人が当館を管理している事業場に連絡したところ、連絡を受けた被災者が猫を救出するため遺構の内部に入り、猫を抱き上げた拍子に、その場で倒れた。被災者は意識が戻らないまま死亡した。なお、当該遺構の底部の酸素濃度は、通常より低い数値であった。","13","保健・衛生業","1303","その他の保健衛生業","130301","浴場業","10~29","7","環境等","71","環境等","714","異常環境等","12","有害物等との接触"
"766","2018","平成","30","2","8~9","出社した被災者が、朝方、事業場内で倒れているのが発見され、救急搬送後に死亡確認されたもの。","4","運輸交通業","403","道路貨物運送業","40301","一般貨物自動車運送業","50~99","9","その他","92","起因物なし","921","起因物なし","90","その他"
"767","2018","平成","30","2","16~17","被災者が高さ約20m、胸高直径42センチメートルの杉の木をチェーンソーにて伐倒していたところ、同伐倒木の背後に立っていた高さ11.4m、胸高直径18センチメートルのばりばりの木がつるで繋がっていたため、伐倒した杉の木に引っ張られたばりばりの木の一部が根本から倒壊し、被災者に激突したもの。","6","農林業","602","林業","60201","木材伐出業","1~9","7","環境等","71","環境等","712","立木等","5","崩壊、倒壊"
"768","2018","平成","30","2","12~13","被災者は間知ブロックの出荷前作業で使用する機械(搬送装置)の清掃を行っていたところ、機械と機械可動部(プッシャー)の間に身体を挟まれ、死亡した。","1","製造業","109","窯業土石製品製造業","10901","セメント・同製品製造業","10~29","1","動力機械","16","一般動力機械","169","その他の一般動力機械","7","はさまれ、巻き込まれ"
"769","2018","平成","30","2","10~11","国道沿いの道路改良工事現場において、コンクリート擁壁の路肩で作業を行っていたバックホーがバランスを崩して約5m下の川底へ転落し、運転者はバックホーの下敷きとなり、頭部を圧迫されて死亡した。転落の直前まで、バックホーのバケットフックに土砂の入ったワイヤーモッコを掛け、道路上へ吊上げる作業を行っていた。当該バックホーはクレーン機能を備えているが、適切に使用されていなかった。","3","建設業","301","土木工事業","30106","道路建設工事業","10~29","1","動力機械","14","建設機械等","142","掘削用機械","1","墜落、転落"
"770","2018","平成","30","2","10~11","被災者は朝からトラクターショベルを運転し、事業場の敷地の排雪を行っていたが、燃料が少なくなってきたことから、事業場に保管されているポリタンクから燃料を給油するため、タイヤのカバー部分(高さ1.56m)に上がり、地上の同僚と給油口の上のカバーを持ち上げた。他の運搬車が入ってきたため、誘導のため同僚が離れたところ、ドスンという音がし、振り返ったところ、被災者が床に倒れていた。","15","清掃・と畜業","1501","清掃・と畜業","150102","産業廃棄物処理業","10~29","1","動力機械","14","建設機械等","141","整地・運搬・積込み用機械","1","墜落、転落"
"771","2018","平成","30","2","8~9","シーツスタッカーと呼ばれる機械(約400キログラム)をフォークリフトで運搬し、トラックの荷台に載せる作業で、フォークリフトで同機械を持ち上げる途中にバランスを崩した同機械が落下し、付近にいた被災者がその下敷きになって死亡したもの。","1","製造業","113","一般機械器具製造業","11301","機械（精密機械を除く）器具製造業","1~9","6","荷","61","荷","611","荷姿の物","4","飛来、落下"
"772","2018","平成","30","2","8~9","倉庫の脇のテント小屋内において、住宅の新築工事で使用する煉瓦を加工していたところ、屋根(表面はブルーシート)に積もっていた雪と倉庫からの落雪によりテント小屋が倒壊、構造部材(廃材)や落雪の下敷きになり死亡したもの。","3","建設業","302","建築工事業","30202","木造家屋建築工事業","30~49","4","仮設物、建築物、構築物等","41","仮設物、建築物、構築物等","418","建築物、構築物","5","崩壊、倒壊"
"773","2018","平成","30","2","8~9","事業主がハーベスタの運転中に、小段に乗り上げ、ハーベスタが転倒し、周囲で作業を行なっていた被災者が下敷きになり、死亡したもの。当災害によるその他の負傷者は発生していない。","6","農林業","601","農業","60101","農業","1~9","2","物上げ装置、運搬機械","23","乗物","239","その他の乗物","2","転倒"
"774","2018","平成","30","2","16~17","太陽光発電設備の造成工事現場において、立木の伐採作業に従事していた被災者が胸高直径28センチメートルの伐倒木の下敷きになっているのを発見された。","3","建設業","303","その他の建設業","30301","電気通信工事業","10~29","7","環境等","71","環境等","712","立木等","5","崩壊、倒壊"
"775","2018","平成","30","2","14~15","被災者は集合住宅の清掃員であり、共有部分の清掃を担当していた。終業時刻を過ぎても事務所に戻ってこないことから同事業場所属の管理人が捜したところ、地下1階に降りる階段の途中で倒れている被災者を発見したもの。地下1階に降りる階段上を清掃道具置場として利用していた。","15","清掃・と畜業","1501","清掃・と畜業","150101","ビルメンテナンス業","100~299","4","仮設物、建築物、構築物等","41","仮設物、建築物、構築物等","413","階段、桟橋","1","墜落、転落"
"776","2018","平成","30","2","10~11","他の業者の工区から盛土材を運搬してきた10tダンプを誘導していたところ、被災者の背面から現場内の盛土材を運搬していた4tダンプが後進してきて、当該ダンプに轢かれたもの。","3","建設業","301","土木工事業","30106","道路建設工事業","10~29","2","物上げ装置、運搬機械","22","動力運搬機","221","トラック","7","はさまれ、巻き込まれ"
"777","2018","平成","30","2","10~11","県道道路法面からの岩石、岩盤崩壊の状況を確認する道路防災点検業務を行うに当たり、道路下を横断するボックスカルバートの中の土砂の堆積状況等の写真を撮影するため、被災者が道路のガードレールを乗り越え、道路下の法面上に突き出たボックスカルバート(下流側)の天端に降り、さらに下にある小段に降りようとしたところ、13.48m下の川床に転落して死亡したもの。","17","その他の事業","1702","その他の事業","170209","その他の事業－その他","1~9","4","仮設物、建築物、構築物等","41","仮設物、建築物、構築物等","418","建築物、構築物","1","墜落、転落"
"778","2018","平成","30","2","0~1","駐車場において、15tトラック(低床ウイング車)キャビン側のコンクリートの地面に倒れていた被災者が、出勤した別労働者に発見された。発見時に意識・呼吸等なしであった。被災者は、配送業務を終えて事務所にて帰庫の報告を済ませた後、第5駐車場に移動し、トラックキャビンの清掃作業を行っていたところ、トラックキャビンの屋根上から地面に墜落し、頭部打撲して死亡したものと推定される。","4","運輸交通業","403","道路貨物運送業","40301","一般貨物自動車運送業","100~299","2","物上げ装置、運搬機械","22","動力運搬機","221","トラック","1","墜落、転落"
"779","2018","平成","30","2","16~17","木造平屋建て牛舎の新築工事現場において、屋根下地の組立て作業を行うに当たり、被災者は地上で垂木材の玉掛け作業を行った後、建屋内部に設置した移動はしごを用い、高さ6.04mの母屋上に移動した。その後、一方の足を母屋(幅9センチメートル)に、もう一方の足を既に固定していた垂木(幅4.5センチメートル)の上にのせ、同僚が仮置きしていた垂木を固定しようとする等していたところ、建屋内部の地面に墜落したもの。","3","建設業","302","建築工事業","30202","木造家屋建築工事業","10~29","4","仮設物、建築物、構築物等","41","仮設物、建築物、構築物等","415","屋根、はり、もや、けた、合掌","1","墜落、転落"
"780","2018","平成","30","2","10~11","クレーン機能付きドラグショベル(以下重機と呼ぶ)を使用して、トラックの荷台に積まれたH鋼(長さ350センチメートル、重さ280キログラム)を資材置場に卸す作業中、H鋼を保持していた玉掛け作業者である被災者が、H鋼が傾いたため、あわててH鋼に駆け寄った際、転倒して重機前方にうつぶせになった直後、つり荷がクランプから外れ、重機の運転席に落下して操作レバーを動かし、重機が前進し被災者をひいたもの。","3","建設業","301","土木工事業","30110","上下水道工事業","1~9","2","物上げ装置、運搬機械","21","動力クレーン等","212","移動式クレーン","7","はさまれ、巻き込まれ"
"781","2018","平成","30","2","8~9","荷主場所から荷を積込み出発し、翌々日に精米工場に米を配送した。工場到着後、30キログラムの袋をトラック荷台から床に荷卸しする作業を行っていた被災者が、トラック右後方で倒れていたのを現地担当者が発見した。救急搬送されたが、意識がもどらず死亡した。","4","運輸交通業","403","道路貨物運送業","40301","一般貨物自動車運送業","30~49","9","その他","99","分類不能","999","分類不能","90","その他"
"782","2018","平成","30","2","8~9","被災者は、取引先企業の事務所から作業場所へ向かう際、片側一車線の都道の左端を自動二輪車で走行中、運転操作を誤り電信柱に衝突した。病院に搬送されたものの、全身打撲を負って、当日死亡が確認された。","17","その他の事業","1702","その他の事業","170209","その他の事業－その他","50~99","2","物上げ装置、運搬機械","23","乗物","231","乗用車、バス、バイク","17","交通事故（道路）"
"783","2018","平成","30","2","6~7","職長の指示により船尾部ブロックの歪み取り作業を開始するため、当該ブロックの甲板にある縦2.45メートル横3.00メートルの開口部の周囲に墜落防止用の手すりを設置しようと作業床高12メートルの高所作業車を操作して甲板に上がった直後、手すりを設置するため甲板上を移動していたところ、高さ5.42メートルの同開口部から墜落した。その後、搬送先の医療機関にて療養していたが、後日死亡した。","1","製造業","115","輸送用機械等製造業","11501","造船業","10~29","4","仮設物、建築物、構築物等","41","仮設物、建築物、構築物等","418","建築物、構築物","1","墜落、転落"
"784","2018","平成","30","2","20~21","被災者は、防災センターにて受付業務に従事していた際、座っていた椅子から倒れたため、同僚が救急車を要請し、病院に搬送された。同日から入院し、療養を継続していたが後日くも膜下出血により死亡したもの。","17","その他の事業","1702","その他の事業","170201","警備業","30~49","9","その他","92","起因物なし","921","起因物なし","90","その他"
"785","2018","平成","30","2","14~15","射出成形機の金型交換の為、金型交換用自動搬送機で金型を移動させていたところ、金型と射出成形機の架台フレームとの間に挟まれ被災した。","1","製造業","115","輸送用機械等製造業","11502","自動車・同付属品製造業","100~299","2","物上げ装置、運搬機械","22","動力運搬機","229","その他の動力運搬機","7","はさまれ、巻き込まれ"
"786","2018","平成","30","2","6~7","被災者は路線バスの運転手。路線バスの車体の下に巻き込まれた状態で発見されたもので、その後、死亡が確認された。事業場内は緩やかな勾配の坂となっており、同路線バスは坂の中腹の縁石付近にエンジンがかかったままの状態で停止していたもの。災害発生時、被災者は1人で作業していたもので、目撃者もおらず、詳細な発生状況は不明。","4","運輸交通業","402","道路旅客運送業","40202","バス業","100~299","2","物上げ装置、運搬機械","23","乗物","231","乗用車、バス、バイク","7","はさまれ、巻き込まれ"
"787","2018","平成","30","2","14~15","被災者は、民有林でチェーンソーによる伐木作業に従事していた。作業終了時刻になっても被災者が集合場所に戻らないため同僚が捜索したところ、V字型の沢の内部(勾配30~36度)で、伐倒木(センノキ、樹高22.6m、胸高直径35センチメートル)の麓側に座り込み、助けを求める被災者を発見したもの。救急車により病院に搬送されたが死亡した。","6","農林業","602","林業","60201","木材伐出業","10~29","7","環境等","71","環境等","712","立木等","6","激突され"
"788","2018","平成","30","2","14~15","3階建建物の外壁補修工事において、外部足場(一側足場)と建物躯体の一部に足を乗せて既存の外壁コーキング材の撤去作業を行っていた作業者が、メッシュシートの隙間から敷地外の隣家まで墜落したもの(墜落高さ約2メートル12センチメートル)。","3","建設業","302","建築工事業","30201","鉄骨・鉄筋コンクリート造家屋建築工事業","1~9","4","仮設物、建築物、構築物等","41","仮設物、建築物、構築物等","411","足場","1","墜落、転落"
"789","2018","平成","30","2","14~15","ステンレス製鋼材の成型作業を行っていた被災者が、鋼材を仮置きする台(ラック)の内部で、鋼材に挟まれ意識を失っているところを同僚に発見された。","1","製造業","110","鉄鋼業","11001","製鉄・製鋼・圧延業","100~299","5","物質、材料","52","材料","521","金属材料","5","崩壊、倒壊"
"790","2018","平成","30","2","10~11","本社敷地内で、4トントラックで金属製品を工場建屋内に搬入するため、運転席側のドアを開けて後方確認をしながら後退したところ、工場出入り口の壁とトラックとの間に上半身を挟まれ、死亡したもの。","17","その他の事業","1701","派遣業","170101","派遣業","30~49","2","物上げ装置、運搬機械","22","動力運搬機","221","トラック","7","はさまれ、巻き込まれ"
"791","2018","平成","30","2","6~7","被災者は新聞の配達中、道路の路側帯に軽トラックを停車し、道路を横断して配達先の家に向かっていたところ、道路を走行してきた乗用車にはねられた。死因(警察から確認)は「外傷性ショック」であった。事故発生時、暗闇で降雪しており視界が悪い状況であった。乗用車にはねられる直前の被災者は、道路上に倒れている状態であった。(被災者を乗用車ではねたドライバーの目撃証言による。)","8","商業","802","小売業","80205","新聞販売業","1~9","2","物上げ装置、運搬機械","23","乗物","231","乗用車、バス、バイク","17","交通事故（道路）"
"792","2018","平成","30","2","8~9","園芸用殺菌剤の製造プラントにて、翌日の生産開始の事前準備のため、原料受入ホッパーに、原料であるフレコンバッグ(フレコン)に入ったイソフタロニトリル(IPN)を投入する作業中に爆発が発生した。爆発が発生した付近に、半身炭化状態かつ背面火傷の状態の被災者を、爆発を聞いて駆けつけた発見者が発見し、119番通報した。後に病院にて死亡が確認された。","1","製造業","108","化学工業","10899","その他の化学工業","1~9","5","物質、材料","51","危険物、有害物等","519","その他の危険物、有害物等","14","爆発"
"793","2018","平成","30","2","8~9","被災者は、鉄骨柱、鉄骨梁約9トンを積み込んだトラックを運転し建設現場に搬入。当該鉄骨の荷下ろしは現場職員が行い、被災者はトラック付近で当該荷下ろし作業を見ていたところ、積荷の鉄骨梁が荷台から落ちて被災者に当たった。","4","運輸交通業","403","道路貨物運送業","40301","一般貨物自動車運送業","50~99","6","荷","61","荷","611","荷姿の物","4","飛来、落下"
"794","2018","平成","30","2","14~15","民間航空機レーダー施設更新工事に伴うドーム取付け架台の撤去作業において、被災者を含む労働者2名がコンクリート壁(周囲約48m、高さ約3.1m、幅約30センチメートルの円筒状の壁)の上に跨り、約50センチメートルスパンで埋設されていたアンカーボルトの撤去を行っていた際に、被災者が次のボルトを切断するために中腰で立ち上がり後ずさりしたところ、誤って約3.1m下のテラス部に転落し死亡した。","3","建設業","303","その他の建設業","30301","電気通信工事業","10~29","4","仮設物、建築物、構築物等","41","仮設物、建築物、構築物等","418","建築物、構築物","1","墜落、転落"
"795","2018","平成","30","2","12~13","ゴルフ練習場の設備の保守・点検作業中、脚立でネットの補修作業中に墜落し、死亡したもの。","17","その他の事業","1702","その他の事業","170209","その他の事業－その他","10~29","3","その他の装置等","37","用具","371","はしご等","1","墜落、転落"
"796","2018","平成","30","2","2~3","原付バイクで朝刊配達中、相手方自動車と接触により頭部打撲。翌日午前、左クモ膜下血腫等により死亡。","8","商業","802","小売業","80205","新聞販売業","50~99","2","物上げ装置、運搬機械","23","乗物","231","乗用車、バス、バイク","17","交通事故（道路）"
"797","2018","平成","30","2","12~13","被災者は、自動車の整備を行うため、2柱式のカーリフトを使用し1.8mの高さまで持ち上げ、車体の下に入り作業を行っていたが、車体を支えていたアームが外れ、車体が落下しその下敷きになったもの。","1","製造業","117","その他の製造業","11701","自動車整備業","1~9","2","物上げ装置、運搬機械","21","動力クレーン等","214","エレベータ、リフト","4","飛来、落下"
"798","2018","平成","30","2","12~13","生コン製造プラントにおいて、ベルトコンベヤの洗浄作業を行っていた被災者が、昼休みになっても戻らないため、同プラント内を探したところ、ベルトコンベヤと下方のホッパーとの間に挟まっているのを発見された。","1","製造業","109","窯業土石製品製造業","10901","セメント・同製品製造業","10~29","2","物上げ装置、運搬機械","22","動力運搬機","224","コンベア","7","はさまれ、巻き込まれ"
"799","2018","平成","30","2","18~19","事業所内の設備工事(塗装工事)を終えた被災者が、同事業所の浴場で入浴していたところ、うつぶせで浴槽内に浮いた状態で発見されたもの。救出時心配停止状態であったが救急病院にて一時心肺蘇生したもの同日深夜心停止死亡。","3","建設業","303","その他の建設業","30302","機械器具設置工事業","100~299","9","その他","92","起因物なし","921","起因物なし","10","おぼれ"
"800","2018","平成","30","2","14~15","灯油の配達業務を行っていた被災者は業務用の軽トラックを運転し、信号機のある交差点を東側から直進したところ、交差点を南側から直進してきた乗用車と衝突し、頭蓋骨骨折等により死亡したもの。","8","商業","802","小売業","80204","燃料小売業","1~9","2","物上げ装置、運搬機械","23","乗物","231","乗用車、バス、バイク","17","交通事故（道路）"
"801","2018","平成","30","2","12~13","高速道路を走行していたところ、渋滞で停止していた車両に追突したもの。","4","運輸交通業","402","道路旅客運送業","40201","ハイヤー・タクシー業","100~299","2","物上げ装置、運搬機械","23","乗物","231","乗用車、バス、バイク","17","交通事故（道路）"
"802","2018","平成","30","2","10~11","送電鉄塔の高さ47.5mの腕金にある水平レール端部を閉塞する作業中、被災者が作業予定箇所まで移動後に地面に墜落した。被災者は水平レールに接続した移動用ロープ(単軸ローラー)を安全帯のD環に取り付け、作業予定箇所まで移動したが、墜落時移動ロープのフックはD環に取り付けられておらず、水平レールに接続され、本胴綱のフックはD環に取り付けられた状態で安全帯等は使用されていない状態だった。","3","建設業","303","その他の建設業","30301","電気通信工事業","10~29","4","仮設物、建築物、構築物等","41","仮設物、建築物、構築物等","418","建築物、構築物","1","墜落、転落"
"803","2018","平成","30","2","10~11","県指定史跡の樹木の伐採工事現場において、被災者は、カシの木上部の幹や枝を伐採するため、高さ約6メートルの位置の幹に昇り、チェーンソーを用いて切断作業を行っていたところ、自ら切った木が被災者の箇所に落ちてきて、自分がいた幹との間に挟まれて死亡したもの。","6","農林業","602","林業","60201","木材伐出業","1~9","7","環境等","71","環境等","712","立木等","4","飛来、落下"
"804","2018","平成","30","2","6~7","被災者は通勤のため、事業場敷地内の駐車場から、工場に向け歩いていたところ、氷で足を滑らせ転倒し、頭部を地面に強打した。被災者は外傷性くも膜下出血により入院し、治療を行っていたものの後日死亡したもの。","1","製造業","114","電気機械器具製造業","11409","その他の電気機械器具製造業","500~999","7","環境等","71","環境等","719","その他の環境等","2","転倒"
"805","2018","平成","30","2","16~17","中学校のガラス製の屋根の清掃作業中に、ガラスを踏み抜き、高さ約15mから地面に墜落して死亡した。屋根は、網入りガラス約150枚(1枚あたり約1平方メートル)がそれぞれ金属枠(幅6センチメートル)に碁盤の目状にはめこまれていた。被災者は、金属枠の上で作業をしていたが、ガラスに乗った際、踏み抜いた。屋根には歩み板、防網、安全帯取付設備、手すり等は未設置で、被災者は保護帽、安全帯を未着用であった。","15","清掃・と畜業","1501","清掃・と畜業","150101","ビルメンテナンス業","10~29","4","仮設物、建築物、構築物等","41","仮設物、建築物、構築物等","415","屋根、はり、もや、けた、合掌","1","墜落、転落"
"806","2018","平成","30","2","16~17","被災者は、ホール内の既設吊天井の落下防止対策として、当該天井下に落下防止ネットを取り付ける作業中、ホール後部の壁面に沿って張ったワイヤーロープにネットを固定するため、ブラケット足場に乗って上向き姿勢で横方向に移動しながら作業を行っていた時、ブラケット足場とホールの壁との間にできた開口部から6.2メートル下の客席に墜落した。","3","建設業","302","建築工事業","30209","その他の建築工事業","1~9","4","仮設物、建築物、構築物等","41","仮設物、建築物、構築物等","411","足場","1","墜落、転落"
"807","2018","平成","30","2","10~11","鉄骨造3階建のビルの外壁に設置されたシート状の店舗看板を撤去する工事現場において、被災者は店舗看板を支持している単管に木製足場板を架け、当該足場上でビル屋根上の事業主が切断した単管を受け渡す作業をしていた際、バランスを崩しシート状の店舗看板を突き破り地上まで約9m墜落した。","3","建設業","302","建築工事業","30209","その他の建築工事業","1~9","4","仮設物、建築物、構築物等","41","仮設物、建築物、構築物等","411","足場","1","墜落、転落"
"808","2018","平成","30","2","8~9","資材置場の地ならし作業をしていたドラグショベルが後退したところ、後ろにいた被災者の左足に激突した。その後病院に搬送されたものの、後日死亡が確認されたもの。","3","建設業","301","土木工事業","30199","その他の土木工事業","1~9","1","動力機械","14","建設機械等","141","整地・運搬・積込み用機械","6","激突され"
"809","2018","平成","30","2","8~9","被災者は移動式クレーン(12t)を運転して市内の現場に向かう途中、林道脇に約5m滑落し、外傷性圧迫死により死亡したもの。","3","建設業","303","その他の建設業","30301","電気通信工事業","1~9","2","物上げ装置、運搬機械","21","動力クレーン等","212","移動式クレーン","17","交通事故（道路）"
"810","2018","平成","30","2","22~23","事務所内で事務作業に従事していたところ、激しい頭痛を訴え、顔色が白くなったため、救急車を呼んだ。入院加療中であったが、後日くも膜下出血により死亡した。","4","運輸交通業","403","道路貨物運送業","40301","一般貨物自動車運送業","30~49","9","その他","92","起因物なし","921","起因物なし","90","その他"
"811","2018","平成","30","2","8~9","被災者が、フォークにバケットを装着したフォークリフト(最大荷重1250キログラム)を使用し、事業場に隣接する農道で除雪作業を行っていたところ、路肩より、約4メートル下にある用水路に、フォークリフトごと転落し、フォークリフトの下敷きとなり死亡したもの。","1","製造業","113","一般機械器具製造業","11305","その他の精密機械器具製造業","10~29","2","物上げ装置、運搬機械","22","動力運搬機","222","フォークリフト","1","墜落、転落"
"812","2018","平成","30","2","8~9","事業場敷地内において、生コンクリート製造工程で排出された砂利を廃棄するため、同砂利の入ったバケットを、フォークリフトのフォークに巻き付けたフック付きワイヤーロープで吊り上げ、フォークリフトのフォークをほぼ最大限まで引き上げた状態で走行していたところ、フォークリフトが横転し、運転席から投げ出された被災者頭部にヘッドガード支柱が激突し死亡したもの。","1","製造業","109","窯業土石製品製造業","10901","セメント・同製品製造業","10~29","2","物上げ装置、運搬機械","22","動力運搬機","222","フォークリフト","2","転倒"
"813","2018","平成","30","2","8~9","市道沿いの街路樹の剪定作業を行う現場において、被災者が道路上で交通誘導を行っていたところ、市道を北側から走行してきた乗用車にはねられたもの。現場はセンターラインのある片側1車線の直線道路で、市道の幅は約9mであった。被災者は約2時間後に搬送先の病院で脳挫傷で死亡した。","17","その他の事業","1702","その他の事業","170201","警備業","10~29","2","物上げ装置、運搬機械","23","乗物","231","乗用車、バス、バイク","17","交通事故（道路）"
"814","2018","平成","30","2","8~9","被災者がフォークリフトのカウンターウエイトの上に設置されたワイヤロープの位置を直そうと、カウンターウエイトの上に登っていたところ、ふらついて後ろ向きに倒れ地上まで落下し、一時心肺停止となった。その後、被災者は心肺停止蘇生後脳症と診断され、後日死亡した。所属事業場は、荷役作業に使用する道具の運搬業務のみを委託されたものである。","5","貨物取扱業","501","陸上貨物取扱業","50101","陸上貨物取扱業","10~29","2","物上げ装置、運搬機械","22","動力運搬機","222","フォークリフト","1","墜落、転落"
"815","2018","平成","30","2","18~19","工場敷地内のリサイクル家電品の積置用ヤードにおいて、荷降ろされた家電品を分別及び搬送するため用いていたフォークリフトを運転者が後退させた際、終業後同敷地に隣接する駐車場へ向かって歩いていた被災者が当該フォークリフト左後輪に接触し左半身を負傷したもの。その後左手首切断手術、内臓損傷修復手術等を行ったものの、後日死亡した。","15","清掃・と畜業","1501","清掃・と畜業","150102","産業廃棄物処理業","100~299","2","物上げ装置、運搬機械","22","動力運搬機","222","フォークリフト","6","激突され"
"816","2018","平成","30","2","18~19","事業場内で就労中、突然椅子から倒れそのまま意識なく、胸部大動脈破綻により死亡。100時間超の時間外労働。","17","その他の事業","1702","その他の事業","170209","その他の事業－その他","30~49","9","その他","92","起因物なし","921","起因物なし","90","その他"
"817","2018","平成","30","2","10~11","建設事務所が発注し元請で施工する中小河川改良工事において、二次下請の個人事業主が無資格で運転する機体重量11トンのドラグ・ショベルが後退したところ、鋤簾にて床ならし作業を行っていた一次下請の労働者(外国人技能実習生)が、当該ドラグ・ショベルの左側のクローラに轢かれて、出血性ショックにより死亡したもの。","3","建設業","301","土木工事業","30107","河川土木工事業","1~9","1","動力機械","14","建設機械等","142","掘削用機械","7","はさまれ、巻き込まれ"
"818","2018","平成","30","2","10~11","8階建てRC造建築物の外壁改修工事において、足場上で労働者6名で手渡しにより、足場部材(鋼製布板及び単管等)の荷揚げ作業中、足場用墜落防止設備を外していた足場開口部(高さ15.3m)から地面に墜落した。","3","建設業","302","建築工事業","30209","その他の建築工事業","10~29","4","仮設物、建築物、構築物等","41","仮設物、建築物、構築物等","411","足場","1","墜落、転落"
"819","2018","平成","30","2","8~9","被災者及び労働者1名が小売店に応援勤務のため、被災者が運転する自動車で移動中、左カーブを曲がり切れずに中央分離帯に衝突し、2名とも死亡したもの。","8","商業","802","小売業","80209","その他の小売業","10~29","2","物上げ装置、運搬機械","23","乗物","231","乗用車、バス、バイク","17","交通事故（道路）"
"820","2018","平成","30","2","8~9","被災者及び労働者1名が小売店に応援勤務のため、被災者が運転する自動車で移動中、左カーブを曲がり切れずに中央分離帯に衝突し、2名とも死亡したもの。","8","商業","802","小売業","80209","その他の小売業","10~29","2","物上げ装置、運搬機械","23","乗物","231","乗用車、バス、バイク","17","交通事故（道路）"
"821","2018","平成","30","2","16~17","競輪場内での警備業務終了後、帰社のため敷地内駐車場に停めた車輌へ向かう途中、うつ伏せで倒れていたところを同僚により発見された。発見当時、被災者は顔面を強打しており、出血した状態で意識が無かったため、救急搬送により療養も、後日多発脳梗塞により死亡が確認されたもの。","17","その他の事業","1702","その他の事業","170201","警備業","50~99","4","仮設物、建築物、構築物等","41","仮設物、建築物、構築物等","418","建築物、構築物","2","転倒"
"822","2018","平成","30","2","14~15","鋼板の切断加工を行う工程の鋼材を搬送するコンベアの駆動部分(チェーン&スプロケット)のグリスアップ作業を行っていた被災者が、当該駆動部分にはさまれていたところを発見された。救急隊により救出され、病院に搬送されるも死亡したもの。","5","貨物取扱業","502","港湾運送業","50202","港湾荷役業","10~29","2","物上げ装置、運搬機械","22","動力運搬機","224","コンベア","7","はさまれ、巻き込まれ"
"823","2018","平成","30","2","10~11","建設途中のトンネル坑内(幅員10m)において、坑口より約46mの地点で、ずりの積み込みのためバックで切羽方向に進んでいた10tダンプトラックに、ずり出し作業員ではない労働者が立ち入り轢かれ、搬送先の病院で死亡したもの。","3","建設業","301","土木工事業","30102","トンネル建設工事業","10~29","2","物上げ装置、運搬機械","22","動力運搬機","221","トラック","7","はさまれ、巻き込まれ"
"824","2018","平成","30","2","10~11","被災者が、倉庫2階の開口部近傍にて商品の仕分け作業中に、何らかの拍子で開口部から墜落したもの(高さはGLから2FLまで4.175m)。","8","商業","801","卸売業","80109","その他の卸売業","100~299","4","仮設物、建築物、構築物等","41","仮設物、建築物、構築物等","414","開口部","1","墜落、転落"
"825","2018","平成","30","2","8~9","顧客より依頼のあった玄関戸の建付け修理作業を終えた被災者が、自分が運転していた軽トラックを県道上に停車していたところ、後方から時速60キロで走行してきた2トントラックに追突され、軽トラックごと県道脇の法面を転落して死亡したものである。","8","商業","802","小売業","80209","その他の小売業","1~9","2","物上げ装置、運搬機械","22","動力運搬機","221","トラック","17","交通事故（道路）"
"826","2018","平成","30","2","8~9","被災者は雪堆積場の出口で退場するダンプトラックの交通誘導の業務を行っていたところ、道道から右折して当該雪堆積場に入ろうとしていたダンプトラックが、対向してきた乗用車に衝突し、その反動で当該乗用車が被災者の立っていた場所に突っ込み、被災者が撥ねられて死亡したもの。なお、衝突された乗用車の運転手は出勤途中であり、軽傷を負った。また、ダンプトラックの運転手には怪我はなかった。","17","その他の事業","1702","その他の事業","170201","警備業","30~49","2","物上げ装置、運搬機械","22","動力運搬機","221","トラック","17","交通事故（道路）"
"827","2018","平成","30","2","16~17","事業場第3工場内において、被災者は床上操作式クレーン(つり上げ荷重20.3t)を操作して鋼材を運搬する作業中、付近にあった試験運転中の産業用大型送風機(乾燥排気ファン、縦約0.8m×横約2.5m×高さ約2.3m)の吸入口(直径約1.1m)に入り、ファンの羽根に巻き込まれたもの。","1","製造業","114","電気機械器具製造業","11409","その他の電気機械器具製造業","100~299","1","動力機械","16","一般動力機械","169","その他の一般動力機械","7","はさまれ、巻き込まれ"
"828","2018","平成","30","2","14~15","ケミカルタンカー内に設置する鋼製仕切りの溶接作業の状況を確認するため、被災者が足場最上段に登ったところ、手すりの無い箇所(高さ約10m)から墜落したもの。災害発生時、足場最上部では他の労働者3名が溶接作業を行っていた。(被災者の経験期間未確認。)","1","製造業","115","輸送用機械等製造業","11501","造船業","30~49","4","仮設物、建築物、構築物等","41","仮設物、建築物、構築物等","411","足場","1","墜落、転落"
"829","2018","平成","30","2","8~9","酸洗いした鋼線コイルを次工程である伸線工程の作業場に運搬するため、線材製造二課の班長がフォークリフトを運転して酸洗いの作業場でコイルを積載し、伸線工程の作業場に運搬作業中、工場内の詰所(設備の運転管理室を兼ねる)付近を走行したときに被災者の悲鳴が聞こえ、班長がフォークリフトを降りて確認したところ、被災者が骨盤付近から出血して倒れていたもの。","1","製造業","110","鉄鋼業","11009","その他の鉄鋼業","50~99","2","物上げ装置、運搬機械","22","動力運搬機","222","フォークリフト","6","激突され"
"830","2018","平成","30","1","14~15","利用者宅へ向かう途中、被災者が運転する二輪車が道路左側を走行中、後方から走行してきた大型車(移動式クレーン)と何らかの原因で接触、転倒し轢過されたもの。","13","保健・衛生業","1302","社会福祉施設","130201","社会福祉施設","30~49","2","物上げ装置、運搬機械","21","動力クレーン等","212","移動式クレーン","17","交通事故（道路）"
"831","2018","平成","30","1","12~13","集じん機の金属製ケーシングの製作中、同ケーシングの上に乗り、同ケーシングに取り付けたフランジのボルト穴を拡げる作業を行っていた被災者が約2.5メートル下の床に墜落し、頭部を打ち、医療機関に搬送されたが、翌日死亡した。","1","製造業","112","金属製品製造業","11209","その他の金属製品製造業","10~29","4","仮設物、建築物、構築物等","41","仮設物、建築物、構築物等","416","作業床、歩み板","1","墜落、転落"
"832","2018","平成","30","1","10~11","地震による瓦災害工事において、中2階の下屋を施工中に、軒先の板に足を突っ込み、体勢を崩して6.9m下の土手に転落したもの。","3","建設業","302","建築工事業","30202","木造家屋建築工事業","1~9","4","仮設物、建築物、構築物等","41","仮設物、建築物、構築物等","415","屋根、はり、もや、けた、合掌","1","墜落、転落"
"833","2018","平成","30","1","22~23","被災者は、排雪作業現場で一般車両の交通誘導を交差点の道路上で行っていたところ、被災者の後方から後進してきたモーター・グレーダーが、交差点を後進のまま左折したところ、外輪差のために右側前輪で被災者を轢いたもの。なお、助手席に乗り込んでいた助手が倒れている被災者を発見し、救急車により病院に搬送されたが死亡したもの。","17","その他の事業","1702","その他の事業","170201","警備業","30~49","1","動力機械","14","建設機械等","141","整地・運搬・積込み用機械","17","交通事故（道路）"
"834","2018","平成","30","1","8~9","工場内の搬出入口で、重量約2tの半導体製造装置(高さ2.8m×幅1.95m×厚さ1.1m)の搬出のため、最大積載荷重3000キログラムのハンドリフトで当該装置をジャッキアップしハンドリフトを右後方に引いたところ、当該装置が傾き、搬出の誘導作業を行っていた被災者が、当該装置の転倒方向に入り支えようとしたが、当該装置が倒れ、被災者が当該装置の下敷きとなったもの。","1","製造業","113","一般機械器具製造業","11305","その他の精密機械器具製造業","10~29","3","その他の装置等","36","人力機械工具等","362","人力運搬機","5","崩壊、倒壊"
"835","2018","平成","30","1","20~21","工場内にて残業中に体調の不調を訴えて座り込んでいたところを同僚に発見され、救急搬送されたが同日死亡が確認されたもの。被災者が発症した「急性大動脈解離」については、脳・心臓疾患の認定基準における「長期間の過重業務」の認定要件を満たすものと判断された。","1","製造業","112","金属製品製造業","11203","金属プレス製品製造業","30~49","9","その他","92","起因物なし","921","起因物なし","90","その他"
"836","2018","平成","30","1","12~13","RC造新築工事において、構台上の移動式クレーンにより、構台上のヤードから地下階へ仮設資材の荷下ろし作業中、構台端部から地下階の状況を確認していた玉掛者兼合図者である被災者が、同じく構台上で作業をしていた別の移動式クレーンが旋回した際に、当該移動式クレーンの上部旋回体と付近の構台手すりとの間にはさまれたもの。","3","建設業","302","建築工事業","30201","鉄骨・鉄筋コンクリート造家屋建築工事業","50~99","2","物上げ装置、運搬機械","21","動力クレーン等","212","移動式クレーン","7","はさまれ、巻き込まれ"
"837","2018","平成","30","1","8~9","被災者は、砂利製造工場内にて、汚泥をこして水分を抽出するためのフィルタープレス機を操作していたところ、フィルタープレス機の円型金属板2枚の間に胴体を挟まれた。","1","製造業","109","窯業土石製品製造業","10901","セメント・同製品製造業","10~29","1","動力機械","16","一般動力機械","169","その他の一般動力機械","7","はさまれ、巻き込まれ"
"838","2018","平成","30","1","4~5","出社した労働者が、本社リクルートルーム内の床に倒れている被災者を発見したもの。被災者は感電自殺であった。","8","商業","802","小売業","80202","自動車小売業","50~99","9","その他","92","起因物なし","921","起因物なし","90","その他"
"839","2018","平成","30","1","12~13","間伐作業現場の作業道の脇において、高性能林業機械(フェラバンチャザウルス)にて根ごと押し倒しておいた木材(トドマツ、樹高約19m)の根部分(切断径41センチメートル)をチェンソーで切断する作業をしていた被災労働者が、切断された根部分の下敷きになり倒れているところを発見され、病院に搬送されたが死亡が確認されたもの。","6","農林業","602","林業","60201","木材伐出業","10~29","7","環境等","71","環境等","712","立木等","7","はさまれ、巻き込まれ"
"840","2018","平成","30","1","10~11","建屋の一部を解体する工事現場において、同建屋2階の開口部側で作業中であった被災者が、同開口部から同建屋1階床(コンクリート製)まで3.15m墜落し、死亡したもの。災害発生時、開口部には手摺や安全帯使用設備等の墜落防止措置は講じられていなかった。被災者は保護帽と安全帯を着用していたが、安全帯は使用していなかった。","3","建設業","301","土木工事業","30199","その他の土木工事業","1~9","4","仮設物、建築物、構築物等","41","仮設物、建築物、構築物等","414","開口部","1","墜落、転落"
"841","2018","平成","30","1","8~9","マンション吹抜け部外壁塗装の準備作業のため、外部足場を使用し、ガムテープにて6階部分のマスキング作業を行っていたが、6階の作業を終え、足場の外をつたって5階へ移動する際に墜落したと推測される。","3","建設業","303","その他の建設業","30309","その他の建設業－その他","1~9","4","仮設物、建築物、構築物等","41","仮設物、建築物、構築物等","411","足場","1","墜落、転落"
"842","2018","平成","30","1","12~13","4段に積み上げられたパレット積みの荷をフォークリフトで移動させようとしたところ、3段目と4段目の荷が崩壊、被災者はフォークリフト運転席より離脱しようとして4段目の荷(エアコン室内機30箱)の下敷きとなり死亡したもの。","5","貨物取扱業","501","陸上貨物取扱業","50101","陸上貨物取扱業","30~49","6","荷","61","荷","611","荷姿の物","5","崩壊、倒壊"
"843","2018","平成","30","1","10~11","空港国際線ターミナルと国内線ターミナルを連結するターミナル拡張工事において、3階天井部分のPC梁が落下し2階床上で高所作業車を使用して作業をしていた作業員が巻き込まれ被災した。","3","建設業","302","建築工事業","30201","鉄骨・鉄筋コンクリート造家屋建築工事業","10~29","4","仮設物、建築物、構築物等","41","仮設物、建築物、構築物等","415","屋根、はり、もや、けた、合掌","5","崩壊、倒壊"
"844","2018","平成","30","1","14~15","当該労働災害は中間処理施内の破砕処理施設に設置される機械(建設現場での産業廃棄物用の粉砕機)で発生したもの。被災労働者がドラグ・ショベルで産業廃棄物を投棄し、別労働者が機械の操作を行っていたところ、異物が処理されず機械が停止する不具合が生じた。被災労働者が粉砕機内の異物を取り除こうと機械に入ったところ、機械が動き始め、巻き込まれた。","15","清掃・と畜業","1501","清掃・と畜業","150102","産業廃棄物処理業","10~29","1","動力機械","16","一般動力機械","169","その他の一般動力機械","7","はさまれ、巻き込まれ"
"845","2018","平成","30","1","12~13","被災者は、旧水路と新設水路の接続用の鉄筋を差し込む箇所に目印を付すため、全長約35m、深さ約2.5mで掘削完了後一定期間が経過した掘削部に立ち入っていたところ、掘削法面の一部が崩壊し、生き埋めになった。その後、救急隊により病院に搬送されたが、死亡した。掘削箇所の土質は、その他の地山で、掘削面のこう配は、約70度であった。","3","建設業","301","土木工事業","30199","その他の土木工事業","1~9","7","環境等","71","環境等","711","地山、岩石","5","崩壊、倒壊"
"846","2018","平成","30","1","8~9","夜間の血液供給業務に従事する被災者は、医療機関に血液製剤を配送し、その後、インターチェンジにおいて県外の血液センターからの中継を終えて、事業場の事務所に戻るため、自動車道下り線を走行していた。トンネルの入り口から約200メートル付近で単独事故により横転し、追越車線を閉塞していたトラックに、被災者が運転する車両が追突し、死亡した。","13","保健・衛生業","1301","医療保健業","130109","その他の医療保健業","100~299","2","物上げ装置、運搬機械","23","乗物","231","乗用車、バス、バイク","17","交通事故（道路）"
"847","2018","平成","30","1","8~9","病院の施設管理業務に従事していた被災者が、事務所から屋外のゴミ庫へゴミを持って歩いて行った直後、ゴミ庫の前の氷が張った地面の上で仰向けに倒れ、いびきをしている状態で発見された。被災者は後頭部を地面に打ち付けて、外傷性くも膜下出血をおこし、その後容態が悪化して死亡した。被災者は従来より右膝を痛めておりうまく歩行できず転倒しやすかった。","15","清掃・と畜業","1501","清掃・と畜業","150101","ビルメンテナンス業","10~29","7","環境等","71","環境等","719","その他の環境等","2","転倒"
"848","2018","平成","30","1","18~19","荷積みに来た運送業者が構内のプラットホーム下に倒れている被災者を発見、救急搬送するも、翌日午前中死亡(死因:頭蓋骨骨折、急性硬膜下血腫)した。被災時の目撃者はおらず、被災者が出張から戻った以降の行動が不明であるが、次の出荷に向けプラットホーム上で人力による仕分け作業をしていたところ、プラットホーム端部から1.3m下に墜落したものと推定される。","4","運輸交通業","403","道路貨物運送業","40301","一般貨物自動車運送業","10~29","4","仮設物、建築物、構築物等","41","仮設物、建築物、構築物等","416","作業床、歩み板","1","墜落、転落"
"849","2018","平成","30","1","16~17","事業場敷地内において、パワーゲート付きトラックから塵芥車にゴミを移し替える作業を行うため、塵芥車の後部とトラックの後部を向い合せにし、塵芥車の回転板を回転させた。その直後、被災者がパワーゲート上で足を滑らせ、塵芥車の投入口に上半身が落ちたところに回転盤が降りてきたため、頭部を挟まれて死亡した。","15","清掃・と畜業","1501","清掃・と畜業","150103","その他の廃棄物処理業","10~29","2","物上げ装置、運搬機械","22","動力運搬機","221","トラック","7","はさまれ、巻き込まれ"
"850","2018","平成","30","1","14~15","林業の間伐作業現場において、同僚労働者が伐倒した杉(胸高直径約24.5センチメートル、樹高約25.3m)が約1.8m離れた別の杉に触れてかかり木となり、倒れなかったため、当該労働者が元玉切りを行って伐倒したところ、伐倒箇所から約18.8m離れた位置で別の杉の伐倒作業を行っていた被災者に倒れた木が当たったもの。","6","農林業","602","林業","60201","木材伐出業","10~29","7","環境等","71","環境等","712","立木等","6","激突され"
"851","2018","平成","30","1","8~9","グリーン付近(西1番コース)カート道路の除雪作業中、カート道路を歩行している時に、足を滑らせ後方に転倒した。転倒した場所は除雪の済んだ傾斜のあるカート道路上で転倒時路面は凍結していた。頸髄損傷の傷病名にて入院加療中であったが、合併症を併発し死亡したもの。","14","接客娯楽業","1403","その他の接客娯楽業","140301","ゴルフ場","10~29","7","環境等","71","環境等","719","その他の環境等","2","転倒"
"852","2018","平成","30","1","12~13","国道の料金所付近において、電線張替工事の現場を終えた労働者3名が乗用車にて事業場に向けて走行していたところ、道路が圧雪されていたのでスリップし、対向車線に飛び出して中型トラックと衝突したもの。被災者は乗用車の後部座席に座っており、事故時救急要請はしなかったが翌日未明に容態が悪化し搬送先の病院にて死亡した。","3","建設業","301","土木工事業","30199","その他の土木工事業","10~29","2","物上げ装置、運搬機械","23","乗物","231","乗用車、バス、バイク","17","交通事故（道路）"
"853","2018","平成","30","1","12~13","作業員3人(被災者を含む。)が建物3階壁面解体作業中、被災者が倒れてきた壁と3階の床面との間に挟まれ、死亡したもの。","3","建設業","302","建築工事業","30209","その他の建築工事業","10~29","4","仮設物、建築物、構築物等","41","仮設物、建築物、構築物等","418","建築物、構築物","5","崩壊、倒壊"
"854","2018","平成","30","1","12~13","トラックの荷台(高さ約1m)から荷卸し作業中に、トラック荷台内にあったラッシングベルトに足を引っかけ、地面に頭から転落したものと推測される。保護帽は着用していなかった。","4","運輸交通業","403","道路貨物運送業","40301","一般貨物自動車運送業","10~29","2","物上げ装置、運搬機械","22","動力運搬機","221","トラック","1","墜落、転落"
"855","2018","平成","30","1","10~11","木造平屋建て家屋の建築工事において、高さ4.2mの位置にあるウッドデッキの床面に枠組足場を1層組立て、その上に脚立を乗せ、当該脚立に乗って壁の防水シート貼り作業を行っていたところ約7mの位置より墜落した。","3","建設業","302","建築工事業","30202","木造家屋建築工事業","1~9","3","その他の装置等","37","用具","371","はしご等","1","墜落、転落"
"856","2018","平成","30","1","0~1","警備場の警報を本社管制センターが受信。待機所の被災者へ管制センターより指示があり、確認のため1名で庁舎1階電気室へ向かった。その後、庁舎内の被災者と連絡が取れなくなったため、他の待機所より同僚が、現地に到着したところ、焦げた臭いを感じ119番を行った。消防隊員が庁舎内から被災者を救出したが、病院にて死亡が確認された。","17","その他の事業","1702","その他の事業","170201","警備業","300~499","3","その他の装置等","35","電気設備","352","電力設備","13","感電"
"857","2018","平成","30","1","16~17","業務先での清掃業務を終えて、自家用車で事業場へ戻っていたところ、県道において、近隣の建設現場で作業を終えた作業員の運転する車がスリップして対向車線にはみ出し、被災者の自家用車に正面衝突した。","15","清掃・と畜業","1501","清掃・と畜業","150101","ビルメンテナンス業","100~299","2","物上げ装置、運搬機械","23","乗物","231","乗用車、バス、バイク","17","交通事故（道路）"
"858","2018","平成","30","1","14~15","クレーン機能付きドラグ・ショベルを別の現場に移動するために、取替用バケットを吊りながら、所定の場所まで敷鉄板で養生された農道(傾斜8度の下り坂)を走行中、当該ドラグ・ショベルがスリップして逸走し、田んぼに転落しかけたため、運転席から飛び降りたところに、当該ドラグ・ショベルが転落し、下敷きとなった。","3","建設業","303","その他の建設業","30309","その他の建設業－その他","10~29","2","物上げ装置、運搬機械","21","動力クレーン等","212","移動式クレーン","1","墜落、転落"
"859","2018","平成","30","1","12~13","市道に設置されている街灯の灯具をLED化するための工事を実施していた。電柱の高さ4.67mの位置で作業を行っているとき、U字型安全帯を使用していたものの、安全帯のロープを電柱に巻いて、自身の着用した安全帯のD環にフックを掛けるところを、ハンマーホルダーの環にフックを取り付けて作業したため、体重をかけたところでハンマーホルダーの環が破損し、地面に墜落。全身を強打し後日死亡した。","3","建設業","303","その他の建設業","30301","電気通信工事業","10~29","4","仮設物、建築物、構築物等","41","仮設物、建築物、構築物等","418","建築物、構築物","1","墜落、転落"
"860","2018","平成","30","1","10~11","被災者が、伐採した木材を荷台に乗せて、車両系木材伐出機械(集材車)を運転中に路肩を乗り越えて転落したもの。(被災者は走行集材機械の運転に関する特別教育は受講していた。)","6","農林業","602","林業","60201","木材伐出業","30~49","1","動力機械","17","車両系木材伐出機械等","172","走行集材機械","1","墜落、転落"
"861","2018","平成","30","1","8~9","工場内において、梱包機を作動させ繊維屑をほぐして作成した綿材料の梱包作業を行っていた際、頭部を梱包機のプレス部に挟まれ、頭蓋骨を骨折し、死亡したもの。","1","製造業","102","繊維工業","10209","その他の繊維工業","1~9","1","動力機械","16","一般動力機械","169","その他の一般動力機械","7","はさまれ、巻き込まれ"
"862","2018","平成","30","1","6~7","立方体の原綿製品(重量:約250キログラム)の梱包・仕分け工程において、製品を自動で立てるバーが立ち上がった際に、当該バーによって立ち起こされた製品と立入禁止の安全柵との間に被災者が挟まれたもの。","1","製造業","108","化学工業","10802","化学繊維製造業","50~99","2","物上げ装置、運搬機械","22","動力運搬機","224","コンベア","7","はさまれ、巻き込まれ"
"863","2018","平成","30","1","20~21","工場内の計器の巡視作業を行っていた被災者が、通路上の開口部より15m下に墜落した。災害発生当日、工場内では機械の据付作業を行っており、設備担当者が機械の搬出入のため通路の床(グレーチング)を取り外して作業を行い、当該グレーチングを復旧しなかったため、グレーチング撤去後の箇所は開口部(99センチメートル×104センチメートル)となっていた。なお、開口部の周囲に立入禁止等の墜落防止措置は講じられていなかった","15","清掃・と畜業","1501","清掃・と畜業","150102","産業廃棄物処理業","50~99","4","仮設物、建築物、構築物等","41","仮設物、建築物、構築物等","417","通路","1","墜落、転落"
"864","2018","平成","30","1","14~15","被災者は、軽自動車(社有車)を運転し個人宅での訪問営業を終え、次の訪問先に向かうため、停車場線を走行中、対向車の乗用車が対向車線をはみ出し、正面衝突したもの。この事故で軽自動車を運転していた被災者が死亡、対向車の運転手は軽傷を負った。現場は、片側1車線の緩い右カーブで、事故当時、路面は凍結していた。","8","商業","802","小売業","80209","その他の小売業","1~9","2","物上げ装置、運搬機械","23","乗物","231","乗用車、バス、バイク","17","交通事故（道路）"
"865","2018","平成","30","1","14~15","藤のつるが複雑に生い茂り、杉、枯れ松、雑木を中心とした森林において、チェンソーによる伐倒作業中に、歩きながら次に伐倒する立木を選んでいたところ、枯れた松が折れて、被災者に激突した。","6","農林業","602","林業","60209","その他の林業","10~29","7","環境等","71","環境等","712","立木等","6","激突され"
"866","2018","平成","30","1","8~9","豚の尿の浄化槽建屋の屋根補修及び張替工事のため、被災者が屋根上で古いポリカーボネート波板を剥がす作業をしていたところ、波板を踏み抜き、約3.7m下の浄化槽に墜落しておぼれ溺死した。","3","建設業","302","建築工事業","30209","その他の建築工事業","1~9","4","仮設物、建築物、構築物等","41","仮設物、建築物、構築物等","415","屋根、はり、もや、けた、合掌","10","おぼれ"
"867","2018","平成","30","1","8~9","宅地造成のために植林された山の先行伐採を行っていたところ、被災者が落葉高木(樹高約15メートル、胸高直径約23センチメートル)を伐倒中、幹が裂けながら倒れたことにより倒木が被災者の頭を直撃した。被災者は保護帽を着用していなかった。","3","建設業","301","土木工事業","30199","その他の土木工事業","1~9","7","環境等","71","環境等","712","立木等","6","激突され"
"868","2018","平成","30","1","8~9","鉄骨造平屋建ガラス温室新営工事において、農用自走式高所作業台の収納式架台(高さ2.38m)で、屋根のアルミ軒樋とアルミ垂木を固定するボルト締め作業を行っていた被災者が、収納式架台上を移動し、安全帯の掛け替えを行おうとしたところ、足を滑らせて地上に墜落した。","3","建設業","302","建築工事業","30209","その他の建築工事業","1~9","1","動力機械","14","建設機械等","149","その他の建設機械等","1","墜落、転落"
"869","2018","平成","30","1","16~17","ビート集積場において、ビートを放水により、水路(幅68.5センチメートル、深さ113センチメートル、水深20~30センチメートル)に落とし込む作業を行っていたところ、何らかの要因で水路に転落し、水路内に設置された柵に引っ掛かり、ビートをせき止めている状態で同僚に発見されたもの。水路を流れているビートに押され、柵とビートの間に挟まり、窒息死したと思われる。","1","製造業","101","食料品製造業","10109","その他の食料品製造業","10~29","4","仮設物、建築物、構築物等","41","仮設物、建築物、構築物等","418","建築物、構築物","1","墜落、転落"
"870","2018","平成","30","1","12~13","トラクターショベルで駐車場の除雪作業中に、誤って約8m垂直に墜落した後、斜面を約6.9m転落した。運転者は、2点シートベルト及び、墜落・飛来兼用型ヘルメット着用、左ドアを開放した状況で、車体屋根部が大きく屈曲損傷し、座席と屋根にはさまれたまま死亡していた。除雪の積雪深さは50センチメートル天候はくもり。視界は良好であった。","17","その他の事業","1702","その他の事業","170209","その他の事業－その他","100~299","2","物上げ装置、運搬機械","22","動力運搬機","225","ローダー","1","墜落、転落"
"871","2018","平成","30","1","10~11","基地において、当該事業場の労働者Aがトラクター・シヨベルを用いて、基地内で掘削した土砂等の運搬作業をしていたところ、車両誘導作業をしていた被災者に気づかず後進したためトラクター・シヨベルの右側後輪に接触し、巻き込まれたもの。なお、被災者は、入院により継続治療を行っていたが、後日死亡したもの。","15","清掃・と畜業","1501","清掃・と畜業","150102","産業廃棄物処理業","10~29","1","動力機械","14","建設機械等","141","整地・運搬・積込み用機械","6","激突され"
"872","2018","平成","30","1","0~1","被災者は、事業場へ荷物を運ぶため、所属事業場の車庫を出発したが、高速道路で前方を走行していた大型トラックの後方に追突した。なお、追突されたトラックの運転手に負傷なし。","4","運輸交通業","403","道路貨物運送業","40301","一般貨物自動車運送業","10~29","2","物上げ装置、運搬機械","22","動力運搬機","221","トラック","17","交通事故（道路）"
"873","2018","平成","30","1","14~15","被災者は、平屋の児童館の屋根上(片流れ屋根)において除雪業務を行っていたところ、屋根の雪と一緒に約1.8m下の雪山に滑り落ち、雪の下敷きとなり埋まり被災した。災害発生時、屋根に積もった雪が自然に落ちるよう、被災者を含む3名で屋根上の煙突回り等の隅部を除雪していたもの。被災者の他に1名が被災者と同様に埋まったが、この者は救助され怪我はなかった。","3","建設業","301","土木工事業","30199","その他の土木工事業","1~9","4","仮設物、建築物、構築物等","41","仮設物、建築物、構築物等","415","屋根、はり、もや、けた、合掌","1","墜落、転落"
"874","2018","平成","30","1","10~11","12.2tのあおりのない平ボディトラックの荷台からロータリー除雪車を荷卸しする作業中、同僚労働者が除雪車を運転し、被災者の誘導によって前進で荷台後方端部まで移動させ、ブレーキを踏んで停車し、その後被災者が荷台から地上への道板を設置していたところ、何らかの原因で除雪車が前方に動いてそのまま道板上を滑り落ちるような状況になり、除雪車前方で作業中の被災者が除雪車の除雪装置と地面との間に挟まれた。","1","製造業","117","その他の製造業","11701","自動車整備業","30~49","1","動力機械","14","建設機械等","149","その他の建設機械等","6","激突され"
"875","2018","平成","30","1","8~9","被災者と同僚が一緒にハンドリフトを用いて機械(重量約600キログラム)を搬出口まで運搬し、機械をジャッキアップ後、被災者が機械の下にりん木を入れ、同僚は次の荷物の準備のため、ハンドリフトを機械置場に戻しに行った。フォークリフトに乗っていた別の同僚が「ガシャン」という物音を聞いたのでフォークリフトを降りて搬出口を見たところ、被災者が頭から血を流して倒れているのを発見した。","17","その他の事業","1702","その他の事業","170209","その他の事業－その他","1~9","6","荷","61","荷","612","機械装置","1","墜落、転落"
"876","2018","平成","30","1","8~9","工事中の工場建屋の屋根上で荷下ろし作業を終えて、被災者が移動中に足を滑らせ7.5メートル下の地上の敷鉄板上へ墜落した。当該屋根端部には墜落防止用の手すり及び中さんが設置され、屋根上には親綱が設置されていたが、被災者は安全帯を使用しておらず、降雪後は除雪に支障をきたす幅木は取りはずされていたため、手すりをすり抜けて墜落したものである。","3","建設業","302","建築工事業","30201","鉄骨・鉄筋コンクリート造家屋建築工事業","1~9","4","仮設物、建築物、構築物等","41","仮設物、建築物、構築物等","415","屋根、はり、もや、けた、合掌","1","墜落、転落"
"877","2018","平成","30","1","8~9","トンネル坑内切羽付近において、ロードヘッダーでの掘削を終え、ブレーカでこそく作業を行っていた。その後方で、ドラグ・ショベルを用い仮置きした鋼製支保工を切羽に運ぶためにドラグ・ショベルを後退させたところ、切羽の写真撮影のため待機していた被災者に接触したもの。","3","建設業","301","土木工事業","30102","トンネル建設工事業","10~29","1","動力機械","14","建設機械等","142","掘削用機械","7","はさまれ、巻き込まれ"
"878","2018","平成","30","1","18~19","被災者が、倉庫のラック3段目(高さ約2.3m程度)の荷物を取るため、ピッキングリフトを昇降させ、ピッキングリフト運転席からラック上の荷物を取ろうとしたところ、バランスを崩し墜落した。被災者は、保護帽を着用していたが、安全帯は着用していなかった。","8","商業","804","その他の商業","80401","倉庫業","30~49","2","物上げ装置、運搬機械","22","動力運搬機","222","フォークリフト","1","墜落、転落"
"879","2018","平成","30","1","14~15","配達のため集配センターを2輪車で出発した。近隣住民からバイクが止まったままになっている旨の通報があり、周辺を捜索したが被災者を発見できず、連絡も取れない状況であった。午後倒れている被災者が発見され、直ちに病院に緊急搬送されたが、その後死亡が確認された。","11","通信業","1101","通信業","110101","通信業","100~299","9","その他","92","起因物なし","921","起因物なし","90","その他"
"880","2018","平成","30","1","12~13","貯酒タンク撤去工事において、貯酒タンク(地上からの高さ約20m)の上部(鏡部)を解体後、胴部分(φ6.8m)を上方から約5mの箇所で、円周方向を12分割してガス溶断して地上に降ろす作業にて、分割した胴板10枚撤去後、自立していた2枚の胴板がタンク内側に倒れ、倒れたタンク胴板に安全帯を掛けていた被災者が胴板とともにタンク内に墜落した。被災者は足場解体のため足場上(高さ17m)で待機していたもの。","3","建設業","302","建築工事業","30209","その他の建築工事業","1~9","3","その他の装置等","39","その他の装置、設備","391","その他の装置、設備","1","墜落、転落"
"881","2018","平成","30","1","12~13","廃棄する船舶用のアンカーチェーン(約1.6t)をフォークリフトで保管場所まで運搬中、フォークリフトが横転し、被災者の頭部が地面とフォークリフトのフレームに挟まれ被災した。","1","製造業","115","輸送用機械等製造業","11501","造船業","100~299","2","物上げ装置、運搬機械","22","動力運搬機","222","フォークリフト","2","転倒"
"882","2018","平成","30","1","10~11","被災者が廃棄物運搬用ベルトコンベアーのベルトコンベアーとローラーとの間に上半身を巻き込まれたもの。被災者はベルトコンベアーのローラー部に詰まった廃棄物を撤去しようとして点検口の鉄製の蓋を開け巻き込まれたものと思われる。","15","清掃・と畜業","1501","清掃・と畜業","150102","産業廃棄物処理業","1~9","2","物上げ装置、運搬機械","22","動力運搬機","224","コンベア","7","はさまれ、巻き込まれ"
"883","2018","平成","30","1","4~5","新聞配達中の被災者が、生活道路上(斜度:約10度)を徒歩で移動中に転倒して頭部を強打したもので、入院加療を行ったが、急性硬膜外血腫のため、死亡したものである。","8","商業","802","小売業","80205","新聞販売業","30~49","4","仮設物、建築物、構築物等","41","仮設物、建築物、構築物等","417","通路","2","転倒"
"884","2018","平成","30","1","10~11","下水道敷設工事の発進立抗の埋め戻しに伴って設置される人孔(深さ約5.8メートル。)の開口部周辺において、被災者が、撤去された立抗の土留支保工の部材の整理や、当該開口部に養生として置かれていたコンパネ等を人孔の上部部材を設置するために撤去していたところ、人孔に墜落した。","3","建設業","301","土木工事業","30110","上下水道工事業","1~9","4","仮設物、建築物、構築物等","41","仮設物、建築物、構築物等","414","開口部","1","墜落、転落"
"885","2018","平成","30","1","8~9","山林内において、事業主と労働者6名の合計7名で間伐作業を行っていたところ、事業主が伐倒したカラマツの木が、付近で既に伐倒した木の枝払い作業をしていた被災者を直撃したもの。","6","農林業","602","林業","60201","木材伐出業","1~9","7","環境等","71","環境等","712","立木等","4","飛来、落下"
"886","2018","平成","30","1","20~21","運輸支店敷地内において、荷主事業場より集荷した荷物の搬入を行うため、大型トラック(最大積載量9.6t(以下、「トラック」という。))を、荷卸し場(以下、「プラットホーム」という。)に着けようと後退させたところ、プラットホームの下にいた被災者が、トラック荷台後部とプラットホームの間に胸部を挟まれた。","4","運輸交通業","403","道路貨物運送業","40301","一般貨物自動車運送業","50~99","2","物上げ装置、運搬機械","22","動力運搬機","221","トラック","7","はさまれ、巻き込まれ"
"887","2018","平成","30","1","10~11","林業の伐採現場の伐倒した木材を集積している場所から、約450m下の土場へ被災者が運転する4tトラックで木材を運搬中、土場の約30m上で4tトラックを反転させ、幅員3.5mの林道をバックで土場へ向かっていたところ、約6m下の斜面に4tトラックとともに転落したもの。","6","農林業","602","林業","60201","木材伐出業","1~9","2","物上げ装置、運搬機械","22","動力運搬機","221","トラック","1","墜落、転落"
"888","2018","平成","30","1","6~7","被災者は、明け方まで夜勤を行い敷地内駐車場に止めた自家用車へ移動した。駐車場及び止めてあった車が積雪で覆われており、被災者は、駐車場が除雪され、自家用車を出せるようになるまでエンジンをかけた車内で待っていた。12日午後、駐車場に止まっている車の中でぐったりしている被災者を発見しその後死亡が確認された。","1","製造業","115","輸送用機械等製造業","11502","自動車・同付属品製造業","1000~9999","7","環境等","71","環境等","719","その他の環境等","12","有害物等との接触"
"889","2018","平成","30","1","16~17","木造2階建て賃貸住宅のリフォームに伴い請け負った室内清掃業務を行うため、被災者は1月11日の朝に小型発電機、延長コード等を持って、1人で現場に向かったが、翌日の朝に会社に出勤してこなかったことから、事業者等が清掃業務を行っていた現場を確認に行ったところ、室内で死亡している被災者を発見した。室内にはガソリンエンジン式の小型発電機が置かれており、窓はすべて閉められた状態であった。","15","清掃・と畜業","1501","清掃・と畜業","150101","ビルメンテナンス業","1~9","5","物質、材料","51","危険物、有害物等","514","有害物","12","有害物等との接触"
"890","2018","平成","30","1","14~15","製鋼所内の溶鉱炉へスクラップ等を投入するバケットコンベヤの解体工事において、被災者は高さ約16mの作業床上で操作盤等の配線を撤去する作業を1人で行っていたところ、バケットコンベヤ撤去後に生じた1辺約130センチメートルの開口部から墜落して死亡したものである。開口部は鉄板で養生する予定となっていたものであるが事故時は養生されていなかった。","3","建設業","303","その他の建設業","30302","機械器具設置工事業","10~29","4","仮設物、建築物、構築物等","41","仮設物、建築物、構築物等","414","開口部","1","墜落、転落"
"891","2018","平成","30","1","12~13","災害発生当日、被災者を含む3名は森林の面積測量を行っていた。昼食休憩時に被災者が「日なたに行きたい」と言い、作業員2名と別れた。約15分後、作業を開始しようと被災者に呼びかけたところ返事が無かった。付近を探したところ、約50m下に滑落した被災者を発見した。被災者はヘリコプターで搬送された病院先で死亡が確認された。","6","農林業","602","林業","60209","その他の林業","1~9","7","環境等","71","環境等","711","地山、岩石","1","墜落、転落"
"892","2018","平成","30","1","10~11","当該事業場敷地内の農業ハウス内において、当該事業場で使用するストーブ用の薪を作るため、被災者一人で携帯用丸のこ盤で廃材を切断していたところ、当該丸のこ盤の歯が右大腿部に当たり、大動脈を切断し外傷性ショックにより死亡したもの。","6","農林業","601","農業","60101","農業","1~9","1","動力機械","13","木材加工用機械","131","丸のこ盤","8","切れ、こすれ"
"893","2018","平成","30","1","18~19","神社の雑踏警備業務終了後、帰社するため社用軽自動車に同僚4人が乗り合わせ、自動車道上り車線を走行中、追越車線を走行中の普通自動車(私用目的)がスリップして右後部に追突したため横転し被災した。災害時、雪による50キロ速度規制となっており追突された軽自動車は時速50キロで走行していた。後部座席の2名はシートベルト未着用であった。","17","その他の事業","1702","その他の事業","170201","警備業","100~299","2","物上げ装置、運搬機械","23","乗物","231","乗用車、バス、バイク","17","交通事故（道路）"
"894","2018","平成","30","1","18~19","真空成型機の運転中、上シリンダーとフレームチェーンカバーとの間に頭部が挟まれ死亡した。真空成型機には扉はあったが、製品等の状態を確認するために開放されている状況であった。","1","製造業","108","化学工業","10805","プラスチック製品製造業","1~9","1","動力機械","16","一般動力機械","169","その他の一般動力機械","7","はさまれ、巻き込まれ"
"895","2018","平成","30","1","14~15","被災者は他の作業員1名とともに資材倉庫内で資材の移動作業を行っていた。床に置かれていた木製パレット(約38キログラム)の位置をずらす必要が生じたため、被災者はパレットの端を持ち、引きずるよう後ろ側に移動していたところ、後方に停まっていたフォークリフトと接触し、持っていたパレットが両足大腿部に当たった。これにより、クラッシュシンドロームを発症し、多臓器不全により死亡した。","1","製造業","109","窯業土石製品製造業","10902","ガラス・同製品製造業","10~29","3","その他の装置等","37","用具","379","その他の用具","4","飛来、落下"
"896","2018","平成","30","1","14~15","S造2階建て建屋の建築工事における建屋鉄骨組立て作業を行っていた際、主だった鉄骨の組立てが完了し、外部足場を使用して各部分のボルト締め作業を行っていたところ、地上で雑作業を行っていた作業者が後方で大きな音がしたため振り返ったところ土間に横向きの状態で倒れている被災者を発見した。直ちに消防に通報し病院に搬送したが意識不明の状態が続き、死亡したもの。","3","建設業","302","建築工事業","30201","鉄骨・鉄筋コンクリート造家屋建築工事業","1~9","4","仮設物、建築物、構築物等","41","仮設物、建築物、構築物等","411","足場","1","墜落、転落"
"897","2018","平成","30","1","14~15","事務所から得意先へ向かって車で走行中、トンネル付近で対向車線にはみ出し、対向車線を走行していたトラックと衝突した。","3","建設業","302","建築工事業","30203","建築設備工事業","10~29","7","環境等","71","環境等","719","その他の環境等","17","交通事故（道路）"
"898","2018","平成","30","1","10~11","河川改修工事において、溝壁の土止め壁に用いていた鉄板(横152センチメートル、縦303センチメートル、厚さ2.4センチメートル、推定重量800~900キログラム)の位置を調整するため、ドラグショベル(クレーン機能付き)で吊り上げて移動させ、玉掛けをしたままで地面に立てていたところ、クランプ(一本吊り)から鉄板が外れたために鉄板が倒れ、近くにいた被災者が鉄板の下敷きになった。","3","建設業","301","土木工事業","30199","その他の土木工事業","1~9","3","その他の装置等","37","用具","372","玉掛用具","4","飛来、落下"
"899","2018","平成","30","1","8~9","護岸工事のため工事用道路を設置するにあたり、支障となる立木を伐木する作業を2名でしていた。災害時、高さ約20m、幹の直径約30センチメートルの木を地上高さ約84センチメートルの部分でチェーンソーを使用して伐木中、その木が途中から裂けて被災者の方に倒れてきて、隣接する立木との間に被災者が挟まれたもの。緊急搬送されたが搬送先の病院で死亡が確認されたもの。","3","建設業","301","土木工事業","30107","河川土木工事業","10~29","7","環境等","71","環境等","712","立木等","4","飛来、落下"
"900","2018","平成","30","1","16~17","建設工事現場から車で帰社途中、前方車からの落下物を避けるため車線変更をした際に車が横転、滑走した後、当該前方車に衝突した。","3","建設業","302","建築工事業","30203","建築設備工事業","1~9","2","物上げ装置、運搬機械","23","乗物","231","乗用車、バス、バイク","17","交通事故（道路）"
"901","2018","平成","30","1","16~17","被災者は運転手として、送迎業務を行っており、交差点で右折していたところ、直進してきた対向車(運転者は労働者ではない)と衝突したもの。","14","接客娯楽業","1403","その他の接客娯楽業","140309","その他の接客娯楽業－その他","1~9","2","物上げ装置、運搬機械","23","乗物","231","乗用車、バス、バイク","17","交通事故（道路）"
"902","2018","平成","30","1","12~13","トラックの傍の地面に倒れていた被災者を発見し、病院へ搬送後に治療が行われていたが、死亡したもの。被災者が倒れた状況を目撃した者はいない。発見時の状況は、被災者が使用するトラック(箱型車両)の荷台後部にはしごが掛けられており、荷台の屋根上(高さ2.75m)にはスコップが置かれ、雪が一部下ろされた状態であった。なお、トラックの荷台の屋根上には足跡は一つもなかった。保護帽の着用はなかった。","1","製造業","101","食料品製造業","10109","その他の食料品製造業","10~29","3","その他の装置等","37","用具","371","はしご等","1","墜落、転落"
"903","2018","平成","30","1","0~1","1次下請事業場の施工管理者として担当するビル立替工事の現場事務所において執務を行っていたが、事務所内で縊死しているところを発見されたもの。","3","建設業","302","建築工事業","30201","鉄骨・鉄筋コンクリート造家屋建築工事業","50~99","9","その他","92","起因物なし","921","起因物なし","90","その他"
"904","2018","平成","30","1","14~15","おがくずを集じん装置に送る送風機を動かしたところ異音がしたため、直径60センチメートルの送風管の清掃を行っていたところ、手を滑らせた等の理由により、頭を送風管の下向きの管に突っ込み、送風管に詰まっていたおがくずに埋もれてしまったもの。","1","製造業","104","木材・木製品製造業","10401","製材業","10~29","3","その他の装置等","39","その他の装置、設備","391","その他の装置、設備","90","その他"
"905","2018","平成","30","1","8~9","建物の1階床で倒れているのを後から出勤してきたものが発見したもの。司法解剖の結果、外傷性くも膜下出血、後頭骨骨折が死亡原因であった。目撃者はいない。建物の2階部分に事務所があり、扉の開錠が行われていたので、被災者は出勤後、2階に上がったあと階段を転落したものと推定される。","8","商業","802","小売業","80209","その他の小売業","1~9","4","仮設物、建築物、構築物等","41","仮設物、建築物、構築物等","413","階段、桟橋","1","墜落、転落"
"906","2018","平成","30","1","12~13","車両修理の予約に来た来客者が店舗駐車場から出る際に見送りをした労働者を轢いたもの。被災者は災害発生当日に病院に救急搬送されるも、死亡した。","8","商業","802","小売業","80202","自動車小売業","10~29","2","物上げ装置、運搬機械","23","乗物","231","乗用車、バス、バイク","17","交通事故（道路）"
"907","2018","平成","30","1","16~17","脚立を使用してカーテンの取付作業中、約2メートルの高さから墜落し、意識を失ったが、周りの声かけにより意識を取戻した。腰部に痛みを訴えたため病院に搬送され入院していたが、病院内で死亡したもの。","15","清掃・と畜業","1501","清掃・と畜業","150101","ビルメンテナンス業","300~499","3","その他の装置等","37","用具","371","はしご等","1","墜落、転落"
"908","2018","平成","30","1","10~11","旅館の敷地横にある川において、被災者の死体を同僚が発見した。","14","接客娯楽業","1401","旅館業","140101","旅館業","100~299","7","環境等","71","環境等","713","水","10","おぼれ"
"909","2018","平成","30","1","14~15","被災者は同僚と2名で2階建厩舎の2階から牧草ロールを屋外の地上に落とす作業を行っていた。災害発生時、両名は牧草ロールを押して転がし2階床面端部まで運搬したが、端部の扉の金具に引っかかり落ちなかった。そこで、被災者がロールの進行方向左側側面にとりつき、ロール後方から押している同僚と共にロールを細かく動かし地上に落としたところ、作業床端部に寄りすぎていた被災者がバランスを崩し2.95m下に転落した。","7","畜産・水産業","701","畜産業","70101","畜産業","30~49","4","仮設物、建築物、構築物等","41","仮設物、建築物、構築物等","416","作業床、歩み板","1","墜落、転落"
